id,smiles,label,category,subcategory,parent_smiles,edited_atoms,scaffold,split,mw,logp,qed,heavy_atoms,smiles_length
subcategory_halogen-walk.remove-F_1208,COc1cc(C(=O)N2CO[C@](CCN3CCC4(CC3)NC(=O)Cc3ccccc34)(c3ccc(Cl)cc3)C2)cc(OC)c1OC,0,authentic,authentic,,,O=C1Cc2ccccc2C2(CCN(CC[C@@]3(c4ccccc4)CN(C(=O)c4ccccc4)CO3)CC2)N1,val,620.1460000000001,4.744900000000003,0.38946045616507163,44,78
subcategory_halogen-walk.remove-F_2125,Cc1cccc(OC(CC2CNC2)c2ccccc2)c1,1,halogen-walk,remove-F,Cc1cccc(OC(CC2CNC2)c2ccc(F)c(F)c2)c1,0 1 2 3 4 5 6 8 9 10 11 12 13 14 15 16 17 18 19,c1ccc(OC(CC2CNC2)c2ccccc2)cc1,train,267.372,3.7246200000000025,0.8910595299352657,20,30
subcategory_halogen-walk.remove-F_1088,CCCCc1cc(NCc2ccco2)c(C(=O)O)cc1S(N)(=O)=O,0,authentic,authentic,,,c1ccc(NCc2ccco2)cc1,train,352.4120000000001,2.5799000000000003,0.6708620620759556,24,41
subcategory_halogen-walk.remove-F_1852,CCCOC(=O)C(C)Cc1c(-c2ccccc2)c2ccccc2n1C(C)C,1,halogen-walk,remove-F,CCCOC(=O)C(C)Cc1c(-c2ccc(F)cc2)c2ccccc2n1C(C)C,10 11 12 13 14 15 16,c1ccc(-c2c[nH]c3ccccc23)cc1,train,363.5010000000001,6.021000000000005,0.48056270824156744,27,43
subcategory_halogen-walk.remove-F_2512,CC(COC(=O)c1cc(S(N)(=O)=O)c(Cl)cc1NCc1ccco1)NC(C)C(=O)c1ccccc1,1,halogen-walk,remove-F,CC(COC(=O)c1cc(S(N)(=O)=O)c(Cl)cc1NCc1ccco1)NC(C)C(=O)c1cc(F)cc(F)c1,27 29 30 31 32 33 34,O=C(CNCCOC(=O)c1ccccc1NCc1ccco1)c1ccccc1,train,520.0070000000002,3.5988000000000033,0.25760173668302616,35,62
subcategory_halogen-walk.remove-F_1776,Cc1cccc(C2OC3(CCN(C)CC3)c3ccccc32)c1,1,halogen-walk,remove-F,CN1CCC2(CC1)OC(c1ccc(F)cc1)c1ccccc12,0 1 2 3 4 5 7 8 9 10 11 12 13 14 15 16 17 18 19 20,c1ccc(C2OC3(CCNCC3)c3ccccc32)cc1,train,293.40999999999997,4.0355200000000035,0.7866904619359895,22,36
subcategory_halogen-walk.remove-F_591,OC1CCC(c2ccc(OCCCN3CCCCC3)cc2)CC1,0,authentic,authentic,,,c1cc(C2CCCCC2)ccc1OCCCN1CCCCC1,train,317.473,3.959900000000003,0.8061809793523776,23,33
subcategory_halogen-walk.remove-F_2411,NCCCC[C@H]1CNC(=O)C(=O)N1CCc1ccccc1,1,halogen-walk,remove-F,NCCCC[C@H]1CNC(=O)C(=O)N1CCc1cccc(F)c1,14 15 16 17 18 19 20,O=C1NCCN(CCc2ccccc2)C1=O,test,289.37899999999996,0.6850999999999998,0.5725057662259628,21,35
subcategory_halogen-walk.remove-F_1401,COc1cc2c(c(OC)c1OC)-c1ccc(OC)c(=O)cc1[C@@H](NC(=O)CO)CC2,0,authentic,authentic,,,O=c1cccc2c(c1)CCCc1ccccc1-2,train,415.44200000000023,1.8439999999999999,0.742057306019661,30,56
subcategory_halogen-walk.remove-F_2874,O=C(NCCN1CCC(C(=O)NCCc2ccccc2)CC1)c1cc2ccccc2[nH]1,1,halogen-walk,remove-F,O=C(NCCN1CCC2(CC1)C(=O)NC[C@@H]2c1ccc(F)cc1)c1cc2ccccc2[nH]1,12 13 14 15 16 17 18 19,O=C(NCCN1CCC2(CC1)C(=O)NC[C@@H]2c1ccccc1)c1cc2ccccc2[nH]1,train,418.54100000000017,2.9686000000000012,0.5263763085185708,31,50
subcategory_halogen-walk.remove-F_1530,CC1CCN([C@H](C)[C@](O)(Cn2cncn2)c2ccccc2)CC1,1,halogen-walk,remove-F,CC1CCN([C@H](C)[C@](O)(Cn2cncn2)c2ccc(F)cc2F)CC1,0 1 2 3 4 5 6 8 9 10 11 12 13 14 15 16 17 18 19 20 21 22,c1ccc(C(CN2CCCCC2)Cn2cncn2)cc1,train,314.4330000000001,2.2863000000000007,0.9198071594194974,23,44
subcategory_halogen-walk.remove-F_829,Cc1nc(-c2ccc(-c3cccc(OC(F)(F)F)c3)c(C#N)c2)sc1C(=O)O,0,authentic,authentic,,,c1ccc(-c2ccc(-c3nccs3)cc2)cc1,train,404.3690000000001,5.254000000000003,0.6418110271091557,28,52
subcategory_halogen-walk.remove-F_930,CC(C)SC[C@H](O)[C@H](CC12CC3CC(CC(C3)C1)C2)NC(=O)[C@H](C)NC(=O)[C@H](Cc1ccccc1)NC(=O)OC(C)(C)C,0,authentic,authentic,,,O=C(CCc1ccccc1)NCC(=O)NCCC12CC3CC(CC(C3)C1)C2,val,615.8810000000001,5.220900000000004,0.2418505274207883,43,94
subcategory_halogen-walk.remove-F_2487,Cc1ccccc1OCC(O)CNC(=O)c1ccccc1,1,halogen-walk,remove-F,Cc1ccccc1OCC(O)CNC(=O)c1ccc(F)cc1,0 1 2 3 4 5 6 7 8 9 10 11 12 14 15 16 17 18 19,O=C(NCCCOc1ccccc1)c1ccccc1,test,285.343,2.16472,0.8548594562025775,21,30
subcategory_halogen-walk.remove-F_364,COc1cc2c(cc1OC)C(=O)C(F)(C1CC[N+](C)(Cc3ccccc3)CC1)C2,0,authentic,authentic,,,O=C1c2ccccc2CC1C1CC[NH+](Cc2ccccc2)CC1,train,398.49800000000016,4.2077000000000035,0.7081546924447051,29,53
subcategory_halogen-walk.remove-F_1393,CC(=O)OCC(CO)OCn1cnc2c(=O)[nH]c(N)nc21,0,authentic,authentic,,,O=c1[nH]cnc2[nH]cnc12,train,297.271,-1.4000999999999992,0.5517542125026893,21,38
subcategory_halogen-walk.remove-F_1332,CCCN1CCN(C2=Nc3ccc(CC)cc3CC=C2c2ccccc2)CC1.O=C(O)/C=C/C(=O)O,0,authentic,authentic,,,C1=C(c2ccccc2)C(N2CCNCC2)=Nc2ccccc2C1,train,489.61600000000027,4.658100000000003,0.5736146689446487,36,60
subcategory_halogen-walk.remove-F_1739,Cc1ccccc1CCCNCCCOc1ccc2c(c1)OCO2,1,halogen-walk,remove-F,CC(CCNCCCOc1ccc2c(c1)OCO2)c1ccc(F)cc1,0 1 2 3 4 5 6 7 8,c1ccc(CCCNCCCOc2ccc3c(c2)OCO3)cc1,val,327.4240000000001,3.7150200000000027,0.7127504957681321,24,32
subcategory_halogen-walk.remove-F_1377,Cn1cc(NC(=O)c2cc(NC(=O)c3cc(NC(=O)c4sccc4Cl)cn3C)cn2C)cc1C(=O)NCCN1CCCC1,0,authentic,authentic,,,O=C(NCCN1CCCC1)c1cc(NC(=O)c2cc(NC(=O)c3cc(NC(=O)c4cccs4)c[nH]3)c[nH]2)c[nH]1,train,625.1549999999997,3.999500000000002,0.21162581362367458,43,72
subcategory_halogen-walk.remove-F_12,COc1cc2c(c(OC)c1OC)-c1ccc(=O)c(F)cc1[C@@H](NC(C)=O)CC2,0,authentic,authentic,,,O=c1ccc2c(cc1)-c1ccccc1CCC2,train,387.40700000000015,3.0021000000000013,0.8731138233088727,28,54
subcategory_halogen-walk.remove-F_1163,CCOc1ccccc1-c1nc2c(-c3ccccc3)nn(CC(N)=O)c2c(=O)[nH]1,0,authentic,authentic,,,O=c1[nH]c(-c2ccccc2)nc2c(-c3ccccc3)n[nH]c12,val,389.41500000000013,2.3376,0.5250244091786855,29,52
subcategory_halogen-walk.remove-F_729,COc1ccc2nc(S(=O)(=O)Cc3[nH]cc(C)c(=O)c3C)[nH]c2c1,0,authentic,authentic,,,O=c1cc[nH]c(CS(=O)(=O)c2nc3ccccc3[nH]2)c1,val,347.3960000000001,1.8505399999999999,0.749236616077403,24,49
subcategory_halogen-walk.remove-F_361,C[N+]1(C)[C@@H]2CC(OC(=O)C(O)(c3cccs3)c3cccs3)C[C@H]1[C@H]1O[C@H]12.O.[Br-],0,authentic,authentic,,,O=C(OC1C[C@@H]2[NH2+][C@H](C1)[C@@H]1O[C@@H]12)C(c1cccs1)c1cccs1,train,490.44100000000014,-1.474999999999998,0.3219676571210469,28,75
subcategory_halogen-walk.remove-F_646,CC(C)Cc1c(O)n(-c2ccccc2)c2nc3c(c(=O)n(C)c(=O)n3C)n2c1=O,0,authentic,authentic,,,O=c1[nH]c(=O)c2c(nc3n(-c4ccccc4)ccc(=O)n23)[nH]1,train,395.41900000000015,0.9398999999999997,0.5560619555009955,29,55
subcategory_halogen-walk.remove-F_622,CC(=O)Nc1ccc(C(=O)OCC(O)CNC(C)C)cc1,0,authentic,authentic,,,c1ccccc1,train,294.351,1.1606999999999996,0.6568687920881573,21,35
subcategory_halogen-walk.remove-F_806,COc1ccc2c(c1)c(CC(=O)Oc1cccnc1)c(C)n2C(=O)c1ccc(Cl)cc1,0,authentic,authentic,,,O=C(Cc1cn(C(=O)c2ccccc2)c2ccccc12)Oc1cccnc1,val,434.87900000000013,4.843320000000004,0.4200582215258359,31,54
subcategory_halogen-walk.remove-F_1535,CC(C)n1c(/C=C/C(O)CCCC(=O)O)c(-c2ccccc2)c2ccccc21,1,halogen-walk,remove-F,CC(C)n1c(/C=C/C(O)CCCC(=O)O)c(-c2ccc(F)cc2)c2ccccc21,0 1 2 3 4 5 6 7 8 9 10 11 12 13 14 16 17 18 19 20 21 22 23 24 25 26 27,c1ccc(-c2c[nH]c3ccccc23)cc1,train,377.484,5.518200000000005,0.543329849563558,28,49
subcategory_halogen-walk.remove-F_1082,CC(C)n1c(/C=C/C(O)CC(=O)CC(=O)OC(C)(C)C)c(-c2ccc(F)cc2)c2ccccc21,0,authentic,authentic,,,c1ccc(-c2c[nH]c3ccccc23)cc1,train,465.5650000000001,6.093400000000006,0.32269719977927636,34,64
subcategory_halogen-walk.remove-F_2076,COc1ccc(C2C(CCC(O)c3ccc(Br)cc3)C(=O)N2c2ccccc2)cc1,1,halogen-walk,remove-F,COc1ccc(C2C(CCC(O)c3ccc(Br)cc3)C(=O)N2c2ccc(F)cc2)cc1,21 22 23 24 25 26 27,O=C1C(CCCc2ccccc2)C(c2ccccc2)N1c1ccccc1,train,466.3750000000001,5.675600000000006,0.4564441116964279,30,50
subcategory_halogen-walk.remove-F_1312,CN(C)CCC[C@@]1(c2ccc(F)cc2)OCc2cc(C#N)ccc21.C[C@H](N)Cc1ccccc1,0,authentic,authentic,,,c1ccc(C2OCc3ccccc32)cc1.c1ccccc1,test,459.6090000000002,5.389280000000006,0.5146150980857211,34,62
subcategory_halogen-walk.remove-F_587,COc1cccc(CN2CC[C@@](C)(O)[C@@H](Cc3ccccc3)C2)c1F,0,authentic,authentic,,,c1ccc(C[C@@H]2CCCN(Cc3ccccc3)C2)cc1,train,343.442,3.6499000000000024,0.8994289171603247,25,48
subcategory_halogen-walk.remove-F_2157,CN1CCN(CC(O)(Cn2cncn2)c2ccccc2)CC1,1,halogen-walk,remove-F,CN1CCN(CC(O)(Cn2cncn2)c2ccc(F)cc2F)CC1,0 1 2 3 4 5 7 8 9 10 11 12 13 14 15 16 17 18 19 20 21,c1ccc(C(CN2CCNCC2)Cn2cncn2)cc1,train,301.3940000000001,0.4133,0.8669156936678658,22,34
subcategory_halogen-walk.remove-F_500,C=CCNCC(O)COc1ccc2c(=O)c(-c3ccccc3)c(-c3ccccc3)oc2c1,0,authentic,authentic,,,O=c1c(-c2ccccc2)c(-c2ccccc2)oc2ccccc12,test,427.5000000000001,4.642300000000003,0.3007241516169664,32,52
subcategory_halogen-walk.remove-F_2622,O=C(O)CCC1C(=O)N(c2ccccc2)[C@@H]1c1ccc(OCc2ccccc2)cc1,1,halogen-walk,remove-F,O=C(O)CCC1C(=O)N(c2ccc(F)cc2)[C@@H]1c1ccc(OCc2ccccc2)cc1,0 1 2 3 4 5 6 7 9 10 11 12 13 14 15 16 17 18 19 20 21 22 23 24 25 26 27 28 29,O=C1C[C@@H](c2ccc(OCc3ccccc3)cc2)N1c1ccccc1,train,401.46200000000016,4.834500000000004,0.5489434400025934,30,53
subcategory_halogen-walk.remove-F_295,O=C(CCc1c(F)cccc1F)c1cc([C@@H]2CCNC[C@H]2COc2ccc3c(c2)OCO3)ccc1F,0,authentic,authentic,,,O=C(CCc1ccccc1)c1cccc([C@@H]2CCNC[C@H]2COc2ccc3c(c2)OCO3)c1,val,497.51300000000026,5.420200000000005,0.42145654869803306,36,64
subcategory_halogen-walk.remove-F_1298,CN(CCc1ccccc1)Cc1cccc(CC(C)(C)NC[C@H](O)c2ccc(O)c(CO)c2)c1,0,authentic,authentic,,,c1ccc(CCNCCc2cccc(CNCCc3ccccc3)c2)cc1,train,462.6340000000001,4.203300000000004,0.32455853532939477,34,58
subcategory_halogen-walk.remove-F_1678,Cc1cccc(C2OC3(CCC(N(C)C)CC3)c3ccccc32)c1,1,halogen-walk,remove-F,CN(C)C1CCC2(CC1)OC(c1ccc(F)cc1)c1ccccc12,0 1 2 3 4 5 7 8 9 10 11 12 13 14 15 16 17 18 19 20 21 22,c1ccc(C2OC3(CCCCC3)c3ccccc32)cc1,val,321.464,4.814120000000004,0.7865080732148136,24,40
subcategory_halogen-walk.remove-F_1808,Cc1ccccc1C(O)(Cn1cncn1)C(C)(O)c1ccc(F)cc1,1,halogen-walk,remove-F,CC(O)(c1ccc(F)cc1)C(O)(Cn1cncn1)c1ccc(F)cc1,0 1 2 3 4 5 6 8 9 10 11 12 13 14 15 16 17 18 19 20 21 22 23 24,c1ccc(CC(Cn2cncn2)c2ccccc2)cc1,train,341.386,2.5211200000000007,0.7480196253553479,25,41
subcategory_halogen-walk.remove-F_1831,Cc1ccccc1-c1c(/C=C/[C@@H](O)CC(=O)O)n(C(C)C)c2ccccc12,1,halogen-walk,remove-F,CC(C)n1c(/C=C/[C@@H](O)CC(=O)O)c(-c2ccc(F)cc2)c2ccccc21,0 1 2 3 4 5 6 8 9 10 11 12 13 14 15 16 17 18 19 20 21 22 23 24 25,c1ccc(-c2c[nH]c3ccccc23)cc1,train,363.4570000000001,5.046420000000004,0.6443262477142305,27,53
subcategory_halogen-walk.remove-F_1507,Cc1ccccc1C(O)(CN(C)C1CC1)Cn1cncn1,1,halogen-walk,remove-F,CN(CC(O)(Cn1cncn1)c1ccc(F)cc1F)C1CC1,0 1 2 3 4 5 6 8 9 10 11 12 13 14 15 16 17 18 19 20,c1ccc(C(CNC2CC2)Cn2cncn2)cc1,train,286.37899999999996,1.56852,0.8755459646528432,21,33
subcategory_halogen-walk.remove-F_234,CCCN(C1COc2cccc(OC)c2C1)N1C(=O)C2CCCC2C1=O,0,authentic,authentic,,,O=C1C2CCCC2C(=O)N1NC1COc2ccccc2C1,val,358.43800000000016,2.4108,0.7567618621676558,26,42
subcategory_halogen-walk.remove-F_1187,CC(C)Oc1ccccc1N1CCN(C/C=C/C(=O)CN2CCCCC2=O)CC1,0,authentic,authentic,,,O=C(/C=C/CN1CCN(c2ccccc2)CC1)CN1CCCCC1=O,val,399.5350000000003,2.733600000000001,0.6294010019169679,29,46
subcategory_halogen-walk.remove-F_1820,CCCC(=O)OC(/C=C/c1c(-c2ccccc2)c2ccccc2n1C(C)C)CC(=O)OCC,1,halogen-walk,remove-F,CCCC(=O)OC(/C=C/c1c(-c2ccc(F)cc2)c2ccccc2n1C(C)C)CC(=O)OCC,10 11 12 13 14 15 16,c1ccc(-c2c[nH]c3ccccc23)cc1,train,447.5750000000003,6.567500000000007,0.32997705753428186,33,55
subcategory_halogen-walk.remove-F_1547,CCOc1ccccc1C(=O)NCc1cccc(C)c1,1,halogen-walk,remove-F,CCOc1ccccc1C(=O)NCc1ccc(F)cc1,0 1 2 3 4 5 6 7 8 9 10 11 13 14 15 16 17 18,O=C(NCc1ccccc1)c1ccccc1,train,269.34399999999994,3.3237200000000016,0.9038722502931471,20,29
subcategory_halogen-walk.remove-F_957,CCOC(=O)Cc1nc(-c2ccccc2)oc1C1CCCO1,0,authentic,authentic,,,c1ccc(-c2ncc(C3CCCO3)o2)cc1,val,301.34200000000016,3.298700000000002,0.7929335201965627,22,34
subcategory_halogen-walk.remove-F_1958,CCCc1cc(C)cc(COCC2(CCN)OCc3cc(C#N)ccc32)c1,1,halogen-walk,remove-F,Cc1cc(COCC2(CCN)OCc3cc(C#N)ccc32)cc(C(F)(F)F)c1,0 1 2 3,c1ccc(COCC2OCc3ccccc32)cc1,train,364.489,4.110300000000003,0.7652356249711846,27,42
subcategory_halogen-walk.remove-F_1957,Cc1nc(-c2ccc(-c3cccc(OCC(C)C)c3)c(C#N)c2)sc1C(=O)O,1,halogen-walk,remove-F,Cc1nc(-c2ccc(-c3cccc(OC(F)(F)F)c3)c(C#N)c2)sc1C(=O)O,0 1 2 3 4 5 6 7 8 9 10 11 12 14 15 16 17 18 19 20 21 22 23 24 25 26 27,c1ccc(-c2ccc(-c3nccs3)cc2)cc1,train,392.4800000000001,5.3902000000000045,0.6079166562921879,28,50
subcategory_halogen-walk.remove-F_2715,COc1cc2c(c(OC)c1OC)-c1ccc(NCCc3ccccc3)c(=O)cc1[C@@H](NC(C)=O)CC2,1,halogen-walk,remove-F,COc1cc2c(c(OC)c1OC)-c1ccc(NCCc3ccc(F)cc3)c(=O)cc1[C@@H](NC(C)=O)CC2,0 1 2 3 4 5 6 7 8 9 10 11 12 13 14 15 16 17 19 20 21 22 23 24 25 26 27 28 29 30 31 32 33 34 35,O=c1cc2c(ccc1NCCc1ccccc1)-c1ccccc1CCC2,train,488.5840000000003,4.517600000000003,0.48508399669896185,36,64
subcategory_halogen-walk.remove-F_1109,COc1ccc(-c2ccc3c(c2)CC[C@H](CN(C)C)[C@@]3(O)c2cccc(O)c2)cc1,0,authentic,authentic,,,c1ccc(-c2ccc3c(c2)CCCC3c2ccccc2)cc1,train,403.52200000000005,4.427700000000005,0.6618573962098898,30,59
subcategory_halogen-walk.remove-F_1967,Cc1cccc([C@](O)(Cn2cncn2)[C@@H](C)n2ccnn2)c1,1,halogen-walk,remove-F,C[C@@H](n1ccnn1)[C@@](O)(Cn1cncn1)c1ccc(F)cc1,0 1 2 3 4 5 7 8 9 10 11 12 13 14 15 16 17 18 19 20,c1ccc(C(Cn2cncn2)Cn2ccnn2)cc1,train,298.35,1.3270199999999999,0.7681423427196364,22,44
subcategory_halogen-walk.remove-F_1551,CC(=O)c1ccccc1OCC(O)CN1CCCC(COc2ccccc2)C1,1,halogen-walk,remove-F,CC(=O)c1ccccc1OCC(O)CN1CCCC(COc2ccc(F)cc2)C1,0 1 2 3 4 5 6 7 8 9 10 11 12 13 14 15 16 17 18 19 21 22 23 24 25 26 27,c1ccc(OCCCN2CCCC(COc3ccccc3)C2)cc1,train,383.48800000000006,3.419900000000002,0.6726028846092421,28,41
subcategory_halogen-walk.remove-F_2061,CCCCCCCCN1CC[C@@H](c2ccccc2)[C@H](COc2ccc3c(c2)OCO3)C1,1,halogen-walk,remove-F,CCCCCCCCN1CC[C@@H](c2ccc(F)cc2)[C@H](COc2ccc3c(c2)OCO3)C1,11 12 13 14 15 16 17,c1ccc([C@@H]2CCNC[C@H]2COc2ccc3c(c2)OCO3)cc1,train,423.5970000000003,6.260300000000006,0.3991777744144618,31,54
subcategory_halogen-walk.remove-F_239,CCOc1ccc(-n2c(C)c3c(C)nnc(CC(C)C)c3c2C)cc1,0,authentic,authentic,,,c1ccc(-n2cc3cnncc3c2)cc1,train,337.46700000000004,4.942960000000005,0.661625705398651,25,42
subcategory_halogen-walk.remove-F_1789,CC(C)Cc1cccc(Oc2ccc(F)cc2)c1C(=O)NC1CCNC(=O)C1,1,halogen-walk,remove-F,O=C1CC(NC(=O)c2c(Oc3ccc(F)cc3)cccc2C(F)(F)F)CCN1,0 1 2 3 5 6 7 8 9 10 11 12 13 14 15 16 17 18 19 20 21 22 23 24 25 26 27,O=C1CC(NC(=O)c2ccccc2Oc2ccccc2)CCN1,train,384.45100000000014,3.824900000000002,0.795530983988818,28,46
subcategory_halogen-walk.remove-F_1081,COc1c2c(cc3c1-c1ccc(OC)c(=O)cc1C(NC(C)=O)CC3)OCO2,0,authentic,authentic,,,O=c1cccc2c(c1)CCCc1cc3c(cc1-2)OCO3,train,383.4000000000002,2.583100000000001,0.8772573143708382,28,49
subcategory_halogen-walk.remove-F_1973,C=Cc1cccc(CCCC2(C(=O)OCC)CO2)c1,1,halogen-walk,remove-F,CCOC(=O)C1(CCCc2cccc(C(F)(F)F)c2)CO1,0 1 2,c1ccc(CCCC2CO2)cc1,train,260.3329999999999,2.984400000000001,0.5585802749543023,19,31
subcategory_halogen-walk.remove-F_638,CCCCCCCCCCC(CCCCC)c1ccc2c(c1)C(C#CC1CC1)(C(F)(F)F)OC(=O)N2,0,authentic,authentic,,,O=C1Nc2ccccc2C(C#CC2CC2)O1,train,505.6650000000002,9.6144,0.20185048954048349,36,58
subcategory_halogen-walk.remove-F_1517,Cc1cccc([C@@]2(CCCN(C)C)O[C@@H](O)c3cc(C#N)ccc32)c1,1,halogen-walk,remove-F,CN(C)CCC[C@]1(c2ccc(F)cc2)O[C@@H](O)c2cc(C#N)ccc21,0 1 2 3 4 5 7 8 9 10 11 12 13 14 15 16 17 18 19 20 21 22 23,c1ccc(C2OCc3ccccc32)cc1,train,336.43500000000006,3.473200000000003,0.9081628258818171,25,51
subcategory_halogen-walk.remove-F_2581,CN(C)S(=O)(=O)c1ccc(N(C(=O)c2cnccn2)[C@H](C(=O)NCc2ccccc2)c2ccccc2)cc1,1,halogen-walk,remove-F,CN(C)S(=O)(=O)c1ccc(N(C(=O)c2cnccn2)[C@H](C(=O)NCc2ccccc2)c2ccc(F)cc2)cc1,0 1 2 3 4 5 6 7 8 9 10 11 12 13 14 15 16 17 18 20 21 22 23 24 25 26 27 28 29 30 31 32 33 34 35 36 37,O=C(NCc1ccccc1)[C@H](c1ccccc1)N(C(=O)c1cnccn1)c1ccccc1,train,529.6220000000002,3.431400000000002,0.35554963749008334,38,70
subcategory_halogen-walk.remove-F_1458,Cc1cccc([C@H]2CCNC[C@@H]2COC2Oc3ccccc3O2)c1,1,halogen-walk,remove-F,Fc1ccc([C@H]2CCNC[C@@H]2COC2Oc3ccccc3O2)cc1,0 1 2 3 4 5 7 8 9 10 11 12 13 14 15 16 17 18 19 20 21 22,c1ccc([C@H]2CCNC[C@@H]2COC2Oc3ccccc3O2)cc1,test,325.408,3.4597200000000026,0.9343699341788195,24,43
subcategory_halogen-walk.remove-F_1566,C=Cc1ccc2c(O[C@H]3CC(C(=O)[C@@H](NC(=O)[C@@H](NC(C)=O)C4CCCCC4)C(C)C)[C@H](C(=O)CC4(C(=O)O)CC4)C3)ccnc2c1,1,halogen-walk,remove-F,CC(=O)N[C@H](C(=O)N[C@H](C(=O)C1C[C@H](Oc2ccnc3cc(C(F)(F)F)ccc23)C[C@H]1C(=O)CC1(C(=O)O)CC1)C(C)C)C1CCCCC1,0 1 2,O=C(CC1CCCCC1)NCC(=O)C1C[C@H](Oc2ccnc3ccccc23)C[C@H]1C(=O)CC1CC1,test,645.7970000000003,5.270300000000003,0.2513977963866715,47,105
subcategory_halogen-walk.remove-F_696,CCC(C(N)=O)N1CC(C(F)(F)F)CC1=O,0,authentic,authentic,,,O=C1CCCN1,train,238.20899999999995,0.6610999999999997,0.784640367669508,16,30
subcategory_halogen-walk.remove-F_1488,CCCc1ccc(C(=O)Nc2cc[nH]c(=O)c2)c(Oc2ccccc2)c1,1,halogen-walk,remove-F,O=C(Nc1cc[nH]c(=O)c1)c1ccc(C(F)(F)F)cc1Oc1ccccc1,0 1 2 4 5 6 7 8 9 10 11 12 13 14 15 16 17 18 19 20 21 22 23 24,O=C(Nc1cc[nH]c(=O)c1)c1ccccc1Oc1ccccc1,train,348.40200000000004,4.3720000000000026,0.6946289423299159,26,45
subcategory_halogen-walk.remove-F_1743,CCC1(OCC=C(C)C)OC(=O)Nc2ccc(Cl)cc21,1,halogen-walk,remove-F,CC(C)=CCOC1(C(F)(F)F)OC(=O)Nc2ccc(Cl)cc21,0 1 2,O=C1Nc2ccccc2CO1,train,295.766,4.447700000000004,0.8349591358736881,20,35
subcategory_halogen-walk.remove-F_880,Cc1[nH]c(/C=C2\C(=O)Nc3ccc(F)cc32)c(C)c1C(=O)NCCN1CCCC1,0,authentic,authentic,,,O=C1Nc2ccccc2/C1=C/c1cc(C(=O)NCCN2CCCC2)c[nH]1,train,396.46600000000024,3.088940000000002,0.6799925545825998,29,55
subcategory_halogen-walk.remove-F_2048,CCCCCN1C2CCC1C(COc1ccc3c(c1)OCO3)C(c1ccccc1)C2,1,halogen-walk,remove-F,CCCCCN1C2CCC1C(COc1ccc3c(c1)OCO3)C(c1ccc(F)cc1)C2,22 23 24 25 26 27 28,c1ccc(C2CC3CCC(N3)C2COc2ccc3c(c2)OCO3)cc1,val,407.5540000000002,5.621000000000006,0.5314743204464955,30,46
subcategory_halogen-walk.remove-F_377,Cc1cnc(C(=O)NCCc2ccc(S(=O)(=O)NC(=O)NC3CCCCC3)cc2)cn1.Cl,0,authentic,authentic,,,O=C(NC1CCCCC1)NS(=O)(=O)c1ccc(CCNC(=O)c2cnccn2)cc1,train,482.00600000000026,2.49992,0.5565941658779019,32,56
subcategory_halogen-walk.remove-F_1959,O=C(Cc1ccc(F)cc1)N[C@H]1C(=O)N(c2ccccc2)[C@@H]1c1ccc(O)cc1,1,halogen-walk,remove-F,O=C(Cc1ccc(F)cc1)N[C@H]1C(=O)N(c2ccc(F)cc2)[C@@H]1c1ccc(O)cc1,14 15 16 17 18 19 20,O=C(Cc1ccccc1)N[C@H]1C(=O)N(c2ccccc2)[C@@H]1c1ccccc1,train,390.4140000000001,3.346700000000002,0.656739103583331,29,58
subcategory_halogen-walk.remove-F_776,CC1CC2C3CCC4=CC(=O)CCC4(C)C3CCC2(C)C1(O)C(=O)CO,0,authentic,authentic,,,O=C1C=C2CCC3C4CCCC4CCC3C2CC1,test,360.4940000000001,3.056800000000002,0.7935983404605836,26,47
subcategory_halogen-walk.remove-F_146,O=C1[C@H](c2ccc(F)cc2)[C@@H](c2ccc(O)cc2)N1CCc1ccccc1,0,authentic,authentic,,,O=C1[C@H](c2ccccc2)[C@@H](c2ccccc2)N1CCc1ccccc1,train,361.41600000000017,4.441100000000003,0.6826615698761173,27,53
subcategory_halogen-walk.remove-F_1261,CC(C)c1nn(C)c2c(=O)[nH]c(Cc3ccccc3OCCN3CCOCC3)nc12,0,authentic,authentic,,,O=c1[nH]c(Cc2ccccc2OCCN2CCOCC2)nc2cn[nH]c12,train,411.5060000000003,2.0818,0.6407884805511148,30,50
subcategory_halogen-walk.remove-F_284,Cc1ccc(C2CN2n2cnnc2)cc1,0,authentic,authentic,,,c1ccc(C2CN2n2cnnc2)cc1,train,200.24500000000006,1.27942,0.6846615850076979,15,23
subcategory_halogen-walk.remove-F_1730,CCCCCc1c(C(C)C)nc(C(C)C)c(CO)c1-c1cccc(C)c1,1,halogen-walk,remove-F,CCCCCc1c(C(C)C)nc(C(C)C)c(CO)c1-c1ccc(F)c(CO)c1,18 19 20 21 22 23 24 25,c1ccc(-c2ccncc2)cc1,train,353.55000000000007,6.528820000000008,0.547316638289975,26,43
subcategory_halogen-walk.remove-F_2322,COc1ccc(/C=C2\CCC(CN(C)C)C2(O)Cc2ccccc2)cc1,1,halogen-walk,remove-F,COc1ccc(/C=C2\CCC(CN(C)C)C2(O)Cc2cccc(F)c2)cc1,0 1 2 3 4 5 6 7 8 9 10 11 12 13 14 15 16 18 19 20 21 22 23 24 25,C(=C1/CCCC1Cc1ccccc1)/c1ccccc1,train,351.49,4.024000000000004,0.8529936671346474,26,43
subcategory_halogen-walk.remove-F_1403,CCn1c(CO)nc(C(=O)OCc2ccc(-c3ccccc3-c3nn[nH]n3)cc2)c1C(C)(C)O,0,authentic,authentic,,,O=C(OCc1ccc(-c2ccccc2-c2nn[nH]n2)cc1)c1c[nH]cn1,train,462.51000000000016,2.8268000000000018,0.33979692740825884,34,60
subcategory_halogen-walk.remove-F_1587,CCC(N(C)C)[C@@]1(c2cccc(C)c2)OCc2cc(C#N)ccc21,1,halogen-walk,remove-F,CCC(N(C)C)[C@@]1(c2ccc(F)cc2)OCc2cc(C#N)ccc21,0 1 2 3 4 5 7 8 9 10 11 12 13 14 15 16 17 18 19 20 21 22 23,c1ccc(C2OCc3ccccc32)cc1,train,320.43600000000004,3.9807000000000032,0.8546885213616389,24,45
subcategory_halogen-walk.remove-F_469,CCNCCNc1ccnc2cc(Cl)ccc12,0,authentic,authentic,,,c1ccc2ncccc2c1,train,249.74499999999998,2.909600000000001,0.8004649207015895,17,24
subcategory_halogen-walk.remove-F_2350,COc1ccc([C@@H]2[C@@H](C/C=C(\CO)c3ccc(F)cc3)C(=O)N2c2ccccc2)cc1,1,halogen-walk,remove-F,COc1ccc([C@@H]2[C@@H](C/C=C(\CO)c3ccc(F)cc3)C(=O)N2c2ccc(F)cc2)cc1,22 23 24 25 26 27 28,O=C1[C@H](CC=Cc2ccccc2)[C@@H](c2ccccc2)N1c1ccccc1,train,417.4800000000001,5.004400000000004,0.5503448246516932,31,63
subcategory_halogen-walk.remove-F_2756,CCCc1nn(-c2ccc(OC)cc2)c2c1CCN(CCCC(=O)N1CCCC1)C2=O,1,halogen-walk,remove-F,COc1ccc(-n2nc(C(F)(F)F)c3c2C(=O)N(CCCC(=O)N2CCCC2)CC3)cc1,0 1 2 4 5 6 7 8 9 10 11 12 13 14 15 16 17 18 19 20 21 22 23 24 25 26 27 28 29 30,O=C(CCCN1CCc2cnn(-c3ccccc3)c2C1=O)N1CCCC1,val,424.54500000000036,3.234300000000002,0.6525159849002321,31,50
subcategory_halogen-walk.remove-F_454,Cc1ccc(NC(=O)c2cnccn2)cc1S(N)(=O)=O,0,authentic,authentic,,,O=C(Nc1ccccc1)c1cnccn1,train,292.3200000000001,0.68472,0.8629758453407405,20,35
subcategory_halogen-walk.remove-F_2116,Nc1nnc(-c2cccc(Cl)c2)c(-c2ccccc2)n1,1,halogen-walk,remove-F,Nc1nnc(-c2cccc(Cl)c2)c(-c2ccc(F)cc2)n1,0 1 2 3 4 5 6 7 8 9 10 11 13 14 15 16 17 18,c1ccc(-c2ncnnc2-c2ccccc2)cc1,train,282.734,3.441200000000001,0.781803261844083,20,35
subcategory_halogen-walk.remove-F_782,O=C1C(S(=O)C[C@H](O)c2ccc(F)cc2)C(c2ccc(O)cc2)N1c1ccc(F)cc1,0,authentic,authentic,,,O=C1C(S(=O)CCc2ccccc2)C(c2ccccc2)N1c1ccccc1,val,443.4710000000001,3.609200000000002,0.5709144094094087,31,59
subcategory_halogen-walk.remove-F_2153,Cc1cccc(COc2ccc3ccccc3c2-c2nc(C)c(C(=O)O)s2)c1,1,halogen-walk,remove-F,Cc1nc(-c2c(OCc3ccc(F)cc3)ccc3ccccc23)sc1C(=O)O,0 1 2 3 4 5 6 27,c1ccc(COc2ccc3ccccc3c2-c2nccs2)cc1,test,389.47600000000017,5.857340000000003,0.46452952419201066,28,46
subcategory_halogen-walk.remove-F_1362,CC/C(=C(\c1ccccc1)c1ccc(OCCNC)cc1)c1ccccc1.Cl,0,authentic,authentic,,,C(=C(c1ccccc1)c1ccccc1)c1ccccc1,train,393.958,6.075700000000006,0.36979954262838255,28,45
subcategory_halogen-walk.remove-F_2385,CCOC(=O)CC(/C=C/c1c(-c2ccccc2C)c2ccccc2n1C(C)C)OC(C)=O,1,halogen-walk,remove-F,CCOC(=O)CC(/C=C/c1c(-c2ccc(F)cc2)c2ccccc2n1C(C)C)OC(C)=O,0 1 2 3 4 5 6 7 8 9 11 12 13 14 15 16 17 18 19 20 21 22 23 24 25 26 27 28 29 30 31,c1ccc(-c2c[nH]c3ccccc23)cc1,train,433.5480000000002,6.095720000000006,0.4031000349975028,32,54
subcategory_halogen-walk.remove-F_1975,O=C1CCc2c(OC[C@]3(O)CCN(c4ccccc4)C[C@@H]3F)ccc(F)c2N1,1,halogen-walk,remove-F,O=C1CCc2c(OC[C@]3(O)CCN(c4ccc(F)cc4Cl)C[C@@H]3F)ccc(F)c2N1,0 1 2 3 4 5 6 7 8 9 10 11 13 14 15 16 17 18 19 20 21 22 23 24 25 26 27,O=C1CCc2c(cccc2OCC2CCN(c3ccccc3)CC2)N1,train,388.41400000000004,3.0687000000000015,0.8452265610571116,28,53
subcategory_halogen-walk.remove-F_1833,Cc1ccc2c(c1)c(-c1ccccc1)c(/C=C/C1CC(O)CC(=O)O1)n2C(C)C,1,halogen-walk,remove-F,Cc1ccc2c(c1)c(-c1ccc(F)cc1)c(/C=C/C1CC(O)CC(=O)O1)n2C(C)C,0 1 2 3 4 5 6 8 9 10 11 12 13 14 15 16 17 18 19 20 21 22 23 24 25 26 27 28,O=C1CCCC(/C=C/c2[nH]c3ccccc3c2-c2ccccc2)O1,train,389.4950000000002,5.277320000000007,0.6179932679347402,29,54
subcategory_halogen-walk.remove-F_1766,Fc1ccc(C(CCc2ccccc2)n2cncn2)cc1,1,halogen-walk,remove-F,Fc1ccc(CCC(c2ccc(F)cc2)n2cncn2)cc1,0 1 2 3 4 5 6 8 9 10 11 12 13 14 15 16 17 18 19 20,c1ccc(CCC(c2ccccc2)n2cncn2)cc1,train,281.33400000000006,3.639400000000002,0.7145598520287665,21,31
subcategory_halogen-walk.remove-F_2055,c1ccc(CN2CCc3ccccc3C2Cn2ccnc2)cc1,1,halogen-walk,remove-F,Fc1ccc(CN2CCc3ccccc3C2Cn2ccnc2)c(F)c1,0 1 2 3 5 6 7 8 9 10 11 12 13 14 15 16 17 18 19 20 21,c1ccc(CN2CCc3ccccc3C2Cn2ccnc2)cc1,val,303.40900000000005,3.682700000000003,0.7328534007482715,23,33
subcategory_halogen-walk.remove-F_1923,c1ccc(-c2cccc([C@@H]3CCNC[C@H]3COc3ccc4c(c3)OCO4)c2)cc1,1,halogen-walk,remove-F,Fc1ccc(-c2cccc([C@@H]3CCNC[C@H]3COc3ccc4c(c3)OCO4)c2)cc1,0 1 2 3 5 6 7 8 9 10 11 12 13 14 15 16 17 18 19 20 21 22 23 24 25 26 27,c1ccc(-c2cccc([C@@H]3CCNC[C@H]3COc3ccc4c(c3)OCO4)c2)cc1,train,387.4790000000001,4.854400000000004,0.679054466578505,29,55
subcategory_halogen-walk.remove-F_1863,COC(=O)CC(O)CC(O)/C=C/c1c(-c2ccccc2)c(C)n(-c2ccccc2)c1C,1,halogen-walk,remove-F,COC(=O)CC(O)CC(O)/C=C/c1c(-c2ccc(F)cc2)c(C)n(-c2ccccc2)c1C,0 1 2 3 4 5 6 7 8 9 10 11 12 14 15 16 17 18 19 20 21 22 23 24 25 26 27 28 29 30,c1ccc(-c2ccn(-c3ccccc3)c2)cc1,train,419.5210000000002,4.449340000000004,0.5293776285088746,31,55
subcategory_halogen-walk.remove-F_1142,COC(=O)NCCC=C(c1cc(Br)c(OC)c(C(=O)OC)c1)c1cc(Br)c(OC)c(C(=O)OC)c1,0,authentic,authentic,,,C=C(c1ccccc1)c1ccccc1,train,615.2710000000002,4.9798000000000044,0.2392798443836182,35,65
subcategory_halogen-walk.remove-F_1948,CC(C)C(C(O)C=Cc1c(C2CC2)nc2ccccc2c1-c1ccccc1)C(O)CC(=O)O,1,halogen-walk,remove-F,CC(C)C(C(O)C=Cc1c(C2CC2)nc2ccccc2c1-c1ccc(F)cc1)C(O)CC(=O)O,0 1 2 3 4 5 6 7 8 9 10 11 12 13 14 15 16 17 18 19 21 22 23 24 25 26 27 28 29 30 31 32,c1ccc(-c2cc(C3CC3)nc3ccccc23)cc1,train,445.55900000000014,5.261100000000006,0.4178634502726868,33,56
subcategory_halogen-walk.remove-F_142,CC(C)(C)OC(=O)N1C2CCC1CC(OC(=O)C(O)(c1cccs1)c1cccs1)C2,0,authentic,authentic,,,O=C(OC1CC2CCC(C1)N2)C(c1cccs1)c1cccs1,test,449.59400000000005,4.519200000000004,0.6948214204499663,30,54
subcategory_halogen-walk.remove-F_30,[2H]C([2H])(OCCN1CCN(C2=Nc3ccccc3Sc3ccccc32)CC1)C([2H])([2H])OC1CCCCO1,0,authentic,authentic,,,c1ccc2c(c1)N=C(N1CCN(CCOCCOC3CCCCO3)CC1)c1ccccc1S2,test,471.6594071120004,4.406900000000004,0.5963046908046324,33,70
subcategory_halogen-walk.remove-F_910,COc1ccc(Oc2cncnc2O)cc1,0,authentic,authentic,,,c1ccc(Oc2cncnc2)cc1,train,218.212,1.9830999999999994,0.8528590711143106,16,22
subcategory_halogen-walk.remove-F_2492,N#Cc1ccc(OC(c2ccccc2)C2CCCNC2)cc1,1,halogen-walk,remove-F,N#Cc1ccc(OC(c2ccc(F)cc2)C2CCCNC2)cc1,0 1 2 3 4 5 6 8 9 10 11 12 13 14 15 16 17 18 19 20 21,c1ccc(OC(c2ccccc2)C2CCCNC2)cc1,train,292.382,3.6779800000000016,0.9346726371887834,22,33
subcategory_halogen-walk.remove-F_1453,NCCC(=O)N[C@H](Cc1ccc(Cl)cc1Cl)C(=O)N1CCN(C2(CNC(=O)c3ccccc3)CCCCC2)CC1,1,halogen-walk,remove-F,NCCC(=O)N[C@H](Cc1ccc(Cl)cc1Cl)C(=O)N1CCN(C2(CNC(=O)c3ccc(F)cc3)CCCCC2)CC1,0 1 2 3 4 5 6 7 8 9 10 11 12 13 14 15 16 17 18 19 20 21 22 23 24 26 27 28 29 30 31 32 33 34 35 36 37 38 39,O=C(NCC1(N2CCN(C(=O)CCc3ccccc3)CC2)CCCCC1)c1ccccc1,train,588.5799999999999,3.646600000000003,0.3930732197257029,40,71
subcategory_halogen-walk.remove-F_1785,CC(n1cncn1)C(O)(Cn1cncn1)c1ccccc1,1,halogen-walk,remove-F,CC(n1cncn1)C(O)(Cn1cncn1)c1ccc(F)cc1F,0 1 2 3 4 5 6 8 9 10 11 12 13 14 15 16 17 18 19,c1ccc(C(Cn2cncn2)Cn2cncn2)cc1,train,284.32300000000004,1.0185999999999997,0.7561250990118723,21,33
subcategory_halogen-walk.remove-F_1616,C=Cc1cc(Cl)cc(-c2nnc(N)nc2-c2cccc(F)c2)c1,1,halogen-walk,remove-F,Nc1nnc(-c2cc(Cl)cc(C(F)(F)F)c2)c(-c2cccc(F)c2)n1,0 1 2,c1ccc(-c2ncnnc2-c2ccccc2)cc1,train,326.762,4.223300000000002,0.7821490187558605,23,41
subcategory_halogen-walk.remove-F_2686,NC(=O)c1ccc(C2C(CCC(O)c3ccccc3)C(=O)N2c2ccc(F)cc2)cc1,1,halogen-walk,remove-F,NC(=O)c1ccc(C2C(CCC(O)c3ccc(F)cc3)C(=O)N2c2ccc(F)cc2)cc1,0 1 2 3 4 5 6 7 8 9 10 12 13 14 15 16 17 18 19 20 21 22 23 24 25 26 27 28 29 30,O=C1C(CCCc2ccccc2)C(c2ccccc2)N1c1ccccc1,train,418.4680000000001,4.142500000000004,0.5657899058095632,31,53
subcategory_halogen-walk.remove-F_173,FC(F)(F)c1cccc(C=NNc2nncc3ccccc23)c1,0,authentic,authentic,,,C(=NNc1nncc2ccccc12)c1ccccc1,train,316.28600000000006,4.094600000000002,0.5845815729195066,23,36
subcategory_halogen-walk.remove-F_2722,CCCC1(OCC)OC(=O)Nc2ccc(Cl)cc21,1,halogen-walk,remove-F,CCOC1(C(F)(F)F)OC(=O)Nc2ccc(Cl)cc21,0 1 2 3,O=C1Nc2ccccc2CO1,train,269.728,3.8915000000000024,0.9019361056208492,18,30
subcategory_halogen-walk.remove-F_2626,CCC(C)NC(=O)C(=O)[C@H](CCC(C)C)NC(=O)[C@@H]1[C@H]2CCC[C@H]2CN1C(=O)[C@@H](NC(=O)[C@@H](NC(=O)c1cnccn1)C(C)C)C(C)(C)C,1,halogen-walk,remove-F,CCC(C)NC(=O)C(=O)[C@H](CC(F)F)NC(=O)[C@@H]1[C@H]2CCC[C@H]2CN1C(=O)[C@@H](NC(=O)[C@@H](NC(=O)c1cnccn1)C(C)C)C(C)(C)C,10 11 12 13 14,O=C(CNC(=O)c1cnccn1)NCC(=O)N1C[C@H]2CCC[C@H]2C1,train,683.895,2.7938000000000054,0.20388050900948404,49,116
subcategory_halogen-walk.remove-F_154,CN1CCC(OC(=O)c2ccc3c(c2)OCO3)CC1,0,authentic,authentic,,,O=C(OC1CCNCC1)c1ccc2c(c1)OCO2,test,263.293,1.6663,0.7595225748284385,19,32
subcategory_halogen-walk.remove-F_125,COc1cccc2c1C(=O)/C(=C/C1CCN(Cc3ccccc3)CC1)C2,0,authentic,authentic,,,O=C1/C(=C/C2CCN(Cc3ccccc3)CC2)Cc2ccccc21,test,347.4580000000001,4.272600000000004,0.7736178513136426,26,44
subcategory_halogen-walk.remove-F_943,COc1ccc(S(=O)(=O)N2CCOCC2)cc1C(=O)NC(C)c1ccc(F)c(Cl)c1,0,authentic,authentic,,,O=C(NCc1ccccc1)c1cccc(S(=O)(=O)N2CCOCC2)c1,train,456.9230000000001,2.999600000000001,0.7218909903331392,30,54
subcategory_halogen-walk.remove-F_1945,O=C(CC[C@@H]1C(=O)N(c2ccc(F)cc2)[C@H]1c1ccc(O)cc1)c1ccccc1,1,halogen-walk,remove-F,O=C(CC[C@@H]1C(=O)N(c2ccc(F)cc2)[C@H]1c1ccc(O)cc1)c1ccc(F)cc1,0 2 3 4 5 6 7 8 9 10 11 12 13 14 15 16 17 18 19 20 21 22 23 24 25 26 27,O=C(CC[C@@H]1C(=O)N(c2ccccc2)[C@H]1c1ccccc1)c1ccccc1,train,389.4260000000001,4.898500000000005,0.4819470132495983,29,58
subcategory_halogen-walk.remove-F_2879,CCC(=O)CC(O)CC(O)/C=C/c1c(-c2ccccc2)c2ccccc2n1C(C)C,1,halogen-walk,remove-F,CCC(=O)CC(O)CC(O)/C=C/c1c(-c2ccc(F)cc2)c2ccccc2n1C(C)C,0 1 2 3 4 5 6 7 8 9 10 11 12 14 15 16 17 18 19 20 21 22 23 24 25 26 27 28 29,c1ccc(-c2c[nH]c3ccccc23)cc1,train,405.5380000000001,5.383500000000004,0.5020815532770501,30,51
subcategory_halogen-walk.remove-F_166,COc1cc2c(c(OC)c1OC)-c1cc(C)c(C)c(C)c1C(NC(C)=O)CC2,0,authentic,authentic,,,c1ccc2c(c1)CCCc1ccccc1-2,train,383.48800000000017,4.428060000000003,0.8486559082840942,28,50
subcategory_halogen-walk.remove-F_2847,c1ccc([C@@H]2CCN(C34CC(C3)C4)C[C@H]2COc2ccc3c(c2)OCO3)cc1,1,halogen-walk,remove-F,Fc1ccc([C@@H]2CCN(C34CC(C3)C4)C[C@H]2COc2ccc3c(c2)OCO3)cc1,0 1 2 3 4 26 27,c1ccc([C@@H]2CCN(C34CC(C3)C4)C[C@H]2COc2ccc3c(c2)OCO3)cc1,train,377.4840000000001,4.452300000000004,0.7701711694876918,28,57
subcategory_halogen-walk.remove-F_2428,N#Cc1ccc2c(c1)COC2(CCCO)c1ccccc1,1,halogen-walk,remove-F,N#Cc1ccc2c(c1)COC2(CCCO)c1ccc(F)cc1,0 1 2 3 4 5 6 7 8 9 11 12 13 14 15 16 17 18 19,c1ccc(C2OCc3ccccc32)cc1,train,279.33899999999994,3.1045800000000012,0.9352529983136563,21,32
subcategory_halogen-walk.remove-F_127,COC(=O)C[C@@H](O)C[C@@H](O)/C=C/c1c(-c2ccc(F)cc2)c2ccccc2n1C(C)C,0,authentic,authentic,,,c1ccc(-c2c[nH]c3ccccc23)cc1,train,425.50000000000017,4.7165000000000035,0.5126438251711647,31,64
subcategory_halogen-walk.remove-F_2752,Cc1ccccc1CCNC(=O)C1CCN(CCNC(=O)c2cc3ccccc3[nH]2)CC1,1,halogen-walk,remove-F,O=C(NCCN1CCC2(CC1)C(=O)NC[C@@H]2c1ccc(F)cc1)c1cc2ccccc2[nH]1,0 1 2 3 4 5 6 7 8,O=C(NCCN1CCC2(CC1)C(=O)NC[C@@H]2c1ccccc1)c1cc2ccccc2[nH]1,train,432.56800000000015,3.277020000000001,0.5112787085187016,32,51
subcategory_halogen-walk.remove-F_921,COc1cc2c(cc1OC)[C@@H]1C(=O)c3ccc4c(c3O[C@@H]1CO2)C[C@H](C(C)C)O4,0,authentic,authentic,,,O=C1c2ccc3c(c2O[C@@H]2COc4ccccc4[C@H]12)CCO3,train,396.4390000000002,3.7832000000000026,0.7868106713175405,29,64
subcategory_halogen-walk.remove-F_2634,COc1ccc(S(=O)(=O)N2CCOCC2)cc1C(=O)NC(C)c1ccccc1,1,halogen-walk,remove-F,COc1ccc(S(=O)(=O)N2CCOCC2)cc1C(=O)NC(C)c1ccc(F)c(Cl)c1,0 1 2 3 4 5 6 7 8 9 10 11 12 13 14 15 16 17 18 19 21 22 23 24 25 26,O=C(NCc1ccccc1)c1cccc(S(=O)(=O)N2CCOCC2)c1,train,404.48800000000006,2.2070999999999996,0.7979508774361033,28,47
subcategory_halogen-walk.remove-F_1565,CCC(=O)ON1CC[C@@H](c2ccc(F)cc2)[C@H](COc2ccc3c(c2)OCO3)C1,1,halogen-walk,remove-F,O=C(ON1CC[C@@H](c2ccc(F)cc2)[C@H](COc2ccc3c(c2)OCO3)C1)C(F)(F)F,0 1 2,c1ccc([C@@H]2CCNC[C@H]2COc2ccc3c(c2)OCO3)cc1,train,401.43400000000025,3.9071000000000033,0.7316787757255556,29,57
subcategory_halogen-walk.remove-F_1469,COc1ccc(CC(C)C)cc1NCc1cnc2nc(N)nc(N)c2n1,1,halogen-walk,remove-F,COc1ccc(C(F)(F)F)cc1NCc1cnc2nc(N)nc(N)c2n1,0 1 2 3 4 6 7 8 9 10 11 12 13 14 15 16 17 18 19 20 21 22 23 24 25,c1ccc(NCc2cnc3ncncc3n2)cc1,train,353.4300000000001,2.4033999999999995,0.616740928447772,26,40
subcategory_halogen-walk.remove-F_1836,CC(SSCC1CCCO1)C(O)(Cn1cncn1)c1ccccc1,1,halogen-walk,remove-F,CC(SSCC1CCCO1)C(O)(Cn1cncn1)c1ccc(F)cc1F,10 18 19 20 21 22 23,c1ccc(C(CSSCC2CCCO2)Cn2cncn2)cc1,train,365.524,3.1148000000000016,0.725504128796579,24,36
subcategory_halogen-walk.remove-F_1032,COC(=O)c1ccccc1OCCCOc1cc2c(cc1O)CCO2,0,authentic,authentic,,,c1ccc(OCCCOc2ccc3c(c2)OCC3)cc1,train,344.36300000000006,2.9616000000000016,0.6148028466659893,25,36
subcategory_halogen-walk.remove-F_860,NC(=O)CC(N=C(N)c1ncn([C@@H]2O[C@H](CO)[C@@H](O)[C@H]2O)n1)C(=O)O,0,authentic,authentic,,,c1ncn([C@H]2CCCO2)n1,train,358.3110000000001,-4.076499999999996,0.2042339147565768,25,64
subcategory_halogen-walk.remove-F_1080,CCCCN.Cc1nc(-c2ccc(OCC(C)C)c(C=O)c2)sc1C(=O)O,0,authentic,authentic,,,c1ccc(-c2nccs2)cc1,train,392.52100000000013,4.409220000000004,0.6451859421673083,27,45
subcategory_halogen-walk.remove-F_2219,CCN1CCC(O)(c2cccc(OCC(C)C)c2F)CC1,1,halogen-walk,remove-F,CCN1CCC(O)(c2cccc(OC(F)(F)F)c2F)CC1,0 1 2 3 4 5 6 7 8 9 10 11 13 14 15 16 17 18 19 20,c1ccc(C2CCNCC2)cc1,train,295.3980000000001,3.163800000000002,0.9054500865783696,21,33
subcategory_halogen-walk.remove-F_2185,Cc1cnc(CS(=O)c2nc3ccccc3[nH]2)cc1OCC(F)(F)CC(C)C,1,halogen-walk,remove-F,Cc1cnc(CS(=O)c2nc3ccccc3[nH]2)cc1OCC(F)(F)C(F)(F)F,0 1 2 3 4 5 6 7 8 9 10 11 12 13 14 15 16 17 18 19 20 22 23 24 25 26,O=S(Cc1ccccn1)c1nc2ccccc2[nH]1,train,407.4860000000002,4.634320000000003,0.5909473570144982,28,48
subcategory_halogen-walk.remove-F_1524,O=C(COc1ccc(C2C(CCCc3ccccc3)C(=O)N2c2ccc(F)cc2)cc1)NCCO,1,halogen-walk,remove-F,O=C(COc1ccc(C2C(CCC(O)c3ccc(F)cc3)C(=O)N2c2ccc(F)cc2)cc1)NCCO,0 1 2 3 4 5 6 7 8 9 10 12 13 14 15 16 17 18 19 20 21 22 23 24 25 26 27 28 29 30 31 32 33 34,O=C1C(CCCc2ccccc2)C(c2ccccc2)N1c1ccccc1,train,476.5480000000002,4.040000000000004,0.40965772601586314,35,55
subcategory_halogen-walk.remove-F_45,CCCc1c(N)c(Cl)cc(C(=O)NCCC23CCCN2CCC3)c1OC,0,authentic,authentic,,,O=C(NCCC12CCCN1CCC2)c1ccccc1,test,379.93200000000024,3.6316000000000033,0.7096505570663627,26,42
subcategory_halogen-walk.remove-F_506,COc1ccc(C2C(CCC(O)c3ccc(F)cc3)C(=O)N2c2cccc(CN)c2)cc1,0,authentic,authentic,,,O=C1C(CCCc2ccccc2)C(c2ccccc2)N1c1ccccc1,train,434.5110000000002,4.510900000000003,0.5116791721362984,32,53
subcategory_halogen-walk.remove-F_2738,CCOC(=O)CC(O)CC(O)C=Cc1c(-c2ccccc2)c2c3ccccc3ccn2c1CC,1,halogen-walk,remove-F,CCOC(=O)CC(O)CC(O)C=Cc1c(-c2ccc(F)cc2)c2c3ccccc3ccn2c1CC,14 15 16 17 18 19 20,c1ccc(-c2ccn3ccc4ccccc4c23)cc1,train,457.5700000000002,5.400200000000005,0.3302415345902983,34,53
subcategory_halogen-walk.remove-F_1538,Nc1nccc(-c2c(-c3ccccc3)ncn2CCCN2CCOCC2)n1,1,halogen-walk,remove-F,Nc1nccc(-c2c(-c3ccc(F)cc3)ncn2CCCN2CCOCC2)n1,0 1 2 3 4 5 6 8 9 10 11 12 13 14 15 16 17 18 19 20 21 22 23 24 25 26,c1ccc(-c2ncn(CCCN3CCOCC3)c2-c2ccncn2)cc1,train,364.45300000000026,2.3116000000000003,0.7227510141857738,27,41
subcategory_halogen-walk.remove-F_613,NNc1nncc2ccccc12.O=S(=O)(O)O,0,authentic,authentic,,,c1ccc2cnncc2c1,train,258.25899999999996,0.2625999999999996,0.32438270456016766,17,28
subcategory_halogen-walk.remove-F_1417,CCN(CC)CCNC(=O)c1c(C)[nH]c(/C=C2\C(=O)Nc3ccc(CCOC(C)=O)cc32)c1C,0,authentic,authentic,,,O=C1Nc2ccccc2/C1=C/c1ccc[nH]1,train,466.58200000000033,3.301440000000002,0.368246685428553,34,63
subcategory_halogen-walk.remove-F_2104,COc1ccc([C@@H]2[C@@H](CCOc3ccccc3)C(=O)N2c2ccccc2)cc1,1,halogen-walk,remove-F,COc1ccc([C@@H]2[C@@H](CCOc3ccc(F)cc3)C(=O)N2c2ccccc2)cc1,0 1 2 3 4 5 6 7 8 9 11 12 13 14 15 16 17 18 19 20 21 22 23 24 25 26 27,O=C1[C@H](CCOc2ccccc2)[C@@H](c2ccccc2)N1c1ccccc1,train,373.45200000000006,4.868400000000004,0.5548405025616415,28,53
subcategory_halogen-walk.remove-F_2809,Cc1cccc(C2CCNCC2OCc2ccc3c(c2)OCO3)c1,1,halogen-walk,remove-F,Fc1ccc(C2CCNCC2OCc2ccc3c(c2)OCO3)cc1,0 1 2 3 4 5 7 8 9 10 11 12 13 14 15 16 17 18 19 20 21 22,c1ccc(C2CCNCC2OCc2ccc3c(c2)OCO3)cc1,test,325.4080000000001,3.386020000000002,0.9352760053474711,24,36
subcategory_halogen-walk.remove-F_1835,COC(=O)C[C@H](O)C[C@H](O)C=Cc1c(C2CC2)nc2ccccc2c1-c1ccccc1,1,halogen-walk,remove-F,COC(=O)C[C@H](O)C[C@H](O)C=Cc1c(C2CC2)nc2ccccc2c1-c1ccc(F)cc1,0 1 2 3 4 5 6 7 8 9 10 11 12 13 14 15 16 17 18 19 20 21 22 23 25 26 27 28 29,c1ccc(-c2cc(C3CC3)nc3ccccc23)cc1,train,417.5050000000001,4.467400000000003,0.5289085966432223,31,58
subcategory_halogen-walk.remove-F_1275,CC1(C)CC(=O)C=C2CC[C@@H]3[C@H](CC[C@]4(C)[C@@H](O)CC[C@@H]34)C21,0,authentic,authentic,,,O=C1C=C2CC[C@H]3[C@@H]4CCCC4CC[C@@H]3C2CC1,train,302.458,4.125200000000003,0.7304277655117438,22,64
subcategory_halogen-walk.remove-F_392,OC(Cn1cncn1)(Cn1cncn1)c1ccccc1C(F)(F)F,0,authentic,authentic,,,c1ccc(C(Cn2cncn2)Cn2cncn2)cc1,train,338.293,1.476399999999999,0.7619326464569395,24,38
subcategory_halogen-walk.remove-F_947,COc1cc2c(c(OC)c1OC)-c1ccc(OC)c(=O)cc1C(N)CC2.O=C(O)C(O)C(O)C(=O)O,0,authentic,authentic,,,O=c1cccc2c(c1)CCCc1ccccc1-2,train,507.4920000000003,0.5716000000000008,0.3500258016301622,36,65
subcategory_halogen-walk.remove-F_1715,CCC(C1OC(c2cccc(C)c2)c2ccc(C#N)cc21)N(C)C,1,halogen-walk,remove-F,CCC(C1OC(c2ccc(F)cc2)c2ccc(C#N)cc21)N(C)C,0 1 2 3 4 6 7 8 9 10 11 12 13 14 15 16 17 18 19 20 21 22 23,c1ccc(C2OCc3ccccc32)cc1,train,320.43600000000004,4.367600000000004,0.839163469865108,24,41
subcategory_halogen-walk.remove-F_1091,CC(C)c1cccc(C(C)C)c1OC(=O)NS(=O)(=O)Oc1ccccc1,0,authentic,authentic,,,O=C(NS(=O)(=O)Oc1ccccc1)Oc1ccccc1,train,377.46200000000005,4.345600000000003,0.8094208535110167,26,45
subcategory_halogen-walk.remove-F_2697,CCC(=O)ON1CC[C@@H](c2ccccc2)[C@H](COc2ccc3c(c2)OCO3)C1,1,halogen-walk,remove-F,CCC(=O)ON1CC[C@@H](c2ccc(F)cc2)[C@H](COc2ccc3c(c2)OCO3)C1,8 9 10 11 12 13 14,c1ccc([C@@H]2CCNC[C@H]2COc2ccc3c(c2)OCO3)cc1,train,383.44400000000024,3.7680000000000025,0.7569258391171856,28,54
subcategory_halogen-walk.remove-F_1486,C=Cc1ccc(OC(c2ccccc2)C2CCNCC2)cc1,1,halogen-walk,remove-F,FC(F)(F)c1ccc(OC(c2ccccc2)C2CCNCC2)cc1,0 1 3 4 5 6 7 8 9 10 11 12 13 14 15 16 17 18 19 20,c1ccc(OC(c2ccccc2)C2CCNCC2)cc1,train,293.41,4.449300000000003,0.879118645581406,22,33
subcategory_halogen-walk.remove-F_2146,CC(C)n1c(CC[C@H](O)C[C@H](O)CC(=O)O)c(-c2ccccc2)c2ccccc21,1,halogen-walk,remove-F,CC(C)n1c(CC[C@H](O)C[C@H](O)CC(=O)O)c(-c2ccc(F)cc2)c2ccccc21,0 1 2 3 4 5 6 7 8 9 10 11 12 13 14 15 17 18 19 20 21 22 23 24 25 26 27 28,c1ccc(-c2c[nH]c3ccccc23)cc1,train,395.499,4.408400000000004,0.5011855154126515,29,57
subcategory_halogen-walk.remove-F_488,Cc1cc(OCC(F)(F)F)cnc1CS(=O)c1nc2ccccc2[nH]1,0,authentic,authentic,,,O=S(Cc1ccccn1)c1nc2ccccc2[nH]1,train,369.36800000000005,3.515220000000001,0.7472859639825712,25,43
subcategory_halogen-walk.remove-F_113,Nc1nncc2c1ccn2C1OC(CO)C(O)C1O,0,authentic,authentic,,,c1cn(C2CCCO2)c2cnncc12,test,266.25699999999995,-1.3750000000000007,0.5275658981283201,19,29
subcategory_halogen-walk.remove-F_2378,C=C1c2cc(OC)c(OC)cc2CC1CC1(F)CCN(Cc2ccccc2CC)CC1,1,halogen-walk,remove-F,C=C1c2cc(OC)c(OC)cc2CC1CC1(F)CCN(Cc2ccccc2C(F)(F)F)CC1,0 1 2 3 4 5 6 7 8 9 10 11 12 13 14 15 16 17 18 19 20 21 22 23 24 25 27 28 29 30,C=C1c2ccccc2CC1CC1CCN(Cc2ccccc2)CC1,val,423.57200000000023,5.846100000000006,0.5578768739310827,31,48
subcategory_halogen-walk.remove-F_629,CN(C)CC1(CC(=O)O)CCCCC1.[Cl-],0,authentic,authentic,,,C1CCCCC1,train,234.74699999999993,-1.0227999999999975,0.6770830438912916,15,29
subcategory_halogen-walk.remove-F_537,N#Cc1ccc(/C(=C\Cc2ccc(F)cc2)n2cncn2)cc1,0,authentic,authentic,,,C(/Cc1ccccc1)=C(/c1ccccc1)n1cncn1,test,304.32800000000003,3.4207800000000015,0.7418353162905797,23,39
subcategory_halogen-walk.remove-F_854,CC(CC[C@H]1C(=O)N(c2ccc(F)cc2)[C@@H]1c1ccc(O)cc1)c1ccc(F)cc1,0,authentic,authentic,,,O=C1[C@H](CCCc2ccccc2)[C@@H](c2ccccc2)N1c1ccccc1,train,407.4600000000001,5.9584000000000055,0.5124598905604935,30,60
subcategory_halogen-walk.remove-F_29,CC(C)(C)NC(=O)[C@@H]1CN(Cc2cccnc2)CCN1C[C@@H](O)C[C@@H](Cc1ccccc1)C(=O)N[C@H]1c2cccc(Cl)c2C[C@H]1O,0,authentic,authentic,,,O=C(N[C@@H]1CCc2ccccc21)[C@@H](CCCN1CCN(Cc2cccnc2)CC1)Cc1ccccc1,train,648.2480000000003,3.520300000000003,0.251637951740404,46,98
subcategory_halogen-walk.remove-F_1764,CC(C)n1c(/C=C/[C@H](O)C[C@H](O)CC(N)=O)c(-c2ccccc2)c2ccccc21,1,halogen-walk,remove-F,CC(C)n1c(/C=C/[C@H](O)C[C@H](O)CC(N)=O)c(-c2ccc(F)cc2)c2ccccc21,0 1 2 3 4 5 6 7 8 9 10 11 12 13 14 15 17 18 19 20 21 22 23 24 25 26 27 28,c1ccc(-c2c[nH]c3ccccc23)cc1,train,392.499,3.889700000000002,0.5433138218815593,29,60
subcategory_halogen-walk.remove-F_1603,COc1cccc(C2(O)CCC(OCc3cccc(C)c3)CC2CN(C)C)c1,1,halogen-walk,remove-F,COc1cccc(C2(O)CCC(OCc3ccc(F)cc3)CC2CN(C)C)c1,0 1 2 3 4 5 6 7 8 9 10 11 13 14 15 16 17 18 19 20 21 22 23 24 25 26 27,c1ccc(COC2CCC(c3ccccc3)CC2)cc1,train,383.53200000000015,4.138320000000004,0.780299829474017,28,44
subcategory_halogen-walk.remove-F_435,CCO.COc1cccc(C(O)C(CN2CCCCC2)CN2CCCCC2)c1,0,authentic,authentic,,,c1ccc(CC(CN2CCCCC2)CN2CCCCC2)cc1,train,392.5840000000003,3.3152000000000017,0.7455308821650205,28,41
subcategory_halogen-walk.remove-F_1388,COc1ccccc1N1CCN(CCCNc2cc(=O)n(C)c(=O)n2C)CC1,0,authentic,authentic,,,O=c1cc(NCCCN2CCN(c3ccccc3)CC2)[nH]c(=O)[nH]1,test,387.48400000000015,0.7168000000000008,0.7061199941406974,28,44
subcategory_halogen-walk.remove-F_2424,C=C(c1ccccc1)C(O)(Cn1cncn1)c1ccccc1,1,halogen-walk,remove-F,C=C(c1ccccc1)C(O)(Cn1cncn1)c1ccc(F)cc1,0 1 2 3 4 5 6 7 9 10 11 12 13 14 15 16 17 18 19 20,C=C(c1ccccc1)C(Cn1cncn1)c1ccccc1,train,291.354,2.8793000000000006,0.7861217967420174,22,35
subcategory_halogen-walk.remove-F_2670,O=C1[C@H](C/C=C(/CO)c2ccccc2)[C@@H](c2ccc(OCc3ccccc3)cc2)N1c1ccc(F)cc1,1,halogen-walk,remove-F,O=C1[C@H](C/C=C(/CO)c2ccc(F)cc2)[C@@H](c2ccc(OCc3ccccc3)cc2)N1c1ccc(F)cc1,5 8 9 10 11 12 13,O=C1[C@H](CC=Cc2ccccc2)[C@@H](c2ccc(OCc3ccccc3)cc2)N1c1ccccc1,train,493.5780000000002,6.574800000000005,0.26823895861845704,37,70
subcategory_halogen-walk.remove-F_2516,Cc1cccc(C2CCN(Cc3ccccc3)CC2COc2ccc3cc2OCO3)c1,1,halogen-walk,remove-F,Fc1ccc(C2CCN(Cc3ccccc3)CC2COc2ccc3cc2OCO3)cc1,0 1 2 3 4 5 6 30,c1ccc(CN2CCC(c3ccccc3)C(COc3ccc4cc3OCO4)C2)cc1,test,415.53300000000024,5.408420000000005,0.5387463938360487,31,45
subcategory_halogen-walk.remove-F_1982,CN1CC=C(c2cn(-c3ccccc3)c3ccc([N+](=O)[O-])cc23)CC1,1,halogen-walk,remove-F,CN1CC=C(c2cn(-c3ccc(F)cc3)c3ccc([N+](=O)[O-])cc23)CC1,7 8 9 10 11 12 13,C1=C(c2cn(-c3ccccc3)c3ccccc23)CCNC1,train,333.3910000000002,4.257600000000004,0.5314863444751385,25,50
subcategory_halogen-walk.remove-F_235,CC(C)(C)OC(=O)N1CC[C@@H](c2ccc(F)c(CC#N)c2)[C@H](COc2ccc3c(c2)OCO3)C1,0,authentic,authentic,,,c1ccc([C@@H]2CCNC[C@H]2COc2ccc3c(c2)OCO3)cc1,train,468.52500000000026,5.040080000000005,0.6116163350509505,34,69
subcategory_halogen-walk.remove-F_593,OCc1cc([C@H](O)CNCCCC(F)(F)C(F)(F)COCCCc2ccccc2)ccc1O,0,authentic,authentic,,,c1ccc(CCCOCCCCCCNCCc2ccccc2)cc1,test,473.50700000000023,4.207700000000004,0.23023917884439582,33,53
subcategory_halogen-walk.remove-F_238,CN(C)CCCC1OCc2c(-c3ccc(F)cc3)cccc21,0,authentic,authentic,,,c1ccc(-c2cccc3c2COC3)cc1,train,299.389,4.405800000000004,0.81080285111178,22,35
subcategory_halogen-walk.remove-F_1217,COC(=O)c1cccc(-c2cc(O)c(Sc3ccccc3C(C)C)c(=O)o2)c1,0,authentic,authentic,,,O=c1oc(-c2ccccc2)ccc1Sc1ccccc1,train,396.46400000000017,5.073600000000003,0.6066512055712244,28,49
subcategory_halogen-walk.remove-F_2838,CC1(C)CCC(NC(=O)NS(=O)(=O)c2ccc(CCNC(=O)c3ccccc3)cc2)CC1,1,halogen-walk,remove-F,COc1ccc(F)cc1C(=O)NCCc1ccc(S(=O)(=O)NC(=O)NC2CCC(C)(C)CC2)cc1,0 1 2 3 4 5 6 7 8 9 10 11 12 13 14 15 16 17 18 19 21 22 23 24 25 26 27 28 29 30 31,O=C(NC1CCCCC1)NS(=O)(=O)c1ccc(CCNC(=O)c2ccccc2)cc1,train,457.59600000000023,3.615800000000002,0.5906296057252242,32,56
subcategory_halogen-walk.remove-F_1813,Cc1cnc(C(=O)N(CCC(=O)NC(C)CCc2ccccc2)Cc2ccccc2C)cn1,1,halogen-walk,remove-F,Cc1cnc(C(=O)N(CCC(=O)NC(C)CCc2ccccc2)Cc2ccc(F)cc2)cn1,0 1 2 3 4 5 6 7 8 9 10 11 12 13 14 15 16 17 18 19 20 21 22 24 25 26 27 28 29 30 31 32,O=C(CCN(Cc1ccccc1)C(=O)c1cnccn1)NCCCc1ccccc1,train,444.5790000000001,4.263440000000004,0.5069066877051199,33,51
subcategory_halogen-walk.remove-F_1964,Cc1ccc2nc(C3CC3)c(/C=C/[C@@H](O)C[C@@H](O)CC(=O)O)c(-c3ccccc3)c2c1,1,halogen-walk,remove-F,Cc1ccc2nc(C3CC3)c(/C=C/[C@@H](O)C[C@@H](O)CC(=O)O)c(-c3ccc(F)cc3)c2c1,0 1 2 3 4 5 6 7 8 9 10 11 12 13 14 15 16 17 18 19 20 21 23 24 25 26 27 28 29 30,c1ccc(-c2cc(C3CC3)nc3ccccc23)cc1,train,417.5050000000002,4.687420000000003,0.4947342811004471,31,66
subcategory_halogen-walk.remove-F_224,Cn1nc(-c2ccc(-n3ccnc3)cc2)ccc1=O,0,authentic,authentic,,,O=c1ccc(-c2ccc(-n3ccnc3)cc2)n[nH]1,test,252.27700000000002,1.6329999999999998,0.6962660660839017,19,32
subcategory_halogen-walk.remove-F_2614,OC(Cn1cncn1)(c1ccccc1)C(F)(F)Cl,1,halogen-walk,remove-F,OC(Cn1cncn1)(c1ccc(F)cc1F)C(F)(F)Cl,1 8 9 10 11 12 13,c1ccc(CCn2cncn2)cc1,train,273.66999999999996,1.9975,0.8670716711468643,18,31
subcategory_halogen-walk.remove-F_1466,Oc1ccc2c(c1)OC[C@@H](N1CCC(O)(c3ccccc3)CC1)[C@H]2O,1,halogen-walk,remove-F,Oc1ccc2c(c1)OC[C@@H](N1CCC(O)(c3ccc(F)cc3)CC1)[C@H]2O,0 1 2 3 4 5 6 7 8 9 10 11 12 14 15 16 17 18 19 20 21 22 23 24,c1ccc(C2CCN([C@@H]3COc4ccccc4C3)CC2)cc1,train,341.4070000000001,2.1702,0.7807212964563315,25,50
subcategory_halogen-walk.remove-F_624,COc1cc2c(cc1F)C(=O)C(CC1(F)CCN(Cc3ccccc3F)CC1)C2,0,authentic,authentic,,,O=C1c2ccccc2CC1CC1CCN(Cc2ccccc2)CC1,train,403.4440000000002,4.722800000000004,0.72342511498087,29,48
subcategory_halogen-walk.remove-F_1954,COc1cc(C(=O)N2CO[C@](CCN3CCC(C(N)=O)(c4ccccc4)CC3)(c3ccccc3)C2)cc(OC)c1OC,1,halogen-walk,remove-F,COc1cc(C(=O)N2CO[C@](CCN3CCC(C(N)=O)(c4ccccc4)CC3)(c3ccc(F)c(F)c3)C2)cc(OC)c1OC,0 1 2 3 4 5 6 7 8 9 11 12 13 14 15 16 17 18 19 20 21 22 23 24 25 26 27 28 29 30 31 32 33 34 35 36 37 38 39 40 41,O=C(c1ccccc1)N1CO[C@](CCN2CCC(c3ccccc3)CC2)(c2ccccc2)C1,train,573.6900000000002,3.9470000000000027,0.3918611005379392,42,73
subcategory_halogen-walk.remove-F_2648,O=C(CC[C@H]1C(=O)N(c2ccccc2)[C@@H]1c1ccc(O)cc1)c1ccccc1,1,halogen-walk,remove-F,O=C(CC[C@H]1C(=O)N(c2ccc(F)cc2)[C@@H]1c1ccc(O)cc1)c1ccccc1,7 8 9 10 11 12 13,O=C(CC[C@H]1C(=O)N(c2ccccc2)[C@@H]1c1ccccc1)c1ccccc1,train,371.4360000000001,4.759400000000004,0.5020084988903858,28,55
subcategory_halogen-walk.remove-F_2791,CCCc1nn(-c2ccc(OC)cc2)c2c1CCN(CC(=O)N1CCCC1)C2=O,1,halogen-walk,remove-F,COc1ccc(-n2nc(C(F)(F)F)c3c2C(=O)N(CC(=O)N2CCCC2)CC3)cc1,0 1 2 4 5 6 7 8 9 10 11 12 13 14 15 16 17 18 19 20 21 22 23 24 25 26 27 28,O=C(CN1CCc2cnn(-c3ccccc3)c2C1=O)N1CCCC1,train,396.49100000000027,2.4541000000000004,0.7522639952026795,29,48
subcategory_halogen-walk.remove-F_650,CN[C@@H](C)C(=O)NCC(C)N1CCCC1,0,authentic,authentic,,,C1CCNC1,train,213.32499999999993,0.19480000000000053,0.6852896757380781,15,29
subcategory_halogen-walk.remove-F_1421,COc1cc(N)c(Cl)cc1C(=O)NCC1CCN(CC2CCCCC2)CC1,0,authentic,authentic,,,O=C(NCC1CCN(CC2CCCCC2)CC1)c1ccccc1,train,393.95900000000034,3.952900000000003,0.7177660783047133,27,43
subcategory_halogen-walk.remove-F_2751,CCC(=O)N(CC1CCCCN1C(=O)C(F)(F)F)C(=O)c1cc(OCC(F)(F)F)ccc1OCC(F)(F)F,1,halogen-walk,remove-F,O=C(c1cc(OCC(F)(F)F)ccc1OCC(F)(F)F)N(CC1CCCCN1C(=O)C(F)(F)F)C(=O)C(F)(F)F,0 1 3 4 5 6 7 8 9 10 11 12 13 14 15 16 17 18 19 20 21 22 23 24 25 26 27 28 29 30 31 32 33 34 35 36 37,O=C(NCC1CCCCN1)c1ccccc1,train,566.4170000000004,4.8910000000000045,0.4192929632614151,38,67
subcategory_halogen-walk.remove-F_927,CCN1CCC(F)C(CO)(COc2ccc3c(c2)OCO3)C1c1ccccc1,0,authentic,authentic,,,c1ccc(C2NCCCC2COc2ccc3c(c2)OCO3)cc1,train,387.45100000000014,3.5778000000000025,0.821189457343552,28,44
subcategory_halogen-walk.remove-F_856,COc1cc(/C=C/C(=O)NC2C=CCC2)cc(OC)c1OC,0,authentic,authentic,,,O=C(/C=C/c1ccccc1)NC1C=CCC1,train,303.35800000000006,2.5604000000000005,0.6480099817294925,22,37
subcategory_halogen-walk.remove-F_2569,CCCCN(C1CC1)[C@@H](CNC(=O)c1ccc(Cl)s1)C(=O)Nc1ccc(N2CCOCC2=O)cc1F,1,halogen-walk,remove-F,O=C(NC[C@@H](C(=O)Nc1ccc(N2CCOCC2=O)cc1F)N(CC(F)(F)F)C1CC1)c1ccc(Cl)s1,0 1 2 3 5 6 7 8 9 10 11 12 13 14 15 16 17 18 19 20 21 22 23 24 25 26 27 28 29 30 31 32 33 34 35,O=C(NC[C@H](NC1CC1)C(=O)Nc1ccc(N2CCOCC2=O)cc1)c1cccs1,train,537.0570000000004,3.905400000000002,0.4543111204192265,36,65
subcategory_halogen-walk.remove-F_2761,C[C@H](CCc1ccc(O)cc1)NCc1ccccc1,1,halogen-walk,remove-F,C[C@H](CCc1ccc(O)cc1)NCC(O)c1ccccc1F,0 1 2 3 4 5 6 7 8 9 10 11 13 14 15 16 17,c1ccc(CCCNCCc2ccccc2)cc1,train,255.36100000000002,3.5031000000000017,0.8276661916303601,19,31
subcategory_halogen-walk.remove-F_1992,COc1cc2c(c(OC)c1OC)-c1ccc(NCCc3ccccc3)c(=O)cc1C(NC(C)=O)CC2,1,halogen-walk,remove-F,COc1cc2c(c(OC)c1OC)-c1ccc(NCCc3ccc(F)cc3)c(=O)cc1C(NC(C)=O)CC2,0 1 2 3 4 5 6 7 8 9 10 11 12 13 14 15 16 17 19 20 21 22 23 24 25 26 27 28 29 30 31 32 33 34 35,O=c1cc2c(ccc1NCCc1ccccc1)-c1ccccc1CCC2,train,488.5840000000003,4.517600000000003,0.48508399669896185,36,59
subcategory_halogen-walk.remove-F_2166,Cc1ccccc1C(O)(CN1CCN(Cc2ccccc2F)CC1)Cn1cncn1,1,halogen-walk,remove-F,OC(CN1CCN(Cc2ccccc2F)CC1)(Cn1cncn1)c1ccc(F)cc1F,0 1 2 3 4 5 6 8 9 10 11 12 13 14 15 16 17 18 19 20 21 22 23 24 25 26 27 28 29,c1ccc(CN2CCN(CC(Cn3cncn3)c3ccccc3)CC2)cc1,train,409.5090000000001,2.4312200000000006,0.6496346943824158,30,44
subcategory_halogen-walk.remove-F_2274,COc1cc2c(cc1OC)C(=O)C(F)(CC1CCN(Cc3ccccc3)CC1)CC2,1,halogen-walk,remove-F,COc1cc2c(cc1OC)C(=O)C(F)(CC1CCN(Cc3ccc(F)cc3)CC1)CC2,0 1 2 3 4 5 6 7 8 9 10 11 12 13 14 15 16 17 18 20 21 22 23 24 25 26 27 28 29,O=C1c2ccccc2CCC1CC1CCN(Cc2ccccc2)CC1,val,411.51700000000017,4.843300000000005,0.6816366524642145,30,49
subcategory_halogen-walk.remove-F_746,CNCCc1ccc(OCc2ccc(C(F)(F)F)cc2)cc1,0,authentic,authentic,,,c1ccc(COc2ccccc2)cc1,train,309.33099999999996,4.046300000000003,0.8691014187312528,22,34
subcategory_halogen-walk.remove-F_415,O=C(NCC1CN(c2ccc(N3CC(F)(F)CCC3=O)cc2)C(=O)O1)c1ccc(Cl)s1,0,authentic,authentic,,,O=C(NCC1CN(c2ccc(N3CCCCC3=O)cc2)C(=O)O1)c1cccs1,train,469.89700000000016,3.9188000000000027,0.7195636125860636,31,57
subcategory_halogen-walk.remove-F_2861,COC(Cn1cncn1)(Cn1cncn1)c1ccccc1C,1,halogen-walk,remove-F,COC(Cn1cncn1)(Cn1cncn1)c1ccc(F)cc1F,0 1 3 4 5 6 7 8 9 10 11 12 13 14 15 16 17 18 19 20,c1ccc(C(Cn2cncn2)Cn2cncn2)cc1,train,298.3500000000001,1.4201199999999994,0.6880705655858811,22,32
subcategory_halogen-walk.remove-F_2583,CC(O)(Cn1cncn1)c1ccccc1,1,halogen-walk,remove-F,CC(O)(Cn1cncn1)c1ccc(F)cc1F,0 2 3 4 5 6 7 8 9 10 11 12 13,c1ccc(CCn2cncn2)cc1,train,203.24500000000003,1.1858000000000002,0.8146895252364316,15,23
subcategory_halogen-walk.remove-F_1573,COc1ccc(OCC2CNCCC2c2ccccc2)cc1O,1,halogen-walk,remove-F,COc1ccc(OCC2CNCCC2c2ccc(F)cc2)cc1O,0 1 2 3 4 5 6 7 8 9 10 11 12 14 15 16 17 18 19 20 21 22,c1ccc(OCC2CNCCC2c2ccccc2)cc1,train,313.397,3.1729000000000025,0.8900262040863021,23,31
subcategory_halogen-walk.remove-F_802,C[C@H]1C=C(C2=Nc3ccccc3Nc3ccc(Cl)cc32)CCN1C,0,authentic,authentic,,,C1=C(C2=Nc3ccccc3Nc3ccccc32)CCNC1,train,337.85400000000016,5.168200000000004,0.7771249474216068,24,43
subcategory_halogen-walk.remove-F_316,CN[C@@H](C)C(=O)N[C@H](C(=O)N[C@H]1CCCN(CCc2ccccc2F)C1)C1CCCCC1,0,authentic,authentic,,,O=C(CC1CCCCC1)N[C@H]1CCCN(CCc2ccccc2)C1,train,446.6110000000003,2.6218000000000012,0.5452995881240897,32,63
subcategory_halogen-walk.remove-F_2053,CCCCCCCN1CC[C@@H](c2ccccc2)[C@H](COc2ccc3c(c2)OCO3)C1,1,halogen-walk,remove-F,CCCCCCCN1CC[C@@H](c2ccc(F)cc2)[C@H](COc2ccc3c(c2)OCO3)C1,10 11 12 13 14 15 16,c1ccc([C@@H]2CCNC[C@H]2COc2ccc3c(c2)OCO3)cc1,train,409.57000000000033,5.870200000000006,0.4592668432346195,30,53
subcategory_halogen-walk.remove-F_61,COc1ccc2c(-c3ccc(OCCN4CCOCC4)cc3)c(Cc3ccc(F)cc3)oc2c1,0,authentic,authentic,,,c1ccc(Cc2oc3ccccc3c2-c2ccc(OCCN3CCOCC3)cc2)cc1,train,461.5330000000002,5.549300000000006,0.3442982987617988,34,53
subcategory_halogen-walk.remove-F_2584,Cc1ccccc1N1CC(CCC(O)c2ccc(F)cc2)C1=O,1,halogen-walk,remove-F,O=C1C(CCC(O)c2ccc(F)cc2)CN1c1ccc(F)cc1,0 1 2 3 4 5 6 7,O=C1C(CCCc2ccccc2)CN1c1ccccc1,train,313.37200000000007,3.6107200000000024,0.856716788531519,23,36
subcategory_halogen-walk.remove-F_1714,CCCc1nn(-c2ccc(OC)cc2)c2c1CCN(c1ccc(C3(CN4CCOCC4)CCCC3)cc1)C2=O,1,halogen-walk,remove-F,COc1ccc(-n2nc(C(F)(F)F)c3c2C(=O)N(c2ccc(C4(CN5CCOCC5)CCCC4)cc2)CC3)cc1,0 1 2 3,O=C1c2c(cnn2-c2ccccc2)CCN1c1ccc(C2(CN3CCOCC3)CCCC2)cc1,train,528.6970000000005,5.180300000000005,0.40328647472675505,39,63
subcategory_halogen-walk.remove-F_1558,C[C@@H](O)[C@](O)(Cn1cncn1)c1ccccc1,1,halogen-walk,remove-F,C[C@@H](O)[C@](O)(Cn1cncn1)c1cc(F)ccc1F,0 1 2 4 5 6 7 8 9 10 11 12 13 14 15,c1ccc(CCn2cncn2)cc1,train,233.27100000000002,0.5467000000000001,0.8085150647278796,17,35
subcategory_halogen-walk.remove-F_2815,Cc1cccc(C2(CCCN(C)C)OCc3cc(CN4C=CN(C)C=CC4)ccc32)c1,1,halogen-walk,remove-F,CN1C=CCN(Cc2ccc3c(c2)COC3(CCCN(C)C)c2ccc(F)cc2)C=C1,0 1 2 3 4 5 7 8 9 10 11 12 13 14 15 16 17 18 19 20 21 22 23 24 25 26 27 28 29,C1=CNC=CN(Cc2ccc3c(c2)COC3c2ccccc2)C1,test,417.5970000000001,4.842920000000005,0.6413940393701786,31,51
subcategory_halogen-walk.remove-F_2252,O=C(O)C[C@H](O)C[C@@H](O)/C=C/c1c(C2CC2)nc2ccccc2c1-c1ccccc1,1,halogen-walk,remove-F,O=C(O)C[C@H](O)C[C@@H](O)/C=C/c1c(C2CC2)nc2ccccc2c1-c1ccc(F)cc1,0 1 2 3 4 5 6 7 8 9 10 11 12 13 14 15 16 17 18 19 20 21 22 24 25 26 27 28,c1ccc(-c2cc(C3CC3)nc3ccccc23)cc1,train,403.47800000000007,4.379000000000003,0.51925774027477,30,60
subcategory_halogen-walk.remove-F_1800,COc1ccccc1CC1(O)C(=Cc2ccccc2)CCCCC1CN1CCN(C)CC1,1,halogen-walk,remove-F,COc1ccccc1CC1(O)/C(=C\c2ccc(F)cc2)CCCCC1CN1CCN(C)CC1,0 1 2 3 4 5 6 7 8 9 10 11 13 14 15 16 17 18 19 20 21 22 23 24 25 26 27 28 29 30 31,C(=C1\CCCCC(CN2CCNCC2)C1Cc1ccccc1)/c1ccccc1,val,434.6240000000004,4.490000000000004,0.6798302968764799,32,47
subcategory_halogen-walk.remove-F_2723,CS(=O)(=O)c1ccc(-c2sc(CC#N)nc2-c2ccccc2)cc1,1,halogen-walk,remove-F,CS(=O)(=O)c1ccc(-c2sc(CC#N)nc2-c2ccc(F)cc2)cc1,0 1 2 3 4 5 6 7 8 9 10 11 12 13 14 16 17 18 19 20 21 22 23,c1ccc(-c2ncsc2-c2ccccc2)cc1,train,354.456,3.9466800000000024,0.7111774142066019,24,43
subcategory_halogen-walk.remove-F_976,O=C(O)c1cn2c3c(nc(O)c2n1)-c1ccccc1C3N1CC=CC1=O,0,authentic,authentic,,,O=C1C=CCN1C1c2ccccc2-c2ncc3nccn3c21,test,348.3180000000001,1.6013,0.7282159623224048,26,46
subcategory_halogen-walk.remove-F_890,COc1cccc(CC(Cc2ccccc2F)CN(C)C)c1,0,authentic,authentic,,,c1ccc(CCCc2ccccc2)cc1,train,301.40500000000003,3.7973000000000026,0.7711156942665061,22,32
subcategory_halogen-walk.remove-F_962,CC[C@@H](NC(=O)c1c(N)c(-c2ccccc2)nc2ccccc12)c1ccccc1,0,authentic,authentic,,,O=C(NCc1ccccc1)c1cc(-c2ccccc2)nc2ccccc12,train,381.4790000000001,5.3651000000000035,0.48855726707842867,29,52
subcategory_halogen-walk.remove-F_1463,N#Cc1ccc2c(c1)COC2(CCCN)c1ccccc1,1,halogen-walk,remove-F,Cl.N#Cc1ccc2c(c1)COC2(CCCN)c1ccc(F)cc1,0 1 2 3 4 5 6 7 8 9 11 12 13 14 15 16 17 18 19,c1ccc(C2OCc3ccccc32)cc1,train,278.35499999999996,3.0709800000000005,0.9346365901073199,21,32
subcategory_halogen-walk.remove-F_751,CCCC1(c2ccccc2)OC(=O)Nc2ccc(Cl)cc21,0,authentic,authentic,,,O=C1Nc2ccccc2C(c2ccccc2)O1,train,301.77299999999997,4.945800000000004,0.8711527126478319,21,35
subcategory_halogen-walk.remove-F_1904,O=C1[C@H](CCC(O)c2ccccc2)[C@@H](c2ccccc2OCc2ccccc2)N1c1ccc(F)cc1,1,halogen-walk,remove-F,O=C1[C@H](CCC(O)c2ccc(F)cc2)[C@@H](c2ccccc2OCc2ccccc2)N1c1ccc(F)cc1,5 7 8 9 10 11 12,O=C1[C@H](CCCc2ccccc2)[C@@H](c2ccccc2OCc2ccccc2)N1c1ccccc1,train,481.56700000000023,6.622600000000006,0.27333161139826717,36,64
subcategory_halogen-walk.remove-F_375,O=C1NC(c2ccccc2)(c2ccc(F)cc2)C(=O)N1COP(=O)(O)O,0,authentic,authentic,,,O=C1NC(=O)C(c2ccccc2)(c2ccccc2)N1,train,380.26800000000003,1.6879,0.5370119945989128,26,47
subcategory_halogen-walk.remove-F_985,C=CCOc1cccn2c(=O)c(CCN3CCC(c4noc5cc(F)ccc45)CC3)c(C)nc12,0,authentic,authentic,,,O=c1c(CCN2CCC(c3noc4ccccc34)CC2)cnc2ccccn12,test,462.5250000000002,4.270120000000004,0.38211984151596645,34,56
subcategory_halogen-walk.remove-F_2355,c1ccc(OCC2CNCCC2c2ccccc2)cc1,1,halogen-walk,remove-F,Fc1ccc(C2CCNCC2COc2ccccc2)cc1,0 1 2 3 4 5 6 7 8 9 10 12 13 14 15 16 17 18 19,c1ccc(OCC2CNCCC2c2ccccc2)cc1,train,267.372,3.458700000000002,0.9157011279214531,20,28
subcategory_halogen-walk.remove-F_1801,CCS[C@H](C)[C@](O)(Cn1cncn1)c1ccccc1,1,halogen-walk,remove-F,CCS[C@H](C)[C@](O)(Cn1cncn1)c1ccc(F)cc1F,0 1 2 3 4 6 7 8 9 10 11 12 13 14 15 16 17,c1ccc(CCn2cncn2)cc1,train,277.39300000000003,2.3075,0.8800462182055224,19,36
subcategory_halogen-walk.remove-F_358,CNc1ncnc2c1ncn2Cc1cccc(F)c1F,0,authentic,authentic,,,c1ccc(Cn2cnc3cncnc32)cc1,train,275.262,2.1944999999999997,0.7957940871224867,20,28
subcategory_halogen-walk.remove-F_2469,CCc1ccc(C2(CCCN(C)C)OC(C)(C)c3ccccc32)cc1,1,halogen-walk,remove-F,CN(C)CCCC1(c2ccc(C(F)(F)F)cc2)OC(C)(C)c2ccccc21.Cl,0 1 2,c1ccc(C2OCc3ccccc32)cc1,train,337.507,5.099700000000006,0.7269524256032439,25,41
subcategory_halogen-walk.remove-F_882,CN(Cc1ccccc1)C(=O)[C@@H](Cc1ccccc1)NC(=O)C1CCCN1C(=O)c1c[nH]c2ccccc12,0,authentic,authentic,,,O=C(N[C@H](Cc1ccccc1)C(=O)NCc1ccccc1)C1CCCN1C(=O)c1c[nH]c2ccccc12,val,508.62200000000024,4.158600000000003,0.3748822510919346,38,69
subcategory_halogen-walk.remove-F_2448,CCCCc1cc(-c2nc(C)c(C(=O)OCC)s2)ccc1O,1,halogen-walk,remove-F,CCOC(=O)c1sc(-c2ccc(O)c(C(F)(F)F)c2)nc1C,0 1 2 3 5 6 7 8 9 10 11 12 13 14 15 16 17 18 19 20,c1ccc(-c2nccs2)cc1,train,319.426,4.3434200000000045,0.8044734137260096,22,36
subcategory_halogen-walk.remove-F_2122,CCN[C@H](C)[C@](O)(Cn1cncn1)c1ccccc1,1,halogen-walk,remove-F,CCN[C@H](C)[C@](O)(Cn1cncn1)c1ccc(F)cc1F,0 1 2 3 4 6 7 8 9 10 11 12 13 14 15 16 17,c1ccc(CCn2cncn2)cc1,train,260.341,1.163899999999999,0.8179936572942379,19,36
subcategory_halogen-walk.remove-F_1017,CN1CC=C(c2c(O)cc(O)c3c(=O)cc(C4CCCCC4)oc23)CC1,0,authentic,authentic,,,O=c1cc(C2CCCCC2)oc2c(C3=CCNCC3)cccc12,train,355.43400000000025,3.970800000000003,0.8525511753189257,26,46
subcategory_halogen-walk.remove-F_14,O=C(N[C@@H](Cc1ccccc1)C(=O)O)C1CCCN1C(=O)OCc1ccccc1,0,authentic,authentic,,,O=C(NCCc1ccccc1)C1CCCN1C(=O)OCc1ccccc1,test,396.4430000000001,2.5997000000000003,0.7500220703895941,29,51
subcategory_halogen-walk.remove-F_2511,OC[C@@](O)(Cn1cncn1)c1ccccc1,1,halogen-walk,remove-F,OC[C@@](O)(Cn1cncn1)c1ccc(F)cc1F,2 10 11 12 13 14 15,c1ccc(CCn2cncn2)cc1,train,219.24400000000003,0.15819999999999945,0.7679671141151108,16,28
subcategory_halogen-walk.remove-F_1891,CCc1cccc2[nH]c(SCc3nccc(OC)c3C)nc12,1,halogen-walk,remove-F,COc1ccnc(CSc2nc3c(C(F)(F)F)cccc3[nH]2)c1C,0 1 3 4 5 6 7 8 9 10 11 12 13 14 15 16 17 18 19 20,c1ccc(CSc2nc3ccccc3[nH]2)nc1,train,313.42600000000004,4.129620000000003,0.7195937638914038,22,35
subcategory_halogen-walk.remove-F_2278,CN(C(=O)C(CCC(O)c1ccccc1)Cc1ccc(-c2cccc(O)c2)cc1)c1ccc(F)cc1,1,halogen-walk,remove-F,CN(C(=O)C(CCC(O)c1ccc(F)cc1)Cc1ccc(-c2cccc(O)c2)cc1)c1ccc(F)cc1,7 9 10 11 12 13 14,O=C(Nc1ccccc1)C(CCCc1ccccc1)Cc1ccc(-c2ccccc2)cc1,train,483.58300000000014,6.5338000000000065,0.28439574950220886,36,60
subcategory_halogen-walk.remove-F_1465,CC(C)n1c(C=CC(O)CC(O)CC(=O)O)c(-c2ccccc2)c2ccccc21,1,halogen-walk,remove-F,CC(C)n1c(C=CC(O)CC(O)CC(=O)O)c(-c2ccc(F)cc2)c2ccccc21,0 1 2 3 4 5 6 7 8 9 10 11 12 13 14 15 17 18 19 20 21 22 23 24 25 26 27 28,c1ccc(-c2c[nH]c3ccccc23)cc1,train,393.483,4.489000000000003,0.5265822047315406,29,50
subcategory_halogen-walk.remove-F_1617,Cc1cccc(Oc2ccc(-c3nc(C)c(C(=O)O)s3)cc2CCC2C=NN=N2)c1,1,halogen-walk,remove-F,Cc1cc(F)ccc1Oc1ccc(-c2nc(C)c(C(=O)O)s2)cc1CCC1C=NN=N1,0 1 2 3 4 5 7 8 9 10 11 12 13 14 15 16 17 18 19 20 21 22 23 24 25 26 27 28,C1=NN=NC1CCc1cc(-c2nccs2)ccc1Oc1ccccc1,train,420.49400000000014,5.670240000000005,0.5323997218735363,30,52
subcategory_halogen-walk.remove-F_1699,O=C(CCc1ccccc1)c1ccccc1OCC(O)CN1CCCCC1,1,halogen-walk,remove-F,Cl.O=C(CCc1ccc(F)cc1)c1ccccc1OCC(O)CN1CCCCC1,0 1 2 4 5 6 7 8 9 10 11 12 13 14 15 16 17 18 19 20 21 22 23 24 25 26,O=C(CCc1ccccc1)c1ccccc1OCCCN1CCCCC1,train,367.48900000000026,3.7277000000000022,0.6863498796235445,27,38
subcategory_halogen-walk.remove-F_251,CCOC(=O)C(NC(C)C(=O)N1CCC[C@H]1C(=O)O)[C@@H](N)Cc1ccccc1,0,authentic,authentic,,,O=C(CNCCCc1ccccc1)N1CCCC1,train,391.468,0.5418000000000032,0.5253028947083299,28,56
subcategory_halogen-walk.remove-F_1295,C=CC(=O)N1Cc2ccc(-c3c(F)cc(C(N)=O)c4[nH]c(C)c(C)c34)cc2C1,0,authentic,authentic,,,c1cc(-c2ccc3c(c2)CNC3)c2cc[nH]c2c1,test,377.41900000000015,3.7179400000000022,0.6825085142831407,28,57
subcategory_halogen-walk.remove-F_1042,COc1cc2c(cc1OC)C(=O)C(CN1CCC(O)(c3ccc(F)cc3)CC1)C2,0,authentic,authentic,,,O=C1c2ccccc2CC1CN1CCC(c2ccccc2)CC1,train,399.4620000000001,3.1815000000000015,0.8369508036141857,29,50
subcategory_halogen-walk.remove-F_1112,CCOc1ccccc1C(=O)NCCCCc1ccccc1,0,authentic,authentic,,,O=C(NCCCCc1ccccc1)c1ccccc1,test,297.3979999999999,3.8380000000000027,0.7518482774314176,22,29
subcategory_halogen-walk.remove-F_155,Cc1c2cccc3c2c(c2ccc4ccccc4c12)CC3,0,authentic,authentic,,,c1cc2c3c(c4ccc5ccccc5c4cc3c1)CC2,val,268.35900000000004,5.553220000000004,0.2894274347351113,21,33
subcategory_halogen-walk.remove-F_380,CCN(CC)CCNc1ccc(CO)c2oc3ccc(O)cc3c(=O)c12,0,authentic,authentic,,,O=c1c2ccccc2oc2ccccc12,train,356.42200000000014,2.897800000000001,0.564526615099048,26,41
subcategory_halogen-walk.remove-F_2748,CC(C)c1c(C=C[C@@H](O)C[C@@H](O)CC(=O)O)c(-c2ccccc2)n2ccccc12,1,halogen-walk,remove-F,CC(C)c1c(C=C[C@@H](O)C[C@@H](O)CC(=O)O)c(-c2ccc(F)cc2)n2ccccc12,0 1 2 3 4 5 6 7 8 9 10 11 12 13 14 15 17 18 19 20 21 22 23 24 25 26 27 28,c1ccc(-c2ccc3ccccn23)cc1,train,393.483,4.329500000000003,0.531984985809882,29,60
subcategory_halogen-walk.remove-F_1404,COc1ccc(Cl)cc1CN(C)C(=O)c1ccc(F)c(S(=O)(=O)N2CCCCC2)c1,0,authentic,authentic,,,O=C(NCc1ccccc1)c1cccc(S(=O)(=O)N2CCCCC2)c1,train,454.9510000000003,3.9345000000000034,0.6627865041243846,30,54
subcategory_halogen-walk.remove-F_2436,COc1ccccc1C(=O)N1CCN(C(=O)CC(N)Cc2ccccc2)CC1,1,halogen-walk,remove-F,COc1ccccc1C(=O)N1CCN(C(=O)CC(N)Cc2ccc(F)c(F)c2)CC1,0 1 2 3 4 5 6 7 8 9 10 11 12 13 14 15 16 17 18 20 21 22 23 24 25 26 27,O=C(CCCc1ccccc1)N1CCN(C(=O)c2ccccc2)CC1,train,381.4760000000001,1.9396999999999995,0.8297312716403767,28,44
subcategory_halogen-walk.remove-F_16,CC(C)(C)CC(=O)N[C@@H](Cc1ccccc1)[C@@H](O)C[C@]1(Cc2ccccc2)N=CC(C2c3ccccc3[C@H]3NC(=O)OC23)=C1O,0,authentic,authentic,,,O=C1N[C@@H]2c3ccccc3C(C3=C[C@@](CCCCc4ccccc4)(Cc4ccccc4)N=C3)C2O1,test,607.7510000000003,5.726000000000004,0.23486312767377665,45,94
subcategory_halogen-walk.remove-F_2770,CCCCCc1cc(C(C)C(=O)N[C@]2(c3ccccc3)CC[C@@H](N3CCC(c4ccc(F)cc4)CC3)CC2)cc(C(F)(F)F)c1,1,halogen-walk,remove-F,CC(C(=O)N[C@]1(c2ccccc2)CC[C@@H](N2CCC(c3ccc(F)cc3)CC2)CC1)c1cc(C(F)(F)F)cc(C(F)(F)F)c1,0 1 2 3 4 5,O=C(Cc1ccccc1)N[C@]1(c2ccccc2)CC[C@@H](N2CCC(c3ccccc3)CC2)CC1,val,622.7910000000004,9.514599999999998,0.18046362305209013,45,84
subcategory_halogen-walk.remove-F_536,CCCc1nn(C)c2c(=O)[nH]c(-c3cc(S(=O)(=O)N4CCN(C)CC4)cc4c3OCC4)nc12,0,authentic,authentic,,,O=c1[nH]c(-c2cc(S(=O)(=O)N3CCNCC3)cc3c2OCC3)nc2cn[nH]c12,val,472.5710000000004,1.147100000000001,0.5925189157300459,33,64
subcategory_halogen-walk.remove-F_1056,CC(C)OCCCc1nnc(-c2cccc(Cl)c2Cl)c(N)n1,0,authentic,authentic,,,c1ccc(-c2cncnn2)cc1,train,341.2420000000001,3.7852000000000023,0.8094890976341683,22,37
subcategory_halogen-walk.remove-F_2140,O=C(O)C[C@@H](O)C[C@@H](O)/C=C/c1c(C2CC2)nc2ccccc2c1-c1ccccc1,1,halogen-walk,remove-F,O=C(O)C[C@@H](O)C[C@@H](O)/C=C/c1c(C2CC2)nc2ccccc2c1-c1ccc(F)cc1,0 1 2 3 4 5 6 7 8 9 10 11 12 13 14 15 16 17 18 19 20 21 22 24 25 26 27 28,c1ccc(-c2cc(C3CC3)nc3ccccc23)cc1,train,403.47800000000007,4.379000000000003,0.51925774027477,30,61
subcategory_halogen-walk.remove-F_522,NCCCNCCCCNCCCNC(=O)Cc1cccc2ccccc12,0,authentic,authentic,,,c1ccc2ccccc2c1,train,370.541,2.1968000000000014,0.3845073938665671,27,34
subcategory_halogen-walk.remove-F_725,CCCNC(CC)C(=O)NCCCN1CCCC1=O,0,authentic,authentic,,,O=C1CCCN1,train,269.38899999999995,0.8932999999999998,0.6112319271869803,19,27
subcategory_halogen-walk.remove-F_1705,COc1ccc2c(c1)c(CC(=O)Nc1ccccc1)c(C(F)(F)F)n2C(=O)c1ccc(Cl)cc1,1,halogen-walk,remove-F,COc1ccc2c(c1)c(CC(=O)Nc1ccc(F)cc1)c(C(F)(F)F)n2C(=O)c1ccc(Cl)cc1,12 13 14 15 16 17 18,O=C(Cc1cn(C(=O)c2ccccc2)c2ccccc12)Nc1ccccc1,train,486.8770000000002,6.191800000000003,0.36560326772087104,34,61
subcategory_halogen-walk.remove-F_2000,C=Cc1cccc2[nH]c(SCc3cc(OC)ccn3)nc12,1,halogen-walk,remove-F,COc1ccnc(CSc2nc3c(C(F)(F)F)cccc3[nH]2)c1,0 1 3 4 5 6 7 8 9 10 11 12 13 14 15 16 17 18 19,c1ccc(CSc2nc3ccccc3[nH]2)nc1,train,297.383,3.9018000000000024,0.7255953712469475,21,35
subcategory_halogen-walk.remove-F_1819,CCc1ccc(CC(n2cncn2)C(O)(Cn2cncn2)c2cccc(C)c2)cc1,1,halogen-walk,remove-F,CCc1ccc(CC(n2cncn2)C(O)(Cn2cncn2)c2ccc(F)cc2F)cc1,0 1 2 3 4 5 6 7 8 9 10 11 12 14 15 16 17 18 19 20 21 22 23 24 25 26 27 28 29,c1ccc(CC(C(Cn2cncn2)c2ccccc2)n2cncn2)cc1,train,402.5020000000001,3.1122200000000015,0.4897117680961861,30,48
subcategory_halogen-walk.remove-F_162,Cc1c(C(=O)c2ccccc2F)c2ccccc2n1C(C)CN1CCOCC1,0,authentic,authentic,,,O=C(c1ccccc1)c1cn(CCN2CCOCC2)c2ccccc12,train,380.46300000000025,4.213020000000003,0.6220063438070583,28,43
subcategory_halogen-walk.remove-F_1829,C[C@@H](n1nccn1)[C@](O)(Cn1cncn1)c1ccccc1,1,halogen-walk,remove-F,C[C@@H](n1nccn1)[C@](O)(Cn1cncn1)c1ccc(F)cc1F,0 1 2 3 4 5 6 8 9 10 11 12 13 14 15 16 17 18 19,c1ccc(C(Cn2cncn2)Cn2nccn2)cc1,train,284.323,1.0185999999999997,0.7561250990118724,21,41
subcategory_halogen-walk.remove-F_2725,Fc1ccc(-c2[nH]c(SC(F)(F)F)nc2-c2ccccc2)cc1,1,halogen-walk,remove-F,Fc1ccc(-c2nc(SC(F)(F)F)[nH]c2-c2ccc(F)cc2)cc1,0 1 2 3 4 5 6 7 8 9 10 11 12 13 15 16 17 18 19 20 21 22,c1ccc(-c2nc[nH]c2-c2ccccc2)cc1,train,338.329,5.494700000000003,0.5048605823503184,23,42
subcategory_halogen-walk.remove-F_798,CC(C)(C)N=C1N=C(c2ccccc2)N=C1Nc1ccc(Cl)cc1,0,authentic,authentic,,,N=C1N=C(c2ccccc2)N=C1Nc1ccccc1,train,338.8420000000001,4.807800000000004,0.83900262144036,24,42
subcategory_halogen-walk.remove-F_430,CCCC(=O)N[C@@H]1Cc2cccc3ccc(OC)c(c23)C1,0,authentic,authentic,,,c1cc2c3c(cccc3c1)CCC2,train,283.3710000000001,3.231900000000002,0.9352300655926641,21,39
subcategory_halogen-walk.remove-F_2082,C[C@@H](C/C=C/c1ccc(F)cc1)[C@](O)(Cn1cncn1)c1ccccc1,1,halogen-walk,remove-F,C[C@@H](C/C=C/c1ccc(F)cc1)[C@](O)(Cn1cncn1)c1ccc(F)cc1F,0 1 2 3 4 5 6 7 8 9 10 11 13 14 15 16 17 18 19 20 21 22 23 24,C(=C\c1ccccc1)/CCC(Cn1cncn1)c1ccccc1,train,351.425,4.044600000000002,0.6987136648958717,26,51
subcategory_halogen-walk.remove-F_1531,COc1cccc(/C=C2\CCCCC(CN(C)C)C2(O)c2ccccc2)c1,1,halogen-walk,remove-F,COc1cccc(/C=C2\CCCCC(CN(C)C)C2(O)c2ccc(F)c(C)c2)c1,0 1 2 3 4 5 6 7 8 9 10 11 12 13 14 15 16 17 19 20 21 22 23 24 25 26,C(=C1/CCCCCC1c1ccccc1)/c1ccccc1,train,365.517,4.718200000000004,0.7784982335275966,27,44
subcategory_halogen-walk.remove-F_2088,CCC(F)(F)C(=O)C(NC(=O)C1CCCCN1C(=O)[C@@H](NC(=O)c1ccc(C(=O)N2CCOCC2)cc1)C(C)C)C(C)C,1,halogen-walk,remove-F,CC(C)C(NC(=O)C1CCCCN1C(=O)[C@@H](NC(=O)c1ccc(C(=O)N2CCOCC2)cc1)C(C)C)C(=O)C(F)(F)C(F)(F)F,0 1 3 4 5 6 7 8 9 10 11 12 13 14 15 16 17 18 19 20 21 22 23 24 25 26 27 28 29 30 31 32 33 34 35 36 37 38 39 40 41 42,O=C(NCC(=O)N1CCCCC1)c1ccc(C(=O)N2CCOCC2)cc1,test,606.7110000000002,3.0497000000000014,0.3991481290578908,43,83
subcategory_halogen-walk.remove-F_1751,Oc1ncncc1Oc1ccccc1,1,halogen-walk,remove-F,Oc1ncncc1Oc1ccc(F)cc1,0 1 2 3 4 5 6 8 9 10 11 12,c1ccc(Oc2cncnc2)cc1,train,188.186,1.9744999999999995,0.7823413356844768,14,18
subcategory_halogen-walk.remove-F_885,CCc1nc(-c2ccc(OCC(C)C)c(C#N)c2)sc1C(=O)O,0,authentic,authentic,,,c1ccc(-c2nccs2)cc1,train,330.40900000000005,3.9771800000000024,0.8659372335701045,23,40
subcategory_halogen-walk.remove-F_86,CCOC(=O)[C@H](CCc1ccccc1)NC(C)C(=O)N1[C@H](C(=O)O)CCCC12CCOC2,0,authentic,authentic,,,O=C(CNCCCc1ccccc1)N1CCCCC12CCOC2,val,446.54400000000044,2.1538000000000004,0.5601510956771749,32,61
subcategory_halogen-walk.remove-F_2710,CN(C)CCCC1OC(c2ccccc2)c2ccc(CN)cc21,1,halogen-walk,remove-F,CN(C)CCCC1OC(c2ccc(F)cc2)c2ccc(CN)cc21,0 1 2 3 4 5 6 7 9 10 11 12 13 14 15 16 17 18 19 20 21 22,c1ccc(C2OCc3ccccc32)cc1,train,310.4410000000001,3.647800000000002,0.8849092069773005,23,35
subcategory_halogen-walk.remove-F_965,CC(C)N(CCC(CCN1CCCCC1)(C(N)=O)c1ccc(F)cc1)C(C)C,0,authentic,authentic,,,c1ccc(CCCN2CCCCC2)cc1,train,391.57500000000005,3.9337000000000018,0.6573041175632222,28,47
subcategory_halogen-walk.remove-F_299,O=C1[C@H](CCC(O)c2ccc(F)cc2)[C@@H](c2cccc(Br)c2)N1c1ccc(F)cc1,0,authentic,authentic,,,O=C1[C@H](CCCc2ccccc2)[C@@H](c2ccccc2)N1c1ccccc1,train,472.32900000000006,5.945200000000004,0.45113437034539106,30,61
subcategory_halogen-walk.remove-F_1784,Cc1c(CC(=O)O)c2cc3c(cc2n1Cc1ccccc1)OCO3,1,halogen-walk,remove-F,Cc1c(CC(=O)O)c2cc3c(cc2n1C(=O)c1cccc(F)c1)OCO3,13 14 15 16 17 18 19 20,O=C(c1ccccc1)n1ccc2cc3c(cc21)OCO3,train,323.34800000000007,3.3538200000000016,0.799657141433648,24,39
subcategory_halogen-walk.remove-F_1072,CN(C)CCC[C@@]1(c2ccccc2)OCc2cc(C#N)ccc21.O=C(O)C(=O)O,0,authentic,authentic,,,c1ccc(C2OCc3ccccc32)cc1,train,396.4430000000001,2.82948,0.7477003550973298,29,53
subcategory_halogen-walk.remove-F_2248,CCCN(C(=O)c1ccccc1C)[C@H]1CCNC1,1,halogen-walk,remove-F,CCCN(C(=O)c1cccc(F)c1Oc1ccccc1)[C@H]1CCNC1,4 6 7 8 9 10 11 12,O=C(N[C@H]1CCNC1)c1ccccc1Oc1ccccc1,test,246.35399999999996,2.2091200000000004,0.8831194867238398,18,31
subcategory_halogen-walk.remove-F_1716,Cc1c(C(=O)N(C)C)c(C)n(C)c1CCC(=O)N1CCN(c2ccccc2)CC1,1,halogen-walk,remove-F,Cc1c(C(=O)N(C)C)c(C)n(C)c1CCC(=O)N1CCN(c2ccc(F)cc2)CC1,0 1 2 3 4 5 6 7 8 9 10 11 12 13 14 15 16 17 18 19 21 22 23 24 25 26 27 28,O=C(CCc1ccc[nH]1)N1CCN(c2ccccc2)CC1,train,396.5350000000002,2.625140000000001,0.7806778181626302,29,51
subcategory_halogen-walk.remove-F_318,O=C[C@H]1C(=O)N(c2ccc(F)cc2)[C@@H]1c1ccc(OCc2ccccc2)cc1,0,authentic,authentic,,,O=C1C[C@@H](c2ccc(OCc3ccccc3)cc2)N1c1ccccc1,train,375.3990000000001,4.307700000000003,0.3664610637161484,28,55
subcategory_halogen-walk.remove-F_1695,CCCn1c(=O)c2nc(C=Cc3ccccc3)[nH]c2n(CCC)c1=O,1,halogen-walk,remove-F,CCCn1c(=O)c2nc(/C=C/c3cc(F)cc(F)c3)[nH]c2n(CCC)c1=O,0 1 2 3 4 5 6 7 8 9 11 12 13 14 15 16 17 18 19 20 21 22 23 24,O=c1[nH]c(=O)c2nc(/C=C/c3ccccc3)[nH]c2[nH]1,train,338.4110000000002,2.8767000000000014,0.7509635194182117,25,43
subcategory_halogen-walk.remove-F_1937,O=C1CC(c2ccc(O)cc2)N1c1ccccc1,1,halogen-walk,remove-F,O=C1CC(c2ccc(O)cc2)N1c1ccc(F)cc1,0 1 2 3 4 5 6 7 8 9 10 12 13 14 15 16,O=C1CC(c2ccccc2)N1c1ccccc1,train,239.27400000000003,2.8702000000000014,0.8184984775354525,18,29
subcategory_halogen-walk.remove-F_2247,CCCOc1ccc(-c2nc(C)c(C(=O)OC)s2)cc1,1,halogen-walk,remove-F,COC(=O)c1sc(-c2ccc(OC(F)(F)F)cc2)nc1C,0 1 2 4 5 6 7 8 9 10 11 12 13 14 15 16 17 18,c1ccc(-c2nccs2)cc1,train,291.37199999999996,3.693920000000002,0.7881949877483727,20,34
subcategory_halogen-walk.remove-F_1721,CN(CCCC1(c2ccccc2)OCc2cc(C#N)ccc21)C1=NCCCCC1,1,halogen-walk,remove-F,CN(CCCC1(c2ccc(F)cc2)OCc2cc(C#N)ccc21)C1=NCCCCC1,0 1 2 3 4 6 7 8 9 10 11 12 13 14 15 16 17 18 19 20 21 22 23 24 25 26 27 28,c1ccc(C2(CCCNC3=NCCCCC3)OCc3ccccc32)cc1,train,387.52700000000027,5.016580000000005,0.7239360064768632,29,45
subcategory_halogen-walk.remove-F_661,COc1cc(N)c(Cl)cc1C(=O)OCCN1CCC(NC(=O)CCCCc2ccccc2)CC1,0,authentic,authentic,,,O=C(CCCCc1ccccc1)NC1CCN(CCOC(=O)c2ccccc2)CC1,test,488.02800000000036,4.0812000000000035,0.28158781202697636,34,53
subcategory_halogen-walk.remove-F_317,CC(/C=C/C(=O)C1=C(O)CN(C)C1=O)=C\c1c(O)ccc2ccccc12,0,authentic,authentic,,,O=C(/C=C/C=C/c1cccc2ccccc12)C1=CCNC1=O,val,349.386,3.358100000000002,0.5039997680436401,26,50
subcategory_halogen-walk.remove-F_2137,CCc1nn(-c2ccc(OC)cc2)c2c1CCN(c1ccc(NC(=O)OC(C)(C)C)cc1)C2=O,1,halogen-walk,remove-F,COc1ccc(-n2nc(C(F)(F)F)c3c2C(=O)N(c2ccc(NC(=O)OC(C)(C)C)cc2)CC3)cc1,0 1 2,O=C1c2c(cnn2-c2ccccc2)CCN1c1ccccc1,train,462.5500000000002,4.993200000000004,0.5771543376351829,34,59
subcategory_halogen-walk.remove-F_2624,O=C(c1ccccc1OCc1ccccc1)N1CCNCC1,1,halogen-walk,remove-F,O=C(c1ccccc1OCc1cccc(F)c1)N1CCNCC1,0 1 2 3 4 5 6 7 8 10 11 12 13 14 15 16 17 18 19 20 21,O=C(c1ccccc1OCc1ccccc1)N1CCNCC1,test,296.37,2.311,0.9411500203748471,22,31
subcategory_halogen-walk.remove-F_2089,CCc1ccccc1CNC(=O)Cc1c(C)n(C(=O)c2ccc(Cl)cc2)c2ccc(OC)cc12,1,halogen-walk,remove-F,COc1ccc2c(c1)c(CC(=O)NCc1ccccc1C(F)(F)F)c(C)n2C(=O)c1ccc(Cl)cc1,0 1 2,O=C(Cc1cn(C(=O)c2ccccc2)c2ccccc12)NCc1ccccc1,val,474.98800000000017,5.721520000000005,0.3722862686323303,34,57
subcategory_halogen-walk.remove-F_2485,C=CCOC1NCC1NS(=O)(=O)c1ccc(OCC)c(-c2nc3c(CCC)nn(C)c3c(=O)[nH]2)c1,1,halogen-walk,remove-F,CCCc1nn(C)c2c(=O)[nH]c(-c3cc(S(=O)(=O)NC4CNC4OC(=O)C(F)(F)F)ccc3OCC)nc12,0 1 2 3,O=c1[nH]c(-c2cccc(S(=O)(=O)NC3CNC3)c2)nc2cn[nH]c12,val,502.5970000000004,1.4536,0.33485408746550693,35,65
subcategory_halogen-walk.remove-F_211,O=C1C[C@@H](c2ccc(F)cc2)[C@H](COc2ccc3c(c2)OCO3)CN1,0,authentic,authentic,,,O=C1C[C@@H](c2ccccc2)[C@H](COc2ccc3c(c2)OCO3)CN1,train,343.3540000000001,2.8531000000000004,0.9274554336031423,25,51
subcategory_halogen-walk.remove-F_823,CN1CCCC2(OCCO2)C1Cc1ccccc1,0,authentic,authentic,,,c1ccc(CC2NCCCC23OCCO3)cc1,test,247.33800000000002,2.0664,0.7982879415682924,18,26
subcategory_halogen-walk.remove-F_203,CCCNCC(O)COc1ccccc1C(=O)CCc1ccccc1.Cl,0,authentic,authentic,,,O=C(CCc1ccccc1)c1ccccc1,train,377.9120000000001,3.663200000000003,0.46314783038411317,26,37
subcategory_halogen-walk.remove-F_916,CC/C=C/c1nc2c(n1Cc1ccc(-c3ccccc3-c3nn[nH]n3)cc1)C(=O)CCCC2,0,authentic,authentic,,,O=C1CCCCc2ncn(Cc3ccc(-c4ccccc4-c4nn[nH]n4)cc3)c21,train,438.5350000000003,5.110800000000004,0.4225904366688208,33,58
subcategory_halogen-walk.remove-F_441,CC(=O)OCC(=O)[C@@]1(O)CCC2C3C[C@H](F)C4=CC(=O)C=CC4(C)C3C(=O)CC21C,0,authentic,authentic,,,O=C1C=CC2C(=C1)CCC1C3CCCC3CC(=O)C21,train,418.46100000000024,2.2846,0.7065178665717647,30,66
subcategory_halogen-walk.remove-F_929,C=CCOc1ccc(S(=O)(=O)N2CCN(C)CC2)cc1C1NC(=O)c2n[nH]c(CCC)c2N1C,0,authentic,authentic,,,O=C1NC(c2cccc(S(=O)(=O)N3CCNCC3)c2)Nc2c[nH]nc21,train,488.61400000000026,1.7415000000000007,0.5447249519265062,34,61
subcategory_halogen-walk.remove-F_2433,NC(Cc1ccc(OCc2ccccc2)cc1)C(=O)O,1,halogen-walk,remove-F,NC(Cc1ccc(OCc2ccc(F)cc2)cc1)C(=O)O,0 1 2 3 4 5 6 7 9 10 11 12 13 14 15 16 17 18 19,c1ccc(COc2ccccc2)cc1,train,271.316,2.22,0.8446243548866397,20,31
subcategory_halogen-walk.remove-F_2102,O=C(O)N1CCC(c2ccccc2)(c2ccccc2)[C@H](COc2ccc3c(c2)OCO3)C1,1,halogen-walk,remove-F,O=C(O)N1CC[C@@](c2ccccc2)(c2ccc(F)cc2)[C@H](COc2ccc3c(c2)OCO3)C1,0 1 2 3 4 5 7 8 9 10 11 12 13 14 15 16 17 18 19 20 21 22 23 24 25 26 27 28 29 30 31,c1ccc(C2(c3ccccc3)CCNC[C@H]2COc2ccc3c(c2)OCO3)cc1,train,431.48800000000034,4.780300000000005,0.6297197832757834,32,57
subcategory_halogen-walk.remove-F_1797,COc1ccc(OC[C@@H]2CNCC[C@@H]2c2ccccc2)cc1O,1,halogen-walk,remove-F,COc1ccc(OC[C@@H]2CNCC[C@@H]2c2ccc(F)cc2)cc1O,0 1 2 3 4 5 6 7 8 9 10 11 12 14 15 16 17 18 19 20 21 22,c1ccc(OC[C@@H]2CNCC[C@@H]2c2ccccc2)cc1,train,313.397,3.1729000000000025,0.8900262040863021,23,41
subcategory_halogen-walk.remove-F_669,CCCNC[C@@H](O)COc1ccccc1C(=O)CCc1ccccc1,0,authentic,authentic,,,O=C(CCc1ccccc1)c1ccccc1,train,341.4510000000001,3.2414000000000023,0.4865357366381187,25,39
subcategory_halogen-walk.remove-F_1484,Cc1ccccc1CO[C@H]1CC[C@](O)(c2cccc(O)c2)[C@@H](CN(C)C)C1,1,halogen-walk,remove-F,CN(C)C[C@H]1C[C@@H](OCc2ccc(F)cc2)CC[C@]1(O)c1cccc(O)c1,0 1 2 3 4 5 6 8 9 10 11 12 13 14 15 16 17 18 19 20 21 22 23 24 25 26,c1ccc(COC2CCC(c3ccccc3)CC2)cc1,train,369.5050000000001,3.835320000000003,0.8123988869193642,27,55
subcategory_halogen-walk.remove-F_2381,CC(=O)OCC(O)(Cn1cncn1)c1ccccc1,1,halogen-walk,remove-F,CC(=O)OCC(O)(Cn1cncn1)c1ccc(F)cc1F,0 1 2 3 4 6 7 8 9 10 11 12 13 14 15 16 17,c1ccc(CCn2cncn2)cc1,train,261.281,0.7289999999999992,0.8027539207950128,19,30
subcategory_halogen-walk.remove-F_1740,C=Cc1nc(O)nc2cc(OC)c(OC)cc12,1,halogen-walk,remove-F,COc1cc2nc(O)nc(C(F)(F)F)c2cc1OC,0 1 2,c1ccc2ncncc2c1,train,232.23899999999995,1.9955999999999998,0.8762835747958,17,28
subcategory_halogen-walk.remove-F_450,CCOc1cccc(C(=O)NC2CCCCC2)c1,0,authentic,authentic,,,O=C(NC1CCCCC1)c1ccccc1,train,247.33799999999994,3.147800000000002,0.8872460299630041,18,27
subcategory_halogen-walk.remove-F_2158,CC[C@@H]1CCN(C(=O)C[C@H](N)Cc2ccccc2)[C@H](C)C(=O)N1,1,halogen-walk,remove-F,CC[C@@H]1CCN(C(=O)C[C@H](N)Cc2cc(F)c(F)cc2F)[C@H](C)C(=O)N1,11 12 13 14 15 16 17,O=C1CN(C(=O)CCCc2ccccc2)CCCN1,train,317.43300000000005,1.4621,0.8631577106042039,23,52
subcategory_halogen-walk.remove-F_2035,CC(C)c1ccc2c(-c3ccccc3)c(/C=C/C3CC(O)CC(=O)O3)n(C(C)C)c2c1,1,halogen-walk,remove-F,CC(C)c1ccc2c(-c3ccc(F)cc3)c(/C=C/C3CC(O)CC(=O)O3)n(C(C)C)c2c1,0 1 2 3 4 5 6 8 9 10 11 12 13 14 15 16 17 18 19 20 21 22 23 24 25 26 27 28 29 30,O=C1CCCC(/C=C/c2[nH]c3ccccc3c2-c2ccccc2)O1,train,417.5490000000002,6.092300000000008,0.5109893057906908,31,58
subcategory_halogen-walk.remove-F_505,CCN(CC)CCOC(=O)c1c(C)oc2ccc(OC)cc12.[Cl-],0,authentic,authentic,,,c1ccc2occc2c1,train,340.827,0.252420000000001,0.6764482086910788,23,41
subcategory_halogen-walk.remove-F_490,Cc1sc(NC(=O)C(=O)O)nc1-c1ccc2c(c1)OCCO2,0,authentic,authentic,,,c1nc(-c2ccc3c(c2)OCCO3)cs1,train,320.32600000000014,1.9128199999999997,0.8203948093584902,22,39
subcategory_halogen-walk.remove-F_1300,CCC1(c2ccccc2)NC(=O)N(CC(=O)NO)C1=O,0,authentic,authentic,,,O=C1NC(=O)C(c2ccccc2)N1,train,277.28,0.34910000000000035,0.4198842492129045,20,35
subcategory_halogen-walk.remove-F_608,COc1ccc(CCC(=O)NCC#CCOc2cccc(C(F)(F)F)c2)cc1,0,authentic,authentic,,,O=C(CCc1ccccc1)NCC#CCOc1ccccc1,test,391.389,3.845200000000003,0.7298121682747091,28,44
subcategory_halogen-walk.remove-F_327,CCc1c(Cl)cccc1-c1nnc(N2CCCC2)nc1N,0,authentic,authentic,,,c1ccc(-c2cnc(N3CCCC3)nn2)cc1,test,303.797,2.9368000000000007,0.9439299461115649,21,33
subcategory_halogen-walk.remove-F_1026,Cn1ccnc1-c1ccccc1NCC1=NCCN1,0,authentic,authentic,,,c1ccc(-c2ncc[nH]2)c(NCC2=NCCN2)c1,val,255.325,1.5006999999999997,0.870235350201775,19,27
subcategory_halogen-walk.remove-F_1000,NC(=O)c1ncn([C@@H]2O[C@H](COCP(=O)(O)O)[C@H](O)C2O)n1,0,authentic,authentic,,,c1ncn([C@H]2CCCO2)n1,train,338.21299999999997,-2.851999999999999,0.3372440396707401,22,53
subcategory_halogen-walk.remove-F_96,CC(C)c1cc(-c2ccc(F)cc2)c(-c2ccccc2)n1/C=C/[C@@H](O)C[C@@H](O)CC(=O)O,0,authentic,authentic,,,c1ccc(-c2cc[nH]c2-c2ccccc2)cc1,train,437.51100000000014,5.141900000000008,0.43278544316777506,32,68
subcategory_halogen-walk.remove-F_1872,CN(C)c1cccc(-c2ccc([C@@H]3[C@@H](CC[C@H](O)c4ccccc4)C(=O)N3c3ccc(F)cc3)cc2)c1,1,halogen-walk,remove-F,CN(C)c1cccc(-c2ccc([C@@H]3[C@@H](CC[C@H](O)c4ccc(F)cc4)C(=O)N3c3ccc(F)cc3)cc2)c1,16 18 19 20 21 22 23,O=C1[C@H](CCCc2ccccc2)[C@@H](c2ccc(-c3ccccc3)cc2)N1c1ccccc1,train,494.6100000000001,6.776600000000006,0.2747974783243138,37,77
subcategory_halogen-walk.remove-F_1767,COc1cc2nc(N3CCN(C(=O)C=Cc4ccccc4)CC3)nc(N)c2cc1OC,1,halogen-walk,remove-F,COc1cc2nc(N3CCN(C(=O)/C=C/c4cccc(F)c4)CC3)nc(N)c2cc1OC,14 15 16 17 18 19 20,O=C(/C=C/c1ccccc1)N1CCN(c2ncc3ccccc3n2)CC1,train,419.48500000000024,2.5912000000000006,0.6354446414944143,31,49
subcategory_halogen-walk.remove-F_2546,CN1CCN(CC(O)COc2ccccc2)CC1,1,halogen-walk,remove-F,CN1CCN(CC(O)COc2ccc(F)cc2C(=O)CCc2ccccc2)CC1.Cl,9 10 11 12 13 14 15,O=C(CCc1ccccc1)c1ccccc1OCCCN1CCNCC1,train,250.34199999999996,0.6736999999999989,0.8332159579984032,18,26
subcategory_halogen-walk.remove-F_2630,CCOc1ccc2nc(SCc3ccccc3C)[nH]c2c1,1,halogen-walk,remove-F,CCOc1ccc2nc(SCc3c(F)c(F)c(F)c(F)c3F)[nH]c2c1,9 10 11 12 13 14 15 16 17,c1ccc(CSc2nc3ccccc3[nH]2)cc1,train,298.411,4.562320000000003,0.7015306401015601,21,32
subcategory_halogen-walk.remove-F_2823,O=S(=O)(c1nc(-c2ccccc2)c(-c2ccc(F)cc2)[nH]1)C(F)F,1,halogen-walk,remove-F,O=S(=O)(c1nc(-c2ccc(F)cc2)c(-c2ccc(F)cc2)[nH]1)C(F)F,0 1 2 3 4 6 7 8 9 10 11 12 13 14 15 16 17 18 19 20 21 22 23,c1ccc(-c2nc[nH]c2-c2ccccc2)cc1,train,352.337,3.879100000000001,0.7750372664401658,24,49
subcategory_halogen-walk.remove-F_2298,CCCC(C)n1c(CC)nc2c(-c3ccc(OC)cc3CC(C)C)ccnc21,1,halogen-walk,remove-F,CCCC(C)n1c(CC)nc2c(-c3ccc(OC)cc3C(F)(F)F)ccnc21,0 1 2 3 4 5 6 7 8 9 10 11 12 13 14 15 16 17 18 20 21 22 23 24 25 26 27,c1ccc(-c2ccnc3[nH]cnc23)cc1,train,379.5480000000001,6.2289000000000065,0.465665358296207,28,45
subcategory_halogen-walk.remove-F_244,OC1CN2Cc3cc4c(cc3C13C=CCCC23)OCO4,0,authentic,authentic,,,C1=CC23CCN(Cc4cc5c(cc42)OCO5)C3CC1,val,271.316,1.5617999999999999,0.7271974773737272,20,33
subcategory_halogen-walk.remove-F_1350,COc1ccc(-c2ccccc2C#N)c(OC)c1OC,0,authentic,authentic,,,c1ccc(-c2ccccc2)cc1,train,269.29999999999995,3.2510800000000017,0.8545343038592642,20,30
subcategory_halogen-walk.remove-F_1369,CSC[C@@H](O[C@H](CO)C(C)O)n1ccc(N)nc1=O,0,authentic,authentic,,,O=c1nccc[nH]1,train,289.357,-0.5546,0.6170756715567471,19,39
subcategory_halogen-walk.remove-F_1424,c1ccc(COC2(C3=NCCN3)COc3ccccc3O2)cc1,0,authentic,authentic,,,c1ccc(COC2(C3=NCCN3)COc3ccccc3O2)cc1,val,310.353,2.3726000000000003,0.9418149183930606,23,36
subcategory_halogen-walk.remove-F_2151,CCCOc1ccc(C(=O)NCC2(N3CCN(C(=O)[C@@H](Cc4ccc(Cl)cc4Cl)NC(=O)CCN)CC3)CCCCC2)cc1,1,halogen-walk,remove-F,NCCC(=O)N[C@H](Cc1ccc(Cl)cc1Cl)C(=O)N1CCN(C2(CNC(=O)c3ccc(OC(F)(F)F)cc3)CCCCC2)CC1,0 1 2 3,O=C(NCC1(N2CCN(C(=O)CCc3ccccc3)CC2)CCCCC1)c1ccccc1,train,646.6599999999997,4.435400000000003,0.296636116362945,44,78
subcategory_halogen-walk.remove-F_809,CCOc1nc2nc(C(=O)c3ccccc3)cn2c2c1CCCC2,0,authentic,authentic,,,O=C(c1ccccc1)c1cn2c3c(cnc2n1)CCCC3,train,321.3800000000002,3.237800000000002,0.6923031387758024,24,37
subcategory_halogen-walk.remove-F_1181,Cc1cc(SC2=C(O)OC(CCc3ccc(O)cc3)(C(C)C)CC2=O)c(C(C)(C)C)cc1NS(=O)(=O)c1ccc(C(F)(F)F)cc1,0,authentic,authentic,,,O=C1CC(CCc2ccccc2)OC=C1Sc1ccc(NS(=O)(=O)c2ccccc2)cc1,train,677.8070000000004,8.653920000000005,0.20781814868736664,46,86
subcategory_halogen-walk.remove-F_2050,COc1cccc(C2CCCC(CN(C)C)C2(O)c2ccccc2)c1,1,halogen-walk,remove-F,COc1cccc(C2CCCC(CN(C)C)C2(O)c2ccc(F)cc2OC)c1,0 1 2 3 4 5 6 7 8 9 10 11 12 13 14 15 17 18 19 20 21 22 23 24,c1ccc(C2CCCCC2c2ccccc2)cc1,val,339.479,4.028300000000003,0.8926391658308637,25,39
subcategory_halogen-walk.remove-F_1317,Cc1cc(F)ccc1Oc1ccc(C(F)(F)F)cc1C(=O)NC1CCNC(=O)C1,0,authentic,authentic,,,O=C1CC(NC(=O)c2ccccc2Oc2ccccc2)CCN1,train,410.3670000000002,3.9536200000000017,0.7504033003925316,29,49
subcategory_halogen-walk.remove-F_817,CC(NC1CCCCC1)C(O)c1ccc(O)cc1,0,authentic,authentic,,,c1ccc(CCNC2CCCCC2)cc1,train,249.35400000000004,2.7364000000000006,0.7687714106885276,18,28
subcategory_halogen-walk.remove-F_2549,c1ccc(C2CCNC[C@@H]2COc2ccc3c(c2)OCO3)cc1,1,halogen-walk,remove-F,Fc1ccc(C2CCNC[C@@H]2COc2ccc3c(c2)OCO3)cc1,0 1 2 3 5 6 7 8 9 10 11 12 13 14 15 16 17 18 19 20 21,c1ccc(C2CCNC[C@@H]2COc2ccc3c(c2)OCO3)cc1,test,311.38100000000003,3.187400000000002,0.9411612066593474,23,40
subcategory_halogen-walk.remove-F_2463,COc1ccc(C=C2CCCCC(CN(C)C)C2(O)c2ccccc2)cc1,1,halogen-walk,remove-F,COc1ccc(C=C2CCCCC(CN(C)C)C2(O)c2cc(F)c(F)c(C)c2F)cc1,0 1 2 3 4 5 6 7 8 9 10 11 12 13 14 15 16 18 19 20 21 22 23 24 25 26,C(=C1CCCCCC1c1ccccc1)c1ccccc1,train,365.517,4.718200000000005,0.7784982335275966,27,42
subcategory_halogen-walk.remove-F_1190,NS(=O)(=O)Oc1ccc2c(c1)CCC2=O,0,authentic,authentic,,,O=C1CCc2ccccc21,train,227.24099999999996,0.3978,0.7917200825600947,15,28
subcategory_halogen-walk.remove-F_1321,CCCC(C)c1cccc(C(C)C)c1O,0,authentic,authentic,,,c1ccccc1,train,206.32899999999998,4.4192000000000045,0.7728246138034117,15,23
subcategory_halogen-walk.remove-F_474,COc1ccc(F)cc1C1(O)CCCCC1(Cc1ccc(F)cc1)CN(C)C,0,authentic,authentic,,,c1ccc(CC2CCCCC2c2ccccc2)cc1,val,389.48600000000005,4.525700000000004,0.7881721707061254,28,44
subcategory_halogen-walk.remove-F_594,COc1ccc2c(c1)[C@H](N1CCN(C(=O)C(C)C)CC1)CC2,0,authentic,authentic,,,c1ccc2c(c1)CC[C@H]2N1CCNCC1,train,302.4180000000001,2.4827000000000004,0.8597711461755136,22,43
subcategory_halogen-walk.remove-F_335,COc1ccc2c(c1)c(C(=O)N/N=C/c1ccc(Cl)cc1)c(C)n2C,0,authentic,authentic,,,O=C(N/N=C/c1ccccc1)c1c[nH]c2ccccc12,train,355.8250000000001,3.912620000000002,0.569466094390628,25,46
subcategory_halogen-walk.remove-F_2814,CCc1ccc(CNCC(O)COc2ccccc2C(=O)NCCC(C)C)cc1,1,halogen-walk,remove-F,CC(C)CCNC(=O)c1ccccc1OCC(O)CNCc1ccc(C(F)(F)F)cc1,0 1 3 4 5 6 7 8 9 10 11 12 13 14 15 16 17 18 19 20 21 22 23 24 25 26 27,c1ccc(CNCCCOc2ccccc2)cc1,train,398.5470000000002,3.554400000000003,0.5113080124279636,29,42
subcategory_halogen-walk.remove-F_1029,N#Cc1ccc2c(c1)COC2(CCCN1CCCCC1)c1ccc(F)cc1,0,authentic,authentic,,,c1ccc(C2(CCCN3CCCCC3)OCc3ccccc32)cc1,train,364.464,4.737280000000005,0.7689558374633069,27,42
subcategory_halogen-walk.remove-F_2230,CCCCCCN1CC[C@H](c2ccccc2)[C@@H](COc2ccc3c(c2)OCO3)C1,1,halogen-walk,remove-F,CCCCCCN1CC[C@H](c2ccc(F)cc2)[C@@H](COc2ccc3c(c2)OCO3)C1,9 10 11 12 13 14 15,c1ccc([C@H]2CCNC[C@@H]2COc2ccc3c(c2)OCO3)cc1,train,395.5430000000003,5.4801000000000055,0.526170239181926,29,52
subcategory_halogen-walk.remove-F_1459,CC(C)n1c(/C=C/C2CC(O)CC(=O)O2)c(-c2ccccc2)c2ccccc21,1,halogen-walk,remove-F,Cc1cc(-c2c(/C=C/C3CC(O)CC(=O)O3)n(C(C)C)c3ccccc23)ccc1F,0 1 2 3 4 5 6 7 8 9 10 11 12 13 14 16 17 18 19 20 21 22 23 24 25 26 27,O=C1CCCC(/C=C/c2[nH]c3ccccc3c2-c2ccccc2)O1,train,375.468,4.968900000000004,0.6552453769982958,28,51
subcategory_halogen-walk.remove-F_1748,COc1ccccc1C(=O)N1CCN(C(=O)C[C@H](N)Cc2ccccc2)CC1,1,halogen-walk,remove-F,COc1ccccc1C(=O)N1CCN(C(=O)C[C@H](N)Cc2ccc(F)c(F)c2)CC1,0 1 2 3 4 5 6 7 8 9 10 11 12 13 14 15 16 18 19 20 21 22 23 24 25 26 27,O=C(CCCc1ccccc1)N1CCN(C(=O)c2ccccc2)CC1,train,381.4760000000001,1.9396999999999995,0.8297312716403767,28,48
subcategory_halogen-walk.remove-F_1411,COc1ccc(OCCCN)c(C(=O)N2CC(Oc3ccccc3F)C2)c1,0,authentic,authentic,,,O=C(c1ccccc1)N1CC(Oc2ccccc2)C1,test,374.41200000000003,2.4653,0.7187940949751263,27,42
subcategory_halogen-walk.remove-F_958,CC(C)NCC(O)c1ccc(Cl)c(Cl)c1,0,authentic,authentic,,,c1ccccc1,train,248.153,3.024800000000001,0.8578914108469589,15,27
subcategory_halogen-walk.remove-F_2183,COc1ccc(OC)c(C(=O)NCC2(c3ccccc3)CCOCC2)c1,1,halogen-walk,remove-F,COc1ccc(OC)c(C(=O)NCC2(c3ccc(F)cc3)CCOCC2)c1,0 1 2 3 4 5 6 7 8 9 10 11 12 14 15 16 17 18 19 20 21 22 23 24 25,O=C(NCC1(c2ccccc2)CCOCC1)c1ccccc1,train,355.4340000000002,3.182000000000002,0.8646309790551985,26,41
subcategory_halogen-walk.remove-F_1068,CCC1(CC)CC[C@](CN)(CC(=O)O)C1,0,authentic,authentic,,,C1CCCC1,train,213.32099999999994,2.3965000000000005,0.7367374319295723,15,29
subcategory_halogen-walk.remove-F_272,COCCOCC(=O)N1C(=O)CCc2ccc(OCCCCN3CCN(c4cccc(Cl)c4Cl)CC3)cc21,0,authentic,authentic,,,O=C1CCc2ccc(OCCCCN3CCN(c4ccccc4)CC3)cc2N1,train,564.5100000000002,4.443400000000004,0.35323846574110096,38,60
subcategory_halogen-walk.remove-F_527,CCNC(=O)N[C@@H](CNC(=O)c1ccc(Cl)s1)C(=O)Nc1ccc(N2CCOCC2=O)c(F)c1,0,authentic,authentic,,,O=C(CCNC(=O)c1cccs1)Nc1ccc(N2CCOCC2=O)cc1,train,511.9630000000003,1.9600000000000006,0.43044266929467745,34,64
subcategory_halogen-walk.remove-F_1775,O=C(NC[C@@H](C(=O)Nc1ccccc1)N(C1CCC1)C1CC1)c1ccc(Cl)s1,1,halogen-walk,remove-F,O=C(NC[C@@H](C(=O)Nc1ccc(N2CCOCC2=O)c(F)c1)N(C1CCC1)C1CC1)c1ccc(Cl)s1,7 8 9 10 11 12 13,O=C(NC[C@@H](C(=O)Nc1ccc(N2CCOCC2=O)cc1)N(C1CCC1)C1CC1)c1cccs1,test,417.9620000000002,4.155500000000003,0.6776181473373512,28,54
subcategory_halogen-walk.remove-F_501,COc1cc2c(c(OC)c1OC)-c1ccc(OC)c(=O)cc1C(NC(C)=O)CC2,0,authentic,authentic,,,O=c1cccc2c(c1)CCCc1ccccc1-2,train,399.4430000000002,2.871600000000001,0.8325220081385356,29,50
subcategory_halogen-walk.remove-F_1365,Cc1ccc(-c2cnc(N)c(C(=O)Nc3ccc(S(N)(=O)=O)cc3)n2)cc1,0,authentic,authentic,,,O=C(Nc1ccccc1)c1cncc(-c2ccccc2)n1,train,383.4330000000001,1.93392,0.6284636242509971,27,51
subcategory_halogen-walk.remove-F_90,Cc1nc(-c2ccc(OCCC(C)C)c(Cl)c2)sc1C(=O)O,0,authentic,authentic,,,c1ccc(-c2nccs2)cc1,train,339.844,4.895020000000003,0.8131132184762767,22,39
subcategory_halogen-walk.remove-F_939,O=C1Cc2cc(S(=O)(=O)N(Cc3ccco3)c3ccccc3)c(Cl)cc2N1,0,authentic,authentic,,,O=C1Cc2cc(S(=O)(=O)N(Cc3ccco3)c3ccccc3)ccc2N1,val,402.859,3.823100000000003,0.7030607452302087,27,49
subcategory_halogen-walk.remove-F_1260,CCCN(CCC)[C@@H]1Cc2cccc3nc(S)n(c23)C1,0,authentic,authentic,,,c1cc2c3c(c1)ncn3CCC2,train,289.4480000000001,3.3717000000000024,0.8520830787749032,20,37
subcategory_halogen-walk.remove-F_1933,[2H]c1cc(OC[C@@H]2CNCC[C@H]2c2ccccc2)cc2c1OCO2,1,halogen-walk,remove-F,[2H]c1cc([C@@H]2CCNC[C@H]2COc2cc([2H])c3c(c2)OCO3)cc([2H])c1F,0 1 2 3 4 5 6 7 8 9 10 12 13 14 15 16 17 18 19 20 21 22 23,c1ccc([C@@H]2CCNC[C@H]2COc2ccc3c(c2)OCO3)cc1,train,312.3871017780001,3.187400000000001,0.9410193589247774,23,46
subcategory_halogen-walk.remove-F_884,CCNc1ccccc1N1CCN(C(=O)c2cc3ccccc3[nH]2)CC1,0,authentic,authentic,,,O=C(c1cc2ccccc2[nH]1)N1CCN(c2ccccc2)CC1,train,348.45000000000005,3.562100000000002,0.7578905207318604,26,42
subcategory_halogen-walk.remove-F_2289,CN[C@@H]1CC[C@@H](c2cccc(C)c2)c2ccccc21,1,halogen-walk,remove-F,CN[C@@H]1CC[C@@H](c2ccc(F)cc2)c2ccccc21,0 1 2 3 4 6 7 8 9 10 11 12 13 14 15 16 17 18,c1ccc([C@@H]2CCCc3ccccc32)cc1,train,251.373,4.181220000000003,0.8439243700126725,19,39
subcategory_halogen-walk.remove-F_2837,CCC1(CN)OC(=O)Nc2ccc(Cl)cc21,1,halogen-walk,remove-F,Cl.NCC1(C(F)(F)F)OC(=O)Nc2ccc(Cl)cc21,0 1 2,O=C1Nc2ccccc2CO1,train,240.69,2.466100000000001,0.8347513584332185,16,28
subcategory_halogen-walk.remove-F_1050,COc1ccc([C@@H]2CN3CCC[C@@H]3c3ccccc32)cc1,0,authentic,authentic,,,c1ccc([C@@H]2CN3CCC[C@@H]3c3ccccc32)cc1,train,279.383,3.9776000000000034,0.82424668301365,21,41
subcategory_halogen-walk.remove-F_2346,CS(=O)(=O)NCC(O)(Cn1cncn1)c1ccccc1,1,halogen-walk,remove-F,CS(=O)(=O)NCC(O)(Cn1cncn1)c1ccc(F)cc1F,0 1 2 3 4 5 7 8 9 10 11 12 13 14 15 16 17 18,c1ccc(CCn2cncn2)cc1,train,296.35200000000003,-0.2848999999999997,0.7635988932988773,20,34
subcategory_halogen-walk.remove-F_581,COc1cc(C(C)=O)ccc1OCCCN1CCC(=Cc2ccccc2-c2ccc(F)cc2)CC1,0,authentic,authentic,,,C(=C1CCN(CCCOc2ccccc2)CC1)c1ccccc1-c1ccccc1,train,473.58800000000014,6.652200000000007,0.25755474753931534,35,54
subcategory_halogen-walk.remove-F_2676,CCOC(=O)C[C@H](O)C[C@H](O)C=Cc1c(C2CC2)nc2ccccc2c1-c1ccccc1,1,halogen-walk,remove-F,CCOC(=O)C[C@H](O)C[C@H](O)C=Cc1c(C2CC2)nc2ccccc2c1-c1ccc(F)cc1,0 1 2 3 4 5 6 7 8 9 10 11 12 13 14 15 16 17 18 19 20 21 22 23 24 26 27 28 29 30,c1ccc(-c2cc(C3CC3)nc3ccccc23)cc1,train,431.5320000000001,4.857500000000004,0.47325821716687494,32,59
subcategory_halogen-walk.remove-F_682,C=CCC1Oc2ccc(Cl)c(OC)c2-c2ccc3c(c21)C(C)=CC(C)(C)N3,0,authentic,authentic,,,C1=Cc2c(ccc3c2COc2ccccc2-3)NC1,val,381.90300000000013,6.632600000000005,0.6047603719602135,27,51
subcategory_halogen-walk.remove-F_442,CC1(C)C2CC=C(C=NNc3nncc4ccccc34)C1C2,0,authentic,authentic,,,C(=NNc1nncc2ccccc12)C1=CCC2CC1C2,test,292.3860000000001,4.0199000000000025,0.6863644167728409,22,36
subcategory_halogen-walk.remove-F_2440,[2H]C1([2H])Oc2ccc(OC([2H])([2H])[C@H]3C(c4ccccc4C)C([2H])([2H])CNC3([2H])[2H])cc2O1,1,halogen-walk,remove-F,[2H]C1([2H])Oc2ccc(OC([2H])([2H])[C@H]3C(c4ccc(F)cc4)C([2H])([2H])CNC3([2H])[2H])cc2O1,13 14 15 16 17 18 19 20,c1ccc(C2CCNC[C@H]2COc2ccc3c(c2)OCO3)cc1,train,333.4568142240001,3.495820000000002,0.9295423296619277,24,84
subcategory_halogen-walk.remove-F_35,Cc1nc(-c2ccc(OC(C)C)c(C#N)c2)sc1C(=O)N/C=C\CC(F)(F)F,0,authentic,authentic,,,c1ccc(-c2nccs2)cc1,train,409.43300000000005,4.973300000000003,0.7306948600586938,28,52
subcategory_halogen-walk.remove-F_2031,N#Cc1ccc2c(c1)COC2(CCC[NH3+])c1ccccc1,1,halogen-walk,remove-F,N#Cc1ccc2c(c1)COC2(CCC[NH3+])c1ccc(F)cc1,0 1 2 3 4 5 6 7 8 9 11 12 13 14 15 16 17 18 19,c1ccc(C2OCc3ccccc32)cc1,train,279.36299999999994,2.3541800000000004,0.9335432613242839,21,37
subcategory_halogen-walk.remove-F_1810,COc1ccc(CCN2CCC(Cc3ccccc3)CC2)cc1OC,1,halogen-walk,remove-F,COc1ccc(CCN2CCC(C(=O)c3ccc(F)cc3)CC2)cc1OC,0 1 2 3 4 5 6 7 8 9 10 12 13 14 15 16 17 18 19 20 21 22 23 24,O=C(c1ccccc1)C1CCN(CCc2ccccc2)CC1,train,339.47900000000016,4.201000000000004,0.7544566819412641,25,35
subcategory_halogen-walk.remove-F_1455,COc1cc(OC[C@H]2CNCC[C@H]2c2ccccc2)ccc1O,1,halogen-walk,remove-F,COc1cc(OC[C@H]2CNCC[C@H]2c2ccc(F)cc2)ccc1O,12 13 14 15 16 17 18,c1ccc(OC[C@H]2CNCC[C@H]2c2ccccc2)cc1,train,313.39700000000005,3.1729000000000025,0.890026204086302,23,39
subcategory_halogen-walk.remove-F_1583,O=C1C(c2ccccc2)C(c2ccc(O)cc2)N1CCCc1ccccc1,1,halogen-walk,remove-F,O=C1C(c2ccc(F)cc2)C(c2ccc(O)cc2)N1CCCc1ccccc1,0 1 3 4 5 6 7 8 9 10 11 12 13 14 15 16 17 18 19 20 21 22 23 24 25 26,O=C1C(c2ccccc2)C(c2ccccc2)N1CCCc1ccccc1,test,357.4530000000001,4.6921000000000035,0.6501777515086028,27,42
subcategory_halogen-walk.remove-F_1373,CCCCCCCCCC(=O)N1c2ccc(Cl)cc2N=C(N2CCN(C)CC2)c2ccccc21,0,authentic,authentic,,,c1ccc2c(c1)N=C(N1CCNCC1)c1ccccc1N2,train,481.08400000000034,6.7845000000000075,0.39047830524345256,34,53
subcategory_halogen-walk.remove-F_513,N=C(N)NCCC[C@@H](NCc1c[nH]c2ccccc12)C(N)=O,0,authentic,authentic,,,c1ccc2[nH]ccc2c1,train,302.3820000000001,0.37466999999999995,0.2386893880053247,22,42
subcategory_halogen-walk.remove-F_2579,CC(C)OC1CC(=O)OC(/C=C/c2c(-c3ccccc3)c3ccccc3n2C(C)C)C1,1,halogen-walk,remove-F,CC(C)OC1CC(=O)OC(/C=C/c2c(-c3ccc(F)cc3)c3ccccc3n2C(C)C)C1,0 1 2 3 4 5 6 7 8 9 10 11 12 14 15 16 17 18 19 20 21 22 23 24 25 26 27 28 29 30,O=C1CCCC(/C=C/c2[nH]c3ccccc3c2-c2ccccc2)O1,train,417.5490000000002,6.401600000000006,0.4356762961765094,31,54
subcategory_halogen-walk.remove-F_2133,Cc1ccccc1C(CCCN1CCC(c2noc3ccccc23)CC1)c1ccc(F)cc1,1,halogen-walk,remove-F,Fc1ccc(C(CCCN2CCC(c3noc4ccccc34)CC2)c2ccc(F)cc2)cc1,0 1 2 3 4 5 6 7,c1ccc(C(CCCN2CCC(c3noc4ccccc34)CC2)c2ccccc2)cc1,val,442.57800000000015,7.0670200000000065,0.30655257671373676,33,49
subcategory_halogen-walk.remove-F_2135,Cc1cc(F)ccc1-c1nc(N(C(N)=O)c2ccccc2)c2ncn(C)c2n1,1,halogen-walk,remove-F,Cc1cc(F)ccc1-c1nc(N(C(N)=O)c2ccc(F)cc2)c2ncn(C)c2n1,0 1 2 3 4 5 6 7 8 9 10 12 13 14 15 16 17 18 19 20 21 22 23 24 25 26 27,c1ccc(Nc2nc(-c3ccccc3)nc3[nH]cnc23)cc1,test,376.3950000000001,3.6946200000000013,0.5903321551418282,28,48
subcategory_halogen-walk.remove-F_1117,O=c1cc(COC2CCOCC2)occ1OC(=O)[C@]12C[C@H]3C[C@H](C[C@H](C3)C1)C2,0,authentic,authentic,,,O=c1cc(COC2CCOCC2)occ1OC(=O)[C@]12C[C@H]3C[C@H](C[C@H](C3)C1)C2,train,388.46000000000026,3.457200000000002,0.7193800350889398,28,63
subcategory_halogen-walk.remove-F_2543,CC(C)(O)c1nc(-c2ccccc2)c(-c2ccncc2)[nH]1,1,halogen-walk,remove-F,CC(C)(O)c1nc(-c2ccc(F)cc2)c(-c2ccncc2)[nH]1,0 1 2 3 4 5 7 8 9 10 11 12 13 14 15 16 17 18 19 20,c1ccc(-c2nc[nH]c2-c2ccncc2)cc1,train,279.343,3.366100000000001,0.7723982893741471,21,40
subcategory_halogen-walk.remove-F_2666,O=C(CCCN1CCC2(CC1)C(=O)N(Cc1ccccc1I)CN2c1ccccc1)c1ccccc1,1,halogen-walk,remove-F,O=C(CCCN1CCC2(CC1)C(=O)N(Cc1ccccc1I)CN2c1ccccc1)c1ccc(F)cc1,1 30 31 32 33 34 35,O=C(CCCN1CCC2(CC1)C(=O)N(Cc1ccccc1)CN2c1ccccc1)c1ccccc1,train,593.5090000000001,5.5952000000000055,0.2523598847972151,36,56
subcategory_halogen-walk.remove-F_1339,Cc1noc(NS(=O)(=O)c2cccc3c(N(C)C)cccc23)c1C,0,authentic,authentic,,,O=S(=O)(Nc1ccno1)c1cccc2ccccc12,train,345.4240000000001,3.311440000000002,0.7849746603225459,24,42
subcategory_halogen-walk.remove-F_2081,CCOc1ccc2nc(SCc3cccc(C)c3)[nH]c2c1,1,halogen-walk,remove-F,CCOc1ccc2nc(SCc3c(F)c(F)c(F)c(F)c3F)[nH]c2c1,9 10 11 12 13 14 15 16 17,c1ccc(CSc2nc3ccccc3[nH]2)cc1,train,298.411,4.562320000000003,0.7015306401015601,21,34
subcategory_halogen-walk.remove-F_2114,C[C@]1(c2ccccc2)NC(=O)NC1=O,1,halogen-walk,remove-F,C[C@]1(c2ccc(F)cc2)NC(=O)NC1=O,1 2 3 4 5 6 7,O=C1NC(=O)C(c2ccccc2)N1,train,190.20199999999997,0.7411999999999999,0.641569473030129,14,27
subcategory_halogen-walk.remove-F_862,COc1cccc([C@@]2(O)CC3CCC(C3)[C@@H]2CN(C)C)c1F,0,authentic,authentic,,,c1ccc(C2CC3CCC(C3)C2)cc1,train,307.409,3.019700000000001,0.9279231168935447,22,45
subcategory_halogen-walk.remove-F_2556,N#Cc1ccc(CC(n2cncn2)C(O)(Cn2cncn2)c2ccccc2)cc1,1,halogen-walk,remove-F,N#Cc1ccc(CC(n2cncn2)C(O)(Cn2cncn2)c2ccc(F)cc2F)cc1,13 21 22 23 24 25 26,c1ccc(CC(C(Cn2cncn2)c2ccccc2)n2cncn2)cc1,train,385.4310000000001,2.11308,0.5223019723341198,29,46
subcategory_halogen-walk.remove-F_1844,CCc1ccc2nc(SCc3ncc(C)c(OC)c3C)[nH]c2c1,1,halogen-walk,remove-F,COc1c(C)cnc(CSc2nc3ccc(C(F)(F)F)cc3[nH]2)c1C,0 1 2,c1ccc(CSc2nc3ccccc3[nH]2)nc1,train,327.45300000000003,4.4380400000000035,0.7039950593991108,23,38
subcategory_halogen-walk.remove-F_310,[2H]C([2H])([2H])N1C2CC(OC(=O)C(O)(c3cccs3)c3cccs3)CC1C1OC12,0,authentic,authentic,,,O=C(OC1CC2NC(C1)C1OC21)C(c1cccs1)c1cccs1,test,380.5053053340001,2.2010999999999994,0.6508559255154486,25,60
subcategory_halogen-walk.remove-F_2638,Cc1cccc([C@@H]2CCNC[C@H]2COc2cc3c(cc2Cl)OCO3)c1,1,halogen-walk,remove-F,Fc1ccc([C@@H]2CCNC[C@H]2COc2cc3c(cc2Cl)OCO3)cc1,0 1 2 3 4 5 6 24,c1ccc([C@@H]2CCNC[C@H]2COc2ccc3c(c2)OCO3)cc1,train,359.85300000000007,4.149220000000003,0.8897907938320152,25,47
subcategory_halogen-walk.remove-F_1662,OCCCN1CC[C@@H](c2ccccc2)[C@H](COc2ccc3c(c2)OCO3)C1,1,halogen-walk,remove-F,OCCCN1CC[C@@H](c2ccc(F)cc2)[C@H](COc2ccc3c(c2)OCO3)C1,7 8 9 10 11 12 13,c1ccc([C@@H]2CCNC[C@H]2COc2ccc3c(c2)OCO3)cc1,train,369.4610000000002,3.2822000000000022,0.8117025377148935,27,50
subcategory_halogen-walk.remove-F_2591,COc1cc(N2CCC2=O)ccc1N1CCc2c(C(N)=O)nn(-c3ccccc3)c2C1=O,1,halogen-walk,remove-F,COc1ccc(-n2nc(C(N)=O)c3c2C(=O)N(c2ccc(N4CCC4=O)cc2OC)CC3)cc1F,0 1 2 3 4 5 6 7 8 9 10 11 12 13 14 15 16 17 18 19 20 21 23 24 25 26 27 28 29 30 31,O=C1CCN1c1ccc(N2CCc3cnn(-c4ccccc4)c3C2=O)cc1,train,431.45200000000017,1.9193999999999998,0.6207581682143344,32,54
subcategory_halogen-walk.remove-F_589,CCCCC1(c2ccc(F)cc2)OCc2cc(C#N)ccc21.CNC,0,authentic,authentic,,,c1ccc(C2OCc3ccccc32)cc1,train,340.442,4.496980000000003,0.8913103867507561,25,39
subcategory_halogen-walk.remove-F_2023,CCN(CC)Cc1ccc2c(c1)COC2(CCCN(C)C)c1ccccc1,1,halogen-walk,remove-F,CCN(CC)Cc1ccc2c(c1)COC2(CCCN(C)C)c1ccc(F)cc1,0 1 2 3 4 5 6 7 8 9 10 11 12 13 15 16 17 18 19 20 21 22 23 24 25,c1ccc(C2OCc3ccccc32)cc1,train,366.54900000000004,4.644000000000005,0.6426834787446081,27,41
subcategory_halogen-walk.remove-F_711,Cc1cc(C[C@H](N)C(=O)O)cc(C)c1Oc1ccc(O)cc1,0,authentic,authentic,,,c1ccc(Oc2ccccc2)cc1,train,301.34200000000004,2.7557400000000003,0.7893399763778818,22,41
subcategory_halogen-walk.remove-F_1239,CCCC1CCNc2cc3nc(O)cc(C(F)(F)F)c3cc21,0,authentic,authentic,,,c1cnc2cc3c(cc2c1)CCCN3,train,310.319,4.658500000000004,0.8477951620067017,22,36
subcategory_halogen-walk.remove-F_1128,Fc1ccc([C@H]2CCNC[C@H]2COc2ccc3c(c2)OCO3)cc1,0,authentic,authentic,,,c1ccc([C@H]2CCNC[C@H]2COc2ccc3c(c2)OCO3)cc1,train,329.3710000000001,3.326500000000002,0.9339413767145557,24,44
subcategory_halogen-walk.remove-F_2136,OC(c1ccccc1)C(F)n1cncn1,1,halogen-walk,remove-F,OC(c1ccc(F)cc1)C(F)n1cncn1,0 2 3 4 5 6 7 8 9 10 11 12 13 14,c1ccc(CCn2cncn2)cc1,train,207.208,1.4797999999999998,0.8288817981932434,15,23
subcategory_halogen-walk.remove-F_431,C=CC=C(C=C)CN1C2CCC1CC(F)(CC1Cc3cc(OC)c(OC)cc3C1=O)C2,0,authentic,authentic,,,O=C1c2ccccc2CC1CC1CC2CCC(C1)N2,train,425.5440000000002,5.082400000000005,0.5445221140064626,31,53
subcategory_halogen-walk.remove-F_1693,CCc1c(/C=C/C(O)CC(O)CC(=O)O)c(-c2ccccc2)c2c3ccccc3ccn12,1,halogen-walk,remove-F,CCc1c(/C=C/C(O)CC(O)CC(=O)O)c(-c2ccc(F)cc2)c2c3ccccc3ccn12,0 1 2 3 4 5 6 7 8 9 10 11 12 13 14 16 17 18 19 20 21 22 23 24 25 26 27 28 29 30 31,c1ccc(-c2ccn3ccc4ccccc4c23)cc1,train,429.5160000000001,4.921700000000004,0.37123347431204584,32,55
subcategory_halogen-walk.remove-F_512,CCCc1nn(C)c2c(=O)[nH]c(-c3cc(S(=O)(=O)Oc4ccncc4)ccc3OCC)nc12,0,authentic,authentic,,,O=c1[nH]c(-c2cccc(S(=O)(=O)Oc3ccncc3)c2)nc2cn[nH]c12,test,469.52300000000025,2.8375000000000012,0.3901144298041671,33,60
subcategory_halogen-walk.remove-F_2572,O=C(c1ccccc1)c1ccc2n1CCC2C(=O)O,1,halogen-walk,remove-F,O=C(c1ccc(F)cc1F)c1ccc2n1CCC2C(=O)O,0 2 3 4 5 6 7 8 9 10 11 12 13 14 15 16 17 18,O=C(c1ccccc1)c1ccc2n1CCC2,train,255.27299999999997,2.291,0.855918702387755,19,31
subcategory_halogen-walk.remove-F_85,COc1ccc2c(c1)OCC1c3cc(O)c(OCC(C)C)cc3OC21,0,authentic,authentic,,,c1ccc2c(c1)OC1c3ccccc3OCC21,val,342.3910000000001,4.045300000000003,0.9084439581751333,25,41
subcategory_halogen-walk.remove-F_2327,Cc1ccccc1Oc1cc(C(F)(F)F)ccc1C(=O)NC1CCNC(=O)C1,1,halogen-walk,remove-F,O=C1CC(NC(=O)c2ccc(C(F)(F)F)cc2Oc2ccc(F)cc2CO)CCN1,0 1 2 3 4 5 6 8 9 10 11 12 13 14 15 16 17 18 19 20 21 22 23 24 25 26 27,O=C1CC(NC(=O)c2ccccc2Oc2ccccc2)CCN1,train,392.3770000000002,3.8145200000000026,0.8315078117838832,28,46
subcategory_halogen-walk.remove-F_2667,CCCCN(C)CCC[C@@]1(c2ccccc2)OCc2cc(C#N)ccc21,1,halogen-walk,remove-F,CCCCN(C)CCC[C@@]1(c2ccc(F)cc2)OCc2cc(C#N)ccc21,0 1 2 3 4 5 6 7 8 10 11 12 13 14 15 16 17 18 19 20 21 22 23 24,c1ccc(C2OCc3ccccc32)cc1,train,348.49000000000007,4.844180000000005,0.6844274821684903,26,43
subcategory_halogen-walk.remove-F_2095,COc1ccc(CCC(C)NCc2ccccc2C)cc1,1,halogen-walk,remove-F,COc1ccc(CCC(C)NCc2ccc(F)cc2)cc1,0 1 2 3 4 5 6 7 8 9 11 12 13 14 15 16 17 18 19 20,c1ccc(CCCNCc2ccccc2)cc1,val,283.415,4.114520000000003,0.8252265273803592,21,29
subcategory_halogen-walk.remove-F_460,CC(C)n1c(/C=C/[C@@H](O)C[C@@H](O)CC(N)=O)c(-c2ccc(F)cc2)c2ccccc21,0,authentic,authentic,,,c1ccc(-c2c[nH]c3ccccc23)cc1,train,410.48900000000003,4.028800000000002,0.5238589108099692,30,65
subcategory_halogen-walk.remove-F_695,Cc1cc(C)n2nc(-c3ccc(F)cc3)c(/C=C/C(O)CC(=O)CC(=O)O)c(C(C)C)c12,0,authentic,authentic,,,c1ccc(-c2ccc3cccn3n2)cc1,train,438.4990000000003,4.688640000000003,0.49805265965546724,32,62
subcategory_halogen-walk.remove-F_1783,CN(C)CCCC1(c2ccccc2)OC(O)c2cc(C#N)ccc21,1,halogen-walk,remove-F,CN(C)CCCC1(c2ccc(F)cc2)OC(O)c2cc(C#N)ccc21,0 1 2 3 4 5 7 8 9 10 11 12 13 14 15 16 17 18 19 20 21 22,c1ccc(C2OCc3ccccc32)cc1,train,322.4080000000001,3.164780000000002,0.9184800271523493,24,39
subcategory_halogen-walk.remove-F_713,C=CC(=O)N1CCc2c(-c3c(F)cc(C(N)=O)c4[nH]c(C)c(C)c34)cccc21,0,authentic,authentic,,,c1cc2c(c(-c3cccc4[nH]ccc34)c1)CCN2,train,377.4190000000001,3.7648400000000013,0.6817320962001621,28,57
subcategory_halogen-walk.remove-F_1049,Nc1ccc2c(c1)C(c1ccccc1)=NCC(=O)N2,0,authentic,authentic,,,O=C1CN=C(c2ccccc2)c2ccccc2N1,train,251.28900000000002,2.0583,0.7616612253294931,19,33
subcategory_halogen-walk.remove-F_1562,CCc1ccc2c(C(C)C)c(/C=C/C(O)CC(O)CC(=O)O)c(-c3ccccc3)nn12,1,halogen-walk,remove-F,CCc1ccc2c(C(C)C)c(/C=C/C(O)CC(O)CC(=O)O)c(-c3ccc(F)cc3)nn12,22 23 24 25 26 27 28,c1ccc(-c2ccc3cccn3n2)cc1,train,422.52500000000015,4.286900000000002,0.47821532028627145,31,56
subcategory_halogen-walk.remove-F_837,CCCc1nn(C)c2c(=O)[nH]c(-c3cc(S(=O)(=O)NCCN(C)C)ccc3OCC)nc12,0,authentic,authentic,,,O=c1[nH]c(-c2ccccc2)nc2cn[nH]c12,train,462.5760000000003,1.5147,0.4682596228955155,32,59
subcategory_halogen-walk.remove-F_65,COc1ccc(Cl)cc1C(=O)Nc1ccc(CN2CCNCC2)cc1,0,authentic,authentic,,,O=C(Nc1ccc(CN2CCNCC2)cc1)c1ccccc1,train,359.85700000000014,3.006100000000001,0.8613067493041041,25,39
subcategory_halogen-walk.remove-F_22,CCCC(NC(=O)c1ccc(Cl)s1)C(=O)Nc1ccc(N2CCOCC2=O)c(F)c1,0,authentic,authentic,,,O=C(CNC(=O)c1cccs1)Nc1ccc(N2CCOCC2=O)cc1,train,453.92300000000023,3.4410000000000016,0.6718445180470082,30,52
subcategory_halogen-walk.remove-F_1574,C[C@@H](COc1ccc(Cl)cc1C(N)=O)NS(=O)(=O)c1ccc(Oc2ccccc2)cc1,1,halogen-walk,remove-F,C[C@@H](COc1ccc(Cl)cc1C(N)=O)NS(=O)(=O)c1ccc(Oc2ccc(F)cc2)cc1,22 23 24 25 26 27 28,O=S(=O)(NCCOc1ccccc1)c1ccc(Oc2ccccc2)cc1,train,460.93900000000014,3.977000000000002,0.5018449177156804,31,58
subcategory_halogen-walk.remove-F_607,CSCc1nc(C(=O)O)c(C(C)(C)O)n1Cc1ccc(-c2ccccc2-c2nn[nH]n2)cc1,0,authentic,authentic,,,c1ccc(-c2nn[nH]n2)c(-c2ccc(Cn3ccnc3)cc2)c1,train,464.5510000000001,3.5671000000000017,0.3608212570487297,33,59
subcategory_halogen-walk.remove-F_666,NC(=O)c1ncn([C@@H]2O[C@H](COP(=O)(O)OP(=O)(O)OP(=O)(O)O)C[C@H]2O)n1,0,authentic,authentic,,,c1ncn([C@H]2CCCO2)n1,train,468.1450000000001,-1.6313000000000009,0.22213961320668885,28,67
subcategory_halogen-walk.remove-F_331,C=C(c1cc(Cl)ccc1OCCC)n1ccnc1,0,authentic,authentic,,,C=C(c1ccccc1)n1ccnc1,train,262.73999999999995,3.8443000000000023,0.8185086760796265,18,28
subcategory_halogen-walk.remove-F_2034,CC[C@H](O)CC(O)/C=C/c1c(-c2ccccc2)c2ccccc2n1C(C)C,1,halogen-walk,remove-F,CC[C@H](O)CC(O)/C=C/c1c(-c2ccc(F)cc2)c2ccccc2n1C(C)C,0 1 2 3 4 5 6 7 8 9 11 12 13 14 15 16 17 18 19 20 21 22 23 24 25 26,c1ccc(-c2c[nH]c3ccccc23)cc1,train,363.5010000000001,5.424300000000004,0.5882314178029854,27,49
subcategory_halogen-walk.remove-F_1323,Cc1cc(C(=O)NCc2ccc(CNS(=O)(=O)c3ccc4c(c3)CCO4)cc2)n(C)n1,0,authentic,authentic,,,O=C(NCc1ccc(CNS(=O)(=O)c2ccc3c(c2)CCO3)cc1)c1ccn[nH]1,train,440.52500000000026,2.07192,0.5856424561712354,31,56
subcategory_halogen-walk.remove-F_2717,CC(C)n1c(CCC(O)CC(O)=CC(=O)O)c(-c2ccccc2)c2ccccc21,1,halogen-walk,remove-F,CC(C)n1c(CCC(O)CC(O)=CC(=O)O)c(-c2ccc(F)cc2)c2ccccc21,16 17 18 19 20 21 22,c1ccc(-c2c[nH]c3ccccc23)cc1,train,393.48300000000006,5.099300000000004,0.36726186310559583,29,50
subcategory_halogen-walk.remove-F_645,Cc1[nH]c2c(c1C(=O)NCCN(C)C)CCC/C2=C1/C(=O)Nc2ccc(F)cc21,0,authentic,authentic,,,O=C1Nc2ccccc2/C1=C1\CCCc2cc[nH]c21,train,396.46600000000007,2.952820000000001,0.695692478233265,29,55
subcategory_halogen-walk.remove-F_1279,OC1CN2Cc3cc4c(cc3C13C=C[C@H](O)C[C@H]23)OCO4,0,authentic,authentic,,,C1=CC23CCN(Cc4cc5c(cc42)OCO5)[C@H]3CC1,test,287.31500000000005,0.5326,0.6817524423185816,21,44
subcategory_halogen-walk.remove-F_1253,O=C1CCCN(c2ccccc2)N1C(=O)c1ccccc1,0,authentic,authentic,,,O=C1CCCN(c2ccccc2)N1C(=O)c1ccccc1,train,280.327,2.870800000000002,0.7941972171719236,21,33
subcategory_halogen-walk.remove-F_1769,O=C1[C@H](C/C=C(\CO)c2ccccc2)[C@@H](c2ccc(O)cc2)N1c1ccc(F)cc1,1,halogen-walk,remove-F,O=C1[C@H](C/C=C(\CO)c2ccc(F)cc2)[C@@H](c2ccc(O)cc2)N1c1ccc(F)cc1,0 1 2 3 4 6 7 8 9 10 11 12 13 14 15 16 17 18 19 20 21 22 23 24 25 26 27 28 29,O=C1[C@H](CC=Cc2ccccc2)[C@@H](c2ccccc2)N1c1ccccc1,train,403.4530000000001,4.701400000000003,0.586655296897031,30,61
subcategory_halogen-walk.remove-F_58,COc1ccc(C=C2CCCC(CN(C)C)C2(O)Cc2ccc(F)cc2)cc1,0,authentic,authentic,,,C(=C1CCCCC1Cc1ccccc1)c1ccccc1,train,383.50700000000006,4.553200000000004,0.794127398180933,28,45
subcategory_halogen-walk.remove-F_2119,Cc1ccccc1CN(CC(O)(Cn1cncn1)c1ccccc1)C1CC1,1,halogen-walk,remove-F,Cc1ccccc1CN(CC(O)(Cn1cncn1)c1ccc(F)cc1F)C1CC1,0 1 2 3 4 5 6 7 8 9 11 12 13 14 15 16 17 18 19 20 21 22 23 24 25 26,c1ccc(CN(CC(Cn2cncn2)c2ccccc2)C2CC2)cc1,train,362.47700000000015,3.1389200000000015,0.6688422971812616,27,41
subcategory_halogen-walk.remove-F_169,COc1cc2c(cc1O)[C@]13C[C@@H](OC)CC=C1CCN3CCC2,0,authentic,authentic,,,C1=C2CCN3CCCc4ccccc4[C@]23CCC1,train,315.4130000000001,2.983200000000001,0.8520894315877087,23,44
subcategory_halogen-walk.remove-F_1899,Cc1cccc(CN2CCC(COc3ccccc3C(=O)NC3CC3)CC2)c1,1,halogen-walk,remove-F,O=C(NC1CC1)c1ccccc1OCC1CCN(C(=O)c2ccc(F)c(F)c2)CC1,0 1 2 3 4 5 6 8 9 10 11 12 13 14 15 16 17 18 19 20 21 22 23 24 25 26,O=C(NC1CC1)c1ccccc1OCC1CCN(C(=O)c2ccccc2)CC1,train,378.5160000000002,4.178220000000003,0.7858764572589022,28,43
subcategory_halogen-walk.remove-F_2859,C[C@@H]1[C@@H](COc2ccc3c(c2)OCO3)C(c2ccccc2)CCN1C1OC=CO1,1,halogen-walk,remove-F,C[C@@H]1[C@@H](COc2ccc3c(c2)OCO3)C(c2ccc(F)cc2)CCN1C1OC=CO1,14 15 16 17 18 19 20,C1=COC(N2CCC(c3ccccc3)[C@H](COc3ccc4c(c3)OCO4)C2)O1,test,395.45500000000015,4.089900000000004,0.7601077987164061,29,56
subcategory_halogen-walk.remove-F_1237,Cc1nc2n(c(=O)c1C(C)CN1CCC(c3noc4cc(F)ccc34)CC1)CCCC2,0,authentic,authentic,,,O=c1c(CCN2CCC(c3noc4ccccc34)CC2)cnc2n1CCCC2,train,424.52000000000027,4.151420000000003,0.6295493814212764,31,52
subcategory_halogen-walk.remove-F_1888,CC1C(c2ccccc2)c2cc3c(cc2OC1N1CCCC1)OCO3,1,halogen-walk,remove-F,CC1C(c2ccc(F)cc2)c2cc3c(cc2OC1N1CCCC1)OCO3,0 1 3 4 5 6 7 8 9 10 11 12 13 14 15 16 17 18 19 20 21 22 23 24,c1ccc(C2CC(N3CCCC3)Oc3cc4c(cc32)OCO4)cc1,train,337.41900000000015,3.997600000000004,0.8287866988821353,25,39
subcategory_halogen-walk.remove-F_2783,CC(C)c1cccc(C(C)C)c1OS(=O)(=O)NC(=O)Oc1ccccc1,1,halogen-walk,remove-F,CC(C)c1cccc(C(C)C)c1OS(=O)(=O)NC(=O)Oc1ccc(F)cc1,0 1 2 3 4 5 6 7 8 9 10 11 12 13 14 15 16 17 18 20 21 22 23 24,O=C(NS(=O)(=O)Oc1ccccc1)Oc1ccccc1,train,377.46200000000005,4.345600000000004,0.8094208535110166,26,45
subcategory_halogen-walk.remove-F_1221,COc1ccc(-n2ncc3cc(OC)c(OC)cc3c2=O)cc1,0,authentic,authentic,,,O=c1c2ccccc2cnn1-c1ccccc1,train,312.32500000000005,2.4115,0.7401051562079061,23,37
subcategory_halogen-walk.remove-F_2375,Cc1ccccc1[C@H]1CNC(=O)C12CCN(CCNC(=O)c1cc3ccccc3[nH]1)CC2,1,halogen-walk,remove-F,O=C(NCCN1CCC2(CC1)C(=O)NC[C@@H]2c1ccc(F)cc1)c1cc2ccccc2[nH]1,0 1 2 3 4 5 6 8 9 10 11 12 13 14 15 16 17 18 19 20 21 22 23 24 25 26 27 28 29 30 31,O=C(NCCN1CCC2(CC1)C(=O)NC[C@@H]2c1ccccc1)c1cc2ccccc2[nH]1,train,430.55200000000013,3.201920000000001,0.5817940191941441,32,57
subcategory_halogen-walk.remove-F_1124,O=C1CC(c2ccc(F)cc2)C(COc2ccc3c(c2)OCO3)CN1,0,authentic,authentic,,,O=C1CC(c2ccccc2)C(COc2ccc3c(c2)OCO3)CN1,train,343.3540000000001,2.8531000000000004,0.9274554336031423,25,42
subcategory_halogen-walk.remove-F_95,O=C(O)CC1(CNC(=O)O)CCCCC1,0,authentic,authentic,,,C1CCCCC1,train,215.24899999999994,1.6792,0.6654640011919789,15,25
subcategory_halogen-walk.remove-F_2593,COC(=O)C[C@@H](O)C[C@H](O)/C=C/c1c(C2CC2)nc2ccccc2c1-c1ccccc1,1,halogen-walk,remove-F,COC(=O)C[C@@H](O)C[C@H](O)/C=C/c1c(C2CC2)nc2ccccc2c1-c1ccc(F)cc1,24 25 26 27 28 29 30,c1ccc(-c2cc(C3CC3)nc3ccccc23)cc1,train,417.5050000000001,4.467400000000003,0.5289085966432223,31,61
subcategory_halogen-walk.remove-F_1761,Cc1cccc(Cn2cc(C(=O)NCCN(C)C)c3ccccc32)c1,1,halogen-walk,remove-F,CN(C)CCNC(=O)c1cn(Cc2ccc(F)cc2)c2ccccc12,0 1 2 3 4 5 7 8 9 10 11 12 13 14 15 16 17 18 19 20 21 22 23,c1ccc(Cn2ccc3ccccc32)cc1,val,335.451,3.2894200000000016,0.750444106797256,25,40
subcategory_halogen-walk.remove-F_2018,NCC1(c2ccccc2)NC(=O)NC1=O,1,halogen-walk,remove-F,NCC1(c2ccc(F)cc2)NC(=O)NC1=O,2 3 4 5 6 7 8,O=C1NC(=O)C(c2ccccc2)N1,train,205.21699999999996,-0.32,0.578392344631825,15,25
subcategory_halogen-walk.remove-F_1067,COc1cccc(CC2(O)CCN(C(C)C)CC2)c1F,0,authentic,authentic,,,c1ccc(CC2CCNCC2)cc1,train,281.3709999999999,2.6121000000000008,0.9205924919009402,20,32
subcategory_halogen-walk.remove-F_1618,CCOC(=O)c1nn(-c2ccccc2)c2c1C1(CC1)CN(c1ccc(N3CCCCC3=O)cc1)C2=O,1,halogen-walk,remove-F,CCOC(=O)c1nn(-c2ccc(OC)c(F)c2)c2c1C1(CC1)CN(c1ccc(N3CCCCC3=O)cc1)C2=O,0 1 2 3 4 5 6 8 9 10 11 12 13 14 15 16 17 18 19 20 21 22 23 24 25 26 27 28 29 30 31 32 33 34 35,O=C1CCCCN1c1ccc(N2CC3(CC3)c3cnn(-c4ccccc4)c3C2=O)cc1,test,484.5560000000004,4.257900000000004,0.5055208488762293,36,62
subcategory_halogen-walk.remove-F_437,CCc1c(C)nc2sc(N3CCC(c4noc5cc(F)ccc45)CC3)c(-c3ccc(C)cc3)n2c1=O,0,authentic,authentic,,,O=c1ccnc2sc(N3CCC(c4noc5ccccc45)CC3)c(-c3ccccc3)n12,test,502.61500000000024,6.266540000000006,0.28998333282296623,36,62
subcategory_halogen-walk.remove-F_1989,CCCCc1ncn(Cc2ccc(-c3ccccc3-c3nn[nH]n3)cc2)c1C(=O)O,1,halogen-walk,remove-F,O=C(O)c1c(C(F)(F)F)ncn1Cc1ccc(-c2ccccc2-c2nn[nH]n2)cc1,0 1 2 3 5 6 7 8 9 10 11 12 13 14 15 16 17 18 19 20 21 22 23 24 25 26 27 28 29,c1ccc(-c2nn[nH]n2)c(-c2ccc(Cn3ccnc3)cc2)c1,train,402.45800000000014,3.819300000000001,0.46361559966434596,30,50
subcategory_halogen-walk.remove-F_499,CCCCN[C@@H]1CN(C(=O)N(C(C)C)C(C)C)C[C@@H]1C(=O)O,0,authentic,authentic,,,C1CCNC1,train,313.442,1.9998999999999996,0.7051776614028721,22,48
subcategory_halogen-walk.remove-F_1464,Fc1ccc(C(c2ccn(-c3ccccc3)c2)n2ccnc2)cc1,1,halogen-walk,remove-F,Fc1ccc(C(c2ccn(-c3ccc(F)cc3)c2)n2ccnc2)cc1,0 1 2 3 4 5 6 7 8 10 11 12 13 14 15 16 17 18 19 20 21 22 23,c1ccc(C(c2ccn(-c3ccccc3)c2)n2ccnc2)cc1,train,317.367,4.450600000000003,0.545066572183181,24,39
subcategory_halogen-walk.remove-F_496,CC(C)c1ccccc1Sc1c(O)cc(-c2ccc(O)c(C(=O)O)c2)oc1=O,0,authentic,authentic,,,O=c1oc(-c2ccccc2)ccc1Sc1ccccc1,train,398.43600000000015,4.690800000000005,0.5719824906517883,28,49
subcategory_halogen-walk.remove-F_1557,O=C1[C@H](C/C=C(\CO)c2ccc(F)cc2)C(c2ccc(O)cc2)N1c1ccccc1,1,halogen-walk,remove-F,O=C1[C@H](C/C=C(\CO)c2ccc(F)cc2)C(c2ccc(O)cc2)N1c1ccc(F)cc1,0 1 2 3 4 5 6 7 8 9 10 11 12 13 14 15 16 17 18 19 20 21 22 24 25 26 27 28,O=C1[C@H](CC=Cc2ccccc2)C(c2ccccc2)N1c1ccccc1,train,403.4530000000001,4.701400000000003,0.586655296897031,30,56
subcategory_halogen-walk.remove-F_1755,CCCCC1(OCCC2CC2)OC(=O)Nc2ccc(Cl)cc21,1,halogen-walk,remove-F,O=C1Nc2ccc(Cl)cc2C(OCCC2CC2)(C(F)(F)F)O1,0 1 2 3 5 6 7 8 9 10 11 12 13 14 15 16 17 18 19 20,O=C1Nc2ccccc2C(OCCC2CC2)O1,val,323.82,5.061800000000004,0.7623726069473341,22,36
subcategory_halogen-walk.remove-F_2705,Cc1cnc(C(=O)N(CCC(=O)N[C@H](C)c2ccccc2)Cc2ccccc2)cn1,1,halogen-walk,remove-F,Cc1cnc(C(=O)N(CCC(=O)N[C@H](C)c2ccccc2)Cc2ccc(F)cc2)cn1,0 1 2 3 4 5 6 7 8 9 10 11 12 13 14 15 16 17 18 19 20 22 23 24 25 26 27 28 29,O=C(CCN(Cc1ccccc1)C(=O)c1cnccn1)NCc1ccccc1,train,402.4980000000001,3.6949200000000024,0.6234579741227474,30,52
subcategory_halogen-walk.remove-F_2496,O=C(CN1C(=O)NC(Cc2ccccc2)(Cc2ccccc2)C1=O)NCc1ccccc1,1,halogen-walk,remove-F,O=C(CN1C(=O)NC(Cc2ccccc2)(Cc2ccccc2)C1=O)NCc1ccc(F)cc1,25 26 27 28 29 30 31,O=C(CN1C(=O)NC(Cc2ccccc2)(Cc2ccccc2)C1=O)NCc1ccccc1,val,427.50400000000013,3.078800000000001,0.542546818437603,32,51
subcategory_halogen-walk.remove-F_1202,CC1(C)CC(C)(C)CC(CN)(CC(=O)O)C1.Cl,0,authentic,authentic,,,C1CCCCC1,train,263.8089999999999,3.0643000000000007,0.8225942365366027,17,34
subcategory_halogen-walk.remove-F_478,Clc1ccc2c(c1)N=C(C1CCNCC1)C1C=CC=CC(=C1)N2Cc1ccccc1,0,authentic,authentic,,,C1=CC2=CC(C=C1)C(C1CCNCC1)=Nc1ccccc1N2Cc1ccccc1,test,415.9680000000001,6.058400000000006,0.6594111563013471,30,51
subcategory_halogen-walk.remove-F_176,CC(C)(C)c1ccc(CNCCCNc2ccnc3cc(Cl)ccc23)cc1,0,authentic,authentic,,,c1ccc(CNCCCNc2ccnc3ccccc23)cc1,train,381.9510000000001,5.777500000000005,0.5092988778523712,27,42
subcategory_halogen-walk.remove-F_2728,[3H]C([3H])([3H])N(C)CCCC1(c2ccccc2)OCc2cc(C#N)ccc21,1,halogen-walk,remove-F,[3H]C([3H])([3H])N(C)CCCC1(c2ccc(F)cc2)OCc2cc(C#N)ccc21,9 10 11 12 13 14 15,c1ccc(C2OCc3ccccc32)cc1,train,312.43314783400007,3.6738800000000023,0.8448750049368572,23,52
subcategory_halogen-walk.remove-F_1040,CC[C@H]1OC(=O)[C@H](C)C(=O)[C@H](C)[C@@H](O[C@@H]2O[C@H](C)C[C@H](N(C)C)[C@H]2O)[C@](C)(OCCN)C[C@@H](C)C(=O)[C@H](C)[C@@H](O)[C@]1(C)O,0,authentic,authentic,,,O=C1CCCCOC(=O)CC(=O)C[C@@H](O[C@H]2CCCCO2)CCC1,train,616.7930000000003,1.0516000000000054,0.23645748236105715,43,134
subcategory_halogen-walk.remove-F_1357,N#Cc1ccc2c(c1)CC[C@H](C#N)[C@H]2CCn1cncn1,0,authentic,authentic,,,c1ccc2c(c1)CCC[C@H]2CCn1cncn1,val,277.33099999999996,2.4096600000000006,0.8626300624026052,21,41
subcategory_halogen-walk.remove-F_2735,CCN(CC)CCC1(c2ccccc2)OCc2cc(C#N)ccc21,1,halogen-walk,remove-F,CCN(CC)CCC1(c2ccc(F)cc2)OCc2cc(C#N)ccc21,0 1 2 3 4 5 6 8 9 10 11 12 13 14 15 16 17 18 19 20 21 22,c1ccc(C2OCc3ccccc32)cc1,train,320.4360000000001,4.0639800000000035,0.8049578987817382,24,37
subcategory_halogen-walk.remove-F_2562,CCCS(=O)(=O)Nc1cccc(OCc2ccc3ccccc3n2)c1,1,halogen-walk,remove-F,O=S(=O)(CC(F)(F)F)Nc1cccc(OCc2ccc3ccccc3n2)c1,0 1 3 4 5 6 7 8 9 10 11 12 13 14 15 16 17 18 19 20 21 22 23,c1ccc(OCc2ccc3ccccc3n2)cc1,test,356.44700000000006,3.9655000000000022,0.6955004326811778,25,39
subcategory_halogen-walk.remove-F_444,C=C/C=C\C1=C(C)Nc2ccc(Cl)cc2N=C1N1CCN(C)CC1.CC.CC,0,authentic,authentic,,,C1=CC(N2CCNCC2)=Nc2ccccc2N1,train,403.0140000000003,6.111500000000007,0.6049511554433804,28,49
subcategory_halogen-walk.remove-F_128,CCOC(=O)[C@H](CCc1ccccc1)N[C@@H](C)C(=O)N1[C@H](C(=O)OC(C)(C)C)C[C@H]2CC=C[C@@H]21,0,authentic,authentic,,,O=C(CNCCCc1ccccc1)N1CC[C@H]2CC=C[C@@H]21,test,470.61000000000035,3.4163000000000014,0.43979567084072124,34,82
subcategory_halogen-walk.remove-F_2297,CC(C)COc1ccc(/N=c2\c(O)c(O)\c2=N/C(C)C(C)(C)C)cc1,1,halogen-walk,remove-F,CC(/N=c1\c(O)c(O)\c1=N/c1ccc(OC(F)(F)F)cc1)C(C)(C)C,0 1 2 3 4,N=c1cc/c1=N\c1ccccc1,train,344.4550000000001,3.5759000000000025,0.870483626680038,25,49
subcategory_halogen-walk.remove-F_1519,CN(CC(O)[C@H](CC=O)Oc1ccccc1)C[C@@H](O)[C@@H]1CC(=O)c2cc(F)ccc2O1,1,halogen-walk,remove-F,CN(CC(O)[C@@H]1CC(=O)c2cc(F)ccc2O1)C[C@@H](O)[C@@H]1CC(=O)c2cc(F)ccc2O1,9 10 11 12 13 14 15,O=C1C[C@@H](CCNCC[C@@H]2CC(=O)c3ccccc3O2)Oc2ccccc21,train,431.4600000000002,1.8496999999999997,0.5544564038482714,31,65
subcategory_halogen-walk.remove-F_462,COc1cc2c(c(O)c1C/C=C(\C)CCC(=O)O)C(=O)OC2,0,authentic,authentic,,,O=C1OCc2ccccc21,val,306.314,2.4247999999999994,0.6190958640720792,22,41
subcategory_halogen-walk.remove-F_642,CCOC(=O)c1c(C(C)(C)O)nc(CC)n1Cc1ccc2c(c1)CCc1ccccc1N2Cc1nn[nH]n1,0,authentic,authentic,,,c1ccc2c(c1)CCc1cc(Cn3ccnc3)ccc1N2Cc1nn[nH]n1,train,515.6180000000002,3.847900000000002,0.3394944642453922,38,64
subcategory_halogen-walk.remove-F_2223,Cc1cccc(C(O)(Cn2cncn2)C(C)n2cncn2)c1,1,halogen-walk,remove-F,CC(n1cncn1)C(O)(Cn1cncn1)c1ccc(F)cc1,0 1 2 3 4 5 7 8 9 10 11 12 13 14 15 16 17 18 19 20,c1ccc(C(Cn2cncn2)Cn2cncn2)cc1,train,298.35,1.3270199999999999,0.7681423427196364,22,36
subcategory_halogen-walk.remove-F_187,NC(=O)C[S@@](=O)Cc1ccccc1-c1cccc(F)c1,0,authentic,authentic,,,c1ccc(-c2ccccc2)cc1,train,291.34700000000004,2.2267,0.917965966380555,20,37
subcategory_halogen-walk.remove-F_2006,CC(C)=C1CCN([C@H](C)[C@](O)(Cn2cncn2)c2ccccc2C)CC1,1,halogen-walk,remove-F,CC(C)=C1CCN([C@H](C)[C@](O)(Cn2cncn2)c2ccc(F)cc2F)CC1,9 17 18 19 20 21 22 23,C=C1CCN(CC(Cn2cncn2)c2ccccc2)CC1,train,354.49800000000016,3.295020000000002,0.8373109793657212,26,50
subcategory_halogen-walk.remove-F_1408,COc1ccc(OC2CCN(C3CCCC3)CC2)c(C(=O)N(C)Cc2ccc(F)cc2)c1,0,authentic,authentic,,,O=C(NCc1ccccc1)c1ccccc1OC1CCN(C2CCCC2)CC1,train,440.5590000000001,4.892300000000005,0.614691395957167,32,53
subcategory_halogen-walk.remove-F_1649,Cc1cccc(N2C(=O)C(CC=C(CO)c3ccc(F)cc3)C2c2ccc(O)cc2)c1,1,halogen-walk,remove-F,O=C1C(CC=C(CO)c2ccc(F)cc2)C(c2ccc(O)cc2)N1c1ccc(F)cc1,0 1 2 3 4 5 7 8 9 10 11 12 13 14 15 16 17 18 19 20 21 22 23 24 25 26 27 28 29,O=C1C(CC=Cc2ccccc2)C(c2ccccc2)N1c1ccccc1,train,417.4800000000001,5.009820000000006,0.5544841081619549,31,53
subcategory_halogen-walk.remove-F_1054,CC1(C)CC(CC2Nc3cc(Cl)c(S(N)(=O)=O)cc3S(=O)(=O)N2)CC(C)(C)N1[O],0,authentic,authentic,,,O=S1(=O)NC(CC2CCNCC2)Nc2ccccc21,train,466.0050000000002,2.0221,0.6229471319373958,29,62
subcategory_halogen-walk.remove-F_1756,CC(C)C(=O)CC(O)CC(O)/C=C/c1c(-c2ccccc2)c2ccccc2n1C(C)C,1,halogen-walk,remove-F,CC(C)C(=O)CC(O)CC(O)/C=C/c1c(-c2ccc(F)cc2)c2ccccc2n1C(C)C,14 15 16 17 18 19 20,c1ccc(-c2c[nH]c3ccccc23)cc1,train,419.5650000000001,5.629500000000005,0.4724432227700745,31,54
subcategory_halogen-walk.remove-F_2883,COc1ccc(C(CCN2CCC(C(=O)c3ccccc3)CC2)C(=O)c2ccccc2)cc1OC,1,halogen-walk,remove-F,COc1ccc(C(CCN2CCC(C(=O)c3ccc(F)cc3)CC2)C(=O)c2ccccc2)cc1OC,0 1 2 3 4 5 6 7 8 9 10 11 12 14 15 16 17 18 19 20 21 22 23 24 25 26 27 28 29 30 31 32 33 34,O=C(c1ccccc1)C1CCN(CCC(C(=O)c2ccccc2)c2ccccc2)CC1,val,471.5970000000002,5.655300000000006,0.35749618471954797,35,55
subcategory_halogen-walk.remove-F_627,CC(C)N(C(=S)NCCCNc1ccnc2cc(Cl)ccc12)C(C)C,0,authentic,authentic,,,c1ccc2ncccc2c1,train,378.9730000000001,4.683500000000003,0.5401853772266073,25,41
subcategory_halogen-walk.remove-F_1446,Cc1cccc(CN2CCN(CC(O)(Cn3cncn3)c3ccccc3)CC2)c1,1,halogen-walk,remove-F,Cc1cccc(CN2CCN(CC(O)(Cn3cncn3)c3ccc(F)cc3F)CC2)c1,0 1 2 3 4 5 6 7 8 9 10 11 13 14 15 16 17 18 19 20 21 22 23 24 25 26 27 28,c1ccc(CN2CCN(CC(Cn3cncn3)c3ccccc3)CC2)cc1,train,391.5190000000001,2.2921199999999997,0.6697490429698439,29,45
subcategory_halogen-walk.remove-F_379,C[C@]1(c2ccccc2)NC(=O)N(C(=O)C=Cc2ccc(C(F)(F)F)cc2)C1=O,0,authentic,authentic,,,O=C(C=Cc1ccccc1)N1C(=O)NC(c2ccccc2)C1=O,train,388.345,3.7124000000000033,0.6439620810571881,28,55
subcategory_halogen-walk.remove-F_936,N=C(N)c1ccc(OC/C=C\COc2ccc(C(=N)N)cc2)cc1,0,authentic,authentic,,,C(=C/COc1ccccc1)/COc1ccccc1,test,324.384,2.26874,0.3381984492012931,24,41
subcategory_halogen-walk.remove-F_140,COc1cc2c(cc1OC)C(=O)C(CC1CCN(Cc3cccc([N+](=O)[O-])c3)CC1)C2,0,authentic,authentic,,,O=C1c2ccccc2CC1CC1CCN(Cc2ccccc2)CC1,train,424.49700000000024,4.269300000000004,0.48768565262668817,31,59
subcategory_halogen-walk.remove-F_2446,CCCN(Cc1ccccc1C)CC(O)(Cn1cncn1)c1ccccc1C,1,halogen-walk,remove-F,CCCN(Cc1ccccc1C)CC(O)(Cn1cncn1)c1ccc(F)cc1F,13 21 22 23 24 25 26 27,c1ccc(CNCC(Cn2cncn2)c2ccccc2)cc1,train,378.52000000000004,3.6949400000000026,0.6168865474910479,28,40
subcategory_halogen-walk.remove-F_2435,CCc1ccc(C2=CC(c3ccc(C)cc3)n3ncnc3N2)cc1,1,halogen-walk,remove-F,Cc1ccc(C2C=C(c3ccc(C(F)(F)F)cc3)Nc3ncnn32)cc1,0 1 3 4 5 6 7 8 9 10 11 12 13 14 15 16 17 18 19 20 21 22,C1=C(c2ccccc2)Nc2ncnn2C1c1ccccc1,test,316.408,4.204920000000003,0.787059958236596,24,39
subcategory_halogen-walk.remove-F_521,Nc1nc(CCCN2CCOCC2)nnc1-c1cccc(Cl)c1Cl,0,authentic,authentic,,,c1ccc(-c2cnc(CCCN3CCOCC3)nn2)cc1,train,368.26800000000003,2.692400000000001,0.8745651929854001,24,37
subcategory_halogen-walk.remove-F_2807,Cc1c(OC[C@@H]2CNCC[C@H]2c2ccccc2)ccc2c1OCO2,1,halogen-walk,remove-F,Cc1c(OC[C@@H]2CNCC[C@H]2c2ccc(F)cc2)ccc2c1OCO2,0 1 2 3 4 5 6 7 8 9 11 12 13 14 15 16 17 18 19 20 21 22 23,c1ccc([C@@H]2CCNC[C@H]2COc2ccc3c(c2)OCO3)cc1,train,325.4080000000002,3.495820000000002,0.933871422698644,24,43
subcategory_halogen-walk.remove-F_2486,CNCc1cc2c(cc1Oc1ccccc1)OCO2,1,halogen-walk,remove-F,CNCc1cc2c(cc1OCc1ccc(F)cc1)OCO2,0 1 2 3 4 5 6 7 8 10 11 12 13 14 15 16 17 18,c1ccc(COc2ccc3c(c2)OCO3)cc1,train,257.289,2.9270000000000014,0.9137804319123487,19,27
subcategory_halogen-walk.remove-F_1934,Cc1ccccc1CC1Nc2cc(Cl)c(S(N)(=O)=O)cc2S(=O)(=O)N1,1,halogen-walk,remove-F,NS(=O)(=O)c1cc2c(cc1Cl)NC(Cc1ccc(F)cc1)NS2(=O)=O,0 1 2 3 4 5 6 7 9 10 11 12 13 14 15 16 17 18 19 20 21 22 23 24,O=S1(=O)NC(Cc2ccccc2)Nc2ccccc21,train,401.8970000000001,1.5684200000000001,0.7208635913998193,25,48
subcategory_halogen-walk.remove-F_332,CC(C)CC(=O)N1CCC(COc2ccccc2C(=O)NC2CC2)CC1,0,authentic,authentic,,,O=C(NC1CC1)c1ccccc1OCC1CCNCC1,train,358.4820000000002,3.242300000000002,0.8139374558574509,26,42
subcategory_halogen-walk.remove-F_1045,N#CC1CCC(c2ccccc2)CC1n1cncn1,0,authentic,authentic,,,c1ccc(C2CCCC(n3cncn3)C2)cc1,val,252.32100000000003,2.926680000000001,0.8253398220500002,19,28
subcategory_halogen-walk.remove-F_1062,CNC(=O)NS(=O)(=O)c1sc(C(C)NC(=O)c2cc(Cl)ccc2OC)cc1OC(F)(F)F,0,authentic,authentic,,,O=C(NCc1cccs1)c1ccccc1,train,515.9190000000002,3.4174000000000024,0.5190837521093784,32,59
subcategory_halogen-walk.remove-F_451,Oc1nc2cc(C#CCN3CCC(O)(Cc4ccc(F)cc4)CC3)ccc2[nH]1,0,authentic,authentic,,,C(#Cc1ccc2[nH]cnc2c1)CN1CCC(Cc2ccccc2)CC1,train,379.43500000000006,2.8287000000000004,0.6121809695942121,28,48
subcategory_halogen-walk.remove-F_232,CCCCCCCCCCCCN1CCOCC1,0,authentic,authentic,,,C1COCCN1,test,255.4459999999999,4.239500000000003,0.5120273563582117,18,20
subcategory_halogen-walk.remove-F_2679,CCc1nn(-c2ccc(OC)cc2)c2c1CCN(CC(=O)NC1(CN3CCCC3)CCCC1)C2=O,1,halogen-walk,remove-F,COc1ccc(-n2nc(C(F)(F)F)c3c2C(=O)N(CC(=O)NC2(CN4CCCC4)CCCC2)CC3)cc1,0 1 3 4 5 6 7 8 9 10 11 12 13 14 15 16 17 18 19 20 21 22 23 24 25 26 27 28 29 30 31 32 33 34,O=C(CN1CCc2cnn(-c3ccccc3)c2C1=O)NC1(CN2CCCC2)CCCC1,val,479.62500000000045,2.966400000000001,0.6298197449881718,35,58
subcategory_halogen-walk.remove-F_577,C[C@@H](OC(C)(C)C)[C@H](N)C(=O)N[C@@H](Cc1ccccc1)C(=O)N1CCC[C@H]1C(=O)O,0,authentic,authentic,,,O=C(CCc1ccccc1)N1CCCC1,train,419.5220000000002,1.320400000000002,0.584181544439795,30,71
subcategory_halogen-walk.remove-F_1137,COC(=O)[C@H](C)NC(=O)Cc1c(C)n(C(=O)c2ccc(Cl)cc2)c2ccc(OC)cc12,0,authentic,authentic,,,O=C(c1ccccc1)n1ccc2ccccc21,train,442.8990000000001,3.5204200000000014,0.5900740356935904,31,61
subcategory_halogen-walk.remove-F_2474,CCCCN(CC(C)(C)C)[C@H](CNC(=O)c1ccc(Cl)s1)C(=O)Nc1ccc(N2CCOCC2=O)cc1F,1,halogen-walk,remove-F,CC(C)(C)CN(CC(F)(F)F)[C@H](CNC(=O)c1ccc(Cl)s1)C(=O)Nc1ccc(N2CCOCC2=O)cc1F,0 1 2 4 5 6 7 8 9 10 11 12 13 14 15 16 17 18 19 20 21 22 23 24 25 26 27 28 29 30 31 32 33 34 35 36 37,O=C(CCNC(=O)c1cccs1)Nc1ccc(N2CCOCC2=O)cc1,train,567.1270000000003,4.789100000000004,0.40805376956139455,38,68
subcategory_halogen-walk.remove-F_464,[O-][N+]1=Cc2ccccc2CC12CCCC2,0,authentic,authentic,,,C1=[NH+]C2(CCCC2)Cc2ccccc21,train,201.2689999999999,2.4847,0.4675328461247672,15,28
subcategory_halogen-walk.remove-F_1248,COCN1C(=O)CN=C(c2ccccc2Cl)c2cc(NO)ccc21,0,authentic,authentic,,,O=C1CN=C(c2ccccc2)c2ccccc2N1,train,345.78600000000006,2.9290000000000003,0.8354772649219281,24,39
subcategory_halogen-walk.remove-F_105,COc1cc2c(c(OC)c1OC)-c1ccc(N3CCCCC3)c(=O)cc1[C@@H](NC(C)=O)CC2,0,authentic,authentic,,,O=c1cc2c(ccc1N1CCCCC1)-c1ccccc1CCC2,test,452.5510000000004,3.8533000000000026,0.7426128549726747,33,61
subcategory_halogen-walk.remove-F_1220,CS(=O)(=O)c1ccc(-c2cc(Cl)cnc2-c2ccc(CO)nc2)cc1,0,authentic,authentic,,,c1ccc(-c2cccnc2-c2cccnc2)cc1,train,374.8490000000001,3.3598000000000017,0.7569286028251322,25,46
subcategory_halogen-walk.remove-F_2733,CC=CC#C[C@]1(CCC)OC(=O)Nc2ccc(Cl)cc21,1,halogen-walk,remove-F,CC=CC#C[C@]1(C(F)(F)F)OC(=O)Nc2ccc(Cl)cc21,5 6 7 8,O=C1Nc2ccccc2CO1,train,289.762,4.477000000000003,0.8154452180042396,20,37
subcategory_halogen-walk.remove-F_1883,CCCN(C1CCC1)[C@@H](CNC(=O)c1ccc(Cl)s1)C(=O)Nc1ccc(N2CCOCC2=O)cc1,1,halogen-walk,remove-F,O=C(NC[C@@H](C(=O)Nc1ccc(N2CCOCC2=O)cc1)N(CC(F)(F)F)C1CCC1)c1ccc(Cl)s1,0 1 3 4 5 6 7 8 9 10 11 12 13 14 15 16 17 18 19 20 21 22 23 24 25 26 27 28 29 30 31 32 33 34,O=C(NC[C@H](NC1CCC1)C(=O)Nc1ccc(N2CCOCC2=O)cc1)c1cccs1,train,519.0670000000003,3.766300000000003,0.49943966438393284,35,64
subcategory_halogen-walk.remove-F_189,O=C(O)COC(CCc1ccccc1)CN1CCN(C(c2ccccc2)c2ccc(Cl)cc2)CC1,0,authentic,authentic,,,c1ccc(CCCCN2CCN(C(c3ccccc3)c3ccccc3)CC2)cc1,train,493.04700000000025,5.149600000000005,0.4009431431294197,35,55
subcategory_halogen-walk.remove-F_877,CCCCCCCCOC(=O)[C@@H]1CCCN1C(=O)[C@H](C)N[C@@H](CCc1ccccc1)C(=O)OCC,0,authentic,authentic,,,O=C(CNCCCc1ccccc1)N1CCCC1,train,488.66900000000027,4.423700000000004,0.2738239598575842,35,66
subcategory_halogen-walk.remove-F_2182,CN(C)CCCC1(c2ccccc2)OCc2cc(/C=C/Cc3ccccc3)ccc21,1,halogen-walk,remove-F,CN(C)CCCC1(c2ccc(F)cc2)OCc2cc(/C=C/Cc3ccccc3)ccc21,0 1 2 3 4 5 7 8 9 10 11 12 13 14 15 16 17 18 19 20 21 22 23 24 25 26 27 28,C(=C\c1ccc2c(c1)COC2c1ccccc1)/Cc1ccccc1,val,397.5620000000001,6.058100000000007,0.4581201277032181,30,47
subcategory_halogen-walk.remove-F_1375,CCCC(N)C(=O)O[C@H]1CC2[C@](C)(CC[C@@H]3OC(C)(c4ccccc4)OC[C@@]23C)C2[C@@H](O)c3c(cc(-c4cccnc4)oc3=O)O[C@@]21C,0,authentic,authentic,,,O=c1oc(-c2cccnc2)cc2c1CC1C(CCC3C1CC[C@@H]1OC(c4ccccc4)OCC31)O2,train,658.7920000000003,5.656300000000007,0.3187950207181458,48,108
subcategory_halogen-walk.remove-F_1986,CN(CCCC1(c2ccccc2)OCc2cc(C#N)ccc21)CC1CC1,1,halogen-walk,remove-F,CN(CCCC1(c2ccc(F)cc2)OCc2cc(C#N)ccc21)CC1CC1,0 1 2 3 4 6 7 8 9 10 11 12 13 14 15 16 17 18 19 20 21 22 23 24 25,c1ccc(C2(CCCNCC3CC3)OCc3ccccc32)cc1,train,346.47400000000016,4.454080000000004,0.7427864437788357,26,41
subcategory_halogen-walk.remove-F_2041,CCc1nn(-c2ccc(OC)cc2)c2c1CCN(c1ccc(C3(C4=NC(C)(C)CO4)CC3)cc1)C2=O,1,halogen-walk,remove-F,COc1ccc(-n2nc(C(F)(F)F)c3c2C(=O)N(c2ccc(C4(C5=NC(C)(C)CO5)CC4)cc2)CC3)cc1,0 1 3 4 5 6 7 8 9 10 11 12 13 14 15 16 17 18 19 20 21 22 23 24 25 26 27 28 29 30 31 32 33 34 35,O=C1c2c(cnn2-c2ccccc2)CCN1c1ccc(C2(C3=NCCO3)CC2)cc1,train,484.6000000000003,4.885100000000005,0.4998679110718253,36,65
subcategory_halogen-walk.remove-F_112,CCCCc1nc2c(n1Cc1ccc(-c3ccccc3-c3nn[nH]n3)cc1)C(=O)CCCC2,0,authentic,authentic,,,O=C1CCCCc2ncn(Cc3ccc(-c4ccccc4-c4nn[nH]n4)cc3)c21,train,440.5510000000003,5.030200000000003,0.40719138164420254,33,55
subcategory_halogen-walk.remove-F_20,Cc1nc(-c2ccc(OCC(C)C)c(C#N)c2)sc1C(=O)NCC1(N(C)C)CCCC1,0,authentic,authentic,,,O=C(NCC1CCCC1)c1cnc(-c2ccccc2)s1,val,440.6130000000003,4.6292000000000035,0.6474791912105973,31,54
subcategory_halogen-walk.remove-F_2550,CN(C(c1ccccc1)c1cccc(F)c1)n1cncn1,1,halogen-walk,remove-F,CN(C(c1ccc(F)cc1)c1cccc(F)c1)n1cncn1,0 1 3 4 5 6 7 8 9 10 11 12 13 14 15 16 17 18 19 20,c1ccc(C(Nn2cncn2)c2ccccc2)cc1,train,282.322,2.7746000000000004,0.7376200263562025,21,33
subcategory_halogen-walk.remove-F_1304,N#CN1CCC(NC(=O)c2ccc(-c3ccccc3)cc2)C1,0,authentic,authentic,,,O=C(NC1CCNC1)c1ccc(-c2ccccc2)cc1,train,291.35400000000004,2.6387800000000006,0.8844816771966036,22,37
subcategory_halogen-walk.remove-F_2225,c1ccc(CN2CC[C@@H](c3ccccc3)[C@H](COc3ccc4c(c3)OCO4)C2)cc1,1,halogen-walk,remove-F,Cl.Fc1ccc([C@@H]2CCN(Cc3ccccc3)C[C@H]2COc2ccc3c(c2)OCO3)cc1,0 1 2 3 4 5 6 7 9 10 11 12 13 14 15 16 17 18 19 20 21 22 23 24 25 26 27 28 29,c1ccc(CN2CC[C@@H](c3ccccc3)[C@H](COc3ccc4c(c3)OCO4)C2)cc1,train,401.5060000000002,5.100000000000005,0.5750038530235984,30,57
subcategory_halogen-walk.remove-F_518,CCCc1nc(C(C)(C)O)c(C(=O)OCC)n1Cc1ccc(-c2ccccc2C#N)cc1,0,authentic,authentic,,,c1ccc(-c2ccc(Cn3ccnc3)cc2)cc1,train,431.5360000000001,4.826680000000005,0.5163840537844815,32,53
subcategory_halogen-walk.remove-F_787,CCOc1ccccc1C(=O)NCc1ccc(C(F)(F)F)cc1,0,authentic,authentic,,,O=C(NCc1ccccc1)c1ccccc1,train,323.31399999999996,4.034100000000003,0.9018750115525663,23,36
subcategory_halogen-walk.remove-F_1644,CC1(C)OB(c2ccc([C@@H]3[C@@H](CC[C@H](O)c4ccccc4)C(=O)N3c3ccc(F)cc3)cc2)OC1(C)C,1,halogen-walk,remove-F,CC1(C)OB(c2ccc([C@@H]3[C@@H](CC[C@H](O)c4ccc(F)cc4)C(=O)N3c3ccc(F)cc3)cc2)OC1(C)C,13 15 16 17 18 19 20,O=C1[C@H](CCCc2ccccc2)[C@@H](c2ccc(B3OCCO3)cc2)N1c1ccccc1,train,501.4070000000002,5.342800000000006,0.35080404256769426,37,78
subcategory_halogen-walk.remove-F_1445,COc1ccc(/C=C(/C)C(O)(Cc2ccccc2)C(C)CN(C)C)cc1,1,halogen-walk,remove-F,COc1ccc(/C=C(/C)C(O)(Cc2ccc(F)cc2)C(C)CN(C)C)cc1,0 1 2 3 4 5 6 7 8 10 11 12 13 14 15 16 17 18 19 20 21 22 23 24 25,C(=Cc1ccccc1)CCc1ccccc1,train,353.50600000000014,4.270000000000004,0.7691624135011402,26,45
subcategory_halogen-walk.remove-F_2632,O=C1[C@H](CC[C@H](O)c2ccccc2)[C@@H](c2ccc(O)cc2)N1c1ccccc1,1,halogen-walk,remove-F,O=C1[C@H](CC[C@H](O)c2ccccc2)[C@@H](c2ccc(O)cc2)N1c1ccc(F)cc1,0 1 2 3 4 5 6 7 8 9 10 11 12 13 14 15 16 17 18 19 20 22 23 24 25 26,O=C1[C@H](CCCc2ccccc2)[C@@H](c2ccccc2)N1c1ccccc1,train,373.45200000000006,4.610100000000004,0.6204449895688177,28,58
subcategory_halogen-walk.remove-F_1337,CC(C)N(CCN1CCC(c2noc3cc(F)ccc23)CC1)C(=O)c1noc2ccccc12,0,authentic,authentic,,,O=C(NCCN1CCC(c2noc3ccccc23)CC1)c1noc2ccccc12,train,450.5140000000003,4.838300000000005,0.4185199196651658,33,54
subcategory_halogen-walk.remove-F_1582,CCCOc1ccnc(CS(=O)c2nc3c(O)cccc3[nH]2)c1C,1,halogen-walk,remove-F,Cc1c(OCC(F)(F)F)ccnc1CS(=O)c1nc2c(O)cccc2[nH]1,0 1 3 4 5 6 7 8 9 10 11 12 13 14 15 16 17 18 19 20 21 22,O=S(Cc1ccccn1)c1nc2ccccc2[nH]1,train,345.42400000000004,3.0685200000000012,0.7166721250753905,24,40
subcategory_halogen-walk.remove-F_693,CC(C)CC[C@@H](O)[C@](C)(O)[C@H]1[C@@H](O)C[C@H]2[C@@H]3CCC4=CC(=O)CC[C@]4(C)[C@H]3CC[C@]12C,0,authentic,authentic,,,O=C1C=C2CC[C@H]3[C@@H]4CCCC4CC[C@@H]3C2CC1,train,432.6450000000003,4.653400000000005,0.5907016421210044,31,91
subcategory_halogen-walk.remove-F_1597,CCc1cccc(COc2ccc(OCC(O)COC)c(C(C)=O)c2)c1,1,halogen-walk,remove-F,COCC(O)COc1ccc(OCc2cccc(C(F)(F)F)c2)cc1C(C)=O,0 1 3 4 5 6 7 8 9 10 11 12 13 14 15 16 17 18 19 20 21 22 23 24,c1ccc(COc2ccccc2)cc1,train,358.4340000000001,3.4167000000000014,0.6594618134080688,26,41
subcategory_halogen-walk.remove-F_81,CN(C)CCC[C@]([OH2+])(c1ccc(F)cc1)c1ccc(C#N)cc1CO,0,authentic,authentic,,,c1ccc(Cc2ccccc2)cc1,train,343.42200000000014,2.499680000000001,0.78540460992935,25,48
subcategory_halogen-walk.remove-F_1041,CCN(CC)CCOc1ccc(C(O)c2c(-c3ccc(OC)cc3)oc3cc(OC)ccc23)cc1,0,authentic,authentic,,,c1ccc(Cc2c(-c3ccccc3)oc3ccccc23)cc1,train,475.58500000000026,5.919300000000007,0.29054127822871123,35,56
subcategory_halogen-walk.remove-F_911,CCCCCN1CC[C@@H](c2ccc(F)cc2)[C@H](COc2cc3c(cc2I)OCO3)C1,0,authentic,authentic,,,c1ccc([C@@H]2CCNC[C@H]2COc2ccc3c(c2)OCO3)cc1,train,525.4020000000002,5.833700000000006,0.32060781603284105,30,55
subcategory_halogen-walk.remove-F_1971,Cc1cccc(C2(CCCN(C)C)OCc3cc(C(F)(F)F)ccc32)c1,1,halogen-walk,remove-F,CN(C)CCCC1(c2ccc(F)cc2)OCc2cc(C(F)(F)F)ccc21,0 1 2 3 4 5 6 25,c1ccc(C2OCc3ccccc32)cc1,train,363.423,5.129420000000005,0.7302006681386835,26,44
subcategory_halogen-walk.remove-F_387,CN1C(=O)N[C@](Cc2ccccc2)(c2ccc(F)cc2)C1=O,0,authentic,authentic,,,O=C1NC(=O)[C@@](Cc2ccccc2)(c2ccccc2)N1,test,298.31700000000006,2.4453000000000005,0.8848960583513661,22,41
subcategory_halogen-walk.remove-F_722,NC(=O)c1ccccc1OCC#CCNC(=O)c1cccc(C(F)(F)F)c1,0,authentic,authentic,,,O=C(NCC#CCOc1ccccc1)c1ccccc1,train,376.33399999999995,2.6165000000000003,0.787457578271681,27,44
subcategory_halogen-walk.remove-F_350,Cc1c(CC(=O)O)c2cc(OCCN3CCOCC3)ccc2n1C(=O)c1ccc(Cl)cc1,0,authentic,authentic,,,O=C(c1ccccc1)n1ccc2cc(OCCN3CCOCC3)ccc21,val,456.92600000000004,3.6297200000000025,0.5843936102906231,32,53
subcategory_halogen-walk.remove-F_1635,CC(Cc1ccc(O)cc1)NC[C@H](O)c1ccccc1,1,halogen-walk,remove-F,CC(Cc1ccc(O)cc1)NC[C@H](O)c1ccc(F)cc1,0 1 2 3 4 5 6 7 8 9 10 11 13 14 15 16 17 18,c1ccc(CCNCCc2ccccc2)cc1,train,271.36,2.6464000000000008,0.7568099253903539,20,34
subcategory_halogen-walk.remove-F_1023,O=C1Nc2ccc(Cl)cc2C(CC2CCCN2C(=O)O)(C(F)(F)F)O1,0,authentic,authentic,,,O=C1Nc2ccccc2C(CC2CCCN2)O1,val,378.734,4.192200000000002,0.8083165005967424,25,46
subcategory_halogen-walk.remove-F_1816,O=C1CCC(NC(=O)c2ccc(C(F)(F)F)cc2Oc2ccccc2)CN1,1,halogen-walk,remove-F,O=C1CCC(NC(=O)c2ccc(C(F)(F)F)cc2Oc2ccc(F)cc2)CN1,0 1 2 3 4 5 6 7 8 9 10 11 12 13 14 15 16 17 19 20 21 22 23 24 25 26,O=C1CCC(NC(=O)c2ccccc2Oc2ccccc2)CN1,test,378.3500000000001,3.5061000000000018,0.8557430060386648,27,45
subcategory_halogen-walk.remove-F_1053,CCCCNC(=O)c1c(N2CCCC2=O)c2cc(F)ccc2n1C,0,authentic,authentic,,,O=C1CCCN1c1c[nH]c2ccccc12,train,331.39099999999996,2.9741000000000017,0.85653653574308,24,38
subcategory_halogen-walk.remove-F_668,COc1cc2nc(N3CCN(C(=O)C4CC5C=CC4C5)CC3)nc(N)c2cc1OC,0,authentic,authentic,,,O=C(C1CC2C=CC1C2)N1CCN(c2ncc3ccccc3n2)CC1,train,409.4900000000003,2.09,0.7729610696619901,30,50
subcategory_halogen-walk.remove-F_769,CC(SC1CCC1)C(O)(Cn1cncn1)c1ccc(F)cc1F,0,authentic,authentic,,,c1ccc(C(CSC2CCC2)Cn2cncn2)cc1,val,339.41100000000006,3.1183000000000014,0.8784831041538921,23,37
subcategory_halogen-walk.remove-F_715,CCOc1ccccc1C(=O)NCC1CCN(C2CCCC2)CC1,0,authentic,authentic,,,O=C(NCC1CCN(C2CCCC2)CC1)c1ccccc1,test,330.4720000000002,3.4697000000000022,0.8682149067035058,24,35
subcategory_halogen-walk.remove-F_2420,Cc1cccnc1CSc1nc2cc(OC(F)CC(C)C)c(O)cc2[nH]1,1,halogen-walk,remove-F,Cc1cccnc1CSc1nc2cc3c(cc2[nH]1)OC(F)(F)C(F)O3,15 17 18 19 20,c1ccc(CSc2nc3cc4c(cc3[nH]2)OCCO4)nc1,val,375.4690000000001,4.984720000000004,0.5696931253857547,26,43
subcategory_halogen-walk.remove-F_870,COc1cc2c(cc1OC)C(c1ccc([N+](=O)[O-])cc1)=NN(C)C(=O)C2,0,authentic,authentic,,,O=C1Cc2ccccc2C(c2ccccc2)=NN1,val,355.3500000000001,2.3789000000000007,0.6198419727194799,26,53
subcategory_halogen-walk.remove-F_2698,Nc1nccc(-c2c(-c3ccccc3)ncn2C2CCNCC2)n1,1,halogen-walk,remove-F,Nc1nccc(-c2c(-c3ccc(F)cc3)ncn2C2CCNCC2)n1,0 1 2 3 4 5 6 8 9 10 11 12 13 14 15 16 17 18 19 20 21 22 23,c1ccc(-c2ncn(C3CCNCC3)c2-c2ccncn2)cc1,train,320.40000000000015,2.5138,0.7747361325520984,24,38
subcategory_halogen-walk.remove-F_1159,CN(CCC[C@@]1(c2ccc(F)cc2)OCc2cc(C#N)ccc21)N=O,0,authentic,authentic,,,c1ccc(C2OCc3ccccc32)cc1,train,339.37000000000006,3.864580000000003,0.5918875531028265,25,45
subcategory_halogen-walk.remove-F_2548,CC(C)(CC(=O)O)Cc1nc2ccccc2n1Cc1ccccc1,1,halogen-walk,remove-F,CC(C)(CC(=O)O)Cc1nc2ccccc2n1Cc1ccc(F)cc1,0 1 2 3 4 5 6 7 8 9 10 11 12 13 14 15 17 18 19 20 21 22,c1ccc(Cn2cnc3ccccc32)cc1,train,322.408,4.128000000000003,0.7422245292204814,24,37
subcategory_halogen-walk.remove-F_2195,C=C(c1ccc(F)cc1)C(O)(Cn1cncn1)c1ccccc1,1,halogen-walk,remove-F,C=C(c1ccc(F)cc1)C(O)(Cn1cncn1)c1ccc(F)cc1F,0 1 2 3 4 5 6 7 8 10 11 12 13 14 15 16 17 18 19 20 21,C=C(c1ccccc1)C(Cn1cncn1)c1ccccc1,train,309.344,3.0184000000000006,0.7879773888304419,23,38
subcategory_halogen-walk.remove-F_544,COC(=O)c1ccc(-c2nc3c(c(=O)n(C)c(=O)n3C)n2C)cc1,0,authentic,authentic,,,O=c1[nH]c(=O)c2[nH]c(-c3ccccc3)nc2[nH]1,val,328.32800000000003,0.42429999999999946,0.6364395161177315,24,46
subcategory_halogen-walk.remove-F_2513,CCCOc1ccnc(CS(=O)c2nc3ccccc3[nH]2)c1OC,1,halogen-walk,remove-F,COc1c(OCC(F)(F)F)ccnc1CS(=O)c1nc2ccccc2[nH]1,0 1 2 4 5 6 7 8 9 10 11 12 13 14 15 16 17 18 19 20 21 22 23,O=S(Cc1ccccn1)c1nc2ccccc2[nH]1,train,345.42400000000004,3.0631000000000013,0.7119810749264118,24,38
subcategory_halogen-walk.remove-F_1512,CCCOc1ccc(Oc2ccc(CC)cc2C(=O)NC2CCNC(=O)C2)cc1,1,halogen-walk,remove-F,CCCOc1ccc(Oc2ccc(C(F)(F)F)cc2C(=O)NC2CCNC(=O)C2)cc1,0 1 2 3 4 5 6 7 8 9 10 11 13 14 15 16 17 18 19 20 21 22 23 24 25 26 27 28,O=C1CC(NC(=O)c2ccccc2Oc2ccccc2)CCN1,train,396.48700000000014,3.8385000000000016,0.7108168881305141,29,45
subcategory_halogen-walk.remove-F_401,OC(Cc1ccc(F)cc1)(Cn1cncn1)Cn1cncn1,0,authentic,authentic,,,c1ccc(CC(Cn2cncn2)Cn2cncn2)cc1,val,302.313,0.6826999999999999,0.7240101286180917,22,34
subcategory_halogen-walk.remove-F_2218,COc1cccc(/C=C2\CCCC(CN(C)C)C2(O)c2ccccc2)c1,1,halogen-walk,remove-F,COc1cccc(/C=C2\CCCC(CN(C)C)C2(O)c2ccc(F)c(C)c2)c1,0 1 2 3 4 5 6 7 8 9 10 11 12 13 14 15 16 18 19 20 21 22 23 24 25,C(=C1/CCCCC1c1ccccc1)/c1ccccc1,train,351.48999999999995,4.328100000000004,0.8702753468293755,26,43
subcategory_halogen-walk.remove-F_152,CCN1CC(C(=O)N(C)Cc2cc3cc(F)ccc3[nH]2)CC1=O,0,authentic,authentic,,,O=C1CC(C(=O)NCc2cc3ccccc3[nH]2)CN1,test,317.3640000000001,2.1338,0.9390490149798075,23,42
subcategory_halogen-walk.remove-F_2176,OC1(c2nc(-c3ccccc3)c(-c3ccncc3)[nH]2)CCCCC1,1,halogen-walk,remove-F,OC1(c2nc(-c3ccc(F)cc3)c(-c3ccncc3)[nH]2)CCCCC1,0 1 2 3 5 6 7 8 9 10 11 12 13 14 15 16 17 18 19 20 21 22 23,c1ccc(-c2nc(C3CCCCC3)[nH]c2-c2ccncc2)cc1,val,319.40800000000024,4.290400000000003,0.7567569890380238,24,43
subcategory_halogen-walk.remove-F_266,COc1cc(NC(C)=O)c(Cl)cc1C(=O)NC1CCN(Cc2ccccc2)C1,0,authentic,authentic,,,O=C(NC1CCN(Cc2ccccc2)C1)c1ccccc1,train,401.89400000000023,3.311300000000002,0.7786042220374262,28,47
subcategory_halogen-walk.remove-F_2881,CC/C(C#N)=C\CC1(C)CCO[C@@]1(CCCN(C)C)c1cccc(C)c1,1,halogen-walk,remove-F,CC/C(C#N)=C\CC1(C)CCO[C@@]1(CCCN(C)C)c1ccc(F)cc1,12 19 20 21 22 23 24 25,c1ccc(C2CCCO2)cc1,val,354.538,5.208800000000005,0.601368801041729,26,48
subcategory_halogen-walk.remove-F_2347,CC(Cl)OC(=O)N(C)CCCC1(c2ccccc2)OCc2cc(C#N)ccc21,1,halogen-walk,remove-F,CC(Cl)OC(=O)N(C)CCCC1(c2ccc(F)cc2)OCc2cc(C#N)ccc21,11 12 13 14 15 16 17,c1ccc(C2OCc3ccccc32)cc1,train,398.89000000000016,4.765480000000005,0.6575632709764424,28,47
subcategory_halogen-walk.remove-F_1075,C[C@H]1CC(=O)C2Oc3c(O)ccc4c3C23CCN(C)C(C4)C13,0,authentic,authentic,,,O=C1CCC2C3Cc4cccc5c4C2(CCN3)C1O5,train,299.37,1.8763,0.7944643903717181,22,45
subcategory_halogen-walk.remove-F_619,Nc1nnc(Cc2ccc(Cl)cc2)c(N)n1,0,authentic,authentic,,,c1ccc(Cc2cncnn2)cc1,train,235.678,1.2801999999999998,0.8183669612276745,16,27
subcategory_halogen-walk.remove-F_2178,O=C1C[C@@H](c2ccc(OCc3ccccc3)cc2)N1c1ccccc1,1,halogen-walk,remove-F,O=C1C[C@@H](c2ccc(OCc3ccccc3)cc2)N1c1ccc(F)cc1,0 1 2 3 4 5 6 7 8 9 10 11 12 13 14 15 16 17 19 20 21 22 23,O=C1C[C@@H](c2ccc(OCc3ccccc3)cc2)N1c1ccccc1,train,329.39900000000006,4.743600000000004,0.6326029669748101,25,43
subcategory_halogen-walk.remove-F_1116,CCN1CCN(C(=O)c2c(C)[nH]c(/C=C3\C(=O)N(CCCN(C)C)c4ccc(Cl)cc43)c2C)CC1.Cl.Cl.Cl,0,authentic,authentic,,,O=C1Nc2ccccc2/C1=C/c1cc(C(=O)N2CCNCC2)c[nH]1,train,607.4540000000005,5.166940000000007,0.4419857346330157,38,77
subcategory_halogen-walk.remove-F_2623,CC(C)n1c(/C=C/C(O)C[C@H](O)CC(=O)C(C)(C)C)c(-c2ccccc2)c2ccccc21,1,halogen-walk,remove-F,CC(C)n1c(/C=C/C(O)C[C@H](O)CC(=O)C(C)(C)C)c(-c2ccc(F)cc2)c2ccccc21,0 1 2 3 4 5 6 7 8 9 10 11 12 13 14 15 16 17 18 20 21 22 23 24 25 26 27 28 29 30 31,c1ccc(-c2c[nH]c3ccccc23)cc1,train,433.5920000000001,6.019600000000006,0.4565478518595028,32,63
subcategory_halogen-walk.remove-F_78,COc1cc2c(cc1OC)C(=O)C(CCCCCC1CCN(Cc3ccccc3)CC1)C2,0,authentic,authentic,,,O=C1c2ccccc2CC1CCCCCC1CCN(Cc2ccccc2)CC1,val,435.60800000000023,5.921500000000006,0.4342230948780734,32,49
subcategory_halogen-walk.remove-F_269,CN1CCN(C2=Nc3cc(Cl)ccc3N(C(=O)C(F)(F)C(F)(F)F)c3ccccc32)CC1,0,authentic,authentic,,,c1ccc2c(c1)N=C(N1CCNCC1)c1ccccc1N2,train,472.84500000000014,4.841400000000005,0.5574772936114161,32,59
subcategory_halogen-walk.remove-F_1278,Cc1cc(C2CCCC2)nc2c(C3CCCC3)cccc12,0,authentic,authentic,,,c1cc(C2CCCC2)c2nc(C3CCCC3)ccc2c1,test,279.42699999999996,5.858420000000005,0.6707569127664275,21,33
subcategory_halogen-walk.remove-F_2002,Cc1ccc2c(c1)COC2(CCC(=O)N(C)C)c1ccccc1,1,halogen-walk,remove-F,Cc1ccc2c(c1)COC2(CCC(=O)N(C)C)c1ccc(F)cc1,9 17 18 19 20 21 22,c1ccc(C2OCc3ccccc32)cc1,train,309.409,3.637220000000003,0.8627807771766195,23,38
subcategory_halogen-walk.remove-F_287,CN(C)C(=O)N1CC[C@@H](c2ccc(F)cc2)[C@@H](COc2ccc3c(c2)OCO3)C1,0,authentic,authentic,,,c1ccc([C@@H]2CCNC[C@@H]2COc2ccc3c(c2)OCO3)cc1,train,400.4500000000002,3.720500000000003,0.7850331692201702,29,60
subcategory_halogen-walk.remove-F_83,CCCCc1nc(Cl)c(C(=O)O)n1Cc1ccc(-c2ccccc2-c2nn[nH]n2)cc1.Cl,0,authentic,authentic,,,c1ccc(-c2nn[nH]n2)c(-c2ccc(Cn3ccnc3)cc2)c1,train,473.3640000000001,4.894500000000004,0.3770406707018506,32,57
subcategory_halogen-walk.remove-F_2427,Cc1c(NC(=O)CN2CCCC2)c[nH]c1/C=C\C(=O)Nc1ccccc1,1,halogen-walk,remove-F,Cc1c(NC(=O)CN2CCCC2)c[nH]c1/C=C1\C(=O)Nc2ccc(F)cc21,19 20 21 22 23 24 25,O=C(CN1CCCC1)Nc1c[nH]c(/C=C2\C(=O)Nc3ccccc32)c1,val,352.43800000000005,3.0093200000000007,0.6995548265576516,26,46
subcategory_halogen-walk.remove-F_2123,CC(C)c1nc2ccccc2c(-c2ccccc2)c1/C=C/[C@@H](O)C[C@@H](O)CC(=O)O,1,halogen-walk,remove-F,CC(C)c1nc2ccccc2c(-c2ccc(F)cc2)c1/C=C/[C@@H](O)C[C@@H](O)CC(=O)O,11 12 13 14 15 16 17,c1ccc(-c2ccnc3ccccc23)cc1,train,405.49400000000014,4.625000000000006,0.5084718941553327,30,61
subcategory_halogen-walk.remove-F_2501,CCN(C(c1ccccc1)c1ccc(F)cc1)n1cncn1,1,halogen-walk,remove-F,CCN(C(c1ccc(F)cc1)c1ccc(F)cc1)n1cncn1,0 1 2 4 5 6 7 8 9 10 11 12 13 14 15 16 17 18 19 20 21,c1ccc(C(Nn2cncn2)c2ccccc2)cc1,train,296.349,3.1647000000000016,0.72499789293388,22,34
subcategory_halogen-walk.remove-F_1123,NC(C(=O)O)c1ccc(Oc2ccccc2)cc1,0,authentic,authentic,,,c1ccc(Oc2ccccc2)cc1,train,243.262,2.563300000000001,0.8651409358805139,18,29
subcategory_halogen-walk.remove-F_1046,CCOC(=O)[C@H](CCc1ccccc1)N[C@@H](C)C(=O)N1[C@H](C(=O)O)C[C@H]2CCC[C@@H]21,0,authentic,authentic,,,O=C(CNCCCc1ccccc1)N1CC[C@H]2CCC[C@@H]21,val,416.5180000000003,2.3831999999999995,0.6003163359035134,30,73
subcategory_halogen-walk.remove-F_1939,Cc1cccc(C(O)(CN(Cc2ccccc2F)C(C)C)Cn2cncn2)c1,1,halogen-walk,remove-F,CC(C)N(Cc1ccccc1F)CC(O)(Cn1cncn1)c1ccc(F)cc1F,0 1 2 3 4 5 7 8 9 10 11 12 13 14 15 16 17 18 19 20 21 22 23 24 25 26,c1ccc(CNCC(Cn2cncn2)c2ccccc2)cc1,train,382.4830000000001,3.524020000000002,0.6476340404781926,28,44
subcategory_halogen-walk.remove-F_1132,O=[N+]([O-])[O-].OCCOCCN1CCN(C2=Nc3ccccc3Sc3ccccc32)CC1,0,authentic,authentic,,,c1ccc2c(c1)N=C(N1CCNCC1)c1ccccc1S2,train,445.52100000000013,2.616900000000001,0.42433780983975805,31,55
subcategory_halogen-walk.remove-F_2421,CCCC(C)n1c(CC(C)C)nc2c(-c3ccc(Cl)cc3Cl)ccnc21,1,halogen-walk,remove-F,CCCC(C)n1c(C(F)F)nc2c(-c3ccc(Cl)cc3Cl)ccnc21,0 1 2 3 4 5 7 8 9 10 11 12 13 14 15 16 17 18 19 20 21 22 23 24,c1ccc(-c2ccnc3[nH]cnc23)cc1,train,390.35800000000006,6.964700000000005,0.45522885452579914,26,45
subcategory_halogen-walk.remove-F_2578,COc1ccc(-c2c(-c3ccccc3)nc3n2CCS3)cc1F,1,halogen-walk,remove-F,COc1ccc(-c2nc3n(c2-c2ccc(OC)c(F)c2)CCS3)cc1F,0 1 2 3 4 5 6 8 9 10 11 12 13 14 15 16 17 18 19 20 21 22,c1ccc(-c2nc3n(c2-c2ccccc2)CCS3)cc1,train,326.396,4.470500000000002,0.7103740817805361,23,37
subcategory_halogen-walk.remove-F_1961,CCc1nc(-c2ccc(OC)cc2OCc2ccccc2)sc1C(=O)O,1,halogen-walk,remove-F,CCc1nc(-c2ccc(OC)cc2OCc2ccc(F)cc2)sc1C(=O)O,0 1 2 3 4 5 6 7 8 9 10 11 12 13 15 16 17 18 19 20 21 22 23 24 25,c1ccc(COc2ccccc2-c2nccs2)cc1,train,369.44200000000006,4.658300000000003,0.6559733997194278,26,40
subcategory_halogen-walk.remove-F_1893,OCCN1CCC(c2cn(-c3ccccc3)c3ccc(Cl)cc23)CC1,1,halogen-walk,remove-F,OCCN1CCC(c2cn(-c3ccc(F)cc3)c3ccc(Cl)cc23)CC1,0 1 2 3 4 5 6 7 8 10 11 12 13 14 15 16 17 18 19 20 21 22 23 24,c1ccc(-n2cc(C3CCNCC3)c3ccccc32)cc1,test,354.88100000000014,4.455600000000003,0.7490843925099768,25,41
subcategory_halogen-walk.remove-F_1903,CCCCc1ccc([C@@H]2[C@@H](CC[C@H](O)c3ccc(C)cc3)C(=O)N2c2ccccc2)cc1,1,halogen-walk,remove-F,CCCCc1ccc([C@@H]2[C@@H](CC[C@H](O)c3ccc(C)cc3)C(=O)N2c2ccc(F)cc2)cc1,0 1 2 3 4 5 6 7 8 9 10 11 12 13 14 15 16 17 18 19 20 21 22 24 25 26 27 28 29 30 31,O=C1[C@H](CCCc2ccccc2)[C@@H](c2ccccc2)N1c1ccccc1,train,427.5880000000001,6.555520000000008,0.39312174565878244,32,65
subcategory_halogen-walk.remove-F_1370,O=C(O)CN1C(=O)[C@@H](N[C@@H](CCc2ccccc2)C(=O)O)CCCC2CCC[C@@H]21,0,authentic,authentic,,,O=C1N[C@H]2CCCC2CCC[C@@H]1NCCCc1ccccc1,train,402.4910000000003,2.2964,0.6159411480615787,29,63
subcategory_halogen-walk.remove-F_600,CCOC(=O)[C@H](CCc1ccccc1)NC(C)C(=O)N1CCC2(CCOC2)[C@H]1C(=O)O,0,authentic,authentic,,,O=C(CNCCCc1ccccc1)N1CCC2(CCOC2)C1,val,432.5170000000004,1.6212000000000004,0.5714608567458074,31,60
subcategory_halogen-walk.remove-F_2054,Cc1cccc(C)c1OCCCNCc1ccccc1,1,halogen-walk,remove-F,Cc1cccc(C)c1OCCCNCc1ccc(F)cc1,13 14 15 16 17 18 19,c1ccc(CNCCCOc2ccccc2)cc1,train,269.388,3.862140000000003,0.7705959962805823,20,26
subcategory_halogen-walk.remove-F_2330,COc1ccc(CN2C(=O)CCc3c(OCC4(N)CCN(c5ccccc5)CC4)ccc(F)c32)cc1,1,halogen-walk,remove-F,COc1ccc(CN2C(=O)CCc3c(OCC4(N)CCN(c5ccc(F)cc5Cl)CC4)ccc(F)c32)cc1,20 21 22 23 24 25 26,O=C1CCc2c(OCC3CCN(c4ccccc4)CC3)cccc2N1Cc1ccccc1,val,489.59100000000024,4.690400000000004,0.5215989674278373,36,59
subcategory_halogen-walk.remove-F_942,COC1(OCC=CCN2CCC(c3noc4cc(F)ccc34)CC2)C=CC(C(C)=O)=CC1,0,authentic,authentic,,,C1=CCC(OCC=CCN2CCC(c3noc4ccccc34)CC2)C=C1,val,440.51500000000027,4.537100000000004,0.4437061335005093,32,54
subcategory_halogen-walk.remove-F_1985,CN(C)CCCC1(c2ccccc2)OCc2cc(I)ccc21,1,halogen-walk,remove-F,CN(C)CCCC1(c2ccc(F)cc2)OCc2cc(I)ccc21,6 7 8 9 10 11 12,c1ccc(C2OCc3ccccc32)cc1,train,407.295,4.406800000000004,0.68148028989788,22,34
subcategory_halogen-walk.remove-F_898,Cc1ccc([C@@H]2CN(c3ccccc3)C[C@H]2C(=O)c2ccc(F)cc2)cc1,0,authentic,authentic,,,O=C(c1ccccc1)[C@@H]1CN(c2ccccc2)C[C@H]1c1ccccc1,train,359.4440000000001,5.237020000000005,0.594084579456045,27,53
subcategory_halogen-walk.remove-F_922,N=C(N)c1ccc(OCCOc2ccc(C(=N)N)cc2)cc1,0,authentic,authentic,,,c1ccc(OCCOc2ccccc2)cc1,test,298.346,1.7125399999999997,0.3532913234599312,22,36
subcategory_halogen-walk.remove-F_2313,CCC(C)N[C@H](C)[C@](O)(Cn1cncn1)c1ccccc1,1,halogen-walk,remove-F,CCC(C)N[C@H](C)[C@](O)(Cn1cncn1)c1ccc(F)cc1F,0 1 2 3 4 5 6 8 9 10 11 12 13 14 15 16 17 18 19,c1ccc(CCn2cncn2)cc1,train,288.39500000000004,1.9424999999999994,0.8171195590260639,21,40
subcategory_halogen-walk.remove-F_156,COc1cc(N)c(Cl)cc1C(=O)NC1CCN(CC2CCN(C(=O)C3CC=CCC3)CC2)CC1,0,authentic,authentic,,,O=C(NC1CCN(CC2CCN(C(=O)C3CC=CCC3)CC2)CC1)c1ccccc1,train,489.0600000000005,3.7199000000000026,0.47035951113149943,34,58
subcategory_halogen-walk.remove-F_1176,CN(C)CCC[C@@]1(c2ccc(F)cc2)OCc2ccccc21,0,authentic,authentic,,,c1ccc(C2OCc3ccccc32)cc1,train,299.389,3.9413000000000036,0.8288842481375454,22,38
subcategory_halogen-walk.remove-F_2744,COc1ccc(C2C(CC[C@@H](O)c3ccccc3)C(=O)N2c2ccc(CN)cc2)cc1,1,halogen-walk,remove-F,COc1ccc(C2C(CC[C@@H](O)c3ccc(F)cc3)C(=O)N2c2ccc(CN)cc2)cc1,0 1 2 3 4 5 6 7 8 9 11 12 13 14 15 16 17 18 19 20 21 22 23 24 25 26 27 28 29 30,O=C1C(CCCc2ccccc2)C(c2ccccc2)N1c1ccccc1,train,416.5210000000002,4.371800000000003,0.5347864231182461,31,55
subcategory_halogen-walk.remove-F_670,CC(C)CCNS(=O)(=O)c1ccc(-c2cnc(N)c(C(=O)Nc3cccnc3)n2)cc1,0,authentic,authentic,,,O=C(Nc1cccnc1)c1cncc(-c2ccccc2)n1,train,440.5290000000001,2.6975000000000016,0.48903294632330163,31,55
subcategory_halogen-walk.remove-F_497,COc1cccc(-n2cnc3nc4ccccc4nc32)c1,0,authentic,authentic,,,c1ccc(-n2cnc3nc4ccccc4nc32)cc1,train,276.29900000000004,2.9773000000000014,0.5645379674350286,21,32
subcategory_halogen-walk.remove-F_2349,C[NH2+][C@H]1CCc2cc(OC)c(OC)c(OC)c2-c2ccc(NCc3cccc(C)c3)c(=O)cc21,1,halogen-walk,remove-F,C[NH2+][C@H]1CCc2cc(OC)c(OC)c(OC)c2-c2ccc(NCc3ccc(F)cc3)c(=O)cc21,0 1 2 3 4 5 6 7 8 9 10 11 12 13 14 15 16 17 18 19 20 21 23 24 25 26 27 28 29 30 31 32 33,O=c1cc2c(ccc1NCc1ccccc1)-c1ccccc1CCC2,train,461.58200000000016,3.840620000000002,0.5593766183484923,34,65
subcategory_halogen-walk.remove-F_2286,Cc1ccccc1OCC1(O)CCN(c2ccc(F)cc2Cl)CC1F,1,halogen-walk,remove-F,O=C1CCc2c(OCC3(O)CCN(c4ccc(F)cc4Cl)CC3F)ccc(F)c2N1,0 1 2 3 4 5 6 8 9 10 11 12 13 14 15 16 17 18 19 20 21 22 23 24,O=C1CCc2c(cccc2OCC2CCN(c3ccccc3)CC2)N1,train,367.82300000000004,4.145820000000003,0.8809165549377402,25,38
subcategory_halogen-walk.remove-F_1560,COP(=O)(/C=C/c1c(-c2ccccc2)c2ccccc2n1C(C)C)CC(=O)CC(=O)O,1,halogen-walk,remove-F,COP(=O)(/C=C/c1c(-c2ccc(F)cc2)c2ccccc2n1C(C)C)CC(=O)CC(=O)O,7 8 9 10 11 12 13,c1ccc(-c2c[nH]c3ccccc23)cc1,train,439.44800000000026,5.828200000000005,0.33497488165307476,31,56
subcategory_halogen-walk.remove-F_2616,OC(Cn1cncn1)(Cn1ccnn1)c1ccccc1,1,halogen-walk,remove-F,OC(Cn1cncn1)(Cn1ccnn1)c1ccc(F)cc1F,1 14 15 16 17 18 19,c1ccc(C(Cn2cncn2)Cn2ccnn2)cc1,train,270.296,0.4575999999999991,0.7279710652448387,20,30
subcategory_halogen-walk.remove-F_1927,COc1ccccc1C(=O)N1CCN(C(=O)C[C@H](N)Cc2ccccc2C)CC1,1,halogen-walk,remove-F,COc1ccccc1C(=O)N1CCN(C(=O)C[C@H](N)Cc2ccc(F)c(F)c2)CC1,0 1 2 3 4 5 6 7 8 9 10 11 12 13 14 15 16 17 18 20 21 22 23 24 25 26 27 28,O=C(CCCc1ccccc1)N1CCN(C(=O)c2ccccc2)CC1,train,395.50300000000016,2.24812,0.8139938977464509,29,49
subcategory_halogen-walk.remove-F_240,CCC[C@@H]1CC2C3CCC(=O)C3(C)CCC2C2(C)CCC(=O)C=C12,0,authentic,authentic,,,O=C1C=C2CCC3C4CCC(=O)C4CCC3C2CC1,train,328.4960000000001,5.113600000000005,0.7053206907275269,24,48
subcategory_halogen-walk.remove-F_1667,CC(SC1CCOC1)C(O)(Cn1cncn1)c1ccccc1,1,halogen-walk,remove-F,CC(SC1CCOC1)C(O)(Cn1cncn1)c1ccc(F)cc1F,0 1 2 3 4 5 6 7 9 10 11 12 13 14 15 16 17 18 19 20,c1ccc(C(CSC2CCOC2)Cn2cncn2)cc1,test,319.43,2.0765000000000002,0.8831438427699771,22,34
subcategory_halogen-walk.remove-F_2846,COP(=O)(C=Cc1c(-c2ccccc2)c2ccccc2n1C(C)C)CC(O)CC(=O)O,1,halogen-walk,remove-F,COP(=O)(C=Cc1c(-c2ccc(F)cc2)c2ccccc2n1C(C)C)CC(O)CC(=O)O,7 8 9 10 11 12 13,c1ccc(-c2c[nH]c3ccccc23)cc1,train,441.4640000000002,5.620000000000006,0.4208795955502524,31,53
subcategory_halogen-walk.remove-F_2729,O=C(Oc1ccccc1)N1CC[C@@H](c2ccccc2)[C@H](COc2ccc3c(c2)OCO3)C1,1,halogen-walk,remove-F,O=C(Oc1ccccc1)N1CC[C@@H](c2ccc(F)cc2)[C@H](COc2ccc3c(c2)OCO3)C1,0 1 2 3 4 5 6 7 8 9 10 11 13 14 15 16 17 18 19 20 21 22 23 24 25 26 27 28 29 30 31,O=C(Oc1ccccc1)N1CC[C@@H](c2ccccc2)[C@H](COc2ccc3c(c2)OCO3)C1,test,431.4880000000002,5.098800000000004,0.5626720983215148,32,60
subcategory_halogen-walk.remove-F_1881,CCCc1nn(-c2ccc(OC)cc2)c2c1CCN(c1ccc(C3(N(C)C(C)=O)CC3)cc1)C2=O,1,halogen-walk,remove-F,COc1ccc(-n2nc(C(F)(F)F)c3c2C(=O)N(c2ccc(C4(N(C)C(C)=O)CC4)cc2)CC3)cc1,0 1 2 4 5 6 7 8 9 10 11 12 13 14 15 16 17 18 19 20 21 22 23 24 25 26 27 28 29 30 31 32 33 34,O=C1c2c(cnn2-c2ccccc2)CCN1c1ccc(C2CC2)cc1,train,472.5890000000003,4.503700000000004,0.5077065547634025,35,62
subcategory_halogen-walk.remove-F_202,CCOc1c(N2CCNC(C)C2)c(F)cc2c(=O)c(C(=O)O)cn(C3CC3)c12,0,authentic,authentic,,,O=c1ccn(C2CC2)c2cc(N3CCNCC3)ccc12,train,389.4270000000002,2.3705000000000007,0.8169563701737155,28,52
subcategory_halogen-walk.remove-F_2240,C=Cc1ccc(C(=O)NC2CCNC(=O)C2)c(Oc2ccc(F)cc2)c1,1,halogen-walk,remove-F,O=C1CC(NC(=O)c2ccc(C(F)(F)F)cc2Oc2ccc(F)cc2)CCN1,0 1 3 4 5 6 7 8 9 10 11 12 13 14 15 16 17 18 19 20 21 22 23 24,O=C1CC(NC(=O)c2ccccc2Oc2ccccc2)CCN1,train,354.38100000000003,3.269400000000002,0.8659545176131943,26,45
subcategory_halogen-walk.remove-F_835,COc1ccc(C(=O)c2cn3c4c(cccc24)OCC3CN2CCOCC2)cc1,0,authentic,authentic,,,O=C(c1ccccc1)c1cn2c3c(cccc13)OCC2CN1CCOCC1,val,392.4550000000002,3.146600000000001,0.6246491868551654,29,46
subcategory_halogen-walk.remove-F_2864,O=C(n1cncn1)C(O)(Cn1cncn1)c1ccccc1,1,halogen-walk,remove-F,O=C(n1cncn1)C(O)(Cn1cncn1)c1ccc(F)cc1F,0 1 2 3 4 5 6 8 9 10 11 12 13 14 15 16 17 18 19,O=C(C(Cn1cncn1)c1ccccc1)n1cncn1,test,284.279,0.09779999999999922,0.7291092654544744,21,34
subcategory_halogen-walk.remove-F_2353,CCCCc1cccc(NC(=O)n2ccnc2)c1,1,halogen-walk,remove-F,O=C(Nc1cccc(C(F)(F)F)c1)n1ccnc1,0 1 2 3 5 6 7 8 9 10 11 12 13 14 15 16,O=C(Nc1ccccc1)n1ccnc1,test,243.31,3.305900000000001,0.8950997800702947,18,27
subcategory_halogen-walk.remove-F_1614,Cc1ccccc1Oc1ccc(C[C@H](N)C(=O)O)cc1,1,halogen-walk,remove-F,N[C@@H](Cc1ccc(Oc2ccc(F)c(F)c2)cc1)C(=O)O,0 1 2 3 4 5 6 8 9 10 11 12 13 14 15 16 17 18 19,c1ccc(Oc2ccccc2)cc1,train,271.316,2.74172,0.8766546520037432,20,35
subcategory_halogen-walk.remove-F_2484,CC(C)OC(/C=C/c1c(-c2ccccc2)c2ccccc2n1C(C)C)CC(O)CC(=O)O,1,halogen-walk,remove-F,CC(C)OC(/C=C/c1c(-c2ccc(F)cc2)c2ccccc2n1C(C)C)CC(O)CC(=O)O,0 1 2 3 4 5 6 7 9 10 11 12 13 14 15 16 17 18 19 20 21 22 23 24 25 26 27 28 29 30 31,c1ccc(-c2c[nH]c3ccccc23)cc1,train,435.56400000000025,5.921700000000007,0.4144848023304392,32,55
subcategory_halogen-walk.remove-F_2845,NC(=O)c1nn(-c2ccccc2)c2c1CCN(c1ccc(N3CCCCC3=O)cc1)C2=O,1,halogen-walk,remove-F,COc1cc(-n2nc(C(N)=O)c3c2C(=O)N(c2ccc(N4CCCCC4=O)cc2)CC3)ccc1F,0 1 2 3 4 6 7 8 9 10 11 12 13 14 15 16 17 18 19 20 21 22 23 24 25 26 27 28 29 30 31,O=C1CCCCN1c1ccc(N2CCc3cnn(-c4ccccc4)c3C2=O)cc1,train,429.4800000000003,2.6910000000000007,0.6888860726541496,32,54
subcategory_halogen-walk.remove-F_2611,CC(C)CCN1CC[C@H](c2ccccc2)[C@@H](COc2ccc3c(c2)OCO3)C1,1,halogen-walk,remove-F,CC(C)CCN1CC[C@H](c2ccc(F)cc2)[C@@H](COc2ccc3c(c2)OCO3)C1.Cl,0 1 2 3 4 5 6 7 9 10 11 12 13 14 15 16 17 18 19 20 21 22 23 24 25 26 27,c1ccc([C@H]2CCNC[C@@H]2COc2ccc3c(c2)OCO3)cc1,train,381.51600000000025,4.945900000000004,0.679245304511648,28,53
subcategory_halogen-walk.remove-F_2038,CNc1nc(C)nnc1-c1ccccc1C,1,halogen-walk,remove-F,CNc1nc(C)nnc1-c1ccc(F)c(Cl)c1,0 1 2 3 4 5 6 7 9 10 11 12 13 14,c1ccc(-c2cncnn2)cc1,train,214.27200000000002,2.19714,0.8322053106064492,16,23
subcategory_halogen-walk.remove-F_2566,CN(C)CCCC(O)c1ccc2c(c1)COC2(CCCN(C)C)c1ccccc1,1,halogen-walk,remove-F,CN(C)CCCC(O)c1ccc2c(c1)COC2(CCCN(C)C)c1ccc(F)cc1,16 23 24 25 26 27 28,c1ccc(C2OCc3ccccc32)cc1,train,396.57500000000016,4.177400000000004,0.6536173321355322,29,45
subcategory_halogen-walk.remove-F_1406,Cn1c(-c2ccc(O)cc2)cc2ccc(O)cc21,0,authentic,authentic,,,c1ccc(-c2cc3ccccc3[nH]2)cc1,train,239.27399999999997,3.256500000000001,0.6842799570865417,18,31
subcategory_halogen-walk.remove-F_871,COc1cc(NC(=O)C(F)(F)F)c(Cl)cc1C(=O)N[C@H]1CCN(Cc2ccccc2)C1,0,authentic,authentic,,,O=C(N[C@H]1CCN(Cc2ccccc2)C1)c1ccccc1,train,455.8640000000002,3.8537000000000026,0.6937718796900751,31,58
subcategory_halogen-walk.remove-F_866,CN1CC2(CCN(CC(O)C3COc4ccccc4O3)CC2)OC1=O,0,authentic,authentic,,,O=C1NCC2(CCN(CCC3COc4ccccc4O3)CC2)O1,train,348.3990000000002,1.1038999999999997,0.8821618164895592,25,40
subcategory_halogen-walk.remove-F_1545,[2H]C([2H])(O)CC[C@@]1(c2ccccc2)OCc2cc(C#N)ccc21,1,halogen-walk,remove-F,[2H]C([2H])(O)CC[C@@]1(c2ccc(F)cc2)OCc2cc(C#N)ccc21,0 1 2 3 4 5 7 8 9 10 11 12 13 14 15 16 17 18 19 20 21,c1ccc(C2OCc3ccccc32)cc1,train,281.351203556,3.1045800000000012,0.9365262945568048,21,48
subcategory_halogen-walk.remove-F_739,COc1ccc(OC)c(C(C)NC(=O)c2ccccc2F)c1,0,authentic,authentic,,,O=C(NCc1ccccc1)c1ccccc1,train,303.333,3.3339000000000016,0.921339177712866,22,35
subcategory_halogen-walk.remove-F_2709,COc1ccc([C@@H]2[C@@H](CCC(O)(c3ccccc3)c3ccccc3)C(=O)N2c2ccccc2)cc1,1,halogen-walk,remove-F,COc1ccc([C@@H]2[C@@H](CCC(O)(c3ccccc3)c3ccccc3)C(=O)N2c2ccc(F)cc2)cc1,26 27 28 29 30 31 32,O=C1[C@H](CCC(c2ccccc2)c2ccccc2)[C@@H](c2ccccc2)N1c1ccccc1,test,463.5770000000001,6.115600000000006,0.3205797642122459,35,66
subcategory_halogen-walk.remove-F_797,Cl.NCCc1ccc(OCc2ccc(F)cc2)cc1,0,authentic,authentic,,,c1ccc(COc2ccccc2)cc1,train,281.758,3.327700000000002,0.9123247546008035,19,29
subcategory_halogen-walk.remove-F_2290,O=C([O-])C[C@H](O)C[C@H](O)/C=C\c1c(C2CC2)nc2ccccc2c1-c1ccccc1,1,halogen-walk,remove-F,O=C([O-])C[C@H](O)C[C@H](O)/C=C\c1c(C2CC2)nc2ccccc2c1-c1ccc(F)cc1,0 1 2 3 4 5 6 7 8 9 10 11 12 13 14 15 16 17 18 19 20 21 22 24 25 26 27 28,c1ccc(-c2cc(C3CC3)nc3ccccc23)cc1,train,402.4700000000001,3.0443000000000007,0.6040559295310497,30,62
subcategory_halogen-walk.remove-F_1089,CCOC(=O)CC(O)CC(O)C=Cc1c(C2CC2)nc2ccccc2c1-c1ccc(F)cc1,0,authentic,authentic,,,c1ccc(-c2cc(C3CC3)nc3ccccc23)cc1,train,449.5220000000001,4.996600000000004,0.44976665487620104,33,54
subcategory_halogen-walk.remove-F_901,C[C@H]1COc2c(N3CC(C)(N(C)C)C3)c(F)cc3c(=O)c(C(=O)O)cn1c23,0,authentic,authentic,,,O=c1ccn2c3c(c(N4CCC4)ccc13)OCC2,test,375.4000000000001,1.9325000000000003,0.8837228117305223,27,57
subcategory_halogen-walk.remove-F_2366,CN(C)CCCC1(c2ccccc2)OCc2c(/C=C/c3ccccc3)cccc21,1,halogen-walk,remove-F,CN(C)CCCC1(c2ccc(F)cc2)OCc2c(/C=C/c3ccccc3)cccc21,6 7 8 9 10 11 12,C(=C\c1cccc2c1COC2c1ccccc1)/c1ccccc1,train,383.5350000000001,5.972600000000006,0.4659189684403783,29,46
subcategory_halogen-walk.remove-F_2236,O=C(c1cc2ccccc2[nH]1)N1CCN(c2ccccc2)CC1,1,halogen-walk,remove-F,CC(C)Nc1cc(F)ccc1N1CCN(C(=O)c2cc3ccccc3[nH]2)CC1,0 1 2 3 4 5 6 7 8 9 10 11 12 13 15 16 17 18 19 20 21 22,O=C(c1cc2ccccc2[nH]1)N1CCN(c2ccccc2)CC1,train,305.3810000000001,3.130300000000002,0.7898672233994068,23,39
subcategory_halogen-walk.remove-F_2678,NCc1c(N)nc(-c2ccccc2)nc1-c1ccccc1,1,halogen-walk,remove-F,NCc1c(N)nc(-c2ccccc2)nc1-c1ccc(F)cc1,0 1 2 3 4 5 6 7 8 9 10 11 12 13 15 16 17 18 19,c1ccc(-c2ccnc(-c3ccccc3)n2)cc1,train,276.343,2.8515000000000015,0.7707333825104933,21,33
subcategory_halogen-walk.remove-F_312,NCCN1CCC2(CC1)Nc1ccccc1NC2=NCc1cccc(Cl)c1,0,authentic,authentic,,,c1ccc(CN=C2Nc3ccccc3NC23CCNCC3)cc1,val,383.92700000000013,3.569400000000001,0.7546968628890911,27,41
subcategory_halogen-walk.remove-F_2618,CCCCOc1ccnc(CSc2nc3ccccc3[nH]2)c1C,1,halogen-walk,remove-F,Cc1c(OC(F)(F)F)ccnc1CSc1nc2ccccc2[nH]1,0 1 2 3 4,c1ccc(CSc2nc3ccccc3[nH]2)nc1,train,327.45300000000003,4.7375200000000035,0.5029609394529322,23,34
subcategory_halogen-walk.remove-F_893,COc1ccc(F)cc1C(=O)NCCNS(=O)(=O)c1cccc(Cl)c1,0,authentic,authentic,,,O=C(NCCNS(=O)(=O)c1ccccc1)c1ccccc1,train,386.8320000000001,2.1959999999999997,0.7143114751368523,25,43
subcategory_halogen-walk.remove-F_2652,O=C1[C@H](CC[C@H](O)c2ccccc2)[C@@H](c2ccc(-c3ccc(O)cc3)c(O)c2)N1c1ccccc1,1,halogen-walk,remove-F,O=C1[C@H](CC[C@H](O)c2ccccc2)[C@@H](c2ccc(-c3ccc(O)cc3)c(O)c2)N1c1ccc(F)cc1,28 29 30 31 32 33 34,O=C1[C@H](CCCc2ccccc2)[C@@H](c2ccc(-c3ccccc3)cc2)N1c1ccccc1,train,465.54900000000015,5.9827000000000075,0.29326926683448645,35,72
subcategory_halogen-walk.remove-F_2590,COc1ccc(S(=O)(=O)N2CCC(c3ccccc3)C(COc3ccc4c(c3)OCO4)C2)cc1,1,halogen-walk,remove-F,COc1ccc(S(=O)(=O)N2CCC(c3ccc(F)cc3)C(COc3ccc4c(c3)OCO4)C2)cc1,0 1 2 3 4 5 6 7 8 9 10 11 13 14 15 16 17 18 19 20 21 22 23 24 25 26 27 28 29 30 31 32 33,O=S(=O)(c1ccccc1)N1CCC(c2ccccc2)C(COc2ccc3c(c2)OCO3)C1,train,481.5700000000003,4.2973000000000035,0.5011055208434524,34,58
subcategory_halogen-walk.remove-F_743,c1ccc(-c2ccc(Cn3cncn3)cc2)cc1,0,authentic,authentic,,,c1ccc(-c2ccc(Cn3cncn3)cc2)cc1,train,235.29000000000002,2.9934000000000003,0.6983529048352286,18,29
subcategory_halogen-walk.remove-F_758,CN(C)c1ncnc2c1ncn2Cc1cccc(N)c1,0,authentic,authentic,,,c1ccc(Cn2cnc3cncnc32)cc1,train,268.32399999999996,1.5228,0.7290979450378792,20,30
subcategory_halogen-walk.remove-F_42,NS(=O)(=O)c1cc(C(=O)OCCCCCC(=O)O)c(NCc2ccco2)cc1Cl,0,authentic,authentic,,,c1ccc(NCc2ccco2)cc1,train,444.89300000000003,2.994300000000001,0.35334590429930457,29,50
subcategory_halogen-walk.remove-F_1177,CCCOc1cc2c(cc1OCCC)C(=O)C(CC1(C)CCN(Cc3ccccc3F)CC1)C2,0,authentic,authentic,,,O=C1c2ccccc2CC1CC1CCN(Cc2ccccc2)CC1,train,467.6250000000003,6.450700000000007,0.4024444711840228,34,53
subcategory_halogen-walk.remove-F_2143,N#Cc1ccc2c(c1)COC2c1ccccc1,1,halogen-walk,remove-F,N#Cc1ccc2c(c1)COC2c1ccc(F)cc1,0 1 2 3 4 5 6 7 8 9 11 12 13 14 15,c1ccc(C2OCc3ccccc32)cc1,train,221.25900000000001,3.177880000000002,0.7405322348132588,17,26
subcategory_halogen-walk.remove-F_2696,CCc1cccc2[nH]c(SCc3ncc(C)c(OC)c3C)nc12,1,halogen-walk,remove-F,COc1c(C)cnc(CSc2nc3c(C(F)(F)F)cccc3[nH]2)c1C,0 1 3 4 5 6 7 8 9 10 11 12 13 14 15 16 17 18 19 20 21,c1ccc(CSc2nc3ccccc3[nH]2)nc1,train,327.4530000000001,4.438040000000003,0.7039950593991108,23,38
subcategory_halogen-walk.remove-F_1846,C[C@H](C#N)[C@@](O)(Cn1cncn1)c1ccccc1,1,halogen-walk,remove-F,C[C@H](C#N)[C@@](O)(Cn1cncn1)c1ccc(F)cc1F,0 1 2 3 5 6 7 8 9 10 11 12 13 14 15 16,c1ccc(CCn2cncn2)cc1,train,242.282,1.3255800000000002,0.8771220269083566,18,37
subcategory_halogen-walk.remove-F_11,C/C(=C\CC[C@@]1(C)C=Cc2c(cc(C)c(C(=O)O)c2O)O1)CC(=O)CC(C)C,0,authentic,authentic,,,C1=Cc2ccccc2OC1,train,386.48800000000017,5.294920000000005,0.5927543952216187,28,58
subcategory_halogen-walk.remove-F_990,CC[C@H](C)N(CCC(=O)N[C@H](C)CCc1ccccc1)C(=O)c1cnccn1,0,authentic,authentic,,,O=C(CCNC(=O)c1cnccn1)NCCCc1ccccc1,train,382.5080000000001,3.244900000000002,0.684401455076543,28,52
subcategory_halogen-walk.remove-F_2010,CCCCc1nc(CC)c(C(=O)O)n1Cc1ccc(-c2ccccc2)c(-c2nn[nH]n2)c1,1,halogen-walk,remove-F,CCCCc1nc(C(F)(F)F)c(C(=O)O)n1Cc1ccc(-c2ccccc2)c(-c2nn[nH]n2)c1,6 7 8,c1ccc(-c2ccc(Cn3ccnc3)cc2-c2nn[nH]n2)cc1,train,430.5120000000001,4.381700000000002,0.4077121038618106,32,56
subcategory_halogen-walk.remove-F_147,COc1ccc2c(c1)c(CC(=O)Nc1ccc(C)cc1)c(C)n2C(=O)c1ccc(Cl)cc1,0,authentic,authentic,,,O=C(Cc1cn(C(=O)c2ccccc2)c2ccccc12)Nc1ccccc1,train,446.9340000000002,5.789840000000004,0.4217612521275148,32,57
subcategory_halogen-walk.remove-F_2062,CCNCc1ccc(CC)cc1,1,halogen-walk,remove-F,CCNCc1ccc(C(F)(F)F)cc1.Cl,0 1 2 3 4 5 6 8 9 10,c1ccccc1,train,163.26399999999998,2.3585000000000003,0.7181663228506855,12,16
subcategory_halogen-walk.remove-F_558,O=C(NC1CCC1)[C@H]1S[C@@H](n2cnc3c(NCc4cccc(I)c4)nc(Cl)nc32)[C@H](O)[C@@H]1O,0,authentic,authentic,,,O=C(NC1CCC1)[C@@H]1CC[C@H](n2cnc3c(NCc4ccccc4)ncnc32)S1,train,600.8700000000001,2.7009000000000003,0.25155839087895904,33,75
subcategory_halogen-walk.remove-F_2782,CC(C)c1cc(-c2cccc(Br)c2)c(-c2ccccc2)n1/C=C/[C@@H](O)C[C@@H](O)CC(=O)O,1,halogen-walk,remove-F,CC(C)c1cc(-c2cccc(Br)c2)c(-c2ccc(F)cc2)n1/C=C/[C@@H](O)C[C@@H](O)CC(=O)O,13 14 15 16 17 18 19,c1ccc(-c2cc[nH]c2-c2ccccc2)cc1,train,498.4170000000002,5.765300000000007,0.3501939228458339,32,69
subcategory_halogen-walk.remove-F_139,COc1cc2c(cc1OC)C(=O)C(Cc1ccc(CN3CCCC3)cc1)C2,0,authentic,authentic,,,O=C1c2ccccc2CC1Cc1ccc(CN2CCCC2)cc1,train,365.4730000000002,3.897300000000003,0.7783009541930097,27,44
subcategory_halogen-walk.remove-F_2635,COc1ccc2c(c1)CC(CN1CCC(O)(c3ccccc3)CC1)C2=O,1,halogen-walk,remove-F,COc1ccc2c(c1)CC(CN1CCC(O)(c3ccc(F)cc3)CC1)C2=O,0 1 2 3 4 5 6 7 8 9 10 11 12 13 15 16 17 18 19 20 21 22 23 24 25,O=C1c2ccccc2CC1CN1CCC(c2ccccc2)CC1,train,351.4460000000001,3.033800000000001,0.9198634218949185,26,43
subcategory_halogen-walk.remove-F_675,COC(=O)Cc1ccc(NC(=O)Cc2c(C)n(C(=O)c3ccc(Cl)cc3)c3ccc(OC)cc23)cc1,0,authentic,authentic,,,O=C(Cc1cn(C(=O)c2ccccc2)c2ccccc12)Nc1ccccc1,train,504.97000000000014,5.196920000000005,0.34962330263016667,36,64
subcategory_halogen-walk.remove-F_1542,c1ccc(C2CNCC(COc3ccc4c(c3)OCO4)C2)cc1,1,halogen-walk,remove-F,Fc1ccc(C2CNCC(COc3ccc4c(c3)OCO4)C2)cc1,0 1 2 3 5 6 7 8 9 10 11 12 13 14 15 16 17 18 19 20 21,c1ccc(C2CNCC(COc3ccc4c(c3)OCO4)C2)cc1,test,311.38100000000003,3.187400000000002,0.9411612066593474,23,37
subcategory_halogen-walk.remove-F_485,O=C(c1ccccc1)c1ccccc1OC[C@H](O)CN1CCOCC1,0,authentic,authentic,,,O=C(c1ccccc1)c1ccccc1OCCCN1CCOCC1,val,341.40700000000015,1.9894999999999994,0.7807043464882257,25,40
subcategory_halogen-walk.remove-F_31,Cn1c(C(=O)NC2CCCC2)c(N2CCCC2=O)c2cc(F)ccc21,0,authentic,authentic,,,O=C(NC1CCCC1)c1[nH]c2ccccc2c1N1CCCC1=O,val,343.402,3.116600000000002,0.930891629545126,25,43
subcategory_halogen-walk.remove-F_1976,CCCc1ccc2c(c1)C(N1CCN[C@@H](CCOC)C1)=Nc1cc(Cl)ccc1N2,1,halogen-walk,remove-F,COCC[C@H]1CN(C2=Nc3cc(Cl)ccc3Nc3ccc(C(F)(F)F)cc32)CCN1,0 1 2 4 5 6 7 8 9 10 11 12 13 14 15 16 17 18 19 20 21 22 23 24 25 26 27 28,c1ccc2c(c1)N=C(N1CCNCC1)c1ccccc1N2,train,412.9650000000001,4.738100000000004,0.7443192050522315,29,52
subcategory_halogen-walk.remove-F_1677,COc1cc2c(cc1OC)C(=O)C(CC1CCN(Cc3cccc(C)c3)CC1)C2,1,halogen-walk,remove-F,COc1cc2c(cc1OC)C(=O)C(CC1CCN(Cc3ccc([18F])cc3)CC1)C2,0 1 2 3 4 5 6 7 8 9 10 11 12 13 14 15 16 17 19 20 21 22 23 24 25 26 27 28,O=C1c2ccccc2CC1CC1CCN(Cc2ccccc2)CC1,train,393.5270000000002,4.669520000000005,0.7149184605024215,29,48
subcategory_halogen-walk.remove-F_1823,CCCCN(C)CCCC1(c2ccccc2C)OCc2cc(C#N)ccc21,1,halogen-walk,remove-F,CCCCN(C)CCCC1(c2ccc(F)cc2)OCc2cc(C#N)ccc21,0 1 2 3 4 5 6 7 8 10 11 12 13 14 15 16 17 18 19 20 21 22 23 24 25 26,c1ccc(C2OCc3ccccc32)cc1,train,362.5170000000001,5.152600000000006,0.6512083580469377,27,40
subcategory_halogen-walk.remove-F_1737,CC(C)n1c(/C=C/C(O)C(F)(F)C(=O)CC(=O)OC(C)(C)C)c(-c2ccccc2)c2ccccc21,1,halogen-walk,remove-F,CC(C)n1c(/C=C/C(O)C(F)(F)C(=O)CC(=O)OC(C)(C)C)c(-c2ccc(F)cc2)c2ccccc21,22 23 24 25 26 27 28,c1ccc(-c2c[nH]c3ccccc23)cc1,train,483.5550000000002,6.199500000000007,0.305998372204576,35,67
subcategory_halogen-walk.remove-F_88,CC1(C)C=C(C(=O)NC(c2ccccc2)c2ccccc2)C(C)(C)N1,0,authentic,authentic,,,O=C(NC(c1ccccc1)c1ccccc1)C1=CCNC1,test,334.4630000000001,3.9790000000000028,0.8878521542336282,25,45
subcategory_halogen-walk.remove-F_621,CN1c2ccc(Cl)cc2N=C(N2CCNCC2)c2ccccc21,0,authentic,authentic,,,c1ccc2c(c1)N=C(N1CCNCC1)c1ccccc1N2,train,326.831,3.4048000000000016,0.8046445363921597,23,37
subcategory_halogen-walk.remove-F_745,CC1CC(C2=Nc3cc(Cl)ccc3Nc3ccc(F)cc32)=CCN1C,0,authentic,authentic,,,C1=C(C2=Nc3ccccc3Nc3ccccc32)CCNC1,train,355.8440000000001,5.307300000000004,0.7505009768001885,25,42
subcategory_halogen-walk.remove-F_296,O=C(CCCC1CCCCC1)NCCc1c[nH]cn1,0,authentic,authentic,,,O=C(CCCC1CCCCC1)NCCc1c[nH]cn1,train,263.385,2.819000000000001,0.7944326187845929,19,29
subcategory_halogen-walk.remove-F_1090,CNC(=O)c1cc(S(=O)(=O)NC)c(Cl)cc1NCc1ccco1,0,authentic,authentic,,,c1ccc(NCc2ccco2)cc1,train,357.8190000000001,1.8128,0.7316917194528062,23,41
subcategory_halogen-walk.remove-F_514,NC(=S)NNc1nncc2ccccc12,0,authentic,authentic,,,c1ccc2cnncc2c1,train,219.27300000000002,0.7898999999999994,0.5119112479388405,15,22
subcategory_halogen-walk.remove-F_741,Cn1cnc([N+](=O)[O-])c1Sc1ncnc2nc[nH]c12,0,authentic,authentic,,,c1nc(Sc2cnc[nH]2)c2[nH]cnc2n1,train,277.269,1.1457999999999997,0.4332879418057317,19,39
subcategory_halogen-walk.remove-F_740,CC(c1ccccc1N1CCN(C(=O)[C@@H](Cc2ccc(Cl)cc2)NC(=O)CCN)CC1)N1CCN(c2ccccc2)CC1,0,authentic,authentic,,,O=C(CCc1ccccc1)N1CCN(c2ccccc2CN2CCN(c3ccccc3)CC2)CC1,test,603.2110000000002,3.948100000000002,0.365638750490754,43,75
subcategory_halogen-walk.remove-F_995,CCn1c(-c2ccccc2)c(CCNC(C)=O)c2ccccc21,0,authentic,authentic,,,c1ccc(-c2cc3ccccc3[nH]2)cc1,train,306.409,4.006800000000003,0.759114816189066,23,37
subcategory_halogen-walk.remove-F_1131,CN1C[C@H](CCN2CCC2)Oc2ncc(Cl)cc2C1=S,0,authentic,authentic,,,S=C1NC[C@H](CCN2CCC2)Oc2ncccc21,train,311.8380000000001,2.1990999999999996,0.7982286744435902,20,36
subcategory_halogen-walk.remove-F_2794,CC(C)n1c(/C=C/C(=O)C[C@@H](O)CC(=O)O)c(-c2ccccc2)c2ccccc21,1,halogen-walk,remove-F,CC(C)n1c(/C=C/C(=O)C[C@@H](O)CC(=O)O)c(-c2ccc(F)cc2)c2ccccc21,16 17 18 19 20 21 22,c1ccc(-c2c[nH]c3ccccc23)cc1,train,391.46700000000004,4.697200000000004,0.5457562607327255,29,58
subcategory_halogen-walk.remove-F_899,NCC[C@H](Oc1ccc(C(F)(F)F)cc1)c1cccc(F)c1,0,authentic,authentic,,,c1ccc(COc2ccccc2)cc1,train,313.294,4.313400000000002,0.8347233985536755,22,40
subcategory_halogen-walk.remove-F_6,COc1ccc(-n2nc(C(F)(F)F)c3c2C(=O)N(c2ccc(C4(C(N)=O)CC4)cc2)CC3)cc1,0,authentic,authentic,,,O=C1c2c(cnn2-c2ccccc2)CCN1c1ccc(C2CC2)cc1,train,470.4510000000003,3.619500000000002,0.6168869158154511,34,65
subcategory_halogen-walk.remove-F_547,CCCS(=O)(=O)c1cc(C2CC[C@@H](c3cc(OC)c(OC)c(OC)c3)O2)cc(OC)c1OCC[S+]([O-])c1ccc(O)cc1,0,authentic,authentic,,,c1ccc([SH+]CCOc2ccc(C3CC[C@@H](c4ccccc4)O3)cc2)cc1,train,634.7690000000003,5.389700000000007,0.23025135136696445,43,84
subcategory_halogen-walk.remove-F_1806,O=C(NCCN1CCC(CNCc2ccccc2)CC1)C1(C(F)(F)F)CC1,1,halogen-walk,remove-F,COc1cc(F)cc(C(=O)NCC2CCN(CCNC(=O)C3(C(F)(F)F)CC3)CC2)c1,0 1 2 3 4 5 6 7 8 9 11 12 13 14 15 16 17 18 19 20 21 22 23 24 25 26,O=C(NCC1CCN(CCNC(=O)C2CC2)CC1)c1ccccc1,train,383.4580000000002,2.946900000000002,0.7255556175402639,27,44
subcategory_halogen-walk.remove-F_1612,Cc1cccc(-c2ccc3c(c2)C(C)(C)OC(=O)N3)c1,1,halogen-walk,remove-F,CC1(C)OC(=O)Nc2ccc(-c3ccc(F)c(Cl)c3)cc21,0 1 2 3 4 5 7 8 9 10 11 12 13 14 15 16 17 18,O=C1Nc2ccc(-c3ccccc3)cc2CO1,train,267.328,4.459220000000003,0.8280423702746406,20,38
subcategory_halogen-walk.remove-F_1382,O=C1CCc2cc(OCCC(=O)N3CCN(c4ccc(Cl)cc4)CC3)ccc2N1,0,authentic,authentic,,,O=C1CCc2cc(OCCC(=O)N3CCN(c4ccccc4)CC3)ccc2N1,train,413.90500000000014,3.3424000000000014,0.8161666314204505,29,48
subcategory_halogen-walk.remove-F_2210,CC(Cc1ccc(O)cc1)NCc1ccccc1,1,halogen-walk,remove-F,CC(Cc1ccc(O)cc1)NC[C@H](O)c1ccc(F)cc1,0 1 2 3 4 5 6 7 8 9 10 12 13 14 15 16,c1ccc(CCNCCc2ccccc2)cc1,train,241.334,3.1130000000000013,0.8426798521693535,18,26
subcategory_halogen-walk.remove-F_1267,CC(=O)Nc1ccc(S(=O)(=O)N2CCC(NC(=O)c3cnccn3)CC2)cc1,0,authentic,authentic,,,O=C(NC1CCN(S(=O)(=O)c2ccccc2)CC1)c1cnccn1,train,403.4640000000001,1.0180999999999993,0.7687028966157825,28,50
subcategory_halogen-walk.remove-F_414,COc1ccc(-n2c(C)c(C(=O)c3ccccc3)c3cc(O)ccc32)cc1,0,authentic,authentic,,,O=C(c1ccccc1)c1cn(-c2ccccc2)c2ccccc12,val,357.40900000000005,4.884120000000005,0.5294725128924699,27,47
subcategory_halogen-walk.remove-F_1988,CCCCc1ccc2nc(SCc3nccc(OC)c3OC)[nH]c2c1,1,halogen-walk,remove-F,COc1ccnc(CSc2nc3ccc(C(F)(F)F)cc3[nH]2)c1OC,0 1 2 3 5 6 7 8 9 10 11 12 13 14 15 16 17 18 19 20 21 22 23,c1ccc(CSc2nc3ccccc3[nH]2)nc1,train,357.4790000000001,4.610000000000003,0.5966203409650882,25,38
subcategory_halogen-walk.remove-F_397,O=C(O)COCCOCCN1CCN(C(c2ccccc2)c2ccccc2)CC1,0,authentic,authentic,,,c1ccc(C(c2ccccc2)N2CCNCC2)cc1,train,398.5030000000001,2.511400000000001,0.5871234050979133,29,42
subcategory_halogen-walk.remove-F_417,CCN(CC)CCNC(=O)c1cc(Cl)c(NC(=O)C(C)(C)Oc2ccc(Cl)cc2)cc1OC.Cl,0,authentic,authentic,,,O=C(COc1ccccc1)Nc1ccccc1,train,532.8960000000003,5.291500000000005,0.4109288667842664,34,60
subcategory_halogen-walk.remove-F_1226,NS(=O)(=O)c1ccc(CNC(=O)c2cccc(COc3ccc(Cl)cc3)c2)cc1,0,authentic,authentic,,,O=C(NCc1ccccc1)c1cccc(COc2ccccc2)c1,train,430.9130000000001,3.496400000000002,0.5988788897117623,29,51
subcategory_halogen-walk.remove-F_1105,CCN(CC)/C(S)=N\c1cc(-c2nc(-c3ccco3)no2)ccc1Cl,0,authentic,authentic,,,c1ccc(-c2nc(-c3ccco3)no2)cc1,test,376.869,4.909100000000004,0.3890352512049943,25,45
subcategory_halogen-walk.remove-F_588,O=C1NC(=O)C(S(=O)(=O)c2ccc3ccccc3c2)S1,0,authentic,authentic,,,O=C1NC(=O)C(S(=O)(=O)c2ccc3ccccc3c2)S1,test,307.35200000000003,1.9225999999999999,0.9165775359858189,20,38
subcategory_halogen-walk.remove-F_1324,Fc1ccc([C@@H]2CCNC[C@H]2COc2ccc3c(c2)OCO3)cc1.O=C(O)C(=O)O,0,authentic,authentic,,,c1ccc([C@@H]2CCNC[C@H]2COc2ccc3c(c2)OCO3)cc1,train,419.4050000000002,2.4821,0.6479541182920451,30,58
subcategory_halogen-walk.remove-F_571,CC1CCCCN1CC(O)c1ccc(O)cc1,0,authentic,authentic,,,c1ccc(CCN2CCCCC2)cc1,val,235.32700000000003,2.3,0.8445666664666004,17,25
subcategory_halogen-walk.remove-F_796,COC1CC(O[C@H]2CC[C@]3(C)C4CC[C@]5(C)[C@@H](C6=CC(=O)OC6)[C@@H](OC(C)=O)C[C@]5(O)C4CC[C@@H]3C2)OC(C)C1O,0,authentic,authentic,,,O=C1C=C([C@H]2CCC3C4CC[C@@H]5C[C@@H](OC6CCCCO6)CCC5C4CCC32)CO1,train,576.7270000000004,3.681000000000003,0.3729656552641952,41,102
subcategory_halogen-walk.remove-F_2310,CC(C)CCOc1ccc(Cl)cc1C(=O)NCC1CCCCN1,1,halogen-walk,remove-F,Cl.O=C(NCC1CCCCN1)c1cc(Cl)ccc1OCC(F)(F)F,0 1 2 3 5 6 7 8 9 10 11 12 13 14 15 16 17 18 19 20 21 22,O=C(NCC1CCCCN1)c1ccccc1,train,338.87900000000013,3.636800000000002,0.7977039606809083,23,35
subcategory_halogen-walk.remove-F_932,Cc1nc(NN)nnc1-c1ccc(Cl)cc1,0,authentic,authentic,,,c1ccc(-c2cncnn2)cc1,train,235.67800000000003,1.78602,0.6130614864501226,16,26
subcategory_halogen-walk.remove-F_75,O=C1[C@H](c2ccc(O)cc2)[C@@H]([C@@H](O)CCc2ccc(F)cc2)N1c1ccc(F)cc1,0,authentic,authentic,,,O=C1[C@H](c2ccccc2)[C@@H](CCCc2ccccc2)N1c1ccccc1,val,409.4320000000001,4.163100000000003,0.6012219029095799,30,65
subcategory_halogen-walk.remove-F_89,Fc1cccc(C(c2ccc(-c3ccccc3)cc2)n2cnnn2)c1,0,authentic,authentic,,,c1ccc(-c2ccc(C(c3ccccc3)n3cnnn3)cc2)cc1,val,330.36600000000004,4.116900000000004,0.5652824761559313,25,40
subcategory_halogen-walk.remove-F_2303,COc1ccc(-n2nc(C(=O)N3CCN(CC(=O)c4ccccc4C)CC3)cc2-c2ccccc2)cc1,1,halogen-walk,remove-F,COc1ccc(-n2nc(C(=O)N3CCN(CC(=O)c4ccc(F)cc4)CC3)cc2-c2ccccc2)cc1,0 1 2 3 4 5 6 7 8 9 10 11 12 13 14 15 17 18 19 20 21 22 23 24 25 26 27 28 29 30 31 32 33 34 35 36,O=C(CN1CCN(C(=O)c2cc(-c3ccccc3)n(-c3ccccc3)n2)CC1)c1ccccc1,train,494.5950000000002,4.4970200000000045,0.35415640549056127,37,61
subcategory_halogen-walk.remove-F_2415,CCC(CO)C(O)(Cn1cncn1)c1ccccc1,1,halogen-walk,remove-F,CCC(CO)C(O)(Cn1cncn1)c1ccc(F)cc1F,0 1 2 3 4 6 7 8 9 10 11 12 13 14 15 16 17,c1ccc(CCn2cncn2)cc1,train,261.325,1.1844000000000003,0.8189471734282829,19,29
subcategory_halogen-walk.remove-F_470,Cc1cc(Nc2ccc(O)cc2)c2c(ccc3c[nH]nc32)n1,0,authentic,authentic,,,c1ccc(Nc2ccnc3ccc4c[nH]nc4c23)cc1,train,290.326,3.8687200000000015,0.4899111788984318,22,39
subcategory_halogen-walk.remove-F_2362,C[C@@H](SCc1nncn1C)[C@](O)(Cn1cncn1)c1ccccc1,1,halogen-walk,remove-F,C[C@@H](SCc1nncn1C)[C@](O)(Cn1cncn1)c1ccc(F)cc1F,0 1 2 3 4 5 6 7 8 9 11 12 13 14 15 16 17 18 19 20 21 22,c1ccc(C(CSCc2nnc[nH]2)Cn2cncn2)cc1,train,344.444,1.6162999999999998,0.701263290191644,24,44
subcategory_halogen-walk.remove-F_1326,COc1ccc([C@@H]2[C@@H](CCCc3ccccc3)C(=O)N2c2ccccc2)cc1,0,authentic,authentic,,,O=C1[C@H](CCCc2ccccc2)[C@@H](c2ccccc2)N1c1ccccc1,train,371.48,5.422200000000005,0.5189223551894969,28,53
subcategory_halogen-walk.remove-F_1223,CCN(CCN1CCC(c2noc3cc(F)ccc23)CC1)C(=O)C(F)(F)CO,0,authentic,authentic,,,c1ccc2c(C3CCNCC3)noc2c1,train,399.4130000000002,2.622400000000001,0.7752442609882833,28,47
subcategory_halogen-walk.remove-F_816,COC(=O)[C@H](NC(=O)c1cc(-c2ccccc2)nc2ccccc12)c1ccccc1,0,authentic,authentic,,,O=C(NCc1ccccc1)c1cc(-c2ccccc2)nc2ccccc12,train,396.4460000000001,4.545900000000003,0.5028309467430583,30,53
subcategory_halogen-walk.remove-F_445,N#CC(=O)c1cc(S(N)(=O)=O)c(Cl)cc1NCc1ccco1,0,authentic,authentic,,,c1ccc(NCc2ccco2)cc1,train,339.76000000000005,1.8987800000000001,0.6323934952470437,22,41
subcategory_halogen-walk.remove-F_676,[2H]C([2H])([2H])O[C@@H]1CN(CCCOc2ccc(F)cc2)CC[C@@H]1NC(=O)c1cc(Cl)c(N)cc1OC,0,authentic,authentic,,,O=C(NC1CCN(CCCOc2ccccc2)CC1)c1ccccc1,test,468.9713053340002,3.358100000000001,0.43330443922383705,32,76
subcategory_halogen-walk.remove-F_1364,CCCCOC1c2c(ncn2Cc2ccc(OC)cc2)N=CN(C)N1C,0,authentic,authentic,,,C1=Nc2ncn(Cc3ccccc3)c2CNN1,train,357.458,3.207300000000002,0.712407643613571,26,39
subcategory_halogen-walk.remove-F_1687,CC(C)(C)OC(=O)N1CC[C@@H](c2ccccc2)[C@H](COc2ccc3c(c2)OCO3)C1,1,halogen-walk,remove-F,CC(C)(C)OC(=O)N1CC[C@@H](c2ccc(F)c(CC#N)c2)[C@H](COc2ccc3c(c2)OCO3)C1,0 1 2 3 4 5 6 7 8 9 11 12 13 14 15 16 17 18 19 20 21 22 23 24 25 26 27 28 29,c1ccc([C@@H]2CCNC[C@H]2COc2ccc3c(c2)OCO3)cc1,train,411.4980000000003,4.8349000000000055,0.7209169383088753,30,60
subcategory_halogen-walk.remove-F_434,O=C1[C@H](CC[C@H](O)c2ccc(F)cc2)[C@@H](c2ccc(-c3cccc(O)c3)s2)N1c1ccccc1,0,authentic,authentic,,,O=C1[C@H](CCCc2ccccc2)[C@@H](c2ccc(-c3ccccc3)s2)N1c1ccccc1,train,473.56900000000013,6.477700000000007,0.30219810794345014,34,71
subcategory_halogen-walk.remove-F_723,CCCn1nc(C)c(C(=O)c2ccccc2C)c1N,0,authentic,authentic,,,O=C(c1ccccc1)c1cn[nH]c1,train,257.337,2.72314,0.856588070852833,19,30
subcategory_halogen-walk.remove-F_2159,Cc1cc(C#N)cc(CO)c1C(CCCN(C)C)c1ccccc1,1,halogen-walk,remove-F,Cc1cc(C#N)cc(CO)c1C(CCCN(C)C)c1ccc(F)cc1,11 18 19 20 21 22 23,c1ccc(Cc2ccccc2)cc1,train,322.452,3.8327000000000027,0.8424551912799841,24,37
subcategory_halogen-walk.remove-F_2131,O=C(O)CCCCCCCNC(=O)c1ccccc1,1,halogen-walk,remove-F,O=C(O)CCCCCCCNC(=O)c1ccc(F)cc1,11 13 14 15 16 17 18,c1ccccc1,train,263.337,2.8416000000000006,0.6731646449249682,19,27
subcategory_halogen-walk.remove-F_1433,CS(=O)(=O)c1nc(-c2cccc(Cl)c2)c(-c2ccccc2)[nH]1,0,authentic,authentic,,,c1ccc(-c2nc[nH]c2-c2ccccc2)cc1,train,332.812,3.800600000000003,0.7930823506586827,22,46
subcategory_halogen-walk.remove-F_2097,CCN1CCOC(COc2cccc(C)c2)C1,1,halogen-walk,remove-F,CCN1CCOC(COc2ccc(F)cc2C(C)=O)C1,0 1 2 3 4 5 6 7 9 10 11 12 13 14 15 16,c1ccc(OCC2CNCCO2)cc1,train,235.327,2.0945199999999997,0.7974097125216855,17,25
subcategory_halogen-walk.remove-F_1916,[CH]S(O)(CC(N)=O)C(c1ccccc1)c1ccc(F)cc1,1,halogen-walk,remove-F,[CH]S(O)(CC(N)=O)C(c1ccc(F)cc1)c1ccc(F)cc1,7 8 9 10 11 12 13,c1ccc(Cc2ccccc2)cc1,train,305.3740000000001,3.3465900000000017,0.8895275227686384,21,39
subcategory_halogen-walk.remove-F_855,OC(CN1CCN(CCc2ccccc2)CC1)(Cn1cncn1)c1ccc(F)cc1F,0,authentic,authentic,,,c1ccc(CCN2CCN(CC(Cn3cncn3)c3ccccc3)CC2)cc1,train,427.4990000000001,2.3043999999999993,0.5980121147918079,31,47
subcategory_halogen-walk.remove-F_2736,O=C(NC[C@H](NC(=O)C1CC1)C(=O)Nc1ccccc1)c1ccc(Cl)s1,1,halogen-walk,remove-F,O=C(NC[C@H](NC(=O)C1CC1)C(=O)Nc1ccc(N2CCOCC2=O)c(F)c1)c1ccc(Cl)s1,13 14 15 16 17 18 19,O=C(NC[C@H](NC(=O)C1CC1)C(=O)Nc1ccc(N2CCOCC2=O)cc1)c1cccs1,test,391.88,2.6648000000000005,0.6776646855336178,26,50
subcategory_halogen-walk.remove-F_171,CN(CCC(Oc1ccc(C(F)(F)F)cc1)c1ccccc1)C(=O)CCCN.Cl,0,authentic,authentic,,,c1ccc(COc2ccccc2)cc1,train,430.8980000000002,4.834700000000004,0.6192485403597979,29,48
subcategory_halogen-walk.remove-F_2392,CC(C)n1c(C=CC(O)CC(O)CC(=O)O)c(-c2ccccc2)c2cnccc21,1,halogen-walk,remove-F,CC(C)n1c(C=CC(O)CC(O)CC(=O)O)c(-c2ccc(F)cc2)c2cnccc21,0 1 2 3 4 5 6 7 8 9 10 11 12 13 14 15 17 18 19 20 21 22 23 24 25 26 27 28,c1ccc(-c2c[nH]c3ccncc23)cc1,train,394.471,3.884000000000002,0.5387742494416942,29,50
subcategory_halogen-walk.remove-F_84,COc1ccc2c(c1)c(CC(=O)N[C@H](CO)CCSC)c(C)n2C(=O)c1ccc(Cl)cc1,0,authentic,authentic,,,O=C(c1ccccc1)n1ccc2ccccc21,train,475.0100000000001,4.0729200000000025,0.4882649985231521,32,59
subcategory_halogen-walk.remove-F_1787,O=C1[C@H](CC[C@H](O)c2ccc(F)cc2)[C@@H](c2ccccc2)N1c1ccc(F)cc1,1,halogen-walk,remove-F,O=C1[C@H](CC[C@H](O)c2ccc(F)cc2)[C@@H](c2ccc(F)cc2)N1c1ccc(F)cc1,0 1 2 3 4 5 6 7 8 9 10 11 12 13 15 16 17 18 19 20 21 22 23 24 25 26 27 28,O=C1[C@H](CCCc2ccccc2)[C@@H](c2ccccc2)N1c1ccccc1,train,393.43300000000005,5.182700000000004,0.5862406209876542,29,61
subcategory_halogen-walk.remove-F_960,Clc1ccc(CN2CCN(C3CCN(Cc4ccccc4)CC3)CC2)cc1.O=C(O)C(=O)O,0,authentic,authentic,,,c1ccc(CN2CCC(N3CCN(Cc4ccccc4)CC3)CC2)cc1,val,474.00100000000026,3.277800000000001,0.6444521046993823,33,55
subcategory_halogen-walk.remove-F_197,COc1cc2c(c(OC)c1OC)-c1ccc(-c3ccccc3)c(=O)cc1[C@@H](NC(C)=O)CC2,0,authentic,authentic,,,O=c1cc2c(ccc1-c1ccccc1)-c1ccccc1CCC2,train,445.5150000000002,4.530000000000003,0.6246811134621976,33,62
subcategory_halogen-walk.remove-F_1968,[2H]C1([2H])Oc2ccc(OC[C@H]3CNCC[C@@H]3c3ccccc3)cc2O1,1,halogen-walk,remove-F,[2H]C1([2H])Oc2ccc(OC[C@H]3CNCC[C@@H]3c3ccc(F)cc3)cc2O1,15 16 17 18 19 20 21,c1ccc([C@H]2CCNC[C@@H]2COc2ccc3c(c2)OCO3)cc1,train,313.393203556,3.187400000000002,0.9408533651494672,23,52
subcategory_halogen-walk.remove-F_1513,CC(C)(Cc1ccccc1)C(O)(Cn1cncn1)c1ccccc1,1,halogen-walk,remove-F,CC(C)(Cc1ccccc1)C(O)(Cn1cncn1)c1ccc(F)cc1,0 1 2 3 4 5 6 7 8 9 11 12 13 14 15 16 17 18 19 20 21 22,c1ccc(CCC(Cn2cncn2)c2ccccc2)cc1,train,321.42400000000004,3.434800000000002,0.7565057556296988,24,38
subcategory_halogen-walk.remove-F_2393,CCCC(=O)N1CC(=O)c2c([nH]c3ccccc23)C1C,1,halogen-walk,remove-F,CC1c2[nH]c3ccccc3c2C(=O)CN1C(=O)C(F)(F)F,0 1 2 4 5 6 7 8 9 10 11 12 13 14 15 16 17 18,O=C1CNCc2[nH]c3ccccc3c21,train,270.33200000000005,3.0539000000000014,0.9114592662101236,20,37
subcategory_halogen-walk.remove-F_498,COc1ccccc1C1CC(=O)c2ccccc2N1,0,authentic,authentic,,,O=C1CC(c2ccccc2)Nc2ccccc21,train,253.301,3.434800000000001,0.8906294420294545,19,28
subcategory_halogen-walk.remove-F_2208,Cc1[nH]c(/C=C\C(=O)Nc2ccccc2)c(C)c1C(=O)NCCN1CCOCC1,1,halogen-walk,remove-F,Cc1[nH]c(/C=C2\C(=O)Nc3ccc(F)cc32)c(C)c1C(=O)NCCN1CCOCC1,8 9 10 11 12 13 14,O=C1Nc2ccccc2/C1=C/c1cc(C(=O)NCCN2CCOCC2)c[nH]1,train,396.49100000000027,2.34544,0.6272821064546998,29,51
subcategory_halogen-walk.remove-F_1215,COc1ccc(-c2nc(C)c(C(=O)OCCN(C)C)s2)cc1,0,authentic,authentic,,,c1ccc(-c2nccs2)cc1,train,320.414,2.8455200000000014,0.766144750923213,22,38
subcategory_halogen-walk.remove-F_770,NC(=O)[C@H](Cc1ccccc1)NC(=O)[C@H]1NCC[C@H]1c1ccccc1,0,authentic,authentic,,,O=C(NCCc1ccccc1)[C@H]1NCC[C@H]1c1ccccc1,test,337.42300000000006,1.3448999999999995,0.7437308031646497,25,51
subcategory_halogen-walk.remove-F_1943,CC(n1ncnn1)C(O)(Cn1cncn1)c1ccccc1,1,halogen-walk,remove-F,CC(n1ncnn1)C(O)(Cn1cncn1)c1ccc(F)cc1,7 15 16 17 18 19 20,c1ccc(C(Cn2cncn2)Cn2ncnn2)cc1,train,285.31100000000004,0.4135999999999991,0.7294796021764989,21,33
subcategory_halogen-walk.remove-F_1305,NC(=O)CS(=O)Cc1cccc(-c2ccc(F)cc2)c1,0,authentic,authentic,,,c1ccc(-c2ccccc2)cc1,train,291.347,2.2266999999999992,0.9179659663805549,20,35
subcategory_halogen-walk.remove-F_1515,CC(C)n1c(=O)nc(-c2ccccc2)c2cc3c(cc21)OCO3,1,halogen-walk,remove-F,CC(C)n1c(=O)nc(-c2cccc(F)c2)c2cc3c(cc21)OCO3,0 1 2 3 4 5 6 8 9 10 11 12 13 14 15 16 17 18 19 20 21 22,O=c1nc(-c2ccccc2)c2cc3c(cc2[nH]1)OCO3,train,308.3370000000001,3.3731000000000027,0.7281013357991416,23,41
subcategory_halogen-walk.remove-F_289,CC(C)N(CC(O)COc1cccc(/C=C/C(=O)c2ccccc2)c1)C(C)C,0,authentic,authentic,,,O=C(/C=C/c1ccccc1)c1ccccc1,train,381.5160000000001,4.441200000000005,0.488192579739185,28,48
subcategory_halogen-walk.remove-F_1894,O=C1[C@@H]([C@H](O)COc2ccccc2)[C@@H](c2ccc(O)cc2)N1c1ccc(F)cc1,1,halogen-walk,remove-F,O=C1[C@@H]([C@H](O)COc2ccc(F)cc2)[C@@H](c2ccc(O)cc2)N1c1ccc(F)cc1,0 1 2 3 4 5 7 8 9 10 11 12 13 14 15 16 17 18 19 20 21 22 23 24 25 26 27 28,O=C1[C@@H](CCOc2ccccc2)[C@@H](c2ccccc2)N1c1ccccc1,train,393.4140000000001,3.6753000000000027,0.6271632077666168,29,62
subcategory_halogen-walk.remove-F_2553,CCCCN(Cc1cccc(F)c1)CC(O)(Cn1cncn1)c1ccccc1C,1,halogen-walk,remove-F,CCCCN(Cc1cccc(F)c1)CC(O)(Cn1cncn1)c1ccc(F)cc1F,0 1 2 3 4 5 6 7 8 9 10 11 12 13 15 16 17 18 19 20 21 22 23 24 25 26 27,c1ccc(CNCC(Cn2cncn2)c2ccccc2)cc1,train,396.51000000000005,3.915720000000003,0.564437640858804,29,43
subcategory_halogen-walk.remove-F_395,COc1ccc2c(c1)c(CC(=O)Oc1ccccc1)c(C)n2C(=O)c1ccc(Cl)cc1,0,authentic,authentic,,,O=C(Cc1cn(C(=O)c2ccccc2)c2ccccc12)Oc1ccccc1,test,433.8910000000002,5.448320000000004,0.31003950742928743,31,54
subcategory_halogen-walk.remove-F_2386,Cc1cccc(-n2nc(C(N)=O)c3c2C(=O)N(c2ccc(N4CCCC4=O)c(C)c2)CC3)c1,1,halogen-walk,remove-F,COc1cc(-n2nc(C(N)=O)c3c2C(=O)N(c2ccc(N4CCCC4=O)c(C)c2)CC3)ccc1F,0 1 2 3 4 5 7 8 9 10 11 12 13 14 15 16 17 18 19 20 21 22 23 24 25 26 27 28 29 30 31,O=C1CCCN1c1ccc(N2CCc3cnn(-c4ccccc4)c3C2=O)cc1,train,443.50700000000035,2.917740000000001,0.669823269273493,33,61
subcategory_halogen-walk.remove-F_805,COc1ccc(CCCN[C@H](C)Cc2ccccc2)cc1,0,authentic,authentic,,,c1ccc(CCCNCCc2ccccc2)cc1,train,283.415,3.848600000000003,0.7430480777198788,21,33
subcategory_halogen-walk.remove-F_2397,COc1ccc(C2C(CCC(O)c3cccc(C)c3)C(=O)N2c2ccc(CN)cc2)cc1,1,halogen-walk,remove-F,COc1ccc(C2C(CCC(O)c3ccc(F)cc3)C(=O)N2c2ccc(CN)cc2)cc1,0 1 2 3 4 5 6 7 8 9 11 12 13 14 15 16 17 18 19 20 21 22 23 24 25 26 27 28 29 30 31,O=C1C(CCCc2ccccc2)C(c2ccccc2)N1c1ccccc1,train,430.5480000000002,4.680220000000003,0.5089508034950249,32,53
subcategory_halogen-walk.remove-F_1910,CC(C)CCOc1ccc(OCC(F)(F)F)c(C(=O)NC[C@@H]2CCCCN2)c1,1,halogen-walk,remove-F,O=C(NC[C@@H]1CCCCN1)c1cc(OCC(F)(F)F)ccc1OCC(F)(F)F,0 1 2 3 5 6 7 8 9 10 11 12 13 14 15 16 17 18 19 20 21 22 23 24 25 26,O=C(NC[C@@H]1CCCCN1)c1ccccc1,test,402.45700000000016,3.9245000000000028,0.6572989746335569,28,50
subcategory_halogen-walk.remove-F_1043,CCCOc1ccc(Cc2ccc(NC3=NCCN3)cc2)cc1,0,authentic,authentic,,,c1ccc(Cc2ccc(NC3=NCCN3)cc2)cc1,train,309.41299999999995,3.4373000000000014,0.8590330575707382,23,34
subcategory_halogen-walk.remove-F_249,CCCCCNC(=O)OC[N+]1(CCc2c(C)nc3n(c2=O)CCCC3)CCC(c2noc3cc(F)ccc23)CC1,0,authentic,authentic,,,O=c1c(CC[NH+]2CCC(c3noc4ccccc34)CC2)cnc2n1CCCC2,train,554.6870000000002,4.979120000000004,0.2804137605043388,40,67
subcategory_halogen-walk.remove-F_2606,CCCC1(C#CC2CC2)OC(=O)Nc2ccc(C)cc21,1,halogen-walk,remove-F,Cc1ccc2c(c1)C(C#CC1CC1)(C(F)(F)F)OC(=O)N2,0 1 2 3,O=C1Nc2ccccc2C(C#CC2CC2)O1,train,269.344,3.9659200000000023,0.8250402519392664,20,34
subcategory_halogen-walk.remove-F_2737,CCCCc1nn(-c2ccccc2CC(C)C)c(=O)n1Cc1ccc(-c2ccccc2S(=O)(=O)NC(=O)OCC)cc1,1,halogen-walk,remove-F,CCCCc1nn(-c2ccccc2C(F)(F)F)c(=O)n1Cc1ccc(-c2ccccc2S(=O)(=O)NC(=O)OCC)cc1,12 13 14 15 16,O=c1n(Cc2ccc(-c3ccccc3)cc2)cnn1-c1ccccc1,train,590.7460000000002,5.725200000000005,0.2257250070040529,42,70
subcategory_halogen-walk.remove-F_1561,Cc1cccc(C(O)(Cn2cncn2)C(C)c2ccccc2)c1,1,halogen-walk,remove-F,CC(c1ccccc1)C(O)(Cn1cncn1)c1ccc(F)cc1,0 1 2 3 4 5 7 8 9 10 11 12 13 14 15 16 17 18 19 20 21,c1ccc(CC(Cn2cncn2)c2ccccc2)cc1,train,307.39700000000005,3.2780200000000024,0.7867709781570182,23,37
subcategory_halogen-walk.remove-F_2085,Cc1cc(C)c(/C=C/C(O)CC(O)CC(=O)O)c(-c2ccccc2C)n1,1,halogen-walk,remove-F,Cc1cc(C)c(/C=C/C(O)CC(O)CC(=O)O)c(-c2ccc(F)cc2)n1,0 1 2 3 4 5 6 7 8 9 10 11 12 13 14 15 16 18 19 20 21 22 23 24,c1ccc(-c2ccccn2)cc1,train,355.434,3.2736600000000013,0.7089979393777313,26,47
subcategory_halogen-walk.remove-F_1048,Cl.O=C(CN1C(=O)NC(c2ccccc2)(c2ccccc2)C1=O)NCCN1CCCC1,0,authentic,authentic,,,O=C(CN1C(=O)NC(c2ccccc2)(c2ccccc2)C1=O)NCCN1CCCC1,val,442.94700000000034,2.1158,0.6433826106633114,31,52
subcategory_halogen-walk.remove-F_1384,Cc1cccc2c1Nc1ccc(Cl)cc1N=C2N1CCNCC1,0,authentic,authentic,,,c1ccc2c(c1)N=C(N1CCNCC1)c1ccccc1N2,train,326.8310000000002,3.688920000000002,0.7753517147423092,23,35
subcategory_halogen-walk.remove-F_2689,O=C1[C@H](CC=Cc2ccccc2)[C@@H](c2ccc(OCc3ccccc3)cc2)N1c1ccc(F)cc1,1,halogen-walk,remove-F,O=C1[C@H](C/C=C\c2ccc(F)cc2)[C@@H](c2ccc(OCc3ccccc3)cc2)N1c1ccc(F)cc1,5 6 7 8 9 10 11,O=C1[C@H](C/C=C\c2ccccc2)[C@@H](c2ccc(OCc3ccccc3)cc2)N1c1ccccc1,train,463.5520000000001,7.212300000000005,0.2584078855384979,35,64
subcategory_halogen-walk.remove-F_117,CC(c1ccc(-c2ccc(F)cc2)cc1)n1cnnc1,0,authentic,authentic,,,c1ccc(-c2ccc(Cn3cnnc3)cc2)cc1,train,267.307,3.693500000000003,0.7241897260782161,20,33
subcategory_halogen-walk.remove-F_1241,CCCc1cc(OC)c(CC(C)N)cc1OC,0,authentic,authentic,,,c1ccccc1,train,237.34299999999996,2.546000000000001,0.8266131037511175,17,25
subcategory_halogen-walk.remove-F_664,N=C(C1=NCCN1)c1cc(Cl)ccc1NCc1ccccc1,0,authentic,authentic,,,N=C(C1=NCCN1)c1ccccc1NCc1ccccc1,test,312.80400000000003,3.321670000000002,0.7417093660602487,22,35
subcategory_halogen-walk.remove-F_815,Nc1nc(C2CCN(C(=O)C3CCCCC3)CC2)c2ccccc2n1,0,authentic,authentic,,,O=C(C1CCCCC1)N1CCC(c2ncnc3ccccc23)CC1,train,338.455,3.498300000000002,0.9094749491175831,25,40
subcategory_halogen-walk.remove-F_1480,O=C(c1ccccc1)c1ccc(OC[C@@H](O)C[NH2+]Cc2ccccc2)cc1,1,halogen-walk,remove-F,O=C(c1ccccc1)c1ccc(OC[C@@H](O)C[NH2+]Cc2ccc(F)cc2)cc1,0 1 2 3 4 5 6 7 8 9 10 11 12 13 14 15 16 17 19 20 21 22 23 24 25 26,O=C(c1ccccc1)c1ccc(OCCC[NH2+]Cc2ccccc2)cc1,train,362.44900000000007,2.4208999999999996,0.5748282524687056,27,50
subcategory_halogen-walk.remove-F_2808,CCOCCCNCc1cccc(OCc2ccccc2)c1,1,halogen-walk,remove-F,CCOCCCNCc1cccc(OCc2ccc(F)cc2)c1,14 15 16 17 18 19 20,c1ccc(COc2ccccc2)cc1,train,299.41400000000004,3.781800000000003,0.677239618698798,22,28
subcategory_halogen-walk.remove-F_633,CCCNCc1cccc(C(F)(F)F)c1.Cl,0,authentic,authentic,,,c1ccccc1,train,253.69499999999996,3.6268000000000025,0.8083795098199642,16,26
subcategory_halogen-walk.remove-F_2250,OC1(c2nc(-c3ccccc3)c(-c3ccncc3)[nH]2)CC1,1,halogen-walk,remove-F,OC1(c2nc(-c3ccc(F)cc3)c(-c3ccncc3)[nH]2)CC1,0 1 2 3 5 6 7 8 9 10 11 12 13 14 15 16 17 18 19 20,c1ccc(-c2nc(C3CC3)[nH]c2-c2ccncc2)cc1,val,277.3270000000001,3.1201000000000008,0.772878895264826,21,40
subcategory_halogen-walk.remove-F_300,CCOC(=O)[C@H](CCc1ccccc1)N[C@H]1CCCC2CCC[C@H]2N(CC(=O)O)C1=O,0,authentic,authentic,,,O=C1N[C@@H]2CCCC2CCC[C@@H]1NCCCc1ccccc1,train,430.54500000000036,2.7749000000000006,0.5851037725024403,31,60
subcategory_halogen-walk.remove-F_1264,CC[C@H](C)O[C@H](C)n1cnc2c(=O)n(C)c(N=CN(C)C)nc21,0,authentic,authentic,,,O=c1[nH]cnc2[nH]cnc12,train,320.39700000000005,1.685,0.5976654299882825,23,49
subcategory_halogen-walk.remove-F_951,COc1ccc(Cl)cc1C(=O)NCCc1ccc(S(=O)(=O)NC(=O)Nc2ccccc2)cc1,0,authentic,authentic,,,O=C(Nc1ccccc1)NS(=O)(=O)c1ccc(CCNC(=O)c2ccccc2)cc1,test,487.96500000000015,3.831500000000002,0.4465534872293037,33,56
subcategory_halogen-walk.remove-F_2643,CC(C)c1c(/C=C/[C@@H](O)CC(O)CC(=O)O)c(-c2ccccc2)n2ccccc12,1,halogen-walk,remove-F,CC(C)c1c(/C=C/[C@@H](O)CC(O)CC(=O)O)c(-c2ccc(F)cc2)n2ccccc12,0 1 2 3 4 5 6 7 8 9 10 11 12 13 14 15 17 18 19 20 21 22 23 24 25 26 27 28,c1ccc(-c2ccc3ccccn23)cc1,train,393.483,4.329500000000003,0.531984985809882,29,57
subcategory_halogen-walk.remove-F_2450,Cc1ccc([C@@]2(C)NC(=O)N(CC(=O)NCCc3ccccc3)C2=O)cc1,1,halogen-walk,remove-F,Cc1ccc([C@@]2(C)NC(=O)N(CC(=O)NCCc3ccc(F)cc3)C2=O)cc1,16 17 18 19 20 21 22,O=C(CN1C(=O)NC(c2ccccc2)C1=O)NCCc1ccccc1,train,365.43300000000005,2.12092,0.7699317198056029,27,50
subcategory_halogen-walk.remove-F_218,O=C(CN1CCN(c2ccc(O)cc2)CC1)Nc1ccccc1,0,authentic,authentic,,,O=C(CN1CCN(c2ccccc2)CC1)Nc1ccccc1,train,311.385,2.1529,0.9083187808285913,23,36
subcategory_halogen-walk.remove-F_2519,OC(Cn1cncn1)(c1ccccc1)C(F)(F)c1ccc(F)cc1,1,halogen-walk,remove-F,OC(Cn1cncn1)(c1ccc(F)cc1)C(F)(F)c1ccc(F)cc1,1 8 9 10 11 12 13,c1ccc(CC(Cn2cncn2)c2ccccc2)cc1,train,333.313,3.0970000000000013,0.7805250745846349,24,40
subcategory_halogen-walk.remove-F_1637,CN(C)CCCC(O)(c1ccccc1)c1c(C#N)cccc1CO,1,halogen-walk,remove-F,CN(C)CCCC(O)(c1ccc(F)cc1)c1c(C#N)cccc1CO,0 1 2 3 4 5 7 8 9 10 11 12 13 14 15 16 17 18 19 20 21 22 23,c1ccc(Cc2ccccc2)cc1,train,324.4240000000001,2.6282800000000015,0.8214382077774599,24,37
subcategory_halogen-walk.remove-F_2873,CCc1ccc2c(c1)C1(CCN(C)CC1)OC2,1,halogen-walk,remove-F,CN1CCC2(CC1)OCc1ccc(C(F)(F)F)cc12,0 1 3 4 5 6 7 8 9 10 11 12 13 14 15,c1ccc2c(c1)COC21CCNCC1,test,231.3389999999999,2.700100000000001,0.7365698813235021,17,29
subcategory_halogen-walk.remove-F_1590,COC(=O)CC(O)CC(O)/C=C/c1c(-c2ccccc2)c(-c2ccccc2)n(C(C)C)c1C(C)C,1,halogen-walk,remove-F,COC(=O)CC(O)CC(O)/C=C/c1c(-c2ccc(F)cc2)c(-c2ccccc2)n(C(C)C)c1C(C)C,13 14 15 16 17 18 19,c1ccc(-c2cc[nH]c2-c2ccccc2)cc1,train,475.62900000000025,6.214600000000006,0.3418228332391264,35,63
subcategory_halogen-walk.remove-F_1832,CCC(C)(C)/N=c1\c(O)c(O)\c1=N/Cc1ccccc1C,1,halogen-walk,remove-F,CCC(C)(C)/N=c1\c(O)c(O)\c1=N/Cc1ccc(F)c(Cl)c1,0 1 2 3 4 5 6 7 8 9 10 11 12 14 15 16 17 18 19,N=c1cc/c1=N\Cc1ccccc1,train,286.375,2.4720200000000006,0.9064974614995317,21,39
subcategory_halogen-walk.remove-F_2798,O=S(=O)(F)N1CC[C@@H](c2ccccc2)[C@H](COc2ccc3c(c2)OCO3)C1,1,halogen-walk,remove-F,O=S(=O)(F)N1CC[C@@H](c2ccc(F)cc2)[C@H](COc2ccc3c(c2)OCO3)C1,0 1 2 3 4 5 6 8 9 10 11 12 13 14 15 16 17 18 19 20 21 22 23 24 25 26,c1ccc([C@@H]2CCNC[C@H]2COc2ccc3c(c2)OCO3)cc1,train,393.43600000000026,3.1141000000000014,0.7306271392199892,27,56
subcategory_halogen-walk.remove-F_1147,CN(c1ncnc2c1ncn2Cc1ccccc1F)C1CC1,0,authentic,authentic,,,c1ccc(Cn2cnc3c(NC4CC4)ncnc32)cc1,train,297.3370000000001,2.612300000000001,0.7424501698881784,22,32
subcategory_halogen-walk.remove-F_2820,CCc1cccc(C(=O)c2c(C)nn(C)c2N)c1,1,halogen-walk,remove-F,Cc1nn(C)c(N)c1C(=O)c1cccc(C(F)(F)F)c1,0 1 3 4 5 6 7 8 9 10 11 12 13 14 15 16,O=C(c1ccccc1)c1cn[nH]c1,train,243.30999999999997,2.10412,0.8397112945229515,18,31
subcategory_halogen-walk.remove-F_1178,CC[C@H](C(=O)Oc1c(OC)cc(C)cc1OC)N(CCOC)CCOC,0,authentic,authentic,,,c1ccccc1,train,369.45800000000025,2.2910200000000005,0.4135876173638636,26,43
subcategory_halogen-walk.remove-F_69,C[C@H]1[C@@H](c2ccccc2)c2ccccc2[C@@H]2CCCN21,0,authentic,authentic,,,c1ccc([C@@H]2CN3CCC[C@H]3c3ccccc32)cc1,test,263.38399999999996,4.3575000000000035,0.7387316248704205,20,44
subcategory_halogen-walk.remove-F_1293,COc1cc2c(cc1OC)[C@@H]1C(=O)c3ccc4oc(C(C)C)cc4c3O[C@@H]1CO2,0,authentic,authentic,,,O=C1c2ccc3occc3c2O[C@@H]2COc3ccccc3[C@H]12,test,394.4230000000002,4.693300000000004,0.6418494039878281,29,58
subcategory_halogen-walk.remove-F_1970,Cc1ccccc1-c1c(C)[nH]c(-c2ccc(Cl)cc2)c1-c1ccc(Cl)cc1,1,halogen-walk,remove-F,Cc1[nH]c(-c2ccc(Cl)cc2)c(-c2ccc(Cl)cc2)c1-c1ccc(F)cc1,0 1 2 3 4 5 6 7,c1ccc(-c2c[nH]c(-c3ccccc3)c2-c2ccccc2)cc1,train,392.32900000000006,7.939340000000005,0.36421757409335126,27,51
subcategory_halogen-walk.remove-F_2193,O=C1C[C@@H](c2ccccc2)[C@H](COc2ccc3c(c2)OCO3)CN1,1,halogen-walk,remove-F,O=C1C[C@@H](c2ccc(F)cc2)[C@H](COc2ccc3c(c2)OCO3)CN1,0 1 2 4 5 6 7 8 9 10 11 12 13 14 15 16 17 18 19 20 21 22 23,O=C1C[C@@H](c2ccccc2)[C@H](COc2ccc3c(c2)OCO3)CN1,train,325.3640000000001,2.7140000000000004,0.9389351221191573,24,48
subcategory_halogen-walk.remove-F_1157,COc1ccc2c3c1O[C@H]1[C@@H](O)CC[C@H]4[C@@H](C2)N(C)CC[C@@]341.O=C(O)C(O)C(O)C(=O)O,0,authentic,authentic,,,c1cc2c3c(c1)O[C@H]1CCC[C@H]4[C@@H](C2)NCC[C@]314,test,451.4720000000002,-0.39749999999999847,0.40806384652842553,32,81
subcategory_halogen-walk.remove-F_1447,Cc1cccc([C@H](O)CCN2C(=O)[C@H](c3ccc(F)cc3)[C@H]2c2ccc(O)cc2)c1,1,halogen-walk,remove-F,O=C1[C@H](c2ccc(F)cc2)[C@@H](c2ccc(O)cc2)N1CC[C@@H](O)c1ccc(F)cc1,0 1 2 3 4 5 7 8 9 10 11 12 13 14 15 16 17 18 19 20 21 22 23 24 25 26 27 28,O=C1[C@H](c2ccccc2)[C@@H](c2ccccc2)N1CCCc1ccccc1,train,405.4690000000001,4.630520000000004,0.588021782607089,30,63
subcategory_halogen-walk.remove-F_1946,CC(C)n1c(/C=C/CCC(O)CC(=O)O)c(-c2ccccc2)c2ccccc21,1,halogen-walk,remove-F,CC(C)n1c(/C=C/CCC(O)CC(=O)O)c(-c2ccc(F)cc2)c2ccccc21,0 1 2 3 4 5 6 7 8 9 10 11 12 13 14 16 17 18 19 20 21 22 23 24 25 26 27,c1ccc(-c2c[nH]c3ccccc23)cc1,train,377.48400000000004,5.518200000000005,0.543329849563558,28,49
subcategory_halogen-walk.remove-F_74,Cc1ccc(/C=N\Nc2nncc3ccccc23)cc1,0,authentic,authentic,,,C(=N/Nc1nncc2ccccc12)/c1ccccc1,train,262.31600000000003,3.384220000000002,0.5811837035605264,20,31
subcategory_halogen-walk.remove-F_366,COc1cc(OC)c2c(c1)[C@@H](CCCCCC[C@H]1CC[C@@]3(CC[C@H](C)O3)O1)OC2=O,0,authentic,authentic,,,O=C1O[C@H](CCCCCC[C@H]2CC[C@@]3(CCCO3)O2)c2ccccc21,test,418.53000000000026,5.330100000000006,0.3989249395780156,30,66
subcategory_halogen-walk.remove-F_1376,NC(=O)c1nn(-c2ccc3c(c2F)CCO3)c2c1CCN(c1ccc(N3CCCCC3=O)cc1)C2=O,0,authentic,authentic,,,O=C1CCCCN1c1ccc(N2CCc3cnn(-c4ccc5c(c4)CCO5)c3C2=O)cc1,train,489.50700000000035,2.7650000000000006,0.6060165206872417,36,62
subcategory_halogen-walk.remove-F_586,COc1cc2c(cc1OC)C1C(O)C(O)C=C3CCN(C2)C31,0,authentic,authentic,,,C1=C2CCN3Cc4ccccc4C(CC1)C23,test,303.35800000000006,1.0371000000000001,0.7994087995860618,22,39
subcategory_halogen-walk.remove-F_502,COc1cc2nc(C)[nH]c2cc1-c1nc(-c2cccnc2)c(C)[nH]1,0,authentic,authentic,,,c1cncc(-c2c[nH]c(-c3ccc4nc[nH]c4c3)n2)c1,val,319.36800000000005,3.640440000000001,0.6039967502777194,24,46
subcategory_halogen-walk.remove-F_1273,CN1CCc2cccc3c2[C@H]1Cc1cccc(-c2c(O)cccc2O)c1-3,0,authentic,authentic,,,c1ccc(-c2cccc3c2-c2cccc4c2[C@@H](C3)NCC4)cc1,train,343.42600000000004,4.516900000000005,0.6827940857184427,26,46
subcategory_halogen-walk.remove-F_1052,O=C(O)c1cc2c(c(C(=O)O)c1)NCCC2,0,authentic,authentic,,,c1ccc2c(c1)CCCN2,test,221.21199999999996,1.4411,0.7030168470790635,16,30
subcategory_halogen-walk.remove-F_1485,Cc1cc2ccccc2n1CCNC(=O)c1ccccc1,1,halogen-walk,remove-F,Cc1cc2ccccc2n1CCNC(=O)c1ccc(F)c(F)c1,0 1 2 3 4 5 6 7 8 9 10 11 12 14 15 16 17 18 19,O=C(NCCn1ccc2ccccc21)c1ccccc1,train,278.35499999999996,3.3797200000000016,0.7796554774104917,21,30
subcategory_halogen-walk.remove-F_1121,CCCc1nc(C(C)(C)O)c(C(=O)OCC)n1Cc1ccc(-c2nn[nH]n2)cc1,0,authentic,authentic,,,c1cn(Cc2ccc(-c3nn[nH]n3)cc2)cn1,test,398.46700000000004,2.4680999999999997,0.5594802555774734,29,52
subcategory_halogen-walk.remove-F_1331,Cc1cccc(C)c1NC(=O)C(CN1CCCC1)N1CCCC1,0,authentic,authentic,,,O=C(Nc1ccccc1)C(CN1CCCC1)N1CCCC1,train,315.4610000000001,2.8021400000000014,0.907388911688015,23,36
subcategory_halogen-walk.remove-F_1520,NC(=O)COc1ccccc1C(=O)NC1CCN(c2ccccc2)CC1,1,halogen-walk,remove-F,NC(=O)COc1ccccc1C(=O)NC1CCN(Cc2ccc(F)cc2)CC1,0 1 2 3 4 5 6 7 8 9 10 11 12 13 14 15 16 18 19 20 21 22 23 24 25,O=C(NC1CCN(Cc2ccccc2)CC1)c1ccccc1,train,353.4220000000001,1.9494999999999996,0.8312429102432597,26,40
subcategory_halogen-walk.remove-F_869,C=CCOc1ccnc(CS(=O)c2nc3cc(OC(F)F)c(C)cc3[nH]2)c1C,0,authentic,authentic,,,O=S(Cc1ccccn1)c1nc2ccccc2[nH]1,train,407.44200000000006,4.048740000000002,0.5703008778037588,28,49
subcategory_halogen-walk.remove-F_157,Cc1cc(C)cc(COCC2(c3ccccc3)CCNCC2)c1,0,authentic,authentic,,,c1ccc(COCC2(c3ccccc3)CCNCC2)cc1,test,309.45300000000003,4.141440000000003,0.8959720100008332,23,35
subcategory_halogen-walk.remove-F_1186,O=C(N[C@@H]1C(=O)N(c2ccccc2)C[C@@H]1C(=O)O)c1ccc2ccccc2c1,0,authentic,authentic,,,O=C(N[C@H]1CCN(c2ccccc2)C1=O)c1ccc2ccccc2c1,train,374.39600000000013,2.6858000000000004,0.735118211036091,28,57
subcategory_halogen-walk.remove-F_158,CC(=O)n1nc(-c2nc3ccccc3n2C)oc1=O,0,authentic,authentic,,,O=c1[nH]nc(-c2nc3ccccc3[nH]2)o1,train,258.237,1.0500999999999998,0.6511018687063185,19,32
subcategory_halogen-walk.remove-F_2177,CCOC(=O)c1c(C)cc2cnn(-c3ccccc3)c(=O)c2c1C,1,halogen-walk,remove-F,CCOC(=O)c1c(C)cc2cnn(-c3ccc(F)cc3)c(=O)c2c1C,0 1 2 3 4 5 6 7 8 9 10 11 13 14 15 16 17 18 19 20 21 22 23,O=c1c2ccccc2cnn1-c1ccccc1,train,322.36400000000015,3.179240000000002,0.694911162758519,24,41
subcategory_halogen-walk.remove-F_477,CCCOC(=O)N[C@H]1CCc2cc(OC)c(OC)c(OC)c2-c2ccc(SC)c(=O)cc21,0,authentic,authentic,,,O=c1cccc2c(c1)CCCc1ccccc1-2,train,459.5640000000002,4.585000000000004,0.6067169449288367,32,57
subcategory_halogen-walk.remove-F_1726,COc1ccc2c(-c3ccc(OCCN4CCOCC4)cc3)c(Cc3ccccc3)oc2c1,1,halogen-walk,remove-F,COc1ccc2c(-c3ccc(OCCN4CCOCC4)cc3)c(Cc3ccc(F)cc3)oc2c1,23 24 25 26 27 28 29,c1ccc(Cc2oc3ccccc3c2-c2ccc(OCCN3CCOCC3)cc2)cc1,train,443.5430000000002,5.410200000000006,0.3643231195445473,33,50
subcategory_halogen-walk.remove-F_1347,COc1ccc2c(c1)c(CC(=O)OC/C=C/c1ccccc1)c(C)n2C(=O)c1ccc(Cl)cc1,0,authentic,authentic,,,O=C(Cc1cn(C(=O)c2ccccc2)c2ccccc12)OC/C=C/c1ccccc1,test,473.95600000000013,6.099320000000005,0.30422151669300185,34,60
subcategory_halogen-walk.remove-F_2170,Cc1cccc(-c2c(/C=C/[C@@H](O)C[C@H](O)CC(=O)O)n(C(C)C)c3ccccc23)c1,1,halogen-walk,remove-F,CC(C)n1c(/C=C/[C@@H](O)C[C@H](O)CC(=O)O)c(-c2ccc(F)cc2)c2ccccc21,0 1 2 3 4 5 7 8 9 10 11 12 13 14 15 16 17 18 19 20 21 22 23 24 25 26 27 28,c1ccc(-c2c[nH]c3ccccc23)cc1,train,407.5100000000001,4.797420000000003,0.5009864626635961,30,64
subcategory_halogen-walk.remove-F_598,CN(C/C=C/C1=CCCCCC1)Cc1cccc2ccccc12,0,authentic,authentic,,,C1=C(/C=C/CNCc2cccc3ccccc23)CCCCC1,test,305.465,5.7183000000000055,0.6827406703750821,23,35
subcategory_halogen-walk.remove-F_2211,CCCCN1CC[C@@H](c2ccccc2)[C@H](COc2ccc3c(c2)OCO3)C1,1,halogen-walk,remove-F,CCCCN1CC[C@@H](c2ccc(F)cc2)[C@H](COc2ccc3c(c2)OCO3)C1,0 1 2 3 4 5 6 8 9 10 11 12 13 14 15 16 17 18 19 20 21 22 23 24 25 26,c1ccc([C@@H]2CCNC[C@H]2COc2ccc3c(c2)OCO3)cc1,train,367.4890000000002,4.699900000000004,0.7097040652908618,27,50
subcategory_halogen-walk.remove-F_2494,OC(CNCc1ccccc1)COc1ccc2c(c1)OCO2,1,halogen-walk,remove-F,OC(CNCc1cccc(F)c1)COc1ccc2c(c1)OCO2,0 1 2 3 5 6 7 8 9 10 11 12 13 14 15 16 17 18 19 20 21,c1ccc(CNCCCOc2ccc3c(c2)OCO3)cc1,train,301.34200000000004,1.9447999999999996,0.8183025213625572,22,32
subcategory_halogen-walk.remove-F_2110,C=CCN(CC=C)C(=O)CN1C(=O)NC(CC)(c2ccccc2C)C1=O,1,halogen-walk,remove-F,C=CCN(CC=C)C(=O)CN1C(=O)NC(CC)(c2ccc(F)cc2)C1=O,14 17 18 19 20 21 22 23,O=C1NC(=O)C(c2ccccc2)N1,train,355.43800000000005,2.3527199999999997,0.5747950884245462,26,45
subcategory_halogen-walk.remove-F_1390,COc1ccc(CN2C(=O)CN[C@](c3cccc(-c4ccccc4)c3)([C@H](Oc3nc(C)cc(C)n3)C(=O)O)c3ccccc32)cc1,0,authentic,authentic,,,O=C1CN[C@@](COc2ncccn2)(c2cccc(-c3ccccc3)c2)c2ccccc2N1Cc1ccccc1,train,614.7020000000002,5.681240000000004,0.21807747413062603,46,86
subcategory_halogen-walk.remove-F_285,CC(C)c1ccccc1C(c1ccns1)N1CCN(C)CC1,0,authentic,authentic,,,c1ccc(C(c2ccns2)N2CCNCC2)cc1,train,315.4860000000001,3.6033000000000026,0.8591251887809215,22,34
subcategory_halogen-walk.remove-F_2720,O=C(CCc1ccccc1)c1ccccc1OCC(O)CNCc1ccccc1,1,halogen-walk,remove-F,Cl.O=C(CCc1ccc(F)cc1)c1ccccc1OCC(O)CNCc1ccccc1,0 1 2 4 5 6 7 8 9 10 11 12 13 14 15 16 17 18 19 20 21 22 23 24 25 26 27 28,O=C(CCc1ccccc1)c1ccccc1OCCCNCc1ccccc1,train,389.4950000000001,4.031600000000003,0.4862664804797455,29,40
subcategory_halogen-walk.remove-F_1389,CC1(C)CC(=O)n2c3ccccc3c3c4c(cc1c32)CCNC4,0,authentic,authentic,,,O=C1CCc2cc3c(c4c5ccccc5n1c24)CNCC3,train,304.3930000000001,3.761700000000003,0.6859064275552382,23,40
subcategory_halogen-walk.remove-F_386,CC(=O)c1ccccc1OCC(O)CN1CCCC(COc2ccc(F)cc2)C1,0,authentic,authentic,,,c1ccc(OCCCN2CCCC(COc3ccccc3)C2)cc1,train,401.47800000000007,3.559000000000002,0.6513723226802844,29,44
subcategory_halogen-walk.remove-F_122,CCCCS(=O)(=O)On1c(=O)[nH]c2ccccc2c1=O,0,authentic,authentic,,,O=c1[nH]c(=O)c2ccccc2[nH]1,train,298.32000000000005,0.24830000000000002,0.8527801429879067,20,37
subcategory_halogen-walk.remove-F_526,O=C(O)C[C@@H](Cc1ccccc1)NC(=O)CCC(NC(=O)c1cc(Cl)cc(Cl)c1)C(=O)N1CCC2(CCCC2)CC1,0,authentic,authentic,,,O=C(CCC(NC(=O)c1ccccc1)C(=O)N1CCC2(CCCC2)CC1)NCCc1ccccc1,test,602.5589999999999,5.257000000000005,0.32485173402601863,41,78
subcategory_halogen-walk.remove-F_752,C=CCCn1cnc2c1c(=O)n(C)c(=O)n2CCC,0,authentic,authentic,,,O=c1[nH]c(=O)c2[nH]cnc2[nH]1,train,262.31299999999993,0.8827999999999996,0.7515274856986485,19,32
subcategory_halogen-walk.remove-F_928,CCOc1cc2c(cc1OCC)C(=O)C(CC1CCN(Cc3ccc(F)c(F)c3)CC1)C2,0,authentic,authentic,,,O=C1c2ccccc2CC1CC1CCN(Cc2ccccc2)CC1,train,443.5340000000002,5.4195000000000055,0.5461935404632828,32,53
subcategory_halogen-walk.remove-F_191,O=C(OCC(O)CO)c1cn2c(ccc3ccccc32)n1,0,authentic,authentic,,,c1ccc2c(c1)ccc1nccn12,train,286.28700000000003,0.9974999999999996,0.6989305338987405,21,34
subcategory_halogen-walk.remove-F_1510,COc1cc2c(cc1OC)C(=O)C(F)(CC1(F)CCN(Cc3ccccc3)CC1)C2,1,halogen-walk,remove-F,COc1cc2c(cc1OC)C(=O)C(F)(CC1(F)CCN(Cc3ccc(F)cc3)CC1)C2,0 1 2 3 4 5 6 7 8 9 10 11 12 13 14 15 16 17 18 19 21 22 23 24 25 26 27 28 29,O=C1c2ccccc2CC1CC1CCN(Cc2ccccc2)CC1,train,415.4800000000002,4.545300000000005,0.6941936645381402,30,51
subcategory_halogen-walk.remove-F_1039,O=C(CS[C@H]1C(=O)N(c2ccc(F)cc2)[C@@H]1c1ccc(O)cc1)c1ccc(F)cc1,0,authentic,authentic,,,O=C(CS[C@H]1C(=O)N(c2ccccc2)[C@@H]1c1ccccc1)c1ccccc1,val,425.4560000000001,4.743000000000004,0.4577632167124115,30,61
subcategory_halogen-walk.remove-F_931,O=P(O)(O)Cc1cccc2nc(O)c(O)nc12,0,authentic,authentic,,,c1ccc2nccnc2c1,train,256.154,0.7186999999999995,0.583269068880081,17,30
subcategory_halogen-walk.remove-F_2574,Cn1ccc(-c2ccc(Oc3ccccc3)cc2)n1,1,halogen-walk,remove-F,Cn1ccc(-c2ccc(Oc3ccc(F)cc3)cc2)n1,9 10 11 12 13 14 15,c1ccc(Oc2ccc(-c3cc[nH]n3)cc2)cc1,val,250.30100000000002,3.879400000000003,0.7049962267553348,19,30
subcategory_halogen-walk.remove-F_906,COc1ccc(C2CC(=O)c3ccccc3N2)cc1,0,authentic,authentic,,,O=C1CC(c2ccccc2)Nc2ccccc21,train,253.30100000000002,3.434800000000002,0.8906294420294545,19,30
subcategory_halogen-walk.remove-F_2422,O=CNCc1ccc(-c2nc(-c3ccncc3)c(-c3ccccc3)[nH]2)cc1,1,halogen-walk,remove-F,O=CNCc1ccc(-c2nc(-c3ccncc3)c(-c3ccc(F)cc3)[nH]2)cc1,17 18 19 20 21 22 23,c1ccc(-c2nc(-c3ccncc3)c(-c3ccccc3)[nH]2)cc1,train,354.413,4.051700000000002,0.513221286236866,27,48
subcategory_halogen-walk.remove-F_742,COC1=C[C@H]2C3=C(C(NC(C)=O)CCc4cc(OC)c(OC)c(OC)c43)[C@H]2C1=O,0,authentic,authentic,,,O=C1C=C[C@H]2C3=C(CCCc4ccccc43)[C@@H]12,train,399.44300000000015,2.2759,0.8179937747449152,29,61
subcategory_halogen-walk.remove-F_2776,CC1O[C@@](C)(c2ccccc2)c2ccc(C#N)c(CCCN)c21,1,halogen-walk,remove-F,CC1O[C@@](C)(c2ccc(F)cc2)c2ccc(C#N)c(CCCN)c21,0 1 2 4 5 6 7 8 9 10 11 12 13 14 15 16 17 18 19 20 21 22,c1ccc(C2OCc3ccccc32)cc1,train,306.4090000000001,3.804280000000002,0.9342313690936463,23,42
subcategory_halogen-walk.remove-F_2575,CCCC(C)n1c(CC)nc2c(-c3ccc(CC)cc3Cl)ccnc21,1,halogen-walk,remove-F,CCCC(C)n1c(CC)nc2c(-c3ccc(C(F)(F)F)cc3Cl)ccnc21,0 1 2 3 4 5 6 7 8 9 10 11 12 13 14 16 17 18 19 20 21 22 23 24,c1ccc(-c2ccnc3[nH]cnc23)cc1,train,355.913,6.237600000000005,0.5237197680138808,25,41
subcategory_halogen-walk.remove-F_1902,CSc1ccc(-c2nc3n(c2-c2ccccc2)CCS3)cc1,1,halogen-walk,remove-F,CSc1ccc(-c2nc3n(c2-c2ccc(F)cc2)CCS3)cc1,0 1 2 3 4 5 6 7 8 9 11 12 13 14 15 16 17 18 19 20 21,c1ccc(-c2nc3n(c2-c2ccccc2)CCS3)cc1,train,324.47400000000005,5.044700000000003,0.628271762897666,22,36
subcategory_halogen-walk.remove-F_2459,Cc1[nH]c(/C=C/C(=O)Nc2ccccc2)c(C)c1C(=O)NC[C@H](O)CN1CCOCC1,1,halogen-walk,remove-F,Cc1[nH]c(/C=C2/C(=O)Nc3ccc(F)cc32)c(C)c1C(=O)NC[C@H](O)CN1CCOCC1,8 9 10 11 12 13 14,O=C1Nc2ccccc2/C1=C\c1cc(C(=O)NCCCN2CCOCC2)c[nH]1,val,426.5170000000003,1.7063399999999997,0.4809951278668609,31,59
subcategory_halogen-walk.remove-F_953,COc1ccccc1C(=O)NS(=O)c1ccc(C(=O)NC2CC2)cc1,0,authentic,authentic,,,O=C(NC1CC1)c1ccc(S(=O)NC(=O)c2ccccc2)cc1,test,358.4190000000001,2.04,0.8275854328793173,25,42
subcategory_halogen-walk.remove-F_773,N#CCn1nc(-c2ccc(OCc3ccccc3)cc2)oc1=O,0,authentic,authentic,,,O=c1[nH]nc(-c2ccc(OCc3ccccc3)cc2)o1,train,307.309,2.605880000000001,0.7234195894384736,23,36
subcategory_halogen-walk.remove-F_376,N#CCCCOc1ccc(OCc2cccc(Cl)c2)cc1,0,authentic,authentic,,,c1ccc(COc2ccccc2)cc1,train,301.773,4.601580000000004,0.701764003789267,21,31
subcategory_halogen-walk.remove-F_663,CCCCc1oc2ccccc2c1C(=O)c1ccccc1OC,0,authentic,authentic,,,O=C(c1ccccc1)c1coc2ccccc12,train,308.37700000000007,5.015000000000005,0.6005090344875699,23,32
subcategory_halogen-walk.remove-F_1858,CCS(=O)(=O)C(C)S(=O)(=O)c1ccc(Cl)cc1,1,halogen-walk,remove-F,CC(S(=O)(=O)c1ccc(Cl)cc1)S(=O)(=O)C(F)(F)F,0 1 3 4 5 6 7 8 9 10 11 12 13 14 15 16,c1ccccc1,train,296.797,1.8944,0.8507338260522194,17,36
subcategory_halogen-walk.remove-F_721,CC1=Nc2ccc(Cl)cc2N=C(N2CCN(CCc3ccccc3)CC2)C1,0,authentic,authentic,,,C1=Nc2ccccc2N=C(N2CCN(CCc3ccccc3)CC2)C1,train,380.9230000000002,4.726400000000004,0.7705356992466919,27,44
subcategory_halogen-walk.remove-F_2064,CS[C@@H](n1cncn1)[C@](O)(Cn1cncn1)c1ccccc1,1,halogen-walk,remove-F,CS[C@@H](n1cncn1)[C@](O)(Cn1cncn1)c1ccc(F)cc1F,0 1 2 3 4 5 6 7 9 10 11 12 13 14 15 16 17 18 19 20,c1ccc(C(Cn2cncn2)Cn2cncn2)cc1,train,316.39,1.3192000000000002,0.738438785833803,22,42
subcategory_halogen-walk.remove-F_1516,O=C(O)C1(COc2ccccc2)CCN(c2cc(Cl)c(Cl)cc2Cl)CC1,1,halogen-walk,remove-F,O=C1CCc2c(OCC3(C(=O)O)CCN(c4cc(Cl)c(Cl)cc4Cl)CC3)ccc(F)c2N1,5 6 7 8 9 10 11,O=C1CCc2c(cccc2OCC2CCN(c3ccccc3)CC2)N1,train,414.7160000000001,5.397000000000004,0.6657920673345961,26,46
subcategory_halogen-walk.remove-F_1398,CCCc1nc(C(C)CC)c(C=O)n1Cc1ccc(-c2ccccc2-c2nn[nH]n2)cc1,0,authentic,authentic,,,c1ccc(-c2nn[nH]n2)c(-c2ccc(Cn3ccnc3)cc2)c1,train,428.5400000000001,5.057000000000004,0.37656249917344675,32,54
subcategory_halogen-walk.remove-F_635,Cn1c(=O)c2nc(-c3ccc(S(=O)(=O)O)cc3)[nH]c2n(C)c1=O,0,authentic,authentic,,,O=c1[nH]c(=O)c2nc(-c3ccccc3)[nH]c2[nH]1,train,336.32900000000006,-0.1259999999999996,0.6278456130683764,23,49
subcategory_halogen-walk.remove-F_2367,Cc1ccccc1-c1c(C=CC2CC(O)CC(=O)O2)n(C(C)C)c2ccccc12,1,halogen-walk,remove-F,CC(C)n1c(C=CC2CC(O)CC(=O)O2)c(-c2ccc(F)cc2)c2ccccc21,0 1 2 3 4 5 6 8 9 10 11 12 13 14 15 16 17 18 19 20 21 22 23 24 25 26 27,O=C1CCCC(C=Cc2[nH]c3ccccc3c2-c2ccccc2)O1,train,389.4950000000001,5.277320000000004,0.6179932679347404,29,50
subcategory_halogen-walk.remove-F_257,CC(C)N(Cc1ccccc1)CC(O)(Cn1cncn1)c1ccc(F)cc1F,0,authentic,authentic,,,c1ccc(CNCC(Cn2cncn2)c2ccccc2)cc1,train,386.446,3.354700000000002,0.6451031486989007,28,44
subcategory_halogen-walk.remove-F_1294,CCCCCCCCCCCC[C@@H](O)[C@H]1CC[C@H](CO)O1,0,authentic,authentic,,,C1CCOC1,train,300.483,4.1982000000000035,0.5012135219248096,21,40
subcategory_halogen-walk.remove-F_851,Clc1ccc2c(NCCCNCc3ccc(Br)cc3)ccnc2c1,0,authentic,authentic,,,c1ccc(CNCCCNc2ccnc3ccccc23)cc1,train,404.73900000000003,5.242500000000003,0.5285700204008977,24,36
subcategory_halogen-walk.remove-F_1930,COc1ccc(S(=O)(=O)c2ccc(CC3CCN(C4CCN(C(=O)c5ccccc5)CC4)CC3)cc2)cc1,1,halogen-walk,remove-F,COc1ccc(S(=O)(=O)c2ccc(CC3CCN(C4CCN(C(=O)c5ccc(F)c6ccccc56)CC4)CC3)cc2)cc1,0 1 2 3 4 5 6 7 8 9 10 11 12 13 14 15 16 17 18 19 20 21 23 24 25 26 27 28 29 30 31 32 33 34 35 36 37,O=C(c1cccc2ccccc12)N1CCC(N2CCC(Cc3ccc(S(=O)(=O)c4ccccc4)cc3)CC2)CC1,val,532.7060000000004,5.087300000000005,0.4242699513032642,38,65
subcategory_halogen-walk.remove-F_2154,Cc1cc(-c2ccccc2)c(/C=C\[C@@H](O)C[C@@H](O)CC(=O)O)c(C)n1,1,halogen-walk,remove-F,Cc1cc(-c2ccc(F)cc2)c(/C=C\[C@@H](O)C[C@@H](O)CC(=O)O)c(C)n1,0 1 2 4 5 6 7 8 9 10 11 12 13 14 15 16 17 18 19 20 21 22 23 24,c1ccc(-c2ccncc2)cc1,train,341.4070000000001,2.9652399999999997,0.7201401679836171,25,56
subcategory_halogen-walk.remove-F_320,C=C(C(=O)N1CCOCC1)c1ccc(Cl)cc1Cl,0,authentic,authentic,,,C=C(C(=O)N1CCOCC1)c1ccccc1,val,286.158,2.865400000000002,0.7823446653022931,18,32
subcategory_halogen-walk.remove-F_1107,Cc1cc(C2CCCCC2)nc2c(C3CCCCC3)cccc12,0,authentic,authentic,,,c1cc(C2CCCCC2)c2nc(C3CCCCC3)ccc2c1,train,307.481,6.638620000000006,0.6057876479026124,23,35
subcategory_halogen-walk.remove-F_426,O=C(O)CCCC(=O)N1CCC2(CC1)CCN(c1ccncc1)CC2,0,authentic,authentic,,,c1cc(N2CCC3(CCNCC3)CC2)ccn1,test,345.44300000000004,2.5455000000000014,0.8876375589495895,25,41
subcategory_halogen-walk.remove-F_923,CC1=C(/C=C/C(C)=C/c2ccc(C(=O)O)cc2F)C(C)(C)CCC1,0,authentic,authentic,,,C1=C(/C=C/C=C/c2ccccc2)CCCC1,train,328.4270000000002,6.010000000000005,0.687177948521352,24,47
subcategory_halogen-walk.remove-F_1579,CCS(=O)(=O)c1nc(-c2ccc(F)cc2)c(-c2ccc(F)cc2)[nH]1,1,halogen-walk,remove-F,O=S(=O)(c1nc(-c2ccc(F)cc2)c(-c2ccc(F)cc2)[nH]1)C(F)(F)F,0 1 3 4 5 6 7 8 9 10 11 12 13 14 15 16 17 18 19 20 21 22,c1ccc(-c2nc[nH]c2-c2ccccc2)cc1,train,348.374,3.815500000000003,0.7796246964216166,24,49
subcategory_halogen-walk.remove-F_2863,CCCCc1cc(C)cc(COCC2(CCN)OCc3cc(C#N)ccc32)c1,1,halogen-walk,remove-F,Cc1cc(COCC2(CCN)OCc3cc(C#N)ccc32)cc(C(F)(F)F)c1,0 1 2 3 4,c1ccc(COCC2OCc3ccccc32)cc1,train,378.5160000000001,4.5004000000000035,0.6974245862027849,28,43
subcategory_halogen-walk.remove-F_680,O=C1NC(=O)C(c2ccccc2)(c2ccccc2)N1O,0,authentic,authentic,,,O=C1NC(=O)C(c2ccccc2)(c2ccccc2)N1,train,268.272,1.8712,0.6450000238159126,20,34
subcategory_halogen-walk.remove-F_1598,O=C(NC1CC1)c1ccccc1OCC1CCN(C(=O)c2ccccc2)CC1,1,halogen-walk,remove-F,O=C(NC1CC1)c1ccccc1OCC1CCN(C(=O)c2ccc(F)c(F)c2)CC1,0 1 2 3 4 5 6 7 8 9 10 11 12 13 14 15 16 17 19 20 21 22 23 24 25 26 27,O=C(NC1CC1)c1ccccc1OCC1CCN(C(=O)c2ccccc2)CC1,train,378.47200000000015,3.5100000000000025,0.8368348444973599,28,44
subcategory_halogen-walk.remove-F_2850,CCCc1cccc(C(O)CNCC(C)c2ccc(O)cc2)c1,1,halogen-walk,remove-F,CC(CNCC(O)c1cccc(C(F)(F)F)c1)c1ccc(O)cc1,0 1 2 4 5 6 7 8 9 10 11 12 13 14 15 16 17 18 19 20 21,c1ccc(CCNCCc2ccccc2)cc1,train,313.441,3.7714000000000025,0.6951261456899458,23,35
subcategory_halogen-walk.remove-F_712,CCOC(=O)Oc1cc2c(c(OC)c1OC)-c1ccc(OC)c(=O)cc1[C@@H](NC(C)=O)CC2,0,authentic,authentic,,,O=c1cccc2c(c1)CCCc1ccccc1-2,train,457.47900000000027,3.3983000000000017,0.5193089663954933,33,62
subcategory_halogen-walk.remove-F_831,COc1cccc(C2(O)CCCCC2CN(C)C)c1,0,authentic,authentic,,,c1ccc(C2CCCCC2)cc1,train,263.3809999999999,2.6346000000000007,0.9061758690933457,19,29
subcategory_halogen-walk.remove-F_1191,CCN1C(=O)c2c(nc(C(N)=O)n2Cc2ccc(O)cc2)N2C1=N[C@@H]1CCC[C@@H]12,0,authentic,authentic,,,O=C1NC2=N[C@@H]3CCC[C@@H]3N2c2ncn(Cc3ccccc3)c21,test,394.4350000000002,1.3087,0.810809466186139,29,62
subcategory_halogen-walk.remove-F_1036,COc1cccc2c1CCC(CN(C)C)=C2c1cccc(O)c1,0,authentic,authentic,,,C1=C(c2ccccc2)c2ccccc2CC1,test,309.409,3.7105000000000032,0.93428679380707,23,36
subcategory_halogen-walk.remove-F_1281,CCOC(=O)c1c(C)cc2cnn(-c3ccc(O)cc3)c(=O)c2c1C,0,authentic,authentic,,,O=c1c2ccccc2cnn1-c1ccccc1,train,338.3630000000001,2.8848400000000014,0.742738643775858,25,44
subcategory_halogen-walk.remove-F_1471,N#CC(F)(F)C(O)(Cn1cncn1)c1ccccc1,1,halogen-walk,remove-F,N#CC(F)(F)C(O)(Cn1cncn1)c1ccc(F)cc1F,0 1 2 3 4 6 7 8 9 10 11 12 13 14 15 16 17,c1ccc(CCn2cncn2)cc1,train,264.235,1.3247799999999998,0.9034116346757789,19,32
subcategory_halogen-walk.remove-F_1928,COc1ccc2c3c1O[C@H]1C[C@@H](OC(=O)NCc4ccccc4)C=C[C@@]31CCN(C)C2,1,halogen-walk,remove-F,COc1ccc2c3c1O[C@H]1C[C@@H](OC(=O)NCc4ccc(F)cc4)C=C[C@@]31CCN(C)C2,16 17 18 19 20 21 22,O=C(NCc1ccccc1)O[C@H]1C=C[C@@]23CCNCc4cccc(c42)O[C@H]3C1,test,420.5090000000002,3.7844000000000024,0.7630851438440928,31,62
subcategory_halogen-walk.remove-F_2249,Cc1ccccc1C1CCN(CCC(=O)c2ccc3c(c2)OC=CO3)C1,1,halogen-walk,remove-F,O=C(CCN1CCC(c2ccc(F)cc2)C1)c1ccc2c(c1)OC=CO2,0 1 2 3 4 5 6 8 9 10 11 12 13 14 15 16 17 18 19 20 21 22 23 24,O=C(CCN1CCC(c2ccccc2)C1)c1ccc2c(c1)OC=CO2,train,349.43000000000006,4.299720000000003,0.7546131533711553,26,42
subcategory_halogen-walk.remove-F_2821,Cc1ccccc1C(O)(CNc1[nH]c(=O)ncc1F)Cn1cncn1,1,halogen-walk,remove-F,O=c1ncc(F)c(NCC(O)(Cn2cncn2)c2ccc(F)cc2F)[nH]1,0 1 2 3 4 5 6 8 9 10 11 12 13 14 15 16 17 18 19 20 21 22 23 24,O=c1nccc(NCC(Cn2cncn2)c2ccccc2)[nH]1,train,344.3500000000001,0.8088200000000001,0.6105306686901909,25,41
subcategory_halogen-walk.remove-F_1060,CCCCCN1CC[C@@H](c2cccc(C(F)(F)F)c2)[C@H](COc2ccc3c(c2)OCO3)C1.Cl,0,authentic,authentic,,,c1ccc([C@@H]2CCNC[C@H]2COc2ccc3c(c2)OCO3)cc1,train,485.97400000000033,6.530600000000007,0.39761039616544125,33,64
subcategory_halogen-walk.remove-F_757,CCN1CCC[C@@H]1CNC(=O)c1c(OC)ccc(Br)c1OC,0,authentic,authentic,,,O=C(NC[C@H]1CCCN1)c1ccccc1,train,371.2750000000001,2.6804000000000006,0.835602403925724,22,39
subcategory_halogen-walk.remove-F_1212,OC(CCn1ccnc1)c1ccc2c(c1)Cc1ccccc1-2,0,authentic,authentic,,,c1ccc2c(c1)Cc1cc(CCCn3ccnc3)ccc1-2,train,290.366,3.578000000000002,0.623634662345459,22,35
subcategory_halogen-walk.remove-F_630,Cc1cc(C)c(NN=C2CCC(C)n3c2ncc(C(=O)O)c3=O)cc1C,0,authentic,authentic,,,O=c1ccnc2n1CCCC2=NNc1ccccc1,train,354.4100000000001,3.0377600000000013,0.8259756970886799,26,45
subcategory_halogen-walk.remove-F_104,c1cc(N2CCN(CC3CC3)CC2)c2occc2c1,0,authentic,authentic,,,c1cc(N2CCN(CC3CC3)CC2)c2occc2c1,train,256.34899999999993,2.964800000000001,0.8414750141707553,19,31
subcategory_halogen-walk.remove-F_2582,CCc1nn(-c2ccc(OC)cc2)c2c1CCN(CCCCCC(=O)OC)C2=O,1,halogen-walk,remove-F,COC(=O)CCCCCN1CCc2c(C(F)(F)F)nn(-c3ccc(OC)cc3)c2C1=O,0 1 2,O=C1NCCc2cnn(-c3ccccc3)c21,train,399.49100000000027,3.1750000000000016,0.4782870851457968,29,46
subcategory_halogen-walk.remove-F_2716,C=CCOC(=O)COc1ccc([C@@H]2[C@@H](CC[C@H](O)c3ccccc3)C(=O)N2c2ccccc2)cc1,1,halogen-walk,remove-F,C=CCOC(=O)COc1ccc([C@@H]2[C@@H](CC[C@H](O)c3ccc(F)cc3)C(=O)N2c2ccccc2)cc1,16 18 19 20 21 22 23,O=C1[C@H](CCCc2ccccc2)[C@@H](c2ccccc2)N1c1ccccc1,train,471.55300000000017,5.012500000000005,0.24164623461551343,35,70
subcategory_halogen-walk.remove-F_2302,c1ccc(CN2CCC(c3ccccc3)C(COc3ccc4c(c3)OCO4)C2)cc1,1,halogen-walk,remove-F,Cl.Fc1ccc(C2CCN(Cc3ccccc3)CC2COc2ccc3c(c2)OCO3)cc1,0 1 2 3 4 5 6 7 9 10 11 12 13 14 15 16 17 18 19 20 21 22 23 24 25 26 27 28 29,c1ccc(CN2CCC(c3ccccc3)C(COc3ccc4c(c3)OCO4)C2)cc1,train,401.5060000000002,5.100000000000005,0.5750038530235984,30,48
subcategory_halogen-walk.remove-F_2672,CCCCc1nc(O)nc2cc(OC)c(OC)cc12,1,halogen-walk,remove-F,COc1cc2nc(O)nc(C(F)(F)F)c2cc1OC,0 1 2 3 5 6 7 8 9 10 11 12 13 14 15 16 17,c1ccc2ncncc2c1,train,262.30899999999997,2.6952000000000007,0.8970800159126283,19,29
subcategory_halogen-walk.remove-F_1374,CCCc1nc(CC)c2c(=O)[nH]c(-c3cc(S(=O)(=O)N(C)CCN(C)C)ccc3OCC)nn12,0,authentic,authentic,,,O=c1[nH]c(-c2ccccc2)nn2cncc12,train,490.63000000000034,2.1803,0.4382759023105892,34,63
subcategory_halogen-walk.remove-F_2376,Cc1ccccc1-c1c(/C=C/C(O)CC(O)CC(=O)[O-])c(C2CC2)nc2ccccc12,1,halogen-walk,remove-F,O=C([O-])CC(O)CC(O)/C=C/c1c(C2CC2)nc2ccccc2c1-c1ccc(F)cc1,0 1 2 3 4 5 6 7,c1ccc(-c2cc(C3CC3)nc3ccccc23)cc1,train,416.4970000000002,3.3527200000000015,0.5873677078255796,31,57
subcategory_halogen-walk.remove-F_2755,Cc1nnc(-c2ccccc2)c(Cl)n1,1,halogen-walk,remove-F,Cc1nnc(-c2ccc(F)c(Cl)c2)c(Cl)n1,0 1 2 3 5 6 7 8 9 10 11 12 13,c1ccc(-c2cncnn2)cc1,train,205.648,2.500420000000001,0.7182042537508546,14,24
subcategory_halogen-walk.remove-F_803,CC(N[C@@H](Cc1ccccc1)C(=O)O)C(=O)N1C2CCCCC2C[C@H]1C(=O)O,0,authentic,authentic,,,O=C(CNCCc1ccccc1)N1CCC2CCCCC21,train,388.4640000000003,1.9046999999999994,0.6586548197328909,28,56
subcategory_halogen-walk.remove-F_2636,COc1cccc(C2=CC(=Cc3ccccc3)CCC2CN(C)C)c1,1,halogen-walk,remove-F,COc1cccc(C2=C/C(=C/c3ccc(F)cc3)CCC2CN(C)C)c1,0 1 2 3 4 5 6 7 8 9 11 12 13 14 15 16 17 18 19 20 21 22 23 24,C1=C(c2ccccc2)CCC/C1=C\c1ccccc1,test,333.4750000000001,5.133800000000004,0.751552985055944,25,39
subcategory_halogen-walk.remove-F_1980,Cc1cccc(CCNC(=O)COc2ccc3c(c2)OCO3)c1,1,halogen-walk,remove-F,O=C(COc1ccc2c(c1)OCO2)NCCc1ccc(F)cc1,0 1 2 3 4 5 7 8 9 10 11 12 13 14 15 16 17 18 19 20 21,O=C(COc1ccc2c(c1)OCO2)NCCc1ccccc1,train,313.35300000000007,2.4614200000000004,0.8898794878828814,23,36
subcategory_halogen-walk.remove-F_149,CC(Oc1ccccc1C(=O)c1ccccc1)C(=O)O,0,authentic,authentic,,,O=C(c1ccccc1)c1ccccc1,train,270.28399999999993,2.7695,0.8484326959336479,20,32
subcategory_halogen-walk.remove-F_2518,CCc1cccc(CCNC(=O)n2ccnc2)c1,1,halogen-walk,remove-F,O=C(NCCc1cccc(C(F)(F)F)c1)n1ccnc1,0 1 3 4 5 6 7 8 9 10 11 12 13 14 15 16,O=C(NCCc1ccccc1)n1ccnc1,val,243.31,2.2459,0.894852822587362,18,27
subcategory_halogen-walk.remove-F_699,O=C(NCN1CCCCC1=O)c1cc(O)ccc1OCC(F)(F)F,0,authentic,authentic,,,O=C(NCN1CCCCC1=O)c1ccccc1,train,346.30500000000006,2.0330999999999997,0.8551249067987786,24,38
subcategory_halogen-walk.remove-F_1533,C[C@@H]1C(=O)NCCCN1C(=O)C[C@@H](N)Cc1ccccc1,1,halogen-walk,remove-F,C[C@@H]1C(=O)NCCCN1C(=O)C[C@@H](N)Cc1cc(F)c(F)cc1F,0 1 2 3 4 5 6 7 8 9 10 11 13 14 15 16 17 18 19,O=C1CN(C(=O)CCCc2ccccc2)CCCN1,train,289.37899999999996,0.6835000000000012,0.8558005160796391,21,43
subcategory_halogen-walk.remove-F_164,CCCc1c(O)n(-c2ccc(F)cc2)c2nc3c(c(=O)n(C)c(=O)n3C)n2c1=O,0,authentic,authentic,,,O=c1[nH]c(=O)c2c(nc3n(-c4ccccc4)ccc(=O)n23)[nH]1,train,399.3820000000001,0.8329999999999997,0.5497407306574139,29,55
subcategory_halogen-walk.remove-F_1639,CCOc1cc2nc(SCc3cc(OC)ccn3)[nH]c2cc1O,1,halogen-walk,remove-F,COc1ccnc(CSc2nc3cc4c(cc3[nH]2)OC(F)(F)O4)c1,0 1 3 4 5 6 7 8 9 10 11 12 13 14 15 16 17 18 19 20 21,c1ccc(CSc2nc3cc4c(cc3[nH]2)OCO4)nc1,train,331.397,3.3631000000000015,0.6742345877285554,23,36
subcategory_halogen-walk.remove-F_2460,O=C(NCCO)c1ccccc1OCc1ccccc1,1,halogen-walk,remove-F,O=C(NCCO)c1ccccc1OCc1ccc(F)cc1,0 1 2 3 4 5 6 7 8 9 10 11 12 14 15 16 17 18,c1ccc(COc2ccccc2)cc1,train,271.316,1.9877,0.8443933696019896,20,27
subcategory_halogen-walk.remove-F_273,CCCOc1ccc(Cc2cc(C3CCN(C[C@H]4CN([C@@H](C(=O)O)[C@H](C)CC)C[C@@H]4c4cccc(F)c4)CC3)n(CC)n2)cc1,0,authentic,authentic,,,c1ccc(Cc2cc(C3CCN(C[C@H]4CNC[C@@H]4c4ccccc4)CC3)[nH]n2)cc1,train,618.838,6.816000000000008,0.21399143261795575,45,92
subcategory_halogen-walk.remove-F_2008,Cc1cc2c(cc1OC[C@H]1CNCC[C@@H]1c1ccccc1)OCO2,1,halogen-walk,remove-F,Cc1cc2c(cc1OC[C@H]1CNCC[C@@H]1c1ccc(F)cc1)OCO2,0 1 2 3 4 5 6 7 8 9 10 11 12 13 15 16 17 18 19 20 21 22 23,c1ccc([C@H]2CCNC[C@@H]2COc2ccc3c(c2)OCO3)cc1,train,325.4080000000001,3.495820000000002,0.933871422698644,24,43
subcategory_halogen-walk.remove-F_2855,Cc1c(OCCC(C)C)ccnc1CS(=O)c1nc2ccccc2[nH]1,1,halogen-walk,remove-F,Cc1c(OCC(F)(F)F)ccnc1CS(=O)c1nc2ccccc2[nH]1.O,0 1 2 3 5 6 7 8 9 10 11 12 13 14 15 16 17 18 19 20 21 22 23 24,O=S(Cc1ccccn1)c1nc2ccccc2[nH]1,train,357.47900000000004,3.9990200000000025,0.6938700447848511,25,41
subcategory_halogen-walk.remove-F_686,CCC1c2cc3c(C(F)(F)F)cc(O)nc3cc2NC[C@@H]1C,0,authentic,authentic,,,c1cnc2cc3c(cc2c1)CCCN3,train,310.319,4.514400000000003,0.81406520395749,22,41
subcategory_halogen-walk.remove-F_54,CCOc1ccc(-n2c(C)c3c(C)nnc(C)c3c2C)cc1,0,authentic,authentic,,,c1ccc(-n2cc3cnncc3c2)cc1,train,295.38599999999997,4.052880000000003,0.731466057531746,22,37
subcategory_halogen-walk.remove-F_2555,CN(C)CC1CCCCC1(O)c1ccccc1,1,halogen-walk,remove-F,COc1cc(C2(O)CCCCC2CN(C)C)ccc1F,0 1 2 3 4 5 6 7 8 10 11 12 13 14 15,c1ccc(C2CCCCC2)cc1,train,233.35500000000002,2.6260000000000012,0.8672472499787739,17,25
subcategory_halogen-walk.remove-F_2537,Cc1ccccc1NC(=O)[C@H](CNC(=O)c1ccc(Cl)s1)N(CC1CC1)C1CCC1,1,halogen-walk,remove-F,O=C(NC[C@@H](C(=O)Nc1ccc(N2CCOCC2=O)c(F)c1)N(CC1CC1)C1CCC1)c1ccc(Cl)s1,0 1 2 3 4 5 6 7,O=C(NC[C@@H](C(=O)Nc1ccc(N2CCOCC2=O)cc1)N(CC1CC1)C1CCC1)c1cccs1,train,446.01600000000025,4.711520000000004,0.587068656149223,30,55
subcategory_halogen-walk.remove-F_2508,C=CCNC(=O)CN1C(=O)N[C@](C)(c2ccccc2)C1=O,1,halogen-walk,remove-F,C[C@]1(c2ccccc2)NC(=O)N(CC(=O)NCC(F)(F)F)C1=O,0 1 2,O=C1NC(=O)C(c2ccccc2)N1,train,287.3190000000001,0.7557999999999996,0.6195687869309979,21,40
subcategory_halogen-walk.remove-F_1886,CC(N)n1c(/C=C/C2CC(O)CC(=O)O2)c(-c2ccccc2)c2ccccc21,1,halogen-walk,remove-F,Cc1cc(-c2c(/C=C/C3CC(O)CC(=O)O3)n(C(C)N)c3ccccc23)ccc1F,0 1 2 3 4 5 6 7 8 9 10 11 12 13 14 16 17 18 19 20 21 22 23 24 25 26 27,O=C1CCCC(/C=C/c2[nH]c3ccccc3c2-c2ccccc2)O1,train,376.456,3.8652000000000033,0.6779123180514374,28,51
subcategory_halogen-walk.remove-F_1915,CC(=O)c1sc(-c2ccc(OCc3ccccc3)cc2)nc1C,1,halogen-walk,remove-F,CC(=O)c1sc(-c2ccc(OCc3ccc(F)cc3)cc2)nc1C,0 1 2 3 4 5 6 7 8 9 10 12 13 14 15 16 17 18 19 20 21 22,c1ccc(COc2ccc(-c3nccs3)cc2)cc1,train,323.41700000000003,4.900120000000004,0.6268938671710955,23,37
subcategory_halogen-walk.remove-F_13,COC(=O)C1CCCN1C(=O)[C@H](CC(C)C)N[C@@H](C(N)=O)[C@@H](N)Cc1ccccc1,0,authentic,authentic,,,O=C(CNCCCc1ccccc1)N1CCCC1,train,418.5380000000002,0.5786000000000041,0.47699293868750753,30,65
subcategory_halogen-walk.remove-F_1342,Cc1c(C)c2ccc(OS(=O)(=O)c3ccccc3)cc2oc1=O,0,authentic,authentic,,,O=c1ccc2ccc(OS(=O)(=O)c3ccccc3)cc2o1,train,330.36100000000005,3.1775400000000014,0.5445631134094718,23,40
subcategory_halogen-walk.remove-F_1292,CCOC(=O)c1sc(-c2ccc(OCC(C)C)c(C#N)c2)nc1CO,0,authentic,authentic,,,c1ccc(-c2nccs2)cc1,train,360.4350000000001,3.3855800000000023,0.761009203188483,25,42
subcategory_halogen-walk.remove-F_292,O=C(COc1ccc2c(c1)OCO2)NCCc1ccc(F)cc1,0,authentic,authentic,,,O=C(COc1ccc2c(c1)OCO2)NCCc1ccccc1,train,317.316,2.2921000000000005,0.8880064344190801,23,36
subcategory_halogen-walk.remove-F_2079,O=C1N(c2ccc(F)cc2)[C@@H](c2ccc(O)cc2)[C@@]1(O)CCc1ccccc1,1,halogen-walk,remove-F,O=C1N(c2ccc(F)cc2)[C@@H](c2ccc(O)cc2)[C@@]1(O)CCCc1ccc(F)cc1,0 1 2 3 4 5 6 7 8 9 10 11 12 13 14 15 16 17 18 19 20 22 23 24 25 26,O=C1C(CCCc2ccccc2)[C@H](c2ccccc2)N1c1ccccc1,train,377.41500000000013,3.983100000000002,0.6613551775799668,28,56
subcategory_halogen-walk.remove-F_1450,CCc1nn(-c2ccc(OC)cc2)c2c1CCN(c1ccc(C3(C(=O)OC)CC3)cc1)C2=O,1,halogen-walk,remove-F,COC(=O)C1(c2ccc(N3CCc4c(C(F)(F)F)nn(-c5ccc(OC)cc5)c4C3=O)cc2)CC1,0 1 3 4 5 6 7 8 9 10 11 12 13 14 15 16 17 18 19 20 21 22 23 24 25 26 27 28 29 30 31 32,O=C1c2c(cnn2-c2ccccc2)CCN1c1ccc(C2CC2)cc1,train,445.51900000000023,3.850800000000003,0.5390815369575472,33,58
subcategory_halogen-walk.remove-F_690,COc1ccc(Sc2ccc(CN3CCCC3)cc2)cc1,0,authentic,authentic,,,c1ccc(Sc2ccc(CN3CCCC3)cc2)cc1,val,299.43899999999996,4.442200000000003,0.8094917255119379,21,31
subcategory_halogen-walk.remove-F_427,CN1CCC(OC(=O)c2ccc(-c3ccccc3)cc2)CC1,0,authentic,authentic,,,O=C(OC1CCNCC1)c1ccc(-c2ccccc2)cc1,train,295.3820000000001,3.6046000000000022,0.8102570674900237,22,36
subcategory_halogen-walk.remove-F_868,CN(C)CCC[C@]1(c2ccc(F)cc2)OCc2cc(C#N)ccc21.O=C(O)C(=O)O,0,authentic,authentic,,,c1ccc(C2OCc3ccccc32)cc1,train,414.43300000000016,2.968580000000001,0.7237724204466454,30,55
subcategory_halogen-walk.remove-F_2506,Cc1cccc(Cn2c(O)c(C)c(=O)n3c4c(=O)n(C)c(=O)n(C)c4nc23)c1,1,halogen-walk,remove-F,Cc1c(O)n(Cc2ccc(F)cc2)c2nc3c(c(=O)n(C)c(=O)n3C)n2c1=O,0 1 2 3 4 5 6 7 27,O=c1[nH]c(=O)c2c(nc3n(Cc4ccccc4)ccc(=O)n23)[nH]1,train,381.39200000000017,0.4173399999999996,0.541929958266247,28,55
subcategory_halogen-walk.remove-F_584,COc1cnc(CS(=O)c2nc3ccc(OC(F)(F)C(F)F)cc3[nH]2)c(C)c1OC,0,authentic,authentic,,,O=S(Cc1ccccn1)c1nc2ccccc2[nH]1,train,447.4100000000001,3.828020000000002,0.5285611290155544,30,54
subcategory_halogen-walk.remove-F_596,COC(=O)[C@H](CCc1ccccc1)NC(C)C(=O)N(C1CCCCC1)[C@@H](C)C(=O)O,0,authentic,authentic,,,O=C(CNCCCc1ccccc1)NC1CCCCC1,train,418.53400000000033,2.7733000000000008,0.5674483577994767,30,60
subcategory_halogen-walk.remove-F_491,CCN(CC(=O)Nc1ccccc1C(F)(F)F)CC(=O)c1[nH]c(C)c(C(C)=O)c1C,0,authentic,authentic,,,O=C(CNCC(=O)c1ccc[nH]1)Nc1ccccc1,train,423.43500000000023,3.996240000000003,0.6291821765404739,30,56
subcategory_halogen-walk.remove-F_1884,CCCCN(Cc1ccccc1C)CC(O)(Cn1cncn1)c1ccccc1,1,halogen-walk,remove-F,CCCCN(Cc1ccccc1C)CC(O)(Cn1cncn1)c1ccc(F)cc1F,0 1 2 3 4 5 6 7 8 9 10 11 12 13 15 16 17 18 19 20 21 22 23 24 25 26,c1ccc(CNCC(Cn2cncn2)c2ccccc2)cc1,train,378.52000000000004,3.776620000000003,0.5833413189912482,28,40
subcategory_halogen-walk.remove-F_2066,O=C(NC1CC1)c1ccccc1OCC1CCN(Cc2ccccc2)CC1,1,halogen-walk,remove-F,O=C(NC1CC1)c1ccccc1OCC1CCN(C(=O)c2ccc(F)cc2)CC1,0 1 2 3 4 5 6 7 8 9 10 11 12 13 14 15 16 18 19 20 21 22 23 24 25 26,O=C(NC1CC1)c1ccccc1OCC1CCN(C(=O)c2ccccc2)CC1,train,364.48900000000015,3.8698000000000032,0.8108516238437101,27,40
subcategory_halogen-walk.remove-F_779,COc1ccc2nc(CO[C@H]3CN(Cc4cccnc4)C[C@H]3F)[nH]c2c1,0,authentic,authentic,,,c1cncc(CN2CC[C@@H](OCc3nc4ccccc4[nH]3)C2)c1,test,356.40100000000007,2.7056000000000004,0.7357429431278718,26,49
subcategory_halogen-walk.remove-F_1258,COc1ccc2ccc3nc(C(N)=O)cn3c2c1,0,authentic,authentic,,,c1ccc2c(c1)ccc1nccn12,train,241.24999999999997,1.5949999999999998,0.7403529952904071,18,29
subcategory_halogen-walk.remove-F_876,N#Cc1ccc2c(c1)C(c1ccc(F)cc1)OC2,0,authentic,authentic,,,c1ccc(C2OCc3ccccc32)cc1,train,239.24899999999997,3.316980000000002,0.7643784538064988,18,31
subcategory_halogen-walk.remove-F_2831,CC(C)n1c(/C=C/C2C[C@@H](O)CC(=O)O2)c(-c2ccccc2)c2ccccc21,1,halogen-walk,remove-F,CC(C)n1c(/C=C/C2C[C@@H](O)CC(=O)O2)c(-c2ccc(F)cc2)c2ccccc21,0 1 2 3 4 5 6 7 8 9 10 11 12 13 14 16 17 18 19 20 21 22 23 24 25 26 27,O=C1CCCC(/C=C/c2[nH]c3ccccc3c2-c2ccccc2)O1,train,375.468,4.968900000000004,0.6552453769982958,28,56
subcategory_halogen-walk.remove-F_1681,CC(=O)c1[nH]c(C)c(C(=O)N2CCCC(Nc3ccccc3C)C2)c1C,1,halogen-walk,remove-F,CC(=O)c1[nH]c(C)c(C(=O)N2CCCC(Nc3cccc(F)c3)C2)c1C,0 1 2 3 4 5 6 7 8 9 10 11 12 13 14 16 17 18 19 20 21 22 23 24 25,O=C(c1cc[nH]c1)N1CCCC(Nc2ccccc2)C1,test,353.4660000000001,3.8592600000000026,0.8204909615045958,26,47
subcategory_halogen-walk.remove-F_2476,O=C1[C@@H](c2ccc(F)cc2)[C@H](c2ccc(O)cc2)N1CC[C@@H](O)c1ccccc1,1,halogen-walk,remove-F,O=C1[C@@H](c2ccc(F)cc2)[C@H](c2ccc(O)cc2)N1CC[C@@H](O)c1ccc(F)cc1,0 1 2 3 4 5 6 7 8 9 10 11 12 13 14 15 16 17 18 19 20 22 23 24 25 26 27,O=C1[C@@H](c2ccccc2)[C@H](c2ccccc2)N1CCCc1ccccc1,train,391.4420000000002,4.322100000000003,0.6153732882160375,29,62
subcategory_halogen-walk.remove-F_2387,Cc1c(CC[C@@H](O)C[C@@H](O)CC(=O)O)c(-c2ccccc2)c(C)n1-c1ccccc1,1,halogen-walk,remove-F,Cc1c(CC[C@@H](O)C[C@@H](O)CC(=O)O)c(-c2ccc(F)cc2)c(C)n1-c1ccccc1,0 1 2 3 4 5 6 7 8 9 10 11 12 13 15 16 17 18 19 20 21 22 23 24 25 26 27 28 29,c1ccc(-c2ccn(-c3ccccc3)c2)cc1,train,407.5100000000001,4.280340000000003,0.4943989688794375,30,61
subcategory_halogen-walk.remove-F_515,CCCC1CCC(N2CCC(N3C(=O)N(CC)[C@@H]4CCCC[C@H]43)CC2)CC1,0,authentic,authentic,,,O=C1N[C@@H]2CCCC[C@H]2N1C1CCN(C2CCCCC2)CC1,test,375.60100000000034,4.878400000000005,0.684655391964125,27,53
subcategory_halogen-walk.remove-F_1141,CN1CC[C@]23c4c5ccc(O)c4O[C@H]2[C@@H](OC2O[C@@H](C(=O)O)CC(O)C2O)C=C[C@H]3[C@H]1C5,0,authentic,authentic,,,C1=C[C@H]2[C@H]3Cc4cccc5c4[C@@]2(CCN3)[C@@H](O5)[C@H]1OC1CCCCO1,train,445.46800000000013,0.14379999999999982,0.48045255052960595,32,81
subcategory_halogen-walk.remove-F_1346,N#CC1=C(N)n2ncnc2NC1c1ccccc1F,0,authentic,authentic,,,C1=Cn2ncnc2NC1c1ccccc1,train,256.244,1.2348799999999998,0.8002126304722047,19,29
subcategory_halogen-walk.remove-F_1299,CCCCCOC(=O)c1cc(O)c(-c2cc(C)cc(C)c2)c(OC)c1,0,authentic,authentic,,,c1ccc(-c2ccccc2)cc1,train,342.4350000000001,5.031640000000005,0.5661052091789783,25,43
subcategory_halogen-walk.remove-F_135,O=C(NC(Cc1ccccc1)C(=O)O)OCc1ccccc1,0,authentic,authentic,,,O=C(NCCc1ccccc1)OCc1ccccc1,train,299.32599999999996,2.6087000000000007,0.8594123326662736,22,34
subcategory_halogen-walk.remove-F_2103,CCc1ccc(SC)c(C(=O)c2ccccc2)c1,1,halogen-walk,remove-F,CCc1ccc(SC)c(C(=O)c2ccc(F)cc2)c1,0 1 2 3 4 5 6 7 8 10 11 12 13 14 15 16 17,O=C(c1ccccc1)c1ccccc1,train,256.37,4.201900000000004,0.6020912959404167,18,29
subcategory_halogen-walk.remove-F_2805,O=C(CCN1CCC(c2ccccc2)C1)c1ccc2c(c1)OC=CO2,1,halogen-walk,remove-F,O=C(CCN1CCC(c2ccc(F)cc2)C1)c1ccc2c(c1)OC=CO2,0 1 2 3 4 5 6 8 9 10 11 12 13 14 15 16 17 18 19 20 21 22 23 24,O=C(CCN1CCC(c2ccccc2)C1)c1ccc2c(c1)OC=CO2,train,335.4030000000001,3.9913000000000034,0.7745845615625698,25,41
subcategory_halogen-walk.remove-F_703,CC(C)n1c(/C=C/[C@@H]2CC(O)CC(=O)O2)c(-c2ccc(F)cc2)c2ccccc21,0,authentic,authentic,,,O=C1CCC[C@@H](/C=C/c2[nH]c3ccccc3c2-c2ccccc2)O1,train,393.458,5.108000000000004,0.6270235792366468,29,59
subcategory_halogen-walk.remove-F_297,COc1cccc(C2=CCN(C)CC2)c1,0,authentic,authentic,,,C1=C(c2ccccc2)CCNC1,val,203.28499999999994,2.4141000000000004,0.7315719730570137,15,24
subcategory_halogen-walk.remove-F_731,Cc1c(C(=O)N(C)Cc2cccc(F)c2)[nH]c2c1C(=O)CCC2,0,authentic,authentic,,,O=C(NCc1ccccc1)c1cc2c([nH]1)CCCC2=O,train,314.3600000000002,3.253420000000002,0.9452253394668302,23,44
subcategory_halogen-walk.remove-F_2685,CCCCS(=O)(=O)NCC1(C(=O)Nc2ccc(-c3ccccc3S(N)(=O)=O)cn2)CC(c2ccc(Cl)c(N)c2)=NO1,1,halogen-walk,remove-F,Nc1cc(C2=NOC(CNS(=O)(=O)CC(F)(F)F)(C(=O)Nc3ccc(-c4ccccc4S(N)(=O)=O)cn3)C2)ccc1Cl,0 1 2 3,O=C(Nc1ccc(-c2ccccc2)cn1)C1CC(c2ccccc2)=NO1,val,621.1410000000001,2.8530000000000006,0.2346583556858209,41,77
subcategory_halogen-walk.remove-F_1935,CCCC1(C2CC2)OC(=O)Nc2ccc(Cl)cc21,1,halogen-walk,remove-F,O=C1Nc2ccc(Cl)cc2C(C2CC2)(C(F)(F)F)O1,0 1 2 4 5 6 7 8 9 10 11 12 13 14 15 16,O=C1Nc2ccccc2C(C2CC2)O1,test,265.74,4.307500000000003,0.8844575046552641,18,32
subcategory_halogen-walk.remove-F_1866,CCCc1nn(-c2ccc(OC)cc2)c2c1CCN(c1ccc(C3(CN(CC)CC)CCC3)cc1)C2=O,1,halogen-walk,remove-F,CCN(CC)CC1(c2ccc(N3CCc4c(C(F)(F)F)nn(-c5ccc(OC)cc5)c4C3=O)cc2)CCC1,0 1 2 4 5 6 7 8 9 10 11 12 13 14 15 16 17 18 19 20 21 22 23 24 25 26 27 28 29 30 31 32 33 34 35 36,O=C1c2c(cnn2-c2ccccc2)CCN1c1ccc(C2CCC2)cc1,train,500.6870000000004,5.7998000000000065,0.35305943568934867,37,61
subcategory_halogen-walk.remove-F_222,CNC(C)C1CCN(c2cc3c(c(N)c2F)c(=O)c(C(=O)O)cn3C2CC2)C1,0,authentic,authentic,,,O=c1ccn(C2CC2)c2cc(N3CCCC3)ccc12,train,388.44300000000015,2.1900999999999993,0.6791383337166639,28,52
subcategory_halogen-walk.remove-F_1444,COc1ccc(F)cc1C1(O)CCC(Cc2ccccc2)CC1CN(C)C,1,halogen-walk,remove-F,COc1ccc(F)cc1C1(O)CCC(Cc2ccc(F)cc2)CC1CN(C)C,0 1 2 3 4 5 6 7 8 9 10 11 12 13 15 16 17 18 19 20 21 22 23 24 25 26,c1ccc(CC2CCC(c3ccccc3)CC2)cc1,train,371.4960000000001,4.242500000000003,0.8242681810168925,27,41
subcategory_halogen-walk.remove-F_2866,Cc1ccccc1-c1c(/C=C/[C@H](O)C[C@H](O)CC(N)=O)n(C(C)C)c2ccccc12,1,halogen-walk,remove-F,CC(C)n1c(/C=C/[C@H](O)C[C@H](O)CC(N)=O)c(-c2ccc(F)cc2)c2ccccc21,0 1 2 3 4 5 6 8 9 10 11 12 13 14 15 16 17 18 19 20 21 22 23 24 25 26 27 28,c1ccc(-c2c[nH]c3ccccc23)cc1,train,406.5260000000001,4.198120000000002,0.5238052422626098,30,61
subcategory_halogen-walk.remove-F_1815,c1ccc([C@@H]2CCN(C3CCCCCC3)C[C@H]2COc2ccc3c(c2)OCO3)cc1,1,halogen-walk,remove-F,Fc1ccc([C@@H]2CCN(C3CCCCCC3)C[C@H]2COc2ccc3c(c2)OCO3)cc1,0 1 2 3 5 6 7 8 9 10 11 12 13 14 15 16 17 18 19 20 21 22 23 24 25 26 27 28,c1ccc([C@@H]2CCN(C3CCCCCC3)C[C@H]2COc2ccc3c(c2)OCO3)cc1,test,407.5540000000001,5.622600000000006,0.6018468425221903,30,55
subcategory_halogen-walk.remove-F_2024,Cc1cccc([C@]2(CCCN(C)C)OCc3cc(C#N)ccc32)c1,1,halogen-walk,remove-F,[2H]c1c([2H])c([C@]2(CCCN(C)C)OCc3cc(C#N)ccc32)c([2H])c([2H])c1F,0 1 2 3 4 5 6 23,c1ccc(C2OCc3ccccc32)cc1,train,320.436,3.982300000000003,0.8357753806377985,24,42
subcategory_halogen-walk.remove-F_2181,N#CCCCCN1CC[C@H](c2ccccc2)[C@@H](COc2ccc3c(c2)OCO3)C1,1,halogen-walk,remove-F,N#CCCCCN1CC[C@H](c2ccc(F)cc2)[C@@H](COc2ccc3c(c2)OCO3)C1.O=C(O)C(=O)O,9 10 11 12 13 14 15,c1ccc([C@H]2CCNC[C@@H]2COc2ccc3c(c2)OCO3)cc1,train,392.49900000000025,4.593680000000004,0.6150055035996325,29,53
subcategory_halogen-walk.remove-F_881,NC(=O)c1nn(-c2ccc3c(c2)CCO3)c2c1CCN(c1ccc(N3CCCCC3=O)c(F)c1)C2=O,0,authentic,authentic,,,O=C1CCCCN1c1ccc(N2CCc3cnn(-c4ccc5c(c4)CCO5)c3C2=O)cc1,train,489.5070000000003,2.7650000000000015,0.6060165206872419,36,64
subcategory_halogen-walk.remove-F_1452,CCOc1cccc(C(=O)NC2CCN(Cc3ccccc3)CC2)c1,1,halogen-walk,remove-F,O=C(NC1CCN(Cc2ccccc2)CC1)c1cccc(OC(F)F)c1,0 1 3 4 5 6 7 8 9 10 11 12 13 14 15 16 17 18 19 20 21 22 23,O=C(NC1CCN(Cc2ccccc2)CC1)c1ccccc1,train,338.4510000000001,3.479700000000002,0.8766518623146038,25,38
subcategory_halogen-walk.remove-F_1083,NS(=O)(=O)c1cc(C(=O)OCCSCC(=O)O)c(NCc2ccco2)cc1Cl,0,authentic,authentic,,,c1ccc(NCc2ccco2)cc1,train,448.90600000000006,2.1670999999999996,0.3666948728099794,28,49
subcategory_halogen-walk.remove-F_1098,CCN(CC)CCNC(=O)c1c(C)[nH]c(/C=C2\C(=O)Nc3ccc(/C=C/S(=O)(=O)Cc4cccc(F)c4)cc32)c1C,0,authentic,authentic,,,O=C1Nc2ccc(/C=C/S(=O)(=O)Cc3ccccc3)cc2/C1=C/c1ccc[nH]1,train,578.7100000000002,4.920640000000003,0.2798621087911434,41,80
subcategory_halogen-walk.remove-F_1514,COc1ccc(/C=C2\CCCCC(CN(C)C)C2(O)c2ccccc2)cc1,1,halogen-walk,remove-F,COc1ccc(/C=C2\CCCCC(CN(C)C)C2(O)c2ccc(F)c(C)c2)cc1,0 1 2 3 4 5 6 7 8 9 10 11 12 13 14 15 16 18 19 20 21 22 23 24 25 26,C(=C1/CCCCCC1c1ccccc1)/c1ccccc1,train,365.517,4.718200000000005,0.7784982335275966,27,44
subcategory_halogen-walk.remove-F_1575,CC(c1cccc(F)c1)C(O)(Cn1cncn1)c1ccccc1,1,halogen-walk,remove-F,CC(c1cccc(F)c1)C(O)(Cn1cncn1)c1ccc(F)cc1F,0 1 2 3 4 5 6 7 8 10 11 12 13 14 15 16 17 18 19 20 21,c1ccc(CC(Cn2cncn2)c2ccccc2)cc1,train,311.36,3.1087000000000016,0.7874782648950751,23,37
subcategory_halogen-walk.remove-F_1359,Cc1ccc(C(=O)c2ccc3n2CCCC3C(=O)O)cc1,0,authentic,authentic,,,O=C(c1ccccc1)c1ccc2n1CCCC2,train,283.32699999999994,2.9895200000000006,0.8808881964838968,21,35
subcategory_halogen-walk.remove-F_1760,O=C(O)C[C@@H](NC(=O)[C@@H]1CCCN1S(=O)(=O)c1cc(Cl)cc(Cl)c1)c1ccc(-c2ccccc2)cc1,1,halogen-walk,remove-F,COc1ccc(F)c(OC)c1-c1ccc([C@@H](CC(=O)O)NC(=O)[C@@H]2CCCN2S(=O)(=O)c2cc(Cl)cc(Cl)c2)cc1,0 1 2 3 4 5 6 7 8 9 10 11 12 13 14 15 16 17 18 19 20 21 22 23 24 25 26 28 29 30 31 32 33 34 35,O=C(NCc1ccc(-c2ccccc2)cc1)[C@@H]1CCCN1S(=O)(=O)c1ccccc1,val,547.4600000000003,5.145700000000003,0.4063924848058696,36,77
subcategory_halogen-walk.remove-F_2406,c1ccc([C@@H]2CCNC[C@H]2COC2Oc3ccccc3O2)cc1,1,halogen-walk,remove-F,Fc1ccc([C@@H]2CCNC[C@H]2COC2Oc3ccccc3O2)cc1,0 1 2 3 5 6 7 8 9 10 11 12 13 14 15 16 17 18 19 20 21,c1ccc([C@@H]2CCNC[C@H]2COC2Oc3ccccc3O2)cc1,val,311.38100000000003,3.1513000000000018,0.9413907033663754,23,42
subcategory_halogen-walk.remove-F_2703,Cc1cccc([C@@](O)(Cn2cncn2)[C@@H](C)n2ncn(CCC(C)C)c2=O)c1,1,halogen-walk,remove-F,CC(C)CCn1cnn([C@H](C)[C@](O)(Cn2cncn2)c2ccc(F)cc2F)c1=O,0 1 2 3 4 5 7 8 9 10 11 12 13 14 15 16 17 18 19 20 21 22 23 24 25 26,O=c1[nH]cnn1CC(Cn1cncn1)c1ccccc1,train,384.4840000000002,2.1398200000000003,0.6424910874133694,28,56
subcategory_halogen-walk.remove-F_141,O=C(CCN1C(=O)NC(c2ccccc2)(c2ccccc2)C1=O)NCc1ccc(F)cc1,0,authentic,authentic,,,O=C(CCN1C(=O)NC(c2ccccc2)(c2ccccc2)C1=O)NCc1ccccc1,val,431.46700000000016,3.327600000000002,0.5635759055258682,32,53
subcategory_halogen-walk.remove-F_136,COc1ccc(S(=O)(=O)N2CCN(C(=O)c3cnn4c3CCCC4)CC2)cc1C(N)=O,0,authentic,authentic,,,O=C(c1cnn2c1CCCC2)N1CCN(S(=O)(=O)c2ccccc2)CC1,test,447.51700000000034,0.47360000000000013,0.7098233376342715,31,55
subcategory_halogen-walk.remove-F_824,CC[N+]12CCC(CC1)[C@@H](OC(=O)C(O)(c1cccs1)c1cccs1)C2,0,authentic,authentic,,,O=C(O[C@H]1C[NH+]2CCC1CC2)C(c1cccs1)c1cccs1,train,378.5390000000001,3.217600000000002,0.6418814075870316,25,52
subcategory_halogen-walk.remove-F_1774,CC(=O)c1c(C)[nH]c(C(=O)NCCc2ccccc2)c1C,1,halogen-walk,remove-F,CC(=O)c1c(C)[nH]c(C(=O)NCCc2ccc(F)cc2)c1C,0 1 2 3 4 5 6 7 8 9 10 11 13 14 15 16 17 18 19 20,O=C(NCCc1ccccc1)c1ccc[nH]1,train,284.35900000000004,2.8066400000000016,0.8293129913738564,21,38
subcategory_halogen-walk.remove-F_2825,O=C(NCCNC(=O)c1cccc2c1OCCO2)c1ccccc1,1,halogen-walk,remove-F,O=C(NCCNC(=O)c1cccc2c1OCCO2)c1ccc(F)cc1,1 18 19 20 21 22 23,O=C(NCCNC(=O)c1cccc2c1OCCO2)c1ccccc1,test,326.35200000000003,1.6175999999999995,0.8187460194851036,24,36
subcategory_halogen-walk.remove-F_2568,CC(C)c1c(/C=C/C(O)CC(O)CC(=O)O)c(-c2ccccc2)n2ccccc12,1,halogen-walk,remove-F,CC(C)c1c(/C=C/C(O)CC(O)CC(=O)O)c(-c2ccc(F)cc2)n2ccccc12,0 1 2 3 4 5 6 7 8 9 10 11 12 13 14 15 17 18 19 20 21 22 23 24 25 26 27 28,c1ccc(-c2ccc3ccccn23)cc1,train,393.483,4.329500000000003,0.531984985809882,29,52
subcategory_halogen-walk.remove-F_1429,COC(=O)C(N)COCCOCCN1CCN(C2=Nc3ccccc3Sc3ccccc32)CC1,0,authentic,authentic,,,c1ccc2c(c1)N=C(N1CCNCC1)c1ccccc1S2,train,484.6220000000002,2.380600000000001,0.4287386627942879,34,50
subcategory_halogen-walk.remove-F_1168,FC(F)(F)[C@H]1OCN(C#CC2CC2)c2ccc(Cl)cc21,0,authentic,authentic,,,C(#CN1COCc2ccccc21)C1CC1,test,301.695,4.108400000000002,0.6687432873626987,20,40
subcategory_halogen-walk.remove-F_254,N#CC(CCc1cccc(C(F)(F)F)c1)(Cn1cncn1)c1ccccc1,0,authentic,authentic,,,c1ccc(CCC(Cn2cncn2)c2ccccc2)cc1,train,370.378,4.391280000000003,0.6465733329307498,27,44
subcategory_halogen-walk.remove-F_780,COc1ccc2c(c1)c(CCNC(C)=O)c1n2CCCc2ccccc2-1,0,authentic,authentic,,,c1ccc2c(c1)CCCn1c-2cc2ccccc21,test,348.4460000000001,3.9417000000000026,0.7759280375820415,26,42
subcategory_halogen-walk.remove-F_2472,OC1(COc2ccccc2)CCN(c2cccc(Cl)c2)CC1,1,halogen-walk,remove-F,O=C1CCc2c(OCC3(O)CCN(c4cccc(Cl)c4)CC3)ccc(F)c2N1,3 4 5 6 7 8 9,O=C1CCc2c(cccc2OCC2CCN(c3ccccc3)CC2)N1,train,317.81600000000003,3.750300000000003,0.9318860331831528,22,35
subcategory_halogen-walk.remove-F_1027,COc1cc2c(c(OC)c1OC)-c1ccc(=O)c(OC)cc1[C@@H](NC(=O)C(F)(F)F)CC2,0,authentic,authentic,,,O=c1ccc2c(cc1)-c1ccccc1CCC2,train,453.4130000000002,3.4140000000000015,0.7473341253445344,32,62
subcategory_halogen-walk.remove-F_1254,Cc1cc(C#N)cc(CO)c1C(CCCN(C)C)c1ccc(F)cc1,0,authentic,authentic,,,c1ccc(Cc2ccccc2)cc1,train,340.442,3.9718000000000035,0.8294241698285658,25,40
subcategory_halogen-walk.remove-F_393,Cc1ccc(C2=NC(c3ccccc3)=Nc3ccc(Cl)cc3N2)cc1,0,authentic,authentic,,,c1ccc(C2=Nc3ccccc3NC(c3ccccc3)=N2)cc1,train,345.833,5.599020000000003,0.6445371355010187,25,42
subcategory_halogen-walk.remove-F_1079,CCCN(CCC)CCc1cccc(OC)c1OCCCc1ccccc1.O=C(O)C(=O)O,0,authentic,authentic,,,c1ccc(CCCOc2ccccc2)cc1,train,459.58300000000025,4.526900000000003,0.33558046419396736,33,48
subcategory_halogen-walk.remove-F_945,CNC(=O)NCC(C)(C)NCC(O)COC(=O)c1ccccc1F,0,authentic,authentic,,,c1ccccc1,train,341.38300000000004,0.6406,0.5201896892119064,24,38
subcategory_halogen-walk.remove-F_1674,CCN1CCC(c2ccccc2)C(COc2ccc3c(c2)OCO3)C1,1,halogen-walk,remove-F,CCN1CCC(c2ccc(F)cc2)C(COc2ccc3c(c2)OCO3)C1,0 1 2 3 4 6 7 8 9 10 11 12 13 14 15 16 17 18 19 20 21 22 23 24,c1ccc(C2CCNCC2COc2ccc3c(c2)OCO3)cc1,train,339.4350000000001,3.9197000000000033,0.8260661170242233,25,39
subcategory_halogen-walk.remove-F_2444,Cc1ccccc1-c1c(/C=C/CC(O)[C@H](O)CC(=O)O)n(C(C)C)c2ccccc12,1,halogen-walk,remove-F,CC(C)n1c(/C=C/CC(O)[C@H](O)CC(=O)O)c(-c2ccc(F)cc2)c2ccccc21,0 1 2 3 4 5 6 8 9 10 11 12 13 14 15 16 17 18 19 20 21 22 23 24 25 26 27 28,c1ccc(-c2c[nH]c3ccccc23)cc1,train,407.5100000000001,4.797420000000003,0.5009864626635961,30,57
subcategory_halogen-walk.remove-F_1473,Cc1c2cnn(CC(=O)N3CCc4ccccc43)c(=O)c2c(C)n1Cc1ccccc1,1,halogen-walk,remove-F,Cc1c2cnn(CC(=O)N3CCc4ccccc43)c(=O)c2c(C)n1Cc1ccc(F)cc1,24 25 26 27 28 29 30,O=C(Cn1ncc2cn(Cc3ccccc3)cc2c1=O)N1CCc2ccccc21,train,412.49300000000017,3.452440000000002,0.5158486624145902,31,51
subcategory_halogen-walk.remove-F_1012,Cc1cc(CCCCCCCOc2ccc(C3=NC(C)CO3)cc2Cl)on1,0,authentic,authentic,,,c1cc(CCCCCCCOc2ccc(C3=NCCO3)cc2)on1,train,390.9110000000001,5.373720000000006,0.5112395508191375,27,41
subcategory_halogen-walk.remove-F_1911,CCc1ccc(-c2ccc(Cn3cncn3)cc2)cc1,1,halogen-walk,remove-F,FC(F)(F)c1ccc(-c2ccc(Cn3cncn3)cc2)cc1,0 1 3 4 5 6 7 8 9 10 11 12 13 14 15 16 17 18,c1ccc(-c2ccc(Cn3cncn3)cc2)cc1,train,263.344,3.5558000000000014,0.7203119514467187,20,31
subcategory_halogen-walk.remove-F_396,COc1ccc2c3c1O[C@H]1C[C@@H](O)C=C[C@@]31CCN(CCOc1ccc(CN3CCCCC3)cc1)C2,0,authentic,authentic,,,C1=C[C@@]23CCN(CCOc4ccc(CN5CCCCC5)cc4)Cc4cccc(c42)O[C@H]3CC1,train,490.64400000000046,4.285400000000004,0.5848784206683786,36,68
subcategory_halogen-walk.remove-F_106,C/C=C/C#C[C@@]1(C(F)(F)F)OC(=O)Nc2ccc(Cl)cc21,0,authentic,authentic,,,O=C1Nc2ccccc2CO1,train,315.67800000000005,4.239200000000002,0.727234348893914,21,45
subcategory_halogen-walk.remove-F_131,CCCN(CCC)c1cc(C)nc2c(-c3ccc(Cl)cc3)cccc12,0,authentic,authentic,,,c1ccc(-c2cccc3cccnc23)cc1,test,352.90900000000005,6.490020000000006,0.5036262976367422,25,41
subcategory_halogen-walk.remove-F_834,CCn1nnc2c(C(N)=O)cccc2c1=O,0,authentic,authentic,,,O=c1[nH]nnc2ccccc12,train,218.216,-0.08970000000000028,0.7621468778700954,16,26
subcategory_halogen-walk.remove-F_748,COCc1cc(C(O)CNC(C)Cc2ccccc2)ccc1O.Cl,0,authentic,authentic,,,c1ccc(CCNCCc2ccccc2)cc1,train,351.87399999999997,3.2146000000000026,0.6830717126652202,24,36
subcategory_halogen-walk.remove-F_177,CC(=O)NCCc1c2n(c3ccccc13)Cc1ccccc1-2,0,authentic,authentic,,,c1ccc2c(c1)Cn1c-2cc2ccccc21,test,290.36600000000004,3.348600000000002,0.6166455125061556,22,36
subcategory_halogen-walk.remove-F_592,COc1cc2c(c(OC)c1OC)-c1ccc(NCCN(C)C(=O)OC(C)(C)C)c(=O)cc1[C@@H](NC(C)=O)CC2,0,authentic,authentic,,,O=c1cccc2c(c1)CCCc1ccccc1-2,train,541.6450000000002,4.141800000000003,0.5124723023263366,39,74
subcategory_halogen-walk.remove-F_1367,COc1cc2c(c(OC)c1O)-c1ccc(SC)c(=O)cc1[C@@H](NC(=O)CC(C)=O)CC2,0,authentic,authentic,,,O=c1cccc2c(c1)CCCc1ccccc1-2,train,443.5210000000003,3.241100000000002,0.5219461300214684,31,60
subcategory_halogen-walk.remove-F_1728,Cc1ccccc1[C@]1(C[C@H](F)CN(C)C)OCc2cc(C#N)ccc21,1,halogen-walk,remove-F,CN(C)C[C@@H](F)C[C@@]1(c2ccc(F)cc2)OCc2cc(C#N)ccc21,0 1 2 3 4 5 6 8 9 10 11 12 13 14 15 16 17 18 19 20 21 22 23 24,c1ccc(C2OCc3ccccc32)cc1,train,338.42600000000004,3.9303000000000035,0.8286457224174246,25,47
subcategory_halogen-walk.remove-F_2458,CCCC1OC(c2ccccc2)c2ccc(C#N)cc21,1,halogen-walk,remove-F,CCCC1OC(c2ccc(F)cc2)c2ccc(C#N)cc21,0 1 2 3 4 6 7 8 9 10 11 12 13 14 15 16 17 18 19,c1ccc(C2OCc3ccccc32)cc1,train,263.34000000000003,4.519080000000003,0.8153040589855972,20,31
subcategory_halogen-walk.remove-F_520,NC(=O)c1ncn(C2O[C@@H](CO)C(O)C2O)n1,0,authentic,authentic,,,c1ncn(C2CCCO2)n1,train,244.20700000000002,-3.0114999999999994,0.44284203167437103,17,35
subcategory_halogen-walk.remove-F_2221,Cc1cccc([C@@H]2CCN(CCCCC#N)C[C@H]2COc2ccc3c(c2)OCO3)c1,1,halogen-walk,remove-F,N#CCCCCN1CC[C@@H](c2ccc(F)cc2)[C@H](COc2ccc3c(c2)OCO3)C1,0 1 2 3 4 5 6 29,c1ccc([C@@H]2CCNC[C@H]2COc2ccc3c(c2)OCO3)cc1,train,406.5260000000001,4.902100000000004,0.5836592996840504,30,54
subcategory_halogen-walk.remove-F_2380,CCN(C)S(=O)(=O)[C@H](C)[C@](O)(Cn1cncn1)c1ccccc1,1,halogen-walk,remove-F,CCN(C)S(=O)(=O)[C@H](C)[C@](O)(Cn1cncn1)c1ccc(F)cc1F,0 1 2 3 4 5 6 7 8 10 11 12 13 14 15 16 17 18 19 20 21,c1ccc(CCn2cncn2)cc1,train,338.43300000000005,0.8358999999999999,0.8079251494486148,23,48
subcategory_halogen-walk.remove-F_2701,CC(=O)CC(O)C[C@H](C)/C=C/c1c(-c2ccccc2)c2ccccc2n1C(C)C,1,halogen-walk,remove-F,CC(=O)CC(O)C[C@H](C)/C=C/c1c(-c2ccc(F)cc2)c2ccccc2n1C(C)C,0 1 2 3 4 5 6 7 8 9 10 11 13 14 15 16 17 18 19 20 21 22 23 24 25 26 27 28,c1ccc(-c2c[nH]c3ccccc23)cc1,train,389.5390000000001,6.2686000000000055,0.4932930346111365,29,54
subcategory_halogen-walk.remove-F_443,CCC(C)CC1(c2ccc(N)cc2)CCC(=O)NC1=O,0,authentic,authentic,,,O=C1CCC(c2ccccc2)C(=O)N1,train,274.364,2.3794000000000004,0.6537719426509585,20,34
subcategory_halogen-walk.remove-F_1348,N#CC(Cc1ccccc1)(Cn1cncn1)c1ccccc1,0,authentic,authentic,,,c1ccc(CC(Cn2cncn2)c2ccccc2)cc1,train,288.354,2.982380000000001,0.7249471206808895,22,33
subcategory_halogen-walk.remove-F_2391,Cc1[nH]c(-c2ccccc2)cc1C(=O)NC1CCCC1,1,halogen-walk,remove-F,Cc1[nH]c(-c2ccc(F)cc2)cc1C(=O)NC1CCCC1,0 1 2 4 5 6 7 8 9 10 11 12 13 14 15 16 17 18 19,O=C(NC1CCCC1)c1c[nH]c(-c2ccccc2)c1,train,268.35999999999996,3.6625200000000024,0.8762860674749805,20,35
subcategory_halogen-walk.remove-F_753,CC(C)(CCC(=O)O)CCn1cnc2c(O)nc(N)nc21,0,authentic,authentic,,,c1ncc2nc[nH]c2n1,train,293.327,1.3951999999999996,0.7339404040057315,21,36
subcategory_halogen-walk.remove-F_2003,C=Cc1nn(-c2ccc(OC)cc2C(=O)NCC(=O)NCc2ccccc2)c2c1CCNC2=O,1,halogen-walk,remove-F,COc1ccc(-n2nc(C(F)(F)F)c3c2C(=O)NCC3)c(C(=O)NCC(=O)NCc2ccccc2)c1,0 1 3 4 5 6 7 8 9 10 11 12 13 14 15 16 17 18 19 20 21 22 23 24 25 26 27 28 29 30 31 32 33,O=C(CNC(=O)c1ccccc1-n1ncc2c1C(=O)NCC2)NCc1ccccc1,train,459.5060000000002,1.8559999999999997,0.4758002561030891,34,55
subcategory_halogen-walk.remove-F_2311,Cc1ccccc1C(O)(Cn1cncn1)C(O)c1ccc(F)cc1,1,halogen-walk,remove-F,OC(c1ccc(F)cc1)C(O)(Cn1cncn1)c1ccc(F)cc1,0 1 2 3 4 5 6 8 9 10 11 12 13 14 15 16 17 18 19 20 21 22 23,c1ccc(CC(Cn2cncn2)c2ccccc2)cc1,train,327.35900000000004,2.3470200000000006,0.7544928137501592,24,38
subcategory_halogen-walk.remove-F_1521,Cc1ccccc1[C@@H]1CCNC[C@H]1COc1ccc2c(c1)OC(C)(C)O2,1,halogen-walk,remove-F,CC1(C)Oc2ccc(OC[C@@H]3CNCC[C@H]3c3ccc(F)cc3)cc2O1,0 1 2 3 4 5 6 8 9 10 11 12 13 14 15 16 17 18 19 20 21 22 23 24 25,c1ccc([C@@H]2CCNC[C@H]2COc2ccc3c(c2)OCO3)cc1,train,353.4620000000001,4.274420000000004,0.8907704074366602,26,49
subcategory_halogen-walk.remove-F_2759,Cc1cccc(C2(C)OC(/C=C/c3ccc(C#N)cc3)=CC2=O)c1,1,halogen-walk,remove-F,CC1(c2ccc(F)cc2)OC(/C=C/c2ccc(C#N)cc2)=CC1=O,0 1 2 3 4 5 6 23,O=C1C=C(/C=C/c2ccccc2)OC1c1ccccc1,test,315.37200000000007,4.278500000000004,0.8492144803031546,24,44
subcategory_halogen-walk.remove-F_2663,Cc1cc(C)n2nc(C(C)C)c(/C=C/C(O)CC(O)CC(=O)O)c(-c3ccccc3)c12,1,halogen-walk,remove-F,Cc1cc(C)n2nc(C(C)C)c(/C=C/C(O)CC(O)CC(=O)O)c(-c3ccc(F)cc3)c12,0 1 2 3 4 5 6 7 8 9 10 11 12 13 14 15 16 17 18 19 20 21 22 24 25 26 27 28 29,c1ccc(-c2ccnn3cccc23)cc1,train,422.5250000000002,4.341340000000003,0.5018818945990507,31,58
subcategory_halogen-walk.remove-F_2768,CCc1nn(-c2ccc(OC)cc2)c2c1CCN(c1ccc(C3(NS(C)(=O)=O)CC3)cc1)C2=O,1,halogen-walk,remove-F,COc1ccc(-n2nc(C(F)(F)F)c3c2C(=O)N(c2ccc(C4(NS(C)(=O)=O)CC4)cc2)CC3)cc1,0 1 3 4 5 6 7 8 9 10 11 12 13 14 15 16 17 18 19 20 21 22 23 24 25 26 27 28 29 30 31 32 33,O=C1c2c(cnn2-c2ccccc2)CCN1c1ccc(C2CC2)cc1,train,480.5900000000002,3.1845000000000017,0.5606673625709847,34,62
subcategory_halogen-walk.remove-F_2488,CN(C)CCCC1(c2ccccc2)OCc2cc(C(F)(F)F)ccc21,1,halogen-walk,remove-F,CN(C)CCCC1(c2ccc(F)cc2)OCc2cc(C(F)(F)F)ccc21,6 7 8 9 10 11 12,c1ccc(C2OCc3ccccc32)cc1,train,349.396,4.821000000000004,0.7672073926887577,25,41
subcategory_halogen-walk.remove-F_2491,CCOC(=O)C[C@H](O)C[C@H](O)/C=C/c1c(-c2ccccc2)c2ccccc2n1C(C)C,1,halogen-walk,remove-F,CCOC(=O)C[C@H](O)C[C@H](O)/C=C/c1c(-c2ccc(F)cc2)c2ccccc2n1C(C)C,0 1 2 3 4 5 6 7 8 9 10 11 12 13 15 16 17 18 19 20 21 22 23 24 25 26 27 28 29 30,c1ccc(-c2c[nH]c3ccccc23)cc1,train,421.53700000000015,4.967500000000005,0.47878497217915766,31,60
subcategory_halogen-walk.remove-F_1396,Cc1c(N2CC[C@H](N)C2)c(F)cn2c(=O)c(C(=O)O)ccc12,0,authentic,authentic,,,O=c1cccc2cc(N3CCCC3)ccn12,test,305.309,0.98262,0.863373077450155,22,46
subcategory_halogen-walk.remove-F_1415,O=C(CCN1Cc2ccccc2C1)c1ccc2c(c1)OCCO2,0,authentic,authentic,,,O=C(CCN1Cc2ccccc2C1)c1ccc2c(c1)OCCO2,train,309.3650000000001,3.046400000000001,0.8138203447997823,23,36
subcategory_halogen-walk.remove-F_1707,CCc1c(/C=C/C(O)CC(O)CC(=O)O)c(-c2ccccc2)nn2cccc12,1,halogen-walk,remove-F,CCc1c(/C=C/C(O)CC(O)CC(=O)O)c(-c2ccc(F)cc2)nn2cccc12,0 1 2 3 4 5 6 7 8 9 10 11 12 13 14 16 17 18 19 20 21 22 23 24 25 26 27,c1ccc(-c2ccc3cccn3n2)cc1,train,380.444,3.163500000000001,0.5579320242016907,28,49
subcategory_halogen-walk.remove-F_1589,Cc1ccccc1N1C(=O)[C@H](C/C=C(/CO)c2ccc(F)cc2)C1c1ccc(O)cc1,1,halogen-walk,remove-F,O=C1[C@H](C/C=C(/CO)c2ccc(F)cc2)C(c2ccc(O)cc2)N1c1ccc(F)cc1,0 1 2 3 4 5 6 8 9 10 11 12 13 14 15 16 17 18 19 20 21 22 23 24 25 26 27 28 29 30,O=C1[C@H](CC=Cc2ccccc2)C(c2ccccc2)N1c1ccccc1,train,417.4800000000001,5.009820000000006,0.5544841081619549,31,57
subcategory_halogen-walk.remove-F_1913,CCCCc1ccc(C(=O)NC2CCNC(=O)C2)c(Oc2ccc(F)cc2F)c1,1,halogen-walk,remove-F,O=C1CC(NC(=O)c2ccc(C(F)(F)F)cc2Oc2ccc(F)cc2F)CCN1,0 1 2 3 5 6 7 8 9 10 11 12 13 14 15 16 17 18 19 20 21 22 23 24 25 26 27,O=C1CC(NC(=O)c2ccccc2Oc2ccccc2)CCN1,train,402.4410000000001,4.108100000000003,0.7325420238758324,29,47
subcategory_halogen-walk.remove-F_2665,CC(C)c1cc(-c2cccc(Cl)c2)c(-c2ccccc2)n1/C=C/[C@@H](O)C[C@@H](O)CC(=O)O,1,halogen-walk,remove-F,CC(C)c1cc(-c2cccc(Cl)c2)c(-c2ccc(F)cc2)n1/C=C/[C@@H](O)C[C@@H](O)CC(=O)O,0 1 2 3 4 5 6 7 8 9 10 11 12 14 15 16 17 18 19 20 21 22 23 24 25 26 27 28 29 30 31,c1ccc(-c2cc[nH]c2-c2ccccc2)cc1,train,453.9660000000002,5.656200000000007,0.39028807258975995,32,69
subcategory_halogen-walk.remove-F_2865,C[C@@H](NC1CC1)[C@](O)(Cn1cncn1)c1ccccc1,1,halogen-walk,remove-F,C[C@@H](NC1CC1)[C@](O)(Cn1cncn1)c1ccc(F)cc1F,0 1 2 3 4 5 7 8 9 10 11 12 13 14 15 16 17 18,c1ccc(C(CNC2CC2)Cn2cncn2)cc1,train,272.35200000000003,1.3063999999999991,0.8319512240435989,20,40
subcategory_halogen-walk.remove-F_2835,CCN1CCN(CC(O)COc2ccc(F)cc2C(=O)CCc2ccccc2)CC1,1,halogen-walk,remove-F,CCN1CCN(CC(O)COc2ccc(F)cc2C(=O)CCc2ccc(F)cc2)CC1,0 1 2 3 4 5 6 7 8 9 10 11 12 13 14 15 16 17 18 19 20 22 23 24 25 26 27 28 29,O=C(CCc1ccccc1)c1ccccc1OCCCN1CCNCC1,train,414.52100000000024,3.0184000000000006,0.6059835450041471,30,45
subcategory_halogen-walk.remove-F_2086,Cc1ccccc1Oc1cccc(C(=O)NCCCN2CCCCC2)c1,1,halogen-walk,remove-F,O=C(NCCCN1CCCCC1)c1cccc(Oc2ccc(F)c(F)c2)c1,0 1 2 3 4 5 6 7,O=C(NCCCN1CCCCC1)c1cccc(Oc2ccccc2)c1,test,352.4780000000002,4.393120000000003,0.7514059352481322,26,37
subcategory_halogen-walk.remove-F_47,CN1CCN(c2nc3ccccc3n2CCc2ccccc2)CC1,0,authentic,authentic,,,c1ccc(CCn2c(N3CCNCC3)nc3ccccc32)cc1,train,320.44000000000005,3.030800000000001,0.7383756599127429,24,34
subcategory_halogen-walk.remove-F_424,COc1ccc(-n2nc(C(F)(F)F)c3c2C(=O)N(c2ccc(N4CCNC4=O)cc2)CC3)cc1,0,authentic,authentic,,,O=C1NCCN1c1ccc(N2CCc3cnn(-c4ccccc4)c3C2=O)cc1,train,471.43900000000025,3.632200000000002,0.630452906155123,34,61
subcategory_halogen-walk.remove-F_2213,CCCc1nc(-c2ccc(OC)cc2F)sc1C(=O)O,1,halogen-walk,remove-F,COc1ccc(-c2nc(C(F)(F)F)c(C(=O)O)s2)c(F)c1,0 1 2 4 5 6 7 8 9 10 11 12 13 14 15 16 17 18 19,c1ccc(-c2nccs2)cc1,train,295.335,3.608500000000003,0.9151005737630218,20,32
subcategory_halogen-walk.remove-F_1274,CN(C)c1ncnc2c1ncn2Cc1cccc(F)c1,0,authentic,authentic,,,c1ccc(Cn2cnc3cncnc32)cc1,train,271.299,2.0797,0.7314439058790977,20,30
subcategory_halogen-walk.remove-F_2083,C[C@@H](n1cncn1)[C@](O)(Cn1cncn1)c1ccccc1,1,halogen-walk,remove-F,C[C@@H](n1cncn1)[C@](O)(Cn1cncn1)c1ccc(F)cc1F,7 15 16 17 18 19 20,c1ccc(C(Cn2cncn2)Cn2cncn2)cc1,train,284.32300000000004,1.0185999999999997,0.7561250990118723,21,41
subcategory_halogen-walk.remove-F_1007,COc1ccc(-n2nc(C(F)(F)F)c3c2C(=O)N(c2ccc(C4(C(=O)N(C)C)CC4)cc2)CC3)cc1,0,authentic,authentic,,,O=C1c2c(cnn2-c2ccccc2)CCN1c1ccc(C2CC2)cc1,train,498.50500000000034,4.222400000000004,0.5284387294037141,36,69
subcategory_halogen-walk.remove-F_1518,COc1ccc(/C=C(/C)C(O)(c2ccccc2)C(C)CN(C)C)cc1,1,halogen-walk,remove-F,COc1ccc(/C=C(/C)C(O)(c2ccc(F)cc2)C(C)CN(C)C)cc1,0 1 2 3 4 5 6 7 8 10 11 12 13 14 15 16 17 18 19 20 21 22 23 24,C(=Cc1ccccc1)Cc1ccccc1,train,339.4790000000001,4.184000000000004,0.8210971882098467,25,44
subcategory_halogen-walk.remove-F_2109,Cc1ccc2c(c1)CO[C@@]2(CCCN(C)C)c1ccccc1C,1,halogen-walk,remove-F,Cc1ccc2c(c1)CO[C@@]2(CCCN(C)C)c1ccc(F)cc1,0 1 2 3 4 5 6 7 8 10 11 12 13 14 15 16 17 18 19 20 21,c1ccc(C2OCc3ccccc32)cc1,train,309.45300000000003,4.419040000000004,0.810466554605098,23,39
subcategory_halogen-walk.remove-F_1031,CC(/N=c1\c(O)c(O)\c1=N/c1cccc2cccnc12)C(C)(C)C,0,authentic,authentic,,,N=c1cc/c1=N\c1cccc2cccnc12,test,323.39600000000013,3.0893000000000015,0.7604861105922134,24,46
subcategory_halogen-walk.remove-F_468,COc1c(CC2CCCNC2)cc2c(c1F)OCO2,0,authentic,authentic,,,c1cc2c(cc1CC1CCCNC1)OCO2,train,267.29999999999995,2.1051,0.9101547490158055,19,29
subcategory_halogen-walk.remove-F_220,O=C(CCCCCCC(=O)Nc1ccccc1)NO,0,authentic,authentic,,,c1ccccc1,train,264.32500000000005,2.4711,0.3832200999836573,19,27
subcategory_halogen-walk.remove-F_402,OCCN(CCO)CC(F)(c1ccccc1)c1ccccc1,0,authentic,authentic,,,c1ccc(Cc2ccccc2)cc1,train,303.377,2.1863,0.7854773602679883,22,32
subcategory_halogen-walk.remove-F_2363,Cc1ccccc1[C@@H]1CC2CCC(N2)[C@@H]1COc1ccc2c(c1)OCO2,1,halogen-walk,remove-F,Fc1ccc([C@@H]2CC3CCC(N3)[C@@H]2COc2ccc3c(c2)OCO3)cc1,0 1 2 3 4 5 6 7,c1ccc([C@@H]2CC3CCC(N3)[C@@H]2COc2ccc3c(c2)OCO3)cc1,train,351.44600000000014,4.0268200000000025,0.9028431221270081,26,50
subcategory_halogen-walk.remove-F_1885,CCc1cccc2c1OCC1CNCCN1C2=O,1,halogen-walk,remove-F,Cl.O=C1c2cccc(C(F)(F)F)c2OCC2CNCCN12,0 1 3 4 5 6 7 8 9 10 11 12 13 14 15 16 17,O=C1c2ccccc2OCC2CNCCN12,test,246.30999999999995,1.0553999999999997,0.8052113835368361,18,25
subcategory_halogen-walk.remove-F_123,C[N+](C)(C)CCC[C@]1(c2ccc(F)cc2)OCc2cc(C#N)ccc21,0,authentic,authentic,,,c1ccc(C2OCc3ccccc32)cc1,train,339.4340000000001,3.9575800000000037,0.7727040505209283,25,48
subcategory_halogen-walk.remove-F_192,COC(=O)c1ccccc1OCC(O)CNCCc1ccc(OC)c(OC)c1,0,authentic,authentic,,,c1ccc(CCNCCCOc2ccccc2)cc1,train,389.4480000000001,2.0624000000000002,0.4493584563735242,28,41
subcategory_halogen-walk.remove-F_200,CCOC(=O)[C@H](CCc1ccccc1)N[C@@H](C)C(=O)N1CCCC[C@H]1CC(=O)O,0,authentic,authentic,,,O=C(CNCCCc1ccccc1)N1CCCCC1,train,404.50700000000035,2.3848,0.5815140765347474,29,59
subcategory_halogen-walk.remove-F_1378,Cc1ccccc1C=NNc1nnc(NN=Cc2ccccc2C)c2ccccc12,0,authentic,authentic,,,C(=NNc1nnc(NN=Cc2ccccc2)c2ccccc12)c1ccccc1,train,394.48200000000014,5.138640000000004,0.3507640682121253,30,42
subcategory_halogen-walk.remove-F_2173,Cc1ccccc1COc1cc(C(F)(F)F)ccc1C(=O)NC1CCNC(=O)C1,1,halogen-walk,remove-F,O=C1CC(NC(=O)c2ccc(C(F)(F)F)cc2OCc2cc(F)ccc2O)CCN1,0 1 2 3 4 5 6 8 9 10 11 12 13 14 15 16 17 18 19 20 21 22 23 24 25 26 27 28,O=C1CC(NC(=O)c2ccccc2OCc2ccccc2)CCN1,train,406.40400000000017,3.6012200000000023,0.79744780307056,29,47
subcategory_halogen-walk.remove-F_1287,CCOC(=O)N[C@@H](CNC(=O)c1ccc(Cl)s1)C(=O)N(c1ccc(N2CCOCC2=O)cc1)C(F)(F)F,0,authentic,authentic,,,O=C(CCNC(=O)c1cccs1)Nc1ccc(N2CCOCC2=O)cc1,train,562.9540000000004,3.1622000000000012,0.4774425812273042,37,71
subcategory_halogen-walk.remove-F_2292,Cc1cccc(OCc2ccccc2C2CCNCC2)c1,1,halogen-walk,remove-F,Cl.Fc1cc(F)c(OCc2ccccc2C2CCNCC2)c(F)c1,0 1 2 3 4 5 7 8 9 10 11 12 13 14 15 16 17 18 19,c1ccc(OCc2ccccc2C2CCNCC2)cc1,train,281.39900000000006,4.041020000000002,0.9128874126059794,21,29
subcategory_halogen-walk.remove-F_1430,CC(C)(CNC(N)=O)NCC(O)COC(=O)c1ccccc1F,0,authentic,authentic,,,c1ccccc1,train,327.356,0.3799,0.5155529825711961,23,37
subcategory_halogen-walk.remove-F_2475,COc1ccc(C=C2CCCC(CN(C)C)C2(O)Cc2ccccc2)cc1,1,halogen-walk,remove-F,COc1ccc(C=C2CCCC(CN(C)C)C2(O)Cc2ccc(F)cc2)cc1,0 1 2 3 4 5 6 7 8 9 10 11 12 13 14 15 16 17 19 20 21 22 23 24 25 26,C(=C1CCCCC1Cc1ccccc1)c1ccccc1,train,365.51700000000005,4.414100000000004,0.8227492252299267,27,42
subcategory_halogen-walk.remove-F_1086,CCCCCCCCCC1(c2ccccc2)NC(=O)NC1=O,0,authentic,authentic,,,O=C1NC(=O)C(c2ccccc2)N1,train,302.41800000000006,3.862000000000002,0.5372992120667242,22,32
subcategory_halogen-walk.remove-F_2426,c1ccc([C@H]2CC[NH2+]C[C@H]2COc2ccc3c(c2)OCO3)cc1,1,halogen-walk,remove-F,Fc1ccc([C@H]2CC[NH2+]C[C@H]2COc2ccc3c(c2)OCO3)cc1,0 1 2 3 4 21 22,c1ccc([C@H]2CC[NH2+]C[C@H]2COc2ccc3c(c2)OCO3)cc1,val,312.38900000000007,2.161199999999999,0.940779277853773,23,48
subcategory_halogen-walk.remove-F_143,NS(=O)(=O)c1ccc(CCC(=O)NNC(=O)c2cnccn2)cc1,0,authentic,authentic,,,O=C(CCc1ccccc1)NNC(=O)c1cnccn1,test,349.372,-0.4821999999999991,0.6217534680699045,24,42
subcategory_halogen-walk.remove-F_2269,CC(C)c1cc(-c2ccncc2)c(-c2ccccc2)n1/C=C/[C@@H](O)C[C@@H](O)CC(=O)O,1,halogen-walk,remove-F,CC(C)c1cc(-c2ccncc2)c(-c2ccc(F)cc2)n1/C=C/[C@@H](O)C[C@@H](O)CC(=O)O,0 1 2 3 4 5 6 7 8 9 10 11 13 14 15 16 17 18 19 20 21 22 23 24 25 26 27 28 29 30,c1ccc(-c2[nH]ccc2-c2ccncc2)cc1,train,420.5090000000001,4.397800000000005,0.47691329459132614,31,65
subcategory_halogen-walk.remove-F_168,CN1C2CCC1[C@H](C(O)C(F)(F)F)[C@@H](c1ccc(Cl)cc1)C2,0,authentic,authentic,,,c1ccc(C2CC3CCC(C2)N3)cc1,train,333.78100000000006,3.829500000000003,0.8888328146585996,22,50
subcategory_halogen-walk.remove-F_918,CC(C)n1c(/C=C/[C@@H](O)C[C@@H](O)C(C(=O)O)C(C)(C)C)c(-c2ccc(F)cc2)c2ccccc21,0,authentic,authentic,,,c1ccc(-c2c[nH]c3ccccc23)cc1,train,467.58100000000013,5.900300000000005,0.3851581372882452,34,75
subcategory_halogen-walk.remove-F_2187,CCCOc1ccc(Oc2ccc(F)cc2F)c(C(=O)NC2CCNC(=O)C2)c1,1,halogen-walk,remove-F,O=C1CC(NC(=O)c2cc(OC(F)(F)F)ccc2Oc2ccc(F)cc2F)CCN1,0 1 2 4 5 6 7 8 9 10 11 12 13 14 15 16 17 18 19 20 21 22 23 24 25 26 27,O=C1CC(NC(=O)c2ccccc2Oc2ccccc2)CCN1,train,404.4130000000001,3.5543000000000013,0.7400142635488863,29,47
subcategory_halogen-walk.remove-F_108,Oc1cccc(C(=C2CCCCC2)c2cccc(OCCN3CCOCC3)c2)c1,0,authentic,authentic,,,c1ccc(C(=C2CCCCC2)c2cccc(OCCN3CCOCC3)c2)cc1,train,393.5270000000002,4.8692000000000055,0.760305637351068,29,44
subcategory_halogen-walk.remove-F_718,COc1cc2c(cc1OC)C(=O)[C@@H](CC1(F)CCN(Cc3ccc(F)cc3)CC1)C2,0,authentic,authentic,,,O=C1c2ccccc2C[C@@H]1CC1CCN(Cc2ccccc2)CC1,test,415.48000000000013,4.592300000000004,0.6917226025018751,30,56
subcategory_halogen-walk.remove-F_1996,O=C1[C@H](CC[C@H](O)c2ccccc2)[C@@H](c2ccc(-c3cccc(O)c3)cc2)N1c1ccccc1,1,halogen-walk,remove-F,O=C1[C@H](CC[C@H](O)c2ccc(F)cc2)[C@@H](c2ccc(-c3cccc(O)c3)cc2)N1c1ccccc1,5 7 8 9 10 11 12,O=C1[C@H](CCCc2ccccc2)[C@@H](c2ccc(-c3ccccc3)cc2)N1c1ccccc1,train,449.5500000000001,6.277100000000007,0.32664781282639493,34,69
subcategory_halogen-walk.remove-F_1344,COc1c(N2CCC(N)C2)c(F)cc2c(=O)c(C(=O)O)cn(C3CC3)c12,0,authentic,authentic,,,O=c1ccn(C2CC2)c2cc(N3CCCC3)ccc12,train,361.3730000000001,1.7197000000000002,0.8605304394254485,26,50
subcategory_halogen-walk.remove-F_1255,CCCCCCCC/C=C\CCCCCCCC(=O)NC1CC1,0,authentic,authentic,,,C1CC1,val,321.549,6.302500000000006,0.26206633407789137,23,31
subcategory_halogen-walk.remove-F_2232,CCCCc1cccc(C[C@H](NC(=O)c2cc(F)cc(O)c2C)[C@H](O)C(=O)N2C[C@@H](Cl)C[C@H]2C(=O)NC(C)(C)C)c1,1,halogen-walk,remove-F,Cc1c(O)cc(F)cc1C(=O)N[C@@H](Cc1cccc(C(F)(F)F)c1)[C@H](O)C(=O)N1C[C@@H](Cl)C[C@H]1C(=O)NC(C)(C)C,0 1 2 3 4,O=C(N[C@H](CC(=O)N1CCCC1)Cc1ccccc1)c1ccccc1,train,590.1360000000002,4.007320000000003,0.3123729956529656,41,90
subcategory_halogen-walk.remove-F_1103,O=C(NCC1Cn2cccc2CN1Cc1ccccc1)c1c[nH]c2ccccc12,0,authentic,authentic,,,O=C(NCC1Cn2cccc2CN1Cc1ccccc1)c1c[nH]c2ccccc12,val,384.48300000000006,3.783800000000002,0.5501431188276912,29,45
subcategory_halogen-walk.remove-F_2245,CCOc1cc2[nH]c(S(=O)Cc3cc(OC)ccn3)nc2c(C)c1C,1,halogen-walk,remove-F,COc1ccnc(CS(=O)c2nc3c(C)c(C)c(OC(F)F)cc3[nH]2)c1,0 1 3 4 5 6 7 8 9 10 11 12 13 14 15 16 17 18 19 20 21 22 23,O=S(Cc1ccccn1)c1nc2ccccc2[nH]1,train,359.4510000000001,3.2898400000000017,0.730670648724538,25,43
subcategory_halogen-walk.remove-F_648,NC(=O)c1ccccc1OCC#CCNC(=O)c1ccc(F)c(F)c1,0,authentic,authentic,,,O=C(NCC#CCOc1ccccc1)c1ccccc1,train,344.31699999999995,1.8758999999999997,0.8127869066106151,25,40
subcategory_halogen-walk.remove-F_849,COc1ccc(C(=O)C2CCCN(Cc3cccc4c3OCO4)C2)cc1OC,0,authentic,authentic,,,O=C(c1ccccc1)C1CCCN(Cc2cccc3c2OCO3)C1,val,383.4440000000002,3.527400000000002,0.7116033364743375,28,43
subcategory_halogen-walk.remove-F_1481,Fc1ccc(-c2nc(SC(F)(F)F)[nH]c2-c2ccccc2)cc1,1,halogen-walk,remove-F,Fc1ccc(-c2nc(SC(F)(F)F)[nH]c2-c2ccc(F)cc2)cc1,0 1 2 3 4 5 6 7 8 9 10 11 12 13 15 16 17 18 19 20 21 22,c1ccc(-c2nc[nH]c2-c2ccccc2)cc1,train,338.329,5.494700000000003,0.5048605823503184,23,42
subcategory_halogen-walk.remove-F_1605,CCOc1cccc(C2(O)CCNCC2C)c1,1,halogen-walk,remove-F,CC1CNCCC1(O)c1cccc(OC(F)(F)F)c1,0 1 3 4 5 6 7 8 9 10 11 12 13 14 15,c1ccc(C2CCNCC2)cc1,train,235.32699999999997,1.9022999999999999,0.8405220630028893,17,25
subcategory_halogen-walk.remove-F_1709,CN(CCCC1(c2ccccc2)OCc2cc(C#N)ccc21)CC(=O)O,1,halogen-walk,remove-F,CN(CCCC1(c2ccc(F)cc2)OCc2cc(C#N)ccc21)CC(=O)O.Cl,0 1 2 3 4 6 7 8 9 10 11 12 13 14 15 16 17 18 19 20 21 22 23 24 25,c1ccc(C2OCc3ccccc32)cc1,train,350.4180000000001,3.128680000000001,0.8303820580295421,26,42
subcategory_halogen-walk.remove-F_1799,CC(=O)N1CC[C@@H](c2ccccc2C)[C@H](COc2ccc3c(c2)OCO3)C1,1,halogen-walk,remove-F,CC(=O)N1CC[C@@H](c2ccc(F)cc2)[C@H](COc2ccc3c(c2)OCO3)C1,0 1 2 3 4 5 7 8 9 10 11 12 13 14 15 16 17 18 19 20 21 22 23 24 25 26,c1ccc([C@@H]2CCNC[C@H]2COc2ccc3c(c2)OCO3)cc1,train,367.44500000000016,3.7547200000000025,0.825667321102983,27,53
subcategory_halogen-walk.remove-F_674,CN(C1=Nc2ccccc2Nc2ccccc21)c1ccccc1,0,authentic,authentic,,,c1ccc(NC2=Nc3ccccc3Nc3ccccc32)cc1,train,299.377,4.958300000000004,0.6875597596457185,23,34
subcategory_halogen-walk.remove-F_1234,Cc1nc(O)[nH]c1C(=O)c1ccc(-n2c(C)nc(C)c2C)cc1,0,authentic,authentic,,,O=C(c1ccc(-n2ccnc2)cc1)c1cnc[nH]1,val,310.357,2.7656800000000006,0.7285923574101824,23,44
subcategory_halogen-walk.remove-F_1189,C=Cc1cc(OC)c(OC)cc1C(=O)N(C)C(=O)c1ccccc1C,0,authentic,authentic,,,O=C(NC(=O)c1ccccc1)c1ccccc1,train,339.3910000000001,3.5676200000000025,0.7816376491365599,25,42
subcategory_halogen-walk.remove-F_2068,Cc1ccccc1Oc1ccc(-c2nc(C)c(C(=O)O)s2)cc1CCC1C=NN=N1,1,halogen-walk,remove-F,Cc1cc(Oc2ccc(-c3nc(C)c(C(=O)O)s3)cc2CCC2C=NN=N2)ccc1F,0 1 2 3 4 5 6 8 9 10 11 12 13 14 15 16 17 18 19 20 21 22 23 24 25 26 27 28 29,C1=NN=NC1CCc1cc(-c2nccs2)ccc1Oc1ccccc1,train,420.49400000000014,5.670240000000005,0.5323997218735363,30,50
subcategory_halogen-walk.remove-F_1626,COc1ccc2c(c1)c(CC(=O)O)cn2C(=O)c1ccccc1,1,halogen-walk,remove-F,COc1ccc2c(c1)c(CC(=O)O)cn2C(=O)c1ccc(F)cc1,0 1 2 3 4 5 6 7 8 9 10 11 12 13 14 16 17 18 19 20 21,O=C(c1ccccc1)n1ccc2ccccc21,train,309.32099999999997,2.9655000000000005,0.8042325128666439,23,39
subcategory_halogen-walk.remove-F_2680,CCCCc1cccc(C(c2cc(C)ns2)N2CCN(C)CC2)c1,1,halogen-walk,remove-F,Cc1cc(C(c2cccc(C(F)(F)F)c2)N2CCN(C)CC2)sn1,0 1 2 3 5 6 7 8 9 10 11 12 13 14 15 16 17 18 19 20 21 22,c1ccc(C(c2ccns2)N2CCNCC2)cc1,train,343.5400000000002,4.130920000000003,0.7859823785685031,24,38
subcategory_halogen-walk.remove-F_1747,CCCOc1cc(C2(O)CCN(CCC)CC2)ccc1F,1,halogen-walk,remove-F,CCCN1CCC(O)(c2ccc(F)c(OC(F)(F)F)c2)CC1,0 1 2 4 5 6 7 8 9 10 11 12 13 14 15 16 17 18 19,c1ccc(C2CCNCC2)cc1,train,295.3979999999999,3.307900000000002,0.8737306961795928,21,31
subcategory_halogen-walk.remove-F_2280,CCOc1cc2c(cc1OCC)C(=O)C(F)(CC1CCN(Cc3ccccc3)CC1)C2,1,halogen-walk,remove-F,CCOc1cc2c(cc1OCC)C(=O)C(F)(CC1CCN(Cc3ccc(F)c(F)c3)CC1)C2,0 1 2 3 4 5 6 7 8 9 10 11 12 13 14 15 16 17 18 19 20 22 23 24 25 26 27 28 29 30,O=C1c2ccccc2CC1CC1CCN(Cc2ccccc2)CC1,train,425.5440000000002,5.233400000000005,0.5802867935019422,31,50
subcategory_halogen-walk.remove-F_1840,c1ccc(CN2CCCC[C@H]2Cn2cncn2)cc1,1,halogen-walk,remove-F,N#Cc1cc(F)ccc1CN1CCCC[C@H]1Cn1cncn1,0 1 2 3 5 6 7 8 9 10 11 12 13 14 15 16 17,c1ccc(CN2CCCC[C@H]2Cn2cncn2)cc1,test,256.353,2.3327999999999998,0.8416674396358825,19,31
subcategory_halogen-walk.remove-F_1969,CN1CCC(O)(c2cc(-c3ccncc3)c(-c3ccccc3)[nH]2)CC1,1,halogen-walk,remove-F,CN1CCC(O)(c2cc(-c3ccncc3)c(-c3ccc(F)cc3)[nH]2)CC1,0 1 2 3 4 5 6 7 8 9 10 11 12 13 14 16 17 18 19 20 21 22 23 24,c1ccc(-c2[nH]c(C3CCNCC3)cc2-c2ccncc2)cc1,train,333.43500000000006,3.656900000000002,0.7690079308218567,25,46
subcategory_halogen-walk.remove-F_2658,CCCCOc1cccc(C(=O)NCc2ccccc2C)c1OCCCC,1,halogen-walk,remove-F,CCCCOc1cccc(C(=O)NCc2ccc(F)cc2)c1OCCCC,13 14 15 16 17 18 19 20,O=C(NCc1ccccc1)c1ccccc1,train,369.5050000000002,5.2828200000000045,0.5480338558164987,27,36
subcategory_halogen-walk.remove-F_634,Cc1ccc(C2(c3ccccc3)NC(=O)NC2=O)cc1,0,authentic,authentic,,,O=C1NC(=O)C(c2ccccc2)(c2ccccc2)N1,train,266.3,2.0780199999999995,0.8175595772351283,20,34
subcategory_halogen-walk.remove-F_1224,COCc1c2ccoc2c(OC)c2oc(=O)ccc12,0,authentic,authentic,,,O=c1ccc2cc3ccoc3cc2o1,test,260.24499999999995,2.6942000000000013,0.6773864403429573,19,30
subcategory_halogen-walk.remove-F_1941,O=C(O)C[C@H](O)C[C@H](O)C=Cc1c(C2CC2)nc2ccccc2c1-c1ccccc1,1,halogen-walk,remove-F,O=C(O)C[C@H](O)C[C@H](O)C=Cc1c(C2CC2)nc2ccccc2c1-c1ccc(F)cc1,0 1 2 3 4 5 6 7 8 9 10 11 12 13 14 15 16 17 18 19 20 21 22 24 25 26 27 28,c1ccc(-c2cc(C3CC3)nc3ccccc23)cc1,train,403.47800000000007,4.379000000000003,0.51925774027477,30,57
subcategory_halogen-walk.remove-F_339,NC(=O)[C@H](Cc1ccc2ccccc2c1)NCc1c[nH]c2ccccc12,0,authentic,authentic,,,c1ccc2cc(CCNCc3c[nH]c4ccccc34)ccc2c1,train,343.43000000000006,3.5073000000000008,0.5012749046215487,26,46
subcategory_halogen-walk.remove-F_1576,Cc1ccc2ccccc2c1Cn1c(-c2ccccc2)nc(C)c1C(=O)O,1,halogen-walk,remove-F,Cc1ccc2ccccc2c1Cn1c(-c2cccc(F)c2)nc(C)c1C(=O)O,0 1 2 3 4 5 6 7 8 9 10 11 12 14 15 16 17 18 19 20 21 22 23 24 25 26,c1ccc(-c2nccn2Cc2cccc3ccccc23)cc1,test,356.4250000000001,5.066640000000005,0.5555078544626669,27,43
subcategory_halogen-walk.remove-F_864,O=C1CCc2c(OC[C@]3(O)CCN(c4ccc(F)cc4Cl)C[C@H]3F)ccc(F)c2N1,0,authentic,authentic,,,O=C1CCc2c(cccc2OCC2CCN(c3ccccc3)CC2)N1,train,440.84900000000005,3.861200000000003,0.75757070731685,30,57
subcategory_halogen-walk.remove-F_228,COc1cc(O)c2c(=O)oc(C[C@@H](O)CO)cc2c1,0,authentic,authentic,,,O=c1occc2ccccc12,train,266.24899999999997,0.40289999999999987,0.7404548022962948,19,37
subcategory_halogen-walk.remove-F_836,CC12C=CC(=O)C=C1C(F)CC1C3CCC(O)(C(=O)CO)C3(C)CC(O)C12F,0,authentic,authentic,,,O=C1C=CC2C(=C1)CCC1C3CCCC3CCC21,train,396.4300000000001,1.5977,0.6591418365408505,28,54
subcategory_halogen-walk.remove-F_55,CCN(CC)C(=O)COC(=O)c1cc(S(N)(=O)=O)c(Cl)cc1NCc1ccco1,0,authentic,authentic,,,c1ccc(NCc2ccco2)cc1,train,443.9090000000002,2.2177,0.5675145219117659,29,52
subcategory_halogen-walk.remove-F_845,Fc1ccc(CCNCc2ccccc2OCc2ccc(F)cc2)cc1,0,authentic,authentic,,,c1ccc(CCNCc2ccccc2OCc2ccccc2)cc1,train,353.41200000000003,4.8761000000000045,0.5831395812695326,26,36
subcategory_halogen-walk.remove-F_744,O=C1[C@H](SCC(O)c2ccc(F)cc2)[C@@H](c2ccc(O)cc2)N1c1ccc(F)cc1,0,authentic,authentic,,,O=C1[C@H](SCCc2ccccc2)[C@@H](c2ccccc2)N1c1ccccc1,val,427.4720000000001,4.593700000000003,0.5650239076857069,30,60
subcategory_halogen-walk.remove-F_698,Cc1nc(-c2ccc(OC[C@@H](C)CO)c(C#N)c2)sc1C(=O)O,0,authentic,authentic,,,c1ccc(-c2nccs2)cc1,train,332.38100000000003,2.6955999999999998,0.8427126638964705,23,45
subcategory_halogen-walk.remove-F_1102,CCCN1CNc2cc(Nc3ccnc4cc(Cl)ccc34)ccc2C1,0,authentic,authentic,,,c1ccc2c(Nc3ccc4c(c3)NCNC4)ccnc2c1,val,352.86900000000014,5.226800000000004,0.6743744222610242,25,38
subcategory_halogen-walk.remove-F_1487,O=C(c1cccc(OCCc2ccccc2)c1)N1CCNCC1,1,halogen-walk,remove-F,O=C(c1cccc(OCCc2ccc(F)cc2)c1)N1CCNCC1,0 1 2 3 4 5 6 7 8 10 11 12 13 14 15 16 17 18 19 20 21 22,O=C(c1cccc(OCCc2ccccc2)c1)N1CCNCC1,test,310.3970000000001,2.3535000000000004,0.9215758187067571,23,34
subcategory_halogen-walk.remove-F_2039,COc1cc2c(cc1OC)CN(CCCC(=O)c1ccccc1)CC2,1,halogen-walk,remove-F,COc1cc2c(cc1OC)CN(CCCC(=O)c1ccc(F)cc1)CC2,0 1 2 3 4 5 6 7 8 9 10 11 12 13 14 16 17 18 19 20 21 22 23 24,O=C(CCCN1CCc2ccccc2C1)c1ccccc1,train,339.435,3.725000000000003,0.7207510169060234,25,38
subcategory_halogen-walk.remove-F_1613,CN(C)CC[C@@H](Oc1cccc2c1OCO2)c1ccccc1,1,halogen-walk,remove-F,CN(C)CC[C@@H](Oc1cccc2c1OCO2)c1ccc(F)cc1,0 1 2 3 4 6 7 8 9 10 11 12 13 14 15 16 17 18 19 20,c1ccc(COc2cccc3c2OCO3)cc1,train,299.36999999999995,3.4871000000000025,0.8168022241470811,22,37
subcategory_halogen-walk.remove-F_0,COC[C@@H]1OC[C@H](n2ccc(N)nc2=O)S1,0,authentic,authentic,,,O=c1ncccn1[C@H]1COCS1,val,243.288,0.05999999999999994,0.8083557703396024,16,34
subcategory_halogen-walk.remove-F_73,COc1cc2c(cc1OC)C(=O)C(Oc1ccc(C(C)N3CCN(C)CC3)cc1)C2,0,authentic,authentic,,,O=C1c2ccccc2CC1Oc1ccc(CN2CCNCC2)cc1,train,410.51400000000024,3.1986000000000017,0.7290754339966443,30,51
subcategory_halogen-walk.remove-F_844,CCNC(=O)c1ccc(S(=O)(=O)NC(=O)c2ccc(C(=O)NC(=O)CN)nc2)cc1,0,authentic,authentic,,,O=C(NS(=O)(=O)c1ccccc1)c1cccnc1,train,433.44600000000014,-0.8348999999999978,0.43668696734239415,30,56
subcategory_halogen-walk.remove-F_1849,Cc1cccc([C@@]2(CCCN)OCc3cc(C#N)ccc32)c1,1,halogen-walk,remove-F,Cl.N#Cc1ccc2c(c1)CO[C@]2(CCCN)c1ccc(F)cc1,0 1 2 3 4 5 7 8 9 10 11 12 13 14 15 16 17 18 19 20,c1ccc(C2OCc3ccccc32)cc1,train,292.382,3.3794000000000013,0.939441934289363,22,39
subcategory_halogen-walk.remove-F_2288,CCCc1ccc(OCC(C)C)c(C(=O)NC2CCNC(=O)C2)c1,1,halogen-walk,remove-F,CC(C)COc1ccc(C(F)(F)F)cc1C(=O)NC1CCNC(=O)C1,0 1 2 4 5 6 7 8 9 10 11 12 13 14 15 16 17 18 19 20 21 22,O=C1CC(NC(=O)c2ccccc2)CCN1,val,332.4440000000001,2.6823000000000006,0.8065457156585374,24,40
subcategory_halogen-walk.remove-F_1824,CCC(C)c1nc2ccccc2c(-c2ccccc2C)c1/C=C/[C@@H](O)C[C@@H](O)CC(=O)O,1,halogen-walk,remove-F,CCC(C)c1nc2ccccc2c(-c2ccc(F)cc2)c1/C=C/[C@@H](O)C[C@@H](O)CC(=O)O,0 1 2 3 4 5 6 7 8 9 10 11 13 14 15 16 17 18 19 20 21 22 23 24 25 26 27 28 29 30 31,c1ccc(-c2ccnc3ccccc23)cc1,train,433.54800000000023,5.323520000000008,0.42462336646487187,32,63
subcategory_halogen-walk.remove-F_1330,CCOCc1nc(C(C)(C)O)c(C(=O)O)n1Cc1ccc(-c2ccccc2-c2nn[nH]n2)cc1,0,authentic,authentic,,,c1ccc(-c2nn[nH]n2)c(-c2ccc(Cn3ccnc3)cc2)c1,train,462.5100000000001,3.2406000000000015,0.34446776569260196,34,60
subcategory_halogen-walk.remove-F_2401,N#Cc1ccc2c(c1)CO[C@@]2(CCCN)c1ccccc1,1,halogen-walk,remove-F,Cl.N#Cc1ccc2c(c1)CO[C@@]2(CCCN)c1ccc(F)cc1,0 1 2 3 4 5 6 7 8 9 11 12 13 14 15 16 17 18 19,c1ccc(C2OCc3ccccc32)cc1,train,278.35499999999996,3.0709800000000005,0.9346365901073199,21,36
subcategory_halogen-walk.remove-F_1265,Nc1nc(C2CCN(C(=O)Cc3ccccc3)CC2)c2ccccc2n1,0,authentic,authentic,,,O=C(Cc1ccccc1)N1CCC(c2ncnc3ccccc23)CC1,train,346.4340000000001,3.160700000000001,0.7905764558668749,26,41
subcategory_halogen-walk.remove-F_915,COc1ccc(Cl)cc1C(=O)NCCc1ccc(OC)c(S(=O)(=O)NC(N)=O)c1,0,authentic,authentic,,,O=C(NCCc1ccccc1)c1ccccc1,train,441.8930000000002,1.6867,0.5696525598708178,29,52
subcategory_halogen-walk.remove-F_1020,C#CCN1C(=O)NC(c2ccccc2)(c2ccccc2)C1=O,0,authentic,authentic,,,O=C1NC(=O)C(c2ccccc2)(c2ccccc2)N1,train,290.32200000000006,2.1152,0.6950780175169828,22,37
subcategory_halogen-walk.remove-F_1249,CCCCc1cc(O)cc(=O)n1Cc1ccc(-c2ccccc2C(=O)O)cc1,0,authentic,authentic,,,O=c1ccccn1Cc1ccc(-c2ccccc2)cc1,train,377.44000000000005,4.310000000000003,0.642959236820894,28,45
subcategory_halogen-walk.remove-F_917,CCCOc1ccc(S(=O)(=O)N(CCO)CCOC)cc1-c1cc2c(CCC)nn(C)c2c(=O)[nH]1,0,authentic,authentic,,,O=c1[nH]c(-c2ccccc2)cc2cn[nH]c12,train,506.62500000000034,2.2992999999999997,0.3641658801880566,35,62
subcategory_halogen-walk.remove-F_2438,O=c1c(-c2ccccc2)coc2cc(O)cc(O)c12,1,halogen-walk,remove-F,O=c1c(-c2ccc(F)cc2)coc2cc(O)cc(O)c12,0 1 3 4 5 6 7 8 9 10 11 12 13 14 15 16 17 18,O=c1c(-c2ccccc2)coc2ccccc12,train,254.24099999999996,2.8712000000000013,0.700091545915688,19,33
subcategory_halogen-walk.remove-F_1725,Cc1ccccc1[C@H]1C(=O)N(CCCc2ccccc2)[C@@H]1c1ccc(O)cc1,1,halogen-walk,remove-F,O=C1[C@H](c2ccc(F)cc2)[C@@H](c2ccc(O)cc2)N1CCCc1ccccc1,0 1 2 3 4 5 6 8 9 10 11 12 13 14 15 16 17 18 19 20 21 22 23 24 25 26 27,O=C1[C@H](c2ccccc2)[C@@H](c2ccccc2)N1CCCc1ccccc1,train,371.48,5.000520000000005,0.6195405884918177,28,52
subcategory_halogen-walk.remove-F_1563,CCC1(C(F)(F)F)OC(CCCN(C)C)(c2ccccc2)c2ccccc21,1,halogen-walk,remove-F,CN(C)CCCC1(c2ccccc2)OC(C(F)(F)F)(C(F)(F)F)c2ccccc21.Cl,0 1 3 4 5 6 7 8 9 10 11 12 13 14 15 16 17 18 19 20 21 22 23 24 25,c1ccc(C2OCc3ccccc32)cc1,train,377.45000000000005,5.469800000000005,0.6618551597661219,27,45
subcategory_halogen-walk.remove-F_481,O=C1Nc2ccc(Cl)cc2C(C#Cc2ccsc2)(C(F)(F)F)O1,0,authentic,authentic,,,O=C1Nc2ccccc2C(C#Cc2ccsc2)O1,train,357.74,4.772900000000001,0.6894479932009012,23,42
subcategory_halogen-walk.remove-F_1491,CCCCCCCCCCCCCN1CCN(CC(O)(Cn2cncn2)c2ccccc2)CC1,1,halogen-walk,remove-F,CCCCCCCCCCCCCN1CCN(CC(O)(Cn2cncn2)c2ccc(F)cc2F)CC1,18 26 27 28 29 30 31,c1ccc(C(CN2CCNCC2)Cn2cncn2)cc1,train,469.71800000000013,5.094500000000005,0.3269339054571227,34,46
subcategory_halogen-walk.remove-F_1997,CC(C)n1c(C=CCCCCC(=O)O)c(-c2ccccc2)c2ccccc21,1,halogen-walk,remove-F,CC(C)n1c(C=CCCCCC(=O)O)c(-c2ccc(F)cc2)c2ccccc21,14 15 16 17 18 19 20,c1ccc(-c2c[nH]c3ccccc23)cc1,train,361.485,6.547400000000006,0.46237885038217313,27,44
subcategory_halogen-walk.remove-F_456,COc1cc2c(cc1OC)C(=O)C(CC(C)(F)CC1CCC(C)N1Cc1ccccc1C#N)C2,0,authentic,authentic,,,O=C1c2ccccc2CC1CCCC1CCCN1Cc1ccccc1,train,464.58100000000024,5.491980000000006,0.5168065127759791,34,56
subcategory_halogen-walk.remove-F_1606,OC(Cn1cncn1)(c1ccccc1)C(F)F,1,halogen-walk,remove-F,OC(Cn1cncn1)(c1ccc(F)cc1F)C(F)F,0 2 3 4 5 6 7 8 9 10 11 12 13 14 15 16,c1ccc(CCn2cncn2)cc1,train,239.225,1.431,0.8776785293622862,17,27
subcategory_halogen-walk.remove-F_1431,CCN(C(=O)Cc1ccc(S(C)(=O)=O)cc1)C1CCN(CCC(c2ccccc2)c2ccc(NS(C)(=O)=O)cc2)CC1,0,authentic,authentic,,,O=C(Cc1ccccc1)NC1CCN(CCC(c2ccccc2)c2ccccc2)CC1,test,611.8300000000002,4.539200000000004,0.3226936733021786,42,75
subcategory_halogen-walk.remove-F_569,Nc1ccn(C[C@@H](CO)OCP(=O)(O)O)c(=O)n1,0,authentic,authentic,,,O=c1nccc[nH]1,train,279.18899999999996,-1.6618000000000002,0.45197128428898714,18,37
subcategory_halogen-walk.remove-F_1145,CCCN(CCC)[C@@H]1CCc2cccc(C(C)=O)c2[C@@H]1C,0,authentic,authentic,,,c1ccc2c(c1)CCCC2,val,287.447,4.429500000000004,0.7214033469001687,21,42
subcategory_halogen-walk.remove-F_1871,CCCCc1cccc([C@]2([C@H](Oc3nc(C)cc(C)n3)C(=O)O)NCC(=O)N(Cc3cccc(C)c3)c3ccccc32)c1,1,halogen-walk,remove-F,CCCCc1cccc([C@]2([C@H](Oc3nc(C)cc(C)n3)C(=O)O)NCC(=O)N(Cc3c(F)cc(F)cc3F)c3ccccc32)c1,27 28 29 30 31 32 33 34 35,O=C1CN[C@@](COc2ncccn2)(c2ccccc2)c2ccccc2N1Cc1ccccc1,train,578.7130000000003,5.656660000000005,0.25036191750173165,43,80
subcategory_halogen-walk.remove-F_656,c1ccc2sc(C3(N4CCCCC4)CCCCCC3)cc2c1,0,authentic,authentic,,,c1ccc2sc(C3(N4CCCCC4)CCCCCC3)cc2c1,test,313.51,5.936700000000005,0.6204187244740125,22,34
subcategory_halogen-walk.remove-F_2462,CC(C)CS(=O)(=O)N(C)CC1O[C@@H](n2cnc(C(N)=O)n2)[C@H](O)[C@@H]1O,1,halogen-walk,remove-F,CN(CC1O[C@@H](n2cnc(C(N)=O)n2)[C@H](O)[C@@H]1O)S(=O)(=O)C(F)(F)F,0 1 2 3 4,c1ncn([C@H]2CCCO2)n1,train,377.4230000000001,-2.0861999999999967,0.4873866379626782,25,62
subcategory_halogen-walk.remove-F_2613,Cc1ccccc1NC(=O)CN1CCCNCC1,1,halogen-walk,remove-F,O=C(CN1CCCNCC1)Nc1ccc(O)c(F)c1,0 1 2 3 4 5 6 8 9 10 11 12 13 14 15 16 17,O=C(CN1CCCNCC1)Nc1ccccc1,train,247.34199999999993,1.22882,0.8441235833829716,18,25
subcategory_halogen-walk.remove-F_2447,O=C(CCc1ccccc1)c1ccccc1OCC(O)CN1CCOCC1,1,halogen-walk,remove-F,O=C(CCc1ccc(F)cc1)c1ccccc1OCC(O)CN1CCOCC1,0 1 2 4 5 6 7 8 9 10 11 12 13 14 15 16 17 18 19 20 21 22 23 24 25 26,O=C(CCc1ccccc1)c1ccccc1OCCCN1CCOCC1,train,369.46100000000024,2.5740000000000007,0.6886968754090992,27,38
subcategory_halogen-walk.remove-F_1015,COc1ccc2nc(S(=O)(=S)Cc3ncc(C)c(OC)c3C)[nH]c2c1,0,authentic,authentic,,,O=S(=S)(Cc1ccccn1)c1nc2ccccc2[nH]1,test,377.49100000000016,2.8973400000000007,0.7366784325566135,25,46
subcategory_halogen-walk.remove-F_961,O=C(COCCN1CCN(C(c2ccccc2)c2ccc(Cl)cc2)CC1)OCl,0,authentic,authentic,,,c1ccc(C(c2ccccc2)N2CCNCC2)cc1,train,423.34000000000015,3.760600000000003,0.6052857526250014,28,45
subcategory_halogen-walk.remove-F_1035,CC(=O)Oc1ccc2c3c1OC1C(O)C=CC4C(C2)N(C)CCC341,0,authentic,authentic,,,C1=CC2C3Cc4cccc5c4C2(CCN3)C(C1)O5,test,327.38000000000017,1.4178,0.48018247375648904,24,44
subcategory_halogen-walk.remove-F_1658,CCCN(CC1CC1)[C@@H](CNC(=O)c1ccc(Cl)s1)C(=O)Nc1ccc(N2CCOCC2=O)cc1F,1,halogen-walk,remove-F,O=C(NC[C@@H](C(=O)Nc1ccc(N2CCOCC2=O)cc1F)N(CC1CC1)CC(F)(F)F)c1ccc(Cl)s1,0 1 2 4 5 6 7 8 9 10 11 12 13 14 15 16 17 18 19 20 21 22 23 24 25 26 27 28 29 30 31 32 33 34 35,O=C(NC[C@H](NCC1CC1)C(=O)Nc1ccc(N2CCOCC2=O)cc1)c1cccs1,train,537.0570000000004,3.762900000000002,0.45615218065072555,36,65
subcategory_halogen-walk.remove-F_1720,C=Cc1ccc(N2CCN(C(=O)CCc3ccc(Cl)cc3Cl)CC2)c([C@@H](NCc2ccccc2F)C(C)CC)c1,1,halogen-walk,remove-F,CCC(C)[C@H](NCc1ccccc1F)c1cc(C(F)(F)F)ccc1N1CCN(C(=O)CCc2ccc(Cl)cc2Cl)CC1,0 1 2,O=C(CCc1ccccc1)N1CCN(c2ccccc2CNCc2ccccc2)CC1,val,582.5910000000001,7.9339000000000075,0.24947184413105375,40,71
subcategory_halogen-walk.remove-F_1634,C[C@@H](N1CCN(c2ncn[nH]2)CC1)[C@](O)(Cn1cncn1)c1ccccc1,1,halogen-walk,remove-F,C[C@@H](N1CCN(c2ncn[nH]2)CC1)[C@](O)(Cn1cncn1)c1ccc(F)cc1F,0 1 2 3 4 5 6 7 8 9 10 11 12 14 15 16 17 18 19 20 21 22 23 24 25,c1ccc(C(CN2CCN(c3ncn[nH]3)CC2)Cn2cncn2)cc1,val,368.44500000000005,0.49470000000000103,0.6533634356224737,27,54
subcategory_halogen-walk.remove-F_1938,Fc1ccc(C(Oc2ccccc2)C2CCCNC2)cc1,1,halogen-walk,remove-F,Fc1ccc(OC(c2ccc(F)cc2)C2CCCNC2)cc1,0 1 2 3 4 5 7 8 9 10 11 12 13 14 15 16 17 18 19 20,c1ccc(OC(c2ccccc2)C2CCCNC2)cc1,train,285.362,3.945400000000002,0.9182344715590058,21,31
subcategory_halogen-walk.remove-F_788,CC(C)c1cccc2c(Cl)cc(-c3ccc(-c4ccc(C(=O)O)cc4)[nH]3)nc12,0,authentic,authentic,,,c1ccc(-c2ccc(-c3ccc4ccccc4n3)[nH]2)cc1,train,390.87000000000006,6.371900000000005,0.4249836927198809,28,55
subcategory_halogen-walk.remove-F_708,CCOC(=O)[C@H](CCc1ccccc1)N[C@@H](C)C(=O)N1C2CCC(C2)C1C(N)=O,0,authentic,authentic,,,O=C(CNCCCc1ccccc1)N1CC2CCC1C2,train,401.5070000000003,1.3938,0.6091327551040596,29,59
subcategory_halogen-walk.remove-F_1351,C=C(OCC)c1ncnc2c1nc(Cl)n2Cc1ccccc1,0,authentic,authentic,,,c1ccc(Cn2cnc3cncnc32)cc1,train,314.776,3.5352000000000023,0.5337510953993941,22,34
subcategory_halogen-walk.remove-F_2659,N#CC1=C(N)n2ncnc2NC1c1ccccc1,1,halogen-walk,remove-F,N#CC1=C(N)n2ncnc2NC1c1ccc(F)cc1,0 1 2 3 4 5 6 7 8 9 10 12 13 14 15 16,C1=Cn2ncnc2NC1c1ccccc1,train,238.25400000000005,1.0957799999999998,0.7755038327768214,18,28
subcategory_halogen-walk.remove-F_886,CC(Cc1ccc2ccccc2c1)NCCCc1ccccc1,0,authentic,authentic,,,c1ccc(CCCNCCc2ccc3ccccc3c2)cc1,val,303.44899999999996,4.993200000000004,0.6060880919874533,23,31
subcategory_halogen-walk.remove-F_195,CN[C@H](C(=O)N[C@H](C(=O)N(C)[C@H](/C=C(\C)C(=O)N1CC(O)C[C@@H]1C(=O)OC)C(C)C)C(C)(C)C)C(C)(C)c1ccccc1,0,authentic,authentic,,,O=C(CCc1ccccc1)NCC(=O)NCC=CC(=O)N1CCCC1,train,600.8010000000004,2.647200000000004,0.26322963395788934,43,101
subcategory_halogen-walk.remove-F_1063,O=C1NC(=O)/C(=C/c2ccccc2O)N1,0,authentic,authentic,,,O=C1NC(=O)/C(=C/c2ccccc2)N1,train,204.185,0.5724999999999999,0.4619836634294259,15,28
subcategory_halogen-walk.remove-F_1669,FCc1c(OC[C@@H]2CNCC[C@H]2c2ccccc2)ccc2c1OCO2,1,halogen-walk,remove-F,FCc1c(OC[C@@H]2CNCC[C@H]2c2ccc(F)cc2)ccc2c1OCO2,0 1 2 3 4 5 6 7 8 9 10 12 13 14 15 16 17 18 19 20 21 22 23 24,c1ccc([C@@H]2CCNC[C@H]2COc2ccc3c(c2)OCO3)cc1,train,343.39800000000014,3.656900000000002,0.8993981144244031,25,44
subcategory_halogen-walk.remove-F_1381,O=C(O[C@@H]1CCN(CCCc2cccs2)C1)C(O)(c1cccs1)c1cccs1,0,authentic,authentic,,,O=C(O[C@@H]1CCN(CCCc2cccs2)C1)C(c1cccs1)c1cccs1,val,433.6200000000001,4.357300000000004,0.5365333218055722,28,50
subcategory_halogen-walk.remove-F_1522,CCCOC(=O)CC(O)CC(O)C=Cc1c(-c2ccccc2)c2ccccc2n1C(C)C,1,halogen-walk,remove-F,CCCOC(=O)CC(O)CC(O)C=Cc1c(-c2ccc(F)cc2)c2ccccc2n1C(C)C,15 16 17 18 19 20 21,c1ccc(-c2c[nH]c3ccccc23)cc1,train,435.56400000000014,5.357600000000005,0.42078770735670834,32,51
subcategory_halogen-walk.remove-F_643,COC(=O)c1cccc(OCCCOc2cc3c(cc2O)CCO3)c1,0,authentic,authentic,,,c1ccc(OCCCOc2ccc3c(c2)OCC3)cc1,train,344.36300000000006,2.9616000000000016,0.6148028466659893,25,38
subcategory_halogen-walk.remove-F_2074,CC(C)S(=O)(=O)c1c(O)n(Cc2ccccc2)c(=O)c2ccccc12,1,halogen-walk,remove-F,CC(C)S(=O)(=O)c1c(O)n(Cc2ccc(F)c(F)c2)c(=O)c2ccccc12,0 1 2 3 4 5 6 7 8 9 11 12 13 14 15 16 17 18 19 20 21 22 23 24,O=c1c2ccccc2ccn1Cc1ccccc1,train,357.4310000000001,2.937500000000001,0.7787997106100086,25,46
subcategory_halogen-walk.remove-F_2828,Oc1nc(-c2ccccc2)nc2ccccc12,1,halogen-walk,remove-F,Oc1nc(-c2ccc(F)cc2)nc2ccccc12,3 4 5 6 7 8 9,c1ccc(-c2ncc3ccccc3n2)cc1,train,222.24699999999999,3.0024000000000015,0.6880201187501459,17,26
subcategory_halogen-walk.remove-F_94,Cc1[nH]c(/C=C2\C(=O)Nc3ccc(F)cc32)c(C)c1NC(=O)C1CCCNC1.Cl,0,authentic,authentic,,,O=C1Nc2ccccc2/C1=C/c1cc(NC(=O)C2CCCNC2)c[nH]1,train,418.90000000000015,3.6232400000000022,0.5740694848781778,29,57
subcategory_halogen-walk.remove-F_902,CN1[C@@H]2CCC(C)(C)[C@H]1C[C@H](OC(=O)C(O)(c1cccs1)c1cccs1)C2.Cl,0,authentic,authentic,,,O=C(O[C@@H]1C[C@H]2CCC[C@@H](C1)N2)C(c1cccs1)c1cccs1,val,442.0460000000001,4.661900000000005,0.7006545348236803,28,64
subcategory_halogen-walk.remove-F_2520,C[C@H]([C@](O)(Cn1cncn1)c1ccccc1)S(N)(=O)=O,1,halogen-walk,remove-F,C[C@H]([C@](O)(Cn1cncn1)c1ccc(F)cc1F)S(N)(=O)=O,0 1 3 4 5 6 7 8 9 10 11 12 13 14 15 16 17 18 19,c1ccc(CCn2cncn2)cc1,train,296.3520000000001,-0.1570999999999999,0.7962964627041142,20,43
subcategory_halogen-walk.remove-F_1504,CCCOc1ccc(OCC(=O)NC(C)C)cc1C(=O)NCC1CCCCN1,1,halogen-walk,remove-F,CC(C)NC(=O)COc1ccc(OCC(F)(F)F)c(C(=O)NCC2CCCCN2)c1,0 1 3 4 5 6 7 8 9 10 11 12 13 14 15 16 17 18 19 20 21 22 23 24 25 26 27,O=C(NCC1CCCCN1)c1ccccc1,train,391.51200000000017,2.2506999999999993,0.5693043729643776,28,42
subcategory_halogen-walk.remove-F_2544,CCCC(O)(Cn1cncn1)c1ccccc1,1,halogen-walk,remove-F,CCCC(O)(Cn1cncn1)c1ccc(F)cc1F,0 1 2 4 5 6 7 8 9 10 11 12 13 14 15,c1ccc(CCn2cncn2)cc1,train,231.29900000000004,1.9659999999999997,0.855493918732999,17,25
subcategory_halogen-walk.remove-F_989,CCCOCCN1CCN(C2=Nc3ccccc3Sc3ccc(F)cc32)CC1,0,authentic,authentic,,,c1ccc2c(c1)N=C(N1CCNCC1)c1ccccc1S2,train,399.5350000000002,4.412800000000004,0.6963380567158097,28,41
subcategory_halogen-walk.remove-F_1814,Cc1cccc([C@@H]2CCN(C(=O)OCC(CO[N+](=O)[O-])O[N+](=O)[O-])C[C@H]2COc2ccc3c(c2)OCO3)c1,1,halogen-walk,remove-F,O=C(OCC(CO[N+](=O)[O-])O[N+](=O)[O-])N1CC[C@@H](c2ccc(F)cc2)[C@H](COc2ccc3c(c2)OCO3)C1,0 1 2 3 4 5 6 37,c1ccc([C@@H]2CCNC[C@H]2COc2ccc3c(c2)OCO3)cc1,train,533.4900000000004,3.130020000000002,0.30798696632312783,38,84
subcategory_halogen-walk.remove-F_2267,CC(C)c1cc(-c2ccc(F)cc2)c(-c2ccccc2)n1/C=C/[C@@H](O)C[C@@H](O)CC(=O)O,1,halogen-walk,remove-F,CC(C)c1cc(-c2ccc(F)cc2)c(-c2ccc(F)cc2)n1/C=C/[C@@H](O)C[C@@H](O)CC(=O)O,13 14 15 16 17 18 19,c1ccc(-c2cc[nH]c2-c2ccccc2)cc1,train,437.51100000000014,5.141900000000008,0.43278544316777506,32,68
subcategory_halogen-walk.remove-F_1315,CN1CCC2(c3cccc(O)c3)CCCC1C2,0,authentic,authentic,,,c1ccc(C23CCCC(C2)NCC3)cc1,train,231.33899999999994,2.908100000000001,0.8030218049657321,17,27
subcategory_halogen-walk.remove-F_777,O=C(NC[C@H]1CN(c2ccc(N3CCC3=O)c(F)c2)C(=O)O1)c1ccc(Cl)s1,0,authentic,authentic,,,O=C(NC[C@H]1CN(c2ccc(N3CCC3=O)cc2)C(=O)O1)c1cccs1,train,423.85300000000007,3.0325000000000015,0.749603371904644,28,56
subcategory_halogen-walk.remove-F_371,COc1ccc2c(c1OC)[C@H](O)O[C@H]1c3cc4c(cc3CCN(C)[C@H]21)OCO4,0,authentic,authentic,,,c1ccc2c(c1)CO[C@H]1c3cc4c(cc3CCN[C@H]21)OCO4,test,385.4160000000002,2.7239000000000004,0.8523845156217,28,58
subcategory_halogen-walk.remove-F_1706,CN(C)CCC(Oc1cccc2c1OCO2)c1ccccc1,1,halogen-walk,remove-F,CN(C)CCC(Oc1cccc2c1OCO2)c1ccc(F)cc1,0 1 2 3 4 6 7 8 9 10 11 12 13 14 15 16 17 18 19 20,c1ccc(COc2cccc3c2OCO3)cc1,train,299.36999999999995,3.4871000000000025,0.8168022241470811,22,32
subcategory_halogen-walk.remove-F_1666,CC(C)c1cc(-c2ccccc2)c(-c2cccc(Cl)c2)n1/C=C/[C@@H](O)C[C@@H](O)CC(=O)O,1,halogen-walk,remove-F,CC(C)c1cc(-c2ccc(F)cc2)c(-c2cccc(Cl)c2)n1/C=C/[C@@H](O)C[C@@H](O)CC(=O)O,0 1 2 3 4 6 7 8 9 10 11 12 13 14 15 16 17 18 19 20 21 22 23 24 25 26 27 28 29 30 31,c1ccc(-c2cc[nH]c2-c2ccccc2)cc1,train,453.9660000000002,5.656200000000007,0.39028807258975995,32,69
subcategory_halogen-walk.remove-F_852,Cc1cccc(-c2ccccc2C[S@@](=O)CC(N)=O)c1,0,authentic,authentic,,,c1ccc(-c2ccccc2)cc1,train,287.384,2.396019999999999,0.9176042785046233,20,37
subcategory_halogen-walk.remove-F_2343,OC(Cn1cncn1)(c1ccc(C(F)(F)F)cc1F)C(Cc1ccccc1)n1cncn1,1,halogen-walk,remove-F,OC(Cn1cncn1)(c1ccc(C(F)(F)F)cc1F)C(Cc1ccc(F)cc1)n1cncn1,0 1 2 3 4 5 6 7 8 9 10 11 12 13 14 15 16 17 18 19 21 22 23 24 25 26 27 28 29 30 31,c1ccc(CC(C(Cn2cncn2)c2ccccc2)n2cncn2)cc1,train,446.4080000000001,3.399300000000002,0.44034805955843953,32,52
subcategory_halogen-walk.remove-F_2497,Cc1ccccc1[C@@H]1CCN(C(O)Oc2ccccc2)C[C@H]1COc1ccc2c(c1)OCO2,1,halogen-walk,remove-F,OC(Oc1ccccc1)N1CC[C@@H](c2ccc(F)cc2)[C@H](COc2ccc3c(c2)OCO3)C1,0 1 2 3 4 5 6 7,c1ccc(OCN2CC[C@@H](c3ccccc3)[C@H](COc3ccc4c(c3)OCO4)C2)cc1,train,447.5310000000003,4.563120000000004,0.5359520956856763,33,58
subcategory_halogen-walk.remove-F_2175,Cc1cc(C)c(/C=C/[C@H](O)C[C@H](O)CC(=O)O)c(-c2ccccc2C)n1,1,halogen-walk,remove-F,Cc1cc(C)c(/C=C/[C@H](O)C[C@H](O)CC(=O)O)c(-c2ccc(F)cc2)n1,0 1 2 3 4 5 6 7 8 9 10 11 12 13 14 15 16 18 19 20 21 22 23 24,c1ccc(-c2ccccn2)cc1,train,355.434,3.2736600000000013,0.7089979393777313,26,55
subcategory_halogen-walk.remove-F_271,COc1cc2nc(-c3ccc(F)cc3)nc(O)c2cc1OC,0,authentic,authentic,,,c1ccc(-c2ncc3ccccc3n2)cc1,train,300.28900000000004,3.1587000000000023,0.8046291072130671,22,35
subcategory_halogen-walk.remove-F_231,CCc1cccc(-c2ccccc2)c1C(c1ccccc1)n1cncn1,0,authentic,authentic,,,c1ccc(-c2ccccc2C(c2ccccc2)n2cncn2)cc1,train,339.442,5.145200000000005,0.5035739418174566,26,39
subcategory_halogen-walk.remove-F_341,NCCNCc1nn2c3cccc(O)c3c(=O)c3c(NCCN)ccc1c32,0,authentic,authentic,,,O=c1c2ccccc2n2ncc3cccc1c32,train,366.4250000000002,0.5632,0.23856994196754266,27,42
subcategory_halogen-walk.remove-F_863,CN1CCN(S(=O)c2ccc(-c3cnc(N)c(C(=O)NCCS(N)=O)n3)cc2)CC1.Cl,0,authentic,authentic,,,O=S(c1ccc(-c2cnccn2)cc1)N1CCNCC1,val,488.03900000000027,-0.23019999999999813,0.48815446019882913,31,57
subcategory_halogen-walk.remove-F_979,C[C@H]1CCCN(S(=O)(=O)c2ccc(NC(=O)c3cnccn3)cc2)C1,0,authentic,authentic,,,O=C(Nc1ccc(S(=O)(=O)N2CCCCC2)cc1)c1cnccn1,train,360.4390000000001,2.1494999999999997,0.9017909036331556,25,48
subcategory_halogen-walk.remove-F_789,Cc1cnc(C(=O)N2CCN(S(=O)(=O)c3ccc4c(c3)CCCC4)CC2)cn1,0,authentic,authentic,,,O=C(c1cnccn1)N1CCN(S(=O)(=O)c2ccc3c(c2)CCCC3)CC1,val,400.5040000000003,1.8105200000000001,0.7846641386663045,28,51
subcategory_halogen-walk.remove-F_556,N#C/C(=C\c1ccccc1OCCN1CCCC1)c1noc2ccccc12,0,authentic,authentic,,,C(=Cc1noc2ccccc12)c1ccccc1OCCN1CCCC1,val,359.429,4.3665800000000035,0.6117910232868013,27,41
subcategory_halogen-walk.remove-F_1432,O=C1CN=C(c2ccccc2F)c2cc([N+](=O)[O-])ccc2N1,0,authentic,authentic,,,O=C1CN=C(c2ccccc2)c2ccccc2N1,train,299.26099999999997,2.5234000000000005,0.6827204516955481,22,43
subcategory_halogen-walk.remove-F_819,C=C.CNCCCC1(c2ccc(F)cc2)OCc2cc(C#N)ccc21,0,authentic,authentic,,,c1ccc(C2OCc3ccccc32)cc1,train,338.42600000000004,4.272980000000003,0.653869277729046,25,40
subcategory_halogen-walk.remove-F_1991,C=Cc1nn(-c2ccc(OC)cc2)c2c1CCN(c1ccc(C3(NC(=O)C(C)N(C)C)CC3)cc1)C2=O,1,halogen-walk,remove-F,COc1ccc(-n2nc(C(F)(F)F)c3c2C(=O)N(c2ccc(C4(NC(=O)C(C)N(C)C)CC4)cc2)CC3)cc1,0 1 3 4 5 6 7 8 9 10 11 12 13 14 15 16 17 18 19 20 21 22 23 24 25 26 27 28 29 30 31 32 33 34 35 36,O=C1c2c(cnn2-c2ccccc2)CCN1c1ccc(C2CC2)cc1,train,499.61500000000024,3.782200000000003,0.5103559297705912,37,67
subcategory_halogen-walk.remove-F_1749,CCCc1ccc(OC(CCN(C)C(C)=O)c2ccccc2)cc1,1,halogen-walk,remove-F,CC(=O)N(C)CCC(Oc1ccc(C(F)(F)F)cc1)c1ccccc1,0 1 2 3,c1ccc(COc2ccccc2)cc1,train,325.45199999999994,4.627600000000005,0.7081113115595754,24,37
subcategory_halogen-walk.remove-F_1303,Cc1ccc(-c2cc(C)cc(C(=O)Nc3nn[nH]n3)n2)cc1,0,authentic,authentic,,,O=C(Nc1nn[nH]n1)c1cccc(-c2ccccc2)n1,train,294.31800000000004,2.130839999999999,0.7710158990571542,22,41
subcategory_halogen-walk.remove-F_2747,Cc1[nH]c(-c2ccccc2)cc1C(=O)N1CCN(c2ccccc2)CC1,1,halogen-walk,remove-F,Cc1[nH]c(-c2ccc(F)cc2)cc1C(=O)N1CCN(c2ccccc2)CC1,0 1 2 4 5 6 7 8 9 10 11 12 13 14 15 16 17 18 19 20 21 22 23 24 25,O=C(c1c[nH]c(-c2ccccc2)c1)N1CCN(c2ccccc2)CC1,train,345.446,3.9525200000000025,0.7805318239104246,26,45
subcategory_halogen-walk.remove-F_2532,CN=CCCC1(c2ccccc2)OCc2cc(C#N)ccc21,1,halogen-walk,remove-F,CN=CCCC1(c2ccc(F)cc2)OCc2cc(C#N)ccc21,5 6 7 8 9 10 11,c1ccc(C2OCc3ccccc32)cc1,train,290.366,3.8128800000000025,0.8036519950121593,22,34
subcategory_halogen-walk.remove-F_1670,CCCc1cc(O)nc2cc3c(cc12)[C@H]1CCCC[C@@H]1CN3,1,halogen-walk,remove-F,Oc1cc(C(F)(F)F)c2cc3c(cc2n1)NC[C@H]1CCCC[C@H]31,0 1 2 4 5 6 7 8 9 10 11 12 13 14 15 16 17 18 19 20 21,c1cnc2cc3c(cc2c1)[C@H]1CCCC[C@@H]1CN3,train,296.41399999999993,4.592200000000004,0.851495687164695,22,43
subcategory_halogen-walk.remove-F_549,NCCCS(=O)(=O)C(c1ccccc1)c1ccccc1,0,authentic,authentic,,,c1ccc(Cc2ccccc2)cc1,train,289.40000000000003,2.539600000000001,0.8886881993837187,20,32
subcategory_halogen-walk.remove-F_896,CC(C)CN(C1CCC1)[C@H](CNC(=O)c1ccc(Cl)s1)C(=O)Nc1ccc(N2CCOCC2=O)c(F)c1,0,authentic,authentic,,,O=C(NC[C@@H](NC1CCC1)C(=O)Nc1ccc(N2CCOCC2=O)cc1)c1cccs1,test,551.0840000000004,4.151400000000002,0.463620151148023,37,69
subcategory_halogen-walk.remove-F_1879,N#Cc1ccc(C(CCc2ccccc2)n2cncn2)cc1,1,halogen-walk,remove-F,N#Cc1ccc(C(CCc2ccc(F)cc2)n2cncn2)cc1,0 1 2 3 4 5 6 7 9 10 11 12 13 14 15 16 17 18 19 20 21,c1ccc(CCC(c2ccccc2)n2cncn2)cc1,train,288.35400000000004,3.3719800000000015,0.7229543940615738,22,33
subcategory_halogen-walk.remove-F_2856,CCOC(=O)C(C)Cc1c(-c2ccccc2)c2ccccc2n1C(C)C,1,halogen-walk,remove-F,CCOC(=O)C(C)Cc1c(-c2ccc(F)cc2)c2ccccc2n1C(C)C,0 1 2 3 4 5 6 7 8 10 11 12 13 14 15 16 17 18 19 20 21 22 23 24 25,c1ccc(-c2c[nH]c3ccccc23)cc1,train,349.4740000000001,5.630900000000005,0.5399881914116418,26,42
subcategory_halogen-walk.remove-F_2878,COC(=O)C1=C(C)NC(=O)N(C(=O)N2CCC(N3CCC(C(=O)OC)(c4ccccc4)CC3)CC2)C1c1ccccc1,1,halogen-walk,remove-F,COC(=O)C1=C(C)NC(=O)N(C(=O)N2CCC(N3CCC(C(=O)OC)(c4ccccc4)CC3)CC2)C1c1ccc(F)c(F)c1,35 36 37 38 39 40 41,O=C1NC=CC(c2ccccc2)N1C(=O)N1CCC(N2CCC(c3ccccc3)CC2)CC1,train,574.6780000000005,3.991100000000003,0.5382407785606937,42,75
subcategory_halogen-walk.remove-F_2628,Cc1ccccc1[C@H]1CCN(CCCCC#N)C[C@@H]1COc1ccc2c(c1)OCO2,1,halogen-walk,remove-F,N#CCCCCN1CC[C@H](c2ccc(F)cc2)[C@@H](COc2ccc3c(c2)OCO3)C1.O=C(O)C(=O)O,0 1 2 3 4 5 6 7,c1ccc([C@H]2CCNC[C@@H]2COc2ccc3c(c2)OCO3)cc1,train,406.5260000000002,4.902100000000005,0.5836592996840502,30,52
subcategory_halogen-walk.remove-F_2858,CN(CC(c1ccccc1)N1CCC(N2CCCCC2)CC1)C(=O)Cc1cc(C(F)(F)F)cc(C(F)(F)F)c1,1,halogen-walk,remove-F,CN(CC(c1ccc(F)c(F)c1F)N1CCC(N2CCCCC2)CC1)C(=O)Cc1cc(C(F)(F)F)cc(C(F)(F)F)c1,0 1 2 4 5 6 7 8 9 10 11 12 13 14 15 16 17 18 19 20 21 22 23 24 25 26 27 28 29 30 31 32 33 34 35 36 37 38,O=C(Cc1ccccc1)NCC(c1ccccc1)N1CCC(N2CCCCC2)CC1,train,555.6070000000003,6.416700000000008,0.36937462007072297,39,68
subcategory_halogen-walk.remove-F_2371,C=Cc1cc(OCC(=O)[C@H](CC(=O)O)NC(=O)[C@@H]2CCCN2C(=O)[C@@H](NC(=O)OCc2ccccc2)C(C)C)n(-c2ccccc2)n1,1,halogen-walk,remove-F,CC(C)[C@H](NC(=O)OCc1ccccc1)C(=O)N1CCC[C@H]1C(=O)N[C@@H](CC(=O)O)C(=O)COc1cc(C(F)(F)F)nn1-c1ccccc1,0 1 2,O=C(CNC(=O)[C@@H]1CCCN1C(=O)CNC(=O)OCc1ccccc1)COc1ccnn1-c1ccccc1,train,645.7130000000002,3.3647000000000027,0.2243804657026049,47,96
subcategory_halogen-walk.remove-F_194,CCOC(=O)c1cccc(N/N=C2\CCC(C)n3c2ncc(C(=O)O)c3=O)c1,0,authentic,authentic,,,O=c1ccnc2n1CCC/C2=N\Nc1ccccc1,train,384.3920000000001,2.2892,0.5987114166193128,28,50
subcategory_halogen-walk.remove-F_1184,O=C(NC[C@@H](C(=O)Nc1ccc(N2CCOCC2=O)cc1F)N(CC(F)(F)F)C1CCC1)c1ccc(Cl)s1,0,authentic,authentic,,,O=C(NC[C@H](NC1CCC1)C(=O)Nc1ccc(N2CCOCC2=O)cc1)c1cccs1,train,577.0000000000002,4.057700000000003,0.4395959385324833,38,71
subcategory_halogen-walk.remove-F_2277,CC1(C)CCc2cccc3c(-c4ccccc4)c(/C=C/C(O)CC(O)CC(=O)O)n1c23,1,halogen-walk,remove-F,CC1(C)CCc2cccc3c(-c4ccc(F)cc4)c(/C=C/C(O)CC(O)CC(=O)O)n1c23,0 1 2 3 4 5 6 7 8 9 11 12 13 14 15 16 17 18 19 20 21 22 23 24 25 26 27 28 29 30,c1ccc(-c2cn3c4c(cccc24)CCC3)cc1,train,419.5210000000002,4.589400000000006,0.5231038802475628,31,56
subcategory_halogen-walk.remove-F_640,CC(C)n1c(C=C[C@@H](O)C[C@@H](O)CCO)c(-c2ccc(F)cc2)c2ccccc21,0,authentic,authentic,,,c1ccc(-c2c[nH]c3ccccc23)cc1,train,397.49,4.535800000000004,0.5229780623307814,29,59
subcategory_halogen-walk.remove-F_737,CC(c1ccc(-c2ccc(F)cc2)cc1)n1cncn1,0,authentic,authentic,,,c1ccc(-c2ccc(Cn3cncn3)cc2)cc1,train,267.307,3.693500000000003,0.7241897260782161,20,33
subcategory_halogen-walk.remove-F_2668,Cc1cccc(C2(CCCN(C)C)OCc3c(/C=C/c4ccccc4)cccc32)c1,1,halogen-walk,remove-F,CN(C)CCCC1(c2ccc(F)cc2)OCc2c(/C=C/c3ccccc3)cccc21,0 1 2 3 4 5 6 29,C(=C\c1cccc2c1COC2c1ccccc1)/c1ccccc1,train,397.56200000000007,6.281020000000007,0.4350081346516793,30,49
subcategory_halogen-walk.remove-F_1773,COC(=O)C(Cc1ccccc1)=C(C)NC(=O)NC(=O)NCCCN1CCC(c2ccc(C)cc2)(c2ccccc2C)CC1,1,halogen-walk,remove-F,COC(=O)C1=C(C)NC(=O)N(C(=O)NCCCN2CCC(c3ccc(C)cc3)(c3ccccc3C)CC2)C1c1ccc(F)c(F)c1,4 5 6 7 8 9 10 11,O=C1NC=CC(c2ccccc2)N1C(=O)NCCCN1CCC(c2ccccc2)(c2ccccc2)CC1,val,596.7720000000003,5.773940000000006,0.1567319246760501,44,72
subcategory_halogen-walk.remove-F_2726,Cc1ccc2onc(C3CCN(CCCC(=O)c4ccccc4)CC3)c2c1,1,halogen-walk,remove-F,Cc1ccc2onc(C3CCN(CCCC(=O)c4ccc(F)cc4)CC3)c2c1,0 1 2 3 4 5 6 7 8 9 10 11 12 13 14 16 17 18 19 20 21 22 23 24 25 26,O=C(CCCN1CCC(c2noc3ccccc23)CC1)c1ccccc1,train,362.47300000000007,4.978720000000005,0.5803600404734822,27,42
subcategory_halogen-walk.remove-F_204,CCCCc1nc(C(C)(C)O)c(C(=O)OCc2oc(=O)oc2C)n1Cc1ccc(-c2ccccc2-c2nn[nH]n2)cc1,0,authentic,authentic,,,O=C(OCc1coc(=O)o1)c1cncn1Cc1ccc(-c2ccccc2-c2nn[nH]n2)cc1,train,572.6220000000002,4.560120000000003,0.21456936770528576,42,73
subcategory_halogen-walk.remove-F_102,COc1cccc(C[C@@H](Cc2cccc(F)c2)CN(C)C)c1,0,authentic,authentic,,,c1ccc(CCCc2ccccc2)cc1,train,301.40500000000003,3.7973000000000026,0.7711156942665061,22,39
subcategory_halogen-walk.remove-F_1586,Cc1ccccc1[C@@H]1CCNC[C@@H]1COc1ccc2c(c1)OCO2,1,halogen-walk,remove-F,Fc1ccc([C@@H]2CCNC[C@@H]2COc2ccc3c(c2)OCO3)cc1,0 1 2 3 4 5 6 8 9 10 11 12 13 14 15 16 17 18 19 20 21 22 23,c1ccc([C@@H]2CCNC[C@@H]2COc2ccc3c(c2)OCO3)cc1,train,325.4080000000001,3.495820000000002,0.933871422698644,24,44
subcategory_halogen-walk.remove-F_1501,CN(CC(O)(Cn1cncn1)c1ccccc1)C1CCNCC1,1,halogen-walk,remove-F,CN(CC(O)(Cn1cncn1)c1ccc(F)cc1F)C1CCNCC1,0 1 2 4 5 6 7 8 9 10 11 12 13 14 15 16 17 18 19 20 21 22,c1ccc(C(CNC2CCNCC2)Cn2cncn2)cc1,train,315.42100000000016,0.8496999999999992,0.8271931349683361,23,35
subcategory_halogen-walk.remove-F_606,O=C1CCc2ccc(OCc3ccc(Cl)cc3F)cc2N1,0,authentic,authentic,,,O=C1CCc2ccc(OCc3ccccc3)cc2N1,train,305.736,3.9428000000000027,0.9323993208879706,21,33
subcategory_halogen-walk.remove-F_2155,CC(NS(C)(=O)=O)C(O)(Cn1cncn1)c1ccccc1,1,halogen-walk,remove-F,CC(NS(C)(=O)=O)C(O)(Cn1cncn1)c1ccc(F)cc1F,0 1 2 3 4 5 6 8 9 10 11 12 13 14 15 16 17 18 19,c1ccc(CCn2cncn2)cc1,train,310.379,0.10360000000000014,0.7887340537477351,21,37
subcategory_halogen-walk.remove-F_473,O=C(O)c1ccc2oc3ccc(S(=O)(=O)N4CCCC4)cc3c(=O)c2c1,0,authentic,authentic,,,O=c1c2ccccc2oc2ccc(S(=O)(=O)N3CCCC3)cc12,test,373.3860000000002,2.4289000000000005,0.7071402906866839,26,48
subcategory_halogen-walk.remove-F_524,CC(C)=C(NC(=O)[C@@H]1CCCN1C(=O)[C@@H](NC(=O)c1ccc(C(=O)N2CCOCC2)cc1)C(C)C)C(=O)C(F)(F)C(F)(F)F,0,authentic,authentic,,,O=C(NCC(=O)N1CCCC1)c1ccc(C(=O)N2CCOCC2)cc1,train,630.6110000000006,3.0812000000000017,0.3194217938120709,44,94
subcategory_halogen-walk.remove-F_1744,O=C1[C@H]([C@@H](O)COc2ccc(F)cc2)[C@H](c2ccc(O)cc2)N1c1ccccc1,1,halogen-walk,remove-F,O=C1[C@H]([C@@H](O)COc2ccc(F)cc2)[C@H](c2ccc(O)cc2)N1c1ccc(F)cc1,0 1 2 3 4 5 6 7 8 9 10 11 12 13 14 15 16 17 18 19 20 21 23 24 25 26 27,O=C1[C@H](CCOc2ccccc2)[C@H](c2ccccc2)N1c1ccccc1,train,393.4140000000001,3.6753000000000027,0.6271632077666168,29,61
subcategory_halogen-walk.remove-F_1672,OC(Cc1ccccc1)(Cn1cncn1)c1ccccc1,1,halogen-walk,remove-F,OC(Cc1ccc(F)cc1)(Cn1cncn1)c1ccccc1,0 1 3 4 5 6 7 8 9 10 11 12 13 14 15 16 17 18 19 20,c1ccc(CC(Cn2cncn2)c2ccccc2)cc1,train,279.34299999999996,2.4086000000000007,0.7800039303456885,21,31
subcategory_halogen-walk.remove-F_1165,COc1ccc(-n2nc(C(F)(F)F)c3c2C(=O)N(c2ccc(C(N)=NO)cc2)CC3)cc1,0,authentic,authentic,,,O=C1c2c(cnn2-c2ccccc2)CCN1c1ccccc1,train,445.4010000000002,3.1971000000000016,0.2777264286794813,32,59
subcategory_halogen-walk.remove-F_1827,NS(=O)(=O)C(n1cncn1)C(O)(Cn1cncn1)c1ccccc1,1,halogen-walk,remove-F,NS(=O)(=O)C(n1cncn1)C(O)(Cn1cncn1)c1ccc(F)cc1F,10 18 19 20 21 22 23,c1ccc(C(Cn2cncn2)Cn2cncn2)cc1,train,349.37600000000003,-0.7552999999999988,0.5956506964782047,24,42
subcategory_halogen-walk.remove-F_2063,Cc1nc(-c2ccccc2)c(-c2ccc(S(C)(=O)=O)cc2)s1,1,halogen-walk,remove-F,Cc1nc(-c2ccc(F)cc2)c(-c2ccc(S(C)(=O)=O)cc2)s1,0 1 2 4 5 6 7 8 9 10 11 12 13 14 15 16 17 18 19 20 21,c1ccc(-c2ncsc2-c2ccccc2)cc1,train,329.44599999999997,4.189020000000003,0.7236845824831374,22,42
subcategory_halogen-walk.remove-F_1011,Cc1cnc(NCCc2ccccc2)c(=O)n1CC(=O)NCC1CN=C(N)NC1,0,authentic,authentic,,,O=C(Cn1ccnc(NCCc2ccccc2)c1=O)NCC1CN=CNC1,train,397.4830000000002,-0.143379999999998,0.49101373420856154,29,46
subcategory_halogen-walk.remove-F_226,C[C@H](N[C@H](C)c1ccccc1Cl)C(=O)Nc1ccc([N+](=O)[O-])cc1C(F)(F)F,0,authentic,authentic,,,O=C(CNCc1ccccc1)Nc1ccccc1,val,415.7990000000001,4.9448000000000025,0.5164043831462648,28,63
subcategory_halogen-walk.remove-F_1423,CC(Cc1cccc2ccccc12)NCCCc1ccccc1,0,authentic,authentic,,,c1ccc(CCCNCCc2cccc3ccccc23)cc1,val,303.44899999999996,4.993200000000004,0.6060880919874533,23,31
subcategory_halogen-walk.remove-F_2106,CC(C)n1c(C=C[C@@H]2C[C@H](F)CC(=O)O2)c(-c2ccccc2)c2ccccc21,1,halogen-walk,remove-F,CC(C)n1c(C=C[C@@H]2C[C@H](F)CC(=O)O2)c(-c2ccc(F)cc2)c2ccccc21,0 1 2 3 4 5 6 7 8 9 10 11 12 13 14 16 17 18 19 20 21 22 23 24 25 26 27,O=C1CCC[C@@H](C=Cc2[nH]c3ccccc3c2-c2ccccc2)O1,train,377.459,5.946100000000006,0.5264799460630821,28,58
subcategory_halogen-walk.remove-F_2099,CC[C@](O)(C#CC1CC1)c1cc(Cl)ccc1NC(=O)OC(C)(C)C,1,halogen-walk,remove-F,CC(C)(C)OC(=O)Nc1ccc(Cl)cc1[C@@](O)(C#CC1CC1)C(F)(F)F,0 1 2,C(#CC1CC1)Cc1ccccc1,train,349.8580000000002,4.698000000000004,0.7775654914695626,24,46
subcategory_halogen-walk.remove-F_2577,C=Cc1nn(-c2ccc(OC)cc2)c2c1CCN(C1CCN(N3CCOCC3=O)CC1)C2=O,1,halogen-walk,remove-F,COc1ccc(-n2nc(C(F)(F)F)c3c2C(=O)N(C2CCN(N4CCOCC4=O)CC2)CC3)cc1,0 1 3 4 5 6 7 8 9 10 11 12 13 14 15 16 17 18 19 20 21 22 23 24 25 26 27 28 29 30 31 32,O=C1c2c(cnn2-c2ccccc2)CCN1C1CCN(N2CCOCC2=O)CC1,train,451.5270000000004,1.7604,0.6893796135312676,33,55
subcategory_halogen-walk.remove-F_2319,CN(C)CCCC1(c2ccccc2)OCc2c(-c3ccccc3)cccc21,1,halogen-walk,remove-F,CN(C)CCCC1(c2ccc(F)cc2)OCc2c(-c3ccccc3)cccc21,6 7 8 9 10 11 12,c1ccc(-c2cccc3c2COC3c2ccccc2)cc1,train,357.497,5.469200000000005,0.5799459702336789,27,42
subcategory_halogen-walk.remove-F_2785,N#Cc1ccc2c(c1)C(c1ccccc1)OC2CCCN,1,halogen-walk,remove-F,N#Cc1ccc2c(c1)C(c1ccc(F)cc1)OC2CCCN,0 1 2 3 4 5 6 7 9 10 11 12 13 14 15 16 17 18 19 20,c1ccc(C2OCc3ccccc32)cc1,train,278.355,3.457880000000001,0.9313483916198867,21,32
subcategory_halogen-walk.remove-F_2096,CN(C)CCC1(c2ccccc2)OCc2cc(C#N)ccc21,1,halogen-walk,remove-F,CN(C)CCC1(c2ccc(F)cc2)OCc2cc(C#N)ccc21,0 1 2 3 4 6 7 8 9 10 11 12 13 14 15 16 17 18 19 20,c1ccc(C2OCc3ccccc32)cc1,train,292.382,3.283780000000002,0.8673613571747589,22,35
subcategory_halogen-walk.remove-F_1738,Cc1ccccc1-c1c(C=C[C@@H](O)C[C@@H](O)CC(=O)N[C@@H](C)c2ccccc2)n(C(C)C)c2ccccc12,1,halogen-walk,remove-F,CC(C)n1c(C=C[C@@H](O)C[C@@H](O)CC(=O)N[C@@H](C)c2ccccc2)c(-c2ccc(F)cc2)c2ccccc21,0 1 2 3 4 5 6 7,O=C(CCCCC=Cc1[nH]c2ccccc2c1-c1ccccc1)NCc1ccccc1,train,510.67800000000017,6.590220000000006,0.2252845926749395,38,78
subcategory_halogen-walk.remove-F_2325,CC1CCCCN1CCCN1CC[C@H](c2ccccc2)[C@@H](COc2ccc3c(c2)OCO3)C1,1,halogen-walk,remove-F,CC1CCCCN1CCCN1CC[C@H](c2ccc(F)cc2)[C@@H](COc2ccc3c(c2)OCO3)C1,0 1 2 3 4 5 6 7 8 9 10 11 12 14 15 16 17 18 19 20 21 22 23 24 25 26 27 28 29 30 31 32,c1ccc([C@H]2CCN(CCCN3CCCCC3)C[C@@H]2COc2ccc3c(c2)OCO3)cc1,train,450.6230000000003,5.164300000000005,0.5546678342732299,33,58
subcategory_halogen-walk.remove-F_80,C=C(c1ccccc1Cl)c1cc([N+](=O)[O-])cc(C)c1NC(=O)C(C)C,0,authentic,authentic,,,C=C(c1ccccc1)c1ccccc1,train,358.8250000000001,5.212620000000004,0.5884049170932213,25,51
subcategory_halogen-walk.remove-F_328,CC1(C)c2cc(OCCN3CCOCC3)ccc2C(=O)c2c1oc1ccccc21,0,authentic,authentic,,,O=C1c2ccc(OCCN3CCOCC3)cc2Cc2oc3ccccc3c21,train,391.4670000000001,4.0141000000000036,0.6725307107643596,29,46
subcategory_halogen-walk.remove-F_1931,CC(C#N)C(O)(Cn1cncn1)c1ccccc1,1,halogen-walk,remove-F,CC(C#N)C(O)(Cn1cncn1)c1ccc(F)cc1F,0 1 2 3 5 6 7 8 9 10 11 12 13 14 15 16,c1ccc(CCn2cncn2)cc1,train,242.282,1.3255800000000002,0.8771220269083566,18,29
subcategory_halogen-walk.remove-F_839,CCCCCC(=O)NCCc1cccc2ccc(OC)cc12,0,authentic,authentic,,,c1ccc2ccccc2c1,train,299.41400000000004,4.087400000000003,0.745644960389822,22,31
subcategory_halogen-walk.remove-F_2144,CCN1CCC(c2cccc(C)c2)C(COc2ccc3c(c2)OCO3)C1,1,halogen-walk,remove-F,CCN1CCC(c2ccc(F)cc2)C(COc2ccc3c(c2)OCO3)C1,0 1 2 3 4 6 7 8 9 10 11 12 13 14 15 16 17 18 19 20 21 22 23 24 25,c1ccc(C2CCNCC2COc2ccc3c(c2)OCO3)cc1,train,353.46200000000016,4.228120000000004,0.804909704324148,26,42
subcategory_halogen-walk.remove-F_1539,NC1(COc2ccc(F)c3c2CCC(=O)N3)CCN(c2ccccc2)CC1,1,halogen-walk,remove-F,NC1(COc2ccc(F)c3c2CCC(=O)N3)CCN(c2ccc(F)cc2Cl)CC1,0 1 2 3 4 5 6 7 8 9 10 11 12 13 14 15 16 17 19 20 21 22 23 24 25 26,O=C1CCc2c(cccc2OCC2CCN(c3ccccc3)CC2)N1,train,369.44000000000005,3.0871000000000013,0.869126394298384,27,44
subcategory_halogen-walk.remove-F_1071,CCC[C@H](N)[C@H]1COC(c2ccccc2)(c2ccccc2)O1,0,authentic,authentic,,,c1ccc(C2(c3ccccc3)OCCO2)cc1,test,297.398,3.430500000000002,0.9192805503593444,22,42
subcategory_halogen-walk.remove-F_538,CN(C)CCC[C@@]1(c2ccc(F)cc2)OCc2cc(C#N)ccc21.O=C(O)C=CC(=O)O,0,authentic,authentic,,,c1ccc(C2OCc3ccccc32)cc1,train,440.4710000000002,3.5247800000000016,0.6338413335944622,32,59
subcategory_halogen-walk.remove-F_409,Clc1ccc2c(N/N=C/c3ccc(CN4CCCC4)cc3)ccnc2c1,0,authentic,authentic,,,C(=N\Nc1ccnc2ccccc12)/c1ccc(CN2CCCC2)cc1,train,364.8800000000001,4.930000000000003,0.5151306289656594,26,42
subcategory_halogen-walk.remove-F_406,COc1cccc(/C=C2\CCCC(CN(C)C)C2(O)c2ccc(F)c(C)c2)c1,0,authentic,authentic,,,C(=C1/CCCCC1c1ccccc1)/c1ccccc1,train,383.507,4.775620000000004,0.806827398390365,28,49
subcategory_halogen-walk.remove-F_1019,O=C1OC(O)(C(F)(F)F)c2cc(Cl)ccc2N1C#CC1CC1,0,authentic,authentic,,,O=C1OCc2ccccc2N1C#CC1CC1,train,331.67700000000013,3.374900000000001,0.7414983616376698,22,41
subcategory_halogen-walk.remove-F_217,N=C(N)c1ccc2cc(CC(C(=O)O)c3ccc(O[C@H]4CCNC4)cc3)oc2c1,0,authentic,authentic,,,c1ccc2oc(CCc3ccc(O[C@H]4CCNC4)cc3)cc2c1,test,393.44300000000015,2.868470000000001,0.36169561433512293,29,53
subcategory_halogen-walk.remove-F_233,O=c1[nH]cnc2c1ncn2[C@@H]1CS[C@H](CO)O1,0,authentic,authentic,,,O=c1[nH]cnc2c1ncn2[C@@H]1CSCO1,val,254.271,-0.3000000000000002,0.763994678549295,17,38
subcategory_halogen-walk.remove-F_1354,C=Cc1nc(O)c2c(ccc3nc(Nc4c(Cl)cccc4Cl)n(C)c32)c1C,0,authentic,authentic,,,c1ccc(Nc2nc3ccc4ccncc4c3[nH]2)cc1,test,399.2810000000001,5.828920000000004,0.4551438910450033,27,48
subcategory_halogen-walk.remove-F_1289,CS(=O)(=O)[O-].C[N+]1(C)[C@@H]2CC(OC(=O)C(O)(c3cccs3)c3cccs3)C[C@H]1[C@H]1O[C@H]12,0,authentic,authentic,,,O=C(OC1C[C@@H]2[NH2+][C@H](C1)[C@@H]1O[C@@H]12)C(c1cccs1)c1cccs1,train,487.62100000000015,1.507100000000001,0.300694698165245,31,82
subcategory_halogen-walk.remove-F_1361,COc1ccc2ccc3c([nH]c4c5ccccc5nc(NCCCN(C)C)c34)c2c1,0,authentic,authentic,,,c1ccc2c(c1)ccc1c3cnc4ccccc4c3[nH]c21,train,398.5100000000002,5.394700000000005,0.376389657837226,30,49
subcategory_halogen-walk.remove-F_2017,Cc1cc(C)c(C=C[C@@H](O)CC(O)CC(=O)O)c(-c2ccccc2)n1,1,halogen-walk,remove-F,Cc1cc(C)c(C=C[C@@H](O)CC(O)CC(=O)O)c(-c2ccc(F)cc2)n1,0 1 2 3 4 5 6 7 8 9 10 11 12 13 14 15 16 18 19 20 21 22 23,c1ccc(-c2ccccn2)cc1,train,341.407,2.9652400000000005,0.7201401679836172,25,49
subcategory_halogen-walk.remove-F_1327,CSc1ccc(C(=O)c2ccc3n2CCCCC3C(=O)O)cc1,0,authentic,authentic,,,O=C(c1ccccc1)c1ccc2n1CCCCC2,val,329.421,3.7931000000000017,0.6846370284483839,23,37
subcategory_halogen-walk.remove-F_2283,CC(C)n1c(/C=C/C(O)CC(O)CCO)c(-c2ccccc2)c2ccccc21,1,halogen-walk,remove-F,CC(C)n1c(/C=C/C(O)CC(O)CCO)c(-c2ccc(F)cc2)c2ccccc21,0 1 2 3 4 5 6 7 8 9 10 11 12 13 14 16 17 18 19 20 21 22 23 24 25 26 27,c1ccc(-c2c[nH]c3ccccc23)cc1,train,379.5,4.396700000000004,0.5435408816840926,28,48
subcategory_halogen-walk.remove-F_552,CC(=O)Nc1nc(Cl)c2ccn(COCCO)c2n1,0,authentic,authentic,,,c1ncc2cc[nH]c2n1,train,284.703,1.0094999999999996,0.6316890219105682,19,31
subcategory_halogen-walk.remove-F_1214,CCCCCC(O)c1cccc(OCc2cccc(C(=O)O)c2)c1,0,authentic,authentic,,,c1ccc(COc2ccccc2)cc1,train,328.4080000000001,4.577500000000003,0.6613544826334029,24,37
subcategory_halogen-walk.remove-F_2160,CC(C)n1c(C=C[C@H](O)C[C@H](O)CC(=O)[O-])c(-c2ccccc2)c2ccccc21,1,halogen-walk,remove-F,CC(C)n1c(C=C[C@H](O)C[C@H](O)CC(=O)[O-])c(-c2ccc(F)cc2)c2ccccc21,0 1 2 3 4 5 6 7 8 9 10 11 12 13 14 15 17 18 19 20 21 22 23 24 25 26 27 28,c1ccc(-c2c[nH]c3ccccc23)cc1,train,392.475,3.154300000000002,0.6166361149938377,29,61
subcategory_halogen-walk.remove-F_2239,CC1(C)Oc2ccc(-c3ccccc3)cc2C(NCc2ccccc2)[C@@H]1O,1,halogen-walk,remove-F,CC1(C)Oc2ccc(-c3ccccc3)cc2C(NC(=O)c2ccc(F)cc2)[C@@H]1O,0 1 2 3 4 5 6 7 8 9 10 11 12 13 14 15 16 18 19 20 21 22 23 24 25 26,O=C(NC1CCOc2ccc(-c3ccccc3)cc21)c1ccccc1,train,359.46900000000005,4.7164000000000055,0.7083696666312856,27,47
subcategory_halogen-walk.remove-F_2389,CN(C)CCCC1(c2ccc(F)cc2)OCc2cc(-c3ccccc3)ccc21,1,halogen-walk,remove-F,CN(C)CCCC1(c2ccc(F)cc2)OCc2cc(-c3ccc(F)c(F)c3)ccc21,0 1 2 3 4 5 6 7 8 9 10 11 12 13 14 15 16 17 19 20 21 22 23 24 25 26 27,c1ccc(-c2ccc3c(c2)COC3c2ccccc2)cc1,test,375.4870000000001,5.608300000000005,0.5552967797765421,28,45
subcategory_halogen-walk.remove-F_19,Cc1ccc(COc2ccc(-c3nn(CCC#N)c(=S)o3)cc2)cc1,0,authentic,authentic,,,S=c1[nH]nc(-c2ccc(OCc3ccccc3)cc2)o1,test,351.43100000000004,4.673690000000004,0.6037112086393589,25,42
subcategory_halogen-walk.remove-F_1654,FCCc1c(OC[C@H]2CNCC[C@@H]2c2ccccc2)ccc2c1OCO2,1,halogen-walk,remove-F,FCCc1c(OC[C@H]2CNCC[C@@H]2c2ccc(F)cc2)ccc2c1OCO2,0 1 2 3 4 5 6 7 8 9 10 11 13 14 15 16 17 18 19 20 21 22 23 24 25,c1ccc([C@H]2CCNC[C@@H]2COc2ccc3c(c2)OCO3)cc1,train,357.4250000000001,3.6994000000000025,0.8557449606617794,26,45
subcategory_halogen-walk.remove-F_313,Cc1[nH]c(/C=C2\C(=O)N(CCCN(C)C)c3ccc(Cl)cc32)c(C)c1C(=O)N(C)C.Cl,0,authentic,authentic,,,O=C1Nc2ccccc2/C1=C/c1ccc[nH]1,train,465.4250000000001,4.2474400000000045,0.6494852913703902,31,64
subcategory_halogen-walk.remove-F_1413,CCC(=O)c1ccc2c(c1)sc(=O)n2CCCN1CCCCC1,0,authentic,authentic,,,O=c1sc2ccccc2n1CCCN1CCCCC1,train,332.46900000000016,3.5317000000000025,0.7600608964318504,23,37
subcategory_halogen-walk.remove-F_517,CC.CC.CCC.NCC1(CC(=O)O)CCC1,0,authentic,authentic,,,C1CCC1,test,247.42299999999994,4.058800000000002,0.7901980364343693,17,27
subcategory_halogen-walk.remove-F_1868,C=Cc1nn(-c2ccc(OC)cc2)c2c1CCN(C(C)(CC)C(N)=O)C2=O,1,halogen-walk,remove-F,CCC(C)(C(N)=O)N1CCc2c(C(F)(F)F)nn(-c3ccc(OC)cc3)c2C1=O,0 1 2,O=C1NCCc2cnn(-c3ccccc3)c21,train,368.4370000000001,2.1762,0.8460184645556991,27,49
subcategory_halogen-walk.remove-F_1422,COc1ccc2c(c1)c(CC(=O)NCCO)c(C)n2C(=O)c1ccc(Cl)cc1,0,authentic,authentic,,,O=C(c1ccccc1)n1ccc2ccccc21,train,400.8620000000001,2.951220000000001,0.6662545397932136,28,49
subcategory_halogen-walk.remove-F_778,CC.CC.CN(C)CCCC1(c2ccc(F)cc2)OCc2cc(C#N)ccc21,0,authentic,authentic,,,c1ccc(C2OCc3ccccc32)cc1,train,384.53900000000016,5.865380000000006,0.6471163076644618,28,45
subcategory_halogen-walk.remove-F_2588,CCn1nc(Cc2ccc(OC(F)(F)F)cc2)cc1C1CCN(C[C@H]2CN([C@@H](C(=O)O)C(C)(C)C)C[C@@H]2c2ccccc2)CC1,1,halogen-walk,remove-F,CCn1nc(Cc2ccc(OC(F)(F)F)cc2)cc1C1CCN(C[C@H]2CN([C@@H](C(=O)O)C(C)(C)C)C[C@@H]2c2cccc(F)c2)CC1,36 37 38 39 40 41 42,c1ccc(Cc2cc(C3CCN(C[C@H]4CNC[C@@H]4c4ccccc4)CC3)[nH]n2)cc1,train,626.7640000000002,6.786700000000007,0.267484277978888,45,90
subcategory_halogen-walk.remove-F_1906,CC(C)c1c(C=CC(O)CC(O)CC(=O)O)c(-c2ccccc2)n2ccccc12,1,halogen-walk,remove-F,CC(C)c1c(C=CC(O)CC(O)CC(=O)O)c(-c2ccc(F)cc2)n2ccccc12,0 1 2 3 4 5 6 7 8 9 10 11 12 13 14 15 17 18 19 20 21 22 23 24 25 26 27 28,c1ccc(-c2ccc3ccccn23)cc1,train,393.483,4.329500000000003,0.531984985809882,29,50
subcategory_halogen-walk.remove-F_2528,Cc1cccc(N2C(=O)C3(CCN(C(=O)Nc4ccccc4F)CC3)C2c2ccc(O)cc2)c1,1,halogen-walk,remove-F,O=C(Nc1ccccc1F)N1CCC2(CC1)C(=O)N(c1ccc(F)cc1)C2c1ccc(O)cc1,0 1 2 3 4 5 7 8 9 10 11 12 13 14 15 16 17 18 19 20 21 22 23 24 25 26 27 28 29 30 31 32,O=C(Nc1ccccc1)N1CCC2(CC1)C(=O)N(c1ccccc1)C2c1ccccc1,train,459.5210000000002,5.241920000000006,0.5262242889119698,34,58
subcategory_halogen-walk.remove-F_1285,O=C1CCc2ccc(OCCCN3CCN(c4ccccc4Cl)CC3)cc2N1,0,authentic,authentic,,,O=C1CCc2ccc(OCCCN3CCN(c4ccccc4)CC3)cc2N1,train,399.9220000000001,3.815800000000003,0.7499287777509902,28,42
subcategory_halogen-walk.remove-F_2304,CCCc1nn(-c2ccc(OC)cc2)c2c1CCN(CCCN1CCCC1)C2=O,1,halogen-walk,remove-F,COc1ccc(-n2nc(C(F)(F)F)c3c2C(=O)N(CCCN2CCCC2)CC3)cc1,0 1 2 4 5 6 7 8 9 10 11 12 13 14 15 16 17 18 19 20 21 22 23 24 25 26 27 28,O=C1c2c(cnn2-c2ccccc2)CCN1CCCN1CCCC1,val,396.5350000000003,3.3176000000000023,0.6868915698434902,29,45
subcategory_halogen-walk.remove-F_1645,COc1ccc([C@H]2[C@H](C(C)C)C(=O)N2c2ccccc2C)cc1,1,halogen-walk,remove-F,COc1ccc([C@H]2[C@H](C(C)C)C(=O)N2c2ccc(F)cc2)cc1,0 1 2 3 4 5 6 7 8 9 10 11 12 14 15 16 17 18 19 20 21 22,O=C1C[C@H](c2ccccc2)N1c1ccccc1,train,309.40900000000005,4.363720000000003,0.7851885283129223,23,46
subcategory_halogen-walk.remove-F_1708,CC(C)n1c(/C=C/[C@H](O)C[C@H](O)CC(=O)[O-])c(-c2ccccc2)c2ccccc21,1,halogen-walk,remove-F,CC(C)n1c(/C=C/[C@H](O)C[C@H](O)CC(=O)[O-])c(-c2ccc(F)cc2)c2ccccc21,0 1 2 3 4 5 6 7 8 9 10 11 12 13 14 15 17 18 19 20 21 22 23 24 25 26 27 28,c1ccc(-c2c[nH]c3ccccc23)cc1,train,392.475,3.154300000000002,0.6166361149938377,29,63
subcategory_halogen-walk.remove-F_99,CC1CC(C2=Nc3cc(Cl)ccc3Nc3ccc(F)cc32)=CCN1,0,authentic,authentic,,,C1=C(C2=Nc3ccccc3Nc3ccccc32)CCNC1,train,341.81700000000006,4.965100000000003,0.7683150615756862,24,41
subcategory_halogen-walk.remove-F_2390,CCCCN1CC[C@@H](c2ccccc2C)[C@H](COc2cc3c(cc2Br)OCO3)C1,1,halogen-walk,remove-F,CCCCN1CC[C@@H](c2ccc(F)cc2)[C@H](COc2cc3c(cc2Br)OCO3)C1,0 1 2 3 4 5 6 8 9 10 11 12 13 14 15 16 17 18 19 20 21 22 23 24 25 26 27 28,c1ccc([C@@H]2CCNC[C@H]2COc2ccc3c(c2)OCO3)cc1,train,460.4120000000002,5.770820000000007,0.5250413330114275,29,53
subcategory_halogen-walk.remove-F_523,COc1ccccc1C(=O)NCCN1CCN(C)CC1,0,authentic,authentic,,,O=C(NCCN1CCNCC1)c1ccccc1,train,277.368,0.6724000000000006,0.8591675462999245,20,29
subcategory_halogen-walk.remove-F_2453,O=C1C(CC[C@@H](O)c2ccccc2)[C@@H](c2ccc(O)cc2)N1c1ccc(F)cc1,1,halogen-walk,remove-F,O=C1C(CC[C@@H](O)c2ccc(F)cc2)[C@@H](c2ccc(O)cc2)N1c1ccc(F)cc1,0 1 2 3 4 6 7 8 9 10 11 12 13 14 15 16 17 18 19 20 21 22 23 24 25 26 27 28,O=C1C(CCCc2ccccc2)[C@@H](c2ccccc2)N1c1ccccc1,train,391.44200000000006,4.749200000000004,0.5963740096824199,29,58
subcategory_halogen-walk.remove-F_1648,CC(C)c1ccc([C@@H]2[C@@H](CCCc3ccccc3)C(=O)N2c2ccc(F)cc2)cc1,1,halogen-walk,remove-F,CC(C)c1ccc([C@@H]2[C@@H](CC[C@H](O)c3ccc(F)cc3)C(=O)N2c2ccc(F)cc2)cc1,0 1 2 3 4 5 6 7 8 9 11 12 13 14 15 16 17 18 19 20 21 22 23 24 25 26 27 28 29,O=C1[C@H](CCCc2ccccc2)[C@@H](c2ccccc2)N1c1ccccc1,train,401.52500000000003,6.676100000000006,0.40460751082622826,30,59
subcategory_halogen-walk.remove-F_750,CC#CC1(C(F)(F)F)OC(=O)Nc2ccc(Cl)cc21,0,authentic,authentic,,,O=C1Nc2ccccc2CO1,train,289.64000000000004,3.6830000000000016,0.7399164468651964,19,36
subcategory_halogen-walk.remove-F_252,O=C(Nc1ccc(O)c(F)c1)Nc1ccccc1F,0,authentic,authentic,,,O=C(Nc1ccccc1)Nc1ccccc1,train,264.231,3.3144,0.7285468198230887,19,30
subcategory_halogen-walk.remove-F_2704,O=C1C(CC[C@H](O)c2ccccc2)[C@@H](c2ccc(O)cc2)N1c1ccc(I)cc1,1,halogen-walk,remove-F,O=C1C(CC[C@H](O)c2ccc(F)cc2)[C@@H](c2ccc(O)cc2)N1c1ccc(I)cc1,5 7 8 9 10 11 12,O=C1C(CCCc2ccccc2)[C@@H](c2ccccc2)N1c1ccccc1,train,499.34800000000007,5.214700000000004,0.36162676607531435,29,57
subcategory_halogen-walk.remove-F_2844,CCCCN(CC1CCC1)[C@@H](CNC(=O)c1ccc(Cl)s1)C(=O)Nc1ccc(N2CCOCC2=O)cc1,1,halogen-walk,remove-F,O=C(NC[C@@H](C(=O)Nc1ccc(N2CCOCC2=O)cc1)N(CC1CCC1)CC(F)(F)F)c1ccc(Cl)s1,0 1 2 4 5 6 7 8 9 10 11 12 13 14 15 16 17 18 19 20 21 22 23 24 25 26 27 28 29 30 31 32 33 34 35 36,O=C(NC[C@H](NCC1CCC1)C(=O)Nc1ccc(N2CCOCC2=O)cc1)c1cccs1,test,547.1210000000002,4.404000000000003,0.41151130827995797,37,66
subcategory_halogen-walk.remove-F_1887,CN1CCN(CCNc2cc(-c3ccccc3)nc3ccccc23)CC1,1,halogen-walk,remove-F,CN1CCN(CCNc2cc(-c3ccc(F)cc3)nc3ccccc23)CC1,0 1 2 3 4 5 6 7 8 9 11 12 13 14 15 16 17 18 19 20 21 22 23 24 25,c1ccc(-c2cc(NCCN3CCNCC3)c3ccccc3n2)cc1,test,346.4780000000001,3.5611000000000024,0.7653504372410004,26,39
subcategory_halogen-walk.remove-F_2600,NC(=O)C[S@](=O)C(c1ccccc1)c1ccc(F)cc1,1,halogen-walk,remove-F,NC(=O)C[S@](=O)C(c1ccc(F)cc1)c1ccc(F)cc1,0 1 2 3 4 5 7 8 9 10 11 12 13 14 15 16 17 18 19,c1ccc(Cc2ccccc2)cc1,train,291.34700000000004,2.1491,0.917257232275895,20,37
subcategory_halogen-walk.remove-F_268,O=C(Nc1ccc(C[C@H](NC(=O)[C@@H]2C3CCC(CC3)N2S(=O)(=O)c2ccccc2)C(=O)O)cc1)c1cc(Cl)nc(Cl)c1,0,authentic,authentic,,,O=C(Nc1ccc(CCNC(=O)[C@@H]2C3CCC(CC3)N2S(=O)(=O)c2ccccc2)cc1)c1ccncc1,train,631.538,4.384500000000003,0.29729088708530155,42,88
subcategory_halogen-walk.remove-F_459,COc1ccc(CCC(=O)O[C@H](C)[C@H](NC(=O)[C@H](CC(C)C)N(C)C(=O)[C@@H]2CCCN2C(=O)[C@H](C)O)C(=O)OCc2ccccc2)cc1,0,authentic,authentic,,,O=C(CNC(=O)[C@@H]1CCCN1)N[C@@H](COC(=O)CCc1ccccc1)C(=O)OCc1ccccc1,train,667.8000000000004,3.032600000000003,0.25754457794810764,48,104
subcategory_halogen-walk.remove-F_2429,CCC(=O)c1ccc(OC[C@@H](O)C[NH2+]Cc2ccccc2)cc1,1,halogen-walk,remove-F,CCC(=O)c1ccc(OC[C@@H](O)C[NH2+]Cc2ccc(F)cc2)cc1,14 15 16 17 18 19 20,c1ccc(C[NH2+]CCCOc2ccccc2)cc1,train,314.405,1.7825999999999993,0.693635270137444,23,44
subcategory_halogen-walk.remove-F_1909,CNC(=O)CS(=O)C(c1ccc(F)cc1)c1cccc(C)c1,1,halogen-walk,remove-F,CNC(=O)CS(=O)C(c1ccc(F)cc1)c1ccc(F)cc1,0 1 2 3 4 5 6 8 9 10 11 12 13 14 15 16 17 18 19 20,c1ccc(Cc2ccccc2)cc1,train,319.40100000000007,2.7182200000000014,0.9208961372163385,22,38
subcategory_halogen-walk.remove-F_1379,CCNc1nnc(-c2ccccc2)nc1-c1ccccc1Cl,0,authentic,authentic,,,c1ccc(-c2cnnc(-c3ccccc3)n2)cc1,train,310.788,4.290800000000003,0.7806758653188999,22,33
subcategory_halogen-walk.remove-F_1661,CCC(=O)NC1CCc2cc(OC)c(OC)c(OC)c2-c2ccc(SC)c(=O)cc21,1,halogen-walk,remove-F,COc1cc2c(c(OC)c1OC)-c1ccc(SC)c(=O)cc1C(NC(=O)C(F)(F)F)CC2,0 1 3 4 5 6 7 8 9 10 11 12 13 14 15 16 17 18 19 20 21 22 23 24 25 26 27 28,O=c1cccc2c(c1)CCCc1ccccc1-2,train,429.5380000000002,3.975000000000003,0.7006004491891112,30,51
subcategory_halogen-walk.remove-F_2121,Cc1[nH]c(-c2ccccc2)cc1C(=O)NC1CCCCC1,1,halogen-walk,remove-F,Cc1[nH]c(-c2ccc(F)cc2)cc1C(=O)NC1CCCCC1,0 1 2 4 5 6 7 8 9 10 11 12 13 14 15 16 17 18 19 20,O=C(NC1CCCCC1)c1c[nH]c(-c2ccccc2)c1,train,282.387,4.052620000000003,0.8760068794478105,21,36
subcategory_halogen-walk.remove-F_2586,CN(C)CCC[C@](O)(c1ccccc1)c1ccc(C#N)cc1COC(=O)C(C)(C)C,1,halogen-walk,remove-F,CN(C)CCC[C@](O)(c1ccc(F)cc1)c1ccc(C#N)cc1COC(=O)C(C)(C)C,0 1 2 3 4 5 7 8 9 10 11 12 13 14 15 16 17 18 19 20 21 22 23 24 25 26 27 28 29,c1ccc(Cc2ccccc2)cc1,train,408.54200000000026,4.225280000000003,0.6620270374161423,30,53
subcategory_halogen-walk.remove-F_1003,COc1c(O)cc2c(c1OC)-c1ccc(OC)c(=O)cc1C(NC(C)=O)CC2,0,authentic,authentic,,,O=c1cccc2c(c1)CCCc1ccccc1-2,train,385.41600000000017,2.5686,0.8401622325413517,28,49
subcategory_halogen-walk.remove-F_1554,Cc1ccc(C2=C[C@@H](c3ccccc3)n3ncnc3N2)cc1,1,halogen-walk,remove-F,Cc1ccc(C2=C[C@@H](c3ccc(F)cc3)n3ncnc3N2)cc1,0 1 2 3 4 5 6 8 9 10 11 12 13 14 15 16 17 18 19 20 21,C1=C(c2ccccc2)Nc2ncnn2[C@@H]1c1ccccc1,train,288.354,3.642520000000001,0.7825321765934319,22,40
subcategory_halogen-walk.remove-F_274,COc1c2c(cc(O)c1-c1ccc(-c3ccccc3)cc1)OCO2,0,authentic,authentic,,,c1ccc(-c2ccc(-c3ccc4c(c3)OCO4)cc2)cc1,train,320.3440000000001,4.463500000000004,0.7736245321021423,24,40
subcategory_halogen-walk.remove-F_1628,CC[C@@H](CO)[C@](O)(Cn1cncn1)c1ccccc1,1,halogen-walk,remove-F,CC[C@@H](CO)[C@](O)(Cn1cncn1)c1ccc(F)cc1F,5 13 14 15 16 17 18,c1ccc(CCn2cncn2)cc1,train,261.325,1.1844000000000003,0.8189471734282829,19,37
subcategory_halogen-walk.remove-F_2730,CCC(=O)c1ccc(OCC(O)CNCc2ccccc2)cc1,1,halogen-walk,remove-F,CCC(=O)c1ccc(OCC(O)CNCc2ccc(F)cc2)cc1,14 15 16 17 18 19 20,c1ccc(CNCCCOc2ccccc2)cc1,train,313.397,2.8088000000000015,0.6990049147496395,23,34
subcategory_halogen-walk.remove-F_2498,Cc1cccc(C(O)(Cn2cncn2)C(C)OCC(F)(F)C(F)F)c1,1,halogen-walk,remove-F,CC(OCC(F)(F)C(F)F)C(O)(Cn1cncn1)c1ccc(F)cc1F,0 1 2 3 4 5 6 24,c1ccc(CCn2cncn2)cc1,train,361.339,2.779820000000001,0.7348304167919887,25,43
subcategory_halogen-walk.remove-F_1065,O=C1c2cccc(O)c2C(=O)N1c1ccccc1,0,authentic,authentic,,,O=C1c2ccccc2C(=O)N1c1ccccc1,train,239.23,2.1928,0.7758923269337551,18,30
subcategory_halogen-walk.remove-F_933,[2H]C([2H])([2H])c1cnc(NC(=O)C2=C(O)c3ccccc3S(=O)(=O)N2C([2H])([2H])[2H])s1,0,authentic,authentic,,,O=C(Nc1nccs1)C1=Cc2ccccc2S(=O)(=O)N1,train,357.4456106680001,1.9509200000000002,0.8556576388988816,23,75
subcategory_halogen-walk.remove-F_595,COc1cc2c(c(OC)c1O)-c1ccc(OC)c(=O)cc1C(NC(C)=O)CC2,0,authentic,authentic,,,O=c1cccc2c(c1)CCCc1ccccc1-2,train,385.41600000000017,2.5686,0.8401622325413517,28,49
subcategory_halogen-walk.remove-F_610,CCCC(=O)N1CCCC(COc2cccc(C(=O)NC3CC3)c2)C1,0,authentic,authentic,,,O=C(NC1CC1)c1cccc(OCC2CCCNC2)c1,train,344.45500000000015,2.9963000000000015,0.8271143135330703,25,41
subcategory_halogen-walk.remove-F_93,CC1(C)CCNc2cc3nc(O)cc(C(F)(F)F)c3cc21,0,authentic,authentic,,,c1cnc2cc3c(cc2c1)CCCN3,train,296.29200000000003,4.052400000000002,0.770538359031644,21,37
subcategory_halogen-walk.remove-F_2480,CCN(CC)CCc1cc2c(c(-c3ccccc3)c1C#N)COC2,1,halogen-walk,remove-F,CCN(CC)CCc1cc2c(c(-c3ccc(F)cc3)c1C#N)COC2,0 1 2 3 4 5 6 7 8 9 10 12 13 14 15 16 17 18 19 20 21 22 23,c1ccc(-c2cccc3c2COC3)cc1,train,320.43600000000015,4.139780000000004,0.8023640541048228,24,38
subcategory_halogen-walk.remove-F_1548,FC(F)(F)Oc1ccccc1OC(CC1CNC1)c1ccccc1,1,halogen-walk,remove-F,Fc1ccc(C(CC2CNC2)Oc2ccccc2OC(F)(F)F)cc1F,12 18 19 20 21 22 23,c1ccc(OC(CC2CNC2)c2ccccc2)cc1,train,337.34100000000007,4.314800000000003,0.8517208543234653,24,36
subcategory_halogen-walk.remove-F_626,CN(Cc1ccc(CNc2ccnc3cc(Cl)ccc23)cc1)Cc1ccccn1,0,authentic,authentic,,,c1ccc(CNCc2ccc(CNc3ccnc4ccccc34)cc2)nc1,train,402.92900000000014,5.527300000000005,0.44109333943584084,29,44
subcategory_halogen-walk.remove-F_1205,O=C(O)COCC[N+]1([O-])CCN([C@H](c2ccccc2)c2ccc(Cl)cc2)CC1,0,authentic,authentic,,,c1ccc(C(c2ccccc2)N2CC[NH2+]CC2)cc1,train,404.8940000000001,3.160800000000002,0.4153800285023672,28,56
subcategory_halogen-walk.remove-F_2681,CC(C)c1c(/C=C/C(O)CC(O)CC(=O)O)c(-c2ccccc2)nn2cccc12,1,halogen-walk,remove-F,CC(C)c1c(/C=C/C(O)CC(O)CC(=O)O)c(-c2ccc(F)cc2F)nn2cccc12,0 1 2 3 4 5 6 7 8 9 10 11 12 13 14 15 17 18 19 20 21 22 23 24 25 26 27 28,c1ccc(-c2ccc3cccn3n2)cc1,train,394.471,3.7245000000000017,0.5411606170575551,29,52
subcategory_halogen-walk.remove-F_1242,COc1ccc2c(c1)c(C(C)N(O)C(N)=O)c(C)n2C(=O)c1ccc(Cl)cc1,0,authentic,authentic,,,O=C(c1ccccc1)n1ccc2ccccc21,train,401.85000000000014,4.131120000000002,0.506877829124561,28,53
subcategory_halogen-walk.remove-F_210,COc1ccc(-c2cc3nc(N4CCCCC4)c4ccccc4c3nn2)cc1,0,authentic,authentic,,,c1ccc(-c2cc3nc(N4CCCCC4)c4ccccc4c3nn2)cc1,train,370.45599999999996,4.843900000000004,0.48289896658049297,28,43
subcategory_halogen-walk.remove-F_264,COc1ccc(-n2nc(C(N)=O)c3c2C(=O)N(c2ccc(C(=N)N(C)C)cc2)CC32CC2)c(F)c1,0,authentic,authentic,,,O=C1c2c(cnn2-c2ccccc2)C2(CC2)CN1c1ccccc1,train,476.5120000000002,2.697870000000001,0.4337566923398422,35,67
subcategory_halogen-walk.remove-F_639,CCCCCC(=O)O[C@H]1C=C[C@@]23CCN(C)Cc4ccc(OC)c(c42)O[C@H]3C1,0,authentic,authentic,,,C1=C[C@@]23CCNCc4cccc(c42)O[C@H]3CC1,train,385.50400000000013,3.981500000000003,0.4210866596864952,28,58
subcategory_halogen-walk.remove-F_1409,Cc1[nH]c2ccccc2c1C(=O)C(=O)NC1CC(=O)N(c2ccc(F)cc2)C1,0,authentic,authentic,,,O=C(NC1CC(=O)N(c2ccccc2)C1)C(=O)c1c[nH]c2ccccc12,train,379.3910000000001,2.7198200000000003,0.5401722158112782,28,52
subcategory_halogen-walk.remove-F_2523,Cc1cccc(C(O)CCC2C(=O)N(c3ccc(F)cc3)C2c2cccc(C#N)c2)c1,1,halogen-walk,remove-F,N#Cc1cccc(C2C(CCC(O)c3ccc(F)cc3)C(=O)N2c2ccc(F)cc2)c1,0 1 2 3 4 5 7 8 9 10 11 12 13 14 15 16 17 18 19 20 21 22 23 24 25 26 27 28 29,O=C1C(CCCc2ccccc2)C(c2ccccc2)N1c1ccccc1,train,414.48000000000013,5.223700000000005,0.5623541047998034,31,53
subcategory_halogen-walk.remove-F_509,N=C(N)NCCC[C@H](NCc1ccc2ccccc2c1)C(N)=O,0,authentic,authentic,,,c1ccc2ccccc2c1,train,313.4050000000001,1.0465699999999996,0.2842887486657682,23,39
subcategory_halogen-walk.remove-F_8,CCN(C)C(=O)N1CCC(CN2CCC(c3noc4cc(F)ccc34)CC2)CC1,0,authentic,authentic,,,c1ccc2c(C3CCN(CC4CCNCC4)CC3)noc2c1,train,402.5140000000002,3.9300000000000033,0.777615210843379,29,48
subcategory_halogen-walk.remove-F_36,COc1cc(N)c(Cl)cc1C(=O)NC1CCCN2CCCCC12,0,authentic,authentic,,,O=C(NC1CCCN2CCCCC12)c1ccccc1,train,337.85100000000017,2.677500000000001,0.832077981240503,23,37
subcategory_halogen-walk.remove-F_2388,COc1ccc(C[C@@H]2[C@H](OC(=O)NCc3ccccc3)[C@@H](O)CN2C(=O)c2cc(C(F)(F)F)cc(C(F)(F)F)c2)cc1,1,halogen-walk,remove-F,COc1ccc(C[C@@H]2[C@H](OC(=O)NCc3ccc(F)cc3)[C@@H](O)CN2C(=O)c2cc(C(F)(F)F)cc(C(F)(F)F)c2)cc1,0 1 2 3 4 5 6 7 8 9 10 11 12 14 15 16 17 18 19 20 21 22 23 24 25 26 27 28 29 30 31 32 33 34 35 36 37 38 39 40 41,O=C(NCc1ccccc1)O[C@@H]1CCN(C(=O)c2ccccc2)[C@@H]1Cc1ccccc1,val,596.5240000000003,5.455800000000005,0.3542869439156915,42,88
subcategory_halogen-walk.remove-F_1087,C=CC(=O)N1CCC(c2ccc(C(N)=O)c3[nH]c(C)c(C)c23)C1,0,authentic,authentic,,,c1cc(C2CCNC2)c2cc[nH]c2c1,test,311.3850000000001,2.3855400000000007,0.8536027243423523,23,47
subcategory_halogen-walk.remove-F_659,CCCN1CCCC2c3c(O)cccc3CCC21,0,authentic,authentic,,,c1ccc2c(c1)CCC1NCCCC21,train,245.36599999999999,3.296400000000002,0.8638991437059844,18,26
subcategory_halogen-walk.remove-F_28,NC(Cc1ccccc1)Cc1ccccc1,0,authentic,authentic,,,c1ccc(CCCc2ccccc2)cc1,train,211.30799999999996,2.799100000000001,0.8264961194182209,16,22
subcategory_halogen-walk.remove-F_764,Cc1[nH]c2c(c1C(=O)N1CCC(N3CCCCC3)CC1)CCC/C2=C1/C(=O)Nc2ccc(F)cc21,0,authentic,authentic,,,O=C1Nc2ccccc2/C1=C1\CCCc2c(C(=O)N3CCC(N4CCCCC4)CC3)c[nH]c21,test,476.5960000000003,4.751920000000004,0.6148501482927397,35,65
subcategory_halogen-walk.remove-F_2765,COc1cc(N2CCCCC2=O)ccc1N1CCc2c(C(N)=O)nn(-c3ccccc3)c2C1=O,1,halogen-walk,remove-F,COc1cc(N2CCCCC2=O)ccc1N1CCc2c(C(N)=O)nn(-c3ccc(F)c(F)c3)c2C1=O,0 1 2 3 4 5 6 7 8 9 10 11 12 13 14 15 16 17 18 19 20 21 22 23 25 26 27 28 29 30 31 32 33,O=C1CCCCN1c1ccc(N2CCc3cnn(-c4ccccc4)c3C2=O)cc1,train,459.5060000000002,2.6996,0.6307445123645382,34,56
subcategory_halogen-walk.remove-F_1093,CCN(CC)CCOc1ccc(Cc2c(-c3ccc(OC)cc3)oc3cc(C=O)ccc23)cc1,0,authentic,authentic,,,c1ccc(Cc2c(-c3ccccc3)oc3ccccc23)cc1,train,457.57000000000016,6.232300000000007,0.2498738665473887,34,54
subcategory_halogen-walk.remove-F_1828,COc1ccc(C2C(CCC(O)c3ccc(O)cc3)C(=O)N2c2ccccc2C)cc1,1,halogen-walk,remove-F,COc1ccc(C2C(CCC(O)c3ccc(O)cc3)C(=O)N2c2ccc(F)cc2)cc1,0 1 2 3 4 5 6 7 8 9 10 11 12 13 14 15 16 17 18 19 20 22 23 24 25 26 27 28 29 30,O=C1C(CCCc2ccccc2)C(c2ccccc2)N1c1ccccc1,train,417.50500000000017,4.927120000000004,0.535134736480957,31,50
subcategory_halogen-walk.remove-F_1817,O=C(C[S@](=O)C(c1ccccc1)c1ccc(F)cc1)NO,1,halogen-walk,remove-F,O=C(C[S@](=O)C(c1ccc(F)cc1)c1ccc(F)cc1)NO,5 6 7 8 9 10 11,c1ccc(Cc2ccccc2)cc1,train,307.346,2.1692,0.6569978833603607,21,38
subcategory_halogen-walk.remove-F_785,Cc1c(-c2ccc(OCC(O)CNC(C)(C)C)cc2)oc2ccccc2c1=O,0,authentic,authentic,,,O=c1cc(-c2ccccc2)oc2ccccc12,val,381.4720000000001,3.8962200000000022,0.6776353647642505,28,46
subcategory_halogen-walk.remove-F_2200,NC(=O)CN1CC[C@H](c2ccccc2)[C@@H](COc2ccc3c(c2)OCO3)C1,1,halogen-walk,remove-F,NC(=O)CN1CC[C@H](c2ccc(F)cc2)[C@@H](COc2ccc3c(c2)OCO3)C1,0 1 2 3 4 5 6 8 9 10 11 12 13 14 15 16 17 18 19 20 21 22 23 24 25 26,c1ccc([C@H]2CCNC[C@@H]2COc2ccc3c(c2)OCO3)cc1,train,368.43300000000016,2.3851000000000004,0.847442112653337,27,53
subcategory_halogen-walk.remove-F_878,O=C(Cc1ccccc1)N1CCN(c2cccc(Cl)c2)CC1,0,authentic,authentic,,,O=C(Cc1ccccc1)N1CCN(c2ccccc2)CC1,val,314.81600000000003,3.231300000000002,0.8681388666443449,22,36
subcategory_halogen-walk.remove-F_2279,CN(Cc1ccccc1F)CC(O)(Cn1cncn1)c1ccccc1,1,halogen-walk,remove-F,CN(Cc1ccccc1F)CC(O)(Cn1cncn1)c1ccc(F)cc1F,0 1 2 3 4 5 6 7 8 9 10 12 13 14 15 16 17 18 19 20 21 22 23,c1ccc(CNCC(Cn2cncn2)c2ccccc2)cc1,train,340.402,2.4370000000000003,0.7177160675186284,25,37
subcategory_halogen-walk.remove-F_2521,Cc1ccccc1C1CCN(C(=O)OC(C)(C)C)C(COc2ccc3c(c2)OCO3)C1,1,halogen-walk,remove-F,CC(C)(C)OC(=O)N1CCC(c2ccc(F)cc2)CC1COc1ccc2c(c1)OCO2,0 1 2 3 4 5 6 8 9 10 11 12 13 14 15 16 17 18 19 20 21 22 23 24 25 26 27 28 29,c1ccc(C2CCNC(COc3ccc4c(c3)OCO4)C2)cc1,train,425.52500000000026,5.2858200000000055,0.6665346641717513,31,52
subcategory_halogen-walk.remove-F_888,NC(=O)c1ccccc1.NS(=O)(=O)c1cc(C(=O)O)c(NCc2ccco2)cc1Cl,0,authentic,authentic,,,c1ccc(NCc2ccco2)cc1.c1ccccc1,val,451.88800000000015,2.6762000000000006,0.44653547057340215,30,54
subcategory_halogen-walk.remove-F_265,O=C(N[C@H](CNC(=O)c1ccc(Cl)s1)C(=O)N(c1ccc(N2CCOCC2=O)cc1)C(F)(F)F)OCC(F)F,0,authentic,authentic,,,O=C(CCNC(=O)c1cccs1)Nc1ccc(N2CCOCC2=O)cc1,train,598.9340000000004,3.4074000000000026,0.33757840781818266,39,74
subcategory_halogen-walk.remove-F_2152,CSc1nnc(-c2ccccc2)n1C,1,halogen-walk,remove-F,CSc1nnc(-c2ccc(F)cc2)n1C,5 6 7 8 9 10 11,c1ccc(-c2nnc[nH]2)cc1,test,205.28600000000003,2.2039999999999997,0.7041444996026079,14,21
subcategory_halogen-walk.remove-F_1002,COc1cnc(CSc2nc3ccc(OC(F)(F)C(F)F)cc3[nH]2)c(C)c1OC,0,authentic,authentic,,,c1ccc(CSc2nc3ccccc3[nH]2)nc1,train,431.4110000000001,4.812520000000003,0.4077495010984676,29,50
subcategory_halogen-walk.remove-F_324,Nc1c(F)c(N2CCC(N)C2)c(F)c2c1c(=O)c(C(=O)O)cn2C1CC1,0,authentic,authentic,,,O=c1ccn(C2CC2)c2cc(N3CCCC3)ccc12,train,364.3520000000001,1.4324000000000001,0.7100952380870134,26,50
subcategory_halogen-walk.remove-F_1180,O=C(COCCN1CCN(C(c2ccccc2)c2ccc(Cl)cc2)CC1)N1CCC1,0,authentic,authentic,,,O=C(COCCN1CCN(C(c2ccccc2)c2ccccc2)CC1)N1CCC1,val,427.9760000000003,3.2959000000000023,0.6055008386424425,30,48
subcategory_halogen-walk.remove-F_2261,CCc1ccc2c(NC(C)CCCN(CC)CC)ccnc2c1,1,halogen-walk,remove-F,CCN(CC)CCCC(C)Nc1ccnc2cc(C(F)(F)F)ccc12,0 1 3 4 5 6 7 8 9 10 11 12 13 14 15 16 17 18 19 20 21,c1ccc2ncccc2c1,train,313.4889999999999,4.719600000000004,0.7258124822219316,23,33
subcategory_halogen-walk.remove-F_2571,CCCC1CC(=O)N(C(CC)C(N)=O)C1,1,halogen-walk,remove-F,CCC(C(N)=O)N1CC(C(F)(F)F)CC1=O,0 1 2 4 5 6 7 8 9 10 11 12 13,O=C1CCCN1,train,212.29299999999995,0.8988999999999999,0.7355284136638995,15,27
subcategory_halogen-walk.remove-F_560,NC1=NC(=O)c2c1c1c3ccccc3n3c1c1c2c2ccccc2n1CSC3,0,authentic,authentic,,,O=C1N=Cc2c1c1c3ccccc3n3c1c1c2c2ccccc2n1CSC3,test,382.4480000000001,4.423300000000002,0.4310346121524314,28,46
subcategory_halogen-walk.remove-F_2834,Cc1nc(-c2sc(-c3ccc(Cl)cc3)nc2C)sc1C(=O)N[C@H](C)[C@](O)(Cn1cncn1)c1ccccc1,1,halogen-walk,remove-F,Cc1nc(-c2sc(-c3ccc(Cl)cc3)nc2C)sc1C(=O)N[C@H](C)[C@](O)(Cn1cncn1)c1ccc(F)cc1F,24 32 33 34 35 36 37,O=C(NCC(Cn1cncn1)c1ccccc1)c1cnc(-c2cnc(-c3ccccc3)s2)s1,train,565.1240000000003,5.501640000000007,0.2576270512799892,38,73
subcategory_halogen-walk.remove-F_9,NS(=O)(=O)c1cc(C(=O)OCOC=O)c(NCc2ccco2)cc1Cl,0,authentic,authentic,,,c1ccc(NCc2ccco2)cc1,train,388.7850000000001,1.4798,0.29989012665395587,25,44
subcategory_halogen-walk.remove-F_1435,CCn1sc(=O)n(Cc2ccccc2)c1=S,0,authentic,authentic,,,O=c1s[nH]c(=S)n1Cc1ccccc1,train,252.364,2.5089900000000007,0.7848051441930217,16,26
subcategory_halogen-walk.remove-F_641,CCCCN(CCC(=O)N[C@@H](C)c1ccccc1)C(=O)c1cnccn1,0,authentic,authentic,,,O=C(CCNC(=O)c1cnccn1)NCc1ccccc1,train,354.4540000000001,2.9864000000000015,0.7510560923255654,26,45
subcategory_halogen-walk.remove-F_362,CCCCCCc1ccc(O)c(C(=O)NCc2ccc(Cl)cc2)c1,0,authentic,authentic,,,O=C(NCc1ccccc1)c1ccccc1,train,345.87,5.098400000000005,0.6538622461471367,24,38
subcategory_halogen-walk.remove-F_2599,C[C@H](n1cnnn1)[C@](O)(Cn1cncn1)c1ccccc1,1,halogen-walk,remove-F,C[C@H](n1cnnn1)[C@](O)(Cn1cncn1)c1ccc(F)cc1F,7 15 16 17 18 19 20,c1ccc(C(Cn2cncn2)Cn2cnnn2)cc1,val,285.31100000000004,0.4135999999999991,0.7294796021764989,21,40
subcategory_halogen-walk.remove-F_998,COc1cccc(C(=O)c2c(C)nn(C)c2N)c1Cl,0,authentic,authentic,,,O=C(c1ccccc1)c1cn[nH]c1,train,279.727,2.20372,0.8746481800853092,19,33
subcategory_halogen-walk.remove-F_165,COc1cc(N)c(Cl)cc1C(=O)NC1CN2CCCCN2C1,0,authentic,authentic,,,O=C(NC1CN2CCCCN2C1)c1ccccc1,train,324.8120000000002,1.3556,0.8214527748902846,22,36
subcategory_halogen-walk.remove-F_369,CCC1OC(=O)C(C)C(OC2CC(C)(OC)C(O)C(C)O2)C(C)C(OC2OC(C)CC(N(C)C)C2O)C(C)(O)CC(C)CNCC1(C)O,0,authentic,authentic,,,O=C1CC(OC2CCCCO2)CC(OC2CCCCO2)CCCCNCCCO1,train,690.916,1.8091000000000048,0.2457085278327008,48,87
subcategory_halogen-walk.remove-F_2334,O=C(c1ccc(F)cc1)C(O)(Cn1cnnc1)c1ccccc1,1,halogen-walk,remove-F,O=C(c1ccc(F)cc1)C(O)(Cn1cnnc1)c1ccc(F)cc1,9 17 18 19 20 21 22,O=C(c1ccccc1)C(Cn1cnnc1)c1ccccc1,train,311.31600000000003,2.1879,0.7334570037649073,23,38
subcategory_halogen-walk.remove-F_293,CC(C)n1c(CCC(CC=CC(=O)O)OC=O)c(-c2ccc(F)cc2)c2ccccc21,0,authentic,authentic,,,c1ccc(-c2c[nH]c3ccccc23)cc1,train,423.4840000000001,5.533400000000005,0.34369574034867645,31,53
subcategory_halogen-walk.remove-F_2295,CCc1cccc(OC(c2ccccc2)C2CCNCC2)c1,1,halogen-walk,remove-F,FC(F)(F)c1cccc(OC(c2ccccc2)C2CCNCC2)c1,0 1 3 4 5 6 7 8 9 10 11 12 13 14 15 16 17 18 19 20,c1ccc(OC(c2ccccc2)C2CCNCC2)cc1,train,295.42600000000004,4.368700000000003,0.8841702383248299,22,32
subcategory_halogen-walk.remove-F_1166,COc1cc(N)c(Cl)cc1C(=O)NCC1CCC(C)N1Cc1ccccc1,0,authentic,authentic,,,O=C(NCC1CCCN1Cc1ccccc1)c1ccccc1,train,387.9110000000001,3.713700000000003,0.7411905688176355,27,43
subcategory_halogen-walk.remove-F_1391,COc1ccc2c(c1)c(CC(=O)Nc1cccc(F)c1C)c(C)n2C(=O)c1ccc(Cl)cc1,0,authentic,authentic,,,O=C(Cc1cn(C(=O)c2ccccc2)c2ccccc12)Nc1ccccc1,train,464.9240000000002,5.928940000000004,0.3979918746158606,33,58
subcategory_halogen-walk.remove-F_2818,CC(C)c1c(/C=C/C(O)CC(O)CC(=O)O)c(-c2ccccc2)n2ccc3ccccc3c12,1,halogen-walk,remove-F,CC(C)c1c(/C=C/C(O)CC(O)CC(=O)O)c(-c2ccc(F)cc2)n2ccc3ccccc3c12,16 17 18 19 20 21 22,c1ccc(-c2ccc3c4ccccc4ccn23)cc1,train,443.54300000000006,5.482700000000004,0.3366378574522482,33,58
subcategory_halogen-walk.remove-F_410,c1cc2c(c(N3CCN(CC4CCCCC4)CC3)c1)OCCO2,0,authentic,authentic,,,c1cc2c(c(N3CCN(CC4CCCCC4)CC3)c1)OCCO2,train,316.44500000000005,3.1601000000000017,0.855051268564984,23,37
subcategory_halogen-walk.remove-F_1921,Cc1cccc(N2C(=O)[C@H](CCCO)[C@H]2c2ccc(OCc3ccccc3)cc2)c1,1,halogen-walk,remove-F,O=C1[C@H](CCCO)[C@@H](c2ccc(OCc3ccccc3)cc2)N1c1ccc(F)cc1,0 1 2 3 4 5 7 8 9 10 11 12 13 14 15 16 17 18 19 20 21 22 23 24 25 26 27 28,O=C1C[C@@H](c2ccc(OCc3ccccc3)cc2)N1c1ccccc1,train,401.5060000000001,5.050620000000005,0.5374764778246596,30,55
subcategory_halogen-walk.remove-F_308,CCCCCC(=O)N1C(=O)OC(C#CC2CC2)(C(F)(F)F)c2cc(Cl)ccc21,0,authentic,authentic,,,O=C1Nc2ccccc2C(C#CC2CC2)O1,train,413.82300000000004,5.574500000000004,0.4782546435568186,28,52
subcategory_halogen-walk.remove-F_2633,CN(CCCC1(c2ccccc2)OCc2cc(C#N)ccc21)C1=NC(C)(C)CC1,1,halogen-walk,remove-F,CN(CCCC1(c2ccc(F)cc2)OCc2cc(C#N)ccc21)C1=NC(C)(C)CC1,0 1 2 3 4 6 7 8 9 10 11 12 13 14 15 16 17 18 19 20 21 22 23 24 25 26 27 28,c1ccc(C2(CCCNC3=NCCC3)OCc3ccccc32)cc1,test,387.5270000000002,5.014980000000005,0.7240655725634596,29,49
subcategory_halogen-walk.remove-F_2403,OC1(c2nc(-c3ccccc3)c(-c3ccncc3)[nH]2)CCCC1,1,halogen-walk,remove-F,OC1(c2nc(-c3ccc(F)cc3)c(-c3ccncc3)[nH]2)CCCC1,4 5 6 7 8 9 10,c1ccc(-c2nc(C3CCCC3)[nH]c2-c2ccncc2)cc1,train,305.3810000000002,3.9003000000000014,0.7711611999641027,23,42
subcategory_halogen-walk.remove-F_1673,Cc1ccccc1C=C1CCCCCC1(O)Cn1cncn1,1,halogen-walk,remove-F,OC1(Cn2cncn2)CCCCCC1=Cc1ccc(F)cc1,0 1 2 3 4 5 6 8 9 10 11 12 13 14 15 16 17 18 19 20 21,C(=C1CCCCCC1Cn1cncn1)c1ccccc1,train,297.40199999999993,3.3653200000000014,0.883769654545824,22,31
subcategory_halogen-walk.remove-F_1085,CN1CCC(c2cccc(C(F)(F)F)c2)C(COc2ccc3c(c2)OCO3)C1,0,authentic,authentic,,,c1ccc(C2CCNCC2COc2ccc3c(c2)OCO3)cc1,train,393.40500000000014,4.5484000000000036,0.7627788694277541,28,48
subcategory_halogen-walk.remove-F_1907,O=C1[C@H]([C@H](O)CCOc2ccccc2)[C@@H](c2ccc(O)cc2)N1c1ccc(F)cc1,1,halogen-walk,remove-F,O=C1[C@H]([C@H](O)CCOc2ccc(F)cc2)[C@@H](c2ccc(O)cc2)N1c1ccc(F)cc1,0 1 2 3 4 5 6 8 9 10 11 12 13 14 15 16 17 18 19 20 21 22 23 24 25 26 27 28 29,O=C1[C@H](CCCOc2ccccc2)[C@@H](c2ccccc2)N1c1ccccc1,test,407.4410000000001,4.065400000000003,0.5796426261028518,30,62
subcategory_halogen-walk.remove-F_2044,CCN1CC[C@H](c2ccccc2)[C@@H](COc2ccc3c(c2)OCO3)C1,1,halogen-walk,remove-F,CCN1CC[C@H](c2ccc(F)cc2)[C@@H](COc2ccc3c(c2)OCO3)C1,0 1 2 3 4 6 7 8 9 10 11 12 13 14 15 16 17 18 19 20 21 22 23 24,c1ccc([C@H]2CCNC[C@@H]2COc2ccc3c(c2)OCO3)cc1,train,339.4350000000001,3.9197000000000033,0.8260661170242233,25,48
subcategory_halogen-walk.remove-F_1024,CS(=O)(=O)c1ccc(C2=C(C#Cc3ccccc3)C(=O)CC2)cc1,0,authentic,authentic,,,O=C1CCC(c2ccccc2)=C1C#Cc1ccccc1,val,336.41200000000015,3.258300000000002,0.7911256837111942,24,45
subcategory_halogen-walk.remove-F_398,Cc1nc([N+](=O)[O-])cn1Sc1ncnc2nc[nH]c12,0,authentic,authentic,,,c1cn(Sc2ncnc3nc[nH]c23)cn1,train,277.269,1.3214199999999996,0.435701137553545,19,39
subcategory_halogen-walk.remove-F_967,CNC1CCc2cc(OC)c(OC)c(OC)c2-c2ccc(NC3CCCCNC3=O)c(=O)cc21,0,authentic,authentic,,,O=C1NCCCCC1Nc1ccc2c(cc1=O)CCCc1ccccc1-2,test,467.56600000000026,3.0269000000000004,0.6007813069744935,34,55
subcategory_halogen-walk.remove-F_145,CNC(COc1ccc2c(c1)OCO2)c1ccccc1F,0,authentic,authentic,,,c1ccc(CCOc2ccc3c(c2)OCO3)cc1,train,289.306,2.8939000000000012,0.9184653849613279,21,31
subcategory_halogen-walk.remove-F_1271,COc1ccc(Cl)cc1C(=O)NC1[C@H](C)[C@H]1c1ccc(S(N)(=O)=O)cc1,0,authentic,authentic,,,O=C(NC1C[C@H]1c1ccccc1)c1ccccc1,val,394.8800000000001,2.5279000000000007,0.813492416163585,26,56
subcategory_halogen-walk.remove-F_1188,CC(C)n1c(/C=C/[C@@H](O)C[C@@H](O)CC(=O)O)c(-c2ccc(F)cc2)c2ccc(O)cc21,0,authentic,authentic,,,c1ccc(-c2c[nH]c3ccccc23)cc1,train,427.47200000000004,4.333700000000004,0.4284282747763287,31,68
subcategory_halogen-walk.remove-F_2707,c1ccc([C@@H]2CCN(CCCN3CCSCC3)C[C@H]2COc2ccc3c(c2)OCO3)cc1,1,halogen-walk,remove-F,Fc1ccc([C@@H]2CCN(CCCN3CCSCC3)C[C@H]2COc2ccc3c(c2)OCO3)cc1,0 1 2 3 5 6 7 8 9 10 11 12 13 14 15 16 17 18 19 20 21 22 23 24 25 26 27 28 29 30,c1ccc([C@@H]2CCN(CCCN3CCSCC3)C[C@H]2COc2ccc3c(c2)OCO3)cc1,train,454.63600000000025,4.338700000000004,0.5904016829503945,32,57
subcategory_halogen-walk.remove-F_1972,COc1cccc(CC2(O)CCC(Cc3ccccc3C)CC2CN(C)C)c1,1,halogen-walk,remove-F,COc1cccc(CC2(O)CCC(Cc3ccc(F)cc3)CC2CN(C)C)c1,0 1 2 3 4 5 6 7 8 9 10 11 12 14 15 16 17 18 19 20 21 22 23 24 25 26 27,c1ccc(CC2CCC(Cc3ccccc3)CC2)cc1,train,381.5600000000002,4.4978200000000035,0.7665257937992723,28,42
subcategory_halogen-walk.remove-F_963,Cc1ccc(N)cc1N1C(=O)c2ccccc2C1=O,0,authentic,authentic,,,O=C1c2ccccc2C(=O)N1c1ccccc1,train,252.27300000000002,2.3778200000000007,0.625698014222854,19,31
subcategory_halogen-walk.remove-F_241,CN(C)CCC[C@@]1(c2ccc(F)cc2)OC(O)c2cc(C#N)ccc21,0,authentic,authentic,,,c1ccc(C2OCc3ccccc32)cc1,train,340.3980000000001,3.303880000000002,0.907236738139155,25,46
subcategory_halogen-walk.remove-F_2535,O=C1[C@@H]([C@H](O)COc2ccc(F)cc2)[C@@H](c2ccc(O)cc2)N1c1ccccc1,1,halogen-walk,remove-F,O=C1[C@@H]([C@H](O)COc2ccc(F)cc2)[C@@H](c2ccc(O)cc2)N1c1ccc(F)cc1,22 23 24 25 26 27 28,O=C1[C@@H](CCOc2ccccc2)[C@@H](c2ccccc2)N1c1ccccc1,train,393.4140000000001,3.6753000000000027,0.6271632077666168,29,62
subcategory_halogen-walk.remove-F_602,N#Cc1cc(Cn2cncn2)cc(-c2ccc(F)cc2)c1,0,authentic,authentic,,,c1ccc(-c2cccc(Cn3cncn3)c2)cc1,train,278.29,3.0041800000000016,0.7396805581495391,21,35
subcategory_halogen-walk.remove-F_1199,COc1ccccc1CN1CCn2nc(C(=O)NCc3ccc(F)cc3)cc2C1=O,0,authentic,authentic,,,O=C(NCc1ccccc1)c1cc2n(n1)CCN(Cc1ccccc1)C2=O,train,408.4330000000001,2.6168000000000005,0.6803790756304318,30,46
subcategory_halogen-walk.remove-F_533,CC(C)OCC1OC(n2ccc(N)nc2=O)CS1,0,authentic,authentic,,,O=c1ncccn1C1CSCO1,val,271.342,0.8386000000000003,0.8738203764415672,18,29
subcategory_halogen-walk.remove-F_761,COc1ccc2c(c1)c(CC(=O)NC(CC(=O)O)Cc1cccc3ccccc13)c(C)n2C(=O)c1ccc(Cl)cc1,0,authentic,authentic,,,O=C(Cc1cn(C(=O)c2ccccc2)c2ccccc12)NCCc1cccc2ccccc12,val,569.0570000000002,6.198120000000006,0.2206217870106374,41,71
subcategory_halogen-walk.remove-F_1482,O=C1[C@@H](c2ccc(O)cc2)[C@@H](c2ccc(F)cc2)N1CC[C@H](O)c1ccccc1,1,halogen-walk,remove-F,O=C1[C@@H](c2ccc(O)cc2)[C@@H](c2ccc(F)cc2)N1CC[C@H](O)c1ccc(F)cc1,21 23 24 25 26 27 28,O=C1[C@@H](c2ccccc2)[C@@H](c2ccccc2)N1CCCc1ccccc1,train,391.4420000000001,4.322100000000003,0.6153732882160375,29,62
subcategory_halogen-walk.remove-F_861,CCc1ccccc1-c1n[nH]c(-c2cccc(OC)c2OC)n1,0,authentic,authentic,,,c1ccc(-c2n[nH]c(-c3ccccc3)n2)cc1,train,309.369,3.718300000000003,0.7800912691903417,23,38
subcategory_halogen-walk.remove-F_1796,COc1ccc2c(c1)c(CC(=O)Nc1ccccc1C)c(C)n2C(=O)c1ccc(Cl)cc1F,1,halogen-walk,remove-F,COc1ccc2c(c1)c(CC(=O)Nc1ccc(F)cc1)c(C)n2C(=O)c1ccc(Cl)cc1F,12 13 14 15 16 17 18 19,O=C(Cc1cn(C(=O)c2ccccc2)c2ccccc12)Nc1ccccc1,train,464.9240000000002,5.928940000000003,0.39799187461586066,33,56
subcategory_halogen-walk.remove-F_2754,CN(CCC1(c2ccccc2)OCc2cc(C#N)ccc21)CC(=O)O,1,halogen-walk,remove-F,CN(CCC1(c2ccc(F)cc2)OCc2cc(C#N)ccc21)CC(=O)O,4 5 6 7 8 9 10,c1ccc(C2OCc3ccccc32)cc1,train,336.3910000000001,2.7385800000000007,0.8778887004342869,25,41
subcategory_halogen-walk.remove-F_2653,Cc1ccccc1CN=c1c(O)c(O)/c1=N\C(C)(C)C,1,halogen-walk,remove-F,CC(C)(C)/N=c1\c(O)c(O)\c1=N/Cc1ccc(F)cc1F,0 1 2 3 4 5 6 7 8,N=c1cc/c1=N\Cc1ccccc1,train,272.348,2.08192,0.8787586482197483,20,36
subcategory_halogen-walk.remove-F_2379,O=C([O-])CC(O)C[C@H](O)/C=C/c1c(C2CC2)nc2ccccc2c1-c1ccccc1,1,halogen-walk,remove-F,O=C([O-])CC(O)C[C@H](O)/C=C/c1c(C2CC2)nc2ccccc2c1-c1ccc(F)cc1,0 1 2 3 4 5 6 7 8 9 10 11 12 13 14 15 16 17 18 19 20 21 22 24 25 26 27 28,c1ccc(-c2cc(C3CC3)nc3ccccc23)cc1,train,402.4700000000001,3.0443000000000007,0.6040559295310497,30,58
subcategory_halogen-walk.remove-F_2757,Cc1ccccc1[S+]([O-])C[C@H](NS(C)(=O)=O)C(=O)N[C@@H](Cc1ccccc1)[C@H](O)Cc1ccccc1C(=O)NC(C)(C)C,1,halogen-walk,remove-F,CC(C)(C)NC(=O)c1ccccc1C[C@@H](O)[C@H](Cc1ccccc1)NC(=O)[C@H](C[S+]([O-])c1ccc(F)cc1)NS(C)(=O)=O,0 1 2 3 4 5 6 7,O=C(CC[SH+]c1ccccc1)N[C@H](CCc1ccccc1)Cc1ccccc1,test,627.8290000000001,2.8798200000000014,0.21441535240551152,43,92
subcategory_halogen-walk.remove-F_1722,C[C@@H](N1CCCCC1)[C@](O)(Cn1cncn1)c1ccccc1,1,halogen-walk,remove-F,C[C@@H](N1CCCCC1)[C@](O)(Cn1cncn1)c1ccc(F)cc1F,8 16 17 18 19 20 21,c1ccc(C(CN2CCCCC2)Cn2cncn2)cc1,train,300.40600000000006,2.0403,0.9179078626272595,22,42
subcategory_halogen-walk.remove-F_2734,Cc1cccc(C=CC2=C(c3ccc(S(C)(=O)=O)cc3)CCC2=O)c1,1,halogen-walk,remove-F,CS(=O)(=O)c1ccc(C2=C(/C=C/c3ccc(F)cc3)C(=O)CC2)cc1,0 1 2 3 4 5 6 24,O=C1CCC(c2ccccc2)=C1/C=C/c1ccccc1,train,352.45500000000015,4.2284200000000025,0.8273343386633827,25,46
subcategory_halogen-walk.remove-F_1144,CCOC(=O)C(C)c1ccc(OCCc2nc(-c3ccc(OC)cc3)sc2C)c(C)c1,0,authentic,authentic,,,c1ccc(OCCc2csc(-c3ccccc3)n2)cc1,train,439.5770000000001,5.723640000000007,0.3989745857242886,31,51
subcategory_halogen-walk.remove-F_2294,O=C1CC(NC(=O)c2cc(OC(F)(F)F)ccc2Oc2ccccc2)CCN1,1,halogen-walk,remove-F,O=C1CC(NC(=O)c2cc(OC(F)(F)F)ccc2Oc2ccc(F)cc2)CCN1,0 1 2 3 4 5 6 7 8 9 10 11 12 13 14 15 16 17 19 20 21 22 23 24 25 26 27,O=C1CC(NC(=O)c2ccccc2Oc2ccccc2)CCN1,train,394.3490000000001,3.3859000000000012,0.8152602756202291,28,46
subcategory_halogen-walk.remove-F_262,CC[C@H]1CCCCN1S(=O)(=O)c1ccc(NC(=O)c2cnccn2)cc1,0,authentic,authentic,,,O=C(Nc1ccc(S(=O)(=O)N2CCCCC2)cc1)c1cnccn1,train,374.46600000000007,2.682100000000001,0.8685485721865067,26,47
subcategory_halogen-walk.remove-F_1712,CC1(c2ccccc2)Oc2cccc(C3CCNCC3)c2O1,1,halogen-walk,remove-F,CC1(c2ccc(F)cc2)Oc2cccc(C3CCNCC3)c2O1,1 2 3 4 5 6 7,c1ccc(C2Oc3cccc(C4CCNCC4)c3O2)cc1,test,295.38200000000006,3.7977000000000016,0.9139036967501506,22,34
subcategory_halogen-walk.remove-F_199,C(=C\c1ccccc1)/CNCc1cccc2ccccc12,0,authentic,authentic,,,C(=C\c1ccccc1)/CNCc1cccc2ccccc12,train,273.379,4.642800000000003,0.6675647101219296,21,32
subcategory_halogen-walk.remove-F_601,O=C(O)[C@@H]1C[C@H]2C[C@@H](c3ccccc3Cc3nnn[nH]3)CC[C@H]2CN1,0,authentic,authentic,,,c1ccc([C@H]2CC[C@H]3CNCC[C@H]3C2)c(Cc2nnn[nH]2)c1,test,341.41500000000013,1.7368999999999997,0.7824179853108334,25,59
subcategory_halogen-walk.remove-F_370,CC(=O)N1CCc2cc(NC(=O)c3cc(C)n(C4CCCCC4)c3C)ccc21,0,authentic,authentic,,,O=C(Nc1ccc2c(c1)CCN2)c1ccn(C2CCCCC2)c1,train,379.5040000000003,4.771440000000005,0.8349508616134713,28,48
subcategory_halogen-walk.remove-F_1143,O=C1CCc2ccc(OCCCCN3CCNCC3)cc2N1,0,authentic,authentic,,,O=C1CCc2ccc(OCCCCN3CCNCC3)cc2N1,train,303.40599999999995,1.6354999999999997,0.7845315978964175,22,31
subcategory_halogen-walk.remove-F_1676,Cc1cccc(-c2nc(N)nnc2Br)c1,1,halogen-walk,remove-F,Nc1nnc(Br)c(-c2ccc(F)c(Cl)c2)n1,0 1 2 3 4 5 7 8 9 10 11 12 13,c1ccc(-c2cnncn2)cc1,test,265.114,2.19172,0.8578854752533349,15,25
subcategory_halogen-walk.remove-F_2171,CCc1ccc(C(O)(Cn2cncn2)C(C)N)cc1,1,halogen-walk,remove-F,CC(N)C(O)(Cn1cncn1)c1ccc(C(F)(F)F)cc1,0 1 3 4 5 6 7 8 9 10 11 12 13 14 15 16 17,c1ccc(CCn2cncn2)cc1,train,260.341,1.0754999999999997,0.8429257386635007,19,31
subcategory_halogen-walk.remove-F_1038,OCCCN1CCC(c2noc3cc(F)ccc23)CC1,0,authentic,authentic,,,c1ccc2c(C3CCNCC3)noc2c1,train,278.32700000000006,2.5287000000000006,0.9333707755667014,20,30
subcategory_halogen-walk.remove-F_2464,OC(CN1CCN(CCc2ccc(F)cc2)CC1)(Cn1cncn1)c1ccccc1,1,halogen-walk,remove-F,OC(CN1CCN(CCc2ccc(F)cc2)CC1)(Cn1cncn1)c1ccc(F)cc1F,0 2 3 4 5 6 7 8 9 10 11 12 13 14 15 16 17 18 19 20 21 22 23 24 25 26 27 28,c1ccc(CCN2CCN(CC(Cn3cncn3)c3ccccc3)CC2)cc1,train,409.50900000000007,2.1652999999999984,0.6180220892805014,30,46
subcategory_halogen-walk.remove-F_974,COc1c(CC=C(C)C)c(CCc2ccccc2)c(C(=O)O)c(OC)c1CC=C(C)C,0,authentic,authentic,,,c1ccc(CCc2ccccc2)cc1,train,422.5650000000002,6.204600000000006,0.4629095157778673,31,52
subcategory_halogen-walk.remove-F_1619,CC(C)n1c(/C=C/[C@H](O)C[C@H](O)CC(=O)OC(C)(C)C)c(-c2ccccc2)c2ccccc21,1,halogen-walk,remove-F,CC(C)n1c(/C=C/[C@H](O)C[C@H](O)CC(=O)OC(C)(C)C)c(-c2ccc(F)cc2)c2ccccc21,0 1 2 3 4 5 6 7 8 9 10 11 12 13 14 15 16 17 18 19 21 22 23 24 25 26 27 28 29 30 31 32,c1ccc(-c2c[nH]c3ccccc23)cc1,train,449.5910000000001,5.7461000000000055,0.4298893365428795,33,68
subcategory_halogen-walk.remove-F_2842,CC1(C)CCc2cccc3c(-c4ccccc4)c(C=CC4CC(O)CC(=O)O4)n1c23,1,halogen-walk,remove-F,CC1(C)CCc2cccc3c(-c4ccc(F)cc4)c(C=CC4CC(O)CC(=O)O4)n1c23,0 1 2 3 4 5 6 7 8 9 11 12 13 14 15 16 17 18 19 20 21 22 23 24 25 26 27 28 29,O=C1CCCC(C=Cc2c(-c3ccccc3)c3cccc4c3n2CCC4)O1,train,401.5060000000002,5.069300000000006,0.6236283082902475,30,53
subcategory_halogen-walk.remove-F_1995,c1ccc(O[C@H](c2ccccc2)[C@@H]2CCNC2)cc1,1,halogen-walk,remove-F,Fc1cc(F)c(F)c(O[C@H](c2ccccc2)[C@@H]2CCNC2)c1F,0 1 2 3 4 17 18,c1ccc(O[C@H](c2ccccc2)[C@@H]2CCNC2)cc1,train,253.34499999999997,3.416200000000001,0.9011800263508704,19,38
subcategory_halogen-walk.remove-F_702,CN(CCC[C@]1(c2ccc(F)cc2)OCc2cc(C#N)ccc21)C(=O)C(F)(F)F,0,authentic,authentic,,,c1ccc(C2OCc3ccccc32)cc1,train,406.3790000000001,4.272080000000003,0.6971404079560761,29,54
subcategory_halogen-walk.remove-F_388,C=CCOC(=O)C1=C(C)NC(=O)NC1c1ccc2c(c1)OCO2,0,authentic,authentic,,,O=C1NC=CC(c2ccc3c(c2)OCO3)N1,val,316.3130000000001,1.7723999999999998,0.6529837956988311,23,41
subcategory_halogen-walk.remove-F_1400,C[C@@H](NC(=O)C[C@H]1S[C@H](c2ccc(Cl)cc2Cl)N(CC(=O)NCCCN2CCOCC2)C1=O)c1cccc2ccccc12,0,authentic,authentic,,,O=C(C[C@H]1S[C@H](c2ccccc2)N(CC(=O)NCCCN2CCOCC2)C1=O)NCc1cccc2ccccc12,train,643.6370000000004,5.195200000000005,0.2796955605964776,43,83
subcategory_halogen-walk.remove-F_2072,Cc1ccccc1C(=O)C1CCN(CCCN(C(=O)c2noc3ccccc23)C(C)C)CC1,1,halogen-walk,remove-F,CC(C)N(CCCN1CCC(C(=O)c2ccc(F)cc2)CC1)C(=O)c1noc2ccccc12,0 1 2 3 4 5 6 7,O=C(NCCCN1CCC(C(=O)c2ccccc2)CC1)c1noc2ccccc12,train,447.57900000000024,4.9718200000000055,0.4561559553780518,33,53
subcategory_halogen-walk.remove-F_72,C/C=C/C=C/C(=O)N1CCN(c2nc(N)c3cc(OC)c(OC)cc3n2)CC1,0,authentic,authentic,,,c1ccc2nc(N3CCNCC3)ncc2c1,train,383.4520000000002,2.0101,0.6233818986357702,28,50
subcategory_halogen-walk.remove-F_1859,N#Cc1ccc(/C(=C/CCc2ccccc2)n2cncn2)cc1,1,halogen-walk,remove-F,N#Cc1ccc(/C(=C/CCc2ccc(F)cc2)n2cncn2)cc1,0 1 2 3 4 5 6 7 8 10 11 12 13 14 15 16 17 18 19 20 21 22,C(/CCc1ccccc1)=C(\c1ccccc1)n1cncn1,train,300.365,3.671780000000002,0.7220819376860151,23,37
subcategory_halogen-walk.remove-F_2013,O=C1NC(=O)c2cc(Nc3ccc(F)cc3)c(Nc3ccccc3)cc21,1,halogen-walk,remove-F,O=C1NC(=O)c2cc(Nc3ccc(F)cc3)c(Nc3ccc(F)cc3)cc21,17 18 19 20 21 22 23,O=C1NC(=O)c2cc(Nc3ccccc3)c(Nc3ccccc3)cc21,train,347.34900000000005,4.196500000000001,0.6188845032689982,26,44
subcategory_halogen-walk.remove-F_2477,CSc1cc(CC(=O)O)n(C)c1C(=O)c1ccccc1,1,halogen-walk,remove-F,CSc1cc(CC(=O)O)n(C)c1C(=O)c1ccc(F)cc1,0 1 2 3 4 5 6 7 8 9 10 11 13 14 15 16 17 18,O=C(c1ccccc1)c1ccc[nH]1,val,289.356,2.605100000000001,0.678735403458602,20,34
subcategory_halogen-walk.remove-F_531,CCC(OCCN1CCN(C(c2ccccc2)c2ccc(Cl)cc2)CC1)C(=O)O.Cl,0,authentic,authentic,,,c1ccc(C(c2ccccc2)N2CCNCC2)cc1,train,453.41000000000014,4.348600000000004,0.6121299490648001,30,50
subcategory_halogen-walk.remove-F_605,Cc1cc(Cl)ccc1Nc1ccccc1N(C)c1nc(=O)[nH]c2ccccc12,0,authentic,authentic,,,O=c1nc(Nc2ccccc2Nc2ccccc2)c2ccccc2[nH]1,train,390.87400000000014,5.396420000000004,0.48965681563632507,28,47
subcategory_halogen-walk.remove-F_1018,COc1cc(N(C)C(=O)C(F)(F)F)c(Cl)cc1C(=O)NC1CCN(Cc2ccccc2)C1,0,authentic,authentic,,,O=C(NC1CCN(Cc2ccccc2)C1)c1ccccc1,train,469.89100000000025,3.878000000000003,0.6972404088631259,32,57
subcategory_halogen-walk.remove-F_1622,C=Cc1ccccc1-c1nc(O)n(-c2cc(Cl)ccc2O)n1,1,halogen-walk,remove-F,Oc1ccc(Cl)cc1-n1nc(-c2ccccc2C(F)(F)F)nc1O,0 1 2,c1ccc(-c2ncn(-c3ccccc3)n2)cc1,val,313.744,3.641900000000001,0.7740917642060656,22,38
subcategory_halogen-walk.remove-F_2615,CC(=O)C[C@H](O)/C=C/c1c(-c2ccccc2)c2ccccc2n1C(C)C,1,halogen-walk,remove-F,CC(=O)C[C@H](O)/C=C/c1c(-c2ccc(F)cc2)c2ccccc2n1C(C)C,0 1 2 3 4 5 6 7 8 10 11 12 13 14 15 16 17 18 19 20 21 22 23 24 25,c1ccc(-c2c[nH]c3ccccc23)cc1,train,347.4580000000001,5.242400000000004,0.6621864998646552,26,49
subcategory_halogen-walk.remove-F_1534,N[C@H](C(=O)N1CC[C@H](F)C1)[C@H]1CC[C@H](NC(=O)c2ccccc2)CC1,1,halogen-walk,remove-F,N[C@H](C(=O)N1CC[C@H](F)C1)[C@H]1CC[C@H](NC(=O)c2ccc(F)c(F)c2)CC1,0 1 2 3 4 5 6 7 8 9 10 11 12 13 14 16 17 18 19 20 21 22 23 24,O=C(N[C@H]1CC[C@H](CC(=O)N2CCCC2)CC1)c1ccccc1,train,347.4340000000001,1.8728999999999998,0.873058645415233,25,59
subcategory_halogen-walk.remove-F_827,CC(C)(c1ccc(Oc2ccc(O)cc2)cc1)[C@](C)(N)C(=O)O,0,authentic,authentic,,,c1ccc(Oc2ccccc2)cc1,train,315.3690000000001,3.264100000000001,0.7872222876307768,23,45
subcategory_halogen-walk.remove-F_2833,CC(C)Cc1ccc2nc(O)c(SCC(O)CCN(C)CCCN3CCN(C)CC3)c(-c3cc(Cl)ccc3O)c2c1,1,halogen-walk,remove-F,CN(CCCN1CCN(C)CC1)CCC(O)CSc1c(O)nc2ccc(C(F)(F)F)cc2c1-c1cc(Cl)ccc1O,0 1 2 3 4,c1ccc(-c2c(SCCCCNCCCN3CCNCC3)cnc3ccccc23)cc1,train,601.2570000000005,5.577300000000006,0.21948350186140214,41,67
subcategory_halogen-walk.remove-F_116,COc1cccc(C2CN(C)CCc3ccccc32)c1,0,authentic,authentic,,,c1ccc(C2CNCCc3ccccc32)cc1,train,267.37199999999996,3.315000000000002,0.8274040301906945,20,30
subcategory_halogen-walk.remove-F_492,CCCc1nn(C)c2c(=O)[nH]c(-c3cc(S(=O)(=O)NCCCCO)ccc3OCC)nc12,0,authentic,authentic,,,O=c1[nH]c(-c2ccccc2)nc2cn[nH]c12,train,463.56000000000034,1.7255999999999996,0.36799166447322446,32,57
subcategory_halogen-walk.remove-F_2589,CCc1ccc(-c2[nH]c(S(C)(=O)=O)nc2-c2ccc(F)cc2)cc1,1,halogen-walk,remove-F,CS(=O)(=O)c1nc(-c2ccc(F)cc2)c(-c2ccc(C(F)(F)F)cc2)[nH]1,0 1 3 4 5 6 7 8 9 10 11 12 13 14 15 16 17 18 19 20 21 22,c1ccc(-c2nc[nH]c2-c2ccccc2)cc1,train,344.411,3.8487000000000027,0.7818193127904475,24,47
subcategory_halogen-walk.remove-F_307,CCN(CC)C(C)Oc1ccc(-c2nc(C)c(C(=O)NCCN(C)C)s2)cc1C#N.Cl,0,authentic,authentic,,,c1ccc(-c2nccs2)cc1,train,466.0510000000002,3.7700000000000027,0.5376819706814291,31,54
subcategory_halogen-walk.remove-F_1837,O=c1ncc(F)c(NCC(O)(Cn2cncn2)c2ccccc2)[nH]1,1,halogen-walk,remove-F,O=c1ncc(F)c(NCC(O)(Cn2cncn2)c2ccc(F)cc2F)[nH]1,0 1 2 3 4 5 6 7 8 10 11 12 13 14 15 16 17 18 19 20 21 22 23,O=c1nccc(NCC(Cn2cncn2)c2ccccc2)[nH]1,train,330.32300000000004,0.5003999999999991,0.6072339625437047,24,42
subcategory_halogen-walk.remove-F_2069,N[C@@H](CCOc1ccccc1)c1ccccc1,1,halogen-walk,remove-F,N[C@@H](CCOc1ccccc1)c1ccc(F)cc1,0 2 3 4 5 6 7 8 9 10 11 12 13 14 15,c1ccc(CCCOc2ccccc2)cc1,train,227.30700000000002,3.1555000000000017,0.8511910085634814,17,28
subcategory_halogen-walk.remove-F_1392,CCn1c(-c2ccc(Cl)cc2)nn(C)c1=S,0,authentic,authentic,,,S=c1[nH]nc(-c2ccccc2)[nH]1,train,253.75799999999998,3.2913900000000016,0.7668298381843406,16,29
subcategory_halogen-walk.remove-F_1343,CCN(CC)CC(COc1ccccc1)C(O)(c1ccccc1)c1ccccc1.Cl,0,authentic,authentic,,,c1ccc(OCCC(c2ccccc2)c2ccccc2)cc1,train,426.00000000000006,5.381300000000007,0.47286695842826326,30,46
subcategory_halogen-walk.remove-F_1680,CC(C)n1c(/C=C/C(O)C[C@@H](O)CC(=O)O)c(-c2ccccc2)c2ccccc21,1,halogen-walk,remove-F,CC(C)n1c(/C=C/C(O)C[C@@H](O)CC(=O)O)c(-c2ccc(F)cc2)c2ccccc21,16 17 18 19 20 21 22,c1ccc(-c2c[nH]c3ccccc23)cc1,train,393.483,4.489000000000003,0.5265822047315406,29,57
subcategory_halogen-walk.remove-F_567,COc1ccc2ccccc2c1N1CCNCC1,0,authentic,authentic,,,c1ccc2c(N3CCNCC3)cccc2c1,train,242.32199999999995,2.258,0.8739202987657226,18,24
subcategory_halogen-walk.remove-F_2787,COc1ccc(-c2[nH]c(C)c(-c3ccccc3)c2-c2ccc(OC)cc2)cc1,1,halogen-walk,remove-F,COc1ccc(-c2[nH]c(C)c(-c3ccc(F)cc3)c2-c2ccc(OC)cc2)cc1,0 1 2 3 4 5 6 7 8 9 11 12 13 14 15 16 17 18 19 20 21 22 23 24 25 26 27,c1ccc(-c2c[nH]c(-c3ccccc3)c2-c2ccccc2)cc1,train,369.4640000000001,6.341320000000005,0.4451807865369973,28,50
subcategory_halogen-walk.remove-F_1311,CCC(C)/N=c1\c(O)c(O)\c1=N/c1ccc(C#N)cc1,0,authentic,authentic,,,N=c1cc/c1=N\c1ccccc1,train,269.304,1.7766799999999998,0.8895767198013209,20,39
subcategory_halogen-walk.remove-F_566,CCc1ccc2c(C(C)C)c(/C=C/C(O)CC(=O)CC(=O)O)c(-c3ccc(F)cc3)nn12,0,authentic,authentic,,,c1ccc(-c2ccc3cccn3n2)cc1,train,438.49900000000014,4.634200000000003,0.4752605242431936,32,60
subcategory_halogen-walk.remove-F_2437,Cc1cccc(C=CC2=CC(=O)C(C)(C)O2)c1,1,halogen-walk,remove-F,CC1(C)OC(/C=C/c2ccc(F)c(F)c2)=CC1=O,0 1 2 3 4 5 7 8 9 10 11 12 13 14 15,O=C1C=C(/C=C/c2ccccc2)OC1,test,228.29099999999997,3.2700200000000015,0.7761686785902705,17,32
subcategory_halogen-walk.remove-F_130,Cc1cc(Oc2c(C)cc(CC(N)C(=O)O)cc2C)cc(C)c1O,0,authentic,authentic,,,c1ccc(Oc2ccccc2)cc1,train,329.3960000000001,3.3725800000000006,0.7818380462631173,24,41
subcategory_halogen-walk.remove-F_986,COc1ccc(-c2nc(C)c(C(=O)O)s2)cc1OCc1ccccc1F,0,authentic,authentic,,,c1ccc(COc2cccc(-c3nccs3)c2)cc1,train,373.4050000000001,4.543420000000002,0.6867874848635003,26,42
subcategory_halogen-walk.remove-F_2167,CCc1ccc(-c2ccc3c(c2)CC[C@H](CN(C)C)[C@@]3(O)c2cccc(OC)c2)cc1,1,halogen-walk,remove-F,COc1cccc([C@@]2(O)c3ccc(-c4ccc(C(F)(F)F)cc4)cc3CC[C@@H]2CN(C)C)c1,0 1 3 4 5 6 7 8 9 10 11 12 13 14 15 16 17 18 19 20 21 22 23 24 25 26 27 28 29,c1ccc(-c2ccc3c(c2)CCCC3c2ccccc2)cc1,train,415.57700000000006,5.284500000000006,0.5941489482596171,31,60
subcategory_halogen-walk.remove-F_611,COc1cc(NC(=O)c2ccccc2)c(Cl)cc1C(=O)N[C@H]1CCN(Cc2ccccc2)C1,0,authentic,authentic,,,O=C(Nc1ccc(C(=O)N[C@H]2CCN(Cc3ccccc3)C2)cc1)c1ccccc1,test,463.9650000000003,4.6052000000000035,0.5366706993055476,33,58
subcategory_halogen-walk.remove-F_578,CN1C2CC[C@@H]1[C@@H](COc1ccc3c(c1)OCO3)[C@@H](c1ccc(F)cc1)C2,0,authentic,authentic,,,c1ccc([C@H]2CC3CC[C@@H](N3)[C@H]2COc2ccc3c(c2)OCO3)cc1,train,369.4360000000001,4.1997000000000035,0.8082576435752512,27,60
subcategory_halogen-walk.remove-F_2235,CC(C)c1ccc2c(c1)C(NCc1ccccc1)[C@H](O)C(C)(C)O2,1,halogen-walk,remove-F,CC(C)c1ccc2c(c1)C(NC(=O)c1ccc(F)cc1)[C@H](O)C(C)(C)O2,0 1 2 3 4 5 6 7 8 9 11 12 13 14 15 16 17 18 19 20 21 22 23,O=C(NC1CCOc2ccccc21)c1ccccc1,train,325.4520000000001,4.172800000000002,0.8861771249047468,24,46
subcategory_halogen-walk.remove-F_2775,CCOC(=O)CCN1CC[C@H](c2ccccc2)[C@@H](COc2ccc3c(c2)OCO3)C1,1,halogen-walk,remove-F,CCOC(=O)CCN1CC[C@H](c2ccc(F)cc2)[C@@H](COc2ccc3c(c2)OCO3)C1.O=C(O)C(=O)O,10 11 12 13 14 15 16,c1ccc([C@H]2CCNC[C@@H]2COc2ccc3c(c2)OCO3)cc1,train,411.4980000000003,3.8530000000000033,0.6152153715296103,30,56
subcategory_halogen-walk.remove-F_1385,CCOC(=O)[C@H](CCc1ccccc1)NC(C)C(=O)N1CCC[C@]1(C=O)C(=O)O,0,authentic,authentic,,,O=C(CNCCCc1ccccc1)N1CCCC1,train,404.4630000000003,1.1737000000000006,0.34189829970594765,29,56
subcategory_halogen-walk.remove-F_1149,Cc1nc2n(C)ccn2c(=O)c1CCN1CCC(c2noc3cc(F)ccc23)CC1,0,authentic,authentic,,,O=c1c(CCN2CCC(c3noc4ccccc34)CC2)cnc2[nH]ccn12,val,409.46500000000015,3.043820000000002,0.518275190881954,30,49
subcategory_halogen-walk.remove-F_2466,O=S1(=O)OCC(Cn2cncn2)(c2ccccc2)O1,1,halogen-walk,remove-F,O=S1(=O)OCC(Cn2cncn2)(c2ccc(F)cc2F)O1,0 1 2 3 4 6 7 8 9 10 11 12 13 14 15 16 17,O=S1(=O)OCC(Cn2cncn2)(c2ccccc2)O1,test,281.29300000000006,0.46519999999999917,0.812688524167365,19,33
subcategory_halogen-walk.remove-F_2473,CCN(CC)CCNC(=O)c1c(C)[nH]c(/C=C/C(=O)Nc2ccccc2)c1C,1,halogen-walk,remove-F,CCN(CC)CCNC(=O)c1c(C)[nH]c(/C=C2/C(=O)Nc3ccc(F)cc32)c1C,19 20 21 22 23 24 25,O=C1Nc2ccccc2/C1=C\c1ccc[nH]1,val,382.5080000000001,3.3550400000000016,0.5821727033098762,28,50
subcategory_halogen-walk.remove-F_1047,COc1ccnc(C(C)Sc2nc3cc(OC(F)F)c(C)cc3[nH]2)c1,0,authentic,authentic,,,c1ccc(CSc2nc3ccccc3[nH]2)nc1,train,365.40500000000003,4.729620000000003,0.640094134202622,25,44
subcategory_halogen-walk.remove-F_15,COc1ccc(CN(C)C)c(C(O)c2ccccc2)c1,0,authentic,authentic,,,c1ccc(Cc2ccccc2)cc1,train,271.36,2.8385000000000016,0.9073742260756679,20,32
subcategory_halogen-walk.remove-F_209,O=C(CCCc1ccccc1)NCCc1c[nH]cn1,0,authentic,authentic,,,O=C(CCCc1ccccc1)NCCc1c[nH]cn1,test,257.337,2.0913,0.7976497721162618,19,29
subcategory_halogen-walk.remove-F_1197,COC(=O)c1c(C)cc(OC(=O)c2c(C)cc(O)c(/C=C/C(C)=O)c2O)c(C)c1O,0,authentic,authentic,,,O=C(Oc1ccccc1)c1ccccc1,train,414.4100000000002,3.3366600000000024,0.3857708460726883,30,58
subcategory_halogen-walk.remove-F_2839,Cc1ccccc1C1(CCCN)OC(C#N)c2ccccc21,1,halogen-walk,remove-F,N#CC1OC(CCCN)(c2ccc(F)cc2)c2ccccc21,0 1 2 3 4 5 6 7,c1ccc(C2OCc3ccccc32)cc1,train,292.382,3.572400000000002,0.9367662118369724,22,33
subcategory_halogen-walk.remove-F_2564,O=C(O)C[C@H](O)CC(O)C=Cc1c(C2CC2)nc2ccccc2c1-c1ccccc1,1,halogen-walk,remove-F,O=C(O)C[C@H](O)CC(O)C=Cc1c(C2CC2)nc2ccccc2c1-c1ccc(F)cc1,0 1 2 3 4 5 6 7 8 9 10 11 12 13 14 15 16 17 18 19 20 21 22 24 25 26 27 28,c1ccc(-c2cc(C3CC3)nc3ccccc23)cc1,train,403.47800000000007,4.379000000000003,0.51925774027477,30,53
subcategory_halogen-walk.remove-F_1066,N[C@@H]1N=C(c2ccc(Cl)cc2)c2ccccc2NC1=O,0,authentic,authentic,,,O=C1CN=C(c2ccccc2)c2ccccc2N1,train,285.73400000000004,2.4143,0.8447816770945744,20,38
subcategory_halogen-walk.remove-F_1786,CCOc1ccccc1N1CCN(C(=O)c2cc3n(n2)CCN(Cc2ccccc2)C3=O)CC1,1,halogen-walk,remove-F,CCOc1ccccc1N1CCN(C(=O)c2cc3n(n2)CCN(Cc2ccc(F)cc2)C3=O)CC1,0 1 2 3 4 5 6 7 8 9 10 11 12 13 14 15 16 17 18 19 20 21 22 24 25 26 27 28 29 30 31 32 33,O=C(c1cc2n(n1)CCN(Cc1ccccc1)C2=O)N1CCN(c2ccccc2)CC1,train,459.55000000000024,2.9002000000000017,0.5669916314902457,34,54
subcategory_halogen-walk.remove-F_955,CCCNC(c1ccc(CC)cc1)C(C)n1cncn1,0,authentic,authentic,,,c1ccc(CCn2cncn2)cc1,train,272.39599999999996,3.142400000000001,0.8417073601285368,20,30
subcategory_halogen-walk.remove-F_2060,O=C1C[C@@H](c2ccc(O)cc2)N1[C@@H](C[C@@H](O)c1ccc(F)cc1)c1ccccc1,1,halogen-walk,remove-F,O=C1C[C@@H](c2ccc(O)cc2)N1[C@@H](C[C@@H](O)c1ccc(F)cc1)c1ccc(F)cc1,0 1 2 3 4 5 6 7 8 9 10 11 13 14 15 16 17 18 19 20 21 22 23 24 25 26 27,O=C1C[C@@H](c2ccccc2)N1[C@@H](CCc1ccccc1)c1ccccc1,train,391.44200000000006,4.669700000000004,0.6005269170319875,29,63
subcategory_halogen-walk.remove-F_1380,CNCc1ncn(C(c2ccc(C#N)cc2)c2ccc(C#N)cc2)n1,0,authentic,authentic,,,c1ccc(C(c2ccccc2)n2cncn2)cc1,train,328.3790000000001,2.3785600000000002,0.7763285417720605,25,41
subcategory_halogen-walk.remove-F_940,COc1cc(F)ccc1-n1nc(C(N)=O)c2c1C(=O)N(c1ccc(N3CCCC3=O)cc1C)CC2,0,authentic,authentic,,,O=C1CCCN1c1ccc(N2CCc3cnn(-c4ccccc4)c3C2=O)cc1,train,477.4960000000004,2.7570200000000016,0.6076213608832562,35,61
subcategory_halogen-walk.remove-F_2542,CC(C)n1c(/C=C/[C@@H](O)C[C@@H](O)CC(=O)OC(C)(C)C)c(-c2ccccc2)c2ccccc21,1,halogen-walk,remove-F,CC(C)n1c(/C=C/[C@@H](O)C[C@@H](O)CC(=O)OC(C)(C)C)c(-c2ccc(F)cc2)c2ccccc21,0 1 2 3 4 5 6 7 8 9 10 11 12 13 14 15 16 17 18 19 21 22 23 24 25 26 27 28 29 30 31 32,c1ccc(-c2c[nH]c3ccccc23)cc1,train,449.5910000000001,5.7461000000000055,0.4298893365428795,33,70
subcategory_halogen-walk.remove-F_771,O=C(O)Cc1ccccc1Oc1ccccc1O,0,authentic,authentic,,,c1ccc(Oc2ccccc2)cc1,train,244.24599999999998,2.8116000000000017,0.8673818577419913,18,25
subcategory_halogen-walk.remove-F_1543,Cc1ccc(C2(C)NC(=O)N(Cc3ccccc3C)C2=O)cc1,1,halogen-walk,remove-F,Cc1ccc(C2(C)NC(=O)N(Cc3ccc(F)cc3)C2=O)cc1,11 12 13 14 15 16 17 18,O=C1NC(c2ccccc2)C(=O)N1Cc1ccccc1,train,308.38100000000003,3.270640000000002,0.8847608112885386,23,39
subcategory_halogen-walk.remove-F_1942,O=C1[C@H](CCCO)[C@@H](c2ccc(OCc3ccccc3)cc2)N1c1ccccc1,1,halogen-walk,remove-F,O=C1[C@H](CCCO)[C@@H](c2ccc(OCc3ccccc3)cc2)N1c1ccc(F)cc1,0 1 2 3 4 5 6 7 8 9 10 11 12 13 14 15 16 17 18 19 20 21 23 24 25 26 27,O=C1C[C@@H](c2ccc(OCc3ccccc3)cc2)N1c1ccccc1,train,387.47900000000004,4.742200000000004,0.5680215384916647,29,53
subcategory_halogen-walk.remove-F_1918,O=C(O)CC(O)C[C@H](O)/C=C/c1c(C2CC2)nc2ccccc2c1-c1ccccc1,1,halogen-walk,remove-F,O=C(O)CC(O)C[C@H](O)/C=C/c1c(C2CC2)nc2ccccc2c1-c1ccc(F)cc1,0 1 2 3 4 5 6 7 8 9 10 11 12 13 14 15 16 17 18 19 20 21 22 24 25 26 27 28,c1ccc(-c2cc(C3CC3)nc3ccccc23)cc1,train,403.47800000000007,4.379000000000003,0.51925774027477,30,55
subcategory_halogen-walk.remove-F_2781,COc1ccc(OC2CCN(C3CCCC3)CC2)c(C(=O)N(C)Cc2cccc(C)c2)c1,1,halogen-walk,remove-F,COc1ccc(OC2CCN(C3CCCC3)CC2)c(C(=O)N(C)Cc2ccc(F)cc2)c1,23 24 25 26 27 28 29 30,O=C(NCc1ccccc1)c1ccccc1OC1CCN(C2CCCC2)CC1,train,436.5960000000001,5.061620000000005,0.6083013838298971,32,53
subcategory_halogen-walk.remove-F_1245,COc1ccc(-c2oc3cc(OC)ccc3c2Cc2ccc(OCCN(C)C)cc2)cc1.Cl,0,authentic,authentic,,,c1ccc(Cc2c(-c3ccccc3)oc3ccccc23)cc1,train,467.9930000000001,6.0700000000000065,0.29866877107880285,33,52
subcategory_halogen-walk.remove-F_516,[O-][S+](Cc1ccccn1)c1nc2ccccc2n1CCN1CCOCC1,0,authentic,authentic,,,c1ccc(C[SH+]c2nc3ccccc3n2CCN2CCOCC2)nc1,test,370.47800000000024,2.0713,0.6216579316609446,26,42
subcategory_halogen-walk.remove-F_458,COC(=O)c1sc(-c2ccc(OCC(C)C)c(-c3nnn(C)n3)c2)nc1C,0,authentic,authentic,,,c1cc(-c2nn[nH]n2)cc(-c2nccs2)c1,val,387.4650000000001,3.1304200000000018,0.6000228511971558,27,48
subcategory_halogen-walk.remove-F_17,CCOCc1noc(C2CN=CNC2)n1.O=C(O)C(F)(F)F,0,authentic,authentic,,,C1=NCC(c2ncno2)CN1,train,324.25899999999996,0.9544999999999997,0.848304272835656,22,37
subcategory_halogen-walk.remove-F_1231,COc1ccc(N2C(=O)c3cc(-c4ccccc4)nn3CC2(C)C(=O)NCc2ccccc2)cc1,0,authentic,authentic,,,O=C(NCc1ccccc1)C1Cn2nc(-c3ccccc3)cc2C(=O)N1c1ccccc1,val,466.5410000000002,4.294200000000003,0.4598979741897525,35,58
subcategory_halogen-walk.remove-F_2012,Cc1c2c(cc(C#N)c1-c1ccccc1)COC2,1,halogen-walk,remove-F,Cc1c2c(cc(C#N)c1-c1ccc(F)cc1)COC2,0 1 2 3 4 5 6 7 9 10 11 12 13 14 15 16 17,c1ccc(-c2ccc3c(c2)COC3)cc1,train,235.28599999999997,3.563900000000002,0.7566885776960935,18,30
subcategory_halogen-walk.remove-F_1397,CCOc1ccc(C(=O)N2CCC3(CC2)OC(=O)c2ccccc23)cc1OCC,0,authentic,authentic,,,O=C1OC2(CCN(C(=O)c3ccccc3)CC2)c2ccccc21,train,395.4550000000001,3.7859000000000025,0.7210402829264541,29,47
subcategory_halogen-walk.remove-F_2203,COc1cc(CN2C(=O)N(Cc3ccc(O)c(OC)c3)N(C(=O)CCc3cccc(C)c3)C[C@@H](O)[C@H]2Cc2ccccc2)ccc1O,1,halogen-walk,remove-F,COc1cc(CN2C(=O)N(Cc3ccc(O)c(OC)c3)N(C(=O)CCc3ccc(F)cc3)C[C@@H](O)[C@H]2Cc2ccccc2)ccc1O,24 25 26 27 28 29 30 31,O=C(CCc1ccccc1)N1CC[C@@H](Cc2ccccc2)N(Cc2ccccc2)C(=O)N1Cc1ccccc1,train,639.7490000000004,5.209820000000008,0.20599766918540965,47,86
subcategory_halogen-walk.remove-F_2409,CC(=O)OCC(=CC[C@H]1C(=O)N(c2ccccc2)[C@@H]1c1ccc(O)cc1)c1ccc(F)cc1,1,halogen-walk,remove-F,CC(=O)OCC(=CC[C@H]1C(=O)N(c2ccc(F)cc2)[C@@H]1c1ccc(O)cc1)c1ccc(F)cc1,0 1 2 3 4 5 6 7 8 9 10 12 13 14 15 16 17 18 19 20 21 22 23 24 25 26 27 28 29 30 31 32,O=C1[C@H](CC=Cc2ccccc2)[C@@H](c2ccccc2)N1c1ccccc1,train,445.4900000000001,5.272200000000005,0.3973450510138648,33,65
subcategory_halogen-walk.remove-F_2522,Cc1ccccc1COc1cccc(C(O)CCN(C)C)c1,1,halogen-walk,remove-F,CN(C)CCC(O)c1cccc(OCc2ccc(F)cc2)c1,0 1 2 3 4 5 6 8 9 10 11 12 13 14 15 16 17 18 19 20 21,c1ccc(COc2ccccc2)cc1,train,299.41400000000004,3.559120000000002,0.8482848806632427,22,32
subcategory_halogen-walk.remove-F_1710,CC(C)n1c(/C=C/[C@@H](O)C[C@@H](O)C(O)(O)C(=O)OC(C)(C)C)c(-c2ccccc2)c2ccccc21,1,halogen-walk,remove-F,CC(C)n1c(/C=C/[C@@H](O)C[C@@H](O)C(O)(O)C(=O)OC(C)(C)C)c(-c2ccc(F)cc2)c2ccccc21,22 23 24 25 26 27 28,c1ccc(-c2c[nH]c3ccccc23)cc1,train,481.5890000000002,4.036900000000005,0.28543677653487676,35,76
subcategory_halogen-walk.remove-F_2022,CN(C)C(=O)CCN1CCc2[nH]c(-c3ccccc3)cc2C1=O,1,halogen-walk,remove-F,CN(C)C(=O)CCN1CCc2[nH]c(-c3ccc(F)cc3)cc2C1=O,0 1 2 3 4 5 6 7 8 9 10 11 13 14 15 16 17 18 19 20 21 22,O=C1NCCc2[nH]c(-c3ccccc3)cc21,val,311.38500000000005,2.1582999999999997,0.9404893975559061,23,41
subcategory_halogen-walk.remove-F_1652,O=C(c1ccccc1)C(O)(Cn1ccnc1)c1ccc(Cl)cc1Cl,1,halogen-walk,remove-F,O=C(c1ccc(F)cc1)C(O)(Cn1ccnc1)c1ccc(Cl)cc1Cl,0 2 3 4 5 6 7 8 9 10 11 12 13 14 15 16 17 18 19 20 21 22 23,O=C(c1ccccc1)C(Cn1ccnc1)c1ccccc1,train,361.22800000000007,3.960600000000002,0.700188272010192,24,41
subcategory_halogen-walk.remove-F_2645,OC1(Cn2cncn2)CCCC1Cc1ccccc1,1,halogen-walk,remove-F,OC1(Cn2cncn2)CCCC1Cc1ccc(F)cc1,0 1 2 3 4 5 6 7 8 9 10 11 13 14 15 16 17,c1ccc(CC2CCCC2Cn2cncn2)cc1,train,257.337,2.052,0.9117024548712429,19,27
subcategory_halogen-walk.remove-F_1461,CCOC(=O)CC(C=Cc1c(-c2cccc(C)c2)c2ccccc2n1C(C)C)OC(C)=O,1,halogen-walk,remove-F,CCOC(=O)CC(C=Cc1c(-c2ccc(F)cc2)c2ccccc2n1C(C)C)OC(C)=O,0 1 2 3 4 5 6 7 8 9 11 12 13 14 15 16 17 18 19 20 21 22 23 24 25 26 27 28 29 30 31,c1ccc(-c2c[nH]c3ccccc23)cc1,train,433.5480000000002,6.095720000000006,0.4031000349975028,32,54
subcategory_halogen-walk.remove-F_2688,OC[C@@H]1COC(Cn2cncn2)(c2ccccc2)C1,1,halogen-walk,remove-F,OC[C@@H]1COC(Cn2cncn2)(c2ccc(F)cc2F)C1,0 1 2 3 4 6 7 8 9 10 11 12 13 14 15 16 17,c1ccc(C2(Cn3cncn3)CCCO2)cc1,train,259.3090000000001,1.2023999999999992,0.8960352704911249,19,34
subcategory_halogen-walk.remove-F_1555,COc1ccc(/C=C2\CCCC(CN(C)C)C2(O)c2ccccc2)cc1,1,halogen-walk,remove-F,COc1ccc(/C=C2\CCCC(CN(C)C)C2(O)c2ccc(F)cc2)cc1,0 1 2 3 4 5 6 7 8 9 10 11 12 13 14 15 17 18 19 20 21 22 23 24 25,C(=C1/CCCCC1c1ccccc1)/c1ccccc1,train,351.49,4.328100000000004,0.8702753468293755,26,43
subcategory_halogen-walk.remove-F_1689,CCCC(F)(F)C(F)(F)C(F)(F)C(F)(F)C(F)(F)C(F)(F)C(=O)NCCN(CC)CCNc1ccnc2cc(Cl)ccc12,1,halogen-walk,remove-F,CCN(CCNC(=O)C(F)(F)C(F)(F)C(F)(F)C(F)(F)C(F)(F)C(F)(F)C(F)(F)F)CCNc1ccnc2cc(Cl)ccc12,0 1 2 3,c1ccc2ncccc2c1,train,662.9470000000001,7.350100000000006,0.18474994770095335,43,79
subcategory_halogen-walk.remove-F_2148,c1ccc([C@H]2CCN(CC3CC3)C[C@@H]2COc2ccc3c(c2)OCO3)cc1,1,halogen-walk,remove-F,Fc1ccc([C@H]2CCN(CC3CC3)C[C@@H]2COc2ccc3c(c2)OCO3)cc1,0 1 2 3 5 6 7 8 9 10 11 12 13 14 15 16 17 18 19 20 21 22 23 24 25,c1ccc([C@H]2CCN(CC3CC3)C[C@@H]2COc2ccc3c(c2)OCO3)cc1,val,365.4730000000001,4.309800000000004,0.7632499695586149,27,52
subcategory_halogen-walk.remove-F_453,Nc1ccn([C@@H]2CS[C@H](COCO)O2)c(=O)n1,0,authentic,authentic,,,O=c1ncccn1[C@@H]1CSCO1,train,259.287,-0.6200000000000001,0.6949692395322091,17,37
subcategory_halogen-walk.remove-F_2673,CCc1ccc2nccc(NC(C)CCCN(CC)CC)c2c1,1,halogen-walk,remove-F,CCN(CC)CCCC(C)Nc1ccnc2ccc(C(F)(F)F)cc12,0 1 3 4 5 6 7 8 9 10 11 12 13 14 15 16 17 18 19 20 21,c1ccc2ncccc2c1,train,313.48900000000003,4.719600000000004,0.7258124822219315,23,33
subcategory_halogen-walk.remove-F_1497,Cc1cccc([C@@](O)(Cn2cncn2)[C@@H](C)N2CCNCC2)c1,1,halogen-walk,remove-F,C[C@@H](N1CCNCC1)[C@](O)(Cn1cncn1)c1ccc(F)cc1F,0 1 2 3 4 5 7 8 9 10 11 12 13 14 15 16 17 18 19 20 21,c1ccc(C(CN2CCNCC2)Cn2cncn2)cc1,train,315.4210000000001,0.7680200000000001,0.852990510324328,23,46
subcategory_halogen-walk.remove-F_1688,[2H]C1([2H])Oc2ccc(OC([2H])([2H])[C@@H]3CNCCC3([2H])c3ccccc3)cc2O1,1,halogen-walk,remove-F,[2H]C1([2H])Oc2ccc(OC([2H])([2H])[C@@H]3CNCCC3([2H])c3ccc(F)cc3)cc2O1,17 19 20 21 22 23 24,c1ccc(C2CCNC[C@H]2COc2ccc3c(c2)OCO3)cc1,train,316.41150889,3.187400000000002,0.9402116264999247,23,66
subcategory_halogen-walk.remove-F_1640,Cc1cccc(CNC(=O)C2CCCCC(=O)N2)c1,1,halogen-walk,remove-F,O=C1CCCCC(C(=O)NCc2ccc(F)cc2)N1,0 1 2 3 4 5 7 8 9 10 11 12 13 14 15 16 17,O=C1CCCCC(C(=O)NCc2ccccc2)N1,train,260.33699999999993,1.67002,0.8682332757984156,19,31
subcategory_halogen-walk.remove-F_791,COc1ccc(-n2nc(C(F)(F)F)c3c2C(=O)N(c2ccc(C4(C(C)=O)CC4)cc2)CC3)cc1,0,authentic,authentic,,,O=C1c2c(cnn2-c2ccccc2)CCN1c1ccc(C2CC2)cc1,train,469.4630000000003,4.723200000000004,0.542442017522264,34,65
subcategory_halogen-walk.remove-F_2229,O=C(CN1C(=O)N[C@@](Cc2ccccc2)(c2ccccc2)C1=O)NCc1ccccc1,1,halogen-walk,remove-F,O=C(CN1C(=O)N[C@@](Cc2ccccc2)(c2ccccc2)C1=O)NCc1ccc(F)cc1,23 24 25 26 27 28 29 30,O=C(CN1C(=O)N[C@@](Cc2ccccc2)(c2ccccc2)C1=O)NCc1ccccc1,train,413.47700000000015,2.9928000000000017,0.584755089780061,31,54
subcategory_halogen-walk.remove-F_2090,O[C@@H](CNCc1ccccc1)COc1ccc2c(c1)OCO2,1,halogen-walk,remove-F,O[C@@H](CNCc1cccc(F)c1)COc1ccc2c(c1)OCO2,0 1 2 4 5 6 7 8 9 10 11 12 13 14 15 16 17 18 19 20 21,c1ccc(CNCCCOc2ccc3c(c2)OCO3)cc1,train,301.34200000000004,1.9447999999999996,0.8183025213625572,22,37
subcategory_halogen-walk.remove-F_2043,C=CCCCNC(=O)c1ccc2c(c1)c(Cc1ccc(C(=O)NS(=O)(=O)c3ccccc3C)cc1OC)cn2C,1,halogen-walk,remove-F,COc1cc(C(=O)NS(=O)(=O)c2ccccc2C)ccc1Cc1cn(C)c2ccc(C(=O)NCCCC(F)(F)F)cc12,0 1 2,O=C(NS(=O)(=O)c1ccccc1)c1ccc(Cc2c[nH]c3ccccc23)cc1,val,559.6880000000001,4.900820000000004,0.20085035485635352,40,67
subcategory_halogen-walk.remove-F_529,COc1ccc2c(c1)c(CC(=O)Nc1ccc(C(C)=O)cc1)c(C)n2C(=O)c1ccc(Cl)cc1,0,authentic,authentic,,,O=C(Cc1cn(C(=O)c2ccccc2)c2ccccc12)Nc1ccccc1,train,474.9440000000002,5.684020000000005,0.3643483626505841,34,62
subcategory_halogen-walk.remove-F_334,COc1ccc(-c2oc3cc(C=O)ccc3c2Cc2ccc(OCCN(C)C)cc2)cc1,0,authentic,authentic,,,c1ccc(Cc2c(-c3ccccc3)oc3ccccc23)cc1,train,429.5160000000002,5.452100000000006,0.33115739124735916,32,50
subcategory_halogen-walk.remove-F_705,CC[C@H]1OC(=O)[C@H](C)[C@@H](O)[C@H](C)[C@@H](O[C@@H]2O[C@H](C)C[C@H](N(C)C)[C@H]2O)[C@](C)(O)C[C@@H](C)CN2C(=NC(C)C)O[C@H]([C@H]2C)[C@]1(C)O,0,authentic,authentic,,,N=C1O[C@H]2CCOC(=O)CCC[C@@H](O[C@H]3CCCCO3)CCCCN1C2,test,643.8630000000003,2.1480000000000037,0.3260953584029456,45,141
subcategory_halogen-walk.remove-F_716,CC(C)c1c(CCP(=O)(O)C[C@@H](O)CC(=O)O)n(-c2ccc(F)cc2)c2ccccc12,0,authentic,authentic,,,c1ccc(-n2ccc3ccccc32)cc1,train,447.4430000000001,4.541500000000004,0.41837116740172875,31,61
subcategory_halogen-walk.remove-F_1129,C/C=C/C1=C(c2c(C)n(C)c3ccc(OC)cc23)C(=O)OC1=O,0,authentic,authentic,,,O=C1C=C(c2c[nH]c3ccccc23)C(=O)O1,val,311.33700000000005,2.9084200000000004,0.6458276063928531,23,45
subcategory_halogen-walk.remove-F_2664,Cc1ccccc1C1(c2ccccc2)CCN(C(=O)O)CC1COc1ccc2c(c1)OCO2,1,halogen-walk,remove-F,O=C(O)N1CCC(c2ccccc2)(c2ccc(F)cc2)C(COc2ccc3c(c2)OCO3)C1,0 1 2 3 4 5 6 8 9 10 11 12 13 14 15 16 17 18 19 20 21 22 23 24 25 26 27 28 29 30 31 32,c1ccc(C2(c3ccccc3)CCNCC2COc2ccc3c(c2)OCO3)cc1,train,445.51500000000027,5.088720000000004,0.5926171212588753,33,52
subcategory_halogen-walk.remove-F_971,CCOC(=O)[C@H](CCc1ccccc1)N[C@@H](C)C(=O)N1CCC[C@H]1C(=O)OC(C)(C)C,0,authentic,authentic,,,O=C(CNCCCc1ccccc1)N1CCCC1,train,432.5610000000004,2.861700000000001,0.6042427541594831,31,65
subcategory_halogen-walk.remove-F_1757,CN[C@H]1CC[C@@H](c2ccccc2)c2ccccc21,1,halogen-walk,remove-F,CN[C@H]1CC[C@@H](c2ccc(F)c(OC)c2)c2ccccc21,0 1 2 3 4 6 7 8 9 10 11 12 13 14 15 16 17,c1ccc([C@@H]2CCCc3ccccc32)cc1,train,237.346,3.8728000000000034,0.8356584452334206,18,35
subcategory_halogen-walk.remove-F_1940,NCc1ccc(-c2nc(-c3ccccc3)c(-c3ccncc3)[nH]2)cc1,1,halogen-walk,remove-F,NCc1ccc(-c2nc(-c3ccc(F)cc3)c(-c3ccncc3)[nH]2)cc1,0 1 2 3 4 5 6 7 9 10 11 12 13 14 15 16 17 18 19 20 21 22 23 24,c1ccc(-c2nc(-c3ccccc3)c(-c3ccncc3)[nH]2)cc1,train,326.403,4.264400000000002,0.5884763871179608,25,45
subcategory_halogen-walk.remove-F_2724,O=C(CCc1ccccc1)c1cc(F)ccc1OCC(O)CN1CCOCC1,1,halogen-walk,remove-F,O=C(CCc1ccc(F)cc1)c1cc(F)ccc1OCC(O)CN1CCOCC1,0 1 2 4 5 6 7 8 9 10 11 12 13 14 15 16 17 18 19 20 21 22 23 24 25 26 27,O=C(CCc1ccccc1)c1ccccc1OCCCN1CCOCC1,train,387.45100000000025,2.7131,0.6707425711723229,28,41
subcategory_halogen-walk.remove-F_1610,CN(C)CCNc1cc(C=Cc2ccccc2)nc2ccc(Cl)cc12,1,halogen-walk,remove-F,CN(C)CCNc1cc(/C=C/c2ccc(F)cc2)nc2ccc(Cl)cc12,0 1 2 3 4 5 6 7 8 9 11 12 13 14 15 16 17 18 19 20 21 22 23 24,C(=C\c1ccc2ccccc2n1)/c1ccccc1,test,351.88100000000003,5.032100000000004,0.674529119037996,25,39
subcategory_halogen-walk.remove-F_2323,COc1ccc(OC[C@H]2CNCC[C@@H]2c2ccccc2)cc1,1,halogen-walk,remove-F,COc1ccc(OC[C@H]2CNCC[C@@H]2c2ccc(F)cc2)cc1,0 1 2 3 4 5 6 7 8 9 10 11 12 14 15 16 17 18 19 20 21,c1ccc(OC[C@H]2CNCC[C@@H]2c2ccccc2)cc1,train,297.39799999999997,3.4673000000000025,0.9164444163343834,22,39
subcategory_halogen-walk.remove-F_495,[NH3+]CC1CN(C2=Nc3ccccc3Sc3ccccc32)CCN1CCOCCO,0,authentic,authentic,,,c1ccc2c(c1)N=C(N1CCNCC1)c1ccccc1S2,train,413.56700000000035,1.466500000000001,0.7016728496597944,29,45
subcategory_halogen-walk.remove-F_62,CC(C)NCC(O)COC(=O)c1cccc([N+](=O)[O-])c1,0,authentic,authentic,,,c1ccccc1,train,282.296,1.1104999999999994,0.4410749830303589,20,40
subcategory_halogen-walk.remove-F_2769,Cc1ccccc1NC(=O)N1CCC2(CC1)C(=O)N(c1ccc(F)cc1)C2c1ccc(O)cc1,1,halogen-walk,remove-F,O=C(Nc1cc(F)cc(F)c1)N1CCC2(CC1)C(=O)N(c1ccc(F)cc1)C2c1ccc(O)cc1,0 1 2 3 4 5 6 8 9 10 11 12 13 14 15 16 17 18 19 20 21 22 23 24 25 26 27 28 29 30 31 32 33,O=C(Nc1ccccc1)N1CCC2(CC1)C(=O)N(c1ccccc1)C2c1ccccc1,train,459.5210000000001,5.241920000000006,0.5262242889119698,34,58
subcategory_halogen-walk.remove-F_253,O=C(O)c1cccn1-c1cc2nc(O)c(O)nc2cc1C(F)(F)F,0,authentic,authentic,,,c1ccn(-c2ccc3nccnc3c2)c1,val,339.229,2.5487,0.662033073325281,24,42
subcategory_halogen-walk.remove-F_1301,O=C1O[C@H](c2cccc(Cl)c2)[C@@](Cn2cncn2)(c2cccc(Cl)c2)O1,0,authentic,authentic,,,O=C1O[C@H](c2ccccc2)[C@@](Cn2cncn2)(c2ccccc2)O1,val,390.2260000000001,4.388500000000001,0.6185885002996045,26,55
subcategory_halogen-walk.remove-F_812,CCOC(=O)CC/C=C/c1c(-c2ccc(F)cc2)c2ccccc2n1C(C)C,0,authentic,authentic,,,c1ccc(-c2c[nH]c3ccccc23)cc1,train,379.4750000000001,6.384800000000006,0.445745836810238,28,47
subcategory_halogen-walk.remove-F_2621,CS(=O)(=O)c1ccc(C2=C(c3ccccc3)C(=O)CC2)cc1,1,halogen-walk,remove-F,CS(=O)(=O)c1ccc(C2=C(c3ccc(F)cc3)C(=O)CC2)cc1,9 10 11 12 13 14 15,O=C1CCC(c2ccccc2)=C1c1ccccc1,train,312.3900000000001,3.363800000000002,0.8729318607505121,22,42
subcategory_halogen-walk.remove-F_2771,CNCCC(Oc1cccc2c1OCO2)c1ccccc1,1,halogen-walk,remove-F,CNCCC(Oc1cccc2c1OCO2)c1ccc(F)c(F)c1,0 1 2 3 5 6 7 8 9 10 11 12 13 14 15 16 17 18 19,c1ccc(COc2cccc3c2OCO3)cc1,train,285.34299999999996,3.1449000000000016,0.8847928310257521,21,29
subcategory_halogen-walk.remove-F_754,CC(CNC(=O)Cc1ccccc1)NCC(O)COc1ccccc1C(N)=O,0,authentic,authentic,,,O=C(Cc1ccccc1)NCCNCCCOc1ccccc1,test,385.46400000000017,0.8621999999999996,0.4581985421945014,28,42
subcategory_halogen-walk.remove-F_2287,CC(C)n1c(/C=C/[C@H](O)C[C@H](O)CC(=O)C(C)(C)C)c(-c2ccccc2)c2ccccc21,1,halogen-walk,remove-F,CC(C)n1c(/C=C/[C@H](O)C[C@H](O)CC(=O)C(C)(C)C)c(-c2ccc(F)cc2)c2ccccc21,0 1 2 3 4 5 6 7 8 9 10 11 12 13 14 15 16 17 18 20 21 22 23 24 25 26 27 28 29 30 31,c1ccc(-c2c[nH]c3ccccc23)cc1,train,433.5920000000001,6.019600000000006,0.4565478518595028,32,67
subcategory_halogen-walk.remove-F_2338,CC(c1ccccc1)C(O)(Cn1cncn1)c1ccc(F)cc1,1,halogen-walk,remove-F,CC(c1ccc(F)cc1)C(O)(Cn1cncn1)c1ccc(F)cc1,0 2 3 4 5 6 7 8 9 10 11 12 13 14 15 16 17 18 19 20 21 22,c1ccc(CC(Cn2cncn2)c2ccccc2)cc1,train,311.36,3.1087000000000016,0.7874782648950751,23,37
subcategory_halogen-walk.remove-F_1944,c1ccc(C2CCNCC2COc2ccc3c(c2)OCO3)cc1,1,halogen-walk,remove-F,COC(=O)c1cc(C2CCNCC2COc2ccc3c(c2)OCO3)ccc1F,0 1 2 3 5 6 7 8 9 10 11 12 13 14 15 16 17 18 19 20 21,c1ccc(C2CCNCC2COc2ccc3c(c2)OCO3)cc1,train,311.38100000000003,3.187400000000002,0.9411612066593474,23,35
subcategory_halogen-walk.remove-F_1960,[2H]N1CC[C@@H](c2ccccc2)[C@H](COc2ccc3c(c2)OCO3)C1,1,halogen-walk,remove-F,[2H]N1CC[C@@H](c2ccc(F)cc2)[C@H](COc2ccc3c(c2)OCO3)C1,0 1 2 3 5 6 7 8 9 10 11 12 13 14 15 16 17 18 19 20 21 22 23,c1ccc([C@@H]2CCNC[C@H]2COc2ccc3c(c2)OCO3)cc1,train,312.3871017780001,3.187400000000001,0.9410193589247774,23,50
subcategory_halogen-walk.remove-F_2758,CC[C@@]1(O)CCC[C@@H]2CN(Cc3ccccc3)C[C@@H]21,1,halogen-walk,remove-F,CC[C@@]1(O)CCC[C@@H]2CN(Cc3ccc(F)c(OC)c3)C[C@@H]21,0 1 2 3 4 5 6 7 8 10 11 12 13 14 15 16 17 18,c1ccc(CN2C[C@H]3CCCC[C@H]3C2)cc1,train,259.393,3.0596000000000014,0.9015449598644713,19,43
subcategory_halogen-walk.remove-F_67,COc1cc(N)c(Cl)cc1C(=O)NC1CCN(CCCCCO)CC1,0,authentic,authentic,,,O=C(NC1CCNCC1)c1ccccc1,train,369.8930000000003,2.2876000000000003,0.48306243442792485,25,39
subcategory_halogen-walk.remove-F_1914,Cc1ccc2c(-c3ccccc3)c(C=CC(O)CC(=O)CC(=O)O)c(C(C)C)nn12,1,halogen-walk,remove-F,Cc1ccc2c(-c3ccc(F)cc3)c(C=CC(O)CC(=O)CC(=O)O)c(C(C)C)nn12,5 6 7 8 9 10 11,c1ccc(-c2ccnn3cccc23)cc1,train,406.4820000000002,4.241120000000003,0.5460364569189575,30,54
subcategory_halogen-walk.remove-F_118,CCn1cc(C(=O)O)c(=O)c2c(C)c(F)c(N3CCNCC3)cc21,0,authentic,authentic,,,O=c1cc[nH]c2cc(N3CCNCC3)ccc12,train,333.36300000000006,1.57672,0.8919396789814071,24,44
subcategory_halogen-walk.remove-F_2271,Cc1cccc(CCC[C@H]2C(=O)N(c3ccc(F)cc3)[C@@H]2c2ccc(O)cc2)c1,1,halogen-walk,remove-F,O=C1[C@H](CC[C@@H](O)c2ccc(F)cc2)[C@@H](c2ccc(O)cc2)N1c1ccc(F)cc1,0 1 2 3 4 5 6 8 9 10 11 12 13 14 15 16 17 18 19 20 21 22 23 24 25 26 27,O=C1[C@H](CCCc2ccccc2)[C@@H](c2ccccc2)N1c1ccccc1,train,389.4700000000001,5.566720000000005,0.5603019065480117,29,57
subcategory_halogen-walk.remove-F_1546,O=C(CCc1ccccc1)c1cc(F)ccc1OCC(O)CN1CCCCC1,1,halogen-walk,remove-F,O=C(CCc1ccc(F)cc1)c1cc(F)ccc1OCC(O)CN1CCCCC1,0 1 2 4 5 6 7 8 9 10 11 12 13 14 15 16 17 18 19 20 21 22 23 24 25 26 27,O=C(CCc1ccccc1)c1ccccc1OCCCN1CCCCC1,train,385.47900000000027,3.8668000000000022,0.6660566867879326,28,41
subcategory_halogen-walk.remove-F_1855,Cc1ccc2c(c1)c(-c1ccccc1)c(/C=C/[C@@H]1C[C@@H](O)CC(=O)O1)n2C(C)C,1,halogen-walk,remove-F,Cc1ccc2c(c1)c(-c1ccc(F)cc1)c(/C=C/[C@@H]1C[C@@H](O)CC(=O)O1)n2C(C)C,7 8 9 10 11 12 13,O=C1CCC[C@@H](/C=C/c2[nH]c3ccccc3c2-c2ccccc2)O1,train,389.4950000000002,5.277320000000007,0.6179932679347402,29,64
subcategory_halogen-walk.remove-F_59,Cc1cnc(C(=O)N(CCC(=O)NC(C)c2ccccc2)Cc2ccc(F)cc2)cn1,0,authentic,authentic,,,O=C(CCN(Cc1ccccc1)C(=O)c1cnccn1)NCc1ccccc1,train,420.4880000000001,3.8340200000000033,0.6009538794494373,31,51
subcategory_halogen-walk.remove-F_1164,COc1ccc2c3c1OC1C[C@@H](O)C=CC31CCN(C(=O)C(F)(F)F)C2,0,authentic,authentic,,,C1=CC23CCNCc4cccc(c42)OC3CC1,train,369.33900000000006,2.3094,0.7722023614164784,26,51
subcategory_halogen-walk.remove-F_2228,CN(C)CCC1OC(c2ccccc2)c2ccc(C#N)cc21,1,halogen-walk,remove-F,CN(C)CCC1OC(c2ccc(F)cc2)c2ccc(C#N)cc21,0 1 2 3 4 5 6 8 9 10 11 12 13 14 15 16 17 18 19 20 21,c1ccc(C2OCc3ccccc32)cc1,train,292.382,3.6706800000000026,0.8623470047042536,22,35
subcategory_halogen-walk.remove-F_277,CCN1CCN(C2=Nc3ccccc3Nc3ccc(C)cc32)CC1,0,authentic,authentic,,,c1ccc2c(c1)N=C(N1CCNCC1)c1ccccc1N2,train,320.44000000000017,3.767820000000002,0.8675983758423219,24,37
subcategory_halogen-walk.remove-F_826,CCC(=O)NCCc1c(-c2ccccc2)[nH]c2ccccc12,0,authentic,authentic,,,c1ccc(-c2cc3ccccc3[nH]2)cc1,train,292.38200000000006,3.9036000000000026,0.7356436782042125,22,37
subcategory_halogen-walk.remove-F_1037,Oc1ccccc1-c1nc(-c2ccc(F)cc2)c(-c2ccncc2)[nH]1,0,authentic,authentic,,,c1ccc(-c2nc(-c3ccccc3)c(-c3ccncc3)[nH]2)cc1,train,331.34999999999997,4.650400000000003,0.5742392441280129,25,45
subcategory_halogen-walk.remove-F_637,Cc1cnc(NC(=O)C2=C(O)c3ccccc3S(=O)(=O)N2C)s1.O=C(O)c1ccc(O)cc1,0,authentic,authentic,,,O=C(Nc1nccs1)C1=Cc2ccccc2S(=O)(=O)N1.c1ccccc1,train,489.53100000000023,3.0413200000000007,0.4371448721448947,33,61
subcategory_halogen-walk.remove-F_2797,O=C(Nc1ccccc1)OCC1(C2CC2)OC(=O)Nc2ccc(Cl)cc21,1,halogen-walk,remove-F,O=C(Nc1ccc(F)cc1)OCC1(C2CC2)OC(=O)Nc2ccc(Cl)cc21,0 1 3 4 5 6 7 8 9 10 11 12 13 14 15 16 17 18 19 20 21 22 23 24 25,O=C(Nc1ccccc1)OCC1(C2CC2)OC(=O)Nc2ccccc21,val,372.80799999999994,4.7561000000000035,0.8110186900715055,26,45
subcategory_halogen-walk.remove-F_325,CCn1cc(C(=O)OCC2=C(C(=O)O)N3C(=O)[C@@H](NC(=O)COc4ccccc4)C3SC2)c(=O)c2cc(F)c(N3CCSCC3)cc21,0,authentic,authentic,,,O=C(COc1ccccc1)N[C@@H]1C(=O)N2C=C(COC(=O)c3c[nH]c4cc(N5CCSCC5)ccc4c3=O)CSC12,test,682.752,2.688100000000002,0.24041205170288552,47,90
subcategory_halogen-walk.remove-F_1055,COC(=O)NC1(c2ccc(N3CCc4c(C(F)(F)F)nn(-c5ccc(OC)cc5)c4C3=O)cc2)CC1,0,authentic,authentic,,,O=C1c2c(cnn2-c2ccccc2)CCN1c1ccc(C2CC2)cc1,train,500.4770000000002,4.447700000000004,0.5597668623985659,36,65
subcategory_halogen-walk.remove-F_1826,CC(C)(NC(=O)[C@]1(c2ccccc2)CC[C@@H](N2CCC(c3ccccc3)CC2)CC1)c1cc(C(F)(F)F)cc(C(F)(F)F)c1,1,halogen-walk,remove-F,CC(C)(NC(=O)[C@]1(c2ccccc2)CC[C@@H](N2CCC(c3ccc(F)cc3)CC2)CC1)c1cc(C(F)(F)F)cc(C(F)(F)F)c1,19 20 21 22 23 24 25,O=C(NCc1ccccc1)[C@]1(c2ccccc2)CC[C@@H](N2CCC(c3ccccc3)CC2)CC1,val,616.6900000000004,8.835700000000003,0.2808702835635373,44,87
subcategory_halogen-walk.remove-F_1793,C=Cc1nn(-c2ccc(OC)cc2)c2c1CCN(c1ccc(C(=N)N3CCOCC3)cc1)C2=O,1,halogen-walk,remove-F,COc1ccc(-n2nc(C(F)(F)F)c3c2C(=O)N(c2ccc(C(=N)N4CCOCC4)cc2)CC3)cc1,0 1 2,N=C(c1ccc(N2CCc3cnn(-c4ccccc4)c3C2=O)cc1)N1CCOCC1,train,457.5340000000002,3.3843700000000014,0.46913522043346456,34,58
subcategory_halogen-walk.remove-F_1057,CC1CCCC(C)[N+]1=C(Nc1cccc(Cl)c1)c1ccccc1,0,authentic,authentic,,,c1ccc(NC(c2ccccc2)=[N+]2CCCCC2)cc1,train,327.8790000000001,5.172100000000004,0.5935447350952838,23,40
subcategory_halogen-walk.remove-F_1901,O=C1[C@H](c2ccc(O)cc2)[C@H](CC[C@H](O)c2ccccc2)N1c1ccccc1,1,halogen-walk,remove-F,O=C1[C@H](c2ccc(O)cc2)[C@H](CC[C@H](O)c2ccccc2)N1c1ccc(F)cc1,0 1 2 3 4 5 6 7 8 9 10 11 12 13 14 15 16 17 18 19 20 22 23 24 25 26,O=C1[C@H](c2ccccc2)[C@H](CCCc2ccccc2)N1c1ccccc1,train,373.45200000000006,4.405000000000003,0.6295547703039267,28,57
subcategory_halogen-walk.remove-F_833,NS(=O)(=O)c1ccc(-c2nc(-c3ccc(F)cc3)c(-c3ccncc3)[nH]2)cc1,0,authentic,authentic,,,c1ccc(-c2nc(-c3ccccc3)c(-c3ccncc3)[nH]2)cc1,train,394.43100000000004,3.592200000000002,0.5521097887009367,28,56
subcategory_halogen-walk.remove-F_2058,OC(Cn1cncn1)C(c1ccccc1)n1cncn1,1,halogen-walk,remove-F,OC(Cn1cncn1)C(c1ccc(F)cc1F)n1cncn1,0 1 2 3 4 5 6 7 9 10 11 12 13 14 15 16 17 18 19,c1ccc(C(CCn2cncn2)n2cncn2)cc1,train,270.29600000000005,0.5201,0.7306302080822152,20,30
subcategory_halogen-walk.remove-F_904,CCOc1cc2c(cc1OCC)C(=O)C(CC1CCN(Cc3ccccc3F)CC1)C2,0,authentic,authentic,,,O=C1c2ccccc2CC1CC1CCN(Cc2ccccc2)CC1,train,425.5440000000002,5.2804000000000055,0.5767886042187951,31,48
subcategory_halogen-walk.remove-F_384,COc1cc2c(c(F)c1OC)C(=O)C(CC1CCN(Cc3ccccc3)CC1)C2,0,authentic,authentic,,,O=C1c2ccccc2CC1CC1CCN(Cc2ccccc2)CC1,train,397.4900000000002,4.500200000000004,0.7194562444510861,29,48
subcategory_halogen-walk.remove-F_182,COc1cc2c(c(OC)c1OC)-c1ccc(OC)c(=O)cc1[C@@H](NCc1ccc(Cl)cc1)CC2,0,authentic,authentic,,,O=c1cccc2c(c1)[C@@H](NCc1ccccc1)CCc1ccccc1-2,train,481.9760000000002,5.1787000000000045,0.5013682855008722,34,62
subcategory_halogen-walk.remove-F_1974,CCCCN(CC(O)(Cn1cncn1)c1ccccc1)c1[nH]c(=O)ncc1F,1,halogen-walk,remove-F,CCCCN(CC(O)(Cn1cncn1)c1ccc(F)cc1F)c1[nH]c(=O)ncc1F,0 1 2 3 4 5 7 8 9 10 11 12 13 14 15 16 17 18 19 20 21 22 23 24 25 26 27,O=c1nccc(NCC(Cn2cncn2)c2ccccc2)[nH]1,train,386.4310000000001,1.6949999999999996,0.5805969051567869,28,46
subcategory_halogen-walk.remove-F_1238,CC(C)(C)C(=O)NCCCN1CCN(CCCNc2ccnc3cc(Cl)ccc23)CC1,0,authentic,authentic,,,c1ccc2c(NCCCN3CCNCC3)ccnc2c1,test,446.03900000000016,3.8602000000000025,0.5737127401545655,31,49
subcategory_halogen-walk.remove-F_853,COc1ccnc(CS(=O)c2nc3cc(N4CCC(=O)CC4)c(F)cc3[nH]2)c1C,0,authentic,authentic,,,O=C1CCN(c2ccc3[nH]c(S(=O)Cc4ccccn4)nc3c2)CC1,train,416.47800000000024,2.891120000000001,0.6881351759266949,29,52
subcategory_halogen-walk.remove-F_551,C(=C\C1CCN(Cc2ccccc2)CC1)/c1noc2ccccc12,0,authentic,authentic,,,C(=C\C1CCN(Cc2ccccc2)CC1)/c1noc2ccccc12,train,318.42,4.753200000000004,0.6947477382534024,24,39
subcategory_halogen-walk.remove-F_657,C[N+]1(C/C=C/c2ccccc2)CCC(OC(=O)C(O)(c2cccs2)c2cccs2)C1,0,authentic,authentic,,,O=C(OC1CC[NH+](C/C=C/c2ccccc2)C1)C(c1cccs1)c1cccs1,train,440.61000000000007,4.521000000000004,0.4340094101579204,30,55
subcategory_halogen-walk.remove-F_907,CC(C)N1CCC(c2noc3cc(F)ccc23)CC1,0,authentic,authentic,,,c1ccc2c(C3CCNCC3)noc2c1,train,262.32800000000003,3.554700000000003,0.8284324021778003,19,31
subcategory_halogen-walk.remove-F_615,OCCNc1nnc(-c2cccc(Cl)c2Cl)c(NCc2ccccc2)n1,0,authentic,authentic,,,c1ccc(CNc2ncnnc2-c2ccccc2)cc1,val,390.27400000000017,3.8617000000000017,0.5683921285459295,26,41
subcategory_halogen-walk.remove-F_2552,CCCCn1nc(Cc2ccccc2)cc1C1CCN(C[C@H]2CN([C@@H](C(=O)O)C3CCCCC3)C[C@@H]2c2ccccc2)CC1,1,halogen-walk,remove-F,O=C(O)[C@@H](C1CCCCC1)N1C[C@H](CN2CCC(c3cc(Cc4ccccc4)nn3CC(F)(F)F)CC2)[C@@H](c2ccccc2)C1,0 1 2 3,c1ccc(Cc2cc(C3CCN(C[C@H]4CN(CC5CCCCC5)C[C@@H]4c4ccccc4)CC3)[nH]n2)cc1,train,596.8600000000004,7.202500000000009,0.23959193711583165,44,81
subcategory_halogen-walk.remove-F_2598,CC(O)C(=CC[C@H]1C(=O)N(c2ccccc2)[C@@H]1c1ccc(O)cc1)c1ccc(F)cc1,1,halogen-walk,remove-F,CC(O)C(=CC[C@H]1C(=O)N(c2ccc(F)cc2)[C@@H]1c1ccc(O)cc1)c1ccc(F)cc1,0 1 2 3 4 5 6 7 8 10 11 12 13 14 15 16 17 18 19 20 21 22 23 24 25 26 27 28 29 30,O=C1[C@H](CC=Cc2ccccc2)[C@@H](c2ccccc2)N1c1ccccc1,train,417.4800000000001,5.0899000000000045,0.5494274015875276,31,62
subcategory_halogen-walk.remove-F_201,CCCCCc1ccc(C(c2ccns2)N2CCN(C)CC2)cc1,0,authentic,authentic,,,c1ccc(C(c2ccns2)N2CCNCC2)cc1,train,343.54000000000013,4.212600000000004,0.7020372034561403,24,36
subcategory_halogen-walk.remove-F_1402,CN(Cc1ccccc1)C(=O)[C@H](CCC(=O)O)NC(=O)CCC(NC(=O)c1cc(Cl)cc(Cl)c1)C(=O)N1CCC2(CCCC2)CC1,0,authentic,authentic,,,O=C(CCC(NC(=O)c1ccccc1)C(=O)N1CCC2(CCCC2)CC1)NCC(=O)NCc1ccccc1,train,673.6379999999996,5.063000000000005,0.2721030291855922,46,87
subcategory_halogen-walk.remove-F_2499,CCc1cc(O)nc2cc3c(cc12)C[C@@H](C)[C@@H](CC)N3,1,halogen-walk,remove-F,CC[C@H]1Nc2cc3nc(O)cc(C(F)(F)F)c3cc2C[C@H]1C,0 1 3 4 5 6 7 8 9 10 11 12 13 14 15 16 17 18 19,c1cnc2cc3c(cc2c1)CCCN3,train,270.3759999999999,3.885500000000002,0.8699811945993918,20,44
subcategory_halogen-walk.remove-F_1006,C=CCOc1cccc(C(=O)N(C)C2CCCN(Cc3ccccc3F)C2)c1,0,authentic,authentic,,,O=C(NC1CCCN(Cc2ccccc2)C1)c1ccccc1,train,382.4790000000001,4.127100000000004,0.6753476594261305,28,44
subcategory_halogen-walk.remove-F_2467,Cc1ccccc1C(O)(Cn1cncn1)C(Cc1ccccc1)n1cncn1,1,halogen-walk,remove-F,OC(Cn1cncn1)(c1ccc(F)cc1F)C(Cc1ccccc1)n1cncn1,0 1 2 3 4 5 6 8 9 10 11 12 13 14 15 16 17 18 19 20 21 22 23 24 25 26 27,c1ccc(CC(C(Cn2cncn2)c2ccccc2)n2cncn2)cc1,train,374.44800000000004,2.5498200000000004,0.5375856649333377,28,42
subcategory_halogen-walk.remove-F_2059,CCCCN(Cc1ccccc1F)CC(O)(Cn1cncn1)c1ccccc1,1,halogen-walk,remove-F,CCCCN(Cc1ccccc1F)CC(O)(Cn1cncn1)c1ccc(F)cc1F,14 22 23 24 25 26 27,c1ccc(CNCC(Cn2cncn2)c2ccccc2)cc1,train,382.483,3.607300000000002,0.5820330210757867,28,40
subcategory_halogen-walk.remove-F_2276,CCCc1ccccc1C(O)(Cn1cncn1)Cn1cncn1,1,halogen-walk,remove-F,OC(Cn1cncn1)(Cn1cncn1)c1ccccc1C(F)(F)F,0 1 2 3,c1ccc(C(Cn2cncn2)Cn2cncn2)cc1,train,312.37699999999995,1.4100999999999997,0.7131326681806639,23,33
subcategory_halogen-walk.remove-F_691,CC[C@]1(c2ccc(F)cc2)NC(=O)N(CC(=O)NCc2ccc(C)cc2)C1=O,0,authentic,authentic,,,O=C(CN1C(=O)NC(c2ccccc2)C1=O)NCc1ccccc1,train,383.4230000000002,2.6076200000000007,0.7529569855852525,28,52
subcategory_halogen-walk.remove-F_1727,Cc1[nH]c2c(c1C(=O)NCCCN1CCOCC1)CCC/C2=C/C(=O)Nc1ccccc1,1,halogen-walk,remove-F,Cc1[nH]c2c(c1C(=O)NCCCN1CCOCC1)CCC/C2=C1/C(=O)Nc2ccc(F)cc21,25 26 27 28 29 30 31,O=C1Nc2ccccc2/C1=C1\CCCc2c(C(=O)NCCCN3CCOCC3)c[nH]c21,train,436.55600000000015,3.1336200000000005,0.45979190154037725,32,54
subcategory_halogen-walk.remove-F_1990,C=CCOc1ccc(OCCCCC(=O)O)c(C(=O)NCC2CCCCN2)c1,1,halogen-walk,remove-F,O=C(O)CCCCOc1ccc(OCC(F)(F)F)cc1C(=O)NCC1CCCCN1,0 1 2,O=C(NCC1CCCCN1)c1ccccc1,train,390.48000000000013,2.7570000000000006,0.3750840299349864,28,43
subcategory_halogen-walk.remove-F_2482,CCc1ccc([C@H]2C=C(c3ccccc3)Nc3ncnn32)cc1,1,halogen-walk,remove-F,CCc1ccc([C@H]2C=C(c3ccc(F)cc3)Nc3ncnn32)cc1,0 1 2 3 4 5 6 7 9 10 11 12 13 14 15 16 17 18 19 20 21 22,C1=C(c2ccccc2)Nc2ncnn2[C@H]1c1ccccc1,train,302.38100000000003,3.8965000000000023,0.7977286012475832,23,40
subcategory_halogen-walk.remove-F_973,COc1cc2c(cc1OC)C(=O)C(CC1(F)CC3CCC(C1)N3Cc1ccc(F)cc1)C2,0,authentic,authentic,,,O=C1c2ccccc2CC1CC1CC2CCC(C1)N2Cc1ccccc1,train,441.5180000000002,5.123300000000005,0.6235758922551651,32,55
subcategory_halogen-walk.remove-F_2021,CC(C)n1c(/C=C/[C@@H](C[C@@H](CC(=O)O[N+](=O)[O-])O[N+](=O)[O-])O[N+](=O)[O-])c(-c2ccccc2)c2ccccc21,1,halogen-walk,remove-F,CC(C)n1c(/C=C/[C@@H](C[C@@H](CC(=O)O[N+](=O)[O-])O[N+](=O)[O-])O[N+](=O)[O-])c(-c2ccc(F)cc2)c2ccccc21,25 26 27 28 29 30 31,c1ccc(-c2c[nH]c3ccccc23)cc1,train,528.4740000000002,4.5713000000000035,0.22514275197393943,38,98
subcategory_halogen-walk.remove-F_1912,O=C(CCc1ccccc1)c1cc(F)ccc1OCC(O)CN1CCC(Cc2ccccc2)CC1,1,halogen-walk,remove-F,Cl.O=C(CCc1ccc(F)cc1)c1cc(F)ccc1OCC(O)CN1CCC(Cc2ccccc2)CC1,3 4 5 6 7 8 9,O=C(CCc1ccccc1)c1ccccc1OCCCN1CCC(Cc2ccccc2)CC1,train,475.6040000000003,5.335600000000005,0.38073375984136587,35,52
subcategory_halogen-walk.remove-F_1414,CCCC1C2CC[N+]1([C@H](C)[C@](O)(Cn1cncn1)c1ccc(F)cc1F)CC2,0,authentic,authentic,,,c1ccc(C(Cn2cncn2)C[N+]23CCC(CC2)C3)cc1,val,391.48600000000016,3.2417000000000016,0.7375055453824076,28,56
subcategory_halogen-walk.remove-F_1655,CC(NC(=O)CCN(Cc1ccccc1)C(=O)c1cnccn1)c1ccccc1,1,halogen-walk,remove-F,CC(NC(=O)CCN(Cc1ccc(F)cc1)C(=O)c1cnccn1)c1ccccc1,0 1 2 3 4 5 6 7 9 10 11 12 13 14 15 16 17 18 19 20 21 22 23 24 25 26 27 28,O=C(CCN(Cc1ccccc1)C(=O)c1cnccn1)NCc1ccccc1,train,388.47100000000006,3.3865000000000025,0.6418437321889037,29,45
subcategory_halogen-walk.remove-F_2772,O=C(CCc1ccccc1)c1ccccc1OCC(O)CN1CCC(O)(Cc2ccccc2)CC1,1,halogen-walk,remove-F,Cl.O=C(CCc1ccc(F)cc1)c1ccccc1OCC(O)CN1CCC(O)(Cc2ccccc2)CC1,0 1 2 4 5 6 7 8 9 10 11 12 13 14 15 16 17 18 19 20 21 22 23 24 25 26 27 28 29 30 31 32 33 34,O=C(CCc1ccccc1)c1ccccc1OCCCN1CCC(Cc2ccccc2)CC1,train,473.61300000000034,4.3114000000000035,0.40629355500153813,35,52
subcategory_halogen-walk.remove-F_79,CCCCCc1c(C(C)C)nc(C(C)C)c(CO)c1-c1ccccc1F,0,authentic,authentic,,,c1ccc(-c2ccncc2)cc1,train,357.51300000000003,6.359500000000007,0.5576319089777858,26,41
subcategory_halogen-walk.remove-F_2656,c1ccc(O[C@@H](c2ccccc2)[C@H]2CCNC2)cc1,1,halogen-walk,remove-F,Fc1ccc(O[C@@H](c2ccccc2)[C@H]2CCNC2)c(F)c1,0 1 2 3 5 6 7 8 9 10 11 12 13 14 15 16 17,c1ccc(O[C@@H](c2ccccc2)[C@H]2CCNC2)cc1,train,253.34499999999997,3.416200000000001,0.9011800263508704,19,38
subcategory_halogen-walk.remove-F_1772,C=CC(=O)c1cccc2ccc(C(=O)O)cc12,1,halogen-walk,remove-F,O=C(O)c1ccc2cccc(C(=O)C(F)(F)F)c2c1,0 1 2,c1ccc2ccccc2c1,train,226.23099999999997,2.9067000000000007,0.6462843098876997,17,30
subcategory_halogen-walk.remove-F_1394,CCn1c(/C=C/C(O)CC(O)CC(=O)O)c(-c2ccc(F)cc2)c2ccccc21,0,authentic,authentic,,,c1ccc(-c2c[nH]c3ccccc23)cc1,train,397.446,4.067100000000003,0.5351753268698931,29,52
subcategory_halogen-walk.remove-F_1246,O=S(=O)(c1ccccc1)c1cccc(OCCNc2ccncc2)c1,0,authentic,authentic,,,O=S(=O)(c1ccccc1)c1cccc(OCCNc2ccncc2)c1,train,354.431,3.405300000000002,0.6587089827058922,25,39
subcategory_halogen-walk.remove-F_2192,Cc1[nH]c(-c2ccccc2)cc1C(=O)N1CCN(C2CCCCC2)CC1,1,halogen-walk,remove-F,Cc1[nH]c(-c2ccc(F)cc2)cc1C(=O)N1CCN(C2CCCCC2)CC1,0 1 2 4 5 6 7 8 9 10 11 12 13 14 15 16 17 18 19 20 21 22 23 24 25,O=C(c1c[nH]c(-c2ccccc2)c1)N1CCN(C2CCCCC2)CC1,test,351.49400000000026,4.080620000000003,0.9048861424971654,26,45
subcategory_halogen-walk.remove-F_294,CCC(CO)c1nnc(-c2cccc(Cl)c2Cl)c(N)n1,0,authentic,authentic,,,c1ccc(-c2cncnn2)cc1,train,313.1880000000001,2.913500000000001,0.9062976672963211,20,35
subcategory_halogen-walk.remove-F_825,COc1ccc(CCNCC(O)c2ccccc2)cc1,0,authentic,authentic,,,c1ccc(CCNCCc2ccccc2)cc1,train,271.36,2.560900000000001,0.7604911274822651,20,28
subcategory_halogen-walk.remove-F_2479,c1ccc([C@@H]2CC3CCC(N3)[C@@H]2COc2ccc3c(c2)OCO3)cc1,1,halogen-walk,remove-F,Fc1ccc([C@@H]2CC3CCC(N3)[C@@H]2COc2ccc3c(c2)OCO3)cc1,0 1 2 3 4 23 24,c1ccc([C@@H]2CC3CCC(N3)[C@@H]2COc2ccc3c(c2)OCO3)cc1,train,337.4190000000001,3.7184000000000017,0.9229725914764417,25,51
subcategory_halogen-walk.remove-F_352,Cc1c(-c2ccccc2)cnn1C1CCN(Cc2ccccc2)CC1,0,authentic,authentic,,,c1ccc(CN2CCC(n3cc(-c4ccccc4)cn3)CC2)cc1,val,331.463,4.6956200000000035,0.6910296250697181,25,38
subcategory_halogen-walk.remove-F_76,O=C(NCC1CN(c2ccc(N3CCOCC3=O)c(F)c2)C(O)O1)c1ccc(Cl)s1,0,authentic,authentic,,,O=C(NCC1CN(c2ccc(N3CCOCC3=O)cc2)CO1)c1cccs1,train,455.8950000000001,1.8148999999999995,0.7142879392373715,30,53
subcategory_halogen-walk.remove-F_968,CCCCOc1ccc(CNC(=O)c2cc3n(n2)CC(C)(C(=O)NCc2ccccc2)N(C)C3=O)cc1,0,authentic,authentic,,,O=C(NCc1ccccc1)c1cc2n(n1)CC(C(=O)NCc1ccccc1)NC2=O,train,503.6030000000003,3.152700000000001,0.4137084196550849,37,62
subcategory_halogen-walk.remove-F_2671,Nc1nc(N)nc(Cc2cc(-c3ccccc3)[nH]n2)n1,1,halogen-walk,remove-F,Nc1nc(N)nc(Cc2cc(-c3ccc(F)cc3)[nH]n2)n1,10 11 12 13 14 15 16,c1ccc(-c2cc(Cc3ncncn3)n[nH]2)cc1,train,267.29600000000005,1.0168999999999997,0.6512918490760086,20,36
subcategory_halogen-walk.remove-F_1171,CN(Cl)CCC(Oc1ccc(C(F)(F)F)cc1)C1C=CC=CC1,0,authentic,authentic,,,C1=CCC(COc2ccccc2)C=C1,train,345.79200000000003,5.060800000000004,0.6680230264257043,23,40
subcategory_halogen-walk.remove-F_2702,CC(O)(c1ccccc1)C(O)(Cn1cncn1)c1ccc(Cl)cc1Cl,1,halogen-walk,remove-F,CC(O)(c1ccc(F)cc1)C(O)(Cn1cncn1)c1ccc(Cl)cc1Cl,0 2 3 4 5 6 7 8 9 10 11 12 13 14 15 16 17 18 19 20 21 22 23 24,c1ccc(CC(Cn2cncn2)c2ccccc2)cc1,train,378.259,3.3804000000000025,0.714225888162711,25,43
subcategory_halogen-walk.remove-F_1341,c1ccc(-c2ccc(-c3cccc(Cn4cncn4)c3)cc2)cc1,0,authentic,authentic,,,c1ccc(-c2ccc(-c3cccc(Cn4cncn4)c3)cc2)cc1,val,311.388,4.660400000000004,0.5485642541687213,24,40
subcategory_halogen-walk.remove-F_1922,O=C(Oc1ccc(C2C(CC[C@H](O)c3ccccc3)C(=O)N2c2ccc(F)cc2)c(F)c1)N1CCNCC1,1,halogen-walk,remove-F,O=C(Oc1ccc(C2C(CC[C@H](O)c3ccc(F)cc3)C(=O)N2c2ccc(F)cc2)c(F)c1)N1CCNCC1,11 13 14 15 16 17 18,O=C(Oc1ccc(C2C(CCCc3ccccc3)C(=O)N2c2ccccc2)cc1)N1CCNCC1,test,521.5640000000002,4.586700000000003,0.44490116657030654,38,68
subcategory_halogen-walk.remove-F_2238,COc1ccc(Cl)cc1C(=O)NCCN1CCN(S(=O)(=O)c2ccccc2)CC1,1,halogen-walk,remove-F,COc1ccc(Cl)cc1C(=O)NCCN1CCN(S(=O)(=O)c2ccc(F)cc2)CC1,0 1 2 3 4 5 6 7 8 9 10 11 12 13 14 15 16 17 19 20 21 22 23 24 25 26 27 28,O=C(NCCN1CCN(S(=O)(=O)c2ccccc2)CC1)c1ccccc1,train,437.9490000000001,2.0849,0.7170839530201146,29,49
subcategory_halogen-walk.remove-F_2256,c1ccc(-c2c(-c3ccccn3)nc3n2CCS3)cc1,1,halogen-walk,remove-F,Fc1ccc(-c2c(-c3ccccn3)nc3n2CCS3)cc1,0 1 2 3 5 6 7 8 9 10 11 12 13 14 15 16 17 18,c1ccc(-c2c(-c3ccccn3)nc3n2CCS3)cc1,train,279.36799999999994,3.717800000000002,0.7160574796326709,20,34
subcategory_halogen-walk.remove-F_1581,CC(n1nccn1)C(O)(Cn1cncn1)c1ccccc1,1,halogen-walk,remove-F,CC(n1nccn1)C(O)(Cn1cncn1)c1ccc(F)cc1F,0 1 2 3 4 5 6 8 9 10 11 12 13 14 15 16 17 18 19,c1ccc(C(Cn2cncn2)Cn2nccn2)cc1,train,284.323,1.0185999999999997,0.7561250990118724,21,33
subcategory_halogen-walk.remove-F_1981,O=C1Nc2ccc(Cl)cc2C(CN(C(=O)O)c2ccccc2)(C2CC2)O1,1,halogen-walk,remove-F,O=C1Nc2ccc(Cl)cc2C(CN(C(=O)O)c2ccc(F)cc2)(C2CC2)O1,0 1 2 3 4 5 6 7 8 9 10 11 13 14 15 16 17 18 19 20 21 22 23 24 25,O=C1Nc2ccccc2C(CNc2ccccc2)(C2CC2)O1,val,372.8080000000001,4.692000000000003,0.8153971294360499,26,47
subcategory_halogen-walk.remove-F_2284,O=C(NC1CCCCC1)NS(=O)(=O)c1ccc(CCNC(=O)c2cc(Cl)ccc2OCc2ccccc2)cc1,1,halogen-walk,remove-F,O=C(NC1CCCCC1)NS(=O)(=O)c1ccc(CCNC(=O)c2cc(Cl)ccc2OCc2ccc(F)cc2)cc1,30 31 32 33 34 35 36,O=C(NC1CCCCC1)NS(=O)(=O)c1ccc(CCNC(=O)c2ccccc2OCc2ccccc2)cc1,train,570.1110000000003,5.212100000000005,0.3099884815909217,39,64
subcategory_halogen-walk.remove-F_1788,CCc1ccc(O[C@H](CCN(C)CC(=O)O)c2ccccc2)cc1,1,halogen-walk,remove-F,CN(CC[C@@H](Oc1ccc(C(F)(F)F)cc1)c1ccccc1)CC(=O)O,0 1 3 4 5 6 7 8 9 10 11 12 13 14 15 16 17 18 19 20 21 22,c1ccc(COc2ccccc2)cc1,train,327.424,3.7756000000000025,0.7614106315580198,24,41
subcategory_halogen-walk.remove-F_1152,COc1cc(N)c(Cl)cc1C(=O)NC1CC2CCCCN2C1,0,authentic,authentic,,,O=C(NC1CC2CCCCN2C1)c1ccccc1,val,323.8240000000002,2.2874000000000008,0.8374959828262473,22,36
subcategory_halogen-walk.remove-F_216,COc1ccc(C#CCCN2CCC(Cc3ccccc3)CC2)cc1,0,authentic,authentic,,,C(#Cc1ccccc1)CCN1CCC(Cc2ccccc2)CC1,train,333.4750000000001,4.391500000000004,0.7524840878910782,25,36
subcategory_halogen-walk.remove-F_2510,Cc1ccccc1C(=O)c1ccc2n1CCCC2C(=O)O,1,halogen-walk,remove-F,O=C(c1ccc(F)cc1)c1ccc2n1CCCC2C(=O)O,0 1 2 3 4 5 6 8 9 10 11 12 13 14 15 16 17 18 19 20,O=C(c1ccccc1)c1ccc2n1CCCC2,train,283.327,2.9895200000000006,0.8808881964838968,21,33
subcategory_halogen-walk.remove-F_2629,CCOC(=O)CC(O)CC(O)/C=C/c1cc2ccccn2c1C(C)(C)c1ccccc1,1,halogen-walk,remove-F,CCOC(=O)CC(O)CC(O)/C=C/c1cc2ccccn2c1C(C)(C)c1ccc(F)cc1,0 1 2 3 4 5 6 7 8 9 10 11 12 13 14 15 16 17 18 19 20 21 23 24 25 26 27 28 29,c1ccc(Cc2ccc3ccccn23)cc1,val,421.53700000000015,4.343500000000004,0.5042786894948387,31,51
subcategory_halogen-walk.remove-F_1204,CC(C)(C)N1CC[C@@H](c2ccc(F)cc2)[C@H](COc2ccc3c(c2)OCO3)C1,0,authentic,authentic,,,c1ccc([C@@H]2CCNC[C@H]2COc2ccc3c(c2)OCO3)cc1,train,385.4790000000002,4.837400000000005,0.7537544234906717,28,57
subcategory_halogen-walk.remove-F_1160,CCCCC(=O)c1cc(C(C)(C)C)c2c(c1)C(C)(C)CCO2,0,authentic,authentic,,,c1ccc2c(c1)CCCO2,test,302.458,5.417100000000006,0.6943744198010957,22,41
subcategory_halogen-walk.remove-F_2029,CCCNC(=O)c1cc(-c2ccccc2)[nH]c1C,1,halogen-walk,remove-F,CCCNC(=O)c1cc(-c2ccc(F)cc2)[nH]c1C,0 1 2 3 4 5 6 7 9 10 11 12 13 14 15 16 17,c1ccc(-c2ccc[nH]2)cc1,train,242.322,3.129920000000001,0.8496611864813589,18,31
subcategory_halogen-walk.remove-F_2077,Cc1cccc(C2(CCCN(C)C)OC(C)(C)OCc3cc(C#N)ccc32)c1,1,halogen-walk,remove-F,CN(C)CCCC1(c2ccc(F)cc2)OC(C)(C)OCc2cc(C#N)ccc21,0 1 2 3 4 5 7 8 9 10 11 12 13 14 15 16 17 18 19 20 21 22 23 24 25 26,c1ccc(C2OCOCc3ccccc32)cc1,val,378.51600000000013,4.735000000000005,0.7541320737127059,28,47
subcategory_halogen-walk.remove-F_2793,c1ccc([C@@H]2CCNC[C@H]2COc2ccc3c(c2)OCO3)cc1,1,halogen-walk,remove-F,Fc1ccc([C@@H]2CCNC[C@H]2COc2ccc3c(c2)OCO3)cc1,0 1 2 3 5 6 7 8 9 10 11 12 13 14 15 16 17 18 19 20 21,c1ccc([C@@H]2CCNC[C@H]2COc2ccc3c(c2)OCO3)cc1,train,311.38100000000003,3.187400000000002,0.9411612066593474,23,44
subcategory_halogen-walk.remove-F_230,C[NH+](C)CCNS(=O)(=O)c1ccc(-c2cnc(N)c(C(=O)Nc3cccnc3)n2)cc1,0,authentic,authentic,,,O=C(Nc1cccnc1)c1cncc(-c2ccccc2)n1,train,442.52500000000015,-0.20409999999999617,0.3779175405511637,31,59
subcategory_halogen-walk.remove-F_2138,C=CCOc1ccc(C2C(CCC(O)c3ccc(F)cc3)C(=O)N2c2ccccc2)cc1,1,halogen-walk,remove-F,C=CCOc1ccc(C2C(CCC(O)c3ccc(F)cc3)C(=O)N2c2ccc(F)cc2)cc1,23 24 25 26 27 28 29,O=C1C(CCCc2ccccc2)C(c2ccccc2)N1c1ccccc1,train,431.5070000000001,5.608400000000006,0.35397604036816843,32,52
subcategory_halogen-walk.remove-F_2268,CN1CCC2(CC1)O[C@@H](c1ccccc1)c1ccccc12,1,halogen-walk,remove-F,CN1CCC2(CC1)O[C@@H](c1cccc(F)c1)c1ccccc12,0 1 2 3 4 5 6 7 9 10 11 12 13 14 15 16 17 18 19 20,c1ccc([C@@H]2OC3(CCNCC3)c3ccccc32)cc1,train,279.38300000000004,3.7271000000000027,0.7884558312742799,21,38
subcategory_halogen-walk.remove-F_1203,CC#CC(=O)N1CCC(CN2CCC(NC(=O)c3cc(Cl)c(N)cc3OC)CC2)CC1,0,authentic,authentic,,,O=C(NC1CCN(CC2CCNCC2)CC1)c1ccccc1,train,446.9790000000003,2.3869000000000007,0.5352570640052761,31,53
subcategory_halogen-walk.remove-F_1276,C[C@@H](O)[C@@]1(O)CC[C@H]2[C@@H]3CCC4=CC(=O)CC[C@]4(C)[C@H]3CC[C@@]21C,0,authentic,authentic,,,O=C1C=C2CC[C@H]3[C@@H]4CCCC4CC[C@@H]3C2CC1,train,332.4840000000001,3.630200000000003,0.770740196148743,24,71
subcategory_halogen-walk.remove-F_1843,Cc1nc2n(c(=O)c1CCN1CCC(c3noc4cc(N5CCC(CNOc6ccccc6)CC5)ccc34)CC1)CCCC2,1,halogen-walk,remove-F,Cc1nc2n(c(=O)c1CCN1CCC(c3noc4cc(N5CCC(C6NOc7cc(F)ccc76)CC5)ccc34)CC1)CCCC2,26 27 28 29 30 31 32,O=c1c(CCN2CCC(c3noc4cc(N5CCC(C6NOc7ccccc76)CC5)ccc34)CC2)cnc2n1CCCC2,test,596.7759999999998,5.251320000000004,0.26229137436290384,44,69
subcategory_halogen-walk.remove-F_25,COc1cc(N)c(Cl)cc1C(=O)NC1CCN2CC(c3ccccc3)CC2C1,0,authentic,authentic,,,O=C(NC1CCN2CC(c3ccccc3)CC2C1)c1ccccc1,train,399.9220000000002,3.6811000000000025,0.7693638558432382,28,46
subcategory_halogen-walk.remove-F_938,COc1ccc(/C=C2\CCCC(CN(C)C)C2(O)c2ccc(F)cc2)cc1,0,authentic,authentic,,,C(=C1/CCCCC1c1ccccc1)/c1ccccc1,train,369.48,4.467200000000004,0.8441723885459346,27,46
subcategory_halogen-walk.remove-F_1064,CN1CCC23c4c5ccc(O)c4O[C@H]2C(=O)[C@]2(CCc4ccccc4C2)C[C@H]3C1C5,0,authentic,authentic,,,O=C1[C@@H]2Oc3cccc4c3C23CCNC(C4)[C@@H]3C[C@@]12CCc1ccccc1C2,train,401.50600000000014,3.4155000000000024,0.7350358810846075,30,62
subcategory_halogen-walk.remove-F_565,Cc1cc(-n2ncc(=O)[nH]c2=O)ccc1C(=O)c1ccc(Cl)cc1,0,authentic,authentic,,,O=C(c1ccccc1)c1ccc(-n2ncc(=O)[nH]c2=O)cc1,test,341.754,2.113619999999999,0.7393377454162021,24,46
subcategory_halogen-walk.remove-F_667,[2H]C([2H])([2H])N1C(C(=O)Nc2ncc(C)s2)=C(O)c2ccccc2S1(=O)=O,0,authentic,authentic,,,O=C(Nc1nccs1)C1=Cc2ccccc2S(=O)(=O)N1,train,354.4273053340001,1.95092,0.8585805050773699,23,59
subcategory_halogen-walk.remove-F_2687,Cc1ccc(CN(C2CC2)[C@H](C)[C@](O)(Cn2cncn2)c2ccccc2)cc1,1,halogen-walk,remove-F,Cc1ccc(CN(C2CC2)[C@H](C)[C@](O)(Cn2cncn2)c2ccc(F)cc2F)cc1,0 1 2 3 4 5 6 7 8 9 10 11 13 14 15 16 17 18 19 20 21 22 23 24 25 26 27,c1ccc(CN(CC(Cn2cncn2)c2ccccc2)C2CC2)cc1,train,376.5040000000001,3.527420000000002,0.6534562530798563,28,53
subcategory_halogen-walk.remove-F_813,CCCC/N=C(\N)c1nnc(-c2ccccc2C)s1,0,authentic,authentic,,,c1ccc(-c2nncs2)cc1,val,274.393,3.0189200000000014,0.517605023125133,19,31
subcategory_halogen-walk.remove-F_2374,COC(=O)C[C@H](O)C[C@H](O)/C=C/n1c(C(C)C)cc(-c2ccccc2C)c1-c1cccc(Cl)c1,1,halogen-walk,remove-F,COC(=O)C[C@H](O)C[C@H](O)/C=C/n1c(C(C)C)cc(-c2ccc(F)cc2)c1-c1cccc(Cl)c1,0 1 2 3 4 5 6 7 8 9 10 11 12 13 14 15 16 17 19 20 21 22 23 24 25 26 27 28 29 30 31 32 33,c1ccc(-c2cc[nH]c2-c2ccccc2)cc1,train,482.0200000000002,6.053020000000005,0.3646116611991375,34,69
subcategory_halogen-walk.remove-F_794,CCOc1cccc(F)c1O[C@@H](c1ccccc1)[C@@H]1CNCCO1,0,authentic,authentic,,,c1ccc(O[C@@H](c2ccccc2)[C@@H]2CNCCO2)cc1,train,331.3870000000001,3.3329000000000013,0.8812587902312919,24,44
subcategory_halogen-walk.remove-F_178,CCC(CC)C[C@H](NC(C)=O)[C@H]1[C@H](NC(=O)OC)C[C@H](C(=O)O)N1Cc1ccccc1,0,authentic,authentic,,,c1ccc(CN2CCCC2)cc1,test,433.5490000000002,2.769700000000002,0.5236724269411017,31,68
subcategory_halogen-walk.remove-F_137,CCc1cccc(C(C)C)c1NC(=O)c1ccc(N)cc1,0,authentic,authentic,,,O=C(Nc1ccccc1)c1ccccc1,train,282.387,4.206900000000002,0.8253878862540973,21,34
subcategory_halogen-walk.remove-F_1489,N#CC1=C(N)n2ncnc2N[C@@H]1c1ccccc1,1,halogen-walk,remove-F,N#CC1=C(N)n2ncnc2N[C@@H]1c1ccc(F)cc1,0 1 2 3 4 5 6 7 8 9 10 12 13 14 15 16,C1=Cn2ncnc2N[C@@H]1c1ccccc1,train,238.25400000000005,1.0957799999999998,0.7755038327768214,18,33
subcategory_halogen-walk.remove-F_1856,O=C1[C@@H](CC[C@H](O)c2ccccc2)C(c2ccc(-c3ccccc3O)cc2)N1c1ccc(F)cc1,1,halogen-walk,remove-F,O=C1[C@@H](CC[C@H](O)c2ccc(F)cc2)C(c2ccc(-c3ccccc3O)cc2)N1c1ccc(F)cc1,5 7 8 9 10 11 12,O=C1[C@@H](CCCc2ccccc2)C(c2ccc(-c3ccccc3)cc2)N1c1ccccc1,test,467.54000000000013,6.416200000000006,0.30859645837906574,35,66
subcategory_halogen-walk.remove-F_528,CCC1NC(=O)OC12CCN(CC1COc3ccccc3O1)CC2,0,authentic,authentic,,,O=C1NCC2(CCN(CC3COc4ccccc4O3)CC2)O1,val,332.4000000000001,2.1793999999999993,0.9192414468040204,24,37
subcategory_halogen-walk.remove-F_2495,CCCc1cccc(NS(=O)(=O)c2cc(C(=O)O)c(NCc3ccco3)cc2Cl)c1,1,halogen-walk,remove-F,O=C(O)c1cc(S(=O)(=O)Nc2cccc(C(F)(F)F)c2)c(Cl)cc1NCc1ccco1,0 1 2 4 5 6 7 8 9 10 11 12 13 14 15 16 17 18 19 20 21 22 23 24 25 26 27 28,O=S(=O)(Nc1ccccc1)c1ccc(NCc2ccco2)cc1,train,448.9280000000001,4.9966000000000035,0.4248645546738159,30,52
subcategory_halogen-walk.remove-F_1804,CN(C)CCCC1(c2ccccc2)COCc2cc(C#N)ccc21,1,halogen-walk,remove-F,CN(C)CCCC1(c2ccc(F)cc2)COCc2cc(C#N)ccc21,0 1 2 3 4 5 7 8 9 10 11 12 13 14 15 16 17 18 19 20 21 22,c1ccc(C2COCc3ccccc32)cc1,train,320.43600000000004,3.7163800000000027,0.842289001247014,24,37
subcategory_halogen-walk.remove-F_1284,CCC1(c2ccccc2)NC(=O)N(CC(=O)NCCc2ccc(F)cc2)C1=O,0,authentic,authentic,,,O=C(CN1C(=O)NC(c2ccccc2)C1=O)NCCc1ccccc1,train,383.42300000000006,2.3417000000000003,0.7206696058884988,28,47
subcategory_halogen-walk.remove-F_413,CCCCCCCCOC(=O)[C@@H]1C[C@@H]2CCC[C@@H]2N1C(=O)[C@H](C)NC(=O)CCc1ccccc1,0,authentic,authentic,,,O=C(CCc1ccccc1)NCC(=O)N1CC[C@@H]2CCC[C@@H]21,train,470.6540000000002,4.797200000000005,0.33196927651761443,34,70
subcategory_halogen-walk.remove-F_891,COc1ccc(F)c(C2(O)CC3CCC(C3)C2CN(C)C)c1,0,authentic,authentic,,,c1ccc(C2CC3CCC(C3)C2)cc1,train,307.409,3.019700000000002,0.9279231168935446,22,38
subcategory_halogen-walk.remove-F_2452,CN(C)CCCC1(c2ccccc2)OCc2cc(C#N)ccc21,1,halogen-walk,remove-F,CN(C)CCCC1(c2ccc(F)cc2)OCc2cc(C#N)ccc21,0 1 2 3 4 5 7 8 9 10 11 12 13 14 15 16 17 18 19 20 21,c1ccc(C2OCc3ccccc32)cc1,train,306.409,3.673880000000003,0.845316819511218,23,36
subcategory_halogen-walk.remove-F_160,O=C1C(CC[C@H](O)c2ccc(F)cc2)[C@@H](c2ccc(O)cc2)N1c1ccc(F)cc1,0,authentic,authentic,,,O=C1C(CCCc2ccccc2)[C@@H](c2ccccc2)N1c1ccccc1,train,409.4320000000001,4.888300000000004,0.5702138618789355,30,60
subcategory_halogen-walk.remove-F_2351,O=C1CC(c2ccc(O)cc2)N1C(C[C@@H](O)c1ccccc1)c1ccc(F)cc1,1,halogen-walk,remove-F,O=C1CC(c2ccc(O)cc2)N1C(C[C@@H](O)c1ccc(F)cc1)c1ccc(F)cc1,0 1 2 3 4 5 6 7 8 9 10 11 12 13 15 16 17 18 19 20 21 22 23 24 25 26 27 28,O=C1CC(c2ccccc2)N1C(CCc1ccccc1)c1ccccc1,test,391.44200000000006,4.669700000000003,0.6005269170319876,29,53
subcategory_halogen-walk.remove-F_1963,Cc1ccccc1CCC(O)(Cn1cncn1)c1ccccc1F,1,halogen-walk,remove-F,OC(CCc1ccc(F)cc1)(Cn1cncn1)c1ccccc1F,0 1 2 3 4 5 6 7,c1ccc(CCC(Cn2cncn2)c2ccccc2)cc1,train,325.38700000000006,3.246220000000002,0.7567579446167984,24,34
subcategory_halogen-walk.remove-F_258,O=S(=O)(O)O.OCCOCCN1CCN(C2=Nc3ccccc3Sc3ccccc32)CC1,0,authentic,authentic,,,c1ccc2c(c1)N=C(N1CCNCC1)c1ccccc1S2,train,481.5960000000001,2.2032000000000007,0.43556431382704697,32,50
subcategory_halogen-walk.remove-F_2851,CCOC(=O)N1CC[C@@H](c2cccc(C)c2)[C@H](COc2ccc3c(c2)OCO3)C1,1,halogen-walk,remove-F,CCOC(=O)N1CC[C@@H](c2ccc(F)cc2)[C@H](COc2ccc3c(c2)OCO3)C1,0 1 2 3 4 5 6 7 9 10 11 12 13 14 15 16 17 18 19 20 21 22 23 24 25 26 27 28,c1ccc([C@@H]2CCNC[C@H]2COc2ccc3c(c2)OCO3)cc1,train,397.47100000000023,4.364720000000004,0.750108423447744,29,57
subcategory_halogen-walk.remove-F_2649,CN(C)CCCCC(c1ccccc1)c1ccc(C#N)cc1CO,1,halogen-walk,remove-F,CN(C)CCCCC(c1ccc(F)cc1)c1ccc(C#N)cc1CO,7 8 9 10 11 12 13,c1ccc(Cc2ccccc2)cc1,train,322.4520000000001,3.9143800000000035,0.7495100653339322,24,35
subcategory_halogen-walk.remove-F_2212,O=C(Nc1ccc(F)c(F)c1)N1CCC2(CC1)C(=O)N(c1ccccc1)C2c1ccc(O)cc1,1,halogen-walk,remove-F,O=C(Nc1ccc(F)c(F)c1)N1CCC2(CC1)C(=O)N(c1ccc(F)cc1)C2c1ccc(O)cc1,19 20 21 22 23 24 25,O=C(Nc1ccccc1)N1CCC2(CC1)C(=O)N(c1ccccc1)C2c1ccccc1,train,463.4840000000001,5.072600000000004,0.5328133313428247,34,60
subcategory_halogen-walk.remove-F_354,O=C(NCCc1c2n(c3ccccc13)CCCc1ccccc1-2)C1CC1,0,authentic,authentic,,,O=C(NCCc1c2n(c3ccccc13)CCCc1ccccc1-2)C1CC1,train,344.4580000000001,4.3232000000000035,0.7511612652104898,26,42
subcategory_halogen-walk.remove-F_2141,CC(NC(=O)CN1C(=O)NC(C)(c2ccccc2)C1=O)c1ccccc1,1,halogen-walk,remove-F,CC(NC(=O)CN1C(=O)NC(C)(c2ccccc2)C1=O)c1ccc(F)cc1F,1 20 21 22 23 24 25,O=C(CN1C(=O)NC(c2ccccc2)C1=O)NCc1ccccc1,train,351.4060000000001,2.3309999999999995,0.8117428902724492,26,45
subcategory_halogen-walk.remove-F_1550,Cc1ccccc1C(C)C(O)(Cn1cncn1)c1ccccc1,1,halogen-walk,remove-F,CC(c1ccc(F)cc1)C(O)(Cn1cncn1)c1ccccc1,0 1 2 3 4 5 6 7,c1ccc(CC(Cn2cncn2)c2ccccc2)cc1,train,307.397,3.2780200000000024,0.7867709781570182,23,35
subcategory_halogen-walk.remove-F_246,O=C1C(CC[C@H](O)c2ccc(F)cc2)C(c2cccc(-c3cccc(O)c3)c2)N1c1ccc(F)cc1,0,authentic,authentic,,,O=C1C(CCCc2ccccc2)C(c2cccc(-c3ccccc3)c2)N1c1ccccc1,train,485.53000000000014,6.555300000000006,0.29174540828943196,36,66
subcategory_halogen-walk.remove-F_2745,CC(C)C=CN1CC[C@@H](c2ccccc2)[C@H](COc2ccc3c(c2)OCO3)C1,1,halogen-walk,remove-F,CC(C)C=CN1CC[C@@H](c2ccc(F)cc2)[C@H](COc2ccc3c(c2)OCO3)C1,8 9 10 11 12 13 14,c1ccc([C@@H]2CCNC[C@H]2COc2ccc3c(c2)OCO3)cc1,train,379.5000000000002,5.069500000000005,0.7011352117228709,28,54
subcategory_halogen-walk.remove-F_2215,Cc1ccc(CN2CCN(CC(O)(Cn3cncn3)c3ccccc3)CC2)cc1,1,halogen-walk,remove-F,Cc1ccc(CN2CCN(CC(O)(Cn3cncn3)c3ccc(F)cc3F)CC2)cc1,0 1 2 3 4 5 6 7 8 9 10 12 13 14 15 16 17 18 19 20 21 22 23 24 25 26 27 28,c1ccc(CN2CCN(CC(Cn3cncn3)c3ccccc3)CC2)cc1,train,391.5190000000002,2.2921199999999997,0.6697490429698439,29,45
subcategory_halogen-walk.remove-F_1387,CCCCC(NC(=O)c1cc(-c2ccccc2)nc2ccccc12)c1ccccc1,0,authentic,authentic,,,O=C(NCc1ccccc1)c1cc(-c2ccccc2)nc2ccccc12,train,394.5180000000001,6.563100000000006,0.38540589003699977,30,46
subcategory_halogen-walk.remove-F_1638,Cc1cccc([C@@](O)(Cn2cncn2)[C@@H](C)n2nccn2)c1,1,halogen-walk,remove-F,C[C@@H](n1nccn1)[C@](O)(Cn1cncn1)c1ccc(F)cc1F,0 1 2 3 4 5 6 21,c1ccc(C(Cn2cncn2)Cn2nccn2)cc1,train,298.35,1.3270199999999999,0.7681423427196364,22,45
subcategory_halogen-walk.remove-F_1058,COc1cc2c(cc1OC)C(=O)C(CC1(F)CCN(CCc3cccc(F)c3)CC1)C2,0,authentic,authentic,,,O=C1c2ccccc2CC1CC1CCN(CCc2ccccc2)CC1,train,429.5070000000002,4.634800000000005,0.6431434863800155,31,52
subcategory_halogen-walk.remove-F_1169,CCC1(c2ccc(F)cc2)NC(=O)N(CC(=O)NC(C)c2ccccc2)C1=O,0,authentic,authentic,,,O=C(CN1C(=O)NC(c2ccccc2)C1=O)NCc1ccccc1,train,383.4230000000001,2.8602000000000007,0.7532019842779438,28,49
subcategory_halogen-walk.remove-F_2816,Cc1ccccc1N1C(=O)[C@H](C/C=C/c2ccc(F)cc2)[C@H]1c1ccc(O)cc1,1,halogen-walk,remove-F,O=C1[C@H](C/C=C/c2ccc(F)cc2)[C@@H](c2ccc(O)cc2)N1c1ccc(F)cc1,0 1 2 3 4 5 6 8 9 10 11 12 13 14 15 16 17 18 19 20 21 22 23 24 25 26 27 28,O=C1[C@H](C/C=C/c2ccccc2)[C@@H](c2ccccc2)N1c1ccccc1,train,387.45400000000006,5.647320000000006,0.5750735399102249,29,57
subcategory_halogen-walk.remove-F_71,CCOC(=O)[C@H](CCc1ccccc1)NC(C)C(=O)N1CCC[C@@]1(C(=O)O)C1CCCCC1,0,authentic,authentic,,,O=C(CNCCCc1ccccc1)N1CCCC1C1CCCCC1,train,458.5990000000005,3.5551000000000013,0.5207339041875968,33,62
subcategory_halogen-walk.remove-F_1462,CCc1nc(-c2ccc(Oc3ccccc3)cc2)sc1C(=O)O,1,halogen-walk,remove-F,CCc1nc(-c2ccc(Oc3ccc(F)cc3)cc2)sc1C(=O)O,0 1 2 3 4 5 6 7 8 10 11 12 13 14 15 16 17 18 19 20 21 22,c1ccc(Oc2ccc(-c3nccs3)cc2)cc1,val,325.38900000000007,4.863000000000003,0.7272930219568773,23,37
subcategory_halogen-walk.remove-F_2639,COc1cc(NC(C)CCCN)c2ncccc2c1Oc1ccccc1,1,halogen-walk,remove-F,COc1cc(NC(C)CCCN)c2ncccc2c1Oc1ccc(F)cc1,0 1 2 3 4 5 6 7 8 9 10 11 12 13 14 15 16 17 18 20 21 22 23 24,c1ccc(Oc2cccc3ncccc23)cc1,val,351.45000000000005,4.575000000000004,0.6217658288345396,26,36
subcategory_halogen-walk.remove-F_161,C=CC(=O)Nc1c(C)[nH]c(/C=C2\C(=O)Nc3ccc(C(=O)N[C@H](C)c4ccccc4)cc32)c1C,0,authentic,authentic,,,O=C1Nc2ccc(C(=O)NCc3ccccc3)cc2/C1=C/c1ccc[nH]1,val,454.5300000000002,4.739740000000003,0.40460550791562905,34,70
subcategory_halogen-walk.remove-F_2692,C=Cc1cccc(Cn2c(CC(C)(C)CC(=O)O)nc3ccccc32)c1,1,halogen-walk,remove-F,CC(C)(CC(=O)O)Cc1nc2ccccc2n1Cc1cccc(C(F)(F)F)c1,0 1 3 4 5 6 7 8 9 10 11 12 13 14 15 16 17 18 19 20 21 22 23 24,c1ccc(Cn2cnc3ccccc32)cc1,train,348.446,4.7710000000000035,0.6689083019789409,26,44
subcategory_halogen-walk.remove-F_2209,OC(c1ccccc1)(c1ccc(F)cc1)C1(n2cncn2)CC1,1,halogen-walk,remove-F,OC(c1ccc(F)cc1)(c1ccc(F)cc1)C1(n2cncn2)CC1,1 2 3 4 5 6 7,c1ccc(C(c2ccccc2)C2(n3cncn3)CC2)cc1,train,309.34400000000005,2.8424000000000005,0.8060522630129981,23,39
subcategory_halogen-walk.remove-F_2490,CC(C)c1nn2cccc2c(-c2ccccc2)c1/C=C/C(O)CC(O)CC(=O)O,1,halogen-walk,remove-F,CC(C)c1nn2cccc2c(-c2ccc(F)cc2)c1/C=C/C(O)CC(O)CC(=O)O,10 11 12 13 14 15 16,c1ccc(-c2ccnn3cccc23)cc1,train,394.4710000000002,3.724500000000001,0.541160617057555,29,50
subcategory_halogen-walk.remove-F_1172,COc1cc(C)c(C(=O)Oc2cc(C)c(C(=O)O)c(OC)c2)c(O)c1,0,authentic,authentic,,,O=C(Oc1ccccc1)c1ccccc1,train,346.3350000000001,2.943640000000001,0.6336307331146175,25,47
subcategory_halogen-walk.remove-F_972,CN1CCC(N2Cc3cc(Cl)ccc3Nc3ccccc32)CC1,0,authentic,authentic,,,c1ccc2c(c1)CN(C1CCNCC1)c1ccccc1N2,train,327.85900000000015,4.497800000000004,0.831733425007993,23,36
subcategory_halogen-walk.remove-F_1690,N#Cc1ccc2c(c1)C(CCCN)OC2c1ccccc1,1,halogen-walk,remove-F,N#Cc1ccc2c(c1)C(CCCN)OC2c1ccc(F)cc1,0 1 2 3 4 5 6 7 8 9 10 11 12 13 15 16 17 18 19,c1ccc(C2OCc3ccccc32)cc1,train,278.35499999999996,3.457880000000001,0.9313483916198866,21,32
subcategory_halogen-walk.remove-F_1096,COc1cc(-n2nc(C(N)=O)c3c2C(=O)N(c2ccc(N4CCCC4=O)cc2C)CC3)ccc1F,0,authentic,authentic,,,O=C1CCCN1c1ccc(N2CCc3cnn(-c4ccccc4)c3C2=O)cc1,train,477.4960000000003,2.7570200000000007,0.6076213608832566,35,61
subcategory_halogen-walk.remove-F_857,C=C1CC2(C)C(=CC1=O)CCC1C2CCC2(C)C(O)CCC12,0,authentic,authentic,,,C=C1CC2C(=CC1=O)CCC1C3CCCC3CCC21,test,300.442,4.045300000000003,0.6853946905571333,22,41
subcategory_halogen-walk.remove-F_1070,COc1cc2c(cc1OC)C(O)C(CC1CCN(Cc3ccccc3)CC1)C2=O,0,authentic,authentic,,,O=C1c2ccccc2CC1CC1CCN(Cc2ccccc2)CC1,train,395.4990000000002,3.852000000000003,0.8050642754391121,29,46
subcategory_halogen-walk.remove-F_792,O=C(O)c1ccccc1Nc1cccc(OCc2ccc3ccccc3n2)c1,0,authentic,authentic,,,c1ccc(Nc2cccc(OCc3ccc4ccccc4n3)c2)cc1,val,370.408,5.255600000000004,0.4846034749625999,28,41
subcategory_halogen-walk.remove-F_1925,Nc1nc2ccnc(-c3ccccc3)n2n1,1,halogen-walk,remove-F,Nc1nc2ccnc(-c3ccc(F)cc3)n2n1,0 1 2 3 4 5 6 8 9 10 11 12 13 14 15,c1ccc(-c2nccc3ncnn23)cc1,train,211.228,1.3735,0.6596740131834726,16,25
subcategory_halogen-walk.remove-F_1133,CC(C)c1cc(C(C)C)c(S(=O)(=O)N[C@H](C(=O)N2CCCC2C(=O)NC(C(=O)C(F)(F)F)C(C)C)C(C)C)c(C(C)C)c1,0,authentic,authentic,,,O=C(CNS(=O)(=O)c1ccccc1)N1CCCC1,val,631.802,5.622900000000005,0.31098591728397734,43,90
subcategory_halogen-walk.remove-F_465,COc1ccc2c(c1)c(CC(=O)Nc1cc(C)ccc1C)c(C)n2C(=O)c1ccc(Cl)cc1,0,authentic,authentic,,,O=C(Cc1cn(C(=O)c2ccccc2)c2ccccc12)Nc1ccccc1,train,460.96100000000024,6.098260000000005,0.39123100464292726,33,58
subcategory_halogen-walk.remove-F_1207,CCN(CC)CCOc1ccc(-c2oc3ccc(C)cc3c2C(=O)c2cc(C)cc(C)c2)cc1,0,authentic,authentic,,,O=C(c1ccccc1)c1c(-c2ccccc2)oc2ccccc12,train,455.59800000000024,6.976660000000007,0.25546873860259645,34,56
subcategory_halogen-walk.remove-F_1549,CCC1(CC)CCC(=Cc2ccccc2)C1(O)Cn1cncn1,1,halogen-walk,remove-F,CCC1(CC)CCC(=Cc2ccc(F)cc2)C1(O)Cn1cncn1,0 1 2 3 4 5 6 7 9 10 11 12 13 14 15 16 17 18 19 20 21 22,C(=C1CCCC1Cn1cncn1)c1ccccc1,train,311.42900000000003,3.6930000000000023,0.9158720621843721,23,36
subcategory_halogen-walk.remove-F_2451,CCN1CCN(CC(O)COc2ccccc2C(=O)CCc2ccccc2)CC1,1,halogen-walk,remove-F,CCN1CCN(CC(O)COc2ccccc2C(=O)CCc2ccc(F)cc2)CC1.Cl,0 1 2 3 4 5 6 7 8 9 10 11 12 13 14 15 16 17 18 20 21 22 23 24 25 26 27 28,O=C(CCc1ccccc1)c1ccccc1OCCCN1CCNCC1,train,396.53100000000023,2.8793000000000006,0.6261039499249615,29,42
subcategory_halogen-walk.remove-F_1108,CCc1ccc(C2(c3ccc(F)cc3)OCc3cc(C#N)ccc32)cc1,0,authentic,authentic,,,c1ccc(C2(c3ccccc3)OCc3ccccc32)cc1,test,343.401,5.081880000000004,0.6641082656268701,26,43
subcategory_halogen-walk.remove-F_2128,CN(CCCC1(c2ccccc2)OCc2cc(C#N)ccc21)C1=NCCSC1,1,halogen-walk,remove-F,CN(CCCC1(c2ccc(F)cc2)OCc2cc(C#N)ccc21)C1=NCCSC1,0 1 2 3 4 6 7 8 9 10 11 12 13 14 15 16 17 18 19 20 21 22 23 24 25 26 27,c1ccc(C2(CCCNC3=NCCSC3)OCc3ccccc32)cc1,train,391.5400000000002,4.189380000000003,0.7668062089207455,28,44
subcategory_halogen-walk.remove-F_1368,CCCc1nc(C(O)CC)c(C(=O)O)n1Cc1ccc(-c2ccccc2-c2nn[nH]n2)cc1,0,authentic,authentic,,,c1ccc(-c2nn[nH]n2)c(-c2ccc(Cn3ccnc3)cc2)c1,train,446.5110000000001,3.872600000000002,0.3556923091328899,33,57
subcategory_halogen-walk.remove-F_175,COc1ccc(CCNCC(O)C(=O)Oc2ccccc2C)cc1OC,0,authentic,authentic,,,O=C(CCNCCc1ccccc1)Oc1ccccc1,test,359.42200000000014,2.1108199999999995,0.40568322184077116,26,37
subcategory_halogen-walk.remove-F_2812,CCC(=O)N(c1ccccc1)C1CCCC1N(C)C,1,halogen-walk,remove-F,CCC(=O)N(c1ccc(F)cc1)C1CCCC1N(C)C,0 1 2 3 5 6 7 8 9 10 11 12 13 14 15 16 17 18,c1ccc(NC2CCCC2)cc1,val,260.381,2.912300000000001,0.8307718860429908,19,30
subcategory_halogen-walk.remove-F_1366,CN(C)CCC(=O)c1c(-c2ccccc2)oc2ccccc12.Cl,0,authentic,authentic,,,c1ccc(-c2cc3ccccc3o2)cc1,test,329.82700000000006,4.656000000000004,0.6384430798639457,23,39
subcategory_halogen-walk.remove-F_2558,Cc1cccc(-c2cn(-c3ccccc3)c(C(C)C)c2/C=C/[C@@H](O)C[C@@H](O)CC(=O)O)c1,1,halogen-walk,remove-F,CC(C)c1c(/C=C/[C@@H](O)C[C@@H](O)CC(=O)O)c(-c2ccc(F)cc2)cn1-c1ccccc1,0 1 2 3 4 5 6 31,c1ccc(-c2ccn(-c3ccccc3)c2)cc1,train,433.54800000000023,5.175920000000007,0.43441798222436745,32,68
subcategory_halogen-walk.remove-F_2644,C=Cc1cccc2c1NC(=O)C21OCCO1,1,halogen-walk,remove-F,O=C1Nc2c(C(F)(F)F)cccc2C12OCCO2,0 1 3 4 5 6 7 8 9 10 11 12 13 14 15,O=C1Nc2ccccc2C12OCCO2,train,217.22399999999993,1.4812999999999996,0.774681323752466,16,26
subcategory_halogen-walk.remove-F_2369,CN1CCN(c2cc3c(cc2F)c(=O)c(C(=O)O)cn3-c2ccccc2)CC1,1,halogen-walk,remove-F,CN1CCN(c2cc3c(cc2F)c(=O)c(C(=O)O)cn3-c2ccc(F)cc2)CC1,0 1 2 3 4 5 6 7 8 9 10 11 12 13 14 15 16 17 18 20 21 22 23 24 25 26 27,O=c1ccn(-c2ccccc2)c2cc(N3CCNCC3)ccc12,train,381.4070000000001,2.5798000000000005,0.7555026607723393,28,49
subcategory_halogen-walk.remove-F_2869,C=COc1ccccc1OC(CC1CNC1)c1ccc(F)c(F)c1,1,halogen-walk,remove-F,Fc1ccc(C(CC2CNC2)Oc2ccccc2OC(F)(F)F)cc1F,0 1 2,c1ccc(OC(CC2CNC2)c2ccccc2)cc1,train,331.36199999999997,4.216700000000004,0.7708398230641611,24,37
subcategory_halogen-walk.remove-F_1155,CCC(C(c1ccccc1)c1ccccc1)N(CCO)CCO,0,authentic,authentic,,,c1ccc(Cc2ccccc2)cc1,train,313.4410000000001,2.8837000000000015,0.7479856651060366,23,33
subcategory_halogen-walk.remove-F_550,CCC(=O)C1C2CCC(CC1c1ccc3ccccc3c1)N2,0,authentic,authentic,,,c1ccc2cc(C3CC4CCC(C3)N4)ccc2c1,train,293.41,4.043000000000003,0.9249499849580617,22,35
subcategory_halogen-walk.remove-F_2431,CC(C)Oc1ccc(Cl)cc1C(=O)N1CCC(NS(=O)(=O)c2ccccc2)CC1,1,halogen-walk,remove-F,CC(C)Oc1ccc(Cl)cc1C(=O)N1CCC(NS(=O)(=O)c2ccc(F)cc2)CC1,0 1 2 3 4 5 6 7 8 9 10 11 12 13 14 15 16 17 19 20 21 22 23 24 25 26 27 28,O=C(c1ccccc1)N1CCC(NS(=O)(=O)c2ccccc2)CC1,train,436.9610000000001,3.710300000000003,0.7484569455186304,29,51
subcategory_halogen-walk.remove-F_1596,CC(C)n1c(/C=C/C(O)CC(O)CC(N)=O)c(-c2ccccc2)c2ccccc21,1,halogen-walk,remove-F,CC(C)n1c(/C=C/C(O)CC(O)CC(N)=O)c(-c2ccc(F)cc2)c2ccccc21,0 1 2 3 4 5 6 7 8 9 10 11 12 13 14 15 17 18 19 20 21 22 23 24 25 26 27 28,c1ccc(-c2c[nH]c3ccccc23)cc1,train,392.499,3.889700000000002,0.5433138218815593,29,52
subcategory_halogen-walk.remove-F_952,CCN1C(=O)NCC1N1CCC(c2noc3cc(F)ccc23)CC1,0,authentic,authentic,,,O=C1NCC(N2CCC(c3noc4ccccc34)CC2)N1,train,332.3790000000001,2.517500000000001,0.9380974938721175,24,39
subcategory_halogen-walk.remove-F_900,NCCCC[C@H](N[C@@H](CCc1ccccc1)C(=O)O)C(=O)N1CCC[C@]1(C=O)C(=O)O,0,authentic,authentic,,,O=C(CNCCCc1ccccc1)N1CCCC1,train,433.5050000000003,0.8043000000000011,0.20267339822794614,31,63
subcategory_halogen-walk.remove-F_539,CC1(C)C(C)(C)C(C)(C)C(CN)(CC(=O)O)C(C)(C)C1(C)C,0,authentic,authentic,,,C1CCCCC1,train,311.51000000000005,4.550800000000003,0.8033217465191896,22,47
subcategory_halogen-walk.remove-F_91,CCOC(=O)C(=O)Nc1nc(-c2ccccc2O)cs1,0,authentic,authentic,,,c1ccc(-c2cscn2)cc1,train,292.31600000000003,2.0172999999999996,0.6671067796403085,20,33
subcategory_halogen-walk.remove-F_912,Cc1cccc(CN(C)c2ccc(C(=O)O)nc2)c1,0,authentic,authentic,,,c1ccc(CNc2cccnc2)cc1,train,256.305,2.7246200000000007,0.9134572952966421,19,32
subcategory_halogen-walk.remove-F_2324,Cc1ccccc1C(O)(Cn1cnnc1)C(=O)c1ccc(F)cc1,1,halogen-walk,remove-F,O=C(c1ccc(F)cc1)C(O)(Cn1cnnc1)c1ccc(F)cc1,0 1 2 3 4 5 6 7,O=C(c1ccccc1)C(Cn1cnnc1)c1ccccc1,train,325.343,2.4963200000000008,0.7319513734291361,24,39
subcategory_halogen-walk.remove-F_756,CNc1cc(OC)c(C(=O)NC2CCN(Cc3ccccc3)CC2)cc1Cl,0,authentic,authentic,,,O=C(NC1CCN(Cc2ccccc2)CC1)c1ccccc1,train,387.91100000000006,3.7847000000000026,0.7914692228130612,27,43
subcategory_halogen-walk.remove-F_781,CSc1nc(COC(=O)NC(C)C)c(COC(=O)NC(C)C)n1C,0,authentic,authentic,,,c1c[nH]cn1,train,358.46400000000006,2.411200000000001,0.7270380649207259,24,40
subcategory_halogen-walk.remove-F_759,CCCCCN1CC[C@@H](C2CCC(F)C2)[C@H](COc2ccc3c(c2)OCO3)C1,0,authentic,authentic,,,c1cc2c(cc1OC[C@@H]1CNCC[C@H]1C1CCCC1)OCO2,train,391.5270000000002,5.060600000000005,0.5796986525920007,28,53
subcategory_halogen-walk.remove-F_378,CCCn1c(=O)n(CCN(C)C)c(=O)c2[nH]cnc21,0,authentic,authentic,,,O=c1[nH]c(=O)c2[nH]cnc2[nH]1,train,265.317,-0.14209999999999962,0.8160004244912732,19,36
subcategory_halogen-walk.remove-F_793,CC(=O)c1c(OCc2ccc(-c3ccccc3-c3nn[nH]n3)cc2)cc(C)nc1C,0,authentic,authentic,,,c1ccc(-c2nn[nH]n2)c(-c2ccc(COc3ccncc3)cc2)c1,train,399.4540000000001,4.327140000000003,0.4852176689370098,30,52
subcategory_halogen-walk.remove-F_2282,C[C@@H](N1CCN(c2nnn(Cc3ccc(C(F)(F)F)cc3)n2)CC1)[C@](O)(Cn1cncn1)c1ccccc1,1,halogen-walk,remove-F,C[C@@H](N1CCN(c2nnn(Cc3ccc(C(F)(F)F)cc3)n2)CC1)[C@](O)(Cn1cncn1)c1ccc(F)cc1F,0 1 2 3 4 5 6 7 8 9 10 11 12 13 14 15 16 17 18 19 20 21 22 23 25 26 27 28 29 30 31 32 33 34 35 36,c1ccc(Cn2nnc(N3CCN(CC(Cn4cncn4)c4ccccc4)CC3)n2)cc1,val,527.5550000000003,2.4301999999999992,0.373068767847246,38,72
subcategory_halogen-walk.remove-F_1314,Cc1ccc(S(=O)(=O)Nc2cnccc2C(=O)NCCc2ccccc2)cc1,0,authentic,authentic,,,O=C(NCCc1ccccc1)c1ccncc1NS(=O)(=O)c1ccccc1,train,395.48400000000015,3.1633200000000015,0.6431770699550192,28,45
subcategory_halogen-walk.remove-F_2829,Cc1ccccc1[C@]1(CCCN(C)C(=O)C(F)(F)F)OCc2cc(C#N)ccc21,1,halogen-walk,remove-F,CN(CCC[C@@]1(c2ccc(F)cc2)OCc2cc(C#N)ccc21)C(=O)C(F)(F)F,0 1 2 3 4 5 6 8 9 10 11 12 13 14 15 16 17 18 19 20 21 22 23 24 25 26 27 28,c1ccc(C2OCc3ccccc32)cc1,train,402.4160000000001,4.441400000000003,0.7430004522371835,29,52
subcategory_halogen-walk.remove-F_2162,NC(Cc1ccc(Oc2ccccc2)cc1)C(=O)O,1,halogen-walk,remove-F,NC(Cc1ccc(Oc2ccc(F)cc2)cc1)C(=O)O,0 1 2 3 4 5 6 8 9 10 11 12 13 14 15 16 17 18,c1ccc(Oc2ccccc2)cc1,train,257.289,2.4333,0.8624590845186156,19,30
subcategory_halogen-walk.remove-F_1353,Cc1c(CCCC(=O)O)c2cc(C(=O)O)ccc2n1C(=O)c1ccc(Cl)cc1,0,authentic,authentic,,,O=C(c1ccccc1)n1ccc2ccccc21,train,399.83000000000015,4.397120000000003,0.6400264452431963,28,50
subcategory_halogen-walk.remove-F_2150,CCOC(=O)CC(O)CC(O)/C=C/c1c(C(C)C)c2c3ccccc3ccn2c1-c1ccccc1,1,halogen-walk,remove-F,CCOC(=O)CC(O)CC(O)/C=C/c1c(C(C)C)c2c3ccccc3ccn2c1-c1ccc(F)cc1,28 29 30 31 32 33 34,c1ccc(-c2ccc3c4ccccc4ccn23)cc1,train,471.59700000000015,5.961200000000006,0.29551246435588857,35,58
subcategory_halogen-walk.remove-F_964,CC1CCn2c(ncc(C(=O)O)c2=O)/C1=N/Nc1ccccc1,0,authentic,authentic,,,O=c1ccnc2n1CCC/C2=N\Nc1ccccc1,train,312.329,1.7975,0.8423769973896148,23,40
subcategory_halogen-walk.remove-F_814,CC(C)[C@H](CO)Nc1nc(Nc2cccc(Cl)c2)c2ncn(C(C)C)c2n1,0,authentic,authentic,,,c1ccc(Nc2ncnc3[nH]cnc23)cc1,train,388.90300000000013,4.233000000000002,0.5608864758432107,27,50
subcategory_halogen-walk.remove-F_2502,CCc1ccc(C(=O)NC2CCNC(=O)C2)c(OCC2CCCO2)c1,1,halogen-walk,remove-F,O=C1CC(NC(=O)c2ccc(C(F)(F)F)cc2OCC2CCCO2)CCN1,0 1 3 4 5 6 7 8 9 10 11 12 13 14 15 16 17 18 19 20 21 22 23,O=C1CC(NC(=O)c2ccccc2OCC2CCCO2)CCN1,train,346.42700000000013,1.8152,0.8236529894468002,25,41
subcategory_halogen-walk.remove-F_2620,CCSC(F)(F)C(O)(Cn1cncn1)c1ccccc1,1,halogen-walk,remove-F,CCSC(F)(F)C(O)(Cn1cncn1)c1ccc(F)cc1F,0 1 2 3 4 5 7 8 9 10 11 12 13 14 15 16 17 18,c1ccc(CCn2cncn2)cc1,train,299.34600000000006,2.511800000000001,0.8902300860424782,20,32
subcategory_halogen-walk.remove-F_236,CCCc1nn(C)c2c(=O)[nH]c(-c3cc(S(=O)(=O)N4CCCC4)ccc3OCC)nc12,0,authentic,authentic,,,O=c1[nH]c(-c2cccc(S(=O)(=O)N3CCCC3)c2)nc2cn[nH]c12,test,445.54500000000036,2.4593,0.5981661123684898,31,58
subcategory_halogen-walk.remove-F_2073,Cc1cc(N2CCCC2=O)ccc1N1CCc2c(C(N)=O)nn(-c3ccccc3)c2C1=O,1,halogen-walk,remove-F,COc1ccc(-n2nc(C(N)=O)c3c2C(=O)N(c2ccc(N4CCCC4=O)cc2C)CC3)cc1F,0 1 2 3 4 5 6 7 8 9 10 11 12 13 14 15 16 17 18 19 20 21 23 24 25 26 27 28 29 30 31,O=C1CCCN1c1ccc(N2CCc3cnn(-c4ccccc4)c3C2=O)cc1,train,429.48000000000013,2.6093200000000003,0.688737725116617,32,54
subcategory_halogen-walk.remove-F_167,CC(C)n1c(/C=C/C(O)CC(O)CC(N)=O)c(-c2ccc(F)cc2)c2ccccc21,0,authentic,authentic,,,c1ccc(-c2c[nH]c3ccccc23)cc1,train,410.48900000000003,4.028800000000002,0.5238589108099692,30,55
subcategory_halogen-walk.remove-F_2691,CCOC(=O)C[C@@H](O)C[C@@H](O)C=Cc1c(C2CC2)nc2ccccc2c1-c1ccccc1,1,halogen-walk,remove-F,CCOC(=O)C[C@@H](O)C[C@@H](O)C=Cc1c(C2CC2)nc2ccccc2c1-c1ccc(F)cc1,0 1 2 3 4 5 6 7 8 9 10 11 12 13 14 15 16 17 18 19 20 21 22 23 24 26 27 28 29 30,c1ccc(-c2cc(C3CC3)nc3ccccc23)cc1,train,431.5320000000001,4.857500000000004,0.47325821716687494,32,61
subcategory_halogen-walk.remove-F_2651,CN(CCC[C@@]1(c2ccccc2)OCc2cc(C#N)ccc21)C(=O)OC(C)(C)C,1,halogen-walk,remove-F,CN(CCC[C@@]1(c2ccc(F)cc2)OCc2cc(C#N)ccc21)C(=O)OC(C)(C)C,0 1 2 3 4 6 7 8 9 10 11 12 13 14 15 16 17 18 19 20 21 22 23 24 25 26 27 28,c1ccc(C2OCc3ccccc32)cc1,train,392.4990000000002,4.979180000000005,0.7199066851219165,29,53
subcategory_halogen-walk.remove-F_349,CN(C)C[C@H]1[C@H]2CC[C@H](C2)C[C@]1(O)c1cc(O)ccc1OC(F)(F)F,0,authentic,authentic,,,c1ccc(C2C[C@H]3CC[C@@H](C2)C3)cc1,val,359.388,3.476200000000002,0.8643211236302434,25,58
subcategory_halogen-walk.remove-F_2718,Cc1cccc(C(O)(Cn2cncn2)C(F)F)c1,1,halogen-walk,remove-F,OC(Cn1cncn1)(c1ccc(F)cc1F)C(F)F,0 1 2 3 4 5 7 8 9 10 11 12 13 14 15 16,c1ccc(CCn2cncn2)cc1,train,253.252,1.73942,0.9025417942434462,18,30
subcategory_halogen-walk.remove-F_52,O=C(N[C@H]1c2ccccc2C[C@H]1O)[C@H](Cc1ccccc1)C[C@H](O)CN1CCN(Cc2cccnc2)C[C@H]1C(=O)NCC(F)(F)F,0,authentic,authentic,,,O=C(N[C@@H]1CCc2ccccc21)[C@@H](CCCN1CCN(Cc2cccnc2)CC1)Cc1ccccc1,train,639.7190000000004,2.6307,0.24086342408671413,46,92
subcategory_halogen-walk.remove-F_2340,C=Cc1cc(Cl)cc(-c2nnc(N)nc2-c2cccc(Cl)c2)c1,1,halogen-walk,remove-F,Nc1nnc(-c2cc(Cl)cc(C(F)(F)F)c2)c(-c2cccc(Cl)c2)n1,0 1 3 4 5 6 7 8 9 10 11 12 13 14 15 16 17 18 19 20 21,c1ccc(-c2ncnnc2-c2ccccc2)cc1,train,343.217,4.737600000000001,0.7461137404807902,23,42
subcategory_halogen-walk.remove-F_1919,N[C@H](C(=O)N1CC[C@H](F)C1)[C@H]1CC[C@H](NCc2ccccc2)CC1,1,halogen-walk,remove-F,N[C@H](C(=O)N1CC[C@H](F)C1)[C@H]1CC[C@H](NC(=O)c2ccc(F)c(F)c2)CC1,14 15 16 17 18 19 20 21,O=C(N[C@H]1CC[C@H](CC(=O)N2CCCC2)CC1)c1ccccc1,train,333.4510000000001,2.2326999999999995,0.8686812820562223,24,55
subcategory_halogen-walk.remove-F_983,O=C(NC1(c2ccccc2)CCCC1)c1cc(-c2ccccc2)nc2ccccc12,0,authentic,authentic,,,O=C(NC1(c2ccccc2)CCCC1)c1cc(-c2ccccc2)nc2ccccc12,val,392.502,6.101100000000005,0.4557752631640201,30,48
subcategory_halogen-walk.remove-F_2551,CCCNC(=O)C1CCN(C(=O)c2ccccc2OCC)CC1,1,halogen-walk,remove-F,CCOc1ccccc1C(=O)N1CCC(C(=O)NCC(F)(F)F)CC1,0 1 3 4 5 6 7 8 9 10 11 12 13 14 15 16 17 18 19 20 21,O=C(c1ccccc1)N1CCCCC1,train,318.41700000000014,2.4637000000000002,0.876358385330825,23,35
subcategory_halogen-walk.remove-F_1280,CCN(CC)CCN1C(=O)N(CCN(CC)CC)C(c2ccccc2)(c2ccccc2)C1=O,0,authentic,authentic,,,O=C1NC(=O)C(c2ccccc2)(c2ccccc2)N1,train,450.6270000000001,3.878000000000003,0.46065925492050563,33,53
subcategory_halogen-walk.remove-F_2539,CN(CCc1ccccc1)CC(O)COc1ccc(F)cc1C(=O)CCc1ccccc1,1,halogen-walk,remove-F,CN(CCc1ccccc1)CC(O)COc1ccc(F)cc1C(=O)CCc1ccc(F)cc1,0 1 2 3 4 5 6 7 8 9 10 11 12 13 14 15 16 17 18 19 20 21 22 23 24 26 27 28 29 30,O=C(CCc1ccccc1)c1ccccc1OCCCNCCc1ccccc1,train,435.53900000000016,4.555400000000004,0.4240647839951368,32,47
subcategory_halogen-walk.remove-F_1683,CCC(C(=O)c1ccccc1)N1CCC(c2noc3cc(F)ccc23)CC1,1,halogen-walk,remove-F,CCC(C(=O)c1ccc(F)cc1)N1CCC(c2noc3cc(F)ccc23)CC1,0 1 2 4 5 6 7 8 9 10 11 12 13 14 15 16 17 18 19 20 21 22 23 24 25 26,O=C(CN1CCC(c2noc3ccccc23)CC1)c1ccccc1,val,366.4360000000001,4.807800000000005,0.6082099551602093,27,44
subcategory_halogen-walk.remove-F_1924,Cc1cc(-c2nc(-c3ccccc3)c(-c3ccncc3)[nH]2)cc(C)c1O,1,halogen-walk,remove-F,Cc1cc(-c2nc(-c3ccc(F)cc3)c(-c3ccncc3)[nH]2)cc(C)c1O,0 1 2 3 4 5 7 8 9 10 11 12 13 14 15 16 17 18 19 20 21 22 23 24 25,c1ccc(-c2nc(-c3ccccc3)c(-c3ccncc3)[nH]2)cc1,train,341.4140000000001,5.128140000000004,0.542975472512964,26,48
subcategory_halogen-walk.remove-F_875,Cc1nc2ccccc2c(=O)n1CCN1CCC(c2onc3cc(F)ccc23)CC1,0,authentic,authentic,,,O=c1c2ccccc2ncn1CCN1CCC(c2onc3ccccc23)CC1,train,406.46100000000007,3.8648200000000035,0.5149038673060272,30,47
subcategory_halogen-walk.remove-F_7,CC1(C)CCC(=O)Nc2cc(OCCCCN3CCN(c4cccc(Cl)c4Cl)CC3)ccc21,0,authentic,authentic,,,O=C1CCCc2ccc(OCCCCN3CCN(c4ccccc4)CC3)cc2N1,val,490.4750000000002,5.984500000000006,0.48500994202788333,33,54
subcategory_halogen-walk.remove-F_738,CC(C)C1(C(C)C)OC(=O)Nc2ccc(Cl)cc21,0,authentic,authentic,,,O=C1Nc2ccccc2CO1,train,267.75600000000003,4.409400000000003,0.8619110466098597,18,34
subcategory_halogen-walk.remove-F_111,COc1ccc(-n2nc(C(F)(F)F)c3c2C(=O)N(c2ccccc2)CC3)cc1,0,authentic,authentic,,,O=C1c2c(cnn2-c2ccccc2)CCN1c1ccccc1,train,387.3610000000001,4.1026000000000025,0.6798367765611185,28,50
subcategory_halogen-walk.remove-F_314,COc1ccccc1N1CCN(CCNC(=O)C2CC3CCC2C3)CC1,0,authentic,authentic,,,O=C(NCCN1CCN(c2ccccc2)CC1)C1CC2CCC1C2,test,357.4980000000002,2.3696,0.8489771194666761,26,39
subcategory_halogen-walk.remove-F_1005,OC(Cn1cncn1)(c1ccc(F)cc1)c1ccccc1Cl,0,authentic,authentic,,,c1ccc(C(Cn2cncn2)c2ccccc2)cc1,train,317.751,3.006700000000002,0.80449888055255,22,35
subcategory_halogen-walk.remove-F_2441,CC(C)(COC(F)(F)F)C(O)(Cn1cncn1)c1ccccc1,1,halogen-walk,remove-F,CC(C)(COC(F)(F)F)C(O)(Cn1cncn1)c1ccc(F)cc1F,0 1 2 3 4 5 6 7 8 10 11 12 13 14 15 16 17 18 19 20 21,c1ccc(CCn2cncn2)cc1,train,329.32200000000006,2.7285000000000013,0.8851575600856479,23,39
subcategory_halogen-walk.remove-F_1170,Cc1cc(C)cc(-c2[nH]c3ccccc3c2CCNCc2cccnc2)c1,0,authentic,authentic,,,c1ccc(-c2[nH]c3ccccc3c2CCNCc2cccnc2)cc1,test,355.48500000000007,5.179040000000004,0.46797909451996605,27,43
subcategory_halogen-walk.remove-F_804,Cc1ccc2oc(C(=O)NCCCOC3CCCCC3)cc(=O)c2c1,0,authentic,authentic,,,O=C(NCCCOC1CCCCC1)c1cc(=O)c2ccccc2o1,val,343.42300000000006,3.5706200000000026,0.8142682433812511,25,39
subcategory_halogen-walk.remove-F_101,CCCCN1CCCN(c2nc3ccccc3n2CCOCC)CC1,0,authentic,authentic,,,c1ccc2[nH]c(N3CCCNCC3)nc2c1,test,344.50300000000027,3.3850000000000025,0.6875421779395072,25,33
subcategory_halogen-walk.remove-F_196,CCCCN(CC)CCCNC(=O)c1cc2c(=O)[nH]c3ccccc3c2n1C,0,authentic,authentic,,,O=c1[nH]c2ccccc2c2[nH]ccc12,train,382.50800000000004,3.261700000000001,0.5582154470945847,28,45
subcategory_halogen-walk.remove-F_486,CNCCC(Oc1ccc(Cl)c(F)c1)c1ccccc1,0,authentic,authentic,,,c1ccc(COc2ccccc2)cc1,train,293.76899999999995,4.208700000000003,0.8613070262998022,20,31
subcategory_halogen-walk.remove-F_2849,CCOc1ccc([C@@H]2[C@@H](CCCc3ccccc3)C(=O)N2c2ccc(OC)cc2)cc1,1,halogen-walk,remove-F,COc1ccc(N2C(=O)[C@H](CCCc3ccccc3)[C@H]2c2ccc(OC(F)(F)F)cc2)cc1,0 1 3 4 5 6 7 8 9 10 11 12 13 14 15 16 17 18 19 20 21 22 23 24 25 26 27 28 29,O=C1[C@H](CCCc2ccccc2)[C@@H](c2ccccc2)N1c1ccccc1,train,415.5330000000001,5.820900000000005,0.4133860893647762,31,58
subcategory_halogen-walk.remove-F_576,CCc1nc2ccc(NC(=O)N3CCOCC3)cc2c(=O)n1Cc1ccc(-c2ccccc2S(=O)(=O)NC(=O)OCCC(C)C)cc1F,0,authentic,authentic,,,O=C(Nc1ccc2ncn(Cc3ccc(-c4ccccc4)cc3)c(=O)c2c1)N1CCOCC1,test,679.7710000000001,5.138400000000005,0.23423439399143306,48,80
subcategory_halogen-walk.remove-F_1352,CCNC1=NC(=O)C2(CC(C)(C)Oc3ccc(C#N)cc32)N1,0,authentic,authentic,,,O=C1N=CNC12CCOc1ccccc12,train,298.346,1.4099800000000002,0.8183736456049275,22,41
subcategory_halogen-walk.remove-F_2093,O=C(CCc1ccccc1)c1cc(F)ccc1OCC(O)CN(C1CCCCC1)C1CCCCC1,1,halogen-walk,remove-F,O=C(CCc1ccc(F)cc1)c1cc(F)ccc1OCC(O)CN(C1CCCCC1)C1CCCCC1,0 1 2 4 5 6 7 8 9 10 11 12 13 14 15 16 17 18 19 20 21 22 23 24 25 26 27 28 29 30 31 32 33 34,O=C(CCc1ccccc1)c1ccccc1OCCCN(C1CCCCC1)C1CCCCC1,test,481.6520000000005,6.348300000000006,0.38014761114646217,35,52
subcategory_halogen-walk.remove-F_1106,O=C1Nc2ccc(Cl)cc2C(c2ccccc2)=NC1Nc1ccc([N+](=O)[O-])cc1,0,authentic,authentic,,,O=C1Nc2ccccc2C(c2ccccc2)=NC1Nc1ccccc1,train,406.8290000000001,4.475900000000002,0.49290105437543086,29,55
subcategory_halogen-walk.remove-F_1494,COc1ccc(CC(C)NCc2ccccc2)cc1,1,halogen-walk,remove-F,COc1ccc(CC(C)NCc2ccc(F)cc2)cc1,0 1 2 3 4 5 6 7 8 9 11 12 13 14 15 16 17 18,c1ccc(CCNCc2ccccc2)cc1,val,255.36100000000002,3.416000000000002,0.8537098706102173,19,27
subcategory_halogen-walk.remove-F_1478,COc1cc2c(cc1OC)C(=O)C(CC1(F)CC3CCC1N3Cc1ccccc1)C2,1,halogen-walk,remove-F,COc1cc2c(cc1OC)C(=O)C(CC1(F)CC3CCC1N3Cc1cc(F)c(F)cc1F)C2,22 23 24 25 26 27 28,O=C1c2ccccc2CC1CC1CC2CCC1N2Cc1ccccc1,train,409.50100000000015,4.5941000000000045,0.6993513511647276,30,49
subcategory_halogen-walk.remove-F_2262,CN(C)CCC[C@@]1(c2ccccc2)OCc2ccccc21,1,halogen-walk,remove-F,CN(C)CCC[C@@]1(c2ccc(F)cc2)OCc2ccccc21,0 1 2 3 4 5 7 8 9 10 11 12 13 14 15 16 17 18 19,c1ccc(C2OCc3ccccc32)cc1,train,281.399,3.8022000000000027,0.8262305279076266,21,35
subcategory_halogen-walk.remove-F_2036,Oc1ccc2c(c1)OC[C@H](N1CCC(O)(c3ccccc3)CC1)[C@@H]2O,1,halogen-walk,remove-F,Oc1ccc2c(c1)OC[C@H](N1CCC(O)(c3ccc(F)cc3)CC1)[C@@H]2O,0 1 2 3 4 5 6 7 8 9 10 11 12 14 15 16 17 18 19 20 21 22 23 24,c1ccc(C2CCN([C@H]3COc4ccccc4C3)CC2)cc1,val,341.4070000000001,2.1702,0.7807212964563315,25,50
subcategory_halogen-walk.remove-F_838,O=C(Oc1ccc([C@@H]2[C@@H](CC[C@H](O)c3ccc(F)cc3)C(=O)N2c2ccc(F)cc2)c(F)c1)N1CCN(S(=O)(=O)[O-])CC1,0,authentic,authentic,,,O=C(Oc1ccc([C@@H]2[C@@H](CCCc3ccccc3)C(=O)N2c2ccccc2)cc1)N1CCNCC1,train,618.6100000000001,3.898400000000003,0.2994558617902826,43,96
subcategory_halogen-walk.remove-F_2312,CCc1cccc(C2CN(C)Cc3sc(C)cc32)c1,1,halogen-walk,remove-F,Cc1cc2c(s1)CN(C)CC2c1cccc(C(F)(F)F)c1,0 1 2,c1ccc(C2CNCc3sccc32)cc1,train,271.429,4.196220000000004,0.7911474390557621,19,31
subcategory_halogen-walk.remove-F_420,CCCc1nc(CC)c(C(=O)OC)n1Cc1cccc(-c2ccccc2-c2nn[nH]n2)c1,0,authentic,authentic,,,c1cc(Cn2ccnc2)cc(-c2ccccc2-c2nn[nH]n2)c1,val,430.5120000000001,4.080000000000003,0.4230394317420017,32,54
subcategory_halogen-walk.remove-F_1736,Cc1ccc(C2(C)NC(=O)N(Cc3ccccc3)C2=O)cc1,1,halogen-walk,remove-F,Cc1ccc(C2(C)NC(=O)N(Cc3ccc(F)cc3)C2=O)cc1,11 12 13 14 15 16 17,O=C1NC(c2ccccc2)C(=O)N1Cc1ccccc1,train,294.35400000000004,2.962220000000001,0.8847951286088527,22,38
subcategory_halogen-walk.remove-F_2372,OC(Cn1cncn1)(c1ccccc1)C1CC1F,1,halogen-walk,remove-F,OC(Cn1cncn1)(c1ccc(F)cc1F)C1CC1F,0 2 3 4 5 6 7 8 9 10 11 12 13 14 15 16 17,c1ccc(C(Cn2cncn2)C2CC2)cc1,train,247.273,1.5239000000000003,0.8908922900642192,18,28
subcategory_halogen-walk.remove-F_2258,CC(C)Cc1cc(COCC2(CCN)OCc3cc(C#N)ccc32)cc(C(F)(F)F)c1,1,halogen-walk,remove-F,N#Cc1ccc2c(c1)COC2(CCN)COCc1cc(C(F)(F)F)cc(C(F)(F)F)c1,0 1 2 3 4,c1ccc(COCC2OCc3ccccc32)cc1,train,432.48600000000005,5.066680000000004,0.6326631329904285,31,52
subcategory_halogen-walk.remove-F_2777,Nc1ncnnc1-c1ccccc1,1,halogen-walk,remove-F,Nc1ncnnc1-c1ccc(F)c(Cl)c1,0 1 2 3 4 5 7 8 9 10 11,c1ccc(-c2cncnn2)cc1,train,172.191,1.1207999999999998,0.6996199601104829,13,18
subcategory_halogen-walk.remove-F_2273,CCOC(=O)C(=O)Nc1nc(-c2ccccc2)cs1,1,halogen-walk,remove-F,CCOC(=O)C(=O)Nc1nc(-c2ccc(F)cc2)cs1,10 11 12 13 14 15 16,c1ccc(-c2cscn2)cc1,train,276.317,2.3117,0.6896859930262893,19,32
subcategory_halogen-walk.remove-F_1243,Clc1ccc2c(NCCCN3CCN(CCCNc4ccnc5cc(Cl)ccc45)CC3)ccnc2c1,0,authentic,authentic,,,c1ccc2c(NCCCN3CCN(CCCNc4ccnc5ccccc45)CC3)ccnc2c1,train,523.5120000000002,6.011600000000005,0.24844202582402422,36,54
subcategory_halogen-walk.remove-F_2217,C[C@@H]1C(=O)NCCCN1C(=O)C[C@H](N)Cc1ccccc1,1,halogen-walk,remove-F,C[C@@H]1C(=O)NCCCN1C(=O)C[C@H](N)Cc1cc(F)c(F)cc1F,14 15 16 17 18 19 20,O=C1CN(C(=O)CCCc2ccccc2)CCCN1,train,289.37899999999996,0.6835000000000012,0.8558005160796391,21,42
subcategory_halogen-walk.remove-F_2205,NC(=O)c1ccccc1OCC(O)CN1CC=C(c2ccccc2)CC1,1,halogen-walk,remove-F,NC(=O)c1ccccc1OCC(O)CN1CC=C(c2ccc(F)cc2)CC1,0 1 2 3 4 5 6 7 8 9 10 11 12 13 14 15 16 18 19 20 21 22 23 24 25,C1=C(c2ccccc2)CCN(CCCOc2ccccc2)C1,test,352.4340000000001,2.3145000000000007,0.8017757203471748,26,40
subcategory_halogen-walk.remove-F_2227,OC(c1ccccc1)C(O)(Cn1cncn1)c1ccc(Cl)cc1,1,halogen-walk,remove-F,OC(c1ccc(F)cc1)C(O)(Cn1cncn1)c1ccc(Cl)cc1,1 2 3 4 5 6 7,c1ccc(CC(Cn2cncn2)c2ccccc2)cc1,train,329.78700000000003,2.5529,0.7543651099571832,23,38
subcategory_halogen-walk.remove-F_2165,Cn1c(=O)c2nc(-c3ccccc3)[nH]c2n(C)c1=O,1,halogen-walk,remove-F,Cn1c(=O)c2nc(-c3cccc(F)c3)[nH]c2n(C)c1=O,0 1 2 3 4 5 7 8 9 10 11 12 13 14 15 16 17 18,O=c1[nH]c(=O)c2nc(-c3ccccc3)[nH]c2[nH]1,train,256.26500000000004,0.6273,0.6936234626853265,19,37
subcategory_halogen-walk.remove-F_1792,CC(C)n1c(/C=C/[C@@H]2C[C@H](O)CCO2)c(-c2ccccc2)c2ccccc21,1,halogen-walk,remove-F,CC(C)n1c(/C=C/[C@@H]2C[C@H](O)CCO2)c(-c2ccc(F)cc2)c2ccccc21,0 1 2 3 4 5 6 7 8 9 10 11 12 13 15 16 17 18 19 20 21 22 23 24 25 26,C(=C\[C@@H]1CCCCO1)/c1[nH]c2ccccc2c1-c1ccccc1,test,361.485,5.442300000000005,0.6710750991147368,27,56
subcategory_halogen-walk.remove-F_988,CC(C)(NC(=O)CCc1ccc(OCn2cnnn2)c(P(=O)(O)O)c1)c1ccc(OCC2CCCCC2)c(C(N)=O)c1,0,authentic,authentic,,,O=C(CCc1ccc(OCn2cnnn2)cc1)NCc1ccc(OCC2CCCCC2)cc1,train,600.613,2.5546999999999995,0.21202056593456386,42,73
subcategory_halogen-walk.remove-F_1771,COc1ccc2c(c1)c(CC(=O)Nc1cccc(C)c1)c(C(F)(F)F)n2C(=O)c1ccc(Cl)cc1,1,halogen-walk,remove-F,COc1ccc2c(c1)c(CC(=O)Nc1ccc(F)cc1)c(C(F)(F)F)n2C(=O)c1ccc(Cl)cc1,12 13 14 15 16 17 18 19,O=C(Cc1cn(C(=O)c2ccccc2)c2ccccc12)Nc1ccccc1,train,500.9040000000001,6.500220000000004,0.3400705416847355,35,64
subcategory_halogen-walk.remove-F_1216,Oc1ccc2c(c1)CC(Cc1ccncc1)CC2,0,authentic,authentic,,,c1ccc2c(c1)CCC(Cc1ccncc1)C2,train,239.31799999999998,3.134800000000001,0.8730089982464926,18,28
subcategory_halogen-walk.remove-F_692,CC(C)(C)CNS(=O)(=O)c1ccc(NC(=O)c2cnccn2)cc1,0,authentic,authentic,,,O=C(Nc1ccccc1)c1cnccn1,train,348.428,2.0533,0.8610602094066802,24,43
subcategory_halogen-walk.remove-F_2803,N#Cc1ccc(C(C=Cc2ccccc2)n2cncn2)cc1,1,halogen-walk,remove-F,N#Cc1ccc(C(/C=C/c2ccc(F)cc2)n2cncn2)cc1,8 9 10 11 12 13 14,C(=C\C(c1ccccc1)n1cncn1)/c1ccccc1,train,286.338,3.452580000000002,0.7377749039734594,22,34
subcategory_halogen-walk.remove-F_1120,C=COC1(C#C[C@]2(C(F)(F)F)OC(=O)Nc3ccc(Cl)cc32)CC1,0,authentic,authentic,,,O=C1Nc2ccccc2C(C#CC2CC2)O1,train,357.7150000000001,4.355800000000002,0.6318197304573778,24,49
subcategory_halogen-walk.remove-F_2871,O=C(NCc1cc[nH]c(=O)c1)c1ccc(C(F)(F)F)cc1Oc1ccccc1,1,halogen-walk,remove-F,Cc1cc(F)ccc1Oc1cc(C(F)(F)F)ccc1C(=O)NCc1cc[nH]c(=O)c1,21 22 23 24 25 26 27,O=C(NCc1cc[nH]c(=O)c1)c1ccccc1Oc1ccccc1,train,388.3450000000001,4.116000000000002,0.6909093616994424,28,49
subcategory_halogen-walk.remove-F_1782,COc1ccnc(CSc2nc3ccc(OCCC(C)C)cc3[nH]2)c1C,1,halogen-walk,remove-F,COc1ccnc(CSc2nc3ccc(OCC(F)(F)F)cc3[nH]2)c1C,0 1 2 3 4 5 6 7 8 9 10 11 12 13 14 15 17 18 19 20 21 22 23 24 25,c1ccc(CSc2nc3ccccc3[nH]2)nc1,train,371.50600000000014,4.992120000000004,0.5651886476991074,26,41
subcategory_halogen-walk.remove-F_329,O=[N+]([O-])c1cc(/C=N/c2ccc(-c3ncon3)cc2)ccc1Cl,0,authentic,authentic,,,C(=N\c1ccc(-c2ncon2)cc1)/c1ccccc1,train,328.71500000000003,4.048800000000002,0.4088136982692823,23,47
subcategory_halogen-walk.remove-F_1697,C[C@@H](N1NC(F)=C2C=C(Cl)C=CC21)[C@](O)(Cn1cncn1)c1ccccc1,1,halogen-walk,remove-F,C[C@@H](N1NC(F)=C2C=C(Cl)C=CC21)[C@](O)(Cn1cncn1)c1ccc(F)cc1F,13 21 22 23 24 25 26,C1=CC2=CNN(CC(Cn3cncn3)c3ccccc3)C2C=C1,val,387.84600000000006,2.6168000000000005,0.7719398576204961,27,57
subcategory_halogen-walk.remove-F_2603,C[C@@H](O)C(=O)ON1CCC(c2ccccc2)C(COc2ccc3c(c2)OCO3)C1,1,halogen-walk,remove-F,C[C@@H](O)C(=O)ON1CCC(c2ccc(F)cc2)C(COc2ccc3c(c2)OCO3)C1,9 10 11 12 13 14 15,c1ccc(C2CCNCC2COc2ccc3c(c2)OCO3)cc1,train,399.44300000000027,2.7388000000000012,0.8002665583040587,29,53
subcategory_halogen-walk.remove-F_700,CC(c1ccccc1)(c1ccc(-c2ccccc2)cc1)n1cncn1,0,authentic,authentic,,,c1ccc(-c2ccc(C(c3ccccc3)n3cncn3)cc2)cc1,train,325.415,4.756900000000005,0.5415886601714182,25,40
subcategory_halogen-walk.remove-F_151,C[C@@H](CC(=O)O)C[C@H](O)/C=C/c1c(C2CC2)nc2ccccc2c1-c1ccc(F)cc1,0,authentic,authentic,,,c1ccc(-c2cc(C3CC3)nc3ccccc23)cc1,train,419.4960000000001,5.793300000000005,0.4845487112969957,31,63
subcategory_halogen-walk.remove-F_214,NCCCCNc1nncc2ccccc12,0,authentic,authentic,,,c1ccc2cnncc2c1,train,216.28800000000004,1.7805999999999997,0.7477130449921164,16,20
subcategory_halogen-walk.remove-F_2344,CCN(CC)CCNC(=O)c1cc(Cl)c(NC(=O)COc2ccccc2)cc1OC,1,halogen-walk,remove-F,CCN(CC)CCNC(=O)c1cc(Cl)c(NC(=O)COc2ccc(F)cc2)cc1OC.Cl,0 1 2 3 4 5 6 7 8 9 10 11 12 13 14 15 16 17 18 20 21 22 23 24 25 26 27 28 29,O=C(COc1ccccc1)Nc1ccccc1,train,433.9360000000002,3.437700000000002,0.5671017820198986,30,47
subcategory_halogen-walk.remove-F_652,CC(C)(C)CC(C)(C)c1ccc(OCCO)cc1,0,authentic,authentic,,,c1ccccc1,train,250.38199999999998,3.7715000000000023,0.8616240053298362,18,30
subcategory_halogen-walk.remove-F_41,O=C(O)CCC/C=C\CC1=CCC[C@@H]1NS(=O)(=O)c1ccc(F)cc1,0,authentic,authentic,,,O=S(=O)(N[C@@H]1C=CCC1)c1ccccc1,train,367.4420000000001,3.394000000000002,0.5175638774983603,25,49
subcategory_halogen-walk.remove-F_2352,COc1ccccc1C1CNCCN1C(=O)c1ccccc1,1,halogen-walk,remove-F,COc1ccccc1C1CNCCN1C(=O)c1ccc(F)cc1,0 1 2 3 4 5 6 7 8 9 10 11 12 13 15 16 17 18 19 20,O=C(c1ccccc1)N1CCNCC1c1ccccc1,train,296.36999999999995,2.4819000000000004,0.9458794418871395,22,31
subcategory_halogen-walk.remove-F_2231,CN(C)CCCC(O)(Cc1ccccc1)c1ccc(C#N)cc1CO,1,halogen-walk,remove-F,CN(C)CCCC(O)(Cc1ccc(F)cc1)c1ccc(C#N)cc1CO,0 1 2 3 4 5 6 7 9 10 11 12 13 14 15 16 17 18 19 20 21 22 23 24,c1ccc(CCc2ccccc2)cc1,train,338.45100000000014,2.8226800000000014,0.7765697552076571,25,38
subcategory_halogen-walk.remove-F_2595,O=C1[C@H](CC[C@H](O)c2ccccc2)[C@@H](c2ccc(Br)cc2)N1c1ccccc1,1,halogen-walk,remove-F,O=C1[C@H](CC[C@H](O)c2ccc(F)cc2)[C@@H](c2ccc(Br)cc2)N1c1ccccc1,5 7 8 9 10 11 12,O=C1[C@H](CCCc2ccccc2)[C@@H](c2ccccc2)N1c1ccccc1,train,436.34900000000005,5.667000000000005,0.5063804103316869,28,59
subcategory_halogen-walk.remove-F_2607,Cc1ccccc1C(Oc1ccc(F)cc1)C1CCNCC1,1,halogen-walk,remove-F,Fc1ccc(OC(c2cccc(F)c2)C2CCNCC2)cc1,0 1 2 3 4 5 6 7,c1ccc(OC(c2ccccc2)C2CCNCC2)cc1,train,299.38900000000007,4.253820000000003,0.9108137584146401,22,32
subcategory_halogen-walk.remove-F_924,CCc1cccc2c3c([nH]c12)C(CC)(CC(=O)O)OCC3,0,authentic,authentic,,,c1ccc2c3c([nH]c2c1)COCC3,train,287.35900000000004,3.383000000000002,0.9057842881790305,21,39
subcategory_halogen-walk.remove-F_333,C[C@@H](NC(=O)C(Cc1ccccc1)NC(=O)OCc1ccccc1)C(=O)O,0,authentic,authentic,,,O=C(NCCc1ccccc1)OCc1ccccc1,train,370.4050000000001,2.1134,0.660111477414399,27,49
subcategory_halogen-walk.remove-F_2246,Cc1cccc(-c2c(C#N)ccc3c2COC3CCCN(C)C)c1,1,halogen-walk,remove-F,CN(C)CCCC1OCc2c1ccc(C#N)c2-c1ccc(F)cc1,0 1 2 3 4 5 7 8 9 10 11 12 13 14 15 16 17 18 19 20 21 22,c1ccc(-c2cccc3c2COC3)cc1,train,320.43600000000004,4.446800000000003,0.8165353497041077,24,38
subcategory_halogen-walk.remove-F_2301,C=C(c1ccccc1)C(O)(Cn1cncn1)c1ccccc1C,1,halogen-walk,remove-F,C=C(c1ccccc1)C(O)(Cn1cncn1)c1ccc(F)cc1F,0 1 2 3 4 5 6 7 9 10 11 12 13 14 15 16 17 18 19 20 21,C=C(c1ccccc1)C(Cn1cncn1)c1ccccc1,train,305.38100000000003,3.1877200000000014,0.7873679320358987,23,36
subcategory_halogen-walk.remove-F_1552,O=C1C(CC[C@H](O)c2ccc(F)cc2)C(c2ccc(-c3cccc(B(O)O)c3)cc2)N1c1ccccc1,1,halogen-walk,remove-F,O=C1C(CC[C@H](O)c2ccc(F)cc2)C(c2ccc(-c3cccc(B(O)O)c3)cc2)N1c1ccc(F)cc1,30 31 32 33 34 35 36,O=C1C(CCCc2ccccc2)C(c2ccc(-c3ccccc3)cc2)N1c1ccccc1,train,495.35900000000015,4.390400000000005,0.2503426950441751,37,67
subcategory_halogen-walk.remove-F_1333,CN(C)S(=O)(=O)c1ccc2c(c1)C(n1ccccc1=O)=CC(C)(C)O2,0,authentic,authentic,,,O=c1ccccn1C1=CCOc2ccccc21,train,360.4350000000002,2.1588000000000003,0.841119510956425,25,49
subcategory_halogen-walk.remove-F_2468,Cc1ccc(C2[C@@H](CCCc3ccccc3)C(=O)N2c2ccc(C)cc2)cc1,1,halogen-walk,remove-F,Cc1ccc(C2[C@@H](CCC(O)c3ccc(F)cc3)C(=O)N2c2ccc(C)cc2)cc1,0 1 2 3 4 5 6 7 9 10 11 12 13 14 15 16 17 18 19 20 21 22 23 24 25 26 27,O=C1[C@H](CCCc2ccccc2)C(c2ccccc2)N1c1ccccc1,val,369.5080000000001,6.030440000000005,0.485794032996433,28,50
subcategory_halogen-walk.remove-F_2078,CCc1nc(-c2ccccc2OCc2ccccc2)sc1C(=O)O,1,halogen-walk,remove-F,CCc1nc(-c2ccccc2OCc2ccc(F)cc2)sc1C(=O)O,12 13 14 15 16 17 18,c1ccc(COc2ccccc2-c2nccs2)cc1,train,339.41600000000005,4.649700000000003,0.7099972077397371,24,36
subcategory_halogen-walk.remove-F_1926,CCN(CC)[C@@H](CNC(=O)c1ccc(Cl)s1)C(=O)Nc1ccccc1C,1,halogen-walk,remove-F,CCN(CC)[C@@H](CNC(=O)c1ccc(Cl)s1)C(=O)Nc1ccc(N2CCOCC2=O)c(F)c1,18 19 20 21 22 23 24 25,O=C(CCNC(=O)c1cccs1)Nc1ccc(N2CCOCC2=O)cc1,train,393.9400000000001,3.788820000000002,0.7168200841972462,26,48
subcategory_halogen-walk.remove-F_207,C(/CCc1ccccc1)=N\Nc1nnc(N/N=C/CCc2ccccc2)c2ccccc12,0,authentic,authentic,,,C(/CCc1ccccc1)=N\Nc1nnc(N/N=C/CCc2ccccc2)c2ccccc12,test,422.5360000000001,5.690800000000005,0.2542414572351859,32,50
subcategory_halogen-walk.remove-F_768,CC.Clc1cccc(CN=C2Nc3ccccc3NC23CCCCNC3)c1,0,authentic,authentic,,,c1ccc(CN=C2Nc3ccccc3NC23CCCCNC3)cc1,val,384.9550000000002,5.314600000000003,0.6566970888427303,27,40
subcategory_halogen-walk.remove-F_1118,CCN1CCCC1CNC(=O)c1cc2c(=O)n(C)c3ccccc3c2n1C,0,authentic,authentic,,,O=C(NCC1CCCN1)c1cc2c(=O)[nH]c3ccccc3c2[nH]1,val,366.4650000000001,2.2443,0.7704222571561227,27,43
subcategory_halogen-walk.remove-F_2191,COc1ccc(C=C2CCCC(CN(C)C)C2(O)Cc2ccccc2C)cc1,1,halogen-walk,remove-F,COc1ccc(C=C2CCCC(CN(C)C)C2(O)Cc2ccc(F)cc2)cc1,0 1 2 3 4 5 6 7 8 9 10 11 12 13 14 15 16 17 19 20 21 22 23 24 25 26 27,C(=C1CCCCC1Cc1ccccc1)c1ccccc1,train,379.5440000000001,4.722520000000005,0.7880245678065229,28,43
subcategory_halogen-walk.remove-F_775,CCC(OC)(c1cccc(OCc2ccc3ccccc3c2)c1)c1nccs1,0,authentic,authentic,,,c1cc(Cc2nccs2)cc(OCc2ccc3ccccc3c2)c1,train,389.52000000000004,6.175300000000005,0.37836990517235136,28,42
subcategory_halogen-walk.remove-F_2746,Cc1[nH]c(/C=C\C(=O)Nc2ccccc2)c(C)c1C(=O)NCCN1CCCC1,1,halogen-walk,remove-F,Cc1[nH]c(/C=C2\C(=O)Nc3ccc(F)cc32)c(C)c1C(=O)NCCN1CCCC1.O=P(O)(O)O,8 9 10 11 12 13 14,O=C1Nc2ccccc2/C1=C/c1cc(C(=O)NCCN2CCCC2)c[nH]1,train,380.49200000000025,3.109040000000002,0.6461182107273203,28,50
subcategory_halogen-walk.remove-F_2402,COc1ccc2nc(SCc3ccccc3)[nH]c2c1,1,halogen-walk,remove-F,COc1ccc2nc(SCc3cccc(F)c3)[nH]c2c1,0 1 2 3 4 5 6 7 8 10 11 12 13 14 15 16 17 18,c1ccc(CSc2nc3ccccc3[nH]2)cc1,train,270.357,3.863800000000002,0.7314010459450615,19,30
subcategory_halogen-walk.remove-F_340,CC(C)CC(C)NC(=O)CNC(=O)[C@H](C)NC(=O)[C@@H](N)Cc1ccc(O)cc1,0,authentic,authentic,,,c1ccccc1,train,392.50000000000017,0.4337000000000037,0.3937768821879902,28,58
subcategory_halogen-walk.remove-F_2408,Cc1cccc(NC(=O)N2CCC3(CC2)C(=O)N(c2ccccc2)C3c2ccc(O)cc2)c1,1,halogen-walk,remove-F,O=C(Nc1ccc(F)c(F)c1)N1CCC2(CC1)C(=O)N(c1ccccc1)C2c1ccc(O)cc1,0 1 2 3 4 5 7 8 9 10 11 12 13 14 15 16 17 18 19 20 21 22 23 24 25 26 27 28 29 30 31,O=C(Nc1ccccc1)N1CCC2(CC1)C(=O)N(c1ccccc1)C2c1ccccc1,train,441.53100000000006,5.102820000000006,0.5554373396470517,33,57
subcategory_halogen-walk.remove-F_1500,Nc1nc2c(cnn2Cc2ccccc2)c2nc(-c3ccco3)nn12,1,halogen-walk,remove-F,Nc1nc2c(cnn2Cc2ccc(F)cc2)c2nc(-c3ccco3)nn12,0 1 2 3 4 5 6 8 9 10 11 12 13 14 15 16 17 18 19 20 21 22 23 24,c1ccc(Cn2ncc3c2ncn2nc(-c4ccco4)nc32)cc1,train,331.33900000000006,2.3644999999999996,0.544582060335942,25,40
subcategory_halogen-walk.remove-F_897,CC(/C=C/C(=O)C1=C(O)CN(C)C1=O)=C\c1ccc2ccccc2c1,0,authentic,authentic,,,O=C(/C=C/C=C/c1ccc2ccccc2c1)C1=CCNC1=O,train,333.38700000000006,3.6525000000000025,0.5277193504397918,25,47
subcategory_halogen-walk.remove-F_790,Cc1nc(-c2ccc(OCC(C)C)c(-c3nccs3)c2)sc1C(=O)O,0,authentic,authentic,,,c1cc(-c2nccs2)cc(-c2nccs2)c1,val,374.487,4.975020000000003,0.6589842948919727,25,44
subcategory_halogen-walk.remove-F_98,Clc1ccc2c(c1)N=C(N1CCN(CC3CC3)CC1)c1ccccc1N2,0,authentic,authentic,,,c1ccc2c(c1)N=C(N1CCN(CC3CC3)CC1)c1ccccc1N2,val,366.8960000000001,4.502900000000004,0.8482951941270602,26,44
subcategory_halogen-walk.remove-F_2331,CSc1nc(-c2ccc(Cl)cc2)c(-c2ccc(CC(C)C)cc2)[nH]1,1,halogen-walk,remove-F,CSc1nc(-c2ccc(Cl)cc2)c(-c2ccc(C(F)(F)F)cc2)[nH]1,0 1 2 3 4 5 6 7 8 9 10 11 12 13 14 15 17 18 19 20 21 22 23,c1ccc(-c2nc[nH]c2-c2ccccc2)cc1,train,356.9220000000001,6.317500000000004,0.5418173219689767,24,46
subcategory_halogen-walk.remove-F_2164,CC1C=Cc2cc(-c3ccc4c(c3)COC4(CCCN(C)C)c3ccccc3)ccc21,1,halogen-walk,remove-F,CC1C=Cc2cc(-c3ccc4c(c3)COC4(CCCN(C)C)c3ccc(F)cc3)ccc21,0 1 2 3 4 5 6 7 8 9 10 11 12 13 14 16 17 18 19 20 21 22 23 24 25 26 27 28 29 30,C1=Cc2cc(-c3ccc4c(c3)COC4c3ccccc3)ccc2C1,train,409.57300000000004,6.599500000000007,0.45469435466363667,31,51
subcategory_halogen-walk.remove-F_221,COc1cc2c(c(OC)c1OC)-c1ccc(=O)c(OC)cc1[C@@H](N(C)C=O)CC2,0,authentic,authentic,,,O=c1ccc2c(cc1)-c1ccccc1CCC2,train,399.4430000000002,2.8237000000000005,0.695721293901593,29,55
subcategory_halogen-walk.remove-F_2531,C=Cc1ccc2nccc(NC(C)CCCN(CC)CC)c2c1,1,halogen-walk,remove-F,CCN(CC)CCCC(C)Nc1ccnc2ccc(C(F)(F)F)cc12,0 1 2,c1ccc2ncccc2c1,train,311.473,4.800200000000004,0.720723597877508,23,34
subcategory_halogen-walk.remove-F_525,CN(C)/C=N/c1nc2c(ncn2COC(CO)CO)c(=O)[nH]1,0,authentic,authentic,,,O=c1[nH]cnc2[nH]cnc12,train,310.31399999999996,-1.331699999999999,0.42654926176531854,22,41
subcategory_halogen-walk.remove-F_717,CC(C)NC/C(COc1cccc2ccccc12)=N\O,0,authentic,authentic,,,c1ccc2ccccc2c1,train,272.348,3.046800000000001,0.482577153331255,20,31
subcategory_halogen-walk.remove-F_138,CC(=O)OC1CC(=O)C=C2CC[C@H]3[C@@H]4CC[C@](O)(C(=O)CO)[C@@]4(C)CC[C@@H]3[C@]21C,0,authentic,authentic,,,O=C1C=C2CC[C@H]3[C@@H]4CCCC4CC[C@@H]3C2CC1,train,404.5030000000002,2.3524000000000003,0.7005234282178956,29,77
subcategory_halogen-walk.remove-F_1419,CCc1c(CC(=O)O)c2ccccc2n1C(=O)c1ccc(Cl)cc1,0,authentic,authentic,,,O=C(c1ccccc1)n1ccc2ccccc21,train,341.794,4.172700000000003,0.7742888285517275,24,41
subcategory_halogen-walk.remove-F_2007,CS(=O)(=O)c1ccc(C2=C(C=Cc3ccccc3)C(=O)CC2)cc1,1,halogen-walk,remove-F,CS(=O)(=O)c1ccc(C2=C(/C=C/c3ccc(F)cc3)C(=O)CC2)cc1,0 1 2 3 4 5 6 7 8 9 10 12 13 14 15 16 17 18 19 20 21 22 23,O=C1CCC(c2ccccc2)=C1/C=C/c1ccccc1,train,338.42800000000017,3.9200000000000026,0.848841861276809,24,45
subcategory_halogen-walk.remove-F_429,Cc1cccc(C)c1OCCCNCc1ccc(OC(F)(F)F)cc1,0,authentic,authentic,,,c1ccc(CNCCCOc2ccccc2)cc1,train,353.38399999999996,4.760740000000004,0.6942209722366262,25,37
subcategory_halogen-walk.remove-F_2307,CCOC(=O)C[C@@H](O)C[C@H](O)/C=C/c1c(C2CC2)nc2ccccc2c1-c1ccccc1,1,halogen-walk,remove-F,CCOC(=O)C[C@@H](O)C[C@H](O)/C=C/c1c(C2CC2)nc2ccccc2c1-c1ccc(F)cc1,25 26 27 28 29 30 31,c1ccc(-c2cc(C3CC3)nc3ccccc23)cc1,train,431.5320000000001,4.857500000000004,0.47325821716687494,32,62
subcategory_halogen-walk.remove-F_23,COc1cc(N)c(Cl)cc1C(=O)OCCN1CCCCC1C,0,authentic,authentic,,,O=C(OCCN1CCCCC1)c1ccccc1,test,326.8240000000001,2.9620000000000015,0.6654073944450596,22,34
subcategory_halogen-walk.remove-F_2129,CN(CCCC1(c2ccccc2)OCc2cc(C#N)ccc21)C1=NCCOC1,1,halogen-walk,remove-F,CN(CCCC1(c2ccc(F)cc2)OCc2cc(C#N)ccc21)C1=NCCOC1,5 6 7 8 9 10 11,c1ccc(C2(CCCNC3=NCCOC3)OCc3ccccc32)cc1,test,375.4720000000002,3.472780000000002,0.8028946433055185,28,44
subcategory_halogen-walk.remove-F_687,Cl.N=c1nc(N2CCCCC2)cc(N)n1O,0,authentic,authentic,,,N=c1nc(N2CCCCC2)cc[nH]1,train,245.71399999999997,0.5941700000000001,0.6319787590754292,16,27
subcategory_halogen-walk.remove-F_1493,CCc1ccccc1C1CCN(CCC(=O)c2ccc3c(c2)OC=CO3)C1,1,halogen-walk,remove-F,O=C(CCN1CCC(c2ccccc2C(F)(F)F)C1)c1ccc2c(c1)OC=CO2,0 1 3 4 5 6 7 8 9 10 11 12 13 14 15 16 17 18 19 20 21 22 23 24 25 26,O=C(CCN1CCC(c2ccccc2)C1)c1ccc2c(c1)OC=CO2,train,363.45700000000005,4.553700000000004,0.7057805077592808,27,43
subcategory_halogen-walk.remove-F_1308,COc1ccc(Cl)cc1C(=O)NC(C)c1cc(SC)c(S(=O)(=O)NC(N)=O)s1,0,authentic,authentic,,,O=C(NCc1cccs1)c1ccccc1,train,463.9900000000002,2.9800000000000004,0.541358716140071,28,53
subcategory_halogen-walk.remove-F_2100,O=C(c1ccc(O)cc1)N(Cc1ccccc1)c1ccccc1,1,halogen-walk,remove-F,O=C(c1ccc(O)cc1)N(Cc1ccccc1)c1ccc(F)cc1,0 1 2 3 4 5 6 7 8 10 11 12 13 14 15 16 17 18 19 20 21,O=C(c1ccccc1)N(Cc1ccccc1)c1ccccc1,val,303.361,4.239200000000003,0.7828952057132482,23,36
subcategory_halogen-walk.remove-F_2843,c1ccc(CN2CCCCC2Cn2cncn2)cc1,1,halogen-walk,remove-F,N#Cc1cc(F)ccc1CN1CCCCC1Cn1cncn1,0 1 2 3 5 6 7 8 9 10 11 12 13 14 15 16 17,c1ccc(CN2CCCCC2Cn2cncn2)cc1,test,256.353,2.3327999999999998,0.8416674396358825,19,27
subcategory_halogen-walk.remove-F_1955,OC1(c2ccccc2)CCN(Cc2ccccc2)CC1,1,halogen-walk,remove-F,COc1cc(C2(O)CCN(Cc3ccccc3)CC2)ccc1F,0 2 3 4 5 6 7 8 9 10 11 12 13 14 15 16 17 18,c1ccc(CN2CCC(c3ccccc3)CC2)cc1,test,267.372,3.170200000000002,0.9230348730961426,20,30
subcategory_halogen-walk.remove-F_2762,O=C(O)CC(O)C[C@H](O)C=Cc1c(C2CC2)nc2ccccc2c1-c1ccccc1,1,halogen-walk,remove-F,O=C(O)CC(O)C[C@H](O)C=Cc1c(C2CC2)nc2ccccc2c1-c1ccc(F)cc1,0 1 2 3 4 5 6 7 8 9 10 11 12 13 14 15 16 17 18 19 20 21 22 24 25 26 27 28,c1ccc(-c2cc(C3CC3)nc3ccccc23)cc1,train,403.47800000000007,4.379000000000003,0.51925774027477,30,53
subcategory_halogen-walk.remove-F_2067,COc1ccccc1CC1(O)C(=Cc2cccc(C)c2)CCCCC1CN1CCN(C)CC1,1,halogen-walk,remove-F,COc1ccccc1CC1(O)C(=Cc2ccc(F)cc2)CCCCC1CN1CCN(C)CC1,12 13 14 15 16 17 18 19,C(=C1CCCCC(CN2CCNCC2)C1Cc1ccccc1)c1ccccc1,val,448.6510000000004,4.798420000000005,0.6442999521486612,33,50
subcategory_halogen-walk.remove-F_343,CC(C)(C)OC(=O)N1CCCC(CC(=O)N2CCC(c3noc4cc(F)ccc34)CC2)C1,0,authentic,authentic,,,O=C(CC1CCCNC1)N1CCC(c2noc3ccccc23)CC1,train,445.5350000000002,4.710100000000005,0.6839269877238404,32,56
subcategory_halogen-walk.remove-F_654,COc1ccc(-c2oc3cc(OC)ccc3c2C(=O)c2ccc(OCCN(C)C)cc2)cc1,0,authentic,authentic,,,O=C(c1ccccc1)c1c(-c2ccccc2)oc2ccccc12,train,445.5150000000002,5.288400000000005,0.3264384612265384,33,53
subcategory_halogen-walk.remove-F_710,O=C1OC(n2cc(F)c(=O)n(C3OC(=O)c4ccccc43)c2=O)c2ccccc21,0,authentic,authentic,,,O=C1OC(n2ccc(=O)n(C3OC(=O)c4ccccc43)c2=O)c2ccccc21,val,394.31400000000014,1.5836999999999999,0.6126456262559556,29,53
subcategory_halogen-walk.remove-F_487,CN(C)CCC(Oc1cccc2c1OCO2)c1cccc(F)c1,0,authentic,authentic,,,c1ccc(COc2cccc3c2OCO3)cc1,train,317.35999999999996,3.6262000000000025,0.8139730447027902,23,35
subcategory_halogen-walk.remove-F_159,CC(C)CN(CCC(=O)NCCc1ccccc1)C(=O)c1cnccn1,0,authentic,authentic,,,O=C(CCNC(=O)c1cnccn1)NCCc1ccccc1,train,354.45400000000006,2.3238000000000003,0.7498185128061904,26,40
subcategory_halogen-walk.remove-F_1526,COC(=O)CC[C@H]1C(=O)N(c2ccccc2)[C@@H]1c1ccc(O)cc1,1,halogen-walk,remove-F,COC(=O)CC[C@H]1C(=O)N(c2ccc(F)cc2)[C@@H]1c1ccc(O)cc1,0 1 2 3 4 5 6 7 8 10 11 12 13 14 15 16 17 18 19 20 21 22 23,O=C1C[C@@H](c2ccccc2)N1c1ccccc1,train,325.3640000000001,3.049500000000001,0.677598710318713,24,49
subcategory_halogen-walk.remove-F_678,CCOC(=O)[C@H](CCc1ccccc1)N[C@@H](C)C(=O)N1CCC[C@H]1C(=O)OCC.Cl,0,authentic,authentic,,,O=C(CNCCCc1ccccc1)N1CCCC1,train,440.96800000000036,2.5049000000000006,0.5625214450532972,30,62
subcategory_halogen-walk.remove-F_288,COc1ccc2c3c1O[C@H]1C[C@@H](OC(=O)c4ccccc4)C=C[C@@]31CCN(C)C2,0,authentic,authentic,,,O=C(O[C@H]1C=C[C@@]23CCNCc4cccc(c42)O[C@H]3C1)c1ccccc1,val,391.46700000000016,3.7150000000000025,0.5896396812689977,29,60
subcategory_halogen-walk.remove-F_1952,Cc1cccc([C@@H]2[C@H](c3ccc(O)cc3)C(=O)N2CC[C@H](O)c2ccc(F)cc2)c1,1,halogen-walk,remove-F,O=C1[C@@H](c2ccc(O)cc2)[C@@H](c2ccc(F)cc2)N1CC[C@H](O)c1ccc(F)cc1,0 1 2 3 4 5 7 8 9 10 11 12 13 14 15 16 17 18 19 20 21 22 23 24 25 26 27 28,O=C1[C@@H](c2ccccc2)[C@@H](c2ccccc2)N1CCCc1ccccc1,train,405.4690000000001,4.630520000000004,0.588021782607089,30,64
subcategory_halogen-walk.remove-F_213,CCCCC(O)(c1ccc(OC)cc1)C(CN1CCCCC1)c1ccccc1.Cl,0,authentic,authentic,,,c1ccc(CC(CN2CCCCC2)c2ccccc2)cc1,train,418.02100000000013,5.764500000000007,0.5621233807868774,29,45
subcategory_halogen-walk.remove-F_1898,CCc1ccccc1CNc1ccc2c(cc1=O)C(NC(C)=O)CCc1cc(OC)c(OC)c(OC)c1-2,1,halogen-walk,remove-F,COc1cc2c(c(OC)c1OC)-c1ccc(NCc3ccccc3C(F)(F)F)c(=O)cc1C(NC(C)=O)CC2,0 1 3 4 5 6 7 8 9 10 11 12 13 14 15 16 17 18 19 20 21 22 23 24 25 26 27 28 29 30 31 32 33 34 35 36,O=c1cc2c(ccc1NCc1ccccc1)-c1ccccc1CCC2,train,502.6110000000004,5.037500000000004,0.44906700509325237,37,60
subcategory_halogen-walk.remove-F_2196,Cn1c(/C=C/[C@@H](O)C[C@@H](O)CC(=O)O)c(-c2ccccc2)c2ccccc21,1,halogen-walk,remove-F,Cn1c(/C=C/[C@@H](O)C[C@@H](O)CC(=O)O)c(-c2ccc(F)cc2)c2ccccc21,0 1 2 3 4 5 6 7 8 9 10 11 12 13 15 16 17 18 19 20 21 22 23 24 25 26,c1ccc(-c2c[nH]c3ccccc23)cc1,train,365.42900000000003,3.445100000000002,0.5988852004742542,27,58
subcategory_halogen-walk.remove-F_452,CCC(=O)N(c1ccc(Cl)c(Cl)c1)C1CCCC1N1CCCC1,0,authentic,authentic,,,c1ccc(NC2CCCC2N2CCCC2)cc1,test,355.30900000000025,4.753300000000005,0.7779394941067893,23,40
subcategory_halogen-walk.remove-F_1252,COc1cc2c(cc1OC)-c1ccc(OC)c(=O)cc1CC(NC(=O)C(C)=O)C2,0,authentic,authentic,,,O=c1cccc2c(c1)CCCc1ccccc1-2,train,397.4270000000002,1.9119999999999997,0.7754194458590787,29,51
subcategory_halogen-walk.remove-F_2337,C=CCOC1=CC2=C(C=C(C)[C@@H]1O)c1c(cc(OC)c(OC)c1OC)CC[C@@H]2NC(C)=O,1,halogen-walk,remove-F,COc1cc2c(c(OC)c1OC)C1=C(C=C(OCC(F)(F)F)[C@@H](O)C(C)=C1)[C@@H](NC(C)=O)CC2,0 1 2 3,C1=CC2=C(C=CC1)c1ccccc1CCC2,train,441.5240000000002,3.324200000000002,0.6316191363881566,32,65
subcategory_halogen-walk.remove-F_2576,Cc1cccc(C2(CCCN(C)C)OCc3c(-c4ccccc4)cccc32)c1,1,halogen-walk,remove-F,CN(C)CCCC1(c2ccc(F)cc2)OCc2c(-c3ccccc3)cccc21,0 1 2 3 4 5 6 27,c1ccc(-c2cccc3c2COC3c2ccccc2)cc1,train,371.524,5.777620000000006,0.5446509862575459,28,45
subcategory_halogen-walk.remove-F_2694,CCOC(=O)CCN1CC[C@@H](c2ccccc2)[C@H](COc2ccc3c(c2)OCO3)C1,1,halogen-walk,remove-F,CCOC(=O)CCN1CC[C@@H](c2ccc(F)cc2)[C@H](COc2ccc3c(c2)OCO3)C1,0 1 2 3 4 5 6 7 8 9 11 12 13 14 15 16 17 18 19 20 21 22 23 24 25 26 27 28 29,c1ccc([C@@H]2CCNC[C@H]2COc2ccc3c(c2)OCO3)cc1,train,411.4980000000003,3.8530000000000033,0.6152153715296103,30,56
subcategory_halogen-walk.remove-F_372,CCCN(C)CCC[C@@]1(c2ccc(F)cc2)OCc2cc(C#N)ccc21,0,authentic,authentic,,,c1ccc(C2OCc3ccccc32)cc1,train,352.4530000000001,4.593180000000005,0.7309399240576883,26,45
subcategory_halogen-walk.remove-F_2336,[18F]c1ccc(C(c2ccccc2)n2cncn2)cc1,1,halogen-walk,remove-F,[18F]c1ccc(C(c2ccc([18F])cc2)n2cncn2)cc1,0 1 2 3 4 6 7 8 9 10 11 12 13 14 15 16 17 18,c1ccc(C(c2ccccc2)n2cncn2)cc1,train,252.28293800000003,3.054900000000001,0.7169216295336903,19,33
subcategory_halogen-walk.remove-F_2132,O=C1CCc2c(-c3ccccc3)cc(OCCN3CCNCC3)cc2N1c1c(Cl)cccc1Cl,1,halogen-walk,remove-F,O=C1CCc2c(-c3ccc(F)cc3F)cc(OCCN3CCNCC3)cc2N1c1c(Cl)cccc1Cl,0 1 2 3 4 6 7 8 9 10 11 12 13 14 15 16 17 18 19 20 21 22 23 24 25 26 27 28 29 30 31 32 33,O=C1CCc2c(-c3ccccc3)cc(OCCN3CCNCC3)cc2N1c1ccccc1,val,496.4380000000002,5.555300000000005,0.4859174762582089,34,54
subcategory_halogen-walk.remove-F_1578,Cc1ccc(OC(CC2CNC2)c2ccccc2)cc1,1,halogen-walk,remove-F,Cc1ccc(OC(CC2CNC2)c2ccc(F)c(F)c2)cc1,0 1 2 3 4 5 7 8 9 10 11 12 13 14 15 16 17 18 19,c1ccc(OC(CC2CNC2)c2ccccc2)cc1,train,267.372,3.7246200000000025,0.8910595299352657,20,30
subcategory_halogen-walk.remove-F_1742,N#Cc1ccc2c(c1)CO[C@H]2c1ccccc1,1,halogen-walk,remove-F,N#Cc1ccc2c(c1)CO[C@H]2c1ccc(F)cc1,0 1 2 3 4 5 6 7 8 9 11 12 13 14 15,c1ccc([C@@H]2OCc3ccccc32)cc1,train,221.25900000000001,3.177880000000002,0.7405322348132588,17,30
subcategory_halogen-walk.remove-F_801,Cc1ccc(C2(c3ccc(C)cc3)NC(=O)N(CC(N)=O)C2=O)cc1,0,authentic,authentic,,,O=C1NC(=O)C(c2ccccc2)(c2ccccc2)N1,train,337.3790000000001,1.5841399999999992,0.8298129468918901,25,46
subcategory_halogen-walk.remove-F_2222,COc1ccc(-n2nc(Sc3ccc(Cl)cc3)cc(CC[C@@H](C)NC(=O)[C@@H]3CNCCN3c3ccccc3)c2=O)cc1,1,halogen-walk,remove-F,COc1ccc(-n2nc(Sc3ccc(Cl)cc3)cc(CC[C@@H](C)NC(=O)[C@@H]3CNCCN3c3ccc(F)cc3)c2=O)cc1,31 32 33 34 35 36 37,O=C(NCCCc1cc(Sc2ccccc2)nn(-c2ccccc2)c1=O)[C@@H]1CNCCN1c1ccccc1,val,604.1760000000004,4.961400000000005,0.26482630276915853,42,78
subcategory_halogen-walk.remove-F_1437,CCCC(=O)Nc1ccc(Cc2cccc3occc23)cc1,0,authentic,authentic,,,c1ccc(Cc2cccc3occc23)cc1,val,293.366,4.7622000000000035,0.7364455703107481,22,33
subcategory_halogen-walk.remove-F_3,CCc1cc(Nc2cc(=O)n(CCCCN3CCN(c4nc5c(cc4F)c(=O)c(C(=O)O)cn5CC)CC3)c(=O)[nH]2)ccc1C,0,authentic,authentic,,,O=c1cc[nH]c2nc(N3CCN(CCCCn4c(=O)cc(Nc5ccccc5)[nH]c4=O)CC3)ccc12,val,619.6980000000001,3.320520000000002,0.21535530113787799,45,80
subcategory_halogen-walk.remove-F_1492,COc1ccccc1CCNC(=O)c1cc2n(n1)CC(C)(C(=O)NCc1ccccc1)N(C)C2=O,1,halogen-walk,remove-F,COc1ccccc1CCNC(=O)c1cc2n(n1)CC(C)(C(=O)NCc1ccc(F)cc1)N(C)C2=O,0 1 2 3 4 5 6 7 8 9 10 11 12 13 14 15 16 17 18 19 20 21 22 23 25 26 27 28 29 30 31 32 33 34,O=C(NCCc1ccccc1)c1cc2n(n1)CC(C(=O)NCc1ccccc1)NC2=O,val,475.54900000000026,2.0248999999999997,0.5187035715692024,35,58
subcategory_halogen-walk.remove-F_1917,CCc1cccc(Cc2nccc3nc(N)nn23)c1,1,halogen-walk,remove-F,Nc1nc2ccnc(Cc3cccc(C(F)(F)F)c3)n2n1,0 1 2,c1ccc(Cc2nccc3ncnn23)cc1,val,253.309,1.8596999999999997,0.7731683605152042,19,29
subcategory_halogen-walk.remove-F_260,CC(C)(C)OC(=O)N[C@@H](Cc1ccccc1)[C@@H](O)C[C@@H](Cc1ccc(OCC(=O)N2CCOCC2)cc1)C(=O)NC1c2ccccc2C[C@H]1O,0,authentic,authentic,,,O=C(NC1CCc2ccccc21)[C@@H](CCCCc1ccccc1)Cc1ccc(OCC(=O)N2CCOCC2)cc1,train,687.8340000000004,3.744400000000002,0.2127276471631197,50,100
subcategory_halogen-walk.remove-F_603,CCCn1c(=O)n(CCC(N)=O)c(=O)c2[nH]cnc21,0,authentic,authentic,,,O=c1[nH]c(=O)c2[nH]cnc2[nH]1,train,265.273,-0.8282999999999989,0.7336108775695146,19,37
subcategory_halogen-walk.remove-F_1410,CC(C)[C@]1(c2ccccc2)OC[C@H]([C@@H]2CCCCN2)O1,0,authentic,authentic,,,c1ccc(C2OC[C@H]([C@@H]3CCCCN3)O2)cc1,train,275.3919999999999,3.052900000000001,0.9194199012985775,20,44
subcategory_halogen-walk.remove-F_1503,COC(=O)CC(O)CC(O)/C=C/c1c(-c2ccccc2)cn(-c2ccccc2)c1C(C)C,1,halogen-walk,remove-F,COC(=O)CC(O)CC(O)/C=C/c1c(-c2ccc(F)cc2)cn(-c2ccccc2)c1C(C)C,0 1 2 3 4 5 6 7 8 9 10 11 12 14 15 16 17 18 19 20 21 22 23 24 25 26 27 28 29 30 31,c1ccc(-c2ccn(-c3ccccc3)c2)cc1,train,433.5480000000002,4.955900000000005,0.4682396440825295,32,56
subcategory_halogen-walk.remove-F_628,Cc1cc(CCCCCOc2ccc(-c3nc(C)c(C)s3)cc2)on1,0,authentic,authentic,,,c1cc(CCCCCOc2ccc(-c3nccs3)cc2)on1,train,356.49100000000004,5.515160000000005,0.4989642027655185,25,40
subcategory_halogen-walk.remove-F_774,CCc1ccc(N2C(=O)[C@H](CC[C@H](O)c3ccc(F)cc3)[C@H]2c2ccc(CCC(O)(CO)CO)cc2)cc1,0,authentic,authentic,,,O=C1[C@H](CCCc2ccccc2)[C@@H](c2ccccc2)N1c1ccccc1,train,521.6290000000004,4.254300000000003,0.2670632499853039,38,75
subcategory_halogen-walk.remove-F_1830,CCN(CC)CCNC(=O)c1c(C)[nH]c2c1CCCC2=CC(=O)Nc1cccc(C)c1,1,halogen-walk,remove-F,CCN(CC)CCNC(=O)c1c(C)[nH]c2c1CCCC2=C1C(=O)Nc2ccc(F)cc21,23 24 25 26 27 28 29 30,O=C1Nc2ccccc2C1=C1CCCc2cc[nH]c21,train,422.57300000000015,4.061540000000003,0.5615794297082535,31,53
subcategory_halogen-walk.remove-F_1668,CCN(CCC(O)c1cccc(OCC2CCCCC2)c1)C(F)(F)F,1,halogen-walk,remove-F,OC(CCN(C(F)(F)F)C(F)(F)F)c1cccc(OCC2CCCCC2)c1,0 1 2,c1ccc(OCC2CCCCC2)cc1,train,359.432,4.910900000000004,0.669513165682397,25,39
subcategory_halogen-walk.remove-F_1206,Cc1oc(-c2ccc(C(F)(F)F)cc2)nc1-c1cccc(-c2ccc(O)cc2)c1,0,authentic,authentic,,,c1ccc(-c2cccc(-c3coc(-c4ccccc4)n3)c2)cc1,train,395.38000000000005,6.708420000000006,0.41937830639175705,29,52
subcategory_halogen-walk.remove-F_1363,CCCN(CCC)CCc1ccc(OC)c(OCc2ccccc2)c1.O=C(O)C(=O)O,0,authentic,authentic,,,c1ccc(COc2ccccc2)cc1,train,431.5290000000001,4.094300000000002,0.5172769745781991,31,48
subcategory_halogen-walk.remove-F_457,CC(CCCOc1ccc2c(c1)NC(=O)CC2)CN1CCN(c2ccccc2)CC1,0,authentic,authentic,,,O=C1CCc2ccc(OCCCCCN3CCN(c4ccccc4)CC3)cc2N1,train,407.55800000000016,4.188600000000004,0.666743393253111,30,47
subcategory_halogen-walk.remove-F_730,CCOC(=O)c1sc(-c2cc(C)ccc2O)nc1C(=O)O,0,authentic,authentic,,,c1ccc(-c2nccs2)cc1,train,307.32700000000006,2.6990200000000004,0.8429471265925265,21,36
subcategory_halogen-walk.remove-F_1611,CCN(C[C@H](CSCc1ccccc1)NC(=O)[C@H](CCC1CCCCC1)NC(=O)c1cccc(OC)c1)c1ccccc1,1,halogen-walk,remove-F,COc1cccc(C(=O)N[C@@H](CCC2CCCCC2)C(=O)N[C@@H](CSCc2ccccc2)CN2CCc3cc(F)ccc32)c1,2 37 38 39 40 41 42,O=C(N[C@@H](CCC1CCCCC1)C(=O)N[C@@H](CSCc1ccccc1)CN1CCc2ccccc21)c1ccccc1,train,601.8570000000005,7.098800000000008,0.18333783974427484,43,73
subcategory_halogen-walk.remove-F_1256,N#Cc1ccc(/C=C/c2ccc(C#N)cc2Cn2cncn2)cc1,0,authentic,authentic,,,C(=C\c1ccccc1Cn1cncn1)/c1ccccc1,val,311.34799999999996,3.2401600000000013,0.6928735222065772,24,39
subcategory_halogen-walk.remove-F_2184,CCSC1(C(O)(Cn2cncn2)c2ccccc2)CC1,1,halogen-walk,remove-F,OC(Cn1cncn1)(c1ccccc1)C1(SC(F)(F)F)CC1,0 1 3 4 5 6 7 8 9 10 11 12 13 14 15 16 17 18,c1ccc(C(Cn2cncn2)C2CC2)cc1,train,289.4040000000001,2.4516,0.8872428336907586,20,32
subcategory_halogen-walk.remove-F_1150,CCN(CC)CCOc1ccc(-c2c(-c3ccccc3)coc2-c2ccccc2)cc1,0,authentic,authentic,,,c1ccc(-c2coc(-c3ccccc3)c2-c2ccccc2)cc1,train,411.54500000000013,7.001200000000007,0.29640292723674744,31,48
subcategory_halogen-walk.remove-F_1448,NCCC(=O)N[C@H](Cc1ccc(Cl)cc1Cl)C(=O)N1CCN(C2(CNC(=O)Cc3ccccc3)CCCCC2)CC1,1,halogen-walk,remove-F,NCCC(=O)N[C@H](Cc1ccc(Cl)cc1Cl)C(=O)N1CCN(C2(CNC(=O)Cc3ccc(F)cc3)CCCCC2)CC1,0 1 2 3 4 5 6 7 8 9 10 11 12 13 14 15 16 17 18 19 20 21 22 23 24 25 26 28 29 30 31 32 33 34 35 36 37 38 39 40,O=C(Cc1ccccc1)NCC1(N2CCN(C(=O)CCc3ccccc3)CC2)CCCCC1,test,602.6069999999999,3.5755000000000035,0.3647731228459799,41,72
subcategory_halogen-walk.remove-F_2016,C[C@@H](NCCN)[C@](O)(Cn1cncn1)c1ccccc1,1,halogen-walk,remove-F,C[C@@H](NCCN)[C@](O)(Cn1cncn1)c1ccc(F)cc1F,0 1 2 3 4 5 7 8 9 10 11 12 13 14 15 16 17 18,c1ccc(CCn2cncn2)cc1,train,275.35600000000005,0.10270000000000112,0.6668481548522067,20,38
subcategory_halogen-walk.remove-F_649,Cc1nc2n(c(=O)c1CCN1CCC(c3noc4cc(F)ccc34)CC1)CCCC2OCCCN,0,authentic,authentic,,,O=c1c(CCN2CCC(c3noc4ccccc34)CC2)cnc2n1CCCC2,train,483.5880000000004,3.4544200000000016,0.49000826158366023,35,54
subcategory_halogen-walk.remove-F_1329,Cc1cc(-c2nc(C)c(C(=O)O)s2)ccc1OCC1CC1,0,authentic,authentic,,,c1csc(-c2ccc(OCC3CC3)cc2)n1,val,303.38300000000015,3.913940000000003,0.9093390817626501,21,37
subcategory_halogen-walk.remove-F_997,COc1ccnc(CS(=O)c2nc3cc(OC(F)F)c(OC(F)F)cc3[nH]2)c1OC,0,authentic,authentic,,,O=S(Cc1ccccn1)c1nc2ccccc2[nH]1,train,449.3820000000001,3.4857000000000014,0.49990051190902823,30,52
subcategory_halogen-walk.remove-F_1309,CCCCCN1CC[C@H](c2ccc(F)cc2)[C@@H](COc2ccc3c(c2)OCO3)C1.Cl,0,authentic,authentic,,,c1ccc([C@H]2CCNC[C@@H]2COc2ccc3c(c2)OCO3)cc1,train,435.96700000000027,5.650900000000006,0.5010716612298758,30,57
subcategory_halogen-walk.remove-F_1621,CCc1nn(-c2ccc(OC)cc2)c2c1CCN(c1ccccc1)C2=O,1,halogen-walk,remove-F,CCc1nn(-c2ccc(OC)cc2)c2c1CCN(c1ccc(F)cc1)C2=O,0 1 2 3 4 5 6 7 8 9 10 11 12 13 14 15 16 18 19 20 21 22 23 24 25,O=C1c2c(cnn2-c2ccccc2)CCN1c1ccccc1,train,347.418,3.646200000000003,0.7237423645509766,26,42
subcategory_halogen-walk.remove-F_894,COc1ccnc(CSc2nc3ccc(OCC(F)(F)F)cc3[nH]2)c1OC,0,authentic,authentic,,,c1ccc(CSc2nc3ccccc3[nH]2)nc1,train,399.39400000000006,4.208500000000003,0.6005524550548735,27,44
subcategory_halogen-walk.remove-F_1499,CC(C)c1nc(-c2ccccc2)cc(-c2ccccc2)c1C=C[C@@H](O)C[C@@H](O)CC(=O)O,1,halogen-walk,remove-F,CC(C)c1nc(-c2ccccc2)cc(-c2ccc(F)cc2)c1C=C[C@@H](O)C[C@@H](O)CC(=O)O,0 1 2 3 4 5 6 7 8 9 10 11 12 14 15 16 17 18 19 20 21 22 23 24 25 26 27 28 29 30 31,c1ccc(-c2ccnc(-c3ccccc3)c2)cc1,train,431.5320000000002,5.138800000000007,0.4364408478925968,32,64
subcategory_halogen-walk.remove-F_2042,CCCN(Cc1ccc(F)cc1)CC(O)(Cn1cncn1)c1ccccc1C,1,halogen-walk,remove-F,CCCN(Cc1ccc(F)cc1)CC(O)(Cn1cncn1)c1ccc(F)cc1F,0 1 2 3 4 5 6 7 8 9 10 11 12 14 15 16 17 18 19 20 21 22 23 24 25 26,c1ccc(CNCC(Cn2cncn2)c2ccccc2)cc1,train,382.48300000000006,3.5256200000000026,0.6151824195144893,28,42
subcategory_halogen-walk.remove-F_279,COc1ccc2c(c1)c(CC(=O)NC(CO)C(=O)O)c(C)n2C(=O)c1ccc(Cl)cc1,0,authentic,authentic,,,O=C(c1ccccc1)n1ccc2ccccc21,train,444.8710000000001,2.40442,0.5147370600851,31,57
subcategory_halogen-walk.remove-F_660,O=C1N[C@@H](Cc2ccccc2)C(O)[C@H](Cc2ccccc2)N1,0,authentic,authentic,,,O=C1N[C@@H](Cc2ccccc2)C[C@H](Cc2ccccc2)N1,test,296.37,1.8826999999999998,0.8065608268968016,22,44
subcategory_halogen-walk.remove-F_2882,C=Cc1ccc(-c2ccccc2C(=O)Nc2ccc(C(=O)NCC(=O)N[C@H](C(=O)N3CCOCC3)c3ccccc3)cc2)cc1,1,halogen-walk,remove-F,O=C(CNC(=O)c1ccc(NC(=O)c2ccccc2-c2ccc(C(F)(F)F)cc2)cc1)N[C@H](C(=O)N1CCOCC1)c1ccccc1,0 1 2,O=C(CNC(=O)c1ccc(NC(=O)c2ccccc2-c2ccccc2)cc1)N[C@H](C(=O)N1CCOCC1)c1ccccc1,test,602.6910000000005,4.695000000000004,0.24352664609243593,45,79
subcategory_halogen-walk.remove-F_2395,COc1cc(N)c(Cl)cc1C(=O)NC1CCN(CCC=Cc2ccccc2)CC1OC,1,halogen-walk,remove-F,COc1cc(N)c(Cl)cc1C(=O)NC1CCN(CC/C=C/c2ccc(F)cc2)CC1OC,20 21 22 23 24 25 26,O=C(NC1CCN(CC/C=C/c2ccccc2)CC1)c1ccccc1,train,443.97500000000025,3.8534000000000033,0.6057469411953837,31,48
subcategory_halogen-walk.remove-F_206,CCCC(=O)OC[C@@H]1O[C@@H](n2cnc(C(N)=O)n2)[C@@H](O)[C@H]1O,0,authentic,authentic,,,c1ncn([C@H]2CCCO2)n1,train,314.298,-1.6604999999999972,0.5278947970279201,22,57
subcategory_halogen-walk.remove-F_2025,Cc1cccc(CNC[C@H](O)COc2ccc3c(c2)OCO3)c1,1,halogen-walk,remove-F,O[C@@H](CNCc1ccc(F)c(F)c1)COc1ccc2c(c1)OCO2,0 1 2 3 4 5 7 8 9 10 11 12 13 14 15 16 17 18 19 20 21,c1ccc(CNCCCOc2ccc3c(c2)OCO3)cc1,train,315.3690000000001,2.2532200000000007,0.8205341404942978,23,39
subcategory_halogen-walk.remove-F_810,Cc1cc(C(c2ccc(F)cc2)N2CCN(C)CC2)sn1,0,authentic,authentic,,,c1ccc(C(c2ccns2)N2CCNCC2)cc1,train,305.42199999999997,2.9274200000000015,0.8689925819982097,21,35
subcategory_halogen-walk.remove-F_2813,COc1cccc(CC2(O)CCC(OCc3cccc(C)c3)CC2CN(C)C)c1,1,halogen-walk,remove-F,COc1cccc(CC2(O)CCC(OCc3ccc(F)cc3)CC2CN(C)C)c1,0 1 2 3 4 5 6 7 8 9 10 11 12 13 15 16 17 18 19 20 21 22 23 24 25 26 27 28,c1ccc(COC2CCC(Cc3ccccc3)CC2)cc1,val,397.55900000000014,4.224320000000003,0.7240119045139176,29,45
subcategory_halogen-walk.remove-F_1442,Cc1ccccc1-c1c(C=CC2CC(O)CC(=O)O2)n2c3c(cccc13)CCC2(C)C,1,halogen-walk,remove-F,CC1(C)CCc2cccc3c(-c4ccc(F)cc4)c(C=CC4CC(O)CC(=O)O4)n1c23,0 1 2 3 4 5 6 7,O=C1CCCC(C=Cc2c(-c3ccccc3)c3cccc4c3n2CCC4)O1,train,415.53300000000024,5.3777200000000045,0.5846532429477148,31,54
subcategory_halogen-walk.remove-F_2767,CC(C)(C)CN(C1CC1)[C@@H](CNC(=O)c1ccc(Cl)s1)C(=O)Nc1ccccc1,1,halogen-walk,remove-F,CC(C)(C)CN(C1CC1)[C@@H](CNC(=O)c1ccc(Cl)s1)C(=O)Nc1ccc(N2CCOCC2=O)c(F)c1,22 23 24 25 26 27 28,O=C(NC[C@H](NC1CC1)C(=O)Nc1ccc(N2CCOCC2=O)cc1)c1cccs1,train,434.0050000000001,4.649100000000004,0.636545931857742,29,57
subcategory_halogen-walk.remove-F_148,Cc1ccccc1C(=O)n1c(=O)c(F)cn(C(=O)OCc2ccccc2)c1=O,0,authentic,authentic,,,O=C(OCc1ccccc1)n1ccc(=O)n(C(=O)c2ccccc2)c1=O,train,382.3470000000001,2.33092,0.6938789159588983,28,48
subcategory_halogen-walk.remove-F_747,Cc1c(/C=C/C(O)CC(O)CC(=O)O)c(-c2ccc(F)cc2)nn2cccc12,0,authentic,authentic,,,c1ccc(-c2ccc3cccn3n2)cc1,train,384.40700000000004,3.0486200000000006,0.5819884182689974,28,51
subcategory_halogen-walk.remove-F_1762,O=C1CCc2ccc(OCCCN3CCN(c4ccccc4)CC3)cc2N1,1,halogen-walk,remove-F,O=C1CCc2ccc(OCCCN3CCN(c4ccc(F)cc4)CC3)cc2N1,15 16 17 18 19 20 21,O=C1CCc2ccc(OCCCN3CCN(c4ccccc4)CC3)cc2N1,train,365.47700000000003,3.1624000000000017,0.7989708671827733,27,40
subcategory_halogen-walk.remove-F_2169,C=Cc1nn(-c2ccc(OC)cc2C(N)=O)c2c1CCN(c1ccc(CCC)cc1)C2=O,1,halogen-walk,remove-F,CCCc1ccc(N2CCc3c(C(F)(F)F)nn(-c4ccc(OC)cc4C(N)=O)c3C2=O)cc1,0 1 3 4 5 6 7 8 9 10 11 12 13 14 15 16 17 18 19 20 21 22 23 24 25 26 27 28 29 30 31,O=C1c2c(cnn2-c2ccccc2)CCN1c1ccccc1,train,430.5080000000002,3.7782000000000027,0.6176470264201898,32,54
subcategory_halogen-walk.remove-F_1861,c1ccc(OC[C@@H]2CNCC[C@H]2c2ccccc2)cc1,1,halogen-walk,remove-F,Fc1ccc([C@@H]2CCNC[C@H]2COc2ccccc2)cc1,0 1 2 3 4 5 6 7 8 9 10 12 13 14 15 16 17 18 19,c1ccc(OC[C@@H]2CNCC[C@H]2c2ccccc2)cc1,train,267.372,3.458700000000002,0.9157011279214531,20,37
subcategory_halogen-walk.remove-F_2242,NCCC(=O)Oc1ccc([C@@H]2[C@@H](CC[C@H](O)c3ccccc3)C(=O)N2c2ccc(F)cc2)cc1,1,halogen-walk,remove-F,NCCC(=O)Oc1ccc([C@@H]2[C@@H](CC[C@H](O)c3ccc(F)cc3)C(=O)N2c2ccc(F)cc2)cc1,14 16 17 18 19 20 21,O=C1[C@H](CCCc2ccccc2)[C@@H](c2ccccc2)N1c1ccccc1,train,462.5210000000001,4.297800000000003,0.281048300157619,34,70
subcategory_halogen-walk.remove-F_1585,O=C(CCc1ccccc1)c1cc(F)ccc1OCC(O)CNCc1ccccc1,1,halogen-walk,remove-F,O=C(CCc1ccc(F)cc1)c1cc(F)ccc1OCC(O)CNCc1ccccc1,0 1 3 4 5 6 7 8 9 10 11 12 13 14 15 16 17 18 19 20 21 22 23 24 25 26 27 28 29,O=C(CCc1ccccc1)c1ccccc1OCCCNCc1ccccc1,train,407.4850000000001,4.170700000000003,0.46858370338829963,30,43
subcategory_halogen-walk.remove-F_2243,Cc1ccccc1[C@@](O)(Cn1cncn1)[C@@H](O)c1ccc(F)cc1,1,halogen-walk,remove-F,O[C@@H](c1ccc(F)cc1)[C@](O)(Cn1cncn1)c1ccc(F)cc1,0 1 2 3 4 5 6 8 9 10 11 12 13 14 15 16 17 18 19 20 21 22 23,c1ccc(CC(Cn2cncn2)c2ccccc2)cc1,train,327.35900000000004,2.3470200000000006,0.7544928137501592,24,47
subcategory_halogen-walk.remove-F_2037,CNCCCC1(c2ccccc2)OCc2cc(C#N)ccc21,1,halogen-walk,remove-F,C#C.CNCCCC1(c2ccc(F)cc2)OCc2cc(C#N)ccc21,5 6 7 8 9 10 11,c1ccc(C2OCc3ccccc32)cc1,train,292.382,3.331680000000002,0.8597442330982352,22,33
subcategory_halogen-walk.remove-F_1201,C(/CCc1ccccc1)=N/Nc1nnc(N/N=C/CCc2ccccc2)c2ccccc12,0,authentic,authentic,,,C(/CCc1ccccc1)=N/Nc1nnc(N/N=C/CCc2ccccc2)c2ccccc12,val,422.5360000000001,5.690800000000005,0.2542414572351859,32,50
subcategory_halogen-walk.remove-F_2617,COc1ccc([C@@H]2[C@@H](CC[C@H](OC)c3cccc(C)c3)C(=O)N2c2ccc(CN)cc2)cc1,1,halogen-walk,remove-F,COc1ccc([C@@H]2[C@@H](CC[C@H](OC)c3ccc(F)cc3)C(=O)N2c2ccc(CN)cc2)cc1,10 13 14 15 16 17 18 19,O=C1[C@H](CCCc2ccccc2)[C@@H](c2ccccc2)N1c1ccccc1,train,444.57500000000016,5.334320000000004,0.45293829277565917,33,68
subcategory_halogen-walk.remove-F_2559,C=CCN1CC[C@H](c2ccccc2)[C@@H](COc2ccc3c(c2)OCO3)C1,1,halogen-walk,remove-F,C=CCN1CC[C@H](c2ccc(F)cc2)[C@@H](COc2ccc3c(c2)OCO3)C1,6 7 8 9 10 11 12,c1ccc([C@H]2CCNC[C@@H]2COc2ccc3c(c2)OCO3)cc1,train,351.4460000000002,4.085800000000003,0.7338045008139763,26,50
subcategory_halogen-walk.remove-F_2763,C[C@@H](N1CCCC1)[C@](O)(Cn1cncn1)c1ccccc1,1,halogen-walk,remove-F,C[C@@H](N1CCCC1)[C@](O)(Cn1cncn1)c1ccc(F)cc1F,0 1 2 3 4 5 6 8 9 10 11 12 13 14 15 16 17 18 19,c1ccc(C(CN2CCCC2)Cn2cncn2)cc1,train,286.379,1.6501999999999994,0.9078376493556676,21,41
subcategory_halogen-walk.remove-F_662,CC(=O)Nc1ccc(/C=C/c2ccc(C(C)(C)C)cc2)cc1,0,authentic,authentic,,,C(=C\c1ccccc1)/c1ccccc1,train,293.40999999999997,5.112900000000004,0.7824713425538277,22,40
subcategory_halogen-walk.remove-F_1778,C=Cc1ccc(O[C@@H](CC[NH2+]C)c2ccccc2)cc1,1,halogen-walk,remove-F,C[NH2+]CC[C@H](Oc1ccc(C(F)(F)F)cc1)c1ccccc1,0 1 3 4 5 6 7 8 9 10 11 12 13 14 15 16 17 18,c1ccc(COc2ccccc2)cc1,train,268.38,3.033000000000002,0.8203651705916785,20,39
subcategory_halogen-walk.remove-F_2299,CN(C)C(=O)N1CC[C@H](c2ccccc2)[C@H](COc2ccc3c(c2)OCO3)C1,1,halogen-walk,remove-F,CN(C)C(=O)N1CC[C@H](c2ccc(F)cc2)[C@H](COc2ccc3c(c2)OCO3)C1,0 1 2 3 4 5 6 7 9 10 11 12 13 14 15 16 17 18 19 20 21 22 23 24 25 26 27,c1ccc([C@H]2CCNC[C@H]2COc2ccc3c(c2)OCO3)cc1,train,382.4600000000002,3.581400000000002,0.8110755697651127,28,55
subcategory_halogen-walk.remove-F_1643,O=C(O)C(=O)/C=C(\O)c1ccccc1,1,halogen-walk,remove-F,O=C(O)C(=O)/C=C(\O)c1ccc(F)c(Cl)c1,6 8 9 10 11 12 13,c1ccccc1,train,192.17000000000002,1.2391999999999999,0.4289073871327259,14,27
subcategory_halogen-walk.remove-F_363,CCCCc1oc2ccccc2c1C(=O)c1ccc(OCCNCC)cc1.Cl,0,authentic,authentic,,,O=C(c1ccccc1)c1coc2ccccc12,train,401.93400000000014,5.416500000000006,0.3639091821014875,28,41
subcategory_halogen-walk.remove-F_1468,OC(Cn1cncn1)(c1ccccc1)C1(n2cnc(Cl)n2)CC1,1,halogen-walk,remove-F,OC(Cn1cncn1)(c1ccc(F)c(F)c1)C1(n2cnc(Cl)n2)CC1,0 2 3 4 5 6 7 8 9 10 11 12 13 14 15 16 17 18 19 20 21 22,c1ccc(C(Cn2cncn2)C2(n3cncn3)CC2)cc1,train,330.7790000000001,1.6001,0.7681134880600315,23,40
subcategory_halogen-walk.remove-F_697,CCN(CC)Cc1ccc(C=C2Cc3cc(OC)c(OC)cc3C2=O)cc1,0,authentic,authentic,,,O=C1C(=Cc2ccccc2)Cc2ccccc21,train,365.47300000000007,4.368000000000004,0.6832427178743191,27,43
subcategory_halogen-walk.remove-F_1994,CCCCc1ccc(O[C@H](CCNC)c2ccccc2)cc1,1,halogen-walk,remove-F,CNCC[C@@H](Oc1ccc(C(F)(F)F)cc1)c1ccccc1,0 1 2 3 5 6 7 8 9 10 11 12 13 14 15 16 17 18 19 20,c1ccc(COc2ccccc2)cc1,train,297.442,4.758800000000004,0.720322709832198,22,34
subcategory_halogen-walk.remove-F_1850,Cc1cc(C)cc(-c2ccc([C@@H]3[C@@H](CCc4ccccc4)C(=O)N3c3ccc(F)cc3)cc2)c1,1,halogen-walk,remove-F,Cc1cc(C)cc(-c2ccc([C@@H]3[C@@H](CC[C@H](O)c4ccc(F)cc4)C(=O)N3c3ccc(F)cc3)cc2)c1,14 15 16 17 18 19 20,O=C1[C@H](CCCc2ccccc2)[C@@H](c2ccc(-c3ccccc3)cc2)N1c1ccccc1,train,449.56900000000013,7.446440000000007,0.2800456269406893,34,68
subcategory_halogen-walk.remove-F_412,COc1cc(CN[C@H]2CCc3cc(OC)c(OC)c(OC)c3-c3ccc(SC)c(=O)cc32)cc(OC)c1,0,authentic,authentic,,,O=c1cccc2c(c1)[C@@H](NCc1ccccc1)CCc1ccccc1-2,train,523.6510000000003,5.255800000000005,0.38112211654988454,37,65
subcategory_halogen-walk.remove-F_1936,C=CCO[C@]1(CC)OC(=O)Nc2ccc(Cl)cc21,1,halogen-walk,remove-F,C=CCO[C@]1(C(F)(F)F)OC(=O)Nc2ccc(Cl)cc21,4 5 6,O=C1Nc2ccccc2CO1,train,267.71200000000005,3.667500000000002,0.8469846667756842,18,34
subcategory_halogen-walk.remove-F_1965,Cc1cccc([C@@H]2CCNC[C@H]2COc2ccc3c(c2)OCO3)c1,1,halogen-walk,remove-F,CCC(=O)O.Fc1ccc([C@@H]2CCNC[C@H]2COc2ccc3c(c2)OCO3)cc1,0 1 2 3 4 5 7 8 9 10 11 12 13 14 15 16 17 18 19 20 21 22,c1ccc([C@@H]2CCNC[C@H]2COc2ccc3c(c2)OCO3)cc1,train,325.4080000000001,3.495820000000002,0.933871422698644,24,45
subcategory_halogen-walk.remove-F_1,COc1ccc(-n2nc(C(F)(F)F)c3c2C(=O)N(c2ccc(C(=NS(C)(=O)=O)N(C)Cc4ccccc4)cc2)CC3)cc1,0,authentic,authentic,,,N=C(NCc1ccccc1)c1ccc(N2CCc3cnn(-c4ccccc4)c3C2=O)cc1,test,611.6460000000002,4.940800000000005,0.217061943349134,43,80
subcategory_halogen-walk.remove-F_978,CC(O)CCc1nc(Cl)c(C(=O)O)n1Cc1ccc(-c2ccccc2-c2nn[nH]n2)cc1,0,authentic,authentic,,,c1ccc(-c2nn[nH]n2)c(-c2ccc(Cn3ccnc3)cc2)c1,train,452.9020000000001,3.443500000000001,0.3729613978138615,32,57
subcategory_halogen-walk.remove-F_1078,COc1cc(CNCCCNC(=O)C2=CC(C)(C)NC2(C)C)ccc1O,0,authentic,authentic,,,O=C(NCCCNCc1ccccc1)C1=CCNC1,train,361.4860000000001,2.0835000000000004,0.5331245989744338,26,42
subcategory_halogen-walk.remove-F_40,COc1c(C)c2c(c(O)c1C/C=C(/C)CCC(=O)OCCN1CCOCC1)C(=O)OC2,0,authentic,authentic,,,O=C(CCC=CCc1ccc2c(c1)C(=O)OC2)OCCN1CCOCC1,test,433.5010000000003,2.52402,0.46901748000616883,31,54
subcategory_halogen-walk.remove-F_1889,CC(CC1CCCCC1)NCc1ccccc1OCc1ccccc1,1,halogen-walk,remove-F,CC(CC1CCCCC1)NCc1ccccc1OCc1ccc(F)cc1,0 1 2 3 4 5 6 7 8 9 10 11 12 13 14 15 16 17 19 20 21 22 23,c1ccc(COc2ccccc2CNCCC2CCCCC2)cc1,train,337.5070000000001,5.7141000000000055,0.6655119328349283,25,33
subcategory_halogen-walk.remove-F_1232,O=c1c2ncn(COCCO)c2nc2n1CN(C1CCCC1)CN2,0,authentic,authentic,,,O=c1c2nc[nH]c2nc2n1CN(C1CCCC1)CN2,train,334.38000000000017,0.14449999999999902,0.7509475924000808,24,37
subcategory_halogen-walk.remove-F_1876,CN(CCCC1(c2ccccc2)OCc2cc(C#N)ccc21)P(=O)(O)O,1,halogen-walk,remove-F,CN(CCCC1(c2ccc(F)cc2)OCc2cc(C#N)ccc21)P(=O)(O)O,5 6 7 8 9 10 11,c1ccc(C2OCc3ccccc32)cc1,train,372.36100000000005,3.1367800000000026,0.756906451950042,26,44
subcategory_halogen-walk.remove-F_115,CC(C)Oc1ccnc(CS(=O)c2nc3ccc(C(F)(F)F)cc3[nH]2)c1,0,authentic,authentic,,,O=S(Cc1ccccn1)c1nc2ccccc2[nH]1,train,383.39500000000004,4.0717000000000025,0.721155557594617,26,48
subcategory_halogen-walk.remove-F_184,Oc1ccc(C2=C(c3ccc(O)cc3)c3ccc(O)cc3C2)cc1,0,authentic,authentic,,,c1ccc(C2=C(c3ccccc3)c3ccccc3C2)cc1,val,316.3560000000001,4.318600000000003,0.6596893794566596,24,41
subcategory_halogen-walk.remove-F_77,CC(C)C(=O)N1CCN(Cc2noc3ccccc23)CC1,0,authentic,authentic,,,c1ccc2c(CN3CCNCC3)noc2c1,train,287.3630000000001,2.128,0.8674776695335743,21,34
subcategory_halogen-walk.remove-F_2108,Cc1cc(C)n2nc(-c3ccccc3)c(/C=C/C(O)CC(O)CC(=O)O)c(C(C)C)c12,1,halogen-walk,remove-F,Cc1cc(C)n2nc(-c3ccc(F)cc3)c(/C=C/C(O)CC(O)CC(=O)O)c(C(C)C)c12,7 8 9 10 11 12 13,c1ccc(-c2ccc3cccn3n2)cc1,train,422.5250000000003,4.341340000000003,0.5018818945990505,31,58
subcategory_halogen-walk.remove-F_359,O=C(NC[C@H]1CCCN1CCc1ccccc1)C1CCCCC1,0,authentic,authentic,,,O=C(NC[C@H]1CCCN1CCc1ccccc1)C1CCCCC1,train,314.47300000000024,3.3900000000000015,0.8727167649165298,23,36
subcategory_halogen-walk.remove-F_632,CC(=O)OC1CCC2(C)CC3C=C[C@]2(OO3)C1(C)C,0,authentic,authentic,,,C1=C[C@]23CCCCC2CC1OO3,val,266.337,2.773500000000001,0.41571480670735905,19,38
subcategory_halogen-walk.remove-F_2804,Cc1ccccc1-c1[nH]c(-c2ccc(C#N)cc2)nc1-c1ccncc1,1,halogen-walk,remove-F,N#Cc1ccc(-c2nc(-c3ccncc3)c(-c3ccc(F)cc3)[nH]2)cc1,0 1 2 3 4 5 6 8 9 10 11 12 13 14 15 16 17 18 19 20 21 22 23 24 25,c1ccc(-c2nc(-c3ccncc3)c(-c3ccccc3)[nH]2)cc1,train,336.3980000000001,4.985800000000004,0.5732334459109417,26,45
subcategory_halogen-walk.remove-F_1008,Cc1ccc(Oc2cc(O)ccc2CC(=O)O)c(Cl)c1,0,authentic,authentic,,,c1ccc(Oc2ccccc2)cc1,train,292.71799999999996,3.7734200000000016,0.8998749939402511,20,34
subcategory_halogen-walk.remove-F_1805,CCc1c(CC(=O)Nc2ccc(F)cc2)c2cc(OC)ccc2n1C(=O)c1ccc(Cl)cc1,1,halogen-walk,remove-F,COc1ccc2c(c1)c(CC(=O)Nc1ccc(F)cc1)c(C(F)(F)F)n2C(=O)c1ccc(Cl)cc1,0 1 3 4 5 6 7 8 9 10 11 12 13 14 15 16 17 18 19 20 21 22 23 24 25 26 27 28 29 30 31 32,O=C(Cc1cn(C(=O)c2ccccc2)c2ccccc12)Nc1ccccc1,train,464.9240000000002,5.874500000000005,0.3876682009427875,33,56
subcategory_halogen-walk.remove-F_2534,CCCCOc1ccc2nc(S(=O)Cc3cc(OC)c(OC)cn3)[nH]c2c1,1,halogen-walk,remove-F,COc1cnc(CS(=O)c2nc3ccc(OCC(F)(F)F)cc3[nH]2)cc1OC,0 1 2 3,O=S(Cc1ccccn1)c1nc2ccccc2[nH]1,train,389.4770000000001,3.461800000000002,0.564155194599892,27,45
subcategory_halogen-walk.remove-F_2481,CCn1c(CNC(=O)c2ccccc2)cc2ccccc21,1,halogen-walk,remove-F,CCn1c(CNC(=O)c2ccc(F)cc2)cc2ccccc21,0 1 2 3 4 5 7 8 9 10 11 12 13 14 15 16 17 18 19 20,O=C(NCc1cc2ccccc2[nH]1)c1ccccc1,val,278.3550000000001,3.5912000000000024,0.7771720972175588,21,32
subcategory_halogen-walk.remove-F_385,CC(C)NCC(O)COc1ccc2c(=O)c(-c3ccccc3)c(Cc3ccccc3)oc2c1,0,authentic,authentic,,,O=c1c(-c2ccccc2)c(Cc2ccccc2)oc2ccccc12,val,443.5430000000002,4.788500000000004,0.38924793700190596,33,53
subcategory_halogen-walk.remove-F_1153,O=C1Nc2ccc(Cl)cc2[C@](CCl)(c2ccccc2)O1,0,authentic,authentic,,,O=C1Nc2ccccc2C(c2ccccc2)O1,train,308.164,4.384500000000003,0.835901135321032,20,38
subcategory_halogen-walk.remove-F_291,CCCN1CC2(CCN(CC(O)COc3ccccc3OC)CC2)OC1=O,0,authentic,authentic,,,O=C1NCC2(CCN(CCCOc3ccccc3)CC2)O1,train,378.4690000000002,2.1316999999999995,0.7472664860583711,27,40
subcategory_halogen-walk.remove-F_1154,CN1CCN(C2=Nc3cc(Cl)ccc3N(NC(=O)C3CCC3)c3ccccc32)CC1,0,authentic,authentic,,,O=C(NN1c2ccccc2N=C(N2CCNCC2)c2ccccc21)C1CCC1,train,423.9480000000003,3.948500000000003,0.7941975662940168,30,51
subcategory_halogen-walk.remove-F_1162,O.O=C(O)COCCN1CCN(C(c2ccccc2)c2ccc(F)cc2)CC1,0,authentic,authentic,,,c1ccc(C(c2ccccc2)N2CCNCC2)cc1,train,390.45500000000015,1.8092000000000001,0.695190206437858,28,44
subcategory_halogen-walk.remove-F_720,CCc1nn(Cc2cccnn2)c(C(N)=O)c1NC(=O)c1cc(S(C)(=O)=O)ccc1OCC(C)C,0,authentic,authentic,,,O=C(Nc1cnn(Cc2cccnn2)c1)c1ccccc1,val,500.5810000000003,2.0733,0.42785600000687246,35,61
subcategory_halogen-walk.remove-F_1434,CCc1c(C)c2cc3nc(c4c5nc(cc6[nH]c(cc1[nH]2)C1(C)C6=CC=C(C(=O)OC)C1C(=O)OC)C(C)=C5C(=O)C4)[C@@H](CCC(=O)OC)[C@@H]3C,0,authentic,authentic,,,O=C1Cc2c3nc(cc4ccc(cc5[nH]c(cc6nc2C1=C6)C1=CC=CCC15)[nH]4)CC3,val,690.797,6.047920000000006,0.27258002291616773,51,112
subcategory_halogen-walk.remove-F_1440,CCCc1nn(C)c2c(=O)[nH]c(-c3cc(S(=O)(=O)N4CCN(c5ccccc5)CC4)ccc3OCC)nc12,0,authentic,authentic,,,O=c1[nH]c(-c2cccc(S(=O)(=O)N3CCN(c4ccccc4)CC3)c2)nc2cn[nH]c12,train,536.6580000000004,3.1857000000000015,0.3679530980553781,38,69
subcategory_halogen-walk.remove-F_57,c1ccc(CCCCCNCCCCc2ccccc2)cc1,0,authentic,authentic,,,c1ccc(CCCCCNCCCCc2ccccc2)cc1,val,295.46999999999997,5.011900000000004,0.5744436934166941,22,28
subcategory_halogen-walk.remove-F_1211,CCCCN1CCC(COC(=O)c2cc(Cl)c(N)cc2OC)CC1,0,authentic,authentic,,,O=C(OCC1CCNCC1)c1ccccc1,test,354.87800000000016,3.599700000000002,0.5983220262333956,24,38
subcategory_halogen-walk.remove-F_2130,CC[C@@]1(O)CCC[C@@H]2CN(Cc3cccc(C)c3)C[C@@H]21,1,halogen-walk,remove-F,CC[C@@]1(O)CCC[C@@H]2CN(Cc3ccc(F)c(OC)c3)C[C@@H]21,10 11 12 13 14 15 16 17,c1ccc(CN2C[C@H]3CCCC[C@H]3C2)cc1,train,273.42,3.3680200000000022,0.9124839348833111,20,46
subcategory_halogen-walk.remove-F_1428,COc1cc(-c2ccc(Cl)cc2)ccc1CC(=O)O,0,authentic,authentic,,,c1ccc(-c2ccccc2)cc1,train,276.719,3.6427000000000023,0.9272103405801038,19,32
subcategory_halogen-walk.remove-F_2117,Cc1ccccc1CN(CC(O)(Cn1cncn1)c1ccccc1)C(C)C,1,halogen-walk,remove-F,Cc1ccccc1CN(CC(O)(Cn1cncn1)c1ccc(F)cc1F)C(C)C,0 1 2 3 4 5 6 7 8 9 11 12 13 14 15 16 17 18 19 20 21 22 23 24 25 26,c1ccc(CNCC(Cn2cncn2)c2ccccc2)cc1,train,364.4930000000001,3.384920000000002,0.6656745146809764,27,41
subcategory_halogen-walk.remove-F_1651,COc1cc2c(cc1OC)C(=O)N(Cc1cccc(C)c1)CC2,1,halogen-walk,remove-F,COc1cc2c(cc1OC)C(=O)N(Cc1ccc(F)cc1)CC2,0 1 2 3 4 5 6 7 8 9 10 11 13 14 15 16 17 18 19 20 21 22,O=C1c2ccccc2CCN1Cc1ccccc1,train,311.3810000000001,3.210720000000002,0.8700965603994062,23,38
subcategory_halogen-walk.remove-F_2326,CN(C)CCCC(O)(c1ccccc1)c1ccc(C#N)cc1CO,1,halogen-walk,remove-F,CN(C)CCCC(O)(c1ccc(F)cc1)c1ccc(C#N)cc1CO,0 1 2 3 4 5 7 8 9 10 11 12 13 14 15 16 17 18 19 20 21 22 23,c1ccc(Cc2ccccc2)cc1,train,324.4240000000001,2.6282800000000015,0.8214382077774599,24,37
subcategory_halogen-walk.remove-F_1213,CCC(c1ccc(O)c(N(C)C)c1)C(CC)c1ccc(O)c(N(C)C)c1,0,authentic,authentic,,,c1ccc(CCc2ccccc2)cc1,train,356.51000000000005,4.917200000000006,0.739293689278509,26,46
subcategory_halogen-walk.remove-F_484,C[C@@](Cc1c[nH]c2ccccc12)(NC(=O)OC1C2CC3CC(C2)CC1C3)C(=O)N1CC[C@@H](Oc2ccc(Cl)cc2Cl)C[C@H]1C(=O)O,0,authentic,authentic,,,O=C(NC(Cc1c[nH]c2ccccc12)C(=O)N1CCC(Oc2ccccc2)CC1)OC1C2CC3CC(C2)CC1C3,val,668.6180000000004,6.850000000000008,0.24161939618820494,46,97
subcategory_halogen-walk.remove-F_360,O=C(O)c1ccc(NCCCc2cccc(Cl)c2)cc1,0,authentic,authentic,,,c1ccc(CCCNc2ccccc2)cc1,train,289.762,4.082900000000002,0.7877941523609723,20,32
subcategory_halogen-walk.remove-F_2471,CCOC(=O)CC(O)C=Cc1c(-c2ccccc2)c2ccccc2n1C(C)C,1,halogen-walk,remove-F,CCOC(=O)CC(O)C=Cc1c(-c2ccc(F)cc2)c2ccccc2n1C(C)C,0 1 2 3 4 5 6 7 8 9 10 12 13 14 15 16 17 18 19 20 21 22 23 24 25 26 27,c1ccc(-c2c[nH]c3ccccc23)cc1,train,377.48400000000015,5.216500000000004,0.5746703658849884,28,45
subcategory_halogen-walk.remove-F_1731,CCOC(=O)C[C@@H](O)C=Cc1c(-c2ccccc2)c2ccccc2n1C(C)C,1,halogen-walk,remove-F,CCOC(=O)C[C@@H](O)C=Cc1c(-c2ccc(F)cc2)c2ccccc2n1C(C)C,11 12 13 14 15 16 17,c1ccc(-c2c[nH]c3ccccc23)cc1,train,377.48400000000015,5.216500000000004,0.5746703658849884,28,50
subcategory_halogen-walk.remove-F_1718,CC(C)(C)OC(=O)N1CC[C@H](c2ccccc2)[C@@H](COc2ccc3c(c2)OCO3)C1,1,halogen-walk,remove-F,CC(C)(C)OC(=O)N1CC[C@H](c2ccc(F)cc2)[C@@H](COc2ccc3c(c2)OCO3)C1,0 1 2 3 4 5 6 7 8 9 11 12 13 14 15 16 17 18 19 20 21 22 23 24 25 26 27 28 29,c1ccc([C@H]2CCNC[C@@H]2COc2ccc3c(c2)OCO3)cc1,train,411.4980000000003,4.8349000000000055,0.7209169383088753,30,60
subcategory_halogen-walk.remove-F_726,Cc1ccc([C@H]2C=C(c3ccccc3)Nc3ncnn32)cc1,0,authentic,authentic,,,C1=C(c2ccccc2)Nc2ncnn2[C@H]1c1ccccc1,train,288.35400000000004,3.642520000000001,0.7825321765934319,22,39
subcategory_halogen-walk.remove-F_1895,CC(C)n1c(/C=C/C=C/C(O)CC(=O)O)c(-c2ccccc2)c2ccccc21,1,halogen-walk,remove-F,CC(C)n1c(/C=C/C=C/C(O)CC(=O)O)c(-c2ccc(F)cc2)c2ccccc21,15 16 17 18 19 20 21,c1ccc(-c2c[nH]c3ccccc23)cc1,train,375.468,5.294200000000004,0.5513292761003976,28,51
subcategory_halogen-walk.remove-F_1633,N#C[C@@H]1CCCN1C(=O)[C@@H](N)Cc1ccccc1,1,halogen-walk,remove-F,N#C[C@@H]1CCCN1C(=O)[C@@H](N)Cc1ccc(F)cc1,0 1 2 3 4 5 6 7 8 9 10 12 13 14 15 16,O=C(CCc1ccccc1)N1CCCC1,train,243.31000000000003,1.0709799999999992,0.8629191150977663,18,38
subcategory_halogen-walk.remove-F_2619,CC(C)n1c(/C=C/C(O)CC(O)CC(=O)O)c(-c2ccccc2)c2ccccc21,1,halogen-walk,remove-F,CC(C)n1c(/C=C/C(O)CC(O)CC(=O)O)c(-c2ccc(F)cc2)c2ccccc21,0 1 2 3 4 5 6 7 8 9 10 11 12 13 14 15 17 18 19 20 21 22 23 24 25 26 27 28,c1ccc(-c2c[nH]c3ccccc23)cc1,train,393.483,4.489000000000003,0.5265822047315406,29,52
subcategory_halogen-walk.remove-F_1179,Nc1nnc(-c2ccc(Cl)c(C(F)(F)F)c2)c(N)n1,0,authentic,authentic,,,c1ccc(-c2cncnn2)cc1,train,289.64799999999997,2.3751999999999995,0.8408315665283329,19,37
subcategory_halogen-walk.remove-F_449,CCCCc1ccc(C2=NCCN2)cc1,0,authentic,authentic,,,c1ccc(C2=NCCN2)cc1,train,202.30099999999996,2.3790000000000004,0.7961539092459043,15,22
subcategory_halogen-walk.remove-F_1564,OCC(CO)C[C@@](O)(Cn1cncn1)c1ccccc1,1,halogen-walk,remove-F,OCC(CO)C[C@@](O)(Cn1cncn1)c1ccc(F)cc1F,0 1 2 3 4 5 7 8 9 10 11 12 13 14 15 16 17 18,c1ccc(CCn2cncn2)cc1,train,277.324,0.15679999999999894,0.6702037625857291,20,34
subcategory_halogen-walk.remove-F_114,COc1ccc(-c2ccc(C(=O)O)cc2)cc1OC1CCCC1,0,authentic,authentic,,,c1ccc(-c2cccc(OC3CCCC3)c2)cc1,val,312.3650000000001,4.381800000000003,0.8897593242377437,23,37
subcategory_halogen-walk.remove-F_1509,CCCN(C1CC1)[C@H](C)[C@](O)(Cn1cncn1)c1ccccc1,1,halogen-walk,remove-F,CCCN(C1CC1)[C@H](C)[C@](O)(Cn1cncn1)c1ccc(F)cc1F,9 17 18 19 20 21 22,c1ccc(C(CNC2CC2)Cn2cncn2)cc1,train,314.433,2.4288000000000007,0.8129006995808248,23,44
subcategory_halogen-walk.remove-F_2875,CN(C)Cc1ccccc1Sc1ccccc1,1,halogen-walk,remove-F,CN(C)Cc1ccccc1Sc1ccc(F)cc1CO,0 1 2 3 4 5 6 7 8 9 11 12 13 14 15,c1ccc(Sc2ccccc2)cc1,train,243.375,3.8994000000000026,0.8009455200544454,17,23
subcategory_halogen-walk.remove-F_2719,C=CCOc1ccccc1CNCc1ccccc1,1,halogen-walk,remove-F,C=CCOc1ccccc1CNCc1ccc(F)cc1.Cl,12 13 14 15 16 17 18,c1ccc(CNCc2ccccc2)cc1,train,253.34499999999997,3.5412000000000026,0.7620022803938681,19,24
subcategory_halogen-walk.remove-F_1092,CCCNn1cc(C(=O)O)c(=O)c2cc(F)c(N3CCN(C)CC3)cc21,0,authentic,authentic,,,O=c1cc[nH]c2cc(N3CCNCC3)ccc12,train,362.4050000000002,1.5440999999999996,0.8402990457016962,26,46
subcategory_halogen-walk.remove-F_2585,CCOc1cccc(CN2CC[C@H](CO)[C@H](NC(=O)c3ccccc3)C2)c1,1,halogen-walk,remove-F,O=C(N[C@@H]1CN(Cc2cccc(OC(F)(F)F)c2)CC[C@@H]1CO)c1ccccc1,0 1 2,O=C(N[C@H]1CCCN(Cc2ccccc2)C1)c1ccccc1,val,368.4770000000001,2.698100000000001,0.7888432021868352,27,50
subcategory_halogen-walk.remove-F_2456,CC(C)Cc1ccccc1Oc1ccccc1CC(=O)O,1,halogen-walk,remove-F,O=C(O)Cc1ccccc1Oc1ccccc1C(F)(F)F,0 1 2 3 5 6 7 8 9 10 11 12 13 14 15 16 17 18 19 20,c1ccc(Oc2ccccc2)cc1,train,284.35499999999996,4.304500000000004,0.8596634839751409,21,30
subcategory_halogen-walk.remove-F_1345,C=CCc1ccc2c(C(C)C)c(C=CC(O)CC(=O)CC(=O)O)c(-c3ccc(F)cc3)nn12,0,authentic,authentic,,,c1ccc(-c2ccc3cccn3n2)cc1,train,450.51000000000016,4.800300000000004,0.3419564632769297,33,60
subcategory_halogen-walk.remove-F_507,CCCCCC(/C=N/Nc1nncc2ccccc12)=C\c1ccccc1,0,authentic,authentic,,,C(=C\c1ccccc1)/C=N/Nc1nncc2ccccc12,test,344.46200000000005,5.691400000000005,0.3242399855950947,26,39
subcategory_halogen-walk.remove-F_205,CO[C@]12CC[C@@]3(C[C@@H]1C(C)(O)C(C)(C)C)[C@H]1Cc4ccc(O)c5c4[C@@]3(CCN1CC1CC1)[C@H]2O5,0,authentic,authentic,,,c1cc2c3c(c1)O[C@H]1C4CCC5(CC4)[C@@H](C2)N(CC2CC2)CC[C@]315,train,467.6500000000003,4.413800000000004,0.686738022566705,34,86
subcategory_halogen-walk.remove-F_326,COc1cccc(C2(O)CC3CCC(C3)C2CN(C)C)c1F,0,authentic,authentic,,,c1ccc(C2CC3CCC(C3)C2)cc1,train,307.409,3.019700000000001,0.9279231168935447,22,36
subcategory_halogen-walk.remove-F_476,c1ncn(Cc2ccc(-c3ccc(Cn4cncn4)cc3)cc2)n1,0,authentic,authentic,,,c1ncn(Cc2ccc(-c3ccc(Cn4cncn4)cc3)cc2)n1,train,316.368,2.6332000000000013,0.5677022438842676,24,39
subcategory_halogen-walk.remove-F_2443,Cc1cccc(CC2CCN(C(C)(C)C#Cc3ccc4[nH]c(O)nc4c3)CC2)c1,1,halogen-walk,remove-F,CC(C)(C#Cc1ccc2[nH]c(O)nc2c1)N1CCC(Cc2ccc(F)cc2)CC1,0 1 2 3 4 5 6 28,C(#Cc1ccc2[nH]cnc2c1)CN1CCC(Cc2ccccc2)CC1,train,387.52700000000016,4.661720000000004,0.6427407753478481,29,51
subcategory_halogen-walk.remove-F_1570,CCOc1cc2nc(SCc3cc(OC)c(OC)cn3)[nH]c2cc1F,1,halogen-walk,remove-F,COc1cnc(CSc2nc3cc(OC(F)F)c(F)cc3[nH]2)cc1OC,0 1 3 4 5 6 7 8 9 10 11 12 13 14 15 16 17 18 19 20 21 22 23,c1ccc(CSc2nc3ccccc3[nH]2)nc1,train,363.414,3.805200000000003,0.644005988221192,25,40
subcategory_halogen-walk.remove-F_732,CC(CO)C(O)(Cn1cncn1)c1ccc(F)cc1F,0,authentic,authentic,,,c1ccc(CCn2cncn2)cc1,train,283.278,1.0724999999999998,0.860879136808199,20,32
subcategory_halogen-walk.remove-F_1084,CCCCC1N(C)C(=O)C(c2ccccc2)(c2ccc(F)cc2)N1C(=O)NC,0,authentic,authentic,,,O=C1NCNC1(c1ccccc1)c1ccccc1,train,383.4670000000001,3.6990000000000025,0.8559867134284,28,48
subcategory_halogen-walk.remove-F_966,CCCCCc1c(C(C)C)nc(C(C)C)c(CO)c1-c1ccccc1NC(C)=O,0,authentic,authentic,,,c1ccc(-c2ccncc2)cc1,train,396.5750000000001,6.178800000000007,0.497585697348527,29,47
subcategory_halogen-walk.remove-F_1966,CC(C)n1c(/C=C/CO)c(-c2ccccc2)c2ccccc21,1,halogen-walk,remove-F,CC(C)n1c(/C=C/CO)c(-c2ccc(F)cc2)c2ccccc21,0 1 2 3 4 5 6 7 8 10 11 12 13 14 15 16 17 18 19 20 21,c1ccc(-c2c[nH]c3ccccc23)cc1,train,291.394,4.894700000000004,0.7267567953884447,22,38
subcategory_halogen-walk.remove-F_2529,Cc1ccccc1OCC1CN(CC#Cc2ccccc2)CCO1,1,halogen-walk,remove-F,CC(=O)c1cc(F)ccc1OCC1CN(CC#Cc2ccccc2)CCO1,0 1 2 3 4 5 6 7,C(#Cc1ccccc1)CN1CCOC(COc2ccccc2)C1,test,321.4200000000001,3.1263200000000015,0.8077533334051283,24,33
subcategory_halogen-walk.remove-F_575,COc1cc(C2=CC(=O)NC2)cc(OC)c1OC,0,authentic,authentic,,,O=C1C=C(c2ccccc2)CN1,train,249.26599999999996,1.2256,0.8714909168176109,18,30
subcategory_halogen-walk.remove-F_1594,CNCCC1(c2ccccc2)OCc2cc(C#N)ccc21,1,halogen-walk,remove-F,CNCCC1(c2ccc(F)cc2)OCc2cc(C#N)ccc21,0 1 2 3 5 6 7 8 9 10 11 12 13 14 15 16 17 18 19,c1ccc(C2OCc3ccccc32)cc1,train,278.35499999999996,2.941580000000002,0.9349096164156583,21,32
subcategory_halogen-walk.remove-F_2826,COc1ccc(C2C(CCC(O)c3ccccc3)C(=O)N2c2ccc(C#N)cc2)cc1,1,halogen-walk,remove-F,COc1ccc(C2C(CCC(O)c3ccc(F)cc3)C(=O)N2c2ccc(C#N)cc2)cc1,0 1 2 3 4 5 6 7 8 9 11 12 13 14 15 16 17 18 19 20 21 22 23 24 25 26 27 28 29 30,O=C1C(CCCc2ccccc2)C(c2ccccc2)N1c1ccccc1,train,412.48900000000015,4.784780000000004,0.5667021231024438,31,51
subcategory_halogen-walk.remove-F_1834,C[N+]1(Cc2ccccc2)C2CC(OC(=O)C(O)(c3cccs3)c3cccs3)CC1C1OC12,1,halogen-walk,remove-F,C[N+]1(Cc2ccc(F)cc2)C2CC(OC(=O)C(O)(c3cccs3)c3cccs3)CC1C1OC12.[Br-],2 3 4 5 6 7 8,O=C(OC1CC2C3OC3C(C1)[NH+]2Cc1ccccc1)C(c1cccs1)c1cccs1,train,468.62000000000006,3.916100000000003,0.3385303071604261,32,58
subcategory_halogen-walk.remove-F_1951,CCCOc1ccc(OCC(F)(F)F)c(C(=O)N(CC)CC2CCCN2C)c1,1,halogen-walk,remove-F,CCN(CC1CCCN1C)C(=O)c1cc(OCC(F)(F)F)ccc1OCC(F)(F)F,0 1 3 4 5 6 7 8 9 10 11 12 13 14 15 16 17 18 19 20 21 22 23 24 25 26,O=C(NCC1CCCN1)c1ccccc1,train,402.45700000000016,3.972800000000004,0.6268433636045188,28,45
subcategory_halogen-walk.remove-F_448,Cc1ccc(S(=O)(=O)N(Cc2ccccc2)c2oc3ccc(Cl)cc3c(=O)c2C)cc1,0,authentic,authentic,,,O=c1cc(N(Cc2ccccc2)S(=O)(=O)c2ccccc2)oc2ccccc12,train,453.94700000000023,5.458740000000005,0.40215425853028147,31,55
subcategory_halogen-walk.remove-F_1222,O=C(NCc1cccnc1)[C@@H]1CCCCN1C1c2ncc(Br)cc2CCc2cc(Cl)cc(Br)c21,0,authentic,authentic,,,O=C(NCc1cccnc1)[C@@H]1CCCCN1C1c2ccccc2CCc2cccnc21,train,604.7740000000001,6.013900000000005,0.39630059563406145,34,61
subcategory_halogen-walk.remove-F_653,COc1ccc(-n2nc(C(N)=O)c3c2C(=O)N(c2ccc(C4(CC(N)=O)CC4)cc2)CC3)cc1,0,authentic,authentic,,,O=C1c2c(cnn2-c2ccccc2)CCN1c1ccc(C2CC2)cc1,train,459.5060000000003,2.0896999999999992,0.5580488501717275,34,64
subcategory_halogen-walk.remove-F_53,COCC1CCCN1c1cc2nc(S(=O)Cc3nccc(OC)c3C)[nH]c2cc1F,0,authentic,authentic,,,O=S(Cc1ccccn1)c1nc2cc(N3CCCC3)ccc2[nH]1,val,432.5210000000002,3.3370200000000017,0.6168876874214768,30,48
subcategory_halogen-walk.remove-F_368,CCOc1ccc(-n2c(C)c3c(C)nnc(-c4ccc(CC)cc4)c3c2C)cc1,0,authentic,authentic,,,c1ccc(-c2nncc3cn(-c4ccccc4)cc23)cc1,train,385.51100000000014,5.9738600000000055,0.4245468140749119,29,49
subcategory_halogen-walk.remove-F_553,CCC(C)Oc1ccc(-c2nc(C)c(C(=O)O)s2)cc1C#N,0,authentic,authentic,,,c1ccc(-c2nccs2)cc1,train,316.382,3.865700000000002,0.9050577460194018,22,39
subcategory_halogen-walk.remove-F_795,Fc1ccc([C@@H]2CCNCC2CCOc2ccc3c(c2)OCO3)cc1,0,authentic,authentic,,,c1ccc([C@@H]2CCNCC2CCOc2ccc3c(c2)OCO3)cc1,val,343.3980000000001,3.7166000000000023,0.8982142230342505,25,42
subcategory_halogen-walk.remove-F_658,Cc1cccc2cc3c(=O)n(C)cc(C(=O)NCCN(C)C)c3nc12,0,authentic,authentic,,,O=c1[nH]ccc2nc3ccccc3cc12,val,338.4110000000001,1.6865199999999996,0.7352669379072245,25,43
subcategory_halogen-walk.remove-F_1028,CC(C)n1c(C=C[C@@H]2C[C@H](CC(=O)O)OC(C)(C)O2)c(-c2ccc(F)cc2)c2ccccc21,0,authentic,authentic,,,C(=C[C@@H]1CCOCO1)c1[nH]c2ccccc2c1-c1ccccc1,train,451.5380000000001,6.426400000000006,0.4693475656703908,33,69
subcategory_halogen-walk.remove-F_1158,Nc1nc2c(ncn2CCC(F)CO)c(=O)[nH]1,0,authentic,authentic,,,O=c1[nH]cnc2[nH]cnc12,train,241.22599999999997,-0.5777000000000003,0.6631358194594859,17,31
subcategory_halogen-walk.remove-F_2332,CCn1ccc2c(cc(C(=O)Nc3ccccc3)n2C)c1=O,1,halogen-walk,remove-F,CCn1ccc2c(cc(C(=O)Nc3ccc(F)cc3C)n2C)c1=O,0 1 2 3 4 5 6 7 8 9 10 12 13 14 15 16 17 18 19 20 21,O=C(Nc1ccccc1)c1cc2c(=O)[nH]ccc2[nH]1,train,295.3420000000001,2.6122000000000005,0.8072367537259538,22,36
subcategory_halogen-walk.remove-F_704,Fc1ccc(CNCCCNc2ccnc3cc(Cl)ccc23)cc1,0,authentic,authentic,,,c1ccc(CNCCCNc2ccnc3ccccc23)cc1,train,343.8330000000001,4.619100000000003,0.6145673762407822,24,35
subcategory_halogen-walk.remove-F_2646,Cc1ccccc1-c1coc2cc(O)cc(O)c2c1=O,1,halogen-walk,remove-F,O=c1c(-c2ccc(F)cc2)coc2cc(O)cc(O)c12,0 1 2 3 4 5 6 8 9 10 11 12 13 14 15 16 17 18 19,O=c1c(-c2ccccc2)coc2ccccc12,train,268.268,3.1796200000000012,0.710721116511046,20,32
subcategory_halogen-walk.remove-F_2204,O=C1NCCOc2ccc(OCc3ccccc3)cc21,1,halogen-walk,remove-F,O=C1NCCOc2ccc(OCc3ccc(F)cc3)cc21,0 1 2 3 4 5 6 7 8 9 10 12 13 14 15 16 17 18 19,O=C1NCCOc2ccc(OCc3ccccc3)cc21,train,269.3,2.3878000000000004,0.9303237000795338,20,29
subcategory_halogen-walk.remove-F_1115,O=C1CCc2cc(OCCN3CCN(c4ccc(Cl)c(Cl)c4)CC3=O)ccc2N1,0,authentic,authentic,,,O=C1CCc2cc(OCCN3CCN(c4ccccc4)CC3=O)ccc2N1,train,434.3230000000001,3.6057000000000023,0.781480409348665,29,49
subcategory_halogen-walk.remove-F_982,CNCC[C@@H](Oc1ccc(C(F)(F)F)cc1)[C@H]1C=CC=CC1,0,authentic,authentic,,,C1=CC[C@@H](COc2ccccc2)C=C1,train,311.347,4.194600000000004,0.8501505375802353,22,45
subcategory_halogen-walk.remove-F_735,CN(C)CCOc1nccc(-c2cccs2)n1,0,authentic,authentic,,,c1csc(-c2ccncn2)c1,val,249.33900000000003,2.1454999999999993,0.8135085639811585,17,26
subcategory_halogen-walk.remove-F_1460,CCCOc1ccnc(CS(=O)(=O)c2nc3ccccc3[nH]2)c1C,1,halogen-walk,remove-F,Cc1c(OCC(F)(F)F)ccnc1CS(=O)(=O)c1nc2ccccc2[nH]1,0 1 3 4 5 6 7 8 9 10 11 12 13 14 15 16 17 18 19 20 21 22,O=S(=O)(Cc1ccccn1)c1nc2ccccc2[nH]1,train,345.42400000000004,3.029020000000001,0.7420835655942123,24,41
subcategory_halogen-walk.remove-F_1601,O=C1[C@@H](c2ccc(O)cc2)[C@@H]([C@@H](O)COc2ccc(F)cc2)N1c1ccccc1,1,halogen-walk,remove-F,O=C1[C@@H](c2ccc(O)cc2)[C@@H]([C@@H](O)COc2ccc(F)cc2)N1c1ccc(F)cc1,0 1 2 3 4 5 6 7 8 9 10 11 12 13 14 15 16 17 18 19 20 21 23 24 25 26 27,O=C1[C@@H](c2ccccc2)[C@@H](CCOc2ccccc2)N1c1ccccc1,train,393.41400000000004,3.470200000000002,0.6294751810681375,29,63
subcategory_halogen-walk.remove-F_2557,COc1cccc(C(O)(C(C)=Cc2ccccc2)C(C)CN(C)C)c1,1,halogen-walk,remove-F,COc1cccc(C(O)(/C(C)=C/c2ccc(F)cc2)C(C)CN(C)C)c1,0 1 2 3 4 5 6 7 8 9 10 12 13 14 15 16 17 18 19 20 21 22 23 24,C(=C\c1ccccc1)/Cc1ccccc1,train,339.4790000000001,4.184000000000003,0.8210971882098467,25,42
subcategory_halogen-walk.remove-F_2101,OC(Cn1cncn1)(c1ccccc1)C(F)(F)c1cccs1,1,halogen-walk,remove-F,OC(Cn1cncn1)(c1ccc(F)cc1)C(F)(F)c1cccs1,0 2 3 4 5 6 7 8 9 10 11 12 13 14 15 16 17 18 19 20 21,c1ccc(C(Cc2cccs2)Cn2cncn2)cc1,test,321.352,3.019400000000002,0.7857387834889427,22,36
subcategory_halogen-walk.remove-F_1627,CC1(c2ccccc2)NC(=O)NC1=O,1,halogen-walk,remove-F,CC1(c2ccc(F)c(F)c2)NC(=O)NC1=O,1 2 3 4 5 6 7,O=C1NC(=O)C(c2ccccc2)N1,train,190.20199999999997,0.7411999999999999,0.641569473030129,14,24
subcategory_halogen-walk.remove-F_2065,COC(=O)C[C@H](O)C[C@H](O)/C=C/n1c(C(C)C)cc(-c2ccncc2)c1-c1ccccc1,1,halogen-walk,remove-F,COC(=O)C[C@H](O)C[C@H](O)/C=C/n1c(C(C)C)cc(-c2ccncc2)c1-c1ccc(F)cc1,0 1 2 3 4 5 6 7 8 9 10 11 12 13 14 15 16 17 18 19 20 21 22 23 24 26 27 28 29 30,c1ccc(-c2[nH]ccc2-c2ccncc2)cc1,train,434.5360000000002,4.486200000000004,0.4850354999500829,32,64
subcategory_halogen-walk.remove-F_2126,CCCN(C(=O)[C@@H](CNC(=O)c1ccc(Cl)s1)NC(=O)OCCO)c1ccc(N2CCOCC2=O)cc1,1,halogen-walk,remove-F,O=C(N[C@H](CNC(=O)c1ccc(Cl)s1)C(=O)N(c1ccc(N2CCOCC2=O)cc1)C(F)(F)F)OCCO,0 1 2 4 5 6 7 8 9 10 11 12 13 14 15 16 17 18 19 20 21 22 23 24 25 26 27 28 29 30 31 32 33 34 35,O=C(CCNC(=O)c1cccs1)Nc1ccc(N2CCOCC2=O)cc1,train,553.0370000000004,2.024799999999999,0.38761847880113093,37,67
subcategory_halogen-walk.remove-F_1291,[C-]#[N+]C(C)(C)c1cc(Cn2cncn2)c(F)c(C(C)(C)C#N)c1,0,authentic,authentic,,,c1ccc(Cn2cncn2)cc1,train,311.36400000000003,3.421070000000002,0.8128938725375049,23,49
subcategory_halogen-walk.remove-F_510,CC(=O)OCCn1cnc2c1c(=O)n(C)c(=O)n2C,0,authentic,authentic,,,O=c1[nH]c(=O)c2[nH]cnc2[nH]1,train,266.257,-1.003199999999999,0.6646066272405347,19,34
subcategory_halogen-walk.remove-F_2414,COc1ccc([C@@H]2[C@@H](CC[C@H](O)c3cccc(C)c3)C(=O)N2c2ccc(C(N)=O)cc2)cc1,1,halogen-walk,remove-F,COc1ccc([C@@H]2[C@@H](CC[C@H](O)c3ccc(F)cc3)C(=O)N2c2ccc(C(N)=O)cc2)cc1,0 1 2 3 4 5 6 7 8 9 11 12 13 14 15 16 17 18 19 20 21 22 23 24 25 26 27 28 29 30 31 32,O=C1[C@H](CCCc2ccccc2)[C@@H](c2ccccc2)N1c1ccccc1,train,444.5310000000002,4.320420000000003,0.5062239563159454,33,71
subcategory_halogen-walk.remove-F_1632,C[C@@H](CO)[C@](O)(Cn1cncn1)c1ccccc1,1,halogen-walk,remove-F,C[C@@H](CO)[C@](O)(Cn1cncn1)c1ccc(F)cc1F,0 1 2 3 5 6 7 8 9 10 11 12 13 14 15 16,c1ccc(CCn2cncn2)cc1,train,247.29800000000006,0.7942999999999999,0.8193075550865245,18,36
subcategory_halogen-walk.remove-F_1811,CCc1cc(-c2ccccc2)c(C=C[C@@H](O)CC(O)CC(=O)O)c(CC)n1,1,halogen-walk,remove-F,CCc1cc(-c2ccc(F)cc2)c(C=C[C@@H](O)CC(O)CC(=O)O)c(CC)n1,0 1 2 3 5 6 7 8 9 10 11 12 13 14 15 16 17 18 19 20 21 22 23 24 25 26,c1ccc(-c2ccncc2)cc1,train,369.4610000000002,3.473200000000001,0.6295208722872261,27,51
subcategory_halogen-walk.remove-F_1316,O=C(NCCc1c[nH]cn1)C1CN(C2c3ccc(Cl)cc3CCc3cc(Br)cnc32)CCN1C(=O)NC1CCCCC1,0,authentic,authentic,,,O=C(NCCc1c[nH]cn1)C1CN(C2c3ccccc3CCc3cccnc32)CCN1C(=O)NC1CCCCC1,val,655.0409999999998,4.796000000000004,0.35447393304610475,42,71
subcategory_halogen-walk.remove-F_408,CCNCC1CCN(c2c(F)cc3c(=O)c(C(=O)O)cn(C)c3c2F)C1,0,authentic,authentic,,,O=c1cc[nH]c2cc(N3CCCC3)ccc12,train,365.38000000000005,1.9506999999999999,0.847263984492492,26,46
subcategory_halogen-walk.remove-F_2631,CN1CC[C@@H](c2cccc(-c3ccccc3)c2)[C@H](COc2ccc3c(c2)OCO3)C1,1,halogen-walk,remove-F,CN1CC[C@@H](c2cccc(-c3ccc(F)cc3)c2)[C@H](COc2ccc3c(c2)OCO3)C1,0 1 2 3 4 5 6 7 8 10 11 12 13 14 15 16 17 18 19 20 21 22 23 24 25 26 27 28 29,c1ccc(-c2cccc([C@@H]3CCNC[C@H]3COc3ccc4c(c3)OCO4)c2)cc1,train,401.5060000000002,5.196600000000004,0.5882235103227448,30,58
subcategory_halogen-walk.remove-F_281,COc1cc2c(cc1OC)C(=O)C(CC1(F)CC3CCC(C1)N3Cc1cccc(C)c1)C2,0,authentic,authentic,,,O=C1c2ccccc2CC1CC1CC2CCC(C1)N2Cc1ccccc1,train,437.55500000000023,5.292620000000006,0.6153676378274652,32,55
subcategory_halogen-walk.remove-F_784,CCCn1c(=O)n(C)c(=O)c2c1ncn2CC(=O)O,0,authentic,authentic,,,O=c1[nH]c(=O)c2[nH]cnc2[nH]1,train,266.25699999999995,-0.6087,0.7955772097303225,19,34
subcategory_halogen-walk.remove-F_2264,COc1ccccc1C1(O)CCC(Cc2ccccc2)CC1CN(C)C,1,halogen-walk,remove-F,COc1ccccc1C1(O)CCC(Cc2ccc(F)cc2)CC1CN(C)C,0 1 2 3 4 5 6 7 8 9 10 11 12 14 15 16 17 18 19 20 21 22 23 24 25,c1ccc(CC2CCC(c3ccccc3)CC2)cc1,train,353.5060000000001,4.103400000000003,0.8484425421491001,26,38
subcategory_halogen-walk.remove-F_2254,COc1ccc(OC2CCN(C3CCCC3)CC2)c(C(=O)N(C)Cc2ccccc2)c1,1,halogen-walk,remove-F,COc1ccc(OC2CCN(C3CCCC3)CC2)c(C(=O)N(C)Cc2ccc(F)cc2)c1,0 1 2 3 4 5 6 7 8 9 10 11 12 13 14 15 16 17 18 19 20 21 22 24 25 26 27 28 29 30,O=C(NCc1ccccc1)c1ccccc1OC1CCN(C2CCCC2)CC1,train,422.5690000000001,4.753200000000005,0.6455783002085482,31,50
subcategory_halogen-walk.remove-F_124,CCC#CC[N+]12CCC(CC1)[C@@H](OC(=O)C(O)(c1cccs1)c1cccs1)C2,0,authentic,authentic,,,O=C(O[C@H]1C[NH+]2CCC1CC2)C(c1cccs1)c1cccs1,train,416.5880000000001,3.611100000000002,0.46014045636215145,28,56
subcategory_halogen-walk.remove-F_981,CC=C(c1cc(Cl)ccc1OCc1ccccc1)n1ccnc1,0,authentic,authentic,,,C=C(c1ccccc1OCc1ccccc1)n1ccnc1,test,324.811,5.024600000000004,0.6582289810143406,23,35
subcategory_halogen-walk.remove-F_1127,NCCCc1cc(F)cc(OCC2CCCCC2)c1,0,authentic,authentic,,,c1ccc(OCC2CCCCC2)cc1,train,265.3719999999999,3.6761000000000026,0.851306598920668,19,27
subcategory_halogen-walk.remove-F_2333,Cc1ccccc1[C@@H](O)CC[C@H]1C(=O)N(c2ccc(Br)cc2)[C@@H]1c1ccc(O)cc1,1,halogen-walk,remove-F,O=C1[C@H](CC[C@H](O)c2ccc(F)cc2)[C@@H](c2ccc(O)cc2)N1c1ccc(Br)cc1,0 1 2 3 4 5 6 8 9 10 11 12 13 14 15 16 17 18 19 20 21 22 23 24 25 26 27 28 29,O=C1[C@H](CCCc2ccccc2)[C@@H](c2ccccc2)N1c1ccccc1,train,466.37500000000006,5.681020000000006,0.45978701254799687,30,64
subcategory_halogen-walk.remove-F_843,COc1ccc(/C=C2\CN(C)C/C(=C\c3ccc(OC)cc3)C2O)cc1,0,authentic,authentic,,,C(=C1/CNC/C(=C\c2ccccc2)C1)/c1ccccc1,train,351.446,3.4771000000000027,0.9157458298106865,26,46
subcategory_halogen-walk.remove-F_1021,CCCOc1ccc(F)cc1C(=O)C1CCNCC1,0,authentic,authentic,,,O=C(c1ccccc1)C1CCNCC1,train,265.328,2.7968,0.8319442491952969,19,28
subcategory_halogen-walk.remove-F_604,CCOC(=O)C[C@@H](/C=C/c1c(-c2ccc(F)cc2)c2ccccc2n1C(C)C)OC(C)=O,0,authentic,authentic,,,c1ccc(-c2c[nH]c3ccccc23)cc1,train,437.5110000000002,5.926400000000005,0.4101934327220887,32,61
subcategory_halogen-walk.remove-F_2394,Cc1cccc(CN2CCC(CCCc3noc4cc(F)ccc34)CC2)c1,1,halogen-walk,remove-F,Fc1ccc(CN2CCC(CCCc3noc4cc(F)ccc34)CC2)cc1,0 1 2 3 4 5 6 26,c1ccc(CN2CCC(CCCc3noc4ccccc34)CC2)cc1,train,366.4800000000001,5.510220000000006,0.5759078231298822,27,41
subcategory_halogen-walk.remove-F_503,O=C(CCN1CCC(c2ccccc2)C1)c1ccc2c(c1)OCCO2,0,authentic,authentic,,,O=C(CCN1CCC(c2ccccc2)C1)c1ccc2c(c1)OCCO2,val,337.41900000000015,3.520100000000002,0.7827139943366325,25,40
subcategory_halogen-walk.remove-F_1263,COc1ccc2c3c1OC1C[C@@H](O)C=C[C@@]31CC[N+](CCCCCCN1CC[C@@]34C=C[C@H](O)C[C@@H]3Oc3c(OC)ccc(c34)C1)=C2,0,authentic,authentic,,,C1=C[C@@]23CC[N+](CCCCCCN4CC[C@@]56C=CCC[C@@H]5Oc5cccc(c56)C4)=Cc4cccc(c42)OC3CC1,test,627.8020000000004,4.6444000000000045,0.23817077758643324,46,100
subcategory_halogen-walk.remove-F_1268,Cc1cc(Cl)cc(-c2nnc(N)nc2-c2ccccc2)c1F,0,authentic,authentic,,,c1ccc(-c2ncnnc2-c2ccccc2)cc1,train,314.75100000000003,3.888720000000001,0.7790776930093598,22,37
subcategory_halogen-walk.remove-F_1257,CC(C)N1C(=O)CN=C(c2ccccc2Cl)c2cc([N+](=O)[O-])ccc21,0,authentic,authentic,,,O=C1CN=C(c2ccccc2)c2ccccc2N1,train,357.79700000000014,3.840600000000003,0.6182162652396724,25,51
subcategory_halogen-walk.remove-F_2857,CC(C)C[C@@H](N)C(=O)N[C@@H](Cc1ccccc1)C(=O)NCc1ccccc1,1,halogen-walk,remove-F,CC(C)C[C@@H](N)C(=O)N[C@@H](Cc1ccccc1)C(=O)NCc1ccc(F)cc1,0 1 2 3 4 5 6 7 8 9 10 11 12 13 14 15 16 17 18 19 21 22 23 24 25,O=C(CCc1ccccc1)NCc1ccccc1,train,367.4930000000001,2.4036999999999997,0.6362479105758225,27,53
subcategory_halogen-walk.remove-F_2802,Cn1c(/C=C/[C@@H]2C[C@@H](O)CC(=O)O2)c(-c2ccccc2)c2ccccc21,1,halogen-walk,remove-F,Cn1c(/C=C/[C@@H]2C[C@@H](O)CC(=O)O2)c(-c2ccc(F)cc2)c2ccccc21,0 1 2 3 4 5 6 7 8 9 10 11 12 14 15 16 17 18 19 20 21 22 23 24 25,O=C1CCC[C@@H](/C=C/c2[nH]c3ccccc3c2-c2ccccc2)O1,train,347.41400000000004,3.9250000000000025,0.730649460030162,26,57
subcategory_halogen-walk.remove-F_1809,CC(C)Cc1ccc(C(=O)N2CCC(COc3ccccc3C(=O)NC3CC3)CC2)cc1,1,halogen-walk,remove-F,O=C(NC1CC1)c1ccccc1OCC1CCN(C(=O)c2ccc(C(F)(F)F)cc2)CC1,0 1 2 3 5 6 7 8 9 10 11 12 13 14 15 16 17 18 19 20 21 22 23 24 25 26 27 28 29 30,O=C(NC1CC1)c1ccccc1OCC1CCN(C(=O)c2ccccc2)CC1,train,434.5800000000002,4.708500000000004,0.6546796117903557,32,52
subcategory_halogen-walk.remove-F_913,COc1cc(C(=O)N2CO[C@](CCN3CCC(C(=O)c4ccc(Cl)cc4)CC3)(c3ccc(Cl)c(Cl)c3)C2)cc(OC)c1OC,0,authentic,authentic,,,O=C(c1ccccc1)C1CCN(CC[C@@]2(c3ccccc3)CN(C(=O)c3ccccc3)CO2)CC1,train,662.0100000000001,6.9830000000000085,0.2170521988234453,44,82
subcategory_halogen-walk.remove-F_2714,O=C(O)Cc1nc(-c2ccccc2)oc1-c1ccoc1,1,halogen-walk,remove-F,O=C(O)Cc1nc(-c2ccc(F)cc2)oc1-c1ccoc1,0 1 2 3 4 5 7 8 9 10 11 12 13 14 15 16 17 18 19,c1ccc(-c2ncc(-c3ccoc3)o2)cc1,test,269.25600000000003,3.2287000000000017,0.7864088919588031,20,33
subcategory_halogen-walk.remove-F_563,CNCCC[C@@]1(c2ccc(F)cc2)OCc2cc(C#N)ccc21.O=C(O)C(=O)O,0,authentic,authentic,,,c1ccc(C2OCc3ccccc32)cc1,train,400.4060000000001,2.62638,0.5212258592605536,29,53
subcategory_halogen-walk.remove-F_383,O=C1NC(c2ccccc2)(c2ccccc2)C(=O)N1C1CC1,0,authentic,authentic,,,O=C1NC(c2ccccc2)(c2ccccc2)C(=O)N1C1CC1,train,292.3380000000001,2.644400000000001,0.8841633178243227,22,38
subcategory_halogen-walk.remove-F_1860,CCCc1ccccc1C(O)(Cn1cncn1)C(C)(C)SC,1,halogen-walk,remove-F,CSC(C)(C)C(O)(Cn1cncn1)c1ccccc1C(F)(F)F,0 1 2 4 5 6 7 8 9 10 11 12 13 14 15 16 17 18 19 20 21,c1ccc(CCn2cncn2)cc1,train,319.474,3.2600000000000016,0.85085903139056,22,34
subcategory_halogen-walk.remove-F_439,OCc1cc(C(O)CNCCc2cccc(COCc3ccc(F)cc3)c2)ccc1O,0,authentic,authentic,,,c1ccc(CCNCCc2cccc(COCc3ccccc3)c2)cc1,train,425.5000000000001,3.6061000000000036,0.35305143558624147,31,45
subcategory_halogen-walk.remove-F_724,CCCCCCCCN1CCN(c2ccccc2)CC1,0,authentic,authentic,,,c1ccc(N2CCNCC2)cc1,train,274.4520000000001,4.169100000000004,0.6564984766969006,20,26
subcategory_halogen-walk.remove-F_2255,Cc1ccccc1-c1nc(N)nnc1-c1cc(Cl)cc(CN)c1,1,halogen-walk,remove-F,NCc1cc(Cl)cc(-c2nnc(N)nc2-c2ccc(F)cc2)c1,0 1 2 3 4 5 6 8 9 10 11 12 13 14 15 16 17 18 19 20 21 22,c1ccc(-c2ncnnc2-c2ccccc2)cc1,train,325.8030000000001,3.2083200000000005,0.7712363321141417,23,38
subcategory_halogen-walk.remove-F_873,C=CCOc1ccc(S(=O)(=O)N2CCN(C)CC2)cc1C1NC(=O)c2c(cnn2C)N1CCC,0,authentic,authentic,,,O=C1NC(c2cccc(S(=O)(=O)N3CCNCC3)c2)Nc2cn[nH]c21,train,488.61400000000026,1.5796000000000001,0.5633474455787821,34,58
subcategory_halogen-walk.remove-F_1399,CN(C)CCCC1(c2ccc(F)cc2)OCc2cc(C#N)ccc21.O=C(O)C(=O)O,0,authentic,authentic,,,c1ccc(C2OCc3ccccc32)cc1,train,414.43300000000016,2.968580000000001,0.7237724204466454,30,52
subcategory_halogen-walk.remove-F_783,O=C1CN=C(Cc2ccccc2)c2cc(Cl)ccc2N1,0,authentic,authentic,,,O=C1CN=C(Cc2ccccc2)c2ccccc2N1,val,284.746,3.323900000000002,0.9029008893729636,20,33
subcategory_halogen-walk.remove-F_60,CCN(CC)c1nc(C)nc2c1sc(=S)n2-c1c(C)cc(C)cc1C,0,authentic,authentic,,,S=c1sc2cncnc2n1-c1ccccc1,val,372.56300000000016,5.291370000000005,0.5826893308135581,25,43
subcategory_halogen-walk.remove-F_2139,Cc1cnc(C(=O)N(CCC(=O)N[C@@H](C)c2ccccc2)Cc2ccccc2)cn1,1,halogen-walk,remove-F,Cc1cnc(C(=O)N(CCC(=O)N[C@@H](C)c2ccccc2)Cc2ccc(F)cc2)cn1,21 22 23 24 25 26 27,O=C(CCN(Cc1ccccc1)C(=O)c1cnccn1)NCc1ccccc1,train,402.4980000000001,3.6949200000000024,0.6234579741227474,30,53
subcategory_halogen-walk.remove-F_2527,COc1ccccc1N1CCN(C(=O)c2cc3n(n2)CCN(Cc2ccccc2)C3=O)CC1,1,halogen-walk,remove-F,COc1ccccc1N1CCN(C(=O)c2cc3n(n2)CCN(Cc2cccc(F)c2)C3=O)CC1,0 1 2 3 4 5 6 7 8 9 10 11 12 13 14 15 16 17 18 19 20 21 23 24 25 26 27 28 29 30 31 32,O=C(c1cc2n(n1)CCN(Cc1ccccc1)C2=O)N1CCN(c2ccccc2)CC1,train,445.52300000000025,2.5101000000000004,0.6036465409240422,33,53
subcategory_halogen-walk.remove-F_1483,CC(C)N1C(=O)NC(c2ccccc2)c2cc3c(cc21)OCO3,1,halogen-walk,remove-F,CC(C)N1C(=O)NC(c2ccc(F)cc2)c2cc3c(cc21)OCO3,0 1 2 3 4 5 6 8 9 10 11 12 13 14 15 16 17 18 19 20 21 22,O=C1Nc2cc3c(cc2C(c2ccccc2)N1)OCO3,val,310.3530000000001,3.442700000000002,0.9241453519205435,23,40
subcategory_halogen-walk.remove-F_1682,COc1ccc(OC[C@H]2CNCC[C@@H]2c2ccccc2)cc1O,1,halogen-walk,remove-F,COc1ccc(OC[C@H]2CNCC[C@@H]2c2ccc(F)cc2)cc1O,0 1 2 3 4 5 6 7 8 9 10 11 12 14 15 16 17 18 19 20 21 22,c1ccc(OC[C@H]2CNCC[C@@H]2c2ccccc2)cc1,train,313.397,3.1729000000000025,0.8900262040863021,23,40
subcategory_halogen-walk.remove-F_887,O=C(Nc1ccc(O)cc1F)Nc1ccc(F)cc1F,0,authentic,authentic,,,O=C(Nc1ccccc1)Nc1ccccc1,train,282.22099999999995,3.4535,0.7386582476647225,20,31
subcategory_halogen-walk.remove-F_1175,Cc1cn(-c2cc(C)c3nc(O)ccc3c2)c(C#N)n1,0,authentic,authentic,,,c1cnc2ccc(-n3ccnc3)cc2c1,train,264.28799999999995,2.6146200000000004,0.7327147544739551,20,36
subcategory_halogen-walk.remove-F_2536,Cc1ccccc1C(O)(Cn1cncn1)C(C)N1CCCCC1,1,halogen-walk,remove-F,CC(N1CCCCC1)C(O)(Cn1cncn1)c1ccc(F)cc1F,0 1 2 3 4 5 6 8 9 10 11 12 13 14 15 16 17 18 19 20 21 22,c1ccc(C(CN2CCCCC2)Cn2cncn2)cc1,train,314.4330000000002,2.34872,0.9202571474976284,23,35
subcategory_halogen-walk.remove-F_344,C=CCOc1ccnc(CSc2nc3ccccc3[nH]2)c1C,0,authentic,authentic,,,c1ccc(CSc2nc3ccccc3[nH]2)nc1,train,311.41,4.123420000000003,0.5492915503842843,22,34
subcategory_halogen-walk.remove-F_103,COc1ccc([C@@]2(O)CC[C@H](OCc3ccc(F)cc3)C[C@@H]2CN(C)C)cc1,0,authentic,authentic,,,c1ccc(COC2CCC(c3ccccc3)CC2)cc1,train,387.4950000000001,3.969000000000004,0.7806549570493301,28,57
subcategory_halogen-walk.remove-F_944,CC(/C=C/C(=O)C1=C(O)CN(C)C1=O)=C\CC1CCCCC1,0,authentic,authentic,,,O=C(/C=C/C=C/CC1CCCCC1)C1=CCNC1=O,train,303.4020000000001,3.3125000000000018,0.481395659087855,22,42
subcategory_halogen-walk.remove-F_2233,Cc1cccc([C@]2(CCC(C)N)OCc3cc(C#N)ccc32)c1,1,halogen-walk,remove-F,CC(N)CC[C@@]1(c2ccc(F)cc2)OCc2cc(C#N)ccc21,0 1 2 3 4 5 6 22,c1ccc(C2OCc3ccccc32)cc1,train,306.409,3.767900000000002,0.9351215314778352,23,41
subcategory_halogen-walk.remove-F_87,CC(C)C[C@H](N)C(=O)Nc1nc(N)c2nc(-c3ccccc3)c(N)nc2n1,0,authentic,authentic,,,c1ccc(-c2cnc3ncncc3n2)cc1,train,366.4290000000001,1.5631,0.5291685613705955,27,51
subcategory_halogen-walk.remove-F_250,CCOC(=O)c1nc(-c2ccc(N=C=S)cc2)no1,0,authentic,authentic,,,c1ccc(-c2ncon2)cc1,test,275.28900000000004,2.6476000000000006,0.4846886203395405,19,33
subcategory_halogen-walk.remove-F_2405,CN(C)CCC[C@]1(c2ccccc2)OCc2cc(C#N)ccc21,1,halogen-walk,remove-F,CN(C)CCC[C@]1(c2ccc(F)cc2)OCc2cc(C#N)ccc21.Cl,0 1 2 3 4 5 7 8 9 10 11 12 13 14 15 16 17 18 19 20 21,c1ccc(C2OCc3ccccc32)cc1,train,306.409,3.673880000000003,0.845316819511218,23,39
subcategory_halogen-walk.remove-F_1656,CN(CCC1CCN(C(=O)c2ccccc2)CC1)C(=O)c1noc2ccccc12,1,halogen-walk,remove-F,CN(CCC1CCN(C(=O)c2ccc(F)cc2)CC1)C(=O)c1noc2ccccc12,0 1 2 3 4 5 6 7 9 10 11 12 13 14 15 16 17 18 19 20 21 22 23 24 25 26 27 28,O=C(NCCC1CCN(C(=O)c2ccccc2)CC1)c1noc2ccccc12,test,391.4710000000002,3.8423000000000034,0.6627173627700484,29,47
subcategory_halogen-walk.remove-F_1698,c1ccc(OC(c2ccccc2)C2CNCCO2)cc1,1,halogen-walk,remove-F,Fc1cccc(OC(c2ccccc2)C2CNCCO2)c1,0 1 2 3 5 6 7 8 9 10 11 12 13 14 15 16 17 18,c1ccc(OC(c2ccccc2)C2CNCCO2)cc1,test,269.34399999999994,2.7951000000000006,0.9255211913714833,20,30
subcategory_halogen-walk.remove-F_1735,Cc1cccc(NC(=O)/C=C\c2[nH]c(C)c(C(=O)NCCCCCC(=O)O)c2C)c1,1,halogen-walk,remove-F,Cc1[nH]c(/C=C2\C(=O)Nc3ccc(F)cc32)c(C)c1C(=O)NCCCCCC(=O)O,0 1 2 3 4 5 6 29,O=C1Nc2ccccc2/C1=C/c1ccc[nH]1,train,411.50200000000035,3.9666600000000027,0.3500793704230568,30,55
subcategory_halogen-walk.remove-F_2554,CCCCc1nn(-c2ccccc2CCC)c(=O)n1Cc1ccc(-c2ccccc2S(=O)(=O)NC(=O)C2CCCO2)cc1,1,halogen-walk,remove-F,CCCCc1nn(-c2ccccc2C(F)(F)F)c(=O)n1Cc1ccc(-c2ccccc2S(=O)(=O)NC(=O)C2CCCO2)cc1,12 13 14 15,O=C(NS(=O)(=O)c1ccccc1-c1ccc(Cn2cnn(-c3ccccc3)c2=O)cc1)C1CCCO1,train,602.7570000000001,5.028300000000004,0.24355498691096322,43,71
subcategory_halogen-walk.remove-F_2305,CCC1=C(C(N)=O)C(c2ccccc2)N(C(=O)N2CCC(N3CCC(C(=O)OC)(c4ccccc4)CC3)CC2)C(=O)N1,1,halogen-walk,remove-F,CCC1=C(C(N)=O)C(c2ccc(F)cc2F)N(C(=O)N2CCC(N3CCC(C(=O)OC)(c4ccccc4)CC3)CC2)C(=O)N1,0 1 2 3 4 5 6 8 9 10 11 12 13 14 15 16 17 18 19 20 21 22 23 24 25 26 27 28 29 30 31 32 33 34 35 36 37 38 39 40 41,O=C1NC=CC(c2ccccc2)N1C(=O)N1CCC(N2CCC(c3ccccc3)CC2)CC1,train,573.6940000000003,3.693500000000002,0.5080805638603918,42,77
subcategory_halogen-walk.remove-F_263,CC(C)n1c(/C=C/[C@@H]2C[C@@H](O)CC(=O)O2)c(-c2ccc(F)cc2)c2ccccc21,0,authentic,authentic,,,O=C1CCC[C@@H](/C=C/c2[nH]c3ccccc3c2-c2ccccc2)O1,train,393.458,5.108000000000004,0.6270235792366468,29,64
subcategory_halogen-walk.remove-F_1657,O=C1[C@@H](c2ccccc2)[C@H](c2ccc(O)cc2)N1CCCc1ccccc1,1,halogen-walk,remove-F,O=C1[C@@H](c2ccc(F)cc2)[C@H](c2ccc(O)cc2)N1CCCc1ccccc1,0 1 3 4 5 6 7 8 9 10 11 12 13 14 15 16 17 18 19 20 21 22 23 24 25 26,O=C1[C@@H](c2ccccc2)[C@H](c2ccccc2)N1CCCc1ccccc1,train,357.4530000000001,4.6921000000000035,0.6501777515086028,27,51
subcategory_halogen-walk.remove-F_908,CCCCCC(NC)c1cccc(OCc2ccccc2)c1,0,authentic,authentic,,,c1ccc(COc2ccccc2)cc1,train,297.442,5.106400000000004,0.6496289373949018,22,30
subcategory_halogen-walk.remove-F_2348,O=C1C[C@@H](c2ccc(O)cc2)N1[C@@H](C[C@@H](O)c1ccccc1)c1ccc(F)cc1,1,halogen-walk,remove-F,O=C1C[C@@H](c2ccc(O)cc2)N1[C@@H](C[C@@H](O)c1ccc(F)cc1)c1ccc(F)cc1,0 1 2 3 4 5 6 7 8 9 10 11 12 13 15 16 17 18 19 20 21 22 23 24 25 26 27 28,O=C1C[C@@H](c2ccccc2)N1[C@@H](CCc1ccccc1)c1ccccc1,train,391.44200000000006,4.669700000000003,0.6005269170319876,29,63
subcategory_halogen-walk.remove-F_1848,CCOc1cccc(C(=O)NCC2CCN(CC(=O)NC(C)(C)C)CC2)c1,1,halogen-walk,remove-F,CC(C)(C)NC(=O)CN1CCC(CNC(=O)c2cccc(OC(F)(F)F)c2)CC1,0 1 3 4 5 6 7 8 9 10 11 12 13 14 15 16 17 18 19 20 21 22 23 24 25,O=C(NCC1CCNCC1)c1ccccc1,train,375.51300000000015,2.4417999999999997,0.7679365234115274,27,45
subcategory_halogen-walk.remove-F_404,COc1ccc(C(Cc2ccc(Cl)cc2)n2ccnc2)cc1,0,authentic,authentic,,,c1ccc(CC(c2ccccc2)n2ccnc2)cc1,val,312.8,4.377200000000003,0.6989185158588227,22,35
subcategory_halogen-walk.remove-F_2416,CC(C)N(Cc1cccc(F)c1)CC(O)(Cn1cncn1)c1ccccc1,1,halogen-walk,remove-F,CC(C)N(Cc1cccc(F)c1)CC(O)(Cn1cncn1)c1ccc(F)cc1F,0 1 2 3 4 5 6 7 8 9 10 11 12 14 15 16 17 18 19 20 21 22 23 24 25,c1ccc(CNCC(Cn2cncn2)c2ccccc2)cc1,train,368.456,3.215600000000002,0.6633301044061295,27,43
subcategory_halogen-walk.remove-F_44,CC(C)n1c(/C=C/[C@H](O)C[C@H](O)CC(=O)O)c(-c2ccc(F)cc2)c2cc(O)ccc21,0,authentic,authentic,,,c1ccc(-c2c[nH]c3ccccc23)cc1,train,427.47200000000004,4.333700000000004,0.4284282747763287,31,66
subcategory_halogen-walk.remove-F_153,COc1ccc(-c2nnc3nc4ccccc4n3c2O)cc1,0,authentic,authentic,,,c1ccc(-c2cn3c(nn2)nc2ccccc23)cc1,test,292.298,2.6587000000000005,0.6146457414869538,22,33
subcategory_halogen-walk.remove-F_1664,Cc1cccc(C2(CC(F)CN(C)C)OCc3cc(C#N)ccc32)c1,1,halogen-walk,remove-F,CN(C)CC(F)CC1(c2ccc(F)cc2)OCc2cc(C#N)ccc21,0 1 2 3 4 5 7 8 9 10 11 12 13 14 15 16 17 18 19 20 21 22 23,c1ccc(C2OCc3ccccc32)cc1,train,338.42600000000004,3.9303000000000026,0.8286457224174246,25,42
subcategory_halogen-walk.remove-F_1878,CC(C)n1c(/C=C/C(O)CC(O)CC(=O)OC(C)(C)C)c(-c2ccccc2)c2ncccc21,1,halogen-walk,remove-F,CC(C)n1c(/C=C/C(O)CC(O)CC(=O)OC(C)(C)C)c(-c2ccc(F)cc2)c2ncccc21,0 1 2 3 4 5 6 7 8 9 10 11 12 13 14 15 16 17 18 19 21 22 23 24 25 26 27 28 29 30 31 32,c1ccc(-c2c[nH]c3cccnc23)cc1,val,450.5790000000001,5.141100000000005,0.46427448154742684,33,60
subcategory_halogen-walk.remove-F_530,C#CCNC(=N)Nc1nc(-c2ccc(CNC(C)=O)o2)cs1,0,authentic,authentic,,,c1coc(-c2cscn2)c1,test,317.374,1.6086699999999996,0.38101290022925594,22,38
subcategory_halogen-walk.remove-F_1200,[2H]C([2H])(Oc1cc2c(cc1C)C(C)CC(=O)N2)C([2H])([2H])C([2H])([2H])C([2H])([2H])N1CC(C)N(c2ccc(C)c(Cl)c2Cl)C(C)C1,0,authentic,authentic,,,O=C1CCc2ccc(OCCCCN3CCN(c4ccccc4)CC3)cc2N1,train,526.5778142240001,6.814140000000005,0.43041947413212067,35,110
subcategory_halogen-walk.remove-F_1192,COC(=O)c1cccc(Oc2cccc(NC(=O)[C@@H](N)CS)c2)c1,0,authentic,authentic,,,c1ccc(Oc2ccccc2)cc1,train,346.4080000000001,2.4611,0.5520625512242782,24,45
subcategory_halogen-walk.remove-F_172,CCN(CC)C1CCCC(Nc2ccnc3cc(Cl)ccc23)C1,0,authentic,authentic,,,c1ccc2c(NC3CCCCC3)ccnc2c1,train,331.89100000000013,4.9531000000000045,0.8394937205233639,23,36
subcategory_halogen-walk.remove-F_1320,O=C1CCc2ccc(OCCCCN3CCN(c4cccc(Cl)c4Cl)CC3)cc2N1C(=O)C1CCC1,0,authentic,authentic,,,O=C1CCc2ccc(OCCCCN3CCN(c4ccccc4)CC3)cc2N1C(=O)C1CCC1,val,530.4960000000001,5.580500000000006,0.32961779922437084,36,58
subcategory_halogen-walk.remove-F_1920,CCc1cc(-c2ccccc2)c(/C=C/C(O)CC(O)CC(=O)O)c(CC)n1,1,halogen-walk,remove-F,CCc1cc(-c2ccc(F)cc2)c(/C=C/C(O)CC(O)CC(=O)O)c(CC)n1,0 1 2 3 5 6 7 8 9 10 11 12 13 14 15 16 17 18 19 20 21 22 23 24 25 26,c1ccc(-c2ccncc2)cc1,train,369.4610000000002,3.473200000000001,0.6295208722872261,27,48
subcategory_halogen-walk.remove-F_2080,COc1ccc(OCC(=O)N2CC(C)N(Cc3ccccc3)CC2C)c(C(C)=O)c1,1,halogen-walk,remove-F,COc1ccc(OCC(=O)N2CC(C)N(Cc3ccc(F)cc3)CC2C)c(C(C)=O)c1,0 1 2 3 4 5 6 7 8 9 10 11 12 13 14 16 17 18 19 20 21 22 23 24 25 26 27 28 29,O=C(COc1ccccc1)N1CCN(Cc2ccccc2)CC1,train,410.5140000000002,3.3980000000000024,0.6550659382504693,30,50
subcategory_halogen-walk.remove-F_2040,COc1cccc(CC2(O)CCC(Cc3ccccc3)CC2CN(C)C)c1,1,halogen-walk,remove-F,COc1cccc(CC2(O)CCC(Cc3ccc(F)cc3)CC2CN(C)C)c1,0 1 2 3 4 5 6 7 8 9 10 11 12 14 15 16 17 18 19 20 21 22 23 24 25 26,c1ccc(CC2CCC(Cc3ccccc3)CC2)cc1,train,367.53300000000013,4.189400000000004,0.7964236661881617,27,41
subcategory_halogen-walk.remove-F_762,COc1cc2c3c4c(cc5c3n(c2cc1OC)C(=O)CC5)CNCC4,0,authentic,authentic,,,O=C1CCc2cc3c(c4c5ccccc5n1c24)CCNC3,train,336.39100000000013,3.043800000000001,0.7814397140498418,25,42
subcategory_halogen-walk.remove-F_820,CC(C)n1c(C=CC(O)C[C@@H](O)CC(=O)O)c(-c2ccc(F)cc2)c2ccccc21,0,authentic,authentic,,,c1ccc(-c2c[nH]c3ccccc23)cc1,train,411.473,4.628100000000003,0.5047877346321324,30,58
subcategory_halogen-walk.remove-F_2275,COc1cccc(C=C2CCCCC(CN(C)C)C2(O)c2ccccc2)c1,1,halogen-walk,remove-F,COc1cccc(C=C2CCCCC(CN(C)C)C2(O)c2ccc(F)c(C)c2)c1,0 1 2 3 4 5 6 7 8 9 10 11 12 13 14 15 16 17 19 20 21 22 23 24 25 26,C(=C1CCCCCC1c1ccccc1)c1ccccc1,train,365.517,4.718200000000004,0.7784982335275966,27,42
subcategory_halogen-walk.remove-F_405,COc1cc2c(c(OC)c1OC)-c1ccc(OC)c(=O)cc1[C@@H](N(C)C=O)CC2,0,authentic,authentic,,,O=c1cccc2c(c1)CCCc1ccccc1-2,train,399.4430000000002,2.8237000000000014,0.695721293901593,29,55
subcategory_halogen-walk.remove-F_267,C=C(c1ccccc1OCC(O)CNC(C)(C)C)n1ccnc1C,0,authentic,authentic,,,C=C(c1ccccc1)n1ccnc1,train,329.444,2.8383200000000013,0.8199510290342678,24,37
subcategory_halogen-walk.remove-F_455,O=C1C(CCC(O)c2ccc(F)cc2)C(c2ccc(-c3ccccc3)cc2)N1c1ccc(F)cc1,0,authentic,authentic,,,O=C1C(CCCc2ccccc2)C(c2ccc(-c3ccccc3)cc2)N1c1ccccc1,train,469.5310000000001,6.849700000000007,0.30082807693081137,35,59
subcategory_halogen-walk.remove-F_1599,CCCCCc1ccc(OCCCN2CCC(=C(c3ccccc3)c3ccccc3)CC2)cc1,1,halogen-walk,remove-F,FC(F)(F)c1ccc(OCCCN2CCC(=C(c3ccccc3)c3ccccc3)CC2)cc1,0 1 2 3 4 5,c1ccc(OCCCN2CCC(=C(c3ccccc3)c3ccccc3)CC2)cc1,test,453.6700000000001,7.786100000000009,0.2747748164466522,34,49
subcategory_halogen-walk.remove-F_1700,CN(CCCN1CCC(c2ccccc2)CC1)C(=O)c1noc2ccccc12,1,halogen-walk,remove-F,CN(CCCN1CCC(C(=O)c2ccc(F)cc2)CC1)C(=O)c1noc2ccccc12,0 1 2 3 4 5 6 7 9 10 11 12 13 14 15 16 17 18 19 20 21 22 23 24 25 26 27,O=C(NCCCN1CCC(C(=O)c2ccccc2)CC1)c1noc2ccccc12,train,377.4880000000001,4.169500000000003,0.6468990413456317,28,43
subcategory_halogen-walk.remove-F_2504,c1ccc(COc2ccc3c(c2)OCO3)cc1,1,halogen-walk,remove-F,NCc1cc(COc2ccc3c(c2)OCO3)ccc1F,0 1 2 3 5 6 7 8 9 10 11 12 13 14 15,c1ccc(COc2ccc3c(c2)OCO3)cc1,train,228.24699999999996,2.9943000000000017,0.8078311016187784,17,27
subcategory_halogen-walk.remove-F_24,CCC(=O)c1c(O)n(O)c2cc(NC(=O)Nc3cccc(C(=O)O)c3)ccc12,0,authentic,authentic,,,O=C(Nc1ccccc1)Nc1ccc2cc[nH]c2c1,train,383.3600000000001,3.519100000000001,0.33714000845982034,28,51
subcategory_halogen-walk.remove-F_248,NC(=O)CSC(c1ccc(C(F)(F)F)cc1)c1ccc(C(F)(F)F)cc1,0,authentic,authentic,,,c1ccc(Cc2ccccc2)cc1,train,393.35200000000003,5.0321000000000025,0.724229931983075,26,47
subcategory_halogen-walk.remove-F_286,Nc1nc(O)c2nc(N)n(Cc3cccc4ccccc34)c2n1,0,authentic,authentic,,,c1ccc2c(Cn3cnc4cncnc43)cccc2c1,train,306.32900000000006,1.8978,0.5206182005378526,23,37
subcategory_halogen-walk.remove-F_2841,O=C1C(CCC(O)c2ccc(F)cc2)C(c2ccc(OCc3ccccc3)cc2)N1c1ccccc1,1,halogen-walk,remove-F,O=C1C(CCC(O)c2ccc(F)cc2)C(c2ccc(OCc3ccccc3)cc2)N1c1ccc(F)cc1,29 30 31 32 33 34 35,O=C1C(CCCc2ccccc2)C(c2ccc(OCc3ccccc3)cc2)N1c1ccccc1,train,481.5670000000002,6.622600000000007,0.27333161139826706,36,57
subcategory_halogen-walk.remove-F_1646,CCCc1ccc(C(O)(Cn2cncn2)Cn2cncn2)cc1,1,halogen-walk,remove-F,OC(Cn1cncn1)(Cn1cncn1)c1ccc(C(F)(F)F)cc1,0 1 2 4 5 6 7 8 9 10 11 12 13 14 15 16 17 18 19 20 21,c1ccc(C(Cn2cncn2)Cn2cncn2)cc1,train,312.377,1.4101000000000001,0.7131326681806639,23,35
subcategory_halogen-walk.remove-F_208,CN(Cc1ccccc1)C(=O)CN1C(=O)NC2(CCCCCCC2)C1=O,0,authentic,authentic,,,O=C(CN1C(=O)NC2(CCCCCCC2)C1=O)NCc1ccccc1,train,357.45400000000024,2.679900000000001,0.8424866678231582,26,43
subcategory_halogen-walk.remove-F_946,CC(Cl)OC(=O)N1C(=O)CCc2ccc(OCCCCN3CCN(c4cccc(Cl)c4Cl)CC3)cc21,0,authentic,authentic,,,O=C1CCc2ccc(OCCCCN3CCN(c4ccccc4)CC3)cc2N1,train,554.9020000000002,5.975200000000007,0.29570694187813984,36,61
subcategory_halogen-walk.remove-F_193,CCCCCc1c(C(C)C)nc(C(C)C)c(CO)c1-c1cccc(O)c1,0,authentic,authentic,,,c1ccc(-c2ccncc2)cc1,train,355.52200000000005,5.926000000000007,0.5773508100856047,26,43
subcategory_halogen-walk.remove-F_511,CN(CCc1ccc(Cl)c(Cl)c1)CCN1CCCC1,0,authentic,authentic,,,c1ccc(CCNCCN2CCCC2)cc1,train,301.26100000000014,3.563500000000002,0.7924354288963602,19,31
subcategory_halogen-walk.remove-F_1126,c1ccc2c(c1)CCCC2=NNc1nncc2ccccc12,0,authentic,authentic,,,c1ccc2c(c1)CCCC2=NNc1nncc2ccccc12,train,288.35400000000004,3.782300000000002,0.7299925780338411,22,33
subcategory_halogen-walk.remove-F_2580,CC(C)CN1CCC(O)(Cc2ccccc2)CC1,1,halogen-walk,remove-F,COc1ccc(CC2(O)CCN(CC(C)C)CC2)cc1F,9 10 11 12 13 14 15,c1ccc(CC2CCNCC2)cc1,train,247.38199999999998,2.7120000000000006,0.8840466007340785,18,28
subcategory_halogen-walk.remove-F_1138,COc1cc2cc(C(=O)O)[nH]c2cc1OCc1ccccc1,0,authentic,authentic,,,c1ccc(COc2ccc3cc[nH]c3c2)cc1,train,297.31,3.4537000000000013,0.7562897634273921,22,36
subcategory_halogen-walk.remove-F_2740,Cc1ccc([C@]2(C)NC(=O)N(CC(=O)N[C@H](C)c3ccccc3)C2=O)cc1,1,halogen-walk,remove-F,Cc1ccc([C@]2(C)NC(=O)N(CC(=O)N[C@H](C)c3ccc(F)cc3)C2=O)cc1,15 17 18 19 20 21 22,O=C(CN1C(=O)NC(c2ccccc2)C1=O)NCc1ccccc1,train,365.43300000000005,2.639420000000001,0.7997779320269778,27,55
subcategory_halogen-walk.remove-F_1750,Cc1ccc([C@@H]2[C@@H](CC[C@H](O)c3ccc(F)cc3)C(=O)N2c2ccccc2)cc1,1,halogen-walk,remove-F,Cc1ccc([C@@H]2[C@@H](CC[C@H](O)c3ccc(F)cc3)C(=O)N2c2ccc(F)cc2)cc1,0 1 2 3 4 5 6 7 8 9 10 11 12 13 14 15 16 17 18 19 21 22 23 24 25 26 27 28,O=C1[C@H](CCCc2ccccc2)[C@@H](c2ccccc2)N1c1ccccc1,train,389.47000000000014,5.352020000000004,0.5773304900722919,29,62
subcategory_halogen-walk.remove-F_2329,Cc1cccc(-c2cc(C(=O)N3CC(C)CC(C)C3)c(C)[nH]2)c1,1,halogen-walk,remove-F,Cc1[nH]c(-c2ccc(F)cc2)cc1C(=O)N1CC(C)CC(C)C1,0 1 2 3 4 5 6 22,O=C(c1c[nH]c(-c2ccccc2)c1)N1CCCCC1,train,310.441,4.416640000000004,0.8756467123555823,23,46
subcategory_halogen-walk.remove-F_2822,c1ccc(OC(CC2CNC2)c2ccccc2)cc1,1,halogen-walk,remove-F,Fc1ccc(C(CC2CNC2)Oc2ccccc2)cc1F,0 1 2 3 4 6 7 8 9 10 11 12 13 14 15 16 17 18,c1ccc(OC(CC2CNC2)c2ccccc2)cc1,train,253.345,3.4162000000000017,0.8812884280748353,19,29
subcategory_halogen-walk.remove-F_63,CC(C)NS(=O)(=O)c1ccc2oc3ccc(C(=O)O)cc3c(=O)c2c1,0,authentic,authentic,,,O=c1c2ccccc2oc2ccccc12,train,361.3750000000001,2.3311,0.6895703696131699,25,47
subcategory_halogen-walk.remove-F_2412,CN(CCn1cncn1)Cc1ccccc1,1,halogen-walk,remove-F,CN(CCn1cncn1)Cc1ccc(F)c(C#N)c1,0 1 2 3 4 5 6 7 8 10 11 12 13 14,c1ccc(CNCCn2cncn2)cc1,val,216.288,1.4100999999999997,0.7574944517771527,16,22
subcategory_halogen-walk.remove-F_2105,OC1=C2C(=Nc3ccnn3C2c2ccccc2)CCC1,1,halogen-walk,remove-F,OC1=C2C(=Nc3ccnn3C2c2ccc(F)cc2)CCC1,10 11 12 13 14 15 16,C1=C2C(=Nc3ccnn3C2c2ccccc2)CCC1,val,265.31600000000003,3.5546000000000024,0.8567604255450025,20,32
subcategory_halogen-walk.remove-F_532,CCCc1nc(C(C)(C)OC)c(C(=O)O)n1Cc1ccc(-c2ccccc2-c2nn[nH]n2)cc1,0,authentic,authentic,,,c1ccc(-c2nn[nH]n2)c(-c2ccc(Cn3ccnc3)cc2)c1,train,460.53800000000007,4.310700000000003,0.38189801185079225,34,60
subcategory_halogen-walk.remove-F_612,CC(C)C[C@H](NC(=O)c1cnccn1)C(=O)N[C@@H](CC(C)C)C(=O)N[C@H](CCS(C)(=O)=O)Cc1ccc(CN)cc1,0,authentic,authentic,,,O=C(CNC(=O)CNC(=O)c1cnccn1)NCCc1ccccc1,val,588.7750000000002,1.772900000000003,0.22958390173369908,41,85
subcategory_halogen-walk.remove-F_1386,C=C(C)n1c(=O)n(Cc2nc3ccccc3n2CCC(C)=O)c2ccccc21,0,authentic,authentic,,,O=c1[nH]c2ccccc2n1Cc1nc2ccccc2[nH]1,test,374.44400000000013,3.6707000000000027,0.517277043888485,28,47
subcategory_halogen-walk.remove-F_2573,CCOC(=O)C[C@H](O)C[C@@H](O)C=Cc1c(C2CC2)nc2ccccc2c1-c1ccccc1,1,halogen-walk,remove-F,CCOC(=O)C[C@H](O)C[C@@H](O)C=Cc1c(C2CC2)nc2ccccc2c1-c1ccc(F)cc1,0 1 2 3 4 5 6 7 8 9 10 11 12 13 14 15 16 17 18 19 20 21 22 23 24 26 27 28 29 30,c1ccc(-c2cc(C3CC3)nc3ccccc23)cc1,train,431.5320000000001,4.857500000000004,0.47325821716687494,32,60
subcategory_halogen-walk.remove-F_1051,CCOc1ccc(-c2ccc(CCCN(C)C)cc2)cc1.Cl,0,authentic,authentic,,,c1ccc(-c2ccccc2)cc1,train,319.8759999999999,4.668300000000005,0.7351155660426499,22,35
subcategory_halogen-walk.remove-F_811,Cc1ccc(Sc2cncc3sc(C(N)=O)cc23)cc1,0,authentic,authentic,,,c1ccc(Sc2cncc3sccc23)cc1,val,300.408,3.854820000000002,0.7989038498919613,20,33
subcategory_halogen-walk.remove-F_728,Fc1ccc(-c2ncn(CCCN3CCOCC3)c2-c2ccncn2)cc1,0,authentic,authentic,,,c1ccc(-c2ncn(CCCN3CCOCC3)c2-c2ccncn2)cc1,train,367.428,2.868500000000001,0.670557433407615,27,41
subcategory_halogen-walk.remove-F_2684,c1ccc(-c2ccc([C@@H]3CCNC[C@@H]3COc3ccc4c(c3)OCO4)cc2)cc1,1,halogen-walk,remove-F,Fc1ccc(-c2ccc([C@@H]3CCNC[C@@H]3COc3ccc4c(c3)OCO4)cc2)cc1,0 1 2 3 4 27 28,c1ccc(-c2ccc([C@@H]3CCNC[C@@H]3COc3ccc4c(c3)OCO4)cc2)cc1,val,387.4790000000001,4.854400000000004,0.679054466578505,29,56
subcategory_halogen-walk.remove-F_2400,O=CN(CCN1CCC(c2noc3cc(F)ccc23)CC1)C(=O)c1ccccc1,1,halogen-walk,remove-F,O=C1c2ccc(F)c(F)c2C(=O)N1CCN1CCC(c2noc3cc(F)ccc23)CC1,21 23 24 25 26 27 28,O=C1c2ccccc2C(=O)N1CCN1CCC(c2noc3ccccc23)CC1,train,395.4340000000002,3.445100000000002,0.5983571064833825,29,47
subcategory_halogen-walk.remove-F_1456,OC(COc1ccccc1)CN1CCNCC1,1,halogen-walk,remove-F,Cl.O=C(CCc1ccccc1)c1cc(F)ccc1OCC(O)CN1CCNCC1,3 4 5 6 7 8 9,O=C(CCc1ccccc1)c1ccccc1OCCCN1CCNCC1,train,236.31499999999994,0.3315000000000002,0.773221945292503,17,23
subcategory_halogen-walk.remove-F_186,Cc1nc(NN=C(N)N)nnc1-c1ccc(Cl)cc1,0,authentic,authentic,,,c1ccc(-c2cncnn2)cc1,train,277.719,1.1007200000000004,0.43952485438112127,19,32
subcategory_halogen-walk.remove-F_303,COc1cc2nc(Cn3nc(CC(=O)O)c4ccccc4c3=O)sc2cc1F,0,authentic,authentic,,,O=c1c2ccccc2cnn1Cc1nc2ccccc2s1,val,399.40300000000013,2.829300000000001,0.5546155761093895,28,44
subcategory_halogen-walk.remove-F_2186,COc1cc2c(cc1OC)C(=O)C(CC(C)(F)CC1CCC(C)N1Cc1ccccc1)C2,1,halogen-walk,remove-F,COc1cc2c(cc1OC)C(=O)C(CC(C)(F)CC1CCC(C)N1Cc1ccc(F)cc1)C2,24 25 26 27 28 29 30,O=C1c2ccccc2CC1CCCC1CCCN1Cc1ccccc1,train,439.5710000000002,5.620300000000006,0.5351093711500061,32,53
subcategory_halogen-walk.remove-F_1754,CCOc1ccc(-n2c(C)c3c(C)nnc(-c4ccccc4)c3c2C)cc1,1,halogen-walk,remove-F,CCOc1ccc(-n2c(C)c3c(C)nnc(-c4ccc(F)cc4)c3c2C)cc1,0 1 2 3 4 5 6 7 8 9 10 11 12 13 14 16 17 18 19 20 21 22 23 24 25 26,c1ccc(-c2nncc3cn(-c4ccccc4)cc23)cc1,train,357.45700000000005,5.411460000000004,0.490047923983603,27,45
subcategory_halogen-walk.remove-F_1711,Cc1ccccc1N1C(=O)[C@@H](SCCc2ccccc2)[C@H]1c1ccc(O)cc1,1,halogen-walk,remove-F,O=C1[C@@H](SCCc2ccccc2)[C@@H](c2ccc(O)cc2)N1c1ccc(F)cc1,0 1 2 3 4 5 6 8 9 10 11 12 13 14 15 16 17 18 19 20 21 22 23 24 25 26 27,O=C1[C@@H](SCCc2ccccc2)[C@@H](c2ccccc2)N1c1ccccc1,train,389.5200000000001,5.133020000000005,0.5940745506661166,28,52
subcategory_halogen-walk.remove-F_440,C[N+]1(Cc2ccc(F)cc2)[C@@H]2CC(OC(=O)C(O)(c3cccs3)c3cccs3)C[C@H]1C1OC12,0,authentic,authentic,,,O=C(OC1C[C@@H]2C3OC3[C@H](C1)[NH+]2Cc1ccccc1)C(c1cccs1)c1cccs1,train,486.6100000000001,4.055200000000003,0.3244580957721103,33,70
subcategory_halogen-walk.remove-F_82,O=C(O)CC[C@H](NC(=O)c1ccccc1)C(=O)O,0,authentic,authentic,,,c1ccccc1,train,251.23800000000003,0.7343999999999999,0.6912075991697058,18,35
subcategory_halogen-walk.remove-F_2257,CC(C)c1c(CCP(=O)(O)CC(O)CC(=O)O)n(-c2ccccc2)c2ccccc12,1,halogen-walk,remove-F,CC(C)c1c(CCP(=O)(O)CC(O)CC(=O)O)n(-c2ccc(F)cc2)c2ccccc12,17 18 19 20 21 22 23,c1ccc(-n2ccc3ccccc32)cc1,train,429.4530000000001,4.402400000000004,0.43791820337248083,30,53
subcategory_halogen-walk.remove-F_2413,CC(C)n1c(/C=C/[C@@H](O)C[C@@H](O)C(C=O)C(=O)O)c(-c2ccccc2)c2ccccc21,1,halogen-walk,remove-F,CC(C)n1c(/C=C/[C@@H](O)C[C@@H](O)C(C=O)C(=O)O)c(-c2ccc(F)cc2)c2ccccc21,18 19 20 21 22 23 24,c1ccc(-c2c[nH]c3ccccc23)cc1,train,421.4930000000001,3.9140000000000033,0.35926964318101234,31,67
subcategory_halogen-walk.remove-F_1443,COCC1=C(C(=O)OC)[C@H](c2ccccc2)N(C(=O)N[C@@H]2CC[C@@H](N3CCC(C#N)(c4ccccc4)CC3)C2)C(=O)N1,1,halogen-walk,remove-F,COCC1=C(C(=O)OC)[C@H](c2ccc(F)c(F)c2)N(C(=O)N[C@@H]2CC[C@@H](N3CCC(C#N)(c4ccccc4)CC3)C2)C(=O)N1,9 10 11 12 13 14 15,O=C1NC=C[C@H](c2ccccc2)N1C(=O)N[C@@H]1CC[C@@H](N2CCC(c3ccccc3)CC2)C1,train,571.6780000000002,4.014480000000003,0.48140289858147745,42,89
subcategory_halogen-walk.remove-F_1692,O=C(Nc1ccccc1)N1CCC2(CC1)C(=O)N(c1ccccc1)C2c1ccc(O)cc1,1,halogen-walk,remove-F,O=C(Nc1ccccc1)N1CCC2(CC1)C(=O)N(c1ccc(F)cc1)C2c1ccc(O)cc1,0 1 2 3 4 5 6 7 8 9 10 11 12 13 14 15 16 18 19 20 21 22 23 24 25 26 27 28 29 30 31,O=C(Nc1ccccc1)N1CCC2(CC1)C(=O)N(c1ccccc1)C2c1ccccc1,train,427.504,4.794400000000005,0.5902678437995075,32,54
subcategory_halogen-walk.remove-F_623,COc1ccc(NC(=O)c2cc3n(n2)CCCN(Cc2ccccc2)C3=O)cc1,0,authentic,authentic,,,O=C(Nc1ccccc1)c1cc2n(n1)CCCN(Cc1ccccc1)C2=O,train,390.4430000000001,3.190100000000002,0.7259144739786885,29,47
subcategory_halogen-walk.remove-F_2547,CN(C)S(=O)(=O)N1CC[C@H](c2ccccc2)[C@H](COc2ccc3c(c2)OCO3)C1,1,halogen-walk,remove-F,CN(C)S(=O)(=O)N1CC[C@H](c2ccc(F)cc2)[C@H](COc2ccc3c(c2)OCO3)C1,0 1 2 3 4 5 6 7 8 10 11 12 13 14 15 16 17 18 19 20 21 22 23 24 25 26 27 28,c1ccc([C@H]2CCNC[C@H]2COc2ccc3c(c2)OCO3)cc1,train,418.51500000000027,2.706200000000001,0.7216077850880612,29,59
subcategory_halogen-walk.remove-F_1653,Cc1ccccc1-c1nc(-c2ccccc2)nc(N)c1CN,1,halogen-walk,remove-F,NCc1c(N)nc(-c2ccccc2)nc1-c1ccc(F)cc1,0 1 2 3 4 5 6 8 9 10 11 12 13 14 15 16 17 18 19 20 21,c1ccc(-c2ccnc(-c3ccccc3)n2)cc1,train,290.3700000000001,3.1599200000000005,0.7763806493041168,22,34
subcategory_halogen-walk.remove-F_322,O=C(Nc1ccc(O)cc1)c1c(O)c2c([nH]c1=O)CCCC2,0,authentic,authentic,,,O=C(Nc1ccccc1)c1cc2c([nH]c1=O)CCCC2,test,300.31400000000014,1.9172,0.636170260181417,22,41
subcategory_halogen-walk.remove-F_185,CC1(C)N=C(N)N=C(N)N1c1cccc(OCCCCOc2ccccc2)c1,0,authentic,authentic,,,C1=NC=NCN1c1cccc(OCCCCOc2ccccc2)c1,train,381.48000000000013,3.110100000000002,0.6847369203250991,28,44
subcategory_halogen-walk.remove-F_2587,CCc1ccc(O[C@H]2c3ccccc3C[C@H]2CN(C)C)cc1,1,halogen-walk,remove-F,CN(C)C[C@@H]1Cc2ccccc2[C@@H]1Oc1ccc(C(F)(F)F)cc1,0 1 3 4 5 6 7 8 9 10 11 12 13 14 15 16 17 18 19 20,c1ccc(O[C@@H]2CCc3ccccc32)cc1,test,295.426,4.103000000000003,0.8230699067504128,22,40
subcategory_halogen-walk.remove-F_1745,c1ccc(-c2nc(-c3ccncc3)c(-c3ccccc3)[nH]2)cc1,1,halogen-walk,remove-F,Fc1ccc(-c2[nH]c(-c3ccccc3)nc2-c2ccncc2)cc1,0 1 2 3 4 5 6 7 8 9 10 11 12 14 15 16 17 18 19 20 21 22,c1ccc(-c2nc(-c3ccncc3)c(-c3ccccc3)[nH]2)cc1,train,297.361,4.805700000000003,0.5895548561909457,23,43
subcategory_halogen-walk.remove-F_2727,CSc1ccc(C(O)CSC2C(=O)N(c3ccccc3)C2c2ccc(O)cc2)cc1,1,halogen-walk,remove-F,CSc1ccc(C(O)CSC2C(=O)N(c3ccc(F)cc3)C2c2ccc(O)cc2)cc1,0 1 2 3 4 5 6 7 8 9 10 11 12 14 15 16 17 18 19 20 21 22 23 24 25 26 27 28 29,O=C1C(SCCc2ccccc2)C(c2ccccc2)N1c1ccccc1,val,437.58600000000007,5.037400000000004,0.4006614911465583,30,49
subcategory_halogen-walk.remove-F_1897,N#Cc1ccc(N2C(=O)C(CCC(O)c3ccccc3)C2c2ccc(F)cc2)cc1,1,halogen-walk,remove-F,N#Cc1ccc(N2C(=O)C(CCC(O)c3ccc(F)cc3)C2c2ccc(F)cc2)cc1,0 1 2 3 4 5 6 7 8 9 10 11 13 14 15 16 17 18 19 20 21 22 23 24 25 26 27 28 29,O=C1C(CCCc2ccccc2)C(c2ccccc2)N1c1ccccc1,train,400.4530000000001,4.915280000000004,0.5978096017254789,30,50
subcategory_halogen-walk.remove-F_2732,CCOc1ccccc1CNC(=O)c1cc(S(=O)(=O)NC(C)C)ccc1Cl,1,halogen-walk,remove-F,CC(C)NS(=O)(=O)c1ccc(Cl)c(C(=O)NCc2ccccc2OC(F)F)c1,0 1 3 4 5 6 7 8 9 10 11 12 13 14 15 16 17 18 19 20 21 22 23 24 25 26,O=C(NCc1ccccc1)c1ccccc1,train,410.9230000000001,3.3554000000000013,0.6984148347484165,27,45
subcategory_halogen-walk.remove-F_2370,COc1ccc2nc(SCC(=O)NCc3ccccc3)[nH]c2c1,1,halogen-walk,remove-F,COc1ccc2nc(SCC(=O)NCc3ccc(F)cc3)[nH]c2c1,13 14 15 16 17 18 19,O=C(CSc1nc2ccccc2[nH]1)NCc1ccccc1,train,327.409,2.9800000000000004,0.6831477020449059,23,37
subcategory_halogen-walk.remove-F_850,COc1ccc(Cn2c(CC(C)(C)CC(=O)O)nc3cc(F)ccc32)cc1,0,authentic,authentic,,,c1ccc(Cn2cnc3ccccc32)cc1,train,370.42400000000004,4.275700000000003,0.6743209600237375,27,46
subcategory_halogen-walk.remove-F_2357,CC(C)n1c(/C=C/[C@@H](O)C[C@@H](O)CC(=O)O)c(-c2ccccc2)c2ccccc21,1,halogen-walk,remove-F,Cc1cc(F)ccc1-c1c(/C=C/[C@@H](O)C[C@@H](O)CC(=O)O)n(C(C)C)c2ccccc12,16 17 18 19 20 21 22,c1ccc(-c2c[nH]c3ccccc23)cc1,train,393.483,4.489000000000003,0.5265822047315406,29,62
subcategory_halogen-walk.remove-F_494,CC(C)N[C@@H]1C(=O)c2ccccc2O[C@H]1c1ccccc1,0,authentic,authentic,,,O=C1C[C@H](c2ccccc2)Oc2ccccc21,val,281.355,3.369600000000002,0.9370973169948079,21,41
subcategory_halogen-walk.remove-F_1665,N#Cc1ccc2c(c1)COC2(CCCN1CCCCC1)c1ccccc1,1,halogen-walk,remove-F,N#Cc1ccc2c(c1)COC2(CCCN1CCCCC1)c1ccc(F)cc1,0 1 2 3 4 5 6 7 8 9 11 12 13 14 15 16 17 18 19 20 21 22 23 24,c1ccc(C2(CCCN3CCCCC3)OCc3ccccc32)cc1,train,346.474,4.598180000000005,0.7937955477138057,26,39
subcategory_halogen-walk.remove-F_2654,CCOc1ccc(CNCC2(N3CCN(C(=O)[C@@H](Cc4ccc(Cl)cc4Cl)NC(=O)CCN)CC3)CCCCC2)cc1,1,halogen-walk,remove-F,NCCC(=O)N[C@H](Cc1ccc(Cl)cc1Cl)C(=O)N1CCN(C2(CNCc3ccc(OC(F)(F)F)cc3)CCCCC2)CC1,0 1 2,O=C(CCc1ccccc1)N1CCN(C2(CNCc3ccccc3)CCCCC2)CC1,train,618.65,4.405100000000003,0.3079234437962237,42,73
subcategory_halogen-walk.remove-F_1908,CCCc1ccc(C2=CC3(CCNCC3)Oc3ccccc32)cc1,1,halogen-walk,remove-F,FC(F)(F)c1ccc(C2=CC3(CCNCC3)Oc3ccccc32)cc1,0 1 2 4 5 6 7 8 9 10 11 12 13 14 15 16 17 18 19 20 21 22,C1=C(c2ccccc2)c2ccccc2OC12CCNCC2,val,319.448,4.585400000000004,0.8935042861713978,24,37
subcategory_halogen-walk.remove-F_2526,Cc1cccc(-c2c(/C=C/C(O)CC(O)C(=O)O)n(C(C)C)c3ccccc23)c1,1,halogen-walk,remove-F,CC(C)n1c(/C=C/C(O)CC(O)C(=O)O)c(-c2ccc(F)cc2)c2ccccc21,0 1 2 3 4 5 6 28,c1ccc(-c2c[nH]c3ccccc23)cc1,train,393.4830000000001,4.407320000000003,0.5553228306268301,29,54
subcategory_halogen-walk.remove-F_2545,O=C1NC(=O)C2(CN(Cc3ccccc3)c3ccc(F)cc32)N1,1,halogen-walk,remove-F,O=C1NC(=O)C2(CN(Cc3ccc(F)cc3)c3ccc(F)cc32)N1,8 9 10 11 12 13 14,O=C1NC(=O)C2(CN(Cc3ccccc3)c3ccccc32)N1,test,311.31600000000003,1.8805999999999994,0.8326147878578849,23,41
subcategory_halogen-walk.remove-F_432,COc1ccc2c3c1O[C@H]1C[C@@H](O)C=C[C@@]31CCN(C(=O)NC1CCCCC1)C2,0,authentic,authentic,,,O=C(NC1CCCCC1)N1CC[C@@]23C=CCC[C@@H]2Oc2cccc(c23)C1,train,398.50300000000027,3.262800000000002,0.7504528160783892,29,60
subcategory_halogen-walk.remove-F_2207,COc1ccc(N2C(=O)c3cc(C)nn3C[C@@]2(C)C(=O)NCc2ccccc2)cc1,1,halogen-walk,remove-F,COc1ccc(N2C(=O)c3cc(C)nn3C[C@@]2(C)C(=O)NCc2ccc(F)cc2)cc1,0 1 2 3 4 5 6 7 8 9 10 11 12 13 14 15 16 17 18 19 20 22 23 24 25 26 27 28 29,O=C(NCc1ccccc1)C1Cn2nccc2C(=O)N1c1ccccc1,train,404.4700000000001,2.935620000000001,0.709433066428454,30,54
subcategory_halogen-walk.remove-F_446,CN(c1ccccc1)c1cc2c(cc1Nc1ccccc1)C(=O)NC2=O,0,authentic,authentic,,,O=C1NC(=O)c2cc(Nc3ccccc3)c(Nc3ccccc3)cc21,train,343.3860000000001,4.081700000000002,0.7008371023982791,26,42
subcategory_halogen-walk.remove-F_2660,CCCN(CC(C)C)[C@@H](CNC(=O)c1ccc(Cl)s1)C(=O)Nc1ccc(N2CCOCC2=O)c(F)c1,1,halogen-walk,remove-F,CC(C)CN(CC(F)(F)F)[C@@H](CNC(=O)c1ccc(Cl)s1)C(=O)Nc1ccc(N2CCOCC2=O)c(F)c1,0 1 3 4 5 6 7 8 9 10 11 12 13 14 15 16 17 18 19 20 21 22 23 24 25 26 27 28 29 30 31 32 33 34 35,O=C(CCNC(=O)c1cccs1)Nc1ccc(N2CCOCC2=O)cc1,train,539.0730000000003,4.008900000000002,0.4509716006866723,36,67
subcategory_halogen-walk.remove-F_830,CC1(C)N=C(N)N=C(N)N1c1cccc(CNc2ccc(Cl)cc2)c1,0,authentic,authentic,,,C1=NC=NCN1c1cccc(CNc2ccccc2)c1,test,356.8610000000001,3.137600000000001,0.7842554562115235,25,44
subcategory_halogen-walk.remove-F_305,Cc1c(CNc2cccc3ccccc23)cnc2nc(N)nc(N)c12,0,authentic,authentic,,,c1ccc2c(NCc3cnc4ncncc4c3)cccc2c1,test,330.3950000000001,3.2629200000000003,0.5326082270347653,25,39
subcategory_halogen-walk.remove-F_956,Cc1ccc([C@@H](O)[C@@H]2CCCCc3cccnc32)cc1,0,authentic,authentic,,,c1ccc(C[C@@H]2CCCCc3cccnc32)cc1,train,267.37199999999996,3.933620000000002,0.836174035423978,20,40
subcategory_halogen-walk.remove-F_1113,CC1C=C(C2=Nc3cc(Cl)ccc3Nc3ccc(F)cc32)CCN1,0,authentic,authentic,,,C1=C(C2=Nc3ccccc3Nc3ccccc32)CCNC1,train,341.8170000000001,4.965100000000003,0.7683150615756862,24,41
subcategory_halogen-walk.remove-F_1854,C[C@@H](N(C)S(C)(=O)=O)[C@](O)(Cn1cncn1)c1ccccc1,1,halogen-walk,remove-F,C[C@@H](N(C)S(C)(=O)=O)[C@](O)(Cn1cncn1)c1ccc(F)cc1F,0 1 2 3 4 5 6 7 9 10 11 12 13 14 15 16 17 18 19 20,c1ccc(CCn2cncn2)cc1,train,324.40600000000006,0.4458000000000002,0.8330963886135923,22,48
subcategory_halogen-walk.remove-F_1302,Clc1ccc(CN2CCN(C3CCCCC3)CC2)cc1.O=C(O)C(=O)O,0,authentic,authentic,,,c1ccc(CN2CCN(C3CCCCC3)CC2)cc1,train,382.8880000000001,2.9459,0.7820962625081161,26,44
subcategory_halogen-walk.remove-F_2764,O=C(CS[C@@H]1C(=O)N(c2ccc(F)cc2)[C@H]1c1ccc(O)cc1)c1ccccc1,1,halogen-walk,remove-F,O=C(CS[C@@H]1C(=O)N(c2ccc(F)cc2)[C@H]1c1ccc(O)cc1)c1ccc(F)cc1,0 2 3 4 5 6 7 8 9 10 11 12 13 14 15 16 17 18 19 20 21 22 23 24 25 26 27,O=C(CS[C@@H]1C(=O)N(c2ccccc2)[C@H]1c1ccccc1)c1ccccc1,train,407.46600000000007,4.603900000000004,0.4791502654449163,29,58
subcategory_halogen-walk.remove-F_2642,COc1ccc(C2C(CCC(O)c3ccccc3)C(=O)N2c2ccc(O)cc2)cc1,1,halogen-walk,remove-F,COc1ccc(C2C(CCC(O)c3ccc(F)cc3)C(=O)N2c2ccc(O)cc2)cc1,10 12 13 14 15 16 17,O=C1C(CCCc2ccccc2)C(c2ccccc2)N1c1ccccc1,train,403.4780000000001,4.618700000000004,0.565018182307063,30,49
subcategory_halogen-walk.remove-F_1290,BrC1C2CCC1CN(Cc1ccccc1)C2,0,authentic,authentic,,,c1ccc(CN2CC3CCC(C3)C2)cc1,train,280.209,3.291900000000002,0.7513484308256796,16,25
subcategory_halogen-walk.remove-F_1069,O=C(NCCCCCn1ccnc1)c1cc2cc(Cl)ccc2[nH]1,0,authentic,authentic,,,O=C(NCCCCCn1ccnc1)c1cc2ccccc2[nH]1,train,330.8190000000001,3.618100000000002,0.6498487666006999,23,38
subcategory_halogen-walk.remove-F_2115,OC(C=C(Cl)Cl)(Cn1cncn1)c1ccccc1,1,halogen-walk,remove-F,OC(C=C(Cl)Cl)(Cn1cncn1)c1ccc(F)cc1,0 2 3 4 5 6 7 8 9 10 11 12 13 14 15 16,c1ccc(CCn2cncn2)cc1,train,284.146,2.4848999999999997,0.9380110585282034,18,31
subcategory_halogen-walk.remove-F_969,CCN(CC)c1cc(N)c2cc(OC)c(OC)cc2n1,0,authentic,authentic,,,c1ccc2ncccc2c1,train,275.352,2.6804000000000006,0.9087031787957435,20,32
subcategory_halogen-walk.remove-F_535,CN(C)CCOc1cccc(-c2ccccc2)c1,0,authentic,authentic,,,c1ccc(-c2ccccc2)cc1,train,241.334,3.2940000000000023,0.7961082523943984,18,27
subcategory_halogen-walk.remove-F_1781,Cc1cc(N2CCc3c(C(N)=O)nn(-c4ccccc4)c3C2=O)ccc1N1CCCC1=O,1,halogen-walk,remove-F,CCOc1ccc(-n2nc(C(N)=O)c3c2C(=O)N(c2ccc(N4CCCC4=O)c(C)c2)CC3)cc1F,0 1 2 3 4 5 6 7 8 9 10 11 12 14 15 16 17 18 19 20 21 22 23 24 25 26 27 28 29 30 31,O=C1CCCN1c1ccc(N2CCc3cnn(-c4ccccc4)c3C2=O)cc1,train,429.4800000000003,2.6093200000000003,0.6887377251166167,32,54
subcategory_halogen-walk.remove-F_255,C=C(SC)C(O)(C(=O)OC1CC2CC3OC3C(C1)[N+]2(C)C)c1cccs1,0,authentic,authentic,,,O=C(Cc1cccs1)OC1CC2CC3OC3C(C1)[NH2+]2,train,396.5540000000001,2.502700000000001,0.4707969917533739,26,51
subcategory_halogen-walk.remove-F_306,CCCC(=O)NC[C@@H]1C[C@H]1c1cccc2c1OC(CCC)N2,0,authentic,authentic,,,c1cc2c(c(C3CC3)c1)OCN2,train,302.41800000000006,3.6369000000000025,0.8082827778684668,22,42
subcategory_halogen-walk.remove-F_1615,CCc1ccc2c(c1)C(N1CCN(C)[C@@H](C)C1)=Nc1cc(Cl)ccc1N2,1,halogen-walk,remove-F,C[C@H]1CN(C2=Nc3cc(Cl)ccc3Nc3ccc(C(F)(F)F)cc32)CCN1C,0 1 3 4 5 6 7 8 9 10 11 12 13 14 15 16 17 18 19 20 21 22 23 24,c1ccc2c(c1)N=C(N1CCNCC1)c1ccccc1N2,train,368.912,4.673600000000003,0.7928056783831394,26,51
subcategory_halogen-walk.remove-F_546,COc1ccc(S(=O)(=O)N(Cc2ccc3c(c2)OCO3)[C@H](CCC(=O)N2CCN(S(C)(=O)=O)CC2)C(=O)NO)cc1,0,authentic,authentic,,,O=C(CCCN(Cc1ccc2c(c1)OCO2)S(=O)(=O)c1ccccc1)N1CCNCC1,train,612.6830000000003,0.37280000000000346,0.2668273582670349,41,81
subcategory_halogen-walk.remove-F_2455,CCCCc1nn(-c2ccc(OC)cc2)c2c1CCN(CCCC(=O)OCC)C2=O,1,halogen-walk,remove-F,CCOC(=O)CCCN1CCc2c(C(F)(F)F)nn(-c3ccc(OC)cc3)c2C1=O,0 1 2 3 5 6 7 8 9 10 11 12 13 14 15 16 17 18 19 20 21 22 23 24 25 26 27 28 29,O=C1NCCc2cnn(-c3ccccc3)c21,train,413.5180000000003,3.565100000000003,0.5569558335287078,30,47
subcategory_halogen-walk.remove-F_391,CC(C)C[N+]12CCC(CC1)[C@@H](OC(=O)C(O)(c1cccs1)c1cccs1)C2.O=C([O-])C(F)(F)F,0,authentic,authentic,,,O=C(O[C@H]1C[NH+]2CCC1CC2)C(c1cccs1)c1cccs1,train,519.6070000000002,3.152300000000001,0.46821502049800967,34,74
subcategory_halogen-walk.remove-F_2493,CCCc1cc(COCC2OC(CCN(C)C)c3ccc(C#N)cc32)cc(C(F)(F)F)c1,1,halogen-walk,remove-F,CN(C)CCC1OC(COCc2cc(C(F)(F)F)cc(C(F)(F)F)c2)c2cc(C#N)ccc21,0 1 2 3,c1ccc(COCC2OCc3ccccc32)cc1,train,446.5130000000001,5.810480000000006,0.4876466718452525,32,53
subcategory_halogen-walk.remove-F_2647,CC(C)=Cc1c(C(C)C)nc(C(C)C)c(O)c1-c1ccccc1,1,halogen-walk,remove-F,CC(C)=Cc1c(C(C)C)nc(C(C)C)c(O)c1-c1ccc(F)cc1,0 1 2 3 4 5 6 7 8 9 10 11 12 13 14 15 17 18 19 20 21,c1ccc(-c2ccncc2)cc1,train,309.453,6.124200000000006,0.7371980541414038,23,41
subcategory_halogen-walk.remove-F_1525,C[C@@H](C/C=C/c1ccccc1F)[C@](O)(Cn1cncn1)c1ccccc1,1,halogen-walk,remove-F,C[C@@H](C/C=C/c1ccccc1F)[C@](O)(Cn1cncn1)c1ccc(F)cc1F,0 1 2 3 4 5 6 7 8 9 10 11 13 14 15 16 17 18 19 20 21 22 23 24,C(=C\c1ccccc1)/CCC(Cn1cncn1)c1ccccc1,train,351.425,4.044600000000002,0.6987136648958717,26,49
subcategory_halogen-walk.remove-F_1691,CCCCN(CCCC)C(=O)C(=O)c1c(-c2ccccc2)[nH]c2ccccc12,1,halogen-walk,remove-F,CCCCN(CCCC)C(=O)C(=O)c1c(-c2ccc(F)cc2)[nH]c2ccccc12,14 15 16 17 18 19 20,c1ccc(-c2cc3ccccc3[nH]2)cc1,train,376.5,5.446400000000005,0.39888940768291964,28,48
subcategory_halogen-walk.remove-F_948,Cc1c(C(=O)NCc2ccccc2)nc2ccccc2c1-c1ccccc1,0,authentic,authentic,,,O=C(NCc1ccccc1)c1cc(-c2ccccc2)c2ccccc2n1,train,352.4370000000001,5.140220000000004,0.5524169040203754,27,41
subcategory_halogen-walk.remove-F_179,CC(C)(C)c1cccc(NC(=O)c2ccc(C(=O)O)cc2)c1,0,authentic,authentic,,,O=C(Nc1ccccc1)c1ccccc1,train,297.354,3.9346000000000023,0.9015582957848992,22,40
subcategory_halogen-walk.remove-F_2359,O=C(COc1ccc2c(c1)OCO2)NCCc1ccccc1,1,halogen-walk,remove-F,O=C(COc1ccc2c(c1)OCO2)NCCc1ccc(F)cc1,0 1 2 3 4 5 6 7 8 9 10 11 12 13 14 16 17 18 19 20,O=C(COc1ccc2c(c1)OCO2)NCCc1ccccc1,train,299.32599999999996,2.1529999999999996,0.8877672095889688,22,33
subcategory_halogen-walk.remove-F_1146,O=C(NC1CC1)c1[nH]c2ccccc2c1N1CCCC1=O,0,authentic,authentic,,,O=C(NC1CC1)c1[nH]c2ccccc2c1N1CCCC1=O,train,283.331,2.1869000000000005,0.9065003151607367,21,36
subcategory_halogen-walk.remove-F_583,CN1CCC23c4c5ccc(O)c4O[C@H]2[C@@H](O)C=CC3(CC5)C1,0,authentic,authentic,,,C1=CC23CCc4cccc5c4C2(CCNC3)[C@H](C1)O5,train,299.3700000000001,1.5897999999999999,0.7144423518514136,22,48
subcategory_halogen-walk.remove-F_245,CCN(CCCNC(=O)c1[nH]c(C)c(C(C)=O)c1C)c1ccccc1,0,authentic,authentic,,,O=C(NCCCNc1ccccc1)c1ccc[nH]1,test,341.45500000000004,3.480540000000002,0.5705606342457807,25,44
subcategory_halogen-walk.remove-F_2015,CN(C)CCC[C@@]1(c2ccccc2)OCc2cc(C#N)ccc21,1,halogen-walk,remove-F,CN(C)CCC[C@@]1(c2ccc(F)cc2)OCc2cc(C#N)ccc21.S,0 1 2 3 4 5 7 8 9 10 11 12 13 14 15 16 17 18 19 20 21,c1ccc(C2OCc3ccccc32)cc1,train,306.409,3.673880000000003,0.845316819511218,23,40
subcategory_halogen-walk.remove-F_1719,CC(C)c1nc2ccccc2c(-c2ccccc2)c1/C=C/[C@H](O)C[C@H](O)CC(=O)O,1,halogen-walk,remove-F,CC(C)c1nc2ccccc2c(-c2ccc(F)cc2)c1/C=C/[C@H](O)C[C@H](O)CC(=O)O,0 1 2 3 4 5 6 7 8 9 10 12 13 14 15 16 17 18 19 20 21 22 23 24 25 26 27 28 29,c1ccc(-c2ccnc3ccccc23)cc1,train,405.49400000000014,4.625000000000006,0.5084718941553327,30,59
subcategory_halogen-walk.remove-F_975,CN1C2CCC(C)(C)C1CC(OC(=O)C(O)(c1cccs1)c1cccs1)C2.[Cl-].[H+],0,authentic,authentic,,,O=C(OC1CC2CCCC(C1)N2)C(c1cccs1)c1cccs1,train,442.0460000000001,1.3565999999999996,0.7276483556800184,28,59
subcategory_halogen-walk.remove-F_840,CCCCCN1CC[C@@H](c2ccc(F)cc2)[C@H](COc2ccc3c(c2)OCO3)C1,0,authentic,authentic,,,c1ccc([C@@H]2CCNC[C@H]2COc2ccc3c(c2)OCO3)cc1,train,399.50600000000026,5.229100000000005,0.5689840523228548,29,54
subcategory_halogen-walk.remove-F_425,CC1(O)OC(=O)C(c2ccccc2)=C1c1ccc(S(C)(=O)=O)cc1,0,authentic,authentic,,,O=C1OCC(c2ccccc2)=C1c1ccccc1,train,344.3880000000001,2.2662000000000004,0.8640842017522491,24,46
subcategory_halogen-walk.remove-F_1259,O=C(/C=C/c1ccccc1)c1cccs1,0,authentic,authentic,,,O=C(/C=C/c1ccccc1)c1cccs1,train,214.28900000000002,3.6442000000000014,0.5627939675385218,15,25
subcategory_halogen-walk.remove-F_1541,CCCCc1ccc(OC(CCNC(C)=O)c2ccccc2)cc1,1,halogen-walk,remove-F,CC(=O)NCCC(Oc1ccc(C(F)(F)F)cc1)c1ccccc1,0 1 2 3 5 6 7 8 9 10 11 12 13 14 15 16 17 18 19 20 21 22,c1ccc(COc2ccccc2)cc1,train,325.452,4.675500000000004,0.7270134223193951,24,35
subcategory_halogen-walk.remove-F_5,CCN1CCC(N(C=O)C2CC2)c2cccc(CS(=O)c3nc4cc(OC)c(F)cc4[nH]3)c21,0,authentic,authentic,,,O=S(Cc1cccc2c1NCCC2NC1CC1)c1nc2ccccc2[nH]1,train,470.57000000000016,3.910300000000002,0.5052744395075748,33,60
subcategory_halogen-walk.remove-F_2174,NC(=O)CS(=O)(=O)C(c1ccccc1)c1ccc(F)cc1,1,halogen-walk,remove-F,NC(=O)CS(=O)(=O)C(c1ccc(F)cc1)c1ccc(F)cc1,0 1 2 3 4 5 6 8 9 10 11 12 13 14 15 16 17 18 19 20,c1ccc(Cc2ccccc2)cc1,train,307.34600000000006,1.8151999999999997,0.9149311244464151,21,38
subcategory_halogen-walk.remove-F_2461,C=Cc1cc(-c2nc(C)c(C(=O)OCC)s2)ccc1OCC(C)C,1,halogen-walk,remove-F,CCOC(=O)c1sc(-c2ccc(OCC(C)C)c(C(F)(F)F)c2)nc1C,0 1 3 4 5 6 7 8 9 10 11 12 13 14 15 16 17 18 19 20 21 22 23,c1ccc(-c2nccs2)cc1,train,345.4640000000001,4.973020000000004,0.6645827438411797,24,41
subcategory_halogen-walk.remove-F_1418,CCCN(CCNC)C1=Nc2ccc(Cl)cc2Nc2ccc(C)cc21,0,authentic,authentic,,,C1=Nc2ccccc2Nc2ccccc21,train,356.90100000000007,4.715120000000003,0.8141570376972335,25,39
subcategory_halogen-walk.remove-F_954,CCC(C)(C)/N=c1\c(O)c(O)\c1=N/Cc1ccc(C#N)cc1,0,authentic,authentic,,,N=c1cc/c1=N\Cc1ccccc1,train,297.358,2.0352799999999998,0.9045997120758621,22,43
subcategory_halogen-walk.remove-F_97,COCCOCCN1CCN(C2=Nc3ccccc3Sc3ccccc32)CC1,0,authentic,authentic,,,c1ccc2c(c1)N=C(N1CCNCC1)c1ccccc1S2,train,397.5440000000002,3.510100000000003,0.6975620012278989,28,39
subcategory_halogen-walk.remove-F_1679,CC(C)Cc1ccc(O[C@H](CCN(C)CC(=O)O)c2ccccc2)cc1,1,halogen-walk,remove-F,CN(CC[C@@H](Oc1ccc(C(F)(F)F)cc1)c1ccccc1)CC(=O)O,0 1 2 3 5 6 7 8 9 10 11 12 13 14 15 16 17 18 19 20 21 22 23 24,c1ccc(COc2ccccc2)cc1,train,355.478,4.411700000000003,0.6856652816216416,26,45
subcategory_halogen-walk.remove-F_26,CN1CC[C@]23CCCC[C@H]2[C@H]1Cc1ccc(Oc2ccc(O)cc2)cc13,0,authentic,authentic,,,c1ccc(Oc2ccc3c(c2)[C@@]24CCCC[C@H]2[C@@H](C3)NCC4)cc1,val,349.47400000000005,4.872700000000005,0.8392106079356918,26,51
subcategory_halogen-walk.remove-F_616,COc1ccc(OC)c(NCc2coc3nc(N)nc(N)c23)c1,0,authentic,authentic,,,c1ccc(NCc2coc3ncncc23)cc1,test,315.333,2.0164999999999997,0.6534247779165407,23,37
subcategory_halogen-walk.remove-F_1004,COc1cccc(C2(O)CCN(C(=O)OC(C)(C)C)CC2)c1,0,authentic,authentic,,,c1ccc(C2CCNCC2)cc1,train,307.39000000000004,2.9137000000000013,0.9124345380466754,22,39
subcategory_halogen-walk.remove-F_2675,CN(C)C(=O)c1ccc(NCc2ccccc2)cn1,1,halogen-walk,remove-F,CN(C)C(=O)c1ccc(NCc2ccc(F)cc2)cn1,0 1 2 3 4 5 6 7 8 9 11 12 13 14 15 16 17 18,c1ccc(CNc2cccnc2)cc1,train,255.321,2.3955,0.9120689955666761,19,30
subcategory_halogen-walk.remove-F_2020,CC(C)Cc1cccc(C(C#N)(CCc2ccccc2)Cn2cncn2)c1,1,halogen-walk,remove-F,N#CC(CCc1ccccc1)(Cn1cncn1)c1cccc(C(F)(F)F)c1,0 1 2 3 4,c1ccc(CCC(Cn2cncn2)c2ccccc2)cc1,train,358.48900000000003,4.570980000000003,0.5925037272612343,27,42
subcategory_halogen-walk.remove-F_1508,CCCCc1cccc(NC(=O)NC2C(=O)N(CC(=O)N(C)c3ccccc3)c3ccccc3N(c3ccccc3)C2=O)c1,1,halogen-walk,remove-F,CN(C(=O)CN1C(=O)C(NC(=O)Nc2cccc(C3(C(F)(F)F)N=N3)c2)C(=O)N(c2ccccc2)c2ccccc21)c1ccccc1,0 1 2 3 4,O=C(CN1C(=O)C(NC(=O)Nc2cccc(C3N=N3)c2)C(=O)N(c2ccccc2)c2ccccc21)Nc1ccccc1,val,589.6960000000003,5.893800000000005,0.23767703452457747,44,72
subcategory_halogen-walk.remove-F_1900,CCOc1ccc(OC(CC2CNC2)c2ccc(F)c(F)c2)cc1,1,halogen-walk,remove-F,Fc1ccc(C(CC2CNC2)Oc2ccc(OC(F)(F)F)cc2)cc1F,0 1 3 4 5 6 7 8 9 10 11 12 13 14 15 16 17 18 19 20 21 22,c1ccc(OC(CC2CNC2)c2ccccc2)cc1,train,333.378,4.093100000000002,0.8276299861168985,24,38
subcategory_halogen-walk.remove-F_993,N#Cc1ccc(CC(Cn2cncn2)c2ccc(C#N)cc2)cc1,0,authentic,authentic,,,c1ccc(CC(Cn2cncn2)c2ccccc2)cc1,train,313.36400000000003,3.0479600000000016,0.7249597202586385,24,38
subcategory_halogen-walk.remove-F_1244,COc1cc(-c2ccc(-c3ccc(C(=O)O)cc3)[nH]2)nc2c(C(C)C)cccc12,0,authentic,authentic,,,c1ccc(-c2ccc(-c3ccc4ccccc4n3)[nH]2)cc1,train,386.45100000000014,5.7271000000000045,0.45940331030168624,29,55
subcategory_halogen-walk.remove-F_1194,O=C1/C=C/C(=O)ON2CC[C@@H](c3ccc(F)cc3)[C@H](COc3ccc4c(c3)OCO4)C2O1,0,authentic,authentic,,,O=C1/C=C/C(=O)ON2CC[C@@H](c3ccccc3)[C@H](COc3ccc4c(c3)OCO4)C2O1,train,441.4110000000003,2.9362000000000013,0.6701870704484068,32,66
subcategory_halogen-walk.remove-F_821,Cc1cccc(C)c1Nc1nc2ccccc2n2cncc12,0,authentic,authentic,,,c1ccc(Nc2nc3ccccc3n3cncc23)cc1,test,288.35400000000004,4.242940000000003,0.599532558253852,22,32
subcategory_halogen-walk.remove-F_2517,CCC(N)C1(c2cccc(C)c2)OCc2cc(C#N)ccc21,1,halogen-walk,remove-F,CCC(N)C1(c2ccc(F)cc2)OCc2cc(C#N)ccc21,0 1 2 3 5 6 7 8 9 10 11 12 13 14 15 16 17 18 19 20 21,c1ccc(C2OCc3ccccc32)cc1,train,292.38199999999995,3.3778000000000024,0.9431178840349488,22,37
subcategory_halogen-walk.remove-F_32,CCCCCC(=O)O.Fc1ccc([C@@H]2CCNC[C@H]2COc2ccc3c(c2)OCO3)cc1,0,authentic,authentic,,,c1ccc([C@@H]2CCNC[C@H]2COc2ccc3c(c2)OCO3)cc1,train,445.53100000000023,4.977800000000004,0.5584474478063938,32,57
subcategory_halogen-walk.remove-F_1870,COc1ccc(OC[C@H]2CNCC[C@H]2c2ccccc2)cc1O,1,halogen-walk,remove-F,COc1ccc(OC[C@H]2CNCC[C@H]2c2ccc(F)cc2)cc1O,0 1 2 3 4 5 6 7 8 9 10 11 12 14 15 16 17 18 19 20 21 22,c1ccc(OC[C@H]2CNCC[C@H]2c2ccccc2)cc1,train,313.397,3.1729000000000025,0.8900262040863021,23,39
subcategory_halogen-walk.remove-F_2396,CC(C)(C)/N=c1\c(O)c(O)\c1=N/Cc1ccccc1,1,halogen-walk,remove-F,CC(C)(C)/N=c1\c(O)c(O)\c1=N/Cc1ccc(F)cc1F,0 1 2 3 4 5 6 7 8 9 10 11 13 14 15 16 17,N=c1cc/c1=N\Cc1ccccc1,train,258.32099999999997,1.7734999999999999,0.8618954723874411,19,37
subcategory_halogen-walk.remove-F_2361,c1ccc([C@H]2CCN(C3CCCCCC3)C[C@@H]2COc2ccc3c(c2)OCO3)cc1,1,halogen-walk,remove-F,Cl.Fc1ccc([C@H]2CCN(C3CCCCCC3)C[C@@H]2COc2ccc3c(c2)OCO3)cc1,0 1 2 3 5 6 7 8 9 10 11 12 13 14 15 16 17 18 19 20 21 22 23 24 25 26 27 28,c1ccc([C@H]2CCN(C3CCCCCC3)C[C@@H]2COc2ccc3c(c2)OCO3)cc1,train,407.5540000000001,5.622600000000006,0.6018468425221903,30,55
subcategory_halogen-walk.remove-F_1272,Nc1nc2c(cnn2CCCc2ccccc2)c2nc(-c3ccco3)nn12,0,authentic,authentic,,,c1ccc(CCCn2ncc3c2ncn2nc(-c4ccco4)nc32)cc1,val,359.3930000000001,2.9490000000000007,0.5177419174354062,27,42
subcategory_halogen-walk.remove-F_1156,CC(C)NCCCOc1ccc(-c2ccc(C(=O)N3CCCC3C)cc2)cc1,0,authentic,authentic,,,O=C(c1ccc(-c2ccccc2)cc1)N1CCCC1,train,380.53200000000015,4.7450000000000045,0.6723966472936187,28,44
subcategory_halogen-walk.remove-F_1905,COc1cccc(C(O)CN2CCC(O)(c3ccccc3)CC2)c1,1,halogen-walk,remove-F,COc1cccc(C(O)CN2CCC(O)(c3ccc(F)cc3)CC2)c1,0 1 2 3 4 5 6 7 8 9 10 11 12 14 15 16 17 18 19 20 21 22 23,c1ccc(CCN2CCC(c3ccccc3)CC2)cc1,test,327.42400000000004,2.712200000000001,0.886504288789201,24,38
subcategory_halogen-walk.remove-F_282,C.[2H]C1([2H])N(CCOCC(=O)O)C([2H])([2H])C([2H])([2H])N(C(c2ccccc2)c2ccc(Cl)cc2)C1([2H])[2H],0,authentic,authentic,,,c1ccc(C(c2ccccc2)N2CCNCC2)cc1,train,412.98681422400006,3.7843000000000018,0.6683773733929127,28,91
subcategory_halogen-walk.remove-F_1642,COc1nccc(-c2c(-c3ccccc3)ncn2CCCN2CCOCC2)n1,1,halogen-walk,remove-F,COc1nccc(-c2c(-c3ccc(F)cc3)ncn2CCCN2CCOCC2)n1,0 1 2 3 4 5 6 7 9 10 11 12 13 14 15 16 17 18 19 20 21 22 23 24 25 26 27,c1ccc(-c2ncn(CCCN3CCOCC3)c2-c2ccncn2)cc1,train,379.4640000000003,2.7380000000000004,0.6289247350696345,28,42
subcategory_halogen-walk.remove-F_2149,CCC[C@@]1(C#CC2CC2)OC(=O)N(Cl)c2ccccc21,1,halogen-walk,remove-F,O=C1O[C@](C#CC2CC2)(C(F)(F)F)c2ccccc2N1Cl,0 1 2 3,O=C1Nc2ccccc2C(C#CC2CC2)O1,train,289.762,4.2058000000000035,0.6029021495841878,20,39
subcategory_halogen-walk.remove-F_2112,CCCc1ccc(-c2ccc(C(=O)N(C)[C@H]3CCN(C(=O)N4CC[C@@H](N(C)CCC(C)(C)c5ccc(Cl)cc5)C4)C3)cc2)cc1,1,halogen-walk,remove-F,CN(CCC(C)(C)c1ccc(Cl)cc1)[C@@H]1CCN(C(=O)N2CC[C@H](N(C)C(=O)c3ccc(-c4ccc(C(F)(F)F)cc4)cc3)C2)C1,0 1 2 3,O=C(N[C@H]1CCN(C(=O)N2CC[C@@H](NCCCc3ccccc3)C2)C1)c1ccc(-c2ccccc2)cc1,train,629.2890000000002,7.599800000000009,0.23229352758820976,45,90
subcategory_halogen-walk.remove-F_914,O=c1cc(CO)oc(CN2CCN([C@@H](c3ccccc3)c3ccc(Cl)cc3)CC2)c1O,0,authentic,authentic,,,O=c1ccoc(CN2CCN(C(c3ccccc3)c3ccccc3)CC2)c1,train,440.92700000000013,3.398300000000002,0.6114363796264266,31,56
subcategory_halogen-walk.remove-F_2796,Cc1cccc(C2(CCCN(C)C)OCc3cc(CO)ccc32)c1,1,halogen-walk,remove-F,CN(C)CCCC1(c2ccc(F)cc2)OCc2cc(CO)ccc21,0 1 2 3 4 5 7 8 9 10 11 12 13 14 15 16 17 18 19 20 21 22,c1ccc(C2OCc3ccccc32)cc1,train,325.452,3.602920000000003,0.8806217982339366,24,38
subcategory_halogen-walk.remove-F_215,Cc1c(CC(=O)OCC(=O)O)c2cc(O)ccc2n1C(=O)c1ccc(Cl)cc1,0,authentic,authentic,,,O=C(c1ccccc1)n1ccc2ccccc21,train,401.80200000000013,3.1675200000000014,0.6359322500494934,28,50
subcategory_halogen-walk.remove-F_2056,CCC(c1ccccc1)C(CC)c1ccc(O)cc1,1,halogen-walk,remove-F,CCC(c1ccc(O)cc1)C(CC)c1ccc(O)c(F)c1,0 1 3 4 5 6 7 8 9 10 11 12 13 14 15 16 17 18,c1ccc(CCc2ccccc2)cc1,train,254.37299999999996,5.0796000000000054,0.788532164819288,19,29
subcategory_halogen-walk.remove-F_2190,CC(C)n1c(C=C[C@@H](O)C[C@@H](O)CC(=O)OC(C)(C)C)c(-c2ccccc2)c2ccccc21,1,halogen-walk,remove-F,CC(C)n1c(C=C[C@@H](O)C[C@@H](O)CC(=O)OC(C)(C)C)c(-c2ccc(F)cc2)c2ccccc21,20 21 22 23 24 25 26,c1ccc(-c2c[nH]c3ccccc23)cc1,train,449.5910000000001,5.7461000000000055,0.4298893365428795,33,68
subcategory_halogen-walk.remove-F_1527,CCn1nc(Cc2ccc(F)cc2)cc1C1CCN(C[C@H]2CN([C@@H](C(=O)O)C3CCCCC3)C[C@@H]2c2ccccc2C)CC1,1,halogen-walk,remove-F,CCn1nc(Cc2ccc(F)cc2)cc1C1CCN(C[C@H]2CN([C@@H](C(=O)O)C3CCCCC3)C[C@@H]2c2cccc(F)c2)CC1,34 35 36 37 38 39 40 41,c1ccc(Cc2cc(C3CCN(C[C@H]4CN(CC5CCCCC5)C[C@@H]4c4ccccc4)CC3)[nH]n2)cc1,train,600.8230000000002,6.869820000000008,0.27528859245357495,44,83
subcategory_halogen-walk.remove-F_2799,O=C(O)C[C@H](O)C[C@H](O)/C=C\c1c(C2CC2)nc2ccccc2c1-c1ccccc1,1,halogen-walk,remove-F,O=C(O)C[C@H](O)C[C@H](O)/C=C\c1c(C2CC2)nc2ccccc2c1-c1ccc(F)cc1,0 1 2 3 4 5 6 7 8 9 10 11 12 13 14 15 16 17 18 19 20 21 22 24 25 26 27 28,c1ccc(-c2cc(C3CC3)nc3ccccc23)cc1,train,403.47800000000007,4.379000000000003,0.51925774027477,30,59
subcategory_halogen-walk.remove-F_1111,CCOc1ccc(Nc2nc(C#CC(C)(O)CC)nc3c2ncn3C(C)C)cc1,0,authentic,authentic,,,c1ccc(Nc2ncnc3[nH]cnc23)cc1,train,393.49100000000004,4.062000000000003,0.6144500256001997,29,46
subcategory_halogen-walk.remove-F_1310,CCCOc1ccccc1C(=O)NC(Cl)Cc1ccc(S(=O)(=O)NC(=O)NC)cc1,0,authentic,authentic,,,O=C(NCCc1ccccc1)c1ccccc1,train,453.9480000000001,2.6305000000000014,0.39867955994077553,30,51
subcategory_halogen-walk.remove-F_1704,CCCc1cc(CNCC)ccc1Cl,1,halogen-walk,remove-F,CCNCc1ccc(Cl)c(C(F)(F)F)c1.Cl,0 1 2 4 5 6 7 8 9 10 11 12,c1ccccc1,train,211.736,3.402000000000002,0.7874538278996944,14,19
subcategory_halogen-walk.remove-F_2541,N[C@@H](Cc1ccc(Oc2ccccc2)cc1)C(=O)O,1,halogen-walk,remove-F,N[C@@H](Cc1ccc(Oc2ccc(F)cc2)cc1)C(=O)O,0 1 2 3 4 5 6 8 9 10 11 12 13 14 15 16 17 18,c1ccc(Oc2ccccc2)cc1,train,257.289,2.4333,0.8624590845186156,19,35
subcategory_halogen-walk.remove-F_1318,COC(=O)[C@H](C(C)C)P(=O)(OCC1OC(n2cc(/C=C/Br)c(=O)[nH]c2=O)CC1O)Oc1cccc2ccccc12,0,authentic,authentic,,,O=c1ccn(C2CCC(CO[PH](=O)Oc3cccc4ccccc34)O2)c(=O)[nH]1,train,637.4200000000001,4.190100000000003,0.24691995329980884,40,79
subcategory_halogen-walk.remove-F_919,CCCc1cn(C)c2c(=O)[nH]c(-c3cc(S(=O)(=O)N4CCN(CCCF)CC4)ccc3OCCF)nc12,0,authentic,authentic,,,O=c1[nH]c(-c2cccc(S(=O)(=O)N3CCNCC3)c2)nc2cc[nH]c12,train,537.6330000000004,2.8953000000000007,0.4038551387798674,37,66
subcategory_halogen-walk.remove-F_1717,c1ccc([C@@H]2CNC[C@@H](COc3ccc4c(c3)OCO4)C2)cc1,1,halogen-walk,remove-F,Fc1ccc([C@@H]2CNC[C@@H](COc3ccc4c(c3)OCO4)C2)cc1,0 1 2 3 4 21 22,c1ccc([C@@H]2CNC[C@@H](COc3ccc4c(c3)OCO4)C2)cc1,test,311.38100000000003,3.187400000000002,0.9411612066593474,23,47
subcategory_halogen-walk.remove-F_144,COc1cc(OCC2CNCCC2c2ccc(F)cc2)ccc1O,0,authentic,authentic,,,c1ccc(OCC2CNCCC2c2ccccc2)cc1,train,331.387,3.3120000000000016,0.8824636193287035,24,34
subcategory_halogen-walk.remove-F_733,Nc1nnc(-c2ccc(F)cc2)c(N)n1,0,authentic,authentic,,,c1ccc(-c2cncnn2)cc1,train,205.19599999999997,0.8420999999999998,0.7194521599975521,15,26
subcategory_halogen-walk.remove-F_614,COc1ccc(O)c(C2(O)CC(O)CCC2CN(C)C)c1,0,authentic,authentic,,,c1ccc(C2CCCCC2)cc1,train,295.379,1.311,0.7809283546724957,21,35
subcategory_halogen-walk.remove-F_1568,CC(C)c1c(/C=C/[C@@H](O)C[C@@H](O)CC(=O)O)c(-c2ccccc2)cn1-c1ccccc1,1,halogen-walk,remove-F,CC(C)c1c(/C=C/[C@@H](O)C[C@@H](O)CC(=O)O)c(-c2ccc(F)cc2)cn1-c1ccccc1,16 17 18 19 20 21 22,c1ccc(-c2ccn(-c3ccccc3)c2)cc1,train,419.521,4.867500000000003,0.4621890075915528,31,65
subcategory_halogen-walk.remove-F_1490,O=C(CCc1ccccc1)c1ccccc1OCC(O)CN1CCC(Cc2ccccc2)CC1,1,halogen-walk,remove-F,O=C(CCc1ccc(F)cc1)c1ccccc1OCC(O)CN1CCC(Cc2ccccc2)CC1,0 1 2 4 5 6 7 8 9 10 11 12 13 14 15 16 17 18 19 20 21 22 23 24 25 26 27 28 29 30 31 32 33,O=C(CCc1ccccc1)c1ccccc1OCCCN1CCC(Cc2ccccc2)CC1,train,457.6140000000003,5.196500000000005,0.4024098647791089,34,49
subcategory_halogen-walk.remove-F_1932,COC(=O)CC(=O)CC(O)/C=C/c1c(-c2ccccc2)c(-c2ccccc2)n2c1C(C(C)C)CCC2,1,halogen-walk,remove-F,COC(=O)CC(=O)CC(O)/C=C/c1c(-c2ccc(F)cc2)c(-c2ccccc2)n2c1C(C(C)C)CCC2,13 14 15 16 17 18 19,c1ccc(-c2cc3n(c2-c2ccccc2)CCCC3)cc1,val,485.6240000000003,6.251900000000005,0.28722574801945694,36,65
subcategory_halogen-walk.remove-F_2339,CCCOc1cccc(C(=O)NCC2CCN(CCNC(=O)C(C)(C)C(F)(F)F)CC2)c1,1,halogen-walk,remove-F,CC(C)(C(=O)NCCN1CCC(CNC(=O)c2cccc(OC(F)(F)F)c2)CC1)C(F)(F)F,0 1 2 4 5 6 7 8 9 10 11 12 13 14 15 16 17 18 19 20 21 22 23 24 25 26 27 28 29 30,O=C(NCC1CCNCC1)c1ccccc1,train,457.53700000000015,3.621900000000002,0.5631340074953767,32,54
subcategory_halogen-walk.remove-F_2198,CCCCOc1ccc(Cc2cc(C3CCN(C[C@@H](CN(C)[C@@H](C(=O)O)C(C)C)c4ccccc4)CC3)n(CC)n2)cc1,1,halogen-walk,remove-F,CCCCOc1ccc(Cc2cc(C3CCN(C[C@H]4CN([C@@H](C(=O)O)C(C)C)C[C@@H]4c4cccc(F)c4)CC3)n(CC)n2)cc1,18 29 30 31 32 33 34,c1ccc(Cc2cc(C3CCN(C[C@H]4CNC[C@@H]4c4ccccc4)CC3)[nH]n2)cc1,train,588.8370000000001,6.676900000000007,0.1884102929702857,43,80
subcategory_halogen-walk.remove-F_2708,Oc1ccccc1-c1nc(-c2ccccc2)c(-c2ccncc2)[nH]1,1,halogen-walk,remove-F,Oc1ccccc1-c1nc(-c2ccc(F)cc2)c(-c2ccncc2)[nH]1,0 1 2 3 4 5 6 7 8 10 11 12 13 14 15 16 17 18 19 20 21 22 23,c1ccc(-c2nc(-c3ccccc3)c(-c3ccncc3)[nH]2)cc1,train,313.36,4.511300000000004,0.5846885610513807,24,42
subcategory_halogen-walk.remove-F_180,CCCCNC(=O)C1=C(c2c(C)[nH]c3ccccc23)C(=O)N(C)C1=O,0,authentic,authentic,,,O=C1C=C(c2c[nH]c3ccccc23)C(=O)N1,train,339.3950000000001,2.14482,0.49735276609210904,25,48
subcategory_halogen-walk.remove-F_2360,C[C@@H](CC=Cc1ccccc1)[C@](O)(Cn1cncn1)c1ccc(F)cc1F,1,halogen-walk,remove-F,C[C@@H](C/C=C/c1cc(F)c(F)c(F)c1)[C@](O)(Cn1cncn1)c1ccc(F)cc1F,0 1 2 3 5 6 7 8 9 10 11 12 13 14 15 16 17 18 19 20 21 22 23 24 25 26,C(=C\c1ccccc1)/CCC(Cn1cncn1)c1ccccc1,train,369.4150000000001,4.1837000000000035,0.6795903235322625,27,50
subcategory_halogen-walk.remove-F_2084,C[C@@H](n1ccnn1)[C@@](O)(Cn1cncn1)c1ccccc1,1,halogen-walk,remove-F,C[C@@H](n1ccnn1)[C@@](O)(Cn1cncn1)c1ccc(F)cc1F,0 1 2 3 4 5 6 8 9 10 11 12 13 14 15 16 17 18 19,c1ccc(C(Cn2cncn2)Cn2ccnn2)cc1,train,284.32300000000004,1.0185999999999997,0.7561250990118723,21,42
subcategory_halogen-walk.remove-F_935,CCCC(=O)c1c(O)c2c(c3c(CCC)cc(=O)oc13)OC(C(C)(C)O)C2,0,authentic,authentic,,,O=c1ccc2c3c(ccc2o1)CCO3,train,374.4330000000001,3.508300000000002,0.5931919426800252,27,51
subcategory_halogen-walk.remove-F_472,COc1ccc(OC)c(CN2CCN(C(=O)c3ccccc3F)CC2)c1,0,authentic,authentic,,,O=C(c1ccccc1)N1CCN(Cc2ccccc2)CC1,train,358.41300000000007,2.8009000000000013,0.8243034802431473,26,41
subcategory_halogen-walk.remove-F_421,OC(Cc1ccccc1F)(Cn1cncn1)c1ccccc1,0,authentic,authentic,,,c1ccc(CC(Cn2cncn2)c2ccccc2)cc1,train,297.33299999999997,2.5477000000000007,0.787146586192795,22,32
subcategory_halogen-walk.remove-F_1044,CCN(C=C1N=C(c2ccccc2Cl)c2cc([N+](=O)[O-])ccc2N(C)C1=O)CC,0,authentic,authentic,,,C=C1N=C(c2ccccc2)c2ccccc2NC1=O,val,412.87700000000024,4.245200000000004,0.41756820534402755,29,56
subcategory_halogen-walk.remove-F_644,CN1CC=C(c2c[nH]c3ccc(-c4ccsc4)cc23)CC1,0,authentic,authentic,,,C1=C(c2c[nH]c3ccc(-c4ccsc4)cc23)CCNC1,train,294.4230000000001,4.615300000000003,0.7306938972751732,21,38
subcategory_halogen-walk.remove-F_1506,CCNCc1ccc(Cl)c(CC)c1,1,halogen-walk,remove-F,CCNCc1ccc(Cl)c(C(F)(F)F)c1.Cl,0 1 2 3 4 5 6 7 8 10 11,c1ccccc1,train,197.70899999999995,3.0119000000000016,0.7827894698672202,13,20
subcategory_halogen-walk.remove-F_2398,COc1ccc(OC)c(C(C)NC(=O)CCC(=O)c2ccccc2)c1,1,halogen-walk,remove-F,COc1ccc(OC)c(C(C)NC(=O)CCC(=O)c2ccc(F)cc2F)c1,0 1 2 3 4 5 6 7 8 9 10 11 12 13 14 15 17 18 19 20 21 22 23 24,O=C(CCC(=O)c1ccccc1)NCc1ccccc1,val,341.407,3.544100000000002,0.7459725853085147,25,41
subcategory_halogen-walk.remove-F_2244,CC(O)C(C)(C)C(O)(Cn1cncn1)c1ccccc1,1,halogen-walk,remove-F,CC(O)C(C)(C)C(O)(Cn1cncn1)c1ccc(F)cc1F,0 1 2 3 4 5 7 8 9 10 11 12 13 14 15 16 17 18,c1ccc(CCn2cncn2)cc1,train,275.35200000000003,1.5729,0.8686776789498546,20,34
subcategory_halogen-walk.remove-F_227,CCCc1cc(-c2ccc3c(c2)C2(CCNCC2)OC3)ccc1CCC#N,0,authentic,authentic,,,c1ccc(-c2ccc3c(c2)C2(CCNCC2)OC3)cc1,train,360.5010000000001,4.871180000000004,0.8271114121098563,27,43
subcategory_halogen-walk.remove-F_1475,O=C1[C@H](CC[C@H](O)c2ccccc2)[C@@H](c2ccc(CO)cc2)N1c1ccc(F)cc1,1,halogen-walk,remove-F,O=C1[C@H](CC[C@H](O)c2ccc(F)cc2)[C@@H](c2ccc(CO)cc2)N1c1ccc(F)cc1,0 1 2 3 4 6 7 8 9 10 11 12 13 14 15 16 17 18 19 20 21 22 23 24 25 26 27 28 29,O=C1[C@H](CCCc2ccccc2)[C@@H](c2ccccc2)N1c1ccccc1,train,405.46900000000005,4.535900000000003,0.5677344873017572,30,62
subcategory_halogen-walk.remove-F_2604,COc1ccccc1OC[C@H]1CNCC[C@@H]1c1ccccc1,1,halogen-walk,remove-F,COc1ccccc1OC[C@H]1CNCC[C@@H]1c1ccc(F)cc1,15 16 17 18 19 20 21,c1ccc(OC[C@H]2CNCC[C@@H]2c2ccccc2)cc1,train,297.39799999999997,3.4673000000000016,0.9164444163343834,22,37
subcategory_halogen-walk.remove-F_1864,Oc1ncc(Oc2ccccc2)cn1,1,halogen-walk,remove-F,Oc1ncc(Oc2ccc(F)cc2)cn1,0 1 2 3 4 6 7 8 9 10 11 12 13,c1ccc(Oc2cncnc2)cc1,train,188.186,1.9744999999999993,0.7823413356844768,14,20
subcategory_halogen-walk.remove-F_2032,CCc1ccccc1C(=O)N1CCCC(COc2cccc(C(=O)NC3CC3)c2)C1,1,halogen-walk,remove-F,O=C(NC1CC1)c1cccc(OCC2CCCN(C(=O)c3ccccc3C(F)(F)F)C2)c1,0 1 3 4 5 6 7 8 9 10 11 12 13 14 15 16 17 18 19 20 21 22 23 24 25 26 27 28 29,O=C(NC1CC1)c1cccc(OCC2CCCN(C(=O)c3ccccc3)C2)c1,train,406.5260000000001,4.072400000000003,0.7539976200754614,30,48
subcategory_halogen-walk.remove-F_2683,Cc1cc(N2C[C@H](CNC(=O)c3ccc(Cl)s3)OC2=O)ccc1-n1cccc(OCCC(C)C)c1=O,1,halogen-walk,remove-F,Cc1cc(N2C[C@H](CNC(=O)c3ccc(Cl)s3)OC2=O)ccc1-n1cccc(OCC(F)(F)F)c1=O,0 1 2 3 4 5 6 7 8 9 10 11 12 13 14 15 16 17 18 19 20 21 22 23 24 25 26 27 28 30 31 32 33 34 35,O=C(NC[C@H]1CN(c2ccc(-n3ccccc3=O)cc2)C(=O)O1)c1cccs1,test,530.0460000000004,5.040920000000004,0.4191579725151591,36,65
subcategory_halogen-walk.remove-F_1077,O=C(CNC(=O)c1ccccc1)Oc1ccccc1,0,authentic,authentic,,,O=C(CNC(=O)c1ccccc1)Oc1ccccc1,train,255.27300000000002,2.0220000000000002,0.6714127711304444,19,29
subcategory_halogen-walk.remove-F_261,COc1cc(N)c(Cl)cc1C(=O)NC1CCCN2CCCCC2C1,0,authentic,authentic,,,O=C(NC1CCCN2CCCCC2C1)c1ccccc1,train,351.8780000000002,3.0676000000000014,0.8211407658267298,24,38
subcategory_halogen-walk.remove-F_2145,O=C(c1ccc2c(c1)OCCO2)C1CCN(Cc2ccccc2)CC1,1,halogen-walk,remove-F,O=C(c1ccc2c(c1)OCCO2)C1CCN(Cc2ccc(F)cc2)CC1,16 17 18 19 20 21 22,O=C(c1ccc2c(c1)OCCO2)C1CCN(Cc2ccccc2)CC1,train,337.41900000000004,3.5527000000000024,0.7999463504517871,25,40
subcategory_halogen-walk.remove-F_1114,COc1cc(N)c(Cl)cc1C(=O)CCCN1CCCCC1,0,authentic,authentic,,,O=C(CCCN1CCCCC1)c1ccccc1,train,310.8250000000001,3.3796000000000026,0.6462336674627559,21,33
subcategory_halogen-walk.remove-F_2266,Cc1cccc(C(=O)N2CCCC(COc3cccc(C(=O)NC4CC4)c3)C2)c1,1,halogen-walk,remove-F,O=C(NC1CC1)c1cccc(OCC2CCCN(C(=O)c3ccc(F)cc3)C2)c1,0 1 2 3 4 5 7 8 9 10 11 12 13 14 15 16 17 18 19 20 21 22 23 24 25 26 27,O=C(NC1CC1)c1cccc(OCC2CCCN(C(=O)c3ccccc3)C2)c1,train,392.49900000000014,3.8184200000000024,0.8130802675721717,29,49
subcategory_halogen-walk.remove-F_1372,CCN(CC)CC(=O)N1CC[C@@]23C=C[C@H](O)C[C@@H]2Oc2c(OC)ccc(c23)C1,0,authentic,authentic,,,C1=C[C@@]23CCNCc4cccc(c42)O[C@H]3CC1,train,386.4920000000002,2.088899999999999,0.7854804161037493,28,61
subcategory_halogen-walk.remove-F_120,CCCCCc1cc2c(c([O-])c1C(=O)O)C=CC(C)(CCC=C(C)C)O2,0,authentic,authentic,,,C1=Cc2ccccc2OC1,train,357.47000000000014,5.101800000000004,0.5188095126538782,26,48
subcategory_halogen-walk.remove-F_483,CCCN(CCC(=O)N[C@@H](C)CCc1ccccc1)C(=O)c1cnc(C)cn1,0,authentic,authentic,,,O=C(CCNC(=O)c1cnccn1)NCCCc1ccccc1,train,382.5080000000001,3.1648200000000015,0.6848155906575368,28,49
subcategory_halogen-walk.remove-F_2373,CN1CCC(COCc2cc(-c3ccccc3)cc(C(F)(F)F)c2C#N)(c2ccccc2)CC1,1,halogen-walk,remove-F,CN1CCC(COCc2cc(-c3ccccc3)cc(C(F)(F)F)c2C#N)(c2ccc(F)c(F)c2)CC1,0 1 2 3 5 6 7 8 9 10 11 12 13 14 15 16 17 18 19 20 21 22 23 24 25 26 27 28 29 30 31 32 33,c1ccc(-c2cccc(COCC3(c4ccccc4)CCNCC3)c2)cc1,train,464.5310000000002,6.424280000000007,0.42213411246762433,34,56
subcategory_halogen-walk.remove-F_2383,O=C1[C@H](SCC(O)c2ccccc2)[C@H](c2ccc(O)cc2)N1c1ccc(F)cc1,1,halogen-walk,remove-F,O=C1[C@H](SCC(O)c2ccc(F)cc2)[C@H](c2ccc(O)cc2)N1c1ccc(F)cc1,0 1 2 3 4 6 7 8 9 10 11 12 13 14 15 16 17 18 19 20 21 22 23 24 25 26 27 28,O=C1[C@H](SCCc2ccccc2)[C@H](c2ccccc2)N1c1ccccc1,train,409.48200000000014,4.454600000000003,0.5905873210919017,29,56
subcategory_halogen-walk.remove-F_2320,Cc1cccc(N2C(=O)[C@@H](CCC(O)c3ccc(F)cc3)[C@@H]2c2ccc(O)cc2)c1,1,halogen-walk,remove-F,O=C1[C@@H](CCC(O)c2ccc(F)cc2)[C@H](c2ccc(O)cc2)N1c1ccc(F)cc1,0 1 2 3 4 5 7 8 9 10 11 12 13 14 15 16 17 18 19 20 21 22 23 24 25 26 27 28,O=C1[C@@H](CCCc2ccccc2)[C@H](c2ccccc2)N1c1ccccc1,train,405.4690000000001,5.057620000000006,0.5638773695291056,30,61
subcategory_halogen-walk.remove-F_2657,CCC(C)NC(=O)CCn1c(-c2ccccc2)cc(C(C)=O)c1C,1,halogen-walk,remove-F,CCC(C)NC(=O)CCn1c(-c2ccc(F)cc2)cc(C(C)=O)c1C,0 1 2 3 4 5 6 7 8 9 11 12 13 14 15 16 17 18 19 20 21 22 23,c1ccc(-c2ccc[nH]2)cc1,train,326.44000000000017,3.970920000000003,0.7827388747244165,24,41
subcategory_halogen-walk.remove-F_1061,OCCOCCN1CCN(C(c2ccccc2)c2ccc(Cl)cc2)CC1.[Cl-],0,authentic,authentic,,,c1ccc(C(c2ccccc2)N2CCNCC2)cc1,train,410.3650000000001,0.0599000000000014,0.6249684832809307,27,45
subcategory_halogen-walk.remove-F_2118,Cc1ccccc1C(SCC(N)=O)c1ccc(F)cc1,1,halogen-walk,remove-F,NC(=O)CSC(c1ccc(F)cc1)c1ccc(F)cc1,0 1 2 3 4 5 6 8 9 10 11 12 13 14 15 16 17 18 19,c1ccc(Cc2ccccc2)cc1,train,289.375,3.442020000000001,0.9159134155424935,20,31
subcategory_halogen-walk.remove-F_2142,COCC1=C(C(=O)OC)C(c2ccccc2)N(C(=O)N2CCC(N3CCC(C(=O)OC)(c4ccccc4)CC3)CC2)C(=O)N1,1,halogen-walk,remove-F,COCC1=C(C(=O)OC)C(c2ccc(F)c(F)c2)N(C(=O)N2CCC(N3CCC(C(=O)OC)(c4ccccc4)CC3)CC2)C(=O)N1,0 1 2 3 4 5 6 7 8 10 11 12 13 14 15 16 17 18 19 20 21 22 23 24 25 26 27 28 29 30 31 32 33 34 35 36 37 38 39 40 41 42 43,O=C1NC=CC(c2ccccc2)N1C(=O)N1CCC(N2CCC(c3ccccc3)CC2)CC1,train,604.7040000000001,3.617600000000002,0.47668129765718714,44,79
subcategory_halogen-walk.remove-F_1420,COC(=O)/C=C/C1C(c2ccc(C)cc2)C[C@H]2CCC1N2C,0,authentic,authentic,,,c1ccc(C2CC3CC[C@H](C2)N3)cc1,train,299.414,3.2905200000000017,0.6334195885373082,22,42
subcategory_halogen-walk.remove-F_2033,Cc1ccccc1C(O)(Cn1cncn1)C(n1cncn1)S(N)(=O)=O,1,halogen-walk,remove-F,NS(=O)(=O)C(n1cncn1)C(O)(Cn1cncn1)c1ccc(F)cc1F,0 1 2 3 4 5 6 7,c1ccc(C(Cn2cncn2)Cn2cncn2)cc1,train,363.4030000000001,-0.44687999999999967,0.6039336399623975,25,43
subcategory_halogen-walk.remove-F_671,CCCCOC(=O)c1cc(S(N)(=O)=O)c(Cl)cc1NCc1ccco1,0,authentic,authentic,,,c1ccc(NCc2ccco2)cc1,train,386.8570000000001,3.149400000000001,0.5320384670664029,25,43
subcategory_halogen-walk.remove-F_46,CC(/C=C/C=C(C)/C=C/c1ccco1)=C\C=O,0,authentic,authentic,,,c1ccoc1,train,228.291,3.9405000000000037,0.4338271542682044,17,33
subcategory_halogen-walk.remove-F_562,CCCCC1(c2ccncc2)CCC(=O)NC1=O,0,authentic,authentic,,,O=C1CCC(c2ccncc2)C(=O)N1,train,246.30999999999997,1.9462,0.8259321333673324,18,28
subcategory_halogen-walk.remove-F_51,CC(C)(CO)CC(C)(C)CC(=O)N(CC1CN(c2ccc(N3CCOCC3=O)cc2F)C(=O)O1)C(=O)c1ccc(Cl)s1,0,authentic,authentic,,,O=C(NCC1CN(c2ccc(N3CCOCC3=O)cc2)C(=O)O1)c1cccs1,train,624.1310000000003,4.7229000000000045,0.40693661258860914,42,77
subcategory_halogen-walk.remove-F_489,FC(F)(F)c1cccc(CN2CC[N+](=C3Nc4cc(Cl)ccc4Nc4ccccc43)CC2)c1.[Cl-],0,authentic,authentic,,,c1ccc(CN2CC[N+](=C3Nc4ccccc4Nc4ccccc43)CC2)cc1,train,507.38700000000017,2.806800000000001,0.5236493102523383,34,64
subcategory_halogen-walk.remove-F_719,CCOc1ccc(S(=O)(=O)N2CCN(C)CC2)cc1-c1nc2c(CCCO)nn(C)c2c(=O)[nH]1,0,authentic,authentic,,,O=c1[nH]c(-c2cccc(S(=O)(=O)N3CCNCC3)c2)nc2cn[nH]c12,train,490.5860000000003,0.5833000000000005,0.46853772069837485,34,63
subcategory_halogen-walk.remove-F_1266,N#CCNC(=O)C1(NC(=O)CCc2ccccc2)CCCCC1,0,authentic,authentic,,,O=C(CCc1ccccc1)NC1CCCCC1,train,313.4010000000002,2.0780799999999995,0.7888770375787784,23,36
subcategory_halogen-walk.remove-F_225,CCOc1cnc(CSc2nc3cc4c(cc3[nH]2)OC(F)(F)O4)c(C)c1OCC,0,authentic,authentic,,,c1ccc(CSc2nc3cc4c(cc3[nH]2)OCO4)nc1,train,423.4410000000002,4.677520000000003,0.5530658537216501,29,50
subcategory_halogen-walk.remove-F_1857,CCN(CC)CCNC(=O)c1c(C)[nH]c(C=CC(=O)Nc2ccccc2)c1C,1,halogen-walk,remove-F,CCN(CC)CCNC(=O)c1c(C)[nH]c(C=C2C(=O)Nc3ccc(F)cc32)c1C,19 20 21 22 23 24 25,O=C1Nc2ccccc2C1=Cc1ccc[nH]1,train,382.5080000000001,3.3550400000000016,0.5821727033098762,28,48
subcategory_halogen-walk.remove-F_2567,CNCCC(Oc1cccc2c1OCO2)c1ccccc1C,1,halogen-walk,remove-F,CNCCC(Oc1cccc2c1OCO2)c1ccc(F)c(F)c1,4 15 16 17 18 19 20 21,c1ccc(COc2cccc3c2OCO3)cc1,train,299.37,3.4533200000000024,0.8865520944001724,22,30
subcategory_halogen-walk.remove-F_1779,OC(c1ccccc1Cl)C(O)(Cn1cncn1)c1ccccc1,1,halogen-walk,remove-F,OC(c1ccccc1Cl)C(O)(Cn1cncn1)c1ccc(F)cc1,0 1 2 3 4 5 6 7 8 10 11 12 13 14 15 16 17 18 19 20 21,c1ccc(CC(Cn2cncn2)c2ccccc2)cc1,train,329.78700000000003,2.5529,0.7543651099571832,23,36
subcategory_halogen-walk.remove-F_353,c1ccc(COCCOCCN2CCN(C3=Nc4ccccc4Sc4ccccc43)CC2)cc1,0,authentic,authentic,,,c1ccc(COCCOCCN2CCN(C3=Nc4ccccc4Sc4ccccc43)CC2)cc1,train,473.64200000000017,5.080500000000005,0.4266561870093058,34,49
subcategory_halogen-walk.remove-F_1001,O=C1CCc2ccc(OCCCN3CCCCC3)cc2N1Cc1ccccc1,0,authentic,authentic,,,O=C1CCc2ccc(OCCCN3CCCCC3)cc2N1Cc1ccccc1,train,378.516,4.420800000000004,0.668761279842292,28,39
subcategory_halogen-walk.remove-F_237,CC(C)NC[C@@H](O)COc1cccc2ccccc12,0,authentic,authentic,,,c1ccc2ccccc2c1,train,259.34900000000005,2.5775000000000006,0.8375057924076362,19,32
subcategory_halogen-walk.remove-F_2489,CC(C)(C)OC(=O)N1CC[C@@H](c2ccccc2)[C@@H](COc2ccc3c(c2)OCO3)C1,1,halogen-walk,remove-F,CC(C)(C)OC(=O)N1CC[C@@H](c2ccc(F)cc2)[C@@H](COc2ccc3c(c2)OCO3)C1,0 1 2 3 4 5 6 7 8 9 11 12 13 14 15 16 17 18 19 20 21 22 23 24 25 26 27 28 29,c1ccc([C@@H]2CCNC[C@@H]2COc2ccc3c(c2)OCO3)cc1,train,411.4980000000003,4.8349000000000055,0.7209169383088753,30,61
subcategory_halogen-walk.remove-F_1791,COC1CC(=O)OC(/C=C/c2c(-c3ccccc3)c3ccccc3n2C(C)C)C1,1,halogen-walk,remove-F,COC1CC(=O)OC(/C=C/c2c(-c3ccc(F)cc3)c3ccccc3n2C(C)C)C1,0 1 2 3 4 5 6 7 8 9 10 12 13 14 15 16 17 18 19 20 21 22 23 24 25 26 27 28,O=C1CCCC(/C=C/c2[nH]c3ccccc3c2-c2ccccc2)O1,train,389.4950000000001,5.623000000000005,0.5316160313007909,29,50
subcategory_halogen-walk.remove-F_1270,C[N+]1(Cc2ccc(F)cc2)C2CC(OC(=O)C(O)(c3cccs3)c3cccs3)CC1C1OC12,0,authentic,authentic,,,O=C(OC1CC2C3OC3C(C1)[NH+]2Cc1ccccc1)C(c1cccs1)c1cccs1,train,486.6100000000001,4.055200000000003,0.3244580957721103,33,61
subcategory_halogen-walk.remove-F_270,COc1ccc(-n2nc(C(F)(F)F)c3c2C(=O)N(c2ccc(C4(CN5CCCC5)CCC4)cc2)CC3)cc1,0,authentic,authentic,,,O=C1c2c(cnn2-c2ccccc2)CCN1c1ccc(C2(CN3CCCC3)CCC2)cc1,val,524.5870000000006,5.620100000000005,0.4201531358712711,38,68
subcategory_halogen-walk.remove-F_1600,OC1(c2nc(-c3ccccc3)c(-c3ccncc3)[nH]2)CCCCCC1,1,halogen-walk,remove-F,OC1(c2nc(-c3ccc(F)cc3)c(-c3ccncc3)[nH]2)CCCCCC1,0 1 2 3 5 6 7 8 9 10 11 12 13 14 15 16 17 18 19 20 21 22 23 24,c1ccc(-c2nc(C3CCCCCC3)[nH]c2-c2ccncc2)cc1,val,333.4350000000003,4.680500000000003,0.684110456591926,25,44
subcategory_halogen-walk.remove-F_1338,CC(C)C[C@H](NC(=O)CNC(=O)[C@@H]1CCCN1)C(=O)NCC(=O)N[C@@H](Cc1ccccc1)C(=O)O,0,authentic,authentic,,,O=C(CNC(=O)CNC(=O)CNC(=O)[C@@H]1CCCN1)NCCc1ccccc1,train,489.5730000000002,-0.6861999999999933,0.21339527075070108,35,74
subcategory_halogen-walk.remove-F_2216,CCOc1ccc(CNCc2ccccc2C)cc1,1,halogen-walk,remove-F,CCOc1ccc(CNCc2ccc(F)cc2)cc1,0 1 2 3 4 5 6 7 8 10 11 12 13 14 15 16 17 18,c1ccc(CNCc2ccccc2)cc1,train,255.361,3.6835200000000023,0.849789067291973,19,25
subcategory_halogen-walk.remove-F_636,COCCOCCOCC(=O)OCC1OC(n2cnc(C(N)=O)n2)[C@H](O)[C@@H]1O,0,authentic,authentic,,,c1ncn(C2CCCO2)n1,train,404.3760000000001,-2.7809999999999957,0.24233928385350076,28,53
subcategory_halogen-walk.remove-F_832,Oc1ccc(C(O)CNCCN2CCCC2)cc1,0,authentic,authentic,,,c1ccc(CCNCCN2CCCC2)cc1,train,250.34199999999993,1.1109999999999998,0.6620854789643783,18,26
subcategory_halogen-walk.remove-F_2094,CSC(F)(F)C(O)(Cn1cncn1)c1ccccc1,1,halogen-walk,remove-F,CSC(F)(F)C(O)(Cn1cncn1)c1ccc(F)cc1,0 1 2 3 4 6 7 8 9 10 11 12 13 14 15 16 17,c1ccc(CCn2cncn2)cc1,train,285.319,2.1216999999999997,0.9139907318328211,19,31
subcategory_halogen-walk.remove-F_2840,CCCOc1cccc(C(=O)NCC(=O)N[C@@H](C)c2ccccc2)c1,1,halogen-walk,remove-F,C[C@H](NC(=O)CNC(=O)c1cccc(OC(F)(F)F)c1)c1ccccc1,0 1 2 3,O=C(CNC(=O)c1ccccc1)NCc1ccccc1,test,340.423,3.082600000000002,0.7758912599106088,25,44
subcategory_halogen-walk.remove-F_1269,CN(C)CCCc1c(Cl)c(S(N)(=O)=O)cc(C(N)=O)c1NCc1ccco1,0,authentic,authentic,,,c1ccc(NCc2ccco2)cc1,train,414.9150000000002,1.7855999999999999,0.5726345385325617,27,49
subcategory_halogen-walk.remove-F_342,CCC(Oc1ccc(C(F)(F)F)cc1)c1ccccc1,0,authentic,authentic,,,c1ccc(COc2ccccc2)cc1,train,280.289,5.2355000000000045,0.7442206961482112,20,32
subcategory_halogen-walk.remove-F_1136,CC1(C)OC(/C=C/c2ccsc2)=CC1=O,0,authentic,authentic,,,O=C1C=C(/C=C/c2ccsc2)OC1,test,220.293,3.0231000000000012,0.765427701086657,15,28
subcategory_halogen-walk.remove-F_625,COCC1=C(C(=O)OC)[C@H](c2ccc(F)c(F)c2)N(C(=O)N[C@H]2CC[C@H](N3CCC(c4ccccc4C#N)CC3)C2)C(=O)N1,0,authentic,authentic,,,O=C1NC=C[C@H](c2ccccc2)N1C(=O)N[C@H]1CC[C@H](N2CCC(c3ccccc3)CC2)C1,train,607.658,4.486580000000004,0.44491679919452237,44,91
subcategory_halogen-walk.remove-F_2766,CC(C)CN(CCC(O)c1ccc(F)c(OCC2CCC(F)(F)CC2)c1)C(F)(F)F,1,halogen-walk,remove-F,OC(CCN(C(F)(F)F)C(F)(F)F)c1ccc(F)c(OCC2CCC(F)(F)CC2)c1,0 1 2 3 4,c1ccc(OCC2CCCCC2)cc1,train,441.45600000000013,5.931300000000006,0.3808254246398098,30,52
subcategory_halogen-walk.remove-F_2197,Cc1cccc([C@](O)(CCCN(C)C)c2ccc(C#N)cc2CO)c1,1,halogen-walk,remove-F,CN(C)CCC[C@@](O)(c1ccc(F)cc1)c1ccc(C#N)cc1CO,0 1 2 3 4 5 7 8 9 10 11 12 13 14 15 16 17 18 19 20 21 22 23,c1ccc(Cc2ccccc2)cc1,train,338.451,2.936700000000001,0.8144179069218649,25,43
subcategory_halogen-walk.remove-F_2784,CC(C)n1c(/C=C/[C@@H](O)C[C@@H](O)C(C(=O)O)[N+](=O)[O-])c(-c2ccccc2)c2ccccc21,1,halogen-walk,remove-F,CC(C)n1c(/C=C/[C@@H](O)C[C@@H](O)C(C(=O)O)[N+](=O)[O-])c(-c2ccc(F)cc2)c2ccccc21,19 20 21 22 23 24 25,c1ccc(-c2c[nH]c3ccccc23)cc1,train,438.48000000000013,3.744200000000003,0.3450851436199995,32,76
subcategory_halogen-walk.remove-F_1647,Clc1ccc2c(c1)N=C(N1CCN(Cc3ccccc3)CC1)c1ccccc1N2,1,halogen-walk,remove-F,Fc1ccc(CN2CCN(C3=Nc4cc(Cl)ccc4Nc4ccccc43)CC2)c(F)c1,0 1 2 3 4 5 6 7 8 9 10 11 13 14 15 16 17 18 19 20 21 22 23 24 25 26 27 28,c1ccc(CN2CCN(C3=Nc4ccccc4Nc4ccccc43)CC2)cc1,test,402.9290000000001,5.293100000000005,0.6311302995348497,29,47
subcategory_halogen-walk.remove-F_1734,CCCN(C1CC1)[C@@H](CNC(=O)c1ccc(Cl)s1)C(=O)Nc1ccc(N2CCOCC2=O)cc1,1,halogen-walk,remove-F,O=C(NC[C@@H](C(=O)Nc1ccc(N2CCOCC2=O)cc1)N(CC(F)F)C1CC1)c1ccc(Cl)s1,0 1 2,O=C(NC[C@H](NC1CC1)C(=O)Nc1ccc(N2CCOCC2=O)cc1)c1cccs1,train,505.0400000000003,3.3762000000000025,0.5173839820594999,34,63
subcategory_halogen-walk.remove-F_1701,Cc1ccc(C(c2ccn(-c3ccccc3)c2)n2ccnc2)cc1,1,halogen-walk,remove-F,Cc1ccc(C(c2ccn(-c3ccc(F)cc3)c2)n2ccnc2)cc1,0 1 2 3 4 5 6 7 8 10 11 12 13 14 15 16 17 18 19 20 21 22 23,c1ccc(C(c2ccn(-c3ccccc3)c2)n2ccnc2)cc1,train,313.40400000000005,4.619920000000003,0.5388580919508079,24,39
subcategory_halogen-walk.remove-F_2052,C=Cc1ccc(OCc2ccc(C(=O)NC3CCN(CCF)CC3)cc2)cc1,1,halogen-walk,remove-F,O=C(NC1CCN(CCF)CC1)c1ccc(COc2ccc(C(F)(F)F)cc2)cc1,0 1 3 4 5 6 7 8 9 10 11 12 13 14 15 16 17 18 19 20 21 22 23 24 25 26,O=C(NC1CCNCC1)c1ccc(COc2ccccc2)cc1,train,382.47900000000016,4.072300000000003,0.7482383598614571,28,44
subcategory_halogen-walk.remove-F_1173,CN(C)CC1(c2ccc(OC(F)(F)F)cc2)CCCCC1O,0,authentic,authentic,,,c1ccc(C2CCCCC2)cc1,train,317.35100000000006,3.319500000000002,0.9245320190018665,22,36
subcategory_halogen-walk.remove-F_2610,O=C(CC1c2ccccc2N=C(N2CCCCC2)N1c1ccccc1)NCc1ccc(NS(=O)(=O)c2ccccc2)cc1,1,halogen-walk,remove-F,O=C(CC1c2ccccc2N=C(N2CCCCC2)N1c1ccccc1)NCc1ccc(NS(=O)(=O)c2ccc(F)cc2)cc1,32 35 36 37 38 39 40,O=C(CC1c2ccccc2N=C(N2CCCCC2)N1c1ccccc1)NCc1ccc(NS(=O)(=O)c2ccccc2)cc1,val,593.7530000000002,6.2286000000000055,0.2527368487175603,43,69
subcategory_halogen-walk.remove-F_1630,O=C(CCCNCCOc1ccccc1)c1ccccc1,1,halogen-walk,remove-F,O=C(CCCNCCOc1ccccc1)c1ccc(F)cc1O,1 15 16 17 18 19 20,O=C(CCCNCCOc1ccccc1)c1ccccc1,train,283.37100000000004,3.318100000000002,0.566529333457989,21,28
subcategory_halogen-walk.remove-F_2876,O=C1C([C@H](O)CCc2ccccc2)C(c2ccc(O)cc2)N1c1ccccc1,1,halogen-walk,remove-F,O=C1C([C@H](O)CCc2ccccc2)C(c2ccc(O)cc2)N1c1ccc(F)cc1,0 1 2 3 4 5 6 7 8 9 10 11 12 13 14 15 16 17 18 19 20 22 23 24 25 26,O=C1C(CCCc2ccccc2)C(c2ccccc2)N1c1ccccc1,train,373.4520000000001,4.0900000000000025,0.6399716954932403,28,49
subcategory_halogen-walk.remove-F_163,O=C(NCC(O)CNc1ccc(N2CCCCC2=O)cc1F)c1ccc(Cl)s1,0,authentic,authentic,,,O=C(NCCCNc1ccc(N2CCCCC2=O)cc1)c1cccs1,test,425.913,3.260300000000001,0.6355927143268881,28,45
subcategory_halogen-walk.remove-F_883,N#C/C(=C\c1ccccc1OCCCN1CCCCC1)c1noc2ccccc12,0,authentic,authentic,,,C(=Cc1noc2ccccc12)c1ccccc1OCCCN1CCCCC1,train,387.483,5.146780000000005,0.41450314026231083,29,43
subcategory_halogen-walk.remove-F_1073,CC(C)n1c(C=C(O)CC(O)CC(=O)O)c(-c2ccc(F)cc2)c2c1CC=CC2,0,authentic,authentic,,,C1=CCc2c(-c3ccccc3)c[nH]c2C1,train,399.46200000000016,4.654500000000003,0.4673187476386796,29,53
subcategory_halogen-walk.remove-F_56,Cn1c(C(=O)NCCC2=CCCCC2)c(N2CCCC2=O)c2cc(F)ccc21,0,authentic,authentic,,,O=C(NCCC1=CCCCC1)c1[nH]c2ccccc2c1N1CCCC1=O,train,383.4670000000001,4.064500000000003,0.791750784994062,28,47
subcategory_halogen-walk.remove-F_276,CN(C)c1ncnc2c1ncn2Cc1ccc([N+](=O)[O-])cc1,0,authentic,authentic,,,c1ccc(Cn2cnc3cncnc32)cc1,train,298.30600000000004,1.8487999999999998,0.5390837668136593,22,41
subcategory_halogen-walk.remove-F_2862,O=C1[C@H](CC[C@H](O)c2ccccc2)[C@H](c2ccc(O)cc2)N1c1ccc(F)cc1,1,halogen-walk,remove-F,O=C1[C@H](CC[C@H](O)c2ccc(F)cc2)[C@H](c2ccc(O)cc2)N1c1ccc(F)cc1,5 7 8 9 10 11 12,O=C1[C@H](CCCc2ccccc2)[C@H](c2ccccc2)N1c1ccccc1,train,391.44200000000006,4.749200000000004,0.5963740096824199,29,60
subcategory_halogen-walk.remove-F_298,COc1cc(NC(=O)C(=O)NC(C)(C)C(=O)O)ccc1-c1cnco1,0,authentic,authentic,,,c1ccc(-c2cnco2)cc1,val,347.32700000000006,1.2680999999999993,0.6940960975166325,25,45
subcategory_halogen-walk.remove-F_1929,CCCCC(=O)C(NC(=O)C1CCCN1C(=O)[C@@H](NC(=O)CCC(=O)NS(=O)(=O)c1cccc2ccccc12)C(C)C)C(C)C,1,halogen-walk,remove-F,CC(C)C(NC(=O)C1CCCN1C(=O)[C@@H](NC(=O)CCC(=O)NS(=O)(=O)c1cccc2ccccc12)C(C)C)C(=O)C(F)(F)F,0 1 2 3 4,O=C(CCC(=O)NS(=O)(=O)c1cccc2ccccc12)NCC(=O)N1CCCC1,train,642.8190000000001,3.456800000000004,0.26840299167242865,45,85
subcategory_halogen-walk.remove-F_707,COc1ccc2c(c1)cc(-c1ccccc1)n2Cc1cccc(C(=O)O)c1F,0,authentic,authentic,,,c1ccc(Cn2c(-c3ccccc3)cc3ccccc32)cc1,train,375.39900000000006,5.202500000000004,0.5214085839177807,28,46
subcategory_halogen-walk.remove-F_1496,Cc1cccc(Oc2cc(C(F)(F)F)ccc2C(=O)NC2CCNC(=O)C2)c1,1,halogen-walk,remove-F,COc1cc(F)ccc1Oc1cc(C(F)(F)F)ccc1C(=O)NC1CCNC(=O)C1,0 1 2 3 4 5 7 8 9 10 11 12 13 14 15 16 17 18 19 20 21 22 23 24 25 26,O=C1CC(NC(=O)c2ccccc2Oc2ccccc2)CCN1,train,392.3770000000001,3.8145200000000026,0.8315078117838833,28,48
subcategory_halogen-walk.remove-F_1723,NS(=O)(=O)c1ccc(NS(=O)(=O)c2ccccc2)cc1,1,halogen-walk,remove-F,NS(=O)(=O)c1ccc(NS(=O)(=O)c2ccc(F)cc2)cc1,0 1 2 3 4 5 6 7 8 10 11 12 13 14 15 16 17 18 19,O=S(=O)(Nc1ccccc1)c1ccccc1,test,312.372,1.1348,0.8822778654420603,20,38
subcategory_halogen-walk.remove-F_1584,CC(c1ccccc1)C(O)(Cn1cncn1)c1ccccc1F,1,halogen-walk,remove-F,CC(c1ccc(F)cc1F)C(O)(Cn1cncn1)c1ccccc1F,0 2 3 4 5 6 7 8 9 10 11 12 13 14 15 16 17 18 19 20 21 22,c1ccc(CC(Cn2cncn2)c2ccccc2)cc1,train,311.36,3.1087000000000016,0.7874782648950751,23,35
subcategory_halogen-walk.remove-F_2328,OCC(O)(Cn1cncn1)c1ccccc1,1,halogen-walk,remove-F,OCC(O)(Cn1cncn1)c1ccc(F)cc1F,0 1 3 4 5 6 7 8 9 10 11 12 13 14,c1ccc(CCn2cncn2)cc1,train,219.24400000000003,0.15819999999999945,0.7679671141151108,16,24
subcategory_halogen-walk.remove-F_1296,CCOCCn1c(N2CCCN(Cc3ccccc3)CC2)nc2ccccc21,0,authentic,authentic,,,c1ccc(CN2CCCN(c3nc4ccccc4[nH]3)CC2)cc1,test,378.52000000000015,3.7851000000000026,0.5859903836064,28,40
subcategory_halogen-walk.remove-F_2682,CCCCc1cc(O)nc2cc3c(cc12)C(CCC)CCN3,1,halogen-walk,remove-F,CCCC1CCNc2cc3nc(O)cc(C(F)(F)F)c3cc21,0 1 2 3 5 6 7 8 9 10 11 12 13 14 15 16 17 18 19 20 21,c1cnc2cc3c(cc2c1)CCCN3,train,298.43,4.982300000000004,0.8177259210273005,22,34
subcategory_halogen-walk.remove-F_49,Cc1c(C(=O)c2ccc(F)cc2)c2ccccc2n1CCN1CCOCC1,0,authentic,authentic,,,O=C(c1ccccc1)c1cn(CCN2CCOCC2)c2ccccc12,train,366.43600000000026,3.652020000000003,0.646657414042867,27,42
subcategory_halogen-walk.remove-F_2810,CCCC(F)(F)C(=O)C(NC(=O)[C@@H]1CCCN1C(=O)[C@H](NC(=O)c1ccc(C(=O)N2CCOCC2)cc1)C(C)C)C(C)C,1,halogen-walk,remove-F,CC(C)C(NC(=O)[C@@H]1CCCN1C(=O)[C@H](NC(=O)c1ccc(C(=O)N2CCOCC2)cc1)C(C)C)C(=O)C(F)(F)C(F)(F)F,0 1 2 4 5 6 7 8 9 10 11 12 13 14 15 16 17 18 19 20 21 22 23 24 25 26 27 28 29 30 31 32 33 34 35 36 37 38 39 40 41 42,O=C(NCC(=O)N1CCCC1)c1ccc(C(=O)N2CCOCC2)cc1,train,606.7110000000002,3.0497000000000014,0.3770204793149268,43,87
subcategory_halogen-walk.remove-F_2296,Cc1ccc2c(c1)COC2(CCCN(C)C)c1ccccc1C,1,halogen-walk,remove-F,CN.Cc1ccc2c(c1)COC2(CCCN(C)C)c1ccc(F)cc1,0 1 2 3 4 5 6 7 8 10 11 12 13 14 15 16 17 18 19 20 21,c1ccc(C2OCc3ccccc32)cc1,train,309.45300000000003,4.419040000000004,0.810466554605098,23,35
subcategory_halogen-walk.remove-F_2046,Cc1ccccc1C(O)(CN1CCN(C)CC1)Cn1cncn1,1,halogen-walk,remove-F,CN1CCN(CC(O)(Cn2cncn2)c2ccc(F)cc2F)CC1,0 1 2 3 4 5 6 8 9 10 11 12 13 14 15 16 17 18 19 20 21 22,c1ccc(C(CN2CCNCC2)Cn2cncn2)cc1,train,315.42099999999994,0.7217199999999995,0.8810701061355141,23,35
subcategory_halogen-walk.remove-F_2848,CC(C)c1nc(-c2ccccc2)cc(-c2ccccc2)c1C=C[C@@H](O)CC(O)CC(=O)O,1,halogen-walk,remove-F,CC(C)c1nc(-c2ccccc2)cc(-c2ccc(F)cc2)c1C=C[C@@H](O)CC(O)CC(=O)O,0 1 2 3 4 5 6 7 8 9 10 11 12 14 15 16 17 18 19 20 21 22 23 24 25 26 27 28 29 30 31,c1ccc(-c2ccnc(-c3ccccc3)c2)cc1,train,431.5320000000002,5.138800000000007,0.4364408478925968,32,59
subcategory_halogen-walk.remove-F_461,CCN(CCCCCCOc1ccc2c(c1)NC(=O)CC2)Cc1ccccc1,0,authentic,authentic,,,O=C1CCc2ccc(OCCCCCCNCc3ccccc3)cc2N1,train,380.5320000000002,5.032600000000005,0.555837778050772,28,41
subcategory_halogen-walk.remove-F_1580,CCc1ccccc1N1C(N)=NC(N)=NC1(C)C,1,halogen-walk,remove-F,CC1(C)N=C(N)N=C(N)N1c1ccccc1C(F)(F)F,0 1 3 4 5 6 7 8 9 10 11 12 13 14 15 16 17,C1=NC=NCN1c1ccccc1,train,245.32999999999996,1.4344999999999999,0.8268707954244706,18,30
subcategory_halogen-walk.remove-F_2454,O=C1[C@@H](SCC(O)c2ccc(F)cc2)[C@@H](c2ccc(O)cc2)N1c1ccccc1,1,halogen-walk,remove-F,O=C1[C@@H](SCC(O)c2ccc(F)cc2)[C@@H](c2ccc(O)cc2)N1c1ccc(F)cc1,0 1 2 3 4 5 6 7 8 9 10 11 12 13 14 15 16 17 18 19 20 21 23 24 25 26 27,O=C1[C@@H](SCCc2ccccc2)[C@@H](c2ccccc2)N1c1ccccc1,train,409.4820000000001,4.454600000000003,0.5905873210919017,29,58
subcategory_halogen-walk.remove-F_980,Fc1ccc([C@H]2CCN(C3CCCCCC3)C[C@@H]2COc2ccc3c(c2)OCO3)cc1,0,authentic,authentic,,,c1ccc([C@H]2CCN(C3CCCCCC3)C[C@@H]2COc2ccc3c(c2)OCO3)cc1,train,425.54400000000015,5.7617000000000065,0.5699397778690534,31,56
subcategory_halogen-walk.remove-F_223,CNS(=O)(=O)c1cc(C(=O)OC)c(NCc2ccco2)cc1Cl,0,authentic,authentic,,,c1ccc(NCc2ccco2)cc1,train,358.803,2.2398,0.7684122877657521,23,41
subcategory_halogen-walk.remove-F_2570,N[C@@H](Cc1ccc(Oc2ccccc2)c(F)c1)C(=O)O,1,halogen-walk,remove-F,N[C@@H](Cc1ccc(Oc2ccc(F)cc2)c(F)c1)C(=O)O,0 1 2 3 4 5 6 8 9 10 11 12 13 14 15 16 17 18 19,c1ccc(Oc2ccccc2)cc1,train,275.279,2.5724,0.8792673678929697,20,38
subcategory_halogen-walk.remove-F_1604,C=CCOC1(CC)OC(=O)Nc2ccc(Cl)cc21,1,halogen-walk,remove-F,C=CCOC1(C(F)(F)F)OC(=O)Nc2ccc(Cl)cc21,4 5 6,O=C1Nc2ccccc2CO1,train,267.71200000000005,3.667500000000002,0.8469846667756842,18,31
subcategory_halogen-walk.remove-F_772,CCCC/C(=C\Cn1oc(=O)[nH]c1=O)c1cccc(Oc2ccc(OC)cc2)c1,0,authentic,authentic,,,O=c1[nH]c(=O)n(CC=Cc2cccc(Oc3ccccc3)c2)o1,train,396.44300000000015,4.2043000000000035,0.5856211637487087,29,51
subcategory_halogen-walk.remove-F_2087,c1ccc(-c2c(-c3cccnc3)nc3n2CCC3)cc1,1,halogen-walk,remove-F,Fc1ccc(-c2c(-c3cccnc3)nc3n2CCC3)cc1,0 1 2 3 4 18 19,c1ccc(-c2c(-c3cccnc3)nc3n2CCC3)cc1,test,261.3279999999999,3.558300000000002,0.7058759043746902,20,34
subcategory_halogen-walk.remove-F_2120,CCOC(=O)c1cc2n(n1)CC(C)(C(=O)NCc1ccccc1)N(c1ccc(OC)cc1)C2=O,1,halogen-walk,remove-F,CCOC(=O)c1cc2n(n1)CC(C)(C(=O)NCc1ccc(F)cc1)N(c1ccc(OC)cc1)C2=O,0 1 2 3 4 5 6 7 8 9 10 11 12 13 14 15 17 18 19 20 21 22 23 24 25 26 27 28 29 30 31 32 33,O=C(NCc1ccccc1)C1Cn2nccc2C(=O)N1c1ccccc1,train,462.50600000000014,2.8039000000000005,0.5419264509512534,34,59
subcategory_halogen-walk.remove-F_841,COc1cccc2c3c4c(cc5c3n(c12)C(=O)CC5)CNCC4,0,authentic,authentic,,,O=C1CCc2cc3c(c4c5ccccc5n1c24)CCNC3,train,306.36500000000007,3.0352000000000006,0.7512957958847317,23,40
subcategory_halogen-walk.remove-F_1235,CCN(CC)CCNC(=O)c1cc(Cl)c(N)cc1OCC1CO1,0,authentic,authentic,,,c1ccc(OCC2CO2)cc1,val,341.83900000000017,1.7713999999999996,0.5283224546940707,23,37
subcategory_halogen-walk.remove-F_109,CCOc1ccc(S(=O)(=O)NC2CCN(C)C2)cc1-c1nc2c(CC(C)C)nn(C)c2c(=O)[nH]1,0,authentic,authentic,,,O=c1[nH]c(-c2cccc(S(=O)(=O)NC3CCNC3)c2)nc2cn[nH]c12,train,488.6140000000003,1.9031999999999998,0.4965319087746633,34,65
subcategory_halogen-walk.remove-F_1167,CCC(C)Nc1nc2ccc(Cl)cc2c2nc(-c3ccco3)nn12.CS(=O)(=O)O,0,authentic,authentic,,,c1coc(-c2nc3c4ccccc4ncn3n2)c1,train,437.90900000000016,3.905300000000003,0.4605083106900267,29,52
subcategory_halogen-walk.remove-F_2601,CN(C)CCC[C@@]1(c2ccccc2)OCc2cc(C3=NC(C)(C)CO3)ccc21,1,halogen-walk,remove-F,CN(C)CCC[C@@]1(c2ccc(F)cc2)OCc2cc(C3=NC(C)(C)CO3)ccc21,0 1 2 3 4 5 7 8 9 10 11 12 13 14 15 16 17 18 19 20 21 22 23 24 25 26,c1ccc(C2OCc3cc(C4=NCCO4)ccc32)cc1,train,378.51600000000013,4.357600000000004,0.749031810528184,28,51
subcategory_halogen-walk.remove-F_345,COc1cnc(CS(=O)c2nc3ccc(OC(F)(F)Cl)cc3[nH]2)c(C)c1OC,0,authentic,authentic,,,O=S(Cc1ccccn1)c1nc2ccccc2[nH]1,train,431.8480000000001,3.759220000000002,0.5731036573689754,28,51
subcategory_halogen-walk.remove-F_1134,Cc1cccc2c1C(=O)CC(CCCNCCCO)O2,0,authentic,authentic,,,O=C1CCOc2ccccc21,train,277.3639999999999,2.08102,0.7492216532516077,20,29
subcategory_halogen-walk.remove-F_1014,Fc1ccc2c(c1)[nH]c1c(-c3ccccc3)nccc12,0,authentic,authentic,,,c1ccc(-c2nccc3c2[nH]c2ccccc23)cc1,train,262.28700000000003,4.522200000000002,0.5364093479778023,20,36
subcategory_halogen-walk.remove-F_572,CCc1ccc(O)c(S(=O)(=O)c2ccc(Cl)cc2)c1,0,authentic,authentic,,,O=S(=O)(c1ccccc1)c1ccccc1,val,296.775,3.440800000000002,0.9437176237598628,19,36
subcategory_halogen-walk.remove-F_2465,CCc1oc2cc(OCC(O)CNC(C)C)ccc2c(=O)c1-c1ccccc1,1,halogen-walk,remove-F,CC(C)NCC(O)COc1ccc2c(=O)c(-c3ccccc3)c(C(F)(F)F)oc2c1.Cl,0 1 3 4 5 6 7 8 9 10 11 12 13 14 15 16 17 18 19 20 21 22 23 24 25 26 27,O=c1c(-c2ccccc2)coc2ccccc12,train,381.47200000000015,3.760100000000003,0.6216137264248968,28,44
subcategory_halogen-walk.remove-F_2836,Cc1[nH]c2ccccc2c1C(=O)C(=O)N1CCN(c2ccccc2)CC1,1,halogen-walk,remove-F,Cc1[nH]c2ccccc2c1C(=O)C(=O)N1CCN(c2ccc(F)cc2)CC1,17 18 19 20 21 22 23,O=C(C(=O)N1CCN(c2ccccc2)CC1)c1c[nH]c2ccccc12,test,347.418,3.0078200000000015,0.5852654614854188,26,45
subcategory_halogen-walk.remove-F_1439,CC(C)C(C)NC(=O)CCN(CCc1ccccc1)C(=O)c1cnccn1,0,authentic,authentic,,,O=C(NCCc1ccccc1)c1cnccn1,train,368.48100000000005,2.712300000000001,0.73837377866849,27,43
subcategory_halogen-walk.remove-F_2457,CN(C)CCCc1cc2c(cc1C#N)CO[C@H]2c1ccccc1,1,halogen-walk,remove-F,CN(C)CCCc1cc2c(cc1C#N)CO[C@H]2c1ccc(F)cc1,0 1 2 3 4 5 6 7 8 9 10 11 12 13 14 15 17 18 19 20 21,c1ccc([C@@H]2OCc3ccccc32)cc1,train,306.409,3.672080000000003,0.8453495665689728,23,38
subcategory_halogen-walk.remove-F_504,Fc1ccc(O[C@@H](c2ccccc2)[C@H]2CCNC2)c(F)c1,0,authentic,authentic,,,c1ccc(O[C@@H](c2ccccc2)[C@H]2CCNC2)cc1,train,289.325,3.6944000000000017,0.9264725682014507,21,42
subcategory_halogen-walk.remove-F_2778,Cc1ccccc1N1C(=O)[C@@H](c2ccc(O)cc2)[C@H]1S(=O)C[C@@H](O)c1ccc(F)cc1,1,halogen-walk,remove-F,O=C1[C@@H](c2ccc(O)cc2)[C@@H](S(=O)C[C@@H](O)c2ccc(F)cc2)N1c1ccc(F)cc1,0 1 2 3 4 5 6 8 9 10 11 12 13 14 15 16 17 18 19 20 21 22 23 24 25 26 27 28 29 30,O=C1[C@@H](c2ccccc2)[C@@H](S(=O)CCc2ccccc2)N1c1ccccc1,test,439.50800000000015,3.778520000000003,0.5733345749597052,31,67
subcategory_halogen-walk.remove-F_411,CCN(C)Cc1cccc(CC2Cc3cc(OC)c(OC)cc3C2=O)c1,0,authentic,authentic,,,O=C1c2ccccc2CC1Cc1ccccc1,train,353.4620000000001,3.753200000000003,0.7598067401529606,26,41
subcategory_halogen-walk.remove-F_355,[2H]C([2H])(Cc1ccc(OCc2sc(-c3ccccc3)nc2C)cc1)C(=O)O,0,authentic,authentic,,,c1ccc(OCc2cnc(-c3ccccc3)s2)cc1,train,355.45520355600013,4.714720000000004,0.6663760531393905,25,51
subcategory_halogen-walk.remove-F_889,COc1ccc(N2C(=O)[C@@H](CCCc3ccccc3)[C@H]2c2ccc(O)cc2)cc1,0,authentic,authentic,,,O=C1[C@@H](CCCc2ccccc2)[C@@H](c2ccccc2)N1c1ccccc1,train,387.47900000000004,5.127800000000005,0.572055633150074,29,55
subcategory_halogen-walk.remove-F_1812,COc1ccc(C(=O)CN2CCC(C(=O)c3ccccc3)CC2)cc1OC,1,halogen-walk,remove-F,COc1ccc(C(=O)CN2CCC(C(=O)c3ccc(F)cc3)CC2)cc1OC,0 1 2 3 4 5 6 7 8 9 10 11 12 14 15 16 17 18 19 20 21 22 23 24 25 26,O=C(CN1CCC(C(=O)c2ccccc2)CC1)c1ccccc1,test,367.4450000000001,3.4814000000000025,0.7014705562090677,27,43
subcategory_halogen-walk.remove-F_1686,Cc1cccc([C@H]2OC3(CCC(N(C)C)CC3)c3ccccc32)c1,1,halogen-walk,remove-F,CN(C)C1CCC2(CC1)O[C@H](c1ccc(F)cc1)c1ccccc12,0 1 2 3 4 5 7 8 9 10 11 12 13 14 15 16 17 18 19 20 21 22,c1ccc([C@H]2OC3(CCCCC3)c3ccccc32)cc1,train,321.464,4.814120000000004,0.7865080732148136,24,44
subcategory_halogen-walk.remove-F_620,COc1ccnc(CS(=O)c2nc3c(C)c4c(cc3[nH]2)OC(F)(F)O4)c1C,0,authentic,authentic,,,O=S(Cc1ccccn1)c1nc2cc3c(cc2[nH]1)OCO3,test,395.38700000000006,3.2126400000000004,0.7300998031934398,27,51
subcategory_halogen-walk.remove-F_872,CCCCc1ccc(Nc2nc(OC)c3ncn(COCCO)c3n2)cc1,0,authentic,authentic,,,c1ccc(Nc2ncc3nc[nH]c3n2)cc1,train,371.44100000000014,2.8875,0.5292229371903925,27,39
subcategory_halogen-walk.remove-F_1438,CCc1c(F)c(N2CCNC(C)C2)cc2c1c(=O)c(C(=O)O)cn2C1CC1,0,authentic,authentic,,,O=c1ccn(C2CC2)c2cc(N3CCNCC3)ccc12,train,373.42800000000017,2.5342000000000002,0.8615502119793661,27,49
subcategory_halogen-walk.remove-F_1802,c1ccc([C@H]2CCNC[C@@H]2COc2ccc3c(c2)OCO3)cc1,1,halogen-walk,remove-F,Fc1ccc([C@H]2CCNC[C@@H]2COc2ccc3c(c2)OCO3)cc1,0 1 2 3 4 21 22,c1ccc([C@H]2CCNC[C@@H]2COc2ccc3c(c2)OCO3)cc1,train,311.38100000000003,3.187400000000002,0.9411612066593474,23,44
subcategory_halogen-walk.remove-F_672,CC(C)/N=c1\c(O)c(O)\c1=N/c1ccc(C#N)cc1,0,authentic,authentic,,,N=c1cc/c1=N\c1ccccc1,train,255.277,1.3865799999999997,0.8492661553469089,19,38
subcategory_halogen-walk.remove-F_34,Clc1ccc2c(NCCCCCCCCCCNc3nccc(Cl)n3)ccnc2c1,0,authentic,authentic,,,c1cnc(NCCCCCCCCCCNc2ccnc3ccccc23)nc1,train,446.426,6.976400000000004,0.21915552421864126,30,42
subcategory_halogen-walk.remove-F_2172,CCCc1ccc(O[C@@H](CCNC)[C@@H]2C=CC=CC2)cc1,1,halogen-walk,remove-F,CNCC[C@H](Oc1ccc(C(F)(F)F)cc1)[C@@H]1C=CC=CC1,0 1 2 4 5 6 7 8 9 10 11 12 13 14 15 16 17 18 19,C1=CC[C@H](COc2ccccc2)C=C1,train,285.43100000000004,4.128300000000003,0.7752216907537212,21,41
subcategory_halogen-walk.remove-F_280,O=C(O)C[C@H](O)C[C@H]([OH2+])/C=C/c1c(C2CC2)nc2ccccc2c1-c1ccc(F)cc1,0,authentic,authentic,,,c1ccc(-c2cc(C3CC3)nc3ccccc23)cc1,train,422.47600000000006,4.2504000000000035,0.5308799102197925,31,67
subcategory_halogen-walk.remove-F_585,Cc1nc2c(OC(=O)C(C)C)n[nH]c(=O)c2n1Cc1ccc(-c2ccccc2-c2nn[nH]n2)cc1,0,authentic,authentic,,,O=c1[nH]ncc2ncn(Cc3ccc(-c4ccccc4-c4nn[nH]n4)cc3)c12,test,470.4930000000001,2.8848200000000004,0.3605108135496238,35,65
subcategory_halogen-walk.remove-F_545,COC1(OC)C(=O)C(C/C=C(\C)CCC=C(C)C)=C(O)C(CC=C(C)C)=C1O,0,authentic,authentic,,,O=C1C=CC=CC1,test,390.52000000000015,5.6215000000000055,0.39453393142705573,28,54
subcategory_halogen-walk.remove-F_1567,CCc1cccc(-n2cnc(NC(=O)n3ccccc3=O)c2)c1,1,halogen-walk,remove-F,O=C(Nc1cn(-c2cccc(C(F)(F)F)c2)cn1)n1ccccc1=O,0 1 3 4 5 6 7 8 9 10 11 12 13 14 15 16 17 18 19 20 21,O=C(Nc1cn(-c2ccccc2)cn1)n1ccccc1=O,test,308.34100000000007,2.6766000000000005,0.8085132705536,23,38
subcategory_halogen-walk.remove-F_561,CN1C2CCC1CC(NC(=O)c1c3ccccc3nn1C)C2,0,authentic,authentic,,,O=C(NC1CC2CCC(C1)N2)c1[nH]nc2ccccc12,test,298.39000000000004,1.9283000000000001,0.9214480249487224,22,35
subcategory_halogen-walk.remove-F_2788,CCN(CC)CC(O)COc1ccccc1C(=O)CCc1cccc(C)c1,1,halogen-walk,remove-F,CCN(CC)CC(O)COc1ccccc1C(=O)CCc1ccc(F)cc1,0 1 2 3 4 5 6 7 8 9 10 11 12 13 14 15 16 17 18 20 21 22 23 24 25,O=C(CCc1ccccc1)c1ccccc1,train,369.50500000000017,3.892020000000003,0.6106269085298518,27,40
subcategory_halogen-walk.remove-F_1505,C=Cc1nn(-c2ccc(OC)cc2)c2c1CCN(c1ccc(C(=O)OC)cc1)C2=O,1,halogen-walk,remove-F,COC(=O)c1ccc(N2CCc3c(C(F)(F)F)nn(-c4ccc(OC)cc4)c3C2=O)cc1,0 1 3 4 5 6 7 8 9 10 11 12 13 14 15 16 17 18 19 20 21 22 23 24 25 26 27 28 29,O=C1c2c(cnn2-c2ccccc2)CCN1c1ccccc1,train,403.4380000000001,3.5134000000000025,0.6097363400274642,30,52
subcategory_halogen-walk.remove-F_2505,CCC(NC(=O)OCc1cncs1)C(O)CC(Cc1ccccc1)NC(=O)C(C(C)C)N1CCCNC1=O,1,halogen-walk,remove-F,CC(C)C(C(=O)NC(Cc1ccccc1)CC(O)C(NC(=O)OCc1cncs1)C(F)(F)F)N1CCCNC1=O,0 1 2,O=C(CN1CCCNC1=O)NC(CCCNC(=O)OCc1cncs1)Cc1ccccc1,val,545.7060000000004,3.066300000000001,0.3058364647513547,38,61
subcategory_halogen-walk.remove-F_422,COc1cccc(C(C)(O)/C=C/C2C(C)=CCCC2(C)C)c1,0,authentic,authentic,,,C1=CC(/C=C/Cc2ccccc2)CCC1,val,300.44200000000006,4.841400000000005,0.8061045904192133,22,40
subcategory_halogen-walk.remove-F_2419,Cc1ccccc1[C@]1(CCCN(C)C)OCc2cc(C#N)ccc21,1,halogen-walk,remove-F,CN(C)CCC[C@@]1(c2ccc(F)cc2)OCc2cc(C#N)ccc21.S,0 1 2 3 4 5 6 8 9 10 11 12 13 14 15 16 17 18 19 20 21 22 23,c1ccc(C2OCc3ccccc32)cc1,train,320.43600000000004,3.982300000000003,0.8357753806377985,24,40
subcategory_halogen-walk.remove-F_365,CN1CCC(C(=O)N(CCc2ccc3c(c2)OCO3)C[C@H](O)[C@H](Cc2ccccc2)NC(=O)COc2cccc(Cl)c2)CC1,0,authentic,authentic,,,O=C(COc1ccccc1)N[C@H](CCN(CCc1ccc2c(c1)OCO2)C(=O)C1CCNCC1)Cc1ccccc1,val,622.1620000000001,3.9490000000000025,0.2981507913106472,44,81
subcategory_halogen-walk.remove-F_1569,O=C1CCc2c(OCC3(O)CCN(c4ccccc4)CC3)ccc(Cl)c2N1,1,halogen-walk,remove-F,O=C1CCc2c(OCC3(O)CCN(c4ccc(F)cc4F)CC3)ccc(Cl)c2N1,12 13 14 15 16 17 18,O=C1CCc2c(cccc2OCC2CCN(c3ccccc3)CC2)N1,train,386.8790000000001,3.6350000000000025,0.8417868199418079,27,45
subcategory_halogen-walk.remove-F_937,COc1ccc(Cc2c(N)n[nH]c2N)cc1,0,authentic,authentic,,,c1ccc(Cc2cn[nH]c2)cc1,train,218.26,1.1734999999999998,0.7210070011634853,16,27
subcategory_halogen-walk.remove-F_290,Cc1cc(C)n(/C(=N\C2CCCCC2)c2ccccc2)n1,0,authentic,authentic,,,c1ccc(/C(=N/C2CCCCC2)n2cccn2)cc1,test,281.40299999999996,4.127540000000003,0.6011226644178029,21,36
subcategory_halogen-walk.remove-F_1956,c1ccc([C@H]2CCN(CCCN3CCOCC3)C[C@@H]2COc2ccc3c(c2)OCO3)cc1,1,halogen-walk,remove-F,Fc1ccc([C@H]2CCN(CCCN3CCOCC3)C[C@@H]2COc2ccc3c(c2)OCO3)cc1,0 1 2 3 5 6 7 8 9 10 11 12 13 14 15 16 17 18 19 20 21 22 23 24 25 26 27 28 29 30,c1ccc([C@H]2CCN(CCCN3CCOCC3)C[C@@H]2COc2ccc3c(c2)OCO3)cc1,train,438.56800000000015,3.6221000000000023,0.6272874217997538,32,57
subcategory_halogen-walk.remove-F_541,O=c1c2c(oc(O)c1C(c1ccccc1)C1CC1)CCCCCC2,0,authentic,authentic,,,O=c1c(C(c2ccccc2)C2CC2)coc2c1CCCCCC2,train,324.4200000000002,4.546300000000003,0.9010861633027168,24,39
subcategory_halogen-walk.remove-F_1729,C[NH+](C)CCCC1(c2ccccc2)OCc2cc(C#N)ccc21,1,halogen-walk,remove-F,C[NH+](C)CCCC1(c2ccc(F)cc2)OCc2cc(C#N)ccc21.[Br-],6 7 8 9 10 11 12,c1ccc(C2OCc3ccccc32)cc1,train,307.41700000000003,2.25678,0.919840547301451,23,40
subcategory_halogen-walk.remove-F_493,c1ccc(COc2ccc(OCCCNC3CCCC3)cc2)cc1,0,authentic,authentic,,,c1ccc(COc2ccc(OCCCNC3CCCC3)cc2)cc1,train,325.452,4.5667000000000035,0.6852807889741473,24,34
subcategory_halogen-walk.remove-F_2341,CCOc1ccc(C(=O)NC2CCCN(C(=O)CC)C2)cc1,1,halogen-walk,remove-F,CCOc1ccc(C(=O)NC2CCCN(C(=O)C(F)(F)F)C2)cc1,15 17 18,O=C(NC1CCCNC1)c1ccccc1,train,304.39,2.2161,0.9071481434420886,22,36
subcategory_halogen-walk.remove-F_33,COc1ccc2[nH]c(C(=O)N3CCN(c4ncccc4NC(C)C)CC3)cc2c1.CS(=O)(=O)O,0,authentic,authentic,,,O=C(c1cc2ccccc2[nH]1)N1CCN(c2ccccn2)CC1,train,489.59800000000024,2.858200000000001,0.46698440201856684,34,61
subcategory_halogen-walk.remove-F_2819,CC(C)n1c(/C=C/C(O)CC(O)CC(=O)OC(C)(C)C)c(-c2ccccc2)c2ccccc21,1,halogen-walk,remove-F,CC(C)n1c(/C=C/C(O)CC(O)CC(=O)OC(C)(C)C)c(-c2ccc(F)cc2)c2ccccc21,0 1 2 3 4 5 6 7 8 9 10 11 12 13 14 15 16 17 18 19 21 22 23 24 25 26 27 28 29 30 31 32,c1ccc(-c2c[nH]c3ccccc23)cc1,train,449.5910000000001,5.7461000000000055,0.4298893365428795,33,60
subcategory_halogen-walk.remove-F_1822,CC[C@@]1(CC2CC2)OC(=O)Nc2ccc(Cl)cc21,1,halogen-walk,remove-F,O=C1Nc2ccc(Cl)cc2[C@@](CC2CC2)(C(F)(F)F)O1,0 1 3 4 5 6 7 8 9 10 11 12 13 14 15 16,O=C1Nc2ccccc2C(CC2CC2)O1,val,265.74,4.307500000000003,0.8844575046552641,18,36
subcategory_halogen-walk.remove-F_2127,O=C(OCc1ccccc1)N1CC[C@@H](c2ccccc2)[C@H](COc2ccc3c(c2)OCO3)C1,1,halogen-walk,remove-F,O=C(OCc1ccccc1)N1CC[C@@H](c2ccc(F)cc2)[C@H](COc2ccc3c(c2)OCO3)C1,0 1 2 3 4 5 6 7 8 9 10 11 12 14 15 16 17 18 19 20 21 22 23 24 25 26 27 28 29 30 31 32,O=C(OCc1ccccc1)N1CC[C@@H](c2ccccc2)[C@H](COc2ccc3c(c2)OCO3)C1,train,445.51500000000027,5.236600000000005,0.5196200978867564,33,61
subcategory_halogen-walk.remove-F_926,COc1cccc(OC)c1OCCNCC1COc2ccccc2O1,0,authentic,authentic,,,c1ccc(OCCNCC2COc3ccccc3O2)cc1,val,345.39500000000004,2.512200000000001,0.7421327269200063,25,33
subcategory_halogen-walk.remove-F_2382,N#Cc1ccccc1/C(=C/Cc1ccccc1)n1cncn1,1,halogen-walk,remove-F,N#Cc1ccccc1/C(=C/Cc1ccc(F)cc1)n1cncn1,0 1 2 3 4 5 6 7 8 9 11 12 13 14 15 16 17 18 19 20 21,C(/Cc1ccccc1)=C(\c1ccccc1)n1cncn1,val,286.33799999999997,3.2816800000000015,0.7392414505672743,22,34
subcategory_halogen-walk.remove-F_319,COC1=CC=C2c3c(cc(OC)c(OC)c3OC)CC[C@H](NC(C)=O)C2CC1=O,0,authentic,authentic,,,O=C1C=CC=C2c3ccccc3CCCC2C1,train,401.4590000000002,2.6660000000000013,0.8168392682912965,29,53
subcategory_halogen-walk.remove-F_1953,CCC1(CC)CCC(=Cc2cccc(C)c2)C1(O)Cn1cncn1,1,halogen-walk,remove-F,CCC1(CC)CCC(=Cc2ccc(F)cc2)C1(O)Cn1cncn1,0 1 2 3 4 5 6 7 9 10 11 12 13 14 15 16 17 18 19 20 21 22 23,C(=C1CCCC1Cn1cncn1)c1ccccc1,train,325.456,4.001420000000003,0.9036960007746963,24,39
subcategory_halogen-walk.remove-F_874,O=C(NCC1CCCCC1)OCCCc1c[nH]cn1,0,authentic,authentic,,,O=C(NCC1CCCCC1)OCCCc1c[nH]cn1,test,265.35699999999997,2.6488000000000005,0.7769791269324957,19,29
subcategory_halogen-walk.remove-F_4,Cc1ccc(OCC(O)CNC(C)C)c(/C=C/CO)c1,0,authentic,authentic,,,c1ccccc1,train,279.38,1.7382199999999997,0.6781260297282617,20,33
subcategory_halogen-walk.remove-F_389,c1ccc(CN2CCC(CCc3noc4ccccc34)CC2)cc1,0,authentic,authentic,,,c1ccc(CN2CCC(CCc3noc4ccccc34)CC2)cc1,train,320.4360000000001,4.6726000000000045,0.6837582485588243,24,36
subcategory_halogen-walk.remove-F_373,Cc1ccc(C)c(COc2ccc3c(c2)O/C(=C\c2ccc(C(=O)O)cc2)C3=O)c1,0,authentic,authentic,,,O=C1/C(=C/c2ccccc2)Oc2cc(OCc3ccccc3)ccc21,test,400.4300000000001,5.196840000000005,0.5963536522866744,30,55
subcategory_halogen-walk.remove-F_1758,CCC(F)(F)C(=O)C(NC(=O)[C@@H]1CCCN1C(=O)[C@@H](NC(=O)c1ccc(C(=O)N2CCOCC2)cc1)C(C)C)C(C)C,1,halogen-walk,remove-F,CC(C)C(NC(=O)[C@@H]1CCCN1C(=O)[C@@H](NC(=O)c1ccc(C(=O)N2CCOCC2)cc1)C(C)C)C(=O)C(F)(F)C(F)(F)F,0 1 3 4 5 6 7 8 9 10 11 12 13 14 15 16 17 18 19 20 21 22 23 24 25 26 27 28 29 30 31 32 33 34 35 36 37 38 39 40 41,O=C(NCC(=O)N1CCCC1)c1ccc(C(=O)N2CCOCC2)cc1,train,592.6840000000002,2.659600000000001,0.40725078346265836,42,87
subcategory_halogen-walk.remove-F_959,CN1CCC(c2ccc(F)cc2)[C@H](COc2ccc3c(c2)OCO3)C1,0,authentic,authentic,,,c1ccc(C2CCNC[C@H]2COc2ccc3c(c2)OCO3)cc1,train,343.39800000000014,3.668700000000003,0.847546032310964,25,45
subcategory_halogen-walk.remove-F_1251,CC[C@@]1(O)C(=O)OCc2c1cc1n(c2=O)Cc2cc3cc(CN)ccc3nc2-1,0,authentic,authentic,,,O=C1Cc2cc3n(c(=O)c2CO1)Cc1cc2ccccc2nc1-3,train,377.40000000000015,1.5383000000000002,0.5132507339574188,28,53
subcategory_halogen-walk.remove-F_1623,O=C(O)ON1CC[C@@H](c2ccccc2)[C@H](COc2ccc3c(c2)OCO3)C1,1,halogen-walk,remove-F,O=C(O)ON1CC[C@@H](c2ccc(F)cc2)[C@H](COc2ccc3c(c2)OCO3)C1,0 1 2 3 4 5 6 8 9 10 11 12 13 14 15 16 17 18 19 20 21 22 23 24 25 26,c1ccc([C@@H]2CCNC[C@H]2COc2ccc3c(c2)OCO3)cc1,train,371.3890000000002,3.509400000000002,0.8616431229630015,27,53
subcategory_halogen-walk.remove-F_212,N#CCCN1CC[C@H](c2ccc(F)cc2)[C@@H](COc2ccc3c(c2)OCO3)C1,0,authentic,authentic,,,c1ccc([C@H]2CCNC[C@@H]2COc2ccc3c(c2)OCO3)cc1,train,382.4350000000002,3.952580000000003,0.7571498123099331,28,54
subcategory_halogen-walk.remove-F_677,CC(=O)CS(=O)C(c1ccccc1)c1ccccc1,0,authentic,authentic,,,c1ccc(Cc2ccccc2)cc1,train,272.369,3.1137000000000015,0.8377859221481967,19,31
subcategory_halogen-walk.remove-F_1523,Cc1cccc(N2C(=O)[C@@H](CC[C@H](O)c3ccc(F)cc3)[C@@H]2c2ccc(O)cc2)c1,1,halogen-walk,remove-F,O=C1[C@@H](CC[C@H](O)c2ccc(F)cc2)[C@H](c2ccc(O)cc2)N1c1ccc(F)cc1,0 1 2 3 4 5 6 29,O=C1[C@@H](CCCc2ccccc2)[C@H](c2ccccc2)N1c1ccccc1,train,405.4690000000001,5.057620000000006,0.5638773695291056,30,65
subcategory_halogen-walk.remove-F_337,CN(C)CCNC(=O)c1c[nH]c2ccccc12,0,authentic,authentic,,,c1ccc2[nH]ccc2c1,train,231.29900000000004,1.4593,0.8365671578986662,17,29
subcategory_halogen-walk.remove-F_1025,Nc1nc(N)c2nc(CSc3cccc4ccccc34)cnc2n1,0,authentic,authentic,,,c1ccc2c(SCc3cnc4ncncc4n3)cccc2c1,val,334.4080000000001,3.029700000000001,0.5548977685229061,24,36
subcategory_halogen-walk.remove-F_1476,C[C@@H](CN1CCC(C(=O)NCCc2ccccc2)CC1)NC(=O)c1cc2ccccc2[nH]1,1,halogen-walk,remove-F,C[C@@H](CN1CCC2(CC1)C(=O)NC[C@H]2c1ccc(F)cc1)NC(=O)c1cc2ccccc2[nH]1,0 1 2 3 4 5 6 7 8 9 11 12 13 14 15 16 17 18 19 20 21 22 23 24 25 26 27 28 29 30 31,O=C(NCCN1CCC2(CC1)C(=O)NC[C@H]2c1ccccc1)c1cc2ccccc2[nH]1,test,432.56800000000015,3.357100000000001,0.5108584396385409,32,58
subcategory_halogen-walk.remove-F_2827,CCCc1nn(-c2ccc(OC)cc2)c2c1C1(CC1)CNC2=O,1,halogen-walk,remove-F,COc1ccc(-n2nc(C(F)(F)F)c3c2C(=O)NCC32CC2)cc1,0 1 2 3,O=C1NCC2(CC2)c2cnn(-c3ccccc3)c21,test,311.385,2.6084000000000005,0.9440689684741627,23,39
subcategory_halogen-walk.remove-F_1122,COc1cccc2c1C(CCCN1CCN(c3cccc(Cl)c3)CC1)=CCC2,0,authentic,authentic,,,C1=C(CCCN2CCN(c3ccccc3)CC2)c2ccccc2CC1,test,396.9620000000001,5.280600000000005,0.6601175862951782,28,44
subcategory_halogen-walk.remove-F_651,Cc1ccc(Sc2nccc3sc(C(N)=O)cc23)cc1,0,authentic,authentic,,,c1ccc(Sc2nccc3sccc23)cc1,train,300.408,3.854820000000002,0.7989038498919613,20,33
subcategory_halogen-walk.remove-F_1236,CC(=O)c1ccccc1OCC(O)CN1CCC(Oc2ccc(F)cc2)C1,0,authentic,authentic,,,c1ccc(OCCCN2CCC(Oc3ccccc3)C2)cc1,val,373.42400000000004,2.9213000000000013,0.7212876600375037,27,42
subcategory_halogen-walk.remove-F_540,Cc1ccc(-c2[nH]c(S(=O)(=O)C(F)(F)C(F)F)nc2-c2ccccc2)cc1,0,authentic,authentic,,,c1ccc(-c2nc[nH]c2-c2ccccc2)cc1,train,398.3810000000001,4.683720000000003,0.6348316015885384,27,54
subcategory_halogen-walk.remove-F_828,CCOc1ccc2nc(SCc3cn(CC4CCN(Cc5ccccc5)CC4)nn3)[nH]c2c1,0,authentic,authentic,,,c1ccc(CN2CCC(Cn3cc(CSc4nc5ccccc5[nH]4)nn3)CC2)cc1,train,462.6230000000002,4.757600000000004,0.3617957338366036,33,52
subcategory_halogen-walk.remove-F_1752,Cc1cccc(OCC2(CO)CCN(c3ccc(Cl)cc3Cl)CC2)c1,1,halogen-walk,remove-F,O=C1CCc2c(OCC3(CO)CCN(c4ccc(Cl)cc4Cl)CC3)ccc(F)c2N1,0 1 2 3 4 5 7 8 9 10 11 12 13 14 15 16 17 18 19 20 21 22 23,O=C1CCc2c(cccc2OCC2CCN(c3ccccc3)CC2)N1,train,380.31500000000017,4.959720000000004,0.7959848081331079,25,41
subcategory_halogen-walk.remove-F_2,CC(C)CN(C=O)[C@H]1CCC2C3CC[C@H]4N(C)C(=O)CC[C@]4(C)C3CC[C@@]21C,0,authentic,authentic,,,O=C1CCC2C3CCC4CCCC4C3CC[C@H]2N1,train,388.59600000000023,4.332800000000003,0.6725762650891527,28,63
subcategory_halogen-walk.remove-F_1869,CCN(CC)CCNC(=O)c1c(C)[nH]c(/C=C\CNc2ccccc2)c1C,1,halogen-walk,remove-F,CCN(CC)CCNC(=O)c1c(C)[nH]c(/C=C2\CNc3ccc(F)cc32)c1C,0 1 2 3 4 5 6 7 8 9 10 11 12 13 14 15 16 17 19 20 21 22 23 24 25 26,C(=C1/CNc2ccccc21)/c1ccc[nH]1,val,368.5250000000001,3.8284400000000023,0.597266163629323,27,46
subcategory_halogen-walk.remove-F_2423,COC(=O)C[C@@H](O)C[C@@H](O)C=Cc1c(-c2ccccc2)c2ccccc2n1C(C)C,1,halogen-walk,remove-F,COC(=O)C[C@@H](O)C[C@@H](O)C=Cc1c(-c2ccc(F)cc2)c2ccccc2n1C(C)C,0 1 2 3 4 5 6 7 8 9 10 11 12 14 15 16 17 18 19 20 21 22 23 24 25 26 27 28 29,c1ccc(-c2c[nH]c3ccccc23)cc1,train,407.51000000000016,4.5774000000000035,0.5364369613433204,30,59
subcategory_halogen-walk.remove-F_647,CCOC(=O)n1nc(-c2nc3cc(C)ccc3n2C)oc1=O,0,authentic,authentic,,,O=c1[nH]nc(-c2nc3ccccc3[nH]2)o1,train,302.2900000000001,1.70302,0.7151369720187304,22,37
subcategory_halogen-walk.remove-F_508,CC(=O)OCCN1CCC(c2noc3cc(F)ccc23)CC1,0,authentic,authentic,,,c1ccc2c(C3CCNCC3)noc2c1,train,306.3370000000001,2.7094000000000014,0.8129670411340831,22,35
subcategory_halogen-walk.remove-F_66,Cl.O=C1CCc2ccc(OCCCCN3CCN(c4cccc(Cl)c4Cl)CC3)cc2N1,0,authentic,authentic,,,O=C1CCc2ccc(OCCCCN3CCN(c4ccccc4)CC3)cc2N1,train,484.8550000000002,5.281100000000005,0.5430512321402728,31,50
subcategory_halogen-walk.remove-F_1882,CCC(C(=O)O)[C@H](O)C[C@H](O)C=Cc1c(C2CC2)nc2ccccc2c1-c1ccccc1,1,halogen-walk,remove-F,CCC(C(=O)O)[C@H](O)C[C@H](O)C=Cc1c(C2CC2)nc2ccccc2c1-c1ccc(F)cc1,0 1 2 3 4 5 6 7 8 9 10 11 12 13 14 15 16 17 18 19 20 21 22 23 24 26 27 28 29 30,c1ccc(-c2cc(C3CC3)nc3ccccc23)cc1,train,431.5320000000001,5.015100000000004,0.4427697814210855,32,61
subcategory_halogen-walk.remove-F_407,COc1ccc2c(c[n+](C)c3c4cc5c(cc4ccc23)OCO5)c1OC,0,authentic,authentic,,,c1ccc2c(c1)c[nH+]c1c3cc4c(cc3ccc21)OCO4,test,348.37800000000016,3.7166000000000032,0.4089405268923715,26,45
subcategory_halogen-walk.remove-F_188,Oc1cccc2c1O[C@@H]1CN(CCc3ccccc3)[C@@H]3CCC[C@]21C3,0,authentic,authentic,,,c1ccc(CCN2C[C@H]3Oc4ccccc4[C@@]34CCC[C@@H]2C4)cc1,val,335.4470000000002,3.8919000000000032,0.9234955635852203,25,50
subcategory_halogen-walk.remove-F_198,Cc1nc(-c2ccc(OCC(C)C)c(C#N)c2)sc1C(=O)N[C@@H](C)C(=O)O,0,authentic,authentic,,,c1ccc(-c2nccs2)cc1,train,387.46100000000007,3.227900000000001,0.7541693354197101,27,54
subcategory_halogen-walk.remove-F_1407,CN(CCO)CCOC(=O)COCCN1CCN(C(c2ccccc2)c2ccc(Cl)cc2)CC1,0,authentic,authentic,,,c1ccc(C(c2ccccc2)N2CCNCC2)cc1,train,490.0440000000001,2.5309000000000017,0.3423855394256924,34,52
subcategory_halogen-walk.remove-F_1987,N#Cc1c(-c2ccccc2)cc2c(c1CCCO)COC2,1,halogen-walk,remove-F,N#Cc1c(-c2ccc(F)cc2)cc2c(c1CCCO)COC2,0 1 2 4 5 6 7 8 9 10 11 12 13 14 15 16 17 18 19 20,c1ccc(-c2ccc3c(c2)COC3)cc1,train,279.33899999999994,3.1803800000000013,0.9348153950594743,21,33
subcategory_halogen-walk.remove-F_2318,Cc1ccccc1-c1cc(C#N)cc(Cn2cncn2)c1,1,halogen-walk,remove-F,N#Cc1cc(Cn2cncn2)cc(-c2ccc(F)cc2)c1,0 1 2 3 4 5 6 8 9 10 11 12 13 14 15 16 17 18 19,c1ccc(-c2cccc(Cn3cncn3)c2)cc1,train,274.327,3.1735000000000007,0.7367614160332029,21,33
subcategory_halogen-walk.remove-F_534,CC1CCC[C@H](O)CCCCCc2cc(O)cc(O)c2C(=O)O1,0,authentic,authentic,,,O=C1OCCCCCCCCCCc2ccccc21,test,322.401,3.290800000000003,0.6380402391746317,23,40
subcategory_halogen-walk.remove-F_2241,[2H]C([2H])(O)CC[C@@]1(c2cccc(C)c2)OCc2cc(C#N)ccc21,1,halogen-walk,remove-F,[2H]C([2H])(O)CC[C@@]1(c2ccc(F)cc2)OCc2cc(C#N)ccc21,6 7 8 9 10 11 12 13,c1ccc(C2OCc3ccccc32)cc1,train,295.37820355599996,3.413000000000002,0.9400666902495075,22,51
subcategory_halogen-walk.remove-F_1383,COc1c2c(c(C)c3c1C(=O)OC3)OC1(C)CC(O)C(C(C)(C)O)C(C)(CCC(=O)O)C1C2,0,authentic,authentic,,,O=C1OCc2cc3c(cc21)CC1CCCCC1O3,test,462.53900000000027,3.0066200000000007,0.5709937127988273,33,65
subcategory_halogen-walk.remove-F_1161,CC(C)OC(=O)c1ccccc1CSc1c(O)cc(-c2ccccc2)oc1=O,0,authentic,authentic,,,O=c1oc(-c2ccccc2)ccc1SCc1ccccc1,val,396.4640000000001,4.869900000000005,0.4731322042632064,28,45
subcategory_halogen-walk.remove-F_1322,CCc1ccc2c(c1)c(OC)cc1nc(C(=O)c3ccccn3)cn12,0,authentic,authentic,,,O=C(c1ccccn1)c1cn2c(ccc3ccccc32)n1,test,331.375,3.6845000000000026,0.5352908712056913,25,42
subcategory_halogen-walk.remove-F_2693,COC(=O)CC(O)CC(O)/C=C/c1c(C(C)C)c(C)n(Cc2ccccc2)c1-c1ccccc1,1,halogen-walk,remove-F,COC(=O)CC(O)CC(O)/C=C/c1c(C(C)C)c(C)n(Cc2ccccc2)c1-c1ccc(F)cc1,0 1 2 3 4 5 6 7 8 9 10 11 12 13 14 15 16 17 18 19 20 21 22 23 24 25 26 28 29 30 31 32,c1ccc(Cn2cccc2-c2ccccc2)cc1,val,461.6020000000002,5.323420000000005,0.40080212407212307,34,59
subcategory_halogen-walk.remove-F_2026,CCN(CC)S(=O)(=O)c1ccc(C(C)NC(=O)c2cncn2-c2ccccc2)cc1,1,halogen-walk,remove-F,CCN(CC)S(=O)(=O)c1ccc(C(C)NC(=O)c2cncn2-c2ccc(F)cc2)cc1,0 1 2 3 4 5 6 7 8 9 10 11 12 13 14 15 16 17 18 19 20 22 23 24 25 26 27 28 29,O=C(NCc1ccccc1)c1cncn1-c1ccccc1,val,426.54200000000014,3.3938000000000015,0.5983591922888187,30,52
subcategory_halogen-walk.remove-F_867,CCNc1cccnc1N1CCN(C(=O)c2ccc3[nH]ccc3c2)CC1,0,authentic,authentic,,,O=C(c1ccc2[nH]ccc2c1)N1CCN(c2ccccn2)CC1,train,349.43800000000005,2.9571000000000014,0.7600575354628669,26,42
subcategory_halogen-walk.remove-F_2524,CC(=O)OCc1cc(C#N)ccc1[C@](O)(CCCN(C)C)c1ccccc1,1,halogen-walk,remove-F,CC(=O)OCc1cc(C#N)ccc1[C@](O)(CCCN(C)C)c1ccc(F)cc1,0 1 2 3 4 5 6 7 8 9 10 11 12 14 15 16 17 18 19 20 21 22 23 24 25,c1ccc(Cc2ccccc2)cc1,train,366.46100000000007,3.199080000000002,0.7264481479615611,27,46
subcategory_halogen-walk.remove-F_892,NS(=O)(=O)Oc1ccc2c(c1)OC(=O)CC2,0,authentic,authentic,,,O=C1CCc2ccccc2O1,val,243.23999999999995,0.12049999999999961,0.5875878177600383,16,31
subcategory_halogen-walk.remove-F_1629,OC(Cn1cncn1)(Cn1cnc(SCc2cccc(F)c2)n1)c1ccccc1,1,halogen-walk,remove-F,OC(Cn1cncn1)(Cn1cnc(SCc2cccc(F)c2)n1)c1ccc(F)cc1F,0 2 3 4 5 6 7 8 9 10 11 12 13 14 15 16 17 18 19 20 21 22 23 24 25 26 27,c1ccc(CSc2ncn(CC(Cn3cncn3)c3ccccc3)n2)cc1,val,410.47800000000007,2.889000000000001,0.4500154595670787,29,45
subcategory_halogen-walk.remove-F_2189,OC(CNCC1CCNCC1)(Cn1cncn1)c1ccccc1,1,halogen-walk,remove-F,OC(CNCC1CCNCC1)(Cn1cncn1)c1ccc(F)cc1F,0 2 3 4 5 6 7 8 9 10 11 12 13 14 15 16 17 18 19 20 21,c1ccc(C(CNCC2CCNCC2)Cn2cncn2)cc1,train,315.421,0.7551000000000005,0.7031217965683156,23,33
subcategory_halogen-walk.remove-F_2690,COc1cc(N)c(Cl)cc1C(=O)NCC1CN(Cc2ccccc2)CCO1,1,halogen-walk,remove-F,COc1cc(N)c(Cl)cc1C(=O)NCC1CN(Cc2ccc(F)cc2)CCO1,17 18 19 20 21 22 23,O=C(NCC1CN(Cc2ccccc2)CCO1)c1ccccc1,train,389.8830000000002,2.561600000000001,0.7423662230879058,27,43
subcategory_halogen-walk.remove-F_1467,CCN(CC)CCNC(=O)c1c(C)[nH]c2c1CCCC2=C(C(N)=O)c1ccccc1,1,halogen-walk,remove-F,CCN(CC)CCNC(=O)c1c(C)[nH]c2c1CCCC2=C1C(=O)Nc2ccc(F)cc21,20 24 25 26 27 28 29,O=C1Nc2ccccc2C1=C1CCCc2cc[nH]c21,train,408.54600000000016,3.1271200000000006,0.586215651703516,30,52
subcategory_halogen-walk.remove-F_1877,COc1cc(C(=O)NC(C(=O)NCc2ccccc2)c2ccccc2)ccc1C(N)=O,1,halogen-walk,remove-F,COc1cc(C(=O)NC(C(=O)NCc2ccc(F)cc2)c2ccccc2)ccc1C(N)=O,0 1 2 3 4 5 6 7 8 9 10 12 13 14 15 16 17 18 19 20 21 22 23 24 25 26 27 28 29 30,O=C(NC(C(=O)NCc1ccccc1)c1ccccc1)c1ccccc1,test,417.46500000000015,2.5816,0.5231060058833374,31,50
subcategory_halogen-walk.remove-F_2368,C[N+](C)(C)CCCC(=O)NCc1cccc(C2C(CCC(O)c3ccccc3)C(=O)N2c2ccc(F)cc2)c1,1,halogen-walk,remove-F,C[N+](C)(C)CCCC(=O)NCc1cccc(C2C(CCC(O)c3ccc(F)cc3)C(=O)N2c2ccc(F)cc2)c1,20 22 23 24 25 26 27,O=C1C(CCCc2ccccc2)C(c2ccccc2)N1c1ccccc1,train,532.6800000000003,5.146200000000005,0.25055640082298475,39,68
subcategory_halogen-walk.remove-F_10,CC.CCOC(=O)Nc1ccc(Cl)cc1[C@@](O)(C#CC1CC1)C(F)(F)F,0,authentic,authentic,,,C(#CC1CC1)Cc1ccccc1,train,391.8170000000001,5.097900000000004,0.7047599681403666,26,50
subcategory_halogen-walk.remove-F_1340,NCCc1ccc(OCCCCc2ccccc2)cc1,0,authentic,authentic,,,c1ccc(CCCCOc2ccccc2)cc1,test,269.388,3.589500000000003,0.7432722104022415,20,26
subcategory_halogen-walk.remove-F_1999,C#CCN(Cc1ccccc1C)CC(O)(Cn1cncn1)c1ccccc1,1,halogen-walk,remove-F,C#CCN(Cc1ccccc1C)CC(O)(Cn1cncn1)c1ccc(F)cc1F,13 21 22 23 24 25 26,c1ccc(CNCC(Cn2cncn2)c2ccccc2)cc1,train,360.461,2.609720000000001,0.6276118826933239,27,40
subcategory_halogen-walk.remove-F_1862,COC(Cn1cncn1)(c1ccc(F)cc1)c1ccccc1C,1,halogen-walk,remove-F,COC(Cn1cncn1)(c1ccc(F)cc1)c1ccc(F)cc1,0 1 3 4 5 6 7 8 9 10 11 12 13 14 15 16 17 18 19 20 21,c1ccc(C(Cn2cncn2)c2ccccc2)cc1,train,311.36000000000007,3.315820000000002,0.7255235968925212,23,35
subcategory_halogen-walk.remove-F_1511,c1ccc(-c2ccc(Cn3cncn3)cc2)cc1,1,halogen-walk,remove-F,Cc1cc(F)ccc1-c1ccc(Cn2cncn2)cc1,0 1 2 3 5 6 7 8 9 10 11 12 13 14 15 16,c1ccc(-c2ccc(Cn3cncn3)cc2)cc1,train,235.29000000000002,2.9934000000000003,0.6983529048352286,18,29
subcategory_halogen-walk.remove-F_1139,COc1cc2nc(N3CCN(/C(S)=N/C4CCCCC4)CC3)nc(N)c2cc1OC,0,authentic,authentic,,,C(=N\C1CCCCC1)/N1CCN(c2ncc3ccccc3n2)CC1,val,430.5780000000004,2.9697000000000005,0.43785720634733116,30,49
subcategory_halogen-walk.remove-F_2111,COCc1cc(C(O)CNCCCCCOCCc2cccc(C)c2)ccc1O,1,halogen-walk,remove-F,COCc1cc(C(O)CNCCCCCOCCc2ccc(F)cc2)ccc1O,17 18 19 20 21 22 23 24,c1ccc(CCNCCCCCOCCc2ccccc2)cc1,train,401.547,3.8996200000000036,0.4189365265372812,29,39
subcategory_halogen-walk.remove-F_1650,CC(C)c1cc(-c2ccccn2)c(-c2ccccc2)n1/C=C/[C@@H](O)C[C@@H](O)CC(=O)O,1,halogen-walk,remove-F,CC(C)c1cc(-c2ccccn2)c(-c2ccc(F)cc2)n1/C=C/[C@@H](O)C[C@@H](O)CC(=O)O,0 1 2 3 4 5 6 7 8 9 10 11 13 14 15 16 17 18 19 20 21 22 23 24 25 26 27 28 29 30,c1ccc(-c2[nH]ccc2-c2ccccn2)cc1,test,420.5090000000002,4.397800000000005,0.47691329459132614,31,65
subcategory_halogen-walk.remove-F_2713,Cc1ccccc1OC1CNCC1O,1,halogen-walk,remove-F,O=Cc1ccc(F)cc1OC1CNCC1O,0 1 2 3 4 5 6 8 9 10 11 12 13,c1ccc(OC2CCNC2)cc1,train,193.24599999999998,0.7065199999999998,0.7264046705910051,14,18
subcategory_halogen-walk.remove-F_309,CCOc1ccc(-n2c(C)c3c(C)nnc(CC(C)CC(C)(C)C)c3c2C)cc1,0,authentic,authentic,,,c1ccc(-n2cc3cnncc3c2)cc1,train,393.57500000000016,6.359260000000007,0.4890750001584865,29,50
subcategory_halogen-walk.remove-F_1851,[B]c1ccc2c(c1)NC(=O)OC2(C#CC1CC1)CCC,1,halogen-walk,remove-F,[B]c1ccc2c(c1)NC(=O)OC2(C#CC1CC1)C(F)(F)F,11 17 18 19,O=C1Nc2ccccc2C(C#CC2CC2)O1,train,265.1209999999999,2.4513000000000007,0.6585127759267111,20,36
subcategory_halogen-walk.remove-F_1536,CCCCc1nn(-c2ccccc2CC(C)C)c(=O)n1Cc1ccc(-c2ccccc2S(=O)(=O)NC(=O)C2CCOC2)cc1,1,halogen-walk,remove-F,CCCCc1nn(-c2ccccc2C(F)(F)F)c(=O)n1Cc1ccc(-c2ccccc2S(=O)(=O)NC(=O)C2CCOC2)cc1,12 13 14 15 16,O=C(NS(=O)(=O)c1ccccc1-c1ccc(Cn2cnn(-c3ccccc3)c2=O)cc1)C1CCOC1,test,616.7840000000001,5.131800000000005,0.23622694346829726,44,74
subcategory_halogen-walk.remove-F_1696,Cc1cccc(C(=O)CCCNCCOc2ccccc2)c1,1,halogen-walk,remove-F,O=C(CCCNCCOc1ccccc1)c1ccc(F)cc1O,0 1 2 3 4 5 6 21,O=C(CCCNCCOc1ccccc1)c1ccccc1,train,297.39799999999997,3.626520000000002,0.5672232551868069,22,31
subcategory_halogen-walk.remove-F_1100,CN1CCN(Cc2cc(Nc3ccnc4cc(Cl)ccc34)ccc2F)CC1,0,authentic,authentic,,,c1cc(CN2CCNCC2)cc(Nc2ccnc3ccccc23)c1,test,384.88600000000014,4.5183000000000035,0.716293744090502,27,42
subcategory_halogen-walk.remove-F_2365,Cn1c(=O)c2nc(C=Cc3ccccc3)[nH]c2n(C)c1=O,1,halogen-walk,remove-F,Cn1c(=O)c2nc(/C=C/c3cccc(F)c3)[nH]c2n(C)c1=O,0 1 2 3 4 5 6 7 9 10 11 12 13 14 15 16 17 18 19 20,O=c1[nH]c(=O)c2nc(/C=C/c3ccccc3)[nH]c2[nH]1,train,282.30300000000005,1.1306999999999998,0.7655091410876937,21,39
subcategory_halogen-walk.remove-F_582,O=C(O)CNCc1cccc(CP(=O)(O)O)c1,0,authentic,authentic,,,c1ccccc1,train,259.198,0.5384999999999995,0.5553265368361932,17,29
subcategory_halogen-walk.remove-F_2507,CCN1CC[C@H](c2ccccc2)[C@@](CO)(COc2ccc3c(c2)OCO3)C1,1,halogen-walk,remove-F,CCN1CC[C@H](c2ccc(F)cc2)[C@@](CO)(COc2ccc3c(c2)OCO3)C1,0 1 2 3 4 6 7 8 9 10 11 12 13 14 15 16 17 18 19 20 21 22 23 24 25 26,c1ccc([C@H]2CCNCC2COc2ccc3c(c2)OCO3)cc1,train,369.4610000000001,3.2822000000000022,0.8468578859715884,27,51
subcategory_halogen-walk.remove-F_1608,c1ccc(C2CCNCC2COC2Oc3ccccc3O2)cc1,1,halogen-walk,remove-F,Fc1ccc(C2CCNCC2COC2Oc3ccccc3O2)cc1,0 1 2 3 5 6 7 8 9 10 11 12 13 14 15 16 17 18 19 20 21,c1ccc(C2CCNCC2COC2Oc3ccccc3O2)cc1,test,311.38100000000003,3.1513000000000018,0.9413907033663754,23,33
subcategory_halogen-walk.remove-F_2418,Cc1cccc(C2(CCCN(C)C)OCc3cc(CCc4ccccc4)ccc32)c1,1,halogen-walk,remove-F,CN(C)CCCC1(c2ccc(F)cc2)OCc2cc(CCc3ccccc3)ccc21,0 1 2 3 4 5 7 8 9 10 11 12 13 14 15 16 17 18 19 20 21 22 23 24 25 26 27 28,c1ccc(CCc2ccc3c(c2)COC3c2ccccc2)cc1,train,399.5780000000001,5.895820000000007,0.46777801895881294,30,46
subcategory_halogen-walk.remove-F_1319,COc1ccc2c3c1O[C@H]1[C@@]4(OC)C=C[C@@]5(C[C@@H]4[C@](C)(O)CCc4ccccc4)[C@@H](C2)N(C)CC[C@]315,0,authentic,authentic,,,C1=C[C@]23C[C@H](CCCc4ccccc4)C1[C@@H]1Oc4cccc5c4[C@@]12CCN[C@@H]3C5,train,487.6400000000003,4.299300000000004,0.6160979931073666,36,91
subcategory_halogen-walk.remove-F_599,Clc1ccc(C2=CCc3ccccc3N=C2N2CCNCC2)cc1.O=C(O)/C=C/C(=O)O,0,authentic,authentic,,,C1=C(c2ccccc2)C(N2CCNCC2)=Nc2ccccc2C1,train,453.9260000000002,3.6267000000000014,0.6132288488047933,32,55
subcategory_halogen-walk.remove-F_1022,COc1ccc2cccc3c2c1C[C@@H](NC(C)=O)C3,0,authentic,authentic,,,c1cc2c3c(cccc3c1)CCC2,train,255.31699999999995,2.4517000000000007,0.8948168969720254,19,35
subcategory_halogen-walk.remove-F_543,CC(OCN1c2nc[nH]c2C(=O)NC1N)C(O)O,0,authentic,authentic,,,O=C1NCNc2nc[nH]c21,val,257.25,-2.1248999999999985,0.3886109637200781,18,32
subcategory_halogen-walk.remove-F_519,CNc1ccc2c(cc1=O)[C@@H](N=C(N)N)CCc1cc(OC)c(OC)c(OC)c1-2,0,authentic,authentic,,,O=c1cccc2c(c1)CCCc1ccccc1-2,train,398.4630000000002,2.042,0.5204110097568626,29,55
subcategory_halogen-walk.remove-F_1135,CN(C)CCc1c[nH]c2ccc(CCc3nc(N)no3)cc12,0,authentic,authentic,,,c1noc(CCc2ccc3[nH]ccc3c2)n1,train,299.378,2.0224,0.7272526935422166,22,37
subcategory_halogen-walk.remove-F_242,CCc1cc(Cn2cncn2)cc(C(C)(C)C#N)c1,0,authentic,authentic,,,c1ccc(Cn2cncn2)cc1,train,254.33700000000002,2.689980000000001,0.8425334240697728,19,32
subcategory_halogen-walk.remove-F_1685,CC(C)c1nc(-c2ccccc2)cc(-c2ccccc2)c1/C=C/[C@@H](O)[C@H](F)[C@@H](O)CC(=O)O,1,halogen-walk,remove-F,CC(C)c1nc(-c2ccccc2)cc(-c2ccc(F)cc2)c1/C=C/[C@@H](O)[C@H](F)[C@@H](O)CC(=O)O,0 1 2 3 4 5 6 7 8 9 10 11 12 14 15 16 17 18 19 20 21 22 23 24 25 26 27 28 29 30 31 32,c1ccc(-c2ccnc(-c3ccccc3)c2)cc1,train,449.52200000000016,5.086800000000006,0.42348758181403073,33,73
subcategory_halogen-walk.remove-F_555,Cc1cc(C(=O)N2CC=C(c3ccc(NC(=O)N4Cc5ccccc5C4)cc3)CC2)c(C)[nH]1,0,authentic,authentic,,,O=C(Nc1ccc(C2=CCN(C(=O)c3cc[nH]c3)CC2)cc1)N1Cc2ccccc2C1,train,440.54700000000025,5.108740000000004,0.5943544489547762,33,61
subcategory_halogen-walk.remove-F_2811,COC(=O)CC(O)CC(O)/C=C/c1c(C(C)C)nn2c(C)cc(C)c2c1-c1ccccc1,1,halogen-walk,remove-F,COC(=O)CC(O)CC(O)/C=C/c1c(C(C)C)nn2c(C)cc(C)c2c1-c1ccc(F)cc1,0 1 2 3 4 5 6 7 8 9 10 11 12 13 14 15 16 17 18 19 20 21 22 23 24 26 27 28 29 30,c1ccc(-c2ccnn3cccc23)cc1,train,436.5520000000002,4.429740000000004,0.5105287377501443,32,57
subcategory_halogen-walk.remove-F_2107,CCOC(=O)CC(O)CC(O)/C=C/c1c(-c2ccccc2)c2ccccc2n1C(C)C,1,halogen-walk,remove-F,CCOC(=O)CC(O)CC(O)/C=C/c1c(-c2ccc(F)cc2)c2ccccc2n1C(C)C,0 1 2 3 4 5 6 7 8 9 10 11 12 13 15 16 17 18 19 20 21 22 23 24 25 26 27 28 29 30,c1ccc(-c2c[nH]c3ccccc23)cc1,train,421.53700000000015,4.967500000000005,0.47878497217915766,31,52
subcategory_halogen-walk.remove-F_1095,CCc1c(OC)cc2c(c1O)C(=O)C=C(OC)[C@@]2(O)C[C@@H](O)C(=O)OC,0,authentic,authentic,,,O=C1C=CCc2ccccc21,train,366.3660000000001,0.8013999999999999,0.6320860582895091,26,56
subcategory_halogen-walk.remove-F_2430,CCCCc1cc(O)nc2cc3c(cc12)C[C@H](CC)[C@@H](C)N3,1,halogen-walk,remove-F,CC[C@H]1Cc2cc3c(C(F)(F)F)cc(O)nc3cc2N[C@@H]1C,0 1 2 3 5 6 7 8 9 10 11 12 13 14 15 16 17 18 19 20 21,c1cnc2cc3c(cc2c1)CCCN3,train,298.42999999999995,4.665700000000004,0.86215266932928,22,45
subcategory_halogen-walk.remove-F_1185,N#Cc1ccc2c(c1)C(c1ccc(F)cc1)OC2CCCN,0,authentic,authentic,,,c1ccc(C2OCc3ccccc32)cc1,train,296.3450000000001,3.596980000000002,0.9374832745161651,22,35
subcategory_halogen-walk.remove-F_1198,CC(C)(CCOC(C)(C)C(F)(F)F)Nc1nnc(-c2cccc(Cl)c2Cl)c(N)n1,0,authentic,authentic,,,c1ccc(-c2cncnn2)cc1,train,452.3080000000001,5.365700000000003,0.5880427807150258,29,54
subcategory_halogen-walk.remove-F_1325,COc1ccc(NC(=O)CSc2nc3ccncc3[nH]2)cc1OC,0,authentic,authentic,,,O=C(CSc1nc2ccncc2[nH]1)Nc1ccccc1,test,344.3960000000001,2.7059000000000006,0.6684702781730337,24,38
subcategory_halogen-walk.remove-F_689,CC1CCC(=NNc2ccc3c(c2)OCO3)c2ncc(C(=O)O)c(=O)n21,0,authentic,authentic,,,O=c1ccnc2n1CCCC2=NNc1ccc2c(c1)OCO2,train,356.3380000000001,1.8411999999999997,0.8063668090960262,26,47
subcategory_halogen-walk.remove-F_2206,CC(C)(C)OC(=O)N1CC[C@H](c2ccccc2)[C@H](COc2ccc3c(c2)OCO3)C1,1,halogen-walk,remove-F,CC(C)(C)OC(=O)N1CC[C@H](c2ccc(F)cc2)[C@H](COc2ccc3c(c2)OCO3)C1,0 1 2 3 4 5 6 7 8 9 11 12 13 14 15 16 17 18 19 20 21 22 23 24 25 26 27 28 29,c1ccc([C@H]2CCNC[C@H]2COc2ccc3c(c2)OCO3)cc1,train,411.4980000000003,4.8349000000000055,0.7209169383088753,30,59
subcategory_halogen-walk.remove-F_1151,CC(c1ccccc1)(c1ccc(F)cc1)n1cncn1,0,authentic,authentic,,,c1ccc(C(c2ccccc2)n2cncn2)cc1,train,267.307,3.229000000000002,0.7291141245844468,20,32
subcategory_halogen-walk.remove-F_2180,Cc1cccc(S(=O)(=O)N2CCC(CNC(=O)c3nccnc3N)(c3ccccc3)CC2)c1,1,halogen-walk,remove-F,Nc1nccnc1C(=O)NCC1(c2ccccc2)CCN(S(=O)(=O)c2ccc(F)cc2)CC1,0 1 2 3 4 5 6 32,O=C(NCC1(c2ccccc2)CCN(S(=O)(=O)c2ccccc2)CC1)c1cnccn1,test,465.5790000000002,2.5197200000000004,0.5775172805554593,33,56
subcategory_halogen-walk.remove-F_2407,CN(C)CCCc1c(/C=C\C(=O)Nc2ccccc2)[nH]c2c1CCCC2,1,halogen-walk,remove-F,CN(C)CCCc1c(/C=C2\C(=O)Nc3ccc(F)cc32)[nH]c2c1CCCC2,12 13 14 15 16 17 18,O=C1Nc2ccccc2/C1=C/c1cc2c([nH]1)CCCC2,train,351.4940000000002,4.039600000000003,0.7397608838933429,26,45
subcategory_halogen-walk.remove-F_2335,CCOC(=O)N1CCN(C(=O)c2cc(-c3ccccc3)[nH]c2C)CC1,1,halogen-walk,remove-F,CCOC(=O)N1CCN(C(=O)c2cc(-c3ccc(F)cc3)[nH]c2C)CC1,0 1 2 3 4 5 6 7 8 9 10 11 12 14 15 16 17 18 19 20 21 22 23 24,O=C(c1c[nH]c(-c2ccccc2)c1)N1CCNCC1,test,341.4110000000001,2.904420000000002,0.9334004945319863,25,45
subcategory_halogen-walk.remove-F_243,COc1cc2c(cc1O[C@@H]1CCOC1)CCN1C[C@@H](CC(C)(C)C)[C@H](O)C[C@H]21,0,authentic,authentic,,,c1cc2c(cc1O[C@@H]1CCOC1)CCN1CCCC[C@H]21,test,389.5360000000001,3.579100000000003,0.8530331707165111,28,64
subcategory_halogen-walk.remove-F_2561,CSc1nc(-c2ccccc2)c(-c2ccc(C(F)(F)F)cc2)[nH]1,1,halogen-walk,remove-F,CSc1nc(-c2ccc(F)cc2)c(-c2ccc(C(F)(F)F)cc2)[nH]1,4 5 6 7 8 9 10,c1ccc(-c2nc[nH]c2-c2ccccc2)cc1,train,334.366,5.484400000000003,0.6421594591078318,23,44
subcategory_halogen-walk.remove-F_846,COc1nc2nc(C(=O)c3ccccc3)cn2c2c1CCCC2,0,authentic,authentic,,,O=C(c1ccccc1)c1cn2c3c(cnc2n1)CCCC3,train,307.3530000000002,2.8477000000000015,0.6982183792863262,23,36
subcategory_halogen-walk.remove-F_2625,COc1ccc(-n2nc(CC(C)C)c3c2C(=O)N(c2ccc(-n4ccccc4=O)cc2)CC3)c(C(=O)NCCC2CCCN2C)c1,1,halogen-walk,remove-F,COc1ccc(-n2nc(C(F)(F)F)c3c2C(=O)N(c2ccc(-n4ccccc4=O)cc2)CC3)c(C(=O)NCCC2CCCN2C)c1,8 9 10 11 12,O=C(NCCC1CCCN1)c1ccccc1-n1ncc2c1C(=O)N(c1ccc(-n3ccccc3=O)cc1)CC2,train,622.77,4.647300000000004,0.27652875016797945,46,79
subcategory_halogen-walk.remove-F_679,OC(Cn1cncn1)(c1ccc(F)c(F)c1)C1(n2cnc(Cl)n2)CC1,0,authentic,authentic,,,c1ccc(C(Cn2cncn2)C2(n3cncn3)CC2)cc1,train,366.75900000000007,1.8783,0.7452490044443995,25,46
subcategory_halogen-walk.remove-F_1753,CC(C)(O)C(=CC[C@H]1C(=O)N(c2ccc(F)cc2)[C@@H]1c1ccc(O)cc1)c1ccccc1,1,halogen-walk,remove-F,CC(C)(O)C(=CC[C@H]1C(=O)N(c2ccc(F)cc2)[C@@H]1c1ccc(O)cc1)c1ccc(F)cc1,0 1 2 3 5 6 7 8 9 10 11 12 13 14 15 16 17 18 19 20 21 22 23 24 25 26 27 28 29 30,O=C1[C@H](CC=Cc2ccccc2)[C@@H](c2ccccc2)N1c1ccccc1,train,431.5070000000001,5.480000000000005,0.5082581736973293,32,65
subcategory_halogen-walk.remove-F_1436,C#CCC(O)(C(=O)OC1CN2CCC1CC2)c1ccccc1,0,authentic,authentic,,,O=C(Cc1ccccc1)OC1CN2CCC1CC2,test,299.36999999999995,1.5348999999999997,0.6765953219720157,22,36
subcategory_halogen-walk.remove-F_859,COc1ccc(/C=C2\CCCC(CN(C)C)C2(O)Cc2ccc(F)cc2)cc1,0,authentic,authentic,,,C(=C1/CCCCC1Cc1ccccc1)/c1ccccc1,train,383.50700000000006,4.553200000000004,0.794127398180933,28,47
subcategory_halogen-walk.remove-F_970,Cc1cnc(CSc2nc3ccccc3[nH]2)cc1OCC(F)(F)F,0,authentic,authentic,,,c1ccc(CSc2nc3ccccc3[nH]2)nc1,train,353.3690000000001,4.499720000000002,0.6863615952461456,24,39
subcategory_halogen-walk.remove-F_480,CS(C)=O.Cc1nc(-c2ccc(OCC(C)C)c(C#N)c2)sc1C(=O)O,0,authentic,authentic,,,c1ccc(-c2nccs2)cc1,train,394.5180000000001,3.717900000000002,0.8294227290185282,26,47
subcategory_halogen-walk.remove-F_1798,CCc1nn(-c2ccc(OC)cc2)c2c1CCN(c1ccc(C3(CC(=O)NC)CCC3)cc1)C2=O,1,halogen-walk,remove-F,CNC(=O)CC1(c2ccc(N3CCc4c(C(F)(F)F)nn(-c5ccc(OC)cc5)c4C3=O)cc2)CCC1,0 1 3 4 5 6 7 8 9 10 11 12 13 14 15 16 17 18 19 20 21 22 23 24 25 26 27 28 29 30 31 32 33 34,O=C1c2c(cnn2-c2ccccc2)CCN1c1ccc(C2CCC2)cc1,train,472.5890000000003,4.204000000000003,0.5591167609489166,35,60
subcategory_halogen-walk.remove-F_356,COCC[C@H]1CN(C2=Nc3cc(Cl)ccc3Nc3ccc(C(C)C)cc32)CCN1,0,authentic,authentic,,,c1ccc2c(c1)N=C(N1CCNCC1)c1ccccc1N2,train,412.96500000000026,4.909000000000004,0.7486562240857955,29,51
subcategory_halogen-walk.remove-F_1427,COCCCc1nc(N)nnc1-c1cccc(Cl)c1Cl,0,authentic,authentic,,,c1ccc(-c2cncnn2)cc1,train,313.1880000000001,3.0066000000000006,0.8589810576937851,20,31
subcategory_halogen-walk.remove-F_1076,CCCOC(O)(O)n1c(N)nc2nc[nH]c2c1=O,0,authentic,authentic,,,O=c1[nH]cnc2nc[nH]c12,train,255.23399999999998,-1.3191999999999997,0.4966291872319404,18,32
subcategory_halogen-walk.remove-F_1842,Cc1ccccc1-c1c(/C=C/[C@H](O)C[C@@H](O)CC(=O)[O-])c(C2CC2)nc2ccccc12,1,halogen-walk,remove-F,O=C([O-])C[C@H](O)C[C@@H](O)/C=C/c1c(C2CC2)nc2ccccc2c1-c1ccc(F)cc1,0 1 2 3 4 5 6 8 9 10 11 12 13 14 15 16 17 18 19 20 21 22 23 24 25 26 27 28 29,c1ccc(-c2cc(C3CC3)nc3ccccc23)cc1,train,416.4970000000002,3.3527200000000015,0.5873677078255796,31,66
subcategory_halogen-walk.remove-F_132,CN(C)CCN1C(=O)c2cc(O)cc3cc(O)cc(c23)C1=O,0,authentic,authentic,,,O=C1NC(=O)c2cccc3cccc1c23,test,300.3140000000001,1.4085999999999999,0.8376808068475184,22,40
subcategory_halogen-walk.remove-F_1219,O=C1Nc2ccc(-c3ccccc3)cc2C(C#CC2CC2)(C(F)(F)F)O1,0,authentic,authentic,,,O=C1Nc2ccc(-c3ccccc3)cc2C(C#CC2CC2)O1,val,357.3310000000001,5.086700000000002,0.7224526093018883,26,47
subcategory_halogen-walk.remove-F_1013,CC1(C)CCC(C)(C)c2cc(/C=C/c3ccc(C(=O)O)cc3)ccc21,0,authentic,authentic,,,C(=C\c1ccc2c(c1)CCCC2)/c1ccccc1,train,334.45900000000006,5.904200000000006,0.7090670579540614,25,47
subcategory_halogen-walk.remove-F_419,CCC(C)OCCOc1ccnc(CS(=O)c2nc3ccc(C(F)(F)F)cc3[nH]2)c1C,0,authentic,authentic,,,O=S(Cc1ccccn1)c1nc2ccccc2[nH]1,train,455.5020000000001,4.786820000000004,0.4698071228672411,31,53
subcategory_halogen-walk.remove-F_1741,CC(C)n1c(C=CC(=O)CC(O)CC(=O)O)c(-c2ccccc2)c2ccccc21,1,halogen-walk,remove-F,CC(C)n1c(C=CC(=O)CC(O)CC(=O)O)c(-c2ccc(F)cc2)c2ccccc21,16 17 18 19 20 21 22,c1ccc(-c2c[nH]c3ccccc23)cc1,train,391.46700000000004,4.697200000000004,0.5457562607327255,29,51
subcategory_halogen-walk.remove-F_2880,CC(C)n1c(C=CC=C[C@@H]2C[C@@H](O)CC(=O)O2)c(-c2ccccc2)c2ccccc21,1,halogen-walk,remove-F,CC(C)n1c(C=CC=C[C@@H]2C[C@@H](O)CC(=O)O2)c(-c2ccc(F)cc2)c2ccccc21,17 18 19 20 21 22 23,O=C1CCC[C@@H](C=CC=Cc2[nH]c3ccccc3c2-c2ccccc2)O1,val,401.50600000000003,5.5251000000000055,0.45200703464106023,30,62
subcategory_halogen-walk.remove-F_2237,CN1CCC2(CC1)OCc1ccc(-c3ccccc3)cc12,1,halogen-walk,remove-F,Cc1ccc(-c2ccc3c(c2)C2(CCN(C)CC2)OC3)cc1F,0 1 2 3 4 5 6 7 8 9 10 11 13 14 15 16 17 18 19 20,c1ccc(-c2ccc3c(c2)C2(CCNCC2)OC3)cc1,train,279.38300000000004,3.804700000000003,0.786908592726611,21,34
subcategory_halogen-walk.remove-F_1807,CCC(=O)CC(O)/C=C/c1c(-c2ccccc2)c2ccccc2n1C(C)C,1,halogen-walk,remove-F,CCC(=O)CC(O)/C=C/c1c(-c2ccc(F)cc2)c2ccccc2n1C(C)C,10 11 12 13 14 15 16,c1ccc(-c2c[nH]c3ccccc23)cc1,train,361.48500000000007,5.632500000000005,0.592204289457634,27,46
subcategory_halogen-walk.remove-F_170,O=C(CCc1ccccc1)c1ccc(OC[C@H](O)CN2CCOCC2)cc1,0,authentic,authentic,,,O=C(CCc1ccccc1)c1ccc(OCCCN2CCOCC2)cc1,val,369.4610000000002,2.5740000000000007,0.6886968754090993,27,44
subcategory_halogen-walk.remove-F_2220,O=c1cc(C2CNCCO2)oc2c(-c3ccccc3)cccc12,1,halogen-walk,remove-F,O=c1cc(C2CNCCO2)oc2c(-c3ccc(F)cc3)cccc12,0 1 2 3 4 5 6 7 8 9 10 11 13 14 15 16 17 18 19 20 21 22,O=c1cc(C2CNCCO2)oc2c(-c3ccccc3)cccc12,train,307.34900000000005,3.1209000000000016,0.7901161849200203,23,37
subcategory_halogen-walk.remove-F_1502,CN(CCCC1(c2ccccc2)OCc2cc(C#N)ccc21)C1CCC(=O)CC1,1,halogen-walk,remove-F,CN(CCCC1(c2ccc(F)cc2)OCc2cc(C#N)ccc21)C1CCC(=O)CC1,0 1 2 3 4 6 7 8 9 10 11 12 13 14 15 16 17 18 19 20 21 22 23 24 25 26 27 28,O=C1CCC(NCCCC2(c3ccccc3)OCc3ccccc32)CC1,test,388.51100000000025,4.555780000000004,0.728125382020719,29,47
subcategory_halogen-walk.remove-F_2800,O=C1C[C@H](c2ccccc2)[C@@H](COc2ccc3c(c2)OCO3)CN1,1,halogen-walk,remove-F,O=C1C[C@H](c2ccc(F)cc2)[C@@H](COc2ccc3c(c2)OCO3)CN1,0 1 2 4 5 6 7 8 9 10 11 12 13 14 15 16 17 18 19 20 21 22 23,O=C1C[C@H](c2ccccc2)[C@@H](COc2ccc3c(c2)OCO3)CN1,train,325.3640000000001,2.7140000000000004,0.9389351221191573,24,48
subcategory_halogen-walk.remove-F_2743,COc1ccc(OC)c(CN2CCN(C(=O)c3ccccc3)CC2)c1,1,halogen-walk,remove-F,COc1ccc(OC)c(CN2CCN(C(=O)c3ccc(F)cc3)CC2)c1,0 1 2 3 4 5 6 7 8 9 10 11 12 13 15 16 17 18 19 20 21 22 23 24,O=C(c1ccccc1)N1CCN(Cc2ccccc2)CC1,train,340.42300000000006,2.6618000000000013,0.8391655229265965,25,40
subcategory_halogen-walk.remove-F_2500,c1ccc([C@@H]2CCN(C3CCCC3)C[C@H]2COc2ccc3c(c2)OCO3)cc1,1,halogen-walk,remove-F,Fc1ccc([C@@H]2CCN(C3CCCC3)C[C@H]2COc2ccc3c(c2)OCO3)cc1,0 1 2 3 5 6 7 8 9 10 11 12 13 14 15 16 17 18 19 20 21 22 23 24 25 26,c1ccc([C@@H]2CCN(C3CCCC3)C[C@H]2COc2ccc3c(c2)OCO3)cc1,train,379.50000000000006,4.842400000000005,0.7435988077273978,28,53
subcategory_halogen-walk.remove-F_2345,CC(C)(C)NCC(O)COC(=O)c1ccccc1,1,halogen-walk,remove-F,CC(C)(C)NCC(O)COC(=O)c1ccc(F)cc1,0 1 2 3 4 5 6 7 8 9 11 12 13 14 15 16,c1ccccc1,train,251.326,1.5923999999999998,0.7802897760615075,18,29
subcategory_halogen-walk.remove-F_463,NC(=O)c1ccc(C2C(CCC(O)c3ccc(F)cc3)C(=O)N2c2ccc(F)cc2)cc1,0,authentic,authentic,,,O=C1C(CCCc2ccccc2)C(c2ccccc2)N1c1ccccc1,train,436.4580000000001,4.281600000000003,0.5424665912252932,32,56
subcategory_halogen-walk.remove-F_2483,Cc1ccccc1C(=O)C(O)(Cn1cncn1)c1ccccc1Cl,1,halogen-walk,remove-F,O=C(c1ccc(F)cc1)C(O)(Cn1cncn1)c1ccccc1Cl,0 1 2 3 4 5 6 7,O=C(c1ccccc1)C(Cn1cncn1)c1ccccc1,train,341.798,3.010620000000001,0.7242625499662035,24,38
subcategory_halogen-walk.remove-F_2251,CCC1(O)OC(=O)N(C#CC2CC2)c2ccc(Cl)cc21,1,halogen-walk,remove-F,O=C1OC(O)(C(F)(F)F)c2cc(Cl)ccc2N1C#CC1CC1,0 1 2,O=C1OCc2ccccc2N1C#CC1CC1,train,291.734,3.2226000000000017,0.8083311938302276,20,37
subcategory_halogen-walk.remove-F_2028,CO[C@@H](C[C@H](C)[C@H]1C(=O)N(c2ccc(F)cc2C)[C@@H]1c1ccc(O)cc1C)c1ccccc1,1,halogen-walk,remove-F,CO[C@@H](C[C@H](C)[C@H]1C(=O)N(c2ccc(F)cc2C)[C@@H]1c1ccc(O)cc1C)c1ccc(F)c(C)c1C,0 1 3 4 5 6 7 8 9 10 11 12 13 14 15 16 17 18 19 20 21 22 23 24 25 26 27 28 29 30 31,O=C1[C@H](CCCc2ccccc2)[C@@H](c2ccccc2)N1c1ccccc1,train,447.5500000000001,6.266140000000007,0.4346385851528103,33,72
subcategory_halogen-walk.remove-F_2316,CN[C@@H](CC(C)C)C(=O)NCCCCc1ccccc1,1,halogen-walk,remove-F,CN[C@@H](CC(C)C)C(=O)NCCCC(c1ccc(F)cc1)c1ccc(F)cc1.Cl,12 13 14 15 16 17 18 19,c1ccc(Cc2ccccc2)cc1,train,276.424,2.7596000000000007,0.6809751362673385,20,34
subcategory_halogen-walk.remove-F_1873,CCCN1CCC(C(=O)c2ccccc2)CC1c1ccc(OC)c(OC)c1,1,halogen-walk,remove-F,CCCN1CCC(C(=O)c2ccc(F)cc2)CC1c1ccc(OC)c(OC)c1,0 1 2 3 4 5 6 8 9 10 11 12 13 14 15 16 17 18 19 20 21 22 23 24 25 26,O=C(c1ccccc1)C1CCNC(c2ccccc2)C1,train,367.48900000000015,4.749800000000005,0.6621458602174797,27,42
subcategory_halogen-walk.remove-F_688,CC(C)(C)c1cn2c(=O)c3ncn(COCCO)c3nc2[nH]1,0,authentic,authentic,,,O=c1c2nc[nH]c2nc2[nH]ccn12,val,305.33799999999997,0.6362,0.6892706481500153,22,40
subcategory_halogen-walk.remove-F_1182,O=C1C(c2ccccc2)=C(c2ccccc2)c2ccc(O)cc21,0,authentic,authentic,,,O=C1C(c2ccccc2)=C(c2ccccc2)c2ccccc21,train,298.341,4.547600000000004,0.7534334098729354,23,39
subcategory_halogen-walk.remove-F_2202,COP(=O)(/C=C/c1c(-c2ccccc2C)c2ccccc2n1C(C)C)CC(=O)CC(=O)O,1,halogen-walk,remove-F,COP(=O)(/C=C/c1c(-c2ccc(F)cc2)c2ccccc2n1C(C)C)CC(=O)CC(=O)O,7 8 9 10 11 12 13 14,c1ccc(-c2c[nH]c3ccccc23)cc1,train,453.47500000000025,6.136620000000006,0.31083065262966375,32,57
subcategory_halogen-walk.remove-F_920,NSc1cc(C(=O)N2CCC(O[N+](=O)[O-])CC2)c(NCc2ccco2)cc1Cl,0,authentic,authentic,,,O=C(c1ccccc1NCc1ccco1)N1CCCCC1,val,426.8820000000002,3.323800000000002,0.39218076840645444,28,53
subcategory_halogen-walk.remove-F_2860,OC(Cn1cncn1)(c1ccc(F)cc1)C(O)(c1ccccc1)c1ccccc1,1,halogen-walk,remove-F,OC(Cn1cncn1)(c1ccc(F)cc1)C(O)(c1ccccc1)c1ccc(F)cc1,0 1 2 3 4 5 6 7 8 9 10 11 12 13 14 16 17 18 19 20 21 22 23 24 25 26 27 28,c1ccc(C(Cn2cncn2)C(c2ccccc2)c2ccccc2)cc1,train,389.43000000000006,3.241100000000002,0.531140949862198,29,47
subcategory_halogen-walk.remove-F_133,O=C(O)N[C@H](CNC(=O)c1ccc(Cl)s1)C(=O)Nc1ccc(N2CCOCC2=O)c(F)c1,0,authentic,authentic,,,O=C(CCNC(=O)c1cccs1)Nc1ccc(N2CCOCC2=O)cc1,train,484.8930000000003,1.9084999999999992,0.4735266531016437,32,61
subcategory_halogen-walk.remove-F_1196,CC[C@H]1NC(=O)[C@H](C)[C@@H](O[C@H]2C[C@@](C)(OC)C[C@H](C)O2)[C@H](C)[C@@H](O[C@@H]2O[C@H](C)C[C@H](N(C)CC)[C@H]2O)[C@@]2(C)C[C@@H](C)[C@@H](O2)[C@H](C)[C@@H](O)[C@]1(C)O,0,authentic,authentic,,,O=C1C[C@@H](O[C@H]2CCCCO2)C[C@@H](O[C@H]2CCCCO2)C2CC[C@H](CCCCN1)O2,train,714.9820000000002,3.6153000000000053,0.29241187454490714,50,170
subcategory_halogen-walk.remove-F_903,CCOc1ccc(S(=O)(=O)N2CCN(C)CC2)cc1-c1nc2c(C)nn(C)c2c(=O)[nH]1,0,authentic,authentic,,,O=c1[nH]c(-c2cccc(S(=O)(=O)N3CCNCC3)c2)nc2cn[nH]c12,train,446.5330000000002,0.9668200000000005,0.62112786164031,31,60
subcategory_halogen-walk.remove-F_126,CN1CCN(C(=O)c2ccc(NC(=O)Nc3ccc(N(C)c4ccnc(Nc5ccc(CS(C)(=O)=O)cc5)n4)cc3)cc2)CC1,0,authentic,authentic,,,O=C(Nc1ccc(Nc2ccnc(Nc3ccccc3)n2)cc1)Nc1ccc(C(=O)N2CCNCC2)cc1,train,628.7590000000001,4.564300000000004,0.24332773809531077,45,79
subcategory_halogen-walk.remove-F_2315,O=C(O)N1CCC(c2ccccc2)C(COc2ccc3c(c2)OCO3)C1,1,halogen-walk,remove-F,O=C(O)N1CCC(c2ccc(F)cc2)C(COc2ccc3c(c2)OCO3)C1,0 1 2 3 4 5 7 8 9 10 11 12 13 14 15 16 17 18 19 20 21 22 23 24 25,c1ccc(C2CCNCC2COc2ccc3c(c2)OCO3)cc1,train,355.39000000000016,3.5778000000000025,0.9078875630977133,26,43
subcategory_halogen-walk.remove-F_2817,C=Cc1cc(C(=O)NC2CCN(c3ccccc3CN3CCCC3)CC2)n(-c2ccc(OC)cc2)n1,1,halogen-walk,remove-F,COc1ccc(-n2nc(C(F)(F)F)cc2C(=O)NC2CCN(c3ccccc3CN3CCCC3)CC2)cc1,0 1 3 4 5 6 7 8 9 10 11 12 13 14 15 16 17 18 19 20 21 22 23 24 25 26 27 28 29 30 31 32 33 34,O=C(NC1CCN(c2ccccc2CN2CCCC2)CC1)c1ccnn1-c1ccccc1,test,485.63200000000035,4.518500000000004,0.5084330061058353,36,59
subcategory_halogen-walk.remove-F_685,COc1ccc(CCN(C)CC[C@]2(O)CCc3cc(F)ccc3[C@H]2C(C)C)cc1,0,authentic,authentic,,,c1ccc(CCNCCC2CCc3ccccc3C2)cc1,val,399.55000000000007,4.815800000000005,0.6910294520593542,29,52
subcategory_halogen-walk.remove-F_2001,CCc1cccc2[nH]c(S(=O)Cc3cc(OC)c(C)cn3)nc12,1,halogen-walk,remove-F,COc1cc(CS(=O)c2nc3c(C(F)(F)F)cccc3[nH]2)ncc1C,0 1 2,O=S(Cc1ccccn1)c1nc2ccccc2[nH]1,train,329.425,3.145120000000002,0.7806278881453961,23,41
subcategory_halogen-walk.remove-F_1818,CCOC(=O)C[C@@H](O)C[C@@H](O)C=Cc1c(C2CC2)nc2ccccc2c1-c1ccccc1C,1,halogen-walk,remove-F,CCOC(=O)C[C@@H](O)C[C@@H](O)C=Cc1c(C2CC2)nc2ccccc2c1-c1ccc(F)cc1,25 26 27 28 29 30 31 32,c1ccc(-c2cc(C3CC3)nc3ccccc23)cc1,train,445.55900000000014,5.165920000000005,0.4445559194147174,33,62
subcategory_halogen-walk.remove-F_1702,CCC[C@@]1(C#CC2CC2)OC(=O)Nc2cc(Cl)ccc21,1,halogen-walk,remove-F,O=C1Nc2cc(Cl)ccc2[C@@](C#CC2CC2)(C(F)(F)F)O1,0 1 2 3,O=C1Nc2ccccc2C(C#CC2CC2)O1,train,289.762,4.310900000000003,0.8239368902290023,20,39
subcategory_halogen-walk.remove-F_2014,COc1ccc(-c2nc3n(c2-c2ccccc2)CCS3)cc1,1,halogen-walk,remove-F,COc1ccc(-c2nc3n(c2-c2ccc(F)cc2)CCS3)cc1,0 1 2 3 4 5 6 7 8 9 11 12 13 14 15 16 17 18 19 20 21,c1ccc(-c2nc3n(c2-c2ccccc2)CCS3)cc1,train,308.406,4.331400000000003,0.7203229413109575,22,36
subcategory_halogen-walk.remove-F_2627,CCCN(CCC)CC(O)COc1ccccc1C(=O)CCc1ccccc1,1,halogen-walk,remove-F,CCCN(CCC)CC(O)COc1ccccc1C(=O)CCc1ccc(F)cc1,21 22 23 24 25 26 27,O=C(CCc1ccccc1)c1ccccc1,train,383.53200000000015,4.363800000000004,0.5221442846495119,28,39
subcategory_halogen-walk.remove-F_2027,CC(C)N1C(S)=NC(c2ccccc2)c2cc3c(cc21)OCO3,1,halogen-walk,remove-F,CC(C)N1C(S)=NC(c2ccc(F)cc2)c2cc3c(cc21)OCO3,7 8 9 10 11 12 13,C1=NC(c2ccccc2)c2cc3c(cc2N1)OCO3,test,326.42100000000016,4.018900000000003,0.8465334992961935,23,40
subcategory_halogen-walk.remove-F_2070,Cc1ccccc1[C@@H]1CCN(OS(C)(=O)=O)C[C@H]1COc1ccc2c(c1)OCO2,1,halogen-walk,remove-F,CS(=O)(=O)ON1CC[C@@H](c2ccc(F)cc2)[C@H](COc2ccc3c(c2)OCO3)C1,0 1 2 3 4 5 6 8 9 10 11 12 13 14 15 16 17 18 19 20 21 22 23 24 25 26 27 28,c1ccc([C@@H]2CCNC[C@H]2COc2ccc3c(c2)OCO3)cc1,train,419.4990000000002,3.099420000000002,0.7122231275743952,29,56
subcategory_halogen-walk.remove-F_2300,CCCCc1cccc(N2CCN(c3ccc(-c4ncns4)nn3)CC2)c1,1,halogen-walk,remove-F,FC(F)(F)c1cccc(N2CCN(c3ccc(-c4ncns4)nn3)CC2)c1,0 1 2 3 5 6 7 8 9 10 11 12 13 14 15 16 17 18 19 20 21 22 23 24 25,c1ccc(N2CCN(c3ccc(-c4ncns4)nn3)CC2)cc1,train,380.5210000000001,3.6643000000000026,0.6503578760738726,27,42
subcategory_halogen-walk.remove-F_2779,OCCCc1cc2c(cc1OC[C@@H]1CNCCC1c1ccccc1)OCO2,1,halogen-walk,remove-F,OCCCc1cc2c(cc1OC[C@@H]1CNCCC1c1ccc(F)cc1)OCO2,0 1 2 3 4 5 6 7 8 9 10 11 12 13 14 15 16 18 19 20 21 22 23 24 25 26,c1ccc(C2CCNC[C@H]2COc2ccc3c(c2)OCO3)cc1,train,369.46100000000007,3.112300000000001,0.785325620682848,27,42
subcategory_halogen-walk.remove-F_799,Cc1ccc(C)c(NCc2cnc3nc(N)nc(N)c3c2C)c1,0,authentic,authentic,,,c1ccc(NCc2cnc3ncncc3c2)cc1,train,308.3890000000001,2.72656,0.6872049458632749,23,37
subcategory_halogen-walk.remove-F_559,COc1cc(/C=C/C(=O)c2cc(OC)c(OC)c(OC)c2)cc(OC)c1OC,0,authentic,authentic,,,O=C(/C=C/c1ccccc1)c1ccccc1,train,388.41600000000017,3.6343000000000023,0.47966437052832767,28,48
subcategory_halogen-walk.remove-F_1984,CCOc1cc2c(c(OC)c1OC)-c1ccc(SC)c(=O)cc1C(NC(=O)CNC(=O)CC)CC2,1,halogen-walk,remove-F,CCOc1cc2c(c(OC)c1OC)-c1ccc(SC)c(=O)cc1C(NC(=O)CNC(=O)C(F)(F)F)CC2,0 1 2 3 4 5 6 7 8 9 10 11 12 13 14 15 16 17 18 19 20 21 22 23 24 25 26 27 28 30 31 32 33 34,O=c1cccc2c(c1)CCCc1ccccc1-2,train,500.61700000000036,3.481300000000002,0.5083176228791143,35,59
subcategory_halogen-walk.remove-F_39,CCCNc1cccnc1N1CCN(C(=O)c2cc3ccccc3[nH]2)CC1,0,authentic,authentic,,,O=C(c1cc2ccccc2[nH]1)N1CCN(c2ccccn2)CC1,train,363.4650000000001,3.3472000000000017,0.7296580902311408,27,43
subcategory_halogen-walk.remove-F_1470,CCc1ccc(O[C@H](CCNC)c2ccccc2)cc1,1,halogen-walk,remove-F,CNCC[C@@H](Oc1ccc(C(F)(F)F)cc1)c1ccccc1.Cl,0 1 3 4 5 6 7 8 9 10 11 12 13 14 15 16 17 18,c1ccc(COc2ccccc2)cc1,train,269.388,3.978600000000003,0.8206455425155137,20,32
subcategory_halogen-walk.remove-F_2774,C=COc1ccc(Oc2ccc(C(F)(F)F)cc2C(=O)NC2CCNC(=O)C2)cc1,1,halogen-walk,remove-F,O=C1CC(NC(=O)c2cc(C(F)(F)F)ccc2Oc2ccc(OC(F)(F)F)cc2)CCN1,0 1 2,O=C1CC(NC(=O)c2ccccc2Oc2ccccc2)CCN1,train,420.38700000000017,4.028400000000002,0.6922683223711332,30,51
subcategory_halogen-walk.remove-F_1847,COc1ccccc1CN1CCn2nc(C(=O)NCc3cccc(C)c3)cc2C1=O,1,halogen-walk,remove-F,COc1ccccc1CN1CCn2nc(C(=O)NCc3ccc(F)cc3)cc2C1=O,0 1 2 3 4 5 6 7 8 9 10 11 12 13 14 15 16 17 19 20 21 22 23 24 25 26 27 28 29,O=C(NCc1ccccc1)c1cc2n(n1)CCN(Cc1ccccc1)C2=O,train,404.47000000000014,2.7861200000000013,0.685481844267189,30,46
subcategory_halogen-walk.remove-F_2795,CN(C)CCCc1cc2c(c(-c3ccccc3)c1C#N)COC2,1,halogen-walk,remove-F,CN(C)CCCc1cc2c(c(-c3ccc(F)cc3)c1C#N)COC2,0 1 2 3 4 5 6 7 8 9 11 12 13 14 15 16 17 18 19 20 21 22,c1ccc(-c2cccc3c2COC3)cc1,train,306.4090000000001,3.7496800000000032,0.8438403868139815,23,37
subcategory_halogen-walk.remove-F_766,C=CCn1c(=O)c2cc(C(=O)O)cn2c2ccccc21,0,authentic,authentic,,,O=c1[nH]c2ccccc2n2cccc12,train,268.272,2.1384,0.7400831664204096,20,35
subcategory_halogen-walk.remove-F_574,COCCCOc1ccc(C(O)C2OC(=O)c3c(OC)cc(OC)cc32)cc1,0,authentic,authentic,,,O=C1OC(Cc2ccccc2)c2ccccc21,train,388.4160000000001,3.0642000000000014,0.5220377845564589,28,45
subcategory_halogen-walk.remove-F_1183,CCN(CC)CCNC(=O)c1c(C)[nH]c(/C=C2\C(=O)Nc3ccccc32)c1C,0,authentic,authentic,,,O=C1Nc2ccccc2/C1=C/c1ccc[nH]1,train,380.49200000000013,3.1958400000000013,0.6457599185457328,28,52
subcategory_halogen-walk.remove-F_2005,Cc1ccccc1C(C#N)(CCc1ccc(C(F)(F)F)cc1)Cn1cncn1,1,halogen-walk,remove-F,N#CC(CCc1ccc(C(F)(F)F)cc1)(Cn1cncn1)c1ccc(F)cc1,0 1 2 3 4 5 6 8 9 10 11 12 13 14 15 16 17 18 19 20 21 22 23 24 25 26 27,c1ccc(CCC(Cn2cncn2)c2ccccc2)cc1,train,384.40500000000003,4.699700000000004,0.6190153622082536,28,45
subcategory_halogen-walk.remove-F_683,CC(=O)O.CCCCOc1ccc(OCC(F)(F)F)c(C(=O)NCC2CCCCN2)c1,0,authentic,authentic,,,O=C(NCC1CCCCN1)c1ccccc1,train,448.48200000000026,3.769400000000002,0.49790660649822166,31,50
subcategory_halogen-walk.remove-F_2721,Clc1ccc2c(c1)c(C1=CCNCC1)cn2-c1ccccc1,1,halogen-walk,remove-F,Fc1ccc(-n2cc(C3=CCNCC3)c3cc(Cl)ccc32)cc1,0 1 2 3 4 5 6 7 8 9 10 11 12 13 14 16 17 18 19 20,C1=C(c2cn(-c3ccccc3)c3ccccc23)CCNC1,train,308.81199999999995,4.660600000000003,0.7282831744575528,22,37
subcategory_halogen-walk.remove-F_709,CCCCC(=O)N(C)CCCNc1ccnc2cc(Cl)ccc12,0,authentic,authentic,,,c1ccc2ncccc2c1,train,333.863,4.3388000000000035,0.7308287960736511,23,35
subcategory_halogen-walk.remove-F_2201,C=C(c1ccccc1)C(O)(Cn1cncn1)c1ccc(F)cc1,1,halogen-walk,remove-F,C=C(c1ccc(F)cc1)C(O)(Cn1cncn1)c1ccc(F)cc1,0 2 3 4 5 6 7 8 9 10 11 12 13 14 15 16 17 18 19 20 21 22,C=C(c1ccccc1)C(Cn1cncn1)c1ccccc1,train,309.344,3.0184000000000015,0.7879773888304419,23,38
subcategory_halogen-walk.remove-F_1993,COc1ccc2c(c1)c(CC(=O)Nc1cccc(C)c1)c(C)n2C(=O)c1ccc(Cl)cc1,1,halogen-walk,remove-F,COc1ccc2c(c1)c(CC(=O)Nc1ccc(F)c(Cl)c1)c(C)n2C(=O)c1ccc(Cl)cc1,0 1 2 3 4 5 6 7 8 9 10 11 13 14 15 16 17 18 19 20 21 22 23 24 25 26 27 28 29 30 31,O=C(Cc1cn(C(=O)c2ccccc2)c2ccccc12)Nc1ccccc1,train,446.9340000000002,5.789840000000004,0.4217612521275148,32,57
subcategory_halogen-walk.remove-F_2753,NCc1ccc(C2C(CCC(O)c3ccccc3)C(=O)N2c2ccccc2)cc1,1,halogen-walk,remove-F,NCc1ccc(C2C(CCC(O)c3ccccc3)C(=O)N2c2ccc(F)cc2)cc1,0 1 2 3 4 5 6 7 8 9 10 11 12 13 14 15 16 17 18 19 21 22 23 24 25 26 27 28,O=C1C(CCCc2ccccc2)C(c2ccccc2)N1c1ccccc1,train,386.49500000000006,4.3632000000000035,0.5929412179482645,29,46
subcategory_halogen-walk.remove-F_1732,OC[C@@H]1CO[C@@](Cn2cncn2)(c2ccccc2)C1,1,halogen-walk,remove-F,OC[C@@H]1CO[C@@](Cn2cncn2)(c2ccc(F)cc2F)C1,0 1 2 3 4 6 7 8 9 10 11 12 13 14 15 16 17,c1ccc([C@@]2(Cn3cncn3)CCCO2)cc1,train,259.3090000000001,1.2023999999999992,0.8960352704911249,19,38
subcategory_halogen-walk.remove-F_1571,CCc1nn(-c2ccc(OC)cc2)c2c1CCN(CC(=O)OC(C)(C)C)C2=O,1,halogen-walk,remove-F,COc1ccc(-n2nc(C(F)(F)F)c3c2C(=O)N(CC(=O)OC(C)(C)C)CC3)cc1,0 1 3 4 5 6 7 8 9 10 11 12 13 14 15 16 17 18 19 20 21 22 23 24 25 26 27,O=C1NCCc2cnn(-c3ccccc3)c21,train,385.46400000000017,2.7833000000000014,0.7401998962446145,28,49
subcategory_halogen-walk.remove-F_2354,COC(=O)CC(=O)CC(O)/C=C/c1c(C(C)C)nn2c(C)cc(-c3ccccc3)c2c1-c1ccccc1,1,halogen-walk,remove-F,COC(=O)CC(=O)CC(O)/C=C/c1c(C(C)C)nn2c(C)cc(-c3ccccc3)c2c1-c1ccc(F)cc1,30 31 32 33 34 35 36,c1ccc(-c2ccnn3ccc(-c4ccccc4)c23)cc1,test,496.60700000000026,5.9965200000000065,0.22716679688622451,37,66
subcategory_halogen-walk.remove-F_564,CCO.Cl.O=C(O)COCCN1CCN(C(c2ccccc2)c2ccc(Cl)cc2)CC1,0,authentic,authentic,,,c1ccc(C(c2ccccc2)N2CCNCC2)cc1,train,471.4250000000002,3.5686000000000018,0.5740087423497112,31,50
subcategory_halogen-walk.remove-F_2442,Cc1ccccc1C(CN)C(O)c1ccccc1,1,halogen-walk,remove-F,COc1cc(C(O)C(CN)c2ccccc2C)ccc1F,10 12 13 14 15 16 17,c1ccc(CCc2ccccc2)cc1,train,241.334,2.770920000000001,0.8642628357577706,18,26
subcategory_halogen-walk.remove-F_2609,COc1ccc(C2C(CCC(c3ccccc3C)C3CC3)C(=O)N2c2ccc(O)cc2)cc1,1,halogen-walk,remove-F,COc1ccc(C2C(CCC(c3ccc(F)cc3)C3CC3)C(=O)N2c2ccc(O)cc2)cc1,10 11 12 13 14 15 16 17,O=C1C(CCC(c2ccccc2)C2CC2)C(c2ccccc2)N1c1ccccc1,val,441.5710000000002,6.387320000000006,0.4123045835663326,33,54
subcategory_halogen-walk.remove-F_2503,COc1ccc([C@@H]2[C@@H](CCOc3cccc(C)c3)C(=O)N2c2ccccc2)cc1,1,halogen-walk,remove-F,COc1ccc([C@@H]2[C@@H](CCOc3ccc(F)cc3F)C(=O)N2c2ccccc2)cc1,0 1 2 3 4 5 6 7 8 9 11 12 13 14 15 16 17 18 19 20 21 22 23 24 25 26 27 28,O=C1[C@H](CCOc2ccccc2)[C@@H](c2ccccc2)N1c1ccccc1,train,387.47900000000004,5.176820000000005,0.5246770297224339,29,56
subcategory_halogen-walk.remove-F_2092,CCCc1ccc(O[C@@H](CCN)c2cccc(F)c2)cc1,1,halogen-walk,remove-F,NCC[C@H](Oc1ccc(C(F)(F)F)cc1)c1cccc(F)c1,0 1 2 4 5 6 7 8 9 10 11 12 13 14 15 16 17 18 19,c1ccc(COc2ccccc2)cc1,train,287.37799999999993,4.247100000000002,0.8260423440033298,21,36
subcategory_halogen-walk.remove-F_579,COc1cccc(-c2cc(O)c3cc(OC)ccc3n2)c1,0,authentic,authentic,,,c1ccc(-c2ccc3ccccc3n2)cc1,train,281.311,3.6246000000000027,0.7962351454786704,21,34
subcategory_halogen-walk.remove-F_1529,O=S(=O)(c1ccc(F)cc1)N1CCC(c2ccccc2)C(COc2ccc3c(c2)OCO3)C1,1,halogen-walk,remove-F,O=S(=O)(c1ccc(F)cc1)N1CCC(c2ccc(F)cc2)C(COc2ccc3c(c2)OCO3)C1,0 1 2 3 4 5 6 7 8 9 10 11 12 14 15 16 17 18 19 20 21 22 23 24 25 26 27 28 29 30 31 32,O=S(=O)(c1ccccc1)N1CCC(c2ccccc2)C(COc2ccc3c(c2)OCO3)C1,train,469.5340000000003,4.427800000000004,0.5345742127577285,33,57
subcategory_halogen-walk.remove-F_749,C=C(CCN)c1cccc(OCC2CCCCC2)c1,0,authentic,authentic,,,c1ccc(OCC2CCCCC2)cc1,train,259.39299999999986,4.007700000000003,0.8374896623832665,19,28
subcategory_halogen-walk.remove-F_479,Cc1ccc(/C=N/Nc2nnc(N/N=C/c3ccc(C)cc3)c3ccccc23)cc1,0,authentic,authentic,,,C(=N\Nc1nnc(N/N=C/c2ccccc2)c2ccccc12)/c1ccccc1,train,394.48200000000014,5.138640000000004,0.3507640682121253,30,50
subcategory_halogen-walk.remove-F_1250,CC1CCC(=NN(C)c2ccccc2)c2ncc(C(=O)O)c(=O)n21,0,authentic,authentic,,,O=c1ccnc2n1CCCC2=NNc1ccccc1,train,326.3560000000001,2.1368,0.8731338306450266,24,43
subcategory_halogen-walk.remove-F_977,N#Cc1cccc(F)c1-c1cc(Nc2ccc(C(=O)N3CCCC3)cc2)c2c(n1)CNC2=O,0,authentic,authentic,,,O=C1NCc2nc(-c3ccccc3)cc(Nc3ccc(C(=O)N4CCCC4)cc3)c21,test,441.4660000000003,3.9823800000000027,0.6382184889781629,33,57
subcategory_halogen-walk.remove-F_482,C[N+]1(C)[C@@H]2CC(OC(=O)C(O)(c3cccs3)c3cccs3)C[C@H]1C[C@H]1O[C@H]1C2,0,authentic,authentic,,,O=C(OC1C[C@@H]2C[C@@H]3O[C@@H]3C[C@H](C1)[NH2+]2)C(c1cccs1)c1cccs1,val,420.5760000000002,3.1259000000000015,0.46907314379782183,28,69
subcategory_halogen-walk.remove-F_1282,C/C=C\CC/C(C)=C/Cc1c(/C=C/c2ccccc2)c(C(=O)O)c(O)c(CCC(C)C)c1OC,0,authentic,authentic,,,C(=C\c1ccccc1)/c1ccccc1,train,462.63000000000034,7.703100000000009,0.2504009923222237,34,62
subcategory_halogen-walk.remove-F_548,Fc1ccc([C@@H]2CCN(CCCCOc3ccccc3)C[C@H]2COc2ccc3c(c2)OCO3)cc1,0,authentic,authentic,,,c1ccc(OCCCCN2CC[C@@H](c3ccccc3)[C@H](COc3ccc4c(c3)OCO4)C2)cc1,test,477.57600000000025,5.898100000000006,0.3402632293197818,35,60
subcategory_halogen-walk.remove-F_347,CC(C)C=CN1CC[C@@H](c2ccc(F)cc2)[C@H](COc2ccc3c(c2)OCO3)C1,0,authentic,authentic,,,c1ccc([C@@H]2CCNC[C@H]2COc2ccc3c(c2)OCO3)cc1,train,397.49000000000024,5.208600000000006,0.6696564216046289,29,57
subcategory_halogen-walk.remove-F_2417,C=CCN(C(c1ccccc1)c1ccc(F)cc1)n1cncn1,1,halogen-walk,remove-F,C=CCN(C(c1ccc(F)cc1)c1ccc(F)cc1)n1cncn1,4 5 6 7 8 9 10,c1ccc(C(Nn2cncn2)c2ccccc2)cc1,train,308.36,3.3308000000000018,0.6550565737298721,23,36
subcategory_halogen-walk.remove-F_1218,CCC(C1OC(c2ccc(F)cc2)c2ccc(C#N)cc21)N(C)C,0,authentic,authentic,,,c1ccc(C2OCc3ccccc32)cc1,train,324.39900000000006,4.198280000000004,0.8455468790235157,24,41
subcategory_halogen-walk.remove-F_706,[2H]c1nc(C(=O)NCCc2c([2H])c([2H])c(S(=O)(=O)NC(=O)NC3CCCCC3)c([2H])c2[2H])c([2H])nc1C,0,authentic,authentic,,,O=C(NC1CCCCC1)NS(=O)(=O)c1ccc(CCNC(=O)c2cnccn2)cc1,train,451.58161066800034,2.0781199999999993,0.5908144691138916,31,85
subcategory_halogen-walk.remove-F_2674,COc1ccc(-c2nc(C)c(C(=O)O)s2)c(OCc2ccccc2)c1,1,halogen-walk,remove-F,COc1ccc(-c2nc(C)c(C(=O)O)s2)c(OCc2ccc(F)cc2)c1,0 1 2 3 4 5 6 7 8 9 10 11 12 13 14 15 16 18 19 20 21 22 23 24,c1ccc(COc2ccccc2-c2nccs2)cc1,train,355.4150000000001,4.404320000000003,0.7094465884669521,25,43
subcategory_halogen-walk.remove-F_1441,COc1ccc2c(c1)c(CC(=O)O)c(C)n2C1CCN(Cc2ccccc2)CC1,0,authentic,authentic,,,c1ccc(CN2CCC(n3ccc4ccccc43)CC2)cc1,test,392.4990000000002,4.422520000000004,0.6745757994792823,29,48
subcategory_halogen-walk.remove-F_1425,c1ccc2sc(C3(N4CCCCCC4)CCCCC3)cc2c1,0,authentic,authentic,,,c1ccc2sc(C3(N4CCCCCC4)CCCCC3)cc2c1,train,313.51,5.936700000000005,0.6632228908697183,22,34
subcategory_halogen-walk.remove-F_467,CNc1ncnnc1-c1cc(Cl)ccc1F,0,authentic,authentic,,,c1ccc(-c2cncnn2)cc1,train,238.653,2.3728000000000007,0.8728224116647834,16,24
subcategory_halogen-walk.remove-F_2792,O=C1N(c2ccccc2)C[C@]1(c1ccc(O)cc1)C(O)CCc1ccc(F)cc1,1,halogen-walk,remove-F,O=C1N(c2ccc(F)cc2)C[C@]1(c1ccc(O)cc1)C(O)CCc1ccc(F)cc1,0 1 3 4 5 6 7 8 9 10 11 12 13 14 15 16 17 18 19 20 21 22 23 24 25 26 27 28,O=C1N(c2ccccc2)C[C@@]1(CCCc1ccccc1)c1ccccc1,test,391.4420000000001,3.809600000000003,0.62844359118776,29,51
subcategory_halogen-walk.remove-F_1607,CC(C)(C)c1nc(-c2ccccc2)cc(-c2ccccc2)c1C=C[C@@H](O)C[C@@H](O)CC(=O)O,1,halogen-walk,remove-F,CC(C)(C)c1nc(-c2ccccc2)cc(-c2ccc(F)cc2)c1C=C[C@@H](O)C[C@@H](O)CC(=O)O,0 1 2 3 4 5 6 7 8 9 10 11 12 13 15 16 17 18 19 20 21 22 23 24 25 26 27 28 29 30 31 32,c1ccc(-c2ccnc(-c3ccccc3)c2)cc1,train,445.5590000000002,5.312900000000008,0.43693150380161766,33,67
subcategory_halogen-walk.remove-F_1591,CC(C)N(CCC(CCN1CCCCC1)(C(N)=O)c1ccccc1)C(C)C,1,halogen-walk,remove-F,CC(C)N(CCC(CCN1CCCCC1)(C(N)=O)c1ccc(F)cc1)C(C)C,6 18 19 20 21 22 23,c1ccc(CCCN2CCCCC2)cc1,train,373.58500000000004,3.7946000000000017,0.6786374882992302,27,44
subcategory_halogen-walk.remove-F_2712,C=Cc1nn(-c2ccc(OC)cc2)c2c1CCN(CC(=O)N1CCc3ccccc3C1)C2=O,1,halogen-walk,remove-F,COc1ccc(-n2nc(C(F)(F)F)c3c2C(=O)N(CC(=O)N2CCc4ccccc4C2)CC3)cc1,0 1 3 4 5 6 7 8 9 10 11 12 13 14 15 16 17 18 19 20 21 22 23 24 25 26 27 28 29 30 31 32,O=C(CN1CCc2cnn(-c3ccccc3)c2C1=O)N1CCc2ccccc2C1,train,442.51900000000023,3.1071000000000017,0.6090580863222849,33,55
subcategory_halogen-walk.remove-F_1283,COc1ccc(C(=O)C2CCCN(C(=O)C3=CCCC3)C2)cc1OC,0,authentic,authentic,,,O=C(c1ccccc1)C1CCCN(C(=O)C2=CCCC2)C1,train,343.4230000000001,3.235400000000002,0.7703681743070313,25,42
subcategory_halogen-walk.remove-F_2161,COc1ccccc1C1(O)CCC(OCc2ccccc2C)CC1CN(C)C,1,halogen-walk,remove-F,COc1ccccc1C1(O)CCC(OCc2ccc(F)cc2)CC1CN(C)C,0 1 2 3 4 5 6 7 8 9 10 11 12 13 15 16 17 18 19 20 21 22 23 24 25 26 27,c1ccc(COC2CCC(c3ccccc3)CC2)cc1,train,383.53200000000015,4.138320000000003,0.7802998294740171,28,40
subcategory_halogen-walk.remove-F_2004,C=CC(=O)NCC(=O)NC1CCc2cc(OC)c(OC)c(OC)c2-c2ccc(OC)c(=O)cc21,1,halogen-walk,remove-F,COc1cc2c(c(OC)c1OC)-c1ccc(OC)c(=O)cc1C(NC(=O)CNC(=O)C(F)(F)F)CC2,0 1 2,O=c1cccc2c(c1)CCCc1ccccc1-2,train,468.50600000000026,2.1539,0.5711566077500924,34,59
subcategory_halogen-walk.remove-F_1074,COc1ccc(-n2nc(C(F)(F)F)c3c2C(=O)N(CCCCCN)CC3)cc1,0,authentic,authentic,,,O=C1NCCc2cnn(-c3ccccc3)c21,train,396.4130000000003,3.027000000000001,0.7304904272423912,28,48
subcategory_halogen-walk.remove-F_2640,Cc1[nH]c(/C=C\C(=O)Nc2ccccc2)c(C)c1C(=O)NCc1ccncc1,1,halogen-walk,remove-F,Cc1[nH]c(/C=C2\C(=O)Nc3ccc(F)cc32)c(C)c1C(=O)NCc1ccncc1,8 9 10 11 12 13 14,O=C1Nc2ccccc2/C1=C/c1cc(C(=O)NCc2ccncc2)c[nH]1,train,374.4440000000001,3.6084400000000025,0.5761849983618943,28,50
subcategory_halogen-walk.remove-F_1874,C[C@@H](C/C=C/c1ccc(C(C)(C)C)cc1)[C@](O)(Cn1cncn1)c1ccccc1,1,halogen-walk,remove-F,C[C@@H](C/C=C/c1ccc(C(C)(C)C)cc1)[C@](O)(Cn1cncn1)c1ccc(F)cc1F,0 1 2 3 4 5 6 7 8 9 10 11 12 13 14 16 17 18 19 20 21 22 23 24 25 26 27,C(=C\c1ccccc1)/CCC(Cn1cncn1)c1ccccc1,train,389.543,5.203000000000006,0.6038982959438113,29,58
subcategory_halogen-walk.remove-F_807,Cc1[nH]c(/C=C2\C(=O)Nc3ccc(C(=O)N[C@H](C)Cc4ccc(F)cc4)cc32)c(C)c1NC(=O)CCl,0,authentic,authentic,,,O=C1Nc2ccc(C(=O)NCCc3ccccc3)cc2/C1=C/c1ccc[nH]1,train,508.9810000000002,4.8016400000000035,0.27204322976597445,36,74
subcategory_halogen-walk.remove-F_1335,COc1ccc2c3c1O[C@H]1C[C@@H](O)C=C[C@@]31CCN(C(=O)CN1CCCCC1)C2,0,authentic,authentic,,,O=C(CN1CCCCC1)N1CC[C@@]23C=CCC[C@@H]2Oc2cccc(c23)C1,train,398.5030000000003,2.2329999999999997,0.7915390193540567,29,60
subcategory_halogen-walk.remove-F_1498,Cc1cccc(C2(c3ccc(CC(C)C)cc3)NC(=O)NC2=O)c1,1,halogen-walk,remove-F,Cc1cccc(C2(c3ccc(C(F)(F)F)cc3)NC(=O)NC2=O)c1,10 11 12 13 14,O=C1NC(=O)C(c2ccccc2)(c2ccccc2)N1,train,322.408,3.2765200000000005,0.8488321735683476,24,42
subcategory_halogen-walk.remove-F_765,Nc1ncnc2c1ncn2C1OCC(O)C(O)C1O,0,authentic,authentic,,,c1ncc2ncn(C3CCCCO3)c2n1,train,267.245,-1.9800000000000006,0.4657867280934672,19,29
subcategory_halogen-walk.remove-F_2605,c1ccc(CCN2CCC(Cc3ccccc3)CC2)cc1,1,halogen-walk,remove-F,Fc1ccc(CC2CCN(CCc3ccccc3)CC2)cc1,0 1 2 3 4 5 6 7 8 9 11 12 13 14 15 16 17 18 19 20,c1ccc(CCN2CCC(Cc3ccccc3)CC2)cc1,train,279.427,4.183800000000003,0.7932242552124701,21,31
subcategory_halogen-walk.remove-F_416,COC(=O)[C@@H]1CCCN1C(=O)[C@H](CC(C)C)NC(=O)[C@@H](N)Cc1ccccc1,0,authentic,authentic,,,O=C(CCc1ccccc1)NCC(=O)N1CCCC1,val,389.49600000000015,1.2513000000000012,0.6517785140834641,28,61
subcategory_halogen-walk.remove-F_2364,Cc1ccc([C@@H]2C=C(c3cccc(C)c3)Nc3ncnn32)cc1,1,halogen-walk,remove-F,Cc1ccc([C@@H]2C=C(c3ccc(F)c(F)c3)Nc3ncnn32)cc1,0 1 2 3 4 5 6 8 9 10 11 12 13 14 15 16 17 18 19 20 21 22,C1=C(c2ccccc2)Nc2ncnn2[C@@H]1c1ccccc1,train,302.38100000000003,3.950940000000002,0.779137027654477,23,43
subcategory_halogen-walk.remove-F_256,O=C1NC(=O)C(Cc2ccccc2F)(C2CCN(Cc3ccc(F)cc3)CC2)N1,0,authentic,authentic,,,O=C1NC(=O)C(Cc2ccccc2)(C2CCN(Cc3ccccc3)CC2)N1,test,399.44100000000014,2.997700000000001,0.7602514471449204,29,49
subcategory_halogen-walk.remove-F_1140,NS(=O)(=O)c1cc(C(=O)On2c(O)ccc2O)c(NCc2ccco2)cc1Cl,0,authentic,authentic,,,O=C(On1cccc1)c1ccccc1NCc1ccco1,val,427.8220000000001,1.6742,0.46225146261589967,28,50
subcategory_halogen-walk.remove-F_842,CN(C)CCN=C1Nc2cc(Cl)ccc2Nc2ccccc21,0,authentic,authentic,,,N=C1Nc2ccccc2Nc2ccccc21,val,314.82000000000005,3.817300000000002,0.9045101054554484,22,34
subcategory_halogen-walk.remove-F_879,CNCC[C@@H](Oc1ccc(C(F)(F)F)cc1)c1ccccc1.[Cl-],0,authentic,authentic,,,c1ccc(COc2ccccc2)cc1,train,344.784,1.4389999999999998,0.855997184330244,23,45
subcategory_halogen-walk.remove-F_18,COc1c(C)cnc(CS(=O)c2nc3cc4c(cc3[nH]2)OC(F)(F)CO4)c1OC,0,authentic,authentic,,,O=S(Cc1ccccn1)c1nc2cc3c(cc2[nH]1)OCCO3,train,425.4130000000001,2.9553200000000004,0.6714761151780136,29,53
subcategory_halogen-walk.remove-F_1592,CS(=O)(=O)C(F)C(O)(Cn1cncn1)c1ccccc1,1,halogen-walk,remove-F,CS(=O)(=O)C(F)C(O)(Cn1cncn1)c1ccc(F)cc1F,0 1 2 3 4 5 7 8 9 10 11 12 13 14 15 16 17 18,c1ccc(CCn2cncn2)cc1,train,299.32700000000006,0.5060999999999993,0.869045043914811,20,36
subcategory_halogen-walk.remove-F_1759,O=C1[C@H](CC[C@H](O)c2ccccc2)[C@@H](c2ccc(O)cc2)N1c1ccc(Br)cc1,1,halogen-walk,remove-F,O=C1[C@H](CC[C@H](O)c2ccc(F)cc2)[C@@H](c2ccc(O)cc2)N1c1ccc(Br)cc1,0 1 2 3 4 6 7 8 9 10 11 12 13 14 15 16 17 18 19 20 21 22 23 24 25 26 27 28,O=C1[C@H](CCCc2ccccc2)[C@@H](c2ccccc2)N1c1ccccc1,train,452.34800000000007,5.372600000000004,0.4945468625743493,29,62
subcategory_halogen-walk.remove-F_2637,O=C(Oc1ccccc1)N1CCC(c2ccccc2)C(COc2ccc3c(c2)OCO3)C1,1,halogen-walk,remove-F,O=C(Oc1ccccc1)N1CCC(c2ccc(F)cc2)C(COc2ccc3c(c2)OCO3)C1,0 1 2 3 4 5 6 7 8 9 10 11 13 14 15 16 17 18 19 20 21 22 23 24 25 26 27 28 29 30 31,O=C(Oc1ccccc1)N1CCC(c2ccccc2)C(COc2ccc3c(c2)OCO3)C1,train,431.4880000000002,5.098800000000004,0.5626720983215148,32,51
subcategory_halogen-walk.remove-F_1841,CN(C)CCCC1OC(c2ccccc2)c2ccc(C#N)cc21,1,halogen-walk,remove-F,CN(C)CCCC1OC(c2ccc(F)cc2)c2ccc(C#N)cc21,0 1 2 3 4 5 6 7 9 10 11 12 13 14 15 16 17 18 19 20 21 22,c1ccc(C2OCc3ccccc32)cc1,train,306.40900000000005,4.060780000000003,0.8354924170094302,23,36
subcategory_halogen-walk.remove-F_808,OCCCCC/C=C/c1cc2c(cc1OC[C@@H]1CNCC[C@H]1c1ccc(F)cc1)OCO2,0,authentic,authentic,,,c1ccc([C@@H]2CCNC[C@H]2COc2ccc3c(c2)OCO3)cc1,train,441.5430000000002,4.892400000000005,0.514192668430945,32,56
subcategory_halogen-walk.remove-F_2515,Cc1ccc(/C=C/C[C@H](C)[C@](O)(Cn2cncn2)c2ccccc2)cc1,1,halogen-walk,remove-F,Cc1ccc(/C=C/C[C@H](C)[C@](O)(Cn2cncn2)c2ccc(F)cc2F)cc1,0 1 2 3 4 5 6 7 8 9 11 12 13 14 15 16 17 18 19 20 21 22 23 24 25,C(=C\c1ccccc1)/CCC(Cn1cncn1)c1ccccc1,train,347.46200000000005,4.213920000000003,0.6962644021431447,26,50
subcategory_halogen-walk.remove-F_119,CCOC(=O)C1(CCCc2ccc(OC)cc2)CO1,0,authentic,authentic,,,c1ccc(CCCC2CO2)cc1,train,264.321,2.3500000000000005,0.5600358071885482,19,30
subcategory_halogen-walk.remove-F_2669,Cc1ccccc1C(=O)C(C)NC(C)COC(=O)c1cc(S(N)(=O)=O)c(Cl)cc1NCc1ccco1,1,halogen-walk,remove-F,CC(COC(=O)c1cc(S(N)(=O)=O)c(Cl)cc1NCc1ccco1)NC(C)C(=O)c1cc(F)cc(F)c1,0 1 2 3 4 5 6 7,O=C(CNCCOC(=O)c1ccccc1NCc1ccco1)c1ccccc1,train,534.0340000000002,3.9072200000000024,0.24872916167747489,36,63
subcategory_halogen-walk.remove-F_1770,O=C1[C@H](CC[C@H](O)c2ccccc2)[C@@H](c2ccccc2)N1c1ccccc1,1,halogen-walk,remove-F,O=C1[C@H](CC[C@H](O)c2ccccc2)[C@@H](c2ccccc2)N1c1ccc(F)cc1,0 1 2 3 4 5 6 7 8 9 10 11 12 13 14 15 16 17 18 19 21 22 23 24 25,O=C1[C@H](CCCc2ccccc2)[C@@H](c2ccccc2)N1c1ccccc1,train,357.4530000000001,4.904500000000004,0.6372513026014601,27,55
subcategory_halogen-walk.remove-F_763,COc1nc(COC(=O)NC(C)C)c(COC(=O)NC(C)C)n1C,0,authentic,authentic,,,c1c[nH]cn1,train,342.396,1.6978999999999997,0.7814738472794717,24,40
subcategory_halogen-walk.remove-F_755,COc1cccc(Sc2c(C)c(=O)[nH]c(=O)n2COCCO)c1,0,authentic,authentic,,,O=c1cc(Sc2ccccc2)[nH]c(=O)[nH]1,train,338.3850000000001,0.9712199999999998,0.5771364830671314,23,40
subcategory_halogen-walk.remove-F_1659,CC(CCc1ccccc1)NC(=O)CCN(Cc1ccccc1)C(=O)c1cnccn1,1,halogen-walk,remove-F,CC(CCc1ccccc1)NC(=O)CCN(Cc1ccc(F)cc1)C(=O)c1cnccn1,0 1 2 3 4 5 6 7 8 9 10 11 12 13 14 15 17 18 19 20 21 22 23 24 25 26 27 28 29 30,O=C(CCN(Cc1ccccc1)C(=O)c1cnccn1)NCCCc1ccccc1,train,416.52500000000003,3.646600000000003,0.5474549646856312,31,47
subcategory_halogen-walk.remove-F_949,COc1cc(N)c(Cl)cc1C(=O)NC[C@@H]1CCN(Cc2ccccc2)C1,0,authentic,authentic,,,O=C(NC[C@@H]1CCN(Cc2ccccc2)C1)c1ccccc1,val,373.8840000000001,3.1827000000000023,0.7629704972919963,26,47
subcategory_halogen-walk.remove-F_1892,COc1cc2c(c(OC)c1OC)-c1ccc(O)c(=O)cc1C(NC(=O)c1ccccc1)CC2,1,halogen-walk,remove-F,COc1cc2c(c(OC)c1OC)-c1ccc(O)c(=O)cc1C(NC(=O)c1ccc(F)cc1)CC2,0 1 2 3 4 5 6 7 8 9 10 11 12 13 14 15 16 17 18 19 20 21 22 24 25 26 27 28 29 30 31 32,O=C(NC1CCc2ccccc2-c2cccc(=O)cc21)c1ccccc1,train,447.4870000000002,3.8625000000000025,0.6169124795181181,33,56
subcategory_halogen-walk.remove-F_1746,CCc1cc(-c2ccccc2)c(/C=C/[C@H](O)C[C@H](O)CC(=O)O)c(CC)n1,1,halogen-walk,remove-F,CCc1cc(-c2ccc(F)cc2)c(/C=C/[C@H](O)C[C@H](O)CC(=O)O)c(CC)n1,0 1 2 3 5 6 7 8 9 10 11 12 13 14 15 16 17 18 19 20 21 22 23 24 25 26,c1ccc(-c2ccncc2)cc1,train,369.4610000000002,3.473200000000001,0.6295208722872261,27,56
subcategory_halogen-walk.remove-F_2293,CC(C)n1c(C=CC(O)C[C@@H](O)CC(=O)O)c(-c2ccccc2)c2ccccc21,1,halogen-walk,remove-F,CC(C)n1c(C=CC(O)C[C@@H](O)CC(=O)O)c(-c2ccc(F)cc2)c2ccccc21,0 1 2 3 4 5 6 7 8 9 10 11 12 13 14 15 17 18 19 20 21 22 23 24 25 26 27 28,c1ccc(-c2c[nH]c3ccccc23)cc1,train,393.483,4.489000000000003,0.5265822047315406,29,55
subcategory_halogen-walk.remove-F_1355,O=C(O)COCC[N+]1([O-])CCN([C@@H](c2ccccc2)c2ccc(Cl)cc2)CC1,0,authentic,authentic,,,c1ccc(C(c2ccccc2)N2CC[NH2+]CC2)cc1,train,404.8940000000001,3.160800000000002,0.4153800285023672,28,57
subcategory_halogen-walk.remove-F_655,C=C(F)C=C(CN1C2CCC1CC(F)(CC1Cc3cc(OC)c(OC)cc3C1=O)C2)C(=C)F,0,authentic,authentic,,,O=C1c2ccccc2CC1CC1CC2CCC(C1)N2,train,461.5240000000003,5.676800000000006,0.4673694941358259,33,59
subcategory_halogen-walk.remove-F_2260,CC(C)(O)/C(=C\C[C@H]1C(=O)N(c2ccc(F)cc2)[C@@H]1c1ccc(O)cc1)c1ccccc1,1,halogen-walk,remove-F,CC(C)(O)/C(=C\C[C@H]1C(=O)N(c2ccc(F)cc2)[C@@H]1c1ccc(O)cc1)c1ccc(F)cc1,0 1 2 3 5 6 7 8 9 10 11 12 13 14 15 16 17 18 19 20 21 22 23 24 25 26 27 28 29 30,O=C1[C@H](CC=Cc2ccccc2)[C@@H](c2ccccc2)N1c1ccccc1,train,431.5070000000001,5.480000000000005,0.5082581736973293,32,67
subcategory_halogen-walk.remove-F_714,Fc1ccc(-c2ccc(C3CCNC[C@H]3COc3ccc4c(c3)OCO4)cc2)cc1,0,authentic,authentic,,,c1ccc(-c2ccc(C3CCNC[C@H]3COc3ccc4c(c3)OCO4)cc2)cc1,train,405.4690000000001,4.993500000000004,0.6489754305143736,30,51
subcategory_halogen-walk.remove-F_2113,CCc1ccc(Oc2ccc(C)cc2)c(CNC)c1,1,halogen-walk,remove-F,CNCc1cc(C(F)(F)F)ccc1Oc1ccc(C)cc1,0 1 3 4 5 6 7 8 9 10 11 12 13 14 15 16 17,c1ccc(Oc2ccccc2)cc1,train,255.361,4.0691200000000025,0.8692550885623941,19,29
subcategory_halogen-walk.remove-F_999,CCC(C)C(=O)C(=O)NCCc1c[nH]c2ccccc12,0,authentic,authentic,,,c1ccc2[nH]ccc2c1,train,272.348,2.4418000000000006,0.7933671135575107,20,35
subcategory_halogen-walk.remove-F_673,CC(C)(C)/N=C(/S)Nc1cccc(/C(=C\CCCC(=O)O)c2cccnc2)c1,0,authentic,authentic,,,C=C(c1ccccc1)c1cccnc1,test,397.5440000000001,5.264400000000004,0.2576463766236249,28,51
subcategory_halogen-walk.remove-F_2602,O[C@@](c1ccccc1)(c1ccc(F)cc1)[C@](O)(Cn1cncn1)c1ccccc1,1,halogen-walk,remove-F,O[C@@](c1ccccc1)(c1ccc(F)cc1)[C@](O)(Cn1cncn1)c1ccc(F)cc1,0 1 2 3 4 5 6 7 8 9 10 11 12 13 14 16 17 18 19 20 21 22 23 24 25 26 27,c1ccc(C(Cn2cncn2)C(c2ccccc2)c2ccccc2)cc1,train,389.43,3.241100000000001,0.5311409498621981,29,54
subcategory_halogen-walk.remove-F_2563,C=CCNCC(=O)NC1CCc2cc(OC)c(OC)c(OCC)c2-c2ccc(OC)c(=O)cc21,1,halogen-walk,remove-F,CCOc1c(OC)c(OC)cc2c1-c1ccc(OC)c(=O)cc1C(NC(=O)CNC(=O)C(F)(F)F)CC2,0 1 2 3,O=c1cccc2c(c1)CCCc1ccccc1-2,train,468.5500000000003,3.017400000000001,0.40884248860140265,34,56
subcategory_halogen-walk.remove-F_92,N#Cc1ccc(Cn2cncn2)c(-c2ccccc2)c1,0,authentic,authentic,,,c1ccc(-c2ccccc2Cn2cncn2)cc1,train,260.3,2.8650800000000007,0.7272376360565629,20,32
subcategory_halogen-walk.remove-F_471,CCOC(=O)C1Cc2ccccc2N1C(=O)[C@H](C)C[C@@H](C)C(=O)O,0,authentic,authentic,,,c1ccc2c(c1)CCN2,train,333.3840000000001,2.2542999999999997,0.8073420626734941,24,50
subcategory_halogen-walk.remove-F_183,CO[C@]12CC[C@@]3(C[C@@H]1[C@@H](O)C(C)C)[C@H]1Cc4ccc(O)c5c4[C@@]3(CCN1CC1CC1)[C@H]2O5,0,authentic,authentic,,,c1cc2c3c(c1)O[C@H]1C4CCC5(CC4)[C@@H](C2)N(CC2CC2)CC[C@]315,train,439.59600000000034,3.633600000000002,0.7336469539344421,32,85
subcategory_halogen-walk.remove-F_1229,Cc1cc(=O)[nH]c2cc(OCCCN3CCN(c4cccc(Cl)c4)CC3)ccc12,0,authentic,authentic,,,O=c1ccc2ccc(OCCCN3CCN(c4ccccc4)CC3)cc2[nH]1,train,411.93300000000005,4.081020000000003,0.620715128645187,29,50
subcategory_halogen-walk.remove-F_275,CC(C)(C)OC(=O)N1CC[C@H](c2ccc(F)cc2)[C@H](COc2ccc3c(c2)OCO3)C1,0,authentic,authentic,,,c1ccc([C@H]2CCNC[C@H]2COc2ccc3c(c2)OCO3)cc1,train,429.4880000000003,4.974000000000005,0.6865956604332205,31,62
subcategory_halogen-walk.remove-F_1306,Cc1cc(/C=C2\C(=O)Nc3ccccc32)[nH]c1C,0,authentic,authentic,,,O=C1Nc2ccccc2/C1=C/c1ccc[nH]1,train,238.29000000000002,3.1242400000000012,0.7365043879614916,18,35
subcategory_halogen-walk.remove-F_1853,CON=Cc1ccc2c(c1)COC2(CCCN(C)C)c1ccccc1C,1,halogen-walk,remove-F,CON=Cc1ccc2c(c1)COC2(CCCN(C)C)c1ccc(F)cc1,12 19 20 21 22 23 24 25,c1ccc(C2OCc3ccccc32)cc1,train,352.478,4.090920000000003,0.555869220440088,26,39
subcategory_halogen-walk.remove-F_1794,CC1CCc2cccc3c(-c4ccccc4)c(/C=C/C(O)CC(O)CC(=O)O)n1c23,1,halogen-walk,remove-F,CC1CCc2cccc3c(-c4ccc(F)cc4)c(/C=C/C(O)CC(O)CC(=O)O)n1c23,0 1 2 3 4 5 6 7 8 10 11 12 13 14 15 16 17 18 19 20 21 22 23 24 25 26 27 28 29,c1ccc(-c2cn3c4c(cccc24)CCC3)cc1,train,405.4940000000002,4.415300000000005,0.5435530478142855,30,53
subcategory_halogen-walk.remove-F_399,C=C1CCN(c2cccc(-c3ccc(C(N)=O)c4[nH]c(C)c(C)c34)c2C)C1=O,0,authentic,authentic,,,C=C1CCN(c2cccc(-c3cccc4[nH]ccc34)c2)C1=O,val,373.4560000000002,4.1519600000000025,0.6764837999644596,28,55
subcategory_halogen-walk.remove-F_1950,OC(c1ccccc1)(c1cncnc1)c1cccc(F)c1,1,halogen-walk,remove-F,OC(c1ccc(F)cc1)(c1cncnc1)c1cccc(F)c1,0 2 3 4 5 6 7 8 9 10 11 12 13 14 15 16 17 18 19 20,c1ccc(C(c2ccccc2)c2cncnc2)cc1,val,280.302,2.8999000000000015,0.802088409870672,21,33
subcategory_halogen-walk.remove-F_2565,CCC(F)(F)COc1cc(CS(=O)c2nc3ccccc3[nH]2)ncc1C,1,halogen-walk,remove-F,Cc1cnc(CS(=O)c2nc3ccccc3[nH]2)cc1OCC(F)(F)C(F)(F)F,0 1 2,O=S(Cc1ccccn1)c1nc2ccccc2[nH]1,train,379.4320000000001,3.9982200000000025,0.6737797894043126,26,44
subcategory_halogen-walk.remove-F_1978,CCOCCN1CC[C@H](c2ccccc2)[C@@H](COc2ccc3c(c2)OCO3)C1,1,halogen-walk,remove-F,CCOCCN1CC[C@H](c2ccc(F)cc2)[C@@H](COc2ccc3c(c2)OCO3)C1,8 9 10 11 12 13 14,c1ccc([C@H]2CCNC[C@@H]2COc2ccc3c(c2)OCO3)cc1,train,383.4880000000002,3.936300000000003,0.646043695229147,28,51
subcategory_halogen-walk.remove-F_2870,CCc1ncn(Cc2ccc(-c3ccccc3-c3nn[nH]n3)cc2)c1C(=O)O,1,halogen-walk,remove-F,O=C(O)c1c(C(F)(F)F)ncn1Cc1ccc(-c2ccccc2-c2nn[nH]n2)cc1,0 1 3 4 5 6 7 8 9 10 11 12 13 14 15 16 17 18 19 20 21 22 23 24 25 26,c1ccc(-c2nn[nH]n2)c(-c2ccc(Cn3ccnc3)cc2)c1,train,374.40400000000005,3.0391000000000004,0.5367496843997701,28,48
subcategory_halogen-walk.remove-F_847,COc1ccc(Cl)cc1C(=O)NCCN1CCN(S(=O)(=O)c2ccc(F)cc2)CC1,0,authentic,authentic,,,O=C(NCCN1CCN(S(=O)(=O)c2ccccc2)CC1)c1ccccc1,train,455.93900000000014,2.224,0.6922434460941549,30,52
subcategory_halogen-walk.remove-F_1865,COc1ccc(C(C)CCCN2CCC(C(=O)c3ccccc3C)CC2)cc1OC,1,halogen-walk,remove-F,COc1ccc(C(C)CCCN2CCC(C(=O)c3ccc(F)cc3)CC2)cc1OC,0 1 2 3 4 5 6 7 8 9 10 11 12 13 14 16 17 18 19 20 21 22 23 24 25 26 27 28 29,O=C(c1ccccc1)C1CCN(CCCCc2ccccc2)CC1,train,409.57000000000016,5.490820000000006,0.5133970759742665,30,45
subcategory_halogen-walk.remove-F_1405,Fc1ccc2c(c1)C(N1CCCNCC1)=Nc1cc(Cl)ccc1N2,0,authentic,authentic,,,c1ccc2c(c1)N=C(N1CCCNCC1)c1ccccc1N2,train,344.82099999999997,3.9097000000000017,0.7608462464789121,24,40
subcategory_halogen-walk.remove-F_1277,CCNC(=O)CS(=O)C(c1ccccc1)c1ccccc1,0,authentic,authentic,,,c1ccc(Cc2ccccc2)cc1,train,301.411,2.660800000000001,0.891371446565142,21,33
subcategory_halogen-walk.remove-F_1426,CC(C)(C)OC(=O)N(CCOc1cccc(N(S(=O)(=O)c2ccccc2)S(=O)(=O)c2ccccc2)c1)c1ccncc1,0,authentic,authentic,,,O=S(=O)(c1ccccc1)N(c1cccc(OCCNc2ccncc2)c1)S(=O)(=O)c1ccccc1,train,609.7260000000001,5.486300000000006,0.23144079237988627,42,75
subcategory_halogen-walk.remove-F_580,CCN(CC)CCCC(C)Nc1c(F)cnc2cc(Cl)ccc12,0,authentic,authentic,,,c1ccc2ncccc2c1,train,337.87000000000006,4.949700000000004,0.7383280357290855,23,36
subcategory_halogen-walk.remove-F_475,C[S+]([O-])c1ccc(-c2nc(-c3ccc(F)cc3)c(-c3ccncc3)[nH]2)cc1,0,authentic,authentic,,,c1ccc(-c2nc(-c3ccccc3)c(-c3ccncc3)[nH]2)cc1,train,377.444,4.6822000000000035,0.5251964041458315,27,57
subcategory_halogen-walk.remove-F_2749,CCCc1c(O)n(-c2ccccc2)c2nc3c(c(=O)n(C)c(=O)n3C)n2c1=O,1,halogen-walk,remove-F,CCCc1c(O)n(-c2ccc(F)cc2)c2nc3c(c(=O)n(C)c(=O)n3C)n2c1=O,0 1 2 3 4 5 7 8 9 10 11 12 13 14 15 16 17 18 19 20 21 22 23 24 25 26 27,O=c1[nH]c(=O)c2c(nc3n(-c4ccccc4)ccc(=O)n23)[nH]1,train,381.3920000000001,0.6938999999999997,0.5624748841974471,28,52
subcategory_halogen-walk.remove-F_1703,Cc1cccc(OCCC2CCNC(CCc3ccc4c(c3)OCO4)C2)c1,1,halogen-walk,remove-F,Fc1ccc(OCCC2CCNC(CCc3ccc4c(c3)OCO4)C2)cc1,0 1 2 3 4 5 6 26,c1ccc(OCCC2CCNC(CCc3ccc4c(c3)OCO4)C2)cc1,train,367.48900000000015,4.4936200000000035,0.7824421382181406,27,41
subcategory_halogen-walk.remove-F_1210,O=C1C2C3CCC(CC3)C2C(=O)N1CCCCN1CCC(c2noc3cc(F)ccc23)CC1,0,authentic,authentic,,,O=C1C2C3CCC(CC3)C2C(=O)N1CCCCN1CCC(c2noc3ccccc23)CC1,val,453.5580000000003,4.347700000000004,0.4806579445260948,33,55
subcategory_halogen-walk.remove-F_428,Cc1ccc(C2(C)C(=O)NC(=O)N2C[C@H](N)c2ccccc2)cc1F,0,authentic,authentic,,,O=C1NC(=O)N(CCc2ccccc2)C1c1ccccc1,val,341.386,2.6011200000000008,0.8395395136748071,25,47
subcategory_halogen-walk.remove-F_1977,O=C(NCC(c1ccccc1)S(=O)(=O)c1ccccc1)c1cnccn1,1,halogen-walk,remove-F,O=C(NCC(c1ccccc1)S(=O)(=O)c1ccc(F)cc1)c1cnccn1,0 1 2 3 4 5 6 7 8 9 10 12 13 14 15 16 17 18 19 20 21 22 23 24 25,O=C(NCC(c1ccccc1)S(=O)(=O)c1ccccc1)c1cnccn1,val,367.43000000000006,2.4216000000000006,0.7226839888818805,26,43
subcategory_halogen-walk.remove-F_100,CCNCCN1CCC(c2noc3cc(F)ccc23)CC1,0,authentic,authentic,,,c1ccc2c(C3CCNCC3)noc2c1,train,291.3700000000001,2.7558000000000007,0.8601234934747195,21,31
subcategory_halogen-walk.remove-F_1412,CCn1cc(C(=O)O)c(=O)c2c(N)c(F)c(N3CCNC(C)C3)c(F)c21,0,authentic,authentic,,,O=c1cc[nH]c2cc(N3CCNCC3)ccc12,train,366.36800000000005,1.3781000000000005,0.7098283794127548,26,50
subcategory_halogen-walk.remove-F_617,CNC(C)CC(O)(c1ccccc1)c1cc(OC)ccc1OC,0,authentic,authentic,,,c1ccc(Cc2ccccc2)cc1,train,315.41300000000007,2.9377000000000013,0.824678637312381,23,35
subcategory_halogen-walk.remove-F_2049,COc1ccc(/C=C2\CCCC(CN(C)C)C2(O)Cc2ccccc2)cc1,1,halogen-walk,remove-F,COc1ccc(/C=C2\CCCC(CN(C)C)C2(O)Cc2ccc(F)cc2)cc1,0 1 2 3 4 5 6 7 8 9 10 11 12 13 14 15 17 18 19 20 21 22 23 24 25 26,C(=C1/CCCCC1Cc1ccccc1)/c1ccccc1,train,365.51700000000005,4.414100000000004,0.8227492252299267,27,44
subcategory_halogen-walk.remove-F_2410,CC(C)N(C(=O)C[C@H](O)C[C@H](O)C=Cc1c(-c2ccccc2)c2ccccc2n1C(C)C)C(C)C,1,halogen-walk,remove-F,CC(C)N(C(=O)C[C@H](O)C[C@H](O)C=Cc1c(-c2ccc(F)cc2)c2ccccc2n1C(C)C)C(C)C,0 1 2 3 4 5 6 7 8 9 10 11 12 13 14 16 17 18 19 20 21 22 23 24 25 26 27 28 29 30 31 32 33 34,c1ccc(-c2c[nH]c3ccccc23)cc1,train,476.6610000000002,6.0498000000000065,0.37432365560302644,35,68
subcategory_halogen-walk.remove-F_1896,CC(CCc1ccccc1)NCC(O)c1ccc(O)cc1F,1,halogen-walk,remove-F,CC(CCc1ccc(F)cc1)NCC(O)c1ccc(O)cc1F,0 1 3 4 5 6 7 8 9 10 11 12 13 14 15 16 17 18 19 20 21,c1ccc(CCCNCCc2ccccc2)cc1,train,303.377,3.175600000000002,0.7361682759321432,22,32
subcategory_halogen-walk.remove-F_1602,CCCCN(Cc1ccccc1)CC(O)(Cn1cncn1)c1ccccc1,1,halogen-walk,remove-F,CCCCN(Cc1ccccc1)CC(O)(Cn1cncn1)c1ccc(F)cc1F,0 1 2 3 4 5 6 7 8 9 10 11 12 14 15 16 17 18 19 20 21 22 23 24 25,c1ccc(CNCC(Cn2cncn2)c2ccccc2)cc1,train,364.49300000000005,3.468200000000002,0.5984643511596687,27,39
subcategory_halogen-walk.remove-F_1532,CCc1ccc(-c2ccc(C(=O)N(C)[C@H]3CCN(C(=O)N4CC[C@@H](N(C)CCC(C)(C)c5ccc(Cl)cc5)C4)C3)cc2)cc1,1,halogen-walk,remove-F,CN(CCC(C)(C)c1ccc(Cl)cc1)[C@@H]1CCN(C(=O)N2CC[C@H](N(C)C(=O)c3ccc(-c4ccc(C(F)(F)F)cc4)cc3)C2)C1,0 1 2,O=C(N[C@H]1CCN(C(=O)N2CC[C@@H](NCCCc3ccccc3)C2)C1)c1ccc(-c2ccccc2)cc1,train,615.2620000000002,7.209700000000009,0.2558664926215168,44,89
subcategory_halogen-walk.remove-F_1825,CCOc1ccc(/C=C/C(=O)NCCc2ccc(OC)c(OC(F)F)c2)c(OC(F)F)c1,1,halogen-walk,remove-F,COc1ccc(CCNC(=O)/C=C/c2ccc(OC(F)F)cc2OC(F)F)cc1OC(F)F,0 1 2,O=C(/C=C/c1ccccc1)NCCc1ccccc1,val,457.4200000000001,4.668800000000004,0.3708024920600036,32,54
subcategory_halogen-walk.remove-F_905,N#Cc1ccc(-c2ccc(OCCC(=O)O)cc2)cc1,0,authentic,authentic,,,c1ccc(-c2ccccc2)cc1,train,267.28399999999993,3.078780000000001,0.9032795385821011,20,33
subcategory_halogen-walk.remove-F_2356,CCCCC#C[C@@]1(CC(C)C)OCNc2ccc(Cl)cc21,1,halogen-walk,remove-F,CCCCC#C[C@@]1(C(F)(F)F)OCNc2ccc(Cl)cc21,6 7 8 9 10,c1ccc2c(c1)COCN2,val,305.849,5.174600000000005,0.6114724439924081,21,37
subcategory_halogen-walk.remove-F_2377,CC(=O)Oc1ccc([C@@H]2[C@@H](CC[C@@H](OC(C)=O)c3ccccc3)C(=O)N2c2ccc(F)cc2)cc1,1,halogen-walk,remove-F,CC(=O)Oc1ccc([C@@H]2[C@@H](CC[C@@H](OC(C)=O)c3ccc(F)cc3)C(=O)N2c2ccc(F)cc2)cc1,12 17 18 19 20 21 22,O=C1[C@H](CCCc2ccccc2)[C@@H](c2ccccc2)N1c1ccccc1,train,475.5160000000001,5.539700000000005,0.2430181011341471,35,75
subcategory_halogen-walk.remove-F_2285,O=C1C(CC[C@H](O)c2ccc(F)cc2)[C@@H](c2ccc(O)cc2)N1c1ccccc1,1,halogen-walk,remove-F,O=C1C(CC[C@H](O)c2ccc(F)cc2)[C@@H](c2ccc(O)cc2)N1c1ccc(F)cc1,0 1 2 3 4 5 6 7 8 9 10 11 12 13 14 15 16 17 18 19 20 21 23 24 25 26 27,O=C1C(CCCc2ccccc2)[C@@H](c2ccccc2)N1c1ccccc1,train,391.44200000000006,4.749200000000004,0.5963740096824199,29,57
subcategory_halogen-walk.remove-F_2124,Cc1cccc(C(C)(O)C(O)(Cn2cncn2)c2ccccc2Cl)c1,1,halogen-walk,remove-F,CC(O)(c1ccc(F)cc1)C(O)(Cn1cncn1)c1ccccc1Cl,0 1 2 3 4 5 7 8 9 10 11 12 13 14 15 16 17 18 19 20 21 22 23,c1ccc(CC(Cn2cncn2)c2ccccc2)cc1,train,357.841,3.035420000000002,0.7359048327024406,25,42
subcategory_halogen-walk.remove-F_2091,CCC(F)(F)COc1ccc(-c2nc(C)c(C(=O)O)s2)cc1,1,halogen-walk,remove-F,Cc1nc(-c2ccc(OCC(F)(F)C(F)F)cc2)sc1C(=O)O,0 1 2,c1ccc(-c2nccs2)cc1,train,327.352,4.240820000000003,0.8618677080640867,22,40
subcategory_halogen-walk.remove-F_909,O=C(NCCNCC(O)COc1ccccc1Cl)Nc1ccccc1,0,authentic,authentic,,,O=C(NCCNCCCOc1ccccc1)Nc1ccccc1,test,363.8450000000001,2.4910000000000005,0.5157983336696197,25,35
subcategory_halogen-walk.remove-F_1059,CNCCC(Oc1ccc(C(F)(F)F)cc1)c1ccccc1.O=C(O)C(=O)O,0,authentic,authentic,,,c1ccc(COc2ccccc2)cc1,train,399.36500000000007,3.590600000000001,0.64280363001441,28,47
subcategory_halogen-walk.remove-F_403,OC1(Cn2cncn2)CCCC1Cc1ccc(F)cc1,0,authentic,authentic,,,c1ccc(CC2CCCC2Cn2cncn2)cc1,train,275.32699999999994,2.1911000000000005,0.9302466003611615,20,30
subcategory_halogen-walk.remove-F_43,COc1ccccc1-c1cccn(C(CN2CCC(O)C2)c2ccccc2)c1=O,0,authentic,authentic,,,O=c1c(-c2ccccc2)cccn1C(CN1CCCC1)c1ccccc1,val,390.4830000000001,3.179900000000001,0.7024383623389809,29,45
subcategory_halogen-walk.remove-F_433,COc1cc2c(c(F)c1OC)CC(CC1CCN(Cc3ccc(C)cc3)CC1)C2=O,0,authentic,authentic,,,O=C1c2ccccc2CC1CC1CCN(Cc2ccccc2)CC1,train,411.5170000000002,4.808620000000005,0.6839292084085357,30,49
subcategory_halogen-walk.remove-F_2662,CCC(O)(Cn1cncn1)c1cccc(C)c1,1,halogen-walk,remove-F,CCC(O)(Cn1cncn1)c1ccc(F)cc1F,2 10 11 12 13 14 15 16,c1ccc(CCn2cncn2)cc1,train,231.299,1.88432,0.8737559039111144,17,27
subcategory_halogen-walk.remove-F_2780,CC(C)n1c(/C=C/[C@@H](O)C[C@@H](O)CC(=O)NO)c(-c2ccccc2)c2ccccc21,1,halogen-walk,remove-F,CC(C)n1c(/C=C/[C@@H](O)C[C@@H](O)CC(=O)NO)c(-c2ccc(F)cc2)c2ccccc21,17 18 19 20 21 22 23,c1ccc(-c2c[nH]c3ccccc23)cc1,train,408.49800000000005,3.9098000000000024,0.3357274036391121,30,63
subcategory_halogen-walk.remove-F_1636,Cc1cc(C#N)ccc1C(O)(CCCN(C)C)c1ccccc1,1,halogen-walk,remove-F,Cc1cc(C#N)ccc1C(O)(CCCN(C)C)c1ccc(F)cc1,0 1 2 3 4 5 6 7 8 10 11 12 13 14 15 16 17 18 19 20 21,c1ccc(Cc2ccccc2)cc1,train,308.42499999999995,3.4444000000000026,0.8889332863148637,23,36
subcategory_halogen-walk.remove-F_2306,CC(O)(c1ccccc1)C(O)(Cn1ccnc1)c1ccccc1Cl,1,halogen-walk,remove-F,CC(O)(c1ccc(F)cc1)C(O)(Cn1ccnc1)c1ccccc1Cl,0 2 3 4 5 6 7 8 9 10 11 12 13 14 15 16 17 18 19 20 21 22 23,c1ccc(CC(Cn2ccnc2)c2ccccc2)cc1,train,342.826,3.3320000000000025,0.7473786709612228,24,39
subcategory_halogen-walk.remove-F_181,O=C1CCc2ccc(OCCCCN3CCC(n4c(=O)[nH]c5cc(Cl)ccc54)CC3)cc2N1,0,authentic,authentic,,,O=C1CCc2ccc(OCCCCN3CCC(n4c(=O)[nH]c5ccccc54)CC3)cc2N1,train,468.9850000000001,4.363800000000003,0.5046805305115539,33,57
subcategory_halogen-walk.remove-F_2509,CCOc1ccc(Cc2cc(C3CCN(C[C@H]4CN([C@@H](C(=O)O)[C@@H](C)CC)C[C@@H]4c4cccc(F)c4)CC3)n(CC)n2)cc1,1,halogen-walk,remove-F,CC[C@H](C)[C@H](C(=O)O)N1C[C@H](CN2CCC(c3cc(Cc4ccc(OC(F)(F)F)cc4)nn3CC)CC2)[C@@H](c2cccc(F)c2)C1,0 1 2,c1ccc(Cc2cc(C3CCN(C[C@H]4CNC[C@@H]4c4ccccc4)CC3)[nH]n2)cc1,train,604.811,6.425900000000007,0.24269994057388358,44,92
subcategory_halogen-walk.remove-F_681,CCN(CC)CCNc1ccc2ncn3c4c(OC)cccc4c(=O)c1c23,0,authentic,authentic,,,O=c1c2ccccc2n2cnc3cccc1c32,train,364.4490000000002,3.2010000000000014,0.5104670866161924,27,42
subcategory_halogen-walk.remove-F_1454,CC1CCCCN1CCCN1CC[C@@H](c2ccccc2)[C@H](COc2ccc3c(c2)OCO3)C1,1,halogen-walk,remove-F,CC1CCCCN1CCCN1CC[C@@H](c2ccc(F)cc2)[C@H](COc2ccc3c(c2)OCO3)C1,0 1 2 3 4 5 6 7 8 9 10 11 12 14 15 16 17 18 19 20 21 22 23 24 25 26 27 28 29 30 31 32,c1ccc([C@@H]2CCN(CCCN3CCCCC3)C[C@H]2COc2ccc3c(c2)OCO3)cc1,train,450.6230000000003,5.164300000000005,0.5546678342732299,33,58
subcategory_halogen-walk.remove-F_1016,O=C(CCc1ccccc1)c1cc(F)ccc1OCC(O)CN1CCC(c2ccccc2)CC1,0,authentic,authentic,,,O=C(CCc1ccccc1)c1ccccc1OCCCN1CCC(c2ccccc2)CC1,test,461.5770000000003,5.260500000000004,0.418593297266646,34,51
subcategory_halogen-walk.remove-F_447,Cc1ccc(S(=O)(=O)NCC[C@@H]2CC[C@H](NC(=O)c3cnccn3)[C@@H](CO)O2)cc1,0,authentic,authentic,,,O=C(N[C@H]1CC[C@@H](CCNS(=O)(=O)c2ccccc2)OC1)c1cnccn1,val,434.51800000000014,0.7919199999999993,0.5598704104297716,30,65
subcategory_halogen-walk.remove-F_348,CCC/C=C\C=C\CCc1cc(O)c([C@@H]2O[C@H](CO)[C@@H](O)[C@H](O)[C@H]2O)c(O)c1C(=O)OC,0,authentic,authentic,,,c1ccc([C@H]2CCCCO2)cc1,val,452.50000000000017,1.2443999999999995,0.23956411525826182,32,78
subcategory_halogen-walk.remove-F_2830,O=C(NS(=O)(=O)c1ccccc1)C1CC2(c3ccccc3)NC1CCC2NCc1cc(OC(F)(F)F)ccc1OC1CC1,1,halogen-walk,remove-F,O=C(NS(=O)(=O)c1ccccc1)C1CC2(c3ccc(F)cc3)NC1CCC2NCc1cc(OC(F)(F)F)ccc1OC1CC1,14 15 16 17 18 19 20,O=C(NS(=O)(=O)c1ccccc1)C1CC2(c3ccccc3)NC1CCC2NCc1ccccc1OC1CC1,train,615.6740000000001,4.757100000000003,0.3022711615439925,43,72
subcategory_halogen-walk.remove-F_2199,CC(C)n1c(/C=C/C(O)C(F)(F)C(O)CC(=O)OC(C)(C)C)c(-c2ccccc2)c2ccccc21,1,halogen-walk,remove-F,CC(C)n1c(/C=C/C(O)C(F)(F)C(O)CC(=O)OC(C)(C)C)c(-c2ccc(F)cc2)c2ccccc21,0 1 2 3 4 5 6 7 8 9 10 11 12 13 14 15 16 17 18 19 20 21 23 24 25 26 27 28 29 30 31 32 33 34,c1ccc(-c2c[nH]c3ccccc23)cc1,train,485.5710000000002,5.991300000000005,0.3845511429886029,35,66
subcategory_halogen-walk.remove-F_1472,C=CCCCN1CC[C@H](c2ccccc2)[C@@H](COc2ccc3c(c2)OCO3)C1,1,halogen-walk,remove-F,C=CCCCN1CC[C@H](c2ccc(F)cc2)[C@@H](COc2ccc3c(c2)OCO3)C1.Cl,8 9 10 11 12 13 14,c1ccc([C@H]2CCNC[C@@H]2COc2ccc3c(c2)OCO3)cc1,train,379.5000000000002,4.866000000000005,0.48379948719676447,28,52
subcategory_halogen-walk.remove-F_150,NCC1CCCN(c2c(F)c(N)c3c(=O)c(C(=O)O)cn(C4CC4)c3c2F)C1,0,authentic,authentic,,,O=c1ccn(C2CC2)c2cc(N3CCCCC3)ccc12,test,392.4060000000001,2.0701000000000005,0.6865203785655858,28,52
subcategory_halogen-walk.remove-F_2226,Fc1ccc2c(C3CCN(CC4CCN(Cc5ccccc5)CC4)CC3)noc2c1,1,halogen-walk,remove-F,O=C(c1ccc(F)cc1)N1CCC(CN2CCC(c3noc4cc(F)ccc34)CC2)CC1,0 1 2 3 4 5 6 7 8 9 10 11 12 13 15 16 17 18 19 20 21 22 23 24 25 26 27 28 29,O=C(c1ccccc1)N1CCC(CN2CCC(c3noc4ccccc34)CC2)CC1,train,407.5330000000002,5.058500000000005,0.5919030560852824,30,46
subcategory_halogen-walk.remove-F_1713,CCC(=O)c1ccc(OC[C@@H](O)C[NH2+]Cc2cccc(C)c2)cc1,1,halogen-walk,remove-F,CCC(=O)c1ccc(OC[C@@H](O)C[NH2+]Cc2ccc(F)cc2)cc1,0 1 2 3 4 5 6 7 8 9 10 11 12 13 15 16 17 18 19 20 21 22 23,c1ccc(C[NH2+]CCCOc2ccccc2)cc1,train,328.432,2.0910199999999994,0.692977219914681,24,47
subcategory_halogen-walk.remove-F_2075,Cc1ccccc1-c1c(CCC(O)CC=CC(=O)O)n(C(C)C)c2ccccc12,1,halogen-walk,remove-F,CC(C)n1c(CCC(O)CC=CC(=O)O)c(-c2ccc(F)cc2)c2ccccc21,0 1 2 3 4 5 6 7,c1ccc(-c2c[nH]c3ccccc23)cc1,train,391.5110000000001,5.522020000000005,0.4969166169536343,29,48
subcategory_halogen-walk.remove-F_2188,CCN(CC)[C@@H](CNC(=O)c1ccc(Cl)s1)C(=O)Nc1ccccc1,1,halogen-walk,remove-F,CCN(CC)[C@@H](CNC(=O)c1ccc(Cl)s1)C(=O)Nc1ccc(N2CCOCC2=O)c(F)c1,18 19 20 21 22 23 24,O=C(CCNC(=O)c1cccs1)Nc1ccc(N2CCOCC2=O)cc1,train,379.91300000000007,3.4804000000000013,0.7376933055161454,25,47
subcategory_halogen-walk.remove-F_1641,O=C(O)C1Cc2cc3c(-c4ccccc4)noc3c(Cl)c2O1,1,halogen-walk,remove-F,O=C(O)C1Cc2cc3c(-c4ccc(F)cc4)noc3c(Cl)c2O1,0 1 2 3 4 5 6 7 9 10 11 12 13 14 15 16 17 18 19 20 21,c1ccc(-c2noc3cc4c(cc23)CCO4)cc1,train,315.71200000000005,3.5363000000000024,0.782782434127998,22,39
subcategory_halogen-walk.remove-F_2384,Cc1cccc(C(O)(Cn2cncn2)C(C)c2nncs2)c1,1,halogen-walk,remove-F,CC(c1nncs1)C(O)(Cn1cncn1)c1ccc(F)cc1F,0 1 2 3 4 5 7 8 9 10 11 12 13 14 15 16 17 18 19 20,c1ccc(C(Cc2nncs2)Cn2cncn2)cc1,val,315.40200000000004,2.1295200000000003,0.7802694725135941,22,36
subcategory_halogen-walk.remove-F_2655,N#Cc1ccc2c(c1)CO[C@@H]2c1ccccc1,1,halogen-walk,remove-F,N#Cc1ccc2c(c1)CO[C@@H]2c1ccc(F)cc1,0 1 2 3 4 5 6 7 8 9 11 12 13 14 15,c1ccc([C@H]2OCc3ccccc32)cc1,val,221.25900000000001,3.177880000000002,0.7405322348132588,17,31
subcategory_halogen-walk.remove-F_2711,CCC1(CCC2CC2)OC(=O)Nc2ccc(Cl)cc21,1,halogen-walk,remove-F,O=C1Nc2ccc(Cl)cc2C(CCC2CC2)(C(F)(F)F)O1,0 1 3 4 5 6 7 8 9 10 11 12 13 14 15 16 17,O=C1Nc2ccccc2C(CCC2CC2)O1,train,279.767,4.697600000000004,0.8675702337646279,19,33
subcategory_halogen-walk.remove-F_1839,Cc1cccc(N2C(=O)[C@H](CCC(O)c3ccc(F)cc3)[C@H]2c2ccc(OC(C)(C)C)cc2)c1,1,halogen-walk,remove-F,CC(C)(C)Oc1ccc([C@@H]2[C@@H](CCC(O)c3ccc(F)cc3)C(=O)N2c2ccc(F)cc2)cc1,0 1 2 3 4 5 7 8 9 10 11 12 13 14 15 16 17 18 19 20 21 22 23 24 25 26 27 28 29 30 31 32,O=C1[C@H](CCCc2ccccc2)[C@@H](c2ccccc2)N1c1ccccc1,train,461.5770000000002,6.529320000000007,0.4071179845118387,34,67
subcategory_halogen-walk.remove-F_302,C[C@]12C=CC(=O)NC1CCC1C2CC[C@@]2(C)C1CC[C@@H]2C(=O)Nc1ccccc1,0,authentic,authentic,,,O=C1C=CC2C(CCC3C2CCC2C3CC[C@@H]2C(=O)Nc2ccccc2)N1,val,392.54300000000006,4.5385000000000035,0.7763235817792545,29,60
subcategory_halogen-walk.remove-F_2824,c1ccc([C@H]2CCNC[C@@H]2COc2ccc3c(c2)OOC3)cc1,1,halogen-walk,remove-F,Fc1ccc([C@H]2CCNC[C@@H]2COc2ccc3c(c2)OOC3)cc1,0 1 2 3 4 21 22,c1ccc([C@H]2CCNC[C@@H]2COc2ccc3c(c2)OOC3)cc1,train,311.38100000000003,3.282700000000002,0.8797265661328225,23,44
subcategory_halogen-walk.remove-F_1733,O=C(Nc1ccccc1)N1CCC2(CC1)C(=O)N(c1ccc(F)cc1)C2c1ccc(O)cc1,1,halogen-walk,remove-F,O=C(Nc1cccc(F)c1)N1CCC2(CC1)C(=O)N(c1ccc(F)cc1)C2c1ccc(O)cc1,0 1 3 4 5 6 7 8 9 10 11 12 13 14 15 16 17 18 19 20 21 22 23 24 25 26 27 28 29 30 31 32,O=C(Nc1ccccc1)N1CCC2(CC1)C(=O)N(c1ccccc1)C2c1ccccc1,train,445.494,4.933500000000005,0.5615303853249123,33,57
subcategory_halogen-walk.remove-F_2739,Cc1ccc2c(-c3ccccc3)c(/C=C/C(O)CC(O)CC(=O)O)c(C(C)C)nn12,1,halogen-walk,remove-F,Cc1ccc2c(-c3ccc(F)cc3)c(/C=C/C(O)CC(O)CC(=O)O)c(C(C)C)nn12,0 1 2 3 4 6 7 8 9 10 11 12 13 14 15 16 17 18 19 20 21 22 23 24 25 26 27 28 29,c1ccc(-c2ccnn3cccc23)cc1,train,408.49800000000016,4.0329200000000025,0.5229930834818008,30,55
subcategory_halogen-walk.remove-F_1034,CCOC(=O)C(CCc1ccccc1)N[C@@H](CF)C(=O)N1CCC[C@H]1C(=O)O,0,authentic,authentic,,,O=C(CNCCCc1ccccc1)N1CCCC1,train,394.44300000000027,1.5542,0.5848852841567078,28,54
subcategory_halogen-walk.remove-F_991,CC(C)=CC(=O)[C@H](O)[C@H](C)[C@@H]1CC[C@]2(C)C3=CC[C@H]4C(C)(C)C(=O)CC[C@]4(C)[C@H]3CC[C@@]12C,0,authentic,authentic,,,O=C1CCC2[C@@H](CC=C3C4CCCC4CC[C@@H]32)C1,train,454.69500000000033,6.6930000000000085,0.38004080194886153,33,94
subcategory_halogen-walk.remove-F_1240,Cc1ccc(-c2cc(OCCN(C)C)c3ccccc3n2)cc1,0,authentic,authentic,,,c1ccc(-c2ccc3ccccc3n2)cc1,train,306.409,4.1506200000000035,0.70781529202744,23,36
subcategory_halogen-walk.remove-F_2594,c1ccc([C@@H]2CCN(CCCC3OCCNS3)C[C@H]2COc2ccc3c(c2)OCO3)cc1,1,halogen-walk,remove-F,Fc1ccc([C@@H]2CCN(CCCC3OCCNS3)C[C@H]2COc2ccc3c(c2)OCO3)cc1,0 1 2 3 4 30 31,c1ccc([C@@H]2CCN(CCCC3OCCNS3)C[C@H]2COc2ccc3c(c2)OCO3)cc1,test,456.6080000000003,4.274100000000003,0.5953980632788363,32,57
subcategory_halogen-walk.remove-F_570,COc1cccc(C(=O)CCCN2CCN(c3ccccc3OC)CC2)c1,0,authentic,authentic,,,O=C(CCCN1CCN(c2ccccc2)CC1)c1ccccc1,test,368.4770000000001,3.488900000000002,0.6674349738664955,27,40
subcategory_halogen-walk.remove-F_2045,Cc1[nH]c(/C=C\C(=O)Nc2ccccc2)c(C)c1C(=O)NCCCCCC(=O)O,1,halogen-walk,remove-F,Cc1[nH]c(/C=C2\C(=O)Nc3ccc(F)cc32)c(C)c1C(=O)NCCCCCC(=O)O,8 9 10 11 12 13 14,O=C1Nc2ccccc2/C1=C/c1ccc[nH]1,train,397.47500000000025,3.658240000000002,0.36203697062688656,29,52
subcategory_halogen-walk.remove-F_1675,O[C@@H](c1ccc(F)cc1)[C@](O)(Cn1cncn1)c1ccccc1,1,halogen-walk,remove-F,O[C@@H](c1ccc(F)cc1)[C@](O)(Cn1cncn1)c1ccc(F)cc1,0 1 2 3 4 5 6 7 8 10 11 12 13 14 15 16 17 18 19 20 21,c1ccc(CC(Cn2cncn2)c2ccccc2)cc1,train,313.332,2.0385999999999997,0.7560014791457212,23,45
subcategory_halogen-walk.remove-F_283,O=c1cc(-c2nn[nH]n2)oc2c3ccccc3n(-c3ccccc3)c12,0,authentic,authentic,,,O=c1cc(-c2nn[nH]n2)oc2c3ccccc3n(-c3ccccc3)c12,train,329.3190000000001,2.9170000000000007,0.5376652842722778,25,45
subcategory_halogen-walk.remove-F_2650,Cc1ccc([C@H]2C=C(c3ccccc3)Nc3ncnn32)cc1,1,halogen-walk,remove-F,Cc1ccc([C@H]2C=C(c3ccc(F)cc3)Nc3ncnn32)cc1,0 1 2 3 4 5 6 8 9 10 11 12 13 14 15 16 17 18 19 20 21,C1=C(c2ccccc2)Nc2ncnn2[C@H]1c1ccccc1,train,288.35400000000004,3.642520000000001,0.7825321765934319,22,39
subcategory_halogen-walk.remove-F_1795,CC1(c2ccccc2)OCc2cc(C#N)ccc21,1,halogen-walk,remove-F,CC.CC1(c2ccc(F)cc2)OCc2cc(C#N)ccc21.CCN(C)C,1 2 3 4 5 6 7,c1ccc(C2OCc3ccccc32)cc1,train,235.28599999999997,3.351980000000002,0.7589759115222444,18,29
subcategory_halogen-walk.remove-F_858,CNC(=O)c1[nH]c(C(C)(C)C)cc1NC(=O)Nc1ccc(C)cc1,0,authentic,authentic,,,O=C(Nc1ccccc1)Nc1cc[nH]c1,test,328.41600000000005,3.624220000000002,0.6933836654752716,24,45
subcategory_halogen-walk.remove-F_1890,CCc1nn(-c2ccc(OC)cc2)c2c1CCN(C1CCN(N)CC1)C2=O,1,halogen-walk,remove-F,COc1ccc(-n2nc(C(F)(F)F)c3c2C(=O)N(C2CCN(N)CC2)CC3)cc1,0 1 2,O=C1c2c(cnn2-c2ccccc2)CCN1C1CCNCC1,val,369.46900000000016,1.7796999999999998,0.8316181357381349,27,45
subcategory_halogen-walk.remove-F_110,Cc1nc(-c2ccc(OCC(C)C)c(C#N)c2)sc1C(=O)OCC(F)(F)F,0,authentic,authentic,,,c1ccc(-c2nccs2)cc1,train,398.40600000000006,4.744100000000003,0.6571919240038845,27,48
subcategory_halogen-walk.remove-F_2253,CCC1(C#CC2CC2)OC(C)(c2ccc(C)cc2)Nc2ccc(Cl)cc21,1,halogen-walk,remove-F,Cc1ccc(C2(C)Nc3ccc(Cl)cc3C(C#CC3CC3)(C(F)(F)F)O2)cc1,0 1 2,C(#CC1OC(c2ccccc2)Nc2ccccc21)C1CC1,train,365.90400000000005,5.9821200000000045,0.6605234083472036,26,46
subcategory_halogen-walk.remove-F_736,CN1C2CCC1CN(c1nc3c(cc1F)c(=O)c(C(=O)O)cn3C(C)(C)C)C2.CS(=O)(=O)O,0,authentic,authentic,,,O=c1cc[nH]c2nc(N3CC4CCC(C3)N4)ccc12,train,484.55000000000024,1.7756000000000003,0.6119579983865598,33,64
subcategory_halogen-walk.remove-F_2234,CCc1ccc(NC2=Nc3cc(Cl)ccc3N3CCN=C23)cc1,1,halogen-walk,remove-F,FC(F)(F)c1ccc(NC2=Nc3cc(Cl)ccc3N3CCN=C23)cc1,0 1 3 4 5 6 7 8 9 10 11 12 13 14 15 16 17 18 19 20 21,c1ccc(NC2=Nc3ccccc3N3CCN=C23)cc1,test,324.8150000000001,4.276600000000003,0.8954279388066174,23,38
subcategory_halogen-walk.remove-F_2425,O=C(Nc1ccc(F)cc1)C(CCC(O)c1ccccc1)Cc1ccc(O)cc1,1,halogen-walk,remove-F,O=C(Nc1ccc(F)cc1)C(CCC(O)c1ccc(F)cc1)Cc1ccc(O)cc1,0 1 2 3 4 5 6 7 8 9 10 11 12 14 15 16 17 18 19 20 21 22 23 24 25 26 27 28,O=C(Nc1ccccc1)C(CCCc1ccccc1)Cc1ccccc1,train,393.4580000000001,4.842500000000004,0.5127527422899615,29,46
subcategory_halogen-walk.remove-F_818,CO[C@H]1O[C@]2(C)OO[C@]13[C@H](CCOCc1ccccc1)CCC[C@@H]3CC2(C)C,0,authentic,authentic,,,c1ccc(COCC[C@@H]2CCC[C@@H]3CCC4OC[C@@]32OO4)cc1,val,390.5200000000002,4.845400000000005,0.5134339589975139,28,61
subcategory_halogen-walk.remove-F_2786,CCCCC(F)(F)C1CCNc2cc3oc(=O)cc(C(F)(F)F)c3cc21,1,halogen-walk,remove-F,O=c1cc(C(F)(F)F)c2cc3c(cc2o1)NCCC3C(F)(F)C(F)(F)F,0 1 2 3 4,O=c1ccc2cc3c(cc2o1)NCCC3,test,375.33700000000005,5.536500000000003,0.5638431991570507,26,45
subcategory_halogen-walk.remove-F_466,CC(=O)c1ccc2c(c1)C[C@@H]1[C@@H]3CCCC[C@]23CCN1C,0,authentic,authentic,,,c1ccc2c(c1)C[C@H]1NCC[C@@]23CCCC[C@@H]13,train,283.4149999999999,3.5774000000000026,0.734300543785694,21,47
subcategory_halogen-walk.remove-F_1495,COc1cc(OCC2CNCCC2c2ccccc2)ccc1O,1,halogen-walk,remove-F,COc1cc(OCC2CNCCC2c2ccc(F)cc2)ccc1O,0 1 2 3 4 5 6 7 8 9 10 11 13 14 15 16 17 18 19 20 21 22,c1ccc(OCC2CNCCC2c2ccccc2)cc1,train,313.39700000000005,3.1729000000000025,0.890026204086302,23,31
subcategory_halogen-walk.remove-F_1609,Cc1cccc([C@@](O)(Cn2cncn2)[C@](O)(c2ccccc2)c2ccc(F)cc2)c1,1,halogen-walk,remove-F,O[C@@](c1ccccc1)(c1ccc(F)cc1)[C@](O)(Cn1cncn1)c1ccc(F)cc1,0 1 2 3 4 5 7 8 9 10 11 12 13 14 15 16 17 18 19 20 21 22 23 24 25 26 27 28,c1ccc(C(Cn2cncn2)C(c2ccccc2)c2ccccc2)cc1,train,403.4570000000001,3.549520000000002,0.5165621946224246,30,57
subcategory_halogen-walk.remove-F_2832,CC[C@@H](C)[C@H](C(=O)O)N1C[C@H](CN2CCC(c3cc(Cc4cc(C(F)(F)F)cc(C(F)(F)F)c4)nn3CC)CC2)[C@@H](c2ccccc2)C1,1,halogen-walk,remove-F,CC[C@@H](C)[C@H](C(=O)O)N1C[C@H](CN2CCC(c3cc(Cc4cc(C(F)(F)F)cc(C(F)(F)F)c4)nn3CC)CC2)[C@@H](c2cccc(F)c2)C1,40 41 42 43 44 45 46,c1ccc(Cc2cc(C3CCN(C[C@H]4CNC[C@@H]4c4ccccc4)CC3)[nH]n2)cc1,train,678.7619999999997,7.925700000000009,0.2089872582167281,48,103
subcategory_halogen-walk.remove-F_1540,O=C(c1c[nH]c2ccccc12)N1CCN(C(=O)C2CC2c2ccccc2)CC1,1,halogen-walk,remove-F,O=C(c1c[nH]c2ccccc12)N1CCN(C(=O)C2CC2c2ccc(F)cc2)CC1,0 1 2 3 4 5 6 7 8 9 10 11 12 13 14 15 16 17 18 20 21 22 23 24 25 26 27,O=C(c1c[nH]c2ccccc12)N1CCN(C(=O)C2CC2c2ccccc2)CC1,train,373.4560000000001,3.256000000000002,0.7661636996785492,28,49
subcategory_halogen-walk.remove-F_1334,COc1cc2c(cc1OC)C(=O)CN(C)C2,0,authentic,authentic,,,O=C1CNCc2ccccc21,val,221.25599999999994,1.3319,0.7549256735276644,16,27
subcategory_halogen-walk.remove-F_992,O=C1[C@H](C/C=C/c2ccc(F)cc2)[C@@H](c2ccc(OCc3ccccc3)cc2)N1c1ccc(F)cc1,0,authentic,authentic,,,O=C1[C@H](C/C=C/c2ccccc2)[C@@H](c2ccc(OCc3ccccc3)cc2)N1c1ccccc1,val,481.54200000000014,7.351400000000006,0.24630317899052306,36,69
subcategory_halogen-walk.remove-F_2358,FCCN1CC[C@@H](c2ccccc2)[C@H](COc2ccc3c(c2)OCO3)C1,1,halogen-walk,remove-F,FCCN1CC[C@@H](c2ccc(F)cc2)[C@H](COc2ccc3c(c2)OCO3)C1,0 1 2 3 4 5 7 8 9 10 11 12 13 14 15 16 17 18 19 20 21 22 23 24 25,c1ccc([C@@H]2CCNC[C@H]2COc2ccc3c(c2)OCO3)cc1,train,357.4250000000002,3.8693000000000035,0.7853086277416603,26,49
subcategory_halogen-walk.remove-F_2011,CC(C)N(CCCC1CCN(Cc2ccccc2)CC1)C(=O)c1noc2ccccc12,1,halogen-walk,remove-F,CC(C)N(CCCC1CCN(C(=O)c2ccc(F)cc2)CC1)C(=O)c1noc2ccccc12,0 1 2 3 4 5 6 7 8 9 11 12 13 14 15 16 17 18 19 20 21 22 23 24 25 26 27 28 29 30,O=C(NCCCC1CCN(C(=O)c2ccccc2)CC1)c1noc2ccccc12,test,419.56900000000024,5.370800000000005,0.4924133496985857,31,48
subcategory_halogen-walk.remove-F_2592,c1ccc(OCCC2CCNC(CCc3ccc4c(c3)OCO4)C2)cc1,1,halogen-walk,remove-F,Fc1ccc(OCCC2CCNC(CCc3ccc4c(c3)OCO4)C2)cc1,0 1 2 3 5 6 7 8 9 10 11 12 13 14 15 16 17 18 19 20 21 22 23 24,c1ccc(OCCC2CCNC(CCc3ccc4c(c3)OCO4)C2)cc1,train,353.4620000000001,4.185200000000003,0.8103183468652905,26,40
subcategory_halogen-walk.remove-F_1193,COP(=O)(Oc1ccccc1)N(C)CCCC1(c2ccc(F)cc2)OCc2cc(C#N)ccc21,0,authentic,authentic,,,O=[PH](NCCCC1(c2ccccc2)OCc2ccccc21)Oc1ccccc1,train,480.47600000000017,6.016680000000006,0.34911153704159126,34,56
subcategory_halogen-walk.remove-F_1307,Nc1cccc2c1CC(N1CCC(c3ccccc3)CC1)C(O)C2,0,authentic,authentic,,,c1ccc(C2CCN(C3CCc4ccccc4C3)CC2)cc1,test,322.4520000000001,2.9765000000000015,0.8358631320762256,24,38
subcategory_halogen-walk.remove-F_2790,COc1ccc(C(O)(C(C)=Cc2ccccc2)C(C)CN(C)C)cc1,1,halogen-walk,remove-F,COc1ccc(C(O)(C(C)=Cc2ccc(F)cc2)C(C)CN(C)C)cc1,0 1 2 3 4 5 6 7 8 9 11 12 13 14 15 16 17 18 19 20 21 22 23 24,C(=Cc1ccccc1)Cc1ccccc1,train,339.4790000000001,4.184000000000004,0.8210971882098467,25,42
subcategory_halogen-walk.remove-F_727,N[C@@H](Cc1ccc(OCc2ccccc2)cc1)C(=O)O,0,authentic,authentic,,,c1ccc(COc2ccccc2)cc1,train,271.316,2.22,0.8446243548866397,20,36
subcategory_halogen-walk.remove-F_1286,COc1ccc2cc(C(C)C(=O)N[C@@H](Cc3ccccc3)C(=O)O)ccc2c1,0,authentic,authentic,,,O=C(Cc1ccc2ccccc2c1)NCCc1ccccc1,train,377.44000000000005,3.764000000000002,0.6572817418162684,28,51
subcategory_halogen-walk.remove-F_1962,OC(c1ccccc1)(c1cncnc1)C1CC1,1,halogen-walk,remove-F,OC(c1ccc(F)cc1)(c1cncnc1)C1CC1,0 2 3 4 5 6 7 8 9 10 11 12 13 14 15 16,c1ccc(C(c2cncnc2)C2CC2)cc1,train,226.27899999999997,2.1224999999999996,0.8715869466871895,17,27
subcategory_halogen-walk.remove-F_822,CN(C)CCCC1OC(c2ccc(F)cc2)c2ccccc21,0,authentic,authentic,,,c1ccc(C2OCc3ccccc32)cc1,train,299.389,4.328200000000003,0.8146085068294641,22,34
subcategory_halogen-walk.remove-F_2470,CC(C)(C)C(O)(Cn1cncn1)c1ccccc1,1,halogen-walk,remove-F,CC(C)(C)C(O)(Cn1cncn1)c1ccc(F)cc1F,0 1 2 3 5 6 7 8 9 10 11 12 13 14 15 16,c1ccc(CCn2cncn2)cc1,train,245.32600000000002,2.2119999999999997,0.9016417565047864,18,30
subcategory_halogen-walk.remove-F_1313,Nc1ncc([N+](=O)[O-])c(Sc2ncnc3nc[nH]c23)n1,0,authentic,authentic,,,c1cc(Sc2ncnc3nc[nH]c23)ncn1,train,290.26800000000003,0.7844999999999998,0.40487930118930515,20,42
subcategory_halogen-walk.remove-F_1230,CC1(C)N=C(N)N=C(N)N1c1cccc(SCc2ccc(Cl)cc2)c1,0,authentic,authentic,,,C1=NC=NCN1c1cccc(SCc2ccccc2)c1,val,373.9130000000001,3.817800000000002,0.7981878390673339,25,44
subcategory_halogen-walk.remove-F_557,CN(Cc1ccc(Cl)c(Cl)c1)CC(NCc1ccccc1)C(=O)N1CCC2(CC1)CN(S(C)(=O)=O)c1ccccc12,0,authentic,authentic,,,O=C(C(CNCc1ccccc1)NCc1ccccc1)N1CCC2(CC1)CNc1ccccc12,test,615.6270000000003,4.923600000000004,0.3701682477067901,41,74
subcategory_halogen-walk.remove-F_2434,CS(=O)(=O)c1ccc(C2=C(c3ccccc3)C(=O)OC2)cc1,1,halogen-walk,remove-F,CS(=O)(=O)c1ccc(C2=C(c3ccc(F)c(F)c3)C(=O)OC2)cc1,9 10 11 12 13 14 15,O=C1OCC(c2ccccc2)=C1c1ccccc1,train,314.3620000000001,2.5577000000000005,0.8169951703125135,22,42
subcategory_halogen-walk.remove-F_2854,[CH]1CNC[C@@]1(COc1ccc2c(c1)OCO2)c1ccccc1,1,halogen-walk,remove-F,Fc1ccc2c(c1)[C@]1(COc3ccc4c(c3)OCO4)CNC[C@H]21,0 1 2 3 5 6 7 8 9 10 11 12 13 14 15 16 17 18 19 20,c1ccc2c(c1)[C@H]1CNC[C@@]21COc1ccc2c(c1)OCO2,test,296.346,2.5395900000000005,0.940976866276022,22,41
subcategory_halogen-walk.remove-F_1371,CCCC(=Cc1c(-c2ccc(F)cc2)c2ccccc2n1C(C)C)C(=O)OC,0,authentic,authentic,,,c1ccc(-c2c[nH]c3ccccc23)cc1,train,379.47500000000014,6.3848000000000065,0.3672172629511345,28,47
subcategory_halogen-walk.remove-F_1803,NC1(COc2ccccc2)CCN(c2ccc(F)cc2Cl)CC1,1,halogen-walk,remove-F,NC1(COc2ccc(F)c3c2CCC(=O)N3)CCN(c2ccc(F)cc2Cl)CC1,3 4 5 6 7 8 9,O=C1CCc2c(cccc2OCC2CCN(c3ccccc3)CC2)N1,train,334.822,3.855800000000003,0.9224546110808683,23,36
subcategory_halogen-walk.remove-F_1349,CCOC(C(=O)O)N1CCNCC1Cc1ccc(-c2ccc(Cl)cc2)cc1.Cl.Cl,0,authentic,authentic,,,c1ccc(-c2ccc(CC3CNCCN3)cc2)cc1,val,461.81700000000006,4.114100000000005,0.6494940703214652,29,50
subcategory_halogen-walk.remove-F_2741,C=Cc1cc(Br)cc(C(=O)c2cc(Cl)ccc2OCC(=O)Nc2ccc(S(N)(=O)=O)cc2C)c1,1,halogen-walk,remove-F,Cc1cc(S(N)(=O)=O)ccc1NC(=O)COc1ccc(Cl)cc1C(=O)c1cc(Br)cc(C(F)(F)F)c1,0 1 3 4 5 6 7 8 9 10 11 12 13 14 15 16 17 18 19 20 21 22 23 24 25 26 27 28 29 30 31 32,O=C(COc1ccccc1C(=O)c1ccccc1)Nc1ccccc1,test,563.8570000000002,4.949820000000004,0.3763841828005629,34,63
subcategory_halogen-walk.remove-F_2540,Cc1ccccc1[C@]1(CCC(C)N)OCc2cc(C#N)ccc21,1,halogen-walk,remove-F,CC(N)CC[C@@]1(c2ccc(F)cc2)OCc2cc(C#N)ccc21,0 1 2 3 4 5 6 8 9 10 11 12 13 14 15 16 17 18 19 20 21 22,c1ccc(C2OCc3ccccc32)cc1,train,306.409,3.767900000000002,0.9351215314778352,23,39
subcategory_halogen-walk.remove-F_1360,Cc1cc(C(C)(C)C)c(O)c(C)c1CC1=NCCN1,0,authentic,authentic,,,c1ccc(CC2=NCCN2)cc1,train,260.3809999999999,2.850740000000001,0.8585249056143486,19,34
subcategory_halogen-walk.remove-F_1620,O=C1C(CC[C@H](O)c2ccccc2)C(c2ccc(-c3ccccc3O)c(O)c2)N1c1ccccc1,1,halogen-walk,remove-F,O=C1C(CC[C@H](O)c2ccccc2)C(c2ccc(-c3ccccc3O)c(O)c2)N1c1cccc(F)c1,28 29 30 31 32 33 34,O=C1C(CCCc2ccccc2)C(c2ccc(-c3ccccc3)cc2)N1c1ccccc1,train,465.54900000000015,5.9827000000000075,0.29326926683448645,35,61
subcategory_halogen-walk.remove-F_2867,OC(CNC1CC1)(Cn1cncn1)c1ccccc1,1,halogen-walk,remove-F,OC(CNC1CC1)(Cn1cncn1)c1ccc(F)cc1F,0 2 3 4 5 6 7 8 9 10 11 12 13 14 15 16 17,c1ccc(C(CNC2CC2)Cn2cncn2)cc1,train,258.32500000000005,0.917899999999999,0.8084522796677007,19,29
subcategory_halogen-walk.remove-F_1247,Cc1ccc(C(Cn2cncn2)c2ccccc2)cc1,0,authentic,authentic,,,c1ccc(C(Cn2cncn2)c2ccccc2)cc1,train,263.34400000000005,3.4186200000000015,0.721805706083737,20,30
subcategory_halogen-walk.remove-F_554,COc1ccc(-c2ccc(OC)c(OC)c2OC)c(C#N)c1,0,authentic,authentic,,,c1ccc(-c2ccccc2)cc1,train,299.32599999999996,3.259680000000002,0.8477303573864172,22,36
subcategory_halogen-walk.remove-F_2852,CC[N+]([O-])(CC)CCNC(=O)c1c(C)[nH]c(/C=C(\C(N)=O)c2ccccc2)c1C,1,halogen-walk,remove-F,CC[N+]([O-])(CC)CCNC(=O)c1c(C)[nH]c(/C=C2\C(=O)Nc3ccc(F)cc32)c1C,17 21 22 23 24 25 26,O=C1Nc2ccccc2/C1=C/c1ccc[nH]1,train,398.5070000000002,2.741640000000001,0.3429636197927502,29,61
subcategory_halogen-walk.remove-F_1875,c1ccc([C@@H]2CCNCC2COc2ccc3c(c2)OCO3)cc1,1,halogen-walk,remove-F,Cl.Fc1ccc([C@@H]2CCNCC2COc2ccc3c(c2)OCO3)cc1,0 1 2 3 4 21 22,c1ccc([C@@H]2CCNCC2COc2ccc3c(c2)OCO3)cc1,test,311.38100000000003,3.187400000000002,0.9411612066593474,23,40
subcategory_halogen-walk.remove-F_800,COc1cccc2c1c1c(n2Cc2ccc(Cl)cc2)C(C(=O)O)=NCC1,0,authentic,authentic,,,C1=NCCc2c1n(Cc1ccccc1)c1ccccc21,test,368.82000000000016,3.781400000000003,0.7617717511947203,26,45
subcategory_halogen-walk.remove-F_2872,CC(C)(C)c1nc(-c2ccccc2)c(-c2ccc(S(C)(=O)=O)cc2)s1,1,halogen-walk,remove-F,CC(C)(C)c1nc(-c2ccc(F)cc2)c(-c2ccc(S(C)(=O)=O)cc2)s1,0 1 2 3 4 5 7 8 9 10 11 12 13 14 15 16 17 18 19 20 21 22 23 24,c1ccc(-c2ncsc2-c2ccccc2)cc1,train,371.5270000000001,5.178100000000004,0.6373073464916513,25,49
subcategory_halogen-walk.remove-F_2432,CCCNC(=O)c1cc(-c2ccccc2C)[nH]c1C,1,halogen-walk,remove-F,CCCNC(=O)c1cc(-c2ccc(F)cc2)[nH]c1C,0 1 2 3 4 5 6 7 9 10 11 12 13 14 15 16 17 18,c1ccc(-c2ccc[nH]2)cc1,train,256.349,3.438340000000002,0.8644193533070466,19,32
subcategory_halogen-walk.remove-F_2030,C[C@H]([C@](O)(Cn1cncn1)c1ccccc1)S(=O)(=O)N(C)C,1,halogen-walk,remove-F,C[C@H]([C@](O)(Cn1cncn1)c1ccc(F)cc1F)S(=O)(=O)N(C)C,0 1 3 4 5 6 7 8 9 10 11 12 13 14 15 16 17 18 19 20 21,c1ccc(CCn2cncn2)cc1,train,324.4060000000001,0.4458,0.8330963886135923,22,47
subcategory_halogen-walk.remove-F_2560,COc1ccc([C@@H]2[C@@H](C/C=C(\CO)c3ccccc3)C(=O)N2c2ccc(F)cc2)cc1,1,halogen-walk,remove-F,COc1ccc([C@@H]2[C@@H](C/C=C(\CO)c3ccc(F)cc3)C(=O)N2c2ccc(F)cc2)cc1,0 1 2 3 4 5 6 7 8 9 11 12 13 14 15 16 17 18 19 20 21 22 23 24 25 26 27 28 29 30,O=C1[C@H](CC=Cc2ccccc2)[C@@H](c2ccccc2)N1c1ccccc1,train,417.48000000000013,5.004400000000004,0.5503448246516932,31,63
subcategory_halogen-walk.remove-F_1010,c1cc(C2=NCCN2)ccc1OC[C@@H]1C[C@H]1COc1ccc(C2=NCCN2)cc1,0,authentic,authentic,,,c1cc(C2=NCCN2)ccc1OC[C@@H]1C[C@H]1COc1ccc(C2=NCCN2)cc1,train,390.48700000000014,2.4801,0.7267790695557109,29,54
subcategory_halogen-walk.remove-F_1030,N#Cc1ccc(C(c2ccc3ccccc3c2)n2cncn2)cc1,0,authentic,authentic,,,c1ccc(C(c2ccc3ccccc3c2)n2cncn2)cc1,test,310.36,3.940680000000003,0.5756805640649069,24,37
subcategory_halogen-walk.remove-F_1479,O[C@H](Cn1cncn1)c1ccccc1,1,halogen-walk,remove-F,O[C@H](Cn1cncn1)c1ccc(F)cc1F,1 8 9 10 11 12 13,c1ccc(CCn2cncn2)cc1,train,189.21800000000002,1.0117,0.7835802193313831,14,24
subcategory_halogen-walk.remove-F_2789,CC(C)(C)c1cc(C=Cc2ccccc2)cc(C(C)(C)C)c1O,1,halogen-walk,remove-F,CC(C)(C)c1cc(/C=C/c2ccc(F)cc2)cc(C(C)(C)C)c1O,8 9 10 11 12 13 14,C(=C\c1ccccc1)/c1ccccc1,train,308.46500000000003,6.157600000000006,0.658863263358689,23,40
subcategory_halogen-walk.remove-F_1983,O=C1C(c2ccccc2)C(c2ccc(O)cc2)N1CCc1ccccc1,1,halogen-walk,remove-F,O=C1C(c2ccc(F)cc2)C(c2ccc(O)cc2)N1CCc1ccccc1,0 1 3 4 5 6 7 8 9 10 11 12 13 14 15 16 17 18 19 20 21 22 23 24 25,O=C1C(c2ccccc2)C(c2ccccc2)N1CCc1ccccc1,train,343.42600000000004,4.302000000000003,0.7017246493190497,26,41
subcategory_halogen-walk.remove-F_1227,CNCCCC1(c2ccc(F)cc2)OC(C)(C)c2ccccc21,0,authentic,authentic,,,c1ccc(C2OCc3ccccc32)cc1,train,313.416,4.334200000000004,0.8294412412586881,23,37
subcategory_halogen-walk.remove-F_1724,CC(C)n1c(/C=C/C(O)CC(=O)O)c(-c2ccccc2)c2ccccc21,1,halogen-walk,remove-F,CC(C)n1c(/C=C/C(O)CC(=O)O)c(-c2ccc(F)cc2)c2ccccc21,0 1 2 3 4 5 6 7 8 9 10 11 12 14 15 16 17 18 19 20 21 22 23 24 25,c1ccc(-c2c[nH]c3ccccc23)cc1,train,349.43,4.738000000000004,0.6756294169324331,26,47
subcategory_halogen-walk.remove-F_1130,COc1ccc2cccc3c2c1CC(NC(C)=O)C3,0,authentic,authentic,,,c1cc2c3c(cccc3c1)CCC2,train,255.31699999999995,2.4517000000000007,0.8948168969720254,19,30
subcategory_halogen-walk.remove-F_1780,c1ccc([C@@H]2CCNC[C@@H]2COc2ccc3c(c2)OCO3)cc1,1,halogen-walk,remove-F,Fc1ccc([C@@H]2CCNC[C@@H]2COc2ccc3c(c2)OCO3)cc1.[Cl-].[H+],0 1 2 3 5 6 7 8 9 10 11 12 13 14 15 16 17 18 19 20 21,c1ccc([C@@H]2CCNC[C@@H]2COc2ccc3c(c2)OCO3)cc1,train,311.38100000000003,3.187400000000002,0.9411612066593474,23,45
subcategory_halogen-walk.remove-F_684,CCCC(N)[C@@]1(c2ccc(F)cc2)OCc2cc(C#N)ccc21,0,authentic,authentic,,,c1ccc(C2OCc3ccccc32)cc1,train,310.372,3.598580000000002,0.9383824846773658,23,42
subcategory_halogen-walk.remove-F_259,O=C1NC(=O)C(c2ccccc2)(C2CCCCC2)N1,0,authentic,authentic,,,O=C1NC(=O)C(c2ccccc2)(C2CCCCC2)N1,train,258.3209999999999,2.3016,0.7996382775953668,19,33
subcategory_halogen-walk.remove-F_597,COc1ccc2c(c1)CC(CN(C)C)C2=O,0,authentic,authentic,,,O=C1CCc2ccccc21,train,219.28399999999996,1.6118,0.7732275417505022,16,27
subcategory_halogen-walk.remove-F_2019,CNC(=O)N1C(C(C)(C)C)N(C)C(=O)C1(c1ccccc1)c1ccccc1,1,halogen-walk,remove-F,CNC(=O)N1C(C(C)(C)C)N(C)C(=O)C1(c1ccccc1)c1ccc(F)cc1,0 1 2 3 4 5 6 7 8 9 10 11 12 13 15 16 17 18 19 20 21 22 23 24 25 26,O=C1NCNC1(c1ccccc1)c1ccccc1,train,365.47700000000003,3.4158000000000017,0.8865909256107183,27,49
subcategory_halogen-walk.remove-F_1099,CCC1(N2CCC(c3noc4cc(F)ccc34)CC2)NCCc2ccccc21,0,authentic,authentic,,,c1ccc2c(c1)CCNC2N1CCC(c2noc3ccccc23)CC1,val,379.47900000000016,4.555000000000004,0.7245925051201054,28,44
subcategory_halogen-walk.remove-F_1233,CN1CCN(C2=Cc3ccccc3Cc3ccccc32)CC1,0,authentic,authentic,,,C1=C(N2CCNCC2)c2ccccc2Cc2ccccc21,train,290.4100000000001,3.3363000000000023,0.7946152718641144,22,33
subcategory_halogen-walk.remove-F_1101,CC(C)N(CCCN1C(=O)NC(c2ccccc2)(c2ccccc2)C1=O)C(C)C,0,authentic,authentic,,,O=C1NC(=O)C(c2ccccc2)(c2ccccc2)N1,train,393.5310000000002,3.9909000000000034,0.6901413444914282,29,49
subcategory_halogen-walk.remove-F_568,CCCCN1CCN(C2=Nc3ccccc3Cn3c2cc2ccccc23)CC1,0,authentic,authentic,,,c1ccc2c(c1)Cn1c(cc3ccccc31)C(N1CCNCC1)=N2,train,372.51600000000013,4.499000000000004,0.6758836973206157,28,41
subcategory_halogen-walk.remove-F_2699,CCNC(=O)c1ccccc1OCc1ccccc1,1,halogen-walk,remove-F,CCNC(=O)c1ccccc1OCc1ccc(F)cc1,0 1 2 3 4 5 6 7 8 9 10 11 13 14 15 16 17,c1ccc(COc2ccccc2)cc1,train,255.31699999999998,3.0153000000000016,0.8915021289582273,19,26
subcategory_halogen-walk.remove-F_1559,CC[C@@]1(OCC(C)C)OC(=O)Nc2ccc(Cl)cc21,1,halogen-walk,remove-F,CC(C)CO[C@]1(C(F)(F)F)OC(=O)Nc2ccc(Cl)cc21,0 1 3 4 5 6 7 8 9 10 11 12 13 14 15 16 17,O=C1Nc2ccccc2CO1,train,283.75500000000005,4.137500000000003,0.9033198968359809,19,37
subcategory_halogen-walk.remove-F_694,CCCc1c(O)n(-c2ccccc2)c2nc3c(c(=O)n(C)c(=O)n3C)n2c1=O,0,authentic,authentic,,,O=c1[nH]c(=O)c2c(nc3n(-c4ccccc4)ccc(=O)n23)[nH]1,train,381.3920000000001,0.6938999999999997,0.5624748841974471,28,52
subcategory_halogen-walk.remove-F_2134,Cc1[nH]c(-c2ccc(Cl)cc2)c(-c2ccc(Cl)cc2)c1-c1ccccc1,1,halogen-walk,remove-F,Cc1[nH]c(-c2ccc(Cl)cc2)c(-c2ccc(Cl)cc2)c1-c1ccc(F)cc1,0 1 2 3 4 5 6 7 8 9 10 11 12 13 14 15 16 17 18 20 21 22 23 24,c1ccc(-c2c[nH]c(-c3ccccc3)c2-c2ccccc2)cc1,train,378.3020000000001,7.630920000000005,0.3771534532743406,26,50
subcategory_halogen-walk.remove-F_2342,CC(C)c1cc(-c2ccc(F)cc2)c(-c2ccccc2)n1CC[C@@H](O)C[C@@H](O)CC(=O)O,1,halogen-walk,remove-F,CC(C)c1cc(-c2ccc(F)cc2)c(-c2ccc(F)cc2)n1CC[C@@H](O)C[C@@H](O)CC(=O)O,13 14 15 16 17 18 19,c1ccc(-c2cc[nH]c2-c2ccccc2)cc1,train,439.5270000000002,5.061300000000007,0.4123048348437851,32,65
subcategory_halogen-walk.remove-F_994,O=C(CCc1ccccc1)c1ccccc1OCCN1CCCCC1,0,authentic,authentic,,,O=C(CCc1ccccc1)c1ccccc1OCCN1CCCCC1,train,337.4630000000002,4.366800000000004,0.6701181726037009,25,34
subcategory_halogen-walk.remove-F_2291,CCCOc1ccc(-c2nc(CC)sc2C(=O)O)cc1,1,halogen-walk,remove-F,CCc1nc(-c2ccc(OC(F)(F)F)cc2)c(C(=O)O)s1,0 1 2 4 5 6 7 8 9 10 11 12 13 14 15 16 17 18,c1ccc(-c2cscn2)cc1,train,291.37199999999996,3.8595000000000024,0.8776110278892713,20,32
subcategory_halogen-walk.remove-F_346,COc1cc2c(Nc3ccc(C)cc3F)ncnc2cc1OCC1CCNCC1,0,authentic,authentic,,,c1ccc(Nc2ncnc3cc(OCC4CCNCC4)ccc23)cc1,train,396.4660000000003,4.207920000000003,0.6506630845493745,29,41
subcategory_halogen-walk.remove-F_1588,FCCN1CC[C@H](c2ccccc2)[C@@H](COc2ccc3c(c2)OCO3)C1,1,halogen-walk,remove-F,FCCN1CC[C@H](c2ccc(F)cc2)[C@@H](COc2ccc3c(c2)OCO3)C1,0 1 2 3 4 5 7 8 9 10 11 12 13 14 15 16 17 18 19 20 21 22 23 24 25,c1ccc([C@H]2CCNC[C@@H]2COc2ccc3c(c2)OCO3)cc1,train,357.4250000000002,3.8693000000000035,0.7853086277416603,26,49
subcategory_halogen-walk.remove-F_1694,CCC(O)(Cn1cncn1)c1ccc(F)cc1,1,halogen-walk,remove-F,CSC(F)(F)C(O)(Cn1cncn1)c1ccc(F)cc1,0 1 3 4 5 6 7 8 9 10 11 12 13 14 15,c1ccc(CCn2cncn2)cc1,train,235.262,1.715,0.8773588259179579,17,27
subcategory_halogen-walk.remove-F_1195,Oc1ccc(-c2ccc(-n3cnc4c3CCCC4)cc2)nn1,0,authentic,authentic,,,c1cnnc(-c2ccc(-n3cnc4c3CCCC4)cc2)c1,val,292.3419999999999,2.9137000000000004,0.7884992114729567,22,36
subcategory_halogen-walk.remove-F_50,COc1ccc(C(=O)C2CCCN(CC3CCCCC3)C2)cc1OC,0,authentic,authentic,,,O=C(c1ccccc1)C1CCCN(CC2CCCCC2)C1,val,345.4830000000001,4.178800000000003,0.7251890038347205,25,38
subcategory_halogen-walk.remove-F_1577,Cc1cccc(C(CC2CNC2)Oc2ccccc2OC(F)(F)F)c1,1,halogen-walk,remove-F,Fc1ccc(C(CC2CNC2)Oc2ccccc2OC(F)(F)F)cc1F,0 1 2 3 4 5 7 8 9 10 11 12 13 14 15 16 17 18 19 20 21 22 23,c1ccc(OC(CC2CNC2)c2ccccc2)cc1,train,351.368,4.623220000000003,0.8235085361560933,25,39
subcategory_halogen-walk.remove-F_1328,C[C@H](CCc1ccccc1)N[C@H](C)[C@@H](O)c1ccc(O)cc1,0,authentic,authentic,,,c1ccc(CCCNCCc2ccccc2)cc1,train,299.41400000000004,3.4250000000000016,0.7339986740264384,22,47
subcategory_halogen-walk.remove-F_2449,O=C(c1ccccc1)c1ccc(OC[C@H](O)CNCc2ccccc2)cc1,1,halogen-walk,remove-F,O=C(c1ccccc1)c1ccc(OC[C@H](O)CNCc2ccc(F)cc2)cc1,0 1 2 3 4 5 6 7 8 9 10 11 12 13 14 15 16 17 19 20 21 22 23 24 25 26,O=C(c1ccccc1)c1ccc(OCCCNCc2ccccc2)cc1,train,361.4410000000001,3.4471000000000016,0.5733402359257699,27,44
subcategory_halogen-walk.remove-F_2445,O=C(O)N(c1ccccc1)c1ccc(O)cc1,1,halogen-walk,remove-F,O=C(O)N(c1ccc(O)cc1)c1cccc(F)c1,0 1 2 4 5 6 7 8 9 10 11 12 13 14 15 16,c1ccc(Nc2ccccc2)cc1,train,229.23499999999999,3.2083000000000013,0.8307212949166116,17,28
subcategory_halogen-walk.remove-F_381,C=COCCn1c(N2CCN(C)CC2)nc2ccccc21,0,authentic,authentic,,,c1ccc2[nH]c(N3CCNCC3)nc2c1,train,286.379,1.9481999999999993,0.6212396480400559,21,32
subcategory_halogen-walk.remove-F_2270,Cc1ccccc1C1(O)C(C)CCCC1CN(C)C,1,halogen-walk,remove-F,COc1ccc(C2(O)C(C)CCCC2CN(C)C)cc1F,0 1 2 3 4 5 6 8 9 10 11 12 13 14 15 16 17 18,c1ccc(C2CCCCC2)cc1,train,261.40899999999993,3.1804200000000016,0.9030709942088209,19,29
subcategory_halogen-walk.remove-F_1449,CCCc1cc2c(s1)CN(C)CC2c1ccccc1,1,halogen-walk,remove-F,CCCc1cc2c(s1)CN(C)CC2c1ccc(F)cc1,0 1 2 3 4 5 6 7 8 9 10 11 13 14 15 16 17,c1ccc(C2CNCc3sccc32)cc1,train,271.429,4.277900000000003,0.8052107480437072,19,29
subcategory_halogen-walk.remove-F_367,Cc1ccc(C)c(/C=N/Nc2nncc3ccccc23)c1,0,authentic,authentic,,,C(=N\Nc1nncc2ccccc12)/c1ccccc1,test,276.3430000000001,3.6926400000000017,0.5859985089936424,21,34
subcategory_halogen-walk.remove-F_107,Cc1noc(C)c1S(=O)(=O)N1CCC2(CC1)C1C(=O)N(c3ccccc3)C(=O)C1CN2C(=O)c1cc(C(F)(F)F)cc(C(F)(F)F)c1,0,authentic,authentic,,,O=C1C2CN(C(=O)c3ccccc3)C3(CCN(S(=O)(=O)c4cnoc4)CC3)C2C(=O)N1c1ccccc1,train,684.6150000000005,4.8141400000000045,0.2857628222526373,47,92
subcategory_halogen-walk.remove-F_423,Cc1nc2n(c(=O)c1CC[N+]1(COC(=O)C(C)C)CCC(c3noc4cc(F)ccc34)CC1)CCCC2,0,authentic,authentic,,,O=c1c(CC[NH+]2CCC(c3noc4ccccc34)CC2)cnc2n1CCCC2,train,511.61800000000045,4.2619200000000035,0.34799824054921447,37,66
subcategory_halogen-walk.remove-F_1671,OC(CN1CCN(CCc2ccccc2)CC1)(Cn1cncn1)c1ccccc1,1,halogen-walk,remove-F,OC(CN1CCN(CCc2ccccc2)CC1)(Cn1cncn1)c1ccc(F)cc1F,0 2 3 4 5 6 7 8 9 10 11 12 13 14 15 16 17 18 19 20 21 22 23 24 25 26 27,c1ccc(CCN2CCN(CC(Cn3cncn3)c3ccccc3)CC2)cc1,train,391.51900000000006,2.0261999999999984,0.6367678599934324,29,43
subcategory_halogen-walk.remove-F_2098,CC(C)c1c(C=CC(O)CC(O)CC(=O)O)c(-c2ccccc2)cn1-c1ccccc1,1,halogen-walk,remove-F,CC(C)c1c(C=CC(O)CC(O)CC(=O)O)c(-c2ccc(F)cc2)cn1-c1ccccc1,16 17 18 19 20 21 22,c1ccc(-c2ccn(-c3ccccc3)c2)cc1,train,419.521,4.867500000000003,0.4621890075915528,31,53
subcategory_halogen-walk.remove-F_2272,C[C@@H](n1ncn(CC(F)(F)F)c1=O)[C@](O)(Cn1cncn1)c1ccccc1,1,halogen-walk,remove-F,C[C@@H](n1ncn(CC(F)(F)F)c1=O)[C@](O)(Cn1cncn1)c1ccc(F)cc1F,0 1 2 3 4 5 6 7 8 9 10 11 12 14 15 16 17 18 19 20 21 22 23 24 25,O=c1[nH]cnn1CC(Cn1cncn1)c1ccccc1,train,382.346,1.3476000000000004,0.6950163238412704,27,54
subcategory_halogen-walk.remove-F_2281,CCN(CC)CC(O)COc1ccc(F)cc1C(=O)CCc1ccccc1,1,halogen-walk,remove-F,CCN(CC)CC(O)COc1ccc(F)cc1C(=O)CCc1ccc(F)cc1,0 1 2 3 4 5 6 7 8 9 10 11 12 13 14 15 16 17 18 20 21 22 23 24 25,O=C(CCc1ccccc1)c1ccccc1,train,373.46800000000013,3.7227000000000023,0.6100718595950355,27,40
subcategory_halogen-walk.remove-F_1838,Cc1[nH]c2ccccc2c1C1=C(NCCc2ccccc2)C(=O)N(C)C1=O,1,halogen-walk,remove-F,Cc1[nH]c2ccccc2c1C1=C(NCCc2ccc(F)cc2)C(=O)N(C)C1=O,14 15 16 17 18 19 20,O=C1NC(=O)C(c2c[nH]c3ccccc23)=C1NCCc1ccccc1,test,359.4290000000001,3.018320000000001,0.6884486329466578,27,47
subcategory_halogen-walk.remove-F_1765,Cc1ccccc1-c1c(CC[C@@H](O)C[C@@H](O)CC(=O)[O-])c(C)n(-c2ccccc2)c1C,1,halogen-walk,remove-F,Cc1c(CC[C@@H](O)C[C@@H](O)CC(=O)[O-])c(-c2ccc(F)cc2)c(C)n1-c1ccccc1,0 1 2 3 4 5 6 8 9 10 11 12 13 14 15 16 17 18 19 20 21 22 23 24 25 26 27 28 29 30,c1ccc(-c2ccn(-c3ccccc3)c2)cc1,train,420.52900000000017,3.254060000000001,0.5564450218520062,31,65
subcategory_halogen-walk.remove-F_767,Cc1cc(C)n2nc(C(C)C)c(C=CC(O)CC(=O)CC(=O)O)c(-c3ccc(F)cc3)c12,0,authentic,authentic,,,c1ccc(-c2ccnn3cccc23)cc1,train,438.4990000000002,4.688640000000004,0.4980526596554674,32,60
subcategory_halogen-walk.remove-F_357,Fc1ccc([C@@H]2CCN(C3CCCC3)C[C@H]2COc2ccc3c(c2)OCO3)cc1,0,authentic,authentic,,,c1ccc([C@@H]2CCN(C3CCCC3)C[C@H]2COc2ccc3c(c2)OCO3)cc1,train,397.4900000000001,4.981500000000005,0.7119038607643858,29,54
subcategory_halogen-walk.remove-F_542,Clc1ccccc1.OCCOCCN1CCN(C(c2ccccc2)c2ccc(Cl)cc2)CC1,0,authentic,authentic,,,c1ccc(C(c2ccccc2)N2CCNCC2)cc1.c1ccccc1,train,487.4710000000001,5.3959000000000055,0.432205149814259,33,50
subcategory_halogen-walk.remove-F_418,CCCCOc1ccc(Cc2cc(C3CCN(C[C@H]4CN([C@@H](C(=O)O)C(C)(C)C)C[C@@H]4c4cccc(F)c4)CC3)n(CC)n2)cc1,0,authentic,authentic,,,c1ccc(Cc2cc(C3CCN(C[C@H]4CNC[C@@H]4c4ccccc4)CC3)[nH]n2)cc1,train,632.8649999999999,7.206100000000008,0.20102897830692928,46,91
subcategory_halogen-walk.remove-F_1104,COc1c(F)c2c(c(F)c1OC)CC(CC1CCN(Cc3ccccc3)CC1)C2,0,authentic,authentic,,,c1ccc(CN2CCC(CC3Cc4ccccc4C3)CC2)cc1,train,401.4970000000001,4.999100000000005,0.680016654482406,29,47
subcategory_halogen-walk.remove-F_1474,CNCCCCCCOc1ccc(CC(C)NCC(O)c2cccc(CC(C)C)c2)cc1,1,halogen-walk,remove-F,CNCCCCCCOc1ccc(CC(C)NCC(O)c2cccc(C(F)(F)F)c2)cc1.Cl,24 25 26 27 28,c1ccc(CCNCCc2ccccc2)cc1,train,440.6720000000002,5.297900000000006,0.31019032487113724,32,46
subcategory_halogen-walk.remove-F_1821,CC(C)c1cc(-c2ccccc2)c(-c2ccc(F)cc2)n1CC[C@@H](O)C[C@@H](O)CC(=O)O,1,halogen-walk,remove-F,CC(C)c1cc(-c2ccc(F)cc2)c(-c2ccc(F)cc2)n1CC[C@@H](O)C[C@@H](O)CC(=O)O,0 1 2 3 4 6 7 8 9 10 11 12 13 14 15 16 17 18 19 20 21 22 23 24 25 26 27 28 29 30 31,c1ccc(-c2cc[nH]c2-c2ccccc2)cc1,train,439.5270000000002,5.061300000000007,0.4123048348437851,32,65
subcategory_halogen-walk.remove-F_1262,CC1(C)Oc2ccc(C#N)cc2C(NC(=O)c2ccc(C#N)cc2)[C@@H]1O,0,authentic,authentic,,,O=C(NC1CCOc2ccccc21)c1ccccc1,train,347.3740000000001,2.432960000000001,0.8676557685538551,26,50
subcategory_halogen-walk.remove-F_21,CC(F)c1nn(-c2ccc3c(c2)CCO3)c2c1CCN(c1ccc(N3CCCCC3=O)cc1)C2=O,0,authentic,authentic,,,O=C1CCCCN1c1ccc(N2CCc3cnn(-c4ccc5c(c4)CCO5)c3C2=O)cc1,train,474.53600000000034,4.557500000000004,0.5561916557493983,35,60
subcategory_halogen-walk.remove-F_374,C=C(C)[C@H]1CC=C(C)/C(=N\Nc2nncc3ccccc23)C1,0,authentic,authentic,,,C1=C/C(=N\Nc2nncc3ccccc23)CCC1,train,292.3860000000001,4.330100000000003,0.6763628885453442,22,43
subcategory_halogen-walk.remove-F_436,Oc1ccc(C2=Cc3cc(O)ccc3C23Cc2ccccc2C3)cc1,0,authentic,authentic,,,C1=C(c2ccccc2)C2(Cc3ccccc3C2)c2ccccc21,train,326.39500000000004,4.688600000000004,0.6809817610473423,25,40
subcategory_halogen-walk.remove-F_1477,O=C1[C@@H](CC[C@H](O)c2ccc(F)cc2)[C@@H](c2ccc(O)cc2)N1c1ccccc1,1,halogen-walk,remove-F,O=C1[C@@H](CC[C@H](O)c2ccc(F)cc2)[C@@H](c2ccc(O)cc2)N1c1ccc(F)cc1,0 1 2 3 4 5 6 7 8 9 10 11 12 13 14 15 16 17 18 19 20 21 23 24 25 26 27,O=C1[C@@H](CCCc2ccccc2)[C@@H](c2ccccc2)N1c1ccccc1,train,391.44200000000006,4.749200000000004,0.5963740096824199,29,62
subcategory_halogen-walk.remove-F_1297,Oc1ccc2c3c1OC[C@H]1CC[C@]4(O)[C@H](C2)N(CC2CC2)CC[C@@]34C1,0,authentic,authentic,,,c1cc2c3c(c1)OC[C@H]1CCC4[C@H](C2)N(CC2CC2)CC[C@@]34C1,test,341.4510000000002,2.5940000000000003,0.8681509848965733,25,58
subcategory_halogen-walk.remove-F_1595,CC(C)n1c(/C=C/[C@H](O)C[C@H](O)CC(=O)O)c(-c2ccccc2)c2ccccc21,1,halogen-walk,remove-F,CC(C)n1c(/C=C/[C@H](O)C[C@H](O)CC(=O)O)c(-c2ccc(F)cc2)c2ccccc21,0 1 2 3 4 5 6 7 8 9 10 11 12 13 14 15 17 18 19 20 21 22 23 24 25 26 27 28,c1ccc(-c2c[nH]c3ccccc23)cc1,train,393.483,4.489000000000003,0.5265822047315406,29,60
subcategory_halogen-walk.remove-F_2742,C/C(=C/c1ccc(F)cc1)C(O)(c1ccccc1)C(C)CN(C)C,1,halogen-walk,remove-F,COc1ccc(F)cc1C(O)(/C(C)=C\c1ccc(F)cc1)C(C)CN(C)C,10 12 13 14 15 16 17,C(=C/c1ccccc1)/Cc1ccccc1,train,327.44300000000015,4.314500000000003,0.8542067309862986,24,43
subcategory_halogen-walk.remove-F_2596,COc1ccc(Cl)cc1C(=O)N1CCN(S(=O)(=O)c2ccccc2)CC1,1,halogen-walk,remove-F,COc1ccc(Cl)cc1C(=O)N1CCN(S(=O)(=O)c2ccc(F)c(F)c2F)CC1,0 1 2 3 4 5 6 7 8 9 10 11 12 13 14 16 17 18 19 20 21 22 23 24 25,O=C(c1ccccc1)N1CCN(S(=O)(=O)c2ccccc2)CC1,val,394.88000000000017,2.4953000000000003,0.7986321370181176,26,46
subcategory_halogen-walk.remove-F_2750,FCCCN1CC[C@@H](c2ccccc2)[C@H](COc2ccc3c(c2)OCO3)C1,1,halogen-walk,remove-F,FCCCN1CC[C@@H](c2ccc(F)cc2)[C@H](COc2ccc3c(c2)OCO3)C1,0 1 2 3 4 5 6 8 9 10 11 12 13 14 15 16 17 18 19 20 21 22 23 24 25 26,c1ccc([C@@H]2CCNC[C@H]2COc2ccc3c(c2)OCO3)cc1,train,371.45200000000017,4.259400000000004,0.7277066601192408,27,50
subcategory_halogen-walk.remove-F_631,CN(C)C1CCCCC1Cc1ccccc1,0,authentic,authentic,,,c1ccc(CC2CCCCC2)cc1,train,217.35600000000002,3.3495000000000017,0.7502421367002741,16,22
subcategory_halogen-walk.remove-F_1097,N#C[C@@H]1CCCN1C(=O)C(N)C1CCCC1,0,authentic,authentic,,,O=C(CC1CCCC1)N1CCCC1,train,221.30399999999997,1.0184799999999994,0.7564165133068194,16,31
subcategory_halogen-walk.remove-F_336,COc1cc2c(cc1OC)C(=O)N(Cc1ccccc1)CC2,0,authentic,authentic,,,O=C1c2ccccc2CCN1Cc1ccccc1,train,297.35400000000004,2.902300000000001,0.8707556840823358,22,35
subcategory_halogen-walk.remove-F_301,COc1ccc(-n2nc(C(F)(F)F)c3c2C(=O)N(CCCCCCN(C)C)CC3)cc1,0,authentic,authentic,,,O=C1NCCc2cnn(-c3ccccc3)c21,train,438.49400000000037,4.020000000000003,0.5552252969570975,31,53
subcategory_halogen-walk.remove-F_1009,Cc1[nH]c(/C=C2\C(=O)Nc3cccnc32)c(C)c1C(=O)NCCN(C)C,0,authentic,authentic,,,O=C1Nc2cccnc2/C1=C/c1ccc[nH]1,test,353.4260000000001,1.8106399999999998,0.715295190612048,26,50
subcategory_halogen-walk.remove-F_1209,C=C(C)C(=O)O[C@H]1CC[C@@]2(O)[C@H]3Cc4ccc(O)c5c4[C@@]2(CCN3CC2CC2)[C@H]1O5,0,authentic,authentic,,,c1cc2c3c(c1)O[C@H]1CCCC4[C@@H](C2)N(CC2CC2)CC[C@@]341,train,411.4980000000003,2.4442000000000004,0.5853497433908054,30,74
subcategory_halogen-walk.remove-F_2533,COc1ccc(C2C(CCCc3ccccc3)C(=O)N2c2ccc(O)cc2)cc1,1,halogen-walk,remove-F,COc1ccc(C2C(CCC(O)c3ccc(F)cc3F)C(=O)N2c2ccc(O)cc2)cc1,9 10 11 12 13 14 15 16,O=C1C(CCCc2ccccc2)C(c2ccccc2)N1c1ccccc1,train,387.47900000000004,5.127800000000005,0.572055633150074,29,46
subcategory_halogen-walk.remove-F_351,CN1C(=O)CN=C(c2ccccc2C(F)(F)F)c2cc([N+](=O)[O-])ccc21,0,authentic,authentic,,,O=C1CN=C(c2ccccc2)c2ccccc2N1,train,363.2950000000001,3.4274000000000022,0.6059410373613742,26,53
subcategory_halogen-walk.remove-F_1556,CCCS(=O)(=O)Nc1ccccc1-c1oc2ccc(Cn3c(CC)nc4c(C)cc(CO)nc43)cc2c1Br,1,halogen-walk,remove-F,CCc1nc2c(C)cc(CO)nc2n1Cc1ccc2oc(-c3ccccc3NS(=O)(=O)C(F)(F)F)c(Br)c2c1,0 1 2 3,c1ccc(-c2cc3cc(Cn4cnc5cccnc54)ccc3o2)cc1,train,597.5350000000003,6.170120000000006,0.21038533491636613,38,64
subcategory_halogen-walk.remove-F_2706,CCOC(=O)CC(O)CC(O)C=Cc1c(C2CC2)nc2ccccc2c1-c1ccccc1,1,halogen-walk,remove-F,CCOC(=O)CC(O)CC(O)C=Cc1c(C2CC2)nc2ccccc2c1-c1ccc(F)cc1,0 1 2 3 4 5 6 7 8 9 10 11 12 13 14 15 16 17 18 19 20 21 22 23 24 26 27 28 29 30,c1ccc(-c2cc(C3CC3)nc3ccccc23)cc1,train,431.5320000000001,4.857500000000004,0.47325821716687494,32,51
subcategory_halogen-walk.remove-F_2399,CCCN(Cc1cccc(F)c1)CC(O)(Cn1cncn1)c1ccccc1C,1,halogen-walk,remove-F,CCCN(Cc1cccc(F)c1)CC(O)(Cn1cncn1)c1ccc(F)cc1F,0 1 2 3 4 5 6 7 8 9 10 11 12 14 15 16 17 18 19 20 21 22 23 24 25 26,c1ccc(CNCC(Cn2cncn2)c2ccccc2)cc1,train,382.48300000000006,3.5256200000000026,0.6151824195144893,28,42
subcategory_halogen-walk.remove-F_760,CSc1ccc(C(=O)c2ccc3n2CCCC3C(=O)O)cc1,0,authentic,authentic,,,O=C(c1ccccc1)c1ccc2n1CCCC2,train,315.394,3.4030000000000014,0.6937132886648281,22,36
subcategory_halogen-walk.remove-F_1768,CN(C)CCCC1(c2ccccc2)OCc2cc(CCN)ccc21,1,halogen-walk,remove-F,CN(C)CCCC1(c2ccc(F)cc2)OCc2cc(CCN)ccc21,0 1 2 3 4 5 7 8 9 10 11 12 13 14 15 16 17 18 19 20 21 22,c1ccc(C2OCc3ccccc32)cc1,train,324.4680000000001,3.3034000000000017,0.849087328878325,24,36
subcategory_halogen-walk.remove-F_1537,O=C(c1ccccc1)c1ccc(OC[C@@H](O)CNCc2ccccc2)cc1,1,halogen-walk,remove-F,O=C(c1ccccc1)c1ccc(OC[C@@H](O)CNCc2ccc(F)cc2)cc1,0 1 2 3 4 5 6 7 8 9 10 11 12 13 14 15 16 17 19 20 21 22 23 24 25 26,O=C(c1ccccc1)c1ccc(OCCCNCc2ccccc2)cc1,train,361.4410000000001,3.4471000000000016,0.5733402359257699,27,45
subcategory_halogen-walk.remove-F_2265,O=C(O)CC(O)CC(O)/C=C\c1cnc2ccccc2c1-c1ccccc1,1,halogen-walk,remove-F,O=C(O)CC(O)CC(O)/C=C\c1cnc2ccccc2c1-c1ccc(F)cc1C1CC1,20 21 22 23 24 25 26,c1ccc(C2CC2)c(-c2ccnc3ccccc23)c1,train,363.4130000000001,3.5016000000000025,0.5976042024723979,27,44
subcategory_halogen-walk.remove-F_1457,Cc1cc(C#N)cc(CCO)c1C(O)(CCCN(C)C)c1ccccc1,1,halogen-walk,remove-F,Cc1cc(F)ccc1C(O)(CCCN(C)C)c1c(C)cc(C#N)cc1CCO,0 1 2 3 4 5 6 7 8 9 10 11 13 14 15 16 17 18 19 20 21 22 23 24,c1ccc(Cc2ccccc2)cc1,train,352.47800000000007,2.9792000000000014,0.7663697847171239,26,41
subcategory_halogen-walk.remove-F_934,CCN(CCN1CCC(c2noc3cc(F)ccc23)CC1)C(=O)C1(O)CCCN(C(C)=O)C1,0,authentic,authentic,,,O=C(NCCN1CCC(c2noc3ccccc23)CC1)C1CCCNC1,val,460.5500000000004,2.3682,0.7119743337619429,33,57
subcategory_halogen-walk.remove-F_2009,CCN1CCCC1CNc1cc(-c2ccccc2)nc2ccccc12,1,halogen-walk,remove-F,CCN1CCCC1CNc1cc(-c2ccc(F)cc2)nc2ccccc12,0 1 2 3 4 5 6 7 8 9 10 12 13 14 15 16 17 18 19 20 21 22 23 24,c1ccc(-c2cc(NCC3CCCN3)c3ccccc3n2)cc1,train,331.4630000000001,4.7980000000000045,0.7278360560598621,25,36
subcategory_halogen-walk.remove-F_1845,CCOC(=O)CN(C)CCCC1(c2ccccc2)OCc2cc(C#N)ccc21,1,halogen-walk,remove-F,CCOC(=O)CN(C)CCCC1(c2ccc(F)cc2)OCc2cc(C#N)ccc21,0 1 2 3 4 5 6 7 8 9 10 12 13 14 15 16 17 18 19 20 21 22 23 24 25 26,c1ccc(C2OCc3ccccc32)cc1,train,378.47200000000015,3.6071800000000023,0.6568726476787689,28,44
subcategory_halogen-walk.remove-F_1119,OCc1cc([C@@H](O)CNCCc2cccc(COCc3ccc(F)cc3)c2)ccc1O,0,authentic,authentic,,,c1ccc(CCNCCc2cccc(COCc3ccccc3)c2)cc1,train,425.5000000000001,3.6061000000000036,0.35305143558624147,31,50
subcategory_halogen-walk.remove-F_2597,Cc1cccc(C=Cc2cc(C(C)(C)C)c(O)c(C(C)(C)C)c2)c1,1,halogen-walk,remove-F,CC(C)(C)c1cc(/C=C/c2ccc(F)cc2)cc(C(C)(C)C)c1O,0 1 2 3 4 5 6 23,C(=C\c1ccccc1)/c1ccccc1,train,322.492,6.4660200000000065,0.6284684041095127,24,45
subcategory_halogen-walk.remove-F_121,COc1ccc2c3c1O[C@H]1C[C@@H](OS(=O)(=O)O)C=C[C@]31CCN(C)C2,0,authentic,authentic,,,C1=C[C@]23CCNCc4cccc(c42)O[C@H]3CC1,test,367.4230000000002,1.6774,0.6424817551546428,25,56
subcategory_halogen-walk.remove-F_1336,CC(C)CCNC(=O)CNC(=O)C(CC(=O)NO)Cc1ccccc1,0,authentic,authentic,,,c1ccccc1,train,349.4310000000001,1.0193000000000016,0.37352672522582525,25,40
subcategory_halogen-walk.remove-F_1624,CCC=CN1CC[C@@H](c2ccccc2)[C@H](COc2ccc3c(c2)OCO3)C1,1,halogen-walk,remove-F,CCC=CN1CC[C@@H](c2ccc(F)cc2)[C@H](COc2ccc3c(c2)OCO3)C1,0 1 2 3 4 5 6 8 9 10 11 12 13 14 15 16 17 18 19 20 21 22 23 24 25 26,c1ccc([C@@H]2CCNC[C@H]2COc2ccc3c(c2)OCO3)cc1,train,365.4730000000002,4.823500000000005,0.7340479440501773,27,51
subcategory_halogen-walk.remove-F_2439,CCCS(=O)(=O)Oc1c(F)cc(-c2nc(C)c(C(=O)OCC)s2)cc1C#N,1,halogen-walk,remove-F,CCOC(=O)c1sc(-c2cc(F)c(OS(=O)(=O)C(F)(F)F)c(C#N)c2)nc1C,0 1 2 3,c1ccc(-c2nccs2)cc1,train,412.46400000000017,3.4246000000000025,0.5064675432429014,27,50
subcategory_halogen-walk.remove-F_2514,COC(=O)C[C@@H](O)C[C@@H](O)/C=C/c1c(C2CC2)nc2ccccc2c1-c1ccccc1,1,halogen-walk,remove-F,COC(=O)C[C@@H](O)C[C@@H](O)/C=C/c1c(C2CC2)nc2ccccc2c1-c1ccc(F)cc1,0 1 2 3 4 5 6 7 8 9 10 11 12 13 14 15 16 17 18 19 20 21 22 23 25 26 27 28 29,c1ccc(-c2cc(C3CC3)nc3ccccc23)cc1,train,417.5050000000001,4.467400000000003,0.5289085966432223,31,62
subcategory_halogen-walk.remove-F_2478,CCCNc1ccc(S(N)(=O)=O)cc1,1,halogen-walk,remove-F,NS(=O)(=O)c1ccc(NC(=O)C(F)(F)F)cc1,0 1 2 4 5 6 7 8 9 10 11 12,c1ccccc1,train,214.28999999999996,1.1559000000000001,0.7894995401960897,14,24
subcategory_halogen-walk.remove-F_1395,CC(C)OC(=O)COCCN1CCN(C(c2ccccc2)c2ccc(Cl)cc2)CC1,0,authentic,authentic,,,c1ccc(C(c2ccccc2)N2CCNCC2)cc1,train,430.9760000000001,4.015200000000003,0.44376016986052425,30,48
subcategory_halogen-walk.remove-F_311,CCOC(=O)[C@H](CCc1ccccc1)N[C@@H](C)C(=O)N1C(=O)CC[C@H]1C(=O)O,0,authentic,authentic,,,O=C1CCCN1C(=O)CNCCCc1ccccc1,train,390.43600000000026,1.1312000000000002,0.6078328819259288,28,61
subcategory_halogen-walk.remove-F_950,Fc1cccc2ncc(N3CCNCC3)nc12,0,authentic,authentic,,,c1ccc2nc(N3CCNCC3)cnc2c1,val,232.26199999999994,1.1784999999999997,0.8012407970054294,17,25
subcategory_halogen-walk.remove-F_1790,COc1ccc(-n2nc(C(=O)N3CCN(CC(=O)c4ccccc4)CC3)cc2-c2ccccc2)cc1,1,halogen-walk,remove-F,COc1ccc(-n2nc(C(=O)N3CCN(CC(=O)c4ccc(F)cc4)CC3)cc2-c2ccccc2)cc1,0 1 2 3 4 5 6 7 8 9 10 11 12 13 14 15 17 18 19 20 21 22 23 24 25 26 27 28 29 30 31 32 33 34 35,O=C(CN1CCN(C(=O)c2cc(-c3ccccc3)n(-c3ccccc3)n2)CC1)c1ccccc1,train,480.56800000000015,4.188600000000004,0.37127892380369276,36,60
subcategory_halogen-walk.remove-F_400,CCCCC1Oc2c(C)c(C)c(O)c(C)c2S1,0,authentic,authentic,,,c1ccc2c(c1)OCS2,val,252.37899999999996,4.318260000000003,0.8684644271158395,17,29
subcategory_halogen-walk.remove-F_219,COc1ccc2c(c1)c(CC(=O)O)c(C)n2C(=O)c1ccc(C(F)(F)F)cc1,0,authentic,authentic,,,O=C(c1ccccc1)n1ccc2ccccc21,train,391.345,4.292720000000003,0.7203934143942472,28,52
subcategory_halogen-walk.remove-F_1416,Cc1[nH]c2c(c1C(=O)NCCCN1CCOCC1)CCC/C2=C1/C(=O)Nc2ccc(F)cc21,0,authentic,authentic,,,O=C1Nc2ccccc2/C1=C1\CCCc2c(C(=O)NCCCN3CCOCC3)c[nH]c21,train,452.5300000000002,3.1135200000000003,0.4807122919339383,33,59
subcategory_halogen-walk.remove-F_2051,CCC[C@@]1(OCC(C)C)OC(=O)Nc2ccc(Cl)cc21,1,halogen-walk,remove-F,CC(C)CO[C@]1(C(F)(F)F)OC(=O)Nc2ccc(Cl)cc21,0 1 2 4 5 6 7 8 9 10 11 12 13 14 15 16 17 18,O=C1Nc2ccccc2CO1,train,297.782,4.527600000000004,0.8684570626822617,20,38
subcategory_halogen-walk.remove-F_321,CC(=NC1CCN(C)CC1)Nc1ccnc2cc(Cl)ccc12,0,authentic,authentic,,,C(=NC1CCNCC1)Nc1ccnc2ccccc12,train,316.83600000000007,3.812700000000002,0.6762527024829589,22,36
subcategory_halogen-walk.remove-F_573,CN(C)CCCC1(c2ccc(F)cc2)OCc2cc(C#N)ccc21.O=C([O-])C(=O)[O-],0,authentic,authentic,,,c1ccc(C2OCc3ccccc32)cc1,train,412.4170000000002,0.29918,0.6485279468691684,30,58
subcategory_halogen-walk.remove-F_1572,CCCC1C(c2ccccc2)CC2C[C@@H](F)C1N2C,1,halogen-walk,remove-F,CCCC1C(c2ccc(F)cc2)CC2C[C@@H](F)C1N2C,4 5 6 7 8 9 10,c1ccc(C2CC3CCC(C2)N3)cc1,train,261.38399999999996,4.001000000000003,0.7946194523359931,19,34
subcategory_halogen-walk.remove-F_1358,CC(=O)C1=C(O)C=C2Oc3c(C)c(O)c(C(C)=O)c(O)c3C2(C)C1=O,0,authentic,authentic,,,O=C1C=CC=C2Oc3ccccc3C12,train,344.3190000000001,2.12662,0.5548097146790966,25,52
subcategory_halogen-walk.remove-F_2214,Cc1cccc(CNC(=O)c2cnc(N3CCN(S(=O)(=O)c4ccccc4C)CC3)cn2)c1,1,halogen-walk,remove-F,Cc1ccccc1S(=O)(=O)N1CCN(c2cnc(C(=O)NCc3ccc(F)cc3)cn2)CC1,0 1 2 3 4 5 6 32,O=C(NCc1ccccc1)c1cnc(N2CCN(S(=O)(=O)c3ccccc3)CC2)cn1,test,465.57900000000024,2.534340000000001,0.6011624384379631,33,56
subcategory_halogen-walk.remove-F_2773,CC(C)CN1CCC(O)(c2ccccc2)CC1,1,halogen-walk,remove-F,COc1ccc(F)cc1C1(O)CCN(CC(C)C)CC1,0 1 2 3 4 5 6 8 9 10 11 12 13 14 15 16,c1ccc(C2CCNCC2)cc1,train,233.355,2.6260000000000012,0.8672472499787738,17,27
subcategory_halogen-walk.remove-F_1593,O=C(O)COc1ccc([C@@H]2[C@@H](CC[C@H](O)c3ccc(F)cc3)C(=O)N2c2ccccc2)cc1,1,halogen-walk,remove-F,O=C(O)COc1ccc([C@@H]2[C@@H](CC[C@H](O)c3ccc(F)cc3)C(=O)N2c2ccc(F)cc2)cc1,0 1 2 3 4 5 6 7 8 9 10 11 12 13 14 15 16 17 18 19 20 21 22 23 25 26 27 28 29 30 31 32,O=C1[C@H](CCCc2ccccc2)[C@@H](c2ccccc2)N1c1ccccc1,train,449.4780000000001,4.507000000000004,0.4697007141452084,33,69
subcategory_halogen-walk.remove-F_2806,CCCc1ccc(OC2CCN(C)CC2)cc1,1,halogen-walk,remove-F,CN1CCC(Oc2ccc(C(F)(F)F)cc2)CC1,0 1 2 3,c1ccc(OC2CCNCC2)cc1,val,233.35499999999993,3.1121000000000016,0.7920144636485774,17,25
subcategory_halogen-walk.remove-F_984,CCc1nc(O)n(Cc2ccccc2)c1C(=O)c1ccc(-n2ccnc2C)cc1,0,authentic,authentic,,,O=C(c1ccc(-n2ccnc2)cc1)c1cncn1Cc1ccccc1,val,386.4550000000001,3.924520000000002,0.5098358945488253,29,47
subcategory_halogen-walk.remove-F_2309,CC(C)(N)CCC1(c2ccccc2)OCc2cc(C#N)ccc21,1,halogen-walk,remove-F,CC(C)(N)CCC1(c2ccc(F)cc2)OCc2cc(C#N)ccc21,0 1 2 3 4 5 7 8 9 10 11 12 13 14 15 16 17 18 19 20 21,c1ccc(C2OCc3ccccc32)cc1,train,306.409,3.849580000000003,0.9330467032490735,23,38
subcategory_halogen-walk.remove-F_665,N#C[C@@H]1CCCN1C(=O)CNCCc1ccccc1,0,authentic,authentic,,,O=C(CNCCc1ccccc1)N1CCCC1,test,257.337,1.3332799999999996,0.8096995446657135,19,32
subcategory_halogen-walk.remove-F_1225,CCCn1c(N)nc2c(ncn2COC(CO)CO)c1=O,0,authentic,authentic,,,O=c1[nH]cnc2[nH]cnc12,train,297.315,-1.0874999999999988,0.5921168833243046,21,32
subcategory_halogen-walk.remove-F_315,CC(C)[C@H]1C(=O)N[C@H](CO)Cc2ccccc2N1C,0,authentic,authentic,,,O=C1CNc2ccccc2CCN1,train,262.353,1.1805999999999994,0.8412952486039373,19,38
subcategory_halogen-walk.remove-F_1631,OCCSC(F)(F)C(O)(Cn1cncn1)c1ccccc1,1,halogen-walk,remove-F,OCCSC(F)(F)C(O)(Cn1cncn1)c1ccc(F)cc1F,0 1 2 3 4 5 6 8 9 10 11 12 13 14 15 16 17 18 19,c1ccc(CCn2cncn2)cc1,train,315.345,1.4841999999999997,0.8097723763539623,21,33
subcategory_halogen-walk.remove-F_590,COc1cccc2c1CCC(=O)N2CCCN1CCN(c2cccc(Cl)c2)CC1,0,authentic,authentic,,,O=C1CCc2ccccc2N1CCCN1CCN(c2ccccc2)CC1,train,413.94900000000007,3.840100000000003,0.7204585623457429,29,45
subcategory_halogen-walk.remove-F_2404,O=C1[C@H](S(=O)CCc2ccccc2)[C@@H](c2ccc(O)cc2)N1c1ccc(F)cc1,1,halogen-walk,remove-F,O=C1[C@H](S(=O)C[C@H](O)c2ccc(F)cc2)[C@@H](c2ccc(O)cc2)N1c1ccc(F)cc1,0 1 2 3 4 6 7 8 9 10 11 12 13 14 15 16 17 18 19 20 21 22 23 24 25 26 27 28,O=C1[C@H](S(=O)CCc2ccccc2)[C@@H](c2ccccc2)N1c1ccccc1,train,409.48200000000014,3.979200000000003,0.6268147471753619,29,58
subcategory_halogen-walk.remove-F_848,CN([C@@H]1CCN2CCc3ccccc3C2C1)S(C)(=O)=O,0,authentic,authentic,,,c1ccc2c(c1)CCN1CCCCC21,train,294.4200000000001,1.6396000000000002,0.832394926501074,20,39
subcategory_halogen-walk.remove-F_2868,COc1ccc(OC[C@@H]2CNCC[C@H]2c2ccccc2)cc1O,1,halogen-walk,remove-F,COc1ccc(OC[C@@H]2CNCC[C@H]2c2ccc(F)cc2)cc1O,0 1 2 3 4 5 6 7 8 9 10 11 12 14 15 16 17 18 19 20 21 22,c1ccc(OC[C@@H]2CNCC[C@H]2c2ccccc2)cc1,train,313.397,3.1729000000000025,0.8900262040863021,23,40
subcategory_halogen-walk.remove-F_1288,O=C(Cc1ccccc1)NCCNCC(O)c1ccccc1,0,authentic,authentic,,,O=C(Cc1ccccc1)NCCNCCc1ccccc1,val,298.38599999999997,1.6684999999999997,0.6497227061853443,22,31
subcategory_halogen-walk.remove-F_2853,Cc1ccc(C)c(Cn2c(-c3ccccc3)nc(C)c2C(=O)O)c1,1,halogen-walk,remove-F,Cc1ccc(C)c(Cn2c(-c3ccc(F)cc3)nc(C)c2C(=O)O)c1,0 1 2 3 4 5 6 7 8 10 11 12 13 14 15 16 17 18 19 20 21 22 23,c1ccc(Cn2ccnc2-c2ccccc2)cc1,train,320.3920000000001,4.221860000000003,0.7827348646658112,24,42
subcategory_halogen-walk.remove-F_134,O=C(O)c1cc(S(=O)(=O)Nc2cccc(Cl)c2)c(Cl)cc1NCc1ccco1,0,authentic,authentic,,,O=S(=O)(Nc1ccccc1)c1ccc(NCc2ccco2)cc1,train,441.29200000000014,4.6975000000000025,0.490718954673225,28,51
subcategory_halogen-walk.remove-F_2695,c1ccc(CON2CC[C@@H](c3ccccc3)[C@H](COc3ccc4c(c3)OCO4)C2)cc1,1,halogen-walk,remove-F,Fc1ccc([C@@H]2CCN(OCc3ccccc3)C[C@H]2COc2ccc3c(c2)OCO3)cc1,0 1 2 3 4 5 6 7 8 10 11 12 13 14 15 16 17 18 19 20 21 22 23 24 25 26 27 28 29 30,c1ccc(CON2CC[C@@H](c3ccccc3)[C@H](COc3ccc4c(c3)OCO4)C2)cc1,train,417.5050000000003,5.0316000000000045,0.5391543716560452,31,58
subcategory_halogen-walk.remove-F_2308,Cc1cccc(NC(=O)CN2CCN(c3ccnc4cc(Cl)ccc34)CC2)c1,1,halogen-walk,remove-F,O=C(CN1CCN(c2ccnc3cc(Cl)ccc23)CC1)Nc1ccc(F)cc1,0 1 2 3 4 5 6 27,O=C(CN1CCN(c2ccnc3ccccc23)CC1)Nc1ccccc1,train,394.9060000000001,3.957320000000003,0.727290007996127,28,46
subcategory_halogen-walk.remove-F_2224,OCC(CO)CC(O)(Cn1cncn1)c1ccccc1,1,halogen-walk,remove-F,OCC(CO)CC(O)(Cn1cncn1)c1ccc(F)cc1F,0 1 2 3 4 5 7 8 9 10 11 12 13 14 15 16 17 18,c1ccc(CCn2cncn2)cc1,train,277.324,0.15679999999999894,0.6702037625857291,20,30
subcategory_halogen-walk.remove-F_1148,CC1(C)C=C(C(=O)NCCCN2C(=O)c3ccccc3C2=O)C(C)(C)N1,0,authentic,authentic,,,O=C(NCCCN1C(=O)c2ccccc2C1=O)C1=CCNC1,val,355.4380000000001,1.8756999999999997,0.6243561913031491,26,48
subcategory_halogen-walk.remove-F_304,Cc1[nH]c(O)nc1C(=O)c1ccc(-c2ncc[nH]2)cc1,0,authentic,authentic,,,O=C(c1ccc(-c2ncc[nH]2)cc1)c1c[nH]cn1,val,268.276,2.0448199999999996,0.6334067000418481,20,40
subcategory_halogen-walk.remove-F_190,CN1CCC2(CC1)O[C@@H](c1cccc(F)c1)c1ccccc12,0,authentic,authentic,,,c1ccc([C@@H]2OC3(CCNCC3)c3ccccc32)cc1,train,297.37300000000005,3.8662000000000027,0.7921274890969987,22,41
subcategory_halogen-walk.remove-F_1110,O=C1c2ccc(O)cc2C(=O)N1c1ccccc1,0,authentic,authentic,,,O=C1c2ccccc2C(=O)N1c1ccccc1,train,239.23,2.1928,0.7758923269337551,18,30
subcategory_halogen-walk.remove-F_1947,CC(C)(C#Cc1ccc2[nH]c(O)nc2c1)N1CCC(Cc2ccccc2)CC1,1,halogen-walk,remove-F,CC(C)(C#Cc1ccc2[nH]c(O)nc2c1)N1CCC(Cc2ccc(F)cc2)CC1,19 20 21 22 23 24 25,C(#Cc1ccc2[nH]cnc2c1)CN1CCC(Cc2ccccc2)CC1,train,373.5000000000001,4.353300000000003,0.6711426835721421,28,48
subcategory_halogen-walk.remove-F_2321,Cc1ccccc1C=CC[C@H]1C(=O)N(c2ccc(F)cc2)[C@@H]1c1ccc(OCc2ccccc2)cc1,1,halogen-walk,remove-F,O=C1[C@H](C/C=C\c2ccc(F)cc2)[C@@H](c2ccc(OCc3ccccc3)cc2)N1c1ccc(F)cc1,0 1 2 3 4 5 6 7,O=C1[C@H](C/C=C\c2ccccc2)[C@@H](c2ccc(OCc3ccccc3)cc2)N1c1ccccc1,train,477.5790000000002,7.520720000000007,0.24567386970344857,36,65
subcategory_halogen-walk.remove-F_865,CNC(=O)[C@H](Cc1ccccc1)NC(=O)[C@H](CC(C)C)N[C@H](CCN1C(=O)c2cc3ccc(OC)cc3cc2C1=O)C(=O)O,0,authentic,authentic,,,O=C(CNCCCN1C(=O)c2cc3ccccc3cc2C1=O)NCCc1ccccc1,train,602.6880000000003,2.7655000000000003,0.20555229686844886,44,87
subcategory_halogen-walk.remove-F_941,CCc1cc(O)cc(=O)n1Cc1ccc(-c2ccccc2-c2nn[nH]n2)cc1,0,authentic,authentic,,,O=c1ccccn1Cc1ccc(-c2ccccc2-c2nn[nH]n2)cc1,train,373.416,3.0117000000000003,0.5604788998646796,28,48
subcategory_halogen-walk.remove-F_174,Cc1ccncc1C1=C(c2ccc(S(C)(=O)=O)cc2)CCC1=O,0,authentic,authentic,,,O=C1CCC(c2ccccc2)=C1c1cccnc1,train,327.40500000000014,3.0672200000000016,0.8689004676196965,23,41
subcategory_halogen-walk.remove-F_2163,CCC(F)(F)C(O)(Cn1cncn1)c1ccc(F)cc1F,1,halogen-walk,remove-F,OC(Cn1cncn1)(c1ccc(F)cc1F)C(F)(F)C(F)(F)F,0 1 3 4 5 6 7 8 9 10 11 12 13 14 15 16 17 18 19 20,c1ccc(CCn2cncn2)cc1,train,303.259,2.4894000000000007,0.8634565479138158,21,35
subcategory_halogen-walk.remove-F_390,O=C(O)N1CC[C@@](c2ccccc2)(c2ccc(F)cc2)[C@H](COc2ccc3c(c2)OCO3)C1,0,authentic,authentic,,,c1ccc(C2(c3ccccc3)CCNC[C@H]2COc2ccc3c(c2)OCO3)cc1,train,449.4780000000003,4.919400000000005,0.5989784310173721,33,64
subcategory_halogen-walk.remove-F_2317,O=C1C([C@H](O)CCc2ccccc2)[C@@H](c2ccc(O)cc2)N1c1ccccc1,1,halogen-walk,remove-F,O=C1C([C@H](O)CCc2ccccc2)[C@@H](c2ccc(O)cc2)N1c1ccc(F)cc1,0 1 2 3 4 5 6 7 8 9 10 11 12 13 14 15 16 17 18 19 20 22 23 24 25 26,O=C1C(CCCc2ccccc2)[C@@H](c2ccccc2)N1c1ccccc1,train,373.4520000000001,4.0900000000000025,0.6399716954932403,28,54
subcategory_halogen-walk.remove-F_1356,COc1ccc([C@H]2[C@H]([C@H](O)CCc3ccccc3)C(=O)N2c2ccccc2)cc1,0,authentic,authentic,,,O=C1[C@@H](CCCc2ccccc2)[C@H](c2ccccc2)N1c1ccccc1,train,387.47900000000004,4.393000000000003,0.6117819151954104,29,58
subcategory_halogen-walk.remove-F_2641,C[C@H](O)[C@](O)(Cn1cncn1)c1ccccc1,1,halogen-walk,remove-F,C[C@H](O)[C@](O)(Cn1cncn1)c1ccc(F)cc1F,3 11 12 13 14 15 16,c1ccc(CCn2cncn2)cc1,train,233.27100000000002,0.5467000000000001,0.8085150647278796,17,34
subcategory_halogen-walk.remove-F_1777,Cc1ccc([C@@H]2[C@@H](C/C=C(/c3ccc(F)cc3)C(C)O)C(=O)N2c2ccccc2)cc1,1,halogen-walk,remove-F,Cc1ccc([C@@H]2[C@@H](C/C=C(/c3ccc(F)cc3)C(C)O)C(=O)N2c2ccc(F)cc2)cc1,0 1 2 3 4 5 6 7 8 9 10 11 12 13 14 15 16 17 18 19 20 21 23 24 25 26 27 28 29 30,O=C1[C@H](C/C=C/c2ccccc2)[C@@H](c2ccccc2)N1c1ccccc1,train,415.5080000000001,5.692720000000006,0.52535830440219,31,65
subcategory_halogen-walk.remove-F_2047,CCc1nc(NC(C)(C)C)c2cc(-c3ccc(Cl)cc3)ccc2n1,1,halogen-walk,remove-F,CC(C)(C)Nc1nc(C(F)(F)F)nc2ccc(-c3ccc(Cl)cc3)cc12,0 1 2,c1ccc(-c2ccc3ncncc3c2)cc1,test,339.87,5.723000000000004,0.6624187091936968,24,42
subcategory_halogen-walk.remove-F_338,O=C(O)/C=C/C(=O)O.[2H]C1([2H])N(CCOCCOCCOCCO)C([2H])([2H])C([2H])([2H])N(C2=Nc3ccccc3Sc3ccccc32)C1([2H])[2H],0,authentic,authentic,,,c1ccc2c(c1)N=C(N1CCNCC1)c1ccccc1S2,train,595.7438142240003,2.6010000000000026,0.23242264100247928,41,108
subcategory_halogen-walk.remove-F_701,CC(C)C(C)NC(=O)CN1C(=O)NC(c2ccccc2)(c2ccccc2)C1=O,0,authentic,authentic,,,O=C1NC(=O)C(c2ccccc2)(c2ccccc2)N1,train,379.4600000000001,2.6427000000000005,0.7576245337531833,28,49
subcategory_halogen-walk.remove-F_38,CN(C)CC(=O)Nc1c2c(nc3ccccc13)CCCC2,0,authentic,authentic,,,c1ccc2nc3c(cc2c1)CCCC3,train,283.37500000000006,2.6137000000000006,0.9415163685036055,21,34
subcategory_halogen-walk.remove-F_2608,Cc1cccc(CCC[C@H]2C(=O)N(c3ccc(F)cc3)[C@@H]2c2ccc(OCC(=O)OC(C)(C)C)cc2)c1,1,halogen-walk,remove-F,CC(C)(C)OC(=O)COc1ccc([C@@H]2[C@@H](CC[C@H](O)c3ccc(F)cc3)C(=O)N2c2ccc(F)cc2)cc1,0 1 2 3 4 5 6 7 36,O=C1[C@H](CCCc2ccccc2)[C@@H](c2ccccc2)N1c1ccccc1,train,503.6140000000003,6.581620000000007,0.2444421118340332,37,72
subcategory_halogen-walk.remove-F_229,COc1cc(OC)c2c(C)nc(O)nc2c1,0,authentic,authentic,,,c1ccc2ncncc2c1,train,220.228,1.66102,0.8333585356322553,16,26
subcategory_halogen-walk.remove-F_1949,O=C1[C@@H](CC[C@H](O)c2ccccc2)[C@H](c2ccc(O)cc2)N1c1ccc(F)cc1,1,halogen-walk,remove-F,O=C1[C@@H](CC[C@H](O)c2ccc(F)cc2)[C@H](c2ccc(O)cc2)N1c1ccc(F)cc1,5 7 8 9 10 11 12,O=C1[C@@H](CCCc2ccccc2)[C@H](c2ccccc2)N1c1ccccc1,train,391.44200000000006,4.749200000000004,0.5963740096824199,29,61
subcategory_halogen-walk.remove-F_2263,Cn1nnnc1C(F)(F)C(O)(Cn1cncn1)c1ccccc1,1,halogen-walk,remove-F,Cn1nnnc1C(F)(F)C(O)(Cn1cncn1)c1ccc(F)cc1F,0 1 2 3 4 5 6 7 8 10 11 12 13 14 15 16 17 18 19 20 21,c1ccc(C(Cc2nnn[nH]2)Cn2cncn2)cc1,test,321.29100000000005,0.48139999999999894,0.7344216061903399,23,37
subcategory_halogen-walk.remove-F_1544,CCOC(=O)C(F)(F)C(O)/C=C/c1c(-c2cccc(C)c2)c2ccccc2n1C(C)C,1,halogen-walk,remove-F,CCOC(=O)C(F)(F)C(O)/C=C/c1c(-c2ccc(F)cc2)c2ccccc2n1C(C)C,0 1 2 3 4 5 6 7 8 9 10 11 12 14 15 16 17 18 19 20 21 22 23 24 25 26 27 28 29 30,c1ccc(-c2c[nH]c3ccccc23)cc1,train,427.4910000000002,5.770120000000005,0.487168196067141,31,56
subcategory_halogen-walk.remove-F_1553,CCc1nn(-c2ccc(OC)cc2)c2c1C1(CC1)CN(c1ccc(C#N)cc1)C2=O,1,halogen-walk,remove-F,COc1ccc(-n2nc(C(F)(F)F)c3c2C(=O)N(c2ccc(C#N)cc2)CC32CC2)cc1,0 1 3 4 5 6 7 8 9 10 11 12 13 14 15 16 17 18 19 20 21 22 23 24 25 26 27 28 29,O=C1c2c(cnn2-c2ccccc2)C2(CC2)CN1c1ccccc1,train,398.46600000000007,4.006980000000003,0.6658103216895557,30,53
subcategory_halogen-walk.remove-F_1660,CCOC(=O)c1nn(-c2ccc3c(c2)CCO3)c2c1CCN(c1ccccc1)C2=O,1,halogen-walk,remove-F,CCOC(=O)c1nn(-c2ccc3c(c2)CCO3)c2c1CCN(c1ccc(N3CCCCC3=O)c(F)c1)C2=O,21 22 23 24 25 26 27,O=C1CCCCN1c1ccc(N2CCc3cnn(-c4ccc5c(c4)CCO5)c3C2=O)cc1,train,403.43800000000016,3.1868000000000016,0.6257952111866935,30,51
subcategory_halogen-walk.remove-F_382,Cc1ccc(C(=O)C#Cc2cnc(O)nc2O)cc1,0,authentic,authentic,,,O=C(C#Cc1cncnc1)c1ccccc1,test,254.24500000000003,1.43062,0.5938306933689143,19,31
subcategory_halogen-walk.remove-F_129,COc1ccc2c(C)c([N+](=O)[O-])oc2c1,0,authentic,authentic,,,c1ccc2occc2c1,train,207.18499999999997,2.6580200000000014,0.5604472620195382,15,32
subcategory_halogen-walk.remove-F_2661,c1ccc(-c2c3ccc(OCC4CCCNC4)c2OCO3)cc1,1,halogen-walk,remove-F,Fc1ccc(-c2c3ccc(OCC4CCCNC4)c2OCO3)cc1,0 1 2 3 5 6 7 8 9 10 11 12 13 14 15 16 17 18 19 20 21,c1ccc(-c2c3ccc(OCC4CCCNC4)c2OCO3)cc1,val,311.381,3.460700000000001,0.938456576281213,23,36
subcategory_halogen-walk.remove-F_2677,C=Cc1nn(-c2ccc(OC)cc2)c2c1CCN(c1ccc(C3(CN(C)S(C)(=O)=O)CC3)cc1)C2=O,1,halogen-walk,remove-F,COc1ccc(-n2nc(C(F)(F)F)c3c2C(=O)N(c2ccc(C4(CN(C)S(C)(=O)=O)CC4)cc2)CC3)cc1,0 1 3 4 5 6 7 8 9 10 11 12 13 14 15 16 17 18 19 20 21 22 23 24 25 26 27 28 29 30 31 32 33 34 35,O=C1c2c(cnn2-c2ccccc2)CCN1c1ccc(C2CC2)cc1,train,506.62800000000027,3.6498000000000026,0.46571374670908366,36,67
subcategory_halogen-walk.remove-F_330,CCN(Cc1ccccc1)C(=O)C(=O)c1c(-c2ccc(F)cc2)[nH]c2ccccc12,0,authentic,authentic,,,O=C(NCc1ccccc1)C(=O)c1c(-c2ccccc2)[nH]c2ccccc12,train,400.45300000000003,5.2054000000000045,0.3570022622139556,30,54
subcategory_halogen-walk.remove-F_2801,CCOC(=O)C1(NC(=O)CN2CCc3c(CC)nn(-c4ccc(OC)cc4)c3C2=O)CC1,1,halogen-walk,remove-F,CCOC(=O)C1(NC(=O)CN2CCc3c(C(F)(F)F)nn(-c4ccc(OC)cc4)c3C2=O)CC1,0 1 2 3 4 5 6 7 8 9 10 11 12 13 15 16 17 18 19 20 21 22 23 24 25 26 27 28 29 30 31,O=C(CN1CCc2cnn(-c3ccccc3)c2C1=O)NC1CC1,test,440.5000000000002,1.6535000000000004,0.6265041964430144,32,56
subcategory_halogen-walk.remove-F_1228,CN1CCN(C2=Nc3cc(Cl)ccc3N(CC(=O)NCCN)c3ccccc32)CC1,0,authentic,authentic,,,c1ccc2c(c1)N=C(N1CCNCC1)c1ccccc1N2,train,426.9520000000002,2.1921,0.7832421815714451,30,49
subcategory_halogen-walk.remove-F_925,C/C=C/C(=O)NCCc1cccc2ccc(OC)cc12,0,authentic,authentic,,,c1ccc2ccccc2c1,train,269.34400000000005,3.0832000000000015,0.8470779069799186,20,32
subcategory_halogen-walk.remove-F_996,COc1cccc([C@@]2(O)CCCC[C@@H]2CN(C)C)c1.Cl,0,authentic,authentic,,,c1ccc(C2CCCCC2)cc1,train,299.8419999999999,3.0564000000000022,0.9273421669093302,20,41
subcategory_halogen-walk.remove-F_2314,Cc1cccc(CC=Cc2cc3ccccc3nc2Cl)c1,1,halogen-walk,remove-F,O=C(/C=C/c1cc2ccccc2nc1Cl)c1ccc(F)cc1,0 1 2 3 4 5 6 7 20,O=C(/C=C/c1cnc2ccccc2c1)c1ccccc1,train,293.797,5.452520000000003,0.5849375554545786,21,31
subcategory_halogen-walk.remove-F_1880,Cc1ccccc1[C@@H](O)CC[C@H]1C(=O)N(c2ccc(F)cc2)[C@@H]1c1ccc(OCC(=O)O)cc1,1,halogen-walk,remove-F,O=C(O)COc1ccc([C@@H]2[C@@H](CC[C@H](O)c3ccc(F)cc3)C(=O)N2c2ccc(F)cc2)cc1,0 1 2 3 4 5 6 8 9 10 11 12 13 14 15 16 17 18 19 20 21 22 23 24 25 26 27 28 29 30 31 32 33,O=C1[C@H](CCCc2ccccc2)[C@@H](c2ccccc2)N1c1ccccc1,train,463.50500000000017,4.815420000000004,0.4447012251059653,34,70
subcategory_halogen-walk.remove-F_1663,c1ccc([C@@H]2CCNC[C@H]2COc2ccc3c(c2)OCCO3)cc1,1,halogen-walk,remove-F,Fc1ccc([C@@H]2CCNC[C@H]2COc2ccc3c(c2)OCCO3)cc1,0 1 2 3 5 6 7 8 9 10 11 12 13 14 15 16 17 18 19 20 21 22,c1ccc([C@@H]2CCNC[C@H]2COc2ccc3c(c2)OCCO3)cc1,test,325.4080000000001,3.2299000000000015,0.9367456489055119,24,45
subcategory_halogen-walk.remove-F_2877,Cc1ccc2c(c1)COC2(CCCN)c1ccccc1,1,halogen-walk,remove-F,Cc1ccc2c(c1)COC2(CCCN)c1ccc(F)cc1,0 1 2 3 4 5 6 7 8 10 11 12 13 14 15 16 17 18,c1ccc(C2OCc3ccccc32)cc1,train,267.37199999999996,3.5077200000000017,0.919741293753076,20,30
subcategory_halogen-walk.remove-F_323,Cc1ccccc1C(C)C(CS)C(=O)NC(Cc1ccc(O)cc1)C(=O)O,0,authentic,authentic,,,O=C(CCc1ccccc1)NCCc1ccccc1,val,387.5010000000001,3.1622200000000005,0.5242304040300046,27,45
subcategory_halogen-walk.remove-F_1625,CCc1ccc(OC(CCN(C)CC(=O)[O-])c2ccccc2)cc1,1,halogen-walk,remove-F,CN(CCC(Oc1ccc(C(F)(F)F)cc1)c1ccccc1)CC(=O)[O-],0 1 3 4 5 6 7 8 9 10 11 12 13 14 15 16 17 18 19 20 21 22,c1ccc(COc2ccccc2)cc1,train,326.41599999999994,2.4409,0.7101157473794912,24,40
subcategory_halogen-walk.remove-F_1094,CCCc1nn(C)c2c(=O)n(C)c(-c3ccc(S(=O)(=O)[N+]4(C)CC[N+](C)(C)CC4)cc3OCC)nc12,0,authentic,authentic,,,O=c1[nH]c(-c2ccc(S(=O)(=O)[NH+]3CC[NH2+]CC3)cc2)nc2cn[nH]c12,train,518.6840000000004,1.9105000000000008,0.44361033178222,36,74
subcategory_halogen-walk.remove-F_1451,C=C1[C@@H](CCC(=O)c2ccc(F)cc2)[C@H](c2ccc(O)cc2)N1c1ccccc1,1,halogen-walk,remove-F,C=C1[C@@H](CCC(=O)c2ccc(F)cc2)[C@H](c2ccc(O)cc2)N1c1ccc(F)cc1,0 1 2 3 4 5 6 7 8 9 10 11 12 13 14 15 16 17 18 19 20 21 23 24 25 26 27,C=C1[C@@H](CCC(=O)c2ccccc2)[C@H](c2ccccc2)N1c1ccccc1,val,387.45400000000006,5.885600000000006,0.5366123675801557,29,58
subcategory_halogen-walk.remove-F_1033,N=C(N)c1ccc(C2C(CCC(O)c3ccc(F)cc3)C(=O)N2c2ccc(F)cc2)cc1,0,authentic,authentic,,,O=C1C(CCCc2ccccc2)C(c2ccccc2)N1c1ccccc1,train,435.47400000000005,4.466770000000003,0.29062329916358687,32,56
subcategory_halogen-walk.remove-F_2156,CCCC1C(c2ccccc2)CC2CC(F)(F)C1N2C,1,halogen-walk,remove-F,CCCC1C(c2ccc(F)cc2)CC2CC(F)(F)C1N2C,4 5 6 7 8 9 10,c1ccc(C2CC3CCC(C2)N3)cc1,train,279.37399999999997,4.298200000000004,0.7971547312197913,20,32
subcategory_halogen-walk.remove-F_2538,CN(C)CCC[C@@]1(c2ccccc2)O[C@H](O)c2cc(C#N)ccc21,1,halogen-walk,remove-F,CN(C)CCC[C@@]1(c2ccc(F)cc2)O[C@H](O)c2cc(C#N)ccc21,0 1 2 3 4 5 7 8 9 10 11 12 13 14 15 16 17 18 19 20 21 22,c1ccc(C2OCc3ccccc32)cc1,train,322.4080000000001,3.164780000000002,0.9184800271523493,24,47
subcategory_halogen-walk.remove-F_786,COc1c(C)cnc(C[S+]([O-])c2nc3ccccc3[nH]2)c1C,0,authentic,authentic,,,c1ccc(C[SH+]c2nc3ccccc3[nH]2)nc1,train,315.398,2.891140000000001,0.7512943231459466,22,43
subcategory_halogen-walk.remove-F_987,Cc1cn(C2C=CC(CO)O2)c(=O)[nH]c1=O,0,authentic,authentic,,,O=c1ccn(C2C=CCO2)c(=O)[nH]1,train,224.21599999999998,-0.7090799999999999,0.6498890462135971,16,32
subcategory_halogen-walk.remove-F_609,O=C1CC(NC(=O)c2cc(OC(F)(F)F)ccc2OC2CCCCC2)CCN1,0,authentic,authentic,,,O=C1CC(NC(=O)c2ccccc2OC2CCCCC2)CCN1,test,400.3970000000003,3.3051000000000013,0.795248574050901,28,46
subcategory_halogen-walk.remove-F_2147,c1ccc(O[C@H](c2ccccc2)[C@H]2CNCCO2)cc1,1,halogen-walk,remove-F,COc1cc(F)ccc1O[C@H](c1ccccc1)[C@H]1CNCCO1,0 1 2 3 5 6 7 8 9 10 11 12 13 14 15 16 17 18,c1ccc(O[C@H](c2ccccc2)[C@H]2CNCCO2)cc1,train,269.34399999999994,2.7951000000000006,0.9255211913714833,20,38
subcategory_halogen-walk.remove-F_394,CCCC(=O)O[C@H](/C=C/c1c(-c2ccc(F)cc2)c2ccccc2n1CC)CC(=O)OCC,0,authentic,authentic,,,c1ccc(-c2c[nH]c3ccccc23)cc1,train,451.5380000000003,6.145600000000006,0.34723598944681777,33,59
subcategory_halogen-walk.remove-F_438,CCc1c(C)nc2n(c1=O)CCC(N1CCC(c3noc4cc(F)ccc34)CC1)C2O,0,authentic,authentic,,,O=c1ccnc2n1CCC(N1CCC(c3noc4ccccc34)CC1)C2,train,426.49200000000013,3.0797200000000022,0.6929820523183126,31,52
subcategory_halogen-walk.remove-F_734,COc1ccc(C(=O)c2c3n(c4ccccc24)CCC3N2CCOCC2)cc1,0,authentic,authentic,,,O=C(c1ccccc1)c1c2n(c3ccccc13)CCC2N1CCOCC1,train,376.4560000000002,3.6579000000000024,0.6520925931479548,28,45
subcategory_halogen-walk.remove-F_1763,O=C(O)N1CCC(c2ccccc2)(c2ccccc2)C(COc2ccc3c(c2)OCO3)C1,1,halogen-walk,remove-F,O=C(O)N1CCC(c2ccccc2)(c2ccc(F)cc2)C(COc2ccc3c(c2)OCO3)C1,0 1 2 3 4 5 7 8 9 10 11 12 13 14 15 16 17 18 19 20 21 22 23 24 25 26 27 28 29 30 31,c1ccc(C2(c3ccccc3)CCNCC2COc2ccc3c(c2)OCO3)cc1,train,431.48800000000034,4.780300000000005,0.6297197832757834,32,53
subcategory_halogen-walk.remove-F_2760,CCOc1cccc(C2(O)CCCN(CC)CC2)c1,1,halogen-walk,remove-F,CCN1CCCC(O)(c2cccc(OC(F)(F)F)c2)CC1,0 1 3 4 5 6 7 8 9 10 11 12 13 14 15 16 17,c1ccc(C2CCCNCC2)cc1,val,263.3809999999999,2.7787000000000006,0.9064027832336775,19,29
subcategory_halogen-walk.remove-F_2057,O=C1N(c2ccccc2)C[C@]1(c1ccc(OCc2ccccc2)cc1)C(CCO)c1ccc(F)cc1,1,halogen-walk,remove-F,O=C1N(c2ccc(F)cc2)C[C@]1(c1ccc(OCc2ccccc2)cc1)C(CCO)c1ccc(F)cc1,2 3 4 5 6 7 8,O=C1N(c2ccccc2)C[C@@]1(Cc1ccccc1)c1ccc(OCc2ccccc2)cc1,train,481.5670000000001,5.8555000000000055,0.3049868653534413,36,60
subcategory_halogen-walk.remove-F_70,CCCOc1ccc(S(=O)(=O)N2CCN(CCP(=O)(OCC)OCC)CC2)cc1-c1nc2c(CCC)nn(C)c2c(=O)[nH]1,0,authentic,authentic,,,O=c1[nH]c(-c2cccc(S(=O)(=O)N3CCNCC3)c2)nc2cn[nH]c12,train,638.7280000000001,3.6373000000000015,0.24466930038541596,43,77
subcategory_halogen-walk.remove-F_1174,CC(=O)c1c(C)n(-c2cccc(Cl)c2)c2ccc(OC(=O)c3ccccc3)cc12,0,authentic,authentic,,,O=C(Oc1ccc2c(ccn2-c2ccccc2)c1)c1ccccc1,train,403.8650000000002,6.014120000000005,0.23782465307994116,29,53
subcategory_halogen-walk.remove-F_2194,CCN(CCCN1CCCCC1C)C[C@@H](COc1ccc2c(c1)OCO2)Cc1ccccc1,1,halogen-walk,remove-F,CC1CCCCN1CCCN1CC[C@@H](c2ccc(F)cc2)[C@H](COc2ccc3c(c2)OCO3)C1,0 1 2 3 4 5 6 7 8 9 10 11 12 13 15 16 17 18 19 20 21 22 23 24 25 26 27 28 29 30 31,c1ccc([C@@H]2CCN(CCCN3CCCCC3)C[C@H]2COc2ccc3c(c2)OCO3)cc1,train,452.6390000000002,5.239400000000005,0.439970296108506,33,52
subcategory_halogen-walk.remove-F_1125,O=C(O)N1C(=O)NC(=O)C1(c1ccccc1)c1ccccc1,0,authentic,authentic,,,O=C1NC(=O)C(c2ccccc2)(c2ccccc2)N1,train,296.28200000000004,2.16,0.8313800411966872,22,39
subcategory_halogen-walk.remove-F_2168,CCCc1ccc(OC(CCN(C)C)C2C=CC=CC2)cc1,1,halogen-walk,remove-F,CN(C)CCC(Oc1ccc(C(F)(F)F)cc1)C1C=CC=CC1,0 1 2 4 5 6 7 8 9 10 11 12 13 14 15 16 17 18 19 20,C1=CCC(COc2ccccc2)C=C1,train,299.458,4.470500000000004,0.7019560508200039,22,34
subcategory_halogen-walk.remove-F_68,COc1ccc2c3c1OC1C[C@@H](O)C=CC31CCN(C(=O)NC(C)C)C2,0,authentic,authentic,,,C1=CC23CCNCc4cccc(c42)OC3CC1,train,358.4380000000001,2.3385000000000007,0.7963441386452607,26,49
subcategory_halogen-walk.remove-F_48,Nc1nc(O)c2ncn(C3C[C@@H](CO)[C@@H]3CO)c2n1,0,authentic,authentic,,,c1ncc2ncn(C3CCC3)c2n1,train,265.27299999999997,-0.7241000000000004,0.575458524956119,19,41
subcategory_halogen-walk.remove-F_1684,C[C@@H](N1CCC(=C(c2ccccc2)c2ccccc2)CC1)[C@](O)(Cn1cncn1)c1ccccc1,1,halogen-walk,remove-F,C[C@@H](N1CCC(=C(c2ccccc2)c2ccccc2)CC1)[C@](O)(Cn1cncn1)c1ccc(F)cc1F,21 29 30 31 32 33 34,c1ccc(C(=C2CCN(CC(Cn3cncn3)c3ccccc3)CC2)c2ccccc2)cc1,train,464.6130000000003,5.152300000000005,0.41088293956049615,35,64
subcategory_halogen-walk.remove-F_2259,Cc1ccccc1/C(=C/C[C@H]1C(=O)N(c2ccc(F)cc2)[C@@H]1c1ccc(O)cc1)C(C)O,1,halogen-walk,remove-F,CC(O)/C(=C\C[C@H]1C(=O)N(c2ccc(F)cc2)[C@@H]1c1ccc(O)cc1)c1ccc(F)cc1,0 1 2 3 4 5 6 8 9 10 11 12 13 14 15 16 17 18 19 20 21 22 23 24 25 26 27 28 29 30 31,O=C1[C@H](CC=Cc2ccccc2)[C@@H](c2ccccc2)N1c1ccccc1,train,431.50700000000006,5.398320000000006,0.5140470643944105,32,65
subcategory_halogen-walk.remove-F_2179,CN(C)C(=O)N1CC[C@@H](c2ccccc2)[C@H](COc2ccc3c(c2)OCO3)C1,1,halogen-walk,remove-F,CN(C)C(=O)N1CC[C@@H](c2ccc(F)cc2)[C@H](COc2ccc3c(c2)OCO3)C1,0 1 2 3 4 5 6 7 9 10 11 12 13 14 15 16 17 18 19 20 21 22 23 24 25 26 27,c1ccc([C@@H]2CCNC[C@H]2COc2ccc3c(c2)OCO3)cc1,train,382.4600000000002,3.581400000000002,0.8110755697651127,28,56
subcategory_halogen-walk.remove-F_27,Cc1nc2n(c(=O)c1CCN1CCC(c3onc4cc(F)ccc34)CC1)CCCC2,0,authentic,authentic,,,O=c1c(CCN2CCC(c3onc4ccccc34)CC2)cnc2n1CCCC2,val,410.4930000000003,3.5904200000000026,0.6577452185749303,30,49
subcategory_halogen-walk.remove-F_64,CC(NC1CCCCC1)C(O)c1ccc(O)cc1.Cl,0,authentic,authentic,,,c1ccc(CCNC2CCCCC2)cc1,train,285.815,3.158200000000002,0.7964348320126174,19,31
subcategory_halogen-walk.remove-F_1998,CCCC1(C#CC2CC2)OC(O)N(C)c2ccc(Cl)cc21,1,halogen-walk,remove-F,CN1c2ccc(Cl)cc2C(C#CC2CC2)(C(F)(F)F)OC1O,0 1 2 3,C(#CC1OCNc2ccccc21)C1CC1,val,305.805,3.491100000000002,0.8490458053707877,21,37
subcategory_halogen-walk.remove-F_2700,C=Cc1ccc(CNS(=O)(=O)c2ccc3c(c2)nc(CCNC(=O)NC(C)(C)C)n3Cc2ccccc2)cc1F,1,halogen-walk,remove-F,CC(C)(C)NC(=O)NCCc1nc2cc(S(=O)(=O)NCc3ccc(C(F)(F)F)c(F)c3)ccc2n1Cc1ccccc1,0 1 2,O=S(=O)(NCc1ccccc1)c1ccc2c(c1)ncn2Cc1ccccc1,test,563.6990000000004,4.985400000000005,0.25298121267957613,40,68
subcategory_halogen-walk.remove-F_1979,CCc1cc(C(=O)NC2CCN(c3ccccc3CN3CCOCC3)CC2)n(-c2ccc(OC)cc2)n1,1,halogen-walk,remove-F,COc1ccc(-n2nc(C(F)(F)F)cc2C(=O)NC2CCN(c3ccccc3CN3CCOCC3)CC2)cc1,0 1 3 4 5 6 7 8 9 10 11 12 13 14 15 16 17 18 19 20 21 22 23 24 25 26 27 28 29 30 31 32 33 34 35,O=C(NC1CCN(c2ccccc2CN2CCOCC2)CC1)c1ccnn1-c1ccccc1,test,503.6470000000004,3.6743000000000023,0.5058404445990689,37,59
subcategory_halogen-walk.remove-F_2525,COc1ccc(COC(=O)c2sc(-c3ccccc3)nc2C)cc1,1,halogen-walk,remove-F,COc1ccc(COC(=O)c2sc(-c3ccc(F)cc3)nc2C)cc1,0 1 2 3 4 5 6 7 8 9 10 11 13 14 15 16 17 18 19 20 21 22 23,O=C(OCc1ccccc1)c1cnc(-c2ccccc2)s1,test,339.41600000000005,4.484120000000003,0.642951444151578,24,38
subcategory_halogen-walk.remove-F_2731,CNc1cc(OC)c(C(=O)NCCN2CCC(C(=O)c3ccccc3)CC2)cc1Cl,1,halogen-walk,remove-F,CNc1cc(OC)c(C(=O)NCCN2CCC(C(=O)c3ccc(F)cc3)CC2)cc1Cl,0 1 2 3 4 5 6 7 8 9 10 11 12 13 14 15 16 18 19 20 21 22 23 24 25 26 27 28 29,O=C(NCCN1CCC(C(=O)c2ccccc2)CC1)c1ccccc1,train,429.9480000000001,3.7150000000000025,0.6257131046210274,30,49
subcategory_halogen-walk.remove-F_2612,CCOC(=O)C(CCc1ccccc1)NC(C)C(=O)N1C(C(=O)O)CC2CCCC21,1,halogen-walk,remove-F,CCOC(=O)C(CCc1ccc(F)cc1)NC(C)C(=O)N1C(C(=O)O)CC2CCCC21,0 1 2 3 4 5 7 8 9 10 11 12 13 14 15 16 17 18 19 20 21 22 23 24 25 26 27 28 29,O=C(CNCCCc1ccccc1)N1CCC2CCCC21,train,416.5180000000003,2.3831999999999995,0.6003163359035134,30,51
subcategory_halogen-walk.remove-F_2530,Fc1ccc(OC(CC2CNC2)c2ccccc2)cc1,1,halogen-walk,remove-F,Fc1ccc(OC(CC2CNC2)c2ccc(F)c(F)c2)cc1,0 1 2 3 4 5 7 8 9 10 11 12 13 14 15 16 17 18 19,c1ccc(OC(CC2CNC2)c2ccccc2)cc1,train,271.335,3.5553000000000017,0.8975364219421041,20,30
subcategory_halogen-walk.remove-F_247,CCOC(=O)c1ccc2c(c1)c(C(C)=O)c(C)n2-c1ccc(OC)cc1,0,authentic,authentic,,,c1ccc(-n2ccc3ccccc32)cc1,train,351.40200000000004,4.326820000000003,0.507120999052195,26,47
subcategory_halogen-walk.remove-F_1528,N[C@@H](Cc1cc(I)c(Oc2ccc(O)c(Cc3ccccc3)c2)c(I)c1)C(=O)O,1,halogen-walk,remove-F,N[C@@H](Cc1cc(I)c(Oc2ccc(O)c(Cc3ccc(F)cc3)c2)c(I)c1)C(=O)O,15 16 17 18 19 20 21,c1ccc(Cc2cccc(Oc3ccccc3)c2)cc1,train,615.2050000000002,4.938900000000003,0.32806914722931996,29,55
subcategory_halogen-walk.remove-F_1867,CCOC(=O)CC(O)/C=C/c1c(-c2ccccc2)c2ccccc2n1C(C)C,1,halogen-walk,remove-F,CCOC(=O)CC(O)/C=C/c1c(-c2ccc(F)cc2)c2ccccc2n1C(C)C,0 1 2 3 4 5 6 7 8 9 10 12 13 14 15 16 17 18 19 20 21 22 23 24 25 26 27,c1ccc(-c2c[nH]c3ccccc23)cc1,train,377.48400000000015,5.216500000000004,0.5746703658849884,28,47
subcategory_halogen-walk.remove-F_2071,O=C(CC[C@@H]1C(=O)N(c2ccccc2)[C@H]1c1ccc(O)cc1)c1ccc(F)cc1,1,halogen-walk,remove-F,O=C(CC[C@@H]1C(=O)N(c2ccc(F)cc2)[C@H]1c1ccc(O)cc1)c1ccc(F)cc1,0 1 2 3 4 5 6 8 9 10 11 12 13 14 15 16 17 18 19 20 21 22 23 24 25 26 27 28,O=C(CC[C@@H]1C(=O)N(c2ccccc2)[C@H]1c1ccccc1)c1ccccc1,train,389.4260000000001,4.898500000000004,0.4819470132495984,29,58
subcategory_halogen-walk.remove-F_895,CN(C(=O)c1c(O)c2ccccc2n(C)c1=O)c1ccccc1,0,authentic,authentic,,,O=C(Nc1ccccc1)c1cc2ccccc2[nH]c1=O,train,308.337,2.5207000000000006,0.7910337931744736,23,39
subcategory_halogen-walk.remove-F_37,O=C1N[C@@H](Cc2ccccc2)C(=O)N1Cc1cccc(F)c1,0,authentic,authentic,,,O=C1N[C@@H](Cc2ccccc2)C(=O)N1Cc1ccccc1,train,298.317,2.4888000000000003,0.881674219431634,22,41
subcategory_halogen-walk.remove-F_618,CC(C)(C)Nc1nc(C(F)(F)F)nc2ccc(-c3cccnc3)cc12,0,authentic,authentic,,,c1cncc(-c2ccc3ncncc3c2)c1,train,346.356,4.921000000000004,0.715386976261834,25,44
subcategory_halogen-walk.remove-F_278,Oc1nc2cc3[nH]c(-c4ccncc4)nc3cc2s1,0,authentic,authentic,,,c1cc(-c2nc3cc4scnc4cc3[nH]2)ccn1,train,268.301,2.9402,0.556297575617704,19,33
