2026-08-14 15:30:11,571 | INFO | [ChEMBL-REST] Fetching up to 14000 molecules...
2026-08-14 15:30:12,190 | INFO | https://www.ebi.ac.uk/chembl/api/data/molecule.json
2026-08-14 15:30:12,190 | INFO | [('molecule_properties__mw_freebase__gte', 200), ('molecule_properties__mw_freebase__lt', 300), ('molecule_type', 'Small%20molecule'), ('limit', 20), ('offset', 0)]
2026-08-14 15:30:12,190 | INFO | From cache: True
2026-08-14 15:30:12,257 | INFO | https://www.ebi.ac.uk/chembl/api/data/molecule.json
2026-08-14 15:30:12,257 | INFO | [('molecule_properties__mw_freebase__gte', 200), ('molecule_properties__mw_freebase__lt', 300), ('molecule_type', 'Small%20molecule'), ('limit', 20), ('offset', 20)]
2026-08-14 15:30:12,257 | INFO | From cache: True
2026-08-14 15:30:12,304 | INFO | https://www.ebi.ac.uk/chembl/api/data/molecule.json
2026-08-14 15:30:12,304 | INFO | [('molecule_properties__mw_freebase__gte', 200), ('molecule_properties__mw_freebase__lt', 300), ('molecule_type', 'Small%20molecule'), ('limit', 20), ('offset', 40)]
2026-08-14 15:30:12,304 | INFO | From cache: True
2026-08-14 15:30:12,364 | INFO | https://www.ebi.ac.uk/chembl/api/data/molecule.json
2026-08-14 15:30:12,364 | INFO | [('molecule_properties__mw_freebase__gte', 200), ('molecule_properties__mw_freebase__lt', 300), ('molecule_type', 'Small%20molecule'), ('limit', 20), ('offset', 60)]
2026-08-14 15:30:12,364 | INFO | From cache: True
2026-08-14 15:30:12,399 | INFO | https://www.ebi.ac.uk/chembl/api/data/molecule.json
2026-08-14 15:30:12,399 | INFO | [('molecule_properties__mw_freebase__gte', 200), ('molecule_properties__mw_freebase__lt', 300), ('molecule_type', 'Small%20molecule'), ('limit', 20), ('offset', 80)]
2026-08-14 15:30:12,399 | INFO | From cache: True
2026-08-14 15:30:12,441 | INFO | https://www.ebi.ac.uk/chembl/api/data/molecule.json
2026-08-14 15:30:12,441 | INFO | [('molecule_properties__mw_freebase__gte', 200), ('molecule_properties__mw_freebase__lt', 300), ('molecule_type', 'Small%20molecule'), ('limit', 20), ('offset', 100)]
2026-08-14 15:30:12,441 | INFO | From cache: True
2026-08-14 15:30:13,373 | INFO | https://www.ebi.ac.uk/chembl/api/data/molecule.json
2026-08-14 15:30:13,373 | INFO | [('molecule_properties__mw_freebase__gte', 200), ('molecule_properties__mw_freebase__lt', 300), ('molecule_type', 'Small%20molecule'), ('limit', 20), ('offset', 120)]
2026-08-14 15:30:13,373 | INFO | From cache: False
2026-08-14 15:30:14,347 | INFO | https://www.ebi.ac.uk/chembl/api/data/molecule.json
2026-08-14 15:30:14,348 | INFO | [('molecule_properties__mw_freebase__gte', 200), ('molecule_properties__mw_freebase__lt', 300), ('molecule_type', 'Small%20molecule'), ('limit', 20), ('offset', 140)]
2026-08-14 15:30:14,348 | INFO | From cache: False
2026-08-14 15:30:15,366 | INFO | https://www.ebi.ac.uk/chembl/api/data/molecule.json
2026-08-14 15:30:15,366 | INFO | [('molecule_properties__mw_freebase__gte', 200), ('molecule_properties__mw_freebase__lt', 300), ('molecule_type', 'Small%20molecule'), ('limit', 20), ('offset', 160)]
2026-08-14 15:30:15,366 | INFO | From cache: False
2026-08-14 15:30:16,463 | INFO | https://www.ebi.ac.uk/chembl/api/data/molecule.json
2026-08-14 15:30:16,463 | INFO | [('molecule_properties__mw_freebase__gte', 200), ('molecule_properties__mw_freebase__lt', 300), ('molecule_type', 'Small%20molecule'), ('limit', 20), ('offset', 180)]
2026-08-14 15:30:16,463 | INFO | From cache: False
2026-08-14 15:30:19,069 | INFO | https://www.ebi.ac.uk/chembl/api/data/molecule.json
2026-08-14 15:30:19,070 | INFO | [('molecule_properties__mw_freebase__gte', 200), ('molecule_properties__mw_freebase__lt', 300), ('molecule_type', 'Small%20molecule'), ('limit', 20), ('offset', 200)]
2026-08-14 15:30:19,070 | INFO | From cache: False
2026-08-14 15:30:20,016 | INFO | https://www.ebi.ac.uk/chembl/api/data/molecule.json
2026-08-14 15:30:20,016 | INFO | [('molecule_properties__mw_freebase__gte', 200), ('molecule_properties__mw_freebase__lt', 300), ('molecule_type', 'Small%20molecule'), ('limit', 20), ('offset', 220)]
2026-08-14 15:30:20,017 | INFO | From cache: False
2026-08-14 15:30:21,028 | INFO | https://www.ebi.ac.uk/chembl/api/data/molecule.json
2026-08-14 15:30:21,029 | INFO | [('molecule_properties__mw_freebase__gte', 200), ('molecule_properties__mw_freebase__lt', 300), ('molecule_type', 'Small%20molecule'), ('limit', 20), ('offset', 240)]
2026-08-14 15:30:21,029 | INFO | From cache: False
2026-08-14 15:30:22,134 | INFO | https://www.ebi.ac.uk/chembl/api/data/molecule.json
2026-08-14 15:30:22,135 | INFO | [('molecule_properties__mw_freebase__gte', 200), ('molecule_properties__mw_freebase__lt', 300), ('molecule_type', 'Small%20molecule'), ('limit', 20), ('offset', 260)]
2026-08-14 15:30:22,135 | INFO | From cache: False
2026-08-14 15:30:23,913 | INFO | https://www.ebi.ac.uk/chembl/api/data/molecule.json
2026-08-14 15:30:23,913 | INFO | [('molecule_properties__mw_freebase__gte', 200), ('molecule_properties__mw_freebase__lt', 300), ('molecule_type', 'Small%20molecule'), ('limit', 20), ('offset', 280)]
2026-08-14 15:30:23,913 | INFO | From cache: False
2026-08-14 15:30:25,115 | INFO | https://www.ebi.ac.uk/chembl/api/data/molecule.json
2026-08-14 15:30:25,115 | INFO | [('molecule_properties__mw_freebase__gte', 200), ('molecule_properties__mw_freebase__lt', 300), ('molecule_type', 'Small%20molecule'), ('limit', 20), ('offset', 300)]
2026-08-14 15:30:25,115 | INFO | From cache: False
2026-08-14 15:30:26,170 | INFO | https://www.ebi.ac.uk/chembl/api/data/molecule.json
2026-08-14 15:30:26,171 | INFO | [('molecule_properties__mw_freebase__gte', 200), ('molecule_properties__mw_freebase__lt', 300), ('molecule_type', 'Small%20molecule'), ('limit', 20), ('offset', 320)]
2026-08-14 15:30:26,171 | INFO | From cache: False
2026-08-14 15:30:27,150 | INFO | https://www.ebi.ac.uk/chembl/api/data/molecule.json
2026-08-14 15:30:27,150 | INFO | [('molecule_properties__mw_freebase__gte', 200), ('molecule_properties__mw_freebase__lt', 300), ('molecule_type', 'Small%20molecule'), ('limit', 20), ('offset', 340)]
2026-08-14 15:30:27,150 | INFO | From cache: False
2026-08-14 15:30:28,068 | INFO | https://www.ebi.ac.uk/chembl/api/data/molecule.json
2026-08-14 15:30:28,068 | INFO | [('molecule_properties__mw_freebase__gte', 200), ('molecule_properties__mw_freebase__lt', 300), ('molecule_type', 'Small%20molecule'), ('limit', 20), ('offset', 360)]
2026-08-14 15:30:28,068 | INFO | From cache: False
2026-08-14 15:30:29,945 | INFO | https://www.ebi.ac.uk/chembl/api/data/molecule.json
2026-08-14 15:30:29,945 | INFO | [('molecule_properties__mw_freebase__gte', 200), ('molecule_properties__mw_freebase__lt', 300), ('molecule_type', 'Small%20molecule'), ('limit', 20), ('offset', 380)]
2026-08-14 15:30:29,945 | INFO | From cache: False
2026-08-14 15:30:31,103 | INFO | https://www.ebi.ac.uk/chembl/api/data/molecule.json
2026-08-14 15:30:31,103 | INFO | [('molecule_properties__mw_freebase__gte', 200), ('molecule_properties__mw_freebase__lt', 300), ('molecule_type', 'Small%20molecule'), ('limit', 20), ('offset', 400)]
2026-08-14 15:30:31,103 | INFO | From cache: False
2026-08-14 15:30:32,581 | INFO | https://www.ebi.ac.uk/chembl/api/data/molecule.json
2026-08-14 15:30:32,581 | INFO | [('molecule_properties__mw_freebase__gte', 200), ('molecule_properties__mw_freebase__lt', 300), ('molecule_type', 'Small%20molecule'), ('limit', 20), ('offset', 420)]
2026-08-14 15:30:32,581 | INFO | From cache: False
2026-08-14 15:30:33,935 | INFO | https://www.ebi.ac.uk/chembl/api/data/molecule.json
2026-08-14 15:30:33,935 | INFO | [('molecule_properties__mw_freebase__gte', 200), ('molecule_properties__mw_freebase__lt', 300), ('molecule_type', 'Small%20molecule'), ('limit', 20), ('offset', 440)]
2026-08-14 15:30:33,935 | INFO | From cache: False
2026-08-14 15:30:36,274 | INFO | https://www.ebi.ac.uk/chembl/api/data/molecule.json
2026-08-14 15:30:36,275 | INFO | [('molecule_properties__mw_freebase__gte', 200), ('molecule_properties__mw_freebase__lt', 300), ('molecule_type', 'Small%20molecule'), ('limit', 20), ('offset', 460)]
2026-08-14 15:30:36,275 | INFO | From cache: False
2026-08-14 15:30:37,384 | INFO | https://www.ebi.ac.uk/chembl/api/data/molecule.json
2026-08-14 15:30:37,384 | INFO | [('molecule_properties__mw_freebase__gte', 200), ('molecule_properties__mw_freebase__lt', 300), ('molecule_type', 'Small%20molecule'), ('limit', 20), ('offset', 480)]
2026-08-14 15:30:37,384 | INFO | From cache: False
2026-08-14 15:30:38,626 | INFO | https://www.ebi.ac.uk/chembl/api/data/molecule.json
2026-08-14 15:30:38,627 | INFO | [('molecule_properties__mw_freebase__gte', 200), ('molecule_properties__mw_freebase__lt', 300), ('molecule_type', 'Small%20molecule'), ('limit', 20), ('offset', 500)]
2026-08-14 15:30:38,627 | INFO | From cache: False
2026-08-14 15:30:39,925 | INFO | https://www.ebi.ac.uk/chembl/api/data/molecule.json
2026-08-14 15:30:39,925 | INFO | [('molecule_properties__mw_freebase__gte', 200), ('molecule_properties__mw_freebase__lt', 300), ('molecule_type', 'Small%20molecule'), ('limit', 20), ('offset', 520)]
2026-08-14 15:30:39,925 | INFO | From cache: False
2026-08-14 15:30:41,047 | INFO | https://www.ebi.ac.uk/chembl/api/data/molecule.json
2026-08-14 15:30:41,047 | INFO | [('molecule_properties__mw_freebase__gte', 200), ('molecule_properties__mw_freebase__lt', 300), ('molecule_type', 'Small%20molecule'), ('limit', 20), ('offset', 540)]
2026-08-14 15:30:41,047 | INFO | From cache: False
2026-08-14 15:30:41,944 | INFO | https://www.ebi.ac.uk/chembl/api/data/molecule.json
2026-08-14 15:30:41,944 | INFO | [('molecule_properties__mw_freebase__gte', 200), ('molecule_properties__mw_freebase__lt', 300), ('molecule_type', 'Small%20molecule'), ('limit', 20), ('offset', 560)]
2026-08-14 15:30:41,944 | INFO | From cache: False
2026-08-14 15:30:43,129 | INFO | https://www.ebi.ac.uk/chembl/api/data/molecule.json
2026-08-14 15:30:43,129 | INFO | [('molecule_properties__mw_freebase__gte', 200), ('molecule_properties__mw_freebase__lt', 300), ('molecule_type', 'Small%20molecule'), ('limit', 20), ('offset', 580)]
2026-08-14 15:30:43,129 | INFO | From cache: False
2026-08-14 15:30:44,208 | INFO | https://www.ebi.ac.uk/chembl/api/data/molecule.json
2026-08-14 15:30:44,208 | INFO | [('molecule_properties__mw_freebase__gte', 200), ('molecule_properties__mw_freebase__lt', 300), ('molecule_type', 'Small%20molecule'), ('limit', 20), ('offset', 600)]
2026-08-14 15:30:44,208 | INFO | From cache: False
2026-08-14 15:30:45,424 | INFO | https://www.ebi.ac.uk/chembl/api/data/molecule.json
2026-08-14 15:30:45,424 | INFO | [('molecule_properties__mw_freebase__gte', 200), ('molecule_properties__mw_freebase__lt', 300), ('molecule_type', 'Small%20molecule'), ('limit', 20), ('offset', 620)]
2026-08-14 15:30:45,424 | INFO | From cache: False
2026-08-14 15:30:47,337 | INFO | https://www.ebi.ac.uk/chembl/api/data/molecule.json
2026-08-14 15:30:47,337 | INFO | [('molecule_properties__mw_freebase__gte', 200), ('molecule_properties__mw_freebase__lt', 300), ('molecule_type', 'Small%20molecule'), ('limit', 20), ('offset', 640)]
2026-08-14 15:30:47,337 | INFO | From cache: False
2026-08-14 15:30:48,441 | INFO | https://www.ebi.ac.uk/chembl/api/data/molecule.json
2026-08-14 15:30:48,441 | INFO | [('molecule_properties__mw_freebase__gte', 200), ('molecule_properties__mw_freebase__lt', 300), ('molecule_type', 'Small%20molecule'), ('limit', 20), ('offset', 660)]
2026-08-14 15:30:48,441 | INFO | From cache: False
2026-08-14 15:30:49,449 | INFO | https://www.ebi.ac.uk/chembl/api/data/molecule.json
2026-08-14 15:30:49,449 | INFO | [('molecule_properties__mw_freebase__gte', 200), ('molecule_properties__mw_freebase__lt', 300), ('molecule_type', 'Small%20molecule'), ('limit', 20), ('offset', 680)]
2026-08-14 15:30:49,449 | INFO | From cache: False
2026-08-14 15:30:50,533 | INFO | https://www.ebi.ac.uk/chembl/api/data/molecule.json
2026-08-14 15:30:50,533 | INFO | [('molecule_properties__mw_freebase__gte', 200), ('molecule_properties__mw_freebase__lt', 300), ('molecule_type', 'Small%20molecule'), ('limit', 20), ('offset', 700)]
2026-08-14 15:30:50,533 | INFO | From cache: False
2026-08-14 15:30:51,540 | INFO | https://www.ebi.ac.uk/chembl/api/data/molecule.json
2026-08-14 15:30:51,540 | INFO | [('molecule_properties__mw_freebase__gte', 200), ('molecule_properties__mw_freebase__lt', 300), ('molecule_type', 'Small%20molecule'), ('limit', 20), ('offset', 720)]
2026-08-14 15:30:51,540 | INFO | From cache: False
2026-08-14 15:30:52,769 | INFO | https://www.ebi.ac.uk/chembl/api/data/molecule.json
2026-08-14 15:30:52,769 | INFO | [('molecule_properties__mw_freebase__gte', 200), ('molecule_properties__mw_freebase__lt', 300), ('molecule_type', 'Small%20molecule'), ('limit', 20), ('offset', 740)]
2026-08-14 15:30:52,770 | INFO | From cache: False
2026-08-14 15:30:55,142 | INFO | https://www.ebi.ac.uk/chembl/api/data/molecule.json
2026-08-14 15:30:55,143 | INFO | [('molecule_properties__mw_freebase__gte', 200), ('molecule_properties__mw_freebase__lt', 300), ('molecule_type', 'Small%20molecule'), ('limit', 20), ('offset', 760)]
2026-08-14 15:30:55,143 | INFO | From cache: False
2026-08-14 15:30:56,294 | INFO | https://www.ebi.ac.uk/chembl/api/data/molecule.json
2026-08-14 15:30:56,294 | INFO | [('molecule_properties__mw_freebase__gte', 200), ('molecule_properties__mw_freebase__lt', 300), ('molecule_type', 'Small%20molecule'), ('limit', 20), ('offset', 780)]
2026-08-14 15:30:56,294 | INFO | From cache: False
2026-08-14 15:30:57,317 | INFO | https://www.ebi.ac.uk/chembl/api/data/molecule.json
2026-08-14 15:30:57,317 | INFO | [('molecule_properties__mw_freebase__gte', 200), ('molecule_properties__mw_freebase__lt', 300), ('molecule_type', 'Small%20molecule'), ('limit', 20), ('offset', 800)]
2026-08-14 15:30:57,317 | INFO | From cache: False
2026-08-14 15:30:58,360 | INFO | https://www.ebi.ac.uk/chembl/api/data/molecule.json
2026-08-14 15:30:58,360 | INFO | [('molecule_properties__mw_freebase__gte', 200), ('molecule_properties__mw_freebase__lt', 300), ('molecule_type', 'Small%20molecule'), ('limit', 20), ('offset', 820)]
2026-08-14 15:30:58,360 | INFO | From cache: False
2026-08-14 15:30:59,462 | INFO | https://www.ebi.ac.uk/chembl/api/data/molecule.json
2026-08-14 15:30:59,462 | INFO | [('molecule_properties__mw_freebase__gte', 200), ('molecule_properties__mw_freebase__lt', 300), ('molecule_type', 'Small%20molecule'), ('limit', 20), ('offset', 840)]
2026-08-14 15:30:59,462 | INFO | From cache: False
2026-08-14 15:31:00,459 | INFO | https://www.ebi.ac.uk/chembl/api/data/molecule.json
2026-08-14 15:31:00,459 | INFO | [('molecule_properties__mw_freebase__gte', 200), ('molecule_properties__mw_freebase__lt', 300), ('molecule_type', 'Small%20molecule'), ('limit', 20), ('offset', 860)]
2026-08-14 15:31:00,459 | INFO | From cache: False
2026-08-14 15:31:01,451 | INFO | https://www.ebi.ac.uk/chembl/api/data/molecule.json
2026-08-14 15:31:01,451 | INFO | [('molecule_properties__mw_freebase__gte', 200), ('molecule_properties__mw_freebase__lt', 300), ('molecule_type', 'Small%20molecule'), ('limit', 20), ('offset', 880)]
2026-08-14 15:31:01,451 | INFO | From cache: False
2026-08-14 15:31:03,411 | INFO | https://www.ebi.ac.uk/chembl/api/data/molecule.json
2026-08-14 15:31:03,411 | INFO | [('molecule_properties__mw_freebase__gte', 200), ('molecule_properties__mw_freebase__lt', 300), ('molecule_type', 'Small%20molecule'), ('limit', 20), ('offset', 900)]
2026-08-14 15:31:03,411 | INFO | From cache: False
2026-08-14 15:31:04,515 | INFO | https://www.ebi.ac.uk/chembl/api/data/molecule.json
2026-08-14 15:31:04,515 | INFO | [('molecule_properties__mw_freebase__gte', 200), ('molecule_properties__mw_freebase__lt', 300), ('molecule_type', 'Small%20molecule'), ('limit', 20), ('offset', 920)]
2026-08-14 15:31:04,515 | INFO | From cache: False
2026-08-14 15:31:05,535 | INFO | https://www.ebi.ac.uk/chembl/api/data/molecule.json
2026-08-14 15:31:05,535 | INFO | [('molecule_properties__mw_freebase__gte', 200), ('molecule_properties__mw_freebase__lt', 300), ('molecule_type', 'Small%20molecule'), ('limit', 20), ('offset', 940)]
2026-08-14 15:31:05,535 | INFO | From cache: False
2026-08-14 15:31:06,736 | INFO | https://www.ebi.ac.uk/chembl/api/data/molecule.json
2026-08-14 15:31:06,736 | INFO | [('molecule_properties__mw_freebase__gte', 200), ('molecule_properties__mw_freebase__lt', 300), ('molecule_type', 'Small%20molecule'), ('limit', 20), ('offset', 960)]
2026-08-14 15:31:06,736 | INFO | From cache: False
2026-08-14 15:31:08,461 | INFO | https://www.ebi.ac.uk/chembl/api/data/molecule.json
2026-08-14 15:31:08,461 | INFO | [('molecule_properties__mw_freebase__gte', 200), ('molecule_properties__mw_freebase__lt', 300), ('molecule_type', 'Small%20molecule'), ('limit', 20), ('offset', 980)]
2026-08-14 15:31:08,461 | INFO | From cache: False
2026-08-14 15:31:09,472 | INFO | https://www.ebi.ac.uk/chembl/api/data/molecule.json
2026-08-14 15:31:09,472 | INFO | [('molecule_properties__mw_freebase__gte', 200), ('molecule_properties__mw_freebase__lt', 300), ('molecule_type', 'Small%20molecule'), ('limit', 20), ('offset', 1000)]
2026-08-14 15:31:09,473 | INFO | From cache: False
2026-08-14 15:31:11,910 | INFO | https://www.ebi.ac.uk/chembl/api/data/molecule.json
2026-08-14 15:31:11,911 | INFO | [('molecule_properties__mw_freebase__gte', 200), ('molecule_properties__mw_freebase__lt', 300), ('molecule_type', 'Small%20molecule'), ('limit', 20), ('offset', 1020)]
2026-08-14 15:31:11,911 | INFO | From cache: False
2026-08-14 15:31:14,727 | INFO | https://www.ebi.ac.uk/chembl/api/data/molecule.json
2026-08-14 15:31:14,727 | INFO | [('molecule_properties__mw_freebase__gte', 200), ('molecule_properties__mw_freebase__lt', 300), ('molecule_type', 'Small%20molecule'), ('limit', 20), ('offset', 1040)]
2026-08-14 15:31:14,727 | INFO | From cache: False
2026-08-14 15:31:15,791 | INFO | https://www.ebi.ac.uk/chembl/api/data/molecule.json
2026-08-14 15:31:15,791 | INFO | [('molecule_properties__mw_freebase__gte', 200), ('molecule_properties__mw_freebase__lt', 300), ('molecule_type', 'Small%20molecule'), ('limit', 20), ('offset', 1060)]
2026-08-14 15:31:15,791 | INFO | From cache: False
2026-08-14 15:31:16,826 | INFO | https://www.ebi.ac.uk/chembl/api/data/molecule.json
2026-08-14 15:31:16,826 | INFO | [('molecule_properties__mw_freebase__gte', 200), ('molecule_properties__mw_freebase__lt', 300), ('molecule_type', 'Small%20molecule'), ('limit', 20), ('offset', 1080)]
2026-08-14 15:31:16,826 | INFO | From cache: False
2026-08-14 15:31:18,129 | INFO | https://www.ebi.ac.uk/chembl/api/data/molecule.json
2026-08-14 15:31:18,129 | INFO | [('molecule_properties__mw_freebase__gte', 200), ('molecule_properties__mw_freebase__lt', 300), ('molecule_type', 'Small%20molecule'), ('limit', 20), ('offset', 1100)]
2026-08-14 15:31:18,129 | INFO | From cache: False
2026-08-14 15:31:19,221 | INFO | https://www.ebi.ac.uk/chembl/api/data/molecule.json
2026-08-14 15:31:19,221 | INFO | [('molecule_properties__mw_freebase__gte', 200), ('molecule_properties__mw_freebase__lt', 300), ('molecule_type', 'Small%20molecule'), ('limit', 20), ('offset', 1120)]
2026-08-14 15:31:19,221 | INFO | From cache: False
2026-08-14 15:31:20,230 | INFO | https://www.ebi.ac.uk/chembl/api/data/molecule.json
2026-08-14 15:31:20,230 | INFO | [('molecule_properties__mw_freebase__gte', 200), ('molecule_properties__mw_freebase__lt', 300), ('molecule_type', 'Small%20molecule'), ('limit', 20), ('offset', 1140)]
2026-08-14 15:31:20,230 | INFO | From cache: False
2026-08-14 15:31:21,526 | INFO | https://www.ebi.ac.uk/chembl/api/data/molecule.json
2026-08-14 15:31:21,526 | INFO | [('molecule_properties__mw_freebase__gte', 200), ('molecule_properties__mw_freebase__lt', 300), ('molecule_type', 'Small%20molecule'), ('limit', 20), ('offset', 1160)]
2026-08-14 15:31:21,526 | INFO | From cache: False
2026-08-14 15:31:22,969 | INFO | https://www.ebi.ac.uk/chembl/api/data/molecule.json
2026-08-14 15:31:22,969 | INFO | [('molecule_properties__mw_freebase__gte', 200), ('molecule_properties__mw_freebase__lt', 300), ('molecule_type', 'Small%20molecule'), ('limit', 20), ('offset', 1180)]
2026-08-14 15:31:22,969 | INFO | From cache: False
2026-08-14 15:31:23,957 | INFO | https://www.ebi.ac.uk/chembl/api/data/molecule.json
2026-08-14 15:31:23,957 | INFO | [('molecule_properties__mw_freebase__gte', 200), ('molecule_properties__mw_freebase__lt', 300), ('molecule_type', 'Small%20molecule'), ('limit', 20), ('offset', 1200)]
2026-08-14 15:31:23,957 | INFO | From cache: False
2026-08-14 15:31:25,220 | INFO | https://www.ebi.ac.uk/chembl/api/data/molecule.json
2026-08-14 15:31:25,220 | INFO | [('molecule_properties__mw_freebase__gte', 200), ('molecule_properties__mw_freebase__lt', 300), ('molecule_type', 'Small%20molecule'), ('limit', 20), ('offset', 1220)]
2026-08-14 15:31:25,220 | INFO | From cache: False
2026-08-14 15:31:26,290 | INFO | https://www.ebi.ac.uk/chembl/api/data/molecule.json
2026-08-14 15:31:26,290 | INFO | [('molecule_properties__mw_freebase__gte', 200), ('molecule_properties__mw_freebase__lt', 300), ('molecule_type', 'Small%20molecule'), ('limit', 20), ('offset', 1240)]
2026-08-14 15:31:26,290 | INFO | From cache: False
2026-08-14 15:31:27,472 | INFO | https://www.ebi.ac.uk/chembl/api/data/molecule.json
2026-08-14 15:31:27,472 | INFO | [('molecule_properties__mw_freebase__gte', 200), ('molecule_properties__mw_freebase__lt', 300), ('molecule_type', 'Small%20molecule'), ('limit', 20), ('offset', 1260)]
2026-08-14 15:31:27,472 | INFO | From cache: False
2026-08-14 15:31:28,522 | INFO | https://www.ebi.ac.uk/chembl/api/data/molecule.json
2026-08-14 15:31:28,522 | INFO | [('molecule_properties__mw_freebase__gte', 200), ('molecule_properties__mw_freebase__lt', 300), ('molecule_type', 'Small%20molecule'), ('limit', 20), ('offset', 1280)]
2026-08-14 15:31:28,522 | INFO | From cache: False
2026-08-14 15:31:30,675 | INFO | https://www.ebi.ac.uk/chembl/api/data/molecule.json
2026-08-14 15:31:30,675 | INFO | [('molecule_properties__mw_freebase__gte', 200), ('molecule_properties__mw_freebase__lt', 300), ('molecule_type', 'Small%20molecule'), ('limit', 20), ('offset', 1300)]
2026-08-14 15:31:30,675 | INFO | From cache: False
2026-08-14 15:31:31,699 | INFO | https://www.ebi.ac.uk/chembl/api/data/molecule.json
2026-08-14 15:31:31,699 | INFO | [('molecule_properties__mw_freebase__gte', 200), ('molecule_properties__mw_freebase__lt', 300), ('molecule_type', 'Small%20molecule'), ('limit', 20), ('offset', 1320)]
2026-08-14 15:31:31,699 | INFO | From cache: False
2026-08-14 15:31:32,702 | INFO | https://www.ebi.ac.uk/chembl/api/data/molecule.json
2026-08-14 15:31:32,703 | INFO | [('molecule_properties__mw_freebase__gte', 200), ('molecule_properties__mw_freebase__lt', 300), ('molecule_type', 'Small%20molecule'), ('limit', 20), ('offset', 1340)]
2026-08-14 15:31:32,703 | INFO | From cache: False
2026-08-14 15:31:35,011 | INFO | https://www.ebi.ac.uk/chembl/api/data/molecule.json
2026-08-14 15:31:35,012 | INFO | [('molecule_properties__mw_freebase__gte', 200), ('molecule_properties__mw_freebase__lt', 300), ('molecule_type', 'Small%20molecule'), ('limit', 20), ('offset', 1360)]
2026-08-14 15:31:35,012 | INFO | From cache: False
2026-08-14 15:31:35,967 | INFO | https://www.ebi.ac.uk/chembl/api/data/molecule.json
2026-08-14 15:31:35,967 | INFO | [('molecule_properties__mw_freebase__gte', 200), ('molecule_properties__mw_freebase__lt', 300), ('molecule_type', 'Small%20molecule'), ('limit', 20), ('offset', 1380)]
2026-08-14 15:31:35,968 | INFO | From cache: False
2026-08-14 15:31:37,102 | INFO | https://www.ebi.ac.uk/chembl/api/data/molecule.json
2026-08-14 15:31:37,102 | INFO | [('molecule_properties__mw_freebase__gte', 200), ('molecule_properties__mw_freebase__lt', 300), ('molecule_type', 'Small%20molecule'), ('limit', 20), ('offset', 1400)]
2026-08-14 15:31:37,102 | INFO | From cache: False
2026-08-14 15:31:38,008 | INFO | https://www.ebi.ac.uk/chembl/api/data/molecule.json
2026-08-14 15:31:38,008 | INFO | [('molecule_properties__mw_freebase__gte', 200), ('molecule_properties__mw_freebase__lt', 300), ('molecule_type', 'Small%20molecule'), ('limit', 20), ('offset', 1420)]
2026-08-14 15:31:38,008 | INFO | From cache: False
2026-08-14 15:31:39,161 | INFO | https://www.ebi.ac.uk/chembl/api/data/molecule.json
2026-08-14 15:31:39,161 | INFO | [('molecule_properties__mw_freebase__gte', 200), ('molecule_properties__mw_freebase__lt', 300), ('molecule_type', 'Small%20molecule'), ('limit', 20), ('offset', 1440)]
2026-08-14 15:31:39,161 | INFO | From cache: False
2026-08-14 15:31:40,165 | INFO | https://www.ebi.ac.uk/chembl/api/data/molecule.json
2026-08-14 15:31:40,165 | INFO | [('molecule_properties__mw_freebase__gte', 200), ('molecule_properties__mw_freebase__lt', 300), ('molecule_type', 'Small%20molecule'), ('limit', 20), ('offset', 1460)]
2026-08-14 15:31:40,165 | INFO | From cache: False
2026-08-14 15:31:41,146 | INFO | https://www.ebi.ac.uk/chembl/api/data/molecule.json
2026-08-14 15:31:41,146 | INFO | [('molecule_properties__mw_freebase__gte', 200), ('molecule_properties__mw_freebase__lt', 300), ('molecule_type', 'Small%20molecule'), ('limit', 20), ('offset', 1480)]
2026-08-14 15:31:41,146 | INFO | From cache: False
2026-08-14 15:31:42,392 | INFO | https://www.ebi.ac.uk/chembl/api/data/molecule.json
2026-08-14 15:31:42,393 | INFO | [('molecule_properties__mw_freebase__gte', 200), ('molecule_properties__mw_freebase__lt', 300), ('molecule_type', 'Small%20molecule'), ('limit', 20), ('offset', 1500)]
2026-08-14 15:31:42,393 | INFO | From cache: False
2026-08-14 15:31:43,754 | INFO | https://www.ebi.ac.uk/chembl/api/data/molecule.json
2026-08-14 15:31:43,754 | INFO | [('molecule_properties__mw_freebase__gte', 200), ('molecule_properties__mw_freebase__lt', 300), ('molecule_type', 'Small%20molecule'), ('limit', 20), ('offset', 1520)]
2026-08-14 15:31:43,754 | INFO | From cache: False
2026-08-14 15:31:45,345 | INFO | https://www.ebi.ac.uk/chembl/api/data/molecule.json
2026-08-14 15:31:45,345 | INFO | [('molecule_properties__mw_freebase__gte', 200), ('molecule_properties__mw_freebase__lt', 300), ('molecule_type', 'Small%20molecule'), ('limit', 20), ('offset', 1540)]
2026-08-14 15:31:45,345 | INFO | From cache: False
2026-08-14 15:31:46,316 | INFO | https://www.ebi.ac.uk/chembl/api/data/molecule.json
2026-08-14 15:31:46,316 | INFO | [('molecule_properties__mw_freebase__gte', 200), ('molecule_properties__mw_freebase__lt', 300), ('molecule_type', 'Small%20molecule'), ('limit', 20), ('offset', 1560)]
2026-08-14 15:31:46,316 | INFO | From cache: False
2026-08-14 15:31:47,290 | INFO | https://www.ebi.ac.uk/chembl/api/data/molecule.json
2026-08-14 15:31:47,290 | INFO | [('molecule_properties__mw_freebase__gte', 200), ('molecule_properties__mw_freebase__lt', 300), ('molecule_type', 'Small%20molecule'), ('limit', 20), ('offset', 1580)]
2026-08-14 15:31:47,291 | INFO | From cache: False
2026-08-14 15:31:49,584 | INFO | https://www.ebi.ac.uk/chembl/api/data/molecule.json
2026-08-14 15:31:49,584 | INFO | [('molecule_properties__mw_freebase__gte', 200), ('molecule_properties__mw_freebase__lt', 300), ('molecule_type', 'Small%20molecule'), ('limit', 20), ('offset', 1600)]
2026-08-14 15:31:49,584 | INFO | From cache: False
2026-08-14 15:31:52,369 | INFO | https://www.ebi.ac.uk/chembl/api/data/molecule.json
2026-08-14 15:31:52,369 | INFO | [('molecule_properties__mw_freebase__gte', 200), ('molecule_properties__mw_freebase__lt', 300), ('molecule_type', 'Small%20molecule'), ('limit', 20), ('offset', 1620)]
2026-08-14 15:31:52,369 | INFO | From cache: False
2026-08-14 15:31:53,371 | INFO | https://www.ebi.ac.uk/chembl/api/data/molecule.json
2026-08-14 15:31:53,371 | INFO | [('molecule_properties__mw_freebase__gte', 200), ('molecule_properties__mw_freebase__lt', 300), ('molecule_type', 'Small%20molecule'), ('limit', 20), ('offset', 1640)]
2026-08-14 15:31:53,371 | INFO | From cache: False
2026-08-14 15:31:54,432 | INFO | https://www.ebi.ac.uk/chembl/api/data/molecule.json
2026-08-14 15:31:54,433 | INFO | [('molecule_properties__mw_freebase__gte', 200), ('molecule_properties__mw_freebase__lt', 300), ('molecule_type', 'Small%20molecule'), ('limit', 20), ('offset', 1660)]
2026-08-14 15:31:54,433 | INFO | From cache: False
2026-08-14 15:31:55,543 | INFO | https://www.ebi.ac.uk/chembl/api/data/molecule.json
2026-08-14 15:31:55,544 | INFO | [('molecule_properties__mw_freebase__gte', 200), ('molecule_properties__mw_freebase__lt', 300), ('molecule_type', 'Small%20molecule'), ('limit', 20), ('offset', 1680)]
2026-08-14 15:31:55,544 | INFO | From cache: False
2026-08-14 15:31:56,549 | INFO | https://www.ebi.ac.uk/chembl/api/data/molecule.json
2026-08-14 15:31:56,550 | INFO | [('molecule_properties__mw_freebase__gte', 200), ('molecule_properties__mw_freebase__lt', 300), ('molecule_type', 'Small%20molecule'), ('limit', 20), ('offset', 1700)]
2026-08-14 15:31:56,550 | INFO | From cache: False
2026-08-14 15:31:57,490 | INFO | https://www.ebi.ac.uk/chembl/api/data/molecule.json
2026-08-14 15:31:57,490 | INFO | [('molecule_properties__mw_freebase__gte', 200), ('molecule_properties__mw_freebase__lt', 300), ('molecule_type', 'Small%20molecule'), ('limit', 20), ('offset', 1720)]
2026-08-14 15:31:57,490 | INFO | From cache: False
2026-08-14 15:31:58,540 | INFO | https://www.ebi.ac.uk/chembl/api/data/molecule.json
2026-08-14 15:31:58,540 | INFO | [('molecule_properties__mw_freebase__gte', 200), ('molecule_properties__mw_freebase__lt', 300), ('molecule_type', 'Small%20molecule'), ('limit', 20), ('offset', 1740)]
2026-08-14 15:31:58,540 | INFO | From cache: False
2026-08-14 15:31:59,721 | INFO | https://www.ebi.ac.uk/chembl/api/data/molecule.json
2026-08-14 15:31:59,721 | INFO | [('molecule_properties__mw_freebase__gte', 200), ('molecule_properties__mw_freebase__lt', 300), ('molecule_type', 'Small%20molecule'), ('limit', 20), ('offset', 1760)]
2026-08-14 15:31:59,721 | INFO | From cache: False
2026-08-14 15:32:00,775 | INFO | https://www.ebi.ac.uk/chembl/api/data/molecule.json
2026-08-14 15:32:00,775 | INFO | [('molecule_properties__mw_freebase__gte', 200), ('molecule_properties__mw_freebase__lt', 300), ('molecule_type', 'Small%20molecule'), ('limit', 20), ('offset', 1780)]
2026-08-14 15:32:00,775 | INFO | From cache: False
2026-08-14 15:32:02,539 | INFO | https://www.ebi.ac.uk/chembl/api/data/molecule.json
2026-08-14 15:32:02,540 | INFO | [('molecule_properties__mw_freebase__gte', 200), ('molecule_properties__mw_freebase__lt', 300), ('molecule_type', 'Small%20molecule'), ('limit', 20), ('offset', 1800)]
2026-08-14 15:32:02,540 | INFO | From cache: False
2026-08-14 15:32:03,752 | INFO | https://www.ebi.ac.uk/chembl/api/data/molecule.json
2026-08-14 15:32:03,752 | INFO | [('molecule_properties__mw_freebase__gte', 200), ('molecule_properties__mw_freebase__lt', 300), ('molecule_type', 'Small%20molecule'), ('limit', 20), ('offset', 1820)]
2026-08-14 15:32:03,752 | INFO | From cache: False
2026-08-14 15:32:04,845 | INFO | https://www.ebi.ac.uk/chembl/api/data/molecule.json
2026-08-14 15:32:04,845 | INFO | [('molecule_properties__mw_freebase__gte', 200), ('molecule_properties__mw_freebase__lt', 300), ('molecule_type', 'Small%20molecule'), ('limit', 20), ('offset', 1840)]
2026-08-14 15:32:04,845 | INFO | From cache: False
2026-08-14 15:32:05,860 | INFO | https://www.ebi.ac.uk/chembl/api/data/molecule.json
2026-08-14 15:32:05,860 | INFO | [('molecule_properties__mw_freebase__gte', 200), ('molecule_properties__mw_freebase__lt', 300), ('molecule_type', 'Small%20molecule'), ('limit', 20), ('offset', 1860)]
2026-08-14 15:32:05,860 | INFO | From cache: False
2026-08-14 15:32:07,365 | INFO | https://www.ebi.ac.uk/chembl/api/data/molecule.json
2026-08-14 15:32:07,366 | INFO | [('molecule_properties__mw_freebase__gte', 200), ('molecule_properties__mw_freebase__lt', 300), ('molecule_type', 'Small%20molecule'), ('limit', 20), ('offset', 1880)]
2026-08-14 15:32:07,366 | INFO | From cache: False
2026-08-14 15:32:09,093 | INFO | https://www.ebi.ac.uk/chembl/api/data/molecule.json
2026-08-14 15:32:09,093 | INFO | [('molecule_properties__mw_freebase__gte', 200), ('molecule_properties__mw_freebase__lt', 300), ('molecule_type', 'Small%20molecule'), ('limit', 20), ('offset', 1900)]
2026-08-14 15:32:09,093 | INFO | From cache: False
2026-08-14 15:32:10,057 | INFO | https://www.ebi.ac.uk/chembl/api/data/molecule.json
2026-08-14 15:32:10,057 | INFO | [('molecule_properties__mw_freebase__gte', 200), ('molecule_properties__mw_freebase__lt', 300), ('molecule_type', 'Small%20molecule'), ('limit', 20), ('offset', 1920)]
2026-08-14 15:32:10,057 | INFO | From cache: False
2026-08-14 15:32:11,202 | INFO | https://www.ebi.ac.uk/chembl/api/data/molecule.json
2026-08-14 15:32:11,202 | INFO | [('molecule_properties__mw_freebase__gte', 200), ('molecule_properties__mw_freebase__lt', 300), ('molecule_type', 'Small%20molecule'), ('limit', 20), ('offset', 1940)]
2026-08-14 15:32:11,203 | INFO | From cache: False
2026-08-14 15:32:12,249 | INFO | https://www.ebi.ac.uk/chembl/api/data/molecule.json
2026-08-14 15:32:12,250 | INFO | [('molecule_properties__mw_freebase__gte', 200), ('molecule_properties__mw_freebase__lt', 300), ('molecule_type', 'Small%20molecule'), ('limit', 20), ('offset', 1960)]
2026-08-14 15:32:12,250 | INFO | From cache: False
2026-08-14 15:32:13,748 | INFO | https://www.ebi.ac.uk/chembl/api/data/molecule.json
2026-08-14 15:32:13,748 | INFO | [('molecule_properties__mw_freebase__gte', 200), ('molecule_properties__mw_freebase__lt', 300), ('molecule_type', 'Small%20molecule'), ('limit', 20), ('offset', 1980)]
2026-08-14 15:32:13,748 | INFO | From cache: False
2026-08-14 15:32:14,789 | INFO | https://www.ebi.ac.uk/chembl/api/data/molecule.json
2026-08-14 15:32:14,789 | INFO | [('molecule_properties__mw_freebase__gte', 200), ('molecule_properties__mw_freebase__lt', 300), ('molecule_type', 'Small%20molecule'), ('limit', 20), ('offset', 2000)]
2026-08-14 15:32:14,790 | INFO | From cache: False
2026-08-14 15:32:15,701 | INFO | https://www.ebi.ac.uk/chembl/api/data/molecule.json
2026-08-14 15:32:15,702 | INFO | [('molecule_properties__mw_freebase__gte', 200), ('molecule_properties__mw_freebase__lt', 300), ('molecule_type', 'Small%20molecule'), ('limit', 20), ('offset', 2020)]
2026-08-14 15:32:15,703 | INFO | From cache: False
2026-08-14 15:32:17,197 | INFO | https://www.ebi.ac.uk/chembl/api/data/molecule.json
2026-08-14 15:32:17,198 | INFO | [('molecule_properties__mw_freebase__gte', 200), ('molecule_properties__mw_freebase__lt', 300), ('molecule_type', 'Small%20molecule'), ('limit', 20), ('offset', 2040)]
2026-08-14 15:32:17,198 | INFO | From cache: False
2026-08-14 15:32:18,477 | INFO | https://www.ebi.ac.uk/chembl/api/data/molecule.json
2026-08-14 15:32:18,477 | INFO | [('molecule_properties__mw_freebase__gte', 200), ('molecule_properties__mw_freebase__lt', 300), ('molecule_type', 'Small%20molecule'), ('limit', 20), ('offset', 2060)]
2026-08-14 15:32:18,477 | INFO | From cache: False
2026-08-14 15:32:19,691 | INFO | https://www.ebi.ac.uk/chembl/api/data/molecule.json
2026-08-14 15:32:19,691 | INFO | [('molecule_properties__mw_freebase__gte', 200), ('molecule_properties__mw_freebase__lt', 300), ('molecule_type', 'Small%20molecule'), ('limit', 20), ('offset', 2080)]
2026-08-14 15:32:19,691 | INFO | From cache: False
2026-08-14 15:32:20,793 | INFO | https://www.ebi.ac.uk/chembl/api/data/molecule.json
2026-08-14 15:32:20,793 | INFO | [('molecule_properties__mw_freebase__gte', 200), ('molecule_properties__mw_freebase__lt', 300), ('molecule_type', 'Small%20molecule'), ('limit', 20), ('offset', 2100)]
2026-08-14 15:32:20,793 | INFO | From cache: False
2026-08-14 15:32:21,698 | INFO | https://www.ebi.ac.uk/chembl/api/data/molecule.json
2026-08-14 15:32:21,698 | INFO | [('molecule_properties__mw_freebase__gte', 200), ('molecule_properties__mw_freebase__lt', 300), ('molecule_type', 'Small%20molecule'), ('limit', 20), ('offset', 2120)]
2026-08-14 15:32:21,699 | INFO | From cache: False
2026-08-14 15:32:22,648 | INFO | https://www.ebi.ac.uk/chembl/api/data/molecule.json
2026-08-14 15:32:22,648 | INFO | [('molecule_properties__mw_freebase__gte', 200), ('molecule_properties__mw_freebase__lt', 300), ('molecule_type', 'Small%20molecule'), ('limit', 20), ('offset', 2140)]
2026-08-14 15:32:22,649 | INFO | From cache: False
2026-08-14 15:32:23,776 | INFO | https://www.ebi.ac.uk/chembl/api/data/molecule.json
2026-08-14 15:32:23,776 | INFO | [('molecule_properties__mw_freebase__gte', 200), ('molecule_properties__mw_freebase__lt', 300), ('molecule_type', 'Small%20molecule'), ('limit', 20), ('offset', 2160)]
2026-08-14 15:32:23,776 | INFO | From cache: False
2026-08-14 15:32:24,856 | INFO | https://www.ebi.ac.uk/chembl/api/data/molecule.json
2026-08-14 15:32:24,856 | INFO | [('molecule_properties__mw_freebase__gte', 200), ('molecule_properties__mw_freebase__lt', 300), ('molecule_type', 'Small%20molecule'), ('limit', 20), ('offset', 2180)]
2026-08-14 15:32:24,856 | INFO | From cache: False
2026-08-14 15:32:25,951 | INFO | https://www.ebi.ac.uk/chembl/api/data/molecule.json
2026-08-14 15:32:25,952 | INFO | [('molecule_properties__mw_freebase__gte', 200), ('molecule_properties__mw_freebase__lt', 300), ('molecule_type', 'Small%20molecule'), ('limit', 20), ('offset', 2200)]
2026-08-14 15:32:25,952 | INFO | From cache: False
2026-08-14 15:32:27,195 | INFO | https://www.ebi.ac.uk/chembl/api/data/molecule.json
2026-08-14 15:32:27,195 | INFO | [('molecule_properties__mw_freebase__gte', 200), ('molecule_properties__mw_freebase__lt', 300), ('molecule_type', 'Small%20molecule'), ('limit', 20), ('offset', 2220)]
2026-08-14 15:32:27,195 | INFO | From cache: False
2026-08-14 15:32:28,401 | INFO | https://www.ebi.ac.uk/chembl/api/data/molecule.json
2026-08-14 15:32:28,402 | INFO | [('molecule_properties__mw_freebase__gte', 200), ('molecule_properties__mw_freebase__lt', 300), ('molecule_type', 'Small%20molecule'), ('limit', 20), ('offset', 2240)]
2026-08-14 15:32:28,402 | INFO | From cache: False
2026-08-14 15:32:29,993 | INFO | https://www.ebi.ac.uk/chembl/api/data/molecule.json
2026-08-14 15:32:29,993 | INFO | [('molecule_properties__mw_freebase__gte', 200), ('molecule_properties__mw_freebase__lt', 300), ('molecule_type', 'Small%20molecule'), ('limit', 20), ('offset', 2260)]
2026-08-14 15:32:29,993 | INFO | From cache: False
2026-08-14 15:32:31,473 | INFO | https://www.ebi.ac.uk/chembl/api/data/molecule.json
2026-08-14 15:32:31,474 | INFO | [('molecule_properties__mw_freebase__gte', 200), ('molecule_properties__mw_freebase__lt', 300), ('molecule_type', 'Small%20molecule'), ('limit', 20), ('offset', 2280)]
2026-08-14 15:32:31,474 | INFO | From cache: False
2026-08-14 15:32:32,489 | INFO | https://www.ebi.ac.uk/chembl/api/data/molecule.json
2026-08-14 15:32:32,489 | INFO | [('molecule_properties__mw_freebase__gte', 200), ('molecule_properties__mw_freebase__lt', 300), ('molecule_type', 'Small%20molecule'), ('limit', 20), ('offset', 2300)]
2026-08-14 15:32:32,489 | INFO | From cache: False
2026-08-14 15:32:33,610 | INFO | https://www.ebi.ac.uk/chembl/api/data/molecule.json
2026-08-14 15:32:33,610 | INFO | [('molecule_properties__mw_freebase__gte', 200), ('molecule_properties__mw_freebase__lt', 300), ('molecule_type', 'Small%20molecule'), ('limit', 20), ('offset', 2320)]
2026-08-14 15:32:33,610 | INFO | From cache: False
2026-08-14 15:32:34,771 | INFO | https://www.ebi.ac.uk/chembl/api/data/molecule.json
2026-08-14 15:32:34,772 | INFO | [('molecule_properties__mw_freebase__gte', 200), ('molecule_properties__mw_freebase__lt', 300), ('molecule_type', 'Small%20molecule'), ('limit', 20), ('offset', 2340)]
2026-08-14 15:32:34,772 | INFO | From cache: False
2026-08-14 15:32:36,409 | INFO | https://www.ebi.ac.uk/chembl/api/data/molecule.json
2026-08-14 15:32:36,409 | INFO | [('molecule_properties__mw_freebase__gte', 200), ('molecule_properties__mw_freebase__lt', 300), ('molecule_type', 'Small%20molecule'), ('limit', 20), ('offset', 2360)]
2026-08-14 15:32:36,410 | INFO | From cache: False
2026-08-14 15:32:37,366 | INFO | https://www.ebi.ac.uk/chembl/api/data/molecule.json
2026-08-14 15:32:37,367 | INFO | [('molecule_properties__mw_freebase__gte', 200), ('molecule_properties__mw_freebase__lt', 300), ('molecule_type', 'Small%20molecule'), ('limit', 20), ('offset', 2380)]
2026-08-14 15:32:37,367 | INFO | From cache: False
2026-08-14 15:32:39,277 | INFO | https://www.ebi.ac.uk/chembl/api/data/molecule.json
2026-08-14 15:32:39,277 | INFO | [('molecule_properties__mw_freebase__gte', 200), ('molecule_properties__mw_freebase__lt', 300), ('molecule_type', 'Small%20molecule'), ('limit', 20), ('offset', 2400)]
2026-08-14 15:32:39,278 | INFO | From cache: False
2026-08-14 15:32:40,668 | INFO | https://www.ebi.ac.uk/chembl/api/data/molecule.json
2026-08-14 15:32:40,668 | INFO | [('molecule_properties__mw_freebase__gte', 200), ('molecule_properties__mw_freebase__lt', 300), ('molecule_type', 'Small%20molecule'), ('limit', 20), ('offset', 2420)]
2026-08-14 15:32:40,668 | INFO | From cache: False
2026-08-14 15:32:42,601 | INFO | https://www.ebi.ac.uk/chembl/api/data/molecule.json
2026-08-14 15:32:42,602 | INFO | [('molecule_properties__mw_freebase__gte', 200), ('molecule_properties__mw_freebase__lt', 300), ('molecule_type', 'Small%20molecule'), ('limit', 20), ('offset', 2440)]
2026-08-14 15:32:42,602 | INFO | From cache: False
2026-08-14 15:32:43,991 | INFO | https://www.ebi.ac.uk/chembl/api/data/molecule.json
2026-08-14 15:32:43,991 | INFO | [('molecule_properties__mw_freebase__gte', 200), ('molecule_properties__mw_freebase__lt', 300), ('molecule_type', 'Small%20molecule'), ('limit', 20), ('offset', 2460)]
2026-08-14 15:32:43,992 | INFO | From cache: False
2026-08-14 15:32:46,411 | INFO | https://www.ebi.ac.uk/chembl/api/data/molecule.json
2026-08-14 15:32:46,411 | INFO | [('molecule_properties__mw_freebase__gte', 200), ('molecule_properties__mw_freebase__lt', 300), ('molecule_type', 'Small%20molecule'), ('limit', 20), ('offset', 2480)]
2026-08-14 15:32:46,411 | INFO | From cache: False
2026-08-14 15:32:48,129 | INFO | https://www.ebi.ac.uk/chembl/api/data/molecule.json
2026-08-14 15:32:48,129 | INFO | [('molecule_properties__mw_freebase__gte', 200), ('molecule_properties__mw_freebase__lt', 300), ('molecule_type', 'Small%20molecule'), ('limit', 20), ('offset', 2500)]
2026-08-14 15:32:48,129 | INFO | From cache: False
2026-08-14 15:32:49,292 | INFO | https://www.ebi.ac.uk/chembl/api/data/molecule.json
2026-08-14 15:32:49,293 | INFO | [('molecule_properties__mw_freebase__gte', 200), ('molecule_properties__mw_freebase__lt', 300), ('molecule_type', 'Small%20molecule'), ('limit', 20), ('offset', 2520)]
2026-08-14 15:32:49,293 | INFO | From cache: False
2026-08-14 15:32:51,372 | INFO | https://www.ebi.ac.uk/chembl/api/data/molecule.json
2026-08-14 15:32:51,373 | INFO | [('molecule_properties__mw_freebase__gte', 200), ('molecule_properties__mw_freebase__lt', 300), ('molecule_type', 'Small%20molecule'), ('limit', 20), ('offset', 2540)]
2026-08-14 15:32:51,373 | INFO | From cache: False
2026-08-14 15:32:53,206 | INFO | https://www.ebi.ac.uk/chembl/api/data/molecule.json
2026-08-14 15:32:53,206 | INFO | [('molecule_properties__mw_freebase__gte', 200), ('molecule_properties__mw_freebase__lt', 300), ('molecule_type', 'Small%20molecule'), ('limit', 20), ('offset', 2560)]
2026-08-14 15:32:53,206 | INFO | From cache: False
2026-08-14 15:32:54,613 | INFO | https://www.ebi.ac.uk/chembl/api/data/molecule.json
2026-08-14 15:32:54,613 | INFO | [('molecule_properties__mw_freebase__gte', 200), ('molecule_properties__mw_freebase__lt', 300), ('molecule_type', 'Small%20molecule'), ('limit', 20), ('offset', 2580)]
2026-08-14 15:32:54,613 | INFO | From cache: False
2026-08-14 15:32:56,056 | INFO | https://www.ebi.ac.uk/chembl/api/data/molecule.json
2026-08-14 15:32:56,056 | INFO | [('molecule_properties__mw_freebase__gte', 200), ('molecule_properties__mw_freebase__lt', 300), ('molecule_type', 'Small%20molecule'), ('limit', 20), ('offset', 2600)]
2026-08-14 15:32:56,056 | INFO | From cache: False
2026-08-14 15:32:57,600 | INFO | https://www.ebi.ac.uk/chembl/api/data/molecule.json
2026-08-14 15:32:57,600 | INFO | [('molecule_properties__mw_freebase__gte', 200), ('molecule_properties__mw_freebase__lt', 300), ('molecule_type', 'Small%20molecule'), ('limit', 20), ('offset', 2620)]
2026-08-14 15:32:57,600 | INFO | From cache: False
2026-08-14 15:32:58,625 | INFO | https://www.ebi.ac.uk/chembl/api/data/molecule.json
2026-08-14 15:32:58,626 | INFO | [('molecule_properties__mw_freebase__gte', 200), ('molecule_properties__mw_freebase__lt', 300), ('molecule_type', 'Small%20molecule'), ('limit', 20), ('offset', 2640)]
2026-08-14 15:32:58,626 | INFO | From cache: False
2026-08-14 15:33:00,847 | INFO | https://www.ebi.ac.uk/chembl/api/data/molecule.json
2026-08-14 15:33:00,847 | INFO | [('molecule_properties__mw_freebase__gte', 200), ('molecule_properties__mw_freebase__lt', 300), ('molecule_type', 'Small%20molecule'), ('limit', 20), ('offset', 2660)]
2026-08-14 15:33:00,847 | INFO | From cache: False
2026-08-14 15:33:05,483 | INFO | https://www.ebi.ac.uk/chembl/api/data/molecule.json
2026-08-14 15:33:05,484 | INFO | [('molecule_properties__mw_freebase__gte', 200), ('molecule_properties__mw_freebase__lt', 300), ('molecule_type', 'Small%20molecule'), ('limit', 20), ('offset', 2680)]
2026-08-14 15:33:05,484 | INFO | From cache: False
2026-08-14 15:33:07,936 | INFO | https://www.ebi.ac.uk/chembl/api/data/molecule.json
2026-08-14 15:33:07,937 | INFO | [('molecule_properties__mw_freebase__gte', 200), ('molecule_properties__mw_freebase__lt', 300), ('molecule_type', 'Small%20molecule'), ('limit', 20), ('offset', 2700)]
2026-08-14 15:33:07,937 | INFO | From cache: False
2026-08-14 15:33:09,995 | INFO | https://www.ebi.ac.uk/chembl/api/data/molecule.json
2026-08-14 15:33:09,996 | INFO | [('molecule_properties__mw_freebase__gte', 200), ('molecule_properties__mw_freebase__lt', 300), ('molecule_type', 'Small%20molecule'), ('limit', 20), ('offset', 2720)]
2026-08-14 15:33:09,996 | INFO | From cache: False
2026-08-14 15:33:11,135 | INFO | https://www.ebi.ac.uk/chembl/api/data/molecule.json
2026-08-14 15:33:11,136 | INFO | [('molecule_properties__mw_freebase__gte', 200), ('molecule_properties__mw_freebase__lt', 300), ('molecule_type', 'Small%20molecule'), ('limit', 20), ('offset', 2740)]
2026-08-14 15:33:11,136 | INFO | From cache: False
2026-08-14 15:33:14,567 | INFO | https://www.ebi.ac.uk/chembl/api/data/molecule.json
2026-08-14 15:33:14,567 | INFO | [('molecule_properties__mw_freebase__gte', 200), ('molecule_properties__mw_freebase__lt', 300), ('molecule_type', 'Small%20molecule'), ('limit', 20), ('offset', 2760)]
2026-08-14 15:33:14,568 | INFO | From cache: False
2026-08-14 15:33:15,643 | INFO | https://www.ebi.ac.uk/chembl/api/data/molecule.json
2026-08-14 15:33:15,643 | INFO | [('molecule_properties__mw_freebase__gte', 200), ('molecule_properties__mw_freebase__lt', 300), ('molecule_type', 'Small%20molecule'), ('limit', 20), ('offset', 2780)]
2026-08-14 15:33:15,643 | INFO | From cache: False
2026-08-14 15:33:17,149 | INFO | https://www.ebi.ac.uk/chembl/api/data/molecule.json
2026-08-14 15:33:17,149 | INFO | [('molecule_properties__mw_freebase__gte', 200), ('molecule_properties__mw_freebase__lt', 300), ('molecule_type', 'Small%20molecule'), ('limit', 20), ('offset', 2800)]
2026-08-14 15:33:17,149 | INFO | From cache: False
2026-08-14 15:33:18,393 | INFO | https://www.ebi.ac.uk/chembl/api/data/molecule.json
2026-08-14 15:33:18,394 | INFO | [('molecule_properties__mw_freebase__gte', 200), ('molecule_properties__mw_freebase__lt', 300), ('molecule_type', 'Small%20molecule'), ('limit', 20), ('offset', 2820)]
2026-08-14 15:33:18,394 | INFO | From cache: False
2026-08-14 15:33:19,400 | INFO | https://www.ebi.ac.uk/chembl/api/data/molecule.json
2026-08-14 15:33:19,400 | INFO | [('molecule_properties__mw_freebase__gte', 200), ('molecule_properties__mw_freebase__lt', 300), ('molecule_type', 'Small%20molecule'), ('limit', 20), ('offset', 2840)]
2026-08-14 15:33:19,400 | INFO | From cache: False
2026-08-14 15:33:20,538 | INFO | https://www.ebi.ac.uk/chembl/api/data/molecule.json
2026-08-14 15:33:20,538 | INFO | [('molecule_properties__mw_freebase__gte', 200), ('molecule_properties__mw_freebase__lt', 300), ('molecule_type', 'Small%20molecule'), ('limit', 20), ('offset', 2860)]
2026-08-14 15:33:20,538 | INFO | From cache: False
2026-08-14 15:33:23,140 | INFO | https://www.ebi.ac.uk/chembl/api/data/molecule.json
2026-08-14 15:33:23,141 | INFO | [('molecule_properties__mw_freebase__gte', 200), ('molecule_properties__mw_freebase__lt', 300), ('molecule_type', 'Small%20molecule'), ('limit', 20), ('offset', 2880)]
2026-08-14 15:33:23,141 | INFO | From cache: False
2026-08-14 15:33:25,155 | INFO | https://www.ebi.ac.uk/chembl/api/data/molecule.json
2026-08-14 15:33:25,155 | INFO | [('molecule_properties__mw_freebase__gte', 200), ('molecule_properties__mw_freebase__lt', 300), ('molecule_type', 'Small%20molecule'), ('limit', 20), ('offset', 2900)]
2026-08-14 15:33:25,155 | INFO | From cache: False
2026-08-14 15:33:26,485 | INFO | https://www.ebi.ac.uk/chembl/api/data/molecule.json
2026-08-14 15:33:26,485 | INFO | [('molecule_properties__mw_freebase__gte', 200), ('molecule_properties__mw_freebase__lt', 300), ('molecule_type', 'Small%20molecule'), ('limit', 20), ('offset', 2920)]
2026-08-14 15:33:26,485 | INFO | From cache: False
2026-08-14 15:33:28,621 | INFO | https://www.ebi.ac.uk/chembl/api/data/molecule.json
2026-08-14 15:33:28,621 | INFO | [('molecule_properties__mw_freebase__gte', 200), ('molecule_properties__mw_freebase__lt', 300), ('molecule_type', 'Small%20molecule'), ('limit', 20), ('offset', 2940)]
2026-08-14 15:33:28,621 | INFO | From cache: False
2026-08-14 15:33:30,132 | INFO | https://www.ebi.ac.uk/chembl/api/data/molecule.json
2026-08-14 15:33:30,132 | INFO | [('molecule_properties__mw_freebase__gte', 200), ('molecule_properties__mw_freebase__lt', 300), ('molecule_type', 'Small%20molecule'), ('limit', 20), ('offset', 2960)]
2026-08-14 15:33:30,132 | INFO | From cache: False
2026-08-14 15:33:31,710 | INFO | https://www.ebi.ac.uk/chembl/api/data/molecule.json
2026-08-14 15:33:31,711 | INFO | [('molecule_properties__mw_freebase__gte', 200), ('molecule_properties__mw_freebase__lt', 300), ('molecule_type', 'Small%20molecule'), ('limit', 20), ('offset', 2980)]
2026-08-14 15:33:31,711 | INFO | From cache: False
2026-08-14 15:33:32,849 | INFO | https://www.ebi.ac.uk/chembl/api/data/molecule.json
2026-08-14 15:33:32,849 | INFO | [('molecule_properties__mw_freebase__gte', 200), ('molecule_properties__mw_freebase__lt', 300), ('molecule_type', 'Small%20molecule'), ('limit', 20), ('offset', 3000)]
2026-08-14 15:33:32,849 | INFO | From cache: False
2026-08-14 15:33:33,857 | INFO | https://www.ebi.ac.uk/chembl/api/data/molecule.json
2026-08-14 15:33:33,857 | INFO | [('molecule_properties__mw_freebase__gte', 200), ('molecule_properties__mw_freebase__lt', 300), ('molecule_type', 'Small%20molecule'), ('limit', 20), ('offset', 3020)]
2026-08-14 15:33:33,857 | INFO | From cache: False
2026-08-14 15:33:35,088 | INFO | https://www.ebi.ac.uk/chembl/api/data/molecule.json
2026-08-14 15:33:35,088 | INFO | [('molecule_properties__mw_freebase__gte', 200), ('molecule_properties__mw_freebase__lt', 300), ('molecule_type', 'Small%20molecule'), ('limit', 20), ('offset', 3040)]
2026-08-14 15:33:35,088 | INFO | From cache: False
2026-08-14 15:33:36,373 | INFO | https://www.ebi.ac.uk/chembl/api/data/molecule.json
2026-08-14 15:33:36,373 | INFO | [('molecule_properties__mw_freebase__gte', 200), ('molecule_properties__mw_freebase__lt', 300), ('molecule_type', 'Small%20molecule'), ('limit', 20), ('offset', 3060)]
2026-08-14 15:33:36,374 | INFO | From cache: False
2026-08-14 15:33:38,624 | INFO | https://www.ebi.ac.uk/chembl/api/data/molecule.json
2026-08-14 15:33:38,625 | INFO | [('molecule_properties__mw_freebase__gte', 200), ('molecule_properties__mw_freebase__lt', 300), ('molecule_type', 'Small%20molecule'), ('limit', 20), ('offset', 3080)]
2026-08-14 15:33:38,625 | INFO | From cache: False
2026-08-14 15:33:40,091 | INFO | https://www.ebi.ac.uk/chembl/api/data/molecule.json
2026-08-14 15:33:40,091 | INFO | [('molecule_properties__mw_freebase__gte', 200), ('molecule_properties__mw_freebase__lt', 300), ('molecule_type', 'Small%20molecule'), ('limit', 20), ('offset', 3100)]
2026-08-14 15:33:40,091 | INFO | From cache: False
2026-08-14 15:33:41,338 | INFO | https://www.ebi.ac.uk/chembl/api/data/molecule.json
2026-08-14 15:33:41,338 | INFO | [('molecule_properties__mw_freebase__gte', 200), ('molecule_properties__mw_freebase__lt', 300), ('molecule_type', 'Small%20molecule'), ('limit', 20), ('offset', 3120)]
2026-08-14 15:33:41,338 | INFO | From cache: False
2026-08-14 15:33:43,362 | INFO | https://www.ebi.ac.uk/chembl/api/data/molecule.json
2026-08-14 15:33:43,362 | INFO | [('molecule_properties__mw_freebase__gte', 200), ('molecule_properties__mw_freebase__lt', 300), ('molecule_type', 'Small%20molecule'), ('limit', 20), ('offset', 3140)]
2026-08-14 15:33:43,362 | INFO | From cache: False
2026-08-14 15:33:45,414 | INFO | https://www.ebi.ac.uk/chembl/api/data/molecule.json
2026-08-14 15:33:45,415 | INFO | [('molecule_properties__mw_freebase__gte', 200), ('molecule_properties__mw_freebase__lt', 300), ('molecule_type', 'Small%20molecule'), ('limit', 20), ('offset', 3160)]
2026-08-14 15:33:45,415 | INFO | From cache: False
2026-08-14 15:33:45,482 | INFO | https://www.ebi.ac.uk/chembl/api/data/molecule.json
2026-08-14 15:33:45,482 | INFO | [('molecule_properties__mw_freebase__gte', 300), ('molecule_properties__mw_freebase__lt', 400), ('molecule_type', 'Small%20molecule'), ('limit', 20), ('offset', 0)]
2026-08-14 15:33:45,482 | INFO | From cache: True
2026-08-14 15:33:45,566 | INFO | https://www.ebi.ac.uk/chembl/api/data/molecule.json
2026-08-14 15:33:45,566 | INFO | [('molecule_properties__mw_freebase__gte', 300), ('molecule_properties__mw_freebase__lt', 400), ('molecule_type', 'Small%20molecule'), ('limit', 20), ('offset', 20)]
2026-08-14 15:33:45,566 | INFO | From cache: True
2026-08-14 15:33:45,642 | INFO | https://www.ebi.ac.uk/chembl/api/data/molecule.json
2026-08-14 15:33:45,642 | INFO | [('molecule_properties__mw_freebase__gte', 300), ('molecule_properties__mw_freebase__lt', 400), ('molecule_type', 'Small%20molecule'), ('limit', 20), ('offset', 40)]
2026-08-14 15:33:45,642 | INFO | From cache: True
2026-08-14 15:33:45,728 | INFO | https://www.ebi.ac.uk/chembl/api/data/molecule.json
2026-08-14 15:33:45,728 | INFO | [('molecule_properties__mw_freebase__gte', 300), ('molecule_properties__mw_freebase__lt', 400), ('molecule_type', 'Small%20molecule'), ('limit', 20), ('offset', 60)]
2026-08-14 15:33:45,728 | INFO | From cache: True
2026-08-14 15:33:51,197 | INFO | https://www.ebi.ac.uk/chembl/api/data/molecule.json
2026-08-14 15:33:51,198 | INFO | [('molecule_properties__mw_freebase__gte', 300), ('molecule_properties__mw_freebase__lt', 400), ('molecule_type', 'Small%20molecule'), ('limit', 20), ('offset', 80)]
2026-08-14 15:33:51,198 | INFO | From cache: False
2026-08-14 15:33:52,268 | INFO | https://www.ebi.ac.uk/chembl/api/data/molecule.json
2026-08-14 15:33:52,268 | INFO | [('molecule_properties__mw_freebase__gte', 300), ('molecule_properties__mw_freebase__lt', 400), ('molecule_type', 'Small%20molecule'), ('limit', 20), ('offset', 100)]
2026-08-14 15:33:52,269 | INFO | From cache: False
2026-08-14 15:33:53,285 | INFO | https://www.ebi.ac.uk/chembl/api/data/molecule.json
2026-08-14 15:33:53,285 | INFO | [('molecule_properties__mw_freebase__gte', 300), ('molecule_properties__mw_freebase__lt', 400), ('molecule_type', 'Small%20molecule'), ('limit', 20), ('offset', 120)]
2026-08-14 15:33:53,285 | INFO | From cache: False
2026-08-14 15:33:54,360 | INFO | https://www.ebi.ac.uk/chembl/api/data/molecule.json
2026-08-14 15:33:54,360 | INFO | [('molecule_properties__mw_freebase__gte', 300), ('molecule_properties__mw_freebase__lt', 400), ('molecule_type', 'Small%20molecule'), ('limit', 20), ('offset', 140)]
2026-08-14 15:33:54,360 | INFO | From cache: False
2026-08-14 15:33:55,671 | INFO | https://www.ebi.ac.uk/chembl/api/data/molecule.json
2026-08-14 15:33:55,671 | INFO | [('molecule_properties__mw_freebase__gte', 300), ('molecule_properties__mw_freebase__lt', 400), ('molecule_type', 'Small%20molecule'), ('limit', 20), ('offset', 160)]
2026-08-14 15:33:55,671 | INFO | From cache: False
2026-08-14 15:33:56,844 | INFO | https://www.ebi.ac.uk/chembl/api/data/molecule.json
2026-08-14 15:33:56,845 | INFO | [('molecule_properties__mw_freebase__gte', 300), ('molecule_properties__mw_freebase__lt', 400), ('molecule_type', 'Small%20molecule'), ('limit', 20), ('offset', 180)]
2026-08-14 15:33:56,845 | INFO | From cache: False
2026-08-14 15:33:58,927 | INFO | https://www.ebi.ac.uk/chembl/api/data/molecule.json
2026-08-14 15:33:58,927 | INFO | [('molecule_properties__mw_freebase__gte', 300), ('molecule_properties__mw_freebase__lt', 400), ('molecule_type', 'Small%20molecule'), ('limit', 20), ('offset', 200)]
2026-08-14 15:33:58,927 | INFO | From cache: False
2026-08-14 15:34:00,160 | INFO | https://www.ebi.ac.uk/chembl/api/data/molecule.json
2026-08-14 15:34:00,161 | INFO | [('molecule_properties__mw_freebase__gte', 300), ('molecule_properties__mw_freebase__lt', 400), ('molecule_type', 'Small%20molecule'), ('limit', 20), ('offset', 220)]
2026-08-14 15:34:00,161 | INFO | From cache: False
2026-08-14 15:34:01,613 | INFO | https://www.ebi.ac.uk/chembl/api/data/molecule.json
2026-08-14 15:34:01,613 | INFO | [('molecule_properties__mw_freebase__gte', 300), ('molecule_properties__mw_freebase__lt', 400), ('molecule_type', 'Small%20molecule'), ('limit', 20), ('offset', 240)]
2026-08-14 15:34:01,614 | INFO | From cache: False
2026-08-14 15:34:03,950 | INFO | https://www.ebi.ac.uk/chembl/api/data/molecule.json
2026-08-14 15:34:03,951 | INFO | [('molecule_properties__mw_freebase__gte', 300), ('molecule_properties__mw_freebase__lt', 400), ('molecule_type', 'Small%20molecule'), ('limit', 20), ('offset', 260)]
2026-08-14 15:34:03,951 | INFO | From cache: False
2026-08-14 15:34:06,576 | INFO | https://www.ebi.ac.uk/chembl/api/data/molecule.json
2026-08-14 15:34:06,576 | INFO | [('molecule_properties__mw_freebase__gte', 300), ('molecule_properties__mw_freebase__lt', 400), ('molecule_type', 'Small%20molecule'), ('limit', 20), ('offset', 280)]
2026-08-14 15:34:06,576 | INFO | From cache: False
2026-08-14 15:34:10,077 | INFO | https://www.ebi.ac.uk/chembl/api/data/molecule.json
2026-08-14 15:34:10,077 | INFO | [('molecule_properties__mw_freebase__gte', 300), ('molecule_properties__mw_freebase__lt', 400), ('molecule_type', 'Small%20molecule'), ('limit', 20), ('offset', 300)]
2026-08-14 15:34:10,077 | INFO | From cache: False
2026-08-14 15:34:15,501 | INFO | https://www.ebi.ac.uk/chembl/api/data/molecule.json
2026-08-14 15:34:15,502 | INFO | [('molecule_properties__mw_freebase__gte', 300), ('molecule_properties__mw_freebase__lt', 400), ('molecule_type', 'Small%20molecule'), ('limit', 20), ('offset', 320)]
2026-08-14 15:34:15,502 | INFO | From cache: False
2026-08-14 15:34:20,411 | INFO | https://www.ebi.ac.uk/chembl/api/data/molecule.json
2026-08-14 15:34:20,411 | INFO | [('molecule_properties__mw_freebase__gte', 300), ('molecule_properties__mw_freebase__lt', 400), ('molecule_type', 'Small%20molecule'), ('limit', 20), ('offset', 340)]
2026-08-14 15:34:20,411 | INFO | From cache: False
2026-08-14 15:34:23,124 | INFO | https://www.ebi.ac.uk/chembl/api/data/molecule.json
2026-08-14 15:34:23,124 | INFO | [('molecule_properties__mw_freebase__gte', 300), ('molecule_properties__mw_freebase__lt', 400), ('molecule_type', 'Small%20molecule'), ('limit', 20), ('offset', 360)]
2026-08-14 15:34:23,124 | INFO | From cache: False
2026-08-14 15:34:24,138 | INFO | https://www.ebi.ac.uk/chembl/api/data/molecule.json
2026-08-14 15:34:24,138 | INFO | [('molecule_properties__mw_freebase__gte', 300), ('molecule_properties__mw_freebase__lt', 400), ('molecule_type', 'Small%20molecule'), ('limit', 20), ('offset', 380)]
2026-08-14 15:34:24,138 | INFO | From cache: False
2026-08-14 15:34:25,407 | INFO | https://www.ebi.ac.uk/chembl/api/data/molecule.json
2026-08-14 15:34:25,407 | INFO | [('molecule_properties__mw_freebase__gte', 300), ('molecule_properties__mw_freebase__lt', 400), ('molecule_type', 'Small%20molecule'), ('limit', 20), ('offset', 400)]
2026-08-14 15:34:25,407 | INFO | From cache: False
2026-08-14 15:34:26,409 | INFO | https://www.ebi.ac.uk/chembl/api/data/molecule.json
2026-08-14 15:34:26,409 | INFO | [('molecule_properties__mw_freebase__gte', 300), ('molecule_properties__mw_freebase__lt', 400), ('molecule_type', 'Small%20molecule'), ('limit', 20), ('offset', 420)]
2026-08-14 15:34:26,409 | INFO | From cache: False
2026-08-14 15:34:28,226 | INFO | https://www.ebi.ac.uk/chembl/api/data/molecule.json
2026-08-14 15:34:28,226 | INFO | [('molecule_properties__mw_freebase__gte', 300), ('molecule_properties__mw_freebase__lt', 400), ('molecule_type', 'Small%20molecule'), ('limit', 20), ('offset', 440)]
2026-08-14 15:34:28,226 | INFO | From cache: False
2026-08-14 15:34:30,867 | INFO | https://www.ebi.ac.uk/chembl/api/data/molecule.json
2026-08-14 15:34:30,868 | INFO | [('molecule_properties__mw_freebase__gte', 300), ('molecule_properties__mw_freebase__lt', 400), ('molecule_type', 'Small%20molecule'), ('limit', 20), ('offset', 460)]
2026-08-14 15:34:30,869 | INFO | From cache: False
2026-08-14 15:34:34,543 | INFO | https://www.ebi.ac.uk/chembl/api/data/molecule.json
2026-08-14 15:34:34,543 | INFO | [('molecule_properties__mw_freebase__gte', 300), ('molecule_properties__mw_freebase__lt', 400), ('molecule_type', 'Small%20molecule'), ('limit', 20), ('offset', 480)]
2026-08-14 15:34:34,543 | INFO | From cache: False
2026-08-14 15:34:35,774 | INFO | https://www.ebi.ac.uk/chembl/api/data/molecule.json
2026-08-14 15:34:35,775 | INFO | [('molecule_properties__mw_freebase__gte', 300), ('molecule_properties__mw_freebase__lt', 400), ('molecule_type', 'Small%20molecule'), ('limit', 20), ('offset', 500)]
2026-08-14 15:34:35,775 | INFO | From cache: False
2026-08-14 15:34:36,980 | INFO | https://www.ebi.ac.uk/chembl/api/data/molecule.json
2026-08-14 15:34:36,980 | INFO | [('molecule_properties__mw_freebase__gte', 300), ('molecule_properties__mw_freebase__lt', 400), ('molecule_type', 'Small%20molecule'), ('limit', 20), ('offset', 520)]
2026-08-14 15:34:36,980 | INFO | From cache: False
2026-08-14 15:34:40,274 | INFO | https://www.ebi.ac.uk/chembl/api/data/molecule.json
2026-08-14 15:34:40,275 | INFO | [('molecule_properties__mw_freebase__gte', 300), ('molecule_properties__mw_freebase__lt', 400), ('molecule_type', 'Small%20molecule'), ('limit', 20), ('offset', 540)]
2026-08-14 15:34:40,275 | INFO | From cache: False
2026-08-14 15:34:41,512 | INFO | https://www.ebi.ac.uk/chembl/api/data/molecule.json
2026-08-14 15:34:41,513 | INFO | [('molecule_properties__mw_freebase__gte', 300), ('molecule_properties__mw_freebase__lt', 400), ('molecule_type', 'Small%20molecule'), ('limit', 20), ('offset', 560)]
2026-08-14 15:34:41,513 | INFO | From cache: False
2026-08-14 15:34:42,890 | INFO | https://www.ebi.ac.uk/chembl/api/data/molecule.json
2026-08-14 15:34:42,891 | INFO | [('molecule_properties__mw_freebase__gte', 300), ('molecule_properties__mw_freebase__lt', 400), ('molecule_type', 'Small%20molecule'), ('limit', 20), ('offset', 580)]
2026-08-14 15:34:42,891 | INFO | From cache: False
2026-08-14 15:34:44,307 | INFO | https://www.ebi.ac.uk/chembl/api/data/molecule.json
2026-08-14 15:34:44,307 | INFO | [('molecule_properties__mw_freebase__gte', 300), ('molecule_properties__mw_freebase__lt', 400), ('molecule_type', 'Small%20molecule'), ('limit', 20), ('offset', 600)]
2026-08-14 15:34:44,307 | INFO | From cache: False
2026-08-14 15:34:45,339 | INFO | https://www.ebi.ac.uk/chembl/api/data/molecule.json
2026-08-14 15:34:45,339 | INFO | [('molecule_properties__mw_freebase__gte', 300), ('molecule_properties__mw_freebase__lt', 400), ('molecule_type', 'Small%20molecule'), ('limit', 20), ('offset', 620)]
2026-08-14 15:34:45,339 | INFO | From cache: False
2026-08-14 15:34:46,333 | INFO | https://www.ebi.ac.uk/chembl/api/data/molecule.json
2026-08-14 15:34:46,334 | INFO | [('molecule_properties__mw_freebase__gte', 300), ('molecule_properties__mw_freebase__lt', 400), ('molecule_type', 'Small%20molecule'), ('limit', 20), ('offset', 640)]
2026-08-14 15:34:46,334 | INFO | From cache: False
2026-08-14 15:34:47,578 | INFO | https://www.ebi.ac.uk/chembl/api/data/molecule.json
2026-08-14 15:34:47,578 | INFO | [('molecule_properties__mw_freebase__gte', 300), ('molecule_properties__mw_freebase__lt', 400), ('molecule_type', 'Small%20molecule'), ('limit', 20), ('offset', 660)]
2026-08-14 15:34:47,578 | INFO | From cache: False
2026-08-14 15:34:48,837 | INFO | https://www.ebi.ac.uk/chembl/api/data/molecule.json
2026-08-14 15:34:48,837 | INFO | [('molecule_properties__mw_freebase__gte', 300), ('molecule_properties__mw_freebase__lt', 400), ('molecule_type', 'Small%20molecule'), ('limit', 20), ('offset', 680)]
2026-08-14 15:34:48,837 | INFO | From cache: False
2026-08-14 15:34:50,025 | INFO | https://www.ebi.ac.uk/chembl/api/data/molecule.json
2026-08-14 15:34:50,025 | INFO | [('molecule_properties__mw_freebase__gte', 300), ('molecule_properties__mw_freebase__lt', 400), ('molecule_type', 'Small%20molecule'), ('limit', 20), ('offset', 700)]
2026-08-14 15:34:50,025 | INFO | From cache: False
2026-08-14 15:34:51,213 | INFO | https://www.ebi.ac.uk/chembl/api/data/molecule.json
2026-08-14 15:34:51,213 | INFO | [('molecule_properties__mw_freebase__gte', 300), ('molecule_properties__mw_freebase__lt', 400), ('molecule_type', 'Small%20molecule'), ('limit', 20), ('offset', 720)]
2026-08-14 15:34:51,213 | INFO | From cache: False
2026-08-14 15:34:52,440 | INFO | https://www.ebi.ac.uk/chembl/api/data/molecule.json
2026-08-14 15:34:52,440 | INFO | [('molecule_properties__mw_freebase__gte', 300), ('molecule_properties__mw_freebase__lt', 400), ('molecule_type', 'Small%20molecule'), ('limit', 20), ('offset', 740)]
2026-08-14 15:34:52,440 | INFO | From cache: False
2026-08-14 15:34:54,131 | INFO | https://www.ebi.ac.uk/chembl/api/data/molecule.json
2026-08-14 15:34:54,132 | INFO | [('molecule_properties__mw_freebase__gte', 300), ('molecule_properties__mw_freebase__lt', 400), ('molecule_type', 'Small%20molecule'), ('limit', 20), ('offset', 760)]
2026-08-14 15:34:54,132 | INFO | From cache: False
2026-08-14 15:34:55,139 | INFO | https://www.ebi.ac.uk/chembl/api/data/molecule.json
2026-08-14 15:34:55,139 | INFO | [('molecule_properties__mw_freebase__gte', 300), ('molecule_properties__mw_freebase__lt', 400), ('molecule_type', 'Small%20molecule'), ('limit', 20), ('offset', 780)]
2026-08-14 15:34:55,139 | INFO | From cache: False
2026-08-14 15:34:56,185 | INFO | https://www.ebi.ac.uk/chembl/api/data/molecule.json
2026-08-14 15:34:56,185 | INFO | [('molecule_properties__mw_freebase__gte', 300), ('molecule_properties__mw_freebase__lt', 400), ('molecule_type', 'Small%20molecule'), ('limit', 20), ('offset', 800)]
2026-08-14 15:34:56,185 | INFO | From cache: False
2026-08-14 15:34:57,428 | INFO | https://www.ebi.ac.uk/chembl/api/data/molecule.json
2026-08-14 15:34:57,428 | INFO | [('molecule_properties__mw_freebase__gte', 300), ('molecule_properties__mw_freebase__lt', 400), ('molecule_type', 'Small%20molecule'), ('limit', 20), ('offset', 820)]
2026-08-14 15:34:57,428 | INFO | From cache: False
2026-08-14 15:34:58,503 | INFO | https://www.ebi.ac.uk/chembl/api/data/molecule.json
2026-08-14 15:34:58,504 | INFO | [('molecule_properties__mw_freebase__gte', 300), ('molecule_properties__mw_freebase__lt', 400), ('molecule_type', 'Small%20molecule'), ('limit', 20), ('offset', 840)]
2026-08-14 15:34:58,504 | INFO | From cache: False
2026-08-14 15:34:59,577 | INFO | https://www.ebi.ac.uk/chembl/api/data/molecule.json
2026-08-14 15:34:59,577 | INFO | [('molecule_properties__mw_freebase__gte', 300), ('molecule_properties__mw_freebase__lt', 400), ('molecule_type', 'Small%20molecule'), ('limit', 20), ('offset', 860)]
2026-08-14 15:34:59,577 | INFO | From cache: False
2026-08-14 15:35:00,867 | INFO | https://www.ebi.ac.uk/chembl/api/data/molecule.json
2026-08-14 15:35:00,867 | INFO | [('molecule_properties__mw_freebase__gte', 300), ('molecule_properties__mw_freebase__lt', 400), ('molecule_type', 'Small%20molecule'), ('limit', 20), ('offset', 880)]
2026-08-14 15:35:00,867 | INFO | From cache: False
2026-08-14 15:35:02,029 | INFO | https://www.ebi.ac.uk/chembl/api/data/molecule.json
2026-08-14 15:35:02,029 | INFO | [('molecule_properties__mw_freebase__gte', 300), ('molecule_properties__mw_freebase__lt', 400), ('molecule_type', 'Small%20molecule'), ('limit', 20), ('offset', 900)]
2026-08-14 15:35:02,029 | INFO | From cache: False
2026-08-14 15:35:03,485 | INFO | https://www.ebi.ac.uk/chembl/api/data/molecule.json
2026-08-14 15:35:03,485 | INFO | [('molecule_properties__mw_freebase__gte', 300), ('molecule_properties__mw_freebase__lt', 400), ('molecule_type', 'Small%20molecule'), ('limit', 20), ('offset', 920)]
2026-08-14 15:35:03,486 | INFO | From cache: False
2026-08-14 15:35:04,761 | INFO | https://www.ebi.ac.uk/chembl/api/data/molecule.json
2026-08-14 15:35:04,761 | INFO | [('molecule_properties__mw_freebase__gte', 300), ('molecule_properties__mw_freebase__lt', 400), ('molecule_type', 'Small%20molecule'), ('limit', 20), ('offset', 940)]
2026-08-14 15:35:04,761 | INFO | From cache: False
2026-08-14 15:35:06,577 | INFO | https://www.ebi.ac.uk/chembl/api/data/molecule.json
2026-08-14 15:35:06,577 | INFO | [('molecule_properties__mw_freebase__gte', 300), ('molecule_properties__mw_freebase__lt', 400), ('molecule_type', 'Small%20molecule'), ('limit', 20), ('offset', 960)]
2026-08-14 15:35:06,577 | INFO | From cache: False
2026-08-14 15:35:11,679 | INFO | https://www.ebi.ac.uk/chembl/api/data/molecule.json
2026-08-14 15:35:11,680 | INFO | [('molecule_properties__mw_freebase__gte', 300), ('molecule_properties__mw_freebase__lt', 400), ('molecule_type', 'Small%20molecule'), ('limit', 20), ('offset', 980)]
2026-08-14 15:35:11,680 | INFO | From cache: False
2026-08-14 15:35:14,259 | INFO | https://www.ebi.ac.uk/chembl/api/data/molecule.json
2026-08-14 15:35:14,260 | INFO | [('molecule_properties__mw_freebase__gte', 300), ('molecule_properties__mw_freebase__lt', 400), ('molecule_type', 'Small%20molecule'), ('limit', 20), ('offset', 1000)]
2026-08-14 15:35:14,260 | INFO | From cache: False
2026-08-14 15:35:16,874 | INFO | https://www.ebi.ac.uk/chembl/api/data/molecule.json
2026-08-14 15:35:16,875 | INFO | [('molecule_properties__mw_freebase__gte', 300), ('molecule_properties__mw_freebase__lt', 400), ('molecule_type', 'Small%20molecule'), ('limit', 20), ('offset', 1020)]
2026-08-14 15:35:16,875 | INFO | From cache: False
2026-08-14 15:35:19,407 | INFO | https://www.ebi.ac.uk/chembl/api/data/molecule.json
2026-08-14 15:35:19,408 | INFO | [('molecule_properties__mw_freebase__gte', 300), ('molecule_properties__mw_freebase__lt', 400), ('molecule_type', 'Small%20molecule'), ('limit', 20), ('offset', 1040)]
2026-08-14 15:35:19,408 | INFO | From cache: False
2026-08-14 15:35:20,561 | INFO | https://www.ebi.ac.uk/chembl/api/data/molecule.json
2026-08-14 15:35:20,562 | INFO | [('molecule_properties__mw_freebase__gte', 300), ('molecule_properties__mw_freebase__lt', 400), ('molecule_type', 'Small%20molecule'), ('limit', 20), ('offset', 1060)]
2026-08-14 15:35:20,562 | INFO | From cache: False
2026-08-14 15:35:21,813 | INFO | https://www.ebi.ac.uk/chembl/api/data/molecule.json
2026-08-14 15:35:21,813 | INFO | [('molecule_properties__mw_freebase__gte', 300), ('molecule_properties__mw_freebase__lt', 400), ('molecule_type', 'Small%20molecule'), ('limit', 20), ('offset', 1080)]
2026-08-14 15:35:21,814 | INFO | From cache: False
2026-08-14 15:35:23,016 | INFO | https://www.ebi.ac.uk/chembl/api/data/molecule.json
2026-08-14 15:35:23,016 | INFO | [('molecule_properties__mw_freebase__gte', 300), ('molecule_properties__mw_freebase__lt', 400), ('molecule_type', 'Small%20molecule'), ('limit', 20), ('offset', 1100)]
2026-08-14 15:35:23,016 | INFO | From cache: False
2026-08-14 15:35:24,385 | INFO | https://www.ebi.ac.uk/chembl/api/data/molecule.json
2026-08-14 15:35:24,386 | INFO | [('molecule_properties__mw_freebase__gte', 300), ('molecule_properties__mw_freebase__lt', 400), ('molecule_type', 'Small%20molecule'), ('limit', 20), ('offset', 1120)]
2026-08-14 15:35:24,386 | INFO | From cache: False
2026-08-14 15:35:25,602 | INFO | https://www.ebi.ac.uk/chembl/api/data/molecule.json
2026-08-14 15:35:25,602 | INFO | [('molecule_properties__mw_freebase__gte', 300), ('molecule_properties__mw_freebase__lt', 400), ('molecule_type', 'Small%20molecule'), ('limit', 20), ('offset', 1140)]
2026-08-14 15:35:25,602 | INFO | From cache: False
2026-08-14 15:35:26,663 | INFO | https://www.ebi.ac.uk/chembl/api/data/molecule.json
2026-08-14 15:35:26,663 | INFO | [('molecule_properties__mw_freebase__gte', 300), ('molecule_properties__mw_freebase__lt', 400), ('molecule_type', 'Small%20molecule'), ('limit', 20), ('offset', 1160)]
2026-08-14 15:35:26,663 | INFO | From cache: False
2026-08-14 15:35:27,959 | INFO | https://www.ebi.ac.uk/chembl/api/data/molecule.json
2026-08-14 15:35:27,959 | INFO | [('molecule_properties__mw_freebase__gte', 300), ('molecule_properties__mw_freebase__lt', 400), ('molecule_type', 'Small%20molecule'), ('limit', 20), ('offset', 1180)]
2026-08-14 15:35:27,959 | INFO | From cache: False
2026-08-14 15:35:29,065 | INFO | https://www.ebi.ac.uk/chembl/api/data/molecule.json
2026-08-14 15:35:29,065 | INFO | [('molecule_properties__mw_freebase__gte', 300), ('molecule_properties__mw_freebase__lt', 400), ('molecule_type', 'Small%20molecule'), ('limit', 20), ('offset', 1200)]
2026-08-14 15:35:29,065 | INFO | From cache: False
2026-08-14 15:35:30,583 | INFO | https://www.ebi.ac.uk/chembl/api/data/molecule.json
2026-08-14 15:35:30,583 | INFO | [('molecule_properties__mw_freebase__gte', 300), ('molecule_properties__mw_freebase__lt', 400), ('molecule_type', 'Small%20molecule'), ('limit', 20), ('offset', 1220)]
2026-08-14 15:35:30,583 | INFO | From cache: False
2026-08-14 15:35:32,717 | INFO | https://www.ebi.ac.uk/chembl/api/data/molecule.json
2026-08-14 15:35:32,717 | INFO | [('molecule_properties__mw_freebase__gte', 300), ('molecule_properties__mw_freebase__lt', 400), ('molecule_type', 'Small%20molecule'), ('limit', 20), ('offset', 1240)]
2026-08-14 15:35:32,717 | INFO | From cache: False
2026-08-14 15:35:34,514 | INFO | https://www.ebi.ac.uk/chembl/api/data/molecule.json
2026-08-14 15:35:34,514 | INFO | [('molecule_properties__mw_freebase__gte', 300), ('molecule_properties__mw_freebase__lt', 400), ('molecule_type', 'Small%20molecule'), ('limit', 20), ('offset', 1260)]
2026-08-14 15:35:34,514 | INFO | From cache: False
2026-08-14 15:35:35,910 | INFO | https://www.ebi.ac.uk/chembl/api/data/molecule.json
2026-08-14 15:35:35,911 | INFO | [('molecule_properties__mw_freebase__gte', 300), ('molecule_properties__mw_freebase__lt', 400), ('molecule_type', 'Small%20molecule'), ('limit', 20), ('offset', 1280)]
2026-08-14 15:35:35,911 | INFO | From cache: False
2026-08-14 15:35:37,847 | INFO | https://www.ebi.ac.uk/chembl/api/data/molecule.json
2026-08-14 15:35:37,847 | INFO | [('molecule_properties__mw_freebase__gte', 300), ('molecule_properties__mw_freebase__lt', 400), ('molecule_type', 'Small%20molecule'), ('limit', 20), ('offset', 1300)]
2026-08-14 15:35:37,847 | INFO | From cache: False
2026-08-14 15:35:39,097 | INFO | https://www.ebi.ac.uk/chembl/api/data/molecule.json
2026-08-14 15:35:39,097 | INFO | [('molecule_properties__mw_freebase__gte', 300), ('molecule_properties__mw_freebase__lt', 400), ('molecule_type', 'Small%20molecule'), ('limit', 20), ('offset', 1320)]
2026-08-14 15:35:39,097 | INFO | From cache: False
2026-08-14 15:35:41,157 | INFO | https://www.ebi.ac.uk/chembl/api/data/molecule.json
2026-08-14 15:35:41,157 | INFO | [('molecule_properties__mw_freebase__gte', 300), ('molecule_properties__mw_freebase__lt', 400), ('molecule_type', 'Small%20molecule'), ('limit', 20), ('offset', 1340)]
2026-08-14 15:35:41,157 | INFO | From cache: False
2026-08-14 15:35:42,792 | INFO | https://www.ebi.ac.uk/chembl/api/data/molecule.json
2026-08-14 15:35:42,792 | INFO | [('molecule_properties__mw_freebase__gte', 300), ('molecule_properties__mw_freebase__lt', 400), ('molecule_type', 'Small%20molecule'), ('limit', 20), ('offset', 1360)]
2026-08-14 15:35:42,792 | INFO | From cache: False
2026-08-14 15:35:44,436 | INFO | https://www.ebi.ac.uk/chembl/api/data/molecule.json
2026-08-14 15:35:44,436 | INFO | [('molecule_properties__mw_freebase__gte', 300), ('molecule_properties__mw_freebase__lt', 400), ('molecule_type', 'Small%20molecule'), ('limit', 20), ('offset', 1380)]
2026-08-14 15:35:44,436 | INFO | From cache: False
2026-08-14 15:35:46,941 | INFO | https://www.ebi.ac.uk/chembl/api/data/molecule.json
2026-08-14 15:35:46,941 | INFO | [('molecule_properties__mw_freebase__gte', 300), ('molecule_properties__mw_freebase__lt', 400), ('molecule_type', 'Small%20molecule'), ('limit', 20), ('offset', 1400)]
2026-08-14 15:35:46,941 | INFO | From cache: False
2026-08-14 15:35:49,363 | INFO | https://www.ebi.ac.uk/chembl/api/data/molecule.json
2026-08-14 15:35:49,363 | INFO | [('molecule_properties__mw_freebase__gte', 300), ('molecule_properties__mw_freebase__lt', 400), ('molecule_type', 'Small%20molecule'), ('limit', 20), ('offset', 1420)]
2026-08-14 15:35:49,363 | INFO | From cache: False
2026-08-14 15:35:50,953 | INFO | https://www.ebi.ac.uk/chembl/api/data/molecule.json
2026-08-14 15:35:50,953 | INFO | [('molecule_properties__mw_freebase__gte', 300), ('molecule_properties__mw_freebase__lt', 400), ('molecule_type', 'Small%20molecule'), ('limit', 20), ('offset', 1440)]
2026-08-14 15:35:50,953 | INFO | From cache: False
2026-08-14 15:35:52,645 | INFO | https://www.ebi.ac.uk/chembl/api/data/molecule.json
2026-08-14 15:35:52,645 | INFO | [('molecule_properties__mw_freebase__gte', 300), ('molecule_properties__mw_freebase__lt', 400), ('molecule_type', 'Small%20molecule'), ('limit', 20), ('offset', 1460)]
2026-08-14 15:35:52,645 | INFO | From cache: False
2026-08-14 15:35:54,766 | INFO | https://www.ebi.ac.uk/chembl/api/data/molecule.json
2026-08-14 15:35:54,766 | INFO | [('molecule_properties__mw_freebase__gte', 300), ('molecule_properties__mw_freebase__lt', 400), ('molecule_type', 'Small%20molecule'), ('limit', 20), ('offset', 1480)]
2026-08-14 15:35:54,766 | INFO | From cache: False
2026-08-14 15:35:56,320 | INFO | https://www.ebi.ac.uk/chembl/api/data/molecule.json
2026-08-14 15:35:56,320 | INFO | [('molecule_properties__mw_freebase__gte', 300), ('molecule_properties__mw_freebase__lt', 400), ('molecule_type', 'Small%20molecule'), ('limit', 20), ('offset', 1500)]
2026-08-14 15:35:56,320 | INFO | From cache: False
2026-08-14 15:35:57,907 | INFO | https://www.ebi.ac.uk/chembl/api/data/molecule.json
2026-08-14 15:35:57,907 | INFO | [('molecule_properties__mw_freebase__gte', 300), ('molecule_properties__mw_freebase__lt', 400), ('molecule_type', 'Small%20molecule'), ('limit', 20), ('offset', 1520)]
2026-08-14 15:35:57,907 | INFO | From cache: False
2026-08-14 15:35:59,880 | INFO | https://www.ebi.ac.uk/chembl/api/data/molecule.json
2026-08-14 15:35:59,880 | INFO | [('molecule_properties__mw_freebase__gte', 300), ('molecule_properties__mw_freebase__lt', 400), ('molecule_type', 'Small%20molecule'), ('limit', 20), ('offset', 1540)]
2026-08-14 15:35:59,880 | INFO | From cache: False
2026-08-14 15:36:01,140 | INFO | https://www.ebi.ac.uk/chembl/api/data/molecule.json
2026-08-14 15:36:01,140 | INFO | [('molecule_properties__mw_freebase__gte', 300), ('molecule_properties__mw_freebase__lt', 400), ('molecule_type', 'Small%20molecule'), ('limit', 20), ('offset', 1560)]
2026-08-14 15:36:01,140 | INFO | From cache: False
2026-08-14 15:36:03,083 | INFO | https://www.ebi.ac.uk/chembl/api/data/molecule.json
2026-08-14 15:36:03,084 | INFO | [('molecule_properties__mw_freebase__gte', 300), ('molecule_properties__mw_freebase__lt', 400), ('molecule_type', 'Small%20molecule'), ('limit', 20), ('offset', 1580)]
2026-08-14 15:36:03,084 | INFO | From cache: False
2026-08-14 15:36:04,354 | INFO | https://www.ebi.ac.uk/chembl/api/data/molecule.json
2026-08-14 15:36:04,354 | INFO | [('molecule_properties__mw_freebase__gte', 300), ('molecule_properties__mw_freebase__lt', 400), ('molecule_type', 'Small%20molecule'), ('limit', 20), ('offset', 1600)]
2026-08-14 15:36:04,354 | INFO | From cache: False
2026-08-14 15:36:05,542 | INFO | https://www.ebi.ac.uk/chembl/api/data/molecule.json
2026-08-14 15:36:05,542 | INFO | [('molecule_properties__mw_freebase__gte', 300), ('molecule_properties__mw_freebase__lt', 400), ('molecule_type', 'Small%20molecule'), ('limit', 20), ('offset', 1620)]
2026-08-14 15:36:05,542 | INFO | From cache: False
2026-08-14 15:36:07,594 | INFO | https://www.ebi.ac.uk/chembl/api/data/molecule.json
2026-08-14 15:36:07,594 | INFO | [('molecule_properties__mw_freebase__gte', 300), ('molecule_properties__mw_freebase__lt', 400), ('molecule_type', 'Small%20molecule'), ('limit', 20), ('offset', 1640)]
2026-08-14 15:36:07,594 | INFO | From cache: False
2026-08-14 15:36:09,257 | INFO | https://www.ebi.ac.uk/chembl/api/data/molecule.json
2026-08-14 15:36:09,258 | INFO | [('molecule_properties__mw_freebase__gte', 300), ('molecule_properties__mw_freebase__lt', 400), ('molecule_type', 'Small%20molecule'), ('limit', 20), ('offset', 1660)]
2026-08-14 15:36:09,258 | INFO | From cache: False
2026-08-14 15:36:13,641 | INFO | https://www.ebi.ac.uk/chembl/api/data/molecule.json
2026-08-14 15:36:13,641 | INFO | [('molecule_properties__mw_freebase__gte', 300), ('molecule_properties__mw_freebase__lt', 400), ('molecule_type', 'Small%20molecule'), ('limit', 20), ('offset', 1680)]
2026-08-14 15:36:13,642 | INFO | From cache: False
2026-08-14 15:36:14,887 | INFO | https://www.ebi.ac.uk/chembl/api/data/molecule.json
2026-08-14 15:36:14,887 | INFO | [('molecule_properties__mw_freebase__gte', 300), ('molecule_properties__mw_freebase__lt', 400), ('molecule_type', 'Small%20molecule'), ('limit', 20), ('offset', 1700)]
2026-08-14 15:36:14,888 | INFO | From cache: False
2026-08-14 15:36:16,246 | INFO | https://www.ebi.ac.uk/chembl/api/data/molecule.json
2026-08-14 15:36:16,246 | INFO | [('molecule_properties__mw_freebase__gte', 300), ('molecule_properties__mw_freebase__lt', 400), ('molecule_type', 'Small%20molecule'), ('limit', 20), ('offset', 1720)]
2026-08-14 15:36:16,246 | INFO | From cache: False
2026-08-14 15:36:18,176 | INFO | https://www.ebi.ac.uk/chembl/api/data/molecule.json
2026-08-14 15:36:18,176 | INFO | [('molecule_properties__mw_freebase__gte', 300), ('molecule_properties__mw_freebase__lt', 400), ('molecule_type', 'Small%20molecule'), ('limit', 20), ('offset', 1740)]
2026-08-14 15:36:18,176 | INFO | From cache: False
2026-08-14 15:36:19,577 | INFO | https://www.ebi.ac.uk/chembl/api/data/molecule.json
2026-08-14 15:36:19,577 | INFO | [('molecule_properties__mw_freebase__gte', 300), ('molecule_properties__mw_freebase__lt', 400), ('molecule_type', 'Small%20molecule'), ('limit', 20), ('offset', 1760)]
2026-08-14 15:36:19,577 | INFO | From cache: False
2026-08-14 15:36:20,684 | INFO | https://www.ebi.ac.uk/chembl/api/data/molecule.json
2026-08-14 15:36:20,685 | INFO | [('molecule_properties__mw_freebase__gte', 300), ('molecule_properties__mw_freebase__lt', 400), ('molecule_type', 'Small%20molecule'), ('limit', 20), ('offset', 1780)]
2026-08-14 15:36:20,685 | INFO | From cache: False
2026-08-14 15:36:22,666 | INFO | https://www.ebi.ac.uk/chembl/api/data/molecule.json
2026-08-14 15:36:22,667 | INFO | [('molecule_properties__mw_freebase__gte', 300), ('molecule_properties__mw_freebase__lt', 400), ('molecule_type', 'Small%20molecule'), ('limit', 20), ('offset', 1800)]
2026-08-14 15:36:22,668 | INFO | From cache: False
2026-08-14 15:36:23,907 | INFO | https://www.ebi.ac.uk/chembl/api/data/molecule.json
2026-08-14 15:36:23,908 | INFO | [('molecule_properties__mw_freebase__gte', 300), ('molecule_properties__mw_freebase__lt', 400), ('molecule_type', 'Small%20molecule'), ('limit', 20), ('offset', 1820)]
2026-08-14 15:36:23,908 | INFO | From cache: False
2026-08-14 15:36:25,150 | INFO | https://www.ebi.ac.uk/chembl/api/data/molecule.json
2026-08-14 15:36:25,151 | INFO | [('molecule_properties__mw_freebase__gte', 300), ('molecule_properties__mw_freebase__lt', 400), ('molecule_type', 'Small%20molecule'), ('limit', 20), ('offset', 1840)]
2026-08-14 15:36:25,151 | INFO | From cache: False
2026-08-14 15:36:26,274 | INFO | https://www.ebi.ac.uk/chembl/api/data/molecule.json
2026-08-14 15:36:26,274 | INFO | [('molecule_properties__mw_freebase__gte', 300), ('molecule_properties__mw_freebase__lt', 400), ('molecule_type', 'Small%20molecule'), ('limit', 20), ('offset', 1860)]
2026-08-14 15:36:26,274 | INFO | From cache: False
2026-08-14 15:36:27,391 | INFO | https://www.ebi.ac.uk/chembl/api/data/molecule.json
2026-08-14 15:36:27,391 | INFO | [('molecule_properties__mw_freebase__gte', 300), ('molecule_properties__mw_freebase__lt', 400), ('molecule_type', 'Small%20molecule'), ('limit', 20), ('offset', 1880)]
2026-08-14 15:36:27,391 | INFO | From cache: False
2026-08-14 15:36:28,525 | INFO | https://www.ebi.ac.uk/chembl/api/data/molecule.json
2026-08-14 15:36:28,526 | INFO | [('molecule_properties__mw_freebase__gte', 300), ('molecule_properties__mw_freebase__lt', 400), ('molecule_type', 'Small%20molecule'), ('limit', 20), ('offset', 1900)]
2026-08-14 15:36:28,526 | INFO | From cache: False
2026-08-14 15:36:32,606 | INFO | https://www.ebi.ac.uk/chembl/api/data/molecule.json
2026-08-14 15:36:32,606 | INFO | [('molecule_properties__mw_freebase__gte', 300), ('molecule_properties__mw_freebase__lt', 400), ('molecule_type', 'Small%20molecule'), ('limit', 20), ('offset', 1920)]
2026-08-14 15:36:32,607 | INFO | From cache: False
2026-08-14 15:36:35,620 | INFO | https://www.ebi.ac.uk/chembl/api/data/molecule.json
2026-08-14 15:36:35,620 | INFO | [('molecule_properties__mw_freebase__gte', 300), ('molecule_properties__mw_freebase__lt', 400), ('molecule_type', 'Small%20molecule'), ('limit', 20), ('offset', 1940)]
2026-08-14 15:36:35,620 | INFO | From cache: False
2026-08-14 15:36:37,451 | INFO | https://www.ebi.ac.uk/chembl/api/data/molecule.json
2026-08-14 15:36:37,451 | INFO | [('molecule_properties__mw_freebase__gte', 300), ('molecule_properties__mw_freebase__lt', 400), ('molecule_type', 'Small%20molecule'), ('limit', 20), ('offset', 1960)]
2026-08-14 15:36:37,452 | INFO | From cache: False
2026-08-14 15:36:39,090 | INFO | https://www.ebi.ac.uk/chembl/api/data/molecule.json
2026-08-14 15:36:39,090 | INFO | [('molecule_properties__mw_freebase__gte', 300), ('molecule_properties__mw_freebase__lt', 400), ('molecule_type', 'Small%20molecule'), ('limit', 20), ('offset', 1980)]
2026-08-14 15:36:39,091 | INFO | From cache: False
2026-08-14 15:36:40,033 | INFO | https://www.ebi.ac.uk/chembl/api/data/molecule.json
2026-08-14 15:36:40,033 | INFO | [('molecule_properties__mw_freebase__gte', 300), ('molecule_properties__mw_freebase__lt', 400), ('molecule_type', 'Small%20molecule'), ('limit', 20), ('offset', 2000)]
2026-08-14 15:36:40,033 | INFO | From cache: False
2026-08-14 15:36:42,772 | INFO | https://www.ebi.ac.uk/chembl/api/data/molecule.json
2026-08-14 15:36:42,773 | INFO | [('molecule_properties__mw_freebase__gte', 300), ('molecule_properties__mw_freebase__lt', 400), ('molecule_type', 'Small%20molecule'), ('limit', 20), ('offset', 2020)]
2026-08-14 15:36:42,773 | INFO | From cache: False
2026-08-14 15:36:45,933 | INFO | https://www.ebi.ac.uk/chembl/api/data/molecule.json
2026-08-14 15:36:45,934 | INFO | [('molecule_properties__mw_freebase__gte', 300), ('molecule_properties__mw_freebase__lt', 400), ('molecule_type', 'Small%20molecule'), ('limit', 20), ('offset', 2040)]
2026-08-14 15:36:45,934 | INFO | From cache: False
2026-08-14 15:36:48,847 | INFO | https://www.ebi.ac.uk/chembl/api/data/molecule.json
2026-08-14 15:36:48,847 | INFO | [('molecule_properties__mw_freebase__gte', 300), ('molecule_properties__mw_freebase__lt', 400), ('molecule_type', 'Small%20molecule'), ('limit', 20), ('offset', 2060)]
2026-08-14 15:36:48,847 | INFO | From cache: False
2026-08-14 15:36:51,284 | INFO | https://www.ebi.ac.uk/chembl/api/data/molecule.json
2026-08-14 15:36:51,284 | INFO | [('molecule_properties__mw_freebase__gte', 300), ('molecule_properties__mw_freebase__lt', 400), ('molecule_type', 'Small%20molecule'), ('limit', 20), ('offset', 2080)]
2026-08-14 15:36:51,284 | INFO | From cache: False
2026-08-14 15:36:52,389 | INFO | https://www.ebi.ac.uk/chembl/api/data/molecule.json
2026-08-14 15:36:52,389 | INFO | [('molecule_properties__mw_freebase__gte', 300), ('molecule_properties__mw_freebase__lt', 400), ('molecule_type', 'Small%20molecule'), ('limit', 20), ('offset', 2100)]
2026-08-14 15:36:52,389 | INFO | From cache: False
2026-08-14 15:36:53,637 | INFO | https://www.ebi.ac.uk/chembl/api/data/molecule.json
2026-08-14 15:36:53,637 | INFO | [('molecule_properties__mw_freebase__gte', 300), ('molecule_properties__mw_freebase__lt', 400), ('molecule_type', 'Small%20molecule'), ('limit', 20), ('offset', 2120)]
2026-08-14 15:36:53,637 | INFO | From cache: False
2026-08-14 15:36:54,538 | INFO | https://www.ebi.ac.uk/chembl/api/data/molecule.json
2026-08-14 15:36:54,538 | INFO | [('molecule_properties__mw_freebase__gte', 300), ('molecule_properties__mw_freebase__lt', 400), ('molecule_type', 'Small%20molecule'), ('limit', 20), ('offset', 2140)]
2026-08-14 15:36:54,538 | INFO | From cache: False
2026-08-14 15:36:55,830 | INFO | https://www.ebi.ac.uk/chembl/api/data/molecule.json
2026-08-14 15:36:55,830 | INFO | [('molecule_properties__mw_freebase__gte', 300), ('molecule_properties__mw_freebase__lt', 400), ('molecule_type', 'Small%20molecule'), ('limit', 20), ('offset', 2160)]
2026-08-14 15:36:55,830 | INFO | From cache: False
2026-08-14 15:36:57,053 | INFO | https://www.ebi.ac.uk/chembl/api/data/molecule.json
2026-08-14 15:36:57,053 | INFO | [('molecule_properties__mw_freebase__gte', 300), ('molecule_properties__mw_freebase__lt', 400), ('molecule_type', 'Small%20molecule'), ('limit', 20), ('offset', 2180)]
2026-08-14 15:36:57,053 | INFO | From cache: False
2026-08-14 15:36:58,266 | INFO | https://www.ebi.ac.uk/chembl/api/data/molecule.json
2026-08-14 15:36:58,267 | INFO | [('molecule_properties__mw_freebase__gte', 300), ('molecule_properties__mw_freebase__lt', 400), ('molecule_type', 'Small%20molecule'), ('limit', 20), ('offset', 2200)]
2026-08-14 15:36:58,267 | INFO | From cache: False
2026-08-14 15:36:59,571 | INFO | https://www.ebi.ac.uk/chembl/api/data/molecule.json
2026-08-14 15:36:59,571 | INFO | [('molecule_properties__mw_freebase__gte', 300), ('molecule_properties__mw_freebase__lt', 400), ('molecule_type', 'Small%20molecule'), ('limit', 20), ('offset', 2220)]
2026-08-14 15:36:59,572 | INFO | From cache: False
2026-08-14 15:37:00,753 | INFO | https://www.ebi.ac.uk/chembl/api/data/molecule.json
2026-08-14 15:37:00,753 | INFO | [('molecule_properties__mw_freebase__gte', 300), ('molecule_properties__mw_freebase__lt', 400), ('molecule_type', 'Small%20molecule'), ('limit', 20), ('offset', 2240)]
2026-08-14 15:37:00,753 | INFO | From cache: False
2026-08-14 15:37:01,682 | INFO | https://www.ebi.ac.uk/chembl/api/data/molecule.json
2026-08-14 15:37:01,682 | INFO | [('molecule_properties__mw_freebase__gte', 300), ('molecule_properties__mw_freebase__lt', 400), ('molecule_type', 'Small%20molecule'), ('limit', 20), ('offset', 2260)]
2026-08-14 15:37:01,682 | INFO | From cache: False
2026-08-14 15:37:02,611 | INFO | https://www.ebi.ac.uk/chembl/api/data/molecule.json
2026-08-14 15:37:02,611 | INFO | [('molecule_properties__mw_freebase__gte', 300), ('molecule_properties__mw_freebase__lt', 400), ('molecule_type', 'Small%20molecule'), ('limit', 20), ('offset', 2280)]
2026-08-14 15:37:02,611 | INFO | From cache: False
2026-08-14 15:37:03,772 | INFO | https://www.ebi.ac.uk/chembl/api/data/molecule.json
2026-08-14 15:37:03,772 | INFO | [('molecule_properties__mw_freebase__gte', 300), ('molecule_properties__mw_freebase__lt', 400), ('molecule_type', 'Small%20molecule'), ('limit', 20), ('offset', 2300)]
2026-08-14 15:37:03,772 | INFO | From cache: False
2026-08-14 15:37:04,863 | INFO | https://www.ebi.ac.uk/chembl/api/data/molecule.json
2026-08-14 15:37:04,863 | INFO | [('molecule_properties__mw_freebase__gte', 300), ('molecule_properties__mw_freebase__lt', 400), ('molecule_type', 'Small%20molecule'), ('limit', 20), ('offset', 2320)]
2026-08-14 15:37:04,863 | INFO | From cache: False
2026-08-14 15:37:06,017 | INFO | https://www.ebi.ac.uk/chembl/api/data/molecule.json
2026-08-14 15:37:06,017 | INFO | [('molecule_properties__mw_freebase__gte', 300), ('molecule_properties__mw_freebase__lt', 400), ('molecule_type', 'Small%20molecule'), ('limit', 20), ('offset', 2340)]
2026-08-14 15:37:06,017 | INFO | From cache: False
2026-08-14 15:37:07,346 | INFO | https://www.ebi.ac.uk/chembl/api/data/molecule.json
2026-08-14 15:37:07,346 | INFO | [('molecule_properties__mw_freebase__gte', 300), ('molecule_properties__mw_freebase__lt', 400), ('molecule_type', 'Small%20molecule'), ('limit', 20), ('offset', 2360)]
2026-08-14 15:37:07,347 | INFO | From cache: False
2026-08-14 15:37:08,680 | INFO | https://www.ebi.ac.uk/chembl/api/data/molecule.json
2026-08-14 15:37:08,680 | INFO | [('molecule_properties__mw_freebase__gte', 300), ('molecule_properties__mw_freebase__lt', 400), ('molecule_type', 'Small%20molecule'), ('limit', 20), ('offset', 2380)]
2026-08-14 15:37:08,680 | INFO | From cache: False
2026-08-14 15:37:11,766 | INFO | https://www.ebi.ac.uk/chembl/api/data/molecule.json
2026-08-14 15:37:11,766 | INFO | [('molecule_properties__mw_freebase__gte', 300), ('molecule_properties__mw_freebase__lt', 400), ('molecule_type', 'Small%20molecule'), ('limit', 20), ('offset', 2400)]
2026-08-14 15:37:11,766 | INFO | From cache: False
2026-08-14 15:37:12,868 | INFO | https://www.ebi.ac.uk/chembl/api/data/molecule.json
2026-08-14 15:37:12,869 | INFO | [('molecule_properties__mw_freebase__gte', 300), ('molecule_properties__mw_freebase__lt', 400), ('molecule_type', 'Small%20molecule'), ('limit', 20), ('offset', 2420)]
2026-08-14 15:37:12,869 | INFO | From cache: False
2026-08-14 15:37:13,923 | INFO | https://www.ebi.ac.uk/chembl/api/data/molecule.json
2026-08-14 15:37:13,923 | INFO | [('molecule_properties__mw_freebase__gte', 300), ('molecule_properties__mw_freebase__lt', 400), ('molecule_type', 'Small%20molecule'), ('limit', 20), ('offset', 2440)]
2026-08-14 15:37:13,923 | INFO | From cache: False
2026-08-14 15:37:15,382 | INFO | https://www.ebi.ac.uk/chembl/api/data/molecule.json
2026-08-14 15:37:15,382 | INFO | [('molecule_properties__mw_freebase__gte', 300), ('molecule_properties__mw_freebase__lt', 400), ('molecule_type', 'Small%20molecule'), ('limit', 20), ('offset', 2460)]
2026-08-14 15:37:15,382 | INFO | From cache: False
2026-08-14 15:37:16,597 | INFO | https://www.ebi.ac.uk/chembl/api/data/molecule.json
2026-08-14 15:37:16,597 | INFO | [('molecule_properties__mw_freebase__gte', 300), ('molecule_properties__mw_freebase__lt', 400), ('molecule_type', 'Small%20molecule'), ('limit', 20), ('offset', 2480)]
2026-08-14 15:37:16,597 | INFO | From cache: False
2026-08-14 15:37:17,907 | INFO | https://www.ebi.ac.uk/chembl/api/data/molecule.json
2026-08-14 15:37:17,907 | INFO | [('molecule_properties__mw_freebase__gte', 300), ('molecule_properties__mw_freebase__lt', 400), ('molecule_type', 'Small%20molecule'), ('limit', 20), ('offset', 2500)]
2026-08-14 15:37:17,907 | INFO | From cache: False
2026-08-14 15:37:21,784 | INFO | https://www.ebi.ac.uk/chembl/api/data/molecule.json
2026-08-14 15:37:21,784 | INFO | [('molecule_properties__mw_freebase__gte', 300), ('molecule_properties__mw_freebase__lt', 400), ('molecule_type', 'Small%20molecule'), ('limit', 20), ('offset', 2520)]
2026-08-14 15:37:21,784 | INFO | From cache: False
2026-08-14 15:37:25,288 | INFO | https://www.ebi.ac.uk/chembl/api/data/molecule.json
2026-08-14 15:37:25,289 | INFO | [('molecule_properties__mw_freebase__gte', 300), ('molecule_properties__mw_freebase__lt', 400), ('molecule_type', 'Small%20molecule'), ('limit', 20), ('offset', 2540)]
2026-08-14 15:37:25,289 | INFO | From cache: False
2026-08-14 15:37:30,108 | INFO | https://www.ebi.ac.uk/chembl/api/data/molecule.json
2026-08-14 15:37:30,108 | INFO | [('molecule_properties__mw_freebase__gte', 300), ('molecule_properties__mw_freebase__lt', 400), ('molecule_type', 'Small%20molecule'), ('limit', 20), ('offset', 2560)]
2026-08-14 15:37:30,108 | INFO | From cache: False
2026-08-14 15:37:33,203 | INFO | https://www.ebi.ac.uk/chembl/api/data/molecule.json
2026-08-14 15:37:33,203 | INFO | [('molecule_properties__mw_freebase__gte', 300), ('molecule_properties__mw_freebase__lt', 400), ('molecule_type', 'Small%20molecule'), ('limit', 20), ('offset', 2580)]
2026-08-14 15:37:33,203 | INFO | From cache: False
2026-08-14 15:37:37,164 | INFO | https://www.ebi.ac.uk/chembl/api/data/molecule.json
2026-08-14 15:37:37,164 | INFO | [('molecule_properties__mw_freebase__gte', 300), ('molecule_properties__mw_freebase__lt', 400), ('molecule_type', 'Small%20molecule'), ('limit', 20), ('offset', 2600)]
2026-08-14 15:37:37,165 | INFO | From cache: False
2026-08-14 15:37:40,403 | INFO | https://www.ebi.ac.uk/chembl/api/data/molecule.json
2026-08-14 15:37:40,403 | INFO | [('molecule_properties__mw_freebase__gte', 300), ('molecule_properties__mw_freebase__lt', 400), ('molecule_type', 'Small%20molecule'), ('limit', 20), ('offset', 2620)]
2026-08-14 15:37:40,403 | INFO | From cache: False
2026-08-14 15:37:42,110 | INFO | https://www.ebi.ac.uk/chembl/api/data/molecule.json
2026-08-14 15:37:42,110 | INFO | [('molecule_properties__mw_freebase__gte', 300), ('molecule_properties__mw_freebase__lt', 400), ('molecule_type', 'Small%20molecule'), ('limit', 20), ('offset', 2640)]
2026-08-14 15:37:42,110 | INFO | From cache: False
2026-08-14 15:37:43,820 | INFO | https://www.ebi.ac.uk/chembl/api/data/molecule.json
2026-08-14 15:37:43,821 | INFO | [('molecule_properties__mw_freebase__gte', 300), ('molecule_properties__mw_freebase__lt', 400), ('molecule_type', 'Small%20molecule'), ('limit', 20), ('offset', 2660)]
2026-08-14 15:37:43,821 | INFO | From cache: False
2026-08-14 15:37:47,461 | INFO | https://www.ebi.ac.uk/chembl/api/data/molecule.json
2026-08-14 15:37:47,461 | INFO | [('molecule_properties__mw_freebase__gte', 300), ('molecule_properties__mw_freebase__lt', 400), ('molecule_type', 'Small%20molecule'), ('limit', 20), ('offset', 2680)]
2026-08-14 15:37:47,461 | INFO | From cache: False
2026-08-14 15:37:49,408 | INFO | https://www.ebi.ac.uk/chembl/api/data/molecule.json
2026-08-14 15:37:49,408 | INFO | [('molecule_properties__mw_freebase__gte', 300), ('molecule_properties__mw_freebase__lt', 400), ('molecule_type', 'Small%20molecule'), ('limit', 20), ('offset', 2700)]
2026-08-14 15:37:49,408 | INFO | From cache: False
2026-08-14 15:37:53,459 | INFO | https://www.ebi.ac.uk/chembl/api/data/molecule.json
2026-08-14 15:37:53,459 | INFO | [('molecule_properties__mw_freebase__gte', 300), ('molecule_properties__mw_freebase__lt', 400), ('molecule_type', 'Small%20molecule'), ('limit', 20), ('offset', 2720)]
2026-08-14 15:37:53,459 | INFO | From cache: False
2026-08-14 15:37:55,910 | INFO | https://www.ebi.ac.uk/chembl/api/data/molecule.json
2026-08-14 15:37:55,910 | INFO | [('molecule_properties__mw_freebase__gte', 300), ('molecule_properties__mw_freebase__lt', 400), ('molecule_type', 'Small%20molecule'), ('limit', 20), ('offset', 2740)]
2026-08-14 15:37:55,910 | INFO | From cache: False
2026-08-14 15:37:57,550 | INFO | https://www.ebi.ac.uk/chembl/api/data/molecule.json
2026-08-14 15:37:57,551 | INFO | [('molecule_properties__mw_freebase__gte', 300), ('molecule_properties__mw_freebase__lt', 400), ('molecule_type', 'Small%20molecule'), ('limit', 20), ('offset', 2760)]
2026-08-14 15:37:57,551 | INFO | From cache: False
2026-08-14 15:37:59,146 | INFO | https://www.ebi.ac.uk/chembl/api/data/molecule.json
2026-08-14 15:37:59,146 | INFO | [('molecule_properties__mw_freebase__gte', 300), ('molecule_properties__mw_freebase__lt', 400), ('molecule_type', 'Small%20molecule'), ('limit', 20), ('offset', 2780)]
2026-08-14 15:37:59,146 | INFO | From cache: False
2026-08-14 15:38:01,700 | INFO | https://www.ebi.ac.uk/chembl/api/data/molecule.json
2026-08-14 15:38:01,701 | INFO | [('molecule_properties__mw_freebase__gte', 300), ('molecule_properties__mw_freebase__lt', 400), ('molecule_type', 'Small%20molecule'), ('limit', 20), ('offset', 2800)]
2026-08-14 15:38:01,701 | INFO | From cache: False
2026-08-14 15:38:05,247 | INFO | https://www.ebi.ac.uk/chembl/api/data/molecule.json
2026-08-14 15:38:05,248 | INFO | [('molecule_properties__mw_freebase__gte', 300), ('molecule_properties__mw_freebase__lt', 400), ('molecule_type', 'Small%20molecule'), ('limit', 20), ('offset', 2820)]
2026-08-14 15:38:05,248 | INFO | From cache: False
2026-08-14 15:38:06,475 | INFO | https://www.ebi.ac.uk/chembl/api/data/molecule.json
2026-08-14 15:38:06,475 | INFO | [('molecule_properties__mw_freebase__gte', 300), ('molecule_properties__mw_freebase__lt', 400), ('molecule_type', 'Small%20molecule'), ('limit', 20), ('offset', 2840)]
2026-08-14 15:38:06,475 | INFO | From cache: False
2026-08-14 15:38:07,901 | INFO | https://www.ebi.ac.uk/chembl/api/data/molecule.json
2026-08-14 15:38:07,902 | INFO | [('molecule_properties__mw_freebase__gte', 300), ('molecule_properties__mw_freebase__lt', 400), ('molecule_type', 'Small%20molecule'), ('limit', 20), ('offset', 2860)]
2026-08-14 15:38:07,902 | INFO | From cache: False
2026-08-14 15:38:09,624 | INFO | https://www.ebi.ac.uk/chembl/api/data/molecule.json
2026-08-14 15:38:09,624 | INFO | [('molecule_properties__mw_freebase__gte', 300), ('molecule_properties__mw_freebase__lt', 400), ('molecule_type', 'Small%20molecule'), ('limit', 20), ('offset', 2880)]
2026-08-14 15:38:09,624 | INFO | From cache: False
2026-08-14 15:38:15,359 | INFO | https://www.ebi.ac.uk/chembl/api/data/molecule.json
2026-08-14 15:38:15,359 | INFO | [('molecule_properties__mw_freebase__gte', 300), ('molecule_properties__mw_freebase__lt', 400), ('molecule_type', 'Small%20molecule'), ('limit', 20), ('offset', 2900)]
2026-08-14 15:38:15,359 | INFO | From cache: False
2026-08-14 15:38:16,721 | INFO | https://www.ebi.ac.uk/chembl/api/data/molecule.json
2026-08-14 15:38:16,721 | INFO | [('molecule_properties__mw_freebase__gte', 300), ('molecule_properties__mw_freebase__lt', 400), ('molecule_type', 'Small%20molecule'), ('limit', 20), ('offset', 2920)]
2026-08-14 15:38:16,721 | INFO | From cache: False
2026-08-14 15:38:18,592 | INFO | https://www.ebi.ac.uk/chembl/api/data/molecule.json
2026-08-14 15:38:18,593 | INFO | [('molecule_properties__mw_freebase__gte', 300), ('molecule_properties__mw_freebase__lt', 400), ('molecule_type', 'Small%20molecule'), ('limit', 20), ('offset', 2940)]
2026-08-14 15:38:18,593 | INFO | From cache: False
2026-08-14 15:38:22,117 | INFO | https://www.ebi.ac.uk/chembl/api/data/molecule.json
2026-08-14 15:38:22,118 | INFO | [('molecule_properties__mw_freebase__gte', 300), ('molecule_properties__mw_freebase__lt', 400), ('molecule_type', 'Small%20molecule'), ('limit', 20), ('offset', 2960)]
2026-08-14 15:38:22,118 | INFO | From cache: False
2026-08-14 15:38:23,655 | INFO | https://www.ebi.ac.uk/chembl/api/data/molecule.json
2026-08-14 15:38:23,655 | INFO | [('molecule_properties__mw_freebase__gte', 300), ('molecule_properties__mw_freebase__lt', 400), ('molecule_type', 'Small%20molecule'), ('limit', 20), ('offset', 2980)]
2026-08-14 15:38:23,655 | INFO | From cache: False
2026-08-14 15:38:24,714 | INFO | https://www.ebi.ac.uk/chembl/api/data/molecule.json
2026-08-14 15:38:24,714 | INFO | [('molecule_properties__mw_freebase__gte', 300), ('molecule_properties__mw_freebase__lt', 400), ('molecule_type', 'Small%20molecule'), ('limit', 20), ('offset', 3000)]
2026-08-14 15:38:24,714 | INFO | From cache: False
2026-08-14 15:38:24,812 | INFO | https://www.ebi.ac.uk/chembl/api/data/molecule.json
2026-08-14 15:38:24,812 | INFO | [('molecule_properties__mw_freebase__gte', 400), ('molecule_properties__mw_freebase__lt', 500), ('molecule_type', 'Small%20molecule'), ('limit', 20), ('offset', 0)]
2026-08-14 15:38:24,812 | INFO | From cache: True
2026-08-14 15:38:24,919 | INFO | https://www.ebi.ac.uk/chembl/api/data/molecule.json
2026-08-14 15:38:24,919 | INFO | [('molecule_properties__mw_freebase__gte', 400), ('molecule_properties__mw_freebase__lt', 500), ('molecule_type', 'Small%20molecule'), ('limit', 20), ('offset', 20)]
2026-08-14 15:38:24,919 | INFO | From cache: True
2026-08-14 15:38:25,014 | INFO | https://www.ebi.ac.uk/chembl/api/data/molecule.json
2026-08-14 15:38:25,014 | INFO | [('molecule_properties__mw_freebase__gte', 400), ('molecule_properties__mw_freebase__lt', 500), ('molecule_type', 'Small%20molecule'), ('limit', 20), ('offset', 40)]
2026-08-14 15:38:25,014 | INFO | From cache: True
2026-08-14 15:38:25,097 | INFO | https://www.ebi.ac.uk/chembl/api/data/molecule.json
2026-08-14 15:38:25,097 | INFO | [('molecule_properties__mw_freebase__gte', 400), ('molecule_properties__mw_freebase__lt', 500), ('molecule_type', 'Small%20molecule'), ('limit', 20), ('offset', 60)]
2026-08-14 15:38:25,097 | INFO | From cache: True
2026-08-14 15:38:25,189 | INFO | https://www.ebi.ac.uk/chembl/api/data/molecule.json
2026-08-14 15:38:25,189 | INFO | [('molecule_properties__mw_freebase__gte', 400), ('molecule_properties__mw_freebase__lt', 500), ('molecule_type', 'Small%20molecule'), ('limit', 20), ('offset', 80)]
2026-08-14 15:38:25,189 | INFO | From cache: True
2026-08-14 15:38:26,611 | INFO | https://www.ebi.ac.uk/chembl/api/data/molecule.json
2026-08-14 15:38:26,612 | INFO | [('molecule_properties__mw_freebase__gte', 400), ('molecule_properties__mw_freebase__lt', 500), ('molecule_type', 'Small%20molecule'), ('limit', 20), ('offset', 100)]
2026-08-14 15:38:26,612 | INFO | From cache: False
2026-08-14 15:38:28,827 | INFO | https://www.ebi.ac.uk/chembl/api/data/molecule.json
2026-08-14 15:38:28,827 | INFO | [('molecule_properties__mw_freebase__gte', 400), ('molecule_properties__mw_freebase__lt', 500), ('molecule_type', 'Small%20molecule'), ('limit', 20), ('offset', 120)]
2026-08-14 15:38:28,827 | INFO | From cache: False
2026-08-14 15:38:32,720 | INFO | https://www.ebi.ac.uk/chembl/api/data/molecule.json
2026-08-14 15:38:32,720 | INFO | [('molecule_properties__mw_freebase__gte', 400), ('molecule_properties__mw_freebase__lt', 500), ('molecule_type', 'Small%20molecule'), ('limit', 20), ('offset', 140)]
2026-08-14 15:38:32,720 | INFO | From cache: False
2026-08-14 15:38:36,217 | INFO | https://www.ebi.ac.uk/chembl/api/data/molecule.json
2026-08-14 15:38:36,217 | INFO | [('molecule_properties__mw_freebase__gte', 400), ('molecule_properties__mw_freebase__lt', 500), ('molecule_type', 'Small%20molecule'), ('limit', 20), ('offset', 160)]
2026-08-14 15:38:36,217 | INFO | From cache: False
2026-08-14 15:38:39,002 | INFO | https://www.ebi.ac.uk/chembl/api/data/molecule.json
2026-08-14 15:38:39,002 | INFO | [('molecule_properties__mw_freebase__gte', 400), ('molecule_properties__mw_freebase__lt', 500), ('molecule_type', 'Small%20molecule'), ('limit', 20), ('offset', 180)]
2026-08-14 15:38:39,002 | INFO | From cache: False
2026-08-14 15:38:42,734 | INFO | https://www.ebi.ac.uk/chembl/api/data/molecule.json
2026-08-14 15:38:42,734 | INFO | [('molecule_properties__mw_freebase__gte', 400), ('molecule_properties__mw_freebase__lt', 500), ('molecule_type', 'Small%20molecule'), ('limit', 20), ('offset', 200)]
2026-08-14 15:38:42,734 | INFO | From cache: False
2026-08-14 15:38:46,947 | INFO | https://www.ebi.ac.uk/chembl/api/data/molecule.json
2026-08-14 15:38:46,948 | INFO | [('molecule_properties__mw_freebase__gte', 400), ('molecule_properties__mw_freebase__lt', 500), ('molecule_type', 'Small%20molecule'), ('limit', 20), ('offset', 220)]
2026-08-14 15:38:46,948 | INFO | From cache: False
2026-08-14 15:38:52,474 | INFO | https://www.ebi.ac.uk/chembl/api/data/molecule.json
2026-08-14 15:38:52,474 | INFO | [('molecule_properties__mw_freebase__gte', 400), ('molecule_properties__mw_freebase__lt', 500), ('molecule_type', 'Small%20molecule'), ('limit', 20), ('offset', 240)]
2026-08-14 15:38:52,474 | INFO | From cache: False
2026-08-14 15:38:57,477 | INFO | https://www.ebi.ac.uk/chembl/api/data/molecule.json
2026-08-14 15:38:57,477 | INFO | [('molecule_properties__mw_freebase__gte', 400), ('molecule_properties__mw_freebase__lt', 500), ('molecule_type', 'Small%20molecule'), ('limit', 20), ('offset', 260)]
2026-08-14 15:38:57,477 | INFO | From cache: False
2026-08-14 15:39:04,532 | INFO | https://www.ebi.ac.uk/chembl/api/data/molecule.json
2026-08-14 15:39:04,532 | INFO | [('molecule_properties__mw_freebase__gte', 400), ('molecule_properties__mw_freebase__lt', 500), ('molecule_type', 'Small%20molecule'), ('limit', 20), ('offset', 280)]
2026-08-14 15:39:04,533 | INFO | From cache: False
2026-08-14 15:39:12,815 | INFO | https://www.ebi.ac.uk/chembl/api/data/molecule.json
2026-08-14 15:39:12,815 | INFO | [('molecule_properties__mw_freebase__gte', 400), ('molecule_properties__mw_freebase__lt', 500), ('molecule_type', 'Small%20molecule'), ('limit', 20), ('offset', 300)]
2026-08-14 15:39:12,815 | INFO | From cache: False
2026-08-14 15:39:19,682 | INFO | https://www.ebi.ac.uk/chembl/api/data/molecule.json
2026-08-14 15:39:19,683 | INFO | [('molecule_properties__mw_freebase__gte', 400), ('molecule_properties__mw_freebase__lt', 500), ('molecule_type', 'Small%20molecule'), ('limit', 20), ('offset', 320)]
2026-08-14 15:39:19,683 | INFO | From cache: False
2026-08-14 15:39:23,878 | INFO | https://www.ebi.ac.uk/chembl/api/data/molecule.json
2026-08-14 15:39:23,879 | INFO | [('molecule_properties__mw_freebase__gte', 400), ('molecule_properties__mw_freebase__lt', 500), ('molecule_type', 'Small%20molecule'), ('limit', 20), ('offset', 340)]
2026-08-14 15:39:23,879 | INFO | From cache: False
2026-08-14 15:39:31,061 | INFO | https://www.ebi.ac.uk/chembl/api/data/molecule.json
2026-08-14 15:39:31,062 | INFO | [('molecule_properties__mw_freebase__gte', 400), ('molecule_properties__mw_freebase__lt', 500), ('molecule_type', 'Small%20molecule'), ('limit', 20), ('offset', 360)]
2026-08-14 15:39:31,062 | INFO | From cache: False
2026-08-14 15:39:34,375 | INFO | https://www.ebi.ac.uk/chembl/api/data/molecule.json
2026-08-14 15:39:34,376 | INFO | [('molecule_properties__mw_freebase__gte', 400), ('molecule_properties__mw_freebase__lt', 500), ('molecule_type', 'Small%20molecule'), ('limit', 20), ('offset', 380)]
2026-08-14 15:39:34,376 | INFO | From cache: False
2026-08-14 15:39:38,292 | INFO | https://www.ebi.ac.uk/chembl/api/data/molecule.json
2026-08-14 15:39:38,292 | INFO | [('molecule_properties__mw_freebase__gte', 400), ('molecule_properties__mw_freebase__lt', 500), ('molecule_type', 'Small%20molecule'), ('limit', 20), ('offset', 400)]
2026-08-14 15:39:38,292 | INFO | From cache: False
2026-08-14 15:39:44,152 | INFO | https://www.ebi.ac.uk/chembl/api/data/molecule.json
2026-08-14 15:39:44,152 | INFO | [('molecule_properties__mw_freebase__gte', 400), ('molecule_properties__mw_freebase__lt', 500), ('molecule_type', 'Small%20molecule'), ('limit', 20), ('offset', 420)]
2026-08-14 15:39:44,152 | INFO | From cache: False
2026-08-14 15:39:50,601 | INFO | https://www.ebi.ac.uk/chembl/api/data/molecule.json
2026-08-14 15:39:50,602 | INFO | [('molecule_properties__mw_freebase__gte', 400), ('molecule_properties__mw_freebase__lt', 500), ('molecule_type', 'Small%20molecule'), ('limit', 20), ('offset', 440)]
2026-08-14 15:39:50,602 | INFO | From cache: False
2026-08-14 15:39:56,257 | INFO | https://www.ebi.ac.uk/chembl/api/data/molecule.json
2026-08-14 15:39:56,257 | INFO | [('molecule_properties__mw_freebase__gte', 400), ('molecule_properties__mw_freebase__lt', 500), ('molecule_type', 'Small%20molecule'), ('limit', 20), ('offset', 460)]
2026-08-14 15:39:56,257 | INFO | From cache: False
2026-08-14 15:40:00,838 | INFO | https://www.ebi.ac.uk/chembl/api/data/molecule.json
2026-08-14 15:40:00,838 | INFO | [('molecule_properties__mw_freebase__gte', 400), ('molecule_properties__mw_freebase__lt', 500), ('molecule_type', 'Small%20molecule'), ('limit', 20), ('offset', 480)]
2026-08-14 15:40:00,838 | INFO | From cache: False
2026-08-14 15:40:04,953 | INFO | https://www.ebi.ac.uk/chembl/api/data/molecule.json
2026-08-14 15:40:04,954 | INFO | [('molecule_properties__mw_freebase__gte', 400), ('molecule_properties__mw_freebase__lt', 500), ('molecule_type', 'Small%20molecule'), ('limit', 20), ('offset', 500)]
2026-08-14 15:40:04,954 | INFO | From cache: False
2026-08-14 15:40:11,711 | INFO | https://www.ebi.ac.uk/chembl/api/data/molecule.json
2026-08-14 15:40:11,712 | INFO | [('molecule_properties__mw_freebase__gte', 400), ('molecule_properties__mw_freebase__lt', 500), ('molecule_type', 'Small%20molecule'), ('limit', 20), ('offset', 520)]
2026-08-14 15:40:11,712 | INFO | From cache: False
2026-08-14 15:40:17,157 | INFO | https://www.ebi.ac.uk/chembl/api/data/molecule.json
2026-08-14 15:40:17,157 | INFO | [('molecule_properties__mw_freebase__gte', 400), ('molecule_properties__mw_freebase__lt', 500), ('molecule_type', 'Small%20molecule'), ('limit', 20), ('offset', 540)]
2026-08-14 15:40:17,158 | INFO | From cache: False
2026-08-14 15:40:19,575 | INFO | https://www.ebi.ac.uk/chembl/api/data/molecule.json
2026-08-14 15:40:19,576 | INFO | [('molecule_properties__mw_freebase__gte', 400), ('molecule_properties__mw_freebase__lt', 500), ('molecule_type', 'Small%20molecule'), ('limit', 20), ('offset', 560)]
2026-08-14 15:40:19,576 | INFO | From cache: False
2026-08-14 15:40:26,967 | INFO | https://www.ebi.ac.uk/chembl/api/data/molecule.json
2026-08-14 15:40:26,967 | INFO | [('molecule_properties__mw_freebase__gte', 400), ('molecule_properties__mw_freebase__lt', 500), ('molecule_type', 'Small%20molecule'), ('limit', 20), ('offset', 580)]
2026-08-14 15:40:26,967 | INFO | From cache: False
2026-08-14 15:40:31,783 | INFO | https://www.ebi.ac.uk/chembl/api/data/molecule.json
2026-08-14 15:40:31,783 | INFO | [('molecule_properties__mw_freebase__gte', 400), ('molecule_properties__mw_freebase__lt', 500), ('molecule_type', 'Small%20molecule'), ('limit', 20), ('offset', 600)]
2026-08-14 15:40:31,784 | INFO | From cache: False
2026-08-14 15:40:34,303 | INFO | https://www.ebi.ac.uk/chembl/api/data/molecule.json
2026-08-14 15:40:34,303 | INFO | [('molecule_properties__mw_freebase__gte', 400), ('molecule_properties__mw_freebase__lt', 500), ('molecule_type', 'Small%20molecule'), ('limit', 20), ('offset', 620)]
2026-08-14 15:40:34,304 | INFO | From cache: False
2026-08-14 15:40:37,019 | INFO | https://www.ebi.ac.uk/chembl/api/data/molecule.json
2026-08-14 15:40:37,019 | INFO | [('molecule_properties__mw_freebase__gte', 400), ('molecule_properties__mw_freebase__lt', 500), ('molecule_type', 'Small%20molecule'), ('limit', 20), ('offset', 640)]
2026-08-14 15:40:37,019 | INFO | From cache: False
2026-08-14 15:40:44,373 | INFO | https://www.ebi.ac.uk/chembl/api/data/molecule.json
2026-08-14 15:40:44,373 | INFO | [('molecule_properties__mw_freebase__gte', 400), ('molecule_properties__mw_freebase__lt', 500), ('molecule_type', 'Small%20molecule'), ('limit', 20), ('offset', 660)]
2026-08-14 15:40:44,373 | INFO | From cache: False
2026-08-14 15:40:52,983 | INFO | https://www.ebi.ac.uk/chembl/api/data/molecule.json
2026-08-14 15:40:52,983 | INFO | [('molecule_properties__mw_freebase__gte', 400), ('molecule_properties__mw_freebase__lt', 500), ('molecule_type', 'Small%20molecule'), ('limit', 20), ('offset', 680)]
2026-08-14 15:40:52,983 | INFO | From cache: False
2026-08-14 15:41:02,487 | INFO | https://www.ebi.ac.uk/chembl/api/data/molecule.json
2026-08-14 15:41:02,487 | INFO | [('molecule_properties__mw_freebase__gte', 400), ('molecule_properties__mw_freebase__lt', 500), ('molecule_type', 'Small%20molecule'), ('limit', 20), ('offset', 700)]
2026-08-14 15:41:02,487 | INFO | From cache: False
2026-08-14 15:42:06,013 | INFO | https://www.ebi.ac.uk/chembl/api/data/molecule.json
2026-08-14 15:42:06,015 | INFO | [('molecule_properties__mw_freebase__gte', 400), ('molecule_properties__mw_freebase__lt', 500), ('molecule_type', 'Small%20molecule'), ('limit', 20), ('offset', 720)]
2026-08-14 15:42:06,015 | INFO | From cache: False
2026-08-14 15:42:06,015 | WARNING | [ChEMBL-REST] MW 400-500: Error for url https://www.ebi.ac.uk/chembl/api/data/molecule.json, server response: <!doctype html>
<html lang="en" class="vf-no-js">
  <head>
    <script>
// Detect if JS is on and swap vf-no-js for vf-js on the html element
(function(H){H.className=H.className.replace(/\bvf-no-js\b/,'vf-js')})(document.documentElement);
</script>

    <meta charset="utf-8">
    <meta name="viewport" content="width=device-width, initial-scale=1.0">
    <!-- <link rel="stylesheet" media="all" href="/css/styles.css?" /> -->
    <title>Error: 500 | EMBLâs European Bionformatics Institute</title>



    <link rel="icon" type="image/x-icon"
  href="https://ebi.emblstatic.net/web_guidelines/EBI-Framework/v1.4/images/logos/EMBL-EBI/favicons/favicon.ico" />
<link rel="icon" type="image/png"
  href="https://ebi.emblstatic.net/web_guidelines/EBI-Framework/v1.4/images/logos/EMBL-EBI/favicons/favicon-32x32.png" />
<link rel="icon" type="image/png" sizes="192Ã192"
  href="https://ebi.emblstatic.net/web_guidelines/EBI-Framework/v1.4/images/logos/EMBL-EBI/favicons/android-chrome-192x192.png" />
<!-- Android (192px) -->
<link rel="apple-touch-icon-precomposed" sizes="114x114"
  href="https://ebi.emblstatic.net/web_guidelines/EBI-Framework/v1.4/images/logos/EMBL-EBI/favicons/apple-icon-114x114.png" />
<!-- For iPhone 4 Retina display (114px) -->
<link rel="apple-touch-icon-precomposed" sizes="72x72"
  href="https://ebi.emblstatic.net/web_guidelines/EBI-Framework/v1.4/images/logos/EMBL-EBI/favicons/apple-icon-72x72.png" />
<!-- For iPad (72px) -->
<link rel="apple-touch-icon-precomposed" sizes="144x144"
  href="https://ebi.emblstatic.net/web_guidelines/EBI-Framework/v1.4/images/logos/EMBL-EBI/favicons/apple-icon-144x144.png" />
<!-- For iPad retinat (144px) -->
<link rel="apple-touch-icon-precomposed"
  href="https://ebi.emblstatic.net/web_guidelines/EBI-Framework/v1.4/images/logos/EMBL-EBI/favicons/apple-icon-57x57.png" />
<!-- For iPhone (57px) -->
<link rel="mask-icon"
  href="https://ebi.emblstatic.net/web_guidelines/EBI-Framework/v1.4/images/logos/EMBL-EBI/favicons/safari-pinned-tab.svg"
  color="#ffffff" /> <!-- Safari icon for pinned tab -->
<meta name="msapplication-TileColor" content="#2b5797" /> <!-- MS Icons -->
<meta name="msapplication-TileImage"
  content="https://ebi.emblstatic.net/web_guidelines/EBI-Framework/v1.4/images/logos/EMBL-EBI/favicons/mstile-144x144.png" />






    <!-- Search indexing optimisations -->
    <meta class="swiftype" name="what" data-type="string" content="none" />
    <meta class="swiftype" name="where" data-type="string" content="EMBL-EBI" />


    <!-- Descriptive meta -->
    <meta name="title" content="Error: 500">
    <meta name="author" content="European Bioinformatics Institute">
    <meta name="robots" content="index, follow">
    <meta name="keywords" content="">
    <meta name="description" content="">

    <!-- Open Graph / Facebook -->
    <meta property="og:type" content="website">
    <meta property="og:url" content="https://www.ebi.ac.uk/info/error-pages/500-standalone/">
    <meta property="og:title" content="Error: 500">
    <meta property="og:description" content="">


    <!-- Twitter -->
    <meta property="twitter:card" content="summary_large_image">
    <meta property="og:url" content="https://www.ebi.ac.uk/info/error-pages/500-standalone/">
    <meta property="twitter:title" content="Error: 500">
    <meta property="twitter:description" content="">


    <!-- Content descriptors -->
    <meta name="embl:who" content="EMBL-EBI Web Dev">
    <meta name="embl:where" content="EMBL-EBI">
    <meta name="embl:what" content="none">
    <meta name="embl:active" content="where">

    <!-- Content role -->
    <meta name="embl:utility" content="10">
    <meta name="embl:reach" content="0">

    <!-- Page infromation -->
    <meta name="embl:maintainer" content="EMBL-EBI Web Dev">
    <meta name="embl:last-review" content="2021.04.01">
    <meta name="embl:review-cycle" content="365">
    <meta name="embl:expiry" content="never">

    <!-- analytics -->
    <meta name="vf:page-type" content="404;dimension1">

    <!-- CSS only -->
<link rel="stylesheet" href="https://assets.emblstatic.net/vf/v2.5.7/css/styles.css">
<!-- JS -->
<script src="https://assets.emblstatic.net/vf/v2.5.7/scripts/scripts.js"></script>
<head>
  <body class="vf-body vf-stack vf-stack--400">
    <style>head, title, link, meta, style, script {--vf-stack-margin--custom: 0; }</style>

    <!-- See the EBI Header Footer docs: https://stable.visual-framework.dev/components/ebi-header-footer -->

    <link rel="stylesheet" href="https://assets.emblstatic.net/vf/v2.4.5/assets/ebi-header-footer/ebi-header-footer.css" type="text/css" media="all">
    <header id="masthead-black-bar" class="clearfix masthead-black-bar | ebi-header-footer vf-content vf-u-fullbleed"></header>




<style>
  .embl-grid {
    margin-bottom: 48px;
  }
</style>

<section class="vf-intro" id="500">

  <div><!-- empty --></div>

  <div class="vf-stack">

  <h1 class="vf-intro__heading ">Error: 500</h1>
<p class="vf-lede">There was a technical error.</p>


<p class="vf-intro__text">Something has gone wrong with our web server when attempting to make this page.</p><p class="vf-intro__text">Unfortunately, the service you are trying to access is currently unavailable. <br>Please try again later.</p>
  </div>
</section>


<section class="embl-grid embl-grid--has-centered-content">
  <div></div>
 <section>
      <form id="ebi_search" action="/ebisearch/search.ebi" class="vf-form vf-form--search vf-form--search--mini | vf-sidebar vf-sidebar--end">
        <div class="vf-sidebar__inner" style="flex-wrap: nowrap;">
          <div class="vf-form__item">
            <label class="vf-form__label vf-u-sr-only | vf-search__label" for="searchitem">Search</label>
            <input name="query" type="search" placeholder="Find a gene, protein or chemical" id="searchitem" class="vf-form__input" required="" spellcheck="false" data-ms-editor="true">
            <input name="requestFrom" id="requestFrom" type="hidden" class="vf-form__input" value="ebi_index">
          </div>
          <div class="vf-form__item">
            <select name="db" id="db" tabindex="1" class="vf-form__select" style="max-width: 150px">
              <option value="allebi">All</option>
              <optgroup label="Science search">
                <option value="genomes">Genomes &amp; metagenomes</option>
                <option value="nucleotideSequences">Nucleotide sequences</option>
                <option value="proteinSequences">Protein sequences</option>
                <option value="smallMolecules">Small molecules</option>
                <option value="geneExpression">Gene expression</option>
                <option value="geneDiseaseAssociations">Gene-Disease Associations</option>
                <option value="diseases">Diseases</option>
                <option value="molecularInteractions">Molecular interactions</option>
                <option value="reactionsPathways">Reactions &amp; pathways</option>
                <option value="proteinFamilies">Protein families</option>
                <option value="literature">Literature</option>
                <option value="ontologies">Samples &amp; ontologies</option>
              </optgroup>
              <optgroup label="Search web content">
                <option value="ebiweb_people">EMBL-EBI People</option>
                <option value="ebiweb">EMBL-EBI web</option>
                <!-- <option value="ebiweb">EMBL web</option> -->
              </optgroup>
            </select>
          </div>


          <button type="submit" class="vf-search__button | vf-button vf-button--primary">
            <span class="vf-button__text">Search</span>
          </button>
        </div>
      </form>
      <p class="vf-text-body--5 vf-u-margin__bottom--0">
        Example searches: <a class="vf-link" href="/ebisearch/search.ebi?db=allebi&amp;requestFrom=ebi_index&amp;query=blast">blast</a>
        <a class="vf-link" href="/ebisearch/search.ebi?db=allebi&amp;query=keratin&amp;requestFrom=ebi_index">keratin</a>
        <a class="vf-link" href="/ebisearch/search.ebi?db=allebi&amp;query=bfl1&amp;requestFrom=ebi_index">bfl1</a>
        | <a class="vf-link" href="https://www.ebi.ac.uk/ebisearch/overview.ebi/about">About EBI Search</a>
      </p>
    </section>
</section>

<section class="embl-grid">
  <div></div>
  <div class="vf-content">
    <h3>Need assistance?</h3>
    <a class="vf-button vf-button--primary" href="https://www.ebi.ac.uk/support/error">Contact our support team</a>
  </div>
</section>

    <!-- embl global footer -->


<!-- embl-ebi global footer -->
<link rel="import" href="https://www.embl.org/api/v1/pattern.html?filter-content-type=article&filter-id=106902&pattern=node-body&source=contenthub" data-target="self" data-embl-js-content-hub-loader>

    <script src="https://assets.emblstatic.net/vf/v2.4.9/scripts/scripts.js"></script>
<!--
  When using legacy EBI 1.x JS, we disable the old cookie banner.
  https://stable.visual-framework.dev/components/ebi-header-footer/
  -->
<div class="vf-u-display-none" data-protection-message-disable="true"></div>

<!-- IE11 polyfill JS -->
<script nomodule crossorigin="anonymous" src="https://polyfill.io/v3/polyfill.min.js?flags=gated&features=default"></script>
<!-- <script src="/scripts/scripts.js?"></script> -->
<script defer="defer" src="https://ebi.emblstatic.net/web_guidelines/EBI-Framework/v1.4/js/script.js"></script>
<link rel="stylesheet" href="//ebi.emblstatic.net/web_guidelines/EBI-Icon-fonts/v1.3/fonts.css" type="text/css" media="all" />

<!-- Google Analytics -->
<script>
window.ga=window.ga||function(){(ga.q=ga.q||[]).push(arguments)};ga.l=+new Date;
ga('create', 'UA-629242-1', 'auto');
</script>
<script async src='https://www.google-analytics.com/analytics.js'></script>
<!-- End Google Analytics -->

<script type="text/javascript">
  document.addEventListener("DOMContentLoaded", function(event) {

        //- Code to execute when only the HTML document is loaded.
        //- This doesn't wait for stylesheets,
        // images, and subframes to finish loading.
  });
</script>

  </body>
</html>

2026-08-14 15:42:06,027 | INFO | https://www.ebi.ac.uk/chembl/api/data/molecule.json
2026-08-14 15:42:06,027 | INFO | [('molecule_properties__mw_freebase__gte', 500), ('molecule_properties__mw_freebase__lt', 600), ('molecule_type', 'Small%20molecule'), ('limit', 20), ('offset', 0)]
2026-08-14 15:42:06,027 | INFO | From cache: True
2026-08-14 15:42:06,145 | INFO | https://www.ebi.ac.uk/chembl/api/data/molecule.json
2026-08-14 15:42:06,145 | INFO | [('molecule_properties__mw_freebase__gte', 500), ('molecule_properties__mw_freebase__lt', 600), ('molecule_type', 'Small%20molecule'), ('limit', 20), ('offset', 20)]
2026-08-14 15:42:06,145 | INFO | From cache: True
2026-08-14 15:42:06,203 | INFO | https://www.ebi.ac.uk/chembl/api/data/molecule.json
2026-08-14 15:42:06,203 | INFO | [('molecule_properties__mw_freebase__gte', 500), ('molecule_properties__mw_freebase__lt', 600), ('molecule_type', 'Small%20molecule'), ('limit', 20), ('offset', 40)]
2026-08-14 15:42:06,203 | INFO | From cache: True
2026-08-14 15:42:06,292 | INFO | https://www.ebi.ac.uk/chembl/api/data/molecule.json
2026-08-14 15:42:06,292 | INFO | [('molecule_properties__mw_freebase__gte', 500), ('molecule_properties__mw_freebase__lt', 600), ('molecule_type', 'Small%20molecule'), ('limit', 20), ('offset', 60)]
2026-08-14 15:42:06,292 | INFO | From cache: True
2026-08-14 15:42:06,390 | INFO | https://www.ebi.ac.uk/chembl/api/data/molecule.json
2026-08-14 15:42:06,390 | INFO | [('molecule_properties__mw_freebase__gte', 500), ('molecule_properties__mw_freebase__lt', 600), ('molecule_type', 'Small%20molecule'), ('limit', 20), ('offset', 80)]
2026-08-14 15:42:06,390 | INFO | From cache: True
2026-08-14 15:42:06,464 | INFO | https://www.ebi.ac.uk/chembl/api/data/molecule.json
2026-08-14 15:42:06,465 | INFO | [('molecule_properties__mw_freebase__gte', 500), ('molecule_properties__mw_freebase__lt', 600), ('molecule_type', 'Small%20molecule'), ('limit', 20), ('offset', 100)]
2026-08-14 15:42:06,465 | INFO | From cache: True
2026-08-14 15:42:07,966 | INFO | https://www.ebi.ac.uk/chembl/api/data/molecule.json
2026-08-14 15:42:07,967 | INFO | [('molecule_properties__mw_freebase__gte', 500), ('molecule_properties__mw_freebase__lt', 600), ('molecule_type', 'Small%20molecule'), ('limit', 20), ('offset', 120)]
2026-08-14 15:42:07,967 | INFO | From cache: False
2026-08-14 15:42:09,836 | INFO | https://www.ebi.ac.uk/chembl/api/data/molecule.json
2026-08-14 15:42:09,836 | INFO | [('molecule_properties__mw_freebase__gte', 500), ('molecule_properties__mw_freebase__lt', 600), ('molecule_type', 'Small%20molecule'), ('limit', 20), ('offset', 140)]
2026-08-14 15:42:09,836 | INFO | From cache: False
2026-08-14 15:42:31,956 | INFO | https://www.ebi.ac.uk/chembl/api/data/molecule.json
2026-08-14 15:42:31,957 | INFO | [('molecule_properties__mw_freebase__gte', 500), ('molecule_properties__mw_freebase__lt', 600), ('molecule_type', 'Small%20molecule'), ('limit', 20), ('offset', 160)]
2026-08-14 15:42:31,957 | INFO | From cache: False
2026-08-14 15:42:36,943 | INFO | https://www.ebi.ac.uk/chembl/api/data/molecule.json
2026-08-14 15:42:36,944 | INFO | [('molecule_properties__mw_freebase__gte', 500), ('molecule_properties__mw_freebase__lt', 600), ('molecule_type', 'Small%20molecule'), ('limit', 20), ('offset', 180)]
2026-08-14 15:42:36,944 | INFO | From cache: False
2026-08-14 15:42:36,944 | WARNING | [ChEMBL-REST] MW 500-600: Error for url https://www.ebi.ac.uk/chembl/api/data/molecule.json, server response: <!doctype html>
<html lang="en" class="vf-no-js">
  <head>
    <script>
// Detect if JS is on and swap vf-no-js for vf-js on the html element
(function(H){H.className=H.className.replace(/\bvf-no-js\b/,'vf-js')})(document.documentElement);
</script>

    <meta charset="utf-8">
    <meta name="viewport" content="width=device-width, initial-scale=1.0">
    <!-- <link rel="stylesheet" media="all" href="/css/styles.css?" /> -->
    <title>Error: 500 | EMBLâs European Bionformatics Institute</title>



    <link rel="icon" type="image/x-icon"
  href="https://ebi.emblstatic.net/web_guidelines/EBI-Framework/v1.4/images/logos/EMBL-EBI/favicons/favicon.ico" />
<link rel="icon" type="image/png"
  href="https://ebi.emblstatic.net/web_guidelines/EBI-Framework/v1.4/images/logos/EMBL-EBI/favicons/favicon-32x32.png" />
<link rel="icon" type="image/png" sizes="192Ã192"
  href="https://ebi.emblstatic.net/web_guidelines/EBI-Framework/v1.4/images/logos/EMBL-EBI/favicons/android-chrome-192x192.png" />
<!-- Android (192px) -->
<link rel="apple-touch-icon-precomposed" sizes="114x114"
  href="https://ebi.emblstatic.net/web_guidelines/EBI-Framework/v1.4/images/logos/EMBL-EBI/favicons/apple-icon-114x114.png" />
<!-- For iPhone 4 Retina display (114px) -->
<link rel="apple-touch-icon-precomposed" sizes="72x72"
  href="https://ebi.emblstatic.net/web_guidelines/EBI-Framework/v1.4/images/logos/EMBL-EBI/favicons/apple-icon-72x72.png" />
<!-- For iPad (72px) -->
<link rel="apple-touch-icon-precomposed" sizes="144x144"
  href="https://ebi.emblstatic.net/web_guidelines/EBI-Framework/v1.4/images/logos/EMBL-EBI/favicons/apple-icon-144x144.png" />
<!-- For iPad retinat (144px) -->
<link rel="apple-touch-icon-precomposed"
  href="https://ebi.emblstatic.net/web_guidelines/EBI-Framework/v1.4/images/logos/EMBL-EBI/favicons/apple-icon-57x57.png" />
<!-- For iPhone (57px) -->
<link rel="mask-icon"
  href="https://ebi.emblstatic.net/web_guidelines/EBI-Framework/v1.4/images/logos/EMBL-EBI/favicons/safari-pinned-tab.svg"
  color="#ffffff" /> <!-- Safari icon for pinned tab -->
<meta name="msapplication-TileColor" content="#2b5797" /> <!-- MS Icons -->
<meta name="msapplication-TileImage"
  content="https://ebi.emblstatic.net/web_guidelines/EBI-Framework/v1.4/images/logos/EMBL-EBI/favicons/mstile-144x144.png" />






    <!-- Search indexing optimisations -->
    <meta class="swiftype" name="what" data-type="string" content="none" />
    <meta class="swiftype" name="where" data-type="string" content="EMBL-EBI" />


    <!-- Descriptive meta -->
    <meta name="title" content="Error: 500">
    <meta name="author" content="European Bioinformatics Institute">
    <meta name="robots" content="index, follow">
    <meta name="keywords" content="">
    <meta name="description" content="">

    <!-- Open Graph / Facebook -->
    <meta property="og:type" content="website">
    <meta property="og:url" content="https://www.ebi.ac.uk/info/error-pages/500-standalone/">
    <meta property="og:title" content="Error: 500">
    <meta property="og:description" content="">


    <!-- Twitter -->
    <meta property="twitter:card" content="summary_large_image">
    <meta property="og:url" content="https://www.ebi.ac.uk/info/error-pages/500-standalone/">
    <meta property="twitter:title" content="Error: 500">
    <meta property="twitter:description" content="">


    <!-- Content descriptors -->
    <meta name="embl:who" content="EMBL-EBI Web Dev">
    <meta name="embl:where" content="EMBL-EBI">
    <meta name="embl:what" content="none">
    <meta name="embl:active" content="where">

    <!-- Content role -->
    <meta name="embl:utility" content="10">
    <meta name="embl:reach" content="0">

    <!-- Page infromation -->
    <meta name="embl:maintainer" content="EMBL-EBI Web Dev">
    <meta name="embl:last-review" content="2021.04.01">
    <meta name="embl:review-cycle" content="365">
    <meta name="embl:expiry" content="never">

    <!-- analytics -->
    <meta name="vf:page-type" content="404;dimension1">

    <!-- CSS only -->
<link rel="stylesheet" href="https://assets.emblstatic.net/vf/v2.5.7/css/styles.css">
<!-- JS -->
<script src="https://assets.emblstatic.net/vf/v2.5.7/scripts/scripts.js"></script>
<head>
  <body class="vf-body vf-stack vf-stack--400">
    <style>head, title, link, meta, style, script {--vf-stack-margin--custom: 0; }</style>

    <!-- See the EBI Header Footer docs: https://stable.visual-framework.dev/components/ebi-header-footer -->

    <link rel="stylesheet" href="https://assets.emblstatic.net/vf/v2.4.5/assets/ebi-header-footer/ebi-header-footer.css" type="text/css" media="all">
    <header id="masthead-black-bar" class="clearfix masthead-black-bar | ebi-header-footer vf-content vf-u-fullbleed"></header>




<style>
  .embl-grid {
    margin-bottom: 48px;
  }
</style>

<section class="vf-intro" id="500">

  <div><!-- empty --></div>

  <div class="vf-stack">

  <h1 class="vf-intro__heading ">Error: 500</h1>
<p class="vf-lede">There was a technical error.</p>


<p class="vf-intro__text">Something has gone wrong with our web server when attempting to make this page.</p><p class="vf-intro__text">Unfortunately, the service you are trying to access is currently unavailable. <br>Please try again later.</p>
  </div>
</section>


<section class="embl-grid embl-grid--has-centered-content">
  <div></div>
 <section>
      <form id="ebi_search" action="/ebisearch/search.ebi" class="vf-form vf-form--search vf-form--search--mini | vf-sidebar vf-sidebar--end">
        <div class="vf-sidebar__inner" style="flex-wrap: nowrap;">
          <div class="vf-form__item">
            <label class="vf-form__label vf-u-sr-only | vf-search__label" for="searchitem">Search</label>
            <input name="query" type="search" placeholder="Find a gene, protein or chemical" id="searchitem" class="vf-form__input" required="" spellcheck="false" data-ms-editor="true">
            <input name="requestFrom" id="requestFrom" type="hidden" class="vf-form__input" value="ebi_index">
          </div>
          <div class="vf-form__item">
            <select name="db" id="db" tabindex="1" class="vf-form__select" style="max-width: 150px">
              <option value="allebi">All</option>
              <optgroup label="Science search">
                <option value="genomes">Genomes &amp; metagenomes</option>
                <option value="nucleotideSequences">Nucleotide sequences</option>
                <option value="proteinSequences">Protein sequences</option>
                <option value="smallMolecules">Small molecules</option>
                <option value="geneExpression">Gene expression</option>
                <option value="geneDiseaseAssociations">Gene-Disease Associations</option>
                <option value="diseases">Diseases</option>
                <option value="molecularInteractions">Molecular interactions</option>
                <option value="reactionsPathways">Reactions &amp; pathways</option>
                <option value="proteinFamilies">Protein families</option>
                <option value="literature">Literature</option>
                <option value="ontologies">Samples &amp; ontologies</option>
              </optgroup>
              <optgroup label="Search web content">
                <option value="ebiweb_people">EMBL-EBI People</option>
                <option value="ebiweb">EMBL-EBI web</option>
                <!-- <option value="ebiweb">EMBL web</option> -->
              </optgroup>
            </select>
          </div>


          <button type="submit" class="vf-search__button | vf-button vf-button--primary">
            <span class="vf-button__text">Search</span>
          </button>
        </div>
      </form>
      <p class="vf-text-body--5 vf-u-margin__bottom--0">
        Example searches: <a class="vf-link" href="/ebisearch/search.ebi?db=allebi&amp;requestFrom=ebi_index&amp;query=blast">blast</a>
        <a class="vf-link" href="/ebisearch/search.ebi?db=allebi&amp;query=keratin&amp;requestFrom=ebi_index">keratin</a>
        <a class="vf-link" href="/ebisearch/search.ebi?db=allebi&amp;query=bfl1&amp;requestFrom=ebi_index">bfl1</a>
        | <a class="vf-link" href="https://www.ebi.ac.uk/ebisearch/overview.ebi/about">About EBI Search</a>
      </p>
    </section>
</section>

<section class="embl-grid">
  <div></div>
  <div class="vf-content">
    <h3>Need assistance?</h3>
    <a class="vf-button vf-button--primary" href="https://www.ebi.ac.uk/support/error">Contact our support team</a>
  </div>
</section>

    <!-- embl global footer -->


<!-- embl-ebi global footer -->
<link rel="import" href="https://www.embl.org/api/v1/pattern.html?filter-content-type=article&filter-id=106902&pattern=node-body&source=contenthub" data-target="self" data-embl-js-content-hub-loader>

    <script src="https://assets.emblstatic.net/vf/v2.4.9/scripts/scripts.js"></script>
<!--
  When using legacy EBI 1.x JS, we disable the old cookie banner.
  https://stable.visual-framework.dev/components/ebi-header-footer/
  -->
<div class="vf-u-display-none" data-protection-message-disable="true"></div>

<!-- IE11 polyfill JS -->
<script nomodule crossorigin="anonymous" src="https://polyfill.io/v3/polyfill.min.js?flags=gated&features=default"></script>
<!-- <script src="/scripts/scripts.js?"></script> -->
<script defer="defer" src="https://ebi.emblstatic.net/web_guidelines/EBI-Framework/v1.4/js/script.js"></script>
<link rel="stylesheet" href="//ebi.emblstatic.net/web_guidelines/EBI-Icon-fonts/v1.3/fonts.css" type="text/css" media="all" />

<!-- Google Analytics -->
<script>
window.ga=window.ga||function(){(ga.q=ga.q||[]).push(arguments)};ga.l=+new Date;
ga('create', 'UA-629242-1', 'auto');
</script>
<script async src='https://www.google-analytics.com/analytics.js'></script>
<!-- End Google Analytics -->

<script type="text/javascript">
  document.addEventListener("DOMContentLoaded", function(event) {

        //- Code to execute when only the HTML document is loaded.
        //- This doesn't wait for stylesheets,
        // images, and subframes to finish loading.
  });
</script>

  </body>
</html>

2026-08-14 15:42:36,955 | INFO | https://www.ebi.ac.uk/chembl/api/data/molecule.json
2026-08-14 15:42:36,956 | INFO | [('molecule_properties__mw_freebase__gte', 600), ('molecule_properties__mw_freebase__lt', 700), ('molecule_type', 'Small%20molecule'), ('limit', 20), ('offset', 0)]
2026-08-14 15:42:36,956 | INFO | From cache: True
2026-08-14 15:42:37,065 | INFO | https://www.ebi.ac.uk/chembl/api/data/molecule.json
2026-08-14 15:42:37,065 | INFO | [('molecule_properties__mw_freebase__gte', 600), ('molecule_properties__mw_freebase__lt', 700), ('molecule_type', 'Small%20molecule'), ('limit', 20), ('offset', 20)]
2026-08-14 15:42:37,065 | INFO | From cache: True
2026-08-14 15:42:37,153 | INFO | https://www.ebi.ac.uk/chembl/api/data/molecule.json
2026-08-14 15:42:37,153 | INFO | [('molecule_properties__mw_freebase__gte', 600), ('molecule_properties__mw_freebase__lt', 700), ('molecule_type', 'Small%20molecule'), ('limit', 20), ('offset', 40)]
2026-08-14 15:42:37,153 | INFO | From cache: True
2026-08-14 15:42:37,181 | INFO | https://www.ebi.ac.uk/chembl/api/data/molecule.json
2026-08-14 15:42:37,181 | INFO | [('molecule_properties__mw_freebase__gte', 600), ('molecule_properties__mw_freebase__lt', 700), ('molecule_type', 'Small%20molecule'), ('limit', 20), ('offset', 60)]
2026-08-14 15:42:37,181 | INFO | From cache: True
2026-08-14 15:42:37,244 | INFO | https://www.ebi.ac.uk/chembl/api/data/molecule.json
2026-08-14 15:42:37,244 | INFO | [('molecule_properties__mw_freebase__gte', 600), ('molecule_properties__mw_freebase__lt', 700), ('molecule_type', 'Small%20molecule'), ('limit', 20), ('offset', 80)]
2026-08-14 15:42:37,244 | INFO | From cache: True
2026-08-14 15:42:37,268 | INFO | https://www.ebi.ac.uk/chembl/api/data/molecule.json
2026-08-14 15:42:37,268 | INFO | [('molecule_properties__mw_freebase__gte', 600), ('molecule_properties__mw_freebase__lt', 700), ('molecule_type', 'Small%20molecule'), ('limit', 20), ('offset', 100)]
2026-08-14 15:42:37,268 | INFO | From cache: True
2026-08-14 15:42:37,289 | INFO | https://www.ebi.ac.uk/chembl/api/data/molecule.json
2026-08-14 15:42:37,290 | INFO | [('molecule_properties__mw_freebase__gte', 600), ('molecule_properties__mw_freebase__lt', 700), ('molecule_type', 'Small%20molecule'), ('limit', 20), ('offset', 120)]
2026-08-14 15:42:37,290 | INFO | From cache: True
2026-08-14 15:42:37,351 | INFO | https://www.ebi.ac.uk/chembl/api/data/molecule.json
2026-08-14 15:42:37,351 | INFO | [('molecule_properties__mw_freebase__gte', 600), ('molecule_properties__mw_freebase__lt', 700), ('molecule_type', 'Small%20molecule'), ('limit', 20), ('offset', 140)]
2026-08-14 15:42:37,351 | INFO | From cache: True
2026-08-14 15:42:37,446 | INFO | https://www.ebi.ac.uk/chembl/api/data/molecule.json
2026-08-14 15:42:37,446 | INFO | [('molecule_properties__mw_freebase__gte', 600), ('molecule_properties__mw_freebase__lt', 700), ('molecule_type', 'Small%20molecule'), ('limit', 20), ('offset', 160)]
2026-08-14 15:42:37,446 | INFO | From cache: True
2026-08-14 15:42:41,398 | INFO | https://www.ebi.ac.uk/chembl/api/data/molecule.json
2026-08-14 15:42:41,398 | INFO | [('molecule_properties__mw_freebase__gte', 600), ('molecule_properties__mw_freebase__lt', 700), ('molecule_type', 'Small%20molecule'), ('limit', 20), ('offset', 180)]
2026-08-14 15:42:41,398 | INFO | From cache: False
2026-08-14 15:43:47,074 | INFO | https://www.ebi.ac.uk/chembl/api/data/molecule.json
2026-08-14 15:43:47,075 | INFO | [('molecule_properties__mw_freebase__gte', 600), ('molecule_properties__mw_freebase__lt', 700), ('molecule_type', 'Small%20molecule'), ('limit', 20), ('offset', 200)]
2026-08-14 15:43:47,075 | INFO | From cache: False
2026-08-14 15:43:47,076 | WARNING | [ChEMBL-REST] MW 600-700: Error for url https://www.ebi.ac.uk/chembl/api/data/molecule.json, server response: <!doctype html>
<html lang="en" class="vf-no-js">
  <head>
    <script>
// Detect if JS is on and swap vf-no-js for vf-js on the html element
(function(H){H.className=H.className.replace(/\bvf-no-js\b/,'vf-js')})(document.documentElement);
</script>

    <meta charset="utf-8">
    <meta name="viewport" content="width=device-width, initial-scale=1.0">
    <!-- <link rel="stylesheet" media="all" href="/css/styles.css?" /> -->
    <title>Error: 500 | EMBLâs European Bionformatics Institute</title>



    <link rel="icon" type="image/x-icon"
  href="https://ebi.emblstatic.net/web_guidelines/EBI-Framework/v1.4/images/logos/EMBL-EBI/favicons/favicon.ico" />
<link rel="icon" type="image/png"
  href="https://ebi.emblstatic.net/web_guidelines/EBI-Framework/v1.4/images/logos/EMBL-EBI/favicons/favicon-32x32.png" />
<link rel="icon" type="image/png" sizes="192Ã192"
  href="https://ebi.emblstatic.net/web_guidelines/EBI-Framework/v1.4/images/logos/EMBL-EBI/favicons/android-chrome-192x192.png" />
<!-- Android (192px) -->
<link rel="apple-touch-icon-precomposed" sizes="114x114"
  href="https://ebi.emblstatic.net/web_guidelines/EBI-Framework/v1.4/images/logos/EMBL-EBI/favicons/apple-icon-114x114.png" />
<!-- For iPhone 4 Retina display (114px) -->
<link rel="apple-touch-icon-precomposed" sizes="72x72"
  href="https://ebi.emblstatic.net/web_guidelines/EBI-Framework/v1.4/images/logos/EMBL-EBI/favicons/apple-icon-72x72.png" />
<!-- For iPad (72px) -->
<link rel="apple-touch-icon-precomposed" sizes="144x144"
  href="https://ebi.emblstatic.net/web_guidelines/EBI-Framework/v1.4/images/logos/EMBL-EBI/favicons/apple-icon-144x144.png" />
<!-- For iPad retinat (144px) -->
<link rel="apple-touch-icon-precomposed"
  href="https://ebi.emblstatic.net/web_guidelines/EBI-Framework/v1.4/images/logos/EMBL-EBI/favicons/apple-icon-57x57.png" />
<!-- For iPhone (57px) -->
<link rel="mask-icon"
  href="https://ebi.emblstatic.net/web_guidelines/EBI-Framework/v1.4/images/logos/EMBL-EBI/favicons/safari-pinned-tab.svg"
  color="#ffffff" /> <!-- Safari icon for pinned tab -->
<meta name="msapplication-TileColor" content="#2b5797" /> <!-- MS Icons -->
<meta name="msapplication-TileImage"
  content="https://ebi.emblstatic.net/web_guidelines/EBI-Framework/v1.4/images/logos/EMBL-EBI/favicons/mstile-144x144.png" />






    <!-- Search indexing optimisations -->
    <meta class="swiftype" name="what" data-type="string" content="none" />
    <meta class="swiftype" name="where" data-type="string" content="EMBL-EBI" />


    <!-- Descriptive meta -->
    <meta name="title" content="Error: 500">
    <meta name="author" content="European Bioinformatics Institute">
    <meta name="robots" content="index, follow">
    <meta name="keywords" content="">
    <meta name="description" content="">

    <!-- Open Graph / Facebook -->
    <meta property="og:type" content="website">
    <meta property="og:url" content="https://www.ebi.ac.uk/info/error-pages/500-standalone/">
    <meta property="og:title" content="Error: 500">
    <meta property="og:description" content="">


    <!-- Twitter -->
    <meta property="twitter:card" content="summary_large_image">
    <meta property="og:url" content="https://www.ebi.ac.uk/info/error-pages/500-standalone/">
    <meta property="twitter:title" content="Error: 500">
    <meta property="twitter:description" content="">


    <!-- Content descriptors -->
    <meta name="embl:who" content="EMBL-EBI Web Dev">
    <meta name="embl:where" content="EMBL-EBI">
    <meta name="embl:what" content="none">
    <meta name="embl:active" content="where">

    <!-- Content role -->
    <meta name="embl:utility" content="10">
    <meta name="embl:reach" content="0">

    <!-- Page infromation -->
    <meta name="embl:maintainer" content="EMBL-EBI Web Dev">
    <meta name="embl:last-review" content="2021.04.01">
    <meta name="embl:review-cycle" content="365">
    <meta name="embl:expiry" content="never">

    <!-- analytics -->
    <meta name="vf:page-type" content="404;dimension1">

    <!-- CSS only -->
<link rel="stylesheet" href="https://assets.emblstatic.net/vf/v2.5.7/css/styles.css">
<!-- JS -->
<script src="https://assets.emblstatic.net/vf/v2.5.7/scripts/scripts.js"></script>
<head>
  <body class="vf-body vf-stack vf-stack--400">
    <style>head, title, link, meta, style, script {--vf-stack-margin--custom: 0; }</style>

    <!-- See the EBI Header Footer docs: https://stable.visual-framework.dev/components/ebi-header-footer -->

    <link rel="stylesheet" href="https://assets.emblstatic.net/vf/v2.4.5/assets/ebi-header-footer/ebi-header-footer.css" type="text/css" media="all">
    <header id="masthead-black-bar" class="clearfix masthead-black-bar | ebi-header-footer vf-content vf-u-fullbleed"></header>




<style>
  .embl-grid {
    margin-bottom: 48px;
  }
</style>

<section class="vf-intro" id="500">

  <div><!-- empty --></div>

  <div class="vf-stack">

  <h1 class="vf-intro__heading ">Error: 500</h1>
<p class="vf-lede">There was a technical error.</p>


<p class="vf-intro__text">Something has gone wrong with our web server when attempting to make this page.</p><p class="vf-intro__text">Unfortunately, the service you are trying to access is currently unavailable. <br>Please try again later.</p>
  </div>
</section>


<section class="embl-grid embl-grid--has-centered-content">
  <div></div>
 <section>
      <form id="ebi_search" action="/ebisearch/search.ebi" class="vf-form vf-form--search vf-form--search--mini | vf-sidebar vf-sidebar--end">
        <div class="vf-sidebar__inner" style="flex-wrap: nowrap;">
          <div class="vf-form__item">
            <label class="vf-form__label vf-u-sr-only | vf-search__label" for="searchitem">Search</label>
            <input name="query" type="search" placeholder="Find a gene, protein or chemical" id="searchitem" class="vf-form__input" required="" spellcheck="false" data-ms-editor="true">
            <input name="requestFrom" id="requestFrom" type="hidden" class="vf-form__input" value="ebi_index">
          </div>
          <div class="vf-form__item">
            <select name="db" id="db" tabindex="1" class="vf-form__select" style="max-width: 150px">
              <option value="allebi">All</option>
              <optgroup label="Science search">
                <option value="genomes">Genomes &amp; metagenomes</option>
                <option value="nucleotideSequences">Nucleotide sequences</option>
                <option value="proteinSequences">Protein sequences</option>
                <option value="smallMolecules">Small molecules</option>
                <option value="geneExpression">Gene expression</option>
                <option value="geneDiseaseAssociations">Gene-Disease Associations</option>
                <option value="diseases">Diseases</option>
                <option value="molecularInteractions">Molecular interactions</option>
                <option value="reactionsPathways">Reactions &amp; pathways</option>
                <option value="proteinFamilies">Protein families</option>
                <option value="literature">Literature</option>
                <option value="ontologies">Samples &amp; ontologies</option>
              </optgroup>
              <optgroup label="Search web content">
                <option value="ebiweb_people">EMBL-EBI People</option>
                <option value="ebiweb">EMBL-EBI web</option>
                <!-- <option value="ebiweb">EMBL web</option> -->
              </optgroup>
            </select>
          </div>


          <button type="submit" class="vf-search__button | vf-button vf-button--primary">
            <span class="vf-button__text">Search</span>
          </button>
        </div>
      </form>
      <p class="vf-text-body--5 vf-u-margin__bottom--0">
        Example searches: <a class="vf-link" href="/ebisearch/search.ebi?db=allebi&amp;requestFrom=ebi_index&amp;query=blast">blast</a>
        <a class="vf-link" href="/ebisearch/search.ebi?db=allebi&amp;query=keratin&amp;requestFrom=ebi_index">keratin</a>
        <a class="vf-link" href="/ebisearch/search.ebi?db=allebi&amp;query=bfl1&amp;requestFrom=ebi_index">bfl1</a>
        | <a class="vf-link" href="https://www.ebi.ac.uk/ebisearch/overview.ebi/about">About EBI Search</a>
      </p>
    </section>
</section>

<section class="embl-grid">
  <div></div>
  <div class="vf-content">
    <h3>Need assistance?</h3>
    <a class="vf-button vf-button--primary" href="https://www.ebi.ac.uk/support/error">Contact our support team</a>
  </div>
</section>

    <!-- embl global footer -->


<!-- embl-ebi global footer -->
<link rel="import" href="https://www.embl.org/api/v1/pattern.html?filter-content-type=article&filter-id=106902&pattern=node-body&source=contenthub" data-target="self" data-embl-js-content-hub-loader>

    <script src="https://assets.emblstatic.net/vf/v2.4.9/scripts/scripts.js"></script>
<!--
  When using legacy EBI 1.x JS, we disable the old cookie banner.
  https://stable.visual-framework.dev/components/ebi-header-footer/
  -->
<div class="vf-u-display-none" data-protection-message-disable="true"></div>

<!-- IE11 polyfill JS -->
<script nomodule crossorigin="anonymous" src="https://polyfill.io/v3/polyfill.min.js?flags=gated&features=default"></script>
<!-- <script src="/scripts/scripts.js?"></script> -->
<script defer="defer" src="https://ebi.emblstatic.net/web_guidelines/EBI-Framework/v1.4/js/script.js"></script>
<link rel="stylesheet" href="//ebi.emblstatic.net/web_guidelines/EBI-Icon-fonts/v1.3/fonts.css" type="text/css" media="all" />

<!-- Google Analytics -->
<script>
window.ga=window.ga||function(){(ga.q=ga.q||[]).push(arguments)};ga.l=+new Date;
ga('create', 'UA-629242-1', 'auto');
</script>
<script async src='https://www.google-analytics.com/analytics.js'></script>
<!-- End Google Analytics -->

<script type="text/javascript">
  document.addEventListener("DOMContentLoaded", function(event) {

        //- Code to execute when only the HTML document is loaded.
        //- This doesn't wait for stylesheets,
        // images, and subframes to finish loading.
  });
</script>

  </body>
</html>

2026-08-14 15:43:47,078 | INFO | [ChEMBL-REST] Got 6448 unique-scaffold molecules
2026-08-14 15:43:47,083 | INFO | [PubChem] Fetching up to 10000 molecules...
2026-08-14 15:49:17,501 | INFO | [PubChem] Got 10005 molecules (http_errors=1, empty_responses=0)
2026-08-14 15:49:20,145 | INFO | Wrote 16220 unique molecules to public_molecules.smi
2026-08-14 15:49:20,145 | INFO | Fetcher stats: {'added': 16453}
2026-08-14 15:49:20,145 | INFO | Next:  python mine_mmp_rules.py --smiles-file public_molecules.smi --min-support 8 --out mined_transformations_big
