id,smiles,label,category,subcategory,parent_smiles,edited_atoms,scaffold,split,mw,logp,qed,heavy_atoms,smiles_length
subcategory_bioisostere.add-F_1304,Oc1cc(OC[C@]23CNC[C@H]2c2c(F)cccc23)ccc1OC(F)F,1,bioisostere,add-F,Fc1cccc2c1[C@@H]1CNC[C@]21COc1ccc2c(c1)OCO2,0 1 2 3 4 5 6 7 8 9 10 11 12 13 14 15 16 17 18 19 21 22 23,c1ccc2c(c1)[C@@H]1CNC[C@]21COc1ccc2c(c1)OCO2,train,351.324,3.1499000000000015,0.8689763270781725,25,46
subcategory_bioisostere.add-F_595,CNn1cc(C(=O)O)c(=O)c2cc(F)c(N3CCCCC3)cc21,0,authentic,authentic,,,O=c1cc[nH]c2cc(N3CCCCC3)ccc12,val,319.33600000000007,2.0024,0.9049917437463522,23,41
subcategory_bioisostere.add-F_582,COc1ccc(-c2ccccc2O[C@H]2CC(C(=O)[C@@H](NC(=O)[C@@H](NC(C)=O)C3CCCCC3)C(C)C)[C@H](C(=O)CC3(C(=O)O)CC3)C2)cc1,0,authentic,authentic,,,O=C(CC1CCCCC1)NCC(=O)C1C[C@H](Oc2ccccc2-c2ccccc2)C[C@H]1C(=O)CC1CC1,val,674.8350000000002,5.754700000000004,0.21627459810389146,49,107
subcategory_bioisostere.add-F_72,CCCc1nn(C)c2c(=O)[nH]c(-c3cc(C(=O)CN4CCN(CC)C(=O)C4=O)ccc3OCC)nc12,0,authentic,authentic,,,O=C1NCCN(CC(=O)c2cccc(-c3nc4cn[nH]c4c(=O)[nH]3)c2)C1=O,train,494.55200000000036,1.5481999999999987,0.3527271512567662,36,66
subcategory_bioisostere.add-F_200,[2H][13C]([2H])([2H])Oc1ccc(-n2nc(C(N)=O)c3c2C(=O)N(c2ccc(N4CCCCC4=O)cc2)CC3)cc1,0,authentic,authentic,,,O=C1CCCCN1c1ccc(N2CCc3cnn(-c4ccccc4)c3C2=O)cc1,train,463.5166601740003,2.699600000000001,0.5851467271209997,34,80
subcategory_bioisostere.add-F_852,CCCc1nn(C)c2c(=O)[nH]c(-c3ccccc3OCC(F)(F)F)nc12,1,bioisostere,add-F,CCCc1nn(C)c2c(=O)[nH]c(-c3ccccc3OCC3CC3)nc12,0 1 2 3 4 5 6 7 8 9 10 11 12 13 14 15 16 18 19 20 21 22 23 24 25,O=c1[nH]c(-c2ccccc2OCC2CC2)nc2cn[nH]c12,val,366.3430000000001,3.217200000000001,0.752560699936376,26,47
subcategory_bioisostere.add-F_1397,Cc1oc2ccc(OC(F)F)cc2c1-c1ccccc1,1,bioisostere,add-F,CCN(CC)CCOc1ccc2oc(C)c(-c3ccccc3)c2c1.Cl,6 7 8 9 10,c1ccc(-c2coc3ccccc23)cc1,train,274.26599999999996,5.009620000000003,0.6694991232834168,20,31
subcategory_bioisostere.add-F_201,CCN(CC)CC.NC(=O)c1ncn([C@@H]2O[C@H](COP(=O)(O)O)[C@@H](O)[C@H]2O)n1,0,authentic,authentic,,,c1ncn([C@H]2CCCO2)n1,train,425.3790000000001,-1.5463999999999969,0.3027650201774534,28,67
subcategory_bioisostere.add-F_1010,Cc1nc(-c2ccc(OC(F)(F)F)c(-c3cncs3)c2)sc1C(=O)O,1,bioisostere,add-F,Cc1nc(-c2ccc(OC3CCCC3)c(-c3cncs3)c2)sc1C(=O)O,2 3 4 5,c1csc(-c2ccc(OC3CCCC3)c(-c3cncs3)c2)n1,train,386.37600000000003,4.838820000000002,0.69472160464831,25,46
subcategory_bioisostere.add-F_1303,CCCn1nc(CC)c2c(=O)[nH]c(-c3cc(S(=O)(=O)N4CCN(C)CC4)ccc3OC(F)F)nc21,1,bioisostere,add-F,CCCn1nc(CC)c2c(=O)[nH]c(-c3cc(S(=O)(=O)N4CCN(C)CC4)ccc3OCC)nc21,0 1 2 3 4 5 6 7 8 9 10 11 12 13 14 15 16 17 18 19 20 21 22 23 24 25 26 27 29 30 31 32 33 34,O=c1[nH]c(-c2cccc(S(=O)(=O)N3CCNCC3)c2)nc2[nH]ncc12,train,510.5670000000003,2.2965,0.49472858184893775,35,66
subcategory_bioisostere.add-F_44,Fc1ccc([C@@H]2CCN(COCc3ccccc3)C[C@H]2COc2ccc3c(c2)OCO3)cc1,0,authentic,authentic,,,c1ccc(COCN2CC[C@@H](c3ccccc3)[C@H](COc3ccc4c(c3)OCO4)C2)cc1,train,449.5220000000003,5.213200000000005,0.4720237708753663,33,58
subcategory_bioisostere.add-F_188,CCOC(=O)[C@H](CCc1ccccc1)N(C(=O)C(F)(F)F)[C@@H](CCCCN)C(=O)O.C[C@@H]1CCCN1C(=O)O,0,authentic,authentic,,,C1CCNC1.c1ccccc1,train,561.5980000000004,3.6727000000000025,0.25840363819370693,39,80
subcategory_bioisostere.add-F_729,Cc1c(C)c2ccc(OS(N)(=O)=O)c(C)c2oc1=O,0,authentic,authentic,,,O=c1ccc2ccccc2o1,val,283.30499999999995,1.30056,0.8372729790587743,19,36
subcategory_bioisostere.add-F_462,CC(C)(CCCOc1ccc(C(=O)c2ccccc2)cc1)C(=O)O,0,authentic,authentic,,,O=C(c1ccccc1)c1ccccc1,train,326.39200000000005,4.187400000000003,0.5834744828453614,24,40
subcategory_bioisostere.add-F_874,CCN(CC)CCOc1ccc(-c2c(-c3ccccc3)oc3cc(OCC(F)(F)F)ccc23)cc1,1,bioisostere,add-F,CCN(CC)CCOc1ccc(-c2c(-c3ccccc3)oc3cc(OC)ccc23)cc1.Cl,23 24 25 26 27 28 29,c1ccc(-c2oc3ccccc3c2-c2ccccc2)cc1,train,483.5300000000002,7.428500000000007,0.23497510228649235,35,57
subcategory_bioisostere.add-F_561,COc1cccc(OC)c1-c1ccc(C[C@H](/N=C(\NCC(F)(F)F)[C@@H]2CCN2S(=O)(=O)c2ccccc2)C(=O)O)cc1,0,authentic,authentic,,,O=S(=O)(c1ccccc1)N1CC[C@H]1C=NCCc1ccc(-c2ccccc2)cc1,train,605.6350000000003,4.380100000000003,0.2461661108560257,42,84
subcategory_bioisostere.add-F_1354,CCCc1nn(C)c2c(=O)[nH]c(-c3cc(S(=O)(=O)N(C)CCN4CCCCC4)ccc3OCC(F)(F)F)cc12,1,bioisostere,add-F,CCCOc1ccc(S(=O)(=O)N(C)CCN2CCCCC2)cc1-c1cc2c(CCC)nn(C)c2c(=O)[nH]1,0 1 2 3 4 5 6 7 8 9 10 11 12 13 14 15 16 17 18 19 20 21 22 23 24 25 26 27 28 29 31 32 33 34 35 36 37 38,O=c1[nH]c(-c2cccc(S(=O)(=O)NCCN3CCCCC3)c2)cc2cn[nH]c12,test,569.6500000000005,3.928600000000002,0.39732812192471345,39,72
subcategory_bioisostere.add-F_1435,CCCc1nn(C)c(C(N)=O)c1NC(=O)c1cc(S(=O)(=O)N2CC(C)NC(C)C2)ccc1OC(F)F,1,bioisostere,add-F,CCCc1nn(C)c(C(N)=O)c1NC(=O)c1cc(S(=O)(=O)N2CC(C)NC(C)C2)ccc1OCC,0 1 2 3 4 5 6 7 8 9 10 11 12 13 14 15 16 17 18 19 20 21 22 23 24 25 26 27 28 29 30 32 33 34,O=C(Nc1cn[nH]c1)c1cccc(S(=O)(=O)N2CCNCC2)c1,train,528.5820000000002,1.6961000000000015,0.448510912259569,36,66
subcategory_bioisostere.add-F_1291,CCCN(CCC)CCOc1ccc2oc3ccc(OCC(F)(F)F)cc3c2c1,1,bioisostere,add-F,CCCN(CCC)CCOc1ccc2oc3ccc(OCCN(CCC)CCC)cc3c2c1,0 1 2 3 4 5 6 7 8 9 10 11 12 13 14 15 16 17 19 20 21 22 23 24 25 26 27 28,c1ccc2c(c1)oc1ccccc12,train,409.4480000000001,6.027900000000006,0.4096405934513105,29,43
subcategory_bioisostere.add-F_12,CCN(CC)CC(O)COc1ccccc1C(=O)CCc1ccc(F)cc1,0,authentic,authentic,,,O=C(CCc1ccccc1)c1ccccc1,train,373.46800000000013,3.7227000000000023,0.6100718595950355,27,40
subcategory_bioisostere.add-F_1212,Cc1cc(N2CCc3c(C(N)=O)nn(-c4ccc(OCC(F)(F)F)c(F)c4)c3C2=O)ccc1N1CCCC1=O,1,bioisostere,add-F,COc1ccc(-n2nc(C(N)=O)c3c2C(=O)N(c2ccc(N4CCCC4=O)c(C)c2)CC3)cc1F,3 4 5 6,O=C1CCCN1c1ccc(N2CCc3cnn(-c4ccccc4)c3C2=O)cc1,train,545.4930000000003,3.6895200000000026,0.4754021178067899,39,69
subcategory_bioisostere.add-F_944,CN1Cc2c(C(=O)OC(F)F)ncn2-c2ccc(Cl)cc2C1=O,1,bioisostere,add-F,CN1Cc2c(C(=O)OCCC(C)(C)C)ncn2-c2ccc(Cl)cc2C1=O,0 1 2 3 4 6 7 8 9 10 11 12 13 14 15 16 17 18 19 20 21 22,O=C1NCc2cncn2-c2ccccc21,train,341.701,2.4907000000000004,0.7872258882397306,23,41
subcategory_bioisostere.add-F_940,O=C(Nc1cn2cc(Sc3ccccc3)ccc2n1)OC(F)F,1,bioisostere,add-F,COC(=O)Nc1cn2cc(Sc3ccccc3)ccc2n1,0 2 3 4 5 6 7 8 9 10 11 12 13 14 15 16 17 18 19 20 21,c1ccc(Sc2ccc3nccn3c2)cc1,train,335.33500000000004,4.2566000000000015,0.7740181526619613,23,36
subcategory_bioisostere.add-F_844,CC(C)C(NC(=O)Cn1c(-c2cccc(OC(C)(C)C)c2)ccc(NC(=O)OC(F)F)c1=O)C(=O)C(F)(F)F,1,bioisostere,add-F,CC(C)C(NC(=O)Cn1c(-c2cccc(OC(C)(C)C)c2)ccc(NC(=O)OCc2ccccc2)c1=O)C(=O)C(F)(F)F,3 4,O=C(Nc1ccc(-c2ccccc2)[nH]c1=O)OCc1ccccc1,train,561.5040000000004,4.7359000000000036,0.42782852110120656,39,74
subcategory_bioisostere.add-F_165,CCCc1ccc(C(=O)c2c(-c3ccc(OCCN(CC)CC)cc3)oc3ccccc23)cc1,0,authentic,authentic,,,O=C(c1ccccc1)c1c(-c2ccccc2)oc2ccccc12,train,455.5980000000002,7.003900000000007,0.2283075443752182,34,54
subcategory_bioisostere.add-F_1126,Cc1cc(SC2=C(O)OC(CCc3ccc(OC(F)(F)F)cc3)(C3CCCCC3)CC2=O)c(C(C)(C)C)cc1OS(=O)(=O)c1ccc(F)cc1,1,bioisostere,add-F,Cc1cc(SC2=C(O)OC(CCc3ccc(O)cc3)(C3CCCCC3)CC2=O)c(C(C)(C)C)cc1OS(=O)(=O)c1ccc(F)cc1,15 16 17 18 19 20,O=C1CC(CCc2ccccc2)(C2CCCCC2)OC=C1Sc1ccc(OS(=O)(=O)c2ccccc2)cc1,train,736.8460000000003,9.858419999999995,0.16232960086687956,50,90
subcategory_bioisostere.add-F_1370,CC(=O)NCCc1c[nH]c2cc(Cl)c(OC(F)(F)F)cc12,1,bioisostere,add-F,COc1cc2c(CCNC(C)=O)c[nH]c2cc1Cl,0 1 2 3 4 5 6 7 8 9 10 11 12 14 15 16 17 18 19,c1ccc2[nH]ccc2c1,train,320.698,3.398500000000001,0.906885343523595,21,40
subcategory_bioisostere.add-F_1572,O=C(Nc1ccc2cnccc2n1)Nc1ccccc1OC(F)F,1,bioisostere,add-F,COc1ccccc1NC(=O)Nc1ccc2cnccc2n1,0 1 2 3 4 5 6 7 8 9 10 11 12 13 14 15 16 17 18 20 21 22,O=C(Nc1ccccc1)Nc1ccc2cnccc2n1,train,330.29400000000004,3.8752000000000013,0.7611013017917709,24,35
subcategory_bioisostere.add-F_1391,O=C1CCCCCN1c1ccc(N2CCc3c(C(F)(F)F)nn(-c4ccc(OC(F)(F)F)cc4)c3C2=O)cc1,1,bioisostere,add-F,COc1ccc(-n2nc(C(F)(F)F)c3c2C(=O)N(c2ccc(N4CCCCCC4=O)cc2)CC3)cc1,0 1 2 3 4 5 6 7 8 9 10 11 12 13 14 15 16 17 18 19 20 21 22 23 24 25 27 28 29 30 31 32 33 34 35 36 37 38,O=C1CCCCCN1c1ccc(N2CCc3cnn(-c4ccccc4)c3C2=O)cc1,train,552.4750000000001,5.899600000000005,0.37836457296762677,39,68
subcategory_bioisostere.add-F_67,C=CN1CCCC1=O.CC(=O)Nc1ccc(O)cc1,0,authentic,authentic,,,O=C1CCCN1.c1ccccc1,train,262.309,2.1029,0.8018433703257088,19,31
subcategory_bioisostere.add-F_636,C[N+]1(CCCOc2cc3c(cc2Cl)CCC(=O)N3)CCC(c2ccccc2)CC1.[Cl-],0,authentic,authentic,,,O=C1CCc2ccc(OCCC[NH+]3CCC(c4ccccc4)CC3)cc2N1,train,449.42200000000014,2.0218,0.5416495080518041,30,56
subcategory_bioisostere.add-F_367,C/C(=N/O)c1ccc(COc2cc(F)cc(C3CCOCC3)c2)cc1,0,authentic,authentic,,,c1ccc(COc2cccc(C3CCOCC3)c2)cc1,train,343.39800000000014,4.496900000000003,0.4940513136778218,25,42
subcategory_bioisostere.add-F_1221,CN(C)C(=O)c1ccc(N2CCc3c(C(F)(F)F)nn(-c4ccc(OC(F)F)cc4C(=O)N4CCCC(C(N)=O)C4)c3C2=O)cc1,1,bioisostere,add-F,COc1ccc(-n2nc(C(F)(F)F)c3c2C(=O)N(c2ccc(C(=O)N(C)C)cc2)CC3)c(C(=O)N2CCCC(C(N)=O)C2)c1,0 1 2 3 4 5 6 7 8 9 10 11 12 13 14 15 16 17 18 19 20 21 22 24 25 26 27 28 29 30 31 32 33 34 35 36 37 38 39 40 41 42 43 44 45,O=C(c1ccccc1-n1ncc2c1C(=O)N(c1ccccc1)CC2)N1CCCCC1,train,648.589,3.734700000000002,0.3888825499706267,46,85
subcategory_bioisostere.add-F_1506,CC(CCN1CCC(Cc2ccccc2)CC1)c1ccc(OC(F)F)cc1,1,bioisostere,add-F,COc1ccc(C(C)CCN2CCC(Cc3ccccc3)CC2)cc1,0 1 2 3 4 5 6 7 8 9 10 11 12 13 14 15 16 17 18 19 21 22 23 24 25,c1ccc(CCCN2CCC(Cc3ccccc3)CC2)cc1,train,373.487,5.736300000000006,0.5852586053365103,27,41
subcategory_bioisostere.add-F_496,O=C1CCc2ccc(OCCCN3CCN(c4cccc(O)c4)CC3)cc2N1,0,authentic,authentic,,,O=C1CCc2ccc(OCCCN3CCN(c4ccccc4)CC3)cc2N1,train,381.47600000000006,2.868000000000001,0.753587566892795,28,43
subcategory_bioisostere.add-F_2,C=CCOc1ccnc(CS(=O)c2nc3cc4c(cc3[nH]2)OC(F)(F)C(F)O4)c1,0,authentic,authentic,,,O=S(Cc1ccccn1)c1nc2cc3c(cc2[nH]1)OCCO3,train,425.38800000000003,3.4901000000000018,0.6088039673299416,29,54
subcategory_bioisostere.add-F_1326,COc1cc(S(=O)(=O)N(CC(C)C)C[C@@H](O)[C@H](Cc2ccc(OCCNC(C)=O)cc2)NC(=O)O[C@H]2CO[C@H]3OCC[C@H]32)ccc1OC(F)F,1,bioisostere,add-F,CC(=O)NCCOc1ccc(C[C@H](NC(=O)O[C@H]2CO[C@H]3OCC[C@H]32)[C@H](O)CN(CC(C)C)S(=O)(=O)c2ccc3c(c2)OCO3)cc1,45 46 47 48 49,O=C(N[C@H](CCNS(=O)(=O)c1ccc2c(c1)OCO2)Cc1ccccc1)O[C@H]1CO[C@H]2OCC[C@H]21,train,729.7960000000003,2.918000000000001,0.19291191232240157,50,105
subcategory_bioisostere.add-F_1243,CCOc1ccc(-n2nc(C(N)=O)c3c2C(=O)N(c2ccc(N(C)C(=O)COC(F)(F)F)c(C)c2)CC3)cc1F,1,bioisostere,add-F,CCOc1ccc(-n2nc(C(N)=O)c3c2C(=O)N(c2ccc(N4CCOCC4=O)c(C)c2)CC3)cc1F,0 1 2 3 4 5 6 7 8 10,O=C1COCCN1c1ccc(N2CCc3cnn(-c4ccccc4)c3C2=O)cc1,train,563.5080000000003,3.5195200000000026,0.41914544245494695,40,74
subcategory_bioisostere.add-F_1483,NC(=O)CC(OC(F)(F)F)C1CCC(CCN2CCC(c3noc4cc(F)ccc34)CC2)CC1,1,bioisostere,add-F,COC(CC(N)=O)C1CCC(CCN2CCC(c3noc4cc(F)ccc34)CC2)CC1,0 1 2 3 5 6 7 8 9 10 11 12 13 14 15 16 17 18 19 20 21 22 23 24 25 26 27 28 29 30 31 32 33,c1ccc2c(C3CCN(CCC4CCCCC4)CC3)noc2c1,train,485.52200000000033,5.123200000000005,0.5249542983996913,34,57
subcategory_bioisostere.add-F_1021,CCCC(=O)N[C@H]1Cc2cccc3ccc(OC(F)(F)F)c(c23)C1,1,bioisostere,add-F,CCCC(=O)N[C@H]1Cc2cccc3ccc(OC)c(c23)C1,0 1 2 3 4 5 6 7 8 9 10 11 12 13 14 16 17 18 19 20 21 22 23,c1cc2c3c(cccc3c1)CCC2,train,337.34100000000007,4.121900000000003,0.9112406919751688,24,45
subcategory_bioisostere.add-F_330,O=C(N[C@@H](CO)C(=O)O)c1ccccc1Br,0,authentic,authentic,,,c1ccccc1,train,288.097,0.6243999999999998,0.7579065233611739,16,32
subcategory_bioisostere.add-F_64,N[C@@H](Cc1ccc(Oc2ccc(O)c(I)c2)c(I)c1)C(=O)O.O=S(=O)(O)O,0,authentic,authentic,,,c1ccc(Oc2ccccc2)cc1,train,623.1590000000003,2.6953000000000005,0.24870879360162898,27,56
subcategory_bioisostere.add-F_311,Nc1nncc2cc(-c3cccc(B(O)O)c3)ccc12,0,authentic,authentic,,,c1ccc(-c2ccc3cnncc3c2)cc1,test,265.081,0.5587999999999997,0.5885916343078116,20,33
subcategory_bioisostere.add-F_399,O=C1c2cccc(O)c2C(=O)N1c1ccccc1,0,authentic,authentic,,,O=C1c2ccccc2C(=O)N1c1ccccc1,train,239.23,2.1928,0.7758923269337551,18,30
subcategory_bioisostere.add-F_346,O=CN(O)CC(Cc1ccccc1)C(=O)NCC(=O)NCc1ccccc1,0,authentic,authentic,,,O=C(CCc1ccccc1)NCC(=O)NCc1ccccc1,test,369.4210000000001,1.1255000000000004,0.3320642377316341,27,42
subcategory_bioisostere.add-F_733,CC(C)[C@H](NC(=O)[C@@H]1CCCN1C(=O)[C@@H](NC(=O)COc1ccccc1OCC(=O)O)C(C)C)C(=O)c1nc2ccccc2o1,0,authentic,authentic,,,O=C(COc1ccccc1)NCC(=O)N1CCC[C@H]1C(=O)NCC(=O)c1nc2ccccc2o1,val,622.6750000000002,2.8255000000000017,0.22659027635965076,45,90
subcategory_bioisostere.add-F_1565,CCc1ccc(NC(=O)Nc2cc(C(C)(C)C)sc2C(=O)OC(F)(F)F)cc1,1,bioisostere,add-F,CCc1ccc(NC(=O)Nc2cc(C(C)(C)C)sc2C(=O)OC)cc1,0 1 2 3 4 5 6 7 8 9 10 11 12 13 14 15 16 17 18 20 21 22 23 24 25 26 27,O=C(Nc1ccccc1)Nc1ccsc1,train,414.44900000000007,5.928600000000004,0.609648590670044,28,50
subcategory_bioisostere.add-F_1307,CC(C)C[C@@H]1OC(=O)CCNC(=O)[C@@H](Cc2ccc(OC(F)(F)F)cc2)NC(=O)/C=C/C[C@@H](C(C#Cc2ccccc2)OS(C)(=O)=O)OC1=O,1,bioisostere,add-F,COc1ccc(C[C@H]2NC(=O)/C=C/C[C@@H](C(C#Cc3ccccc3)OS(C)(=O)=O)OC(=O)[C@H](CC(C)C)OC(=O)CCNC2=O)cc1,18 19 20 21 22 23,O=C1/C=C/C[C@@H](CC#Cc2ccccc2)OC(=O)COC(=O)CCNC(=O)[C@@H](Cc2ccccc2)N1,train,722.7350000000002,3.3449000000000018,0.2348488743093583,50,105
subcategory_bioisostere.add-F_244,OC(Cn1cncn1)(c1ccc(-c2ccccc2)cc1)c1ccccc1F,0,authentic,authentic,,,c1ccc(-c2ccc(C(Cn3cncn3)c3ccccc3)cc2)cc1,val,359.40400000000005,4.020300000000003,0.5854918488184272,27,42
subcategory_bioisostere.add-F_319,O=C(N[C@@H]1CC(=O)N(c2ccc(N3CCOCC3=O)c(C(F)(F)F)c2)C1)c1ccc(Cl)s1,0,authentic,authentic,,,O=C(N[C@@H]1CC(=O)N(c2ccc(N3CCOCC3=O)cc2)C1)c1cccs1,train,487.88700000000017,3.318800000000002,0.7173705317336712,32,65
subcategory_bioisostere.add-F_1089,CNCCC(OC(F)F)c1cccc(OCC2CCCCC2)c1,1,bioisostere,add-F,CNCCC(O)c1cccc(OCC2CCCCC2)c1,0 1 2 3 5 6 7 8 9 10 11 12 13 14 15 16 17 18 19 20 21,c1ccc(OCC2CCCCC2)cc1,train,327.4150000000002,4.535500000000004,0.7223684665552151,23,33
subcategory_bioisostere.add-F_1520,CC(C)NC(=O)N[C@@H](CNC(=O)c1ccc(Cl)s1)C(=O)Nc1ccc(NC(=O)COCC(F)(F)F)c(F)c1,1,bioisostere,add-F,CC(C)NC(=O)N[C@@H](CNC(=O)c1ccc(Cl)s1)C(=O)Nc1ccc(N2CCOCC2=O)c(F)c1,0 1 2 3 4 5 6 7 8 9,O=C(CCNC(=O)c1cccs1)Nc1ccc(N2CCOCC2=O)cc1,train,581.9760000000003,3.5027000000000017,0.2586996295852998,38,74
subcategory_bioisostere.add-F_1593,COc1c(OC(F)F)cc2c(c1OC)-c1ccc(NCc3ccccc3)c(=O)cc1[C@@H](NC(C)=O)CC2,1,bioisostere,add-F,COc1cc2c(c(OC)c1OC)-c1ccc(NCc3ccccc3)c(=O)cc1[C@@H](NC(C)=O)CC2,3 4 5 6 7,O=c1cc2c(ccc1NCc1ccccc1)-c1ccccc1CCC2,train,510.53700000000026,5.067900000000004,0.44035270859437387,37,67
subcategory_bioisostere.add-F_854,COc1cc2c(c(OC(F)F)c1OC)-c1ccc(N)c(=O)cc1[C@@H](NC(C)=O)CC2,1,bioisostere,add-F,COc1cc2c(c(OC)c1OC)-c1ccc(N)c(=O)cc1[C@@H](NC(C)=O)CC2,3 4,O=c1cccc2c(c1)CCCc1ccccc1-2,train,420.4120000000002,3.038000000000001,0.7714225235688348,30,58
subcategory_bioisostere.add-F_95,CCn1cc(C(=O)O)c(=O)c2cc(F)c(N3CCNC(C)C3)c(Cl)c21,0,authentic,authentic,,,O=c1cc[nH]c2cc(N3CCNCC3)ccc12,train,367.80800000000005,2.310200000000001,0.8704175984549697,25,48
subcategory_bioisostere.add-F_891,CC[C@@]1(O)CCC[C@@H]2CN(Cc3ccc(F)c(OC(F)F)c3)C[C@@H]21,1,bioisostere,add-F,CC[C@@]1(O)CCC[C@@H]2CN(Cc3ccc(F)c(OC)c3)C[C@@H]21,16 17 18 19 20,c1ccc(CN2C[C@H]3CCCC[C@H]3C2)cc1,train,343.389,3.800100000000003,0.8826429769324097,24,54
subcategory_bioisostere.add-F_613,O=C(O)CCC/C=C\CC1=CCC[C@@H]1NS(=O)(=O)c1ccccc1[N+](=O)[O-],0,authentic,authentic,,,O=S(=O)(N[C@@H]1C=CCC1)c1ccccc1,train,394.4490000000002,3.163100000000002,0.2715624170205529,27,58
subcategory_bioisostere.add-F_528,Nc1nccnc1C(=O)NCC1(c2ccccc2)CCN(S(=O)(=O)c2cccc(F)c2)CC1,0,authentic,authentic,,,O=C(NCC1(c2ccccc2)CCN(S(=O)(=O)c2ccccc2)CC1)c1cnccn1,train,469.5420000000002,2.3503999999999996,0.5721931790431743,33,56
subcategory_bioisostere.add-F_1145,O=C1CC(NC(=O)c2ccccc2OCC(F)(F)F)CCN1,1,bioisostere,add-F,O=C1CC(NC(=O)c2ccccc2Oc2ccc(F)cc2)CCN1,0 1 2 3 4 5 6 7 8 9 10 11 13 14 15 16 17 18 19 20 21,O=C1CC(NC(=O)c2ccccc2Oc2ccccc2)CCN1,train,316.27900000000005,1.6360999999999997,0.8871754992581693,22,36
subcategory_bioisostere.add-F_394,CC1CCC(NC(=O)c2c(N3CCCC3=O)c3cc(F)ccc3n2C)CC1,0,authentic,authentic,,,O=C(NC1CCCCC1)c1[nH]c2ccccc2c1N1CCCC1=O,train,371.4560000000001,3.7527000000000026,0.8933050756908991,27,45
subcategory_bioisostere.add-F_298,COCCOc1ccnc(CS(=O)c2nc3cc4c(cc3[nH]2)OC(F)(F)O4)c1C,0,authentic,authentic,,,O=S(Cc1ccccn1)c1nc2cc3c(cc2[nH]1)OCO3,train,425.4130000000001,2.920820000000001,0.5817098414361949,29,51
subcategory_bioisostere.add-F_1308,CC(C)NC(=O)N[C@@H](CNC(=O)c1ccc(Cl)s1)C(=O)Nc1ccc(N(C)C(=O)COC(F)F)c(F)c1,1,bioisostere,add-F,CC(C)NC(=O)N[C@@H](CNC(=O)c1ccc(Cl)s1)C(=O)Nc1ccc(N2CCOCC2=O)c(F)c1,0 1 2 3 4 5 6 7 9,O=C(CCNC(=O)c1cccs1)Nc1ccc(N2CCOCC2=O)cc1,train,563.9860000000002,3.1873000000000022,0.33371400434792947,37,73
subcategory_bioisostere.add-F_839,C[C@@H]1[C@H](OCC(F)(F)F)c2cc(Cl)ccc2N[C@H]1c1c[nH]c2ccc(Cl)cc12,1,bioisostere,add-F,Clc1ccc2c(c1)[C@H]1OCC[C@H]1[C@H](c1c[nH]c3ccc(Cl)cc13)N2,2 3 4 5 6 7 8,c1ccc2c(c1)N[C@@H](c1c[nH]c3ccccc13)[C@@H]1CCO[C@H]21,train,429.26900000000006,6.897600000000003,0.47547135667050444,28,64
subcategory_bioisostere.add-F_795,COc1ccccc1N1CCN(CCCCNC(=O)c2ccc(C)s2)CC1,0,authentic,authentic,,,O=C(NCCCCN1CCN(c2ccccc2)CC1)c1cccs1,train,387.5490000000001,3.3973200000000014,0.7053958739649709,27,40
subcategory_bioisostere.add-F_544,CC/C(=C(\c1ccccc1)c1cccc(OC(C)=O)c1)c1ccccc1,0,authentic,authentic,,,C(=C(c1ccccc1)c1ccccc1)c1ccccc1,train,342.438,5.981000000000005,0.32372412179383897,26,44
subcategory_bioisostere.add-F_1492,Cc1c(CC(=O)NC[C@@H](C)O)c2cc(OCC(F)(F)F)ccc2n1C(=O)c1ccc(Cl)cc1,1,bioisostere,add-F,COc1ccc2c(c1)c(CC(=O)NC[C@@H](C)O)c(C)n2C(=O)c1ccc(Cl)cc1,0 1 2 3 4 5 6 7 8 9 10 11 12 14 15 16 17 18 19 20 21 22 23 24 25 26 27 28 29 30 31 32,O=C(c1ccccc1)n1ccc2ccccc21,train,482.8860000000001,4.2722200000000035,0.5267483791400259,33,63
subcategory_bioisostere.add-F_1047,COc1cc(C(=O)N2CCC(CCN3CCC(C(N)=O)(c4ccccc4)CC3)(c3ccc(Cl)c(Cl)c3)C2)cc(OC)c1OC(F)F,1,bioisostere,add-F,COc1cc(C(=O)N2CCC(CCN3CCC(C(N)=O)(c4ccccc4)CC3)(c3ccc(Cl)c(Cl)c3)C2)cc(OC)c1OC,41 42 43 44 45,O=C(c1ccccc1)N1CCC(CCN2CCC(c3ccccc3)CC2)(c2ccccc2)C1,train,676.5880000000002,6.305100000000006,0.25626643924881165,46,82
subcategory_bioisostere.add-F_970,CC1(C)c2ccc(OC(F)(F)F)cc2C(=O)c2c1oc1ccccc21,1,bioisostere,add-F,CCN(CC)CCOc1ccc2c(c1)C(=O)c1c(oc3ccccc13)C2(C)C,0 1 2 3 4 5 7 8 9 10 11 12 13 14 15 16 17 18 19 20 21 22 23 24,O=C1c2ccccc2Cc2oc3ccccc3c21,train,346.30400000000003,5.201700000000003,0.6077485907882806,25,44
subcategory_bioisostere.add-F_690,CN1CCCC(Oc2ccc(C(=O)c3c(-c4ccccc4)oc4ccccc34)cc2)C1,0,authentic,authentic,,,O=C(c1ccc(OC2CCCNC2)cc1)c1c(-c2ccccc2)oc2ccccc12,train,411.50100000000015,5.803800000000005,0.3891396323902058,31,51
subcategory_bioisostere.add-F_683,COc1ccc(-c2[nH]c(SC(F)(F)F)nc2-c2ccc(F)cc2)cc1,0,authentic,authentic,,,c1ccc(-c2nc[nH]c2-c2ccccc2)cc1,train,368.355,5.503300000000003,0.4878529925412912,25,46
subcategory_bioisostere.add-F_713,CCCN1CCCC(c2ccccc2OC)C1,0,authentic,authentic,,,c1ccc(C2CCCNC2)cc1,train,233.355,3.284600000000002,0.7910002396070378,17,23
subcategory_bioisostere.add-F_1312,COC(=O)[C@H](CCc1ccccc1)NC(C)C(=O)N1CC(COC(F)(F)F)C[C@H]1C(=O)O,1,bioisostere,add-F,COC(=O)[C@H](CCc1ccccc1)NC(C)C(=O)N1C2COCC2C[C@H]1C(=O)O,0 1 2 3 4 5,O=C(CNCCCc1ccccc1)N1CCC2COCC21,train,460.44900000000024,1.9769999999999996,0.5146502584170127,32,63
subcategory_bioisostere.add-F_662,COCCNC(=O)c1cccc(OC2CCN(Cc3ccc(F)cc3OC)CC2)c1,0,authentic,authentic,,,c1ccc(CN2CCC(Oc3ccccc3)CC2)cc1,val,416.49300000000017,3.2539000000000016,0.6361872537039075,30,45
subcategory_bioisostere.add-F_259,CCc1ccc(CN(CC(O)(Cn2cncn2)c2ccc(F)cc2F)C(C)C)cc1,0,authentic,authentic,,,c1ccc(CNCC(Cn2cncn2)c2ccccc2)cc1,train,414.5000000000001,3.917100000000003,0.5767467138191443,30,48
subcategory_bioisostere.add-F_1257,COc1ccnc(CS(=O)c2nc3c(C)c(OCC(F)(F)F)c(C)cc3[nH]2)c1,1,bioisostere,add-F,COc1ccnc(CS(=O)c2nc3c(C)c(OC(F)F)c(C)cc3[nH]2)c1,0 1 2 3 4 5 6 7 8 9 10 11 12 13 14 16 17 18 19 20 21 22 23 24 25 26 27,O=S(Cc1ccccn1)c1nc2ccccc2[nH]1,train,413.42100000000005,3.8322400000000023,0.6646560040493122,28,52
subcategory_bioisostere.add-F_1416,COc1c(OC(F)F)ccnc1CS(=O)c1nc2ccc(C(F)F)cc2[nH]1,1,bioisostere,add-F,COc1ccnc(CS(=O)c2nc3ccc(C(F)F)cc3[nH]2)c1OC,3 4,O=S(Cc1ccccn1)c1nc2ccccc2[nH]1,train,403.357,3.8133000000000026,0.6073084715457006,27,47
subcategory_bioisostere.add-F_1550,CN(C)C[C@@H](F)CN(C)C(=O)c1cc(S(N)(=O)=O)c(Cl)cc1NCc1ccco1,1,bioisostere,add-F,CN(C)CCCN(C)C(=O)c1cc(S(N)(=O)=O)c(Cl)cc1NCc1ccco1,3,c1ccc(NCc2ccco2)cc1,train,446.93200000000013,2.1642,0.6105955494561414,29,58
subcategory_bioisostere.add-F_1066,COc1cc(O)c(C(=O)O)c(CCc2ccc(OCC(F)(F)F)cc2)c1,1,bioisostere,add-F,COc1ccc(CCc2cc(OC)cc(O)c2C(=O)O)cc1,0 1 2 3 4 5 6 7 8 9 10 11 12 13 14 15 17 18 19 20 21 22 23 24 25,c1ccc(CCc2ccccc2)cc1,train,370.323,3.825300000000002,0.7748543880500991,26,45
subcategory_bioisostere.add-F_917,Oc1cc2c(O)cc(-c3ccccc3)nc2cc1OC(F)F,1,bioisostere,add-F,Oc1cc(-c2ccccc2)nc2cc3c(cc12)OCO3,0 1 2 3 4 5 6 7 8 9 10 11 12 13 14 15 16 18 19 20,c1ccc(-c2ccc3cc4c(cc3n2)OCO4)cc1,train,303.26399999999995,3.9144000000000014,0.7696740575912914,22,35
subcategory_bioisostere.add-F_440,COC(=O)c1sc(-c2ccc(OCC(C)C)c(-c3nc(C)c(C(=O)OC)s3)c2)nc1C,0,authentic,authentic,,,c1cc(-c2nccs2)cc(-c2nccs2)c1,val,460.5770000000002,5.158440000000005,0.4501474570126672,31,57
subcategory_bioisostere.add-F_737,C#CCNS(=O)(=O)c1ccc(CCN(Cc2cc(Cl)ccc2OCCC)C(=O)Cc2ccc(F)cc2)cc1,0,authentic,authentic,,,O=C(Cc1ccccc1)N(CCc1ccccc1)Cc1ccccc1,train,557.0870000000003,4.993400000000005,0.3008693813842452,38,63
subcategory_bioisostere.add-F_472,CC(=O)C[C@@H](O)C[C@H](O)/C=C/c1c(-c2ccc(F)cc2)c2ccccc2n1C(C)C,0,authentic,authentic,,,c1ccc(-c2c[nH]c3ccccc23)cc1,train,409.5010000000001,5.132500000000004,0.5419670701538074,30,62
subcategory_bioisostere.add-F_127,CN(C)CCC[C@](O)(c1ccc(F)cc1)c1ccc(C#N)cc1COC(=O)C(C)(C)C,0,authentic,authentic,,,c1ccc(Cc2ccccc2)cc1,train,426.53200000000027,4.364380000000004,0.634959191383333,31,56
subcategory_bioisostere.add-F_333,COc1ccc(Cl)cc1C(=O)Nc1ccc(S(=O)(=O)N2CCCCCC2)cc1,0,authentic,authentic,,,O=C(Nc1ccc(S(=O)(=O)N2CCCCCC2)cc1)c1ccccc1,train,422.9340000000003,4.165600000000003,0.7842374759869808,28,48
subcategory_bioisostere.add-F_673,COc1ccccc1CC1(O)/C(=C\c2ccc(F)cc2)CCCCC1CN1CCN(C)CC1,0,authentic,authentic,,,C(=C1\CCCCC(CN2CCNCC2)C1Cc1ccccc1)/c1ccccc1,val,452.61400000000043,4.629100000000004,0.6486334405174827,33,52
subcategory_bioisostere.add-F_499,COc1cc2c(c3c1OCO3)-c1ccc(O)c(=O)cc1[C@@H](NC(C)=O)CC2,0,authentic,authentic,,,O=c1cccc2c(c1)CCCc1ccc3c(c1-2)OCO3,train,369.37300000000016,2.2801,0.8435081812233489,27,53
subcategory_bioisostere.add-F_534,CC[N+]1(C)CCCCC1CNC(=O)c1cc(OCC(F)(F)F)ccc1OCC(F)(F)F.[I-],0,authentic,authentic,,,O=C(NCC1CCCC[NH2+]1)c1ccccc1,train,584.339,1.3215999999999997,0.2853126424168792,32,58
subcategory_bioisostere.add-F_986,O=C(c1cc2ccccc2[nH]1)c1cc2cc(OCC(F)(F)F)ccc2[nH]1,1,bioisostere,add-F,CC(=O)Oc1ccc2[nH]c(C(=O)c3cc4ccccc4[nH]3)cc2c1,0 1 2 3 4 5 6 7 8 9 10 11 12 13 14 16 17 18 19 20 21 22 23 24 25,O=C(c1cc2ccccc2[nH]1)c1cc2ccccc2[nH]1,train,358.31899999999996,4.821300000000002,0.5139365375931281,26,49
subcategory_bioisostere.add-F_1420,Cc1ccc(S(=O)(=O)NC(=O)NC(C)c2cc(Cl)ccc2OC(F)F)cc1,1,bioisostere,add-F,CCOc1ccc(Cl)cc1C(C)NC(=O)NS(=O)(=O)c1ccc(C)cc1,0 1 2 3 4 5 6 7 8 9 10 11 12 13 14 15 16 17 18 19 21 22 23 24 25 26,O=C(NCc1ccccc1)NS(=O)(=O)c1ccccc1,train,418.8490000000001,3.998920000000002,0.7421978972577473,27,49
subcategory_bioisostere.add-F_1318,Cc1nc(-c2cc(F)c(OC(F)F)c(F)c2)sc1C(=O)O,1,bioisostere,add-F,Cc1nc(-c2cc(F)c(OCC3CC3)c(F)c2)sc1C(=O)O,3 4,c1csc(-c2ccc(OCC3CC3)cc2)n1,train,321.25100000000003,3.696320000000001,0.8725084898763148,21,39
subcategory_bioisostere.add-F_818,CN1CCC(NC(=O)c2cccc(OCC(F)(F)F)c2)CC1,1,bioisostere,add-F,CC(C)Oc1cccc(C(=O)NC2CCN(C)CC2)c1,0 1 2 3 4 5 6 7 8 9 10 11 13 14 15 16 17 18 19 20 21,O=C(NC1CCNCC1)c1ccccc1,train,316.32300000000004,2.4517000000000007,0.9275969514157799,22,37
subcategory_bioisostere.add-F_229,CC(C)CCn1c(=O)c2nc[nH]c2n(CC(C)C)c1=O,0,authentic,authentic,,,O=c1[nH]c(=O)c2nc[nH]c2[nH]1,train,278.35600000000005,1.5884,0.9022995783820995,20,37
subcategory_bioisostere.add-F_407,CCOC(=O)[C@H](CCc1ccccc1)N[C@H](C)C(=O)N1[C@H](C(=O)O)C[C@@H]2CCCC[C@@H]21,0,authentic,authentic,,,O=C(CNCCCc1ccccc1)N1CC[C@@H]2CCCC[C@@H]21,val,430.54500000000036,2.7733000000000008,0.5851031637925748,31,74
subcategory_bioisostere.add-F_401,C[C@H](n1cnnn1)[C@](O)(Cn1cncn1)c1ccc(F)cc1F,0,authentic,authentic,,,c1ccc(C(Cn2cncn2)Cn2cnnn2)cc1,train,321.29100000000005,0.6917999999999993,0.7428894147231653,23,44
subcategory_bioisostere.add-F_1147,CSCC[C@@H](CO)NC(=O)Cc1c(C)n(C(=O)c2ccc(Cl)cc2)c2ccc(OC(F)F)cc12,1,bioisostere,add-F,COc1ccc2c(c1)c(CC(=O)N[C@H](CO)CCSC)c(C)n2C(=O)c1ccc(Cl)cc1,0 1 2 3 4 5 6 7 8 9 10 11 12 13 14 15 16 17 18 19 20 21 22 23 24 25 26 28 29 30 31 32,O=C(c1ccccc1)n1ccc2ccccc21,train,510.9900000000002,4.665720000000004,0.41426948371099676,34,64
subcategory_bioisostere.add-F_537,CCC(CCN(C)CCc1c(C)nc2n(c1=O)CCCC2)c1noc2cc(F)ccc12,0,authentic,authentic,,,O=c1c(CCNCCCc2noc3ccccc23)cnc2n1CCCC2,train,426.53600000000023,4.226520000000004,0.5394606814220242,31,50
subcategory_bioisostere.add-F_736,COC(=O)Cc1ccc(NC(=O)Cc2c(C)n(C(=O)c3ccc(Cl)cc3)c3ccc(OC)cc23)cc1,0,authentic,authentic,,,O=C(Cc1cn(C(=O)c2ccccc2)c2ccccc12)Nc1ccccc1,train,504.97000000000014,5.196920000000005,0.34962330263016667,36,64
subcategory_bioisostere.add-F_1575,CCC(=O)N[C@H]1CCc2cc(OC)c(OC)c(OC)c2-c2ccc(=O)c(OC(F)F)cc21,1,bioisostere,add-F,CCC(=O)N[C@H]1CCc2cc(OC)c(OC)c(OC)c2-c2ccc(=O)c(OC)cc21,0 1 2 3 4 5 6 7 8 9 10 11 12 13 14 15 16 17 18 19 20 21 22 23 24 26 27 28 29 30,O=c1ccc2c(cc1)-c1ccccc1CCC2,train,449.45000000000016,3.8545000000000025,0.691459480942557,32,59
subcategory_bioisostere.add-F_1585,CCn1ncc2c(OC(F)F)c(C(=O)c3ccccc3)cnc21,1,bioisostere,add-F,CCn1ncc2c(OCCC(C)C)c(C(=O)c3ccccc3)cnc21,0 1 2 3 4 5 7 8 9 10 11 12 13 14 15 16 17 18 19 20 21,O=C(c1ccccc1)c1cnc2[nH]ncc2c1,train,317.29499999999996,3.2836000000000016,0.6776685589903596,23,38
subcategory_bioisostere.add-F_718,CN(C)S(=O)(=O)c1ccc(CN(Cc2ccc(C(F)(F)P(=O)(O)O)cc2)S(=O)(=O)c2ccc(OCC(=O)O)cc2)cc1,0,authentic,authentic,,,O=S(=O)(c1ccccc1)N(Cc1ccccc1)Cc1ccccc1,val,648.5990000000002,3.0184000000000015,0.2334332023261886,42,82
subcategory_bioisostere.add-F_1402,Cc1c(OC(F)(F)F)ccnc1CS(=O)c1nc2cc(-n3cccc3)c(F)cc2[nH]1,1,bioisostere,add-F,CCOCCOc1ccnc(CS(=O)c2nc3cc(-n4cccc4)c(F)cc3[nH]2)c1C,0 1 3 4 5 6 7 8 9 10 11 12 13 14 15 16 17 18 19 20 21 22 23 24 25 26 27 28 29,O=S(Cc1ccccn1)c1nc2cc(-n3cccc3)ccc2[nH]1,train,438.4060000000001,4.402520000000002,0.4689889453636711,30,55
subcategory_bioisostere.add-F_599,Nc1nc2c(ncn2COC2COP(OP(=O)(O)O)OC2)c(=O)[nH]1.[O-2],0,authentic,authentic,,,O=c1[nH]cnc2c1ncn2COC1COPOC1,val,397.17700000000013,-0.6913000000000005,0.46326798669020824,25,51
subcategory_bioisostere.add-F_1091,CCNC(=O)c1ccccc1OC(F)(F)F,1,bioisostere,add-F,CCNC(=O)c1ccccc1OCc1ccc(F)cc1,3 4 5,c1ccc(COc2ccccc2)cc1,train,233.18899999999994,2.3349,0.869650495104498,16,25
subcategory_bioisostere.add-F_1180,CCc1nn(CN2CCCC2)c2c(=O)[nH]c(-c3cc(S(=O)(=O)C(C)C)ccc3OCC(F)(F)F)nc12,1,bioisostere,add-F,CCCOc1ccc(S(=O)(=O)C(C)C)cc1-c1nc2c(CC)nn(CN3CCCC3)c2c(=O)[nH]1.O=C(O)C(F)(F)F,0 1 2 3 4 5 6 7 8 9 10 11 12 13 14 15 16 17 18 19 20 21 22 23 24 25 26 28 29 30 31 32 33 34 35,O=c1[nH]c(-c2ccccc2)nc2cnn(CN3CCCC3)c12,train,527.5690000000002,3.5255000000000027,0.4772972523672818,36,69
subcategory_bioisostere.add-F_0,CC[C@H]1OC(=O)[C@H](C)[C@@H](OC2C[C@@](C)(O)[C@@H](O)[C@H](C)O2)[C@H](C)[C@@H](OC2O[C@H](C)C[C@H](N(C)C)[C@H]2O)[C@](C)(O)C[C@@H](C)C(=O)[C@H](C)[C@@H](O)[C@H]1C,0,authentic,authentic,,,O=C1CCCCOC(=O)C[C@@H](OC2CCCCO2)C[C@@H](OC2CCCCO2)CCC1,val,703.9110000000002,2.0166000000000035,0.2535726735276277,49,161
subcategory_bioisostere.add-F_864,CCN1CCCC(c2cccc(OC(F)F)c2)C1,1,bioisostere,add-F,CCN1CCCC(c2cccc(OC)c2)C1,0 1 2 3 4 5 6 7 8 9 10 12 13 14 15 16 17,c1ccc(C2CCCNC2)cc1,train,255.30799999999996,3.487300000000002,0.8162711983376019,18,28
subcategory_bioisostere.add-F_1444,O=C(OC(F)(F)F)c1cc(O)c2c(Br)cc(Br)cc2n1,1,bioisostere,add-F,O=C(O)c1cc(O)c2c(Br)cc(Br)cc2n1,0 2 3 4 5 6 7 8 9 10 11 12 13 14 15 16 17 18,c1ccc2ncccc2c1,train,414.95900000000006,4.142,0.7121566507697532,20,39
subcategory_bioisostere.add-F_814,CCCCc1nc(C(=O)OCC)c(C(=O)OCC(F)(F)F)n1Cc1ccc(-c2ccccc2-c2nn[nH]n2)cc1,1,bioisostere,add-F,CCCCc1nc(C(=O)OCC)c(C(=O)OCC)n1Cc1ccc(-c2ccccc2-c2nn[nH]n2)cc1,4 5 6,c1ccc(-c2nn[nH]n2)c(-c2ccc(Cn3ccnc3)cc2)c1,train,556.5450000000001,5.016900000000004,0.2555618977739466,40,69
subcategory_bioisostere.add-F_568,CC1(C)[C@@H]2CC[C@@]1(CS(=O)(=O)N1CCC3(CCc4ccccc43)CC1)[C@@H](NC(=O)N(CCc1c[nH]cn1)CCS(C)(=O)=O)C2,0,authentic,authentic,,,O=C(NCCc1c[nH]cn1)N[C@H]1C[C@H]2CC[C@]1(CS(=O)(=O)N1CCC3(CCc4ccccc43)CC1)C2,test,645.892,3.5131000000000023,0.4066232465706187,44,98
subcategory_bioisostere.add-F_766,CCc1nc(C(=O)OCc2ccc(-c3ccccc3-c3nn[nH]n3)cc2)c(C(C)(C)O)n1Cc1oc(=O)oc1C,0,authentic,authentic,,,O=C(OCc1ccc(-c2ccccc2-c2nn[nH]n2)cc1)c1cn(Cc2coc(=O)o2)cn1,train,544.5680000000002,3.7799200000000024,0.261148418237797,40,71
subcategory_bioisostere.add-F_1025,CCC[C@H]1CN(Cc2ccccc2)C[C@@H]1CNC(=O)c1cc(Cl)c(NC)cc1OC(F)(F)F,1,bioisostere,add-F,CCC[C@H]1CN(Cc2ccccc2)C[C@@H]1CNC(=O)c1cc(Cl)c(NC)cc1OC,3 4 5,O=C(NC[C@@H]1CCN(Cc2ccccc2)C1)c1ccccc1,train,483.96200000000016,5.558400000000005,0.4901493297132883,33,62
subcategory_bioisostere.add-F_803,COc1nc2nc(C(=O)c3ccccc3)cn2c2c1CN(C(=O)OCC(F)(F)F)C2,1,bioisostere,add-F,CCOC(=O)N1Cc2c(OC)nc3nc(C(=O)c4ccccc4)cn3c2C1,0 1 2 3 4 5 6 7 8 9 10 11 12 13 14 15 16 17 18 19 20 22 23 24 25 26 27 28 29,O=C(c1ccccc1)c1cn2c3c(cnc2n1)CNC3,train,420.3470000000002,2.9834000000000014,0.6035712468049034,30,52
subcategory_bioisostere.add-F_178,O=C1[C@H]([C@H](O)CCOc2ccc(F)cc2)[C@@H](c2ccc(O)cc2)N1c1ccc(F)cc1,0,authentic,authentic,,,O=C1[C@H](CCCOc2ccccc2)[C@@H](c2ccccc2)N1c1ccccc1,test,425.4310000000001,4.204500000000003,0.5568398571589978,31,65
subcategory_bioisostere.add-F_629,O=C1Nc2ccc(Cl)cc2[C@@](C#CC#CC2CC2)(C(F)(F)F)O1,0,authentic,authentic,,,O=C1Nc2ccccc2C(C#CC#CC2CC2)O1,train,339.69999999999993,4.076500000000001,0.723377866771075,23,47
subcategory_bioisostere.add-F_1549,NCc1ccc(F)c(COc2ccc(O)c(OCC(F)(F)F)c2)c1,1,bioisostere,add-F,NCc1ccc(F)c(COc2ccc3c(c2)OCO3)c1,0 1 2 3 4 5 6 7 8 9 10 11 12 13 14 16 17 18 19 20 21 22 23,c1ccc(COc2ccc3c(c2)OCO3)cc1,train,345.292,3.5101000000000013,0.7866454781061809,24,40
subcategory_bioisostere.add-F_1544,CC(C)c1oc2cc(OC(F)(F)F)ccc2c(=O)c1-c1ccccc1,1,bioisostere,add-F,CC(C)NCC(O)COc1ccc2c(=O)c(-c3ccccc3)c(C(C)C)oc2c1,0 1 2 3 4 5 6 8 9 10 11 12 13 14 15 16 17 18 19 20 21 22 23 24,O=c1c(-c2ccccc2)coc2ccccc12,train,348.32000000000005,5.482000000000004,0.6288953935523282,25,43
subcategory_bioisostere.add-F_659,COc1cc(/C=C/c2ccccc2)c(C(=O)O)c(O)c1CC=C(C)C,0,authentic,authentic,,,C(=C\c1ccccc1)/c1ccccc1,train,338.40300000000013,4.778100000000003,0.5875284501381388,25,44
subcategory_bioisostere.add-F_714,CC1(C)Sc2cc(F)ccc2[C@@]1(O)Cn1cncn1,0,authentic,authentic,,,c1ccc2c(c1)SCC2Cn1cncn1,train,279.34,2.1892999999999994,0.9152552999192667,19,35
subcategory_bioisostere.add-F_1505,O=C(CN1CCN(C(c2ccccc2)c2cc(Cl)cc(Cl)c2)CC1)OC(F)(F)F,1,bioisostere,add-F,CCCCOC(=O)CN1CCN(C(c2ccccc2)c2cc(Cl)cc(Cl)c2)CC1,0 2 3 4 5 6 7 8 9 10 11 12 13 14 15 16 17 18 19 20 21 22 23 24 25 26 27,c1ccc(C(c2ccccc2)N2CCNCC2)cc1,train,447.2840000000002,4.763400000000003,0.6191916429727727,29,52
subcategory_bioisostere.add-F_1192,O=C1Nc2ccc(Cl)cc2C(COC(F)F)(C2CC2)O1,1,bioisostere,add-F,O=C(Nc1ccc(F)cc1)OCC1(C2CC2)OC(=O)Nc2ccc(Cl)cc21,3 4,O=C(Nc1ccccc1)OCC1(C2CC2)OC(=O)Nc2ccccc21,train,303.69200000000006,3.7466000000000017,0.9213132047199054,20,36
subcategory_bioisostere.add-F_1271,Cc1nc(-c2cc(C#N)ccc2OC(F)(F)F)sc1CN1C[C@H](C(=O)O)C[C@@H](C(C)(C)C)C1,1,bioisostere,add-F,Cc1nc(-c2cc(C#N)ccc2OC(F)F)sc1CN1C[C@H](C(=O)O)C[C@@H](C(C)(C)C)C1,11 12 13 14 15 16,c1ccc(-c2ncc(CN3CCCCC3)s2)cc1,val,481.5400000000003,5.457600000000005,0.61056818978703,33,69
subcategory_bioisostere.add-F_1306,CN(C)C[C@@H](F)CCOc1ccc2c(c1)N(C(=O)C1CCCN1C(=O)CN)C(=O)CC2,1,bioisostere,add-F,NCC(=O)N1CCCC1C(=O)N1C(=O)CCc2ccc(OCCCCN3CCN(c4cccc(Cl)c4Cl)CC3)cc21,0 1 2 3 4 5 6 7,O=C1CCc2ccc(OCCCCN3CCN(c4ccccc4)CC3)cc2N1C(=O)C1CCCN1,test,434.5120000000004,1.110700000000001,0.61609420713275,31,59
subcategory_bioisostere.add-F_239,O=C(NCC1CCC(C(=O)NO)CC1)c1ccc(-c2ccccc2)cc1,0,authentic,authentic,,,O=C(NCC1CCCCC1)c1ccc(-c2ccccc2)cc1,train,352.434,3.3952000000000018,0.5699897968135194,26,43
subcategory_bioisostere.add-F_1108,Fc1cc2c(cc1Cl)N=C(N1CCN(CCOC(F)(F)F)CC1)c1ccccc1N2,1,bioisostere,add-F,OCCOCCN1CCN(C2=Nc3cc(Cl)c(F)cc3Nc3ccccc32)CC1,0 1 2 3 4 5 6 7 8 9 10 11 12 13 14 16 17 18 19 20 21 22 23 24 25 26 27 28 29,c1ccc2c(c1)N=C(N1CCNCC1)c1ccccc1N2,train,442.84400000000005,4.768400000000003,0.6951900487099646,30,50
subcategory_bioisostere.add-F_55,CCOC(=O)c1cn2c3c(nc(O)c2n1)-c1ccccc1C3,0,authentic,authentic,,,c1ccc2c(c1)Cc1c-2ncc2nccn12,train,295.29800000000006,2.1828000000000003,0.5735486872286852,22,38
subcategory_bioisostere.add-F_221,CCCC[C@@H]1CC2C(CCC3(C)C(=O)CCC23)C2(C)C=CC(=O)C=C12,0,authentic,authentic,,,O=C1C=CC2C(=C1)CCC1C2CCC2C(=O)CCC21,train,340.507,5.279700000000005,0.7002433358323458,25,52
subcategory_bioisostere.add-F_548,O=C(OCCCl)N1CCN(C2=Nc3cc(Cl)ccc3Nc3ccccc32)CC1,0,authentic,authentic,,,c1ccc2c(c1)N=C(N1CCNCC1)c1ccccc1N2,train,419.3120000000002,4.468300000000004,0.7303870644594871,28,46
subcategory_bioisostere.add-F_1283,O=C(NCC1CCCCN1)c1cc(OCC(F)(F)F)cc(OC(F)(F)F)c1,1,bioisostere,add-F,Cl.O=C(NCC1CCCCN1)c1cc(OCC(F)(F)F)cc(OCC(F)(F)F)c1,0 1 2 3 4 5 6 7 8 9 10 11 12 13 14 15 16 17 18 19 21 22 23 24 25,O=C(NCC1CCCCN1)c1ccccc1,train,400.319,3.398200000000002,0.7191289027648736,27,46
subcategory_bioisostere.add-F_1460,Cc1cc(N2CCc3c(C(N)=O)nn(-c4ccc(OC(F)F)c(F)c4)c3C2=O)ccc1N1CCCC1=O,1,bioisostere,add-F,COc1ccc(-n2nc(C(N)=O)c3c2C(=O)N(c2ccc(N4CCCC4=O)c(C)c2)CC3)cc1F,3 4,O=C1CCCN1c1ccc(N2CCc3cnn(-c4ccccc4)c3C2=O)cc1,train,513.4760000000003,3.349820000000002,0.5436847609334418,37,65
subcategory_bioisostere.add-F_1031,Cc1ccc(N(CC(=O)OF)C(=O)c2ccccc2)cc1,1,bioisostere,add-F,Cc1ccc(N(CC(=O)O)C(=O)c2ccccc2)cc1,0 1 2 3 4 5 6 8 9 10 11 12 13 14 15 16 17 18 19 20,O=C(Nc1ccccc1)c1ccccc1,train,287.29,3.0695200000000016,0.8678672744527766,21,35
subcategory_bioisostere.add-F_1383,O=C(c1ccccc1)c1c[nH]c2nncc-2c1OCC(F)(F)F,1,bioisostere,add-F,CC(C)CCOc1c(C(=O)c2ccccc2)c[nH]c2nncc1-2,0 1 2 3 4 5 6 7 8 9 10 11 12 13 14 15 17 18 19 20 21,O=C(c1ccccc1)c1c[nH]c2nncc-2c1,train,321.258,3.081600000000001,0.7499342828836941,23,40
subcategory_bioisostere.add-F_779,COc1c(C)cnc(CS(=O)c2nc3ccccc3n2CCN2CCOCC2)c1C,0,authentic,authentic,,,O=S(Cc1ccccn1)c1nc2ccccc2n1CCN1CCOCC1,train,428.55800000000033,2.696740000000001,0.5763707591640879,30,45
subcategory_bioisostere.add-F_1551,COc1cc(COc2ccc(OC(F)(F)F)c(C(C)=O)c2)cc(OC)c1,1,bioisostere,add-F,COc1cc(COc2ccc(OCCCC#N)c(C(C)=O)c2)cc(OC)c1,3 4 5,c1ccc(COc2ccccc2)cc1,train,370.3230000000001,4.384000000000004,0.6771168989650364,26,45
subcategory_bioisostere.add-F_598,Cc1cccc(-c2cccc(CS(=O)CC(N)=O)c2)c1,0,authentic,authentic,,,c1ccc(-c2ccccc2)cc1,train,287.38399999999996,2.39602,0.9176042785046233,20,35
subcategory_bioisostere.add-F_664,CN(CCCC1(c2ccc(F)cc2)OCc2cc(C#N)ccc21)CCOCc1ccccc1,0,authentic,authentic,,,c1ccc(COCCNCCCC2(c3ccccc3)OCc3ccccc32)cc1,test,444.55000000000024,5.3999800000000056,0.39294022499700176,33,50
subcategory_bioisostere.add-F_1015,Cn1c2ccc(OC(F)(F)F)cc2c2c3ccncc3ccc21,1,bioisostere,add-F,COc1ccc2c(c1)c1c3ccncc3ccc1n2C,0 1 2 3 4 6 7 8 9 10 11 12 13 14 15 16 17 18 19 20 21 22,c1ccc2c(c1)[nH]c1ccc3cnccc3c12,train,316.28200000000004,4.778300000000002,0.5052303936757752,23,37
subcategory_bioisostere.add-F_1310,CCCCCCCCS[C@H](C)[C@@](Cn1cncn1)(OCC(F)(F)F)c1ccc(F)cc1F,1,bioisostere,add-F,CCCCCCCCS[C@H](C)[C@](O)(Cn1cncn1)c1ccc(F)cc1F,11 18 19 20 21 22 23,c1ccc(CCn2cncn2)cc1,train,479.55900000000014,6.512900000000006,0.22868174596037286,32,56
subcategory_bioisostere.add-F_1502,COc1ccc(C(=O)C2CCCN(Cc3ccc(OC(F)(F)F)c(C)c3C)C2)cc1OC,1,bioisostere,add-F,COc1ccc(C(=O)C2CCCN(Cc3ccc(OC)c(C)c3C)C2)cc1OC,3 4 5,O=C(c1ccccc1)C1CCCN(Cc2ccccc2)C1,train,451.4850000000002,5.314140000000005,0.5339403553009379,32,53
subcategory_bioisostere.add-F_214,COc1cccc(CN2CCC3(O)CCCCC3C2)c1F,0,authentic,authentic,,,c1ccc(CN2CCC3CCCCC3C2)cc1,train,293.38199999999995,2.9613000000000014,0.9297754309328304,21,31
subcategory_bioisostere.add-F_400,CC(CN(C)C)c1nnc2n1-c1ccc(Cl)cc1C(c1ccccc1)=NC2,0,authentic,authentic,,,c1ccc(C2=NCc3nncn3-c3ccccc32)cc1,train,379.89500000000015,3.9368000000000034,0.6894117925614897,27,46
subcategory_bioisostere.add-F_105,COC(=O)c1c(O)c(CC=C(C)C)c(OC)c(CC=C(C)C)c1CCc1ccccc1,0,authentic,authentic,,,c1ccc(CCc2ccccc2)cc1,train,422.56500000000017,5.990000000000006,0.39828545107676755,31,52
subcategory_bioisostere.add-F_1589,CC(=O)Nc1ccc(OC(F)F)cc1,1,bioisostere,add-F,CC(=O)Nc1ccc(OCC(O)CNC(C)C)cc1,0 1 2 3 4 5 6 8 9 10 11 12,c1ccccc1,train,201.17199999999997,2.2464000000000004,0.8139369667241351,14,23
subcategory_bioisostere.add-F_1421,CCN(CC)C(C)Cc1cc(OC(F)(F)F)c(I)cc1OC,1,bioisostere,add-F,CCN(CC)C(C)Cc1cc(OC)c(I)cc1OC,10 11 12 13 14 15,c1ccccc1,train,431.236,4.471200000000005,0.595197987907649,22,36
subcategory_bioisostere.add-F_1040,Cc1cc(N2CCc3c(C(N)=O)nn(-c4ccc(OC(F)(F)F)c(F)c4)c3C2=O)ccc1N1CCOCC1=O,1,bioisostere,add-F,CCOc1ccc(-n2nc(C(N)=O)c3c2C(=O)N(c2ccc(N4CCOCC4=O)c(C)c2)CC3)cc1F,3 4 5,O=C1COCCN1c1ccc(N2CCc3cnn(-c4ccccc4)c3C2=O)cc1,train,547.4650000000003,2.883420000000001,0.4909494575507916,39,69
subcategory_bioisostere.add-F_785,COc1cc(N)c(Cl)cc1C(=O)N[C@H]1CCN(CC2CCN(C(C)=O)CC2)C[C@H]1OC,0,authentic,authentic,,,O=C(NC1CCN(CC2CCNCC2)CC1)c1ccccc1,train,452.9830000000004,2.0084,0.6406550182816312,31,60
subcategory_bioisostere.add-F_700,Cc1nc2n(c(=O)c1CCN1CCC(c3noc4cc(F)ccc34)CC1)CCCC2OCOC(=O)NCC(C)C,0,authentic,authentic,,,O=c1c(CCN2CCC(c3noc4ccccc34)CC2)cnc2n1CCCC2,train,555.6510000000003,4.445320000000004,0.38582950547723205,40,64
subcategory_bioisostere.add-F_1535,O=C1c2ccc(OCC(F)(F)F)cc2CC1CN1CCCCC1,1,bioisostere,add-F,COc1ccc2c(c1)CC(CN1CCCCC1)C2=O,3 4 5 6,O=C1c2ccccc2CC1CN1CCCCC1,train,327.3460000000002,3.468600000000002,0.8479956849181499,23,36
subcategory_bioisostere.add-F_1228,CC(N[C@@H](CCc1ccccc1)C(=O)OC(F)(F)F)C(=O)N1C2COCC2C[C@H]1C(=O)O,1,bioisostere,add-F,COC(=O)[C@H](CCc1ccccc1)NC(C)C(=O)N1C2COCC2C[C@H]1C(=O)O,3 4 5,O=C(CNCCCc1ccccc1)N1CCC2COCC21,train,458.4330000000003,1.7293999999999998,0.5719219496940038,32,64
subcategory_bioisostere.add-F_334,CCOc1cc2c(cc1OCC)C(=O)C(CC1(F)CCN(Cc3ccccc3F)CC1)C2,0,authentic,authentic,,,O=C1c2ccccc2CC1CC1CCN(Cc2ccccc2)CC1,train,443.5340000000002,5.372500000000005,0.5497100822856945,32,51
subcategory_bioisostere.add-F_303,COc1ccnc2c1CCCC[C@H]2[S@](=O)c1nc2ccccc2[nH]1,0,authentic,authentic,,,O=[S@](c1nc2ccccc2[nH]1)[C@@H]1CCCCc2cccnc21,train,341.43600000000004,3.541800000000002,0.7399693416333571,24,45
subcategory_bioisostere.add-F_364,COc1ccc(S(=O)(=O)N(CC2CCCC2)C[C@@H](O)CN(CCc2ccccc2)C(=O)Cc2cccc(NS(N)(=O)=O)c2)cc1,0,authentic,authentic,,,O=C(Cc1ccccc1)N(CCCN(CC1CCCC1)S(=O)(=O)c1ccccc1)CCc1ccccc1,train,658.8430000000002,3.1664000000000003,0.21324546564721836,45,83
subcategory_bioisostere.add-F_366,COC(=O)[C@@H]1CCCN1C(=O)CN(C)C(=O)[C@@H](N)CC(Cc1ccccc1)C(=O)O,0,authentic,authentic,,,O=C(CCCCc1ccccc1)NCC(=O)N1CCCC1,val,419.4780000000002,0.26970000000000266,0.5495009455794838,30,62
subcategory_bioisostere.add-F_340,CC[C@H]1OC(=O)[C@H](C)[C@@H](O[C@H]2C[C@@](C)(OC)[C@@H](O)[C@H](C)O2)[C@H](C)[C@@H](O[C@@H]2O[C@H](C)C[C@H]([NH+](C)C)[C@H]2O)[C@](C)(O)C[C@@H](C)C(=O)[C@H](C)[C@@H](O)[C@H]1C,0,authentic,authentic,,,O=C1CCCCOC(=O)C[C@@H](O[C@H]2CCCCO2)C[C@@H](O[C@H]2CCCCO2)CCC1,train,718.9460000000001,1.2536000000000072,0.23896680327907788,50,175
subcategory_bioisostere.add-F_215,CCCOC(=O)COCCN1CCN([C@H](c2ccccc2)c2ccc(Cl)cc2)CC1,0,authentic,authentic,,,c1ccc(C(c2ccccc2)N2CCNCC2)cc1,train,430.9760000000001,4.016800000000003,0.42042893371890405,30,50
subcategory_bioisostere.add-F_142,CC(C)(CNC(N)=O)NCC(O)COC(=O)c1ccccc1F,0,authentic,authentic,,,c1ccccc1,train,327.356,0.3799,0.5155529825711961,23,37
subcategory_bioisostere.add-F_1083,O=C(COCC(F)(F)F)Nc1ccc(NC(=O)CCNC(=O)c2ccc(Cl)s2)c(F)c1,1,bioisostere,add-F,O=C(CCNC(=O)c1ccc(Cl)s1)Nc1ccc(N2CCOCC2=O)cc1F,0 1 3 4 5 6 7 8 9 10 11 12 13 14 15 16 17 18 19 20 21 22 23 24 25 26 27 28 29 30,O=C(CCNC(=O)c1cccs1)Nc1ccc(N2CCOCC2=O)cc1,train,481.85500000000025,3.816600000000002,0.47439694821697276,31,55
subcategory_bioisostere.add-F_1319,COc1cc2c(cc1OC(F)(F)F)C(=O)C(CC1CCN(CCN)CC1)C2,1,bioisostere,add-F,COc1cc2c(cc1OC)C(=O)C(CC1CCN(CCN)CC1)C2,0 1 2 3 4 5 6 8 9 10 11 12 13 14 15 16 17 18 19 20 21 22 23 24 25 26,O=C1c2ccccc2CC1CC1CCNCC1,train,386.41400000000027,3.0096000000000007,0.8143159649376586,27,46
subcategory_bioisostere.add-F_186,COc1cc2c(c(OC)c1OC)-c1ccc(N3CCOCC3)c(=O)cc1[C@@H](NC(C)=O)CC2,0,authentic,authentic,,,O=c1cc2c(ccc1N1CCOCC1)-c1ccccc1CCC2,val,454.52300000000037,2.6996,0.7434404283154878,33,61
subcategory_bioisostere.add-F_569,N#C/C(C(=O)Nc1ccc(O)cc1)=C(/O)C1CC1,0,authentic,authentic,,,O=C(C=CC1CC1)Nc1ccccc1,train,244.24999999999997,2.07638,0.32819952028873667,18,35
subcategory_bioisostere.add-F_1237,CN1CCN(C2(CNC(=O)c3ccccc3OF)CCCC2)CC1,1,bioisostere,add-F,CCOc1ccccc1C(=O)NCC1(N2CCN(C)CC2)CCCC1,15 16 17,O=C(NCC1(N2CCNCC2)CCCC1)c1ccccc1,train,335.42300000000023,2.2398999999999996,0.8963085238195659,24,37
subcategory_bioisostere.add-F_497,CC[N+](CC)(CCCCN1CCC(c2noc3cc(F)ccc23)CC1)C(=O)O,0,authentic,authentic,,,c1ccc2c(C3CCNCC3)noc2c1,train,392.4950000000002,4.461100000000004,0.5306134024062702,28,48
subcategory_bioisostere.add-F_1542,O=C(Cn1cc(C(F)(F)F)ccc1=O)NCc1cc2cc(C(=O)N3CCC(Nc4ccccc4COCC(F)(F)F)CC3)c(F)cc2o1,1,bioisostere,add-F,O=C(Cn1cc(C(F)(F)F)ccc1=O)NCc1cc2cc(C(=O)N3CCC(N4C(=O)OCc5ccccc54)CC3)c(F)cc2o1,34 35 36 37 38 39 40,O=C(Cn1ccccc1=O)NCc1cc2cc(C(=O)N3CCC(N4C(=O)OCc5ccccc54)CC3)ccc2o1,test,682.5930000000003,5.864400000000005,0.20315454431767957,48,81
subcategory_bioisostere.add-F_1468,CN(C)CCC(O)(Cc1ccccc1)c1cccc(Oc2ccc(F)cc2)c1,1,bioisostere,add-F,CN(C)CCC(O)(Cc1ccccc1)c1cccc(OCc2ccccc2)c1.Cl,0 1 2 3 4 5 6 7 8 9 10 11 12 13 14 15 16 17 19 20 21 22 23 24 25 26 27,c1ccc(CCc2cccc(OCc3ccccc3)c2)cc1,train,379.4750000000001,5.000000000000004,0.5977938478591307,28,44
subcategory_bioisostere.add-F_387,CCC(C)(C)/N=c1\c(O)c(O)\c1=N/Cc1c(Cl)cccc1Cl,0,authentic,authentic,,,N=c1cc/c1=N\Cc1ccccc1,train,341.23799999999994,3.4704000000000033,0.8942999879151395,22,44
subcategory_bioisostere.add-F_1558,Cc1nccc2c1[nH]c1cc(OCC(F)(F)F)ccc12,1,bioisostere,add-F,Cc1nccc2c1[nH]c1cc(OCCO)ccc12,0 1 2 3 4 5 6 7 8 9 11 12 13 14 15 16 17 18 19,c1ccc2c(c1)[nH]c1cnccc12,train,280.24899999999997,3.965620000000002,0.7710378426224639,20,35
subcategory_bioisostere.add-F_1,O=C(O)COCCN1CCN(C(c2ccccc2)c2ccc(Cl)cc2)CC1.OCCOCCN1CCNCC1,0,authentic,authentic,,,C1CNCCN1.c1ccc(C(c2ccccc2)N2CCNCC2)cc1,train,563.1390000000002,2.048700000000001,0.3168619488339899,39,58
subcategory_bioisostere.add-F_1252,O=C(c1ccccc1)c1cn2c3c(c(OCC(F)(F)F)nc2n1)CSC3,1,bioisostere,add-F,COc1nc2nc(C(=O)c3ccccc3)cn2c2c1CSC2,13 14 15 16 17 18 19,O=C(c1ccccc1)c1cn2c3c(cnc2n1)CSC3,train,379.36300000000006,3.648200000000002,0.647988288179548,26,45
subcategory_bioisostere.add-F_850,C[N+]1(Cc2ccc(F)c(F)c2)CCC(OC(=O)C(O)(c2cccs2)c2cccs2)CC1COC(F)(F)F,1,bioisostere,add-F,C[N+]1(Cc2ccc(F)c(F)c2)C2CC(OC(=O)C(O)(c3cccs3)c3cccs3)CC1C1OC12.[Br-],31 32 33 34 35 36,O=C(OC1CC2C3OC3C(C1)[NH+]2Cc1ccccc1)C(c1cccs1)c1cccs1,val,562.6020000000003,5.5811000000000055,0.2213460251465303,37,67
subcategory_bioisostere.add-F_965,CCCc1nn(C)c2c(=O)[nH]c(-c3cc(S(=O)(=O)N4CCN(CCC(=O)O)CC4)ccc3OC(F)F)nc12,1,bioisostere,add-F,CCCOc1ccc(S(=O)(=O)N2CCN(CCC(=O)O)CC2)cc1-c1nc2c(CCC)nn(C)c2c(=O)[nH]1,31 32 33 34 35,O=c1[nH]c(-c2cccc(S(=O)(=O)N3CCNCC3)c2)nc2cn[nH]c12,train,554.5760000000004,1.6585,0.38129325574305467,38,72
subcategory_bioisostere.add-F_81,C=CCC1(c2ccc(F)cc2)OCc2cc(C#N)ccc21,0,authentic,authentic,,,c1ccc(C2OCc3ccccc32)cc1,train,279.31399999999996,4.047280000000002,0.7940906455538651,21,35
subcategory_bioisostere.add-F_565,Fc1ccc(-c2ccc([C@@H]3CCNC[C@H]3COc3ccc4c(c3)OCO4)cc2)cc1,0,authentic,authentic,,,c1ccc(-c2ccc([C@@H]3CCNC[C@H]3COc3ccc4c(c3)OCO4)cc2)cc1,test,405.4690000000001,4.993500000000004,0.6489754305143736,30,56
subcategory_bioisostere.add-F_225,Cc1cccc(CN2CC[N+](=C3Nc4cc(Cl)ccc4Nc4ccccc43)CC2)c1.[Cl-],0,authentic,authentic,,,c1ccc(CN2CC[N+](=C3Nc4ccccc4Nc4ccccc43)CC2)cc1,train,453.41700000000014,2.0964199999999993,0.5831469090053958,31,57
subcategory_bioisostere.add-F_1014,C=C(c1ccccc1OC(F)F)n1ccnc1,1,bioisostere,add-F,C=C(c1ccccc1OCCC)n1ccnc1,3 4,C=C(c1ccccc1)n1ccnc1,train,236.22099999999998,3.0035000000000007,0.8154709167330257,17,26
subcategory_bioisostere.add-F_234,Cl.NNc1nnc(NN)c2ccccc12,0,authentic,authentic,,,c1ccc2cnncc2c1,train,226.67100000000002,0.6227999999999996,0.44246286107726457,15,23
subcategory_bioisostere.add-F_1479,Cc1nc(-c2ccc(OC(F)F)c(C#N)c2)sc1C(=O)NCCN(C)C,1,bioisostere,add-F,Cc1nc(-c2ccc(OCC(C)C)c(C#N)c2)sc1C(=O)NCCN(C)C.Cl,0 1 2 3 4 5 6 8 9 10 11 12 13 14 15 16 17 18 19 20 21 22 23 24 25,c1ccc(-c2nccs2)cc1,train,380.42000000000013,2.883000000000001,0.7991447168355834,26,45
subcategory_bioisostere.add-F_1102,C=C(c1c(C)ccc(Cl)c1OC(F)(F)F)n1ccnc1,1,bioisostere,add-F,C=C(c1c(C)ccc(Cl)c1OCC(O)CNC(C)C)n1ccnc1,0 1 2 3 4 5 6 7 8 10 11 12 13 14 15 16 17 18 19,C=C(c1ccccc1)n1ccnc1,train,302.68299999999994,4.262520000000002,0.8466939289626925,20,36
subcategory_bioisostere.add-F_1032,CNc1cc(-c2nc(C)c(C(=O)OC(F)(F)F)s2)ccc1OCC(C)C,1,bioisostere,add-F,CNc1cc(-c2nc(C)c(C(=O)O)s2)ccc1OCC(C)C,0 1 2 3 4 5 6 7 8 9 11 12 13 14 15 16 17 18 19 20 21 22 23 24 25,c1ccc(-c2nccs2)cc1,train,388.4110000000001,4.871620000000004,0.715541677750195,26,46
subcategory_bioisostere.add-F_18,O=C(Nc1ccc(O)cc1)Nc1cccc(F)c1,0,authentic,authentic,,,O=C(Nc1ccccc1)Nc1ccccc1,train,246.24099999999999,3.175300000000001,0.7125280598558875,18,29
subcategory_bioisostere.add-F_832,CC(Cc1ccc(C(=O)OCC(F)(F)F)cc1)NCC(O)COc1ccccc1,1,bioisostere,add-F,COC(=O)c1ccc(CC(C)NCC(O)COc2ccccc2)cc1,7 9 10 11 12 13 14,c1ccc(CCNCCCOc2ccccc2)cc1,test,411.4200000000001,3.366200000000002,0.5871233530205848,29,46
subcategory_bioisostere.add-F_924,CCOC(=O)C(CCCc1ccccc1Cl)OC(F)(F)F,1,bioisostere,add-F,CCOC(=O)C1(CCCc2ccccc2Cl)CO1,0 1 2 3 4 6 7 8 9 10 11 12 13 14 15 16 17 18 19,c1ccc(CCCC2CO2)cc1,train,324.726,4.130800000000003,0.7073878871867374,21,33
subcategory_bioisostere.add-F_526,COCC1=C(C(=O)OC)[C@H](c2ccc(F)c(F)c2)N(C(=O)N[C@@H]2CC[C@@H](N3CCC(c4ccccc4C#N)CC3)C2)C(=O)N1,0,authentic,authentic,,,O=C1NC=C[C@H](c2ccccc2)N1C(=O)N[C@@H]1CC[C@@H](N2CCC(c3ccccc3)CC2)C1,train,607.658,4.486580000000004,0.44491679919452237,44,93
subcategory_bioisostere.add-F_567,Cc1cnc(NC(=O)C2=C(O)c3ccccc3SN2)s1,0,authentic,authentic,,,O=C(Nc1nccs1)C1=Cc2ccccc2SN1,train,305.384,2.9271200000000004,0.7439409207997315,20,34
subcategory_bioisostere.add-F_396,c1ccc2c(COc3ccc(OCCCc4nnn[nH]4)cc3)nccc2c1,0,authentic,authentic,,,c1ccc2c(COc3ccc(OCCCc4nnn[nH]4)cc3)nccc2c1,val,361.405,3.3385000000000016,0.4845373131140777,27,42
subcategory_bioisostere.add-F_1447,Nc1ccn([C@H]2CS[C@@H](COF)O2)c(=O)n1,1,bioisostere,add-F,Nc1ccn(C2CS[C@H](CO)O2)c(=O)n1,4 5 6 7 8 9 10 11 12,O=c1ncccn1C1CSCO1,train,247.25099999999998,0.3147,0.8279675532675937,16,36
subcategory_bioisostere.add-F_808,CN(C)CCC1(c2ccc(OC(F)(F)F)cc2)CCCCC1,1,bioisostere,add-F,COc1ccc(C2(CCN(C)C)CCCCC2)cc1,0 1 2 3 4 5 6 7 8 10 11 12 13 14 15 16 17 18 19 20 21,c1ccc(C2CCCCC2)cc1,train,315.37900000000013,4.738800000000004,0.7780247295912366,22,36
subcategory_bioisostere.add-F_836,Cc1nc(-c2ccc(OC(F)F)c(-c3cncs3)c2)sc1C(=O)O,1,bioisostere,add-F,Cc1nc(-c2ccc(OC3CCCC3)c(-c3cncs3)c2)sc1C(=O)O,2 3 4,c1csc(-c2ccc(OC3CCCC3)c(-c3cncs3)c2)n1,train,368.386,4.541620000000002,0.7156553450122883,24,43
subcategory_bioisostere.add-F_378,CC1CCC(=NNc2ccc(Cl)c(Cl)c2)c2ncc(C(=O)O)c(=O)n21,0,authentic,authentic,,,O=c1ccnc2n1CCCC2=NNc1ccccc1,test,381.2190000000001,3.4193000000000024,0.7945933459029513,25,48
subcategory_bioisostere.add-F_943,CCN1CCC[C@H]1CNC(=O)c1c(OC)ccc(Br)c1OC(F)(F)F,1,bioisostere,add-F,CCN1CCC[C@H]1CNC(=O)c1c(OC)ccc(Br)c1OC(C)=O,0 1 2 3 4 5 6 7 8 9 10 11 12 13 14 15 16 17 18 20 21 22 23,O=C(NC[C@@H]1CCCN1)c1ccccc1,train,425.24500000000006,3.570400000000002,0.7576107219478797,25,45
subcategory_bioisostere.add-F_1226,FC(F)(F)Oc1ccc(Sc2ccc(NC3=NCCN3)cc2)cc1,1,bioisostere,add-F,CC(C)Oc1ccc(Sc2ccc(NC3=NCCN3)cc2)cc1,0 1 2 3 4 6 7 8 9 10 11 12 13 14 15 16 17 18 19 20 21 22,c1ccc(Sc2ccc(NC3=NCCN3)cc2)cc1,train,353.3690000000001,4.107500000000002,0.8684442799673577,24,39
subcategory_bioisostere.add-F_804,N[C@@H](Cc1ccccc1)C(OC(F)F)[C@@H](N)Cc1ccccc1,1,bioisostere,add-F,N[C@@H](Cc1ccccc1)C(O)[C@@H](N)Cc1ccccc1,0 1 2 3 4 5 6 7 8 10 11 12 13 14 15 16 17 18 19 20 21 22,c1ccc(CCCCCc2ccccc2)cc1,train,320.3829999999999,2.7342000000000013,0.7860321615176252,23,45
subcategory_bioisostere.add-F_494,CC(=O)c1ccc2c(c1)CN(CCC(=O)c1ccc3c(c1)OCCO3)C2,0,authentic,authentic,,,O=C(CCN1Cc2ccccc2C1)c1ccc2c(c1)OCCO2,val,351.4020000000001,3.2490000000000014,0.7742056500385602,26,46
subcategory_bioisostere.add-F_1536,Oc1ccc2c(c1)OC[C@@H](N1CCC(O)(c3ccccc3)CC1)[C@H]2OC(F)(F)F,1,bioisostere,add-F,Oc1ccc2c(c1)OC[C@@H](N1CCC(O)(c3ccccc3)CC1)[C@H]2O,0 1 2 3 4 5 6 7 8 9 10 11 12 13 14 15 16 17 18 19 20 21 22 24 25 26 27,c1ccc(C2CCN([C@@H]3COc4ccccc4C3)CC2)cc1,train,409.4040000000001,3.7143000000000024,0.8093883688145793,29,58
subcategory_bioisostere.add-F_1457,CC(CCCN)Nc1cc(OCC(F)(F)F)c(Oc2ccccc2)c2cccnc12,1,bioisostere,add-F,COc1cc(NC(C)CCCN)c2ncccc2c1Oc1ccccc1,0 1 2 3 4 5 6 7 8 10 11 12 13 14 15 16 17 18 19 20 21 22 23 24 25 26 27 28 29,c1ccc(Oc2cccc3ncccc23)cc1,train,419.44700000000006,5.507500000000004,0.47880428462263813,30,46
subcategory_bioisostere.add-F_608,C1CCNCC1.OCCOCCN1CCN(C(c2ccccc2)c2ccc(Cl)cc2)CC1,0,authentic,authentic,,,C1CCNCC1.c1ccc(C(c2ccccc2)N2CCNCC2)cc1,test,460.0620000000001,3.815800000000003,0.5875701362177327,32,48
subcategory_bioisostere.add-F_69,Cc1noc(C)c1C(c1ccc(C(C)C)cc1)N1CCN(C)CC1,0,authentic,authentic,,,c1ccc(C(c2cnoc2)N2CCNCC2)cc1,test,327.47200000000015,3.7516400000000028,0.8559642710199533,24,40
subcategory_bioisostere.add-F_1290,Cc1cc(N2CCc3c(C(N)=O)nn(-c4ccc(OC(F)(F)F)c(F)c4)c3C2=O)ccc1N1CCC1=O,1,bioisostere,add-F,COc1ccc(-n2nc(C(N)=O)c3c2C(=O)N(c2ccc(N4CCC4=O)c(C)c2)CC3)cc1F,3 4 5,O=C1CCN1c1ccc(N2CCc3cnn(-c4ccccc4)c3C2=O)cc1,train,517.4390000000003,3.256920000000002,0.41277938737511005,37,67
subcategory_bioisostere.add-F_398,CCCNCc1ccc(Oc2ccc3c(c2)OCO3)cc1.Cl,0,authentic,authentic,,,c1ccc(Oc2ccc3c(c2)OCO3)cc1,train,321.8039999999999,4.129000000000004,0.8120729174904227,22,34
subcategory_bioisostere.add-F_604,CN(C)CCC[C@]1(c2ccc(Sc3ccc(F)cc3)cc2)OCc2cc(C#N)ccc21,0,authentic,authentic,,,c1ccc(Sc2ccc(C3OCc4ccccc43)cc2)cc1,train,432.5640000000002,5.964180000000006,0.461229561017915,31,53
subcategory_bioisostere.add-F_1131,COc1ccccc1C(O)(c1ccccc1OC(F)(F)F)C(C)CN1CCCC1,1,bioisostere,add-F,COc1ccccc1C(O)(c1ccccc1OC)C(C)CN1CCCC1,3 4 5,c1ccc(C(CCN2CCCC2)c2ccccc2)cc1,train,409.4480000000002,4.561600000000004,0.7280000496687585,29,45
subcategory_bioisostere.add-F_887,CCN1CCC(O)(c2cccc(OC(F)F)c2F)CC1,1,bioisostere,add-F,CCN1CCC(O)(c2cccc(OC(F)(F)F)c2F)CC1,0 1 2 3 4 5 6 7 8 9 10 12 13 14 15 16 17 18 19,c1ccc(C2CCNCC2)cc1,train,289.2970000000001,2.7304000000000013,0.9248297879097394,20,32
subcategory_bioisostere.add-F_375,COc1ccc(O)cc1C(C)(C)C(C)(C)c1cc(O)ccc1OC,0,authentic,authentic,,,c1ccc(CCc2ccccc2)cc1,train,330.42400000000004,4.3704000000000045,0.8544505400451984,24,40
subcategory_bioisostere.add-F_780,CCNc1cccnc1N1CCN(C(=O)c2ccc3ccccc3c2)CC1,0,authentic,authentic,,,O=C(c1ccc2ccccc2c1)N1CCN(c2ccccn2)CC1,train,360.46100000000007,3.6290000000000022,0.7718495221384964,27,40
subcategory_bioisostere.add-F_871,CCCCc1nc(Cl)c(COF)n1Cc1ccc(-c2occc2C(=O)O)cc1,1,bioisostere,add-F,CCCCc1nc(Cl)c(CO)n1Cc1ccc(-c2occc2C(=O)O)cc1,0 1 2 3 4 5 6 7 8 10 11 12 13 14 15 16 17 18 19 20 21 22 23 24 25 26 27,c1coc(-c2ccc(Cn3ccnc3)cc2)c1,val,406.8410000000001,5.286700000000005,0.5222445383027499,28,45
subcategory_bioisostere.add-F_948,C[C@H](N[C@@H](CCc1ccccc1)C(=O)OC(F)F)C(=O)N1CCCC[C@H]1CC(=O)O,1,bioisostere,add-F,CCOC(=O)[C@H](CCc1ccccc1)N[C@@H](C)C(=O)N1CCCC[C@H]1CC(=O)O,0 1 2 3 4 5 6 7 8 9 10 11 13 14 15 16 17 18 19 20 21 22 23 24 25 26 27 28 29,O=C(CNCCCc1ccccc1)N1CCCCC1,val,426.4600000000003,2.5875000000000004,0.5586167180666965,30,62
subcategory_bioisostere.add-F_726,COc1cc2c(cc1OC)C(=O)C(CCCN(C)CCc1ccc(OC(F)F)cc1)CC2,0,authentic,authentic,,,O=C1c2ccccc2CCC1CCCNCCc1ccccc1,train,447.52200000000016,5.005000000000005,0.4849514577100244,32,51
subcategory_bioisostere.add-F_1464,CN(C)c1ccnc(CS(=O)c2nc3ccc(OCC(F)(F)F)cc3[nH]2)c1F,1,bioisostere,add-F,COc1ccc2nc(S(=O)Cc3nccc(N(C)C)c3F)[nH]c2c1,16 17 18 19 20 21 22,O=S(Cc1ccccn1)c1nc2ccccc2[nH]1,train,416.40000000000003,3.411900000000002,0.6239193015927164,28,50
subcategory_bioisostere.add-F_1133,COc1cc2c(c(OC(F)(F)F)c1OC)-c1ccc(N)c(=O)cc1[C@@H](NC(C)=O)CC2,1,bioisostere,add-F,COc1cc2c(c(OC)c1OC)-c1ccc(N)c(=O)cc1[C@@H](NC(C)=O)CC2,3 4 5,O=c1cccc2c(c1)CCCc1ccccc1-2,train,438.4020000000002,3.3352000000000013,0.7597710052153877,31,61
subcategory_bioisostere.add-F_25,COc1cc2c(c(OC)c1OC)-c1ccc(OP(=O)([O-])O)cc1[C@@H](NC(C)=O)CC2,0,authentic,authentic,,,c1ccc2c(c1)CCCc1ccccc1-2,train,436.37700000000024,2.3423,0.6611172119333956,30,61
subcategory_bioisostere.add-F_13,CCN(C)C(=O)CCN1CCc2c(C(F)(F)F)nn(-c3ccc(OC)cc3)c2C1=O,0,authentic,authentic,,,O=C1NCCc2cnn(-c3ccccc3)c21,train,424.4230000000001,2.766400000000001,0.7153716372254559,30,53
subcategory_bioisostere.add-F_650,CCCCC1(c2ccccc2C)NC(=O)NC1=O,0,authentic,authentic,,,O=C1NC(=O)C(c2ccccc2)N1,train,246.30999999999997,2.21992,0.8002323049582214,18,28
subcategory_bioisostere.add-F_1559,O=C(OCC(F)(F)F)[C@@H]1C[C@H]2C[C@@H](c3ccccc3-c3nn[nH]n3)CC[C@H]2CN1,1,bioisostere,add-F,O=C(O)[C@@H]1C[C@H]2C[C@@H](c3ccccc3-c3nn[nH]n3)CC[C@H]2CN1,1 2 3 4 5 6 7,c1ccc([C@H]2CC[C@H]3CNCC[C@H]3C2)c(-c2nn[nH]n2)c1,train,409.4120000000002,2.8340000000000005,0.7547729147440413,29,68
subcategory_bioisostere.add-F_1272,CN(C)CCNc1nccc2c(OC(F)(F)F)cc3c(c4ccccc4n3C)c12,1,bioisostere,add-F,COc1cc2c(c3ccccc3n2C)c2c(NCCN(C)C)nccc12,0 1 2 3 4 5 6 7 8 9 10 12 13 14 15 16 17 18 19 20 21 22 23 24 25 26 27 28,c1ccc2c(c1)[nH]c1ccc3ccncc3c12,train,402.42000000000013,4.751800000000004,0.5231199011774944,29,47
subcategory_bioisostere.add-F_1448,CC(C)c1nc(-c2c(F)cccc2OF)sc1C(=O)O,1,bioisostere,add-F,COc1cccc(F)c1-c1nc(C(C)C)c(C(=O)O)s1,0 1 2 3 4 5 6 7 8 9 10 11 13 14 15 16 17 18 19,c1ccc(-c2nccs2)cc1,train,299.29800000000006,4.034100000000002,0.9254601417602435,20,34
subcategory_bioisostere.add-F_185,CN1c2cc(Cl)c(S(N)(=O)=O)cc2S(=O)(=O)NC1[C@H](CON([O-])O)ON([O-])O,0,authentic,authentic,,,O=S1(=O)NCNc2ccccc21,train,463.8340000000002,-1.348599999999998,0.3435499078575866,28,65
subcategory_bioisostere.add-F_1385,O=C(NC1CCCCC1)NS(=O)(=O)c1ccc(CCNC(=O)c2cc(Cl)ccc2OC(F)F)cc1,1,bioisostere,add-F,O=C(NC1CCCCC1)NS(=O)(=O)c1ccc(CCNC(=O)c2cc(Cl)ccc2OCc2ccc(F)cc2)cc1,0 1 2 3 4 5 6 7 8 9 10 11 12 13 14 15 16 17 18 19 20 21 22 23 24 25 26 27 29 30 31 32 33 34,O=C(NC1CCCCC1)NS(=O)(=O)c1ccc(CCNC(=O)c2ccccc2OCc2ccccc2)cc1,train,529.9930000000003,4.234500000000003,0.4495693027012537,35,60
subcategory_bioisostere.add-F_1302,COc1ccc(-n2nc(C(N)=O)c3c2C(=O)N(c2ccc(C4(CN(C)CCOC(F)F)CC4)cc2)CC3)cc1,1,bioisostere,add-F,COc1ccc(-n2nc(C(N)=O)c3c2C(=O)N(c2ccc(C4(CN5CCOCC5)CC4)cc2)CC3)cc1,0 1 2 3 4 5 6 8,O=C1c2c(cnn2-c2ccccc2)CCN1c1ccc(C2(CN3CCOCC3)CC2)cc1,train,539.5830000000003,3.3853000000000018,0.4008977303966057,39,70
subcategory_bioisostere.add-F_35,O=C1Nc2ccc(Cl)cc2C(CN(C(=O)O)c2ccc(F)cc2)(C2CC2)O1,0,authentic,authentic,,,O=C1Nc2ccccc2C(CNc2ccccc2)(C2CC2)O1,train,390.7980000000001,4.831100000000003,0.7831522787676773,27,50
subcategory_bioisostere.add-F_365,C[N@@+]1(CCc2ccccc2)CCC(OC(=O)C(O)(c2cccs2)c2cccs2)C1,0,authentic,authentic,,,O=C(OC1CC[NH+](CCc2ccccc2)C1)C(c1cccs1)c1cccs1,train,428.59900000000005,4.050300000000004,0.4561794599631617,29,53
subcategory_bioisostere.add-F_783,C=CCc1c(O)n(Cc2ccc(F)cc2)c2nc3c(n2c1=O)C(=O)N(C)CN3C,0,authentic,authentic,,,O=C1NCNc2nc3n(Cc4ccccc4)ccc(=O)n3c21,train,397.4100000000002,1.5967999999999996,0.6764576131306843,29,52
subcategory_bioisostere.add-F_958,CC(C)(C)c1cc(NC(=O)Nc2ccc(Cl)cc2)c(C(=O)OC(F)(F)F)s1,1,bioisostere,add-F,COC(=O)c1sc(C(C)(C)C)cc1NC(=O)Nc1ccc(Cl)cc1,0 1 2 3 4 5 6 7 8 9 10 11 12 13 14 15 16 17 18 20 21 22 23 24 25,O=C(Nc1ccccc1)Nc1ccsc1,train,420.8400000000001,6.019600000000002,0.5964428825134253,27,52
subcategory_bioisostere.add-F_1046,Cc1[nH]c2c(C(N)=O)ccc(NC[C@@H](F)CN(C)C)c2c1C,1,bioisostere,add-F,C#CC(=O)N1CC[C@H](Nc2ccc(C(N)=O)c3[nH]c(C)c(C)c23)C1,1 2 3 4 5 6 7,c1cc(N[C@H]2CCNC2)c2cc[nH]c2c1,train,306.38500000000005,2.19524,0.7656955339996051,22,45
subcategory_bioisostere.add-F_1054,CCCOc1cccc(C(=O)NCCN2CCOCC2)c1OC(F)(F)F,1,bioisostere,add-F,O=C(NCCN1CCOCC1)c1cccc2c1OCCCO2,0 1 2 3 4 5 6 7 8 9 10 11 12 13 14 15 16 17 18 19 21 22 23 24,O=C(NCCN1CCOCC1)c1cccc2c1OCCCO2,test,376.37500000000006,2.436,0.7552732560775847,26,39
subcategory_bioisostere.add-F_1408,CCCCN1CCN(c2nc3ccccc3n2CCOC(F)F)CC1,1,bioisostere,add-F,CCCCN1CCN(c2nc3ccccc3n2CCOCC)CC1,0 1 2 3 4 5 6 7 8 9 10 11 12 13 14 15 16 17 19 20 21 22 23 24,c1ccc2[nH]c(N3CCNCC3)nc2c1,test,352.4290000000001,3.197600000000002,0.7305698794449418,25,35
subcategory_bioisostere.add-F_1207,COc1cccc(OC(CCN(C)C)c2ccc(F)cc2)c1OC(F)(F)F,1,bioisostere,add-F,CN(C)CCC(Oc1cccc2c1OCO2)c1ccc(F)cc1,21 22 23 24 25 26,c1ccc(COc2cccc3c2OCO3)cc1,val,387.373,4.804700000000004,0.6088534916983864,27,43
subcategory_bioisostere.add-F_447,CCOC(=O)OC[C@@H]1O[C@H](n2cnc(C(N)=O)n2)[C@@H](OC(=O)OCC)[C@H]1OC(=O)OCC,0,authentic,authentic,,,c1ncn([C@@H]2CCCO2)n1,train,460.3960000000003,0.5309000000000004,0.39683239208178434,32,72
subcategory_bioisostere.add-F_754,COc1ccccc1/C=C/c1nc2c(c(=O)n(C)c(=O)n2C)n1C,0,authentic,authentic,,,O=c1[nH]c(=O)c2[nH]c(/C=C/c3ccccc3)nc2[nH]1,val,326.35600000000005,1.1497,0.7237763826819735,24,43
subcategory_bioisostere.add-F_145,CCCCOc1ccc(S(C)(=O)=O)cc1C(=O)Nc1c(CC)nn(Cc2ccccn2)c1C(N)=O,0,authentic,authentic,,,O=C(Nc1cnn(Cc2ccccn2)c1)c1ccccc1,val,499.59300000000025,2.822400000000001,0.3856852148279526,35,59
subcategory_bioisostere.add-F_1324,NCc1ccc(N2C(=O)C(CC[C@H](O)c3ccc(F)cc3)C2c2ccc(OC(F)F)cc2)cc1,1,bioisostere,add-F,COc1ccc(C2C(CC[C@H](O)c3ccc(F)cc3)C(=O)N2c2ccc(CN)cc2)cc1,0 1 2 3 4 5 6 7 8 9 10 11 12 13 14 15 16 17 18 19 20 21 22 23 24 26 27 28 29 30 31 32 33,O=C1C(CCCc2ccccc2)C(c2ccccc2)N1c1ccccc1,train,470.4910000000001,5.103700000000004,0.4267083299701594,34,61
subcategory_bioisostere.add-F_310,CN(CCO)S(=O)(=O)c1ccc2oc3ccc(C(=O)O)cc3c(=O)c2c1,0,authentic,authentic,,,O=c1c2ccccc2oc2ccccc12,test,377.37400000000014,1.2571999999999999,0.6412005873954721,26,48
subcategory_bioisostere.add-F_1268,CNC(=O)NS(=O)Oc1cc(CCNC(=O)c2cc(Cl)ccc2OC(F)(F)F)ccc1C,1,bioisostere,add-F,CNC(=O)NS(=O)Oc1cc(CCNC(=O)c2cc(Cl)ccc2OC)ccc1C,0 1 2 3 4 5 6 7 8 9 10 11 12 13 14 15 16 17 18 19 20 21 23 24 25 26 27 28 29 30 31,O=C(NCCc1ccccc1)c1ccccc1,train,493.89100000000013,3.4060200000000016,0.5224272995892865,32,54
subcategory_bioisostere.add-F_290,Cc1noc(NS(=O)(=O)c2cccc3ccc(N)cc23)c1C,0,authentic,authentic,,,O=S(=O)(Nc1ccno1)c1cccc2ccccc12,val,317.3700000000001,2.8276400000000006,0.7237674838146811,22,38
subcategory_bioisostere.add-F_612,NS(=O)c1cc(C(=O)O)c(NCc2ccco2)cc1Cl,0,authentic,authentic,,,c1ccc(NCc2ccco2)cc1,train,314.75,2.2245999999999997,0.7843933611245387,20,35
subcategory_bioisostere.add-F_101,C=C(CNC(=O)c1ccc2c(c1)c(Cc1ccc(C(=O)NS(=O)(=O)c3ccccc3C)cc1OC)cn2C)CC(F)(F)F,0,authentic,authentic,,,O=C(NS(=O)(=O)c1ccccc1)c1ccc(Cc2c[nH]c3ccccc23)cc1,test,613.6580000000001,5.4432200000000055,0.2317934303129404,43,76
subcategory_bioisostere.add-F_1442,CN1CC=C(c2c[nH]c3ccc(OC(F)(F)F)cc23)CC1,1,bioisostere,add-F,COc1ccc2[nH]cc(C3=CCN(C)CC3)c2c1,0 1 2 3 4 5 6 7 8 9 10 12 13 14 15 16 17 18 19 20,C1=C(c2c[nH]c3ccccc23)CCNC1,train,296.2920000000001,3.785400000000002,0.9130757999943242,21,39
subcategory_bioisostere.add-F_1178,CN1CCC(OCC(F)(F)F)(c2nc(-c3ccc(F)cc3)c(-c3ccncc3)[nH]2)CC1,1,bioisostere,add-F,CN1CCC(O)(c2nc(-c3ccc(F)cc3)c(-c3ccncc3)[nH]2)CC1,4 5 6 7 8 9 10,c1ccc(-c2nc(C3CCNCC3)[nH]c2-c2ccncc2)cc1,test,434.4370000000001,4.777600000000005,0.5876960337344105,31,58
subcategory_bioisostere.add-F_774,CN(CCC(Oc1ccc(C(F)(F)F)cc1)c1ccccc1)CC(=O)O,0,authentic,authentic,,,c1ccc(COc2ccccc2)cc1,train,367.3670000000001,4.232000000000003,0.7585482554291003,26,43
subcategory_bioisostere.add-F_1547,CCCC(O)(CCN1CCCCC1)c1ccc(OC(F)F)cc1,1,bioisostere,add-F,CCCOc1ccc(C(O)(CCC)CCN2CCCCC2)cc1,0 1 2 3 4 5 6 7 8 9 10 11 12 13 14 15 17 18 19 20 21,c1ccc(CCCN2CCCCC2)cc1,val,327.4149999999999,4.1517000000000035,0.7783363491882039,23,35
subcategory_bioisostere.add-F_36,C=CCOc1ccnc(CS(=O)c2nc3cc(OC(F)F)c(C)cc3[nH]2)c1C,0,authentic,authentic,,,O=S(Cc1ccccn1)c1nc2ccccc2[nH]1,train,407.44200000000006,4.048740000000002,0.5703008778037588,28,49
subcategory_bioisostere.add-F_150,CCC.COc1ccc(Cl)cc1C(N)=O.NS(=O)(=O)c1ccccc1,0,authentic,authentic,,,c1ccccc1.c1ccccc1,train,386.901,3.197800000000001,0.8425764353945682,25,43
subcategory_bioisostere.add-F_723,CN(C)CCNC(=O)c1cn(Cc2ccc(F)cc2)c2ccccc12,0,authentic,authentic,,,c1ccc(Cn2ccc3ccccc32)cc1,train,339.41400000000004,3.1201000000000016,0.7491542368177588,25,40
subcategory_bioisostere.add-F_878,N=c1nc(N2CCCCC2)cc(N)n1OC(F)F,1,bioisostere,add-F,N=c1nc(N2CCCCC2)cc(N)n1O.NC(=O)O,0 1 2 3 4 5 6 7 8 9 10 11 12 14 15 16,N=c1nc(N2CCCCC2)cc[nH]1,train,259.26,0.58627,0.8320311878651819,18,29
subcategory_bioisostere.add-F_748,NCc1cc(Cl)cc(-c2nnc(N)nc2-c2ccc(F)cc2)c1,0,authentic,authentic,,,c1ccc(-c2ncnnc2-c2ccccc2)cc1,train,329.766,3.0390000000000006,0.770345285870116,23,40
subcategory_bioisostere.add-F_217,CCS(=O)(=O)C[C@H](CC1CCCCC1)NCc1ccc(C(=O)N[C@@H](CCS(C)(=O)=O)C(=O)O)c(-c2ccccc2C)c1,0,authentic,authentic,,,c1ccc(-c2cccc(CNCCC3CCCCC3)c2)cc1,train,620.8340000000002,4.1430200000000035,0.26928006579581115,42,84
subcategory_bioisostere.add-F_1427,COc1cccc(C(O)(c2cccc(OC(F)(F)F)c2)C(C)CN2CCCC2)c1,1,bioisostere,add-F,COc1cccc(C(O)(c2cccc(OC)c2)C(C)CN2CCCC2)c1,0 1 2 3 4 5 6 7 8 9 10 11 12 14 15 16 17 18 19 20 21 22 23 24 25 26 27 28,c1ccc(C(CCN2CCCC2)c2ccccc2)cc1,train,409.4480000000002,4.561600000000004,0.7280000496687585,29,49
subcategory_bioisostere.add-F_1132,CN(C)C[C@H]1CCCC[C@]1(OC(F)(F)F)c1cccc(O)c1,1,bioisostere,add-F,CO[C@]1(c2cccc(O)c2)CCCC[C@@H]1CN(C)C,0 1 2 3 4 5 6 7 8 10 11 12 13 14 15 16 17 18 19 20 21,c1ccc(C2CCCCC2)cc1,train,317.351,3.875700000000003,0.9146793428572083,22,43
subcategory_bioisostere.add-F_1187,C/C=C(\c1ccccc1OCC(F)(F)F)n1ccnc1,1,bioisostere,add-F,C/C=C(\c1ccccc1OCC(O)CNC(C)(C)C)n1ccnc1,0 1 2 3 4 5 6 7 9 10 11 12 13 14 15 16 17 18 19,C=C(c1ccccc1)n1ccnc1,train,282.26499999999993,3.7333000000000025,0.8539424861929921,20,33
subcategory_bioisostere.add-F_349,COc1cc(N)c(Cl)cc1C(=O)OCCN1CCC(CNC(=O)c2ccccc2F)CC1,0,authentic,authentic,,,O=C(NCC1CCN(CCOC(=O)c2ccccc2)CC1)c1ccccc1,train,463.93700000000024,3.3687000000000022,0.46023331591135086,32,51
subcategory_bioisostere.add-F_1129,CCN(C(=O)COC(F)(F)F)c1ccc(NC(=O)[C@@H](N)CNC(=O)c2ccc(Cl)s2)cc1F,1,bioisostere,add-F,N[C@@H](CNC(=O)c1ccc(Cl)s1)C(=O)Nc1ccc(N2CCOCC2=O)c(F)c1,5 6 7 8 9 10,O=C(CCNC(=O)c1cccs1)Nc1ccc(N2CCOCC2=O)cc1,train,510.89700000000016,3.1257,0.44853503331687833,33,64
subcategory_bioisostere.add-F_1498,CN[C@@H](CNC(=O)c1ccc(Cl)s1)C(=O)Nc1ccc(N(C)C(=O)COC(F)(F)F)cc1F,1,bioisostere,add-F,CN[C@@H](CNC(=O)c1ccc(Cl)s1)C(=O)Nc1ccc(N2CCOCC2=O)cc1F,0 1 2 3 4 5 6 7 8 10,O=C(CCNC(=O)c1cccs1)Nc1ccc(N2CCOCC2=O)cc1,train,510.89700000000016,2.9963000000000015,0.45042773300577615,33,64
subcategory_bioisostere.add-F_769,CC(c1nncs1)C(O)(Cn1cncn1)c1ccccc1F,0,authentic,authentic,,,c1ccc(C(Cc2nncs2)Cn2cncn2)cc1,train,319.365,1.9601999999999997,0.7777389865225115,22,34
subcategory_bioisostere.add-F_861,NCCCc1cccc(OC(F)(F)F)c1,1,bioisostere,add-F,NCCCc1cccc(OCCCc2ccccc2)c1,0 1 2 3 4 5 6 7 9 10 11 12 13,c1ccc(CCCOc2ccccc2)cc1,train,219.20599999999993,2.4765000000000006,0.843810575730275,15,23
subcategory_bioisostere.add-F_927,FC(F)Oc1ccnc(CSc2nc3ccc(C(F)(F)F)cc3[nH]2)c1,1,bioisostere,add-F,COc1ccnc(CSc2nc3ccc(C(F)(F)F)cc3[nH]2)c1,0 1 2 3 5 6 7 8 9 10 11 12 13 14 15 16 17 18 19 20 21 22 23,c1ccc(CSc2nc3ccccc3[nH]2)nc1,train,375.322,4.870400000000002,0.5106244802140519,25,44
subcategory_bioisostere.add-F_1253,CCCCC1(CCCC)CS(=O)(=O)c2ccc(N(C)C)cc2[C@@H](c2ccc(OC(F)(F)F)cc2)[C@H]1O,1,bioisostere,add-F,CCCCC1(CCCC)CS(=O)(=O)c2ccc(N(C)C)cc2[C@@H](c2ccc(OCCC[N+]34CCN(CC3)CC4)cc2)[C@H]1O,3 4 5,O=S1(=O)CCC[C@H](c2ccc(OCCC[N+]34CCN(CC3)CC4)cc2)c2ccccc21,train,527.6490000000002,6.298100000000008,0.4147219575006735,36,71
subcategory_bioisostere.add-F_821,CCOc1cc2nc(S(=O)C3CCC(OC(F)(F)F)c4cc(C)cnc43)[nH]c2cc1F,1,bioisostere,add-F,CCOc1cc2nc(S(=O)C3CCC(OC)c4cc(C)cnc43)[nH]c2cc1F,3 4 5,O=S(c1nc2ccccc2[nH]1)C1CCCc2cccnc21,train,457.44900000000007,5.024320000000004,0.5444386789737289,31,55
subcategory_bioisostere.add-F_236,OC(C(O)(Cn1cncn1)c1ccc(F)cc1)C(F)(F)C(F)(F)F,0,authentic,authentic,,,c1ccc(CCn2cncn2)cc1,train,355.238,1.8634999999999995,0.8036348348774693,24,44
subcategory_bioisostere.add-F_1556,O=c1cc(-c2ccccc2)oc2cc(OC(F)(F)F)ccc12,1,bioisostere,add-F,CNCC(O)COc1ccc2c(=O)cc(-c3ccccc3)oc2c1,13 14 15 16 17 18,O=c1cc(-c2ccccc2)oc2ccccc12,train,306.239,4.358600000000002,0.7059807583829414,22,38
subcategory_bioisostere.add-F_1103,NC(=O)NCc1ccc(S(=O)(=O)NC(=O)c2ccccc2OCC(F)(F)F)cc1,1,bioisostere,add-F,COc1ccccc1C(=O)NS(=O)(=O)c1ccc(CNC(N)=O)cc1,3 4 5 6,O=C(NS(=O)(=O)c1ccccc1)c1ccccc1,train,431.39200000000005,1.9146999999999994,0.6171988818819354,29,51
subcategory_bioisostere.add-F_436,CCCc1nn(C)c2c(=O)[nH]c(-c3cc(S(=O)(=O)N4CCC(=O)/C(=C/c5ccc(F)cc5)C4)ccc3OCC)nc12,0,authentic,authentic,,,O=C1CCN(S(=O)(=O)c2cccc(-c3nc4cn[nH]c4c(=O)[nH]3)c2)C/C1=C\c1ccccc1,train,579.6540000000001,3.8610000000000033,0.31416840005441865,41,80
subcategory_bioisostere.add-F_503,CCOC(=O)N1CCN(C(=O)C(Cc2cccc(C(=N)N)c2)NS(=O)(=O)c2c(C(C)C)cc(C(C)C)cc2C(C)C)CC1,0,authentic,authentic,,,O=C(C(Cc1ccccc1)NS(=O)(=O)c1ccccc1)N1CCNCC1,train,613.825,4.531170000000004,0.2507682966121854,43,80
subcategory_bioisostere.add-F_1128,O=C(C1CC1)N1CCN([C@@H]2CCc3ccc(OC(F)(F)F)cc32)CC1,1,bioisostere,add-F,COc1ccc2c(c1)[C@H](N1CCN(C(=O)C3CC3)CC1)CC2,0 1 2 3 4 5 6 7 8 9 10 11 12 13 14 16 17 18 19 20 21 22 23 24,O=C(C1CC1)N1CCN([C@@H]2CCc3ccccc32)CC1,train,354.3720000000001,3.1267000000000014,0.8361338848038653,25,49
subcategory_bioisostere.add-F_21,C.CN(C)CCC[C@@]1(c2ccc(F)cc2)OCc2cc(C#N)ccc21.O=C(O)C(=O)O,0,authentic,authentic,,,c1ccc(C2OCc3ccccc32)cc1,train,430.47600000000017,3.604680000000002,0.6973123868690377,31,58
subcategory_bioisostere.add-F_48,CCCCCC(=O)N[C@H]1CCc2cc(OC)c(OC)c(OC)c2-c2ccc(OC)c(=O)cc21,0,authentic,authentic,,,O=c1cccc2c(c1)CCCc1ccccc1-2,train,455.5510000000002,4.432000000000004,0.5633905269262898,33,58
subcategory_bioisostere.add-F_1341,FC(F)(F)Oc1ccc2[nH]c3c(c2c1)CCNCC3c1ccccc1,1,bioisostere,add-F,COc1ccc2[nH]c3c(c2c1)CCNCC3c1ccccc1,0 1 2 3 4 6 7 8 9 10 11 12 13 14 15 16 17 18 19 20 21 22 23 24,c1ccc(C2CNCCc3c2[nH]c2ccccc32)cc1,train,346.35200000000003,4.344100000000003,0.7240662590128866,25,42
subcategory_bioisostere.add-F_222,CCCCCCN[C@@H]1CC[C@@]2(O)[C@H]3Cc4ccc(O)c5c4[C@@]2(CCN3CC2CC2)[C@H]1O5,0,authentic,authentic,,,c1cc2c3c(c1)O[C@H]1CCCC4[C@@H](C2)N(CC2CC2)CC[C@@]341,train,426.6010000000003,3.4948000000000023,0.5555422219987747,31,70
subcategory_bioisostere.add-F_414,CCC(=O)Oc1ccc2[nH]c(C(=O)c3cc4ccccc4[nH]3)cc2c1,0,authentic,authentic,,,O=C(c1cc2ccccc2[nH]1)c1cc2ccccc2[nH]1,train,332.35900000000004,4.195600000000002,0.3340769077067688,25,47
subcategory_bioisostere.add-F_1560,Cc1[nH+]c(-c2ccc(OCC(C)C)c(C#N)c2)sc1C(=O)OCC(F)(F)F,1,bioisostere,add-F,Cc1[nH+]c(-c2ccc(OCC(C)C)c(C#N)c2)sc1C(=O)O,19 21 22 23 24 25 26,c1ccc(-c2[nH+]ccs2)cc1,train,399.4140000000001,4.1632000000000025,0.6838494527230986,27,52
subcategory_bioisostere.add-F_87,CCN(CCNC(=O)c1cc(Cl)c(N)cc1OC)Cc1ccccc1OC,0,authentic,authentic,,,O=C(NCCNCc1ccccc1)c1ccccc1,test,391.89900000000017,3.191300000000002,0.6417716280456919,27,41
subcategory_bioisostere.add-F_316,CNc1ccc2c(cc1=O)[C@@H](NC(C)=O)CCc1cc(OC)c(OC)c(OC)c1-2,0,authentic,authentic,,,O=c1cccc2c(c1)CCCc1ccccc1-2,train,398.4590000000002,2.904700000000001,0.8055589445398164,29,55
subcategory_bioisostere.add-F_502,COc1cc2c(c(OC)c1OC)-c1ccc(SC)c(=O)cc1[C@@H](NCC(C)C)CC2,0,authentic,authentic,,,O=c1cccc2c(c1)CCCc1ccccc1-2,train,429.5820000000003,4.694400000000004,0.6443896614933874,30,55
subcategory_bioisostere.add-F_243,CCCc1nn(C)c2c(=S)nc(-c3cc(S(=O)(=O)N4CCN(CCO)CC4)ccc3OC)[nH]c12,0,authentic,authentic,,,O=S(=O)(c1cccc(-c2nc(=S)c3[nH]ncc3[nH]2)c1)N1CCNCC1,val,506.6540000000004,1.9525899999999998,0.44554329431413753,34,63
subcategory_bioisostere.add-F_623,CCOc1cc(-c2nc(C)c(C(=O)O)s2)ccc1OCc1ccccc1F,0,authentic,authentic,,,c1ccc(COc2ccc(-c3nccs3)cc2)cc1,test,387.43200000000013,4.933520000000002,0.6222635782619267,27,43
subcategory_bioisostere.add-F_1242,CCOc1cc2c(cc1OCC(F)(F)F)C(=O)C(F)(CC1CCN(CC3CCCC3)CC1)C2,1,bioisostere,add-F,CCOc1cc2c(cc1OCC)C(=O)C(F)(CC1CCN(CC3CCCC3)CC1)C2,0 1 2 3 4 5 6 7 9 10 11 12 13 14 15 16 17 18 19 20 21 22 23 24 25 26 27 28 29 30 31 32,O=C1c2ccccc2CC1CC1CCN(CC2CCCC2)CC1,train,471.5350000000004,5.765800000000006,0.45173632843948314,33,56
subcategory_bioisostere.add-F_762,COC(=O)c1sc(-c2ccccc2)cc1NC(=O)Nc1ccc(C)cc1,0,authentic,authentic,,,O=C(Nc1ccccc1)Nc1csc(-c2ccccc2)c1,train,366.4420000000001,5.1541200000000025,0.6272584222205245,26,43
subcategory_bioisostere.add-F_421,Cl.N[C@@H](Cc1ccc(Oc2ccc(Oc3ccccc3)cc2)cc1)C(=O)O,0,authentic,authentic,,,c1ccc(Oc2ccc(Oc3ccccc3)cc2)cc1,train,385.84700000000004,4.647400000000004,0.6183524726092281,27,49
subcategory_bioisostere.add-F_520,CC(O)(C(O)(Cn1cncn1)c1ccc(F)cc1F)C(F)(F)C(F)(F)F,0,authentic,authentic,,,c1ccc(CCn2cncn2)cc1,train,387.255,2.3927000000000005,0.7734489182317053,26,48
subcategory_bioisostere.add-F_1153,Cc1cnc(NC(=O)C2=C(OCC(F)(F)F)c3ccccc3S(=O)(=O)N2C)s1,1,bioisostere,add-F,CN(C)C=O.Cc1cnc(NC(=O)C2=C(O)c3ccccc3S(=O)(=O)N2C)s1,0 1 2 3 4 5 6 7 8 10 11 12 13 14 15 16 17 18 19 20 21 22 23 24 25 26 27,O=C(Nc1nccs1)C1=Cc2ccccc2S(=O)(=O)N1,train,433.43300000000005,2.971820000000001,0.8010386638577887,28,52
subcategory_bioisostere.add-F_443,CCOCn1c(=O)n(C)c(=O)c2c1ncn2C,0,authentic,authentic,,,O=c1[nH]c(=O)c2[nH]cnc2[nH]1,train,238.24699999999999,-0.5722999999999994,0.717468759235746,17,29
subcategory_bioisostere.add-F_444,CCCN(CCC)P(=O)(O)OCCOCn1cnc2c(=O)[nH]c(N)nc21.N,0,authentic,authentic,,,O=c1[nH]cnc2[nH]cnc12,train,405.3960000000001,1.0769000000000006,0.3113394854320354,27,47
subcategory_bioisostere.add-F_390,CCOC(=O)CCC(=O)N(C)CCCNc1ccnc2cc(Cl)ccc12,0,authentic,authentic,,,c1ccc2ncccc2c1,train,377.872,3.491900000000002,0.5346336403439146,26,41
subcategory_bioisostere.add-F_336,CO[C@@]12CC[C@@]3(C[C@@H]1CNC/C=C/c1ccccc1)[C@H]1Cc4ccc(O)c5c4[C@@]3(CCN1C)[C@H]2O5,0,authentic,authentic,,,C(=C\c1ccccc1)/CNC[C@H]1C[C@@]23CCC1[C@@H]1Oc4cccc5c4[C@@]12CCN[C@@H]3C5,train,472.62900000000036,4.1395000000000035,0.619253572214059,35,83
subcategory_bioisostere.add-F_1037,Cc1nc(-c2cc(F)c(OCC(F)(F)F)c(F)c2)sc1C(=O)O,1,bioisostere,add-F,Cc1nc(-c2cc(F)c(OCC3CC3)c(F)c2)sc1C(=O)O,3 4 5 6,c1csc(-c2ccc(OCC3CC3)cc2)n1,train,353.268,4.0360200000000015,0.843238440705395,23,43
subcategory_bioisostere.add-F_312,CC(C)(N)C(=O)NCCC(NC(CCc1ccccc1)C(=O)O)C(=O)N1CCC[C@H]1C(=O)O,0,authentic,authentic,,,O=C(CNCCCc1ccccc1)N1CCCC1,train,462.5470000000003,0.34980000000000383,0.29713243747291435,33,61
subcategory_bioisostere.add-F_424,O=C(CCc1ccccc1)NCCc1c(-c2ccccc2)[nH]c2ccccc12,0,authentic,authentic,,,O=C(CCc1ccccc1)NCCc1c(-c2ccccc2)[nH]c2ccccc12,train,368.48,5.126400000000004,0.4667873962508478,28,45
subcategory_bioisostere.add-F_796,CCCOc1ccc(Oc2ccc(C(F)(F)F)cc2C(=O)NC2=CCNC=C2)cc1,0,authentic,authentic,,,O=C(NC1=CCNC=C1)c1ccccc1Oc1ccccc1,train,418.4150000000001,5.017100000000005,0.6632221494438939,30,49
subcategory_bioisostere.add-F_727,CC(=O)c1c(C)[nH]c(C(=O)N2CCc3ccccc32)c1C,0,authentic,authentic,,,O=C(c1ccc[nH]1)N1CCc2ccccc21,val,282.343,3.037040000000002,0.860720479448447,21,40
subcategory_bioisostere.add-F_181,CCOc1cc(OC)ccc1C1=N[C@@H](c2ccc(Br)cc2)[C@@H](c2ccc(Br)cc2)N1C(=O)N1CCN(CCO)CC1,0,authentic,authentic,,,O=C(N1CCNCC1)N1C(c2ccccc2)=N[C@@H](c2ccccc2)[C@H]1c1ccccc1,test,686.4449999999996,5.893600000000009,0.320032598146497,41,79
subcategory_bioisostere.add-F_1219,CC1CN(C)CCC1(O)c1cccc(OC(F)(F)F)c1,1,bioisostere,add-F,CC(C)Oc1cccc(C2(O)CCN(C)CC2C)c1,0 1 2 3 4 5 6 7 8 9 10 11 12 14 15 16 17 18,c1ccc(C2CCNCC2)cc1,train,289.29699999999997,2.7444000000000006,0.9084240700704077,20,34
subcategory_bioisostere.add-F_269,C[C@@H]1O[C@@H](O[C@H]2CC[C@@]3(C)[C@@H](CC[C@@H]4[C@@H]3CC[C@]3(C)[C@@H](C5=CC(=O)OC5)CC[C@@]43O)C2)C[C@H](O)[C@@H]1O,0,authentic,authentic,,,O=C1C=C([C@H]2CCC3C2CC[C@@H]2C4CC[C@H](O[C@H]5CCCCO5)C[C@@H]4CC[C@@H]32)CO1,val,504.6640000000003,3.4853000000000027,0.3991419426867758,36,118
subcategory_bioisostere.add-F_98,COC(=O)[C@H](CCc1ccccc1)NC(C)C(=O)N1C2CCCCCC2C[C@H]1C(=O)O,0,authentic,authentic,,,O=C(CNCCCc1ccccc1)N1CCC2CCCCCC21,train,430.54500000000036,2.7733,0.6159520335112187,31,58
subcategory_bioisostere.add-F_446,CC(CCC1CCCCC1)CC(CN)CC(=O)O,0,authentic,authentic,,,C1CCCCC1,train,255.40199999999996,3.4227000000000007,0.6982069014352736,18,27
subcategory_bioisostere.add-F_1540,CNC1CCc2cc(O)c(OC(F)F)c(OC)c2-c2ccc(OC)c(=O)cc21,1,bioisostere,add-F,CNC1CCc2cc(O)c(OC)c(OC)c2-c2ccc(OC)c(=O)cc21,3 4,O=c1cccc2c(c1)CCCc1ccccc1-2,train,393.38600000000014,3.2447000000000017,0.8122727493580449,28,48
subcategory_bioisostere.add-F_1013,FC(F)(F)COc1ccc2ccccc2c1,1,bioisostere,add-F,CCCCNCCCCCOc1ccc2ccccc2c1,0 1 2 3 4 5 6,c1ccc2ccccc2c1,train,226.19700000000003,3.7809000000000017,0.7566888260456188,16,24
subcategory_bioisostere.add-F_812,O=C(CC1CCN1C(=O)OCC(F)(F)F)N1CCC(c2noc3cc(F)ccc23)CC1,1,bioisostere,add-F,CC(C)(C)OC(=O)N1CCC1CC(=O)N1CCC(c2noc3cc(F)ccc23)CC1,0 1 2 3 4 5 6 8 9 10 11 12 13 14 15 16 17 18 19 20 21 22 23 24 25 26 27 28 29 30,O=C(CC1CCN1)N1CCC(c2noc3ccccc23)CC1,train,443.3970000000002,3.8362000000000034,0.6716645967119215,31,53
subcategory_bioisostere.add-F_1315,CCCCc1nc(C(=O)OC(F)F)c(C(=O)OCC)n1Cc1ccc(-c2ccccc2-c2nn[nH]n2)cc1,1,bioisostere,add-F,CCCCc1nc(C(=O)OCC)c(C(=O)OCC)n1Cc1ccc(-c2ccccc2-c2nn[nH]n2)cc1,3 4,c1ccc(-c2nn[nH]n2)c(-c2ccc(Cn3ccnc3)cc2)c1,train,524.5280000000002,4.677200000000004,0.2805961486373763,38,65
subcategory_bioisostere.add-F_701,CCOc1ccccc1/C=C1\NC(=O)NC1=O,0,authentic,authentic,,,O=C1NC(=O)/C(=C/c2ccccc2)N1,train,232.23899999999998,1.2655999999999998,0.6087534294903337,17,28
subcategory_bioisostere.add-F_1294,COc1ccc2c(c1)OC1(CCNCC1)CC2c1ccc(OC(F)F)c(O)c1,1,bioisostere,add-F,COc1ccc2c(c1)OC1(CCNCC1)CC2c1ccc2c(c1)OCO2,0 1 2 3 4 5 6 7 8 9 10 11 12 13 14 15 16 17 18 19 21 22 23 24 25 26,c1ccc2c(c1)OC1(CCNCC1)CC2c1ccc2c(c1)OCO2,val,391.414,4.038800000000003,0.8239045788614293,28,46
subcategory_bioisostere.add-F_930,CCCc1nn(C)c2c(=O)[nH]c(-c3cc(S(=O)(=O)Cl)ccc3OC(F)(F)F)nc12,1,bioisostere,add-F,CCCc1nn(C)c2c(=O)[nH]c(-c3cc(S(=O)(=O)Cl)ccc3OCC)nc12,21 22 23 24 25 26,O=c1[nH]c(-c2ccccc2)nc2cn[nH]c12,train,450.8260000000001,3.1022000000000007,0.5984484683593971,29,59
subcategory_bioisostere.add-F_1285,COc1cc2c(CCN(C)C)c[nH]c2c(OC(F)(F)F)c1OC,1,bioisostere,add-F,COc1cc2c(CCN(C)C)c[nH]c2c(OC)c1OC,3 4 5,c1ccc2[nH]ccc2c1,train,332.32200000000006,3.187800000000001,0.8824712969792105,23,40
subcategory_bioisostere.add-F_146,CO[C@]12CC[C@@]3(C[C@@H]1COCc1ccccc1C)[C@H]1Cc4ccc(OCCO)c5c4[C@@]3(CCN1C)[C@H]2O5,0,authentic,authentic,,,c1ccc(COC[C@H]2C[C@@]34CCC2[C@@H]2Oc5cccc6c5[C@@]23CCN[C@@H]4C6)cc1,val,505.6550000000004,4.027220000000003,0.5848024693129978,37,81
subcategory_bioisostere.add-F_908,CCCCc1ccc(Nc2nc(OC(F)(F)F)c3[nH]cnc3n2)cc1,1,bioisostere,add-F,CCCCc1ccc(Nc2nc(O)c3[nH]cnc3n2)cc1,0 1 2 3 4 5 6 7 8 9 10 12 13 14 15 16 17 18 19 20 21 22 23 24,c1ccc(Nc2ncc3[nH]cnc3n2)cc1,train,351.332,4.3377000000000026,0.6909396885200048,25,42
subcategory_bioisostere.add-F_1001,CC(c1ccccc1)n1c2c(c3cc(F)ccc31)CCCC2CC(=O)OF,1,bioisostere,add-F,CC(c1ccccc1)n1c2c(c3cc(F)ccc31)CCCC2CC(=O)O,0 1 2 3 4 5 6 7 8 9 10 11 12 13 14 15 16 17 18 19 20 21 22 24 25,c1ccc(Cn2c3c(c4ccccc42)CCCC3)cc1,test,369.4110000000001,5.627400000000004,0.5969559553038236,27,44
subcategory_bioisostere.add-F_432,CCn1ccc(=O)c2cc(F)c(N3CCNCC3)cc21,0,authentic,authentic,,,O=c1cc[nH]c2cc(N3CCNCC3)ccc12,train,275.32699999999994,1.5700999999999998,0.9037299628071116,20,33
subcategory_bioisostere.add-F_504,COc1cc2c(c(OC)c1OC)-c1ccc(C(C)(C)C)c(=O)cc1[C@@H](NC(C)=O)CC2,0,authentic,authentic,,,O=c1cccc2c(c1)CCCc1ccccc1-2,train,425.5250000000002,4.1605000000000025,0.7962508820548059,31,61
subcategory_bioisostere.add-F_642,COc1cc2c(cc1O[11CH3])C(=O)C(CC1CCN(Cc3ccccc3)CC1)C2,0,authentic,authentic,,,O=C1c2ccccc2CC1CC1CCN(Cc2ccccc2)CC1,train,378.5004336000002,4.361100000000004,0.7485827807535519,28,51
subcategory_bioisostere.add-F_1120,O=C(c1ccccc1)c1ccc(OCC(F)(F)F)cc1,1,bioisostere,add-F,O=C(c1ccccc1)c1ccc(OC[C@H](O)C[NH+]2CCC[C@H](C(F)(F)F)C2)cc1,4 5 6,O=C(c1ccccc1)c1ccc(OCCC[NH+]2CCCCC2)cc1,train,280.24499999999995,3.8587000000000016,0.7948780230688847,20,33
subcategory_bioisostere.add-F_842,COc1ccc([C@@H]2[C@@H](CCOC(F)(F)F)C(=O)N2c2ccccc2)cc1,1,bioisostere,add-F,COc1ccc([C@@H]2[C@@H](CCOc3ccc(F)cc3F)C(=O)N2c2ccccc2)cc1,0 1 2 3 4 5 6 7 8 10 11 12 13 14 15 16 17 18 19 20 21 22 23 24 25,O=C1[C@H](CCOc2ccccc2)[C@@H](c2ccccc2)N1c1ccccc1,train,365.351,4.325800000000003,0.7156796163762357,26,53
subcategory_bioisostere.add-F_272,CCn1cc(C(=O)O)c(=O)c2c(O)c(F)c(N3CCNC(C)C3)c(F)c21,0,authentic,authentic,,,O=c1cc[nH]c2cc(N3CCNCC3)ccc12,train,367.3520000000001,1.5015,0.7611898497869947,26,50
subcategory_bioisostere.add-F_1378,O=C(CC1CCCN(C(=O)OC(F)(F)F)C1)N1CCC(c2noc3cc(F)ccc23)CC1,1,bioisostere,add-F,O=C(O)N1CCCC(CC(=O)N2CCC(c3noc4cc(F)ccc34)CC2)C1,0 1 2 3 4 5 6 7 9 10 11 12 13 14 15 16 17 18 19 20 21 22 23 24 25 26 27 28 29 30 31,O=C(CC1CCCNC1)N1CCC(c2noc3ccccc23)CC1,train,457.42400000000026,4.431400000000004,0.6377296455849698,32,56
subcategory_bioisostere.add-F_1436,CCOC(=O)c1cc(O)cc(OC(F)(F)F)c1C(=O)c1c(O)cc(C)cc1O,1,bioisostere,add-F,CCOC(=O)c1cc(O)cc(OC)c1C(=O)c1c(O)cc(C)cc1O,0 1 2 3 4 5 6 7 8 9 11 12 13 14 15 16 17 18 19 20 21 22 23 24 25 26 27,O=C(c1ccccc1)c1ccccc1,train,400.3050000000001,3.4181200000000014,0.5206074890816064,28,50
subcategory_bioisostere.add-F_1277,Cc1cc(/C=C/c2cccnc2)cc(C(C)(C)C)c1OC(F)F,1,bioisostere,add-F,Cc1cc(/C=C/c2cccnc2)cc(C(C)(C)C)c1O,2 3 4,C(=C\c1cccnc1)/c1ccccc1,train,317.37899999999996,5.4593200000000035,0.7468099187184942,23,40
subcategory_bioisostere.add-F_1002,COc1cc2c(cc1OC(F)(F)F)CC(Cc1cccc(F)c1)(CN1CCCCC1)C2=O,1,bioisostere,add-F,COc1cc2c(cc1OC)C(=O)C(Cc1cccc(F)c1)(CN1CCCCC1)C2,0 1 2 3 4 5 6 8 9 10 11 12 13 14 15 16 17 18 19 20 21 22 23 24 25 26 27 28 29 30 31,O=C1c2ccccc2CC1(Cc1ccccc1)CN1CCCCC1,train,451.46000000000026,5.186700000000005,0.567211309458635,32,53
subcategory_bioisostere.add-F_1507,CCOCc1cc(C(CC)C(CC)c2ccc(O)c(COCC(F)(F)F)c2)ccc1O,1,bioisostere,add-F,CCOCc1cc(C(CC)C(CC)c2ccc(O)c(COCC)c2)ccc1O,0 1 2 3 4 5 6 7 8 9 10 11 12 13 14 15 16 17 18 20 21 22 23 24 25 26 27 28 29 30,c1ccc(CCc2ccccc2)cc1,train,440.5020000000001,6.400600000000007,0.42444066776684614,31,49
subcategory_bioisostere.add-F_1052,CC(C)n1c(/C=C/C(O)CC(O)CC(=O)OC(F)(F)F)c(-c2ccc(F)cc2)c2ccccc21,1,bioisostere,add-F,CCCCOC(=O)CC(O)CC(O)/C=C/c1c(-c2ccc(F)cc2)c2ccccc2n1C(C)C,3 4 5,c1ccc(-c2c[nH]c3ccccc23)cc1,train,479.4700000000001,5.606500000000006,0.32567458597566246,34,63
subcategory_bioisostere.add-F_1137,CO[C@H]1C[C@H](O[C@H]2CC[C@@]3(C)[C@H](CC[C@@H]4[C@@H]3CC[C@]3(C)[C@@H](C5=CC(=O)OC5)[C@@H](OF)C[C@]43O)C2)O[C@@H](C)[C@@H]1O,1,bioisostere,add-F,CO[C@H]1C[C@H](O[C@H]2CC[C@@]3(C)[C@H](CC[C@@H]4[C@@H]3CC[C@]3(C)[C@@H](C5=CC(=O)OC5)[C@@H](OC(C)=O)C[C@]43O)C2)O[C@@H](C)[C@@H]1O,27 28 29,O=C1C=C([C@H]2CCC3C2CC[C@@H]2C4CC[C@H](O[C@H]5CCCCO5)C[C@H]4CC[C@@H]32)CO1,train,552.6800000000004,4.019000000000004,0.38954721614257243,39,125
subcategory_bioisostere.add-F_1151,CC(C(N)=O)C1(c2ccc(N3CCc4c(C(F)(F)F)nn(-c5ccc(OC(F)(F)F)cc5)c4C3=O)cc2)CCC1,1,bioisostere,add-F,COc1ccc(-n2nc(C(F)(F)F)c3c2C(=O)N(c2ccc(C4(C(C)C(N)=O)CCC4)cc2)CC3)cc1,0 1 2 3 4 5 6 7 8 9 10 11 12 13 14 15 16 17 18 19 20 21 22 23 25 26 27 28 29 30 31 32 33 34 35 36 37 38 39,O=C1c2c(cnn2-c2ccccc2)CCN1c1ccc(C2CCC2)cc1,test,566.502,5.535700000000004,0.39730698445341706,40,75
subcategory_bioisostere.add-F_910,O=C(NC1CCCCC1)NS(=O)(=O)c1ccc(C(O)CNC(=O)c2cc(Cl)ccc2OC(F)(F)F)cc1,1,bioisostere,add-F,COc1ccc(Cl)cc1C(=O)NCC(O)c1ccc(S(=O)(=O)NC(=O)NC2CCCCC2)cc1,0 1 2 3 4 5 6 7 8 9 10 11 12 13 14 15 16 17 18 19 20 21 22 23 24 25 26 27 28 30 31 32 33 34 35 36,O=C(NC1CCCCC1)NS(=O)(=O)c1ccc(CCNC(=O)c2ccccc2)cc1,train,563.9820000000003,4.022600000000002,0.38321175772212324,37,66
subcategory_bioisostere.add-F_4,CC(C)CC(NC(=O)C(Cc1ccccc1)Cc1ccccc1)C(=O)N[C@@H](CC1CCCCC1)[C@@H](O)CS(=O)(=O)C(C)C,0,authentic,authentic,,,O=C(CNC(=O)C(Cc1ccccc1)Cc1ccccc1)NCCC1CCCCC1,train,612.8770000000003,5.258200000000006,0.2395390402370782,43,83
subcategory_bioisostere.add-F_1376,Cc1[nH]c2c(C(N)=O)ccc(NC[C@H](F)CN(C)C)c2c1C,1,bioisostere,add-F,C#CC(=O)N1CC[C@H](Nc2ccc(C(N)=O)c3[nH]c(C)c(C)c23)C1,1 2 3 4 5 6 7,c1cc(N[C@H]2CCNC2)c2cc[nH]c2c1,train,306.38500000000005,2.19524,0.7656955339996051,22,44
subcategory_bioisostere.add-F_515,COCCOCCOC(=O)[C@@H]1CCCN1C(=O)[C@H](C)N[C@@H](CCc1ccccc1)C(=O)O,0,authentic,authentic,,,O=C(CNCCCc1ccccc1)N1CCCC1,train,450.53200000000015,1.247700000000003,0.32153394504458527,32,63
subcategory_bioisostere.add-F_118,CC(=N)N(C)CCCC1(c2ccc(F)cc2)OCc2cc(C#N)ccc21,0,authentic,authentic,,,c1ccc(C2OCc3ccccc32)cc1,train,351.42500000000007,4.180350000000003,0.6492381096697853,26,44
subcategory_bioisostere.add-F_557,CN1CCN(C2=Nc3cc(Cl)ccc3N(O)c3ccccc32)CC1,0,authentic,authentic,,,c1ccc2c(c1)N=C(N1CCNCC1)c1ccccc1N2,train,342.8300000000001,3.506400000000002,0.7952891936165508,24,40
subcategory_bioisostere.add-F_363,CCCc1nc(CC)c(C(=O)OCC2OC(=O)OC2C(C)(C)C)n1Cc1ccc(-c2ccccc2-c2nn[nH]n2)cc1,0,authentic,authentic,,,O=C1OCC(COC(=O)c2cncn2Cc2ccc(-c3ccccc3-c3nn[nH]n3)cc2)O1,train,572.6660000000002,5.400300000000005,0.24787916756395229,42,73
subcategory_bioisostere.add-F_676,COc1ccc2c3c1OC1C[C@@H](O)C=C[C@@]31CCN(C)C2.Cl,0,authentic,authentic,,,C1=C[C@@]23CCNCc4cccc(c42)OC3CC1,train,323.82,2.2721000000000005,0.8051198156461598,22,46
subcategory_bioisostere.add-F_578,CCN(CC)COc1ccc2occ(C(=O)c3cc(OC)ccc3OC)c2c1.Cl,0,authentic,authentic,,,O=C(c1ccccc1)c1coc2ccccc12,train,419.90500000000014,4.780900000000005,0.36713203814249445,29,46
subcategory_bioisostere.add-F_687,CCN(CC)C(=O)[C@H](C)NC(=O)CNC(=O)CN1CCCC1=O,0,authentic,authentic,,,O=C1CCCN1,val,326.3970000000001,-0.9018999999999968,0.6036287574166151,23,43
subcategory_bioisostere.add-F_876,CCCC(N)(CO)CCc1ccc(OCC(F)(F)F)cc1,1,bioisostere,add-F,CCCCCCCOc1ccc(CCC(N)(CO)CCC)cc1,0 1 2 3 4 5 6 7 8 9 10 11 13 14 15 16 17 18 19 20,c1ccccc1,train,305.34,3.050200000000002,0.7759124652665192,21,33
subcategory_bioisostere.add-F_458,CCN[C@H]1C[C@H](C)S(=O)(=O)c2sc(S(N)(=O)=O)cc21.Cc1cnc(NC(=O)C2=C(O)c3ccccc3S(=O)(=O)N2C)s1,0,authentic,authentic,,,O=C(Nc1nccs1)C1=Cc2ccccc2S(=O)(=O)N1.O=S1(=O)CCCc2ccsc21,train,675.8580000000003,2.562920000000001,0.31093313406247247,42,91
subcategory_bioisostere.add-F_30,CCCOC(=O)COCC(=O)N1CCN(C(c2ccccc2)c2ccc(Cl)cc2)CC1,0,authentic,authentic,,,c1ccc(C(c2ccccc2)N2CCNCC2)cc1,train,444.9590000000002,3.5434000000000028,0.5534864083220552,31,50
subcategory_bioisostere.add-F_1094,Oc1nc2ccccc2n1C1CCN(C2CCCCC2OC(F)F)CC1,1,bioisostere,add-F,Oc1nc2ccccc2n1C1CCN(C2CCCCC2O)CC1,0 1 2 3 4 5 6 7 8 9 10 11 12 13 14 15 16 17 18 20 21 22 23 24 25,c1ccc2c(c1)ncn2C1CCN(C2CCCCC2)CC1,train,365.42400000000004,3.9292000000000034,0.8919752223631745,26,38
subcategory_bioisostere.add-F_777,CCCC(C)O[C@H]1C[C@](C)(O)C23OC(C)(C)C(C[C@H](OC(=O)c4ccco4)[C@]2(C)[C@H]1OC(C)=O)[C@H]3OC(=O)c1ccco1,0,authentic,authentic,,,O=C(O[C@H]1CC2COC3(CCCCC13)[C@@H]2OC(=O)c1ccco1)c1ccco1,train,602.6770000000002,4.857600000000005,0.31040962443776693,43,100
subcategory_bioisostere.add-F_860,COc1cc2c(cc1OC(F)(F)F)C(=O)C(CC1CCN(Cc3cccc(CN)c3)CC1)C2,1,bioisostere,add-F,COc1cc2c(cc1OC)C(=O)C(CC1CCN(Cc3cccc(CN)c3)CC1)C2,0 1 2 3 4 5 6 8 9 10 11 12 13 14 15 16 17 18 19 20 21 22 23 24 25 26 27 28 29 30 31 32,O=C1c2ccccc2CC1CC1CCN(Cc2ccccc2)CC1,train,462.51200000000034,4.709800000000003,0.6457708622332251,33,56
subcategory_bioisostere.add-F_1443,CC(=O)N(CCOCC(F)(F)F)c1ccc(NC(=O)[C@H](CNC(=O)c2ccc(Cl)s2)N(CC(C)C)CC(F)F)cc1F,1,bioisostere,add-F,CC(C)CN(CC(F)F)[C@@H](CNC(=O)c1ccc(Cl)s1)C(=O)Nc1ccc(N2CCOCC2=O)c(F)c1,5 6 7 8 9 10 11,O=C(CCNC(=O)c1cccs1)Nc1ccc(N2CCOCC2=O)cc1,train,645.0660000000003,5.432600000000005,0.19935988298141122,42,78
subcategory_bioisostere.add-F_868,CN(CC1=Nc2c(cc(NC(=O)OC(F)(F)F)nc2N)NC1)c1ccc(Cl)cc1,1,bioisostere,add-F,CCOC(=O)Nc1cc2c(c(N)n1)N=C(CN(C)c1ccc(Cl)cc1)CN2,3 4 5,c1ccc(NCC2=Nc3cnccc3NC2)cc1,train,428.80200000000013,4.019900000000002,0.6789910750514556,29,52
subcategory_bioisostere.add-F_342,C[N+]1(CCCCC2=CC(=O)CS2)CC[C@@H](OC(=O)C(O)(c2cccs2)c2cccs2)C1,0,authentic,authentic,,,O=C1C=C(CCCC[NH+]2CC[C@@H](OC(=O)C(c3cccs3)c3cccs3)C2)SC1,train,478.68100000000015,4.177700000000004,0.33284279493556257,31,62
subcategory_bioisostere.add-F_1225,CCCCc1nc(C(C)O)c(C(=O)OCC(F)(F)F)n1Cc1ccc(-c2ccccc2-c2nn[nH]n2)cc1,1,bioisostere,add-F,CCCCc1nc(C(C)O)c(C(=O)OCC)n1Cc1ccc(-c2ccccc2-c2nn[nH]n2)cc1,4 5 6,c1ccc(-c2nn[nH]n2)c(-c2ccc(Cn3ccnc3)cc2)c1,train,528.5350000000002,4.893500000000004,0.2813195203305424,38,66
subcategory_bioisostere.add-F_1165,Cc1nc2c(OC(F)(F)F)n[nH]c(=O)c2n1Cc1ccc(-c2ccccc2-c2nn[nH]n2)cc1,1,bioisostere,add-F,Cc1nc2c(OC(=O)C(C)C)n[nH]c(=O)c2n1Cc1ccc(-c2ccccc2-c2nn[nH]n2)cc1,0 1 2 3 5 6 7 8 9 10 11 12 13 14 15 16 17 18 19 20 21 22 23 24 25 26 27 28 29 30 31 32 33,O=c1[nH]ncc2ncn(Cc3ccc(-c4ccccc4-c4nn[nH]n4)cc3)c12,train,468.3990000000001,3.2220200000000006,0.4054376098283579,34,63
subcategory_bioisostere.add-F_530,CCSCC(NC(=O)[C@@H](Cc1c(Br)[nH]c2ccccc12)NC(=O)C(CC(C)C)NC(=O)N1[C@H](C)CCC[C@@H]1C)C(=O)O,0,authentic,authentic,,,O=C(CNC(=O)N1CCCCC1)NCCc1c[nH]c2ccccc12,train,666.683,4.667400000000003,0.21045035094025136,42,90
subcategory_bioisostere.add-F_1570,CC1(C)N=C(N)N=C(N)N1c1cccc(COC(F)F)c1,1,bioisostere,add-F,CC(C)c1cccc(OCc2cccc(N3C(N)=NC(N)=NC3(C)C)c2)c1,0 1 2 3 4 5 6 7 8 9 10 11 12 13 14 16 17 18 19,C1=NC=NCN1c1cccc(COc2ccccc2)c1,train,297.309,1.6112999999999997,0.8832727582957902,21,37
subcategory_bioisostere.add-F_1075,CNC1CCc2cc(O)c(OCC(F)(F)F)c(OC)c2-c2ccc(OC)c(=O)cc21,1,bioisostere,add-F,CNC1CCc2cc(O)c(OC)c(OC)c2-c2ccc(OC)c(=O)cc21,3 4 5 6,O=c1cccc2c(c1)CCCc1ccccc1-2,train,425.4030000000002,3.5844000000000023,0.7627501393067012,30,52
subcategory_bioisostere.add-F_898,COc1c(C)c(OCC(F)(F)F)cc2c1COC2=O,1,bioisostere,add-F,COc1c(C)c(OCC=C(C)C)cc2c1COC2=O,0 1 2 3 4 6 7 8 9 10 11 12 13 14 15 16 17 18,O=C1OCc2ccccc21,train,276.21,2.615120000000001,0.7959880033278518,19,32
subcategory_bioisostere.add-F_912,O=C(O)CC(CC(O)/C=C/c1c(C2CC2)nc2ccccc2c1-c1ccc(F)cc1)OC(F)(F)F,1,bioisostere,add-F,COC(CC(=O)O)CC(O)/C=C/c1c(C2CC2)nc2ccccc2c1-c1ccc(F)cc1,0 1 2 3 5 6 7 8 9 10 11 12 13 14 15 16 17 18 19 20 21 22 23 24 25 26 27 28 29 30 31 32 33,c1ccc(-c2cc(C3CC3)nc3ccccc23)cc1,train,489.4650000000001,6.062200000000005,0.35726889625261193,35,62
subcategory_bioisostere.add-F_1456,COc1ccc(S(=O)(=O)N(CC2CCCC2)C[C@@H](O)CN(CCc2ccccc2)C(=O)OC(F)F)cc1,1,bioisostere,add-F,COc1ccc(S(=O)(=O)N(CC2CCCC2)C[C@@H](O)CN(CCc2ccccc2)C(=O)OC2CCS(=O)(=O)C2)cc1,0 1 2 3 4 5 6 7 8 9 10 11 12 13 14 15 16 17 18 19 20 21 22 23 24 25 26 27 28 30 31 32 33 34 35 36,O=C(OC1CCS(=O)(=O)C1)N(CCCN(CC1CCCC1)S(=O)(=O)c1ccccc1)CCc1ccccc1,train,540.6290000000002,4.140900000000004,0.4103551908963561,37,67
subcategory_bioisostere.add-F_588,CCC(=O)O/N=C1\COC2(CCN(C)CC2)C1,0,authentic,authentic,,,N=C1COC2(CCNCC2)C1,train,240.30299999999994,1.1803,0.5370080309849813,17,31
subcategory_bioisostere.add-F_1138,O=C1CC2(CCN(C(=O)c3ccccc3OC(F)(F)F)CC2)CN1,1,bioisostere,add-F,O=C1CC2(CCN(C(=O)c3ccccc3OC(F)(F)C(F)F)CC2)CN1,5,O=C1CC2(CCN(C(=O)c3ccccc3)CC2)CN1,train,342.3170000000001,2.3275,0.8974105575405349,24,42
subcategory_bioisostere.add-F_1328,CC(CCc1ccccc1)NC(C)C(O)c1ccc(OC(F)F)cc1,1,bioisostere,add-F,CC(CCc1ccccc1)NC(C)C(O)c1ccc(O)cc1,0 1 2 3 4 5 6 7 8 9 10 11 12 13 14 15 16 17 19 20 21 22 23,c1ccc(CCCNCCc2ccccc2)cc1,train,349.42100000000005,4.320800000000004,0.7083155633914298,25,39
subcategory_bioisostere.add-F_1000,COc1c(OC(F)F)cc2c(CCN(C)C)c[nH]c2c1OC,1,bioisostere,add-F,COc1cc2c(CCN(C)C)c[nH]c2c(OC)c1OC,3 4,c1ccc2[nH]ccc2c1,train,314.33200000000005,2.890600000000001,0.8534746686315228,22,37
subcategory_bioisostere.add-F_1230,CS[C@@H]1C[C@@H](C(=O)O)N(C(=O)[C@H](C)N[C@@H](CCc2ccccc2)C(=O)OCC(F)(F)F)C1,1,bioisostere,add-F,CCOC(=O)[C@H](CCc1ccccc1)N[C@@H](C)C(=O)N1C[C@H](SC)C[C@H]1C(=O)O,0 1 2 3 4 5 6 7 8 9 10 11 12 13 14 15 16 17 18 19 20 21 22 24 25 26 27 28 29 30 31,O=C(CNCCCc1ccccc1)N1CCCC1,train,476.5170000000002,2.4885,0.5011639176172386,32,76
subcategory_bioisostere.add-F_380,CC(C)n1c(/C=C/CO[P+](=O)CC(O)CC(=O)O)c(-c2ccc(F)cc2)c2ccccc21,0,authentic,authentic,,,c1ccc(-c2c[nH]c3ccccc23)cc1,train,458.44600000000014,5.636100000000005,0.38422753998431836,32,61
subcategory_bioisostere.add-F_1161,CO[C@@H]([C@@H](OCC(F)(F)F)O[C@H]1CC[C@@]2(C)[C@H](CC[C@@H]3[C@@H]2CC[C@]2(C)C(C4=CC(=O)OC4)=CC[C@]32O)C1)[C@H]([CH]O)OC,1,bioisostere,add-F,CO[C@H]1[C@H](O[C@H]2CC[C@@]3(C)[C@H](CC[C@@H]4[C@@H]3CC[C@]3(C)C(C5=CC(=O)OC5)=CC[C@]43O)C2)O[C@H](C)[C@H](O)[C@@H]1OC,3 4 5 6 7 8 9,O=C1C=C(C2=CCC3C2CC[C@@H]2C4CC[C@H](O[C@H]5CCCCO5)C[C@H]4CC[C@@H]32)CO1,train,601.6790000000004,5.0179900000000055,0.26599854941232354,42,120
subcategory_bioisostere.add-F_589,Cc1cc(SC2=C(O)OC(CCc3ccc(O)cc3)(C(C)C)CC2=O)c(C(C)(C)C)cc1NS(=O)(=O)c1ccc(C(F)(F)F)cn1,0,authentic,authentic,,,O=C1CC(CCc2ccccc2)OC=C1Sc1ccc(NS(=O)(=O)c2ccccn2)cc1,train,678.7950000000003,8.048920000000006,0.20767267435550135,46,86
subcategory_bioisostere.add-F_100,N#Cc1ccc(Cn2ccnc2)cc1Oc1cccc(F)c1,0,authentic,authentic,,,c1ccc(Oc2cccc(Cn3ccnc3)c2)cc1,test,293.30100000000004,3.7344800000000022,0.7360649863142283,22,33
subcategory_bioisostere.add-F_1298,COc1cc2c(cc1OC(F)F)C(=O)C(CC1CCN(Cc3ccccc3)CC1)C2,1,bioisostere,add-F,COc1cc2c(cc1OC1CCCC1)C(=O)C(CC1CCN(Cc3ccccc3)CC1)C2,0 1 2 3 4 5 6 8 9 10 11 12 13 14 15 16 17 18 19 20 21 22 23 24 25 26 27 28 29,O=C1c2cc(OC3CCCC3)ccc2CC1CC1CCN(Cc2ccccc2)CC1,val,415.4800000000002,4.953900000000004,0.6412041361168173,30,49
subcategory_bioisostere.add-F_1561,CN1CCC(c2ccccc2-c2ccccc2OCC(F)(F)F)C1,1,bioisostere,add-F,COc1ccccc1-c1ccccc1C1CCN(C)C1,0 1 2 3 4 5 6 7 8 9 10 11 12 13 14 15 17 18 19 20 21 22 23,c1ccc(-c2ccccc2C2CCNC2)cc1,test,335.36899999999997,4.7138000000000035,0.8019418839236833,24,37
subcategory_bioisostere.add-F_445,CC(=O)NCCOC(=O)C(CCc1ccccc1)N[C@@H](C)C(=O)N1CCC[C@H]1C(=O)O,0,authentic,authentic,,,O=C(CNCCCc1ccccc1)N1CCCC1,train,433.5050000000002,0.720800000000001,0.3468436442486439,31,60
subcategory_bioisostere.add-F_949,Cn1nc(C(=O)N2CCCC2)c2c1CCN(S(=O)(=O)c1ccc(OC(F)(F)F)cc1)C2,1,bioisostere,add-F,CCOc1ccc(S(=O)(=O)N2CCc3c(c(C(=O)N4CCCC4)nn3C)C2)cc1,0 1 2 3 4 5 6 7 8 9 10 11 12 13 14 15 16 17 18 19 20 21 23 24 25 26 27 28 29 30,O=C(c1n[nH]c2c1CN(S(=O)(=O)c1ccccc1)CC2)N1CCCC1,train,458.4620000000001,2.3017000000000003,0.7021806001511314,31,58
subcategory_bioisostere.add-F_1300,CCN(CC)S(=O)(=O)c1ccc(OCC(F)(F)F)c(-c2nc3c(C)[nH]nc3c(=O)n2CC)c1,1,bioisostere,add-F,CCCOc1ccc(S(=O)(=O)N(CC)CC)cc1-c1nc2c(C)[nH]nc2c(=O)n1CC,0 1 2 3 4 5 6 7 8 9 10 12 13 14 15 16 17 18 19 20 21 22 23 24 25 26 27 28 29 30 31 32,O=c1[nH]c(-c2ccccc2)nc2c[nH]nc12,train,487.50400000000025,3.086520000000001,0.5229735868736356,33,64
subcategory_bioisostere.add-F_1337,COC(=O)C(CCc1ccccc1)NC(C)C(=O)N1CCCC1C(=O)OC(F)(F)F,1,bioisostere,add-F,COC(=O)C(CCc1ccccc1)NC(C)C(=O)N1CCCC1C(=O)OC,0 1 2 3 4 5 6 7 8 9 10 11 12 13 14 15 16 17 18 19 20 21 22 24 25 26 27 28,O=C(CNCCCc1ccccc1)N1CCCC1,train,430.42300000000023,2.1929,0.6368608004010134,30,51
subcategory_bioisostere.add-F_975,CN(C)Cc1ccccc1C(=O)CCCc1ccc(OC(F)(F)F)c(OC(F)F)c1,1,bioisostere,add-F,CN(C)Cc1ccccc1C(=O)CCCc1ccc2c(c1)OC(F)(F)C(F)(F)O2,0 1 2 3 4 5 6 7 8 9 10 11 12 13 14 15 16 17 19 20 21 22 23 24 25 26 27 28,O=C(CCCc1ccc2c(c1)OCCO2)c1ccccc1,train,431.40099999999995,5.453800000000005,0.3703076137848835,30,49
subcategory_bioisostere.add-F_1346,CCn1nc(-c2ccccc2)c(C(N)=O)c1-c1cc(S(=O)(=O)N2CCN(C)CC2)ccc1OC(F)F,1,bioisostere,add-F,CCOc1ccc(S(=O)(=O)N2CCN(C)CC2)cc1-c1c(C(N)=O)c(-c2ccccc2)nn1CC,0 1 2 3 4 5 6 7 8 9 10 11 12 13 14 15 16 17 18 19 20 21 22 23 24 25 26 27 28 29 30 32 33 34,O=S(=O)(c1cccc(-c2cc(-c3ccccc3)n[nH]2)c1)N1CCNCC1,train,519.5740000000003,2.873400000000002,0.4901156534929261,36,65
subcategory_bioisostere.add-F_564,C[N+]1(C)C2CC(=O)C1C[C@@H](OC(=O)C(O)(c1cccs1)c1cccs1)C2,0,authentic,authentic,,,O=C1CC2C[C@H](OC(=O)C(c3cccs3)c3cccs3)CC1[NH2+]2,test,392.5220000000001,2.5375000000000005,0.6415794721317781,26,56
subcategory_bioisostere.add-F_480,Cl.Cl.NC(=O)COCCN1CCN(C(c2ccccc2)c2ccc(Cl)cc2)CC1,0,authentic,authentic,,,c1ccc(C(c2ccccc2)N2CCNCC2)cc1,train,460.8330000000002,3.392500000000002,0.6135346566393948,29,49
subcategory_bioisostere.add-F_955,Oc1cc(OC(F)F)ccc1OC[C@@H]1CNC[C@@H](c2ccc(F)cc2)O1,1,bioisostere,add-F,Fc1ccc([C@@H]2CNC[C@@H](COc3ccc4cc3OCO4)O2)cc1,0 1 2 4 5 6 7 8 9 10 11 12 13 14 15 16 17 18 19 20 21 22 23 24 25,c1ccc([C@@H]2CNC[C@@H](COc3ccc4cc3OCO4)O2)cc1,test,369.33900000000006,3.241200000000001,0.8187425526596727,26,50
subcategory_bioisostere.add-F_535,CCC(C(=O)O)C(O)CC(O)/C=C/c1c(C2CC2)nc2ccccc2c1-c1ccc(F)cc1,0,authentic,authentic,,,c1ccc(-c2cc(C3CC3)nc3ccccc23)cc1,train,449.5220000000001,5.154200000000005,0.4200889876266143,33,58
subcategory_bioisostere.add-F_435,CC(C)[C@H](NC(=O)OCc1ccccc1)C(=O)N[C@@H](Cc1ccccc1)[C@H](O)CNC(=O)C1CCCC[C@H]1C(=O)NC(C)(C)C,0,authentic,authentic,,,O=C(CNC(=O)OCc1ccccc1)N[C@H](CCNC(=O)C1CCCCC1)Cc1ccccc1,test,622.8070000000002,3.863100000000002,0.22941869176965793,45,92
subcategory_bioisostere.add-F_160,CCOC(=O)C[n+]1ccc(/C=C/c2cccc3ccccc23)cc1.[Br-],0,authentic,authentic,,,C(=C\c1cccc2ccccc12)/c1cc[nH+]cc1,train,398.30000000000007,0.8647999999999998,0.4717669163806732,25,47
subcategory_bioisostere.add-F_816,CC1(C)OC(c2ccc(OC(F)(F)F)cc2)=CC1=O,1,bioisostere,add-F,COc1ccc(C2=CC(=O)C(C)(C)O2)cc1,0 1 2 3 4 5 6 7 9 10 11 12 13 14 15 16 17 18,O=C1C=C(c2ccccc2)OC1,train,272.222,3.304000000000002,0.8282172358812407,19,35
subcategory_bioisostere.add-F_640,C[C@@H]1CN(C2CCN(C(=O)c3cccc4c3OCO4)CC2)CCN1[C@@H](C)c1ccc(S(=O)(=O)c2ccc3c(c2)OCO3)cc1,0,authentic,authentic,,,O=C(c1cccc2c1OCO2)N1CCC(N2CCN(Cc3ccc(S(=O)(=O)c4ccc5c(c4)OCO5)cc3)CC2)CC1,train,619.7400000000004,4.3487000000000045,0.3990640706533258,44,87
subcategory_bioisostere.add-F_1065,COc1ccc(C(=O)c2ccc(CN(C)Cc3ccccc3OC(F)F)cc2)cc1OC,1,bioisostere,add-F,COc1ccccc1CN(C)Cc1ccc(C(=O)c2ccc(OC)c(OC)c2)cc1,0 1 2 3 4 5 6 7 8 9 10 11 12 13 14 15 16 17 18 19 20 22 23 24 25 26 27 28 29 30 31,O=C(c1ccccc1)c1ccc(CNCc2ccccc2)cc1,train,441.4740000000001,5.168200000000005,0.40653202408287964,32,49
subcategory_bioisostere.add-F_240,O=C(NOCc1ccccc1)c1cc(S(=O)(=O)COCc2ccccc2)c(Cl)cc1NCc1ccco1,0,authentic,authentic,,,O=C(NOCc1ccccc1)c1cc(S(=O)(=O)COCc2ccccc2)ccc1NCc1ccco1,test,541.0250000000003,5.354700000000005,0.23304501244308912,37,59
subcategory_bioisostere.add-F_50,[2H]C([2H])(CCCOc1ccc2c(c1)NC(=O)C([2H])([2H])C2([2H])[2H])N1CCN(c2cccc(Cl)c2Cl)CC1,0,authentic,authentic,,,O=C1CCc2ccc(OCCCCN3CCN(c4ccccc4)CC3)cc2N1,train,454.4306106680002,4.859300000000005,0.6073980660085816,30,83
subcategory_bioisostere.add-F_743,COc1ccc(Oc2ccc(C(F)(F)F)cc2C(=O)NC2CCNC(=O)C2)c(F)c1,0,authentic,authentic,,,O=C1CC(NC(=O)c2ccccc2Oc2ccccc2)CCN1,train,426.36600000000016,3.6538000000000013,0.71602876874808,30,52
subcategory_bioisostere.add-F_1245,COCc1cc(C(CNCCCCCOCCc2ccc(F)cc2)OCC(F)(F)F)ccc1O,1,bioisostere,add-F,COCc1cc(C(O)CNCCCCCOCCc2ccc(F)cc2)ccc1O,6 24 25 26 27 28 29,c1ccc(CCNCCCCCOCCc2ccccc2)cc1,val,487.534,5.316900000000006,0.24807577319184682,34,48
subcategory_bioisostere.add-F_807,O=C1CC(NC(=O)c2ccc(C(F)(F)F)cc2Oc2ccc(OC(F)F)c(F)c2)CCN1,1,bioisostere,add-F,COc1ccc(Oc2cc(C(F)(F)F)ccc2C(=O)NC2CCNC(=O)C2)cc1F,3 4,O=C1CC(NC(=O)c2ccccc2Oc2ccccc2)CCN1,train,462.3460000000001,4.246600000000002,0.6299667652971973,32,56
subcategory_bioisostere.add-F_552,O=C(NCC1CCCCN1)c1cc(OCC(F)(F)F)ccc1OCCCc1ccccc1,0,authentic,authentic,,,O=C(NCC1CCCCN1)c1ccccc1OCCCc1ccccc1,train,450.5010000000002,4.511200000000003,0.5231855706552339,32,47
subcategory_bioisostere.add-F_1009,CN(C)C[C@@H](c1ccc(OC(F)(F)F)cc1)C1(O)CCCCC1,1,bioisostere,add-F,COc1ccc([C@H](CN(C)C)C2(O)CCCCC2)cc1.Cl,0 1 2 3 4 5 6 7 9 10 11 12 13 14 15 16 17 18 19 20 21 22,c1ccc(CC2CCCCC2)cc1,train,331.37800000000016,3.925600000000003,0.8873746209481173,23,44
subcategory_bioisostere.add-F_1139,Cc1nc(-c2ccc(OC(F)F)c(F)c2)sc1C(=O)O,1,bioisostere,add-F,CCCOc1ccc(-c2nc(C)c(C(=O)O)s2)cc1F,7 8 9 10 11,c1ccc(-c2nccs2)cc1,train,303.261,3.557220000000001,0.9379412985284552,20,36
subcategory_bioisostere.add-F_183,CN1C(=O)C(C(C#N)C(=O)O)c2cc(F)ccc21,0,authentic,authentic,,,O=C1Cc2ccccc2N1,val,248.213,1.11008,0.8495113276823754,18,35
subcategory_bioisostere.add-F_800,CS(=O)c1cc(C(=O)OC(F)F)c(NCc2ccoc2)cc1Cl,1,bioisostere,add-F,CS(=O)c1cc(C(=O)O)c(NCc2ccoc2)cc1Cl,0 1 2 3 4 5 7 8 9 10 11 12 13 14 15 16 17 18 19 20 21 22,c1ccc(NCc2ccoc2)cc1,train,363.769,3.661900000000003,0.793089539515233,23,40
subcategory_bioisostere.add-F_637,CN(C)c1ccc(-c2csc(NC(=O)C(=O)O)n2)cc1,0,authentic,authentic,,,c1ccc(-c2cscn2)cc1,train,291.33199999999994,1.8991999999999996,0.8439564646115608,20,37
subcategory_bioisostere.add-F_724,CN1CCN(C(=O)[C@H](Cc2ccccc2)Nc2ccnc3cc(Cl)ccc23)CC1,0,authentic,authentic,,,O=C([C@H](Cc1ccccc1)Nc1ccnc2ccccc12)N1CCNCC1,train,408.93300000000016,3.6854000000000013,0.6991316990192632,29,51
subcategory_bioisostere.add-F_976,CC(C)NC(=O)c1ccc(-c2ccc(OCC(F)(F)F)cc2)cc1,1,bioisostere,add-F,CC(C)NCCCOc1ccc(-c2ccc(C(=O)NC(C)C)cc2)cc1,0 1 2 3 4 5 6 7 8 9 10 11 12 14 15 16 17 18 19 20 21 22 23,c1ccc(-c2ccccc2)cc1,train,337.34099999999995,4.432900000000003,0.8762492328871792,24,42
subcategory_bioisostere.add-F_996,CN(C)C[C@@H](F)CC1(c2ccc(-c3cccc(C#N)c3)cc2)OCc2cc(C#N)ccc21,1,bioisostere,add-F,CN(C)CCCC1(c2ccc(-c3cccc(C#N)c3)cc2)OCc2cc(C#N)ccc21,0 1 2 3 4 5 6 8 9 10 11 12 13 14 15 16 17 18 19 20 21 22 23 24 25 26 27 28 29 30 31,c1ccc(-c2ccc(C3OCc4ccccc43)cc2)cc1,train,425.5070000000002,5.160560000000005,0.5472986880516715,32,60
subcategory_bioisostere.add-F_710,CN(Cc1ccc(Cl)cc1)Cc1ccccc1CNc1ccnc2cc(Cl)ccc12,0,authentic,authentic,,,c1ccc(CNCc2ccccc2CNc2ccnc3ccccc23)cc1,train,436.38600000000014,6.785700000000005,0.3459525418756197,30,46
subcategory_bioisostere.add-F_1282,O=[S@@](Cc1cc(OC(F)(F)F)ccn1)c1nc2ccc(F)cc2[nH]1,1,bioisostere,add-F,O=[S@@](Cc1cc(OCC2CC2)ccn1)c1nc2ccc(F)cc2[nH]1,0 1 2 3 4 6 7 8 9 10 11 12 13 14 15 16 17 18 19 20 21 22 23,O=[S@@](Cc1cc(OCC2CC2)ccn1)c1nc2ccccc2[nH]1,val,359.30400000000003,3.303400000000001,0.726041501605373,24,48
subcategory_bioisostere.add-F_1322,CC1(C)CNc2c(cccc2S(=O)(=O)N[C@@H](Cc2nc3ccccc3s2)C(=O)N2CCC(CCNC(=O)OCC(F)(F)F)CC2)C1,1,bioisostere,add-F,CC1(C)CNc2c(cccc2S(=O)(=O)N[C@@H](Cc2nc3ccccc3s2)C(=O)N2CCC(CCNC(=O)OC(C)(C)C)CC2)C1,35 37 38 39 40 41 42,O=C([C@H](Cc1nc2ccccc2s1)NS(=O)(=O)c1cccc2c1NCCC2)N1CCCCC1,val,681.8030000000001,5.097300000000005,0.271779746056436,46,85
subcategory_bioisostere.add-F_1347,CCCCc1oc2ccccc2c1C(=O)c1ccccc1OCC(F)(F)F,1,bioisostere,add-F,CCCCc1oc2ccccc2c1C(=O)c1ccccc1OCCC[N+](C)(C)C,0 1 2 3 4 5 6 7 8 9 10 11 12 13 14 15 16 17 18 19 21 22 23 24 25,O=C(c1ccccc1)c1coc2ccccc12,train,376.3740000000001,5.947500000000004,0.4786274239901701,27,40
subcategory_bioisostere.add-F_1231,Cc1cnc(CSc2nc3cc4c(cc3[nH]2)OC(F)(F)O4)c(C)c1OCC(F)(F)F,1,bioisostere,add-F,C=CCOc1c(C)cnc(CSc2nc3cc4c(cc3[nH]2)OC(F)(F)O4)c1C,0 1 2 3 4 5 6 7 8 9 10 11 12 13 14 15 16 17 18 19 20 21 22 24 25 26 27 28,c1ccc(CSc2nc3cc4c(cc3[nH]2)OCO4)nc1,train,447.38500000000016,5.129640000000002,0.432127725121489,30,55
subcategory_bioisostere.add-F_360,CCn1cc(C(=O)O)c(=O)c2c(C)c(F)c(N3CC(C)NC(C)C3)cc21,0,authentic,authentic,,,O=c1cc[nH]c2cc(N3CCNCC3)ccc12,train,361.41700000000003,2.35372,0.8778635987304427,26,50
subcategory_bioisostere.add-F_413,N[C@@H](Cc1cc(I)c(Sc2ccc(O)c(Cc3ccc(O)nc3)c2)c(I)c1)C(=O)O,0,authentic,authentic,,,c1ccc(Sc2cccc(Cc3cccnc3)c2)cc1,test,648.2600000000002,4.398400000000001,0.2811024936263065,30,58
subcategory_bioisostere.add-F_580,C/C=C1\CSc2ccccc2C(N2CCN(CCOCCO)CC2)=N1,0,authentic,authentic,,,C=C1CSc2ccccc2C(N2CCNCC2)=N1,train,361.5110000000002,2.0691999999999995,0.8138765573515027,25,39
subcategory_bioisostere.add-F_870,CC(C)n1c(C=C[C@H](O)C[C@H](O)CC(=O)OC(F)(F)F)c(-c2ccc(F)cc2)c2ccccc21,1,bioisostere,add-F,CC(C)n1c(C=C[C@H](O)C[C@H](O)CC(=O)OC(C)(C)C)c(-c2ccc(F)cc2)c2ccccc21,3 4 5,c1ccc(-c2c[nH]c3ccccc23)cc1,train,479.4700000000001,5.606500000000006,0.32567458597566246,34,69
subcategory_bioisostere.add-F_824,COc1c(OC(F)(F)F)cc2c3c1-c1ccccc1CC3NCC2,1,bioisostere,add-F,COc1cc2c3c(c1OC)-c1ccccc1CC3NCC2,0 1 2 4 5 6 7 8 9 10 11 12 13 14 15 16 17 18 19 20 21 22 23,c1ccc2c(c1)CC1NCCc3cccc-2c31,train,335.32500000000016,4.003700000000004,0.8996611750283753,24,39
subcategory_bioisostere.add-F_449,O=C(/C=C/c1cccc(F)c1)NCCCNc1ccnc2cc(Cl)ccc12,0,authentic,authentic,,,O=C(/C=C/c1ccccc1)NCCCNc1ccnc2ccccc12,train,383.8540000000001,4.658900000000003,0.4606050424551871,27,44
subcategory_bioisostere.add-F_1314,Cc1cc(N2CCc3c(C(N)=O)nn(-c4ccc(OC(F)F)c(F)c4)c3C2=O)ccc1N1CCC1=O,1,bioisostere,add-F,COc1ccc(-n2nc(C(N)=O)c3c2C(=O)N(c2ccc(N4CCC4=O)c(C)c2)CC3)cc1F,3 4,O=C1CCN1c1ccc(N2CCc3cnn(-c4ccccc4)c3C2=O)cc1,train,499.4490000000003,2.9597200000000017,0.5246473052590956,36,64
subcategory_bioisostere.add-F_702,N#Cc1ccc(C(C#N)(c2ccccc2)n2cncn2)cc1,0,authentic,authentic,,,c1ccc(C(c2ccccc2)n2cncn2)cc1,train,285.31000000000006,2.46526,0.7401686431133737,22,36
subcategory_bioisostere.add-F_1007,CNC(=O)NS(=O)(=O)c1cc(CCNC(=O)c2cc(Cl)ccc2OC(F)F)ccc1-c1ccco1,1,bioisostere,add-F,CNC(=O)NS(=O)(=O)c1cc(CCNC(=O)c2cc(Cl)ccc2OC)ccc1-c1ccco1,0 1 2 3 4 5 6 7 8 9 10 11 12 13 14 15 16 17 18 19 20 21 23 24 25 26 27 28 29 30 31 32 33 34,O=C(NCCc1ccc(-c2ccco2)cc1)c1ccccc1,test,527.9330000000001,3.7916000000000025,0.3884304689647346,35,61
subcategory_bioisostere.add-F_553,COc1ccc(Cl)cc1C(=O)NCCc1ccc(S(=O)(=O)NC23CC(C(F)(F)F)(C2)C3)cc1,0,authentic,authentic,,,O=C(NCCc1ccc(S(=O)(=O)NC23CC(C2)C3)cc1)c1ccccc1,val,502.94200000000023,4.084400000000003,0.5693673412974904,33,63
subcategory_bioisostere.add-F_1004,COc1cc2c(C)nc(OF)c(CCC(N)=O)c2cc1OC,1,bioisostere,add-F,COc1cc2c(C)nc(O)c(CCC(N)=O)c2cc1OC,0 1 2 3 4 5 6 7 9 10 11 12 13 14 15 16 17 18 19 20 21,c1ccc2cnccc2c1,train,308.309,2.24162,0.884480654876146,22,35
subcategory_bioisostere.add-F_7,CN(C)CC(=O)NC(CC(=O)Nc1ccc(Br)cn1)C(=O)Nc1ccc(-c2ccccc2S(N)(=O)=O)cc1,0,authentic,authentic,,,O=C(CCC(=O)Nc1ccccn1)Nc1ccc(-c2ccccc2)cc1,val,603.4990000000001,2.1722,0.27600120770078096,38,69
subcategory_bioisostere.add-F_817,COc1cc2nc(N3CCC(CC(=O)NCC4CC4)CC3)nc(N)c2cc1OC(F)(F)F,1,bioisostere,add-F,COc1cc2nc(N3CCC(CC(=O)NCC4CC4)CC3)nc(N)c2cc1OC,26 27 28 29 30 31,O=C(CC1CCN(c2ncc3ccccc3n2)CC1)NCC1CC1,test,453.4650000000002,3.251900000000001,0.6634611151224885,32,53
subcategory_bioisostere.add-F_170,COc1ccc(C[C@H]2NC(=O)/C=C/C[C@@H]([C@H](C)/C=C/c3ccccc3)OC(=O)[C@@H](CC(C)C)OC(=O)CCNC2=O)cc1Cl,0,authentic,authentic,,,O=C1/C=C/C[C@@H](C/C=C/c2ccccc2)OC(=O)COC(=O)CCNC(=O)[C@@H](Cc2ccccc2)N1,test,625.1620000000003,5.061300000000005,0.3939972962081928,44,95
subcategory_bioisostere.add-F_1335,COc1cc(C(=O)c2ccc(CN(C)Cc3cccc(C)c3)cc2)ccc1OC(F)(F)F,1,bioisostere,add-F,COc1ccc(C(=O)c2ccc(CN(C)Cc3cccc(C)c3)cc2)cc1OC,0 1 2 3 4 5 6 7 8 9 10 11 12 13 14 15 16 17 18 19 20 21 22 23 24 25 27 28 29 30,O=C(c1ccccc1)c1ccc(CNCc2ccccc2)cc1,train,443.4650000000001,5.765220000000005,0.4148230903495786,32,53
subcategory_bioisostere.add-F_749,Nc1nc2c(s1)CN=C(c1ccccc1)c1cc(Cl)ccc1-2,0,authentic,authentic,,,c1ccc(C2=NCc3scnc3-c3ccccc32)cc1,train,325.82400000000007,4.396700000000003,0.7207287639492338,22,39
subcategory_bioisostere.add-F_1249,CN(C)C[C@@H](Cc1cccc(F)c1)Cc1cccc(OC(F)F)c1,1,bioisostere,add-F,COc1cccc(C[C@H](Cc2cccc(F)c2)CN(C)C)c1,0 1 2 3 4 5 6 7 8 9 10 11 12 13 14 15 16 17 19 20 21 22,c1ccc(CCCc2ccccc2)cc1,train,337.385,4.390100000000004,0.7082603210925829,24,43
subcategory_bioisostere.add-F_1495,COc1cc2c(cc1OC(F)F)CC(F)(CC1(F)CCN(Cc3ccccc3)CC1)C2,1,bioisostere,add-F,COc1cc2c(cc1OC)CC(F)(CC1(F)CCN(Cc3ccccc3)CC1)C2,0 1 2 3 4 5 6 8 9 10 11 12 13 14 15 16 17 18 19 20 21 22 23 24 25 26 27 28 29 30,c1ccc(CN2CCC(CC3Cc4ccccc4C3)CC2)cc1,test,437.47700000000026,5.497900000000005,0.5343497167828163,31,51
subcategory_bioisostere.add-F_1377,N#Cc1ccc(N2CC3(CC3)c3c(C(F)(F)F)nn(-c4ccc(OC(F)(F)F)cc4)c3C2=O)cc1,1,bioisostere,add-F,COc1ccc(-n2nc(C(F)(F)F)c3c2C(=O)N(c2ccc(C#N)cc2)CC32CC2)cc1,0 1 2 3 4 5 6 7 8 9 10 11 12 13 14 15 16 17 18 19 20 21 23 24 25 26 27 28 29 30 31 32 33 34,O=C1c2c(cnn2-c2ccccc2)C2(CC2)CN1c1ccccc1,train,492.3790000000001,5.353380000000002,0.46231672090599973,35,66
subcategory_bioisostere.add-F_645,COc1ccccc1C(=O)N1CCNCC1.O=C(O)C(F)(F)F,0,authentic,authentic,,,O=C(c1ccccc1)N1CCNCC1,train,334.2939999999999,1.3739,0.8541053321268192,23,38
subcategory_bioisostere.add-F_300,CCCOc1ccc(S(=O)(=O)N2CCN(CCCF)CC2)cc1-c1nc2c(CCC)c(I)n(C)c2c(=O)[nH]1,0,authentic,authentic,,,O=c1[nH]c(-c2cccc(S(=O)(=O)N3CCNCC3)c2)nc2cc[nH]c12,train,659.5660000000001,3.940400000000003,0.31348667556162346,38,69
subcategory_bioisostere.add-F_830,Cc1cc(N2C[C@H](CNC(=O)c3ccc(Cl)s3)OC2=O)ccc1-n1cccc(OCC(F)(F)F)c1=O,1,bioisostere,add-F,Cc1cc(N2C[C@H](CNC(=O)c3ccc(Cl)s3)OC2=O)ccc1-n1cccc(OCCF)c1=O,0 1 2 3 4 5 6 7 8 9 10 11 12 13 14 15 16 17 18 19 20 21 22 23 24 25 26 28 29 30 31 32 33 34 35,O=C(NC[C@H]1CN(c2ccc(-n3ccccc3=O)cc2)C(=O)O1)c1cccs1,train,541.9350000000003,4.557120000000003,0.4736406634639655,36,67
subcategory_bioisostere.add-F_96,CC(C)N1CCN(CCCOc2ccc3c(c2)NC(=O)CC3)CC1,0,authentic,authentic,,,O=C1CCc2ccc(OCCCN3CCNCC3)cc2N1,train,331.4600000000002,2.366200000000001,0.8130344209400805,24,39
subcategory_bioisostere.add-F_758,CC(C)(CCn1cnc2c(O)nc(N)nc21)CCS(=O)(=O)O,0,authentic,authentic,,,c1ncc2nc[nH]c2n1,train,329.382,0.8083,0.6601504505173728,22,40
subcategory_bioisostere.add-F_20,O=C(C1CCCCC1)n1c(=O)ccc2ccc(OCCCCN3CCN(c4cccc(Cl)c4Cl)CC3)cc21,0,authentic,authentic,,,O=C(C1CCCCC1)n1c(=O)ccc2ccc(OCCCCN3CCN(c4ccccc4)CC3)cc21,train,556.5340000000002,6.510000000000008,0.2963310701580063,38,62
subcategory_bioisostere.add-F_1461,CNNS(=O)(=O)c1cc(OC(F)F)c(C(=O)NCCN2CCC(C(=O)c3ccc(F)cc3)CC2)cc1Cl,1,bioisostere,add-F,CNNS(=O)(=O)c1cc(OC)c(C(=O)NCCN2CCC(C(=O)c3ccc(F)cc3)CC2)cc1Cl,8 9 10 11 12,O=C(NCCN1CCC(C(=O)c2ccccc2)CC1)c1ccccc1,val,562.9980000000003,2.8179000000000007,0.28475258884005494,37,66
subcategory_bioisostere.add-F_1210,CCN(CC)CCOc1ccc2oc3ccc(OC(F)(F)F)cc3c2c1,1,bioisostere,add-F,CCN(CC)CCOc1ccc2oc3ccc(OCCN(CC)CC)cc3c2c1,0 1 2 3 4 5 6 7 8 9 10 11 12 13 14 15 17 18 19 20 21 22 23 24 25,c1ccc2c(c1)oc1ccccc12,train,367.367,5.205200000000004,0.5745199339158327,26,40
subcategory_bioisostere.add-F_1106,FC(F)Oc1cccc2c1C[C@H]1CCN(Cc3ccccc3)[C@@H]1C2,1,bioisostere,add-F,COc1cccc2c1C[C@H]1CCN(Cc3ccccc3)[C@@H]1C2,0 1 2 3 4,c1ccc(CN2CC[C@@H]3Cc4ccccc4C[C@H]32)cc1,train,329.39,4.277300000000003,0.830133440167196,24,45
subcategory_bioisostere.add-F_1288,COc1cc2c(c(OCC(F)(F)F)c1OC)-c1ccc(N)c(=O)cc1[C@@H](NC(C)=O)CC2,1,bioisostere,add-F,COc1cc2c(c(OC)c1OC)-c1ccc(N)c(=O)cc1[C@@H](NC(C)=O)CC2,3 4 5 6,O=c1cccc2c(c1)CCCc1ccccc1-2,train,452.4290000000002,3.377700000000001,0.7217261431444666,32,62
subcategory_bioisostere.add-F_674,CC(C)NCC(=O)N(C)CC(=O)N1CCCC1,0,authentic,authentic,,,C1CCNC1,train,241.33499999999992,0.06520000000000081,0.7406161368020384,17,29
subcategory_bioisostere.add-F_26,CC(CCc1ccccc1)NC(C)C(O)c1ccc(O)cc1,0,authentic,authentic,,,c1ccc(CCCNCCc2ccccc2)cc1,train,299.41400000000004,3.4250000000000016,0.7339986740264384,22,34
subcategory_bioisostere.add-F_648,Clc1cccc2c1SC(c1ccccc1)(c1ccccc1)c1cccn1-2,0,authentic,authentic,,,c1ccc(C2(c3ccccc3)Sc3ccccc3-n3cccc32)cc1,train,373.9080000000001,6.528300000000005,0.3864587359030695,26,42
subcategory_bioisostere.add-F_732,Cc1c(OCC(C)C)ccnc1CSc1nc2ccccc2[nH]1,0,authentic,authentic,,,c1ccc(CSc2nc3ccccc3[nH]2)nc1,train,327.45300000000003,4.593420000000004,0.6726107632779261,23,36
subcategory_bioisostere.add-F_274,CC(=O)N(c1ccc(N2CC(CNC(=O)c3ccc(Cl)s3)OC2=O)cc1)C1CC1,0,authentic,authentic,,,O=C(NCC1CN(c2ccc(NC3CC3)cc2)C(=O)O1)c1cccs1,train,433.9170000000002,3.6720000000000024,0.7533535146467844,29,53
subcategory_bioisostere.add-F_47,COc1cc2c(cc1OC)C(c1ccc(C#N)cc1)=NNC(=O)C2,0,authentic,authentic,,,O=C1Cc2ccccc2C(c2ccccc2)=NN1,test,321.33600000000007,2.00018,0.9369401795794311,24,41
subcategory_bioisostere.add-F_1501,O=C(c1ccccc1)c1ccc(OC(F)(F)F)cc1,1,bioisostere,add-F,COC(=O)C(C)(C)C(=O)Oc1ccc(C(=O)c2ccccc2)cc1,11 12 13 14 15 16,O=C(c1ccccc1)c1ccccc1,train,266.21799999999996,3.816200000000001,0.789362275034678,19,32
subcategory_bioisostere.add-F_775,COc1ccc(C(C)/N=c2\c(O)c(O)\c2=N/c2ccc(C#N)cc2)cc1,0,authentic,authentic,,,c1ccc(C/N=c2\cc\c2=N/c2ccccc2)cc1,train,347.3740000000001,2.747980000000002,0.7579707641112045,26,49
subcategory_bioisostere.add-F_40,CCCC(C)n1c(CC)nc2c(-c3ccc(C(C)(C)O)cc3Cl)ccnc21,0,authentic,authentic,,,c1ccc(-c2ccnc3[nH]cnc23)cc1,train,385.9390000000001,5.902600000000006,0.573971041760482,27,47
subcategory_bioisostere.add-F_834,O=C(NCC1CCCCN1)c1cc(OCC(F)(F)F)ccc1OCC(F)(F)F,1,bioisostere,add-F,CCOC(=O)COc1ccc(OCC(F)(F)F)c(C(=O)NCC2CCCCN2)c1.Cl,0 1 2 3 4 5 6 7 8 9 10 11 13 14 15 16 17 18 19 20 21 22 23 24 25 26 27,O=C(NCC1CCCCN1)c1ccccc1,train,414.34600000000006,3.4407000000000014,0.6715843719947417,28,45
subcategory_bioisostere.add-F_1184,C=CC(=O)N[C@H]1CCC2(O)C3Cc4ccc(O)cc4C2(CCN3CC2CC2)[C@H]1OC(F)(F)F,1,bioisostere,add-F,C=CC(=O)N[C@H]1CCC2(O)C3Cc4ccc(O)c5c4C2(CCN3CC2CC2)[C@H]1O5,27 28 29 30 31 32,c1cc2c3c(c1)O[C@H]1CCCC4C(C2)N(CC2CC2)CCC341,train,466.5000000000003,2.7711000000000006,0.5818065673351448,33,65
subcategory_bioisostere.add-F_104,Cl.Cl.O=C(O)COCCN1CCN(C(c2ccccc2)c2ccccc2)CC1,0,authentic,authentic,,,c1ccc(C(c2ccccc2)N2CCNCC2)cc1,train,427.3720000000001,3.338400000000002,0.6554221860581334,28,45
subcategory_bioisostere.add-F_603,C1=C(c2ccccc2)C(N2CCNCC2)=Nc2ccccc2C1.O=C(O)/C=C/C(=O)O,0,authentic,authentic,,,C1=C(c2ccccc2)C(N2CCNCC2)=Nc2ccccc2C1,train,419.4810000000001,2.9733,0.6613657877561147,31,55
subcategory_bioisostere.add-F_1332,CC(=O)c1ccccc1OCC(F)(F)F,1,bioisostere,add-F,CC(=O)c1ccccc1OCC(O)CNC1CCCC1.Cl,4 5 6,c1ccc(OCCCNC2CCCC2)cc1,train,218.17399999999992,2.830300000000001,0.7289583991640987,15,24
subcategory_bioisostere.add-F_198,COc1ccnc(CS(=O)c2nc3cc(-n4cccc4)c(F)cc3[nH]2)c1C,0,authentic,authentic,,,O=S(Cc1ccccn1)c1nc2cc(-n3cccc3)ccc2[nH]1,train,384.4360000000001,3.512520000000002,0.5714794639719827,27,48
subcategory_bioisostere.add-F_1107,CCCCc1nc(C(=O)OC(F)(F)F)c(C(=O)OCC)n1Cc1ccc(-c2ccccc2-c2nn[nH]n2)cc1,1,bioisostere,add-F,CCCCc1nc(C(=O)OCC)c(C(=O)OCC)n1Cc1ccc(-c2ccccc2-c2nn[nH]n2)cc1,3 4 5,c1ccc(-c2nn[nH]n2)c(-c2ccc(Cn3ccnc3)cc2)c1,train,542.5180000000003,4.974400000000005,0.27850668449447924,39,68
subcategory_bioisostere.add-F_847,CCOc1ccc(-n2nc(C(N)=O)c3c2C(=O)N(c2ccc(N(C)C(=O)COC(F)F)c(C)c2)CC3)cc1F,1,bioisostere,add-F,CCOc1ccc(-n2nc(C(N)=O)c3c2C(=O)N(c2ccc(N4CCOCC4=O)c(C)c2)CC3)cc1F,0 1 2 3 4 5 6 7 9,O=C1COCCN1c1ccc(N2CCc3cnn(-c4ccccc4)c3C2=O)cc1,train,545.5180000000004,3.2223200000000016,0.44106180550778834,39,71
subcategory_bioisostere.add-F_475,COc1cc2c(cc1OC)C(=O)C(CC1CCN(C(=O)c3ccc4c(c3)OC(F)(F)O4)CC1)C2,0,authentic,authentic,,,O=C1c2ccccc2CC1CC1CCN(C(=O)c2ccc3c(c2)OCO3)CC1,val,473.47200000000026,4.3228000000000035,0.6440297780326488,34,62
subcategory_bioisostere.add-F_455,Nc1ccc(S(=O)(=O)NCCc2ccc(S(N)(=O)=O)cc2)cc1,0,authentic,authentic,,,O=S(=O)(NCCc1ccccc1)c1ccccc1,train,355.4410000000001,0.4372000000000008,0.6467090440114003,23,43
subcategory_bioisostere.add-F_1403,Cc1cc(N2CCc3c(C(N)=O)nn(-c4ccc(OCC(F)(F)F)c(F)c4)c3C2=O)ccc1N1CCOCC1=O,1,bioisostere,add-F,CCOc1ccc(-n2nc(C(N)=O)c3c2C(=O)N(c2ccc(N4CCOCC4=O)c(C)c2)CC3)cc1F,4 5 6,O=C1COCCN1c1ccc(N2CCc3cnn(-c4ccccc4)c3C2=O)cc1,train,561.4920000000002,2.9259200000000014,0.4625487750756444,40,70
subcategory_bioisostere.add-F_287,CCOC(=O)C(CCc1ccccc1)[N@@+]1(C(=O)[C@H](C)N)[C@H](C(=O)O)C[C@@H]2CCC[C@@H]21,0,authentic,authentic,,,c1ccc(CCC[NH+]2CC[C@@H]3CCC[C@@H]32)cc1,test,417.5260000000003,2.2671,0.4963675407404287,30,76
subcategory_bioisostere.add-F_29,CCCc1nn(C)c2c(=O)[nH]c(-c3cc(S(=O)(=O)NCCCCO)ccc3OCC)nc12,0,authentic,authentic,,,O=c1[nH]c(-c2ccccc2)nc2cn[nH]c12,train,463.56000000000034,1.7255999999999996,0.36799166447322446,32,57
subcategory_bioisostere.add-F_698,CC[C@@H](O)[C@@](C)(O)[C@@H]1OC(=O)[C@H](C)[C@@H](O[C@H]2C[C@@](C)(OC)[C@@H](O)[C@H](C)O2)[C@H](C)[C@@H](O[C@@H]2O[C@H](C)C[C@H](N(C)C)[C@H]2O)[C@@]2(C)C[C@@H](C)[C@H](O2)[C@@H]1C,0,authentic,authentic,,,O=C1C[C@@H](O[C@H]2CCCCO2)C[C@@H](O[C@H]2CCCCO2)C2CC[C@@H](CCO1)O2,test,717.9380000000001,2.6230000000000055,0.25765333699849036,50,179
subcategory_bioisostere.add-F_935,COc1ccc(C2CNC(=O)C2)cc1OC(F)F,1,bioisostere,add-F,C=CCOc1cc(C2CNC(=O)C2)ccc1OC,0 1 2 3 4 5 6 7 8 9 10 11 12 14 15 16,O=C1CC(c2ccccc2)CN1,val,257.236,1.9001,0.8957495271721286,18,29
subcategory_bioisostere.add-F_677,COc1cc(N)c(Cl)cc1C(=O)N[C@@H]1CCN(CC(=O)O)C[C@@H]1OC,0,authentic,authentic,,,O=C(NC1CCNCC1)c1ccccc1,train,371.8210000000002,0.8345000000000002,0.6344740508718615,25,52
subcategory_bioisostere.add-F_789,O=C(OC1CN2CCC1CC2)C(O)(c1ccccc1)C1CCCCC1,0,authentic,authentic,,,O=C(OC1CN2CCC1CC2)C(c1ccccc1)C1CCCCC1,train,343.4670000000002,3.0919000000000016,0.8537378138631829,25,40
subcategory_bioisostere.add-F_1121,O=C(OC(F)(F)F)c1ccccc1CSc1c(O)cc(-c2ccccc2)oc1=O,1,bioisostere,add-F,COC(=O)c1ccccc1CSc1c(O)cc(-c2ccccc2)oc1=O,0 2 3 4 5 6 7 8 9 10 11 12 13 14 15 16 17 18 19 20 21 22 23 24 25 26 27 28,O=c1oc(-c2ccccc2)ccc1SCc1ccccc1,train,422.38000000000017,4.981300000000003,0.46163240911168857,29,48
subcategory_bioisostere.add-F_843,Nc1nc2ncn(COC(F)(F)F)c2c(=O)[nH]1,1,bioisostere,add-F,Nc1nc2ncn(COC(CO)CO)c2c(=O)[nH]1,0 1 2 3 4 5 6 8 9 10 11 12 13 14 15 16,O=c1[nH]cnc2nc[nH]c12,train,249.15199999999996,0.19569999999999987,0.7913531061691701,17,33
subcategory_bioisostere.add-F_523,NS(=O)(=O)c1ccccc1-c1ccc(C(=O)NC(CC(=O)Nc2ccc(Br)cn2)C(=O)N2CCCCCC2)cc1,0,authentic,authentic,,,O=C(CC(NC(=O)c1ccc(-c2ccccc2)cc1)C(=O)N1CCCCCC1)Nc1ccccn1,train,628.5489999999998,3.6883000000000026,0.3463206618202497,40,71
subcategory_bioisostere.add-F_1388,Cn1c(=O)c2nc(-c3cc4cccc(OCC(F)(F)F)c4o3)[nH]c2n(C)c1=O,1,bioisostere,add-F,COc1cccc2cc(-c3nc4c(=O)n(C)c(=O)n(C)c4[nH]3)oc12,3 4 5 6,O=c1[nH]c(=O)c2nc(-c3cc4ccccc4o3)[nH]c2[nH]1,train,394.3090000000001,2.3145999999999995,0.5754988519532,28,54
subcategory_bioisostere.add-F_123,COC(=O)C1(NC(=O)CN2CCc3c(C(F)(F)F)nn(-c4ccc(OC)cc4)c3C2=O)CCCC1,0,authentic,authentic,,,O=C(CN1CCc2cnn(-c3ccccc3)c2C1=O)NC1CCCC1,test,494.4700000000003,2.500000000000001,0.6195085019231218,35,63
subcategory_bioisostere.add-F_242,NC(Cc1ccc(OC(=O)c2ccccc2)cc1)C(=O)O,0,authentic,authentic,,,O=C(Oc1ccccc1)c1ccccc1,test,285.29900000000004,1.8602,0.6461944705836691,21,35
subcategory_bioisostere.add-F_275,CC(C)(C)NC(=O)[C@@H]1CCCN1C[C@H](O)[C@@H]1Cc2ccc(cc2)OCCCOc2cc3ccccc3cc2C(=O)N[C@@H](CC(N)=O)C(=O)N1,0,authentic,authentic,,,O=C1CNC(=O)c2cc3ccccc3cc2OCCCOc2ccc(cc2)C[C@@H](CCN2CCCC2)N1,val,673.811,2.4424000000000006,0.26559621148511636,49,100
subcategory_bioisostere.add-F_1430,O=c1cc(-c2ccccc2)oc2cc(OC(F)F)ccc12,1,bioisostere,add-F,CCCCNCC(O)COc1ccc2c(=O)cc(-c3ccccc3)oc2c1,0 1 2 3 4 5 6 7 8 9 10 11 12 14 15 16 17 18 19,O=c1cc(-c2ccccc2)oc2ccccc12,train,288.24899999999997,4.061400000000002,0.7292167359629779,21,35
subcategory_bioisostere.add-F_94,CC(OC(=O)c1cc(S(N)(=O)=O)c(Cl)cc1NCc1ccco1)N1[C@H](C)CO[C@@](O)(c2cc(F)cc(F)c2)[C@@H]1C,0,authentic,authentic,,,O=C(OCN1CCOC(c2ccccc2)C1)c1ccccc1NCc1ccco1,train,600.0400000000003,3.9280000000000035,0.3280092769849369,40,87
subcategory_bioisostere.add-F_192,C[N+]1(CC(=O)[O-])[C@@H]2CC(OC(=O)C(O)(c3ccsc3)c3cccs3)C[C@H]1[C@@H]1O[C@@H]12,0,authentic,authentic,,,O=C(OC1C[C@@H]2[NH2+][C@H](C1)[C@H]1O[C@H]12)C(c1ccsc1)c1cccs1,test,435.5230000000001,0.46580000000000044,0.4022760020483431,29,78
subcategory_bioisostere.add-F_971,CCNC(=O)N1CCN(C2CCc3ccc(OCC(F)(F)F)cc32)CC1,1,bioisostere,add-F,CCNC(=O)N1CCN(C2CCc3ccc(OC)cc32)CC1,0 1 2 3 4 5 6 7 8 9 10 11 12 13 14 16 17 18 19 20 21 22 23 24 25,c1ccc2c(c1)CCC2N1CCNCC1,train,371.4030000000001,2.9621000000000013,0.8851716340346878,26,43
subcategory_bioisostere.add-F_76,Cc1cccc(C)c1CC1(NCC(O)c2ccc(O)c(CO)c2)CC1,0,authentic,authentic,,,c1ccc(CCNC2(Cc3ccccc3)CC2)cc1,val,341.4510000000002,2.8996400000000015,0.6247949941820327,25,41
subcategory_bioisostere.add-F_209,CCn1cc(C(=O)O)c(=O)c2cc(F)c(C3=NCCCO3)cc21,0,authentic,authentic,,,O=c1cc[nH]c2cc(C3=NCCCO3)ccc12,train,318.3040000000001,2.0256000000000003,0.9386366790736458,23,42
subcategory_bioisostere.add-F_213,CNC(=O)[C@H](Cc1ccccc1)NC(=O)[C@H](CCCc1ccccc1)CC(=O)NO,0,authentic,authentic,,,O=C(CCCCc1ccccc1)NCCc1ccccc1,val,411.5020000000001,1.9944999999999993,0.33501081876080496,30,55
subcategory_bioisostere.add-F_1042,CN(C)C[C@@H](F)CN(C)S(=O)(=O)c1ccc(-c2cnc(N)c(C(=O)Nc3cccnc3)n2)cc1,1,bioisostere,add-F,CN1CCC(N(C)S(=O)(=O)c2ccc(-c3cnc(N)c(C(=O)Nc4cccnc4)n3)cc2)C1,2 3 4 5 6 7 8,O=C(Nc1cccnc1)c1cncc(-c2ccc(S(=O)(=O)NC3CCNC3)cc2)n1,train,487.5610000000002,1.8932999999999989,0.467319064152651,34,67
subcategory_bioisostere.add-F_1577,CNC1CCc2cc(O)c(OC)c(OC(F)F)c2-c2ccc(OC)c(=O)cc21,1,bioisostere,add-F,CNC1CCc2cc(O)c(OC)c(OC)c2-c2ccc(OC)c(=O)cc21,3 4,O=c1cccc2c(c1)CCCc1ccccc1-2,train,393.38600000000014,3.2447000000000017,0.8122727493580449,28,48
subcategory_bioisostere.add-F_1401,C[C@H](NC(=O)OCc1cc(=O)c(O)co1)C(=O)OCc1cc(=O)c(OF)co1,1,bioisostere,add-F,C[C@H](NC(=O)OCc1cc(=O)c(O)co1)C(=O)OCc1cc(=O)c(O)co1,0 1 2 3 4 5 6 7 8 9 10 11 12 13 14 15 16 17 18 19 20 21 22 24 25 26,O=C(CNC(=O)OCc1cc(=O)cco1)OCc1cc(=O)cco1,val,399.2830000000002,0.9200000000000002,0.642164173270301,28,54
subcategory_bioisostere.add-F_539,Nc1c(Cl)cc(C(=O)NCCN2CCCCC2)c2c1CCO2,0,authentic,authentic,,,O=C(NCCN1CCCCC1)c1cccc2c1OCC2,train,323.82400000000007,2.0728,0.8324419480138617,22,36
subcategory_bioisostere.add-F_822,O=C(OC(F)F)c1ccc2c3c4c(cc5c3n(c2c1)C(=O)CC5)CNCC4,1,bioisostere,add-F,COC(=O)c1ccc2c3c4c(cc5c3n(c2c1)C(=O)CC5)CNCC4,0 2 3 4 5 6 7 8 9 10 11 12 13 14 15 16 17 18 19 20 21 22 23 24 25 26,O=C1CCc2cc3c(c4c5ccccc5n1c24)CCNC3,train,370.35500000000025,3.4060000000000015,0.7026467884924343,27,49
subcategory_bioisostere.add-F_681,CNC(=O)NS(=O)(=O)c1cc(C)c(C(C)NC(=O)c2cc(Cl)ccc2OC)s1,0,authentic,authentic,,,O=C(NCc1cccs1)c1ccccc1,train,445.95000000000016,2.8272200000000005,0.6322219073494394,28,53
subcategory_bioisostere.add-F_329,CCCCN(Cc1cccc(F)c1)CC(O)(Cn1cncn1)c1ccc(F)cc1F,0,authentic,authentic,,,c1ccc(CNCC(Cn2cncn2)c2ccccc2)cc1,train,418.463,3.885500000000003,0.5429238831307927,30,46
subcategory_bioisostere.add-F_1586,[2H]C1([2H])Oc2ccc(OCC(F)(F)F)cc2O1,1,bioisostere,add-F,[2H]C1([2H])Oc2ccc(OC[C@@H]3C[NH2+]CC[C@H]3c3ccc(F)cc3)cc2O1,3 4 5 6,c1ccc([C@@H]2CC[NH2+]C[C@H]2COc2ccc3c(c2)OCO3)cc1,train,222.15820355599996,2.3564,0.7682640607355452,15,35
subcategory_bioisostere.add-F_24,CNC[C@H]1CC[C@H](Nc2nc(Nc3ccc(Cl)cc3)c3ccccc3n2)CC1,0,authentic,authentic,,,c1ccc(Nc2nc(NC3CCCCC3)nc3ccccc23)cc1,train,395.93800000000016,5.216900000000003,0.5339115390761068,28,51
subcategory_bioisostere.add-F_529,CCCCc1oc2ccccc2c1Cc1ccc(-c2ccc(O)cc2)cc1,0,authentic,authentic,,,c1ccc(-c2ccc(Cc3coc4ccccc34)cc2)cc1,train,356.46500000000003,6.738800000000007,0.4149066845568594,27,40
subcategory_bioisostere.add-F_1098,CC(C)n1c(C=C[C@H](O)C[C@H](O)CC(=O)OCC(F)(F)F)c(-c2ccc(F)cc2)c2ccccc21,1,bioisostere,add-F,CC(C)n1c(C=C[C@H](O)C[C@H](O)CC(=O)OC(C)(C)C)c(-c2ccc(F)cc2)c2ccccc21,4 5 6,c1ccc(-c2c[nH]c3ccccc23)cc1,train,493.49700000000007,5.649000000000006,0.2986279152073776,35,70
subcategory_bioisostere.add-F_218,COc1c(CC=C(C)C)c2c(c(O)c1C(C)=O)C[C@H](C(C)(C)O)O2,0,authentic,authentic,,,c1ccc2c(c1)CCO2,train,334.41200000000003,3.186500000000002,0.6387426741668165,24,50
subcategory_bioisostere.add-F_907,CN(CCc1ccc2c(c1)CCN2)C[C@@H]1CCCc2c(OC(F)F)cccc21,1,bioisostere,add-F,COc1cccc2c1CCC[C@H]2CN(C)CCc1ccc2c(c1)CCN2,0 1 2 3 4 5 6 7 8 9 10 11 12 13 14 15 16 17 18 20 21 22 23 24 25 26,c1ccc2c(c1)CCC[C@H]2CNCCc1ccc2c(c1)CCN2,train,386.486,4.850400000000004,0.7361704237454222,28,49
subcategory_bioisostere.add-F_977,Cc1nc(-c2ccc(OCC(F)(F)F)cc2)sc1C(=O)O,1,bioisostere,add-F,Cc1nc(-c2ccc(OCC3CCCCC3)cc2)sc1C(=O)O,0 1 2 3 4 5 6 8 9 10 11 12 13 14 15 16 17 18 19 20,c1csc(-c2ccc(OCC3CCCCC3)cc2)n1,train,317.288,3.7578200000000015,0.9325834266528508,21,37
subcategory_bioisostere.add-F_1214,COc1cc(C(=O)C2CCCN(Cc3ccc(OC)c(C)c3C)C2)ccc1OC(F)F,1,bioisostere,add-F,COc1ccc(C(=O)C2CCCN(Cc3ccc(OC)c(C)c3C)C2)cc1OC,3 4,O=C(c1ccccc1)C1CCCN(Cc2ccccc2)C1,train,433.4950000000002,5.016940000000005,0.547528652990226,31,50
subcategory_bioisostere.add-F_466,Cc1cnc(C(=O)NCCc2ccc(S(=O)(=O)NC(=O)NC3CCC(OCc4ccccc4)CC3)cc2)cn1,0,authentic,authentic,,,O=C(NC1CCC(OCc2ccccc2)CC1)NS(=O)(=O)c1ccc(CCNC(=O)c2cnccn2)cc1,train,551.6690000000003,3.2734200000000016,0.35138848554305924,39,65
subcategory_bioisostere.add-F_1036,O=C(O)CNS(=O)(=O)c1ccc(OC(F)(F)F)cc1,1,bioisostere,add-F,COc1ccc(S(=O)(=O)NCC(=O)O)cc1,0 1 2 3 4 5 6 7 8 9 10 12 13 14 15 16 17,c1ccccc1,train,299.226,0.9480999999999996,0.844082021341081,19,36
subcategory_bioisostere.add-F_450,O=C(C1CCCCN1)N1CCN(Cc2cccnc2)CC1,0,authentic,authentic,,,O=C(C1CCCCN1)N1CCN(Cc2cccnc2)CC1,train,288.3950000000001,0.8678999999999992,0.8963886042762849,21,32
subcategory_bioisostere.add-F_619,C=CCOc1cccc(CNCCCNC(=O)C2=CC(C)(C)NC2(C)C)c1,0,authentic,authentic,,,O=C(NCCCNCc1ccccc1)C1=CCNC1,train,371.5250000000001,2.934100000000001,0.4371096909182295,27,44
subcategory_bioisostere.add-F_1008,COc1c(OC(F)(F)F)cc2c(c1OC)-c1ccc(N)c(=O)cc1[C@@H](NC(C)=O)CC2,1,bioisostere,add-F,COc1cc2c(c(OC)c1OC)-c1ccc(N)c(=O)cc1[C@@H](NC(C)=O)CC2,3 4 5,O=c1cccc2c(c1)CCCc1ccccc1-2,train,438.40200000000027,3.3352000000000013,0.7597710052153877,31,61
subcategory_bioisostere.add-F_31,CC1(C2CC2)OC(=O)Nc2ccc(Cl)cc21,0,authentic,authentic,,,O=C1Nc2ccccc2C(C2CC2)O1,train,237.686,3.527300000000002,0.8115880757488961,16,30
subcategory_bioisostere.add-F_1415,Cc1ccc(OCC(F)(F)F)c(/C=C\CO)c1,1,bioisostere,add-F,Cc1ccc(OCC(O)CNC(C)C)c(/C=C\CO)c1,0 1 2 3 5 6 7 8 9 10 11 12 13 14 15 16,c1ccccc1,train,246.228,2.9416200000000012,0.8846192555514346,17,30
subcategory_bioisostere.add-F_1280,Cc1cnc(CS(=O)c2nc3ccccc3[nH]2)cc1OC(F)(F)F,1,bioisostere,add-F,Cc1cnc(CS(=O)c2nc3ccccc3[nH]2)cc1OCC(F)(F)C(F)F,0 1 2 3 4 5 6 7 8 9 10 11 12 13 14 15 16 17 19 20 21 22,O=S(Cc1ccccn1)c1nc2ccccc2[nH]1,train,355.34100000000007,3.4727200000000016,0.778085149288412,24,42
subcategory_bioisostere.add-F_1205,O=C(NCC1CCCCN1)c1cc(OC(F)F)ccc1OCF,1,bioisostere,add-F,CCOc1ccc(OCF)c(C(=O)NCC2CCCCN2)c1,0 1 2 3 4 5 6 7 8 9 10 11 13 14 15 16 17 18 19 20 21 22,O=C(NCC1CCCCN1)c1ccccc1,train,332.32200000000006,2.4657,0.805266593986808,23,34
subcategory_bioisostere.add-F_1069,[2H]C1([2H])CN(C2=Nc3ccccc3Sc3ccccc32)CC([2H])([2H])N1CCOC(F)F,1,bioisostere,add-F,[2H]C1([2H])CN(C2=Nc3ccccc3Sc3ccccc32)CC([2H])([2H])N1CCOCCO,3 4,c1ccc2c(c1)N=C(N1CCNCC1)c1ccccc1S2,train,393.4954071120001,4.086300000000004,0.7823243293446996,27,62
subcategory_bioisostere.add-F_266,COc1ccc2nc(-c3nccc(NCc4cccnc4N(C)S(C)(=O)=O)n3)[nH]c2c1,0,authentic,authentic,,,c1cncc(CNc2ccnc(-c3nc4ccccc4[nH]3)n2)c1,train,439.50100000000015,2.4314,0.4496275046335219,31,55
subcategory_bioisostere.add-F_1109,COc1cc2c(c(OC)c1OC)-c1ccc(OC(F)F)c(=O)cc1C(NC(C)=O)CC2,1,bioisostere,add-F,COc1cc2c(c(OC)c1OC)-c1ccc(OC)c(=O)cc1C(NC(C)=O)CC2,0 1 2 3 4 5 6 7 8 9 10 11 12 13 14 16 17 18 19 20 21 22 23 24 25 26 27 28 29 30,O=c1cccc2c(c1)CCCc1ccccc1-2,train,435.42300000000023,3.4644000000000013,0.7483955042209148,31,54
subcategory_bioisostere.add-F_73,COc1cc2c(cc1OC)C(=O)C(CC1CCN(Cc3cccc(C)c3)CC1)C2.Cl,0,authentic,authentic,,,O=C1c2ccccc2CC1CC1CCN(Cc2ccccc2)CC1,train,429.9880000000002,5.091320000000006,0.6405461330591293,30,51
subcategory_bioisostere.add-F_448,CN1C2CCC(C)(C)C1CC(OC(=O)C(O)(c1cccs1)c1cccs1)C2.[Cl-].[H+],0,authentic,authentic,,,O=C(OC1CC2CCCC(C1)N2)C(c1cccs1)c1cccs1,train,442.0460000000001,1.3565999999999996,0.7276483556800184,28,59
subcategory_bioisostere.add-F_1516,CCCCc1nc(C(=O)OCC(F)(F)F)c(C(=O)OCC)n1Cc1ccc(-c2ccccc2-c2nn[nH]n2)cc1,1,bioisostere,add-F,CCCCc1nc(C(=O)OCC)c(C(=O)OCC)n1Cc1ccc(-c2ccccc2-c2nn[nH]n2)cc1,4 5 6,c1ccc(-c2nn[nH]n2)c(-c2ccc(Cn3ccnc3)cc2)c1,train,556.5450000000002,5.016900000000004,0.2555618977739466,40,69
subcategory_bioisostere.add-F_541,C[C@@H]1C(=O)O[C@H]2[C@H](O)[C@@]34C5C[C@@H](C(C)(C)C)C36C(OC(=O)[C@@H]6OC(=O)c3ccc(C(=O)c6ccccc6)cc3)OC4(C(=O)O5)[C@@]12O,0,authentic,authentic,,,O=C1CC2[C@H](C[C@@]34C5CCC36C(OC(=O)[C@@H]6OC(=O)c3ccc(C(=O)c6ccccc6)cc3)OC24C(=O)O5)O1,train,632.6180000000003,1.7261999999999995,0.28456462036565106,46,122
subcategory_bioisostere.add-F_164,CN(C/C=C/c1ccccc1)C1CCCc2ccccc21,0,authentic,authentic,,,C(=C\c1ccccc1)/CNC1CCCc2ccccc21,train,277.411,4.7092000000000045,0.7820534046999089,21,32
subcategory_bioisostere.add-F_419,CCOC(=O)CC(O)CC(O)/C=C/c1cc2ccccn2c1C(C)(C)c1ccc(F)cc1,0,authentic,authentic,,,c1ccc(Cc2ccc3ccccn23)cc1,train,439.52700000000016,4.482600000000004,0.48239136135606503,32,54
subcategory_bioisostere.add-F_873,Cn1c(=O)c2nc(-c3cc4cccc(OC(F)F)c4o3)[nH]c2n(C)c1=O,1,bioisostere,add-F,COc1cccc2cc(-c3nc4c(=O)n(C)c(=O)n(C)c4[nH]3)oc12,3 4,O=c1[nH]c(=O)c2nc(-c3cc4ccccc4o3)[nH]c2[nH]1,train,362.2920000000001,1.9748999999999994,0.6012652285750711,26,50
subcategory_bioisostere.add-F_1333,COC1CCC(S(=O)c2nc3cc(OC(F)F)c(F)cc3[nH]2)c2ncc(C)cc21,1,bioisostere,add-F,CCOc1cc2nc(S(=O)C3CCC(OC)c4cc(C)cnc43)[nH]c2cc1F,3 4,O=S(c1nc2ccccc2[nH]1)C1CCCc2cccnc21,train,425.43200000000013,4.3370200000000025,0.6582403175478254,29,53
subcategory_bioisostere.add-F_865,Fc1ccc2c(c1OCC(F)(F)F)OCCC2,1,bioisostere,add-F,COc1ccc(CCCCNCCOc2c(F)ccc3c2OCCC3)cc1,4 5 6,c1ccc(CCCCNCCOc2cccc3c2OCCC3)cc1,train,250.19099999999992,3.091800000000001,0.750764219800384,17,27
subcategory_bioisostere.add-F_904,CCOC(=O)N1CCN=C1c1ccc(N2CCc3c(C(F)(F)F)nn(-c4ccc(OC(F)F)cc4)c3C2=O)cc1,1,bioisostere,add-F,CCOC(=O)N1CCN=C1c1ccc(N2CCc3c(C(F)(F)F)nn(-c4ccc(OC)cc4)c3C2=O)cc1,0 1 2 3 4 5 6 7 8 9 10 11 12 13 14 15 16 17 18 19 20 21 22 23 24 25 26 27 29 30 31 32 33 34 35 36 37 38 39,O=C1c2c(cnn2-c2ccccc2)CCN1c1ccc(C2=NCCN2)cc1,train,563.4830000000002,4.914100000000005,0.39783694330936786,40,70
subcategory_bioisostere.add-F_1398,Cc1c(-c2ccc(O)cc2)[nH]c2cc(OC(F)(F)F)ccc12,1,bioisostere,add-F,Cc1c(-c2ccc(O)cc2)[nH]c2cc(O)ccc12,0 1 2 3 4 5 6 7 8 9 10 11 12 14 15 16 17 18 19 20 21,c1ccc(-c2cc3ccccc3[nH]2)cc1,train,307.271,4.7475200000000015,0.7175095177112827,22,42
subcategory_bioisostere.add-F_770,COc1ccc2c(c1)CC(C(=O)O)N2C(=O)C(C)CS,0,authentic,authentic,,,c1ccc2c(c1)CCN2,val,295.36,1.6034,0.8281454049435302,20,36
subcategory_bioisostere.add-F_1496,CCCc1nn(C)c2c(=O)[nH]c(-c3cc(S(=O)(=O)N4CCCCC4)ccc3OC(F)F)nc12,1,bioisostere,add-F,CCCc1nn(C)c2c(=O)[nH]c(-c3cc(S(=O)(=O)N4CCCCC4)ccc3OCC)nc12,0 1 2 3 4 5 6 7 8 9 10 11 12 13 14 15 16 17 18 19 20 21 22 23 24 25 27 28 29 30 31 32,O=c1[nH]c(-c2cccc(S(=O)(=O)N3CCCCC3)c2)nc2cn[nH]c12,train,481.5250000000003,3.052100000000001,0.555481524263661,33,62
subcategory_bioisostere.add-F_1127,CN1CCC(O)(c2ccccc2OC(F)(F)F)C(c2ccccc2F)C1,1,bioisostere,add-F,COc1ccccc1C1(O)CCN(C)CC1c1ccccc1F,0 1 2 3 4 5 6 7 8 9 10 12 13 14 15 16 17 18 19 20 21 22 23 24 25,c1ccc(C2CCNCC2c2ccccc2)cc1,train,369.35800000000006,4.031200000000003,0.8295284374187318,26,42
subcategory_bioisostere.add-F_1270,FC(F)(F)OCSc1nc(-c2ccncc2)no1,1,bioisostere,add-F,CC(C)(C)C(=O)OCSc1nc(-c2ccncc2)no1,0 1 2 3 4 5,c1cc(-c2ncon2)ccn1,val,277.22700000000003,2.7176,0.6322331088287103,18,29
subcategory_bioisostere.add-F_508,C=CCN(Cc1ccc(C)cc1)CC(O)(Cn1cncn1)c1ccc(F)cc1F,0,authentic,authentic,,,c1ccc(CNCC(Cn2cncn2)c2ccccc2)cc1,train,398.45700000000005,3.4407200000000024,0.561283493429869,29,46
subcategory_bioisostere.add-F_148,Clc1ccc2c(c1)C(c1ccccc1)=NCc1nncn1-2,0,authentic,authentic,,,c1ccc(C2=NCc3nncn3-c3ccccc32)cc1,train,294.745,3.2717000000000027,0.691129049070368,21,36
subcategory_bioisostere.add-F_257,COc1ccnc(C[S@@](=O)c2nc3ccc(OC(F)F)cc3[nH]2)c1OC,0,authentic,authentic,,,O=[S@](Cc1ccccn1)c1nc2ccccc2[nH]1,train,383.37600000000003,2.8843000000000005,0.6751975205030643,26,48
subcategory_bioisostere.add-F_1152,O=C(NCCc1c2n(c3ccc(OCC(F)(F)F)cc13)Cc1ccccc1-2)C1CC1,1,bioisostere,add-F,CCOc1ccc2c(c1)c(CCNC(=O)C1CC1)c1n2Cc2ccccc2-1,4 5 6,O=C(NCCc1c2n(c3ccccc13)Cc1ccccc1-2)C1CC1,train,414.4270000000002,4.679800000000004,0.49794018492542264,30,52
subcategory_bioisostere.add-F_28,CC(C)(CNC(=O)N1CCOCC1)NCC(O)COC(=O)c1ccccc1F,0,authentic,authentic,,,O=C(OCCCNCCNC(=O)N1CCOCC1)c1ccccc1,train,397.4470000000001,0.7534000000000011,0.5601344976963751,28,44
subcategory_bioisostere.add-F_1350,NC(=O)CC(=O)N(c1ccc(F)cc1)c1ccc(OC(F)F)c(F)c1,1,bioisostere,add-F,NC(=O)CC(=O)N(c1ccc(F)cc1)c1ccc(O)c(F)c1,17 18 19 20 21,c1ccc(Nc2ccccc2)cc1,train,356.27500000000003,3.106300000000001,0.6385209354793887,25,45
subcategory_bioisostere.add-F_442,Cl.Cl.O=C(O)COCC=CCN1CCN(Cc2ccccc2-c2ccc(Cl)cc2)CC1,0,authentic,authentic,,,c1ccc(-c2ccccc2CN2CCNCC2)cc1,test,487.85500000000025,4.625600000000005,0.4128999338554022,31,51
subcategory_bioisostere.add-F_1185,COC(=O)CCNC(=O)Cc1c(C)n(C(=O)c2ccc(Cl)cc2)c2ccc(OC(F)(F)F)cc12,1,bioisostere,add-F,COC(=O)CCNC(=O)Cc1c(C)n(C(=O)c2ccc(Cl)cc2)c2ccc(OC)cc12,3 4 5,O=C(c1ccccc1)n1ccc2ccccc21,train,496.8690000000001,4.412020000000004,0.48956402373507607,34,62
subcategory_bioisostere.add-F_734,NCCC(F)C[C@H](N[C@@H](CCc1ccccc1)C(=O)O)C(=O)N1CCC[C@H]1C(=O)O,0,authentic,authentic,,,O=C(CNCCCc1ccccc1)N1CCCC1,train,423.48500000000024,1.1832000000000003,0.39673980874153203,30,62
subcategory_bioisostere.add-F_1220,COc1cc2c(cc1I)-c1c(cc(OC)c(OC)c1OC(F)(F)F)CC[C@@H]2NC(C)=O,1,bioisostere,add-F,COc1cc2c(cc1I)-c1c(cc(OC)c(OC)c1OC)CC[C@@H]2NC(C)=O,18 19 20 21 22 23,c1ccc2c(c1)CCCc1ccccc1-2,train,551.2990000000002,5.006000000000004,0.530230110604171,31,58
subcategory_bioisostere.add-F_1202,COc1ccnc(CS(=O)c2nc3ccc(C(F)F)cc3[nH]2)c1OC(F)(F)F,1,bioisostere,add-F,COc1ccnc(CS(=O)c2nc3ccc(C(F)F)cc3[nH]2)c1OC,3 4 5,O=S(Cc1ccccn1)c1nc2ccccc2[nH]1,train,421.34700000000004,4.110500000000002,0.6065022762487869,28,50
subcategory_bioisostere.add-F_901,Cc1nc(C)n2nc(-c3cc(S(=O)(=O)N4CCN(c5ccccc5)CC4)ccc3OCC(F)(F)F)[nH]c(=O)c12,1,bioisostere,add-F,CCOc1ccc(S(=O)(=O)N2CCN(c3ccccc3)CC2)cc1-c1nn2c(C)nc(C)c2c(=O)[nH]1,0 1 2 3 4 5 6 7 8 9 10 11 12 13 14 15 16 17 18 19 20 21 22 23 24 25 26 27 29 30 31 32 33 34 35 36 37 38,O=c1[nH]c(-c2cccc(S(=O)(=O)N3CCN(c4ccccc4)CC3)c2)nn2cncc12,val,562.5740000000002,3.1534400000000016,0.38426053243274055,39,74
subcategory_bioisostere.add-F_205,CN(C[C@@H](CCN1CCC2(CC1)C[S+]([O-])c1ccccc12)c1ccc(Cl)c(Cl)c1)S(=O)(=O)c1ccc2[nH]ccc2c1,0,authentic,authentic,,,O=S(=O)(NC[C@@H](CCN1CCC2(CC1)C[SH+]c1ccccc12)c1ccccc1)c1ccc2[nH]ccc2c1,val,630.6630000000001,6.424100000000006,0.22799151962844122,41,87
subcategory_bioisostere.add-F_45,COc1ccc(NC(=S)NC(=O)Cc2c(C)n(C(=O)c3ccc(Cl)cc3)c3ccc(OC)cc23)cc1,0,authentic,authentic,,,O=C(Cc1cn(C(=O)c2ccccc2)c2ccccc12)NC(=S)Nc1ccccc1,test,522.0260000000002,5.364520000000004,0.3321919180401376,36,64
subcategory_bioisostere.add-F_250,CC(Cc1c[nH]c2ccccc12)(NC(=O)OC1[C@H]2C[C@@H]3C[C@@H](C[C@H]1C3)C2)C(=O)N(CCc1ccc(Cl)cc1Cl)CC(=O)O,0,authentic,authentic,,,O=C(NC(Cc1c[nH]c2ccccc12)C(=O)NCCc1ccccc1)OC1[C@H]2C[C@@H]3C[C@@H](C[C@H]1C3)C2,test,626.5810000000004,6.482700000000007,0.23858168106579,43,97
subcategory_bioisostere.add-F_1092,NC(=O)c1ncn2c(=O)n(COCC(F)(F)F)nnc12,1,bioisostere,add-F,CCOCn1nnc2c(C(N)=O)ncn2c1=O,0 1 2 3 4 5 6 7 8 9 11 12 13 14 15 16 17 18 19,O=c1[nH]nnc2cncn12,train,292.17699999999996,-1.0787000000000007,0.7656626546976657,20,36
subcategory_bioisostere.add-F_602,NC(CC(=O)N[C@H](Cc1ccc(Cl)cc1)C(=O)N1CCN(C2(CNC(=O)Cc3ccccc3)CCCCC2)CC1)c1ccccc1,0,authentic,authentic,,,O=C(Cc1ccccc1)NCC1(N2CCN(C(=O)[C@@H](Cc3ccccc3)NC(=O)CCc3ccccc3)CC2)CCCCC1,train,644.2600000000001,4.663400000000004,0.26612664284258386,46,80
subcategory_bioisostere.add-F_34,Clc1ccc2c(NCCCNCCN(c3ccccc3)c3ccccc3)ccnc2c1,0,authentic,authentic,,,c1ccc(N(CCNCCCNc2ccnc3ccccc23)c2ccccc2)cc1,train,430.98300000000006,6.1181000000000045,0.2972710581253952,31,44
subcategory_bioisostere.add-F_103,N#Cc1ccc(/C(=C\CCc2ccc(F)cc2)n2cncn2)cc1,0,authentic,authentic,,,C(/CCc1ccccc1)=C(/c1ccccc1)n1cncn1,train,318.355,3.8108800000000027,0.7185560726687363,24,40
subcategory_bioisostere.add-F_68,CN(CCC[C@]1(c2ccc(F)cc2)OCc2cc(C#N)ccc21)C(=O)C(F)(F)F,0,authentic,authentic,,,c1ccc(C2OCc3ccccc32)cc1,train,406.3790000000001,4.272080000000003,0.6971404079560761,29,54
subcategory_bioisostere.add-F_1458,FC(F)Oc1cccc2oc3ccccc3c12,1,bioisostere,add-F,CCN(CC)CCOc1cccc2oc3ccccc3c12,0 1 2 3 5 6 7 8 9 10 11 12 13 14 15,c1ccc2c(c1)oc1ccccc12,train,234.20099999999996,4.187400000000002,0.6629759455369779,17,25
subcategory_bioisostere.add-F_961,COc1cc2c(c(OC)c1OC(F)F)-c1ccc(N)c(=O)cc1[C@@H](NC(C)=O)CC2,1,bioisostere,add-F,COc1cc2c(c(OC)c1OC)-c1ccc(N)c(=O)cc1[C@@H](NC(C)=O)CC2,3 4,O=c1cccc2c(c1)CCCc1ccccc1-2,train,420.4120000000002,3.038000000000001,0.7714225235688348,30,58
subcategory_bioisostere.add-F_16,CNC(=O)CN1CNc2cc(Cl)c(S(N)(=O)=O)cc2S1,0,authentic,authentic,,,c1ccc2c(c1)NCNS2,train,336.8260000000001,0.42549999999999993,0.6912003699180512,20,38
subcategory_bioisostere.add-F_429,Cl.NCC[C@H](Oc1ccc(C(F)(F)F)cc1)c1ccccc1,0,authentic,authentic,,,c1ccc(COc2ccccc2)cc1,train,331.76500000000004,4.596100000000003,0.8689196917465164,22,40
subcategory_bioisostere.add-F_555,COc1ccc2nc([S@@](=O)Cc3ncc(CO)c(OC)c3C)[nH]c2c1,0,authentic,authentic,,,O=[S@@](Cc1ccccn1)c1nc2ccccc2[nH]1,train,361.4230000000001,2.08362,0.6976385406732035,25,47
subcategory_bioisostere.add-F_1512,Cc1c(C(=O)c2ccc(OC(F)F)cc2)c2ccccc2n1CC(=O)O,1,bioisostere,add-F,COc1ccc(C(=O)c2c(C)n(CC(=O)O)c3ccccc23)cc1,0 1 2 3 4 5 6 7 9 10 11 12 13 14 15 16 17 18 19 20 21 22 23 24 25,O=C(c1ccccc1)c1c[nH]c2ccccc12,train,359.3280000000001,3.8667200000000026,0.6786652727891272,26,44
subcategory_bioisostere.add-F_1429,COc1ccc2c(c1)C(CN)(OF)CCC2,1,bioisostere,add-F,COc1ccc2c(c1)C(O)(CN)CCC2,0 1 2 3 4 5 6 7 9 10 11 12 13 14 15,c1ccc2c(c1)CCCC2,train,225.26299999999992,2.0866,0.8562118796036905,16,26
subcategory_bioisostere.add-F_282,CC(CC(N)=O)OC(=O)COCCN1CCN(C(c2ccccc2)c2ccc(Cl)cc2)CC1,0,authentic,authentic,,,c1ccc(C(c2ccccc2)N2CCNCC2)cc1,train,474.0010000000001,2.870700000000003,0.3987626154425338,33,54
subcategory_bioisostere.add-F_1382,COc1cc2c(cc1OC(F)(F)F)CC(CC1CCCN(Cc3ccccc3)C1)C2=O,1,bioisostere,add-F,COc1cc2c(cc1OC)C(=O)C(CC1CCCN(Cc3ccccc3)C1)C2,0 1 2 3 4 5 6 8 9 10 11 12 13 14 15 16 17 18 19 20 21 22 23 24 25 26 27 28 29 30,O=C1c2ccccc2CC1CC1CCCN(Cc2ccccc2)C1,train,433.47000000000025,5.251100000000005,0.623760827444018,31,50
subcategory_bioisostere.add-F_747,CC(C)N(CC[C@](C(N)=O)(c1ccccc1)c1ccccn1)C(C)C,0,authentic,authentic,,,c1ccc(Cc2ccccn2)cc1,test,339.4830000000001,3.361900000000002,0.8020711980677477,25,45
subcategory_bioisostere.add-F_1584,CCCCCC(O)c1cccc(OF)c1,1,bioisostere,add-F,CCCCCC(O)c1cccc(OCc2ccncc2)c1,11 12 13,c1ccc(OCc2ccncc2)cc1,train,212.26399999999998,3.5636000000000028,0.7303701227584899,15,21
subcategory_bioisostere.add-F_1173,C=C[C@H](O)[C@@H](C(=O)OC(F)(F)F)c1c(-c2ccc(F)cc2)c2ccccc2n1C(C)C,1,bioisostere,add-F,C=C[C@H](O)[C@@H](C(=O)OCC)c1c(-c2ccc(F)cc2)c2ccccc2n1C(C)C,5 7 8 9 10 11,c1ccc(-c2c[nH]c3ccccc23)cc1,train,435.4170000000001,5.721800000000004,0.3060497388156236,31,65
subcategory_bioisostere.add-F_1562,CC1(C)Cc2cc(-c3nc(O)c(C(=O)OC(F)(F)F)s3)cc(C#N)c2O1,1,bioisostere,add-F,CCOC(=O)c1sc(-c2cc(C#N)c3c(c2)CC(C)(C)O3)nc1O,0 1 2 3 4 5 6 7 8 9 10 11 13 14 15 16 17 18 19 20 21 22 23 24 25,c1csc(-c2ccc3c(c2)CCO3)n1,train,384.3350000000001,3.7774800000000024,0.7925367002365676,26,51
subcategory_bioisostere.add-F_756,COc1cc2c(c(OC)c1OC)-c1ccc(OC)c(=O)cc1[C@@H](NC(=O)CCCCCC(=O)OC(C)C)CC2,0,authentic,authentic,,,O=c1cccc2c(c1)CCCc1ccccc1-2,train,541.6410000000003,4.7538000000000045,0.3028162004814332,39,70
subcategory_bioisostere.add-F_434,O=C(CN1CCC(c2ccccc2)CC1)Nc1nc2cc3nc(NC(=O)CN4CCC(c5ccccc5)CC4)sc3cc2s1,0,authentic,authentic,,,O=C(CN1CCC(c2ccccc2)CC1)Nc1nc2cc3nc(NC(=O)CN4CCC(c5ccccc5)CC4)sc3cc2s1,train,624.8360000000002,6.542200000000007,0.2037916812136955,44,70
subcategory_bioisostere.add-F_474,O=C(O)C(=O)O.c1ccc(OCCNCC2COC3(CCCCC3)O2)cc1,0,authentic,authentic,,,c1ccc(OCCNCC2COC3(CCCCC3)O2)cc1,train,381.42500000000024,1.8863999999999999,0.5055284996063628,27,44
subcategory_bioisostere.add-F_728,CCCc1nc(C(C)(C)O)c(C(=O)OCc2oc(=O)oc2C)n1Cc1ccc(-c2ccccc2-c2nn[nH]n2)cc1.O,0,authentic,authentic,,,O=C(OCc1coc(=O)o1)c1cncn1Cc1ccc(-c2ccccc2-c2nn[nH]n2)cc1,test,576.6100000000002,3.345320000000002,0.23280704157298124,42,74
subcategory_bioisostere.add-F_966,COc1cc2c(CCN(C)C)c[nH]c2c(OC)c1OC(F)(F)F,1,bioisostere,add-F,COc1cc2c(CCN(C)C)c[nH]c2c(OC)c1OC,3 4 5,c1ccc2[nH]ccc2c1,train,332.322,3.187800000000001,0.8824712969792105,23,40
subcategory_bioisostere.add-F_926,O=C(CCCc1ccccc1)c1ccccc1OC(F)(F)F,1,bioisostere,add-F,CCCNCCCOc1ccccc1C(=O)CCCc1ccccc1,0 1 2 3 4 5 6 7 8 9 10 11 12 13 14 15 17 18 19 20,O=C(CCCc1ccccc1)c1ccccc1,train,308.299,4.790800000000003,0.7171306030117917,22,33
subcategory_bioisostere.add-F_228,CC1(O)CN(c2nnc(-c3cccc(Cl)c3Cl)c(N)n2)C1,0,authentic,authentic,,,c1ccc(-c2cnc(N3CCC3)nn2)cc1,train,326.1870000000001,1.9986,0.8774935318681881,21,40
subcategory_bioisostere.add-F_130,CC1NC(=O)NC1CCCCCC(=O)NCCc1ccccc1,0,authentic,authentic,,,O=C(CCCCCC1CNC(=O)N1)NCCc1ccccc1,train,317.43299999999994,2.3656999999999995,0.6119845043192015,23,33
subcategory_bioisostere.add-F_1261,COc1cc(C(=O)N2CCC(Cc3ccccc3)CC2)ccc1OC(F)F,1,bioisostere,add-F,COc1ccc(C(=O)N2CCC(Cc3ccccc3)CC2)cc1OC,0 1 2 3 4 5 6 7 8 9 10 11 12 13 14 15 16 17 18 19 20 21 23 24 25,O=C(c1ccccc1)N1CCC(Cc2ccccc2)CC1,train,375.4150000000001,4.391500000000004,0.7516019563804863,27,42
subcategory_bioisostere.add-F_182,C=CC(=C)C1Nc2ccc(Cl)cc2C(C#CC2CC2)(C(F)(F)F)O1.CC,0,authentic,authentic,,,C(#CC1OCNc2ccccc21)C1CC1,test,383.84100000000007,6.047600000000004,0.49565646183789674,26,49
subcategory_bioisostere.add-F_1472,COc1c(OC(F)(F)F)cc2c(c1OC)-c1cccc(=O)cc1[C@@H](NC(C)=O)CC2,1,bioisostere,add-F,COc1cc2c(c(OC)c1OC)-c1cccc(=O)cc1[C@@H](NC(C)=O)CC2.Cl,0 1 2 4 5 6 7 8 9 10 11 12 13 14 15 16 17 18 19 20 21 22 23 24 25 26 27 28 29,O=c1cccc2c(c1)CCCc1ccccc1-2,train,423.3870000000002,3.753000000000003,0.810964496425128,30,58
subcategory_bioisostere.add-F_1104,NC(=O)CN1CC[C@@H](c2ccc(F)cc2)[C@H](COc2ccc(OCC(F)(F)F)c(O)c2)C1,1,bioisostere,add-F,NC(=O)CN1CC[C@@H](c2ccc(F)cc2)[C@H](COc2ccc3c(c2)OCO3)C1,0 1 2 3 4 5 6 7 8 9 10 11 12 13 14 15 16 17 18 19 20 22 23 24 25 26 27 28 29 30 31,c1ccc([C@@H]2CCNC[C@H]2COc2ccc3c(c2)OCO3)cc1,train,456.43600000000015,3.4422000000000024,0.5948455063148936,32,64
subcategory_bioisostere.add-F_615,COc1ccc(/C=C(C)/C=C/C(O)=C2\C(=O)CN(C)C2=O)c2ccccc12,0,authentic,authentic,,,O=C1CNC(=O)/C1=C/C=C/C=C/c1cccc2ccccc12,test,363.4130000000001,3.661100000000002,0.38959262083065777,27,52
subcategory_bioisostere.add-F_82,O=COc1ccnc(CS(=O)(=O)c2nc3ccc(OC(F)F)cc3[nH]2)c1OC=O,0,authentic,authentic,,,O=S(=O)(Cc1ccccn1)c1nc2ccccc2[nH]1,val,427.34100000000007,1.6035999999999997,0.5047375503053251,29,52
subcategory_bioisostere.add-F_384,C=C(c1ccc(Cl)cc1OCc1ccc(Cl)cc1)n1ccnc1,0,authentic,authentic,,,C=C(c1ccccc1OCc1ccccc1)n1ccnc1,train,345.229,5.287900000000004,0.6283735457877335,23,38
subcategory_bioisostere.add-F_386,COc1cc2c(cc1OCCCOc1cc3c(cc1OC)C(=O)N1CC(=C(F)F)C[C@H]1C=N3)N=C[C@@H]1CC(=C(F)F)CN1C2=O,0,authentic,authentic,,,C=C1C[C@H]2C=Nc3cc(OCCCOc4ccc5c(c4)N=C[C@@H]4CC(=C)CN4C5=O)ccc3C(=O)N2C1,train,628.5790000000002,5.7137000000000056,0.2741709564751213,45,86
subcategory_bioisostere.add-F_1101,CCC[C@H]1CN(Cc2ccccc2)C[C@@H]1CNC(=O)c1cc(Cl)c(NC)cc1OC(F)F,1,bioisostere,add-F,CCC[C@H]1CN(Cc2ccccc2)C[C@@H]1CNC(=O)c1cc(Cl)c(NC)cc1OC,3 4,O=C(NC[C@@H]1CCN(Cc2ccccc2)C1)c1ccccc1,train,465.97200000000015,5.261200000000005,0.5021611765104744,32,59
subcategory_bioisostere.add-F_1203,CCC(=O)N[C@H]1CCc2c(Cl)c(OC(F)(F)F)c(OC)c(OC)c2-c2ccc(OC)c(=O)cc21,1,bioisostere,add-F,CCC(=O)N[C@H]1CCc2c(Cl)c(OC)c(OC)c(OC)c2-c2ccc(OC)c(=O)cc21,0 1 2 3 4 5 6 7 8 9 10 12 13 14 15 16 17 18 19 20 21 22 23 24 25 26 27 28 29 30 31 32 33,O=c1cccc2c(c1)CCCc1ccccc1-2,train,501.88500000000033,4.805100000000005,0.6117118170013036,34,66
subcategory_bioisostere.add-F_1254,CC(NCc1ccccc1OC(F)F)c1ccccc1,1,bioisostere,add-F,CC(NCc1ccccc1OC1CCCC1)c1ccccc1,9 10 11 12 13,c1ccc(CNCc2ccccc2OC2CCCC2)cc1,val,277.31399999999996,4.1388000000000025,0.8565092624759343,20,28
subcategory_bioisostere.add-F_430,C=C(Cc1ccccc1)C(=O)c1ccsc1,0,authentic,authentic,,,C=C(Cc1ccccc1)C(=O)c1ccsc1,train,228.31599999999997,3.729700000000002,0.5753645939208796,16,26
subcategory_bioisostere.add-F_1235,COc1cccc(-c2cc(O)c3cc(OC(F)F)c(O)cc3n2)c1,1,bioisostere,add-F,COc1cccc(-c2cc(O)c3cc4c(cc3n2)OCO4)c1,0 1 2 3 4 5 6 7 8 9 10 11 12 14 15 16 17 18 19 20 21 22 23,c1ccc(-c2ccc3cc4c(cc3n2)OCO4)cc1,train,333.29,3.923000000000001,0.7569649490628478,24,41
subcategory_bioisostere.add-F_1478,CN(C)C[C@H](F)CN(C)S(=O)(=O)c1ccc(-c2cnc(N)c(C(=O)Nc3cccnc3)n2)cc1,1,bioisostere,add-F,CN1CCC(N(C)S(=O)(=O)c2ccc(-c3cnc(N)c(C(=O)Nc4cccnc4)n3)cc2)C1,2 3 4 5 6 7 8,O=C(Nc1cccnc1)c1cncc(-c2ccc(S(=O)(=O)NC3CCNC3)cc2)n1,train,487.5610000000002,1.8932999999999989,0.467319064152651,34,66
subcategory_bioisostere.add-F_418,CCCCc1cc(NCc2ccco2)c(C(=O)O)cc1S(N)(=O)=O,0,authentic,authentic,,,c1ccc(NCc2ccco2)cc1,train,352.4120000000001,2.5799000000000003,0.6708620620759556,24,41
subcategory_bioisostere.add-F_293,CCCc1nccc2c1[nH]c1cc(F)ccc12,0,authentic,authentic,,,c1ccc2c(c1)[nH]c1cnccc12,train,228.26999999999998,3.8077000000000023,0.709521098727516,17,28
subcategory_bioisostere.add-F_826,CN(C)C[C@H](F)CN(C)C(=O)c1cc(S(N)(=O)=O)c(Cl)cc1NCc1ccco1,1,bioisostere,add-F,CN(C)CCCN(C)C(=O)c1cc(S(N)(=O)=O)c(Cl)cc1NCc1ccco1,3,c1ccc(NCc2ccco2)cc1,train,446.93200000000013,2.1642,0.6105955494561414,29,57
subcategory_bioisostere.add-F_1167,O=C(NCc1ccccc1OC(F)(F)F)C1=Cc2ccncc2CC1,1,bioisostere,add-F,COc1ccccc1CNC(=O)C1=Cc2ccncc2CC1,0 1 2 3 4 5 6 7 8 10 11 12 13 14 15 16 17 18 19 20 21 22 23 24,O=C(NCc1ccccc1)C1=Cc2ccncc2CC1,train,348.32400000000007,3.6262000000000025,0.9180390337331059,25,39
subcategory_bioisostere.add-F_70,CC(C)(C)NCc1cc(Nc2ccnc3cc(Cl)ccc23)cc(-c2ccc(Cl)cc2)c1F,0,authentic,authentic,,,c1ccc(-c2cccc(Nc3ccnc4ccccc34)c2)cc1,train,468.40300000000013,7.979400000000005,0.3118372576277414,32,55
subcategory_bioisostere.add-F_61,COc1ccc(Cl)cc1C(=O)NCCc1ccc(S(=O)(=O)NC(=O)C2=COCCC2)cc1,0,authentic,authentic,,,O=C(NS(=O)(=O)c1ccc(CCNC(=O)c2ccccc2)cc1)C1=COCCC1,train,478.9540000000003,2.8203000000000014,0.603222099831684,32,56
subcategory_bioisostere.add-F_554,CC(C)n1c(C=C[C@@H](O)CC(O)CC(=O)O)c(-c2ccc(F)cc2)c2ccccc21,0,authentic,authentic,,,c1ccc(-c2c[nH]c3ccccc23)cc1,train,411.473,4.628100000000003,0.5047877346321324,30,58
subcategory_bioisostere.add-F_65,CCN1CCCC1CNC(=O)c1cc2c(=O)n(C)c3ccccc3c2n1C,0,authentic,authentic,,,O=C(NCC1CCCN1)c1cc2c(=O)[nH]c3ccccc3c2[nH]1,val,366.4650000000001,2.2443,0.7704222571561227,27,43
subcategory_bioisostere.add-F_352,C[N+]1(C)C2(O)CC(OC(=O)C(O)(c3cccs3)c3cccs3)CC1(O)C1(O)OC12O,0,authentic,authentic,,,O=C(OC1CC2[NH2+]C(C1)C1OC21)C(c1cccs1)c1cccs1,train,456.5180000000002,-0.3743000000000008,0.23846453283998406,30,60
subcategory_bioisostere.add-F_433,COc1ccc2c(c1)c(CC(=O)NS(C)(=O)=O)c(C)n2C(=O)c1ccc(Cl)cc1,0,authentic,authentic,,,O=C(c1ccccc1)n1ccc2ccccc21,train,434.9010000000002,2.918520000000001,0.6658324175437074,29,56
subcategory_bioisostere.add-F_1364,Cn1nc(C(=O)NCc2ccccc2)c2c1CCN(C(=O)Cc1ccc(OC(F)F)cc1)C2,1,bioisostere,add-F,COc1ccc(CC(=O)N2CCc3c(c(C(=O)NCc4ccccc4)nn3C)C2)cc1,0 1 2 3 4 5 6 7 8 9 10 11 12 13 14 15 16 17 18 19 20 21 22 23 24 26 27 28 29 30 31 32,O=C(NCc1ccccc1)c1n[nH]c2c1CN(C(=O)Cc1ccccc1)CC2,train,454.4770000000002,3.078900000000001,0.5954588635327587,33,55
subcategory_bioisostere.add-F_1204,Cc1cc(N2CCc3c(C(N)=O)nn(-c4ccc(OC(F)F)c(F)c4)c3C2=O)ccc1N1CCOCC1=O,1,bioisostere,add-F,CCOc1ccc(-n2nc(C(N)=O)c3c2C(=O)N(c2ccc(N4CCOCC4=O)c(C)c2)CC3)cc1F,3 4,O=C1COCCN1c1ccc(N2CCc3cnn(-c4ccccc4)c3C2=O)cc1,train,529.4750000000004,2.586220000000001,0.5243674958241872,38,66
subcategory_bioisostere.add-F_606,CC(COC(=O)c1cc(S(N)(=O)=O)c(Cl)cc1NCc1ccco1)N[C@@H](C)[C@H](O)c1cc(F)cc(F)c1,0,authentic,authentic,,,O=C(OCCNCCc1ccccc1)c1ccccc1NCc1ccco1,train,558.0030000000002,3.727700000000003,0.2610818935678327,37,76
subcategory_bioisostere.add-F_1434,COc1cc2c(cc1OC(F)F)C1(Cc3ccccc3O1)CN(C)C2,1,bioisostere,add-F,COc1cc2c(cc1OC)C1(Cc3ccccc3O1)CN(C)C2,0 1 2 3 4 5 6 8 9 10 11 12 13 14 15 16 17 18 19 20 21 22 23 24,c1ccc2c(c1)CC1(CNCc3ccccc31)O2,train,347.3610000000001,3.572400000000002,0.849331128183166,25,41
subcategory_bioisostere.add-F_260,COc1cc2c(c(OC)c1OC)-c1ccc(C(C)C)c(=O)cc1[C@@H](NC(C)=O)CC2,0,authentic,authentic,,,O=c1cccc2c(c1)CCCc1ccccc1-2,train,411.4980000000002,3.9864000000000024,0.8054430222520592,30,58
subcategory_bioisostere.add-F_405,NC(=O)c1cc(F)c(F)cc1OCc1ccc(F)c(C(=O)N2CCNCC2)c1,0,authentic,authentic,,,O=C(c1cccc(COc2ccccc2)c1)N1CCNCC1,train,393.3650000000002,1.8272,0.8118603564773752,28,48
subcategory_bioisostere.add-F_22,O=C1/C(=C/c2cccc([N+](=O)[O-])c2)CCCc2ccccc21,0,authentic,authentic,,,O=C1/C(=C/c2ccccc2)CCCc2ccccc21,train,293.32199999999995,4.197400000000004,0.3606937456005369,22,45
subcategory_bioisostere.add-F_1564,CC1(C)[C@@H](NC(=O)c2cc(Cl)ccc2OC(F)(F)F)[C@@H]1c1ccc(S(C)(=O)=O)cc1,1,bioisostere,add-F,COc1ccc(Cl)cc1C(=O)N[C@H]1[C@H](c2ccc(S(C)(=O)=O)cc2)C1(C)C,0 1 2 3 4 5 6 7 8 9 10 11 12 14 15 16 17 18 19 20 21 22 23 24 25 26 27 28 29,O=C(N[C@@H]1C[C@H]1c1ccccc1)c1ccccc1,train,461.8890000000001,4.564100000000003,0.7079111937492555,30,68
subcategory_bioisostere.add-F_473,C=CCOC[C@H]1C[C@@]23CC[C@]1(OC)[C@@H]1Oc4c(OC)ccc5c4[C@@]12CCN(CC1CC1)[C@@H]3C5,0,authentic,authentic,,,c1cc2c3c(c1)O[C@H]1C4CCC5(CC4)[C@@H](C2)N(CC2CC2)CC[C@]315,train,451.6070000000003,4.122300000000004,0.4392420140376896,33,79
subcategory_bioisostere.add-F_572,O=C(O)C[C@H](O)C[C@H](O)/C=C/c1c(C2C=C2)nc2ccccc2c1-c1ccc(F)cc1,0,authentic,authentic,,,C1=CC1c1cc(-c2ccccc2)c2ccccc2n1,train,419.4520000000001,4.294100000000003,0.4739465993461492,31,63
subcategory_bioisostere.add-F_59,COc1cccc(C(=O)CCCN2CCN(c3ccccc3OC)CC2)c1,0,authentic,authentic,,,O=C(CCCN1CCN(c2ccccc2)CC1)c1ccccc1,train,368.4770000000001,3.488900000000002,0.6674349738664955,27,40
subcategory_bioisostere.add-F_888,CCOc1ccc(S(=O)(=O)N2CCN(C)CC2)cc1C(=O)Nc1c(C)nn(C)c1COC(F)(F)F,1,bioisostere,add-F,CCOc1ccc(S(=O)(=O)N2CCN(C)CC2)cc1C(=O)Nc1c(C)nn(C)c1CON,0 1 2 3 4 5 6 7 8 9 10 11 12 13 14 15 16 17 18 19 20 21 22 23 24 25 26 27 28 30 31 32 33,O=C(Nc1cn[nH]c1)c1cccc(S(=O)(=O)N2CCNCC2)c1,train,519.5460000000003,2.3520199999999996,0.5708370301883254,35,62
subcategory_bioisostere.add-F_610,O=C(O)c1ccccc1[O-].c1ccc2c(c1)OCCOCC[NH2+]CCOCCO2,0,authentic,authentic,,,c1ccc2c(c1)OCCOCC[NH2+]CCOCCO2.c1ccccc1,train,405.44700000000034,0.512800000000001,0.7106472410752109,29,49
subcategory_bioisostere.add-F_525,CN(Cc1ccccc1)C(=O)C(Cc1ccccc1)NC(=O)CNC(=O)c1c[nH]c2ccccc12,0,authentic,authentic,,,O=C(CNC(=O)c1c[nH]c2ccccc12)NC(Cc1ccccc1)C(=O)NCc1ccccc1,train,468.55700000000013,3.2838000000000003,0.35189786969070563,35,59
subcategory_bioisostere.add-F_135,CN(C)CC/C=C(\c1ccc(F)cc1)c1ccc(C#N)cc1COC(=O)C(C)(C)C,0,authentic,authentic,,,C=C(c1ccccc1)c1ccccc1,train,408.5170000000002,5.170080000000005,0.5932536270589704,30,53
subcategory_bioisostere.add-F_464,COc1cccc(C2=C(CN3CCCC3)CCCC2c2ccccc2)c1,0,authentic,authentic,,,c1ccc(C2=C(CN3CCCC3)CCCC2c2ccccc2)cc1,test,347.50199999999995,5.512300000000005,0.7066930423096653,26,39
subcategory_bioisostere.add-F_56,COc1ccc(-n2nc(C(N)=O)c3c2C(=O)N(c2ccc(C4(N(C)C)CC4)cc2)CC3)cc1,0,authentic,authentic,,,O=C1c2c(cnn2-c2ccccc2)CCN1c1ccc(C2CC2)cc1,train,445.52300000000025,2.7334000000000005,0.6297540786887134,33,62
subcategory_bioisostere.add-F_456,COc1cc2c(cc1OC)C(=O)C(F)(CC1CCN(C)CC1)C2,0,authentic,authentic,,,O=C1c2ccccc2CC1CC1CCNCC1,train,321.39200000000005,2.8828000000000014,0.854656661520009,23,40
subcategory_bioisostere.add-F_522,CN1Cc2sc([N+](=O)[O-])cc2C(c2ccc(Br)cc2)C1,0,authentic,authentic,,,c1ccc(C2CNCc3sccc32)cc1,train,353.24100000000004,3.996100000000003,0.6057257734819266,20,42
subcategory_bioisostere.add-F_1043,CCOc1ccc(OCC(F)(F)F)c(NCc2cnc3nc(N)nc(N)c3c2C)c1,1,bioisostere,add-F,CCOc1ccc(OCC)c(NCc2cnc3nc(N)nc(N)c3c2C)c1,0 1 2 3 4 5 7 8 9 10 11 12 13 14 15 16 17 18 19 20 21 22 23 24 25 26 27 28 29,c1ccc(NCc2cnc3ncncc3c2)cc1,test,422.4110000000002,3.4495200000000006,0.5293918423963718,30,48
subcategory_bioisostere.add-F_768,COc1ccccc1CN(C)[C@H]1CCc2cc(OC)c(OC)c(OC)c2-c2ccc(OC)c(=O)cc21,0,authentic,authentic,,,O=c1cccc2c(c1)[C@@H](NCc1ccccc1)CCc1ccccc1-2,test,491.5840000000003,4.8761000000000045,0.44512122425218,36,62
subcategory_bioisostere.add-F_1176,C[C@]12CC[C@H](O[C@@H]3O[C@@H](COC(F)(F)F)[C@H](O)[C@H](O)[C@@H]3O)CC1CC[C@@H]1[C@@H]2CC[C@]2(C)[C@@H](C3=CC(=O)OC3)CC[C@@]12O,1,bioisostere,add-F,C[C@]12CC[C@H](O[C@@H]3O[C@@H](CO)[C@H](O)[C@H](O)[C@@H]3O)CC1CC[C@@H]1[C@@H]2CC[C@]2(C)[C@@H](C3=CC(=O)OC3)CC[C@@]12O,9 10 11 12 13 14,O=C1C=C([C@H]2CCC3C2CC[C@@H]2C4CC[C@H](O[C@H]5CCCCO5)CC4CC[C@@H]32)CO1,train,604.6590000000001,2.972600000000002,0.27605058212168304,42,126
subcategory_bioisostere.add-F_119,COC(=O)N1CCC(CN2CC[C@H](NC(=O)c3cc(Cl)c(N)cc3OC)[C@H](OC)C2)CC1,0,authentic,authentic,,,O=C(NC1CCN(CC2CCNCC2)CC1)c1ccccc1,train,468.9820000000003,2.2283,0.6163198513708584,32,63
subcategory_bioisostere.add-F_1361,CC(C)C(=O)Nc1ccc(Nc2cccc(OC(F)F)c2)cc1,1,bioisostere,add-F,COc1cccc(Nc2ccc(NC(=O)C(C)C)cc2)c1,0 1 2 3 4 5 6 7 8 9 10 11 12 13 14 16 17 18 19 20 21 22,c1ccc(Nc2ccccc2)cc1,train,320.339,4.626100000000003,0.8159003852230893,23,38
subcategory_bioisostere.add-F_532,C=C(C)COc1ccc(-c2nc(C)c(C(=O)OC3OC(C(=O)O)C(O)C(O)C3O)s2)cc1C#N,0,authentic,authentic,,,O=C(OC1CCCCO1)c1cnc(-c2ccccc2)s1,test,490.4900000000001,0.9940999999999995,0.32106767988567414,34,63
subcategory_bioisostere.add-F_651,CS(=O)(=O)O.O=C(c1ccc(-n2ccnc2)cc1)N1CCN(Cc2ccccc2)CC1,0,authentic,authentic,,,O=C(c1ccc(-n2ccnc2)cc1)N1CCN(Cc2ccccc2)CC1,train,442.5410000000003,2.3343000000000007,0.6233569577521634,31,54
subcategory_bioisostere.add-F_168,CNS(=O)(=O)c1cc2c(cc1Cl)NC(C1CC3C=CC1C3)NS2(=O)=O,0,authentic,authentic,,,O=S1(=O)NC(C2CC3C=CC2C3)Nc2ccccc21,train,403.9130000000001,1.4902,0.6630832769614513,25,49
subcategory_bioisostere.add-F_1160,O=S(=O)(Nc1cccc(OC(F)(F)F)c1)C(F)(F)F,1,bioisostere,add-F,O=S(=O)(Nc1cccc(OCc2nc3ccccc3s2)c1)C(F)(F)F,0 1 2 3 4 5 6 7 9 10 11 12 13 14 15 16 17 18,c1ccc(OCc2nc3ccccc3s2)cc1,train,309.18699999999995,2.8467000000000002,0.8735963685222111,19,37
subcategory_bioisostere.add-F_946,CCCc1nn(C)c2c(=O)[nH]c(-c3cc(NS(C)(=O)=O)ccc3OC(F)(F)F)nc12,1,bioisostere,add-F,CCCc1nn(C)c2c(=O)[nH]c(-c3cc(NS(C)(=O)=O)ccc3OCC)nc12,0 1 2 3 4 5 6 7 8 9 10 11 12 13 14 15 16 17 18 19 20 21 23 24 25 26 27 28 29,O=c1[nH]c(-c2ccccc2)nc2cn[nH]c12,train,445.4230000000002,2.5462000000000007,0.6019760095656227,30,59
subcategory_bioisostere.add-F_1088,O=C1Nc2ccc(Cl)cc2C(COC(F)(F)F)(C2CC2)O1,1,bioisostere,add-F,O=C(Nc1ccc(F)cc1)OCC1(C2CC2)OC(=O)Nc2ccc(Cl)cc21,3 4 5,O=C(Nc1ccccc1)OCC1(C2CC2)OC(=O)Nc2ccccc21,train,321.6820000000001,4.043800000000001,0.9135188141708802,21,39
subcategory_bioisostere.add-F_1380,CCN(CC)Cc1ccc(-c2cc(S(=O)(=O)CC)ccc2OF)[nH]1,1,bioisostere,add-F,CCN(CC)Cc1ccc(-c2cc(S(=O)(=O)CC)ccc2OC)[nH]1,0 1 2 3 4 5 6 7 8 9 10 11 12 13 14 15 16 17 18 19 21 22 23,c1ccc(-c2ccc[nH]2)cc1,val,354.447,3.5804000000000027,0.786972781699708,24,44
subcategory_bioisostere.add-F_963,O=C(Nc1ccc(OC(F)F)c(F)c1)Nc1ccccc1F,1,bioisostere,add-F,O=C(Nc1ccc(O)c(F)c1)Nc1ccccc1F,0 1 2 3 4 5 7 8 9 10 11 12 13 14 15 16 17 18 19 20 21,O=C(Nc1ccccc1)Nc1ccccc1,train,314.238,4.210200000000001,0.8306159082173171,22,35
subcategory_bioisostere.add-F_560,COCCOCCOCC(C)Nc1nnc(-c2cccc(Cl)c2Cl)c(N)n1.Cl,0,authentic,authentic,,,c1ccc(-c2cncnn2)cc1,train,452.77000000000015,3.329400000000001,0.5002716243578648,28,45
subcategory_bioisostere.add-F_628,CCC(=O)N(c1ccc(C)c(Cl)c1)C1CCCC1N(C)C,0,authentic,authentic,,,c1ccc(NC2CCCC2)cc1,test,308.853,3.8741200000000022,0.8426350085857716,21,37
subcategory_bioisostere.add-F_114,COc1ccccc1CN(C)CCC/C=C1\OC(=O)c2cc(OC)c(OC)cc21,0,authentic,authentic,,,O=C1O/C(=C\CCCNCc2ccccc2)c2ccccc21,train,397.4710000000001,4.135900000000004,0.46831449948131365,29,47
subcategory_bioisostere.add-F_1345,CC1(C)CC[C@]2(C(=O)O[C@H](OCC(F)(F)F)[C@H](O)[C@@H](O)[CH]O)CC[C@]3(C)C(C(=O)C=C4[C@@]5(C)C=C(C#N)C(=O)C(C)(C)[C@@H]5CC[C@]43C)C2C1,1,bioisostere,add-F,CC1(C)CC[C@]2(C(=O)O[C@@H]3O[C@H](CO)[C@@H](O)[C@H](O)[C@H]3O)CC[C@]3(C)C(C(=O)C=C4[C@@]5(C)C=C(C#N)C(=O)C(C)(C)[C@@H]5CC[C@]43C)C2C1,9 10 11 12 13 14 15,O=C1C=CC2C3=CC(=O)C4C(CC[C@@]5(C(=O)O[C@H]6CCCCO6)CCCCC45)C3CC[C@H]2C1,train,692.7919999999998,5.910270000000007,0.21829379491745185,49,131
subcategory_bioisostere.add-F_79,[NH3+]CCCC[C@H](N[C@@H](CCc1ccccc1)C(=O)O)C(=O)N1CCC[C@H]1C(=O)[O-],0,authentic,authentic,,,O=C(CNCCCc1ccccc1)N1CCCC1,train,405.49500000000023,-0.8162999999999965,0.3887697596311466,29,67
subcategory_bioisostere.add-F_1367,Cc1c[nH]c(CSc2nc3ccc(OC(F)(F)F)cc3[nH]2)c(C)c1=O,1,bioisostere,add-F,COc1ccc2nc(SCc3[nH]cc(C)c(=O)c3C)[nH]c2c1,0 1 2 3 4 5 6 7 8 9 10 11 13 14 15 16 17 18 19 20 21 22 23 24,O=c1cc[nH]c(CSc2nc3ccccc3[nH]2)c1,train,369.3680000000001,4.0589400000000015,0.6806579039898996,25,48
subcategory_bioisostere.add-F_540,CC(NC(CCc1ccccc1)C(=O)O)C(=O)N1CCCC1O,0,authentic,authentic,,,O=C(CNCCCc1ccccc1)N1CCCC1,train,320.3890000000001,0.9912999999999996,0.6969904500844217,23,37
subcategory_bioisostere.add-F_916,NCC[C@@H](O)c1cccc(OCC(F)(F)F)c1,1,bioisostere,add-F,NCC[C@@H](O)c1cccc(OCC2CCC(F)(F)CC2)c1,0 1 2 3 4 5 6 7 8 10 11 12 13 14 15,c1ccc(OCC2CCCCC2)cc1,train,249.2319999999999,2.0099,0.8388609284311151,17,32
subcategory_bioisostere.add-F_797,C#CCNS(=O)(=O)c1ccc(CCN(Cc2cc(Cl)ccc2OCCC)C(=O)CCc2ccccc2)cc1,0,authentic,authentic,,,O=C(CCc1ccccc1)N(CCc1ccccc1)Cc1ccccc1,train,553.1240000000004,5.244400000000005,0.2773439665831119,38,61
subcategory_bioisostere.add-F_83,Cc1ncc(-c2ccc(S(C)(=O)=O)cc2)nc1C(=O)NC1=CCCC=C1.[HH],0,authentic,authentic,,,O=C(NC1=CCCC=C1)c1cncc(-c2ccccc2)n1,train,371.4620000000001,3.065220000000002,0.8920972695442411,26,53
subcategory_bioisostere.add-F_997,CCCc1nn(C)c2c(=O)[nH]c(-c3cc(S(=O)(=O)NC(=O)CCC4CCCN4C)ccc3OCC(F)(F)F)nc12,1,bioisostere,add-F,CCCOc1ccc(S(=O)(=O)NC(=O)CCC2CCCN2C)cc1-c1nc2c(CCC)nn(C)c2c(=O)[nH]1,0 1 2 3 4 5 6 7 8 9 10 11 12 13 14 15 16 17 18 19 20 21 22 23 24 25 26 27 28 29 30 32 33 34 35 36 37 38 39,O=C(CCC1CCCN1)NS(=O)(=O)c1cccc(-c2nc3cn[nH]c3c(=O)[nH]2)c1,test,584.6210000000004,2.8965000000000005,0.3710141070874826,40,74
subcategory_bioisostere.add-F_223,O=C(O)Cc1cc(Cl)c2c(c1)CCCN2,0,authentic,authentic,,,c1ccc2c(c1)CCCN2,train,225.67499999999998,2.3251999999999997,0.8123522077168553,15,27
subcategory_bioisostere.add-F_550,CC(C)c1cccc(C(C)C)c1OS(=O)(=O)NC(=O)Oc1ccc(F)cc1,0,authentic,authentic,,,O=C(NS(=O)(=O)Oc1ccccc1)Oc1ccccc1,test,395.45200000000006,4.484700000000004,0.7795686174859706,27,48
subcategory_bioisostere.add-F_809,Cc1ccc2c(c1)c(-c1ccc(F)cc1)c(/C=C/C(CC(C)O)OCC(F)(F)F)n2C(C)C,1,bioisostere,add-F,Cc1ccc2c(c1)c(-c1ccc(F)cc1)c(/C=C/C1CC(O)CC(=O)O1)n2C(C)C,0 1 2 3 4 5 6 7 8 9 10 11 12 13 14 15 16 17 19 20 21 22 23 24 25 26 27 28 29 30 31 32,O=C1CCCC(/C=C/c2[nH]c3ccccc3c2-c2ccccc2)O1,train,463.5150000000002,7.068320000000006,0.3627406703303747,33,61
subcategory_bioisostere.add-F_1209,CCCC[C@H](NC(=O)[C@@H](Cc1c(Br)[nH]c2ccccc12)NC(=O)C(CC(C)C)NC(=O)N1[C@H](C)CCC[C@@H]1C)C(=O)OF,1,bioisostere,add-F,CCCC[C@H](NC(=O)[C@@H](Cc1c(Br)[nH]c2ccccc12)NC(=O)C(CC(C)C)NC(=O)N1[C@H](C)CCC[C@@H]1C)C(=O)O,39 41 42,O=C(CNC(=O)N1CCCCC1)NCCc1c[nH]c2ccccc12,train,666.633,5.447600000000005,0.22597249829846022,43,95
subcategory_bioisostere.add-F_425,CC1(C)N=C(N)N=C(N)N1c1ccc(OCc2ccccc2)cc1,0,authentic,authentic,,,C1=NC=NCN1c1ccc(OCc2ccccc2)cc1,train,323.40000000000003,2.4511000000000003,0.904194279834981,24,40
subcategory_bioisostere.add-F_1140,COc1ccc(-n2nc(C(N)=O)c3c2C(=O)N(c2ccc(C4(CN(C)CCOC(F)(F)F)CC4)cc2)CC3)cc1,1,bioisostere,add-F,COc1ccc(-n2nc(C(N)=O)c3c2C(=O)N(c2ccc(C4(CN5CCOCC5)CC4)cc2)CC3)cc1,0 1 2 3 4 5 6 7 9,O=C1c2c(cnn2-c2ccccc2)CCN1c1ccc(C2(CN3CCOCC3)CC2)cc1,train,557.5730000000002,3.6825000000000028,0.4081562538381474,40,73
subcategory_bioisostere.add-F_1199,O=C(O)Cn1c(=O)on(C/C=C(\c2ccccc2)c2cccc(OC(F)(F)F)c2)c1=O,1,bioisostere,add-F,Cc1oc(-c2ccc(C(F)(F)F)cc2)nc1COc1cccc(/C(=C/Cn2oc(=O)n(CC(=O)O)c2=O)c2ccccc2)c1,3 4 5,O=c1[nH]c(=O)n(C/C=C(\c2ccccc2)c2cccc(OCc3coc(-c4ccccc4)n3)c2)o1,train,436.3420000000001,2.7181000000000006,0.6110001292908026,31,57
subcategory_bioisostere.add-F_1537,CS(=O)(=O)N1CCC(C(=O)N(CCCN2CCC(Cc3ccc(C(=O)OCC(F)(F)F)cc3)CC2)c2ccc(Cl)c(Cl)c2)CC1,1,bioisostere,add-F,CS(=O)(=O)N1CCC(C(=O)N(CCCN2CCC(Cc3ccc(C(=O)O)cc3)CC2)c2ccc(Cl)c(Cl)c2)CC1,2 3 4 5 6,O=C(C1CCNCC1)N(CCCN1CCC(Cc2ccccc2)CC1)c1ccccc1,train,692.6279999999999,6.061900000000007,0.26641665756943506,45,83
subcategory_bioisostere.add-F_798,CCN1CCCC1CNC(=O)c1cc(N(C)S(N)(=O)=O)c(C)cc1OC(F)F,1,bioisostere,add-F,CCN1CCCC1CNC(=O)c1cc(N(C)S(N)(=O)=O)c(C)cc1OC,0 1 2 3 4 5 6 7 8 9 10 11 12 13 14 15 16 17 18 19 20 21 22 24 25 26,O=C(NCC1CCCN1)c1ccccc1,test,420.48200000000014,1.4502200000000003,0.66237715750344,28,49
subcategory_bioisostere.add-F_136,CCCOc1ccc(S(=O)(=O)N2CCN(CCOC(=O)OC)CC2)cc1-c1nc2c(CCCF)cn(CC)c2c(=O)[nH]1,0,authentic,authentic,,,O=c1[nH]c(-c2cccc(S(=O)(=O)N3CCNCC3)c2)nc2cc[nH]c12,train,607.7050000000002,3.191700000000001,0.2906609498468474,42,74
subcategory_bioisostere.add-F_224,Oc1cccc2c1O[C@H]1CN(CCc3ccccc3)[C@@H]3CCC[C@]21C3,0,authentic,authentic,,,c1ccc(CCN2C[C@@H]3Oc4ccccc4[C@@]34CCC[C@@H]2C4)cc1,test,335.4470000000002,3.8919000000000032,0.9234955635852203,25,49
subcategory_bioisostere.add-F_226,C/C(=N\O)c1ccccc1Sc1cc(F)cc(C2CCOCC2)c1,0,authentic,authentic,,,c1ccc(Sc2cccc(C3CCOCC3)c2)cc1,val,345.43900000000014,5.069100000000004,0.4778083594833468,24,39
subcategory_bioisostere.add-F_376,CNCc1cc(F)ccc1Oc1ccc2c(c1)OCO2,0,authentic,authentic,,,c1ccc(Oc2ccc3c(c2)OCO3)cc1,train,275.279,3.0661000000000014,0.930528991738968,20,30
subcategory_bioisostere.add-F_1062,O=C(NCCc1c2n(c3ccc(OC(F)(F)F)cc13)Cc1ccccc1-2)C1CC1,1,bioisostere,add-F,CCOc1ccc2c(c1)c(CCNC(=O)C1CC1)c1n2Cc2ccccc2-1,3 4 5,O=C(NCCc1c2n(c3ccccc13)Cc1ccccc1-2)C1CC1,train,400.4000000000002,4.637300000000003,0.5305615966462311,29,51
subcategory_bioisostere.add-F_120,CC[N+](C)(CC)CC(=O)CCN1C(=O)CCC1=O.[I-],0,authentic,authentic,,,O=C1CCC(=O)N1,val,382.24199999999996,-2.4149999999999956,0.2800650087882439,19,39
subcategory_bioisostere.add-F_318,CCN(CC)CCN1C(=O)NC(CC(C)C)(c2ccccc2)C1=O,0,authentic,authentic,,,O=C1NC(=O)C(c2ccccc2)N1,train,331.46000000000004,2.821600000000001,0.7453749434994983,24,40
subcategory_bioisostere.add-F_514,C=C(COc1ccc2c3c1O[C@H]1[C@@]4(OC)C=C[C@@]5(C[C@@H]4[C@](C)(O)CCC)[C@@H](C2)N(C)CC[C@]315)C(=O)OC,0,authentic,authentic,,,C1=C[C@]23CCC1[C@@H]1Oc4cccc5c4[C@@]12CCN[C@@H]3C5,train,509.64300000000037,3.5660000000000025,0.32619312246178256,37,96
subcategory_bioisostere.add-F_655,CCC(c1ccc(O)cc1)C(CCBr)c1ccc(O)cc1,0,authentic,authentic,,,c1ccc(CCc2ccccc2)cc1,train,349.26800000000003,5.160200000000005,0.7074029274145717,21,34
subcategory_bioisostere.add-F_1463,O=C(C[C@H](O)C[C@@H](O)C=Cc1c(C2CC2)nc2ccccc2c1-c1ccc(F)cc1)OC(F)F,1,bioisostere,add-F,CCOC(=O)C[C@H](O)C[C@@H](O)C=Cc1c(C2CC2)nc2ccccc2c1-c1ccc(F)cc1,0 2 3 4 5 6 7 8 9 10 11 12 13 14 15 16 17 18 19 20 21 22 23 24 25 26 27 28 29 30 31 32,c1ccc(-c2cc(C3CC3)nc3ccccc23)cc1,train,471.4750000000001,5.199300000000004,0.41962805698255595,34,66
subcategory_bioisostere.add-F_1406,NCC1(CC(=O)OC(F)F)CCCCC1,1,bioisostere,add-F,NCC1(CC(=O)O)CCCCC1.O=S(=O)(O)O,0 1 2 3 5 6 7 8 9 10 11 12 13 14,C1CCCCC1,train,221.2469999999999,2.0515,0.7390424232391565,15,24
subcategory_bioisostere.add-F_476,COc1cc2c(cc1OC)C(=O)[C@H](CC1CCN(Cc3ccccc3)CC1)C2.Cl,0,authentic,authentic,,,O=C1c2ccccc2C[C@H]1CC1CCN(Cc2ccccc2)CC1,train,415.9610000000002,4.782900000000006,0.6799241896578919,29,52
subcategory_bioisostere.add-F_1122,O=C1CC(c2ccc(OC(F)(F)F)cc2)N1CCC(O)(c1ccc(F)cc1)c1ccc(F)cc1,1,bioisostere,add-F,O=C1CC(c2ccc(O)cc2)N1CCC(O)(c1ccc(F)cc1)c1ccc(F)cc1,0 1 2 3 4 5 6 8 9 10 11 12 13 14 15 16 17 18 19 20 21 22 23 24 25 26 27 28 29 30 31 32 33,O=C1CC(c2ccccc2)N1CCC(c1ccccc1)c1ccccc1,val,477.42900000000014,5.4630000000000045,0.3631582782716497,34,59
subcategory_bioisostere.add-F_806,COc1cc2c(cc1OCC(F)(F)F)C(=O)C(CC1CN(Cc3ccccc3)C1)C2,1,bioisostere,add-F,COc1cc2c(cc1OC)C(=O)C(CC1CN(Cc3ccccc3)C1)C2,0 1 2 3 4 5 6 8 9 10 11 12 13 14 15 16 17 18 19 20 21 22 23 24 25 26 27 28 29,O=C1c2ccccc2CC1CC1CN(Cc2ccccc2)C1,val,419.4430000000002,4.513400000000003,0.661931338663681,30,51
subcategory_bioisostere.add-F_639,CC(C)C(CCN1CCC(c2noc3cc(F)ccc23)CC1)N1CCNC1=O,0,authentic,authentic,,,O=C1NCCN1CCCN1CCC(c2noc3ccccc23)CC1,val,388.48700000000025,3.5862000000000025,0.8215890389113722,28,45
subcategory_bioisostere.add-F_368,CC(=O)O.CCCCOc1ccc(OCC(F)(F)F)c(C(=O)NCC2CCCCN2)c1,0,authentic,authentic,,,O=C(NCC1CCCCN1)c1ccccc1,train,448.48200000000026,3.769400000000002,0.49790660649822166,31,50
subcategory_bioisostere.add-F_1571,CNC1CCc2cc(OCC(F)(F)F)c(OC)c(OC)c2-c2ccc(OC)c(=O)cc21,1,bioisostere,add-F,CNC1CCc2cc(O)c(OC)c(OC)c2-c2ccc(OC)c(=O)cc21,2 3 4 5 6,O=c1cccc2c(c1)CCCc1ccccc1-2,train,439.4300000000002,3.887400000000002,0.7369897096535833,31,53
subcategory_bioisostere.add-F_11,COc1cc2nc(SCc3ncc(C)c(OC)c3OC)[nH]c2cc1OC(F)F,0,authentic,authentic,,,c1ccc(CSc2nc3ccccc3[nH]2)nc1,train,411.43000000000006,4.185820000000002,0.5570914617672786,28,45
subcategory_bioisostere.add-F_825,NC(=O)NCC1CN(C2=Nc3ccccc3Sc3ccccc32)CCN1CCOC(F)(F)F,1,bioisostere,add-F,NC(=O)NCC1CN(C2=Nc3ccccc3Sc3ccccc32)CCN1CCOCCO,0 1 2 3 4 5 6 7 8 9 10 11 12 13 14 15 16 17 18 19 20 21 22 23 24 25 26 28 29 30 31,c1ccc2c(c1)N=C(N1CCNCC1)c1ccccc1S2,train,479.52800000000025,3.4204000000000025,0.6868841717388801,33,51
subcategory_bioisostere.add-F_1262,COc1c(OC(F)F)cc2c(c1OC)-c1ccc(N)c(=O)cc1[C@@H](NC(C)=O)CC2,1,bioisostere,add-F,COc1cc2c(c(OC)c1OC)-c1ccc(N)c(=O)cc1[C@@H](NC(C)=O)CC2,3 4,O=c1cccc2c(c1)CCCc1ccccc1-2,train,420.4120000000002,3.038000000000001,0.7714225235688348,30,58
subcategory_bioisostere.add-F_1500,O=C1C(CC[C@H](O)c2ccc(F)cc2)C(c2ccc(OC(F)(F)F)cc2)N1c1ccc(F)cc1,1,bioisostere,add-F,O=C(O)COc1ccc(C2C(CC[C@H](O)c3ccc(F)cc3)C(=O)N2c2ccc(F)cc2)cc1,3 4 5,O=C1C(CCCc2ccccc2)C(c2ccccc2)N1c1ccccc1,train,477.4290000000001,6.081300000000004,0.33148007846299227,34,63
subcategory_bioisostere.add-F_1064,Cc1nnc(Nc2ccccc2)c2c(C)n(-c3ccc(OC(F)F)cc3)c(C)c12,1,bioisostere,add-F,CCOc1ccc(-n2c(C)c3c(C)nnc(Nc4ccccc4)c3c2C)cc1,3 4,c1ccc(Nc2nncc3cn(-c4ccccc4)cc23)cc1,train,394.4250000000001,5.690760000000004,0.47237832928856904,29,50
subcategory_bioisostere.add-F_999,CCN(C(=O)COC(F)(F)F)N1CCC(N2CCc3c(C(N)=O)nn(-c4ccc(OC(F)F)cc4)c3C2=O)CC1,1,bioisostere,add-F,NC(=O)c1nn(-c2ccc(OC(F)F)cc2)c2c1CCN(C1CCN(N3CCOCC3=O)CC1)C2=O,0 1 2 3 4 6 7 8 9 10 11 12 13 14 15 16 17 18 19 20 21 22 23 24 25 26 27 28 29 30 31 32 33 34 35 36 37 38 39,O=C1c2c(cnn2-c2ccccc2)CCN1C1CCN(N2CCOCC2=O)CC1,train,574.5070000000001,2.3352000000000004,0.45639540015625996,40,72
subcategory_bioisostere.add-F_457,Cc1ccc(/C=N/Nc2nncc3ccccc23)c(C)c1,0,authentic,authentic,,,C(=N\Nc1nncc2ccccc12)/c1ccccc1,train,276.343,3.6926400000000026,0.5859985089936424,21,34
subcategory_bioisostere.add-F_1125,COc1cc2c(c(OC)c1OC(F)(F)F)-c1ccc(N)c(=O)cc1[C@@H](NC(C)=O)CC2,1,bioisostere,add-F,COc1cc2c(c(OC)c1OC)-c1ccc(N)c(=O)cc1[C@@H](NC(C)=O)CC2,3 4 5,O=c1cccc2c(c1)CCCc1ccccc1-2,train,438.4020000000002,3.3352000000000013,0.7597710052153877,31,61
subcategory_bioisostere.add-F_392,COC(=O)Oc1cc2cc(OC)c(OC)cc2c(C)n1,0,authentic,authentic,,,c1ccc2cnccc2c1,train,277.27599999999995,2.7056200000000006,0.803491141895097,20,33
subcategory_bioisostere.add-F_267,CC(C)CC1NC(=O)OC12CCN(CCc1c[nH]c3ccccc13)CC2,0,authentic,authentic,,,O=C1NCC2(CCN(CCc3c[nH]c4ccccc34)CC2)O1,test,355.4820000000001,3.6995000000000022,0.8597393073731696,26,44
subcategory_bioisostere.add-F_6,COc1ccc(Cl)cc1C(=O)NC(C)c1cc(S(N)(=O)=O)c(C)s1,0,authentic,authentic,,,O=C(NCc1cccs1)c1ccccc1,train,388.89800000000014,2.8569200000000006,0.8221422692761708,24,46
subcategory_bioisostere.add-F_987,CC(C)CN(CC(C)C)C(=O)N1C[C@H](N)[C@H](C(=O)OC(F)F)C1,1,bioisostere,add-F,CC(C)CN(CC(C)C)C(=O)N1C[C@H](N)[C@H](C(=O)O)C1,16 18 19 20 21,C1CCNC1,train,335.395,1.7453,0.7504058297091545,23,51
subcategory_bioisostere.add-F_1510,CCC(C(=O)Nc1ccc(OC(F)(F)F)cc1)n1nc(C)c2c(C)n(-c3ccccc3)nc2c1=O,1,bioisostere,add-F,CCOc1ccc(NC(=O)C(CC)n2nc(C)c3c(C)n(-c4ccccc4)nc3c2=O)cc1,0 1 2 3 4 5 6 7 8 10 11 12 13 14 15 16 17 18 19 20 21 22 23 24 25 26 27 28 29 30 31 32 33 34,O=C(Cn1ncc2cn(-c3ccccc3)nc2c1=O)Nc1ccccc1,train,485.4660000000002,4.687440000000004,0.4280696079794519,35,62
subcategory_bioisostere.add-F_1146,CC(C)([C@H](NC(=O)OCc1ccccc1)C(=O)N[C@H]([CH]OC(F)(F)F)Cc1ccccc1)S(C)(=O)=O,1,bioisostere,add-F,CCN(CC(C)C)S(=O)(=O)CC[C@@H]1O[C@@H]1[C@H](Cc1ccccc1)NC(=O)[C@@H](NC(=O)OCc1ccccc1)C(C)(C)S(C)(=O)=O,0 1 2 3 4 5,O=C(CNC(=O)OCc1ccccc1)N[C@@H](Cc1ccccc1)[C@@H]1CO1,train,529.5570000000001,3.5302900000000026,0.460931131228386,36,75
subcategory_bioisostere.add-F_990,N#CCOc1ccc(OCc2cccc(Cl)c2)cc1C(=O)OCC(F)(F)F,1,bioisostere,add-F,COC(=O)c1cc(OCc2cccc(Cl)c2)ccc1OCC#N,0 1 2 3 4 5 6 7 8 9 10 11 12 13 14 15 16 17 18 20 21 22 23 24 25,c1ccc(COc2ccccc2)cc1,train,399.7520000000001,4.540480000000003,0.6392245578967807,27,44
subcategory_bioisostere.add-F_189,CCCCOc1cc(-c2ccccc2)nc2ccccc12,0,authentic,authentic,,,c1ccc(-c2ccc3ccccc3n2)cc1,train,277.367,5.080700000000004,0.6065785424068254,21,30
subcategory_bioisostere.add-F_1200,CCNC(=O)c1ccccc1OCC(F)(F)F,1,bioisostere,add-F,CCNC(=O)c1ccccc1OCc1ccc(F)cc1,3 4 5 6,c1ccc(COc2ccccc2)cc1,train,247.21599999999992,2.3774000000000006,0.8866327850133167,17,26
subcategory_bioisostere.add-F_932,OCCN(CCOC(F)F)CC(c1ccccc1)c1ccccc1,1,bioisostere,add-F,OCCN(CCO)CC(c1ccccc1)c1ccccc1,0 1 2 3 4 6 7 8 9 10 11 12 13 14 15 16 17 18 19 20 21 22 23,c1ccc(Cc2ccccc2)cc1,train,335.394,3.352000000000002,0.7226670520232528,24,34
subcategory_bioisostere.add-F_88,CN(C)CCNC(=O)C1=C/C(=C\c2cccnc2)c2ccccc21,0,authentic,authentic,,,C1=Cc2ccccc2/C1=C/c1cccnc1,val,319.4080000000001,2.697000000000001,0.9214688355766795,24,41
subcategory_bioisostere.add-F_883,CNC(=O)N[C@@H](CNC(=O)c1ccc(Cl)s1)C(=O)Nc1ccc(N(C)C(=O)COC(F)(F)F)c(F)c1,1,bioisostere,add-F,CNC(=O)N[C@@H](CNC(=O)c1ccc(Cl)s1)C(=O)Nc1ccc(N2CCOCC2=O)c(F)c1,0 1 2 3 4 5 6 7 8 9 10 11 12 13 14 15 16 17 18 19 20 21 22 23 24 25 26 28 29 30 31 32 33 34 35,O=C(CCNC(=O)c1cccs1)Nc1ccc(N2CCOCC2=O)cc1,train,553.9220000000003,2.7059000000000015,0.3549970554250572,36,72
subcategory_bioisostere.add-F_885,CN(C(=O)COC(F)(F)F)c1ccc(NC(=O)[C@@H](CNC(=O)c2ccc(Cl)s2)NCC2CC2)c(F)c1,1,bioisostere,add-F,O=C(NC[C@@H](NCC1CC1)C(=O)Nc1ccc(N2CCOCC2=O)cc1F)c1ccc(Cl)s1,0 1 2 3 5 6 7 8 9 10 11 12 13 14 15 16 17 18 19 20 21 22 23 24 25 26 27 28 29 30 31 32 33 34 35,O=C(NC[C@@H](NCC1CC1)C(=O)Nc1ccc(N2CCOCC2=O)cc1)c1cccs1,train,550.9620000000003,3.776500000000002,0.36991068725989695,36,71
subcategory_bioisostere.add-F_437,CCOC(=O)[C@H](CCc1ccccc1)NC(C)C(=O)N1CC2(CCCOC2)C[C@H]1C(=O)O,0,authentic,authentic,,,O=C(CNCCCc1ccccc1)N1CCC2(CCCOC2)C1,train,446.54400000000044,2.0113,0.5592124948265714,32,61
subcategory_bioisostere.add-F_415,Fc1ccc2c(C3CCN(CCCN4CCCCC4)CC3)noc2c1,0,authentic,authentic,,,c1ccc2c(C3CCN(CCCN4CCCCC4)CC3)noc2c1,train,345.4620000000001,4.022300000000003,0.819182715597975,25,37
subcategory_bioisostere.add-F_1110,CCCCc1nc(C(=O)OCC)c(C(=O)OC(F)F)n1Cc1ccc(-c2ccccc2-c2nn[nH]n2)cc1,1,bioisostere,add-F,CCCCc1nc(C(=O)OCC)c(C(=O)OCC)n1Cc1ccc(-c2ccccc2-c2nn[nH]n2)cc1,3 4,c1ccc(-c2nn[nH]n2)c(-c2ccc(Cn3ccnc3)cc2)c1,train,524.5280000000002,4.677200000000004,0.2805961486373763,38,65
subcategory_bioisostere.add-F_914,COc1cc2c(c(OC)c1OC)-c1ccc(OC(F)F)c(=O)cc1[C@@H](N(C)C(C)=O)CC2,1,bioisostere,add-F,COc1cc2c(c(OC)c1OC)-c1ccc(OC)c(=O)cc1[C@@H](N(C)C(C)=O)CC2,0 1 2 3 4 5 6 7 8 9 10 11 12 13 14 16 17 18 19 20 21 22 23 24 25 26 27 28 29 30 31,O=c1cccc2c(c1)CCCc1ccccc1-2,train,449.4500000000003,3.806600000000003,0.66793927042242,32,62
subcategory_bioisostere.add-F_1541,Cc1c(CC(=O)N(CCCCN)C23CC4CC(CC(C4)C2)C3)c2cc(OCC(F)(F)F)ccc2n1C(=O)c1ccc(Cl)cc1,1,bioisostere,add-F,COc1ccc2c(c1)c(CC(=O)N(CCCCN)C13CC4CC(CC(C4)C1)C3)c(C)n2C(=O)c1ccc(Cl)cc1,24 25 26 27 28 29 30,O=C(Cc1cn(C(=O)c2ccccc2)c2ccccc12)NC12CC3CC(CC(C3)C1)C2,train,630.1510000000002,7.311520000000008,0.23863649448267021,44,79
subcategory_bioisostere.add-F_670,CN(C)S(=O)(=O)NCC(C)(C)NCC(O)COC(=O)c1ccccc1F,0,authentic,authentic,,,c1ccccc1,train,391.4650000000001,0.1076000000000017,0.48873341786402075,26,45
subcategory_bioisostere.add-F_684,Cc1nc(-c2ccc(OCC(C)C)c(C#N)c2)sc1C(=O)NCCN1CCCCC1.Cl,0,authentic,authentic,,,O=C(NCCN1CCCCC1)c1cnc(-c2ccccc2)s1,train,463.0470000000003,4.662500000000005,0.6166351405025647,31,52
subcategory_bioisostere.add-F_1526,O=C1NCCc2ccc(OCC(F)(F)F)cc21,1,bioisostere,add-F,O=C1NCCc2ccc(OCCCN3CCN(c4cccc(Cl)c4Cl)CC3)cc21,4 5 6,O=C1NCCc2ccc(OCCCN3CCN(c4ccccc4)CC3)cc21,test,245.19999999999993,1.9136,0.8639311940702978,17,28
subcategory_bioisostere.add-F_1157,O=C(OC(F)F)c1ccc(Cl)cc1NCCc1ccco1,1,bioisostere,add-F,O=C(O)c1ccc(Cl)cc1NCCc1ccco1,0 2 3 4 5 6 7 8 9 10 11 12 13 14 15 16 17 18 19 20,c1ccc(NCCc2ccco2)cc1,test,315.70300000000003,3.9670000000000023,0.819573267368261,21,33
subcategory_bioisostere.add-F_14,CCCc1nn(C)c2c(=O)[nH]c(-c3cc(S(=O)(=O)N4CCN(C(N)=NC)CC4)ccc3OCC)nc12.I,0,authentic,authentic,,,O=c1[nH]c(-c2cccc(S(=O)(=O)N3CCNCC3)c2)nc2cn[nH]c12,train,644.5400000000004,1.5436000000000005,0.22347239862079007,37,70
subcategory_bioisostere.add-F_1274,Fc1ccccc1CC(c1ccc(OCC(F)(F)F)cc1)n1ccnc1,1,bioisostere,add-F,COc1ccc(C(Cc2ccccc2F)n2ccnc2)cc1,12 13 14 15 16 17 18,c1ccc(CC(c2ccccc2)n2ccnc2)cc1,train,364.342,4.795400000000003,0.5879504100579667,26,40
subcategory_bioisostere.add-F_263,CCC(c1ccc(O)cc1O)C(CC)c1ccc(O)cc1O,0,authentic,authentic,,,c1ccc(CCc2ccccc2)cc1,train,302.37,4.196400000000004,0.6671170081641805,22,34
subcategory_bioisostere.add-F_663,COCC(=O)Nc1ccc(Oc2cccc(OC)c2)cc1,0,authentic,authentic,,,c1ccc(Oc2ccccc2)cc1,train,287.315,3.072400000000002,0.8867567615297353,21,32
subcategory_bioisostere.add-F_469,O=C(OCc1ccccc1)n1c(=O)[nH]cc(F)c1=O,0,authentic,authentic,,,O=C(OCc1ccccc1)n1c(=O)cc[nH]c1=O,test,264.212,0.8606,0.8718289932883052,19,35
subcategory_bioisostere.add-F_880,OC/C=C/c1ccc(OCC(F)(F)F)c(Br)c1,1,bioisostere,add-F,CC(C)(C)NCC(O)COc1ccc(/C=C/CO)cc1Br,0 1 2 3 4 5 6 8 9 10 11 12 13 14 15 16,c1ccccc1,train,311.097,3.3957000000000015,0.9233755820498175,17,31
subcategory_bioisostere.add-F_1490,COc1ccc(C(=O)C2CCCN(Cc3ccc(OC)c(C)c3C)C2)cc1OC(F)(F)F,1,bioisostere,add-F,COc1ccc(C(=O)C2CCCN(Cc3ccc(OC)c(C)c3C)C2)cc1OC,3 4 5,O=C(c1ccccc1)C1CCCN(Cc2ccccc2)C1,train,451.4850000000002,5.314140000000005,0.5339403553009379,32,53
subcategory_bioisostere.add-F_1491,CNS(=O)(=O)c1ccc(CCNC(=O)c2c(Cl)cccc2OC(F)(F)F)cc1,1,bioisostere,add-F,CNS(=O)(=O)c1ccc(CCNC(=O)c2c(Cl)cccc2OC)cc1,0 1 2 3 4 5 6 7 8 9 10 11 12 13 14 15 16 17 18 19 21 22 23 24 25 26 27,O=C(NCCc1ccccc1)c1ccccc1,train,436.839,3.119200000000001,0.6981219102112508,28,50
subcategory_bioisostere.add-F_197,CCO[C@H]1CN(CC(=O)Nc2ccc(-n3ccccc3=O)cc2F)C[C@@H]1NC(=O)c1ccc(Cl)s1,0,authentic,authentic,,,O=C(CN1CC[C@@H](NC(=O)c2cccs2)C1)Nc1ccc(-n2ccccc2=O)cc1,train,518.9980000000003,3.1493,0.47774818857787416,35,67
subcategory_bioisostere.add-F_279,CC(C)N(C=C1N=C(c2ccccc2Cl)c2cc([N+](=O)[O-])ccc2N(C)C1=O)C(C)C,0,authentic,authentic,,,C=C1N=C(c2ccccc2)c2ccccc2NC1=O,train,440.93100000000027,5.022200000000005,0.37108968020962013,31,62
subcategory_bioisostere.add-F_1375,O=C(CCn1c(=O)c2ccccc2c2ccccc2c1=O)OC(F)F,1,bioisostere,add-F,O=C(O)CCn1c(=O)c2ccccc2c2ccccc2c1=O,0 2 3 4 5 6 7 8 9 10 11 12 13 14 15 16 17 18 19 20 21 22 23,O=c1[nH]c(=O)c2ccccc2c2ccccc12,train,345.30100000000004,2.6708000000000007,0.6821247758754934,25,40
subcategory_bioisostere.add-F_1459,NC(=O)c1nn(-c2ccc(OCC(F)(F)F)c(F)c2)c2c1CCN(c1ccc(N3CCCCC3=O)cc1)C2=O,1,bioisostere,add-F,CC(C)Oc1ccc(-n2nc(C(N)=O)c3c2C(=O)N(c2ccc(N4CCCCC4=O)cc2)CC3)cc1F,0 1 2 3 4 5 6 7 8 10 11 12 13 14 15 16 17 18 19 20 21 22 23 24 25 26 27 28 29 30 31 32 33 34 35 36 37 38,O=C1CCCCN1c1ccc(N2CCc3cnn(-c4ccccc4)c3C2=O)cc1,train,545.4930000000004,3.771200000000003,0.4744780170956854,39,69
subcategory_bioisostere.add-F_1573,CC(C)CCC(N[C@@H](C)C(=O)N1CCC[C@H]1C(=O)O)C(=O)OC(F)(F)F,1,bioisostere,add-F,CC(C)CCC(N[C@@H](C)C(=O)N1CCC[C@H]1C(=O)O)C(=O)OCc1ccccc1,0 1 2 3 4 5 6 7 8 9 10 11 12 13 14 15 16 17 18 20 21 22 23 24,O=C(CNCC(=O)N1CCCC1)OCc1ccccc1,test,382.379,1.9078999999999995,0.6228508463668235,26,56
subcategory_bioisostere.add-F_505,O=C(NCCCNC(=O)c1cnccn1)C1=Cc2ccccc2S1(=O)=O,0,authentic,authentic,,,O=C(NCCCNC(=O)c1cnccn1)C1=Cc2ccccc2S1(=O)=O,train,372.4060000000001,0.5410999999999997,0.7147758543468182,26,43
subcategory_bioisostere.add-F_1583,N[C@@H](CS)C(=O)Nc1cccc(Oc2ccc(C(=O)OCC(F)(F)F)cc2)c1,1,bioisostere,add-F,COC(=O)c1ccc(Oc2cccc(NC(=O)[C@@H](N)CS)c2)cc1,17 19 20 21 22 23 24,c1ccc(Oc2ccccc2)cc1,train,414.4050000000001,3.393600000000001,0.4773329230146169,28,53
subcategory_bioisostere.add-F_877,COc1ccc(Cc2cc3c(cc2OCC(F)(F)F)OCO3)cc1,1,bioisostere,add-F,CCOc1cc2c(cc1Cc1ccc(OC)cc1)OCO2,0 1 2 3 4 5 6 7 8 9 10 11 13 14 15 16 17 18 19 20 21 22 23,c1ccc(Cc2ccc3c(c2)OCO3)cc1,test,340.297,3.9558000000000026,0.8256942582367675,24,38
subcategory_bioisostere.add-F_656,CC(C)(OCCN1CCN(C(c2ccccc2)c2ccc(Cl)cc2)CC1)C(N)=O,0,authentic,authentic,,,c1ccc(C(c2ccccc2)N2CCNCC2)cc1,train,415.9650000000002,3.3275000000000015,0.7180051454876732,29,49
subcategory_bioisostere.add-F_465,C[C@](Cc1c[nH]c2ccccc12)(NC(=O)OC1C2CC3CC(C2)CC1C3)C(=O)N1C[C@H](Oc2ccc(Cl)cc2Cl)C[C@@H]1C(=O)O,0,authentic,authentic,,,O=C(NC(Cc1c[nH]c2ccccc12)C(=O)N1CC[C@@H](Oc2ccccc2)C1)OC1C2CC3CC(C2)CC1C3,test,654.5910000000003,6.459900000000006,0.2565747787425796,45,95
subcategory_bioisostere.add-F_291,CCOP(=O)(O)O.O=C1CN=C(c2ccccc2Cl)c2cc([N+](=O)[O-])ccc2N1,0,authentic,authentic,,,O=C1CN=C(c2ccccc2)c2ccccc2N1,val,441.7640000000001,3.1533000000000007,0.37409995349945424,29,57
subcategory_bioisostere.add-F_343,O=C1[C@H](CC[C@H](O)c2ccc(F)cc2)[C@@H](c2ccc(-c3cccc(P(=O)(O)O)c3)cc2)N1c1ccccc1,0,authentic,authentic,,,O=C1[C@H](CCCc2ccccc2)[C@@H](c2ccc(-c3ccccc3)cc2)N1c1ccccc1,train,531.5200000000002,5.513600000000007,0.20571023099774627,38,80
subcategory_bioisostere.add-F_1467,CC1(C)[C@H](NC(=O)c2cc(Cl)ccc2OCC(F)(F)F)[C@H]1c1ccc(S(N)(=O)=O)cc1,1,bioisostere,add-F,COc1ccc(Cl)cc1C(=O)N[C@@H]1[C@@H](c2ccc(S(N)(=O)=O)cc2)C1(C)C,0 1 2 3 4 5 6 7 8 9 10 11 12 14 15 16 17 18 19 20 21 22 23 24 25 26 27 28 29 30,O=C(N[C@H]1C[C@@H]1c1ccccc1)c1ccccc1,train,476.9040000000001,3.850500000000002,0.6611978408148144,31,67
subcategory_bioisostere.add-F_617,N.NC(=O)c1ncn([C@@H]2O[C@H](CO)[C@@H](O)[C@H]2O)n1.O=P(O)(O)O,0,authentic,authentic,,,c1ncn([C@H]2CCCO2)n1,train,359.232,-3.7780999999999985,0.24174672360723357,23,61
subcategory_bioisostere.add-F_1085,Cc1c(CC(=O)Nc2cccc(S(N)(=O)=O)c2)c2cc(OCC(F)(F)F)ccc2n1C(=O)c1ccc(Cl)cc1,1,bioisostere,add-F,COc1ccc2c(c1)c(CC(=O)Nc1cccc(S(N)(=O)=O)c1)c(C)n2C(=O)c1ccc(Cl)cc1,3 4 5 6,O=C(Cc1cn(C(=O)c2ccccc2)c2ccccc12)Nc1ccccc1,train,579.9840000000002,5.061320000000004,0.31697067700042336,39,72
subcategory_bioisostere.add-F_776,CCCCCCNS(=O)(=O)c1ccc(OCCC)c(-c2nc3c(C)[nH]nc3c(=O)n2CC)c1,0,authentic,authentic,,,O=c1[nH]c(-c2ccccc2)nc2c[nH]nc12,train,475.6150000000003,3.7623200000000026,0.3850469025729861,33,58
subcategory_bioisostere.add-F_9,CN1C=CCN(Cc2ccc3c(c2)COC3(CCCN(C)C)c2ccc(F)cc2)C=C1,0,authentic,authentic,,,C1=CNC=CN(Cc2ccc3c(c2)COC3c2ccccc2)C1,val,421.5600000000001,4.673600000000005,0.6464731983632561,31,51
subcategory_bioisostere.add-F_1166,Cc1nc(-c2cc(F)c(OC(F)(F)F)c(F)c2)sc1C(=O)O,1,bioisostere,add-F,Cc1nc(-c2cc(F)c(OCC3CC3)c(F)c2)sc1C(=O)O,3 4 5,c1csc(-c2ccc(OCC3CC3)cc2)n1,train,339.241,3.993520000000001,0.8591473159815208,22,42
subcategory_bioisostere.add-F_296,COc1ccccc1N1CCN(CCNC(=O)c2sccc2C)CC1,0,authentic,authentic,,,O=C(NCCN1CCN(c2ccccc2)CC1)c1cccs1,train,359.49500000000006,2.617120000000001,0.8611576033197199,25,36
subcategory_bioisostere.add-F_190,COc1cc(N)c(Cl)cc1C(=O)NC1CC2CCCC(C1)N2C,0,authentic,authentic,,,O=C(NC1CC2CCCC(C1)N2)c1ccccc1,train,337.85100000000017,2.6759000000000013,0.8320750274557313,23,39
subcategory_bioisostere.add-F_1451,C[N+]1(C/C=C/c2ccccc2)CCC(OC(=O)C(OCC(F)(F)F)(c2cccs2)c2cccs2)C1,1,bioisostere,add-F,C[N+]1(C/C=C/c2ccccc2)CCC(OC(=O)C(O)(c2cccs2)c2cccs2)C1,17 18 19 20 21 22 23,O=C(OC1CC[NH+](C/C=C/c2ccccc2)C1)C(c1cccs1)c1cccs1,train,522.634,6.107600000000006,0.2514151138978379,35,64
subcategory_bioisostere.add-F_406,O=C(NC1CC1)c1cccc(OCC2CCCN(C(=O)c3c(F)cccc3F)C2)c1,0,authentic,authentic,,,O=C(NC1CC1)c1cccc(OCC2CCCN(C(=O)c3ccccc3)C2)c1,train,414.4520000000001,3.7882000000000033,0.7826015198492495,30,50
subcategory_bioisostere.add-F_1393,C=C(c1ccccc1OCC(F)(F)F)n1ccnc1,1,bioisostere,add-F,C=C(c1ccccc1OCCC)n1ccnc1,4 5 6,C=C(c1ccccc1)n1ccnc1,train,268.23799999999994,3.3432000000000013,0.8499215930289393,19,30
subcategory_bioisostere.add-F_1553,COC(=O)c1nc(OCC(F)(F)F)n2cccc(-c3ccc(-n4ccnc4C)cc3)c12,1,bioisostere,add-F,COC(=O)c1nc(O)n2cccc(-c3ccc(-n4ccnc4C)cc3)c12,2 3 4 5 6,c1cc(-c2ccc(-n3ccnc3)cc2)c2cncn2c1,train,430.3860000000002,4.223120000000003,0.4435659882776749,31,54
subcategory_bioisostere.add-F_427,CCCC(C)(O)C1CC23C=CC1(OC)[C@@H]1Oc4c(O)ccc5c4[C@@]12CCN(C)[C@@H]3C5,0,authentic,authentic,,,C1=CC23CCC1[C@@H]1Oc4cccc5c4[C@@]12CCN[C@@H]3C5,val,411.5420000000002,3.1636000000000015,0.7455575716376858,30,67
subcategory_bioisostere.add-F_1111,COc1cc(COc2ccc(OCC(F)(F)F)c(C(C)=O)c2)cc(OC)c1,1,bioisostere,add-F,COc1cc(COc2ccc(OCCCC#N)c(C(C)=O)c2)cc(OC)c1,4 5 6,c1ccc(COc2ccccc2)cc1,train,384.35000000000014,4.426500000000004,0.6306518913449944,27,46
subcategory_bioisostere.add-F_1289,COc1ccc(CCCc2cc(OC)c(OC)c(OC(F)F)c2)cc1O,1,bioisostere,add-F,COc1ccc(CCCc2cc(OC)c(OC)c(OC)c2)cc1O,0 1 2 3 4 5 6 7 8 9 10 11 12 13 14 15 16 18 19 20 21 22 23 24 25,c1ccc(CCCc2ccccc2)cc1,train,368.37600000000003,4.1947000000000045,0.7190764529023695,26,40
subcategory_bioisostere.add-F_547,CCc1ccc(O)c(Cc2ccccc2)c1,0,authentic,authentic,,,c1ccc(Cc2ccccc2)cc1,train,212.292,3.5454000000000017,0.8245909379434347,16,24
subcategory_bioisostere.add-F_237,C[C@]12CCC(=O)C=C1CCC1C2CC[C@@]2(C)C1CC[C@@H]2OC1CC1,0,authentic,authentic,,,O=C1C=C2CCC3C(CCC4C3CC[C@@H]4OC3CC3)C2CC1,train,328.4960000000001,5.065900000000005,0.7075046309293098,24,52
subcategory_bioisostere.add-F_1428,[2H]C([2H])(CC)c1nn(C)c(C(N)=O)c1NC(=O)c1cc(S(=O)(=O)NC[C@@H](F)CN(C)C)ccc1OCCC,1,bioisostere,add-F,[2H]C([2H])(CC)c1nn(C)c(C(N)=O)c1NC(=O)c1cc(S(=O)(=O)NCCC2CCCN2C)ccc1OCCC,23 24 25 26 27 28 29 30,O=C(Nc1cn[nH]c1)c1cccc(S(=O)(=O)NCCC2CCCN2)c1,train,528.6472035560002,1.6906000000000017,0.33781467490453804,36,79
subcategory_bioisostere.add-F_667,CO[C@H]1C[C@H](O[C@H]2CC[C@@]3(C)[C@H](CC[C@@H]4[C@@H]3CC[C@]3(C)[C@@H](C5=CC(=O)OC5)[C@@H](OC(C)=O)C[C@]43O)C2)O[C@@H](C)[C@@H]1O,0,authentic,authentic,,,O=C1C=C([C@H]2CCC3C2CC[C@@H]2C4CC[C@H](O[C@H]5CCCCO5)C[C@H]4CC[C@@H]32)CO1,train,576.7270000000004,3.681000000000003,0.3729656552641952,41,130
subcategory_bioisostere.add-F_91,CC(C)c1ccc(-c2nc3cc(C(=N)N)ccc3[nH]2)cc1,0,authentic,authentic,,,c1ccc(-c2nc3ccccc3[nH]2)cc1,train,278.359,3.6373700000000015,0.5049402995265031,21,40
subcategory_bioisostere.add-F_60,CCCCCC(NC(=O)[C@@H]1CCCN1C(=O)[C@H](Cc1ccccc1)NC(=O)OCc1ccccc1)B1O[C@@H]2CC3CC(C3(C)C)[C@]2(C)O1,0,authentic,authentic,,,O=C(N[C@@H](Cc1ccccc1)C(=O)N1CCC[C@H]1C(=O)NCB1OC2C3CC(C3)C[C@H]2O1)OCc1ccccc1,test,657.661,5.847700000000006,0.20704109494965955,48,96
subcategory_bioisostere.add-F_1503,CC(N[C@@H](CCc1ccccc1)C(=O)OC(F)F)C(=O)N1C2COCC2C[C@H]1C(=O)O,1,bioisostere,add-F,COC(=O)[C@H](CCc1ccccc1)NC(C)C(=O)N1C2COCC2C[C@H]1C(=O)O,3 4,O=C(CNCCCc1ccccc1)N1CCC2COCC21,train,440.44300000000027,1.4322,0.5599660520850711,31,61
subcategory_bioisostere.add-F_1473,O=C(CCc1ccccc1)c1ccccc1OCC(F)(F)F,1,bioisostere,add-F,CCC(C)(C)NC[C@@H](O)COc1ccccc1C(=O)CCc1ccccc1,0 1 2 3 4 5 6 7 8 9 10 11 12 13 14 16 17 18 19 20,O=C(CCc1ccccc1)c1ccccc1,train,308.299,4.443200000000003,0.7373094031243358,22,33
subcategory_bioisostere.add-F_1433,CC(NC(=O)c1cc(OCC(F)(F)F)ccc1Cl)c1ccccc1S(N)(=O)=O,1,bioisostere,add-F,COc1ccc(Cl)c(C(=O)NC(C)c2ccccc2S(N)(=O)=O)c1,0 1 2 3 4 5 6 8 9 10 11 12 13 14 15 16 17 18 19 20 21 22 23 24 25 26 27,O=C(NCc1ccccc1)c1ccccc1,train,436.83900000000006,3.419500000000002,0.7244230512995949,28,50
subcategory_bioisostere.add-F_1148,COc1cc2c(C)nc(O)nc2c(OC(F)(F)F)c1OC,1,bioisostere,add-F,COc1cc2c(C)nc(O)nc2c(OC)c1OC,0 1 2 3 4 5 6 7 8 9 10 11 13 14 15 16 17 18 19 20,c1ccc2ncncc2c1,test,304.22400000000005,2.5596200000000007,0.9391384704308003,21,35
subcategory_bioisostere.add-F_204,COc1ccc(Cl)cc1C(=O)N[C@@H]1[C@H](c2ccc(S(=O)(=O)N(C)C)cc2)C1(C)C,0,authentic,authentic,,,O=C(N[C@H]1C[C@H]1c1ccccc1)c1ccccc1,train,436.96100000000024,3.520900000000003,0.751218128279664,29,64
subcategory_bioisostere.add-F_666,CCN(CC)CCNC(=O)c1cc(Cl)c(NC(=O)COc2ccc(F)cc2)cc1OC.Cl,0,authentic,authentic,,,O=C(COc1ccccc1)Nc1ccccc1,train,488.3870000000002,3.998600000000003,0.5001559447105239,32,53
subcategory_bioisostere.add-F_1275,COc1cc2c(cc1OC(F)F)C(=O)CC2,1,bioisostere,add-F,COc1cc2c(cc1OCCCN1CCCCC1)C(=O)CC2,0 1 2 3 4 5 6 8 9 10 11 12 13 14 15,O=C1CCc2ccc(OCCCN3CCCCC3)cc21,val,228.19399999999993,2.4255000000000004,0.7965347692840297,16,27
subcategory_bioisostere.add-F_487,C=C1Nc2ccc(Cl)cc2C(Cl)(C(F)(F)F)O1,0,authentic,authentic,,,C=C1Nc2ccccc2CO1,test,284.06399999999996,4.2072,0.7205260541942814,17,34
subcategory_bioisostere.add-F_668,C[C@@H](N)Cc1c2ccoc2c(C(F)(F)F)c2ccoc12.Cl,0,authentic,authentic,,,c1cc2cc3occc3cc2o1,test,319.71,4.509300000000003,0.7558015783981308,21,42
subcategory_bioisostere.add-F_416,CCOC(=O)COc1ccc(OCC(F)(F)F)cc1C(=O)NCC1CCCCN1.Cl,0,authentic,authentic,,,O=C(NCC1CCCCN1)c1ccccc1,train,454.8730000000002,2.863300000000001,0.5580182953070061,30,48
subcategory_bioisostere.add-F_1058,COc1ccnc(CS(=O)c2nc3cc(OCC(F)(F)F)c(O)cc3[nH]2)c1,1,bioisostere,add-F,COc1ccnc(CS(=O)c2nc3cc4c(cc3[nH]2)OC(F)(F)CO4)c1,0 1 2 3 4 5 6 7 8 9 10 11 12 13 15 16 17 18 19 20 21 22 23 24 25 26,O=S(Cc1ccccn1)c1nc2cc3c(cc2[nH]1)OCCO3,train,401.366,2.9210000000000003,0.6592827045466213,27,49
subcategory_bioisostere.add-F_1555,CCOc1cc2c(cc1OC(F)(F)F)C(=O)C(F)(CN1CCCCC1)C2Cc1ccccc1,1,bioisostere,add-F,CCOc1cc2c(cc1OCC)C(Cc1ccccc1)C(F)(CN1CCCCC1)C2=O,0 1 2 3 4 5 6 7 9 10 11 12 13 14 15 16 17 18 19 20 21 22 23 24 25 26 27 28 29 30 31 32,O=C1c2ccccc2C(Cc2ccccc2)C1CN1CCCCC1,train,465.4870000000003,5.700700000000006,0.4919675597976762,33,54
subcategory_bioisostere.add-F_5,Cc1ccc(NC(=O)N2CCC(CN3CCC(c4noc5cc(F)ccc45)CC3)CC2)cc1,0,authentic,authentic,,,O=C(Nc1ccccc1)N1CCC(CN2CCC(c3noc4ccccc34)CC2)CC1,train,450.5580000000002,5.398820000000005,0.5782554528520134,33,54
subcategory_bioisostere.add-F_1017,CCc1nn(C[C@@H]2CCCN2C)c2c(=O)[nH]c(-c3cc(S(=O)(=O)CC)ccc3OC(F)(F)F)nc12,1,bioisostere,add-F,CCCOc1ccc(S(=O)(=O)CC)cc1-c1nc2c(CC)nn(C[C@@H]3CCCN3C)c2c(=O)[nH]1,3 4 5,O=c1[nH]c(-c2ccccc2)nc2cnn(C[C@@H]3CCCN3)c12,train,513.5420000000001,3.1354000000000015,0.516895840658603,35,71
subcategory_bioisostere.add-F_786,NC(=O)c1ccccc1OCc1ccc(F)c(C(=O)N2CCNCC2)c1,0,authentic,authentic,,,O=C(c1cccc(COc2ccccc2)c1)N1CCNCC1,train,357.3850000000001,1.549,0.850305404352595,26,42
subcategory_bioisostere.add-F_805,COC(=O)[C@H](CCc1ccccc1)NC(C)C(=O)N1CC(COC(F)F)C[C@H]1C(=O)O,1,bioisostere,add-F,COC(=O)[C@H](CCc1ccccc1)NC(C)C(=O)N1C2COCC2C[C@H]1C(=O)O,0 1 2 3 4,O=C(CNCCCc1ccccc1)N1CCC2COCC21,train,442.45900000000023,1.6797999999999997,0.5025673114356727,31,60
subcategory_bioisostere.add-F_1149,CC(C)c1cc(Cc2cnc(N)nc2N)cc(C(C)C)c1OC(F)(F)F,1,bioisostere,add-F,COc1c(C(C)C)cc(Cc2cnc(N)nc2N)cc1C(C)C,0 1 2 3 4 5 6 7 8 9 10 11 12 13 14 15 16 17 18 19 21 22 23 24,c1ccc(Cc2cncnc2)cc1,train,368.403,4.377200000000003,0.8178571751636456,26,44
subcategory_bioisostere.add-F_338,CO[C@H](CC(=O)O)C[C@@H](O)/C=C/c1c(-c2ccc(F)cc2)c2ccccc2n1C(C)C,0,authentic,authentic,,,c1ccc(-c2c[nH]c3ccccc23)cc1,train,425.50000000000017,5.282200000000004,0.4891405010400651,31,63
subcategory_bioisostere.add-F_423,COc1c(C)cnc(CSc2nc3ccc(OC(F)(F)Cl)cc3[nH]2)c1OC,0,authentic,authentic,,,c1ccc(CSc2nc3ccccc3[nH]2)nc1,train,415.8490000000001,4.743720000000002,0.4435755704365088,27,47
subcategory_bioisostere.add-F_102,C[N+]1(/N=C(\[O-])c2cccc(F)c2)CCN(C2=Nc3cc(Cl)ccc3Nc3ccccc32)CC1,0,authentic,authentic,,,C(=N[NH+]1CCN(C2=Nc3ccccc3Nc3ccccc32)CC1)c1ccccc1,val,463.94400000000013,4.098700000000003,0.35338450970845525,33,64
subcategory_bioisostere.add-F_1095,CCOC(C(=O)OCC(F)(F)F)N1CCNCC1Cc1ccc(-c2ccc(Cl)cc2)cc1,1,bioisostere,add-F,CCOC(C(=O)O)N1CCNCC1Cc1ccc(-c2ccc(Cl)cc2)cc1.Cl.Cl,0 1 2 3 5 6 7 8 9 10 11 12 13 14 15 16 17 18 19 20 21 22 23 24 25 26 27 28 29 30 31,c1ccc(-c2ccc(CC3CNCCN3)cc2)cc1,test,470.9190000000002,4.291400000000003,0.5831967838049589,32,53
subcategory_bioisostere.add-F_238,O=C(Sc1ccccc1)c1cc2cc(CCl)ccc2oc1=O,0,authentic,authentic,,,O=C(Sc1ccccc1)c1cc2ccccc2oc1=O,test,330.79200000000003,4.464300000000002,0.4037956301407211,22,35
subcategory_bioisostere.add-F_653,Cc1ccc(-c2c(NS(=O)(=O)c3ccc(Br)cc3)ncnc2OCCOc2ncc(Br)cn2)cc1,0,authentic,authentic,,,O=S(=O)(Nc1ncnc(OCCOc2ncccn2)c1-c1ccccc1)c1ccccc1,val,621.3110000000003,5.0256200000000035,0.2592038629332351,35,60
subcategory_bioisostere.add-F_231,C[N+]1(CCCOc2ccc3c(c2)NC(=O)CC3)CCC(c2cccc(Cl)c2)CC1.[I-],0,authentic,authentic,,,O=C1CCc2ccc(OCCC[NH+]3CCC(c4ccccc4)CC3)cc2N1,train,540.8730000000002,2.0218,0.3460122536646048,30,57
subcategory_bioisostere.add-F_543,COc1cc(C(=O)NS(=O)(=O)c2ccccc2C)ccc1Cc1cn(C(F)F)c2ccc(NC(=O)OC3CCCC3)cc12,0,authentic,authentic,,,O=C(Nc1ccc2[nH]cc(Cc3ccc(C(=O)NS(=O)(=O)c4ccccc4)cc3)c2c1)OC1CCCC1,train,611.6669999999999,6.554020000000006,0.2217244671496424,43,73
subcategory_bioisostere.add-F_1432,CNC1CCc2cc(O)c(OC)c(OCC(F)(F)F)c2-c2ccc(OC)c(=O)cc21,1,bioisostere,add-F,CNC1CCc2cc(O)c(OC)c(OC)c2-c2ccc(OC)c(=O)cc21,3 4 5 6,O=c1cccc2c(c1)CCCc1ccccc1-2,train,425.40300000000013,3.5844000000000023,0.7627501393067014,30,52
subcategory_bioisostere.add-F_1533,CCCCc1nc2c(OC(F)(F)F)n[nH]c(=O)c2n1Cc1ccc(-c2ccccc2-c2nn[nH]n2)cc1,1,bioisostere,add-F,CCCCc1nc2c(OC(C)=O)n[nH]c(=O)c2n1Cc1ccc(-c2ccccc2-c2nn[nH]n2)cc1,3 4 5,O=c1[nH]ncc2ncn(Cc3ccc(-c4ccccc4-c4nn[nH]n4)cc3)c12,train,510.4800000000002,4.256200000000002,0.3193740724491243,37,66
subcategory_bioisostere.add-F_827,CCCCC1(CCCC)CS(=O)(=O)c2ccc(N(C)C)cc2[C@@H](c2ccc(OCC(F)(F)F)cc2)[C@H]1O,1,bioisostere,add-F,CCCCC1(CCCC)CS(=O)(=O)c2ccc(N(C)C)cc2[C@@H](c2ccc(OCCC[N+]34CCN(CC3)CC4)cc2)[C@H]1O,4 5 6,O=S1(=O)CCC[C@H](c2ccc(OCCC[N+]34CCN(CC3)CC4)cc2)c2ccccc21,train,541.6760000000003,6.340600000000008,0.3802431710160208,37,72
subcategory_bioisostere.add-F_1594,O=C(O)c1scnc1-c1ccc(-c2ccc(OC(F)F)cc2)cc1,1,bioisostere,add-F,CC(CC#N)COc1ccc(-c2ccc(-c3ncsc3C(=O)O)cc2)cc1,0 1 2 3 4 5 6 7 8 9 10 11 12 13 14 16 17 18 19 20 21 22 23,c1ccc(-c2ccc(-c3cscn3)cc2)cc1,test,347.342,4.776700000000002,0.7216903700752112,24,41
subcategory_bioisostere.add-F_1476,COc1ccc2c(c1)c(CC(=O)NCCC(=O)OC(F)(F)F)c(C)n2C(=O)c1ccc(Cl)cc1,1,bioisostere,add-F,COC(=O)CCNC(=O)Cc1c(C)n(C(=O)c2ccc(Cl)cc2)c2ccc(OC)cc12,3 4 5,O=C(c1ccccc1)n1ccc2ccccc21,train,496.86900000000014,4.412020000000003,0.4895640237350757,34,62
subcategory_bioisostere.add-F_1035,CN(C)Cc1cccc(-c2ccccc2OC(F)F)c1,1,bioisostere,add-F,COc1ccccc1-c1cccc(CN(C)C)c1,0 1 2 3 4 5 6 7 8 9 10 11 12 13 15 16 17 18 19,c1ccc(-c2ccccc2)cc1,train,277.31399999999996,4.016600000000003,0.8182218147553744,20,31
subcategory_bioisostere.add-F_111,CN(C)C(=O)O[C@H]1CC[C@@]23CC[N+](C)(C)Cc4cccc(c42)O[C@H]3C1.[I-],0,authentic,authentic,,,c1cc2c3c(c1)O[C@H]1CCCC[C@@]31CC[NH2+]C2,test,472.367,-0.07979999999999787,0.4243837703459072,26,64
subcategory_bioisostere.add-F_1195,CCn1c(-c2ccc(OF)cc2)c(C)c2cccc(O)c21,1,bioisostere,add-F,CCn1c(-c2ccc(O)cc2)c(C)c2cccc(O)c21,0 1 2 3 4 5 6 8 9 10 11 12 13 14 15 16 17 18 19 20,c1ccc(-c2cc3ccccc3[nH]2)cc1,train,285.31800000000004,4.605520000000004,0.7624580189460103,21,36
subcategory_bioisostere.add-F_278,C=C1[C@@H](OC(=O)/C=C/c2ccccc2)CC[C@@]2(C)[C@@H](OC(C)=O)[C@H](OC(C)=O)C3=C(C)[C@@H](OC(C)=O)C[C@@H]([C@@H](O)[C@H]12)C3(C)C,0,authentic,authentic,,,C=C1[C@@H](OC(=O)/C=C/c2ccccc2)CCC2CCC3=CCC[C@H](C3)C[C@H]12,val,608.7280000000004,5.116300000000006,0.2028198645052007,44,124
subcategory_bioisostere.add-F_712,CSc1nc(-c2ccc(Cl)c(Cl)c2)c(-c2ccccc2)[nH]1,0,authentic,authentic,,,c1ccc(-c2nc[nH]c2-c2ccccc2)cc1,train,335.25899999999996,5.772400000000003,0.6153937899025341,21,42
subcategory_bioisostere.add-F_929,CCCN(CCC)C1CCc2ccc(OC(F)F)c(OC)c2C1,1,bioisostere,add-F,CCCN(CCC)C1CCc2ccc(O)c(OC)c2C1,0 1 2 3 4 5 6 7 8 9 10 11 12 14 15 16 17 18 19 20 21 22,c1ccc2c(c1)CCCC2,train,327.41500000000013,4.275900000000004,0.711350987062682,23,35
subcategory_bioisostere.add-F_1116,FC(F)(F)OCCN1CCN(C2=NCc3ccccc3Sc3ccccc32)CC1,1,bioisostere,add-F,CC.OCCOCCN1CCN(C2=NCc3ccccc3Sc3ccccc32)CC1,0 1 2 3 4 5,c1ccc2c(c1)CN=C(N1CCNCC1)c1ccccc1S2,train,421.48800000000017,4.252000000000003,0.7407703260061739,29,44
subcategory_bioisostere.add-F_551,CCCCc1oc2ccccc2c1C(=O)c1ccc(OCCNCC(C)(C)C)cc1.Cl,0,authentic,authentic,,,O=C(c1ccccc1)c1coc2ccccc12,train,444.01500000000016,6.442700000000007,0.2889707204461301,31,48
subcategory_bioisostere.add-F_206,N[C@@H]1CC[C@@H](NC(=O)c2ccccc2OC(F)(F)C(F)F)C1,0,authentic,authentic,,,O=C(NC1CCCC1)c1ccccc1,train,320.286,2.5329000000000006,0.8195791661380221,22,47
subcategory_bioisostere.add-F_219,CN(C)CC[C@H]1CN(C)C(=S)c2cc(Cl)cnc2O1,0,authentic,authentic,,,S=C1NCCOc2ncccc21,train,299.82700000000006,2.0549999999999997,0.7969071545665316,19,37
subcategory_bioisostere.add-F_490,Cc1ccc(C)n1Nc1ccc(N2CCSCC2)nn1,0,authentic,authentic,,,c1ccn(Nc2ccc(N3CCSCC3)nn2)c1,val,289.408,2.32334,0.9393507696893119,20,30
subcategory_bioisostere.add-F_1074,NC(=O)NCc1ccc(S(=O)(=O)NC(=O)c2ccccc2OC(F)(F)F)cc1,1,bioisostere,add-F,COc1ccccc1C(=O)NS(=O)(=O)c1ccc(CNC(N)=O)cc1,3 4 5,O=C(NS(=O)(=O)c1ccccc1)c1ccccc1,train,417.365,1.8721999999999996,0.6612588484527077,28,50
subcategory_bioisostere.add-F_846,CCN(C)C(=O)c1ccc(N(C[C@H](F)CN(C)C)c2ccccc2)cc1,1,bioisostere,add-F,CCN(C)C(=O)c1ccc(N(c2ccccc2)[C@@H]2C[C@H]3CC[C@@H](C2)N3C)cc1,0 1 2 3 4 5 6 7 8 9 11 12 13 14 15 16 17 18 19 20 21 22 23 24 25,c1ccc(N(c2ccccc2)[C@@H]2C[C@H]3CC[C@@H](C2)N3)cc1,test,357.473,3.8163000000000027,0.7186154388147944,26,47
subcategory_bioisostere.add-F_452,CCCCCCCCNC(=O)O[C@H]1C=C[C@@]23CCN(C)Cc4ccc(OC)c(c42)O[C@H]3C1,0,authentic,authentic,,,C1=C[C@@]23CCNCc4cccc(c42)O[C@H]3CC1,train,442.60000000000025,4.9447000000000045,0.43335654063116,32,62
subcategory_bioisostere.add-F_354,O=C1c2cccc(F)c2OCC2CNCCN12,0,authentic,authentic,,,O=C1c2ccccc2OCC2CNCCN12,val,236.24599999999995,0.6320999999999997,0.7181417879381595,17,26
subcategory_bioisostere.add-F_1452,O=C(OC(F)F)N1CCN(C2=Nc3cc(Cl)ccc3Nc3ccccc32)CC1,1,bioisostere,add-F,CCCCCCCCOC(=O)N1CCN(C2=Nc3cc(Cl)ccc3Nc3ccccc32)CC1,0 2 3 4 5 6 7 8 9 10 11 12 13 14 15 16 17 18 19 20 21 22 23 24 25 26,c1ccc2c(c1)N=C(N1CCNCC1)c1ccccc1N2,train,406.82000000000016,4.452100000000003,0.7596814352325647,28,47
subcategory_bioisostere.add-F_1201,CCCCC1(CCCC)CS(=O)(=O)c2ccc(N(C)C)cc2[C@@H](c2ccc(OC(F)F)cc2)[C@H]1O,1,bioisostere,add-F,CCCCC1(CCCC)CS(=O)(=O)c2ccc(N(C)C)cc2[C@@H](c2ccc(OCCC[N+]34CCN(CC3)CC4)cc2)[C@H]1O,3 4,O=S1(=O)CCC[C@H](c2ccc(OCCC[N+]34CCN(CC3)CC4)cc2)c2ccccc21,train,509.65900000000016,6.000900000000008,0.42547350664458927,35,68
subcategory_bioisostere.add-F_1141,CC(C)CCOc1ccc(-c2nc(C(F)(F)F)c(C(=O)OC(F)(F)F)s2)cc1C#N,1,bioisostere,add-F,CCOC(=O)c1sc(-c2ccc(OCCC(C)C)c(C#N)c2)nc1C(F)(F)F,0 1 2 3 4 5 6 7 8 9 10 11 12 13 14 15 16 17 19 20 21 22 23 24 25 26 27 28 29,c1ccc(-c2nccs2)cc1,train,452.3760000000001,5.802080000000002,0.40912111076186214,30,55
subcategory_bioisostere.add-F_43,Cc1nn(C)c(N)c1C(=O)c1cccs1,0,authentic,authentic,,,O=C(c1cn[nH]c1)c1cccs1,train,221.28500000000003,1.6032200000000003,0.7834840718298665,15,26
subcategory_bioisostere.add-F_993,NC(=O)c1cc(-c2ccc(OC(F)F)cc2)nnc1Cl,1,bioisostere,add-F,COc1ccc(-c2cc(C(N)=O)c(Cl)nn2)cc1,0 1 2 3 4 5 6 7 8 10 11 12 13 14 15 16 17 18 19,c1ccc(-c2cccnn2)cc1,val,299.664,2.497300000000001,0.9405472245399671,20,35
subcategory_bioisostere.add-F_1030,CC(C[C@@H](F)CN(C)C)Nc1ccnc2cc(Cl)ccc12,1,bioisostere,add-F,CC(CCCN1CCCC1)Nc1ccnc2cc(Cl)ccc12,0 2 3 4 5 6 7 8 9 10 11 12 13 14 15 16 17 18 19 20,c1ccc2c(NCCCCN3CCCC3)ccnc2c1,train,309.8160000000001,3.9784000000000024,0.8746072360608369,21,39
subcategory_bioisostere.add-F_1012,CCCCc1nc2c(OCC(F)(F)F)n[nH]c(=O)c2n1Cc1ccc(-c2ccccc2-c2nn[nH]n2)cc1,1,bioisostere,add-F,CCCCc1nc2c(OC(C)=O)n[nH]c(=O)c2n1Cc1ccc(-c2ccccc2-c2nn[nH]n2)cc1,4 5 6,O=c1[nH]ncc2ncn(Cc3ccc(-c4ccccc4-c4nn[nH]n4)cc3)c12,train,524.5070000000003,4.298700000000002,0.2943391117793551,38,67
subcategory_bioisostere.add-F_1521,CN1CC[C@]23c4c5ccc(OC(F)F)c4O[C@H]2[C@@H](O)CC[C@H]3[C@H]1C5,1,bioisostere,add-F,CN1CC[C@]23c4c5ccc(O)c4O[C@H]2[C@@H](O)CC[C@H]3[C@H]1C5.Cl,9 10 11 12 13,c1cc2c3c(c1)O[C@H]1CCC[C@H]4[C@@H](C2)NCC[C@]314,val,337.3660000000001,2.3179,0.8993292280383519,24,60
subcategory_bioisostere.add-F_388,CCOC(=O)C(CCc1ccccc1)N[C@H]1CCCCCN(CC(=O)O)C1=O.Cl,0,authentic,authentic,,,O=C1NCCCCC[C@@H]1NCCCc1ccccc1,train,426.9410000000003,2.4181000000000004,0.5885351487489241,29,50
subcategory_bioisostere.add-F_556,COc1cc(C(C)=O)ccc1OCCCN1CCN(C(c2ccccc2)c2ccccc2)CC1,0,authentic,authentic,,,c1ccc(OCCCN2CCN(C(c3ccccc3)c3ccccc3)CC2)cc1,test,458.6020000000001,5.073900000000005,0.3133048197682735,34,51
subcategory_bioisostere.add-F_788,NCCCCC(NC(=O)c1cccc(OCCF)c1)C(=O)COc1c(F)cccc1F,0,authentic,authentic,,,O=C(CNC(=O)c1ccccc1)COc1ccccc1,test,438.44600000000014,3.188600000000001,0.46901419891308715,31,47
subcategory_bioisostere.add-F_1297,Cc1nc(-c2ccc(OC(F)(F)F)c(C#N)c2)sc1C(=O)O,1,bioisostere,add-F,Cc1nc(-c2ccc(OCC(C)C)c(C#N)c2)sc1C(=O)O.O,0 1 2 3 4 5 6 8 9 10 11 12 13 14 15 16 17 18 19 20 21,c1ccc(-c2nccs2)cc1,train,328.271,3.5870000000000015,0.9307395419899713,22,41
subcategory_bioisostere.add-F_124,CC[C@H](NC(=O)C(CSC(=O)c1ccccc1)C(C)c1ccccc1)C(=O)O,0,authentic,authentic,,,O=C(SCCCc1ccccc1)c1ccccc1,train,399.5120000000001,3.9593000000000025,0.6668122575673584,28,51
subcategory_bioisostere.add-F_1263,CCc1ccc2nc(C(=O)OF)cc(O)c2c1,1,bioisostere,add-F,CCc1ccc2nc(C(=O)O)cc(O)c2c1,0 1 2 3 4 5 6 7 9 10 11 12 13 14 15 16,c1ccc2ncccc2c1,train,235.21399999999997,2.5441000000000003,0.8684620407015928,17,28
subcategory_bioisostere.add-F_280,Cc1c(OCC2CC2)ccnc1CSc1nc2ccccc2[nH]1,0,authentic,authentic,,,c1ccc2[nH]c(SCc3cc(OCC4CC4)ccn3)nc2c1,val,325.437,4.347420000000003,0.684692641818793,23,36
subcategory_bioisostere.add-F_1474,CC1=C(/C=C/C(C)=C/C=C/C(C)=C/C(=O)Nc2ccc(OF)c(F)c2)C(C)(C)CCC1,1,bioisostere,add-F,CC1=C(/C=C/C(C)=C/C=C/C(C)=C/C(=O)Nc2ccc(O)c(F)c2)C(C)(C)CCC1,19 20 21,O=C(/C=C/C=C/C=C/C=C/C1=CCCCC1)Nc1ccccc1,train,427.53500000000025,7.559100000000006,0.36009544635415386,31,62
subcategory_bioisostere.add-F_573,Cc1cnc(C(=O)N(CCC(=O)NC(C)CCc2ccccc2)Cc2ccc(F)cc2)cn1,0,authentic,authentic,,,O=C(CCN(Cc1ccccc1)C(=O)c1cnccn1)NCCCc1ccccc1,val,448.5420000000001,4.094120000000004,0.506875586897712,33,53
subcategory_bioisostere.add-F_357,Cc1[nH]c(-c2ccc(F)cc2)cc1C(=O)N1CCN(C2CCCCC2)CC1,0,authentic,authentic,,,O=C(c1c[nH]c(-c2ccccc2)c1)N1CCN(C2CCCCC2)CC1,train,369.48400000000026,4.219720000000003,0.8798282854047177,27,48
subcategory_bioisostere.add-F_1439,CCOc1ccnc(CS(=O)c2nc3cc(O)c(OCC(F)(F)F)cc3[nH]2)c1C,1,bioisostere,add-F,CCOc1ccnc(CS(=O)c2nc3cc4c(cc3[nH]2)OC(F)(F)O4)c1C,0 1 2 3 4 5 6 7 8 9 10 11 12 13 14 15 16 18 19 20 21 22 23 24 25 26 27 28,O=S(Cc1ccccn1)c1nc2cc3c(cc2[nH]1)OCO3,train,429.42000000000013,3.6195200000000023,0.5955146057169132,29,51
subcategory_bioisostere.add-F_324,O=C(Nc1cccnc1)c1cncc(-c2ccc(S(=O)(=O)N3CCNCC3)cc2)n1,0,authentic,authentic,,,O=C(Nc1cccnc1)c1cncc(-c2ccc(S(=O)(=O)N3CCNCC3)cc2)n1,train,424.4860000000002,1.3847999999999996,0.6354314704741266,30,52
subcategory_bioisostere.add-F_500,CC1(C)C=C(C(=O)NCc2ccncc2)C(C)(C)N1,0,authentic,authentic,,,O=C(NCc1ccncc1)C1=CCNC1,train,259.353,1.7845999999999997,0.8697859665878436,19,35
subcategory_bioisostere.add-F_772,COC1CC(OC2CCC3(C)C(CCC4C3CCC3(C)C(C5=CC(=O)OC5)C(OC(C)=O)CC43O)C2)OC(C)C1O,0,authentic,authentic,,,O=C1C=C(C2CCC3C2CCC2C4CCC(OC5CCCCO5)CC4CCC23)CO1,train,576.7270000000004,3.681000000000003,0.3729656552641952,41,74
subcategory_bioisostere.add-F_1422,O=C(Nc1nn[nH]n1)c1cccc(OCC(F)(F)F)n1,1,bioisostere,add-F,CCCCOc1cccc(C(=O)Nc2nn[nH]n2)n1,0 1 2 3 4 5 6 7 8 9 10 11 13 14 15 16 17 18,O=C(Nc1nn[nH]n1)c1ccccn1,train,288.189,0.7880999999999994,0.8611343696940199,20,36
subcategory_bioisostere.add-F_1411,Cc1cnc(N(C(=O)C2=C(OF)c3ccccc3S(=O)(=O)N2C)C(C)C)s1,1,bioisostere,add-F,Cc1cnc(N(C(=O)C2=C(O)c3ccccc3S(=O)(=O)N2C)C(C)C)s1,0 1 2 3 4 5 6 7 8 10 11 12 13 14 15 16 17 18 19 20 21 22 23 24 25 26,O=C(Nc1nccs1)C1=Cc2ccccc2S(=O)(=O)N1,train,411.48000000000013,3.0969200000000017,0.7724317755660799,27,51
subcategory_bioisostere.add-F_1227,CNC1CCc2cc(O)c(OC)c(OC)c2-c2ccc(OC(F)F)c(=O)cc21,1,bioisostere,add-F,CNC1CCc2cc(O)c(OC)c(OC)c2-c2ccc(OC)c(=O)cc21,3 4,O=c1cccc2c(c1)CCCc1ccccc1-2,train,393.3860000000001,3.2447000000000017,0.812272749358045,28,48
subcategory_bioisostere.add-F_1445,Cc1ccn(-c2ccc(OC(F)F)c(F)c2)c(=O)c1,1,bioisostere,add-F,Cc1ccn(-c2ccc(O)c(F)c2)c(=O)c1,2 3 4,O=c1ccccn1-c1ccccc1,train,269.222,2.886420000000001,0.8575241440843251,19,35
subcategory_bioisostere.add-F_304,COc1cc2c(c(OC)c1OC)-c1cccc(=O)cc1[C@@H](NC(=O)C1CC1C)CC2,0,authentic,authentic,,,O=C(N[C@H]1CCc2ccccc2-c2cccc(=O)cc21)C1CC1,train,409.4820000000002,3.499100000000002,0.8182628270173894,30,56
subcategory_bioisostere.add-F_230,CCC(=NNc1nncc2ccccc12)c1ccc(F)cc1,0,authentic,authentic,,,C(=NNc1nncc2ccccc12)c1ccccc1,train,294.333,3.9951000000000025,0.584328148961893,22,33
subcategory_bioisostere.add-F_305,O=C(N[C@H](Cc1ccc(Cl)cc1)C(=O)N1CCC(CN2CCNC2=O)(C2CCCCC2)CC1)[C@H]1Cc2ccccc2CN1,0,authentic,authentic,,,O=C(N[C@H](Cc1ccccc1)C(=O)N1CCC(CN2CCNC2=O)(C2CCCCC2)CC1)[C@H]1Cc2ccccc2CN1,val,606.2110000000005,4.296100000000003,0.41839732235904026,43,79
subcategory_bioisostere.add-F_906,COc1cc2c(cc1OC(F)(F)F)CC(CC1CCN(Cc3ccc(F)cc3)CC1)C2=O,1,bioisostere,add-F,COc1cc2c(cc1OC)C(=O)C(CC1CCN(Cc3ccc(F)cc3)CC1)C2,0 1 2 3 4 5 6 8 9 10 11 12 13 14 15 16 17 18 19 20 21 22 23 24 25 26 27 28 29 30 31,O=C1c2ccccc2CC1CC1CCN(Cc2ccccc2)CC1,train,451.46000000000026,5.3902000000000045,0.5523517945087917,32,53
subcategory_bioisostere.add-F_285,CC1CCCC(CNC(=O)c2cc(OCC(F)(F)F)ccc2OCC(F)(F)F)N1.Cl,0,authentic,authentic,,,O=C(NCC1CCCCN1)c1ccccc1,train,464.834,4.251000000000004,0.5922956560477348,30,51
subcategory_bioisostere.add-F_252,O=C(NC[C@@H]1CCCNC1)[C@H]1CCCN1C(=O)[C@@H]1C[C@@H](O)CN1C(=O)CC(c1ccccc1)(c1ccccc1)c1ccccc1,0,authentic,authentic,,,O=C(NC[C@@H]1CCCNC1)[C@H]1CCCN1C(=O)[C@@H]1CCCN1C(=O)CC(c1ccccc1)(c1ccccc1)c1ccccc1,test,608.7830000000002,3.4797000000000047,0.3232046709560281,45,91
subcategory_bioisostere.add-F_196,COc1cc2c[n+](C)c3c(c2cc1OC)Cc1cc2c(cc1-3)OCO2.[Cl-],0,authentic,authentic,,,c1ccc2c3c([nH+]cc2c1)-c1cc2c(cc1C3)OCO2,train,371.82000000000005,-0.014599999999999946,0.46461142992419374,26,51
subcategory_bioisostere.add-F_1264,CCCSc1ccc2c(cc1=O)[C@@H](NC(C)=O)CCc1cc(OC(F)F)c(OC)c(OC)c1-2,1,bioisostere,add-F,CCCSc1ccc2c(cc1=O)[C@@H](NC(C)=O)CCc1cc(OC)c(OC)c(OC)c1-2,0 1 2 3 4 5 6 7 8 9 10 11 12 13 14 15 16 17 18 19 20 22 23 24 25 26 27 28 29 30 31 32,O=c1cccc2c(c1)CCCc1ccccc1-2,train,479.5450000000003,4.957900000000004,0.5399043911017101,33,61
subcategory_bioisostere.add-F_624,CC1(C)CCc2cccc3c(-c4ccc(F)cc4)c(/C=C/C(O)CC(=O)CC(=O)O)n1c23,0,authentic,authentic,,,c1ccc(-c2cn3c4c(cccc24)CCC3)cc1,val,435.4950000000002,4.936700000000006,0.5155793907377436,32,60
subcategory_bioisostere.add-F_939,COc1ccc(C(=O)C2CCCN(Cc3ccc(OC(F)F)c(C)c3C)C2)cc1OC,1,bioisostere,add-F,COc1ccc(C(=O)C2CCCN(Cc3ccc(OC)c(C)c3C)C2)cc1OC,3 4,O=C(c1ccccc1)C1CCCN(Cc2ccccc2)C1,train,433.4950000000002,5.016940000000005,0.547528652990226,31,50
subcategory_bioisostere.add-F_709,COc1c(C)c2c(c(O[C@@H]3O[C@H](CO)[C@@H](O)[C@H](O)[C@H]3O)c1C/C=C(\C)CCC(=O)O)C(=O)OC2,0,authentic,authentic,,,O=C1OCc2cccc(O[C@H]3CCCCO3)c21,val,482.48200000000037,0.20631999999999912,0.24047685260611643,34,85
subcategory_bioisostere.add-F_1465,O=C(NCC1CCN(CCNC(=O)C2(C(F)(F)F)CC2)CC1)c1cc(F)cc(OCC(F)(F)F)c1,1,bioisostere,add-F,COc1cc(F)cc(C(=O)NCC2CCN(CCNC(=O)C3(C(F)(F)F)CC3)CC2)c1,0 1 2 3 4 5 6 7 8 9 10 11 12 13 14 15 16 17 18 19 20 21 22 23 24 25 26 28 29 30 31 32 33,O=C(NCC1CCN(CCNC(=O)C2CC2)CC1)c1ccccc1,test,513.4540000000003,3.6673000000000027,0.4949040044623356,35,63
subcategory_bioisostere.add-F_1567,CCOC(=O)C(CCc1ccccc1)NC(C)C(=O)N(CC(=O)O)CC(CC)OC(F)F,1,bioisostere,add-F,CCOC(=O)C(CCc1ccccc1)NC(C)C(=O)N(CC(=O)O)CC1CCCO1,0 1 2 3 4 5 6 7 8 9 10 11 12 13 14 15 16 17 18 19 20 21 22 23 24 26 27 28 29 30,O=C(CNCCCc1ccccc1)NCC1CCCO1,val,458.5020000000003,2.460000000000001,0.3891293345343044,32,53
subcategory_bioisostere.add-F_982,FC(F)OCCN(CCNC(c1ccccc1)c1ccc(Cl)cc1)C1CC1,1,bioisostere,add-F,O=C(O)COCCN(CCNC(c1ccccc1)c1ccc(Cl)cc1)C1CC1,0 1 2 3 4,c1ccc(C(NCCNC2CC2)c2ccccc2)cc1,train,394.89300000000014,4.722600000000004,0.5963165397664343,27,42
subcategory_bioisostere.add-F_1438,CCNC(=O)NS(=O)(=O)c1cc(C(C)C(C)NC(=O)c2cc(Cl)ccc2OC)c(OC(F)(F)F)cc1CC,1,bioisostere,add-F,CCNC(=O)NS(=O)(=O)c1cc2c(cc1CC)OCCC2C(C)NC(=O)c1cc(Cl)ccc1OC,0 1 2 3 4 5 6 7 8 9 10 11 12 13 14 15 16 17 18 19 20 21 22 23 24 25 26 27 29 30 31 32 33 34 35 36 37,O=C(NCC1CCOc2ccccc21)c1ccccc1,test,580.0250000000001,4.739400000000004,0.37363254278052366,38,69
subcategory_bioisostere.add-F_1515,FC(F)(F)COc1ccc2c(c1)OCO2,1,bioisostere,add-F,CC1CCNCC1COc1ccc2c(c1)OCO2,0 1 2 3 4 5 7 8 9 10 11 12 13 14,c1cc2c(cc1OCC1CCCNC1)OCO2,train,220.146,2.3564,0.7651926684779433,15,25
subcategory_bioisostere.add-F_1198,CN(C)C=C1N=C(c2ccccc2Cl)c2cc([N+](=O)OCC(F)(F)F)ccc2NC1=O,1,bioisostere,add-F,CN(C)C=C1N=C(c2ccccc2Cl)c2cc([N+](=O)[O-])ccc2NC1=O,17 19 20 21 22 23 24,C=C1N=C(c2ccccc2)c2ccccc2NC1=O,train,453.82800000000015,4.4368000000000025,0.5364038329734768,31,57
subcategory_bioisostere.add-F_1048,COc1c(OCC(F)(F)F)ccnc1CS(=O)c1nc2ccc(C(F)F)cc2[nH]1,1,bioisostere,add-F,COc1ccnc(CS(=O)c2nc3ccc(C(F)F)cc3[nH]2)c1OC,3 4 5 6,O=S(Cc1ccccn1)c1nc2ccccc2[nH]1,train,435.3740000000001,4.153000000000002,0.5644744152898822,29,51
subcategory_bioisostere.add-F_1183,COc1ccc2c(c1O)-c1cccc3c1C(C2)N(CCOCC(F)(F)F)CC3,1,bioisostere,add-F,COc1ccc2c(c1O)-c1cccc3c1C(C2)N(CCOCCCl)CC3,19 20 21 22 23 24 25,c1ccc2c(c1)CC1NCCc3cccc-2c31,train,393.40500000000014,4.102000000000003,0.7769781226203829,28,47
subcategory_bioisostere.add-F_470,COc1ccc2[nH]c3c(N/N=C\c4ccccc4)nncc3c2c1,0,authentic,authentic,,,C(=N/Nc1nncc2c1[nH]c1ccccc12)/c1ccccc1,train,317.3520000000001,3.5657000000000014,0.44557579560303173,24,40
subcategory_bioisostere.add-F_177,NCC(=O)OCCOCn1cnc2c(=O)[nH]c(N)nc21,0,authentic,authentic,,,O=c1[nH]cnc2[nH]cnc12,train,282.26000000000005,-1.8221999999999987,0.41339496381349355,20,35
subcategory_bioisostere.add-F_1194,OCC(CN1CCN(C2=Nc3ccccc3Sc3ccccc32)CC1)OC(F)(F)F,1,bioisostere,add-F,COC(CO)CN1CCN(C2=Nc3ccccc3Sc3ccccc32)CC1,0 1 3 4 5 6 7 8 9 10 11 12 13 14 15 16 17 18 19 20 21 22 23 24 25 26 27 28,c1ccc2c(c1)N=C(N1CCNCC1)c1ccccc1S2,train,437.4870000000002,3.7444000000000033,0.7898170365866378,30,47
subcategory_bioisostere.add-F_1466,COc1c(OCC(F)(F)F)cc2c(c1OC)-c1ccc(N)c(=O)cc1[C@@H](NC(C)=O)CC2,1,bioisostere,add-F,COc1cc2c(c(OC)c1OC)-c1ccc(N)c(=O)cc1[C@@H](NC(C)=O)CC2,3 4 5 6,O=c1cccc2c(c1)CCCc1ccccc1-2,train,452.42900000000026,3.377700000000001,0.7217261431444666,32,62
subcategory_bioisostere.add-F_538,O=C(NCCCc1ccccc1)C1CCCC1,0,authentic,authentic,,,O=C(NCCCc1ccccc1)C1CCCC1,train,231.33899999999997,2.925600000000002,0.7755933326902519,17,24
subcategory_bioisostere.add-F_1353,FC(F)Oc1ccccc1Cn1cccn1,1,bioisostere,add-F,CC(C)NCC(O)COc1ccccc1Cn1cccn1,0 1 2 3 5 6 7 8 9 10 11 12 13 14 15,c1ccc(Cn2cccn2)cc1,train,224.20999999999998,2.5328,0.7974839017415702,16,22
subcategory_bioisostere.add-F_678,COc1ccc(-n2nc(C(N)=O)c3c2C(=O)N(c2ccc(C(=N)N(C)C)cc2F)CC32CC2)cc1,0,authentic,authentic,,,O=C1c2c(cnn2-c2ccccc2)C2(CC2)CN1c1ccccc1,train,476.5120000000002,2.697870000000001,0.4337566923398422,35,65
subcategory_bioisostere.add-F_1581,CC(C)n1c(/C=C/C(O)CC(O)CC(=O)OC(F)F)c(-c2ccc(F)cc2)c2ccccc21,1,bioisostere,add-F,CCCCOC(=O)CC(O)CC(O)/C=C/c1c(-c2ccc(F)cc2)c2ccccc2n1C(C)C,3 4,c1ccc(-c2c[nH]c3ccccc23)cc1,train,461.4800000000001,5.309300000000005,0.42391653744085905,33,60
subcategory_bioisostere.add-F_574,CC(C)(C)NC(=O)C(=O)Nc1ccc(-c2cnco2)c(Cl)c1,0,authentic,authentic,,,c1ccc(-c2cnco2)cc1,test,321.764,2.8482000000000003,0.8329543888109854,22,42
subcategory_bioisostere.add-F_1232,CCC(=O)NCCc1c2n(c3ccc(OCC(F)(F)F)cc13)Cc1ccccc1-2,1,bioisostere,add-F,CCC(=O)NCCc1c2n(c3ccc(OC)cc13)Cc1ccccc1-2,0 1 2 3 4 5 6 7 8 9 10 11 12 14 15 16 17 18 19 20 21 22 23 24 25 26 27 28,c1ccc2c(c1)Cn1c-2cc2ccccc21,val,402.4160000000001,4.679800000000004,0.5089688373438641,29,49
subcategory_bioisostere.add-F_889,Cn1c(N)nc2c(ncn2COCC(F)(F)F)c1=O,1,bioisostere,add-F,Cn1c(N)nc2c(ncn2COCCO)c1=O,0 1 2 3 4 5 6 7 8 9 11 12 13 14 15 16 17 18,O=c1[nH]cnc2[nH]cnc12,train,277.20599999999996,0.2486000000000002,0.8683621505698155,19,32
subcategory_bioisostere.add-F_141,CC[C@H](C)[C@H]1O[C@]2(CC[C@@H]1C)C[C@@H]1C[C@@H](C/C=C(\C)[C@@H](Cl)[C@@H](C)/C=C/C=C3\CO[C@@H]4[C@H](O)C(C)=C[C@@H](C(=O)O1)[C@]34O)O2,0,authentic,authentic,,,O=C1O[C@H]2C[C@@H](CC=CCC/C=C/C=C3\CO[C@@H]4CC=C[C@@H]1C34)O[C@@]1(CCCCO1)C2,train,605.2120000000003,5.777700000000008,0.23444235761569998,42,136
subcategory_bioisostere.add-F_1164,COc1ccc(-c2ccc(OC)c(OC(F)(F)F)c2OC)c(C)c1,1,bioisostere,add-F,COc1ccc(-c2ccc(OC)c(OC)c2OC)c(C)c1,0 1 2 3 4 5 6 7 8 9 10 11 13 14 15 16 17 18 19 20 21 22 23,c1ccc(-c2ccccc2)cc1,train,342.31300000000005,4.586420000000003,0.7965527071851175,24,41
subcategory_bioisostere.add-F_1155,O=C(O)CC1CC(=O)c2c(OC(F)F)ccc(Cl)c2S1,1,bioisostere,add-F,COc1ccc(Cl)c2c1C(=O)CC(CC(=O)O)S2,3 4,O=C1CCSc2ccccc21,train,322.716,3.4632000000000014,0.9193235512825462,20,37
subcategory_bioisostere.add-F_938,NC(=O)NCc1ccc(S(=O)(=O)NC(=O)c2ccccc2OC(F)F)cc1,1,bioisostere,add-F,COc1ccccc1C(=O)NS(=O)(=O)c1ccc(CNC(N)=O)cc1,3 4,O=C(NS(=O)(=O)c1ccccc1)c1ccccc1,train,399.375,1.5749999999999997,0.651265476663016,27,47
subcategory_bioisostere.add-F_1196,COC(=O)N1C(c2ccccc2)=NN=C(c2ccccc2)N1C(=O)OC(F)(F)F,1,bioisostere,add-F,COC(=O)N1C(c2ccccc2)=NN=C(c2ccccc2)N1C(=O)OC,3 4 5,c1ccc(C2=NN=C(c3ccccc3)NN2)cc1,train,406.3200000000001,3.7504000000000026,0.7605426152854672,29,51
subcategory_bioisostere.add-F_1309,O=C(c1ccc(OC(F)(F)F)cc1)c1c(-c2ccccc2)oc2ccccc12,1,bioisostere,add-F,CCCN1CCCC(Oc2ccc(C(=O)c3c(-c4ccccc4)oc4ccccc34)cc2)C1,0 1 2 3 4 6 7 8 9 10 11 12 13 14 15 16 17 18 19 20 21 22 23 24 25 26 27,O=C(c1ccc(OC2CCCNC2)cc1)c1c(-c2ccccc2)oc2ccccc12,train,382.3370000000001,6.229400000000004,0.39291640902691305,28,48
subcategory_bioisostere.add-F_626,CC(NC1CCCNC1)c1ccccc1N1CCN(C(=O)[C@@H](Cc2ccc(Cl)cc2)NC(=O)C(N)c2ccccc2)CC1,0,authentic,authentic,,,O=C(Cc1ccccc1)N[C@H](Cc1ccccc1)C(=O)N1CCN(c2ccccc2CNC2CCCNC2)CC1,test,603.2110000000001,3.8187000000000015,0.2814347235060177,43,75
subcategory_bioisostere.add-F_1455,C/C=C(/F)C/C=C\CC1(C[C@@H](F)CN(C)C)OCc2cc(C#N)ccc21,1,bioisostere,add-F,C/C=C(/F)C/C=C\CC1(CCCN(C)C)OCc2cc(C#N)ccc21.CC,8 9 10 11 12 13 14 15,c1ccc2c(c1)COC2,train,360.4480000000001,4.783280000000005,0.6259009051775739,26,52
subcategory_bioisostere.add-F_1057,Oc1ccc(OC[C@@H]2C[NH2+]CC[C@H]2c2ccc(F)cc2)cc1OC(F)F,1,bioisostere,add-F,[2H]C1([2H])Oc2ccc(OC[C@@H]3C[NH2+]CC[C@H]3c3ccc(F)cc3)cc2O1,1 2 3 4 8,c1ccc([C@@H]2CC[NH2+]C[C@H]2COc2ccc3c(c2)OCO3)cc1,train,368.375,2.8786000000000014,0.8244825801867591,26,52
subcategory_bioisostere.add-F_420,O=C(O)CCCC(=O)N1CCC[C@H]1C(=O)O,0,authentic,authentic,,,C1CCNC1,train,229.23199999999997,0.3169000000000001,0.7073360297822109,16,31
subcategory_bioisostere.add-F_208,CCC(C)(C)C(=O)NCCN1CCN(c2ccc(Cl)cc2)CC1,0,authentic,authentic,,,c1ccc(N2CCNCC2)cc1,val,337.89500000000004,3.014400000000002,0.8663672606190194,23,39
subcategory_bioisostere.add-F_707,CO[C@H]1[C@H](O)[C@H](O[C@H]2CC[C@H]3[C@H](CC[C@@H]4[C@@H]3CC[C@]3(C)[C@@H](C5=CC(=O)OC5)CC[C@]43O)C2)O[C@@H](C)[C@@H]1O,0,authentic,authentic,,,O=C1C=C([C@H]2CCC3C2CC[C@@H]2[C@H]4CC[C@H](O[C@H]5CCCCO5)C[C@H]4CC[C@@H]32)CO1,val,520.6630000000004,2.720100000000001,0.3830306176527653,37,120
subcategory_bioisostere.add-F_422,CC(C)CC(=O)C(O)(Cn1cncn1)c1ccc(Cl)cc1Cl,0,authentic,authentic,,,c1ccc(CCn2cncn2)cc1,train,342.226,3.087900000000002,0.8759752410861785,22,39
subcategory_bioisostere.add-F_155,C#CCNS(=O)(=O)c1ccc(CCN(Cc2cc(Cl)ccc2OC)C(=O)C=C)cc1,0,authentic,authentic,,,c1ccc(CCNCc2ccccc2)cc1,val,446.9560000000002,3.017400000000001,0.44934847404134964,30,52
subcategory_bioisostere.add-F_988,CCNC(=O)c1ccccc1OC(F)F,1,bioisostere,add-F,CCNC(=O)c1ccccc1OCc1ccc(F)cc1,3 4,c1ccc(COc2ccccc2)cc1,train,215.19899999999996,2.0377,0.8341354716919333,15,22
subcategory_bioisostere.add-F_321,C[NH2+]CC[C@@H](Oc1ccc(C(F)(F)F)cc1)c1ccccc1,0,authentic,authentic,,,c1ccc(COc2ccccc2)cc1,train,310.33899999999994,3.408800000000003,0.8691389286871458,22,44
subcategory_bioisostere.add-F_451,CN(C)CCN=C1Nc2cc(Cl)ccc2Nc2ccccc21,0,authentic,authentic,,,N=C1Nc2ccccc2Nc2ccccc21,test,314.82000000000005,3.817300000000002,0.9045101054554484,22,34
subcategory_bioisostere.add-F_19,CCc1c(C)nc2sc(N3CCC(c4noc5cc(F)ccc45)CC3)c(-c3ccc(C)cc3)n2c1=O,0,authentic,authentic,,,O=c1ccnc2sc(N3CCC(c4noc5ccccc45)CC3)c(-c3ccccc3)n12,val,502.61500000000024,6.266540000000006,0.28998333282296623,36,62
subcategory_bioisostere.add-F_195,CCCc1cc(Cl)c2oc(Cc3ccc(OC)cc3)c(C)c2c1O,0,authentic,authentic,,,c1ccc(Cc2cc3ccccc3o2)cc1,train,344.8380000000001,5.6521200000000045,0.6497056015290457,24,39
subcategory_bioisostere.add-F_858,Cc1cc(/C=C/c2cccnc2)cc(C(C)(C)C)c1OCC(F)(F)F,1,bioisostere,add-F,Cc1cc(/C=C/c2cccnc2)cc(C(C)(C)C)c1O,2 3 4 5 6,C(=C\c1cccnc1)/c1ccccc1,train,349.396,5.799020000000003,0.6958999192599894,25,44
subcategory_bioisostere.add-F_717,CCc1ccc(Oc2ccc(C)cc2CC(=O)O)c(CC)c1,0,authentic,authentic,,,c1ccc(Oc2ccccc2)cc1,train,298.38200000000006,4.539220000000003,0.8513392600687443,22,35
subcategory_bioisostere.add-F_586,COc1cc2c(cc1OC)C(=O)C(CC(C)(F)CC1CCC(C)N1Cc1cccc(C(F)(F)F)c1)C2,0,authentic,authentic,,,O=C1c2ccccc2CC1CCCC1CCCN1Cc1ccccc1,val,507.5680000000002,6.639100000000007,0.3757278327517032,36,63
subcategory_bioisostere.add-F_32,Cc1nc2n(c(=O)c1CC[N+]1(COC(=O)NCC(C)C)CCC(c3noc4cc(F)ccc34)CC1)CCCC2,0,authentic,authentic,,,O=c1c(CC[NH+]2CCC(c3noc4ccccc34)CC2)cnc2n1CCCC2,test,540.6600000000002,4.444920000000004,0.42422056249256435,39,68
subcategory_bioisostere.add-F_1100,CCOCC(=O)NC1CCc2cc(OC(F)F)c(OC)c(OC)c2-c2ccc(SC)c(=O)cc21,1,bioisostere,add-F,CCOCC(=O)NC1CCc2cc(OC)c(OC)c(OC)c2-c2ccc(SC)c(=O)cc21,0 1 2 3 4 5 6 7 8 9 10 11 13 14 15 16 17 18 19 20 21 22 23 24 25 26 27 28 29 30 31 32 33,O=c1cccc2c(c1)CCCc1ccccc1-2,train,495.54400000000027,4.194300000000004,0.5224499349052611,34,57
subcategory_bioisostere.add-F_697,O=C1NC(=O)C(c2ccc(SF)cc2)(c2ccc(SF)cc2)N1,0,authentic,authentic,,,O=C1NC(=O)C(c2ccccc2)(c2ccccc2)N1,train,352.387,3.722800000000001,0.8236205698981302,23,41
subcategory_bioisostere.add-F_1079,CNC1CCc2cc(O)c(OC(F)(F)F)c(OC)c2-c2ccc(OC)c(=O)cc21,1,bioisostere,add-F,CNC1CCc2cc(O)c(OC)c(OC)c2-c2ccc(OC)c(=O)cc21,3 4 5,O=c1cccc2c(c1)CCCc1ccccc1-2,train,411.37600000000015,3.541900000000002,0.8016358831856254,29,51
subcategory_bioisostere.add-F_389,CC(C)(C)n1cc(C(=O)O)c(=O)c2cc(F)c(N3CCC(N)C3)nc21.CS(=O)(=O)O,0,authentic,authentic,,,O=c1cc[nH]c2nc(N3CCCC3)ccc12,val,444.48500000000024,1.0302000000000004,0.5757083314731896,30,61
subcategory_bioisostere.add-F_1440,CCC(Cc1cnc2nc(N)nc(N)c2n1)c1ccc(C(=O)OC(F)F)cc1,1,bioisostere,add-F,CCC(Cc1cnc2nc(N)nc(N)c2n1)c1ccc(C(=O)O)cc1,0 1 2 3 4 5 6 7 8 9 10 11 12 13 14 15 16 17 18 19 21 22 23 24 25 26 27,c1ccc(CCc2cnc3ncncc3n2)cc1,train,388.3780000000001,2.6999000000000013,0.6165618533686948,28,47
subcategory_bioisostere.add-F_1407,COc1c(OC(F)(F)F)cc2c(CCN(C)C)c[nH]c2c1OC,1,bioisostere,add-F,COc1cc2c(CCN(C)C)c[nH]c2c(OC)c1OC,3 4 5,c1ccc2[nH]ccc2c1,train,332.32200000000006,3.187800000000001,0.8824712969792105,23,40
subcategory_bioisostere.add-F_840,O=C(NS(=O)(=O)c1ccc(CCNC(=O)c2cc(Cl)ccc2OCC(F)(F)F)cc1)C1=COCCC1,1,bioisostere,add-F,COc1ccc(Cl)cc1C(=O)NCCc1ccc(S(=O)(=O)NC(=O)C2=COCCC2)cc1,0 1 2 3 4 5 6 7 8 9 10 11 12 13 14 15 16 17 18 19 20 22 23 24 25 26 27 28 29 30 31 32 33 34 35,O=C(NS(=O)(=O)c1ccc(CCNC(=O)c2ccccc2)cc1)C1=COCCC1,train,546.9509999999999,3.7528000000000032,0.4954853967385447,36,64
subcategory_bioisostere.add-F_1462,CNC1CCc2cc(O)c(OC)c(OC)c2-c2ccc(OC(F)(F)F)c(=O)cc21,1,bioisostere,add-F,CNC1CCc2cc(O)c(OC)c(OC)c2-c2ccc(OC)c(=O)cc21,3 4 5,O=c1cccc2c(c1)CCCc1ccccc1-2,train,411.3760000000001,3.5419000000000027,0.8016358831856255,29,51
subcategory_bioisostere.add-F_1124,C[C@@]12CCCN1CC[C@H]2CNC(=O)c1cc(Cl)c(N)cc1OCC(F)(F)F,1,bioisostere,add-F,COc1cc(N)c(Cl)cc1C(=O)NC[C@@H]1CCN2CCC[C@@]12C,20 21 22 23 24 25 26,O=C(NC[C@@H]1CCN2CCCC12)c1ccccc1,train,405.8480000000001,3.467500000000001,0.7360022283183091,27,53
subcategory_bioisostere.add-F_174,CCOP(=O)(OCC)OC[C@H]1OC(n2cnc(C(N)=O)n2)[C@H](O)[C@@H]1O,0,authentic,authentic,,,c1ncn(C2CCCO2)n1,train,380.2940000000001,-0.8060999999999987,0.46081223236027014,25,56
subcategory_bioisostere.add-F_491,Nc1nc(O)c2ncc(-c3ccccc3)nc2n1,0,authentic,authentic,,,c1ccc(-c2cnc3cncnc3n2)cc1,val,239.238,1.3745999999999998,0.6652087292083497,18,29
subcategory_bioisostere.add-F_856,CC(C)c1cc2c(=O)n3cc(C(=O)OCC(F)(F)F)ccc3nc2s1,1,bioisostere,add-F,CC(C)c1cc2c(=O)n3cc(C(=O)O)ccc3nc2s1,2 3 4 5 6,O=c1c2ccsc2nc2ccccn12,test,370.35200000000003,3.7517000000000023,0.6590431227858093,25,45
subcategory_bioisostere.add-F_931,CC(Cc1cccc(COCC(F)(F)F)c1)NC[C@H](O)c1ccc(O)c(CO)c1,1,bioisostere,add-F,CC(Cc1cccc(COCC(F)(F)c2ccccc2)c1)NC[C@H](O)c1ccc(O)c(CO)c1,0 1 2 3 4 5 6 7 9 10 11 12 13 14 15 16 17 18 19 20 21 22 23 24 25 26 27 28,c1ccc(CCNCCc2cccc(COCCc3ccccc3)c2)cc1,train,413.43600000000015,3.217600000000002,0.4809682306635895,29,51
subcategory_bioisostere.add-F_978,COc1cc2c(c(OC)c1OC)CC[C@H](NC(C)=O)c1cc(OC(F)(F)F)ccc1-2,1,bioisostere,add-F,COc1ccc2c(c1)[C@@H](NC(C)=O)CCc1c-2cc(OC)c(OC)c1OC,0 1 2 3 4 5 6 7 8 9 10 11 12 13 14 15 16 17 18 19 20 22 23 24 25 26 27 28 29,c1ccc2c(c1)CCCc1ccccc1-2,train,425.4030000000001,4.401400000000003,0.7693129095027713,30,56
subcategory_bioisostere.add-F_1534,CC(C)C(NC(=O)Cn1c(-c2cccc(OC(C)(C)C)c2)ccc(NC(=O)OC(F)(F)F)c1=O)C(=O)C(F)(F)F,1,bioisostere,add-F,CC(C)C(NC(=O)Cn1c(-c2cccc(OC(C)(C)C)c2)ccc(NC(=O)OCc2ccccc2)c1=O)C(=O)C(F)(F)F,3 4 5,O=C(Nc1ccc(-c2ccccc2)[nH]c1=O)OCc1ccccc1,train,579.4940000000004,5.033100000000004,0.4241065847582427,40,77
subcategory_bioisostere.add-F_979,O=C1c2ccc(OC(F)(F)F)cc2CC1CN1CCCCC1,1,bioisostere,add-F,COc1ccc2c(c1)CC(CN1CCCCC1)C2=O,3 4 5,O=C1c2ccccc2CC1CN1CCCCC1,train,313.31900000000013,3.4261000000000017,0.8561082610840935,22,35
subcategory_bioisostere.add-F_1563,CO[C@H]1[C@H](O)[C@H](O[C@@H]2C[C@H]3CC[C@@H]4[C@H](CC[C@]5(C)[C@@H](C6=CC(=O)OC6)CC[C@]45O)[C@@]3(C)[C@H](OF)C2)O[C@@H](C)[C@@H]1O,1,bioisostere,add-F,CO[C@H]1[C@H](O)[C@H](O[C@@H]2C[C@H]3CC[C@@H]4[C@H](CC[C@]5(C)[C@@H](C6=CC(=O)OC6)CC[C@]45O)[C@@]3(C)[C@H](O)C2)O[C@@H](C)[C@@H]1O,31 32 33,O=C1C=C([C@H]2CCC3C2CC[C@@H]2C4CC[C@H](O[C@H]5CCCCO5)C[C@H]4CC[C@@H]32)CO1,train,568.6790000000004,2.989800000000001,0.339227202121561,40,131
subcategory_bioisostere.add-F_794,COC(=O)c1cc(O)cc(OC)c1C(=O)c1c(O)cc(C)cc1OC,0,authentic,authentic,,,O=C(c1ccccc1)c1ccccc1,train,346.3350000000001,2.44102,0.6330199109362743,25,43
subcategory_bioisostere.add-F_801,O=C(c1cc(OCC(F)(F)F)ccc1OC(F)(F)F)N1CCN2CCCCC2C1,1,bioisostere,add-F,O=C(c1cc(OCC(F)(F)F)ccc1OCC(F)(F)F)N1CCN2CCCCC2C1,0 1 2 3 4 5 6 7 8 9 10 11 12 14 15 16 17 18 19 20 21 22 23 24 25 26 27 28,O=C(c1ccccc1)N1CCN2CCCCC2C1,test,426.3570000000003,3.8366000000000025,0.6867121022006857,29,48
subcategory_bioisostere.add-F_1568,CN(CCc1ccc2c(c1)OCO2)C[C@@H]1CCCc2c(OCC(F)(F)F)cccc21,1,bioisostere,add-F,CCOc1cccc2c1CCC[C@H]2CN(C)CCc1ccc2c(c1)OCO2,0 1 2 3 4 5 6 7 8 9 10 11 12 13 14 15 16 17 18 20 21 22 23 24 25 26 27 28 29,c1ccc2c(c1)CCC[C@H]2CNCCc1ccc2c(c1)OCO2,val,421.45900000000006,4.9508000000000045,0.6330402861873727,30,53
subcategory_bioisostere.add-F_271,CC(C)CC(NC(=O)[C@H](Cc1ccccc1)N1Cc2nccn2C1=O)C(=O)N[C@@H](CC1CCCCC1)C(O)C(=O)OC(C)C,0,authentic,authentic,,,O=C(CNC(=O)[C@H](Cc1ccccc1)N1Cc2nccn2C1=O)NCCC1CCCCC1,train,609.7680000000004,3.5767000000000015,0.27801146590658843,44,83
subcategory_bioisostere.add-F_1163,CC(C)([C@H](NC(=O)OCc1ccccc1)C(=O)N[C@H]([CH]OC(F)F)Cc1ccccc1)S(C)(=O)=O,1,bioisostere,add-F,CCN(CC(C)C)S(=O)(=O)CC[C@@H]1O[C@@H]1[C@H](Cc1ccccc1)NC(=O)[C@@H](NC(=O)OCc1ccccc1)C(C)(C)S(C)(=O)=O,0 1 2 3 4,O=C(CNC(=O)OCc1ccccc1)N[C@@H](Cc1ccccc1)[C@@H]1CO1,train,511.5670000000002,3.2330900000000025,0.4527885817414484,35,72
subcategory_bioisostere.add-F_953,COc1ccc(-c2ccc(-c3nc(C)c(C(=O)OC(F)(F)F)s3)s2)cc1,1,bioisostere,add-F,CCOC(=O)c1sc(-c2ccc(-c3ccc(OC)cc3)s2)nc1C,0 1 2 3 4 5 6 7 8 9 10 11 12 13 14 16 17 18 19 20 21 22 23 24 25,c1ccc(-c2ccc(-c3nccs3)s2)cc1,test,399.41499999999996,5.532220000000002,0.5412633490735588,26,49
subcategory_bioisostere.add-F_27,CC(C)=CC(=O)[C@H](O)[C@H](C)[C@@H]1CC[C@]2(C)C3=CC[C@H]4C(C)(C)C(=O)CC[C@]4(C)[C@H]3CC[C@@]12C,0,authentic,authentic,,,O=C1CCC2[C@@H](CC=C3C4CCCC4CC[C@@H]32)C1,test,454.69500000000033,6.6930000000000085,0.38004080194886153,33,94
subcategory_bioisostere.add-F_644,COc1cc2c(cc1OC)C(=O)C(CC1(F)CC3CCC(C1)N3Cc1cc(F)c(F)cc1F)C2,0,authentic,authentic,,,O=C1c2ccccc2CC1CC1CC2CCC(C1)N2Cc1ccccc1,train,477.4980000000002,5.401500000000006,0.41256984925117274,34,59
subcategory_bioisostere.add-F_704,O=S(=O)(NCC1CC2(c3ccc(F)cc3)NC1CCC2NCc1cc(OC(F)(F)F)ccc1OC1CC1)c1ccccc1,0,authentic,authentic,,,O=S(=O)(NCC1CC2(c3ccccc3)NC1CCC2NCc1ccccc1OC1CC1)c1ccccc1,train,619.6810000000002,5.369600000000005,0.2504236238566354,43,71
subcategory_bioisostere.add-F_1392,CC(CN)Cc1ccc(F)c(OC(F)F)c1,1,bioisostere,add-F,CC(CN)Cc1ccc(F)c(OCC2CCCCC2)c1,0 1 2 3 4 5 6 7 8 9 11 12 13 14,c1ccc(OCC2CCCCC2)cc1,train,233.23299999999995,2.564400000000001,0.8478466219623466,16,26
subcategory_bioisostere.add-F_1087,CC(C)=C(c1ccc(C(=O)OC(F)F)cc1)c1ccc2c(c1)C(C)(C)CCC2(C)C,1,bioisostere,add-F,CC(C)=C(c1ccc(C(=O)O)cc1)c1ccc2c(c1)C(C)(C)CCC2(C)C,0 1 2 3 4 5 6 7 9 10 11 12 13 14 15 16 17 18 19 20 21 22 23 24 25 26 27 28 29,C=C(c1ccccc1)c1ccc2c(c1)CCCC2,train,412.52000000000027,7.256700000000007,0.4941682710613965,30,56
subcategory_bioisostere.add-F_992,CCCCc1oc2ccccc2c1C(=O)c1ccc(OC(F)(F)F)cc1,1,bioisostere,add-F,CCCCc1oc2ccccc2c1C(=O)c1ccc(OCCCN(C)C)cc1,0 1 2 3 4 5 6 7 8 9 10 11 12 13 14 15 16 17 19 20 21 22 23 24,O=C(c1ccccc1)c1coc2ccccc12,train,362.347,5.905000000000004,0.5122109260950776,26,41
subcategory_bioisostere.add-F_959,Oc1cc(-c2nc3n(c2-c2ccc4c(c2)OCO4)CCS3)ccc1OCC(F)(F)F,1,bioisostere,add-F,c1cc2c(cc1-c1nc3n(c1-c1ccc4c(c1)OCO4)CCS3)OCO2,0 1 2 3 4 5 6 7 8 9 10 11 12 13 14 15 16 17 18 19 20 21 22 24 25 26 27 28,c1cc2c(cc1-c1nc3n(c1-c1ccc4c(c1)OCO4)CCS3)OCO2,test,436.4110000000001,4.698200000000003,0.6398354330144936,30,52
subcategory_bioisostere.add-F_426,CC(C)(C)c1ccc(S(=O)(=O)N2CCN(C(=O)c3cnccn3)CC2)cc1,0,authentic,authentic,,,O=C(c1cnccn1)N1CCN(S(=O)(=O)c2ccccc2)CC1,train,388.49300000000005,1.9207999999999998,0.8021469179118346,27,50
subcategory_bioisostere.add-F_112,Cc1cnc(NC(=O)C2=C(OCCCC(=O)O)c3ccccc3S(=O)(=O)N2)s1,0,authentic,authentic,,,O=C(Nc1nccs1)C1=Cc2ccccc2S(=O)(=O)N1,train,423.47200000000004,1.93212,0.5792433588335342,28,51
subcategory_bioisostere.add-F_1374,CCC(Cn1cncn1)(OC(F)F)c1ccc(F)cc1,1,bioisostere,add-F,CCC(O)(Cn1cncn1)c1ccc(F)cc1,0 1 3 4 5 6 7 8 9 10 11 12 13 14 15 16 17 18 19,c1ccc(CCn2cncn2)cc1,train,285.269,2.961900000000001,0.8188885320995452,20,32
subcategory_bioisostere.add-F_1365,CC(C)(CCc1ccc(OC(F)F)cc1)NCC(O)COc1ccccc1,1,bioisostere,add-F,COc1ccc(CCC(C)(C)NCC(O)COc2ccccc2)cc1,0 1 2 3 4 5 6 7 9 10 11 12 13 14 15 16 17 18 19 20 21 22 23 24 25 26,c1ccc(CCCNCCCOc2ccccc2)cc1,train,379.4470000000001,4.028700000000002,0.6189882265132999,27,41
subcategory_bioisostere.add-F_377,CN1CCC2(CC1)O[C@@H](c1cccc(F)c1)c1ccccc12,0,authentic,authentic,,,c1ccc([C@@H]2OC3(CCNCC3)c3ccccc32)cc1,val,297.37300000000005,3.8662000000000027,0.7921274890969987,22,41
subcategory_bioisostere.add-F_17,O=C1CCc2c(-c3ccc(F)cc3F)cc(OCCN3CCNCC3)cc2N1c1c(Cl)cccc1Cl,0,authentic,authentic,,,O=C1CCc2c(-c3ccccc3)cc(OCCN3CCNCC3)cc2N1c1ccccc1,train,532.4180000000003,5.833500000000005,0.4339932093350225,36,58
subcategory_bioisostere.add-F_835,FC(F)(F)Oc1ccc(Cc2ccccc2)cc1,1,bioisostere,add-F,N#CSCCOc1ccc(Cc2ccccc2)cc1,0 1 2 3 4 6 7 8 9 10 11 12 13 14 15 16,c1ccc(Cc2ccccc2)cc1,train,252.235,4.176000000000003,0.7959561585655188,18,28
subcategory_bioisostere.add-F_1366,[2H]C1([2H])CN(C2=Nc3ccccc3Sc3ccccc32)CC([2H])([2H])N1CCOC(F)(F)F,1,bioisostere,add-F,[2H]C1([2H])CN(C2=Nc3ccccc3Sc3ccccc32)CC([2H])([2H])N1CCOCCO,3 4 5,c1ccc2c(c1)N=C(N1CCNCC1)c1ccccc1S2,train,411.48540711200013,4.383500000000003,0.7492713453894018,28,65
subcategory_bioisostere.add-F_875,O=C(NCC1(N2CCN(C3CCCC3)CC2)CCCCC1)c1ccccc1OC(F)F,1,bioisostere,add-F,CCOc1ccccc1C(=O)NCC1(N2CCN(C3CCCC3)CC2)CCCCC1,0 1 2 3 4 5 6 7 8 9 10 11 12 13 14 15 16 17 18 19 20 21 22 23 24 25 27 28 29,O=C(NCC1(N2CCN(C3CCCC3)CC2)CCCCC1)c1ccccc1,train,435.55900000000014,4.280900000000003,0.6944213970510169,31,48
subcategory_bioisostere.add-F_576,CCCn1c(C=CC(O)CC(O)CC(=O)O)c(-c2ccc(F)cc2)c2ccccc21,0,authentic,authentic,,,c1ccc(-c2c[nH]c3ccccc23)cc1,train,411.473,4.457200000000003,0.48559373178392684,30,51
subcategory_bioisostere.add-F_1580,O=C1CC[C@H](NC(=O)C(Cc2ccccc2)NC(=O)OC(F)(F)F)C(=O)N[C@@H](CC2CCCCC2)[C@@H](O)C(=O)OCCO1,1,bioisostere,add-F,CC(C)(C)OC(=O)NC(Cc1ccccc1)C(=O)N[C@H]1CCC(=O)OCCOC(=O)[C@H](O)[C@H](CC2CCCCC2)NC1=O,17 19 20 21 22 23,O=C(CCc1ccccc1)N[C@H]1CCC(=O)OCCOC(=O)C[C@H](CC2CCCCC2)NC1=O,test,615.6020000000003,2.0248,0.26487501958882304,43,88
subcategory_bioisostere.add-F_1034,CCCc1c(OC(F)(F)F)nc2nc(C(=O)c3ccccc3)cn2c1CC,1,bioisostere,add-F,CCCc1c(OC)nc2nc(C(=O)c3ccccc3)cn2c1CC,0 1 2 3 5 6 7 8 9 10 11 12 13 14 15 16 17 18 19 20 21 22 23 24 25 26,O=C(c1ccccc1)c1cn2cccnc2n1,train,377.3660000000001,4.373800000000004,0.598665491333184,27,44
subcategory_bioisostere.add-F_545,Cl.Cl.O=C(O)COCCN1CCN(C(c2ccc(F)cc2)C2C=CC(F)=CC2)CC1,0,authentic,authentic,,,C1=CCC(C(c2ccccc2)N2CCNCC2)C=C1,train,465.36800000000017,3.8587000000000033,0.5915045374019289,30,53
subcategory_bioisostere.add-F_1548,O=c1cc(-c2ccc(OCC(F)(F)F)cc2)oc2ccccc12,1,bioisostere,add-F,CC(C)(C)NCC(O)COc1ccc(-c2cc(=O)c3ccccc3o2)cc1,0 1 2 3 4 5 6 8 9 10 11 12 13 14 15 16 17 18 19 20 21 22,O=c1cc(-c2ccccc2)oc2ccccc12,train,320.266,4.401100000000002,0.7178129944787416,23,39
subcategory_bioisostere.add-F_848,O[C@@H]1[C@@H](OC(F)(F)F)CCC[C@H]1N1CCC(c2ccccc2)CC1,1,bioisostere,add-F,CO[C@H]1CCC[C@@H](N2CCC(c3ccccc3)CC2)[C@@H]1O,0 1 3 4 5 6 7 8 9 10 11 12 13 14 15 16 17 18 19 20 21 22 23,c1ccc(C2CCN(C3CCCCC3)CC2)cc1,train,343.38900000000007,3.684400000000003,0.9086334625366053,24,52
subcategory_bioisostere.add-F_1338,Cc1nccn1-c1ccc(-c2cccn3c(O)nc(C(=O)OCC(F)(F)F)c23)cc1,1,bioisostere,add-F,COC(=O)c1nc(O)n2cccc(-c3ccc(-n4ccnc4C)cc3)c12,3 4 5 6,c1cc(-c2ccc(-n3ccnc3)cc2)c2cncn2c1,train,416.35900000000015,3.9201200000000025,0.5102398092257474,30,53
subcategory_bioisostere.add-F_1538,CC(=O)Nc1ccc(N(C)c2cccc(OCC(F)(F)F)c2)cc1,1,bioisostere,add-F,COc1cccc(N(C)c2ccc(NC(C)=O)cc2)c1,0 1 2 3 4 5 6 7 8 9 10 11 12 13 15 16 17 18 19 20 21 22 23,c1ccc(Nc2ccccc2)cc1,train,338.32899999999995,4.354000000000003,0.8809372963185492,24,41
subcategory_bioisostere.add-F_607,CC(=O)O.CN(CC1CCCCN1)C(=O)c1cc(OCC(F)(F)F)ccc1OCC(F)(F)F,0,authentic,authentic,,,O=C(NCC1CCCCN1)c1ccccc1,train,488.4250000000001,3.873800000000002,0.5669764645363363,33,56
subcategory_bioisostere.add-F_1514,O=C(c1ccccc1OCC(F)(F)F)N1CCNCC1,1,bioisostere,add-F,O=C(c1ccccc1OCc1cccc(F)c1)N1CCNCC1,0 1 2 3 4 5 6 8 9 10 11 12 13 14 15 16 17 18 19,O=C(c1ccccc1OCc1ccccc1)N1CCNCC1,train,288.26899999999995,1.6731,0.9197183648041477,20,31
subcategory_bioisostere.add-F_862,Cc1cccc(COF)c1NC(=O)c1ccc(N)cc1,1,bioisostere,add-F,Cc1cccc(CO)c1NC(=O)c1ccc(N)cc1,6 7 8,O=C(Nc1ccccc1)c1ccccc1,train,274.295,3.23062,0.8411917802944457,20,31
subcategory_bioisostere.add-F_757,NCCOc1ccc(/C(=C(/CCN)c2ccccc2)c2ccccc2)cc1,0,authentic,authentic,,,C(=C(c1ccccc1)c1ccccc1)c1ccccc1,train,358.485,4.332000000000003,0.5892022342854482,27,42
subcategory_bioisostere.add-F_631,COc1ccc(Cl)cc1C(=O)NCCc1ccc(S(=O)(=O)N(I)C(=O)NC2CCCCC2)cc1,0,authentic,authentic,,,O=C(NC1CCCCC1)NS(=O)(=O)c1ccc(CCNC(=O)c2ccccc2)cc1,train,619.9089999999998,4.704100000000004,0.3292830028624022,34,59
subcategory_bioisostere.add-F_964,O=C(O)Cn1c(=O)on(C/C=C(\c2ccccc2)c2cccc(OC(F)F)c2)c1=O,1,bioisostere,add-F,Cc1oc(-c2ccc(C(F)(F)F)cc2)nc1COc1cccc(/C(=C/Cn2oc(=O)n(CC(=O)O)c2=O)c2ccccc2)c1,3 4,O=c1[nH]c(=O)n(C/C=C(\c2ccccc2)c2cccc(OCc3coc(-c4ccccc4)n3)c2)o1,train,418.3520000000001,2.4209000000000005,0.6026964879233488,30,54
subcategory_bioisostere.add-F_1532,CO[C@H]1CC(O[C@H]2CC[C@@]3(C)[C@H](CC[C@@H]4[C@@H]3CC[C@]3(C)[C@@H](C5=CC(=O)OC5)[C@@H](OC(F)F)C[C@]43O)C2)O[C@H](C)[C@H]1O,1,bioisostere,add-F,CO[C@H]1CC(O[C@H]2CC[C@@]3(C)[C@H](CC[C@@H]4[C@@H]3CC[C@]3(C)[C@@H](C5=CC(=O)OC5)[C@@H](OC(C)=O)C[C@]43O)C2)O[C@H](C)[C@H]1O,27 28 29 30 31,O=C1C=C([C@H]2CCC3C2CC[C@@H]2C4CC[C@H](OC5CCCCO5)C[C@H]4CC[C@@H]32)CO1,test,584.6970000000003,4.357100000000004,0.3508975213135776,41,123
subcategory_bioisostere.add-F_1003,Cc1ccc(NC(=O)Nc2cc(C(C)(C)C)[nH]c2C(=O)OCC(F)(F)F)cc1,1,bioisostere,add-F,COC(=O)c1[nH]c(C(C)(C)C)cc1NC(=O)Nc1ccc(C)cc1,0 1 2 3 4 5 6 7 8 9 10 11 12 13 14 15 16 17 19 20 21 22 23 24 25 26 27,O=C(Nc1ccccc1)Nc1cc[nH]c1,val,397.3970000000001,4.9837200000000035,0.6362260205887951,28,53
subcategory_bioisostere.add-F_1172,COc1ccc2c(c1)CCC=C2CCCN1CCN(c2ccccc2OC(F)(F)F)CC1,1,bioisostere,add-F,COc1ccc2c(c1)CCC=C2CCCN1CCN(c2ccccc2OC)CC1,24 25 26 27 28 29,C1=C(CCCN2CCN(c3ccccc3)CC2)c2ccccc2CC1,test,446.5130000000001,5.525800000000006,0.5587654928407548,32,49
subcategory_bioisostere.add-F_981,CN1CCN(c2cc3c(cc2F)c(=O)c(C(=O)OCC(F)(F)F)cn3N)CC1,1,bioisostere,add-F,CN1CCN(c2cc3c(cc2F)c(=O)c(C(=O)O)cn3N)CC1,2 3 4 5 6,O=c1cc[nH]c2cc(N3CCNCC3)ccc12,train,402.34800000000007,1.3253,0.47406635022097404,28,50
subcategory_bioisostere.add-F_143,C[C@H](N1CCC(=C(c2ccccc2)c2ccccc2)CC1)[C@@](O)(Cn1cncn1)c1ccc(F)cc1F,0,authentic,authentic,,,c1ccc(C(=C2CCN(CC(Cn3cncn3)c3ccccc3)CC2)c2ccccc2)cc1,train,500.5930000000003,5.430500000000006,0.3677261743828678,37,68
subcategory_bioisostere.add-F_972,O=C1[C@H](CC[C@H](O)c2ccc(F)cc2)[C@@H](c2ccc(OC(F)F)cc2)N1c1ccccc1,1,bioisostere,add-F,O=C(COc1ccc([C@@H]2[C@@H](CC[C@H](O)c3ccc(F)cc3)C(=O)N2c2ccccc2)cc1)NCCO,0 1 2 3 4 5 6 7 8 9 10 11 12 13 14 15 16 17 19 20 21 22 23 24 25 26 27 28 29 30 31,O=C1[C@H](CCCc2ccccc2)[C@@H](c2ccccc2)N1c1ccccc1,train,441.44900000000007,5.645000000000005,0.4601476361965618,32,66
subcategory_bioisostere.add-F_1053,C[C@H](C#N)Cc1ccc(-c2ccc(COCC(F)(F)F)c(C3CCN(C4COC4)CC3)c2)cc1F,1,bioisostere,add-F,C[C@H](C#N)Cc1ccc(-c2ccc3c(c2)C2(CCN(C4COC4)CC2)OC3)cc1F,13 14 15 16 17 18 19,c1ccc(-c2ccc3c(c2)C2(CCN(C4COC4)CC2)OC3)cc1,test,490.5410000000003,5.8519800000000055,0.43560956955958596,35,63
subcategory_bioisostere.add-F_152,COc1cnc(CSc2nc3cc4c(cc3[nH]2)OC(F)(F)C(F)(F)O4)c(C)c1OC,0,authentic,authentic,,,c1ccc(CSc2nc3cc4c(cc3[nH]2)OCCO4)nc1,train,445.3940000000002,4.532620000000002,0.45661570056484957,30,55
subcategory_bioisostere.add-F_467,C=NC1=Nc2cc(Cl)ccc2Nc2ccccc21,0,authentic,authentic,,,C1=Nc2ccccc2Nc2ccccc21,train,255.70800000000003,4.175900000000002,0.7047886234923891,18,29
subcategory_bioisostere.add-F_531,Cc1cc(C)c(S(=O)(=O)N2CCN(C(=O)c3cnc(C)cn3)CC2)c(C)c1,0,authentic,authentic,,,O=C(c1cnccn1)N1CCN(S(=O)(=O)c2ccccc2)CC1,train,388.49300000000017,1.8569799999999999,0.801360204126436,27,52
subcategory_bioisostere.add-F_485,Cl.O=C1Nc2ccc(Cl)c(F)c2[C@]2(CCNC2)O1,0,authentic,authentic,,,O=C1Nc2ccccc2[C@]2(CCNC2)O1,test,293.125,2.651600000000001,0.7728847162932861,18,37
subcategory_bioisostere.add-F_823,FC(F)OCCN1CCC(=C(c2ccccc2)c2ccccc2Cl)CC1,1,bioisostere,add-F,O=C(O)COCCN1CCC(=C(c2ccccc2)c2ccccc2Cl)CC1,3 4,c1ccc(C(=C2CCNCC2)c2ccccc2)cc1,train,377.8620000000001,5.476900000000004,0.6607931285790368,26,40
subcategory_bioisostere.add-F_1169,COC(=O)N1C(c2ccccc2)=NN=C(c2ccccc2)N1C(=O)OC(F)F,1,bioisostere,add-F,COC(=O)N1C(c2ccccc2)=NN=C(c2ccccc2)N1C(=O)OC,3 4,c1ccc(C2=NN=C(c3ccccc3)NN2)cc1,train,388.3300000000001,3.4532000000000025,0.8062529861112826,28,48
subcategory_bioisostere.add-F_730,COc1ccccc1OC(CCN)c1cccc(F)c1,0,authentic,authentic,,,c1ccc(COc2ccccc2)cc1,train,275.323,3.3032000000000012,0.8793448729181845,20,28
subcategory_bioisostere.add-F_140,Cc1c(CC(=O)O)c2cc3c(cc2n1C(=O)c1ccc(Cl)cc1)OCO3,0,authentic,authentic,,,O=C(c1ccccc1)n1ccc2cc3c(cc21)OCO3,train,371.77600000000007,3.647420000000001,0.7599987546582939,26,47
subcategory_bioisostere.add-F_39,COc1c(C)c2c(c(O)c1C/C=C(\C)CCC(=O)O[C@@H]1O[C@H](C(=O)O)[C@@H](O)[C@H](O)[C@H]1O)C(=O)OC2,0,authentic,authentic,,,O=C(CCC=CCc1ccc2c(c1)C(=O)OC2)O[C@H]1CCCCO1,train,496.46500000000015,0.0840199999999992,0.24111628694506806,35,89
subcategory_bioisostere.add-F_933,CCOc1cc2c(cc1OC(F)F)C(=O)C(F)(CC1CCN(CC3CCCC3)CC1)C2,1,bioisostere,add-F,CCOc1cc2c(cc1OCC)C(=O)C(F)(CC1CCN(CC3CCCC3)CC1)C2,0 1 2 3 4 5 6 7 9 10 11 12 13 14 15 16 17 18 19 20 21 22 23 24 25 26 27 28 29 30,O=C1c2ccccc2CC1CC1CCN(CC2CCCC2)CC1,train,439.5180000000004,5.426100000000005,0.5417776684447981,31,52
subcategory_bioisostere.add-F_1244,CN(C)CCC(O)(Cc1ccccc1)c1ccccc1Oc1ccc(F)cc1,1,bioisostere,add-F,CN(C)CCC(O)(Cc1ccccc1)c1ccccc1OCc1ccccc1.Cl,0 1 2 3 4 5 6 7 8 9 10 11 12 13 14 15 16 17 18 20 21 22 23 24 25 26,c1ccc(CCc2ccccc2OCc2ccccc2)cc1,train,379.47500000000014,5.000000000000004,0.5977938478591306,28,42
subcategory_bioisostere.add-F_1336,COc1cc2c(cc1OC(F)(F)F)CC(F)(CC1CCN(Cc3ccc(OCC4=CCCC=C4)cc3)CC1)C2=O,1,bioisostere,add-F,COc1cc2c(cc1OC)C(=O)C(F)(CC1CCN(Cc3ccc(OCC4=CCCC=C4)cc3)CC1)C2,7 8 9 10 11 12,O=C1c2ccccc2CC1CC1CCN(Cc2ccc(OCC3=CCCC=C3)cc2)CC1,train,559.6000000000001,6.998400000000006,0.30988512817483366,40,67
subcategory_bioisostere.add-F_1099,FC(F)(F)Oc1ccc(-c2cc3nc(N4CCCCC4)c4ccccc4c3nn2)cc1,1,bioisostere,add-F,COc1ccc(-c2cc3nc(N4CCCCC4)c4ccccc4c3nn2)cc1,0 1 2 3 4 5,c1ccc(-c2cc3nc(N4CCCCC4)c4ccccc4c3nn2)cc1,train,424.42600000000016,5.733900000000005,0.39306271371411866,31,50
subcategory_bioisostere.add-F_521,CN1CCN(Cc2cc(Nc3ccnc4cc(Cl)ccc34)ccc2F)CC1,0,authentic,authentic,,,c1cc(CN2CCNCC2)cc(Nc2ccnc3ccccc23)c1,train,384.88600000000014,4.5183000000000035,0.716293744090502,27,42
subcategory_bioisostere.add-F_1278,COc1c(C)cc(C(=O)OC(F)F)c(O)c1CC=C=C(C)CCC(=O)O,1,bioisostere,add-F,COc1c(C)c2c(c(O)c1CC=C=C(C)CCC(=O)O)C(=O)OC2,0 1 2 3 4 5 6 8 9 10 11 12 13 14 15 16 17 18 19 20 21 22 23 24 25,O=C1OCc2ccccc21,train,370.3480000000001,3.5973200000000016,0.5365055679399462,26,46
subcategory_bioisostere.add-F_203,CC(C)n1c(C=CCC(O)C(O)CC(=O)O)c(-c2ccc(F)cc2)c2ccccc21,0,authentic,authentic,,,c1ccc(-c2c[nH]c3ccccc23)cc1,train,411.47300000000007,4.628100000000003,0.5047877346321323,30,53
subcategory_bioisostere.add-F_1020,COc1cc(C(=O)c2ccc(CN3CCc4ccccc4C3)cc2)ccc1OC(F)F,1,bioisostere,add-F,COc1ccc(C(=O)c2ccc(CN3CCc4ccccc4C3)cc2)cc1OC,0 1 2 3 4 5 6 7 8 9 10 11 12 13 14 15 16 17 18 19 20 21 22 23 24 25 27 28 29,O=C(c1ccccc1)c1ccc(CN2CCc3ccccc3C2)cc1,train,423.45900000000006,5.085900000000004,0.4966926941135349,31,48
subcategory_bioisostere.add-F_773,COc1ccc2c(c1)c(CCC(=O)O)c(C)n2C(=O)c1ccc(-c2ccccc2)cc1,0,authentic,authentic,,,O=C(c1ccc(-c2ccccc2)cc1)n1ccc2ccccc21,test,413.47300000000007,5.331020000000004,0.4638050948561555,31,54
subcategory_bioisostere.add-F_934,CC(=O)Nc1cc(OC(F)(F)F)c(C(=O)NCCc2ccc(S(=O)(=O)NC(=O)NC3CCCCC3)cc2)cc1Cl,1,bioisostere,add-F,COc1cc(NC(C)=O)c(Cl)cc1C(=O)NCCc1ccc(S(=O)(=O)NC(=O)NC2CCCCC2)cc1,6 7 8 9 10 11,O=C(NC1CCCCC1)NS(=O)(=O)c1ccc(CCNC(=O)c2ccccc2)cc1,train,605.0350000000002,4.490100000000003,0.3321669052815942,40,72
subcategory_bioisostere.add-F_571,CN1C(NC(=N)N)=NC(=O)/C1=C/c1cc(C(C)(C)C)c(O)c(C(C)(C)C)c1,0,authentic,authentic,,,O=C1N=CN/C1=C\c1ccccc1,train,371.4850000000002,2.639170000000001,0.344105024203064,27,57
subcategory_bioisostere.add-F_347,Cc1cc(=O)oc2c3c(c(CN)cc12)OC(C)(C)[C@H](OC(=O)C12CCC(C)(C(=O)O1)C2(C)C)[C@@H]3OC(=O)C12CCC(C)(C(=O)O1)C2(C)C,0,authentic,authentic,,,O=C1OC2(C(=O)O[C@H]3COc4ccc5ccc(=O)oc5c4[C@H]3OC(=O)C34CCC(C3)C(=O)O4)CCC1C2,train,665.7360000000001,4.471020000000004,0.27041569056786735,48,108
subcategory_bioisostere.add-F_1578,Oc1cc(OC[C@@H]2C[NH2+]CC[C@H]2c2ccc(F)cc2)ccc1OC(F)F,1,bioisostere,add-F,[2H]C1([2H])Oc2ccc(OC[C@@H]3C[NH2+]CC[C@H]3c3ccc(F)cc3)cc2O1,1 2 3 4 9,c1ccc([C@@H]2CC[NH2+]C[C@H]2COc2ccc3c(c2)OCO3)cc1,train,368.375,2.8786000000000014,0.8244825801867591,26,52
subcategory_bioisostere.add-F_1190,CC1(C)[C@@H](NC(=O)c2cc(Cl)ccc2OCC(F)(F)F)[C@@H]1c1ccc(S(N)(=O)=O)cc1,1,bioisostere,add-F,COc1ccc(Cl)cc1C(=O)N[C@H]1[C@H](c2ccc(S(N)(=O)=O)cc2)C1(C)C,0 1 2 3 4 5 6 7 8 9 10 11 12 14 15 16 17 18 19 20 21 22 23 24 25 26 27 28 29 30,O=C(N[C@@H]1C[C@H]1c1ccccc1)c1ccccc1,train,476.9040000000001,3.850500000000002,0.6611978408148144,31,69
subcategory_bioisostere.add-F_403,COc1ccc2c(c1)c(CC(=O)NCc1ccc(C(F)(F)F)nc1)c(C)n2C(=O)c1ccc(Cl)cc1,0,authentic,authentic,,,O=C(Cc1cn(C(=O)c2ccccc2)c2ccccc12)NCc1cccnc1,train,515.9190000000001,5.572920000000004,0.36406394635667927,36,65
subcategory_bioisostere.add-F_1387,CCc1oc(=O)c(Cc2c(O)cc(OCC(F)(F)F)c(C(=O)[C@@H](C)CC)c2O)c(O)c1C,1,bioisostere,add-F,C=C(C)[C@@H]1Cc2c(O)c(Cc3c(O)c(C)c(CC)oc3=O)c(O)c(C(=O)[C@@H](C)CC)c2O1,12 13 14 15 16 17 18,O=c1occcc1Cc1ccc2c(c1)CCO2,train,458.42900000000026,4.388120000000004,0.5024639912815254,32,63
subcategory_bioisostere.add-F_131,C=C(C)C=COC(=O)c1cc(S(N)(=O)=O)c(Cl)cc1NCc1ccco1,0,authentic,authentic,,,c1ccc(NCc2ccco2)cc1,train,396.8520000000001,3.4391000000000016,0.42091933264821135,26,48
subcategory_bioisostere.add-F_121,C[NH2+][C@@H](C)C(=O)N[C@@H](CCCC[NH3+])C(=O)N1CCC[C@H]1C(=O)N[C@@H](Cc1ccccc1)C(=O)O,0,authentic,authentic,,,O=C(NCCc1ccccc1)[C@@H]1CCCN1,train,477.6060000000002,-1.73179999999999,0.21312177685995526,34,85
subcategory_bioisostere.add-F_625,Cc1nc(-c2ccc(OCC(C)C)c(C#N)c2)sc1C(=O)NCCN(C(C)C)C(C)C.Cl,0,authentic,authentic,,,c1ccc(-c2nccs2)cc1,train,479.0900000000002,5.295400000000006,0.5011614128977535,32,57
subcategory_bioisostere.add-F_696,CCc1cnc(NC(=O)C2=C(O)c3ccc4ccccc4c3S(=O)(=O)N2C)s1,0,authentic,authentic,,,O=C(Nc1nccs1)C1=Cc2ccc3ccccc3c2S(=O)(=O)N1,val,415.49600000000015,3.358100000000001,0.683318156301146,28,50
subcategory_bioisostere.add-F_638,c1ccc2nc(CSc3ccc(OCCCc4nnn[nH]4)cc3)ccc2c1,0,authentic,authentic,,,c1ccc2nc(CSc3ccc(OCCCc4nnn[nH]4)cc3)ccc2c1,train,377.473,4.051800000000002,0.3686652023649589,27,42
subcategory_bioisostere.add-F_845,CCCc1nn(C)c2c(=O)[nH]c(-c3cc(S(=O)(=O)N4CCC(F)(F)CC4)ccc3OC(F)(F)F)nc12,1,bioisostere,add-F,CCCc1nn(C)c2c(=O)[nH]c(-c3cc(S(=O)(=O)N4CCC(F)(F)CC4)ccc3OCC)nc12,0 1 2 3 4 5 6 7 8 9 10 11 12 13 14 15 16 17 18 19 20 21 22 23 24 25 26 27 29 30 31 32 33 34 35,O=c1[nH]c(-c2cccc(S(=O)(=O)N3CCCCC3)c2)nc2cn[nH]c12,train,535.4950000000002,3.594500000000002,0.48341700614029964,36,71
subcategory_bioisostere.add-F_286,O=CCOCCNc1ccc(N2C[C@H](CNC(=O)c3ccc(Cl)s3)OC2=O)cc1F,0,authentic,authentic,,,O=C(NC[C@H]1CN(c2ccccc2)C(=O)O1)c1cccs1,train,455.89500000000015,2.9232000000000005,0.42211890523730716,30,52
subcategory_bioisostere.add-F_563,COc1ccc2c(c1OC)CN(C)CCc1cc3c(cc1C(=O)C2C)OCO3,0,authentic,authentic,,,O=C1Cc2ccccc2CNCCc2cc3c(cc21)OCO3,val,383.44400000000013,3.4068000000000023,0.7922309922489029,28,45
subcategory_bioisostere.add-F_1273,FC(F)OC1(c2nccs2)CCc2ccc(OCc3ccc4ccccc4c3)cc21,1,bioisostere,add-F,COC1(c2nccs2)CCc2ccc(OCc3ccc4ccccc4c3)cc21,0 1 2 3 5 6 7 8 9 10 11 12 13 14 15 16 17 18 19 20 21 22 23 24 25 26 27 28,c1ccc2cc(COc3ccc4c(c3)C(c3nccs3)CC4)ccc2c1,test,423.48400000000015,6.304300000000005,0.36445592203202426,30,46
subcategory_bioisostere.add-F_1067,CCCC(=O)N[C@H]1Cc2cccc3ccc(OF)c(c23)C1,1,bioisostere,add-F,CCCC(=O)N[C@H]1Cc2cccc3ccc(OC)c(c23)C1,0 1 2 3 4 5 6 7 8 9 10 11 12 13 14 16 17 18 19,c1cc2c3c(cccc3c1)CCC2,train,287.33400000000006,3.486600000000002,0.934521072796999,21,38
subcategory_bioisostere.add-F_1424,CC(=O)Oc1ccc2c3c1O[C@H]1[C@@H](OCC(F)(F)F)C=C[C@H]4[C@@H](C2)N(C)CC[C@@]341,1,bioisostere,add-F,CC(=O)Oc1ccc2c3c1O[C@H]1[C@@H](OS(=O)(=O)O)C=C[C@H]4[C@@H](C2)N(C)CC[C@@]341,12 13 14 15 16 17 18,C1=C[C@H]2[C@H]3Cc4cccc5c4[C@@]2(CCN3)[C@H](C1)O5,test,409.40400000000017,3.0044000000000013,0.4364913278900318,29,75
subcategory_bioisostere.add-F_395,OC1CN(C2CCCCC2O)CCC1c1ccccc1,0,authentic,authentic,,,c1ccc(C2CCN(C3CCCCC3)CC2)cc1,train,275.392,2.1403,0.8688852180551232,20,28
subcategory_bioisostere.add-F_1217,Cc1ccc(-c2cc(=O)c3ccc(OCC(O)CNF)cc3o2)cc1,1,bioisostere,add-F,Cc1ccc(-c2cc(=O)c3ccc(OCC(O)CNC(C)C)cc3o2)cc1,17 18 19,O=c1cc(-c2ccccc2)oc2ccccc12,train,343.354,2.9822200000000008,0.673433984950326,25,41
subcategory_bioisostere.add-F_295,CCOC(=O)C(CCc1ccccc1)NC(C(=O)N(C1CCCN(CC)C1)C(CCCCN)C(=O)O)C(C)C,0,authentic,authentic,,,O=C(CNCCCc1ccccc1)NC1CCCNC1,train,546.7530000000005,3.0602000000000036,0.2011382638281676,39,64
subcategory_bioisostere.add-F_566,COc1ccc(-n2nc(Sc3ccc(Cl)cc3)cc(CC[C@@H](C)NC(=O)[C@H]3CNC[C@@H]3c3ccc(C)cc3)c2=O)cc1,0,authentic,authentic,,,O=C(NCCCc1cc(Sc2ccccc2)nn(-c2ccccc2)c1=O)[C@H]1CNC[C@@H]1c1ccccc1,train,603.1880000000003,5.794620000000005,0.23883748426917364,42,84
subcategory_bioisostere.add-F_371,CC(C)(C)CCN1CC[C@H](c2ccc(F)cc2)[C@@H](COc2ccc3c(c2)OCO3)C1,0,authentic,authentic,,,c1ccc([C@H]2CCNC[C@@H]2COc2ccc3c(c2)OCO3)cc1,train,413.5330000000003,5.475100000000006,0.6278912868107007,30,59
subcategory_bioisostere.add-F_199,CC(C)[C@H]1[C@@H](OC(=O)N[C@@H](Cc2ccccc2)[C@H](O)CN2C[C@H]3CCCC[C@H]3C[C@H]2C(=O)NC(C)(C)C)CCS1(=O)=O,0,authentic,authentic,,,O=C(N[C@H](CCN1CC[C@@H]2CCCC[C@@H]2C1)Cc1ccccc1)O[C@H]1CCS(=O)(=O)C1,test,605.8420000000003,3.691900000000002,0.39217298229655323,42,102
subcategory_bioisostere.add-F_1119,CN(c1ccc(NC(=O)C2CC2)cc1)c1cccc(OC(F)(F)F)c1,1,bioisostere,add-F,COc1cccc(N(C)c2ccc(NC(=O)C3CC3)cc2)c1,18 19 20 21 22 23,O=C(Nc1ccc(Nc2ccccc2)cc1)C1CC1,val,350.34,4.701600000000003,0.8496751402501994,25,44
subcategory_bioisostere.add-F_1327,FC(F)(F)Oc1cccc2c1N[C@H](c1c[nH]c3ccc(Br)cc13)[C@@H]1CCO[C@H]21,1,bioisostere,add-F,COc1cccc2c1N[C@H](c1c[nH]c3ccc(Br)cc13)[C@@H]1CCO[C@H]21,0 1 2 3 4 6 7 8 9 10 11 12 13 14 15 16 17 18 19 20 21 22 23 24 25 26 27,c1ccc2c(c1)N[C@H](c1c[nH]c3ccccc13)[C@@H]1CCO[C@H]21,train,453.2580000000002,6.073400000000003,0.49513456716653215,28,63
subcategory_bioisostere.add-F_52,O=C(O)C1=CNC2=C(/C=N/c3ccccc3C(=O)O)CCCN2C1=O,0,authentic,authentic,,,O=C1C=CNC2=C(/C=N/c3ccccc3)CCCN12,train,341.32300000000015,1.4928000000000001,0.5637750763511781,25,45
subcategory_bioisostere.add-F_410,O=C1CCc2c(OCC3=CCN(c4ccc(Cl)cc4F)CC3)cc(F)c(F)c2N1,0,authentic,authentic,,,O=C1CCc2c(cccc2OCC2=CCN(c3ccccc3)CC2)N1,train,422.8340000000001,4.8575000000000035,0.7155183110364324,29,50
subcategory_bioisostere.add-F_46,CCCCc1nc(C(=O)NCc2ccc(-c3ccccc3-c3nn[nH]n3)cc2)c(C(O)C(C)(C)C)[nH]1,0,authentic,authentic,,,O=C(NCc1ccc(-c2ccccc2-c2nn[nH]n2)cc1)c1c[nH]cn1,train,487.6080000000002,4.608900000000003,0.27253006659152207,36,67
subcategory_bioisostere.add-F_1409,O=C(CCc1ccccc1)c1ccccc1OC(F)F,1,bioisostere,add-F,CCN1CCN(CC(O)COc2ccccc2C(=O)CCc2ccccc2)CC1,3 4,O=C(CCc1ccccc1)c1ccccc1OCCCN1CCNCC1,train,276.282,4.103500000000002,0.7422910593246848,20,29
subcategory_bioisostere.add-F_1215,CC(C)N(C(=O)CN1C(=O)C(NC(=O)Nc2cccc(C(=O)O)c2)[N+]([O-])=C(C2CCCCC2)c2ccccc21)c1ccc(OC(F)(F)F)cc1,1,bioisostere,add-F,COc1ccc(N(C(=O)CN2C(=O)C(NC(=O)Nc3cccc(C(=O)O)c3)[N+]([O-])=C(C3CCCCC3)c3ccccc32)C(C)C)cc1,42 43 44 45 46 47,O=C(CN1C(=O)C(NC(=O)Nc2ccccc2)[NH+]=C(C2CCCCC2)c2ccccc21)Nc1ccccc1,train,695.6950000000005,6.099100000000005,0.18063236209035094,50,97
subcategory_bioisostere.add-F_1423,CC(OC(F)F)n1cnc2c(=O)[nH]c(N)nc21,1,bioisostere,add-F,C#CC(O)C(F)(CO)OC(C)n1cnc2c(=O)[nH]c(N)nc21,0 2 3 4 5 6 7 8 9 10 11 12 13 14 15,O=c1[nH]cnc2[nH]cnc12,train,245.189,0.45949999999999985,0.8179019186096631,17,33
subcategory_bioisostere.add-F_374,O=C1CCc2cc(OCCCCN3CCN(c4cccc(Cl)c4Cl)CC3)ccc2N1,0,authentic,authentic,,,O=C1CCc2cc(OCCCCN3CCN(c4ccccc4)CC3)ccc2N1,val,448.3940000000002,4.859300000000005,0.6149801508040519,30,47
subcategory_bioisostere.add-F_1158,COc1cc(OC[C@@H]2CN(Cc3ccccc3)CC[C@H]2c2ccccc2)ccc1OCC(F)(F)F,1,bioisostere,add-F,Cl.c1ccc(CN2CC[C@@H](c3ccccc3)[C@H](COc3ccc4c(c3)OCO4)C2)cc1,0 1 2 3 4 5 6 7 8 9 10 11 12 13 14 15 16 17 18 19 20 21 22 23 24 25 26 27 29 30 31 32 33,c1ccc(CN2CC[C@@H](c3ccccc3)[C@H](COc3ccc4c(c3)OCO4)C2)cc1,train,485.54600000000016,6.321000000000006,0.35491162456762776,35,60
subcategory_bioisostere.add-F_270,CC(/C=C/C(=O)C1=C(O)CN(C)C1=O)=C\C1CCCCO1,0,authentic,authentic,,,O=C(/C=C/C=C/C1CCCCO1)C1=CCNC1=O,train,291.34700000000004,1.9111999999999998,0.48795180228812507,21,41
subcategory_bioisostere.add-F_952,NS(=O)(=O)Oc1ccc(-c2ccc(C(=O)OC(F)F)cc2)cc1,1,bioisostere,add-F,CCCOC(=O)c1ccc(-c2ccc(OS(N)(=O)=O)cc2)cc1,0 1 2 3 4 5 6 7 8 9 10 11 12 14 15 16 17 18 19 20 21 22,c1ccc(-c2ccccc2)cc1,train,343.307,2.3153000000000006,0.840667633113777,23,43
subcategory_bioisostere.add-F_1150,Cc1c(C)n(C(=O)c2ccc(Cl)cc2)c2ccc(OC(F)F)cc12,1,bioisostere,add-F,COc1ccc2c(c1)c(C)c(C)n2C(=O)c1ccc(Cl)cc1,0 1 2 3 4 5 6 7 8 9 10 11 12 13 14 15 16 18 19 20 21 22,O=C(c1ccccc1)n1ccc2ccccc21,train,349.76400000000007,5.2014400000000025,0.6503027583906454,24,44
subcategory_bioisostere.add-F_1287,COc1cc2c(CCN(C)C)c[nH]c2c(OC)c1OC(F)F,1,bioisostere,add-F,COc1cc2c(CCN(C)C)c[nH]c2c(OC)c1OC,3 4,c1ccc2[nH]ccc2c1,train,314.332,2.890600000000001,0.8534746686315228,22,37
subcategory_bioisostere.add-F_110,CC(C)(C)c1ccc(CN(CC/C=C/c2ccccc2)n2cnnc2)cc1,0,authentic,authentic,,,C(=C\c1ccccc1)/CCN(Cc1ccccc1)n1cnnc1,val,360.505,4.817300000000004,0.6057904411253571,27,44
subcategory_bioisostere.add-F_1396,CCCCCCNS(=O)(=O)c1ccc(OCC(F)(F)F)c(-c2nc3c(C)nn(CC)c3c(=O)[nH]2)c1,1,bioisostere,add-F,CCCCCCNS(=O)(=O)c1ccc(OCCC)c(-c2nc3c(C)nn(CC)c3c(=O)[nH]2)c1,13 14 15 16 17 18 19,O=c1[nH]c(-c2ccccc2)nc2cn[nH]c12,train,515.5580000000002,3.914620000000003,0.37388694927399385,35,66
subcategory_bioisostere.add-F_8,C=C(c1ccccc1)c1cc(CC)ccc1O,0,authentic,authentic,,,C=C(c1ccccc1)c1ccccc1,train,224.30299999999994,4.016100000000003,0.8345720744280014,17,26
subcategory_bioisostere.add-F_549,CCCCc1ccc(OC)c(C(=O)NC[C@@H]2CCCN2CC)c1O,0,authentic,authentic,,,O=C(NC[C@@H]1CCCN1)c1ccccc1,train,334.4600000000001,2.957500000000002,0.7671710580014712,24,40
subcategory_bioisostere.add-F_1511,COc1cc(C2=C(C)C(=O)NC2)ccc1OC(F)F,1,bioisostere,add-F,COc1ccc(C2=C(C)C(=O)NC2)cc1OC,14 15 16 17 18,O=C1C=C(c2ccccc2)CN1,train,269.247,2.1999000000000004,0.9111558078519931,19,33
subcategory_bioisostere.add-F_481,COc1ccc(C(=O)N[C@H](C(=O)N2CCC[C@H]2C(=O)N[C@H](C(=O)C(F)(F)CNCc2ccccc2)C(C)C)C(C)C)cc1.O=C(O)C(F)(F)F,0,authentic,authentic,,,O=C(CCNCc1ccccc1)CNC(=O)[C@@H]1CCCN1C(=O)CNC(=O)c1ccccc1,train,714.7290000000003,4.2089000000000025,0.21253856801388246,50,102
subcategory_bioisostere.add-F_688,CCOC(=O)[C@H](CCc1ccccc1)NC(C)C(=O)N1CC2(C[C@H]1C(=O)O)OCCCO2,0,authentic,authentic,,,O=C(CNCCCc1ccccc1)N1CCC2(C1)OCCCO2,val,448.5160000000004,1.3477000000000006,0.5443554972785276,32,61
subcategory_bioisostere.add-F_669,Cc1ccc(/C=C/C(=O)NCCCCNc2ccnc3cc(Cl)ccc23)cc1,0,authentic,authentic,,,O=C(/C=C/c1ccccc1)NCCCCNc1ccnc2ccccc12,val,393.91800000000006,5.218320000000004,0.4072646382805867,28,45
subcategory_bioisostere.add-F_863,Cc1nccn1-c1ccc(-c2cccn3c(O)nc(C(=O)OC(F)F)c23)cc1,1,bioisostere,add-F,COC(=O)c1nc(O)n2cccc(-c3ccc(-n4ccnc4C)cc3)c12,3 4,c1cc(-c2ccc(-n3ccnc3)cc2)c2cncn2c1,train,384.3420000000001,3.580420000000002,0.5441092945208056,28,49
subcategory_bioisostere.add-F_903,NS(=O)(=O)c1cc(CCNC(=O)c2cc(Cl)ccc2OC(F)(F)F)ccc1-c1ccc(Cl)cc1,1,bioisostere,add-F,COc1ccc(Cl)cc1C(=O)NCCc1ccc(-c2ccc(Cl)cc2)c(S(N)(=O)=O)c1,0 1 2 3 4 5 6 7 8 9 10 11 12 13 14 15 16 17 19 20 21 22 23 24 25 26 27 28 29 30 31 32 33,O=C(NCCc1ccc(-c2ccccc2)cc1)c1ccccc1,train,533.3550000000001,5.178900000000004,0.4375703271438426,34,62
subcategory_bioisostere.add-F_611,CC(C)(C)Nc1cccnc1N1CCN(C(=O)c2cc3ccccc3[nH]2)CC1,0,authentic,authentic,,,O=C(c1cc2ccccc2[nH]1)N1CCN(c2ccccn2)CC1,train,377.4920000000001,3.7357000000000022,0.7298851934125267,28,48
subcategory_bioisostere.add-F_506,CC1CC(O)C(n2cnc(C(N)=O)n2)O1,0,authentic,authentic,,,c1ncn(C2CCCO2)n1,train,212.20899999999997,-0.9547000000000003,0.6571068807521795,15,28
subcategory_bioisostere.add-F_288,CCCCOC[C@@H]1O[C@H](n2ccc(NC)nc2=O)CS1,0,authentic,authentic,,,O=c1ncccn1[C@@H]1CSCO1,train,299.3960000000001,1.6898000000000002,0.7729866290615666,20,38
subcategory_bioisostere.add-F_994,CC1(C)c2cc(OCC(F)(F)F)ccc2C(=O)c2c1oc1ccc(F)cc21,1,bioisostere,add-F,CCN(CC)CCOc1ccc2c(c1)C(C)(C)c1oc3ccc(F)cc3c1C2=O,0 1 2 3 4 6 7 8 9 10 11 12 13 14 15 16 17 18 19 20 21 22 23 24 25 26,O=C1c2ccccc2Cc2oc3ccccc3c21,train,378.3210000000001,5.383300000000004,0.562015307937091,27,48
subcategory_bioisostere.add-F_49,Cc1cccc(N2CCN(CCCCOc3ccc4c(c3)NC(=O)CC4)CC2)c1C,0,authentic,authentic,,,O=C1CCc2ccc(OCCCCN3CCN(c4ccccc4)CC3)cc2N1,train,407.5580000000003,4.169340000000003,0.699967705327969,30,47
subcategory_bioisostere.add-F_361,CC(C)SC[C@H](O)[C@H](CC12CC3CC(CC(C3)C1)C2)NC(=O)[C@H](C)NC(=O)[C@H](Cc1ccccc1)NC(=O)OC(C)(C)C,0,authentic,authentic,,,O=C(CCc1ccccc1)NCC(=O)NCCC12CC3CC(CC(C3)C1)C2,train,615.8810000000001,5.220900000000004,0.2418505274207883,43,94
subcategory_bioisostere.add-F_597,COC[C@H]1O[C@@H](n2cnc(C(C)=O)n2)[C@H](O)[C@@H]1O,0,authentic,authentic,,,c1ncn([C@H]2CCCO2)n1,train,257.246,-1.2537,0.6485815085715325,18,49
subcategory_bioisostere.add-F_220,COc1ccc2c3c1OC1C(O)C=CC4C(C2)N(C2CCCCC2O)CCC341,0,authentic,authentic,,,C1=CC2C3Cc4cccc5c4C2(CCN3C2CCCCC2)C(C1)O5,train,383.4880000000003,2.1748000000000003,0.7668102234701527,28,47
subcategory_bioisostere.add-F_246,O=C(NC[C@H]1CN(c2ccc(N3CCCN(CCO)C3=O)cc2F)C(=O)O1)c1ccc(Cl)s1,0,authentic,authentic,,,O=C(NC[C@H]1CN(c2ccc(N3CCCNC3=O)cc2)C(=O)O1)c1cccs1,train,496.9480000000001,2.9202000000000012,0.6133366887491914,33,61
subcategory_bioisostere.add-F_468,O=C(NCCO[N+](=O)[O-])c1cccnc1,0,authentic,authentic,,,c1ccncc1,train,211.17700000000002,0.01969999999999983,0.42056369452149583,15,29
subcategory_bioisostere.add-F_517,Cn1cnc([N+](=O)[O-])c1Sc1ncnc2ncn(C)c12,0,authentic,authentic,,,c1nc(Sc2cnc[nH]2)c2[nH]cnc2n1,val,291.29600000000005,1.1561999999999997,0.4047326141288751,20,39
subcategory_bioisostere.add-F_1329,Cc1nnc(Nc2ccccc2)c2c(C)n(-c3ccc(OCC(F)(F)F)cc3)c(C)c12,1,bioisostere,add-F,CCOc1ccc(-n2c(C)c3c(C)nnc(Nc4ccccc4)c3c2C)cc1,4 5 6,c1ccc(Nc2nncc3cn(-c4ccccc4)cc23)cc1,train,426.4420000000002,6.030460000000004,0.4233450103637387,31,54
subcategory_bioisostere.add-F_92,CC(CO)(CO)Cc1nnc(-c2cccc(Cl)c2Cl)c(N)n1,0,authentic,authentic,,,c1ccc(-c2cncnn2)cc1,train,343.21400000000006,1.9609999999999999,0.7664809006479381,22,39
subcategory_bioisostere.add-F_23,Cl.Fc1ccc([C@@H]2CCN(Cc3ccccc3)C[C@H]2COc2ccc3c(c2)OCO3)cc1,0,authentic,authentic,,,c1ccc(CN2CC[C@@H](c3ccccc3)[C@H](COc3ccc4c(c3)OCO4)C2)cc1,train,455.9570000000003,5.660900000000005,0.47950447517018724,32,59
subcategory_bioisostere.add-F_509,Cl.Fc1ccc(C2CCNCC2COc2ccc3c(c2)OCO3)cc1,0,authentic,authentic,,,c1ccc(C2CCNCC2COc2ccc3c(c2)OCO3)cc1,train,365.8320000000001,3.748300000000002,0.8953933091927087,25,39
subcategory_bioisostere.add-F_1049,Oc1cc(OC[C@@H]2C[NH2+]CC[C@H]2c2ccc(F)cc2)ccc1OC(F)(F)F,1,bioisostere,add-F,[2H]C1([2H])Oc2ccc(OC[C@@H]3C[NH2+]CC[C@H]3c3ccc(F)cc3)cc2O1,1 2 3 4 5 10,c1ccc([C@@H]2CC[NH2+]C[C@H]2COc2ccc3c(c2)OCO3)cc1,train,386.365,3.1758000000000015,0.7765237597328284,27,55
subcategory_bioisostere.add-F_1027,O=C(CCc1ccccc1F)c1ccccc1OCC(F)(F)F,1,bioisostere,add-F,CCCNCC(O)COc1ccccc1C(=O)CCc1ccccc1F,0 1 2 3 4 5 6 7 8 9 10 11 12 13 14 15 17 18 19 20 21,O=C(CCc1ccccc1)c1ccccc1,train,326.289,4.582300000000002,0.573501874331901,23,34
subcategory_bioisostere.add-F_973,NCC1(CC(=O)OCC(F)(F)F)CCCCC1C1CCCCC1,1,bioisostere,add-F,Cl.Cl.NCC1(CC(=O)O)CCCCC1C1CCCCC1,0 1 2 3 5 6 7 8 9 10 11 12 13 14 15 16 17 18 19 20 21 22,C1CCC(C2CCCCC2)CC1,test,335.41000000000014,4.197600000000003,0.7662718088655966,23,36
subcategory_bioisostere.add-F_478,C#CC(C)C(O)(C[n+]1cnc[nH]1)c1cc(F)ccc1F,0,authentic,authentic,,,c1ccc(CC[n+]2cnc[nH]2)cc1,train,278.282,1.1324999999999998,0.6505388831591178,20,39
subcategory_bioisostere.add-F_1006,COc1cc2c(cc1C(=O)OC(F)(F)F)-c1ccccc1CC2,1,bioisostere,add-F,COC(=O)c1cc2c(cc1OC)CCc1ccccc1-2,0 1 2 3 4 5 6 7 9 10 11 12 13 14 15 16 17 18 19 20 21 22,c1ccc2c(c1)CCc1ccccc1-2,train,322.28200000000004,4.137400000000003,0.7797400296437778,23,39
subcategory_bioisostere.add-F_510,CCCc1nc(C(=O)OCC)c(C(C)(C)O)n1Cc1ccc(-c2ccccc2C#N)cc1,0,authentic,authentic,,,c1ccc(-c2ccc(Cn3ccnc3)cc2)cc1,train,431.5360000000001,4.826680000000005,0.5163840537844815,32,53
subcategory_bioisostere.add-F_983,CN(CC1=Nc2c(cc(NC(=O)OCC(F)(F)F)nc2N)NC1)c1ccc(Cl)cc1,1,bioisostere,add-F,CCOC(=O)Nc1cc2c(c(N)n1)N=C(CN(C)c1ccc(Cl)cc1)CN2,4 5 6,c1ccc(NCC2=Nc3cnccc3NC2)cc1,train,442.82900000000006,4.062400000000001,0.6445679500401786,30,53
subcategory_bioisostere.add-F_781,O=C(O)CCCCCC(=O)N1CCC2(CC1)CCN(c1ccncc1)CC2,0,authentic,authentic,,,c1cc(N2CCC3(CCNCC3)CC2)ccn1,train,373.49700000000007,3.325700000000002,0.7423185614019685,27,43
subcategory_bioisostere.add-F_194,CN(Cc1ccc(-n2cnn(CC(=O)c3ccc(C(C)(C)C)cc3)c2=O)cc1)CC(O)(Cn1cncn1)c1ccc(F)cc1F,0,authentic,authentic,,,O=C(Cn1ncn(-c2ccc(CNCC(Cn3cncn3)c3ccccc3)cc2)c1=O)c1ccccc1,train,615.6850000000003,4.103900000000004,0.22287067048144527,45,78
subcategory_bioisostere.add-F_1475,[2H]C1(NC(=O)NS(=O)(=O)c2ccc(CCNC(=O)c3cc(Cl)ccc3OC(F)(F)F)cc2)CCCCC1,1,bioisostere,add-F,[2H]C1(NC(=O)NS(=O)(=O)c2ccc(CCNC(=O)c3cc(Cl)ccc3OC)cc2)CCCCC1,0 1 2 3 4 5 6 7 8 9 10 11 12 13 14 15 16 17 18 19 20 21 22 23 25 26 27 28 29 30 31 32 33 34 35 36,O=C(NC1CCCCC1)NS(=O)(=O)c1ccc(CCNC(=O)c2ccccc2)cc1,train,548.9891017780001,4.531700000000003,0.4483530061440545,36,69
subcategory_bioisostere.add-F_1251,O=C(Nc1ccc(OC(F)F)cc1F)c1n[nH]c2c1C1(CC1)CN(c1ccc(N3CCCCC3=O)cc1)C2=O,1,bioisostere,add-F,COc1ccc(NC(=O)c2n[nH]c3c2C2(CC2)CN(c2ccc(N4CCCCC4=O)cc2)C3=O)c(F)c1,0 1 2 3 4 5 7 8 9 10 11 12 13 14 15 16 17 18 19 20 21 22 23 24 25 26 27 28 29 30 31 32 33 34 35 36 37 38,O=C(Nc1ccccc1)c1n[nH]c2c1C1(CC1)CN(c1ccc(N3CCCCC3=O)cc1)C2=O,val,539.5140000000005,4.611400000000003,0.4758477324683279,39,69
subcategory_bioisostere.add-F_591,O=C(NC[C@H]1CN(c2ccc(N3CCOCC3=O)cc2F)C(=O)O1)c1ccc(Cl)s1,0,authentic,authentic,,,O=C(NC[C@H]1CN(c2ccc(N3CCOCC3=O)cc2)C(=O)O1)c1cccs1,train,453.87900000000013,2.6590000000000007,0.7515849313741453,30,56
subcategory_bioisostere.add-F_956,[2H]c1c([2H])c(C2([2H])CC([2H])([2H])NC[C@]2([2H])COc2ccc(O)c(OCC(F)(F)F)c2)c([2H])c([2H])c1F,1,bioisostere,add-F,[2H]c1c([2H])c(C2([2H])CC([2H])([2H])NC[C@]2([2H])COc2ccc3c(c2)OC([2H])([2H])O3)c([2H])c([2H])c1F,22 23 24 25 26 27 28,c1ccc(C2CCNCC2COc2ccc3c(c2)OCO3)cc1,train,407.432814224,4.244500000000001,0.7035175328374023,28,93
subcategory_bioisostere.add-F_335,COc1ccc(C(=O)N[C@H](C(=O)N2CCC[C@H]2C(=O)N[C@H](C(=O)C(F)(F)CNC(=O)c2ccccc2)C(C)C)C(C)C)cc1,0,authentic,authentic,,,O=C(CCNC(=O)c1ccccc1)CNC(=O)[C@@H]1CCCN1C(=O)CNC(=O)c1ccccc1,train,614.69,3.2158000000000015,0.3174455220386282,44,91
subcategory_bioisostere.add-F_833,COc1c(OCC(F)(F)F)cc2c(c1OC)-c1ccc(=O)c(OC)cc1C(NC(=O)C(F)(F)F)CC2,1,bioisostere,add-F,COc1cc2c(c(OC)c1OC)-c1ccc(=O)c(OC)cc1C(NC(=O)C(F)(F)F)CC2,0 1 2 4 5 6 7 8 9 10 11 12 13 14 15 16 17 18 19 20 21 22 23 24 25 26 27 28 29 30 31 32 33 34 35,O=c1ccc2c(cc1)-c1ccccc1CCC2,train,521.4100000000002,4.346500000000003,0.5698337663507361,36,65
subcategory_bioisostere.add-F_1175,O=C(c1ccccc1)c1cn2c3c(c(OCC(F)(F)F)nc2n1)CCC3,1,bioisostere,add-F,CCOc1nc2nc(C(=O)c3ccccc3)cn2c2c1CCC2,13 14 15 16 17 18 19,O=C(c1ccccc1)c1cn2c3c(cnc2n1)CCC3,val,361.3230000000001,3.3901000000000012,0.668690100329843,26,45
subcategory_bioisostere.add-F_1404,Cc1ccc(NC(=O)Nc2cc(C(C)(C)C)sc2C(=O)OCC(F)(F)F)cc1,1,bioisostere,add-F,Cc1ccc(NC(=O)Nc2cc(C(C)(C)C)sc2C(=O)OCCO)cc1,18 20 21 22 23 24 25,O=C(Nc1ccccc1)Nc1ccsc1,train,414.4490000000001,5.717120000000004,0.6292552005565551,28,50
subcategory_bioisostere.add-F_1071,COc1ccc(C(O)(CCN(C)CCOC(F)F)c2ccccc2)cc1,1,bioisostere,add-F,COc1ccc(C(O)(CCN2CCOCC2)c2ccccc2)cc1,0 1 2 3 4 5 6 7 8 9 10 11 12 14 15 16 17 18 19 20 21 22 23 24 25,c1ccc(C(CCN2CCOCC2)c2ccccc2)cc1,test,365.42,3.492200000000002,0.699862811822859,26,40
subcategory_bioisostere.add-F_985,O=C(CCc1ccc(OC(F)F)cc1)Nc1ccc(C(=O)O)cc1,1,bioisostere,add-F,COc1ccc(CCC(=O)Nc2ccc(C(=O)O)cc2)cc1,0 1 2 3 4 5 6 8 9 10 11 12 13 14 15 16 17 18 19 20 21 22 23,O=C(CCc1ccccc1)Nc1ccccc1,test,335.3060000000001,3.557500000000001,0.8111353247509959,24,40
subcategory_bioisostere.add-F_1068,C[C@]12CCC(=O)C=C1CC[C@@H]1[C@@H]2CC[C@@]2(C)[C@H]1CC[C@]2(OC(F)(F)F)C(=O)CO,1,bioisostere,add-F,CC(=O)O[C@]1(C(=O)CO)CC[C@H]2[C@@H]3CCC4=CC(=O)CC[C@]4(C)[C@H]3CC[C@@]21C,19 20 21 22 23 24,O=C1C=C2CC[C@H]3[C@@H]4CCCC4CC[C@@H]3C2CC1,train,414.4640000000001,4.354900000000004,0.7456331498978945,29,76
subcategory_bioisostere.add-F_428,CCCc1nc(C(=O)OCc2ccc(-c3ccccc3-c3nn[nH]n3)cc2)c(CO)n1Cc1oc(=O)oc1C,0,authentic,authentic,,,O=C(OCc1ccc(-c2ccccc2-c2nn[nH]n2)cc1)c1cn(Cc2coc(=O)o2)cn1,train,530.5410000000003,3.434920000000001,0.2557929336111593,39,66
subcategory_bioisostere.add-F_630,O=C(COc1ccc2c(c1)OCO2)NCCc1ccc(F)cc1,0,authentic,authentic,,,O=C(COc1ccc2c(c1)OCO2)NCCc1ccccc1,train,317.316,2.2921000000000005,0.8880064344190801,23,36
subcategory_bioisostere.add-F_884,CC(C(=O)OCC(F)(F)F)(c1ccccc1)c1ccccc1,1,bioisostere,add-F,CCN(CC)CCOC(=O)C(C)(c1ccccc1)c1ccccc1,0 1 3 4 5 6 7 8 9 10 11 12 13 14 15 16 17 18 19 20 21,c1ccc(Cc2ccccc2)cc1,train,308.29900000000004,4.098100000000002,0.7949910820203001,22,37
subcategory_bioisostere.add-F_1386,Cn1c(-c2ccc(OC(F)(F)F)cc2)cc(=O)c2ccccc21,1,bioisostere,add-F,COCOc1ccc(-c2cc(=O)c3ccccc3n2C)cc1,0 1 2 3 4 5 7 8 9 10 11 12 13 14 15 16 17 18 19 20 21 22,O=c1cc(-c2ccccc2)[nH]c2ccccc12,train,319.282,4.1041000000000025,0.7118084010764937,23,41
subcategory_bioisostere.add-F_968,CCC(O)(c1ccc(OC)cc1)C(CN(C)CCOC(F)(F)F)c1ccccc1,1,bioisostere,add-F,CCC(O)(c1ccc(OC)cc1)C(CN1CCOCC1)c1ccccc1.Cl,0 1 2 3 4 5 6 7 8 9 10 11 12 13 14 15 16 18 19 20 21 22 23 24 25 26 27 28,c1ccc(CC(CN2CCOCC2)c2ccccc2)cc1,train,411.464,4.544800000000004,0.6231551708606341,29,47
subcategory_bioisostere.add-F_297,CO[C@]12CC[C@@]3(C[C@]1(C)[C@H](O)c1ccc(C)cc1)[C@H]1Cc4ccc(O)c5c4[C@@]3(CCN1CC1CC1)[C@H]2O5,0,authentic,authentic,,,c1ccc(CC2C[C@@]34CCC2[C@@H]2Oc5cccc6c5[C@@]23CCN(CC2CC2)[C@@H]4C6)cc1,train,501.6670000000004,5.048820000000005,0.600556276819355,37,91
subcategory_bioisostere.add-F_51,CC(C)(C)C(=O)OCn1c(=O)ccc2ccc(OCCCCN3CCN(c4cccc(Cl)c4Cl)CC3)cc21,0,authentic,authentic,,,O=c1ccc2ccc(OCCCCN3CCN(c4ccccc4)CC3)cc2[nH]1,train,560.5220000000002,5.836300000000007,0.24230883454488472,38,64
subcategory_bioisostere.add-F_99,CC(C)S(=O)(=O)c1ccc(Cl)cc1C1NC(=O)NC1=O,0,authentic,authentic,,,O=C1NC(=O)C(c2ccccc2)N1,train,316.7660000000001,1.4025999999999996,0.8244677667147587,20,39
subcategory_bioisostere.add-F_144,CCc1cccc(-c2ccc(C#N)c(Cn3cncn3)c2)c1,0,authentic,authentic,,,c1ccc(-c2cccc(Cn3cncn3)c2)cc1,train,288.354,3.427480000000002,0.7387600334392742,22,36
subcategory_bioisostere.add-F_253,CN(C)CCC[C@]1(c2ccc(F)cc2)OCc2cc(C#N)ccc21.O.O.O=C(O)C(=O)O,0,authentic,authentic,,,c1ccc(C2OCc3ccccc32)cc1,train,450.46300000000025,1.3191800000000002,0.645775778764348,32,59
subcategory_bioisostere.add-F_460,CCOC(=O)C1=C(c2ccc(-n3c(C)nc4cnccc43)cc2)NC(C)=C(C(=O)Nc2ccccn2)C1c1cccc2c1OCO2,0,authentic,authentic,,,O=C(Nc1ccccn1)C1=CNC(c2ccc(-n3cnc4cnccc43)cc2)=CC1c1cccc2c1OCO2,test,614.6620000000001,5.4265200000000045,0.23073913328422513,46,79
subcategory_bioisostere.add-F_1229,O=c1[nH]c2c(ncn2COC(F)F)c(=O)n1CCl,1,bioisostere,add-F,CCOCn1cnc2c(=O)n(CCl)c(=O)[nH]c21,8 9 10 11 12,O=c1[nH]c(=O)c2nc[nH]c2[nH]1,train,280.61799999999994,0.27929999999999994,0.8156854548019057,18,34
subcategory_bioisostere.add-F_125,CC(C)=CCc1c(O)c2c(c(C(=O)CC(C)C)c1O)O[C@H](C(C)(C)O)C2,0,authentic,authentic,,,c1ccc2c(c1)CCO2,train,362.4660000000001,3.9097000000000035,0.527481438243694,26,54
subcategory_bioisostere.add-F_477,O=C(c1cc(Cl)cc(Cl)c1)N1CCN(C(=O)CNC2CCN(Cc3ccccc3)CC2)C(c2ccc(Cl)c(Cl)c2)C1,0,authentic,authentic,,,O=C(c1ccccc1)N1CCN(C(=O)CNC2CCN(Cc3ccccc3)CC2)C(c2ccccc2)C1,train,634.4350000000002,6.580100000000007,0.3193791087731745,41,75
subcategory_bioisostere.add-F_247,CNC(=O)C(NC(=O)c1cc(Cl)ccc1OC)c1ccccc1,0,authentic,authentic,,,O=C(NCc1ccccc1)c1ccccc1,train,332.78700000000003,2.5657000000000005,0.8839350747257114,23,38
subcategory_bioisostere.add-F_1189,CC(Cc1ccc(OF)cc1)N[C@@H]1CCc2c(ccc(O)c2CO)[C@H]1O,1,bioisostere,add-F,CC(Cc1ccc(O)cc1)N[C@@H]1CCc2c(ccc(O)c2CO)[C@H]1O,0 1 2 3 4 5 7 8 9 10 11 12 13 14 15 16 17 18 19 20 21 22 23 24 25,c1ccc(CCN[C@@H]2CCc3ccccc3C2)cc1,train,361.41300000000007,2.7168000000000014,0.6360501239754756,26,49
subcategory_bioisostere.add-F_108,NS(=O)(=O)c1cc2c(cc1Cl)NCN(CCBr)S2(=O)=O,0,authentic,authentic,,,O=S1(=O)NCNc2ccccc21,train,404.69500000000005,0.7560000000000006,0.7227057442980096,20,40
subcategory_bioisostere.add-F_575,CC(C)(C)c1cc(/C=C/c2ccncc2)cc(C(C)(C)C)c1O,0,authentic,authentic,,,C(=C\c1ccncc1)/c1ccccc1,train,309.45300000000003,5.552600000000005,0.7883119050751,23,42
subcategory_bioisostere.add-F_527,CN(C)CCN1C(=NCc2cccc(Cl)c2)C2(CCNCC2)Nc2cc(Cl)c(Cl)cc21,0,authentic,authentic,,,c1ccc(CN=C2Nc3ccccc3NC23CCNCC3)cc1,val,480.87100000000027,5.1612000000000045,0.6201179132932737,31,55
subcategory_bioisostere.add-F_379,CCCCc1ccc(Cn2cncn2)cc1,0,authentic,authentic,,,c1ccc(Cn2cncn2)cc1,train,215.3,2.6690000000000014,0.7673511779632377,16,22
subcategory_bioisostere.add-F_1587,CCOC(=O)[C@H](CCc1ccccc1)NF,1,bioisostere,add-F,CCOC(=O)[C@H](CCc1ccccc1)N[C@@H](C)C(=O)N1C2CCCCC2C[C@H]1C(=O)O,5 14 15,O=C(CNCCCc1ccccc1)N1CCC2CCCCC21,train,225.26300000000003,2.025,0.594333333120103,16,27
subcategory_bioisostere.add-F_133,O=C1NC(=O)c2c1c1c(ccc3cccnc31)c1[nH]c3ccccc3c21,0,authentic,authentic,,,O=C1NC(=O)c2c1c1c(ccc3cccnc31)c1[nH]c3ccccc3c21,val,337.3380000000001,3.9061000000000012,0.332272431119993,26,47
subcategory_bioisostere.add-F_1213,FC(F)(F)Oc1ccc(-c2ccc(NC3=NCCN3)cc2)cc1,1,bioisostere,add-F,COc1ccc(-c2ccc(NC3=NCCN3)cc2)cc1,0 1 2 3 4 6 7 8 9 10 11 12 13 14 15 16 17 18 19 20 21,c1ccc(-c2ccc(NC3=NCCN3)cc2)cc1,train,321.30199999999996,3.6233000000000013,0.9074095993609397,23,39
subcategory_bioisostere.add-F_998,CCCCc1nc(C(C)O)c(C(=O)OC(F)F)n1Cc1ccc(-c2ccccc2-c2nn[nH]n2)cc1,1,bioisostere,add-F,CCCCc1nc(C(C)O)c(C(=O)OCC)n1Cc1ccc(-c2ccccc2-c2nn[nH]n2)cc1,3 4,c1ccc(-c2nn[nH]n2)c(-c2ccc(Cn3ccnc3)cc2)c1,train,496.51800000000014,4.553800000000003,0.30916247569034155,36,62
subcategory_bioisostere.add-F_1113,C=C(c1ccccc1OC(F)(F)F)n1ccnc1,1,bioisostere,add-F,C=C(c1ccccc1OCCC)n1ccnc1,3 4 5,C=C(c1ccccc1)n1ccnc1,train,254.21099999999996,3.3007000000000017,0.8398337728351808,18,29
subcategory_bioisostere.add-F_1181,CC(C)([C@H](NC(=O)OCc1ccccc1)C(=O)N[C@H]([CH]OCC(F)(F)F)Cc1ccccc1)S(C)(=O)=O,1,bioisostere,add-F,CCN(CC(C)C)S(=O)(=O)CC[C@@H]1O[C@@H]1[C@H](Cc1ccccc1)NC(=O)[C@@H](NC(=O)OCc1ccccc1)C(C)(C)S(C)(=O)=O,0 1 2 3 4 5 6,O=C(CNC(=O)OCc1ccccc1)N[C@@H](Cc1ccccc1)[C@@H]1CO1,train,543.5840000000002,3.572790000000002,0.42361930179116103,37,76
subcategory_bioisostere.add-F_1096,O=C(Cn1cnc2ccc(Br)cc2c1=O)OF,1,bioisostere,add-F,O=C(O)Cn1cnc2ccc(Br)cc2c1=O,0 2 3 4 5 6 7 8 9 10 11 12 13 14 15,O=c1[nH]cnc2ccccc12,train,301.07099999999997,1.5867,0.8448162939083615,17,28
subcategory_bioisostere.add-F_1136,COc1cc2c(cc1OCC(F)(F)F)CC(Oc1ccc(CN3CCCCC3)cc1)C2=O,1,bioisostere,add-F,COc1cc2c(cc1OC)C(=O)C(Oc1ccc(CN3CCCCC3)cc1)C2,0 1 2 3 4 5 6 8 9 10 11 12 13 14 15 16 17 18 19 20 21 22 23 24 25 26 27 28 29 30 31,O=C1c2ccccc2CC1Oc1ccc(CN2CCCCC2)cc1,train,449.4690000000003,4.808600000000004,0.6073805149591512,32,51
subcategory_bioisostere.add-F_326,COc1cc2c(cc1OC)C(=O)C(CC1(F)CCN(CC3CCCCCC3)CC1)C2,0,authentic,authentic,,,O=C1c2ccccc2CC1CC1CCN(CC2CCCCCC2)CC1,train,417.56500000000034,5.223400000000005,0.5947811376777966,30,49
subcategory_bioisostere.add-F_735,O=C(CCc1ccccc1)OC[C@H]1C[C@@H]2O[C@H]1[C@H]1C(=O)OC(=O)[C@H]12,0,authentic,authentic,,,O=C(CCc1ccccc1)OC[C@H]1C[C@@H]2O[C@H]1[C@H]1C(=O)OC(=O)[C@H]12,train,330.33600000000007,1.2655,0.5974037231359677,24,62
subcategory_bioisostere.add-F_882,COc1cc(C(=O)C2CCCN(Cc3ccc(OC)c(C)c3C)C2)ccc1OCC(F)(F)F,1,bioisostere,add-F,COc1ccc(C(=O)C2CCCN(Cc3ccc(OC)c(C)c3C)C2)cc1OC,3 4 5 6,O=C(c1ccccc1)C1CCCN(Cc2ccccc2)C1,train,465.5120000000002,5.356640000000006,0.49170316874639136,33,54
subcategory_bioisostere.add-F_320,Cc1cccc(/C=C/C(=O)NC[C@@H]2CCCC[C@H]2CN2CCC(c3noc4cc(F)ccc34)CC2)c1,0,authentic,authentic,,,O=C(/C=C/c1ccccc1)NC[C@@H]1CCCC[C@H]1CN1CCC(c2noc3ccccc23)CC1,test,489.6350000000003,6.090720000000006,0.4081296639882977,36,67
subcategory_bioisostere.add-F_1579,COc1c(OC(F)(F)F)ccnc1CSc1nc2ccc(C(F)(F)F)cc2[nH]1,1,bioisostere,add-F,COc1ccnc(CSc2nc3ccc(C(F)(F)F)cc3[nH]2)c1OC,0 1 2 4 5 6 7 8 9 10 11 12 13 14 15 16 17 18 19 20 21 22 23 24 25 26 27,c1ccc(CSc2nc3ccccc3[nH]2)nc1,train,423.3380000000001,5.176200000000002,0.45297137434237944,28,49
subcategory_bioisostere.add-F_621,CCCCc1nc(C(=O)O)cn1Cc1ccc(-c2nn[nH]n2)cc1,0,authentic,authentic,,,c1cn(Cc2ccc(-c3nn[nH]n3)cc2)cn1,train,326.36,2.1523000000000003,0.6882285408574046,24,41
subcategory_bioisostere.add-F_348,COCCOc1ccnc(CSc2nc3c(C)c(OC(F)F)c(C)cc3[nH]2)c1C,0,authentic,authentic,,,c1ccc(CSc2nc3ccccc3[nH]2)nc1,train,423.4850000000001,4.802060000000004,0.39377886439326404,29,48
subcategory_bioisostere.add-F_417,CCCCc1oc2c(c1C(=O)c1cc(I)c(OCCN(CC)CC)c(I)c1)C(=O)CC=C2,0,authentic,authentic,,,O=C(c1ccccc1)c1coc2c1C(=O)CC=C2,train,661.3180000000002,6.382600000000006,0.20681727745312176,32,55
subcategory_bioisostere.add-F_1371,C[C@H](CCCC1CCCCC1)C[C@H](CN)C(=O)OC(F)(F)F,1,bioisostere,add-F,C[C@H](CCCC1CCCCC1)C[C@H](CN)C(=O)O,0 1 2 3 4 5 6 7 8 9 10 11 12 13 14 16 17 18 19 20,C1CCCCC1,train,323.39899999999994,4.401100000000003,0.6735549679710023,22,43
subcategory_bioisostere.add-F_991,Cc1c(CC(=O)Nc2cccc(S(N)(=O)=O)c2)c2cc(OC(F)F)ccc2n1C(=O)c1ccc(Cl)cc1,1,bioisostere,add-F,COc1ccc2c(c1)c(CC(=O)Nc1cccc(S(N)(=O)=O)c1)c(C)n2C(=O)c1ccc(Cl)cc1,3 4,O=C(Cc1cn(C(=O)c2ccccc2)c2ccccc12)Nc1ccccc1,train,547.9670000000002,4.721620000000003,0.3466642234397114,37,68
subcategory_bioisostere.add-F_851,Cc1nc(-c2cc(C#N)c(OC(F)F)c(OC(F)F)c2)sc1C(=O)O,1,bioisostere,add-F,Cc1nc(-c2cc(C#N)c(OCC(C)C)c(OC(F)F)c2)sc1C(=O)O,0 1 2 3 4 5 6 7 8 10 11 12 13 14 15 16 17 18 19 20 21 22 23 24,c1ccc(-c2nccs2)cc1,train,376.28700000000003,3.8912000000000013,0.7692000105954211,25,46
subcategory_bioisostere.add-F_1418,COC(=O)[C@H](CCc1ccccc1)NC(C)C(=O)N1C(COC(F)(F)F)CC[C@H]1C(=O)O,1,bioisostere,add-F,COC(=O)[C@H](CCc1ccccc1)NC(C)C(=O)N1C2COCC2C[C@H]1C(=O)O,0 1 2 3 4 5,O=C(CNCCCc1ccccc1)N1CCC2COCC21,train,460.44900000000024,2.1194999999999995,0.5155589522987533,32,63
subcategory_bioisostere.add-F_323,COc1ccc(Cl)cc1C1(O)C(=O)Nc2ccccc21,0,authentic,authentic,,,O=C1Nc2ccccc2C1c1ccccc1,train,289.718,2.5366,0.8930694151493025,20,34
subcategory_bioisostere.add-F_122,C[C@@]1(Cc2ccc(Br)cc2)C(=O)N(c2cc(Cl)cc(Cl)c2)c2ncc(S(=O)(=O)N3CCC(=O)CC3)n21,0,authentic,authentic,,,O=C1CCN(S(=O)(=O)c2cnc3n2C(Cc2ccccc2)C(=O)N3c2ccccc2)CC1,train,612.3329999999999,4.942200000000005,0.4073406665364217,36,77
subcategory_bioisostere.add-F_149,CCCc1nc(C(=O)OCc2ccc(-c3ccccc3-c3nn[nH]n3)cc2)c(C(C)(C)O)n1C(C)OC(=O)OC(C)C,0,authentic,authentic,,,O=C(OCc1ccc(-c2ccccc2-c2nn[nH]n2)cc1)c1c[nH]cn1,train,576.6540000000002,5.347200000000004,0.22336723141167084,42,75
subcategory_bioisostere.add-F_928,COc1ccnc(CS(=O)c2nc3ccc(C(F)F)cc3[nH]2)c1OCC(F)(F)F,1,bioisostere,add-F,COc1ccnc(CS(=O)c2nc3ccc(C(F)F)cc3[nH]2)c1OC,3 4 5 6,O=S(Cc1ccccn1)c1nc2ccccc2[nH]1,train,435.3740000000001,4.153000000000002,0.5644744152898822,29,51
subcategory_bioisostere.add-F_609,COc1ccc2c(c1)c(CC(=O)OCCN1CCNCC1)c(C)n2C(=O)c1ccc(Cl)cc1,0,authentic,authentic,,,O=C(Cc1cn(C(=O)c2ccccc2)c2ccccc12)OCCN1CCNCC1,train,469.96900000000016,3.291120000000001,0.5352267428781593,33,56
subcategory_bioisostere.add-F_1159,O=C(O)[C@@H]1C[C@@H](OC(F)F)CN1C(=O)CP(=O)(O)CCCCc1ccccc1,1,bioisostere,add-F,CO[C@@H]1C[C@@H](C(=O)O)N(C(=O)CP(=O)(O)CCCCc2ccccc2)C1,5 6 7 8 9,O=C(C[PH](=O)CCCCc1ccccc1)N1CCCC1,train,419.36100000000016,2.5730000000000004,0.4463251672113094,28,57
subcategory_bioisostere.add-F_501,CC(C)c1ccc2c(c1)CC=C(c1ccccc1)C(N1CCN(C)CC1)=N2.O=C(O)/C=C/C(=O)O,0,authentic,authentic,,,C1=C(c2ccccc2)C(N2CCNCC2)=Nc2ccccc2C1,train,475.5890000000003,4.438900000000004,0.6353660391750632,35,65
subcategory_bioisostere.add-F_989,CC(C)CC(=O)NC1CCN(CCOC(=O)c2cc(Cl)c(N)cc2OC(F)(F)F)CC1,1,bioisostere,add-F,COc1cc(N)c(Cl)cc1C(=O)OCCN1CCC(NC(=O)CC(C)C)CC1,23 24 25 26 27 28,O=C(OCCN1CCCCC1)c1ccccc1,train,465.9000000000001,3.604300000000002,0.44977621610804347,31,54
subcategory_bioisostere.add-F_618,Cc1cnc(NCCc2ccccc2)c(=O)n1CC(=O)NCc1cnc(N)nc1,0,authentic,authentic,,,O=C(Cn1ccnc(NCCc2ccccc2)c1=O)NCc1cncnc1,test,393.45100000000014,0.8949199999999999,0.5185102328045594,29,45
subcategory_bioisostere.add-F_593,O=P1(NCCCl)OCCC(O)N1CCCl,0,authentic,authentic,,,O=[PH]1NCCCO1,train,277.08799999999997,1.2024,0.5838139477761041,15,24
subcategory_bioisostere.add-F_1019,CCOC(=O)C(CCCc1ccc(OC)cc1)OC(F)(F)F,1,bioisostere,add-F,CCOC(=O)C1(CCCc2ccc(OC)cc2)CO1,0 1 2 3 4 6 7 8 9 10 11 12 13 14 15 16 17 18 19 20,c1ccc(CCCC2CO2)cc1,train,320.30699999999996,3.4860000000000024,0.6879385913650821,22,35
subcategory_bioisostere.add-F_62,CCN(CCCCO)C1CCc2cc(OC)ccc2C1,0,authentic,authentic,,,c1ccc2c(c1)CCCC2,train,277.408,2.6469000000000005,0.77777775818274,20,28
subcategory_bioisostere.add-F_1255,COc1cc2nc(SCc3ncc(OC)c(OC)c3C)[nH]c2cc1OC(F)F,1,bioisostere,add-F,COc1cnc(CSc2nc3cc4c(cc3[nH]2)OC(F)(F)CO4)c(C)c1OC,0 1 2 3 4 5 6 7 8 9 10 11 12 13 14 15 16 17 18 19 20 21 22 24 25 26,c1ccc(CSc2nc3cc4c(cc3[nH]2)OCCO4)nc1,train,411.43000000000006,4.185820000000002,0.5570914617672786,28,45
subcategory_bioisostere.add-F_431,Cc1c(F)c(N2CCNCC2)c(F)c2c1c(=O)c(C(=O)O)cn2C1CC1,0,authentic,authentic,,,O=c1ccn(C2CC2)c2cc(N3CCNCC3)ccc12,train,363.3640000000001,2.03082,0.8729421828675201,26,48
subcategory_bioisostere.add-F_542,CCC(=O)c1ccc(OC[C@H](O)CN2CCCCC2)cc1,0,authentic,authentic,,,c1ccc(OCCCN2CCCCC2)cc1,val,291.39099999999996,2.504900000000001,0.7842607999347688,21,36
subcategory_bioisostere.add-F_93,Nc1ccn(C2CSC(COP(=O)([O-])O)O2)c(=O)n1,0,authentic,authentic,,,O=c1ncccn1C1CSCO1,train,308.232,-1.1090999999999998,0.6623152755780455,19,38
subcategory_bioisostere.add-F_1419,COc1c(OC(F)(F)F)cc2c(c1OC)-c1ccc(OC)c(=O)cc1[C@@H](NC(=O)c1cccc(CO[N+](=O)[O-])c1)CC2,1,bioisostere,add-F,COc1cc2c(c(OC)c1OC)-c1ccc(OC)c(=O)cc1[C@@H](NC(=O)c1cccc(CO[N+](=O)[O-])c1)CC2,3 4 5 6 7 8,O=C(N[C@H]1CCc2ccccc2-c2cccc(=O)cc21)c1ccccc1,train,590.5070000000002,4.763800000000003,0.27632485816174096,42,85
subcategory_bioisostere.add-F_58,Cc1ccccc1.O=C(CNC(=O)C(Cc1ccccc1)NC(=O)c1cnccn1)NC1CSC1=O,0,authentic,authentic,,,O=C(CNC(=O)C(Cc1ccccc1)NC(=O)c1cnccn1)NC1CSC1=O.c1ccccc1,val,505.60000000000014,1.6871199999999995,0.4247027351362825,36,57
subcategory_bioisostere.add-F_1470,Cc1c2cc[n+]([CH][C@H](O)[C@@H](O)[C@@H](O)COC(F)F)cc2c(C)c2c1[nH]c1ccc(O)cc12,1,bioisostere,add-F,Cc1c2cc[n+]([C@@H]3OC[C@H](O)[C@H](O)[C@H]3O)cc2c(C)c2c1[nH]c1ccc(O)cc12.[Br-],13 14 15 16 17,c1ccc2c(c1)[nH]c1cc3cc[n+]([C@H]4CCCCO4)cc3cc12,train,446.4500000000002,2.4160299999999992,0.28026398870723157,32,77
subcategory_bioisostere.add-F_691,Nc1ncc(Cc2cccc(O)c2)c(N)n1,0,authentic,authentic,,,c1ccc(Cc2cncnc2)cc1,train,216.244,0.9374,0.693476762682818,16,26
subcategory_bioisostere.add-F_350,CC(C)(C#N)c1cc(Cn2cncn2)cc(CC(C)(C#N)c2cc(Cn3cncn3)cc(C(C)(C)C#N)c2)c1,0,authentic,authentic,,,c1cc(CCc2cccc(Cn3cncn3)c2)cc(Cn2cncn2)c1,train,517.6410000000003,4.592540000000004,0.3168969893615569,39,70
subcategory_bioisostere.add-F_1369,COc1c(OCC(F)(F)F)cc2c(CCN(C)C)c[nH]c2c1OC,1,bioisostere,add-F,COc1cc2c(CCN(C)C)c[nH]c2c(OC)c1OC,3 4 5 6,c1ccc2[nH]ccc2c1,train,346.34900000000005,3.2303000000000015,0.8361563536562311,24,41
subcategory_bioisostere.add-F_345,CC(C)N(Cc1cccc(F)c1)CC(O)(Cn1cncn1)c1ccc(F)cc1F,0,authentic,authentic,,,c1ccc(CNCC(Cn2cncn2)c2ccccc2)cc1,train,404.43600000000004,3.493800000000002,0.6245459334266014,29,47
subcategory_bioisostere.add-F_1446,CCc1cc2c(cc1OC(F)(F)F)CC(CC1(F)CCN(Cc3cccc(C)c3)CC1)C2=O,1,bioisostere,add-F,CCc1cc2c(cc1OC)CC(CC1(F)CCN(Cc3cccc(C)c3)CC1)C2=O,0 1 2 3 4 5 6 8 9 10 11 12 13 14 15 16 17 18 19 20 21 22 23 24 25 26 27 28 29 30 31 32,O=C1c2ccccc2CC1CC1CCN(Cc2ccccc2)CC1,train,463.51500000000027,6.2054200000000055,0.4775757228539802,33,56
subcategory_bioisostere.add-F_1399,FC(F)Oc1ccccc1Cc1ccccc1,1,bioisostere,add-F,C[NH2+]CCCCOc1ccccc1Cc1ccccc1.[Cl-],0 1 2 3 5 6 7 8 9 10 11 12 13 14 15 16,c1ccc(Cc2ccccc2)cc1,train,234.24499999999998,3.8788000000000027,0.7796507442938255,17,23
subcategory_bioisostere.add-F_1494,CNc1cc(OC(F)(F)F)c(C(=O)NC2CCN(Cc3ccccc3)CC2)cc1Cl,1,bioisostere,add-F,CNc1cc(OC)c(C(=O)NC2CCN(Cc3ccccc3)CC2)cc1Cl,0 1 2 3 5 6 7 8 9 10 11 12 13 14 15 16 17 18 19 20 21 22 23 24 25 26 27 28 29,O=C(NC1CCN(Cc2ccccc2)CC1)c1ccccc1,test,441.8810000000002,4.674700000000004,0.6834159311977525,30,50
subcategory_bioisostere.add-F_1081,CC(CO)Cc1cc(C(=O)c2ccccc2)ccc1OCC(F)(F)F,1,bioisostere,add-F,CC(CO)Cc1cc(C(=O)c2ccccc2)ccc1OC(=O)C(C)(C)C,0 1 2 3 4 5 6 7 8 9 10 11 12 13 14 15 16 17 19 20 21 22 23,O=C(c1ccccc1)c1ccccc1,train,352.3520000000001,4.029600000000003,0.7655510552325786,25,40
subcategory_bioisostere.add-F_1162,O=C(Nc1cc(OC(F)(F)F)c(C(=O)N[C@H]2CCN(Cc3ccccc3)C2)cc1Cl)c1ccccc1,1,bioisostere,add-F,COc1cc(NC(=O)c2ccccc2)c(Cl)cc1C(=O)N[C@H]1CCN(Cc2ccccc2)C1,0 1 2 3 4 6 7 8 9 10 11 12 13 14 15 16 17 18 19 20 21 22 23 24 25 26 27 28 29 30 31 32 33 34 35,O=C(Nc1ccc(C(=O)N[C@H]2CCN(Cc3ccccc3)C2)cc1)c1ccccc1,train,517.9350000000003,5.495200000000005,0.4343186101283209,36,65
subcategory_bioisostere.add-F_402,Cc1nc(-c2ccc(OCC(C)C)c(C=O)c2)sc1C(=O)O,0,authentic,authentic,,,c1ccc(-c2nccs2)cc1,train,319.382,3.6640200000000025,0.8221812206046512,22,39
subcategory_bioisostere.add-F_513,CC(=O)NCC1CN(c2cccc(Cl)c2)C(=O)O1,0,authentic,authentic,,,O=C1OCCN1c1ccccc1,train,268.70000000000005,1.8012999999999997,0.9093958159391393,18,33
subcategory_bioisostere.add-F_1182,CC(C)(C)c1cc(C(=O)CCC2CC2)cc(C(C)(C)C)c1OF,1,bioisostere,add-F,CC(C)(C)c1cc(C(=O)CCC2CC2)cc2c1OCC2(C)C,20 21 22,O=C(CCC1CC1)c1ccc2c(c1)CCO2,train,320.448,5.917800000000006,0.6296043977752904,23,42
subcategory_bioisostere.add-F_1425,CC(C)C(NC(=O)Cn1c(-c2cccc(OC(F)(F)F)c2)ccc(NC(=O)OCc2ccccc2)c1=O)C(=O)C(F)(F)F,1,bioisostere,add-F,CC(C)C(NC(=O)Cn1c(-c2cccc(OC(C)(C)C)c2)ccc(NC(=O)OCc2ccccc2)c1=O)C(=O)C(F)(F)F,3 4 5,O=C(Nc1ccc(-c2ccccc2)[nH]c1=O)OCc1ccccc1,train,613.5110000000003,5.434800000000004,0.29475256101607,43,78
subcategory_bioisostere.add-F_708,CCCCOc1ccccc1C(=O)NCC1(N(C)C)CCCCC1,0,authentic,authentic,,,O=C(NCC1CCCCC1)c1ccccc1,train,332.48800000000017,3.8598000000000035,0.7350710470923157,24,35
subcategory_bioisostere.add-F_461,COc1ccc([C@@H]2[C@@H](CCC(O)c3ccc(F)cc3)C(=O)N2c2ccc(CN)cc2)cc1,0,authentic,authentic,,,O=C1[C@H](CCCc2ccccc2)[C@@H](c2ccccc2)N1c1ccccc1,train,434.5110000000002,4.510900000000003,0.5116791721362984,32,63
subcategory_bioisostere.add-F_660,COc1cc(NC(=O)C(F)(F)F)c(Cl)cc1C(=O)NC1CC2CCC(C1)N2Cc1ccccc1,0,authentic,authentic,,,O=C(NC1CC2CCC(C1)N2Cc1ccccc1)c1ccccc1,val,495.92900000000026,4.7748000000000035,0.6051376746791239,34,59
subcategory_bioisostere.add-F_1340,N=c1nc(N2CCCCC2)c(F)c(N)n1OC(F)(F)F,1,bioisostere,add-F,N=c1nc(N2CCCCC2)c(F)c(N)n1O,0 1 2 3 4 5 6 7 8 9 10 11 12 13 15 16 17 18,N=c1nc(N2CCCCC2)cc[nH]1,train,295.23999999999995,1.0225699999999998,0.7984105475551415,20,35
subcategory_bioisostere.add-F_337,CC[C@H]1OC(=O)[C@H](C)C2O[C@@](C)(C[C@@H](C)CN(C(=O)NC(C)C)[C@H](C)[C@@H](O)[C@]1(C)O)[C@H](O[C@@H]1O[C@H](C)C[C@H](N(C)C)[C@H]1O)[C@H]2C,0,authentic,authentic,,,O=C1CC2C[C@@H](O[C@H]3CCCCO3)C(CCCNCCCCO1)O2,train,643.863,2.509300000000004,0.32932536909876214,45,137
subcategory_bioisostere.add-F_622,CCOC(=O)c1sc(-c2cc(C#N)c3c(c2)CCC(C)(C)O3)nc1C,0,authentic,authentic,,,c1csc(-c2ccc3c(c2)CCCO3)n1,train,356.4470000000001,4.270500000000004,0.7680159755726478,25,46
subcategory_bioisostere.add-F_1518,Cc1ccc(OC(F)(F)F)cc1NCc1cnc2nc(N)nc(N)c2n1,1,bioisostere,add-F,COc1ccc(C)c(NCc2cnc3nc(N)nc(N)c3n2)c1,0 1 2 3 5 6 7 8 9 10 11 12 13 14 15 16 17 18 19 20 21 22 23 24 25,c1ccc(NCc2cnc3ncncc3n2)cc1,train,365.31900000000013,2.4033199999999995,0.6436017352421901,26,42
subcategory_bioisostere.add-F_1061,CN(C(=O)COCC(F)(F)F)c1ccc(NC(=O)[C@@H](CNC(=O)c2ccc(Cl)s2)N(CC2CCC2)CC(F)(F)F)cc1,1,bioisostere,add-F,O=C(NC[C@H](C(=O)Nc1ccc(N2CCOCC2=O)cc1)N(CC1CCC1)CC(F)(F)F)c1ccc(Cl)s1,4 5 6 7 8 9 10,O=C(NC[C@@H](NCC1CCC1)C(=O)Nc1ccc(N2CCOCC2=O)cc1)c1cccs1,train,643.0500000000002,5.344700000000004,0.2879435752675383,42,81
subcategory_bioisostere.add-F_1197,CSc1nc(-c2ccccc2)c(-c2ccc(OC(F)F)cc2)[nH]1,1,bioisostere,add-F,COc1ccc(-c2[nH]c(SC)nc2-c2ccccc2)cc1,0 1 2 3 4 5 6 7 8 9 10 11 12 13 14 16 17 18 19 20 21 22,c1ccc(-c2nc[nH]c2-c2ccccc2)cc1,train,332.375,5.067000000000003,0.6631564525351237,23,42
subcategory_bioisostere.add-F_113,CCNc1cccnc1N1CCN(C(=O)c2cc3ccccc3s2)CC1,0,authentic,authentic,,,O=C(c1cc2ccccc2s1)N1CCN(c2ccccn2)CC1,train,366.49000000000007,3.690500000000003,0.7650090467972134,26,39
subcategory_bioisostere.add-F_1413,COC(=O)CCNC(=O)Cc1c(C)n(C(=O)c2ccc(Cl)cc2)c2ccc(OC(F)F)cc12,1,bioisostere,add-F,COC(=O)CCNC(=O)Cc1c(C)n(C(=O)c2ccc(Cl)cc2)c2ccc(OC)cc12,3 4,O=C(c1ccccc1)n1ccc2ccccc21,train,478.8790000000001,4.1148200000000035,0.49220640163921503,33,59
subcategory_bioisostere.add-F_886,O=C(c1cc2ccccc2[nH]1)c1cc2cc(OC(F)F)ccc2[nH]1,1,bioisostere,add-F,CCC(=O)Oc1ccc2[nH]c(C(=O)c3cc4ccccc4[nH]3)cc2c1,3 4,O=C(c1cc2ccccc2[nH]1)c1cc2ccccc2[nH]1,train,326.302,4.481600000000002,0.5432187471783311,24,45
subcategory_bioisostere.add-F_1410,COc1cc2c(c(OC(F)F)c1OC)-c1ccc(SC)c(=O)cc1C(N)CC2,1,bioisostere,add-F,COc1cc2c(c(OC)c1OC)-c1ccc(SC)c(=O)cc1C(N)CC2,0 1 2 3 4 5 7 8 9 10 11 12 13 14 15 16 17 18 19 20 21 22 23 24 25 26 27,O=c1cccc2c(c1)CCCc1ccccc1-2,train,409.4540000000002,4.000300000000002,0.7530378839569954,28,48
subcategory_bioisostere.add-F_372,CCSc1ccnc(C[S+]([O-])c2nc3ccccc3n2CSC)c1C,0,authentic,authentic,,,c1ccc(C[SH+]c2nc3ccccc3[nH]2)nc1,train,391.58700000000016,4.480020000000004,0.43895008188912515,25,41
subcategory_bioisostere.add-F_262,NC(C(=O)O)C1CCC(CP(=O)(O)O)CC1,0,authentic,authentic,,,C1CCCCC1,train,251.21899999999994,0.3823999999999995,0.5359194542040875,16,30
subcategory_bioisostere.add-F_705,CCCCc1c(C)c2ccc(OCCCN3CCN(Cc4ccc(Cl)cc4)CC3)cc2[nH]c1=O,0,authentic,authentic,,,O=c1ccc2ccc(OCCCN3CCN(Cc4ccccc4)CC3)cc2[nH]1,test,482.0680000000002,5.4192200000000055,0.3926906551725283,34,55
subcategory_bioisostere.add-F_1059,Cc1ccnc2c(NC(C)CCCN)cc(OC(F)(F)F)cc12,1,bioisostere,add-F,COc1cc(NC(C)CCCN)c2nccc(C)c2c1,0 1 2 3 4 5 6 7 8 9 10 11 12 13 14 16 17 18 19 20 21,c1ccc2ncccc2c1,train,327.34999999999997,3.9811200000000024,0.842321565768179,23,37
subcategory_bioisostere.add-F_954,O=C(NCCc1c2n(c3ccc(OC(F)F)cc13)Cc1ccccc1-2)C1CC1,1,bioisostere,add-F,CCOc1ccc2c(c1)c(CCNC(=O)C1CC1)c1n2Cc2ccccc2-1,3 4,O=C(NCCc1c2n(c3ccccc13)Cc1ccccc1-2)C1CC1,train,382.4100000000002,4.340100000000003,0.5391079695609589,28,48
subcategory_bioisostere.add-F_1143,CCCCC(Cn1cncn1)(OC(F)F)C(=O)c1ccc(Cl)cc1Cl,1,bioisostere,add-F,CCCCC(O)(Cn1cncn1)C(=O)c1ccc(Cl)cc1Cl,4 11 12 13 14,O=C(CCn1cncn1)c1ccccc1,val,392.23300000000006,4.636000000000004,0.5839558568390565,25,42
subcategory_bioisostere.add-F_1082,CCN(C1CC1)[C@H](CNC(=O)c1ccc(Cl)s1)C(=O)Nc1ccc(N(C)C(=O)COC(F)(F)F)cc1F,1,bioisostere,add-F,CCN(C1CC1)[C@H](CNC(=O)c1ccc(Cl)s1)C(=O)Nc1ccc(N2CCOCC2=O)cc1F,0 1 2 3 4 5 6 7 8 9 10 11 12 13 14 15 16 17 18 19 20 21 22 23 24 25 26 27 29 30 31 32 33 34 35 36,O=C(NC[C@@H](NC1CC1)C(=O)Nc1ccc(N2CCOCC2=O)cc1)c1cccs1,train,564.9890000000003,4.261200000000003,0.39810061443783384,37,71
subcategory_bioisostere.add-F_649,COc1ccc(S(=O)(=O)N2CCOCC2)cc1C(=O)NC(C)c1ccc(F)c(Cl)c1,0,authentic,authentic,,,O=C(NCc1ccccc1)c1cccc(S(=O)(=O)N2CCOCC2)c1,train,456.9230000000001,2.999600000000001,0.7218909903331392,30,54
subcategory_bioisostere.add-F_256,Cc1nc(CN2CCN([C@H](C(=O)N[C@@H](Cc3ccccc3)[C@H](O)CN(CC(C)C)S(=O)(=O)c3ccc(C(=O)O)cc3)C(C)C)C2=O)cs1,0,authentic,authentic,,,O=C(CN1CCN(Cc2cscn2)C1=O)N[C@H](CCNS(=O)(=O)c1ccccc1)Cc1ccccc1,train,699.8960000000003,3.8472200000000027,0.20338838814083807,48,100
subcategory_bioisostere.add-F_1115,O=C(NCCc1c(-c2ccccc2)[nH]c2ccc(OC(F)F)cc12)C(F)(F)F,1,bioisostere,add-F,COc1ccc2[nH]c(-c3ccccc3)c(CCNC(=O)C(F)(F)F)c2c1,0 1 2 3 4 5 6 7 8 9 10 11 12 13 14 15 16 18 19 20 21 22 23 24 25 26 27,c1ccc(-c2cc3ccccc3[nH]2)cc1,train,398.331,4.657300000000002,0.5938619750580575,28,51
subcategory_bioisostere.add-F_838,COc1cc(OF)c2cc(-c3cc(OC)c(C)c(OC)c3C)oc2c1,1,bioisostere,add-F,COc1cc(O)c2cc(-c3cc(OC)c(C)c(OC)c3C)oc2c1,4 5 6,c1ccc(-c2cc3ccccc3o2)cc1,train,346.3540000000001,5.005740000000004,0.6501428682345749,25,42
subcategory_bioisostere.add-F_1362,Cc1nc(-c2ccc(OCC(C)C)c(C#N)c2)sc1C(=O)OCC(F)(F)F,1,bioisostere,add-F,Cc1nc(-c2ccc(OCC(C)C)c(C#N)c2)sc1C(=O)OC(C)(C)C,0 1 2 3 4 5 6 7 8 9 10 11 12 13 14 15 16 17 18 20 21 22 23 24 25,c1ccc(-c2nccs2)cc1,train,398.40600000000006,4.744100000000003,0.6571919240038845,27,48
subcategory_bioisostere.add-F_1076,CNC1(c2ccc(N3CCc4c(C(N)=O)nn(-c5ccc(OC(F)(F)F)cc5)c4C3=O)cc2)CC1,1,bioisostere,add-F,CNC1(c2ccc(N3CCc4c(C(N)=O)nn(-c5ccc(OC)cc5)c4C3=O)cc2)CC1.O=C(O)C(F)(F)F,0 1 2 3 4 5 6 7 8 9 10 11 12 13 14 15 16 17 18 19 21 22 23 24 25 26 27 28 29 30 31 32 33 34,O=C1c2c(cnn2-c2ccccc2)CCN1c1ccc(C2CC2)cc1,train,485.4660000000002,3.281200000000002,0.558068008245332,35,64
subcategory_bioisostere.add-F_1269,COC(=O)c1c(OCC(F)(F)F)cc2oc3c(C(=O)O)c(C)cc(OC)c3c2c1C,1,bioisostere,add-F,COC(=O)c1c(OC)cc2oc3c(C(=O)O)c(C)cc(OC)c3c2c1C,5 6 7 8 9 10 11,c1ccc2c(c1)oc1ccccc12,train,426.34300000000025,4.637340000000004,0.5941898963335216,30,54
subcategory_bioisostere.add-F_1331,COc1ccc2c(c1O)-c1cccc3c1C(C2)N(CCOC(F)(F)F)CC3,1,bioisostere,add-F,COc1ccc2c(c1O)-c1cccc3c1C(C2)N(CCOCCCl)CC3,0 1 2 3 4 5 6 7 8 9 10 11 12 13 14 15 16 17 18 20 21 22 23 24 25 26,c1ccc2c(c1)CC1NCCc3cccc-2c31,train,379.3780000000001,4.0595000000000026,0.8700687114207413,27,46
subcategory_bioisostere.add-F_1352,Cc1cc(N2CCc3c(C(N)=O)nn(-c4ccc(OCC(F)(F)F)c(F)c4)c3C2=O)ccc1N1CCC1=O,1,bioisostere,add-F,COc1ccc(-n2nc(C(N)=O)c3c2C(=O)N(c2ccc(N4CCC4=O)c(C)c2)CC3)cc1F,3 4 5 6,O=C1CCN1c1ccc(N2CCc3cnn(-c4ccccc4)c3C2=O)cc1,train,531.4660000000003,3.2994200000000022,0.3878127641072165,38,68
subcategory_bioisostere.add-F_1431,O=C1c2c(c(C(F)(F)F)nn2-c2ccc(OC(F)(F)F)cc2)CCN1c1ccc(C2(CO)CCCCC2)cc1,1,bioisostere,add-F,COc1ccc(-n2nc(C(F)(F)F)c3c2C(=O)N(c2ccc(C4(CO)CCCCC4)cc2)CC3)cc1,14 15 16 17 18 19,O=C1c2c(cnn2-c2ccccc2)CCN1c1ccc(C2CCCCC2)cc1,val,553.5030000000003,6.186800000000005,0.38312858110503134,39,69
subcategory_bioisostere.add-F_176,CC(=O)Nc1ccc(NC(=O)C(C)OC(=O)CNC(=O)c2cccs2)cc1,0,authentic,authentic,,,O=C(COC(=O)CNC(=O)c1cccs1)Nc1ccccc1,test,389.43300000000005,2.0066999999999995,0.6270303099923028,27,47
subcategory_bioisostere.add-F_265,O=C(NC1CCC1)N[C@@H](CNC(=O)c1ccc(Cl)s1)C(=O)Nc1ccc(N2CCOCC2=O)c(F)c1,0,authentic,authentic,,,O=C(NC1CCC1)N[C@@H](CNC(=O)c1cccs1)C(=O)Nc1ccc(N2CCOCC2=O)cc1,train,538.0010000000004,2.4926000000000013,0.4110935418670554,36,68
subcategory_bioisostere.add-F_957,CCN(CC)CCNC(=O)c1cc(Cl)c(NC2=NCCN2)cc1OC(F)(F)F,1,bioisostere,add-F,CCN(CC)CCNC(=O)c1cc(Cl)c(NC2=NCCN2)cc1OC,0 1 2 3 4 5 6 7 8 9 10 11 12 13 14 15 16 17 18 19 20 21 23 24 25 26,c1ccc(NC2=NCCN2)cc1,test,421.8510000000001,2.6813000000000002,0.6012755082970762,28,47
subcategory_bioisostere.add-F_1482,OCc1cc(C(O)CNF)ccc1O,1,bioisostere,add-F,CC(Cc1ccccc1)NCC(O)c1ccc(O)c(CO)c1,7 8 9,c1ccc(CCNCCc2ccccc2)cc1,train,201.197,0.39199999999999996,0.5317087545773913,14,20
subcategory_bioisostere.add-F_739,COc1cc2c(cc1OC)C(=O)C(CC1(F)CCN(C(F)Cc3ccccc3)CC1)C2,0,authentic,authentic,,,O=C1c2ccccc2CC1CC1CCN(CCc2ccccc2)CC1,test,429.5070000000001,4.791300000000004,0.5934447494524816,31,52
subcategory_bioisostere.add-F_1130,CCCc1nn(C)c2c(=O)[nH]c(-c3ccccc3OC(F)F)nc12,1,bioisostere,add-F,CCCc1nn(C)c2c(=O)[nH]c(-c3ccccc3OCC)nc12,0 1 2 3 4 5 6 7 8 9 10 11 12 13 14 15 16 18 19 20 21 22 23,O=c1[nH]c(-c2ccccc2)nc2cn[nH]c12,train,334.326,2.8775000000000004,0.7785768050923861,24,43
subcategory_bioisostere.add-F_1513,O=C(NCC1CCCCN1)c1ccc(OC(F)(F)F)c(OCC(F)(F)F)c1OCC(F)(F)F,1,bioisostere,add-F,O=C(NCC1CCCCN1)c1ccc(OCC(F)(F)F)c(OCC(F)(F)F)c1OCC(F)(F)F,13 14 15 16 17 18,O=C(NCC1CCCCN1)c1ccccc1,train,498.34200000000016,4.339300000000003,0.5225206345486579,33,56
subcategory_bioisostere.add-F_484,CCCn1c(=O)c2nc(-c3ccccc3N)[nH]c2n(CCC)c1=O,0,authentic,authentic,,,O=c1[nH]c(=O)c2nc(-c3ccccc3)[nH]c2[nH]1,train,327.38800000000015,1.9554999999999998,0.699737544303038,24,42
subcategory_bioisostere.add-F_1295,FC(F)Oc1cccc2c1CC[C@@H]1[C@@H]2CCN1CC1CC1,1,bioisostere,add-F,COc1cccc2c1CC[C@@H]1[C@@H]2CCN1CC1CC1,0 1 2 3 4,c1ccc2c(c1)CC[C@@H]1[C@@H]2CCN1CC1CC1,val,293.35699999999997,3.802100000000003,0.8369228526674598,21,41
subcategory_bioisostere.add-F_411,CCOC(=O)[C@H](CCc1ccccc1)NC(C)C(=O)N1CCC2(CCCOC2)[C@H]1C(=O)O,0,authentic,authentic,,,O=C(CNCCCc1ccccc1)N1CCC2(CCCOC2)C1,train,446.54400000000044,2.0113,0.5592124948265714,32,61
subcategory_bioisostere.add-F_248,C=CCNC(=O)CS(=O)C(c1ccccc1)c1ccccc1,0,authentic,authentic,,,c1ccc(Cc2ccccc2)cc1,train,313.422,2.826900000000001,0.7990437398544105,22,35
subcategory_bioisostere.add-F_1305,CN(CCCc1ccccc1)CCC(OCC(F)(F)F)c1ccccc1,1,bioisostere,add-F,CN(CCCc1ccccc1)CCC(Oc1ccc(C(F)(F)F)cc1)c1ccccc1,0 1 2 3 4 5 6 7 8 9 10 11 12 14 15 16 17 18 19 20 21 22 23 24 25,c1ccc(CCCNCCC(Oc2ccccc2)c2ccccc2)cc1,test,365.43899999999996,5.261300000000006,0.5692909971803592,26,38
subcategory_bioisostere.add-F_1395,Cc1c(CC(=O)NC(=O)NCN2CCOCC2)c2cc(OC(F)F)ccc2n1C(=O)c1ccc(Cl)cc1,1,bioisostere,add-F,COc1ccc2c(c1)c(CC(=O)NC(=O)NCN1CCOCC1)c(C)n2C(=O)c1ccc(Cl)cc1,3 4,O=C(Cc1cn(C(=O)c2ccccc2)c2ccccc12)NC(=O)NCN1CCOCC1,train,534.9470000000001,3.551020000000003,0.4805818044753351,37,63
subcategory_bioisostere.add-F_740,CC(C)S(=O)(=O)N1CCC(CNC(=O)c2nccnc2N)(c2ccccc2)CC1,0,authentic,authentic,,,O=C(NCC1(c2ccccc2)CCNCC1)c1cnccn1,test,417.53500000000014,1.560600000000001,0.7363226905959098,29,50
subcategory_bioisostere.add-F_356,O=C1CCc2ccc(OCCCCN3CC[NH+](c4ccc(O)c(Cl)c4Cl)CC3)cc2N1.[Cl-],0,authentic,authentic,,,O=C1CCc2ccc(OCCCCN3CC[NH+](c4ccccc4)CC3)cc2N1,test,500.85400000000016,0.2789000000000011,0.3774559131219291,32,60
subcategory_bioisostere.add-F_322,CCCCc1nc(CCCC)n(Cc2ccc(-n3cccc3C(=O)O)cc2)n1,0,authentic,authentic,,,c1ccn(-c2ccc(Cn3cncn3)cc2)c1,train,380.4920000000001,4.500500000000003,0.5619274739408966,28,44
subcategory_bioisostere.add-F_614,COc1cc(CN2CCn3nc(C(=O)Nc4ccc(F)cc4)cc3C2=O)cc(OC)c1,0,authentic,authentic,,,O=C(Nc1ccccc1)c1cc2n(n1)CCN(Cc1ccccc1)C2=O,train,424.4320000000002,2.947700000000002,0.6577023611354028,31,51
subcategory_bioisostere.add-F_594,O=[N+]([O-])c1nccn1C1SC(CO)C(O)C(O)C1O,0,authentic,authentic,,,c1cn(C2CCCCS2)cn1,train,291.285,-1.5197000000000005,0.3883445435850122,19,38
subcategory_bioisostere.add-F_132,CCCCOC(=O)CC[C@@]1(C)[C@H]2Cc3c(c(C)c4c(c3OC)C(=O)OC4)O[C@@]2(C)C[C@@H](O)[C@H]1C(C)(C)O,0,authentic,authentic,,,O=C1OCc2cc3c(cc21)C[C@@H]1CCCCC1O3,val,518.6470000000004,4.265320000000004,0.3878219997205333,37,88
subcategory_bioisostere.add-F_711,CCOC(=O)C1(NC(=O)N(CCCl)N=O)CCCC1,0,authentic,authentic,,,C1CCCC1,test,291.73500000000007,1.7941,0.34965407722611186,19,33
subcategory_bioisostere.add-F_654,CCN(CC)CCCNCCCCCCNc1ccnc2cc(Cl)ccc12,0,authentic,authentic,,,c1ccc2ncccc2c1,train,391.003,5.182000000000004,0.43571367286347634,27,36
subcategory_bioisostere.add-F_179,CC12CC3CC(C)(C1)CC(N)(C3)C2.Nc1nnc(-c2cccc(Cl)c2Cl)c(N)n1,0,authentic,authentic,,,C1C2CC3CC1CC(C2)C3.c1ccc(-c2cncnn2)cc1,train,435.40300000000013,4.703900000000002,0.5976537455203981,29,57
subcategory_bioisostere.add-F_911,CCCc1cn(C)c2c(=O)[nH]c(-c3cc(S(=O)(=O)N4CCN(C[C@@H](C)CF)CC4)ccc3OC(F)(F)F)nc12,1,bioisostere,add-F,CCCc1cn(C)c2c(=O)[nH]c(-c3cc(S(=O)(=O)N4CCN(C[C@@H](C)CF)CC4)ccc3OCC)nc12,0 1 2 3 4 5 6 7 8 9 10 11 12 13 14 15 16 17 18 19 20 21 22 23 24 25 26 27 28 29 30 32 33 34 35 36 37 38,O=c1[nH]c(-c2cccc(S(=O)(=O)N3CCNCC3)c2)nc2cc[nH]c12,train,573.6130000000004,3.691600000000002,0.39225471789339017,39,79
subcategory_bioisostere.add-F_1566,O=C(O)c1sc(-c2ccccc2OCC(F)(F)F)nc1-c1cccs1,1,bioisostere,add-F,CCC(C#N)C(C)Oc1ccccc1-c1nc(-c2cccs2)c(C(=O)O)s1,0 1 2 3 4 5 6 7 8 9 10 12 13 14 15 16 17 18 19 20 21 22 23 24,c1ccc(-c2nc(-c3cccs3)cs2)cc1,val,385.38800000000003,5.177900000000002,0.6576117406312919,25,42
subcategory_bioisostere.add-F_1485,O=C(NC[C@@H](CNc1ccc(-n2ccccc2=O)cc1)OC(F)(F)F)c1ccc(Cl)s1,1,bioisostere,add-F,O=C(NC[C@H]1CN(c2ccc(-n3ccccc3=O)cc2)C(=O)O1)c1ccc(Cl)s1,0 1 2 3 5 6 7 8 9 10 11 12 13 14 15 16 17 18 19 20 21 22 23 24 25 26 27 28 29 30,O=C(NC[C@H]1CN(c2ccc(-n3ccccc3=O)cc2)C(=O)O1)c1cccs1,train,471.88800000000015,4.299300000000003,0.5136067280597518,31,58
subcategory_bioisostere.add-F_1488,CN[C@@H](CNC(=O)c1ccc(Cl)s1)C(=O)Nc1ccc(NC(=O)COCC(F)(F)F)cc1F,1,bioisostere,add-F,CN[C@@H](CNC(=O)c1ccc(Cl)s1)C(=O)Nc1ccc(N2CCOCC2=O)cc1F,0 1 2 3 4 5 6 7 8 9,O=C(CCNC(=O)c1cccs1)Nc1ccc(N2CCOCC2=O)cc1,train,510.89700000000016,3.014500000000001,0.36749286613495763,33,62
subcategory_bioisostere.add-F_277,CCOC(=O)[C@H](CCc1ccccc1)NC(C)C(=O)N1CC2(C[C@H]1C(=O)O)SCCS2,0,authentic,authentic,,,O=C(CNCCCc1ccccc1)N1CCC2(C1)SCCS2,val,466.62500000000034,2.3908000000000005,0.5358568540176747,31,60
subcategory_bioisostere.add-F_251,CC(C)(C)c1ccc([C@@]2(C)NC(=O)N(CC(=O)NCCc3ccc(F)cc3)C2=O)cc1,0,authentic,authentic,,,O=C(CN1C(=O)NC(c2ccccc2)C1=O)NCCc1ccccc1,test,425.5040000000002,3.249100000000002,0.6977010575629873,31,60
subcategory_bioisostere.add-F_409,NS(=O)(=O)c1ccccc1-c1ccc(C(=O)N2CCN(S(=O)(=O)c3ccc4cc(Br)ccc4c3)CC2)cc1,0,authentic,authentic,,,O=C(c1ccc(-c2ccccc2)cc1)N1CCN(S(=O)(=O)c2ccc3ccccc3c2)CC1,test,614.5430000000001,4.063400000000003,0.3640154221650847,38,71
subcategory_bioisostere.add-F_1005,FCCc1c(OCC(F)(F)F)ccc2c1OCO2,1,bioisostere,add-F,FCCc1c(OC[C@@H]2CNCC[C@H]2c2ccc(F)cc2)ccc2c1OCO2,4 5 6 7 8 9 10,c1ccc([C@@H]2CCNC[C@H]2COc2ccc3c(c2)OCO3)cc1,train,266.18999999999994,2.868400000000001,0.784175471036081,18,28
subcategory_bioisostere.add-F_584,O=P(O)(O)OC(Cn1cncn1)(Cn1cncn1)c1ccc(F)cc1F,0,authentic,authentic,,,c1ccc(C(Cn2cncn2)Cn2cncn2)cc1,val,386.25500000000005,0.8527999999999999,0.572269925574477,26,43
subcategory_bioisostere.add-F_439,COc1ccc(C2C(CCC(O)c3ccc(Br)cc3)C(=O)N2c2ccc(F)cc2)cc1,0,authentic,authentic,,,O=C1C(CCCc2ccccc2)C(c2ccccc2)N1c1ccccc1,train,484.3650000000001,5.8147000000000055,0.43066047661905305,31,53
subcategory_bioisostere.add-F_1171,COc1ccc(-c2ncsc2-c2ccc(OF)cc2)cc1,1,bioisostere,add-F,COc1ccc(-c2ncsc2-c2ccc(OC)cc2)cc1,0 1 2 3 4 5 6 7 8 9 10 11 12 13 15 16 17 18 19 20,c1ccc(-c2ncsc2-c2ccccc2)cc1,val,301.342,4.749000000000002,0.6966300623392351,21,33
subcategory_bioisostere.add-F_533,Cl.Fc1ccc([C@@H]2CCNCC2COc2ccc3c(c2)OCO3)cc1,0,authentic,authentic,,,c1ccc([C@@H]2CCNCC2COc2ccc3c(c2)OCO3)cc1,train,365.8320000000001,3.748300000000002,0.8953933091927087,25,44
subcategory_bioisostere.add-F_536,NC(=O)c1cnc2cc(-c3ccncc3)ccc2c1O,0,authentic,authentic,,,c1cnc2cc(-c3ccncc3)ccc2c1,val,265.272,2.1012999999999997,0.742159418511486,20,32
subcategory_bioisostere.add-F_241,CCNS[C@H](C)[C@](O)(Cn1cncn1)c1ccc(F)cc1F,0,authentic,authentic,,,c1ccc(CCn2cncn2)cc1,train,328.38800000000003,2.0903,0.7622198169695753,22,41
subcategory_bioisostere.add-F_1240,Cc1ccn(-c2ccc(OC(F)(F)F)c(F)c2)c(=O)c1,1,bioisostere,add-F,Cc1ccn(-c2ccc(O)c(F)c2)c(=O)c1,2 3 4 5,O=c1ccccn1-c1ccccc1,train,287.212,3.1836200000000012,0.7943133634135979,20,38
subcategory_bioisostere.add-F_1060,CCNC(=O)N1CCN([C@H]2CCc3ccc(OC(F)(F)F)cc32)CC1,1,bioisostere,add-F,CCNC(=O)N1CCN([C@H]2CCc3ccc(OC)cc32)CC1,0 1 2 3 4 5 6 7 8 9 10 11 12 13 14 16 17 18 19 20 21 22 23 24,c1ccc2c(c1)CC[C@@H]2N1CCNCC1,train,357.3760000000001,2.9196000000000017,0.9047520695003605,25,46
subcategory_bioisostere.add-F_1022,CC(C)C(NC(=O)Cn1c(-c2cccc(OCC(F)(F)F)c2)ccc(NC(=O)OCc2ccccc2)c1=O)C(=O)C(F)(F)F,1,bioisostere,add-F,CC(C)C(NC(=O)Cn1c(-c2cccc(OC(C)(C)C)c2)ccc(NC(=O)OCc2ccccc2)c1=O)C(=O)C(F)(F)F,4 5 6,O=C(Nc1ccc(-c2ccccc2)[nH]c1=O)OCc1ccccc1,train,627.5380000000002,5.477300000000004,0.2724351320263623,44,79
subcategory_bioisostere.add-F_381,C#CCOCn1cnc2c(Sc3c([N+](=O)[O-])ncn3C)ncnc21,0,authentic,authentic,,,c1nc(Sc2cnc[nH]2)c2nc[nH]c2n1,test,345.34400000000005,1.2264999999999997,0.21537008810450803,24,44
subcategory_bioisostere.add-F_53,CCOC(=O)[C@H](CCc1ccccc1)NC(C)C(=O)N1CCC[C@@]1(C(=O)O)C1CCCCC1,0,authentic,authentic,,,O=C(CNCCCc1ccccc1)N1CCCC1C1CCCCC1,val,458.5990000000005,3.5551000000000013,0.5207339041875968,33,62
subcategory_bioisostere.add-F_232,COC(=O)C1=C(C)NC(=O)N(C(=O)NCCCN2CCC(c3ccccc3)(c3ccccc3)CC2)C1c1ccc(F)c(F)c1,0,authentic,authentic,,,O=C1NC=CC(c2ccccc2)N1C(=O)NCCCN1CCC(c2ccccc2)(c2ccccc2)CC1,train,602.6820000000004,5.659900000000006,0.2566431869872637,44,76
subcategory_bioisostere.add-F_511,CS(=O)(=O)N1CC2(CCN(C(=O)[C@@H](Cc3ccc(Cl)cc3)NC(=O)[C@H]3Cc4ccccc4CN3)CC2)c2ccccc21,0,authentic,authentic,,,O=C(N[C@H](Cc1ccccc1)C(=O)N1CCC2(CC1)CNc1ccccc12)[C@H]1Cc2ccccc2CN1,train,607.176,3.421800000000002,0.44811593172436975,42,84
subcategory_bioisostere.add-F_570,Cc1nc(-c2ccc3c(c2)CCO3)sc1C(=O)O,0,authentic,authentic,,,c1csc(-c2ccc3c(c2)CCO3)n1,train,261.3019999999999,2.751620000000001,0.9026242673514056,18,32
subcategory_bioisostere.add-F_643,Cc1ccccc1/C=C/C(=O)NC[C@H]1CCC[C@@H]1CN1CCC(c2noc3cc(F)ccc23)CC1,0,authentic,authentic,,,O=C(/C=C/c1ccccc1)NC[C@H]1CCC[C@@H]1CN1CCC(c2noc3ccccc23)CC1,train,475.6080000000003,5.700620000000006,0.4454769749274481,35,64
subcategory_bioisostere.add-F_1208,O=c1c(-c2ccccc2)c(-c2ccccc2)oc2cc(OC(F)F)ccc12,1,bioisostere,add-F,CC(C)(C)NCC(O)COc1ccc2c(=O)c(-c3ccccc3)c(-c3ccccc3)oc2c1,19 20 21 22 23,O=c1c(-c2ccccc2)c(-c2ccccc2)oc2ccccc12,train,364.34700000000004,5.728400000000002,0.4642838201733086,27,46
subcategory_bioisostere.add-F_751,OCC(CO)CC(O)(Cn1cncn1)c1ccc(F)cc1F,0,authentic,authentic,,,c1ccc(CCn2cncn2)cc1,train,313.30400000000003,0.4349999999999993,0.689602812737419,22,34
subcategory_bioisostere.add-F_1084,O=C1CC(NC(=O)c2cc(C(F)(F)F)ccc2Oc2ccc(OC(F)(F)F)c(F)c2)CCN1,1,bioisostere,add-F,COc1ccc(Oc2ccc(C(F)(F)F)cc2C(=O)NC2CCNC(=O)C2)cc1F,0 1 2 3 4 5 6 7 8 9 10 11 12 13 14 15 16 17 18 19 20 22 23 24 25 26 27 28 29 30 31 32,O=C1CC(NC(=O)c2ccccc2Oc2ccccc2)CCN1,train,480.3360000000001,4.543800000000002,0.616516639620565,33,59
subcategory_bioisostere.add-F_1299,O=C(O)c1cc2cc(OCC(F)(F)F)ccc2n1Cc1ccc(Cl)c(Cl)c1,1,bioisostere,add-F,CC(=O)Oc1ccc2c(c1)cc(C(=O)O)n2Cc1ccc(Cl)c(Cl)c1,7 8 9 10 11 12 13,c1ccc(Cn2ccc3ccccc32)cc1,train,418.1980000000001,5.635700000000003,0.5840617679573754,27,48
subcategory_bioisostere.add-F_1480,CCc1c(COC(F)(F)F)c(C(=O)NCc2cccc(F)c2F)nn1-c1ccc(OC)cc1,1,bioisostere,add-F,COc1ccc(-n2nc(C(=O)NCc3cccc(F)c3F)c3c2CCOC3)cc1,0 1 2 3 5 6 7 8 9 10 11 12 13 14 15 16 17 18 19 20 21 22 23 24 25 26 27 28 29 30 31 32,O=C(NCc1ccccc1)c1nn(-c2ccccc2)c2c1COCC2,train,469.41000000000014,4.6879000000000035,0.4865944987650425,33,55
subcategory_bioisostere.add-F_1256,O=C1CC2(CCN(C(=O)c3ccccc3OC(F)F)CC2)CN1,1,bioisostere,add-F,O=C1CC2(CCN(C(=O)c3ccccc3OC(F)(F)C(F)F)CC2)CN1,,O=C1CC2(CCN(C(=O)c3ccccc3)CC2)CN1,train,324.3270000000001,2.0303,0.9254280190031572,23,39
subcategory_bioisostere.add-F_761,C[C@@]1(C(=O)N[C@@H](Cc2ccc(NC(=O)c3c(Cl)ccnc3Cl)cc2)C(=O)O)CCCN1S(=O)(=O)c1cc(Cl)cc(Cl)c1,0,authentic,authentic,,,O=C(Nc1ccc(CCNC(=O)C2CCCN2S(=O)(=O)c2ccccc2)cc1)c1cccnc1,train,674.3900000000001,5.302800000000004,0.26131324920974525,42,90
subcategory_bioisostere.add-F_759,COc1cc2c(c(OC)c1OC)-c1ccc(NCc3ccccc3F)c(=O)cc1C(NC(C)=O)CC2,0,authentic,authentic,,,O=c1cc2c(ccc1NCc1ccccc1)-c1ccccc1CCC2,train,492.54700000000025,4.614200000000003,0.5009594118150895,36,59
subcategory_bioisostere.add-F_1469,Cc1nccn1-c1ccc(-c2cccn3c(O)nc(C(=O)OC(F)(F)F)c23)cc1,1,bioisostere,add-F,COC(=O)c1nc(O)n2cccc(-c3ccc(-n4ccnc4C)cc3)c12,3 4 5,c1cc(-c2ccc(-n3ccnc3)cc2)c2cncn2c1,train,402.3320000000001,3.877620000000002,0.5262578501140301,29,52
subcategory_bioisostere.add-F_314,C/C(=C1/C(=O)N(CCCN(C)C)c2ccc(F)cc21)c1ccc[nH]1.Cl,0,authentic,authentic,,,O=C1Nc2ccccc2C1=Cc1ccc[nH]1,train,363.864,3.8046000000000038,0.8204618465185641,25,50
subcategory_bioisostere.add-F_66,C/C=C/C=N\Nc1nncc2ccccc12,0,authentic,authentic,,,c1ccc2cnncc2c1,train,212.25600000000003,2.603600000000001,0.6280992571222115,16,25
subcategory_bioisostere.add-F_784,O=C(CCl)OCCOCCN1CCN(C2=Nc3ccccc3Sc3ccccc32)CC1,0,authentic,authentic,,,c1ccc2c(c1)N=C(N1CCNCC1)c1ccccc1S2,train,459.9990000000002,3.6457000000000024,0.35770391097546855,31,46
subcategory_bioisostere.add-F_1508,CCCN1C[C@H](CSC)C[C@H](c2cccc(OC(F)(F)F)c2)C1,1,bioisostere,add-F,CCCN1C[C@H](CSC)C[C@H](c2cccc(O)c2)C1,0 1 2 3 4 5 6 7 8 9 10 11 12 13 14 16 17 18 19 20 21 22,c1ccc([C@H]2CCCNC2)cc1,test,347.446,4.7637000000000045,0.7358253399484534,23,45
subcategory_bioisostere.add-F_750,CCN(CC)S(=O)(=O)c1ccc(CCNC(=O)C(=O)NCc2ccccn2)cc1,0,authentic,authentic,,,O=C(NCCc1ccccc1)C(=O)NCc1ccccn1,train,418.5190000000001,1.0872000000000006,0.5927600658256075,29,49
subcategory_bioisostere.add-F_1525,FC(F)(F)COCCN1CCC(=Cc2ccc(-c3ccc(Cl)cc3)cc2)CC1,1,bioisostere,add-F,O=C(O)COCCN1CCC(=Cc2ccc(-c3ccc(Cl)cc3)cc2)CC1,0 1 2 3 4 5 6,C(=C1CCNCC1)c1ccc(-c2ccccc2)cc1,train,409.87900000000013,6.0651000000000055,0.5370893061461864,28,47
subcategory_bioisostere.add-F_137,CC(C)C(C(=O)O)N(C)C(=O)[C@H](OCc1ccccc1)[C@@H](O)[C@H](O)[C@@H](OCc1ccccc1)C(=O)N(C)C(C(=O)O)C(C)C,0,authentic,authentic,,,c1ccc(COCCCCOCc2ccccc2)cc1,train,616.7080000000002,2.0142000000000007,0.20586565033643395,44,98
subcategory_bioisostere.add-F_258,Cc1nc(-c2ccc(OCCO)cc2)sc1C(=O)O,0,authentic,authentic,,,c1ccc(-c2nccs2)cc1,train,279.31699999999995,2.18782,0.8766278519858484,19,31
subcategory_bioisostere.add-F_71,O=NN(CCCl)C(=O)NC1CCCC(C(=O)O)C1,0,authentic,authentic,,,C1CCCCC1,train,277.708,1.5616,0.45241264933746644,18,32
subcategory_bioisostere.add-F_897,CCCc1nn(C)c2c(=O)[nH]c(-c3cc(S(=O)(=O)Nc4ccccc4C)ccc3OCC(F)(F)F)nc12,1,bioisostere,add-F,CCCc1nn(C)c2c(=O)[nH]c(-c3cc(S(=O)(=O)Nc4ccccc4C)ccc3OCC)nc12,28 29 30 31 32 33 34,O=c1[nH]c(-c2cccc(S(=O)(=O)Nc3ccccc3)c2)nc2cn[nH]c12,train,535.5480000000001,4.326420000000003,0.34683175465567234,37,68
subcategory_bioisostere.add-F_292,COc1ccc(Cl)cc1C(=O)NC1C(c2ccc(S(C)(=O)=O)cc2)C1(C)C,0,authentic,authentic,,,O=C(NC1CC1c1ccccc1)c1ccccc1,train,407.9190000000002,3.674100000000003,0.8201746128979641,27,51
subcategory_bioisostere.add-F_63,Cc1cnc(-c2cccc([N+](=O)[O-])c2)n2nc(Cl)nc12,0,authentic,authentic,,,c1ccc(-c2nccc3ncnn23)cc1,val,289.682,2.661320000000001,0.5345095374425589,20,43
subcategory_bioisostere.add-F_327,CN1[C@@H](CCc2ccc(OCCF)cc2)CCC[C@H]1CCc1ccc(OCCF)cc1.Cl,0,authentic,authentic,,,c1ccc(CC[C@H]2CCC[C@@H](CCc3ccccc3)N2)cc1,train,468.0280000000002,6.223300000000008,0.369393447252937,32,55
subcategory_bioisostere.add-F_1050,COc1ccc2c(c1)c(CC(=O)NCCC(=O)OC(F)F)c(C)n2C(=O)c1ccc(Cl)cc1,1,bioisostere,add-F,COC(=O)CCNC(=O)Cc1c(C)n(C(=O)c2ccc(Cl)cc2)c2ccc(OC)cc12,3 4,O=C(c1ccccc1)n1ccc2ccccc21,train,478.87900000000013,4.114820000000003,0.4922064016392151,33,59
subcategory_bioisostere.add-F_744,CCN(CC)CCNC(=O)c1c(C)[nH]c2c1CCC/C2=C1/C(=O)Nc2ccc(C)cc21,0,authentic,authentic,,,O=C1Nc2ccccc2/C1=C1\CCCc2cc[nH]c21,val,420.5570000000002,3.9023400000000024,0.6204479859100822,31,57
subcategory_bioisostere.add-F_831,COc1cc2c(cc1OC(F)(F)F)C(c1ccccc1)CC2=O,1,bioisostere,add-F,COc1cc2c(cc1OC)C(c1ccccc1)CC2=O,0 1 2 3 4 5 6 8 9 10 11 12 13 14 15 16 17 18 19 20 21 22,O=C1CC(c2ccccc2)c2ccccc21,val,322.28200000000004,4.312100000000004,0.8444360062568023,23,38
subcategory_bioisostere.add-F_153,CN(CC(CNC(=O)c1ccc(Cl)s1)OC=O)c1ccc(N2CCOCC2=O)c(F)c1,0,authentic,authentic,,,O=C(NCCCNc1ccc(N2CCOCC2=O)cc1)c1cccs1,train,469.9220000000003,2.3116000000000003,0.5669496297545253,31,53
subcategory_bioisostere.add-F_117,C[C@@H](n1ncn(CC(F)(F)F)c1=O)[C@](O)(Cn1cncn1)c1ccc(F)cc1F,0,authentic,authentic,,,O=c1[nH]cnn1CC(Cn1cncn1)c1ccccc1,train,418.326,1.6258000000000001,0.6148572791448731,29,58
subcategory_bioisostere.add-F_1493,CSc1ccnc(CS(=O)c2nc3ccc(OCC(F)(F)F)cc3[nH]2)c1,1,bioisostere,add-F,CSc1ccnc(CS(=O)c2nc3ccc(OC(C)C)cc3[nH]2)c1,0 1 2 3 4 5 6 7 8 9 10 11 12 13 14 16 17 18 19 20 21 22 23 24 25,O=S(Cc1ccccn1)c1nc2ccccc2[nH]1,train,401.43500000000006,3.9287000000000027,0.6341920954828081,26,46
subcategory_bioisostere.add-F_890,FC(F)OCCN1CCN(C(c2ccccc2)c2ccccc2)CC1,1,bioisostere,add-F,O=C(O)COCCN1CCN(C(c2ccccc2)c2ccccc2)CC1,0 1 2 3 5 6 7 8 9 10 11 12 13 14 15 16 17 18 19 20 21 22 23,c1ccc(C(c2ccccc2)N2CCNCC2)cc1,train,346.4210000000001,3.632800000000003,0.7613447506712997,25,37
subcategory_bioisostere.add-F_1258,CCc1nn(C[C@@H]2CCCN2C)c2c(=O)[nH]c(-c3cc(S(=O)(=O)CC)ccc3OC(F)F)nc12,1,bioisostere,add-F,CCCOc1ccc(S(=O)(=O)CC)cc1-c1nc2c(CC)nn(C[C@@H]3CCCN3C)c2c(=O)[nH]1,3 4,O=c1[nH]c(-c2ccccc2)nc2cnn(C[C@@H]3CCCN3)c12,train,495.5520000000002,2.8382000000000005,0.5116854049965739,34,68
subcategory_bioisostere.add-F_1576,CC(CCc1ccc(OC(F)(F)F)cc1)NCc1ccc(C(F)(F)F)cc1,1,bioisostere,add-F,COc1ccc(CCC(C)NCc2ccc(C(F)(F)F)cc2)cc1,0 1 2 3 4 5 6 8 9 10 11 12 13 14 15 16 17 18 19 20 21 22 23 24 25 26,c1ccc(CCCNCc2ccccc2)cc1,train,391.355,5.714900000000004,0.6102600390201196,27,45
subcategory_bioisostere.add-F_915,FC(F)(F)OCCN1CCC(=C(c2ccccc2)c2ccccc2Cl)CC1,1,bioisostere,add-F,O=C(O)COCCN1CCC(=C(c2ccccc2)c2ccccc2Cl)CC1,3 4 5,c1ccc(C(=C2CCNCC2)c2ccccc2)cc1,train,395.8520000000002,5.774100000000004,0.6364315119726072,27,43
subcategory_bioisostere.add-F_1591,O=C(CN1C[C@H](NC(=O)c2ccc(Cl)s2)[C@@H](OC(F)(F)F)C1)Nc1ccc(-n2ccccc2=O)cc1F,1,bioisostere,add-F,CO[C@H]1CN(CC(=O)Nc2ccc(-n3ccccc3=O)cc2F)C[C@@H]1NC(=O)c1ccc(Cl)s1,3 4 5,O=C(CN1CC[C@@H](NC(=O)c2cccs2)C1)Nc1ccc(-n2ccccc2=O)cc1,train,558.9410000000001,3.649200000000002,0.4320435060257492,37,75
subcategory_bioisostere.add-F_1417,C[C@H](CCC1CC1)CC(CN)CC(=O)OC(F)(F)F,1,bioisostere,add-F,C[C@H](CCC1CC1)CC(CN)CC(=O)O,0 1 2 3 4 5 6 7 8 9 10 11 13 14 15 16 17,C1CC1,test,281.3179999999999,3.2308000000000012,0.6948840138568665,19,36
subcategory_bioisostere.add-F_341,C/C=C(F)\C=C/CC1(CCCN(C)C)OCc2cc(C#N)ccc21,0,authentic,authentic,,,c1ccc2c(c1)COC2,train,328.43100000000004,4.445180000000004,0.6940783561160714,24,42
subcategory_bioisostere.add-F_872,CCC(C)NC(=O)c1ccc(S(=O)(=O)NC(=O)c2cc(C)ccc2OC(F)(F)F)cc1,1,bioisostere,add-F,CCC(C)NC(=O)c1ccc(S(=O)(=O)NC(=O)c2cc(C)ccc2OC)cc1,0 1 2 3 4 5 6 7 8 9 10 11 12 13 14 15 16 17 18 19 20 21 22 24 25 26 27 28 29 30,O=C(NS(=O)(=O)c1ccccc1)c1ccccc1,train,458.45800000000014,3.5406200000000023,0.6610095764966079,31,57
subcategory_bioisostere.add-F_913,O=C(O)[C@H]1CSC(c2cccc(OCC(F)(F)F)c2O)=N1,1,bioisostere,add-F,COc1cccc(C2=N[C@@H](C(=O)O)CS2)c1O,0 1 2 3 4 5 6 7 8 9 10 12 13 14 15 16 17 18 19 20,c1ccc(C2=NCCS2)cc1,train,321.276,2.279900000000001,0.8892858817284668,21,41
subcategory_bioisostere.add-F_627,CCNc1cccnc1N1CCN(C(=O)c2ccc[nH]2)CC1,0,authentic,authentic,,,O=C(c1ccc[nH]1)N1CCN(c2ccccn2)CC1,val,299.378,1.8038999999999998,0.9034458498852659,22,36
subcategory_bioisostere.add-F_1381,NC(=O)c1nn(-c2ccc(OC(F)(F)F)cc2)c2c1CCN(c1ccc(C3(CN4CCOCC4)CC3)cc1)C2=O,1,bioisostere,add-F,COc1ccc(-n2nc(C(N)=O)c3c2C(=O)N(c2ccc(C4(CN5CCOCC5)CC4)cc2)CC3)cc1,3 4 5,O=C1c2c(cnn2-c2ccccc2)CCN1c1ccc(C2(CN3CCOCC3)CC2)cc1,train,555.5570000000006,3.4365000000000023,0.47942057674156585,40,71
subcategory_bioisostere.add-F_1595,COc1ccc(C(=O)C2CCCN(Cc3ccc(OCC(F)(F)F)c(C)c3C)C2)cc1OC,1,bioisostere,add-F,COc1ccc(C(=O)C2CCCN(Cc3ccc(OC)c(C)c3C)C2)cc1OC,3 4 5 6,O=C(c1ccccc1)C1CCCN(Cc2ccccc2)C1,train,465.5120000000002,5.356640000000006,0.49170316874639136,33,54
subcategory_bioisostere.add-F_163,C[N+]1(CCCC(=O)c2ccc3c(c2)OCCO3)CCC(c2ccccc2)C1,0,authentic,authentic,,,O=C(CCC[NH+]1CCC(c2ccccc2)C1)c1ccc2c(c1)OCCO2,train,366.48100000000005,4.054800000000003,0.5713761183649607,27,47
subcategory_bioisostere.add-F_1330,COC1CCC(S(=O)c2nc3cc(OC(F)(F)F)c(F)cc3[nH]2)c2ncc(C)cc21,1,bioisostere,add-F,CCOc1cc2nc(S(=O)C3CCC(OC)c4cc(C)cnc43)[nH]c2cc1F,3 4 5,O=S(c1nc2ccccc2[nH]1)C1CCCc2cccnc21,train,443.42200000000014,4.634220000000003,0.5950793215530352,30,56
subcategory_bioisostere.add-F_657,COc1ccc(C2=N[C@@](C)(C(=O)O)CS2)c(O)c1,0,authentic,authentic,,,c1ccc(C2=NCCS2)cc1,train,267.306,1.7375,0.8716568198718676,18,38
subcategory_bioisostere.add-F_601,CC(c1ccc(F)cc1)(c1ccccc1F)n1cncn1,0,authentic,authentic,,,c1ccc(C(c2ccccc2)n2cncn2)cc1,train,285.297,3.368100000000002,0.7384140114530477,21,33
subcategory_bioisostere.add-F_1117,C=C(c1ccccc1OC[C@H](F)CN(C)C)n1ccnc1,1,bioisostere,add-F,C=C(c1ccccc1OCC(O)CN1CCCC1)n1ccnc1,0 1 2 3 4 5 6 7 9 10 11 12 13 14 15 16 17 18 19 20,C=C(c1ccccc1OCCCN1CCCC1)n1ccnc1,test,289.3539999999999,2.6806,0.7848266740879734,21,36
subcategory_bioisostere.add-F_1437,O=C(OCC(F)(F)F)c1cc2c3ccccc3nc-2c[nH]1,1,bioisostere,add-F,CCOC(=O)c1cc2c3ccccc3nc-2c[nH]1,1 2 3 4 5 6 7,c1ccc2c3cc[nH]cc-3nc2c1,train,294.232,3.386800000000001,0.7370572352739317,21,38
subcategory_bioisostere.add-F_1590,Cc1c(OC(F)F)ccnc1CS(=O)c1nc2c(O)cccc2[nH]1,1,bioisostere,add-F,Cc1c(OCC(F)(F)F)ccnc1CS(=O)c1nc2c(O)cccc2[nH]1,0 1 3 4 5 6 7 8 9 10 11 12 13 14 15 16 17 18 19 20 21 22 23,O=S(Cc1ccccn1)c1nc2ccccc2[nH]1,train,353.3500000000001,2.88112,0.7363109630263813,24,42
subcategory_bioisostere.add-F_1545,COc1cc(O)c(OC(F)F)cc1CC(C)N,1,bioisostere,add-F,COc1cc(CC(C)N)c(OC)cc1O,0 1 2 3 4 5 7 8 9 10 11 12 13 14 15 16,c1ccccc1,train,247.24099999999996,1.8918999999999995,0.8335538902747716,17,27
subcategory_bioisostere.add-F_869,COc1c(OC(F)(F)F)ccnc1CS(=O)c1nc2ccc(C(F)F)cc2[nH]1,1,bioisostere,add-F,COc1ccnc(CS(=O)c2nc3ccc(C(F)F)cc3[nH]2)c1OC,3 4 5,O=S(Cc1ccccn1)c1nc2ccccc2[nH]1,train,421.3470000000001,4.110500000000002,0.6065022762487868,28,50
subcategory_bioisostere.add-F_169,CCCc1ccc(CCNC(=O)c2cc(Cl)ccc2OC)cc1S(=O)(=O)NC(=S)NC,0,authentic,authentic,,,O=C(NCCc1ccccc1)c1ccccc1,train,484.0430000000002,3.0562000000000005,0.474238100862895,31,52
subcategory_bioisostere.add-F_546,COc1ccc(C(Cc2ccc([N+](=O)[O-])cc2)n2ccnc2)cc1,0,authentic,authentic,,,c1ccc(CC(c2ccccc2)n2ccnc2)cc1,train,323.35200000000003,3.6320000000000023,0.5128441709220485,24,45
subcategory_bioisostere.add-F_1063,CC(C)n1c(/C=C/C(O)CC(O)CC(=O)OCC(F)(F)F)c(-c2ccc(F)cc2)c2ccccc21,1,bioisostere,add-F,CCCCOC(=O)CC(O)CC(O)/C=C/c1c(-c2ccc(F)cc2)c2ccccc2n1C(C)C,4 5 6,c1ccc(-c2c[nH]c3ccccc23)cc1,train,493.49700000000007,5.649000000000006,0.2986279152073776,35,64
subcategory_bioisostere.add-F_752,O=C1CCc2ccc(OCCCCN3CCN(c4ccc(O)c(Cl)c4Cl)CC3)cc2N1,0,authentic,authentic,,,O=C1CCc2ccc(OCCCCN3CCN(c4ccccc4)CC3)cc2N1,train,464.3930000000001,4.564900000000003,0.5884285801170128,31,50
subcategory_bioisostere.add-F_1592,COc1ccc(-c2nc3n(c2-c2ccc(OCC(F)(F)F)c(F)c2)CCS3)cc1F,1,bioisostere,add-F,COc1ccc(-c2nc3n(c2-c2ccc(OC)c(F)c2)CCS3)cc1F,0 1 2 3 4 5 6 7 8 9 10 11 12 13 15 16 17 18 19 20 21 22 23 24 25 26 27 28 29,c1ccc(-c2nc3n(c2-c2ccccc2)CCS3)cc1,test,442.4090000000001,5.550700000000003,0.48569995796318605,30,52
subcategory_bioisostere.add-F_1016,CCCCc1nc(C(C)O)c(C(=O)OC(F)(F)F)n1Cc1ccc(-c2ccccc2-c2nn[nH]n2)cc1,1,bioisostere,add-F,CCCCc1nc(C(C)O)c(C(=O)OCC)n1Cc1ccc(-c2ccccc2-c2nn[nH]n2)cc1,3 4 5,c1ccc(-c2nn[nH]n2)c(-c2ccc(Cn3ccnc3)cc2)c1,train,514.5080000000002,4.851000000000004,0.30656529198222476,37,65
subcategory_bioisostere.add-F_382,Cc1cccc(/C=C2\CCCCCC2=O)c1,0,authentic,authentic,,,O=C1CCCCC/C1=C\c1ccccc1,train,214.30799999999994,3.9116200000000028,0.5113907148706779,16,26
subcategory_bioisostere.add-F_694,COc1ccc2c(c1)c(CC(=O)N(C)CCc1ccccc1)c(C)n2C(=O)c1ccc(Cl)cc1,0,authentic,authentic,,,O=C(Cc1cn(C(=O)c2ccccc2)c2ccccc12)NCCc1ccccc1,val,474.98800000000017,5.5438200000000055,0.3529203557845003,34,59
subcategory_bioisostere.add-F_1426,Cc1nc(-c2ccc(OC(F)(F)F)cc2)sc1C(=O)O,1,bioisostere,add-F,Cc1nc(-c2ccc(OCC3CCCCC3)cc2)sc1C(=O)O,0 1 2 3 4 5 6 8 9 10 11 12 13 14 15 16 17 18 19,c1csc(-c2ccc(OCC3CCCCC3)cc2)n1,train,303.261,3.715320000000001,0.9385941957689808,20,36
subcategory_bioisostere.add-F_1499,CCOc1ccc(-n2nc(C(N)=O)c3c2C(=O)N(c2ccc(NC(=O)COCC(F)(F)F)c(C)c2)CC3)cc1F,1,bioisostere,add-F,CCOc1ccc(-n2nc(C(N)=O)c3c2C(=O)N(c2ccc(N4CCOCC4=O)c(C)c2)CC3)cc1F,0 1 2 3 4 5 6 7 8 9,O=C1COCCN1c1ccc(N2CCc3cnn(-c4ccccc4)c3C2=O)cc1,train,563.5080000000003,3.537720000000003,0.3835462696467635,40,72
subcategory_bioisostere.add-F_819,Cc1c(CC(=O)Nc2cccc(S(N)(=O)=O)c2)c2cc(OC(F)(F)F)ccc2n1C(=O)c1ccc(Cl)cc1,1,bioisostere,add-F,COc1ccc2c(c1)c(CC(=O)Nc1cccc(S(N)(=O)=O)c1)c(C)n2C(=O)c1ccc(Cl)cc1,3 4 5,O=C(Cc1cn(C(=O)c2ccccc2)c2ccccc12)Nc1ccccc1,train,565.9570000000002,5.018820000000003,0.34006081447970693,38,71
subcategory_bioisostere.add-F_1552,CCCc1cc(OC(F)F)nc2nc(C(=O)c3ccccc3)cn12,1,bioisostere,add-F,CCCc1cc(OC)nc2nc(C(=O)c3ccccc3)cn12,0 1 2 3 4 6 7 8 9 10 11 12 13 14 15 16 17 18 19 20 21 22 23,O=C(c1ccccc1)c1cn2cccnc2n1,train,331.32199999999995,3.5142000000000024,0.6486686301636864,24,39
subcategory_bioisostere.add-F_1349,O=C1C(CC[C@H](O)c2ccc(F)cc2)C(c2ccc(OC(F)F)cc2)N1c1ccc(F)cc1,1,bioisostere,add-F,O=C(O)COc1ccc(C2C(CC[C@H](O)c3ccc(F)cc3)C(=O)N2c2ccc(F)cc2)cc1,3 4,O=C1C(CCCc2ccccc2)C(c2ccccc2)N1c1ccccc1,train,459.4390000000001,5.784100000000005,0.3430418960137959,33,60
subcategory_bioisostere.add-F_254,CCCc1nc(C(=O)NCc2ccc(-c3ccccc3-c3nn[nH]n3)cc2)c(C(O)C(C)C)[nH]1,0,authentic,authentic,,,O=C(NCc1ccc(-c2ccccc2-c2nn[nH]n2)cc1)c1c[nH]cn1,train,459.55400000000014,3.828700000000002,0.30068517342049306,34,63
subcategory_bioisostere.add-F_559,CCCc1c(OCc2ccc(C(=O)O)cc2OC)ccc(C(C)=O)c1O,0,authentic,authentic,,,c1ccc(COc2ccccc2)cc1,train,358.3900000000001,3.833100000000003,0.696714151646982,26,42
subcategory_bioisostere.add-F_679,CN(C)c1noc(C2CN3CCC2CC3)n1,0,authentic,authentic,,,c1noc(C2CN3CCC2CC3)n1,train,222.29199999999994,0.9447999999999999,0.7450430743842276,16,26
subcategory_bioisostere.add-F_1276,CNC1CCc2cc(O)c(OC)c(OC(F)(F)F)c2-c2ccc(OC)c(=O)cc21,1,bioisostere,add-F,CNC1CCc2cc(O)c(OC)c(OC)c2-c2ccc(OC)c(=O)cc21,3 4 5,O=c1cccc2c(c1)CCCc1ccccc1-2,train,411.37600000000015,3.541900000000002,0.8016358831856254,29,51
subcategory_bioisostere.add-F_1236,CN(C)C[C@@H](F)COc1ccccc1C(=O)CCc1ccccc1,1,bioisostere,add-F,Cl.O=C(CCc1ccccc1)c1ccccc1OCC(O)CN1CCC(c2ccccc2)CC1,0 1 2 3 4 5 6 7,O=C(CCc1ccccc1)c1ccccc1OCCCN1CCC(c2ccccc2)CC1,test,329.415,3.7806000000000033,0.6558072845185859,24,40
subcategory_bioisostere.add-F_585,Cc1cccc(C2(c3ccc(C(F)(F)F)cc3)NC(=O)NC2=O)c1,0,authentic,authentic,,,O=C1NC(=O)C(c2ccccc2)(c2ccccc2)N1,train,334.297,3.096820000000001,0.829376734516207,24,44
subcategory_bioisostere.add-F_391,COC(CO)CN1CCN(C2=Nc3ccccc3Sc3ccccc32)CC1,0,authentic,authentic,,,c1ccc2c(c1)N=C(N1CCNCC1)c1ccccc1S2,train,383.51700000000017,2.854400000000002,0.8798204744729428,27,40
subcategory_bioisostere.add-F_74,O=C(O)CNCCCN1CCN(CCCNc2ccnc3cc(Cl)ccc23)CC1,0,authentic,authentic,,,c1ccc2c(NCCCN3CCNCC3)ccnc2c1,val,419.95700000000016,2.3721000000000005,0.4822486041111144,29,43
subcategory_bioisostere.add-F_518,C[N+]1(CCCOc2ccc3c(c2)NC(=O)CC3)CCC(c2ccc(Cl)c(Cl)c2)CC1,0,authentic,authentic,,,O=C1CCc2ccc(OCCC[NH+]3CCC(c4ccccc4)CC3)cc2N1,train,448.4140000000002,5.671200000000006,0.4568371045738057,30,56
subcategory_bioisostere.add-F_969,O=c1cc(-c2ccccc2)oc2c(OCC(F)(F)F)cccc12,1,bioisostere,add-F,CC(C)NCC(O)COc1cccc2c(=O)cc(-c3ccccc3)oc12,0 1 2 3 4 5 6 7 8 9 10 11 13 14 15 16 17 18 19 20 21 22,O=c1cc(-c2ccccc2)oc2ccccc12,train,320.26599999999996,4.401100000000002,0.7178129944787416,23,39
subcategory_bioisostere.add-F_1112,CC(C)NC(=O)N[C@@H](CNC(=O)c1ccc(Cl)s1)C(=O)Nc1ccc(N(C)C(=O)COC(F)(F)F)c(F)c1,1,bioisostere,add-F,CC(C)NC(=O)N[C@@H](CNC(=O)c1ccc(Cl)s1)C(=O)Nc1ccc(N2CCOCC2=O)c(F)c1,0 1 2 3 4 5 6 7 8 10,O=C(CCNC(=O)c1cccs1)Nc1ccc(N2CCOCC2=O)cc1,train,581.9760000000003,3.4845000000000024,0.3194177955037821,38,76
subcategory_bioisostere.add-F_815,CCN(CC)CCNC(=O)c1sc(-c2ccc(OCC(F)(F)F)c(C#N)c2)nc1C,1,bioisostere,add-F,CCN(CC)CCNC(=O)c1sc(-c2ccc(OCC(C)C)c(C#N)c2)nc1C,0 1 2 3 4 5 6 7 8 9 10 11 12 13 14 15 17 18 19 20 21 22 23 24 25 26 27 28 29,c1ccc(-c2nccs2)cc1,train,440.49100000000016,4.002900000000003,0.637715255345771,30,51
subcategory_bioisostere.add-F_1266,Cc1nc(-c2ccc(OCC(F)(F)F)c(-c3nncs3)c2)sc1C(=O)O,1,bioisostere,add-F,Cc1nc(-c2ccc(OCC(C)C)c(-c3nncs3)c2)sc1C(=O)O,0 1 2 3 4 5 6 8 9 10 11 12 13 14 15 16 17 18 19 20 21 22 23 24 25,c1cc(-c2nccs2)cc(-c2nncs2)c1,val,401.391,4.276320000000002,0.6870458089214875,26,47
subcategory_bioisostere.add-F_1414,N#Cc1ccc(C2C(CCC(OF)c3ccc(F)cc3)C(=O)N2c2ccc(F)cc2)cc1,1,bioisostere,add-F,N#Cc1ccc(C2C(CCC(O)c3ccc(F)cc3)C(=O)N2c2ccc(F)cc2)cc1,0 1 2 3 4 5 6 7 8 9 11 12 13 14 15 16 17 18 19 20 21 22 23 24 25 26 27 28 29 30 31,O=C1C(CCCc2ccccc2)C(c2ccccc2)N1c1ccccc1,train,436.43300000000005,5.963180000000005,0.4294007562709693,32,54
subcategory_bioisostere.add-F_646,O=C1c2ccccc2CCCN1CCN1CCC(c2c[nH]c3ccccc23)CC1,0,authentic,authentic,,,O=C1c2ccccc2CCCN1CCN1CCC(c2c[nH]c3ccccc23)CC1,train,387.52700000000004,4.435900000000004,0.719010493461705,29,45
subcategory_bioisostere.add-F_85,COc1ccc(-n2nc(C(F)(F)F)c3c2C(=O)N(c2ccc(C(=O)N(C)C)cc2)CC3)c(C(=O)N2CCCCC2CN(C)C)c1,0,authentic,authentic,,,O=C(c1ccccc1-n1ncc2c1C(=O)N(c1ccccc1)CC2)N1CCCCC1,train,626.68,4.360700000000004,0.3873838001806707,45,83
subcategory_bioisostere.add-F_1339,C[C@H](O)C[C@@H]1CC(=O)c2c(O)cc(OC(F)F)cc2[C@H]1O,1,bioisostere,add-F,COc1cc(O)c2c(c1)[C@@H](O)[C@H](C[C@H](C)O)CC2=O,3 4,O=C1CCCc2ccccc21,train,302.273,2.0005,0.7916307398005837,21,49
subcategory_bioisostere.add-F_1241,FC(F)(F)Oc1cccc(Sc2ccc(NC3=NCCN3)cc2)c1,1,bioisostere,add-F,COc1cccc(Sc2ccc(NC3=NCCN3)cc2)c1,0 1 2 3 4 6 7 8 9 10 11 12 13 14 15 16 17 18 19 20 21 22,c1ccc(Sc2ccc(NC3=NCCN3)cc2)cc1,train,353.36900000000014,4.107500000000002,0.8684442799673576,24,39
subcategory_bioisostere.add-F_412,CCCOCCn1c(N2CCCN(C)CC2)nc2ccccc21,0,authentic,authentic,,,c1ccc2[nH]c(N3CCCNCC3)nc2c1,train,316.44899999999996,2.6048,0.7672219470857952,23,33
subcategory_bioisostere.add-F_600,COc1c(C)c2c(c(O)c1C/C=C(\C)CCC(=O)OCCN1CCOCC1)C(=O)OC2.Cl,0,authentic,authentic,,,O=C(CCC=CCc1ccc2c(c1)C(=O)OC2)OCCN1CCOCC1,train,469.9620000000003,2.9458200000000017,0.43547476144557096,32,57
subcategory_bioisostere.add-F_75,CCOC(=O)[C@H](CCc1ccc(F)cc1)N[C@@H](C)C(=O)N1[C@H](C(=O)O)C[C@@H]2CCC[C@@H]21,0,authentic,authentic,,,O=C(CNCCCc1ccccc1)N1CC[C@@H]2CCC[C@@H]21,test,434.5080000000003,2.5222999999999995,0.5801296989626711,31,77
subcategory_bioisostere.add-F_937,COc1ccc(/C=C(\C)C(Cc2cccc(F)c2)(OC(F)F)C(C)CN(C)C)cc1,1,bioisostere,add-F,COc1ccc(/C=C(\C)C(O)(Cc2cccc(F)c2)C(C)CN(C)C)cc1,0 1 2 3 4 5 6 7 8 10 11 12 13 14 15 16 17 18 19 20 21 22 23 24 25 26 27 28 29,C(=Cc1ccccc1)CCc1ccccc1,val,421.5030000000001,5.656000000000006,0.49440620810693175,30,53
subcategory_bioisostere.add-F_129,Fc1ccccc1Nc1nc2ccccc2n2cncc12,0,authentic,authentic,,,c1ccc(Nc2nc3ccccc3n3cncc23)cc1,train,278.29,3.765200000000002,0.6066886810431263,21,29
subcategory_bioisostere.add-F_276,Cc1ccccc1CC(=O)N1CCC2(CC1)NC(=O)N(Cc1ccccc1)C2=O,0,authentic,authentic,,,O=C(Cc1ccccc1)N1CCC2(CC1)NC(=O)N(Cc1ccccc1)C2=O,train,391.4710000000001,2.6507200000000015,0.8149471663340128,29,48
subcategory_bioisostere.add-F_373,CC1(c2cccc(Cl)c2)NC(=O)NC1=O,0,authentic,authentic,,,O=C1NC(=O)C(c2ccccc2)N1,train,224.64700000000002,1.3945999999999998,0.7087230528852276,15,28
subcategory_bioisostere.add-F_980,NC(=O)c1ccc(-c2nc(-c3ccccn3)c(-c3ccc(OC(F)F)c(O)c3)[nH]2)cc1,1,bioisostere,add-F,NC(=O)c1ccc(-c2nc(-c3ccccn3)c(-c3ccc4c(c3)OCO4)[nH]2)cc1,0 1 2 3 4 5 6 7 8 9 10 11 12 13 14 15 16 17 18 19 21 22 23 24 25 26 27 28 29 30,c1ccc(-c2nc(-c3ccccn3)c(-c3ccc4c(c3)OCO4)[nH]2)cc1,train,422.3910000000001,4.211600000000002,0.4306617774494203,31,60
subcategory_bioisostere.add-F_951,CN(C)C[C@@]1(c2ccc(OC(F)F)cc2)CCCC[C@@H]1O,1,bioisostere,add-F,CN(C)C[C@@]1(c2ccc(OC(F)(F)F)cc2)CCCC[C@@H]1O,0 1 2 3 4 5 6 7 9 10 11 12 13 14 15 16 17 18 19 20,c1ccc(C2CCCCC2)cc1,train,299.361,3.0223000000000018,0.9069252612393675,21,42
subcategory_bioisostere.add-F_358,CC[C@@H](NC(=O)c1cc(-c2ccccc2)nc2ccccc12)c1ccccc1,0,authentic,authentic,,,O=C(NCc1ccccc1)c1cc(-c2ccccc2)nc2ccccc12,val,366.4640000000001,5.782900000000005,0.48612167415385926,28,49
subcategory_bioisostere.add-F_693,CCOC(=O)c1sc(-c2ccc(OCC(C)C)c(C=O)c2)nc1C,0,authentic,authentic,,,c1ccc(-c2nccs2)cc1,train,347.4360000000001,4.142520000000003,0.5561012938883975,24,41
subcategory_bioisostere.add-F_1118,CC(C)C(NC(=O)Cn1c(-c2cccc(OC(F)F)c2)ccc(NC(=O)OCc2ccccc2)c1=O)C(=O)C(F)(F)F,1,bioisostere,add-F,CC(C)C(NC(=O)Cn1c(-c2cccc(OC(C)(C)C)c2)ccc(NC(=O)OCc2ccccc2)c1=O)C(=O)C(F)(F)F,3 4,O=C(Nc1ccc(-c2ccccc2)[nH]c1=O)OCc1ccccc1,train,595.5210000000004,5.1376000000000035,0.29697557683723347,42,75
subcategory_bioisostere.add-F_721,CC(NS(=O)(=O)c1ccc(-c2cnc(N)c(C(=O)Nc3cccnc3)n2)cc1)N(C)C,0,authentic,authentic,,,O=C(Nc1cccnc1)c1cncc(-c2ccccc2)n1,train,441.5170000000001,1.5590000000000002,0.46878236917609173,31,57
subcategory_bioisostere.add-F_90,Oc1ccc(-c2ccc(-c3c(Cc4ccccc4)oc4ccccc34)cc2)cc1,0,authentic,authentic,,,c1ccc(Cc2oc3ccccc3c2-c2ccc(-c3ccccc3)cc2)cc1,train,376.45500000000004,7.0632000000000055,0.36400836956459165,29,47
subcategory_bioisostere.add-F_273,COc1ccc(-n2nc(C(N)=O)c3c2C(=O)N(C2CCN(N4CCOCC4=O)CC2)CC3)cc1,0,authentic,authentic,,,O=C1c2c(cnn2-c2ccccc2)CCN1C1CCN(N2CCOCC2=O)CC1,train,468.51400000000046,0.2163000000000015,0.6657064591864584,34,60
subcategory_bioisostere.add-F_680,CS(=O)(=O)N(CC1CC1)c1ccccc1N1CCN(C(=O)[C@H](CC(=O)N2CCNCC2)Cc2ccc(Cl)cc2)CC1,0,authentic,authentic,,,O=C(C[C@H](Cc1ccccc1)C(=O)N1CCN(c2ccccc2NCC2CC2)CC1)N1CCNCC1,test,602.2010000000002,2.8454000000000015,0.4502500582920623,41,76
subcategory_bioisostere.add-F_1191,CCc1cc(OCC(F)(F)F)nc2nc(C(=O)c3ccccc3)cn12,1,bioisostere,add-F,CCc1cc(OC)nc2nc(C(=O)c3ccccc3)cn12,0 1 2 3 5 6 7 8 9 10 11 12 13 14 15 16 17 18 19 20 21 22 23 24,O=C(c1ccccc1)c1cn2cccnc2n1,train,349.312,3.4638000000000018,0.6621173264029749,25,42
subcategory_bioisostere.add-F_212,CC1(C)CC2CC(C)(CN2CCC(=O)Nc2ccc3cc4ccc(NC(=O)CCN5CC6(C)CC5CC(C)(C)C6)cc4nc3c2)C1,0,authentic,authentic,,,O=C(CCN1CC2CCCC1C2)Nc1ccc2cc3ccc(NC(=O)CCN4CC5CCCC4C5)cc3nc2c1,train,623.8860000000001,7.84640000000001,0.2500733932201223,46,80
subcategory_bioisostere.add-F_493,O=S(=O)(O)OC1(C(O)(Cn2cncn2)c2ccc(F)cc2F)CC1C(F)(F)F,0,authentic,authentic,,,c1ccc(C(Cn2cncn2)C2CC2)cc1,train,429.3230000000001,1.5845000000000002,0.5294278321420737,28,52
subcategory_bioisostere.add-F_706,O=C(Nc1ccccc1)N1CCC2(CC1)C(=O)N(c1ccc(F)cc1)C2c1ccc(O)cc1,0,authentic,authentic,,,O=C(Nc1ccccc1)N1CCC2(CC1)C(=O)N(c1ccccc1)C2c1ccccc1,train,445.494,4.933500000000005,0.5615303853249123,33,57
subcategory_bioisostere.add-F_1358,C[C@H](O)C[C@@H]1CC(=O)c2c(O)cc(OC(F)(F)F)cc2[C@H]1O,1,bioisostere,add-F,COc1cc(O)c2c(c1)[C@@H](O)[C@H](C[C@H](C)O)CC2=O,3 4 5,O=C1CCCc2ccccc21,train,320.26300000000003,2.2977000000000003,0.7953260425492403,22,52
subcategory_bioisostere.add-F_731,CCN(CCC/C=C1\OC(=O)c2cc(OC)c(OC)cc21)Cc1ccccc1OC,0,authentic,authentic,,,O=C1O/C(=C\CCCNCc2ccccc2)c2ccccc21,train,411.49800000000016,4.526000000000004,0.42304318997527895,30,48
subcategory_bioisostere.add-F_1267,NS(=O)(=O)c1ccc(C2CC2NC(=O)c2cc(Cl)ccc2OC(F)F)cc1,1,bioisostere,add-F,COc1ccc(Cl)cc1C(=O)NC1CC1c1ccc(S(N)(=O)=O)cc1,0 1 2 3 4 5 6 7 8 9 10 11 12 13 14 15 16 17 18 19 21 22 23 24 25 26,O=C(NC1CC1c1ccccc1)c1ccccc1,train,416.833,2.8747000000000016,0.7559668444994029,27,49
subcategory_bioisostere.add-F_519,CC(N[C@@H](CCc1ccccc1)C(=O)O)C(=O)N1C2COCC2C[C@H]1C(=O)O,0,authentic,authentic,,,O=C(CNCCCc1ccccc1)N1CCC2COCC21,train,390.4360000000002,0.7510000000000008,0.5997413609950736,28,56
subcategory_bioisostere.add-F_764,CC(=N)N1CC[C@H](Oc2ccc(CCc3cc4cc(C(=N)N)ccc4o3)cc2)C1,0,authentic,authentic,,,c1ccc2oc(CCc3ccc(O[C@H]4CCNC4)cc3)cc2c1,train,390.4870000000001,3.952340000000002,0.4381940296362423,29,53
subcategory_bioisostere.add-F_792,[2H]C([2H])([2H])N1C2CC(OC(=O)C(O)(c3cccs3)c3cccs3)CC1C1OC12,0,authentic,authentic,,,O=C(OC1CC2NC(C1)C1OC21)C(c1cccs1)c1cccs1,train,380.5053053340001,2.2010999999999994,0.6508559255154486,25,60
subcategory_bioisostere.add-F_1363,CC(C(=O)N[C@@H](Cc1ccc(O)cc1)C(=O)O)c1ccc2cc(OC(F)(F)F)ccc2c1,1,bioisostere,add-F,COc1ccc2cc(C(C)C(=O)N[C@@H](Cc3ccc(O)cc3)C(=O)O)ccc2c1,0 1 2 3 4 5 6 7 8 9 10 11 12 13 14 15 16 17 18 19 20 21 23 24 25 26 27 28 29 30 31,O=C(Cc1ccc2ccccc2c1)NCCc1ccccc1,train,447.4090000000001,4.359600000000003,0.5003105306425669,32,61
subcategory_bioisostere.add-F_962,Cc1cc(N2CCc3c(C(N)=O)nn(-c4ccc(OC(F)(F)F)c(F)c4)c3C2=O)ccc1N1CCCC1=O,1,bioisostere,add-F,COc1ccc(-n2nc(C(N)=O)c3c2C(=O)N(c2ccc(N4CCCC4=O)c(C)c2)CC3)cc1F,3 4 5,O=C1CCCN1c1ccc(N2CCc3cnn(-c4ccccc4)c3C2=O)cc1,train,531.4660000000003,3.647020000000002,0.5057445018084443,38,68
subcategory_bioisostere.add-F_799,Cc1ccc2c(c1)S(=O)(=O)N(C)C(C(=O)Nc1ncc(C)s1)=C2OCC(F)(F)F,1,bioisostere,add-F,Cc1ccc2c(c1)S(=O)(=O)N(C)C(C(=O)Nc1ncc(C)s1)=C2O,2 3 4 5 6,O=C(Nc1nccs1)C1=Cc2ccccc2S(=O)(=O)N1,train,447.46000000000015,3.280240000000002,0.7772547614995021,29,57
subcategory_bioisostere.add-F_41,CCN1C(CSCC(F)(F)F)Nc2cc(Cl)c(S(N)(=O)=O)cc2S1(=O)=O,0,authentic,authentic,,,O=S1(=O)NCNc2ccccc21,train,453.9170000000002,2.0451000000000006,0.7056944341263014,26,51
subcategory_bioisostere.add-F_1134,CN(CC1=Nc2c(cc(NC(=O)OC(F)F)nc2N)NC1)c1ccc(Cl)cc1,1,bioisostere,add-F,CCOC(=O)Nc1cc2c(c(N)n1)N=C(CN(C)c1ccc(Cl)cc1)CN2,3 4,c1ccc(NCC2=Nc3cnccc3NC2)cc1,train,410.8120000000001,3.7227000000000006,0.693420232576127,28,49
subcategory_bioisostere.add-F_1247,Cc1cc(-n2nc(C(N)=O)c3c2C(=O)N(c2ccc(N4CCCCC4=O)cc2F)CC3)ccc1OC(F)(F)F,1,bioisostere,add-F,NC(=O)c1nn(-c2ccc3c(c2)CCO3)c2c1CCN(c1ccc(N3CCCCC3=O)cc1F)C2=O,33 34 35 36 37 38,O=C1CCCCN1c1ccc(N2CCc3cnn(-c4ccc5c(c4)CCO5)c3C2=O)cc1,val,545.4930000000005,4.037120000000003,0.486974610866107,39,69
subcategory_bioisostere.add-F_1379,CC(C)(C)CCN1CCC(F)(CNC(=O)c2cccc(OC(F)F)c2)CC1,1,bioisostere,add-F,CC(C)(C)CCN1CCC(F)(CNC(=O)c2cccc(OC(F)(F)C(F)F)c2)CC1,0 1 2 3 4 5 6 7 8 9 10 11 12 13 14 15 16 17 18 20 21 22 23 24 25 26,O=C(NCC1CCNCC1)c1ccccc1,train,386.45800000000014,4.258100000000003,0.7614278631795445,27,46
subcategory_bioisostere.add-F_1114,CCS(=O)(=O)c1ccc(OC(F)F)c(-c2ccc(CN3CCCC3)[nH]2)c1,1,bioisostere,add-F,CCS(=O)(=O)c1ccc(OC)c(-c2ccc(CN3CCCC3)[nH]2)c1,0 1 2 3 4 5 6 7 9 10 11 12 13 14 15 16 17 18 19 20 21 22 23 24,c1ccc(-c2ccc(CN3CCCC3)[nH]2)cc1,train,384.4480000000002,3.672500000000002,0.7911835019643673,26,50
subcategory_bioisostere.add-F_1077,CN(C)CC1(c2ccc(N3CCc4c(C(N)=O)nn(-c5ccc(OC(F)F)cc5)c4C3=O)cc2)CC1,1,bioisostere,add-F,COc1ccc(-n2nc(C(N)=O)c3c2C(=O)N(c2ccc(C4(CN(C)C)CC4)cc2)CC3)cc1,0 1 2 3 4 5 6 7 8 9 10 11 12 13 14 15 16 17 18 19 20 21 23 24 25 26 27 28 29 30 31 32 33 34 35,O=C1c2c(cnn2-c2ccccc2)CCN1c1ccc(C2CC2)cc1,train,495.53000000000014,3.3687000000000014,0.5173348447875312,36,65
subcategory_bioisostere.add-F_138,CCc1cc(Cl)c(OC)c(C(=O)NC[C@@H]2CCCN2CC)c1O,0,authentic,authentic,,,O=C(NC[C@@H]1CCCN1)c1ccccc1,train,340.8510000000001,2.8307000000000015,0.8355826926800201,23,42
subcategory_bioisostere.add-F_738,NS(=O)(=O)c1cc(C(=O)O)c(NCc2ccco2)cc1CI,0,authentic,authentic,,,c1ccc(NCc2ccco2)cc1,train,436.2270000000001,2.1723,0.47143905769206346,22,39
subcategory_bioisostere.add-F_1072,O=C(c1cc2ccccc2[nH]1)c1cc2cc(OC(F)(F)F)ccc2[nH]1,1,bioisostere,add-F,CCC(=O)Oc1ccc2[nH]c(C(=O)c3cc4ccccc4[nH]3)cc2c1,3 4 5,O=C(c1cc2ccccc2[nH]1)c1cc2ccccc2[nH]1,train,344.292,4.778800000000001,0.5256404988307304,25,48
subcategory_bioisostere.add-F_175,CN(CCCOc1ccc2c(c1)OCO2)Cc1ccc(F)cc1F,0,authentic,authentic,,,c1ccc(CNCCCOc2ccc3c(c2)OCO3)cc1,train,335.34999999999997,3.594400000000002,0.7236881791955169,24,36
subcategory_bioisostere.add-F_383,COc1ccccc1Oc1c(NS(=O)(=O)c2ccc(C(C)C)cn2)nc(N2CCOCC2)nc1OCC#CCOC(=O)Nc1cnccn1,0,authentic,authentic,,,O=C(Nc1cnccn1)OCC#CCOc1nc(N2CCOCC2)nc(NS(=O)(=O)c2ccccn2)c1Oc1ccccc1,train,690.739,3.8542000000000023,0.2039323177675184,49,77
subcategory_bioisostere.add-F_853,Cc1nc(-c2ccc(OCC(C)C)c(Br)c2)sc1C(=O)OCC(F)(F)F,1,bioisostere,add-F,Cc1nc(-c2ccc(OCC(C)C)c(Br)c2)sc1C(=O)OC(C)(C)C,0 1 2 3 4 5 6 7 8 9 10 11 12 13 14 15 16 17 19 20 21 22 23 24,c1ccc(-c2nccs2)cc1,train,452.2920000000001,5.634920000000004,0.5330979582764581,26,47
subcategory_bioisostere.add-F_1348,CS(=O)(=O)c1ccccc1N1CCC(N2CCc3c(C(N)=O)nn(-c4ccc(OCC(F)(F)F)cc4)c3C2=O)CC1,1,bioisostere,add-F,COc1ccc(-n2nc(C(N)=O)c3c2C(=O)N(C2CCN(c4ccccc4S(C)(=O)=O)CC2)CC3)cc1,0 1 2 3 4 5 6 7 8 9 10 11 12 13 14 15 16 17 18 19 20 21 22 23 24 25 26 28 29 30 31 32 33 34 35 36 37 38 39 40,O=C1c2c(cnn2-c2ccccc2)CCN1C1CCN(c2ccccc2)CC1,val,591.6120000000001,2.983100000000002,0.447584449167593,41,74
subcategory_bioisostere.add-F_492,CN(C)CCCN(C)S(=O)(=O)c1ccc(-c2cnc(N)c(C(=O)Nc3cccnc3)n2)cc1,0,authentic,authentic,,,O=C(Nc1cccnc1)c1cncc(-c2ccccc2)n1,train,469.57100000000014,1.9452999999999991,0.48552396314661217,33,59
subcategory_bioisostere.add-F_722,CCC(=O)C1C(c2ccc(-c3ccccc3)cc2)CC2CCC1N2C,0,authentic,authentic,,,c1ccc(-c2ccc(C3CC4CCC(C3)N4)cc2)cc1,train,333.4750000000001,4.8990000000000045,0.7930475608533951,25,41
subcategory_bioisostere.add-F_1477,Cc1cc(-c2c(/C=C/C(CC(O)CC=O)OCC(F)(F)F)n(C(C)C)c3ccccc23)ccc1F,1,bioisostere,add-F,Cc1cc(-c2c(/C=C/C3CC(O)CC(=O)O3)n(C(C)C)c3ccccc23)ccc1F,8 15 16 17 18 19 20,O=C1CCCC(/C=C/c2[nH]c3ccccc3c2-c2ccccc2)O1,train,491.5250000000001,6.637420000000007,0.2556203168617748,35,62
subcategory_bioisostere.add-F_3,COc1cccc(CNC(=O)CCn2nc(C)c3c(C)n(-c4ccccc4)nc3c2=O)c1,0,authentic,authentic,,,O=C(CCn1ncc2cn(-c3ccccc3)nc2c1=O)NCc1ccccc1,test,431.49600000000015,2.9141400000000015,0.4858837713000499,32,53
subcategory_bioisostere.add-F_1569,COc1cc2c(cc1OC(F)F)CC(Oc1ccc(C(C)N(C)C)cc1)C2=O,1,bioisostere,add-F,COc1cc2c(cc1OC)C(=O)C(Oc1ccc(C(C)N(C)C)cc1)C2,7 8 9 10 11,O=C1c2ccccc2CC1Oc1ccccc1,test,391.4140000000001,4.1056000000000035,0.71109806501276,28,47
subcategory_bioisostere.add-F_596,CC[C@H]1OC(=O)[C@H](C)[C@@H](O[C@H]2C[C@@](C)(OC)[C@@H](O)[C@H](C)O2)[C@H](C)[C@@H](O[C@@H]2O[C@H](C)C[C@H](NC)[C@H]2O)[C@](C)(OC)C[C@@H](C)C(=O)[C@H](C)[C@@H](O)[C@]1(C)O,0,authentic,authentic,,,O=C1CCCCOC(=O)C[C@@H](O[C@H]2CCCCO2)C[C@@H](O[C@H]2CCCCO2)CCC1,train,733.9370000000001,2.097500000000005,0.2280043589287219,51,171
subcategory_bioisostere.add-F_294,CCC(Br)C#CC1(C(F)(F)F)OC(=O)Nc2ccc(Cl)cc21,0,authentic,authentic,,,O=C1Nc2ccccc2CO1,train,396.59,4.8366000000000025,0.5449854361620535,22,42
subcategory_bioisostere.add-F_495,O=C(OC1CC2NC(C1)C1OC21)C(O)(c1cccs1)c1cccs1,0,authentic,authentic,,,O=C(OC1CC2NC(C1)C1OC21)C(c1cccs1)c1cccs1,train,363.46000000000004,1.8589000000000002,0.6408981962023277,24,43
subcategory_bioisostere.add-F_1177,FC(F)OCCN1CCN(C(c2ccccc2)c2ccc(Cl)cc2)CC1,1,bioisostere,add-F,Cl.O=C(O)COCCOCCN1CCN(C(c2ccccc2)c2ccc(Cl)cc2)CC1,3 4,c1ccc(C(c2ccccc2)N2CCNCC2)cc1,train,380.8660000000001,4.286200000000004,0.7124270332751498,26,41
subcategory_bioisostere.add-F_1055,CCCc1nc(CC)c2c(=O)[nH]c(-c3cc(S(=O)(=O)N4CCC(N5CCCC5)CC4)ccc3OC(F)F)nn12,1,bioisostere,add-F,CCCc1nc(CC)c2c(=O)[nH]c(-c3cc(S(=O)(=O)N4CCC(N5CCCC5)CC4)ccc3OCC)nn12,0 1 2 3 4 5 6 7 8 9 10 11 12 13 14 15 16 17 18 19 20 21 22 23 24 25 26 27 28 29 30 31 33 34 35 36 37 38,O=c1[nH]c(-c2cccc(S(=O)(=O)N3CCC(N4CCCC4)CC3)c2)nn2cncc12,train,564.6590000000004,3.4498000000000024,0.42366308112519563,39,72
subcategory_bioisostere.add-F_33,O=[N+]([O-])c1cc(-c2nnc3c4ccccc4c(N4CCCC4)nn23)ccc1Cl,0,authentic,authentic,,,c1ccc(-c2nnc3c4ccccc4c(N4CCCC4)nn23)cc1,train,394.8220000000001,4.106300000000003,0.38349449538471037,28,53
subcategory_bioisostere.add-F_1097,FC(F)(F)COc1ccccc1C1CC1,1,bioisostere,add-F,c1ccc(C2CC2)c(OCC2=NCCN2)c1,0 1 2 3 4 5 7 8 9 10 11 12 13 14,c1ccc(C2CC2)c(OCC2=NCCN2)c1,val,216.202,3.5051000000000014,0.750842769810524,15,23
subcategory_bioisostere.add-F_1222,O=C(NCc1ccc(F)cc1)c1ccccc1OCC(F)(F)F,1,bioisostere,add-F,CCOc1ccccc1C(=O)NCc1ccc(F)cc1,0 1 2 3 4 5 6 7 8 9 10 11 12 13 14 15 17 18 19 20 21,O=C(NCc1ccccc1)c1ccccc1,train,327.27700000000004,3.6968000000000023,0.8506416303446344,23,36
subcategory_bioisostere.add-F_1023,O=C(c1ccccc1OC(F)F)c1c(-c2ccccc2)oc2ccc(Cl)cc12,1,bioisostere,add-F,CCN(CC)CCOc1ccccc1C(=O)c1c(-c2ccccc2)oc2ccc(Cl)cc12,0 1 2 3 4 5 6 8 9 10 11 12 13 14 15 16 17 18 19 20 21 22 23 24 25 26 27,O=C(c1ccccc1)c1c(-c2ccccc2)oc2ccccc12,train,398.7920000000001,6.585600000000004,0.35605033502885824,28,47
subcategory_bioisostere.add-F_1281,CCC(CC(O)C=Cc1c(-c2ccc(F)cc2)c2ccccc2n1C(C)C)OF,1,bioisostere,add-F,CCC(O)CC(O)C=Cc1c(-c2ccc(F)cc2)c2ccccc2n1C(C)C,0 1 3 4 5 6 7 8 9 10 11 12 13 14 15 16 17 18 19 20 21 22 23 24 25 26 27,c1ccc(-c2c[nH]c3ccccc23)cc1,train,399.48100000000005,6.472200000000006,0.47082779671912023,29,47
subcategory_bioisostere.add-F_128,CCCc1nc(-c2ccc(OCC(C)C)c(C#N)c2)sc1C(=O)O,0,authentic,authentic,,,c1ccc(-c2nccs2)cc1,train,344.43600000000004,4.367280000000004,0.8062308070659715,24,41
subcategory_bioisostere.add-F_936,CCc1ccc(-c2cc3n(n2)CC(C)(C(=O)NC2CCCCC2)N(c2ccc(OC(F)(F)F)cc2)C3=O)cc1,1,bioisostere,add-F,CCc1ccc(-c2cc3n(n2)CC(C)(C(=O)NC2CCCCC2)N(c2ccc(OC)cc2)C3=O)cc1,0 1 2 3 4 5 6 7 8 9 10 11 12 13 14 15 16 17 18 19 20 21 22 23 24 25 26 28 29 30 31 32 33 34 35 36 37 38,O=C(NC1CCCCC1)C1Cn2nc(-c3ccccc3)cc2C(=O)N1c1ccccc1,train,540.5860000000002,5.8791000000000055,0.4238404168772709,39,70
subcategory_bioisostere.add-F_859,CCCc1nc(C)c2c(=O)[nH]c(-c3cc(S(=O)(=O)N4CCN(CC)CC4)ccc3OCC(F)(F)F)nn12,1,bioisostere,add-F,CCCc1nc(C)c2c(=O)[nH]c(-c3cc(S(=O)(=O)N4CCN(CC)CC4)ccc3OCC)nn12.Cl.Cl,28 29 30 31 32 33 34,O=c1[nH]c(-c2cccc(S(=O)(=O)N3CCNCC3)c2)nn2cncc12,train,542.5840000000003,2.612820000000001,0.46569688249699037,37,70
subcategory_bioisostere.add-F_488,COc1ccc(-n2nc(C(F)(F)F)c3c2C(=O)N(CCCCC(C)(C)CN(C)C)CC3)cc1,0,authentic,authentic,,,O=C1NCCc2cnn(-c3ccccc3)c21,train,466.5480000000004,4.656100000000004,0.5048416150311871,33,59
subcategory_bioisostere.add-F_97,Cc1nc(-c2ccc(OCC(C)C)c(C#N)c2)sc1C(=O)OC(C)(C)C,0,authentic,authentic,,,c1ccc(-c2nccs2)cc1,train,372.4900000000001,4.980300000000005,0.692158587152644,26,47
subcategory_bioisostere.add-F_249,COC(=O)CN1CCc2c(C(F)(F)F)nn(-c3ccc(OC)cc3)c2C1=O,0,authentic,authentic,,,O=C1NCCc2cnn(-c3ccccc3)c21,train,383.32600000000014,2.071,0.7561338225544831,27,48
subcategory_bioisostere.add-F_616,O=C(SCCO[N+](=O)[O-])N1CC[C@@H](c2ccc(F)cc2)[C@H](COc2ccc3c(c2)OCO3)C1,0,authentic,authentic,,,c1ccc([C@@H]2CCNC[C@H]2COc2ccc3c(c2)OCO3)cc1,train,478.4980000000003,4.100400000000004,0.31763034095836007,33,70
subcategory_bioisostere.add-F_1360,CC[C@H]1NC(=O)[C@H](C)[C@@H](O[C@H]2C[C@@](C)(OC)C[C@H](C)O2)[C@H](C)[C@@H](O[C@@H]2O[C@H](C)C[C@H](N(C)CC)[C@H]2O)[C@@]2(C)C[C@@H](C)[C@@H](O2)[C@H](C)[C@@H](OC(F)(F)F)[C@]1(C)O,1,bioisostere,add-F,CC[C@H]1NC(=O)[C@H](C)[C@@H](O[C@H]2C[C@@](C)(OC)C[C@H](C)O2)[C@H](C)[C@@H](O[C@@H]2O[C@H](C)C[C@H](N(C)CC)[C@H]2O)[C@@]2(C)C[C@@H](C)[C@@H](O2)[C@H](C)[C@@H](O)[C@]1(C)O,45 46 47 48 49 50,O=C1C[C@@H](O[C@H]2CCCCO2)C[C@@H](O[C@H]2CCCCO2)C2CC[C@H](CCCCN1)O2,train,782.9790000000003,5.159400000000007,0.2863494690371011,54,178
subcategory_bioisostere.add-F_590,COC[C@@H](NC(=O)c1ccc(Cl)s1)C(=O)Nc1ccc(N2CCOCC2=O)c(F)c1,0,authentic,authentic,,,O=C(CNC(=O)c1cccs1)Nc1ccc(N2CCOCC2=O)cc1,val,455.89500000000027,2.2873,0.6673358466589667,30,57
subcategory_bioisostere.add-F_227,[C-]#[N+]c1ccccc1CN1CCC(F)(CC2Cc3cc(OC)c(OC)cc3C2=O)CC1,0,authentic,authentic,,,O=C1c2ccccc2CC1CC1CCN(Cc2ccccc2)CC1,train,422.5000000000002,5.003990000000005,0.6144594375564105,31,55
subcategory_bioisostere.add-F_866,COc1ccc(S(=O)(=O)N2C[C@@H](O)[C@@H](Cc3ccccc3)N(Cc3ccc(O)cc3)C(=O)N2Cc2ccc(OF)cc2)cc1,1,bioisostere,add-F,COc1ccc(S(=O)(=O)N2C[C@@H](O)[C@@H](Cc3ccccc3)N(Cc3ccc(O)cc3)C(=O)N2Cc2ccc(O)cc2)cc1,37 38 39,O=C1N(Cc2ccccc2)[C@H](Cc2ccccc2)CCN(S(=O)(=O)c2ccccc2)N1Cc1ccccc1,val,621.6870000000004,4.680000000000004,0.2639826860937165,44,85
subcategory_bioisostere.add-F_1517,C[N+]1(C)[CH]CC(OC(=O)C(O)(c2cccs2)c2cccs2)C[C@@H]1[CH]OCC(F)(F)F,1,bioisostere,add-F,C[N+]1(C)[C@@H]2CC(OC(=O)C(O)(c3cccs3)c3cccs3)C[C@@H]1[C@H]1O[C@@H]12.[Br-],23 24 25 26 27 28 29,O=C(OC1C[C@H]2[NH2+][C@H](C1)[C@H]1O[C@@H]12)C(c1cccs1)c1cccs1,test,462.53500000000014,4.098580000000003,0.49739094163050007,30,65
subcategory_bioisostere.add-F_1246,O=C1C(CC[C@H](O)c2ccc(F)cc2)C(c2ccc(OCC(F)(F)F)cc2)N1c1ccc(F)cc1,1,bioisostere,add-F,O=C(O)COc1ccc(C2C(CC[C@H](O)c3ccc(F)cc3)C(=O)N2c2ccc(F)cc2)cc1,4 5 6,O=C1C(CCCc2ccccc2)C(c2ccccc2)N1c1ccccc1,train,491.45600000000013,6.123800000000005,0.30502255632093234,35,64
subcategory_bioisostere.add-F_1123,O=C(O)[C@H]1CSC(c2cccc(OC(F)(F)F)c2O)=N1,1,bioisostere,add-F,COc1cccc(C2=N[C@@H](C(=O)O)CS2)c1O,0 1 2 3 4 5 6 7 8 9 10 12 13 14 15 16 17 18 19,c1ccc(C2=NCCS2)cc1,train,307.249,2.2374000000000005,0.895037198512952,20,40
subcategory_bioisostere.add-F_306,CC1=C(C#N)C(c2ccc(C#N)cc2)n2nc(N)nc2N1,0,authentic,authentic,,,C1=CC(c2ccccc2)n2ncnc2N1,train,277.291,1.5444599999999997,0.8162588455346643,21,38
subcategory_bioisostere.add-F_441,O=C(O)c1ccc(NCc2cccnc2)cn1,0,authentic,authentic,,,c1cncc(CNc2cccnc2)c1,train,229.23900000000003,1.7869,0.8354615946856421,17,26
subcategory_bioisostere.add-F_1522,CNCc1ccccc1-c1ccc(N2CCc3c(C(N)=O)nn(-c4ccc(OC(F)(F)F)cc4)c3C2=O)cc1,1,bioisostere,add-F,CNCc1ccccc1-c1ccc(N2CCc3c(C(N)=O)nn(-c4ccc(OC)cc4)c3C2=O)cc1,0 1 2 3 4 5 6 7 8 9 10 11 12 13 14 15 16 17 18 19 20 21 22 23 24 25 27 28 29 30 31 32 33 34 35 36 37 38,O=C1c2c(cnn2-c2ccccc2)CCN1c1ccc(-c2ccccc2)cc1,val,535.5260000000002,4.459100000000003,0.36396245615373696,39,67
subcategory_bioisostere.add-F_1574,CCC(=O)N[C@H]1CC[C@@](CNC(=O)c2ccccc2OC(F)(F)F)(c2ccccc2)CC1,1,bioisostere,add-F,CCC(=O)N[C@H]1CC[C@@](CNC(=O)c2ccccc2OC)(c2ccccc2)CC1,0 1 2 3 4 5 6 7 8 9 10 11 12 13 14 15 16 17 19 20 21 22 23 24 25 26 27 28 29 30 31,O=C(NCC1(c2ccccc2)CCCCC1)c1ccccc1,train,448.4850000000002,4.7218000000000035,0.6441142752237207,32,60
subcategory_bioisostere.add-F_162,C=CCN1CCN(C(c2ccccc2)c2ccc(C(=O)NCC)cc2)CC1,0,authentic,authentic,,,c1ccc(C(c2ccccc2)N2CCNCC2)cc1,train,363.50500000000017,3.3293000000000017,0.7666910747189952,27,43
subcategory_bioisostere.add-F_10,Cc1[nH]c(/C=C2\C(=O)Nc3ccc(F)cc32)c(C)c1C(=O)NCC(O)CN1CCOCC1,0,authentic,authentic,,,O=C1Nc2ccccc2/C1=C/c1cc(C(=O)NCCCN2CCOCC2)c[nH]1,train,442.49100000000027,1.68624,0.5096580614407035,32,60
subcategory_bioisostere.add-F_1260,Fc1c(OC(F)(F)F)cc2c(c1CC1CCCNC1)OCO2,1,bioisostere,add-F,COc1cc2c(c(CC3CCCNC3)c1F)OCO2,2 3 4 5 6 7,c1cc(CC2CCCNC2)c2c(c1)OCO2,train,321.27000000000004,2.9951000000000008,0.8690056348160017,22,36
subcategory_bioisostere.add-F_918,CCOc1cc2nc(S(=O)C3CCC(OC(F)F)c4cc(C)cnc43)[nH]c2cc1F,1,bioisostere,add-F,CCOc1cc2nc(S(=O)C3CCC(OC)c4cc(C)cnc43)[nH]c2cc1F,3 4,O=S(c1nc2ccccc2[nH]1)C1CCCc2cccnc21,train,439.4590000000001,4.727120000000004,0.6010963986730016,30,52
subcategory_bioisostere.add-F_1351,Nc1nc2c(ncn2CC[C@@H](CF)COC(F)F)c(=O)[nH]1,1,bioisostere,add-F,Nc1nc2c(ncn2CC[C@H](CO)CF)c(=O)[nH]1,0 1 2 3 4 5 6 7 8 9 10 11 12 14 15 16 17 18 19 20,O=c1[nH]cnc2[nH]cnc12,train,305.26,0.9167999999999998,0.7921403709661113,21,42
subcategory_bioisostere.add-F_284,C=C(c1c(C)c(C)cc(Cl)c1OCC(O)CNC(C)(C)C)n1ccnc1,0,authentic,authentic,,,C=C(c1ccccc1)n1ccnc1,train,377.91600000000005,3.8001400000000025,0.7700488065341151,26,46
subcategory_bioisostere.add-F_967,Cc1cc2c(cc1OCC(F)(F)F)CC(F)(CC1CCN(Cc3ccccc3)CC1)C2=O,1,bioisostere,add-F,COc1cc2c(cc1C)C(=O)C(F)(CC1CCN(Cc3ccccc3)CC1)C2,0 1 2 3 4 5 7 8 9 10 11 12 13 14 15 16 17 18 19 20 21 22 23 24 25 26 27 28 29 30 31,O=C1c2ccccc2CC1CC1CCN(Cc2ccccc2)CC1,train,449.4880000000002,5.685520000000006,0.5312620402984892,32,53
subcategory_bioisostere.add-F_1481,Cc1c(CC(=O)NC(=O)NCN2CCOCC2)c2cc(OC(F)(F)F)ccc2n1C(=O)c1ccc(Cl)cc1,1,bioisostere,add-F,COc1ccc2c(c1)c(CC(=O)NC(=O)NCN1CCOCC1)c(C)n2C(=O)c1ccc(Cl)cc1,3 4 5,O=C(Cc1cn(C(=O)c2ccccc2)c2ccccc12)NC(=O)NCN1CCOCC1,train,552.9370000000001,3.848220000000003,0.48166856125921914,38,66
subcategory_bioisostere.add-F_78,COc1ccc(-n2nc(C#N)c3c2C(=O)N(c2ccc(C4(CN5CCCC5)CC4)cc2)CC3)cc1,0,authentic,authentic,,,O=C1c2c(cnn2-c2ccccc2)CCN1c1ccc(C2(CN3CCCC3)CC2)cc1,val,467.57300000000043,4.082880000000004,0.5461209111599151,35,62
subcategory_bioisostere.add-F_1384,CCC(C)Sc1nc(C)c(Cc2ccccc2)c(OC(F)(F)F)n1,1,bioisostere,add-F,CCC(C)Sc1nc(C)c(Cc2ccccc2)c(O)n1,0 1 2 3 4 5 6 7 8 9 10 11 12 13 14 15 16 18 19 20 21 22,c1ccc(Cc2cncnc2)cc1,train,356.413,5.165020000000003,0.5285803587467875,24,40
subcategory_bioisostere.add-F_1523,[2H]c1c([2H])c([2H])c(C([2H])(c2c([2H])c([2H])c(Cl)c([2H])c2[2H])N2C([2H])([2H])C([2H])([2H])N(C([2H])([2H])C([2H])([2H])OCC(F)(F)F)C([2H])([2H])C2([2H])[2H])c([2H])c1[2H],1,bioisostere,add-F,[2H]OC(=O)C([2H])([2H])OC([2H])([2H])C([2H])([2H])N1C([2H])([2H])C([2H])([2H])N(C([2H])(c2c([2H])c([2H])c([2H])c([2H])c2[2H])c2c([2H])c([2H])c(Cl)c([2H])c2[2H])C([2H])([2H])C1([2H])[2H],31 34 35 36 37 38 39,c1ccc(C(c2ccccc2)N2CCNCC2)cc1,train,435.0172391160001,4.625900000000005,0.6316498699532298,28,171
subcategory_bioisostere.add-F_686,Cn1cc(Cc2cn(CC(=O)N3CCN(c4ccc(Br)cc4)CC3)c(SCc3ccc(F)cc3)nc2=O)cn1,0,authentic,authentic,,,O=C(Cn1cc(Cc2cn[nH]c2)c(=O)nc1SCc1ccccc1)N1CCN(c2ccccc2)CC1,train,611.5410000000002,4.110300000000003,0.22072111525301524,39,66
subcategory_bioisostere.add-F_202,CCCCOC(=O)CC(O)CC(O)/C=C/c1c(-c2ccc(F)cc2)c2ccccc2n1C(C)C,0,authentic,authentic,,,c1ccc(-c2c[nH]c3ccccc23)cc1,train,467.58100000000013,5.886800000000005,0.27258746623122365,34,57
subcategory_bioisostere.add-F_652,CCCc1nn(C)c2c(=O)[nH]c(-c3cc(S(=O)(=O)Oc4ccccn4)ccc3OCC)nc12,0,authentic,authentic,,,O=c1[nH]c(-c2cccc(S(=O)(=O)Oc3ccccn3)c2)nc2cn[nH]c12,train,469.52300000000025,2.8375000000000012,0.3901144298041671,33,60
subcategory_bioisostere.add-F_57,COc1c(O)cc2c(c1OC)-c1ccc(SC)c(=O)cc1[C@@H](NC(=O)CC(C)=O)CC2,0,authentic,authentic,,,O=c1cccc2c(c1)CCCc1ccccc1-2,train,443.5210000000003,3.241100000000002,0.5219461300214684,31,60
subcategory_bioisostere.add-F_459,CCCc1nc(CC)c(C(=O)OC(C)C(=O)OC)n1Cc1ccc(-c2ccccc2-c2nn[nH]n2)cc1,0,authentic,authentic,,,c1ccc(-c2nn[nH]n2)c(-c2ccc(Cn3ccnc3)cc2)c1,train,502.57500000000016,4.011700000000002,0.32257167674819304,37,64
subcategory_bioisostere.add-F_767,CC(=O)Nc1cccnc1N1CCN(C(=O)c2cc3ccccc3[nH]2)CC1,0,authentic,authentic,,,O=C(c1cc2ccccc2[nH]1)N1CCN(c2ccccn2)CC1,train,363.4210000000001,2.4837000000000007,0.7490753405109141,27,46
subcategory_bioisostere.add-F_167,CC(C)=O.Cl.Fc1ccc([C@@H]2CCNC[C@H]2COc2ccc3c(c2)OCO3)cc1,0,authentic,authentic,,,c1ccc([C@@H]2CCNC[C@H]2COc2ccc3c(c2)OCO3)cc1,train,423.91200000000026,4.343600000000003,0.7921195174776227,29,56
subcategory_bioisostere.add-F_790,CCCOc1ccc(S(=O)(=O)N2CCN(CCOC(=O)OC(C)C)CC2)cc1-c1nc2c(CCCF)cn(CC)c2c(=O)[nH]1,0,authentic,authentic,,,O=c1[nH]c(-c2cccc(S(=O)(=O)N3CCNCC3)c2)nc2cc[nH]c12,train,635.7590000000002,3.9703000000000026,0.2611038573607601,44,78
subcategory_bioisostere.add-F_482,c1cc2c(cc1OCC(CCCN1CCCCC1)COc1ccc3c(c1)OCO3)OCO2,0,authentic,authentic,,,c1cc2c(cc1OCC(CCCN1CCCCC1)COc1ccc3c(c1)OCO3)OCO2,test,441.5240000000002,4.484100000000004,0.5386104996285394,32,48
subcategory_bioisostere.add-F_765,CCCc1nn(C)c2c(=O)[nH]c(-c3cc(S(=O)(=O)OC)ccc3OCC)nc12,0,authentic,authentic,,,O=c1[nH]c(-c2ccccc2)nc2cn[nH]c12,train,406.4640000000002,2.0099,0.5966429557337083,28,53
subcategory_bioisostere.add-F_1028,Cc1c(Sc2cccc(O)c2)n(COC(F)(F)F)c(=O)[nH]c1=O,1,bioisostere,add-F,Cc1c(Sc2cccc(O)c2)n(COCCO)c(=O)[nH]c1=O,0 1 2 3 4 5 6 7 8 9 10 11 13 14 15 16 17 18 19 20 21 22,O=c1cc(Sc2ccccc2)[nH]c(=O)[nH]1,val,348.302,2.1957199999999992,0.827774123632101,23,44
subcategory_bioisostere.add-F_811,COc1cc(O)c2c(=O)oc(C[C@@H](O)COC(F)F)cc2c1,1,bioisostere,add-F,COc1cc(O)c2c(=O)oc(C[C@@H](O)CO)cc2c1,0 1 2 3 4 5 6 7 8 9 10 11 12 13 15 16 17 18 19 20 21,O=c1occc2ccccc12,test,316.256,1.6497999999999997,0.8421670823849429,22,42
subcategory_bioisostere.add-F_109,CCN1C(=O)NC(c2ccccc2)(C2(c3ccccc3)NC(=O)N(CC)C2=O)C1=O,0,authentic,authentic,,,O=C1NC(=O)C(c2ccccc2)(C2(c3ccccc3)NC(=O)NC2=O)N1,train,406.44200000000023,1.9207999999999998,0.7414026360859935,30,54
subcategory_bioisostere.add-F_849,C[C@H](NC(CCc1ccccc1)C(=O)OC(F)(F)F)C(=O)N(CC(=O)O)C1CCCC1,1,bioisostere,add-F,CCOC(=O)C(CCc1ccccc1)N[C@@H](C)C(=O)N(CC(=O)O)C1CCCC1,0 1 2 3 4 5 6 7 8 9 10 11 13 14 15 16 17 18 19 20 21 22 23 24 25 26 27 28 29 30,O=C(CNCCCc1ccccc1)NC1CCCC1,train,444.45000000000033,2.8847000000000014,0.5391001161271265,31,58
subcategory_bioisostere.add-F_54,Cc1cc(NC[C@H](O)CNC(=O)c2ccc(Cl)s2)c(F)cc1N1CCOCC1=O,0,authentic,authentic,,,O=C(NCCCNc1ccc(N2CCOCC2=O)cc1)c1cccs1,train,441.91200000000026,2.41502,0.6135166200993536,29,52
subcategory_bioisostere.add-F_1530,CC(=O)c1cc(C)ccc1OCC(F)(F)F,1,bioisostere,add-F,CC(=O)c1cc(C)ccc1OC[C@H](O)CN1CCOCC1,9 10 11 12 13 14 15,c1ccc(OCCCN2CCOCC2)cc1,test,232.2009999999999,3.138720000000002,0.7481517995141527,16,27
subcategory_bioisostere.add-F_923,CC(=O)OCC1OC(SC2=N/C(=C\c3cccs3)C(=O)N2c2ccc(Cl)cc2)C(OF)C(OC(C)=O)C1OC(C)=O,1,bioisostere,add-F,CC(=O)OCC1OC(SC2=N/C(=C\c3cccs3)C(=O)N2c2ccc(Cl)cc2)C(OC(C)=O)C(OC(C)=O)C1OC(C)=O,28 29 30,O=C1/C(=C/c2cccs2)N=C(SC2CCCCO2)N1c1ccccc1,train,627.0680000000002,4.299500000000004,0.23746027313563023,41,76
subcategory_bioisostere.add-F_454,Cc1cc(N)cc(C)c1OCC(=O)N[C@@H](Cc1ccccc1)C[C@H](O)[C@H](Cc1ccccc1)NC(=O)O[C@H]1COC2OCCC21,0,authentic,authentic,,,O=C(COc1ccccc1)N[C@H](CC[C@H](Cc1ccccc1)NC(=O)O[C@H]1COC2OCCC21)Cc1ccccc1,val,617.743,3.841840000000002,0.21218911260695728,45,88
subcategory_bioisostere.add-F_187,COc1cc2c(c(OC)c1OC)-c1ccc(OC)c(=O)cc1C(NC(=O)CS)CC2,0,authentic,authentic,,,O=c1cccc2c(c1)CCCc1ccccc1-2,train,431.5100000000002,2.7815000000000003,0.6847485259509315,30,51
subcategory_bioisostere.add-F_895,O=C1CC(NC(=O)c2ccc(C(F)(F)F)cc2Oc2ccc(OCC(F)(F)F)c(F)c2)CCN1,1,bioisostere,add-F,COc1ccc(Oc2cc(C(F)(F)F)ccc2C(=O)NC2CCNC(=O)C2)cc1F,3 4 5 6,O=C1CC(NC(=O)c2ccccc2Oc2ccccc2)CCN1,train,494.36300000000017,4.586300000000002,0.5766913011270993,34,60
subcategory_bioisostere.add-F_301,C=CC(=O)N1CCCC1c1c(F)cc(C(N)=O)c2[nH]c(C)c(C)c12,0,authentic,authentic,,,c1cc(C2CCCN2)c2cc[nH]c2c1,train,329.37500000000006,2.8722400000000015,0.849304064152546,24,48
subcategory_bioisostere.add-F_1051,O=C1CCc2c(cccc2OCC(F)(F)F)C1,1,bioisostere,add-F,CC(C)NCC(O)COc1cccc2c1CCC(=O)C2,0 1 2 3 4 5 6 7 8 10 11 12 13 14 15 16,O=C1CCc2ccccc2C1,train,244.2119999999999,2.685500000000001,0.7990762303708451,17,28
subcategory_bioisostere.add-F_920,CCCCc1nc(C(=O)OCC)c(C(=O)OC(F)(F)F)n1Cc1ccc(-c2ccccc2-c2nn[nH]n2)cc1,1,bioisostere,add-F,CCCCc1nc(C(=O)OCC)c(C(=O)OCC)n1Cc1ccc(-c2ccccc2-c2nn[nH]n2)cc1,3 4 5,c1ccc(-c2nn[nH]n2)c(-c2ccc(Cn3ccnc3)cc2)c1,train,542.5180000000001,4.974400000000005,0.27850668449447924,39,68
subcategory_bioisostere.add-F_558,CCCCCCOc1ccc(Cc2ccc(NC3=NCCN3)cc2)cc1,0,authentic,authentic,,,c1ccc(Cc2ccc(NC3=NCCN3)cc2)cc1,val,351.4940000000001,4.607600000000003,0.6487152073911504,26,37
subcategory_bioisostere.add-F_328,COc1cc2c(cc1F)CC(CC1(F)CCN(Cc3ccccc3F)CC1)C2=O,0,authentic,authentic,,,O=C1c2ccccc2CC1CC1CCN(Cc2ccccc2)CC1,train,403.44400000000013,4.722800000000004,0.72342511498087,29,46
subcategory_bioisostere.add-F_171,CC(C)C(OC(=O)N(C)C)N1C(=O)CCc2ccc(OCCCCN3CCN(c4cccc(Cl)c4Cl)CC3)cc21,0,authentic,authentic,,,O=C1CCc2ccc(OCCCCN3CCN(c4ccccc4)CC3)cc2N1,train,591.5800000000003,5.934100000000006,0.3192606912646333,40,68
subcategory_bioisostere.add-F_1357,COC(=O)[C@H](CCc1ccccc1)NC(C)C(=O)N1C(COC(F)F)CC[C@H]1C(=O)O,1,bioisostere,add-F,COC(=O)[C@H](CCc1ccccc1)NC(C)C(=O)N1C2COCC2C[C@H]1C(=O)O,0 1 2 3 4,O=C(CNCCCc1ccccc1)N1CCC2COCC21,train,442.45900000000023,1.8222999999999994,0.5038751317053521,31,60
subcategory_bioisostere.add-F_255,O=S(=O)(NCO)c1cc2c(cc1Cl)NCNS2(=O)=O,0,authentic,authentic,,,O=S1(=O)NCNc2ccccc21,train,327.771,-0.7706,0.5402963139532082,19,36
subcategory_bioisostere.add-F_1056,CNc1ccc2c(cc1=O)[C@@H](NC(N)=O)CCc1cc(OC(F)(F)F)c(OC)c(OC)c1-2,1,bioisostere,add-F,CNc1ccc2c(cc1=O)[C@@H](NC(N)=O)CCc1cc(OC)c(OC)c(OC)c1-2,0 1 2 3 4 5 6 7 8 9 10 11 12 13 14 15 16 17 18 20 21 22 23 24 25 26 27 28 29 30 31,O=c1cccc2c(c1)CCCc1ccccc1-2,train,453.41700000000014,3.326900000000002,0.6404908981935582,32,62
subcategory_bioisostere.add-F_1524,O=CN(CCOCC(F)(F)F)c1ccc(NC(=O)[C@@H](CNC(=O)c2ccc(Cl)s2)N(CC(F)F)CC2CCC2)cc1,1,bioisostere,add-F,O=C(NC[C@H](C(=O)Nc1ccc(N2CCOCC2=O)cc1)N(CC(F)F)CC1CCC1)c1ccc(Cl)s1,4 5 6 7 8 9 10,O=C(NC[C@@H](NCC1CCC1)C(=O)Nc1ccc(N2CCOCC2=O)cc1)c1cccs1,train,625.06,5.047500000000004,0.15507065736660686,41,76
subcategory_bioisostere.add-F_1471,Oc1nncn2c1cc1cc(OC(F)(F)F)ccc12,1,bioisostere,add-F,COc1ccc2c(c1)cc1c(O)nncn12,0 1 2 3 4 5 6 7 8 9 11 12 13 14 15 16 17 18,c1ccc2c(c1)cc1cnncn12,train,269.18199999999996,2.4867,0.7369150167361335,19,31
subcategory_bioisostere.add-F_760,COc1ccc(-c2ccc(C(O)CCN3CCCCC3)cc2)cc1,0,authentic,authentic,,,c1ccc(-c2ccc(CCCN3CCCCC3)cc2)cc1,val,325.452,4.271600000000004,0.8606335183443414,24,37
subcategory_bioisostere.add-F_984,Cc1nnc(Nc2ccccc2)c2c(C)n(-c3ccc(OC(F)(F)F)cc3)c(C)c12,1,bioisostere,add-F,CCOc1ccc(-n2c(C)c3c(C)nnc(Nc4ccccc4)c3c2C)cc1,3 4 5,c1ccc(Nc2nncc3cn(-c4ccccc4)cc23)cc1,train,412.41500000000013,5.987960000000004,0.4474831566921179,30,53
subcategory_bioisostere.add-F_1313,CC(=O)[C@H]1CC[C@@]2(OC(F)(F)F)[C@@H]3[C@H](O)CC4=CC(=O)CC[C@]4(C)[C@H]3CC[C@]12C,1,bioisostere,add-F,CC(=O)[C@H]1CC[C@@]2(O)[C@@H]3[C@H](O)CC4=CC(=O)CC[C@]4(C)[C@H]3CC[C@]12C,6 7 8 9 10 11,O=C1C=C2CC[C@H]3C4CCCC4CC[C@@H]3C2CC1,train,414.4640000000003,4.353300000000004,0.7296220364568827,29,81
subcategory_bioisostere.add-F_106,COc1ccc2c(c1)c(CC(=O)Oc1ccccc1Cl)c(C)n2C(=O)c1ccc(Cl)cc1,0,authentic,authentic,,,O=C(Cc1cn(C(=O)c2ccccc2)c2ccccc12)Oc1ccccc1,test,468.3360000000001,6.101720000000005,0.26237557209525014,32,56
subcategory_bioisostere.add-F_512,C[N+](C)(CC(=O)O)[C@H]1C[C@H](OC(=O)C(O)(c2cccs2)c2cccs2)CC[C@H]2O[C@H]21,0,authentic,authentic,,,O=C(O[C@H]1CC[C@@H]2O[C@@H]2CC1)C(c1cccs1)c1cccs1,test,452.5740000000001,2.438200000000001,0.38058971287998195,30,73
subcategory_bioisostere.add-F_283,CS(=O)(=O)O.Fc1ccc([C@@H]2CCNC[C@H]2COc2ccc3c(c2)OCO3)cc1,0,authentic,authentic,,,c1ccc([C@@H]2CCNC[C@H]2COc2ccc3c(c2)OCO3)cc1,train,425.47800000000024,2.8305000000000016,0.7277174310178284,29,57
subcategory_bioisostere.add-F_1238,CCCc1cn(C)c2c(=O)[nH]c(-c3cc(S(=O)(=O)N4CCC(F)(F)CC4)ccc3OCC(F)(F)F)nc12,1,bioisostere,add-F,CCCc1cn(C)c2c(=O)[nH]c(-c3cc(S(=O)(=O)N4CCC(F)(F)CC4)ccc3OCC)nc12,0 1 2 3 4 5 6 7 8 9 10 11 12 13 14 15 16 17 18 19 20 21 22 23 24 25 26 27 29 30 31 32 33 34 35 36,O=c1[nH]c(-c2cccc(S(=O)(=O)N3CCCCC3)c2)nc2cc[nH]c12,test,548.5340000000002,4.2420000000000035,0.4458020539370402,37,72
subcategory_bioisostere.add-F_408,CC(C)c1cc(C(C)(C)CC(C)(C)C)cc2c1OCCOCCOCc1cc(C(C)(C)C)cc(c1C(=O)O)COCCOCCO2,0,authentic,authentic,,,c1cc2cc(c1)COCCOCCOc1ccccc1OCCOCCOC2,val,642.8740000000003,8.057300000000009,0.3581809173455105,46,75
subcategory_bioisostere.add-F_331,CC(C)C[C@H]1[C@@H](C(=O)N[C@@H](Cc2cscn2)C(=O)N[C@@H](CC2CCCCC2)[C@@H](O)[C@@H](O)CC(C)C)[C@@H]1C(=O)N1CCOCC1,0,authentic,authentic,,,O=C(NCCC1CCCCC1)[C@H](Cc1cscn1)NC(=O)[C@@H]1C[C@H]1C(=O)N1CCOCC1,test,634.8840000000001,3.1606000000000014,0.2323640938017759,44,109
subcategory_bioisostere.add-F_857,CCN(CC)C1CCCC(NC(=O)c2ccccc2OCC(F)(F)F)CC1,1,bioisostere,add-F,CCN(CC)C1CCCC(NC(=O)c2ccccc2OC(F)(F)F)CC1,0 1 2 3 4 5 6 7 8 9 10 11 12 13 14 15 16 17 19 20 21 22 23 24 25 26,O=C(NC1CCCCCC1)c1ccccc1,train,386.4580000000002,4.400600000000003,0.7064587833979148,27,42
subcategory_bioisostere.add-F_1080,COc1ccc(C=C2CCCC(CN(C)C)C2(OC(F)F)c2cccc(C(F)(F)F)c2)cc1,1,bioisostere,add-F,COc1ccc(C=C2CCCC(CN(C)C)C2(O)c2cccc(C(F)(F)F)c2)cc1,0 1 2 3 4 5 6 7 8 9 10 11 12 13 14 15 17 18 19 20 21 22 23 24 25 26 27 28 29 30 31 32,C(=C1CCCCC1c1ccccc1)c1ccccc1,train,469.49399999999997,6.593800000000006,0.4270232759513448,33,56
subcategory_bioisostere.add-F_1029,COc1cc(C(=O)C2CCCN(Cc3ccc(OC)c(C)c3C)C2)ccc1OC(F)(F)F,1,bioisostere,add-F,COc1ccc(C(=O)C2CCCN(Cc3ccc(OC)c(C)c3C)C2)cc1OC,3 4 5,O=C(c1ccccc1)C1CCCN(Cc2ccccc2)C1,train,451.4850000000002,5.314140000000005,0.5339403553009379,32,53
subcategory_bioisostere.add-F_782,CC.CC.CC(=O)c1sc(-c2ccc(OCC(C)C)c(C(C)C)c2)nc1C,0,authentic,authentic,,,c1ccc(-c2nccs2)cc1,train,391.62100000000015,7.531720000000008,0.47758076302305735,27,47
subcategory_bioisostere.add-F_577,Cc1c(/C=C/C(=O)O)c2ccccc2n1Cc1cccc(F)c1,0,authentic,authentic,,,c1ccc(Cn2ccc3ccccc32)cc1,train,309.34000000000003,4.234920000000003,0.7326425921045554,23,39
subcategory_bioisostere.add-F_1486,CC1(C)COC(C2(c3ccc(N4CCc5c(C(F)(F)F)nn(-c6ccc(OC(F)F)cc6)c5C4=O)cc3)CC2)=N1,1,bioisostere,add-F,COc1ccc(-n2nc(C(F)(F)F)c3c2C(=O)N(c2ccc(C4(C5=NC(C)(C)CO5)CC4)cc2)CC3)cc1,3 4,O=C1c2c(cnn2-c2ccccc2)CCN1c1ccc(C2(C3=NCCO3)CC2)cc1,train,560.5229999999999,5.934300000000006,0.35054106452927136,40,75
subcategory_bioisostere.add-F_902,CCCc1nn(C)c2c(=O)[nH]c(-c3cc(S(=O)(=O)N4CCN(C)C(OC(F)F)C4)ccc3OCC)nc12,1,bioisostere,add-F,CCCc1nn(C)c2c(=O)[nH]c(-c3cc(S(=O)(=O)N4CCN(C)C(O)C4)ccc3OCC)nc12,0 1 2 3 4 5 6 7 8 9 10 11 12 13 14 15 16 17 18 19 20 21 22 24 25 26 27 28 29 30 31 32 33 34 35 36,O=c1[nH]c(-c2cccc(S(=O)(=O)N3CCNCC3)c2)nc2cn[nH]c12,train,540.5930000000002,2.1761999999999997,0.43831647284605435,37,70
subcategory_bioisostere.add-F_1168,Cc1nc(-c2ccc(OCC(C)C)c(Br)c2)sc1C(=O)OC(F)F,1,bioisostere,add-F,Cc1nc(-c2ccc(OCC(C)C)c(Br)c2)sc1C(=O)OC(C)(C)C,0 1 2 3 4 5 6 7 8 9 10 11 12 13 14 15 16 17 19 20 21 22,c1ccc(-c2nccs2)cc1,train,420.27500000000003,5.295220000000003,0.5958687188475124,24,43
subcategory_bioisostere.add-F_753,CCOC(=O)C1(c2cc3c(cc2OC[C@@H]2CNCCC2c2ccc(F)cc2)OCO3)C(C)=C1C,0,authentic,authentic,,,C1=CC1c1cc2c(cc1OC[C@@H]1CNCCC1c1ccccc1)OCO2,val,467.53700000000026,4.477400000000004,0.47864200747022356,34,61
subcategory_bioisostere.add-F_1531,CN[C@@H](CNC(=O)c1ccc(Cl)s1)C(=O)Nc1ccc(N(C)C(=O)COC(F)F)cc1F,1,bioisostere,add-F,CN[C@@H](CNC(=O)c1ccc(Cl)s1)C(=O)Nc1ccc(N2CCOCC2=O)cc1F,0 1 2 3 4 5 6 7 9,O=C(CCNC(=O)c1cccs1)Nc1ccc(N2CCOCC2=O)cc1,train,492.90700000000015,2.6991000000000014,0.47340048989088085,32,61
subcategory_bioisostere.add-F_1497,FC(F)Oc1ccccc1CCc1ccccc1,1,bioisostere,add-F,CN(C)CCCCCCOc1ccccc1CCc1ccccc1,0 1 2 3 5 6 7 8 9 10 11 12 13 14 15 16 17,c1ccc(CCc2ccccc2)cc1,train,248.27199999999996,4.073200000000003,0.7745160844199315,18,24
subcategory_bioisostere.add-F_633,CCCCCCCCCC(=O)OCC(C)CCN1CCC(c2noc3cc(F)ccc23)CC1,0,authentic,authentic,,,c1ccc2c(C3CCNCC3)noc2c1,train,460.63400000000024,6.856400000000008,0.22771682464333298,33,48
subcategory_bioisostere.add-F_489,COc1ccc2[nH]c(-c3ccccc3)c(CCNC(=O)C3CCCC3)c2c1,0,authentic,authentic,,,O=C(NCCc1c(-c2ccccc2)[nH]c2ccccc12)C1CCCC1,train,362.47300000000024,4.692400000000003,0.668135369257637,27,46
subcategory_bioisostere.add-F_1093,CCCc1nn(Cc2ccccn2)c2c(=O)[nH]c(-c3ccccc3OCC(F)(F)F)nc12,1,bioisostere,add-F,CCCOc1ccccc1-c1nc2c(CCC)nn(Cc3ccccn3)c2c(=O)[nH]1,0 1 2 3 4 5 6 7 8 9 10 11 12 13 14 15 16 17 18 19 20 21 22 24 25 26 27 28 29 30 31,O=c1[nH]c(-c2ccccc2)nc2cnn(Cc3ccccn3)c12,train,443.42900000000014,4.123500000000003,0.4644196041210619,32,55
subcategory_bioisostere.add-F_479,CCCOc1ccc(S(C)(=O)=O)cc1-c1nc2c(CC)nn(Cc3ccccn3)c2c(=O)[nH]1,0,authentic,authentic,,,O=c1[nH]c(-c2ccccc2)nc2cnn(Cc3ccccn3)c12,train,467.5510000000002,2.9846000000000013,0.42290137496029123,33,60
subcategory_bioisostere.add-F_1509,CCC[C@H]1CN(Cc2ccccc2)C[C@@H]1CNC(=O)c1cc(Cl)c(NC)cc1OCC(F)(F)F,1,bioisostere,add-F,CCC[C@H]1CN(Cc2ccccc2)C[C@@H]1CNC(=O)c1cc(Cl)c(NC)cc1OC,3 4 5 6,O=C(NC[C@@H]1CCN(Cc2ccccc2)C1)c1ccccc1,train,497.9890000000002,5.6009000000000055,0.448360356861792,34,63
subcategory_bioisostere.add-F_583,O=C1NC(Cc2ccccc2)(c2ccccc2)C(=O)N1Cc1cccc(C(F)(F)F)c1,0,authentic,authentic,,,O=C1NC(Cc2ccccc2)(c2ccccc2)C(=O)N1Cc1ccccc1,train,424.4220000000001,4.895400000000004,0.5928790642450338,31,53
subcategory_bioisostere.add-F_1250,Cn1nnnc1-c1ccc(CC2(C(=O)N[C@@H](Cc3ccc(NC(=O)c4c(Cl)cccc4Cl)cc3)C(=O)OC(F)(F)F)CCCCC2)cc1,1,bioisostere,add-F,Cn1nnnc1-c1ccc(CC2(C(=O)N[C@@H](Cc3ccc(NC(=O)c4c(Cl)cccc4Cl)cc3)C(=O)O)CCCCC2)cc1,34 36 37 38 39 40,O=C(Nc1ccc(CCNC(=O)C2(Cc3ccc(-c4nnn[nH]4)cc3)CCCCC2)cc1)c1ccccc1,test,703.549,6.719700000000005,0.1756889135614744,48,89
subcategory_bioisostere.add-F_909,Cc1nc(-c2ccc(OC(F)(F)F)c(Br)c2)sc1C(=O)O,1,bioisostere,add-F,Cc1nc(-c2ccc(OCC3CC3)c(Br)c2)sc1C(=O)O,0 1 2 3 4 5 6 8 9 10 11 12 13 14 15 16 17 18 19 20,c1csc(-c2ccc(OCC3CC3)cc2)n1,train,382.157,4.477820000000001,0.8508117622730267,21,40
subcategory_bioisostere.add-F_486,C[N+]1(C)[C@@H]2CC(OC(=O)C(CO)(c3cccs3)c3cccs3)C[C@H]1[C@@H]1O[C@@H]12.[Br-],0,authentic,authentic,,,O=C(OC1C[C@@H]2[NH2+][C@H](C1)[C@H]1O[C@H]12)C(c1cccs1)c1cccs1,train,486.4530000000001,-0.6077999999999983,0.3484118651286176,28,76
subcategory_bioisostere.add-F_746,Nc1nc2c(ncn2OCCC(O)CO)c(=O)[nH]1,0,authentic,authentic,,,O=c1[nH]cnc2[nH]cnc12,train,255.23399999999998,-2.126299999999999,0.4782909913722562,18,32
subcategory_bioisostere.add-F_841,CC(=O)n1c(N)nc2ncn(COCC(F)(F)F)c2c1=O,1,bioisostere,add-F,CC(=O)OCCOCn1cnc2nc(N)n(C(C)=O)c(=O)c21,0 1 2 3 4 5 6 7 8 9 10 12 13 14 15 16 17 18 19 20,O=c1[nH]cnc2nc[nH]c12,train,305.21600000000007,0.3716999999999996,0.8781390525794307,21,37
subcategory_bioisostere.add-F_89,O=C(O)COCCN1CCN(Cc2ccc(-c3ccccc3Cl)cc2)CC1,0,authentic,authentic,,,c1ccc(-c2ccc(CN3CCNCC3)cc2)cc1,val,388.8950000000001,3.225800000000002,0.7035032568814219,27,42
subcategory_bioisostere.add-F_1450,CSC1=NC(C)=C(C(=O)OCC(F)(F)F)C(c2ccccc2SC)N1,1,bioisostere,add-F,COC(=O)C1=C(C)N=C(SC)NC1c1ccccc1SC,0 1 2 3 4 5 6 8 9 10 11 12 13 14 15 16 17 18 19 20 21 22 23 24,C1=CC(c2ccccc2)NC=N1,train,390.452,4.151300000000003,0.6182756805207018,25,44
subcategory_bioisostere.add-F_339,CN1CCN(CC(c2ccc(-c3cccc(OCF)c3)cc2)C2(O)CCC2)CC1,0,authentic,authentic,,,c1ccc(-c2ccc(C(CN3CCNCC3)C3CCC3)cc2)cc1,train,398.5220000000002,3.905400000000003,0.7672960134039997,29,48
subcategory_bioisostere.add-F_1504,Cc1ccn(-c2ccc(OCC(F)(F)F)c(F)c2)c(=O)c1,1,bioisostere,add-F,Cc1ccn(-c2ccc(O)c(F)c2)c(=O)c1,2 3 4 5 6,O=c1ccccn1-c1ccccc1,train,301.239,3.2261200000000017,0.8151002492814979,21,39
subcategory_bioisostere.add-F_370,Cc1cc(C)nc(NS(=O)(=O)c2ccc(N)cc2)n1,0,authentic,authentic,,,O=S(=O)(Nc1ncccn1)c1ccccc1,train,278.337,1.4764399999999998,0.8285267006028038,19,35
subcategory_bioisostere.add-F_332,Cc1cnc(NC(=O)C2=C(O)c3ccccc3S(=O)(=O)N2C)s1.O=C(O)c1ccccc1,0,authentic,authentic,,,O=C(Nc1nccs1)C1=Cc2ccccc2S(=O)(=O)N1.c1ccccc1,val,473.5320000000002,3.335720000000001,0.5305062008825078,32,58
subcategory_bioisostere.add-F_315,CCC(=O)NCCc1c2n(c3ccc(OC)cc13)CCCc1ccccc1-2,0,authentic,authentic,,,c1ccc2c(c1)CCCn1c-2cc2ccccc21,test,362.4730000000002,4.331800000000004,0.7339709557201267,27,43
subcategory_bioisostere.add-F_1405,COc1ccc(OCC2CNC(=O)CC2c2ccc(F)cc2)cc1OF,1,bioisostere,add-F,O=C1CC(c2ccc(F)cc2)C(COc2ccc3c(c2)OCO3)CN1,0 1 2 3 4 5 6 7 8 9 10 11 12 13 14 15 16 17 18 19 20 21 22 24,O=C1CC(c2ccccc2)C(COc2ccc3c(c2)OCO3)CN1,train,363.36,3.396300000000002,0.8547418158771579,26,39
subcategory_bioisostere.add-F_1223,CN(C)c1ccc(-c2cc(OC(F)F)c3ccccc3n2)cc1,1,bioisostere,add-F,CN(C)c1ccc(-c2cc(O)c3ccccc3n2)cc1,0 1 2 3 4 5 6 7 8 10 11 12 13 14 15 16 17 18 19 20 21 22,c1ccc(-c2ccc3ccccc3n2)cc1,train,314.335,4.569200000000003,0.7051824349810294,23,38
subcategory_bioisostere.add-F_268,CCC(C)CC1(c2ccc(N)cc2)CCC(=O)NC1=O,0,authentic,authentic,,,O=C1CCC(c2ccccc2)C(=O)N1,test,274.364,2.3794000000000004,0.6537719426509585,20,34
subcategory_bioisostere.add-F_1557,Nc1nc(C2CCN(C(=O)c3ccc(OC(F)(F)F)c(O)c3)CC2)c2ccccc2n1,1,bioisostere,add-F,Nc1nc(C2CCN(C(=O)c3ccc4c(c3)OCO4)CC2)c2ccccc2n1,0 1 2 3 4 5 6 7 8 9 10 11 12 14 15 16 17 18 19 20 21 22 23 24 25 26 27 28 29 30,O=C(c1ccc2c(c1)OCO2)N1CCC(c2ncnc3ccccc23)CC1,test,432.40200000000016,3.836000000000002,0.6522912969011643,31,54
subcategory_bioisostere.add-F_689,CS(=O)(=O)N1CC2(CCN(C(=O)C(CNCc3ccc(Cl)c(Cl)c3)NCc3ccccc3)CC2)c2ccccc21,0,authentic,authentic,,,O=C(C(CNCc1ccccc1)NCc1ccccc1)N1CCC2(CC1)CNc1ccccc12,train,601.6000000000001,4.581400000000004,0.3755496328599506,40,71
subcategory_bioisostere.add-F_1355,O=C(O)CC1CC(=O)c2c(OC(F)(F)F)ccc(Cl)c2S1,1,bioisostere,add-F,COc1ccc(Cl)c2c1C(=O)CC(CC(=O)O)S2,3 4 5,O=C1CCSc2ccccc21,train,340.70599999999996,3.7604000000000015,0.9072920493386899,21,40
subcategory_bioisostere.add-F_1484,CCc1oc(=O)c(Cc2c(O)c(C)c(OCC(F)(F)F)c(C(=O)[C@@H](C)CC)c2O)c(O)c1C,1,bioisostere,add-F,C=C(C)[C@@H]1Cc2c(O)c(Cc3c(O)c(C)c(CC)oc3=O)c(O)c(C(=O)[C@@H](C)CC)c2O1,13 14 15 16 17 18 19,O=c1occcc1Cc1ccc2c(c1)CCO2,train,472.45600000000024,4.696540000000005,0.4770332239446928,33,66
subcategory_bioisostere.add-F_1400,CCOc1cc2c(cc1CCc1ccc(OCC(F)(F)F)cc1)OCO2,1,bioisostere,add-F,CCOc1cc2c(cc1CCc1ccc(OC)cc1)OCO2,0 1 2 3 4 5 6 7 8 9 10 11 12 13 15 16 17 18 19 20 21 22 23 24 25,c1ccc(CCc2ccc3c(c2)OCO3)cc1,train,368.351,4.540300000000004,0.7190436334776661,26,40
subcategory_bioisostere.add-F_1105,[2H]C([2H])(O)[C@@H]1O[C@H](n2ccc(NF)nc2=O)CS1,1,bioisostere,add-F,Cl.[2H]C([2H])(O)[C@@H]1O[C@H](n2ccc([15NH2])nc2=O)CS1,10 11 12,O=c1ncccn1[C@@H]1CSCO1,train,249.26320355599998,0.12010000000000015,0.7409914165014015,16,46
subcategory_bioisostere.add-F_1528,COc1cc(OCC(F)(F)F)ccc1C(=O)N1CCC(N2C(=O)OCc3ccccc32)CC1,1,bioisostere,add-F,COc1cc(OC2CCN(C(=O)c3ccc[n+]([O-])c3C)CC2)ccc1C(=O)N1CCC(N2C(=O)OCc3ccccc32)CC1,4 5 6 7 8 9 10,O=C(c1ccc[nH+]c1)N1CCC(Oc2ccc(C(=O)N3CCC(N4C(=O)OCc5ccccc54)CC3)cc2)CC1,train,464.44000000000034,4.397700000000004,0.6564343272775433,33,55
subcategory_bioisostere.add-F_207,COC1=C[C@H]2C3=C([C@H]2C1=O)[C@H](NC(C)=O)CCc1cc(OC)c(OC)c(OC)c13,0,authentic,authentic,,,O=C1C=C[C@H]2C3=C(CCCc4ccccc43)[C@@H]12,train,399.4430000000002,2.2759,0.8179937747449152,29,65
subcategory_bioisostere.add-F_605,COc1ccc2nc3c(c(C)nn3[C@H]3CN(S(=O)(=O)c4ccccc4)C[C@@H](COC(=O)c4ccccc4)O3)c(Cl)c2c1,0,authentic,authentic,,,O=C(OC[C@@H]1CN(S(=O)(=O)c2ccccc2)C[C@H](n2ncc3cc4ccccc4nc32)O1)c1ccccc1,train,607.0880000000003,5.000220000000005,0.23794215571530414,42,83
subcategory_bioisostere.add-F_158,Cc1nc2n(c(=O)c1C(O)CN1CCC(c3noc4cc(F)ccc34)CC1)CCCC2,0,authentic,authentic,,,O=c1c(CCN2CCC(c3noc4ccccc34)CC2)cnc2n1CCCC2,train,426.4920000000003,3.0813200000000016,0.6902887957170618,31,52
subcategory_bioisostere.add-F_317,CCN1C(=O)c2c(ncn2C)N(COC(CO)CO)C1N.I,0,authentic,authentic,,,O=C1NCNc2nc[nH]c21,test,427.24299999999994,-1.1101999999999992,0.49329140906637714,22,36
subcategory_bioisostere.add-F_281,COc1ccc(Cl)cc1C(=O)NCCc1ccc(S(N)(=O)=NC(=O)NC2=C3CCC(C)(C)C3=NC3CCCC23C)cc1,0,authentic,authentic,,,O=C(N=[SH](=O)c1ccc(CCNC(=O)c2ccccc2)cc1)NC1=C2CCCC2=NC2CCCC12,val,612.1960000000001,5.818800000000006,0.3634533768909544,42,75
subcategory_bioisostere.add-F_463,CN=Cc1cc(-c2nc(C)c(C(=O)O)s2)ccc1OCC(C)C,0,authentic,authentic,,,c1ccc(-c2nccs2)cc1,train,332.4250000000001,3.9002200000000027,0.8143850649944262,23,40
subcategory_bioisostere.add-F_393,Cc1ccc(C(=O)OCn2oc(=O)c3ccccc32)cc1,0,authentic,authentic,,,O=C(OCn1oc(=O)c2ccccc21)c1ccccc1,train,283.283,2.7174200000000006,0.6933187473863532,21,35
subcategory_bioisostere.add-F_995,FC(F)(F)COc1ccc(Oc2ccccc2)cc1Cl,1,bioisostere,add-F,C=CCOc1ccc(Oc2ccccc2)cc1Cl,0 1 2 3 4 5 7 8 9 10 11 12 13 14 15 16 17 18 19,c1ccc(Oc2ccccc2)cc1,train,302.6790000000001,5.073400000000003,0.7844280647914913,20,31
subcategory_bioisostere.add-F_699,CC(=O)N1CCN(C(=O)CCC(=O)N2CCC(c3noc4cc(F)ccc34)CC2)CC1,0,authentic,authentic,,,O=C(CCC(=O)N1CCC(c2noc3ccccc23)CC1)N1CCNCC1,train,430.48000000000025,2.1437999999999997,0.7418637127776123,31,54
subcategory_bioisostere.add-F_438,CSC[C@H](NC(=O)[C@H](Cc1ccccc1)NC(=O)N1CCOCC1)C(=O)N[C@@H](CC1CCCCC1)[C@@H](O)C(=O)OC(C)C,0,authentic,authentic,,,O=C(CNC(=O)[C@H](Cc1ccccc1)NC(=O)N1CCOCC1)NCCC1CCCCC1,train,620.8130000000006,2.255000000000001,0.23187096110158462,43,89
subcategory_bioisostere.add-F_369,COc1cc(Br)c2c3c1OC1C[C@@H](O)C=CC31CCN(CCCN1CCCCC1)C2,0,authentic,authentic,,,C1=CC23CCN(CCCN4CCCCC4)Cc4cccc(c42)OC3CC1,train,477.4430000000005,3.8590000000000027,0.6531618834981033,30,53
subcategory_bioisostere.add-F_632,CC/C=C/C=C/CCc1cc(O)c([C@@H]2O[C@H](CO)[C@@H](O)[C@H](O)[C@H]2O)c(O)c1C(=O)OC,0,authentic,authentic,,,c1ccc([C@H]2CCCCO2)cc1,train,438.4730000000002,0.8542999999999996,0.2557279049758716,31,77
subcategory_bioisostere.add-F_742,CC(C)C(NC(=O)CN1CC[C@H](NC(=O)c2ccc(C(=O)NS(=O)(=O)c3ccc(Cl)cc3)cc2)C1=O)C(=O)C(F)(F)F,0,authentic,authentic,,,O=C(N[C@H]1CCNC1=O)c1ccc(C(=O)NS(=O)(=O)c2ccccc2)cc1,train,631.0290000000002,2.0615999999999994,0.36241481993896746,42,86
subcategory_bioisostere.add-F_37,COc1cc2c(c(OC)c1OC)-c1cc(C)c(C)c(C)c1C(NC(C)=O)CC2,0,authentic,authentic,,,c1ccc2c(c1)CCCc1ccccc1-2,train,383.48800000000017,4.428060000000003,0.8486559082840942,28,50
subcategory_bioisostere.add-F_1554,COc1ccc(-n2nc(C(=O)N3CCCN(CCF)CC3)c(COC(F)(F)F)c2C)cc1,1,bioisostere,add-F,COc1ccc(-n2nc(C(=O)N3CCCN(CCF)CC3)c3c2CCOC3)cc1,0 1 2 3 4 5 6 7 8 9 10 11 12 13 14 15 16 17 18 19 20 21 23 24 25 26 27 28 29 30 31,O=C(c1nn(-c2ccccc2)c2c1COCC2)N1CCCNCC1,test,458.4560000000002,3.3431200000000016,0.5960523443622657,32,54
subcategory_bioisostere.add-F_1041,CC1CN([C@H](c2ccccc2)c2ccc(Cl)cc2)CCN1CC(=O)OCC(F)(F)F,1,bioisostere,add-F,CC1CN([C@H](c2ccccc2)c2ccc(Cl)cc2)CCN1CC(=O)O.Cl.Cl,0 1 2 3 4 5 6 7 8 9 10 11 12 13 14 15 16 17 18 19 20 21 23 24 25 26 27 28,c1ccc(C(c2ccccc2)N2CCNCC2)cc1,train,440.8930000000002,4.541000000000004,0.6172789414310959,30,54
subcategory_bioisostere.add-F_867,COc1c(Cl)c(O)c(C(=O)O)c(OC(F)F)c1Cl,1,bioisostere,add-F,COc1c(Cl)c(O)c(C(=O)O)c(OC)c1Cl,0 1 2 3 4 5 6 7 8 9 10 12 13 14 15 16,c1ccccc1,train,303.044,3.0072,0.8939007122402398,18,35
subcategory_bioisostere.add-F_1373,O=C1c2cc(OCC(F)(F)F)ccc2CC1CN1CCC(O)(c2ccc(F)cc2)CC1,1,bioisostere,add-F,COc1ccc2c(c1)C(=O)C(CN1CCC(O)(c3ccc(F)cc3)CC1)C2,0 1 2 3 5 6 7 8 9 10 11 12 13 14 15 16 17 18 19 20 21 22 23 24 25 26 27 28 29 30,O=C1c2ccccc2CC1CN1CCC(c2ccccc2)CC1,test,437.4330000000002,4.105400000000004,0.7159044584527621,31,52
subcategory_bioisostere.add-F_1454,CC(=O)N[C@@H](Cc1ccc(OP(=O)(O)OC(F)(F)F)cc1)C(=O)N[C@H]1CCCCN(Cc2cc(C(F)(F)F)cc(C(F)(F)F)c2)C1=O,1,bioisostere,add-F,CC(=O)N[C@@H](Cc1ccc(OP(=O)(O)O)cc1)C(=O)N[C@H]1CCCCN(Cc2cc(C(F)(F)F)cc(C(F)(F)F)c2)C1=O,11 14 15 16 17 18,O=C(CCc1ccccc1)N[C@H]1CCCCN(Cc2ccccc2)C1=O,train,707.4830000000005,5.484500000000004,0.21999823085264886,47,96
subcategory_bioisostere.add-F_191,CCCOc1ccc(S(=O)(=O)N2CCC(Cc3nn[nH]n3)CC2)cc1-c1nc2c(CCC)cn(C)c2c(=O)[nH]1,0,authentic,authentic,,,O=c1[nH]c(-c2cccc(S(=O)(=O)N3CCC(Cc4nn[nH]n4)CC3)c2)nc2cc[nH]c12,train,554.6770000000002,2.8264000000000005,0.30360334126350175,39,73
subcategory_bioisostere.add-F_1078,O=C(NCCN1CCN(c2ccccc2OC(F)F)CC1)c1ccsc1,1,bioisostere,add-F,COc1ccccc1N1CCN(CCNC(=O)c2ccsc2)CC1,0 1 2 3 4 5 6 7 8 9 10 11 12 13 15 16 17 18 19 20 21 22 23 24 25,O=C(NCCN1CCN(c2ccccc2)CC1)c1ccsc1,train,381.44800000000015,2.9015000000000013,0.8011297852979553,26,39
subcategory_bioisostere.add-F_1372,COc1cccc(C(=O)NCCN2CCN(c3ccccc3OCC(F)(F)F)CC2)c1,1,bioisostere,add-F,COc1cccc(C(=O)NCCN2CCN(c3ccccc3OC)CC2)c1,0 1 2 3 4 5 6 7 8 9 10 11 12 13 14 15 16 17 18 19 20 22 23 24 25 26 27 28 29 30,O=C(NCCN1CCN(c2ccccc2)CC1)c1ccccc1,test,437.4620000000001,3.1883000000000017,0.6876738848608404,31,48
subcategory_bioisostere.add-F_261,O=C1CCc2ccc(OCCCCN3CCc4ccccc4C3)cc2N1,0,authentic,authentic,,,O=C1CCc2ccc(OCCCCN3CCc4ccccc4C3)cc2N1,train,350.462,3.7886000000000024,0.8061497890600284,26,37
subcategory_bioisostere.add-F_672,CCNc1cccnc1N1CCN(C(=O)c2cc3ccccc3oc2=O)CC1,0,authentic,authentic,,,O=C(c1cc2ccccc2oc1=O)N1CCN(c2ccccn2)CC1,val,378.43200000000013,2.5822000000000003,0.703296041752077,28,42
subcategory_bioisostere.add-F_1317,CC(=O)N1CCN(C(=O)Cc2cccc(OC(F)F)c2)C(CN2CC[C@H](O)C2)C1,1,bioisostere,add-F,COc1cccc(CC(=O)N2CCN(C(C)=O)CC2CN2CC[C@H](O)C2)c1,0 1 2 3 4 5 6 7 8 9 10 11 12 13 15 16 17 18 19 20 21 22 23 24 25 26 27 28,O=C(Cc1ccccc1)N1CCNCC1CN1CCCC1,train,411.44900000000024,0.956399999999999,0.7549641708918876,29,55
subcategory_bioisostere.add-F_771,CC1CCN(C(=O)CN2C(=O)NC(c3ccccc3)(c3ccccc3)C2=O)CC1,0,authentic,authentic,,,O=C(CN1C(=O)NC(c2ccccc2)(c2ccccc2)C1=O)N1CCCCC1,val,391.4710000000002,2.740500000000001,0.815087408930801,29,50
subcategory_bioisostere.add-F_1582,CC(C)c1oc2ccccc2c1C(=O)c1ccc(OCC(F)(F)F)cc1,1,bioisostere,add-F,CC(C)c1oc2ccccc2c1C(=O)c1ccc(OCCNCC(C)(C)C)cc1.Cl,0 1 2 3 4 5 6 7 8 9 10 11 12 13 14 15 16 18 19 20 21 22 23 24 25,O=C(c1ccccc1)c1coc2ccccc12,train,362.347,5.7283000000000035,0.5443810599653266,26,43
subcategory_bioisostere.add-F_634,Cc1cc(C)n2nc(-c3ccc(F)cc3)c(/C=C/C(O)CC(=O)CC(=O)O)c(C(C)C)c12,0,authentic,authentic,,,c1ccc(-c2ccc3cccn3n2)cc1,val,438.4990000000003,4.688640000000003,0.49805265965546724,32,62
subcategory_bioisostere.add-F_173,COc1cc(N)c(Cl)cc1C(=O)NCCN(C)C[C@@H]1CCCC[C@@]1(O)c1cccc(O)c1,0,authentic,authentic,,,O=C(NCCNC[C@@H]1CCCCC1c1ccccc1)c1ccccc1,val,461.9900000000003,3.376000000000002,0.4487233342877996,32,61
subcategory_bioisostere.add-F_1218,COc1cccc(Nc2ccc(NC(=O)OCC(F)(F)F)cc2)c1,1,bioisostere,add-F,CCOC(=O)Nc1ccc(Nc2cccc(OC)c2)cc1,0 1 2 3 4 5 6 7 8 9 10 11 12 14 15 16 17 18 19 20 21 22 23,c1ccc(Nc2ccccc2)cc1,train,340.301,4.5496000000000025,0.8382621692111247,24,39
subcategory_bioisostere.add-F_1588,O=C(c1ccccc1)c1ccc(OCC(F)(F)F)c(CCCO)c1,1,bioisostere,add-F,CC(C)(C)C(=O)Oc1ccc(C(=O)c2ccccc2)cc1CCCO,0 1 2 3 4 5 6 7 8 9 10 12 13 14 15 16 17 18 19 20 21 22 23,O=C(c1ccccc1)c1ccccc1,train,338.3250000000001,3.7836000000000025,0.781647686113091,24,39
subcategory_bioisostere.add-F_802,Nc1nc(NC(=O)OCC(F)(F)F)cc2c1N=C(c1ccc(Cl)c(Cl)c1)CN2,1,bioisostere,add-F,CCOC(=O)Nc1cc2c(c(N)n1)N=C(c1ccc(Cl)c(Cl)c1)CN2,0 1 2 3 4 6 7 8 9 10 11 12 13 14 15 16 17 18 19 20 21 22 23 24 25 26 27,c1ccc(C2=Nc3cnccc3NC2)cc1,test,434.20500000000015,4.627700000000001,0.6542888522771676,28,52
subcategory_bioisostere.add-F_1356,FC(F)(F)Oc1ccc(-c2c(-c3ccccn3)nc3n2CCC3)cc1,1,bioisostere,add-F,COc1ccc(-c2c(-c3ccccn3)nc3n2CCC3)cc1,0 1 2 3 4 6 7 8 9 10 11 12 13 14 15 16 17 18 19 20 21 22 23,c1ccc(-c2c(-c3ccccn3)nc3n2CCC3)cc1,train,345.3240000000002,4.456900000000004,0.7037049281154476,25,43
subcategory_bioisostere.add-F_1343,CN(C)c1ncnc2c1ncn2Cc1cccc(OC(F)F)c1,1,bioisostere,add-F,CN(C)c1ncnc2c1ncn2Cc1cccc(OC(=O)C(C)(C)C)c1,3 4,c1ccc(Cn2cnc3cncnc32)cc1,train,319.31499999999994,2.5420000000000007,0.7232086288430821,23,35
subcategory_bioisostere.add-F_1487,O=C(CN1C[C@H](NC(=O)c2ccc(Cl)s2)[C@@H](OC(F)F)C1)Nc1ccc(-n2ccccc2=O)cc1F,1,bioisostere,add-F,CO[C@H]1CN(CC(=O)Nc2ccc(-n3ccccc3=O)cc2F)C[C@@H]1NC(=O)c1ccc(Cl)s1,3 4,O=C(CN1CC[C@@H](NC(=O)c2cccs2)C1)Nc1ccc(-n2ccccc2=O)cc1,train,540.9510000000002,3.352000000000002,0.4570796731442231,36,72
subcategory_bioisostere.add-F_716,CCN(CC)CCNC(=O)c1cc(Cl)c(N)cc1OCC1(C)CO1,0,authentic,authentic,,,c1ccc(OCC2CO2)cc1,val,355.8660000000002,2.1614999999999993,0.5238530909232203,24,40
subcategory_bioisostere.add-F_289,COc1cccc(F)c1-c1nc(C2CC2)c(C(=O)O)s1,0,authentic,authentic,,,c1ccc(-c2nc(C3CC3)cs2)cc1,test,293.31899999999996,3.533400000000002,0.9364277901916938,20,36
subcategory_bioisostere.add-F_1359,COC1CCC(S(=O)c2nc3cc(OCC(F)(F)F)c(F)cc3[nH]2)c2ncc(C)cc21,1,bioisostere,add-F,CCOc1cc2nc(S(=O)C3CCC(OC)c4cc(C)cnc43)[nH]c2cc1F,4 5 6,O=S(c1nc2ccccc2[nH]1)C1CCCc2cccnc21,train,457.4490000000001,4.676720000000003,0.5634466800585863,31,57
subcategory_bioisostere.add-F_1193,Cc1c2ccnc(N3CCCCC3)c2cc2c1[nH]c1ccc(OC(F)(F)F)cc12,1,bioisostere,add-F,COc1ccc2[nH]c3c(C)c4ccnc(N5CCCCC5)c4cc3c2c1,0 1 2 3 4 5 6 7 8 9 10 11 12 13 14 15 16 17 18 19 20 22 23 24 25 26 27,c1ccc2c(c1)[nH]c1cc3ccnc(N4CCCCC4)c3cc12,train,399.41600000000005,6.066620000000004,0.4449909266421728,29,50
subcategory_bioisostere.add-F_166,COC(=O)[C@H](Cc1ccccc1)NC(=O)[C@@H]1CCCN1C(=O)[C@@H](O)[C@H](N)CC(C)C,0,authentic,authentic,,,O=C(NCCc1ccccc1)[C@@H]1CCCN1,train,419.5220000000002,0.6122000000000021,0.5043837945328934,30,69
subcategory_bioisostere.add-F_1539,CC(C)NCC1(c2ccc(N3CCc4c(C(F)(F)F)nn(-c5ccc(OC(F)F)cc5)c4C3=O)cc2)CC1,1,bioisostere,add-F,COc1ccc(-n2nc(C(F)(F)F)c3c2C(=O)N(c2ccc(C4(CNC(C)C)CC4)cc2)CC3)cc1,0 1 2 3 4 5 6 7 8 9 10 11 12 13 14 15 16 17 18 19 20 21 22 23 25 26 27 28 29 30 31 32 33 34 35 36 37,O=C1c2c(cnn2-c2ccccc2)CCN1c1ccc(C2CC2)cc1,train,534.529,5.725000000000005,0.37559140424368187,38,68
subcategory_bioisostere.add-F_307,O=NN(CCF)C(=O)NC1CCC(NC(=O)N(CCCl)N=O)CC1,0,authentic,authentic,,,C1CCCCC1,train,366.78100000000023,1.8919,0.3863990174469327,24,41
subcategory_bioisostere.add-F_1234,COc1cc2c(CCN(C)C)c[nH]c2c(OC(F)F)c1OC,1,bioisostere,add-F,COc1cc2c(CCN(C)C)c[nH]c2c(OC)c1OC,3 4,c1ccc2[nH]ccc2c1,train,314.3320000000001,2.890600000000001,0.8534746686315228,22,37
subcategory_bioisostere.add-F_1344,C[C@H](NC(=O)OC(F)F)C(=O)N1[C@H](C(=O)OCc2ccccc2)C[C@@H]2CCC[C@@H]21,1,bioisostere,add-F,C[C@H](NC(=O)OC(C)(C)C)C(=O)N1[C@H](C(=O)OCc2ccccc2)C[C@@H]2CCC[C@@H]21,0 1 2 4 5 6 7 8 9 10 11 12 13 14 15 16 17 18 19 20 21 22 23 24 25 26 27 28,O=C(OCc1ccccc1)[C@@H]1C[C@@H]2CCC[C@@H]2N1,test,410.4170000000002,2.8367000000000013,0.7293406775487103,29,68
subcategory_bioisostere.add-F_516,CCCc1nn(C)c2c(=O)[nH]c(-c3ccc(N4CCN(C)CC4)cc3OCC)nc12,0,authentic,authentic,,,O=c1[nH]c(-c2ccc(N3CCNCC3)cc2)nc2cn[nH]c12,test,410.5220000000003,2.4265999999999996,0.6724152150235867,30,53
subcategory_bioisostere.add-F_581,CC(C)(C)C(=O)NC(Cc1ccc(-c2ccccc2)cc1)C(=O)NO,0,authentic,authentic,,,c1ccc(-c2ccccc2)cc1,train,340.42300000000006,2.9324000000000003,0.5783240727265471,25,44
subcategory_bioisostere.add-F_791,C[C@H]1O[C@@H](O[C@H]2CC[C@]3(C=O)[C@H]4CC[C@]5(C)[C@@H](C6=CC(=O)OC6)CC[C@]5(O)[C@@H]4CC[C@]3(O)C2)C[C@H](O)[C@@H]1O,0,authentic,authentic,,,O=C1C=C([C@H]2CCC3C2CC[C@@H]2C4CC[C@H](O[C@H]5CCCCO5)CC4CC[C@@H]32)CO1,train,534.6460000000005,1.779199999999999,0.24109813151537215,38,117
subcategory_bioisostere.add-F_1389,CN(C)C[C@@H](F)CN1c2ccccc2NC(=O)c2ccccc21,1,bioisostere,add-F,CN(C)CCCN1c2ccccc2NC(=O)c2ccccc21,0 1 2 3 4 5 6 8 9 10 11 12 13 14 15 16 17 18 19 20 21,O=C1Nc2ccccc2Nc2ccccc21,val,313.37600000000003,3.2901000000000016,0.9406263774321301,23,41
subcategory_bioisostere.add-F_1142,CC1(C)[C@H](NC(=O)c2ccc(Cl)cc2OCC(F)(F)F)[C@H]1c1ccc(S(N)(=O)=O)cc1,1,bioisostere,add-F,COc1cc(Cl)ccc1C(=O)N[C@@H]1[C@@H](c2ccc(S(N)(=O)=O)cc2)C1(C)C,0 1 2 3 4 5 6 7 8 9 10 11 12 14 15 16 17 18 19 20 21 22 23 24 25 26 27 28 29 30,O=C(N[C@H]1C[C@@H]1c1ccccc1)c1ccccc1,train,476.9040000000001,3.850500000000002,0.6611978408148144,31,67
subcategory_bioisostere.add-F_193,CCCCc1nn(-c2ccccc2C(F)(F)F)c(=O)n1Cc1ccc(-c2ccccc2S(=O)(=O)NC(=O)C2SCCS2)cc1,0,authentic,authentic,,,O=C(NS(=O)(=O)c1ccccc1-c1ccc(Cn2cnn(-c3ccccc3)c2=O)cc1)C1SCCS1,train,662.7810000000001,5.721700000000006,0.23178826753348308,44,76
subcategory_bioisostere.add-F_675,COC[C@@H](C)NS(=O)(=O)c1ccc(-c2cnc(N)c(C(=O)Nc3cccnc3)n2)cc1,0,authentic,authentic,,,O=C(Nc1cccnc1)c1cncc(-c2ccccc2)n1,train,442.50100000000015,1.686299999999999,0.4769664277354712,31,60
subcategory_bioisostere.add-F_134,CC1(C)O[C@H]2[C@H](CO[C@]3(COS(N)(=O)=O)OC(C)(C)O[C@H]23)O1,0,authentic,authentic,,,C1O[C@H]2[C@H](COC3OCO[C@@H]32)O1,train,339.3660000000001,-0.3953999999999982,0.7386170940393365,22,59
subcategory_bioisostere.add-F_685,CSc1ccc(C2(c3ccccc3)NC(=O)NC2=O)cc1,0,authentic,authentic,,,O=C1NC(=O)C(c2ccccc2)(c2ccccc2)N1,train,298.3670000000001,2.4915000000000003,0.6759226014346927,21,35
subcategory_bioisostere.add-F_1325,N#Cc1cc(-c2nc(C(F)(F)F)c(C(=O)O)s2)ccc1OC(F)F,1,bioisostere,add-F,CC(C)CCOc1ccc(-c2nc(C(F)(F)F)c(C(=O)O)s2)cc1C#N,0 1 2 3 4 5 6 7 8 9 10 11 12 13 14 15 16 17 18 20 21 22,c1ccc(-c2nccs2)cc1,train,364.251,4.000180000000001,0.8294014787369933,24,45
subcategory_bioisostere.add-F_1292,CCN1CC2(CCN(CC(O)COc3ccccc3OC(F)F)CC2)OC1=O,1,bioisostere,add-F,CCN1CC2(CCN(CC(O)COc3ccccc3OC)CC2)OC1=O,0 1 2 3 4 5 6 7 8 9 10 11 12 13 14 15 16 17 19 20 21 22 23 24 25 26 27,O=C1NCC2(CCN(CCCOc3ccccc3)CC2)O1,val,400.4220000000002,2.3343999999999996,0.7223579112437714,28,43
subcategory_bioisostere.add-F_107,Cc1c(CSc2ccc(Cl)cc2)cnc2nc(N)nc(N)c12,0,authentic,authentic,,,c1ccc(SCc2cnc3ncncc3c2)cc1,val,331.8320000000001,3.443320000000001,0.7142658850545912,22,37
subcategory_bioisostere.add-F_1224,COc1cc2c(c(OC)c1OC)-c1ccc(OCC(F)(F)F)c(=O)cc1C(NC(C)=O)CC2,1,bioisostere,add-F,C=CCOc1ccc2c(cc1=O)C(NC(C)=O)CCc1cc(OC)c(OC)c(OC)c1-2,0 1 2 3 4 5 6 7 8 9 10 11 12 13 14 16 17 18 19 20 21 22 23 24 25 26 27 28 29 30 31 32,O=c1cccc2c(c1)CCCc1ccccc1-2,train,467.44000000000017,3.804100000000002,0.6960384960321725,33,58
subcategory_bioisostere.add-F_1390,FC(F)OC(Cn1cncn1)(CC(Cl)(Cl)Cl)c1ccc(C(F)(F)F)cc1,1,bioisostere,add-F,OC(Cn1cncn1)(CC(Cl)(Cl)Cl)c1ccc(C(F)(F)F)cc1,0 1 2 3 4,c1ccc(CCn2cncn2)cc1,train,438.611,5.191900000000002,0.46015539736453676,26,49
subcategory_bioisostere.add-F_692,O=C(O)Cc1cccc2c1Cc1c-2nc(O)c2nc(CP(=O)(O)O)cn12,0,authentic,authentic,,,c1ccc2c(c1)Cc1c-2ncc2nccn12,train,375.27700000000004,1.3109,0.39073402669889296,26,47
subcategory_bioisostere.add-F_837,CO[C@@H]1C=C[C@]23c4cc5c(cc4CN(C[C@@H]2OC(F)F)[C@@H]3C1)OCO5,1,bioisostere,add-F,CO[C@@H]1C=C[C@]23c4cc5c(cc4CN(C[C@@H]2O)[C@@H]3C1)OCO5,15 16 17 18 19,C1=C[C@@]23CCN(Cc4cc5c(cc42)OCO5)[C@@H]3CC1,test,351.3490000000001,2.4336,0.7825877938660122,25,60
subcategory_bioisostere.add-F_793,Cc1nc(C(N)=O)c(CCc2ccccc2)s1,0,authentic,authentic,,,c1ccc(CCc2cncs2)cc1,train,246.335,2.3356200000000005,0.8998062207833291,17,28
subcategory_bioisostere.add-F_579,COc1cnc(CSc2nc3ccc(OC(F)(F)C(F)F)cc3[nH]2)cc1OC,0,authentic,authentic,,,c1ccc(CSc2nc3ccccc3[nH]2)nc1,train,417.38400000000007,4.504100000000003,0.42987929660682284,28,47
subcategory_bioisostere.add-F_763,CCCC1C(=O)N(C)C2N(C)C=NN2C1=O,0,authentic,authentic,,,O=C1CC(=O)N2N=CNC2N1,test,224.26399999999998,-0.12440000000000007,0.6141826287682128,16,29
subcategory_bioisostere.add-F_745,CCCCCCCCCCCCCC[C@]1(C(=O)O)CO1,0,authentic,authentic,,,C1CO1,test,284.44,4.931200000000004,0.363214780732798,20,30
subcategory_bioisostere.add-F_325,O=C(NC[C@H](C(=O)Nc1ccc(N2CCOCC2=O)cc1F)N(CC(F)(F)F)C1CCC1)c1ccc(Cl)s1,0,authentic,authentic,,,O=C(NC[C@@H](NC1CCC1)C(=O)Nc1ccc(N2CCOCC2=O)cc1)c1cccs1,test,577.0000000000002,4.057700000000003,0.4395959385324833,38,70
subcategory_bioisostere.add-F_1248,Cc1ccc2c(c1)nc(-c1nn(C(=O)OC(F)F)c(=O)o1)n2C,1,bioisostere,add-F,CCOC(=O)n1nc(-c2nc3cc(C)ccc3n2C)oc1=O,0 1 2 3 4 5 6 7 8 9 10 11 13 14 15 16 17 18 19 20 21 22,O=c1[nH]nc(-c2nc3ccccc3[nH]2)o1,train,324.24300000000005,1.9057199999999999,0.7147476846217654,23,44
subcategory_bioisostere.add-F_1070,Nc1noc(N)c1Cc1ccc(OCC(F)(F)F)c(O)c1,1,bioisostere,add-F,Nc1noc(N)c1Cc1ccc2c(c1)OCO2,11 12 13 14 15 16 17,c1cc2c(cc1Cc1cnoc1)OCO2,val,303.24,2.0764999999999993,0.7978133666791992,21,35
subcategory_bioisostere.add-F_1546,CC(C)n1c(/C=C/C(O)C(F)(F)C(=O)OC(F)F)c(-c2ccc(F)cc2)c2ccccc21,1,bioisostere,add-F,CCOC(=O)C(F)(F)C(O)/C=C/c1c(-c2ccc(F)cc2)c2ccccc2n1C(C)C,12 14 15 16 17,c1ccc(-c2c[nH]c3ccccc23)cc1,train,453.4070000000001,5.803500000000005,0.3632769283876816,32,61
subcategory_bioisostere.add-F_899,CC(C)n1c(C=C[C@H](O)C[C@H](O)CC(=O)OC(F)F)c(-c2ccc(F)cc2)c2ccccc21,1,bioisostere,add-F,CC(C)n1c(C=C[C@H](O)C[C@H](O)CC(=O)OC(C)(C)C)c(-c2ccc(F)cc2)c2ccccc21,3 4,c1ccc(-c2c[nH]c3ccccc23)cc1,train,461.4800000000001,5.309300000000005,0.42391653744085905,33,66
subcategory_bioisostere.add-F_896,O=C1CC2(CCN(C(=O)c3ccccc3OCC(F)(F)F)CC2)CN1,1,bioisostere,add-F,O=C1CC2(CCN(C(=O)c3ccccc3OC(F)(F)C(F)F)CC2)CN1,6,O=C1CC2(CCN(C(=O)c3ccccc3)CC2)CN1,train,356.3440000000001,2.37,0.9046598222727161,25,43
subcategory_bioisostere.add-F_1449,COc1ccnc(CS(=O)c2nc3ccc(C(F)F)cc3[nH]2)c1OC(F)F,1,bioisostere,add-F,COc1ccnc(CS(=O)c2nc3ccc(C(F)F)cc3[nH]2)c1OC,3 4,O=S(Cc1ccccn1)c1nc2ccccc2[nH]1,train,403.357,3.8133000000000017,0.6073084715457006,27,47
subcategory_bioisostere.add-F_507,CCC(c1ccc(O)c(N)c1)C(CC)c1ccc(O)c(N)c1,0,authentic,authentic,,,c1ccc(CCc2ccccc2)cc1,train,300.402,3.949600000000002,0.49669240344285953,22,38
subcategory_bioisostere.add-F_80,CO[C@]12CC[C@@]3(C[C@@H]1[C@](C)(O)c1cc(C)cc(C)c1)[C@H]1Cc4ccc(O)c5c4[C@@]3(CCN1CC1CC1)[C@H]2O5,0,authentic,authentic,,,c1ccc(C[C@H]2C[C@@]34CCC2[C@@H]2Oc5cccc6c5[C@@]23CCN(CC2CC2)[C@@H]4C6)cc1,train,515.6940000000004,5.141240000000005,0.5774173322063939,38,95
subcategory_bioisostere.add-F_353,CCCOc1ccc(S(=O)(=O)N2CC[C@@H](N(C)C)C2)cc1-c1nc(O)c2c(NCc3ccc(F)cc3)[nH]c3nncc-3c2n1,0,authentic,authentic,,,O=S(=O)(c1cccc(-c2ncc3c(NCc4ccccc4)[nH]c4nncc-4c3n2)c1)N1CCCC1,train,620.711,4.089900000000002,0.2084138350317448,44,84
subcategory_bioisostere.add-F_1323,Cc1ccc(CN(C2CC2)[C@H](C)[C@@](Cn2cncn2)(OF)c2ccc(F)cc2F)cc1,1,bioisostere,add-F,Cc1ccc(CN(C2CC2)[C@H](C)[C@](O)(Cn2cncn2)c2ccc(F)cc2F)cc1,0 1 2 3 4 5 6 7 8 9 10 11 13 14 15 16 17 18 19 20 21 22 23 24 25 26 27 28 29 30,c1ccc(CN(CC(Cn2cncn2)c2ccccc2)C2CC2)cc1,val,430.4740000000001,4.714420000000005,0.49302816002696837,31,59
subcategory_bioisostere.add-F_1033,COc1ccccc1C(O)(c1ccccc1OC(F)F)C(C)CN1CCCC1,1,bioisostere,add-F,COc1ccccc1C(O)(c1ccccc1OC)C(C)CN1CCCC1,3 4,c1ccc(C(CCN2CCCC2)c2ccccc2)cc1,train,391.45800000000025,4.264400000000003,0.7300021795333675,28,42
subcategory_bioisostere.add-F_172,CCCN(C)CCCOc1ccc(-c2cc3ccc(OCCCN(C)CCC)cc3o2)cc1,0,authentic,authentic,,,c1ccc(-c2cc3ccccc3o2)cc1,train,452.63900000000035,6.321200000000007,0.2522584278068896,33,48
subcategory_bioisostere.add-F_703,COc1cc2c(c(OC)c1OC)-c1ccc(OC)c(=O)cc1C(NCC(=O)C(F)(F)F)CC2,0,authentic,authentic,,,O=c1cccc2c(c1)CCCc1ccccc1-2,train,467.4400000000002,3.456500000000002,0.6679255514492575,33,58
subcategory_bioisostere.add-F_211,CO[C@]12C=C[C@@]3(C[C@]1(C)[C@@H](O)c1ccccc1C)[C@H]1Cc4ccc(O)c5c4[C@@]3(CCN1CC1CC1)[C@H]2O5,0,authentic,authentic,,,C1=C[C@]23CC(Cc4ccccc4)C1[C@@H]1Oc4cccc5c4[C@@]12CCN(CC1CC1)[C@@H]3C5,train,499.65100000000047,4.824820000000005,0.5776335613600273,37,91
subcategory_bioisostere.add-F_922,NC(Cc1ccc(OC(F)F)cc1)C(=O)O,1,bioisostere,add-F,NC(Cc1ccc(OCc2ccccc2)cc1)C(=O)O,0 1 2 3 4 5 7 8 9 10 11 12 13 14 15,c1ccc(COc2ccccc2)cc1,train,231.19799999999995,1.2424000000000002,0.799262983896441,16,27
subcategory_bioisostere.add-F_126,COc1ccc2c(c1)c(CC(=O)OCC(O)CO)c(C)n2C(=O)c1ccc(Cl)cc1,0,authentic,authentic,,,O=C(c1ccccc1)n1ccc2ccccc21,train,431.87200000000007,2.7391200000000007,0.558075881058988,30,53
subcategory_bioisostere.add-F_308,CC(C)C1(C(C)C)OC(=O)Nc2cc(Cl)c(F)cc21,0,authentic,authentic,,,O=C1Nc2ccccc2CO1,train,285.74600000000004,4.548500000000003,0.8655896348328466,19,37
subcategory_bioisostere.add-F_1026,CS(=O)(=O)N1CCc2c(c(-c3ccc(C(F)(F)F)cc3)nn2CC(O)CN2CCC(Nc3ccccc3COC(F)F)CC2)C1,1,bioisostere,add-F,CS(=O)(=O)N1CCc2c(c(-c3ccc(C(F)(F)F)cc3)nn2CC(O)CN2CCC(N3C(=O)OCc4ccccc43)CC2)C1,37 38 39 40 41,O=C1OCc2ccccc2N1C1CCN(CCCn2nc(-c3ccccc3)c3c2CCNC3)CC1,test,657.7060000000001,4.563200000000004,0.2919396590161162,45,78
subcategory_bioisostere.add-F_974,C[C@H]1CCC(=O)CC/C=C/C(=O)Cc2cc(O)cc(OC(F)F)c2C(=O)O1,1,bioisostere,add-F,COc1cc(O)cc2c1C(=O)O[C@@H](C)CCC(=O)CC/C=C/C(=O)C2,3 4,O=C1/C=C/CCC(=O)CCCOC(=O)c2ccccc2C1,train,382.3590000000001,3.349800000000002,0.7892617802503825,27,53
subcategory_bioisostere.add-F_1239,CN(C)CCC[C@@](O)(c1ccc(F)cc1)c1ccc(C#N)cc1COC(F)(F)F,1,bioisostere,add-F,CCCC(=O)OCc1cc(C#N)ccc1[C@@](O)(CCCN(C)C)c1ccc(F)cc1,0 1 2 3 4 5 6 7 8 9 10 11 12 13 14 15 16 17 18 19 20 21 22 24 25 26 27,c1ccc(Cc2ccccc2)cc1,train,410.4110000000001,4.311480000000004,0.659206032516455,29,52
subcategory_bioisostere.add-F_658,CCOC(=O)C(CCc1ccccc1)NC(C)C(=O)N1CCCC1C(=O)O.O=C(O)C=CC(=O)O,0,authentic,authentic,,,O=C(CNCCCc1ccccc1)N1CCCC1,train,492.5250000000004,1.316400000000002,0.2607731551305237,35,60
subcategory_bioisostere.add-F_385,Clc1ccc2c(c1)N=C(N1CCN(CCCCc3ccccc3)CC1)c1ccccc1N2,0,authentic,authentic,,,c1ccc(CCCCN2CCN(C3=Nc4ccccc4Nc4ccccc43)CC2)cc1,train,445.0100000000001,6.115800000000006,0.48099357500657486,32,50
subcategory_bioisostere.add-F_1334,CC(CCCN1CCc2c(C(F)(F)F)nn(-c3ccc(OC(F)F)cc3)c2C1=O)C(C)CN(C)C,1,bioisostere,add-F,COc1ccc(-n2nc(C(F)(F)F)c3c2C(=O)N(CCCC(C)C(C)CN(C)C)CC3)cc1,19 20 21 22 23,O=C1NCCc2cnn(-c3ccccc3)c21,train,502.52800000000025,5.104800000000005,0.42426484347809557,35,61
subcategory_bioisostere.add-F_1170,COc1cc(COc2ccc(OC(F)F)c(C(C)=O)c2)cc(OC)c1,1,bioisostere,add-F,COc1cc(COc2ccc(OCCCC#N)c(C(C)=O)c2)cc(OC)c1,3 4,c1ccc(COc2ccccc2)cc1,train,352.3330000000001,4.086800000000003,0.6700592270870647,25,42
subcategory_bioisostere.add-F_921,O=C(c1cccc(OC(F)(F)F)c1)N1CCNCC1,1,bioisostere,add-F,O=C(c1cccc(OCCc2cccc(F)c2)c1)N1CCNCC1,0 1 2 3 4 5 7 8 9 10 11 12 13 14 15 16 17 18,O=C(c1cccc(OCCc2ccccc2)c1)N1CCNCC1,val,274.242,1.6305999999999998,0.8909176763537106,19,32
subcategory_bioisostere.add-F_84,Nc1cc[n+](Cc2ccc(CCc3ccc(C[n+]4ccc(N)c5ccccc54)cc3)cc2)c2ccccc12,0,authentic,authentic,,,c1ccc2c(c1)ccc[n+]2Cc1ccc(CCc2ccc(C[n+]3cccc4ccccc43)cc2)cc1,train,496.6580000000002,5.614200000000005,0.28216875972997674,38,64
subcategory_bioisostere.add-F_1135,CNc1cc(-c2nc(C)c(C(=O)O)s2)ccc1OCC(F)(F)F,1,bioisostere,add-F,CNc1cc(-c2nc(C)c(C(=O)O)s2)ccc1OCC(C)C,0 1 2 3 4 5 6 7 8 9 10 11 12 13 14 15 17 18 19 20 21,c1ccc(-c2nccs2)cc1,train,346.33000000000004,3.799520000000002,0.8615972744598888,23,41
subcategory_bioisostere.add-F_1188,CN1CCN(C2=Nc3ccccc3CC=C2c2ccc(OC(F)(F)F)cc2)CC1,1,bioisostere,add-F,CN1CCN(C2=Nc3ccccc3CC=C2c2ccc(O)cc2)CC1,0 1 2 3 4 5 6 7 8 9 10 11 12 13 14 15 16 17 18 20 21 22 23 24 25 26 27 28,C1=C(c2ccccc2)C(N2CCNCC2)=Nc2ccccc2C1,train,401.43200000000013,4.502300000000004,0.7417139818756067,29,47
subcategory_bioisostere.add-F_947,CCc1ccc(O)c(C(=O)NC[C@@H]2CCCN2CC)c1OC(F)(F)F,1,bioisostere,add-F,CCc1ccc(O)c(C(=O)NC[C@@H]2CCCN2CC)c1OC,0 1 2 3 4 5 6 7 8 9 10 11 12 13 14 15 16 17 18 20 21 22 23,O=C(NC[C@@H]1CCCN1)c1ccccc1,train,360.376,3.067300000000002,0.8185396482049188,25,45
subcategory_bioisostere.add-F_787,CCOC(=O)C1=C(O)C(=O)N(Cc2cccc3ccccc23)C1,0,authentic,authentic,,,O=C1C=CCN1Cc1cccc2ccccc12,train,311.33700000000005,2.557200000000001,0.8812941284931068,23,40
subcategory_bioisostere.add-F_1038,CC1CCCN1C(=O)c1ccc(-c2ccc(OCC(F)(F)F)cc2)cc1,1,bioisostere,add-F,CC(C)NCCCOc1ccc(-c2ccc(C(=O)N3CCCC3C)cc2)cc1,0 1 2 3 4 5 6 7 8 9 10 11 12 13 14 16 17 18 19 20 21 22 23 24 25,O=C(c1ccc(-c2ccccc2)cc1)N1CCCC1,train,363.379,4.9192000000000045,0.7717002402217762,26,44
subcategory_bioisostere.add-F_1216,CC1(C)[C@@H](NC(=O)c2cccc(Cl)c2OC(F)F)[C@@H]1c1ccc(S(C)(=O)=O)cc1,1,bioisostere,add-F,COc1c(Cl)cccc1C(=O)N[C@H]1[C@H](c2ccc(S(C)(=O)=O)cc2)C1(C)C,0 1 2 3 4 5 6 7 8 9 10 11 12 14 15 16 17 18 19 20 21 22 23 24 25 26 27 28,O=C(N[C@@H]1C[C@H]1c1ccccc1)c1ccccc1,train,443.8990000000001,4.266900000000003,0.7233602921395255,29,65
subcategory_bioisostere.add-F_1259,N[C@@H](CC1(I)C=CC(Oc2ccc(OC(F)F)cc2)C(I)(I)C1)C(=O)O,1,bioisostere,add-F,N[C@@H](CC1(I)C=CC(Oc2ccc(O)cc2)C(I)(I)C1)C(=O)O,12 13 14 15 16,C1=CC(Oc2ccccc2)CCC1,test,705.015,4.537400000000002,0.24784955709074522,26,53
subcategory_bioisostere.add-F_184,C[N+]1=C(c2ccccc2)N(c2ccc(Cl)cc2)CCCC1,0,authentic,authentic,,,c1ccc(C2=[NH+]CCCCN2c2ccccc2)cc1,val,299.8250000000001,4.029300000000003,0.7589514311824378,21,38
subcategory_bioisostere.add-F_1320,COc1cc2c(cc1OCC(F)(F)F)C(=O)C(CC1(F)CCN(Cc3ccccc3C)CC1)C2,1,bioisostere,add-F,COc1cc2c(cc1OC)C(=O)C(CC1(F)CCN(Cc3ccccc3C)CC1)C2,0 1 2 3 4 5 6 8 9 10 11 12 13 14 15 16 17 18 19 20 21 22 23 24 25 26 27 28 29 30 31 32 33,O=C1c2ccccc2CC1CC1CCN(Cc2ccccc2)CC1,train,479.51400000000035,5.694120000000005,0.47826751638642084,34,57
subcategory_bioisostere.add-F_157,Cc1nc2n(c(=NO)c1CCN1CCC(c3noc4cc(F)ccc34)CC1)CCCC2,0,authentic,authentic,,,N=c1c(CCN2CCC(c3noc4ccccc34)CC2)cnc2n1CCCC2,train,425.50800000000027,3.520120000000002,0.5110920022247287,31,50
subcategory_bioisostere.add-F_587,COC(=O)C(O)[C@H](CC1CCCCC1)NC(=O)C(Cc1c[nH]cn1)NC(=O)[C@H](Cc1ccccc1)N1Cc2ccccc2C1=O,0,authentic,authentic,,,O=C(NCCC1CCCCC1)C(Cc1c[nH]cn1)NC(=O)[C@H](Cc1ccccc1)N1Cc2ccccc2C1=O,train,615.7310000000001,2.6934000000000022,0.21574594873356304,45,84
subcategory_bioisostere.add-F_755,CC[C@@H](C)[C@H](C(=O)O)N1C[C@H](CN2CCC(c3cc(Cc4ccc(C(C)(C)C)cc4)nn3CC)CC2)[C@@H](c2cccc(F)c2)C1,0,authentic,authentic,,,c1ccc(Cc2cc(C3CCN(C[C@H]4CNC[C@@H]4c4ccccc4)CC3)[nH]n2)cc1,test,616.8660000000003,7.324700000000009,0.24460759286936262,45,96
subcategory_bioisostere.add-F_116,O=C(NCC=C(c1ccccc1)c1ccccc1)Nc1ccc(Cl)cc1,0,authentic,authentic,,,O=C(NCC=C(c1ccccc1)c1ccccc1)Nc1ccccc1,test,362.8600000000001,5.5934000000000035,0.6095879354201661,26,41
subcategory_bioisostere.add-F_77,O=C(c1ccc(F)cc1)N1CCC2=C(Cl)C(Cl)CCC2=C1CCN1CCC(c2noc3cc(F)ccc23)CC1,0,authentic,authentic,,,O=C(c1ccccc1)N1CCC2=CCCCC2=C1CCN1CCC(c2noc3ccccc23)CC1,test,572.4830000000002,7.369800000000007,0.2998334047431393,39,68
subcategory_bioisostere.add-F_925,CCN(CC(C)C)[C@H](CNC(=O)c1ccc(Cl)s1)C(=O)Nc1ccc(N(C)C(=O)COC(F)F)c(F)c1,1,bioisostere,add-F,CCN(CC(C)C)[C@H](CNC(=O)c1ccc(Cl)s1)C(=O)Nc1ccc(N2CCOCC2=O)c(F)c1,0 1 2 3 4 5 6 7 8 9 10 11 12 13 14 15 16 17 18 19 20 21 22 23 24 25 26 27 28 30 31 32 33 34 35 36,O=C(CCNC(=O)c1cccs1)Nc1ccc(N2CCOCC2=O)cc1,train,563.0420000000003,4.457600000000004,0.3761746952965027,37,71
subcategory_bioisostere.add-F_945,O=C(OCC(F)(F)F)C(O)(c1ccccc1)c1cccs1,1,bioisostere,add-F,CN1C2CCC(OC(=O)C(O)(c3ccccc3)c3cccs3)C1CC2,0 2 3 4 5 6 7 8 9 10 11 12 13 14 15 16 17 18 19 20,O=C(OC1CCC2CCC1N2)C(c1ccccc1)c1cccs1,train,316.30000000000007,3.089500000000002,0.8818519146566711,21,36
subcategory_bioisostere.add-F_1543,CC(CN)Cc1cccc(OC(F)(F)F)c1,1,bioisostere,add-F,CC(CN)Cc1cccc(OCC2CCCCC2)c1,0 1 2 3 4 5 6 7 8 10 11 12 13 14,c1ccc(OCC2CCCCC2)cc1,train,233.23299999999995,2.722500000000001,0.8673590111950434,16,26
subcategory_bioisostere.add-F_151,CO[C@@H]1[C@@H](O)[C@H](O[C@H]2CC[C@@]3(C)[C@H](CC[C@@H]4[C@@H]3CC[C@]3(C)[C@@H](C5=CC(=O)OC5)CC[C@]43O)C2)O[C@H](C)[C@H]1O,0,authentic,authentic,,,O=C1C=C([C@H]2CCC3C2CC[C@@H]2C4CC[C@H](O[C@H]5CCCCO5)C[C@H]4CC[C@@H]32)CO1,train,534.6900000000005,3.110200000000002,0.3724448128435622,38,123
subcategory_bioisostere.add-F_1039,O=C(NC1CCN(Cc2ccccc2)C1)c1cc(Cl)c(N2CCCC2)cc1OF,1,bioisostere,add-F,COc1cc(N2CCCC2)c(Cl)cc1C(=O)NC1CCN(Cc2ccccc2)C1,0 1 2 3 4 5 6 7 8 9 10 11 12 13 14 15 16 17 18 19 20 21 22 23 24 25 27,O=C(NC1CCN(Cc2ccccc2)C1)c1ccc(N2CCCC2)cc1,train,417.91200000000026,4.207800000000003,0.7643702484113389,29,47
subcategory_bioisostere.add-F_720,CCOC(=O)C(N)(CO)COCCOCCN1CCN(C2=Nc3ccccc3Sc3ccccc32)CC1,0,authentic,authentic,,,c1ccc2c(c1)N=C(N1CCNCC1)c1ccccc1S2,train,528.6750000000001,2.1332000000000013,0.3348017276354436,37,55
subcategory_bioisostere.add-F_115,COc1cc2ncnc(Nc3cccc(Cl)c3)c2cc1OC,0,authentic,authentic,,,c1ccc(Nc2ncnc3ccccc23)cc1,train,315.7600000000001,4.044000000000002,0.7869935859921958,22,33
subcategory_bioisostere.add-F_1211,COc1c(OCC(F)(F)F)cc2c(c1OC)-c1ccc(F)cc1C(NC(C)=O)CC2,1,bioisostere,add-F,COc1cc2c(c(OC)c1OC)-c1ccc(F)cc1C(NC(C)=O)CC2,0 1 2 4 5 6 7 8 9 10 11 12 13 14 15 16 17 18 19 20 21 22 23 24 25 26 27 28 29,c1ccc2c(c1)CCCc1ccccc1-2,train,427.3940000000002,4.574400000000003,0.7104505608322282,30,52
subcategory_bioisostere.add-F_562,CC(C)(Cc1cccc(C(F)(F)F)c1)NCC(O)c1ccc(O)c(CO)c1,0,authentic,authentic,,,c1ccc(CCNCCc2ccccc2)cc1,train,383.4100000000001,3.547600000000002,0.5901424427943669,27,47
subcategory_bioisostere.add-F_620,O=C1Nc2ccc(Cl)cc2[C@@](C#CCOCP(=O)(O)OCc2ccccc2)(C(F)(F)F)O1,0,authentic,authentic,,,O=C1Nc2ccccc2C(C#CCOC[PH](=O)OCc2ccccc2)O1,val,489.7700000000001,5.039400000000003,0.33534672231261864,32,60
subcategory_bioisostere.add-F_1293,COc1cc2c(cc1OC(F)(F)F)CC(CC1CCN(Cc3ccccc3)CC1)C2=O,1,bioisostere,add-F,COc1cc2c(cc1OC)C(=O)C(CC1CCN(Cc3ccccc3)CC1)C2,7 8 9 10 11 12,O=C1c2ccccc2CC1CC1CCN(Cc2ccccc2)CC1,train,433.47000000000025,5.2511000000000045,0.6237608274440181,31,50
subcategory_bioisostere.add-F_905,CCc1nn(C2CCCCC2)c2c1CCN(c1cccc(OC(F)(F)F)c1)C2=O,1,bioisostere,add-F,CCc1nn(C2CCCCC2)c2c1CCN(c1cccc(OC)c1)C2=O,0 1 2 3 4 5 6 7 8 9 10 11 12 13 14 15 16 17 18 19 21 22 23 24 25 26 27 28,O=C1c2c(cnn2C2CCCCC2)CCN1c1ccccc1,train,407.43600000000004,5.052200000000005,0.7124503400835215,29,48
subcategory_bioisostere.add-F_960,Cc1nc(-c2ccc(OC(F)F)c(C#N)c2)sc1C(=O)NCCN(C(C)C)C(C)C,1,bioisostere,add-F,CCN(CC)C(C)Oc1ccc(-c2nc(C)c(C(=O)NCCN(C(C)C)C(C)C)s2)cc1C#N,0 1 2 3 4 5 6 8 9 10 11 12 13 14 15 16 17 18 19 20 21 22 23 24 25 26 27 28 29,c1ccc(-c2nccs2)cc1,train,436.5280000000002,4.4402000000000035,0.6287669748441782,30,53
subcategory_bioisostere.add-F_139,C=CC(=O)N1CCC(c2c(F)cc(C(N)=O)c3[nH]c(C)c(C)c23)C1,0,authentic,authentic,,,c1cc(C2CCNC2)c2cc[nH]c2c1,val,329.3750000000001,2.5246400000000007,0.8487587456620077,24,50
subcategory_bioisostere.add-F_900,CC[C@H]1OC(=O)[C@H](C)[C@@H](OC(=O)CN)[C@H](C)[C@@H](OC2O[C@H](C)C[C@H](NF)C2O)[C@@](C)(OC)C[C@@H](C)C(=O)[C@H](C)[C@@H](O)[C@]1(C)O,1,bioisostere,add-F,CC[C@H]1OC(=O)[C@H](C)[C@@H](OC(=O)CN)[C@H](C)[C@@H](OC2O[C@H](C)C[C@H](N(C)C)C2O)[C@@](C)(OC)C[C@@H](C)C(=O)[C@H](C)[C@@H](O)[C@]1(C)O,23 24 25,O=C1CCCCOC(=O)CCC[C@@H](OC2CCCCO2)CCC1,train,636.7550000000003,0.9366000000000041,0.19577953126756295,44,132
subcategory_bioisostere.add-F_309,CCN(CC)CCOc1ccc(C(=O)c2c(-c3ccc(OC)cc3)oc3ccccc23)cc1,0,authentic,authentic,,,O=C(c1ccccc1)c1c(-c2ccccc2)oc2ccccc12,train,443.5430000000002,6.060000000000006,0.2789233483892549,33,53
subcategory_bioisostere.add-F_647,CCOc1cc2c(cc1OCC)C(Cc1ccccc1)C(F)(CN1CCCCC1)C2=O,0,authentic,authentic,,,O=C1c2ccccc2C(Cc2ccccc2)C1CN1CCCCC1,train,425.54400000000027,5.2008000000000045,0.5826776943382863,31,48
subcategory_bioisostere.add-F_1284,CCCCc1nc2c(OC(F)F)n[nH]c(=O)c2n1Cc1ccc(-c2ccccc2-c2nn[nH]n2)cc1,1,bioisostere,add-F,CCCCc1nc2c(OC(C)=O)n[nH]c(=O)c2n1Cc1ccc(-c2ccccc2-c2nn[nH]n2)cc1,3 4,O=c1[nH]ncc2ncn(Cc3ccc(-c4ccccc4-c4nn[nH]n4)cc3)c12,train,492.4900000000002,3.9590000000000023,0.31881370513567764,36,63
subcategory_bioisostere.add-F_661,COc1cc(O)c2c(OC)c3c(cc2c1-c1c(O)cc(OC)c2c(OC)c4c(cc12)OC(C)C(C)C4=O)OC(C)C(C)C3=O,0,authentic,authentic,,,O=C1CCOc2cc3c(-c4cccc5cc6c(cc45)OCCC6=O)cccc3cc21,train,602.6360000000003,6.305000000000005,0.26820454191357196,44,81
subcategory_bioisostere.add-F_1279,CCOC(=O)c1sc(-c2ccc(OC(F)F)c(C(F)(F)F)c2)nc1C,1,bioisostere,add-F,CCOC(=O)c1sc(-c2ccc(O)c(C(F)(F)F)c2)nc1C,0 1 2 3 4 5 6 7 8 9 10 12 13 14 15 16 17 18 19 20 21 22 23 24,c1ccc(-c2nccs2)cc1,train,381.32200000000006,4.915420000000002,0.5451809326537673,25,45
subcategory_bioisostere.add-F_1301,CCCn1c(=O)c2nc(/C=C/c3ccc(OCC(F)(F)F)c(OC)c3)[nH]c2n(CCC)c1=O,1,bioisostere,add-F,CCCn1c(=O)c2nc(/C=C/c3ccc(OC)c(OC)c3)[nH]c2n(CCC)c1=O,0 1 2 3 4 5 6 7 8 9 10 11 12 13 15 16 17 18 19 20 21 22 23 24 25 26 27 28 29 30 31 32,O=c1[nH]c(=O)c2nc(/C=C/c3ccccc3)[nH]c2[nH]1,train,466.4600000000002,3.8264000000000022,0.517742377896425,33,61
subcategory_bioisostere.add-F_1316,CCCc1oc2ccccc2c1C(=O)c1ccc(OC(F)F)cc1,1,bioisostere,add-F,CCCc1oc2ccccc2c1C(=O)c1ccc(OCCNCC(C)C)cc1,0 1 2 3 4 5 6 7 8 9 10 11 12 13 14 15 16 18 19 20 21 22,O=C(c1ccccc1)c1coc2ccccc12,train,330.3299999999999,5.217700000000004,0.5818915502609318,24,37
subcategory_bioisostere.add-F_1156,Fc1cccc(OC[C@@H]2CNCC[C@H]2c2ccccc2)c1,1,bioisostere,add-F,c1ccc([C@@H]2CCNC[C@H]2COc2ccc3c(c2)OCO3)cc1,0 1 2 3 4 5 6 8 9 10 11 12 13 14 15 16 17 18 19,c1ccc([C@@H]2CCNC[C@H]2COc2ccc3c(c2)OCO3)cc1,train,285.36199999999997,3.597800000000002,0.9265021627808327,21,38
subcategory_bioisostere.add-F_1394,O=C(c1ccc(F)c(Cl)c1)N1CCC(NS(=O)(=O)c2ccc(OC(F)F)cc2)CC1,1,bioisostere,add-F,COc1ccc(S(=O)(=O)NC2CCN(C(=O)c3ccc(F)c(Cl)c3)CC2)cc1,0 1 2 3 4 5 6 7 8 9 10 11 12 13 14 15 16 17 18 19 20 22 23 24 25 26 27 28 29,O=C(c1ccccc1)N1CCC(NS(=O)(=O)c2ccccc2)CC1,train,462.8770000000002,3.6636000000000015,0.7104998820359759,30,56
subcategory_bioisostere.add-F_919,O=C1c2ccccc2CCCN1CCN1CCC(OC(F)(F)F)CC1,1,bioisostere,add-F,O=C1c2ccccc2CCCN1CCN1CCC(Oc2ccc(F)cc2)CC1,0 1 2 3 4 5 6 7 8 9 10 11 12 13 14 15 16 18 19 20 21 22 23,O=C1c2ccccc2CCCN1CCN1CCC(Oc2ccccc2)CC1,train,356.38800000000003,3.075800000000002,0.8312373444958756,25,38
subcategory_bioisostere.add-F_1186,CC(C)=C(c1ccc(C(=O)OC(F)(F)F)cc1)c1ccc2c(c1)C(C)(C)CCC2(C)C,1,bioisostere,add-F,CC(C)=C(c1ccc(C(=O)O)cc1)c1ccc2c(c1)C(C)(C)CCC2(C)C,8 10 11 12 13 14,C=C(c1ccccc1)c1ccc2c(c1)CCCC2,train,430.5100000000002,7.553900000000007,0.46990337419302,31,59
subcategory_bioisostere.add-F_1154,Cc1c(CC(C)(C)C(=O)O)n(C(=O)c2ccc(Cl)cc2)c2ccc(OC(F)(F)F)cc12,1,bioisostere,add-F,COc1ccc2c(c1)c(C)c(CC(C)(C)C(=O)O)n2C(=O)c1ccc(Cl)cc1,0 1 2 3 4 5 6 7 8 9 10 11 12 13 14 15 16 17 18 19 20 21 22 24 25 26 27 28 29,O=C(c1ccccc1)n1ccc2ccccc21,train,453.8440000000001,5.843520000000003,0.5263493253914976,31,60
subcategory_bioisostere.add-F_950,NC(=O)c1nn(-c2ccc(OC(F)F)cc2)c2c1CCN(c1ccc(C3(CN4CCOCC4)CC3)cc1)C2=O,1,bioisostere,add-F,COc1ccc(-n2nc(C(N)=O)c3c2C(=O)N(c2ccc(C4(CN5CCOCC5)CC4)cc2)CC3)cc1,3 4,O=C1c2c(cnn2-c2ccccc2)CCN1c1ccc(C2(CN3CCOCC3)CC2)cc1,train,537.5670000000005,3.1393000000000013,0.4738106476935016,39,68
subcategory_bioisostere.add-F_1011,O=C(NCc1ccccc1Cl)c1cc(S(=O)(=O)N2CCCCCC2)ccc1OCC(F)(F)F,1,bioisostere,add-F,COc1ccc(S(=O)(=O)N2CCCCCC2)cc1C(=O)NCc1ccccc1Cl,0 1 2 3 4 5 6 7 8 9 10 11 12 13 14 15 16 17 18 19 20 21 22 23 24 25 27 28 29 30 31,O=C(NCc1ccccc1)c1cccc(S(=O)(=O)N2CCCCCC2)c1,test,504.95800000000037,4.775800000000005,0.5887750136567179,33,55
subcategory_bioisostere.add-F_1286,Cn1c(=O)c2nc(-c3cc4cccc(OC(F)(F)F)c4o3)[nH]c2n(C)c1=O,1,bioisostere,add-F,COc1cccc2cc(-c3nc4c(=O)n(C)c(=O)n(C)c4[nH]3)oc12,3 4 5,O=c1[nH]c(=O)c2nc(-c3cc4ccccc4o3)[nH]c2[nH]1,train,380.2820000000001,2.272099999999999,0.5757129085579611,27,53
subcategory_bioisostere.add-F_362,CCCCCN1CC[C@H](c2cccc(C(F)(F)F)c2)[C@@H](COc2ccc3c(c2)OCO3)C1,0,authentic,authentic,,,c1ccc([C@H]2CCNC[C@@H]2COc2ccc3c(c2)OCO3)cc1,train,449.5130000000003,6.108800000000007,0.45526508275061117,32,61
subcategory_bioisostere.add-F_154,CN1Cc2c(C(=O)OCC3CC3)ncn2-c2ccc(Cl)cc2C1=O,0,authentic,authentic,,,O=C1NCc2c(C(=O)OCC3CC3)ncn2-c2ccccc21,test,345.78600000000006,2.6781000000000015,0.8022022978531387,24,42
subcategory_bioisostere.add-F_1342,COc1ccc(OC(F)(F)F)c(C(O)(CC(C)N(C)C)c2ccccc2)c1,1,bioisostere,add-F,COc1ccc(OC)c(C(O)(CC(C)N(C)C)c2ccccc2)c1,0 1 2 3 4 6 7 8 9 10 11 12 13 14 15 16 17 18 19 20 21 22 23 24 25 26,c1ccc(Cc2ccccc2)cc1,train,383.41,4.169900000000003,0.7793205683294069,27,47
subcategory_bioisostere.add-F_313,CCCc1nc(C(C)C)c(C=O)n1Cc1ccc(-c2ccccc2-c2nn[nH]n2)cc1,0,authentic,authentic,,,c1ccc(-c2nn[nH]n2)c(-c2ccc(Cn3ccnc3)cc2)c1,train,414.51300000000003,4.666900000000004,0.4233839840800696,31,53
subcategory_bioisostere.add-F_1233,COc1cc2c(cc1OCC(F)(F)F)C(=O)/C(=C/C1(F)CCN(C(=O)OC(C)(C)C)CC1)C2,1,bioisostere,add-F,COc1cc2c(cc1OC)C(=O)/C(=C/C1(F)CCN(C(=O)OC(C)(C)C)CC1)C2,7 8 9 10 11 12 13,O=C1/C(=C/C2CCNCC2)Cc2ccccc21,train,473.4630000000003,5.040700000000005,0.452917406484083,33,64
subcategory_bioisostere.add-F_355,CO[C@]12CC[C@@]3(C[C@@H]1[C@@H](O)CCC1CCCCC1)[C@H]1Cc4ccc(O)c5c4[C@@]3(CCN1CC1CC1)[C@H]2O5,0,authentic,authentic,,,c1cc2c3c(c1)O[C@H]1C4CC[C@@]5(C[C@@H]4CCCC4CCCCC4)[C@@H](C2)N(CC2CC2)CC[C@]315,train,507.7150000000003,5.338100000000006,0.5218364125229468,37,90
subcategory_bioisostere.add-F_404,O=C(CCCCC(=O)Nc1ccc(O)cc1)Nc1ccc(O)cc1,0,authentic,authentic,,,O=C(CCCCC(=O)Nc1ccccc1)Nc1ccccc1,train,328.36800000000005,3.2354000000000003,0.46304580095499615,24,38
subcategory_bioisostere.add-F_524,O=C(NC[C@H]1CN(c2ccc(-n3cccc(CO)c3=O)cc2F)C(=O)O1)c1ccc(Cl)s1,0,authentic,authentic,,,O=C(NC[C@H]1CN(c2ccc(-n3ccccc3=O)cc2)C(=O)O1)c1cccs1,train,477.9010000000002,2.939000000000001,0.5682225573479803,32,61
subcategory_bioisostere.add-F_299,C[S+]([O-])c1ccc2nc3sc(C(=O)O)cn3c(=O)c2c1,0,authentic,authentic,,,O=c1c2ccccc2nc2sccn12,train,308.3400000000001,1.3448,0.7209555263804523,20,42
subcategory_bioisostere.add-F_210,O=C(O)COC/C=C/CN1CCN(C(c2ccccc2)c2ccc(Cl)cc2)CC1,0,authentic,authentic,,,c1ccc(C(c2ccccc2)N2CCNCC2)cc1,train,414.9330000000001,3.7044000000000024,0.5004907750074991,29,48
subcategory_bioisostere.add-F_483,COc1cc(OC)c(C(=O)NC2C[C@H]2c2ccc(S(N)(=O)=O)cc2)cc1Cl,0,authentic,authentic,,,O=C(NC1C[C@H]1c1ccccc1)c1ccccc1,train,410.87900000000013,2.2904999999999998,0.7591448694075319,27,53
subcategory_bioisostere.add-F_302,CCC(N)C(c1ccc(C)cc1)n1cncn1,0,authentic,authentic,,,c1ccc(Cn2cncn2)cc1,train,230.315,1.91322,0.8725476600659376,17,27
subcategory_bioisostere.add-F_1321,Cc1ccc(C(c2ccc(Cl)cc2)N2CCN(C(=O)OCC(F)(F)F)CC2)cc1,1,bioisostere,add-F,Cc1ccc(C(c2ccc(Cl)cc2)N2CCN(C(=O)OC(C(=O)O)C(F)(F)F)CC2)cc1,0 1 2 3 4 5 6 7 8 9 10 11 12 13 14 15 16 18 19 20 21 22 23 24 25 26 27 28,c1ccc(C(c2ccccc2)N2CCNCC2)cc1,train,426.86600000000016,5.054320000000005,0.6851422799926684,29,51
subcategory_bioisostere.add-F_1489,O=C(N[C@H]1CCN(C2CCCCCC2)C1)c1cc(Cl)c(NC(=O)C2CC2)cc1OCC(F)(F)F,1,bioisostere,add-F,COc1cc(NC(=O)C2CC2)c(Cl)cc1C(=O)N[C@H]1CCN(C2CCCCCC2)C1,0 1 2 3 4 5 6 7 8 9 10 11 12 13 14 15 16 17 18 19 20 21 22 23 24 25 26 28 29 30 31 32,O=C(N[C@H]1CCN(C2CCCCCC2)C1)c1ccc(NC(=O)C2CC2)cc1,test,501.97700000000015,5.156500000000005,0.5064595388261384,34,63
subcategory_bioisostere.add-F_719,CCCN(CCC)C1CCc2cccc(C3CCCCC3)c2C1,0,authentic,authentic,,,c1cc2c(c(C3CCCCC3)c1)CCCC2,train,313.52900000000017,5.713600000000007,0.6495595490408754,23,33
subcategory_bioisostere.add-F_715,CNCCCCCC(=O)N(C[C@H]1CN(c2ccc(N3CCOCC3=O)cc2F)C(=O)O1)C(=O)c1ccc(Cl)s1,0,authentic,authentic,,,O=C(NC[C@H]1CN(c2ccc(N3CCOCC3=O)cc2)C(=O)O1)c1cccs1,train,581.0660000000004,3.677800000000003,0.4039646083648131,39,70
subcategory_bioisostere.add-F_397,CCc1c2c(nc3ccc(N)cc13)-c1cc3c(c(=O)n1C2)COC(=O)[C@]3(O)CC,0,authentic,authentic,,,O=C1Cc2cc3n(c(=O)c2CO1)Cc1cc2ccccc2nc1-3,train,391.4270000000002,2.2241999999999997,0.4007625487191247,29,57
subcategory_bioisostere.add-F_1044,CCc1nn(C[C@@H]2CCCN2C)c2c(=O)[nH]c(-c3cc(S(=O)(=O)CC)ccc3OCC(F)(F)F)nc12,1,bioisostere,add-F,CCCOc1ccc(S(=O)(=O)CC)cc1-c1nc2c(CC)nn(C[C@@H]3CCCN3C)c2c(=O)[nH]1,4 5 6,O=c1[nH]c(-c2ccccc2)nc2cnn(C[C@@H]3CCCN3)c12,train,527.5690000000002,3.177900000000001,0.47917857848905404,36,72
subcategory_bioisostere.add-F_1086,O=CC1(c2ccc(N3CCc4c(C(F)(F)F)nn(-c5ccc(OC(F)F)cc5)c4C3=O)cc2)CC1,1,bioisostere,add-F,COc1ccc(-n2nc(C(F)(F)F)c3c2C(=O)N(c2ccc(C4(C=O)CC4)cc2)CC3)cc1,21 22 23 24 25,O=C1c2c(cnn2-c2ccccc2)CCN1c1ccc(C2CC2)cc1,train,491.41600000000017,4.925900000000004,0.36265264149473947,35,64
subcategory_bioisostere.add-F_233,CC1CCC(=NNc2nncc3ccccc23)CC1,0,authentic,authentic,,,c1ccc2c(NN=C3CCCCC3)nncc2c1,train,254.337,3.607800000000002,0.8328244373806668,19,28
subcategory_bioisostere.add-F_1296,CN1CC=C(c2c(O)cc(OC(F)F)c3c(O)cc(-c4ccccc4)nc23)CC1,1,bioisostere,add-F,CN1CC=C(c2c(O)cc(O)c3c(O)cc(-c4ccccc4)nc23)CC1,9 10 11 12 13,C1=C(c2cccc3ccc(-c4ccccc4)nc23)CCNC1,test,398.40900000000016,4.633300000000003,0.6706872570201028,29,51
subcategory_bioisostere.add-F_1045,Fc1ccc(C(Cn2cncn2)(OC(F)F)C(F)(F)c2cccs2)c(F)c1,1,bioisostere,add-F,OC(Cn1cncn1)(c1ccc(F)cc1F)C(F)(F)c1cccs1,0 1 2 3 4 6 7 8 9 10 11 12 13 14 15 16 17 18 19 20 21 22 23 24 25 26,c1ccc(C(Cc2cccs2)Cn2cncn2)cc1,train,407.33900000000006,4.544500000000002,0.5400354649377503,27,47
subcategory_bioisostere.add-F_156,COc1cc2c(cc1OC)C(=O)C(Cc1ccc(CN3CCCCC3)cc1)C2,0,authentic,authentic,,,O=C1c2ccccc2CC1Cc1ccc(CN2CCCCC2)cc1,train,379.5000000000002,4.287400000000004,0.7506219387110146,28,45
subcategory_bioisostere.add-F_344,O=C(NCN1CCCCC1=O)c1cc(O)ccc1OCC(F)(F)F,0,authentic,authentic,,,O=C(NCN1CCCCC1=O)c1ccccc1,train,346.30500000000006,2.0330999999999997,0.8551249067987786,24,38
subcategory_bioisostere.add-F_682,COc1ccc2c(c1)c(CC(=O)OCCN1CCN(CCCO)CC1)c(C)n2C(=O)c1ccc(Cl)cc1,0,authentic,authentic,,,O=C(Cc1cn(C(=O)c2ccccc2)c2ccccc12)OCCN1CCNCC1,train,528.0490000000003,3.3859200000000014,0.404536776823282,37,62
subcategory_bioisostere.add-F_453,COc1ccc2c(c1)c(CC(=O)OCCN1CCCCC1)c(C)n2C(=O)c1ccc(Cl)cc1,0,authentic,authentic,,,O=C(Cc1cn(C(=O)c2ccccc2)c2ccccc12)OCCN1CCCCC1,train,468.9810000000002,4.871820000000005,0.46272547335293346,33,56
subcategory_bioisostere.add-F_695,O=C(NC1CCCCC1)NS(=O)(=O)c1ccc(CCNC(=O)c2cc(I)ccc2OCc2ccc(F)cc2)cc1,0,authentic,authentic,,,O=C(NC1CCCCC1)NS(=O)(=O)c1ccc(CCNC(=O)c2ccccc2OCc2ccccc2)cc1,train,679.5520000000001,5.302400000000005,0.25198845447000684,40,66
subcategory_bioisostere.add-F_1527,O=C(OCC(F)(F)F)C1=C(O)C(=O)N(c2cccc3ccccc23)C1,1,bioisostere,add-F,CCOC(=O)C1=C(O)C(=O)N(c2cccc3ccccc23)C1,1 2 3 4 5 6 7,O=C1C=CCN1c1cccc2ccccc12,val,351.28000000000014,3.104000000000002,0.8632310903660652,25,46
subcategory_bioisostere.add-F_635,CC(=O)O[C@@H]1C[C@@]23C[C@@]24CC[C@H](O[C@@H]2OC[C@@H](O)[C@H](O)[C@H]2O)C(C)(C)[C@@H]4CC=C3[C@]2(C)C[C@@H]3O[C@@]4(O)[C@H](OC(C)(C)[C@H]4O)[C@@H](C)[C@@H]3[C@@]12C,0,authentic,authentic,,,C1=C2C3C[C@@H]4OC5CCO[C@@H]5C[C@@H]4C3CC[C@]23C[C@@]32CC[C@H](O[C@H]3CCCCO3)C[C@@H]2C1,train,676.8440000000003,2.5831,0.22056591794955704,48,164
subcategory_bioisostere.add-F_810,O=C(NCCc1ccccc1)C1CCCN1C(=O)OC(F)(F)F,1,bioisostere,add-F,CC(C)(C)OC(=O)N1CCCC1C(=O)NCCc1ccccc1,0 1 2 3 4 5 6 7 8 9 10 11 12 13 14 15 17 18 19 20 21,O=C(NCCc1ccccc1)C1CCCN1,train,330.306,2.4661,0.9225445681297262,23,37
subcategory_bioisostere.add-F_161,CC(=O)NC[C@@H]1OC(=O)N2c3ccc(C(C)=O)cc3C[C@H]12,0,authentic,authentic,,,O=C1OC[C@H]2Cc3ccccc3N12,train,288.30300000000005,1.2752,0.8499776023288232,21,47
subcategory_bioisostere.add-F_1073,O=C1CC(NC(=O)c2ccc(C(F)(F)F)cc2Oc2ccc(OC(F)(F)F)c(F)c2)CCN1,1,bioisostere,add-F,COc1ccc(Oc2cc(C(F)(F)F)ccc2C(=O)NC2CCNC(=O)C2)cc1F,3 4 5,O=C1CC(NC(=O)c2ccccc2Oc2ccccc2)CCN1,train,480.3360000000001,4.543800000000002,0.616516639620565,33,59
subcategory_bioisostere.add-F_820,CN1CC[C@@H](c2cccc(-c3ccc(F)cc3)c2)[C@H](COc2cccc(F)c2)C1,1,bioisostere,add-F,CN1CC[C@@H](c2cccc(-c3ccc(F)cc3)c2)[C@H](COc2ccc3c(c2)OCO3)C1,0 1 2 3 4 5 6 7 8 9 10 11 12 13 14 15 16 17 18 20 21 22 23 24 25 26 27 28,c1ccc(-c2cccc([C@@H]3CCNC[C@H]3COc3ccc4c(c3)OCO4)c2)cc1,test,393.47700000000015,5.746100000000005,0.5475422515306158,29,57
subcategory_bioisostere.add-F_1206,COc1cc2c(c(OC(F)(F)F)c1OC)-c1ccc(NCCc3cccc(F)c3)c(=O)cc1[C@@H](NC(C)=O)CC2,1,bioisostere,add-F,COc1cc2c(c(OC)c1OC)-c1ccc(NCCc3cccc(F)c3)c(=O)cc1[C@@H](NC(C)=O)CC2,0 1 2 3 4 5 7 8 9 10 11 12 13 14 15 16 17 18 19 20 21 22 23 24 25 26 27 28 29 30 31 32 33 34 35 36 37 38 39,O=c1cc2c(ccc1NCCc1ccccc1)-c1ccccc1CCC2,train,560.5440000000001,5.546700000000006,0.351860941687875,40,74
subcategory_bioisostere.add-F_892,Oc1ccc(OC[C@@H]2C[NH2+]CC[C@H]2c2ccc(F)cc2)cc1OC(F)(F)F,1,bioisostere,add-F,[2H]C1([2H])Oc2ccc(OC[C@@H]3C[NH2+]CC[C@H]3c3ccc(F)cc3)cc2O1,1 2 3 4 5 9,c1ccc([C@@H]2CC[NH2+]C[C@H]2COc2ccc3c(c2)OCO3)cc1,train,386.365,3.1758000000000015,0.7765237597328284,27,55
subcategory_bioisostere.add-F_498,c1ccc2c(c1)NC(=NCCN1CCCCC1)c1ccccc1N2,0,authentic,authentic,,,c1ccc2c(c1)NC(=NCCN1CCCCC1)c1ccccc1N2,val,320.43999999999994,4.088200000000003,0.8946560475146037,24,37
subcategory_bioisostere.add-F_216,Cc1[nH]c(-c2ccc(F)cc2)cc1C(=O)N1CCN(c2ccccc2F)CC1,0,authentic,authentic,,,O=C(c1c[nH]c(-c2ccccc2)c1)N1CCN(c2ccccc2)CC1,test,381.4260000000001,4.2307200000000025,0.7374849785138614,28,49
subcategory_bioisostere.add-F_894,COc1cc(OC(F)F)ccc1-c1cn2cnccc2n1,1,bioisostere,add-F,COc1ccc(-c2cn3cnccc3n2)c(OC)c1,0 1 2 3 5 6 7 8 9 10 11 12 13 14 15 16 17 18 19 20,c1ccc(-c2cn3cnccc3n2)cc1,train,291.25700000000006,3.0063000000000013,0.7411253100186892,21,32
subcategory_bioisostere.add-F_180,CC1=C(C)N2C(=NC1C)C(N1CCNCC1)=Nc1ccc(Cl)cc12,0,authentic,authentic,,,C1=CN2C(=NC1)C(N1CCNCC1)=Nc1ccccc12,val,343.862,3.189700000000001,0.7863773966196628,24,44
subcategory_bioisostere.add-F_741,CN1CCc2c(n(C)c3ccccc23)C(c2ccccc2)C1,0,authentic,authentic,,,c1ccc(C2CNCCc3c2[nH]c2ccccc32)cc1,train,290.4100000000001,3.7981000000000034,0.6616307741893132,22,36
subcategory_bioisostere.add-F_1412,COc1ccnc(CSc2nc3c(C)c(OC(F)F)c(OC(F)(F)F)cc3[nH]2)c1C,1,bioisostere,add-F,COc1ccnc(CSc2nc3c(C)c4c(cc3[nH]2)OC(F)(F)O4)c1C,0 1 2 3 4 5 6 7 8 9 10 11 12 13 14 15 16 17 18 20 21 22 23 24 25 26 27 28 29,c1ccc(CSc2nc3cc4c(cc3[nH]2)OCO4)nc1,train,449.40100000000007,5.375640000000002,0.386135943386244,30,53
subcategory_bioisostere.add-F_942,O=C(OC(F)F)c1cc2n(n1)C(C(=O)O)Nc1ccccc1-2,1,bioisostere,add-F,CCOC(=O)c1cc2n(n1)C(C(=O)O)Nc1ccccc1-2,1 2 3 4 5,c1ccc2c(c1)NCn1nccc1-2,train,309.22800000000007,1.9382,0.8416177688973805,22,41
subcategory_bioisostere.add-F_1265,CC1(C)COC(C2(c3ccc(N4CCc5c(C(F)(F)F)nn(-c6ccc(OC(F)(F)F)cc6)c5C4=O)cc3)CC2)=N1,1,bioisostere,add-F,COc1ccc(-n2nc(C(F)(F)F)c3c2C(=O)N(c2ccc(C4(C5=NC(C)(C)CO5)CC4)cc2)CC3)cc1,3 4 5,O=C1c2c(cnn2-c2ccccc2)CCN1c1ccc(C2(C3=NCCO3)CC2)cc1,train,578.5129999999999,6.231500000000006,0.33685949947615934,41,78
subcategory_bioisostere.add-F_351,O=C([O-])C[C@H](O)C[C@H](O)C=Cc1c(C2CC2)nc2ccccc2c1-c1ccc(F)cc1,0,authentic,authentic,,,c1ccc(-c2cc(C3CC3)nc3ccccc23)cc1,train,420.4600000000001,3.1834000000000016,0.5838521269593075,31,63
subcategory_bioisostere.add-F_665,CCCc1nn(C)c2c(=O)[nH]c(-c3cc(S(=O)(=O)Nc4ccccc4)ccc3OCC)nc12,0,authentic,authentic,,,O=c1[nH]c(-c2cccc(S(=O)(=O)Nc3ccccc3)c2)nc2cn[nH]c12,train,467.5510000000002,3.475600000000002,0.4095173193565783,33,60
subcategory_bioisostere.add-F_42,COc1cc2c(c(OC)c1OC)-c1ccc(=O)c(OCC(F)(F)F)cc1[C@@H](NC(C)=O)CC2,0,authentic,authentic,,,O=c1ccc2c(cc1)-c1ccccc1CCC2,train,467.4400000000002,3.804100000000002,0.6960384960321725,33,63
subcategory_bioisostere.add-F_829,O=C(O)c1cc(S(=O)Cc2ccc(OC(F)(F)F)cc2)c(Cl)cc1NCc1ccco1,1,bioisostere,add-F,CCOc1ccc(CS(=O)c2cc(C(=O)O)c(NCc3ccco3)cc2Cl)cc1,0 1 2 3 4 5 6 7 8 9 10 11 13 14 15 16 17 18 19 20 21 22 23 24 25 26 27 28 29 30,O=S(Cc1ccccc1)c1ccc(NCc2ccco2)cc1,val,473.8560000000001,5.449700000000003,0.4520267985260585,31,54
subcategory_bioisostere.add-F_235,COC(=O)COC/C=C\CN1CCN(C(c2ccccc2)c2ccc(Cl)cc2)CC1,0,authentic,authentic,,,c1ccc(C(c2ccccc2)N2CCNCC2)cc1,train,428.96000000000015,3.7928000000000024,0.34507644104878904,30,49
subcategory_bioisostere.add-F_592,Nc1nc(N2CCN(CC(F)(F)F)CC2)nnc1-c1cccc(Cl)c1Cl,0,authentic,authentic,,,c1ccc(-c2cnc(N3CCNCC3)nn2)cc1,train,407.2270000000001,3.111900000000001,0.8435086406354337,26,45
subcategory_bioisostere.add-F_855,COc1cc2c(cc1OCC(F)(F)F)CC(Cc1ccccc1)(CN1CCCCC1)C2=O,1,bioisostere,add-F,COc1cc2c(cc1OC)C(=O)C(Cc1ccccc1)(CN1CCCCC1)C2,0 1 2 3 4 5 6 8 9 10 11 12 13 14 15 16 17 18 19 20 21 22 23 24 25 26 27 28 29 30 31,O=C1c2ccccc2CC1(Cc1ccccc1)CN1CCCCC1,train,447.49700000000024,5.090100000000005,0.5927915491581488,32,51
subcategory_bioisostere.add-F_1311,O=C(COCC(F)(F)F)N1CCN(c2ccc(Cl)c(Cl)c2)CC1,1,bioisostere,add-F,C=C1CCc2ccc(OCC(=O)N3CCN(c4ccc(Cl)c(Cl)c4)CC3)cc2N1,0 1 3 4 5 6 7 8 9 10 11 12 13 14 15 16 17 18 19 20 21 22,C=C1CCc2ccc(OCC(=O)N3CCN(c4ccccc4)CC3)cc2N1,test,371.18600000000015,3.220900000000002,0.8150650940144816,23,42
subcategory_bioisostere.add-F_1453,COC(=O)N[C@H]1CC[C@@](CNC(=O)c2ccccc2OCC(F)(F)F)(c2ccccc2)CC1,1,bioisostere,add-F,COC(=O)N[C@H]1CC[C@@](CNC(=O)c2ccccc2OC)(c2ccccc2)CC1,0 1 2 3 4 5 6 7 8 9 10 11 12 13 14 15 16 17 19 20 21 22 23 24 25 26 27 28 29 30 31 32,O=C(NCC1(c2ccccc2)CCCCC1)c1ccccc1,train,464.4840000000002,4.594100000000004,0.6283718932529112,33,61
subcategory_bioisostere.add-F_828,CCOC(=O)N1CC[C@@H](c2ccc(F)cc2)[C@H](COc2ccc(O)c(OC(F)F)c2)C1,1,bioisostere,add-F,CCOC(=O)N1CC[C@@H](c2ccc(F)cc2)[C@H](COc2ccc3c(c2)OCO3)C1,0 1 2 3 4 5 6 7 8 9 10 11 12 13 14 15 16 17 18 19 20 21 22 23 25 26 27 28 29 30,c1ccc([C@@H]2CCNC[C@H]2COc2ccc3c(c2)OCO3)cc1,train,439.4300000000002,4.773700000000005,0.6730211916072572,31,61
subcategory_bioisostere.add-F_1174,COc1cc2c(CCN(C)C)c[nH]c2c(OCC(F)(F)F)c1OC,1,bioisostere,add-F,COc1cc2c(CCN(C)C)c[nH]c2c(OC)c1OC,3 4 5 6,c1ccc2[nH]ccc2c1,train,346.34900000000005,3.2303000000000015,0.8361563536562311,24,41
subcategory_bioisostere.add-F_879,FC(F)(F)O[C@H]1CC[C@@](c2ccccc2)(N2CCCCC2)CC1,1,bioisostere,add-F,O[C@H]1CC[C@@](c2ccccc2)(N2CCCCC2)CC1,0 1 2 3 4 6 7 8 9 10 11 12 13 14 15 16 17 18 19 20 21,c1ccc(C2(N3CCCCC3)CCCCC2)cc1,train,327.3900000000002,4.8468000000000035,0.7869530642056629,23,45
subcategory_bioisostere.add-F_1179,CC(=O)Nc1ccc(Oc2cccc(OC(F)(F)F)c2)cc1,1,bioisostere,add-F,COc1cccc(Oc2ccc(NC(C)=O)cc2)c1,0 1 2 3 4 5 6 7 8 9 10 11 12 14 15 16 17 18 19 20 21,c1ccc(Oc2ccccc2)cc1,train,311.25899999999996,4.335900000000002,0.9136246171074234,22,37
subcategory_bioisostere.add-F_641,CC(C(=O)O)N1CCN(C(c2ccc(Cl)cc2)c2ccc(Cl)cc2)C(C)C1,0,authentic,authentic,,,c1ccc(C(c2ccccc2)N2CCNCC2)cc1,train,407.3410000000002,4.562000000000004,0.7893155028509665,27,50
subcategory_bioisostere.add-F_159,CCCCC(Oc1ccc(C#N)cc1)Oc1ccc(-c2nc(C)sc2C(=O)OCC)cc1,0,authentic,authentic,,,c1ccc(OCOc2ccc(-c3cscn3)cc2)cc1,train,450.56000000000023,6.141000000000005,0.2724920301714174,32,51
subcategory_bioisostere.add-F_941,O=C1Nc2ccc(Cl)cc2C(COC(F)(F)F)(C(F)(F)F)O1,1,bioisostere,add-F,O=C(NC1CCCC1)OCC1(C(F)(F)F)OC(=O)Nc2ccc(Cl)cc21,0 1 2 3 4 5 6 7 8 9 10 12 13 14 15 16 17 18 19 20,O=C(NC1CCCC1)OCC1OC(=O)Nc2ccccc21,train,349.614,4.1961,0.8142054958178884,22,42
subcategory_bioisostere.add-F_38,CC(=O)O[C@@H](CC[C@H]1C(=O)N(c2ccc(F)cc2)[C@@H]1c1ccccc1)c1ccc(F)cc1,0,authentic,authentic,,,O=C1[C@H](CCCc2ccccc2)[C@@H](c2ccccc2)N1c1ccccc1,train,435.4700000000001,5.753500000000005,0.3505123933786541,32,68
subcategory_bioisostere.add-F_893,COc1ccc(C(=O)C2CCCN(Cc3ccc(OC)c(C)c3C)C2)cc1OC(F)F,1,bioisostere,add-F,COc1ccc(C(=O)C2CCCN(Cc3ccc(OC)c(C)c3C)C2)cc1OC,3 4,O=C(c1ccccc1)C1CCCN(Cc2ccccc2)C1,train,433.4950000000002,5.016940000000005,0.547528652990226,31,50
subcategory_bioisostere.add-F_86,COC(=O)COCC=CCN1CCN([C@H](c2ccccc2)c2ccc(Cl)cc2)CC1,0,authentic,authentic,,,c1ccc(C(c2ccccc2)N2CCNCC2)cc1,train,428.96000000000015,3.7928000000000024,0.34507644104878904,30,51
subcategory_bioisostere.add-F_1519,C[C@@H](N[C@@H](CCc1ccccc1)C(=O)OCC(F)(F)F)C(=O)N1C(=O)CC[C@H]1C(=O)O,1,bioisostere,add-F,CCOC(=O)[C@H](CCc1ccccc1)N[C@H](C)C(=O)N1C(=O)CC[C@H]1C(=O)O,0 1 2 3 4 5 6 7 8 9 10 11 13 14 15 16 17 18 19 20 21 22 23 24 25 26 27 28 29 30,O=C1CCCN1C(=O)CNCCCc1ccccc1,val,444.40600000000023,1.6735999999999998,0.5573778853855984,31,69
subcategory_bioisostere.add-F_813,CC[C@@]1(CC(=O)OC(F)F)OC[C@H](Cc2ccccc2)c2c1[nH]c1ccccc21,1,bioisostere,add-F,CC[C@@]1(CC(=O)O)OC[C@H](Cc2ccccc2)c2c1[nH]c1ccccc21,0 1 2 3 5 6 7 8 9 10 11 12 13 14 15 16 17 18 19 20 21 22 23 24 25 26 27 28,c1ccc(C[C@H]2COCc3[nH]c4ccccc4c32)cc1,train,399.43700000000007,5.285600000000004,0.5735346055709853,29,57
subcategory_bioisostere.add-F_147,Oc1ccc2c3c1O[C@H]1[C@@H](N(CCCl)CCCl)CCC4(O)C(C2)N(CC2CC2)CCC314,0,authentic,authentic,,,c1cc2c3c(c1)O[C@H]1CCCC4C(C2)N(CC2CC2)CCC341,train,467.43700000000035,3.1045000000000016,0.6041220387488269,31,64
subcategory_bioisostere.add-F_725,C[C@@H]1CN(CCCCc2ccc3c(c2)sc(=O)n3C)C[C@H](C)N1,0,authentic,authentic,,,O=c1[nH]c2ccc(CCCCN3CCNCC3)cc2s1,train,333.5010000000001,2.6049000000000007,0.8548163823465668,23,47
subcategory_bioisostere.add-F_1368,CN(CCOc1cccc(C(=C2CCCCC2)c2cccc(O)c2)c1)CCOC(F)(F)F,1,bioisostere,add-F,Oc1cccc(C(=C2CCCCC2)c2cccc(OCCN3CCOCC3)c2)c1,0 1 2 3 4 5 6 7 8 9 10 11 12 13 14 15 16 17 18 19 20 21 22 23 24 25 27 28 29 30,c1ccc(C(=C2CCCCC2)c2cccc(OCCN3CCOCC3)c2)cc1,test,449.51300000000003,6.0052000000000065,0.5094963480074096,32,51
subcategory_bioisostere.add-F_1144,COC(=O)N1C(c2ccccc2)=NN=C(c2ccccc2)N1C(=O)OCC(F)(F)F,1,bioisostere,add-F,COC(=O)N1C(c2ccccc2)=NN=C(c2ccccc2)N1C(=O)OC,3 4 5 6,c1ccc(C2=NN=C(c3ccccc3)NN2)cc1,train,420.34700000000015,3.792900000000003,0.7564302426987923,30,52
subcategory_bioisostere.add-F_1024,CC(CN(C)C)C(O)(c1ccccc1)c1ccc(OCC(F)(F)F)cc1,1,bioisostere,add-F,COc1ccc(C(O)(c2ccccc2)C(C)CN(C)C)cc1,0 1 2 3 4 5 6 7 8 9 10 11 12 13 14 15 16 18 19 20 21 22 23 24 25,c1ccc(Cc2ccccc2)cc1,train,367.41100000000006,4.061300000000004,0.8010583500700372,26,44
subcategory_bioisostere.add-F_471,NCCO.O=C(O)C(=O)Nc1nc(-c2cccc(O)c2)cs1,0,authentic,authentic,,,c1ccc(-c2cscn2)cc1,train,325.346,0.47619999999999985,0.5156498536980447,22,38
subcategory_bioisostere.add-F_1441,Cc1cn(-c2ccc(C(=O)c3[nH]c(OC(F)F)nc3C)cc2)cn1,1,bioisostere,add-F,Cc1cn(-c2ccc(C(=O)c3[nH]c(O)nc3C)cc2)cn1,0 1 2 3 4 5 6 7 8 9 10 11 13 14 15 16 17 18 19 20 21 22 23,O=C(c1ccc(-n2ccnc2)cc1)c1cnc[nH]1,val,332.31,3.044640000000001,0.7289905399950256,24,45
subcategory_bioisostere.add-F_1090,COc1cc2c3c4c(cc5c3n(c2cc1OCC(F)(F)F)C(=O)CC5)CCNC4,1,bioisostere,add-F,COc1cc2c3c4c(cc5c3n(c2cc1OC)C(=O)CC5)CCNC4,0 1 2 3 4 5 6 7 8 9 10 11 12 13 15 16 17 18 19 20 21 22 23 24 25 26 27 28,O=C1CCc2cc3c(c4c5ccccc5n1c24)CNCC3,train,404.3880000000002,3.976300000000002,0.7177372829364237,29,50
subcategory_bioisostere.add-F_778,Cc1ccc(Cl)cc1C(=O)N1CCCN(CC(=O)N[C@H]2CC(=O)OC2O)C(=O)[C@@H](NC(=O)c2ccc3ccccc3c2)C1,0,authentic,authentic,,,O=C(CN1CCCN(C(=O)c2ccccc2)C[C@H](NC(=O)c2ccc3ccccc3c2)C1=O)N[C@@H]1COC(=O)C1,train,607.0630000000001,2.024820000000001,0.3640909937279937,43,84
subcategory_bioisostere.add-F_264,CCOc1ccccc1NC(=O)Nc1nc2ccncc2cc1C,0,authentic,authentic,,,O=C(Nc1ccccc1)Nc1ccc2cnccc2n1,train,322.36800000000005,3.980920000000002,0.761497001281642,24,33
subcategory_bioisostere.add-F_359,CCCCc1nc(CC(=O)O)c(Cl)n1Cc1ccc(C(=O)O)cc1,0,authentic,authentic,,,c1ccc(Cn2ccnc2)cc1,train,350.8020000000001,3.252700000000001,0.7619241684507232,24,41
subcategory_bioisostere.add-F_881,COC(=O)N[C@@H](CNC(=O)c1ccc(Cl)s1)C(=O)N(F)c1ccc(N(C)C(=O)COC(F)(F)F)cc1,1,bioisostere,add-F,COC(=O)N[C@@H](CNC(=O)c1ccc(Cl)s1)C(=O)N(F)c1ccc(N2CCOCC2=O)cc1,28 29 30 31 32 33,O=C(CCNC(=O)c1cccs1)Nc1ccc(N2CCOCC2=O)cc1,train,554.9060000000003,3.272800000000002,0.3628986196338012,36,72
subcategory_bioisostere.add-F_1529,C[C@H]1CCC(=O)CC/C=C/C(=O)Cc2cc(O)cc(OC(F)(F)F)c2C(=O)O1,1,bioisostere,add-F,COc1cc(O)cc2c1C(=O)O[C@@H](C)CCC(=O)CC/C=C/C(=O)C2,3 4 5,O=C1/C=C/CCC(=O)CCCOC(=O)c2ccccc2C1,train,400.3490000000001,3.647000000000003,0.7241537305290359,28,56
subcategory_bioisostere.add-F_1018,CCCc1nc(C(C)(C)O)c(C(=O)OCC(F)(F)F)n1Cc1ccc(-c2ccccc2C2=NCN=N2)cc1,1,bioisostere,add-F,CCCc1nc(C(C)(C)O)c(C(=O)OCc2oc(=O)oc2C)n1Cc1ccc(-c2ccccc2C2=NCN=N2)cc1,0 1 2 3 4 5 6 7 8 9 10 12 13 14 15 16 17 18 19 20 21 22 23 24 25 26 27 28 29 30 31 32 33 34 35 36 37,O=C(OCc1coc(=O)o1)c1cncn1Cc1ccc(-c2ccccc2C2=NCN=N2)cc1,train,527.5470000000003,5.667300000000006,0.36256089015977067,38,66
subcategory_bioisostere.add-F_15,C[C@](Cc1c[nH]c2ccccc12)(NC(=O)ON1[C@H]2C[C@@H]3C[C@@H](C[C@H]1C3)C2)C(=O)N1C[C@H](Oc2ccc(Cl)cc2)C[C@@H]1C(=O)O,0,authentic,authentic,,,O=C(NC(Cc1c[nH]c2ccccc12)C(=O)N1CC[C@@H](Oc2ccccc2)C1)ON1[C@H]2C[C@@H]3C[C@@H](C[C@H]1C3)C2,val,621.1340000000004,5.159700000000005,0.31776353084922915,44,111
subcategory_bioisostere.add-F_245,CCOC(=O)c1sc(-c2cc(I)c3c(c2)CC2(CCCC2)O3)nc1C,0,authentic,authentic,,,c1csc(-c2ccc3c(c2)CC2(CCCC2)O3)n1,test,469.3440000000004,5.147520000000004,0.46121806440586843,25,45
subcategory_bioisostere.add-F_671,CN(C)C1CCN(S(=O)(=O)c2ccc(-c3cnc(N)c(C(=O)Nc4cccnc4)n3)cc2)C1,0,authentic,authentic,,,O=C(Nc1cccnc1)c1cncc(-c2ccc(S(=O)(=O)N3CCCC3)cc2)n1,test,467.55500000000023,1.697699999999999,0.5593470784959758,33,61
