id,smiles,label,category,subcategory,parent_smiles,edited_atoms,scaffold,split,mw,logp,qed,heavy_atoms,smiles_length
subcategory_halogen-walk.F->Cl_1304,CCOC(=O)c1nn(-c2ccc(OCl)cc2)c2c1CCN(c1ccc(N3CCCCC3=O)cc1)C2=O,1,halogen-walk,F->Cl,CCOC(=O)c1nn(-c2ccc(OC(F)F)cc2)c2c1CCN(c1ccc(N3CCCCC3=O)cc1)C2=O,1,O=C1CCCCN1c1ccc(N2CCc3cnn(-c4ccccc4)c3C2=O)cc1,train,508.96200000000044,4.301400000000003,0.46070517785735576,36,61
subcategory_halogen-walk.F->Cl_595,NNc1nnc(-c2ccc(Cl)cc2)c(-c2ccc(Cl)cc2)n1,0,authentic,authentic,,,c1ccc(-c2ncnnc2-c2ccccc2)cc1,train,332.194,3.798000000000002,0.563487611968504,22,40
subcategory_halogen-walk.F->Cl_582,CCOc1cccc(C(=O)NC2CCCCC2)c1,0,authentic,authentic,,,O=C(NC1CCCCC1)c1ccccc1,val,247.33799999999994,3.147800000000002,0.8872460299630041,18,27
subcategory_halogen-walk.F->Cl_72,CCn1cc(C(=O)O)c(=O)c2c(O)c(F)c(N3CC(C)NC(C)C3)c(F)c21,0,authentic,authentic,,,O=c1cc[nH]c2cc(N3CCNCC3)ccc12,val,381.3790000000001,1.8900000000000001,0.751736045703632,27,53
subcategory_halogen-walk.F->Cl_200,CCOC(=O)c1nn(-c2cc3c(cc2F)OCC3)c2c1CCN(c1ccc(N3CCCCC3=O)cc1)C2=O,0,authentic,authentic,,,O=C1CCCCN1c1ccc(N2CCc3cnn(-c4ccc5c(c4)CCO5)c3C2=O)cc1,train,518.5450000000004,3.842800000000003,0.47670742733320454,38,64
subcategory_halogen-walk.F->Cl_852,Clc1cccc([C@H]2CCN(C3CCCCCC3)C[C@@H]2COc2ccc3c(c2)OCO3)c1,1,halogen-walk,F->Cl,Cl.Fc1ccc([C@H]2CCN(C3CCCCCC3)C[C@@H]2COc2ccc3c(c2)OCO3)cc1,0 1 2 3 4 5 7 8 9 10 11 12 13 14 15 16 17 18 19 20 21 22 23 24 25 26 27 28 29,c1ccc([C@H]2CCN(C3CCCCCC3)C[C@@H]2COc2ccc3c(c2)OCO3)cc1,train,441.9990000000002,6.276000000000006,0.510958930832383,31,57
subcategory_halogen-walk.F->Cl_1397,O=C(c1ccc2c(c1)OCCO2)C1CCN(Cc2ccccc2Cl)CC1,1,halogen-walk,F->Cl,O=C(c1ccc2c(c1)OCCO2)C1CCN(Cc2ccc(F)cc2)CC1,15 16 17 18 19 20 21 22 23,O=C(c1ccc2c(c1)OCCO2)C1CCN(Cc2ccccc2)CC1,train,371.86400000000003,4.206100000000004,0.7546685350905342,26,42
subcategory_halogen-walk.F->Cl_201,Cc1ccc(/N=C(\S)NCCN)c(C)c1.O=C(O)/C=C\C(=O)O,0,authentic,authentic,,,c1ccccc1,train,339.41700000000003,1.48084,0.23943300501350673,23,44
subcategory_halogen-walk.F->Cl_1010,CC(C)N(Cc1ccccc1F)CC(O)(Cn1cncn1)c1ccccc1Cl,1,halogen-walk,F->Cl,CC(C)N(Cc1ccccc1F)CC(O)(Cn1cncn1)c1ccc(F)cc1F,0 1 2 3 4 5 6 7 8 9 10 11 12 14 15 16 17 18 19 20 21 22 23 24 25 26,c1ccc(CNCC(Cn2cncn2)c2ccccc2)cc1,train,402.90100000000007,3.8690000000000033,0.6210838474823059,28,43
subcategory_halogen-walk.F->Cl_1303,COc1ccccc1C(CNC(=O)Cc1cc(Cl)cc(C(F)(F)F)c1)N1CCN(C2Cc3ccccc3C2)CC1,1,halogen-walk,F->Cl,COc1ccccc1C(CNC(=O)Cc1cc(C(F)(F)F)cc(C(F)(F)F)c1)N1CCN(C2Cc3ccccc3C2)CC1,0 1 2 3 4 5 6 7 8 9 10 11 12 13 14 15 17 18 19 20 21 22 23 24 25 26 27 28 29 30 31 32 33 34 35 36 37 38 39,O=C(Cc1ccccc1)NCC(c1ccccc1)N1CCN(C2Cc3ccccc3C2)CC1,train,572.0709999999999,5.552400000000005,0.3849272917074404,40,66
subcategory_halogen-walk.F->Cl_44,COc1ccc(-c2[nH]nc3c2C(=O)c2c(NC(C)=O)cccc2-3)cc1,0,authentic,authentic,,,O=C1c2ccccc2-c2n[nH]c(-c3ccccc3)c21,test,333.34700000000004,3.2551000000000014,0.6026063755390988,25,48
subcategory_halogen-walk.F->Cl_188,N[C@H](COCc1ccccc1)Cc1c[nH]cn1,0,authentic,authentic,,,c1ccc(COCCCc2c[nH]cn2)cc1,val,231.299,1.4962999999999997,0.7914539295403983,17,30
subcategory_halogen-walk.F->Cl_729,Nc1nnc(-c2cc(Cl)cc(Cl)c2)c(-c2ccccc2)n1,0,authentic,authentic,,,c1ccc(-c2ncnnc2-c2ccccc2)cc1,train,317.17900000000003,4.094600000000002,0.7727956668931659,21,39
subcategory_halogen-walk.F->Cl_462,COc1ccc(CCN2CCC(CCOc3ccc4c(c3)OCO4)CC2)cc1OC,0,authentic,authentic,,,c1ccc(CCN2CCC(CCOc3ccc4c(c3)OCO4)CC2)cc1,train,413.51400000000024,4.156100000000003,0.6154213821185271,30,44
subcategory_halogen-walk.F->Cl_874,O=C(O)COc1ccc(C2C(CC[C@H](O)c3ccc(F)cc3)C(=O)N2c2cccc(Cl)c2)cc1,1,halogen-walk,F->Cl,O=C(O)COc1ccc(C2C(CC[C@H](O)c3ccc(F)cc3)C(=O)N2c2ccc(F)cc2)cc1,6,O=C1C(CCCc2ccccc2)C(c2ccccc2)N1c1ccccc1,train,483.9230000000001,5.1604000000000045,0.410390141791234,34,63
subcategory_halogen-walk.F->Cl_561,CN(C)C(=O)Oc1ccc(C[C@H](NC(=O)[C@H]2N(S(=O)(=O)c3ccn(C)n3)CSC2(C)C)C(=O)OCOC(=O)C(C)(C)C)cc1,0,authentic,authentic,,,O=C(NCCc1ccccc1)[C@@H]1CSCN1S(=O)(=O)c1cc[nH]n1,train,653.7800000000001,2.1402,0.29486914378661844,44,92
subcategory_halogen-walk.F->Cl_1354,[2H]C1([2H])Oc2ccc(OC[C@@H]3CN(C)CC[C@H]3c3ccccc3Cl)cc2O1,1,halogen-walk,F->Cl,[2H]C1([2H])Oc2ccc(OC[C@@H]3CN(C)CC[C@H]3c3ccc(F)cc3)cc2O1,7,c1ccc([C@@H]2CCNC[C@H]2COc2ccc3c(c2)OCO3)cc1,train,361.86520355600004,4.183000000000003,0.816896526458907,25,57
subcategory_halogen-walk.F->Cl_1435,O=C1C[C@H](c2cccc(Cl)c2)[C@@H](COc2ccc3c(c2)OCO3)CN1,1,halogen-walk,F->Cl,O=C1C[C@H](c2ccc(F)cc2)[C@@H](COc2ccc3c(c2)OCO3)CN1,0 1 2 4 5 6 7 8 9 10 11 12 13 14 15 16 17 18 19 20 21 22 23 24,O=C1C[C@H](c2ccccc2)[C@@H](COc2ccc3c(c2)OCO3)CN1,test,359.80900000000014,3.367400000000001,0.9089589261971179,25,52
subcategory_halogen-walk.F->Cl_1291,C[C@@H](N1CCn2ncnc2C1)[C@](O)(Cn1cncn1)c1cccc(Cl)c1,1,halogen-walk,F->Cl,C[C@@H](N1CCn2ncnc2C1)[C@](O)(Cn1cncn1)c1ccc(F)cc1F,6,c1ccc(C(CN2CCn3ncnc3C2)Cn2cncn2)cc1,train,373.84800000000007,1.3150999999999997,0.7255824399421783,26,51
subcategory_halogen-walk.F->Cl_12,COc1c2occc2c(CN2CCN(C)CC2)c2ccc(=O)oc12.Cl,0,authentic,authentic,,,O=c1ccc2c(CN3CCNCC3)c3ccoc3cc2o1,train,364.829,2.717000000000002,0.6659197409179292,25,42
subcategory_halogen-walk.F->Cl_1212,CC(C)(C)OC(=O)COc1ccc([C@@H]2[C@@H](CC[C@H](O)c3cccc(Cl)c3)C(=O)N2c2ccc(F)cc2)cc1,1,halogen-walk,F->Cl,CC(C)(C)OC(=O)COc1ccc([C@@H]2[C@@H](CC[C@H](O)c3ccc(F)cc3)C(=O)N2c2ccc(F)cc2)cc1,6,O=C1[C@H](CCCc2ccccc2)[C@@H](c2ccccc2)N1c1ccccc1,train,540.0310000000002,6.417500000000007,0.2507897245593771,38,81
subcategory_halogen-walk.F->Cl_944,[2H]c1c([2H])c([2H])c(C([2H])(CCN)Oc2ccc(Cl)cc2)c([2H])c1[2H],1,halogen-walk,F->Cl,O=C(O)C(=O)O.[2H]c1c([2H])c([2H])c(C([2H])(CCN)Oc2ccc(C(F)(F)F)cc2)c([2H])c1[2H],16 17,c1ccc(COc2ccccc2)cc1,train,267.788610668,3.8089000000000013,0.8941094447898034,18,61
subcategory_halogen-walk.F->Cl_940,Cc1cc(OCCl)cnc1CS(=O)c1nc2ccccc2[nH]1,1,halogen-walk,F->Cl,Cc1cc(OCC(F)(F)F)cnc1CS(=O)c1nc2ccccc2[nH]1,5 6,O=S(Cc1ccccn1)c1nc2ccccc2[nH]1,train,335.81600000000003,3.1492200000000006,0.727198365506972,22,37
subcategory_halogen-walk.F->Cl_844,COc1ccc2c3c1O[C@H]1[C@@]4(OC)CC[C@@]5(C[C@@H]4COCc4ccc(Cl)cc4)[C@@H](C2)N(CC2CC2)CC[C@]315,1,halogen-walk,F->Cl,COc1ccc2c3c1O[C@H]1[C@@]4(OC)CC[C@@]5(C[C@@H]4COCc4ccc(C(F)(F)F)cc4)[C@@H](C2)N(CC2CC2)CC[C@]315,24 25,c1ccc(COC[C@H]2C[C@@]34CCC2[C@@H]2Oc5cccc6c5[C@@]23CCN(CC2CC2)[C@@H]4C6)cc1,train,536.1120000000003,5.789900000000006,0.4277035928249282,38,90
subcategory_halogen-walk.F->Cl_165,COc1ccc(C#N)cc1C(=O)NCCc1ccc(S(=O)(=O)NC(=O)NC2CCCCC2)cc1,0,authentic,authentic,,,O=C(NC1CCCCC1)NS(=O)(=O)c1ccc(CCNC(=O)c2ccccc2)cc1,train,484.57800000000026,2.85998,0.5268350284312606,34,57
subcategory_halogen-walk.F->Cl_1126,CC(C)(C)OC(=O)COc1ccc([C@@H]2[C@@H](CC[C@H](O)c3ccc(F)cc3)C(=O)N2c2ccccc2Cl)cc1,1,halogen-walk,F->Cl,CC(C)(C)OC(=O)COc1ccc([C@@H]2[C@@H](CC[C@H](O)c3ccc(F)cc3)C(=O)N2c2ccc(F)cc2)cc1,7,O=C1[C@H](CCCc2ccccc2)[C@@H](c2ccccc2)N1c1ccccc1,train,540.0310000000002,6.417500000000007,0.2507897245593771,38,79
subcategory_halogen-walk.F->Cl_1370,COc1ccnc(CSc2nc3ccc(Cl)cc3[nH]2)c1OC,1,halogen-walk,F->Cl,COc1ccnc(CSc2nc3ccc(C(F)(F)F)cc3[nH]2)c1OC,1,c1ccc(CSc2nc3ccccc3[nH]2)nc1,train,335.8160000000001,3.9208000000000025,0.7159702224245562,22,36
subcategory_halogen-walk.F->Cl_1572,O=S(=O)(Cl)Nc1ccccc1OCc1ccc2ccccc2n1,1,halogen-walk,F->Cl,O=S(=O)(Nc1ccccc1OCc1ccc2ccccc2n1)C(F)(F)F,1 3,c1ccc(OCc2ccc3ccccc3n2)cc1,train,348.8110000000001,3.7093000000000025,0.7135602588697332,23,36
subcategory_halogen-walk.F->Cl_1391,Cc1cc(C(=O)Nc2cccn([C@@H](Cc3cccc(Cl)c3Cl)C(=O)N[C@H](/C=C/C(=O)OC(C)C)C[C@@H]3CCNC3=O)c2=O)no1,1,halogen-walk,F->Cl,Cc1cc(C(=O)Nc2cccn([C@@H](Cc3ccc(F)c(F)c3)C(=O)N[C@H](/C=C/C(=O)OC(C)C)C[C@@H]3CCNC3=O)c2=O)no1,13 14 15 16 17 18 19 20 21,O=C(Nc1cccn([C@@H](Cc2ccccc2)C(=O)NCC[C@@H]2CCNC2=O)c1=O)c1ccon1,train,658.539,4.006420000000003,0.19441853228217068,45,95
subcategory_halogen-walk.F->Cl_67,CCCCc1ccc2c(cc1=O)[C@@H](NC(C)=O)CCc1cc(OC)c(OC)c(OC)c1-2,0,authentic,authentic,,,O=c1cccc2c(c1)CCCc1ccccc1-2,train,425.52500000000026,4.205600000000003,0.7195176449778556,31,57
subcategory_halogen-walk.F->Cl_636,CN1[C@@H](CCc2ccc(OCCF)cc2)CCC[C@H]1CCc1ccc(OCCF)cc1,0,authentic,authentic,,,c1ccc(CC[C@H]2CCC[C@@H](CCc3ccccc3)N2)cc1,train,431.5670000000002,5.801500000000006,0.42382614325160034,31,52
subcategory_halogen-walk.F->Cl_367,Cc1cnc(NC(=O)C2=C(O)c3sc(-c4cccs4)cc3S(=O)(=O)N2C)s1,0,authentic,authentic,,,O=C(Nc1nccs1)C1=Cc2sc(-c3cccs3)cc2S(=O)(=O)N1,val,439.5650000000001,3.740920000000002,0.6475916478227515,27,52
subcategory_halogen-walk.F->Cl_1221,O=C1NCCOc2cc(Cl)ccc21,1,halogen-walk,F->Cl,O=C1NCCOc2cc(C(F)(F)F)ccc21,1,O=C1NCCOc2ccccc21,val,197.621,1.4622,0.6840814938968777,13,21
subcategory_halogen-walk.F->Cl_1506,COc1cccc(C2=CC(=Cc3cccc(Cl)c3)CCC2CN(C)C)c1,1,halogen-walk,F->Cl,COc1cccc(C2=CC(=Cc3ccc(F)cc3)CCC2CN(C)C)c1,6,C(=C1C=C(c2ccccc2)CCC1)c1ccccc1,train,367.9200000000002,5.787200000000006,0.6629653014334824,26,43
subcategory_halogen-walk.F->Cl_496,CCOC(=O)[C@H](CCc1ccccc1)NC(C)C(=O)N1CC2COCC2C[C@H]1C(=O)O,0,authentic,authentic,,,O=C(CNCCCc1ccccc1)N1CCC2COCC2C1,train,432.51700000000034,1.4771000000000007,0.5695761312417954,31,58
subcategory_halogen-walk.F->Cl_2,O=C(NCCC(=O)N(CC(F)F)c1ccc(N2CCOCC2=O)cc1)c1ccc(Cl)s1,0,authentic,authentic,,,O=C(CCNC(=O)c1cccs1)Nc1ccc(N2CCOCC2=O)cc1,train,471.91300000000024,3.182900000000002,0.6410522774327273,31,53
subcategory_halogen-walk.F->Cl_1326,COc1ccc(-n2nc(Cl)c3c2C(=O)N(c2ccc(C4(CN(C)S(C)(=O)=O)CCCCC4)cc2)CC3)cc1,1,halogen-walk,F->Cl,COc1ccc(-n2nc(C(F)(F)F)c3c2C(=O)N(c2ccc(C4(CN(C)S(C)(=O)=O)CCCCC4)cc2)CC3)cc1,0 1 2 3 4 5 6 7 9 10 11 12 13 14 15 16 17 18 19 20 21 22 23 24 25 26 27 28 29 30 31 32 33 34 35 36 37,O=C1c2c(cnn2-c2ccccc2)CCN1c1ccc(C2CCCCC2)cc1,train,557.1160000000003,4.830500000000005,0.4159840100504294,38,71
subcategory_halogen-walk.F->Cl_1243,O=C(NC1CCCCC1)NS(=O)(=O)c1ccc(CCNC(=O)c2cc(Cl)ccc2OCc2cccc(Cl)c2)cc1,1,halogen-walk,F->Cl,O=C(NC1CCCCC1)NS(=O)(=O)c1ccc(CCNC(=O)c2cc(Cl)ccc2OCc2ccc(F)cc2)cc1,30 31 32 33 34 35 36 37,O=C(NC1CCCCC1)NS(=O)(=O)c1ccc(CCNC(=O)c2ccccc2OCc2ccccc2)cc1,train,604.5560000000003,5.865500000000005,0.268216937379926,40,68
subcategory_halogen-walk.F->Cl_1483,O=C(Nc1ccccc1F)N1CCC2(CC1)C(=O)N(c1cccc(Cl)c1)C2c1ccc(O)cc1,1,halogen-walk,F->Cl,O=C(Nc1ccccc1F)N1CCC2(CC1)C(=O)N(c1ccc(F)cc1)C2c1ccc(O)cc1,6,O=C(Nc1ccccc1)N1CCC2(CC1)C(=O)N(c1ccccc1)C2c1ccccc1,train,479.939,5.586900000000005,0.4810450192554248,34,59
subcategory_halogen-walk.F->Cl_1021,O=C(O)COc1ccc(C2C(CC[C@H](O)c3ccc(F)cc3)C(=O)N2c2ccccc2Cl)cc1,1,halogen-walk,F->Cl,O=C(O)COc1ccc(C2C(CC[C@H](O)c3ccc(F)cc3)C(=O)N2c2ccc(F)cc2)cc1,7,O=C1C(CCCc2ccccc2)C(c2ccccc2)N1c1ccccc1,train,483.9230000000001,5.1604000000000045,0.410390141791234,34,61
subcategory_halogen-walk.F->Cl_330,CN1C(=O)CN=C(c2ccccc2Cl)c2cc(N)ccc21,0,authentic,authentic,,,O=C1CN=C(c2ccccc2)c2ccccc2N1,train,299.7610000000001,2.7360000000000007,0.8231779468584621,21,36
subcategory_halogen-walk.F->Cl_64,O=C(c1c(F)cccc1F)c1ccc2n1CCC2C(=O)O,0,authentic,authentic,,,O=C(c1ccccc1)c1ccc2n1CCC2,train,291.253,2.5691999999999995,0.884151073793009,21,35
subcategory_halogen-walk.F->Cl_311,CCN1CCN(C)C[C@H](NC(=O)c2cc(Cl)c(NC)cc2OC)C1,0,authentic,authentic,,,O=C(NC1CNCCNC1)c1ccccc1,train,354.8820000000001,1.7559999999999998,0.8434464355117294,24,44
subcategory_halogen-walk.F->Cl_399,CCN(CC)CCCCCCNc1ccnc2cc(Cl)ccc12,0,authentic,authentic,,,c1ccc2ncccc2c1,train,333.9070000000001,5.202300000000005,0.6053786663008985,23,32
subcategory_halogen-walk.F->Cl_346,C=CCN1CCN(C(c2ccccc2)c2ccc(-c3cccs3)cc2)CC1,0,authentic,authentic,,,c1ccc(C(c2ccc(-c3cccs3)cc2)N2CCNCC2)cc1,val,374.5530000000001,5.308100000000006,0.5397123938487065,27,43
subcategory_halogen-walk.F->Cl_733,O=C(Nc1ccc(C[C@H](NC(=O)C2(S(=O)(=O)c3ccccc3)CCOCC2)C(=O)O)cc1)c1c(Cl)cccc1Cl,0,authentic,authentic,,,O=C(Nc1ccc(CCNC(=O)C2(S(=O)(=O)c3ccccc3)CCOCC2)cc1)c1ccccc1,test,605.4960000000002,4.380700000000004,0.32914695278458617,40,77
subcategory_halogen-walk.F->Cl_1565,CCC(=O)c1ccccc1OCC(O)CN1CCC(Oc2cccc(Cl)c2)CC1,1,halogen-walk,F->Cl,CCC(=O)c1ccccc1OCC(O)CN1CCC(Oc2ccc(F)cc2)CC1,6,c1ccc(OCCCN2CCC(Oc3ccccc3)CC2)cc1,train,417.9330000000001,4.215800000000004,0.6189536726453362,29,45
subcategory_halogen-walk.F->Cl_1307,CCN(C(=O)Cc1ccc(S(C)(=O)=O)cc1)C1CCN(CC[C@H](c2ccc(S(C)(=O)=O)cc2)c2cccc(Cl)c2)CC1,1,halogen-walk,F->Cl,CCN(C(=O)Cc1ccc(S(C)(=O)=O)cc1)C1CCN(CC[C@H](c2ccc(S(C)(=O)=O)cc2)c2cccc(C(F)(F)F)c2)CC1,1,O=C(Cc1ccccc1)NC1CCN(CCC(c2ccccc2)c2ccccc2)CC1,train,631.2600000000002,5.224600000000006,0.28836824537556377,42,82
subcategory_halogen-walk.F->Cl_244,O=C1Nc2c(cc(F)c(F)c2F)C(C#CC2CC2)(C(F)(F)F)O1,0,authentic,authentic,,,O=C1Nc2ccccc2C(C#CC2CC2)O1,train,335.2029999999999,3.8370000000000006,0.44445386580280927,23,45
subcategory_halogen-walk.F->Cl_319,Fc1ccc(-c2ccc([C@H]3CCNC[C@H]3COc3ccc4c(c3)OCO4)cc2)cc1,0,authentic,authentic,,,c1ccc(-c2ccc([C@H]3CCNC[C@H]3COc3ccc4c(c3)OCO4)cc2)cc1,train,405.4690000000001,4.993500000000004,0.6489754305143736,30,55
subcategory_halogen-walk.F->Cl_1089,OC(CNCc1ccccc1Cl)COc1ccc2c(c1)OCO2,1,halogen-walk,F->Cl,OC(CNCc1cccc(F)c1)COc1ccc2c(c1)OCO2,0 1 2 3 5 6 7 8 9 10 11 12 13 14 15 16 17 18 19 20 21 22,c1ccc(CNCCCOc2ccc3c(c2)OCO3)cc1,train,335.7870000000001,2.5982000000000003,0.8141756713394194,23,34
subcategory_halogen-walk.F->Cl_1520,Cc1cccc2c1N(C1CCN(CCCn3nc(-c4ccc(Cl)cc4)c4c3CCN(S(C)(=O)=O)C4)CC1)C(=O)CO2,1,halogen-walk,F->Cl,Cc1cccc2c1N(C1CCN(CCCn3nc(-c4ccc(C(F)(F)F)cc4)c4c3CCN(S(C)(=O)=O)C4)CC1)C(=O)CO2,0 1 2 3 4 5 6 7 8 9 10 11 12 13 14 15 16 17 18 19 20 22 23 24 25 26 27 28 29 30 31 32 33 34 35 36 37 38 39 40,O=C1COc2ccccc2N1C1CCN(CCCn2nc(-c3ccccc3)c3c2CCNC3)CC1,test,598.1690000000001,4.109720000000004,0.40735845717018476,41,74
subcategory_halogen-walk.F->Cl_1593,CC(C)(C)NC(=O)c1ccccc1C[C@@H](O)[C@H](Cc1ccccc1)NC(=O)[C@H](C[S+]([O-])c1cccc(Cl)c1)NS(C)(=O)=O,1,halogen-walk,F->Cl,CC(C)(C)NC(=O)c1ccccc1C[C@@H](O)[C@H](Cc1ccccc1)NC(=O)[C@H](C[S+]([O-])c1ccc(F)cc1)NS(C)(=O)=O,29 31 32 33 34 35 36 37,O=C(CC[SH+]c1ccccc1)N[C@H](CCc1ccccc1)Cc1ccccc1,test,648.2470000000002,3.224800000000002,0.20954680707506976,43,95
subcategory_halogen-walk.F->Cl_854,C[C@@H](O)C(=O)ON1CCC(c2cccc(Cl)c2)C(COc2ccc3c(c2)OCO3)C1,1,halogen-walk,F->Cl,C[C@@H](O)C(=O)ON1CCC(c2ccc(F)cc2)C(COc2ccc3c(c2)OCO3)C1,0 1 2 3 4 5 6 7 8 10 11 12 13 14 15 16 17 18 19 20 21 22 23 24 25 26 27 28 29,c1ccc(C2CCNCC2COc2ccc3c(c2)OCO3)cc1,train,433.8880000000003,3.3922000000000025,0.747641680348449,30,57
subcategory_halogen-walk.F->Cl_95,CC(c1ccccc1)(c1ccccc1)n1cncn1,0,authentic,authentic,,,c1ccc(C(c2ccccc2)n2cncn2)cc1,train,249.31700000000004,3.089900000000001,0.7138208721919376,19,29
subcategory_halogen-walk.F->Cl_891,[2H]C1(C)Oc2ccc(OC[C@@H]3CNCC[C@H]3c3ccccc3Cl)cc2O1,1,halogen-walk,F->Cl,[2H]C1(C)Oc2ccc(OC[C@@H]3CNCC[C@H]3c3ccc(F)cc3)cc2O1,7,c1ccc([C@@H]2CCNC[C@H]2COc2ccc3c(c2)OCO3)cc1,train,360.859101778,4.229300000000003,0.8852963547410092,25,51
subcategory_halogen-walk.F->Cl_613,O=C(O)c1cc2c(c(C(=O)O)c1)NCCC2,0,authentic,authentic,,,c1ccc2c(c1)CCCN2,train,221.21199999999996,1.4411,0.7030168470790635,16,30
subcategory_halogen-walk.F->Cl_528,COc1cc(NC(=O)C2CC2)c(Cl)cc1C(=O)N[C@H]1CCN(Cc2ccccc2)C1,0,authentic,authentic,,,O=C(N[C@H]1CCN(Cc2ccccc2)C1)c1ccc(NC(=O)C2CC2)cc1,val,427.9320000000002,3.7014000000000022,0.7063753264192493,30,55
subcategory_halogen-walk.F->Cl_1145,Cc1nc(-c2cccc(Cl)c2)sc1COc1ccc(/C=C/C(=O)O)cc1,1,halogen-walk,F->Cl,Cc1nc(-c2cccc(C(F)(F)F)c2)sc1COc1ccc(/C=C/C(=O)O)cc1,8 9,c1ccc(OCc2cnc(-c3ccccc3)s2)cc1,train,385.872,5.448720000000003,0.5730475906591836,26,46
subcategory_halogen-walk.F->Cl_394,COC(=O)c1[nH]c(C(C)(C)C)cc1NC(=O)Nc1cccc2ccccc12,0,authentic,authentic,,,O=C(Nc1cc[nH]c1)Nc1cccc2ccccc12,train,365.4330000000001,4.8960000000000035,0.5775674830872115,27,48
subcategory_halogen-walk.F->Cl_298,CC(C)N(CCCN1CCC(c2noc3cc(F)ccc23)CC1)C(=O)c1ccccc1,0,authentic,authentic,,,O=C(NCCCN1CCC(c2noc3ccccc23)CC1)c1ccccc1,train,423.5320000000002,5.0872000000000055,0.5313055816429628,31,50
subcategory_halogen-walk.F->Cl_1308,CC(=O)OC(CCC1C(=O)N(c2cccc(Cl)c2)C1c1ccc(OS(=O)(=O)O)cc1)c1ccc(F)cc1,1,halogen-walk,F->Cl,CC(=O)OC(CCC1C(=O)N(c2ccc(F)cc2)C1c1ccc(OS(=O)(=O)O)cc1)c1ccc(F)cc1,10 11 12 13 14 15 16 17,O=C1C(CCCc2ccccc2)C(c2ccccc2)N1c1ccccc1,train,547.9880000000003,5.449400000000004,0.2153484160788318,37,68
subcategory_halogen-walk.F->Cl_839,CC(C)(C)Oc1ccc([C@@H]2[C@@H](CCC(O)c3ccc(F)cc3)C(=O)N2c2cccc(Cl)c2)cc1,1,halogen-walk,F->Cl,CC(C)(C)Oc1ccc([C@@H]2[C@@H](CCC(O)c3ccc(F)cc3)C(=O)N2c2ccc(F)cc2)cc1,6,O=C1[C@H](CCCc2ccccc2)[C@@H](c2ccccc2)N1c1ccccc1,train,481.9950000000001,6.874300000000007,0.3742635352581357,34,70
subcategory_halogen-walk.F->Cl_795,CC(=O)c1cccc(OCC(O)CNCc2cccc(C(F)(F)F)c2)c1,0,authentic,authentic,,,c1ccc(CNCCCOc2ccccc2)cc1,train,367.36699999999996,3.4375000000000018,0.7020813846016443,26,43
subcategory_halogen-walk.F->Cl_544,O=C1Nc2ccc([N+](=O)[O-])cc2C(c2ccc(F)cc2)=NC1F,0,authentic,authentic,,,O=C1CN=C(c2ccccc2)c2ccccc2N1,train,317.251,2.819000000000001,0.5248915234708803,23,46
subcategory_halogen-walk.F->Cl_1492,Cc1cc(N2CCc3c(C(N)=O)nn(-c4ccccc4Cl)c3C2=O)ccc1N1CCC1=O,1,halogen-walk,F->Cl,COc1ccc(-n2nc(C(N)=O)c3c2C(=O)N(c2ccc(N4CCC4=O)c(C)c2)CC3)cc1F,7,O=C1CCN1c1ccc(N2CCc3cnn(-c4ccccc4)c3C2=O)cc1,train,449.8980000000003,2.8726200000000013,0.6185089711056541,32,55
subcategory_halogen-walk.F->Cl_1047,O=C1Nc2ccc(Cl)cc2C(Cl)(C2CC2)O1,1,halogen-walk,F->Cl,O=C1Nc2ccc(Cl)cc2C(C2CC2)(C(F)(F)F)O1,10 11,O=C1Nc2ccccc2C(C2CC2)O1,test,258.104,3.7037000000000013,0.7796279355714748,16,31
subcategory_halogen-walk.F->Cl_970,CC1(C)Oc2ccc(Cl)cc2C(NC(=O)c2ccc(F)cc2)[C@@H]1O,1,halogen-walk,F->Cl,CC1(C)Oc2ccc(C(F)(F)F)cc2C(NC(=O)c2ccc(F)cc2)[C@@H]1O,0 1 2 3 4 5 6 8 9 10 11 12 13 14 15 16 17 18 19 20 21 22 23,O=C(NC1CCOc2ccccc21)c1ccccc1,test,349.78900000000004,3.482100000000002,0.8722817448171011,24,47
subcategory_halogen-walk.F->Cl_690,C[N+]1(CCCc2ccccc2)CCC(OC(=O)C(O)(c2cccs2)c2cccs2)C1.[Br-],0,authentic,authentic,,,O=C(OC1CC[NH+](CCCc2ccccc2)C1)C(c1cccs1)c1cccs1,val,522.5300000000001,1.4444000000000001,0.36009428713670144,31,58
subcategory_halogen-walk.F->Cl_683,Cc1cnc(C(=O)N(CCC(=O)NCCN(C)C)CCc2ccccc2)cn1,0,authentic,authentic,,,O=C(NCCc1ccccc1)c1cnccn1,val,383.4960000000001,1.53782,0.6732992316129718,28,44
subcategory_halogen-walk.F->Cl_713,CCOC(=O)C(CCc1ccccc1)NC(C)C(=O)N1[C@@H](C(=O)O)C[C@H]2CCCC[C@H]21,0,authentic,authentic,,,O=C(CNCCCc1ccccc1)N1CC[C@H]2CCCC[C@H]21,test,430.54500000000036,2.7733000000000008,0.5851031637925748,31,65
subcategory_halogen-walk.F->Cl_1312,COc1ccc(-n2nc(Cl)c3c2C(=O)N(c2ccc(C4(CCO)CC4)cc2)CC3)cc1,1,halogen-walk,F->Cl,COc1ccc(-n2nc(C(F)(F)F)c3c2C(=O)N(c2ccc(C4(CCO)CC4)cc2)CC3)cc1,0 1 2 3 4 5 6 7 9 10 11 12 13 14 15 16 17 18 19 20 21 22 23 24 25 26 27 28 29 30,O=C1c2c(cnn2-c2ccccc2)CCN1c1ccc(C2CC2)cc1,train,437.9270000000003,4.151200000000003,0.6286226477136907,31,56
subcategory_halogen-walk.F->Cl_662,CC(=O)O.OCCOCCN1CCN(C2=Nc3ccccc3Sc3ccccc32)CC1,0,authentic,authentic,,,c1ccc2c(c1)N=C(N1CCNCC1)c1ccccc1S2,train,443.56900000000013,2.946900000000002,0.6874162230540398,31,46
subcategory_halogen-walk.F->Cl_259,COc1cc2c(cc1OC1CCCC1)CC(CC1CCN(Cc3ccccc3)CC1)C2=O,0,authentic,authentic,,,O=C1c2ccc(OC3CCCC3)cc2CC1CC1CCN(Cc2ccccc2)CC1,test,433.5920000000002,5.673900000000006,0.5635837946968099,32,49
subcategory_halogen-walk.F->Cl_1257,Clc1ccccc1[C@H]1CCN(C2CCCC2)C[C@@H]1COc1ccc2c(c1)OCO2,1,halogen-walk,F->Cl,Cl.Fc1ccc([C@H]2CCN(C3CCCC3)C[C@@H]2COc2ccc3c(c2)OCO3)cc1,0 1 2 3 4 5 6 8 9 10 11 12 13 14 15 16 17 18 19 20 21 22 23 24 25 26 27 28,c1ccc([C@H]2CCN(C3CCCC3)C[C@@H]2COc2ccc3c(c2)OCO3)cc1,val,413.9450000000001,5.4958000000000045,0.6475197600903485,29,53
subcategory_halogen-walk.F->Cl_1416,O=c1oc2ncccc2n1CCN1CCN(c2ccccc2Cl)CC1,1,halogen-walk,F->Cl,O=c1oc2ncccc2n1CCN1CCN(c2ccc(F)cc2)CC1,0 1 2 3 4 5 6 7 8 9 10 11 12 13 14 16 17 18 19 20 21 22 23 24,O=c1oc2ncccc2n1CCN1CCN(c2ccccc2)CC1,train,358.82900000000006,2.4651000000000005,0.7167830001297876,25,37
subcategory_halogen-walk.F->Cl_1550,COc1ccc(Cl)cc1C(=O)N1CCN(S(=O)(=O)c2cccc(Cl)c2Cl)CC1,1,halogen-walk,F->Cl,COc1ccc(Cl)cc1C(=O)N1CCN(S(=O)(=O)c2ccc(F)c(F)c2F)CC1,0 1 2 3 4 5 6 7 8 9 10 11 12 13 14 16 17 18 19 20 21 22 23 24 25 26 27,O=C(c1ccccc1)N1CCN(S(=O)(=O)c2ccccc2)CC1,train,463.7700000000002,3.802100000000003,0.6915537812964434,28,52
subcategory_halogen-walk.F->Cl_1066,CNc1ncnc2c1ncn2Cc1ccccc1Cl,1,halogen-walk,F->Cl,CNc1ncnc2c1ncn2Cc1ccc(F)cc1,0 1 2 3 4 5 6 7 8 9 11 12 13 14 15 16 17,c1ccc(Cn2cnc3cncnc32)cc1,train,273.727,2.569700000000001,0.7968228205084763,19,26
subcategory_halogen-walk.F->Cl_917,Cc1c(CC(=O)O)c2cc3c(cc2n1C(=O)c1cccc(Cl)c1)OCO3,1,halogen-walk,F->Cl,Cc1c(CC(=O)O)c2cc3c(cc2n1C(=O)c1ccc(F)cc1)OCO3,14 16 17 18 19 20 21 22,O=C(c1ccccc1)n1ccc2cc3c(cc21)OCO3,train,371.77600000000007,3.647420000000001,0.7599987546582939,26,47
subcategory_halogen-walk.F->Cl_440,COc1cc2c(cc1OC)C(=O)[C@@H]([C@H](O)C1CC[N+](C)(Cc3ccccc3)CC1)C2,0,authentic,authentic,,,O=C1c2ccccc2C[C@@H]1CC1CC[NH+](Cc2ccccc2)CC1,train,410.5340000000002,3.4765000000000024,0.7411572478419899,30,63
subcategory_halogen-walk.F->Cl_737,CCCCCN1C(=O)C2CC(c3ccc(N)cc3)(C2)C1=O,0,authentic,authentic,,,O=C1NC(=O)C2(c3ccccc3)CC1C2,val,286.37500000000006,2.475600000000001,0.513609913394111,21,37
subcategory_halogen-walk.F->Cl_472,COc1ccc2c(c1)c(CC(=O)NCC(=O)O)c(C)n2C(=O)c1ccc(Cl)cc1,0,authentic,authentic,,,O=C(c1ccccc1)n1ccc2ccccc21,train,414.84500000000014,3.043520000000001,0.6456935414809023,29,53
subcategory_halogen-walk.F->Cl_127,CC12C=CC(=O)C=C1C(F)CC1C3CCC(O)(C(=O)CO)C3(C)CC(O)C12F,0,authentic,authentic,,,O=C1C=CC2C(=C1)CCC1C3CCCC3CCC21,train,396.4300000000001,1.5977,0.6591418365408505,28,54
subcategory_halogen-walk.F->Cl_333,O=c1ccc2ccc(OCCCCN3CCN(c4cccc(Cl)c4)CC3)cc2[nH]1,0,authentic,authentic,,,O=c1ccc2ccc(OCCCCN3CCN(c4ccccc4)CC3)cc2[nH]1,train,411.93300000000005,4.162700000000003,0.5928230897192514,29,48
subcategory_halogen-walk.F->Cl_673,O=C1NC(c2cc(Br)co2)Nc2ncccc21,0,authentic,authentic,,,O=C1NC(c2ccco2)Nc2ncccc21,train,294.108,2.2912,0.8465265723604815,17,29
subcategory_halogen-walk.F->Cl_499,CCC(C)C(N)C(=O)N1CCC[C@H]1C#N,0,authentic,authentic,,,C1CCNC1,train,209.29299999999995,0.8743799999999998,0.7495477539796327,15,29
subcategory_halogen-walk.F->Cl_534,C=C(c1cc(Cl)ccc1OCCC(C)C)n1cncn1,0,authentic,authentic,,,C=C(c1ccccc1)n1cncn1,train,291.782,3.8754000000000026,0.8107928485552044,20,32
subcategory_halogen-walk.F->Cl_986,O=C(Cc1cc(Cl)cc(C(F)(F)F)c1)NCC(c1ccccc1Br)N1CCC(N2CCCCC2)CC1,1,halogen-walk,F->Cl,O=C(Cc1cc(C(F)(F)F)cc(C(F)(F)F)c1)NCC(c1ccccc1Br)N1CCC(N2CCCCC2)CC1,1,O=C(Cc1ccccc1)NCC(c1ccccc1)N1CCC(N2CCCCC2)CC1,train,586.9239999999998,6.471600000000007,0.40394471903981466,36,61
subcategory_halogen-walk.F->Cl_1420,Cc1ccc2nc(C(C)C)c(/C=C/C(O)CC(O)CC(=O)O)c(-c3cccc(Cl)c3)c2c1,1,halogen-walk,F->Cl,Cc1ccc2nc(C(C)C)c(/C=C/C(O)CC(O)CC(=O)O)c(-c3ccc(F)cc3)c2c1,0 1 2 3 4 5 6 7 8 9 10 11 12 13 14 15 16 17 18 19 20 21 23 24 25 26 27 28 29 30 31,c1ccc(-c2ccnc3ccccc23)cc1,train,453.9660000000002,5.586820000000006,0.4134303947430016,32,60
subcategory_halogen-walk.F->Cl_1318,OC(Cn1cncn1)(c1ccc(F)cc1)c1cccc(Cl)c1,1,halogen-walk,F->Cl,OC(Cn1cncn1)(c1ccc(F)cc1)c1ccc(F)cc1,0 2 3 4 5 6 7 8 9 10 11 12 13 14 15 16 17 18 19 20,c1ccc(C(Cn2cncn2)c2ccccc2)cc1,train,317.751,3.0067000000000013,0.80449888055255,22,37
subcategory_halogen-walk.F->Cl_818,COc1ccnc(CS(=O)c2nc3c(C)c(OCl)c(C)c(C)c3[nH]2)c1,1,halogen-walk,F->Cl,COc1ccnc(CS(=O)c2nc3c(C)c(OC(F)F)c(C)c(C)c3[nH]2)c1,0 1 2 3 4 5 6 7 8 9 10 11 12 13 14 15 17 18 19 20 21 22 23 24,O=S(Cc1ccccn1)c1nc2ccccc2[nH]1,train,379.8690000000001,3.732160000000002,0.7303650212365532,25,48
subcategory_halogen-walk.F->Cl_229,CNCCC12c3c4ccc(OC)c3OC1C(O)C=C[C@H]2C=C4,0,authentic,authentic,,,C1=C[C@H]2C=Cc3cccc4c3C2C(C1)O4,train,299.37,1.8771999999999998,0.833595167629377,22,40
subcategory_halogen-walk.F->Cl_407,C=CCc1cc(C(=O)c2ccccc2)ccc1OC(=O)C(C)(C)C,0,authentic,authentic,,,O=C(c1ccccc1)c1ccccc1,val,322.4040000000001,4.5976000000000035,0.3496550168356382,24,41
subcategory_halogen-walk.F->Cl_401,O=C1OC(O)(C(F)(F)F)c2cc(Cl)ccc2N1C#CC1CC1,0,authentic,authentic,,,O=C1OCc2ccccc2N1C#CC1CC1,train,331.67700000000013,3.374900000000001,0.7414983616376698,22,41
subcategory_halogen-walk.F->Cl_1147,C[C@H](Nc1nc(Cl)nc2ccccc12)c1ccccc1,1,halogen-walk,F->Cl,C[C@H](Nc1nc(C(F)(F)F)nc2ccccc12)c1ccccc1,0 1 2 3 4 6 7 8 9 10 11 12 13 14 15 16 17 18 19,c1ccc(CNc2ncnc3ccccc23)cc1,train,283.762,4.456300000000003,0.7214334091104991,20,35
subcategory_halogen-walk.F->Cl_537,CCCCc1oc2ccccc2c1C(=O)c1ccc(OCCNCC(C)(C)C)cc1,0,authentic,authentic,,,O=C(c1ccccc1)c1coc2ccccc12,train,407.5540000000002,6.020900000000006,0.32968556183586023,30,45
subcategory_halogen-walk.F->Cl_736,NC(=O)CS(=O)(=O)c1ccccc1Cc1ccccc1,0,authentic,authentic,,,c1ccc(Cc2ccccc2)cc1,train,289.356,1.5363999999999995,0.9065606209983972,20,33
subcategory_halogen-walk.F->Cl_1575,Cc1ccc2nc(C(C)C)c(C=CC(O)CC(O)CC(=O)O)c(-c3ccccc3Cl)c2c1,1,halogen-walk,F->Cl,Cc1ccc2nc(C(C)C)c(C=CC(O)CC(O)CC(=O)O)c(-c3ccc(F)cc3)c2c1,0 1 2 3 4 5 6 7 8 9 10 11 12 13 14 15 16 17 18 19 20 21 23 24 25 26 27 28 29 30 31,c1ccc(-c2ccnc3ccccc23)cc1,train,453.9660000000002,5.586820000000006,0.4134303947430016,32,56
subcategory_halogen-walk.F->Cl_1585,CC(n1cncn1)C(O)(Cn1cncn1)c1ccc(Cl)cc1,1,halogen-walk,F->Cl,CC(n1cncn1)C(O)(Cn1cncn1)c1ccc(C(F)(F)F)cc1,1,c1ccc(C(Cn2cncn2)Cn2cncn2)cc1,train,318.76800000000003,1.6719999999999995,0.7735936421943949,22,37
subcategory_halogen-walk.F->Cl_718,NS(=O)(=O)c1cccc(NS(=O)(=O)c2ccc(NS(=O)(=O)C(F)(F)C(F)(F)C(F)(F)C(F)(F)F)cc2)c1,0,authentic,authentic,,,O=S(=O)(Nc1ccccc1)c1ccccc1,train,609.4700000000003,3.302200000000001,0.371288791010288,37,79
subcategory_halogen-walk.F->Cl_1402,CC(C)n1c(C=C[C@H](O)C[C@H](O)CC(=O)OC(C)(C)C)c(-c2cccc(Cl)c2)c2ccccc21,1,halogen-walk,F->Cl,CC(C)n1c(C=C[C@H](O)C[C@H](O)CC(=O)OC(C)(C)C)c(-c2ccc(F)cc2)c2ccccc21,6,c1ccc(-c2c[nH]c3ccccc23)cc1,train,484.0360000000002,6.399500000000007,0.3634860445741986,34,70
subcategory_halogen-walk.F->Cl_599,COc1ccc2c(c1)c(CC(=O)NC(CO)C(=O)O)c(C)n2C(=O)c1ccc(Cl)cc1,0,authentic,authentic,,,O=C(c1ccccc1)n1ccc2ccccc21,train,444.8710000000001,2.40442,0.5147370600851,31,57
subcategory_halogen-walk.F->Cl_1091,Cc1c(-c2ccccc2Cl)c(CC[C@@H](O)C[C@@H](O)CC(=O)[O-])c(C(C)C)n1-c1ccccc1,1,halogen-walk,F->Cl,Cc1c(-c2ccc(F)cc2)c(CC[C@@H](O)C[C@@H](O)CC(=O)[O-])c(C(C)C)n1-c1ccccc1,7,c1ccc(-c2ccn(-c3ccccc3)c2)cc1,train,469.00100000000015,4.414020000000004,0.4610582516136077,33,70
subcategory_halogen-walk.F->Cl_1180,CCC(O)(Cn1cncn1)c1cccc(Cl)c1,1,halogen-walk,F->Cl,CCC(O)(Cn1cncn1)c1ccc(F)c(C(N)=S)c1F,6,c1ccc(CCn2cncn2)cc1,train,251.717,2.2293000000000003,0.9066924588213423,17,28
subcategory_halogen-walk.F->Cl_0,COc1c(C)c2c(c(O)c1C/C=C(\C)CN(C)CCP(=O)(O)O)C(=O)OC2,0,authentic,authentic,,,O=C1OCc2ccccc21,train,399.3800000000001,1.9779199999999997,0.3451978633991641,27,52
subcategory_halogen-walk.F->Cl_864,CCOC(=O)C[C@@H](O)C[C@@H](O)/C=C/c1c(-c2cccc(Cl)c2)c2ccccc2n1C(C)C,1,halogen-walk,F->Cl,CCOC(=O)C[C@@H](O)C[C@@H](O)/C=C/c1c(-c2ccc(F)cc2)c2ccccc2n1C(C)C,0 1 2 3 4 5 6 7 8 9 10 11 12 13 15 16 17 18 19 20 21 22 23 24 25 26 27 28 29 30 31,c1ccc(-c2c[nH]c3ccccc23)cc1,train,455.98200000000014,5.620900000000004,0.41052947889588365,32,66
subcategory_halogen-walk.F->Cl_1444,Cc1c(C(=O)c2cccc(Cl)c2)c2ccccc2n1CCN1CCOCC1,1,halogen-walk,F->Cl,Cc1c(C(=O)c2ccc(F)cc2)c2ccccc2n1CCN1CCOCC1,0 1 2 4 5 6 7 8 9 10 11 12 13 14 15 16 17 18 19 20 21 22 23 24 25 26,O=C(c1ccccc1)c1cn(CCN2CCOCC2)c2ccccc12,train,382.89100000000025,4.166320000000004,0.6210838406631038,27,43
subcategory_halogen-walk.F->Cl_814,CC(C)c1cc(-c2ccc(F)cc2)c(-c2cccc(Cl)c2Cl)n1CC[C@@H](O)C[C@@H](O)CC(=O)O,1,halogen-walk,F->Cl,CC(C)c1cc(-c2ccc(F)cc2)c(-c2ccc(F)cc2)n1CC[C@@H](O)C[C@@H](O)CC(=O)O,13 14 15 16 17 18 19 20 21,c1ccc(-c2cc[nH]c2-c2ccccc2)cc1,train,508.4170000000003,6.368100000000007,0.2973956130839938,34,71
subcategory_halogen-walk.F->Cl_568,CCC1(c2ccccc2)OC(=O)N(C)C1=O,0,authentic,authentic,,,O=C1NC(=O)C(c2ccccc2)O1,train,219.23999999999992,1.9005,0.762770761390164,16,28
subcategory_halogen-walk.F->Cl_766,O=C(Nc1ccccc1)Nc1ccccc1O,0,authentic,authentic,,,O=C(Nc1ccccc1)Nc1ccccc1,train,228.25099999999998,3.0362000000000013,0.6916745115177311,17,24
subcategory_halogen-walk.F->Cl_1025,OCCCN1CC[C@@H](c2ccccc2Cl)[C@H](COc2ccc3c(c2)OCO3)C1,1,halogen-walk,F->Cl,OCCCN1CC[C@@H](c2ccc(F)cc2)[C@H](COc2ccc3c(c2)OCO3)C1,7,c1ccc([C@@H]2CCNC[C@H]2COc2ccc3c(c2)OCO3)cc1,train,403.90600000000023,3.9356000000000027,0.7585149940281725,28,52
subcategory_halogen-walk.F->Cl_803,CCCCCCN1CC[C@H](c2ccccc2Cl)[C@@H](COc2ccc3c(c2)OCO3)C1,1,halogen-walk,F->Cl,CCCCCCN1CC[C@H](c2ccc(F)cc2)[C@@H](COc2ccc3c(c2)OCO3)C1.Cl,9 10 11 12 13 14 15 16,c1ccc([C@H]2CCNC[C@@H]2COc2ccc3c(c2)OCO3)cc1,train,429.98800000000034,6.133500000000007,0.4481759866737268,30,54
subcategory_halogen-walk.F->Cl_178,CCOC(=O)[C@H](CCc1ccccc1)N[C@@H](C)C(=O)N1[C@H](C(=O)OC(CO)CO)C[C@@H]2CCC[C@@H]21,0,authentic,authentic,,,O=C(CNCCCc1ccccc1)N1CC[C@@H]2CCC[C@@H]21,train,490.59700000000043,1.195000000000001,0.37336272383870744,35,81
subcategory_halogen-walk.F->Cl_629,C(=N/Nc1nnc(N/N=C/c2cccc3ccccc23)c2ccccc12)/c1cccc2ccccc12,0,authentic,authentic,,,C(=N/Nc1nnc(N/N=C/c2cccc3ccccc23)c2ccccc12)/c1cccc2ccccc12,val,466.54800000000023,6.828200000000005,0.2084171648338977,36,58
subcategory_halogen-walk.F->Cl_1549,[3H]C([3H])([3H])N(C)CCCC1(c2cccc(Cl)c2)OCc2cc(C#N)ccc21,1,halogen-walk,F->Cl,[3H]C([3H])([3H])N(C)CCCC1(c2ccc(F)cc2)OCc2cc(C#N)ccc21,9 10 11 12 13 14 15 16,c1ccc(C2OCc3ccccc32)cc1,train,346.8781478340001,4.327280000000003,0.8081631900434391,24,56
subcategory_halogen-walk.F->Cl_1544,C[C@H]([C@](O)(Cn1cncn1)c1cccc(Cl)c1)S(=O)(=O)N(C)C,1,halogen-walk,F->Cl,C[C@H]([C@](O)(Cn1cncn1)c1ccc(F)cc1F)S(=O)(=O)N(C)C,0 1 3 4 5 6 7 8 9 10 11 12 13 14 15 16 17 18 19 20 21 22,c1ccc(CCn2cncn2)cc1,train,358.8510000000001,1.0992000000000002,0.834905465266022,23,51
subcategory_halogen-walk.F->Cl_659,Nc1nc2ccnc(-c3cc(C(F)(F)F)cc(C(F)(F)F)c3)n2n1,0,authentic,authentic,,,c1ccc(-c2nccc3ncnn23)cc1,val,347.2219999999999,3.4111000000000002,0.6851653248523137,24,45
subcategory_halogen-walk.F->Cl_714,COC(=O)NCCN1CCC(c2noc3cc(F)ccc23)CC1,0,authentic,authentic,,,c1ccc2c(C3CCNCC3)noc2c1,train,321.3520000000001,2.502300000000001,0.9369507817884828,23,36
subcategory_halogen-walk.F->Cl_1505,CC(C)(C)Oc1ccc([C@@H]2[C@@H](CCC(O)c3ccccc3Cl)C(=O)N2c2ccc(F)cc2)cc1,1,halogen-walk,F->Cl,CC(C)(C)Oc1ccc([C@@H]2[C@@H](CCC(O)c3ccc(F)cc3)C(=O)N2c2ccc(F)cc2)cc1,7,O=C1[C@H](CCCc2ccccc2)[C@@H](c2ccccc2)N1c1ccccc1,train,481.9950000000002,6.874300000000007,0.37426353525813577,34,68
subcategory_halogen-walk.F->Cl_1192,N#Cc1ccc2c(c1)C(CCCI)OC2c1ccccc1Cl,1,halogen-walk,F->Cl,N#Cc1ccc2c(c1)C(CCCI)OC2c1ccc(F)cc1,14 15 16 17 18 19 20 21,c1ccc(C2OCc3ccccc32)cc1,train,423.68100000000004,5.5875800000000035,0.4744221984794996,22,34
subcategory_halogen-walk.F->Cl_1271,O=c1cc(C2CNCCO2)oc2c(-c3cccc(Cl)c3)cccc12,1,halogen-walk,F->Cl,O=c1cc(C2CNCCO2)oc2c(-c3ccc(F)cc3)cccc12,12 13 14 15 16 17 18 19,O=c1cc(C2CNCCO2)oc2c(-c3ccccc3)cccc12,train,341.79400000000004,3.774300000000002,0.7704730783239994,24,41
subcategory_halogen-walk.F->Cl_1306,O=C1[C@@H](CCC(O)c2cccc(Cl)c2)[C@@H](c2ccc(O)cc2)N1c1ccc(F)cc1,1,halogen-walk,F->Cl,O=C1[C@@H](CCC(O)c2ccc(F)cc2)[C@@H](c2ccc(O)cc2)N1c1ccc(F)cc1,5 7 8 9 10 11 12 13,O=C1[C@@H](CCCc2ccccc2)[C@@H](c2ccccc2)N1c1ccccc1,train,425.8870000000001,5.402600000000005,0.5194519376572729,30,62
subcategory_halogen-walk.F->Cl_239,N[C@H](C=O)Cc1ccc(OC(=O)[C@@H](N)Cc2ccc(O)cc2)cc1,0,authentic,authentic,,,O=C(CCc1ccccc1)Oc1ccccc1,val,328.368,0.9362999999999992,0.39559463186931604,24,49
subcategory_halogen-walk.F->Cl_1108,CN(C)CCCC(O)c1ccc2c(c1)COC2(CCCN(C)C)c1ccccc1Cl,1,halogen-walk,F->Cl,CN(C)CCCC(O)c1ccc2c(c1)COC2(CCCN(C)C)c1ccc(F)cc1,0 1 2 3 4 5 6 7 8 9 10 11 12 13 14 15 17 18 19 20 21 22 23 24 25 26 27 28,c1ccc(C2OCc3ccccc32)cc1,train,431.0200000000002,4.830800000000005,0.5851546987755323,30,47
subcategory_halogen-walk.F->Cl_55,O=C1NC(=O)C(CC#Cc2ccc(F)cc2)(S(=O)(=O)c2ccccn2)S1,0,authentic,authentic,,,O=C1NC(=O)C(CC#Cc2ccccc2)(S(=O)(=O)c2ccccn2)S1,train,390.4170000000001,2.1155,0.8072417431039813,26,49
subcategory_halogen-walk.F->Cl_221,C[C@]12CCC(=O)C=C1CC[C@@H]1C2=CC[C@@]2(C)[C@H]1CC[C@]2(O)C(=O)CO,0,authentic,authentic,,,O=C1C=C2CC[C@@H]3C(=CCC4CCC[C@H]43)C2CC1,val,344.4510000000001,2.7309000000000014,0.7555012449564708,25,64
subcategory_halogen-walk.F->Cl_548,CCCCCCCC(O)(c1ccc(OCC)cc1)C(CN1CCCCC1)c1ccccc1.Cl,0,authentic,authentic,,,c1ccc(CC(CN2CCCCC2)c2ccccc2)cc1,train,474.1290000000003,7.32490000000001,0.3089973281053848,33,49
subcategory_halogen-walk.F->Cl_1283,O=C(NC[C@@H](NC1CCC1)C(=O)Nc1ccccc1Cl)c1ccc(Cl)s1,1,halogen-walk,F->Cl,O=C(NC[C@@H](NC1CCC1)C(=O)Nc1ccc(N2CCOCC2=O)c(F)c1)c1ccc(Cl)s1,12 13 14 15 16 17 18 19,O=C(NC[C@@H](NC1CCC1)C(=O)Nc1ccc(N2CCOCC2=O)cc1)c1cccs1,train,412.3420000000001,3.9341000000000017,0.6454991442858228,26,49
subcategory_halogen-walk.F->Cl_1460,CCON1C(=O)NC(Cl)(c2cc(F)ccc2C)C1=O,1,halogen-walk,F->Cl,CCON1C(=O)NC(c2cc(F)ccc2C)(C(F)(F)F)C1=O,7 8,O=C1NC(=O)C(c2ccccc2)N1,train,286.69,2.02902,0.5253603817902881,19,34
subcategory_halogen-walk.F->Cl_1031,CN(C(c1ccc(F)cc1)c1ccccc1Cl)n1cncn1,1,halogen-walk,F->Cl,CN(C(c1ccc(F)cc1)c1cccc(F)c1)n1cncn1,7,c1ccc(C(Nn2cncn2)c2ccccc2)cc1,train,316.767,3.4280000000000017,0.7392693343877432,22,35
subcategory_halogen-walk.F->Cl_1383,O=C(Nc1cc[nH]c(=O)c1)c1ccc(Cl)cc1OC1CC=CC1,1,halogen-walk,F->Cl,O=C(Nc1cc[nH]c(=O)c1)c1ccc(C(F)(F)F)cc1OC1CC=CC1,13 14,O=C(Nc1cc[nH]c(=O)c1)c1ccccc1OC1CC=CC1,train,330.77100000000013,3.378000000000002,0.8441563238272507,23,42
subcategory_halogen-walk.F->Cl_779,COc1cc2c(cc1OC)C(=O)C(Oc1cccc(C(C)N3CCN(C)CC3)c1)C2,0,authentic,authentic,,,O=C1c2ccccc2CC1Oc1cccc(CN2CCNCC2)c1,train,410.5140000000003,3.1986000000000017,0.7290754339966442,30,51
subcategory_halogen-walk.F->Cl_1551,CC(C)C=CN1CC[C@@H](c2cccc(Cl)c2)[C@H](COc2ccc3c(c2)OCO3)C1,1,halogen-walk,F->Cl,CC(C)C=CN1CC[C@@H](c2ccc(F)cc2)[C@H](COc2ccc3c(c2)OCO3)C1,8 9 10 11 12 13 14 15,c1ccc([C@@H]2CCNC[C@H]2COc2ccc3c(c2)OCO3)cc1,train,413.9450000000003,5.722900000000006,0.6052900022489424,29,58
subcategory_halogen-walk.F->Cl_598,CNCCC(Oc1ccc(C(F)(F)F)c(Cl)c1)c1ccccc1,0,authentic,authentic,,,c1ccc(COc2ccccc2)cc1,train,343.77599999999995,5.088400000000004,0.7885815247857991,23,38
subcategory_halogen-walk.F->Cl_664,CCCN(C)CCCOc1ccc(-c2cc3ccc(OCCCN(C)CCC)cc3o2)cc1,0,authentic,authentic,,,c1ccc(-c2cc3ccccc3o2)cc1,val,452.63900000000035,6.321200000000007,0.2522584278068896,33,48
subcategory_halogen-walk.F->Cl_1015,COc1ccc(/C=C(/C)C(O)(c2cccc(Cl)c2)C(C)CN(C)C)cc1,1,halogen-walk,F->Cl,COc1ccc(/C=C(/C)C(O)(c2ccc(F)cc2)C(C)CN(C)C)cc1,6,C(=Cc1ccccc1)Cc1ccccc1,train,373.92400000000015,4.837400000000005,0.7534691483863641,26,48
subcategory_halogen-walk.F->Cl_1310,COC1CC(=O)OC(/C=C/c2c(-c3ccccc3Cl)c3ccccc3n2C(C)C)C1,1,halogen-walk,F->Cl,COC1CC(=O)OC(/C=C/c2c(-c3ccc(F)cc3)c3ccccc3n2C(C)C)C1,0 1 2 3 4 5 6 7 8 9 10 12 13 14 15 16 17 18 19 20 21 22 23 24 25 26 27 28 29,O=C1CCCC(/C=C/c2[nH]c3ccccc3c2-c2ccccc2)O1,train,423.94000000000017,6.276400000000006,0.45342087769942585,30,52
subcategory_halogen-walk.F->Cl_1502,CC(C)n1c(/C=C/C(O)CC(O)CC(=O)O)c(-c2ccccc2Cl)c2ccccc21,1,halogen-walk,F->Cl,Cc1cc(F)ccc1-c1c(/C=C/C(O)CC(O)CC(=O)O)n(C(C)C)c2ccccc12,16 17 18 19 20 21 22 23,c1ccc(-c2c[nH]c3ccccc23)cc1,train,427.928,5.142400000000004,0.464328303597367,30,54
subcategory_halogen-walk.F->Cl_214,COc1ccccc1CC[S+](C)CCC(N)C(=O)O,0,authentic,authentic,,,c1ccccc1,train,284.40099999999995,1.2878,0.7055641372962445,19,31
subcategory_halogen-walk.F->Cl_400,COc1ccc2nc(S(=O)Cc3nccc(N4CCCCC4)c3Br)[nH]c2c1,0,authentic,authentic,,,O=S(Cc1cc(N2CCCCC2)ccn1)c1nc2ccccc2[nH]1,train,449.37400000000025,4.027100000000003,0.6371884932005112,27,46
subcategory_halogen-walk.F->Cl_105,COc1cc2c(c(OC(C)=O)c1OC)-c1ccc(SC)c(=O)cc1[C@@H](NC(C)=O)CC2,0,authentic,authentic,,,O=c1cccc2c(c1)CCCc1ccccc1-2,train,443.52100000000024,3.5016000000000016,0.42960992547303617,31,60
subcategory_halogen-walk.F->Cl_1589,CC(C)n1c(/C=C/C[C@@H](O)C[C@@H](O)CC(=O)O)c(-c2ccccc2Cl)c2ccccc21,1,halogen-walk,F->Cl,CC(C)n1c(/C=C/C[C@@H](O)C[C@@H](O)CC(=O)O)c(-c2ccc(F)cc2)c2ccccc21,7,c1ccc(-c2c[nH]c3ccccc23)cc1,train,441.95500000000004,5.532500000000005,0.4072260008359877,31,65
subcategory_halogen-walk.F->Cl_1421,Fc1ccc(C(CC2CNC2)Oc2ccccc2Cl)cc1F,1,halogen-walk,F->Cl,Fc1ccc(OC(CC2CNC2)c2ccc(F)c(F)c2)cc1,7,c1ccc(OC(CC2CNC2)c2ccccc2)cc1,train,323.77,4.347800000000003,0.8830544231709415,22,33
subcategory_halogen-walk.F->Cl_1040,COc1ccc(-n2nc(Cl)c3c2C(=O)N(c2ccc(C(=O)N(C)C)cc2)CC3)c(C(=O)N2CCN(CC(=O)N3CCCC3)CC2)c1,1,halogen-walk,F->Cl,COc1ccc(-n2nc(C(F)(F)F)c3c2C(=O)N(c2ccc(C(=O)N(C)C)cc2)CC3)c(C(=O)N2CCN(CC(=O)N3CCCC3)CC2)c1,0 1 2 3 4 5 6 7 9 10 11 12 13 14 15 16 17 18 19 20 21 22 23 24 25 26 27 28 29 30 31 32 33 34 35 36 37 38 39 40 41 42 43 44 45,O=C(CN1CCN(C(=O)c2ccccc2-n2ncc3c2C(=O)N(c2ccccc2)CC3)CC1)N1CCCC1,test,648.164,2.8192000000000004,0.3878555153956043,46,86
subcategory_halogen-walk.F->Cl_785,O=S1(=O)c2ccccc2N=C(N2CC[N+]([O-])(CCOCCO)CC2)c2ccccc21,0,authentic,authentic,,,O=S1(=O)c2ccccc2N=C(N2CC[NH2+]CC2)c2ccccc21,train,431.51400000000024,1.5501999999999996,0.43783638801424246,30,55
subcategory_halogen-walk.F->Cl_700,COc1cccc(Cn2cnc3c(N(C)C)ncnc32)c1,0,authentic,authentic,,,c1ccc(Cn2cnc3cncnc32)cc1,train,283.33500000000004,1.9491999999999998,0.7322379808800302,21,33
subcategory_halogen-walk.F->Cl_1535,Fc1ccc(C(CC2CNC2)Oc2cccc(Cl)c2)cc1F,1,halogen-walk,F->Cl,Fc1ccc(OC(CC2CNC2)c2ccc(F)c(F)c2)cc1,6,c1ccc(OC(CC2CNC2)c2ccccc2)cc1,train,323.77,4.347800000000003,0.8830544231709415,22,35
subcategory_halogen-walk.F->Cl_1228,O=C1C(CCC(O)c2ccc(F)cc2)[C@H](c2ccc(O)cc2)N1c1cccc(Cl)c1,1,halogen-walk,F->Cl,O=C1C(CCC(O)c2ccc(F)cc2)[C@H](c2ccc(O)cc2)N1c1ccc(F)cc1,0 1 2 3 4 5 6 7 8 9 10 11 12 13 14 15 16 17 18 19 20 21 23 24 25 26 27 28,O=C1C(CCCc2ccccc2)[C@H](c2ccccc2)N1c1ccccc1,train,425.88700000000006,5.402600000000005,0.519451937657273,30,56
subcategory_halogen-walk.F->Cl_334,O=C(NCC1NCCc2ccccc21)c1cc(OCC(F)(F)F)ccc1OCC(F)(F)F,0,authentic,authentic,,,O=C(NCC1NCCc2ccccc21)c1ccccc1,train,462.3900000000001,4.185600000000003,0.6064891287315797,32,51
subcategory_halogen-walk.F->Cl_303,COc1cc2c(c(OC)c1OC)-c1ccc(OC)c(=O)cc1[C@@H](NC(=O)CCCC(=O)NO)CC2,0,authentic,authentic,,,O=c1cccc2c(c1)CCCc1ccccc1-2,train,486.52100000000036,2.5274,0.363904303833189,35,64
subcategory_halogen-walk.F->Cl_364,CCN1C[C@@H]([C@H](O)[C@H](CC2CCCCC2)NC(=O)[C@H](Cc2cccs2)NC(=O)[C@@H](CC(=O)N2CCOCC2)Cc2ccccc2)OC1=O,0,authentic,authentic,,,O=C1NC[C@@H](C[C@H](CC2CCCCC2)NC(=O)[C@H](Cc2cccs2)NC(=O)[C@@H](CC(=O)N2CCOCC2)Cc2ccccc2)O1,test,682.884,3.5400000000000027,0.2615062360709971,48,100
subcategory_halogen-walk.F->Cl_366,CC(C)n1c(C=C[C@H](O)C[C@H](O)CC(=O)N[C@@H](C)C(=O)O)c(-c2ccc(F)cc2)c2ccccc21,0,authentic,authentic,,,c1ccc(-c2c[nH]c3ccccc23)cc1,train,482.55200000000013,4.132800000000002,0.34718602842346286,35,76
subcategory_halogen-walk.F->Cl_340,O=C(NC1c2ccccc2C[C@H]1O)[C@H](Cc1ccccc1)C[C@H](O)CN1C(=O)[C@@H](Cc2ccccc2)CC1Cc1ccccc1,0,authentic,authentic,,,O=C(NC1CCc2ccccc21)[C@@H](CCCN1C(=O)[C@@H](Cc2ccccc2)CC1Cc1ccccc1)Cc1ccccc1,val,602.7750000000002,5.073300000000005,0.21125855804460203,45,86
subcategory_halogen-walk.F->Cl_215,Oc1ccc(C(F)(F)F)cc1C(O)CN1CCNCC1,0,authentic,authentic,,,c1ccc(CCN2CCNCC2)cc1,val,290.285,1.3496000000000001,0.7863789483343159,20,32
subcategory_halogen-walk.F->Cl_142,O=C(CC1CCCC1)N1CCN(Cc2noc3ccccc23)CC1,0,authentic,authentic,,,O=C(CC1CCCC1)N1CCN(Cc2noc3ccccc23)CC1,val,327.4280000000001,3.0523000000000016,0.8658805594287893,24,37
subcategory_halogen-walk.F->Cl_1083,COc1ccc(-n2nc(Cl)c3c2C(=O)N(c2ccc(C4(C(N)=O)CC4)cc2)CC3)cc1,1,halogen-walk,F->Cl,COc1ccc(-n2nc(C(F)(F)F)c3c2C(=O)N(c2ccc(C4(C(N)=O)CC4)cc2)CC3)cc1,0 1 2 3 4 5 6 7 9 10 11 12 13 14 15 16 17 18 19 20 21 22 23 24 25 26 27 28 29 30,O=C1c2c(cnn2-c2ccccc2)CCN1c1ccc(C2CC2)cc1,train,436.8990000000003,3.254100000000002,0.6642521189566256,31,59
subcategory_halogen-walk.F->Cl_1319,COc1ccc(Cl)cc1C(=O)N1CCN(S(=O)(=O)c2ccccc2Cl)CC1,1,halogen-walk,F->Cl,COc1ccc(Cl)cc1C(=O)N1CCN(S(=O)(=O)c2ccccc2C(F)(F)F)CC1,23 24,O=C(c1ccccc1)N1CCN(S(=O)(=O)c2ccccc2)CC1,train,429.32500000000016,3.1487000000000016,0.7492502188380387,27,48
subcategory_halogen-walk.F->Cl_186,CCCc1nn(C)c2c(=O)[nH]c(-c3cc(S(=O)(=O)Cl)cc4c3O[C@H](C)C4)nc12,0,authentic,authentic,,,O=c1[nH]c(-c2cccc3c2OCC3)nc2cn[nH]c12,val,422.8940000000002,2.527,0.6471879813272582,28,62
subcategory_halogen-walk.F->Cl_569,COc1cc(N)c(Cl)cc1C(=O)NCCCC1CN(Cc2ccccc2)CCO1.O=C(O)C(=O)O,0,authentic,authentic,,,O=C(NCCCC1CN(Cc2ccccc2)CCO1)c1ccccc1,train,507.97100000000034,2.4974,0.23968686078326681,35,58
subcategory_halogen-walk.F->Cl_1237,O[C@@](Cn1cncn1)(c1ccccc1F)c1ccccc1Cl,1,halogen-walk,F->Cl,O[C@](Cn1cncn1)(c1ccc(F)cc1)c1ccccc1F,0 2 3 4 5 6 7 8 9 10 11 12 13 14 15 16 17 18 19 20,c1ccc(C(Cn2cncn2)c2ccccc2)cc1,train,317.751,3.006700000000002,0.80449888055255,22,37
subcategory_halogen-walk.F->Cl_497,Nc1nc(N)c2cc(NC(=O)Cc3ccc4ccccc4c3)ccc2n1,0,authentic,authentic,,,O=C(Cc1ccc2ccccc2c1)Nc1ccc2ncncc2c1,test,343.39000000000004,3.1286000000000014,0.5296393472565768,26,41
subcategory_halogen-walk.F->Cl_1542,OC[C@](O)(Cn1cncn1)c1ccccc1Cl,1,halogen-walk,F->Cl,OC[C@](O)(Cn1cncn1)c1ccc(F)cc1F,0 1 3 4 5 6 7 8 9 10 11 12 13 14 15,c1ccc(CCn2cncn2)cc1,train,253.68900000000002,0.8115999999999994,0.8460731580881753,17,29
subcategory_halogen-walk.F->Cl_1468,O=C(Oc1ccccc1)N1CC[C@@H](c2cccc(Cl)c2)[C@H](COc2ccc3c(c2)OCO3)C1,1,halogen-walk,F->Cl,O=C(Oc1ccccc1)N1CC[C@@H](c2ccc(F)cc2)[C@H](COc2ccc3c(c2)OCO3)C1,6,O=C(Oc1ccccc1)N1CC[C@@H](c2ccccc2)[C@H](COc2ccc3c(c2)OCO3)C1,train,465.9330000000003,5.752200000000005,0.47970834017395025,33,64
subcategory_halogen-walk.F->Cl_387,CN(C)c1cccc2c(S(=O)(=O)Nc3cnccn3)cccc12,0,authentic,authentic,,,O=S(=O)(Nc1cnccn1)c1cccc2ccccc12,test,328.397,2.496600000000001,0.7962284567423096,23,39
subcategory_halogen-walk.F->Cl_1558,O=C(COc1ccc2c(c1)OCO2)NCCc1ccccc1Cl,1,halogen-walk,F->Cl,O=C(COc1ccc2c(c1)OCO2)NCCc1ccc(F)cc1,15 16 17 18 19 20 21 22,O=C(COc1ccc2c(c1)OCO2)NCCc1ccccc1,train,333.77099999999996,2.806400000000001,0.8828560616723794,23,35
subcategory_halogen-walk.F->Cl_1,CCC1CCNc2cc3oc(=O)cc(C(F)(F)F)c3cc21,0,authentic,authentic,,,O=c1ccc2cc3c(cc2o1)NCCC3,train,297.276,4.121000000000003,0.8050343827307247,21,36
subcategory_halogen-walk.F->Cl_1252,CCC1(COC(=O)Nc2cccc(Cl)c2)OC(=O)Nc2ccc(Cl)cc21,1,halogen-walk,F->Cl,CCC1(COC(=O)Nc2ccc(F)cc2)OC(=O)Nc2ccc(Cl)cc21,6,O=C(Nc1ccccc1)OCC1OC(=O)Nc2ccccc21,train,395.24200000000013,5.409500000000003,0.7259489229248092,26,46
subcategory_halogen-walk.F->Cl_850,COc1cc2c(c(OC)c1OC)-c1ccc(NCc3cccc(Cl)c3)c(=O)cc1[C@@H](NC(C)=O)CC2,1,halogen-walk,F->Cl,COc1cc2c(c(OC)c1OC)-c1ccc(NCc3ccc(F)cc3)c(=O)cc1[C@@H](NC(C)=O)CC2,0 1 2 3 4 5 6 7 8 9 10 11 12 13 14 15 16 18 19 20 21 22 23 24 25 26 27 28 29 30 31 32 33 34 35,O=c1cc2c(ccc1NCc1ccccc1)-c1ccccc1CCC2,train,509.0020000000003,5.128500000000003,0.4600104209764212,36,67
subcategory_halogen-walk.F->Cl_965,Cc1cc(-c2ccc([C@@H]3[C@@H](CC[C@H](O)c4ccccc4Cl)C(=O)N3c3ccc(F)cc3)cc2)ccc1F,1,halogen-walk,F->Cl,Cc1cc(-c2ccc([C@@H]3[C@@H](CC[C@H](O)c4ccc(F)cc4)C(=O)N3c3ccc(F)cc3)cc2)ccc1F,7,O=C1[C@H](CCCc2ccccc2)[C@@H](c2ccc(-c3ccccc3)cc2)N1c1ccccc1,train,518.0030000000002,7.811520000000007,0.25386669191518857,37,76
subcategory_halogen-walk.F->Cl_81,CC1(C)CC1C(=O)N/C(=C\CCCCCS)C(=O)O,0,authentic,authentic,,,C1CC1,train,285.40899999999993,2.6074000000000006,0.3647113671624805,19,34
subcategory_halogen-walk.F->Cl_565,CNC(=O)NS(=O)(=O)c1cc(C)c(C(C)NC(=O)c2cc(Cl)ccc2OC)s1,0,authentic,authentic,,,O=C(NCc1cccs1)c1ccccc1,train,445.95000000000016,2.8272200000000005,0.6322219073494394,28,53
subcategory_halogen-walk.F->Cl_225,CC(=O)N1CCC[C@H]1C(=O)N[C@@H](C)C(=O)N1CCC[C@H]1C(=O)N[C@@H](Cc1ccccc1)C(=O)O,0,authentic,authentic,,,O=C(NCC(=O)N1CCC[C@H]1C(=O)NCCc1ccccc1)[C@@H]1CCCN1,train,472.5420000000002,0.3051000000000032,0.49809612290199357,34,77
subcategory_halogen-walk.F->Cl_1014,CC(=O)O[C@@H](CCC1C(=O)N(c2ccc(C)cc2)[C@@H]1c1ccc(O)cc1)c1ccccc1Cl,1,halogen-walk,F->Cl,CC(=O)O[C@@H](CCC1C(=O)N(c2ccc(C)cc2)[C@@H]1c1ccc(O)cc1)c1ccc(F)cc1,7,O=C1C(CCCc2ccccc2)[C@@H](c2ccccc2)N1c1ccccc1,train,463.9610000000001,6.142720000000006,0.33717176906792384,33,66
subcategory_halogen-walk.F->Cl_234,CN1CC[C@]23c4c5ccc(OC(=O)C(C)(C)C)c4O[C@H]2[C@@H](OS(=O)(=O)O)C=C[C@H]3[C@H]1C5,0,authentic,authentic,,,C1=C[C@H]2[C@H]3Cc4cccc5c4[C@@]2(CCN3)[C@H](C1)O5,train,449.5250000000001,2.2711000000000006,0.32454017875415997,31,79
subcategory_halogen-walk.F->Cl_1479,COc1c(OS(=O)(=O)Cl)cc2c(c1OC)-c1ccc(SC)c(=O)cc1[C@@H](NC(C)=O)CC2,1,halogen-walk,F->Cl,COc1c(OS(=O)(=O)C(F)(F)F)cc2c(c1OC)-c1ccc(SC)c(=O)cc1[C@@H](NC(C)=O)CC2,0 1 2 3 4 6 7 8 9 10 11 12 13 14 15 16 17 18 19 20 21 22 23 24 25 26 27 28 29 30 31,O=c1cccc2c(c1)CCCc1ccccc1-2,train,499.99400000000026,3.4387000000000016,0.4753809397920951,32,65
subcategory_halogen-walk.F->Cl_1102,CCCC1C(c2ccccc2Cl)CC2C[C@@H](F)C1N2C,1,halogen-walk,F->Cl,CCCC1C(c2ccc(F)cc2)CC2C[C@@H](F)C1N2C,4 5 6 7 8 9 10 11,c1ccc(C2CC3CCC(C2)N3)cc1,train,295.82899999999995,4.654400000000004,0.7841033826653258,20,36
subcategory_halogen-walk.F->Cl_1032,COc1cccc(C(O)(c2cccc(Cl)c2)C2CCN(C(=O)O)CC2)c1,1,halogen-walk,F->Cl,COc1cccc(C(O)(c2ccc(F)cc2)C2CCN(C(=O)O)CC2)c1,0 1 2 3 4 5 6 8 9 10 11 12 13 14 15 16 17 18 19 20 21 22 23 24 25,c1ccc(C(c2ccccc2)C2CCNCC2)cc1,train,375.8520000000002,3.9745000000000026,0.8477055202746475,26,46
subcategory_halogen-walk.F->Cl_18,COCCOCCOCCO[C@H]1CC[C@@]2(O)C3Cc4ccc(CO)c5c4[C@@]2(CCN3C)[C@H]1O5,0,authentic,authentic,,,c1cc2c3c(c1)O[C@H]1CCCC4C(C2)NCC[C@@]341,val,463.5710000000003,1.0276000000000012,0.4706297909808086,33,65
subcategory_halogen-walk.F->Cl_832,OC(CNCc1ccccc1)COc1ccccc1Cl,1,halogen-walk,F->Cl,O=C(CCc1ccccc1)c1cc(F)ccc1OCC(O)CNCc1ccccc1,7,O=C(CCc1ccccc1)c1ccccc1OCCCNCc1ccccc1,train,291.778,2.8695000000000013,0.8241097352842465,20,27
subcategory_halogen-walk.F->Cl_924,Clc1cccc([C@H]2CC3CCC(N3)C2COc2ccc3c(c2)OCO3)c1,1,halogen-walk,F->Cl,Fc1ccc([C@H]2CC3CCC(N3)C2COc2ccc3c(c2)OCO3)cc1,6,c1ccc([C@H]2CC3CCC(N3)C2COc2ccc3c(c2)OCO3)cc1,train,371.8640000000001,4.371800000000003,0.8657472267032936,26,47
subcategory_halogen-walk.F->Cl_526,Cc1cc(=O)oc2nc3scc(C)c3cc12,0,authentic,authentic,,,O=c1ccc2cc3ccsc3nc2o1,train,231.27599999999998,3.019540000000001,0.5969519678007005,16,27
subcategory_halogen-walk.F->Cl_567,CCC(C)(C)c1ccc(OCCCN2CC(C)CC(C)C2)cc1,0,authentic,authentic,,,c1ccc(OCCCN2CCCCC2)cc1,train,317.517,5.121000000000006,0.6470869697901137,23,37
subcategory_halogen-walk.F->Cl_396,CCNC(=NCCCN1CCC(c2noc3cc(F)ccc23)CC1)NC#N,0,authentic,authentic,,,c1ccc2c(C3CCNCC3)noc2c1,train,372.44800000000015,2.5725800000000003,0.2663254511033136,27,41
subcategory_halogen-walk.F->Cl_1447,COCCNC(=O)CCCNC(=O)c1cc(OC)ccc1-n1nc(Cl)c2c1C(=O)N(c1ccccc1)CC2,1,halogen-walk,F->Cl,COCCNC(=O)CCCNC(=O)c1cc(OC)ccc1-n1nc(C(F)(F)F)c2c1C(=O)N(c1ccccc1)CC2,23 24,O=C1c2c(cnn2-c2ccccc2)CCN1c1ccccc1,train,540.0200000000001,3.009800000000002,0.36200425697983596,38,63
subcategory_halogen-walk.F->Cl_808,Cc1[nH]c(-c2ccccc2Cl)cc1C(=O)N1CC=C(c2ccccc2)CC1,1,halogen-walk,F->Cl,Cc1[nH]c(-c2ccc(F)cc2)cc1C(=O)N1CC=C(c2ccccc2)CC1,7,O=C(c1c[nH]c(-c2ccccc2)c1)N1CC=C(c2ccccc2)CC1,train,376.8870000000001,5.573020000000005,0.6365945659799372,27,48
subcategory_halogen-walk.F->Cl_836,CNCC[C@@H](Oc1ccc(Cl)cc1)c1ccccc1,1,halogen-walk,F->Cl,CNCC[C@@H](Oc1ccc(C(F)(F)F)cc1)c1ccccc1.[Cl-],0 1 2 3 4 5 6 7 8 10 11 12 13 14 15 16 17 18,c1ccc(COc2ccccc2)cc1,train,275.779,4.069600000000003,0.8580234975527617,19,33
subcategory_halogen-walk.F->Cl_378,COc1ccc(S(=O)(=O)N2CCCC2CNC(=O)c2cccc(Cl)c2)cc1,0,authentic,authentic,,,O=C(NCC1CCCN1S(=O)(=O)c1ccccc1)c1ccccc1,train,408.90700000000004,2.931700000000001,0.7968762550291667,27,47
subcategory_halogen-walk.F->Cl_943,O=C(Nc1ccccc1Cl)[C@H](CC[C@H](O)c1ccc(F)cc1)Cc1ccc(O)cc1,1,halogen-walk,F->Cl,O=C(Nc1ccc(F)cc1)[C@H](CC[C@H](O)c1ccc(F)cc1)Cc1ccc(O)cc1,0 1 3 4 5 6 7 8 9 10 11 12 13 14 15 16 17 18 19 20 21 22 23 24 25 26 27 28 29,O=C(Nc1ccccc1)[C@H](CCCc1ccccc1)Cc1ccccc1,val,427.9030000000001,5.495900000000005,0.4444971929061249,30,56
subcategory_halogen-walk.F->Cl_1226,CSCC(C)(C)C(O)(Cn1cncn1)c1cccc(Cl)c1,1,halogen-walk,F->Cl,CSCC(C)(C)C(O)(Cn1cncn1)c1ccc(F)cc1F,0 1 2 3 4 5 7 8 9 10 11 12 13 14 15 16 17 18 19,c1ccc(CCn2cncn2)cc1,train,325.865,3.2085000000000017,0.8857208780080298,21,36
subcategory_halogen-walk.F->Cl_804,CC(C)c1c(/C=C/C(O)CC(O)CC(=O)O)c(-c2ccccc2Cl)c2c3ccccc3ccn12,1,halogen-walk,F->Cl,CC(C)c1c(/C=C/C(O)CC(O)CC(=O)O)c(-c2ccc(F)cc2)c2c3ccccc3ccn12,7,c1ccc(-c2ccn3ccc4ccccc4c23)cc1,train,477.98800000000006,6.136100000000007,0.2846080217817954,34,60
subcategory_halogen-walk.F->Cl_494,CCCN1c2cn(C)nc2C(=O)NC1c1cc(S(=O)(=O)N2CCC(CCC(=O)O)CC2)ccc1OCC,0,authentic,authentic,,,O=C1NC(c2cccc(S(=O)(=O)N3CCCCC3)c2)Nc2c[nH]nc21,train,533.6510000000003,2.7429000000000014,0.47620866287944114,37,63
subcategory_halogen-walk.F->Cl_1536,Cc1ccc([C@@H]2[C@@H](CC[C@H](O)c3ccccc3Cl)C(=O)N2c2ccc(F)cc2)cc1,1,halogen-walk,F->Cl,Cc1ccc([C@@H]2[C@@H](CC[C@H](O)c3ccc(F)cc3)C(=O)N2c2ccc(F)cc2)cc1,0 1 2 3 4 5 6 7 8 10 11 12 13 14 15 16 17 18 19 20 21 22 23 24 25 26 27 28 29,O=C1[C@H](CCCc2ccccc2)[C@@H](c2ccccc2)N1c1ccccc1,train,423.91500000000013,6.005420000000005,0.4933481782256474,30,64
subcategory_halogen-walk.F->Cl_1457,Nc1nccnc1C(=O)NCc1cccc(S(=O)(=O)NCc2ccccc2Cl)c1,1,halogen-walk,F->Cl,Nc1nccnc1C(=O)NCc1cccc(S(=O)(=O)NCc2cccc(F)c2)c1,7,O=C(NCc1cccc(S(=O)(=O)NCc2ccccc2)c1)c1cnccn1,test,431.9050000000001,2.1206999999999994,0.525444480356268,29,47
subcategory_halogen-walk.F->Cl_608,CC1=C(CCN2CCC(c3noc4cc(F)ccc34)CC2)CN2CCCC(O)C2=N1,0,authentic,authentic,,,C1=C(CCN2CCC(c3noc4ccccc34)CC2)CN2CCCCC2=N1,val,412.5090000000003,3.679200000000003,0.8299800313387393,30,50
subcategory_halogen-walk.F->Cl_69,COc1cc(OC)c2c(c1)C(CCCCCCCCCCCCC(C)=O)OC2=O,0,authentic,authentic,,,O=C1OCc2ccccc21,train,404.54700000000025,6.185500000000006,0.2577205060091887,29,43
subcategory_halogen-walk.F->Cl_1290,CN1[C@H]2CC[C@@H]1[C@@H](COc1ccc3c(c1)OCO3)[C@H](c1ccccc1Cl)C2,1,halogen-walk,F->Cl,CN1[C@H]2CC[C@@H]1[C@@H](COc1ccc3c(c1)OCO3)[C@H](c1ccc(F)cc1)C2,18 19 20 21 22 23 24 25,c1ccc([C@@H]2C[C@@H]3CC[C@@H](N3)[C@H]2COc2ccc3c(c2)OCO3)cc1,train,385.8910000000001,4.714000000000005,0.761928953711613,27,62
subcategory_halogen-walk.F->Cl_398,CCN1CCCNC(=O)c2cc(Cl)c(N)cc2OCCOCC1,0,authentic,authentic,,,O=C1NCCCNCCOCCOc2ccccc21,train,341.8390000000002,1.7730000000000001,0.761277318491189,23,35
subcategory_halogen-walk.F->Cl_604,COc1ccc2c(c1)c(CC(=O)NC[C@@H](C)O)c(C)n2C(=O)c1ccc(Cl)cc1,0,authentic,authentic,,,O=C(c1ccccc1)n1ccc2ccccc21,train,414.8890000000001,3.3397200000000016,0.6478674194754074,29,57
subcategory_halogen-walk.F->Cl_1131,CN(C)CCCC1(c2cccc(Cl)c2Cl)OCc2cc(C3=NCCO3)ccc21,1,halogen-walk,F->Cl,CN(C)CCCC1(c2ccc(F)cc2)OCc2cc(C3=NCCO3)ccc21,0 1 2 3 4 5 7 8 9 10 11 12 13 14 15 16 17 18 19 20 21 22 23 24 25 26 27,c1ccc(C2OCc3cc(C4=NCCO4)ccc32)cc1,train,419.35200000000026,4.885800000000005,0.6690987411402204,28,47
subcategory_halogen-walk.F->Cl_887,CN(C)CC1CC(OCc2cccc(Cl)c2)CCC1(O)c1cccc(O)c1,1,halogen-walk,F->Cl,CN(C)CC1CC(OCc2ccc(F)cc2)CCC1(O)c1cccc(O)c1,6,c1ccc(COC2CCC(c3ccccc3)CC2)cc1,train,389.9230000000001,4.180300000000004,0.777697943274662,27,44
subcategory_halogen-walk.F->Cl_375,NS(=O)(=O)c1cc2c(cc1Cl)NCN(CCCCO)S2,0,authentic,authentic,,,c1ccc2c(c1)NCNS2,train,337.8540000000001,1.4520000000000002,0.5557463311340805,20,35
subcategory_halogen-walk.F->Cl_780,CSc1ccc2sc(Cn3nc(CC(=O)O)c4ccccc4c3=O)nc2c1,0,authentic,authentic,,,O=c1c2ccccc2cnn1Cc1nc2ccccc2s1,val,397.4810000000001,3.403500000000001,0.5196680989153418,27,43
subcategory_halogen-walk.F->Cl_871,O=C1CC(NC(=O)c2cc(OC(F)(F)F)ccc2Oc2cccc(Cl)c2)CCN1,1,halogen-walk,F->Cl,Cc1cc(F)ccc1Oc1ccc(OC(F)(F)F)cc1C(=O)NC1CCNC(=O)C1,0 1 2 3 4 5 6 7 8 9 10 11 12 13 14 15 16 17 19 20 21 22 23 24 25 26 27 28,O=C1CC(NC(=O)c2ccccc2Oc2ccccc2)CCN1,train,428.7940000000001,4.0393000000000026,0.753262094175828,29,50
subcategory_halogen-walk.F->Cl_948,O=C1C(CC[C@H](O)c2ccc(F)cc2)[C@@H](c2ccc(O)cc2)N1c1ccccc1Cl,1,halogen-walk,F->Cl,O=C1C(CC[C@H](O)c2ccc(F)cc2)[C@@H](c2ccc(O)cc2)N1c1ccc(F)cc1,0 1 2 3 4 5 6 7 8 9 10 11 12 13 14 15 16 17 18 19 20 21 23 24 25 26 27 28,O=C1C(CCCc2ccccc2)[C@@H](c2ccccc2)N1c1ccccc1,train,425.88700000000006,5.402600000000005,0.519451937657273,30,59
subcategory_halogen-walk.F->Cl_726,COc1cccc(CCN2CCCC2)c1OCCc1ccccc1.O=C(O)C(=O)O,0,authentic,authentic,,,c1ccc(CCOc2ccccc2CCN2CCCC2)cc1,val,415.48600000000005,3.1106000000000007,0.6396410112492013,30,45
subcategory_halogen-walk.F->Cl_1464,CC(NCCc1ccc(O)cc1)C(O)c1ccccc1Cl,1,halogen-walk,F->Cl,CC(NCCc1ccc(O)cc1)C(O)c1ccc(F)cc1,0 1 2 3 4 5 6 7 8 9 10 11 13 14 15 16 17 18 19,c1ccc(CCNCCc2ccccc2)cc1,val,305.80500000000006,3.299800000000001,0.7673290978188176,21,32
subcategory_halogen-walk.F->Cl_1133,COC(CC(=O)O)CC(O)/C=C/c1c(C2CC2)nc2ccccc2c1-c1cccc(Cl)c1,1,halogen-walk,F->Cl,COC(CC(=O)O)CC(O)/C=C/c1c(C2CC2)nc2ccccc2c1-c1ccc(F)cc1,0 1 2 3 4 5 6 7 8 9 10 11 12 13 14 15 16 17 18 19 20 21 22 23 25 26 27 28 29 30,c1ccc(-c2cc(C3CC3)nc3ccccc23)cc1,train,451.95000000000016,5.686500000000004,0.4367424366808838,32,56
subcategory_halogen-walk.F->Cl_25,CCCCCN1CC[C@@H](c2ccc(F)cc2)[C@H](COc2cc3c(cc2Br)OCO3)C1,0,authentic,authentic,,,c1ccc([C@@H]2CCNC[C@H]2COc2ccc3c(c2)OCO3)cc1,train,478.40200000000027,5.991600000000006,0.43636195514770154,30,56
subcategory_halogen-walk.F->Cl_13,COc1ccc(-c2oc3cc(OC)ccc3c2C(=O)c2ccc(OCCN(C)C)cc2)cc1,0,authentic,authentic,,,O=C(c1ccccc1)c1c(-c2ccccc2)oc2ccccc12,train,445.5150000000002,5.288400000000005,0.3264384612265384,33,53
subcategory_halogen-walk.F->Cl_650,C[C@]1(c2ccccc2)NC(=O)[C@](C)(Cc2ccccc2)N1,0,authentic,authentic,,,O=C1NC(c2ccccc2)NC1Cc1ccccc1,train,280.3709999999999,2.5801000000000007,0.9070522525845774,21,42
subcategory_halogen-walk.F->Cl_1559,CN(C)CCC[C@@]1(c2cccc(Cl)c2)OCc2cc(C#N)ccc21,1,halogen-walk,F->Cl,CC12CC3CC(C)(C1)CC(N)(C3)C2.CN(C)CCC[C@@]1(c2ccc(F)cc2)OCc2cc(C#N)ccc21,6 7 8 9 10 11 12 13,C1C2CC3CC1CC(C2)C3.c1ccc(C2OCc3ccccc32)cc1,train,340.85400000000004,4.327280000000004,0.8125283120514686,24,44
subcategory_halogen-walk.F->Cl_1272,N#Cc1ccc2c(c1)COC2(c1ccc(F)cc1)c1cccc(Cl)c1,1,halogen-walk,F->Cl,N#Cc1ccc2c(c1)COC2(c1ccc(F)cc1)c1ccc(F)cc1,0 1 2 3 4 5 6 7 8 9 11 12 13 14 15 16 17 18 19 20 21 22 23,c1ccc(C2(c3ccccc3)OCc3ccccc32)cc1,test,349.79200000000003,5.172880000000004,0.6388374791405003,25,43
subcategory_halogen-walk.F->Cl_1448,CC[C@@]1(O)CCC[C@@H]2CN(Cc3ccccc3Cl)C[C@@H]21,1,halogen-walk,F->Cl,CC[C@@]1(O)CCC[C@@H]2CN(Cc3ccc(F)c(OC)c3)C[C@@H]21,7,c1ccc(CN2C[C@H]3CCCC[C@H]3C2)cc1,train,293.8380000000001,3.7130000000000027,0.918138271214765,20,45
subcategory_halogen-walk.F->Cl_185,CCOC(=O)NCS(=O)(=O)c1ccc(CCNC(=O)c2cc(Cl)ccc2OCC)cc1,0,authentic,authentic,,,O=C(NCCc1ccccc1)c1ccccc1,train,468.9590000000002,3.1885000000000012,0.5536318394766916,31,52
subcategory_halogen-walk.F->Cl_1385,O=c1c(-c2ccccc2Cl)coc2cc(O)cc(O)c12,1,halogen-walk,F->Cl,O=c1c(-c2ccc(F)cc2F)coc2cc(O)cc(O)c12,0 1 3 4 5 6 7 8 9 10 11 12 13 14 15 16 17 18 19,O=c1c(-c2ccccc2)coc2ccccc12,train,288.686,3.524600000000001,0.7184898389933717,20,35
subcategory_halogen-walk.F->Cl_1302,CCC(O)(Cn1cncn1)c1ccccc1Cl,1,halogen-walk,F->Cl,CCC(O)(Cn1cncn1)c1ccc(F)c(C(N)=S)c1F,7,c1ccc(CCn2cncn2)cc1,train,251.717,2.2293000000000003,0.9066924588213423,17,26
subcategory_halogen-walk.F->Cl_35,C[C@@H](c1ccc(I)cc1)[C@](O)(Cn1cncn1)c1ccc(F)cc1F,0,authentic,authentic,,,c1ccc(CC(Cn2cncn2)c2ccccc2)cc1,train,455.2460000000001,3.852400000000002,0.5952567228068473,25,49
subcategory_halogen-walk.F->Cl_365,CCN(CC)C(=O)[C@@H]1C=C2c3cccc4[nH]cc(c34)C[C@H]2N(C)C1.O=C(O)C(O)C(O)C(=O)O,0,authentic,authentic,,,C1=C2c3cccc4[nH]cc(c34)C[C@H]2NCC1,val,473.52600000000024,0.7834000000000001,0.4124335057086166,34,75
subcategory_halogen-walk.F->Cl_783,Cl.NC(=S)C(F)(F)C(O)(Cn1cncn1)c1ccc(F)cc1F,0,authentic,authentic,,,c1ccc(CCn2cncn2)cc1,train,370.75900000000007,1.7872999999999999,0.6195781325469552,23,42
subcategory_halogen-walk.F->Cl_958,CC(C)c1c(/C=C/C(O)CC(O)CC(=O)O)c(-c2cccc(Cl)c2)c2c3ccccc3ccn12,1,halogen-walk,F->Cl,CC(C)c1c(/C=C/C(O)CC(O)CC(=O)O)c(-c2ccc(F)cc2)c2c3ccccc3ccn12,6,c1ccc(-c2ccn3ccc4ccccc4c23)cc1,train,477.98800000000006,6.136100000000007,0.2846080217817954,34,62
subcategory_halogen-walk.F->Cl_1046,COc1cccc(C(O)(C(C)=Cc2cccc(Cl)c2)C(C)CN(C)C)c1,1,halogen-walk,F->Cl,COc1cccc(C(O)(C(C)=Cc2ccc(F)cc2)C(C)CN(C)C)c1,0 1 2 3 4 5 6 7 8 9 10 12 13 14 15 16 17 18 19 20 21 22 23 24 25,C(=Cc1ccccc1)Cc1ccccc1,train,373.9240000000001,4.837400000000005,0.7534691483863643,26,46
subcategory_halogen-walk.F->Cl_1054,O=C(Cc1ccccc1Cl)N1CCN(Cc2noc3ccccc23)CC1,1,halogen-walk,F->Cl,O=C(Cc1ccc(F)cc1)N1CCN(Cc2noc3ccccc23)CC1,7,O=C(Cc1ccccc1)N1CCN(Cc2noc3ccccc23)CC1,train,369.8520000000001,3.368100000000002,0.7071427335395839,26,40
subcategory_halogen-walk.F->Cl_1408,Cc1ccc2c(-c3ccccc3Cl)c(/C=C/C3CC(O)CC(=O)O3)n(C(C)C)c2c1,1,halogen-walk,F->Cl,Cc1ccc2c(-c3ccc(F)cc3)c(/C=C/C3CC(O)CC(=O)O3)n(C(C)C)c2c1,5 6 7 8 9 10 11 12,O=C1CCCC(/C=C/c2[nH]c3ccccc3c2-c2ccccc2)O1,train,423.94000000000017,5.930720000000006,0.528807146693679,30,56
subcategory_halogen-walk.F->Cl_1207,CC(Cc1ccc(C#N)cc1)C(O)(Cn1cncn1)c1ccccc1Cl,1,halogen-walk,F->Cl,CC(Cc1ccc(C#N)cc1)C(O)(Cn1cncn1)c1ccc(F)cc1F,7,c1ccc(CCC(Cn2cncn2)c2ccccc2)cc1,train,366.8520000000001,3.5697800000000024,0.7232333970467819,26,42
subcategory_halogen-walk.F->Cl_447,CC(C)Cc1noc(C2CN=CNC2)n1.O=C(O)C(F)(F)F,0,authentic,authentic,,,C1=NCC(c2ncno2)CN1,test,322.287,1.6164999999999998,0.8767664700356361,22,39
subcategory_halogen-walk.F->Cl_754,CS(=O)(=O)c1nc(-c2ccccc2Cl)c(-c2ccccc2Cl)[nH]1,0,authentic,authentic,,,c1ccc(-c2nc[nH]c2-c2ccccc2)cc1,train,367.25700000000006,4.454000000000002,0.7437856632761505,23,46
subcategory_halogen-walk.F->Cl_145,CN(O)C(=O)/C=C/c1ccc2c(c1)Nc1ccccc1O2,0,authentic,authentic,,,c1ccc2c(c1)Nc1ccccc1O2,train,282.29900000000004,3.396700000000002,0.42943753164549275,21,37
subcategory_halogen-walk.F->Cl_1324,O=C(O)COc1ccc(C2C(CC[C@H](O)c3ccccc3Cl)C(=O)N2c2ccc(F)cc2)cc1,1,halogen-walk,F->Cl,O=C(O)COc1ccc(C2C(CC[C@H](O)c3ccc(F)cc3)C(=O)N2c2ccc(F)cc2)cc1,7,O=C1C(CCCc2ccccc2)C(c2ccccc2)N1c1ccccc1,train,483.9230000000002,5.1604000000000045,0.410390141791234,34,61
subcategory_halogen-walk.F->Cl_310,C=CCOc1c(C)cnc2c1CCCC2S(=O)c1nc2ccc(F)cc2[nH]1,0,authentic,authentic,,,O=S(c1nc2ccccc2[nH]1)C1CCCc2cccnc21,train,385.46400000000006,4.155420000000003,0.6699899215665164,27,46
subcategory_halogen-walk.F->Cl_1268,CCNC(=O)c1ccccc1OCc1ccccc1Cl,1,halogen-walk,F->Cl,CCNC(=O)c1ccccc1OCc1ccc(F)cc1,7,c1ccc(COc2ccccc2)cc1,train,289.76199999999994,3.668700000000002,0.9119056010380325,20,28
subcategory_halogen-walk.F->Cl_290,C#CCNC(=N)Nc1nc(-c2ccc(CNC(C)=O)o2)cs1,0,authentic,authentic,,,c1coc(-c2cscn2)c1,train,317.374,1.6086699999999996,0.38101290022925594,22,38
subcategory_halogen-walk.F->Cl_612,CCc1cc(CCCCCOc2ccc(C3=NCCO3)cc2)on1,0,authentic,authentic,,,c1cc(CCCCCOc2ccc(C3=NCCO3)cc2)on1,train,328.41200000000003,3.8056000000000028,0.6569348976813224,24,35
subcategory_halogen-walk.F->Cl_101,CO[C@]12CC[C@@]3(C[C@@H]1[C@@](C)(O)c1ccc(C(C)(C)C)cc1)[C@H]1Cc4ccc(O)c5c4[C@@]3(CCN1CC1CC1)[C@H]2O5,0,authentic,authentic,,,c1ccc(C[C@H]2C[C@@]34CCC2[C@@H]2Oc5cccc6c5[C@@]23CCN(CC2CC2)[C@@H]4C6)cc1,train,543.7480000000004,5.821900000000007,0.49758187227278294,40,100
subcategory_halogen-walk.F->Cl_1442,COc1cc(CS(=O)c2nc3c(Cl)cccc3[nH]2)ncc1C,1,halogen-walk,F->Cl,COc1cc(CS(=O)c2nc3c(C(F)(F)F)cccc3[nH]2)ncc1C,1,O=S(Cc1ccccn1)c1nc2ccccc2[nH]1,train,335.8160000000001,3.2361200000000006,0.7944129083018556,22,39
subcategory_halogen-walk.F->Cl_1178,COc1ccc(-n2nc(Cl)c3c2C(=O)N(c2ccc(C4(C5=NC(C)(C)CO5)CC4)cc2)CC3)cc1,1,halogen-walk,F->Cl,COc1ccc(-n2nc(C(F)(F)F)c3c2C(=O)N(c2ccc(C4(C5=NC(C)(C)CO5)CC4)cc2)CC3)cc1,1,O=C1c2c(cnn2-c2ccccc2)CCN1c1ccc(C2(C3=NCCO3)CC2)cc1,val,490.9910000000004,4.976100000000004,0.5057161231836965,35,67
subcategory_halogen-walk.F->Cl_774,COc1ccc(Cl)cc1C(=O)NCCCN1CCN(c2ccccc2)CC1,0,authentic,authentic,,,O=C(NCCCN1CCN(c2ccccc2)CC1)c1ccccc1,test,387.9110000000001,3.290700000000002,0.7403051393884262,27,41
subcategory_halogen-walk.F->Cl_1547,CCCN(C)CCC(Oc1ccc(Cl)cc1)c1ccccc1,1,halogen-walk,F->Cl,CCCN(C)CCC(Oc1ccc(C(F)(F)F)cc1)c1ccccc1,1,c1ccc(COc2ccccc2)cc1,train,317.86,5.192000000000005,0.6638454495276523,22,33
subcategory_halogen-walk.F->Cl_36,CN(CCCC1CCN(C(=O)c2ccc(F)cc2)CC1)C(=O)c1noc2ccccc12,0,authentic,authentic,,,O=C(NCCCC1CCN(C(=O)c2ccccc2)CC1)c1noc2ccccc12,train,423.4880000000002,4.371500000000004,0.5904749388797657,31,51
subcategory_halogen-walk.F->Cl_150,CCN(CC)CCN(C)C(=O)c1sc(-c2ccc(OC)c(C)c2)nc1C,0,authentic,authentic,,,c1ccc(-c2nccs2)cc1,train,375.5380000000002,3.8493400000000033,0.7030058941233657,26,44
subcategory_halogen-walk.F->Cl_723,CN1CCCC1CCNc1cc(-c2ccc(F)cc2)nc2ccccc12,0,authentic,authentic,,,c1ccc(-c2cc(NCCC3CCCN3)c3ccccc3n2)cc1,train,349.4530000000001,4.9371000000000045,0.7072469576895009,26,39
subcategory_halogen-walk.F->Cl_878,O=C1[C@@H](c2cccc(Cl)c2)[C@H](c2ccc(O)cc2)N1CC[C@H](O)c1ccc(F)cc1,1,halogen-walk,F->Cl,O=C1[C@@H](c2ccc(F)cc2)[C@H](c2ccc(O)cc2)N1CC[C@H](O)c1ccc(F)cc1,6,O=C1[C@@H](c2ccccc2)[C@H](c2ccccc2)N1CCCc1ccccc1,train,425.88700000000017,4.975500000000004,0.5476554984004117,30,65
subcategory_halogen-walk.F->Cl_748,CC(=O)Nc1cc2c(s1)CN(C)CC2c1ccc(Cl)cc1,0,authentic,authentic,,,c1ccc(C2CNCc3sccc32)cc1,train,320.845,3.9372000000000025,0.9087431139023653,21,37
subcategory_halogen-walk.F->Cl_217,CCCc1nc(CC)c2c(=O)[nH]c(-c3cc(S(=O)(=O)N4CCC(N5CCCC5)CC4)ccc3OCC)nn12,0,authentic,authentic,,,O=c1[nH]c(-c2cccc(S(=O)(=O)N3CCC(N4CCCC4)CC3)c2)nn2cncc12,train,542.7060000000004,3.2471000000000023,0.4416482191106933,38,69
subcategory_halogen-walk.F->Cl_1427,COc1ccc2c(c1)c(CC(=O)N1CCOCC1)c(C)n2C(=O)c1ccccc1Cl,1,halogen-walk,F->Cl,COc1ccc2c(c1)c(CC(=O)N1CCOCC1)c(C)n2C(=O)c1ccc(F)cc1Cl,0 1 2 3 4 5 6 7 8 9 10 11 12 13 14 15 16 17 18 19 20 22 23 24 25 26 27 28,O=C(Cc1cn(C(=O)c2ccccc2)c2ccccc12)N1CCOCC1,train,426.9000000000001,3.701520000000002,0.6378317790748661,30,51
subcategory_halogen-walk.F->Cl_1132,CCN1CCN(CC(O)COc2ccccc2C(=O)CCc2ccccc2Cl)CC1,1,halogen-walk,F->Cl,CCN1CCN(CC(O)COc2ccccc2C(=O)CCc2ccc(F)cc2)CC1,7,O=C(CCc1ccccc1)c1ccccc1OCCCN1CCNCC1,train,430.9760000000002,3.532700000000001,0.5841873033174527,30,44
subcategory_halogen-walk.F->Cl_1187,OC(Cn1cncn1)(c1ccccc1F)c1ccccc1Cl,1,halogen-walk,F->Cl,OC(Cn1cncn1)(c1ccc(F)cc1)c1ccccc1F,0 2 3 4 5 6 7 8 9 10 11 12 13 14 15 16 17 18 19 20,c1ccc(C(Cn2cncn2)c2ccccc2)cc1,train,317.751,3.006700000000002,0.80449888055255,22,33
subcategory_halogen-walk.F->Cl_349,N#Cc1cnc2ccc(NCc3cccc(N)c3)cc2c1Nc1ccc(F)c(Cl)c1,0,authentic,authentic,,,c1ccc(CNc2ccc3nccc(Nc4ccccc4)c3c2)cc1,train,417.8750000000001,5.8368800000000025,0.35509501940781885,30,48
subcategory_halogen-walk.F->Cl_1129,CC(C)CC(O)(Cn1cncn1)c1cccc(Cl)c1,1,halogen-walk,F->Cl,CC(C)CC(O)(Cn1cncn1)c1ccc(F)cc1,6,c1ccc(CCn2cncn2)cc1,train,279.771,2.865400000000001,0.915538203754909,19,32
subcategory_halogen-walk.F->Cl_1498,Fc1ccc(OC(CC2CNC2)c2ccccc2Cl)cc1,1,halogen-walk,F->Cl,Fc1ccc(OC(CC2CNC2)c2ccc(F)c(F)c2)cc1,7,c1ccc(OC(CC2CNC2)c2ccccc2)cc1,train,305.78,4.208700000000003,0.8932691068692499,21,32
subcategory_halogen-walk.F->Cl_769,COc1ccc(OC)c(NCc2ccc3nc(N)nc(N)c3c2)c1,0,authentic,authentic,,,c1ccc(NCc2ccc3ncncc3c2)cc1,val,325.37200000000007,2.4234999999999998,0.660750733867291,24,38
subcategory_halogen-walk.F->Cl_861,Cc1ccc([C@@H]2[C@@H](CC[C@H](O)c3ccc(F)cc3)C(=O)N2c2cccc(Cl)c2)cc1,1,halogen-walk,F->Cl,Cc1ccc([C@@H]2[C@@H](CC[C@H](O)c3ccc(F)cc3)C(=O)N2c2ccc(F)cc2)cc1,0 1 2 3 4 5 6 7 8 9 10 11 12 13 14 15 16 17 18 19 21 22 23 24 25 26 27 28 29,O=C1[C@H](CCCc2ccccc2)[C@@H](c2ccccc2)N1c1ccccc1,train,423.9150000000002,6.005420000000005,0.49334817822564725,30,66
subcategory_halogen-walk.F->Cl_927,COC(=O)CCCN1CCc2c(Cl)nn(-c3ccc(OC)cc3)c2C1=O,1,halogen-walk,F->Cl,COC(=O)CCCN1CCc2c(C(F)(F)F)nn(-c3ccc(OC)cc3)c2C1=O,0 1 2 3 4 5 6 7 8 9 10 12 13 14 15 16 17 18 19 20 21 22 23 24 25,O=C1NCCc2cnn(-c3ccccc3)c21,train,377.82800000000015,2.4858000000000002,0.7229362464617751,26,44
subcategory_halogen-walk.F->Cl_1253,CNCc1ccccc1OCc1cccc(Cl)c1,1,halogen-walk,F->Cl,CNCc1ccccc1OCc1ccc(F)cc1,6,c1ccc(COc2ccccc2)cc1,train,261.75199999999995,3.6384000000000025,0.8873441356422012,18,25
subcategory_halogen-walk.F->Cl_821,O=C1[C@@H](CCC(O)c2ccc(F)cc2)[C@H](c2ccc(O)cc2)N1c1ccccc1Cl,1,halogen-walk,F->Cl,O=C1[C@@H](CCC(O)c2ccc(F)cc2)[C@H](c2ccc(O)cc2)N1c1ccc(F)cc1,7,O=C1[C@@H](CCCc2ccccc2)[C@H](c2ccccc2)N1c1ccccc1,train,425.88700000000006,5.402600000000005,0.519451937657273,30,59
subcategory_halogen-walk.F->Cl_236,CC(C)C(=O)c1cc(S(N)(=O)=O)c(Cl)cc1NCc1ccco1,0,authentic,authentic,,,c1ccc(NCc2ccco2)cc1,train,356.8310000000001,3.031200000000001,0.7742383812398917,23,43
subcategory_halogen-walk.F->Cl_1556,COc1ccc(-c2nc(C)c(C(=O)O)s2)c(OCc2ccccc2Cl)c1,1,halogen-walk,F->Cl,COc1ccc(-c2nc(C)c(C(=O)O)s2)c(OCc2ccc(F)cc2)c1,0 1 2 3 4 5 6 7 8 9 10 11 12 13 14 15 16 18 19 20 21 22 23 24 25,c1ccc(COc2ccccc2-c2nccs2)cc1,train,389.8600000000001,5.057720000000003,0.6378632342822651,26,45
subcategory_halogen-walk.F->Cl_1103,Clc1ccccc1Nc1nc2ccccc2n2cncc12,1,halogen-walk,F->Cl,Fc1cccc(Nc2nc3ccccc3n3cncc23)c1,0 1 2 3 4 5 6 8 9 10 11 12 13 14 15 16 17 18 19 20,c1ccc(Nc2nc3ccccc3n3cncc23)cc1,train,294.745,4.279500000000002,0.5998339829072682,21,30
subcategory_halogen-walk.F->Cl_436,CC(C)(C)OC(=O)N[C@@H](Cc1c[nH]c2ccccc12)C(=O)N[C@H]1CC[C@@H]2SC[C@@H](C(=O)N[C@H](Cc3ccccc3)C(N)=O)N2C1=O,0,authentic,authentic,,,O=C(CCc1c[nH]c2ccccc12)N[C@H]1CC[C@@H]2SC[C@@H](C(=O)NCCc3ccccc3)N2C1=O,train,648.7860000000002,2.3652,0.22424455368394852,46,105
subcategory_halogen-walk.F->Cl_503,CC(C)[C@H](NC(=O)OC(C)(C)C)C(=O)N1CCC[C@H]1C(=O)NC(Cc1ccccc1)C(=O)C(F)(F)C(=O)N1CCCC1C(=O)O,0,authentic,authentic,,,O=C(CC(=O)N1CCCC1)C(Cc1ccccc1)NC(=O)[C@@H]1CCCN1,train,636.693,2.534200000000001,0.31235270794318776,45,91
subcategory_halogen-walk.F->Cl_1128,CNC(=O)NS(=O)(=O)c1cc(CCNC(=O)c2cc(Cl)ccc2OC)ccc1-c1cccc(Cl)c1,1,halogen-walk,F->Cl,CNC(=O)NS(=O)(=O)c1cc(CCNC(=O)c2cc(Cl)ccc2OC)ccc1-c1ccc(F)cc1,0 1 2 3 4 5 6 7 8 9 10 11 12 13 14 15 16 17 18 19 20 21 22 23 24 25 26 28 29 30 31 32 33,O=C(NCCc1ccc(-c2ccccc2)cc1)c1ccccc1,test,536.4370000000002,4.2592000000000025,0.3983754599398938,35,62
subcategory_halogen-walk.F->Cl_21,CN1[C@@H](CCc2ccc(OCCF)cc2)CCC[C@H]1CCc1ccc(OCCF)cc1.Cl,0,authentic,authentic,,,c1ccc(CC[C@H]2CCC[C@@H](CCc3ccccc3)N2)cc1,train,468.0280000000002,6.223300000000008,0.369393447252937,32,55
subcategory_halogen-walk.F->Cl_48,COc1ccc(Cl)cc1C(=O)NCCc1cc(SN)c(OC)c(C)c1S(=O)(=O)NC=O,0,authentic,authentic,,,O=C(NCCc1ccccc1)c1ccccc1,train,487.9870000000002,2.03862,0.3417733899491997,31,54
subcategory_halogen-walk.F->Cl_1341,CCN1CCCN(C(=O)C[C@H](N)Cc2ccccc2Cl)[C@H](C)C1=O,1,halogen-walk,F->Cl,CCN1CCCN(C(=O)C[C@H](N)Cc2cc(F)ccc2F)[C@H](C)C1=O,0 1 2 3 4 5 6 7 8 9 10 11 13 14 15 16 17 18 19 20 21 22 23,O=C1CN(C(=O)CCCc2ccccc2)CCCN1,train,351.87800000000004,2.0692,0.8826489386016084,24,47
subcategory_halogen-walk.F->Cl_222,CCC[n+]1ccc(/C=C/c2cccc3ccccc23)cc1.[Br-],0,authentic,authentic,,,C(=C\c1cccc2ccccc12)/c1cc[nH+]cc1,train,354.291,1.7117,0.6284475446825097,22,41
subcategory_halogen-walk.F->Cl_414,CCOC(=O)c1nn(-c2ccc3c(c2)CCO3)c2c1CCN(c1ccc(N3CCCCC3=O)cc1F)C2=O,0,authentic,authentic,,,O=C1CCCCN1c1ccc(N2CCc3cnn(-c4ccc5c(c4)CCO5)c3C2=O)cc1,train,518.5450000000004,3.842800000000003,0.47670742733320454,38,64
subcategory_halogen-walk.F->Cl_1560,C[C@@H](NCCO)[C@](O)(Cn1cncn1)c1ccccc1Cl,1,halogen-walk,F->Cl,C[C@@H](NCCO)[C@](O)(Cn1cncn1)c1ccc(F)cc1F,0 1 2 3 4 5 7 8 9 10 11 12 13 14 15 16 17 18 19,c1ccc(CCn2cncn2)cc1,train,310.7850000000001,0.7897000000000003,0.7040789577424829,21,40
subcategory_halogen-walk.F->Cl_87,O=C(Nc1ccc(S(=O)(=O)NC2CCCCC2)cc1)c1cnccn1,0,authentic,authentic,,,O=C(Nc1ccc(S(=O)(=O)NC2CCCCC2)cc1)c1cnccn1,train,360.43899999999996,2.3399,0.8521465504631632,25,42
subcategory_halogen-walk.F->Cl_316,CC=CCCC(C)N1CNc2cc(Cl)c(S(N)(=O)=O)cc2S1,0,authentic,authentic,,,c1ccc2c(c1)NCNS2,train,361.92000000000013,3.4243000000000015,0.6203909297468131,22,40
subcategory_halogen-walk.F->Cl_502,CCCCc1nc(Cl)c(C(=O)O)n1Cc1ccc(-c2ccccc2-c2nn[nH]n2)cc1,0,authentic,authentic,,,c1ccc(-c2nn[nH]n2)c(-c2ccc(Cn3ccnc3)cc2)c1,train,436.90300000000013,4.472700000000002,0.42128905692520874,31,54
subcategory_halogen-walk.F->Cl_243,CCNCc1ccc(Oc2ccc3c(c2)OCO3)c(F)c1,0,authentic,authentic,,,c1ccc(Oc2ccc3c(c2)OCO3)cc1,train,289.306,3.4562000000000017,0.9147706085870833,21,33
subcategory_halogen-walk.F->Cl_623,OC(O)COCCN1CCN(C(c2ccccc2)c2ccc(Cl)cc2)CC1,0,authentic,authentic,,,c1ccc(C(c2ccccc2)N2CCNCC2)cc1,train,390.9110000000002,2.3743000000000007,0.5350831030439641,27,42
subcategory_halogen-walk.F->Cl_1242,C[C@@H](NC(=O)N1CCC2(CC1)C(=O)N(c1ccccc1Cl)C2c1ccc(O)cc1)c1ccccc1,1,halogen-walk,F->Cl,C[C@@H](NC(=O)N1CCC2(CC1)C(=O)N(c1ccc(F)cc1)C2c1ccc(O)cc1)c1ccccc1,0 1 2 3 4 5 6 7 8 9 10 11 12 14 15 16 17 18 19 20 21 22 23 24 25 26 27 28 29 30 31 32 33 34,O=C(NCc1ccccc1)N1CCC2(CC1)C(=O)N(c1ccccc1)C2c1ccccc1,test,490.00300000000016,5.686500000000006,0.4624795981616353,35,65
subcategory_halogen-walk.F->Cl_762,CCN1CCCC1CNC(=O)c1cc(N(C)S(C)(=O)=O)ccc1OC,0,authentic,authentic,,,O=C(NCC1CCCN1)c1ccccc1,train,369.48700000000014,1.3051000000000004,0.7838463793394242,25,42
subcategory_halogen-walk.F->Cl_421,NS(=O)(=O)c1cc(S(N)(=O)=O)c(NC(=O)Nc2ccccc2)cc1Cl,0,authentic,authentic,,,O=C(Nc1ccccc1)Nc1ccccc1,train,404.85699999999997,1.2788000000000002,0.6019159976890143,25,49
subcategory_halogen-walk.F->Cl_520,N[C@@H](Cc1ccc(OCc2ccccc2)cc1)C(=O)O.O=C(O)C(F)(F)F,0,authentic,authentic,,,c1ccc(COc2ccccc2)cc1,train,385.338,2.853300000000001,0.705414670567774,27,51
subcategory_halogen-walk.F->Cl_1153,CN(C)C[C@H](F)C[C@]1(c2cccc(Cl)c2)OCc2cc(C#N)ccc21,1,halogen-walk,F->Cl,CN(C)C[C@H](F)C[C@]1(c2ccc(F)cc2)OCc2cc(C#N)ccc21,6,c1ccc(C2OCc3ccccc32)cc1,train,358.8440000000001,4.275280000000003,0.8001790844731991,25,50
subcategory_halogen-walk.F->Cl_443,C[N+]1(C)[C@@H]2CC(OC(=O)C(O)(c3cccs3)c3cccs3)C[C@H]1C[C@@H]1O[C@@H]1C2,0,authentic,authentic,,,O=C(OC1C[C@@H]2C[C@H]3O[C@H]3C[C@H](C1)[NH2+]2)C(c1cccs1)c1cccs1,train,420.5760000000002,3.1259000000000015,0.46907314379782183,28,71
subcategory_halogen-walk.F->Cl_444,COc1ccc(C2C(CCC(O)c3ccc(Br)cc3)C(=O)N2c2ccc(F)cc2)cc1,0,authentic,authentic,,,O=C1C(CCCc2ccccc2)C(c2ccccc2)N1c1ccccc1,train,484.3650000000001,5.8147000000000055,0.43066047661905305,31,53
subcategory_halogen-walk.F->Cl_390,CNS(=O)(=O)c1ccc(CCCNC(=O)c2cc(Cl)ccc2OC)cc1,0,authentic,authentic,,,O=C(NCCCc1ccccc1)c1ccccc1,train,396.8960000000001,2.6193,0.6715686036393362,26,44
subcategory_halogen-walk.F->Cl_336,COc1cc(N)c(Cl)cc1C(=O)NC1CCN(CC2CCN(CCC(C)CN(C)C)CC2)CC1,0,authentic,authentic,,,O=C(NC1CCN(CC2CCNCC2)CC1)c1ccccc1,test,494.12400000000054,3.424800000000002,0.4863496066660611,34,56
subcategory_halogen-walk.F->Cl_1037,NC(=O)CCCCOc1ccc(OCCCl)cc1C(=O)NCC1CCCCN1,1,halogen-walk,F->Cl,NC(=O)CCCCOc1ccc(OCC(F)(F)F)cc1C(=O)NCC1CCCCN1,13 14 15,O=C(NCC1CCCCN1)c1ccccc1,train,411.93000000000023,2.2104999999999997,0.3612071695965931,28,41
subcategory_halogen-walk.F->Cl_312,COc1ccc2c(c1)c(/C=C/CCCC(=O)O)c(C)n2C(=O)c1ccc(Cl)cc1,0,authentic,authentic,,,O=C(c1ccccc1)n1ccc2ccccc21,train,411.8850000000001,5.568320000000004,0.515934972433952,29,53
subcategory_halogen-walk.F->Cl_424,O=C(CCC(=O)N1CCC(c2noc3cc(F)ccc23)CC1)NC1CC1,0,authentic,authentic,,,O=C(CCC(=O)N1CCC(c2noc3ccccc23)CC1)NC1CC1,val,359.4010000000002,2.731700000000001,0.8906386363580164,26,44
subcategory_halogen-walk.F->Cl_796,Cc1cc(=O)n2c(CCN3CCC(c4noc5cc(F)ccc45)CC3)c(C)sc2n1,0,authentic,authentic,,,O=c1ccnc2scc(CCN3CCC(c4noc5ccccc45)CC3)n12,train,426.51700000000017,4.0752400000000035,0.4921539988760102,30,51
subcategory_halogen-walk.F->Cl_727,CCN(CC)CCOC(=O)c1ccc2c(c1)oc1ccccc12.Cl,0,authentic,authentic,,,c1ccc2c(c1)oc1ccccc12,train,347.84200000000004,4.506400000000005,0.6153267446763806,24,39
subcategory_halogen-walk.F->Cl_181,NS(=O)(=O)c1ccccc1-c1ccc(NC(=O)C(CC(=O)Nc2ccc(Br)cn2)NC(=O)c2ccccc2)cc1,0,authentic,authentic,,,O=C(CC(NC(=O)c1ccccc1)C(=O)Nc1ccc(-c2ccccc2)cc1)Nc1ccccn1,test,622.5010000000001,3.924400000000002,0.22141268507163908,40,71
subcategory_halogen-walk.F->Cl_1219,CC[C@@]1(O)CCC[C@@H]2CN(Cc3cccc(Cl)c3)C[C@@H]21,1,halogen-walk,F->Cl,CC[C@@]1(O)CCC[C@@H]2CN(Cc3ccc(F)c(OC)c3)C[C@@H]21,6,c1ccc(CN2C[C@H]3CCCC[C@H]3C2)cc1,train,293.838,3.7130000000000027,0.9181382712147649,20,47
subcategory_halogen-walk.F->Cl_269,O=C(O)CO[C@H]1CN(CC(=O)N(F)c2ccc(-n3ccccc3=O)cc2)C[C@@H]1NC(=O)c1ccc(Cl)s1,0,authentic,authentic,,,O=C(CN1CC[C@@H](NC(=O)c2cccs2)C1)Nc1ccc(-n2ccccc2=O)cc1,val,548.9800000000002,2.3538999999999994,0.39371097700609414,37,74
subcategory_halogen-walk.F->Cl_98,CC(C)C(=O)CCCCN1C(=O)O[C@](C#CC2CC2)(C(F)(F)F)c2cc(Cl)ccc21,0,authentic,authentic,,,O=C1Nc2ccccc2C(C#CC2CC2)O1,train,441.8770000000001,5.863000000000005,0.40985480357892823,30,59
subcategory_halogen-walk.F->Cl_446,CCOC(=O)[C@H](CCc1ccc(F)cc1)N[C@@H](C)C(=O)N1[C@H](C(=O)O)C[C@@H]2CCC[C@@H]21,0,authentic,authentic,,,O=C(CNCCCc1ccccc1)N1CC[C@@H]2CCC[C@@H]21,train,434.5080000000003,2.5222999999999995,0.5801296989626711,31,77
subcategory_halogen-walk.F->Cl_1540,COc1cccc2c1CC[C@H](CN1CCC(c3ccccc3Cl)CC1)C[C@H]2O,1,halogen-walk,F->Cl,COc1cccc2c1CC[C@H](CN1CCC(c3cccc(F)c3)CC1)C[C@H]2O,7,c1ccc(C2CCN(CC3CCc4ccccc4CC3)CC2)cc1,train,399.96200000000016,5.214100000000006,0.7156804101692986,28,49
subcategory_halogen-walk.F->Cl_1013,O=C(C[C@H](O)[C@@H](O)CNC[C@H](O)[C@@H]1CC(=O)c2cc(F)ccc2O1)c1ccccc1Cl,1,halogen-walk,F->Cl,O=C1C[C@@H]([C@@H](O)CNC[C@H](O)[C@@H]2CC(=O)c3cc(F)ccc3O2)Oc2ccc(F)cc21,0 1 2 3 4 5 6 7 8 9 10 12,O=C1C[C@@H](CCNCC[C@@H]2CC(=O)c3ccccc3O2)Oc2ccccc21,train,451.87800000000016,1.7581999999999993,0.42915460938101907,31,70
subcategory_halogen-walk.F->Cl_812,COc1ccc(-n2nc(Cl)c3c2C(=O)N(c2ccc(N4C=NCCC4)cc2)CC3)cc1,1,halogen-walk,F->Cl,COc1ccc(-n2nc(C(F)(F)F)c3c2C(=O)N(c2ccc(N4C=NCCC4)cc2)CC3)cc1,1,O=C1c2c(cnn2-c2ccccc2)CCN1c1ccc(N2C=NCCC2)cc1,train,435.91500000000025,3.9756000000000027,0.6215667477209781,31,55
subcategory_halogen-walk.F->Cl_1315,OC1=C2C(=Nc3ccnn3C2c2ccccc2Cl)CCC1,1,halogen-walk,F->Cl,OC1=C2C(=Nc3ccnn3C2c2ccc(F)cc2)CCC1,7,C1=C2C(=Nc3ccnn3C2c2ccccc2)CCC1,train,299.76100000000014,4.208000000000003,0.8573357832083319,21,34
subcategory_halogen-walk.F->Cl_701,C=C1CC[C@@]2(O)[C@H]3Cc4ccc(O)c5c4[C@@]2(CCN3CC2CC2)[C@H]1O5.Cl.O.O,0,authentic,authentic,,,C=C1CCC2[C@H]3Cc4cccc5c4[C@@]2(CCN3CC2CC2)[C@H]1O5,test,411.9260000000002,1.2849000000000008,0.7127834185585307,28,67
subcategory_halogen-walk.F->Cl_1294,COc1cc2c(cc1OC)C(=O)C(CC1CCN(c3ccccc3Cl)CC1)C2,1,halogen-walk,F->Cl,COc1cc2c(cc1OC)C(=O)C(CC1CCN(c3cccc(F)c3)CC1)C2,7,O=C1c2ccccc2CC1CC1CCN(c2ccccc2)CC1,train,399.9180000000001,5.018900000000005,0.7072372391446542,28,46
subcategory_halogen-walk.F->Cl_930,Clc1cccc([C@@H]2CCN(CCCc3ccccc3)C[C@H]2COc2ccc3c(c2)OCO3)c1,1,halogen-walk,F->Cl,Fc1ccc([C@@H]2CCN(CCCc3ccccc3)C[C@H]2COc2ccc3c(c2)OCO3)cc1,0 1 2 3 4 5 7 8 9 10 11 12 13 14 15 16 17 18 19 20 21 22 23 24 25 26 27 28 29 30 31,c1ccc(CCCN2CC[C@@H](c3ccccc3)[C@H](COc3ccc4c(c3)OCO4)C2)cc1,train,464.0050000000002,6.186000000000006,0.39846599134397237,33,59
subcategory_halogen-walk.F->Cl_1285,CCCCN(CCCC)CC(O)COc1ccccc1C(=O)CCc1ccccc1Cl,1,halogen-walk,F->Cl,CCCCN(CCCC)CC(O)COc1ccccc1C(=O)CCc1ccc(F)cc1,0 1 2 3 4 5 6 7 8 9 10 11 12 13 14 15 16 17 18 19 20 21 22 24 25 26 27 28 29,O=C(CCc1ccccc1)c1ccccc1,train,446.0310000000002,5.797400000000008,0.3519197680574908,31,43
subcategory_halogen-walk.F->Cl_146,CON(C)C(=O)CC1Sc2ccccc2NC1=O,0,authentic,authentic,,,O=C1CSc2ccccc2N1,val,266.322,1.5092999999999996,0.8424950162606655,18,28
subcategory_halogen-walk.F->Cl_908,C[C@H]([C@](O)(Cn1cncn1)c1ccccc1Cl)S(=O)(=O)N(C)CC(F)(F)F,1,halogen-walk,F->Cl,C[C@H]([C@](O)(Cn1cncn1)c1ccc(F)cc1F)S(=O)(=O)N(C)CC(F)(F)F,0 1 3 4 5 6 7 8 9 10 11 12 13 14 15 16 17 18 19 20 21 22 23 24 25 26,c1ccc(CCn2cncn2)cc1,train,426.8480000000001,2.0317000000000003,0.7315090514311329,27,57
subcategory_halogen-walk.F->Cl_1001,COc1ccc(-c2nc(C)c(C(=O)O)s2)cc1OCc1ccccc1Cl,1,halogen-walk,F->Cl,COc1ccc(-c2nc(C)c(C(=O)O)s2)cc1OCc1ccc(F)cc1,0 1 2 3 4 5 6 7 8 9 10 11 12 13 14 15 16 17 19 20 21 22 23 24,c1ccc(COc2cccc(-c3nccs3)c2)cc1,train,389.8600000000001,5.057720000000002,0.6378632342822652,26,43
subcategory_halogen-walk.F->Cl_432,CN(C)Cc1ccccc1Sc1ccc(Br)cc1N,0,authentic,authentic,,,c1ccc(Sc2ccccc2)cc1,train,337.286,4.244100000000003,0.8462323855655783,19,28
subcategory_halogen-walk.F->Cl_504,CO[C@@H]1C([C@](C)(O)C(C)(C)C)[C@H]2CC[C@@]13Oc1c(O)ccc4c1[C@@]31CCN(CC3CC3)[C@H](C4)C21,0,authentic,authentic,,,c1cc2c3c(c1)O[C@]14CC[C@H](CC1)C1[C@@H](C2)N(CC2CC2)CC[C@@]314,val,467.6500000000003,4.269700000000004,0.6925550487828969,34,88
subcategory_halogen-walk.F->Cl_642,C(#Cc1nc(-c2ccccc2)nc2c1ncn2Cc1ccccc1)c1ccccc1,0,authentic,authentic,,,C(#Cc1nc(-c2ccccc2)nc2c1ncn2Cc1ccccc1)c1ccccc1,val,386.458,4.941400000000004,0.4125654044854863,30,46
subcategory_halogen-walk.F->Cl_1120,COc1ccc(Cl)cc1[C@@]1(F)C(=O)Nc2cc(Cl)ccc21,1,halogen-walk,F->Cl,COc1ccc(Cl)cc1[C@@]1(F)C(=O)Nc2cc(C(F)(F)F)ccc21,0 1 2 3 4 5 6 7 8 9 10 11 12 13 14 15 17 18 19,O=C1Nc2ccccc2C1c1ccccc1,val,326.15400000000005,4.167200000000002,0.8995480398222224,21,42
subcategory_halogen-walk.F->Cl_842,O=C(NCCc1cccc(Cl)c1)n1ccnc1,1,halogen-walk,F->Cl,O=C(NCCc1cccc(C(F)(F)F)c1)n1ccnc1,1,O=C(NCCc1ccccc1)n1ccnc1,test,249.70100000000002,2.336900000000001,0.9076787037852255,17,27
subcategory_halogen-walk.F->Cl_272,COc1cccc(-c2cc(O)c3cccnc3n2)c1,0,authentic,authentic,,,c1ccc(-c2ccc3cccnc3n2)cc1,test,252.273,3.011000000000001,0.7613211619299357,19,30
subcategory_halogen-walk.F->Cl_1378,CCOC(=O)C[C@@H](O)C[C@H](O)C=Cc1c(C2CC2)nc2ccccc2c1-c1ccccc1Cl,1,halogen-walk,F->Cl,CCOC(=O)C[C@@H](O)C[C@H](O)C=Cc1c(C2CC2)nc2ccccc2c1-c1ccc(F)cc1,0 1 2 3 4 5 6 7 8 9 10 11 12 13 14 15 16 17 18 19 20 21 22 23 24 26 27 28 29 30 31,c1ccc(-c2cc(C3CC3)nc3ccccc23)cc1,train,465.9770000000001,5.510900000000005,0.4070929550197821,33,62
subcategory_halogen-walk.F->Cl_1436,CN(C)CCCC(c1cccc(Cl)c1)c1ccc(C#N)cc1CO,1,halogen-walk,F->Cl,CN(C)CCCC(c1ccc(F)cc1)c1ccc(C#N)cc1CO,6,c1ccc(Cc2ccccc2)cc1,train,342.8700000000001,4.177680000000004,0.8207524348181799,24,38
subcategory_halogen-walk.F->Cl_1277,O=C1CC(NC(=O)c2ccc(Cl)cc2OCC2CCOC2)CCN1,1,halogen-walk,F->Cl,O=C1CC(NC(=O)c2ccc(C(F)(F)F)cc2OCC2CCOC2)CCN1,0 1 2 3 4 5 6 7 8 9 11 12 13 14 15 16 17 18 19 20 21 22 23,O=C1CC(NC(=O)c2ccccc2OCC2CCOC2)CCN1,val,352.8180000000002,1.7636999999999998,0.8462918413001969,24,39
subcategory_halogen-walk.F->Cl_1002,CC(C)c1c(/C=C/C(O)CC(O)CC(=O)O)c(-c2cccc(Cl)c2)nn2cccc12,1,halogen-walk,F->Cl,CC(C)c1c(/C=C/C(O)CC(O)CC(=O)O)c(-c2ccc(F)cc2)nn2cccc12,0 1 2 3 4 5 6 7 8 9 10 11 12 13 14 15 17 18 19 20 21 22 23 24 25 26 27 28 29,c1ccc(-c2ccc3cccn3n2)cc1,train,428.916,4.377900000000003,0.49458870850031295,30,56
subcategory_halogen-walk.F->Cl_1507,COc1cc2c(cc1OC)C(=O)C(CC1(F)CCN(CCc3ccccc3Cl)CC1)C2,1,halogen-walk,F->Cl,COc1cc2c(cc1OC)C(=O)C(CC1(F)CCN(CCc3ccc(F)cc3)CC1)C2,0 1 2 3 4 5 6 7 8 9 10 11 12 13 14 15 16 17 18 19 21 22 23 24 25 26 27 28 29 30,O=C1c2ccccc2CC1CC1CCN(CCc2ccccc2)CC1,train,445.9620000000002,5.149100000000005,0.5904751528961315,31,51
subcategory_halogen-walk.F->Cl_1052,COC(=O)CC(=O)CC(O)/C=C/c1c(-c2cccc(Cl)c2)c(-c2ccccc2)c(C)n1C(C)C,1,halogen-walk,F->Cl,COC(=O)CC(=O)CC(O)/C=C/c1c(-c2ccc(F)cc2)c(-c2ccccc2)c(C)n1C(C)C,13 14 15 16 17 18 19 20,c1ccc(-c2c[nH]cc2-c2ccccc2)cc1,test,480.0040000000002,6.261220000000006,0.29021179911407863,34,64
subcategory_halogen-walk.F->Cl_1137,CC(C(=O)N[C@]1(c2ccccc2)CC[C@@H](N2CCN(c3ccccc3)C(=O)C2)CC1)c1cc(Cl)cc(C(F)(F)F)c1,1,halogen-walk,F->Cl,CC(C(=O)N[C@]1(c2ccccc2)CC[C@@H](N2CCN(c3ccccc3)C(=O)C2)CC1)c1cc(C(F)(F)F)cc(C(F)(F)F)c1,32 33,O=C(Cc1ccccc1)N[C@]1(c2ccccc2)CC[C@@H](N2CCN(c3ccccc3)C(=O)C2)CC1,train,584.0820000000004,6.765400000000007,0.34858685728248245,41,82
subcategory_halogen-walk.F->Cl_1151,Cc1ccccc1C(=O)N1CCC(N2CCN([C@@H](C)c3ccc(S(=O)(=O)c4cccc(Cl)c4)cc3)[C@H](C)C2)CC1,1,halogen-walk,F->Cl,Cc1ccccc1C(=O)N1CCC(N2CCN([C@@H](C)c3ccc(S(=O)(=O)c4cccc(C(F)(F)F)c4)cc3)[C@H](C)C2)CC1,0 1 2 3 4 5 6 7 8 9 10 11 12 13 14 15 16 17 18 19 20 21 22 23 24 25 26 27 28 29 31 32 33 34 35 36 37 38 39,O=C(c1ccccc1)N1CCC(N2CCN(Cc3ccc(S(=O)(=O)c4ccccc4)cc3)CC2)CC1,train,580.1939999999998,5.853120000000007,0.36637017504034924,40,81
subcategory_halogen-walk.F->Cl_910,NCCC(=O)N[C@H](Cc1ccc(Cl)cc1Cl)C(=O)N1CCN(C2(CNCc3ccccc3Cl)CCCCC2)CC1,1,halogen-walk,F->Cl,NCCC(=O)N[C@H](Cc1ccc(Cl)cc1Cl)C(=O)N1CCN(C2(CNC(=O)c3ccc(F)cc3)CCCCC2)CC1,24 25 26 27 28 29 30 31 32,O=C(NCC1(N2CCN(C(=O)CCc3ccccc3)CC2)CCCCC1)c1ccccc1,train,609.0419999999998,4.659800000000005,0.3453483491268434,40,69
subcategory_halogen-walk.F->Cl_4,CC(=O)N1CCN(C(=O)C[C@H](Cc2ccc(Cl)cc2)C(=O)N2CCN(c3ccccc3N(CC3CC3)S(C)(=O)=O)CC2)CC1,0,authentic,authentic,,,O=C(C[C@H](Cc1ccccc1)C(=O)N1CCN(c2ccccc2NCC2CC2)CC1)N1CCNCC1,train,644.238,3.104300000000002,0.3945301524098026,44,84
subcategory_halogen-walk.F->Cl_1376,Fc1ccc(-c2c(-c3ccccc3Cl)nc3n2CCS3)cc1,1,halogen-walk,F->Cl,Fc1ccc(-c2nc3n(c2-c2ccc(F)cc2)CCS3)cc1,0 1 2 3 4 5 7 8 9 10 11 12 13 14 15 16 17 18 19 20 21,c1ccc(-c2nc3n(c2-c2ccccc2)CCS3)cc1,train,330.8150000000001,5.115300000000003,0.6490643769346562,22,37
subcategory_halogen-walk.F->Cl_515,COc1ccc(/C=C/c2cc(OC)cc(OC)c2/C=C/C(=O)NC2CCCCC2)cc1,0,authentic,authentic,,,O=C(/C=C/c1ccccc1/C=C/c1ccccc1)NC1CCCCC1,train,421.5370000000002,5.344900000000005,0.4614083294230395,31,52
subcategory_halogen-walk.F->Cl_118,C[C@@]1(c2ccccc2)NC(=O)N(CC(=O)NCC(F)(F)F)C1=O,0,authentic,authentic,,,O=C1NC(=O)C(c2ccccc2)N1,train,329.27799999999996,1.1320999999999999,0.8130934166643781,23,46
subcategory_halogen-walk.F->Cl_557,CCN(CC)CCCN(CC)CCCCCCNc1ccnc2cc(Cl)ccc12,0,authentic,authentic,,,c1ccc2ncccc2c1,train,419.0570000000001,5.914300000000006,0.3638421994576796,29,40
subcategory_halogen-walk.F->Cl_363,Cn1cc(NC(=O)c2ccc(NC(=O)c3cc(NC(=O)c4sccc4Cl)cn3C)cc2)cc1C(=O)NCCN1CCOCC1,0,authentic,authentic,,,O=C(Nc1c[nH]c(C(=O)NCCN2CCOCC2)c1)c1ccc(NC(=O)c2cc(NC(=O)c3cccs3)c[nH]2)cc1,train,638.1499999999997,3.897400000000002,0.20811716254332116,44,73
subcategory_halogen-walk.F->Cl_676,CC(=O)N1CCN(S(=O)(=O)c2ccc(-c3cnc(N)c(C(=O)Nc4cccnc4)n3)cc2)CC1,0,authentic,authentic,,,O=C(Nc1cccnc1)c1cncc(-c2ccc(S(=O)(=O)N3CCNCC3)cc2)n1,train,481.53800000000024,1.225899999999999,0.5519726963209999,34,63
subcategory_halogen-walk.F->Cl_578,O=C(O)C1CCc2cc(Cl)ccc2N1C(=O)CCS,0,authentic,authentic,,,c1ccc2c(c1)CCCN2,train,299.779,2.392300000000001,0.8427159382327813,19,32
subcategory_halogen-walk.F->Cl_687,COc1cccc(C23CCCN(C)C(CC2)C3)c1.O=C(O)C(=O)O,0,authentic,authentic,,,c1ccc(C23CCCNC(CC2)C3)cc1,train,335.40000000000003,2.3667,0.8069888502784966,24,43
subcategory_halogen-walk.F->Cl_876,CC(C)(O)c1nc(-c2ccccc2Cl)c(-c2ccncc2)[nH]1,1,halogen-walk,F->Cl,CC(C)(O)c1nc(-c2ccc(F)cc2)c(-c2ccncc2)[nH]1,7,c1ccc(-c2nc[nH]c2-c2ccncc2)cc1,train,313.788,4.0195000000000025,0.7674025589981138,22,42
subcategory_halogen-walk.F->Cl_458,C=CCN1CC[C@H](c2ccc(F)cc2)[C@@H](COc2ccc3c(c2)OCO3)C1,0,authentic,authentic,,,c1ccc([C@H]2CCNC[C@@H]2COc2ccc3c(c2)OCO3)cc1,train,369.43600000000015,4.224900000000004,0.7134625737124044,27,53
subcategory_halogen-walk.F->Cl_30,COc1cc(N)c(Cl)cc1C(=O)NC1(C)CCN(CCCOc2ccc(F)cc2)CC1,0,authentic,authentic,,,O=C(NC1CCN(CCCOc2ccccc2)CC1)c1ccccc1,test,449.9540000000003,4.123300000000004,0.46791023569829426,31,51
subcategory_halogen-walk.F->Cl_1094,Nc1nnc(-c2cc(Cl)cc(C(F)(F)F)c2)c(-c2cccc(Cl)c2)n1,1,halogen-walk,F->Cl,Nc1nnc(-c2cc(Cl)cc(C(F)(F)F)c2)c(-c2ccc(F)cc2)n1,0 1 2 3 4 5 6 7 8 9 10 11 12 13 14 15 17 18 19 20 21 22 23,c1ccc(-c2ncnnc2-c2ccccc2)cc1,train,385.1760000000001,5.113400000000002,0.6657272957398834,25,49
subcategory_halogen-walk.F->Cl_777,Oc1ccc(/N=C(\S)Nc2ccc(O)cc2)cc1,0,authentic,authentic,,,C(=Nc1ccccc1)Nc1ccccc1,val,260.31800000000004,3.1272,0.29018557475159007,18,31
subcategory_halogen-walk.F->Cl_860,CCn1c(/C=C/[C@@H](O)C[C@@H](O)CC(=O)O)c(-c2cccc(Cl)c2)c2ccccc21,1,halogen-walk,F->Cl,CCn1c(/C=C/[C@@H](O)C[C@@H](O)CC(=O)O)c(-c2ccc(F)cc2)c2ccccc21,0 1 2 3 4 5 6 7 8 9 10 11 12 13 14 16 17 18 19 20 21 22 23 24 25 26 27 28,c1ccc(-c2c[nH]c3ccccc23)cc1,train,413.90100000000007,4.581400000000003,0.5043653907442788,29,63
subcategory_halogen-walk.F->Cl_1443,O=C(NCc1ccccc1Cl)n1ccnc1,1,halogen-walk,F->Cl,O=C(NCc1cccc(F)c1)n1ccnc1,7,O=C(NCc1ccccc1)n1ccnc1,test,235.674,2.2944000000000004,0.8683226472651947,16,24
subcategory_halogen-walk.F->Cl_868,Cc1ccc2c(c1)c(-c1cccc(Cl)c1)c(/C=C/C1CC(O)CC(=O)O1)n2C(C)C,1,halogen-walk,F->Cl,Cc1ccc2c(c1)c(-c1ccc(F)cc1)c(/C=C/C1CC(O)CC(=O)O1)n2C(C)C,7 8 9 10 11 12 13 14,O=C1CCCC(/C=C/c2[nH]c3ccccc3c2-c2ccccc2)O1,train,423.9400000000002,5.930720000000006,0.528807146693679,30,58
subcategory_halogen-walk.F->Cl_342,C=CCOc1ccnc(CS(=O)c2nc3ccc(OC(F)(F)C(F)Cl)cc3[nH]2)c1C,0,authentic,authentic,,,O=S(Cc1ccccn1)c1nc2ccccc2[nH]1,train,459.8770000000001,4.6449200000000035,0.3722397740834409,30,54
subcategory_halogen-walk.F->Cl_1225,CCN(CCNC(=O)C(F)(F)C(F)(F)C(F)(F)C(F)(F)C(F)(F)C(F)(F)Cl)CCNc1ccnc2cc(Cl)ccc12,1,halogen-walk,F->Cl,CCN(CCNC(=O)C(F)(F)C(F)(F)C(F)(F)C(F)(F)C(F)(F)C(F)(F)C(F)(F)F)CCNc1ccnc2cc(Cl)ccc12,23 26,c1ccc2ncccc2c1,train,655.3109999999999,6.746300000000004,0.1749444038894533,41,78
subcategory_halogen-walk.F->Cl_1165,O=C(O)COc1ccc(C2C(CC[C@H](O)c3cccc(Cl)c3)C(=O)N2c2ccc(F)cc2)cc1,1,halogen-walk,F->Cl,O=C(O)COc1ccc(C2C(CC[C@H](O)c3ccc(F)cc3)C(=O)N2c2ccc(F)cc2)cc1,6,O=C1C(CCCc2ccccc2)C(c2ccccc2)N1c1ccccc1,train,483.9230000000002,5.1604000000000045,0.410390141791234,34,63
subcategory_halogen-walk.F->Cl_530,O=C(O)[C@H](Cc1ccc2nc(-c3c(Cl)cccc3Cl)oc2c1)NC(=O)[C@@H]1CCN1S(=O)(=O)c1cc(Cl)cc(Cl)c1,0,authentic,authentic,,,O=C(NCCc1ccc2nc(-c3ccccc3)oc2c1)[C@@H]1CCN1S(=O)(=O)c1ccccc1,test,643.3320000000002,5.683500000000003,0.2527472454918779,40,86
subcategory_halogen-walk.F->Cl_1570,CCC1(c2cccc(Cl)c2)OCc2cc(C#N)ccc21,1,halogen-walk,F->Cl,C=NC.CCC1(c2ccc(F)cc2)OCc2cc(C#N)ccc21,0 1 3 4 5 6 7 8 9 10 11 12 13 14 15 16 17 18 19,c1ccc(C2OCc3ccccc32)cc1,train,283.758,4.395480000000004,0.8184648192693945,20,34
subcategory_halogen-walk.F->Cl_1075,COc1cc2c(cc1OC)C(=O)C(CC1(F)CCN(Cc3ccc(Cl)cc3)CC1)C2,1,halogen-walk,F->Cl,COc1cc2c(cc1OC)C(=O)C(CC1(F)CCN(Cc3ccc(C(F)(F)F)cc3)CC1)C2,0 1 2 3 4 5 6 7 8 9 10 11 12 13 14 15 16 17 18 19 20 21 22 24 25 26 27 28 29,O=C1c2ccccc2CC1CC1CCN(Cc2ccccc2)CC1,train,431.9350000000002,5.106600000000005,0.6369351051368223,30,52
subcategory_halogen-walk.F->Cl_898,CCNC(=O)c1ccccc1OCc1cccc(Cl)c1,1,halogen-walk,F->Cl,CCNC(=O)c1ccccc1OCc1ccc(F)cc1,6,c1ccc(COc2ccccc2)cc1,train,289.76199999999994,3.668700000000002,0.9119056010380325,20,30
subcategory_halogen-walk.F->Cl_912,Fc1ccc(C(CCCN2CCC(c3noc4cc(F)ccc34)CC2)c2cccc(Cl)c2)cc1,1,halogen-walk,F->Cl,Fc1ccc(C(CCCN2CCC(c3noc4cc(F)ccc34)CC2)c2ccc(F)cc2)cc1,6,c1ccc(C(CCCN2CCC(c3noc4ccccc34)CC2)c2ccccc2)cc1,train,480.9860000000002,7.551100000000007,0.2732136495849711,34,55
subcategory_halogen-walk.F->Cl_1456,COc1ccc(-n2nc(Cl)c3c2C(=O)N(c2ccc(C4(NC(=O)C(C)N(C)C)CC4)cc2)CC3)cc1,1,halogen-walk,F->Cl,COc1ccc(-n2nc(C(F)(F)F)c3c2C(=O)N(c2ccc(C4(NC(=O)C(C)N(C)C)CC4)cc2)CC3)cc1,0 1 2 3 4 5 6 7 9 10 11 12 13 14 15 16 17 18 19 20 21 22 23 24 25 26 27 28 29 30 31 32 33 34 35,O=C1c2c(cnn2-c2ccccc2)CCN1c1ccc(C2CC2)cc1,train,508.02200000000033,3.792600000000003,0.5260489786975917,36,68
subcategory_halogen-walk.F->Cl_588,CC1(C)Oc2ccc(C#N)cc2C(N2CCCC2=O)[C@@H]1O,0,authentic,authentic,,,O=C1CCCN1C1CCOc2ccccc21,test,286.33099999999996,1.7536799999999997,0.8533089232658041,21,40
subcategory_halogen-walk.F->Cl_1138,O=C(O)C1Cc2cc3c(-c4cccc(Cl)c4Cl)noc3c(Cl)c2O1,1,halogen-walk,F->Cl,O=C(O)C1Cc2cc3c(-c4ccc(F)cc4)noc3c(Cl)c2O1,0 1 2 3 4 5 6 7 9 10 11 12 13 14 15 16 17 18 19 20 21 22 23,c1ccc(-c2noc3cc4c(cc23)CCO4)cc1,test,384.60200000000015,4.8431000000000015,0.6840018568882976,24,45
subcategory_halogen-walk.F->Cl_1328,C[C@@H](n1ccnn1)[C@](O)(Cn1cncn1)c1cccc(Cl)c1,1,halogen-walk,F->Cl,C[C@@H](n1ccnn1)[C@](O)(Cn1cncn1)c1ccc(F)cc1F,0 1 2 3 4 5 6 8 9 10 11 12 13 14 15 16 17 18 19 20,c1ccc(C(Cn2cncn2)Cn2ccnn2)cc1,val,318.76800000000003,1.6719999999999997,0.7735936421943949,22,45
subcategory_halogen-walk.F->Cl_1000,CSc1cccc(-c2nc(-c3cccc(Cl)c3)c(-c3ccncc3)[nH]2)c1,1,halogen-walk,F->Cl,CSc1cccc(-c2nc(-c3ccc(F)cc3)c(-c3ccncc3)[nH]2)c1,0 1 2 3 4 5 6 7 8 10 11 12 13 14 15 16 17 18 19 20 21 22 23 24 25,c1ccc(-c2nc(-c3ccccc3)c(-c3ccncc3)[nH]2)cc1,train,377.90000000000003,6.1810000000000045,0.43147593728068884,26,49
subcategory_halogen-walk.F->Cl_1230,OC(c1ccc(F)cc1)C(O)(Cn1cncn1)c1ccccc1Cl,1,halogen-walk,F->Cl,OC(c1ccc(F)cc1)C(O)(Cn1cncn1)c1ccc(F)cc1,7,c1ccc(CC(Cn2cncn2)c2ccccc2)cc1,train,347.77700000000004,2.692000000000001,0.7441089568640767,24,39
subcategory_halogen-walk.F->Cl_380,[2H]C1([2H])CN(C2=Nc3ccccc3Sc3ccccc32)CC([2H])([2H])N1C([2H])([2H])C([2H])([2H])OCCO,0,authentic,authentic,,,c1ccc2c(c1)N=C(N1CCNCC1)c1ccccc1S2,train,391.5658142240002,2.856000000000002,0.849323548068011,27,84
subcategory_halogen-walk.F->Cl_1161,CCn1nc(Cc2ccc(S(C)(=O)=O)cc2)cc1C1CCN(C[C@H]2CN([C@@H](C(=O)O)C(C)C)C[C@@H]2c2ccccc2Cl)CC1,1,halogen-walk,F->Cl,CCn1nc(Cc2ccc(S(C)(=O)=O)cc2)cc1C1CCN(C[C@H]2CN([C@@H](C(=O)O)C(C)C)C[C@@H]2c2cccc(F)c2)CC1,7,c1ccc(Cc2cc(C3CCN(C[C@H]4CNC[C@@H]4c4ccccc4)CC3)[nH]n2)cc1,val,641.2780000000001,5.554900000000005,0.293420226038231,44,90
subcategory_halogen-walk.F->Cl_589,[2H]c1c(C)c(C)c(Cl)c(Cl)c1N1C(C)CN(CC(C)CC(C)Oc2cc3c(cc2C)C(C)CC(=O)N3)CC1C,0,authentic,authentic,,,O=C1CCc2ccc(OCCCCN3CCN(c4ccccc4)CC3)cc2N1,train,561.6161017780004,7.757060000000009,0.37542693020840157,38,75
subcategory_halogen-walk.F->Cl_100,COc1cnc(CS(=O)c2nc3cc(OC(F)F)c(F)cc3[nH]2)cc1OC,0,authentic,authentic,,,O=S(Cc1ccccn1)c1nc2ccccc2[nH]1,train,401.3660000000001,3.0234000000000005,0.6550572378291087,27,47
subcategory_halogen-walk.F->Cl_1298,CCCCN(CC(O)(Cn1cncn1)c1ccccc1Cl)c1[nH]c(=O)ncc1F,1,halogen-walk,F->Cl,CCCCN(CC(O)(Cn1cncn1)c1ccc(F)cc1F)c1[nH]c(=O)ncc1F,0 1 2 3 4 5 7 8 9 10 11 12 13 14 15 16 17 18 19 20 21 22 23 24 25 26 27 28,O=c1nccc(NCC(Cn2cncn2)c2ccccc2)[nH]1,train,420.87600000000015,2.3484,0.5508504015303446,29,48
subcategory_halogen-walk.F->Cl_1561,Clc1ccccc1-c1ncn(C2CCNCC2)c1-c1ccncc1,1,halogen-walk,F->Cl,Fc1ccc(-c2ncn(C3CCNCC3)c2-c2ccncc2)cc1,0 1 2 3 4 5 6 8 9 10 11 12 13 14 15 16 17 18 19 20 21 22 23,c1ccc(-c2ncn(C3CCNCC3)c2-c2ccncc2)cc1,test,338.842,4.190000000000002,0.7782789813347598,24,37
subcategory_halogen-walk.F->Cl_445,Nc1nc2c(ncn2[C@@H](CF)O[C@@H](CO)COP(=O)(O)OP(=O)(O)O)c(=O)[nH]1,0,authentic,authentic,,,O=c1[nH]cnc2[nH]cnc12,train,447.20900000000006,-1.2263000000000004,0.23456466895937017,28,64
subcategory_halogen-walk.F->Cl_949,Oc1cc(O)c2cc(-c3ccccc3Cl)sc2c1,1,halogen-walk,F->Cl,Oc1cc(O)c2cc(-c3ccc(O)c(F)c3)sc2c1,7,c1ccc(-c2cc3ccccc3s2)cc1,train,276.744,4.632900000000002,0.6800237103385455,18,30
subcategory_halogen-walk.F->Cl_1300,CCCn1c(/C=C/[C@H](O)C[C@H](O)CC(=O)OC(C)(C)C)c(-c2cccc(Cl)c2)c2ccccc21,1,halogen-walk,F->Cl,CCCn1c(/C=C/[C@H](O)C[C@H](O)CC(=O)OC(C)(C)C)c(-c2ccc(F)cc2)c2ccccc21,0 1 2 3 4 5 6 7 8 9 10 11 12 13 14 15 16 17 18 19 21 22 23 24 25 26 27 28 29 30 31 32 33,c1ccc(-c2c[nH]c3ccccc23)cc1,train,484.0360000000002,6.228600000000006,0.35378770248513214,34,70
subcategory_halogen-walk.F->Cl_1337,Cc1nc2ccccn2c(=O)c1CCN1CCC(C(=O)c2ccccc2Cl)CC1,1,halogen-walk,F->Cl,Cc1nc2ccccn2c(=O)c1CCN1CCC(C(=O)c2ccc(F)cc2)CC1,7,O=C(c1ccccc1)C1CCN(CCc2cnc3ccccn3c2=O)CC1,train,409.91700000000003,3.793720000000003,0.60138557904017,29,46
subcategory_halogen-walk.F->Cl_975,CCOC(=O)CC(O)C=Cc1c(-c2ccccc2Cl)c2ccccc2n1C(C)C,1,halogen-walk,F->Cl,CCOC(=O)CC(O)C=Cc1c(-c2ccc(F)cc2)c2ccccc2n1C(C)C,7,c1ccc(-c2c[nH]c3ccccc23)cc1,train,411.92900000000014,5.869900000000005,0.4944145639549176,29,47
subcategory_halogen-walk.F->Cl_1346,CC(C)NC(=O)c1ccccc1OCc1cccc(Cl)c1,1,halogen-walk,F->Cl,CC(C)NC(=O)c1ccccc1OCc1ccc(F)cc1,12 13 14 15 16 17 18 19 20,c1ccc(COc2ccccc2)cc1,train,303.789,4.057200000000003,0.9044140684190026,21,33
subcategory_halogen-walk.F->Cl_564,CCCn1c(=O)n(C)c(=O)c2[nH]c(-c3cccnc3)nc21,0,authentic,authentic,,,O=c1[nH]c(=O)c2[nH]c(-c3cccnc3)nc2[nH]1,val,285.307,0.8952999999999993,0.7742429625373846,21,41
subcategory_halogen-walk.F->Cl_480,CCc1nc(-c2ccc(OC)cc2F)sc1C(=O)O,0,authentic,authentic,,,c1ccc(-c2nccs2)cc1,train,281.308,3.2184000000000017,0.934412545788307,19,31
subcategory_halogen-walk.F->Cl_955,CN(CCCC1(c2cccc(Cl)c2)OCc2cc(C#N)ccc21)CC(=O)O,1,halogen-walk,F->Cl,Cc1cc(C2(CCCN(C)CC(=O)O)OCc3cc(C#N)ccc32)ccc1F.Cl,0 1 2 3 4 6 7 8 9 10 11 12 13 14 15 16 17 18 19 20 21 22 23 24 25 26,c1ccc(C2OCc3ccccc32)cc1,train,384.86300000000017,3.7820800000000014,0.7858553987392094,27,46
subcategory_halogen-walk.F->Cl_535,Cc1ccc2c(-c3ccc(F)cc3)c(/C=C/[C@H](O)C[C@H](O)CC(=O)OC(C)(C)C)n(C(C)C)c2c1,0,authentic,authentic,,,c1ccc(-c2c[nH]c3ccccc23)cc1,train,481.6080000000003,6.193620000000006,0.37624391928519724,35,74
subcategory_halogen-walk.F->Cl_435,CC(C)(C)NS(=O)(=O)CC[C@@H]1O[C@@H]1[C@H](Cc1ccccc1)NC(=O)[C@@H](NC(=O)OCc1ccccc1)C(C)(C)S(C)(=O)=O,0,authentic,authentic,,,O=C(CNC(=O)OCc1ccccc1)N[C@@H](Cc1ccccc1)[C@@H]1CO1,train,637.8210000000001,2.7075000000000022,0.2667253777720932,43,98
subcategory_halogen-walk.F->Cl_160,Cl.O=C(c1ccccc1Oc1ccccc1)N(CC(F)(F)F)[C@H]1CCNC1,0,authentic,authentic,,,O=C(N[C@H]1CCNC1)c1ccccc1Oc1ccccc1,train,400.82800000000015,4.267100000000004,0.8146741551668644,27,48
subcategory_halogen-walk.F->Cl_816,COc1cccc(-c2ccc3nc(Cl)nc(NC(C)(C)C)c3c2)c1,1,halogen-walk,F->Cl,COc1cccc(-c2ccc3nc(C(F)(F)F)nc(NC(C)(C)C)c3c2)c1,0 1 2 3 4 5 6 7 8 9 10 11 13 14 15 16 17 18 19 20 21 22 23,c1ccc(-c2ccc3ncncc3c2)cc1,train,341.8420000000001,5.169200000000004,0.6675123668768393,24,42
subcategory_halogen-walk.F->Cl_640,CC(=O)N1CC[C@@H](c2ccc(O)cc2)[C@@H]1C(=O)N[C@H]1CSSC[C@@H](C(=O)O)NC(=O)[C@@H]2CCCN2C(=O)[C@H](CO)NC1=O,0,authentic,authentic,,,O=C1NCC(=O)N2CCC[C@H]2C(=O)NCCSSC[C@@H]1NC(=O)[C@@H]1NCC[C@H]1c1ccccc1,train,637.7370000000003,-0.9860999999999958,0.21637005731808207,43,103
subcategory_halogen-walk.F->Cl_1065,CC(N1CCC(=Cc2ccccc2)CC1)C(O)(Cn1cncn1)c1cccc(Cl)c1,1,halogen-walk,F->Cl,CC(N1CCC(=Cc2ccccc2)CC1)C(O)(Cn1cncn1)c1ccc(F)cc1F,15 23 24 25 26 27 28 29,C(=C1CCN(CC(Cn2cncn2)c2ccccc2)CC1)c1ccccc1,train,422.96000000000004,4.3872000000000035,0.639767287025313,30,50
subcategory_halogen-walk.F->Cl_240,NC(=O)CS(=O)Cc1cccc2c1Cc1ccccc1-2,0,authentic,authentic,,,c1ccc2c(c1)Cc1ccccc1-2,val,285.368,1.9917999999999996,0.7966475442970321,20,33
subcategory_halogen-walk.F->Cl_50,CCCn1c(=O)c2nn(-c3ccccc3)c(=O)n2c2ccccc21,0,authentic,authentic,,,O=c1[nH]c2ccccc2n2c(=O)n(-c3ccccc3)nc12,train,320.3520000000001,2.2100999999999997,0.5813074494315472,24,41
subcategory_halogen-walk.F->Cl_743,O=C(NC[C@@H]1OC(=O)N2c3ccc(N4CCCCC4=O)cc3SC[C@@H]12)c1ccc(Cl)s1,0,authentic,authentic,,,O=C(NC[C@@H]1OC(=O)N2c3ccc(N4CCCCC4=O)cc3SC[C@@H]12)c1cccs1,val,477.9950000000001,4.1479000000000035,0.7152884564757527,31,63
subcategory_halogen-walk.F->Cl_1245,Clc1ccccc1CC1CCN(CCc2ccccc2)CC1,1,halogen-walk,F->Cl,Fc1ccc(CC2CCN(CCc3ccccc3)CC2)cc1,7,c1ccc(CCN2CCC(Cc3ccccc3)CC2)cc1,train,313.872,4.837200000000004,0.7633745613586004,22,31
subcategory_halogen-walk.F->Cl_807,CC(C)c1c(/C=C/C(O)CC(O)CC(=O)O)c(-c2ccccc2Cl)nn2cccc12,1,halogen-walk,F->Cl,CC(C)c1c(/C=C/C(O)CC(O)CC(=O)O)c(-c2ccc(F)cc2)nn2cccc12,7,c1ccc(-c2ccc3cccn3n2)cc1,train,428.916,4.377900000000003,0.49458870850031295,30,54
subcategory_halogen-walk.F->Cl_552,CN(CCC(Oc1ccc(C(F)(F)F)cc1)c1ccccc1)Cc1ccccc1.Cl,0,authentic,authentic,,,c1ccc(CNCCC(Oc2ccccc2)c2ccccc2)cc1,train,435.9170000000001,6.769400000000006,0.38684171532230566,30,48
subcategory_halogen-walk.F->Cl_1009,O=S1(=O)CCn2c1nc(-c1cccc(Cl)c1)c2-c1ccc(F)cc1,1,halogen-walk,F->Cl,O=S1(=O)CCn2c1nc(-c1ccc(F)cc1)c2-c1ccc(F)cc1,0 1 2 3 4 5 6 7 9 10 11 12 13 14 15 16 17 18 19 20 21 22 23,O=S1(=O)CCn2c1nc(-c1ccccc1)c2-c1ccccc1,test,362.8130000000001,3.7969000000000026,0.6964371642865856,24,45
subcategory_halogen-walk.F->Cl_1139,CC(C)CC1CCNc2cc3nc(O)cc(Cl)c3cc21,1,halogen-walk,F->Cl,CC(C)CC1CCNc2cc3nc(O)cc(C(F)(F)F)c3cc21,1,c1cnc2cc3c(cc2c1)CCCN3,train,290.79400000000004,4.539100000000004,0.853354080863982,20,33
subcategory_halogen-walk.F->Cl_183,O=S(=O)(NCCCN1CCN(CCCNc2ccnc3cc(Cl)ccc23)CC1)c1ccc(Cl)c(Cl)c1Cl,0,authentic,authentic,,,O=S(=O)(NCCCN1CCN(CCCNc2ccnc3ccccc23)CC1)c1ccccc1,test,605.4190000000001,5.636600000000006,0.21794407967431478,37,63
subcategory_halogen-walk.F->Cl_800,CCC(c1cccc(Cl)c1)c1ccc(C#N)cc1COC,1,halogen-walk,F->Cl,CCC(c1ccc(F)cc1)c1ccc(C#N)cc1COC.CCN(C)C,0 1 3 4 5 6 7 8 9 10 11 12 13 14 15 16 17 18 19 20,c1ccc(Cc2ccccc2)cc1,train,299.80100000000004,4.899980000000005,0.78641346141366,21,33
subcategory_halogen-walk.F->Cl_637,COc1cc(N)c(Cl)cc1C(=O)NC1C[C@H]2CC[C@@H](C1)N2,0,authentic,authentic,,,O=C(NC1C[C@H]2CC[C@@H](C1)N2)c1ccccc1,train,309.7970000000001,1.9436,0.745900653224999,21,46
subcategory_halogen-walk.F->Cl_724,CCCCCCCCOc1ccc2c3c1OC1C(O)C=CC4C(C2)N(C)CCC341.Cl,0,authentic,authentic,,,C1=CC2C3Cc4cccc5c4C2(CCN3)C(C1)O5,test,434.02000000000015,4.653600000000005,0.47812933617024267,30,49
subcategory_halogen-walk.F->Cl_976,COc1ccccc1C1(O)CCC(OCc2cccc(Cl)c2)CC1CN(C)C,1,halogen-walk,F->Cl,COc1ccccc1C1(O)CCC(OCc2ccc(F)cc2)CC1CN(C)C,0 1 2 3 4 5 6 7 8 9 10 11 12 14 15 16 17 18 19 20 21 22 23 24 25 26 27,c1ccc(COC2CCC(c3ccccc3)CC2)cc1,train,403.9500000000001,4.483300000000004,0.7394481193816175,28,43
subcategory_halogen-walk.F->Cl_996,CC(=O)c1ccc(N2CCN(C(=O)c3cc(-c4cccc(Cl)c4)[nH]c3C)CC2)cc1,1,halogen-walk,F->Cl,CC(=O)c1ccc(N2CCN(C(=O)c3cc(-c4ccc(F)cc4)[nH]c3C)CC2)cc1,0 1 2 3 4 5 6 7 8 9 10 11 12 13 14 16 17 18 19 20 21 22 23 24 25 26 27 28 29,O=C(c1c[nH]c(-c2ccccc2)c1)N1CCN(c2ccccc2)CC1,train,421.9280000000001,4.808520000000004,0.61490191166273,30,57
subcategory_halogen-walk.F->Cl_710,CCCCCCCCc1c(Cl)c(S(N)(=O)=O)cc(C(=O)OC)c1NCc1ccco1,0,authentic,authentic,,,c1ccc(NCc2ccco2)cc1,train,456.99200000000025,4.882100000000004,0.3473465354397844,30,50
subcategory_halogen-walk.F->Cl_1282,CCOC(=O)CC(/C=C/c1c(-c2ccccc2Cl)c2ccccc2n1C(C)C)OC(=O)COC,1,halogen-walk,F->Cl,CCOC(=O)CC(/C=C/c1c(-c2ccc(F)cc2)c2ccccc2n1C(C)C)OC(=O)COC,7,c1ccc(-c2c[nH]c3ccccc23)cc1,train,483.99200000000025,6.067200000000007,0.32739984345324713,34,57
subcategory_halogen-walk.F->Cl_1322,CS(=O)(=O)N1CCc2c(c(-c3ccc(Cl)cc3)nn2CC(O)CN2CCC(N3C(=O)NCc4ccccc43)CC2)C1,1,halogen-walk,F->Cl,CS(=O)(=O)N1CCc2c(c(-c3ccc(C(F)(F)F)cc3)nn2CC(O)CN2CCC(N3C(=O)NCc4ccccc43)CC2)C1,0 1 2 3 4 5 6 7 8 9 10 11 12 14 15 16 17 18 19 20 21 22 23 24 25 26 27 28 29 30 31 32 33 34 35 36 37 38 39 40,O=C1NCc2ccccc2N1C1CCN(CCCn2nc(-c3ccccc3)c3c2CCNC3)CC1,train,599.1570000000002,3.0763000000000016,0.432470363461733,41,74
subcategory_halogen-walk.F->Cl_1347,CN(C)CCCC1(c2cccc(Cl)c2Cl)OCc2cc(C#N)ccc21,1,halogen-walk,F->Cl,CN(C)CCCC1(c2ccc(F)cc2)OCc2cc(C#N)ccc21.N,6 7 8 9 10 11 12 13 14,c1ccc(C2OCc3ccccc32)cc1,train,375.29900000000015,4.980680000000005,0.7395456658013728,25,42
subcategory_halogen-walk.F->Cl_1231,CC(C)n1c(C=CC(O)CC(O)CC(=O)O)c(-c2cccc(Cl)c2)c2cnccc21,1,halogen-walk,F->Cl,CC(C)n1c(C=CC(O)CC(O)CC(=O)O)c(-c2ccc(F)cc2)c2cnccc21,6,c1ccc(-c2c[nH]c3ccncc23)cc1,train,428.916,4.5374000000000025,0.4892646685851332,30,54
subcategory_halogen-walk.F->Cl_360,COc1cc(C(C)=O)ccc1OCCCN1CCC(Cc2ccccc2)CC1,0,authentic,authentic,,,c1ccc(CC2CCN(CCCOc3ccccc3)CC2)cc1,train,381.5160000000001,4.621400000000004,0.46920245606605276,28,41
subcategory_halogen-walk.F->Cl_413,COC(=O)Nc1cn2cccc(Sc3ccccc3)c2n1,0,authentic,authentic,,,c1ccc(Sc2cccn3ccnc23)cc1,val,299.355,3.663800000000002,0.8015359544173315,21,32
subcategory_halogen-walk.F->Cl_580,CCCCC(CC)C(=O)N(C)CCCNc1ccnc2cc(Cl)ccc12,0,authentic,authentic,,,c1ccc2ncccc2c1,train,375.944,5.365000000000005,0.5679219530147609,26,40
subcategory_halogen-walk.F->Cl_870,CCc1nc2c(C)cc(CO)nc2n1Cc1ccc2oc(-c3ccccc3NS(=O)(=O)Cl)c(Br)c2c1,1,halogen-walk,F->Cl,CCc1nc2c(C)cc(CO)nc2n1Cc1ccc2oc(-c3ccccc3NS(=O)(=O)C(F)(F)F)c(Br)c2c1,28 31,c1ccc(-c2cc3cc(Cn4cnc5cccnc54)ccc3o2)cc1,train,589.8990000000001,5.9139200000000045,0.22832674565922623,36,63
subcategory_halogen-walk.F->Cl_824,OC(CNC1CCCCCCC1)(Cn1cncn1)c1ccccc1Cl,1,halogen-walk,F->Cl,OC(CNC1CCCCCCC1)(Cn1cncn1)c1ccc(F)cc1F,0 2 3 4 5 6 7 8 9 10 11 12 13 14 15 16 17 18 19 20 21 22 23,c1ccc(C(CNC2CCCCCCC2)Cn2cncn2)cc1,test,362.9050000000001,3.5218000000000025,0.8248204406086419,25,36
subcategory_halogen-walk.F->Cl_449,Cc1cccc(-n2nc3c(NC4CCCC4)nc4ccccc4n3c2=O)c1,0,authentic,authentic,,,O=c1n(-c2ccccc2)nc2c(NC3CCCC3)nc3ccccc3n12,train,359.43300000000005,3.6963200000000027,0.6057774506294912,27,43
subcategory_halogen-walk.F->Cl_1314,CCCNC(=O)c1cc(-c2cccc(Cl)c2)[nH]c1C,1,halogen-walk,F->Cl,CCCNC(=O)c1cc(-c2ccc(F)cc2)[nH]c1C,6,c1ccc(-c2ccc[nH]2)cc1,train,276.76700000000005,3.7833200000000016,0.8768534256358487,19,35
subcategory_halogen-walk.F->Cl_702,CC(=O)Oc1cc(O)c2c(c1)/C=C/CCCC(=O)CCC[C@H](C)OC2=O,0,authentic,authentic,,,O=C1CCC/C=C/c2ccccc2C(=O)OCCCC1,train,360.4060000000002,3.7993000000000023,0.6050820775534321,26,50
subcategory_halogen-walk.F->Cl_1007,N#CC(F)(F)C(O)(Cn1cncn1)c1cccc(Cl)c1,1,halogen-walk,F->Cl,N#CC(F)(F)C(O)(Cn1cncn1)c1ccc(F)cc1F,6,c1ccc(CCn2cncn2)cc1,train,298.68000000000006,1.9781799999999998,0.9362944999464969,20,36
subcategory_halogen-walk.F->Cl_553,CCCN(CCC)C1CCc2cccc(C(=O)O)c2C1,0,authentic,authentic,,,c1ccc2c(c1)CCCC2,train,275.39200000000005,3.3641000000000014,0.8650871654277739,20,31
subcategory_halogen-walk.F->Cl_1004,CC1(O)OC(=O)C(c2ccccc2Cl)=C1c1ccc(S(C)(=O)=O)cc1,1,halogen-walk,F->Cl,CC1(O)OC(=O)C(c2ccc(F)c(F)c2)=C1c1ccc(S(C)(=O)=O)cc1,6 7 8 9 10 11 12 13,O=C1OCC(c2ccccc2)=C1c1ccccc1,test,378.8330000000001,2.919600000000001,0.8303956012139023,25,48
subcategory_halogen-walk.F->Cl_7,O=C1NN(c2ccccc2)CC1Cc1cccs1,0,authentic,authentic,,,O=C1NN(c2ccccc2)CC1Cc1cccs1,val,258.34599999999995,2.4582000000000006,0.9168983563857244,18,27
subcategory_halogen-walk.F->Cl_817,Clc1cccc([C@H]2CCN(CCCC3CSCCN3)C[C@@H]2COc2ccc3c(c2)OCO3)c1,1,halogen-walk,F->Cl,Fc1ccc([C@H]2CCN(CCCC3CSCCN3)C[C@@H]2COc2ccc3c(c2)OCO3)cc1,0 1 2 3 4 5 7 8 9 10 11 12 13 14 15 16 17 18 19 20 21 22 23 24 25 26 27 28 29 30 31,c1ccc([C@H]2CCN(CCCC3CSCCN3)C[C@@H]2COc2ccc3c(c2)OCO3)cc1,train,489.0810000000003,5.038400000000005,0.5612809513567815,33,59
subcategory_halogen-walk.F->Cl_170,CCCc1nn(C)c2c(=O)[nH]c(-c3cc(S(=O)(=O)N4CCC(=O)/C(=C/c5ccc(F)cc5)C4)ccc3OCC)nc12,0,authentic,authentic,,,O=C1CCN(S(=O)(=O)c2cccc(-c3nc4cn[nH]c4c(=O)[nH]3)c2)C/C1=C\c1ccccc1,train,579.6540000000001,3.8610000000000033,0.31416840005441865,41,80
subcategory_halogen-walk.F->Cl_1335,CC(C)n1c(C=C[C@H](O)C[C@H](O)CC(=O)O)c(-c2cccc(Cl)c2)c2ccccc21,1,halogen-walk,F->Cl,CC(C)n1c(C=C[C@H](O)C[C@H](O)CC(=O)O)c(-c2ccc(F)cc2)c2ccccc21,16 17 18 19 20 21 22 23,c1ccc(-c2c[nH]c3ccccc23)cc1,train,427.928,5.142400000000004,0.464328303597367,30,62
subcategory_halogen-walk.F->Cl_749,O=C1CCc2ccc(OCCCCNCCNc3cccc(Cl)c3Cl)cc2N1,0,authentic,authentic,,,O=C1CCc2ccc(OCCCCNCCNc3ccccc3)cc2N1,test,422.35600000000005,4.738800000000004,0.4843859686482523,28,41
subcategory_halogen-walk.F->Cl_1249,CC1(C(O)(Cc2cccc(Cl)c2)Cn2cncn2)CC1(F)F,1,halogen-walk,F->Cl,CC1(C(O)(Cc2ccc(F)cc2)Cn2cncn2)CC1(F)F,2 4 5 6 7 8 9 10 11,c1ccc(CC(Cn2cncn2)C2CC2)cc1,train,327.76200000000006,2.9506000000000014,0.9182735357680111,22,39
subcategory_halogen-walk.F->Cl_1495,COc1ccnc(CS(=O)c2nc3cc(OCl)c(OC(F)(F)F)cc3[nH]2)c1C,1,halogen-walk,F->Cl,COc1ccnc(CS(=O)c2nc3cc(OC(F)(F)F)c(OC(F)(F)F)cc3[nH]2)c1C,1,O=S(Cc1ccccn1)c1nc2ccccc2[nH]1,train,435.8110000000001,4.013920000000002,0.6291704541745479,28,51
subcategory_halogen-walk.F->Cl_1377,CCOC(=O)CC(O)CC(O)/C=C/c1c(-c2ccccc2Cl)c2c3ccccc3ccn2c1C(C)C,1,halogen-walk,F->Cl,CCOC(=O)CC(O)CC(O)/C=C/c1c(-c2ccc(F)cc2)c2c3ccccc3ccn2c1C(C)C,7,c1ccc(-c2ccn3ccc4ccccc4c23)cc1,train,506.0420000000002,6.614600000000008,0.25082984344525106,36,60
subcategory_halogen-walk.F->Cl_645,O=C1COCCN1CCNC(c1ccccc1)c1ccc(Cl)cc1,0,authentic,authentic,,,O=C1COCCN1CCNC(c1ccccc1)c1ccccc1,train,344.8420000000001,2.8778000000000015,0.8757515500996079,24,36
subcategory_halogen-walk.F->Cl_300,CC(C)C[C@H](O)[C@H](O)[C@H](CC1CCCCC1)NC(=O)[C@H](Cc1cscn1)NC(=O)[C@H]1[C@H](Cc2ccccc2)[C@@H]1C(=O)N1CCOCC1,0,authentic,authentic,,,O=C(N[C@@H](Cc1cscn1)C(=O)NCCC1CCCCC1)[C@H]1[C@H](Cc2ccccc2)[C@@H]1C(=O)N1CCOCC1,test,668.9009999999998,3.3572000000000015,0.22824607704450062,47,107
subcategory_halogen-walk.F->Cl_830,C[C@H](NC(=O)CN1C(=O)N[C@](C)(c2ccccc2)C1=O)c1ccccc1Cl,1,halogen-walk,F->Cl,C[C@H](NC(=O)CN1C(=O)N[C@](C)(c2ccccc2)C1=O)c1ccc(F)cc1,1 20 21 22 23 24 25 26,O=C(CN1C(=O)NC(c2ccccc2)C1=O)NCc1ccccc1,train,385.8510000000001,2.984400000000001,0.7764582512185039,27,54
subcategory_halogen-walk.F->Cl_96,CNS(=O)(=O)c1cc(CO)c(NCc2ccco2)cc1Cl,0,authentic,authentic,,,c1ccc(NCc2ccco2)cc1,train,330.793,1.9454999999999998,0.7526201709176393,21,36
subcategory_halogen-walk.F->Cl_758,NS(=O)(=O)c1cc2c(cc1Cl)NCNS2(=O)=O.O=c1cccc[nH]1,0,authentic,authentic,,,O=S1(=O)NCNc2ccccc21.O=c1cccc[nH]1,train,392.8460000000001,0.023600000000000565,0.5367370574248045,24,48
subcategory_halogen-walk.F->Cl_20,CCN(CC)CCNC(=O)c1ccc(-n2ccnc2)cc1,0,authentic,authentic,,,c1ccc(-n2ccnc2)cc1,train,286.379,1.9438999999999995,0.8460622374443694,21,33
subcategory_halogen-walk.F->Cl_1461,Cc1ccc([C@@H](N)C(=O)N[C@@H]2C(=O)N3C(C(=O)O)=C(Cl)CC[C@H]23)cc1,1,halogen-walk,F->Cl,Cc1ccc([C@@H](N)C(=O)N[C@@H]2C(=O)N3C(C(=O)O)=C(C(F)(F)F)CC[C@H]23)cc1,0 1 2 3 4 5 6 7 8 9 10 11 12 13 14 15 16 17 19 20 21 22 23 24,O=C(Cc1ccccc1)N[C@@H]1C(=O)N2C=CCC[C@H]12,train,363.80100000000016,1.0192199999999996,0.6911484211698817,25,64
subcategory_halogen-walk.F->Cl_1210,CCC1(COC(=O)Nc2ccccc2Cl)OC(=O)Nc2ccc(Cl)cc21,1,halogen-walk,F->Cl,CCC1(COC(=O)Nc2ccc(F)cc2)OC(=O)Nc2ccc(Cl)cc21,7,O=C(Nc1ccccc1)OCC1OC(=O)Nc2ccccc21,train,395.24200000000013,5.409500000000003,0.7259489229248092,26,44
subcategory_halogen-walk.F->Cl_1106,CC(C)OC(=O)C[C@H](O)C[C@H](O)C=Cc1c(C2CC2)nc2ccccc2c1-c1ccccc1Cl,1,halogen-walk,F->Cl,CC(C)OC(=O)C[C@H](O)C[C@H](O)C=Cc1c(C2CC2)nc2ccccc2c1-c1ccc(F)cc1,0 1 2 3 4 5 6 7 8 9 10 11 12 13 14 15 16 17 18 19 20 21 22 23 24 25 27 28 29 30 31 32,c1ccc(-c2cc(C3CC3)nc3ccccc23)cc1,train,480.00400000000025,5.899400000000006,0.3733737610285845,34,64
subcategory_halogen-walk.F->Cl_1288,CC(C)CCN1CC[C@@H](c2ccccc2Cl)[C@H](COc2ccc3c(c2)OCO3)C1,1,halogen-walk,F->Cl,CC(C)CCN1CC[C@@H](c2ccc(F)cc2)[C@H](COc2ccc3c(c2)OCO3)C1,8 9 10 11 12 13 14 15,c1ccc([C@@H]2CCNC[C@H]2COc2ccc3c(c2)OCO3)cc1,train,415.9610000000003,5.599300000000006,0.588557906573973,29,55
subcategory_halogen-walk.F->Cl_674,CCOC(=O)[C@@H](CCc1ccccc1)N[C@H](C)C(=O)N1[C@H](C(=O)O)C[C@@H]2CCC[C@@H]21,0,authentic,authentic,,,O=C(CNCCCc1ccccc1)N1CC[C@@H]2CCC[C@@H]21,train,416.5180000000003,2.3831999999999995,0.6003163359035134,30,74
subcategory_halogen-walk.F->Cl_26,O=C(O)c1cn2c3c(nc(O)c2n1)-c1cccc(CP(=O)(O)O)c1C3,0,authentic,authentic,,,c1ccc2c(c1)Cc1c-2ncc2nccn12,train,361.2500000000001,1.3819999999999995,0.4004976077051264,25,48
subcategory_halogen-walk.F->Cl_648,N=C(c1cc(C(F)(F)F)ccc1Nc1ccc(Cl)cc1)N1CCNCC1,0,authentic,authentic,,,N=C(c1ccccc1Nc1ccccc1)N1CCNCC1,train,382.8170000000002,4.332970000000004,0.5466823121502917,26,44
subcategory_halogen-walk.F->Cl_732,CN(C(=O)c1cc2cc(O)ccc2n1C)c1cccc(Br)c1,0,authentic,authentic,,,O=C(Nc1ccccc1)c1cc2ccccc2[nH]1,train,359.223,3.9230000000000027,0.7538535582627018,22,38
subcategory_halogen-walk.F->Cl_274,CCOC(=O)[C@H](CCc1ccccc1)N[C@H]1CCC2CCCC2N(CC(=O)O)C1=O,0,authentic,authentic,,,O=C1NC2CCCC2CC[C@@H]1NCCCc1ccccc1,val,416.5180000000003,2.3848000000000003,0.6003228504745217,30,55
subcategory_halogen-walk.F->Cl_47,CCS(=O)(=O)N1CCN(c2ccnc3cc(Cl)ccc23)CC1,0,authentic,authentic,,,c1ccc2c(N3CCNCC3)ccnc2c1,test,339.8480000000001,2.3598999999999997,0.8610811589657582,22,39
subcategory_halogen-walk.F->Cl_1501,COc1cc2c(cc1OC)C(=O)C(F)(CC1CCN(Cc3cccc(Cl)c3)CC1)C2,1,halogen-walk,F->Cl,COc1cc2c(cc1OC)C(=O)C(F)(CC1CCN(Cc3ccc(F)cc3)CC1)C2,0 1 2 3 4 5 6 7 8 9 10 11 12 13 14 15 16 17 19 20 21 22 23 24 25 26 27 28 29,O=C1c2ccccc2CC1CC1CCN(Cc2ccccc2)CC1,train,431.9350000000002,5.106600000000005,0.6369351051368223,30,52
subcategory_halogen-walk.F->Cl_775,N#Cc1ccccc1N1CCN(CC(O)Cn2nc(-c3ccc(I)cc3)c3c2CCN(C(N)=O)C3)CC1,0,authentic,authentic,,,c1ccc(-c2nn(CCCN3CCN(c4ccccc4)CC3)c3c2CNCC3)cc1,val,611.4879999999998,2.646280000000001,0.41479133445680366,37,62
subcategory_halogen-walk.F->Cl_40,CCn1ncnc1N1CCCC(N(Cc2ccccc2)Cc2ccccc2)C1,0,authentic,authentic,,,c1ccc(CN(Cc2ccccc2)C2CCCN(c3ncn[nH]3)C2)cc1,val,375.5200000000001,3.9692000000000034,0.626168245465127,28,40
subcategory_halogen-walk.F->Cl_834,CSC(S(=O)(=O)Cl)S(=O)(=O)c1ccc(Cl)cc1,1,halogen-walk,F->Cl,CSC(S(=O)(=O)c1ccc(Cl)cc1)S(=O)(=O)C(F)(F)F,0 1 2 4 5 6 7 8 9 10 11 12 13 14 15 16,c1ccccc1,train,335.255,2.3289,0.7901659043820413,17,37
subcategory_halogen-walk.F->Cl_1184,COc1ccc(-c2[nH]c(C)c(-c3cccc(Cl)c3)c2-c2ccc(OC)cc2)cc1,1,halogen-walk,F->Cl,COc1ccc(-c2[nH]c(C)c(-c3ccc(F)cc3)c2-c2ccc(OC)cc2)cc1,6,c1ccc(-c2c[nH]c(-c3ccccc3)c2-c2ccccc2)cc1,train,403.90900000000016,6.994720000000005,0.38910066381458047,29,54
subcategory_halogen-walk.F->Cl_104,CCCCCN1CCN(c2cccc3c2OCCO3)CC1,0,authentic,authentic,,,c1cc2c(c(N3CCNCC3)c1)OCCO2,val,290.4070000000001,2.7700000000000014,0.7785925168191559,21,29
subcategory_halogen-walk.F->Cl_603,Cl.Cl.O=C(O)COCCN1CCN(C(c2ccc(F)cc2)C2C=CC(F)=CC2)CC1,0,authentic,authentic,,,C1=CCC(C(c2ccccc2)N2CCNCC2)C=C1,train,465.36800000000017,3.8587000000000033,0.5915045374019289,30,53
subcategory_halogen-walk.F->Cl_1332,C[C@@H](c1ccccc1)N1CC[C@@H](c2ccccc2Cl)[C@H](COc2ccc3c(c2)OCO3)C1,1,halogen-walk,F->Cl,C[C@@H](c1ccccc1)N1CC[C@@H](c2ccc(F)cc2)[C@H](COc2ccc3c(c2)OCO3)C1,7,c1ccc(CN2CC[C@@H](c3ccccc3)[C@H](COc3ccc4c(c3)OCO4)C2)cc1,train,449.97800000000024,6.3144000000000045,0.4406005069381218,32,65
subcategory_halogen-walk.F->Cl_198,CCC(c1c(Cl)c(S(N)(=O)=O)cc(C(N)=O)c1NCc1ccco1)N(C)C,0,authentic,authentic,,,c1ccc(NCc2ccco2)cc1,train,414.91500000000013,2.304100000000001,0.6067597657795091,27,51
subcategory_halogen-walk.F->Cl_1107,O=C(O)C1CCN(c2cc(N3CCN(c4c([N+](=O)[O-])ccc(C(F)(F)F)c4[N+](=O)[O-])CC3)c([N+](=O)[O-])cc2Cl)CC1,1,halogen-walk,F->Cl,O=C(O)C1CCN(c2cc(N3CCN(c4c([N+](=O)[O-])ccc(C(F)(F)F)c4[N+](=O)[O-])CC3)c([N+](=O)[O-])cc2C(F)(F)F)CC1,37 38,c1ccc(N2CCN(c3cccc(N4CCCCC4)c3)CC2)cc1,train,602.9100000000001,4.711000000000005,0.3427101425640557,41,96
subcategory_halogen-walk.F->Cl_847,O=C(O)c1ccc(-c2nc(-c3cccc(Cl)c3)c(-c3ccccn3)[nH]2)cc1,1,halogen-walk,F->Cl,O=C(O)c1ccc(-c2nc(-c3ccc(F)cc3)c(-c3ccccn3)[nH]2)cc1,0 1 2 3 4 5 6 7 8 10 11 12 13 14 15 16 17 18 19 20 21 22 23 24 25 26,c1ccc(-c2nc(-c3ccccc3)c(-c3ccccn3)[nH]2)cc1,train,375.81500000000005,5.157300000000004,0.5161808770535057,27,53
subcategory_halogen-walk.F->Cl_475,CCCCc1nc(C(O)(CC)CC)c(C(=O)O)n1Cc1ccc(-c2ccccc2-c2nn[nH]n2)cc1,0,authentic,authentic,,,c1ccc(-c2nn[nH]n2)c(-c2ccc(Cn3ccnc3)cc2)c1,train,488.59200000000016,4.826900000000004,0.2756831878327685,36,62
subcategory_halogen-walk.F->Cl_455,O=C1N(c2cccc(F)c2)C(c2ccc(O)cc2)C12CCNCC2,0,authentic,authentic,,,O=C1N(c2ccccc2)C(c2ccccc2)C12CCNCC2,train,326.37100000000015,2.9890000000000008,0.8343702344843538,24,41
subcategory_halogen-walk.F->Cl_1403,O=C(O)Cc1ccccc1Oc1ccccc1Cl,1,halogen-walk,F->Cl,O=C(O)Cc1ccccc1Oc1ccccc1C(F)(F)F,0 1 2 3 4 5 6 7 8 9 10 11 12 13 14 15,c1ccc(Oc2ccccc2)cc1,train,262.692,3.759400000000002,0.9125276263213042,18,26
subcategory_halogen-walk.F->Cl_287,CC(C)=Cc1c(C(C)C)nc(C(C)C)c(O)c1-c1ccc(F)cc1,0,authentic,authentic,,,c1ccc(-c2ccncc2)cc1,train,327.443,6.263300000000006,0.7182766934592468,24,44
subcategory_halogen-walk.F->Cl_29,CC(C)(C)[C@H](NC(=O)c1cc2c(F)cccc2[nH]1)C(=O)N1C[C@]2(C[C@H]1C#N)C(=O)Nc1ccccc12,0,authentic,authentic,,,O=C(NCC(=O)N1CC[C@@]2(C1)C(=O)Nc1ccccc12)c1cc2ccccc2[nH]1,train,487.5350000000003,3.4660800000000016,0.5242955658994514,36,80
subcategory_halogen-walk.F->Cl_698,COc1cccc2c1CC(N1CCCCC1)CC2,0,authentic,authentic,,,c1ccc2c(c1)CCC(N1CCCCC1)C2,train,245.3659999999999,3.038400000000002,0.79381777162254,18,26
subcategory_halogen-walk.F->Cl_935,CC(C)n1c(/C=C/C[C@@H](O)C[C@@H](O)CC(=O)O)c(-c2cccc(Cl)c2)c2ccccc21,1,halogen-walk,F->Cl,CC(C)n1c(/C=C/C[C@@H](O)C[C@@H](O)CC(=O)O)c(-c2ccc(F)cc2)c2ccccc21,6,c1ccc(-c2c[nH]c3ccccc23)cc1,train,441.95500000000004,5.532500000000005,0.4072260008359877,31,67
subcategory_halogen-walk.F->Cl_677,COC(=O)[C@H]1C(c2ccc(F)cc2)C[C@H]2CCC1N2C,0,authentic,authentic,,,c1ccc(C2CC3CC[C@H](C2)N3)cc1,train,277.33899999999994,2.5650000000000004,0.7781393907675481,20,41
subcategory_halogen-walk.F->Cl_789,C[N+]1(C)C2C[C@@H](OC(=O)C(O)(c3cccs3)c3cccs3)CC1C1OCC12,0,authentic,authentic,,,O=C(O[C@@H]1CC2[NH2+]C(C1)C1OCC21)C(c1cccs1)c1cccs1,val,406.54900000000015,2.593300000000001,0.6264484196274721,27,56
subcategory_halogen-walk.F->Cl_1121,O=C(NC1CCCCC1)NS(=O)c1ccc(CCNC(=O)c2cc(Cl)ccc2OCl)cc1,1,halogen-walk,F->Cl,O=C(NC1CCCCC1)NS(=O)c1ccc(CCNC(=O)c2cc(Cl)ccc2OC(F)(F)F)cc1,0 1 2 3 4 5 6 7 8 9 10 11 12 13 14 15 16 17 18 19 20 21 22 23 24 25 26 27 29 30 31,O=C(NC1CCCCC1)NS(=O)c1ccc(CCNC(=O)c2ccccc2)cc1,test,498.43200000000024,4.499600000000004,0.49954659667406703,32,53
subcategory_halogen-walk.F->Cl_843,CS(=O)(=O)C(F)C(O)(Cn1cncn1)c1cccc(Cl)c1Cl,1,halogen-walk,F->Cl,CS(=O)(=O)C(F)C(O)(Cn1cncn1)c1ccc(F)cc1F,0 1 2 3 4 5 7 8 9 10 11 12 13 14 15 16 17 18 19 20,c1ccc(CCn2cncn2)cc1,train,368.2170000000001,1.8128999999999993,0.8702828119364677,22,42
subcategory_halogen-walk.F->Cl_523,COc1cc2c(c(OC)c1OC)-c1ccc(OC)c(=O)cc1[C@@H](NC(=O)[C@@H]1CC(C)(C)N(O)C1(C)C)CC2,0,authentic,authentic,,,O=C(N[C@H]1CCc2ccccc2-c2cccc(=O)cc21)[C@@H]1CCNC1,train,526.6300000000002,4.120000000000003,0.5791304432604933,38,79
subcategory_halogen-walk.F->Cl_1388,CC(C)(n1cncn1)C(O)(Cn1cncn1)c1cccc(Cl)c1Cl,1,halogen-walk,F->Cl,CC(C)(n1cncn1)C(O)(Cn1cncn1)c1ccc(F)cc1F,8 16 17 18 19 20 21 22 23,c1ccc(C(Cn2cncn2)Cn2cncn2)cc1,train,367.2400000000001,2.4995000000000003,0.7494407971897842,24,42
subcategory_halogen-walk.F->Cl_123,CC(=O)Nc1ccc(C(=O)Nc2c(C)cccc2C)cc1,0,authentic,authentic,,,O=C(Nc1ccccc1)c1ccccc1,test,282.34299999999996,3.514140000000002,0.904636648985046,21,35
subcategory_halogen-walk.F->Cl_242,COc1cc2c(c3c1C[C@@H](C(C)(C)O)O3)C(=O)O[C@@H](C)C2,0,authentic,authentic,,,O=C1OCCc2ccc3c(c21)OCC3,train,292.331,1.8709999999999998,0.8430388879302707,21,50
subcategory_halogen-walk.F->Cl_275,C[C@@H](c1ccc(S(N)(=O)=O)cc1)N(C)C(=O)c1cnc2ccccc2n1,0,authentic,authentic,,,O=C(NCc1ccccc1)c1cnc2ccccc2n1,train,370.4340000000001,2.1104000000000003,0.7569047734284275,26,52
subcategory_halogen-walk.F->Cl_1430,O=c1[nH]cnn1CC(O)(Cn1cncn1)c1ccccc1Cl,1,halogen-walk,F->Cl,O=c1[nH]cnn1CC(O)(Cn1cncn1)c1ccc(F)cc1F,0 1 2 3 4 5 6 8 9 10 11 12 13 14 15 16 17 18 19 20,O=c1[nH]cnn1CC(Cn1cncn1)c1ccccc1,val,320.74,0.4043000000000001,0.7084628535527451,22,37
subcategory_halogen-walk.F->Cl_94,CS(=O)(=O)N1CC2C(=O)N(c3ccccc3)C(=O)C2C12CCN(C(=O)c1cc(C(F)(F)F)cc(C(F)(F)F)c1)CC2,0,authentic,authentic,,,O=C(c1ccccc1)N1CCC2(CC1)NCC1C(=O)N(c3ccccc3)C(=O)C12,train,603.5410000000003,3.780000000000003,0.3934540724064497,41,82
subcategory_halogen-walk.F->Cl_192,COc1ccc(S(=O)(=O)Nc2cccc3cc(Cl)[nH]c23)cc1,0,authentic,authentic,,,O=S(=O)(Nc1cccc2cc[nH]c12)c1ccccc1,train,336.8,3.630700000000001,0.7638531444210055,22,42
subcategory_halogen-walk.F->Cl_971,CN(CCc1ccccc1)CC(O)(Cn1cncn1)c1cccc(Cl)c1,1,halogen-walk,F->Cl,CN(CCc1ccccc1)CC(O)(Cn1cncn1)c1ccc(F)cc1F.Cl,6,c1ccc(CCNCC(Cn2cncn2)c2ccccc2)cc1,train,370.884,2.993800000000001,0.6619332262708537,26,41
subcategory_halogen-walk.F->Cl_76,C(=N/Nc1nncc2ccccc12)/c1c2ccccc2cc2ccccc12,0,authentic,authentic,,,C(=N/Nc1nncc2ccccc12)/c1c2ccccc2cc2ccccc12,val,348.4090000000001,5.382200000000004,0.2703812628324412,27,42
subcategory_halogen-walk.F->Cl_209,CCn1cc(C(=O)O)c(=O)c2cc(F)c(C3=NCCCO3)cc21,0,authentic,authentic,,,O=c1cc[nH]c2cc(C3=NCCCO3)ccc12,train,318.3040000000001,2.0256000000000003,0.9386366790736458,23,42
subcategory_halogen-walk.F->Cl_213,[NH3+]CCc1ccc(Oc2cc(I)c(O)c(I)c2)cc1,0,authentic,authentic,,,c1ccc(Oc2ccccc2)cc1,train,482.079,3.1781000000000015,0.6588438813476999,19,36
subcategory_halogen-walk.F->Cl_1042,COc1ccc(-n2nc(Cl)c3c2C(=O)N(c2ccc(C4(CN5CCOCC5)CCCC4)cc2)CC3)cc1,1,halogen-walk,F->Cl,COc1ccc(-n2nc(C(F)(F)F)c3c2C(=O)N(c2ccc(C4(CN5CCOCC5)CCCC4)cc2)CC3)cc1,8 9,O=C1c2c(cnn2-c2ccccc2)CCN1c1ccc(C2(CN3CCOCC3)CCCC2)cc1,train,521.0610000000006,4.881200000000004,0.46334981598064406,37,64
subcategory_halogen-walk.F->Cl_1577,COc1cccc2c1CC[C@H](CN1CCC(c3ccccc3Cl)CC1)C[C@@H]2O,1,halogen-walk,F->Cl,COc1cccc2c1CC[C@H](CN1CCC(c3cccc(F)c3)CC1)C[C@@H]2O,0 1 2 3 4 5 6 7 8 9 10 11 12 13 14 16 17 18 19 20 21 22 23 24 25 26 27,c1ccc(C2CCN(CC3CCc4ccccc4CC3)CC2)cc1,train,399.96200000000016,5.214100000000006,0.7156804101692986,28,50
subcategory_halogen-walk.F->Cl_1401,COc1cnc(CSc2nc3ccc(OCl)cc3[nH]2)c(C)c1OC,1,halogen-walk,F->Cl,COc1cnc(CSc2nc3ccc(OC(F)F)cc3[nH]2)c(C)c1OC,0 1 2 3 4 5 6 7 8 9 10 11 12 13 15 16 17 18 19 20 21 22 23,c1ccc(CSc2nc3ccccc3[nH]2)nc1,train,365.8420000000001,4.108420000000002,0.662822320396665,24,40
subcategory_halogen-walk.F->Cl_539,O=C(O)c1cccc(OCCCOc2cc3c(cc2O)CCO3)c1,0,authentic,authentic,,,c1ccc(OCCCOc2ccc3c(c2)OCC3)cc1,val,330.33600000000007,2.8732000000000015,0.7594308155983982,24,37
subcategory_halogen-walk.F->Cl_822,Fc1ccc2c(CCCC3CCN(CCc4cccc(Cl)c4)CC3)noc2c1,1,halogen-walk,F->Cl,Fc1ccc(CCN2CCC(CCCc3noc4cc(F)ccc34)CC2)cc1,14 15 16 17 18 19 20 21,c1ccc(CCN2CCC(CCCc3noc4ccccc34)CC2)cc1,train,400.9250000000002,5.897700000000005,0.4942159522880319,28,43
subcategory_halogen-walk.F->Cl_681,COc1cc2c(cc1OC)C(=O)C(CC1CCN(C(=O)CCCCCCC(=O)NO)CC1)C2,0,authentic,authentic,,,O=C1c2ccccc2CC1CC1CCNCC1,train,460.5710000000004,3.533500000000001,0.2973365366270513,33,54
subcategory_halogen-walk.F->Cl_329,O=C(CN1C(=O)NC(c2ccccc2)(c2ccccc2)C1=O)NCCN1CCNCC1,0,authentic,authentic,,,O=C(CN1C(=O)NC(c2ccccc2)(c2ccccc2)C1=O)NCCN1CCNCC1,val,421.5010000000003,0.5034000000000016,0.5665200633492354,31,50
subcategory_halogen-walk.F->Cl_1586,COc1ccc(-n2nc(Cl)c3c2C(=O)N(c2ccc(N(C)C(=O)CNCC4CC4)cc2)CC3)cc1,1,halogen-walk,F->Cl,COc1ccc(-n2nc(C(F)(F)F)c3c2C(=O)N(c2ccc(N(C)C(=O)CNCC4CC4)cc2)CC3)cc1,1,O=C(CNCC1CC1)Nc1ccc(N2CCc3cnn(-c4ccccc4)c3C2=O)cc1,train,493.99500000000035,3.699600000000002,0.517330693821567,35,63
subcategory_halogen-walk.F->Cl_24,O=C(O)CCNC1CCC2(CC1)CCN(c1ccncc1)CC2,0,authentic,authentic,,,c1cc(N2CCC3(CCCCC3)CC2)ccn1,train,317.43300000000005,2.6751000000000005,0.8738819521186381,23,36
subcategory_halogen-walk.F->Cl_529,COc1cc2c(cc1OC)[C@@]13C=C[C@@H](OC)CC1N(CC3)C2O,0,authentic,authentic,,,C1=C[C@]23CCN(Cc4ccccc42)C3CC1,train,317.38500000000005,1.9953000000000007,0.8642695237721176,23,47
subcategory_halogen-walk.F->Cl_1098,CCCCc1nc(SCCl)c(C(=O)O)n1Cc1ccc(-c2ccccc2S(=O)(=O)NC(=O)NCCC)cc1,1,halogen-walk,F->Cl,CCCCc1nc(SCC(F)(F)F)c(C(=O)O)n1Cc1ccc(-c2ccccc2S(=O)(=O)NC(=O)NCCC)cc1,8 9,c1ccc(-c2ccc(Cn3ccnc3)cc2)cc1,test,579.1440000000001,5.325500000000004,0.18457935752211746,38,64
subcategory_halogen-walk.F->Cl_218,COCc1nc(C(=O)OCc2ccc(-c3ccccc3-c3nn[nH]n3)cc2)c(C(C)(C)O)n1C,0,authentic,authentic,,,O=C(OCc1ccc(-c2ccccc2-c2nn[nH]n2)cc1)c1c[nH]cn1,train,462.51000000000016,2.998000000000001,0.38258397422115226,34,60
subcategory_halogen-walk.F->Cl_907,CN(C)CCC[C@](O)(c1ccccc1Cl)c1ccc(C#N)cc1CO,1,halogen-walk,F->Cl,CN(C)CCC[C@](O)(c1ccc(F)cc1)c1ccc(C#N)cc1CO,0 1 2 3 4 5 7 8 9 10 11 12 13 14 15 16 17 18 19 20 21 22 23 24,c1ccc(Cc2ccccc2)cc1,train,358.86900000000014,3.281680000000003,0.7966230567088499,25,42
subcategory_halogen-walk.F->Cl_977,Clc1ccccc1[C@H]1CC2CCC(N2)C1COc1ccc2c(c1)OCO2,1,halogen-walk,F->Cl,Fc1ccc([C@H]2CC3CCC(N3)C2COc2ccc3c(c2)OCO3)cc1,7,c1ccc([C@H]2CC3CCC(N3)C2COc2ccc3c(c2)OCO3)cc1,train,371.8640000000001,4.371800000000002,0.8657472267032937,26,45
subcategory_halogen-walk.F->Cl_1214,CC(C)n1c(C=CC(O)CC(O)CCO)c(-c2cccc(Cl)c2)c2ccccc21,1,halogen-walk,F->Cl,CC(C)n1c(C=CC(O)CC(O)CCO)c(-c2ccc(F)cc2)c2ccccc21,0 1 2 3 4 5 6 7 8 9 10 11 12 13 14 16 17 18 19 20 21 22 23 24 25 26 27 28,c1ccc(-c2c[nH]c3ccccc23)cc1,train,413.94500000000005,5.050100000000005,0.4837505077767777,29,50
subcategory_halogen-walk.F->Cl_466,OC1CCCCC1N1CCC(O)(c2ccc(Cl)cc2)CC1,0,authentic,authentic,,,c1ccc(C2CCN(C3CCCCC3)CC2)cc1,test,309.8370000000001,2.9269000000000016,0.882591782983107,21,34
subcategory_halogen-walk.F->Cl_1036,CCc1ccc(C2CC(c3ccccc3Cl)=Nc3ncnn32)cc1,1,halogen-walk,F->Cl,CCc1ccc(C2CC(c3ccc(F)cc3)=Nc3ncnn32)cc1,7,c1ccc(C2=Nc3ncnn3C(c3ccccc3)C2)cc1,train,336.826,4.607800000000004,0.7007080795605592,24,38
subcategory_halogen-walk.F->Cl_450,NC(=O)c1ccccc1OCC(O)CNCCNC(=O)Cc1ccccc1,0,authentic,authentic,,,O=C(Cc1ccccc1)NCCNCCCOc1ccccc1,train,371.43700000000007,0.47370000000000073,0.4290346441067963,27,39
subcategory_halogen-walk.F->Cl_619,OCCOCCN1CCN(C(C2=CCCC=C2)c2ccc(Cl)cc2)CC1,0,authentic,authentic,,,C1=CC(C(c2ccccc2)N2CCNCC2)=CCC1,train,376.9280000000001,3.2840000000000025,0.7061521237541791,26,41
subcategory_halogen-walk.F->Cl_1008,CC(=O)[C@@]1(O)CC[C@H]2[C@@H]3C[C@H](Cl)C4=CC(=O)CC[C@]4(C)[C@H]3CC[C@@]21C,1,halogen-walk,F->Cl,CC(=O)[C@@]1(O)CC[C@H]2[C@@H]3C[C@H](C(F)(F)F)C4=CC(=O)CC[C@]4(C)[C@H]3CC[C@@]21C,10 11,O=C1C=C2CC[C@H]3[C@@H]4CCCC4CC[C@@H]3C2CC1,train,364.9130000000002,4.055700000000003,0.7137625110828297,25,75
subcategory_halogen-walk.F->Cl_31,C[C@]12CC[C@H]3[C@@H](CC[C@@H]4C[C@@H](O)[C@H](O)C[C@@]43CO)[C@@]1(O)CC[C@@H]2C1=CC(=O)OC1,0,authentic,authentic,,,O=C1C=C([C@H]2CCC3C2CC[C@@H]2C4CCCC[C@H]4CC[C@@H]32)CO1,train,406.51900000000023,1.5474999999999999,0.5185244761282455,29,90
subcategory_halogen-walk.F->Cl_1415,CC(C)c1cc(-c2ccccc2Cl)c(-c2ccc(F)cc2)n1CC[C@@H](O)C[C@@H](O)CC(=O)O,1,halogen-walk,F->Cl,CC(C)c1cc(-c2ccc(F)cc2)c(-c2ccc(F)cc2)n1CC[C@@H](O)C[C@@H](O)CC(=O)O,7,c1ccc(-c2cc[nH]c2-c2ccccc2)cc1,train,473.97200000000026,5.714700000000008,0.3516970119981773,33,67
subcategory_halogen-walk.F->Cl_1280,N#CC1OC(CCCN)(c2ccccc2Cl)c2ccccc21,1,halogen-walk,F->Cl,N#CC1OC(CCCN)(c2ccc(F)cc2)c2ccccc21,4 9 10 11 12 13 14 15,c1ccc(C2OCc3ccccc32)cc1,train,312.80000000000007,3.9173800000000023,0.9305632414542474,22,34
subcategory_halogen-walk.F->Cl_1205,FC(F)(F)c1nc(NCc2ccccc2Cl)c2ccccc2n1,1,halogen-walk,F->Cl,Fc1cc(F)cc(CNc2nc(C(F)(F)F)nc3ccccc23)c1,0 1 2 3 4 5 6 7 9 10 11 12 13 14 15 16 17 18 19 20 21 22,c1ccc(CNc2ncnc3ccccc23)cc1,train,337.7320000000001,4.914100000000002,0.7372592748285115,23,36
subcategory_halogen-walk.F->Cl_1069,Fc1ccc2c(c1)[C@H]1CCCN1C[C@H]2c1ccccc1Cl,1,halogen-walk,F->Cl,Fc1ccc([C@@H]2CN3CCC[C@@H]3c3cc(F)ccc32)cc1,7,c1ccc([C@@H]2CN3CCC[C@@H]3c3ccccc32)cc1,train,301.79200000000003,4.761500000000003,0.7337221451284747,21,40
subcategory_halogen-walk.F->Cl_266,FC(F)(F)c1ccc(OCCCN2CCC(=C(c3ccccc3)c3ccccc3)CC2)cc1,0,authentic,authentic,,,c1ccc(OCCCN2CCC(=C(c3ccccc3)c3ccccc3)CC2)cc1,test,451.5320000000001,7.072200000000007,0.35625823548903884,33,52
subcategory_halogen-walk.F->Cl_1109,CC(C(=O)O)C(O)CC(O)/C=C/c1c(C2CC2)nc2ccccc2c1-c1ccccc1Cl,1,halogen-walk,F->Cl,CC(C(=O)O)C(O)CC(O)/C=C/c1c(C2CC2)nc2ccccc2c1-c1ccc(F)cc1,24 25 26 27 28 29 30 31,c1ccc(-c2cc(C3CC3)nc3ccccc23)cc1,train,451.95000000000016,5.278400000000004,0.43320375160023045,32,56
subcategory_halogen-walk.F->Cl_73,COc1cc2c(cc1OC)C(=O)C(C(=O)OCC1CCCCN1Cc1ccccc1)C2,0,authentic,authentic,,,O=C(OCC1CCCCN1Cc1ccccc1)C1Cc2ccccc2C1=O,test,423.50900000000024,3.6567000000000025,0.5003078125582233,31,49
subcategory_halogen-walk.F->Cl_448,Cc1ccc2nc(C3CC3)c(/C=C/C(O)CC(O)CC(=O)O)c(-c3ccc(F)cc3)c2c1,0,authentic,authentic,,,c1ccc(-c2cc(C3CC3)nc3ccccc23)cc1,train,435.49500000000023,4.826520000000004,0.4716488407886408,32,59
subcategory_halogen-walk.F->Cl_1516,CC(C)(C(=O)N[C@]1(c2ccccc2)CC[C@@H](N2CCC(c3ccc(F)cc3)CC2)CC1)c1cc(Cl)cc(C(F)(F)F)c1,1,halogen-walk,F->Cl,CC(C)(C(=O)N[C@]1(c2ccccc2)CC[C@@H](N2CCC(c3ccc(F)cc3)CC2)CC1)c1cc(C(F)(F)F)cc(C(F)(F)F)c1,33 34,O=C(Cc1ccccc1)N[C@]1(c2ccccc2)CC[C@@H](N2CCC(c3ccccc3)CC2)CC1,train,601.1280000000004,8.609400000000004,0.2873592332598937,42,84
subcategory_halogen-walk.F->Cl_541,Cc1[nH]c(/C=C2\C(=O)Nc3ccc(C(=O)N[C@H](C)Cc4ccc(F)cc4)cc32)c(C)c1NC(=O)CCl,0,authentic,authentic,,,O=C1Nc2ccc(C(=O)NCCc3ccccc3)cc2/C1=C/c1ccc[nH]1,train,508.9810000000002,4.8016400000000035,0.27204322976597445,36,74
subcategory_halogen-walk.F->Cl_164,CCOC(=O)c1sc(-c2ccc(OCC(C)C)c(CN=O)c2)nc1C,0,authentic,authentic,,,c1ccc(-c2nccs2)cc1,train,362.45100000000014,4.596420000000005,0.5065722931419315,25,42
subcategory_halogen-walk.F->Cl_419,COc1ccc2c(c1)c(CC(=O)N[C@@H](CO)C(C)C)c(C)n2C(=O)c1ccc(Cl)cc1,0,authentic,authentic,,,O=C(c1ccccc1)n1ccc2ccccc21,train,442.9430000000002,3.9758200000000032,0.5796694608759968,31,61
subcategory_halogen-walk.F->Cl_873,O=C1CN=C(c2ccccc2)c2cc(Cl)ccc2N1,1,halogen-walk,F->Cl,O=C1CN=C(c2ccccc2)c2cc(C(F)(F)F)ccc2N1,0 1 2 3 4 5 6 7 8 9 10 11 12 14 15 16 17 18,O=C1CN=C(c2ccccc2)c2ccccc2N1,train,270.71899999999994,3.129500000000001,0.8498120203195162,19,32
subcategory_halogen-walk.F->Cl_1333,O=C(O)C[C@@H](O)C[C@@H](O)/C=C/c1c(C2CC2)nc2ccccc2c1-c1ccccc1Cl,1,halogen-walk,F->Cl,O=C(O)C[C@@H](O)C[C@@H](O)/C=C/c1c(C2CC2)nc2ccccc2c1-c1ccc(F)cc1,7,c1ccc(-c2cc(C3CC3)nc3ccccc23)cc1,train,437.9230000000001,5.0324000000000035,0.45931285351046697,31,63
subcategory_halogen-walk.F->Cl_865,CC(C)n1c(/C=C/[C@@H](O)C[C@@H](O)CC(=O)O)c(-c2cccc(Cl)c2)c2ccccc21,1,halogen-walk,F->Cl,CC(C)n1c(/C=C/[C@@H](O)C[C@@H](O)CC(=O)O)c(-c2ccc(F)cc2CP(C)(C)=O)c2ccccc21,0 1 2 3 4 5 6 7 8 9 10 11 12 13 14 15 17 18 19 20 21 22 23 24 25 26 27 28 29,c1ccc(-c2c[nH]c3ccccc23)cc1,train,427.928,5.142400000000004,0.464328303597367,30,66
subcategory_halogen-walk.F->Cl_904,O=C(N[C@@H]1N=C(c2ccccc2)c2ccccc2N(CCl)C1=O)N1CCC(N2CCc3ccccc3NC2=O)CC1,1,halogen-walk,F->Cl,O=C(N[C@@H]1N=C(c2ccccc2)c2ccccc2N(CC(F)(F)F)C1=O)N1CCC(N2CCc3ccccc3NC2=O)CC1,19 20,O=C1Nc2ccccc2C(c2ccccc2)=N[C@H]1NC(=O)N1CCC(N2CCc3ccccc3NC2=O)CC1,test,571.0810000000002,4.657200000000004,0.3526500047050131,41,71
subcategory_halogen-walk.F->Cl_1398,O=S(=O)(Cl)Nc1ccc(OCc2ccc3ccccc3n2)cc1,1,halogen-walk,F->Cl,O=S(=O)(Nc1ccc(OCc2ccc3ccccc3n2)cc1)C(F)(F)F,0 2 3 4 5 6 7 8 9 10 11 12 13 14 15 16 17 18 19 20 21,c1ccc(OCc2ccc3ccccc3n2)cc1,train,348.81100000000004,3.7093000000000016,0.7135602588697333,23,38
subcategory_halogen-walk.F->Cl_770,CC(C)C(=O)C(O)(Cn1cncn1)c1ccc(Cl)cc1,0,authentic,authentic,,,c1ccc(CCn2cncn2)cc1,train,293.754,2.0444000000000004,0.9158845232684124,20,36
subcategory_halogen-walk.F->Cl_1496,CCOC(=O)CC(O)CC(O)C=Cc1c(-c2ccccc2Cl)c2ccccc2n1C(C)C,1,halogen-walk,F->Cl,CCOC(=O)CC(O)CC(O)C=Cc1c(-c2ccc(F)cc2)c2ccccc2n1C(C)C,0 1 2 3 4 5 6 7 8 9 10 11 12 13 15 16 17 18 19 20 21 22 23 24 25 26 27 28 29 30 31,c1ccc(-c2c[nH]c3ccccc23)cc1,train,455.98200000000014,5.620900000000005,0.41052947889588365,32,52
subcategory_halogen-walk.F->Cl_1127,C=C(CN1CCC(c2noc3cc(F)ccc23)CC1)c1ccccc1Cl,1,halogen-walk,F->Cl,Fc1ccc2c(C3CCN(CC4=Cc5c(F)cccc54)CC3)noc2c1,0 1 2 3 4 5 6 7 9,C1=C(CN2CCC(c3noc4ccccc34)CC2)c2ccccc21,train,370.855,5.513100000000004,0.6057287589528052,26,42
subcategory_halogen-walk.F->Cl_1270,NC(=O)C[S@@](=O)Cc1ccccc1-c1cccc(Cl)c1,1,halogen-walk,F->Cl,NC(=O)C[S@@](=O)Cc1ccccc1-c1ccc(F)cc1,0 1 2 3 4 5 6 7 8 9 10 11 13 14 15 16 17 18,c1ccc(-c2ccccc2)cc1,train,307.802,2.7410000000000005,0.923012003538625,20,38
subcategory_halogen-walk.F->Cl_508,CC(C)c1ccccc1Sc1c(O)cc(-c2ccccc2)oc1=O,0,authentic,authentic,,,O=c1oc(-c2ccccc2)ccc1Sc1ccccc1,train,338.42800000000005,5.287000000000004,0.7023003277419337,24,38
subcategory_halogen-walk.F->Cl_148,CN1CCN(C2=Nc3cc(CI)ccc3Nc3ccccc32)CC1,0,authentic,authentic,,,c1ccc2c(c1)N=C(N1CCNCC1)c1ccccc1N2,train,432.30900000000014,4.004300000000002,0.5461399403430051,24,37
subcategory_halogen-walk.F->Cl_257,CCN(CC)CCC[C@@H](C)NC(=O)CCN(Cc1ccccc1)C(=O)c1cnccn1,0,authentic,authentic,,,O=C(NCc1ccccc1)c1cnccn1,train,425.57700000000006,3.1358000000000006,0.5334136772342433,31,52
subcategory_halogen-walk.F->Cl_1152,COc1c(Cl)c2c(c(OC)c1OC)-c1ccc(OC)c(=O)cc1[C@@H](NC(C)=O)CC2,1,halogen-walk,F->Cl,COc1c(OC)c2c(c(C(F)F)c1OC)CC[C@H](NC(C)=O)c1cc(=O)c(OC)ccc1-2,1,O=c1cccc2c(c1)CCCc1ccccc1-2,train,433.88800000000026,3.5250000000000012,0.7762949321142102,30,59
subcategory_halogen-walk.F->Cl_28,Cc1nc(-c2ccc(Oc3ccccc3C#N)c(-c3nnn(C)n3)c2)sc1C(=O)O,0,authentic,authentic,,,c1ccc(Oc2ccc(-c3nccs3)cc2-c2nn[nH]n2)cc1,train,418.4380000000001,3.6712000000000025,0.5199917338899003,30,52
subcategory_halogen-walk.F->Cl_1350,CCC(=O)NCC1(c2ccc(N3CCc4c(Cl)nn(-c5ccc(OC)cc5)c4C3=O)cc2)CCCC1,1,halogen-walk,F->Cl,CCC(=O)NCC1(c2ccc(N3CCc4c(C(F)(F)F)nn(-c5ccc(OC)cc5)c4C3=O)cc2)CCCC1,1,O=C1c2c(cnn2-c2ccccc2)CCN1c1ccc(C2CCCC2)cc1,train,507.03400000000033,5.075200000000005,0.4848045940877689,36,62
subcategory_halogen-walk.F->Cl_442,Nc1ccccc1C1(c2ccccc2)Nc2cc(Cl)ccc2NC1=NC1CCCCC1,0,authentic,authentic,,,c1ccc(C2(c3ccccc3)Nc3ccccc3NC2=NC2CCCCC2)cc1,val,430.98300000000035,6.434600000000005,0.4190315539048892,31,47
subcategory_halogen-walk.F->Cl_1185,O=C1Nc2ccc(F)cc2C(Cl)(C#Cc2ccco2)O1,1,halogen-walk,F->Cl,O=C1Nc2ccc(F)cc2C(C#Cc2ccco2)(C(F)(F)F)O1,10 11,O=C1Nc2ccccc2C(C#Cc2ccco2)O1,test,291.665,3.424100000000001,0.5975040100901755,20,35
subcategory_halogen-walk.F->Cl_734,CCOC(=O)C(CCN[C@@H](C)C(=O)N1[C@H](C(=O)OCC(C)C)C[C@@H]2CCC[C@@H]21)c1ccccc1,0,authentic,authentic,,,O=C(CNCCCc1ccccc1)N1CC[C@@H]2CCC[C@@H]21,train,472.6260000000003,3.670300000000002,0.4948644943012355,34,76
subcategory_halogen-walk.F->Cl_1220,OC(CNCc1ccccc1)COc1cccc(Cl)c1,1,halogen-walk,F->Cl,O=C(CCc1ccccc1)c1cc(F)ccc1OCC(O)CNCc1ccccc1,6,O=C(CCc1ccccc1)c1ccccc1OCCCNCc1ccccc1,train,291.778,2.8695000000000013,0.8241097352842465,20,29
subcategory_halogen-walk.F->Cl_1202,COc1ccc(C2C(CCC(O)c3ccccc3Cl)C(=O)N2c2ccc(O)cc2)cc1,1,halogen-walk,F->Cl,COc1ccc(C2C(CCC(O)c3ccc(F)cc3)C(=O)N2c2ccc(O)cc2)cc1,0 1 2 3 4 5 6 7 8 9 11 12 13 14 15 16 17 18 19 20 21 22 23 24 25 26 27 28 29 30,O=C1C(CCCc2ccccc2)C(c2ccccc2)N1c1ccccc1,train,437.9230000000002,5.272100000000006,0.4936905759021515,31,51
subcategory_halogen-walk.F->Cl_901,CC(C)(CO)Nc1nc(Cl)nc2ccccc12,1,halogen-walk,F->Cl,CC(C)(CO)Nc1nc(C(F)(F)F)nc2ccccc12,0 1 2 3 4 5 6 7 9 10 11 12 13 14 15,c1ccc2ncncc2c1,train,251.717,2.466,0.8231687782651819,17,28
subcategory_halogen-walk.F->Cl_205,CC(C)c1ccc(Cn2cnc(C#N)n2)cc1,0,authentic,authentic,,,c1ccc(Cn2cncn2)cc1,train,226.28300000000002,2.32148,0.806626210941434,17,28
subcategory_halogen-walk.F->Cl_45,CN1CCCC2(OCCO2)C1Cc1cccc2[nH]ccc12,0,authentic,authentic,,,c1cc(CC2NCCCC23OCCO3)c2cc[nH]c2c1,val,286.37500000000006,2.5477,0.9216572671926074,21,34
subcategory_halogen-walk.F->Cl_250,COc1ccc(C[C@H]2NC(=O)/C=C/C[C@@H]([C@H](C)[C@H]3O[C@@H]3c3ccccc3)OC(=O)[C@H](CC(C)C)OC(=O)CCNC2=O)cc1,0,authentic,authentic,,,O=C1/C=C/C[C@@H](C[C@H]2O[C@@H]2c2ccccc2)OC(=O)COC(=O)CCNC(=O)[C@@H](Cc2ccccc2)N1,val,606.7160000000002,3.8346000000000027,0.3423817724692785,44,101
subcategory_halogen-walk.F->Cl_1092,CN(C)CCCC1(c2ccccc2Cl)OC(I)c2cc(C#N)ccc21,1,halogen-walk,F->Cl,CN(C)CCCC1(c2ccc(F)cc2)OC(I)c2cc(C#N)ccc21,6 7 8 9 10 11 12 13,c1ccc(C2OCc3ccccc32)cc1,train,466.7500000000001,5.2608800000000056,0.4453484776973414,25,41
subcategory_halogen-walk.F->Cl_602,COc1cc(O)c2c(c1)[C@@](O)([C@H]1OC[C@H](OC(C)=O)[C@H](OC(=O)C=C(C)C)[C@H]1O)c1cc(C)cc(O)c1C2=O,0,authentic,authentic,,,O=C1c2ccccc2C([C@@H]2CCCCO2)c2ccccc21,test,542.5370000000003,1.7645199999999996,0.32079602469696367,39,93
subcategory_halogen-walk.F->Cl_34,COc1ccc(Cl)cc1C(=O)NC1CC[NH+](Cc2ccccc2)CC1.[Cl-],0,authentic,authentic,,,O=C(NC1CC[NH+](Cc2ccccc2)CC1)c1ccccc1,train,395.33000000000015,-0.6700999999999986,0.7056396510703711,26,49
subcategory_halogen-walk.F->Cl_103,[2H]C([2H])([2H])N1CCN(C2=Nc3cc(Cl)ccc3Nc3ccccc32)CC1,0,authentic,authentic,,,c1ccc2c(c1)N=C(N1CCNCC1)c1ccccc1N2,train,329.8493053340001,3.7227000000000023,0.7987896573040081,23,53
subcategory_halogen-walk.F->Cl_68,CC1C(COc2ccc3c(c2)NC(=O)CC3)CCCN1CC1(c2ccc(Cl)cc2)CCC1,0,authentic,authentic,,,O=C1CCc2ccc(OCC3CCCN(CC4(c5ccccc5)CCC4)C3)cc2N1,test,453.0260000000003,5.825900000000006,0.5994038353450059,32,54
subcategory_halogen-walk.F->Cl_1458,CC(C)n1c(/C=C/[C@@H](O)C[C@@H](O)[C@@H](C)C(=O)[O-])c(-c2ccccc2Cl)c2ccccc21,1,halogen-walk,F->Cl,CC(C)n1c(/C=C/[C@@H](O)C[C@@H](O)[C@@H](C)C(=O)[O-])c(-c2ccc(F)cc2)c2ccccc21,17 18 19 20 21 22 23 24,c1ccc(-c2c[nH]c3ccccc23)cc1,train,440.9470000000001,4.053700000000004,0.5528587233881082,31,75
subcategory_halogen-walk.F->Cl_961,CC(/N=c1\c(O)c(O)\c1=N/c1ccc(C#N)cc1)c1ccccc1Cl,1,halogen-walk,F->Cl,CC(/N=c1\c(O)c(O)\c1=N/c1ccc(C#N)cc1)c1ccc(F)cc1,7,c1ccc(C/N=c2\cc\c2=N/c2ccccc2)cc1,train,351.793,3.392780000000002,0.7575141630665757,25,47
subcategory_halogen-walk.F->Cl_16,COc1ccc2c(c1)c1c(n2Cc2ccc(Cl)cc2)CC(C)(C)CC1=O,0,authentic,authentic,,,O=C1CCCc2c1c1ccccc1n2Cc1ccccc1,train,367.8760000000002,5.506700000000004,0.6110444444833857,26,46
subcategory_halogen-walk.F->Cl_429,COCCOc1cc2nc(SCc3nccc(OC)c3C)[nH]c2cc1OC(F)F,0,authentic,authentic,,,c1ccc(CSc2nc3ccccc3[nH]2)nc1,train,425.4570000000001,4.193820000000003,0.3853521677629327,29,44
subcategory_halogen-walk.F->Cl_555,CCOc1ccc(Cl)cc1C(C)NC(=O)N(C)S(=O)(=O)c1ccc(C)cc1,0,authentic,authentic,,,O=C(NCc1ccccc1)NS(=O)(=O)c1ccccc1,train,410.9230000000001,4.138420000000003,0.7760321046659946,27,49
subcategory_halogen-walk.F->Cl_1512,C[C@@H](n1ncnn1)[C@](O)(Cn1cncn1)c1cccc(Cl)c1,1,halogen-walk,F->Cl,C[C@@H](n1ncnn1)[C@](O)(Cn1cncn1)c1ccc(F)cc1,7 15 16 17 18 19 20 21,c1ccc(C(Cn2cncn2)Cn2ncnn2)cc1,train,319.7560000000001,1.0669999999999993,0.755531637658694,22,45
subcategory_halogen-walk.F->Cl_1429,O=C1[C@H](c2ccc(O)cc2)[C@@H]([C@@H](O)CCc2cccc(Cl)c2)N1c1ccc(F)cc1,1,halogen-walk,F->Cl,O=C1[C@H](c2ccc(O)cc2)[C@@H]([C@@H](O)CCc2ccc(F)cc2)N1c1ccc(F)cc1,6,O=C1[C@H](c2ccccc2)[C@@H](CCCc2ccccc2)N1c1ccccc1,train,425.88700000000006,4.677400000000003,0.5636904183996972,30,66
subcategory_halogen-walk.F->Cl_282,CC(C)N(CCCN1CCC(C(=O)c2ccc(F)cc2)CC1)C(=O)c1noc2ccccc12,0,authentic,authentic,,,O=C(NCCCN1CCC(C(=O)c2ccccc2)CC1)c1noc2ccccc12,train,451.54200000000026,4.802500000000005,0.4603266316494268,33,55
subcategory_halogen-walk.F->Cl_1382,CN(CCC(Oc1ccc(Cl)cc1)c1ccccc1)C(=O)NCCc1ccccc1,1,halogen-walk,F->Cl,CN(CCC(Oc1ccc(C(F)(F)F)cc1)c1ccccc1)C(=O)NCCc1ccccc1,0 1 2 3 4 5 6 7 8 10 11 12 13 14 15 16 17 18 19 20 21 22 23 24 25 26 27 28 29,O=C(NCCc1ccccc1)NCCC(Oc1ccccc1)c1ccccc1,test,422.9560000000002,5.7343000000000055,0.477738575741659,30,46
subcategory_halogen-walk.F->Cl_747,CCCN(CCC)C(=O)N1C(=O)CCc2ccc(OCCCCN3CCN(c4cccc(Cl)c4Cl)CC3)cc21,0,authentic,authentic,,,O=C1CCc2ccc(OCCCCN3CCN(c4ccccc4)CC3)cc2N1,train,575.5810000000002,6.495800000000008,0.2867180033454565,39,63
subcategory_halogen-walk.F->Cl_1584,COC(=O)C[C@H](O)C[C@H](O)/C=C/n1c(C(C)C)cc(-c2cccc(Cl)c2)c1-c1ccccc1,1,halogen-walk,F->Cl,COC(=O)C[C@H](O)C[C@H](O)/C=C/n1c(C(C)C)cc(-c2ccc(F)cc2)c1-c1ccccc1,18 19 20 21 22 23 24 25,c1ccc(-c2cc[nH]c2-c2ccccc2)cc1,train,467.99300000000017,5.7446000000000055,0.3931897515159056,33,68
subcategory_halogen-walk.F->Cl_1173,CC(N)n1c(/C=C/C2CC(O)CC(=O)O2)c(-c2ccccc2Cl)c2ccccc21,1,halogen-walk,F->Cl,Cc1cc(-c2c(/C=C/C3CC(O)CC(=O)O3)n(C(C)N)c3ccccc23)ccc1F,7,O=C1CCCC(/C=C/c2[nH]c3ccccc3c2-c2ccccc2)O1,train,410.90100000000007,4.518600000000004,0.6197590369869437,29,53
subcategory_halogen-walk.F->Cl_1562,O=C(Nc1cccc(Cl)c1)OCC1(C2CC2)OC(=O)Nc2ccc(Cl)cc21,1,halogen-walk,F->Cl,O=C(Nc1ccc(F)cc1)OCC1(C2CC2)OC(=O)Nc2ccc(Cl)cc21,6,O=C(Nc1ccccc1)OCC1(C2CC2)OC(=O)Nc2ccccc21,train,407.253,5.409500000000003,0.7107756827249616,27,49
subcategory_halogen-walk.F->Cl_756,CC(C)C[C@H]1C(=O)N[C@H](C(=O)NCC(=O)N2CCN(c3ccccc3)CC2)CCCCNC(=O)OCCC[C@@H]1C(=O)NO,0,authentic,authentic,,,O=C1CCCCCOC(=O)NCCCC[C@@H](C(=O)NCC(=O)N2CCN(c3ccccc3)CC2)N1,train,602.7330000000003,1.410400000000003,0.23051805127566297,43,83
subcategory_halogen-walk.F->Cl_434,O=C(c1cc(C(F)(F)F)cc(C(F)(F)F)c1)N1CCN(CC2=NOC(CN3CCOCC3)C2)C[C@H]1Cc1c[nH]c2ccccc12,0,authentic,authentic,,,O=C(c1ccccc1)N1CCN(CC2=NOC(CN3CCOCC3)C2)C[C@H]1Cc1c[nH]c2ccccc12,test,637.6250000000003,5.051700000000005,0.3675188524131713,45,84
subcategory_halogen-walk.F->Cl_474,Clc1cccc(CN=C2Nc3cc(Cl)ccc3NC23CCNCC3)c1,0,authentic,authentic,,,c1ccc(CN=C2Nc3ccccc3NC23CCNCC3)cc1,train,375.3030000000002,4.551700000000003,0.7217870500505147,25,40
subcategory_halogen-walk.F->Cl_728,CC(=O)NCCc1c[nH]c2ccc(Cl)cc12,0,authentic,authentic,,,c1ccc2[nH]ccc2c1,train,236.702,2.4999000000000002,0.8451894604220241,16,29
subcategory_halogen-walk.F->Cl_966,O=P(O)(O)C(O)(Cn1cncn1)c1cccc(Cl)c1Cl,1,halogen-walk,F->Cl,O=P(O)(O)C(O)(Cn1cncn1)c1ccc(F)cc1,4 12 13 14 15 16 17 18 19,c1ccc(CCn2cncn2)cc1,train,338.0870000000001,1.6078999999999999,0.7311231479817696,20,37
subcategory_halogen-walk.F->Cl_926,C[C@@H](C/C=C/c1ccccc1)[C@](O)(Cn1cncn1)c1ccccc1Cl,1,halogen-walk,F->Cl,C[C@@H](C/C=C/c1ccccc1)[C@](O)(Cn1cncn1)c1ccc(F)cc1F,7,C(=C\c1ccccc1)/CCC(Cn1cncn1)c1ccccc1,train,367.8800000000001,4.558900000000004,0.6656142133975576,26,50
subcategory_halogen-walk.F->Cl_228,CC1N=C(c2ccccc2F)c2c(ccc(N)c2Cl)NC1=O,0,authentic,authentic,,,O=C1CN=C(c2ccccc2)c2ccccc2N1,train,317.751,3.2393,0.79284163552885,22,37
subcategory_halogen-walk.F->Cl_130,N#CCCCOc1ccc(OCc2cccc(Cl)c2)cc1CO,0,authentic,authentic,,,c1ccc(COc2ccccc2)cc1,train,331.7990000000001,4.093880000000004,0.7398067017122099,23,33
subcategory_halogen-walk.F->Cl_1261,COc1cccc(C=C2CCC(CN(C)C)C2(O)c2cccc(Cl)c2)c1,1,halogen-walk,F->Cl,COc1cccc(C=C2CCC(CN(C)C)C2(O)c2ccc(F)cc2)c1,16 18 19 20 21 22 23 24,C(=C1CCCC1c1ccccc1)c1ccccc1,val,371.908,4.591400000000004,0.833784138540039,26,44
subcategory_halogen-walk.F->Cl_182,O=C1Nc2cc(Cl)c(S(=O)(=O)Cl)cc2S(=O)(=O)N1,0,authentic,authentic,,,O=C1Nc2ccccc2S(=O)(=O)N1,test,331.158,1.0913,0.748824370315081,18,41
subcategory_halogen-walk.F->Cl_1472,CC(C)n1c(/C=C/C(O)CC(O)CO)c(-c2cccc(Cl)c2Cl)c2ccccc21,1,halogen-walk,F->Cl,CC(C)n1c(/C=C/C(O)CC(O)CO)c(-c2ccc(F)cc2)c2ccccc21,0 1 2 3 4 5 6 7 8 9 10 11 12 13 15 16 17 18 19 20 21 22 23 24 25 26 27 28,c1ccc(-c2c[nH]c3ccccc23)cc1,train,434.36300000000006,5.313400000000007,0.4721018295228396,29,53
subcategory_halogen-walk.F->Cl_1104,CCOC(=O)CC(O)CC(O)C=Cc1c(C(C)C)nc2ccccc2c1-c1ccccc1Cl,1,halogen-walk,F->Cl,CCOC(=O)CC(O)CC(O)C=Cc1c(C(C)C)nc2ccccc2c1-c1ccc(F)cc1,0 1 2 3 4 5 6 7 8 9 10 11 12 13 14 15 16 17 18 19 20 21 22 23 24 26 27 28 29 30 31,c1ccc(-c2ccnc3ccccc23)cc1,train,467.99300000000017,5.756900000000005,0.39109588500178005,33,53
subcategory_halogen-walk.F->Cl_615,CN(C)CCOc1cccc(-c2ccccc2)c1,0,authentic,authentic,,,c1ccc(-c2ccccc2)cc1,train,241.334,3.2940000000000023,0.7961082523943984,18,27
subcategory_halogen-walk.F->Cl_82,CN1C(=O)C(=CN2CCCCC2)N=C(c2ccccc2Cl)c2cc([N+](=O)[O-])ccc21,0,authentic,authentic,,,O=C1Nc2ccccc2C(c2ccccc2)=NC1=CN1CCCCC1,train,424.88800000000015,4.389300000000004,0.415548973823465,30,59
subcategory_halogen-walk.F->Cl_384,CN(CCCOc1ccc2c(c1)OCO2)Cc1ccc(F)cc1F,0,authentic,authentic,,,c1ccc(CNCCCOc2ccc3c(c2)OCO3)cc1,train,335.34999999999997,3.594400000000002,0.7236881791955169,24,36
subcategory_halogen-walk.F->Cl_386,CC(C)NC(=O)N[C@H](CNC(=O)c1ccc(Cl)s1)C(=O)Nc1ccc(N2CCOCC2=O)c(F)c1,0,authentic,authentic,,,O=C(CCNC(=O)c1cccs1)Nc1ccc(N2CCOCC2=O)cc1,train,525.9900000000004,2.3485000000000005,0.42033405644032745,35,66
subcategory_halogen-walk.F->Cl_1101,CN(CC(O)(Cn1cncn1)c1ccc(F)cc1F)C1CCN(Cc2cccc(Cl)c2)CC1,1,halogen-walk,F->Cl,CN(CC(O)(Cn1cncn1)c1ccc(F)cc1F)C1CCN(Cc2ccc(F)cc2)CC1,0 1 2 3 4 5 6 7 8 9 10 11 12 13 14 15 16 17 18 19 20 21 22 24 25 26 27 28 29 30 31 32,c1ccc(CN2CCC(NCC(Cn3cncn3)c3ccccc3)CC2)cc1,train,475.97100000000034,3.693900000000003,0.5381820092038272,33,54
subcategory_halogen-walk.F->Cl_1203,N#Cc1ccc2c(c1)C(c1ccccc1Cl)OC2,1,halogen-walk,F->Cl,N#Cc1ccc2c(c1)C(c1ccc(F)cc1)OC2,0 1 2 3 4 5 6 7 9 10 11 12 13 14 15 16 17,c1ccc(C2OCc3ccccc32)cc1,train,255.70399999999998,3.8312800000000022,0.7758377887257177,18,30
subcategory_halogen-walk.F->Cl_1254,Cc1c(OCC(F)(F)Cl)ccnc1CS(=O)c1nc2ccccc2[nH]1,1,halogen-walk,F->Cl,Cc1c(OCC(F)(F)C(F)(F)F)ccnc1CS(=O)c1nc2ccccc2[nH]1,5 8,O=S(Cc1ccccn1)c1nc2ccccc2[nH]1,train,385.8230000000001,3.7845200000000014,0.6554695537426424,25,44
subcategory_halogen-walk.F->Cl_430,CO[C@]12CCC3(C[C@@H]1C(C)(C)O)[C@H]1Cc4ccc(O)c5c4[C@]3(CCN1CC1CC1)[C@@H]2O5,0,authentic,authentic,,,c1cc2c3c(c1)O[C@@H]1C4CCC5(CC4)[C@@H](C2)N(CC2CC2)CC[C@@]315,train,425.5690000000003,3.3876000000000017,0.7744063605229821,31,75
subcategory_halogen-walk.F->Cl_1235,CCCN(CCC)CC(O)COc1ccccc1C(=O)CCc1ccccc1Cl,1,halogen-walk,F->Cl,CCCN(CCC)CC(O)COc1ccccc1C(=O)CCc1ccc(F)cc1.Cl,0 1 2 3 4 5 6 7 8 9 10 11 12 13 14 15 16 17 18 19 20 22 23 24 25 26 27,O=C(CCc1ccccc1)c1ccccc1,train,417.9770000000002,5.017200000000005,0.4648436716412721,29,41
subcategory_halogen-walk.F->Cl_1478,CN1CCC(COCc2cc(-c3ccccc3)cc(C(F)(F)F)c2C#N)(c2cccc(Cl)c2)CC1,1,halogen-walk,F->Cl,CN1CCC(COCc2cc(-c3ccccc3)cc(C(F)(F)F)c2C#N)(c2ccc(F)c(F)c2)CC1,6,c1ccc(-c2cccc(COCC3(c4ccccc4)CCNCC3)c2)cc1,train,498.9760000000002,7.077680000000006,0.36417036222798294,35,60
subcategory_halogen-walk.F->Cl_418,Cc1cc2ccccc2n1CCNC(=O)c1cccc(F)c1,0,authentic,authentic,,,O=C(NCCn1ccc2ccccc21)c1ccccc1,test,296.34499999999997,3.5188200000000016,0.7850574197756157,22,33
subcategory_halogen-walk.F->Cl_293,[3H]C1[C@H](C(C)(C)O)[C@]2(OC)CC[C@]13[C@H]1Cc4ccc(O)c5c4[C@@]3(CCN1CC1CC1)[C@H]2O5,0,authentic,authentic,,,c1cc2c3c(c1)O[C@H]1C4CCC5(CC4)[C@@H](C2)N(CC2CC2)CC[C@]315,train,427.5770492780003,3.3876000000000026,0.771374441378868,31,83
subcategory_halogen-walk.F->Cl_826,Clc1cccc([C@H]2CCN(CC3CC3)C[C@@H]2COc2ccc3c(c2)OCO3)c1,1,halogen-walk,F->Cl,Cl.Fc1ccc([C@H]2CCN(CC3CC3)C[C@@H]2COc2ccc3c(c2)OCO3)cc1,6,c1ccc([C@H]2CCN(CC3CC3)C[C@@H]2COc2ccc3c(c2)OCO3)cc1,train,399.9180000000001,4.963200000000004,0.6862566030186033,28,54
subcategory_halogen-walk.F->Cl_1167,Clc1ccccc1[C@@H]1CNC[C@@H](COc2ccc3c(c2)OCO3)C1,1,halogen-walk,F->Cl,Fc1ccc([C@@H]2CNC[C@@H](COc3ccc4c(c3)OCO4)C2)cc1,0 1 2 3 4 5 6 7,c1ccc([C@@H]2CNC[C@@H](COc3ccc4c(c3)OCO4)C2)cc1,test,345.82600000000014,3.8408000000000024,0.9135196404920888,24,47
subcategory_halogen-walk.F->Cl_70,O=C1CC(NC(=O)c2cc(C(F)(F)F)ccc2Oc2ccc(OC(F)F)cc2)CCN1,0,authentic,authentic,,,O=C1CC(NC(=O)c2ccccc2Oc2ccccc2)CCN1,train,444.3560000000001,4.107500000000002,0.6580459812261172,31,53
subcategory_halogen-walk.F->Cl_61,CNCC(=O)NCCCC[C@H](N[C@@H](CCc1ccccc1)C(=O)O)C(=O)N1CCC[C@H]1C(=O)O,0,authentic,authentic,,,O=C(CNCCCc1ccccc1)N1CCCC1,train,476.5740000000003,0.6121000000000032,0.23136849012509275,34,67
subcategory_halogen-walk.F->Cl_554,Fc1ccc([C@@H]2CCN(OCc3ccccc3)C[C@H]2COc2ccc3c(c2)OCO3)cc1,0,authentic,authentic,,,c1ccc(CON2CC[C@@H](c3ccccc3)[C@H](COc3ccc4c(c3)OCO4)C2)cc1,test,435.49500000000023,5.1707000000000045,0.512072654707092,32,57
subcategory_halogen-walk.F->Cl_65,Cc1nc(-c2ccccc2)sc1COc1ccc(C(C)CC(=O)O)cc1,0,authentic,authentic,,,c1ccc(OCc2cnc(-c3ccccc3)s2)cc1,train,367.4700000000001,5.275720000000004,0.617409231421143,26,42
subcategory_halogen-walk.F->Cl_352,CC(C)C[C@@H](NC(=O)c1ccc(Cl)s1)C(=O)Nc1ccc(N2CCOCC2=O)cc1,0,authentic,authentic,,,O=C(CNC(=O)c1cccs1)Nc1ccc(N2CCOCC2=O)cc1,train,449.96000000000026,3.547900000000002,0.6762342001575327,30,57
subcategory_halogen-walk.F->Cl_433,O=C(O)CC(O)CC(O)/C=C/c1c(C2CC2)nc2ccccc2c1C1=CC=C(F)CC=C1,0,authentic,authentic,,,C1=CCC=CC(c2cc(C3CC3)nc3ccccc23)=C1,val,435.4950000000001,4.908700000000004,0.548194351087175,32,57
subcategory_halogen-walk.F->Cl_1364,CN(C)C(=O)N1CC[C@@H](c2ccccc2Cl)[C@H](COc2ccc3c(c2)OCO3)C1,1,halogen-walk,F->Cl,CN(C)C(=O)N1CC[C@@H](c2ccc(F)cc2)[C@H](COc2ccc3c(c2)OCO3)C1,0 1 2 3 4 5 6 7 9 10 11 12 13 14 15 16 17 18 19 20 21 22 23 24 25 26 27 28,c1ccc([C@@H]2CCNC[C@H]2COc2ccc3c(c2)OCO3)cc1,train,416.9050000000003,4.2348000000000035,0.7478028436212086,29,58
subcategory_halogen-walk.F->Cl_1204,COC(=O)C1=C(C)NC(=O)N(C(=O)NCCCN2CCC(c3ccc(C)cc3)(c3ccccc3C)CC2)C1c1ccccc1Cl,1,halogen-walk,F->Cl,COC(=O)C1=C(C)NC(=O)N(C(=O)NCCCN2CCC(c3ccc(C)cc3)(c3ccccc3C)CC2)C1c1ccc(F)c(F)c1,37 38 39 40 41 42 43 44,O=C1NC=CC(c2ccccc2)N1C(=O)NCCCN1CCC(c2ccccc2)(c2ccccc2)CC1,val,629.2010000000004,6.651940000000007,0.21527775867731308,45,76
subcategory_halogen-walk.F->Cl_606,CC(C)[C@@H]1[C@H](OC(=O)N[C@@H](Cc2ccccc2)[C@H](O)CN2C[C@H]3CCCC[C@H]3C[C@H]2C(=O)NC(C)(C)C)CCS1(=O)=O,0,authentic,authentic,,,O=C(N[C@H](CCN1CC[C@@H]2CCCC[C@@H]2C1)Cc1ccccc1)O[C@@H]1CCS(=O)(=O)C1,train,605.8420000000003,3.691900000000002,0.39217298229655323,42,102
subcategory_halogen-walk.F->Cl_1434,CC(=O)CCCC(=O)N1C(=O)O[C@](C#CC2CC2)(CCl)c2cc(Cl)ccc21,1,halogen-walk,F->Cl,CC(=O)CCCC(=O)N1C(=O)O[C@](C#CC2CC2)(C(F)(F)F)c2cc(Cl)ccc21,12 18 19,O=C1Nc2ccccc2C(C#CC2CC2)O1,train,408.281,4.430000000000004,0.5342908945271714,27,54
subcategory_halogen-walk.F->Cl_260,Cc1nc(-c2cccc(C(F)(F)F)c2)sc1COc1ccc(/C=C/C(=O)O)cc1,0,authentic,authentic,,,c1ccc(OCc2cnc(-c3ccccc3)s2)cc1,train,419.4240000000001,5.8141200000000035,0.5121231520846431,29,52
subcategory_halogen-walk.F->Cl_405,CCCCC1C(=O)N(Cc2ccccc2)c2nc3ncncc3n2C1=O,0,authentic,authentic,,,O=C1CC(=O)n2c(nc3ncncc32)N1Cc1ccccc1,train,349.3940000000001,2.819700000000001,0.6617248154193245,26,40
subcategory_halogen-walk.F->Cl_22,CN1C2CC(OC(=O)C(O)(c3cccs3)c3cccs3)CC13C(O)C23,0,authentic,authentic,,,O=C(OC1CC2NC3(C1)CC23)C(c1cccs1)c1cccs1,train,377.4870000000001,1.7945999999999995,0.7953919674252938,25,46
subcategory_halogen-walk.F->Cl_1564,OC(c1ccccc1Cl)C(O)(Cn1cncn1)c1ccc(F)cc1,1,halogen-walk,F->Cl,OC(c1ccc(F)cc1)C(O)(Cn1cncn1)c1ccc(F)cc1,7,c1ccc(CC(Cn2cncn2)c2ccccc2)cc1,train,347.77700000000004,2.692,0.7441089568640767,24,39
subcategory_halogen-walk.F->Cl_473,Cc1nc(-c2ccc(OC(F)F)c(C#N)c2)sc1C(=O)N(C)C,0,authentic,authentic,,,c1ccc(-c2nccs2)cc1,train,337.35100000000006,3.293400000000002,0.858497809694365,23,42
subcategory_halogen-walk.F->Cl_572,COc1ccc2c(c1)c(CC(=O)Nc1ccc(Cl)cc1)c(C)n2C(=O)c1ccccc1,0,authentic,authentic,,,O=C(Cc1cn(C(=O)c2ccccc2)c2ccccc12)Nc1ccccc1,train,432.90700000000015,5.481420000000004,0.4538221918174691,31,54
subcategory_halogen-walk.F->Cl_59,CCNc1cccnc1N1CCN(C(=O)c2cc3ccccc3s2)CC1,0,authentic,authentic,,,O=C(c1cc2ccccc2s1)N1CCN(c2ccccn2)CC1,val,366.49000000000007,3.690500000000003,0.7650090467972134,26,39
subcategory_halogen-walk.F->Cl_888,CC(N)C(Oc1ccc2c(c1)OCO2)c1cccc(Cl)c1,1,halogen-walk,F->Cl,CC(N)C(Oc1ccc2c(c1)OCO2)c1ccc(F)cc1,0 1 2 4 5 6 7 8 9 10 11 12 13 14 15 16 17 18 19,c1ccc(COc2ccc3c(c2)OCO3)cc1,test,305.76099999999997,3.5360000000000023,0.9385032995157206,21,36
subcategory_halogen-walk.F->Cl_610,CN(C)Cc1ccccc1C(=O)CCCc1ccc2c(c1)OC(F)(F)C(F)(F)O2,0,authentic,authentic,,,O=C(CCCc1ccc2c(c1)OCCO2)c1ccccc1,train,411.395,4.910600000000004,0.47944025665857154,29,50
subcategory_halogen-walk.F->Cl_525,COc1ccc2c(c1)c(CC(=O)NCCOCCOCCO)c(C)n2C(=O)c1ccc(Cl)cc1,0,authentic,authentic,,,O=C(c1ccccc1)n1ccc2ccccc21,train,488.9680000000002,2.984420000000001,0.38020336869329535,34,55
subcategory_halogen-walk.F->Cl_135,Cc1ccc(Oc2ccc(C(F)(F)F)cc2C(=O)NC2CCNC(=O)C2)c(F)c1F,0,authentic,authentic,,,O=C1CC(NC(=O)c2ccccc2Oc2ccccc2)CCN1,train,428.35700000000014,4.092720000000003,0.7212778950829513,30,52
subcategory_halogen-walk.F->Cl_464,Br.C[N+]1(C)C2CC(OC(=O)C(O)(c3cccs3)c3cccs3)CC1C1OC12,0,authentic,authentic,,,O=C(OC1CC2[NH2+]C(C1)C1OC21)C(c1cccs1)c1cccs1,test,473.43400000000014,2.9236000000000013,0.4217008175908738,27,53
subcategory_halogen-walk.F->Cl_56,O=C(Nc1cc[nH]c(=O)c1)c1ccc(C(F)(F)F)cc1OC1CCC(F)(F)CC1,0,authentic,authentic,,,O=C(Nc1cc[nH]c(=O)c1)c1ccccc1OC1CCCCC1,val,416.34600000000023,4.602700000000002,0.7158955345666524,29,54
subcategory_halogen-walk.F->Cl_456,COc1ccc(S(=O)(=O)NN(C)S(=O)(=O)c2ccc(C)cc2)cc1,0,authentic,authentic,,,O=S(=O)(NNS(=O)(=O)c1ccccc1)c1ccccc1,test,370.4520000000001,1.5176199999999995,0.7784156344924782,24,46
subcategory_halogen-walk.F->Cl_522,OCCN1CCN(C(c2ccccc2)c2ccc(Cl)cc2)CC1,0,authentic,authentic,,,c1ccc(C(c2ccccc2)N2CCNCC2)cc1,train,330.85900000000015,3.039300000000001,0.9125177713065794,23,36
subcategory_halogen-walk.F->Cl_1043,CN(CCCC1(c2cccc(Cl)c2)OCc2cc(C#N)ccc21)C1CCC(=O)CC1,1,halogen-walk,F->Cl,CN(CCCC1(c2ccc(F)cc2)OCc2cc(C#N)ccc21)C1CCC(=O)CC1,6,O=C1CCC(NCCCC2(c3ccccc3)OCc3ccccc32)CC1,train,422.9560000000003,5.209180000000005,0.6407955476140283,30,51
subcategory_halogen-walk.F->Cl_768,COC(=O)c1ccc(CN2C3CCC2C(F)(CC2Cc4cc(OC)c(OC)cc4C2=O)C3)cc1,0,authentic,authentic,,,O=C1c2ccccc2CC1CC1CC2CCC1N2Cc1ccccc1,train,467.53700000000026,4.3807000000000045,0.5633864102609891,34,58
subcategory_halogen-walk.F->Cl_1176,CCN1CCC(O)(c2cccc(Cl)c2)CC1,1,halogen-walk,F->Cl,CCN1CCC(O)(c2ccc(F)c(OC(F)F)c2)CC1,0 1 2 3 4 6 7 8 9 10 11 12 13 14 15,c1ccc(C2CCNCC2)cc1,train,239.74599999999998,2.643300000000001,0.8579071939129606,16,27
subcategory_halogen-walk.F->Cl_119,CC1(O)OC(=O)C(c2ccc3ccccc3c2)=C1c1ccc(S(C)(=O)=O)cc1,0,authentic,authentic,,,O=C1OCC(c2ccccc2)=C1c1ccc2ccccc2c1,train,394.4480000000001,3.4194000000000013,0.6887245141554866,28,52
subcategory_halogen-walk.F->Cl_1361,Cc1[nH]c(-c2ccccc2Cl)cc1C(=O)N1CCCCCC1,1,halogen-walk,F->Cl,Cc1[nH]c(-c2ccc(F)cc2)cc1C(=O)N1CCCCCC1,0 1 2 4 5 6 7 8 9 10 11 12 13 14 15 16 17 18 19 20 21,O=C(c1c[nH]c(-c2ccccc2)c1)N1CCCCCC1,train,316.83200000000016,4.6597200000000045,0.8590760466219088,22,38
subcategory_halogen-walk.F->Cl_532,CCOC(=O)CC(=O)CC(O)/C=C/c1c(-c2ccc(F)cc2)c2c3ccccc3ccn2c1C(C)C,0,authentic,authentic,,,c1ccc(-c2ccn3ccc4ccccc4c23)cc1,train,487.5710000000002,6.308500000000007,0.22195590518371053,36,62
subcategory_halogen-walk.F->Cl_651,COc1ccc(-n2nc(C(N)=O)c3c2C(=O)N(c2ccc(N4CCC4=O)cc2)CC3)cc1F,0,authentic,authentic,,,O=C1CCN1c1ccc(N2CCc3cnn(-c4ccccc4)c3C2=O)cc1,train,449.44200000000023,2.0584999999999996,0.5997440664722039,33,59
subcategory_halogen-walk.F->Cl_168,Cc1cc(C)n(C(=O)CCNS(=O)(=O)c2ccc(CCNC(=O)c3cnccn3)cc2)n1,0,authentic,authentic,,,O=C(NCCc1ccc(S(=O)(=O)NCCC(=O)n2cccn2)cc1)c1cnccn1,train,456.5280000000002,1.2712399999999997,0.4947758445957902,32,56
subcategory_halogen-walk.F->Cl_1160,O=C(c1ccccc1OCl)N(CC1CCC1)[C@H]1CCNC1,1,halogen-walk,F->Cl,O=C(c1ccccc1OC(F)F)N(CC1CCC1)[C@H]1CCNC1,1,O=C(c1ccccc1)N(CC1CCC1)[C@H]1CCNC1,train,308.809,2.8234000000000004,0.9092120540263946,21,37
subcategory_halogen-walk.F->Cl_946,COc1ccc(-n2nc(Cl)c3c2C(=O)N(CC(=O)NC2(CO)CC2)CC3)cc1,1,halogen-walk,F->Cl,COc1ccc(-n2nc(C(F)(F)F)c3c2C(=O)N(CC(=O)NC2(CO)CC2)CC3)cc1,0 1 2 3 4 5 6 7 9 10 11 12 13 14 15 16 17 18 19 20 21 22 23 24 25 26 27,O=C(CN1CCc2cnn(-c3ccccc3)c2C1=O)NC1CC1,train,404.8540000000002,1.173699999999999,0.753053321655908,28,52
subcategory_halogen-walk.F->Cl_1088,CN1CC=C(c2cn(-c3ccccc3Cl)c3ccccc23)CC1,1,halogen-walk,F->Cl,CN1CC=C(c2cn(-c3ccc(F)cc3)c3ccccc23)CC1,0 1 2 3 4 5 6 8 9 10 11 12 13 14 15 16 17 18 19 20 21 22,C1=C(c2cn(-c3ccccc3)c3ccccc23)CCNC1,test,322.8390000000001,5.002800000000004,0.644073177197223,23,38
subcategory_halogen-walk.F->Cl_1380,COc1ccc2c3c1O[C@H]1C[C@@H](O)C=C[C@@]31CCN(C(=O)Cl)C2,1,halogen-walk,F->Cl,COc1ccc2c3c1O[C@H]1C[C@@H](O)C=C[C@@]31CCN(C(=O)C(F)(F)F)C2,19 21,C1=C[C@@]23CCNCc4cccc(c42)O[C@H]3CC1,train,335.78700000000003,2.579300000000001,0.4866551088524851,23,53
subcategory_halogen-walk.F->Cl_963,C[C@@H](N1CCn2ncnc2C1)[C@](O)(Cn1cncn1)c1ccccc1Cl,1,halogen-walk,F->Cl,C[C@@H](N1CCn2ncnc2C1)[C@](O)(Cn1cncn1)c1ccc(F)cc1F,7,c1ccc(C(CN2CCn3ncnc3C2)Cn2cncn2)cc1,train,373.84800000000007,1.3150999999999997,0.7255824399421783,26,49
subcategory_halogen-walk.F->Cl_560,COCCNC(=O)c1cccc(OC2CCN(Cc3ccc(F)cc3OC)CC2)c1,0,authentic,authentic,,,c1ccc(CN2CCC(Oc3ccccc3)CC2)cc1,train,416.49300000000017,3.2539000000000016,0.6361872537039075,30,45
subcategory_halogen-walk.F->Cl_628,C1=C(Cc2ccccc2)c2ccccc2C2=NCCCN12,0,authentic,authentic,,,C1=C(Cc2ccccc2)c2ccccc2C2=NCCCN12,train,274.36699999999996,3.736100000000003,0.8143215243148685,21,33
subcategory_halogen-walk.F->Cl_114,c1ccc(CCN2CCC3C(=C(c4ccccc4)c4ccccc43)C2)cc1,0,authentic,authentic,,,c1ccc(CCN2CCC3C(=C(c4ccccc4)c4ccccc43)C2)cc1,test,351.4930000000001,5.534100000000006,0.596875595473178,27,44
subcategory_halogen-walk.F->Cl_1345,CC(C(=O)N[C@]1(c2ccccc2)CC[C@@H](N2CCC(c3cccc(Cl)c3)CC2)CC1)c1cc(C(F)(F)F)cc(C(F)(F)F)c1,1,halogen-walk,F->Cl,CC(C(=O)N[C@]1(c2ccccc2)CC[C@@H](N2CCC(c3ccc(F)cc3)CC2)CC1)c1cc(C(F)(F)F)cc(C(F)(F)F)c1,6,O=C(Cc1ccccc1)N[C@]1(c2ccccc2)CC[C@@H](N2CCC(c3ccccc3)CC2)CC1,train,637.1080000000003,9.315,0.27359607950571735,44,88
subcategory_halogen-walk.F->Cl_79,C=CCC1(C)OC(S)=Nc2ccc(-c3cccc(Cl)c3)cc21,0,authentic,authentic,,,C1=Nc2ccc(-c3ccccc3)cc2CO1,train,329.85200000000003,5.7458000000000045,0.5619520209204862,22,40
subcategory_halogen-walk.F->Cl_1367,Clc1cccc([C@@H]2CCNC[C@H]2COc2cc3c(cc2Br)OCO3)c1,1,halogen-walk,F->Cl,Fc1ccc([C@@H]2CCNC[C@H]2COc2cc3c(cc2Br)OCO3)cc1,0 1 2 3 4 5 6 24,c1ccc([C@@H]2CCNC[C@H]2COc2ccc3c(c2)OCO3)cc1,train,424.7220000000001,4.6033000000000035,0.7782988319065123,25,48
subcategory_halogen-walk.F->Cl_540,CC(C)CCC(CCNCc1ccccn1)c1ccc(Cl)cc1,0,authentic,authentic,,,c1ccc(CCCNCc2ccccn2)cc1,train,330.903,5.434700000000006,0.6195524428941159,23,34
subcategory_halogen-walk.F->Cl_916,O=C1[C@@H](c2ccc(F)cc2)[C@H](c2ccc(O)cc2)N1CC[C@H](O)c1cccc(Cl)c1,1,halogen-walk,F->Cl,O=C1[C@@H](c2ccc(F)cc2)[C@H](c2ccc(O)cc2)N1CC[C@H](O)c1ccc(F)cc1,6,O=C1[C@@H](c2ccccc2)[C@H](c2ccccc2)N1CCCc1ccccc1,train,425.88700000000017,4.975500000000004,0.5476554984004117,30,65
subcategory_halogen-walk.F->Cl_797,O=C(O)CCC1=CCN(NC(=O)c2ccccc2)CC1,0,authentic,authentic,,,O=C(NN1CC=CCC1)c1ccccc1,test,274.3200000000001,1.8282999999999998,0.8036566866385964,20,33
subcategory_halogen-walk.F->Cl_83,COc1cccc(C2(O)CCCC(C)C2C)c1F,0,authentic,authentic,,,c1ccc(C2CCCCC2)cc1,test,252.32899999999992,3.4780000000000024,0.8728516122639163,18,28
subcategory_halogen-walk.F->Cl_997,CCn1nc(Cc2ccccc2Cl)cc1C1CCN(C[C@H]2CN([C@@H](C(=O)O)C3CCCCC3)C[C@@H]2c2cccc(F)c2)CC1,1,halogen-walk,F->Cl,CCn1nc(Cc2cc(F)cc(F)c2)cc1C1CCN(C[C@H]2CN([C@@H](C(=O)O)C3CCCCC3)C[C@@H]2c2cccc(F)c2)CC1,7,c1ccc(Cc2cc(C3CCN(C[C@H]4CN(CC5CCCCC5)C[C@@H]4c4ccccc4)CC3)[nH]n2)cc1,train,621.2410000000004,7.214800000000008,0.2594199620538408,44,84
subcategory_halogen-walk.F->Cl_223,CCOC(=O)C(CCc1ccccc1)NC(C)C(=O)N1[C@H](C(=O)O)C[C@@H]2CCCC[C@@H]21,0,authentic,authentic,,,O=C(CNCCCc1ccccc1)N1CC[C@@H]2CCCC[C@@H]21,train,430.54500000000036,2.7733000000000008,0.5851031637925748,31,66
subcategory_halogen-walk.F->Cl_550,CCN(C(=O)c1ccccc1OCc1ccccc1)C1CCCNC1,0,authentic,authentic,,,O=C(NC1CCCNC1)c1ccccc1OCc1ccccc1,val,338.45100000000014,3.479700000000002,0.8766518623146038,25,36
subcategory_halogen-walk.F->Cl_809,CC(CC(=O)N=O)C[C@H](O)/C=C/c1c(-c2ccccc2Cl)c2ccccc2n1C(C)C,1,halogen-walk,F->Cl,CC(CC(=O)N=O)C[C@H](O)/C=C/c1c(-c2ccc(F)cc2)c2ccccc2n1C(C)C,7,c1ccc(-c2c[nH]c3ccccc23)cc1,train,438.9550000000002,6.6260000000000066,0.4011232653537381,31,58
subcategory_halogen-walk.F->Cl_1209,COc1ccc(-n2nc(Cl)c3c2C(=O)N(c2ccc(C(=O)N(C)C)cc2)CC3)c(C(=O)N(C)C2CCN(C)CC2)c1,1,halogen-walk,F->Cl,COc1ccc(-n2nc(C(F)(F)F)c3c2C(=O)N(c2ccc(C(=O)N(C)C)cc2)CC3)c(C(=O)N(C)C2CCN(C)CC2)c1,0 1 2 3 4 5 6 7 9 10 11 12 13 14 15 16 17 18 19 20 21 22 23 24 25 26 27 28 29 30 31 32 33 34 35 36 37 38 39 40,O=C(NC1CCNCC1)c1ccccc1-n1ncc2c1C(=O)N(c1ccccc1)CC2,train,579.1010000000002,3.6052000000000026,0.4438311803966954,41,78
subcategory_halogen-walk.F->Cl_425,COc1cc(F)ccc1O[C@H](c1ccccc1)[C@H]1CNCCO1,0,authentic,authentic,,,c1ccc(O[C@H](c2ccccc2)[C@H]2CNCCO2)cc1,train,317.3600000000001,2.9428,0.9202559114828166,23,41
subcategory_halogen-walk.F->Cl_1140,COc1ccc(-n2nc(Cl)c3c2C(=O)N(c2ccc(C4(C(=O)N5CCN(C)CC5)CC4)cc2)CC3)cc1,1,halogen-walk,F->Cl,COc1ccc(-n2nc(C(F)(F)F)c3c2C(=O)N(c2ccc(C4(C(=O)N5CCN(C)CC5)CC4)cc2)CC3)cc1,0 1 2 3 4 5 6 7 9 10 11 12 13 14 15 16 17 18 19 20 21 22 23 24 25 26 27 28 29 30 31 32 33 34 35 36,O=C1c2c(cnn2-c2ccccc2)CCN1c1ccc(C2(C(=O)N3CCNCC3)CC2)cc1,train,520.0330000000005,3.5428000000000024,0.5154410486512399,37,69
subcategory_halogen-walk.F->Cl_1199,CC(C)(C)CN(C1CC1)[C@@H](CNC(=O)c1ccc(Cl)s1)C(=O)Nc1ccccc1Cl,1,halogen-walk,F->Cl,CC(C)(C)CN(C1CC1)[C@@H](CNC(=O)c1ccc(Cl)s1)C(=O)Nc1ccc(N2CCOCC2=O)c(F)c1,7,O=C(NC[C@H](NC1CC1)C(=O)Nc1ccc(N2CCOCC2=O)cc1)c1cccs1,train,468.45000000000016,5.302500000000005,0.5527040114098289,30,59
subcategory_halogen-walk.F->Cl_1537,O=C1C(CC[C@H](O)c2ccc(F)cc2)C(c2ccc(-c3cccc(B(O)O)c3)cc2)N1c1cccc(Cl)c1,1,halogen-walk,F->Cl,O=C1C(CC[C@H](O)c2ccc(F)cc2)C(c2ccc(-c3cccc(B(O)O)c3)cc2)N1c1ccc(F)cc1,30 31 32 33 34 35 36 37,O=C1C(CCCc2ccccc2)C(c2ccc(-c3ccccc3)cc2)N1c1ccccc1,train,529.8040000000002,5.043800000000005,0.2205633254555618,38,71
subcategory_halogen-walk.F->Cl_798,OCCCc1cc2c(cc1OC[C@@H]1CNCC[C@H]1c1cccc(Cl)c1)OCO2,1,halogen-walk,F->Cl,OCCCc1cc2c(cc1OC[C@@H]1CNCC[C@H]1c1ccc(F)cc1)OCO2,0 1 2 3 4 5 6 7 8 9 10 11 12 13 14 15 16 18 19 20 21 22 23 24 25 26 27,c1ccc([C@@H]2CCNC[C@H]2COc2ccc3c(c2)OCO3)cc1,train,403.90600000000006,3.7657000000000025,0.736585262198088,28,50
subcategory_halogen-walk.F->Cl_136,CCCC1(CCc2ccccc2)OC(=O)C(C(CC)c2cccc(NS(=O)(=O)c3ccc(C(F)(F)F)cn3)c2)=C(O)O1,0,authentic,authentic,,,O=C1OC(CCc2ccccc2)OC=C1Cc1cccc(NS(=O)(=O)c2ccccn2)c1,test,604.6470000000002,6.867000000000005,0.22972008031474717,42,76
subcategory_halogen-walk.F->Cl_224,CC(C)C(=O)OCN1C(=O)CCc2ccc(OCCCCN3CCN(c4cccc(Cl)c4Cl)CC3)cc21,0,authentic,authentic,,,O=C1CCc2ccc(OCCCCN3CCN(c4ccccc4)CC3)cc2N1,train,548.5110000000002,5.410500000000005,0.2924345274540304,37,61
subcategory_halogen-walk.F->Cl_226,O=c1cc(C(F)(F)F)c2cc3c(cc2o1)NCCC3C(F)(F)F,0,authentic,authentic,,,O=c1ccc2cc3c(cc2o1)NCCC3,train,337.219,4.273300000000002,0.5765002137435229,23,42
subcategory_halogen-walk.F->Cl_376,CCN(C)CCNC.CCO.Clc1ccc2c(c1)N=Cc1ccccc1N2,0,authentic,authentic,,,C1=Nc2ccccc2Nc2ccccc21,train,390.95900000000006,4.303700000000003,0.6210413366061605,27,41
subcategory_halogen-walk.F->Cl_1062,COc1ccc(/C=C2\CCCCC(CN(C)C)C2(O)c2cccc(Cl)c2)cc1,1,halogen-walk,F->Cl,COc1ccc(/C=C2\CCCCC(CN(C)C)C2(O)c2cccc(C(F)(F)F)c2)cc1,0 1 2 3 4 5 6 7 8 9 10 11 12 13 14 15 16 17 18 19 20 21 22 24 25 26 27,C(=C1/CCCCCC1c1ccccc1)/c1ccccc1,test,399.962,5.371600000000006,0.6856163032707558,28,48
subcategory_halogen-walk.F->Cl_120,CCOC(=O)C(CCc1ccccc1)NC1CCCCCN(CC(=O)CO)C1=O,0,authentic,authentic,,,O=C1NCCCCCC1NCCCc1ccccc1,test,404.50700000000035,1.4730999999999999,0.5736152482488236,29,44
subcategory_halogen-walk.F->Cl_318,COc1cc2nc(-c3cccc(N(C)C)c3)cc(O)c2cc1OC,0,authentic,authentic,,,c1ccc(-c2ccc3ccccc3n2)cc1,test,324.3800000000001,3.6906000000000025,0.7930243145479614,24,39
subcategory_halogen-walk.F->Cl_514,COc1ccc2c(c1)c(CC(=O)O[C@H]1[C@@H]3OC(C)(C)O[C@@H]3CO[C@]13COC(C)(C)O3)c(C)n2C(=O)c1ccc(Cl)cc1,0,authentic,authentic,,,O=C(Cc1cn(C(=O)c2ccccc2)c2ccccc12)O[C@H]1[C@@H]2OCO[C@@H]2CO[C@]12COCO2,train,600.0640000000004,4.784020000000004,0.3831369047345503,42,94
subcategory_halogen-walk.F->Cl_655,COc1ccc2c(c1)[C@@H](NC(C)=O)CCc1c-2cc(OC)c(OC)c1OC,0,authentic,authentic,,,c1ccc2c(c1)CCCc1ccccc1-2,test,371.4330000000001,3.511400000000002,0.8712297616636311,27,50
subcategory_halogen-walk.F->Cl_1463,COc1ccc(-n2nc(Cl)cc2C(=O)NC2CCN(c3ccccc3CN3CCOCC3)CC2)cc1,1,halogen-walk,F->Cl,COc1ccc(-n2nc(C(F)(F)F)cc2C(=O)NC2CCN(c3ccccc3CN3CCOCC3)CC2)cc1,8 9,O=C(NC1CCN(c2ccccc2CN2CCOCC2)CC1)c1ccnn1-c1ccccc1,val,510.03800000000047,3.7653000000000034,0.5226033829022476,36,57
subcategory_halogen-walk.F->Cl_1406,Clc1cccc([C@@H]2CCNC[C@H]2COc2ccccc2)c1,1,halogen-walk,F->Cl,Fc1ccc([C@@H]2CCNC[C@H]2COc2ccccc2)cc1,0 1 2 3 4 5 7 8 9 10 11 12 13 14 15 16 17 18 19,c1ccc(OC[C@@H]2CNCC[C@H]2c2ccccc2)cc1,test,301.81699999999995,4.1121000000000025,0.9173042054517576,21,39
subcategory_halogen-walk.F->Cl_476,CCCC(=O)N[C@H]1CCc2cc(O)c(OC)c(OC)c2-c2ccc(SC)c(=O)cc21,0,authentic,authentic,,,O=c1cccc2c(c1)CCCc1ccccc1-2,train,429.5380000000002,4.062100000000004,0.6738436499066283,30,55
subcategory_halogen-walk.F->Cl_1122,Cc1cc(N2CCc3c(C(N)=O)nn(-c4ccccc4Cl)c3C2=O)ccc1N1CCOCC1=O,1,halogen-walk,F->Cl,CCOc1ccc(-n2nc(C(N)=O)c3c2C(=O)N(c2ccc(N4CCOCC4=O)c(C)c2)CC3)cc1F,7,O=C1COCCN1c1ccc(N2CCc3cnn(-c4ccccc4)c3C2=O)cc1,train,479.9240000000004,2.4991200000000005,0.6177273858371262,34,57
subcategory_halogen-walk.F->Cl_806,CCOc1cnc(CSc2nc3cc(OCF)c(OCl)cc3[nH]2)c(C)c1OCC,1,halogen-walk,F->Cl,CCOc1cnc(CSc2nc3cc4c(cc3[nH]2)OC(F)(F)C(F)O4)c(C)c1OCC,0 1 6 9 12,c1ccc(CSc2nc3cc4c(cc3[nH]2)OCCO4)nc1,train,441.9120000000002,5.1944200000000045,0.433261434200353,29,47
subcategory_halogen-walk.F->Cl_639,CSc1ccc(C(=O)c2ccc3n2CCCCC3C(=O)O)cc1,0,authentic,authentic,,,O=C(c1ccccc1)c1ccc2n1CCCCC2,val,329.421,3.7931000000000017,0.6846370284483839,23,37
subcategory_halogen-walk.F->Cl_368,COc1cc2c(cc1OCC#N)CC(F)(CC1CCN(Cc3ccccc3)CC1)C2=O,0,authentic,authentic,,,O=C1c2ccccc2CC1CC1CCN(Cc2ccccc2)CC1,train,422.50000000000017,4.346980000000004,0.6639938170368419,31,49
subcategory_halogen-walk.F->Cl_1571,CN(CC(C)(C)C)[C@@H](CNC(=O)c1ccc(Cl)s1)C(=O)Nc1ccccc1Cl,1,halogen-walk,F->Cl,CN(CC(C)(C)C)[C@@H](CNC(=O)c1ccc(Cl)s1)C(=O)Nc1ccc(N2CCOCC2=O)c(F)c1,20 21 22 23 24 25 26 27,O=C(CCNC(=O)c1cccs1)Nc1ccc(N2CCOCC2=O)cc1,train,442.41200000000003,4.769900000000004,0.6495785024726433,28,55
subcategory_halogen-walk.F->Cl_11,O=C(NC1CC1)c1ccccc1OCC1CCN(C(=O)Cc2ccccc2F)CC1,0,authentic,authentic,,,O=C(NC1CC1)c1ccccc1OCC1CCN(C(=O)Cc2ccccc2)CC1,test,410.4890000000002,3.578000000000003,0.7591588162339951,30,46
subcategory_halogen-walk.F->Cl_825,Cc1nc(-c2c(OCc3cccc(Cl)c3)ccc3ccccc23)sc1C(=O)O,1,halogen-walk,F->Cl,Cc1nc(-c2c(OCc3ccc(F)cc3)ccc3ccccc23)sc1C(=O)O,7 8 9 10 11 12 13 14,c1ccc(COc2ccc3ccccc3c2-c2nccs2)cc1,train,409.8940000000002,6.202320000000005,0.42580647320983717,28,47
subcategory_halogen-walk.F->Cl_1262,O=C1[C@H](CC[C@H](O)c2ccccc2Cl)C(c2ccc(O)cc2)N1c1ccc(F)cc1,1,halogen-walk,F->Cl,O=C1[C@H](CC[C@H](O)c2ccc(F)cc2)C(c2ccc(O)cc2)N1c1ccc(F)cc1,7,O=C1[C@H](CCCc2ccccc2)C(c2ccccc2)N1c1ccccc1,train,425.8870000000001,5.402600000000005,0.5194519376572729,30,58
subcategory_halogen-walk.F->Cl_1500,CC(C)n1c(/C=C/C(O)CC(O)CC(=O)OC(C)(C)C)c(-c2ccccc2Cl)c2ncccc21,1,halogen-walk,F->Cl,CC(C)n1c(/C=C/C(O)CC(O)CC(=O)OC(C)(C)C)c(-c2ccc(F)cc2)c2ncccc21,7,c1ccc(-c2c[nH]c3cccnc23)cc1,train,485.02400000000017,5.7945000000000055,0.3948559893840031,34,62
subcategory_halogen-walk.F->Cl_1064,CN(C(c1cccc(F)c1)c1cccc(Cl)c1)n1cncn1,1,halogen-walk,F->Cl,CN(C(c1ccc(F)cc1)c1cccc(F)c1)n1cncn1,6,c1ccc(C(Nn2cncn2)c2ccccc2)cc1,train,316.767,3.4280000000000026,0.7392693343877431,22,37
subcategory_halogen-walk.F->Cl_999,C[C@H](N[C@H](C)C(=O)Nc1ccc([N+](=O)[O-])cc1Cl)c1ccccc1Cl,1,halogen-walk,F->Cl,C[C@H](N[C@H](C)C(=O)Nc1ccc([N+](=O)[O-])cc1C(F)(F)F)c1ccccc1Cl,16 17,O=C(CNCc1ccccc1)Nc1ccccc1,train,382.24700000000007,4.579400000000003,0.5658803986615182,25,57
subcategory_halogen-walk.F->Cl_457,COc1ccc(Cl)cc1C(=O)NCCc1ccc(S(N)=O)cc1,0,authentic,authentic,,,O=C(NCCc1ccccc1)c1ccccc1,train,352.8430000000001,2.3024000000000004,0.8365465105960803,23,38
subcategory_halogen-walk.F->Cl_1125,CC(C)n1c(C=C[C@@H](O)C[C@@H](O)CC(=O)O)c(-c2cccc(Cl)c2)c2ccccc21,1,halogen-walk,F->Cl,CC(C)n1c(C=C[C@@H](O)C[C@@H](O)CC(=O)O)c(-c2ccc(F)cc2Br)c2ccccc21,0 1 2 3 4 5 6 7 8 9 10 11 12 13 14 15 17 18 19 20 21 22 23 24 25 26 27 28 29,c1ccc(-c2c[nH]c3ccccc23)cc1,train,427.928,5.142400000000004,0.464328303597367,30,64
subcategory_halogen-walk.F->Cl_392,NC(=O)C[S@](=O)Cc1ccccc1C1=CCCCCC1,0,authentic,authentic,,,C1=C(c2ccccc2)CCCCC1,train,291.4160000000001,2.7681000000000013,0.9064793688309478,20,34
subcategory_halogen-walk.F->Cl_267,C[n+]1ccc(/C=N/c2nc3ccccc3[nH]2)cc1.F[B-](F)(F)F,0,authentic,authentic,,,C(=N\c1nc2ccccc2[nH]1)/c1cc[nH+]cc1,train,324.09000000000003,3.4380000000000015,0.3337141428969102,23,48
subcategory_halogen-walk.F->Cl_6,COc1cc2c(cc1O)Cc1c-2[n+](C)cc2cc(OC)c(OC)cc12.[Cl-],0,authentic,authentic,,,c1ccc2c(c1)Cc1c-2[nH+]cc2ccccc12,test,373.8360000000001,-0.029100000000000348,0.5124758304238272,26,51
subcategory_halogen-walk.F->Cl_987,O=C1C(CCC(O)c2ccccc2Cl)C(c2ccc(-c3ccccc3)cc2)N1c1ccc(F)cc1,1,halogen-walk,F->Cl,O=C1C(CCC(O)c2ccc(F)cc2)C(c2ccc(-c3ccccc3)cc2)N1c1ccc(F)cc1,7,O=C1C(CCCc2ccccc2)C(c2ccc(-c3ccccc3)cc2)N1c1ccccc1,train,485.98600000000016,7.364000000000008,0.27759593003641736,35,58
subcategory_halogen-walk.F->Cl_1510,Fc1ccc(C(CCCN2CCC(c3noc4cc(F)ccc34)CC2)c2ccccc2Cl)cc1,1,halogen-walk,F->Cl,Fc1ccc(C(CCCN2CCC(c3noc4cc(F)ccc34)CC2)c2ccc(F)cc2)cc1,7,c1ccc(C(CCCN2CCC(c3noc4ccccc34)CC2)c2ccccc2)cc1,train,480.9860000000002,7.551100000000007,0.2732136495849711,34,53
subcategory_halogen-walk.F->Cl_1146,O=C1[C@H](CC[C@H](O)c2ccc(F)cc2)[C@@H](c2ccc(-c3cccc(Cl)c3)cc2)N1c1ccc(F)cc1,1,halogen-walk,F->Cl,Cc1cc(-c2ccc([C@@H]3[C@@H](CC[C@H](O)c4ccc(F)cc4)C(=O)N3c3ccc(F)cc3)cc2)ccc1F,6,O=C1[C@H](CCCc2ccccc2)[C@@H](c2ccc(-c3ccccc3)cc2)N1c1ccccc1,train,503.9760000000001,7.503100000000007,0.26511827993023046,36,76
subcategory_halogen-walk.F->Cl_990,CCc1ccc(N2CCC(O)(COc3cccc(Cl)c3)CC2)c(Cl)c1,1,halogen-walk,F->Cl,CCc1ccc(N2CCC(O)(COc3ccc(F)c4c3CCC(=O)N4)CC2)c(Cl)c1,12 13 14 15 16 17 18 19,O=C1CCc2c(cccc2OCC2CCN(c3ccccc3)CC2)N1,train,380.31500000000017,4.966100000000004,0.7954376927362516,25,43
subcategory_halogen-walk.F->Cl_189,O=C(CCc1cccc(O)c1)NCCCNC(=O)CCc1cccc(O)c1,0,authentic,authentic,,,O=C(CCc1ccccc1)NCCCNC(=O)CCc1ccccc1,train,370.4490000000001,2.2857000000000003,0.4823450378841913,27,41
subcategory_halogen-walk.F->Cl_1200,CC(C)c1cc(-c2ccccc2Cl)c(-c2ccc(F)cc2)n1/C=C/[C@@H](O)C[C@@H](O)CC(=O)O,1,halogen-walk,F->Cl,CC(C)c1cc(-c2ccc(F)cc2)c(-c2ccc(F)cc2)n1/C=C/[C@@H](O)C[C@@H](O)CC(=O)O,0 1 2 3 4 6 7 8 9 10 11 12 13 14 15 16 17 18 19 20 21 22 23 24 25 26 27 28 29 30 31 32,c1ccc(-c2cc[nH]c2-c2ccccc2)cc1,train,471.9560000000002,5.795300000000007,0.36830674066780456,33,70
subcategory_halogen-walk.F->Cl_932,Clc1ccc(NC2=Nc3cc(Cl)ccc3N3CCN=C23)cc1,1,halogen-walk,F->Cl,FC(F)(F)c1ccc(NC2=Nc3cc(Cl)ccc3N3CCN=C23)cc1,1,c1ccc(NC2=Nc3ccccc3N3CCN=C23)cc1,train,331.20600000000013,4.367600000000003,0.8429339554248347,22,38
subcategory_halogen-walk.F->Cl_88,CCCN(CCCNc1ccnc2cc(Cl)ccc12)Cc1cc(F)cc(F)c1,0,authentic,authentic,,,c1ccc(CNCCCNc2ccnc3ccccc23)cc1,train,403.90400000000017,5.880600000000005,0.45196234436080057,28,43
subcategory_halogen-walk.F->Cl_883,O=C1O[C@H](c2cccc(Cl)c2)[C@@](Cn2cncn2)(c2ccc(F)cc2)O1,1,halogen-walk,F->Cl,O=C1O[C@H](c2ccc(F)cc2)[C@@](Cn2cncn2)(c2ccc(F)cc2)O1,6,O=C1O[C@H](c2ccccc2)[C@@](Cn2cncn2)(c2ccccc2)O1,train,373.7710000000001,3.874200000000002,0.6492768667963716,26,54
subcategory_halogen-walk.F->Cl_885,O=C1[C@H](CC[C@H](O)c2ccc(F)cc2)[C@@H](c2ccc(-c3ccccc3Cl)cc2)N1c1ccc(F)cc1,1,halogen-walk,F->Cl,Cc1cc(-c2ccc([C@@H]3[C@@H](CC[C@H](O)c4ccc(F)cc4)C(=O)N3c3ccc(F)cc3)cc2)ccc1F,7,O=C1[C@H](CCCc2ccccc2)[C@@H](c2ccc(-c3ccccc3)cc2)N1c1ccccc1,train,503.9760000000001,7.503100000000007,0.26511827993023046,36,74
subcategory_halogen-walk.F->Cl_437,Cc1ccc2c(-c3ccc(F)cc3)c(C=CC(O)CC(=O)CC(=O)O)c(C(C)C)nn12,0,authentic,authentic,,,c1ccc(-c2ccnn3cccc23)cc1,train,424.4720000000002,4.380220000000003,0.5237703664621275,31,57
subcategory_halogen-walk.F->Cl_415,COc1ccc(Cl)cc1C(=O)NC(C)c1cc(OC)c(S(=O)(=O)NC(N)=S)s1,0,authentic,authentic,,,O=C(NCc1cccs1)c1ccccc1,train,463.9900000000002,2.4316,0.5391135806898829,28,53
subcategory_halogen-walk.F->Cl_1110,Clc1cccc(-c2c(-c3ccccn3)nc3n2CCS3)c1,1,halogen-walk,F->Cl,Fc1ccc(-c2c(-c3ccccn3)nc3n2CCS3)cc1,0 1 2 3 4 5 7 8 9 10 11 12 13 14 15 16 17 18 19,c1ccc(-c2c(-c3ccccn3)nc3n2CCS3)cc1,test,313.81300000000005,4.371200000000003,0.7035320575872415,21,36
subcategory_halogen-walk.F->Cl_914,CCc1ccc2c(C(C)C)c(/C=C/C(O)CC(O)CC(=O)O)c(-c3ccccc3Cl)nn12,1,halogen-walk,F->Cl,CCc1ccc2c(C(C)C)c(/C=C/C(O)CC(O)CC(=O)O)c(-c3ccc(F)cc3)nn12,22 23 24 25 26 27 28 29,c1ccc(-c2ccc3cccn3n2)cc1,train,456.97000000000014,4.940300000000004,0.42355132894889513,32,58
subcategory_halogen-walk.F->Cl_1541,CC(C)(C)OC(=O)COc1ccc([C@@H]2[C@@H](CC[C@H](O)c3ccccc3Cl)C(=O)N2c2ccc(F)cc2)cc1,1,halogen-walk,F->Cl,CC(C)(C)OC(=O)COc1ccc([C@@H]2[C@@H](CC[C@H](O)c3ccc(F)cc3)C(=O)N2c2ccc(F)cc2)cc1,7,O=C1[C@H](CCCc2ccccc2)[C@@H](c2ccccc2)N1c1ccccc1,train,540.0310000000002,6.417500000000007,0.2507897245593771,38,79
subcategory_halogen-walk.F->Cl_670,C=C(c1cccc(OC)c1OCC(O)CNC(C)C)n1cnc2ccccc21,0,authentic,authentic,,,C=C(c1ccccc1)n1cnc2ccccc21,test,381.47600000000006,3.3016000000000023,0.5952241979911624,28,43
subcategory_halogen-walk.F->Cl_684,COc1ccc(S(=O)(=O)NC2CCN(C(=O)c3ccc(F)c(Cl)c3)CC2)cc1,0,authentic,authentic,,,O=C(c1ccccc1)N1CCC(NS(=O)(=O)c2ccccc2)CC1,train,426.89700000000016,3.070800000000001,0.7967860987076522,28,52
subcategory_halogen-walk.F->Cl_1526,Cc1c(/C=C/[C@@H](O)C[C@@H](O)CC(=O)O)c(-c2cccc(Cl)c2)cn1-c1ccccc1,1,halogen-walk,F->Cl,Cc1c(/C=C/[C@@H](O)C[C@@H](O)CC(=O)O)c(-c2ccc(F)cc2)cn1-c1ccccc1,6,c1ccc(-c2ccn(-c3ccccc3)c2)cc1,train,425.91200000000003,4.705920000000003,0.4879167279126076,30,65
subcategory_halogen-walk.F->Cl_1157,NC(=O)c1ccccc1OCC#CCNC(=O)c1cccc(Cl)c1,1,halogen-walk,F->Cl,NC(=O)c1ccccc1OCC#CCNC(=O)c1ccc(F)c(F)c1,15 17 18 19 20 21 22 23,O=C(NCC#CCOc1ccccc1)c1ccccc1,test,342.7819999999999,2.2511,0.8176158106885302,24,38
subcategory_halogen-walk.F->Cl_14,CCCCC(C)c1cccc(CCC)c1O,0,authentic,authentic,,,c1ccccc1,train,220.35599999999994,4.638400000000004,0.7402117261455088,16,22
subcategory_halogen-walk.F->Cl_1274,CCOc1c(F)cccc1C(=O)NCCN(C)C(=O)c1cccc(Cl)c1,1,halogen-walk,F->Cl,CCOc1c(F)cccc1C(=O)NCCN(C)C(=O)c1cccc(C(F)(F)F)c1,0 1 2 3 4 5 6 7 8 9 10 11 12 13 14 15 16 17 18 19 20 21 22 24,O=C(NCCNC(=O)c1ccccc1)c1ccccc1,test,378.831,3.379800000000002,0.8031082433912651,26,43
subcategory_halogen-walk.F->Cl_263,Cc1c(OCC(F)(F)F)ccnc1CS(=O)c1nc2ccc(O)cc2[nH]1,0,authentic,authentic,,,O=S(Cc1ccccn1)c1nc2ccccc2[nH]1,train,385.36700000000013,3.2208200000000007,0.7041293740988839,26,46
subcategory_halogen-walk.F->Cl_663,C=CCOc1ccccc1CNCc1ccc(F)cc1.Cl,0,authentic,authentic,,,c1ccc(CNCc2ccccc2)cc1,test,307.7959999999999,4.102100000000004,0.7775595673540366,21,30
subcategory_halogen-walk.F->Cl_469,NC(=O)CCC/N=C(\c1ccc(Cl)cc1)c1cc(F)ccc1O,0,authentic,authentic,,,N=C(c1ccccc1)c1ccccc1,train,334.7780000000001,3.2876000000000025,0.627961486026458,23,40
subcategory_halogen-walk.F->Cl_880,N#CC(F)(F)C(O)(Cn1cncn1)c1ccccc1Cl,1,halogen-walk,F->Cl,N#CC(F)(F)C(O)(Cn1cncn1)c1ccc(F)cc1F,7,c1ccc(CCn2cncn2)cc1,train,298.68000000000006,1.9781799999999998,0.9362944999464969,20,34
subcategory_halogen-walk.F->Cl_1490,CC(C)(C)Oc1ccc([C@@H]2[C@@H](CCC(O)c3ccc(F)cc3)C(=O)N2c2ccccc2Cl)cc1,1,halogen-walk,F->Cl,CC(C)(C)Oc1ccc([C@@H]2[C@@H](CCC(O)c3ccc(F)cc3)C(=O)N2c2ccc(F)cc2)cc1,7,O=C1[C@H](CCCc2ccccc2)[C@@H](c2ccccc2)N1c1ccccc1,train,481.9950000000001,6.874300000000007,0.3742635352581357,34,68
subcategory_halogen-walk.F->Cl_1491,CN(C)CCCC1(c2cccc(Cl)c2)OCc2cc(-c3cccc(F)c3)ccc21,1,halogen-walk,F->Cl,CN(C)CCCC1(c2ccc(F)cc2)OCc2cc(-c3cccc(F)c3)ccc21,0 1 2 3 4 5 7 8 9 10 11 12 13 14 15 16 17 18 19 20 21 22 23 24 25 26 27 28,c1ccc(-c2ccc3c(c2)COC3c2ccccc2)cc1,val,409.9320000000001,6.261700000000006,0.4759046786653028,29,49
subcategory_halogen-walk.F->Cl_197,COC(=O)CN1CCOCCOCCOCCOCCOc2cc(-c3c4cc(F)c(=O)cc-4oc4cc(O)c(F)cc34)ccc21,0,authentic,authentic,,,O=c1ccc2c(-c3ccc4c(c3)OCCOCCOCCOCCOCCN4)c3ccccc3oc-2c1,train,629.6090000000004,3.9868000000000032,0.2612761457520449,45,71
subcategory_halogen-walk.F->Cl_279,C(=C/c1ccccc1)/C=N/Nc1nnc(N/N=C/C=C\c2ccccc2)c2ccccc12,0,authentic,authentic,,,C(=C/c1ccccc1)/C=N/Nc1nnc(N/N=C/C=C\c2ccccc2)c2ccccc12,train,418.50400000000013,5.852000000000004,0.27791174837587973,32,54
subcategory_halogen-walk.F->Cl_1375,O=C(c1ccccc1Cl)N1CCC(c2noc3cc(F)ccc23)CC1,1,halogen-walk,F->Cl,O=C(c1ccc(F)cc1C(F)(F)F)N1CCC(c2noc3cc(F)ccc23)CC1,7,O=C(c1ccccc1)N1CCC(c2noc3ccccc23)CC1,train,358.80000000000007,4.640100000000004,0.6700450198607336,25,41
subcategory_halogen-walk.F->Cl_1459,CC1CNCCC1(O)c1cccc(OCl)c1,1,halogen-walk,F->Cl,CC1CNCCC1(O)c1cccc(OC(F)(F)F)c1,1,c1ccc(C2CCNCC2)cc1,train,241.71800000000002,2.0362,0.8327585356121219,16,25
subcategory_halogen-walk.F->Cl_1573,CNCc1ccccc1OCc1ccccc1Cl,1,halogen-walk,F->Cl,CNCc1ccccc1OCc1ccc(F)cc1,7,c1ccc(COc2ccccc2)cc1,train,261.75199999999995,3.6384000000000025,0.8873441356422012,18,23
subcategory_halogen-walk.F->Cl_505,O=C1c2cc(OC(F)(F)F)ccc2CC12CCN(Cc1ccccc1)CC2,0,authentic,authentic,,,O=C1c2ccccc2CC12CCN(Cc1ccccc1)CC2,val,375.3900000000001,4.606400000000003,0.7849120736654016,27,44
subcategory_halogen-walk.F->Cl_1583,CNCC1(c2ccc(N3CCc4c(Cl)nn(-c5ccc(OC)cc5)c4C3=O)cc2)CCCC1,1,halogen-walk,F->Cl,CNCC1(c2ccc(N3CCc4c(C(F)(F)F)nn(-c5ccc(OC)cc5)c4C3=O)cc2)CCCC1,12 13,O=C1c2c(cnn2-c2ccccc2)CCN1c1ccc(C2CCCC2)cc1,train,464.9970000000003,4.768400000000004,0.5705762509313562,33,56
subcategory_halogen-walk.F->Cl_877,CN(C)CCCC(c1ccccc1Cl)c1ccc(C#N)cc1CO,1,halogen-walk,F->Cl,CN(C)CCCC(c1ccc(F)cc1)c1ccc(C#N)cc1CO,7,c1ccc(Cc2ccccc2)cc1,train,342.8700000000001,4.177680000000005,0.8207524348181799,24,36
subcategory_halogen-walk.F->Cl_656,COc1ccc(Cl)cc1C(=O)NCC1CCN(S(=O)(=O)NC(=O)NC2CCCCC2)CC1.O,0,authentic,authentic,,,O=C(NC1CCCCC1)NS(=O)(=O)N1CCC(CNC(=O)c2ccccc2)CC1,train,505.0370000000004,1.8423999999999996,0.517683704635943,33,57
subcategory_halogen-walk.F->Cl_465,CC1(C)OCC(C(=O)N[C@H](Cc2ccccc2)C(=O)N[C@H](Cc2ccccc2)C(N)=O)N1C(=O)[C@@H](N)Cc1ccc(O)cc1,0,authentic,authentic,,,O=C(N[C@H](Cc1ccccc1)C(=O)NCCc1ccccc1)C1COCN1C(=O)CCc1ccccc1,test,601.7040000000004,1.1658000000000024,0.206857299254712,44,89
subcategory_halogen-walk.F->Cl_291,CNC(=O)NS(=O)(=O)c1ccc(CCNC(=O)c2cc(Cl)ccc2Oc2ccccc2)cc1,0,authentic,authentic,,,O=C(NCCc1ccccc1)c1ccccc1Oc1ccccc1,test,487.96500000000015,3.722500000000002,0.4478112197626447,33,56
subcategory_halogen-walk.F->Cl_343,Cn1c(=O)c2c(nc3n(Cc4ccccc4)c(O)c(N)c(=O)n23)n(C)c1=O,0,authentic,authentic,,,O=c1[nH]c(=O)c2c(nc3n(Cc4ccccc4)ccc(=O)n23)[nH]1,train,368.3530000000002,-0.6173000000000002,0.48515257481147733,27,52
subcategory_halogen-walk.F->Cl_1467,CC1(C)CC1COc1cc(Cl)ccc1C(=O)NC1CCNC(=O)C1,1,halogen-walk,F->Cl,CC1(C)CC1COc1cc(C(F)(F)F)ccc1C(=O)NC1CCNC(=O)C1,9 10,O=C1CC(NC(=O)c2ccccc2OCC2CC2)CCN1,test,350.8460000000002,2.7733,0.8576473673551618,24,41
subcategory_halogen-walk.F->Cl_617,CC[C@H](C)Oc1ccc(-c2nc(C)c(C(=O)O)s2)cc1-c1nnn(C)n1,0,authentic,authentic,,,c1cc(-c2nn[nH]n2)cc(-c2nccs2)c1,train,373.43800000000005,3.184520000000001,0.707520239589445,26,51
subcategory_halogen-walk.F->Cl_1085,O=C1c2c(-c3ccccc3Cl)cc(N3CCC(N4CCCC4)CC3)nc2OCCCN1Cc1cc(Cl)cc(C(F)(F)F)c1,1,halogen-walk,F->Cl,O=C1c2c(-c3ccccc3Cl)cc(N3CCC(N4CCCC4)CC3)nc2OCCCN1Cc1cc(C(F)(F)F)cc(C(F)(F)F)c1,1,O=C1c2c(-c3ccccc3)cc(N3CCC(N4CCCC4)CC3)nc2OCCCN1Cc1ccccc1,train,633.5420000000006,7.563700000000006,0.2904140041266517,43,73
subcategory_halogen-walk.F->Cl_776,CCC(=O)Nc1ccc(-c2cnc(N)c(C(=O)Nc3ccc(S(=O)NC(C)=O)cc3)n2)cc1,0,authentic,authentic,,,O=C(Nc1ccccc1)c1cncc(-c2ccccc2)n1,train,466.52300000000014,2.4853000000000005,0.41659013691443314,33,60
subcategory_halogen-walk.F->Cl_9,CCN(CC)CCOc1c(I)cc(C(=O)c2c(CC(=O)O)oc3cccc(C)c23)cc1I,0,authentic,authentic,,,O=C(c1ccccc1)c1coc2ccccc12,train,661.2740000000003,5.529120000000005,0.2277218651997621,32,54
subcategory_halogen-walk.F->Cl_1166,COc1ccnc(CS(=O)c2nc3ccc(OCl)cc3[nH]2)c1,1,halogen-walk,F->Cl,COc1ccnc(CS(=O)c2nc3ccc(OC(F)(F)C(F)F)cc3[nH]2)c1,1,O=S(Cc1ccccn1)c1nc2ccccc2[nH]1,train,337.788,2.8069000000000006,0.7742783657297015,22,39
subcategory_halogen-walk.F->Cl_296,C[C@H]1OC1C1C[C@H](OC(=O)C(O)(c2cccs2)c2cccs2)CCN1C,0,authentic,authentic,,,O=C(O[C@@H]1CCNC(C2CO2)C1)C(c1cccs1)c1cccs1,val,393.53000000000014,2.838800000000001,0.6251983364692688,26,51
subcategory_halogen-walk.F->Cl_190,Nc1nc(N)c2c(CNc3cc(Cl)c(Cl)c(Cl)c3)coc2n1,0,authentic,authentic,,,c1ccc(NCc2coc3ncncc23)cc1,train,358.6160000000001,3.9595000000000002,0.6123184605182765,22,41
subcategory_halogen-walk.F->Cl_1451,CN1C[C@H](CNC(=O)c2ccccc2OCl)OCC1=O,1,halogen-walk,F->Cl,CN1C[C@H](CNC(=O)c2ccccc2OC(F)(F)C(F)F)OCC1=O,1,O=C1CO[C@@H](CNC(=O)c2ccccc2)CN1,train,298.7260000000001,0.8061999999999991,0.8929210141553913,20,35
subcategory_halogen-walk.F->Cl_406,O=C1C2CCCCC2C(=O)N1CCCCCN1CCC(c2noc3cc(F)ccc23)CC1,0,authentic,authentic,,,O=C1C2CCCCC2C(=O)N1CCCCCN1CCC(c2noc3ccccc23)CC1,train,441.5470000000002,4.491800000000004,0.4678001757915823,32,50
subcategory_halogen-walk.F->Cl_1393,COc1ccc(-n2nc(Cl)c3c2C(=O)N(c2ccc(-c4ccccc4CN)cc2)CC3)cc1,1,halogen-walk,F->Cl,COc1ccc(-n2nc(C(F)(F)F)c3c2C(=O)N(c2ccc(-c4ccccc4CN)cc2)CC3)cc1,0 1 2 3 4 5 6 7 9 10 11 12 13 14 15 16 17 18 19 20 21 22 23 24 25 26 27 28 29 30 31 32,O=C1c2c(cnn2-c2ccccc2)CCN1c1ccc(-c2ccccc2)cc1,train,458.94900000000024,4.862900000000003,0.4630557265248989,33,57
subcategory_halogen-walk.F->Cl_1553,CN(C)CCC1OC(COCc2cc(Cl)cc(C(F)(F)F)c2)c2cc(C#N)ccc21,1,halogen-walk,F->Cl,CN(C)CCC1OC(COCc2cc(C(F)(F)F)cc(C(F)(F)F)c2)c2cc(C#N)ccc21,13 14,c1ccc(COCC2OCc3ccccc32)cc1,train,438.87700000000007,5.511380000000005,0.5713522721169375,30,52
subcategory_halogen-walk.F->Cl_427,CSCS[C@H](C)[C@](O)(Cn1cncn1)c1ccc(F)cc1F,0,authentic,authentic,,,c1ccc(CCn2cncn2)cc1,train,345.44000000000005,2.886300000000001,0.7821999725010982,22,41
subcategory_halogen-walk.F->Cl_1111,NC1CCN(c2c(F)cc3c(=O)c(C(=O)O)cn(C4CC4)c3c2Cl)C1,1,halogen-walk,F->Cl,NC1CCN(c2c(F)cc3c(=O)c(C(=O)O)cn(C4CC4)c3c2C(F)(F)F)C1,1,O=c1ccn(C2CC2)c2cc(N3CCCC3)ccc12,train,365.79200000000014,2.3644999999999996,0.8712983696767714,25,48
subcategory_halogen-walk.F->Cl_1289,COc1cccc(C2(O)CCC(Cc3cccc(Cl)c3)CC2CN(C)C)c1,1,halogen-walk,F->Cl,COc1cccc(C2(O)CCC(Cc3ccc(F)cc3)CC2CN(C)C)c1,0 1 2 3 4 5 6 7 8 9 10 11 13 14 15 16 17 18 19 20 21 22 23 24 25 26,c1ccc(CC2CCC(c3ccccc3)CC2)cc1,train,387.9510000000001,4.756800000000005,0.7753528121737777,27,44
subcategory_halogen-walk.F->Cl_547,Cn1cnc([N+](=O)[O-])c1Sc1ncc2[nH]cnc2n1,0,authentic,authentic,,,c1ncc(Sc2ncc3[nH]cnc3n2)[nH]1,test,277.269,1.1457999999999995,0.4332879418057317,19,39
subcategory_halogen-walk.F->Cl_237,CCCCCCCCCCCCCC[C@H]1C(=O)O[C@@H](CO)[C@@H]1OC(C)=O,0,authentic,authentic,,,O=C1CCCO1,train,370.5300000000001,4.543200000000004,0.338246587015819,26,50
subcategory_halogen-walk.F->Cl_1428,CC(C)(C)OC(=O)COc1ccc([C@@H]2[C@@H](CC[C@H](O)c3ccc(F)cc3)C(=O)N2c2cccc(Cl)c2)cc1,1,halogen-walk,F->Cl,CC(C)(C)OC(=O)COc1ccc([C@@H]2[C@@H](CC[C@H](O)c3ccc(F)cc3)C(=O)N2c2ccc(F)cc2)cc1,6,O=C1[C@H](CCCc2ccccc2)[C@@H](c2ccccc2)N1c1ccccc1,train,540.0310000000002,6.417500000000007,0.2507897245593771,38,81
subcategory_halogen-walk.F->Cl_667,COc1ccc2c3c1O[C@H]1C[C@@H](O)C=C[C@@]31CCN(CCCCCCCCOc1ccc(CN3CCCCC3)cc1)C2,0,authentic,authentic,,,C1=C[C@@]23CCN(CCCCCCCCOc4ccc(CN5CCCCC5)cc4)Cc4cccc(c42)O[C@H]3CC1,val,574.8060000000004,6.626000000000008,0.21423872683018982,42,74
subcategory_halogen-walk.F->Cl_91,CCn1c(=O)c2nc(-c3ccc(Cl)cc3N)[nH]c2n(CC)c1=O,0,authentic,authentic,,,O=c1[nH]c(=O)c2nc(-c3ccccc3)[nH]c2[nH]1,train,333.77900000000017,1.8286999999999995,0.7141615725895801,23,44
subcategory_halogen-walk.F->Cl_60,C[C@H](N1CCC(=C(c2ccccc2)c2ccccc2)CC1)[C@@](O)(Cn1cncn1)c1ccc(F)cc1F,0,authentic,authentic,,,c1ccc(C(=C2CCN(CC(Cn3cncn3)c3ccccc3)CC2)c2ccccc2)cc1,val,500.5930000000003,5.430500000000006,0.3677261743828678,37,68
subcategory_halogen-walk.F->Cl_1503,N#Cc1cccc(C2C(CCC(O)c3ccc(F)cc3)C(=O)N2c2ccccc2Cl)c1,1,halogen-walk,F->Cl,N#Cc1cccc(C2C(CCC(O)c3ccc(F)cc3)C(=O)N2c2ccc(F)cc2)c1,7,O=C1C(CCCc2ccccc2)C(c2ccccc2)N1c1ccccc1,train,434.898,5.568680000000005,0.5157149611874662,31,52
subcategory_halogen-walk.F->Cl_1473,CC(C)S(=O)(=O)c1c(O)n(Cc2cccc(Cl)c2)c(=O)c2ccccc12,1,halogen-walk,F->Cl,CC(C)S(=O)(=O)c1c(O)n(Cc2ccc(F)c(F)c2)c(=O)c2ccccc12,6,O=c1c2ccccc2ccn1Cc1ccccc1,train,391.87600000000015,3.590900000000002,0.7368692633615045,26,50
subcategory_halogen-walk.F->Cl_1433,O=C(NC1CC1)c1cccc(OCC2CCCN(C(=O)c3ccccc3Cl)C2)c1,1,halogen-walk,F->Cl,O=C(NC1CC1)c1cccc(OCC2CCCN(C(=O)c3c(F)cccc3F)C2)c1,18 20 21 22 23 24 25 26,O=C(NC1CC1)c1cccc(OCC2CCCN(C(=O)c3ccccc3)C2)c1,train,412.91700000000014,4.163400000000004,0.7744039923053301,29,48
subcategory_halogen-walk.F->Cl_1148,NCC[C@H](Oc1ccc(Cl)cc1)c1cccc(F)c1,1,halogen-walk,F->Cl,NCC[C@H](Oc1ccc(C(F)(F)F)cc1)c1cccc(F)c1,0 1 2 3 4 5 6 7 9 10 11 12 13 14 15 16 17 18,c1ccc(COc2ccccc2)cc1,train,279.742,3.948000000000003,0.899379857779964,19,34
subcategory_halogen-walk.F->Cl_204,CCOC(=O)[C@H](CCc1ccccc1)NC(C)C(=O)N1CC(C(OC)OC)C[C@H]1C(=O)O,0,authentic,authentic,,,O=C(CNCCCc1ccccc1)N1CCCC1,train,450.5320000000003,1.449600000000001,0.3633149975157892,32,61
subcategory_halogen-walk.F->Cl_666,COC(=O)[C@H](CCc1ccccc1)NC(C)C(=O)N1[C@H](C(=O)O)CCC12CCOC2,0,authentic,authentic,,,O=C(CNCCCc1ccccc1)N1CCCC12CCOC2,test,418.49000000000035,1.3736000000000006,0.6145368385813436,30,59
subcategory_halogen-walk.F->Cl_1275,N[C@@H](Cc1ccc(Oc2ccccc2Cl)c(F)c1)C(=O)O,1,halogen-walk,F->Cl,N[C@@H](Cc1ccc(Oc2cccc(F)c2)c(F)c1)C(=O)O,7,c1ccc(Oc2ccccc2)cc1,train,309.72400000000005,3.2258000000000013,0.8891429155622474,21,40
subcategory_halogen-walk.F->Cl_487,CC(C)(CCCOc1ccc(CCCCCc2ccccc2)cc1)C(=O)O,0,authentic,authentic,,,c1ccc(CCCCCc2ccccc2)cc1,train,368.517,5.911900000000006,0.4735929213480027,27,40
subcategory_halogen-walk.F->Cl_668,Cc1cc(CCCCCOc2ccc(C3=NCCO3)cc2Cl)on1,0,authentic,authentic,,,c1cc(CCCCCOc2ccc(C3=NCCO3)cc2)on1,train,348.8300000000001,4.205020000000004,0.6705587227702539,24,36
subcategory_halogen-walk.F->Cl_416,O=S(=O)(Cl)c1cc2c(cc1Cl)NC(CCl)NS2,0,authentic,authentic,,,c1ccc2c(c1)NCNS2,train,333.649,2.8546000000000005,0.4949990640345856,17,34
subcategory_halogen-walk.F->Cl_1058,O=C(Nc1ccccc1Cl)OCC1(C2CC2)OC(=O)Nc2ccc(Cl)cc21,1,halogen-walk,F->Cl,O=C(Nc1ccc(F)cc1)OCC1(C2CC2)OC(=O)Nc2ccc(Cl)cc21,7,O=C(Nc1ccccc1)OCC1(C2CC2)OC(=O)Nc2ccccc21,train,407.253,5.409500000000003,0.7107756827249616,27,47
subcategory_halogen-walk.F->Cl_1555,COc1cc(OC[C@@H]2CNCC[C@@H]2c2cccc(Cl)c2)ccc1OCc1ccccc1,1,halogen-walk,F->Cl,COc1cc(OC[C@@H]2CNCC[C@@H]2c2ccc(F)cc2)ccc1OCc1ccccc1,0 1 2 3 4 5 6 7 8 9 10 11 13 14 15 16 17 18 19 20 21 22 23 24 25 26 27 28 29 30,c1ccc(COc2ccc(OC[C@@H]3CNCC[C@@H]3c3ccccc3)cc2)cc1,test,437.96700000000016,5.699700000000005,0.49033557264848643,31,54
subcategory_halogen-walk.F->Cl_5,CCCc1nn(C)c2c(=O)[nH]c(-c3cc(S(=O)(=O)N(CC)CCO)ccc3OCC)cc12,0,authentic,authentic,,,O=c1[nH]c(-c2ccccc2)cc2cn[nH]c12,train,462.57200000000034,2.2826999999999993,0.477341039399259,32,59
subcategory_halogen-walk.F->Cl_1017,CC(C)(C)C1CCN(C2CCN(C(CNC(=O)Cc3cc(Cl)cc(C(F)(F)F)c3)c3cc(F)cc(F)c3)CC2)CC1,1,halogen-walk,F->Cl,CC(C)(C)C1CCN(C2CCN(C(CNC(=O)Cc3cc(C(F)(F)F)cc(C(F)(F)F)c3)c3cc(F)cc(F)c3)CC2)CC1,1,O=C(Cc1ccccc1)NCC(c1ccccc1)N1CCC(N2CCCCC2)CC1,train,600.1159999999999,7.259500000000008,0.34038286425148245,41,75
subcategory_halogen-walk.F->Cl_786,C[C@@H]1CN(CCCCc2ccc3c(c2)sc(=O)n3C)C[C@H](C)N1,0,authentic,authentic,,,O=c1[nH]c2ccc(CCCCN3CCNCC3)cc2s1,train,333.5010000000001,2.6049000000000007,0.8548163823465668,23,47
subcategory_halogen-walk.F->Cl_805,CC(C)n1c(CCC(CC=CC(=O)O)OC=O)c(-c2ccccc2Cl)c2ccccc21,1,halogen-walk,F->Cl,CC(C)n1c(CCC(CC=CC(=O)O)OC=O)c(-c2ccc(F)cc2)c2ccccc21,17 18 19 20 21 22 23 24,c1ccc(-c2c[nH]c3ccccc23)cc1,train,439.9390000000001,6.047700000000005,0.30823834261722294,31,52
subcategory_halogen-walk.F->Cl_1149,CC(Cc1ccc(C#N)cc1)C(O)(Cn1cncn1)c1cccc(Cl)c1,1,halogen-walk,F->Cl,CC(Cc1ccc(C#N)cc1)C(O)(Cn1cncn1)c1ccc(F)cc1F,6,c1ccc(CCC(Cn2cncn2)c2ccccc2)cc1,train,366.8520000000001,3.5697800000000024,0.7232333970467819,26,44
subcategory_halogen-walk.F->Cl_338,CCCc1nn(C)c2c(=O)[nH]c(-c3cc(S(=O)(=O)Nc4ccccc4)ccc3OCC)nc12,0,authentic,authentic,,,O=c1[nH]c(-c2cccc(S(=O)(=O)Nc3ccccc3)c2)nc2cn[nH]c12,train,467.5510000000002,3.475600000000002,0.4095173193565783,33,60
subcategory_halogen-walk.F->Cl_423,Nc1nccnc1C(=O)NCC1(c2ccccc2)CCN(S(=O)(=O)c2ccc(F)cc2)CC1,0,authentic,authentic,,,O=C(NCC1(c2ccccc2)CCN(S(=O)(=O)c2ccccc2)CC1)c1cnccn1,test,469.5420000000002,2.3504000000000005,0.5721931790431743,33,56
subcategory_halogen-walk.F->Cl_102,O=C(O)C1CCc2c(c3cc(OCc4ccccc4)ccc3n2C(=O)c2ccc(F)cc2)C1,0,authentic,authentic,,,O=C(c1ccccc1)n1c2c(c3cc(OCc4ccccc4)ccc31)CCCC2,train,443.4740000000002,5.2374000000000045,0.4582232918198233,33,55
subcategory_halogen-walk.F->Cl_1095,CCCCN1CC[C@@H](c2ccccc2Cl)[C@H](COc2ccc3c(c2)OCO3)C1,1,halogen-walk,F->Cl,CCCCN1CC[C@@H](c2ccc(F)cc2)[C@H](COc2ccc3c(c2)OCO3)C1,0 1 2 3 4 5 6 8 9 10 11 12 13 14 15 16 17 18 19 20 21 22 23 24 25 26 27,c1ccc([C@@H]2CCNC[C@H]2COc2ccc3c(c2)OCO3)cc1,train,401.93400000000025,5.353300000000005,0.625025944105998,28,52
subcategory_halogen-walk.F->Cl_238,OC(CCc1ccc(F)cc1)(Cn1cncn1)c1ccccc1F,0,authentic,authentic,,,c1ccc(CCC(Cn2cncn2)c2ccccc2)cc1,train,329.35,3.076900000000002,0.7560170678656534,24,36
subcategory_halogen-walk.F->Cl_653,CCN1CCCC(O)(c2cccc(OC(F)(F)F)c2)CC1,0,authentic,authentic,,,c1ccc(C2CCCNCC2)cc1,train,303.32400000000007,3.2786000000000017,0.929933422956854,21,35
subcategory_halogen-walk.F->Cl_231,CC(=O)c1ccccc1OCC(O)CN1CCN(C)CC1,0,authentic,authentic,,,c1ccc(OCCCN2CCNCC2)cc1,train,292.379,0.8762999999999999,0.7888155445454387,21,32
subcategory_halogen-walk.F->Cl_543,COc1cc2c(c(OC)c1OC)-c1ccc(NCCc3cccc(F)c3)c(=O)cc1[C@H](NC(C)=O)CC2,0,authentic,authentic,,,O=c1cc2c(ccc1NCCc1ccccc1)-c1ccccc1CCC2,train,506.5740000000003,4.656700000000003,0.4624674754869558,37,66
subcategory_halogen-walk.F->Cl_1432,Cc1cc(N2CCc3c(C(N)=O)nn(-c4ccccc4Cl)c3C2=O)ccc1N1CCCC1=O,1,halogen-walk,F->Cl,COc1ccc(-n2nc(C(N)=O)c3c2C(=O)N(c2ccc(N4CCCC4=O)c(C)c2)CC3)cc1F,7,O=C1CCCN1c1ccc(N2CCc3cnn(-c4ccccc4)c3C2=O)cc1,train,463.92500000000035,3.2627200000000016,0.6411062251194896,33,56
subcategory_halogen-walk.F->Cl_1533,O=C(CN1C(=O)[C@H](COC(=O)Nc2ccc(Cl)cc2Cl)N=C(c2ccccc2)c2ccccc21)N[C@H]1CC(=O)OC1O,1,halogen-walk,F->Cl,O=C(CN1C(=O)[C@H](COC(=O)Nc2ccc(Cl)cc2C(F)(F)F)N=C(c2ccccc2)c2ccccc21)N[C@H]1CC(=O)OC1O,1,O=C(CN1C(=O)[C@H](COC(=O)Nc2ccccc2)N=C(c2ccccc2)c2ccccc21)N[C@@H]1COC(=O)C1,test,611.4380000000002,3.5448000000000017,0.3466132711348979,42,81
subcategory_halogen-walk.F->Cl_827,CC(C)n1c(/C=C/C(O)C(F)(F)C(=O)CC(=O)OC(C)(C)C)c(-c2ccccc2Cl)c2ccccc21,1,halogen-walk,F->Cl,CC(C)n1c(/C=C/C(O)C(F)(F)C(=O)CC(=O)OC(C)(C)C)c(-c2ccc(F)cc2)c2ccccc21,22 23 24 25 26 27 28 29,c1ccc(-c2c[nH]c3ccccc23)cc1,train,518.0000000000002,6.852900000000007,0.26182071767307524,36,69
subcategory_halogen-walk.F->Cl_1594,CN(C)CCCC1(c2cccc(Cl)c2)OCc2cc(CN)ccc21,1,halogen-walk,F->Cl,CN(C)CCCC1(c2ccc(F)cc2)OCc2cc(CN)ccc21,0 1 2 3 4 5 7 8 9 10 11 12 13 14 15 16 17 18 19 20 21 22 23,c1ccc(C2OCc3ccccc32)cc1,train,344.8860000000001,3.9143000000000026,0.8629074592783186,24,39
subcategory_halogen-walk.F->Cl_1476,C[C@H]1Nc2cc3nc(O)cc(Cl)c3cc2CC1(C)C,1,halogen-walk,F->Cl,C[C@H]1Nc2cc3nc(O)cc(C(F)(F)F)c3cc2CC1(C)C,0 1 2 3 4 5 6 7 8 9 11 12 13 14 15 16 17 18,c1cnc2cc3c(cc2c1)CCCN3,train,276.767,3.9765000000000024,0.7650313681536147,19,36
subcategory_halogen-walk.F->Cl_1035,COc1ccccc1CNCCc1ccccc1Cl,1,halogen-walk,F->Cl,COc1ccccc1CNCCc1cccc(F)c1,11 12 13 14 15 16 17 18,c1ccc(CCNCc2ccccc2)cc1,train,275.779,3.680900000000002,0.8122508165291438,19,24
subcategory_halogen-walk.F->Cl_111,CCOC(=O)CC(O)CC(O)C=Cc1c(-c2ccc(F)cc2)c2c3ccccc3ccn2c1C(C)C,0,authentic,authentic,,,c1ccc(-c2ccn3ccc4ccccc4c23)cc1,train,489.5870000000002,6.100300000000005,0.2787915763474887,36,59
subcategory_halogen-walk.F->Cl_1195,CC(n1ncnn1)C(O)(Cn1cncn1)c1cccc(Cl)c1,1,halogen-walk,F->Cl,CC(n1ncnn1)C(O)(Cn1cncn1)c1ccc(F)cc1F,0 1 2 3 4 5 6 8 9 10 11 12 13 14 15 16 17 18 19 20,c1ccc(C(Cn2cncn2)Cn2ncnn2)cc1,train,319.7560000000001,1.0669999999999993,0.755531637658694,22,37
subcategory_halogen-walk.F->Cl_278,O=C1CN([C@H]2CC[C@](c3ccccc3)(N3CCCC(c4cc(C(F)(F)F)cc(C(F)(F)F)c4)C3=O)CC2)CCN1c1ccccc1,0,authentic,authentic,,,O=C1CN([C@H]2CC[C@](c3ccccc3)(N3CCCC(c4ccccc4)C3=O)CC2)CCN1c1ccccc1,test,643.6719999999999,7.617100000000009,0.26901278398313994,46,87
subcategory_halogen-walk.F->Cl_712,COc1ccc(-c2c(-c3ccccc3)nc3n2CCS3)cc1OC,0,authentic,authentic,,,c1ccc(-c2nc3n(c2-c2ccccc2)CCS3)cc1,train,338.4320000000001,4.340000000000003,0.7089034674256499,24,38
subcategory_halogen-walk.F->Cl_929,COC(Cn1cncn1)(c1ccc(F)cc1)c1cccc(Cl)c1,1,halogen-walk,F->Cl,COC(Cn1cncn1)(c1ccc(F)cc1)c1ccc(F)cc1,0 1 3 4 5 6 7 8 9 10 11 12 13 14 15 16 17 18 19 20 21,c1ccc(C(Cn2cncn2)c2ccccc2)cc1,train,331.778,3.6608000000000027,0.7160036152654196,23,38
subcategory_halogen-walk.F->Cl_1116,Cc1ccc(C(=O)N2CCNC(=O)[C@@H]2c2cccc(Cl)c2)cc1OCCN,1,halogen-walk,F->Cl,Cc1ccc(C(=O)N2CCNC(=O)[C@@H]2c2ccc(F)cc2)cc1OCCN,0 1 2 3 4 5 6 7 8 9 10 11 12 14 15 16 17 18 19 20 21 22 23 24 25 26,O=C1NCCN(C(=O)c2ccccc2)[C@H]1c1ccccc1,test,387.8670000000002,2.29922,0.8239716912152455,27,49
subcategory_halogen-walk.F->Cl_551,CCCCCC1(CCCN(C)C)OCc2ccccc21,0,authentic,authentic,,,c1ccc2c(c1)COC2,train,275.436,4.334200000000004,0.6545805371620405,20,28
subcategory_halogen-walk.F->Cl_206,COc1ccc(-n2nc(C(N)=O)c3c2C(=O)N(c2ccc(N4CCCC4=O)c(C)c2)CC3)cc1F,0,authentic,authentic,,,O=C1CCCN1c1ccc(N2CCc3cnn(-c4ccccc4)c3C2=O)cc1,train,477.4960000000003,2.7570200000000007,0.6076213608832566,35,63
subcategory_halogen-walk.F->Cl_219,Cc1cc(Cl)cc(C2NC(=O)NC2=O)c1S(C)(=O)=O,0,authentic,authentic,,,O=C1NC(=O)C(c2ccccc2)N1,train,302.73900000000003,0.9324199999999999,0.7950225852437034,19,38
subcategory_halogen-walk.F->Cl_490,OC(c1ccc(Cl)cc1)C(O)(Cn1cncn1)c1ccc(Cl)cc1Cl,0,authentic,authentic,,,c1ccc(CC(Cn2cncn2)c2ccccc2)cc1,train,398.67700000000013,3.859700000000001,0.6844400196393904,25,44
subcategory_halogen-walk.F->Cl_1074,Clc1cccc(C(Oc2ccccc2)C2CCCNC2)c1,1,halogen-walk,F->Cl,Fc1ccc(C(Oc2ccccc2)C2CCCNC2)cc1,6,c1ccc(OC(c2ccccc2)C2CCCNC2)cc1,train,301.81700000000006,4.459700000000003,0.9000051245168378,21,32
subcategory_halogen-walk.F->Cl_846,CCOC(=O)CC(O)CC(O)/C=C/c1c(-c2cccc(Cl)c2)c2c3ccccc3ccn2c1C(C)C,1,halogen-walk,F->Cl,CCOC(=O)CC(O)CC(O)/C=C/c1c(-c2ccc(F)cc2)c2c3ccccc3ccn2c1C(C)C,6,c1ccc(-c2ccn3ccc4ccccc4c23)cc1,train,506.0420000000002,6.614600000000007,0.25082984344525117,36,62
subcategory_halogen-walk.F->Cl_452,Cc1ccc2c(c1)C(=O)N(c1cccc(-c3ccc(C(N)=O)c4[nH]c(C)c(C)c34)c1C)C2,0,authentic,authentic,,,O=C1c2ccccc2CN1c1cccc(-c2cccc3[nH]ccc23)c1,train,423.5160000000003,5.327880000000005,0.46718403093330435,32,64
subcategory_halogen-walk.F->Cl_354,CCOC(=O)[C@H](CCc1ccccc1)N[C@@H](C)C(=O)N1C[C@@H](C2OCCO2)C[C@@H]1C(=O)O,0,authentic,authentic,,,O=C(CNCCCc1ccccc1)N1CC[C@H](C2OCCO2)C1,train,448.51600000000036,1.2036000000000011,0.5135149357261076,32,72
subcategory_halogen-walk.F->Cl_1452,CCOC(=O)CC(O)C=Cc1c(-c2cccc(Cl)c2)c2ccccc2n1C(C)C,1,halogen-walk,F->Cl,CCOC(=O)CC(O)C=Cc1c(-c2ccc(F)cc2)c2ccccc2n1C(C)C,6,c1ccc(-c2c[nH]c3ccccc23)cc1,train,411.92900000000014,5.869900000000005,0.4944145639549176,29,49
subcategory_halogen-walk.F->Cl_1201,COc1ccc(-n2nc(Cl)c3c2C(=O)N(c2ccc(N(C)C(=O)C(OC(=O)C(F)(F)F)N4CCCC4)cc2)CC3)cc1,1,halogen-walk,F->Cl,COc1ccc(-n2nc(C(F)(F)F)c3c2C(=O)N(c2ccc(N(C)C(=O)C(OC(=O)C(F)(F)F)N4CCCC4)cc2)CC3)cc1,0 1 2 3 4 5 6 7 9 10 11 12 13 14 15 16 17 18 19 20 21 22 23 24 25 26 27 28 29 30 31 32 33 34 35 36 37 38 39 40 41,O=C(CN1CCCC1)Nc1ccc(N2CCc3cnn(-c4ccccc4)c3C2=O)cc1,train,606.0010000000001,4.227400000000004,0.37202679308512326,42,79
subcategory_halogen-walk.F->Cl_1141,CN(C)C[C@H](F)C[C@]1(c2ccccc2Cl)OCc2cc(C#N)ccc21,1,halogen-walk,F->Cl,CN(C)C[C@H](F)C[C@]1(c2ccc(F)cc2)OCc2cc(C#N)ccc21,7,c1ccc(C2OCc3ccccc32)cc1,train,358.8440000000001,4.275280000000003,0.8001790844731991,25,48
subcategory_halogen-walk.F->Cl_43,Cc1ccc2[nH]c(C(=O)c3cc4ccccc4[nH]3)cc2c1,0,authentic,authentic,,,O=C(c1cc2ccccc2[nH]1)c1cc2ccccc2[nH]1,train,274.32300000000004,4.188620000000002,0.5289864280275105,21,40
subcategory_halogen-walk.F->Cl_993,NC(=O)C[S@](=O)C(c1ccc(F)cc1)c1ccccc1Cl,1,halogen-walk,F->Cl,NC(=O)C[S@](=O)C(c1ccc(F)cc1)c1ccc(F)cc1,6 14 15 16 17 18 19 20,c1ccc(Cc2ccccc2)cc1,train,325.79200000000003,2.802500000000001,0.9185465285745235,21,39
subcategory_halogen-walk.F->Cl_1030,CCc1ccc(C2CC(c3cccc(Cl)c3)=Nc3ncnn32)cc1,1,halogen-walk,F->Cl,CCc1ccc(C2CC(c3ccc(F)cc3)=Nc3ncnn32)cc1,6,c1ccc(C2=Nc3ncnn3C(c3ccccc3)C2)cc1,train,336.826,4.607800000000004,0.7007080795605592,24,40
subcategory_halogen-walk.F->Cl_1012,O=C1C(CC[C@H](O)c2ccccc2Cl)C(c2ccc(O)c(-c3ccccc3)c2)N1c1ccc(F)cc1,1,halogen-walk,F->Cl,O=C1C(CC[C@H](O)c2ccc(F)cc2)C(c2ccc(O)c(-c3ccccc3)c2)N1c1ccc(F)cc1,5 7 8 9 10 11 12 13,O=C1C(CCCc2ccccc2)C(c2cccc(-c3ccccc3)c2)N1c1ccccc1,train,501.9850000000002,7.069600000000007,0.2661488376455235,36,65
subcategory_halogen-walk.F->Cl_1521,FCCCN1CCC(c2ccccc2Cl)C(COc2ccc3c(c2)OCO3)C1,1,halogen-walk,F->Cl,FCCCN1CCC(c2ccc(F)cc2)C(COc2ccc3c(c2)OCO3)C1,0 1 2 3 4 5 6 8 9 10 11 12 13 14 15 16 17 18 19 20 21 22 23 24 25 26 27,c1ccc(C2CCNCC2COc2ccc3c(c2)OCO3)cc1,train,405.8970000000002,4.912800000000004,0.6543035329038878,28,43
subcategory_halogen-walk.F->Cl_388,COc1c(OCC(F)(F)C(F)(F)F)ccnc1CS(=O)c1nc2ccc(C(F)(F)F)cc2[nH]1,0,authentic,authentic,,,O=S(Cc1ccccn1)c1nc2ccccc2[nH]1,train,503.37100000000015,4.869500000000002,0.46599391363267406,33,61
subcategory_halogen-walk.F->Cl_556,CN(C)CCCCOc1ccc(CCc2ccccc2)cc1,0,authentic,authentic,,,c1ccc(CCc2ccccc2)cc1,train,297.442,4.192400000000004,0.6434286454010499,22,30
subcategory_halogen-walk.F->Cl_788,CC(CCc1ccccc1)NC(=O)CCN(Cc1ccc(F)cc1)C(=O)c1cnccn1,0,authentic,authentic,,,O=C(CCN(Cc1ccccc1)C(=O)c1cnccn1)NCCCc1ccccc1,train,434.51500000000004,3.785700000000003,0.5269174976437181,32,50
subcategory_halogen-walk.F->Cl_1297,CCOc1ccc2nc(SCc3cccc(Cl)c3)[nH]c2c1,1,halogen-walk,F->Cl,CCOc1ccc2nc(SCc3c(F)c(F)c(F)c(F)c3F)[nH]c2c1,6,c1ccc(CSc2nc3ccccc3[nH]2)cc1,test,318.829,4.907300000000002,0.6793317650009592,21,35
subcategory_halogen-walk.F->Cl_124,CCCn1c(=O)c2c(nc(-c3ccc(C(=O)OC)cc3)n2C)n(CCC)c1=O,0,authentic,authentic,,,O=c1[nH]c(=O)c2[nH]c(-c3ccccc3)nc2[nH]1,val,384.43600000000015,2.1703,0.6079487127632875,28,50
subcategory_halogen-walk.F->Cl_1263,Cc1ccc2c(c1)c(-c1cccc(Cl)c1Cl)c(/C=C/[C@@H]1C[C@@H](O)CC(=O)O1)n2C(C)C,1,halogen-walk,F->Cl,Cc1ccc2c(c1)c(-c1ccc(F)cc1)c(/C=C/[C@@H]1C[C@@H](O)CC(=O)O1)n2C(C)C,0 1 2 3 4 5 6 8 9 10 11 12 13 14 15 16 17 18 19 20 21 22 23 24 25 26 27 28 29 30,O=C1CCC[C@@H](/C=C/c2[nH]c3ccccc3c2-c2ccccc2)O1,train,458.3850000000003,6.584120000000006,0.44934526644921347,31,70
subcategory_halogen-walk.F->Cl_280,COc1ccc(CCN2CCC(Cc3ccccc3)CC2)cc1.Cl,0,authentic,authentic,,,c1ccc(CCN2CCC(Cc3ccccc3)CC2)cc1,train,345.91400000000004,4.614200000000006,0.7573788336015915,24,36
subcategory_halogen-walk.F->Cl_1474,COc1cc2c(cc1OC)C(=O)C(CC1(F)CCCCCN(Cc3cccc(Cl)c3)CC1)C2,1,halogen-walk,F->Cl,COc1cc2c(cc1OC)C(=O)C(CC1(F)CCCCCN(Cc3c(F)c(F)c(F)c(F)c3F)CC1)C2,6,O=C1c2ccccc2CC1CC1CCCCCN(Cc2ccccc2)CC1,train,474.0160000000003,6.276900000000007,0.49476389917567537,33,55
subcategory_halogen-walk.F->Cl_573,Cc1nc(-c2cc(C#N)c3c(c2)CC2(CCCCC2)O3)sc1C(=O)O,0,authentic,authentic,,,c1csc(-c2ccc3c(c2)CC2(CCCCC2)O3)n1,test,354.431,4.326200000000004,0.867837547958514,25,46
subcategory_halogen-walk.F->Cl_357,COc1ccc(Cl)cc1C(=O)NC1C(c2ccc(S(N)(=O)=O)cc2)C1(C)C,0,authentic,authentic,,,O=C(NC1CC1c1ccccc1)c1ccccc1,train,408.9070000000002,2.918000000000002,0.7940525184985238,27,51
subcategory_halogen-walk.F->Cl_1439,CCCCC1N(C)C(=O)C(Cc2ccccc2)(c2cccc(Cl)c2)N1C(=O)NC,1,halogen-walk,F->Cl,CCCCC1N(C)C(=O)C(Cc2ccccc2)(c2ccc(F)cc2)N1C(=O)NC,0 1 2 3 4 5 6 7 8 10 11 12 13 14 15 16 17 18 19 20 21 22 23 24 25 26 27 28,O=C1NCNC1(Cc1ccccc1)c1ccccc1,test,413.9490000000001,4.407700000000004,0.7621990231539933,29,50
subcategory_halogen-walk.F->Cl_324,CC(OC(=O)c1cc(S(N)(=O)=O)c(Cl)cc1NCc1ccco1)OC(=O)N(C)CCN,0,authentic,authentic,,,c1ccc(NCc2ccco2)cc1,train,474.9230000000003,1.7224,0.3616161017742539,31,56
subcategory_halogen-walk.F->Cl_500,CCOC(=O)c1sc(-c2ccc(OCC(C)C)c(F)c2)nc1C,0,authentic,authentic,,,c1ccc(-c2nccs2)cc1,train,337.41600000000005,4.469120000000004,0.7298356629664002,23,39
subcategory_halogen-walk.F->Cl_772,N[C@@H]1CC(COc2ccc3c(c2)OCO3)=CC[C@H]1c1cc(F)c(F)cc1F,0,authentic,authentic,,,C1=C(COc2ccc3c(c2)OCO3)CC[C@H](c2ccccc2)C1,train,377.362,4.0427000000000035,0.6454171201853375,27,53
subcategory_halogen-walk.F->Cl_1422,COc1ccc(Cl)cc1C(=O)NCCc1ccccc1Cl,1,halogen-walk,F->Cl,COc1ccc(Cl)cc1C(=O)NCCc1ccc(F)c(S(N)(=O)=O)c1,0 1 2 3 4 5 6 7 8 9 10 11 12 14 15 16 17 18 19,O=C(NCCc1ccccc1)c1ccccc1,train,324.207,3.9745000000000035,0.9035051016613935,21,32
subcategory_halogen-walk.F->Cl_1411,COc1cc2c(cc1OC)C(=O)C(F)(CC1(F)CCN(Cc3cccc(Cl)c3Cl)CC1)C2,1,halogen-walk,F->Cl,COc1cc2c(cc1OC)C(=O)C(F)(CC1(F)CCN(Cc3ccc(F)cc3)CC1)C2,0 1 2 3 4 5 6 7 8 9 10 11 12 13 14 15 16 17 18 19 21 22 23 24 25 26 27 28 29 30 31,O=C1c2ccccc2CC1CC1CCN(Cc2ccccc2)CC1,train,484.37000000000023,5.8521000000000045,0.5157490558114503,32,57
subcategory_halogen-walk.F->Cl_1227,CCCc1nn(-c2cccc(Cl)c2)c2c1CCN(c1ccc(OC)cc1)C2=O,1,halogen-walk,F->Cl,CCCc1nn(-c2ccc(F)cc2)c2c1CCN(c1ccc(OC)cc1)C2=O,0 1 2 3 4 6 7 8 9 10 11 12 13 14 15 16 17 18 19 20 21 22 23 24 25 26 27,O=C1c2c(cnn2-c2ccccc2)CCN1c1ccccc1,train,395.8900000000001,4.689700000000004,0.6292267501254877,28,47
subcategory_halogen-walk.F->Cl_1445,OC(Cn1cncn1)(c1ccc(Cl)cc1)C(F)(F)C(F)(F)F,1,halogen-walk,F->Cl,OC(Cn1cncn1)(c1ccc(C(F)(F)F)cc1)C(F)(F)C(F)(F)F,11 12,c1ccc(CCn2cncn2)cc1,train,341.667,3.0169000000000015,0.8697587981095506,22,41
subcategory_halogen-walk.F->Cl_304,NS(=O)(=O)c1ccc(NC(=O)c2ccc(Cl)c(S(=O)(=O)NCc3ccco3)c2)cc1,0,authentic,authentic,,,O=C(Nc1ccccc1)c1cccc(S(=O)(=O)NCc2ccco2)c1,train,469.92800000000017,2.3112000000000004,0.48304855577527145,30,58
subcategory_halogen-walk.F->Cl_230,COc1c(C)cnc(CS(=O)c2nc3ccc(OC(F)F)cc3[nH]2)c1OC,0,authentic,authentic,,,O=S(Cc1ccccn1)c1nc2ccccc2[nH]1,train,397.4030000000001,3.1927200000000013,0.6589827062149863,27,47
subcategory_halogen-walk.F->Cl_305,CC(OC(=O)c1cc(S(N)(=O)=O)c(Cl)cc1NCc1ccco1)OC(=O)N(C)CCNC(=O)OC(C)(C)C,0,authentic,authentic,,,c1ccc(NCc2ccco2)cc1,train,575.0400000000002,3.288400000000002,0.2812765472871126,38,70
subcategory_halogen-walk.F->Cl_906,CC(/N=c1\c(O)c(O)\c1=N/c1ccc(C#N)cc1)c1cccc(Cl)c1,1,halogen-walk,F->Cl,CC(/N=c1\c(O)c(O)\c1=N/c1ccc(C#N)cc1)c1ccc(F)cc1,6,c1ccc(C/N=c2\cc\c2=N/c2ccccc2)cc1,train,351.793,3.392780000000003,0.7575141630665757,25,49
subcategory_halogen-walk.F->Cl_285,Fc1cccc(F)c1/C=N\Nc1nncc2ccccc12,0,authentic,authentic,,,C(=N/Nc1nncc2ccccc12)/c1ccccc1,val,284.26900000000006,3.354000000000001,0.5924325498100718,21,32
subcategory_halogen-walk.F->Cl_252,COC(=O)N[C@H](CNC(=O)c1ccc(Cl)s1)C(=O)N(OC(F)F)c1ccc(N2CCOCC2=O)cc1,0,authentic,authentic,,,O=C(CCNC(=O)c1cccs1)Nc1ccc(N2CCOCC2=O)cc1,train,546.9360000000003,2.4065000000000003,0.4624688754159859,36,67
subcategory_halogen-walk.F->Cl_196,C=CC1(C(F)(F)F)OC(=O)Nc2ccc(Cl)cc21.Nc1ccc(Cl)cc1,0,authentic,authentic,,,O=C1Nc2ccccc2CO1.c1ccccc1,train,405.2030000000001,5.767900000000003,0.4679440795694027,26,49
subcategory_halogen-walk.F->Cl_1264,CCOC(=O)CCN1CC[C@H](c2cccc(Cl)c2Cl)[C@@H](COc2ccc3c(c2)OCO3)C1,1,halogen-walk,F->Cl,CCOC(=O)CCN1CC[C@H](c2ccc(F)cc2)[C@@H](COc2ccc3c(c2)OCO3)C1,10 11 12 13 14 15 16 17 18,c1ccc([C@H]2CCNC[C@@H]2COc2ccc3c(c2)OCO3)cc1,train,480.3880000000003,5.159800000000005,0.4869227621835042,32,62
subcategory_halogen-walk.F->Cl_624,COc1c(C)cnc(CSc2nc3cc4c(cc3[nH]2)OC(F)(F)C(F)O4)c1OC,0,authentic,authentic,,,c1ccc(CSc2nc3cc4c(cc3[nH]2)OCCO4)nc1,train,427.40400000000005,4.235420000000003,0.6105702694733208,29,52
subcategory_halogen-walk.F->Cl_939,Cn1cnc2c(N(C(N)=O)c3c(F)cccc3F)nc(-c3ccccc3Cl)nc21,1,halogen-walk,F->Cl,Cn1cnc2c(N(C(N)=O)c3c(F)cccc3F)nc(-c3ccc(F)cc3)nc21,7,c1ccc(Nc2nc(-c3ccccc3)nc3[nH]cnc23)cc1,train,414.8030000000001,4.178700000000002,0.5442138682151921,29,50
subcategory_halogen-walk.F->Cl_709,CC(C)COC(=O)n1c(=O)ccc2ccc(OCCCCN3CCN(c4cccc(Cl)c4Cl)CC3)cc21,0,authentic,authentic,,,O=c1ccc2ccc(OCCCCN3CCN(c4ccccc4)CC3)cc2[nH]1,train,546.4950000000002,5.930200000000006,0.31027223155651035,37,61
subcategory_halogen-walk.F->Cl_1465,Cn1c(=O)ccc2cc(COc3ccccc3Cl)ccc21,1,halogen-walk,F->Cl,Cn1c(=O)ccc2cc(COc3cc(F)cc(C4(O)CCOCC4)c3)ccc21,7,O=c1ccc2cc(COc3cccc(C4CCOCC4)c3)ccc2[nH]1,train,299.757,3.770900000000003,0.7369607284474565,21,33
subcategory_halogen-walk.F->Cl_1567,CN[C@@H](C)C(=O)N[C@H](C(=O)N[C@H]1CCCN(CCc2ccccc2Cl)C1)C1CCCCC1,1,halogen-walk,F->Cl,CN[C@@H](C)C(=O)N[C@H](C(=O)N[C@H]1CCCN(CCc2ccc(F)cc2)C1)C1CCCCC1,7,O=C(CC1CCCCC1)N[C@H]1CCCN(CCc2ccccc2)C1,train,463.06600000000026,3.1361000000000017,0.5267734602422484,32,64
subcategory_halogen-walk.F->Cl_982,Fc1ccc2c(CCC3CCN(CCc4cccc(Cl)c4)CC3)noc2c1,1,halogen-walk,F->Cl,Fc1ccc(CCN2CCC(CCc3noc4cc(F)ccc34)CC2)cc1,13 14 15 16 17 18 19 20,c1ccc(CCN2CCC(CCc3noc4ccccc34)CC2)cc1,test,386.89800000000014,5.5076000000000045,0.5591556394675208,27,42
subcategory_halogen-walk.F->Cl_1438,CC(C)(C)Nc1nc(Cl)nc2ccccc12,1,halogen-walk,F->Cl,CC(C)(C)Nc1nc(C(F)(F)F)nc2ccccc12,0 1 2 3 4 5 6 8 9 10 11 12 13 14,c1ccc2ncncc2c1,train,235.71800000000002,3.4936000000000016,0.769255496562551,16,27
subcategory_halogen-walk.F->Cl_1515,CN[C@@H](C)C(=O)N[C@H](C(=O)N[C@H]1CCCN(CCc2cccc(Cl)c2)C1)C1CCCCC1,1,halogen-walk,F->Cl,CN[C@@H](C)C(=O)N[C@H](C(=O)N[C@H]1CCCN(CCc2ccc(F)cc2)C1)C1CCCCC1,6,O=C(CC1CCCCC1)N[C@H]1CCCN(CCc2ccccc2)C1,train,463.06600000000026,3.1361000000000017,0.5267734602422484,32,66
subcategory_halogen-walk.F->Cl_1198,COc1cc2c(cc1OC)C(=O)C(CC1(F)CCCCCN(Cc3ccccc3Cl)CC1)C2,1,halogen-walk,F->Cl,COc1cc2c(cc1OC)C(=O)C(CC1(F)CCCCCN(Cc3c(F)c(F)c(F)c(F)c3F)CC1)C2,7,O=C1c2ccccc2CC1CC1CCCCCN(Cc2ccccc2)CC1,train,474.0160000000003,6.276900000000007,0.49476389917567537,33,53
subcategory_halogen-walk.F->Cl_1048,OCc1cccnc1-c1nc2ccc(OCl)cc2[nH]1,1,halogen-walk,F->Cl,OCc1cccnc1-c1nc2ccc(OC(F)(F)F)cc2[nH]1,0 1 2 3 4 5 6 7 8 9 10 11 12 13 15 16 17,c1ccc(-c2nc3ccccc3[nH]2)nc1,test,275.695,2.6498,0.7707853754667696,19,32
subcategory_halogen-walk.F->Cl_1183,Nc1nccc(-c2c(-c3ccccc3Cl)ncn2C2CCNCC2)n1,1,halogen-walk,F->Cl,Nc1nccc(-c2c(-c3ccc(F)cc3)ncn2C2CCNCC2)n1,0 1 2 3 4 5 6 8 9 10 11 12 13 14 15 16 17 18 19 20 21 22 23 24,c1ccc(-c2ncn(C3CCNCC3)c2-c2ccncn2)cc1,val,354.8450000000002,3.167200000000001,0.7545839944390479,25,40
subcategory_halogen-walk.F->Cl_470,[2H]C([2H])(C(CO)CO)C([2H])([2H])n1cnc2c(=O)[nH]c(N)nc21,0,authentic,authentic,,,O=c1[nH]cnc2[nH]cnc12,train,257.286407112,-1.3073,0.5260285401620179,18,56
subcategory_halogen-walk.F->Cl_177,COc1cc(N)c(Cl)cc1C(=O)NC1CN2CCC1CC2,0,authentic,authentic,,,O=C(NC1CN2CCC1CC2)c1ccccc1,train,309.79700000000014,1.7548000000000001,0.8349131688808653,21,35
subcategory_halogen-walk.F->Cl_1194,O=C(Nc1ccccc1Cl)OCC1(C(F)(F)F)OC(=O)Nc2ccc(Cl)cc21,1,halogen-walk,F->Cl,O=C(Nc1ccc(F)cc1)OCC1(C(F)(F)F)OC(=O)Nc2ccc(Cl)cc21,0 1 3 4 5 6 7 8 9 10 11 12 13 14 15 16 17 18 19 20 21 22 23 24 25 26 27,O=C(Nc1ccccc1)OCC1OC(=O)Nc2ccccc21,train,435.1850000000001,5.5618000000000025,0.6620215761733464,28,50
subcategory_halogen-walk.F->Cl_1466,Cc1[nH]c(-c2ccccc2)c(-c2ccccc2)c1-c1cccc(Cl)c1,1,halogen-walk,F->Cl,Cc1[nH]c(-c2ccccc2)c(-c2ccccc2)c1-c1ccc(F)cc1,0 1 2 3 4 5 6 7 8 9 10 11 12 13 14 15 16 18 19 20 21 22 23,c1ccc(-c2c[nH]c(-c3ccccc3)c2-c2ccccc2)cc1,train,343.85699999999997,6.977520000000005,0.4127895187298103,25,46
subcategory_halogen-walk.F->Cl_538,N#Cc1ccc(-c2ccc(C[S@@](=O)CC(N)=O)cc2)cc1,0,authentic,authentic,,,c1ccc(-c2ccccc2)cc1,train,298.36699999999996,1.9592799999999997,0.9154034770327868,21,41
subcategory_halogen-walk.F->Cl_1353,CC(C)c1cc(-c2ccc(F)cc2)c(-c2cccc(Cl)c2)n1CC[C@@H](O)C[C@@H](O)CC(=O)O,1,halogen-walk,F->Cl,CC(C)c1cc(-c2ccc(F)cc2)c(-c2ccc(F)cc2)n1CC[C@@H](O)C[C@@H](O)CC(=O)O,6,c1ccc(-c2cc[nH]c2-c2ccccc2)cc1,train,473.97200000000026,5.714700000000008,0.3516970119981773,33,69
subcategory_halogen-walk.F->Cl_678,Cl.Fc1ccc([C@H]2CCN(CCCc3ccccc3)C[C@@H]2COc2ccc3c(c2)OCO3)cc1,0,authentic,authentic,,,c1ccc(CCCN2CC[C@H](c3ccccc3)[C@@H](COc3ccc4c(c3)OCO4)C2)cc1,train,484.01100000000025,6.093500000000006,0.38747282588822135,34,61
subcategory_halogen-walk.F->Cl_1581,COP(=O)(C=Cc1c(-c2ccccc2Cl)c2ccccc2n1C(C)C)CC(O)CC(=O)O,1,halogen-walk,F->Cl,COP(=O)(C=Cc1c(-c2ccc(F)cc2)c2ccccc2n1C(C)C)CC(O)CC(=O)O,7 8 9 10 11 12 13 14,c1ccc(-c2c[nH]c3ccccc23)cc1,train,475.9090000000002,6.273400000000006,0.35573316518448495,32,55
subcategory_halogen-walk.F->Cl_574,Nc1ccn([C@@H]2CS[C@H](CO)O2)c(=O)n1.O=C(O)/C=C\C(=O)O,0,authentic,authentic,,,O=c1ncccn1[C@@H]1CSCO1,train,345.3330000000001,-0.8822999999999992,0.5032068735745906,23,53
subcategory_halogen-walk.F->Cl_1232,CN(C)CCCC(O)(c1cccc(Cl)c1)c1ccc(C#N)cc1CO,1,halogen-walk,F->Cl,CN(C)CCCC(O)(c1ccc(F)cc1)c1ccc(C#N)cc1CO.Cl,6,c1ccc(Cc2ccccc2)cc1,train,358.86900000000014,3.281680000000003,0.7966230567088499,25,41
subcategory_halogen-walk.F->Cl_889,O=C1CC(NC(=O)c2ccc(Cl)cc2Oc2ccc(F)cc2F)CCN1,1,halogen-walk,F->Cl,O=C1CC(NC(=O)c2ccc(C(F)(F)F)cc2Oc2ccc(F)cc2F)CCN1,0 1 2 3 4 5 6 7 8 9 11 12 13 14 15 16 17 18 19 20 21 22 23 24 25,O=C1CC(NC(=O)c2ccccc2Oc2ccccc2)CCN1,train,380.7780000000001,3.4189000000000016,0.8536826575549954,26,43
subcategory_halogen-walk.F->Cl_141,CC(C)[C@H](C[C@H](O)[C@H](CC1CCCCC1)NC(=O)C(CC(N)=O)NC(=O)c1ccc2ccccc2n1)C(=O)NCC(C)(C)C,0,authentic,authentic,,,O=C(CNC(=O)c1ccc2ccccc2n1)NCCC1CCCCC1,train,609.812,3.849300000000002,0.21842990524084105,44,88
subcategory_halogen-walk.F->Cl_1164,COc1ccnc(CSc2nc3c(Cl)cccc3[nH]2)c1C,1,halogen-walk,F->Cl,COc1ccnc(CSc2nc3c(C(F)(F)F)cccc3[nH]2)c1C,0 1 2 3 4 5 6 7 8 9 10 11 13 14 15 16 17 18 19 20,c1ccc(CSc2nc3ccccc3[nH]2)nc1,train,319.81700000000006,4.220620000000003,0.7314278362730364,21,35
subcategory_halogen-walk.F->Cl_1155,COc1ccc(-c2nc(C)c(C(=O)O)s2)c(OCc2cccc(Cl)c2)c1,1,halogen-walk,F->Cl,COc1ccc(-c2nc(C)c(C(=O)O)s2)c(OCc2ccc(F)cc2)c1,17 18 19 20 21 22 23 24,c1ccc(COc2ccccc2-c2nccs2)cc1,train,389.8600000000001,5.057720000000003,0.6378632342822651,26,47
subcategory_halogen-walk.F->Cl_938,O=C(c1ccc2c(c1)OCCO2)C1CCN(Cc2cccc(Cl)c2Cl)CC1,1,halogen-walk,F->Cl,O=C(c1ccc2c(c1)OCCO2)C1CCN(Cc2ccc(F)cc2)CC1,16 17 18 19 20 21 22 23 24,O=C(c1ccc2c(c1)OCCO2)C1CCN(Cc2ccccc2)CC1,train,406.3090000000001,4.859500000000004,0.6802693889091653,27,46
subcategory_halogen-walk.F->Cl_1196,OCCCc1cc2c(cc1OC[C@@H]1CNCC[C@H]1c1ccccc1Cl)OCO2,1,halogen-walk,F->Cl,OCCCc1cc2c(cc1OC[C@@H]1CNCC[C@H]1c1ccc(F)cc1)OCO2,7,c1ccc([C@@H]2CCNC[C@H]2COc2ccc3c(c2)OCO3)cc1,train,403.90600000000006,3.7657000000000025,0.736585262198088,28,48
subcategory_halogen-walk.F->Cl_1309,CC(C)n1c(/C=C/C(O)CC(O)CO)c(-c2cccc(Cl)c2)c2ccccc21,1,halogen-walk,F->Cl,CC(C)n1c(/C=C/C(O)CC(O)CO)c(-c2ccc(F)cc2)c2ccccc21,0 1 2 3 4 5 6 7 8 9 10 11 12 13 15 16 17 18 19 20 21 22 23 24 25 26 27,c1ccc(-c2c[nH]c3ccccc23)cc1,train,399.918,4.660000000000004,0.5409518147063436,28,51
subcategory_halogen-walk.F->Cl_626,[2H]c1c([2H])c(N2C([2H])(C)C([2H])([2H])N(C([2H])([2H])C([2H])(C)C([2H])([2H])C([2H])(C)Oc3c([2H])c4c(c([2H])c3C)C(C)CC(=O)N4)C([2H])([2H])C2([2H])C)c(Cl)c(Cl)c1C,0,authentic,authentic,,,O=C1CCc2ccc(OCCCCN3CCN(c4ccccc4)CC3)cc2N1,train,562.6806284480002,7.4486400000000055,0.3808348081611496,37,162
subcategory_halogen-walk.F->Cl_1455,CC(C)(C)NCC(O)COc1ccccc1Cl,1,halogen-walk,F->Cl,CC(C)(C)NCC(O)COc1cc(F)ccc1C1=CC(=O)CC1,7,O=C1C=C(c2ccccc2)CC1,train,257.76099999999997,2.4678000000000004,0.8515893871157232,17,26
subcategory_halogen-walk.F->Cl_1057,Nc1nc(N)nc(Cc2cc(-c3cccc(Cl)c3)[nH]n2)n1,1,halogen-walk,F->Cl,Nc1nc(N)nc(Cc2cc(-c3ccc(F)cc3)[nH]n2)n1,10 11 12 13 14 15 16 17,c1ccc(-c2cc(Cc3ncncn3)n[nH]2)cc1,train,301.741,1.6703,0.6766542128797496,21,40
subcategory_halogen-walk.F->Cl_420,C[N+]1(CC(=O)[O-])[C@@H]2CC(OC(=O)C(O)(c3cccs3)c3cccs3)C[C@H]1[C@H]1C[C@H]12,0,authentic,authentic,,,O=C(OC1C[C@@H]2[NH2+][C@H](C1)[C@@H]1C[C@@H]12)C(c1cccs1)c1cccs1,train,433.5510000000001,1.3345000000000007,0.5487734710780339,29,76
subcategory_halogen-walk.F->Cl_208,Nc1nc(O)c2ncn(C3C=CC(P(=O)(O)O)OC3CO)c2n1,0,authentic,authentic,,,C1=CC(n2cnc3cncnc32)COC1,train,343.2360000000001,-0.8937000000000004,0.3466087828460008,23,41
subcategory_halogen-walk.F->Cl_707,O=C(O)COc1ccc(S(=O)(=O)N(Cc2ccccc2)Cc2ccc(C(F)(F)P(=O)(O)O)cc2)cc1C(F)(F)F,0,authentic,authentic,,,O=S(=O)(c1ccccc1)N(Cc1ccccc1)Cc1ccccc1,train,609.4620000000002,4.786900000000005,0.20834180071268474,40,74
subcategory_halogen-walk.F->Cl_422,C1=C(c2c[nH]c3ccccc23)CCN(Cc2ccccc2)C1,0,authentic,authentic,,,C1=C(c2c[nH]c3ccccc23)CCN(Cc2ccccc2)C1,val,288.394,4.457200000000003,0.7537550680479805,22,38
subcategory_halogen-walk.F->Cl_155,CCCCCCCCNC(=O)O[C@H]1C=C[C@@]23CCN(C)Cc4ccc(OC)c(c42)O[C@H]3C1,0,authentic,authentic,,,C1=C[C@@]23CCNCc4cccc(c42)O[C@H]3CC1,train,442.60000000000025,4.9447000000000045,0.43335654063116,32,62
subcategory_halogen-walk.F->Cl_988,O=C(NCC(O)COc1ccccc1Cl)c1ccccc1O,1,halogen-walk,F->Cl,O=C(NCC(O)COc1cccc(F)c1)c1ccccc1O,7,O=C(NCCCOc1ccccc1)c1ccccc1,val,321.76000000000005,2.2152999999999996,0.7619798486687055,22,32
subcategory_halogen-walk.F->Cl_321,CNCCC(Oc1ccccc1C(F)(F)F)c1ccccc1.Cl,0,authentic,authentic,,,c1ccc(COc2ccccc2)cc1,train,345.792,4.856800000000004,0.8071510578291753,23,35
subcategory_halogen-walk.F->Cl_451,Cc1cnc(C(=O)NCc2ccc(S(=O)(=O)N3CCCCC3)cc2)cn1,0,authentic,authentic,,,O=C(NCc1ccc(S(=O)(=O)N2CCCCC2)cc1)c1cnccn1,train,374.46600000000024,1.88962,0.8627317815383001,26,45
subcategory_halogen-walk.F->Cl_19,c1ccc2c(c1)CC/C2=N\Nc1nncc2ccccc12,0,authentic,authentic,,,c1ccc2c(c1)CC/C2=N\Nc1nncc2ccccc12,val,274.32700000000006,3.3922000000000017,0.7286464423715809,21,34
subcategory_halogen-walk.F->Cl_195,COc1cc(C(=O)O)ccc1COc1ccc(C(C)=O)c(O)c1C,0,authentic,authentic,,,c1ccc(COc2ccccc2)cc1,train,330.33600000000007,3.189020000000002,0.7902144751277095,24,40
subcategory_halogen-walk.F->Cl_858,CN(C)CC1CCC/C(=C/c2ccccc2)C1(O)c1ccccc1Cl,1,halogen-walk,F->Cl,COc1ccc(F)cc1C1(O)/C(=C\c2ccccc2)CCCC1CN(C)C,16 18 19 20 21 22 23 24,C(=C1\CCCCC1c1ccccc1)/c1ccccc1,test,355.9090000000001,4.972900000000005,0.8362218635017782,25,41
subcategory_halogen-walk.F->Cl_717,CCCCS(=O)(=O)c1c(O)n(Cc2ccccc2)c(=O)c2ccccc12,0,authentic,authentic,,,O=c1c2ccccc2ccn1Cc1ccccc1,train,371.4580000000001,3.329200000000002,0.7210187485426645,26,45
subcategory_halogen-walk.F->Cl_586,Nc1nc(N)c2nnn(C3CC(CO)C(O)C3O)c2n1,0,authentic,authentic,,,c1ncc2nnn(C3CCCC3)c2n1,train,281.27600000000007,-2.3391999999999995,0.40444791536403873,20,34
subcategory_halogen-walk.F->Cl_32,CC[C@@H]1[C@@H](C(=O)N[C@@H](Cc2cscn2)C(=O)N[C@@H](CC2CCCCC2)[C@@H](O)[C@@H](O)CC(C)C)[C@@H]1C(=O)N1CCOCC1,0,authentic,authentic,,,O=C(NCCC1CCCCC1)[C@H](Cc1cscn1)NC(=O)[C@@H]1C[C@H]1C(=O)N1CCOCC1,test,606.8300000000002,2.5245000000000006,0.2551067545549592,42,106
subcategory_halogen-walk.F->Cl_1100,O=C1Nc2ccc(Cl)cc2[C@](Cl)(C#CC2CC2O)O1,1,halogen-walk,F->Cl,O=C1Nc2ccc(Cl)cc2[C@@](C#CC2CC2O)(C(F)(F)F)O1,10 11,O=C1Nc2ccccc2C(C#CC2CC2)O1,train,298.125,2.6779000000000015,0.5716751942296036,19,38
subcategory_halogen-walk.F->Cl_697,CC(=O)Nc1ccc2c(c1)C(c1ccccc1Cl)=NC(O)CN2,0,authentic,authentic,,,c1ccc(C2=NCCNc3ccccc32)cc1,test,329.78700000000003,2.8797000000000006,0.7928367682318922,23,40
subcategory_halogen-walk.F->Cl_1079,CCOC(=O)N1CCC(c2ccccc2Cl)C(COc2ccc3c(c2)OCO3)C1,1,halogen-walk,F->Cl,CCOC(=O)N1CCC(c2ccc(F)cc2)C(COc2ccc3c(c2)OCO3)C1,0 1 2 3 4 5 6 7 9 10 11 12 13 14 15 16 17 18 19 20 21 22 23 24 25 26 27 28,c1ccc(C2CCNCC2COc2ccc3c(c2)OCO3)cc1,train,417.8890000000003,4.709700000000005,0.7047160214713886,29,47
subcategory_halogen-walk.F->Cl_389,O=C(O[C@H]1C[N+]2(CCCc3cccs3)CCC1CC2)C(O)(c1cccs1)c1cccs1,0,authentic,authentic,,,O=C(O[C@H]1C[N+]2(CCCc3cccs3)CCC1CC2)C(c1cccs1)c1cccs1,train,474.6930000000002,4.892000000000006,0.37342712413577617,31,57
subcategory_halogen-walk.F->Cl_1440,CN(C)CCCC(O)(c1ccccc1Cl)c1ccc(C#N)cc1CO,1,halogen-walk,F->Cl,CN(C)CCCC(O)(c1ccc(F)cc1)c1ccc(C#N)cc1CO.Cl,7,c1ccc(Cc2ccccc2)cc1,train,358.86900000000014,3.281680000000003,0.7966230567088499,25,39
subcategory_halogen-walk.F->Cl_1407,CCn1ccc2c(cc(C(=O)Nc3cccc(Cl)c3)n2C)c1=O,1,halogen-walk,F->Cl,CCn1ccc2c(cc(C(=O)Nc3ccc(F)cc3C)n2C)c1=O,0 1 2 3 4 5 6 7 8 9 10 12 13 14 15 16 17 18 19 20 21 22,O=C(Nc1ccccc1)c1cc2c(=O)[nH]ccc2[nH]1,train,329.7870000000001,3.265600000000001,0.8014765824829739,23,40
subcategory_halogen-walk.F->Cl_840,COc1cccc(C(O)C(CN)c2cccc(Cl)c2)c1,1,halogen-walk,F->Cl,COc1cccc(C(O)C(CN)c2ccc(F)cc2)c1,0 1 2 3 4 5 6 7 8 10 11 12 13 14 15 16 17 18 19,c1ccc(CCc2ccccc2)cc1,train,291.778,3.124500000000001,0.8897364438207834,20,33
subcategory_halogen-walk.F->Cl_1462,CN1C=CCN(Cc2ccc3c(c2)COC3(CCCN(C)C)c2ccccc2Cl)C=C1,1,halogen-walk,F->Cl,CN1C=CCN(Cc2ccc3c(c2)COC3(CCCN(C)C)c2ccc(F)cc2)C=C1,0 1 2 3 4 5 6 7 8 9 10 11 12 13 14 16 17 18 19 20 21 22 23 24 25 26 27 28 29 30,C1=CNC=CN(Cc2ccc3c(c2)COC3c2ccccc2)C1,val,438.0150000000001,5.187900000000005,0.5929787038763429,31,50
subcategory_halogen-walk.F->Cl_1124,Cc1cc(N2CCc3c(C(N)=O)nn(-c4ccccc4Cl)c3C2=O)ccc1N1CCCCCC1=O,1,halogen-walk,F->Cl,COc1ccc(-n2nc(C(N)=O)c3c2C(=O)N(c2ccc(N4CCCCCC4=O)c(C)c2)CC3)cc1F,7,O=C1CCCCCN1c1ccc(N2CCc3cnn(-c4ccccc4)c3C2=O)cc1,train,491.97900000000044,4.042920000000003,0.5945496699668807,35,58
subcategory_halogen-walk.F->Cl_174,CCC[C@H](NC(=O)[C@H](C)NC)C(=O)N1CCCC1CC,0,authentic,authentic,,,C1CCNC1,train,283.416,1.2801999999999998,0.7397176594350253,20,40
subcategory_halogen-walk.F->Cl_491,C[N+]1(C)[C@H]2CC(OC(=O)C(O)(c3cccs3)c3cccs3)C[C@H]1[C@H]1O[C@H]12.O=[N+]([O-])[O-],0,authentic,authentic,,,O=C(OC1C[C@@H]2[NH2+][C@@H](C1)[C@H]1O[C@H]12)C(c1cccs1)c1cccs1,train,454.5260000000002,2.1066,0.24651666927880686,30,83
subcategory_halogen-walk.F->Cl_856,CCCN(Cc1ccccc1C)CC(O)(Cn1cncn1)c1cccc(Cl)c1,1,halogen-walk,F->Cl,CCCN(Cc1ccccc1C)CC(O)(Cn1cncn1)c1ccc(F)cc1F,6,c1ccc(CNCC(Cn2cncn2)c2ccccc2)cc1,train,398.938,4.039920000000003,0.5906230967685479,28,43
subcategory_halogen-walk.F->Cl_931,CC(C)n1c(C=CC2CC(O)CC(=O)O2)c(-c2ccccc2Cl)c2ccccc21,1,halogen-walk,F->Cl,CC(C)n1c(C=CC2CC(O)CC(=O)O2)c(-c2ccc(F)cc2)c2ccccc21,7,O=C1CCCC(C=Cc2[nH]c3ccccc3c2-c2ccccc2)O1,train,409.913,5.622300000000006,0.5685322067890405,29,51
subcategory_halogen-walk.F->Cl_978,O=C(O)CC(C(=O)O)N1CC[C@@H](c2ccccc2Cl)[C@H](COc2ccc3c(c2)OCO3)C1,1,halogen-walk,F->Cl,O=C(O)CC(C(=O)O)N1CC[C@@H](c2ccc(F)cc2)[C@H](COc2ccc3c(c2)OCO3)C1,11 12 13 14 15 16 17 18,c1ccc([C@@H]2CCNC[C@H]2COc2ccc3c(c2)OCO3)cc1,train,461.8980000000003,3.4811000000000023,0.6151568572625913,32,64
subcategory_halogen-walk.F->Cl_1534,O=C(Cn1cc(Cl)ccc1=O)NCc1cc2cc(C(=O)N3CCC(N4C(=O)OCc5cc(F)ccc54)CC3)ccc2o1,1,halogen-walk,F->Cl,O=C(Cn1cc(C(F)(F)F)ccc1=O)NCc1cc2cc(C(=O)N3CCC(N4C(=O)OCc5cc(F)ccc54)CC3)ccc2o1,0 1 2 3 4 6 7 8 9 10 11 12 13 14 15 16 17 18 19 20 21 22 23 24 25 26 27 28 29 30 31 32 33 34 35 36 37 38 39 40 41,O=C(Cn1ccccc1=O)NCc1cc2cc(C(=O)N3CCC(N4C(=O)OCc5ccccc54)CC3)ccc2o1,test,593.0110000000002,4.464800000000004,0.35349464505237604,42,73
subcategory_halogen-walk.F->Cl_979,O=C(O)c1c(Cl)ncn1Cc1ccc(-c2ccccc2-c2nn[nH]n2)cc1,1,halogen-walk,F->Cl,O=C(O)c1c(C(F)(F)F)ncn1Cc1ccc(-c2ccccc2-c2nn[nH]n2)cc1,0 1 2 3 5 6 7 8 9 10 11 12 13 14 15 16 17 18 19 20 21 22 23 24 25 26,c1ccc(-c2nn[nH]n2)c(-c2ccc(Cn3ccnc3)cc2)c1,train,380.7950000000001,3.1301000000000005,0.5500931982585071,27,48
subcategory_halogen-walk.F->Cl_1563,CC(C)NCc1cccc(Cl)c1,1,halogen-walk,F->Cl,CC(C)NCc1cccc(C(F)(F)F)c1.Cl,0 1 2 3 4 5 6 7 8 10,c1ccccc1,train,183.682,2.838000000000001,0.7602193092935813,12,19
subcategory_halogen-walk.F->Cl_794,CC1CCC(/C=N/c2cccc(Cl)c2)=C2NC=C(C(=O)O)C(=O)N21,0,authentic,authentic,,,O=C1C=CNC2=C(/C=N/c3ccccc3)CCCN12,val,345.7860000000001,2.8365,0.651604063837207,24,48
subcategory_halogen-walk.F->Cl_801,CCC(F)(CCN(C)Cc1ccccc1Cl)CC1Cc2cc(OC)c(OC)cc2C1=O,1,halogen-walk,F->Cl,CCC(F)(CCN(C)Cc1ccccc1C(F)(F)F)CC1Cc2cc(OC)c(OC)cc2C1=O,1,O=C1c2ccccc2CC1CCCCNCc1ccccc1,train,447.9780000000003,5.742700000000006,0.46499227435241347,31,49
subcategory_halogen-walk.F->Cl_1568,N#Cc1cccc(C2C(CCC(O)c3ccccc3Cl)C(=O)N2c2ccc(F)cc2)c1,1,halogen-walk,F->Cl,N#Cc1cccc(C2C(CCC(O)c3ccc(F)cc3)C(=O)N2c2ccc(F)cc2)c1,7,O=C1C(CCCc2ccccc2)C(c2ccccc2)N1c1ccccc1,train,434.8980000000001,5.568680000000005,0.515714961187466,31,52
subcategory_halogen-walk.F->Cl_271,O=c1cnn(-c2ccc(S(=O)(=O)NC3CCCCC3)c(Cl)c2)c(=O)[nH]1,0,authentic,authentic,,,O=c1cnn(-c2ccc(S(=O)(=O)NC3CCCCC3)cc2)c(=O)[nH]1,train,384.8450000000001,1.1851999999999996,0.8212165317024698,25,52
subcategory_halogen-walk.F->Cl_1163,CC(C)n1c(/C=C/[C@@H](C[C@@H](CC(=O)O[N+](=O)[O-])O[N+](=O)[O-])O[N+](=O)[O-])c(-c2cccc(Cl)c2)c2ccccc21,1,halogen-walk,F->Cl,CC(C)n1c(/C=C/[C@@H](C[C@@H](CC(=O)O[N+](=O)[O-])O[N+](=O)[O-])O[N+](=O)[O-])c(-c2ccc(F)cc2)c2ccccc21,25 26 27 28 29 30 31 32,c1ccc(-c2c[nH]c3ccccc23)cc1,train,562.9190000000002,5.224700000000004,0.1976517921018333,39,102
subcategory_halogen-walk.F->Cl_953,COc1ccc(C2[C@@H](CCC(O)c3cccc(Cl)c3)C(=O)N2c2ccc(CN)cc2)cc1,1,halogen-walk,F->Cl,COc1ccc(C2[C@@H](CCC(O)c3ccc(F)cc3)C(=O)N2c2ccc(CN)cc2)cc1,6,O=C1[C@H](CCCc2ccccc2)C(c2ccccc2)N1c1ccccc1,train,450.96600000000024,5.025200000000004,0.4720123027941703,32,59
subcategory_halogen-walk.F->Cl_27,CNC(=O)c1cc(S(=O)(=O)NC)c(Cl)cc1NCc1ccco1,0,authentic,authentic,,,c1ccc(NCc2ccco2)cc1,train,357.8190000000001,1.8128,0.7316917194528062,23,41
subcategory_halogen-walk.F->Cl_644,COc1ccc(-n2nc(C(N)=O)c3c2C(=O)N(c2ccc(N4CCOCC4=O)cc2)CC3)cc1F,0,authentic,authentic,,,O=C1COCCN1c1ccc(N2CCc3cnn(-c4ccccc4)c3C2=O)cc1,train,479.4680000000003,1.6849999999999994,0.5947506817410649,35,61
subcategory_halogen-walk.F->Cl_704,O=C(NCCCCCCNC(=O)N1CCC(c2noc3cc(F)ccc23)CC1)N1CCC(c2noc3cc(F)ccc23)CC1,0,authentic,authentic,,,O=C(NCCCCCCNC(=O)N1CCC(c2noc3ccccc23)CC1)N1CCC(c2noc3ccccc23)CC1,test,608.6900000000003,6.285800000000007,0.21598970901624526,44,70
subcategory_halogen-walk.F->Cl_1392,CC(C)c1cc(-c2ccccc2Cl)c(-c2ccccc2)n1/C=C/[C@@H](O)C[C@@H](O)CC(=O)O,1,halogen-walk,F->Cl,CC(C)c1cc(-c2ccc(F)cc2)c(-c2ccccc2)n1/C=C/[C@@H](O)C[C@@H](O)CC(=O)O,0 1 2 3 4 6 7 8 9 10 11 12 13 14 15 16 17 18 19 20 21 22 23 24 25 26 27 28 29 30 31,c1ccc(-c2cc[nH]c2-c2ccccc2)cc1,train,453.9660000000002,5.656200000000007,0.39028807258975995,32,67
subcategory_halogen-walk.F->Cl_1087,Clc1ccccc1-c1ccc([C@H]2CCNC[C@H]2COc2ccc3c(c2)OCO3)cc1,1,halogen-walk,F->Cl,Fc1ccc(-c2ccc([C@H]3CCNC[C@H]3COc3ccc4c(c3)OCO4)cc2)cc1,0 1 2 3 4 5 6 8 9 10 11 12 13 14 15 16 17 18 19 20 21 22 23 24 25 26 27 28,c1ccc(-c2ccc([C@H]3CCNC[C@H]3COc3ccc4c(c3)OCO4)cc2)cc1,train,421.9240000000002,5.507800000000005,0.5894140909437033,30,54
subcategory_halogen-walk.F->Cl_992,CN(CCC(Oc1ccc(Cl)cc1)c1ccccc1)C(=O)CCCN,1,halogen-walk,F->Cl,CN(CCC(Oc1ccc(C(F)(F)F)cc1)c1ccccc1)C(=O)CCCN.Cl,0 1 2 3 4 5 6 7 8 10 11 12 13 14 15 16 17 18 19 20 21 22 23 24,c1ccc(COc2ccccc2)cc1,train,360.8850000000002,4.047500000000002,0.7335775030359273,25,39
subcategory_halogen-walk.F->Cl_959,N#Cc1cccc(C2C(CCC(O)c3ccc(F)cc3)C(=O)N2c2cccc(Cl)c2)c1,1,halogen-walk,F->Cl,N#Cc1cccc(C2C(CCC(O)c3ccc(F)cc3)C(=O)N2c2ccc(F)cc2)c1,6,O=C1C(CCCc2ccccc2)C(c2ccccc2)N1c1ccccc1,train,434.898,5.568680000000005,0.5157149611874662,31,54
subcategory_halogen-walk.F->Cl_426,CN(c1ccccc1)S(=O)(=O)c1cc(C(=O)NCc2ccco2)ccc1Cl,0,authentic,authentic,,,O=C(NCc1ccco1)c1cccc(S(=O)(=O)Nc2ccccc2)c1,train,404.8750000000001,3.688100000000002,0.6790816178043709,27,47
subcategory_halogen-walk.F->Cl_112,O=C(O)COCCOCCN1CCN(Cc2ccccc2-c2ccc(Cl)cc2)CC1,0,authentic,authentic,,,c1ccc(-c2ccccc2CN2CCNCC2)cc1,val,432.9480000000001,3.2424000000000026,0.5498696079406186,30,45
subcategory_halogen-walk.F->Cl_1374,O=C(Cc1cccc(Cl)c1)N1CCN(Cc2noc3ccccc23)CC1,1,halogen-walk,F->Cl,O=C(Cc1ccc(F)cc1)N1CCN(Cc2noc3ccccc23)CC1,6,O=C(Cc1ccccc1)N1CCN(Cc2noc3ccccc23)CC1,train,369.8520000000001,3.368100000000002,0.7071427335395839,26,42
subcategory_halogen-walk.F->Cl_1365,COc1ccc(OC)c(C(=O)N2CCCC(Nc3cccc(Cl)c3)C2)c1,1,halogen-walk,F->Cl,COc1ccc(OC)c(C(=O)N2CCCC(Nc3ccc(F)cc3)C2)c1,6,O=C(c1ccccc1)N1CCCC(Nc2ccccc2)C1,train,374.86800000000005,4.073900000000003,0.8565051579179384,26,44
subcategory_halogen-walk.F->Cl_377,CCN1CCN(C2=Nc3cc(Cl)ccc3Nc3ccccc32)CC1,0,authentic,authentic,,,c1ccc2c(c1)N=C(N1CCNCC1)c1ccccc1N2,train,340.8580000000002,4.112800000000003,0.8470508659171712,24,38
subcategory_halogen-walk.F->Cl_17,O=C(O)[C@@H]1CSC(c2nc3ccccc3cc2O)=N1,0,authentic,authentic,,,c1ccc2nc(C3=NCCS3)ccc2c1,train,274.30100000000004,1.887,0.8733946529163262,19,36
subcategory_halogen-walk.F->Cl_835,CC(=O)O[C@@H](CCC1C(=O)N(c2ccc(C)cc2)[C@@H]1c1ccc(O)cc1)c1cccc(Cl)c1,1,halogen-walk,F->Cl,CC(=O)O[C@@H](CCC1C(=O)N(c2ccc(C)cc2)[C@@H]1c1ccc(O)cc1)c1ccc(F)cc1,6,O=C1C(CCCc2ccccc2)[C@@H](c2ccccc2)N1c1ccccc1,train,463.9610000000001,6.142720000000006,0.33717176906792384,33,68
subcategory_halogen-walk.F->Cl_1366,Clc1ccccc1[C@H]1CCN(CCCC2CSCCN2)C[C@@H]1COc1ccc2c(c1)OCO2,1,halogen-walk,F->Cl,Fc1ccc([C@H]2CCN(CCCC3CSCCN3)C[C@@H]2COc2ccc3c(c2)OCO3)cc1,0 1 2 3 4 5 6 8 9 10 11 12 13 14 15 16 17 18 19 20 21 22 23 24 25 26 27 28 29 30 31 32,c1ccc([C@H]2CCN(CCCC3CSCCN3)C[C@@H]2COc2ccc3c(c2)OCO3)cc1,train,489.08100000000024,5.038400000000004,0.5612809513567815,33,57
subcategory_halogen-walk.F->Cl_875,CCN1CCN(CC(O)COc2ccccc2C(=O)CCc2cccc(Cl)c2)CC1,1,halogen-walk,F->Cl,CCN1CCN(CC(O)COc2ccccc2C(=O)CCc2ccc(F)cc2)CC1,6,O=C(CCc1ccccc1)c1ccccc1OCCCN1CCNCC1,train,430.9760000000002,3.532700000000001,0.5841873033174527,30,46
subcategory_halogen-walk.F->Cl_576,COc1cc2nc(SCc3ncc(OC)c(OC)c3C)[nH]c2cc1OC(F)F,0,authentic,authentic,,,c1ccc(CSc2nc3ccccc3[nH]2)nc1,train,411.43000000000006,4.185820000000002,0.5570914617672786,28,45
subcategory_halogen-walk.F->Cl_1580,CN(C(=O)c1ccc(-c2ccc(Cl)cc2)cc1)[C@H]1CCN(C(=O)N(C)[C@@H]2CCN(CCCc3ccc(Cl)cc3)C2)C1,1,halogen-walk,F->Cl,CN(C(=O)c1ccc(-c2ccc(C(F)(F)F)cc2)cc1)[C@H]1CCN(C(=O)N(C)[C@@H]2CCN(CCCc3ccc(Cl)cc3)C2)C1,1,O=C(N[C@H]1CCN(C(=O)N[C@@H]2CCN(CCCc3ccccc3)C2)C1)c1ccc(-c2ccccc2)cc1,test,593.5990000000004,6.565600000000009,0.2971880282998297,41,83
subcategory_halogen-walk.F->Cl_1034,CCCCCCCS[C@H](C)[C@](O)(Cn1cncn1)c1ccccc1Cl,1,halogen-walk,F->Cl,CCCCCCCS[C@H](C)[C@](O)(Cn1cncn1)c1ccc(F)cc1F,10 18 19 20 21 22 23 24,c1ccc(CCn2cncn2)cc1,train,381.97300000000007,4.911400000000005,0.5615302904372624,25,43
subcategory_halogen-walk.F->Cl_545,CNS(=O)(=O)c1ccc([C@H]2C(NC(=O)c3cc(Cl)ccc3OC)C2(C)C)cc1,0,authentic,authentic,,,O=C(NC1C[C@H]1c1ccccc1)c1ccccc1,val,422.93400000000014,3.178700000000001,0.7483121705217468,28,56
subcategory_halogen-walk.F->Cl_1548,O=C(CCc1ccccc1Cl)c1ccccc1OCC(O)CNCc1ccccc1,1,halogen-walk,F->Cl,O=C(CCc1ccc(F)cc1)c1ccccc1OCC(O)CNCc1ccccc1,3 4 5 6 7 8 9 10,O=C(CCc1ccccc1)c1ccccc1OCCCNCc1ccccc1,train,423.94000000000017,4.685000000000004,0.4393055636446224,30,42
subcategory_halogen-walk.F->Cl_848,COc1ccc(/C=C(/C)C(O)(c2ccccc2Cl)C(C)CN(C)C)cc1,1,halogen-walk,F->Cl,COc1ccc(/C=C(/C)C(O)(c2ccc(F)cc2)C(C)CN(C)C)cc1,7,C(=Cc1ccccc1)Cc1ccccc1,train,373.92400000000015,4.837400000000005,0.7534691483863641,26,46
subcategory_halogen-walk.F->Cl_1338,CC(C)(C)OC(=O)N1CCC(c2ccccc2Cl)C(COc2ccc3c(c2)OCO3)C1,1,halogen-walk,F->Cl,CC(C)(C)OC(=O)N1CCC(c2ccc(F)cc2)C(COc2ccc3c(c2)OCO3)C1,0 1 2 3 4 5 6 7 8 9 11 12 13 14 15 16 17 18 19 20 21 22 23 24 25 26 27 28 29 30,c1ccc(C2CCNCC2COc2ccc3c(c2)OCO3)cc1,train,445.94300000000027,5.488300000000006,0.6225149572635457,31,53
subcategory_halogen-walk.F->Cl_1538,CC(O)(C(F)(F)Cl)C(O)(Cn1cncn1)c1ccc(F)cc1F,1,halogen-walk,F->Cl,CC(O)(C(O)(Cn1cncn1)c1ccc(F)cc1F)C(F)(F)C(F)(F)F,3 6,c1ccc(CCn2cncn2)cc1,train,353.7030000000001,2.0267,0.6371316604696801,23,42
subcategory_halogen-walk.F->Cl_607,Fc1ccc([C@H]2CCN(OCc3ccccc3)C[C@@H]2COc2ccc3c(c2)OCO3)cc1,0,authentic,authentic,,,c1ccc(CON2CC[C@H](c3ccccc3)[C@@H](COc3ccc4c(c3)OCO4)C2)cc1,train,435.49500000000023,5.1707000000000045,0.512072654707092,32,57
subcategory_halogen-walk.F->Cl_1514,Clc1ccccc1OC(c1ccccc1)C1CCNCC1,1,halogen-walk,F->Cl,Cc1c(F)cccc1OC(c1ccccc1)C1CCNCC1,0 1 2 3 4 5 6 8 9 10 11 12 13 14 15 16 17 18 19 20,c1ccc(OC(c2ccccc2)C2CCNCC2)cc1,train,301.8170000000001,4.459700000000004,0.9000051245168377,21,30
subcategory_halogen-walk.F->Cl_862,Clc1cccc(OC(c2ccccc2)C2CCNCC2)c1,1,halogen-walk,F->Cl,Fc1ccc(OC(c2ccccc2)C2CCNCC2)cc1,0 1 2 3 4 5 7 8 9 10 11 12 13 14 15 16 17 18 19,c1ccc(OC(c2ccccc2)C2CCNCC2)cc1,train,301.81700000000006,4.459700000000003,0.9000051245168378,21,32
subcategory_halogen-walk.F->Cl_757,CCC[C@@H]1CC2C(CCC3(C)C(=O)CCC23)C2(C)C=CC(=O)C=C12,0,authentic,authentic,,,O=C1C=CC2C(=C1)CCC1C2CCC2C(=O)CCC21,train,326.48,4.889600000000005,0.7238026118998017,24,51
subcategory_halogen-walk.F->Cl_631,Cc1cccc(Oc2cccc(NC[C@@H](N)CS)c2)c1,0,authentic,authentic,,,c1ccc(Oc2ccccc2)cc1,train,288.416,3.4563200000000007,0.7134572795887486,20,35
subcategory_halogen-walk.F->Cl_964,CCCCN1CC[C@H](c2cccc(Cl)c2)[C@@H](COc2cc3c(cc2Br)OCO3)C1,1,halogen-walk,F->Cl,CCCCN1CC[C@H](c2ccc(F)cc2)[C@@H](COc2cc3c(cc2Br)OCO3)C1,0 1 2 3 4 5 6 8 9 10 11 12 13 14 15 16 17 18 19 20 21 22 23 24 25 26 27 28,c1ccc([C@H]2CCNC[C@@H]2COc2ccc3c(c2)OCO3)cc1,train,480.83000000000027,6.1158000000000055,0.47784905816262224,29,56
subcategory_halogen-walk.F->Cl_1532,Cn1nc(-c2ccccc2Cl)nc1S(C)(=O)=O,1,halogen-walk,F->Cl,Cn1nc(-c2cccc(F)c2)nc1S(C)(=O)=O,3 4 5 6 7 8 9 10,c1ccc(-c2nc[nH]n2)cc1,train,271.729,1.539,0.8310348270015826,17,31
subcategory_halogen-walk.F->Cl_1003,OC(c1ccccc1Cl)C(O)(Cn1cncn1)c1ccc(Cl)cc1,1,halogen-walk,F->Cl,OC(c1ccc(F)cc1)C(O)(Cn1cncn1)c1ccc(Cl)cc1,7,c1ccc(CC(Cn2cncn2)c2ccccc2)cc1,train,364.2320000000001,3.2063000000000015,0.7294721264427955,24,40
subcategory_halogen-walk.F->Cl_1172,N#Cc1ccc(CC(n2cncn2)C(O)(Cn2cncn2)c2ccccc2Cl)cc1,1,halogen-walk,F->Cl,N#Cc1ccc(CC(n2cncn2)C(O)(Cn2cncn2)c2ccc(F)cc2F)cc1,13 21 22 23 24 25 26 27,c1ccc(CC(C(Cn2cncn2)c2ccccc2)n2cncn2)cc1,train,419.8760000000001,2.7664800000000014,0.49341049233237516,30,48
subcategory_halogen-walk.F->Cl_981,Cc1[nH]c(-c2cccc(Cl)c2)cc1C(=O)N1CCN(Cc2ccccc2)CC1,1,halogen-walk,F->Cl,Cc1[nH]c(-c2ccc(F)cc2)cc1C(=O)N1CCN(Cc2ccccc2)CC1,0 1 2 4 5 6 7 8 9 10 11 12 13 14 15 16 17 18 19 20 21 22 23 24 25 26 27,O=C(c1c[nH]c(-c2ccccc2)c1)N1CCN(Cc2ccccc2)CC1,train,393.9180000000002,4.601520000000004,0.7030541071084101,28,50
subcategory_halogen-walk.F->Cl_143,CCCc1cccc2nc(C(=O)O)cc(O)c12,0,authentic,authentic,,,c1ccc2ncccc2c1,train,231.25099999999998,2.5911000000000004,0.8512892723256641,17,28
subcategory_halogen-walk.F->Cl_972,O[C@@](Cn1cncn1)(c1ccccc1F)c1cccc(Cl)c1Cl,1,halogen-walk,F->Cl,O[C@](Cn1cncn1)(c1ccc(F)cc1)c1ccccc1F,0 2 3 4 5 6 7 8 9 10 11 12 13 14 15 16 17 18 19 20 21,c1ccc(C(Cn2cncn2)c2ccccc2)cc1,train,352.196,3.6601000000000026,0.7797365727285533,23,41
subcategory_halogen-walk.F->Cl_1053,COC(=O)CC(O)CC(O)/C=C/c1c(-c2cccc(Cl)c2)c(C)n(-c2ccccc2)c1C(C)C,1,halogen-walk,F->Cl,COC(=O)CC(O)CC(O)/C=C/c1c(-c2ccc(F)cc2)c(C)n(-c2ccccc2)c1C(C)C,0 1 2 3 4 5 6 7 8 9 10 11 12 14 15 16 17 18 19 20 21 22 23 24 25 26 27 28 29 30 31 32 33,c1ccc(-c2ccn(-c3ccccc3)c2)cc1,train,482.02000000000027,5.9177200000000045,0.3720905723639327,34,63
subcategory_halogen-walk.F->Cl_152,COc1cc2c(c(OC)c1OC)-c1ccc(Cl)c(=O)cc1[C@@H](NC(C)=O)CC2,0,authentic,authentic,,,O=c1cccc2c(c1)CCCc1ccccc1-2,train,403.8620000000002,3.5164000000000017,0.84505465931147,28,55
subcategory_halogen-walk.F->Cl_467,CCOC(=O)[C@H](CCc1ccccc1)N[C@H](C)C(=O)N1[C@H](C(=O)O)C[C@@H]2CCCC[C@@H]21,0,authentic,authentic,,,O=C(CNCCCc1ccccc1)N1CC[C@@H]2CCCC[C@@H]21,train,430.54500000000036,2.7733000000000008,0.5851031637925748,31,74
subcategory_halogen-walk.F->Cl_531,CCCc1cc(O)nc(SC2CCCCC2)n1,0,authentic,authentic,,,c1cnc(SC2CCCCC2)nc1,train,252.38299999999992,3.5595000000000017,0.8322492526299082,17,25
subcategory_halogen-walk.F->Cl_485,O=C1CCc2ccc(OCCN3CCN(c4ccccc4Cl)CC3)cc2N1,0,authentic,authentic,,,O=C1CCc2ccc(OCCN3CCN(c4ccccc4)CC3)cc2N1,val,385.89500000000004,3.4257000000000017,0.8560596101242589,27,41
subcategory_halogen-walk.F->Cl_823,COc1ccc(Oc2ccc(Cl)cc2C(=O)NC2CCNC(=O)C2)cc1C,1,halogen-walk,F->Cl,COc1ccc(Oc2ccc(C(F)(F)F)cc2C(=O)NC2CCNC(=O)C2)cc1C,0 1 2 3 4 5 6 7 8 9 11 12 13 14 15 16 17 18 19 20 21 22 23 24 25 26,O=C1CC(NC(=O)c2ccccc2Oc2ccccc2)CCN1,train,388.8510000000002,3.457720000000002,0.821949961259505,27,44
subcategory_halogen-walk.F->Cl_1169,Fc1ccc(OC(CC2CCNCC2)c2ccccc2Cl)cc1,1,halogen-walk,F->Cl,Fc1ccc(OC(CC2CCNCC2)c2ccc(F)cc2)cc1,0 1 2 3 4 5 7 8 9 10 11 12 13 14 15 16 17 18 19 20 21 22,c1ccc(OC(CC2CCNCC2)c2ccccc2)cc1,train,333.83399999999995,4.9889000000000046,0.8319924810583252,23,34
subcategory_halogen-walk.F->Cl_730,C=CCc1c(O)ccc2c1CC(CCc1ccccc1)O2,0,authentic,authentic,,,c1ccc(CCC2Cc3ccccc3O2)cc1,val,280.36699999999996,4.057000000000003,0.8369905705774728,21,32
subcategory_halogen-walk.F->Cl_140,CCCOc1ccc(OCC(=O)OCC)c(C(=O)NCc2ccccc2F)c1,0,authentic,authentic,,,O=C(NCc1ccccc1)c1ccccc1,train,389.423,3.4864000000000024,0.6299457733887804,28,42
subcategory_halogen-walk.F->Cl_39,COc1cc(N)c(Cl)cc1C(=O)OCCN1CCN(C(=O)CNS(=O)(=O)c2cccc3c(N(C)C)cccc23)CC1,0,authentic,authentic,,,O=C(OCCN1CCN(C(=O)CNS(=O)(=O)c2cccc3ccccc23)CC1)c1ccccc1,train,604.1290000000001,2.429500000000001,0.2645621075700339,41,72
subcategory_halogen-walk.F->Cl_933,CC(C)n1c(C=CC2CC(O)CC(=O)O2)c(-c2cccc(Cl)c2)c2ccccc21,1,halogen-walk,F->Cl,CC(C)n1c(C=CC2CC(O)CC(=O)O2)c(-c2ccc(F)cc2)c2ccccc21,6,O=C1CCCC(C=Cc2[nH]c3ccccc3c2-c2ccccc2)O1,train,409.913,5.622300000000005,0.5685322067890405,29,53
subcategory_halogen-walk.F->Cl_1244,O=C1[C@H](CC[C@H](O)c2ccc(F)cc2)C(c2ccc(O)cc2)N1c1cccc(Cl)c1,1,halogen-walk,F->Cl,O=C1[C@H](CC[C@H](O)c2ccc(F)cc2)C(c2ccc(O)cc2)N1c1ccc(F)cc1,6,O=C1[C@H](CCCc2ccccc2)C(c2ccccc2)N1c1ccccc1,train,425.88700000000006,5.402600000000005,0.519451937657273,30,60
subcategory_halogen-walk.F->Cl_1336,COc1cc(C(=O)NS(=O)(=O)c2ccccc2C)ccc1Cc1cn(C)c2ccc(C(=O)NCCCCl)cc12,1,halogen-walk,F->Cl,COc1cc(C(=O)NS(=O)(=O)c2ccccc2C)ccc1Cc1cn(C)c2ccc(C(=O)NCCCC(F)(F)F)cc12,35 36,O=C(NS(=O)(=O)c1ccccc1)c1ccc(Cc2c[nH]c3ccccc23)cc1,train,568.0950000000004,4.563520000000004,0.2157129703509693,39,66
subcategory_halogen-walk.F->Cl_1099,COc1ccccc1CC1(O)C(=Cc2cccc(Cl)c2)CCCCC1CN1CCN(C)CC1,1,halogen-walk,F->Cl,COc1ccccc1CC1(O)/C(=C\c2ccc(F)cc2)CCCCC1CN1CCN(C)CC1,0 1 2 3 4 5 6 7 8 9 10 11 13 14 15 16 17 18 19 20 21 22 23 24 25 26 27 28 29 30 31 32,C(=C1\CCCCC(CN2CCNCC2)C1Cc1ccccc1)/c1ccccc1,test,469.06900000000047,5.143400000000005,0.5950149040828953,33,51
subcategory_halogen-walk.F->Cl_521,CCCC(=O)NCCc1c2n(c3ccc(OCC)cc13)Cc1ccccc1-2,0,authentic,authentic,,,c1ccc2c(c1)Cn1c-2cc2ccccc21,train,362.4730000000001,4.527500000000004,0.5249046830927752,27,43
subcategory_halogen-walk.F->Cl_1278,CN(C)CCC1(COCc2cc(Cl)cc(Br)c2)OCc2cc(C#N)ccc21,1,halogen-walk,F->Cl,CN(C)CCC1(COCc2cc(Br)cc(C(F)(F)F)c2)OCc2cc(C#N)ccc21,1,c1ccc(COCC2OCc3ccccc32)cc1,train,449.7760000000002,4.868180000000004,0.6049234745277647,27,46
subcategory_halogen-walk.F->Cl_203,[2H]OCCOCCN1CCN(C2=Nc3cc(C)c(C)cc3Sc3ccccc32)C(C)(C)C1,0,authentic,authentic,,,c1ccc2c(c1)N=C(N1CCNCC1)c1ccccc1S2,train,440.6311017780002,4.251440000000004,0.6807020300228679,31,54
subcategory_halogen-walk.F->Cl_1020,Nc1nc(N2CCNCC2)nnc1-c1ccccc1Cl,1,halogen-walk,F->Cl,Nc1nc(N2CCNCC2)nnc1-c1cc(F)cc(Cl)c1Cl,,c1ccc(-c2cnc(N3CCNCC3)nn2)cc1,val,290.75800000000004,1.1838,0.864572961086196,20,30
subcategory_halogen-walk.F->Cl_773,C=CCN1C(=O)N(CC=C)[C@@H](Cc2ccccc2)C(O)[C@@H]1Cc1ccccc1,0,authentic,authentic,,,O=C1N[C@@H](Cc2ccccc2)C[C@H](Cc2ccccc2)N1,val,376.5000000000001,3.6795000000000027,0.7144751254864424,28,55
subcategory_halogen-walk.F->Cl_934,CCCc1nc(Cl)c(C(=O)NCC)n1Cc1ccc2oc(-c3ccccc3NS(=O)(=O)Cl)c(Br)c2c1,1,halogen-walk,F->Cl,CCCc1nc(Cl)c(C(=O)NCC)n1Cc1ccc2oc(-c3ccccc3NS(=O)(=O)C(F)(F)F)c(Br)c2c1,28 31,c1ccc(-c2cc3cc(Cn4ccnc4)ccc3o2)cc1,train,614.3490000000002,6.3582000000000045,0.21372056586984045,36,65
subcategory_halogen-walk.F->Cl_571,Cc1ccc2nc(C(=O)O)cc(O)c2c1,0,authentic,authentic,,,c1ccc2ncccc2c1,train,203.19700000000003,1.9470199999999995,0.7426201609398264,15,26
subcategory_halogen-walk.F->Cl_347,COc1c(O)cc2c(c1OC)-c1ccc(O)c(=O)cc1[C@H](NC(C)=O)CC2,0,authentic,authentic,,,O=c1cccc2c(c1)CCCc1ccccc1-2,train,371.3890000000001,2.2656,0.7644146550754085,27,52
subcategory_halogen-walk.F->Cl_1578,O=C(NC1CCCNC1=O)c1ccccc1Cl,1,halogen-walk,F->Cl,COc1ccc(F)c(F)c1C(=O)NC1CCCNC1=O,7,O=C(NC1CCCNC1=O)c1ccccc1,train,252.70100000000002,1.3483999999999998,0.8348241563184748,17,26
subcategory_halogen-walk.F->Cl_1190,C=C1CCCN(C(C)C(O)(Cn2cncn2)c2ccccc2Cl)C1,1,halogen-walk,F->Cl,C=C1CCCN(C(C)C(O)(Cn2cncn2)c2ccc(F)cc2F)C1,8 16 17 18 19 20 21 22,C=C1CCCN(CC(Cn2cncn2)c2ccccc2)C1,val,346.8620000000001,2.8598000000000017,0.8457481366767363,24,40
subcategory_halogen-walk.F->Cl_403,Cc1[nH]c(-c2ccccc2)cc1C(=O)NC1CCCCC1,0,authentic,authentic,,,O=C(NC1CCCCC1)c1c[nH]c(-c2ccccc2)c1,train,282.387,4.052620000000003,0.8760068794478105,21,36
subcategory_halogen-walk.F->Cl_1387,CCN1CCC(O)(c2ccc(F)c(OCl)c2)CC1,1,halogen-walk,F->Cl,CCN1CCC(O)(c2ccc(F)c(OC(F)(F)F)c2)CC1,1,c1ccc(C2CCNCC2)cc1,train,273.73500000000007,2.661600000000001,0.9190375610882267,18,31
subcategory_halogen-walk.F->Cl_131,CCCCc1oc2ccc(C)cc2c1C(=O)c1ccc(OCC)cc1,0,authentic,authentic,,,O=C(c1ccccc1)c1coc2ccccc12,train,336.4310000000001,5.713520000000005,0.5184794451748328,25,38
subcategory_halogen-walk.F->Cl_121,CCc1c(NC(=O)c2cc(S(C)(=O)=O)ccc2OCC(C)C)c(C(N)=O)nn1CCN1CCOCC1,0,authentic,authentic,,,O=C(Nc1cnn(CCN2CCOCC2)c1)c1ccccc1,train,521.6400000000004,1.567200000000001,0.4530885410078822,36,62
subcategory_halogen-walk.F->Cl_625,CCC(C(=O)O)C(=O)CC(O)C=Cc1c(C2CC2)nc2ccccc2c1-c1ccc(F)cc1,0,authentic,authentic,,,c1ccc(-c2cc(C3CC3)nc3ccccc23)cc1,train,447.5060000000001,5.3624000000000045,0.4311857189215062,33,57
subcategory_halogen-walk.F->Cl_696,COc1ccc(F)c(F)c1C(=O)NC1CCCNC1=O,0,authentic,authentic,,,O=C(NC1CCCNC1=O)c1ccccc1,train,284.262,0.9818000000000002,0.8692408818123066,20,32
subcategory_halogen-walk.F->Cl_638,CCN1CCN(C2=Nc3ccc(Cl)cc3CC=C2c2ccccc2)CC1,0,authentic,authentic,,,C1=C(c2ccccc2)C(N2CCNCC2)=Nc2ccccc2C1,val,365.9080000000002,4.647200000000004,0.7711388685646973,26,41
subcategory_halogen-walk.F->Cl_845,CCCCN(CC)C(=O)c1cc(OC)ccc1-n1nc(Cl)c2c1C(=O)N(c1ccc(C(=O)N(C)C)cc1)CC2,1,halogen-walk,F->Cl,CCCCN(CC)C(=O)c1cc(OC)ccc1-n1nc(C(F)(F)F)c2c1C(=O)N(c1ccc(C(=O)N(C)C)cc1)CC2,19 20,O=C1c2c(cnn2-c2ccccc2)CCN1c1ccccc1,train,552.0750000000002,4.7012000000000045,0.38448046872153546,39,70
subcategory_halogen-walk.F->Cl_286,COc1ccc(-n2nc(C(F)(F)F)c3c2C(=O)N(c2ccc(C(=N)N)cc2)CC3)cc1,0,authentic,authentic,,,O=C1c2c(cnn2-c2ccccc2)CCN1c1ccccc1,train,429.40200000000016,3.3866700000000014,0.49082866834132266,31,58
subcategory_halogen-walk.F->Cl_563,COC(=O)CC(O)CC(O)/C=C/c1c(-c2ccc(F)cc2)cn(C(C)C)c1C,0,authentic,authentic,,,c1ccc(-c2cc[nH]c2)cc1,train,389.46700000000016,3.8717200000000034,0.6725246779722249,28,51
subcategory_halogen-walk.F->Cl_1273,OC(CN1CCN(CCc2cccc(Cl)c2Cl)CC1)(Cn1cncn1)c1ccc(F)cc1F,1,halogen-walk,F->Cl,OC(CN1CCN(CCc2ccc(F)cc2)CC1)(Cn1cncn1)c1ccc(F)cc1F,0 1 2 3 4 5 6 7 9 10 11 12 13 14 15 16 17 18 19 20 21 22 23 24 25 26 27 28 29 30 31 32,c1ccc(CCN2CCN(CC(Cn3cncn3)c3ccccc3)CC2)cc1,train,496.38900000000024,3.611200000000002,0.5167415028066152,33,53
subcategory_halogen-walk.F->Cl_1067,OC(Cc1cccc(Cl)c1)(Cn1cncn1)Cn1cncn1,1,halogen-walk,F->Cl,OC(Cc1ccc(F)cc1F)(Cn1cncn1)Cn1cncn1,0 2 3 4 5 6 7 8 9 10 11 12 13 14 15 16 17 18 19 20 21,c1ccc(CC(Cn2cncn2)Cn2cncn2)cc1,val,318.768,1.1969999999999996,0.7382010392498818,22,35
subcategory_halogen-walk.F->Cl_1424,CS(=O)(=O)C(F)(F)C(O)(Cn1cncn1)c1ccccc1Cl,1,halogen-walk,F->Cl,CS(=O)(=O)C(F)(F)C(O)(Cn1cncn1)c1ccc(F)cc1,0 1 2 3 4 5 6 8 9 10 11 12 13 14 15 16 17 18 19 20,c1ccc(CCn2cncn2)cc1,train,351.76200000000006,1.4566999999999999,0.8810497178506779,22,41
subcategory_halogen-walk.F->Cl_395,CCC(C(=O)NCCCc1ccccc1)c1ccccc1,0,authentic,authentic,,,O=C(Cc1ccccc1)NCCCc1ccccc1,train,281.39900000000006,3.9292000000000034,0.7654854095068437,21,30
subcategory_halogen-walk.F->Cl_1217,CCN(CC)CCc1cc2c(c(-c3ccccc3Cl)c1C#N)COC2,1,halogen-walk,F->Cl,CCN(CC)CCc1cc2c(c(-c3ccc(F)cc3)c1C#N)COC2,0 1 2 3 4 5 6 7 8 9 10 12 13 14 15 16 17 18 19 20 21 22 23 24,c1ccc(-c2cccc3c2COC3)cc1,val,354.88100000000014,4.793180000000005,0.7476208842601175,25,40
subcategory_halogen-walk.F->Cl_295,C.C.NC(=O)c1ncn(C2OC(CO)C(O)C2O)n1,0,authentic,authentic,,,c1ncn(C2CCCO2)n1,train,276.293,-1.7392999999999985,0.5126483105876526,19,34
subcategory_halogen-walk.F->Cl_566,CCCc1nc(CC)c(C(=O)OC(C)C(=O)OC(C)(C)C)n1Cc1ccc(-c2ccccc2-c2nn[nH]n2)cc1,0,authentic,authentic,,,c1ccc(-c2nn[nH]n2)c(-c2ccc(Cn3ccnc3)cc2)c1,train,544.6560000000002,5.180400000000005,0.27083149547468166,40,71
subcategory_halogen-walk.F->Cl_371,CO.Cc1cnc(C(=O)NCCc2ccc(S(=O)(=O)NC(=O)NC3CCCCC3)cc2)cn1,0,authentic,authentic,,,O=C(NC1CCCCC1)NS(=O)(=O)c1ccc(CCNC(=O)c2cnccn2)cc1,train,477.5870000000003,1.686619999999999,0.4736766440183671,33,56
subcategory_halogen-walk.F->Cl_199,COc1cc2c(c(OC)c1OC)-c1ccc(NCCc3ccc(F)cc3)c(=O)cc1[C@@H](NC(C)=O)CC2,0,authentic,authentic,,,O=c1cc2c(ccc1NCCc1ccccc1)-c1ccccc1CCC2,train,506.5740000000003,4.656700000000003,0.4624674754869558,37,67
subcategory_halogen-walk.F->Cl_1119,C[C@H]([C@](O)(Cn1cncn1)c1cccc(Cl)c1)S(=O)(=O)N(C)CC(F)(F)F,1,halogen-walk,F->Cl,C[C@H]([C@](O)(Cn1cncn1)c1ccc(F)cc1F)S(=O)(=O)N(C)CC(F)(F)F,6,c1ccc(CCn2cncn2)cc1,train,426.8480000000001,2.0317000000000003,0.7315090514311329,27,59
subcategory_halogen-walk.F->Cl_1327,OCCCN1CC[C@@H](c2cccc(Cl)c2)[C@H](COc2ccc3c(c2)OCO3)C1,1,halogen-walk,F->Cl,OCCCN1CC[C@@H](c2ccc(F)cc2)[C@H](COc2ccc3c(c2)OCO3)C1,6,c1ccc([C@@H]2CCNC[C@H]2COc2ccc3c(c2)OCO3)cc1,train,403.90600000000023,3.9356000000000027,0.7585149940281725,28,54
subcategory_halogen-walk.F->Cl_52,COc1cc2c(cc1OC)C(=O)C(CC(C)(F)CC1CCC(C)N1Cc1cc(F)c(F)cc1F)C2,0,authentic,authentic,,,O=C1c2ccccc2CC1CCCC1CCCN1Cc1ccccc1,val,493.5410000000002,6.0376000000000065,0.3321957202536745,35,60
subcategory_halogen-walk.F->Cl_410,COc1ccc(/C=C2\Cc3cc(OC)c(OCCN4CCCCC4)cc3C2=O)cc1,0,authentic,authentic,,,O=C1/C(=C/c2ccccc2)Cc2ccc(OCCN3CCCCC3)cc21,test,407.5100000000002,4.390900000000004,0.6372842228670466,30,48
subcategory_halogen-walk.F->Cl_46,O=C(N[C@H](CNC(=O)c1ccc(Cl)s1)C(=O)Nc1ccc(N2CCOCC2=O)c(F)c1)OCCO,0,authentic,authentic,,,O=C(CCNC(=O)c1cccs1)Nc1ccc(N2CCOCC2=O)cc1,train,528.9460000000005,1.3593999999999997,0.38411545826884025,35,64
subcategory_halogen-walk.F->Cl_1409,Clc1cccc(C2CCNC[C@H]2COc2ccc3c(c2)OCO3)c1Cl,1,halogen-walk,F->Cl,Cl.Fc1ccc(C2CCNC[C@H]2COc2ccc3c(c2)OCO3)cc1,0 1 2 3 4 5 7 8 9 10 11 12 13 14 15 16 17 18 19 20 21 22 23,c1ccc(C2CCNC[C@H]2COc2ccc3c(c2)OCO3)cc1,val,380.2710000000001,4.494200000000004,0.848394572574808,25,43
subcategory_halogen-walk.F->Cl_1215,NC1=NN(c2cccc(Cl)c2)CC1,1,halogen-walk,F->Cl,NC1=NN(c2cccc(C(F)(F)F)c2)CC1,0 1 2 3 4 5 6 7 9 10 11 12,C1=NN(c2ccccc2)CC1,train,195.65299999999996,1.8223,0.7429886694068897,13,23
subcategory_halogen-walk.F->Cl_1423,COC(=O)NC1=NCCCN1c1ccc(N2CCc3c(Cl)nn(-c4ccc(OC)cc4)c3C2=O)cc1,1,halogen-walk,F->Cl,COC(=O)NC1=NCCCN1c1ccc(N2CCc3c(C(F)(F)F)nn(-c4ccc(OC)cc4)c3C2=O)cc1,0 1 2 3 4 5 6 7 8 9 10 11 12 13 14 15 16 17 18 20 21 22 23 24 25 26 27 28 29 30 31 32 33 34 35,O=C1c2c(cnn2-c2ccccc2)CCN1c1ccc(N2C=NCCC2)cc1,train,508.9660000000002,3.6593000000000027,0.5768909339875247,36,61
subcategory_halogen-walk.F->Cl_374,CN(CCCNc1ccnc2cc(Cl)ccc12)Cc1cc(=O)c(O)cn1C1CC1,0,authentic,authentic,,,O=c1ccn(C2CC2)c(CNCCCNc2ccnc3ccccc23)c1,val,412.9210000000002,4.024400000000003,0.5465581499796734,29,47
subcategory_halogen-walk.F->Cl_1158,O=C1C(CCC(O)c2cccc(Cl)c2)C(c2ccc(-c3ccccc3)cc2)N1c1ccc(F)cc1,1,halogen-walk,F->Cl,O=C1C(CCC(O)c2ccc(F)cc2)C(c2ccc(-c3ccccc3)cc2)N1c1ccc(F)cc1,6,O=C1C(CCCc2ccccc2)C(c2ccc(-c3ccccc3)cc2)N1c1ccccc1,train,485.98600000000016,7.364000000000007,0.27759593003641736,35,60
subcategory_halogen-walk.F->Cl_270,CNc1ncnc(Sc2nc(N)nc3nc[nH]c23)c1[NH+]([O-])O,0,authentic,authentic,,,c1cc(Sc2ncnc3nc[nH]c23)ncn1,train,321.3260000000001,-0.6785999999999999,0.30669003837761616,22,44
subcategory_halogen-walk.F->Cl_952,CC1(C)Cc2cc(-c3nc(Cl)c(C(=O)O)s3)cc(C#N)c2O1,1,halogen-walk,F->Cl,CC1(C)Cc2cc(-c3nc(C(F)(F)F)c(C(=O)O)s3)cc(C#N)c2O1,0 1 2 3 4 5 6 7 8 10 11 12 13 14 15 16 17 18 19 20 21,c1csc(-c2ccc3c(c2)CCO3)n1,train,334.7840000000001,3.7468800000000027,0.9038755073143604,22,44
subcategory_halogen-walk.F->Cl_1150,COc1cc(NC(C)CCCN)c2ncccc2c1Oc1cccc(Cl)c1Cl,1,halogen-walk,F->Cl,COc1cc(NC(C)CCCN)c2ncccc2c1Oc1ccc(F)cc1,0 1 2 3 4 5 6 7 8 9 10 11 12 13 14 15 16 17 18 20 21 22 23 24 25 26,c1ccc(Oc2cccc3ncccc23)cc1,train,420.34000000000015,5.881800000000005,0.4762217920932428,28,42
subcategory_halogen-walk.F->Cl_1287,COc1ccc(/C=C2\CCCC(CN(C)C)C2(O)c2ccccc2Cl)cc1,1,halogen-walk,F->Cl,COc1ccc(/C=C2\CCCC(CN(C)C)C2(O)c2ccc(F)cc2)cc1,0 1 2 3 4 5 6 7 8 9 10 11 12 13 14 15 17 18 19 20 21 22 23 24 25 26,C(=C1/CCCCC1c1ccccc1)/c1ccccc1,val,385.93500000000006,4.981500000000006,0.787200723092237,27,45
subcategory_halogen-walk.F->Cl_110,O=c1[nH]c(=O)n(COCCO)cc1Cc1cccc(Oc2ccccc2)c1,0,authentic,authentic,,,O=c1[nH]cc(Cc2cccc(Oc3ccccc3)c2)c(=O)[nH]1,test,368.38900000000007,1.8861000000000006,0.5923928040684121,27,44
subcategory_halogen-walk.F->Cl_1396,O=C(Cc1cc(Cl)cc(C(F)(F)F)c1)NCC(c1ccc(Cl)c(Cl)c1)N1CCC(N2CCCCC2)CC1,1,halogen-walk,F->Cl,O=C(Cc1cc(C(F)(F)F)cc(C(F)(F)F)c1)NCC(c1ccc(Cl)c(Cl)c1)N1CCC(N2CCCCC2)CC1,0 1 2 3 4 6 7 8 9 10 11 12 13 14 15 16 17 18 19 20 21 22 23 24 25 26 27 28 29 30 31 32 33 34 35 36,O=C(Cc1ccccc1)NCC(c1ccccc1)N1CCC(N2CCCCC2)CC1,train,576.9179999999999,7.0159000000000065,0.3849463955213099,37,67
subcategory_halogen-walk.F->Cl_8,C[C@@H]1C[C@H]2[C@@H]3CCC4=CC(=O)C=C[C@]4(C)[C@@]3(F)[C@@H](O)C[C@]2(C)[C@@]1(O)C(=O)CO.Cl,0,authentic,authentic,,,O=C1C=CC2C(=C1)CC[C@@H]1C2CCC2CCC[C@H]21,val,428.92800000000017,2.3175000000000017,0.6270438779057772,29,90
subcategory_halogen-walk.F->Cl_549,CNC1CCC2(CC1)Nc1cc(Cl)c(S(N)(=O)=O)cc1S(=O)(=O)N2,0,authentic,authentic,,,O=S1(=O)NC2(CCCCC2)Nc2ccccc21,train,394.9060000000001,0.5495000000000001,0.5790434862792382,24,49
subcategory_halogen-walk.F->Cl_1511,CN(C)CCCC1(c2cccc(Cl)c2)OCc2cc(C#N)ccc21,1,halogen-walk,F->Cl,Br.CN(C)CCCC1(c2ccc(F)cc2)OCc2cc(C#N)ccc21,0 1 2 3 4 5 7 8 9 10 11 12 13 14 15 16 17 18 19 20 21 22 23,c1ccc(C2OCc3ccccc32)cc1,train,340.85400000000004,4.327280000000004,0.8125283120514686,24,40
subcategory_halogen-walk.F->Cl_481,C=C1CCN(c2cccc(-c3ccc(C(N)=O)c4[nH]c(C)c(C)c34)c2)C1=O,0,authentic,authentic,,,C=C1CCN(c2cccc(-c3cccc4[nH]ccc34)c2)C1=O,train,359.42900000000014,3.8435400000000017,0.6968907227755021,27,54
subcategory_halogen-walk.F->Cl_688,CN1CCN(C(=O)c2cc(F)ccc2OCCN)[C@@H](c2ccccc2)C1,0,authentic,authentic,,,O=C(c1ccccc1)N1CCNC[C@@H]1c1ccccc1,train,357.42900000000003,2.2921000000000005,0.8920335687018668,26,46
subcategory_halogen-walk.F->Cl_669,CC(C)(c1ccccc1)C(O)/C=C/[C@H]1CCC(=O)N1CCCCCCC(=O)O,0,authentic,authentic,,,O=C1CC[C@H](/C=C/CCc2ccccc2)N1,train,387.52000000000027,3.9074000000000026,0.4457470877614574,28,51
subcategory_halogen-walk.F->Cl_863,CCN(CC)CCC1(c2cccc(Cl)c2)OCc2cc(C#N)ccc21,1,halogen-walk,F->Cl,CCN(CC)CCC1(c2ccc(F)cc2)OCc2cc(C#N)ccc21,0 1 2 3 4 5 6 8 9 10 11 12 13 14 15 16 17 18 19 20 21 22 23 24,c1ccc(C2OCc3ccccc32)cc1,train,354.8810000000001,4.717380000000005,0.7527981008867094,25,41
subcategory_halogen-walk.F->Cl_903,CNCCC(Oc1ccc(Cl)cc1)C1C=CC(F)=CC1,1,halogen-walk,F->Cl,CNCCC(Oc1ccc(C(F)(F)F)cc1)C1C=CC(F)=CC1,9 10,C1=CCC(COc2ccccc2)C=C1,val,295.785,4.126400000000004,0.8519686565170739,20,33
subcategory_halogen-walk.F->Cl_611,Nc1nc2c(NCc3ccccc3)cccc2n2c(=O)n(-c3ccccc3)nc12,0,authentic,authentic,,,O=c1n(-c2ccccc2)nc2cnc3c(NCc4ccccc4)cccc3n12,train,382.42700000000013,3.2277000000000013,0.49803966492992413,29,47
subcategory_halogen-walk.F->Cl_506,CC(C)n1c(/C=C/[C@H](O)C[C@H](O)CC(=O)[O-])c(-c2ccc(F)cc2)c2ccccc21,0,authentic,authentic,,,c1ccc(-c2c[nH]c3ccccc23)cc1,train,410.46500000000003,3.293400000000002,0.5967583807359456,30,66
subcategory_halogen-walk.F->Cl_288,CCCc1ccc2c(c1CCC)CC(N(CCC)CCC)CO2,0,authentic,authentic,,,c1ccc2c(c1)CCCO2,train,317.51700000000005,5.017100000000005,0.6340533340842467,23,33
subcategory_halogen-walk.F->Cl_994,CCCN(Cc1ccccc1C)CC(O)(Cn1cncn1)c1ccccc1Cl,1,halogen-walk,F->Cl,CCCN(Cc1ccccc1C)CC(O)(Cn1cncn1)c1ccc(F)cc1F,7,c1ccc(CNCC(Cn2cncn2)c2ccccc2)cc1,train,398.938,4.039920000000003,0.5906230967685479,28,41
subcategory_halogen-walk.F->Cl_49,COc1ccc(S(N)(=O)=O)cc1C(=O)NCC1CCCN1Cc1ccc(Cl)cc1,0,authentic,authentic,,,O=C(NCC1CCCN1Cc1ccccc1)c1ccccc1,test,437.9490000000002,2.3904000000000014,0.6920231300447582,29,49
subcategory_halogen-walk.F->Cl_361,COc1cc(-c2nn(C3CCN(C4CCN(C(C)=O)CC4)CC3)c3ncnc(N)c23)ccc1NC(=O)c1ccc(C(F)(F)F)cc1F,0,authentic,authentic,,,O=C(Nc1ccc(-c2nn(C3CCN(C4CCNCC4)CC3)c3ncncc23)cc1)c1ccccc1,val,654.6690000000004,5.142100000000004,0.2734718937474466,47,82
subcategory_halogen-walk.F->Cl_597,Nc1ccn([C@@H]2CS[C@H](COP(O)O)O2)c(=O)n1,0,authentic,authentic,,,O=c1ncccn1[C@@H]1CSCO1,train,293.24100000000004,-0.35829999999999995,0.6438043146483962,18,40
subcategory_halogen-walk.F->Cl_220,N#Cc1ccc(Cn2ccnc2)cc1Oc1ccc(Cl)c(Cl)c1,0,authentic,authentic,,,c1ccc(Oc2cccc(Cn3ccnc3)c2)cc1,train,344.201,4.902180000000002,0.6762005292173562,23,38
subcategory_halogen-walk.F->Cl_246,CC1CN(c2ccnc3cc(Cl)ccc23)CC(C)O1,0,authentic,authentic,,,c1ccc2c(N3CCOCC3)ccnc2c1,test,276.767,3.501800000000003,0.7970577607994732,19,32
subcategory_halogen-walk.F->Cl_468,CCOC(=O)[C@H](CCc1ccccc1)N[C@@H](C)C(=O)N1[C@H](C(=O)[O-])C[C@@H]2CCC[C@@H]21,0,authentic,authentic,,,O=C(CNCCCc1ccccc1)N1CC[C@@H]2CCC[C@@H]21,train,415.51000000000033,1.0485000000000007,0.6055239974450066,30,77
subcategory_halogen-walk.F->Cl_517,CN(C)CC[C@H](Oc1cccc2c1OCO2)c1ccc(F)cc1,0,authentic,authentic,,,c1ccc(COc2cccc3c2OCO3)cc1,train,317.35999999999996,3.6262000000000025,0.8139730447027902,23,39
subcategory_halogen-walk.F->Cl_1329,CCOC(=O)CCN1CC[C@H](c2ccccc2Cl)[C@@H](COc2ccc3c(c2)OCO3)C1,1,halogen-walk,F->Cl,CCOC(=O)CCN1CC[C@H](c2ccc(F)cc2)[C@@H](COc2ccc3c(c2)OCO3)C1,7,c1ccc([C@H]2CCNC[C@@H]2COc2ccc3c(c2)OCO3)cc1,train,445.94300000000027,4.506400000000005,0.5572063525050142,31,58
subcategory_halogen-walk.F->Cl_92,O=C(NC1CN2CCC1CC2)c1ccccc1OC(F)(F)F,0,authentic,authentic,,,O=C(NC1CN2CCC1CC2)c1ccccc1,train,314.30699999999996,2.4092000000000002,0.9314130419188177,22,35
subcategory_halogen-walk.F->Cl_23,CC12C(CC(OC(=O)C(O)(c3cccs3)c3cccs3)CC[N+]1(C)C)C1OC12,0,authentic,authentic,,,O=C(OC1CC[NH2+]C2C(C1)C1OC21)C(c1cccs1)c1cccs1,train,420.5760000000002,2.9834000000000023,0.4693657671723764,28,54
subcategory_halogen-walk.F->Cl_509,CC.CC.CN(O)CCN(C)C1=Nc2cc(Cl)ccc2Nc2ccccc21,0,authentic,authentic,,,C1=Nc2ccccc2Nc2ccccc21,train,390.9590000000001,5.780500000000005,0.6518768981894502,27,43
subcategory_halogen-walk.F->Cl_1049,O=C(O)c1cc(O)c2cc(Cl)ccc2n1,1,halogen-walk,F->Cl,O=C(O)c1cc(O)c2cc(C(F)(F)F)ccc2n1,9 10,c1ccc2ncccc2c1,train,223.61499999999998,2.292,0.7782754450887107,15,27
subcategory_halogen-walk.F->Cl_1027,O=S(=O)(Cl)Nc1cccc(OCc2cnc3ccccc3c2)c1,1,halogen-walk,F->Cl,O=S(=O)(Nc1cccc(OCc2cnc3ccccc3c2)c1)C(F)(F)F,1,c1ccc(OCc2cnc3ccccc3c2)cc1,val,348.8110000000001,3.7093000000000016,0.7135602588697332,23,38
subcategory_halogen-walk.F->Cl_973,Cc1ccc(C2=Nc3ncnn3C(c3ccccc3Cl)C2)cc1,1,halogen-walk,F->Cl,Cc1ccc(C2=Nc3ncnn3C(c3ccc(F)cc3)C2)cc1,7,c1ccc(C2=Nc3ncnn3C(c3ccccc3)C2)cc1,train,322.7990000000001,4.353820000000003,0.703471026097092,23,37
subcategory_halogen-walk.F->Cl_478,CCC1OC(n2cnc(C(N)=O)n2)[C@H](C)[C@@H]1O,0,authentic,authentic,,,c1ncn(C2CCCO2)n1,train,240.263,-0.31860000000000016,0.7533260643896365,17,39
subcategory_halogen-walk.F->Cl_1006,CCC1(CC)OC(=O)Nc2ccc(-c3ccccc3Cl)cc21,1,halogen-walk,F->Cl,CCC1(CC)OC(=O)Nc2ccc(-c3ccc(F)c(Cl)c3)cc21,12 13 14 15 16 17 18 19,O=C1Nc2ccc(-c3ccccc3)cc2CO1,train,315.8,5.584400000000004,0.8020217566623301,22,37
subcategory_halogen-walk.F->Cl_510,COc1cc2c(c(OC)c1OC)-c1ccc(SC)c(=O)cc1[C@@H](NC(=O)C(F)(F)F)CC2,0,authentic,authentic,,,O=c1cccc2c(c1)CCCc1ccccc1-2,train,469.4810000000002,4.127300000000003,0.6643405334049395,32,62
subcategory_halogen-walk.F->Cl_983,COc1ccc(-c2[nH]c(C)c(-c3ccccc3Cl)c2-c2ccc(OC)cc2)cc1,1,halogen-walk,F->Cl,COc1ccc(-c2[nH]c(C)c(-c3ccc(F)cc3)c2-c2ccc(OC)cc2)cc1,7,c1ccc(-c2c[nH]c(-c3ccccc3)c2-c2ccccc2)cc1,train,403.90900000000016,6.994720000000005,0.38910066381458047,29,52
subcategory_halogen-walk.F->Cl_781,CCc1nc2c(-c3ccc(Cl)cc3Cl)ccnc2n1C(C)C1CCC1,0,authentic,authentic,,,c1ccc(-c2ccnc3c2ncn3CC2CCC2)cc1,test,374.31500000000017,6.328600000000004,0.534316813191326,25,42
subcategory_halogen-walk.F->Cl_194,CC(C)C[C@@H]1NC(=O)[C@H](C(C)C)NC(=O)[C@H](CC(C)C)N(C)C(=O)[C@@H](CC(C)C)NC(=O)[C@@H](Cc2ccccc2)NC1=O,0,authentic,authentic,,,O=C1CNC(=O)CNC(=O)[C@@H](Cc2ccccc2)NC(=O)CNC(=O)CN1,train,599.8170000000003,2.803200000000004,0.3461473849785829,43,101
subcategory_halogen-walk.F->Cl_1475,CC1CC(O)(c2cccc(OCl)c2)CCN1C,1,halogen-walk,F->Cl,CC1CC(O)(c2cccc(OC(F)(F)F)c2)CCN1C,0 1 2 3 4 5 6 7 8 9 11 12 13 14 15 16,c1ccc(C2CCNCC2)cc1,train,255.74499999999995,2.5209,0.8815842547361681,17,28
subcategory_halogen-walk.F->Cl_1251,COc1ccc(-n2nc(Cl)c3c2C(=O)N(c2ccc(C(=O)N(C)C)cc2)CC3)c(C(=O)N2CCCCC2CN(C)C)c1,1,halogen-walk,F->Cl,COc1ccc(-n2nc(C(F)(F)F)c3c2C(=O)N(c2ccc(C(=O)N(C)C)cc2)CC3)c(C(=O)N2CCCCC2CN(C)C)c1,0 1 2 3 4 5 6 7 9 10 11 12 13 14 15 16 17 18 19 20 21 22 23 24 25 26 27 28 29 30 31 32 33 34 35 36 37 38 39 40 41,O=C(c1ccccc1-n1ncc2c1C(=O)N(c1ccccc1)CC2)N1CCCCC1,train,593.1280000000003,3.995300000000003,0.41196943266314906,42,77
subcategory_halogen-walk.F->Cl_591,Cc1[nH]c2c(C(N)=O)ccc(-c3cccc(N4Cc5ccc(F)cc5C4=O)c3C)c2c1C,0,authentic,authentic,,,O=C1c2ccccc2CN1c1cccc(-c2cccc3[nH]ccc23)c1,train,427.4790000000002,5.158560000000004,0.473727123024644,32,58
subcategory_halogen-walk.F->Cl_956,COc1c(C)cnc(CS(=O)c2nc3ccc(Cl)cc3[nH]2)c1C,1,halogen-walk,F->Cl,COc1c(C)cnc(CS(=O)c2nc3ccc(C(F)(F)F)cc3[nH]2)c1C,0 1 2 3 4 5 6 7 8 9 10 11 12 13 14 15 17 18 19 20 21 22,O=S(Cc1ccccn1)c1nc2ccccc2[nH]1,train,349.843,3.5445400000000022,0.7817790017829963,23,42
subcategory_halogen-walk.F->Cl_335,CC(CC1CCCCC1)CC(CN)C(=O)O,0,authentic,authentic,,,C1CCCCC1,train,227.34799999999998,2.6425,0.732895579313912,16,25
subcategory_halogen-walk.F->Cl_833,CC[C@H]1Nc2cc3nc(O)cc(Cl)c3cc2CC1(C)C,1,halogen-walk,F->Cl,CC[C@H]1Nc2cc3nc(O)cc(C(F)(F)F)c3cc2CC1(C)C,0 1 2 3 4 5 6 7 8 9 10 12 13 14 15 16 17 18 19,c1cnc2cc3c(cc2c1)CCCN3,train,290.79400000000004,4.366600000000003,0.8197198351038741,20,37
subcategory_halogen-walk.F->Cl_1175,O=S(=O)(Cl)CS(=O)(=O)c1cccc(C(F)(F)F)c1,1,halogen-walk,F->Cl,O=S(=O)(CS(=O)(=O)C(F)(F)F)c1cccc(C(F)(F)F)c1,1,c1ccccc1,train,322.71299999999997,2.0052000000000003,0.7982571348044459,18,39
subcategory_halogen-walk.F->Cl_1404,Cc1nc2ccccn2c(=O)c1CCN1CCC(C(=O)c2cccc(Cl)c2)CC1,1,halogen-walk,F->Cl,Cc1nc2ccccn2c(=O)c1CCN1CCC(C(=O)c2ccc(F)cc2)CC1,6,O=C(c1ccccc1)C1CCN(CCc2cnc3ccccn3c2=O)CC1,train,409.91700000000003,3.793720000000003,0.60138557904017,29,48
subcategory_halogen-walk.F->Cl_1071,CN(CCc1ccccc1)CC(O)(Cn1cncn1)c1ccccc1Cl,1,halogen-walk,F->Cl,CN(CCc1ccccc1)CC(O)(Cn1cncn1)c1ccc(F)cc1F.Cl,7,c1ccc(CCNCC(Cn2cncn2)c2ccccc2)cc1,train,370.884,2.993800000000001,0.6619332262708537,26,39
subcategory_halogen-walk.F->Cl_985,CCc1nc(-c2ccc(OS(=O)(=O)Cl)c(C#N)c2)sc1C(=O)OC,1,halogen-walk,F->Cl,CCc1nc(-c2ccc(OS(=O)(=O)C(F)(F)F)c(C#N)c2)sc1C(=O)OC,10 13,c1ccc(-c2nccs2)cc1,train,386.83800000000014,2.893180000000001,0.5739227297135855,24,46
subcategory_halogen-walk.F->Cl_1068,CO[C@@H](n1cncn1)[C@](O)(Cn1cncn1)c1ccccc1Cl,1,halogen-walk,F->Cl,CO[C@@H](n1cncn1)[C@](O)(Cn1cncn1)c1ccc(F)cc1,0 1 2 3 4 5 6 7 9 10 11 12 13 14 15 16 17 18 19 20 21,c1ccc(C(Cn2cncn2)Cn2cncn2)cc1,train,334.76700000000005,1.2559999999999991,0.7293704107726922,23,44
subcategory_halogen-walk.F->Cl_428,CCC(C)N(C[C@@H](O)[C@@H]1Cc2ccc(cc2)OCCCCCC(=O)N[C@@H](C(C)C)C(=O)N1)S(=O)(=O)c1ccc(N)cc1,0,authentic,authentic,,,O=C1CCCCCOc2ccc(cc2)C[C@@H](CCNS(=O)(=O)c2ccccc2)NC(=O)CN1,val,602.7980000000002,3.240000000000002,0.33879800906580493,42,89
subcategory_halogen-walk.F->Cl_630,C=C(c1ccccc1OC(C)c1ccc(Cl)cc1)n1ccnc1,0,authentic,authentic,,,C=C(c1ccccc1OCc1ccccc1)n1ccnc1,train,324.811,5.1955000000000044,0.6450053897678637,23,37
subcategory_halogen-walk.F->Cl_884,COc1cccc(CC(O)(C(C)=Cc2cccc(Cl)c2)C(C)CN(C)C)c1,1,halogen-walk,F->Cl,COc1cccc(CC(O)(C(C)=Cc2ccc(F)cc2)C(C)CN(C)C)c1,0 1 2 3 4 5 6 7 8 9 10 11 13 14 15 16 17 18 19 20 21 22 23 24 25 26,C(=Cc1ccccc1)CCc1ccccc1,train,387.95100000000014,4.923400000000004,0.6970687801931343,27,47
subcategory_halogen-walk.F->Cl_1386,NC(=O)CS(=O)(=O)Cc1ccccc1-c1cccc(Cl)c1,1,halogen-walk,F->Cl,NC(=O)CS(=O)(=O)Cc1ccccc1-c1ccc(F)cc1,0 1 2 3 4 5 6 7 8 9 10 11 12 14 15 16 17 18 19,c1ccc(-c2ccccc2)cc1,train,323.80100000000004,2.4071000000000007,0.9174634476050147,21,38
subcategory_halogen-walk.F->Cl_968,OC1CCN(CC(O)COc2ccccc2Cl)CC1,1,halogen-walk,F->Cl,O=C(CCc1ccc(F)cc1)c1cc(F)ccc1OCC(O)CN1CCC(O)CC1,7,O=C(CCc1ccccc1)c1ccccc1OCCCN1CCCCC1,train,285.7710000000001,1.5363999999999998,0.8615946199263945,19,28
subcategory_halogen-walk.F->Cl_297,COc1cc(C(=O)N2CO[C@](CCN3CCC4(CC3)NC(=O)Cc3ccccc34)(c3ccc(Cl)cc3)C2)cc(OC)c1OC,0,authentic,authentic,,,O=C1Cc2ccccc2C2(CCN(CC[C@@]3(c4ccccc4)CN(C(=O)c4ccccc4)CO3)CC2)N1,val,620.1460000000001,4.744900000000003,0.38946045616507163,44,78
subcategory_halogen-walk.F->Cl_51,CC(C(=O)O)c1ccc(N2Cc3ccccc3C2=O)cc1,0,authentic,authentic,,,O=C1c2ccccc2CN1c1ccccc1,train,281.311,3.0351000000000017,0.94038427563492,21,35
subcategory_halogen-walk.F->Cl_99,CCN(CC)CCOC(=O)C(C)(c1ccccc1)C1CCCCC1,0,authentic,authentic,,,c1ccc(CC2CCCCC2)cc1,test,331.5000000000002,4.409600000000004,0.6608960623073563,24,37
subcategory_halogen-walk.F->Cl_144,CN1C2C[C@H](OC(=O)C(O)(c3cccs3)c3cccs3)CC21C1=CO1,0,authentic,authentic,,,O=C(O[C@H]1CC2NC2(C2=CO2)C1)C(c1cccs1)c1cccs1,val,375.4710000000001,2.6755000000000004,0.6430886895106869,25,49
subcategory_halogen-walk.F->Cl_253,CCc1c(C=CC(O)CC(O)CC(=O)O)c(-c2ccc(F)cc2)c2c3ccccc3ccn12,0,authentic,authentic,,,c1ccc(-c2ccn3ccc4ccccc4c23)cc1,train,447.5060000000001,5.060800000000004,0.35261160995493873,33,56
subcategory_halogen-walk.F->Cl_460,O=C1c2c(-c3ccccc3)cc(N3CCC(N4CCCC4)CC3)nc2OCCCN1Cc1cc(C(F)(F)F)cc(C(F)(F)F)c1,0,authentic,authentic,,,O=C1c2c(-c3ccccc3)cc(N3CCC(N4CCCC4)CC3)nc2OCCCN1Cc1ccccc1,train,632.6490000000005,7.275700000000007,0.2770871834270044,45,77
subcategory_halogen-walk.F->Cl_1229,Clc1ccc(C(c2ccn(-c3ccccc3Cl)c2)n2ccnc2)cc1,1,halogen-walk,F->Cl,Fc1ccc(-n2ccc(C(c3ccc(Cl)cc3)n3ccnc3)c2)cc1,9 10 11 12 13 14 15 16,c1ccc(C(c2ccn(-c3ccccc3)c2)n2ccnc2)cc1,train,368.26700000000005,5.618300000000004,0.4585523667668617,25,42
subcategory_halogen-walk.F->Cl_125,CN1CC=C(c2c[nH]c3ccc([S+](C)[O-])cc23)CC1,0,authentic,authentic,,,C1=C(c2c[nH]c3ccccc23)CCNC1,train,274.38900000000007,2.624200000000001,0.8554094888594027,19,41
subcategory_halogen-walk.F->Cl_477,COc1cc(NC(=O)COc2ccc(Cl)cc2)c(Cl)cc1C(=O)N1CCN(C(c2ccccc2)c2ccccc2)CC1,0,authentic,authentic,,,O=C(COc1ccccc1)Nc1ccc(C(=O)N2CCN(C(c3ccccc3)c3ccccc3)CC2)cc1,test,604.5340000000002,6.566900000000007,0.2342681585863812,42,70
subcategory_halogen-walk.F->Cl_247,FC(F)(F)c1nnc2c(NC3CCCC3)nc3ccccc3n12,0,authentic,authentic,,,c1ccc2c(c1)nc(NC1CCCC1)c1nncn12,val,321.30600000000004,3.650800000000002,0.7826054755825139,23,37
subcategory_halogen-walk.F->Cl_1189,Cc1cc(Cl)cc(COCC2(CCN(C)C)OCc3cc(C#N)ccc32)c1,1,halogen-walk,F->Cl,Cc1cc(COCC2(CCN(C)C)OCc3cc(C#N)ccc32)cc(C(F)(F)F)c1,1,c1ccc(COCC2OCc3ccccc32)cc1,train,384.90700000000015,4.414100000000004,0.7086846340605855,27,45
subcategory_halogen-walk.F->Cl_108,CCN1CCCC1CNC(=O)c1cc2c(=O)n(C)c3ccccc3c2n1C,0,authentic,authentic,,,O=C(NCC1CCCN1)c1cc2c(=O)[nH]c3ccccc3c2[nH]1,val,366.4650000000001,2.2443,0.7704222571561227,27,43
subcategory_halogen-walk.F->Cl_575,CCCOc1cc(N)c(Cl)cc1C(=O)CCCCN1CCCCC1,0,authentic,authentic,,,O=C(CCCCN1CCCCC1)c1ccccc1,train,352.9060000000002,4.549900000000004,0.4021554903880489,24,36
subcategory_halogen-walk.F->Cl_527,CCOC(=O)[C@H](CCc1ccccc1)NC(C)C(=O)N1CCC2(CCCO2)[C@H]1C(=O)O,0,authentic,authentic,,,O=C(CNCCCc1ccccc1)N1CCC2(CCCO2)C1,train,432.5170000000004,1.7637000000000003,0.5730537068165225,31,60
subcategory_halogen-walk.F->Cl_379,CN1CCC23c4c5ccc(O)c4O[C@H]2[C@@H](OC2OC(CO)[C@H](O)C(O)C2O)C=C[C@H]3[C@H]1C5,0,authentic,authentic,,,C1=C[C@H]2[C@H]3Cc4cccc5c4C2(CCN3)[C@@H](O5)[C@H]1OC1CCCCO1,train,447.4840000000001,-0.9777,0.37114060179516295,32,76
subcategory_halogen-walk.F->Cl_1587,Cc1c(-c2cccc(Cl)c2)c(CC[C@@H](O)C[C@@H](O)CC(=O)[O-])c(C(C)C)n1-c1ccccc1,1,halogen-walk,F->Cl,Cc1c(-c2ccc(F)cc2)c(CC[C@@H](O)C[C@@H](O)CC(=O)[O-])c(C(C)C)n1-c1ccccc1,6,c1ccc(-c2ccn(-c3ccccc3)c2)cc1,train,469.0010000000002,4.414020000000004,0.4610582516136077,33,72
subcategory_halogen-walk.F->Cl_133,CC(C)CN(C)[C@H](CNC(=O)c1ccc(Cl)s1)C(=O)Nc1ccc(N2CCOCC2=O)c(F)c1,0,authentic,authentic,,,O=C(CCNC(=O)c1cccs1)Nc1ccc(N2CCOCC2=O)cc1,train,511.0190000000003,3.2287000000000017,0.5402702854670912,34,64
subcategory_halogen-walk.F->Cl_1213,CSC(F)(F)C(O)(Cn1cncn1)c1cccc(Cl)c1,1,halogen-walk,F->Cl,CSC(F)(F)C(O)(Cn1cncn1)c1ccc(F)cc1,0 1 2 3 4 6 7 8 9 10 11 12 13 14 15 16 17 18,c1ccc(CCn2cncn2)cc1,train,319.764,2.775100000000001,0.9204395261306286,20,35
subcategory_halogen-walk.F->Cl_998,OC1=C2C(=Nc3ccnn3C2c2cccc(Cl)c2)CCC1,1,halogen-walk,F->Cl,OC1=C2C(=Nc3ccnn3C2c2ccc(F)cc2)CCC1,6,C1=C2C(=Nc3ccnn3C2c2ccccc2)CCC1,train,299.76100000000014,4.208000000000002,0.857335783208332,21,36
subcategory_halogen-walk.F->Cl_1113,C=C(N)NC(=O)C[C@@H](O)C[C@@H](O)/C=C/c1c(-c2cccc(Cl)c2)c2ccccc2n1C(C)C,1,halogen-walk,F->Cl,C=C(N)NC(=O)C[C@@H](O)C[C@@H](O)/C=C/c1c(-c2ccc(F)cc2)c2ccccc2n1C(C)C,0 1 2 3 4 5 6 7 8 9 10 11 12 13 14 16 17 18 19 20 21 22 23 24 25 26 27 28 29 30 31 32,c1ccc(-c2c[nH]c3ccccc23)cc1,train,467.9970000000001,4.603900000000004,0.36904367549099215,33,70
subcategory_halogen-walk.F->Cl_1181,COCC1=C(C(=O)OC)C(c2ccccc2Cl)N(C(=O)N2CCC(N3CCC(C(=O)OC)(c4ccccc4)CC3)CC2)C(=O)N1,1,halogen-walk,F->Cl,COCC1=C(C(=O)OC)C(c2ccc(F)c(F)c2)N(C(=O)N2CCC(N3CCC(C(=O)OC)(c4ccccc4)CC3)CC2)C(=O)N1,9 10 11 12 13 14 15 16,O=C1NC=CC(c2ccccc2)N1C(=O)N1CCC(N2CCC(c3ccccc3)CC2)CC1,test,639.1490000000001,4.2710000000000035,0.44710342393079977,45,81
subcategory_halogen-walk.F->Cl_1096,O=C1c2[nH]nnc2N(Cc2ccccc2Cl)C2=NCCN12,1,halogen-walk,F->Cl,O=C1c2[nH]nnc2N(Cc2ccc(F)cc2)C2=NCCN12,0 1 2 3 4 5 6 7 9 10 11 12 13 14 15 16 17 18 19 20,O=C1c2[nH]nnc2N(Cc2ccccc2)C2=NCCN12,train,302.72500000000014,1.2900999999999998,0.9065743719146938,21,37
subcategory_halogen-walk.F->Cl_1136,O=C1CC(c2ccc(O)cc2)N1CCC(O)(c1ccc(F)cc1)c1ccccc1Cl,1,halogen-walk,F->Cl,O=C1CC(c2ccc(O)cc2)N1CCC(O)(c1ccc(F)cc1)c1ccc(F)cc1,7,O=C1CC(c2ccccc2)N1CCC(c1ccccc1)c1ccccc1,train,425.88700000000006,4.784300000000003,0.5583503503457387,30,50
subcategory_halogen-walk.F->Cl_326,Cl.O=C(O)COCCN1CCC(=C(c2ccccc2)c2ccccc2Cl)CC1,0,authentic,authentic,,,c1ccc(C(=C2CCNCC2)c2ccccc2)cc1,train,422.3520000000001,4.760700000000005,0.6540701782196658,28,45
subcategory_halogen-walk.F->Cl_735,CC.CC1=C(C(=O)Nc2ncc(C)s2)N(C)S(=O)(=O)c2ccccc21,0,authentic,authentic,,,O=C(Nc1nccs1)C1=Cc2ccccc2S(=O)(=O)N1,train,379.5070000000001,3.4815200000000024,0.86625062221761,25,48
subcategory_halogen-walk.F->Cl_882,CC(C)n1c(C=C[C@@H](O)C[C@H](O)CC(=O)OC(C)(C)C)c(-c2cccc(Cl)c2)c2ccccc21,1,halogen-walk,F->Cl,CC(C)n1c(C=C[C@@H](O)C[C@H](O)CC(=O)OC(C)(C)C)c(-c2ccc(F)cc2)c2ccccc21,20 21 22 23 24 25 26 27,c1ccc(-c2c[nH]c3ccccc23)cc1,train,484.0360000000002,6.399500000000007,0.3634860445741986,34,71
subcategory_halogen-walk.F->Cl_320,CC(C)CN(C)[C@@H](CNC(=O)c1ccc(Cl)s1)C(=O)Nc1ccc(N2CCOCC2=O)cc1F,0,authentic,authentic,,,O=C(CCNC(=O)c1cccs1)Nc1ccc(N2CCOCC2=O)cc1,train,511.0190000000003,3.2287000000000017,0.5402702854670912,34,63
subcategory_halogen-walk.F->Cl_1579,OC(CN1CCN(CCc2ccccc2)CC1)(Cn1cncn1)c1cccc(Cl)c1,1,halogen-walk,F->Cl,OC(CN1CCN(CCc2ccccc2)CC1)(Cn1cncn1)c1ccc(F)cc1F,0 2 3 4 5 6 7 8 9 10 11 12 13 14 15 16 17 18 19 20 21 22 23 24 25 26 27 28,c1ccc(CCN2CCN(CC(Cn3cncn3)c3ccccc3)CC2)cc1,train,425.96400000000006,2.6795999999999998,0.6009583725430264,30,47
subcategory_halogen-walk.F->Cl_621,CCOC(=O)c1sc(-c2ccc3c(c2)CC(C)(C)O3)nc1C,0,authentic,authentic,,,c1csc(-c2ccc3c(c2)CCO3)n1,train,317.4100000000001,4.008720000000003,0.8026205729030464,22,40
subcategory_halogen-walk.F->Cl_348,CCOc1ccccc1C(=O)NC(NCCc1ccccc1)(C(F)(F)F)C(F)(F)F,0,authentic,authentic,,,O=C(NCNCCc1ccccc1)c1ccccc1,val,434.37999999999994,4.468300000000003,0.47636479906604773,30,49
subcategory_halogen-walk.F->Cl_417,CCNCc1c(F)cccc1Oc1ccc2c(c1)OCO2,0,authentic,authentic,,,c1ccc(Oc2ccc3c(c2)OCO3)cc1,train,289.30600000000004,3.4562000000000017,0.9147706085870833,21,31
subcategory_halogen-walk.F->Cl_1371,OC(c1cccc(Cl)c1)C(O)(Cn1cncn1)c1ccc(F)cc1,1,halogen-walk,F->Cl,OC(c1ccc(F)cc1)C(O)(Cn1cncn1)c1ccc(F)cc1,6,c1ccc(CC(Cn2cncn2)c2ccccc2)cc1,train,347.77700000000004,2.692,0.7441089568640767,24,41
subcategory_halogen-walk.F->Cl_991,N[C@H](C(=O)N1CC[C@H](F)C1)[C@H]1CC[C@H](NC(=O)c2cccc(Cl)c2)CC1,1,halogen-walk,F->Cl,N[C@H](C(=O)N1CC[C@H](F)C1)[C@H]1CC[C@H](NC(=O)c2ccc(F)c(F)c2)CC1,0 1 2 3 4 5 6 7 8 9 10 11 12 13 14 16 17 18 19 20 21 22 23 24 25,O=C(N[C@H]1CC[C@H](CC(=O)N2CCCC2)CC1)c1ccccc1,train,381.87900000000013,2.526300000000001,0.8410364995847758,26,63
subcategory_halogen-walk.F->Cl_851,CC(NCc1ccccc1OCc1cccc(Cl)c1)c1ccccc1,1,halogen-walk,F->Cl,CC(NCc1ccccc1OCc1ccc(F)cc1)c1ccccc1,0 1 2 3 4 5 6 7 8 9 10 12 13 14 15 16 17 18 19 20 21 22 23 24,c1ccc(CNCc2ccccc2OCc2ccccc2)cc1,train,351.877,5.769800000000005,0.5830580442646305,25,36
subcategory_halogen-walk.F->Cl_1418,CN1CCC(COCc2cc(-c3ccccc3)cc(Cl)c2C#N)(c2ccc(F)c(F)c2)CC1,1,halogen-walk,F->Cl,CN1CCC(COCc2cc(-c3ccccc3)cc(C(F)(F)F)c2C#N)(c2ccc(F)c(F)c2)CC1,1,c1ccc(-c2cccc(COCC3(c4ccccc4)CCNCC3)c2)cc1,train,466.95900000000023,6.337080000000006,0.4251544359100144,33,56
subcategory_halogen-walk.F->Cl_323,C=CCCC.O=C1Nc2ccc(Cl)cc2[C@@H](C(F)(F)F)O1,0,authentic,authentic,,,O=C1Nc2ccccc2CO1,train,321.726,5.478000000000003,0.7325605910988322,21,42
subcategory_halogen-walk.F->Cl_122,CCOC(=O)CN1C(=O)[C@H](O)[C@H](c2ccc(OC)cc2)Sc2ccccc21,0,authentic,authentic,,,O=C1C[C@H](c2ccccc2)Sc2ccccc2N1,train,387.4570000000001,2.799200000000001,0.7954022981996843,27,53
subcategory_halogen-walk.F->Cl_149,CC(N)C(=O)NC1CCN(C(C)C(N)=O)C1=O,0,authentic,authentic,,,O=C1CCCN1,train,242.27899999999997,-2.0754999999999963,0.5241108200832508,17,32
subcategory_halogen-walk.F->Cl_928,CN(CC(O)(Cn1cncn1)c1cccc(Cl)c1)C1CCN(Cc2ccccc2)CC1,1,halogen-walk,F->Cl,CN(CC(O)(Cn1cncn1)c1ccc(F)cc1F)C1CCN(Cc2ccccc2)CC1,6,c1ccc(CN2CCC(NCC(Cn3cncn3)c3ccccc3)CC2)cc1,train,439.99100000000027,3.415700000000002,0.58246596186191,31,50
subcategory_halogen-walk.F->Cl_609,O=C(NC[C@H](O)CNc1ccc(N2CCC(F)(F)CC2=O)cc1)c1ccc(Cl)s1,0,authentic,authentic,,,O=C(NCCCNc1ccc(N2CCCCC2=O)cc1)c1cccs1,test,443.90300000000013,3.3664000000000014,0.6125253646429726,29,54
subcategory_halogen-walk.F->Cl_1159,O=C(NCC1CCN(CC(=O)N2CCC[C@@H]2C(F)(F)F)CC1)c1ccccc1Cl,1,halogen-walk,F->Cl,COc1cc(F)cc(C(=O)NCC2CCN(CC(=O)N3CCC[C@@H]3C(F)(F)F)CC2)c1,0 2 3 4 5 6 7 8 9 10 11 12 13 14 15 16 17 18 19 20 21 22 23 24 25 26 27,O=C(NCC1CCN(CC(=O)N2CCCC2)CC1)c1ccccc1,train,431.8860000000001,3.3351000000000015,0.7776431930161657,29,53
subcategory_halogen-walk.F->Cl_501,C[C@@H](Cc1cccc(COCC(F)(F)c2ccccc2)c1)NC[C@H](O)c1ccc(O)c(CO)c1,0,authentic,authentic,,,c1ccc(CCNCCc2cccc(COCCc3ccccc3)c2)cc1,train,471.54400000000015,4.447300000000006,0.31390949756801684,34,63
subcategory_halogen-walk.F->Cl_989,COc1ccc(-n2nc(Cl)c3c2C(=O)N(c2ccc(C4(C(=O)N5CCCC5)CC4)cc2)CC3)cc1,1,halogen-walk,F->Cl,COc1ccc(-n2nc(C(F)(F)F)c3c2C(=O)N(c2ccc(C4(C(=O)N5CCCC5)CC4)cc2)CC3)cc1,0 1 2 3 4 5 6 7 9 10 11 12 13 14 15 16 17 18 19 20 21 22 23 24 25 26 27 28 29 30 31 32 33 34,O=C1c2c(cnn2-c2ccccc2)CCN1c1ccc(C2(C(=O)N3CCCC3)CC2)cc1,val,490.99100000000044,4.391200000000004,0.5316396666557007,35,65
subcategory_halogen-walk.F->Cl_618,CCNCC1CCN(c2c(F)cc3c(=O)c(C(=O)O)cn4c3c2OCC4C)C1,0,authentic,authentic,,,O=c1ccn2c3c(c(N4CCCC4)ccc13)OCC2,val,389.42700000000013,2.2279999999999998,0.8160102767546483,28,48
subcategory_halogen-walk.F->Cl_593,CCCC1(c2ccccc2)NC(=O)N(CC(N)=O)C1=O,0,authentic,authentic,,,O=C1NC(=O)C(c2ccccc2)N1,train,275.308,0.7191000000000001,0.7753586920065575,20,35
subcategory_halogen-walk.F->Cl_1019,CCn1ccc2c(cc(C(=O)Nc3ccccc3Cl)n2C)c1=O,1,halogen-walk,F->Cl,CCn1ccc2c(cc(C(=O)Nc3ccc(F)cc3C)n2C)c1=O,0 1 2 3 4 5 6 7 8 9 10 12 13 14 15 16 17 18 19 20 21 22,O=C(Nc1ccccc1)c1cc2c(=O)[nH]ccc2[nH]1,train,329.7870000000001,3.265600000000001,0.8014765824829739,23,38
subcategory_halogen-walk.F->Cl_62,COc1cc(N)c(Cl)cc1C(=O)CCC1CCN(CC2CCNCC2)CC1,0,authentic,authentic,,,O=C(CCC1CCN(CC2CCNCC2)CC1)c1ccccc1,train,393.95900000000023,3.6053000000000024,0.5467996086856027,27,43
subcategory_halogen-walk.F->Cl_1255,O=C1CC(NC(=O)c2cc(Cl)ccc2Oc2ccc(OC(F)(F)F)cc2)CCN1,1,halogen-walk,F->Cl,O=C1CC(NC(=O)c2cc(C(F)(F)F)ccc2Oc2ccc(OC(F)(F)F)cc2)CCN1,9 10,O=C1CC(NC(=O)c2ccccc2Oc2ccccc2)CCN1,train,428.7940000000001,4.0393000000000026,0.753262094175828,29,50
subcategory_halogen-walk.F->Cl_431,Br.Br.C[N+]1(C)[C@@H]2CC(OC(=O)C(O)(c3cccs3)c3cccs3)C[C@H]1[C@@H]1O[C@@H]12.I,0,authentic,authentic,,,O=C(OC1C[C@@H]2[NH2+][C@H](C1)[C@H]1O[C@H]12)C(c1cccs1)c1cccs1,train,682.2580000000003,4.119500000000004,0.22857084625964014,29,77
subcategory_halogen-walk.F->Cl_542,O=C(c1ccc(F)c(OCCC2CCCCC2)c1)N1CCNCC1,0,authentic,authentic,,,O=C(c1cccc(OCCC2CCCCC2)c1)N1CCNCC1,train,334.43500000000006,3.220300000000001,0.8988368026576607,24,37
subcategory_halogen-walk.F->Cl_93,CCSc1nc(-c2ccccc2)c(-c2ccccc2)[nH]1,0,authentic,authentic,,,c1ccc(-c2nc[nH]c2-c2ccccc2)cc1,train,280.396,4.855700000000003,0.6916013041498165,20,35
subcategory_halogen-walk.F->Cl_1419,CCC1CCCCN1C(=O)c1cc(OC)ccc1-n1nc(Cl)c2c1C(=O)N(c1ccc(C(=O)N(C)C)cc1)CC2,1,halogen-walk,F->Cl,CCC1CCCCN1C(=O)c1cc(OC)ccc1-n1nc(C(F)(F)F)c2c1C(=O)N(c1ccc(C(=O)N(C)C)cc1)CC2,1,O=C(c1ccccc1-n1ncc2c1C(=O)N(c1ccccc1)CC2)N1CCCCC1,train,564.0860000000001,4.843700000000005,0.4279759653110167,40,71
subcategory_halogen-walk.F->Cl_58,COc1cc2c(c3c1CC1(CCCCC1)O3)C(=O)OC2,0,authentic,authentic,,,O=C1OCc2ccc3c(c21)OC1(CCCCC1)C3,test,274.316,3.003400000000002,0.7384247972089997,20,35
subcategory_halogen-walk.F->Cl_1470,OC(Cn1cncn1)(c1ccc(Cl)cc1)C1(n2cncn2)CC1,1,halogen-walk,F->Cl,OC(Cn1cncn1)(c1ccc(C(F)(F)F)cc1)C1(n2cncn2)CC1,1,c1ccc(C(Cn2cncn2)C2(n3cncn3)CC2)cc1,val,330.7790000000001,1.6000999999999999,0.7681134880600315,23,40
subcategory_halogen-walk.F->Cl_691,C/C=C/C(=O)Oc1c(OC)cc2c(c1OC)-c1ccc(OC)c(=O)cc1[C@@H](NC(C)=O)CC2,0,authentic,authentic,,,O=c1cccc2c(c1)CCCc1ccccc1-2,train,453.49100000000027,3.344500000000002,0.40673020362178686,33,65
subcategory_halogen-walk.F->Cl_350,CCCc1nc(CN2CCC(c3ccccc3)CC2)c(C(=O)O)n1Cc1ccc(-c2ccccc2-c2nn[nH]n2)cc1,0,authentic,authentic,,,c1ccc(C2CCN(Cc3cn(Cc4ccc(-c5ccccc5-c5nn[nH]n5)cc4)cn3)CC2)cc1,train,561.6900000000003,5.808800000000005,0.22127698659698888,42,70
subcategory_halogen-walk.F->Cl_1369,COc1ccnc(CSc2nc3c(C)ccc(OCl)c3[nH]2)c1C,1,halogen-walk,F->Cl,COc1ccnc(CSc2nc3c(C)ccc(OC(F)F)c3[nH]2)c1C,1,c1ccc(CSc2nc3ccccc3[nH]2)nc1,train,349.843,4.408240000000003,0.6912677250343625,23,39
subcategory_halogen-walk.F->Cl_345,OCc1cc(C(O)CNCCc2cccc(COCc3ccc(F)cc3)c2)ccc1O,0,authentic,authentic,,,c1ccc(CCNCCc2cccc(COCc3ccccc3)c2)cc1,train,425.5000000000001,3.6061000000000036,0.35305143558624147,31,45
subcategory_halogen-walk.F->Cl_1446,N#Cc1cccc(C2C(CCC(O)c3cccc(Cl)c3)C(=O)N2c2ccc(F)cc2)c1,1,halogen-walk,F->Cl,N#Cc1cccc(C2C(CCC(O)c3ccc(F)cc3)C(=O)N2c2ccc(F)cc2)c1,6,O=C1C(CCCc2ccccc2)C(c2ccccc2)N1c1ccccc1,train,434.8980000000001,5.568680000000005,0.515714961187466,31,54
subcategory_halogen-walk.F->Cl_1399,C[C@@H](c1ccccc1)N1CC[C@@H](c2cccc(Cl)c2)[C@H](COc2ccc3c(c2)OCO3)C1,1,halogen-walk,F->Cl,C[C@@H](c1ccccc1)N1CC[C@@H](c2ccc(F)cc2)[C@H](COc2ccc3c(c2)OCO3)C1,6,c1ccc(CN2CC[C@@H](c3ccccc3)[C@H](COc3ccc4c(c3)OCO4)C2)cc1,train,449.97800000000024,6.3144000000000045,0.4406005069381218,32,67
subcategory_halogen-walk.F->Cl_1494,COc1cc2c(c(OC)c1OC)-c1ccc(SC)c(=O)cc1[C@@H](NC(=O)CNC(=O)Cl)CC2,1,halogen-walk,F->Cl,COc1cc2c(c(OC)c1OC)-c1ccc(SC)c(=O)cc1[C@@H](NC(=O)CNC(=O)C(F)(F)F)CC2,28 30,O=c1cccc2c(c1)CCCc1ccccc1-2,train,492.98100000000034,3.5134000000000016,0.3460800729079195,33,63
subcategory_halogen-walk.F->Cl_1081,Clc1cccc([C@@H]2CC[NH2+]C[C@H]2COc2ccc3c(c2)OCO3)c1,1,halogen-walk,F->Cl,CS(=O)(=O)[O-].Fc1ccc([C@@H]2CC[NH2+]C[C@H]2COc2ccc3c(c2)OCO3)cc1,6,c1ccc([C@@H]2CC[NH2+]C[C@H]2COc2ccc3c(c2)OCO3)cc1,train,346.83400000000006,2.8146000000000013,0.9254805683441036,24,51
subcategory_halogen-walk.F->Cl_1162,CC(c1ccc(-c2cccc(Cl)c2)cc1)n1cnnc1,1,halogen-walk,F->Cl,CC(c1ccc(-c2ccc(F)cc2)cc1)n1cnnc1,6,c1ccc(-c2ccc(Cn3cnnc3)cc2)cc1,train,283.762,4.207800000000003,0.7208329045875324,20,34
subcategory_halogen-walk.F->Cl_402,O=C(O)COc1ccc(C(=O)c2cccs2)c(Cl)c1Cl,0,authentic,authentic,,,O=C(c1ccccc1)c1cccs1,train,331.17600000000004,3.7493000000000016,0.8477638711526184,20,36
subcategory_halogen-walk.F->Cl_513,CN1CCN(C2=Nc3cc(Cl)ccc3Nc3ccccc32)CC1.Cl,0,authentic,authentic,,,c1ccc2c(c1)N=C(N1CCNCC1)c1ccccc1N2,train,363.2920000000001,4.144500000000003,0.7631643696895289,24,40
subcategory_halogen-walk.F->Cl_1182,O=C(CNC(=O)c1c[nH]c2ccccc12)Nc1ccccc1Cl,1,halogen-walk,F->Cl,Cc1ccc(NC(=O)CNC(=O)c2c[nH]c3ccccc23)cc1F,7,O=C(CNC(=O)c1c[nH]c2ccccc12)Nc1ccccc1,train,327.7710000000001,3.189800000000001,0.6881676084390119,23,39
subcategory_halogen-walk.F->Cl_1425,O=C(NCc1cc(Cl)cc(C(F)(F)F)c1)C(CCN1CCC2(C=Cc3ccccc32)CC1)NS(=O)(=O)C(F)(F)F,1,halogen-walk,F->Cl,O=C(NCc1cc(C(F)(F)F)cc(C(F)(F)F)c1)C(CCN1CCC2(C=Cc3ccccc32)CC1)NS(=O)(=O)C(F)(F)F,6 7,O=C(CCCN1CCC2(C=Cc3ccccc32)CC1)NCc1ccccc1,train,610.0200000000004,5.233500000000005,0.4018793916521514,40,75
subcategory_halogen-walk.F->Cl_708,COc1cccc2c1OC1C(O)CCC3CN(CC4CC4)CCC231,0,authentic,authentic,,,c1ccc2c(c1)OC1CCCC3CN(CC4CC4)CCC231,test,329.44000000000017,2.5806000000000004,0.9254321735119118,24,38
subcategory_halogen-walk.F->Cl_461,COc1ccc2c(c1)c(CCC(=O)O)c(C)n2C(=O)c1ccc(-c2ccccc2)cc1,0,authentic,authentic,,,O=C(c1ccc(-c2ccccc2)cc1)n1ccc2ccccc21,train,413.47300000000007,5.331020000000004,0.4638050948561555,31,54
subcategory_halogen-walk.F->Cl_660,CCC#CC1(C(F)(F)F)OC(=O)Nc2cccc(F)c21,0,authentic,authentic,,,O=C1Nc2ccccc2CO1,train,287.21200000000005,3.5588000000000015,0.5850234558614212,20,36
subcategory_halogen-walk.F->Cl_1340,CSc1nc(-c2ccc(F)cc2)c(-c2ccc(Cl)cc2)[nH]1,1,halogen-walk,F->Cl,CSc1nc(-c2ccc(F)cc2)c(-c2ccc(C(F)(F)F)cc2)[nH]1,0 1 2 3 4 5 6 7 8 9 10 11 12 13 14 15 17 18 19,c1ccc(-c2nc[nH]c2-c2ccccc2)cc1,train,318.804,5.258100000000002,0.6673650269924848,21,41
subcategory_halogen-walk.F->Cl_337,O=C(O)c1cn(C2CC2)c2cc(N3CCN(c4nnc(S(=O)(=O)Cc5ccc([N+](=O)[O-])cc5)s4)CC3)c(F)cc2c1=O,0,authentic,authentic,,,O=c1ccn(C2CC2)c2cc(N3CCN(c4nnc(S(=O)(=O)Cc5ccccc5)s4)CC3)ccc12,val,614.6370000000001,3.233900000000002,0.22839859825356207,42,85
subcategory_halogen-walk.F->Cl_622,O=C(N[C@H](CNC(=O)c1ccc(Cl)s1)C(=O)Nc1ccc(N2CCOCC2=O)cc1F)OCCO,0,authentic,authentic,,,O=C(CCNC(=O)c1cccs1)Nc1ccc(N2CCOCC2=O)cc1,train,528.9460000000005,1.3593999999999997,0.38411545826884025,35,62
subcategory_halogen-walk.F->Cl_1518,CCCN(Cc1ccccc1)CC(O)(Cn1cncn1)c1ccccc1Cl,1,halogen-walk,F->Cl,CCCN(Cc1ccccc1)CC(O)(Cn1cncn1)c1ccc(F)cc1F,7,c1ccc(CNCC(Cn2cncn2)c2ccccc2)cc1,train,384.91100000000006,3.731500000000003,0.6103445381140725,27,40
subcategory_halogen-walk.F->Cl_1061,[2H]C1([2H])Oc2ccc(OC[C@@H]3CN(C)CC[C@H]3c3cccc(Cl)c3)cc2O1,1,halogen-walk,F->Cl,[2H]C1([2H])Oc2ccc(OC[C@@H]3CN(C)CC[C@H]3c3ccc(F)cc3)cc2O1,6,c1ccc([C@@H]2CCNC[C@H]2COc2ccc3c(c2)OCO3)cc1,train,361.86520355600004,4.183000000000003,0.816896526458907,25,59
subcategory_halogen-walk.F->Cl_1197,Cc1nc(-c2ccc(S(C)(=O)=O)cc2)c(-c2cccc(Cl)c2)s1,1,halogen-walk,F->Cl,Cc1nc(-c2ccc(S(C)(=O)=O)cc2)c(-c2ccc(F)cc2)s1,6,c1ccc(-c2ncsc2-c2ccccc2)cc1,train,363.89099999999996,4.842420000000002,0.6683137914649542,23,46
subcategory_halogen-walk.F->Cl_113,NS(=O)(=O)c1ccc(CCNC(=O)c2cncn2-c2ccccc2)cc1,0,authentic,authentic,,,O=C(NCCc1ccccc1)c1cncn1-c1ccccc1,train,370.434,1.4921999999999993,0.6853271526804128,26,44
subcategory_halogen-walk.F->Cl_1413,CC(C)NC(=O)N[C@@H](CNC(=O)c1ccc(Cl)s1)C(=O)Nc1ccccc1Cl,1,halogen-walk,F->Cl,CC(C)NC(=O)N[C@@H](CNC(=O)c1ccc(Cl)s1)C(=O)Nc1ccc(N2CCOCC2=O)c(F)c1,7,O=C(CCNC(=O)c1cccs1)Nc1ccc(N2CCOCC2=O)cc1,train,443.3560000000001,3.499600000000002,0.5272408194130713,28,54
subcategory_halogen-walk.F->Cl_886,CC1CCCCN1CCCN1CC[C@H](c2ccccc2Cl)[C@@H](COc2ccc3c(c2)OCO3)C1,1,halogen-walk,F->Cl,CC1CCCCN1CCCN1CC[C@H](c2ccc(F)cc2)[C@@H](COc2ccc3c(c2)OCO3)C1.Cl.Cl,0 1 2 3 4 5 6 7 8 9 10 11 12 14 15 16 17 18 19 20 21 22 23 24 25 26 27 28 29 30 31 32 33,c1ccc([C@H]2CCN(CCCN3CCCCC3)C[C@@H]2COc2ccc3c(c2)OCO3)cc1,val,485.06800000000027,5.8177000000000065,0.4714282354972703,34,60
subcategory_halogen-walk.F->Cl_1410,O=C(O)CC(O)CC(O)C=Cc1c(C2CC2)nc2ccccc2c1-c1ccccc1Cl,1,halogen-walk,F->Cl,O=C(O)CC(O)CC(O)C=Cc1c(C2CC2)nc2ccccc2c1-c1ccc(F)cc1,0 1 2 3 4 5 6 7 8 9 10 11 12 13 14 15 16 17 18 19 20 21 22 24 25 26 27 28 29,c1ccc(-c2cc(C3CC3)nc3ccccc23)cc1,train,437.9230000000001,5.0324000000000035,0.45931285351046697,31,51
subcategory_halogen-walk.F->Cl_372,Cc1oc2cc(OCC(O)CNC(C)C)ccc2c(=O)c1-c1ccccc1,0,authentic,authentic,,,O=c1c(-c2ccccc2)coc2ccccc12,train,367.4450000000001,3.506120000000002,0.6686476663994352,27,43
subcategory_halogen-walk.F->Cl_262,C[C@]12[C@H](O)C[C@H]3[C@@H](CC[C@H]4C[C@H](O)CC[C@@]43CO)[C@@]1(O)CC[C@@H]2C1=CC(=O)OC1,0,authentic,authentic,,,O=C1C=C([C@H]2CCC3C2CC[C@@H]2C4CCCC[C@@H]4CC[C@@H]32)CO1,test,406.51900000000023,1.5474999999999999,0.5185244761282455,29,88
subcategory_halogen-walk.F->Cl_705,CCN(CC)CCOc1ccc(C(=O)c2c(-c3ccc(OC)cc3)oc3cc(OC)ccc23)cc1,0,authentic,authentic,,,O=C(c1ccccc1)c1c(-c2ccccc2)oc2ccccc12,train,473.56900000000024,6.068600000000006,0.24653196625885962,35,57
subcategory_halogen-walk.F->Cl_1059,Clc1ccc(Oc2ccc(OC[C@H]3CCCCN3)cc2)cc1,1,halogen-walk,F->Cl,FC(F)(F)c1ccc(Oc2ccc(OC[C@H]3CCCCN3)cc2)cc1,0 2 3 4 5 6 7 8 9 10 11 12 13 14 15 16 17 18 19 20,c1ccc(Oc2ccc(OC[C@H]3CCCCN3)cc2)cc1,train,317.8159999999999,4.6532000000000036,0.8701387981296856,22,37
subcategory_halogen-walk.F->Cl_954,Cc1cc(Cl)cc(COCC2(CCN)OCc3cc(C#N)ccc32)c1,1,halogen-walk,F->Cl,Cc1cc(COCC2(CCN)OCc3cc(C#N)ccc32)cc(C(F)(F)F)c1,0 1 2 4 5 6 7 8 9 10 11 12 13 14 15 16 17 18 19 20 21 22 23,c1ccc(COCC2OCc3ccccc32)cc1,train,356.853,3.811200000000002,0.8540375787784258,25,41
subcategory_halogen-walk.F->Cl_1143,COc1ccc(Oc2cc(Cl)ccc2C(=O)NC2CCNC(=O)C2)cc1F,1,halogen-walk,F->Cl,COc1ccc(Oc2cc(C(F)(F)F)ccc2C(=O)NC2CCNC(=O)C2)cc1F,1,O=C1CC(NC(=O)c2ccccc2Oc2ccccc2)CCN1,train,392.8140000000002,3.288400000000002,0.8182263205276832,27,44
subcategory_halogen-walk.F->Cl_1082,Clc1ccccc1OC1CCNCC1,1,halogen-walk,F->Cl,FC(F)(F)c1ccccc1OC1CCNCC1,0 2 3 4 5 6 7 8 9 10 11 12 13,c1ccc(OC2CCNCC2)cc1,train,211.69199999999995,2.4708000000000006,0.8117637715218802,14,19
subcategory_halogen-walk.F->Cl_649,CC(C)(C)OC(=O)N1CCCC(CC(=O)N2CCC(c3noc4cc(F)ccc34)CC2)C1,0,authentic,authentic,,,O=C(CC1CCCNC1)N1CCC(c2noc3ccccc23)CC1,train,445.5350000000002,4.710100000000005,0.6839269877238404,32,56
subcategory_halogen-walk.F->Cl_256,COc1ccc(S(=O)(=O)c2ccc([C@H](C)N3CCN(C4CCN(C(=O)c5ccccc5C)CC4)C[C@H]3C)cc2)c(OC)c1,0,authentic,authentic,,,O=C(c1ccccc1)N1CCC(N2CCN(Cc3ccc(S(=O)(=O)c4ccccc4)cc3)CC2)CC1,train,605.8010000000004,5.216920000000005,0.3486061864990908,43,82
subcategory_halogen-walk.F->Cl_1115,O=C(c1cc(COc2cccc(Cl)c2)ccc1F)N1CCNCC1,1,halogen-walk,F->Cl,NC(=O)c1cc(F)cc(F)c1OCc1ccc(F)c(C(=O)N2CCNCC2)c1,6 7 8 9 10 11 12 13,O=C(c1cccc(COc2ccccc2)c1)N1CCNCC1,val,348.8050000000002,3.1035000000000013,0.9227624418950108,24,38
subcategory_halogen-walk.F->Cl_838,CC(=O)c1cccc(OC[C@@H](O)C[NH2+]Cc2cccc(Cl)c2)c1,1,halogen-walk,F->Cl,CC(=O)c1cccc(OC[C@@H](O)C[NH2+]Cc2cccc(C(F)(F)F)c2)c1,0 1 2 3 4 5 6 7 8 9 10 11 12 13 14 15 16 17 18 20 21 22,c1ccc(C[NH2+]CCCOc2ccccc2)cc1,train,334.823,2.0458999999999996,0.7261984078843289,23,47
subcategory_halogen-walk.F->Cl_1362,COc1ccnc(CS(=O)c2nc3cc(OCF)c(OCl)cc3[nH]2)c1OC,1,halogen-walk,F->Cl,COc1ccnc(CS(=O)c2nc3cc4c(cc3[nH]2)OC(F)(F)C(F)O4)c1OC,0 1 2 3 4 5 6 7 8 9 10 11 12 13 14 15 16 17 18 20 21 22 23 24 25 26,O=S(Cc1ccccn1)c1nc2cc3c(cc2[nH]1)OCCO3,train,415.8300000000001,3.1213000000000006,0.6034039497686079,27,46
subcategory_halogen-walk.F->Cl_1076,O=C1C(CCC(O)c2ccc(F)cc2)C(c2ccc(-c3ccccc3)cc2)N1c1cccc(Cl)c1,1,halogen-walk,F->Cl,O=C1C(CCC(O)c2ccc(F)cc2)C(c2ccc(-c3ccccc3)cc2)N1c1ccc(F)cc1,6,O=C1C(CCCc2ccccc2)C(c2ccc(-c3ccccc3)cc2)N1c1ccccc1,train,485.9860000000001,7.364000000000007,0.2775959300364173,35,60
subcategory_halogen-walk.F->Cl_1269,COc1ccc([C@@H]2[C@@H](CCCc3cccc(Cl)c3)C(=O)N2c2ccc(CN)cc2)cc1,1,halogen-walk,F->Cl,COc1ccc([C@@H]2[C@@H](CC[C@H](OC)c3ccc(F)cc3)C(=O)N2c2ccc(CN)cc2)cc1,0 1 2 3 4 5 6 7 8 10 11 12 13 14 15 16 17 18 19 20 21 22 23 24 25 26 27 28 29 30,O=C1[C@H](CCCc2ccccc2)[C@@H](c2ccccc2)N1c1ccccc1,train,434.96700000000016,5.534300000000006,0.4737231294599125,31,61
subcategory_halogen-walk.F->Cl_1331,CCOC(=O)c1sc(-c2cc(F)c(OS(=O)(=O)Cl)c(C#N)c2)nc1C,1,halogen-walk,F->Cl,CCOC(=O)c1sc(-c2cc(F)c(OS(=O)(=O)C(F)(F)F)c(C#N)c2)nc1C,14 17,c1ccc(-c2nccs2)cc1,train,404.8280000000001,3.168400000000002,0.556009633598693,25,49
subcategory_halogen-walk.F->Cl_1352,O=C(Cn1cc(Cl)ccc1=O)NCc1nc2ccc(C(=O)N3CCC(N4C(=O)OCc5ccccc54)CC3)cc2s1,1,halogen-walk,F->Cl,O=C(Cn1cc(C(F)(F)F)ccc1=O)NCc1nc2ccc(C(=O)N3CCC(N4C(=O)OCc5ccccc54)CC3)cc2s1,5 6,O=C(Cn1ccccc1=O)NCc1nc2ccc(C(=O)N3CCC(N4C(=O)OCc5ccccc54)CC3)cc2s1,train,592.0770000000002,4.189200000000004,0.3596709074868283,41,70
subcategory_halogen-walk.F->Cl_1431,OC[C@@](O)(Cn1cncn1)c1ccccc1Cl,1,halogen-walk,F->Cl,OC[C@@](O)(Cn1cncn1)c1ccc(F)cc1F,7,c1ccc(CCn2cncn2)cc1,train,253.68900000000002,0.8115999999999994,0.8460731580881753,17,30
subcategory_halogen-walk.F->Cl_176,COc1ccccc1N1CCN(CCCNC(=O)CN2CCCCC2=O)CC1,0,authentic,authentic,,,O=C(CN1CCCCC1=O)NCCCN1CCN(c2ccccc2)CC1,train,388.5120000000003,1.3359999999999999,0.6810594875790845,28,40
subcategory_halogen-walk.F->Cl_265,O=C(NC1CCCCC1)NS(=O)(=O)c1ccc(CCNC(=O)c2cc(Cl)ccc2OCc2ccc(F)cc2)cc1,0,authentic,authentic,,,O=C(NC1CCCCC1)NS(=O)(=O)c1ccc(CCNC(=O)c2ccccc2OCc2ccccc2)cc1,train,588.1010000000003,5.351200000000005,0.29582031632561395,40,67
subcategory_halogen-walk.F->Cl_957,CCc1ccc(CC(n2cncn2)C(O)(Cn2cncn2)c2cccc(Cl)c2)cc1,1,halogen-walk,F->Cl,CCc1ccc(CC(n2cncn2)C(O)(Cn2cncn2)c2ccc(F)cc2F)cc1,0 1 2 3 4 5 6 7 8 9 10 11 12 14 15 16 17 18 19 20 21 22 23 24 25 26 27 28 29,c1ccc(CC(C(Cn2cncn2)c2ccccc2)n2cncn2)cc1,train,422.9200000000001,3.457200000000002,0.46993487017971525,30,49
subcategory_halogen-walk.F->Cl_1482,Clc1ccc(O[C@H](c2ccccc2)[C@H]2CCNC2)cc1,1,halogen-walk,F->Cl,FC(F)(F)c1ccc(O[C@H](c2ccccc2)[C@H]2CCNC2)cc1,1,c1ccc(O[C@H](c2ccccc2)[C@H]2CCNC2)cc1,test,287.79,4.069600000000003,0.915144875919831,20,39
subcategory_halogen-walk.F->Cl_739,CCCC(=O)Oc1cc2c(c(OC)c1OC)-c1ccc(SC)c(=O)cc1C(NC(C)=O)CC2,0,authentic,authentic,,,O=c1cccc2c(c1)CCCc1ccccc1-2,train,471.5750000000002,4.281800000000003,0.36607313914794426,33,57
subcategory_halogen-walk.F->Cl_1130,OC(c1ccc(F)cc1)C(O)(Cn1cncn1)c1cccc(Cl)c1,1,halogen-walk,F->Cl,OC(c1ccc(F)cc1)C(O)(Cn1cncn1)c1ccc(F)cc1,6,c1ccc(CC(Cn2cncn2)c2ccccc2)cc1,train,347.77700000000004,2.692000000000001,0.7441089568640767,24,41
subcategory_halogen-walk.F->Cl_1513,OCC(CO)CC(O)(Cn1cncn1)c1ccccc1Cl,1,halogen-walk,F->Cl,OCC(CO)CC(O)(Cn1cncn1)c1ccc(F)cc1F,0 1 2 3 4 5 7 8 9 10 11 12 13 14 15 16 17 18 19,c1ccc(CCn2cncn2)cc1,train,311.769,0.8101999999999991,0.7036626355849646,21,32
subcategory_halogen-walk.F->Cl_484,NS(=O)(=O)c1cc2c(cc1Cl)N[C@H](CC1CCCC1)NS2(=O)=O,0,authentic,authentic,,,O=S1(=O)N[C@@H](CC2CCCC2)Nc2ccccc21,train,379.8910000000002,1.5976000000000001,0.7365553855056625,23,48
subcategory_halogen-walk.F->Cl_1295,Cc1ccc(C2=Nc3ncnn3C(c3cccc(Cl)c3)C2)cc1,1,halogen-walk,F->Cl,Cc1ccc(C2=Nc3ncnn3C(c3ccc(F)cc3)C2)cc1,6,c1ccc(C2=Nc3ncnn3C(c3ccccc3)C2)cc1,train,322.7990000000001,4.353820000000003,0.703471026097092,23,39
subcategory_halogen-walk.F->Cl_411,COc1cc2c(cc1OC)C(=O)C(CC1(F)CCN(Cc3cccc(C#N)c3)CC1)C2,0,authentic,authentic,,,O=C1c2ccccc2CC1CC1CCN(Cc2ccccc2)CC1,train,422.50000000000017,4.324880000000004,0.6936415411552103,31,53
subcategory_halogen-walk.F->Cl_248,CC(=O)N1CCC(=C2c3ccc(Cl)cc3CCc3c(C)ccnc32)CC1,0,authentic,authentic,,,c1ccc2c(c1)CCc1cccnc1C2=C1CCNCC1,test,366.89200000000017,4.586220000000004,0.6829872701516945,26,45
subcategory_halogen-walk.F->Cl_1305,O=C(N[C@@H]1CN(Cc2cccc(OCl)c2)CC[C@@H]1CO)c1ccccc1,1,halogen-walk,F->Cl,O=C(N[C@@H]1CN(Cc2cccc(OC(F)(F)F)c2)CC[C@@H]1CO)c1ccccc1,0 1 2 3 4 5 6 7 8 9 10 11 13 14 15 16 17 18 19 20 21 22 23 24 25,O=C(N[C@H]1CCCN(Cc2ccccc2)C1)c1ccccc1,train,374.8680000000001,2.8320000000000007,0.81579932230336,26,50
subcategory_halogen-walk.F->Cl_1395,CCCNC(=O)c1cc(-c2ccccc2Cl)[nH]c1C,1,halogen-walk,F->Cl,CCCNC(=O)c1cc(-c2ccc(F)cc2)[nH]c1C,7,c1ccc(-c2ccc[nH]2)cc1,train,276.76700000000005,3.7833200000000016,0.8768534256358487,19,33
subcategory_halogen-walk.F->Cl_740,Cc1c(F)cccc1N1CCN(CCCCOc2ccc3c(c2)NC(=O)CC3)CC1,0,authentic,authentic,,,O=C1CCc2ccc(OCCCCN3CCN(c4ccccc4)CC3)cc2N1,train,411.5210000000002,4.000020000000003,0.6998104115746446,30,47
subcategory_halogen-walk.F->Cl_356,COc1cc2nc(O)nc(C(F)(F)F)c2cc1OC,0,authentic,authentic,,,c1ccc2ncncc2c1,train,274.198,2.3714000000000004,0.9103535636439566,19,31
subcategory_halogen-walk.F->Cl_322,Cc1cnc(CS(=O)c2nc3ccccc3[nH]2)c(C)c1OCC1COC(C)(C)OC1,0,authentic,authentic,,,O=S(Cc1cc(OCC2COCOC2)ccn1)c1nc2ccccc2[nH]1,train,429.54200000000037,3.660440000000002,0.6435565593079294,30,52
subcategory_halogen-walk.F->Cl_614,CNc1ncnc2c1ncn2Cc1c(F)cccc1Cl,0,authentic,authentic,,,c1ccc(Cn2cnc3cncnc32)cc1,train,291.717,2.708800000000001,0.805977189828204,20,29
subcategory_halogen-walk.F->Cl_594,CN1C(=O)N[C@](Cc2ccccc2)(c2ccc(F)cc2)C1=O,0,authentic,authentic,,,O=C1NC(=O)[C@@](Cc2ccccc2)(c2ccccc2)N1,train,298.31700000000006,2.4453000000000005,0.8848960583513661,22,41
subcategory_halogen-walk.F->Cl_132,COc1cc(O)c2c(c1)CCC[C@H](O)[C@H](O)[C@H](O)CCC[C@H](C)OC2=O,0,authentic,authentic,,,O=C1OCCCCCCCCCCc2ccccc21,train,368.4260000000002,1.5353999999999999,0.5555874217391377,26,59
subcategory_halogen-walk.F->Cl_711,Cc1cc(NC2CCCCC2)c2c(ccc3c[nH]nc32)n1,0,authentic,authentic,,,c1cc(NC2CCCCC2)c2c(ccc3c[nH]nc32)n1,val,280.375,4.164120000000002,0.7406309372581528,21,36
subcategory_halogen-walk.F->Cl_654,Nc1nc(N)c2c(Cl)c(NC(=O)Cc3cccc(C(F)(F)F)c3)ccc2n1,0,authentic,authentic,,,O=C(Cc1ccccc1)Nc1ccc2ncncc2c1,train,395.77200000000005,3.6476000000000006,0.6271740341197859,27,49
subcategory_halogen-walk.F->Cl_179,COc1ccc(Cl)cc1C(=O)N1CCN(S(=O)(=O)c2ccc(C(F)(F)F)cc2)CC1,0,authentic,authentic,,,O=C(c1ccccc1)N1CCN(S(=O)(=O)c2ccccc2)CC1,train,462.8770000000002,3.5141000000000027,0.6970614553118686,30,56
subcategory_halogen-walk.F->Cl_911,O=C1C(CC[C@H](O)c2ccccc2Cl)C(c2cccc(-c3cccc(O)c3)c2)N1c1ccc(F)cc1,1,halogen-walk,F->Cl,O=C1C(CC[C@H](O)c2ccc(F)cc2)C(c2cccc(-c3cccc(O)c3)c2)N1c1ccc(F)cc1,5 7 8 9 10 11 12 13,O=C1C(CCCc2ccccc2)C(c2cccc(-c3ccccc3)c2)N1c1ccccc1,train,501.9850000000002,7.069600000000007,0.2661488376455235,36,65
subcategory_halogen-walk.F->Cl_1566,CN(C)CC1CC(OCc2ccccc2Cl)CCC1(O)c1cccc(O)c1,1,halogen-walk,F->Cl,CN(C)CC1CC(OCc2ccc(F)cc2)CCC1(O)c1cccc(O)c1,7,c1ccc(COC2CCC(c3ccccc3)CC2)cc1,train,389.9230000000001,4.180300000000004,0.777697943274662,27,42
subcategory_halogen-walk.F->Cl_1485,CC[C@@]1(c2ccccc2)NC(=O)N(CC(=O)N[C@@H](C)c2cccc(Cl)c2)C1=O,1,halogen-walk,F->Cl,CC[C@@]1(c2ccccc2)NC(=O)N(CC(=O)N[C@@H](C)c2ccc(F)cc2)C1=O,17 19 20 21 22 23 24 25,O=C(CN1C(=O)NC(c2ccccc2)C1=O)NCc1ccccc1,train,399.8780000000001,3.374500000000002,0.7307452144160417,28,59
subcategory_halogen-walk.F->Cl_1488,OC1(c2ccccc2Cl)CCCCC1n1cncn1,1,halogen-walk,F->Cl,OC1(c2ccc(F)cc2)CCCCC1n1cncn1,0 2 3 4 5 6 7 8 9 10 11 12 13 14 15 16 17 18,c1ccc(C2CCCCC2n2cncn2)cc1,train,277.75499999999994,2.9344,0.9181561782992673,19,28
subcategory_halogen-walk.F->Cl_277,O=C1[C@H](CC[C@H](O)c2ccccc2F)[C@@H](c2ccc(-c3ccc(O)cc3)c(O)c2)N1c1ccccc1,0,authentic,authentic,,,O=C1[C@H](CCCc2ccccc2)[C@@H](c2ccc(-c3ccccc3)cc2)N1c1ccccc1,train,483.53900000000016,6.1218000000000075,0.27667616169942794,36,73
subcategory_halogen-walk.F->Cl_251,O=C(O)C1CCc2c(c3cc(OCc4ccccc4)ccc3n2C(=O)c2ccc(Cl)cc2)C1,0,authentic,authentic,,,O=C(c1ccccc1)n1c2c(c3cc(OCc4ccccc4)ccc31)CCCC2,train,459.9290000000002,5.751700000000004,0.4121810837946228,33,56
subcategory_halogen-walk.F->Cl_409,CNCCNC(=O)C(CC(=O)Nc1ccc(Br)cn1)NC(=O)c1ccc(-c2ccccc2S(N)(=O)=O)cc1,0,authentic,authentic,,,O=C(CCNC(=O)c1ccc(-c2ccccc2)cc1)Nc1ccccn1,train,603.4990000000001,1.6213000000000002,0.20730259435672418,38,67
subcategory_halogen-walk.F->Cl_1005,COC(=O)[C@@H]1CCCN1C(=O)[C@H](CC(C)C)NC(=O)[C@H](Cc1cccc(Cl)c1)NC(C)=O,1,halogen-walk,F->Cl,COC(=O)[C@@H]1CCCN1C(=O)[C@H](CC(C)C)NC(=O)[C@H](Cc1ccc(F)cc1)NC(C)=O,0 1 2 3 4 5 6 7 8 9 10 11 12 13 14 15 16 17 18 19 21 22 23 24 25 26 27 28 29 30 31,O=C(CCc1ccccc1)NCC(=O)N1CCCC1,train,465.9780000000002,2.0820999999999996,0.5431320578629469,32,70
subcategory_halogen-walk.F->Cl_584,COc1ccc(CCC2CCN(CCc3cccc(OC)c3)CC2)cc1.Cl,0,authentic,authentic,,,c1ccc(CCC2CCN(CCc3ccccc3)CC2)cc1,train,389.96700000000004,5.012900000000006,0.6327649702574206,27,41
subcategory_halogen-walk.F->Cl_439,CCOC(=O)C(CCc1ccccc1)N[C@@H](C)C(=O)N(CC(=O)O)C1CCCC1,0,authentic,authentic,,,O=C(CNCCCc1ccccc1)NC1CCCC1,train,404.50700000000035,2.3848000000000003,0.5499769282608572,29,53
subcategory_halogen-walk.F->Cl_1171,CC(C)(COCl)C(O)(Cn1cncn1)c1ccc(F)cc1F,1,halogen-walk,F->Cl,CC(C)(COC(F)(F)F)C(O)(Cn1cncn1)c1ccc(F)cc1F,0 1 2 3 5 6 7 8 9 10 11 12 13 14 15 16 17 18 19 20 21,c1ccc(CCn2cncn2)cc1,train,331.75000000000006,2.6407000000000007,0.8836999583243597,22,37
subcategory_halogen-walk.F->Cl_533,CCCN(CCN1CCC(c2noc3cc(F)ccc23)CC1)C(=O)C(C)O,0,authentic,authentic,,,c1ccc2c(C3CCNCC3)noc2c1,train,377.4600000000002,2.765700000000002,0.8034870166324998,27,44
subcategory_halogen-walk.F->Cl_536,CCCC[n+]1cnn(CC(O)(Cn2c[n+](CCCC)cn2)c2ccc(F)cc2F)c1,0,authentic,authentic,,,c1ccc(C(Cn2c[nH+]cn2)Cn2c[nH+]cn2)cc1,test,420.50800000000004,2.1209999999999996,0.4835673776729656,30,52
subcategory_halogen-walk.F->Cl_241,Nc1nnc(-c2ccccc2Cl)c(-c2ccccc2Cl)n1,0,authentic,authentic,,,c1ccc(-c2ncnnc2-c2ccccc2)cc1,train,317.17900000000003,4.094600000000002,0.7727956668931659,21,35
subcategory_halogen-walk.F->Cl_1240,CCC1(CC)OC(=O)Nc2ccc(-c3cccc(Cl)c3)cc21,1,halogen-walk,F->Cl,CCC1(CC)OC(=O)Nc2ccc(-c3ccc(F)c(Cl)c3)cc21,,O=C1Nc2ccc(-c3ccccc3)cc2CO1,train,315.8,5.584400000000004,0.8020217566623301,22,39
subcategory_halogen-walk.F->Cl_1060,CC(C)CN(CCl)[C@H](CNC(=O)c1ccc(Cl)s1)C(=O)Nc1ccc(N2CCOCC2=O)cc1F,1,halogen-walk,F->Cl,CC(C)CN(CC(F)(F)F)[C@H](CNC(=O)c1ccc(Cl)s1)C(=O)Nc1ccc(N2CCOCC2=O)cc1F,5 6,O=C(CCNC(=O)c1cccs1)Nc1ccc(N2CCOCC2=O)cc1,train,545.4640000000004,3.795200000000002,0.35040612780210295,35,64
subcategory_halogen-walk.F->Cl_1022,O=C1O[C@H](c2ccc(F)cc2)[C@@](Cn2cncn2)(c2cccc(Cl)c2)O1,1,halogen-walk,F->Cl,O=C1O[C@H](c2ccc(F)cc2)[C@@](Cn2cncn2)(c2ccc(F)cc2)O1,6,O=C1O[C@H](c2ccccc2)[C@@](Cn2cncn2)(c2ccccc2)O1,train,373.7710000000001,3.874200000000002,0.6492768667963716,26,54
subcategory_halogen-walk.F->Cl_381,CCOc1ccccc1C(=O)NC1CCC(NC(=O)c2ccccc2OCC)CC1,0,authentic,authentic,,,O=C(NC1CCC(NC(=O)c2ccccc2)CC1)c1ccccc1,train,410.51400000000024,3.9550000000000027,0.6907639199851422,30,44
subcategory_halogen-walk.F->Cl_53,CCCc1nn(C)c2c(=O)[nH]c(-c3cc(S(=O)(=O)N4C=CN(C)CC4)ccc3OCC)nc12,0,authentic,authentic,,,O=c1[nH]c(-c2cccc(S(=O)(=O)N3C=CNCC3)c2)nc2cn[nH]c12,val,472.5710000000003,2.0820999999999996,0.5600310097199216,33,63
subcategory_halogen-walk.F->Cl_232,COc1ccc(-n2nc(C(N)=O)c3c2C(=O)N(c2ccc(N4CCCCCC4=O)c(C)c2)CC3)cc1F,0,authentic,authentic,,,O=C1CCCCCN1c1ccc(N2CCc3cnn(-c4ccccc4)c3C2=O)cc1,train,505.5500000000004,3.5372200000000023,0.5703704038268658,37,65
subcategory_halogen-walk.F->Cl_511,COc1cccc2c1CC(Cc1ccncc1)C2,0,authentic,authentic,,,c1ccc2c(c1)CC(Cc1ccncc1)C2,val,239.31799999999998,3.0477000000000016,0.8209623531781414,18,26
subcategory_halogen-walk.F->Cl_570,CC(=O)OCC(=O)[C@@]1(O)[C@H](C)C[C@H]2[C@@H]3C[C@@H](F)C4=CC(=O)CC[C@]4(C)[C@H]3CC[C@@]21C,0,authentic,authentic,,,O=C1C=C2CC[C@H]3[C@@H]4CCCC4CC[C@@H]3C2CC1,train,420.52100000000036,3.5756000000000023,0.7061786085862001,30,89
subcategory_halogen-walk.F->Cl_643,CC1(C)C(=O)C(O)=CC2C1=CCC1[C@@]2(C)C(=O)C[C@]2(C)CC(=O)C[C@@]12C,0,authentic,authentic,,,O=C1C=CC2C(=CCC3C4CC(=O)CC4CC(=O)C23)C1,train,356.46200000000016,3.9543000000000035,0.6671084578452029,26,64
subcategory_halogen-walk.F->Cl_1208,COc1ccc(C(=O)CN2CCN(CCc3ccccc3Cl)CC2)cc1OC,1,halogen-walk,F->Cl,COc1ccc(C(=O)CN2CCN(CCc3ccccc3C(F)(F)F)CC2)cc1OC,0 1 2 3 4 5 6 7 8 9 10 11 12 13 14 15 16 17 18 19 21 22 23 24 25 26 27,O=C(CN1CCN(CCc2ccccc2)CC1)c1ccccc1,val,402.92200000000014,3.4002000000000026,0.6328923463195418,28,42
subcategory_halogen-walk.F->Cl_751,CC1(C)CCC(C)(C)c2cc(C3(C)OC3c3ccc(C(=O)O)cc3)ccc21,0,authentic,authentic,,,c1ccc(C2OC2c2ccc3c(c2)CCCC3)cc1,train,364.48500000000007,5.720500000000006,0.7086262160758983,27,50
subcategory_halogen-walk.F->Cl_1084,C[C@@H](O)[C@](O)(Cn1cncn1)c1ccccc1Cl,1,halogen-walk,F->Cl,C[C@@H](O)[C@](O)(Cn1cncn1)c1cc(F)c(F)cc1F,0 1 2 4 5 6 7 8 9 10 11 12 13 14 15 16,c1ccc(CCn2cncn2)cc1,train,267.716,1.2001000000000002,0.8732512536430063,18,37
subcategory_halogen-walk.F->Cl_1299,CCCOc1cc2c(cc1OC)CC(CC1(F)CCN(Cc3cccc(Cl)c3)CC1)C2=O,1,halogen-walk,F->Cl,CCCOc1cc2c(cc1OC)CC(CC1(F)CCN(Cc3ccc(F)cc3)CC1)C2=O,0 1 2 3 4 5 6 7 8 9 10 11 12 13 14 15 16 17 18 20 21 22 23 24 25 26 27 28 29 30 31,O=C1c2ccccc2CC1CC1CCN(Cc2ccccc2)CC1,train,459.9890000000002,5.886800000000006,0.49325595071361206,32,52
subcategory_halogen-walk.F->Cl_1480,O=C(Cc1ccccc1Cl)N[C@H]1C(=O)N(c2ccc(F)cc2)[C@@H]1c1ccc(O)cc1,1,halogen-walk,F->Cl,O=C(Cc1ccc(F)cc1)N[C@H]1C(=O)N(c2ccc(F)cc2)[C@@H]1c1ccc(O)cc1,0 1 3 4 5 6 7 8 9 10 11 12 13 14 15 16 17 18 19 20 21 22 23 24 25 26 27 28 29,O=C(Cc1ccccc1)N[C@H]1C(=O)N(c2ccccc2)[C@@H]1c1ccccc1,test,424.8590000000001,4.000100000000002,0.6081096748219214,30,60
subcategory_halogen-walk.F->Cl_1256,CC(c1ccc(F)cc1)C(O)(Cn1cncn1)c1cccc(Cl)c1,1,halogen-walk,F->Cl,CC(c1ccc(F)cc1)C(O)(Cn1cncn1)c1ccc(F)cc1F,9 17 18 19 20 21 22 23,c1ccc(CC(Cn2cncn2)c2ccccc2)cc1,train,345.80500000000006,3.762100000000003,0.7656016866210004,24,41
subcategory_halogen-walk.F->Cl_761,O=C(NN1c2ccc(Cl)cc2N=C(N2CCN(Cc3cccc(OC(F)(F)F)c3)CC2)c2ccccc21)c1ccccc1Cl,0,authentic,authentic,,,O=C(NN1c2ccccc2N=C(N2CCN(Cc3ccccc3)CC2)c2ccccc21)c1ccccc1,val,640.4930000000002,7.584600000000005,0.2438557737487398,44,74
subcategory_halogen-walk.F->Cl_759,CCOc1ccc(-c2cc(COCC3(c4ccccc4)CCNCC3)cc(C(F)(F)F)c2)cc1,0,authentic,authentic,,,c1ccc(-c2cccc(COCC3(c4ccccc4)CCNCC3)c2)cc1,train,469.54700000000014,6.609100000000006,0.4027564842033443,34,55
subcategory_halogen-walk.F->Cl_1469,OC(c1cccc(Cl)c1)C(O)(Cn1cncn1)c1ccc(Cl)cc1,1,halogen-walk,F->Cl,OC(c1ccc(F)cc1)C(O)(Cn1cncn1)c1ccc(Cl)cc1,6,c1ccc(CC(Cn2cncn2)c2ccccc2)cc1,train,364.2320000000001,3.2063000000000015,0.7294721264427955,24,42
subcategory_halogen-walk.F->Cl_314,CCCNS(=O)(=O)c1ccc(C(=O)N2CCOc3ccc(Cl)cc3C2)cc1,0,authentic,authentic,,,O=C(c1ccccc1)N1CCOc2ccccc2C1,test,408.9070000000001,3.063100000000002,0.8244660210968352,27,47
subcategory_halogen-walk.F->Cl_66,CO[C@]12CC[C@@]3(C[C@@H]1C(C)(C)O)[C@H]1Cc4ccc(O)c5c4[C@@]3(CCN1C[C@@H](C)CF)[C@H]2O5.Cl,0,authentic,authentic,,,c1cc2c3c(c1)O[C@H]1C4CCC5(CC4)[C@@H](C2)NCC[C@]315,test,482.03600000000023,4.005000000000004,0.6651317831124881,33,88
subcategory_halogen-walk.F->Cl_784,COC(=O)C(CCc1ccccc1)NC(C)C(=O)N1CC2CCCCC2C1C(=O)O,0,authentic,authentic,,,O=C(CNCCCc1ccccc1)N1CC2CCCCC2C1,test,416.5180000000003,2.2406999999999995,0.6312537668319441,30,49
subcategory_halogen-walk.F->Cl_1508,COc1ccc(-n2nc(Cl)c3c2C(=O)N(c2ccc(C(=N)N4CCOCC4)cc2)CC32CC2)cc1,1,halogen-walk,F->Cl,COc1ccc(-n2nc(C(F)(F)F)c3c2C(=O)N(c2ccc(C(=N)N4CCOCC4)cc2)CC32CC2)cc1,8 9,N=C(c1ccc(N2CC3(CC3)c3cnn(-c4ccccc4)c3C2=O)cc1)N1CCOCC1,val,491.9790000000004,3.8838700000000026,0.4420272657078115,35,63
subcategory_halogen-walk.F->Cl_750,CCO.O=C(O)COCCN1CCN(C(c2ccccc2)c2ccc(Cl)cc2)CC1,0,authentic,authentic,,,c1ccc(C(c2ccccc2)N2CCNCC2)cc1,train,434.96400000000017,3.1468000000000016,0.6216485523234655,30,47
subcategory_halogen-walk.F->Cl_1525,CN[C@@H](CC(C)C)C(=O)NCCCC(c1ccc(F)cc1)c1ccccc1Cl,1,halogen-walk,F->Cl,CN[C@@H](CC(C)C)C(=O)NCCCC(c1ccc(F)cc1)c1ccc(F)cc1.Cl,13 21 22 23 24 25 26 27,c1ccc(Cc2ccccc2)cc1,train,404.9570000000001,5.141500000000004,0.5379990071804989,28,49
subcategory_halogen-walk.F->Cl_137,COc1cc(C(=O)N2CO[C@](CCN3CCC4(CC3)SCc3ccccc34)(c3ccc(Cl)c(Cl)c3)C2)cc(OC)c1OC,0,authentic,authentic,,,O=C(c1ccccc1)N1CO[C@](CCN2CCC3(CC2)SCc2ccccc23)(c2ccccc2)C1,val,643.633,6.972800000000008,0.26284905431422945,43,77
subcategory_halogen-walk.F->Cl_258,Cl.FC(F)(F)Oc1ccc(CC2CCNCC2)cc1,0,authentic,authentic,,,c1ccc(CC2CCNCC2)cc1,val,295.732,3.549100000000002,0.9206336341088993,19,31
subcategory_halogen-walk.F->Cl_71,CSCCCCC/C=C(\NC(=O)C1CC1(C)C)C(=O)O,0,authentic,authentic,,,C1CC1,train,299.43600000000004,3.0406000000000013,0.5071125532576038,20,35
subcategory_halogen-walk.F->Cl_897,O=C1O[C@H](c2ccccc2Cl)[C@@](Cn2cncn2)(c2ccc(F)cc2)O1,1,halogen-walk,F->Cl,O=C1O[C@H](c2ccc(F)cc2)[C@@](Cn2cncn2)(c2ccc(F)cc2)O1,7,O=C1O[C@H](c2ccccc2)[C@@](Cn2cncn2)(c2ccccc2)O1,train,373.7710000000001,3.874200000000002,0.6492768667963716,26,52
subcategory_halogen-walk.F->Cl_292,O=C(O)C[C@H](O)C[C@H](O)/C=C/c1c(CC2CC2)nc2ccccc2c1-c1ccc(F)cc1,0,authentic,authentic,,,c1ccc(-c2cc(CC3CC3)nc3ccccc23)cc1,train,435.4950000000001,4.593200000000004,0.4572496966222414,32,63
subcategory_halogen-walk.F->Cl_63,C=C(C)[C@@H]1[C@H](O)C[C@]2(C)Oc3c(C)c4c(c(OC)c3C[C@@H]2[C@@]1(C)CCC(=O)OC)C(=O)OC4,0,authentic,authentic,,,O=C1OCc2cc3c(cc21)C[C@@H]1CCCCC1O3,val,458.55100000000033,3.9002200000000027,0.528501161836316,33,83
subcategory_halogen-walk.F->Cl_327,CO[C@]12CC[C@@]3(C[C@@H]1[C@H](O)CCC(C)C)[C@H]1Cc4ccc(O)c5c4[C@@]3(CCN1CC1CC1)[C@H]2O5,0,authentic,authentic,,,c1cc2c3c(c1)O[C@H]1C4CCC5(CC4)[C@@H](C2)N(CC2CC2)CC[C@]315,train,467.6500000000003,4.413800000000004,0.6218929730766427,34,86
subcategory_halogen-walk.F->Cl_1050,CC(C)(C)Oc1ccc([C@@H]2[C@@H](CCC(O)c3cccc(Cl)c3)C(=O)N2c2ccc(F)cc2)cc1,1,halogen-walk,F->Cl,CC(C)(C)Oc1ccc([C@@H]2[C@@H](CCC(O)c3ccc(F)cc3)C(=O)N2c2ccc(F)cc2)cc1,6,O=C1[C@H](CCCc2ccccc2)[C@@H](c2ccccc2)N1c1ccccc1,train,481.9950000000002,6.874300000000007,0.37426353525813577,34,70
subcategory_halogen-walk.F->Cl_744,CC(C)(C)n1cc(C(=O)O)c(=O)c2cc(F)c(N3C4CCC3CNC4)nc21.CS(=O)(=O)O,0,authentic,authentic,,,O=c1cc[nH]c2nc(N3C4CCC3CNC4)ccc12,test,470.52300000000025,1.4334000000000002,0.5557285141910646,32,63
subcategory_halogen-walk.F->Cl_831,Clc1ccccc1C1=CCNCC1COc1ccc2cc1OCO2,1,halogen-walk,F->Cl,Fc1ccc(C2=CCNCC2COc2ccc3cc2OCO3)cc1,7,C1=C(c2ccccc2)C(COc2ccc3cc2OCO3)CNC1,train,343.8100000000001,3.7505000000000015,0.9174065777703246,24,34
subcategory_halogen-walk.F->Cl_153,COc1cc(NC(=O)C(F)(F)F)c(Cl)cc1C(=O)N[C@H]1CCN(Cc2ccccc2)C1,0,authentic,authentic,,,O=C(N[C@H]1CCN(Cc2ccccc2)C1)c1ccccc1,test,455.8640000000002,3.8537000000000026,0.6937718796900751,31,58
subcategory_halogen-walk.F->Cl_117,Cc1ccc(S(=O)(=O)N[C@@H](CC(=O)NC(C)(C)C)C(=O)NCCNC(=O)c2ccccn2)cc1,0,authentic,authentic,,,O=C(CNS(=O)(=O)c1ccccc1)NCCNC(=O)c1ccccn1,val,489.59800000000024,0.8879200000000023,0.36463896199326234,34,66
subcategory_halogen-walk.F->Cl_1493,Clc1ccccc1-c1cc(NCCN2CCCC2)c2ccccc2n1,1,halogen-walk,F->Cl,Fc1ccc(-c2cc(NCCN3CCCC3)c3ccccc3n2)cc1,0 1 2 3 4 5 6 8 9 10 11 12 13 14 15 16 17 18 19 20 21 22 23,c1ccc(-c2cc(NCCN3CCCC3)c3ccccc3n2)cc1,test,351.88100000000003,5.062900000000004,0.6957303266289746,25,37
subcategory_halogen-walk.F->Cl_890,Cc1c2cnn(CC(=O)N3CCc4ccccc43)c(=O)c2c(C)n1Cc1cccc(Cl)c1,1,halogen-walk,F->Cl,Cc1c2cnn(CC(=O)N3CCc4ccccc43)c(=O)c2c(C)n1Cc1ccc(F)cc1,0 1 2 3 4 5 6 7 8 9 10 11 12 13 14 15 16 17 18 19 20 21 22 23 25 26 27 28 29 30,O=C(Cn1ncc2cn(Cc3ccccc3)cc2c1=O)N1CCc2ccccc21,test,446.9380000000002,4.105840000000003,0.4737589896946337,32,55
subcategory_halogen-walk.F->Cl_1258,[2H]C1(C)Oc2ccc(OC[C@@H]3CNCC[C@H]3c3cccc(Cl)c3)cc2O1,1,halogen-walk,F->Cl,[2H]C1(C)Oc2ccc(OC[C@@H]3CNCC[C@H]3c3ccc(F)cc3)cc2O1,6,c1ccc([C@@H]2CCNC[C@H]2COc2ccc3c(c2)OCO3)cc1,train,360.859101778,4.229300000000003,0.8852963547410092,25,53
subcategory_halogen-walk.F->Cl_1576,COCC[C@H]1CN(C2=Nc3cc(Cl)ccc3Nc3ccc(Cl)cc32)CCN1,1,halogen-walk,F->Cl,COCC[C@H]1CN(C2=Nc3cc(Cl)ccc3Nc3ccc(C(F)(F)F)cc32)CCN1,0 1 2 3 4 5 6 7 8 9 10 11 12 13 14 15 16 17 18 19 21 22 23 24 25 26,c1ccc2c(c1)N=C(N1CCNCC1)c1ccccc1N2,train,405.32900000000024,4.439000000000004,0.7930161301513363,27,48
subcategory_halogen-walk.F->Cl_915,CCOC(=O)c1sc(-c2ccc(OC)cc2)nc1-c1ccccc1Cl,1,halogen-walk,F->Cl,CCOC(=O)c1sc(-c2ccc(OC)cc2)nc1-c1ccc(F)cc1,0 1 2 3 4 5 6 7 8 9 10 11 12 13 14 15 16 18 19 20 21 22 23,c1ccc(-c2csc(-c3ccccc3)n2)cc1,test,373.8610000000001,5.315800000000003,0.5680108994260841,25,41
subcategory_halogen-walk.F->Cl_1591,Clc1cccc(C2NCCc3ccccc32)c1,1,halogen-walk,F->Cl,Fc1ccc(C2NCCc3ccccc32)cc1,0 1 2 3 4 5 6 16,c1ccc(C2NCCc3ccccc32)cc1,train,243.73699999999997,3.5751000000000017,0.8075040410456513,17,26
subcategory_halogen-walk.F->Cl_1417,COc1ccc(Cl)cc1C(=O)NCCc1cccc(Cl)c1Cl,1,halogen-walk,F->Cl,COc1ccc(Cl)cc1C(=O)NCCc1ccc(F)c(S(N)(=O)=O)c1,0 1 2 3 4 5 6 7 8 9 10 11 12 14 15 16 17 18 19 20,O=C(NCCc1ccccc1)c1ccccc1,train,358.65200000000004,4.627900000000003,0.8461310231541046,22,36
subcategory_halogen-walk.F->Cl_341,CCN(CC)CCOc1ccc2oc3ccc(OCCN(CC)CC)cc3c2c1.Cl,0,authentic,authentic,,,c1ccc2c(c1)oc1ccccc12,train,435.0080000000002,5.449000000000007,0.37866890836676925,30,44
subcategory_halogen-walk.F->Cl_872,CN(CC(C)(C)C)[C@H](CNC(=O)c1ccc(Cl)s1)C(=O)Nc1ccccc1Cl,1,halogen-walk,F->Cl,CN(CC(C)(C)C)[C@H](CNC(=O)c1ccc(Cl)s1)C(=O)Nc1ccc(N2CCOCC2=O)c(F)c1,7,O=C(CCNC(=O)c1cccs1)Nc1ccc(N2CCOCC2=O)cc1,train,442.41200000000003,4.769900000000004,0.6495785024726433,28,54
subcategory_halogen-walk.F->Cl_913,O=C(COc1ccc2c(c1)OCO2)NCCc1cccc(Cl)c1,1,halogen-walk,F->Cl,O=C(COc1ccc2c(c1)OCO2)NCCc1ccc(F)cc1,6,O=C(COc1ccc2c(c1)OCO2)NCCc1ccccc1,train,333.77099999999996,2.806400000000001,0.8828560616723794,23,37
subcategory_halogen-walk.F->Cl_627,Cc1nnc(CNC(=O)CN)n1-c1ccc(Cl)cc1C(=O)c1ccccc1,0,authentic,authentic,,,O=C(c1ccccc1)c1ccccc1-n1cnnc1,train,383.8390000000001,2.0350200000000003,0.6338373225921808,27,45
subcategory_halogen-walk.F->Cl_1381,CC(C)n1c(C=C[C@@H]2C[C@H](CC(=O)OC(C)(C)C)OC(C)(C)O2)c(-c2ccccc2Cl)c2ccccc21,1,halogen-walk,F->Cl,CC(C)n1c(C=C[C@@H]2C[C@H](CC(=O)OC(C)(C)C)OC(C)(C)O2)c(-c2ccc(F)cc2)c2ccccc21,23 24 25 26 27 28 29 30,C(=C[C@@H]1CCOCO1)c1[nH]c2ccccc2c1-c1ccccc1,val,524.1010000000002,8.197800000000008,0.3053926801120126,37,76
subcategory_halogen-walk.F->Cl_1595,Cc1ccc2c(-c3ccccc3Cl)c(/C=C/C(O)CC(O)CC(=O)O)c(C(C)C)nn12,1,halogen-walk,F->Cl,Cc1ccc2c(-c3ccc(F)cc3)c(/C=C/C(O)CC(O)CC(=O)O)c(C(C)C)nn12,7,c1ccc(-c2ccnn3cccc23)cc1,train,442.9430000000002,4.686320000000005,0.47019044920783626,31,57
subcategory_halogen-walk.F->Cl_163,C=CCOC1(C2=NCCN2)COc2ccccc2O1,0,authentic,authentic,,,c1ccc2c(c1)OCC(C1=NCCN1)O2,train,260.293,1.3583999999999996,0.8304661500731201,19,29
subcategory_halogen-walk.F->Cl_1330,C[C@@H](N(CCc1ccccc1)C(=S)S)[C@](O)(Cn1cncn1)c1ccccc1Cl,1,halogen-walk,F->Cl,C[C@@H](N(CCc1ccccc1)C(=S)S)[C@](O)(Cn1cncn1)c1ccc(F)cc1F,14 22 23 24 25 26 27 28,c1ccc(CCNCC(Cn2cncn2)c2ccccc2)cc1,train,447.0290000000001,3.9672000000000045,0.404804822894921,29,55
subcategory_halogen-walk.F->Cl_657,COc1ccc2c(c1)nc(S(=O)Cc1ncc(C)c(OC)c1C)n2S(=O)(=O)c1ccc(F)cc1,0,authentic,authentic,,,O=S(Cc1ccccn1)c1nc2ccccc2n1S(=O)(=O)c1ccccc1,val,503.5770000000002,3.749240000000003,0.37863641638941026,34,61
subcategory_halogen-walk.F->Cl_601,CCCNCc1ccc(Oc2ccc3c(c2)OCO3)cc1.Cl,0,authentic,authentic,,,c1ccc(Oc2ccc3c(c2)OCO3)cc1,train,321.8039999999999,4.129000000000004,0.8120729174904227,22,34
subcategory_halogen-walk.F->Cl_1117,OC[C@@H]1COC(Cn2cncn2)(c2ccccc2Cl)C1,1,halogen-walk,F->Cl,OC[C@@H]1COC(Cn2cncn2)(c2ccc(F)cc2F)C1,7,c1ccc(C2(Cn3cncn3)CCCO2)cc1,train,293.7540000000001,1.8557999999999992,0.9345441257008545,20,36
subcategory_halogen-walk.F->Cl_1437,O=C1CC2(CCN(C(=O)c3ccccc3OCl)CC2)CN1,1,halogen-walk,F->Cl,O=C1CC2(CCN(C(=O)c3ccccc3OC(F)(F)C(F)F)CC2)CN1,1,O=C1CC2(CCN(C(=O)c3ccccc3)CC2)CN1,test,308.7650000000001,1.9615,0.9083937427705261,21,36
subcategory_halogen-walk.F->Cl_1590,O=C(CCc1cccc(Cl)c1)c1ccccc1OCC(O)CNCc1ccccc1,1,halogen-walk,F->Cl,O=C(CCc1ccc(F)cc1)c1ccccc1OCC(O)CNCc1ccccc1,0 1 2 4 5 6 7 8 9 10 11 12 13 14 15 16 17 18 19 20 21 22 23 24 25 26 27 28 29,O=C(CCc1ccccc1)c1ccccc1OCCCNCc1ccccc1,train,423.94000000000017,4.685000000000004,0.4393055636446224,30,44
subcategory_halogen-walk.F->Cl_1545,CC(C)n1c(/C=C/[C@H](O)C[C@H](O)CC(=O)O)c(-c2ccccc2Cl)c2cc(O)ccc21,1,halogen-walk,F->Cl,CC(C)n1c(/C=C/[C@H](O)C[C@H](O)CC(=O)O)c(-c2ccc(F)cc2)c2cc(O)ccc21,0 1 2 3 4 5 6 7 8 9 10 11 12 13 14 15 17 18 19 20 21 22 23 24 25 26 27 28 29 30,c1ccc(-c2c[nH]c3ccccc23)cc1,train,443.927,4.848000000000004,0.3982956754888609,31,65
subcategory_halogen-walk.F->Cl_869,COc1ccc(CN2CCn3nc(C(=O)NCc4ccccc4Cl)cc3C2=O)cc1,1,halogen-walk,F->Cl,COc1ccc(CN2CCn3nc(C(=O)NCc4ccc(F)cc4)cc3C2=O)cc1,0 1 2 3 4 5 6 7 8 9 10 11 12 13 14 15 17 18 19 20 21 22 23 24 25 26 27 28 29,O=C(NCc1ccccc1)c1cc2n(n1)CCN(Cc1ccccc1)C2=O,val,424.88800000000015,3.131100000000001,0.6591801056931502,30,47
subcategory_halogen-walk.F->Cl_169,Cl.Fc1ccc([C@H]2CCN(CC3CC3)C[C@@H]2COc2ccc3c(c2)OCO3)cc1,0,authentic,authentic,,,c1ccc([C@H]2CCN(CC3CC3)C[C@@H]2COc2ccc3c(c2)OCO3)cc1,train,419.92400000000015,4.870700000000004,0.6679265596869867,29,56
subcategory_halogen-walk.F->Cl_546,NC(=O)c1nn(-c2cc(F)c3c(c2)CCO3)c2c1CCN(c1ccc(N3CCCCC3=O)cc1)C2=O,0,authentic,authentic,,,O=C1CCCCN1c1ccc(N2CCc3cnn(-c4ccc5c(c4)CCO5)c3C2=O)cc1,train,489.50700000000035,2.7650000000000015,0.6060165206872417,36,64
subcategory_halogen-walk.F->Cl_1063,NC(=O)c1nn(-c2ccc(OCl)cc2)c2c1CCN(c1ccc(N3CCCCC3=O)cc1)C2=O,1,halogen-walk,F->Cl,NC(=O)c1nn(-c2ccc(OC(F)(F)F)cc2)c2c1CCN(c1ccc(N3CCCCC3=O)cc1)C2=O,0 1 2 3 4 5 6 7 8 9 11 12 13 14 15 16 17 18 19 20 21 22 23 24 25 26 27 28 29 30 31 32 33,O=C1CCCCN1c1ccc(N2CCc3cnn(-c4ccccc4)c3C2=O)cc1,train,479.9240000000004,3.223600000000001,0.6036383536146595,34,59
subcategory_halogen-walk.F->Cl_752,COc1cc2nc(S(=O)Cc3ncc(C)c(OC)c3OC)[nH]c2cc1OC(F)F,0,authentic,authentic,,,O=S(Cc1ccccn1)c1nc2ccccc2[nH]1,train,427.4290000000001,3.2013200000000017,0.5897860663034381,29,49
subcategory_halogen-walk.F->Cl_1592,O=C(CCN1C(=O)NC(c2ccccc2)(c2ccccc2)C1=O)NCc1cccc(Cl)c1,1,halogen-walk,F->Cl,O=C(CCN1C(=O)NC(c2ccccc2)(c2ccccc2)C1=O)NCc1ccc(F)cc1,24 25 26 27 28 29 30 31,O=C(CCN1C(=O)NC(c2ccccc2)(c2ccccc2)C1=O)NCc1ccccc1,test,447.92200000000014,3.8419000000000025,0.5399628603497437,32,54
subcategory_halogen-walk.F->Cl_1016,Clc1ccccc1O[C@@H](c1ccccc1)[C@H]1CCNC1,1,halogen-walk,F->Cl,Fc1ccc(F)c(O[C@@H](c2ccccc2)[C@H]2CCNC2)c1F,7,c1ccc(O[C@@H](c2ccccc2)[C@H]2CCNC2)cc1,train,287.7900000000001,4.069600000000003,0.9151448759198311,20,38
subcategory_halogen-walk.F->Cl_382,CCOC(=O)[C@H](CCc1ccccc1)N[C@@H](C)C(=O)N1[C@@H](C(=O)O)C[C@H]2CCC[C@@H]21,0,authentic,authentic,,,O=C(CNCCCc1ccccc1)N1CC[C@H]2CCC[C@@H]21,val,416.5180000000003,2.3831999999999995,0.6003163359035134,30,74
subcategory_halogen-walk.F->Cl_694,COc1ccc2c(c1)c(Cc1ccc(OC(C)(C)C(=O)O)cc1)c(C)n2C(=O)c1ccc(Cl)cc1,0,authentic,authentic,,,O=C(c1ccccc1)n1cc(Cc2ccccc2)c2ccccc21,val,491.9710000000001,6.133020000000005,0.33607130522074874,35,64
subcategory_halogen-walk.F->Cl_1426,O=C1Nc2ccc(Cl)cc2C(Cl)(c2ccccc2)O1,1,halogen-walk,F->Cl,O=C1Nc2ccc(Cl)cc2C(c2ccccc2)(C(F)(F)F)O1,10 11,O=C1Nc2ccccc2C(c2ccccc2)O1,train,294.137,4.342000000000002,0.7943527572178661,19,34
subcategory_halogen-walk.F->Cl_1499,CC(C(=O)N[C@]1(c2ccccc2)CC[C@@H](N2CCC(c3ccccc3Cl)CC2)CC1)c1cc(C(F)(F)F)cc(C(F)(F)F)c1,1,halogen-walk,F->Cl,CC(C(=O)N[C@]1(c2ccccc2)CC[C@@H](N2CCC(c3ccc(F)cc3)CC2)CC1)c1cc(C(F)(F)F)cc(C(F)(F)F)c1,7,O=C(Cc1ccccc1)N[C@]1(c2ccccc2)CC[C@@H](N2CCC(c3ccccc3)CC2)CC1,train,637.1080000000003,9.315,0.27359607950571735,44,86
subcategory_halogen-walk.F->Cl_819,NS(=O)(=O)c1ccccc1-c1ccc(NC(=O)C(CC(=O)Nc2ccc(Br)cn2)NC(=O)Cl)cc1,1,halogen-walk,F->Cl,NS(=O)(=O)c1ccccc1-c1ccc(NC(=O)C(CC(=O)Nc2ccc(Br)cn2)NC(=O)C(F)(F)F)cc1,30 32,O=C(CCC(=O)Nc1ccccn1)Nc1ccc(-c2ccccc2)cc1,val,580.8480000000001,3.442800000000001,0.23577896387452005,35,65
subcategory_halogen-walk.F->Cl_1552,Cc1nc(-c2ccc(OCC(C)C)c(Cl)c2)sc1C(=O)O,1,halogen-walk,F->Cl,Cc1nc(-c2ccc(OCC(C)C)c(C(F)(F)F)c2)sc1C(=O)O,0 1 2 3 4 5 6 7 8 9 10 11 12 14 15 16 17 18 19 20,c1ccc(-c2nccs2)cc1,train,325.817,4.504920000000003,0.8785494819234281,21,38
subcategory_halogen-walk.F->Cl_1349,O=C(Nc1ccccc1)N1CCC2(CC1)C(=O)N(c1cccc(Cl)c1)C2c1ccc(O)cc1,1,halogen-walk,F->Cl,O=C(Nc1ccccc1)N1CCC2(CC1)C(=O)N(c1ccc(F)cc1)C2c1ccc(O)cc1,0 1 2 3 4 5 6 7 8 9 10 11 12 13 14 15 16 18 19 20 21 22 23 24 25 26 27 28 29 30 31 32,O=C(Nc1ccccc1)N1CCC2(CC1)C(=O)N(c1ccccc1)C2c1ccccc1,train,461.949,5.447800000000005,0.5093669565123496,33,58
subcategory_halogen-walk.F->Cl_254,COc1cc2c(c(OC)c1OC)-c1ccc(SC)c(=O)cc1[C@@H](NCc1ccc(F)cc1)CC2,0,authentic,authentic,,,O=c1cccc2c(c1)[C@@H](NCc1ccccc1)CCc1ccccc1-2,val,481.5890000000003,5.377700000000005,0.4576381477479415,34,61
subcategory_halogen-walk.F->Cl_559,CN(C/C=C/c1ccccc1)Cc1cc2ccccc2c2ccccc12,0,authentic,authentic,,,C(=C\c1ccccc1)/CNCc1cc2ccccc2c2ccccc12,train,337.46600000000007,6.138200000000006,0.39545843421689075,26,39
subcategory_halogen-walk.F->Cl_679,O=C1[C@H](c2ccc(O)cc2)[C@@H]([C@@H](O)CCc2ccc(F)cc2)N1c1ccc(F)cc1,0,authentic,authentic,,,O=C1[C@H](c2ccccc2)[C@@H](CCCc2ccccc2)N1c1ccccc1,train,409.4320000000001,4.163100000000003,0.6012219029095799,30,65
subcategory_halogen-walk.F->Cl_1276,O=C(c1c(Cc2ccccc2Cl)n(-c2ccccc2)c2ccccc12)N1CCNCC1,1,halogen-walk,F->Cl,Cc1c(F)cccc1Cc1c(C(=O)N2CCNCC2)c2ccccc2n1-c1ccccc1,0 1 2 3 5 6 7 8 9 10 11 12 13 14 15 16 17 18 19 20 21 22 23 24 25 26 27 28 29 30,O=C(c1c(Cc2ccccc2)n(-c2ccccc2)c2ccccc12)N1CCNCC1,test,429.95100000000025,4.920100000000005,0.4995991207132025,31,50
subcategory_halogen-walk.F->Cl_1236,CC(C)(C)Nc1nc(Cl)nc2ccc(-c3ccc(Cl)cc3)cc12,1,halogen-walk,F->Cl,CC(C)(C)Nc1nc(C(F)(F)F)nc2ccc(-c3ccc(Cl)cc3)cc12,0 1 2 3 4 5 6 8 9 10 11 12 13 14 15 16 17 18 19 20 21,c1ccc(-c2ccc3ncncc3c2)cc1,train,346.261,5.814000000000004,0.5947845757775208,23,42
subcategory_halogen-walk.F->Cl_585,COc1c(Br)c2c(c(O)c1C/C=C(\C)CCC(=O)O)C(=O)OC2,0,authentic,authentic,,,O=C1OCc2ccccc21,train,385.2100000000002,3.1873000000000014,0.5772681308437497,23,45
subcategory_halogen-walk.F->Cl_391,Cc1cnc(C(=O)N2CCC(NS(=O)(=O)c3ccccc3)CC2)cn1,0,authentic,authentic,,,O=C(c1cnccn1)N1CCC(NS(=O)(=O)c2ccccc2)CC1,train,360.43900000000014,1.3681199999999998,0.8889029000024158,25,44
subcategory_halogen-walk.F->Cl_74,CCN(CC)S(=O)(=O)c1cc(C)c(C)c(NC(=O)c2cnccn2)c1,0,authentic,authentic,,,O=C(Nc1ccccc1)c1cnccn1,val,362.45500000000004,2.37624,0.851585861350783,25,46
subcategory_halogen-walk.F->Cl_518,CCCCCN[C@H]1CCc2cc(OC)c(OC)c(OC)c2-c2ccc(SC)c(=O)cc21,0,authentic,authentic,,,O=c1cccc2c(c1)CCCc1ccccc1-2,train,443.6090000000002,5.228600000000005,0.42310283987737407,31,53
subcategory_halogen-walk.F->Cl_969,Cc1ccc(C2=C[C@@H](c3ccccc3Cl)n3ncnc3N2)cc1,1,halogen-walk,F->Cl,Cc1ccc(C2=C[C@@H](c3cccc(F)c3)n3ncnc3N2)cc1,0 1 2 3 4 5 6 8 9 10 11 12 13 14 15 16 17 18 19 20 21 22,C1=C(c2ccccc2)Nc2ncnn2[C@@H]1c1ccccc1,val,322.79900000000004,4.295920000000002,0.7647661348436012,23,42
subcategory_halogen-walk.F->Cl_1112,O=C(Cn1cc(Cl)ccc1=O)NCc1cc2cc(C(=O)N3CCC(N4C(=O)CCc5ccccc54)CC3)ccc2o1,1,halogen-walk,F->Cl,O=C(Cn1cc(C(F)(F)F)ccc1=O)NCc1cc2cc(C(=O)N3CCC(N4C(=O)CCc5ccccc54)CC3)ccc2o1,5 6,O=C(Cn1ccccc1=O)NCc1cc2cc(C(=O)N3CCC(N4C(=O)CCc5ccccc54)CC3)ccc2o1,test,573.0490000000003,4.148300000000003,0.37370141613527524,41,70
subcategory_halogen-walk.F->Cl_815,Cc1cc(N2C[C@H](CNC(=O)c3ccc(Cl)s3)OC2=O)ccc1-n1cccc(OCl)c1=O,1,halogen-walk,F->Cl,Cc1cc(N2C[C@H](CNC(=O)c3ccc(Cl)s3)OC2=O)ccc1-n1cccc(OC(F)F)c1=O,1,O=C(NC[C@H]1CN(c2ccc(-n3ccccc3=O)cc2)C(=O)O1)c1cccs1,test,494.3560000000003,4.148620000000003,0.5564289467757123,32,60
subcategory_halogen-walk.F->Cl_1266,O=C1C([S@](=O)C[C@@H](O)c2cccc(Cl)c2)C(c2ccc(O)cc2)N1c1ccc(F)cc1,1,halogen-walk,F->Cl,O=C1C([S@](=O)C[C@@H](O)c2ccc(F)cc2)C(c2ccc(O)cc2)N1c1ccc(F)cc1,6 8 9 10 11 12 13 14,O=C1C([S@](=O)CCc2ccccc2)C(c2ccccc2)N1c1ccccc1,val,459.92600000000016,4.123500000000003,0.5433702228395155,31,64
subcategory_halogen-walk.F->Cl_1414,O=C1[C@@H](CCC(O)c2ccccc2Cl)[C@H](c2ccc(O)cc2)N1c1ccc(F)cc1,1,halogen-walk,F->Cl,O=C1[C@@H](CCC(O)c2ccc(F)cc2)[C@H](c2ccc(O)cc2)N1c1ccc(F)cc1,7,O=C1[C@@H](CCCc2ccccc2)[C@H](c2ccccc2)N1c1ccccc1,train,425.8870000000001,5.402600000000005,0.5194519376572729,30,59
subcategory_halogen-walk.F->Cl_646,CCc1nn(C2CCCCC2)c2c1CCN(c1cccc(OC)c1)C2=O,0,authentic,authentic,,,O=C1c2c(cnn2C2CCCCC2)CCN1c1ccccc1,train,353.46600000000007,4.162200000000004,0.8289904743800116,26,41
subcategory_halogen-walk.F->Cl_85,CC[C@@H]1OC(=O)[C@H](C)[C@@H](O[C@@H]2C[C@](C)(OC)[C@H](O)[C@@H](C)O2)[C@@H](C)[C@H](O[C@H]2O[C@@H](C)C[C@@H](N(C)C)[C@@H]2O)[C@@](C)(O)C[C@H](C)CN(C)[C@@H](C)[C@@H](O)[C@]1(C)O,0,authentic,authentic,,,O=C1C[C@@H](O[C@@H]2CCCCO2)C[C@H](O[C@@H]2CCCCO2)CCCCNCCCCO1,val,748.9960000000001,1.9007000000000054,0.23847544119122632,52,177
subcategory_halogen-walk.F->Cl_1339,CC(n1cncn1)C(O)(Cn1cncn1)c1cccc(Cl)c1,1,halogen-walk,F->Cl,CC(n1cncn1)C(O)(Cn1cncn1)c1ccc(F)cc1,0 1 2 3 4 5 6 8 9 10 11 12 13 14 15 16 17 18 19 20,c1ccc(C(Cn2cncn2)Cn2cncn2)cc1,train,318.76800000000003,1.6719999999999997,0.7735936421943949,22,37
subcategory_halogen-walk.F->Cl_1241,CC(N)CC[C@@]1(c2cccc(Cl)c2Cl)OCc2cc(C#N)ccc21,1,halogen-walk,F->Cl,CC(N)CC[C@@]1(c2ccc(F)cc2)OCc2cc(C#N)ccc21,5 6 7 8 9 10 11 12 13,c1ccc(C2OCc3ccccc32)cc1,train,361.2720000000001,4.766280000000004,0.8536888011163399,24,45
subcategory_halogen-walk.F->Cl_412,CC(O)(/C=C/[C@H]1CCC(=O)N1CCCCCCC(=O)O)Cc1ccccc1,0,authentic,authentic,,,O=C1CC[C@H](/C=C/CCc2ccccc2)N1,train,373.49300000000005,3.562400000000002,0.4591657704172334,27,48
subcategory_halogen-walk.F->Cl_600,CCN(CC)CCN(C)CCCC(C)C(C)c1nnc(-c2cccc(Cl)c2Cl)c(N)n1,0,authentic,authentic,,,c1ccc(-c2cncnn2)cc1,train,467.48900000000015,5.2210000000000045,0.46153577249209804,31,52
subcategory_halogen-walk.F->Cl_75,CCOP(=O)(O)CCCOCn1cnc2c(=O)[nH]c(N)nc21,0,authentic,authentic,,,O=c1[nH]cnc2[nH]cnc12,train,331.269,0.2879000000000002,0.4619288042959363,22,39
subcategory_halogen-walk.F->Cl_937,COc1ccc(-n2nc(Cl)c3c2C(=O)N(c2ccc(C4(C(=O)N(C)C)CC4)cc2)CC3)cc1,1,halogen-walk,F->Cl,COc1ccc(-n2nc(C(F)(F)F)c3c2C(=O)N(c2ccc(C4(C(=O)N(C)C)CC4)cc2)CC3)cc1,0 1 2 3 4 5 6 7 9 10 11 12 13 14 15 16 17 18 19 20 21 22 23 24 25 26 27 28 29 30 31 32,O=C1c2c(cnn2-c2ccccc2)CCN1c1ccc(C2CC2)cc1,train,464.9530000000003,3.857000000000003,0.5747449494288945,33,63
subcategory_halogen-walk.F->Cl_129,O=C(O)c1ccccc1NS(=O)(=O)c1ccccc1,0,authentic,authentic,,,O=S(=O)(Nc1ccccc1)c1ccccc1,train,277.301,2.1856,0.8968559473965346,19,32
subcategory_halogen-walk.F->Cl_276,CNC1CCc2cc(OC)c(OC)c(OC)c2-c2ccc(O)c(=O)cc21,0,authentic,authentic,,,O=c1cccc2c(c1)CCCc1ccccc1-2,train,357.40600000000006,2.6519000000000004,0.8760405921836134,26,44
subcategory_halogen-walk.F->Cl_373,CCOC(=O)[C@H](CCc1ccccc1)N[C@@H](C)C(=O)N1[C@H](C(=O)O)C[C@H]2CC=C[C@@H]21,0,authentic,authentic,,,O=C(CNCCCc1ccccc1)N1CC[C@H]2CC=C[C@@H]21,train,414.50200000000024,2.1591999999999993,0.47491237731898023,30,74
subcategory_halogen-walk.F->Cl_980,CC(C)c1nc(-c2ccccc2)cc(-c2cccc(Cl)c2)c1C=C[C@@H](O)[C@H](F)[C@@H](O)CC(=O)O,1,halogen-walk,F->Cl,CC(C)c1nc(-c2ccccc2)cc(-c2ccc(F)cc2)c1C=C[C@@H](O)[C@H](F)[C@@H](O)CC(=O)O,0 1 2 3 4 5 6 7 8 9 10 11 12 14 15 16 17 18 19 20 21 22 23 24 25 26 27 28 29 30 31 32 33,c1ccc(-c2ccnc(-c3ccccc3)c2)cc1,train,483.96700000000016,5.740200000000008,0.3607661173184744,34,75
subcategory_halogen-walk.F->Cl_951,O=C1[C@H](c2ccc(O)cc2)[C@@H]([C@@H](O)CCc2ccc(F)cc2)N1c1cccc(Cl)c1,1,halogen-walk,F->Cl,O=C1[C@H](c2ccc(O)cc2)[C@@H]([C@@H](O)CCc2ccc(F)cc2)N1c1ccc(F)cc1,6,O=C1[C@H](c2ccccc2)[C@@H](CCCc2ccccc2)N1c1ccccc1,train,425.88700000000006,4.677400000000003,0.5636904183996972,30,66
subcategory_halogen-walk.F->Cl_358,CCN(CC)CCOc1ccc(/C(=C\C(C)C)c2ccc(O)cc2)cc1,0,authentic,authentic,,,C=C(c1ccccc1)c1ccccc1,test,353.50600000000003,5.200500000000006,0.6723383667967249,26,43
subcategory_halogen-walk.F->Cl_693,CCCCCCCCCC(=O)NNC(=O)C[n+]1ccccc1.[Cl-],0,authentic,authentic,,,c1cc[nH+]cc1,train,341.88300000000004,-0.7337999999999967,0.3346146933359134,23,39
subcategory_halogen-walk.F->Cl_1118,CN1CCN(Cc2ccccc2-c2ccc(N3CCc4c(Cl)nn(-c5ccc6onc(N)c6c5)c4C3=O)cc2)CC1,1,halogen-walk,F->Cl,CN1CCN(Cc2ccccc2-c2ccc(N3CCc4c(C(F)(F)F)nn(-c5ccc6onc(N)c6c5)c4C3=O)cc2)CC1,1,O=C1c2c(cnn2-c2ccc3oncc3c2)CCN1c1ccc(-c2ccccc2CN2CCNCC2)cc1,train,568.081,4.866400000000003,0.32362996726335075,41,69
subcategory_halogen-walk.F->Cl_721,COc1c(CC=C(C)C)c(CCc2ccccc2)c(C(=O)O)c(OC)c1CC=C(C)C,0,authentic,authentic,,,c1ccc(CCc2ccccc2)cc1,train,422.5650000000002,6.204600000000006,0.4629095157778673,31,52
subcategory_halogen-walk.F->Cl_90,CCOc1ccc2c(c1)c(CCNC(=O)CC)c1n2Cc2ccccc2-1,0,authentic,authentic,,,c1ccc2c(c1)Cn1c-2cc2ccccc21,train,348.446,4.137400000000003,0.5690604708434973,26,42
subcategory_halogen-walk.F->Cl_273,Cc1cc(C)cc(COCCOCc2cccc(CCNC[C@H](O)c3ccc(O)c(CO)c3)c2)c1,0,authentic,authentic,,,c1ccc(CCNCCc2cccc(COCCOCc3ccccc3)c2)cc1,test,479.6170000000002,4.100440000000003,0.26037253372641805,35,57
subcategory_halogen-walk.F->Cl_680,CO[C@H]1C[NH+](CC(=O)Nc2ccc(-n3ccccc3=O)cc2F)C[C@@H]1NC(=O)c1ccc(Cl)s1,0,authentic,authentic,,,O=C(C[NH+]1CC[C@@H](NC(=O)c2cccs2)C1)Nc1ccc(-n2ccccc2=O)cc1,train,505.97900000000027,1.3420999999999998,0.4516121319156837,34,70
subcategory_halogen-walk.F->Cl_1191,Clc1ccccc1[C@@H]1CC[NH2+]C[C@H]1COc1ccc2c(c1)OCO2,1,halogen-walk,F->Cl,Fc1ccc([C@@H]2CC[NH2+]C[C@H]2COc2ccc3c(c2)OCO3)cc1,0 1 2 3 4 5 6 8 9 10 11 12 13 14 15 16 17 18 19 20 21 22 23,c1ccc([C@@H]2CC[NH2+]C[C@H]2COc2ccc3c(c2)OCO3)cc1,train,346.83400000000006,2.8146000000000004,0.9254805683441037,24,49
subcategory_halogen-walk.F->Cl_212,Nc1nc2c(ncn2CC(CO)CO)c(=O)[nH]1,0,authentic,authentic,,,O=c1[nH]cnc2[nH]cnc12,train,239.23499999999999,-1.6974000000000005,0.5029613576141493,17,31
subcategory_halogen-walk.F->Cl_493,CCCc1nc(C(C)(C)O)c(C(=O)OC)n1-c1ccc(-c2ccccc2-c2nn[nH]n2)cc1,0,authentic,authentic,,,c1ccc(-c2nn[nH]n2)c(-c2ccc(-n3ccnc3)cc2)c1,train,446.5110000000001,3.685900000000002,0.4156447442220073,33,60
subcategory_halogen-walk.F->Cl_706,CC(C)c1c(/C=C/[C@@H](O)CC(O)CC(=O)O)c(-c2ccc(F)cc2)n2ccccc12,0,authentic,authentic,,,c1ccc(-c2ccc3ccccn23)cc1,train,411.473,4.468600000000003,0.5108425586292379,30,60
subcategory_halogen-walk.F->Cl_1358,Cc1[nH]c(-c2cccc(Cl)c2)cc1C(=O)N1CC=C(c2ccccc2)CC1,1,halogen-walk,F->Cl,Cc1[nH]c(-c2ccc(F)cc2)cc1C(=O)N1CC=C(c2ccccc2)CC1,6,O=C(c1c[nH]c(-c2ccccc2)c1)N1CC=C(c2ccccc2)CC1,train,376.8870000000001,5.573020000000005,0.6365945659799372,27,50
subcategory_halogen-walk.F->Cl_731,Clc1ccc2c(NCCCCCCCNc3ccnc4cc(Cl)ccc34)ccnc2c1,0,authentic,authentic,,,c1ccc2c(NCCCCCCCNc3ccnc4ccccc34)ccnc2c1,val,453.4170000000001,7.564300000000004,0.2433129300819404,31,45
subcategory_halogen-walk.F->Cl_1267,COc1cc(C(=O)N2CCNC[C@H]2Cc2cccc(Cl)c2)cc(C(F)(F)F)c1,1,halogen-walk,F->Cl,COc1cc(C(=O)N2CCNC[C@H]2Cc2ccc(F)cc2)cc(C(F)(F)F)c1,0 1 2 3 4 5 6 7 8 9 10 11 12 14 15 16 17 18 19 20 21 22 23 24 25 26 27,O=C(c1ccccc1)N1CCNC[C@H]1Cc1ccccc1,train,412.839,4.0241000000000025,0.824183948961621,28,52
subcategory_halogen-walk.F->Cl_519,O=C1Nc2ccc(Cl)cc2C(Sc2ccccc2)(C(F)(F)F)O1,0,authentic,authentic,,,O=C1Nc2ccccc2C(Sc2ccccc2)O1,train,359.75600000000003,5.409500000000002,0.7787749608398608,23,41
subcategory_halogen-walk.F->Cl_764,CN1CCN(C2=Nc3cc(Cl)c(Cl)cc3Nc3ccccc32)CC1,0,authentic,authentic,,,c1ccc2c(c1)N=C(N1CCNCC1)c1ccccc1N2,train,361.2760000000001,4.376100000000004,0.7557657797914286,24,41
subcategory_halogen-walk.F->Cl_792,CC[C@]1(c2ccc(F)cc2)OC[C@H]([C@@H]2CCCCN2)O1,0,authentic,authentic,,,c1ccc(C2OC[C@H]([C@@H]3CCCCN3)O2)cc1,train,279.3549999999999,2.9460000000000006,0.9224952993017367,20,44
subcategory_halogen-walk.F->Cl_1363,CC(C)CN(C1CCC1)[C@@H](CNC(=O)c1ccc(Cl)s1)C(=O)Nc1ccccc1Cl,1,halogen-walk,F->Cl,CC(C)CN(C1CCC1)[C@@H](CNC(=O)c1ccc(Cl)s1)C(=O)Nc1ccc(N2CCOCC2=O)c(F)c1,22 23 24 25 26 27 28 29,O=C(NC[C@H](NC1CCC1)C(=O)Nc1ccc(N2CCOCC2=O)cc1)c1cccs1,test,468.45000000000016,5.302500000000005,0.5250228071709875,30,57
subcategory_halogen-walk.F->Cl_962,CC(c1ccc(Cl)cc1F)n1cncn1,1,halogen-walk,F->Cl,CC(c1ccc(C(F)(F)F)cc1F)n1cncn1,0 1 2 3 4 6 7 8 9 10 11 12 13 14,c1ccc(Cn2cncn2)cc1,train,225.654,2.679900000000001,0.7868919704891144,15,24
subcategory_halogen-walk.F->Cl_799,CN(CCC[C@@]1(c2cccc(Cl)c2)OCc2cc(C#N)ccc21)C(=O)OC(C)(C)C,1,halogen-walk,F->Cl,CN(CCC[C@@]1(c2ccc(F)cc2)OCc2cc(C#N)ccc21)C(=O)OC(C)(C)C,0 1 2 3 4 6 7 8 9 10 11 12 13 14 15 16 17 18 19 20 21 22 23 24 25 26 27 28 29,c1ccc(C2OCc3ccccc32)cc1,train,426.94400000000024,5.632580000000005,0.6208275302266247,30,57
subcategory_halogen-walk.F->Cl_41,CN1CC[C@@H](c2cccc(-c3ccc(F)cc3)c2)[C@H](COc2ccc3c(c2)OCO3)C1,0,authentic,authentic,,,c1ccc(-c2cccc([C@@H]3CCNC[C@H]3COc3ccc4c(c3)OCO4)c2)cc1,train,419.49600000000027,5.3357000000000046,0.5589371319567966,31,61
subcategory_halogen-walk.F->Cl_1134,CN(CCCC1(c2ccccc2Cl)OCc2cc(C#N)ccc21)C1CCC(=O)CC1,1,halogen-walk,F->Cl,CN(CCCC1(c2ccc(F)cc2)OCc2cc(C#N)ccc21)C1CCC(=O)CC1,7,O=C1CCC(NCCCC2(c3ccccc3)OCc3ccccc32)CC1,train,422.9560000000003,5.209180000000005,0.6407955476140283,30,49
subcategory_halogen-walk.F->Cl_1247,C[C@@H](C/C=C/c1ccccc1)[C@](O)(Cn1cncn1)c1cccc(Cl)c1,1,halogen-walk,F->Cl,C[C@@H](C/C=C/c1ccccc1)[C@](O)(Cn1cncn1)c1ccc(F)cc1F,6,C(=C\c1ccccc1)/CCC(Cn1cncn1)c1ccccc1,train,367.8800000000001,4.558900000000004,0.6656142133975576,26,52
subcategory_halogen-walk.F->Cl_1379,CC(C)NS(=O)(=O)c1ccc(Cl)c(C(=O)NCc2ccccc2OCl)c1,1,halogen-walk,F->Cl,CC(C)NS(=O)(=O)c1ccc(Cl)c(C(=O)NCc2ccccc2OC(F)F)c1,1,O=C(NCc1ccccc1)c1ccccc1,train,417.3140000000001,3.489300000000002,0.7225702755097083,26,47
subcategory_halogen-walk.F->Cl_1114,Clc1ccc(-c2ccc(Cn3cncn3)cc2)cc1,1,halogen-walk,F->Cl,FC(F)(F)c1ccc(-c2ccc(Cn3cncn3)cc2)cc1,1,c1ccc(-c2ccc(Cn3cncn3)cc2)cc1,test,269.735,3.6468000000000016,0.7266417955645353,19,31
subcategory_halogen-walk.F->Cl_1077,OC[C@@H]1COC(Cn2cncn2)(c2cccc(Cl)c2)C1,1,halogen-walk,F->Cl,OC[C@@H]1COC(Cn2cncn2)(c2ccc(F)cc2F)C1,6,c1ccc(C2(Cn3cncn3)CCCO2)cc1,train,293.7540000000001,1.8557999999999992,0.9345441257008545,20,38
subcategory_halogen-walk.F->Cl_138,CC(CCl)Nc1nnc(-c2cccc(Cl)c2Cl)c(N)n1,0,authentic,authentic,,,c1ccc(-c2cncnn2)cc1,train,332.62200000000007,3.466800000000001,0.838396573806883,20,36
subcategory_halogen-walk.F->Cl_738,Cc1cnc(NC(=O)C2=C(O)c3ccccc3S(=O)(=O)N2C)s1,0,authentic,authentic,,,O=C(Nc1nccs1)C1=Cc2ccccc2S(=O)(=O)N1,train,351.4090000000001,1.95092,0.8613672076779287,23,43
subcategory_halogen-walk.F->Cl_1072,CCCc1nc(C)c(C(=O)NC)n1Cc1ccc2oc(-c3ccccc3NS(=O)(=O)Cl)c(Br)c2c1,1,halogen-walk,F->Cl,CCCc1nc(C)c(C(=O)NC)n1Cc1ccc2oc(-c3ccccc3NS(=O)(=O)C(F)(F)F)c(Br)c2c1,1,c1ccc(-c2cc3cc(Cn4ccnc4)ccc3o2)cc1,train,579.9040000000002,5.623120000000005,0.26351322323995097,35,63
subcategory_halogen-walk.F->Cl_175,CCC(F)(c1cccc(OCc2ccccc2)c1)C(C)CN(C)C,0,authentic,authentic,,,c1ccc(COc2ccccc2)cc1,train,329.4590000000001,5.0381000000000045,0.6726803381266051,24,38
subcategory_halogen-walk.F->Cl_383,c1ccc2c(CC3CCNCC3)c[nH]c2c1,0,authentic,authentic,,,c1ccc2c(CC3CCNCC3)c[nH]c2c1,train,214.31199999999998,2.710000000000001,0.790076350117656,16,27
subcategory_halogen-walk.F->Cl_853,CC(C)CCN1CC[C@@H](c2cccc(Cl)c2)[C@H](COc2ccc3c(c2)OCO3)C1,1,halogen-walk,F->Cl,CC(C)CCN1CC[C@@H](c2ccc(F)cc2)[C@H](COc2ccc3c(c2)OCO3)C1,0 1 2 3 4 5 6 7 9 10 11 12 13 14 15 16 17 18 19 20 21 22 23 24 25 26 27 28,c1ccc([C@@H]2CCNC[C@H]2COc2ccc3c(c2)OCO3)cc1,train,415.9610000000003,5.599300000000006,0.588557906573973,29,57
subcategory_halogen-walk.F->Cl_1348,COC(=O)CC(=O)CC(O)/C=C/c1c(-c2ccccc2Cl)c(-c2ccccc2)n2c1C(C(C)C)CCC2,1,halogen-walk,F->Cl,COC(=O)CC(=O)CC(O)/C=C/c1c(-c2ccc(F)cc2)c(-c2ccccc2)n2c1C(C(C)C)CCC2,13 14 15 16 17 18 19 20,c1ccc(-c2cc3n(c2-c2ccccc2)CCCC3)cc1,test,520.0690000000002,6.905300000000007,0.2462911678768807,37,67
subcategory_halogen-walk.F->Cl_492,COc1ccc2c(c1)c(CC(=O)OCc1ccc(C)cc1)c(C)n2C(=O)c1ccc(Cl)cc1,0,authentic,authentic,,,O=C(Cc1cn(C(=O)c2ccccc2)c2ccccc12)OCc1ccccc1,test,461.94500000000016,5.894540000000005,0.33557423602445086,33,58
subcategory_halogen-walk.F->Cl_722,C[C@H]1C(=O)NCCCN1C(=O)C[C@H](N)Cc1cc(F)c(F)cc1F,0,authentic,authentic,,,O=C1CN(C(=O)CCCc2ccccc2)CCCN1,train,343.349,1.1008000000000004,0.8041895188129506,24,48
subcategory_halogen-walk.F->Cl_1477,O=C1C(CCC(O)c2ccc(F)cc2)C(c2ccc(-c3ccccc3)cc2)N1c1ccccc1Cl,1,halogen-walk,F->Cl,O=C1C(CCC(O)c2ccc(F)cc2)C(c2ccc(-c3ccccc3)cc2)N1c1ccc(F)cc1,7,O=C1C(CCCc2ccccc2)C(c2ccc(-c3ccccc3)cc2)N1c1ccccc1,train,485.9860000000001,7.364000000000007,0.2775959300364173,35,58
subcategory_halogen-walk.F->Cl_3,O=C1[C@H](CC[C@H](O)c2ccc(F)cc2)C[N+]1(c1ccc(O)cc1)c1ccc(F)cc1,0,authentic,authentic,,,O=C1[C@H](CCCc2ccccc2)C[N+]1(c1ccccc1)c1ccccc1,test,410.44000000000005,4.979600000000004,0.44517412920137067,30,62
subcategory_halogen-walk.F->Cl_1569,CN(C)CCCC1(c2ccccc2Cl)OC(C#N)c2ccccc21,1,halogen-walk,F->Cl,CN(C)CCCC1(c2ccc(F)cc2)OC(C#N)c2ccccc21,0 1 2 3 4 5 7 8 9 10 11 12 13 14 15 16 17 18 19 20 21 22 23,c1ccc(C2OCc3ccccc32)cc1,train,340.85400000000004,4.520280000000004,0.8024577129061067,24,38
subcategory_halogen-walk.F->Cl_596,C=CC(=O)N(C)c1cccc(-c2ccc(C(N)=O)c3[nH]c(C)c(C)c23)c1F,0,authentic,authentic,,,c1ccc(-c2cccc3[nH]ccc23)cc1,train,365.4080000000001,3.838540000000002,0.6891415067365351,27,54
subcategory_halogen-walk.F->Cl_294,CC1(C)OC(S)=Nc2ccc(-c3ccccc3Cl)cc21,0,authentic,authentic,,,C1=Nc2ccc(-c3ccccc3)cc2CO1,train,303.8140000000001,5.189600000000004,0.7193544129777371,20,35
subcategory_halogen-walk.F->Cl_495,Cc1cc(C)cc(OC(=O)CNC(=O)c2ccccc2)c1,0,authentic,authentic,,,O=C(CNC(=O)c1ccccc1)Oc1ccccc1,test,283.327,2.638840000000001,0.6929691951447841,21,35
subcategory_halogen-walk.F->Cl_1177,CCc1nc(-c2cccc(OCc3ccccc3Cl)c2)sc1C(=O)O,1,halogen-walk,F->Cl,CCc1nc(-c2cccc(OCc3ccc(F)cc3)c2)sc1C(=O)O,0 1 2 3 4 5 6 7 8 9 10 12 13 14 15 16 17 18 19 20 21 22 23 24,c1ccc(COc2cccc(-c3nccs3)c2)cc1,train,373.86100000000005,5.303100000000002,0.6362224644062956,25,40
subcategory_halogen-walk.F->Cl_1055,CC(C)C1CCN(C2CCN(C(CNC(=O)Cc3cc(Cl)cc(C(F)(F)F)c3)c3cc(F)cc(F)c3)CC2)CC1,1,halogen-walk,F->Cl,CC(C)C1CCN(C2CCN(C(CNC(=O)Cc3cc(C(F)(F)F)cc(C(F)(F)F)c3)c3cc(F)cc(F)c3)CC2)CC1,1,O=C(Cc1ccccc1)NCC(c1ccccc1)N1CCC(N2CCCCC2)CC1,train,586.0889999999998,6.869400000000008,0.3435392388374886,40,72
subcategory_halogen-walk.F->Cl_33,Br.CN(C)CCC[C@@]1(c2ccccc2)OCc2cc(C#N)ccc21,0,authentic,authentic,,,c1ccc(C2OCc3ccccc32)cc1,train,387.32100000000014,4.251780000000004,0.7696838697764604,24,43
subcategory_halogen-walk.F->Cl_1097,CC(C)c1cc(-c2cccc(Cl)c2)c(-c2ccc(F)cc2)n1CC[C@@H](O)C[C@@H](O)CC(=O)O,1,halogen-walk,F->Cl,CC(C)c1cc(-c2ccc(F)cc2)c(-c2ccc(F)cc2)n1CC[C@@H](O)C[C@@H](O)CC(=O)O,6,c1ccc(-c2cc[nH]c2-c2ccccc2)cc1,train,473.97200000000026,5.714700000000008,0.3516970119981773,33,69
subcategory_halogen-walk.F->Cl_1222,Cc1ccc2c(c1)COC2(CCCN)c1cccc(Cl)c1Cl,1,halogen-walk,F->Cl,Cc1ccc2c(c1)COC2(CCCN)c1ccc(F)cc1,0 1 2 3 4 5 6 7 8 10 11 12 13 14 15 16 17 18 19 20,c1ccc(C2OCc3ccccc32)cc1,train,336.26200000000006,4.8145200000000035,0.8691455927399887,22,36
subcategory_halogen-walk.F->Cl_1023,Clc1cccc(C2=CCNCC2COc2ccc3cc2OCO3)c1,1,halogen-walk,F->Cl,Fc1ccc(C2=CCNCC2COc2ccc3cc2OCO3)cc1,6,C1=C(c2ccccc2)C(COc2ccc3cc2OCO3)CNC1,train,343.8100000000001,3.7505000000000024,0.9174065777703246,24,36
subcategory_halogen-walk.F->Cl_1281,O=C(c1cccc(Cl)c1)N1CCC(c2noc3cc(F)ccc23)CC1,1,halogen-walk,F->Cl,O=C(c1ccc(F)cc1C(F)(F)F)N1CCC(c2noc3cc(F)ccc23)CC1,6,O=C(c1ccccc1)N1CCC(c2noc3ccccc23)CC1,train,358.8000000000001,4.640100000000003,0.6700450198607336,25,43
subcategory_halogen-walk.F->Cl_128,COc1ccc(CCOCCCCCCNCC(O)c2ccc(O)c(CO)c2)cc1,0,authentic,authentic,,,c1ccc(CCNCCCCCCOCCc2ccccc2)cc1,train,417.54600000000005,3.3358000000000017,0.3324050585121453,30,42
subcategory_halogen-walk.F->Cl_936,O=C1O[C@H](c2ccc(F)cc2)[C@@](Cn2cncn2)(c2ccccc2Cl)O1,1,halogen-walk,F->Cl,O=C1O[C@H](c2ccc(F)cc2)[C@@](Cn2cncn2)(c2ccc(F)cc2)O1,7,O=C1O[C@H](c2ccccc2)[C@@](Cn2cncn2)(c2ccccc2)O1,train,373.7710000000001,3.874200000000002,0.6492768667963716,26,52
subcategory_halogen-walk.F->Cl_859,CCCc1nn(C)c2c(=O)[nH]c(-c3cc(S(=O)(=O)Nc4cnc(C#N)c(Cl)c4)ccc3OCC)nc12,1,halogen-walk,F->Cl,CCCc1nn(C)c2c(=O)[nH]c(-c3cc(S(=O)(=O)Nc4cnc(C#N)c(C(F)(F)F)c4)ccc3OCC)nc12,1,O=c1[nH]c(-c2cccc(S(=O)(=O)Nc3cccnc3)c2)nc2cn[nH]c12,train,527.9940000000001,3.3956800000000014,0.3528603245436289,36,69
subcategory_halogen-walk.F->Cl_488,CN1[C@@H]2CCC(C)(C)[C@H]1C[C@H](OC(=O)C(O)(c1cccs1)c1cccs1)C2.Cl,0,authentic,authentic,,,O=C(O[C@@H]1C[C@H]2CCC[C@@H](C1)N2)C(c1cccs1)c1cccs1,train,442.0460000000001,4.661900000000005,0.7006545348236803,28,64
subcategory_halogen-walk.F->Cl_97,O=C(O)c1cc(S(=O)(=O)Cc2ccccc2)c(Cl)cc1NCc1ccoc1,0,authentic,authentic,,,O=S(=O)(Cc1ccccc1)c1ccc(NCc2ccoc2)cc1,test,405.85900000000015,4.217200000000003,0.6105454755503278,27,47
subcategory_halogen-walk.F->Cl_249,Cc1ncc(-c2ccc(S(C)(=O)=O)cc2)nc1C(=O)Nc1ccccc1,0,authentic,authentic,,,O=C(Nc1ccccc1)c1cncc(-c2ccccc2)n1,train,367.43000000000006,3.107820000000001,0.7652583153904517,26,46
subcategory_halogen-walk.F->Cl_616,OC(Cn1cncn1)(c1ccc(F)cc1)C1(SC(F)(F)F)CC1,0,authentic,authentic,,,c1ccc(C(Cn2cncn2)C2CC2)cc1,val,347.33700000000005,3.090600000000001,0.8447913998911384,23,41
subcategory_halogen-walk.F->Cl_1360,C[N+](C)(C)CCCC(=O)NCc1cccc(C2C(CCCc3ccccc3Cl)C(=O)N2c2ccc(F)cc2)c1,1,halogen-walk,F->Cl,C[N+](C)(C)CCCC(=O)NCc1cccc(C2C(CCC(O)c3ccc(F)cc3)C(=O)N2c2ccc(F)cc2)c1,19 20 21 22 23 24 25 26 27,O=C1C(CCCc2ccccc2)C(c2ccccc2)N1c1ccccc1,train,551.1260000000004,6.308700000000006,0.21215723529705832,39,67
subcategory_halogen-walk.F->Cl_590,COCC(=O)N[C@H]1CCc2cc(OC)c(OC)c(OC)c2-c2ccc(SC)c(=O)cc21,0,authentic,authentic,,,O=c1cccc2c(c1)CCCc1ccccc1-2,train,445.5370000000002,3.211400000000002,0.6554456714853019,31,56
subcategory_halogen-walk.F->Cl_227,CC(=O)Nc1ccccc1NS(=O)(=O)c1cc(C(=O)O)c(NCc2ccco2)cc1Cl,0,authentic,authentic,,,O=S(=O)(Nc1ccccc1)c1ccc(NCc2ccco2)cc1,train,463.8990000000001,4.002500000000001,0.39571051291893355,31,54
subcategory_halogen-walk.F->Cl_866,O=C(NC[C@@H](C(=O)Nc1ccc(N2CCOCC2=O)cc1F)N(CCl)CC(F)F)c1ccc(Cl)s1,1,halogen-walk,F->Cl,O=C(NC[C@@H](C(=O)Nc1ccc(N2CCOCC2=O)cc1F)N(CC(F)F)CC(F)(F)F)c1ccc(Cl)s1,23 24,O=C(CCNC(=O)c1cccs1)Nc1ccc(N2CCOCC2=O)cc1,train,553.3900000000001,3.4043000000000028,0.3479692046470801,35,65
subcategory_halogen-walk.F->Cl_1517,O=C1[C@@H](CCC(O)c2ccc(F)cc2)[C@H](c2ccc(O)cc2)N1c1cccc(Cl)c1,1,halogen-walk,F->Cl,O=C1[C@@H](CCC(O)c2ccc(F)cc2)[C@H](c2ccc(O)cc2)N1c1ccc(F)cc1,6,O=C1[C@@H](CCCc2ccccc2)[C@H](c2ccccc2)N1c1ccccc1,train,425.88700000000006,5.402600000000005,0.519451937657273,30,61
subcategory_halogen-walk.F->Cl_1246,CN(C)CCC[C@@]1(c2cccc(Cl)c2)O[C@@H](O)c2cc(C#N)ccc21,1,halogen-walk,F->Cl,CN(C)CCC[C@@]1(c2ccc(F)cc2)O[C@@H](O)c2cc(C#N)ccc21,0 1 2 3 4 5 7 8 9 10 11 12 13 14 15 16 17 18 19 20 21 22 23 24,c1ccc(C2OCc3ccccc32)cc1,train,356.8530000000001,3.8181800000000026,0.8844183414715391,25,52
subcategory_halogen-walk.F->Cl_1123,Clc1ccccc1[C@@H]1CCNCC1COc1ccc2c(c1)OCO2,1,halogen-walk,F->Cl,Fc1ccc([C@@H]2CCNCC2COc2ccc3c(c2)OCO3)cc1,0 1 2 3 4 5 6 8 9 10 11 12 13 14 15 16 17 18 19 20 21 22 23,c1ccc([C@@H]2CCNCC2COc2ccc3c(c2)OCO3)cc1,train,345.8260000000001,3.8408000000000015,0.9135196404920888,24,40
subcategory_halogen-walk.F->Cl_306,O=C(NCc1ccccc1)c1cc(-c2ccncc2)nnc1Cl,0,authentic,authentic,,,O=C(NCc1ccccc1)c1cnnc(-c2ccncc2)c1,train,324.7710000000001,3.1220000000000017,0.8003105724548222,23,36
subcategory_halogen-walk.F->Cl_441,CCC1CC1CC1CC1CC1CC1CCCCCCCC(=O)O,0,authentic,authentic,,,C1CC1CC1CC1CC1CC1,test,320.51700000000005,5.900200000000005,0.4288821529737869,23,32
subcategory_halogen-walk.F->Cl_1522,CC(O)C(O)(Cn1cncn1)c1cccc(Cl)c1,1,halogen-walk,F->Cl,CC(O)C(O)(Cn1cncn1)c1ccc(F)cc1F,0 1 2 4 5 6 7 8 9 10 11 12 13 14 15 16,c1ccc(CCn2cncn2)cc1,train,267.716,1.2001000000000002,0.8732512536430063,18,31
subcategory_halogen-walk.F->Cl_1574,COc1cc2c(cc1OC)C(=O)[C@@H](CC1(F)CCN(Cc3ccccc3Cl)CC1)C2,1,halogen-walk,F->Cl,COc1cc2c(cc1OC)C(=O)[C@@H](CC1(F)CCN(Cc3ccc(F)cc3)CC1)C2,0 1 2 3 4 5 6 7 8 9 10 11 12 13 14 15 16 17 18 20 21 22 23 24 25 26 27 28 29,O=C1c2ccccc2C[C@@H]1CC1CCN(Cc2ccccc2)CC1,train,431.9350000000002,5.106600000000006,0.6369351051368222,30,55
subcategory_halogen-walk.F->Cl_162,CCCCc1nc(Cl)c(CO)n1Cc1ccc(-n2cccc2C(=O)O)cc1,0,authentic,authentic,,,c1ccn(-c2ccc(Cn3ccnc3)cc2)c1,train,387.8670000000001,3.9086000000000025,0.613714489847087,27,44
subcategory_halogen-walk.F->Cl_10,O=C1C(CC[C@H](O)c2ccccc2)CN1c1ccc(-c2ccc(-c3cccc(O)c3)c(O)c2)cc1F,0,authentic,authentic,,,O=C1C(CCCc2ccccc2)CN1c1ccc(-c2ccc(-c3ccccc3)cc2)cc1,train,483.53900000000016,6.047500000000007,0.2797553487535216,36,65
subcategory_halogen-walk.F->Cl_1260,OC(CCc1ccccc1Cl)(Cn1cncn1)c1ccccc1F,1,halogen-walk,F->Cl,OC(CCc1ccc(F)cc1)(Cn1cncn1)c1ccccc1F,0 1 2 4 5 6 7 8 9 10 11 12 13 14 15 16 17 18 19 20 21 22 23,c1ccc(CCC(Cn2cncn2)c2ccccc2)cc1,train,345.805,3.5912000000000015,0.742414477340494,24,35
subcategory_halogen-walk.F->Cl_918,O=C1[C@@H](CCC(O)c2cccc(Cl)c2)[C@H](c2ccc(O)cc2)N1c1ccc(F)cc1,1,halogen-walk,F->Cl,O=C1[C@@H](CCC(O)c2ccc(F)cc2)[C@H](c2ccc(O)cc2)N1c1ccc(F)cc1,6,O=C1[C@@H](CCCc2ccccc2)[C@H](c2ccccc2)N1c1ccccc1,train,425.8870000000001,5.402600000000005,0.5194519376572729,30,61
subcategory_halogen-walk.F->Cl_1351,Cc1[nH]c(-c2cccc(Cl)c2)cc1C(=O)N1CCCCCC1,1,halogen-walk,F->Cl,Cc1[nH]c(-c2ccc(F)cc2)cc1C(=O)N1CCCCCC1,0 1 2 4 5 6 7 8 9 10 11 12 13 14 15 16 17 18 19 20 21,O=C(c1c[nH]c(-c2ccccc2)c1)N1CCCCCC1,train,316.83200000000016,4.6597200000000045,0.8590760466219088,22,40
subcategory_halogen-walk.F->Cl_284,NS(=O)(=O)c1cc2c(cc1Cl)NCN(CCSc1ccccc1)S2(=O)=O,0,authentic,authentic,,,O=S1(=O)c2ccccc2NCN1CCSc1ccccc1,val,433.9640000000001,2.1534000000000004,0.6989413166428431,26,47
subcategory_halogen-walk.F->Cl_967,O=C1[C@H](CC[C@H](O)c2ccc(F)cc2)C(c2ccc(O)cc2)N1c1ccccc1Cl,1,halogen-walk,F->Cl,O=C1[C@H](CC[C@H](O)c2ccc(F)cc2)C(c2ccc(O)cc2)N1c1ccc(F)cc1,7,O=C1[C@H](CCCc2ccccc2)C(c2ccccc2)N1c1ccccc1,train,425.88700000000006,5.402600000000005,0.519451937657273,30,58
subcategory_halogen-walk.F->Cl_1481,Cc1cc(C(=O)Nc2cccn([C@@H](Cc3cccc(Cl)c3)C(=O)N[C@H](/C=C/C(=O)OC(C)C)C[C@@H]3CCNC3=O)c2=O)no1,1,halogen-walk,F->Cl,Cc1cc(C(=O)Nc2cccn([C@@H](Cc3ccc(F)c(F)c3)C(=O)N[C@H](/C=C/C(=O)OC(C)C)C[C@@H]3CCNC3=O)c2=O)no1,13 14 15 16 17 18 19 20,O=C(Nc1cccn([C@@H](Cc2ccccc2)C(=O)NCC[C@@H]2CCNC2=O)c1=O)c1ccon1,train,624.0940000000002,3.3530200000000017,0.20436894903038136,44,93
subcategory_halogen-walk.F->Cl_78,CCCc1nc(C(C)(C)O)c(C(=O)O)n1Cc1ccc(-c2ccccc2C(=O)c2nn[nH]n2)cc1,0,authentic,authentic,,,O=C(c1nn[nH]n1)c1ccccc1-c1ccc(Cn2ccnc2)cc1,val,474.52100000000013,3.220600000000001,0.3133672306603855,35,63
subcategory_halogen-walk.F->Cl_1384,Clc1ccc(C2=CC3(CCNCC3)Oc3ccccc32)cc1,1,halogen-walk,F->Cl,FC(F)(F)c1ccc(C2=CC3(CCNCC3)Oc3ccccc32)cc1,1,C1=C(c2ccccc2)c2ccccc2OC12CCNCC2,val,311.81199999999995,4.286300000000002,0.848185538649658,22,36
subcategory_halogen-walk.F->Cl_1523,CN(C)CCCC1(c2ccc(Cl)cc2)OC(C)(C)c2ccccc21,1,halogen-walk,F->Cl,CN(C)CCCC1(c2ccc(C(F)(F)F)cc2)OC(C)(C)c2ccccc21.Cl,0 1 2 3 4 5 6 7 8 9 11 12 13 14 15 16 17 18 19 20 21 22 23,c1ccc(C2OCc3ccccc32)cc1,train,343.8980000000001,5.190700000000005,0.740258859475406,24,41
subcategory_halogen-walk.F->Cl_686,COc1nncc([C@H]2CN3CC[C@H]2C3)n1,0,authentic,authentic,,,c1nncc([C@H]2CN3CC[C@H]2C3)n1,train,206.24899999999994,0.2993000000000001,0.6962319151484645,15,31
subcategory_halogen-walk.F->Cl_202,O=C(CCc1ccccc1)c1ccccc1OC[C@H](O)CN1CCC(Cc2ccccc2)CC1,0,authentic,authentic,,,O=C(CCc1ccccc1)c1ccccc1OCCCN1CCC(Cc2ccccc2)CC1,train,457.6140000000003,5.196500000000005,0.4024098647791089,34,53
subcategory_halogen-walk.F->Cl_652,C=C(C)OC(=O)CC(=O)CC(O)/C=C/c1c(-c2ccc(F)cc2)c2ccccc2n1C(C)C,0,authentic,authentic,,,c1ccc(-c2c[nH]c3ccccc23)cc1,train,449.52200000000016,5.828500000000005,0.25357630996857705,33,60
subcategory_halogen-walk.F->Cl_57,CCOc1ccc(S(C)(=O)=O)cc1C(=O)Nc1c(C(N)=O)nn(CCOC)c1CC,0,authentic,authentic,,,O=C(Nc1cn[nH]c1)c1ccccc1,train,438.5060000000003,1.2453,0.5680716136969778,30,52
subcategory_halogen-walk.F->Cl_459,COCc1nc(-c2ccc(OC(F)F)cc2)sc1C(=O)O,0,authentic,authentic,,,c1ccc(-c2nccs2)cc1,train,315.297,3.2561000000000018,0.8858947994232518,21,35
subcategory_halogen-walk.F->Cl_767,Cc1nc(-c2ccccc2NCC2=NCCN2)n(C)n1,0,authentic,authentic,,,c1ccc(-c2ncn[nH]2)c(NCC2=NCCN2)c1,train,270.3399999999999,1.2041199999999999,0.8759107762965107,20,32
subcategory_halogen-walk.F->Cl_167,CCOC(=O)CC(O)CC(O)/C=C/c1c(-c2ccc(F)cc2)c2ccccc2n1CC,0,authentic,authentic,,,c1ccc(-c2c[nH]c3ccccc23)cc1,train,425.50000000000017,4.545600000000004,0.493749049322982,31,52
subcategory_halogen-walk.F->Cl_790,CCCC(=O)O[C@@H]1[C@H](O)[C@@]2(Br)C(CCC3=CC(=O)C=C[C@@]32C)[C@@H]2C[C@H](C)[C@](OC(=O)CC)(C(=O)COC(=O)CC)[C@@]12C,0,authentic,authentic,,,O=C1C=CC2C(=C1)CCC1C2CCC2CCC[C@H]21,test,651.5910000000001,4.564700000000005,0.21641542655716003,42,113
subcategory_halogen-walk.F->Cl_482,COC(=O)COCC=CCN1CCN([C@H](c2ccccc2)c2ccc(Cl)cc2)CC1,0,authentic,authentic,,,c1ccc(C(c2ccccc2)N2CCNCC2)cc1,train,428.96000000000015,3.7928000000000024,0.34507644104878904,30,51
subcategory_halogen-walk.F->Cl_765,COc1ccc(-n2nc(C(C)(F)F)c3c2C(=O)N(CC(=O)N2CCCC2)CC3)cc1,0,authentic,authentic,,,O=C(CN1CCc2cnn(-c3ccccc3)c2C1=O)N1CCCC1,val,418.4440000000003,2.6133000000000006,0.748785295068522,30,55
subcategory_halogen-walk.F->Cl_1028,CCC(=O)c1ccccc1OCC(O)CN1CCC(Oc2ccccc2Cl)CC1,1,halogen-walk,F->Cl,CCC(=O)c1ccccc1OCC(O)CN1CCC(Oc2ccc(F)cc2)CC1,7,c1ccc(OCCCN2CCC(Oc3ccccc3)CC2)cc1,train,417.9330000000001,4.215800000000004,0.6189536726453362,29,43
subcategory_halogen-walk.F->Cl_811,COc1ccnc(CSc2nc3ccc(OCl)cc3[nH]2)c1OC,1,halogen-walk,F->Cl,COc1ccnc(CSc2nc3ccc(OC(F)(F)F)cc3[nH]2)c1OC,1,c1ccc(CSc2nc3ccccc3[nH]2)nc1,train,351.8150000000001,3.8000000000000025,0.6810889659316248,23,37
subcategory_halogen-walk.F->Cl_109,O=C1[C@@H](SCC(O)c2ccc(F)cc2)[C@@H](c2ccc(O)cc2)N1c1ccc(F)cc1,0,authentic,authentic,,,O=C1[C@@H](SCCc2ccccc2)[C@@H](c2ccccc2)N1c1ccccc1,test,427.4720000000001,4.593700000000003,0.5650239076857069,30,61
subcategory_halogen-walk.F->Cl_849,O=C1[C@@H](c2ccc(F)cc2)[C@H](c2ccc(O)cc2)N1CC[C@H](O)c1ccccc1Cl,1,halogen-walk,F->Cl,O=C1[C@@H](c2ccc(F)cc2)[C@H](c2ccc(O)cc2)N1CC[C@H](O)c1ccc(F)cc1,7,O=C1[C@@H](c2ccccc2)[C@H](c2ccccc2)N1CCCc1ccccc1,train,425.88700000000017,4.975500000000004,0.5476554984004117,30,63
subcategory_halogen-walk.F->Cl_54,COC1CCc2nc(C)c(CCN3CCC(c4noc5cc(F)ccc45)CC3)c(=O)n2C1,0,authentic,authentic,,,O=c1c(CCN2CCC(c3noc4ccccc34)CC2)cnc2n1CCCC2,train,440.51900000000023,3.215320000000002,0.6066761029779417,32,53
subcategory_halogen-walk.F->Cl_1530,COC(=O)C[C@H](O)C[C@H](O)/C=C/n1c(C(C)C)cc(-c2ccccc2)c1-c1ccccc1Cl,1,halogen-walk,F->Cl,COC(=O)C[C@H](O)C[C@H](O)/C=C/n1c(C(C)C)cc(-c2ccccc2)c1-c1ccc(F)cc1,0 1 2 3 4 5 6 7 8 9 10 11 12 13 14 15 16 17 18 19 20 21 22 23 24 26 27 28 29 30 31,c1ccc(-c2cc[nH]c2-c2ccccc2)cc1,train,467.99300000000017,5.744600000000005,0.3931897515159056,33,66
subcategory_halogen-walk.F->Cl_923,OC[C@@](O)(Cn1cncn1)c1cccc(Cl)c1,1,halogen-walk,F->Cl,OC[C@@](O)(Cn1cncn1)c1ccc(F)cc1F,6,c1ccc(CCn2cncn2)cc1,train,253.68900000000002,0.8115999999999994,0.8460731580881753,17,32
subcategory_halogen-walk.F->Cl_454,CCC(C)N(Cc1ccccc1N1CCN(C(=O)[C@@H](Cc2ccc(Cl)cc2)NC(=O)[C@H]2Cc3ccccc3CN2)CC1)S(C)(=O)=O,0,authentic,authentic,,,O=C(N[C@H](Cc1ccccc1)C(=O)N1CCN(c2ccccc2)CC1)[C@H]1Cc2ccccc2CN1,train,666.288,3.990700000000003,0.32138958792176187,46,88
subcategory_halogen-walk.F->Cl_187,O=C(CCl)OCCOCCN1CCN(C2=Nc3ccccc3Sc3ccccc32)CC1,0,authentic,authentic,,,c1ccc2c(c1)N=C(N1CCNCC1)c1ccccc1S2,train,459.9990000000002,3.6457000000000024,0.35770391097546855,31,46
subcategory_halogen-walk.F->Cl_895,CNC[C@@H]1OCc2ccccc2[C@@H]1Oc1ccccc1Cl,1,halogen-walk,F->Cl,CNC[C@@H]1OCc2ccccc2[C@@H]1Oc1ccccc1C(F)(F)F,0 1 2 3 4 5 6 7 8 9 10 11 12 13 14 15 16 17 18,c1ccc(O[C@@H]2COCc3ccccc32)cc1,test,303.789,3.5783000000000023,0.9362953885893088,21,38
subcategory_halogen-walk.F->Cl_301,CN[C@@H]1CCc2cc(OC)c(OC)c(OC)c2-c2ccc(NCc3ccc(F)cc3)c(=O)cc21,0,authentic,authentic,,,O=c1cc2c(ccc1NCc1ccccc1)-c1ccccc1CCC2,train,464.53700000000015,4.697500000000003,0.5285088147965485,34,61
subcategory_halogen-walk.F->Cl_1051,O=C(O)C[C@@H](O)C[C@@H](O)/C=C/c1c(C2CC2)nc2ccccc2c1-c1cccc(Cl)c1,1,halogen-walk,F->Cl,O=C(O)C[C@@H](O)C[C@@H](O)/C=C/c1c(C2CC2)nc2ccccc2c1-c1ccc(F)cc1,6,c1ccc(-c2cc(C3CC3)nc3ccccc23)cc1,train,437.9230000000001,5.0324000000000035,0.45931285351046697,31,65
subcategory_halogen-walk.F->Cl_920,O=C(NC[C@H](C(=O)Nc1ccc(N2CCOCC2=O)cc1F)N(CCl)CC(F)(F)F)c1ccc(Cl)s1,1,halogen-walk,F->Cl,O=C(NC[C@H](C(=O)Nc1ccc(N2CCOCC2=O)cc1F)N(CC(F)(F)F)CC(F)(F)F)c1ccc(Cl)s1,23 24,O=C(CCNC(=O)c1cccs1)Nc1ccc(N2CCOCC2=O)cc1,train,571.3800000000001,3.701500000000003,0.27239355108353625,36,67
subcategory_halogen-walk.F->Cl_558,COc1ccc(-n2nc(C(F)(F)F)c3c2C(=O)N(C2CCN(N)CC2)CC3)cc1,0,authentic,authentic,,,O=C1c2c(cnn2-c2ccccc2)CCN1C1CCNCC1,val,409.41200000000026,2.2361000000000004,0.7872489809812347,29,53
subcategory_halogen-walk.F->Cl_328,CCCC/C=C(/C)c1ccccc1OCc1cccc(C(=O)OC)c1,0,authentic,authentic,,,c1ccc(COc2ccccc2)cc1,train,338.4470000000001,5.645700000000005,0.4609945196326105,25,39
subcategory_halogen-walk.F->Cl_171,COc1ccc(-n2nc(Sc3ccc(Cl)cc3)cc(CC[C@@H](C)NC(=O)[C@@H]3CNCCN3c3ccc(F)cc3)c2=O)cc1,0,authentic,authentic,,,O=C(NCCCc1cc(Sc2ccccc2)nn(-c2ccccc2)c1=O)[C@@H]1CNCCN1c1ccccc1,val,622.1660000000004,5.100500000000005,0.2547390958112062,43,81
subcategory_halogen-walk.F->Cl_1357,CC(CCC1C(=O)N(c2ccc(F)cc2)C1c1ccc(O)cc1)c1cccc(Cl)c1,1,halogen-walk,F->Cl,CC(CCC1C(=O)N(c2ccc(F)cc2)C1c1ccc(O)cc1)c1ccc(F)cc1,1 23 24 25 26 27 28 29,O=C1C(CCCc2ccccc2)C(c2ccccc2)N1c1ccccc1,train,423.9150000000001,6.472700000000006,0.4611747371141102,30,52
subcategory_halogen-walk.F->Cl_255,CC1(C)C=C(C(=O)NCCCNC(=O)c2ccc3c(c2)OCO3)C(C)(C)N1,0,authentic,authentic,,,O=C(NCCCNC(=O)c1ccc2c(c1)OCO2)C1=CCNC1,test,373.45300000000015,1.7381999999999995,0.6612417797745059,27,50
subcategory_halogen-walk.F->Cl_1056,Cn1cnc2c(N(C(N)=O)c3c(F)cccc3F)nc(-c3cccc(Cl)c3)nc21,1,halogen-walk,F->Cl,Cn1cnc2c(N(C(N)=O)c3c(F)cccc3F)nc(-c3ccc(F)cc3)nc21,6,c1ccc(Nc2nc(-c3ccccc3)nc3[nH]cnc23)cc1,train,414.8030000000001,4.178700000000002,0.5442138682151921,29,52
subcategory_halogen-walk.F->Cl_1524,Cc1cc(-c2ccc([C@@H]3[C@@H](CC[C@H](O)c4cccc(Cl)c4)C(=O)N3c3ccc(F)cc3)cc2)ccc1F,1,halogen-walk,F->Cl,Cc1cc(-c2ccc([C@@H]3[C@@H](CC[C@H](O)c4ccc(F)cc4)C(=O)N3c3ccc(F)cc3)cc2)ccc1F,6,O=C1[C@H](CCCc2ccccc2)[C@@H](c2ccc(-c3ccccc3)cc2)N1c1ccccc1,train,518.0030000000002,7.811520000000007,0.25386669191518857,37,78
subcategory_halogen-walk.F->Cl_1471,CCOC(=O)C1(NC(=O)CCCN2CCc3c(Cl)nn(-c4ccc(OC)cc4)c3C2=O)CC1,1,halogen-walk,F->Cl,CCOC(=O)C1(NC(=O)CCCN2CCc3c(C(F)(F)F)nn(-c4ccc(OC)cc4)c3C2=O)CC1,0 1 2 3 4 5 6 7 8 9 10 11 12 13 14 15 17 18 19 20 21 22 23 24 25 26 27 28 29 30 31 32,O=C(CCCN1CCc2cnn(-c3ccccc3)c2C1=O)NC1CC1,train,474.9450000000002,2.5247,0.5600913980845043,33,58
subcategory_halogen-walk.F->Cl_760,CN1CCN(c2nc3ccccc3n2CCc2ccccc2)CC1,0,authentic,authentic,,,c1ccc(CCn2c(N3CCNCC3)nc3ccccc32)cc1,train,320.44000000000005,3.030800000000001,0.7383756599127429,24,34
subcategory_halogen-walk.F->Cl_984,OC(CC(Br)=CBr)(Cn1cncn1)c1cccc(Cl)c1,1,halogen-walk,F->Cl,OC(CC(Br)=CBr)(Cn1cncn1)c1ccc(F)cc1F,0 2 3 4 5 6 7 8 9 10 11 12 13 14 15 16 17 18,c1ccc(CCn2cncn2)cc1,train,421.5200000000001,3.840600000000001,0.7981717757471676,20,36
subcategory_halogen-walk.F->Cl_1313,CN(C)CCCC1(c2cccc(Cl)c2)OC(C)(C)c2ccccc21,1,halogen-walk,F->Cl,CN(C)CCCC1(c2ccc(F)cc2)OC(C)(C)c2ccccc21.Cl,0 1 2 3 4 5 7 8 9 10 11 12 13 14 15 16 17 18 19 20 21 22 23,c1ccc(C2OCc3ccccc32)cc1,train,343.8980000000001,5.190700000000005,0.740258859475406,24,41
subcategory_halogen-walk.F->Cl_106,CCCOc1ccc(S(=O)(=O)Cl)cc1C(=O)N(C)c1c(C(N)=O)n[nH]c1CCC,0,authentic,authentic,,,O=C(Nc1cn[nH]c1)c1ccccc1,train,442.92500000000024,2.4540000000000006,0.5722574160408698,29,55
subcategory_halogen-walk.F->Cl_512,C[C@@H]1C=C(C2=Nc3cc(Cl)ccc3Nc3ccccc32)CCN1C,0,authentic,authentic,,,C1=C(C2=Nc3ccccc3Nc3ccccc32)CCNC1,train,337.85400000000016,5.168200000000004,0.7771249474216068,24,44
subcategory_halogen-walk.F->Cl_283,C[C@H](OCc1cccc(CCNC[C@H](O)c2ccc(O)c(CO)c2)c1)c1ccccc1,0,authentic,authentic,,,c1ccc(CCNCCc2cccc(COCc3ccccc3)c2)cc1,train,421.5370000000001,4.028000000000003,0.35160314987623925,31,55
subcategory_halogen-walk.F->Cl_1238,CC(C)(C)C(=O)N1CCC2(CC1)C1C(=O)N(c3ccccc3)C(=O)C1CN2C(=O)c1cc(Cl)cc(C(F)(F)F)c1,1,halogen-walk,F->Cl,CC(C)(C)C(=O)N1CCC2(CC1)C1C(=O)N(c3ccccc3)C(=O)C1CN2C(=O)c1cc(C(F)(F)F)cc(C(F)(F)F)c1,31 32,O=C1C2CN(C(=O)c3ccccc3)C3(CCNCC3)C2C(=O)N1c1ccccc1,train,576.0150000000004,5.027700000000006,0.4708674141976351,40,79
subcategory_halogen-walk.F->Cl_408,C[C@H]1O[C@H](O[C@H]2CC[C@@]3(C)[C@H](CC[C@@H]4[C@@H]3CC[C@]3(C)[C@@H](C5=CC(=O)OC5)CC[C@]43O)C2)CC[C@@H]1O[C@@H]1CC[C@H](O)[C@@H](C)O1,0,authentic,authentic,,,O=C1C=C([C@H]2CCC3C2CC[C@@H]2C4CC[C@H](O[C@@H]5CC[C@H](O[C@@H]6CCCCO6)CO5)C[C@H]4CC[C@@H]32)CO1,train,602.8090000000003,5.424700000000007,0.31754328933563336,43,135
subcategory_halogen-walk.F->Cl_331,CN(C[C@@H](CCN1CCC2(CC1)CS(=O)(=O)c1ccccc12)c1ccc(Cl)c(Cl)c1)S(=O)(=O)c1cccs1,0,authentic,authentic,,,O=S1(=O)CC2(CCN(CC[C@H](CNS(=O)(=O)c3cccs3)c3ccccc3)CC2)c2ccccc21,val,613.6540000000002,5.670400000000006,0.3275083638740438,38,77
subcategory_halogen-walk.F->Cl_857,O=C1CC(NC(=O)c2cc(OCl)ccc2OCCC(F)(F)F)CCN1,1,halogen-walk,F->Cl,O=C1CC(NC(=O)c2cc(OC(F)(F)F)ccc2OCCC(F)(F)F)CCN1,0 1 2 3 4 5 6 7 8 9 11 12 13 14 15 16 17 18 19 20 21 22 23 24,O=C1CC(NC(=O)c2ccccc2)CCN1,test,380.75000000000006,2.5587999999999997,0.7949075717284013,25,42
subcategory_halogen-walk.F->Cl_1080,O=C1[C@H](CCC(O)c2cccc(Cl)c2)C(c2ccc(O)cc2)N1c1ccc(F)cc1,1,halogen-walk,F->Cl,O=C1[C@H](CCC(O)c2ccc(F)cc2)C(c2ccc(O)cc2)N1c1ccc(F)cc1,0 1 2 3 4 6 7 8 9 10 11 12 13 14 15 16 17 18 19 20 21 22 23 24 25 26 27 28 29,O=C1[C@H](CCCc2ccccc2)C(c2ccccc2)N1c1ccccc1,train,425.8870000000001,5.402600000000005,0.5194519376572729,30,56
subcategory_halogen-walk.F->Cl_1029,Cc1ccc2c(-c3cccc(Cl)c3)c(/C=C/C(O)CC(O)CC(=O)O)c(C(C)C)nn12,1,halogen-walk,F->Cl,Cc1ccc2c(-c3ccc(F)cc3)c(/C=C/C(O)CC(O)CC(=O)O)c(C(C)C)nn12,6,c1ccc(-c2ccnn3cccc23)cc1,train,442.9430000000002,4.686320000000005,0.47019044920783626,31,59
subcategory_halogen-walk.F->Cl_782,CC(C)n1c(/C=C/[C@@H](O)CC(=O)CC(=O)O)c(-c2ccc(F)cc2)c2ccccc21,0,authentic,authentic,,,c1ccc(-c2c[nH]c3ccccc23)cc1,train,409.457,4.836300000000004,0.5221222117629318,30,61
subcategory_halogen-walk.F->Cl_577,C1CNCCNC1.Clc1ccc2c(c1)N=Cc1ccccc1N2,0,authentic,authentic,,,C1=Nc2ccccc2Nc2ccccc21.C1CNCCNC1,val,328.84700000000004,3.7169000000000016,0.5892568989403869,23,36
subcategory_halogen-walk.F->Cl_1486,COc1cc2c(c(OC)c1OC)-c1ccc(NCCc3ccccc3Cl)c(=O)cc1[C@@H](NC(C)=O)CC2,1,halogen-walk,F->Cl,COc1cc2c(c(OC)c1OC)-c1ccc(NCCc3cccc(F)c3)c(=O)cc1[C@@H](NC(C)=O)CC2,0 1 2 3 4 5 6 7 8 9 10 11 12 13 14 15 16 17 19 20 21 22 23 24 25 26 27 28 29 30 31 32 33 34 35 36,O=c1cc2c(ccc1NCCc1ccccc1)-c1ccccc1CCC2,train,523.0290000000002,5.171000000000004,0.42425072764452215,37,66
subcategory_halogen-walk.F->Cl_902,CC1(C)CC(Cc2ccccc2Cl)NC1=O,1,halogen-walk,F->Cl,CC1(C)CC(Cc2ccc(F)cc2)NC1=O,5 6 7 8 9 10 11 12,O=C1CCC(Cc2ccccc2)N1,train,237.73,2.797200000000001,0.8422124790320432,16,26
subcategory_halogen-walk.F->Cl_1168,CC1(c2ccccc2-c2ccc(C#N)c(Cl)c2)NC(=O)NC1=O,1,halogen-walk,F->Cl,CC1(c2ccccc2-c2ccc(C#N)c(C(F)(F)F)c2)NC(=O)NC1=O,14 15,O=C1NC(=O)C(c2ccccc2-c2ccccc2)N1,test,325.75500000000005,2.9332800000000008,0.8327885545489361,23,42
subcategory_halogen-walk.F->Cl_753,CCCc1nn(C)c2c(=O)[nH]c(-c3cc(S(=O)(=O)NCCN(CC)CC)ccc3OCC)nc12,0,authentic,authentic,,,O=c1[nH]c(-c2ccccc2)nc2cn[nH]c12,train,490.6300000000004,2.2949,0.3993605013488921,34,61
subcategory_halogen-walk.F->Cl_1531,CC(CC(=O)N=O)C[C@H](O)/C=C/c1c(-c2cccc(Cl)c2)c2ccccc2n1C(C)C,1,halogen-walk,F->Cl,CC(CC(=O)N=O)C[C@H](O)/C=C/c1c(-c2ccc(F)cc2)c2ccccc2n1C(C)C,6,c1ccc(-c2c[nH]c3ccccc23)cc1,train,438.9550000000002,6.6260000000000066,0.4011232653537381,31,60
subcategory_halogen-walk.F->Cl_1497,O=C(NCC1NCCc2ccccc21)c1ccccc1OCl,1,halogen-walk,F->Cl,O=C(NCC1NCCc2ccccc21)c1ccccc1OC(F)(F)F,0 1 2 3 4 5 6 7 8 9 10 11 12 13 14 15 16 17 18 19,O=C(NCC1NCCc2ccccc21)c1ccccc1,train,316.7880000000001,2.836000000000001,0.9116793959166132,22,32
subcategory_halogen-walk.F->Cl_633,CNC(=S)N=S(=O)=O.COc1ccc(CCNC(=O)c2cc(Cl)ccc2OC)cc1,0,authentic,authentic,,,O=C(NCCc1ccccc1)c1ccccc1,train,471.98800000000017,2.8831000000000016,0.6236502264709536,30,51
subcategory_halogen-walk.F->Cl_489,COc1cc(NC(C)=O)c(Cl)cc1C(=O)NC1CC2CCC(C1)N2Cc1ccccc1,0,authentic,authentic,,,O=C(NC1CC2CCC(C1)N2Cc1ccccc1)c1ccccc1,train,441.9590000000003,4.232400000000004,0.7032281831380991,31,52
subcategory_halogen-walk.F->Cl_1093,O=C(NC[C@@H](C(=O)Nc1ccccc1Cl)N(CC1CC1)C1CC1)c1ccc(Cl)s1,1,halogen-walk,F->Cl,O=C(NC[C@@H](C(=O)Nc1ccc(N2CCOCC2=O)c(F)c1)N(CC1CC1)C1CC1)c1ccc(Cl)s1,7,O=C(NC[C@@H](C(=O)Nc1ccc(N2CCOCC2=O)cc1)N(CC1CC1)C1CC1)c1cccs1,train,452.40700000000027,4.666400000000003,0.581672930501384,29,56
subcategory_halogen-walk.F->Cl_479,Cc1[nH]c(/C=C2\C(=O)N(CCCN(C)C)c3ccc(Cl)cc32)c(C)c1C(=O)N(C)C.Cl,0,authentic,authentic,,,O=C1Nc2ccccc2/C1=C/c1ccc[nH]1,train,465.4250000000001,4.2474400000000045,0.6494852913703902,31,64
subcategory_halogen-walk.F->Cl_1509,CCS[C@H](C)[C@](O)(Cn1cncn1)c1ccccc1Cl,1,halogen-walk,F->Cl,CCS[C@H](C)[C@](O)(Cn1cncn1)c1ccc(F)cc1F,0 1 2 3 4 6 7 8 9 10 11 12 13 14 15 16 17 18,c1ccc(CCn2cncn2)cc1,train,311.8380000000001,2.9609000000000014,0.8908523536334801,20,38
subcategory_halogen-walk.F->Cl_583,OCCCCCC=Cc1cc2c(cc1OC[C@@H]1CNCC[C@H]1c1ccc(F)cc1)OCO2,0,authentic,authentic,,,c1ccc([C@@H]2CCNC[C@H]2COc2ccc3c(c2)OCO3)cc1,train,441.5430000000002,4.892400000000005,0.514192668430945,32,54
subcategory_halogen-walk.F->Cl_1250,CC(C)C(NC(=O)Cn1cc(Cc2ccc(C(F)(F)F)cc2)cc(NC(=O)OCc2ccccc2)c1=O)C(=O)Cl,1,halogen-walk,F->Cl,CC(C)C(NC(=O)Cn1cc(Cc2ccc(C(F)(F)F)cc2)cc(NC(=O)OCc2ccccc2)c1=O)C(=O)C(F)(F)F,37 39,O=C(Nc1cc(Cc2ccccc2)c[nH]c1=O)OCc1ccccc1,train,577.9870000000002,5.112800000000004,0.3256756630311978,40,71
subcategory_halogen-walk.F->Cl_909,CCC(=O)c1ccccc1OCC(O)CN1CCC(Oc2cccc(Cl)c2)C1,1,halogen-walk,F->Cl,CCC(=O)c1ccccc1OCC(O)CN1CCC(Oc2ccc(F)c(F)c2)C1,6,c1ccc(OCCCN2CCC(Oc3ccccc3)C2)cc1,train,403.90600000000006,3.825700000000003,0.644708821091859,28,44
subcategory_halogen-walk.F->Cl_486,O=C(c1ccccc1)c1cc(-n2ncc(=O)[nH]c2=O)ccc1Cl,0,authentic,authentic,,,O=C(c1ccccc1)c1cccc(-n2ncc(=O)[nH]c2=O)c1,train,327.727,1.8051999999999997,0.7433721434336338,23,43
subcategory_halogen-walk.F->Cl_746,[2H]C1([2H])Oc2ccc(OC([2H])([2H])[C@@H]3CN(C(=O)Oc4ccccc4)CC[C@H]3c3ccc(F)cc3)cc2O1,0,authentic,authentic,,,O=C(Oc1ccccc1)N1CC[C@@H](c2ccccc2)[C@H](COc2ccc3c(c2)OCO3)C1,train,453.5024071120002,5.237900000000004,0.5290193027269007,33,83
subcategory_halogen-walk.F->Cl_841,CC(C)(O)c1nc(-c2cccc(Cl)c2)c(-c2ccncc2)[nH]1,1,halogen-walk,F->Cl,CC(C)(O)c1nc(-c2ccc(F)cc2)c(-c2ccncc2)[nH]1,6,c1ccc(-c2nc[nH]c2-c2ccncc2)cc1,train,313.788,4.0195000000000025,0.7674025589981138,22,44
subcategory_halogen-walk.F->Cl_89,Cc1ccc(S(=O)(=O)N2CCC(NC(=O)c3cnccn3)CC2)cc1,0,authentic,authentic,,,O=C(NC1CCN(S(=O)(=O)c2ccccc2)CC1)c1cnccn1,train,360.4390000000001,1.3681199999999996,0.8889029000024159,25,44
subcategory_halogen-walk.F->Cl_1450,COc1c(F)cccc1Oc1cc(Cl)ccc1C(=O)NC1CCNC(=O)C1,1,halogen-walk,F->Cl,COc1c(F)cccc1Oc1cc(C(F)(F)F)ccc1C(=O)NC1CCNC(=O)C1,0 1 2 3 4 5 6 7 8 9 10 11 13 14 15 16 17 18 19 20 21 22 23 24 25 26,O=C1CC(NC(=O)c2ccccc2Oc2ccccc2)CCN1,train,392.8140000000002,3.288400000000001,0.8182263205276832,27,44
subcategory_halogen-walk.F->Cl_339,COc1ccc(SCc2c[nH]c3nc(N)nc(N)c23)cc1OC,0,authentic,authentic,,,c1ccc(SCc2c[nH]c3ncncc23)cc1,train,331.4010000000001,2.4318,0.6154431130205607,23,38
subcategory_halogen-walk.F->Cl_1504,C[C@@H](N)[C@](O)(Cn1cncn1)c1cccc(Cl)c1,1,halogen-walk,F->Cl,C[C@@H](N)[C@](O)(Cn1cncn1)c1ccc(F)cc1F,0 1 2 4 5 6 7 8 9 10 11 12 13 14 15 16,c1ccc(CCn2cncn2)cc1,train,266.73199999999997,1.1664999999999999,0.8708352374559302,18,39
subcategory_halogen-walk.F->Cl_370,Nc1nc(N)c2nc(Sc3ccc4ccccc4c3)cnc2n1,0,authentic,authentic,,,c1ccc2cc(Sc3cnc4ncncc4n3)ccc2c1,train,320.38100000000003,2.888600000000001,0.5849219647025896,23,35
subcategory_halogen-walk.F->Cl_332,NC(=O)[C@H](Cc1ccccc1)N1C(=O)NC(c2c(F)cccc2F)C1=O,0,authentic,authentic,,,O=C1NC(c2ccccc2)C(=O)N1CCc1ccccc1,train,359.3320000000001,1.6542999999999994,0.7953820215251667,26,49
subcategory_halogen-walk.F->Cl_315,NCCCCCCC#CC1(C(F)(F)F)OC(=O)Nc2ccc(Cl)cc21,0,authentic,authentic,,,O=C1Nc2ccccc2CO1,train,374.79,4.572300000000003,0.5857011719594235,25,42
subcategory_halogen-walk.F->Cl_1405,COc1cccc(C2=CC(=Cc3ccccc3Cl)CCC2CN(C)C)c1,1,halogen-walk,F->Cl,COc1cccc(C2=CC(=Cc3ccc(F)cc3)CCC2CN(C)C)c1,7,C(=C1C=C(c2ccccc2)CCC1)c1ccccc1,train,367.9200000000002,5.787200000000006,0.6629653014334824,26,41
subcategory_halogen-walk.F->Cl_1223,CC(NC(=O)CN1C(=O)NC(C)(c2ccccc2)C1=O)c1ccccc1Cl,1,halogen-walk,F->Cl,CC(NC(=O)CN1C(=O)NC(C)(c2ccccc2)C1=O)c1ccc(F)cc1F,1 20 21 22 23 24 25 26,O=C(CN1C(=O)NC(c2ccccc2)C1=O)NCc1ccccc1,train,385.8510000000001,2.984400000000001,0.7764582512185039,27,47
subcategory_halogen-walk.F->Cl_268,CCCCCC(O)/C=C/CCCc1cccc(OCC(=O)O)c1,0,authentic,authentic,,,c1ccccc1,train,320.42900000000003,3.970100000000002,0.45157273583246965,23,35
subcategory_halogen-walk.F->Cl_1557,CC(C)n1c(/C=C/[C@@H](O)C[C@H](O)CC(=O)OC(C)(C)C)c(-c2cccc(Cl)c2)c2ccccc21,1,halogen-walk,F->Cl,CC(C)n1c(/C=C/[C@@H](O)C[C@H](O)CC(=O)OC(C)(C)C)c(-c2ccc(F)cc2)c2ccccc21,0 1 2 3 4 5 6 7 8 9 10 11 12 13 14 15 16 17 18 19 21 22 23 24 25 26 27 28 29 30 31 32 33,c1ccc(-c2c[nH]c3ccccc23)cc1,train,484.0360000000002,6.399500000000007,0.3634860445741986,34,73
subcategory_halogen-walk.F->Cl_689,CCC(N)C1(CC(=O)O)CCCCC1.Cl,0,authentic,authentic,,,C1CCCCC1,train,235.75499999999994,2.570700000000001,0.7873975815658156,15,26
subcategory_halogen-walk.F->Cl_1355,CCOCC(C)(C)C(O)(Cn1cncn1)c1cccc(Cl)c1,1,halogen-walk,F->Cl,CCOCC(C)(C)C(O)(Cn1cncn1)c1ccc(F)cc1F,0 1 2 3 4 5 6 8 9 10 11 12 13 14 15 16 17 18 19 20,c1ccc(CCn2cncn2)cc1,train,323.82400000000007,2.8820000000000014,0.8508142171210404,22,37
subcategory_halogen-walk.F->Cl_1484,O=C1CCC(NC(=O)c2ccccc2Oc2cccc(Cl)c2)CN1,1,halogen-walk,F->Cl,O=C1CCC(NC(=O)c2ccccc2Oc2ccc(F)cc2)CN1,6,O=C1CCC(NC(=O)c2ccccc2Oc2ccccc2)CN1,train,344.7980000000001,3.1407000000000016,0.8949738764989045,24,39
subcategory_halogen-walk.F->Cl_1400,O=C(c1ccc(F)cc1Cl)N1CCC(c2noc3cc(F)ccc23)CC1,1,halogen-walk,F->Cl,O=C(c1ccc(F)cc1C(F)(F)F)N1CCC(c2noc3cc(F)ccc23)CC1,1,O=C(c1ccccc1)N1CCC(c2noc3ccccc23)CC1,train,376.79000000000013,4.779200000000003,0.6463004512927014,26,44
subcategory_halogen-walk.F->Cl_1105,[2H]C1(C#CC2(Cl)OC(=O)Nc3ccc(Cl)cc32)CC1,1,halogen-walk,F->Cl,[2H]C1(C#CC2(C(F)(F)F)OC(=O)Nc3ccc(Cl)cc32)CC1,4 5,O=C1Nc2ccccc2C(C#CC2CC2)O1,train,283.1321017780001,3.7071000000000014,0.5819805423436791,18,40
subcategory_halogen-walk.F->Cl_1528,CC(C)CN(C1CCC1)[C@H](CNC(=O)c1ccc(Cl)s1)C(=O)Nc1ccccc1Cl,1,halogen-walk,F->Cl,CC(C)CN(C1CCC1)[C@H](CNC(=O)c1ccc(Cl)s1)C(=O)Nc1ccc(N2CCOCC2=O)c(F)c1,22 23 24 25 26 27 28 29,O=C(NC[C@@H](NC1CCC1)C(=O)Nc1ccc(N2CCOCC2=O)cc1)c1cccs1,train,468.45000000000016,5.302500000000005,0.5250228071709875,30,56
subcategory_halogen-walk.F->Cl_207,COC(=O)C1C(c2ccc(/C=C\Br)cc2)CC2CCC1N2C,0,authentic,authentic,,,c1ccc(C2CC3CCC(C2)N3)cc1,train,364.28300000000013,3.7915000000000028,0.7646667609682081,22,39
subcategory_halogen-walk.F->Cl_605,COc1ccc(S(=O)(=O)N(CC2CCCC2)C[C@@H](O)CN(CCc2ccccc2)C(=O)O[C@@H]2CO[C@H]3OCC[C@H]32)cc1,0,authentic,authentic,,,O=C(O[C@@H]1CO[C@H]2OCC[C@H]21)N(CCCN(CC1CCCC1)S(=O)(=O)c1ccccc1)CCc1ccccc1,train,602.7500000000002,3.679700000000002,0.36947256412520113,42,87
subcategory_halogen-walk.F->Cl_158,CC(C)OC(=O)COCC=CCN1CCN([C@H](c2ccccc2)c2ccc(Cl)cc2)CC1,0,authentic,authentic,,,c1ccc(C(c2ccccc2)N2CCNCC2)cc1,train,457.0140000000001,4.571400000000004,0.2973687404745099,32,55
subcategory_halogen-walk.F->Cl_317,NCC(CCCOc1ccc2c(c1)OCO2)c1cccc(F)c1,0,authentic,authentic,,,c1ccc(CCCCOc2ccc3c(c2)OCO3)cc1,train,317.36,3.4559000000000024,0.7947113341372659,23,35
subcategory_halogen-walk.F->Cl_281,FCCN1CC[C@@H](c2ccc(F)cc2)[C@H](COc2ccc3c(c2)OCO3)C1,0,authentic,authentic,,,c1ccc([C@@H]2CCNC[C@H]2COc2ccc3c(c2)OCO3)cc1,train,375.41500000000013,4.008400000000003,0.7634746314023481,27,52
subcategory_halogen-walk.F->Cl_463,COCCc1ccc(OCC(O)CNCCCCc2ccccc2)cc1.Cl,0,authentic,authentic,,,c1ccc(CCCCNCCCOc2ccccc2)cc1,test,393.955,3.649500000000003,0.5098776712470642,27,37
subcategory_halogen-walk.F->Cl_393,Br.NCC1(CC(=O)O)CCCCC1.NCC1(CC(=O)O)CCCCC1,0,authentic,authentic,,,C1CCCCC1.C1CCCCC1,train,423.39200000000034,3.318500000000001,0.5191827372253227,25,42
subcategory_halogen-walk.F->Cl_995,OC(Cn1cncn1)(Cn1cncn1)c1ccccc1Cl,1,halogen-walk,F->Cl,Cc1cc(F)ccc1C(O)(Cn1cncn1)Cn1cncn1,7,c1ccc(C(Cn2cncn2)Cn2cncn2)cc1,train,304.741,1.110999999999999,0.7634103371681051,21,32
subcategory_halogen-walk.F->Cl_699,CCCc1nn(C)c2c(=S)nc(-c3cc(S(=O)(=O)N4CCNCC4)ccc3OCC)[nH]c12,0,authentic,authentic,,,O=S(=O)(c1cccc(-c2nc(=S)c3[nH]ncc3[nH]2)c1)N1CCNCC1,train,476.6280000000003,2.6379900000000003,0.5051854403199595,32,59
subcategory_halogen-walk.F->Cl_438,CC(C)[C@H](NC(=O)OC(C)(C)C)C(=O)N1CCC[C@H]1C(=O)NC(Cc1ccccc1)C(=O)C(F)(F)C(=O)Nc1ccccc1,0,authentic,authentic,,,O=C(CC(=O)C(Cc1ccccc1)NC(=O)[C@@H]1CCCN1)Nc1ccccc1,test,614.6900000000002,4.097300000000002,0.32665348742395633,44,87
subcategory_halogen-walk.F->Cl_369,O=C1N(c2ccc(O)cc2)[C@@H](c2ccc(O)cc2)C1(c1ccccc1)c1ccccc1,0,authentic,authentic,,,O=C1N(c2ccccc2)[C@@H](c2ccccc2)C1(c1ccccc1)c1ccccc1,val,407.46900000000005,5.172000000000003,0.45885143818470636,31,57
subcategory_halogen-walk.F->Cl_632,[11CH3]N1CCN(C2=Nc3cc(Cl)ccc3Nc3ccccc32)CC1,0,authentic,authentic,,,c1ccc2c(c1)N=C(N1CCNCC1)c1ccccc1N2,train,325.83143360000014,3.7227000000000023,0.8005263279487049,23,43
subcategory_halogen-walk.F->Cl_742,O=C(Cc1cc(C(F)(F)F)cc(C(F)(F)F)c1)N1CCCCC1C(CN1CCC(N2CCCCC2)CC1)c1ccccc1,0,authentic,authentic,,,O=C(Cc1ccccc1)N1CCCCC1C(CN1CCC(N2CCCCC2)CC1)c1ccccc1,train,609.6990000000004,7.381900000000009,0.3067274103743198,43,72
subcategory_halogen-walk.F->Cl_37,CCCCC(O)(C(=O)OC1CN2CCC1CC2)c1ccccc1,0,authentic,authentic,,,O=C(Cc1ccccc1)OC1CN2CCC1CC2,train,317.4289999999999,2.7018000000000013,0.8197171956219775,23,36
subcategory_halogen-walk.F->Cl_1554,O=C1[C@H](c2ccc(O)cc2)[C@@H]([C@@H](O)CCc2ccc(F)cc2)N1c1ccccc1Cl,1,halogen-walk,F->Cl,O=C1[C@H](c2ccc(O)cc2)[C@@H]([C@@H](O)CCc2ccc(F)cc2)N1c1ccc(F)cc1,7,O=C1[C@H](c2ccccc2)[C@@H](CCCc2ccccc2)N1c1ccccc1,train,425.88700000000006,4.677400000000003,0.5636904183996972,30,64
subcategory_halogen-walk.F->Cl_1041,O=C1[C@H](c2ccc(O)cc2)[C@@H]([C@@H](O)CCc2ccccc2Cl)N1c1ccc(F)cc1,1,halogen-walk,F->Cl,O=C1[C@H](c2ccc(O)cc2)[C@@H]([C@@H](O)CCc2ccc(F)cc2)N1c1ccc(F)cc1,7,O=C1[C@H](c2ccccc2)[C@@H](CCCc2ccccc2)N1c1ccccc1,train,425.88700000000006,4.677400000000003,0.5636904183996972,30,64
subcategory_halogen-walk.F->Cl_867,Clc1cccc([C@@H]2CCNCC2CCOc2ccc3c(c2)OCO3)c1,1,halogen-walk,F->Cl,Fc1ccc([C@@H]2CCNCC2CCOc2ccc3c(c2)OCO3)cc1,0 1 2 3 4 5 7 8 9 10 11 12 13 14 15 16 17 18 19 20 21 22 23,c1ccc([C@@H]2CCNCC2CCOc2ccc3c(c2)OCO3)cc1,train,359.85300000000007,4.230900000000003,0.8667386682983935,25,43
subcategory_halogen-walk.F->Cl_1373,COc1ccc(C2[C@@H](CCC(O)c3ccccc3Cl)C(=O)N2c2ccc(CN)cc2)cc1,1,halogen-walk,F->Cl,COc1ccc(C2[C@@H](CCC(O)c3ccc(F)cc3)C(=O)N2c2ccc(CN)cc2)cc1,7,O=C1[C@H](CCCc2ccccc2)C(c2ccccc2)N1c1ccccc1,train,450.96600000000024,5.025200000000004,0.4720123027941703,32,57
subcategory_halogen-walk.F->Cl_1454,C[C@]12C(=O)N(c3ccccc3C(=O)NCCc3cccc(Cl)c3)C(=O)N1CCc1c2[nH]c2ccccc12,1,halogen-walk,F->Cl,C[C@]12C(=O)N(c3ccccc3C(=O)NCCc3ccc(F)cc3)C(=O)N1CCc1c2[nH]c2ccccc12,15 16 17 18 19 20 21 22,O=C(NCCc1ccccc1)c1ccccc1N1C(=O)C2c3[nH]c4ccccc4c3CCN2C1=O,train,512.9970000000002,5.0339000000000045,0.3675343645256889,37,69
subcategory_halogen-walk.F->Cl_191,CC[C@@H](O)[C@@](C)(O)C1OC(=O)[C@@H](C)[C@H](OC2C[C@@](C)(OC)C[C@H](C)O2)[C@H](C)[C@@H](O[C@@H]2O[C@H](C)C[C@H](N(C)C)[C@H]2O)[C@@H](C)[C@H]2O[C@H]([C@@H]2C)[C@@H]1C,0,authentic,authentic,,,O=C1C[C@H](OC2CCCCO2)C[C@@H](O[C@H]2CCCCO2)C[C@@H]2C[C@H](CCO1)O2,train,701.9390000000003,3.508100000000005,0.30273616128965136,49,165
subcategory_halogen-walk.F->Cl_1078,COC1Oc2ccc(OCC3CNCCC3c3cccc(Cl)c3)cc2O1,1,halogen-walk,F->Cl,COC1Oc2ccc(OCC3CNCCC3c3ccc(F)cc3)cc2O1,15 16 17 18 19 20 21 22,c1ccc(C2CCNCC2COc2ccc3c(c2)OCO3)cc1,train,375.85200000000003,3.8133000000000026,0.8606282320413511,26,39
subcategory_halogen-walk.F->Cl_1372,Cc1cccc(CCN2CCN(CC(O)(Cn3cncn3)c3cccc(Cl)c3)CC2)c1,1,halogen-walk,F->Cl,Cc1cccc(CCN2CCN(CC(O)(Cn3cncn3)c3ccc(F)cc3F)CC2)c1,0 1 2 3 4 5 6 7 8 9 10 11 12 14 15 16 17 18 19 20 21 22 23 24 25 26 27 28 29 30,c1ccc(CCN2CCN(CC(Cn3cncn3)c3ccccc3)CC2)cc1,train,439.9910000000001,2.9880200000000006,0.5843761830552469,31,50
subcategory_halogen-walk.F->Cl_261,CCOC(=O)[C@H](CCc1ccccc1)N[C@H]1CCCC2CCC[C@@H]2N(CC(=O)O)C1=O,0,authentic,authentic,,,O=C1N[C@H]2CCCC2CCC[C@@H]1NCCCc1ccccc1,test,430.54500000000036,2.7749000000000006,0.5851037725024403,31,61
subcategory_halogen-walk.F->Cl_672,CCCCCN1CC[C@H](c2cccc(C(F)(F)F)c2)[C@@H](COc2ccc3c(c2)OCO3)C1.O,0,authentic,authentic,,,c1ccc([C@H]2CCNC[C@@H]2COc2ccc3c(c2)OCO3)cc1,train,467.52800000000036,5.284100000000008,0.4955383750301515,33,63
subcategory_halogen-walk.F->Cl_1317,CC(C)n1c(C=CC(O)C[C@@H](O)CC(=O)O)c(-c2cccc(Cl)c2)c2ccccc21,1,halogen-walk,F->Cl,CC(C)n1c(C=CC(O)C[C@@H](O)CC(=O)O)c(-c2ccc(F)cc2)c2ccccc21,0 1 2 3 4 5 6 7 8 9 10 11 12 13 14 15 17 18 19 20 21 22 23 24 25 26 27 28 29,c1ccc(-c2c[nH]c3ccccc23)cc1,train,427.928,5.142400000000004,0.464328303597367,30,59
subcategory_halogen-walk.F->Cl_771,CC(C)Nc1ccc(F)cc1N1CCN(C(=O)c2cc3ccccc3[nH]2)CC1,0,authentic,authentic,,,O=C(c1cc2ccccc2[nH]1)N1CCN(c2ccccc2)CC1,train,380.4670000000001,4.089700000000003,0.7168114142147228,28,48
subcategory_halogen-walk.F->Cl_1582,O=C1CC(NC(=O)c2c(Cl)cccc2Oc2ccc(F)cc2)CCN1,1,halogen-walk,F->Cl,O=C1CC(NC(=O)c2c(Oc3ccc(F)cc3)cccc2C(F)(F)F)CCN1,0 1 2 3 4 5 6 7 9 10 11 12 13 14 15 16 17 18 19 20 21 22 23 24,O=C1CC(NC(=O)c2ccccc2Oc2ccccc2)CCN1,train,362.78800000000007,3.2798000000000007,0.876696368097303,25,42
subcategory_halogen-walk.F->Cl_634,CCCc1nn(C)c2c(=O)[nH]c(-c3cc(S(=O)(=O)NCCCCO)ccc3OCC)nc12,0,authentic,authentic,,,O=c1[nH]c(-c2ccccc2)nc2cn[nH]c12,train,463.56000000000034,1.7255999999999996,0.36799166447322446,32,57
subcategory_halogen-walk.F->Cl_173,Cc1[nH]c(/C=C2\C(=O)Nc3ccc(F)cc32)c(C)c1C(=O)N1CCN(C)CC1,0,authentic,authentic,,,O=C1Nc2ccccc2/C1=C/c1cc(C(=O)N2CCNCC2)c[nH]1,train,382.4390000000002,2.650940000000001,0.7849773112915842,28,56
subcategory_halogen-walk.F->Cl_1218,CN(C)CCC[C@@]1(c2ccccc2Cl)OCc2cc(CN)ccc21,1,halogen-walk,F->Cl,CN(C)CCC[C@@]1(c2ccc(F)cc2)OCc2cc(CN)ccc21,6 7 8 9 10 11 12 13,c1ccc(C2OCc3ccccc32)cc1,train,344.8860000000001,3.9143000000000026,0.8629074592783186,24,41
subcategory_halogen-walk.F->Cl_1588,O=C(NC[C@H]1CN(c2ccccc2Cl)C(=O)O1)c1ccc(Cl)s1,1,halogen-walk,F->Cl,O=C(NC[C@H]1CN(c2ccc(N3CCC3=O)c(F)c2)C(=O)O1)c1ccc(Cl)s1,0 1 2 3 4 5 7 8 9 10 11 12 13 14 15 16 17 18 19 20 21 22,O=C(NC[C@H]1CN(c2ccc(N3CCC3=O)cc2)C(=O)O1)c1cccs1,val,371.245,3.810100000000002,0.8893266294644396,23,45
subcategory_halogen-walk.F->Cl_802,CC(C)n1c(C=C[C@H](O)C[C@H](O)CC(=O)OC(C)(C)C)c(-c2ccccc2Cl)c2ccccc21,1,halogen-walk,F->Cl,CC(C)n1c(C=C[C@H](O)C[C@H](O)CC(=O)OC(C)(C)C)c(-c2ccc(F)cc2)c2ccccc21,7,c1ccc(-c2c[nH]c3ccccc23)cc1,train,484.0360000000002,6.399500000000008,0.3634860445741986,34,68
subcategory_halogen-walk.F->Cl_1356,CS(=O)(=O)c1nc(-c2ccc(F)cc2)c(-c2cccc(Cl)c2)[nH]1,1,halogen-walk,F->Cl,CS(=O)(=O)c1nc(-c2ccc(F)cc2)c(-c2ccc(F)cc2)[nH]1,0 1 2 3 4 5 6 7 8 9 10 11 12 13 15 16 17 18 19 20 21,c1ccc(-c2nc[nH]c2-c2ccccc2)cc1,train,350.802,3.939700000000002,0.7777995753997892,23,49
subcategory_halogen-walk.F->Cl_1343,O=C1CCC(NC(=O)c2ccccc2Oc2ccccc2Cl)CN1,1,halogen-walk,F->Cl,O=C1CCC(NC(=O)c2ccccc2Oc2ccc(F)cc2)CN1,7,O=C1CCC(NC(=O)c2ccccc2Oc2ccccc2)CN1,train,344.7980000000001,3.1407000000000016,0.8949738764989045,24,37
subcategory_halogen-walk.F->Cl_1487,CCCCc1nc(C(F)(F)Cl)c(C(=O)O)n1C1CCc2cc(-c3ccccc3-c3nn[nH]n3)ccc21,1,halogen-walk,F->Cl,CCCCc1nc(C(F)(F)C(F)(F)F)c(C(=O)O)n1C1CCc2cc(-c3ccccc3-c3nn[nH]n3)ccc21,7 10,c1ccc(-c2nn[nH]n2)c(-c2ccc3c(c2)CCC3n2ccnc2)c1,train,512.9480000000002,5.594700000000005,0.2975387564050123,36,65
subcategory_halogen-walk.F->Cl_716,OCc1cc(C(O)CNCCCC(F)(F)CCOCCc2ccccc2)ccc1O,0,authentic,authentic,,,c1ccc(CCNCCCCCCOCCc2ccccc2)cc1,train,423.5000000000001,3.572400000000003,0.3494123062116855,30,42
subcategory_halogen-walk.F->Cl_289,CC1CCN(C2=Cc3cc(Cl)ccc3Cc3ccccc32)CC1,0,authentic,authentic,,,C1=C(N2CCCCC2)c2ccccc2Cc2ccccc21,val,323.8670000000001,5.474200000000005,0.6718880580320838,23,37
subcategory_halogen-walk.F->Cl_1359,N#CCCCCN1CC[C@H](c2ccccc2Cl)[C@@H](COc2ccc3c(c2)OCO3)C1,1,halogen-walk,F->Cl,N#CCCCCN1CC[C@H](c2ccc(F)cc2)[C@@H](COc2ccc3c(c2)OCO3)C1.O=C(O)C(=O)O,9 10 11 12 13 14 15 16,c1ccc([C@H]2CCNC[C@@H]2COc2ccc3c(c2)OCO3)cc1,train,426.9440000000003,5.247080000000006,0.5395651784698929,30,55
subcategory_halogen-walk.F->Cl_1193,COC(n1cncn1)C(O)(Cn1cncn1)c1ccccc1Cl,1,halogen-walk,F->Cl,COC(n1cncn1)C(O)(Cn1cncn1)c1ccc(F)cc1F,0 1 2 3 4 5 6 7 9 10 11 12 13 14 15 16 17 18 19 20 21,c1ccc(C(Cn2cncn2)Cn2cncn2)cc1,train,334.76700000000005,1.2559999999999991,0.7293704107726922,23,36
subcategory_halogen-walk.F->Cl_166,Cc1[nH]ccc1C(=O)NCC1CC(=O)N(CCc2ccccc2)C1,0,authentic,authentic,,,O=C(NCC1CC(=O)N(CCc2ccccc2)C1)c1cc[nH]c1,train,325.412,2.14412,0.8544909778036578,24,41
subcategory_halogen-walk.F->Cl_1539,CS(=O)(=O)N1CCc2c(c(-c3ccc(Cl)cc3)nn2CC(O)CN2CCN(c3ccnc4ccccc34)CC2)C1,1,halogen-walk,F->Cl,CS(=O)(=O)N1CCc2c(c(-c3ccc(C(F)(F)F)cc3)nn2CC(O)CN2CCN(c3ccnc4ccccc34)CC2)C1,13 14,c1ccc(-c2nn(CCCN3CCN(c4ccnc5ccccc45)CC3)c3c2CNCC3)cc1,val,581.142,3.252500000000002,0.3584947694013541,40,70
subcategory_halogen-walk.F->Cl_307,NC(=O)C[S@@](=O)Cc1cccc(-c2ccccc2Cl)c1,0,authentic,authentic,,,c1ccc(-c2ccccc2)cc1,train,307.802,2.7410000000000005,0.923012003538625,20,38
subcategory_halogen-walk.F->Cl_1234,O=C(O)N1CCC(c2cccc(Cl)c2)C(COc2ccc3c(c2)OCO3)C1,1,halogen-walk,F->Cl,O=C(O)N1CCC(c2ccc(F)cc2)C(COc2ccc3c(c2)OCO3)C1,0 1 2 3 4 5 7 8 9 10 11 12 13 14 15 16 17 18 19 20 21 22 23 24 25 26,c1ccc(C2CCNCC2COc2ccc3c(c2)OCO3)cc1,train,389.8350000000002,4.231200000000004,0.8469547929741492,27,47
subcategory_halogen-walk.F->Cl_1344,COc1ccnc(CS(=O)c2nc3ccc(Cl)cc3[nH]2)c1OC,1,halogen-walk,F->Cl,COc1ccnc(CS(=O)c2nc3ccc(C(F)F)cc3[nH]2)c1OC,1,O=S(Cc1ccccn1)c1nc2ccccc2[nH]1,train,351.8150000000001,2.936300000000001,0.764335909291528,23,40
subcategory_halogen-walk.F->Cl_516,Cc1cnc(NC(=O)C2=C(O)c3ccccc3S(=O)(=O)N2C)s1.O=C(O)CC(O)C(=O)O,0,authentic,authentic,,,O=C(Nc1nccs1)C1=Cc2ccccc2S(=O)(=O)N1,train,485.49600000000027,0.8575200000000001,0.40510819353447525,32,61
subcategory_halogen-walk.F->Cl_581,CCC[C@H]1CC2C3CCC(=O)C3(C)CCC2C2(C)CCC(=O)C=C12,0,authentic,authentic,,,O=C1C=C2CCC3C4CCC(=O)C4CCC3C2CC1,test,328.4960000000001,5.113600000000005,0.7053206907275269,24,47
subcategory_halogen-walk.F->Cl_791,Nc1nc(O)c2ncc(-c3ccccc3)nc2n1,0,authentic,authentic,,,c1ccc(-c2cnc3cncnc3n2)cc1,test,239.238,1.3745999999999998,0.6652087292083497,18,29
subcategory_halogen-walk.F->Cl_1389,COc1ccc(Cl)cc1NCc1cnc2nc(N)nc(N)c2n1,1,halogen-walk,F->Cl,COc1ccc(C(F)(F)F)cc1NCc1cnc2nc(N)nc(N)c2n1,1,c1ccc(NCc2cnc3ncncc3n2)cc1,train,331.7670000000001,1.8582999999999992,0.6611324804722083,23,36
subcategory_halogen-walk.F->Cl_1142,CC(C)(n1cncn1)C(O)(Cn1cncn1)c1cccc(Cl)c1,1,halogen-walk,F->Cl,CC(C)(n1cncn1)C(O)(Cn1cncn1)c1ccc(F)cc1,0 1 2 3 4 5 6 7 9 10 11 12 13 14 15 16 17 18 19 20 21,c1ccc(C(Cn2cncn2)Cn2cncn2)cc1,train,332.7950000000001,1.8460999999999992,0.7707059255366059,23,40
subcategory_halogen-walk.F->Cl_193,CCCc1nn(C)c2c(=S)nc(-c3cc(S(=O)(=O)N4CCN(C)CC4)ccc3OCC(C)C)[nH]c12,0,authentic,authentic,,,O=S(=O)(c1cccc(-c2nc(=S)c3[nH]ncc3[nH]2)c1)N1CCNCC1,train,518.7090000000004,3.616290000000002,0.455146994999323,35,66
subcategory_halogen-walk.F->Cl_675,CCCCOC(=O)N[C@H]1CCc2cc(OC)c(OC)c(OC)c2-c2ccc(SC)c(=O)cc21,0,authentic,authentic,,,O=c1cccc2c(c1)CCCc1ccccc1-2,train,473.59100000000024,4.975100000000005,0.4278140263164849,33,58
subcategory_halogen-walk.F->Cl_134,Cl.Cl.OCCOCCN1CCN(C2=Nc3ccccc3Sc3ccccc32)CC1,0,authentic,authentic,,,c1ccc2c(c1)N=C(N1CCNCC1)c1ccccc1S2,train,456.4390000000002,3.699600000000003,0.6958513613135507,29,44
subcategory_halogen-walk.F->Cl_685,CC(/N=c1\c(O)c(O)\c1=N/c1ccccc1C#N)C(C)(C)C,0,authentic,authentic,,,N=c1cc/c1=N\c1ccccc1,train,297.35800000000006,2.4127800000000006,0.8916925780086634,22,43
subcategory_halogen-walk.F->Cl_1325,Cc1cc(C)c(/C=C/C(O)CC(O)CC(=O)O)c(-c2cccc(Cl)c2)n1,1,halogen-walk,F->Cl,Cc1cc(C)c(/C=C/C(O)CC(O)CC(=O)O)c(-c2ccc(F)cc2)n1,0 1 2 3 4 5 6 7 8 9 10 11 12 13 14 15 16 18 19 20 21 22 23 24,c1ccc(-c2ccccn2)cc1,train,375.85200000000003,3.618640000000002,0.6871723584132413,26,50
subcategory_halogen-walk.F->Cl_1292,Clc1ccccc1[C@@H]1CCN(C2CCCCCC2)C[C@H]1COc1ccc2c(c1)OCO2,1,halogen-walk,F->Cl,Fc1ccc([C@@H]2CCN(C3CCCCCC3)C[C@H]2COc2ccc3c(c2)OCO3)cc1,0 1 2 3 4 5 6 8 9 10 11 12 13 14 15 16 17 18 19 20 21 22 23 24 25 26 27 28 29 30,c1ccc([C@@H]2CCN(C3CCCCCC3)C[C@H]2COc2ccc3c(c2)OCO3)cc1,train,441.9990000000002,6.276000000000005,0.510958930832383,31,55
subcategory_halogen-walk.F->Cl_107,CC1CN=CC=C1C1=Nc2cc(Cl)ccc2Nc2ccccc21,0,authentic,authentic,,,C1=NCCC(C2=Nc3ccccc3Nc3ccccc32)=C1,train,321.81100000000004,5.164700000000003,0.7730273950660813,23,37
subcategory_halogen-walk.F->Cl_1224,CC(C)n1c(CCCO[P+](=O)CC(O)CC(=O)O)c(-c2ccccc2Cl)c2ccccc21,1,halogen-walk,F->Cl,CC(C)n1c(CCCO[P+](=O)CC(O)CC(=O)O)c(-c2ccc(F)cc2)c2ccccc21,18 19 20 21 22 23 24 25,c1ccc(-c2c[nH]c3ccccc23)cc1,train,476.91700000000014,6.069800000000006,0.2588120896989728,32,57
subcategory_halogen-walk.F->Cl_1390,CC(=O)ON1CC[C@@H](c2cccc(Cl)c2)[C@H](COc2ccc3c(c2)OCO3)C1,1,halogen-walk,F->Cl,CC(=O)ON1CC[C@@H](c2ccc(F)cc2)[C@H](COc2ccc3c(c2)OCO3)C1,0 1 2 3 4 5 6 8 9 10 11 12 13 14 15 16 17 18 19 20 21 22 23 24 25 26 27,c1ccc([C@@H]2CCNC[C@H]2COc2ccc3c(c2)OCO3)cc1,train,403.86200000000025,4.031300000000003,0.7508050348898743,28,57
subcategory_halogen-walk.F->Cl_692,CCCCN1CCCN(c2nc3ccccc3n2CCOCC)CC1,0,authentic,authentic,,,c1ccc2[nH]c(N3CCCNCC3)nc2c1,train,344.50300000000027,3.3850000000000025,0.6875421779395072,25,33
subcategory_halogen-walk.F->Cl_837,C[C@@H]1O[C@@](CCCN(C)C)(c2cccc(Cl)c2)c2ccc(C#N)cc21,1,halogen-walk,F->Cl,C[C@@H]1O[C@@](CCCN(C)C)(c2ccc(F)cc2)c2ccc(C#N)cc21,0 1 2 4 5 6 7 8 9 10 11 12 13 14 15 16 17 18 19 20 21 22 23 24,c1ccc(C2OCc3ccccc32)cc1,train,354.88100000000014,4.888280000000004,0.7666579589595991,25,52
subcategory_halogen-walk.F->Cl_793,O=C1[C@@H](CC[C@@H](O)c2ccc(F)cc2)[C@H](c2ccc(O)cc2)N1c1ccc(F)cc1,0,authentic,authentic,,,O=C1[C@@H](CCCc2ccccc2)[C@H](c2ccccc2)N1c1ccccc1,train,409.4320000000001,4.888300000000004,0.5702138618789355,30,65
subcategory_halogen-walk.F->Cl_579,OCc1cc([C@@H](O)CNCCCCCCOCC(F)(F)CCc2ccccc2)ccc1O,0,authentic,authentic,,,c1ccc(CCCCOCCCCCCNCCc2ccccc2)cc1,train,451.5540000000001,4.352600000000004,0.28537002559704155,32,49
subcategory_halogen-walk.F->Cl_763,COc1ccc2c3c1O[C@H]1[C@@H](O)C=C[C@H]4[C@@H](C2)N(C)CC[C@@]341.O.O=P(O)(O)O,0,authentic,authentic,,,C1=C[C@H]2[C@H]3Cc4cccc5c4[C@@]2(CCN3)[C@H](C1)O5,train,415.3790000000002,-0.25220000000000004,0.3620149237296026,28,74
subcategory_halogen-walk.F->Cl_745,CCN1CCC(O)(c2cccc(OC(F)F)c2F)CC1,0,authentic,authentic,,,c1ccc(C2CCNCC2)cc1,train,289.2970000000001,2.7304000000000013,0.9248297879097394,20,32
subcategory_halogen-walk.F->Cl_325,CN1[C@H]2C[C@H](OC(=O)C(O)(c3cccs3)c3cccs3)C[C@]13C[C@H]2O3,0,authentic,authentic,,,O=C(O[C@H]1C[C@@H]2N[C@]3(C1)C[C@H]2O3)C(c1cccs1)c1cccs1,test,377.48700000000014,2.550300000000001,0.8301369079293575,25,59
subcategory_halogen-walk.F->Cl_1248,O=c1oc(Nc2c(Cl)cccc2Cl)nc2cc(Cl)ccc12,1,halogen-walk,F->Cl,O=c1oc(Nc2c(Cl)cccc2Cl)nc2cc(C(F)(F)F)ccc12,1,O=c1oc(Nc2ccccc2)nc2ccccc12,train,341.5810000000001,4.891800000000003,0.720630457745908,21,37
subcategory_halogen-walk.F->Cl_1070,CCN(CC)CCCC(C)Nc1ccnc2ccc(Cl)cc12,1,halogen-walk,F->Cl,CCN(CC)CCCC(C)Nc1ccnc2ccc(C(F)(F)F)cc12,0 1 2 3 4 5 6 7 8 9 10 11 12 13 14 15 16 17 19 20,c1ccc2ncccc2c1,train,319.88000000000005,4.810600000000004,0.7564117572128701,22,33
subcategory_halogen-walk.F->Cl_1546,CCOC(=O)CCN1CC[C@H](c2cccc(Cl)c2)[C@@H](COc2ccc3c(c2)OCO3)C1,1,halogen-walk,F->Cl,CCOC(=O)CCN1CC[C@H](c2ccc(F)cc2)[C@@H](COc2ccc3c(c2)OCO3)C1,6,c1ccc([C@H]2CCNC[C@@H]2COc2ccc3c(c2)OCO3)cc1,train,445.94300000000027,4.506400000000005,0.5572063525050142,31,60
subcategory_halogen-walk.F->Cl_899,CN(C)CCC[C@@]1(c2ccccc2Cl)OCc2cc(C#N)ccc21,1,halogen-walk,F->Cl,CN(C)CCC[C@@]1(c2ccc(F)cc2)OCc2cc(C#N)ccc21,0 1 2 3 4 5 7 8 9 10 11 12 13 14 15 16 17 18 19 20 21 22 23,c1ccc(C2OCc3ccccc32)cc1,train,340.85400000000004,4.327280000000004,0.8125283120514686,24,42
subcategory_halogen-walk.F->Cl_896,CC1CCN([C@H](C)[C@](O)(Cn2cncn2)c2ccccc2Cl)CC1,1,halogen-walk,F->Cl,CC1CCN([C@H](C)[C@](O)(Cn2cncn2)c2ccc(F)cc2F)CC1,0 1 2 3 4 5 6 8 9 10 11 12 13 14 15 16 17 18 19 20 21 22 23,c1ccc(C(CN2CCCCC2)Cn2cncn2)cc1,val,348.87800000000016,2.939700000000001,0.9022148841010922,24,46
subcategory_halogen-walk.F->Cl_1449,CC(C)(COCC(F)(F)C(F)F)C(O)(Cn1cncn1)c1cccc(Cl)c1,1,halogen-walk,F->Cl,CC(C)(COCC(F)(F)C(F)F)C(O)(Cn1cncn1)c1ccc(F)cc1F,12 20 21 22 23 24 25 26,c1ccc(CCn2cncn2)cc1,train,409.81100000000004,3.762500000000003,0.6405169998424496,27,48
subcategory_halogen-walk.F->Cl_507,CN1C2CC(OC(=O)C(O)(c3cccs3)c3cccs3)CC1[C@H]1OC21,0,authentic,authentic,,,O=C(OC1CC2NC(C1)[C@H]1OC21)C(c1cccs1)c1cccs1,train,377.4870000000001,2.2010999999999994,0.6538084107919924,25,48
subcategory_halogen-walk.F->Cl_80,CC(=O)CCOc1ccc2ccc(=O)oc2c1,0,authentic,authentic,,,O=c1ccc2ccccc2o1,train,232.23499999999999,2.1509,0.7577274267070094,17,27
subcategory_halogen-walk.F->Cl_353,O=c1cnn(-c2ccc(S(=O)(=O)c3ccc([N+](=O)[O-])cc3)cc2)c(=O)[nH]1,0,authentic,authentic,,,O=c1cnn(-c2ccc(S(=O)(=O)c3ccccc3)cc2)c(=O)[nH]1,test,374.33400000000006,0.6617999999999999,0.5213390111878693,26,61
subcategory_halogen-walk.F->Cl_1323,COC(=O)CC(O)CC(O)/C=C/c1c(C(C)C)nn2c(C)ccc2c1-c1cccc(Cl)c1Cl,1,halogen-walk,F->Cl,COC(=O)CC(O)CC(O)/C=C/c1c(C(C)C)nn2c(C)ccc2c1-c1ccc(F)cc1,0 1 2 3 4 5 6 7 8 9 10 11 12 13 14 15 16 17 18 19 20 21 22 23 25 26 27 28 29 30 31,c1ccc(-c2ccnn3cccc23)cc1,train,491.4150000000002,5.428120000000004,0.41094030197190196,33,60
subcategory_halogen-walk.F->Cl_1033,O[C@@](c1ccccc1)(c1cccc(Cl)c1)[C@](O)(Cn1cncn1)c1ccc(F)cc1,1,halogen-walk,F->Cl,O[C@@](c1ccccc1)(c1ccc(F)cc1)[C@](O)(Cn1cncn1)c1ccc(F)cc1,0 2 3 4 5 6 7 8 9 10 11 12 13 14 15 16 17 18 19 20 21 22 23 24 25 26 27 28 29,c1ccc(C(Cn2cncn2)C(c2ccccc2)c2ccccc2)cc1,val,423.8750000000001,3.8945000000000034,0.4932181082505702,30,58
subcategory_halogen-walk.F->Cl_172,O=C(NC1CC1)c1cccc(OCC2CCCN(C(=O)c3c(F)cccc3F)C2)c1,0,authentic,authentic,,,O=C(NC1CC1)c1cccc(OCC2CCCN(C(=O)c3ccccc3)C2)c1,train,414.4520000000001,3.7882000000000033,0.7826015198492495,30,50
subcategory_halogen-walk.F->Cl_703,Cc1[nH]c2c(c1C(=O)NCCCN1CCCC1)CCC/C2=C1/C(=O)Nc2ccc(F)cc21,0,authentic,authentic,,,O=C1Nc2ccccc2/C1=C1\CCCc2c(C(=O)NCCCN3CCCC3)c[nH]c21,val,436.5310000000001,3.8771200000000023,0.49183117372650614,32,58
subcategory_halogen-walk.F->Cl_211,CC12CCC(OC3OC(CO)C(O)C(O)C3O)CC1CCC1C2CCC2(C)C(C3=CC(=O)OC3)CCC12O,0,authentic,authentic,,,O=C1C=C(C2CCC3C2CCC2C4CCC(OC5CCCCO5)CC4CCC23)CO1,train,536.6620000000006,1.428499999999999,0.2659996797538897,38,66
subcategory_halogen-walk.F->Cl_922,CCC(C)(C)/N=c1\c(O)c(O)\c1=N/Cc1ccccc1Cl,1,halogen-walk,F->Cl,CCC(C)(C)/N=c1\c(O)c(O)\c1=N/Cc1ccc(F)c(F)c1,0 1 2 3 4 5 6 7 8 9 10 11 12 14 15 16 17 18 19,N=c1cc/c1=N\Cc1ccccc1,train,306.793,2.817000000000002,0.9119569275968795,21,40
subcategory_halogen-walk.F->Cl_126,CCCc1nn(C)c2[nH]c(=O)c(-c3cc(S(=O)(=O)N4CCN(C)CC4)ccc3OCC)nc12,0,authentic,authentic,,,O=c1[nH]c2[nH]ncc2nc1-c1cccc(S(=O)(=O)N2CCNCC2)c1,train,474.5870000000004,1.6109,0.5534046105187581,33,62
subcategory_halogen-walk.F->Cl_308,CCN(CCCn1cc[n+](C)c1/C=N/O)S(C)(=O)=O.[Cl-],0,authentic,authentic,,,c1c[nH+]c[nH]1,train,324.83400000000006,-3.203699999999996,0.2482122397774404,20,43
subcategory_halogen-walk.F->Cl_1026,O=C1[C@H](CC[C@H](O)c2ccccc2)[C@@H](c2ccc(-c3ccc(O)cc3)c(O)c2)N1c1ccccc1Cl,1,halogen-walk,F->Cl,O=C1[C@H](CC[C@H](O)c2ccccc2)[C@@H](c2ccc(-c3ccc(O)cc3)c(O)c2)N1c1ccc(F)cc1,28 29 30 31 32 33 34 35,O=C1[C@H](CCCc2ccccc2)[C@@H](c2ccc(-c3ccccc3)cc2)N1c1ccccc1,train,499.99400000000014,6.636100000000007,0.24899674707930253,36,74
subcategory_halogen-walk.F->Cl_974,O=C1NC(=O)[C@](c2cccc(F)c2)(c2ccccc2Cl)N1,1,halogen-walk,F->Cl,O=C1NC(=O)[C@@](c2ccc(F)cc2)(c2cccc(F)c2)N1,5 13 14 15 16 17 18 19,O=C1NC(=O)C(c2ccccc2)(c2ccccc2)N1,test,304.70799999999997,2.5621,0.837830008072268,21,41
subcategory_halogen-walk.F->Cl_1239,O=C1CC(c2ccc(O)cc2)N1CCC(O)(c1ccc(F)cc1)c1cccc(Cl)c1,1,halogen-walk,F->Cl,O=C1CC(c2ccc(O)cc2)N1CCC(O)(c1ccc(F)cc1)c1ccc(F)cc1,6,O=C1CC(c2ccccc2)N1CCC(c1ccccc1)c1ccccc1,train,425.88700000000006,4.784300000000003,0.5583503503457387,30,52
subcategory_halogen-walk.F->Cl_658,CCCc1nc(C(C)O)c(C(=O)OCC)n1Cc1ccc(-c2ccccc2-c2nn[nH]n2)cc1,0,authentic,authentic,,,c1ccc(-c2nn[nH]n2)c(-c2ccc(Cn3ccnc3)cc2)c1,train,460.53800000000007,3.961000000000003,0.36290555577367917,34,58
subcategory_halogen-walk.F->Cl_385,COc1ccccc1C(=O)N1CCC(COc2ccccc2C(=O)NC2CC2)CC1,0,authentic,authentic,,,O=C(NC1CC1)c1ccccc1OCC1CCN(C(=O)c2ccccc2)CC1,test,408.49800000000016,3.518600000000002,0.7612442996356629,30,46
subcategory_halogen-walk.F->Cl_1334,Fc1ccc(OC(CC2CNC2)c2cccc(Cl)c2)cc1,1,halogen-walk,F->Cl,Fc1ccc(OC(CC2CNC2)c2ccc(F)c(F)c2)cc1,6,c1ccc(OC(CC2CNC2)c2ccccc2)cc1,train,305.78,4.208700000000003,0.8932691068692499,21,34
subcategory_halogen-walk.F->Cl_1170,CC(C)Oc1cc(Cl)ccc1C(=O)N[C@@H]1CCC[C@H]1N1CCCC1,1,halogen-walk,F->Cl,CC(C)Oc1cc(C(F)(F)F)ccc1C(=O)N[C@@H]1CCC[C@H]1N1CCCC1,0 1 2 3 4 5 7 8 9 10 11 12 13 14 15 16 17 18 19 20 21 22 23,O=C(N[C@@H]1CCC[C@H]1N1CCCC1)c1ccccc1,train,350.8900000000002,3.8739000000000026,0.8759131650997436,24,47
subcategory_halogen-walk.F->Cl_921,Clc1ccccc1C(Oc1ccccc1)C1CCCNC1,1,halogen-walk,F->Cl,Fc1ccc(C(Oc2ccccc2)C2CCCNC2)cc1,7,c1ccc(OC(c2ccccc2)C2CCCNC2)cc1,train,301.81700000000006,4.459700000000004,0.9000051245168377,21,30
subcategory_halogen-walk.F->Cl_84,NS(=O)(=O)c1cccc(CNC(=O)c2cnccn2)c1,0,authentic,authentic,,,O=C(NCc1ccccc1)c1cnccn1,train,292.32,0.05399999999999966,0.8260845040890861,20,35
subcategory_halogen-walk.F->Cl_1135,COc1ccc(-n2nc(Cl)c3c2C(=O)N(CC(=O)O)CC3)cc1,1,halogen-walk,F->Cl,COc1ccc(-n2nc(C(F)(F)F)c3c2C(=O)N(CC(=O)O)CC3)cc1,0 1 2 3 4 5 6 7 9 10 11 12 13 14 15 16 17 18 19 20 21 22,O=C1NCCc2cnn(-c3ccccc3)c21,train,335.74700000000007,1.6172,0.9173479831779103,23,43
subcategory_halogen-walk.F->Cl_1188,N#CC(CCc1cccc(Cl)c1)(Cn1cncn1)c1cccc(F)c1,1,halogen-walk,F->Cl,N#CC(CCc1ccc(F)cc1)(Cn1cncn1)c1cccc(F)c1,0 1 2 3 5 6 7 8 9 10 11 12 13 14 15 16 17 18 19 20 21 22 23 24,c1ccc(CCC(Cn2cncn2)c2ccccc2)cc1,train,354.81600000000003,4.164980000000003,0.667347880695632,25,41
subcategory_halogen-walk.F->Cl_947,N#Cc1ccc2c(c1)COCC2c1cccc(Cl)c1,1,halogen-walk,F->Cl,CCCN(C)C.N#Cc1ccc2c(c1)COCC2c1ccc(F)cc1,0 1 2 3 4 5 6 7 8 9 10 12 13 14 15 16 17,c1ccc(C2COCc3ccccc32)cc1,train,269.731,3.8737800000000027,0.7871827282775313,19,31
subcategory_halogen-walk.F->Cl_787,CCN(CC)CCCC(C)Nc1ccnc2cc(Cl)ccc12.Cl,0,authentic,authentic,,,c1ccc2ncccc2c1,train,356.34100000000007,5.2324000000000055,0.7017276800204779,23,36
subcategory_halogen-walk.F->Cl_1038,OC(Cn1cncn1)(c1ccccc1Cl)C(F)(F)c1ccc(F)cc1,1,halogen-walk,F->Cl,OC(Cn1cncn1)(c1ccc(F)cc1)C(F)(F)c1ccc(F)cc1,0 2 3 4 5 6 7 8 9 10 11 12 13 14 15 16 17 18 19 20 21 22 23 24,c1ccc(CC(Cn2cncn2)c2ccccc2)cc1,train,367.75800000000004,3.7504000000000026,0.7468749508968532,25,42
subcategory_halogen-walk.F->Cl_1216,Cc1[nH]c(/C=C\C(=O)Nc2cccc(Cl)c2)c(C)c1C(=O)NCCN1CCCC1,1,halogen-walk,F->Cl,Cc1[nH]c(/C=C2\C(=O)Nc3ccc(F)cc32)c(C)c1C(=O)NCCN1CCCC1.O=P(O)(O)O,8 9 10 11 12 13 14 15,O=C1Nc2ccccc2/C1=C/c1cc(C(=O)NCCN2CCCC2)c[nH]1,val,414.93700000000035,3.7624400000000024,0.6034499088510802,29,54
subcategory_halogen-walk.F->Cl_1259,OC(Cn1cncn1)(Cn1cncn1)c1ccc(Cl)cc1,1,halogen-walk,F->Cl,OC(Cn1cncn1)(Cn1cncn1)c1ccc(C(F)(F)F)cc1,0 1 2 3 4 5 6 7 8 9 10 11 12 13 14 15 16 18 19,c1ccc(C(Cn2cncn2)Cn2cncn2)cc1,train,304.741,1.1109999999999993,0.7634103371681051,21,34
subcategory_halogen-walk.F->Cl_184,Cc1ccc(Oc2ccc(N)cc2CC(=O)O)c(Cl)c1,0,authentic,authentic,,,c1ccc(Oc2ccccc2)cc1,train,291.734,3.6500200000000005,0.8434364874752674,20,34
subcategory_halogen-walk.F->Cl_1320,O=C(Nc1ccccc1F)N1CCC2(CC1)C(=O)N(c1ccccc1Cl)C2c1ccc(O)cc1,1,halogen-walk,F->Cl,O=C(Nc1ccccc1F)N1CCC2(CC1)C(=O)N(c1ccc(F)cc1)C2c1ccc(O)cc1,7,O=C(Nc1ccccc1)N1CCC2(CC1)C(=O)N(c1ccccc1)C2c1ccccc1,train,479.939,5.586900000000005,0.4810450192554248,34,57
subcategory_halogen-walk.F->Cl_157,O=C(CCn1ccn2nc3c(c2c1=O)CCCC3)Nc1ccc(Oc2ccccc2)cc1,0,authentic,authentic,,,O=C(CCn1ccn2nc3c(c2c1=O)CCCC3)Nc1ccc(Oc2ccccc2)cc1,train,428.492,4.1959000000000035,0.499423145512008,32,50
subcategory_halogen-walk.F->Cl_587,N#Cc1nnc(-c2ccc(Cl)cc2)nc1Cl,0,authentic,authentic,,,c1ccc(-c2nccnn2)cc1,val,251.076,2.71708,0.7811270847117966,16,28
subcategory_halogen-walk.F->Cl_755,Cc1nsc(Sc2nc(N)nc3nc[nH]c23)n1,0,authentic,authentic,,,c1nsc(Sc2ncnc3nc[nH]c23)n1,train,265.327,1.2462199999999999,0.6712820758692681,17,30
subcategory_halogen-walk.F->Cl_116,COc1cc2nc(S(=O)Cc3cccc4c3N(C)CCC4)[nH]c2cc1F,0,authentic,authentic,,,O=S(Cc1cccc2c1NCCC2)c1nc2ccccc2[nH]1,train,373.45300000000015,3.400800000000002,0.7615161052368153,26,44
subcategory_halogen-walk.F->Cl_77,CC(C)C[C@H](NC(=O)OCc1ccccc1)C(=O)N1CCCC(NC(=O)[C@@H](CC(C)C)NC(=O)OCc2ccccc2)C(=O)C1,0,authentic,authentic,,,O=C(CNC(=O)OCc1ccccc1)NC1CCCN(C(=O)CNC(=O)OCc2ccccc2)CC1=O,val,622.7630000000003,4.344900000000002,0.30154786773169845,45,85
subcategory_halogen-walk.F->Cl_925,COc1cccc(N(C(=O)Nc2cccc(Cl)c2)C(C)c2nc3ccc(NS(C)(=O)=O)cc3c(=O)n2N2CCN(C)CC2)c1,1,halogen-walk,F->Cl,COc1cccc(N(C(=O)Nc2ccc(F)cc2)C(C)c2nc3ccc(NS(C)(=O)=O)cc3c(=O)n2N2CCN(C)CC2)c1,10 11 12 13 14 15 16 17,O=C(Nc1ccccc1)N(Cc1nc2ccccc2c(=O)n1N1CCNCC1)c1ccccc1,train,640.1659999999998,4.113100000000004,0.2947632652289179,44,79
subcategory_halogen-walk.F->Cl_945,Fc1cc(F)cc(CNc2nc(Cl)nc3ccccc23)c1,1,halogen-walk,F->Cl,Fc1cc(F)cc(CNc2nc(C(F)(F)F)nc3ccccc23)c1,0 1 2 3 4 5 6 7 8 9 10 12 13 14 15 16 17 18 19 20,c1ccc(CNc2ncnc3ccccc23)cc1,train,305.71500000000003,4.1735000000000015,0.7378941234360639,21,34
subcategory_halogen-walk.F->Cl_1543,Fc1ccc2c(c1)[C@H]1CCCN1C[C@H]2c1cccc(Cl)c1,1,halogen-walk,F->Cl,Fc1ccc([C@@H]2CN3CCC[C@@H]3c3cc(F)ccc32)cc1,6,c1ccc([C@@H]2CN3CCC[C@@H]3c3ccccc32)cc1,train,301.792,4.761500000000003,0.7337221451284747,21,42
subcategory_halogen-walk.F->Cl_151,COc1ccc(S(=O)(=O)c2ccc(C3(C4CCN(C5CCN(C(=O)c6cc(N)ccc6Cl)CC5)CC4)OCCO3)cc2)cc1,0,authentic,authentic,,,O=C(c1ccccc1)N1CCC(N2CCC(C3(c4ccc(S(=O)(=O)c5ccccc5)cc4)OCCO3)CC2)CC1,test,640.2020000000001,4.980000000000004,0.3605691655659834,44,78
subcategory_halogen-walk.F->Cl_1039,O=C(CCc1ccccc1Cl)c1cc(F)ccc1OCC(O)CN1CCC(O)CC1,1,halogen-walk,F->Cl,O=C(CCc1ccc(F)cc1)c1cc(F)ccc1OCC(O)CN1CCC(O)CC1,7,O=C(CCc1ccccc1)c1ccccc1OCCCN1CCCCC1,train,435.9230000000003,3.4910000000000023,0.5899056034339217,30,46
subcategory_halogen-walk.F->Cl_720,CC(C)(C)C(O)(Cn1cncn1)c1ccc(F)cc1F,0,authentic,authentic,,,c1ccc(CCn2cncn2)cc1,train,281.306,2.4902000000000006,0.9400493792431284,20,34
subcategory_halogen-walk.F->Cl_115,CCN1CCCCCC1c1ccc(-c2cc(S(=O)(=O)CC)ccc2OC)[nH]1,0,authentic,authentic,,,c1ccc(-c2ccc(C3CCCCCN3)[nH]2)cc1,val,390.5490000000002,4.420900000000004,0.7929557550281835,27,47
subcategory_halogen-walk.F->Cl_1211,CN1CCC(COCc2cc(-c3ccccc3)cc(Cl)c2C#N)(c2ccc(F)cc2F)CC1,1,halogen-walk,F->Cl,CN1CCC(COCc2cc(-c3ccccc3)cc(C(F)(F)F)c2C#N)(c2ccc(F)cc2F)CC1,0 1 2 3 4 5 6 7 8 9 10 11 12 13 14 15 16 17 19 20 21 22 23 24 25 26 27 28 29 30 31 32,c1ccc(-c2cccc(COCC3(c4ccccc4)CCNCC3)c2)cc1,train,466.95900000000023,6.337080000000006,0.4251544359100144,33,54
subcategory_halogen-walk.F->Cl_562,COc1cc(Cl)ccc1C(=O)NC1C(c2ccc(S(N)(=O)=O)cc2)C1(C)C,0,authentic,authentic,,,O=C(NC1CC1c1ccccc1)c1ccccc1,train,408.9070000000002,2.918000000000002,0.7940525184985238,27,51
subcategory_halogen-walk.F->Cl_620,CCCCNc1ccc2c(cc1=O)C(NC(C)=O)CCc1cc(OC)c(OC)c(OC)c1-2,0,authentic,authentic,,,O=c1cccc2c(c1)CCCc1ccccc1-2,train,440.5400000000003,4.075000000000003,0.6019800728490343,32,53
subcategory_halogen-walk.F->Cl_1293,COc1ccc(-n2nc(Cl)cc2C(=O)Cc2ccc(N3CCCCC3=O)cc2)cc1,1,halogen-walk,F->Cl,COc1ccc(-n2nc(C(F)(F)F)cc2C(=O)Cc2ccc(N3CCCCC3=O)cc2)cc1,1,O=C(Cc1ccc(N2CCCCC2=O)cc1)c1ccnn1-c1ccccc1,train,423.90000000000026,4.476600000000004,0.5482818783947889,30,50
subcategory_halogen-walk.F->Cl_905,CN(CC(O)(Cn1cncn1)c1ccccc1Cl)C1CCN(Cc2ccccc2)CC1,1,halogen-walk,F->Cl,CN(CC(O)(Cn1cncn1)c1ccc(F)cc1F)C1CCN(Cc2ccccc2)CC1,7,c1ccc(CN2CCC(NCC(Cn3cncn3)c3ccccc3)CC2)cc1,train,439.9910000000003,3.415700000000002,0.5824659618619099,31,48
subcategory_halogen-walk.F->Cl_960,CC(N)n1c(/C=C/C2CC(O)CC(=O)O2)c(-c2cccc(Cl)c2)c2ccccc21,1,halogen-walk,F->Cl,Cc1cc(-c2c(/C=C/C3CC(O)CC(=O)O3)n(C(C)N)c3ccccc23)ccc1F,6,O=C1CCCC(/C=C/c2[nH]c3ccccc3c2-c2ccccc2)O1,train,410.90100000000007,4.518600000000004,0.6197590369869437,29,55
subcategory_halogen-walk.F->Cl_139,CCCc1nc2c(n1Cc1ccc(-c3ccccc3-c3nn[nH]n3)cc1)C(O)(CC(=O)O)CCCC2,0,authentic,authentic,,,c1ccc(-c2nn[nH]n2)c(-c2ccc(Cn3cnc4c3CCCCC4)cc2)c1,train,486.57600000000036,4.119700000000002,0.31945321250010766,36,62
subcategory_halogen-walk.F->Cl_900,CC(C)(C)NC(=O)[C@@H]1C[C@H](Cl)CN1C(=O)[C@@H](O)[C@H](Cc1cccc(C(F)(F)F)c1)NCc1ccccc1Cl,1,halogen-walk,F->Cl,Cc1c(O)cc(F)cc1C(=O)N[C@@H](Cc1cccc(C(F)(F)F)c1)[C@H](O)C(=O)N1C[C@@H](Cl)C[C@H]1C(=O)NC(C)(C)C,29 30 31 32 33 34 35 36 37,O=C(N[C@H](CC(=O)N1CCCC1)Cc1ccccc1)c1ccccc1,train,574.4710000000001,4.543600000000003,0.4047849219575815,38,86
subcategory_halogen-walk.F->Cl_309,COc1ccc(CNC(=O)C2CCN(C(=O)c3cc4c(=O)[nH]c(C)cn4n3)CC2)cc1,0,authentic,authentic,,,O=C(NCc1ccccc1)C1CCN(C(=O)c2cc3c(=O)[nH]ccn3n2)CC1,train,423.4730000000002,1.508219999999999,0.6466473725084183,31,57
subcategory_halogen-walk.F->Cl_647,CC(C)(COc1ccc2c(c1)NC(=O)CC2)CN1CCC(Cc2ccccc2)CC1,0,authentic,authentic,,,O=C1CCc2ccc(OCCCN3CCC(Cc4ccccc4)CC3)cc2N1,test,406.5700000000002,4.9310000000000045,0.7087383268889047,30,49
subcategory_halogen-walk.F->Cl_1284,CC(C)n1c(/C=C/C(O)CC(O)CC(=O)OC(C)(C)C)c(-c2cccc(Cl)c2)c2ncccc21,1,halogen-walk,F->Cl,CC(C)n1c(/C=C/C(O)CC(O)CC(=O)OC(C)(C)C)c(-c2ccc(F)cc2)c2ncccc21,6,c1ccc(-c2c[nH]c3cccnc23)cc1,train,485.02400000000017,5.7945000000000055,0.3948559893840031,34,64
subcategory_halogen-walk.F->Cl_661,CO[C@]12CC[C@@]3(C[C@@H]1[C@@H](O)CC1CCCCC1)[C@H]1Cc4ccc(O)c5c4[C@@]3(CCN1CC1CC1)[C@H]2O5,0,authentic,authentic,,,c1cc2c3c(c1)O[C@H]1C4CC[C@@]5(C[C@@H]4CCC4CCCCC4)[C@@H](C2)N(CC2CC2)CC[C@]315,train,493.68800000000033,4.948000000000006,0.587340757346202,36,89
subcategory_halogen-walk.F->Cl_1279,CCCCN(Cc1ccccc1)CC(O)(Cn1cncn1)c1cccc(Cl)c1,1,halogen-walk,F->Cl,CCCCN(Cc1ccccc1)CC(O)(Cn1cncn1)c1ccc(F)cc1F,0 1 2 3 4 5 6 7 8 9 10 11 12 14 15 16 17 18 19 20 21 22 23 24 25 26,c1ccc(CNCC(Cn2cncn2)c2ccccc2)cc1,train,398.9380000000001,4.1216000000000035,0.5577184773170645,28,43
subcategory_halogen-walk.F->Cl_1301,O=C(NCCN1CCN(C(=O)c2cccc(OCl)c2)CC1)c1cccc(OC(F)F)c1,1,halogen-walk,F->Cl,O=C(NCCN1CCN(C(=O)c2cccc(OC(F)F)c2)CC1)c1cccc(OC(F)F)c1,0 1 2 3 4 5 6 7 8 9 10 11 12 13 14 15 17 18 19 20 21 22 23 24 25 26 27 28 29 30,O=C(NCCN1CCN(C(=O)c2ccccc2)CC1)c1ccccc1,train,453.87300000000016,3.0084000000000026,0.6650354743837139,31,52
subcategory_halogen-walk.F->Cl_1316,CC(C)(n1cncn1)C(O)(Cn1cncn1)c1ccccc1Cl,1,halogen-walk,F->Cl,CC(C)(n1cncn1)C(O)(Cn1cncn1)c1ccc(F)cc1F,8 16 17 18 19 20 21 22,c1ccc(C(Cn2cncn2)Cn2cncn2)cc1,train,332.7950000000001,1.8460999999999992,0.7707059255366059,23,38
subcategory_halogen-walk.F->Cl_1156,CN(C(c1cccc(F)c1)c1ccccc1Cl)n1cncn1,1,halogen-walk,F->Cl,CN(C(c1ccc(F)cc1)c1cccc(F)c1)n1cncn1,7,c1ccc(C(Nn2cncn2)c2ccccc2)cc1,train,316.767,3.4280000000000017,0.7392693343877432,22,35
subcategory_halogen-walk.F->Cl_1394,CC(C)n1c(C=CC(O)CC(O)CC(=O)O)c(-c2ccccc2Cl)c2cnccc21,1,halogen-walk,F->Cl,CC(C)n1c(C=CC(O)CC(O)CC(=O)O)c(-c2ccc(F)cc2)c2cnccc21,7,c1ccc(-c2c[nH]c3ccncc23)cc1,train,428.916,4.537400000000003,0.4892646685851331,30,52
subcategory_halogen-walk.F->Cl_919,O=C(Oc1ccccc1)N1CC[C@@H](c2ccccc2Cl)[C@H](COc2ccc3c(c2)OCO3)C1,1,halogen-walk,F->Cl,O=C(Oc1ccccc1)N1CC[C@@H](c2ccc(F)cc2)[C@H](COc2ccc3c(c2)OCO3)C1,7,O=C(Oc1ccccc1)N1CC[C@@H](c2ccccc2)[C@H](COc2ccc3c(c2)OCO3)C1,train,465.9330000000003,5.752200000000005,0.47970834017395025,33,62
subcategory_halogen-walk.F->Cl_1186,C[C@@H](C/C=C/c1ccccc1C(F)(F)F)[C@](O)(Cn1cncn1)c1ccccc1Cl,1,halogen-walk,F->Cl,C[C@@H](C/C=C/c1ccccc1C(F)(F)F)[C@](O)(Cn1cncn1)c1ccc(F)cc1F,0 1 2 3 4 5 6 7 8 9 10 11 12 13 14 16 17 18 19 20 21 22 23 24 25 26 27 28,C(=C\c1ccccc1)/CCC(Cn1cncn1)c1ccccc1,train,435.87700000000007,5.577700000000005,0.5269000323759495,30,58
subcategory_halogen-walk.F->Cl_1154,O=C1[C@@H](c2ccccc2Cl)[C@H](c2ccc(O)cc2)N1CC[C@H](O)c1ccc(F)cc1,1,halogen-walk,F->Cl,O=C1[C@@H](c2ccc(F)cc2)[C@H](c2ccc(O)cc2)N1CC[C@H](O)c1ccc(F)cc1,7,O=C1[C@@H](c2ccccc2)[C@H](c2ccccc2)N1CCCc1ccccc1,train,425.88700000000017,4.975500000000004,0.5476554984004117,30,63
subcategory_halogen-walk.F->Cl_950,Cc1cc(-c2cccc(Cl)c2)c(C=C[C@@H](O)C[C@@H](O)CC(=O)O)c(C)n1,1,halogen-walk,F->Cl,Cc1cc(-c2ccc(F)cc2)c(C=C[C@@H](O)C[C@@H](O)CC(=O)O)c(C)n1,0 1 2 4 5 6 7 8 9 10 11 12 13 14 15 16 17 18 19 20 21 22 23 24 25,c1ccc(-c2ccncc2)cc1,train,375.85200000000015,3.6186400000000027,0.6871723584132412,26,58
subcategory_halogen-walk.F->Cl_1011,CCN1CCN(CC(O)COc2ccccc2Cl)CC1,1,halogen-walk,F->Cl,CCN1CCN(CC(O)COc2ccc(F)cc2C(=O)CCc2ccccc2)CC1.Cl,10 11 12 13 14 15 16 17,O=C(CCc1ccccc1)c1ccccc1OCCCN1CCNCC1,train,298.8140000000001,1.717199999999999,0.8673819861544938,20,29
subcategory_halogen-walk.F->Cl_1286,NCC(c1ccccc1)C(O)c1cccc(Cl)c1,1,halogen-walk,F->Cl,COc1cc(C(O)C(CN)c2ccccc2)ccc1F,0 1 2 3 4 5 6 7 8 10 11 12 13 14 15 16,c1ccc(CCc2ccccc2)cc1,train,261.75199999999995,3.1159000000000017,0.8883576126892958,18,29
subcategory_halogen-walk.F->Cl_362,CCC(=O)N[C@H]1CCc2cc(OC)c(OC)c(OC)c2-c2ccc(SC)c(=O)cc21,0,authentic,authentic,,,O=c1cccc2c(c1)CCCc1ccccc1-2,train,429.5380000000002,3.975000000000003,0.7006004491891112,30,55
subcategory_halogen-walk.F->Cl_154,CNS(=O)(=O)c1cc2c(cc1Cl)NCN(C)S2(=O)=O,0,authentic,authentic,,,O=S1(=O)NCNc2ccccc21,val,325.79900000000004,0.2515999999999999,0.8124566945520977,19,38
subcategory_halogen-walk.F->Cl_1342,COc1ccc(-n2nc(Cl)c3c2C(=O)N(c2ccc(Br)cc2F)CC3)cc1,1,halogen-walk,F->Cl,COc1ccc(-n2nc(C(F)(F)F)c3c2C(=O)N(c2ccc(Br)cc2F)CC3)cc1,1,O=C1c2c(cnn2-c2ccccc2)CCN1c1ccccc1,train,450.6950000000001,4.6388000000000025,0.5840339150731082,27,49
subcategory_halogen-walk.F->Cl_313,CN(C)Cc1ccccc1C(=O)CCC(=O)c1ccc2c(c1)OC(F)(F)C(F)(F)O2,0,authentic,authentic,,,O=C(CCC(=O)c1ccc2c(c1)OCCO2)c1ccccc1,val,425.37800000000004,4.550800000000004,0.4813028002110327,30,54
subcategory_halogen-walk.F->Cl_1233,Clc1cccc([C@H]2CCN(CCCc3ccccc3)C[C@@H]2COc2ccc3c(c2)OCO3)c1,1,halogen-walk,F->Cl,Cl.Fc1ccc([C@H]2CCN(CCCc3ccccc3)C[C@@H]2COc2ccc3c(c2)OCO3)cc1,0 1 2 3 4 5 7 8 9 10 11 12 13 14 15 16 17 18 19 20 21 22 23 24 25 26 27 28 29 30 31,c1ccc(CCCN2CC[C@H](c3ccccc3)[C@@H](COc3ccc4c(c3)OCO4)C2)cc1,train,464.0050000000002,6.186000000000006,0.39846599134397237,33,59
subcategory_halogen-walk.F->Cl_355,CCOC(=O)[C@@H](N)CS.COc1ccc2c(c1)c(CC(=O)O)c(C)n2C(=O)c1ccc(Cl)cc1,0,authentic,authentic,,,O=C(c1ccccc1)n1ccc2ccccc21,train,507.00800000000027,3.733920000000003,0.3294976883945757,34,66
subcategory_halogen-walk.F->Cl_404,Clc1cccc2c1NC1(CCNCC1)C(=NCc1ccccc1)N2,0,authentic,authentic,,,c1ccc(CN=C2Nc3ccccc3NC23CCNCC3)cc1,train,340.85799999999995,3.8983000000000017,0.7767666424207098,24,38
subcategory_halogen-walk.F->Cl_524,CN(C)C[C@H]1C2CCC(C2)C[C@]1(O)c1cc(O)ccc1OC(F)(F)F,0,authentic,authentic,,,c1ccc(C2CC3CCC(C3)C2)cc1,train,359.388,3.476200000000002,0.8643211236302434,25,50
subcategory_halogen-walk.F->Cl_299,Cc1c(OC(F)F)ccnc1CS(=O)c1nc2ccc(F)cc2[nH]1,0,authentic,authentic,,,O=S(Cc1ccccn1)c1nc2ccccc2[nH]1,train,355.34100000000007,3.3146200000000015,0.7623973611101816,24,42
subcategory_halogen-walk.F->Cl_210,CC(C)(CCCOCCCCCCNC[C@H](O)c1ccc(O)c(CO)c1)c1ccccc1,0,authentic,authentic,,,c1ccc(CCCCOCCCCCCNCCc2ccccc2)cc1,train,443.6280000000001,4.842500000000007,0.27910830148784227,32,50
subcategory_halogen-walk.F->Cl_483,CC(Cc1cccc(COCC(F)(F)c2ccccc2)c1)NC[C@H](O)c1ccc(O)c(CO)c1,0,authentic,authentic,,,c1ccc(CCNCCc2cccc(COCCc3ccccc3)c2)cc1,train,471.54400000000015,4.447300000000006,0.31390949756801684,34,58
subcategory_halogen-walk.F->Cl_302,C[C@H](C[C@@H]1[C@@H]2O[C@@H]2[C@@H](C)[N+]1(C)C)OC(=O)C(O)(c1ccsc1)c1cccs1.[Br-],0,authentic,authentic,,,O=C(OCC[C@H]1[NH2+]C[C@H]2O[C@@H]12)C(c1ccsc1)c1cccs1,train,488.469,-0.014199999999999102,0.3531999681054595,28,81
subcategory_halogen-walk.F->Cl_1321,OC(Cn1cncn1)(Cn1cnc(SCc2cccc(F)c2)n1)c1ccccc1Cl,1,halogen-walk,F->Cl,OC(Cn1cncn1)(Cn1cnc(SCc2cccc(F)c2)n1)c1ccc(F)cc1F,0 2 3 4 5 6 7 8 9 10 11 12 13 14 15 16 17 18 19 20 21 22 23 24 25 26 27 28,c1ccc(CSc2ncn(CC(Cn3cncn3)c3ccccc3)n2)cc1,test,444.9230000000001,3.5424000000000024,0.4184843729501033,30,47
subcategory_halogen-walk.F->Cl_1489,NC(=O)CS[C@@H](c1ccccc1)c1cccc(Cl)c1,1,halogen-walk,F->Cl,NC(=O)CS[C@@H](c1ccccc1)c1ccc(F)cc1,6,c1ccc(Cc2ccccc2)cc1,train,291.803,3.6479000000000026,0.9136142509021549,19,36
subcategory_halogen-walk.F->Cl_719,CCC1(COC(=O)Nc2ccc(F)cc2)OC(=O)Nc2ccc(Cl)cc21,0,authentic,authentic,,,O=C(Nc1ccccc1)OCC1OC(=O)Nc2ccccc21,train,378.7870000000001,4.8952000000000035,0.7932458957629868,26,45
subcategory_halogen-walk.F->Cl_715,C[C@@H]1NC[C@H](COc2ccc3cc2OCO3)O[C@@H]1c1cc(F)cc(F)c1,0,authentic,authentic,,,c1ccc([C@@H]2CNC[C@H](COc3ccc4cc3OCO4)O2)cc1,val,363.36,3.190500000000002,0.9041727968042531,26,54
subcategory_halogen-walk.F->Cl_397,Cc1cnc(CNC(=O)C2=C(O)c3ccccc3S(=O)(=O)N2C)s1,0,authentic,authentic,,,O=C(NCc1nccs1)C1=Cc2ccccc2S(=O)(=O)N1,test,365.4360000000001,1.62862,0.8611249879076226,24,44
subcategory_halogen-walk.F->Cl_1044,CC(C(=O)N[C@]1(c2ccccc2)CC[C@@H](N2CCC(c3ccc(F)cc3)CC2)CC1)c1cc(Cl)cc(C(F)(F)F)c1,1,halogen-walk,F->Cl,CC(C(=O)N[C@]1(c2ccccc2)CC[C@@H](N2CCC(c3ccc(F)cc3)CC2)CC1)c1cc(C(F)(F)F)cc(C(F)(F)F)c1,1,O=C(Cc1ccccc1)N[C@]1(c2ccccc2)CC[C@@H](N2CCC(c3ccccc3)CC2)CC1,train,587.1010000000005,8.435300000000005,0.29400738723889286,41,81
subcategory_halogen-walk.F->Cl_1086,O=C(O)COc1ccc(C2C(CCC(O)c3ccccc3Cl)C(=O)N2c2ccc(F)cc2)cc1,1,halogen-walk,F->Cl,O=C(O)COc1ccc(C2C(CCC(O)c3ccc(F)cc3)C(=O)N2c2ccc(F)cc2)cc1,0 1 2 3 4 5 6 7 8 9 10 11 12 14 15 16 17 18 19 20 21 22 23 24 25 26 27 28 29 30 31 32 33,O=C1C(CCCc2ccccc2)C(c2ccccc2)N1c1ccccc1,train,483.9230000000002,5.1604000000000045,0.410390141791234,34,57
subcategory_halogen-walk.F->Cl_233,COc1ccc2c(c1)c(CC(=O)Oc1ccc(F)cc1)c(C)n2C(=O)c1ccc(Cl)cc1,0,authentic,authentic,,,O=C(Cc1cn(C(=O)c2ccccc2)c2ccccc12)Oc1ccccc1,test,451.8810000000001,5.587420000000004,0.29308555916999657,32,57
subcategory_halogen-walk.F->Cl_1296,COc1cccc(C=C2CCCCC(CN(C)C)C2(O)c2cccc(Cl)c2)c1,1,halogen-walk,F->Cl,COc1cccc(C=C2CCCCC(CN(C)C)C2(O)c2cccc(C(F)(F)F)c2)c1,0 1 2 3 4 5 6 7 8 9 10 11 12 13 14 15 16 17 18 19 20 21 22 23 25 26 27,C(=C1CCCCCC1c1ccccc1)c1ccccc1,test,399.962,5.371600000000006,0.6856163032707558,28,46
subcategory_halogen-walk.F->Cl_1045,CC(C)c1nc2ccccc2c(-c2cccc(Cl)c2)c1/C=C/[C@@H](O)CC(O)CC(=O)O,1,halogen-walk,F->Cl,CC(C)c1nc2ccccc2c(-c2ccc(F)cc2)c1/C=C/[C@@H](O)CC(O)CC(=O)O,11 12 13 14 15 16 17 18,c1ccc(-c2ccnc3ccccc23)cc1,train,439.9390000000002,5.2784000000000075,0.44394324858782414,31,60
subcategory_halogen-walk.F->Cl_156,CC(=O)N1CCN(C2=Nc3ccccc3Sc3ccccc32)CC1,0,authentic,authentic,,,c1ccc2c(c1)N=C(N1CCNCC1)c1ccccc1S2,train,337.44800000000015,3.393600000000002,0.7391448206492424,24,38
subcategory_halogen-walk.F->Cl_344,CCN(CC)CCC[C@H](C)Nc1ccnc2cc(Cl)ccc12,0,authentic,authentic,,,c1ccc2ncccc2c1,train,319.88000000000005,4.810600000000004,0.7564117572128701,22,37
subcategory_halogen-walk.F->Cl_682,Cc1ncc2n1CCC=C2c1ccc(-n2ccnc2)cc1,0,authentic,authentic,,,C1=C(c2ccc(-n3ccnc3)cc2)c2cncn2CC1,train,276.343,3.212620000000002,0.7201954699851059,21,33
subcategory_halogen-walk.F->Cl_453,Nc1ccn([C@H]2CS[C@H](CO)S2)c(=O)n1,0,authentic,authentic,,,O=c1ncccn1[C@H]1CSCS1,test,245.329,0.12249999999999989,0.7701613836581848,15,34
subcategory_halogen-walk.F->Cl_695,Cn1sc(=O)n(Cc2ccccc2)c1=O,0,authentic,authentic,,,O=c1[nH]sc(=O)n1Cc1ccccc1,train,222.26900000000003,0.6567999999999999,0.7487812423768543,15,25
subcategory_halogen-walk.F->Cl_1527,COc1cc(C(C)=O)ccc1OCCCN1CCC(C(c2cccc(Cl)c2)C2CCCCC2)CC1,1,halogen-walk,F->Cl,COc1cc(C(C)=O)ccc1OCCCN1CCC(C(c2ccc(F)cc2)C2CCCCC2)CC1,19 20 21 22 23 24 25 26,c1ccc(OCCCN2CCC(C(c3ccccc3)C3CCCCC3)CC2)cc1,val,498.1070000000003,7.396200000000008,0.25304054501042866,35,55
subcategory_halogen-walk.F->Cl_635,COc1cc(C(=O)N2CCN(C(=O)c3cc(OC)c(OC)c(OC)c3)C(COC(=O)NCC(C)(C)C)C2)cc(OC)c1OC,0,authentic,authentic,,,O=C(c1ccccc1)N1CCN(C(=O)c2ccccc2)CC1,train,617.6960000000003,3.4773000000000023,0.3994884801407821,44,77
subcategory_halogen-walk.F->Cl_810,COc1ccc(OC(c2ccccc2Cl)C2CCNCC2)cc1,1,halogen-walk,F->Cl,COc1ccc(OC(c2ccc(F)cc2)C2CCNCC2)cc1,0 1 2 3 4 5 6 8 9 10 11 12 13 14 15 16 17 18 19 20 21 22,c1ccc(OC(c2ccccc2)C2CCNCC2)cc1,train,331.84300000000013,4.468300000000004,0.8765550810876459,23,34
subcategory_halogen-walk.F->Cl_161,c1ccc(C2(c3ccccc3)OCC(C3CCCCN3)CO2)cc1,0,authentic,authentic,,,c1ccc(C2(c3ccccc3)OCC(C3CCCCN3)CO2)cc1,train,323.436,3.692800000000002,0.934246922422855,24,38
subcategory_halogen-walk.F->Cl_1073,Cc1c(/C=C/[C@@H](O)C[C@@H](O)CC(=O)O)c(-c2ccccc2Cl)cn1-c1ccccc1,1,halogen-walk,F->Cl,Cc1c(/C=C/[C@@H](O)C[C@@H](O)CC(=O)O)c(-c2ccc(F)cc2)cn1-c1ccccc1,7,c1ccc(-c2ccn(-c3ccccc3)c2)cc1,train,425.91200000000003,4.705920000000003,0.4879167279126076,30,63
subcategory_halogen-walk.F->Cl_820,Nc1nc(N)c2c(Cl)c(NC(=O)Cc3cccc(Cl)c3)ccc2n1,1,halogen-walk,F->Cl,Nc1nc(N)c2c(Cl)c(NC(=O)Cc3cccc(C(F)(F)F)c3)ccc2n1,0 1 2 3 4 5 6 7 8 9 10 11 12 13 14 15 16 18 19 20 21 22 23,O=C(Cc1ccccc1)Nc1ccc2ncncc2c1,train,362.22,3.2822000000000013,0.6628600502588948,24,43
subcategory_halogen-walk.F->Cl_1206,COc1ccc(-n2nc(Cl)c3c2C(=O)N(c2ccc(C(=O)N(C)C)cc2)CC3)c(C(=O)N(C)C)c1,1,halogen-walk,F->Cl,COc1ccc(-n2nc(C(F)(F)F)c3c2C(=O)N(c2ccc(C(=O)N(C)C)cc2)CC3)c(C(=O)N(C)C)c1,1,O=C1c2c(cnn2-c2ccccc2)CCN1c1ccccc1,train,495.9670000000003,3.1408000000000014,0.5423460720731395,35,68
subcategory_halogen-walk.F->Cl_892,CC[C@@H]1C[C@H](CC)c2cc3c(Cl)cc(O)nc3cc2N1,1,halogen-walk,F->Cl,CC[C@@H]1C[C@H](CC)c2cc3c(C(F)(F)F)cc(O)nc3cc2N1,1,c1cnc2cc3c(cc2c1)CCCN3,train,290.794,4.681600000000004,0.8437740503556267,20,42
subcategory_halogen-walk.F->Cl_498,Cl.NCCc1ccc(OCc2cccc(C(F)(F)F)c2)cc1,0,authentic,authentic,,,c1ccc(COc2ccccc2)cc1,train,331.765,4.207400000000003,0.8905132888254733,22,36
subcategory_halogen-walk.F->Cl_216,CC(=O)O[C@H]1CC[C@H](Nc2nc(Nc3ccccc3)c3ccccc3n2)CC1,0,authentic,authentic,,,c1ccc(Nc2nc(NC3CCCCC3)nc3ccccc23)cc1,val,376.4600000000002,4.659600000000003,0.6309068838685551,28,51
subcategory_halogen-walk.F->Cl_894,CC(c1ccc(-c2ccccc2Cl)cc1)n1cnnc1,1,halogen-walk,F->Cl,CC(c1ccc(-c2ccc(F)cc2)cc1)n1cnnc1,7,c1ccc(-c2ccc(Cn3cnnc3)cc2)cc1,train,283.762,4.207800000000003,0.7208329045875324,20,32
subcategory_halogen-walk.F->Cl_180,O=C(c1ccc(Cl)cc1Cl)c1ccc2n1CCC2C(=O)O,0,authentic,authentic,,,O=C(c1ccccc1)c1ccc2n1CCC2,train,324.16300000000007,3.597800000000002,0.8777933437967598,21,37
subcategory_halogen-walk.F->Cl_741,[2H]C([2H])(COCCO)N1CCN(C2=Nc3ccccc3Sc3ccccc32)CC1,0,authentic,authentic,,,c1ccc2c(c1)N=C(N1CCNCC1)c1ccccc1S2,train,385.52920355600014,2.8560000000000008,0.8023264323958086,27,50
subcategory_halogen-walk.F->Cl_1412,O=C(O)CC(O)C[C@H](O)/C=C/c1c(C2CC2)nc2ccccc2c1-c1cccc(Cl)c1,1,halogen-walk,F->Cl,O=C(O)CC(O)C[C@H](O)/C=C/c1c(C2CC2)nc2ccccc2c1-c1ccc(F)cc1,0 1 2 3 4 5 6 7 8 9 10 11 12 13 14 15 16 17 18 19 20 21 22 24 25 26 27 28 29,c1ccc(-c2cc(C3CC3)nc3ccccc23)cc1,train,437.9230000000001,5.0324000000000035,0.45931285351046697,31,59
subcategory_halogen-walk.F->Cl_942,CN(C)CCC(Oc1cccc2c1OCO2)c1cccc(Cl)c1,1,halogen-walk,F->Cl,CN(C)CCC(Oc1cccc2c1OCO2)c1ccc(F)cc1,5 16 17 18 19 20 21 22,c1ccc(COc2cccc3c2OCO3)cc1,train,333.81499999999994,4.140500000000003,0.7946238362140263,23,36
subcategory_halogen-walk.F->Cl_1265,CN1CCCC(O)(c2cccc(OCl)c2)CC1,1,halogen-walk,F->Cl,CN1CCCC(O)(c2cccc(OC(F)(F)F)c2)CC1,0 1 2 3 4 5 6 7 8 9 10 11 13 14 15 16,c1ccc(C2CCCNCC2)cc1,train,255.74499999999998,2.522500000000001,0.8815907985503195,17,28
subcategory_halogen-walk.F->Cl_351,CN(C)CCCN1CC[C@@H](c2ccc(F)cc2)[C@H](COc2ccc3c(c2)OCO3)C1,0,authentic,authentic,,,c1ccc([C@@H]2CCNC[C@H]2COc2ccc3c(c2)OCO3)cc1,train,414.5210000000003,3.9906000000000033,0.6525502835496515,30,57
subcategory_halogen-walk.F->Cl_665,COc1ccc(-n2nc(C(F)(F)F)c3c2C(=O)N(c2ccc(C(N)=NO)cc2)CC3)cc1,0,authentic,authentic,,,O=C1c2c(cnn2-c2ccccc2)CCN1c1ccccc1,train,445.4010000000002,3.1971000000000016,0.2777264286794813,32,59
subcategory_halogen-walk.F->Cl_42,CCN(CC)CCN1C(=O)C(C)(C)N=C(c2ccccc2Cl)c2cc([N+](=O)[O-])ccc21,0,authentic,authentic,,,O=C1CN=C(c2ccccc2)c2ccccc2N1,train,442.9470000000001,4.552600000000004,0.4649900448401663,31,61
subcategory_halogen-walk.F->Cl_829,CCCOC(=O)CC(O)CC(O)C=Cc1c(-c2ccccc2Cl)c2ccccc2n1C(C)C,1,halogen-walk,F->Cl,CCCOC(=O)CC(O)CC(O)C=Cc1c(-c2ccc(F)cc2)c2ccccc2n1C(C)C,0 1 2 3 4 5 6 7 8 9 10 11 12 13 14 16 17 18 19 20 21 22 23 24 25 26 27 28 29 30 31 32,c1ccc(-c2c[nH]c3ccccc23)cc1,train,470.0090000000002,6.011000000000006,0.3564504884707217,33,53
subcategory_halogen-walk.F->Cl_235,COc1cc2nc(N3CCN(S(=O)(=O)c4cccs4)CC3)nc(N)c2cc1OC,0,authentic,authentic,,,O=S(=O)(c1cccs1)N1CCN(c2ncc3ccccc3n2)CC1,val,435.53100000000023,1.8016,0.6458802054015532,29,49
subcategory_halogen-walk.F->Cl_592,COCCNC(=O)c1nc(-c2ccc(S(=O)(=O)N3CCN(C)CC3)cc2)cnc1N,0,authentic,authentic,,,O=S(=O)(c1ccc(-c2cnccn2)cc1)N1CCNCC1,test,434.5220000000002,0.038100000000002354,0.5841862176159486,30,52
subcategory_halogen-walk.F->Cl_855,COC(=O)CC(O)CC(O)/C=C/c1c(-c2ccccc2Cl)cn(C(C)C)c1C,1,halogen-walk,F->Cl,COC(=O)CC(O)CC(O)/C=C/c1c(-c2ccc(F)cc2)cn(C(C)C)c1C,0 1 2 3 4 5 6 7 8 9 10 11 12 14 15 16 17 18 19 20 21 22 23 24 25 26 27,c1ccc(-c2cc[nH]c2)cc1,train,405.9220000000002,4.386020000000004,0.6388481548192086,28,50
subcategory_halogen-walk.F->Cl_1311,CC(=O)OC[C@@](O)(Cn1cncn1)c1cccc(Cl)c1,1,halogen-walk,F->Cl,CC(=O)OC[C@@](O)(Cn1cncn1)c1ccc(F)cc1F,0 1 2 3 4 6 7 8 9 10 11 12 13 14 15 16 17 18,c1ccc(CCn2cncn2)cc1,train,295.726,1.3823999999999992,0.8433892685371932,20,38
subcategory_halogen-walk.F->Cl_1453,CCOC(=O)C[C@H](O)C[C@@H](O)/C=C/c1c(C2CC2)nc2ccccc2c1-c1ccccc1Cl,1,halogen-walk,F->Cl,CCOC(=O)C[C@H](O)C[C@@H](O)/C=C/c1c(C2CC2)nc2ccccc2c1-c1ccc(F)cc1,0 1 2 3 4 5 6 7 8 9 10 11 12 13 14 15 16 17 18 19 20 21 22 23 24 26 27 28 29 30 31,c1ccc(-c2cc(C3CC3)nc3ccccc23)cc1,train,465.9770000000001,5.510900000000005,0.4070929550197821,33,64
subcategory_halogen-walk.F->Cl_828,Clc1ccccc1[C@H]1CCN(CC2CC2)C[C@@H]1COc1ccc2c(c1)OCO2,1,halogen-walk,F->Cl,Cl.Fc1ccc([C@H]2CCN(CC3CC3)C[C@@H]2COc2ccc3c(c2)OCO3)cc1,7,c1ccc([C@H]2CCN(CC3CC3)C[C@@H]2COc2ccc3c(c2)OCO3)cc1,train,399.9180000000001,4.963200000000005,0.6862566030186031,28,52
subcategory_halogen-walk.F->Cl_1174,COc1ccnc(CS(=O)c2nc3c(C)c(C)c(OCl)cc3[nH]2)c1,1,halogen-walk,F->Cl,COc1ccnc(CS(=O)c2nc3c(C)c(C)c(OC(F)F)cc3[nH]2)c1,1,O=S(Cc1ccccn1)c1nc2ccccc2[nH]1,train,365.84200000000004,3.4237400000000013,0.749147504626907,24,45
subcategory_halogen-walk.F->Cl_879,CCOC(=O)CC(/C=C/c1c(-c2cccc(Cl)c2)c2ccccc2n1C(C)C)OC(=O)COC,1,halogen-walk,F->Cl,CCOC(=O)CC(/C=C/c1c(-c2ccc(F)cc2)c2ccccc2n1C(C)C)OC(=O)COC,6,c1ccc(-c2c[nH]c3ccccc23)cc1,train,483.99200000000025,6.067200000000007,0.32739984345324713,34,59
subcategory_halogen-walk.F->Cl_1179,CN1CCC(O)(c2cc(-c3ccncc3)c(-c3ccccc3Cl)[nH]2)CC1,1,halogen-walk,F->Cl,CN1CCC(O)(c2cc(-c3ccncc3)c(-c3ccc(F)cc3)[nH]2)CC1,0 1 2 3 4 5 6 7 8 9 10 11 12 13 14 16 17 18 19 20 21 22 23 24 25,c1ccc(-c2[nH]c(C3CCNCC3)cc2-c2ccncc2)cc1,train,367.8800000000001,4.310300000000003,0.724824164476759,26,48
subcategory_halogen-walk.F->Cl_641,CCOC(=O)N(C)S(=O)(=O)c1ccc(CCNC(=O)c2ccc(Cl)cc2OC)cc1,0,authentic,authentic,,,O=C(NCCc1ccccc1)c1ccccc1,train,454.93200000000013,3.0981000000000023,0.657142448085748,30,53
subcategory_halogen-walk.F->Cl_159,COc1cc(C2c3cc4c(cc3OC(NCCO)C2C)OCO4)cc(OC)c1OC,0,authentic,authentic,,,c1ccc(C2CCOc3cc4c(cc32)OCO4)cc1,train,417.45800000000025,2.5095,0.7107255705030188,30,46
subcategory_halogen-walk.F->Cl_941,CCC(=O)c1ccccc1OCC(O)CN1CCC(Oc2ccccc2Cl)C1,1,halogen-walk,F->Cl,CCC(=O)c1ccccc1OCC(O)CN1CCC(Oc2ccc(F)c(F)c2)C1,7,c1ccc(OCCCN2CCC(Oc3ccccc3)C2)cc1,train,403.90600000000006,3.825700000000003,0.644708821091859,28,42
subcategory_halogen-walk.F->Cl_38,COc1cc2c(cc1OC)C(=O)C(F)(CC1CCN(C)CC1)C2,0,authentic,authentic,,,O=C1c2ccccc2CC1CC1CCNCC1,train,321.39200000000005,2.8828000000000014,0.854656661520009,23,40
subcategory_halogen-walk.F->Cl_893,NC1(COc2ccc(F)c3c2CCC(=O)N3)CCN(c2ccccc2Cl)CC1,1,halogen-walk,F->Cl,NC1(COc2ccc(F)c3c2CCC(=O)N3)CCN(c2ccc(F)cc2Cl)CC1,0 1 2 3 4 5 6 7 8 9 10 11 12 13 14 15 16 17 19 20 21 22 23 24 25 26 27,O=C1CCc2c(cccc2OCC2CCN(c3ccccc3)CC2)N1,train,403.8850000000001,3.7405000000000026,0.8155927221259303,28,46
subcategory_halogen-walk.F->Cl_86,Cc1cnc(C(=O)N(CCC(=O)NC(c2ccccc2)c2ccccc2)C2CC2)cn1,0,authentic,authentic,,,O=C(CCN(C(=O)c1cnccn1)C1CC1)NC(c1ccccc1)c1ccccc1,val,414.5090000000002,3.685520000000003,0.6100706503760182,31,51
subcategory_halogen-walk.F->Cl_1519,OC1(c2nc(-c3ccccc3Cl)c(-c3ccncc3)[nH]2)CCC1,1,halogen-walk,F->Cl,OC1(c2nc(-c3ccc(F)cc3)c(-c3ccncc3)[nH]2)CCC1,4 5 6 7 8 9 10 11,c1ccc(-c2nc(C3CCC3)[nH]c2-c2ccncc2)cc1,test,325.7990000000001,4.163600000000002,0.7596020990008912,23,43
subcategory_halogen-walk.F->Cl_813,COc1ccc2nc(SCC(=O)NCc3ccccc3Cl)[nH]c2c1,1,halogen-walk,F->Cl,COc1ccc2nc(SCC(=O)NCc3ccc(F)cc3)[nH]c2c1,0 1 2 3 4 5 6 7 8 9 10 11 12 14 15 16 17 18 19 20 21 22 23,O=C(CSc1nc2ccccc2[nH]1)NCc1ccccc1,test,361.854,3.6334000000000017,0.6577477596385027,24,39
subcategory_halogen-walk.F->Cl_147,COc1ccc(C2C(CC[C@H](O)c3ccc(F)cc3)C(=O)N2c2ccc(CN)cc2)cc1,0,authentic,authentic,,,O=C1C(CCCc2ccccc2)C(c2ccccc2)N1c1ccccc1,train,434.5110000000002,4.510900000000003,0.5116791721362984,32,57
subcategory_halogen-walk.F->Cl_725,O=c1cc(-c2ccccc2)oc2cc(OCC(O)CNCC(O)COc3ccccc3)ccc12,0,authentic,authentic,,,O=c1cc(-c2ccccc2)oc2cc(OCCCNCCCOc3ccccc3)ccc12,train,461.5140000000002,3.2292000000000014,0.31525923093231994,34,52
subcategory_halogen-walk.F->Cl_1368,O=C(CCc1cccc(Cl)c1)c1cc(F)ccc1OCC(O)CN1CCC(O)CC1,1,halogen-walk,F->Cl,O=C(CCc1ccc(F)cc1)c1cc(F)ccc1OCC(O)CN1CCC(O)CC1,6,O=C(CCc1ccccc1)c1ccccc1OCCCN1CCCCC1,train,435.9230000000003,3.4910000000000023,0.5899056034339217,30,48
subcategory_halogen-walk.F->Cl_1144,O=C1[C@H](CC[C@H](O)c2cccc(Cl)c2)C(c2ccc(O)cc2)N1c1ccc(F)cc1,1,halogen-walk,F->Cl,O=C1[C@H](CC[C@H](O)c2ccc(F)cc2)C(c2ccc(O)cc2)N1c1ccc(F)cc1,6,O=C1[C@H](CCCc2ccccc2)C(c2ccccc2)N1c1ccccc1,train,425.8870000000001,5.402600000000005,0.5194519376572729,30,60
subcategory_halogen-walk.F->Cl_1024,CCCN(Cc1ccccc1)CC(O)(Cn1cncn1)c1cccc(Cl)c1,1,halogen-walk,F->Cl,CCCN(Cc1ccccc1)CC(O)(Cn1cncn1)c1ccc(F)cc1F,6,c1ccc(CNCC(Cn2cncn2)c2ccccc2)cc1,train,384.91100000000006,3.731500000000003,0.6103445381140725,27,42
subcategory_halogen-walk.F->Cl_471,COc1cccc2c1OC1C(O)CCC3C(C)N(C)CCCC231,0,authentic,authentic,,,c1ccc2c(c1)OC1CCCC3CNCCCC231,train,317.42900000000014,2.5790000000000006,0.8643192107579313,23,37
subcategory_halogen-walk.F->Cl_1441,COc1ccc(-n2nc(Cl)c3c2C(=O)N(c2ccc(C4(CCN5CCCC5)CC4)cc2)CC3)cc1,1,halogen-walk,F->Cl,COc1ccc(-n2nc(C(F)(F)F)c3c2C(=O)N(c2ccc(C4(CCN5CCCC5)CC4)cc2)CC3)cc1,0 1 2 3 4 5 6 7 9 10 11 12 13 14 15 16 17 18 19 20 21 22 23 24 25 26 27 28 29 30 31 32 33 34,O=C1c2c(cnn2-c2ccccc2)CCN1c1ccc(C2(CCN3CCCC3)CC2)cc1,val,491.0350000000005,5.254700000000005,0.45333058399318815,35,62
subcategory_halogen-walk.F->Cl_1090,Clc1ccc(Sc2ccc(NC3=NCCN3)cc2)cc1,1,halogen-walk,F->Cl,FC(F)(F)c1ccc(Sc2ccc(NC3=NCCN3)cc2)cc1,0 2 3 4 5 6 7 8 9 10 11 12 13 14 15 16 17 18,c1ccc(Sc2ccc(NC3=NCCN3)cc2)cc1,train,303.818,3.862300000000002,0.9036840825135394,20,32
subcategory_halogen-walk.F->Cl_778,Nc1ccn(C2(CO)CSCCO2)c(=O)n1,0,authentic,authentic,,,O=c1ncccn1C1CSCCO1,train,243.28799999999995,-0.766,0.7088966156960137,16,27
subcategory_halogen-walk.F->Cl_264,CN1CCC(C2=Nc3ccccc3Nc3ccc(Cl)cc32)CC1,0,authentic,authentic,,,c1ccc2c(c1)N=C(C1CCNCC1)c1ccccc1N2,train,325.84300000000013,4.859600000000004,0.8104716438530917,23,37
subcategory_halogen-walk.F->Cl_359,O=S(=O)(Nc1nc2nc3c(c(O)n2n1)CCC3)c1ccc(Cl)cc1,0,authentic,authentic,,,O=S(=O)(Nc1nc2nc3c(cn2n1)CCC3)c1ccccc1,train,365.802,1.7727999999999997,0.7316584630344759,24,45
subcategory_halogen-walk.F->Cl_881,CC(C)n1c(/C=C/[C@@H](O)C[C@@H](O)C(O)(O)C(=O)OC(C)(C)C)c(-c2ccccc2Cl)c2ccccc21,1,halogen-walk,F->Cl,CC(C)n1c(/C=C/[C@@H](O)C[C@@H](O)C(O)(O)C(=O)OC(C)(C)C)c(-c2ccc(F)cc2)c2ccccc21,22 23 24 25 26 27 28 29,c1ccc(-c2c[nH]c3ccccc23)cc1,train,516.0340000000002,4.690300000000005,0.25561711502390877,36,78
subcategory_halogen-walk.F->Cl_1529,Cc1nc(-c2ccc(S(C)(=O)=O)cc2)c(-c2ccccc2Cl)s1,1,halogen-walk,F->Cl,Cc1nc(-c2ccc(S(C)(=O)=O)cc2)c(-c2ccc(F)cc2)s1,7,c1ccc(-c2ncsc2-c2ccccc2)cc1,train,363.89099999999996,4.842420000000002,0.6683137914649542,23,44
subcategory_halogen-walk.F->Cl_1018,Nc1nc(O)c2ccc(Cl)cc2n1,1,halogen-walk,F->Cl,Nc1nc(O)c2ccc(C(F)(F)F)cc2n1,1,c1ccc2ncncc2c1,train,195.60899999999995,1.5709999999999995,0.6694969922846543,13,22
subcategory_halogen-walk.F->Cl_15,C[C@@H]1N(C(=O)OCOC(=O)c2cc(S(N)(=O)=O)c(Cl)cc2NCc2ccco2)C(C)(C)CO[C@@]1(O)c1cccc(Cl)c1,0,authentic,authentic,,,O=C(OCOC(=O)N1CCOC(c2ccccc2)C1)c1ccccc1NCc1ccco1,val,642.5140000000004,4.441400000000003,0.23578375875868524,42,87
subcategory_halogen-walk.F->Cl_245,COc1ccc2c(c1)c(CC(=O)NOCc1ccccc1)c(C)n2C(=O)c1ccc(Cl)cc1,0,authentic,authentic,,,O=C(Cc1cn(C(=O)c2ccccc2)c2ccccc12)NOCc1ccccc1,train,462.9330000000001,5.090720000000005,0.3882359178308116,33,56
subcategory_halogen-walk.F->Cl_671,NC1=Nc2cc(Cl)c(Cl)cc2Nc2ccccc21,0,authentic,authentic,,,C1=Nc2ccccc2Nc2ccccc21,train,278.142,4.0874000000000015,0.7621913480382413,18,31
