id,smiles,label,category,subcategory,parent_smiles,edited_atoms,scaffold,split,mw,logp,qed,heavy_atoms,smiles_length
subcategory_halogen-walk.remove-Cl_1501,C=C[C@@H]1C2CCC(C[C@@H]1c1ccccc1C)N2C,1,halogen-walk,remove-Cl,C=C[C@@H]1C2CCC(C[C@@H]1c1ccc(Cl)cc1)N2C,8 9 10 11 12 13 14 15,c1ccc(C2CC3CCC(C2)N3)cc1,train,241.37800000000001,3.747320000000003,0.7128303523721229,18,37
subcategory_halogen-walk.remove-Cl_1375,Cc1ccccc1[C@H]1CC2CCC([C@@H]1C(=O)C(F)(F)F)N2C,1,halogen-walk,remove-Cl,CN1C2CCC1[C@H](C(=O)C(F)(F)F)[C@@H](c1ccc(Cl)cc1)C2,0 1 2 3 4 5 6 7,c1ccc(C2CC3CCC(C2)N3)cc1,train,311.347,3.6927200000000022,0.8299923110128318,22,46
subcategory_halogen-walk.remove-Cl_1403,c1ccc(C(c2ccccc2)N2CC[N+]3(CCOCC3)CC2)cc1,1,halogen-walk,remove-Cl,Cl.Clc1ccc(C(c2ccccc2)N2CC[N+]3(CCOCC3)CC2)cc1.[Cl-],0 1 2 3 4 22 23,c1ccc(C(c2ccccc2)N2CC[N+]3(CCOCC3)CC2)cc1,train,323.46000000000004,2.938600000000001,0.8054455220684283,24,41
subcategory_halogen-walk.remove-Cl_72,COc1cc2c(c(OC)c1OC)-c1ccc(NCCc3ccc(F)cc3)c(=O)cc1[C@H](NC(C)=O)CC2,0,authentic,authentic,,,O=c1cc2c(ccc1NCCc1ccccc1)-c1ccccc1CCC2,test,506.5740000000003,4.656700000000003,0.4624674754869558,37,66
subcategory_halogen-walk.remove-Cl_200,O=C(NC[C@H](NC(=O)C(F)F)C(=O)Nc1ccc(N2CCOCC2=O)cc1F)c1ccc(Cl)s1,0,authentic,authentic,,,O=C(CCNC(=O)c1cccs1)Nc1ccc(N2CCOCC2=O)cc1,train,518.9010000000003,2.0221999999999998,0.49423409026922094,34,63
subcategory_halogen-walk.remove-Cl_1562,CCOC(C(=O)O)N1CCN(Cc2ccccc2-c2cccc(C)c2)CC1,1,halogen-walk,remove-Cl,CCOC(C(=O)O)N1CCN(Cc2ccccc2-c2ccc(Cl)cc2)CC1,6,c1ccc(-c2ccccc2CN2CCNCC2)cc1,train,368.47700000000015,3.226820000000002,0.8131865530841907,27,43
subcategory_halogen-walk.remove-Cl_677,CN(C)CCSc1nccc(-c2ccco2)n1,0,authentic,authentic,,,c1coc(-c2ccncn2)c1,train,249.33900000000003,2.3903000000000008,0.6009741107605321,17,26
subcategory_halogen-walk.remove-Cl_201,N#Cc1ccc2c(c1)C(c1ccccc1)=NCC(=O)N2,0,authentic,authentic,,,O=C1CN=C(c2ccccc2)c2ccccc2N1,train,261.28399999999993,2.3477799999999993,0.8558798750388644,20,35
subcategory_halogen-walk.remove-Cl_1008,Cc1c(Cc2cccc(OCC(=O)O)c2)c2cc(OC(F)(F)F)ccc2n1C(=O)c1ccccc1,1,halogen-walk,remove-Cl,Cc1c(Cc2cccc(OCC(=O)O)c2)c2cc(OC(F)(F)F)ccc2n1C(=O)c1ccc(Cl)cc1,0 1 2 3 4 5 6 7 8 9 10 11 12 13 14 15 16 17 18 19 20 21 22 23 24 25 26 28 29 30 31 32 33,O=C(c1ccccc1)n1cc(Cc2ccccc2)c2ccccc21,train,483.4420000000001,5.591020000000005,0.3708283662812979,35,59
subcategory_halogen-walk.remove-Cl_651,COc1cccc(CC(O)CN2CCC(c3ccccc3)CC2)c1,0,authentic,authentic,,,c1ccc(CCCN2CCC(c3ccccc3)CC2)cc1,train,325.45200000000006,3.478200000000002,0.8824700264051659,24,36
subcategory_halogen-walk.remove-Cl_44,Cl.N[C@H]1CC[C@@]2(O)[C@H]3Cc4ccc(O)c5c4[C@@]2(CCN3CC2CC2)[C@H]1O5,0,authentic,authentic,,,c1cc2c3c(c1)O[C@H]1CCCC4[C@@H](C2)N(CC2CC2)CC[C@@]341,test,378.9000000000002,1.7054,0.7297195407739636,26,66
subcategory_halogen-walk.remove-Cl_188,C=CCOc1ccc(Oc2ccccc2)cc1Cl,0,authentic,authentic,,,c1ccc(Oc2ccccc2)cc1,train,260.72,4.6971000000000025,0.7258680666871172,18,26
subcategory_halogen-walk.remove-Cl_728,O=C(NC[C@@H](NCC(F)F)C(=O)Nc1ccc(N2CCOCC2=O)c(F)c1)c1ccc(Cl)s1,0,authentic,authentic,,,O=C(CCNC(=O)c1cccs1)Nc1ccc(N2CCOCC2=O)cc1,train,504.91800000000023,2.4956000000000005,0.4871255158894223,33,62
subcategory_halogen-walk.remove-Cl_462,COc1ccc2c(c1)c(CC(=O)O)c(C)n2C(=O)c1cccnc1,0,authentic,authentic,,,O=C(c1cccnc1)n1ccc2ccccc21,val,324.336,2.668920000000001,0.7977144347219333,24,42
subcategory_halogen-walk.remove-Cl_606,CCCCN(CCCC)CC(O)COc1ccc(F)cc1C(=O)CCc1ccc(F)cc1.Cl,0,authentic,authentic,,,O=C(CCc1ccccc1)c1ccccc1,train,484.0270000000002,5.844000000000008,0.32300548285673314,33,50
subcategory_halogen-walk.remove-Cl_561,CCCCn1c(N)c(N(CC)C(=O)CN2C(=O)NC(C)(c3ccccc3)C2=O)c(=O)[nH]c1=O,0,authentic,authentic,,,O=C(CN1C(=O)NC(c2ccccc2)C1=O)Nc1c[nH]c(=O)[nH]c1=O,test,456.5030000000002,0.7390000000000008,0.498604242966445,33,63
subcategory_halogen-walk.remove-Cl_754,COc1ccc(-n2nc(C(N)=O)c3c2C(=O)N(c2ccc(C4(CC(N)=O)CC4)cc2)CC3)cc1.O=C(O)C(F)(F)F,0,authentic,authentic,,,O=C1c2c(cnn2-c2ccccc2)CCN1c1ccc(C2CC2)cc1,train,573.5280000000005,2.723,0.3900296354645704,41,79
subcategory_halogen-walk.remove-Cl_1432,C=CCc1ccc(CCNC(=O)c2ccccc2)cc1S(=O)(=O)N=CN(C)C,1,halogen-walk,remove-Cl,C=CCc1ccc(CCNC(=O)c2cc(Cl)ccc2OC)cc1S(=O)(=O)N=CN(C)C,10 12 13 14 15 16 17,O=C(NCCc1ccccc1)c1ccccc1,train,399.51600000000013,2.666200000000001,0.39943475817791735,28,47
subcategory_halogen-walk.remove-Cl_1288,COc1ccc2c(c1)c(CC(=O)OC(C)C)c(C)n2C(=O)c1ccccc1,1,halogen-walk,remove-Cl,COc1ccc2c(c1)c(CC(=O)OC(C)C)c(C)n2C(=O)c1ccc(Cl)cc1,0 1 2 3 4 5 6 7 8 9 10 11 12 13 14 15 16 17 18 20 21 22 23 24 25,O=C(c1ccccc1)n1ccc2ccccc21,train,365.42900000000003,4.140920000000003,0.6377708418028304,27,47
subcategory_halogen-walk.remove-Cl_12,CCN(CC)CCNC(=O)c1cc(Cl)c(N)cc1OC1CCCCC1=O,0,authentic,authentic,,,O=C1CCCCC1Oc1ccccc1,train,381.9040000000003,2.8843000000000014,0.676154023389987,26,41
subcategory_halogen-walk.remove-Cl_1210,CC(CSC(=O)c1ccccc1)C(=O)N(CC(=O)OC(C)(C)C)C1CCCC1,1,halogen-walk,remove-Cl,CC(CSC(=O)c1cc(S(N)(=O)=O)c(Cl)cc1NCc1ccco1)C(=O)N(CC(=O)OC(C)(C)C)C1CCCC1,4 6 7 8 9 10 11,O=C(CCSC(=O)c1ccccc1NCc1ccco1)NC1CCCC1,val,405.5600000000003,4.309000000000004,0.632689972280614,28,49
subcategory_halogen-walk.remove-Cl_1300,CN(NS(=O)(=O)c1ccccc1)S(=O)(=O)c1ccc(Cl)cc1,1,halogen-walk,remove-Cl,CN(NS(=O)(=O)c1ccc(Cl)cc1)S(=O)(=O)c1ccc(Cl)cc1,3 6 7 8 9 10 11,O=S(=O)(NNS(=O)(=O)c1ccccc1)c1ccccc1,train,360.84400000000005,1.8539999999999996,0.8246850666659579,22,43
subcategory_halogen-walk.remove-Cl_1420,Nc1nnc(-c2ccccc2)c(-c2ccc(F)cc2)n1,1,halogen-walk,remove-Cl,Cc1cc(Cl)cc(-c2nnc(N)nc2-c2ccc(F)cc2)c1,0 1 2 3 5 6 7 8 9 10 11 12 13 14 15 16 17 18 19,c1ccc(-c2ncnnc2-c2ccccc2)cc1,train,266.279,2.9269000000000007,0.7741493614668233,20,34
subcategory_halogen-walk.remove-Cl_1540,CCOC(C(=O)O)N1CCNCC1Cc1ccc(-c2ccccc2)cc1,1,halogen-walk,remove-Cl,CCOC(C(=O)O)N1CCNCC1Cc1ccc(-c2ccc(Cl)cc2)cc1,0 1 2 3 4 5 6 7 8 9 10 11 12 13 14 15 16 18 19 20 21 22 23 24 25,c1ccc(-c2ccc(CC3CNCCN3)cc2)cc1,train,354.45000000000005,2.6171000000000006,0.800328658833345,26,40
subcategory_halogen-walk.remove-Cl_165,O=C1C(CCC(O)c2ccc(F)cc2)C(c2ccc(-c3cccc(O)c3)cc2)N1c1ccc(F)cc1,0,authentic,authentic,,,O=C1C(CCCc2ccccc2)C(c2ccc(-c3ccccc3)cc2)N1c1ccccc1,train,485.53000000000014,6.555300000000007,0.29174540828943196,36,62
subcategory_halogen-walk.remove-Cl_1190,CCN(CC)CC(CC1CCCCC1)N1CCN(C(=O)[C@@H](Cc2ccccc2)NC(=O)CC2NCc3ccccc32)CC1,1,halogen-walk,remove-Cl,CCN(CC)CC(CC1CCCCC1)N1CCN(C(=O)[C@@H](Cc2ccc(Cl)cc2)NC(=O)CC2NCc3ccccc32)CC1,21 22 23 24 25 26 27,O=C(CC1NCc2ccccc21)N[C@H](Cc1ccccc1)C(=O)N1CCN(CCC2CCCCC2)CC1,train,587.8530000000001,4.773500000000003,0.3534493534170381,43,72
subcategory_halogen-walk.remove-Cl_770,COc1cc(C(=O)N[C@H](C(=O)N2CCOCC2)c2ccccc2)ccc1NC(=O)c1ccccc1-c1ccc(C(F)(F)F)cc1,0,authentic,authentic,,,O=C(N[C@H](C(=O)N1CCOCC1)c1ccccc1)c1ccc(NC(=O)c2ccccc2-c2ccccc2)cc1,val,617.6240000000003,5.963200000000006,0.2543737891067208,45,79
subcategory_halogen-walk.remove-Cl_1568,CC(C)(C)OC(=O)NCCC(=O)OCOC(=O)c1ccccc1,1,halogen-walk,remove-Cl,CC(C)(C)OC(=O)NCCC(=O)OCOC(=O)c1cc(S(N)(=O)=O)c(Cl)cc1NCc1ccco1,15 17 18 19 20 21 22,c1ccc(NCc2ccco2)cc1,train,323.34499999999997,2.2589000000000006,0.6376442602312166,23,38
subcategory_halogen-walk.remove-Cl_877,Nc1nc(N)c2c(n1)CCC(Cc1ccccc1)C2,1,halogen-walk,remove-Cl,Nc1nc(N)c2c(n1)CCC(Cc1ccc(Cl)c(Cl)c1)C2,0 1 2 3 4 5 6 7 8 9 11 12 13 14 15 16 17,c1ccc(CC2CCc3ncncc3C2)cc1,train,254.337,1.9886,0.8587493959243989,19,31
subcategory_halogen-walk.remove-Cl_67,O=C1NC(c2ccccc2)(c2ccccc2)C(=O)N1CCO,0,authentic,authentic,,,O=C1NC(=O)C(c2ccccc2)(c2ccccc2)N1,train,296.3260000000001,1.4743,0.8395674645774257,22,36
subcategory_halogen-walk.remove-Cl_1208,CN(C)CCCN(C)C(=O)CN1C(=O)[C@@H](CC(=O)NCc2cccc3ccccc23)S[C@@H]1c1ccccc1,1,halogen-walk,remove-Cl,CN(C)CCCN(C)C(=O)CN1C(=O)[C@@H](CC(=O)NCc2cccc3ccccc23)S[C@@H]1c1ccc(Cl)cc1Cl,31 32 33 34 35 36 37,O=C(C[C@H]1S[C@H](c2ccccc2)NC1=O)NCc1cccc2ccccc12,test,532.7100000000002,3.8990000000000054,0.40564500750604443,38,71
subcategory_halogen-walk.remove-Cl_367,CCN(CCN1CCC(c2noc3cc(F)ccc23)CC1)C(=O)C1CNCCC1O,0,authentic,authentic,,,O=C(NCCN1CCC(c2noc3ccccc23)CC1)C1CCCNC1,val,418.51300000000026,1.9651999999999998,0.7465539576833147,30,47
subcategory_halogen-walk.remove-Cl_1219,COc1ccc2c(c1)c(CCN)c(C)n2C(=O)c1ccccc1,1,halogen-walk,remove-Cl,COc1ccc2c(c1)c(CCN)c(C)n2C(=O)c1ccc(Cl)cc1.Cl,0 1 2 3 4 5 6 7 8 9 10 11 12 13 14 16 17 18 19 20 21,O=C(c1ccccc1)n1ccc2ccccc21,train,308.381,3.1480200000000016,0.8052662176889932,23,38
subcategory_halogen-walk.remove-Cl_714,CC(C)C1CC(=O)N(OS(=O)(=O)/C=C/c2ccccc2)C1=O,0,authentic,authentic,,,O=C1CCC(=O)N1OS(=O)(=O)/C=C/c1ccccc1,val,323.37000000000006,1.9498000000000002,0.7737100221314587,22,43
subcategory_halogen-walk.remove-Cl_496,Cl.O=C(CN1C(=O)NC(c2ccccc2)(c2ccccc2)C1=O)N1CCN(Cc2ccccc2)CC1,0,authentic,authentic,,,O=C(CN1C(=O)NC(c2ccccc2)(c2ccccc2)C1=O)N1CCN(Cc2ccccc2)CC1,train,505.01800000000037,3.2482000000000024,0.5230069912866423,36,61
subcategory_halogen-walk.remove-Cl_2,O=C(O)Cc1cccc2c(=O)c3cccnc3oc12,0,authentic,authentic,,,O=c1c2ccccc2oc2ncccc12,val,255.22899999999998,1.9683,0.7078802586977696,19,31
subcategory_halogen-walk.remove-Cl_1395,CC1CN(Cc2ccccc2)CCN1CC(=O)O,1,halogen-walk,remove-Cl,CC1CN([C@H](c2ccccc2)c2ccc(Cl)cc2)CCN1CC(=O)O.Cl.Cl,,c1ccc(C(c2ccccc2)N2CCNCC2)cc1,train,248.32599999999994,1.2773,0.8714141448906987,18,27
subcategory_halogen-walk.remove-Cl_1459,CCCNC(=O)N1CCN(C(c2ccccc2)c2ncc(Br)cc2CC)CC1C(=O)NCc1cccnc1,1,halogen-walk,remove-Cl,CCCNC(=O)N1CCN(C2c3ccc(Cl)cc3CCc3cc(Br)cnc32)CC1C(=O)NCc1cccnc1,0 1 2 3 4 5 6 8 11 12 15 16 17 20 21 25,O=C(NCc1cccnc1)C1CN(C2c3ccccc3CCc3cccnc32)CCN1,train,579.5430000000002,4.313100000000003,0.3945425970175692,38,59
subcategory_halogen-walk.remove-Cl_1479,COc1ccc2c(c1)c(Cc1ccc(OC(C)(C)C(=O)O)cc1)c(C)n2C(=O)c1ccccc1,1,halogen-walk,remove-Cl,COc1ccc2c(c1)c(Cc1ccc(OC(C)(C)C(=O)O)cc1)c(C)n2C(=O)c1ccc(Cl)cc1,0 1 2 3 4 5 6 7 8 9 10 11 12 13 14 15 16 17 18 19 20 21 22 23 24 25 27 28 29 30 31 32,O=C(c1ccccc1)n1cc(Cc2ccccc2)c2ccccc21,train,457.5260000000001,5.479620000000004,0.39764134739653795,34,60
subcategory_halogen-walk.remove-Cl_885,C=C(c1ccccc1SCc1ccccc1)n1ccnc1,1,halogen-walk,remove-Cl,C=C(c1ccccc1SCc1ccc(Cl)cc1)n1ccnc1,0 1 2 3 4 5 6 7 8 10 11 12 13 14 15 16 17 18 19 20,C=C(c1ccccc1SCc1ccccc1)n1ccnc1,train,292.407,4.694400000000004,0.6346209936578028,21,30
subcategory_halogen-walk.remove-Cl_330,Cc1c(CC(=O)O)c2cc(OC(=O)CCC(=O)OCc3ccccc3)ccc2n1C(=O)c1ccc(Cl)cc1,0,authentic,authentic,,,O=C(CCC(=O)Oc1ccc2c(ccn2C(=O)c2ccccc2)c1)OCc1ccccc1,train,533.9640000000002,5.347720000000005,0.2278930239450329,38,65
subcategory_halogen-walk.remove-Cl_64,COc1ccc(-n2nc(Cn3ccnn3)c3c2C(=O)N(c2ccc(N4CCCCC4=O)cc2)CC3)cc1,0,authentic,authentic,,,O=C1CCCCN1c1ccc(N2CCc3c(Cn4ccnn4)nn(-c4ccccc4)c3C2=O)cc1,train,497.55900000000037,3.2405000000000017,0.40568536515164044,37,62
subcategory_halogen-walk.remove-Cl_311,CCCCCCC[C@@H]1Cc2c(C)c(O)cc(O)c2C(=O)O1,0,authentic,authentic,,,O=C1OCCc2ccccc21,train,292.37500000000006,3.8482200000000035,0.6171178466996443,21,39
subcategory_halogen-walk.remove-Cl_399,CCCN(CCC)CC(O)COc1ccccc1C(=O)CCc1ccccc1.Cl,0,authentic,authentic,,,O=C(CCc1ccccc1)c1ccccc1,train,419.9930000000001,4.785600000000006,0.4742239831354459,29,42
subcategory_halogen-walk.remove-Cl_346,CC(CCCC1CCC1)C[C@H](CN)CC(=O)O,0,authentic,authentic,,,C1CCC1,train,241.37499999999997,3.0326000000000004,0.651896747617013,17,30
subcategory_halogen-walk.remove-Cl_629,NCC(=O)OCN1C(=O)CCc2ccc(OCCCCN3CCN(c4cccc(Cl)c4Cl)CC3)cc21,0,authentic,authentic,,,O=C1CCc2ccc(OCCCCN3CCN(c4ccccc4)CC3)cc2N1,train,535.4720000000003,3.713200000000003,0.3666986913419725,36,58
subcategory_halogen-walk.remove-Cl_1458,COc1cc(C(=O)N2CCC(CCN3CCC(C(N)=O)(c4ccncc4)CC3)(c3cccc(C)c3)C2)cc(OC)c1OC,1,halogen-walk,remove-Cl,COc1cc(C(=O)N2CCC(CCN3CCC(C(N)=O)(c4ccncc4)CC3)(c3ccc(Cl)c(Cl)c3)C2)cc(OC)c1OC,0 1 2 3 4 5 6 7 8 9 11 12 13 14 15 16 17 18 19 20 21 22 23 24 25 26 27 28 29 30 31 32 33 34 35 36 37 38 39 40 41 42,O=C(c1ccccc1)N1CCC(CCN2CCC(c3ccncc3)CC2)(c2ccccc2)C1,train,586.7330000000002,4.108920000000004,0.3811138566574651,43,73
subcategory_halogen-walk.remove-Cl_1304,CN(C(=O)c1ccc(-c2ccc(C(F)(F)F)cc2)cc1)[C@H]1CCN(C(=O)N(C)[C@@H]2CCN(CCCc3ccccc3)C2)C1,1,halogen-walk,remove-Cl,CN(C(=O)c1ccc(-c2ccc(C(F)(F)F)cc2)cc1)[C@H]1CCN(C(=O)N(C)[C@@H]2CCN(CCCc3ccc(Cl)cc3)C2)C1,,O=C(N[C@H]1CCN(C(=O)N[C@@H]2CCN(CCCc3ccccc3)C2)C1)c1ccc(-c2ccccc2)cc1,val,592.7060000000004,6.277600000000007,0.30959685546593396,43,85
subcategory_halogen-walk.remove-Cl_244,CN(C(=O)CCCOc1ccc2c(c1)NC(=O)CC2)C1CCCNC1,0,authentic,authentic,,,O=C1CCc2ccc(OCCCC(=O)NC3CCCNC3)cc2N1,train,345.4430000000002,1.9406999999999996,0.7732361098224935,25,41
subcategory_halogen-walk.remove-Cl_319,C=CN1CCCC1=O.CC(=O)Nc1ccc(O)cc1,0,authentic,authentic,,,O=C1CCCN1.c1ccccc1,train,262.309,2.1029,0.8018433703257088,19,31
subcategory_halogen-walk.remove-Cl_1087,Nc1nc(CCCO)nnc1-c1ccccc1,1,halogen-walk,remove-Cl,Nc1nc(CCCO)nnc1-c1cccc(Cl)c1Cl,10 11 12 13 14 15 16,c1ccc(-c2cncnn2)cc1,train,230.27100000000002,1.0456999999999999,0.8194891636548476,17,24
subcategory_halogen-walk.remove-Cl_1516,COc1cc(C(=O)N2CCO[C@](CCN3CCC4(CC3)c3ccccc3C[C@@H]4O)(c3ccccc3)C2)cc(OC)c1OC,1,halogen-walk,remove-Cl,COc1cc(C(=O)N2CCO[C@](CCN3CCC4(CC3)c3ccccc3C[C@@H]4O)(c3ccc(Cl)c(Cl)c3)C2)cc(OC)c1OC,11 29 30 31 32 33 34,O=C(c1ccccc1)N1CCO[C@](CCN2CCC3(CCc4ccccc43)CC2)(c2ccccc2)C1,train,586.7290000000002,4.421200000000004,0.41869480662486447,43,76
subcategory_halogen-walk.remove-Cl_1589,COc1ccccc1C(=O)NCC1(N2CCN(C(=O)[C@@H](Cc3ccccc3)NC(=O)CCN)CC2)CCCCC1,1,halogen-walk,remove-Cl,COc1ccccc1C(=O)NCC1(N2CCN(C(=O)[C@@H](Cc3ccc(Cl)cc3Cl)NC(=O)CCN)CC2)CCCCC1,0 1 2 3 4 5 6 7 8 9 10 11 12 13 14 15 16 17 18 19 21 22 23 24 25 26 27 28 29 30 31 32 33 34 35 36 37 38 39,O=C(NCC1(N2CCN(C(=O)CCc3ccccc3)CC2)CCCCC1)c1ccccc1,train,549.7160000000002,2.3484000000000016,0.39628613734652535,40,68
subcategory_halogen-walk.remove-Cl_769,O=C(c1cc2ccccc2[nH]1)c1cc2cc(OCCN3CCOCC3)ccc2[nH]1,0,authentic,authentic,,,O=C(c1cc2ccccc2[nH]1)c1cc2cc(OCCN3CCOCC3)ccc2[nH]1,train,389.45500000000015,3.5912000000000024,0.4946049055208465,29,50
subcategory_halogen-walk.remove-Cl_95,O=CN1CCCN(C2=Nc3cc(Cl)ccc3Nc3ccccc32)CC1,0,authentic,authentic,,,c1ccc2c(c1)N=C(N1CCCNCC1)c1ccccc1N2,test,354.8410000000002,3.639400000000002,0.7952702878531273,25,40
subcategory_halogen-walk.remove-Cl_822,O=C(Cc1cc(C(F)(F)F)cc(C(F)(F)F)c1)NCC(c1ccccc1)N1CCC(N2CCCCC2)CC1,1,halogen-walk,remove-Cl,O=C(Cc1cc(C(F)(F)F)cc(C(F)(F)F)c1)NCC(c1ccc(Cl)c(Cl)c1)N1CCC(N2CCCCC2)CC1,0 1 2 3 4 5 6 7 8 9 10 11 12 13 14 15 16 17 18 20 21 22 23 24 25 26 27 28 29 30 31 32 33 34 35 36 37,O=C(Cc1ccccc1)NCC(c1ccccc1)N1CCC(N2CCCCC2)CC1,train,541.5800000000002,6.074500000000008,0.43226929126000335,38,65
subcategory_halogen-walk.remove-Cl_612,O=C(NCC1CCCCN1)c1cc(OCC(F)(F)F)ccc1OCCCc1ccccc1,0,authentic,authentic,,,O=C(NCC1CCCCN1)c1ccccc1OCCCc1ccccc1,train,450.5010000000002,4.511200000000003,0.5231855706552339,32,47
subcategory_halogen-walk.remove-Cl_528,CCCOc1c(OCCCN2CCOCC2)cc([C@@H]2CC[C@@H](c3cc(OC)c(OC)c(OC)c3)O2)cc1S(=O)(=O)CC(C)=O,0,authentic,authentic,,,c1ccc([C@@H]2CC[C@@H](c3cccc(OCCCN4CCOCC4)c3)O2)cc1,test,635.7760000000002,4.557800000000004,0.24166472644908227,44,83
subcategory_halogen-walk.remove-Cl_1143,CC1(C2CC2)OC(=O)Nc2ccc(-c3ccccc3)cc21,1,halogen-walk,remove-Cl,CC1(C2CC2)OC(=O)Nc2ccc(-c3cccc(Cl)c3)cc21,,O=C1Nc2ccc(-c3ccccc3)cc2C(C2CC2)O1,train,279.33900000000006,4.540900000000003,0.8759832640877939,21,37
subcategory_halogen-walk.remove-Cl_394,CN(C1CC1)[C@@H](CNC(=O)c1ccc(Cl)s1)C(=O)Nc1ccc(N2CCOCC2=O)c(F)c1,0,authentic,authentic,,,O=C(NC[C@H](NC1CC1)C(=O)Nc1ccc(N2CCOCC2=O)cc1)c1cccs1,train,494.97600000000034,2.735100000000001,0.5886043918620524,33,64
subcategory_halogen-walk.remove-Cl_298,Cc1ccc2cc(C[C@@H](NC(=O)C3C[C@@H](O)CN3C(=O)c3cn(C)c4ccccc34)C(=O)N(C)Cc3ccccc3)ccc2c1,0,authentic,authentic,,,O=C(N[C@H](Cc1ccc2ccccc2c1)C(=O)NCc1ccccc1)C1CCCN1C(=O)c1c[nH]c2ccccc12,test,602.7350000000004,4.601420000000004,0.2715394963854992,45,86
subcategory_halogen-walk.remove-Cl_789,O=C(Cc1ccc(F)cc1)NC1CCCCCC1,0,authentic,authentic,,,O=C(Cc1ccccc1)NC1CCCCCC1,train,249.32899999999992,3.207200000000002,0.8188086210654625,18,27
subcategory_halogen-walk.remove-Cl_1081,C[C@@H](NC(=O)C[C@@H](S)C(=O)N(CC(=O)NCCCN1CCOCC1)Cc1ccccc1)c1cccc2ccccc12,1,halogen-walk,remove-Cl,C[C@@H](NC(=O)C[C@H]1S[C@H](c2ccc(Cl)cc2Cl)N(CC(=O)NCCCN2CCOCC2)C1=O)c1cccc2ccccc12,10 24 25 26 27 28 29 30,O=C(C[C@H]1S[C@H](c2ccccc2)N(CC(=O)NCCCN2CCOCC2)C1=O)NCc1cccc2ccccc12,train,576.7630000000004,3.5728000000000035,0.21388444809574586,41,74
subcategory_halogen-walk.remove-Cl_843,Cn1cc(Cc2cn(CC(=O)N3CCN(c4ccccc4)CC3)c(SCc3ccc(F)cc3)nc2=O)cn1,1,halogen-walk,remove-Cl,Cn1cc(Cc2cn(CC(=O)N3CCN(c4ccc(Cl)c(Cl)c4)CC3)c(SCc3ccc(F)cc3)nc2=O)cn1,14 15 16 17 18 19 20,O=C(Cn1cc(Cc2cn[nH]c2)c(=O)nc1SCc1ccccc1)N1CCN(c2ccccc2)CC1,val,532.6450000000002,3.347800000000002,0.25600314258532847,38,62
subcategory_halogen-walk.remove-Cl_544,CCCCCCOC(=O)c1cc(O)cc(OC)c1C(=O)c1c(O)cc(C)cc1O,0,authentic,authentic,,,O=C(c1ccccc1)c1ccccc1,train,402.44300000000015,4.088520000000004,0.3288203854763732,29,47
subcategory_halogen-walk.remove-Cl_645,CO[C@]12CC[C@@]3(C[C@@H]1[C@@H](O)CCC1CCCCC1)[C@H]1Cc4ccc(O)c5c4[C@@]3(CCN1CC1CC1)[C@H]2O5,0,authentic,authentic,,,c1cc2c3c(c1)O[C@H]1C4CC[C@@]5(C[C@@H]4CCCC4CCCCC4)[C@@H](C2)N(CC2CC2)CC[C@]315,val,507.7150000000003,5.338100000000006,0.5218364125229468,37,90
subcategory_halogen-walk.remove-Cl_690,CN1C2C=C[C@@H]1CC(OC(=O)C(O)(c1cccs1)c1cccs1)C2,0,authentic,authentic,,,O=C(OC1CC2C=C[C@H](C1)N2)C(c1cccs1)c1cccs1,test,361.48800000000006,2.9899000000000013,0.6718494331242175,24,47
subcategory_halogen-walk.remove-Cl_1204,Nc1nc(N)c(-c2ccccc2)c(CCCc2ccccc2)n1,1,halogen-walk,remove-Cl,Nc1nc(N)c(-c2cccc(Cl)c2)c(CCCc2ccccc2)n1,,c1ccc(CCCc2ncncc2-c2ccccc2)cc1,test,304.397,3.4833000000000025,0.7561387161943988,23,36
subcategory_halogen-walk.remove-Cl_858,O=C(c1cnn2ccccc12)N1CCN(c2ccccc2)CC1,1,halogen-walk,remove-Cl,O=C(c1cnn2ccccc12)N1CCN(c2ccc(Cl)cc2)CC1,0 1 2 3 4 5 6 7 8 9 10 11 12 13 15 16 17 18 19 20 21 22,O=C(c1cnn2ccccc12)N1CCN(c2ccccc2)CC1,test,306.3690000000001,2.2967000000000004,0.7292680864932563,23,36
subcategory_halogen-walk.remove-Cl_990,Cc1ccccc1C(=O)NC1CC[NH+](Cc2ccccc2)CC1,1,halogen-walk,remove-Cl,COc1cc(NC(=O)CCl)c(Cl)cc1C(=O)NC1CC[NH+](Cc2ccccc2)CC1.[Cl-],0 1 2 3 4 5 6 7,O=C(NC1CC[NH+](Cc2ccccc2)CC1)c1ccccc1,train,309.43300000000005,1.9723199999999996,0.8894270855566595,23,38
subcategory_halogen-walk.remove-Cl_736,O[C@@H]1CCCC[C@H]1N1CCC(c2ccccc2)CC1,0,authentic,authentic,,,c1ccc(C2CCN(C3CCCCC3)CC2)cc1,train,259.39300000000003,3.169500000000002,0.8815605016441379,19,36
subcategory_halogen-walk.remove-Cl_1124,COc1ccc2c(c1)c(CC(=O)NC1CC(C)(C)N([O])C(C)(C)C1)c(C)n2C(=O)c1ccccc1,1,halogen-walk,remove-Cl,COc1ccc2c(c1)c(CC(=O)NC1CC(C)(C)N([O])C(C)(C)C1)c(C)n2C(=O)c1ccc(Cl)cc1,27 29 30 31 32 33 34,O=C(Cc1cn(C(=O)c2ccccc2)c2ccccc12)NC1CCNCC1,train,476.59700000000026,4.672620000000004,0.5799646968884677,35,67
subcategory_halogen-walk.remove-Cl_702,CC(C)C[C@H](NC(=O)[C@@H](CC(=O)N1CCN(C)CC1)Cc1ccccc1)C(=O)N[C@@H](CC1CCCCC1)[C@@H](O)[C@@H](O)CC(C)C,0,authentic,authentic,,,O=C(CNC(=O)[C@@H](CC(=O)N1CCNCC1)Cc1ccccc1)NCCC1CCCCC1,train,628.8990000000003,3.7634000000000043,0.22127145164977083,45,100
subcategory_halogen-walk.remove-Cl_259,COc1ccc(-n2nc(C(N)=O)c3c2C(=O)N(c2ccc(C(=N)N4CCC(F)(F)C4)cc2)CC32CC2)cc1,0,authentic,authentic,,,N=C(c1ccc(N2CC3(CC3)c3cnn(-c4ccccc4)c3C2=O)cc1)N1CCCC1,train,520.5400000000003,3.3381700000000016,0.395373722950738,38,72
subcategory_halogen-walk.remove-Cl_1255,CC(=O)Oc1cc(C(=O)NCC2CCN(c3ccncc3)CC2)cc(OCCc2ccccc2)c1Br,1,halogen-walk,remove-Cl,CC(=O)Oc1cc(C(=O)NCC2CCN(c3ccncc3)CC2)cc(OCCc2ccc(Cl)cc2Cl)c1Br,27 28 29 30 31 32 33,O=C(NCC1CCN(c2ccncc2)CC1)c1cccc(OCCc2ccccc2)c1,train,552.4690000000003,5.037300000000005,0.29622496381611435,36,57
subcategory_halogen-walk.remove-Cl_1413,c1ccc(CNC2CCN3C[C@H](c4ccccc4)CC3C2)cc1,1,halogen-walk,remove-Cl,COc1cc(N)c(Cl)cc1C(=O)NC1CCN2C[C@H](c3ccccc3)CC2C1,0 1 2 3 4 5 21 22,O=C(NC1CCN2C[C@H](c3ccccc3)CC2C1)c1ccccc1,train,306.45300000000003,3.796700000000003,0.9241501056920448,23,39
subcategory_halogen-walk.remove-Cl_1546,COc1ccc2c(c1)c(CC(=O)NOCc1ccccc1)c(C)n2C(=O)c1ccccc1,1,halogen-walk,remove-Cl,COc1ccc2c(c1)c(CC(=O)NOCc1ccccc1)c(C)n2C(=O)c1ccc(Cl)cc1,24 26 27 28 29 30 31,O=C(Cc1cn(C(=O)c2ccccc2)c2ccccc12)NOCc1ccccc1,train,428.4880000000001,4.437320000000003,0.44209944034677534,32,52
subcategory_halogen-walk.remove-Cl_1064,CNS(=O)(=O)c1ccc(CCNC(=O)c2ccccc2)cc1,1,halogen-walk,remove-Cl,CNS(=O)(=O)c1ccc(CCNC(=O)c2cc(Cl)ccc2O)cc1,0 1 2 3 4 5 6 7 8 9 10 11 13 14 15 16 17 18 19 20 21,O=C(NCCc1ccccc1)c1ccccc1,train,318.39799999999997,1.5671999999999993,0.8486921162895962,22,37
subcategory_halogen-walk.remove-Cl_1439,Nc1ncc(Cc2ccccc2)c(N)n1,1,halogen-walk,remove-Cl,Nc1ncc(Cc2cccc(Cl)c2)c(N)n1,0 1 2 3 4 6 7 8 9 10 11 12 13 14,c1ccc(Cc2cncnc2)cc1,train,200.245,1.2318,0.7639109421804775,15,23
subcategory_halogen-walk.remove-Cl_440,CCCC1(c2ccc(C)c(F)c2)NC(=O)NC1=O,0,authentic,authentic,,,O=C1NC(=O)C(c2ccccc2)N1,train,250.27299999999997,1.96892,0.8056718176710531,18,32
subcategory_halogen-walk.remove-Cl_1107,COc1ccc2c(c1)c(CC(=O)NCc1ccccc1C)c(C)n2C(=O)c1ccccc1,1,halogen-walk,remove-Cl,COc1ccc2c(c1)c(CC(=O)NCc1ccccc1C)c(C)n2C(=O)c1ccc(Cl)cc1,0 1 2 3 4 5 6 7 8 9 10 11 12 13 14 15 16 17 18 19 20 21 22 23 25 26 27 28 29 30,O=C(Cc1cn(C(=O)c2ccccc2)c2ccccc12)NCc1ccccc1,train,426.5160000000002,4.814140000000004,0.4811418271107548,32,52
subcategory_halogen-walk.remove-Cl_472,COc1ccc(-c2nc3ccc[nH]c-3n2)c(OC)c1,0,authentic,authentic,,,c1ccc(-c2nc3ccc[nH]c-3n2)cc1,test,255.27700000000002,2.5937,0.7810775912113841,19,34
subcategory_halogen-walk.remove-Cl_127,COc1cc(O)cc2c1C(=O)O[C@@H]2CCCCCCCCCC1(O)CC[C@@H](C)O1,0,authentic,authentic,,,O=C1O[C@H](CCCCCCCCCC2CCCO2)c2ccccc21,val,406.51900000000023,5.010700000000005,0.3968134762163339,29,54
subcategory_halogen-walk.remove-Cl_333,CC(C)(CO)CC(C)(C)CC(=O)N(CC1CN(c2ccc(N3CCOCC3=O)cc2F)C(=O)O1)C(=O)c1ccc(Cl)s1,0,authentic,authentic,,,O=C(NCC1CN(c2ccc(N3CCOCC3=O)cc2)C(=O)O1)c1cccs1,train,624.1310000000003,4.7229000000000045,0.40693661258860914,42,77
subcategory_halogen-walk.remove-Cl_1400,CNC(=O)C1(N2CCOCC2=O)CCN(CC[C@H](CN(C)C(=O)c2cc(C#N)cc3ccccc23)c2ccccc2)CC1,1,halogen-walk,remove-Cl,CNC(=O)C1(N2CCOCC2=O)CCN(CC[C@H](CN(C)C(=O)c2cc(C#N)cc3ccccc23)c2ccc(Cl)c(Cl)c2)CC1,0 1 2 3 4 5 6 7 8 9 10 11 12 13 14 15 16 18 19 20 21 22 23 24 25 26 27 28 29 30 31 32 33 34 35 36 37 38 39 40 41 42,O=C(NC[C@@H](CCN1CCC(N2CCOCC2=O)CC1)c1ccccc1)c1cccc2ccccc12,train,581.7170000000001,3.3967800000000032,0.4154246962062256,43,75
subcategory_halogen-walk.remove-Cl_499,CCCCc1nc2ccn(CC(=O)O)c(=O)c2n1Cc1ccc(-c2ccccc2-c2nn[nH]n2)cc1,0,authentic,authentic,,,O=c1[nH]ccc2ncn(Cc3ccc(-c4ccccc4-c4nn[nH]n4)cc3)c12,train,483.53200000000015,3.5206000000000017,0.3278113086991103,36,61
subcategory_halogen-walk.remove-Cl_534,C(=C\c1ccccc1)/CN(Cc1ccccc1)Cc1cccc2ccccc12,0,authentic,authentic,,,C(=C\c1ccccc1)/CN(Cc1ccccc1)Cc1cccc2ccccc12,train,363.504,6.555400000000005,0.3594844437853436,28,43
subcategory_halogen-walk.remove-Cl_619,CC(c1ccc(F)cc1)C(O)(Cn1cncn1)c1ccc(F)cc1,0,authentic,authentic,,,c1ccc(CC(Cn2cncn2)c2ccccc2)cc1,train,329.35,3.2478000000000016,0.7816425398072145,24,40
subcategory_halogen-walk.remove-Cl_681,Clc1ccc2c(c1)N=C(N1CCNCC1)C1=CC=CCC1N2,0,authentic,authentic,,,C1=CCC2Nc3ccccc3N=C(N3CCNCC3)C2=C1,train,314.82,2.9556000000000013,0.7732010492676747,22,38
subcategory_halogen-walk.remove-Cl_1315,O=C(c1ccccc1)N1CCN(S(=O)(=O)c2cccc(C(F)(F)F)c2)CC1,1,halogen-walk,remove-Cl,COc1ccc(Cl)cc1C(=O)N1CCN(S(=O)(=O)c2cccc(C(F)(F)F)c2)CC1,0 2 3 4 5 6 7 8 9 10 11 12 13 14 15 16 17 18 19 20 21 22 23 24 25 26,O=C(c1ccccc1)N1CCN(S(=O)(=O)c2ccccc2)CC1,val,398.40600000000006,2.852100000000001,0.7990477385371165,27,50
subcategory_halogen-walk.remove-Cl_817,CCNS(=O)(=O)c1ccc(NC(=O)c2ccccc2)cc1,1,halogen-walk,remove-Cl,CCNS(=O)(=O)c1ccc(NC(=O)c2cc(Cl)ccc2OC)cc1,0 1 2 3 4 5 6 7 8 9 10 12 13 14 15 16 17 18 19 20,O=C(Nc1ccccc1)c1ccccc1,train,304.37100000000004,2.2371,0.8892271371398618,21,36
subcategory_halogen-walk.remove-Cl_229,Cl.N[C@@H](Cc1ccc(Oc2ccc(Oc3ccccc3)cc2)cc1)C(=O)O,0,authentic,authentic,,,c1ccc(Oc2ccc(Oc3ccccc3)cc2)cc1,test,385.84700000000004,4.647400000000004,0.6183524726092281,27,49
subcategory_halogen-walk.remove-Cl_407,O=C(NC1CCCCC1)NS(=O)(=O)c1ccc(CCNC(=O)c2cc(I)ccc2OCc2ccc(F)cc2)cc1,0,authentic,authentic,,,O=C(NC1CCCCC1)NS(=O)(=O)c1ccc(CCNC(=O)c2ccccc2OCc2ccccc2)cc1,train,679.5520000000001,5.302400000000005,0.25198845447000684,40,66
subcategory_halogen-walk.remove-Cl_401,COC(=O)CSCCCCC/C=C(\NC(=O)C1CC1(C)C)C(=O)O,0,authentic,authentic,,,C1CC1,train,357.47200000000015,2.5838,0.3353543087739402,24,42
subcategory_halogen-walk.remove-Cl_1101,Cc1cc(-n2ncc(=O)[nH]c2=O)ccc1C(=O)c1ccccc1,1,halogen-walk,remove-Cl,Cc1cc(-n2ncc(=O)[nH]c2=O)ccc1C(=O)c1ccc(Cl)cc1,0 1 2 3 4 5 6 7 8 9 10 11 12 13 14 16 17 18 19 20 21,O=C(c1ccccc1)c1ccc(-n2ncc(=O)[nH]c2=O)cc1,train,307.309,1.4602199999999996,0.7423863406568361,23,42
subcategory_halogen-walk.remove-Cl_537,OCCN1CCN(C2=Nc3ccccc3SC3=C2CCC=C3)CC1,0,authentic,authentic,,,C1=CC2=C(CC1)C(N1CCNCC1)=Nc1ccccc1S2,train,341.48000000000025,3.0363000000000016,0.8973949686553109,24,37
subcategory_halogen-walk.remove-Cl_1015,CCOC(=O)C(C)NC(=O)COCCN1CCN(C(c2ccccc2)c2ccccc2)CC1,1,halogen-walk,remove-Cl,CCOC(=O)C(C)NC(=O)COCCN1CCN(C(c2ccccc2)c2ccc(Cl)cc2)CC1,18 19 20 21 22 23 24,c1ccc(C(c2ccccc2)N2CCNCC2)cc1,train,453.5830000000001,2.4780000000000015,0.4164303337470713,33,51
subcategory_halogen-walk.remove-Cl_729,CCCOc1cc(N)c(Cl)cc1C(=O)NC1CCN(CCCC2CCCO2)CC1,0,authentic,authentic,,,O=C(NC1CCN(CCCC2CCCO2)CC1)c1ccccc1,val,423.9850000000004,3.8644000000000034,0.5894573349766377,29,45
subcategory_halogen-walk.remove-Cl_578,CCN(CC)CCNC(=O)c1cc(Cl)c(N)cc1OC1CCCC1=O,0,authentic,authentic,,,O=C1CCCC1Oc1ccccc1,train,367.87700000000024,2.4942,0.6894139785886849,25,40
subcategory_halogen-walk.remove-Cl_1161,CCC1(O)CC(=O)OCc2c1cc1n(c2=O)Cc2c-1nc1ccc(OC)cc1c2Cc1ccccc1,1,halogen-walk,remove-Cl,CCC1(O)CC(=O)OCc2c1cc1n(c2=O)Cc2c-1nc1ccc(OC)cc1c2C(=O)c1ccc(Cl)cc1,,O=C1CCc2cc3n(c(=O)c2CO1)Cc1c-3nc2ccccc2c1C(=O)c1ccccc1,train,482.53600000000023,4.069100000000003,0.3885731722215127,36,59
subcategory_halogen-walk.remove-Cl_1399,Cc1ccc(O)c(C(=O)c2ccccc2)c1,1,halogen-walk,remove-Cl,Cc1ccc(O)c(C(=O)c2ccc(Cl)cc2)c1,0 1 2 3 4 5 6 8 9 10 11 12 13 14 15,O=C(c1ccccc1)c1ccccc1,train,212.24800000000002,2.9316200000000006,0.7769533037268398,16,27
subcategory_halogen-walk.remove-Cl_598,C[C@@H](CC[C@H]1C(=O)N(c2ccc(F)cc2)[C@@H]1c1ccc(O)cc1)c1ccc(F)cc1,0,authentic,authentic,,,O=C1[C@H](CCCc2ccccc2)[C@@H](c2ccccc2)N1c1ccccc1,train,407.4600000000001,5.9584000000000055,0.5124598905604935,30,65
subcategory_halogen-walk.remove-Cl_1089,CCOc1cc(C(=O)NCC2CCN(c3ccncc3)CC2)cc(OCCc2ccccc2)c1Br,1,halogen-walk,remove-Cl,CCOc1cc(C(=O)NCC2CCN(c3ccncc3)CC2)cc(OCCc2ccc(Cl)cc2Cl)c1Br,0 1 2 3 4 5 6 7 8 9 10 11 12 13 14 15 16 17 18 19 20 21 22 23 24 25 27 28 29 30 31 32 33 34,O=C(NCC1CCN(c2ccncc2)CC1)c1cccc(OCCc2ccccc2)c1,train,538.4860000000003,5.510700000000005,0.36898938855304253,35,53
subcategory_halogen-walk.remove-Cl_1178,Cc1cccc(CC(=O)Nc2ccc3nc(N)nc(N)c3c2Cl)c1,1,halogen-walk,remove-Cl,Nc1nc(N)c2c(Cl)c(NC(=O)Cc3ccc(Cl)cc3)ccc2n1,0 1 2 3 4 5 7 8 9 10 11 12 13 14 15 16 17 18 19 20 21 22,O=C(Cc1ccccc1)Nc1ccc2ncncc2c1,train,341.802,2.93722,0.6785699718165944,24,40
subcategory_halogen-walk.remove-Cl_0,CC.CCCCC.NCC1(CC(=O)O)CCC1,0,authentic,authentic,,,C1CCC1,train,245.40699999999995,3.812800000000002,0.773766236811132,17,26
subcategory_halogen-walk.remove-Cl_1508,CCOC(C(=O)O)N1CCN(Cc2ccccc2-c2ccccc2)CC1,1,halogen-walk,remove-Cl,CCOC(C(=O)O)N1CCN(Cc2ccccc2-c2ccc(Cl)cc2)CC1,,c1ccc(-c2ccccc2CN2CCNCC2)cc1,train,354.4500000000001,2.918400000000001,0.8285209464123431,26,40
subcategory_halogen-walk.remove-Cl_1581,Cc1cccc(N2CCC(N)(COc3ccc(F)c4c3CCC(=O)N4)CC2)c1,1,halogen-walk,remove-Cl,NC1(COc2ccc(F)c3c2CCC(=O)N3)CCN(c2cc(F)c(Cl)cc2Cl)CC1,6,O=C1CCc2c(cccc2OCC2CCN(c3ccccc3)CC2)N1,train,383.4670000000002,3.395520000000002,0.8492522734270095,28,47
subcategory_halogen-walk.remove-Cl_907,[2H]C([2H])(OC([2H])([2H])C([2H])([2H])N1C([2H])([2H])C([2H])([2H])N(C([2H])(c2ccccc2)c2ccccc2)C([2H])([2H])C1([2H])[2H])C(=O)O,1,halogen-walk,remove-Cl,[2H]C([2H])(OC([2H])([2H])C([2H])([2H])N1C([2H])([2H])C([2H])([2H])N(C([2H])(c2ccccc2)c2ccc(Cl)cc2)C([2H])([2H])C1([2H])[2H])C(=O)O,18 20 21 22 23 24 25,c1ccc(C(c2ccccc2)N2CCNCC2)cc1,train,369.5415266700001,2.4947999999999997,0.77476538386427,26,127
subcategory_halogen-walk.remove-Cl_568,O=C(O)CCCNc1ccc(C(=O)O)cc1,0,authentic,authentic,,,c1ccccc1,train,223.228,1.6615,0.6383055050645023,16,26
subcategory_halogen-walk.remove-Cl_1307,O=C1CCc2ccc(OCC(O)CN3CCC(c4ccccc4)CC3)cc2N1,1,halogen-walk,remove-Cl,O=C1CCc2ccc(OCC(O)CN3CCC(c4ccc(Cl)cc4)CC3)cc2N1,0 1 2 3 4 5 6 7 8 9 10 11 12 13 14 15 17 18 19 20 21 22 23 24 25 26 27,O=C1CCc2ccc(OCCCN3CCC(c4ccccc4)CC3)cc2N1,train,380.48800000000006,3.1906000000000017,0.8079926024254785,28,43
subcategory_halogen-walk.remove-Cl_1451,Cc1ccccc1-c1nnc(N)nc1N,1,halogen-walk,remove-Cl,Nc1nnc(-c2cccc(Cl)c2Cl)c(N)n1,0 1 2 3 4 5 6 8 9 10 11 12 13 14,c1ccc(-c2cncnn2)cc1,train,201.23299999999998,1.0114199999999998,0.7181183339324674,15,22
subcategory_halogen-walk.remove-Cl_1408,Nc1nc(O)c2[nH]c(SCc3ccccc3)nc2n1,1,halogen-walk,remove-Cl,Nc1nc(O)c2[nH]c(SCc3ccc(Cl)cc3)nc2n1,0 1 2 3 4 5 6 7 8 10 11 12 13 14 15 16 17 18,c1ccc(CSc2nc3ncncc3[nH]2)cc1,train,273.321,1.9329999999999996,0.6303331053269834,19,32
subcategory_halogen-walk.remove-Cl_178,CCCCCN1CC[C@@H](c2ccc(F)cc2)[C@H](COc2ccc3c(c2)OCO3)C1,0,authentic,authentic,,,c1ccc([C@@H]2CCNC[C@H]2COc2ccc3c(c2)OCO3)cc1,train,399.50600000000026,5.229100000000005,0.5689840523228548,29,54
subcategory_halogen-walk.remove-Cl_628,Oc1ccc(C2CCNCC2COc2ccc3c(c2)OCO3)cc1,0,authentic,authentic,,,c1ccc(C2CCNCC2COc2ccc3c(c2)OCO3)cc1,train,327.38000000000005,2.8930000000000007,0.9041103340666921,24,36
subcategory_halogen-walk.remove-Cl_891,CCN(CC)CC(c1ccccc1F)N1CCN(C(=O)[C@@H](Cc2ccccc2)NC(=O)N2CCc3ccccc3C2)CC1,1,halogen-walk,remove-Cl,CCN(CC)CC(c1ccccc1F)N1CCN(C(=O)[C@@H](Cc2ccc(Cl)cc2)NC(=O)N2CCc3ccccc3C2)CC1,0 1 2 3 4 5 6 7 8 9 10 11 12 13 14 15 16 17 18 19 20 22 23 24 25 26 27 28 29 30 31 32 33 34 35 36 37 38 39 40 41 42,O=C(N[C@H](Cc1ccccc1)C(=O)N1CCN(Cc2ccccc2)CC1)N1CCc2ccccc2C1,test,585.768,4.732000000000005,0.37391819627047107,43,72
subcategory_halogen-walk.remove-Cl_655,COc1ccc(-n2nc(C(F)(F)F)c3c2C(=O)N(c2ccc(C4(CC(C)=O)CC4)cc2)CC3)cc1,0,authentic,authentic,,,O=C1c2c(cnn2-c2ccccc2)CCN1c1ccc(C2CC2)cc1,train,483.49000000000035,5.113300000000005,0.4887247804848608,35,66
subcategory_halogen-walk.remove-Cl_580,Oc1ccc(F)cc1Cc1cc(F)ccc1O,0,authentic,authentic,,,c1ccc(Cc2ccccc2)cc1,train,236.217,2.9668000000000014,0.8410955742336446,17,25
subcategory_halogen-walk.remove-Cl_713,c1ccc2cc(CCn3ccnc3)ccc2c1,0,authentic,authentic,,,c1ccc2cc(CCn3ccnc3)ccc2c1,train,222.29100000000003,3.2790000000000017,0.6646476410108242,17,25
subcategory_halogen-walk.remove-Cl_727,O=Nc1c2n3cc(C(=O)O)[nH]c3c(O)nc-2c2ccccc12,0,authentic,authentic,,,c1ccc2c3ncc4[nH]ccn4c-3cc2c1,test,296.242,2.7221,0.49106255874153515,22,42
subcategory_halogen-walk.remove-Cl_1305,CC1(C)C(NC(=O)c2ccccc2)C1c1ccc(S(N)(=O)=O)cc1,1,halogen-walk,remove-Cl,COc1ccc(Cl)cc1C(=O)NC1C(c2ccc(S(N)(=O)=O)cc2)C1(C)C,0 1 2 3 4 6 7 8 9 10 11 12 13 14 15 16 17 18 19 20 21 22 23,O=C(NC1CC1c1ccccc1)c1ccccc1,train,344.4360000000001,2.2560000000000002,0.8913372368683381,24,45
subcategory_halogen-walk.remove-Cl_1268,CCOC(=O)C1CN(CC)CC(c2ccccc2)N1Cc1ccccc1,1,halogen-walk,remove-Cl,CCOC(=O)C1CN(CC)CC(c2ccc(Cl)cc2)N1Cc1ccccc1,0 1 2 3 4 5 6 7 8 9 10 12 13 14 15 16 17 18 19 20 21 22 23 24 25,c1ccc(CN2CCNCC2c2ccccc2)cc1,train,352.47800000000007,3.4971000000000023,0.7451877561023639,26,39
subcategory_halogen-walk.remove-Cl_766,CC1(c2cc(F)ccc2F)NC(=O)N(CC(=O)N(CCc2ccccc2)CCc2ccccc2)C1=O,0,authentic,authentic,,,O=C(CN1C(=O)NC(c2ccccc2)C1=O)N(CCc1ccccc1)CCc1ccccc1,test,491.5380000000003,4.045800000000003,0.4595219983343233,36,59
subcategory_halogen-walk.remove-Cl_239,C#C[C@]1(O)CCC2C3CCC4=CC(=O)CCC4=C3CCC21C,0,authentic,authentic,,,O=C1C=C2CCC3C(=C2CC1)CCC1CCCC13,train,296.41,3.556700000000003,0.69404682011288,22,41
subcategory_halogen-walk.remove-Cl_1106,O=C(O)[C@H]1CCC[C@@H]1c1nc2cc(F)ccc2n1Cc1ccccc1,1,halogen-walk,remove-Cl,O=C(O)[C@H]1CCC[C@@H]1c1nc2cc(F)ccc2n1Cc1ccc(Cl)cc1,17 18 19 20 21 22 23 24,c1ccc(Cn2c(C3CCCC3)nc3ccccc32)cc1,val,338.38200000000006,4.192000000000003,0.7758248936922325,25,47
subcategory_halogen-walk.remove-Cl_55,c1ccc2c(c1)CCCCC2=NNc1nncc2ccccc12,0,authentic,authentic,,,c1ccc2c(c1)CCCCC2=NNc1nncc2ccccc12,val,302.38100000000003,4.172400000000002,0.5706630424303438,23,34
subcategory_halogen-walk.remove-Cl_221,Cc1[nH]c(/C=C2\C(=O)Nc3ccccc32)c(C)c1CCCN1CCN(C)CC1,0,authentic,authentic,,,O=C1Nc2ccccc2/C1=C/c1cc(CCCN2CCNCC2)c[nH]1,train,378.52000000000027,3.304240000000002,0.7851556583678196,28,51
subcategory_halogen-walk.remove-Cl_548,CCC(C)c1cc(CC(N)C(=O)O)cc(C(C)CC)c1Oc1ccc(O)c(I)c1,0,authentic,authentic,,,c1ccc(Oc2ccccc2)cc1,train,511.4000000000001,5.770500000000006,0.371992829225544,29,50
subcategory_halogen-walk.remove-Cl_648,CCCCCC(=O)N1CCC[C@H]1C(N)=O,0,authentic,authentic,,,C1CCNC1,train,212.29299999999998,1.043,0.6920519940925124,15,27
subcategory_halogen-walk.remove-Cl_1456,N[C@@H](CO)C(=O)N1CCC(CC(=O)N2CCN(Cc3ncc(Br)cc3CCc3ccccc3)CC2)CC1,1,halogen-walk,remove-Cl,N[C@@H](CO)C(=O)N1CCC(CC(=O)N2CCN(C3c4ccc(Cl)cc4CCc4cc(Br)cnc43)CC2)CC1,0 1 2 3 4 5 6 7 8 9 10 11 12 13 14 15 16 17 18 19 20 21 22 23 24 26 27 28 29 30 31 32 33 34 35 36,O=C(CC1CCNCC1)N1CCN(C2c3ccccc3CCc3cccnc32)CC1,train,572.5479999999999,2.221800000000001,0.47810145166845747,37,65
subcategory_halogen-walk.remove-Cl_927,COc1cc(C(=O)N2CCC(CCN3CCC(C(N)=O)(c4ccccc4)CC3)(c3ccccc3)C2)cc(OC)c1OC(C)C,1,halogen-walk,remove-Cl,COc1cc(C(=O)N2CCC(CCN3CCC(C(N)=O)(c4ccccc4)CC3)(c3ccc(Cl)c(Cl)c3)C2)cc(OC)c1OC(C)C,10 28 29 30 31 32 33,O=C(c1ccccc1)N1CCC(CCN2CCC(c3ccccc3)CC2)(c2ccccc2)C1,train,599.7720000000002,5.184100000000005,0.32639861388028923,44,74
subcategory_halogen-walk.remove-Cl_1380,CCN(CC)S(=O)(=O)c1ccc(NC(=O)c2ccccc2)cc1,1,halogen-walk,remove-Cl,CCN(CC)S(=O)(=O)c1ccc(NC(=O)c2cc(Cl)ccc2OC)cc1,0 1 2 3 4 5 6 7 8 9 10 11 12 14 15 16 17 18 19 20 21 22,O=C(Nc1ccccc1)c1ccccc1,train,332.425,2.969400000000001,0.8841801724757108,23,40
subcategory_halogen-walk.remove-Cl_1006,Cc1ccccc1C(=O)NCCc1ccc(S(=O)(=O)NCc2ccc(Cl)cc2)cc1,1,halogen-walk,remove-Cl,COc1ccc(Cl)cc1C(=O)NCCc1ccc(S(=O)(=O)NCc2ccc(Cl)cc2)cc1,0 1 2 3 4 5 6 8 9 10 11 12 13 14 15 16 17 18 19 20 21 22 23 24 25 26 27 28 29,O=C(NCCc1ccc(S(=O)(=O)NCc2ccccc2)cc1)c1ccccc1,train,442.9680000000001,4.099420000000003,0.5511038810569845,30,50
subcategory_halogen-walk.remove-Cl_1547,Cc1[nH]c(-c2ccccc2)c(-c2ccc(Cl)cc2)c1-c1ccc(F)cc1,1,halogen-walk,remove-Cl,Cc1[nH]c(-c2ccc(Cl)cc2)c(-c2ccc(Cl)cc2)c1-c1ccc(F)cc1,3 4 5 6 7 8 9,c1ccc(-c2c[nH]c(-c3ccccc3)c2-c2ccccc2)cc1,train,361.84700000000004,7.116620000000005,0.39963391066684467,26,49
subcategory_halogen-walk.remove-Cl_865,CCC1c2ccccc2CN1CNC(=O)c1ccccc1,1,halogen-walk,remove-Cl,CCC1c2ccccc2CN1CNC(=O)c1cc(Cl)c(N)cc1OC,0 1 2 3 4 5 6 7 8 9 10 11 12 14 15 16 17 18 19,O=C(NCN1Cc2ccccc2C1)c1ccccc1,val,280.371,3.3408000000000015,0.9312735519040578,21,30
subcategory_halogen-walk.remove-Cl_664,CCc1c(C=CC(O)CC(O)CC(=O)O)c(-c2ccc(F)cc2)c2c3ccccc3ccn12,0,authentic,authentic,,,c1ccc(-c2ccn3ccc4ccccc4c23)cc1,test,447.5060000000001,5.060800000000004,0.35261160995493873,33,56
subcategory_halogen-walk.remove-Cl_1146,CC1(C)N=C(N)N=C(N)N1c1ccc(OCc2ccccc2)cc1,1,halogen-walk,remove-Cl,CC1(C)N=C(N)N=C(N)N1c1ccc(OCc2ccc(Cl)c(Cl)c2)cc1,0 1 2 3 4 5 6 7 8 9 10 11 12 13 14 16 17 18 19 20 21 22 23,C1=NC=NCN1c1ccc(OCc2ccccc2)cc1,train,323.40000000000003,2.4511000000000003,0.904194279834981,24,40
subcategory_halogen-walk.remove-Cl_1237,O=C(Nc1ccc(S(=O)(=O)N2CCCC2)cc1)c1ccccc1,1,halogen-walk,remove-Cl,COc1ccc(Cl)cc1C(=O)Nc1ccc(S(=O)(=O)N2CCCC2)cc1,,O=C(Nc1ccc(S(=O)(=O)N2CCCC2)cc1)c1ccccc1,test,330.409,2.7234000000000007,0.9371529342949905,23,40
subcategory_halogen-walk.remove-Cl_1037,CCOC(=O)Nc1cc2c(c(N)n1)N=C(CN(C)c1ccccc1)CN2,1,halogen-walk,remove-Cl,CCOC(=O)Nc1cc2c(c(N)n1)N=C(CN(C)c1ccc(Cl)cc1)CN2,,c1ccc(NCC2=Nc3cnccc3NC2)cc1,train,354.41400000000004,2.866600000000001,0.7624559321735719,26,44
subcategory_halogen-walk.remove-Cl_214,O=C(O)CCCCCCCNC(=O)c1cccnc1Cl,0,authentic,authentic,,,c1ccncc1,test,298.77,2.8900000000000006,0.5425184971071909,20,29
subcategory_halogen-walk.remove-Cl_400,CNC(=O)CS(=O)(=O)C(c1ccc(F)cc1)c1ccc(F)cc1,0,authentic,authentic,,,c1ccc(Cc2ccccc2)cc1,train,339.36300000000006,2.215,0.9084157484886914,23,42
subcategory_halogen-walk.remove-Cl_105,O=C(NC[C@@H]1CCCN1CCc1ccccc1)C1CCCCC1,0,authentic,authentic,,,O=C(NC[C@@H]1CCCN1CCc1ccccc1)C1CCCCC1,test,314.47300000000024,3.3900000000000015,0.8727167649165298,23,37
subcategory_halogen-walk.remove-Cl_1585,Cc1nc(N)nnc1-c1ccccc1,1,halogen-walk,remove-Cl,Cc1nc(N)nnc1-c1cccc(Cl)c1Cl,0 1 2 3 4 5 6 8 9 10 11 12,c1ccc(-c2cncnn2)cc1,train,186.21800000000005,1.4292199999999997,0.7312364537720226,14,21
subcategory_halogen-walk.remove-Cl_1418,CSc1nc(-c2ccccc2)c(-c2ccc(Cl)cc2)[nH]1,1,halogen-walk,remove-Cl,CSc1nc(-c2ccc(Cl)cc2)c(-c2ccc(Cl)cc2)[nH]1,0 1 2 3 5 6 7 8 9 10 11 12 13 14 15 16 17 18 19,c1ccc(-c2nc[nH]c2-c2ccccc2)cc1,train,300.81399999999996,5.119000000000002,0.6801642414220191,20,38
subcategory_halogen-walk.remove-Cl_1145,N=c1oc2c3c4c(cc2cc1C(=O)Nc1ccccc1)CCCN4CCC3,1,halogen-walk,remove-Cl,N=c1oc2c3c4c(cc2cc1C(=O)Nc1cccc(Cl)c1Cl)CCCN4CCC3,0 1 2 3 4 5 6 7 8 9 10 11 12 14 15 16 17 18 19 20 21 22 23 24 25 26,N=c1oc2c3c4c(cc2cc1C(=O)Nc1ccccc1)CCCN4CCC3,val,359.42900000000026,3.8633700000000024,0.7298350808234448,27,43
subcategory_halogen-walk.remove-Cl_1175,CCOC(=O)Cc1nc(-c2ccccc2)oc1-c1ccc(C(C)=O)o1,1,halogen-walk,remove-Cl,CCOC(=O)Cc1nc(-c2ccc(Cl)cc2)oc1-c1ccc(C(C)=O)o1,,c1ccc(-c2ncc(-c3ccco3)o2)cc1,train,339.34700000000015,3.9098000000000033,0.5000451744213951,25,43
subcategory_halogen-walk.remove-Cl_814,[2H]C1([2H])N(CCOCC(=O)O)C([2H])([2H])C([2H])([2H])N(C(c2ccccc2)c2cccc(C)c2)C1([2H])[2H],1,halogen-walk,remove-Cl,Cl.[2H]C1([2H])N(CCOCC(=O)O)C([2H])([2H])C([2H])([2H])N(C(c2ccccc2)c2ccc(Cl)cc2)C1([2H])[2H],18 25 26 27 28 29 30 31,c1ccc(C(c2ccccc2)N2CCNCC2)cc1,train,376.5258142240001,2.8032200000000005,0.7182263514676073,27,88
subcategory_halogen-walk.remove-Cl_966,CCC(=O)N(c1ccccc1)C1CCCC1N(C)CCN(C)C,1,halogen-walk,remove-Cl,CCC(=O)N(c1ccc(Cl)c(Cl)c1)C1CCCC1N(C)CCN(C)C,0 1 2 3 5 6 7 8 9 10 11 12 13 14 15 16 17 18 19 20 21 22,c1ccc(NC2CCCC2)cc1,train,317.4770000000001,2.844100000000001,0.7735559169172624,23,36
subcategory_halogen-walk.remove-Cl_1226,Cc1cc(CC(=O)O)n(C)c1C(=O)c1ccccc1,1,halogen-walk,remove-Cl,Cc1cc(CC(=O)O)n(C)c1C(=O)c1ccc(Cl)cc1,0 1 2 3 4 5 6 7 8 9 10 12 13 14 15 16 17,O=C(c1ccccc1)c1ccc[nH]1,train,257.289,2.1916200000000003,0.8540302270880286,19,33
subcategory_halogen-walk.remove-Cl_334,CC1(C)CC[C@]2(C(=O)NC(Cc3ccccc3)C(=O)O)CC[C@]3(C)C(=CC[C@@H]4[C@@]5(C)CC[C@H](O)C(C)(C)C5CC[C@]43C)[C@@H]2C1,0,authentic,authentic,,,O=C(NCCc1ccccc1)[C@]12CCCC[C@H]1C1=CC[C@@H]3C4CCCCC4CCC3C1CC2,train,603.8880000000003,7.961100000000011,0.2981287725221065,44,108
subcategory_halogen-walk.remove-Cl_303,Nc1nc2ccnc(-c3cc(C(F)(F)F)cc(C(F)(F)F)c3)n2n1,0,authentic,authentic,,,c1ccc(-c2nccc3ncnn23)cc1,train,347.2219999999999,3.4111000000000002,0.6851653248523137,24,45
subcategory_halogen-walk.remove-Cl_364,O=C(c1ccccc1)c1ccc(OC[C@H](O)C[NH2+]Cc2ccc(F)cc2)cc1,0,authentic,authentic,,,O=C(c1ccccc1)c1ccc(OCCC[NH2+]Cc2ccccc2)cc1,val,380.4390000000001,2.5599999999999996,0.561057662772739,28,52
subcategory_halogen-walk.remove-Cl_366,CCCOC(=O)c1sc(-c2ccc(OCC(C)C)c(C#N)c2)nc1C,0,authentic,authentic,,,c1ccc(-c2nccs2)cc1,train,358.4630000000001,4.5918000000000045,0.6768382388414784,25,42
subcategory_halogen-walk.remove-Cl_340,CN(CC(F)(F)F)[C@H](CNC(=O)c1ccc(Cl)s1)C(=O)Nc1ccc(N2CCOCC2=O)c(F)c1,0,authentic,authentic,,,O=C(CCNC(=O)c1cccs1)Nc1ccc(N2CCOCC2=O)cc1,train,536.9350000000004,3.1350000000000016,0.5059892693979888,35,67
subcategory_halogen-walk.remove-Cl_215,O=C1CCc2c(OCC3(O)CCN(c4c(F)cccc4Cl)CC3)ccc(F)c2N1,0,authentic,authentic,,,O=C1CCc2c(cccc2OCC2CCN(c3ccccc3)CC2)N1,train,422.8590000000001,3.9132000000000025,0.7837848876397853,29,49
subcategory_halogen-walk.remove-Cl_142,COc1cc2c(cc1OC)C(=O)C(=CC1(F)CCN(Cc3ccccc3)CC1)C2,0,authentic,authentic,,,O=C1C(=CC2CCN(Cc3ccccc3)CC2)Cc2ccccc21,train,395.47400000000016,4.373300000000004,0.7048718769866817,29,49
subcategory_halogen-walk.remove-Cl_1587,Cc1ccccc1C(=O)NC1CN2CCC1CC2,1,halogen-walk,remove-Cl,CNc1cc(OC)c(C(=O)NC2CN3CCC2CC3)cc1Cl,0 1 2 3 4 5 6 8 9 10 11 12 13 14 15 16 17,O=C(NC1CN2CCC1CC2)c1ccccc1,val,244.33799999999994,1.81902,0.8603788902172397,18,27
subcategory_halogen-walk.remove-Cl_1502,O=C(NC1CCN(Cc2cccc(C(F)(F)F)c2)CC1)c1ccccc1,1,halogen-walk,remove-Cl,COc1cc(N)c(Cl)cc1C(=O)NC1CCN(Cc2cccc(C(F)(F)F)c2)CC1,0 2 3 4 5 6 7 8 9 10 11 12 13 14 15 16 17 18 19 20 21 22 23 24,O=C(NC1CCN(Cc2ccccc2)CC1)c1ccccc1,train,362.39500000000015,4.099800000000003,0.8881659732288594,26,43
subcategory_halogen-walk.remove-Cl_186,NC(=O)c1c(F)cccc1OCc1cccc(C(=O)N2CCNCC2)c1,0,authentic,authentic,,,O=C(c1cccc(COc2ccccc2)c1)N1CCNCC1,train,357.38500000000016,1.5489999999999997,0.850305404352595,26,42
subcategory_halogen-walk.remove-Cl_569,NC1=Nc2cc(Cl)ccc2Nc2ccccc21,0,authentic,authentic,,,C1=Nc2ccccc2Nc2ccccc21,test,243.697,3.434000000000001,0.744808228038755,17,27
subcategory_halogen-walk.remove-Cl_1235,COc1ccc2c(c1)c(CC(=O)OCc1ccc(F)cc1)c(C)n2C(=O)c1ccccc1,1,halogen-walk,remove-Cl,COc1ccc2c(c1)c(CC(=O)OCc1ccc(F)cc1)c(C)n2C(=O)c1ccc(Cl)cc1,0 1 2 3 4 5 6 7 8 9 10 11 12 13 14 15 16 17 18 19 20 21 22 23 25 26 27 28 29 30,O=C(Cc1cn(C(=O)c2ccccc2)c2ccccc12)OCc1ccccc1,train,431.46300000000014,5.071820000000004,0.4000553793023673,32,54
subcategory_halogen-walk.remove-Cl_497,CN1CCN(c2cc(N)n(O)c(=N)n2)CC1,0,authentic,authentic,,,N=c1nc(N2CCNCC2)cc[nH]1,train,224.26799999999997,-1.0661299999999985,0.528213705626417,16,29
subcategory_halogen-walk.remove-Cl_1318,COc1cc(C(=O)N2CO[C@](CCN3CCC(C(=O)NCc4ccccc4)CC3)(c3ccccc3)C2)cc(OC)c1OC,1,halogen-walk,remove-Cl,COc1cc(C(=O)N2CO[C@](CCN3CCC(C(=O)NCc4ccccc4)CC3)(c3ccc(Cl)c(Cl)c3)C2)cc(OC)c1OC,0 1 2 3 4 5 6 7 8 9 11 12 13 14 15 16 17 18 19 20 21 22 23 24 25 26 27 28 29 30 31 32 33 34 35 36 37 38 39 40 41 42,O=C(NCc1ccccc1)C1CCN(CC[C@@]2(c3ccccc3)CN(C(=O)c3ccccc3)CO2)CC1,val,587.7170000000002,4.456300000000003,0.3545332353864288,43,72
subcategory_halogen-walk.remove-Cl_871,C[C@@H]1CN(C(c2ccccc2)c2ccc(Cl)cc2)CCN1CC(=O)O,1,halogen-walk,remove-Cl,C[C@@H]1CN(C(c2ccc(Cl)cc2)c2ccc(Cl)cc2)CCN1CC(=O)O.Cl.Cl,,c1ccc(C(c2ccccc2)N2CCNCC2)cc1,train,358.86900000000014,3.520100000000002,0.8877264707780236,25,46
subcategory_halogen-walk.remove-Cl_387,CCCCCCCCC(CC(C)CCN1CCC(c2noc3cc(F)ccc23)CC1)C(=O)O,0,authentic,authentic,,,c1ccc2c(C3CCNCC3)noc2c1,train,460.6340000000002,7.014000000000008,0.30703779315713875,33,50
subcategory_halogen-walk.remove-Cl_1554,Cc1ccccc1[C@@]1(F)C(=O)Nc2cc(C(F)(F)F)ccc21,1,halogen-walk,remove-Cl,COc1ccc(Cl)cc1[C@@]1(F)C(=O)Nc2cc(C(F)(F)F)ccc21,0 1 2 3 4 5 6 8 9 10 11 12 13 14 15 16 17 18 19 20 21,O=C1Nc2ccccc2C1c1ccccc1,train,309.262,4.179020000000002,0.7867590391450079,22,43
subcategory_halogen-walk.remove-Cl_1,CC1(C)C(=O)CCC2(C)C1=CCC1C2C(=O)CC2(C)C1CCC2(O)C(=O)CO,0,authentic,authentic,,,O=C1CCC2C(=CCC3C4CCCC4CC(=O)C23)C1,train,388.5040000000002,2.625900000000001,0.7097356738478169,28,54
subcategory_halogen-walk.remove-Cl_1443,COc1ccc2c(c1)c(CC(=O)N[C@@H](Cc1ccc(O)cc1)C(=O)O)c(C)n2C(=O)c1ccccc1,1,halogen-walk,remove-Cl,COc1ccc2c(c1)c(CC(=O)N[C@@H](Cc1ccc(O)cc1)C(=O)O)c(C)n2C(=O)c1ccc(Cl)cc1,28 30 31 32 33 34 35,O=C(Cc1cn(C(=O)c2ccccc2)c2ccccc12)NCCc1ccccc1,train,486.52400000000017,3.7070200000000018,0.34954958721658697,36,68
subcategory_halogen-walk.remove-Cl_1561,CCC(C#CC(OC(=O)Nc1ccccc1)C(F)(F)F)Nc1ccc(Cl)cc1[C@@](O)(C#CC1CC1)C(F)(F)F,1,halogen-walk,remove-Cl,CCC(C#CC1(C(F)(F)F)OC(=O)Nc2ccc(Cl)cc21)Nc1ccc(Cl)cc1[C@@](O)(C#CC1CC1)C(F)(F)F,9 10 11 12 13 14 15,O=C1Nc2ccccc2C(C#CCNc2ccccc2CC#CC2CC2)O1,train,572.9330000000004,6.876800000000005,0.26076962027307554,39,73
subcategory_halogen-walk.remove-Cl_964,COc1ccc2c(c1)c(CC(=O)NCCc1ccccc1)cn2C(=O)c1ccccc1,1,halogen-walk,remove-Cl,COc1ccc2c(c1)c(CC(=O)NCCc1ccccc1)cn2C(=O)c1ccc(Cl)cc1,0 1 2 3 4 5 6 7 8 9 10 11 12 13 14 15 16 17 18 19 20 21 22 24 25 26 27 28 29,O=C(Cc1cn(C(=O)c2ccccc2)c2ccccc12)NCCc1ccccc1,train,412.4890000000001,4.239800000000003,0.49393463433986295,31,49
subcategory_halogen-walk.remove-Cl_81,Cc1cc(NN=Cc2ccc(Cl)cc2)c2ccccc2n1,0,authentic,authentic,,,C(=NNc1ccnc2ccccc12)c1ccccc1,train,295.773,4.642620000000003,0.5642590161978394,21,33
subcategory_halogen-walk.remove-Cl_565,Cc1[nH]c(-c2ccccc2)c(-c2ccccc2)c1-c1ccc(F)cc1,0,authentic,authentic,,,c1ccc(-c2c[nH]c(-c3ccccc3)c2-c2ccccc2)cc1,train,327.402,6.463220000000004,0.44406317347938573,25,45
subcategory_halogen-walk.remove-Cl_225,CC(/C=C/C(=O)C1=C(O)CN(C)C1=O)=C\c1ccnc2ccccc12,0,authentic,authentic,,,O=C(/C=C/C=C/c1ccnc2ccccc12)C1=CCNC1=O,train,334.37500000000006,3.047500000000001,0.5299051604867415,25,47
subcategory_halogen-walk.remove-Cl_996,Cc1cccc(-n2nc3c(N)nc4ccccc4n3c2=O)c1,1,halogen-walk,remove-Cl,Nc1nc2ccccc2n2c(=O)n(-c3ccc(Cl)cc3)nc12,6,O=c1n(-c2ccccc2)nc2cnc3ccccc3n12,train,291.3140000000001,1.9240199999999998,0.5809458256207947,22,36
subcategory_halogen-walk.remove-Cl_234,CCCN(CCC)[C@H]1CCc2c(O)cccc2C1,0,authentic,authentic,,,c1ccc2c(c1)CCCC2,train,247.38199999999998,3.371500000000002,0.8620217161645694,18,30
subcategory_halogen-walk.remove-Cl_1415,O=C(CC1Cc2ccccc2N1)N[C@H](Cc1ccccc1)C(=O)N1CCN(C(CC2CCCCC2)CN2CCOCC2)CC1,1,halogen-walk,remove-Cl,O=C(CC1Cc2ccccc2N1)N[C@H](Cc1ccc(Cl)cc1)C(=O)N1CCN(C(CC2CCCCC2)CN2CCOCC2)CC1,0 1 2 3 4 5 6 7 8 9 10 11 12 14 15 16 17 18 19 20 21 22 23 24 25 26 27 28 29 30 31 32 33 34 35 36 37 38 39 40 41 42 43,O=C(CC1Cc2ccccc2N1)N[C@H](Cc1ccccc1)C(=O)N1CCN(C(CC2CCCCC2)CN2CCOCC2)CC1,train,601.8360000000001,3.9562000000000026,0.4063858747386581,44,72
subcategory_halogen-walk.remove-Cl_1244,CCNS(=O)(=O)c1ccc(F)c(C(=O)N(C)Cc2ccccc2)c1,1,halogen-walk,remove-Cl,CCNS(=O)(=O)c1ccc(F)c(C(=O)N(C)Cc2cc(Cl)ccc2OC)c1,0 1 2 3 4 5 6 7 8 9 10 11 12 13 14 15 17 18 19 20 21 22 23,O=C(NCc1ccccc1)c1ccccc1,train,350.4150000000001,2.3961000000000006,0.8698772820715567,24,43
subcategory_halogen-walk.remove-Cl_608,CCCOc1ccc(S(=O)(=O)N(CC)CCCN2CCOCC2)cc1-c1cc2c(CCC)nn(C)c2c(=O)[nH]1,0,authentic,authentic,,,O=c1[nH]c(-c2cccc(S(=O)(=O)NCCCN3CCOCC3)c2)cc2cn[nH]c12,test,559.7330000000004,3.402800000000002,0.34182575737242377,39,68
subcategory_halogen-walk.remove-Cl_18,COc1ccc2c(c1)cc1c(O)nncn12,0,authentic,authentic,,,c1ccc2c(c1)cc1cnncn12,train,215.212,1.5966999999999996,0.6693474803053927,16,26
subcategory_halogen-walk.remove-Cl_595,CCOC(=O)c1nn(-c2ccc(OC)cc2F)c2c1CCN(c1ccc(N3CCCCC3=O)cc1)C2=O,0,authentic,authentic,,,O=C1CCCCN1c1ccc(N2CCc3cnn(-c4ccccc4)c3C2=O)cc1,train,506.53400000000045,3.9165000000000028,0.47076507231570536,37,61
subcategory_halogen-walk.remove-Cl_983,COC(=O)CCCc1nc(N)nc(N)c1-c1ccccc1,1,halogen-walk,remove-Cl,COC(=O)CCCc1nc(N)nc(N)c1-c1ccc(Cl)cc1,0 1 2 3 4 5 6 7 8 9 10 11 12 13 15 16 17 18 19,c1ccc(-c2cncnc2)cc1,train,286.33500000000004,1.8036999999999996,0.8121238253485442,21,33
subcategory_halogen-walk.remove-Cl_526,Cc1c(NC(=O)CNC2CCCC2)c[nH]c1/C=C1\C(=O)Nc2ccc(F)cc21,0,authentic,authentic,,,O=C(CNC1CCCC1)Nc1c[nH]c(/C=C2\C(=O)Nc3ccccc32)c1,train,382.4390000000001,3.425620000000001,0.5978714813739685,28,52
subcategory_halogen-walk.remove-Cl_567,CCOC(=O)C(N[C@@H](C)C(=O)N1CCC[C@H]1C(=O)N[C@@H](CC(C)C)C(=O)O)C(C)c1ccccc1,0,authentic,authentic,,,O=C(CNCCc1ccccc1)N1CCCC1,train,489.6130000000001,2.306400000000001,0.38484145642197715,35,75
subcategory_halogen-walk.remove-Cl_396,CCN(CC)CCOc1ccc(C(=O)c2c(Cc3ccc(OC)cc3)oc3ccccc23)cc1,0,authentic,authentic,,,O=C(c1ccccc1)c1c(Cc2ccccc2)oc2ccccc12,val,457.57000000000016,5.983800000000007,0.259254358729703,34,53
subcategory_halogen-walk.remove-Cl_1071,Cc1c(CC(=O)O)c2cc3c(cc2n1C(=O)c1ccccc1)OCO3,1,halogen-walk,remove-Cl,Cc1c(CC(=O)O)c2cc3c(cc2n1C(=O)c1ccc(Cl)cc1)OCO3,0 1 2 3 4 5 6 7 8 9 10 11 12 13 15 16 17 18 19 20 21 22 23 24,O=C(c1ccccc1)n1ccc2cc3c(cc21)OCO3,train,337.3310000000001,2.994020000000001,0.7948218639987019,25,43
subcategory_halogen-walk.remove-Cl_1185,NC1N=C(c2ccccc2)c2ccccc2NC1=O,1,halogen-walk,remove-Cl,NC1N=C(c2cccc(Cl)c2)c2ccccc2NC1=O,0 1 2 4 5 6 7 8 9 10 11 12 13 14 15 16 17 18,O=C1CN=C(c2ccccc2)c2ccccc2N1,train,251.289,1.7609,0.810583185549862,19,29
subcategory_halogen-walk.remove-Cl_875,C[C@@]1(Cc2ccc(Br)cc2)C(=O)N(c2ccccc2)c2ncc(S(=O)(=O)N3CCC(=O)CC3)n21,1,halogen-walk,remove-Cl,C[C@@]1(Cc2ccc(Br)cc2)C(=O)N(c2cc(Cl)cc(Cl)c2)c2ncc(S(=O)(=O)N3CCC(=O)CC3)n21,0 1 2 3 4 5 6 7 8 9 10 11 13 14 15 16 17 18 19 20 21 22 23 24 25 26 27 28 29 30 31 32 33,O=C1CCN(S(=O)(=O)c2cnc3n2C(Cc2ccccc2)C(=O)N3c2ccccc2)CC1,val,543.4430000000001,3.6354000000000024,0.4903147894783694,34,69
subcategory_halogen-walk.remove-Cl_378,NCC(CCC1CCCCC1)CC(=O)O,0,authentic,authentic,,,C1CCCCC1,train,213.32099999999997,2.3965000000000005,0.7117777602272191,15,22
subcategory_halogen-walk.remove-Cl_1552,CCCC[N+]12CCCC(C1)C(NC(=O)c1ccccc1)CC2,1,halogen-walk,remove-Cl,CCCC[N+]12CCCC(C1)C(NC(=O)c1cc(Cl)c(N)cc1OC)CC2.[Br-],12 14 15 16 17 18 19,O=C(NC1CC[NH+]2CCCC1C2)c1ccccc1,test,301.45400000000006,3.215600000000002,0.8313798726294227,22,38
subcategory_halogen-walk.remove-Cl_1116,COc1ccc2c(c1)c(/C=C/CC(=O)O)c(C)n2C(=O)c1ccccc1C,1,halogen-walk,remove-Cl,COc1ccc2c(c1)c(/C=C/CC(=O)O)c(C)n2C(=O)c1ccc(Cl)cc1,0 1 2 3 4 5 6 7 8 9 10 11 12 13 14 15 16 17 19 20 21 22 23 24 25,O=C(c1ccccc1)n1ccc2ccccc21,train,363.4130000000001,4.443140000000003,0.7273938079845693,27,48
subcategory_halogen-walk.remove-Cl_803,CNC[C@H]1CC[C@H](Nc2nc(Nc3ccccc3)c3ccccc3n2)CC1,1,halogen-walk,remove-Cl,CNC[C@H]1CC[C@H](Nc2nc(Nc3ccc(Cl)cc3)c3ccccc3n2)CC1,0 1 2 3 4 5 6 7 8 9 10 12 13 14 15 16 17 18 19 20 21 22 23 24 25 26,c1ccc(Nc2nc(NC3CCCCC3)nc3ccccc23)cc1,train,361.49300000000017,4.563500000000003,0.6005274074083337,27,47
subcategory_halogen-walk.remove-Cl_494,CN1C2CC(OC(=O)C(O)(c3cccs3)c3cccs3)CC1[C@H]1OC21,0,authentic,authentic,,,O=C(OC1CC2NC(C1)[C@H]1OC21)C(c1cccs1)c1cccs1,train,377.4870000000001,2.2010999999999994,0.6538084107919924,25,48
subcategory_halogen-walk.remove-Cl_1043,COc1ccc2c(c1)c(CC(=O)Oc1ccccc1OC)c(C)n2Cc1ccccc1,1,halogen-walk,remove-Cl,COc1ccc2c(c1)c(CC(=O)Oc1ccccc1OC)c(C)n2C(=O)c1ccc(Cl)cc1,23 24 25 26 27 28 29 30,O=C(Cc1cn(C(=O)c2ccccc2)c2ccccc12)Oc1ccccc1,train,415.48900000000015,5.163320000000004,0.30889566720753,31,48
subcategory_halogen-walk.remove-Cl_1125,CCOc1cc2c(cc1OCC)C(=O)C(CC1CCN(Cc3ccccc3)CC1)C2,1,halogen-walk,remove-Cl,CCOc1cc2c(cc1OCC)C(=O)C(CC1CCN(Cc3ccc(Cl)cc3F)CC1)C2,19 20 21 22 23 24 25 26,O=C1c2ccccc2CC1CC1CCN(Cc2ccccc2)CC1,train,407.5540000000002,5.141300000000005,0.6072235212125283,30,47
subcategory_halogen-walk.remove-Cl_873,O=C(Cc1ccccc1)NCC1(N2CCN(C(=O)[C@@H](Cc3ccccc3)NC(=O)c3cccnc3)CC2)CCCCC1,1,halogen-walk,remove-Cl,O=C(Cc1ccccc1)NCC1(N2CCN(C(=O)[C@@H](Cc3ccc(Cl)cc3)NC(=O)c3cccnc3)CC2)CCCCC1,0 1 2 3 4 5 6 7 8 9 10 11 12 13 14 15 16 17 18 20 21 22 23 24 25 26 27 28 29 30 31 32 33 34 35 36 37 38 39 40 41,O=C(Cc1ccccc1)NCC1(N2CCN(C(=O)[C@@H](Cc3ccccc3)NC(=O)c3cccnc3)CC2)CCCCC1,val,567.7339999999999,3.628700000000002,0.39036265465075765,42,72
subcategory_halogen-walk.remove-Cl_69,CCc1ccc(C2=C[C@H](c3cccc(F)c3)n3ncnc3N2)cc1,0,authentic,authentic,,,C1=C(c2ccccc2)Nc2ncnn2[C@H]1c1ccccc1,train,320.371,4.035600000000001,0.7919288279714674,24,43
subcategory_halogen-walk.remove-Cl_1287,c1ccc(N2CCN(Cc3cnc4ncccn34)CC2)cc1,1,halogen-walk,remove-Cl,Clc1ccc(N2CCN(Cc3cnc4ncccn34)CC2)cc1,0 1 2 3 5 6 7 8 9 10 11 12 13 14 15 16 17 18 19 20,c1ccc(N2CCN(Cc3cnc4ncccn34)CC2)cc1,train,293.3740000000001,2.0515,0.7404357630631905,22,34
subcategory_halogen-walk.remove-Cl_398,Cc1ccc(C2(C)NC(=O)NC2=O)cc1F,0,authentic,authentic,,,O=C1NC(=O)C(c2ccccc2)N1,train,222.219,1.1887199999999998,0.7010419955846782,16,28
subcategory_halogen-walk.remove-Cl_603,CC1(C)[C@@H]2CC[C@@]1(CS(=O)(=O)N1CCC3(CCc4ccccc43)CC1)[C@@H](NC(=O)N(CCC(=O)O)CCc1c[nH]cn1)C2,0,authentic,authentic,,,O=C(NCCc1c[nH]cn1)N[C@H]1C[C@H]2CC[C@]1(CS(=O)(=O)N1CCC3(CCc4ccccc43)CC1)C2,train,611.809,3.943200000000002,0.37250522117332596,43,94
subcategory_halogen-walk.remove-Cl_1129,OCCOCCNCCNC(c1ccccc1)c1ccccc1,1,halogen-walk,remove-Cl,OCCOCCNCCNC(c1ccccc1)c1ccc(Cl)cc1,10 11 12 13 14 15 16,c1ccc(Cc2ccccc2)cc1,train,314.42900000000003,1.9641,0.555131874075935,23,29
subcategory_halogen-walk.remove-Cl_1330,Cc1ccccc1N1CCN(CCCCOc2ccc3ccc(=O)n(COP(=O)(O)O)c3c2)CC1,1,halogen-walk,remove-Cl,O=c1ccc2ccc(OCCCCN3CCN(c4cccc(Cl)c4Cl)CC3)cc2n1COP(=O)(O)O,0 1 2 3 4 5 6 7,O=c1ccc2ccc(OCCCCN3CCN(c4ccccc4)CC3)cc2[nH]1,train,501.5200000000002,3.3579200000000027,0.3220429175677521,35,55
subcategory_halogen-walk.remove-Cl_375,CCNCCn1c(N2CCN(C)CC2)nc2ccccc21,0,authentic,authentic,,,c1ccc2[nH]c(N3CCNCC3)nc2c1,train,287.411,1.3976000000000006,0.8434426175684097,21,31
subcategory_halogen-walk.remove-Cl_779,CC12CCC3C4CCC(=O)C=C4CCC3C1CCC2O,0,authentic,authentic,,,O=C1C=C2CCC3C4CCCC4CCC3C2CC1,train,274.40399999999994,3.4891000000000028,0.7339286355630279,20,32
subcategory_halogen-walk.remove-Cl_847,CC(Sc1nc2cc(F)ccc2n1Cc1ccccc1)C(=O)O,1,halogen-walk,remove-Cl,CC(Sc1nc2cc(F)ccc2n1Cc1ccc(Cl)cc1)C(=O)O,0 1 2 3 4 5 6 7 8 9 10 11 12 14 15 16 17 18 19 20 21 22,c1ccc(Cn2cnc3ccccc32)cc1,train,330.384,3.7889000000000026,0.7232809665073574,23,36
subcategory_halogen-walk.remove-Cl_1469,CC(C)OCC(C)(C)Nc1nnc(-c2ccccc2)c(N)n1,1,halogen-walk,remove-Cl,CC(C)OCC(C)(C)Nc1nnc(-c2cccc(Cl)c2Cl)c(N)n1,0 1 2 3 4 5 6 7 8 9 10 11 13 14 15 16 17 18 19 20 21,c1ccc(-c2cncnn2)cc1,train,301.39400000000006,2.7363,0.8529282452503658,22,37
subcategory_halogen-walk.remove-Cl_1363,COc1c(I)cc(I)cc1C(=O)Nc1cc(C)c(C(C#N)c2ccccc2)cc1Cl,1,halogen-walk,remove-Cl,COc1c(I)cc(I)cc1C(=O)Nc1cc(C)c(C(C#N)c2ccc(Cl)cc2)cc1Cl,18 21 22 23 24 25 26,O=C(Nc1ccc(Cc2ccccc2)cc1)c1ccccc1,train,642.6620000000001,6.774000000000005,0.3127018501391168,30,51
subcategory_halogen-walk.remove-Cl_572,CCCn1c(=O)c2c(nc(C3CCCC3)n2C)n(CCC)c1=O,0,authentic,authentic,,,O=c1[nH]c(=O)c2[nH]c(C3CCCC3)nc2[nH]1,val,318.4210000000001,2.3743000000000007,0.8500835362420964,23,39
subcategory_halogen-walk.remove-Cl_1131,Nc1nc(N)c2c(Cl)c(NC(=O)CCc3ccccc3)ccc2n1,1,halogen-walk,remove-Cl,Nc1nc(N)c2c(Cl)c(NC(=O)CCc3ccc(Cl)cc3)ccc2n1,0 1 2 3 4 5 6 7 8 9 10 11 12 14 15 16 17 18 19 20 21 22 23,O=C(CCc1ccccc1)Nc1ccc2ncncc2c1,train,341.802,3.0189000000000012,0.6757780044818351,24,40
subcategory_halogen-walk.remove-Cl_25,Clc1ccc2c(NCCCN3CCN(CCCNc4ccnc5cc(Cl)ccc45)CC3)ccnc2c1,0,authentic,authentic,,,c1ccc2c(NCCCN3CCN(CCCNc4ccnc5ccccc45)CC3)ccnc2c1,train,523.5120000000002,6.011600000000005,0.24844202582402422,36,54
subcategory_halogen-walk.remove-Cl_13,CNc1nc(-c2ccc(OC)cc2)nc2ncccc12,0,authentic,authentic,,,c1ccc(-c2ncc3cccnc3n2)cc1,train,266.30400000000003,2.7421000000000006,0.7894943344217213,20,31
subcategory_halogen-walk.remove-Cl_1374,Nc1nc(-c2ccccc2F)nnc1-c1ccccc1,1,halogen-walk,remove-Cl,Nc1nc(-c2ccccc2F)nnc1-c1ccc(Cl)cc1,0 1 2 3 4 5 6 7 8 9 10 11 12 14 15 16 17 18,c1ccc(-c2cnc(-c3ccccc3)nn2)cc1,train,266.27899999999994,2.9269000000000007,0.7741493614668233,20,30
subcategory_halogen-walk.remove-Cl_662,CC(=O)O[C@@H]1[C@H](OC(=O)c2ccccc2)[C@@]2(C)[C@@H](OC(=O)c3ccccc3)[C@@H](OC(C)=O)C3CC2(OC3(C)C)[C@@](C)(O)[C@H]1OC(C)=O,0,authentic,authentic,,,O=C(O[C@H]1CCCC23CC(CO2)C[C@H](OC(=O)c2ccccc2)C13)c1ccccc1,train,652.6930000000003,3.571100000000002,0.3426124266486947,47,119
subcategory_halogen-walk.remove-Cl_1269,CC(C)OC(=O)COC/C=C\CN1CCN(Cc2ccc(-c3ccccc3)cc2)CC1,1,halogen-walk,remove-Cl,CC(C)OC(=O)COC/C=C\CN1CCN(Cc2ccc(-c3ccc(Cl)cc3)cc2)CC1,20 21 22 23 24 25 26,c1ccc(-c2ccc(CN3CCNCC3)cc2)cc1,train,422.56900000000013,3.995600000000003,0.3289564022263427,31,50
subcategory_halogen-walk.remove-Cl_898,CCOC(CO)N1CCN(C(c2ccccc2)c2ccccc2)CC1,1,halogen-walk,remove-Cl,CCOC(CO)N1CCN(C(c2ccccc2)c2ccc(Cl)cc2)CC1,0 1 2 3 4 5 6 7 8 9 11 12 13 14 15 16 17 18 19 20 21 22 23 24,c1ccc(C(c2ccccc2)N2CCNCC2)cc1,train,340.46700000000016,2.748500000000001,0.8407134000861003,25,37
subcategory_halogen-walk.remove-Cl_185,c1ccc(Cc2ccc(OC3CCNCC3)cc2)cc1,0,authentic,authentic,,,c1ccc(Cc2ccc(OC3CCNCC3)cc2)cc1,train,267.37199999999996,3.4082000000000017,0.9163235326799142,20,30
subcategory_halogen-walk.remove-Cl_1382,COc1ccc2c(c1)c(CC(=O)O)c(C)n2C(=O)c1ccccc1,1,halogen-walk,remove-Cl,COc1ccc2c(c1)c(CC(=O)O)c(C)n2C(=O)c1ccc(Cl)cc1.O,0 1 2 3 4 5 6 7 8 9 10 11 12 13 14 15 17 18 19 20 21 22,O=C(c1ccccc1)n1ccc2ccccc21,train,323.348,3.2739200000000013,0.7998699475784065,24,42
subcategory_halogen-walk.remove-Cl_1299,COc1cc(C(=O)N2CC[C@](CCN3CCC(C(N)=O)(c4ccccc4)CC3)(c3ccccc3)C2)cc(OC)c1OC,1,halogen-walk,remove-Cl,COc1cc(C(=O)N2CC[C@](CCN3CCC(C(N)=O)(c4ccccc4)CC3)(c3ccc(Cl)c(Cl)c3)C2)cc(OC)c1OC,0 1 2 3 4 5 6 7 8 9 11 12 13 14 15 16 17 18 19 20 21 22 23 24 25 26 27 28 29 30 31 32 33 34 35 36 37 38 39 40 41,O=C(c1ccccc1)N1CC[C@](CCN2CCC(c3ccccc3)CC2)(c2ccccc2)C1,train,571.7180000000002,4.4055000000000035,0.3876904048180715,42,73
subcategory_halogen-walk.remove-Cl_35,CC(C)(C)c1ccc(Sc2ccc(-n3ncc(=O)[nH]c3=O)cc2Cl)cc1,0,authentic,authentic,,,O=c1cnn(-c2ccc(Sc3ccccc3)cc2)c(=O)[nH]1,train,387.89200000000005,4.022900000000003,0.7364615348161409,26,49
subcategory_halogen-walk.remove-Cl_365,CNC(=O)[C@@H](NC(=O)[C@H](CCc1ccccc1)CC(=O)NO)c1ccccc1,0,authentic,authentic,,,O=C(CCCc1ccccc1)NCc1ccccc1,train,383.44800000000004,1.7343999999999993,0.3906762444488031,28,54
subcategory_halogen-walk.remove-Cl_1353,COc1ccc2c(c1)c(CC(=O)N(CC(F)(F)F)C(C)=O)c(C)n2C(=O)c1cccc(C)c1,1,halogen-walk,remove-Cl,COc1ccc2c(c1)c(CC(=O)N(CC(F)(F)F)C(C)=O)c(C)n2C(=O)c1ccc(Cl)cc1,0 1 2 3 4 5 6 7 8 9 10 11 12 13 14 15 16 17 18 19 20 21 22 23 25 26 27 28 29 30 31,O=C(c1ccccc1)n1ccc2ccccc21,train,460.4520000000002,4.435140000000003,0.5648700317870459,33,62
subcategory_halogen-walk.remove-Cl_1582,COc1ccc2c(c1)c(CC(=O)OC[C@H]1O[C@@H](O)[C@H](O)[C@@H](O)[C@@H]1O)c(C)n2C(=O)c1ccccc1,1,halogen-walk,remove-Cl,COc1ccc2c(c1)c(CC(=O)OC[C@H]1O[C@@H](O)[C@H](O)[C@@H](O)[C@@H]1O)c(C)n2C(=O)c1ccc(Cl)cc1,0 1 2 3 4 5 6 7 8 9 10 11 12 13 14 15 16 17 18 19 20 21 22 23 24 25 26 28 29 30 31 32 33,O=C(Cc1cn(C(=O)c2ccccc2)c2ccccc12)OC[C@@H]1CCCCO1,train,485.48900000000015,0.5324199999999986,0.3671339043036938,35,84
subcategory_halogen-walk.remove-Cl_1528,Cc1ccc(Oc2ccccc2)c(CC(=O)O)c1,1,halogen-walk,remove-Cl,Cc1ccc(Oc2ccc(Cl)cc2C)c(CC(=O)O)c1,0 1 2 3 4 6 7 8 9 10 11 12 13 14 15 16 17,c1ccc(Oc2ccccc2)cc1,train,242.274,3.4144200000000007,0.8931553774519135,18,29
subcategory_halogen-walk.remove-Cl_1052,COc1ccc2c(c1)c(CC(=O)OCCN1CCCCC1)c(C)n2C(=O)c1ccccc1C,1,halogen-walk,remove-Cl,COc1ccc2c(c1)c(CC(=O)OCCN1CCCCC1)c(C)n2C(=O)c1ccc(Cl)cc1,0 1 2 3 4 5 6 7 8 9 10 11 12 13 14 15 16 17 18 19 20 21 22 23 25 26 27 28 29 30 31,O=C(Cc1cn(C(=O)c2ccccc2)c2ccccc12)OCCN1CCCCC1,train,448.5630000000002,4.526840000000004,0.49730847374511494,33,53
subcategory_halogen-walk.remove-Cl_1405,CCC(=O)N(c1ccccc1)C1CCCC1N1CCCC1,1,halogen-walk,remove-Cl,CCC(=O)N(c1ccc(Cl)c(Cl)c1)C1CCCC1N1CCCC1,0 1 2 3 5 6 7 8 9 10 11 12 13 14 15 16 17 18 19 20,c1ccc(NC2CCCC2N2CCCC2)cc1,test,286.41900000000004,3.446500000000002,0.8461685489275791,21,32
subcategory_halogen-walk.remove-Cl_910,COc1ccc(OC)c(NC(=O)Cc2c(C)n(C(=O)c3ccccc3)c3ccc(OC)cc23)c1,1,halogen-walk,remove-Cl,COc1ccc(OC)c(NC(=O)Cc2c(C)n(C(=O)c3ccc(Cl)cc3)c3ccc(OC)cc23)c1,0 1 2 3 4 5 6 7 8 9 10 11 12 13 14 15 16 18 19 20 21 22 23 24 25 26 27 28 29 30 31 32 33,O=C(Cc1cn(C(=O)c2ccccc2)c2ccccc12)Nc1ccccc1,train,458.5140000000002,4.845220000000005,0.42855784962791793,34,58
subcategory_halogen-walk.remove-Cl_447,COc1ccc(-c2cc3nc(N4CCOCC4)c4ccccc4c3nn2)cc1,0,authentic,authentic,,,c1ccc(-c2cc3nc(N4CCOCC4)c4ccccc4c3nn2)cc1,test,372.428,3.6902000000000026,0.5113288104053149,28,43
subcategory_halogen-walk.remove-Cl_807,Nc1nnc(CCCc2ccccc2)c(N)n1,1,halogen-walk,remove-Cl,Nc1nnc(CCCc2ccc(Cl)cc2Cl)c(N)n1,0 1 2 3 4 5 6 8 9 10 11 12 13 14 15 16,c1ccc(CCCc2cncnn2)cc1,val,229.28700000000003,1.2112999999999996,0.8219204762225861,17,25
subcategory_halogen-walk.remove-Cl_145,COc1c(OC)c2c(c(C(F)(F)F)c1OC)CC[C@H](NC(C)=O)c1cc(=O)c(OC)ccc1-2,0,authentic,authentic,,,O=c1cccc2c(c1)CCCc1ccccc1-2,train,467.4400000000002,3.8904000000000023,0.7186477187002319,33,64
subcategory_halogen-walk.remove-Cl_1523,OCCN1CCN(C(c2ccccc2)c2ccccc2)CC1,1,halogen-walk,remove-Cl,OCCN1CCN(C(c2ccccc2)c2ccc(Cl)cc2)CC1,0 1 2 3 4 5 6 8 9 10 11 12 13 14 15 16 17 18 19 20 21,c1ccc(C(c2ccccc2)N2CCNCC2)cc1,train,296.4140000000001,2.3859000000000004,0.9175540525100946,22,32
subcategory_halogen-walk.remove-Cl_310,O=C1N(c2ccc(F)cc2)C[C@]1(c1ccc(O)cc1)C(O)CCc1ccc(F)cc1,0,authentic,authentic,,,O=C1N(c2ccccc2)C[C@@]1(CCCc1ccccc1)c1ccccc1,train,409.43200000000013,3.9487000000000023,0.6063943242753622,30,54
subcategory_halogen-walk.remove-Cl_1095,C[C@@](Cc1c[nH]c2ccccc12)(NC(=O)OC1C2CC3CC(C2)CC1C3)C(=O)N1CC[C@@H](Oc2ccccc2)C[C@H]1C(=O)O,1,halogen-walk,remove-Cl,C[C@@](Cc1c[nH]c2ccccc12)(NC(=O)OC1C2CC3CC(C2)CC1C3)C(=O)N1CC[C@@H](Oc2ccc(Cl)cc2Cl)C[C@H]1C(=O)O,32 33 34 35 36 37 38,O=C(NC(Cc1c[nH]c2ccccc12)C(=O)N1CCC(Oc2ccccc2)CC1)OC1C2CC3CC(C2)CC1C3,train,599.7280000000004,5.543200000000006,0.31261884533011886,44,91
subcategory_halogen-walk.remove-Cl_290,Cc1cnc(C(=O)NCCc2ccc(S(=O)(=O)NC(=O)NC3CCCCC3)cc2)c(N)n1,0,authentic,authentic,,,O=C(NC1CCCCC1)NS(=O)(=O)c1ccc(CCNC(=O)c2cnccn2)cc1,train,460.5600000000003,1.6603199999999991,0.489338284881516,32,56
subcategory_halogen-walk.remove-Cl_870,NCCC(=O)N[C@H](Cc1ccccc1)C(=O)N1CCN(C2(CNC(=O)Nc3ccc(Cl)cc3)CCCCC2)CC1,1,halogen-walk,remove-Cl,NCCC(=O)N[C@H](Cc1ccc(Cl)cc1Cl)C(=O)N1CCN(C2(CNC(=O)Nc3ccc(Cl)cc3)CCCCC2)CC1,7 8 9 10 11 12 13,O=C(NCC1(N2CCN(C(=O)CCc3ccccc3)CC2)CCCCC1)Nc1ccccc1,train,569.1500000000001,3.3849000000000036,0.35017154271704487,40,70
subcategory_halogen-walk.remove-Cl_101,COc1ccc(OCCCCN2CCN(CCc3cc(OC)c(OC)c(OC)c3)CC2)c(C2Sc3ccccc3N2C(C)=O)c1,0,authentic,authentic,,,c1ccc(CCN2CCN(CCCCOc3ccccc3C3Nc4ccccc4S3)CC2)cc1,val,635.8270000000002,5.897700000000007,0.20153964319056908,45,70
subcategory_halogen-walk.remove-Cl_800,CN1CC2CCC1CC2NC(=O)c1ccccc1,1,halogen-walk,remove-Cl,COc1cc(N)c(Cl)cc1C(=O)NC1CC2CCC1CN2C,0 1 2 3 4 5 6 7 8 9 11 12 13 14 15 16,O=C(NC1CC2CCC1CN2)c1ccccc1,test,244.33800000000002,1.8990999999999996,0.8614800605663483,18,27
subcategory_halogen-walk.remove-Cl_748,CC(C)N(C(=O)CN1C(=O)C(NC(=O)Nc2cccc(C(N)=O)c2)C(=O)N(c2ccccc2)c2ccccc21)c1ccccc1,0,authentic,authentic,,,O=C(CN1C(=O)C(NC(=O)Nc2ccccc2)C(=O)N(c2ccccc2)c2ccccc21)Nc1ccccc1,train,604.6670000000003,4.428700000000004,0.2549682113149457,45,80
subcategory_halogen-walk.remove-Cl_939,c1ccc(-c2c[nH]cc2C(c2ccccc2)n2ccnc2)cc1,1,halogen-walk,remove-Cl,Clc1ccc(-c2c[nH]cc2C(c2ccccc2)n2ccnc2)cc1,0 1 2 3 5 6 7 8 9 10 11 12 13 14 15 16 17 18 19 20 21,c1ccc(-c2c[nH]cc2C(c2ccccc2)n2ccnc2)cc1,train,299.377,4.515900000000003,0.5905022231454432,23,39
subcategory_halogen-walk.remove-Cl_1192,CC(C)(C)c1ccc(C(=O)NCC2(N3CCN(C(=O)[C@@H](Cc4ccccc4)NC(=O)CCN)CC3)CCCCC2)cc1,1,halogen-walk,remove-Cl,CC(C)(C)c1ccc(C(=O)NCC2(N3CCN(C(=O)[C@@H](Cc4ccc(Cl)cc4Cl)NC(=O)CCN)CC3)CCCCC2)cc1,0 1 2 3 4 5 6 7 8 9 10 11 12 13 14 15 16 17 18 19 21 22 23 24 25 26 27 28 29 30 31 32 33 34 35 36 37 38 39 40 41,O=C(NCC1(N2CCN(C(=O)CCc3ccccc3)CC2)CCCCC1)c1ccccc1,train,575.7980000000002,3.6373000000000024,0.40110883103758654,42,76
subcategory_halogen-walk.remove-Cl_36,COc1ccc(C[C@H]2NC(=O)/C=C/C[C@@H](C(Br)C#Cc3ccccc3)OC(=O)[C@H](CC(C)C)OC(=O)[C@@H](C)CNC2=O)cc1,0,authentic,authentic,,,O=C1/C=C/C[C@@H](CC#Cc2ccccc2)OC(=O)COC(=O)CCNC(=O)[C@@H](Cc2ccccc2)N1,train,667.5970000000002,4.119600000000003,0.2704288955284208,44,95
subcategory_halogen-walk.remove-Cl_150,O=C(c1c(F)cccc1F)N1CCC(c2noc3cc(F)ccc23)CC1,0,authentic,authentic,,,O=C(c1ccccc1)N1CCC(c2noc3ccccc23)CC1,test,360.3350000000001,4.2649000000000035,0.6858304048037116,26,43
subcategory_halogen-walk.remove-Cl_804,CCN(C(C)=O)C(C)c1ccccc1N1CCN(C(=O)[C@H](CC(=O)N2CCN(C(=O)OC(C)(C)C)CC2)Cc2ccccc2)CC1,1,halogen-walk,remove-Cl,CCN(C(C)=O)C(C)c1ccccc1N1CCN(C(=O)[C@H](CC(=O)N2CCN(C(=O)OC(C)(C)C)CC2)Cc2ccc(Cl)cc2)CC1,0 1 2 3 4 5 6 7 8 9 10 11 12 13 14 15 16 17 18 19 21 22 23 24 25 26 27 28 29 30 31 32 33 34 35 36 37 38 39 40 41 42 43 44 45,O=C(C[C@H](Cc1ccccc1)C(=O)N1CCN(c2ccccc2)CC1)N1CCNCC1,train,633.8340000000002,4.592900000000004,0.40120657818570543,46,84
subcategory_halogen-walk.remove-Cl_732,Cc1cc(-c2ccc(NCCN)cc2)c(/C=C2\C(=O)Nc3ccccc32)[nH]1,0,authentic,authentic,,,O=C1Nc2ccccc2/C1=C/c1[nH]ccc1-c1ccccc1,train,358.445,3.8534200000000007,0.5228556471149686,27,51
subcategory_halogen-walk.remove-Cl_747,NC(=O)C1(S(=O)C(c2ccccc2)c2ccccc2)CCC1,0,authentic,authentic,,,O=S(C1CCC1)C(c1ccccc1)c1ccccc1,train,313.42200000000014,2.9327000000000014,0.9223314453015218,22,38
subcategory_halogen-walk.remove-Cl_217,CCOC(=O)N1CCN(C(=O)[C@H](Cc2cccc(C(=N)N)c2)NS(=O)(=O)c2c(C(C)C)cc(C(C)C)cc2C(C)C)CC1,0,authentic,authentic,,,O=C([C@H](Cc1ccccc1)NS(=O)(=O)c1ccccc1)N1CCNCC1,train,613.825,4.531170000000004,0.2507682966121854,43,84
subcategory_halogen-walk.remove-Cl_1386,COc1ccc2c(c1)c(C)c(CC(C)C(=O)O)n2C(=O)c1ccccc1C,1,halogen-walk,remove-Cl,COc1ccc2c(c1)c(C)c(CC(C)C(=O)O)n2C(=O)c1ccc(Cl)cc1,0 1 2 3 4 5 6 7 8 9 10 11 12 13 14 15 16 17 19 20 21 22 23 24 25,O=C(c1ccccc1)n1ccc2ccccc21,train,365.4290000000001,4.218440000000003,0.7350064774468245,27,47
subcategory_halogen-walk.remove-Cl_1130,COc1ccc(C(=O)N2CCC(CCN3CCC(C(N)=O)(c4ccccc4)CC3)(c3ccccc3)C2)c(OC)c1,1,halogen-walk,remove-Cl,COc1ccc(C(=O)N2CCC(CCN3CCC(C(N)=O)(c4ccccc4)CC3)(c3ccc(Cl)c(Cl)c3)C2)c(OC)c1,0 1 2 3 4 5 6 7 8 9 10 12 13 14 15 16 17 18 19 20 21 22 23 24 25 26 27 28 29 30 31 32 33 34 35 36 37 38 39,O=C(c1ccccc1)N1CCC(CCN2CCC(c3ccccc3)CC2)(c2ccccc2)C1,train,541.6920000000002,4.396900000000004,0.43425472588263025,40,68
subcategory_halogen-walk.remove-Cl_1013,CC(C)(COCC(=O)O)CN1CCN(C(c2ccccc2)c2ccccc2)CC1,1,halogen-walk,remove-Cl,CC(C)(COCC(=O)O)CN1CCN(C(c2ccccc2)c2ccc(Cl)cc2)CC1,0 1 2 3 4 5 6 7 8 9 10 11 12 13 15 16 17 18 19 20 21 22 23 24 25 26 27 28,c1ccc(C(c2ccccc2)N2CCNCC2)cc1,train,396.5310000000001,3.5210000000000026,0.7028563145675285,29,46
subcategory_halogen-walk.remove-Cl_349,COc1ccc(-n2nc(C(F)(F)F)c3c2C(=O)N(c2ccc(C(N)=NS(C)(=O)=O)cc2)CC3)cc1,0,authentic,authentic,,,O=C1c2c(cnn2-c2ccccc2)CCN1c1ccccc1,train,507.49400000000026,2.767500000000001,0.41900400675111,35,68
subcategory_halogen-walk.remove-Cl_1127,O=C1CCc2c(OCC(O)CN3CCN(c4ccccc4)CC3)ccc(Cl)c2N1,1,halogen-walk,remove-Cl,O=C1CCc2c(OCC(O)CN3CCN(c4ccc(Cl)cc4)CC3)ccc(Cl)c2N1,14 15 16 17 18 19 20,O=C1CCc2c(cccc2OCCCN2CCN(c3ccccc3)CC2)N1,train,415.9210000000001,2.7866,0.7591019348525176,29,47
subcategory_halogen-walk.remove-Cl_1494,CC1CCC(COc2ccc3c(c2)NC(=O)CC3)CN1CC1(c2ccccc2)CCC1,1,halogen-walk,remove-Cl,CC1CCC(COc2ccc3c(c2)NC(=O)CC3)CN1CC1(c2ccc(Cl)cc2)CCC1,21 22 23 24 25 26 27,O=C1CCc2ccc(OCC3CCCN(CC4(c5ccccc5)CCC4)C3)cc2N1,train,418.58100000000024,5.172500000000005,0.703404840611899,31,50
subcategory_halogen-walk.remove-Cl_1486,C=C[C@@H]1C2CCC(C[C@@H]1c1ccccc1)N2C,1,halogen-walk,remove-Cl,C=C[C@@H]1C2CCC(C[C@@H]1c1ccc(Cl)cc1)N2C,8 9 10 11 12 13 14,c1ccc(C2CC3CCC(C2)N3)cc1,train,227.35100000000003,3.438900000000002,0.699567752674017,17,36
subcategory_halogen-walk.remove-Cl_860,CCC(=O)N(c1ccccc1)C1CCCCCC1N(C)C,1,halogen-walk,remove-Cl,CCC(=O)N(c1ccc(Cl)c(Cl)c1)C1CCCCCC1N(C)C,0 1 2 3 5 6 7 8 9 10 11 12 13 14 15 16 17 18 19 20,c1ccc(NC2CCCCCC2)cc1,train,288.43499999999995,3.6925000000000026,0.7888658006944197,21,32
subcategory_halogen-walk.remove-Cl_926,CCC(=O)N(c1ccccc1)C1CCN(CC(O)Cn2nc(-c3ccc(C(F)(F)F)cc3)c3c2CCN(S(C)(=O)=O)C3)CC1,1,halogen-walk,remove-Cl,CS(=O)(=O)N1CCc2c(c(-c3ccc(C(F)(F)F)cc3)nn2CC(O)CN2CCC(N3C(=O)CCc4cc(Cl)ccc43)CC2)C1,0 1 2 3 5 6 7 8 9 10 11 12 13 14 15 16 17 18 19 20 21 22 23 24 25 26 27 28 29 30 31 32 33 34 35 36 37 38 39 40 41 42 43,O=C1CCc2ccccc2N1C1CCN(CCCn2nc(-c3ccccc3)c3c2CCNC3)CC1,test,633.737,4.155100000000004,0.38037362584167894,44,80
subcategory_halogen-walk.remove-Cl_1251,CCN(CC)CCOC(=O)Cc1c(C)n(C(=O)c2ccccc2)c2ccc(OC)cc12,1,halogen-walk,remove-Cl,CCN(CC)CCOC(=O)Cc1c(C)n(C(=O)c2ccc(Cl)cc2)c2ccc(OC)cc12,0 1 2 3 4 5 6 7 8 9 10 11 12 13 14 16 17 18 19 20 21 22 23 24 25 26 27 28 29 30,O=C(c1ccccc1)n1ccc2ccccc21,train,422.5250000000001,4.074320000000003,0.48657977354368936,31,51
subcategory_halogen-walk.remove-Cl_1543,COc1cc2c(cc1OC)C(=O)C(CC1CCN(Cc3ccccc3C)CC1)C2,1,halogen-walk,remove-Cl,COc1cc2c(cc1OC)C(=O)C(CC1CCN(Cc3cccc(Cl)c3)CC1)C2,0 1 2 3 4 5 6 7 8 9 10 11 12 13 14 15 16 17 19 20 21 22 23 24 25 26 27 28,O=C1c2ccccc2CC1CC1CCN(Cc2ccccc2)CC1,train,393.5270000000002,4.669520000000005,0.7149184605024215,29,46
subcategory_halogen-walk.remove-Cl_236,CC1CCC(=NNc2ccccc2)c2ncc(C(=O)NO)c(=O)n21,0,authentic,authentic,,,O=c1ccnc2n1CCCC2=NNc1ccccc1,train,327.34400000000005,1.5332999999999992,0.585063019051099,24,41
subcategory_halogen-walk.remove-Cl_1569,Cc1ccccc1C1CCc2cccnc2O1,1,halogen-walk,remove-Cl,Clc1ccc(C2CCc3cccnc3O2)cc1Cl,0 1 2 3 4 5 6 8 9 10 11 12 13 14 15,c1ccc(C2CCc3cccnc3O2)cc1,train,225.291,3.4563200000000025,0.7411589486303766,17,23
subcategory_halogen-walk.remove-Cl_1092,COc1ccc2c(c1)c(CC(=O)Nc1cncc(Cl)c1)c(C)n2C(=O)c1ccccc1,1,halogen-walk,remove-Cl,COc1ccc2c(c1)c(CC(=O)Nc1cncc(Cl)c1)c(C)n2C(=O)c1ccc(Cl)cc1,0 1 2 3 4 5 6 7 8 9 10 11 12 13 14 15 16 17 18 19 20 21 22 24 25 26 27 28 29,O=C(Cc1cn(C(=O)c2ccccc2)c2ccccc12)Nc1cccnc1,train,433.89500000000015,4.876420000000004,0.48665998459509696,31,54
subcategory_halogen-walk.remove-Cl_436,COc1ccc(F)cc1C(O)(/C(C)=C\c1ccccc1)C(C)CN(C)C,0,authentic,authentic,,,C(=C/c1ccccc1)/Cc1ccccc1,train,357.4690000000001,4.323100000000004,0.8008219264408555,26,45
subcategory_halogen-walk.remove-Cl_503,OCCCCN1CCC(c2noc3cc(F)ccc23)CC1,0,authentic,authentic,,,c1ccc2c(C3CCNCC3)noc2c1,train,292.3540000000001,2.918800000000001,0.8608880900384366,21,31
subcategory_halogen-walk.remove-Cl_1020,OC(c1ccccc1)C(O)(Cn1cncn1)c1ccc(Cl)cc1Cl,1,halogen-walk,remove-Cl,OC(c1ccc(Cl)cc1)C(O)(Cn1cncn1)c1ccc(Cl)cc1Cl,0 2 3 4 5 6 7 8 9 10 11 12 13 14 15 16 17 18 19 20 21 22 23,c1ccc(CC(Cn2cncn2)c2ccccc2)cc1,train,364.2320000000001,3.2063000000000015,0.7294721264427955,24,40
subcategory_halogen-walk.remove-Cl_21,CC(C)c1cccc2[nH]c(C=CC(O)CC(O)CC(=O)O)c(-c3ccc(F)cc3)c12,0,authentic,authentic,,,c1ccc(-c2c[nH]c3ccccc23)cc1,train,411.4730000000001,4.697200000000003,0.43231731482509816,30,56
subcategory_halogen-walk.remove-Cl_48,CC1CC(C#N)=CC=C1C(c1ccc(C#N)cc1)n1cncn1,0,authentic,authentic,,,C1=CCCC(C(c2ccccc2)n2cncn2)=C1,test,301.353,3.1553600000000017,0.8719922416998597,23,39
subcategory_halogen-walk.remove-Cl_856,CC(O)(c1ccccc1)C(O)(Cn1cncn1)c1ccc(Cl)cc1,1,halogen-walk,remove-Cl,CC(O)(c1ccc(Cl)cc1)C(O)(Cn1cncn1)c1ccc(Cl)cc1,0 2 3 4 5 6 7 8 9 10 11 12 13 14 15 16 17 18 19 20 21 22 23,c1ccc(CC(Cn2cncn2)c2ccccc2)cc1,train,343.81399999999996,2.727000000000001,0.7469122689909437,24,41
subcategory_halogen-walk.remove-Cl_222,Cc1cc(C)nc(NC23CC4CC(CC(C4)C2)C3)c1,0,authentic,authentic,,,c1ccc(NC23CC4CC(CC(C4)C2)C3)nc1,train,256.3929999999999,4.079140000000003,0.8621369117433729,19,35
subcategory_halogen-walk.remove-Cl_414,O=C(c1ccc2c(c1)OCO2)C1CCCN(Cc2ccc(F)c(F)c2)C1,0,authentic,authentic,,,O=C(c1ccc2c(c1)OCO2)C1CCCN(Cc2ccccc2)C1,val,359.372,3.788400000000003,0.7789186153095984,26,45
subcategory_halogen-walk.remove-Cl_1556,Cc1ccccc1CNc1ccc(C(=O)O)nc1,1,halogen-walk,remove-Cl,O=C(O)c1ccc(NCc2ccc(Cl)c(Cl)c2)cn1,0 1 2 3 4 5 6 8 9 10 11 12 13 14 15 16 17,c1ccc(CNc2cccnc2)cc1,train,242.27800000000002,2.7003200000000005,0.8648856442132389,18,27
subcategory_halogen-walk.remove-Cl_87,NCCOCCN1CCN([C@H](c2ccccc2)c2ccc(Cl)cc2)CC1,0,authentic,authentic,,,c1ccc(C(c2ccccc2)N2CCNCC2)cc1,train,373.9280000000001,3.0223000000000013,0.722067253395491,26,43
subcategory_halogen-walk.remove-Cl_316,C=C(c1ccccc1Cl)c1cc([N+](=O)[O-])ccc1NC(=O)C(C)C#N,0,authentic,authentic,,,C=C(c1ccccc1)c1ccccc1,train,355.78100000000006,4.407880000000003,0.6342646144696206,25,50
subcategory_halogen-walk.remove-Cl_502,O=C(CCC1C(=O)N(c2ccc(F)cc2)C1c1ccc(O)cc1)c1ccccc1,0,authentic,authentic,,,O=C(CCC1C(=O)N(c2ccccc2)C1c1ccccc1)c1ccccc1,test,389.4260000000001,4.898500000000005,0.4819470132495983,29,49
subcategory_halogen-walk.remove-Cl_243,CCOC(=O)C(C(=O)Cc1c(C)n(C(=O)c2ccc(Cl)cc2)c2ccc(OC)cc12)C(=O)OCC,0,authentic,authentic,,,O=C(c1ccccc1)n1ccc2ccccc21,train,499.94700000000023,4.154220000000003,0.3216835946658853,35,64
subcategory_halogen-walk.remove-Cl_1184,Cc1c(C(=O)NCc2ccccc2)nc2ccccc2c1-c1ccccc1,1,halogen-walk,remove-Cl,Cc1c(C(=O)NCc2ccc(Cl)cc2)nc2ccccc2c1-c1ccccc1,0 1 2 3 4 5 7 8 9 10 11 12 13 14 15 16 17 18 19 20 21 22 23 24 25 26,O=C(NCc1ccccc1)c1cc(-c2ccccc2)c2ccccc2n1,test,352.4370000000001,5.140220000000004,0.5524169040203754,27,41
subcategory_halogen-walk.remove-Cl_961,COc1ccc(-n2nc(Sc3ccccc3)cc(CC[C@@H](C)NC(=O)[C@H]3CNCC[C@@H]3c3ccccc3)c2=O)cc1,1,halogen-walk,remove-Cl,COc1ccc(-n2nc(Sc3ccc(Cl)cc3)cc(CC[C@@H](C)NC(=O)[C@H]3CNCC[C@@H]3c3ccccc3)c2=O)cc1,9 10 11 12 13 14 15,O=C(NCCCc1cc(Sc2ccccc2)nn(-c2ccccc2)c1=O)[C@H]1CNCC[C@@H]1c1ccccc1,train,568.7430000000004,5.222900000000004,0.27285664583753644,41,78
subcategory_halogen-walk.remove-Cl_1139,CCCC(O)C(O)(Cn1cncn1)c1ccccc1C,1,halogen-walk,remove-Cl,CCCC(O)C(O)(Cn1cncn1)c1ccc(Cl)cc1Cl,5 13 14 15 16 17 18 19,c1ccc(CCn2cncn2)cc1,train,275.35200000000003,1.6353199999999999,0.8403789838317817,20,30
subcategory_halogen-walk.remove-Cl_421,Nc1nc(N)c2c(n1)CCC(Cc1cccc(C(F)(F)F)c1)C2,0,authentic,authentic,,,c1ccc(CC2CCc3ncncc3C2)cc1,train,322.334,3.0074000000000014,0.8907591710533935,23,41
subcategory_halogen-walk.remove-Cl_520,Fc1ccc(C2=CCNCC2COc2ccc3cc2OCO3)cc1,0,authentic,authentic,,,C1=C(c2ccccc2)C(COc2ccc3cc2OCO3)CNC1,train,327.3550000000001,3.236200000000002,0.9357743629910948,24,35
subcategory_halogen-walk.remove-Cl_1361,Cc1cccc(-c2ccccc2CN2CCN(C(C)OCC(=O)O)CC2)c1,1,halogen-walk,remove-Cl,CC(OCC(=O)O)N1CCN(Cc2ccccc2-c2ccc(Cl)cc2)CC1,0 1 2 3 4 5 7 8 9 10 11 12 13 14 15 16 17 18 19 20 21 22 23 24 25,c1ccc(-c2ccccc2CN2CCNCC2)cc1,train,368.47700000000015,3.226820000000001,0.8131865530841909,27,43
subcategory_halogen-walk.remove-Cl_443,C=CCOc1ccnc(CS(=O)c2nc3cc4c(cc3[nH]2)OC(F)(F)O4)c1,0,authentic,authentic,,,O=S(Cc1ccccn1)c1nc2cc3c(cc2[nH]1)OCO3,test,393.37100000000004,3.152000000000001,0.6477538798592529,27,50
subcategory_halogen-walk.remove-Cl_444,Nc1nccnc1C(=O)NCC1(c2ccccc2)CCN(S(=O)(=O)c2ccc(F)cc2)CC1,0,authentic,authentic,,,O=C(NCC1(c2ccccc2)CCN(S(=O)(=O)c2ccccc2)CC1)c1cnccn1,test,469.5420000000002,2.3504000000000005,0.5721931790431743,33,56
subcategory_halogen-walk.remove-Cl_390,CC(C)N(C(=S)NCCCNc1ccnc2cc(Cl)ccc12)C(C)C,0,authentic,authentic,,,c1ccc2ncccc2c1,train,378.9730000000001,4.683500000000003,0.5401853772266073,25,41
subcategory_halogen-walk.remove-Cl_336,O=C1CCc2ccc(OCCCCN3CCN(c4cccc(Cl)c4Cl)CC3)cc2N1C(=O)C1CCCN1,0,authentic,authentic,,,O=C1CCc2ccc(OCCCCN3CCN(c4ccccc4)CC3)cc2N1C(=O)C1CCCN1,test,545.5110000000001,4.5324000000000035,0.38864716081201733,37,59
subcategory_halogen-walk.remove-Cl_842,CCC1(CC)OC(=O)Nc2ccc(-c3ccccc3)cc21,1,halogen-walk,remove-Cl,CCC1(CC)OC(=O)Nc2ccc(-c3cccc(Cl)c3)cc21,0 1 2 3 4 5 6 7 8 9 10 11 13 14 15 16 17 18 19 20,O=C1Nc2ccc(-c3ccccc3)cc2CO1,train,281.355,4.931000000000004,0.8657656948318605,21,35
subcategory_halogen-walk.remove-Cl_312,O=C(c1ccccc1)c1cccc(OC[C@H](O)CN2CCCCC2)c1,0,authentic,authentic,,,O=C(c1ccccc1)c1cccc(OCCCN2CCCCC2)c1,train,339.4350000000002,3.143200000000001,0.7875202416030751,25,42
subcategory_halogen-walk.remove-Cl_424,CC(/C=C(\Cl)C(=O)Nc1ccccc1C(=O)O)c1ccccc1,0,authentic,authentic,,,O=C(C=CCc1ccccc1)Nc1ccccc1,train,329.7830000000001,4.2497000000000025,0.8057765496683578,23,41
subcategory_halogen-walk.remove-Cl_795,S=C=Nc1ccc(-c2noc(-c3ccccc3)n2)cc1,0,authentic,authentic,,,c1ccc(-c2noc(-c3ccccc3)n2)cc1,train,279.324,4.137900000000003,0.533853295709675,20,34
subcategory_halogen-walk.remove-Cl_726,COC(=O)C(=N)/C=C(\O)c1ccc(F)cc1,0,authentic,authentic,,,c1ccccc1,train,223.203,1.91737,0.46687801348937585,16,31
subcategory_halogen-walk.remove-Cl_181,CO[C@@H]1[C@H](OC(=O)NC(=O)CCl)CO[C@]2(COC(C)(C)O2)[C@]1(CCCCCc1ccccc1)OC(=O)NC(=O)CCl,0,authentic,authentic,,,c1ccc(CCCCCC2CCCO[C@]23COCO3)cc1,train,619.4950000000002,3.4045000000000014,0.2790502505099838,41,86
subcategory_halogen-walk.remove-Cl_1217,CNc1ncnnc1-c1cccc(C)c1,1,halogen-walk,remove-Cl,CNc1ncnnc1-c1ccc(Cl)cc1,6,c1ccc(-c2cncnn2)cc1,train,200.245,1.88872,0.8038441832590405,15,22
subcategory_halogen-walk.remove-Cl_269,CC[C@H]1OC(=O)[C@H](C)[C@@H](OC2C[C@@](C)(OC)C[C@H](C)O2)[C@H](C)[C@@H](OC2O[C@H](C)C[C@H](N(C)C)[C@H]2O)[C@@]2(C)C[C@H](C)[C@H](O2)[C@H](C)[C@@H](O)[C@]1(C)O,0,authentic,authentic,,,O=C1C[C@@H](OC2CCCCO2)C[C@@H](OC2CCCCO2)C2CC[C@@H](CCCCO1)O2,train,701.9390000000002,3.6522000000000054,0.3333997448770156,49,158
subcategory_halogen-walk.remove-Cl_98,COc1cc2c(cc1OC)C(=O)C(CC1CCN1Cc1ccccc1)C2,0,authentic,authentic,,,O=C1c2ccccc2CC1CC1CCN1Cc1ccccc1,train,351.4460000000001,3.7234000000000034,0.7949896585057898,26,41
subcategory_halogen-walk.remove-Cl_446,CO[C@]12C=CC3(CC14CCC[C@H]4O)C1Cc4ccc(O)c5c4C3(CCN1CC1CC1)[C@@H]2O5,0,authentic,authentic,,,C1=CC23CC4(CCCC4)C1[C@H]1Oc4cccc5c4C12CCN(CC1CC1)C3C5,test,435.5640000000003,3.3077000000000023,0.7136640449139082,32,67
subcategory_halogen-walk.remove-Cl_1536,CN(c1ccccc1Nc1ccccc1)c1nc(=O)[nH]c2ccccc12,1,halogen-walk,remove-Cl,Cc1cc(Cl)ccc1Nc1ccccc1N(C)c1nc(=O)[nH]c2ccccc12,0 1 2 3 4 5 6 7 9 10 11 12 13 14 15 16 17 18 19 20 21 22 23 24 25,O=c1nc(Nc2ccccc2Nc2ccccc2)c2ccccc2[nH]1,val,342.40200000000004,4.434600000000002,0.5756851670649875,26,42
subcategory_halogen-walk.remove-Cl_880,Cc1ccccc1-c1nc2c(=O)n(C)c(=O)n(C)c2[nH]1,1,halogen-walk,remove-Cl,Cn1c(=O)c2nc(-c3ccc(Cl)c(Cl)c3)[nH]c2n(C)c1=O,0 1 2 3 4 5 6 8 9 10 11 12 13 14 15 16 17 18,O=c1[nH]c(=O)c2nc(-c3ccccc3)[nH]c2[nH]1,train,270.292,0.9357199999999997,0.7148000043050167,20,40
subcategory_halogen-walk.remove-Cl_1309,Nc1nc(N2CCNCC2)nnc1-c1ccccc1,1,halogen-walk,remove-Cl,Nc1nc(N2CCNCC2)nnc1-c1cc(F)cc(Cl)c1Cl,,c1ccc(-c2cnc(N3CCNCC3)nn2)cc1,train,256.313,0.5304,0.8156372085533901,19,28
subcategory_halogen-walk.remove-Cl_1312,COc1ccc2c(c1)c(CC(=O)NCCc1ccc(S(N)(=O)=O)cc1)c(C)n2C(=O)c1ccccc1,1,halogen-walk,remove-Cl,COc1ccc2c(c1)c(CC(=O)NCCc1ccc(S(N)(=O)=O)cc1)c(C)n2C(=O)c1ccc(Cl)cc1,0 1 2 3 4 5 6 7 8 9 10 11 12 13 14 15 16 17 18 19 20 21 22 23 24 25 26 27 29 30 31 32 33 34,O=C(Cc1cn(C(=O)c2ccccc2)c2ccccc12)NCCc1ccccc1,train,505.5960000000002,3.1956200000000017,0.38104207743362156,36,64
subcategory_halogen-walk.remove-Cl_700,c1ccc(CCNC2c3ccccc3Oc3ccccc32)nc1,0,authentic,authentic,,,c1ccc(CCNC2c3ccccc3Oc3ccccc32)nc1,train,302.37700000000007,4.109000000000003,0.7873013336940079,23,33
subcategory_halogen-walk.remove-Cl_959,OC1(COc2ccccc2)CCN(c2ccc(Cl)cc2F)CC1,1,halogen-walk,remove-Cl,O=C1CCc2c(OCC3(O)CCN(c4ccc(Cl)cc4F)CC3)ccc(Cl)c2N1,3 4 5 6 7 8 9,O=C1CCc2c(cccc2OCC2CCN(c3ccccc3)CC2)N1,train,335.80600000000004,3.889400000000003,0.9197478380250655,23,36
subcategory_halogen-walk.remove-Cl_582,NC(=O)C1CCC(CCN2CCC(c3noc4cc(F)ccc34)CC2)CC1,0,authentic,authentic,,,c1ccc2c(C3CCN(CCC4CCCCC4)CC3)noc2c1,val,373.4720000000002,3.8281000000000027,0.8645136787647759,27,44
subcategory_halogen-walk.remove-Cl_1121,O=C1N(c2ccc(F)cc2)[C@H](c2ccc(O)cc2)C12CCC(O)(c1ccccc1)CC2,1,halogen-walk,remove-Cl,O=C1N(c2ccc(F)cc2)[C@H](c2ccc(O)cc2)C12CCC(O)(c1ccc(Cl)cc1)CC2,0 1 2 3 4 5 6 7 8 9 10 11 12 13 14 15 16 17 18 19 20 22 23 24 25 26 27 28 29 30,O=C1N(c2ccccc2)[C@H](c2ccccc2)C12CCC(c1ccccc1)CC2,train,417.48000000000025,5.067400000000003,0.5853272077891655,31,58
subcategory_halogen-walk.remove-Cl_146,Nc1ccn(C2CO[C@H](CO)S2)c(=O)n1,0,authentic,authentic,,,O=c1ncccn1C1COCS1,train,229.261,-0.5940999999999999,0.7038615838122526,15,30
subcategory_halogen-walk.remove-Cl_812,CCNC(=O)NS(=O)(=O)c1cc2c(cc1CC)OCCC2C(C)NC(=O)c1ccccc1,1,halogen-walk,remove-Cl,CCNC(=O)NS(=O)(=O)c1cc2c(cc1CC)OCCC2C(C)NC(=O)c1cc(Cl)ccc1OC,0 1 2 3 4 5 6 7 8 9 10 11 12 13 14 15 16 17 18 19 20 21 22 23 25 26 27 28 29 30,O=C(NCC1CCOc2ccccc21)c1ccccc1,test,459.56800000000015,2.9414000000000016,0.5891504662312632,32,54
subcategory_halogen-walk.remove-Cl_999,O=C(O)Cc1cc(Cl)ccc1Oc1ccccc1,1,halogen-walk,remove-Cl,O=C(O)Cc1cc(Cl)ccc1Oc1cccc(Cl)c1,0 1 2 3 4 5 6 7 8 9 10 12 13 14 15 16,c1ccc(Oc2ccccc2)cc1,train,262.692,3.759400000000002,0.9125276263213042,18,28
subcategory_halogen-walk.remove-Cl_432,COc1cc(N)c(Cl)cc1C(=O)NC1CCN(CC2CCN(C(=O)C(C)(C)N)CC2)CC1,0,authentic,authentic,,,O=C(NC1CCN(CC2CCNCC2)CC1)c1ccccc1,train,466.02600000000047,2.1009,0.5541740222057908,32,57
subcategory_halogen-walk.remove-Cl_504,C=C(c1ccccc1OC)n1ccnc1,0,authentic,authentic,,,C=C(c1ccccc1)n1ccnc1,train,200.24099999999999,2.4107000000000003,0.7603474492959026,15,22
subcategory_halogen-walk.remove-Cl_1567,CCc1cc(CC)c(O)c(C(=O)c2ccccc2)c1,1,halogen-walk,remove-Cl,CCc1cc(CC)c(O)c(C(=O)c2ccc(Cl)cc2)c1,,O=C(c1ccccc1)c1ccccc1,train,254.329,3.748000000000002,0.843658964688142,19,32
subcategory_halogen-walk.remove-Cl_929,COc1ccc2c(c1)c1c(n2Cc2ccccc2)CC(C)(C)CC1=O,1,halogen-walk,remove-Cl,COc1ccc2c(c1)c1c(n2Cc2ccc(Cl)cc2)CC(C)(C)CC1=O,0 1 2 3 4 5 6 7 8 9 10 12 13 14 15 16 17 18 19 20 21 22 23 24,O=C1CCCc2c1c1ccccc1n2Cc1ccccc1,test,333.43100000000015,4.853300000000004,0.6856791440927114,25,42
subcategory_halogen-walk.remove-Cl_1277,COc1ccc2c(c1)c(CCNC(C)=O)cn2C(=O)c1cccc(C)c1,1,halogen-walk,remove-Cl,COc1ccc2c(c1)c(CCNC(C)=O)cn2C(=O)c1ccc(Cl)cc1,0 1 2 3 4 5 6 7 8 9 10 11 12 13 14 15 16 18 19 20 21 22 23 24,O=C(c1ccccc1)n1ccc2ccccc21,train,350.41800000000006,3.325420000000002,0.7677667882036215,26,44
subcategory_halogen-walk.remove-Cl_272,Cc1nc(-c2ccc(OCC(C)C)c(-c3ccncc3)c2)sc1C(=O)O,0,authentic,authentic,,,c1cc(-c2ccncc2)cc(-c2nccs2)c1,train,368.458,4.913520000000004,0.6688897844147419,26,45
subcategory_halogen-walk.remove-Cl_1103,COc1ccc2c(c1)c(CC(=O)Nc1c(C)n(C)n(-c3ccccc3)c1=O)c(C)n2C(=O)c1ccccc1,1,halogen-walk,remove-Cl,COc1ccc2c(c1)c(CC(=O)Nc1c(C)n(C)n(-c3ccccc3)c1=O)c(C)n2C(=O)c1ccc(Cl)cc1,,O=C(Cc1cn(C(=O)c2ccccc2)c2ccccc12)Nc1c[nH]n(-c2ccccc2)c1=O,val,508.5780000000002,4.625840000000004,0.36248719904288695,38,68
subcategory_halogen-walk.remove-Cl_1266,CCCNC(=O)N1CCC(CC(=O)N2CCN(C(c3ccccc3)c3ncc(Br)cc3CC)CC2)CC1,1,halogen-walk,remove-Cl,CCCNC(=O)N1CCC(CC(=O)N2CCN(C3c4ccc(Cl)cc4CCc4cc(Br)cnc43)CC2)CC1,17 18 19 20 21 22 23,O=C(CC1CCNCC1)N1CCN(C2c3ccccc3CCc3cccnc32)CC1,train,570.5759999999998,4.861800000000004,0.4924740353935346,37,60
subcategory_halogen-walk.remove-Cl_1274,O=C(OCC(=O)N1CCC[C@@H]1CO[N+](=O)[O-])c1ccccc1,1,halogen-walk,remove-Cl,NS(=O)(=O)c1cc(C(=O)OCC(=O)N2CCC[C@@H]2CO[N+](=O)[O-])c(NCc2ccco2)cc1Cl,1 16 17 18 19 20 21,O=C(OCC(=O)N1CCCC1)c1ccccc1NCc1ccco1,train,308.28999999999996,1.0426999999999995,0.4421774986713525,22,46
subcategory_halogen-walk.remove-Cl_1000,CCc1c(C)n(C(=O)c2ccccc2)c2ccc(OC)cc12,1,halogen-walk,remove-Cl,CCc1c(C)n(C(=O)c2ccc(Cl)cc2)c2ccc(OC)cc12,0 1 2 3 4 5 7 8 9 10 11 12 13 14 15 16 17 18 19 20 21,O=C(c1ccccc1)n1ccc2ccccc21,train,293.36600000000004,4.209220000000004,0.7240857934952387,22,37
subcategory_halogen-walk.remove-Cl_1507,Cc1ccccc1C(NCCNCCOCCO)c1ccccc1,1,halogen-walk,remove-Cl,OCCOCCNCCNC(c1ccccc1)c1ccc(Cl)cc1,0 1 2 3 4 5 6 7,c1ccc(Cc2ccccc2)cc1,train,328.45599999999996,2.27252,0.5540337465871629,24,30
subcategory_halogen-walk.remove-Cl_1155,COc1ccc2c(c1)c(CC(=O)OCc1cccc(F)c1)c(C)n2C(=O)c1ccccc1,1,halogen-walk,remove-Cl,COc1ccc2c(c1)c(CC(=O)OCc1cccc(F)c1)c(C)n2C(=O)c1ccc(Cl)cc1,0 1 2 3 4 5 6 7 8 9 10 11 12 13 14 15 16 17 18 19 20 21 22 23 25 26 27 28 29 30,O=C(Cc1cn(C(=O)c2ccccc2)c2ccccc12)OCc1ccccc1,train,431.46300000000014,5.071820000000004,0.4000553793023673,32,54
subcategory_halogen-walk.remove-Cl_840,CC(C)CC(=O)NCC1CCN(CCOCc2ccccc2)CC1,1,halogen-walk,remove-Cl,COc1cc(N)c(Cl)cc1C(=O)OCCN1CCC(CNC(=O)CC(C)C)CC1,14 15 16 17 18 19 20 21,O=C(OCCN1CCCCC1)c1ccccc1,train,332.488,3.0775000000000015,0.7067166418233501,24,35
subcategory_halogen-walk.remove-Cl_1149,CS(=O)(=O)N1CC2(CCN(C(=O)C(CCCc3ccccc3)NCc3ccccc3)CC2)c2ccccc21,1,halogen-walk,remove-Cl,CS(=O)(=O)N1CC2(CCN(C(=O)C(CCCc3ccc(Cl)c(Cl)c3)NCc3ccccc3)CC2)c2ccccc21,0 1 2 3 4 5 6 7 8 9 10 11 12 13 14 16 17 18 19 20 21 22 23 24 25 26 27 28 29 30 31 32 33 34 35 36 37,O=C(C(CCCc1ccccc1)NCc1ccccc1)N1CCC2(CC1)CNc1ccccc12,train,531.7220000000002,4.507700000000003,0.44128722905906104,38,63
subcategory_halogen-walk.remove-Cl_1138,CCc1ccc(C(=O)O)c(C(=O)c2ccccc2)c1,1,halogen-walk,remove-Cl,CCc1ccc(C(=O)O)c(C(=O)c2ccc(Cl)cc2)c1,10 12 13 14 15 16 17,O=C(c1ccccc1)c1ccccc1,train,254.285,3.1782000000000012,0.8524227595856207,19,33
subcategory_halogen-walk.remove-Cl_4,CCCCCN(CCCCC)C(=O)[C@H]1CCN(C(=O)N(c2ccccc2)c2cccc(Cl)c2)[C@H](C(=O)NCCNCC(N)=O)C1,0,authentic,authentic,,,O=C(N1CCCCC1)N(c1ccccc1)c1ccccc1,train,641.2569999999998,5.078800000000004,0.20789142565412425,45,82
subcategory_halogen-walk.remove-Cl_1504,Cc1ccccc1C(=O)OCCN1CCC(CNC(=O)C(C)C)CC1,1,halogen-walk,remove-Cl,COc1cc(N)c(Cl)cc1C(=O)OCCN1CCC(CNC(=O)C(C)C)CC1,0 1 2 3 4 5 6 7,O=C(OCCN1CCCCC1)c1ccccc1,train,346.4710000000001,2.636020000000001,0.7712787161118544,25,39
subcategory_halogen-walk.remove-Cl_515,CN1CC=C(c2c[nH]c3ccc(S(C)(=O)=O)cc23)CC1,0,authentic,authentic,,,C1=C(c2c[nH]c3ccccc23)CCNC1,train,290.3880000000001,2.2903000000000002,0.9230075539204996,20,40
subcategory_halogen-walk.remove-Cl_118,CCOC(=O)c1c(C(C)(C)O)nc(SC)n1Cc1ccc(-c2ccccc2-c2nn[nH]n2)cc1,0,authentic,authentic,,,c1ccc(-c2nn[nH]n2)c(-c2ccc(Cn3ccnc3)cc2)c1,train,478.57800000000015,3.9045000000000023,0.2890548405212481,34,60
subcategory_halogen-walk.remove-Cl_557,CC(OCC(=O)O)N1CCN(C(c2ccccc2)c2ccccc2)CC1,0,authentic,authentic,,,c1ccc(C(c2ccccc2)N2CCNCC2)cc1,train,354.4500000000001,2.8408000000000007,0.8285936374997173,26,41
subcategory_halogen-walk.remove-Cl_363,CC(=O)OC[C@@]1(C)C2C[C@H](OS(C)(=O)=O)[C@@]3(C)Oc4cc(-c5cccnc5)oc(=O)c4[C@H](O)C3[C@@]2(C)CC[C@@H]1OC(C)=O,0,authentic,authentic,,,O=c1oc(-c2cccnc2)cc2c1CC1C(CCC3CCCCC31)O2,train,619.6890000000001,3.168400000000002,0.37087042968686573,43,106
subcategory_halogen-walk.remove-Cl_1427,Nc1nnc(C2(c3ccccc3)CC2)c(N)n1,1,halogen-walk,remove-Cl,Nc1nnc(C2(c3ccc(Cl)cc3Cl)CC2)c(N)n1,0 1 2 3 4 6 7 8 9 10 11 12 13 14 15 16,c1ccc(C2(c3cncnn3)CC2)cc1,train,227.27099999999996,1.1158999999999997,0.8017057412466162,17,29
subcategory_halogen-walk.remove-Cl_1436,CC(OCC(N)=O)N1CCN(C(c2ccccc2)c2ccccc2)CC1,1,halogen-walk,remove-Cl,CC(OCC(N)=O)N1CCN(C(c2ccccc2)c2ccc(Cl)cc2)CC1,0 1 2 3 4 5 6 7 8 9 10 12 13 14 15 16 17 18 19 20 21 22 23 24 25,c1ccc(C(c2ccccc2)N2CCNCC2)cc1,train,353.4660000000001,2.241500000000001,0.8293504598169538,26,41
subcategory_halogen-walk.remove-Cl_1298,CNc1nc(C)nnc1-c1ccccc1,1,halogen-walk,remove-Cl,CNc1nc(C)nnc1-c1ccc(Cl)cc1,0 1 2 3 4 5 6 7 9 10 11 12 13,c1ccc(-c2cncnn2)cc1,train,200.24500000000003,1.8887199999999997,0.8038441832590405,15,22
subcategory_halogen-walk.remove-Cl_861,CCC(C)NC(=O)c1ccc(S(=O)(=O)NC(=O)c2ccccc2)cc1,1,halogen-walk,remove-Cl,CCC(C)NC(=O)c1ccc(S(=O)(=O)NC(=O)c2cc(Cl)ccc2OC)cc1,,O=C(NS(=O)(=O)c1ccccc1)c1ccccc1,train,360.43500000000006,2.3336000000000006,0.8268782596642267,25,45
subcategory_halogen-walk.remove-Cl_458,C=C(C)OC(=O)CC(O)CC(O)/C=C/c1c(-c2ccc(F)cc2)c2ccccc2n1C(C)C,0,authentic,authentic,,,c1ccc(-c2c[nH]c3ccccc23)cc1,train,451.5380000000001,5.620300000000005,0.3271762803468017,33,59
subcategory_halogen-walk.remove-Cl_30,Cl.O=S1(=O)c2ccccc2N=C(N2CCN(CCOCCO)CC2)c2ccccc21,0,authentic,authentic,,,O=S1(=O)c2ccccc2N=C(N2CCNCC2)c2ccccc21,train,451.97600000000034,1.9594000000000003,0.699616292176492,30,49
subcategory_halogen-walk.remove-Cl_762,CCn1cc(C(=O)O)c(=O)c2c(N)c(F)c(N3CCC(N)C3)c(F)c21,0,authentic,authentic,,,O=c1cc[nH]c2cc(N3CCCC3)ccc12,train,352.34100000000007,1.1174000000000008,0.7132921432060929,25,49
subcategory_halogen-walk.remove-Cl_776,Nc1nc(C2CCNCC2)c2ccccc2n1,0,authentic,authentic,,,c1ccc2c(C3CCNCC3)ncnc2c1,train,228.299,1.679,0.7791232802824132,17,25
subcategory_halogen-walk.remove-Cl_1271,C[N+]1=C(c2ccccc2)N(c2ccccc2)CC1,1,halogen-walk,remove-Cl,C[N+]1=C(c2ccccc2)N(c2ccc(Cl)cc2)CC1,9 10 11 12 13 14 15,c1ccc(C2=[NH+]CCN2c2ccccc2)cc1,val,237.32599999999994,2.595700000000001,0.7276613595818601,18,32
subcategory_halogen-walk.remove-Cl_670,NC(=O)CS(=O)C(c1ccccc1)c1ccccc1.O=C(O)CC(=O)O,0,authentic,authentic,,,c1ccc(Cc2ccccc2)cc1,train,377.4180000000002,1.5556999999999996,0.6267520641717288,26,45
subcategory_halogen-walk.remove-Cl_943,C1=C(c2ccccc2)C(N2CCNCC2)=Nc2ccccc2C1,1,halogen-walk,remove-Cl,Clc1ccc(C2=CCc3ccccc3N=C2N2CCNCC2)cc1.O=C(O)/C=C/C(=O)O,1 2 3 4 5 6 7,C1=C(c2ccccc2)C(N2CCNCC2)=Nc2ccccc2C1,train,303.409,3.2615000000000016,0.875439265207669,23,37
subcategory_halogen-walk.remove-Cl_342,C[N+]1(C)C2CC(OC(=O)C(O)(c3cccs3)c3cccs3)C[C@@H]1[C@H]1O[C@@H]21,0,authentic,authentic,,,O=C(OC1CC2[NH2+][C@H](C1)[C@H]1O[C@@H]21)C(c1cccs1)c1cccs1,val,392.5220000000001,2.3457,0.492985025398511,26,64
subcategory_halogen-walk.remove-Cl_876,O=C(O)[C@H]1CN(Cc2ccccc2)CCO1,1,halogen-walk,remove-Cl,O=C(O)[C@H]1CN(Cc2ccc(Cl)cc2)CCO1,5 6 7 8 9 10 11 12,c1ccc(CN2CCOCC2)cc1,train,221.256,0.9719999999999998,0.8259926816172825,16,29
subcategory_halogen-walk.remove-Cl_1163,CCCCC(=O)N1CCN(C(c2ccccc2)c2ncc(Br)cc2CC)CC1C(=O)NCCc1c[nH]cn1,1,halogen-walk,remove-Cl,CCCCC(=O)N1CCN(C2c3ccc(Cl)cc3CCc3cc(Br)cnc32)CC1C(=O)NCCc1c[nH]cn1,10 11 12 13 14 15 16,O=C(NCCc1c[nH]cn1)C1CN(C2c3ccccc3CCc3cccnc32)CCN1,test,581.5590000000001,4.280900000000003,0.3527923849314508,38,62
subcategory_halogen-walk.remove-Cl_530,C/C(=C\c1ccc(C(=O)O)cc1)c1ccc2c(c1)C(C)(C)CCO2,0,authentic,authentic,,,C(=Cc1ccc2c(c1)CCCO2)c1ccccc1,train,322.40400000000017,5.005400000000004,0.808404666210965,24,46
subcategory_halogen-walk.remove-Cl_1115,CC(C)(CCC(=O)O)Cc1nc2cc(F)ccc2n1Cc1ccccc1,1,halogen-walk,remove-Cl,CC(C)(CCC(=O)O)Cc1nc2cc(F)ccc2n1Cc1ccc(Cl)cc1,0 1 2 3 4 5 6 7 8 9 10 11 12 13 14 15 16 17 18 20 21 22 23 24,c1ccc(Cn2cnc3ccccc32)cc1,train,354.42500000000007,4.657200000000004,0.671406742918594,26,41
subcategory_halogen-walk.remove-Cl_1579,COc1ccc2c(c1)c(CC(=O)NN1CCC[C@H]1CO)c(C)n2C(=O)c1ccccc1,1,halogen-walk,remove-Cl,COc1ccc2c(c1)c(CC(=O)NN1CCC[C@H]1CO)c(C)n2C(=O)c1ccc(Cl)cc1,0 1 2 3 4 5 6 7 8 9 10 11 12 13 14 15 16 17 18 19 20 21 22 24 25 26 27 28 29,O=C(Cc1cn(C(=O)c2ccccc2)c2ccccc12)NN1CCCC1,train,421.4970000000001,2.677220000000001,0.6394350480187764,31,55
subcategory_halogen-walk.remove-Cl_1151,CCc1nc2c(-c3ccccc3)nccc2n1C(CC)C1CC1,1,halogen-walk,remove-Cl,CCc1nc2c(-c3ccc(Cl)cc3C)nccc2n1C(CC)C1CC1,0 1 2 3 4 6 7 8 9 10 11 12 13 14 15 16 17 18 19 20 21 22,c1ccc(-c2nccc3c2ncn3CC2CC2)cc1,train,305.4250000000001,5.021800000000003,0.6622195517434966,23,36
subcategory_halogen-walk.remove-Cl_1110,O=C([O-])[C@@H](CCO)OCCN1CCN(C(c2ccccc2)c2ccccc2)CC1,1,halogen-walk,remove-Cl,O=C([O-])[C@@H](CCO)OCCN1CCN(C(c2ccccc2)c2ccc(Cl)cc2)CC1,0 1 2 3 4 5 6 7 8 9 10 11 12 13 15 16 17 18 19 20 21 22 23 24 25 26 27 28,c1ccc(C(c2ccccc2)N2CCNCC2)cc1,train,397.4950000000001,0.911100000000002,0.6423761427473634,29,52
subcategory_halogen-walk.remove-Cl_1452,CC(=O)N1CCc2c(c(-c3ccccc3)nn2CC(O)CN2CCC(n3c(=O)n(C(C)C)c4ccccc43)CC2)C1,1,halogen-walk,remove-Cl,CC(=O)N1CCc2c(c(-c3ccc(Cl)c(C)c3)nn2CC(O)CN2CCC(n3c(=O)n(C(C)C)c4ccccc43)CC2)C1,0 1 2 3 4 5 6 7 9 10 11 12 13 14 15 16 17 18 19 20 21 22 23 24 25 26 27 28 29 30 31 32 33 34 35 36 37 38 39 40,O=c1[nH]c2ccccc2n1C1CCN(CCCn2nc(-c3ccccc3)c3c2CCNC3)CC1,train,556.7110000000001,3.850000000000003,0.37370904818254147,41,72
subcategory_halogen-walk.remove-Cl_698,CN1C2CCC1CC(O)(c1cccc(OC(F)F)c1)C2,0,authentic,authentic,,,c1ccc(C2CC3CCC(C2)N3)cc1,train,283.31800000000004,2.7322000000000006,0.9255544435464733,20,34
subcategory_halogen-walk.remove-Cl_1136,COc1cccc(OC)c1C(=O)N1CCC(CCN2CCC(C(N)=O)(c3ccccc3)CC2)(c2ccccc2)C1,1,halogen-walk,remove-Cl,COc1cccc(OC)c1C(=O)N1CCC(CCN2CCC(C(N)=O)(c3ccccc3)CC2)(c2ccc(Cl)c(Cl)c2)C1,,O=C(c1ccccc1)N1CCC(CCN2CCC(c3ccccc3)CC2)(c2ccccc2)C1,train,541.6920000000002,4.396900000000003,0.4342547258826303,40,66
subcategory_halogen-walk.remove-Cl_1430,O=C(O)CC1(Cc2nc3cc(F)ccc3n2Cc2ccccc2)CC1,1,halogen-walk,remove-Cl,O=C(O)CC1(Cc2nc3cc(F)ccc3n2Cc2ccc(Cl)cc2)CC1,0 1 2 3 4 5 6 7 8 9 10 11 12 13 14 15 17 18 19 20 21 22 23 24,c1ccc(Cn2c(CC3CC3)nc3ccccc32)cc1,train,338.3820000000001,4.021100000000003,0.7383919951257767,25,40
subcategory_halogen-walk.remove-Cl_1009,CC(C)NCC(O)C(C)Oc1ccccc1,1,halogen-walk,remove-Cl,CC(C)NCC(O)C(C)Oc1ccc(Cl)c(Cl)c1,0 1 2 3 4 5 6 7 8 10 11 12 13 14,c1ccccc1,train,223.31599999999997,1.8127999999999997,0.7725812092403163,16,24
subcategory_halogen-walk.remove-Cl_1197,O=C(c1cc(Cl)cc(Cl)c1)N1CCN(C(=O)CNC2CCN(Cc3ccccc3)CC2)C(c2ccccc2)C1,1,halogen-walk,remove-Cl,O=C(c1cc(Cl)cc(Cl)c1)N1CCN(C(=O)CNC2CCN(Cc3ccccc3)CC2)C(c2ccc(Cl)c(Cl)c2)C1,0 1 2 3 4 5 6 7 8 9 10 11 12 13 14 15 16 17 18 19 20 21 22 23 24 25 26 27 28 29 30 32 33 34 35 36 37,O=C(c1ccccc1)N1CCN(C(=O)CNC2CCN(Cc3ccccc3)CC2)C(c2ccccc2)C1,train,565.5450000000003,5.273300000000005,0.42422706522379494,39,67
subcategory_halogen-walk.remove-Cl_380,CC1(C)C=C(C(=O)NCCNCc2ccc(Cl)cc2)C(C)(C)N1,0,authentic,authentic,,,O=C(NCCNCc1ccccc1)C1=CCNC1,train,335.8790000000001,2.6326,0.7004640945632763,23,42
subcategory_halogen-walk.remove-Cl_1159,CC(NC1CCCNC1)c1ccccc1N1CCN(C(=O)[C@@H](Cc2ccccc2)NC(=O)C2(N)CCc3ccccc32)CC1,1,halogen-walk,remove-Cl,CC(NC1CCCNC1)c1ccccc1N1CCN(C(=O)[C@@H](Cc2ccc(Cl)cc2)NC(=O)C2(N)CCc3ccccc32)CC1,22 23 24 25 26 27 28,O=C(N[C@H](Cc1ccccc1)C(=O)N1CCN(c2ccccc2CNC2CCCNC2)CC1)C1CCc2ccccc21,train,594.8040000000002,3.2657000000000025,0.3034914619584892,44,75
subcategory_halogen-walk.remove-Cl_588,Clc1cccc(CN=C2Nc3ccccc3NC23CNCCNC3)c1,0,authentic,authentic,,,c1ccc(CN=C2Nc3ccccc3NC23CNCCNC3)cc1,train,355.8730000000002,2.7077,0.6687176096260353,25,37
subcategory_halogen-walk.remove-Cl_100,CN(CCc1ccc2c(c1)OCO2)CC1CCCc2c(O)cccc21,0,authentic,authentic,,,c1ccc2c(c1)CCCC2CNCCc1ccc2c(c1)OCO2,test,339.435,3.7153000000000027,0.9015019441119845,25,39
subcategory_halogen-walk.remove-Cl_1295,O=C(O)C1CCc2c(c3cc4c(cc3n2C(=O)c2ccccc2)OCO4)C1,1,halogen-walk,remove-Cl,O=C(O)C1CCc2c(c3cc4c(cc3n2C(=O)c2ccc(Cl)cc2)OCO4)C1,0 1 2 3 4 5 6 7 8 9 10 11 12 13 14 16 17 18 19 20 21 22 23 24 25 26,O=C(c1ccccc1)n1c2c(c3cc4c(cc31)OCO4)CCCC2,test,363.36900000000014,3.248000000000002,0.756210093351179,27,47
subcategory_halogen-walk.remove-Cl_1563,O=C(CCc1ccccc1)NCC1CCN(CCOC(=O)c2ccccc2)CC1,1,halogen-walk,remove-Cl,COc1cc(N)c(Cl)cc1C(=O)OCCN1CCC(CNC(=O)CCc2ccccc2)CC1,0 1 2 3 4 5 6 7 8 9 10 11 12 13 14 15 16 17 18 20 21 22 23 24 25 26 27 28,O=C(CCc1ccccc1)NCC1CCN(CCOC(=O)c2ccccc2)CC1,train,394.51500000000016,3.304400000000002,0.6632149982211919,29,43
subcategory_halogen-walk.remove-Cl_445,CNC1CCN(CCCC(F)(F)F)C1=O,0,authentic,authentic,,,O=C1CCCN1,train,224.22599999999997,1.1492,0.7765098422683816,15,24
subcategory_halogen-walk.remove-Cl_687,Cn1c(N)nc2c(ncn2COCCO)c1=O,0,authentic,authentic,,,O=c1[nH]cnc2[nH]cnc12,train,239.23499999999993,-1.3214,0.6404131493975448,17,26
subcategory_halogen-walk.remove-Cl_1297,CCc1ccc(OC)c(C(O)c2cccc(C)c2)c1,1,halogen-walk,remove-Cl,CCc1ccc(OC)c(C(O)c2ccc(Cl)cc2)c1,0 1 2 3 4 5 6 7 8 10 11 12 13 14 15 16 17 18,c1ccc(Cc2ccccc2)cc1,train,256.34499999999997,3.6477200000000023,0.904474142793626,19,31
subcategory_halogen-walk.remove-Cl_1463,COc1cccc(-c2n[nH]c(-c3ccccc3)n2)c1,1,halogen-walk,remove-Cl,COc1cccc(-c2n[nH]c(-c3ccc(Cl)cc3C)n2)c1,0 1 2 3 4 5 6 7 8 9 11 12 13 14 15 16 17 18,c1ccc(-c2n[nH]c(-c3ccccc3)n2)cc1,train,251.28900000000002,3.1473000000000004,0.7775683792874232,19,34
subcategory_halogen-walk.remove-Cl_780,Cc1nccc2c1[nH]c1cc(Oc3ncc(C(F)(F)F)cc3Cl)ccc12,0,authentic,authentic,,,c1ccc(Oc2ccc3c(c2)[nH]c2cnccc23)nc1,train,377.753,5.884020000000001,0.4739827047513931,26,46
subcategory_halogen-walk.remove-Cl_944,COc1ccc([C@H]2CNC[C@@H]2C(=O)N[C@H](C)CCc2cc(Sc3ccccc3)nn(-c3ccc(OC)cc3)c2=O)cc1,1,halogen-walk,remove-Cl,COc1ccc([C@H]2CNC[C@@H]2C(=O)N[C@H](C)CCc2cc(Sc3ccc(Cl)cc3)nn(-c3ccc(OC)cc3)c2=O)cc1,,O=C(NCCCc1cc(Sc2ccccc2)nn(-c2ccccc2)c1=O)[C@H]1CNC[C@@H]1c1ccccc1,val,584.7420000000002,4.841400000000005,0.2605729675684901,42,80
subcategory_halogen-walk.remove-Cl_564,O=C(NC[C@H](C(=O)Nc1ccc(N2CCOCC2=O)cc1)N(CC(F)F)CC1CCC1)c1ccc(Cl)s1,0,authentic,authentic,,,O=C(NC[C@@H](NCC1CCC1)C(=O)Nc1ccc(N2CCOCC2=O)cc1)c1cccs1,test,555.0470000000003,3.8690000000000024,0.4399938552413044,37,67
subcategory_halogen-walk.remove-Cl_480,COc1ccc(-n2nc(C(N)=O)c3c2C(=O)N(c2ccc(C(=N)N4CCCC4)cc2)CC32CC2)c(F)c1,0,authentic,authentic,,,N=C(c1ccc(N2CC3(CC3)c3cnn(-c4ccccc4)c3C2=O)cc1)N1CCCC1,train,502.55000000000035,3.232070000000002,0.41038273161935707,37,69
subcategory_halogen-walk.remove-Cl_1075,CC(NC1CCCNC1)c1ccccc1N1CCN(C(=O)[C@@H](Cc2ccccc2)NC(=O)[C@H]2Cc3ccccc3CN2)CC1,1,halogen-walk,remove-Cl,CC(NC1CCCNC1)c1ccccc1N1CCN(C(=O)[C@@H](Cc2ccc(Cl)cc2)NC(=O)[C@H]2Cc3ccccc3CN2)CC1,,O=C(N[C@H](Cc1ccccc1)C(=O)N1CCN(c2ccccc2CNC2CCCNC2)CC1)[C@H]1Cc2ccccc2CN1,test,594.8040000000001,3.179800000000001,0.304590694378126,44,77
subcategory_halogen-walk.remove-Cl_535,CCCc1nc(CC)c(C(=O)O)n1Cc1ccc(-c2ccccc2-n2cnnn2)cc1,0,authentic,authentic,,,c1ccc(-n2cnnn2)c(-c2ccc(Cn3ccnc3)cc2)c1,train,416.48500000000007,3.787200000000002,0.46921003819672763,31,50
subcategory_halogen-walk.remove-Cl_435,CC(C)[C@H](NC(=O)Oc1ccccc1)C(=O)N1CCC[C@H]1C(=O)N[C@H](C(=O)C(F)(F)C(=O)NCc1ccccn1)C(C)C,0,authentic,authentic,,,O=C(CNC(=O)[C@@H]1CCCN1C(=O)CNC(=O)Oc1ccccc1)CC(=O)NCc1ccccn1,train,601.6510000000002,2.847200000000001,0.3172128949181219,43,88
subcategory_halogen-walk.remove-Cl_160,COC(C)c1ccc2oc3ccc(C(=O)O)cc3c(=O)c2c1,0,authentic,authentic,,,O=c1c2ccccc2oc2ccccc12,test,298.29400000000004,3.3518000000000017,0.7502557193576421,22,38
subcategory_halogen-walk.remove-Cl_1471,Oc1ncn(Cc2ccccc2)c2ncnc1-2,1,halogen-walk,remove-Cl,Oc1ncn(Cc2ccc(Cl)c(Cl)c2)c2ncnc1-2,0 1 2 3 4 6 7 8 9 10 11 12 13 14 15 16,c1ccc(Cn2cncc3ncnc2-3)cc1,train,226.239,1.5317999999999998,0.7193627078427635,17,26
subcategory_halogen-walk.remove-Cl_639,NS(=O)(=O)c1cc(C(=O)NN2Cc3ccccc3C2C(=O)O)ccc1Cl,0,authentic,authentic,,,O=C(NN1Cc2ccccc2C1)c1ccccc1,train,395.82400000000007,1.2736999999999996,0.7143719429149268,26,47
subcategory_halogen-walk.remove-Cl_1036,O=C(O)C1CCc2c(c3cc(OCc4ccccn4)ccc3n2C(=O)c2ccccc2)C1,1,halogen-walk,remove-Cl,O=C(O)C1CCc2c(c3cc(OCc4ccccn4)ccc3n2C(=O)c2ccc(Cl)cc2)C1,0 1 2 3 4 5 6 7 8 9 10 11 12 13 14 15 16 17 18 19 20 21 22 24 25 26 27 28 29 30 31,O=C(c1ccccc1)n1c2c(c3cc(OCc4ccccn4)ccc31)CCCC2,test,426.4720000000002,4.493300000000004,0.5084174166267004,32,52
subcategory_halogen-walk.remove-Cl_240,COc1ccc(C2(O)CCN(C(c3ccccc3)c3ccccc3)CC2)cc1,0,authentic,authentic,,,c1ccc(C2CCN(C(c3ccccc3)c3ccccc3)CC2)cc1,test,373.4960000000001,4.768200000000004,0.6993160786022888,28,44
subcategory_halogen-walk.remove-Cl_50,Cc1[nH]c(-c2ccc(F)cc2)cc1C(=O)N1CCCC1,0,authentic,authentic,,,O=C(c1c[nH]c(-c2ccccc2)c1)N1CCCC1,train,272.32300000000004,3.3652200000000017,0.8936626130383926,20,37
subcategory_halogen-walk.remove-Cl_852,[2H]C([2H])(OCC(=O)O)C([2H])([2H])N1CCN(C(c2ccccc2)c2ccccc2)CC1,1,halogen-walk,remove-Cl,[2H]C([2H])(OCC(=O)O)C([2H])([2H])N1CCN(C(c2ccccc2)c2ccc(Cl)cc2)CC1,0 1 2 3 4 5 6 7 8 9 10 11 12 13 14 16 17 18 19 20 21 22 23 24 25 26 27 28 29,c1ccc(C(c2ccccc2)N2CCNCC2)cc1,train,358.4744071120001,2.4948000000000006,0.7857343727793069,26,63
subcategory_halogen-walk.remove-Cl_642,N=C(N)c1ccc(N2CCCN(c3ccc(C(=N)N)cc3)CC2)cc1,0,authentic,authentic,,,c1ccc(N2CCCN(c3ccccc3)CC2)cc1,val,336.4430000000001,1.9714399999999999,0.5057071740007775,25,43
subcategory_halogen-walk.remove-Cl_743,CCCCCCCCC1(c2ccccc2)NC(=O)NC1=O,0,authentic,authentic,,,O=C1NC(=O)C(c2ccccc2)N1,train,288.3910000000001,3.4719000000000007,0.5681775716820566,21,31
subcategory_halogen-walk.remove-Cl_552,CCCCc1ccc(Nc2nc3ncnc-3c[nH]2)cc1,0,authentic,authentic,,,c1ccc(Nc2nc3ncnc-3c[nH]2)cc1,val,267.336,3.3907000000000007,0.7432629719859194,20,32
subcategory_halogen-walk.remove-Cl_1007,NCCC(=O)N[C@H](Cc1ccccc1)C(=O)N1CCN(C2(CNCc3ccc(C(F)(F)F)cc3)CCCCC2)CC1,1,halogen-walk,remove-Cl,NCCC(=O)N[C@H](Cc1ccc(Cl)cc1Cl)C(=O)N1CCN(C2(CNCc3ccc(C(F)(F)F)cc3)CCCCC2)CC1,0 1 2 3 4 5 6 8 9 10 11 12 13 14 15 16 17 18 19 20 21 22 23 24 25 26 27 28 29 30 31 32 33 34 35 36 37 38 39 40,O=C(CCc1ccccc1)N1CCN(C2(CNCc3ccccc3)CCCCC2)CC1,val,573.704,3.7184000000000044,0.38144837474567594,41,71
subcategory_halogen-walk.remove-Cl_1137,O=C(O)CN1CCN(C(c2ccccc2)c2ccccc2)CC1,1,halogen-walk,remove-Cl,Cl.O=C(O)CN1CCN([C@@H](c2ccccc2)c2ccc(Cl)cc2)CC1,0 1 2 3 4 5 6 7 9 10 11 12 13 14 15 16 17 18 19 20 21 22,c1ccc(C(c2ccccc2)N2CCNCC2)cc1,train,310.3970000000001,2.4782,0.9212715707519089,23,36
subcategory_halogen-walk.remove-Cl_183,O=C1Nc2ccc(F)c(F)c2C(C#Cc2cccnc2)(C(F)(F)F)O1,0,authentic,authentic,,,O=C1Nc2ccccc2C(C#Cc2cccnc2)O1,test,354.234,3.7312000000000003,0.5793928862382087,25,45
subcategory_halogen-walk.remove-Cl_1241,CN1CC=C(c2c(O)cc(O)c3c(=O)cc(-c4ccccc4)oc23)CC1,1,halogen-walk,remove-Cl,CN1CC=C(c2c(O)cc(O)c3c(=O)cc(-c4cccc(Cl)c4)oc23)CC1,0 1 2 3 4 5 6 7 8 9 10 11 12 13 14 16 17 18 19 20 21 22 23 24 25,O=c1cc(-c2ccccc2)oc2c(C3=CCNCC3)cccc12,train,349.38600000000014,3.5901000000000023,0.7395339021650589,26,47
subcategory_halogen-walk.remove-Cl_636,CC1CCCN(CCC(C)N(C)S(=O)(=O)c2cccc3ccccc23)C1,0,authentic,authentic,,,O=S(=O)(NCCCN1CCCCC1)c1cccc2ccccc12,test,374.5500000000001,3.970800000000003,0.7680592384473611,26,44
subcategory_halogen-walk.remove-Cl_723,CNCC[C@H](Oc1ccc(C(F)(F)F)cc1)[C@@H]1C=CC=CC1.Cl,0,authentic,authentic,,,C1=CC[C@H](COc2ccccc2)C=C1,train,347.80799999999994,4.616400000000005,0.810595538357763,23,48
subcategory_halogen-walk.remove-Cl_975,CN(C)C/C=C(/c1ccccc1)c1cccnc1,1,halogen-walk,remove-Cl,CN(C)C/C=C(/c1ccc(Cl)cc1)c1cccnc1,0 1 2 3 4 6 7 8 9 10 11 12 13 14 15 16 17,C=C(c1ccccc1)c1cccnc1,train,238.334,3.0749000000000013,0.8134565856353081,18,29
subcategory_halogen-walk.remove-Cl_994,CCOC(=O)c1c(C)n(-c2ccccc2)c2cc(OC)ccc12,1,halogen-walk,remove-Cl,CCOC(=O)c1c(C)n(-c2ccc(Cl)cc2)c2cc(OC)ccc12,0 1 2 3 4 5 6 7 9 10 11 12 13 14 15 16 17 18 19 20 21 22,c1ccc(-n2ccc3ccccc32)cc1,train,309.36500000000007,4.124220000000003,0.6805368754632678,23,39
subcategory_halogen-walk.remove-Cl_783,O=C1CC(NC(=O)c2ccc(C(F)(F)C(F)(F)F)cc2Oc2ccc(F)cc2)CCN1,0,authentic,authentic,,,O=C1CC(NC(=O)c2ccccc2Oc2ccccc2)CCN1,train,446.34700000000015,4.280500000000003,0.6742623573508189,31,55
subcategory_halogen-walk.remove-Cl_737,COc1ccc2c(c1)c(CC(=O)OCc1ccccc1F)c(C)n2C(=O)c1ccc(Cl)cc1,0,authentic,authentic,,,O=C(Cc1cn(C(=O)c2ccccc2)c2ccccc12)OCc1ccccc1,train,465.90800000000013,5.725220000000005,0.34136084621559487,33,56
subcategory_halogen-walk.remove-Cl_1027,C=C(c1ccc(Cl)cc1OCc1ccccc1)n1ccnc1,1,halogen-walk,remove-Cl,C=C(c1ccc(Cl)cc1OCc1ccc(Cl)cc1)n1ccnc1,0 1 2 3 4 5 6 7 8 9 11 12 13 14 15 16 17 18 19 20 21,C=C(c1ccccc1OCc1ccccc1)n1ccnc1,train,310.784,4.634500000000004,0.6864767745972209,22,34
subcategory_halogen-walk.remove-Cl_901,C[C@@H](NC(C)(C)COC(=O)c1ccccc1)C(=O)c1cccc(Cl)c1,1,halogen-walk,remove-Cl,C[C@@H](NC(C)(C)COC(=O)c1cc(S(N)(=O)=O)c(Cl)cc1NCc1ccco1)C(=O)c1cccc(Cl)c1,,O=C(CNCCOC(=O)c1ccccc1NCc1ccco1)c1ccccc1,train,359.85300000000007,4.136400000000004,0.5960334275682723,25,49
subcategory_halogen-walk.remove-Cl_1577,C[C@@H](COc1ccccc1)NS(=O)(=O)c1ccc(-c2ccc(C(F)(F)F)cc2)cc1,1,halogen-walk,remove-Cl,C[C@@H](COc1ccc(Cl)cc1C(N)=O)NS(=O)(=O)c1ccc(-c2ccc(C(F)(F)F)cc2)cc1,0 1 2 4 5 6 7 8 9 10 11 12 13 14 15 16 17 18 19 20 21 22 23 24 25 26 27 28 29,O=S(=O)(NCCOc1ccccc1)c1ccc(-c2ccccc2)cc1,val,435.4670000000001,5.118200000000004,0.5606380875435618,30,58
subcategory_halogen-walk.remove-Cl_360,CC[C@H](C)[C@@H]1NCCCc2ccccc2/C=C\CNC(=O)[C@@H](Cc2ccccc2)NC(=O)[C@@H](C)N(C)C1=O,0,authentic,authentic,,,O=C1CNCCCc2ccccc2/C=C\CNC(=O)[C@@H](Cc2ccccc2)NC(=O)CN1,train,518.7020000000002,3.3409000000000013,0.5792011346178236,38,81
subcategory_halogen-walk.remove-Cl_413,Cc1ccc(OCC(O)CNCCOc2ccccc2)cc1,0,authentic,authentic,,,c1ccc(OCCCNCCOc2ccccc2)cc1,train,301.38599999999997,2.40332,0.6984129888546226,22,30
subcategory_halogen-walk.remove-Cl_1438,CN(C)[C@@H]1CCCC[C@H]1N(C)C(=O)Cc1ccccc1,1,halogen-walk,remove-Cl,CN(C)[C@@H]1CCCC[C@H]1N(C)C(=O)Cc1ccc(Cl)c(Cl)c1,0 1 2 3 4 5 6 7 8 9 10 11 12 14 15 16 17 18,O=C(Cc1ccccc1)NC1CCCCC1,train,274.40799999999996,2.5603,0.8422319533793267,20,40
subcategory_halogen-walk.remove-Cl_1181,c1ccc(C2=Nc3ccccc3CN2N2CCN(c3ccccc3)CC2)cc1,1,halogen-walk,remove-Cl,Clc1ccc(N2CCN(N3Cc4ccccc4N=C3c3ccccc3)CC2)cc1,0 1 2 3 4 5 6 7 8 9 10 11 12 13 14 15 16 18 19 20 21 22 23 24 25 26 27,c1ccc(C2=Nc3ccccc3CN2N2CCN(c3ccccc3)CC2)cc1,train,368.48400000000004,4.317700000000003,0.6874309163412363,28,43
subcategory_halogen-walk.remove-Cl_914,CN(CCc1ccccc1)CCN1CCCC1,1,halogen-walk,remove-Cl,CN(CCc1ccc(Cl)c(Cl)c1)CCN1CCCC1,0 1 2 4 5 6 7 8 9 10 11 12 13 14 15 16,c1ccc(CCNCCN2CCCC2)cc1,train,232.3709999999999,2.2567000000000004,0.74209558980842,17,23
subcategory_halogen-walk.remove-Cl_449,COc1cc(/C=C/CO)ccc1OCC(O)CNC(C)C,0,authentic,authentic,,,c1ccccc1,train,295.379,1.4384,0.6428674025186277,21,32
subcategory_halogen-walk.remove-Cl_610,CC(c1nncs1)C(O)(Cn1cncn1)c1ccccc1F,0,authentic,authentic,,,c1ccc(C(Cc2nncs2)Cn2cncn2)cc1,train,319.365,1.9601999999999997,0.7777389865225115,22,34
subcategory_halogen-walk.remove-Cl_701,COc1ccccc1C(=O)NS(=O)(=O)c1ccc(C(=O)NC2CC2)c(Cl)c1,0,authentic,authentic,,,O=C(NC1CC1)c1ccc(S(=O)(=O)NC(=O)c2ccccc2)cc1,test,408.86300000000017,2.3595000000000006,0.7635398137761893,27,50
subcategory_halogen-walk.remove-Cl_1262,COc1ccc2c(c1)c(CC(=O)NS(C)(=O)=O)cn2C(=O)c1ccccc1,1,halogen-walk,remove-Cl,COc1ccc2c(c1)c(CC(=O)NS(C)(=O)=O)cn2C(=O)c1ccc(Cl)cc1,19 21 22 23 24 25 26,O=C(c1ccccc1)n1ccc2ccccc21,train,386.4290000000001,1.9566999999999999,0.7233257656188552,27,49
subcategory_halogen-walk.remove-Cl_553,COc1ccc2c3c1O[C@H]1C[C@@H](O)C=C[C@@]31CCN(C)OC2,0,authentic,authentic,,,C1=C[C@@]23CCNOCc4cccc(c42)O[C@H]3CC1,train,303.35800000000006,1.7819,0.8015985389376701,22,48
subcategory_halogen-walk.remove-Cl_1002,O=C1c2[nH]cnc2N(Cc2ccccc2)C2=NCCN12,1,halogen-walk,remove-Cl,O=C1c2[nH]cnc2N(Cc2ccc(Cl)c(Cl)c2)C2=NCCN12,0 1 2 3 4 5 6 7 9 10 11 12 13 14 15 16 17 18 19,O=C1c2[nH]cnc2N(Cc2ccccc2)C2=NCCN12,train,267.292,1.2417,0.8900360596547361,20,35
subcategory_halogen-walk.remove-Cl_7,O=S1(=O)NC2(CCCC2)Nc2cc(Cl)ccc21,0,authentic,authentic,,,O=S1(=O)NC2(CCCC2)Nc2ccccc21,val,272.757,2.3141,0.7619829917346385,17,32
subcategory_halogen-walk.remove-Cl_816,CCc1cc(Br)cnc1C(c1ccccc1)N1CCN(C(=O)C2CCCC2)C(C(=O)NCc2cccnc2)C1,1,halogen-walk,remove-Cl,O=C(NCc1cccnc1)C1CN(C2c3ccc(Cl)cc3CCc3cc(Br)cnc32)CCN1C(=O)C1CCCC1,0 1 2 3 4 5 6 7 8 10 11 12 13 14 15 16 17 18 19 20 21 22 23 24 25 26 27 28 29 30 31 32 33 34 35 36 37,O=C(NCc1cccnc1)C1CN(C2c3ccccc3CCc3cccnc32)CCN1C(=O)C1CCCC1,train,590.5660000000004,4.910300000000004,0.40368534386753374,39,64
subcategory_halogen-walk.remove-Cl_170,CCN1C(C(=O)N[C@@H](Cc2ccccc2)C(=O)C(=O)NCCCN2CCOCC2)Cc2cc3c(cc2S1(=O)=O)OCCO3,0,authentic,authentic,,,O=C(NCCCN1CCOCC1)C(=O)[C@H](Cc1ccccc1)NC(=O)C1Cc2cc3c(cc2S(=O)(=O)N1)OCCO3,val,614.7210000000005,0.5282000000000024,0.27369482758559593,43,77
subcategory_halogen-walk.remove-Cl_1332,COc1cc(C(=O)N2CCN(C(=O)CNC3CCN(Cc4ccccc4)CC3)C(c3ccccc3)C2)cc(OC)c1OC,1,halogen-walk,remove-Cl,COc1cc(C(=O)N2CCN(C(=O)CNC3CCN(Cc4ccccc4)CC3)C(c3ccc(Cl)c(Cl)c3)C2)cc(OC)c1OC,28 29 30 31 32 33 34,O=C(c1ccccc1)N1CCN(C(=O)CNC2CCN(Cc3ccccc3)CC2)C(c2ccccc2)C1,train,586.7330000000002,3.9923000000000037,0.3847654538133309,43,69
subcategory_halogen-walk.remove-Cl_1545,COc1ccc2c(C(=O)c3ccccc3)c(C)n(CC(=O)O)c2c1,1,halogen-walk,remove-Cl,COc1ccc2c(C(=O)c3ccc(Cl)cc3)c(C)n(CC(=O)O)c2c1,0 1 2 3 4 5 6 8 9 10 11 12 13 14 15 16 17 18 19 20 21 22 23,O=C(c1ccccc1)c1c[nH]c2ccccc12,val,323.34800000000007,3.2739200000000004,0.7317307047846915,24,42
subcategory_halogen-walk.remove-Cl_953,CN1CC[C@H](c2ccccc2)[C@@H](C(=O)NCCCCCCCNC(=O)[C@H]2CN(C)CC[C@@H]2c2ccc(Cl)cc2)C1,1,halogen-walk,remove-Cl,CN1CC[C@H](c2ccc(Cl)cc2)[C@@H](C(=O)NCCCCCCCNC(=O)[C@H]2CN(C)CC[C@@H]2c2ccc(Cl)cc2)C1,4 5 6 7 8 9 10,O=C(NCCCCCCCNC(=O)[C@H]1CNCC[C@@H]1c1ccccc1)[C@H]1CNCC[C@@H]1c1ccccc1,train,567.2180000000003,5.293700000000005,0.3425062810609769,40,81
subcategory_halogen-walk.remove-Cl_917,CCCCC(=O)N1CCN(Cc2ncc(Br)cc2CCc2ccccc2)CC1C(=O)NCc1cccnc1,1,halogen-walk,remove-Cl,CCCCC(=O)N1CCN(C2c3ccc(Cl)cc3CCc3cc(Br)cnc32)CC1C(=O)NCc1cccnc1,0 1 2 3 4 5 6 7 8 9 10 11 12 13 14 15 16 17 18 20 21 22 23 24 25 26 27 28 29 30 31 32 33 34 35 36 37,O=C(NCc1cccnc1)C1CN(C2c3ccccc3CCc3cccnc32)CCN1,train,578.5550000000003,4.543700000000004,0.3616469452774792,38,57
subcategory_halogen-walk.remove-Cl_1475,CN(C)C(=O)c1cccc(/C=C/C(=O)NCC(=O)N(C)c2ccccc2)c1,1,halogen-walk,remove-Cl,Cc1ccc2cccc(OCc3c(Cl)ccc(N(C)C(=O)CNC(=O)/C=C/c4cccc(C(=O)N(C)C)c4)c3Cl)c2n1,18 20 21 22 23 24 25,O=C(/C=C/c1ccccc1)NCC(=O)Nc1cccc(COc2cccc3cccnc23)c1,val,365.43300000000005,2.1807999999999996,0.7979792166206345,27,49
subcategory_halogen-walk.remove-Cl_981,NS(=O)(=O)C(NC(=O)c1ccccc1)(c1ccccc1)C1CCNCC1,1,halogen-walk,remove-Cl,COc1ccc(Cl)cc1C(=O)NC(c1ccccc1)(C1CCNCC1)S(N)(=O)=O,0 1 2 3 4 5 7 8 9 10 11 12 13 14 15 16 17 18 19 20 21 22 23 24 25,O=C(NC(c1ccccc1)C1CCNCC1)c1ccccc1,train,373.4780000000002,1.5574999999999999,0.7401369813548153,26,45
subcategory_halogen-walk.remove-Cl_300,CCOC(=O)CCN1CC[C@H](c2ccc(F)cc2)[C@@H](COc2ccc3c(c2)OCO3)C1.O=C(O)C(=O)O,0,authentic,authentic,,,c1ccc([C@H]2CCNC[C@@H]2COc2ccc3c(c2)OCO3)cc1,test,519.5220000000004,3.1477000000000004,0.3959651702425918,37,72
subcategory_halogen-walk.remove-Cl_1557,CCCN(CCC)C1CCCC1N(C(=O)CC)c1ccccc1,1,halogen-walk,remove-Cl,CCCN(CCC)C1CCCC1N(C(=O)CC)c1ccc(Cl)c(Cl)c1,0 1 2 3 4 5 6 7 8 9 10 11 13 14 15 16 17 18 19 20 21,c1ccc(NC2CCCC2)cc1,train,316.489,4.472700000000004,0.7060895954606534,23,34
subcategory_halogen-walk.remove-Cl_96,CC(C)c1ccc(C2C=C(c3ccccc3)Nc3ncnn32)cc1,0,authentic,authentic,,,C1=C(c2ccccc2)Nc2ncnn2C1c1ccccc1,val,316.408,4.457500000000004,0.775641951068498,24,39
subcategory_halogen-walk.remove-Cl_1532,COc1ccc2c(c1)c(CC(=O)N[C@@H](CCC(=O)O)C(=O)O)c(C)n2C(=O)c1ccccc1,1,halogen-walk,remove-Cl,COc1ccc2c(c1)c(CC(=O)N[C@@H](CCC(=O)O)C(=O)O)c(C)n2C(=O)c1ccc(Cl)cc1,,O=C(c1ccccc1)n1ccc2ccccc21,train,452.46300000000014,2.62352,0.4541435304707503,33,64
subcategory_halogen-walk.remove-Cl_20,COc1cccc2c1OC1C3C=CC4(CC3)CN(Cc3ccccc3)CCC214,0,authentic,authentic,,,C1=CC23CCC1C1Oc4ccccc4C12CCN(Cc1ccccc1)C3,train,373.49600000000015,4.566100000000004,0.7360830159853251,28,45
subcategory_halogen-walk.remove-Cl_1457,CC(N)C(=O)OC(C)(C)Cc1ccccc1,1,halogen-walk,remove-Cl,CC(N)C(=O)OC(C)(C)Cc1ccc(Cl)cc1,0 1 2 3 4 5 6 7 8 10 11 12 13 14,c1ccccc1,train,221.29999999999998,1.8981,0.7899420122000624,16,27
subcategory_halogen-walk.remove-Cl_1031,COc1ccc2c(c1)c(CC(=O)Nc1ccc(C(F)(F)F)cc1)c(C)n2C(=O)c1ccccc1,1,halogen-walk,remove-Cl,COc1ccc2c(c1)c(CC(=O)Nc1ccc(C(F)(F)F)cc1)c(C)n2C(=O)c1ccc(Cl)cc1,0 1 2 3 4 5 6 7 8 9 10 11 12 13 14 15 16 17 18 19 20 21 22 23 24 25 27 28 29 30 31 32,O=C(Cc1cn(C(=O)c2ccccc2)c2ccccc12)Nc1ccccc1,train,466.4590000000001,5.846820000000005,0.4016495698232238,34,60
subcategory_halogen-walk.remove-Cl_613,CCCC(N)C1(CC(=O)O)CCCCC1.Cl,0,authentic,authentic,,,C1CCCCC1,train,249.78199999999995,2.960800000000002,0.7875047729772299,16,27
subcategory_halogen-walk.remove-Cl_1285,O=C(O)COCC(=O)N1CCN(Cc2ccccc2-c2ccccc2)CC1,1,halogen-walk,remove-Cl,O=C(O)COCC(=O)N1CCN(Cc2ccccc2-c2ccc(Cl)cc2)CC1,0 1 2 3 4 5 6 7 8 9 10 11 12 13 14 15 16 17 19 20 21 22 23 24 25 26,c1ccc(-c2ccccc2CN2CCNCC2)cc1,train,368.4330000000001,2.0990000000000006,0.8104915821500953,27,42
subcategory_halogen-walk.remove-Cl_673,CCOC(=O)C(CCc1ccc(F)cc1)NC(C)C(=O)N1C(C(=O)O)CC2CCCC21,0,authentic,authentic,,,O=C(CNCCCc1ccccc1)N1CCC2CCCC21,train,434.5080000000003,2.5222999999999995,0.5801296989626711,31,54
subcategory_halogen-walk.remove-Cl_26,C=C(C(C)=NNc1nncc2ccccc12)C1CCCCC1,0,authentic,authentic,,,C=C(C=NNc1nncc2ccccc12)C1CCCCC1,train,294.4020000000001,4.554100000000004,0.664292744459167,22,34
subcategory_halogen-walk.remove-Cl_1497,CCC(=O)N(CCCN1CCN(c2cccc(OC)c2)CC1)c1ccccc1,1,halogen-walk,remove-Cl,COc1cccc(N2CCN(CCCN3C(=O)CCc4c(Cl)cccc43)CC2)c1,4 22 23 24 25 26 27,O=C1CCc2ccccc2N1CCCN1CCN(c2ccccc2)CC1,train,381.52000000000015,3.6505000000000027,0.6993096949542644,28,43
subcategory_halogen-walk.remove-Cl_599,CCN(CC)CCOc1ccccc1/C=C(\C#N)c1noc2ccc(Cl)cc12,0,authentic,authentic,,,C(=Cc1noc2ccccc12)c1ccccc1,train,395.89000000000016,5.265980000000004,0.4862238068574964,28,45
subcategory_halogen-walk.remove-Cl_274,CS(=O)(=O)c1ccc(C2=C(c3ccccc3)C(=O)CC2)cc1,0,authentic,authentic,,,O=C1CCC(c2ccccc2)=C1c1ccccc1,val,312.3900000000001,3.363800000000002,0.8729318607505121,22,42
subcategory_halogen-walk.remove-Cl_47,COc1cc(O)c2c(c1)[C@@H](O)[C@H](C[C@H](C)O)[C@@H](C)C2=O,0,authentic,authentic,,,O=C1CCCc2ccccc21,train,280.32000000000005,1.6537,0.7834330592350641,20,55
subcategory_halogen-walk.remove-Cl_1209,COc1ccc2c(CC(=O)O)c(C)n(C(=O)c3ccccc3)c2c1,1,halogen-walk,remove-Cl,COc1ccc2c(CC(=O)O)c(C)n(C(=O)c3ccc(Cl)cc3)c2c1,0 1 2 3 4 5 6 7 8 9 10 11 12 13 15 16 17 18 19 20 21 22 23,O=C(c1ccccc1)n1ccc2ccccc21,train,323.348,3.2739200000000013,0.7998699475784065,24,42
subcategory_halogen-walk.remove-Cl_774,CCc1nc2c(n1Cc1ccc(-c3ccccc3-c3nn[nH]n3)cc1)C(=O)CCCC2,0,authentic,authentic,,,O=C1CCCCc2ncn(Cc3ccc(-c4ccccc4-c4nn[nH]n4)cc3)c21,train,412.49700000000024,4.250000000000003,0.49509160164960736,31,53
subcategory_halogen-walk.remove-Cl_40,Cc1ccc(C(c2sncc2C)N2CCN(C)CC2)cc1C,0,authentic,authentic,,,c1ccc(C(c2ccns2)N2CCNCC2)cc1,val,315.4860000000001,3.405160000000002,0.8651521254235498,22,34
subcategory_halogen-walk.remove-Cl_1132,CS(=O)(=O)N1CC2(CCN(C(=O)[C@H](CSCc3ccccc3)NCc3ccccc3)CC2)c2ccccc21,1,halogen-walk,remove-Cl,CS(=O)(=O)N1CC2(CCN(C(=O)[C@H](CSCc3ccc(Cl)c(Cl)c3)NCc3ccccc3)CC2)c2ccccc21,0 1 2 3 4 5 6 7 8 9 10 11 12 13 14 16 17 18 19 20 21 22 23 24 25 26 27 28 29 30 31 32 33 34 35 36 37,O=C([C@H](CSCc1ccccc1)NCc1ccccc1)N1CCC2(CC1)CNc1ccccc12,train,549.7620000000003,4.418200000000003,0.4281046171948435,38,67
subcategory_halogen-walk.remove-Cl_1182,COc1ccc2c(c1)c(CC(=O)Nc1ccc(SC)cc1)c(C)n2C(=O)c1ccccc1,1,halogen-walk,remove-Cl,COc1ccc2c(c1)c(CC(=O)Nc1ccc(SC)cc1)c(C)n2C(=O)c1ccc(Cl)cc1,0 1 2 3 4 5 6 7 8 9 10 11 12 13 14 15 16 17 18 19 20 21 22 23 25 26 27 28 29 30,O=C(Cc1cn(C(=O)c2ccccc2)c2ccccc12)Nc1ccccc1,train,444.55600000000015,5.549920000000005,0.396235676139718,32,54
subcategory_halogen-walk.remove-Cl_104,O=C(CC1CC=CCCCCC(=O)OCC2CCCN2C1=O)NC(CO)Cc1ccccc1,0,authentic,authentic,,,O=C(CC1CC=CCCCCC(=O)OCC2CCCN2C1=O)NCCc1ccccc1,test,456.58300000000014,2.7670000000000003,0.5069568194144797,33,49
subcategory_halogen-walk.remove-Cl_602,CCCN(CCC)C1CCc2cccc(OC)c2C1,0,authentic,authentic,,,c1ccc2c(c1)CCCC2,train,261.409,3.6745000000000028,0.7743731542716096,19,27
subcategory_halogen-walk.remove-Cl_1140,O=C(c1ccccc1)c1ccc(OC2CN3CCC2CC3)cc1,1,halogen-walk,remove-Cl,O=C(c1ccc(Cl)cc1)c1ccc(OC2CN3CCC2CC3)cc1,1 2 3 4 5 6 7,O=C(c1ccccc1)c1ccc(OC2CN3CCC2CC3)cc1,train,307.39300000000003,3.390600000000002,0.8109762636800317,23,36
subcategory_halogen-walk.remove-Cl_198,NO.OCCOCCN1CCN(C2=Nc3ccccc3Sc3ccccc32)CC1,0,authentic,authentic,,,c1ccc2c(c1)N=C(N1CCNCC1)c1ccccc1S2,train,416.5470000000002,2.1903000000000006,0.5080040238120648,29,41
subcategory_halogen-walk.remove-Cl_1035,COc1cc(C(=O)N2CCO[C@@](CCN3CCC4(CC3)c3ccccc3C[C@@H]4O)(c3ccccc3)C2)cc(OC)c1OC,1,halogen-walk,remove-Cl,COc1cc(C(=O)N2CCO[C@@](CCN3CCC4(CC3)c3ccccc3C[C@@H]4O)(c3ccc(Cl)c(Cl)c3)C2)cc(OC)c1OC,11 29 30 31 32 33 34,O=C(c1ccccc1)N1CCO[C@@](CCN2CCC3(CCc4ccccc43)CC2)(c2ccccc2)C1,test,586.7290000000002,4.421200000000004,0.41869480662486447,43,77
subcategory_halogen-walk.remove-Cl_846,Clc1ncnnc1-c1ccccc1,1,halogen-walk,remove-Cl,Clc1ccc(-c2nncnc2Cl)cc1Cl,0 1 2 3 4 5 7 8 9 10 11,c1ccc(-c2cncnn2)cc1,train,191.62100000000004,2.192,0.6937831433945069,13,19
subcategory_halogen-walk.remove-Cl_1126,CCCn1c(=O)c2nc(-c3cccc(C)c3)[nH]c2n(CCC)c1=O,1,halogen-walk,remove-Cl,CCCn1c(=O)c2nc(-c3ccc(Cl)cc3N)[nH]c2n(CCC)c1=O,0 1 2 3 4 5 6 7 9 10 11 12 13 14 15 16 17 18 19 20 21 22 23,O=c1[nH]c(=O)c2nc(-c3ccccc3)[nH]c2[nH]1,train,326.40000000000015,2.6817200000000003,0.783256636392909,24,44
subcategory_halogen-walk.remove-Cl_455,COc1ccc2c(c1)c(CC(N)=O)c(C)n2C(=O)c1ccccc1,0,authentic,authentic,,,O=C(c1ccccc1)n1ccc2ccccc21,train,322.364,2.674620000000001,0.8022603769567309,24,42
subcategory_halogen-walk.remove-Cl_806,O=C1N(Cl)C(=O)C(c2ccccc2)(c2ccc(Cl)cc2)N1Cl,1,halogen-walk,remove-Cl,O=C1N(Cl)C(=O)C(c2ccc(Cl)cc2)(c2ccc(Cl)cc2)N1Cl,6 7 8 9 10 11 12,O=C1NC(=O)C(c2ccccc2)(c2ccccc2)N1,train,355.60800000000006,4.155400000000002,0.599452331559889,22,43
subcategory_halogen-walk.remove-Cl_287,O=[N+]([O-])c1cccc2nccc(NCC(O)CO)c12,0,authentic,authentic,,,c1ccc2ncccc2c1,train,263.253,0.9080999999999999,0.5461761778299162,19,36
subcategory_halogen-walk.remove-Cl_29,COc1ccccc1-c1[nH]c(-c2ccc([S+](C)[O-])cc2)nc1-c1ccncc1,0,authentic,authentic,,,c1ccc(-c2nc(-c3ccncc3)c(-c3ccccc3)[nH]2)cc1,train,389.4800000000001,4.551700000000003,0.5082210963677104,28,54
subcategory_halogen-walk.remove-Cl_1551,CN(Cc1coc2nc(N)nc(N)c12)c1ccccc1,1,halogen-walk,remove-Cl,CN(Cc1coc2nc(N)nc(N)c12)c1ccc(Cl)c(Cl)c1,0 2 3 4 5 6 7 8 9 10 11 12 13 14 15 16 17 18,c1ccc(NCc2coc3ncncc23)cc1,train,269.308,2.0236,0.7550909763248863,20,32
subcategory_halogen-walk.remove-Cl_934,Cc1cccc(C[C@@H](NC(=O)CCN)C(=O)N2CCN(C3(CNC(=O)c4ccc(OC(F)(F)F)cc4)CCCCC3)CC2)c1,1,halogen-walk,remove-Cl,NCCC(=O)N[C@H](Cc1ccc(Cl)cc1Cl)C(=O)N1CCN(C2(CNC(=O)c3ccc(OC(F)(F)F)cc3)CCCCC2)CC1,0 1 2 3 4 5 6 43,O=C(NCC1(N2CCN(C(=O)CCc3ccccc3)CC2)CCCCC1)c1ccccc1,train,617.7129999999997,3.546820000000003,0.35536991672106616,44,80
subcategory_halogen-walk.remove-Cl_676,CCC1(c2ccccc2)C(=O)NC(=O)NC1=O.O=C1NC(=O)C(c2ccccc2)(c2ccccc2)N1,0,authentic,authentic,,,O=C1NC(=O)C(c2ccccc2)(c2ccccc2)N1.O=C1NC(=O)C(c2ccccc2)C(=O)N1,val,484.5120000000001,2.4699999999999998,0.33353871100943483,36,64
subcategory_halogen-walk.remove-Cl_788,Cc1cc(-c2ccccc2)c2c(-c3ccc(F)cc3)c(C=CC(O)CC(=O)CC(=O)O)c(C(C)C)nn12,0,authentic,authentic,,,c1ccc(-c2ccnn3ccc(-c4ccccc4)c23)cc1,val,500.5700000000003,6.047220000000006,0.2731850866358375,37,68
subcategory_halogen-walk.remove-Cl_1119,CC(C)[C@H]1OC(=O)O[C@]1(Cn1cncn1)c1ccccc1,1,halogen-walk,remove-Cl,CC(C)[C@H]1OC(=O)O[C@]1(Cn1cncn1)c1ccc(Cl)cc1Cl,8 15 16 17 18 19 20,O=C1OC[C@@](Cn2cncn2)(c2ccccc2)O1,train,287.319,2.365,0.8075831283144873,21,41
subcategory_halogen-walk.remove-Cl_1200,CCN(CC)CC(C1CCCCC1)N1CCN(C(=O)[C@@H](Cc2ccccc2)NC(=O)CC2Cc3ccccc3N2)CC1,1,halogen-walk,remove-Cl,CCN(CC)CC(C1CCCCC1)N1CCN(C(=O)[C@@H](Cc2ccc(Cl)cc2)NC(=O)CC2Cc3ccccc3N2)CC1,0 1 2 3 4 5 6 7 8 9 10 11 12 13 14 15 16 17 18 19 21 22 23 24 25 26 27 28 29 30 31 32 33 34 35 36 37 38 39 40 41,O=C(CC1Cc2ccccc2N1)N[C@H](Cc1ccccc1)C(=O)N1CCN(CC2CCCCC2)CC1,train,573.826,4.575700000000003,0.3893700661956707,42,71
subcategory_halogen-walk.remove-Cl_523,CN(C)CCOc1c(C(=O)c2ccccc2)c[nH]c2nncc1-2,0,authentic,authentic,,,O=C(c1ccccc1)c1c[nH]c2nncc-2c1,val,310.3570000000001,2.0808999999999997,0.7058642784415534,23,40
subcategory_halogen-walk.remove-Cl_1082,COc1ccc2c(c1)c(CC(=O)Nc1ccc(C(N)=O)cc1)c(C)n2C(=O)c1ccccc1,1,halogen-walk,remove-Cl,COc1ccc2c(c1)c(CC(=O)Nc1ccc(C(N)=O)cc1)c(C)n2C(=O)c1ccc(Cl)cc1,0 1 2 3 4 5 6 7 8 9 10 11 12 13 14 15 16 17 18 19 20 21 22 23 24 26 27 28 29 30 31,O=C(Cc1cn(C(=O)c2ccccc2)c2ccccc12)Nc1ccccc1,train,441.48700000000014,3.9269200000000017,0.47315008087019755,33,58
subcategory_halogen-walk.remove-Cl_123,COc1ccc(-n2nc(C(F)(F)F)c3c2C(=O)N(c2ccc(C4(CO)CCCCC4)cc2)CC3)cc1,0,authentic,authentic,,,O=C1c2c(cnn2-c2ccccc2)CCN1c1ccc(C2CCCCC2)cc1,train,499.5330000000004,5.296800000000005,0.5176993049889201,36,64
subcategory_halogen-walk.remove-Cl_242,CC(=O)OCCOCCN1CCN(C2=Nc3ccccc3Sc3ccccc32)CC1.O=C(O)/C=C\C(=O)O,0,authentic,authentic,,,c1ccc2c(c1)N=C(N1CCNCC1)c1ccccc1S2,train,541.6260000000003,3.138600000000001,0.29211289981001193,38,62
subcategory_halogen-walk.remove-Cl_275,CC(=O)N(c1ccc(C)cc1)C(C)C(=O)O,0,authentic,authentic,,,c1ccccc1,train,221.256,1.82102,0.8465531021961538,16,30
subcategory_halogen-walk.remove-Cl_674,COCCCOc1ccnc(CS(=O)c2nc3ccccc3[n-]2)c1C,0,authentic,authentic,,,O=S(Cc1ccccn1)c1nc2ccccc2[n-]1,val,358.44300000000004,2.618520000000001,0.5763227383596949,25,39
subcategory_halogen-walk.remove-Cl_94,Cc1cc(-c2ccccc2)c2c(C(C)C)c(/C=C/C(O)CC(=O)CC(=O)O)c(-c3ccc(F)cc3)nn12,0,authentic,authentic,,,c1ccc(-c2ccc3c(-c4ccccc4)ccn3n2)cc1,test,500.5700000000003,6.0472200000000065,0.27318508663583746,37,70
subcategory_halogen-walk.remove-Cl_192,CCC1=C2C3C=C(C)CC2(NC1)c1ccc(O)nc1C3,0,authentic,authentic,,,C1=CC2Cc3ncccc3C3(C1)NCC=C23,train,268.36,2.8146000000000013,0.769839629038556,20,36
subcategory_halogen-walk.remove-Cl_970,CN(C)[C@@H]1CCCC[C@H]1N(C)C(=O)c1ccccc1,1,halogen-walk,remove-Cl,CN(C)[C@@H]1CCCC[C@H]1N(C)C(=O)c1ccc(Cl)c(Cl)c1,0 1 2 3 4 5 6 7 8 9 10 12 13 14 15 16 17,O=C(NC1CCCCC1)c1ccccc1,val,260.381,2.631400000000001,0.8338513687360984,19,39
subcategory_halogen-walk.remove-Cl_76,COc1ccc2c(c1)OCC1c3cc(O)c(OCC(C)C)cc3OC21,0,authentic,authentic,,,c1ccc2c(c1)OC1c3ccccc3OCC21,train,342.3910000000001,4.045300000000003,0.9084439581751333,25,41
subcategory_halogen-walk.remove-Cl_209,Nc1nc(O)c2ncn(C3C=CC(OCP(=O)(O)O)C3)c2n1,0,authentic,authentic,,,C1=CC(n2cnc3cncnc32)CC1,train,327.237,0.1354999999999998,0.45246628150418683,22,40
subcategory_halogen-walk.remove-Cl_213,Cn1cc(NC(=O)c2cc([N+](=O)[O-])cn2C)cc1C(=O)NCCC#N,0,authentic,authentic,,,O=C(Nc1cc[nH]c1)c1ccc[nH]1,train,344.33100000000013,1.1675799999999998,0.4604778140067556,25,49
subcategory_halogen-walk.remove-Cl_1040,Cc1cccc(C(O)(Cn2cncn2)C(O)c2ccc(Cl)cc2)c1,1,halogen-walk,remove-Cl,OC(c1ccc(Cl)cc1)C(O)(Cn1cncn1)c1ccc(Cl)cc1,0 1 2 3 4 5 7 8 9 10 11 12 13 14 15 16 17 18 19 20 21 22,c1ccc(CC(Cn2cncn2)c2ccccc2)cc1,train,343.8140000000001,2.861320000000001,0.7469437273286043,24,41
subcategory_halogen-walk.remove-Cl_1231,O=C(NCC=C(c1ccccc1)c1ccccc1)c1ccccc1,1,halogen-walk,remove-Cl,O=C(NCC=C(c1ccccc1)c1ccccc1)c1ccc(Cl)c(Cl)c1,0 2 3 4 5 6 7 8 9 10 11 12 13 14 15 16 17 18 19 20 21 22,O=C(NCC=C(c1ccccc1)c1ccccc1)c1ccccc1,train,313.40000000000003,4.548300000000004,0.735465742092153,24,36
subcategory_halogen-walk.remove-Cl_1369,OCCOCCN1CCN(C(c2ccccc2)c2ccccc2)CC1,1,halogen-walk,remove-Cl,Cl.Cl.OCCOCCN1CCN([C@@H](c2ccccc2)c2ccc(Cl)cc2)CC1,10 11 12 13 14 15 16,c1ccc(C(c2ccccc2)N2CCNCC2)cc1,train,340.46700000000016,2.4025,0.7488241015799444,25,35
subcategory_halogen-walk.remove-Cl_539,NC(CC(=O)N[C@H](Cc1ccc(Cl)cc1)C(=O)N1CCN(C2(CNC(=O)Cc3ccccc3)CCCCC2)CC1)c1ccccc1,0,authentic,authentic,,,O=C(Cc1ccccc1)NCC1(N2CCN(C(=O)[C@@H](Cc3ccccc3)NC(=O)CCc3ccccc3)CC2)CCCCC1,train,644.2600000000001,4.663400000000004,0.26612664284258386,46,80
subcategory_halogen-walk.remove-Cl_821,CN1CCN2CC(c3ccccc3)c3ccccc3C2C1,1,halogen-walk,remove-Cl,CN1CCN2CC(c3ccc(Cl)cc3)c3ccccc3C2C1,0 1 2 3 4 5 7 8 9 10 11 12 13 14 15 16 17 18 19 20,c1ccc(C2CN3CCNCC3c3ccccc32)cc1,test,278.39900000000006,3.1206000000000014,0.7905862599938335,21,31
subcategory_halogen-walk.remove-Cl_1228,COc1ccc2c(c1)c(CC(=O)OCF)c(C)n2C(=O)c1ccccc1,1,halogen-walk,remove-Cl,COc1ccc2c(c1)c(CC(=O)OCF)c(C)n2C(=O)c1ccc(Cl)cc1,0 1 2 3 4 5 6 7 8 9 10 11 12 13 14 15 16 17 19 20 21 22 23 24,O=C(c1ccccc1)n1ccc2ccccc21,train,355.365,3.6595200000000023,0.6555979744906874,26,44
subcategory_halogen-walk.remove-Cl_329,O=C(CCCC(=O)N1CCN(c2ccnc3cc(Cl)ccc23)CCN(c2ccnc3cc(Cl)ccc23)CC1)N1CCNCCNCC1,0,authentic,authentic,,,O=C(CCCC(=O)N1CCN(c2ccnc3ccccc23)CCN(c2ccnc3ccccc23)CC1)N1CCNCCNCC1,train,677.6809999999996,4.436700000000004,0.3096977569966998,47,75
subcategory_halogen-walk.remove-Cl_1088,CCCS(=O)(=O)NC1CCCN(C(=O)c2ccccc2C)C1,1,halogen-walk,remove-Cl,CCCS(=O)(=O)NC1CCCN(C(=O)c2cc(Cl)ccc2OC)C1,0 1 2 3 4 5 6 7 8 9 10 11 13 14 15 16 17 18 19 20 21,O=C(c1ccccc1)N1CCCCC1,train,324.446,1.9290199999999993,0.8997799357815437,22,37
subcategory_halogen-walk.remove-Cl_24,CC(CCNCC12CC3CC(CC(C3)C1)C2)Nc1ccnc2cc(Cl)ccc12,0,authentic,authentic,,,c1ccc2c(NCCCNCC34CC5CC(CC(C5)C3)C4)ccnc2c1,train,397.9940000000001,5.884700000000006,0.5721081937567845,28,47
subcategory_halogen-walk.remove-Cl_529,C[C@H](CCC1CC1)CC(CN)CC(=O)O,0,authentic,authentic,,,C1CC1,train,213.32099999999997,2.2524,0.6497167863949713,15,28
subcategory_halogen-walk.remove-Cl_1096,CC(C)c1cccc(C(C)C)c1CC(=O)N=S(N)(=O)c1ccc(CCNC(=O)c2ccccc2)cc1,1,halogen-walk,remove-Cl,COc1ccc(Cl)cc1C(=O)NCCc1ccc(S(N)(=O)=NC(=O)Cc2c(C(C)C)cccc2C(C)C)cc1,0 1 2 3 4 5 6 7 8 9 10 11 12 13 14 15 16 17 18 19 20 21 22 23 24 25 27 28 29 30 31 32 33 34 35,O=C(Cc1ccccc1)N=[SH](=O)c1ccc(CCNC(=O)c2ccccc2)cc1,train,505.6840000000002,5.375800000000004,0.40832693725982255,36,62
subcategory_halogen-walk.remove-Cl_218,O=C(NCCCNC(=O)c1cc2ccccc2[nH]1)c1cccc(F)c1,0,authentic,authentic,,,O=C(NCCCNC(=O)c1cc2ccccc2[nH]1)c1ccccc1,val,339.37000000000006,2.8569000000000004,0.6042677890313666,25,42
subcategory_halogen-walk.remove-Cl_906,COc1ccc2c(c1)c(CC(=O)Nc1cccc(SC)c1)c(C)n2C(=O)c1cccc(C)c1,1,halogen-walk,remove-Cl,COc1ccc2c(c1)c(CC(=O)Nc1cccc(SC)c1)c(C)n2C(=O)c1ccc(Cl)cc1,0 1 2 3 4 5 6 7 8 9 10 11 12 13 14 15 16 17 18 19 20 21 22 23 25 26 27 28 29 30 31,O=C(Cc1cn(C(=O)c2ccccc2)c2ccccc12)Nc1ccccc1,train,458.5830000000002,5.8583400000000045,0.367850999787599,33,57
subcategory_halogen-walk.remove-Cl_976,CCCCC(=O)N1CCN(C(c2ccccc2C)c2ncc(Br)cc2CC)CC1C(=O)Nc1cc(C)no1,1,halogen-walk,remove-Cl,CCCCC(=O)N1CCN(C2c3ccc(Cl)cc3CCc3cc(Br)cnc32)CC1C(=O)Nc1cc(C)no1,10 11 12 13 14 15 16 17,O=C(Nc1ccno1)C1CN(C2c3ccccc3CCc3cccnc32)CCN1,val,582.5430000000001,5.442440000000005,0.36139549346607186,38,61
subcategory_halogen-walk.remove-Cl_1212,SC1=Nc2ccc(-c3ccccc3)cc2C12CCCCC2,1,halogen-walk,remove-Cl,SC1=Nc2ccc(-c3ccc(Cl)cc3)cc2C12CCCCC2,6 7 8 9 10 11 12,C1=Nc2ccc(-c3ccccc3)cc2C12CCCCC2,train,293.4350000000001,5.528900000000005,0.6637992895506178,21,33
subcategory_halogen-walk.remove-Cl_466,CN(C)CCNC(=O)CN1CCCC1=O.Cl,0,authentic,authentic,,,O=C1CCCN1,train,249.74199999999996,-0.29159999999999914,0.7286149454998283,16,26
subcategory_halogen-walk.remove-Cl_1417,CN(C)C(=O)N1CCCN(c2ccc(C(=O)NCCc3ccccc3)cc2NC(=O)c2cccc(Cl)c2)CC1,1,halogen-walk,remove-Cl,CN(C)C(=O)N1CCCN(c2ccc(C(=O)NCCc3ccc(Cl)cc3Cl)cc2NC(=O)c2cccc(Cl)c2)CC1,0 1 2 3 4 5 6 7 8 9 10 11 12 13 14 15 16 18 19 20 21 22 23 24 25 26 27 28 29 30 31 32 33 34 35 36 37 38,O=C(NCCc1ccccc1)c1ccc(N2CCCNCC2)c(NC(=O)c2ccccc2)c1,train,548.0870000000001,4.758500000000003,0.44656226668639487,39,65
subcategory_halogen-walk.remove-Cl_450,O=C(c1ccccc1)c1ccc(OC(=O)C2CCCCC2)cc1,0,authentic,authentic,,,O=C(c1ccccc1)c1ccc(OC(=O)C2CCCCC2)cc1,train,308.377,4.403300000000003,0.4773809396929397,23,37
subcategory_halogen-walk.remove-Cl_1034,CN(C)[C@@H]1C(=O)C(C(N)=O)=C(O)[C@@]2(O)C(=O)C3=C(O)c4c(O)cccc4[C@H](CSCc4ccccc4)C3[C@H](O)C12,1,halogen-walk,remove-Cl,CN(C)[C@@H]1C(=O)C(C(N)=O)=C(O)[C@@]2(O)C(=O)C3=C(O)c4c(O)cccc4[C@H](CSCc4ccc(Cl)cc4)C3[C@H](O)C12,29 30 31 32 33 34 35,O=C1C=CC2C(=O)C3=Cc4ccccc4[C@H](CSCc4ccccc4)C3CC2C1,train,566.6320000000003,1.4093000000000002,0.2797733362437808,40,94
subcategory_halogen-walk.remove-Cl_777,Cc1cc(=O)oc2c3c(ccc12)OC(C)(C)[C@H](OC(=O)C12CCC(C)(C(=O)O1)C2(C)C)[C@@H]3OC(=O)C12CC3CC(CC(C3)C1)C2,0,authentic,authentic,,,O=C1OC2(C(=O)O[C@H]3COc4ccc5ccc(=O)oc5c4[C@H]3OC(=O)C34CC5CC(CC(C5)C3)C4)CCC1C2,train,618.7230000000002,6.106820000000006,0.22728213423699026,45,100
subcategory_halogen-walk.remove-Cl_31,CC(=O)NCC1CN(c2cccc(O)c2)C(=O)O1,0,authentic,authentic,,,O=C1OCCN1c1ccccc1,train,250.25400000000002,0.8534999999999995,0.8333037584642645,18,32
subcategory_halogen-walk.remove-Cl_1331,CN(c1ccccc1C1CCN(C(=O)[C@H](COCc2ccccc2)NCc2ccccc2)CC1)S(C)(=O)=O,1,halogen-walk,remove-Cl,CN(c1ccccc1C1CCN(C(=O)[C@H](COCc2ccc(Cl)c(Cl)c2)NCc2ccccc2)CC1)S(C)(=O)=O,0 1 2 3 4 5 6 7 8 9 10 11 12 13 14 15 16 18 19 20 21 22 23 24 25 26 27 28 29 30 31 32 33 34 35 36 37,O=C([C@H](COCc1ccccc1)NCc1ccccc1)N1CCC(c2ccccc2)CC1,train,535.7100000000002,4.163600000000003,0.39893173850737385,38,65
subcategory_halogen-walk.remove-Cl_589,Cc1cnc(C(=O)NCCc2ccc(S(=O)(=O)NC(=O)N(N)C3CCCCC3)cc2)cn1,0,authentic,authentic,,,O=C(NC1CCCCC1)NS(=O)(=O)c1ccc(CCNC(=O)c2cnccn2)cc1,train,460.5600000000003,1.6642199999999998,0.32329173604319045,32,56
subcategory_halogen-walk.remove-Cl_1203,COc1ccc(C(Cc2ccccc2)n2ccnc2)cc1,1,halogen-walk,remove-Cl,COc1ccc(C(Cc2ccc(Cl)cc2Cl)n2ccnc2)cc1,0 1 2 3 4 5 6 8 9 10 11 12 13 14 15 16 17 18 19 20,c1ccc(CC(c2ccccc2)n2ccnc2)cc1,val,278.355,3.7238000000000024,0.7108726972226156,21,31
subcategory_halogen-walk.remove-Cl_1067,O=C(O)COCC(=O)N1CCCC(C(c2ccccc2)c2ccccc2)C1,1,halogen-walk,remove-Cl,O=C(O)COCC(=O)N1CCCC(C(c2ccccc2)c2ccc(Cl)cc2)C1,13 14 15 16 17 18 19,c1ccc(C(c2ccccc2)C2CCCNC2)cc1,train,367.44500000000005,3.1583000000000014,0.8162985904582858,27,43
subcategory_halogen-walk.remove-Cl_266,CCC/C(CCCc1ccccc1)=N/Nc1nncc2ccccc12,0,authentic,authentic,,,C(CCCc1ccccc1)=NNc1nncc2ccccc12,val,332.4510000000001,5.220700000000004,0.4542584186392804,25,36
subcategory_halogen-walk.remove-Cl_1385,C[C@H](Cc1c[nH]c2ccccc12)NC[C@@H](O)c1ccccc1,1,halogen-walk,remove-Cl,C[C@H](Cc1c[nH]c2ccccc12)NC[C@@H](O)c1cccc(Cl)c1,0 1 2 3 4 5 6 7 8 9 10 11 12 13 15 16 17 18 19 20,c1ccc(CCNCCc2c[nH]c3ccccc23)cc1,train,294.398,3.422100000000002,0.652159855233233,22,44
subcategory_halogen-walk.remove-Cl_73,Cc1cc(SC2=C(O)OC(CCc3ccc(O)cc3)(C3CCCCC3)CC2=O)c(C(C)(C)C)cc1OS(=O)(=O)N(C)C,0,authentic,authentic,,,O=C1CC(CCc2ccccc2)(C2CCCCC2)OC=C1Sc1ccccc1,val,617.8300000000004,6.943820000000007,0.31105875786840453,42,76
subcategory_halogen-walk.remove-Cl_448,COc1c(OCC2CC2)ccnc1CS(=O)c1nc2ccc(F)cc2[nH]1,0,authentic,authentic,,,O=S(Cc1cc(OCC2CC2)ccn1)c1nc2ccccc2[nH]1,train,375.42500000000007,3.2022000000000013,0.6861790339588124,26,44
subcategory_halogen-walk.remove-Cl_1512,CCC(C)[C@H](NCCc1ccccc1)c1cc(C(F)(F)F)ccc1N1CCN(C(=O)CCc2ccccc2)CC1,1,halogen-walk,remove-Cl,CCC(C)[C@H](NCCc1ccccc1)c1cc(C(F)(F)F)ccc1N1CCN(C(=O)CCc2ccc(Cl)cc2Cl)CC1,31 32 33 34 35 36 37,O=C(CCc1ccccc1)N1CCN(c2ccccc2CNCCc2ccccc2)CC1,test,551.6970000000002,6.906300000000008,0.2814602245892262,40,67
subcategory_halogen-walk.remove-Cl_541,CCOc1ccc(S(=O)(=O)N2CCN(CCO)CC2)cc1-c1nc2c(C)n(Cc3ccccn3)nc2c(=O)[nH]1,0,authentic,authentic,,,O=c1[nH]c(-c2cccc(S(=O)(=O)N3CCNCC3)c2)nc2cn(Cc3ccccn3)nc12,train,553.6450000000003,1.2356200000000006,0.3124250041697371,39,70
subcategory_halogen-walk.remove-Cl_164,O=NN(CCCl)C(=O)NC1CCSc2ccccc21,0,authentic,authentic,,,c1ccc2c(c1)CCCS2,test,299.783,3.1553000000000013,0.5275843179958869,19,30
subcategory_halogen-walk.remove-Cl_419,N=C(N)NCCCNCc1c[nH]c2ccccc12,0,authentic,authentic,,,c1ccc2[nH]ccc2c1,train,245.33000000000004,1.1306700000000005,0.30010457407871916,18,28
subcategory_halogen-walk.remove-Cl_1254,C[C@@H](C(=O)O)N1CCN(C(c2ccccc2)c2ccc(Cl)cc2)[C@@H](C)C1,1,halogen-walk,remove-Cl,C[C@@H](C(=O)O)N1CCN(C(c2ccc(Cl)cc2)c2ccc(Cl)cc2)[C@@H](C)C1,9 10 11 12 13 14 15,c1ccc(C(c2ccccc2)N2CCNCC2)cc1,train,372.89600000000013,3.9086000000000025,0.863774397940024,26,56
subcategory_halogen-walk.remove-Cl_1455,CN(CCNC(=O)c1ccccc1)C1CC1,1,halogen-walk,remove-Cl,COc1cc(N)c(Cl)cc1C(=O)NCCN(C)C1CC1,0 1 2 3 4 6 7 8 9 10 11 12 13 14 15,O=C(NCCNC1CC1)c1ccccc1,test,218.29999999999998,1.5105999999999995,0.8121945923621106,16,25
subcategory_halogen-walk.remove-Cl_864,COCCCCCOCCCc1nnc(-c2ccccc2)c(N)n1,1,halogen-walk,remove-Cl,COCCCCCOCCCc1nnc(-c2cccc(Cl)c2Cl)c(N)n1,14 15 16 17 18 19 20,c1ccc(-c2cncnn2)cc1,train,330.432,2.8867000000000003,0.6378877553771125,24,33
subcategory_halogen-walk.remove-Cl_772,C/C(=N\NC(S)=Nc1ccccc1N)c1ccccn1,0,authentic,authentic,,,C(=NNC=Nc1ccccc1)c1ccccn1,test,285.37600000000003,2.594900000000001,0.2666441650135398,20,32
subcategory_halogen-walk.remove-Cl_623,COC(=O)C(=Cc1c(-c2ccc(F)cc2)c2ccccc2n1C(C)C)Cc1ccccc1,0,authentic,authentic,,,C(=Cc1[nH]c2ccccc2c1-c1ccccc1)Cc1ccccc1,val,427.5190000000002,6.827400000000006,0.24948237025126177,32,53
subcategory_halogen-walk.remove-Cl_1444,O=C1Nc2cc(C(F)(F)F)ccc2C1(O)c1ccccc1,1,halogen-walk,remove-Cl,O=C1Nc2cc(C(F)(F)F)ccc2C1(O)c1cccc(Cl)c1,0 1 2 3 4 5 6 7 8 9 10 11 12 14 15 16 17 18 19,O=C1Nc2ccccc2C1c1ccccc1,train,293.24399999999997,2.8934000000000006,0.8490905952929555,21,36
subcategory_halogen-walk.remove-Cl_904,CCC1(O)CC(=O)OCc2c1cc1n(c2=O)Cc2c-1nc1ccc(OC)cc1c2C(=O)c1ccccc1,1,halogen-walk,remove-Cl,CCC1(O)CC(=O)OCc2c1cc1n(c2=O)Cc2c-1nc1ccc(OC)cc1c2C(=O)c1ccc(Cl)cc1,,O=C1CCc2cc3n(c(=O)c2CO1)Cc1c-3nc2ccccc2c1C(=O)c1ccccc1,train,496.51900000000023,3.7093000000000025,0.29853577775591067,37,63
subcategory_halogen-walk.remove-Cl_1555,Cc1cccc(-c2nc(-c3ccccc3C)n[nH]2)c1,1,halogen-walk,remove-Cl,Cc1ccccc1-c1n[nH]c(-c2ccc(Cl)cc2)n1,0 1 2 3 4 5 6 18,c1ccc(-c2n[nH]c(-c3ccccc3)n2)cc1,train,249.31700000000004,3.7555400000000017,0.751024171583041,19,34
subcategory_halogen-walk.remove-Cl_417,CN(C1=Nc2cc(Cl)ccc2Nc2ccccc21)[C@H]1CCCN1,0,authentic,authentic,,,c1ccc2c(c1)N=C(N[C@H]1CCCN1)c1ccccc1N2,train,326.8310000000002,4.116600000000003,0.8278842355105818,23,41
subcategory_halogen-walk.remove-Cl_508,Nc1ccc(C(c2ccccc2)n2ccnc2)cc1,0,authentic,authentic,,,c1ccc(C(c2ccccc2)n2ccnc2)cc1,test,249.31700000000004,3.1030000000000015,0.724758737187521,19,29
subcategory_halogen-walk.remove-Cl_148,O=C(c1ccccc1)C(O)(Cn1cnnc1)c1ccccc1,0,authentic,authentic,,,O=C(c1ccccc1)C(Cn1cnnc1)c1ccccc1,train,293.326,2.0488,0.7310334122995927,22,35
subcategory_halogen-walk.remove-Cl_257,CCCc1nn(C)c2c(=O)[nH]c(-c3cc(S(=O)(=O)N(C)CCO)ccc3OCC)nc12,0,authentic,authentic,,,O=c1[nH]c(-c2ccccc2)nc2cn[nH]c12,test,449.5330000000003,1.2875999999999996,0.5032159579507873,31,58
subcategory_halogen-walk.remove-Cl_1150,COc1cc2c(CC(=O)O)c(C)n(C(=O)c3ccccc3)c2cc1C(F)(F)F,1,halogen-walk,remove-Cl,COc1cc2c(CC(=O)O)c(C)n(C(=O)c3ccc(Cl)cc3)c2cc1C(F)(F)F,0 1 2 3 4 5 6 7 8 9 10 11 12 14 15 16 17 18 19 20 21 22 23 24 25 26 27,O=C(c1ccccc1)n1ccc2ccccc21,train,391.345,4.292720000000003,0.7203934143942472,28,50
subcategory_halogen-walk.remove-Cl_28,COc1ccc(C2C(O)C(=O)N2c2ccc(F)cc2)cc1,0,authentic,authentic,,,O=C1CC(c2ccccc2)N1c1ccccc1,train,287.28999999999996,2.2831,0.8811414002949598,21,36
subcategory_halogen-walk.remove-Cl_1347,Cc1ccccc1CC(=O)N(C)[C@@H]1CCCC[C@H]1N(C)C,1,halogen-walk,remove-Cl,CN(C)[C@@H]1CCCC[C@H]1N(C)C(=O)Cc1ccc(Cl)c(Cl)c1,0 1 2 3 4 5 6 8 9 10 11 12 13 14 15 16 17 18 19 20,O=C(Cc1ccccc1)NC1CCCCC1,train,288.435,2.8687200000000015,0.8503351512902703,21,41
subcategory_halogen-walk.remove-Cl_442,Oc1ccc(-c2cc3ccc(O)cc3[nH]2)cc1,0,authentic,authentic,,,c1ccc(-c2cc3ccccc3[nH]2)cc1,train,225.247,3.246100000000001,0.5950665076392893,17,31
subcategory_halogen-walk.remove-Cl_1183,O=C(CCC1=Nc2ccc([N+](=O)[O-])cc2C1)Nc1ccccc1,1,halogen-walk,remove-Cl,O=C(CCC1=Nc2ccc([N+](=O)[O-])cc2C1)Nc1ccc(Cl)cc1,16 17 18 19 20 21 22,O=C(CCC1=Nc2ccccc2C1)Nc1ccccc1,train,309.325,3.6423000000000014,0.6755632433541106,23,44
subcategory_halogen-walk.remove-Cl_733,Fc1cccc(OC(CC2CNC2)c2ccc(F)c(F)c2)c1,0,authentic,authentic,,,c1ccc(OC(CC2CNC2)c2ccccc2)cc1,train,307.315,3.8335000000000026,0.9061414661203907,22,36
subcategory_halogen-walk.remove-Cl_1406,O=C(NN1CCCCCC1)NS(=O)(=O)c1ccc(CCNC(=O)c2ccccc2)cc1,1,halogen-walk,remove-Cl,COc1ccc(Cl)cc1C(=O)NCCc1ccc(S(=O)(=O)NC(=O)NN2CCCCCC2)cc1,0 1 2 3 4 5 6 7 8 9 10 11 12 13 14 15 16 17 18 19 20 22 23 24 25 26 27 28 29 30,O=C(NN1CCCCCC1)NS(=O)(=O)c1ccc(CCNC(=O)c2ccccc2)cc1,test,444.5570000000002,2.4379999999999997,0.6080215472803482,31,51
subcategory_halogen-walk.remove-Cl_1433,CC1(O)CCN(c2nnc(-c3ccccc3)c(N)n2)CC1,1,halogen-walk,remove-Cl,CC1(O)CCN(c2nnc(-c3cccc(Cl)c3Cl)c(N)n2)CC1,0 1 2 3 4 5 6 7 8 10 11 12 13 14 15 16 17 18 19 20,c1ccc(-c2cnc(N3CCCCC3)nn2)cc1,train,285.3510000000001,1.4719999999999998,0.8684491848381746,21,36
subcategory_halogen-walk.remove-Cl_615,COc1ccc(OC)c(C(C)NC(=O)c2ccc(F)cc2)c1,0,authentic,authentic,,,O=C(NCc1ccccc1)c1ccccc1,train,303.333,3.3339000000000016,0.921339177712866,22,37
subcategory_halogen-walk.remove-Cl_205,Oc1cc2c(cc1Cc1ccccc1)OCC2,0,authentic,authentic,,,c1ccc(Cc2ccc3c(c2)OCC3)cc1,train,226.27499999999998,2.9179000000000013,0.8527474147722127,17,25
subcategory_halogen-walk.remove-Cl_45,C=C(c1ccccc1)c1nnc2n1-c1ccc(Cl)cc1C(c1ccccc1)=NC2,0,authentic,authentic,,,C=C(c1ccccc1)c1nnc2n1-c1ccccc1C(c1ccccc1)=NC2,train,396.8810000000001,5.333200000000004,0.4691875890387949,29,49
subcategory_halogen-walk.remove-Cl_250,CCOc1ncc(S(=O)(=O)N2CCN(CC)CC2)cc1-c1nc2c(-c3ccc(OC(F)(F)F)cc3)n(C)nc2c(=O)[nH]1,0,authentic,authentic,,,O=c1[nH]c(-c2cncc(S(=O)(=O)N3CCNCC3)c2)nc2c(-c3ccccc3)[nH]nc12,test,607.615,3.009100000000001,0.320713613918643,42,80
subcategory_halogen-walk.remove-Cl_979,Cc1cccc(C2=NC(F)C(=O)Nc3ccc(F)cc32)c1,1,halogen-walk,remove-Cl,O=C1Nc2ccc(F)cc2C(c2ccc(Cl)cc2)=NC1F,0 1 2 3 4 5 6 20,O=C1CN=C(c2ccccc2)c2ccccc2N1,train,286.281,3.2192200000000017,0.8034732917743163,21,37
subcategory_halogen-walk.remove-Cl_1176,CC(C)Nc1nnc(-c2ccccc2)c(N)n1,1,halogen-walk,remove-Cl,CC(C)Nc1nnc(-c2cccc(Cl)c2Cl)c(N)n1,7 8 9 10 11 12 13,c1ccc(-c2cncnn2)cc1,train,229.28700000000003,1.9410999999999996,0.8406805801748385,17,28
subcategory_halogen-walk.remove-Cl_34,CC(C)(C)C1CCC(=NNc2nncc3ccccc23)CC1,0,authentic,authentic,,,c1ccc2c(NN=C3CCCCC3)nncc2c1,train,296.4180000000001,4.634000000000004,0.8216701540595199,22,35
subcategory_halogen-walk.remove-Cl_103,Cn1cnc([N+](=O)[O-])c1Sc1ncnc2nc3n(c12)CCC3,0,authentic,authentic,,,c1nc(Sc2cnc[nH]2)c2c(n1)nc1n2CCC1,train,317.3340000000001,1.5653999999999997,0.40989828766925174,22,43
subcategory_halogen-walk.remove-Cl_68,Clc1ccc2c(NCc3ccccn3)ccnc2c1,0,authentic,authentic,,,c1ccc(CNc2ccnc3ccccc23)nc1,test,269.73500000000007,3.8953000000000024,0.7836804074080779,19,28
subcategory_halogen-walk.remove-Cl_1454,CSc1nc(-c2cccc(C)c2)nn1C,1,halogen-walk,remove-Cl,CSc1nc(-c2ccc(Cl)cc2)nn1C,6,c1ccc(-c2nc[nH]n2)cc1,train,219.313,2.5124199999999997,0.7270788282742001,15,24
subcategory_halogen-walk.remove-Cl_1291,O=C1Nc2cc(C(F)(F)F)ccc2[C@]1(F)c1ccccc1,1,halogen-walk,remove-Cl,COc1ccc(Cl)cc1[C@]1(F)C(=O)Nc2cc(C(F)(F)F)ccc21,0 1 2 3 4 5 6 7 8 9 10 11 12 14 15 16 17 18 19,O=C1Nc2ccccc2C1c1ccccc1,train,295.23499999999996,3.8706000000000023,0.7949963530825036,21,39
subcategory_halogen-walk.remove-Cl_16,CCC(c1ccccc1)c1c(O)c2c(oc1=O)CCCCCC2,0,authentic,authentic,,,O=c1oc2c(cc1Cc1ccccc1)CCCCCC2,train,312.4090000000001,4.546300000000004,0.9044788165341604,23,36
subcategory_halogen-walk.remove-Cl_429,c1cc(NC23CC4CC(CC(C4)C2)C3)ccn1,0,authentic,authentic,,,c1cc(NC23CC4CC(CC(C4)C2)C3)ccn1,train,228.33899999999994,3.4623000000000017,0.8381327255447466,17,31
subcategory_halogen-walk.remove-Cl_555,ClC1=CC=CC2C(N3CCNCC3)=Nc3cc(Cl)ccc3NC12,0,authentic,authentic,,,C1=CC2Nc3ccccc3N=C(N3CCNCC3)C2C=C1,train,349.265,3.378000000000001,0.7544254667489797,23,40
subcategory_halogen-walk.remove-Cl_710,Cc1ccc2c(Cl)c(C(=O)NCCCn3ccnc3)sc2c1,0,authentic,authentic,,,O=C(NCCCn1ccnc1)c1cc2ccccc2s1,train,333.84400000000005,3.8797200000000025,0.7201691296200493,22,36
subcategory_halogen-walk.remove-Cl_1426,Cc1cccc(CCN2C3=NCCN3C(=O)c3[nH]cnc32)c1,1,halogen-walk,remove-Cl,O=C1c2[nH]cnc2N(CCc2ccc(Cl)cc2)C2=NCCN12,0 1 2 3 4 5 6 8 9 10 11 12 13 14 15 16 17 18 19 20,O=C1c2[nH]cnc2N(CCc2ccccc2)C2=NCCN12,train,295.346,1.59262,0.9349987852581831,22,39
subcategory_halogen-walk.remove-Cl_282,CCN(CC)Cc1ccccc1N1CCC(N2CCc3c(C(N)=O)nn(-c4ccc(OC)cc4)c3C2=O)CC1,0,authentic,authentic,,,O=C1c2c(cnn2-c2ccccc2)CCN1C1CCN(c2ccccc2)CC1,train,530.6730000000002,3.488900000000002,0.4550378850185262,39,64
subcategory_halogen-walk.remove-Cl_1379,C=C(c1ccccc1)C(O)(Cn1cncn1)c1ccc(F)cc1F,1,halogen-walk,remove-Cl,C=C(c1ccc(Cl)cc1)C(O)(Cn1cncn1)c1ccc(F)cc1F,0 2 3 4 5 6 7 8 9 10 11 12 13 14 15 16 17 18 19 20 21 22 23,C=C(c1ccccc1)C(Cn1cncn1)c1ccccc1,train,327.334,3.1575000000000015,0.7830438901497961,24,39
subcategory_halogen-walk.remove-Cl_1358,COc1ccc2c(c1)c(CC(=O)O)c(C(F)(F)F)n2C(=O)c1ccccc1,1,halogen-walk,remove-Cl,COc1ccc2c(c1)c(CC(=O)O)c(C(F)(F)F)n2C(=O)c1ccc(Cl)cc1,19 21 22 23 24 25 26,O=C(c1ccccc1)n1ccc2ccccc21,train,377.31800000000004,3.984300000000002,0.7467173132458366,27,49
subcategory_halogen-walk.remove-Cl_1580,CSc1nc(-c2ccccc2)nn1C,1,halogen-walk,remove-Cl,CSc1nc(-c2ccc(Cl)cc2)nn1C,0 1 2 3 5 6 7 8 9 10 11 12 13,c1ccc(-c2nc[nH]n2)cc1,train,205.286,2.2039999999999997,0.7041444996026078,14,21
subcategory_halogen-walk.remove-Cl_604,O=C(NC[C@@H](C(=O)Nc1ccc(N2CCOCC2=O)cc1)N(CC(F)(F)F)CC(F)(F)F)c1ccc(Cl)s1,0,authentic,authentic,,,O=C(CCNC(=O)c1cccs1)Nc1ccc(N2CCOCC2=O)cc1,train,586.9420000000001,3.9284000000000026,0.4348253707177053,38,73
subcategory_halogen-walk.remove-Cl_1558,CCOC(=O)COCC=CCN1CCN(Cc2ccccc2-c2ccccc2)CC1,1,halogen-walk,remove-Cl,CCOC(=O)COCC=CCN1CCN(Cc2ccccc2-c2ccc(Cl)cc2)CC1.Cl.Cl,21 22 23 24 25 26 27,c1ccc(-c2ccccc2CN2CCNCC2)cc1,train,408.54200000000014,3.6071000000000026,0.341329836092935,30,43
subcategory_halogen-walk.remove-Cl_1091,CCCNC(=O)N1CCN(Cc2ncc(Br)cc2CCc2ccccc2)CC1C(=O)NCc1cccnc1,1,halogen-walk,remove-Cl,CCCNC(=O)N1CCN(C2c3ccc(Cl)cc3CCc3cc(Br)cnc32)CC1C(=O)NCc1cccnc1,0 1 2 3 4 5 6 7 8 9 10 11 12 13 14 15,O=C(NCc1cccnc1)C1CN(C2c3ccccc3CCc3cccnc32)CCN1,train,579.5430000000002,3.946500000000003,0.3799788417426016,38,57
subcategory_halogen-walk.remove-Cl_434,CCOc1ccc(S(=O)(=O)N2CCC(=O)CC2)cc1-c1nn2c(C(CC)CC)nc(C)c2c(=O)[nH]1,0,authentic,authentic,,,O=C1CCN(S(=O)(=O)c2cccc(-c3nn4cncc4c(=O)[nH]3)c2)CC1,test,501.60900000000026,3.0489200000000007,0.5025296447436661,35,67
subcategory_halogen-walk.remove-Cl_474,c1ccc2c(c1)CCc1ccccc1C2n1cncn1,0,authentic,authentic,,,c1ccc2c(c1)CCc1ccccc1C2n1cncn1,train,261.32800000000003,3.014400000000001,0.6738723787705232,20,30
subcategory_halogen-walk.remove-Cl_684,CCOc1ccc(C2=CCNCC2)cc1,0,authentic,authentic,,,C1=C(c2ccccc2)CCNC1,test,203.28499999999997,2.4620000000000006,0.8144468981490094,15,22
subcategory_halogen-walk.remove-Cl_965,CNS(=O)(=O)c1ccc(C2C(NC(=O)c3ccccc3)C2(C)C)cc1,1,halogen-walk,remove-Cl,CNS(=O)(=O)c1ccc(C2C(NC(=O)c3cc(Cl)ccc3OC)C2(C)C)cc1,0 1 2 3 4 5 6 7 8 9 10 11 13 14 15 16 17 18 19 20 21 22 23 24,O=C(NC1CC1c1ccccc1)c1ccccc1,train,358.4630000000001,2.5167,0.8623087862227183,25,46
subcategory_halogen-walk.remove-Cl_1205,Cc1nc(-c2sc(-c3ccccc3)nc2C)sc1C(=O)N[C@H](C)[C@](O)(Cn1cncn1)c1ccc(F)cc1F,1,halogen-walk,remove-Cl,Cc1nc(-c2sc(-c3ccc(Cl)cc3)nc2C)sc1C(=O)N[C@H](C)[C@](O)(Cn1cncn1)c1ccc(F)cc1F,6 7 8 9 10 11 12,O=C(NCC(Cn1cncn1)c1ccccc1)c1cnc(-c2cnc(-c3ccccc3)s2)s1,val,566.6590000000003,5.126440000000005,0.26996359343290055,39,73
subcategory_halogen-walk.remove-Cl_228,CCOCc1noc(C2CN=CNC2)n1.O=C(O)C(F)(F)F,0,authentic,authentic,,,C1=NCC(c2ncno2)CN1,train,324.25899999999996,0.9544999999999997,0.848304272835656,22,37
subcategory_halogen-walk.remove-Cl_130,CCc1nc2ccccc2c(=O)n1CCCNC(=O)C1CC(C)(C)NC1(C)C,0,authentic,authentic,,,O=C(NCCCn1cnc2ccccc2c1=O)C1CCNC1,train,384.5240000000001,2.631900000000001,0.7509487814061101,28,46
subcategory_halogen-walk.remove-Cl_878,O=C(c1cc(F)cc(F)c1)N1CCN(C(=O)CNC2CCN(Cc3ccccc3)CC2)C(c2ccccc2)C1,1,halogen-walk,remove-Cl,O=C(c1cc(F)cc(F)c1)N1CCN(C(=O)CNC2CCN(Cc3ccccc3)CC2)C(c2ccc(Cl)c(Cl)c2)C1,0 1 2 3 4 5 6 7 8 9 10 11 12 13 14 15 16 17 18 19 20 21 22 23 24 25 26 27 28 29 30 32 33 34 35 36 37,O=C(c1ccccc1)N1CCN(C(=O)CNC2CCN(Cc3ccccc3)CC2)C(c2ccccc2)C1,train,532.6350000000002,4.2447000000000035,0.4946940486642222,39,65
subcategory_halogen-walk.remove-Cl_182,CC.C[N+]1(O)CCN(C2=Nc3cc(Cl)ccc3Nc3ccccc32)CC1,0,authentic,authentic,,,c1ccc2c(c1)N=C(N1CC[NH2+]CC1)c1ccccc1N2,train,373.90800000000013,4.652900000000003,0.6604528013083893,26,46
subcategory_halogen-walk.remove-Cl_809,OCCOCCOCCN1CCN(Cc2ccccc2-c2ccccc2)CC1,1,halogen-walk,remove-Cl,OCCOCCOCCN1CCN(Cc2ccccc2-c2ccc(Cl)cc2)CC1,19 20 21 22 23 24 25,c1ccc(-c2ccccc2CN2CCNCC2)cc1,train,384.52000000000015,2.4967000000000015,0.6033351494012711,28,37
subcategory_halogen-walk.remove-Cl_1102,O=c1cnn(-c2ccc(C(O)c3ccccc3)c(Cl)c2)c(=O)[nH]1,1,halogen-walk,remove-Cl,O=c1cnn(-c2ccc(C(O)c3ccc(Cl)cc3)c(Cl)c2)c(=O)[nH]1,0 1 2 3 4 5 6 7 8 10 11 12 13 14 15 16 17 18 19 20 21 22,O=c1cnn(-c2ccc(Cc3ccccc3)cc2)c(=O)[nH]1,train,329.74300000000005,1.6558999999999997,0.7645729778088693,23,46
subcategory_halogen-walk.remove-Cl_1104,CCNCc1ccc2nc(-c3ccccc3)c3c(c2c1)N(Cc1ccccc1)CCC3,1,halogen-walk,remove-Cl,CCNCc1ccc2nc(-c3ccc(Cl)cc3)c3c(c2c1)N(Cc1ccccc1)CCC3,0 1 2 3 4 5 6 7 8 10 11 12 13 14 15 16 17 18 19 20 21 22 23 24 25 26 27 28 29 30,c1ccc(CN2CCCc3c(-c4ccccc4)nc4ccccc4c32)cc1,test,407.5610000000002,5.9641000000000055,0.42709938818755944,31,48
subcategory_halogen-walk.remove-Cl_82,CC(COc1ccccc1)NC(C)Cc1ccccc1,0,authentic,authentic,,,c1ccc(CCNCCOc2ccccc2)cc1,test,269.388,3.6747000000000023,0.8277048031591461,20,28
subcategory_halogen-walk.remove-Cl_384,Cc1cccc(N2CCN(S(=O)(=O)CCCNC(=O)c3cnccn3)CC2)c1,0,authentic,authentic,,,O=C(NCCCS(=O)(=O)N1CCN(c2ccccc2)CC1)c1cnccn1,val,403.50800000000015,1.0569199999999999,0.6947478248487734,28,47
subcategory_halogen-walk.remove-Cl_386,CNn1cc(C(=O)O)c(=O)c2cc(F)c(N3CCCC(O)C3)cc21,0,authentic,authentic,,,O=c1cc[nH]c2cc(N3CCCCC3)ccc12,train,335.33500000000004,0.9732000000000001,0.7737806359799839,24,44
subcategory_halogen-walk.remove-Cl_1099,CCc1cc2c(cc1S(=O)(=O)NC(=O)NC)CC(NCc1ccccc1)CO2,1,halogen-walk,remove-Cl,CCc1cc2c(cc1S(=O)(=O)NC(=O)NC)CC(NC(=O)c1cc(Cl)ccc1OC)CO2,0 1 2 3 4 5 6 7 8 9 10 11 12 13 14 15 16 17 19 20 21 22 23 24 25 26 27,O=C(NC1COc2ccccc2C1)c1ccccc1,train,403.50400000000013,1.9599999999999995,0.685201832860165,28,47
subcategory_halogen-walk.remove-Cl_1201,COc1ccc2c(c1)c(CC(=O)NCc1ccco1)c(C)n2C(=O)c1ccccc1,1,halogen-walk,remove-Cl,COc1ccc2c(c1)c(CC(=O)NCc1ccco1)c(C)n2C(=O)c1ccc(Cl)cc1,0 1 2 3 4 5 6 7 8 9 10 11 12 13 14 15 16 17 18 19 20 21 23 24 25 26 27 28,O=C(Cc1cn(C(=O)c2ccccc2)c2ccccc12)NCc1ccco1,train,402.45000000000016,4.098720000000003,0.5270166743711606,30,50
subcategory_halogen-walk.remove-Cl_1252,CC1C(NC(=O)c2ccccc2)C1c1ccc(S(N)(=O)=O)cc1,1,halogen-walk,remove-Cl,COc1ccc(Cl)cc1C(=O)NC1C(C)C1c1ccc(S(N)(=O)=O)cc1,0 1 2 3 5 6 7 8 9 10 11 12 13 14 15 16 17 18 19 20 21 22,O=C(NC1CC1c1ccccc1)c1ccccc1,train,330.4090000000001,1.8659000000000003,0.8965619683543999,23,42
subcategory_halogen-walk.remove-Cl_430,COc1cccc(CC(O)(/C(C)=C/c2ccc(F)cc2)C(C)CN(C)C)c1,0,authentic,authentic,,,C(=C\c1ccccc1)/CCc1ccccc1,train,371.4960000000001,4.409100000000003,0.7460682571232018,27,48
subcategory_halogen-walk.remove-Cl_1515,Nc1nnc(-c2cccc(-c3ccccc3)c2)c(N)n1,1,halogen-walk,remove-Cl,Nc1nnc(-c2cccc(-c3ccc(Cl)cc3)c2)c(N)n1,0 1 2 3 4 5 6 7 8 10 11 12 13 14 15 16 17 18 19,c1ccc(-c2cccc(-c3cncnn3)c2)cc1,test,263.304,2.37,0.7402983514975264,20,34
subcategory_halogen-walk.remove-Cl_1474,CCc1cc(Br)cnc1C(c1ccccc1)N1CCN(C(=O)Cc2ccncc2)C(C(=O)NCC2CC2)C1,1,halogen-walk,remove-Cl,O=C(NCC1CC1)C1CN(C2c3ccc(Cl)cc3CCc3cc(Br)cnc32)CCN1C(=O)Cc1ccncc1,0 1 2 3 4 5 6 8 11 12 15 16 17 20 21 25,O=C(NCC1CC1)C1CN(C2c3ccccc3CCc3cccnc32)CCN1C(=O)Cc1ccncc1,train,576.5390000000001,4.172600000000003,0.4139969227869767,38,63
subcategory_halogen-walk.remove-Cl_418,O=C(O)C[C@H](O)C[C@H](O)/C=C/c1c(C2CC2)nc2ccccc2c1-c1ccccc1F,0,authentic,authentic,,,c1ccc(-c2cc(C3CC3)nc3ccccc23)cc1,train,421.4680000000001,4.518100000000003,0.4975852641991758,31,60
subcategory_halogen-walk.remove-Cl_293,COCC1OCC(n2ccc(N)nc2=O)S1,0,authentic,authentic,,,O=c1ncccn1C1COCS1,train,243.288,0.05999999999999994,0.8083557703396024,16,25
subcategory_halogen-walk.remove-Cl_825,O=C(CNC(=O)[C@@H](CC(=O)NCc1ccccc1-c1ccccc1)SCc1ccccc1)NCCCN1CCOCC1,1,halogen-walk,remove-Cl,O=C(C[C@H]1S[C@H](c2ccc(Cl)cc2Cl)N(CC(=O)NCCCN2CCOCC2)C1=O)NCc1ccccc1-c1ccccc1,24 25 26 27 28 29 30 31,O=C(C[C@H]1S[C@H](c2ccccc2)N(CC(=O)NCCCN2CCOCC2)C1=O)NCc1ccccc1-c1ccccc1,train,588.774,3.6166000000000027,0.2347624598995668,42,67
subcategory_halogen-walk.remove-Cl_718,CCN(CC)C(C)Oc1ccc(-c2nc(C)c(C(=O)NCCN(C(C)C)C(C)C)s2)cc1C#N.Cl,0,authentic,authentic,,,c1ccc(-c2nccs2)cc1,train,522.1590000000003,5.327200000000006,0.3801825825229025,35,62
subcategory_halogen-walk.remove-Cl_70,COC1=CC([C@H]2[C@H](NC(=O)c3cc(Cl)ccc3OC)C2(C)C)CC=C1S(N)(=O)=O,0,authentic,authentic,,,O=C(N[C@@H]1C[C@H]1C1C=CC=CC1)c1ccccc1,train,440.94900000000024,2.8256000000000006,0.7066680649529864,29,63
subcategory_halogen-walk.remove-Cl_61,CCNC(=O)c1ccc(S(=O)(=O)NC(=O)c2cc(Cl)ccc2OC)cc1,0,authentic,authentic,,,O=C(NS(=O)(=O)c1ccccc1)c1ccccc1,train,396.8520000000001,2.2169999999999996,0.77906074670999,26,47
subcategory_halogen-walk.remove-Cl_554,COc1ccc(-c2ccc(OC)c(OC)c2OC)c(C)c1,0,authentic,authentic,,,c1ccc(-c2ccccc2)cc1,train,288.34299999999996,3.6964200000000025,0.8404137472249001,21,34
subcategory_halogen-walk.remove-Cl_65,Fc1ccc(CCN2CCC(CCc3noc4cc(F)ccc34)CC2)cc1,0,authentic,authentic,,,c1ccc(CCN2CCC(CCc3noc4ccccc34)CC2)cc1,test,370.4430000000001,4.993300000000005,0.6118904684659552,27,41
subcategory_halogen-walk.remove-Cl_352,COc1ccnc(C[S+]([O-])c2nc3cc4c(cc3[nH]2)OC(F)(F)O4)c1OC,0,authentic,authentic,,,c1ccc(C[SH+]c2nc3cc4c(cc3[nH]2)OCO4)nc1,train,397.3590000000001,2.6044,0.6604921217881639,27,54
subcategory_halogen-walk.remove-Cl_433,Cc1nc2n(c(=O)c1CCC1(COC(=O)C(C)(C)C)CCC(c3noc4cc(F)ccc34)CC1)CCCC2,0,authentic,authentic,,,O=c1c(CCC2CCC(c3noc4ccccc34)CC2)cnc2n1CCCC2,train,523.6490000000003,6.034420000000006,0.366530527859749,38,66
subcategory_halogen-walk.remove-Cl_1401,O=C(Cc1ccccc1)N1CCN(c2ccccc2)CC1,1,halogen-walk,remove-Cl,O=C(Cc1ccccc1)N1CCN(c2cccc(Cl)c2)CC1,,O=C(Cc1ccccc1)N1CCN(c2ccccc2)CC1,train,280.37100000000004,2.5779000000000005,0.8625021837975401,21,32
subcategory_halogen-walk.remove-Cl_1202,CN(Cc1ccccc1)C(=O)CC[C@H](NC(=O)CCC(NC(=O)c1ccccc1)C(=O)N1CCC2(CCCC2)CC1)C(=O)O,1,halogen-walk,remove-Cl,CN(Cc1ccccc1)C(=O)CC[C@H](NC(=O)CCC(NC(=O)c1cc(Cl)cc(Cl)c1)C(=O)N1CCC2(CCCC2)CC1)C(=O)O,21 23 24 25 26 27 28,O=C(CCC(NC(=O)c1ccccc1)C(=O)N1CCC2(CCCC2)CC1)NCCCC(=O)NCc1ccccc1,train,604.748,3.7562000000000006,0.3186932894091567,44,79
subcategory_halogen-walk.remove-Cl_1171,O=C1O[C@H](c2ccc(Cl)cc2)[C@@](Cn2cncn2)(c2ccccc2)O1,1,halogen-walk,remove-Cl,O=C1O[C@H](c2ccc(Cl)cc2)[C@@](Cn2cncn2)(c2ccc(Cl)cc2)O1,0 1 2 3 4 5 6 7 8 9 10 12 13 14 15 16 17 18 19 20 21 22 23,O=C1O[C@H](c2ccccc2)[C@@](Cn2cncn2)(c2ccccc2)O1,train,355.78100000000006,3.735100000000002,0.6669216900746946,25,51
subcategory_halogen-walk.remove-Cl_1257,O=C(NCC1CN(Cc2ccc(Cl)c(Cl)c2)CCO1)c1ccccc1,1,halogen-walk,remove-Cl,COc1cc(N)c(Cl)cc1C(=O)NCC1CN(Cc2ccc(Cl)c(Cl)c2)CCO1,0 2 3 4 5 6 7 8 9 10 11 12 13 14 15 16 17 18 19 20 21 22 23,O=C(NCC1CN(Cc2ccccc2)CCO1)c1ccccc1,train,379.28700000000015,3.6242000000000028,0.8629457888367191,25,42
subcategory_halogen-walk.remove-Cl_260,CC1(C)OC[C@@H]([C@H]2OC(O)=C(O)C2=O)O1,0,authentic,authentic,,,O=C1C=CO[C@@H]1[C@@H]1COCO1,val,216.189,0.3908999999999999,0.6591284875118674,15,38
subcategory_halogen-walk.remove-Cl_405,O=C1[C@H](CC[C@H](O)c2ccc(F)cc2)[C@@H](c2ccc(-c3cccc(P(=O)(O)O)c3)cc2)N1c1ccccc1,0,authentic,authentic,,,O=C1[C@H](CCCc2ccccc2)[C@@H](c2ccc(-c3ccccc3)cc2)N1c1ccccc1,train,531.5200000000002,5.513600000000007,0.20571023099774627,38,80
subcategory_halogen-walk.remove-Cl_22,CN1CCC=C(c2nc(-c3cn(C)c4ccccc34)no2)C1,0,authentic,authentic,,,C1=C(c2nc(-c3c[nH]c4ccccc34)no2)CNCC1,train,294.35800000000006,2.9472000000000014,0.7288237589040917,22,38
subcategory_halogen-walk.remove-Cl_854,NC1CCC(CCNC(=O)c2ccccc2)CC1,1,halogen-walk,remove-Cl,COc1ccc(Cl)cc1C(=O)NCCC1CCC(N)CC1,0 1 2 3 4 5 6 7 9 10 11 12 13 14 15 16 17,O=C(NCCC1CCCCC1)c1ccccc1,val,246.35399999999998,2.324,0.8563286003784529,18,27
subcategory_halogen-walk.remove-Cl_473,O=C(NCC=C(c1ccccc1)c1ccccc1)Nc1ccc(Cl)cc1,0,authentic,authentic,,,O=C(NCC=C(c1ccccc1)c1ccccc1)Nc1ccccc1,train,362.8600000000001,5.5934000000000035,0.6095879354201661,26,41
subcategory_halogen-walk.remove-Cl_59,Nc1ccn([C@H]2CS[C@@H](COBr)O2)c(=O)n1,0,authentic,authentic,,,O=c1ncccn1[C@H]1CSCO1,train,308.15700000000004,0.7401000000000001,0.8870661502332589,16,37
subcategory_halogen-walk.remove-Cl_887,Cc1ccccc1C(=O)NCCCN1CCCC(C)C1,1,halogen-walk,remove-Cl,COc1cc(NC(=O)C2=C(C)OCCS2)c(Cl)cc1C(=O)NCCCN1CCCC(C)C1,0 1 2 3 4 5 6 7,O=C(Nc1ccc(C(=O)NCCCN2CCCCC2)cc1)C1=COCCS1,train,274.40799999999996,2.846820000000001,0.8374210737796681,20,29
subcategory_halogen-walk.remove-Cl_1030,Cc1cc(NC(=O)c2cc(I)c(O)c(I)c2)c(Cl)cc1C(C#N)c1ccccc1,1,halogen-walk,remove-Cl,Cc1cc(NC(=O)c2cc(I)c(O)c(I)c2)c(Cl)cc1C(C#N)c1ccc(Cl)cc1,20 23 24 25 26 27 28,O=C(Nc1ccc(Cc2ccccc2)cc1)c1ccccc1,train,628.635,6.4710000000000045,0.32562202813738017,29,52
subcategory_halogen-walk.remove-Cl_525,Cc1ccc(/C=C2\CCc3ccccc3C2=O)cc1,0,authentic,authentic,,,O=C1/C(=C/c2ccccc2)CCc2ccccc21,train,248.32500000000002,4.207520000000003,0.6909066760281358,19,31
subcategory_halogen-walk.remove-Cl_135,N#Cc1ccc(C(=C2CCCCC2)n2cncn2)cc1,0,authentic,authentic,,,c1ccc(C(=C2CCCCC2)n2cncn2)cc1,val,264.33199999999994,3.373280000000001,0.8351914181883958,20,32
subcategory_halogen-walk.remove-Cl_464,COc1cc2c(c(OC)c1OC)-c1ccc(SC)c(=O)cc1[C@@H](NC(=O)CCCO[N+](=O)[O-])CC2,0,authentic,authentic,,,O=c1cccc2c(c1)CCCc1ccccc1-2,train,504.56100000000043,3.5535000000000023,0.2236298832625633,35,70
subcategory_halogen-walk.remove-Cl_56,COc1cc2c(c(OC)c1OC)CCCN1CCC3=CC[C@H](O)C[C@]321,0,authentic,authentic,,,C1=C2CCN3CCCc4ccccc4[C@]23CCC1,train,345.4390000000001,2.6407000000000007,0.8537610157078056,25,47
subcategory_halogen-walk.remove-Cl_456,COc1cc(C)c2c3c1OC1C[C@H](O)C=CC31CCN(C)C2,0,authentic,authentic,,,C1=CC23CCNCc4cccc(c42)OC3CC1,train,301.3860000000001,2.1587199999999998,0.8072539683232656,22,41
subcategory_halogen-walk.remove-Cl_522,[2H]C([2H])(OCC(=O)O)C([2H])([2H])N1CCN([C@H](c2ccccc2)c2ccc(Cl)cc2)CC1,0,authentic,authentic,,,c1ccc(C(c2ccccc2)N2CCNCC2)cc1,train,392.91940711200016,3.148200000000001,0.7474772364999267,27,71
subcategory_halogen-walk.remove-Cl_1100,CC(COCC(=O)O)CN1CCN(C(c2ccccc2)c2ccccc2)CC1,1,halogen-walk,remove-Cl,CC(COCC(=O)O)CN1CCN(C(c2ccccc2)c2ccc(Cl)cc2)CC1,0 1 2 3 4 5 6 7 8 9 10 11 12 14 15 16 17 18 19 20 21 22 23 24 25 26 27,c1ccc(C(c2ccccc2)N2CCNCC2)cc1,train,382.50400000000013,3.1309000000000013,0.7221353773742405,28,43
subcategory_halogen-walk.remove-Cl_1303,CS(=O)(=O)N1CC2(CCN(C(=O)[C@H](COCc3ccccc3)NCc3ccccc3)CC2)c2ccccc21,1,halogen-walk,remove-Cl,CS(=O)(=O)N1CC2(CCN(C(=O)[C@H](COCc3ccccc3)NCc3ccc(Cl)c(Cl)c3)CC2)c2ccccc21,23 24 25 26 27 28 29,O=C([C@H](COCc1ccccc1)NCc1ccccc1)N1CCC2(CC1)CNc1ccccc12,val,533.6940000000002,3.7016000000000036,0.45389757874276354,38,67
subcategory_halogen-walk.remove-Cl_1564,O=C1CCc2ccc(OCc3ccccc3)cc2N1,1,halogen-walk,remove-Cl,O=C1CCc2ccc(OCc3ccc(Cl)cc3F)cc2N1,0 1 2 3 4 5 6 7 8 10 11 12 13 14 15 16 17 18,O=C1CCc2ccc(OCc3ccccc3)cc2N1,train,253.30100000000002,3.1503000000000014,0.9121236620041383,19,28
subcategory_halogen-walk.remove-Cl_119,CCCOc1ccc(NC(=O)C2CCCCC2)cc1-c1nc2c(CCC)nn(C)c2c(=O)[nH]1,0,authentic,authentic,,,O=C(Nc1cccc(-c2nc3cn[nH]c3c(=O)[nH]2)c1)C1CCCCC1,train,451.5710000000002,4.583700000000004,0.5217541091651562,33,57
subcategory_halogen-walk.remove-Cl_1440,C=C(c1ccccc1NCc1ccccc1)n1ccnc1,1,halogen-walk,remove-Cl,C=C(c1ccccc1NCc1ccc(Cl)cc1)n1ccnc1,0 1 2 3 4 5 6 7 8 10 11 12 13 14 15 16 17 18 19 20,C=C(c1ccccc1NCc1ccccc1)n1ccnc1,train,275.355,4.014200000000002,0.7620196955335222,21,30
subcategory_halogen-walk.remove-Cl_532,CC(CCNc1ccnc2cc(Cl)ccc12)NCc1ccc(-c2ccc(F)cc2)s1,0,authentic,authentic,,,c1ccc(-c2ccc(CNCCCNc3ccnc4ccccc34)s2)cc1,val,439.98700000000014,6.736100000000005,0.3190583855690804,30,48
subcategory_halogen-walk.remove-Cl_650,CCC(c1ccccc1)(c1ccccc1)n1cncn1,0,authentic,authentic,,,c1ccc(C(c2ccccc2)n2cncn2)cc1,train,263.344,3.480000000000002,0.7211890381075774,20,30
subcategory_halogen-walk.remove-Cl_168,CCCc1cn(C)c2c(=O)[nH]c(-c3cc(S(=O)(=O)N4CCC(F)(F)CC4)ccc3OCC)nc12,0,authentic,authentic,,,O=c1[nH]c(-c2cccc(S(=O)(=O)N3CCCCC3)c2)nc2cc[nH]c12,train,494.56400000000036,3.699600000000003,0.5402908473366317,34,65
subcategory_halogen-walk.remove-Cl_1158,Cc1ccc(C(c2ccccc2)N2CCN(CCOCCO)CC2)cc1,1,halogen-walk,remove-Cl,Cc1ccc(C(c2ccc(Cl)cc2)N2CCN(CCOCCO)CC2)cc1,5 6 7 8 9 10 11,c1ccc(C(c2ccccc2)N2CCNCC2)cc1,train,354.49400000000014,2.7109200000000007,0.7396752310671939,26,38
subcategory_halogen-walk.remove-Cl_1410,CCN1CCN(C(=O)Cc2c(C)n(C(=O)c3ccccc3)c3ccc(OC)cc23)CC1,1,halogen-walk,remove-Cl,CCN1CCN(C(=O)Cc2c(C)n(C(=O)c3ccc(Cl)cc3)c3ccc(OC)cc23)CC1.Cl,0 1 2 3 4 5 6 7 8 9 10 11 12 14 15 16 17 18 19 20 21 22 23 24 25 26 27 28 29 30,O=C(Cc1cn(C(=O)c2ccccc2)c2ccccc12)N1CCNCC1,train,419.5250000000002,3.3534200000000016,0.6364860148043219,31,53
subcategory_halogen-walk.remove-Cl_1388,NC(=O)c1cc(-c2cccc(F)c2)nnc1Cl,1,halogen-walk,remove-Cl,NC(=O)c1cc(-c2ccc(F)c(Cl)c2)nnc1Cl,0 1 2 3 4 6 7 8 9 10 11 12 13 14 15 16,c1ccc(-c2cccnn2)cc1,test,251.64799999999997,2.035,0.8879474520217744,17,30
subcategory_halogen-walk.remove-Cl_1377,Cc1ccccc1[C@@H]1CCN(C)C[C@H]1C(=O)NCc1ccc(CNC(=O)[C@@H]2CN(C)CC[C@H]2c2ccc(Cl)cc2)cc1,1,halogen-walk,remove-Cl,CN1CC[C@@H](c2ccc(Cl)cc2)[C@H](C(=O)NCc2ccc(CNC(=O)[C@@H]3CN(C)CC[C@H]3c3ccc(Cl)cc3)cc2)C1,0 1 2 3 4 5 6 8 9 10 11 12 13 14 15 16 17 18 19 20 21 22 23 24 25 26 27 28 29 30 31 32 33 34 35 36 37 38 39 40 41,O=C(NCc1ccc(CNC(=O)[C@@H]2CNCC[C@H]2c2ccccc2)cc1)[C@@H]1CNCC[C@H]1c1ccccc1,train,587.2080000000003,5.351820000000005,0.3733832679069631,42,85
subcategory_halogen-walk.remove-Cl_1240,CO[C@@H]1CN(CCC(=O)N2CCOCC2)CC[C@@H]1NC(=O)c1ccccc1,1,halogen-walk,remove-Cl,COc1cc(N)c(Cl)cc1C(=O)N[C@H]1CCN(CCC(=O)N2CCOCC2)C[C@H]1OC,0 1 2 3 4 5 6 7 8 9 10 11 12 13 14 15 16 17 18 20 21 22 23 24 25,O=C(NC1CCN(CCC(=O)N2CCOCC2)CC1)c1ccccc1,train,375.469,0.7546000000000024,0.7947475818159403,27,51
subcategory_halogen-walk.remove-Cl_560,COCC(CCN1CCN(C2=Nc3ccccc3Sc3ccccc32)CC1)OC,0,authentic,authentic,,,c1ccc2c(c1)N=C(N1CCNCC1)c1ccccc1S2,train,411.57100000000025,3.8986000000000027,0.7207245489090827,29,42
subcategory_halogen-walk.remove-Cl_1012,Cc1cccc(NC(=O)OC[C@@H]2N=C(c3ccccc3)c3ccccc3N(CC(=O)N[C@H]3CC(=O)OC3O)C2=O)c1,1,halogen-walk,remove-Cl,O=C(CN1C(=O)[C@H](COC(=O)Nc2ccc(Cl)cc2C(F)(F)F)N=C(c2ccccc2)c2ccccc21)N[C@H]1CC(=O)OC1O,6,O=C(CN1C(=O)[C@H](COC(=O)Nc2ccccc2)N=C(c2ccccc2)c2ccccc21)N[C@@H]1COC(=O)C1,train,556.5750000000003,2.5464200000000003,0.3791755351555046,41,77
subcategory_halogen-walk.remove-Cl_114,Nc1nc(N)c2c(COc3ccc4ccccc4c3)coc2n1,0,authentic,authentic,,,c1ccc2cc(OCc3coc4ncncc34)ccc2c1,val,306.32500000000005,3.1194000000000015,0.6028963567101832,23,35
subcategory_halogen-walk.remove-Cl_1513,COc1ccc2c(c1)c(CC(=O)OCCC(C)(C)C)c(C)n2C(=O)c1cccc(C)c1,1,halogen-walk,remove-Cl,COc1ccc2c(c1)c(CC(=O)OCCC(C)(C)C)c(C)n2C(=O)c1ccc(Cl)cc1,0 1 2 3 4 5 6 7 8 9 10 11 12 13 14 15 16 17 18 19 20 21 23 24 25 26 27 28 29,O=C(c1ccccc1)n1ccc2ccccc21,train,421.53700000000015,5.477140000000005,0.49485171433795627,31,55
subcategory_halogen-walk.remove-Cl_79,CN1CCC23C=CC(O)CC2Oc2c(O)ccc(c23)C1,0,authentic,authentic,,,C1=CC23CCNCc4cccc(c42)OC3CC1,train,273.332,1.5473,0.7042067175575772,20,35
subcategory_halogen-walk.remove-Cl_1364,CCO/C(O)=C1\C(COCCN2CCN(Cc3ccccc3)CC2)=NC(C)=C(C(=O)OC)C1c1ccccc1Cl,1,halogen-walk,remove-Cl,CCO/C(O)=C1\C(COCCN2CCN(Cc3ccc(Cl)cc3)CC2)=NC(C)=C(C(=O)OC)C1c1ccccc1Cl,14 15 16 17 18 19 20 21,C=C1C(COCCN2CCN(Cc3ccccc3)CC2)=NC=CC1c1ccccc1,train,568.1140000000003,4.9657000000000036,0.23318417704136546,40,67
subcategory_halogen-walk.remove-Cl_540,COc1cc(C)nc(N2C(=O)Cc3ccccc3C2=O)n1,0,authentic,authentic,,,O=C1Cc2ccccc2C(=O)N1c1ncccn1,train,283.28700000000003,1.52312,0.7813559801465152,21,35
subcategory_halogen-walk.remove-Cl_637,CN1CCN(C2=Nc3cc(Cl)ccc3Nc3ccccc32)C(OCOC=O)C1,0,authentic,authentic,,,c1ccc2c(c1)N=C(N1CCNCC1)c1ccccc1N2,train,400.8660000000002,3.1959000000000017,0.4827303720688415,28,45
subcategory_halogen-walk.remove-Cl_796,Cc1cccc(C[C@@H](NC(=O)C(N)Cc2cccnc2)C(=O)N2CCN(c3ccccc3C(C)NC3CCCNC3)CC2)c1,1,halogen-walk,remove-Cl,CC(NC1CCCNC1)c1ccccc1N1CCN(C(=O)[C@@H](Cc2ccc(Cl)cc2)NC(=O)C(N)Cc2cccnc2)CC1,0 1 2 3 4 5 6 43,O=C(CCc1cccnc1)N[C@H](Cc1ccccc1)C(=O)N1CCN(c2ccccc2CNC2CCCNC2)CC1,train,597.808,2.7387200000000016,0.2687710022871027,44,75
subcategory_halogen-walk.remove-Cl_83,O=C(O)CCCc1ccc(NCCCl)cc1,0,authentic,authentic,,,c1ccccc1,train,241.718,2.744600000000001,0.722051296996868,16,24
subcategory_halogen-walk.remove-Cl_1384,CCCOc1cccc2c(CC(C)NC[C@H](O)c3ccccc3)c[nH]c12,1,halogen-walk,remove-Cl,CCCOc1cccc2c(CC(C)NC[C@H](O)c3cccc(Cl)c3)c[nH]c12,15 17 18 19 20 21 22,c1ccc(CCNCCc2c[nH]c3ccccc23)cc1,train,352.478,4.210900000000002,0.5405676434533107,26,45
subcategory_halogen-walk.remove-Cl_223,O=C(O)CNCc1cccc(CP(=O)(O)O)c1,0,authentic,authentic,,,c1ccccc1,train,259.198,0.5384999999999995,0.5553265368361932,17,29
subcategory_halogen-walk.remove-Cl_550,CC(C)C[C@H](O)[C@H](O)[C@H](CC1CCCCC1)NC(=O)[C@H](Cc1cscn1)NC(=O)[C@@H](CC(=O)N1CCN(C)CC1)Cc1ccccc1,0,authentic,authentic,,,O=C(N[C@@H](Cc1cscn1)C(=O)NCCC1CCCCC1)[C@@H](CC(=O)N1CCNCC1)Cc1ccccc1,train,669.9329999999999,3.4165000000000028,0.215286764685174,47,99
subcategory_halogen-walk.remove-Cl_808,COc1ccc2c(c1)c(CCN1CCOCC1)c(C)n2C(=O)c1ccccc1,1,halogen-walk,remove-Cl,COc1ccc2c(c1)c(CCN1CCOCC1)c(C)n2C(=O)c1ccc(Cl)cc1Cl,0 1 2 3 4 5 6 7 8 9 10 11 12 13 14 15 16 17 18 19 21 22 23 24 25 26,O=C(c1ccccc1)n1cc(CCN2CCOCC2)c2ccccc21,train,378.47200000000004,3.5215200000000024,0.6813830067970378,28,45
subcategory_halogen-walk.remove-Cl_1053,O=C1NC(=O)C(=Cc2ccccc2)N1,1,halogen-walk,remove-Cl,O=C1NC(=O)/C(=C/c2cccc(Cl)c2)N1,6 7 8 9 10 11 12,O=C1NC(=O)/C(=C/c2ccccc2)N1,train,188.186,0.8669,0.507086612378461,14,25
subcategory_halogen-walk.remove-Cl_425,CCCC[NH+](CCCC)C(C)COc1ccccc1C(=O)c1ccccc1.[I-],0,authentic,authentic,,,O=C(c1ccccc1)c1ccccc1,train,495.4450000000001,1.174000000000001,0.35436647847474245,28,47
subcategory_halogen-walk.remove-Cl_908,COC(=O)c1ccc(C(=O)N2CO[C@](CCN3CCC(C(N)=O)(c4ccccc4)CC3)(c3ccccc3C)C2)cc1,1,halogen-walk,remove-Cl,COC(=O)c1ccc(C(=O)N2CO[C@](CCN3CCC(C(N)=O)(c4ccccc4)CC3)(c3ccc(Cl)c(Cl)c3)C2)cc1,13 31 32 33 34 35 36 37,O=C(c1ccccc1)N1CO[C@](CCN2CCC(c3ccccc3)CC2)(c2ccccc2)C1,train,555.6750000000002,4.016220000000003,0.42159059793676973,41,73
subcategory_halogen-walk.remove-Cl_798,CCOC(=O)Cc1c(C)n(C(=O)c2ccccc2)c2ccc(OC)cc12,1,halogen-walk,remove-Cl,CCOC(=O)Cc1c(C)n(C(=O)c2ccc(Cl)cc2)c2ccc(OC)cc12,0 1 2 3 4 5 6 7 8 9 11 12 13 14 15 16 17 18 19 20 21 22 23 24 25,O=C(c1ccccc1)n1ccc2ccccc21,train,351.4020000000001,3.7524200000000034,0.6570208240190235,26,44
subcategory_halogen-walk.remove-Cl_1533,COc1ccc(CC(=O)NCC2(N3CCN(C(=O)[C@@H](Cc4cccc(C)c4)NC(=O)CCN)CC3)CCCCC2)cc1,1,halogen-walk,remove-Cl,COc1ccc(CC(=O)NCC2(N3CCN(C(=O)[C@@H](Cc4ccc(Cl)cc4Cl)NC(=O)CCN)CC3)CCCCC2)cc1,0 1 2 3 4 5 6 7 8 9 10 11 12 13 14 15 16 17 18 20 21 22 23 24 25 26 27 28 29 30 31 32 33 34 35 36 37 38 39 40 41,O=C(Cc1ccccc1)NCC1(N2CCN(C(=O)CCc3ccccc3)CC2)CCCCC1,train,577.7700000000002,2.585720000000004,0.3571788986942308,42,74
subcategory_halogen-walk.remove-Cl_797,Cc1cccc(S(=O)(=O)C2(F)CCC(NC(=O)c3ccccc3)CC2)c1,1,halogen-walk,remove-Cl,COc1cc(Cl)ccc1C(=O)NC1CCC(F)(S(=O)(=O)c2cccc(C)c2)CC1,0 1 2 3 4 5 6 7 8 9 10 11 12 13 14 16 17 18 19 20 21 22 23 24 25,O=C(NC1CCC(S(=O)(=O)c2ccccc2)CC1)c1ccccc1,val,375.46500000000015,3.807120000000003,0.8838835302184618,26,47
subcategory_halogen-walk.remove-Cl_136,COc1cc(/C=C/C(=O)N[C@H]2CCc3cc(OC)c(OC)c(OC)c3-c3ccc(SC)c(=O)cc32)ccc1O,0,authentic,authentic,,,O=C(/C=C/c1ccccc1)N[C@H]1CCc2ccccc2-c2cccc(=O)cc21,train,549.6450000000003,4.992600000000006,0.29923894562060654,39,71
subcategory_halogen-walk.remove-Cl_224,CCCc1nn(C)c(C(N)=O)c1N(O)C(=O)c1cc(S(=O)(=O)N2CCN(C)CC2)ccc1OCC,0,authentic,authentic,,,O=C(Nc1cn[nH]c1)c1cccc(S(=O)(=O)N2CCNCC2)c1,test,508.6010000000004,0.8423000000000027,0.3735210085308291,35,63
subcategory_halogen-walk.remove-Cl_226,Nc1nc(N)c2c(CNc3cc(Cl)c(Cl)c(Cl)c3)coc2n1,0,authentic,authentic,,,c1ccc(NCc2coc3ncncc23)cc1,train,358.6160000000001,3.9595000000000002,0.6123184605182765,22,41
subcategory_halogen-walk.remove-Cl_376,OCc1cc(C(O)CNCCCCOCCCCCc2ccccc2)ccc1O,0,authentic,authentic,,,c1ccc(CCCCCOCCCCNCCc2ccccc2)cc1,train,401.547,3.717300000000003,0.3420860127779323,29,37
subcategory_halogen-walk.remove-Cl_659,COc1ccc2c3c1O[C@H]1[C@@]4(OC)CC[C@@]5(C[C@@H]4COCc4ccc(OC(F)(F)F)cc4)[C@@H](C2)N(C)CC[C@]315,0,authentic,authentic,,,c1ccc(COC[C@H]2C[C@@]34CCC2[C@@H]2Oc5cccc6c5[C@@]23CCN[C@@H]4C6)cc1,test,545.5980000000001,5.2549000000000055,0.4736586458708158,39,92
subcategory_halogen-walk.remove-Cl_120,Cc1noc(C)c1C(c1ccc(C(C)C)cc1)N1CCNCC1,0,authentic,authentic,,,c1ccc(C(c2cnoc2)N2CCNCC2)cc1,train,313.4450000000001,3.409440000000001,0.9389856648286062,23,37
subcategory_halogen-walk.remove-Cl_318,C=CC(=CC)COc1ccc(-c2nc(C)c(C(=O)O)s2)cc1C#N,0,authentic,authentic,,,c1ccc(-c2nccs2)cc1,train,340.40400000000005,4.199500000000003,0.796850572396317,24,43
subcategory_halogen-walk.remove-Cl_514,CCOC(=O)C[C@@H](O)C[C@@H](O)C=Cc1c(C2CC2)nc2ccccc2c1-c1ccc(F)cc1,0,authentic,authentic,,,c1ccc(-c2cc(C3CC3)nc3ccccc23)cc1,train,449.5220000000001,4.996600000000004,0.44976665487620104,33,64
subcategory_halogen-walk.remove-Cl_724,COc1cccc2c1OC1C3CCC4(CN(Cc5ccccc5)CCC214)C(CO)C3,0,authentic,authentic,,,c1ccc(CN2CCC34c5ccccc5OC3C3CCC4(CC3)C2)cc1,train,405.5380000000002,4.008500000000003,0.8346801599306811,30,48
subcategory_halogen-walk.remove-Cl_973,CCN(CC)CCCC(C)N=C(Nc1cccc(Cl)c1)c1ccccc1,1,halogen-walk,remove-Cl,CCN(CC)CCCC(C)N=C(Nc1cccc(Cl)c1)c1ccc(Cl)cc1.Cl,11 20 21 22 23 24 25,N=C(Nc1ccccc1)c1ccccc1,test,371.9560000000001,5.709200000000005,0.45127057662249387,26,40
subcategory_halogen-walk.remove-Cl_1425,CC(C(=O)c1ccccc1)n1ccccc1=O,1,halogen-walk,remove-Cl,CC(C(=O)c1ccc(Cl)cc1)n1ccccc1=O,0 1 3 4 5 6 7 8 9 10 11 12 13 14 15 16,O=C(Cn1ccccc1=O)c1ccccc1,train,227.263,2.2922000000000002,0.7545377966114631,17,27
subcategory_halogen-walk.remove-Cl_476,Br.C[N+]1(C)[C@@H]2CC(OC(=O)C(O)(c3cccs3)c3cccs3)C[C@H]1[C@@H]1O[C@@H]12.O.O=C(O)c1ccccc1[O-],0,authentic,authentic,,,O=C(OC1C[C@@H]2[NH2+][C@H](C1)[C@H]1O[C@H]12)C(c1cccs1)c1cccs1.c1ccccc1,train,628.5630000000002,2.5573000000000015,0.250505735898268,38,93
subcategory_halogen-walk.remove-Cl_912,Cc1ccccc1-c1ccccc1CN1CCNCC1CCOCC(=O)O,1,halogen-walk,remove-Cl,O=C(O)COCCC1CNCCN1Cc1ccccc1-c1ccc(Cl)cc1,0 1 2 3 4 5 6 7,c1ccc(-c2ccccc2CN2CCNCC2)cc1,train,368.47700000000015,2.9271200000000004,0.7017575400586659,27,37
subcategory_halogen-walk.remove-Cl_805,CN1C2CCC1[C@H](C(=O)C(F)(F)F)[C@@H](c1ccccc1)C2,1,halogen-walk,remove-Cl,CN1C2CCC1[C@H](C(=O)C(F)(F)F)[C@@H](c1ccc(Cl)cc1)C2,13 14 15 16 17 18 19,c1ccc(C2CC3CCC(C2)N3)cc1,train,297.32,3.3843000000000023,0.83379405229432,21,47
subcategory_halogen-walk.remove-Cl_1164,c1ccc([C@@H]2CN3CCC[C@H]3c3ccccc32)cc1,1,halogen-walk,remove-Cl,Clc1ccc([C@@H]2CN3CCC[C@H]3c3ccccc32)cc1,0 1 2 3 5 6 7 8 9 10 11 12 13 14 15 16 17,c1ccc([C@@H]2CN3CCC[C@H]3c3ccccc32)cc1,train,249.35700000000003,3.969000000000003,0.7389116655211689,19,38
subcategory_halogen-walk.remove-Cl_368,CN(CC#CC#CC(C)(C)O)c1cccc2c1CCC(=O)N2,0,authentic,authentic,,,O=C1CCc2ccccc2N1,test,296.37,1.7852,0.8181371862361997,22,37
subcategory_halogen-walk.remove-Cl_640,FC(F)(F)c1ccc(C2CC(c3ccccc3)=Nc3ncnn32)cc1,0,authentic,authentic,,,c1ccc(C2=Nc3ncnn3C(c3ccccc3)C2)cc1,train,342.32400000000007,4.410800000000004,0.692214493469564,25,42
subcategory_halogen-walk.remove-Cl_11,C=CCN(CC=C)C(C)Oc1ccccc1C(=O)c1coc2ccccc12.CC(=O)O,0,authentic,authentic,,,O=C(c1ccccc1)c1coc2ccccc12,train,421.49300000000017,5.153500000000005,0.29224799114849076,31,50
subcategory_halogen-walk.remove-Cl_824,Cc1nn(C)c(N)c1C(=O)c1ccccc1,1,halogen-walk,remove-Cl,Cc1nn(C)c(N)c1C(=O)c1cccc(Cl)c1,0 1 2 3 4 5 6 7 9 10 11 12 13 14,O=C(c1ccccc1)c1cn[nH]c1,val,215.25600000000003,1.5417200000000004,0.7728572444660698,16,27
subcategory_halogen-walk.remove-Cl_1473,CCOc1cccc(NC(=O)Cc2c(C)n(C(=O)c3cccc(C)c3)c3ccc(OC)cc23)c1,1,halogen-walk,remove-Cl,CCOc1cccc(NC(=O)Cc2c(C)n(C(=O)c3ccc(Cl)cc3)c3ccc(OC)cc23)c1,16 18 19 20 21 22 23 24,O=C(Cc1cn(C(=O)c2ccccc2)c2ccccc12)Nc1ccccc1,train,456.54200000000014,5.535140000000005,0.3967011633664277,34,58
subcategory_halogen-walk.remove-Cl_1496,Cc1cccc(C2CC(=O)N(CCCCN3CCC(c4noc5cc(F)ccc45)CC3)C(=O)C2)c1,1,halogen-walk,remove-Cl,O=C1CC(c2ccc(Cl)cc2)CC(=O)N1CCCCN1CCC(c2noc3cc(F)ccc23)CC1,0 1 2 3 4 5 6 34,O=C1CC(c2ccccc2)CC(=O)N1CCCCN1CCC(c2noc3ccccc23)CC1,train,477.5800000000002,5.167720000000005,0.34706061228680746,35,59
subcategory_halogen-walk.remove-Cl_1062,Cc1c(CCCC(=O)O)c2cc(C(=O)O)ccc2n1C(=O)c1ccccc1,1,halogen-walk,remove-Cl,Cc1c(CCCC(=O)O)c2cc(C(=O)O)ccc2n1C(=O)c1ccc(Cl)cc1,0 1 2 3 4 5 6 7 8 9 10 11 12 13 14 15 16 17 18 20 21 22 23 24 25,O=C(c1ccccc1)n1ccc2ccccc21,train,365.3850000000001,3.7437200000000024,0.6934717426408384,27,46
subcategory_halogen-walk.remove-Cl_997,CN(CCc1ccccc1)C(=O)c1cccc(NC(=O)CBr)c1,1,halogen-walk,remove-Cl,CN(C[C@H](CCN1CCC(O)(c2ccccc2)CC1)c1ccc(Cl)c(Cl)c1)C(=O)c1cccc(NC(=O)CBr)c1,2 3 4 5 6 7 8 9,O=C(NC[C@H](CCN1CCC(c2ccccc2)CC1)c1ccccc1)c1ccccc1,train,375.266,3.3347000000000016,0.7878151273315722,23,38
subcategory_halogen-walk.remove-Cl_457,CCCc1nn(C)c2c(=O)[nH]c(-c3cc(S(=O)(=O)NC4CNC4OC(=O)C(F)(F)F)ccc3OCC)nc12,0,authentic,authentic,,,O=c1[nH]c(-c2cccc(S(=O)(=O)NC3CNC3)c2)nc2cn[nH]c12,train,558.539,1.3564999999999996,0.32994981876126506,38,72
subcategory_halogen-walk.remove-Cl_1282,O=C(O)Cc1ccc(Oc2ccccc2)cc1,1,halogen-walk,remove-Cl,O=C(O)Cc1ccc(Oc2ccc(Cl)cc2Cl)cc1,0 1 2 3 4 5 6 7 9 10 11 12 13 14 15 16,c1ccc(Oc2ccccc2)cc1,train,228.247,3.1060000000000016,0.8741090926053324,17,26
subcategory_halogen-walk.remove-Cl_392,O=C1CC(c2ccc(F)cc2)C(C(=O)Oc2ccc3c(c2)OCO3)CN1,0,authentic,authentic,,,O=C1CC(c2ccccc2)C(C(=O)Oc2ccc3c(c2)OCO3)CN1,test,357.33700000000016,2.3796999999999997,0.6744184970548236,26,46
subcategory_halogen-walk.remove-Cl_267,COc1ccnc2c1CCCC2S(=O)c1nc2ccc(F)cc2[nH]1,0,authentic,authentic,,,O=S(c1nc2ccccc2[nH]1)C1CCCc2cccnc21,train,345.399,3.2908000000000017,0.7908361848504388,24,40
subcategory_halogen-walk.remove-Cl_6,Cc1c(C)c2ccc(OCc3ccc(F)cc3)cc2oc1=O,0,authentic,authentic,,,O=c1ccc2ccc(OCc3ccccc3)cc2o1,test,298.31300000000005,4.127940000000003,0.6825412953855967,22,35
subcategory_halogen-walk.remove-Cl_985,O=C(NCC1CN(Cc2ccccc2)CCO1)c1ccccc1,1,halogen-walk,remove-Cl,COc1cc(N(C)C)c(Cl)cc1C(=O)NCC1CN(Cc2ccccc2)CCO1,1 17 18 19 20 21 22,O=C(NCC1CN(Cc2ccccc2)CCO1)c1ccccc1,train,310.397,2.3174,0.9213246934706154,23,34
subcategory_halogen-walk.remove-Cl_1065,CCc1ccc(O)c(/C(=N/O)c2ccccc2)c1,1,halogen-walk,remove-Cl,CCc1ccc(O)c(/C(=N/O)c2ccc(Cl)c(Cl)c2)c1,8 11 12 13 14 15 16,N=C(c1ccccc1)c1ccccc1,train,241.29,3.1812000000000014,0.49235436116533976,18,31
subcategory_halogen-walk.remove-Cl_1058,O=C(O)[C@@H](CCO)OCCN1CCN(C(c2ccccc2)c2ccccc2)CC1,1,halogen-walk,remove-Cl,O=C(O)[C@@H](CCO)OCCN1CCN(C(c2ccccc2)c2ccc(Cl)cc2)CC1,14 15 16 17 18 19 20,c1ccc(C(c2ccccc2)N2CCNCC2)cc1,train,398.5030000000001,2.2458,0.6395758964445771,29,49
subcategory_halogen-walk.remove-Cl_883,Cc1ccccc1[C@]1(CCN2CCC(C(N)=O)(c3ccccc3)CC2)CN(C(=O)c2ccc3ccccc3n2)CO1,1,halogen-walk,remove-Cl,NC(=O)C1(c2ccccc2)CCN(CC[C@@]2(c3ccc(Cl)c(Cl)c3)CN(C(=O)c3ccc4ccccc4n3)CO2)CC1,0 1 2 3 4 5 6 8 9 10 11 12 13 14 15 16 17 18 19 20 21 22 23 24 25 26 27 28 29 30 31 32 33 34 35 36 37 38 39 40,O=C(c1ccc2ccccc2n1)N1CO[C@](CCN2CCC(c3ccccc3)CC2)(c2ccccc2)C1,train,548.6870000000001,4.777820000000004,0.3592455106609154,41,70
subcategory_halogen-walk.remove-Cl_189,NC(CCCCCSc1cc(Cl)ccc1O)C(=O)O,0,authentic,authentic,,,c1ccccc1,train,303.81100000000004,3.1100000000000017,0.507479507588786,19,29
subcategory_halogen-walk.remove-Cl_1198,COc1ccc2c(c1)c(CC(=O)OCCc1ccccc1)cn2C(=O)c1ccccc1,1,halogen-walk,remove-Cl,COc1ccc2c(c1)c(CC(=O)OCCc1ccccc1)cn2C(=O)c1ccc(Cl)cc1,,O=C(Cc1cn(C(=O)c2ccccc2)c2ccccc12)OCCc1ccccc1,train,413.47300000000007,4.666800000000004,0.41341358712096565,31,49
subcategory_halogen-walk.remove-Cl_931,[2H]C1([2H])N(CCOCC(=O)O)C([2H])([2H])C([2H])([2H])N(C(c2ccccc2)c2ccccc2)C1([2H])[2H],1,halogen-walk,remove-Cl,Cl.[2H]C1([2H])N(CCOCC(=O)O)C([2H])([2H])C([2H])([2H])N(C(c2ccccc2)c2ccc(Cl)cc2)C1([2H])[2H],18 19 20 21 22 23 24,c1ccc(C(c2ccccc2)N2CCNCC2)cc1,train,362.49881422400006,2.4948000000000006,0.7314496754767331,26,85
subcategory_halogen-walk.remove-Cl_88,CCOc1ccc2c(c1)C1(C)CCN(CC3CC3)C(C2=O)C1C,0,authentic,authentic,,,O=C1c2ccccc2C2CCN(CC3CC3)C1C2,val,313.441,3.6597000000000026,0.8493981890341268,23,40
subcategory_halogen-walk.remove-Cl_1187,COc1ccccc1C(C)NC(=O)c1ccccc1,1,halogen-walk,remove-Cl,COc1ccccc1C(C)NC(=O)c1ccc(Cl)c(S(N)(=O)=O)c1,11 13 14 15 16 17 18,O=C(NCc1ccccc1)c1ccccc1,train,255.317,3.1862000000000013,0.9107965028541058,19,28
subcategory_halogen-walk.remove-Cl_988,CNC(=O)NS(=O)(=O)c1cccc(CCNC(=O)c2ccccc2)c1,1,halogen-walk,remove-Cl,CNC(=O)NS(=O)(=O)c1cccc(CCNC(=O)c2cc(Cl)ccc2OC)c1,16 18 19 20 21 22 23,O=C(NCCc1ccccc1)c1ccccc1,train,361.42300000000006,1.2767999999999995,0.7206887490380053,25,43
subcategory_halogen-walk.remove-Cl_437,CC(C)(C)CC(C)(C)c1ccc2c(c1)OCCOCCOCCOCc1cc(C(C)(C)C)cc(c1C(=O)O)COCCOCCOCCO2,0,authentic,authentic,,,c1cc2cc(c1)COCCOCCOCCOc1ccccc1OCCOCCOCCOC2,val,688.8990000000001,6.967100000000007,0.36319171097906644,49,76
subcategory_halogen-walk.remove-Cl_415,COCCCOc1ccnc(CSc2nc3ccc(C(F)(F)F)cc3[nH]2)c1C,0,authentic,authentic,,,c1ccc(CSc2nc3ccccc3[nH]2)nc1,test,411.44900000000007,4.992720000000004,0.4178872021854584,28,45
subcategory_halogen-walk.remove-Cl_1108,CCc1cc(Br)cnc1[C@@H](c1ccccc1)C1CCN(C(=O)CC2CCN(C(=O)[C@H](C)N)CC2)CC1,1,halogen-walk,remove-Cl,C[C@H](N)C(=O)N1CCC(CC(=O)N2CCC([C@H]3c4ncc(Br)cc4CCc4cc(Cl)cc(Br)c43)CC2)CC1,9 10 11 12 13 14 15,O=C(CC1CCNCC1)N1CCC([C@@H]2c3ccccc3CCc3cccnc32)CC1,train,555.5610000000003,4.752900000000004,0.5349576057837986,36,70
subcategory_halogen-walk.remove-Cl_1120,CC(C)(C)OC(=O)NC1CCN(CCOC(=O)c2ccccc2)CC1,1,halogen-walk,remove-Cl,COc1cc(N)c(Cl)cc1C(=O)OCCN1CCC(NC(=O)OC(C)(C)C)CC1,0 1 2 3 4 5 6 7 8 9 10 11 12 13 14 16 17 18 19 20 21 22 23 24,O=C(OCCN1CCCCC1)c1ccccc1,train,348.44300000000004,2.8325000000000014,0.8289298479711819,25,41
subcategory_halogen-walk.remove-Cl_1189,CC(C)COC(=O)OCN1C(=O)CCc2ccc(OCCCCN3CCN(c4ccccc4)CC3)cc21,1,halogen-walk,remove-Cl,CC(C)COC(=O)OCN1C(=O)CCc2ccc(OCCCCN3CCN(c4cccc(Cl)c4Cl)CC3)cc21,26 27 28 29 30 31 32,O=C1CCc2ccc(OCCCCN3CCN(c4ccccc4)CC3)cc2N1,train,509.6470000000004,4.713700000000005,0.320800449462165,37,57
subcategory_halogen-walk.remove-Cl_949,Cc1ccccc1C(=O)NC[C@H]1CCN(Cc2ccccc2)C1,1,halogen-walk,remove-Cl,CNc1cc(OC)c(C(=O)NC[C@H]2CCN(Cc3ccccc3)C2)cc1Cl,0 1 2 3 4 5 6 8 9 10 11 12 13 14 15 16 17 18 19 20 21 22,O=C(NC[C@H]1CCN(Cc2ccccc2)C1)c1ccccc1,train,308.425,3.246920000000002,0.9194067255337885,23,38
subcategory_halogen-walk.remove-Cl_683,O=C(O)c1ccc2ccc(/C=C/c3ccsc3)nc2c1O,0,authentic,authentic,,,C(=C\c1ccc2ccccc2n1)/c1ccsc1,val,297.33500000000004,3.870500000000001,0.7695623780208023,21,35
subcategory_halogen-walk.remove-Cl_1522,Nc1noc(N)c1Cc1ccccc1,1,halogen-walk,remove-Cl,Nc1noc(N)c1Cc1ccc(Cl)cc1,0 1 2 3 4 5 6 8 9 10 11 12,c1ccc(Cc2cnoc2)cc1,val,189.21800000000005,1.4298,0.7486211113276818,14,20
subcategory_halogen-walk.remove-Cl_1048,CCN(CC)CC(c1ccccc1F)N1CCN(C(=O)[C@@H](Cc2ccccc2)NC(=O)C2Cc3ccccc3C(C)(C)N2)CC1,1,halogen-walk,remove-Cl,CCN(CC)CC(c1ccccc1F)N1CCN(C(=O)[C@@H](Cc2ccc(Cl)cc2)NC(=O)C2Cc3ccccc3C(C)(C)N2)CC1,,O=C(N[C@H](Cc1ccccc1)C(=O)N1CCN(Cc2ccccc2)CC1)C1Cc2ccccc2CN1,val,613.822,4.529900000000003,0.3328922934288813,45,78
subcategory_halogen-walk.remove-Cl_14,C[C@]1(c2ccc(F)cc2)NC(=O)NC1=O,0,authentic,authentic,,,O=C1NC(=O)C(c2ccccc2)N1,train,208.19199999999998,0.8803000000000001,0.6729091082979298,15,30
subcategory_halogen-walk.remove-Cl_948,CCCC[C@H]1OC(=O)O[C@]1(Cn1cncn1)c1ccccc1,1,halogen-walk,remove-Cl,CCCC[C@H]1OC(=O)O[C@]1(Cn1cncn1)c1ccc(Cl)cc1Cl,9 16 17 18 19 20 21,O=C1OC[C@@](Cn2cncn2)(c2ccccc2)O1,train,301.346,2.8992000000000013,0.7674801485666308,22,40
subcategory_halogen-walk.remove-Cl_263,Cc1ccc(/C(=C/CN(C)C)c2cccnc2)cc1,0,authentic,authentic,,,C=C(c1ccccc1)c1cccnc1,train,252.36100000000005,3.383320000000002,0.8289461210629737,19,32
subcategory_halogen-walk.remove-Cl_663,O=C1CCCN(c2ccccc2)N1c1ccccc1,0,authentic,authentic,,,O=C1CCCN(c2ccccc2)N1c1ccccc1,val,252.31700000000004,3.235000000000002,0.8188675289697834,19,28
subcategory_halogen-walk.remove-Cl_469,CN1CCN(C2=Nc3cc(Cl)ccc3N(O)c3ccccc32)CC1,0,authentic,authentic,,,c1ccc2c(c1)N=C(N1CCNCC1)c1ccccc1N2,train,342.8300000000001,3.506400000000002,0.7952891936165508,24,40
subcategory_halogen-walk.remove-Cl_1258,Cc1ccccc1[C@H](c1ccccc1)N1CCN(CCOCCO)CC1,1,halogen-walk,remove-Cl,Cl.Cl.OCCOCCN1CCN([C@@H](c2ccccc2)c2ccc(Cl)cc2)CC1,0 1 2 3 4 5 6 7,c1ccc(C(c2ccccc2)N2CCNCC2)cc1,train,354.4940000000002,2.7109200000000007,0.7396752310671939,26,40
subcategory_halogen-walk.remove-Cl_1165,COC(=O)CN1CCN(Cc2ccccc2)CC1=O,1,halogen-walk,remove-Cl,COC(=O)CN1CCN(C(c2ccc(Cl)cc2)c2ccc(Cl)cc2)CC1=O,,O=C1CN(C(c2ccccc2)c2ccccc2)CCN1,train,262.309,0.5037999999999996,0.7416400709243428,19,29
subcategory_halogen-walk.remove-Cl_1487,COc1ccc(CNS(=O)(=O)c2ccc(CCNC(=O)c3ccccc3)cc2)cc1,1,halogen-walk,remove-Cl,COc1ccc(CNS(=O)(=O)c2ccc(CCNC(=O)c3cc(Cl)ccc3OC)cc2)cc1,0 1 2 3 4 5 6 7 8 9 10 11 12 13 14 15 16 17 19 20 21 22 23 24 25 26 27 28 29,O=C(NCCc1ccc(S(=O)(=O)NCc2ccccc2)cc1)c1ccccc1,train,424.52200000000005,3.146200000000002,0.5527104439401697,30,49
subcategory_halogen-walk.remove-Cl_197,COc1ccc(CCC(OC(=O)[C@@H]2CCCCN2C(=O)[C@@H](c2ccccc2)C(C)C)c2cccc(OCC(=O)O)c2)cc1OC,0,authentic,authentic,,,O=C(OC(CCc1ccccc1)c1ccccc1)[C@@H]1CCCCN1C(=O)Cc1ccccc1,val,617.7390000000003,6.205200000000007,0.21283538498734011,45,82
subcategory_halogen-walk.remove-Cl_279,COc1cccc2c1C/C(=C\c1ccncc1)C2=O,0,authentic,authentic,,,O=C1/C(=C/c2ccncc2)Cc2ccccc21,val,251.285,2.912600000000001,0.7702793289169177,19,31
subcategory_halogen-walk.remove-Cl_1352,CC(C)[C@H](CO)Nc1nc(Nc2ccccc2)c2ncn(C(C)C)c2n1,1,halogen-walk,remove-Cl,CC(C)[C@H](CO)Nc1nc(Nc2cccc(Cl)c2)c2ncn(C(C)C)c2n1,0 1 2 3 4 5 6 7 8 9 11 12 13 14 15 16 17 18 19 20 21 22 23 24 25,c1ccc(Nc2ncnc3[nH]cnc23)cc1,val,354.4580000000001,3.579600000000002,0.6009821822501745,26,46
subcategory_halogen-walk.remove-Cl_1083,OCCN1CCN(Cc2ccccc2)C(c2ccccc2)C1,1,halogen-walk,remove-Cl,OCCN1CCN(Cc2ccc(Cl)cc2)C(c2ccccc2)C1,0 1 2 3 4 5 6 8 9 10 11 12 13 14 15 16 17 18 19 20 21,c1ccc(CN2CCNCC2c2ccccc2)cc1,train,296.4140000000001,2.5378,0.9183305130704494,22,32
subcategory_halogen-walk.remove-Cl_940,COc1ccc2c(c1)c(CC(=O)OCc1ccccc1C)c(C)n2C(=O)c1ccccc1C,1,halogen-walk,remove-Cl,COc1ccc2c(c1)c(CC(=O)OCc1ccccc1C)c(C)n2C(=O)c1ccc(Cl)cc1,24 26 27 28 29 30 31 32,O=C(Cc1cn(C(=O)c2ccccc2)c2ccccc12)OCc1ccccc1,train,441.5270000000002,5.549560000000005,0.3682577889162897,33,53
subcategory_halogen-walk.remove-Cl_505,CN1C2CCCC1CC(NC(=O)c1cccc3[nH]cnc13)C2,0,authentic,authentic,,,O=C(NC1CC2CCCC(C1)N2)c1cccc2[nH]cnc12,train,298.3900000000001,2.308,0.8941467391134081,22,38
subcategory_halogen-walk.remove-Cl_834,[2H]C([2H])(OCCN1CCN(C(c2ccccc2)c2ccccc2)CC1)C(=O)O,1,halogen-walk,remove-Cl,[2H]C([2H])(OCCN1CCN([C@H](c2ccccc2)c2ccc(Cl)cc2)CC1)C(=O)O,0 1 2 3 4 5 6 7 8 9 11 12 13 14 15 16 17 18 19 20 21 22 23 24 25 26 27,c1ccc(C(c2ccccc2)N2CCNCC2)cc1,train,356.4622035560002,2.4947999999999997,0.7875668791741006,26,51
subcategory_halogen-walk.remove-Cl_756,CCCCNC(=O)C[S@@](=O)C(c1ccccc1)c1ccccc1,0,authentic,authentic,,,c1ccc(Cc2ccccc2)cc1,train,329.46500000000003,3.4410000000000025,0.7541761146679696,23,39
subcategory_halogen-walk.remove-Cl_656,COc1cc2c(cc1OC)C(=O)C(CC1CN(Cc3ccccc3)C1)C2,0,authentic,authentic,,,O=C1c2ccccc2CC1CC1CN(Cc2ccccc2)C1,train,351.4460000000001,3.5809000000000024,0.7973454471833598,26,43
subcategory_halogen-walk.remove-Cl_465,CCC(C)C(=O)N1C(=O)CCc2ccc(OCCCCN3CCN(c4cccc(Cl)c4Cl)CC3)cc21,0,authentic,authentic,,,O=C1CCc2ccc(OCCCCN3CCN(c4ccccc4)CC3)cc2N1,train,532.5120000000003,5.8265000000000065,0.38089657102119684,36,60
subcategory_halogen-walk.remove-Cl_291,COc1cc2c(c(OC)c1OC)-c1ccc(OC)c(=O)cc1[C@@H](NC(=O)OC(C)(C)C)CC2,0,authentic,authentic,,,O=c1cccc2c(c1)CCCc1ccccc1-2,train,457.5230000000003,4.260200000000003,0.71713303555575,33,63
subcategory_halogen-walk.remove-Cl_343,CCOC(=O)c1cc2cc(OCc3ccccc3)ccc2n1C(=O)c1ccccc1C(=O)O,0,authentic,authentic,,,O=C(c1ccccc1)n1ccc2cc(OCc3ccccc3)ccc21,train,443.45500000000015,4.783700000000004,0.41308544735119435,33,52
subcategory_halogen-walk.remove-Cl_1310,N[C@H]1N=C(c2ccccc2)c2ccccc2NC1=O,1,halogen-walk,remove-Cl,N[C@H]1N=C(c2cc(Cl)ccc2Cl)c2ccccc2NC1=O,3 4 5 6 7 8 9,O=C1CN=C(c2ccccc2)c2ccccc2N1,train,251.289,1.7609,0.810583185549862,19,33
subcategory_halogen-walk.remove-Cl_617,Cc1cc(C)c(C(CN(C)C)OCCCc2c(F)cccc2F)c(C)c1,0,authentic,authentic,,,c1ccc(CCCOCc2ccccc2)cc1,train,361.476,5.142160000000006,0.6035980848714073,26,42
subcategory_halogen-walk.remove-Cl_1057,CC(=O)Nc1nnc(-c2ccccc2)c(N)n1,1,halogen-walk,remove-Cl,CC(=O)Nc1nnc(-c2ccc(Cl)c(Cl)c2)c(N)n1,0 1 2 3 4 5 6 8 9 10 11 12 13 14 15 16,c1ccc(-c2cncnn2)cc1,train,229.24300000000002,1.0791999999999995,0.8031250469955656,17,29
subcategory_halogen-walk.remove-Cl_775,Fc1cc(F)cc(Cn2cc[nH]c2=S)c1,0,authentic,authentic,,,S=c1[nH]ccn1Cc1ccccc1,train,226.25100000000003,2.8721900000000007,0.7807654424663193,15,27
subcategory_halogen-walk.remove-Cl_9,O=C1CCc2c(OCC3(O)CCN(c4cccc(Cl)c4)CC3)ccc(F)c2N1,0,authentic,authentic,,,O=C1CCc2c(cccc2OCC2CCN(c3ccccc3)CC2)N1,train,404.8690000000001,3.7741000000000025,0.8138081153538914,28,48
subcategory_halogen-walk.remove-Cl_1537,Cn1cc(NC(=O)c2cc(NC(=O)c3cc(-c4ccccc4)cn3C)cn2C)cc1C(=O)NCCN1CCOCC1,1,halogen-walk,remove-Cl,Cn1cc(NC(=O)c2cc(NC(=O)c3cc(-c4ccc(Cl)cc4F)cn3C)cn2C)cc1C(=O)NCCN1CCOCC1,,O=C(NCCN1CCOCC1)c1cc(NC(=O)c2cc(NC(=O)c3cc(-c4ccccc4)c[nH]3)c[nH]2)c[nH]1,train,557.6550000000002,2.9357000000000006,0.2928920438756964,41,67
subcategory_halogen-walk.remove-Cl_296,CCCc1nc(CC)c2c(=O)[nH]c(-c3cc(S(=O)(=O)N(CC)CCN(C)C)ccc3OCC)nn12,0,authentic,authentic,,,O=c1[nH]c(-c2ccccc2)nn2cncc12,val,504.6570000000004,2.5704000000000002,0.40329965392304745,35,64
subcategory_halogen-walk.remove-Cl_190,Cc1ccc2c(c1)COC2(CCC(=O)N(C)C)c1ccc(F)cc1,0,authentic,authentic,,,c1ccc(C2OCc3ccccc32)cc1,train,327.399,3.776320000000003,0.8552290808765027,24,41
subcategory_halogen-walk.remove-Cl_1447,O=C(C1CCCC1)C(O)(Cn1cncn1)c1ccccc1,1,halogen-walk,remove-Cl,O=C(C1CCCC1)C(O)(Cn1cncn1)c1ccc(Cl)cc1Cl,0 1 2 3 4 5 6 8 9 10 11 12 13 14 15 16 17 18 19,O=C(C1CCCC1)C(Cn1cncn1)c1ccccc1,val,285.34700000000004,1.9252,0.9110795240082098,21,34
subcategory_halogen-walk.remove-Cl_406,O=c1cc(-c2ccc(O)cc2)oc2cc(O)cc(O)c12,0,authentic,authentic,,,O=c1cc(-c2ccccc2)oc2ccccc12,train,270.24,2.576800000000001,0.6318329361180623,20,36
subcategory_halogen-walk.remove-Cl_1434,O=C(O)Cc1ccccc1Oc1ccccc1,1,halogen-walk,remove-Cl,O=C(O)Cc1ccccc1Oc1ccc(Cl)cc1,0 1 2 3 4 5 6 7 8 9 11 12 13 14 15,c1ccc(Oc2ccccc2)cc1,train,228.24699999999999,3.1060000000000016,0.8741090926053324,17,24
subcategory_halogen-walk.remove-Cl_1549,COc1ccc2c(c1)c(CC(=O)NC[C@@H](O)c1ccccc1)c(C)n2C(=O)c1ccccc1,1,halogen-walk,remove-Cl,COc1ccc2c(c1)c(CC(=O)NC[C@@H](O)c1ccccc1)c(C)n2C(=O)c1ccc(Cl)cc1,0 1 2 3 4 5 6 7 8 9 10 11 12 13 14 15 16 17 18 19 20 21 22 23 24 26 27 28 29 30 31,O=C(Cc1cn(C(=O)c2ccccc2)c2ccccc12)NCCc1ccccc1,train,442.51500000000016,4.039120000000003,0.4527415710569018,33,60
subcategory_halogen-walk.remove-Cl_427,CC[C@H](C)[C@H](NC(=O)OCc1ccccc1)C(=O)N1CCC[C@H]1C(=O)N[C@@H](C)C(=O)N[C@H](/C=C/S(C)(=O)=O)CC(C)C,0,authentic,authentic,,,O=C(NCC(=O)N1CCCC1)OCc1ccccc1,train,606.7860000000002,2.9124000000000025,0.2946225722906681,42,98
subcategory_halogen-walk.remove-Cl_1109,CCN1CCCC(OC(=O)c2ccccc2)C1,1,halogen-walk,remove-Cl,CCN1CCCC(OC(=O)c2cc(Cl)c(N)cc2OC)C1,0 1 2 3 4 5 6 7 9 10 11 12 13 14 15 16,O=C(OC1CCCNC1)c1ccccc1,train,233.311,2.3277,0.750381045784463,17,26
subcategory_halogen-walk.remove-Cl_1510,CCN(Cc1ccccc1)S(=O)(=O)NS(=O)(=O)N1CCc2cc(Cl)c(Cl)c(Cl)c2C1,1,halogen-walk,remove-Cl,O=S(=O)(NS(=O)(=O)N1CCc2cc(Cl)c(Cl)c(Cl)c2C1)N1CCc2cc(Cl)c(Cl)c(Cl)c2C1,3 4 5 6 7 8 9,O=S(=O)(NS(=O)(=O)N1CCc2ccccc2C1)N1CCc2ccccc2C1,train,512.8680000000003,3.606200000000002,0.5743199057965278,30,59
subcategory_halogen-walk.remove-Cl_547,COc1ccccc1C(=O)N1CC[NH+](Cc2ccccc2F)CC1,0,authentic,authentic,,,O=C(c1ccccc1)N1CC[NH+](Cc2ccccc2)CC1,train,329.39500000000004,1.3751999999999993,0.9193984819644688,24,39
subcategory_halogen-walk.remove-Cl_237,CCCCS(=O)(=O)N(C)CCCNc1ccnc2cc(Cl)ccc12,0,authentic,authentic,,,c1ccc2ncccc2c1,train,369.91800000000006,3.7519000000000027,0.6835408775412327,24,39
subcategory_halogen-walk.remove-Cl_758,C=C(c1ccccc1OCC(O)CNC(C)(C)C)n1ccnc1C,0,authentic,authentic,,,C=C(c1ccccc1)n1ccnc1,train,329.444,2.8383200000000013,0.8199510290342678,24,37
subcategory_halogen-walk.remove-Cl_667,CCCCCc1c(C(C)C)nc(C(C)C)c(CO)c1-c1ccccc1N,0,authentic,authentic,,,c1ccc(-c2ccncc2)cc1,test,354.53800000000007,5.802600000000007,0.4648661521472369,26,41
subcategory_halogen-walk.remove-Cl_91,CC12CCC3C(CCC4=CC(=O)CC[C@@]43C)C1CCC2O,0,authentic,authentic,,,O=C1C=C2CCC3C4CCCC4CCC3C2CC1,train,288.431,3.879200000000003,0.7342296115534325,21,39
subcategory_halogen-walk.remove-Cl_60,CCOP(=O)(COc1ccc(Cl)cc1C(=O)NCCc1ccc(S(=O)(=O)NC(=O)NC2CCCCC2)cc1)OCC,0,authentic,authentic,,,O=C(NC1CCCCC1)NS(=O)(=O)c1ccc(CCNC(=O)c2ccccc2)cc1,train,630.0999999999999,5.2355000000000045,0.24041337088681092,41,69
subcategory_halogen-walk.remove-Cl_1499,Nc1nc(N)c2cc(CNc3ccccc3)ccc2n1,1,halogen-walk,remove-Cl,Cc1cc(Cl)ccc1NCc1ccc2nc(N)nc(N)c2c1,0 1 2 3 4 5 6 7 8 10 11 12 13 14 15 16 17 18 19,c1ccc(NCc2ccc3ncncc3c2)cc1,train,265.32,2.4063000000000008,0.6762580647008057,20,30
subcategory_halogen-walk.remove-Cl_946,Cc1ccccc1C(c1ccccc1)S(=O)(=O)CC(N)=O,1,halogen-walk,remove-Cl,NC(=O)CS(=O)(=O)C(c1ccccc1)c1cccc(Cl)c1,0 1 2 3 4 5 6 8 9 10 11 12 13 14 15 16 17 18 19 20,c1ccc(Cc2ccccc2)cc1,train,303.3830000000001,1.9845199999999996,0.9172196398784461,21,36
subcategory_halogen-walk.remove-Cl_1322,C[C@@]1(C(=O)N[C@@H](Cc2ccc(OC(=O)N3CCOCC3)cc2)C(=O)O)CCCN1S(=O)(=O)c1ccccc1,1,halogen-walk,remove-Cl,C[C@@]1(C(=O)N[C@@H](Cc2ccc(OC(=O)N3CCOCC3)cc2)C(=O)O)CCCN1S(=O)(=O)c1cc(Cl)cc(Cl)c1,0 1 2 3 4 5 6 7 8 9 10 11 12 13 14 15 16 17 18 19 20 21 22 23 24 25 26 27 28 30 31 32 33 34 35 36,O=C(NCCc1ccc(OC(=O)N2CCOCC2)cc1)C1CCCN1S(=O)(=O)c1ccccc1,val,545.6140000000004,1.8728999999999996,0.5120203273902616,38,76
subcategory_halogen-walk.remove-Cl_749,C(=N\NC1=NCCN1)/c1cccc2cc3ccccc3cc12,0,authentic,authentic,,,C(=N\NC1=NCCN1)/c1cccc2cc3ccccc3cc12,train,288.3540000000001,2.875700000000001,0.4326125374140188,22,36
subcategory_halogen-walk.remove-Cl_204,C[C@@H](OCc1cccc(CCNC[C@H](O)c2ccc(O)c(CO)c2)c1)c1ccccc1,0,authentic,authentic,,,c1ccc(CCNCCc2cccc(COCc3ccccc3)c2)cc1,train,421.5370000000001,4.028000000000003,0.35160314987623925,31,56
subcategory_halogen-walk.remove-Cl_666,COc1ccc2c3c1O[C@H]1C[C@@H](O)C=C[C@@]31CC[NH+](C)C2,0,authentic,authentic,,,C1=C[C@@]23CC[NH2+]Cc4cccc(c42)O[C@H]3CC1,train,288.367,0.43319999999999986,0.7368032866436378,21,51
subcategory_halogen-walk.remove-Cl_1272,O=C(NC1CCCCC1)NS(=O)(=O)c1ccc(CCNC(=O)c2ccccc2)cc1,1,halogen-walk,remove-Cl,O=C(NC1CCCCC1)NS(=O)(=O)c1ccc(CCNC(=O)c2cc(Cl)ccc2OCCF)cc1,20 22 23 24 25 26 27,O=C(NC1CCCCC1)NS(=O)(=O)c1ccc(CCNC(=O)c2ccccc2)cc1,train,429.5420000000002,2.979700000000001,0.629281344360307,30,50
subcategory_halogen-walk.remove-Cl_487,COCCOCCOCC(=O)OC[C@H]1O[C@@H](n2cnc(C(N)=O)n2)[C@H](O)[C@@H]1O,0,authentic,authentic,,,c1ncn([C@H]2CCCO2)n1,train,404.3760000000001,-2.7809999999999957,0.24233928385350076,28,62
subcategory_halogen-walk.remove-Cl_668,N=C(N)c1ccc(NCCCNc2ccc(C(=N)N)cc2)cc1,0,authentic,authentic,,,c1ccc(NCCCNc2ccccc2)cc1,train,310.40500000000003,2.1688400000000003,0.2538577233529492,23,37
subcategory_halogen-walk.remove-Cl_416,Cc1nc2n(c(=NO)c1CCN1CCC(c3noc4cc(F)ccc34)CC1)CCCC2,0,authentic,authentic,,,N=c1c(CCN2CCC(c3noc4ccccc34)CC2)cnc2n1CCCC2,train,425.50800000000027,3.520120000000002,0.5110920022247287,31,50
subcategory_halogen-walk.remove-Cl_1326,CCOC(=O)c1ccc(NCc2cccc(C)c2)cc1,1,halogen-walk,remove-Cl,CCOC(=O)c1ccc(NCc2ccc(Cl)cc2)cc1,0 1 2 3 4 5 6 7 8 9 11 12 13 14 15 16 17 18 19,c1ccc(CNc2ccccc2)cc1,val,269.344,3.783820000000002,0.8393364256350297,20,31
subcategory_halogen-walk.remove-Cl_1290,NC(=O)C1CN(C(c2ccccc2)c2ccccc2)CCN1CCOCC(=O)O,1,halogen-walk,remove-Cl,NC(=O)C1CN(C(c2ccccc2)c2ccc(Cl)cc2)CCN1CCOCC(=O)O,6 7 8 9 10 11 12,c1ccc(C(c2ccccc2)N2CCNCC2)cc1,train,397.4750000000003,1.3486999999999996,0.6203386998080594,29,45
subcategory_halogen-walk.remove-Cl_5,Nc1ncnc2c1nnn2C1OC(CO)C(O)C1O,0,authentic,authentic,,,c1ncc2nnn(C3CCCO3)c2n1,train,268.233,-2.5849999999999995,0.45935404590128776,19,29
subcategory_halogen-walk.remove-Cl_734,Clc1ccc2c(N3CCN(CCCN4CCN(c5ccnc6cc(Cl)ccc56)CC4)CC3)ccnc2c1,0,authentic,authentic,,,c1ccc2c(N3CCN(CCCN4CCN(c5ccnc6ccccc56)CC4)CC3)ccnc2c1,test,535.5230000000003,5.4241000000000055,0.3283219276191089,37,59
subcategory_halogen-walk.remove-Cl_785,C[C@H](n1ccnn1)[C@@](O)(Cn1cncn1)c1ccc(F)cc1,0,authentic,authentic,,,c1ccc(C(Cn2cncn2)Cn2ccnn2)cc1,train,302.31300000000005,1.1576999999999997,0.7645265946709457,22,44
subcategory_halogen-walk.remove-Cl_768,Cn1cnc([N+](=O)[O-])c1Sc1ncnc2c1NCN2,0,authentic,authentic,,,c1nc2c(c(Sc3cnc[nH]3)n1)NCN2,train,279.285,1.0643999999999996,0.48723407035463595,19,36
subcategory_halogen-walk.remove-Cl_1147,CS(=O)(=O)N1CCC(C(=O)N(CCCN2CCC(NC(=O)c3ccc(F)cc3)CC2)c2ccccc2)CC1,1,halogen-walk,remove-Cl,CS(=O)(=O)N1CCC(C(=O)N(CCCN2CCC(NC(=O)c3ccc(F)cc3)CC2)c2ccc(Cl)c(Cl)c2)CC1,10 30 31 32 33 34 35,O=C(NC1CCN(CCCN(C(=O)C2CCNCC2)c2ccccc2)CC1)c1ccccc1,train,544.6930000000001,3.1148000000000025,0.5241285068354842,38,66
subcategory_halogen-walk.remove-Cl_338,Cc1cc(C)cc(NN2C=NC(C)C2c2ccccc2)c1,0,authentic,authentic,,,C1=NCC(c2ccccc2)N1Nc1ccccc1,train,279.38700000000006,4.104040000000003,0.9154974551812788,21,34
subcategory_halogen-walk.remove-Cl_423,CN1C(=O)/C(=C\c2ccsc2)N=C(c2ccccc2)c2ccccc21,0,authentic,authentic,,,O=C1Nc2ccccc2C(c2ccccc2)=N/C1=C/c1ccsc1,val,344.4390000000001,4.603000000000003,0.6252748362004834,25,44
subcategory_halogen-walk.remove-Cl_102,CCOC(=O)c1c(Cl)nc2ccccc2c1-c1ccccc1,0,authentic,authentic,,,c1ccc(-c2ccnc3ccccc23)cc1,train,311.76800000000003,4.731900000000004,0.5181920866550064,22,35
subcategory_halogen-walk.remove-Cl_1351,N#Cc1ccc(Cn2ccnc2)cc1S(=O)(=O)c1ccccc1,1,halogen-walk,remove-Cl,N#Cc1ccc(Cn2ccnc2)cc1S(=O)(=O)c1ccc(Cl)cc1Cl,0 1 2 3 4 5 6 7 8 9 10 11 12 13 15 16 17 18 19 20 21,O=S(=O)(c1ccccc1)c1cccc(Cn2ccnc2)c1,val,323.37700000000007,2.635880000000001,0.7394157829954866,23,38
subcategory_halogen-walk.remove-Cl_238,O=C(O)[C@@H](CCO)OCCN1CCN(C(c2ccccc2)c2ccc(Cl)cc2)CC1,0,authentic,authentic,,,c1ccc(C(c2ccccc2)N2CCNCC2)cc1,train,432.9480000000001,2.8992000000000013,0.6010723077346583,30,53
subcategory_halogen-walk.remove-Cl_653,C=C(c1ccccc1)C(O)(Cn1cncn1)c1ccc(F)cc1,0,authentic,authentic,,,C=C(c1ccccc1)C(Cn1cncn1)c1ccccc1,train,309.344,3.0184000000000015,0.7879773888304419,23,38
subcategory_halogen-walk.remove-Cl_231,CCOc1cc(C(F)(F)F)ccc1C(=O)NC1(c2ccccc2)CCCN(C)C1,0,authentic,authentic,,,O=C(NC1(c2ccccc2)CCCNC1)c1ccccc1,test,406.4480000000002,4.455000000000004,0.7975193280237525,29,48
subcategory_halogen-walk.remove-Cl_543,CC(C)n1c(/C=C/C(O)CC(O)CC(=O)N=O)c(C2=CCC(F)C=C2)c2ccccc21,0,authentic,authentic,,,C1=CC(c2c[nH]c3ccccc23)=CCC1,train,426.48800000000006,4.711800000000004,0.5980721138102194,31,58
subcategory_halogen-walk.remove-Cl_1429,Cc1ccc(C(=O)NCC2(N3CCN(C(=O)[C@@H](Cc4cccc(C)c4)NC(=O)CCN)CC3)CCCCC2)cc1,1,halogen-walk,remove-Cl,Cc1ccc(C(=O)NCC2(N3CCN(C(=O)[C@@H](Cc4ccc(Cl)cc4Cl)NC(=O)CCN)CC3)CCCCC2)cc1,0 1 2 3 4 5 6 7 8 9 10 11 12 13 14 15 16 18 19 20 21 22 23 24 25 26 27 28 29 30 31 32 33 34 35 36 37 38 39,O=C(NCC1(N2CCN(C(=O)CCc3ccccc3)CC2)CCCCC1)c1ccccc1,train,547.7440000000005,2.956640000000003,0.4240345991455424,40,72
subcategory_halogen-walk.remove-Cl_955,CC(C)(C)/N=c1\c(O)c(O)c1=NCc1ccccc1,1,halogen-walk,remove-Cl,CC(C)(C)/N=c1\c(O)c(O)\c1=N/Cc1ccc(C#N)c(Cl)c1,0 1 2 3 4 5 6 7 8 9 10 12 13 14 15 16 17,N=c1cc/c1=N\Cc1ccccc1,train,258.32099999999997,1.7734999999999999,0.8618954723874411,19,35
subcategory_halogen-walk.remove-Cl_826,COc1ccc2c(c1)c(CC(=O)Nc1ccc(F)cc1)c(C)n2C(=O)c1ccccc1,1,halogen-walk,remove-Cl,COc1ccc2c(c1)c(CC(=O)Nc1ccc(F)cc1)c(C)n2C(=O)c1ccc(Cl)cc1,0 1 2 3 4 5 6 7 8 9 10 11 12 13 14 15 16 17 18 19 20 21 22 24 25 26 27 28 29,O=C(Cc1cn(C(=O)c2ccccc2)c2ccccc12)Nc1ccccc1,train,416.4520000000001,4.967120000000003,0.4998769756437728,31,53
subcategory_halogen-walk.remove-Cl_1590,O=C(c1ccc(Cl)cc1)C(O)(Cn1ccnc1)c1ccccc1,1,halogen-walk,remove-Cl,O=C(c1ccc(Cl)cc1)C(O)(Cn1ccnc1)c1ccc(Cl)cc1Cl,0 1 2 3 4 5 6 7 8 10 11 12 13 14 15 16 17 18 19 20 21,O=C(c1ccccc1)C(Cn1ccnc1)c1ccccc1,train,326.7830000000001,3.3072000000000017,0.7318191003429179,23,39
subcategory_halogen-walk.remove-Cl_1214,CNS(=O)(=O)c1ccc(F)c(C(=O)N(C)Cc2ccccc2)c1,1,halogen-walk,remove-Cl,CNS(=O)(=O)c1ccc(F)c(C(=O)N(C)Cc2cc(Cl)ccc2OC)c1,0 1 2 3 4 5 6 7 8 9 10 11 12 13 14 16 17 18 19 20 21 22,O=C(NCc1ccccc1)c1ccccc1,train,336.388,2.0060000000000002,0.908136461003715,23,42
subcategory_halogen-walk.remove-Cl_987,Cc1cc(SC2=C(O)OC(CCc3ccc(O)cc3)(C(C)C)CC2=O)c(C(C)(C)C)cc1NS(=O)(=O)c1ccccc1,1,halogen-walk,remove-Cl,Cc1cc(SC2=C(O)OC(CCc3ccc(O)cc3)(C(C)C)CC2=O)c(C(C)(C)C)cc1NS(=O)(=O)c1ccc(Cl)cc1,33 36 37 38 39 40 41,O=C1CC(CCc2ccccc2)OC=C1Sc1ccc(NS(=O)(=O)c2ccccc2)cc1,train,609.8100000000003,7.635120000000008,0.22854436431622946,42,76
subcategory_halogen-walk.remove-Cl_111,O=C(/C=C/c1ccccc1)c1ccc([N+](=O)[O-])cc1,0,authentic,authentic,,,O=C(/C=C/c1ccccc1)c1ccccc1,train,253.257,3.4909000000000017,0.36243255840828126,19,40
subcategory_halogen-walk.remove-Cl_1571,O=C1Nc2ccc(F)cc2C(c2ccccc2)=NC1F,1,halogen-walk,remove-Cl,O=C1Nc2ccc(F)cc2C(c2ccc(Cl)cc2)=NC1F,10 11 12 13 14 15 16,O=C1CN=C(c2ccccc2)c2ccccc2N1,train,272.254,2.910800000000001,0.7967188222101165,20,32
subcategory_halogen-walk.remove-Cl_278,COc1cccc(OC)c1OCCNCC1CO[C@@H](C(c2ccccc2)c2ccccc2)O1,0,authentic,authentic,,,c1ccc(OCCNCC2CO[C@@H](C(c3ccccc3)c3ccccc3)O2)cc1,val,449.5470000000001,4.245800000000004,0.4419872955743111,33,52
subcategory_halogen-walk.remove-Cl_712,CCOC(=O)c1cc2c3cc([N+](=O)[O-])ccc3nc(O)n2n1,0,authentic,authentic,,,c1ccc2c(c1)ncn1nccc21,train,302.24600000000004,1.6729999999999994,0.44355983116734704,22,44
subcategory_halogen-walk.remove-Cl_1049,O=C(O)COCCOCCN1CCN(C(c2ccccc2)c2ccccc2)CC1,1,halogen-walk,remove-Cl,Cl.Cl.O=C(O)COCCOCCN1CCN(C(c2ccccc2)c2ccc(Cl)cc2)CC1,14 15 16 17 18 19 20,c1ccc(C(c2ccccc2)N2CCNCC2)cc1,train,398.5030000000001,2.511400000000001,0.5871234050979133,29,42
subcategory_halogen-walk.remove-Cl_1281,O=C(NC1CCN2C[C@H](c3ccccc3)CC2C1)c1ccccc1,1,halogen-walk,remove-Cl,COc1cc(N)c(Cl)cc1C(=O)NC1CCN2C[C@H](c3ccccc3)CC2C1,1 18 19 20 21 22 23,O=C(NC1CCN2C[C@H](c3ccccc3)CC2C1)c1ccccc1,train,320.43600000000004,3.4369000000000023,0.9394445071522093,24,41
subcategory_halogen-walk.remove-Cl_551,NCCCCC(NC(CCc1ccccc1)C(=O)O)C(=O)N1CCCC1C(=O)O,0,authentic,authentic,,,O=C(CNCCCc1ccccc1)N1CCCC1,train,405.49500000000023,1.2352000000000007,0.38448821050031284,29,46
subcategory_halogen-walk.remove-Cl_206,CCOC(=O)C1(c2ccccc2)CCN(CC)CC1,0,authentic,authentic,,,c1ccc(C2CCNCC2)cc1,test,261.36499999999995,2.603200000000001,0.7802819418167378,19,30
subcategory_halogen-walk.remove-Cl_219,CCOCCOCCN1CCN(C2=Nc3ccccc3Sc3ccccc32)CC1.O=C(O)/C=C/C(=O)O,0,authentic,authentic,,,c1ccc2c(c1)N=C(N1CCNCC1)c1ccccc1S2,train,527.6430000000004,3.612000000000002,0.3730410303341385,37,58
subcategory_halogen-walk.remove-Cl_490,O=[N+]([O-])c1cccc(N(CCO)CCO)c1,0,authentic,authentic,,,c1ccccc1,train,226.23199999999994,0.3858,0.5407816606091637,16,31
subcategory_halogen-walk.remove-Cl_1398,O=C(N[C@H]1CCN2CCC[C@H]1C2)c1ccccc1,1,halogen-walk,remove-Cl,COc1c(C(=O)N[C@H]2CCN3CCC[C@H]2C3)ccc(N)c1Cl,1 12 13 14 15 16 17,O=C(N[C@H]1CCN2CCC[C@H]1C2)c1ccccc1,train,244.33800000000002,1.9007,0.8615009513863373,18,35
subcategory_halogen-walk.remove-Cl_916,c1ccc(N2CCN(Cc3c[nH]c4ncccc34)CC2)cc1,1,halogen-walk,remove-Cl,Clc1ccc(N2CCN(Cc3c[nH]c4ncccc34)CC2)cc1,0 1 2 3 5 6 7 8 9 10 11 12 13 14 15 16 17 18 19 20,c1ccc(N2CCN(Cc3c[nH]c4ncccc34)CC2)cc1,train,292.3860000000001,2.8851000000000013,0.8059696049993864,22,37
subcategory_halogen-walk.remove-Cl_452,OCc1cc([C@@H](O)CNCCCC(F)(F)C(F)(F)COCCCc2ccccc2)ccc1O,0,authentic,authentic,,,c1ccc(CCCOCCCCCCNCCc2ccccc2)cc1,test,473.50700000000023,4.207700000000004,0.23023917884439582,33,54
subcategory_halogen-walk.remove-Cl_354,CCCc1cn(C)c2c(=O)[nH]c(-c3cc(S(=O)(=O)N4CCC(CCC(=O)O)CC4)ccc3OCC)nc12,0,authentic,authentic,,,O=c1[nH]c(-c2cccc(S(=O)(=O)N3CCCCC3)c2)nc2cc[nH]c12,train,530.6470000000004,3.545300000000002,0.409293784441733,37,69
subcategory_halogen-walk.remove-Cl_1448,COc1ccc2c(c1)c(CC(=O)OCc1ccccn1)c(C)n2C(=O)c1ccccc1,1,halogen-walk,remove-Cl,COc1ccc2c(c1)c(CC(=O)OCc1ccccn1)c(C)n2C(=O)c1ccc(Cl)cc1,0 1 2 3 4 5 6 7 8 9 10 11 12 13 14 15 16 17 18 19 20 21 22 24 25 26 27 28 29,O=C(Cc1cn(C(=O)c2ccccc2)c2ccccc12)OCc1ccccn1,train,414.4610000000001,4.327720000000003,0.4394217867975576,31,51
subcategory_halogen-walk.remove-Cl_1199,CC(NC(=O)c1ccccc1)c1ccc(F)cc1,1,halogen-walk,remove-Cl,COc1ccc(Cl)cc1C(=O)NC(C)c1ccc(F)cc1,0 1 2 4 5 6 7 8 9 10 11 12 13 14 15 16 17,O=C(NCc1ccccc1)c1ccccc1,train,243.28099999999998,3.3167000000000018,0.8799132503038096,18,29
subcategory_halogen-walk.remove-Cl_1329,COc1ccc2c(c1)c(CC(=O)Nc1ccccc1OC)c(C)n2C(=O)c1ccccc1,1,halogen-walk,remove-Cl,COc1ccc2c(c1)c(CC(=O)Nc1ccccc1OC)c(C)n2C(=O)c1ccc(Cl)cc1,24 26 27 28 29 30 31,O=C(Cc1cn(C(=O)c2ccccc2)c2ccccc12)Nc1ccccc1,train,428.48800000000017,4.8366200000000035,0.477289480956482,32,52
subcategory_halogen-walk.remove-Cl_43,O=S1NC(Cc2coc3cc(Cl)ccc23)=NO1,0,authentic,authentic,,,O=S1NC(Cc2coc3ccccc23)=NO1,train,270.697,2.1407,0.9092687408438935,17,30
subcategory_halogen-walk.remove-Cl_1267,O=C1NC(=O)C(c2ccccc2)(c2ccccc2)N1,1,halogen-walk,remove-Cl,O=C1NC(=O)C(c2ccccc2)(c2ccc(Cl)cc2)N1,5 6 7 8 9 10 11,O=C1NC(=O)C(c2ccccc2)(c2ccccc2)N1,train,252.27300000000002,1.7696,0.8001945345367882,19,33
subcategory_halogen-walk.remove-Cl_1308,CCCC[C@H]1CN(Cc2ncc(Br)cc2CCc2ccccc2)CCN1C(=O)CC1CCN(C(N)=O)CC1,1,halogen-walk,remove-Cl,CCCC[C@H]1CN(C2c3ccc(Cl)cc3CCc3cc(Br)cnc32)CCN1C(=O)CC1CCN(C(N)=O)CC1,0 1 2 3 4 5 6 7 8 9 10 11 12 13 14 15 17 18 19 20 21 22 23 24 25 26 27 28 29 30 31 32 33 34 35 36 37,O=C(CC1CCNCC1)N1CCN(C2c3ccccc3CCc3cccnc32)CC1,train,584.6030000000002,5.013100000000004,0.4257561449063984,38,63
subcategory_halogen-walk.remove-Cl_1010,CN(CCNC(=O)c1ccccc1)C[C@@H]1CCCC[C@@]1(O)c1cccc(O)c1,1,halogen-walk,remove-Cl,COc1cc(N)c(Cl)cc1C(=O)NCCN(C)C[C@@H]1CCCC[C@@]1(O)c1cccc(O)c1,0 1 2 3 4 6 7 8 9 10 11 12 13 14 15 16 17 18 19 20 21 22 23 24 25 26 27,O=C(NCCNC[C@@H]1CCCCC1c1ccccc1)c1ccccc1,test,382.5040000000001,3.131800000000001,0.6879157612273491,28,52
subcategory_halogen-walk.remove-Cl_1517,CCc1nc2c(-c3ccccc3)ccnc2n1C(CC)CC,1,halogen-walk,remove-Cl,CCc1nc2c(-c3ccc(Cl)cc3Cl)ccnc2n1C(CC)CC,0 1 2 3 4 6 7 8 9 10 11 12 13 14 15 16 17 18 19 20 21,c1ccc(-c2ccnc3[nH]cnc23)cc1,train,293.4140000000001,5.021800000000003,0.6608416250601057,22,33
subcategory_halogen-walk.remove-Cl_388,Fc1ccc([C@@H]2CCN(CCCC3OCCNS3)C[C@H]2COc2ccc3c(c2)OCO3)cc1,0,authentic,authentic,,,c1ccc([C@@H]2CCN(CCCC3OCCNS3)C[C@H]2COc2ccc3c(c2)OCO3)cc1,train,474.59800000000024,4.413200000000003,0.5688867444109454,33,58
subcategory_halogen-walk.remove-Cl_556,CN(CCC(Oc1ccc(C(F)(F)F)cc1)c1ccccc1)CC(=O)[O-],0,authentic,authentic,,,c1ccc(COc2ccccc2)cc1,train,366.3590000000001,2.8973000000000013,0.7209539970123806,26,46
subcategory_halogen-walk.remove-Cl_1470,COc1ccc2c(c1)c(CC(=O)OCC(=O)OC(C)(C)C)c(C)n2C(=O)c1ccccc1,1,halogen-walk,remove-Cl,COc1ccc2c(c1)c(CC(=O)OCC(=O)OC(C)(C)C)c(C)n2C(=O)c1ccc(Cl)cc1,0 1 2 3 4 5 6 7 8 9 10 11 12 13 14 15 16 17 18 19 20 21 22 23 25 26 27 28 29 30,O=C(c1ccccc1)n1ccc2ccccc21,train,437.49200000000013,4.074220000000003,0.5406775205499469,32,57
subcategory_halogen-walk.remove-Cl_1294,CC(C)CCN1CCN(C(=O)C[C@@H](C(=O)N2CCN(c3ccccc3N(CC3CC3)S(C)(=O)=O)CC2)c2ccccc2)CC1,1,halogen-walk,remove-Cl,CC(C)CCN1CCN(C(=O)C[C@H](Cc2ccc(Cl)cc2)C(=O)N2CCN(c3ccccc3N(CC3CC3)S(C)(=O)=O)CC2)CC1,0 1 2 3 4 5 6 7 8 9 10 11 13 14 15 16 17 18 19 20 21 22 23 24 25 26 27 28 29 30 31 32 33 34 35 36 37 38 39 40 41 42 43,O=C(C[C@H](Cc1ccccc1)C(=O)N1CCN(c2ccccc2NCC2CC2)CC1)N1CCNCC1,train,623.8640000000001,3.8754000000000035,0.3571157423713878,44,81
subcategory_halogen-walk.remove-Cl_124,OCc1cc(C(O)CNCCc2cccc(COCc3ccccc3F)c2)ccc1O,0,authentic,authentic,,,c1ccc(CCNCCc2cccc(COCc3ccccc3)c2)cc1,train,425.5000000000001,3.6061000000000036,0.35305143558624147,31,43
subcategory_halogen-walk.remove-Cl_1289,O=C(N[C@H](Cc1ccccc1)C(=O)N1CCC(CN2C(=O)OCC23CCC3)(C2CCCCC2)CC1)[C@H]1Cc2ccccc2CN1,1,halogen-walk,remove-Cl,O=C(N[C@H](Cc1ccc(Cl)cc1)C(=O)N1CCC(CN2C(=O)OCC23CCC3)(C2CCCCC2)CC1)[C@H]1Cc2ccccc2CN1,4 5 6 7 8 9 10,O=C(N[C@H](Cc1ccccc1)C(=O)N1CCC(CN2C(=O)OCC23CCC3)(C2CCCCC2)CC1)[C@H]1Cc2ccccc2CN1,train,612.8150000000005,4.9924000000000035,0.438493991952313,45,82
subcategory_halogen-walk.remove-Cl_280,CC(=O)c1cc(OCc2cccc(Cl)c2)ccc1OCCCO,0,authentic,authentic,,,c1ccc(COc2ccccc2)cc1,train,334.7990000000002,3.8828000000000045,0.5876316490624044,23,35
subcategory_halogen-walk.remove-Cl_786,CC[C@H](C)[C@H](C(=O)O)N1C[C@H](CN2CCC(c3cc(Cc4ccc(C(C)(C)C)cc4)nn3CC)CC2)[C@@H](c2cccc(F)c2)C1,0,authentic,authentic,,,c1ccc(Cc2cc(C3CCN(C[C@H]4CNC[C@@H]4c4ccccc4)CC3)[nH]n2)cc1,train,616.8660000000003,7.324700000000009,0.24460759286936262,45,95
subcategory_halogen-walk.remove-Cl_573,COc1ccc(-n2nc(C(F)(F)F)c3c2C(=O)N(c2ccc(N4CCCCC4=O)cc2)CC3)cc1,0,authentic,authentic,,,O=C1CCCCN1c1ccc(N2CCc3cnn(-c4ccccc4)c3C2=O)cc1,train,484.47800000000035,4.619500000000004,0.5421867722876611,35,62
subcategory_halogen-walk.remove-Cl_357,COc1cccc2c1OC1C(OC)CCC3CN(CC4CC4)CCC231,0,authentic,authentic,,,c1ccc2c(c1)OC1CCCC3CN(CC4CC4)CCC231,val,343.4670000000002,3.234700000000002,0.8397767852884298,25,39
subcategory_halogen-walk.remove-Cl_836,Cc1ccccc1C(=O)C(O)(Cn1ccnc1)c1ccc(Cl)cc1,1,halogen-walk,remove-Cl,O=C(c1ccc(Cl)cc1)C(O)(Cn1ccnc1)c1ccc(Cl)cc1,0 1 2 3 4 5 6 8 9 10 11 12 13 14 15 16 17 18 19 20 21 22 23,O=C(c1ccccc1)C(Cn1ccnc1)c1ccccc1,train,340.81000000000006,3.6156200000000025,0.7216969658804381,24,40
subcategory_halogen-walk.remove-Cl_324,CS(=O)(=O)c1cc2nc(C(=O)O)cn2c2ccccc12,0,authentic,authentic,,,c1ccc2c(c1)ccc1nccn12,train,290.3,1.5892000000000002,0.7738530666391262,20,37
subcategory_halogen-walk.remove-Cl_500,c1ccc2c(c1)nc(NC1CCCC1)c1nncn12,0,authentic,authentic,,,c1ccc2c(c1)nc(NC1CCCC1)c1nncn12,train,253.30899999999997,2.6320000000000006,0.7624511118051808,19,31
subcategory_halogen-walk.remove-Cl_1367,Cc1cc(-n2ncc(=O)[nH]c2=O)cc(C)c1Sc1ccccc1,1,halogen-walk,remove-Cl,Cc1cc(-n2ncc(=O)[nH]c2=O)cc(C)c1Sc1ccc(Cl)cc1,16 17 18 19 20 21 22,O=c1cnn(-c2ccc(Sc3ccccc3)cc2)c(=O)[nH]1,train,325.39300000000003,2.688840000000001,0.803772162953752,23,41
subcategory_halogen-walk.remove-Cl_1232,[2H]C([2H])(OCC(=O)O)C([2H])([2H])N1CCN(Cc2ccccc2)CC1,1,halogen-walk,remove-Cl,[2H]C([2H])(OCC(=O)O)C([2H])([2H])N1CCN(C(c2ccccc2)c2ccc(Cl)cc2)CC1,,c1ccc(C(c2ccccc2)N2CCNCC2)cc1,train,282.37640711200004,0.9053999999999998,0.8052789883885387,20,53
subcategory_halogen-walk.remove-Cl_844,CC(C)(C)N(CCNC(=O)c1ccccc1)Cc1ccccc1,1,halogen-walk,remove-Cl,COc1cc(N)c(Cl)cc1C(=O)NCCN(Cc1ccccc1)C(C)(C)C,0 1 2 3 4 5 6 7 9 10 11 12 13 14 15 16 17 18 19 20 21 22,O=C(NCCNCc1ccccc1)c1ccccc1,train,310.44100000000003,3.717100000000003,0.8817611529866315,23,36
subcategory_halogen-walk.remove-Cl_1225,CN(C)CCC(c1ccccc1)c1ccc(Cl)cn1,1,halogen-walk,remove-Cl,CN(C)CCC(c1ccc(Cl)cc1)c1ccc(Cl)cn1,0 1 2 3 4 6 7 8 9 10 11 12 13 14 15 16 17 18,c1ccc(Cc2ccccn2)cc1,val,274.795,3.8186000000000027,0.8240069237957237,19,30
subcategory_halogen-walk.remove-Cl_924,CC(S(=O)(=O)c1ccccc1)S(=O)(=O)C(F)(F)F,1,halogen-walk,remove-Cl,CC(S(=O)(=O)c1ccc(Cl)cc1)S(=O)(=O)C(F)(F)F,2 5 6 7 8 9 10,c1ccccc1,train,302.29499999999996,1.7409000000000001,0.852639243716881,18,38
subcategory_halogen-walk.remove-Cl_304,CCN(CC)CCOc1ccc2oc3ccc(OCCN(CC)CC)cc3c2c1,0,authentic,authentic,,,c1ccc2c(c1)oc1ccccc12,test,398.54700000000025,5.027200000000005,0.4278741987578636,29,41
subcategory_halogen-walk.remove-Cl_230,COc1ccc(-c2nc(SC(F)(F)F)[nH]c2-c2ccc(OC)cc2)cc1,0,authentic,authentic,,,c1ccc(-c2nc[nH]c2-c2ccccc2)cc1,train,380.3910000000001,5.372800000000003,0.6044821240551912,26,47
subcategory_halogen-walk.remove-Cl_305,CC(C)CN(C[C@@H](O)[C@H](Cc1ccccc1)NC(=O)[C@@H](CS(=O)(=O)c1ccc(F)cc1)NS(C)(=O)=O)C(=O)NC(C)(C)C,0,authentic,authentic,,,O=C(CCS(=O)(=O)c1ccccc1)NCCc1ccccc1,test,642.816,2.0717000000000017,0.2294790376116399,43,95
subcategory_halogen-walk.remove-Cl_1492,O=C(NC1CCN(C2CCCCC2)C1)c1ccccc1,1,halogen-walk,remove-Cl,COc1cc(N)c(Cl)cc1C(=O)NC1CCN(C2CCCCC2)C1,0 2 3 4 5 6 7 8 9 10 11 12 13 14 15 16 17 18,O=C(NC1CCN(C2CCCCC2)C1)c1ccccc1,test,272.39199999999994,2.8234000000000004,0.9173896866179434,20,31
subcategory_halogen-walk.remove-Cl_285,Nc1nccnc1C(=O)NCc1cccc(S(=O)(=O)NCc2cccc(F)c2)c1,0,authentic,authentic,,,O=C(NCc1cccc(S(=O)(=O)NCc2ccccc2)c1)c1cnccn1,train,415.4500000000001,1.6063999999999992,0.5379903381947333,29,48
subcategory_halogen-walk.remove-Cl_252,CCC(=O)CCCCC[C@@H]1NC(=O)[C@H]2CCCN2C(=O)[C@H](Cc2ccccc2)NC(=O)C(C)(C)NC1=O,0,authentic,authentic,,,O=C1CNC(=O)[C@H]2CCCN2C(=O)[C@H](Cc2ccccc2)NC(=O)CN1,test,512.6510000000003,2.027700000000001,0.43687285886491145,37,75
subcategory_halogen-walk.remove-Cl_196,CC(C)c1ccc(-c2nc(=S)n(C(C)C)c3cc4c(cc23)OCO4)cc1,0,authentic,authentic,,,S=c1nc(-c2ccccc2)c2cc3c(cc2[nH]1)OCO3,train,366.48600000000016,5.865790000000005,0.543552462425544,26,48
subcategory_halogen-walk.remove-Cl_1261,O=c1cc(-c2ccccc2)oc2ccccc12,1,halogen-walk,remove-Cl,O=c1cc(-c2ccc(Cl)c(Cl)c2)oc2ccccc12,0 1 2 4 5 6 7 8 9 10 11 12 13 14 15 16,O=c1cc(-c2ccccc2)oc2ccccc12,train,222.243,3.4600000000000017,0.6307722261623976,17,27
subcategory_halogen-walk.remove-Cl_624,CCCc1nc(C(C)(C)O)c(C(=O)Oc2oc(=O)oc2C)n1Cc1ccc(-c2ccccc2-c2nn[nH]n2)cc1,0,authentic,authentic,,,O=C(Oc1coc(=O)o1)c1cncn1Cc1ccc(-c2ccccc2-c2nn[nH]n2)cc1,train,544.5680000000002,4.032220000000002,0.25905317352856916,40,71
subcategory_halogen-walk.remove-Cl_938,CSc1cc(CC(=O)O)n(C)c1C(=O)c1cccc(C)c1,1,halogen-walk,remove-Cl,CSc1cc(CC(=O)O)n(C)c1C(=O)c1ccc(Cl)cc1,0 1 2 3 4 5 6 7 8 9 10 11 13 14 15 16 17 18 19,O=C(c1ccccc1)c1ccc[nH]1,train,303.38300000000004,2.913520000000001,0.6813369662826316,21,37
subcategory_halogen-walk.remove-Cl_709,COC(=O)NNC(=O)[C@H](Cc1ccccc1)NC(C)=O,0,authentic,authentic,,,c1ccccc1,train,279.29600000000005,0.12099999999999939,0.6820318529790385,20,37
subcategory_halogen-walk.remove-Cl_1461,CCc1cc(Br)cnc1C(c1ccccc1)N1CCN(C(=O)CC2CCN(C(=O)OC(C)(C)C)CC2)CC1,1,halogen-walk,remove-Cl,CC(C)(C)OC(=O)N1CCC(CC(=O)N2CCN(C3c4ccc(Cl)cc4CCc4cc(Br)cnc43)CC2)CC1,0 1 2 3 4 5 6 7 8 10 11 12 13 14 15 16 17 18 19 20 21 22 23 24 25 26 27 28 29 30 31 32 33 34 35 36 37,O=C(CC1CCNCC1)N1CCN(C2c3ccccc3CCc3cccnc32)CC1,train,585.5870000000001,5.677300000000006,0.43690551282051193,38,65
subcategory_halogen-walk.remove-Cl_827,CCC(CO)c1nnc(-c2ccccc2)c(N)n1,1,halogen-walk,remove-Cl,CCC(CO)c1nnc(-c2cccc(Cl)c2Cl)c(N)n1,,c1ccc(-c2cncnn2)cc1,train,244.29800000000003,1.6066999999999998,0.852999235947023,18,29
subcategory_halogen-walk.remove-Cl_832,CC(=O)CCC(=O)COCCN1CCN(C(c2ccccc2)c2ccccc2)CC1,1,halogen-walk,remove-Cl,CC(=O)CCC(=O)COCCN1CCN(C(c2ccccc2)c2ccc(Cl)cc2)CC1,15 16 17 18 19 20 21,c1ccc(C(c2ccccc2)N2CCNCC2)cc1,train,408.5420000000001,3.3485000000000014,0.5339033821969917,30,46
subcategory_halogen-walk.remove-Cl_1435,O=C(NCCc1ccc(S(=O)(=O)NCCc2ccccc2)cc1)c1ccccc1,1,halogen-walk,remove-Cl,COc1ccc(Cl)cc1C(=O)NCCc1ccc(S(=O)(=O)NCCc2ccccc2)cc1,0 2 3 4 5 6 7 8 9 10 11 12 13 14 15 16 17 18 19 20 21 22 23 24 25 26 27,O=C(NCCc1ccc(S(=O)(=O)NCCc2ccccc2)cc1)c1ccccc1,train,408.523,3.1801000000000013,0.5710207744989938,29,46
subcategory_halogen-walk.remove-Cl_1511,CCc1ccc(O)c(S(=O)(=O)c2ccccc2)c1,1,halogen-walk,remove-Cl,CCc1ccc(O)c(S(=O)(=O)c2ccc(Cl)cc2)c1,0 1 2 3 4 5 6 7 9 10 11 12 13 14 15 16 17,O=S(=O)(c1ccccc1)c1ccccc1,test,262.33,2.7874000000000008,0.924994593153652,18,32
subcategory_halogen-walk.remove-Cl_1196,O=c1cc(-c2ccccc2)oc2cc(O)ccc12,1,halogen-walk,remove-Cl,O=c1cc(-c2ccc(Cl)c(Cl)c2)oc2cc(O)ccc12,0 1 2 4 5 6 7 8 9 10 11 12 13 14 15 16 17,O=c1cc(-c2ccccc2)oc2ccccc12,train,238.242,3.1656000000000013,0.7079980475353629,18,30
subcategory_halogen-walk.remove-Cl_1046,c1ccc(C(c2ccn(-c3ccccc3)c2)n2ccnc2)cc1,1,halogen-walk,remove-Cl,Clc1ccc(-n2ccc(C(c3ccccc3)n3ccnc3)c2)cc1,0 1 2 3 4 5 6 7 9 10 11 12 13 14 15 16 17 18 19 20 21 22,c1ccc(C(c2ccn(-c3ccccc3)c2)n2ccnc2)cc1,train,299.377,4.311500000000002,0.550324308651029,23,38
subcategory_halogen-walk.remove-Cl_868,COc1ccc2c(c1)c(CC(=O)N[C@@H](CO)CCSC)c(C)n2C(=O)c1ccccc1,1,halogen-walk,remove-Cl,COc1ccc2c(c1)c(CC(=O)N[C@@H](CO)CCSC)c(C)n2C(=O)c1ccc(Cl)cc1,23 25 26 27 28 29 30,O=C(c1ccccc1)n1ccc2ccccc21,train,440.5650000000001,3.419520000000002,0.5329690320811465,31,56
subcategory_halogen-walk.remove-Cl_470,CNc1nc(Cl)c(Sc2ccccc2)c(N2CCN(C)CC2)n1,0,authentic,authentic,,,c1ccc(Sc2cncnc2N2CCNCC2)cc1,train,349.8910000000002,3.0747000000000018,0.8557230095680834,23,38
subcategory_halogen-walk.remove-Cl_177,CC(C#N)C(O)(Cn1cncn1)c1ccc(F)cc1F,0,authentic,authentic,,,c1ccc(CCn2cncn2)cc1,train,278.262,1.6037800000000002,0.9214617112499479,20,33
subcategory_halogen-walk.remove-Cl_818,CCc1ccc(O)c([S+]([O-])c2ccccc2)c1,1,halogen-walk,remove-Cl,CCc1ccc(O)c([S+]([O-])c2ccc(Cl)cc2)c1,8 10 11 12 13 14 15,c1ccc([SH+]c2ccccc2)cc1,test,246.331,3.1213000000000015,0.8454926297275434,17,33
subcategory_halogen-walk.remove-Cl_1462,CCC(=O)N1CCC(CCN2CC[C@H](NC(=O)c3ccccc3)[C@H](OC)C2)CC1,1,halogen-walk,remove-Cl,CCC(=O)N1CCC(CCN2CC[C@H](NC(=O)c3cc(Cl)c(N)cc3OC)[C@H](OC)C2)CC1,15 17 18 19 20 21 22,O=C(NC1CCN(CCC2CCNCC2)CC1)c1ccccc1,val,401.55100000000016,2.5443999999999996,0.7627698280871452,29,55
subcategory_halogen-walk.remove-Cl_538,CN1[C@@H](CCc2ccc(OCCF)cc2)CCC[C@H]1CCc1ccc(OCCF)cc1.Cl,0,authentic,authentic,,,c1ccc(CC[C@H]2CCC[C@@H](CCc3ccccc3)N2)cc1,val,468.0280000000002,6.223300000000008,0.369393447252937,32,55
subcategory_halogen-walk.remove-Cl_1350,COC1=CC([C@H]2[C@H](NC(=O)c3ccccc3)C2(C)C)CC=C1S(N)(=O)=O,1,halogen-walk,remove-Cl,COC1=CC([C@H]2[C@H](NC(=O)c3cc(Cl)ccc3OC)C2(C)C)CC=C1S(N)(=O)=O,,O=C(N[C@@H]1C[C@H]1C1C=CC=CC1)c1ccccc1,train,376.4780000000001,2.1636,0.8225934702271077,26,57
subcategory_halogen-walk.remove-Cl_678,CCCOc1ccc(S(=O)(=O)N2CCN(CCOC(=O)OC)CC2)cc1-c1nc2c(CCCF)cn(CC)c2c(=O)[nH]1,0,authentic,authentic,,,O=c1[nH]c(-c2cccc(S(=O)(=O)N3CCNCC3)c2)nc2cc[nH]c12,train,607.7050000000002,3.191700000000001,0.2906609498468474,42,74
subcategory_halogen-walk.remove-Cl_1365,Cc1ccc(S(=O)(=O)NC(=O)NC(C)c2ccccc2)cc1,1,halogen-walk,remove-Cl,CCOc1ccc(Cl)cc1C(C)NC(=O)NS(=O)(=O)c1ccc(C)cc1,0 1 2 3 4 5 6 7 8 9 10 11 13 14 15 16 17 18 19 20 21,O=C(NCc1ccccc1)NS(=O)(=O)c1ccccc1,train,318.398,2.7441200000000014,0.9099229501086697,22,39
subcategory_halogen-walk.remove-Cl_574,CNC(=S)N(CCNC(=O)c1cc(Cl)ccc1OC)S(=O)(=O)c1ccccc1OC,0,authentic,authentic,,,O=C(NCCNS(=O)(=O)c1ccccc1)c1ccccc1,train,471.9880000000002,2.2821999999999996,0.5698776235075778,30,51
subcategory_halogen-walk.remove-Cl_1230,Nc1nc(N)c2cc(NC(=O)Cc3ccccc3)ccc2n1,1,halogen-walk,remove-Cl,Nc1nc(N)c2cc(NC(=O)Cc3ccc(Cl)c(Cl)c3)ccc2n1,0 1 2 3 4 5 6 7 8 9 10 12 13 14 15 16 17 18 19 20 21,O=C(Cc1ccccc1)Nc1ccc2ncncc2c1,train,293.33000000000004,1.9753999999999996,0.6841205331557153,22,35
subcategory_halogen-walk.remove-Cl_888,COc1ccc2c(c1)c(CC(=O)Oc1ccc3ccccc3c1)c(C)n2Cc1ccccc1,1,halogen-walk,remove-Cl,COc1ccc2c(c1)c(CC(=O)Oc1ccc3ccccc3c1)c(C)n2C(=O)c1ccc(Cl)cc1,25 26 27 28 29 30 31 32,O=C(Cc1cn(C(=O)c2ccccc2)c2ccccc12)Oc1ccc2ccccc2c1,test,435.52300000000014,6.3079200000000055,0.23184254386518924,33,52
subcategory_halogen-walk.remove-Cl_141,O=C(O)[C@H](c1ccc(Cl)cc1)N1C(=O)c2cc(I)ccc2NC(=O)[C@@H]1c1ccc(OC(F)(F)F)cc1,0,authentic,authentic,,,O=C1Nc2ccccc2C(=O)N(Cc2ccccc2)[C@H]1c1ccccc1,train,630.7440000000003,5.804700000000002,0.3475319195366789,36,75
subcategory_halogen-walk.remove-Cl_1162,O=S(=O)(Nc1nc2nc3c(c(O)n2n1)CCC3)c1ccccc1,1,halogen-walk,remove-Cl,O=S(=O)(Nc1nc2nc3c(c(O)n2n1)CCC3)c1ccc(Cl)cc1,,O=S(=O)(Nc1nc2nc3c(cn2n1)CCC3)c1ccccc1,train,331.35699999999997,1.1193999999999997,0.7441036610102892,23,41
subcategory_halogen-walk.remove-Cl_1153,COC(=O)c1[nH]c(C(C)(C)C)cc1NC(=O)Nc1ccccc1,1,halogen-walk,remove-Cl,COC(=O)c1[nH]c(C(C)(C)C)cc1NC(=O)Nc1cccc(Cl)c1Cl,,O=C(Nc1ccccc1)Nc1cc[nH]c1,train,315.37300000000005,3.7428000000000017,0.7544058137746096,23,42
subcategory_halogen-walk.remove-Cl_1472,CCNC(=O)N1CCCN(c2ccc(C(=O)NCCc3ccccc3)cc2NC(=O)c2cccc(OC)c2)CC1,1,halogen-walk,remove-Cl,CCNC(=O)N1CCCN(c2ccc(C(=O)NCCc3ccc(Cl)cc3Cl)cc2NC(=O)c2cccc(OC)c2)CC1,0 1 2 3 4 5 6 7 8 9 10 11 12 13 14 15 16 18 19 20 21 22 23 24 25 26 27 28 29 30 31 32 33 34 35 36 37 38 39,O=C(NCCc1ccccc1)c1ccc(N2CCCNCC2)c(NC(=O)c2ccccc2)c1,train,543.6680000000001,4.161600000000003,0.3761782288636025,40,63
subcategory_halogen-walk.remove-Cl_1194,COc1ccc2c(c1)c(CC(=O)NCCc1ccc(O)cc1)cn2C(=O)c1ccccc1,1,halogen-walk,remove-Cl,COc1ccc2c(c1)c(CC(=O)NCCc1ccc(O)cc1)cn2C(=O)c1ccc(Cl)cc1,0 1 2 3 4 5 6 7 8 9 10 11 12 13 14 15 16 17 18 19 20 21 22 23 25 26 27 28 29 30,O=C(Cc1cn(C(=O)c2ccccc2)c2ccccc12)NCCc1ccccc1,train,428.48800000000006,3.945400000000002,0.46719820400068707,32,52
subcategory_halogen-walk.remove-Cl_1306,CCOC(=O)Cc1nc(-c2cccc(C)c2)oc1-c1ccc(C(C)=O)o1,1,halogen-walk,remove-Cl,CCOC(=O)Cc1nc(-c2ccc(Cl)cc2)oc1-c1ccc(C(C)=O)o1,6,c1ccc(-c2ncc(-c3ccco3)o2)cc1,train,353.37400000000014,4.218220000000004,0.48733763711789535,26,46
subcategory_halogen-walk.remove-Cl_626,Nc1nnc(-c2cc(Cl)cc(C(F)(F)F)c2)c(N)n1,0,authentic,authentic,,,c1ccc(-c2cncnn2)cc1,train,289.648,2.3751999999999995,0.8408315665283329,19,37
subcategory_halogen-walk.remove-Cl_830,Clc1ccc2c(NC(c3ccccc3)c3ccc(CN4CCNCC4)cc3)ccnc2c1,1,halogen-walk,remove-Cl,Clc1ccc(C(Nc2ccnc3cc(Cl)ccc23)c2ccc(CN3CCNCC3)cc2)cc1,0 1 2 3 4 5 6 8 9 10 11 12 13 14 15 16 17 18 19 20 21 22 23 24 25 26 27 28 29 30 31,c1ccc(C(Nc2ccnc3ccccc23)c2ccc(CN3CCNCC3)cc2)cc1,train,442.99400000000026,5.494900000000005,0.4136350904342849,32,49
subcategory_halogen-walk.remove-Cl_1207,CCOC(=O)C(C)(C)c1nc(-c2ccccc2C)oc1-c1ccco1,1,halogen-walk,remove-Cl,CCOC(=O)C(C)(C)c1nc(-c2ccc(Cl)cc2)oc1-c1ccco1,0 1 2 3 4 5 6 7 8 9 11 12 13 14 15 16 17 18 19 20 21 22 23 24,c1ccc(-c2ncc(-c3ccco3)o2)cc1,train,339.3910000000001,4.750720000000005,0.627568280765687,25,42
subcategory_halogen-walk.remove-Cl_420,Cn1c(=O)c2c(c3cc([N+](=O)[O-])ccc31)OC(C(C)(C)O)C2,0,authentic,authentic,,,O=c1[nH]c2ccccc2c2c1CCO2,train,304.302,1.5210999999999997,0.6702417903406688,22,50
subcategory_halogen-walk.remove-Cl_1021,NCC(=O)NC1C[N+]2(CC3=C(C(=O)[O-])N4C(=O)[C@@H](NC(=O)CSc5ccccc5)[C@H]4SC3)CCC1CC2,1,halogen-walk,remove-Cl,NCC(=O)NC1C[N+]2(CC3=C(C(=O)[O-])N4C(=O)[C@@H](NC(=O)CSc5cc(Cl)ccc5Cl)[C@H]4SC3)CCC1CC2,22 23 24 25 26 27 28,O=C(CSc1ccccc1)N[C@@H]1C(=O)N2C=C(C[N+]34CCC(CC3)CC4)CS[C@H]12,val,545.6870000000001,-1.1334999999999935,0.20083336927665368,37,81
subcategory_halogen-walk.remove-Cl_707,CCNC(=O)OC[N+]1(CCc2c(C)nc3n(c2=O)CCCC3)CCC(c2noc3cc(F)ccc23)CC1,0,authentic,authentic,,,O=c1c(CC[NH+]2CCC(c3noc4ccccc34)CC2)cnc2n1CCCC2,train,512.6060000000004,3.8088200000000025,0.48361182544583997,37,64
subcategory_halogen-walk.remove-Cl_422,C[C@@H](O)Cn1cnc2c(=O)[nH]c(N)nc21,0,authentic,authentic,,,O=c1[nH]cnc2[nH]cnc12,train,209.209,-0.9173999999999998,0.5922921164175339,15,34
subcategory_halogen-walk.remove-Cl_155,COc1cc(NC(=O)C2CC2)c(Cl)cc1C(=O)N[C@H]1CCN(CCc2ccccc2)C1,0,authentic,authentic,,,O=C(N[C@H]1CCN(CCc2ccccc2)C1)c1ccc(NC(=O)C2CC2)cc1,train,441.95900000000023,3.7439000000000027,0.6542158426913568,31,56
subcategory_halogen-walk.remove-Cl_986,COC(=O)CN1CCN(C(c2ccccc2)c2ccc(Cl)cc2)CC1=O,1,halogen-walk,remove-Cl,COC(=O)CN1CCN(C(c2ccc(Cl)cc2)c2ccc(Cl)cc2)CC1=O,0 1 2 3 4 5 6 7 8 10 11 12 13 14 15 16 17 18 19 20 21 22 23 24 25,O=C1CN(C(c2ccccc2)c2ccccc2)CCN1,train,372.85200000000015,2.746600000000001,0.7571666532168563,26,43
subcategory_halogen-walk.remove-Cl_321,CCC(C)(C)/N=c1\c(O)c(O)\c1=N/Cc1ccc(C)cc1C,0,authentic,authentic,,,N=c1cc/c1=N\Cc1ccccc1,train,300.40200000000004,2.7804400000000014,0.9115766151353387,22,42
subcategory_halogen-walk.remove-Cl_451,COc1ccc2c(c1)c(CC(=O)Nc1ccccc1Cl)c(C)n2C(=O)c1ccc(Cl)cc1,0,authentic,authentic,,,O=C(Cc1cn(C(=O)c2ccccc2)c2ccccc12)Nc1ccccc1,train,467.3520000000002,6.134820000000005,0.3839806174648607,32,56
subcategory_halogen-walk.remove-Cl_19,COc1ccc2c3c1O[C@H]1[C@@]4(OC)C=C[C@@]5(C[C@@H]4[C@](C)(O)CCc4ccccc4)[C@@H](C2)N(C)CC[C@]315,0,authentic,authentic,,,C1=C[C@]23C[C@H](CCCc4ccccc4)C1[C@@H]1Oc4cccc5c4[C@@]12CCN[C@@H]3C5,val,487.6400000000003,4.299300000000004,0.6160979931073666,36,91
subcategory_halogen-walk.remove-Cl_195,CNC(=O)c1oc(C(C)(C)C)cc1NC(=O)Nc1ccc(C)cc1,0,authentic,authentic,,,O=C(Nc1ccccc1)Nc1ccoc1,train,329.40000000000003,3.889120000000002,0.7985890208464885,24,42
subcategory_halogen-walk.remove-Cl_1338,O=C(CCCc1ccccc1)NCC1CCN(CCOC(=O)c2ccccc2)CC1,1,halogen-walk,remove-Cl,COc1cc(N)c(Cl)cc1C(=O)OCCN1CCC(CNC(=O)CCCc2ccccc2)CC1,20 22 23 24 25 26 27,O=C(CCCc1ccccc1)NCC1CCN(CCOC(=O)c2ccccc2)CC1,test,408.5420000000002,3.6945000000000023,0.6093114898304689,30,44
subcategory_halogen-walk.remove-Cl_717,COc1cccc(CC2CCN(CCc3ccccc3)CC2)c1,0,authentic,authentic,,,c1ccc(CCN2CCC(Cc3ccccc3)CC2)cc1,train,309.45300000000003,4.192400000000004,0.793014356132618,23,33
subcategory_halogen-walk.remove-Cl_586,O=C(O)c1cn2c(ccc3cc(Cl)ccc32)n1,0,authentic,authentic,,,c1ccc2c(c1)ccc1nccn12,train,246.653,2.839100000000001,0.7183325080903872,17,31
subcategory_halogen-walk.remove-Cl_32,CC[C@H]1OC(=O)CC(O)[C@H](C)[C@@H](O[C@@H]2O[C@H](C)C[C@H](N(C)C)[C@H]2O)[C@@H](CCN2CCCCC2)C[C@@H](C)C(=O)/C=C/[C@]2(C)O[C@H]2[C@@H]1C,0,authentic,authentic,,,O=C1/C=C/C2O[C@H]2CCOC(=O)CCC[C@@H](O[C@H]2CCCCO2)[C@@H](CCN2CCCCC2)CC1,test,650.8980000000004,3.9574000000000042,0.30953294791125135,46,133
subcategory_halogen-walk.remove-Cl_1098,COC(=O)Cc1c(C)n(C(=O)c2ccccc2)c2ccc(OCCN3COc4ccccc4C3=O)cc12,1,halogen-walk,remove-Cl,COC(=O)Cc1c(C)n(C(=O)c2ccc(Cl)cc2)c2ccc(OCCN3COc4ccccc4C3=O)cc12,0 1 2 3 4 5 6 7 8 10 11 12 13 14 15 16 17 18 19 20 21 22 23 24 25 26 27 28 29 30 31 32 33 34 35 36,O=C1c2ccccc2OCN1CCOc1ccc2c(ccn2C(=O)c2ccccc2)c1,train,498.53500000000037,4.224820000000004,0.35471895903979994,37,60
subcategory_halogen-walk.remove-Cl_697,NCCCC[C@H](NC(CCc1ccc(F)cc1)C(=O)O)C(=O)N1CCC[C@H]1C(=O)O,0,authentic,authentic,,,O=C(CNCCCc1ccccc1)N1CCCC1,train,423.48500000000024,1.3743000000000005,0.37328809893404374,30,57
subcategory_halogen-walk.remove-Cl_1247,CS(=O)(=O)N1CCc2c(c(-c3ccc(Br)cc3)nn2CCCN2CCC(NC(=O)COc3ccccc3)CC2)C1,1,halogen-walk,remove-Cl,CS(=O)(=O)N1CCc2c(c(-c3ccc(Br)cc3)nn2CCCN2CCC(N3C(=O)COc4ccc(Cl)cc43)CC2)C1,30 31 32 33 34 35 36,O=C1COc2ccccc2N1C1CCN(CCCn2nc(-c3ccccc3)c3c2CCNC3)CC1,test,630.6090000000002,3.6800000000000024,0.36751176444177275,40,69
subcategory_halogen-walk.remove-Cl_389,COCCCOc1ccnc(CS(=O)c2nc3ccc(C)cc3[nH]2)c1C,0,authentic,authentic,,,O=S(Cc1ccccn1)c1nc2ccccc2[nH]1,train,373.47800000000007,3.2978400000000017,0.6131906558241048,26,42
subcategory_halogen-walk.remove-Cl_1437,COc1ccc2c(c1)c(CC(=O)OCCc1ccccc1)cn2Cc1ccccc1,1,halogen-walk,remove-Cl,COc1ccc2c(c1)c(CC(=O)OCCc1ccccc1)cn2C(=O)c1ccc(Cl)cc1,,O=C(Cc1cn(C(=O)c2ccccc2)c2ccccc12)OCCc1ccccc1,train,399.49000000000007,5.026600000000004,0.3904313517963893,30,45
subcategory_halogen-walk.remove-Cl_1404,Cc1cccc(Oc2ccccc2C(=O)NC2CCN(S(C)(=O)=O)CC2)c1,1,halogen-walk,remove-Cl,CS(=O)(=O)N1CCC(NC(=O)c2ccccc2Oc2ccc(Cl)cc2CI)CC1,6,O=C(NC1CCNCC1)c1ccccc1Oc1ccccc1,train,388.48900000000015,2.9411200000000015,0.854482405985467,27,46
subcategory_halogen-walk.remove-Cl_839,O=C(/C=C/c1ccccc1)Oc1ccc(C(=O)C=Cc2ccccc2)cc1,1,halogen-walk,remove-Cl,O=C(/C=C/c1ccccc1)Oc1ccc(C(=O)/C=C/c2ccc(Cl)cc2)cc1,18 19 20 21 22 23 24,O=C(/C=C/c1ccccc1)Oc1ccc(C(=O)/C=C/c2ccccc2)cc1,train,354.40500000000003,5.201500000000005,0.26436638728073797,27,45
subcategory_halogen-walk.remove-Cl_850,CN(C)S(=O)(=O)c1ccc([C@@H]2[C@@H](NC(=O)c3ccccc3)C2(C)C)cc1,1,halogen-walk,remove-Cl,COc1ccc(Cl)cc1C(=O)N[C@@H]1[C@@H](c2ccc(S(=O)(=O)N(C)C)cc2)C1(C)C,,O=C(N[C@H]1C[C@@H]1c1ccccc1)c1ccccc1,train,372.4900000000001,2.858900000000001,0.8775844614714283,26,59
subcategory_halogen-walk.remove-Cl_1122,C[C@@]1(Cc2ccc(Br)cc2)C(=O)N(c2ccccc2)c2ncc(S(=O)(=O)N3CCCC(O)C3)n21,1,halogen-walk,remove-Cl,C[C@@]1(Cc2ccc(Br)cc2)C(=O)N(c2cc(Cl)cc(Cl)c2)c2ncc(S(=O)(=O)N3CCCC(O)C3)n21,12 13 14 15 16 17 18,O=C1C(Cc2ccccc2)n2c(S(=O)(=O)N3CCCCC3)cnc2N1c1ccccc1,train,545.4590000000002,3.427200000000002,0.5304111956616527,34,68
subcategory_halogen-walk.remove-Cl_174,CNC(=O)OCn1oc(=O)c2ccccc21,0,authentic,authentic,,,O=c1o[nH]c2ccccc12,val,222.20000000000002,0.9079999999999999,0.8190559123415083,16,26
subcategory_halogen-walk.remove-Cl_491,CC[C@@H](C)NC(=O)CCN(Cc1ccccc1)C(=O)c1cnccn1,0,authentic,authentic,,,O=C(NCc1ccccc1)c1cnccn1,train,340.4270000000001,2.423800000000001,0.8006711168295715,25,44
subcategory_halogen-walk.remove-Cl_1560,CN1CCC[C@@]12CCCC[C@@H]2NC(=O)c1ccccc1,1,halogen-walk,remove-Cl,CN1CCC[C@@]12CCCC[C@@H]2NC(=O)c1ccc(Cl)c(Cl)c1,0 1 2 3 4 5 6 7 8 9 10 11 13 14 15 16 17 18,O=C(N[C@H]1CCCC[C@@]12CCCN2)c1ccccc1,train,272.392,2.8234000000000012,0.8976051141199175,20,38
subcategory_halogen-walk.remove-Cl_930,C[C@@H](COc1ccccc1)NS(=O)(=O)c1ccc(Oc2ccc(F)cc2)cc1,1,halogen-walk,remove-Cl,C[C@@H](COc1ccc(Cl)cc1C(N)=O)NS(=O)(=O)c1ccc(Oc2ccc(F)cc2)cc1,3 4 5 6 7 8 9,O=S(=O)(NCCOc1ccccc1)c1ccc(Oc2ccccc2)cc1,train,401.4590000000001,4.363800000000003,0.6090033269623317,28,51
subcategory_halogen-walk.remove-Cl_977,CC1(C)OC(=O)Nc2ccc(-c3ccccc3)cc21,1,halogen-walk,remove-Cl,CC1(C)OC(=O)Nc2ccc(-c3cccc(Cl)c3)cc21,,O=C1Nc2ccc(-c3ccccc3)cc2CO1,train,253.30100000000002,4.150800000000002,0.8286325073135403,19,33
subcategory_halogen-walk.remove-Cl_1530,CS(=O)(=O)c1ccc(CC2CCN(CCCN(C(=O)C3CCN(S(C)(=O)=O)CC3)c3ccccc3)CC2)cc1,1,halogen-walk,remove-Cl,CS(=O)(=O)c1ccc(CC2CCN(CCCN(C(=O)C3CCN(S(C)(=O)=O)CC3)c3ccc(Cl)c(Cl)c3)CC2)cc1,0 1 2 3 4 5 6 7 8 9 10 11 12 13 14 15 17 18 19 20 21 22 23 24 25 26 27 28 29 30 31 32 33 34 35 36 37 38,O=C(C1CCNCC1)N(CCCN1CCC(Cc2ccccc2)CC1)c1ccccc1,train,575.7970000000001,3.4395000000000024,0.4308984503900343,39,70
subcategory_halogen-walk.remove-Cl_978,O=C(NCCc1ccccc1)c1cc(S(=O)(=O)N2CCOCC2)ccc1F,1,halogen-walk,remove-Cl,COc1ccc(Cl)cc1C(=O)CNC(=O)c1cc(S(=O)(=O)N2CCOCC2)ccc1F,0 1 2 4 5 6 7 8 9 10 11 12 13 14 15 16 17 18 19 20 21 22 23 24 25 26,O=C(CNC(=O)c1cccc(S(=O)(=O)N2CCOCC2)c1)c1ccccc1,train,392.4520000000002,1.8190999999999997,0.8137533489296318,27,44
subcategory_halogen-walk.remove-Cl_1559,O=C1CN=C(c2ccccc2)c2ccccc2N1,1,halogen-walk,remove-Cl,Cl.O=C1CN=C(c2ccc(Cl)cc2)c2ccccc2N1,0 1 2 3 5 6 7 8 9 10 11 12 13 14 15 16 17,O=C1CN=C(c2ccccc2)c2ccccc2N1,train,236.274,2.4761000000000006,0.8115758597100254,18,28
subcategory_halogen-walk.remove-Cl_794,O=C(NCCCCCCNC(=O)N1CCC(c2noc3cc(F)ccc23)CC1)N1CCC(c2noc3cc(F)ccc23)CC1,0,authentic,authentic,,,O=C(NCCCCCCNC(=O)N1CCC(c2noc3ccccc23)CC1)N1CCC(c2noc3ccccc23)CC1,train,608.6900000000003,6.285800000000007,0.21598970901624526,44,70
subcategory_halogen-walk.remove-Cl_801,CC(=O)OC(C)(C)C(=O)N1CCN(C(c2ccccc2)c2ccc(Cl)cc2)CC1,1,halogen-walk,remove-Cl,CC(=O)OC(C)(C)C(=O)N1CCN(C(c2ccc(Cl)cc2)c2ccc(Cl)cc2)CC1,0 1 2 3 4 5 6 7 8 9 10 11 12 14 15 16 17 18 19 20 21 22 23 24 25 26 27 28,c1ccc(C(c2ccccc2)N2CCNCC2)cc1,train,414.9330000000001,3.915300000000003,0.6957234241172008,29,52
subcategory_halogen-walk.remove-Cl_1172,C[C@@H]1CN(Cc2ccccc2)CCN1CC(=O)O,1,halogen-walk,remove-Cl,C[C@@H]1CN(C(c2ccc(Cl)cc2)c2ccc(Cl)cc2)CCN1CC(=O)O.Cl.Cl,,c1ccc(C(c2ccccc2)N2CCNCC2)cc1,train,248.32599999999994,1.2773,0.8714141448906987,18,32
subcategory_halogen-walk.remove-Cl_271,COc1ccc2c(c1)[C@@H](NC(C)=O)CCc1cc(OC)c(OC)c(OC)c1-2,0,authentic,authentic,,,c1ccc2c(c1)CCCc1ccccc1-2,test,371.43300000000016,3.511400000000002,0.8712297616636311,27,52
subcategory_halogen-walk.remove-Cl_889,Cc1ccccc1C[C@H]1NC(=O)/C=C/C[C@@H]([C@H](C)[C@@H](O)[C@@H](Cl)c2ccccc2)OC(=O)[C@H](CC(C)C)OC(=O)[C@H](C)CNC1=O,1,halogen-walk,remove-Cl,COc1ccc(C[C@H]2NC(=O)/C=C/C[C@@H]([C@H](C)[C@@H](O)[C@@H](Cl)c3ccccc3)OC(=O)[C@H](CC(C)C)OC(=O)[C@H](C)CNC2=O)cc1Cl,0 1 2 3 4 5 6 7,O=C1/C=C/C[C@@H](CCCc2ccccc2)OC(=O)COC(=O)CCNC(=O)[C@@H](Cc2ccccc2)N1,train,641.2050000000002,4.581320000000003,0.2843514041879791,45,110
subcategory_halogen-walk.remove-Cl_952,CN(C)C1CCCC1N(C(=O)C1CCCCC1)c1ccccc1,1,halogen-walk,remove-Cl,CN(C)C1CCCC1N(C(=O)C1CCCCC1)c1ccc(Cl)c(Cl)c1,8 17 18 19 20 21 22,O=C(C1CCCCC1)N(c1ccccc1)C1CCCC1,test,314.47299999999996,4.082600000000003,0.8357224019895179,23,36
subcategory_halogen-walk.remove-Cl_27,Cc1cn(-c2cc(C)c3[nH]c(=O)ccc3c2)c(C)n1,0,authentic,authentic,,,O=c1ccc2cc(-n3ccnc3)ccc2[nH]1,train,253.30499999999998,2.6390600000000006,0.7244597506815149,19,38
subcategory_halogen-walk.remove-Cl_644,CCc1ccccc1-c1n[nH]c(-c2cccc(-c3ccccc3)c2)n1,0,authentic,authentic,,,c1ccc(-c2cccc(-c3nc(-c4ccccc4)n[nH]3)c2)cc1,train,325.415,5.3681000000000045,0.5479677409471,25,43
subcategory_halogen-walk.remove-Cl_704,COC[N+]1(CCc2c(C)nc3n(c2=O)CCCC3)CCC(c2noc3cc(F)ccc23)CC1,0,authentic,authentic,,,O=c1c(CC[NH+]2CCC(c3noc4ccccc34)CC2)cnc2n1CCCC2,train,455.5540000000002,3.709120000000002,0.5302312215964685,33,57
subcategory_halogen-walk.remove-Cl_1424,COC(=O)c1ccc(C(=O)N2CO[C@](CCN3CCC(C(N)=O)(c4ccccc4)CC3)(c3ccccc3)C2)cc1,1,halogen-walk,remove-Cl,COC(=O)c1ccc(C(=O)N2CO[C@](CCN3CCC(C(N)=O)(c4ccccc4)CC3)(c3ccc(Cl)c(Cl)c3)C2)cc1,0 1 2 3 4 5 6 7 8 9 10 11 12 14 15 16 17 18 19 20 21 22 23 24 25 26 27 28 29 30 31 32 33 34 35 36 37 38 39,O=C(c1ccccc1)N1CO[C@](CCN2CCC(c3ccccc3)CC2)(c2ccccc2)C1,train,541.6480000000003,3.7078000000000033,0.43652732880205897,40,72
subcategory_halogen-walk.remove-Cl_1085,COc1ccc2c(c1)c(CC(=O)OCC(N)=O)c(C)n2C(=O)c1ccccc1C,1,halogen-walk,remove-Cl,COc1ccc2c(c1)c(CC(=O)OCC(N)=O)c(C)n2C(=O)c1ccc(Cl)cc1,0 1 2 3 4 5 6 7 8 9 10 11 12 13 14 15 16 17 18 19 21 22 23 24 25 26 27,O=C(c1ccccc1)n1ccc2ccccc21,train,394.4270000000001,2.5262400000000005,0.6476821950051771,29,50
subcategory_halogen-walk.remove-Cl_1491,CCN(CC(C1CCCCC1)N1CCN(C(=O)[C@@H](Cc2ccccc2)NC(=O)n2cc3ccccc3c2)CC1)S(C)(=O)=O,1,halogen-walk,remove-Cl,CCN(CC(C1CCCCC1)N1CCN(C(=O)[C@@H](Cc2ccc(Cl)cc2)NC(=O)n2cc3ccccc3c2)CC1)S(C)(=O)=O,0 1 2 3 4 5 6 7 8 9 10 11 12 13 14 15 16 17 19 20 21 22 23 24 25 26 27 28 29 30 31 32 33 34 35 36 37 38 39 40 41 42,O=C([C@@H](Cc1ccccc1)NC(=O)n1cc2ccccc2c1)N1CCN(CC2CCCCC2)CC1,val,607.821,4.1849000000000025,0.37325490074538087,43,78
subcategory_halogen-walk.remove-Cl_958,CO[C@H]1CN(CC(=O)O)CC[C@H]1NC(=O)c1ccccc1,1,halogen-walk,remove-Cl,COc1cc(N)c(Cl)cc1C(=O)N[C@@H]1CCN(CC(=O)O)C[C@@H]1OC,0 1 2 3 4 5 6 7 8 9 10 11 12 14 15 16 17 18 19,O=C(NC1CCNCC1)c1ccccc1,train,292.335,0.5903000000000007,0.830209652836482,21,41
subcategory_halogen-walk.remove-Cl_426,CC1(c2ccc(-c3ccccc3)cc2)NC(=O)NC1=O,0,authentic,authentic,,,O=C1NC(=O)C(c2ccc(-c3ccccc3)cc2)N1,test,266.3,2.4081999999999995,0.8200104097201515,20,35
subcategory_halogen-walk.remove-Cl_112,O=S(=O)(NS(=O)(=O)N1CCc2c(Cl)c(Cl)c(Cl)c(Cl)c2C1)N1CCc2c(Cl)c(Cl)c(Cl)c(Cl)c2C1,0,authentic,authentic,,,O=S(=O)(NS(=O)(=O)N1CCc2ccccc2C1)N1CCc2ccccc2C1,train,683.077,6.409400000000003,0.29852828190116687,35,79
subcategory_halogen-walk.remove-Cl_1371,CC(OCC(=O)O)N1CCN(Cc2ccccc2-c2ccccc2)CC1,1,halogen-walk,remove-Cl,CC(OCC(=O)O)N1CCN(Cc2ccccc2-c2ccc(Cl)cc2)CC1,17 18 19 20 21 22 23,c1ccc(-c2ccccc2CN2CCNCC2)cc1,train,354.4500000000001,2.918400000000001,0.8285209464123431,26,40
subcategory_halogen-walk.remove-Cl_1362,COc1ccc(OC(=O)Cc2c(C)n(C(=O)c3ccccc3)c3ccc(OC)cc23)cc1,1,halogen-walk,remove-Cl,COc1ccc(OC(=O)Cc2c(C)n(C(=O)c3ccc(Cl)cc3)c3ccc(OC)cc23)cc1,14 16 17 18 19 20 21,O=C(Cc1cn(C(=O)c2ccccc2)c2ccccc12)Oc1ccccc1,train,429.4720000000001,4.803520000000004,0.3252615658911929,32,54
subcategory_halogen-walk.remove-Cl_377,O=C1Nc2c(Cl)cc(Cl)cc2C(CCc2ccccc2)(C(F)(F)F)O1,0,authentic,authentic,,,O=C1Nc2ccccc2C(CCc2ccccc2)O1,val,390.188,5.945900000000004,0.7039681728439539,25,46
subcategory_halogen-walk.remove-Cl_17,O=C1CC(Cc2ccccc2)C(=O)N1OS(=O)(=O)/C=C/c1ccccc1,0,authentic,authentic,,,O=C1CC(Cc2ccccc2)C(=O)N1OS(=O)(=O)/C=C/c1ccccc1,train,371.41400000000004,2.536500000000001,0.7291483611716072,26,47
subcategory_halogen-walk.remove-Cl_835,CC(=O)NCCCC(=O)N1C(=O)CCc2ccc(OCCCCN3CCN(c4ccccc4)CC3)cc21,1,halogen-walk,remove-Cl,CC(=O)NCCCC(=O)N1C(=O)CCc2ccc(OCCCCN3CCN(c4cccc(Cl)c4Cl)CC3)cc21,26 27 28 29 30 31 32,O=C1CCc2ccc(OCCCCN3CCN(c4ccccc4)CC3)cc2N1,train,506.64700000000045,3.3899000000000017,0.4707622428839274,37,58
subcategory_halogen-walk.remove-Cl_1276,Cc1ccccc1C(=O)NC1Cc2ccc(S(N)(=O)=O)cc2C1,1,halogen-walk,remove-Cl,COc1ccc(Cl)cc1C(=O)NC1Cc2ccc(S(N)(=O)=O)cc2C1,0 1 2 3 4 5 6 8 9 10 11 12 13 14 15 16 17 18 19 20 21 22,O=C(NC1Cc2ccccc2C1)c1ccccc1,train,330.4090000000001,1.53962,0.8943867400117317,23,40
subcategory_halogen-walk.remove-Cl_874,c1ccc(N2CCN(Cc3cnn4ccccc34)CC2)cc1,1,halogen-walk,remove-Cl,Clc1ccc(N2CCN(Cc3cnn4ccccc34)CC2)cc1,0 1 2 3 5 6 7 8 9 10 11 12 13 14 15 16 17 18 19 20,c1ccc(N2CCN(Cc3cnn4ccccc34)CC2)cc1,test,292.3860000000001,2.656500000000001,0.7413747612442064,22,34
subcategory_halogen-walk.remove-Cl_576,CCOc1cc(N)c(Cl)cc1C(=O)NCC1CN(Cc2ccc(F)c(F)c2)CCO1,0,authentic,authentic,,,O=C(NCC1CN(Cc2ccccc2)CCO1)c1ccccc1,train,439.8900000000002,3.2299000000000015,0.6476362068104535,30,50
subcategory_halogen-walk.remove-Cl_1576,O=C(N[C@H](Cc1ccccc1)C(=O)N1CCC(CN2CCOC2=O)(C2CCCCC2)CC1)[C@H]1Cc2ccccc2CN1,1,halogen-walk,remove-Cl,O=C(N[C@H](Cc1ccc(Cl)cc1)C(=O)N1CCC(CN2CCOC2=O)(C2CCCCC2)CC1)[C@H]1Cc2ccccc2CN1,0 1 2 4 5 6 7 8 9 10 11 12 13 14 15 16 17 18 19 20 21 22 23 24 25 26 27 28 29 30 31 32 33 34 35 36 37 38 39 40 41,O=C(N[C@H](Cc1ccccc1)C(=O)N1CCC(CN2CCOC2=O)(C2CCCCC2)CC1)[C@H]1Cc2ccccc2CN1,train,572.7500000000005,4.069700000000002,0.49790005876565974,42,75
subcategory_halogen-walk.remove-Cl_1032,Cc1cccc(C(=O)n2c(C)c(CC(=O)O)c3cc(OCc4ccccc4)ccc32)c1,1,halogen-walk,remove-Cl,Cc1c(CC(=O)O)c2cc(OCc3ccccc3)ccc2n1C(=O)c1ccc(Cl)cc1,0 1 2 3 4 5 7 8 9 10 11 12 13 14 15 16 17 18 19 20 21 22 23 24 25 26 27 28 29,O=C(c1ccccc1)n1ccc2cc(OCc3ccccc3)ccc21,train,413.4730000000001,5.152740000000004,0.4744788949545826,31,53
subcategory_halogen-walk.remove-Cl_545,CC(=O)CCOc1ccc2ccc(=O)oc2c1,0,authentic,authentic,,,O=c1ccc2ccccc2o1,test,232.23499999999999,2.1509,0.7577274267070094,17,27
subcategory_halogen-walk.remove-Cl_1445,Cc1cc([N+](=O)[O-])ccc1NC(=O)C[NH+](C)Cc1ccccc1,1,halogen-walk,remove-Cl,Cc1cc([N+](=O)[O-])ccc1NC(=O)C[NH+](C)Cc1ccc(Cl)cc1Cl,16 17 18 19 20 21 22,O=C(C[NH2+]Cc1ccccc1)Nc1ccccc1,test,314.365,1.5566199999999997,0.6273063575748593,23,47
subcategory_halogen-walk.remove-Cl_848,CN(C(=O)Oc1ccc(C[C@H](NC(=O)[C@]2(C)CCCN2S(=O)(=O)c2ccccc2)C(=O)O)cc1)c1ccccc1,1,halogen-walk,remove-Cl,CN(C(=O)Oc1ccc(C[C@H](NC(=O)[C@]2(C)CCCN2S(=O)(=O)c2cc(Cl)cc(Cl)c2)C(=O)O)cc1)c1ccccc1,0 1 2 3 4 5 6 7 8 9 10 11 12 13 14 15 16 17 18 19 21 22 23 24 25 26 27 28 29 30 31 32 33 34 35 36 37 38 39,O=C(Nc1ccccc1)Oc1ccc(CCNC(=O)C2CCCN2S(=O)(=O)c2ccccc2)cc1,train,565.6480000000003,3.677100000000002,0.40439654408629766,40,78
subcategory_halogen-walk.remove-Cl_1236,CC(NC(=O)NS(=O)(=O)c1ccccc1)c1ccccc1,1,halogen-walk,remove-Cl,COc1ccc(Cl)cc1C(C)NC(=O)NS(=O)(=O)c1ccccc1,0 2 3 4 5 6 7 8 9 10 11 12 13 14 15 16 17 18 19,O=C(NCc1ccccc1)NS(=O)(=O)c1ccccc1,train,304.37100000000004,2.4357000000000006,0.9106607463511678,21,36
subcategory_halogen-walk.remove-Cl_1534,CC(O)(c1ccc(Cl)cc1)C(O)(Cn1cncn1)c1ccccc1,1,halogen-walk,remove-Cl,CC(O)(c1ccc(Cl)cc1)C(O)(Cn1cncn1)c1ccc(Cl)cc1,,c1ccc(CC(Cn2cncn2)c2ccccc2)cc1,train,343.814,2.7270000000000003,0.7469122689909435,24,41
subcategory_halogen-walk.remove-Cl_607,COc1ccc(-c2cn3cnccc3n2)c(OC)c1,0,authentic,authentic,,,c1ccc(-c2cn3cnccc3n2)cc1,val,255.27700000000002,2.4135,0.7207847775524768,19,30
subcategory_halogen-walk.remove-Cl_1283,CN(CCN1CCOCC1)C(c1ccccc1)c1ccccc1,1,halogen-walk,remove-Cl,CN(CCN1CCOCC1)C(c1ccccc1)c1ccc(Cl)cc1,0 1 2 3 4 5 6 7 8 9 11 12 13 14 15 16 17 18 19 20 21 22,c1ccc(C(NCCN2CCOCC2)c2ccccc2)cc1,train,310.44100000000003,3.040000000000001,0.8154737908481778,23,33
subcategory_halogen-walk.remove-Cl_862,O=C(/C=C/c1ccc(O)cc1)c1ccccc1,1,halogen-walk,remove-Cl,O=C(/C=C/c1ccc(O)cc1)c1ccc(Cl)c(Cl)c1,1 11 12 13 14 15 16,O=C(/C=C/c1ccccc1)c1ccccc1,train,224.25900000000001,3.2883000000000013,0.6412736177915347,17,29
subcategory_halogen-walk.remove-Cl_757,CCCc1nn(C)c2c(=O)[nH]c(-c3cc(S(=O)(=O)Nc4cccc(C)c4)ccc3OCC)nc12,0,authentic,authentic,,,O=c1[nH]c(-c2cccc(S(=O)(=O)Nc3ccccc3)c2)nc2cn[nH]c12,val,481.57800000000026,3.7840200000000026,0.3952714701358422,34,63
subcategory_halogen-walk.remove-Cl_631,O=C(N[C@H](Cc1ccc(Cl)cc1)C(=O)N1CCN(c2ccccc2NS(=O)(=O)C(F)(F)F)CC1)[C@H]1Cc2ccccc2CN1,0,authentic,authentic,,,O=C(N[C@H](Cc1ccccc1)C(=O)N1CCN(c2ccccc2)CC1)[C@H]1Cc2ccccc2CN1,train,650.1229999999999,3.6921000000000026,0.343525071057649,44,85
subcategory_halogen-walk.remove-Cl_963,COc1ccc2c(c1)c(CC(=O)NCc1ccc(F)cc1)c(C)n2C(=O)c1cccc(C)c1,1,halogen-walk,remove-Cl,COc1ccc2c(c1)c(CC(=O)NCc1ccc(F)cc1)c(C)n2C(=O)c1ccc(Cl)cc1,0 1 2 3 4 5 6 7 8 9 10 11 12 13 14 15 16 17 18 19 20 21 22 23 25 26 27 28 29 30 31,O=C(Cc1cn(C(=O)c2ccccc2)c2ccccc12)NCc1ccccc1,train,444.5060000000002,4.953240000000004,0.45765251809269397,33,57
subcategory_halogen-walk.remove-Cl_1042,Fc1ccc2nc(-c3ccccc3)sc2c1,1,halogen-walk,remove-Cl,Nc1ccc(-c2nc3ccc(F)cc3s2)cc1Cl,0 1 2 3 4 5 7 8 9 10 11 12 13 14 15,c1ccc(-c2nc3ccccc3s2)cc1,test,229.27900000000002,4.102400000000001,0.6117778281625715,16,25
subcategory_halogen-walk.remove-Cl_1001,COc1ccc2c(c1)c(CC(=O)OC1OC(=O)c3ccccc31)c(C)n2C(=O)c1ccccc1,1,halogen-walk,remove-Cl,COc1ccc2c(c1)c(CC(=O)OC1OC(=O)c3ccccc31)c(C)n2C(=O)c1ccc(Cl)cc1,0 1 2 3 4 5 6 7 8 9 10 11 12 13 14 15 16 17 18 19 20 21 22 23 24 25 27 28 29 30 31 32,O=C(Cc1cn(C(=O)c2ccccc2)c2ccccc12)OC1OC(=O)c2ccccc21,test,455.4660000000001,4.601720000000004,0.40911426530483214,34,59
subcategory_halogen-walk.remove-Cl_1464,CCOC(=O)Nc1cc2c(c(N)n1)N=C(CN(C)c1cccc(C)c1)CN2,1,halogen-walk,remove-Cl,CCOC(=O)Nc1cc2c(c(N)n1)N=C(CN(C)c1ccc(Cl)cc1)CN2,6,c1ccc(NCC2=Nc3cnccc3NC2)cc1,train,368.4410000000001,3.175020000000001,0.7485875552312933,27,47
subcategory_halogen-walk.remove-Cl_1328,CN1CCC(OC(=O)c2ccccc2)CC1,1,halogen-walk,remove-Cl,CN1CCC(OC(=O)c2ccc(Cl)cc2)CC1,0 1 2 3 4 5 7 8 9 10 11 12 13 14 15,O=C(OC1CCNCC1)c1ccccc1,train,219.284,1.9376,0.7118360429158688,16,25
subcategory_halogen-walk.remove-Cl_143,OCc1cn(C(CO)c2ccccc2)cn1,0,authentic,authentic,,,c1ccc(Cn2ccnc2)cc1,train,218.25600000000003,0.9571000000000001,0.8031473495127159,16,24
subcategory_halogen-walk.remove-Cl_971,Cc1ccc(C)c(N2CCN(/C(=N/c3ccc(C(=O)NCCc4ccccc4)cc3)NC3CCCCC3)CC2)c1,1,halogen-walk,remove-Cl,Cc1ccc(C)c(N2CCN(/C(=N/c3ccc(C(=O)NCCc4ccc(Cl)cc4Cl)cc3)NC3CCCCC3)CC2)c1,21 22 23 24 25 26 27,O=C(NCCc1ccccc1)c1ccc(/N=C(\NC2CCCCC2)N2CCN(c3ccccc3)CC2)cc1,test,537.7520000000003,6.007940000000006,0.2863794489945493,40,66
subcategory_halogen-walk.remove-Cl_1319,COc1ccc2c(c1)c(C)c(CCC(=O)NS(C)(=O)=O)n2C(=O)c1ccccc1C,1,halogen-walk,remove-Cl,COc1ccc2c(c1)c(C)c(CCC(=O)NS(C)(=O)=O)n2C(=O)c1ccc(Cl)cc1,0 1 2 3 4 5 6 7 8 9 10 11 12 13 14 15 16 17 18 19 20 22 23 24 25 26 27 28,O=C(c1ccccc1)n1ccc2ccccc21,train,428.51000000000016,2.9636400000000007,0.6514057100117001,30,54
subcategory_halogen-walk.remove-Cl_152,CCOC(=O)[C@H](CCc1ccccc1)N[C@@H](C)C(=O)N1C(C(=O)O)CCCN1CC,0,authentic,authentic,,,O=C(CNCCCc1ccccc1)N1CCCCN1,train,419.52200000000033,1.8415,0.5584279064565112,30,58
subcategory_halogen-walk.remove-Cl_467,CN1CCC2(CC1)COc1ccc(N)cc12,0,authentic,authentic,,,c1ccc2c(c1)OCC21CCNCC1,train,218.3,1.6245999999999998,0.6725298317823425,16,26
subcategory_halogen-walk.remove-Cl_531,O=C1NC(c2ccccc2)(c2ccccc2)C(=O)N1CCN1CCOCC1,0,authentic,authentic,,,O=C1NC(c2ccccc2)(c2ccccc2)C(=O)N1CCN1CCOCC1,test,365.4330000000003,1.8142,0.8213135379951559,27,43
subcategory_halogen-walk.remove-Cl_485,N=C(N)NCCC[C@H](NCc1ccccc1)C(N)=O,0,authentic,authentic,,,c1ccccc1,train,263.345,-0.10662999999999967,0.2554758003955084,19,33
subcategory_halogen-walk.remove-Cl_823,COc1ccc(S(=O)(=O)c2cc(OC)ccc2S(=O)(=O)c2ccc([C@H](C)NCc3ccccc3)cc2)cc1,1,halogen-walk,remove-Cl,COc1ccc(S(=O)(=O)c2cc(OC)ccc2S(=O)(=O)c2ccc([C@H](C)NC(=O)c3ccc(Cl)c(Cl)c3)cc2)cc1,26 27 28 29 30 31 32 33,O=C(NCc1ccc(S(=O)(=O)c2ccccc2S(=O)(=O)c2ccccc2)cc1)c1ccccc1,train,551.6860000000003,5.220200000000005,0.2885188045284795,38,70
subcategory_halogen-walk.remove-Cl_1167,C[C@H](OC(=O)c1ccccc1)N1[C@@H](C)[C@](O)(c2cccc(Cl)c2)OCC1(C)C,1,halogen-walk,remove-Cl,C[C@H](OC(=O)c1cc(S(N)(=O)=O)c(Cl)cc1NCc1ccco1)N1[C@@H](C)[C@](O)(c2cccc(Cl)c2)OCC1(C)C,3 5 6 7 8 9 10,O=C(OCN1CCOC(c2ccccc2)C1)c1ccccc1NCc1ccco1,train,403.9060000000001,4.187400000000003,0.7755479267529174,28,62
subcategory_halogen-walk.remove-Cl_730,CCCC/C(=C\Cn1oc(=O)[nH]c1=O)c1cccc(Oc2ccc(OC)cc2)c1,0,authentic,authentic,,,O=c1[nH]c(=O)n(CC=Cc2cccc(Oc3ccccc3)c2)o1,val,396.44300000000015,4.2043000000000035,0.5856211637487087,29,51
subcategory_halogen-walk.remove-Cl_140,Oc1ccc2c(c1)OC[C@@H](N1CCC(O)(c3ccc(F)cc3)CC1)C2,0,authentic,authentic,,,c1ccc(C2CCN([C@@H]3COc4ccccc4C3)CC2)cc1,train,343.39800000000014,2.8184000000000013,0.8804289456269749,25,48
subcategory_halogen-walk.remove-Cl_39,CC(C)CC(NC(=O)[C@]1(c2ccccc2)CC1CN1CC[C@@]2(C)c3cc(O)ccc3CC1C2C)C(=O)NCCCCCCN,0,authentic,authentic,,,c1ccc(C2CC2CN2CCC3CC2Cc2ccccc23)cc1,train,602.8639999999998,5.040500000000004,0.22678572867940663,44,77
subcategory_halogen-walk.remove-Cl_932,OC(c1ccc(F)cc1)C(O)(Cn1cncn1)c1ccccc1,1,halogen-walk,remove-Cl,OC(c1ccc(F)cc1)C(O)(Cn1cncn1)c1ccc(Cl)cc1,,c1ccc(CC(Cn2cncn2)c2ccccc2)cc1,train,313.332,2.0385999999999997,0.7560014791457212,23,37
subcategory_halogen-walk.remove-Cl_1242,[2H]OC(=O)C([2H])([2H])OCCN1CCN(C(c2ccccc2)c2ccccc2)CC1,1,halogen-walk,remove-Cl,[2H]OC(=O)C([2H])([2H])OCCN1CCN([C@H](c2ccccc2)c2ccc(Cl)cc2)CC1,,c1ccc(C(c2ccccc2)N2CCNCC2)cc1,train,357.46830533400015,2.4948000000000006,0.7866572672986643,26,55
subcategory_halogen-walk.remove-Cl_1333,CC(NC1CCCC1)c1ccccc1N1CCN(C(=O)[C@@H](Cc2ccccc2)NC(=O)[C@H]2Cc3ccccc3CN2)CC1,1,halogen-walk,remove-Cl,CC(NC1CCCC1)c1ccccc1N1CCN(C(=O)[C@@H](Cc2ccc(Cl)cc2)NC(=O)[C@H]2Cc3ccccc3CN2)CC1,21 22 23 24 25 26 27,O=C(N[C@H](Cc1ccccc1)C(=O)N1CCN(c2ccccc2CNC2CCCC2)CC1)[C@H]1Cc2ccccc2CN1,train,579.7890000000001,4.370400000000003,0.3511630884162181,43,76
subcategory_halogen-walk.remove-Cl_1370,O=C(NC1CCCN2CCSCC12)c1ccccc1,1,halogen-walk,remove-Cl,COc1cc(N)c(Cl)cc1C(=O)NC1CCCN2CCSCC12,0 2 3 4 5 6 7 8 9 10 11 12 13 14 15 16 17,O=C(NC1CCCN2CCSCC12)c1ccccc1,val,276.40500000000003,1.9961999999999995,0.8964600192477992,19,28
subcategory_halogen-walk.remove-Cl_521,CC1O[C@@H](O[C@H]2CC[C@]3(C)C4CC[C@]5(C)[C@@H](C6=CC(=O)OC6)C(OC=O)C[C@]5(O)C4CC[C@@H]3C2)CC(O)[C@@H]1O,0,authentic,authentic,,,O=C1C=C([C@H]2CCC3C4CC[C@@H]5C[C@@H](O[C@H]6CCCCO6)CCC5C4CCC32)CO1,train,548.6730000000005,2.6368000000000005,0.26948912433301897,39,103
subcategory_halogen-walk.remove-Cl_1275,CCC(c1ccccc1)N1CCOC(CN(C)CC(=O)O)C1,1,halogen-walk,remove-Cl,CCC(c1ccc(Cl)cc1)N1CCOC(CN(C)CC(=O)O)C1,0 1 3 4 5 6 7 8 9 10 11 12 13 14 15 16 17 18 19 20 21,c1ccc(CN2CCOCC2)cc1,train,306.406,1.8549,0.8330772588813825,22,35
subcategory_halogen-walk.remove-Cl_203,CCc1noc2c(Cl)c3c(cc12)CC(C(=O)O)O3,0,authentic,authentic,,,c1noc2cc3c(cc12)CCO3,val,267.66799999999995,2.4317,0.9046113587347312,18,34
subcategory_halogen-walk.remove-Cl_1506,C[C@@H]1CN([C@@H](C)C(=O)O)CCN1Cc1ccccc1,1,halogen-walk,remove-Cl,C[C@@H]1CN([C@@H](C)C(=O)O)CCN1C(c1ccc(Cl)cc1)c1ccc(Cl)cc1,,c1ccc(C(c2ccccc2)N2CCNCC2)cc1,train,262.35299999999995,1.6658,0.8961096796668382,19,40
subcategory_halogen-walk.remove-Cl_773,CCc1nn(C2CN(C(C)C)C2)c(C(N)=O)c1NC(=O)c1cc(S(C)(=O)=O)ccc1OCC(C)C,0,authentic,authentic,,,O=C(Nc1cnn(C2CNC2)c1)c1ccccc1,train,505.6410000000003,2.5001000000000015,0.5060916394757367,35,65
subcategory_halogen-walk.remove-Cl_933,Cc1cccc(NCc2cccc(N3C(N)=NC(N)=NC3(C)C)c2)c1,1,halogen-walk,remove-Cl,CC1(C)N=C(N)N=C(N)N1c1cccc(CNc2ccc(Cl)cc2)c1,0 1 2 3 4 5 7 8 9 10 11 12 13 14 15 16 17 18 19 20 21 22 23,C1=NC=NCN1c1cccc(CNc2ccccc2)c1,train,336.4430000000001,2.792620000000001,0.8003350754446816,25,43
subcategory_halogen-walk.remove-Cl_571,C[C@]12CCC(=O)C=C1CC[C@@H]1[C@@H]2[C@@H](O)C[C@@]2(C)[C@H]1CC[C@]2(O)C(=O)CF,0,authentic,authentic,,,O=C1C=C2CC[C@H]3[C@@H]4CCCC4CC[C@@H]3C2CC1,train,364.45700000000016,2.758800000000001,0.790083328968849,26,76
subcategory_halogen-walk.remove-Cl_347,C[C@@H]1[C@@H](OC(=O)N[C@@H](CSc2ccccc2)[C@H](O)CN2C[C@H]3CCS[C@H]3C[C@H]2C(=O)NC(C)(C)C)CCS1(=O)=O,0,authentic,authentic,,,O=C(N[C@H](CCN1CC[C@@H]2SCC[C@@H]2C1)CSc1ccccc1)O[C@H]1CCS(=O)(=O)C1,train,613.8680000000003,2.920700000000001,0.3607427153852468,40,99
subcategory_halogen-walk.remove-Cl_1574,N#Cc1ccc(S(=O)(=O)Nc2ccccc2)cc1,1,halogen-walk,remove-Cl,N#Cc1ccc(S(=O)(=O)Nc2ccc(Cl)c3cc[nH]c23)cc1,,O=S(=O)(Nc1cccc2cc[nH]c12)c1ccccc1,train,258.302,2.3590800000000005,0.9182890022532761,18,31
subcategory_halogen-walk.remove-Cl_1468,O=C1CCc2ccc(OCCCCN3CCC(O)(c4ccccc4)CC3)cc2N1,1,halogen-walk,remove-Cl,O=C(O)C(=O)O.O=C1CCc2ccc(OCCCCN3CCC(O)(c4ccc(Cl)cc4)CC3)cc2N1,16 18 19 20 21 22 23,O=C1CCc2ccc(OCCCCN3CCC(c4ccccc4)CC3)cc2N1,test,394.51500000000004,3.7139000000000024,0.702990993427284,29,44
subcategory_halogen-walk.remove-Cl_403,COc1cc(N)c(Cl)cc1C(=O)NC1CCCN2CCCC12,0,authentic,authentic,,,O=C(NC1CCCN2CCCC12)c1ccccc1,test,323.8240000000001,2.2874000000000008,0.8374959828262473,22,36
subcategory_halogen-walk.remove-Cl_993,CN(C/C(=N\OCC(=O)O)C(CCN1CCC(N2CCCCC2=O)CC1)c1ccccc1)C(=O)c1cc(Cl)cc(Cl)c1,1,halogen-walk,remove-Cl,CN(C/C(=N\OCC(=O)O)C(CCN1CCC(N2CCCCC2=O)CC1)c1ccc(Cl)c(Cl)c1)C(=O)c1cc(Cl)cc(Cl)c1,10 26 27 28 29 30 31,N=C(CNC(=O)c1ccccc1)C(CCN1CCC(N2CCCCC2=O)CC1)c1ccccc1,train,617.5740000000004,5.173400000000005,0.26050465695432873,42,74
subcategory_halogen-walk.remove-Cl_131,CC(C)c1cccc(C(C)C)c1NC(=O)CN(C)Cc1cc([N+](=O)[O-])ccc1Cl,0,authentic,authentic,,,O=C(CNCc1ccccc1)Nc1ccccc1,train,417.9370000000001,5.565500000000005,0.44989760178879196,29,56
subcategory_halogen-walk.remove-Cl_121,CCCC(NNc1nncc2ccccc12)=C1CCCCC1,0,authentic,authentic,,,C(NNc1nncc2ccccc12)=C1CCCCC1,test,296.4180000000001,4.564600000000003,0.7938363655224855,22,31
subcategory_halogen-walk.remove-Cl_625,CCOc1cc2c(cc1CCCc1ccc(OC)cc1)OCO2,0,authentic,authentic,,,c1ccc(CCCc2ccc3c(c2)OCO3)cc1,val,314.38100000000003,3.997900000000003,0.7739166881310884,23,33
subcategory_halogen-walk.remove-Cl_696,CNC(=O)CCN1C(=O)CC(NC)C1=O,0,authentic,authentic,,,O=C1CCC(=O)N1,train,213.237,-1.5305999999999986,0.5552645392173511,15,26
subcategory_halogen-walk.remove-Cl_638,CCCCc1nn(-c2ccccc2C(F)(F)F)c(=O)n1Cc1ccc(-c2ccccc2S(=O)(=O)NC(=O)C2CC2(C)C)cc1,0,authentic,authentic,,,O=C(NS(=O)(=O)c1ccccc1-c1ccc(Cn2cnn(-c3ccccc3)c2=O)cc1)C1CC1,train,626.701,5.961700000000006,0.23405564042102298,44,78
subcategory_halogen-walk.remove-Cl_845,Cc1c(CSc2ccccc2)cnc2nc(N)nc(N)c12,1,halogen-walk,remove-Cl,Cc1c(CSc2cccc(Cl)c2)cnc2nc(N)nc(N)c12,,c1ccc(SCc2cnc3ncncc3c2)cc1,test,297.38700000000006,2.7899199999999995,0.7223505779816101,21,33
subcategory_halogen-walk.remove-Cl_286,C[N+]1(C)C2CC(COC(=O)C(O)(c3cccs3)c3cccs3)CC1C1OC12,0,authentic,authentic,,,O=C(OCC1CC2[NH2+]C(C1)C1OC21)C(c1cccs1)c1cccs1,train,406.54900000000015,2.593300000000001,0.471105537707951,27,51
subcategory_halogen-walk.remove-Cl_563,C(=N\Nc1nncc2ccccc12)/C1CCCCC1,0,authentic,authentic,,,C(=N\Nc1nncc2ccccc12)/C1CCCCC1,train,254.33699999999993,3.607800000000002,0.6721158800309712,19,30
subcategory_halogen-walk.remove-Cl_935,CC1(C)OC(C=Cc2ccccc2)=CC1=O,1,halogen-walk,remove-Cl,CC1(C)OC(/C=C/c2ccc(Cl)c(Cl)c2)=CC1=O,0 1 2 3 4 5 7 8 9 10 11 12 13 14 15,O=C1C=C(/C=C/c2ccccc2)OC1,val,214.264,2.9616000000000007,0.7561595275645705,16,27
subcategory_halogen-walk.remove-Cl_1074,C=C(c1ccccc1OCc1ccccc1)n1ccnc1,1,halogen-walk,remove-Cl,C=C(c1ccccc1OCc1ccc(Cl)c(Cl)c1)n1ccnc1,0 1 2 3 4 5 6 7 8 10 11 12 13 14 15 16 17 18 19 20,C=C(c1ccccc1OCc1ccccc1)n1ccnc1,train,276.339,3.981100000000003,0.7044559807484264,21,30
subcategory_halogen-walk.remove-Cl_1421,CCN1CCN(C(=O)C[C@H](Cc2ccccc2)C(=O)N2CCN(c3ccccc3N(CC3CC3)S(C)(=O)=O)CC2)CC1,1,halogen-walk,remove-Cl,CCN1CCN(C(=O)C[C@H](Cc2ccc(Cl)cc2)C(=O)N2CCN(c3ccccc3N(CC3CC3)S(C)(=O)=O)CC2)CC1,0 1 2 3 4 5 6 7 8 9 11 12 13 14 15 16 17 18 19 20 21 22 23 24 25 26 27 28 29 30 31 32 33 34 35 36 37 38 39 40 41,O=C(C[C@H](Cc1ccccc1)C(=O)N1CCN(c2ccccc2NCC2CC2)CC1)N1CCNCC1,train,595.8100000000001,2.9243000000000015,0.3974410215265646,42,76
subcategory_halogen-walk.remove-Cl_395,O=C(Nc1ccc(Cl)cc1)OCCCc1c[nH]cn1,0,authentic,authentic,,,O=C(Nc1ccccc1)OCCCc1c[nH]cn1,val,279.727,3.2444000000000006,0.8257801876089564,19,32
subcategory_halogen-walk.remove-Cl_1215,CC(C)CC(O)(Cn1cncn1)C(=O)c1ccccc1,1,halogen-walk,remove-Cl,CC(C)CC(O)(Cn1cncn1)C(=O)c1ccc(Cl)cc1,,O=C(CCn1cncn1)c1ccccc1,train,273.336,1.9382000000000001,0.8166454304392962,20,33
subcategory_halogen-walk.remove-Cl_295,CC(=O)Oc1ccc2[nH]cc(C3=CCN(C)CC3)c2c1,0,authentic,authentic,,,C1=C(c2c[nH]c3ccccc23)CCNC1,train,270.332,2.812100000000001,0.6739199986589471,20,37
subcategory_halogen-walk.remove-Cl_566,CC(=O)N(c1ccccc1)c1ccc(O)cc1,0,authentic,authentic,,,c1ccc(Nc2ccccc2)cc1,train,227.263,3.0768000000000013,0.8560353831549539,17,28
subcategory_halogen-walk.remove-Cl_371,COC(=O)CN1CCN(Cc2ccccc2-c2ccc(Cl)cc2)CC1,0,authentic,authentic,,,c1ccc(-c2ccccc2CN2CCNCC2)cc1,train,358.86900000000014,3.297600000000002,0.767701987931538,25,40
subcategory_halogen-walk.remove-Cl_199,O=C(C[C@H]1S[C@H](c2ccc(Cl)cc2Cl)N(CC(=O)NCCCN2CCOCC2)C1=O)NCc1ccc(Cl)c(C(F)(F)F)c1,0,authentic,authentic,,,O=C(C[C@H]1S[C@H](c2ccccc2)N(CC(=O)NCCCN2CCOCC2)C1=O)NCc1ccccc1,test,681.9920000000005,5.153200000000004,0.3191400195042749,43,83
subcategory_halogen-walk.remove-Cl_1003,CCCc1nc(-c2cccc(C)c2)c(N)n1N,1,halogen-walk,remove-Cl,CCCc1nc(-c2ccc(Cl)c(Cl)c2)c(N)n1N,0 1 2 3 4 6 7 8 9 10 11 12 13 14 15 16,c1ccc(-c2c[nH]cn2)cc1,train,230.31499999999997,2.10702,0.7932653844948883,17,28
subcategory_halogen-walk.remove-Cl_1324,CCOC(C(=O)O)N1CCN(C(c2ccccc2)c2ccccc2)CC1,1,halogen-walk,remove-Cl,CCOC(C(=O)O)N1CCN(C(c2ccccc2)c2ccc(Cl)cc2)CC1,0 1 2 3 4 5 6 7 8 9 10 12 13 14 15 16 17 18 19 20 21 22 23 24 25,c1ccc(C(c2ccccc2)N2CCNCC2)cc1,train,354.45000000000016,2.8408000000000007,0.8285936374997173,26,41
subcategory_halogen-walk.remove-Cl_52,CCN(C)c1nnc(-c2cccc(Cl)c2Cl)c(N)n1,0,authentic,authentic,,,c1ccc(-c2cncnn2)cc1,train,298.1770000000001,2.8837,0.9433129366121105,19,34
subcategory_halogen-walk.remove-Cl_410,C[C@@H](C(=O)N(C)C)[S@@](=O)C(c1ccccc1)c1ccccc1,0,authentic,authentic,,,c1ccc(Cc2ccccc2)cc1,train,315.43800000000005,3.001400000000001,0.8503939350933337,22,47
subcategory_halogen-walk.remove-Cl_46,COc1cnc(CS(=O)c2nc3cc4c(cc3[nH]2)OC(F)(F)C(F)O4)cc1OC,0,authentic,authentic,,,O=S(Cc1ccccn1)c1nc2cc3c(cc2[nH]1)OCCO3,test,429.3760000000001,2.942500000000001,0.6663056490064269,29,53
subcategory_halogen-walk.remove-Cl_1270,O=C(O)c1cc(S(=O)Cc2ccccc2)c(Cl)cc1NCc1ccco1,1,halogen-walk,remove-Cl,O=C(O)c1cc(S(=O)Cc2ccc(Cl)cc2)c(Cl)cc1NCc1ccco1,0 1 2 3 4 5 6 7 9 10 11 12 13 14 15 16 17 18 19 20 21 22 23 24 25,O=S(Cc1ccccc1)c1ccc(NCc2ccco2)cc1,val,389.8600000000001,4.551100000000003,0.6192099055415974,26,43
subcategory_halogen-walk.remove-Cl_1213,CC(=O)COCCN1CCN(C(c2ccccc2)c2ccccc2)CC1,1,halogen-walk,remove-Cl,CC(=O)COCCN1CCN([C@@H](c2ccccc2)c2ccc(Cl)cc2)CC1,11 12 13 14 15 16 17,c1ccc(C(c2ccccc2)N2CCNCC2)cc1,train,352.4780000000001,2.999200000000001,0.6839674263158035,26,39
subcategory_halogen-walk.remove-Cl_1341,COc1c(C)cc(C(=O)N2CCC(CCN3CCC(C(N)=O)(c4ccccc4)CC3)(c3ccccc3)C2)cc1C,1,halogen-walk,remove-Cl,COc1c(C)cc(C(=O)N2CCC(CCN3CCC(C(N)=O)(c4ccccc4)CC3)(c3ccc(Cl)c(Cl)c3)C2)cc1C,0 1 2 3 4 5 6 7 8 9 10 11 13 14 15 16 17 18 19 20 21 22 23 24 25 26 27 28 29 30 31 32 33 34 35 36 37 38 39,O=C(c1ccccc1)N1CCC(CCN2CCC(c3ccccc3)CC2)(c2ccccc2)C1,train,539.7200000000001,5.0051400000000035,0.4369652931080983,40,68
subcategory_halogen-walk.remove-Cl_374,CC(=O)OC1C=CC2C3Cc4ccc(O)c5c4C2(CCN3C)C1O5,0,authentic,authentic,,,C1=CC2C3Cc4cccc5c4C2(CCN3)C(C1)O5,train,327.38000000000005,1.7689,0.6291850465472523,24,42
subcategory_halogen-walk.remove-Cl_1503,CN(c1ccccc1N1CCN(C(=O)[C@@H](Cc2ccccc2)NC(=O)[C@@H]2Cc3ccccc3CN2)CC1)S(C)(=O)=O,1,halogen-walk,remove-Cl,CN(c1ccccc1N1CCN(C(=O)[C@@H](Cc2ccc(Cl)cc2)NC(=O)[C@@H]2Cc3ccccc3CN2)CC1)S(C)(=O)=O,0 1 2 3 4 5 6 7 8 9 10 11 12 13 14 16 17 18 19 20 21 22 23 24 25 26 27 28 29 30 31 32 33 34 35 36 37 38 39 40,O=C(N[C@H](Cc1ccccc1)C(=O)N1CCN(c2ccccc2)CC1)[C@@H]1Cc2ccccc2CN1,train,575.7350000000002,2.173,0.42713810946447034,41,79
subcategory_halogen-walk.remove-Cl_270,COC(=O)OC[C@H]1O[C@@H](n2ccc(N)nc2=O)CS1,0,authentic,authentic,,,O=c1ncccn1[C@H]1CSCO1,train,287.29699999999997,0.1966,0.7856205164426198,19,40
subcategory_halogen-walk.remove-Cl_1221,CN(C)C(=O)c1ccccc1-c1ccc(C[C@H](NC(=O)[C@]2(C)CCCN2S(=O)(=O)c2ccccc2)C(=O)O)cc1,1,halogen-walk,remove-Cl,CN(C)C(=O)c1ccccc1-c1ccc(C[C@H](NC(=O)[C@]2(C)CCCN2S(=O)(=O)c2cc(Cl)cc(Cl)c2)C(=O)O)cc1,0 1 2 3 4 5 6 7 8 9 10 11 12 13 14 15 16 17 18 19 20 21 22 23 24 25 27 28 29 30 31 32 33 34 35 36 37 38 39,O=C(NCCc1ccc(-c2ccccc2)cc1)C1CCCN1S(=O)(=O)c1ccccc1,train,563.6760000000004,3.410700000000002,0.4113140011275346,40,79
subcategory_halogen-walk.remove-Cl_1148,COc1ccc2c(c1)c(CC(=O)Nc1c(C)cccc1C)c(C)n2C(=O)c1ccccc1,1,halogen-walk,remove-Cl,COc1ccc2c(c1)c(CC(=O)Nc1c(C)cccc1C)c(C)n2C(=O)c1ccc(Cl)cc1,,O=C(Cc1cn(C(=O)c2ccccc2)c2ccccc12)Nc1ccccc1,train,426.5160000000002,5.444860000000005,0.4619287377689438,32,54
subcategory_halogen-walk.remove-Cl_1498,CN1C2CCCC1CC(NC(=O)c1ccccc1)C2,1,halogen-walk,remove-Cl,COc1cc(N)c(Cl)cc1C(=O)NC1CC2CCCC(C1)N2C,0 1 2 3 4 5 6 7 8 9 11 12 13 14 15 16 17 18,O=C(NC1CC2CCCC(C1)N2)c1ccccc1,train,258.36500000000007,2.4317,0.8833546306426419,19,30
subcategory_halogen-walk.remove-Cl_110,CNC1(C(F)(F)F)OC(=O)Nc2ccc(Cl)cc21,0,authentic,authentic,,,O=C1Nc2ccccc2CO1,train,280.63300000000004,2.8366000000000007,0.8315497603905152,18,34
subcategory_halogen-walk.remove-Cl_1393,Cc1ccccc1N1CCN(C(=O)c2ccccc2)CC1,1,halogen-walk,remove-Cl,O=C(c1ccccc1)N1CCN(c2cccc(Cl)c2)CC1,0 1 2 3 4 5 6 8 9 10 11 12 13 14 15 16 17 18 19,O=C(c1ccccc1)N1CCN(c2ccccc2)CC1,train,280.3710000000001,2.9574200000000017,0.8441296840082074,21,32
subcategory_halogen-walk.remove-Cl_8,Oc1c(-c2cccc(Cl)c2)cnc2ccccc12,0,authentic,authentic,,,c1ccc(-c2cnc3ccccc3c2)cc1,train,255.704,4.260800000000002,0.7047385254473209,18,30
subcategory_halogen-walk.remove-Cl_549,CN(C)CCCC1(c2ccc(F)cc2)OCc2cc(C=NOCc3ccccc3)ccc21,0,authentic,authentic,,,C(=NOCc1ccccc1)c1ccc2c(c1)COC2c1ccccc1,val,432.53900000000016,5.492000000000006,0.3311114811716902,32,49
subcategory_halogen-walk.remove-Cl_1152,O=C1/C(=C\c2ccncc2)C(c2ccccc2)Cn2cccc21,1,halogen-walk,remove-Cl,O=C1/C(=C\c2ccncc2)C(c2ccc(Cl)cc2)Cn2cccc21,10 11 12 13 14 15 16,O=C1/C(=C\c2ccncc2)C(c2ccccc2)Cn2cccc21,val,300.36100000000005,3.9468000000000023,0.6717313369213944,23,39
subcategory_halogen-walk.remove-Cl_481,COc1ccc(S(=O)(=O)c2ccc(C3(C4CCN(C5CCN(C(=O)c6ccccc6C)CC5)CC4)O[C@H](C)[C@@H](C)O3)cc2)cc1,0,authentic,authentic,,,O=C(c1ccccc1)N1CCC(N2CCC(C3(c4ccc(S(=O)(=O)c5ccccc5)cc4)OCCO3)CC2)CC1,train,632.8230000000004,5.829820000000007,0.32416290732160524,45,89
subcategory_halogen-walk.remove-Cl_688,COc1cc2c(cc1OC)C(=O)C(CC1CCN(CC(=O)Nc3ccccc3)CC1)C2,0,authentic,authentic,,,O=C(CN1CCC(CC2Cc3ccccc3C2=O)CC1)Nc1ccccc1,test,422.5250000000002,3.7996000000000025,0.7351700319083951,31,51
subcategory_halogen-walk.remove-Cl_669,C[C@@H]1NC[C@H](COc2ccc3cc2OCO3)O[C@@H]1c1ccc(F)cc1,0,authentic,authentic,,,c1ccc([C@@H]2CNC[C@H](COc3ccc4cc3OCO4)O2)cc1,test,345.37,3.051400000000001,0.9229487792655152,25,51
subcategory_halogen-walk.remove-Cl_863,COCCN1CCN(Cc2ccccc2)CC1,1,halogen-walk,remove-Cl,COCCN1CCN(C(c2ccccc2)c2ccc(Cl)cc2)CC1,7 8 9 10 11 12 13 14,c1ccc(C(c2ccccc2)N2CCNCC2)cc1,train,234.343,1.4505999999999997,0.7667292427228908,17,23
subcategory_halogen-walk.remove-Cl_903,CC(C)(C)OC(=O)N1CCC2(CC1)c1ccc(-c3cccc(C#N)c3)cc1CCN2CC(=O)Nc1ccccc1,1,halogen-walk,remove-Cl,CC(C)(C)OC(=O)N1CCC2(CC1)c1ccc(-c3cccc(C#N)c3)cc1CCN2CC(=O)Nc1cc(Cl)cc(Cl)c1,,O=C(CN1CCc2cc(-c3ccccc3)ccc2C12CCNCC2)Nc1ccccc1,train,536.6760000000003,5.948280000000006,0.4455241544486875,40,68
subcategory_halogen-walk.remove-Cl_611,Nc1ncnc2c1ncn2C1C=CC(O)C1,0,authentic,authentic,,,C1=CC(n2cnc3cncnc32)CC1,train,217.232,0.27039999999999986,0.6690446112179498,16,25
subcategory_halogen-walk.remove-Cl_506,CC(=O)N[C@@H](Cc1ccc2ccccc2c1)C(=O)OCc1cc(C)cc(C)c1,0,authentic,authentic,,,O=C(CCc1ccc2ccccc2c1)OCc1ccccc1,train,375.4680000000002,4.247240000000003,0.6555694482231669,28,51
subcategory_halogen-walk.remove-Cl_288,c1ccc(C2CCNC[C@@H]2COc2ccc3c(c2)OCO3)cc1,0,authentic,authentic,,,c1ccc(C2CCNC[C@@H]2COc2ccc3c(c2)OCO3)cc1,train,311.38100000000003,3.187400000000002,0.9411612066593474,23,40
subcategory_halogen-walk.remove-Cl_992,Cc1ccc(C(c2ccccc2)N2CCN(C(=O)OC(C(=O)O)C(F)(F)F)CC2)cc1,1,halogen-walk,remove-Cl,Cc1ccc(C(c2ccc(Cl)cc2)N2CCN(C(=O)OC(C(=O)O)C(F)(F)F)CC2)cc1,5 6 7 8 9 10 11,c1ccc(C(c2ccccc2)N2CCNCC2)cc1,train,436.4300000000001,3.8541200000000018,0.7711364341926997,31,55
subcategory_halogen-walk.remove-Cl_49,COC(=O)c1c(C(F)(F)F)[nH]c2c1[C@@]13C[C@@H]1CN(C(=O)c1cc4cc(NC(=O)c5cc6ccccc6o5)ccc4[nH]1)C3=CC2=O,0,authentic,authentic,,,O=C(Nc1ccc2[nH]c(C(=O)N3C[C@H]4C[C@@]45C3=CC(=O)c3[nH]ccc35)cc2c1)c1cc2ccccc2o1,train,614.5360000000002,5.793800000000004,0.2191875122485966,45,97
subcategory_halogen-walk.remove-Cl_361,CCCCc1nc(Cl)c(C(=O)O)n1Cc1ccc(-c2ccccc2-c2nnnn2C)cc1,0,authentic,authentic,,,c1ccc(-c2nnn[nH]2)c(-c2ccc(Cn3ccnc3)cc2)c1,train,450.9300000000002,4.483100000000003,0.4245106896080713,32,52
subcategory_halogen-walk.remove-Cl_597,CN(C#N)C(=N)N(C)CCCN1CCC(c2noc3cc(F)ccc23)CC1,0,authentic,authentic,,,c1ccc2c(C3CCNCC3)noc2c1,train,372.4480000000001,2.815850000000001,0.37605442317018895,27,45
subcategory_halogen-walk.remove-Cl_220,COc1ccc(-c2coc3cc(OC)ccc3c2=O)cc1,0,authentic,authentic,,,O=c1c(-c2ccccc2)coc2ccccc12,train,282.295,3.4772000000000025,0.7376336116501088,21,33
subcategory_halogen-walk.remove-Cl_246,Cl.O=C(O)COCCN1CCC(=Cc2ccc(-c3ccc(Cl)cc3)cc2)CC1,0,authentic,authentic,,,C(=C1CCNCC1)c1ccc(-c2ccccc2)cc1,train,422.3520000000002,5.009200000000005,0.6377738454214407,28,48
subcategory_halogen-walk.remove-Cl_468,CC(=O)O.N=C(N)Nc1csc2c(=O)[nH]c(=O)[nH]c12,0,authentic,authentic,,,O=c1[nH]c(=O)c2sccc2[nH]1,train,285.285,-0.32583,0.30995497579491815,19,42
subcategory_halogen-walk.remove-Cl_517,COc1ccc(-c2nc(S(C)(=O)=O)[nH]c2-c2ccc(OC)cc2)cc1,0,authentic,authentic,,,c1ccc(-c2nc[nH]c2-c2ccccc2)cc1,train,358.4190000000001,3.1644000000000014,0.7575531202695537,25,48
subcategory_halogen-walk.remove-Cl_1054,Nc1nc(N)c2nc(CNc3ccccc3)cnc2n1,1,halogen-walk,remove-Cl,Nc1nc(N)c2nc(CNc3ccc(Cl)cc3)cnc2n1,0 1 2 3 4 5 6 7 8 10 11 12 13 14 15 16 17 18 19,c1ccc(NCc2cnc3ncncc3n2)cc1,val,267.29600000000005,1.1962999999999997,0.6524104263970141,20,30
subcategory_halogen-walk.remove-Cl_92,CCC(=O)N(c1ccc(C(=O)OC)cc1)C1CCCC1N(C)C,0,authentic,authentic,,,c1ccc(NC2CCCC2)cc1,train,318.41700000000003,2.698900000000001,0.7833570928180809,23,39
subcategory_halogen-walk.remove-Cl_23,CCC(C(=O)NC1CCCCCC1)c1ccccc1,0,authentic,authentic,,,O=C(Cc1ccccc1)NC1CCCCCC1,train,259.393,4.019200000000003,0.8129701326522276,19,28
subcategory_halogen-walk.remove-Cl_509,CC(c1nncs1)C(O)(Cn1cncn1)c1ccc(F)cc1F,0,authentic,authentic,,,c1ccc(C(Cc2nncs2)Cn2cncn2)cc1,train,337.355,2.0993,0.7714349543108949,23,37
subcategory_halogen-walk.remove-Cl_1047,COc1ccc2c(c1)c(C(C)C(=O)O)c(C)n2C(=O)c1ccccc1,1,halogen-walk,remove-Cl,COc1ccc2c(c1)c(C(C)C(=O)O)c(C)n2C(=O)c1ccc(Cl)cc1,0 1 2 3 4 5 6 7 8 9 10 11 12 13 14 15 16 18 19 20 21 22 23,O=C(c1ccccc1)n1ccc2ccccc21,train,337.37500000000006,3.834920000000002,0.7853274744686376,25,45
subcategory_halogen-walk.remove-Cl_1025,NCCC(=O)N[C@H](Cc1ccccc1)C(=O)N1CCN(c2ncccc2CNC(=O)Cc2cccs2)CC1,1,halogen-walk,remove-Cl,NCCC(=O)N[C@H](Cc1ccc(Cl)cc1Cl)C(=O)N1CCN(c2ncccc2CNC(=O)Cc2cccs2)CC1,7 8 9 10 11 12 13,O=C(Cc1cccs1)NCc1cccnc1N1CCN(C(=O)CCc2ccccc2)CC1,val,534.6860000000001,1.7269000000000008,0.34464508219061923,38,63
subcategory_halogen-walk.remove-Cl_972,COc1ccc2c(c1)c(CC(=O)NC[C@@H](C)O)c(C)n2C(=O)c1ccccc1,1,halogen-walk,remove-Cl,COc1ccc2c(c1)c(CC(=O)NC[C@@H](C)O)c(C)n2C(=O)c1ccc(Cl)cc1,0 1 2 3 4 5 6 7 8 9 10 11 12 13 14 15 16 17 18 19 21 22 23 24 25 26,O=C(c1ccccc1)n1ccc2ccccc21,train,380.4440000000001,2.6863200000000003,0.6890189152255466,28,53
subcategory_halogen-walk.remove-Cl_478,CCC(C)(C)NCC(O)COc1cc(O)ccc1C(=O)CCc1ccccc1,0,authentic,authentic,,,O=C(CCc1ccccc1)c1ccccc1,train,385.50400000000013,3.7256000000000027,0.5138741571996066,28,43
subcategory_halogen-walk.remove-Cl_1004,CCC(=O)N(c1ccccc1)C1CCCC1NC,1,halogen-walk,remove-Cl,CCC(=O)N(c1ccc(Cl)c(Cl)c1)C1CCCC1NC,0 1 2 3 5 6 7 8 9 10 11 12 13 14 15 16 17,c1ccc(NC2CCCC2)cc1,train,246.35399999999996,2.5701,0.8852613589832873,18,27
subcategory_halogen-walk.remove-Cl_510,C[C@@]12CC[C@H]3OC(=O)C=C3C1CC[C@@]13CC(CCC12)[C@](CO)(O[C@H]1O[C@H](CO)[C@@H](O)[C@H](O)[C@H]1O)C3,0,authentic,authentic,,,O=C1C=C2C3CC[C@@]45CC(CCC4C3CC[C@H]2O1)C(O[C@@H]1CCCCO1)C5,train,494.5810000000002,0.4023000000000002,0.35064925596119034,35,99
subcategory_halogen-walk.remove-Cl_982,COc1cc2c(cc1OC)C(c1ccccc1)=NN(C)C(=O)C2,1,halogen-walk,remove-Cl,COc1cc2c(cc1OC)C(c1ccc(Cl)cc1)=NN(C)C(=O)C2,10 11 12 13 14 15 16,O=C1Cc2ccccc2C(c2ccccc2)=NN1,train,310.3530000000001,2.470700000000001,0.8748893855614174,23,39
subcategory_halogen-walk.remove-Cl_781,CN[C@@H]1CCc2cc(OC)c(OC)c(OC)c2-c2ccc(O)c(=O)cc21,0,authentic,authentic,,,O=c1cccc2c(c1)CCCc1ccccc1-2,train,357.40600000000006,2.6519000000000004,0.8760405921836134,26,49
subcategory_halogen-walk.remove-Cl_194,C=CCOC1C(O)C(CNS(=O)(=O)c2cccc(C(F)(F)F)c2)OC(Oc2ccc(I)cc2)C1OC(=O)CC,0,authentic,authentic,,,O=S(=O)(NCC1CCCC(Oc2ccccc2)O1)c1ccccc1,val,685.455,3.6461000000000032,0.2092605540809489,39,69
subcategory_halogen-walk.remove-Cl_1017,O=C(CCC(NC(=O)c1ccccc1)C(=O)N1CCC2(CCCC2)CC1)NC(Cc1ccc(Cl)cc1)C(=O)O,1,halogen-walk,remove-Cl,O=C(CCC(NC(=O)c1cc(Cl)cc(Cl)c1)C(=O)N1CCC2(CCCC2)CC1)NC(Cc1ccc(Cl)cc1)C(=O)O,0 1 2 3 4 5 7 8 9 10 11 12 13 14 15 16 17 18 19 20 21 22 23 24 25 26 27 28 29 30 31 32 33 34 35 36 37 38,O=C(CCC(NC(=O)c1ccccc1)C(=O)N1CCC2(CCCC2)CC1)NCCc1ccccc1,train,554.0870000000004,4.2135000000000025,0.40739069086935165,39,68
subcategory_halogen-walk.remove-Cl_1249,CNC1(CNC(=O)c2ccccc2)CCCC1,1,halogen-walk,remove-Cl,CNC1(CNC(=O)c2cc(Cl)c(N)cc2OC)CCCC1,0 1 2 3 4 6 7 8 9 10 11 12 13 14 15 16,O=C(NCC1CCCC1)c1ccccc1,train,232.32699999999994,1.9485999999999999,0.8327716749617343,17,26
subcategory_halogen-walk.remove-Cl_591,CCNC(=O)N[C@H](CNC(=O)c1ccc(Cl)s1)C(=O)Nc1ccc(N2CCOCC2=O)cc1F,0,authentic,authentic,,,O=C(CCNC(=O)c1cccs1)Nc1ccc(N2CCOCC2=O)cc1,train,511.9630000000003,1.9600000000000004,0.43044266929467745,34,61
subcategory_halogen-walk.remove-Cl_956,CNC(=O)NS(=O)(=O)c1cc(CCNC(=O)c2ccccc2)ccc1-c1ccccc1,1,halogen-walk,remove-Cl,CNC(=O)NS(=O)(=O)c1cc(CCNC(=O)c2cc(Cl)ccc2OC)ccc1-c1ccccc1,0 1 2 3 4 5 6 7 8 9 10 11 12 13 15 16 17 18 19 20 21 22 23 24 25 26 27 28 29 30,O=C(NCCc1ccc(-c2ccccc2)cc1)c1ccccc1,test,437.5210000000001,2.9438000000000013,0.528565098466529,31,52
subcategory_halogen-walk.remove-Cl_335,CC(=O)N(CC(=O)NC(C)C)N1CCCC1=O,0,authentic,authentic,,,O=C1CCCN1,train,241.29099999999994,-0.10309999999999997,0.7467291968073926,17,30
subcategory_halogen-walk.remove-Cl_833,COc1ccc2c(c1)c(CC(=O)Nc1ccccc1Cl)c(C)n2C(=O)c1ccccc1,1,halogen-walk,remove-Cl,COc1ccc2c(c1)c(CC(=O)Nc1ccccc1Cl)c(C)n2C(=O)c1ccc(Cl)cc1,0 1 2 3 4 5 6 7 8 9 10 11 12 13 14 15 16 17 18 19 20 21 22 24 25 26 27 28 29,O=C(Cc1cn(C(=O)c2ccccc2)c2ccccc12)Nc1ccccc1,train,432.90700000000015,5.481420000000004,0.4538221918174691,31,52
subcategory_halogen-walk.remove-Cl_1173,CCN(CCNC(=O)c1cc(Cl)c(N)cc1OC)Cc1ccccc1,1,halogen-walk,remove-Cl,CCN(CCNC(=O)c1cc(Cl)c(N)cc1OC)Cc1ccc(Cl)cc1Cl,18 19 20 21 22 23 24,O=C(NCCNCc1ccccc1)c1ccccc1,train,361.8730000000001,3.1827000000000014,0.7084776137251111,25,39
subcategory_halogen-walk.remove-Cl_1314,O=C(O)CCCSc1nc2cc(F)ccc2n1Cc1ccccc1,1,halogen-walk,remove-Cl,O=C(O)CCCSc1nc2cc(F)ccc2n1Cc1ccc(Cl)cc1,17 18 19 20 21 22 23,c1ccc(Cn2cnc3ccccc32)cc1,train,344.4110000000001,4.180600000000003,0.5159219009130894,24,35
subcategory_halogen-walk.remove-Cl_1069,COC(=O)[C@@H](C)NC(=O)Cc1c(C)n(C(=O)c2ccccc2)c2ccc(OC)cc12,1,halogen-walk,remove-Cl,COC(=O)[C@@H](C)NC(=O)Cc1c(C)n(C(=O)c2ccc(Cl)cc2)c2ccc(OC)cc12,0 1 2 3 4 5 6 7 8 9 10 11 12 13 15 16 17 18 19 20 21 22 23 24 25 26 27 28 29,O=C(c1ccccc1)n1ccc2ccccc21,train,408.4540000000001,2.86702,0.6340635123017817,30,58
subcategory_halogen-walk.remove-Cl_1066,Cc1nc2c([nH]1)C(=O)N1CC(C)N=C1N2Cc1ccccc1,1,halogen-walk,remove-Cl,Cc1nc2c([nH]1)C(=O)N1CC(C)N=C1N2Cc1ccc(Cl)cc1,0 1 2 3 4 5 6 7 8 9 10 11 12 13 14 16 17 18 19 20,O=C1c2[nH]cnc2N(Cc2ccccc2)C2=NCCN12,train,295.346,1.93862,0.9205444578146009,22,41
subcategory_halogen-walk.remove-Cl_428,CN.Cc1nc(-c2ccc(OCC(C)C)c(C#N)c2)sc1C(=O)O,0,authentic,authentic,,,c1ccc(-c2nccs2)cc1,train,347.44000000000005,3.2981000000000016,0.8586113471443853,24,42
subcategory_halogen-walk.remove-Cl_630,O=C(/C=C/C=C/c1ccccc1)C1=C(O)CNC1=O,0,authentic,authentic,,,O=C(/C=C/C=C/c1ccccc1)C1=CCNC1=O,train,255.273,1.767,0.48925829197591636,19,35
subcategory_halogen-walk.remove-Cl_884,CC(C)C(=O)C(O)(Cn1cncn1)c1ccccc1,1,halogen-walk,remove-Cl,CC(C)C(=O)C(O)(Cn1cncn1)c1ccc(Cl)cc1,0 1 2 3 4 6 7 8 9 10 11 12 13 14 15 16 17,c1ccc(CCn2cncn2)cc1,train,259.309,1.3910000000000005,0.8807234578136829,19,32
subcategory_halogen-walk.remove-Cl_1383,O=C(O)CC1CCCc2c1n(Cc1ccccc1)c1ccc(F)cc21,1,halogen-walk,remove-Cl,O=C(O)CC1CCCc2c1n(Cc1ccc(Cl)cc1)c1ccc(F)cc21,0 1 2 3 4 5 6 7 8 9 10 12 13 14 15 16 17 18 19 20 21 22 23 24,c1ccc(Cn2c3c(c4ccccc42)CCCC3)cc1,train,337.39400000000006,4.723300000000004,0.7481174720043776,25,40
subcategory_halogen-walk.remove-Cl_968,O=C(N[C@@H]1CCC[C@@H](O)C1)NS(=O)(=O)c1ccc(CCNC(=O)c2ccccc2)cc1,1,halogen-walk,remove-Cl,COc1ccc(Cl)cc1C(=O)NCCc1ccc(S(=O)(=O)NC(=O)N[C@@H]2CCC[C@@H](O)C2)cc1,21 23 24 25 26 27 28,O=C(NC1CCCCC1)NS(=O)(=O)c1ccc(CCNC(=O)c2ccccc2)cc1,train,445.5410000000002,1.9504999999999997,0.5185145408011643,31,63
subcategory_halogen-walk.remove-Cl_297,CCOc1cccc(Cc2cc(C3CCN(C[C@H]4CN([C@@H](C(=O)O)[C@H](C)CC)C[C@@H]4c4cccc(F)c4)CC3)n(CC)n2)c1,0,authentic,authentic,,,c1ccc(Cc2cc(C3CCN(C[C@H]4CNC[C@@H]4c4ccccc4)CC3)[nH]n2)cc1,train,604.8109999999999,6.425900000000007,0.24269994057388358,44,91
subcategory_halogen-walk.remove-Cl_51,O=C(N[C@H](CNC(=O)c1ccc(Cl)s1)C(=O)Nc1ccc(N2CCOCC2=O)cc1)OCC(F)F,0,authentic,authentic,,,O=C(CCNC(=O)c1cccs1)Nc1ccc(N2CCOCC2=O)cc1,train,530.9370000000004,2.493100000000001,0.4571793976325153,35,64
subcategory_halogen-walk.remove-Cl_99,CN(Cc1cccc2ccccc12)C(=O)/C=C/c1ccccc1,0,authentic,authentic,,,O=C(/C=C/c1ccccc1)NCc1cccc2ccccc12,train,301.389,4.511600000000004,0.6491771354677426,23,37
subcategory_halogen-walk.remove-Cl_144,Cn1ccc2c1[C@@H](c1ccccc1)CN1CCC[C@@H]21,0,authentic,authentic,,,c1ccc([C@H]2CN3CCC[C@H]3c3cc[nH]c32)cc1,train,252.36099999999996,3.307500000000002,0.7556988282528551,19,39
subcategory_halogen-walk.remove-Cl_253,O=c1cc(O)c2ccc(OCCCN3CCN(c4cccc(Cl)c4Cl)CC3)cc2[nH]1,0,authentic,authentic,,,O=c1ccc2ccc(OCCCN3CCN(c4ccccc4)CC3)cc2[nH]1,val,448.3500000000001,4.131600000000003,0.5554327310016436,30,52
subcategory_halogen-walk.remove-Cl_460,CCc1nnc2c(NC(C)C)nc3ccccc3n12,0,authentic,authentic,,,c1ccc2c(c1)ncc1nncn12,train,255.325,2.6602000000000006,0.7814006843396045,19,29
subcategory_halogen-walk.remove-Cl_1227,CNC(=S)NS(=O)(=O)c1cc(CCNCc2ccccc2)ccc1S(C)=O,1,halogen-walk,remove-Cl,CNC(=S)NS(=O)(=O)c1cc(CCNC(=O)c2cc(Cl)ccc2OC)ccc1S(C)=O,13 14 15 16 17 18 19 20,O=C(NCCc1ccccc1)c1ccccc1,train,425.6010000000001,1.5388999999999995,0.43932531773766953,27,45
subcategory_halogen-walk.remove-Cl_125,O=C(O)c1ccc(NCc2cccc(F)c2)cn1,0,authentic,authentic,,,c1ccc(CNc2cccnc2)cc1,train,246.241,2.5310000000000006,0.8697468632614617,18,29
subcategory_halogen-walk.remove-Cl_477,COC(=O)c1ncn2c1CN(C)C(=O)c1cc(Cl)ccc1-2,0,authentic,authentic,,,O=C1NCc2cncn2-c2ccccc21,test,305.72100000000006,1.8979,0.7548643676193649,21,39
subcategory_halogen-walk.remove-Cl_247,ClC(/C=N/Nc1nncc2ccccc12)=C/c1ccccc1,0,authentic,authentic,,,C(=C/c1ccccc1)/C=N/Nc1nncc2ccccc12,val,308.77200000000005,4.307400000000002,0.5770058506762074,22,36
subcategory_halogen-walk.remove-Cl_1014,Cc1cccc(C(C)(n2ccnc2)n2ccnc2)c1,1,halogen-walk,remove-Cl,CC(c1ccc(Cl)cc1)(n1ccnc1)n1ccnc1,0 1 2 3 4 5 6 18,c1ccc(C(n2ccnc2)n2ccnc2)cc1,train,252.32100000000005,2.6573200000000003,0.718093081314085,19,31
subcategory_halogen-walk.remove-Cl_108,CNC(=O)NCCNCC(O)COc1ccccc1C#N,0,authentic,authentic,,,c1ccccc1,train,292.33900000000006,-0.1834199999999988,0.4971950812338791,21,29
subcategory_halogen-walk.remove-Cl_575,CC(C)(C(=O)O)C(=O)Oc1ccc(C(=O)c2ccccc2)cc1,0,authentic,authentic,,,O=C(c1ccccc1)c1ccccc1,train,312.32099999999997,2.9338000000000015,0.39720568605524414,23,42
subcategory_halogen-walk.remove-Cl_527,COc1cc2c(cc1OC)C(=O)C(CC1CCN(Cc3ccc([N+](=O)[O-])cc3)CC1)C2,0,authentic,authentic,,,O=C1c2ccccc2CC1CC1CCN(Cc2ccccc2)CC1,train,424.49700000000024,4.269300000000004,0.48768565262668817,31,59
subcategory_halogen-walk.remove-Cl_379,O=C1[C@@H](CC[C@H](O)c2ccc(F)cc2)[C@H](c2ccc(O)cc2)N1c1ccc(F)cc1,0,authentic,authentic,,,O=C1[C@@H](CCCc2ccccc2)[C@H](c2ccccc2)N1c1ccccc1,train,409.4320000000001,4.888300000000004,0.5702138618789355,30,64
subcategory_halogen-walk.remove-Cl_1583,CCC(=O)C(O)(Cn1cncn1)c1ccccc1,1,halogen-walk,remove-Cl,CCC(=O)C(O)(Cn1cncn1)c1ccc(Cl)cc1Cl,0 1 2 3 5 6 7 8 9 10 11 12 13 14 15 16,c1ccc(CCn2cncn2)cc1,train,245.282,1.1450000000000005,0.857473374743023,18,29
subcategory_halogen-walk.remove-Cl_133,C[C@@H]1C[C@H]2[C@@H]3CCC4=CC(=O)C=C[C@]4(C)[C@H]3[C@H](O)C[C@]2(C)[C@@]1(O)C(=O)CO,0,authentic,authentic,,,O=C1C=CC2C(=C1)CC[C@H]1[C@@H]3CCCC3CC[C@H]21,train,374.4770000000002,1.8035999999999999,0.6851425387768038,27,83
subcategory_halogen-walk.remove-Cl_1488,CC1(C)CCCN(CCOC(=O)c2ccccc2)C1,1,halogen-walk,remove-Cl,COc1cc(N)c(Cl)cc1C(=O)OCCN1CCCC(C)(C)C1,0 1 2 3 4 5 6 7 8 9 11 12 13 14 15 16 17 18,O=C(OCCN1CCCCC1)c1ccccc1,train,261.36500000000007,2.9654000000000016,0.7804064769023105,19,30
subcategory_halogen-walk.remove-Cl_998,Nc1nnc(-c2ccccc2)c(N)n1,1,halogen-walk,remove-Cl,Cc1ccc(-c2nnc(N)nc2N)cc1Cl,0 1 2 3 5 6 7 8 9 10 11 12 13,c1ccc(-c2cncnn2)cc1,train,187.206,0.7029999999999998,0.6853963379365251,14,23
subcategory_halogen-walk.remove-Cl_1111,Cc1cccc([C@H](c2ccccc2)N2CCN(C(=O)COCC(=O)O)CC2)c1,1,halogen-walk,remove-Cl,O=C(O)COCC(=O)N1CCN([C@@H](c2ccccc2)c2ccc(Cl)cc2)CC1,0 1 2 3 4 5 7 8 9 10 11 12 13 14 15 16 17 18 19 20 21 22 23 24 25 26,c1ccc(C(c2ccccc2)N2CCNCC2)cc1,train,382.4600000000002,2.32982,0.795944403022004,28,50
subcategory_halogen-walk.remove-Cl_1566,CC1(C)CCN(c2nnc(-c3ccccc3)c(N)n2)CC1,1,halogen-walk,remove-Cl,CC1(C)CCN(c2nnc(-c3cccc(Cl)c3Cl)c(N)n2)CC1,0 1 2 3 4 5 6 7 8 10 11 12 13 14 15 16 17 18 19 20,c1ccc(-c2cnc(N3CCCCC3)nn2)cc1,train,283.37900000000013,2.747200000000001,0.9175102554251092,21,36
subcategory_halogen-walk.remove-Cl_1094,O=C1c2c(nc3ccccc3c2-c2ccccc2)CN1Cc1ccccc1,1,halogen-walk,remove-Cl,O=C1c2c(nc3ccccc3c2-c2ccccc2)CN1Cc1ccc(Cl)cc1,0 1 2 3 4 5 6 7 8 9 10 11 12 13 14 15 16 17 18 19 21 22 23 24 25,O=C1c2c(nc3ccccc3c2-c2ccccc2)CN1Cc1ccccc1,train,350.42100000000005,5.057800000000005,0.5174513840581335,27,41
subcategory_halogen-walk.remove-Cl_1243,CC(C)(C)CN1CC(C(=O)NS(=O)(=O)c2ccc(CCNC(=O)c3ccccc3)cc2)=CC=C1C(=O)O,1,halogen-walk,remove-Cl,COc1ccc(Cl)cc1C(=O)NCCc1ccc(S(=O)(=O)NC(=O)C2=CC=C(C(=O)O)N(CC(C)(C)C)C2)cc1,,O=C(NS(=O)(=O)c1ccc(CCNC(=O)c2ccccc2)cc1)C1=CC=CNC1,train,525.6270000000003,2.7205999999999992,0.45848587148256753,37,68
subcategory_halogen-walk.remove-Cl_326,CCOC(=O)CCCc1ccc(C[N+]2(C)[C@@H]3CC(OC(=O)C(O)(c4ccccc4)c4ccccc4)C[C@H]2[C@@H]2O[C@@H]23)s1,0,authentic,authentic,,,O=C(OC1C[C@@H]2[C@H]3O[C@H]3[C@H](C1)[NH+]2Cc1cccs1)C(c1ccccc1)c1ccccc1,train,576.7350000000004,4.740400000000005,0.20171441502886084,41,91
subcategory_halogen-walk.remove-Cl_735,CCCCN1CCN(C2=Nc3ccc(CC)cc3CC=C2c2ccccc2)CC1.O=C(O)/C=C/C(=O)O,0,authentic,authentic,,,C1=C(c2ccccc2)C(N2CCNCC2)=Nc2ccccc2C1,train,503.64300000000026,5.048200000000004,0.5139355418105539,37,61
subcategory_halogen-walk.remove-Cl_882,CC(O)(c1ccccc1)C(O)(Cn1cncn1)c1ccccc1,1,halogen-walk,remove-Cl,CC(O)(c1ccccc1)C(O)(Cn1cncn1)c1ccc(Cl)cc1Cl,9 17 18 19 20 21 22,c1ccc(CC(Cn2cncn2)c2ccccc2)cc1,train,309.36899999999997,2.0736,0.7567334527546133,23,37
subcategory_halogen-walk.remove-Cl_320,CCCC(=O)OC[N+]1(CCc2c(C)nc3n(c2=O)CCCC3)CCC(c2noc3cc(F)ccc23)CC1,0,authentic,authentic,,,O=c1c(CC[NH+]2CCC(c3noc4ccccc34)CC2)cnc2n1CCCC2,train,511.61800000000045,4.406020000000003,0.3290226740141914,37,64
subcategory_halogen-walk.remove-Cl_1575,O=C(CC1Cc2ccccc2N1)N[C@H](Cc1ccccc1)C(=O)N1CCN(C(C2CCCCC2)C2CCCCC2)CC1,1,halogen-walk,remove-Cl,O=C(CC1Cc2ccccc2N1)N[C@H](Cc1ccc(Cl)cc1)C(=O)N1CCN(C(C2CCCCC2)C2CCCCC2)CC1,0 1 2 3 4 5 6 7 8 9 10 11 12 14 15 16 17 18 19 20 21 22 23 24 25 26 27 28 29 30 31 32 33 34 35 36 37 38 39 40 41,O=C(CC1Cc2ccccc2N1)N[C@H](Cc1ccccc1)C(=O)N1CCN(C(C2CCCCC2)C2CCCCC2)CC1,train,570.8220000000001,5.814200000000007,0.3992358613791377,42,70
subcategory_halogen-walk.remove-Cl_621,S=C(NCCCNc1ccnc2cc(Cl)ccc12)N1CCCCC1,0,authentic,authentic,,,S=C(NCCCNc1ccnc2ccccc12)N1CCCCC1,train,362.9300000000003,4.050600000000003,0.6198923700207307,24,36
subcategory_halogen-walk.remove-Cl_348,CC(c1ccccc1)(c1ccc(Cl)cc1)N1CCN(CCOCC(=O)O)CC1,0,authentic,authentic,,,c1ccc(C(c2ccccc2)N2CCNCC2)cc1,train,402.9220000000003,3.322300000000002,0.686278683254748,28,46
subcategory_halogen-walk.remove-Cl_208,CCCc1cc2nc(N)nn2c(-c2cccc(C(F)(F)F)c2)n1,0,authentic,authentic,,,c1ccc(-c2nccc3ncnn23)cc1,train,321.306,3.344800000000001,0.803041067473483,23,40
subcategory_halogen-walk.remove-Cl_475,COc1ccc2[nH]c3ccc4cccnc4c3c2c1,0,authentic,authentic,,,c1cnc2c(c1)ccc1[nH]c3ccccc3c12,test,248.285,3.877900000000002,0.5548231779173751,19,30
subcategory_halogen-walk.remove-Cl_991,CC1COCC2CC(NC(=O)c3ccccc3)CCN12,1,halogen-walk,remove-Cl,COc1cc(N)c(Cl)cc1C(=O)NC1CCN2C(C)COCC2C1,0 1 2 3 4 5 6 7 8 10 11 12 13 14 15 16 17 18 19,O=C(NC1CCN2CCOCC2C1)c1ccccc1,val,274.36400000000003,1.6680999999999997,0.891693662851244,20,31
subcategory_halogen-walk.remove-Cl_851,CCOC(=O)[C@H](C)OC(=O)[C@H](C)OC(=O)COC(=O)c1ccccc1,1,halogen-walk,remove-Cl,CCOC(=O)[C@H](C)OC(=O)[C@H](C)OC(=O)COC(=O)c1cc(S(N)(=O)=O)c(Cl)cc1NCc1ccco1,17 19 20 21 22 23 24,c1ccc(NCc2ccco2)cc1,train,352.33900000000006,1.2698999999999996,0.5086499176658968,25,51
subcategory_halogen-walk.remove-Cl_1229,CC1CCN(NC(=O)NS(=O)(=O)c2ccc(CCNC(=O)c3ccccc3)cc2)CC1,1,halogen-walk,remove-Cl,COc1cc(Cl)ccc1C(=O)NCCc1ccc(S(=O)(=O)NC(=O)NN2CCC(C)CC2)cc1,0 1 2 3 4 5 6 7 8 9 10 11 12 13 14 15 16 17 18 20 21 22 23 24 25 26 27 28 29 30,O=C(NN1CCCCC1)NS(=O)(=O)c1ccc(CCNC(=O)c2ccccc2)cc1,train,444.55700000000024,2.2939,0.6074024583064229,31,53
subcategory_halogen-walk.remove-Cl_323,CN1CC=C(c2c[nH]c3ccc(-c4ccsc4)cc23)CC1,0,authentic,authentic,,,C1=C(c2c[nH]c3ccc(-c4ccsc4)cc23)CCNC1,train,294.4230000000001,4.615300000000003,0.7306938972751732,21,38
subcategory_halogen-walk.remove-Cl_122,CC1=NS(=O)(=O)c2c(CN)cccc2N1,0,authentic,authentic,,,O=S1(=O)N=CNc2ccccc21,train,225.273,0.6779,0.735605827691983,15,28
subcategory_halogen-walk.remove-Cl_149,c1ccc(-c2ccccc2Cn2cncn2)cc1,0,authentic,authentic,,,c1ccc(-c2ccccc2Cn2cncn2)cc1,train,235.29,2.9934000000000003,0.6983529048352285,18,27
subcategory_halogen-walk.remove-Cl_928,O=C(C[C@H]1S[C@H](c2ccccc2)N(CCNS(=O)(=O)CCCN2CCOCC2)C1=O)NCc1cccc2ccccc12,1,halogen-walk,remove-Cl,O=C(C[C@H]1S[C@H](c2ccc(Cl)cc2Cl)N(CCNS(=O)(=O)CCCN2CCOCC2)C1=O)NCc1cccc2ccccc12,5 6 7 8 9 10 11,O=C(C[C@H]1S[C@H](c2ccccc2)N(CCNS(=O)(=O)CCCN2CCOCC2)C1=O)NCc1cccc2ccccc12,train,610.8020000000005,3.130600000000003,0.30630289675585104,42,74
subcategory_halogen-walk.remove-Cl_609,CCN1CCN(C2=Nc3cc(Cl)ccc3Nc3cc(F)ccc32)CC1,0,authentic,authentic,,,c1ccc2c(c1)N=C(N1CCNCC1)c1ccccc1N2,train,358.8480000000002,4.251900000000004,0.8262744609485014,25,41
subcategory_halogen-walk.remove-Cl_1157,Cc1cc(C)cc(C(=O)N2CCN(C(=O)CNC3CCN(C(=O)[C@@H](N)Cc4ccccc4)CC3)[C@H](c3ccccc3)C2)c1,1,halogen-walk,remove-Cl,Cc1cc(C)cc(C(=O)N2CCN(C(=O)CNC3CCN(C(=O)[C@@H](N)Cc4ccccc4)CC3)[C@H](c3ccc(Cl)c(Cl)c3)C2)c1,0 1 2 3 4 5 6 7 8 9 10 11 12 13 14 15 16 17 18 19 20 21 22 23 24 25 26 27 28 29 30 31 32 33 35 36 37 38 39 40 41 42,O=C(CCc1ccccc1)N1CCC(NCC(=O)N2CCN(C(=O)c3ccccc3)C[C@H]2c2ccccc2)CC1,train,581.7610000000003,3.479740000000004,0.42460908094752636,43,83
subcategory_halogen-walk.remove-Cl_501,Cn1cc(NC(=O)c2cc(NC(=O)c3cc(NC(=O)c4sccc4Cl)cn3C)cn2C)cc1C(=O)NCCN1CCSCC1,0,authentic,authentic,,,O=C(NCCN1CCSCC1)c1cc(NC(=O)c2cc(NC(=O)c3cc(NC(=O)c4cccs4)c[nH]3)c[nH]2)c[nH]1,train,657.2219999999998,3.9525000000000023,0.20429482329917237,44,73
subcategory_halogen-walk.remove-Cl_989,CCc1ccc(O)c(Cc2ccccc2)c1,1,halogen-walk,remove-Cl,CCc1ccc(O)c(Cc2ccc(Cl)cc2)c1,0 1 2 3 4 5 6 7 9 10 11 12 13 14,c1ccc(Cc2ccccc2)cc1,train,212.292,3.5454000000000017,0.8245909379434347,16,24
subcategory_halogen-walk.remove-Cl_618,CN(O)C(=O)c1ccc2c(c1)Nc1ccccc1O2,0,authentic,authentic,,,c1ccc2c(c1)Nc1ccccc1O2,train,256.261,2.9971000000000014,0.5187175203927632,19,32
subcategory_halogen-walk.remove-Cl_593,Cc1cc(C)c(S(=O)(=O)[O-])c(C)c1.Cc1cc2c3c(cc(C)[n+]2nc1C)[nH]c1ccccc13,0,authentic,authentic,,,c1ccc2c(c1)[nH]c1cc[n+]3ncccc3c12.c1ccccc1,val,461.58700000000016,4.8960200000000045,0.2840733801796206,33,69
subcategory_halogen-walk.remove-Cl_1019,O=C1CCc2cc(OCCN3CCN(c4ccccc4)CC3=O)ccc2N1,1,halogen-walk,remove-Cl,O=C1CCc2cc(OCCN3CCN(c4ccc(Cl)c(Cl)c4)CC3=O)ccc2N1,13 14 15 16 17 18 19,O=C1CCc2cc(OCCN3CCN(c4ccccc4)CC3=O)ccc2N1,train,365.4330000000001,2.2989,0.8832357802000428,27,41
subcategory_halogen-walk.remove-Cl_62,CCc1ccc(SC)c(C(O)c2ccc(Cl)cc2)c1,0,authentic,authentic,,,c1ccc(Cc2ccccc2)cc1,train,292.831,4.706000000000005,0.8239324205506056,19,32
subcategory_halogen-walk.remove-Cl_1253,O=C(NCC=C(c1ccccc1)c1ccccc1)Nc1ccccc1,1,halogen-walk,remove-Cl,O=C(NCC=C(c1ccccc1)c1ccccc1)Nc1ccc(Cl)cc1,0 1 2 3 4 5 6 7 8 9 10 11 12 13 14 15 16 17 19 20 21 22 23,O=C(NCC=C(c1ccccc1)c1ccccc1)Nc1ccccc1,train,328.4150000000001,4.940000000000003,0.6841266087486959,25,37
subcategory_halogen-walk.remove-Cl_431,CNC[C@@H]1COc2ccccc2[C@@H]1Oc1ccccc1C,0,authentic,authentic,,,c1ccc(O[C@@H]2CCOc3ccccc32)cc1,train,283.37100000000004,3.3431200000000016,0.9331996884041676,21,37
subcategory_halogen-walk.remove-Cl_542,CCN(CC)CCc1cc2c(c(-c3ccc(F)cc3)c1C#N)COC2,0,authentic,authentic,,,c1ccc(-c2cccc3c2COC3)cc1,test,338.42600000000016,4.278880000000004,0.7886625726028033,25,41
subcategory_halogen-walk.remove-Cl_93,O=C(O)C=CC(=O)O.OCCOCCOCCN1CCN(C2=Nc3ccccc3Sc3ccccc32)CC1,0,authentic,authentic,,,c1ccc2c(c1)N=C(N1CCNCC1)c1ccccc1S2,train,543.642,2.5844000000000014,0.3034278597812149,38,57
subcategory_halogen-walk.remove-Cl_1416,COc1ccc2c(c1)c(Cc1no[nH]c1=O)c(C)n2C(=O)c1ccccc1,1,halogen-walk,remove-Cl,COc1ccc2c(c1)c(Cc1no[nH]c1=O)c(C)n2C(=O)c1ccc(Cl)cc1,0 1 2 3 4 5 6 7 8 9 10 11 12 13 14 15 16 17 18 20 21 22 23 24 25,O=C(c1ccccc1)n1cc(Cc2no[nH]c2=O)c2ccccc21,train,363.37300000000005,2.913920000000001,0.6020227441523743,27,48
subcategory_halogen-walk.remove-Cl_58,C=CCS(N)(=O)=O.NS(=O)(=O)c1cc(C(=O)O)c(NCc2ccco2)cc1Cl,0,authentic,authentic,,,c1ccc(NCc2ccco2)cc1,train,451.9100000000001,1.3516000000000008,0.45424147943721727,28,54
subcategory_halogen-walk.remove-Cl_1466,CN(Cc1c[nH]c2nc(N)nc(N)c12)c1ccccc1,1,halogen-walk,remove-Cl,CN(Cc1c[nH]c2nc(N)nc(N)c12)c1ccc(Cl)c(Cl)c1,0 2 3 4 5 6 7 8 9 10 11 12 13 14 15 16 17 18,c1ccc(NCc2c[nH]c3ncncc23)cc1,train,268.32399999999996,1.7587000000000002,0.6721855641260283,20,35
subcategory_halogen-walk.remove-Cl_691,Cc1ccc(S(=O)(=O)N2CCN(C(=O)c3cnccn3)CC2)cc1,0,authentic,authentic,,,O=C(c1cnccn1)N1CCN(S(=O)(=O)c2ccccc2)CC1,val,346.4120000000001,0.9317199999999997,0.825556775192021,24,43
subcategory_halogen-walk.remove-Cl_350,CCCN1CCN(C2=Nc3ccccc3Sc3ccccc32)CC1.Cl,0,authentic,authentic,,,c1ccc2c(c1)N=C(N1CCNCC1)c1ccccc1S2,train,373.95300000000015,4.678900000000005,0.7612436837346009,25,38
subcategory_halogen-walk.remove-Cl_1366,[2H]OC(=O)C([2H])([2H])OCCN1CCN(Cc2ccccc2)CC1,1,halogen-walk,remove-Cl,[2H]OC(=O)C([2H])([2H])OCCN1CCN([C@H](c2ccccc2)c2ccc(Cl)cc2)CC1,,c1ccc(C(c2ccccc2)N2CCNCC2)cc1,train,281.3703053340001,0.9053999999999993,0.8047637789383645,20,45
subcategory_halogen-walk.remove-Cl_345,CCNC(=NCCCN1CCC(c2noc3cc(F)ccc23)CC1)NC#N,0,authentic,authentic,,,c1ccc2c(C3CCNCC3)noc2c1,train,372.44800000000015,2.5725800000000003,0.2663254511033136,27,41
subcategory_halogen-walk.remove-Cl_1068,CCOC(=O)Nc1cc2c(c(N)n1)N=C(c1ccccc1)CN2,1,halogen-walk,remove-Cl,CCOC(=O)Nc1cc2c(c(N)n1)N=C(c1ccc(Cl)cc1)CN2,0 1 2 3 4 5 6 7 8 9 10 11 12 13 15 16 17 18 19 20 21 22,c1ccc(C2=Nc3cnccc3NC2)cc1,train,311.345,2.7785,0.8087058848157465,23,39
subcategory_halogen-walk.remove-Cl_1396,C=C1CCc2ccc(OCC(=O)N3CCN(c4ccccc4)CC3)cc2N1,1,halogen-walk,remove-Cl,C=C1CCc2ccc(OCC(=O)N3CCN(c4ccc(Cl)c(Cl)c4)CC3)cc2N1,0 1 2 3 4 5 6 7 8 9 10 11 12 13 14 16 17 18 19 20 21 22 23 24 25 26,C=C1CCc2ccc(OCC(=O)N3CCN(c4ccccc4)CC3)cc2N1,train,363.46100000000007,3.2860000000000014,0.9054349932313354,27,43
subcategory_halogen-walk.remove-Cl_1490,CCN(CC)CCNC(=O)c1cc(Cl)c(NC(=O)C(C)Oc2ccccc2)cc1OC,1,halogen-walk,remove-Cl,CCN(CC)CCNC(=O)c1cc(Cl)c(NC(=O)C(C)Oc2ccc(Cl)cc2)cc1OC.Cl,0 1 2 3 4 5 6 7 8 9 10 11 12 13 14 15 16 17 18 19 21 22 23 24 25 26 27 28 29 30,O=C(COc1ccccc1)Nc1ccccc1,train,447.9630000000002,3.8262000000000027,0.5469326367843725,31,50
subcategory_halogen-walk.remove-Cl_1079,CC(C)N1CCCCC(NC(=O)c2ccccc2)C1,1,halogen-walk,remove-Cl,COc1cc(N)c(Cl)cc1C(=O)NC1CCCCN(C(C)C)C1,0 1 2 3 4 5 6 7 8 9 11 12 13 14 15 16 17 18,O=C(NC1CCCCNC1)c1ccccc1,train,260.38100000000003,2.6793000000000013,0.9059440382614456,19,30
subcategory_halogen-walk.remove-Cl_1160,O=C(c1ccccc1)c1ccc(-n2ncc(=O)[nH]c2=O)cc1Cl,1,halogen-walk,remove-Cl,O=C(c1ccc(Cl)cc1Cl)c1ccc(-n2ncc(=O)[nH]c2=O)cc1Cl,0 2 3 4 5 6 7 8 9 10 11 12 13 14 15 16 17 18 19 20 21 22,O=C(c1ccccc1)c1ccc(-n2ncc(=O)[nH]c2=O)cc1,train,327.7270000000001,1.8051999999999997,0.7433721434336338,23,43
subcategory_halogen-walk.remove-Cl_402,c1ccc(Cc2ccc(OCCn3cncc4ncnc3-4)cc2)cc1,0,authentic,authentic,,,c1ccc(Cc2ccc(OCCn3cncc4ncnc3-4)cc2)cc1,train,330.391,3.447700000000002,0.5432579925145782,25,38
subcategory_halogen-walk.remove-Cl_513,COC(=O)c1ccc(NCc2ccc(F)cc2)cn1,0,authentic,authentic,,,c1ccc(CNc2cccnc2)cc1,train,260.268,2.6194000000000006,0.8584659538774898,19,30
subcategory_halogen-walk.remove-Cl_1180,Cc1nc2c([nH]1)N(Cc1ccccc1C)C1=NC(C)(C)CN1C2=O,1,halogen-walk,remove-Cl,Cc1nc2c([nH]1)N(Cc1ccc(Cl)cc1)C1=NC(C)(C)CN1C2=O,0 1 2 3 4 5 6 8 9 10 11 12 13 14 15 16 17 18 19 20 21 22 23,O=C1c2nc[nH]c2N(Cc2ccccc2)C2=NCCN12,train,323.4000000000001,2.6371400000000014,0.9238212788338697,24,45
subcategory_halogen-walk.remove-Cl_1422,OC(Cn1cncn1)(c1ccccc1)c1ccc(F)cc1,1,halogen-walk,remove-Cl,OC(Cn1cncn1)(c1ccc(F)cc1)c1ccc(Cl)cc1,0 2 3 4 5 6 7 8 9 10 11 12 13 14 15 16 17 18 19 20,c1ccc(C(Cn2cncn2)c2ccccc2)cc1,test,283.30600000000004,2.3533,0.799366169648999,21,33
subcategory_halogen-walk.remove-Cl_708,CCOC(=O)C(CCc1ccccc1)NCC(=O)N1CC2(CCSC2)CC1C(=O)O,0,authentic,authentic,,,O=C(CNCCCc1ccccc1)N1CCC2(CCSC2)C1,val,434.55800000000033,1.9493,0.5736557090915031,30,49
subcategory_halogen-walk.remove-Cl_461,CC(C)(C)NCC(O)COC(=O)c1cccc2ccccc12,0,authentic,authentic,,,c1ccc2ccccc2c1,train,301.386,2.7456000000000014,0.8337997980824632,22,35
subcategory_halogen-walk.remove-Cl_660,C[C@H](COC(=O)c1cc(S(N)(=O)=O)c(Cl)cc1NCc1ccco1)N[C@H](C)[C@@H](O)c1cc(F)cc(F)c1,0,authentic,authentic,,,O=C(OCCNCCc1ccccc1)c1ccccc1NCc1ccco1,train,558.0030000000002,3.727700000000003,0.2610818935678327,37,80
subcategory_halogen-walk.remove-Cl_1337,COc1ccc2c(c1)c(CNCCO)c(C)n2C(=O)c1ccccc1,1,halogen-walk,remove-Cl,COc1ccc2c(c1)c(CNCCO)c(C)n2C(=O)c1ccc(Cl)cc1,17 19 20 21 22 23 24,O=C(c1ccccc1)n1ccc2ccccc21,train,338.40700000000004,2.728720000000001,0.6785313599190319,25,40
subcategory_halogen-walk.remove-Cl_337,C[C@@H]1O[C@H](O[C@@H]2C=C3CC[C@H]4[C@@H](CC[C@]5(C)[C@@H](c6ccc(=O)oc6)CC[C@]45O)[C@@]3(C)CC2)[C@@H](O)[C@H](O)[C@@H]1O,0,authentic,authentic,,,O=c1ccc([C@H]2CCC3C2CC[C@H]2C4CC[C@H](O[C@@H]5CCCCO5)C=C4CC[C@H]32)co1,train,530.6580000000004,3.013800000000002,0.43913673793743346,38,120
subcategory_halogen-walk.remove-Cl_622,CCCNS(=O)(=O)c1ccc2c(c1)CC(NC(=O)c1cc(Cl)ccc1OCCC)C2,0,authentic,authentic,,,O=C(NC1Cc2ccccc2C1)c1ccccc1,train,450.9880000000003,3.7143000000000024,0.6094423530838089,30,52
subcategory_halogen-walk.remove-Cl_1514,COc1ccc(CCCN2CCC(COCc3cccc(C)c3)CC2)cc1,1,halogen-walk,remove-Cl,COc1ccc(CCCN2CCC(COCc3ccc(Cl)cc3)CC2)cc1,0 1 2 3 4 5 6 7 8 9 10 11 12 13 15 16 17 18 19 20 21 22 23 24 25 26,c1ccc(CCCN2CCC(COCc3ccccc3)CC2)cc1,train,367.5330000000001,4.865020000000005,0.6313424674616621,27,39
subcategory_halogen-walk.remove-Cl_1061,COC(=O)CCNC(=O)Cc1c(C)n(C(=O)c2ccccc2)c2ccc(OC)cc12,1,halogen-walk,remove-Cl,COC(=O)CCNC(=O)Cc1c(C)n(C(=O)c2ccc(Cl)cc2)c2ccc(OC)cc12,,O=C(c1ccccc1)n1ccc2ccccc21,train,408.4540000000001,2.868620000000001,0.6077409321338351,30,51
subcategory_halogen-walk.remove-Cl_1195,COc1ccc(Cl)cc1C(=O)NCCCNC(=O)c1ccccc1,1,halogen-walk,remove-Cl,COc1ccc(Cl)cc1C(=O)NCCCNC(=O)c1cc(Cl)ccc1OC,16 18 19 20 21 22 23,O=C(NCCCNC(=O)c1ccccc1)c1ccccc1,train,346.814,2.898500000000001,0.7574141788072001,24,37
subcategory_halogen-walk.remove-Cl_113,CCCCS(=O)(=O)Nc1cccc(OCc2ccc3ccccc3n2)c1,0,authentic,authentic,,,c1ccc(OCc2ccc3ccccc3n2)cc1,train,370.47400000000005,4.3556000000000035,0.6397553883836755,26,40
subcategory_halogen-walk.remove-Cl_1340,Cc1ccccc1C(=O)O[C@H](C)N1[C@H](C)CO[C@@](O)(c2cc(F)cc(F)c2)[C@@H]1C,1,halogen-walk,remove-Cl,C[C@@H]1CO[C@@](O)(c2cc(F)cc(F)c2)[C@H](C)N1[C@@H](C)OC(=O)c1cc(S(N)(=O)=O)c(Cl)cc1NCc1ccco1,0 1 2 3 4 5 6 7,O=C(OCN1CCOC(c2ccccc2)C1)c1ccccc1NCc1ccco1,train,405.4410000000001,3.730520000000003,0.7858694584920102,29,67
subcategory_halogen-walk.remove-Cl_886,Cc1ccccc1N1CCN(CCCCOc2ccc3c(c2)N(COC(=O)OCC(C)C)C(=O)CC3)CC1,1,halogen-walk,remove-Cl,CC(C)COC(=O)OCN1C(=O)CCc2ccc(OCCCCN3CCN(c4cccc(Cl)c4Cl)CC3)cc21,0 1 2 3 4 5 6 7,O=C1CCc2ccc(OCCCCN3CCN(c4ccccc4)CC3)cc2N1,train,523.6740000000003,5.0221200000000055,0.30245430663081174,38,60
subcategory_halogen-walk.remove-Cl_1407,COc1ccc2c(c1)c(CCCC(=O)O)c(C)n2C(=O)c1cccc(C)c1,1,halogen-walk,remove-Cl,COc1ccc2c(c1)c(CCCC(=O)O)c(C)n2C(=O)c1ccc(Cl)cc1,0 1 2 3 4 5 6 7 8 9 10 11 12 13 14 15 16 17 19 20 21 22 23 24 25,O=C(c1ccccc1)n1ccc2ccccc21,train,365.4290000000001,4.362540000000003,0.7045103464605506,27,47
subcategory_halogen-walk.remove-Cl_372,Oc1ccc(Nc2ccccc2)c(F)c1,0,authentic,authentic,,,c1ccc(Nc2ccccc2)cc1,train,203.216,3.2749000000000015,0.7339449998592639,15,23
subcategory_halogen-walk.remove-Cl_262,CN=C(N)/C=C\N(C=O)C1CSC(CO)O1,0,authentic,authentic,,,C1CSCO1,val,245.30399999999997,-0.6466000000000003,0.38172772186469256,16,29
subcategory_halogen-walk.remove-Cl_705,CCCCCCNC(=O)OC[N+]1(CCc2c(C)nc3n(c2=O)CCCC3O)CCC(c2noc3cc(F)ccc23)CC1,0,authentic,authentic,,,O=c1c(CC[NH+]2CCC(c3noc4ccccc34)CC2)cnc2n1CCCC2,train,584.7130000000002,4.860120000000005,0.24403716815535867,42,69
subcategory_halogen-walk.remove-Cl_1059,CC1(C)N=C(N)N=C(N)N1c1cccc(OCc2ccccc2)c1,1,halogen-walk,remove-Cl,CC1(C)N=C(N)N=C(N)N1c1cccc(OCc2ccc(Cl)c(Cl)c2)c1,0 1 2 3 4 5 6 7 8 9 10 11 12 13 14 15 17 18 19 20 21 22 23,C1=NC=NCN1c1cccc(OCc2ccccc2)c1,train,323.40000000000003,2.4511000000000003,0.904194279834981,24,40
subcategory_halogen-walk.remove-Cl_954,O=C(N[C@H](Cc1ccccc1)C(=O)N1CCN(c2ccccc2CNCCc2ccc(F)cc2)CC1)[C@H]1Cc2ccccc2CN1,1,halogen-walk,remove-Cl,O=C(N[C@H](Cc1ccc(Cl)cc1)C(=O)N1CCN(c2ccccc2CNCCc2ccc(F)cc2)CC1)[C@H]1Cc2ccccc2CN1,4 5 6 7 8 9 10,O=C(N[C@H](Cc1ccccc1)C(=O)N1CCN(c2ccccc2CNCCc2ccccc2)CC1)[C@H]1Cc2ccccc2CN1,test,619.7850000000001,4.248600000000002,0.21912782757772176,46,78
subcategory_halogen-walk.remove-Cl_1141,COc1ccc2c(c1)c(CCCC(=O)O)c(C)n2C(=O)c1ccccc1,1,halogen-walk,remove-Cl,COc1ccc2c(c1)c(CCCC(=O)O)c(C)n2C(=O)c1ccc(Cl)cc1,0 1 2 3 4 5 6 7 8 9 10 11 12 13 14 15 16 17 19 20 21 22 23 24,O=C(c1ccccc1)n1ccc2ccccc21,train,351.40200000000004,4.054120000000003,0.72721215955207,26,44
subcategory_halogen-walk.remove-Cl_1280,COc1ccc(Oc2cccc(S(=O)(=O)N[C@@H](C)COc3ccccc3)c2)cc1,1,halogen-walk,remove-Cl,COc1ccc(Oc2cccc(S(=O)(=O)N[C@@H](C)COc3ccc(Cl)cc3C(N)=O)c2)cc1,0 1 2 3 4 5 6 7 8 9 10 11 12 13 14 15 16 17 18 20 21 22 23 24 25 26 27 28,O=S(=O)(NCCOc1ccccc1)c1cccc(Oc2ccccc2)c1,test,413.4950000000002,4.233300000000003,0.5681745959870803,29,52
subcategory_halogen-walk.remove-Cl_649,C[N+]1(CCc2ccccc2)CC[C@H](OC(=O)C(O)(c2cccs2)c2cccs2)C1,0,authentic,authentic,,,O=C(O[C@H]1CC[NH+](CCc2ccccc2)C1)C(c1cccs1)c1cccs1,train,428.59900000000005,4.050300000000004,0.4561794599631617,29,55
subcategory_halogen-walk.remove-Cl_256,CC(C)[C@H](NC(=O)OC(C)(C)C)C(=O)N1CCC[C@H]1C(=O)NC(Cc1ccccc1)C(=O)C(F)(F)C(=O)N1CCCC1C(=O)O,0,authentic,authentic,,,O=C(CC(=O)N1CCCC1)C(Cc1ccccc1)NC(=O)[C@@H]1CCCN1,train,636.693,2.534200000000001,0.31235270794318776,45,91
subcategory_halogen-walk.remove-Cl_1113,Cc1ccccc1Cn1c(SC(C)(C)C(=O)O)nc2cc(F)ccc21,1,halogen-walk,remove-Cl,CC(C)(Sc1nc2cc(F)ccc2n1Cc1ccc(Cl)cc1)C(=O)O,0 1 2 3 4 5 6 7,c1ccc(Cn2cnc3ccccc32)cc1,train,358.43800000000005,4.487420000000004,0.6830346685685437,25,42
subcategory_halogen-walk.remove-Cl_838,C=C(c1ccccc1)c1cc(CC)ccc1O,1,halogen-walk,remove-Cl,C=C(c1ccc(Cl)cc1)c1cc(CC)ccc1O,0 2 3 4 5 6 7 8 9 10 11 12 13 14 15 16,C=C(c1ccccc1)c1ccccc1,train,224.30299999999994,4.016100000000003,0.8345720744280014,17,26
subcategory_halogen-walk.remove-Cl_1414,Cc1ccccc1CN(C)C/C=C/c1ccccc1,1,halogen-walk,remove-Cl,CN(C/C=C/c1ccccc1)Cc1ccc(Cl)c2ccccc12,0 1 2 3 4 5 6 8 9 10 11 12 13 14 15 16 17 18,C(=C\c1ccccc1)/CNCc1cccc2ccccc12,train,251.37300000000002,4.140220000000004,0.7716599431645218,19,28
subcategory_halogen-walk.remove-Cl_1076,COc1ccc2c(c1)c(CC(=O)OCCc1ccccc1)c(C)n2C(=O)c1ccccc1,1,halogen-walk,remove-Cl,COc1ccc2c(c1)c(CC(=O)OCCc1ccccc1)c(C)n2C(=O)c1ccc(Cl)cc1,0 1 2 3 4 5 6 7 8 9 10 11 12 13 14 15 16 17 18 19 20 21 22 23 25 26 27 28 29 30,O=C(Cc1cn(C(=O)c2ccccc2)c2ccccc12)OCCc1ccccc1,train,427.5000000000001,4.975220000000005,0.39067239484262695,32,52
subcategory_halogen-walk.remove-Cl_1220,COc1ccc2c(c1)c(CC(=O)N[C@@H](CO)C(=O)O)c(C)n2C(=O)c1cccc(C)c1,1,halogen-walk,remove-Cl,COc1ccc2c(c1)c(CC(=O)N[C@@H](CO)C(=O)O)c(C)n2C(=O)c1ccc(Cl)cc1,0 1 2 3 4 5 6 7 8 9 10 11 12 13 14 15 16 17 18 19 20 21 23 24 25 26 27 28 29,O=C(c1ccccc1)n1ccc2ccccc21,train,424.45300000000015,2.0594399999999995,0.5344090087001885,31,61
subcategory_halogen-walk.remove-Cl_1133,CC(C)COCCCNCc1ccccc1N1CCN(C(=O)[C@@H](Cc2ccccc2)NC(=O)[C@H]2Cc3ccccc3CN2)CC1,1,halogen-walk,remove-Cl,CC(C)COCCCNCc1ccccc1N1CCN(C(=O)[C@@H](Cc2ccc(Cl)cc2)NC(=O)[C@H]2Cc3ccccc3CN2)CC1,23 24 25 26 27 28 29,O=C(N[C@H](Cc1ccccc1)C(=O)N1CCN(c2ccccc2)CC1)[C@H]1Cc2ccccc2CN1,train,611.8310000000001,3.9295000000000018,0.23978874105944667,45,76
subcategory_halogen-walk.remove-Cl_1349,COc1ccc(-c2ccccc2)c(CC(=O)O)c1,1,halogen-walk,remove-Cl,COc1ccc(-c2ccc(Cl)cc2)c(CC(=O)O)c1,5 6 7 8 9 10 11,c1ccc(-c2ccccc2)cc1,train,242.27399999999997,2.9893,0.8960661529271775,18,30
subcategory_halogen-walk.remove-Cl_1428,COc1ccc2c(c1)c(CC(=O)NC(CO)C(=O)O)c(C)n2C(=O)c1ccccc1,1,halogen-walk,remove-Cl,COc1ccc2c(c1)c(CC(=O)NC(CO)C(=O)O)c(C)n2C(=O)c1ccc(Cl)cc1,0 1 2 3 4 5 6 7 8 9 10 11 12 13 14 15 16 17 18 19 20 21 23 24 25 26 27 28,O=C(c1ccccc1)n1ccc2ccccc21,train,410.4260000000001,1.7510199999999994,0.5462456642050441,30,53
subcategory_halogen-walk.remove-Cl_176,COc1cc(/C=C/C(=O)NC2C=CCC2)cc(OC)c1OC,0,authentic,authentic,,,O=C(/C=C/c1ccccc1)NC1C=CCC1,train,303.35800000000006,2.5604000000000005,0.6480099817294925,22,37
subcategory_halogen-walk.remove-Cl_265,COc1ccc(S(=O)(=O)c2ccc(C3(C4CCN(C5CCN(C(=O)c6cccc7c(F)cc(F)cc67)CC5)CC4)OCCO3)cc2)cc1,0,authentic,authentic,,,O=C(c1cccc2ccccc12)N1CCC(N2CCC(C3(c4ccc(S(=O)(=O)c5ccccc5)cc4)OCCO3)CC2)CC1,val,676.7819999999999,6.175800000000007,0.23142734005349735,48,85
subcategory_halogen-walk.remove-Cl_957,CCC(C)(CC(=O)O)Cc1nc2ccccc2n1Cc1ccccc1,1,halogen-walk,remove-Cl,CCC(C)(CC(=O)O)Cc1nc2ccccc2n1Cc1ccc(Cl)cc1,0 1 2 3 4 5 6 7 8 9 10 11 12 13 14 15 16 17 19 20 21 22 23,c1ccc(Cn2cnc3ccccc32)cc1,train,336.43500000000006,4.518100000000004,0.6900500709180655,25,38
subcategory_halogen-walk.remove-Cl_1478,O=C(O)c1ccc(NCCc2ccccc2)cc1,1,halogen-walk,remove-Cl,O=C(O)c1ccc(NCCc2ccc(Cl)cc2)cc1,0 1 2 3 4 5 6 7 8 10 11 12 13 14 15 16 17,c1ccc(CCNc2ccccc2)cc1,train,241.29000000000002,3.0394000000000014,0.8454910409851711,18,27
subcategory_halogen-walk.remove-Cl_739,COc1ccc(C(=O)NC2Cc3ccccc3C2)cc1OC,0,authentic,authentic,,,O=C(NC1Cc2ccccc2C1)c1ccccc1,train,297.35400000000004,2.601000000000001,0.9433754627993437,22,33
subcategory_halogen-walk.remove-Cl_1128,COc1ccc2c(c1)c(CC(=O)NCc1ccccc1C(F)(F)F)c(C)n2C(=O)c1ccccc1,1,halogen-walk,remove-Cl,COc1ccc2c(c1)c(CC(=O)NCc1ccccc1C(F)(F)F)c(C)n2C(=O)c1ccc(Cl)cc1,27 29 30 31 32 33 34,O=C(Cc1cn(C(=O)c2ccccc2)c2ccccc12)NCc1ccccc1,train,480.48600000000016,5.524520000000004,0.3951664731019124,35,59
subcategory_halogen-walk.remove-Cl_1509,O=C(Nc1ccccc1)C1CCN(Cc2ccc(OCC3CCNCC3)cc2)CC1,1,halogen-walk,remove-Cl,O=C(Nc1ccc(Cl)c(Cl)c1)C1CCN(Cc2ccc(OCC3CCNCC3)cc2)CC1,0 1 3 4 5 6 7 8 9 10 11 12 13 14 15 16 17 18 19 20 21 22 23 24 25 26 27 28 29,O=C(Nc1ccccc1)C1CCN(Cc2ccc(OCC3CCNCC3)cc2)CC1,test,407.5580000000002,3.915700000000003,0.7305886188889719,30,45
subcategory_halogen-walk.remove-Cl_484,COc1cccc(-c2ccc(Cl)cc2)c1CC(=O)O,0,authentic,authentic,,,c1ccc(-c2ccccc2)cc1,train,276.719,3.6427000000000023,0.9272103405801038,19,32
subcategory_halogen-walk.remove-Cl_1431,CN(C[C@@H](CCN1CCC2(CC1)CS(=O)(=O)c1ccccc12)c1ccccc1)S(=O)(=O)c1ccccc1,1,halogen-walk,remove-Cl,CN(C[C@@H](CCN1CCC2(CC1)CS(=O)(=O)c1ccccc12)c1ccc(Cl)c(Cl)c1)S(=O)(=O)c1ccccc1,3 22 23 24 25 26 27,O=S1(=O)CC2(CCN(CC[C@H](CNS(=O)(=O)c3ccccc3)c3ccccc3)CC2)c2ccccc21,val,538.7350000000002,4.302100000000004,0.4275526968242208,37,70
subcategory_halogen-walk.remove-Cl_411,O=C(CCC(=O)Nc1ccc(O)cc1)Nc1ccc(O)cc1,0,authentic,authentic,,,O=C(CCC(=O)Nc1ccccc1)Nc1ccccc1,train,300.3140000000001,2.4551999999999996,0.6373687395030776,22,36
subcategory_halogen-walk.remove-Cl_248,CCCC(O)(CCC)c1ccc(OCCCN2CCCCC2)cc1,0,authentic,authentic,,,c1ccc(OCCCN2CCCCC2)cc1,train,333.51600000000013,4.729200000000005,0.6283807299516688,24,34
subcategory_halogen-walk.remove-Cl_1302,COc1ccc2c(c1)c(CC(=O)NNCc1ccccc1)c(C)n2C(=O)c1ccccc1,1,halogen-walk,remove-Cl,COc1ccc2c(c1)c(CC(=O)NNCc1ccccc1)c(C)n2C(=O)c1ccc(Cl)cc1,24 26 27 28 29 30 31,O=C(Cc1cn(C(=O)c2ccccc2)c2ccccc12)NNCc1ccccc1,train,427.50400000000013,4.010320000000003,0.43732748524851534,32,52
subcategory_halogen-walk.remove-Cl_1392,CCOC(=O)N1CCN(C(=O)C[C@H](Cc2ccccc2)C(=O)N2CCN(c3ccccc3N(CC3CC3)S(C)(=O)=O)CC2)CC1,1,halogen-walk,remove-Cl,CCOC(=O)N1CCN(C(=O)C[C@H](Cc2ccc(Cl)cc2)C(=O)N2CCN(c3ccccc3N(CC3CC3)S(C)(=O)=O)CC2)CC1,0 1 2 3 4 5 6 7 8 9 10 11 12 14 15 16 17 18 19 20 21 22 23 24 25 26 27 28 29 30 31 32 33 34 35 36 37 38 39 40 41 42 43 44,O=C(C[C@H](Cc1ccccc1)C(=O)N1CCN(c2ccccc2NCC2CC2)CC1)N1CCNCC1,train,639.8190000000001,3.060900000000002,0.37182831747113687,45,82
subcategory_halogen-walk.remove-Cl_740,CN1CCN(C2=Nc3cc(Cl)ccc3Nc3ccccc32)CC1.CN1CCNCC1.ClC1=Nc2cc(Cl)ccc2NC2=C1C=[C+]C=C2,0,authentic,authentic,,,C1CNCCN1.[C+]1=CC2=C(C=C1)Nc1ccccc1N=C2.c1ccc2c(c1)N=C(N1CCNCC1)c1ccccc1N2,train,689.1150000000002,7.461690000000007,0.213240075469267,47,82
subcategory_halogen-walk.remove-Cl_356,CC1(C)C=C(C(=O)NCC2CC2)c2cc([N+](=O)[O-])ccc2O1,0,authentic,authentic,,,O=C(NCC1CC1)C1=CCOc2ccccc21,train,302.33000000000004,2.6754000000000007,0.684538382585739,22,47
subcategory_halogen-walk.remove-Cl_322,CCN(CC)CCNC(=O)c1cc(C)c(N)c(C)c1,0,authentic,authentic,,,c1ccccc1,train,263.385,1.9572399999999994,0.7713543523218778,19,32
subcategory_halogen-walk.remove-Cl_614,Nc1nc(O)c2nnn(C3CC(O)C(CO)C3)c2n1,0,authentic,authentic,,,c1ncc2nnn(C3CCCC3)c2n1,train,266.26099999999997,-1.1866000000000005,0.531109707442623,19,33
subcategory_halogen-walk.remove-Cl_594,N#Cc1cccc(-c2ccc3c(c2)CCN(CC(=O)Nc2cc(Cl)cc(Cl)c2)C3C2CCN(C3CCSC3)CC2)c1,0,authentic,authentic,,,O=C(CN1CCc2cc(-c3ccccc3)ccc2C1C1CCN(C2CCSC2)CC1)Nc1ccccc1,train,605.635,7.2874800000000075,0.3200088391133755,41,72
subcategory_halogen-walk.remove-Cl_132,C[C@@H](NC(=O)[C@@H](N)Cc1ccc(O)cc1)C(=O)N(C)[C@@H](Cc1ccccc1)NC(=O)CNC(=O)C12CC3CC(CC(C3)C1)C2,0,authentic,authentic,,,O=C(CCc1ccccc1)NCC(=O)N[C@@H](Cc1ccccc1)NC(=O)CNC(=O)C12CC3CC(CC(C3)C1)C2,val,603.764,2.2427,0.23465890165113154,44,95
subcategory_halogen-walk.remove-Cl_711,Oc1cccc(C2CNCc3ccccc32)c1,0,authentic,authentic,,,c1ccc(C2CNCc3ccccc32)cc1,test,225.291,2.627300000000001,0.7816160564722848,17,25
subcategory_halogen-walk.remove-Cl_654,CN1C(=O)CCc2c(OCCCN3CCN(c4ccc(Cl)cc4)CC3)cccc21,0,authentic,authentic,,,O=C1CCc2c(cccc2OCCCN2CCN(c3ccccc3)CC2)N1,train,413.9490000000001,3.8401000000000023,0.6739604263368699,29,47
subcategory_halogen-walk.remove-Cl_179,c1ccc(CN2CCC(CCc3noc4ccccc34)CC2)cc1,0,authentic,authentic,,,c1ccc(CN2CCC(CCc3noc4ccccc34)CC2)cc1,train,320.4360000000001,4.6726000000000045,0.6837582485588243,24,36
subcategory_halogen-walk.remove-Cl_911,Nc1nnc2ccc(-c3ccccc3)nn12,1,halogen-walk,remove-Cl,Nc1nnc2ccc(-c3ccc(Cl)c(Cl)c3)nn12,0 1 2 3 4 5 6 8 9 10 11 12 13 14 15,c1ccc(-c2ccc3nncn3n2)cc1,train,211.228,1.3734999999999997,0.6596740131834725,16,25
subcategory_halogen-walk.remove-Cl_1449,CC1CCCN(NC(=O)NS(=O)(=O)c2ccc(CCNC(=O)c3ccccc3)cc2)C1,1,halogen-walk,remove-Cl,COc1ccc(Cl)cc1C(=O)NCCc1ccc(S(=O)(=O)NC(=O)NN2CCCC(C)C2)cc1,0 1 2 3 4 5 6 7 8 9 10 11 12 13 14 15 16 17 18 19 21 22 23 24 25 26 27 28 29 30,O=C(NN1CCCCC1)NS(=O)(=O)c1ccc(CCNC(=O)c2ccccc2)cc1,train,444.55700000000024,2.2939,0.6074024583064229,31,53
subcategory_halogen-walk.remove-Cl_1481,[2H]c1cc([2H])cc(C([2H])(c2ccccc2)N2C([2H])([2H])C([2H])N(CC([2H])([2H])OC([2H])([2H])C(=O)O)C([2H])([2H])C2([2H])[2H])c1,1,halogen-walk,remove-Cl,[2H]c1cc([2H])cc(C([2H])(c2c([2H])c([2H])c(Cl)c([2H])c2[2H])N2C([2H])([2H])C([2H])N(CC([2H])([2H])OC([2H])([2H])C(=O)O)C([2H])([2H])C2([2H])[2H])c1,7 9 10 11 12 13 14,c1ccc(C(c2ccccc2)N2CCNCC2)cc1,train,368.5354248920001,2.4947999999999997,0.7758206643059609,26,121
subcategory_halogen-walk.remove-Cl_1484,CN(CCO)CCOC(=O)COCCN1CCN(C(c2ccccc2)c2ccccc2)CC1,1,halogen-walk,remove-Cl,CN(CCO)CCOC(=O)COCCN1CCN(C(c2ccccc2)c2ccc(Cl)cc2)CC1,18 19 20 21 22 23 24,c1ccc(C(c2ccccc2)N2CCNCC2)cc1,train,455.5990000000001,1.8775000000000022,0.36544917313335357,33,48
subcategory_halogen-walk.remove-Cl_277,O=C1CN=C(c2ccccc2[N+](=O)[O-])c2cc([N+](=O)[O-])ccc2N1,0,authentic,authentic,,,O=C1CN=C(c2ccccc2)c2ccccc2N1,train,326.26800000000003,2.2925,0.6832922917878409,24,54
subcategory_halogen-walk.remove-Cl_251,O=C1CCc2c(OC[C@]3(O)CCN(c4ccc(F)cc4Cl)C[C@H]3F)ccc(F)c2N1,0,authentic,authentic,,,O=C1CCc2c(cccc2OCC2CCN(c3ccccc3)CC2)N1,train,440.84900000000005,3.861200000000003,0.75757070731685,30,57
subcategory_halogen-walk.remove-Cl_409,CCOc1cc2c(cc1OCC)C(=O)C(F)(CC1CCN(Cc3ccccc3F)CC1)C2,0,authentic,authentic,,,O=C1c2ccccc2CC1CC1CCN(Cc2ccccc2)CC1,train,443.5340000000002,5.372500000000005,0.5497100822856945,32,51
subcategory_halogen-walk.remove-Cl_1005,Nc1nc(N)c2cc(CNC(=O)c3ccccc3)ccc2n1,1,halogen-walk,remove-Cl,Nc1nc(N)c2cc(CNC(=O)c3ccc(Cl)c(Cl)c3)ccc2n1,0 1 2 3 4 5 6 7 8 9 11 12 13 14 15 16 17 18 19 20 21,O=C(NCc1ccc2ncncc2c1)c1ccccc1,test,293.33000000000004,1.7241999999999995,0.6813438068066785,22,35
subcategory_halogen-walk.remove-Cl_584,CC(=O)c1ccc(/N=C/C2=C3NC=C(C(=O)O)C(=O)N3C(C)CC2)cc1,0,authentic,authentic,,,O=C1C=CNC2=C(/C=N/c3ccccc3)CCCN12,val,353.3780000000001,2.385700000000001,0.49183611156394874,26,52
subcategory_halogen-walk.remove-Cl_439,CCN1CCC(F)C(CO)(COc2ccc3c(c2)OCO3)C1c1ccccc1,0,authentic,authentic,,,c1ccc(C2NCCCC2COc2ccc3c(c2)OCO3)cc1,train,387.45100000000014,3.5778000000000025,0.821189457343552,28,44
subcategory_halogen-walk.remove-Cl_1169,COc1ccc2c(c1)c(Cc1cccc(OC(C)C(=O)O)c1)c(C)n2C(=O)c1ccccc1,1,halogen-walk,remove-Cl,COc1ccc2c(c1)c(Cc1cccc(OC(C)C(=O)O)c1)c(C)n2C(=O)c1ccc(Cl)cc1,0 1 2 3 4 5 6 7 8 9 10 11 12 13 14 15 16 17 18 19 20 21 22 23 24 26 27 28 29 30 31,O=C(c1ccccc1)n1cc(Cc2ccccc2)c2ccccc21,train,443.49900000000014,5.089520000000004,0.4305213288417447,33,57
subcategory_halogen-walk.remove-Cl_533,CC(=O)Oc1n[nH]c(=O)c2c1nc(C)n2Cc1ccc(-c2ccccc2-c2nn[nH]n2)cc1,0,authentic,authentic,,,O=c1[nH]ncc2ncn(Cc3ccc(-c4ccccc4-c4nn[nH]n4)cc3)c12,train,442.43900000000014,2.2487199999999996,0.39440074922088636,33,61
subcategory_halogen-walk.remove-Cl_536,COc1cc2c(CCN(C)C)c[nH]c2cc1C,0,authentic,authentic,,,c1ccc2[nH]ccc2c1,train,232.32700000000003,2.5890200000000005,0.8772844299527794,17,28
subcategory_halogen-walk.remove-Cl_241,COc1cc(N)c(Cl)cc1C(=O)N[C@H]1CCN2CCC[C@H]1C2,0,authentic,authentic,,,O=C(N[C@H]1CCN2CCC[C@H]1C2)c1ccccc1,train,323.8240000000002,2.1449,0.8363645651716686,22,44
subcategory_halogen-walk.remove-Cl_1335,OCCOCCOCCN1CCN(C(c2ccccc2)c2ccccc2)CC1,1,halogen-walk,remove-Cl,OCCOCCOCCN1CCN(C(c2ccccc2)c2ccc(Cl)cc2)CC1,13 14 15 16 17 18 19,c1ccc(C(c2ccccc2)N2CCNCC2)cc1,train,384.52000000000015,2.4191000000000003,0.6030716611855851,28,38
subcategory_halogen-walk.remove-Cl_1060,COC(=O)COC/C=C\CN1CCN(Cc2ccc(-c3ccccc3)cc2)CC1,1,halogen-walk,remove-Cl,COC(=O)COC/C=C\CN1CCN(Cc2ccc(-c3ccc(Cl)cc3)cc2)CC1,18 19 20 21 22 23 24,c1ccc(-c2ccc(CN3CCNCC3)cc2)cc1,train,394.51500000000016,3.2170000000000023,0.37114225058543815,29,46
subcategory_halogen-walk.remove-Cl_1022,Cc1cc(-n2ncc(=O)[nH]c2=O)ccc1[S+]([O-])c1ccccc1,1,halogen-walk,remove-Cl,Cc1cc(-n2ncc(=O)[nH]c2=O)ccc1[S+]([O-])c1ccc(Cl)cc1,15 17 18 19 20 21 22,O=c1cnn(-c2ccc([SH+]c3ccccc3)cc2)c(=O)[nH]1,train,327.36500000000007,1.39592,0.7361528972561484,23,47
subcategory_halogen-walk.remove-Cl_381,CC(C)NC(=S)NNc1nncc2ccccc12,0,authentic,authentic,,,c1ccc2cnncc2c1,train,261.35400000000004,1.8291999999999995,0.5786141167373952,18,27
subcategory_halogen-walk.remove-Cl_53,Cc1noc(Cc2ccc3[nH]cc(CCN)c3c2)n1,0,authentic,authentic,,,c1noc(Cc2ccc3[nH]ccc3c2)n1,train,256.30899999999997,1.95132,0.747263905651821,19,32
subcategory_halogen-walk.remove-Cl_232,C[C@H]1[C@@H](CCC(=O)NCC[C@H]2O[C@@H]3O[C@]4(C)CC[C@H]5[C@H](C)CC[C@@H]([C@H]2C)[C@@]35OO4)O[C@@H]2O[C@@]3(C)CC[C@H]4[C@H](C)CC[C@@H]1[C@@]24OO3,0,authentic,authentic,,,O=C(CC[C@@H]1C[C@@H]2CCC[C@@H]3CCC4OO[C@]32[C@@H](O4)O1)NCC[C@@H]1C[C@@H]2CCC[C@@H]3CCC4OO[C@]32[C@@H](O4)O1,test,633.8230000000002,5.773900000000005,0.365177147002387,45,144
subcategory_halogen-walk.remove-Cl_511,Cc1nc(-c2ccc(OCC(C)C)c(C#N)c2)sc1C(=O)NN1CCC(Cc2ccccc2)C1.Cl,0,authentic,authentic,,,O=C(NN1CCC(Cc2ccccc2)C1)c1cnc(-c2ccccc2)s1,train,511.0910000000002,5.656200000000006,0.422966423381709,35,60
subcategory_halogen-walk.remove-Cl_570,CC(C)(C)C(=O)OCCCOC(=O)c1cc(S(N)(=O)=O)c(Cl)cc1NCc1ccco1,0,authentic,authentic,,,c1ccc(NCc2ccco2)cc1,train,472.9470000000001,3.3287000000000013,0.4182650403661955,31,56
subcategory_halogen-walk.remove-Cl_643,CCN1CCC[C@H]1CNC(=O)c1c(OC)ccc(Cl)c1OC,0,authentic,authentic,,,O=C(NC[C@@H]1CCCN1)c1ccccc1,train,326.82400000000007,2.571300000000001,0.8726476290790756,22,38
subcategory_halogen-walk.remove-Cl_1544,Fc1ccc([C@H]2OCO[C@]2(Cn2cncn2)c2ccccc2)cc1,1,halogen-walk,remove-Cl,Fc1ccc([C@H]2OCO[C@]2(Cn2cncn2)c2ccc(Cl)cc2Cl)cc1,0 1 2 3 4 5 6 7 8 10 11 12 13 14 15 16 17 18 19 20 21 22 23,c1ccc([C@H]2OCO[C@]2(Cn2cncn2)c2ccccc2)cc1,test,325.343,3.058300000000002,0.739619133106749,24,43
subcategory_halogen-walk.remove-Cl_751,COc1ccccc1C(=O)NCC1(c2ccccc2)CCC(NS(=O)(=O)c2ccccc2)CC1,0,authentic,authentic,,,O=C(NCC1(c2ccccc2)CCC(NS(=O)(=O)c2ccccc2)CC1)c1ccccc1,val,478.61400000000026,4.284100000000003,0.5060642492251971,34,55
subcategory_halogen-walk.remove-Cl_1084,O=C(c1ccccc1)C(O)(Cn1cncn1)c1ccccc1Cl,1,halogen-walk,remove-Cl,O=C(c1ccc(Cl)cc1)C(O)(Cn1cncn1)c1ccccc1Cl,0 2 3 4 5 6 7 8 9 10 11 12 13 14 15 16 17 18 19 20 21 22,O=C(c1ccccc1)C(Cn1cncn1)c1ccccc1,train,327.7710000000001,2.7022000000000004,0.731561358881975,23,37
subcategory_halogen-walk.remove-Cl_1531,COc1ccc(Cl)cc1C(=O)NCCCNCc1ccccc1,1,halogen-walk,remove-Cl,COc1ccc(Cl)cc1C(=O)NCCCNC(=O)c1cc(Cl)ccc1OC,15 16 17 18 19 20 21 22,O=C(NCCCNC(=O)c1ccccc1)c1ccccc1,train,332.831,3.258300000000001,0.729484864418858,23,33
subcategory_halogen-walk.remove-Cl_1476,COc1ccc2c(c1)c(C)c(CCC(=O)NS(C)(=O)=O)n2C(=O)c1ccccc1,1,halogen-walk,remove-Cl,COc1ccc2c(c1)c(C)c(CCC(=O)NS(C)(=O)=O)n2C(=O)c1ccc(Cl)cc1,0 1 2 3 4 5 6 7 8 9 10 11 12 13 14 15 16 17 18 19 20 22 23 24 25 26 27,O=C(c1ccccc1)n1ccc2ccccc21,train,414.4830000000001,2.655220000000001,0.6691937778422427,29,53
subcategory_halogen-walk.remove-Cl_1166,O=C1CCc2c(OCC3=CCN(c4ccccc4)CC3)ccc(F)c2N1,1,halogen-walk,remove-Cl,O=C1CCc2c(OCC3=CCN(c4c(F)cc(Cl)cc4F)CC3)ccc(F)c2N1,11 12 13 14 15 16 17,O=C1CCc2c(cccc2OCC2=CCN(c3ccccc3)CC2)N1,train,352.40900000000005,3.925900000000003,0.848080455575346,26,42
subcategory_halogen-walk.remove-Cl_761,NCC(=O)O.NCC1(CC(=O)O)CCCCC1,0,authentic,authentic,,,C1CCCCC1,train,246.30699999999993,0.3999999999999999,0.5683553794310029,17,28
subcategory_halogen-walk.remove-Cl_759,CC(C)N(C(=O)CN1C(=O)C(NC(=O)Nc2cccc(C3(C(F)(F)F)N=N3)c2)C(=O)N(c2ccccc2)c2ccccc21)c1ccccc1,0,authentic,authentic,,,O=C(CN1C(=O)C(NC(=O)Nc2cccc(C3N=N3)c2)C(=O)N(c2ccccc2)c2ccccc21)Nc1ccccc1,train,669.6640000000002,6.510700000000007,0.20752826434093266,49,90
subcategory_halogen-walk.remove-Cl_1465,CC(COC(=O)c1ccccc1)N[C@@H](C)C(=O)c1cc(F)cc(F)c1,1,halogen-walk,remove-Cl,CC(COC(=O)c1cc(S(N)(=O)=O)c(Cl)cc1NCc1ccco1)N[C@@H](C)C(=O)c1cc(F)cc(F)c1,4 6 7 8 9 10 11,O=C(CNCCOC(=O)c1ccccc1NCc1ccco1)c1ccccc1,train,347.36100000000005,3.371100000000002,0.6162772705950132,25,48
subcategory_halogen-walk.remove-Cl_314,CC1(C)OC(S)=Nc2ccc(-c3cc(C#N)cc(OC(F)(F)F)c3)cc21,0,authentic,authentic,,,C1=Nc2ccc(-c3ccccc3)cc2CO1,train,378.37500000000006,5.306480000000003,0.7210959216574256,26,49
subcategory_halogen-walk.remove-Cl_66,Cc1ccc(C(C)n2cncn2)c(C)c1,0,authentic,authentic,,,c1ccc(Cn2cncn2)cc1,train,201.273,2.5042400000000002,0.7470476528590061,15,25
subcategory_halogen-walk.remove-Cl_784,CCCc1nn(C)c2c(=O)[nH]c(-c3ccccc3OCC3CC3)nc12,0,authentic,authentic,,,O=c1[nH]c(-c2ccccc2OCC2CC2)nc2cn[nH]c12,train,338.4110000000002,3.0649000000000015,0.7495549896491508,25,44
subcategory_halogen-walk.remove-Cl_1391,CCOC(=O)N1CCCN(c2ccc(C(=O)NCCc3ccccc3)cc2NC(=O)c2cccc(Cl)c2)CC1,1,halogen-walk,remove-Cl,CCOC(=O)N1CCCN(c2ccc(C(=O)NCCc3ccc(Cl)cc3Cl)cc2NC(=O)c2cccc(Cl)c2)CC1,,O=C(NCCc1ccccc1)c1ccc(N2CCCNCC2)c(NC(=O)c2ccccc2)c1,train,549.071,5.233400000000005,0.40191829961288394,39,63
subcategory_halogen-walk.remove-Cl_750,CC[C@H]1OC(=O)[C@H](C)[C@@H](O[C@H]2C[C@@](C)(OC)[C@@H](O)[C@H](C)O2)[C@H](C)[C@@H](O[C@H]2O[C@H](C)C[C@H](N(C)C)[C@H]2O)[C@](C)(OC)C[C@@H](C)C(=O)[C@H](C)[C@H](O)[C@@H]1C,0,authentic,authentic,,,O=C1CCCCOC(=O)C[C@@H](O[C@H]2CCCCO2)C[C@@H](O[C@@H]2CCCCO2)CCC1,val,731.9650000000001,3.324800000000004,0.31225276076180714,51,171
subcategory_halogen-walk.remove-Cl_1521,Cc1nc(/C=C/[C@@H](C)[C@@H]2C/C=C/C(=O)N[C@H](Cc3ccccc3)C(=O)NCC(C)(C)C(=O)O[C@@H](CC(C)C)C(=O)O2)cs1,1,halogen-walk,remove-Cl,COc1ccc(C[C@H]2NC(=O)/C=C/C[C@@H]([C@H](C)/C=C/c3csc(C)n3)OC(=O)[C@H](CC(C)C)OC(=O)C(C)(C)CNC2=O)cc1Cl,16 17 18 19 20 21 22,O=C1/C=C/C[C@@H](C/C=C/c2cscn2)OC(=O)COC(=O)CCNC(=O)[C@@H](Cc2ccccc2)N1,val,609.7890000000003,4.800320000000005,0.43244307302061197,43,100
subcategory_halogen-walk.remove-Cl_137,C[C@H]1CN(C2CCN(C(=O)c3c(F)cccc3F)CC2)CCN1[C@@H](C)c1ccc(S(=O)(=O)c2ccc3c(c2)OCO3)cc1,0,authentic,authentic,,,O=C(c1ccccc1)N1CCC(N2CCN(Cc3ccc(S(=O)(=O)c4ccc5c(c4)OCO5)cc3)CC2)CC1,train,611.7110000000002,4.898200000000005,0.39260368841273213,43,85
subcategory_halogen-walk.remove-Cl_258,CCCC(=O)Nc1cccc(Oc2cccc(OC)c2)c1,0,authentic,authentic,,,c1ccc(Oc2ccccc2)cc1,train,285.343,4.226100000000002,0.8637742129611966,21,32
subcategory_halogen-walk.remove-Cl_71,Cc1cc2c(s1)Cc1ccccc1N=C2N1CCN(CCOCCO)C(CCc2ccccc2)C1.Cl,0,authentic,authentic,,,c1ccc(CCC2CN(C3=Nc4ccccc4Cc4sccc43)CCN2)cc1,val,526.1460000000004,5.088720000000007,0.4161671548636874,36,55
subcategory_halogen-walk.remove-Cl_897,CCOC(=O)N1CCN(CCOC(=O)c2ccccc2)CC1,1,halogen-walk,remove-Cl,CCOC(=O)N1CCN(CCOC(=O)c2cc(Cl)c(N)cc2OC)CC1,0 1 2 3 4 5 6 7 8 9 10 11 13 14 15 16 17 18 19 20 21,O=C(OCCN1CCNCC1)c1ccccc1,train,306.3620000000001,1.6175,0.7737135070734901,22,34
subcategory_halogen-walk.remove-Cl_292,COc1cc2c(cc1OC)C(=O)C(CC1(F)CCN(CC(C)C)CC1)C2,0,authentic,authentic,,,O=C1c2ccccc2CC1CC1CCNCC1,train,363.4730000000001,3.9090000000000034,0.7681341907947568,26,45
subcategory_halogen-walk.remove-Cl_63,Nc1nc2nc[nH]c2c(=O)n1COC(O)CCO,0,authentic,authentic,,,O=c1[nH]cnc2nc[nH]c12,train,255.23399999999995,-1.6233000000000002,0.4704238525027104,18,30
subcategory_halogen-walk.remove-Cl_327,COc1ccc2c3c1OC1CCC=CC31CCN(C)C2,0,authentic,authentic,,,C1=CC23CCNCc4cccc(c42)OC3CC1,train,271.35999999999996,2.879500000000001,0.7331225974319254,20,31
subcategory_halogen-walk.remove-Cl_1050,O=S(=O)(NCCCCNc1ccnc2cc(Cl)ccc12)c1ccccc1,1,halogen-walk,remove-Cl,O=S(=O)(NCCCCNc1ccnc2cc(Cl)ccc12)c1ccc(Cl)cc1,1 20 21 22 23 24 25,O=S(=O)(NCCCCNc1ccnc2ccccc12)c1ccccc1,train,389.90800000000013,4.058800000000002,0.5697620884540839,26,41
subcategory_halogen-walk.remove-Cl_744,COC(=O)/C=C/c1ccc(OC)c(OC)c1,0,authentic,authentic,,,c1ccccc1,train,222.23999999999995,1.89,0.5761279360207752,16,28
subcategory_halogen-walk.remove-Cl_831,Fc1ccc(CN2CCOC(CNCc3ccccc3)C2)cc1,1,halogen-walk,remove-Cl,COc1cc(N)c(Cl)cc1C(=O)NCC1CN(Cc2ccc(F)cc2)CCO1,12 13 14 15 16 17 18 19,O=C(NCC1CN(Cc2ccccc2)CCO1)c1ccccc1,train,314.40400000000005,2.816300000000002,0.8872072341265416,23,33
subcategory_halogen-walk.remove-Cl_153,O=c1oc2cc(Cc3ccccc3)ccc2n1CCN1CCOCC1,0,authentic,authentic,,,O=c1oc2cc(Cc3ccccc3)ccc2n1CCN1CCOCC1,train,338.40700000000015,2.5175,0.7171688704696133,25,36
subcategory_halogen-walk.remove-Cl_117,C(=N/c1ccc(-c2ncon2)cc1)/c1ccc[nH]1,0,authentic,authentic,,,C(=N/c1ccc(-c2ncon2)cc1)/c1ccc[nH]1,train,238.25000000000003,2.8152999999999997,0.7132309126376862,18,35
subcategory_halogen-walk.remove-Cl_1524,NC(=O)O[C@@H](CCN1CCC(CNC(=O)c2ccccc2)CC1)c1ccc(F)cc1,1,halogen-walk,remove-Cl,COc1cc(N)c(Cl)cc1C(=O)NCC1CCN(CC[C@H](OC(N)=O)c2ccc(F)cc2)CC1,0 1 2 3 4 5 6 7 8 9 10 11 12 14 15 16 17 18 19 20 21 22 23 24 25 26 27 28 29,O=C(NCC1CCN(CCCc2ccccc2)CC1)c1ccccc1,test,413.49300000000017,3.494200000000002,0.6937990283090465,30,53
subcategory_halogen-walk.remove-Cl_890,CCCN(c1ccccc1N1CCN(C(=O)[C@@H](Cc2ccccc2)NC(=O)[C@@H]2Cc3ccccc3CN2)CC1)S(C)(=O)=O,1,halogen-walk,remove-Cl,CCCN(c1ccccc1N1CCN(C(=O)[C@@H](Cc2ccc(Cl)cc2)NC(=O)[C@@H]2Cc3ccccc3CN2)CC1)S(C)(=O)=O,0 1 2 3 4 5 6 7 8 9 10 11 12 13 14 15 16 18 19 20 21 22 23 24 25 26 27 28 29 30 31 32 33 34 35 36 37 38 39 40 41 42,O=C(N[C@H](Cc1ccccc1)C(=O)N1CCN(c2ccccc2)CC1)[C@@H]1Cc2ccccc2CN1,train,603.7890000000002,2.9532000000000016,0.3697252353010703,43,81
subcategory_halogen-walk.remove-Cl_1256,Cc1ccccc1N1CCC(O)(COc2ccc(Cl)c3c2CCC(=O)N3)CC1,1,halogen-walk,remove-Cl,O=C1CCc2c(OCC3(O)CCN(c4ccc(Cl)cc4F)CC3)ccc(Cl)c2N1,0 1 2 3 4 5 6 7,O=C1CCc2c(cccc2OCC2CCN(c3ccccc3)CC2)N1,train,400.90600000000023,3.9434200000000033,0.8154631463255643,28,46
subcategory_halogen-walk.remove-Cl_1572,COc1ccccc1CNC(=O)CC1CCCCN1S(=O)(=O)c1ccccc1,1,halogen-walk,remove-Cl,COc1ccccc1CNC(=O)CC1CCCCN1S(=O)(=O)c1ccc(Cl)cc1,0 1 2 3 4 5 6 7 8 9 10 11 12 13 14 15 16 17 18 20 21 22 23 24 25 26,O=C(CC1CCCCN1S(=O)(=O)c1ccccc1)NCc1ccccc1,test,402.516,2.9449000000000014,0.7726156980641297,28,43
subcategory_halogen-walk.remove-Cl_915,CCOC(=O)Cc1nc(-c2ccccc2)oc1-c1ccco1,1,halogen-walk,remove-Cl,CCOC(=O)Cc1nc(-c2ccc(Cl)cc2)oc1-c1ccco1,0 1 2 3 4 5 6 7 9 10 11 12 13 14 15 16 17 18 19 20 21,c1ccc(-c2ncc(-c3ccco3)o2)cc1,train,297.31000000000006,3.707200000000002,0.6716160305120591,22,35
subcategory_halogen-walk.remove-Cl_1525,CC(COC(=O)c1ccccc1)N[C@@H](C)[C@H](O)c1cc(F)cc(F)c1,1,halogen-walk,remove-Cl,CC(COC(=O)c1cc(S(N)(=O)=O)c(Cl)cc1NCc1ccco1)N[C@@H](C)[C@H](O)c1cc(F)cc(F)c1,4 6 7 8 9 10 11,O=C(OCCNCCc1ccccc1)c1ccccc1NCc1ccco1,train,349.37700000000007,3.2218000000000018,0.7538039033611361,25,51
subcategory_halogen-walk.remove-Cl_1409,Cc1cccc(C2(CN3CCCC(COc4ccc5c(c4)NC(=O)CC5)C3C)CCC2)c1,1,halogen-walk,remove-Cl,CC1C(COc2ccc3c(c2)NC(=O)CC3)CCCN1CC1(c2ccc(Cl)cc2)CCC1,0 1 2 3 4 5 7 8 9 10 11 12 13 14 15 16 17 18 19 20 21 22 23 24 25 26 27 28 29 30,O=C1CCc2ccc(OCC3CCCN(CC4(c5ccccc5)CCC4)C3)cc2N1,train,432.6080000000003,5.480920000000006,0.6570503628593224,32,53
subcategory_halogen-walk.remove-Cl_341,COc1cc(N)c(Cl)cc1C(=O)OCCN1CC(C)OC(C)C1,0,authentic,authentic,,,O=C(OCCN1CCOCC1)c1ccccc1,train,342.8230000000001,2.1968000000000005,0.6528776437356396,23,39
subcategory_halogen-walk.remove-Cl_872,O=c1cnn(-c2ccc(S(=O)(=O)c3ccccc3)c(Cl)c2)c(=O)[nH]1,1,halogen-walk,remove-Cl,O=c1cnn(-c2ccc(S(=O)(=O)c3ccc(Cl)cc3)c(Cl)c2)c(=O)[nH]1,0 1 2 3 4 5 6 7 8 10 11 12 13 14 15 16 17 18 19 20 21 22 23,O=c1cnn(-c2ccc(S(=O)(=O)c3ccccc3)cc2)c(=O)[nH]1,train,363.7820000000001,1.407,0.7575449953139316,24,51
subcategory_halogen-walk.remove-Cl_913,CCNc1nnc(-c2ccc(Cl)cc2)nc1-c1ccccc1,1,halogen-walk,remove-Cl,CCNc1nnc(-c2ccc(Cl)cc2)nc1-c1cccc(Cl)c1,0 1 2 3 4 5 6 7 8 9 10 11 12 13 14 16 17 18 19 20,c1ccc(-c2cnnc(-c3ccccc3)n2)cc1,train,310.788,4.290800000000003,0.7806758653188999,22,35
subcategory_halogen-walk.remove-Cl_627,CCN(CC)Cc1ccc(C=C2Cc3cc(OC)ccc3C2=O)cc1,0,authentic,authentic,,,O=C1C(=Cc2ccccc2)Cc2ccccc21,train,335.44700000000006,4.3594000000000035,0.7347265650269907,25,39
subcategory_halogen-walk.remove-Cl_1378,CNC(=O)C1(N2CCCCC2=O)CCN(CC[C@H](CN(C)C(=O)c2cc(C#N)cc3ccccc23)c2ccccc2C)CC1,1,halogen-walk,remove-Cl,CNC(=O)C1(N2CCCCC2=O)CCN(CC[C@H](CN(C)C(=O)c2cc(C#N)cc3ccccc23)c2ccc(Cl)c(Cl)c2)CC1,0 1 2 3 4 5 6 7 8 9 10 11 12 13 14 15 16 18 19 20 21 22 23 24 25 26 27 28 29 30 31 32 33 34 35 36 37 38 39 40 41 42 43,O=C(NC[C@@H](CCN1CCC(N2CCCCC2=O)CC1)c1ccccc1)c1cccc2ccccc12,train,593.772,4.8589000000000055,0.3824336764279926,44,76
subcategory_halogen-walk.remove-Cl_1591,CC(C)C(O)C(O)(Cn1cncn1)c1ccccc1,1,halogen-walk,remove-Cl,CC(C)C(O)C(O)(Cn1cncn1)c1ccc(Cl)cc1Cl,0 1 2 3 4 6 7 8 9 10 11 12 13 14 15 16 17,c1ccc(CCn2cncn2)cc1,train,261.325,1.1828,0.8476199724848876,19,31
subcategory_halogen-walk.remove-Cl_163,CCCCN[C@H]1CCc2cc(OC)c(OC)c(OC)c2-c2ccc(SC)c(=O)cc21,0,authentic,authentic,,,O=c1cccc2c(c1)CCCc1ccccc1-2,train,429.58200000000016,4.838500000000004,0.47873256290617194,30,52
subcategory_halogen-walk.remove-Cl_1327,Cc1ccccc1C(=O)NCc1ccc(S(=O)(=O)N2CCN(C)CC2)cc1,1,halogen-walk,remove-Cl,CN1CCN(S(=O)(=O)c2ccc(CNC(=O)c3cc(Cl)ccc3O)cc2)CC1,0 1 2 3 4 5 6 7,O=C(NCc1ccc(S(=O)(=O)N2CCNCC2)cc1)c1ccccc1,train,387.5050000000002,1.8611199999999997,0.8502801605721257,27,46
subcategory_halogen-walk.remove-Cl_657,COc1ccc(-n2nc(C(N)=O)c3c2C(=O)N(c2ccc(N4CCC4=O)c(C)c2)CC3)cc1F,0,authentic,authentic,,,O=C1CCN1c1ccc(N2CCc3cnn(-c4ccccc4)c3C2=O)cc1,train,463.4690000000003,2.3669200000000004,0.5843374486681416,34,62
subcategory_halogen-walk.remove-Cl_601,CCCCN(C)C(=O)[C@H](CC1CCCCC1)NC(=O)CNC(=O)Cc1cc(F)cc(F)c1,0,authentic,authentic,,,O=C(CNC(=O)Cc1ccccc1)NCCC1CCCCC1,val,451.5580000000001,3.337200000000001,0.5417354150541588,32,57
subcategory_halogen-walk.remove-Cl_1117,COc1ccccc1C(=O)NCCC(=O)N1CCN(S(=O)(=O)c2ccccc2C)CC1,1,halogen-walk,remove-Cl,COc1ccccc1C(=O)NCCC(=O)N1CCN(S(=O)(=O)c2ccc(Cl)cc2)CC1,0 1 2 3 4 5 6 7 8 9 10 11 12 13 14 15 16 17 18 20 21 22 23 24 25 26 27 28 29 30,O=C(NCCC(=O)N1CCN(S(=O)(=O)c2ccccc2)CC1)c1ccccc1,train,445.54100000000017,1.6566199999999993,0.699308560532961,31,51
subcategory_halogen-walk.remove-Cl_1387,Cc1cccc(C[C@@H](NC(=O)CCN)C(=O)N2CCN(C3(CNC(=O)c4ccc(F)cc4)CCCCC3)CC2)c1,1,halogen-walk,remove-Cl,NCCC(=O)N[C@H](Cc1ccc(Cl)cc1Cl)C(=O)N1CCN(C2(CNC(=O)c3ccc(F)cc3)CCCCC2)CC1,0 1 2 3 4 5 6 7 39,O=C(NCC1(N2CCN(C(=O)CCc3ccccc3)CC2)CCCCC1)c1ccccc1,train,551.7070000000002,2.787320000000002,0.4210601470416361,40,72
subcategory_halogen-walk.remove-Cl_1586,Fc1ccc(-n2ccc(C(c3ccccc3)n3ccnc3)c2)cc1,1,halogen-walk,remove-Cl,Fc1ccc(-n2ccc(C(c3ccc(Cl)cc3)n3ccnc3)c2)cc1,9 10 11 12 13 14 15,c1ccc(C(c2ccn(-c3ccccc3)c2)n2ccnc2)cc1,train,317.3670000000001,4.450600000000004,0.5450665721831809,24,39
subcategory_halogen-walk.remove-Cl_1541,Nc1nc(N2CC(O)C2)nnc1-c1ccccc1,1,halogen-walk,remove-Cl,Nc1nc(N2CC(O)C2)nnc1-c1cccc(Cl)c1Cl,0 1 2 3 4 5 6 7 8 9 10 12 13 14 15 16,c1ccc(-c2cnc(N3CCC3)nn2)cc1,train,243.27,0.3016999999999992,0.7884383802208963,18,29
subcategory_halogen-walk.remove-Cl_869,COc1cc(NC(=O)COc2cccc(C)c2)c(Cl)cc1C(=O)N1CCN(C)CC1,1,halogen-walk,remove-Cl,COc1cc(NC(=O)COc2ccc(Cl)cc2)c(Cl)cc1C(=O)N1CCN(C)CC1,9 10 11 12 13 14 15 16,O=C(COc1ccccc1)Nc1ccc(C(=O)N2CCNCC2)cc1,train,431.9200000000003,3.062120000000001,0.7606970988190506,30,51
subcategory_halogen-walk.remove-Cl_169,C[N+]12CCC(CC1)[C@@H](OC(=O)C(O)(c1cccs1)c1cccs1)C2,0,authentic,authentic,,,O=C(O[C@H]1C[NH+]2CCC1CC2)C(c1cccs1)c1cccs1,train,364.51200000000006,2.8275000000000015,0.6702924988914473,24,51
subcategory_halogen-walk.remove-Cl_546,CC(C)[C@H](N)C(=O)N[C@@H](Cc1ccccc1)C[C@H](O)[C@H](Cc1ccccc1)NC(=O)OCc1cncs1,0,authentic,authentic,,,O=C(N[C@H](CCCCc1ccccc1)Cc1ccccc1)OCc1cncs1,train,524.6870000000002,3.442400000000001,0.2713490234027465,37,76
subcategory_halogen-walk.remove-Cl_1063,CCc1nc2c(-c3cccc(C)c3)nccc2n1C(CC)C1CC1,1,halogen-walk,remove-Cl,CCc1nc2c(-c3ccc(Cl)cc3C)nccc2n1C(CC)C1CC1,0 1 2 3 4 6 7 8 9 10 11 12 13 14 15 16 17 18 19 20 21 22 23,c1ccc(-c2nccc3c2ncn3CC2CC2)cc1,train,319.45200000000017,5.330220000000004,0.6360806853308878,24,39
subcategory_halogen-walk.remove-Cl_752,CC(C)(C)CNS(=O)(=O)c1ccc(NC(=O)c2cnccn2)cc1,0,authentic,authentic,,,O=C(Nc1ccccc1)c1cnccn1,test,348.428,2.0533,0.8610602094066802,24,43
subcategory_halogen-walk.remove-Cl_1588,OC(Cn1cncn1)(Cn1cncn1)c1ccccc1,1,halogen-walk,remove-Cl,OC(Cn1cncn1)(Cn1cncn1)c1ccc(Cl)cc1Cl,0 2 3 4 5 6 7 8 9 10 11 12 13 14 15 16 17 18,c1ccc(C(Cn2cncn2)Cn2cncn2)cc1,train,270.296,0.4575999999999991,0.7279710652448387,20,30
subcategory_halogen-walk.remove-Cl_1016,Cc1ccccc1C(=O)Nc1cccc(NC(=O)Cc2ccccc2)c1,1,halogen-walk,remove-Cl,O=C(Cc1ccccc1)Nc1cccc(NC(=O)c2cc(Cl)cc(Cl)c2)c1,0 1 2 3 4 5 6 8 9 10 11 12 13 14 15 16 17 18 19 20 21 22 23 24 25,O=C(Cc1ccccc1)Nc1cccc(NC(=O)c2ccccc2)c1,train,344.41400000000004,4.4285200000000025,0.719279928242576,26,40
subcategory_halogen-walk.remove-Cl_382,NCC1NSc2cc(SN)c(Cl)cc2N1,0,authentic,authentic,,,c1ccc2c(c1)NCNS2,train,262.79099999999994,1.6128000000000002,0.6070686549517861,15,24
subcategory_halogen-walk.remove-Cl_694,O=C(OCl)C(=O)OCCN1CCN(C(c2ccccc2)c2ccc(Cl)cc2)CC1,0,authentic,authentic,,,c1ccc(C(c2ccccc2)N2CCNCC2)cc1,train,437.3230000000001,3.2872000000000012,0.5108980612178075,29,49
subcategory_halogen-walk.remove-Cl_1423,Cc1ccccc1C(=O)NCCc1ccc(S(=O)(=O)NC(=O)NC2CCCCC2)cc1,1,halogen-walk,remove-Cl,COc1ccc(Cl)cc1C(=O)NCCc1ccc(S(=O)(=O)NC(=O)NC2CCCCC2)cc1,0 1 2 3 4 5 6 8 9 10 11 12 13 14 15 16 17 18 19 20 21 22 23 24 25 26 27 28 29 30,O=C(NC1CCCCC1)NS(=O)(=O)c1ccc(CCNC(=O)c2ccccc2)cc1,train,443.56900000000024,3.288120000000002,0.610703473982105,31,51
subcategory_halogen-walk.remove-Cl_1495,COc1cc(C(=O)N2CC[C@@](CCN3CCC(C(N)=O)(c4ccccc4)CC3)(c3ccccc3)C2)cc(OC)c1OC,1,halogen-walk,remove-Cl,COc1cc(C(=O)N2CC[C@@](CCN3CCC(C(N)=O)(c4ccccc4)CC3)(c3ccc(Cl)c(Cl)c3)C2)cc(OC)c1OC,0 1 2 3 4 5 6 7 8 9 11 12 13 14 15 16 17 18 19 20 21 22 23 24 25 26 27 28 29 30 31 32 33 34 35 36 37 38 39 40 41,O=C(c1ccccc1)N1CC[C@@](CCN2CCC(c3ccccc3)CC2)(c2ccccc2)C1,train,571.7180000000002,4.4055000000000035,0.3876904048180715,42,74
subcategory_halogen-walk.remove-Cl_819,O=C(COCCN1CCN(C(c2ccccc2)c2ccccc2)CC1)NC1CC1,1,halogen-walk,remove-Cl,O=C(COCCN1CCN([C@@H](c2ccccc2)c2ccc(Cl)cc2)CC1)NC1CC1,10 11 12 13 14 15 16,O=C(COCCN1CCN(C(c2ccccc2)c2ccccc2)CC1)NC1CC1,test,393.53100000000023,2.6888000000000005,0.6656156825939091,29,44
subcategory_halogen-walk.remove-Cl_1548,Cc1cc2c(cc1S(N)(=O)=O)CC(NC(=O)c1ccccc1)CO2,1,halogen-walk,remove-Cl,COc1ccc(Cl)cc1C(=O)NC1COc2cc(C)c(S(N)(=O)=O)cc2C1,,O=C(NC1COc2ccccc2C1)c1ccccc1,train,346.4080000000001,1.3759200000000003,0.8768814534011284,24,43
subcategory_halogen-walk.remove-Cl_1346,O=C(NCC1CC1)C1CN(Cc2ccccc2)CCN1C(=O)Cc1ccncc1,1,halogen-walk,remove-Cl,O=C(NCC1CC1)C1CN(C2c3ccc(Cl)cc3CCc3cc(Br)cnc32)CCN1C(=O)Cc1ccncc1,1 2 3 4 5 6 7,O=C(NCC1CC1)C1CN(C2c3ccccc3CCc3cccnc32)CCN1C(=O)Cc1ccncc1,train,392.50300000000016,1.863299999999999,0.7812511224616229,29,45
subcategory_halogen-walk.remove-Cl_254,CCCCc1nc(C(=O)O)c(C(O)(CC)CC)n1Cc1ccc(-c2ccccc2-c2nn[nH]n2)cc1,0,authentic,authentic,,,c1ccc(-c2nn[nH]n2)c(-c2ccc(Cn3ccnc3)cc2)c1,train,488.59200000000016,4.826900000000004,0.2756831878327685,36,62
subcategory_halogen-walk.remove-Cl_559,C[C@@]1(C(=O)N[C@@H](Cc2ccc(NC(=O)c3c(Cl)ccnc3Cl)cc2)C(=O)O)CCCN1S(=O)(=O)c1cc(Cl)cc(Cl)c1,0,authentic,authentic,,,O=C(Nc1ccc(CCNC(=O)C2CCCN2S(=O)(=O)c2ccccc2)cc1)c1cccnc1,test,674.3900000000001,5.302800000000004,0.26131324920974525,42,90
subcategory_halogen-walk.remove-Cl_679,O=C(CCCCC(=O)NCCc1ccccc1)NCCc1ccccc1,0,authentic,authentic,,,O=C(CCCCC(=O)NCCc1ccccc1)NCCc1ccccc1,test,352.4780000000001,3.2646000000000024,0.6099549909007463,26,36
subcategory_halogen-walk.remove-Cl_1273,Cc1cccc(S(=O)(=O)Nc2nc3nc4c(c(O)n3n2)CCC4)c1,1,halogen-walk,remove-Cl,O=S(=O)(Nc1nc2nc3c(c(O)n2n1)CCC3)c1ccc(Cl)cc1,6,O=S(=O)(Nc1nc2nc3c(cn2n1)CCC3)c1ccccc1,train,345.3840000000001,1.4278199999999999,0.7429912267875644,24,44
subcategory_halogen-walk.remove-Cl_1419,COc1ccc2c(c1)c(CC(=O)O[C@@H]1C[C@H](C)CC[C@H]1C(C)C)c(C)n2C(=O)c1ccccc1,1,halogen-walk,remove-Cl,COc1ccc2c(c1)c(CC(=O)O[C@@H]1C[C@H](C)CC[C@H]1C(C)C)c(C)n2C(=O)c1ccc(Cl)cc1,26 28 29 30 31 32 33,O=C(Cc1cn(C(=O)c2ccccc2)c2ccccc12)OC1CCCCC1,train,461.6020000000002,6.193320000000007,0.4106046160542682,34,71
subcategory_halogen-walk.remove-Cl_585,Cc1nc(-c2ccc(Cl)c(Cl)c2)c(N)n1N,0,authentic,authentic,,,c1ccc(-c2c[nH]cn2)cc1,train,257.12399999999997,2.4613199999999997,0.7707052572699652,16,31
subcategory_halogen-walk.remove-Cl_391,COc1cccc(C(O)C2CCN(CCc3ccc(F)cc3)CC2)c1,0,authentic,authentic,,,c1ccc(CCN2CCC(Cc3ccccc3)CC2)cc1,train,343.44200000000006,3.8224000000000027,0.8653517020364645,25,39
subcategory_halogen-walk.remove-Cl_74,C=C(c1ccccc1OCC(O)CNC(C)(C)C)n1ccnc1,0,authentic,authentic,,,C=C(c1ccccc1)n1ccnc1,train,315.417,2.5299000000000005,0.8241588709022833,23,36
subcategory_halogen-walk.remove-Cl_518,CN(C/C=C/c1ccc(F)cc1)Cc1cccc2ccccc12,0,authentic,authentic,,,C(=C\c1ccccc1)/CNCc1cccc2ccccc12,train,305.396,5.124100000000004,0.6318307254751783,23,36
subcategory_halogen-walk.remove-Cl_969,CSc1nc(-c2ccccc2)c(-c2ccccc2)[nH]1,1,halogen-walk,remove-Cl,CSc1nc(-c2ccc(Cl)c(Cl)c2)c(-c2ccccc2)[nH]1,0 1 2 3 5 6 7 8 9 10 11 12 13 14 15 16 17 18,c1ccc(-c2nc[nH]c2-c2ccccc2)cc1,train,266.36899999999997,4.465600000000003,0.7086841281214434,19,34
subcategory_halogen-walk.remove-Cl_1112,C=C(c1ccccc1F)C(O)(Cn1cncn1)c1ccccc1,1,halogen-walk,remove-Cl,C=C(c1ccccc1F)C(O)(Cn1cncn1)c1ccc(Cl)cc1,9 17 18 19 20 21 22,C=C(c1ccccc1)C(Cn1cncn1)c1ccccc1,train,309.344,3.0184000000000006,0.7879773888304419,23,36
subcategory_halogen-walk.remove-Cl_815,O=C(O)COCCN1CCN(C(c2ccccc2)c2ccccc2)CC1,1,halogen-walk,remove-Cl,C1CNCCN1.O=C(O)COCCN1CCN(C(c2ccccc2)c2ccc(Cl)cc2)CC1,11 12 13 14 15 16 17,C1CNCCN1.c1ccc(C(c2ccccc2)N2CCNCC2)cc1,train,354.45000000000016,2.4948000000000006,0.738401354537379,26,39
subcategory_halogen-walk.remove-Cl_1263,CCCOC(=O)Cc1c(C)n(C(=O)c2ccccc2)c2ccc(OC)cc12,1,halogen-walk,remove-Cl,CCCOC(=O)Cc1c(C)n(C(=O)c2ccc(Cl)cc2)c2ccc(OC)cc12,0 1 2 3 4 5 6 7 8 9 10 12 13 14 15 16 17 18 19 20 21 22 23 24 25 26,O=C(c1ccccc1)n1ccc2ccccc21,train,365.42900000000014,4.142520000000004,0.6161196532171176,27,45
subcategory_halogen-walk.remove-Cl_1411,CC(C)(c1ccccc1)c1nnc(N)nc1N,1,halogen-walk,remove-Cl,CC(C)(c1ccc(Cl)cc1)c1nnc(N)nc1N,0 2 3 4 5 6 7 8 9 10 11 12 13 14 15 16,c1ccc(Cc2cncnn2)cc1,train,229.28699999999995,1.3618999999999997,0.8109865460006488,17,27
subcategory_halogen-walk.remove-Cl_646,CN(C)CCNP(=O)(O)OCCOCn1cnc2c(=O)[nH]c(N)nc21,0,authentic,authentic,,,O=c1[nH]cnc2[nH]cnc12,train,375.3260000000001,-1.0558999999999983,0.2976121394117942,25,44
subcategory_halogen-walk.remove-Cl_85,CC(C)CNC(=O)N1CCN(C2c3ccc(Cl)cc3CCc3cc(Br)cnc32)CC1C(=O)NCc1cccnc1,0,authentic,authentic,,,O=C(NCc1cccnc1)C1CN(C2c3ccccc3CCc3cccnc32)CCN1,train,625.9990000000001,4.748700000000004,0.41290936982102044,40,66
subcategory_halogen-walk.remove-Cl_1336,CCNC(=O)N1CCCN(c2ccc(C(=O)NCCc3ccc(Cl)cc3Cl)cc2NC(=O)c2ccccc2)CC1,1,halogen-walk,remove-Cl,CCNC(=O)N1CCCN(c2ccc(C(=O)NCCc3ccc(Cl)cc3Cl)cc2NC(=O)c2cccc(Cl)c2)CC1,,O=C(NCCc1ccccc1)c1ccc(N2CCCNCC2)c(NC(=O)c2ccccc2)c1,train,582.5320000000002,5.459800000000005,0.3290464741970412,40,65
subcategory_halogen-walk.remove-Cl_1460,C=CCN(CC=C)C(=O)COCCN1CCN(C(c2ccccc2)c2ccccc2)CC1,1,halogen-walk,remove-Cl,C=CCN(CC=C)C(=O)COCCN1CCN(C(c2ccccc2)c2ccc(Cl)cc2)CC1,17 18 19 20 21 22 23,c1ccc(C(c2ccccc2)N2CCNCC2)cc1,train,433.5960000000001,3.610800000000002,0.3784814935154859,32,49
subcategory_halogen-walk.remove-Cl_412,COc1ccc(Cl)cc1C(=O)NC(c1ccccc1)(C1CCNCC1)S(N)(=O)=O,0,authentic,authentic,,,O=C(NC(c1ccccc1)C1CCNCC1)c1ccccc1,train,437.94900000000024,2.2195,0.6413128631560425,29,51
subcategory_halogen-walk.remove-Cl_600,CC1(C)[C@@H](C(=O)O)CC[C@@]1(C)C(=O)O.Cc1cnc(NC(=O)C2=C(O)c3ccccc3S(=O)(=O)N2C)s1,0,authentic,authentic,,,C1CCCC1.O=C(Nc1nccs1)C1=Cc2ccccc2S(=O)(=O)N1,val,551.6430000000003,3.5490200000000014,0.4428183878337856,37,81
subcategory_halogen-walk.remove-Cl_75,NC(=O)c1ccc2c(=O)n(-c3ccccc3)nnc2c1,0,authentic,authentic,,,O=c1c2ccccc2nnn1-c1ccccc1,train,266.26,0.8795999999999998,0.7449805976381307,20,35
subcategory_halogen-walk.remove-Cl_937,CCCOC(=O)COCC(=O)N1CCN(Cc2ccccc2)CC1,1,halogen-walk,remove-Cl,CCCOC(=O)COCC(=O)N1CCN([C@H](c2ccccc2)c2ccc(Cl)cc2)CC1.O=S(=O)(O)O,,c1ccc(C(c2ccccc2)N2CCNCC2)cc1,train,334.41600000000005,1.3006000000000002,0.6708625712453303,24,36
subcategory_halogen-walk.remove-Cl_129,CCc1nc(-c2c(F)cccc2OC)sc1C(=O)O,0,authentic,authentic,,,c1ccc(-c2nccs2)cc1,train,281.308,3.2184000000000017,0.934412545788307,19,31
subcategory_halogen-walk.remove-Cl_276,CCCC/C=C/C=C/CN(C)Cc1cccc2ccccc12,0,authentic,authentic,,,c1ccc2ccccc2c1,train,293.454,5.574200000000006,0.4537980554008171,22,33
subcategory_halogen-walk.remove-Cl_373,CCN1CCN(CC(O)COc2ccccc2C(=O)CCc2ccccc2)CC1.Cl,0,authentic,authentic,,,O=C(CCc1ccccc1)c1ccccc1OCCCN1CCNCC1,train,432.99200000000025,3.3011000000000013,0.583617565708163,30,45
subcategory_halogen-walk.remove-Cl_980,Cc1cccc(C2C3CCC2CN(C)C3)c1,1,halogen-walk,remove-Cl,CN1CC2CCC(C1)C2c1ccc(Cl)cc1,0 1 2 3 4 5 7 8 9 10 11 12 13 14,c1ccc(C2C3CCC2CNC3)cc1,train,215.33999999999997,3.0502200000000013,0.6957135868006343,16,26
subcategory_halogen-walk.remove-Cl_951,COc1ccc2c(c1)c(C(C)N(O)C(N)=O)c(C)n2C(=O)c1ccccc1,1,halogen-walk,remove-Cl,COc1ccc2c(c1)c(C(C)N(O)C(N)=O)c(C)n2C(=O)c1ccc(Cl)cc1,19 21 22 23 24 25 26,O=C(c1ccccc1)n1ccc2ccccc21,train,367.4050000000001,3.4777200000000015,0.5447718824335828,27,49
subcategory_halogen-walk.remove-Cl_358,CNc1cccc2c(S(=O)(=O)Nc3onc(C)c3C)cccc12,0,authentic,authentic,,,O=S(=O)(Nc1ccno1)c1cccc2ccccc12,train,331.39700000000005,3.2871400000000017,0.766189800186928,23,39
subcategory_halogen-walk.remove-Cl_693,C(#CCCC1CCCC1)CCc1c[nH]cn1,0,authentic,authentic,,,C(#CCCC1CCCC1)CCc1c[nH]cn1,val,216.328,3.3161000000000014,0.7684299926820055,16,26
subcategory_halogen-walk.remove-Cl_1118,COc1ccc2c(c1)c(CC(=O)Nc1cccc(S(N)(=O)=O)c1)c(C)n2C(=O)c1ccccc1,1,halogen-walk,remove-Cl,COc1ccc2c(c1)c(CC(=O)Nc1cccc(S(N)(=O)=O)c1)c(C)n2C(=O)c1ccc(Cl)cc1,,O=C(Cc1cn(C(=O)c2ccccc2)c2ccccc12)Nc1ccccc1,train,477.5420000000002,3.4754200000000015,0.4405182582445914,34,62
subcategory_halogen-walk.remove-Cl_721,CCCCCC(O)c1cccc(OCc2cccc(C(F)(F)F)c2)c1,0,authentic,authentic,,,c1ccc(COc2ccccc2)cc1,train,352.396,5.898100000000005,0.5995926849564703,25,39
subcategory_halogen-walk.remove-Cl_90,CN(C#N)C(N)=NCCCN1CCC(c2noc3cc(F)ccc23)CC1,0,authentic,authentic,,,c1ccc2c(C3CCNCC3)noc2c1,train,358.4210000000001,2.26398,0.2896103341119258,26,42
subcategory_halogen-walk.remove-Cl_273,CCCOc1ccc(S(=O)(=O)N(CC)CCCO)cc1-c1cc2c(CCC)nn(C)c2c(=O)[nH]1,0,authentic,authentic,,,O=c1[nH]c(-c2ccccc2)cc2cn[nH]c12,test,490.62600000000026,3.062900000000001,0.40293355228686145,34,61
subcategory_halogen-walk.remove-Cl_680,COc1cc(N)c(Cl)cc1C(=O)NCCN1CCCCC1,0,authentic,authentic,,,O=C(NCCN1CCCCC1)c1ccccc1,train,311.81300000000016,2.1465000000000005,0.8176679699963927,21,33
subcategory_halogen-walk.remove-Cl_1191,Cc1cc(-n2ncc(=O)[nH]c2=O)ccc1C(O)c1ccccc1,1,halogen-walk,remove-Cl,Cc1cc(-n2ncc(=O)[nH]c2=O)ccc1C(O)c1ccc(Cl)cc1,0 1 2 3 4 5 6 7 8 9 10 11 12 13 14 16 17 18 19 20 21,O=c1cnn(-c2ccc(Cc3ccccc3)cc2)c(=O)[nH]1,train,309.32500000000005,1.3109199999999996,0.7633609318084625,23,41
subcategory_halogen-walk.remove-Cl_212,CN(C)CCc1c[nH]c2cc3c(cc12)CCCO3,0,authentic,authentic,,,c1cc2cc3c(cc2[nH]1)OCCC3,train,244.33799999999994,2.5970000000000004,0.898597591171645,18,31
subcategory_halogen-walk.remove-Cl_493,CC(=O)Nc1cc(Cl)ccc1N=Cc1c(Cl)cccc1[N+](=O)[O-],0,authentic,authentic,,,C(=Nc1ccccc1)c1ccccc1,val,352.1770000000001,4.6106000000000025,0.49531119305885385,23,46
subcategory_halogen-walk.remove-Cl_706,COc1cc(NC(=O)C(=O)NNc2ccccc2)ccc1-c1cnco1,0,authentic,authentic,,,O=C(NNc1ccccc1)C(=O)Nc1ccc(-c2cnco2)cc1,train,352.35000000000014,2.4319999999999995,0.4810365112494912,26,41
subcategory_halogen-walk.remove-Cl_1442,Nc1nc(N)c2nc(Sc3ccccc3)cnc2n1,1,halogen-walk,remove-Cl,Nc1nc(N)c2nc(Sc3ccc(Cl)c(Cl)c3)cnc2n1,0 1 2 3 4 5 6 7 9 10 11 12 13 14 15 16 17 18,c1ccc(Sc2cnc3ncncc3n2)cc1,train,270.321,1.7354,0.7303833304618258,19,29
subcategory_halogen-walk.remove-Cl_731,CCO[C@@H]1C[C@H](C(=O)Nc2ccc(N3CCOCC3=O)cc2F)N(C(=O)/C=C/c2ccc(Cl)s2)C1,0,authentic,authentic,,,O=C(Nc1ccc(N2CCOCC2=O)cc1)[C@H]1CCCN1C(=O)/C=C/c1cccs1,train,521.998,3.561700000000002,0.5628491194164361,35,71
subcategory_halogen-walk.remove-Cl_1264,COc1ccc2c(c1)c(CC(=O)NCc1ccncc1)c(C)n2C(=O)c1ccccc1,1,halogen-walk,remove-Cl,COc1ccc2c(c1)c(CC(=O)NCc1ccncc1)c(C)n2C(=O)c1ccc(Cl)cc1,0 1 2 3 4 5 6 7 8 9 10 11 12 13 14 15 16 17 18 19 20 21 22 24 25 26 27 28 29,O=C(Cc1cn(C(=O)c2ccccc2)c2ccccc12)NCc1ccncc1,train,413.47700000000015,3.9007200000000024,0.5203341081606989,31,51
subcategory_halogen-walk.remove-Cl_519,CCN(CC)CCOc1ccc2c(c1)CCc1oc3ccccc3c1C2=O,0,authentic,authentic,,,O=C1c2ccccc2CCc2oc3ccccc3c21,test,363.4570000000001,4.483000000000005,0.6474092561584293,27,40
subcategory_halogen-walk.remove-Cl_764,Nc1ccn(C2(F)CSC(CO)O2)c(=O)n1,0,authentic,authentic,,,O=c1ncccn1C1CSCO1,train,247.251,-0.5129000000000001,0.7310038659701524,16,29
subcategory_halogen-walk.remove-Cl_792,CC(C)(C)NCC(O)COc1cccc(/C=C/C(=O)c2ccccc2)c1,0,authentic,authentic,,,O=C(/C=C/c1ccccc1)c1ccccc1,train,353.46200000000005,3.7105000000000032,0.5610067539459669,26,44
subcategory_halogen-walk.remove-Cl_1360,COc1ccc(C(=O)N[C@H](C)c2ccc(F)cc2)cc1CN(C)S(=O)(=O)c1ccccc1,1,halogen-walk,remove-Cl,COc1ccc(C(=O)N[C@H](C)c2ccc(F)cc2)cc1CN(C)S(=O)(=O)c1ccc(Cl)cc1,0 1 2 3 4 5 6 7 8 9 10 11 12 13 14 15 16 17 18 19 20 21 22 24 25 26 27 28 29 30,O=C(NCc1ccccc1)c1cccc(CNS(=O)(=O)c2ccccc2)c1,train,456.5390000000002,4.1460000000000035,0.5526976743079135,32,59
subcategory_halogen-walk.remove-Cl_962,Cc1cc([N+](=O)[O-])ccc1NC(=O)CN[C@H](C)c1ccccc1,1,halogen-walk,remove-Cl,Cc1cc([N+](=O)[O-])ccc1NC(=O)CN[C@H](C)c1ccc(Cl)cc1Cl,15 17 18 19 20 21 22,O=C(CNCc1ccccc1)Nc1ccccc1,train,313.357,3.192520000000002,0.6333767794883053,23,47
subcategory_halogen-walk.remove-Cl_799,CCCc1nn(C)c2c(=O)[nH]c(-c3cc(S(=O)(=O)N4CCN(c5ccccc5)CC4)ccc3OCC)nc12,1,halogen-walk,remove-Cl,CCCc1nn(C)c2c(=O)[nH]c(-c3cc(S(=O)(=O)N4CCN(c5ccc(Cl)cc5)CC4)ccc3OCC)nc12,0 1 2 3 4 5 6 7 8 9 10 11 12 13 14 15 16 17 18 19 20 22 23 24 25 26 27 28 29 30 31 32 33 34 35 36 37,O=c1[nH]c(-c2cccc(S(=O)(=O)N3CCN(c4ccccc4)CC3)c2)nc2cn[nH]c12,train,536.6580000000004,3.1857000000000015,0.3679530980553781,38,69
subcategory_halogen-walk.remove-Cl_41,COc1cccc(/C=C2\CCC(CN(C)C)C2(O)Cc2cccc(F)c2)c1,0,authentic,authentic,,,C(=C1/CCCC1Cc1ccccc1)/c1ccccc1,train,369.48,4.163100000000004,0.8297743569984549,27,46
subcategory_halogen-walk.remove-Cl_1134,COc1ccc(CCNC(=O)c2ccccc2)cc1S(=O)(=O)Cl,1,halogen-walk,remove-Cl,COc1ccc(Cl)cc1C(=O)NCCc1ccc(OC)c(S(=O)(=O)Cl)c1,,O=C(NCCc1ccccc1)c1ccccc1,train,353.8270000000001,2.595200000000001,0.8100760153517625,23,39
subcategory_halogen-walk.remove-Cl_1245,[2H]C([2H])(NC(=O)c1ccccc1)C([2H])([2H])c1ccc(S(=O)(=O)NC(=O)NC2CCCCC2)cc1,1,halogen-walk,remove-Cl,[2H]c1c([2H])c(OC)c(C(=O)NC([2H])([2H])C([2H])([2H])c2ccc(S(=O)(=O)NC(=O)NC3CCCCC3)cc2)c([2H])c1Cl,0 1 2 3 5 6 7 8 9 10 11 12 13 14 15 16 17 18 19 20 21 22 23 24 25 26 27 28 29 30 31 32 33,O=C(NC1CCCCC1)NS(=O)(=O)c1ccc(CCNC(=O)c2ccccc2)cc1,train,433.56640711200026,2.979700000000001,0.6242860152661717,30,74
subcategory_halogen-walk.remove-Cl_1376,CC(C)NS(=O)(=O)c1ccc(CNC(=O)c2ccccc2)cc1,1,halogen-walk,remove-Cl,CC(C)NS(=O)(=O)c1ccc(CNC(=O)c2cc(Cl)ccc2O)cc1,13 15 16 17 18 19 20,O=C(NCc1ccccc1)c1ccccc1,train,332.425,2.3033,0.8521654922078005,23,40
subcategory_halogen-walk.remove-Cl_1114,COc1ccc([C@H]2O[C@@H]2[C@@H](C)[C@@H]2C/C=C/C(=O)N[C@H](Cc3ccccc3)C(=O)NCC(C)(C)C(=O)O[C@@H](CC(C)C)C(=O)O2)cc1,1,halogen-walk,remove-Cl,COc1ccc([C@H]2O[C@@H]2[C@@H](C)[C@@H]2C/C=C/C(=O)N[C@H](Cc3ccc(OC)c(Cl)c3)C(=O)NCC(C)(C)C(=O)O[C@@H](CC(C)C)C(=O)O2)cc1,19 20 21 22 23 24 25,O=C1/C=C/C[C@@H](C[C@H]2O[C@@H]2c2ccccc2)OC(=O)COC(=O)CCNC(=O)[C@@H](Cc2ccccc2)N1,val,634.7700000000002,4.470700000000004,0.32126552282682835,46,111
subcategory_halogen-walk.remove-Cl_1077,COc1ccc2c(c1)c(CC(=O)N1CCNCC1)c(C)n2C(=O)c1ccccc1,1,halogen-walk,remove-Cl,COc1ccc2c(c1)c(CC(=O)N1CCNCC1)c(C)n2C(=O)c1ccc(Cl)cc1,0 1 2 3 4 5 6 7 8 9 10 11 12 13 14 15 16 17 18 19 20 22 23 24 25 26 27,O=C(Cc1cn(C(=O)c2ccccc2)c2ccccc12)N1CCNCC1,train,391.47100000000006,2.6211200000000003,0.7426890455448644,29,49
subcategory_halogen-walk.remove-Cl_138,C=C/C=C\C1=C(C)Nc2ccc(Cl)cc2N=C1N1CC=CC1.CC,0,authentic,authentic,,,C1=CCN(C2=Nc3ccccc3NC=C2)C1,train,341.88600000000014,5.709700000000005,0.5507683478524673,24,43
subcategory_halogen-walk.remove-Cl_738,O=C(O)COCC=CCN1CCN(C(c2ccc(Cl)cc2)c2ccc(Cl)cc2)CC1,0,authentic,authentic,,,c1ccc(C(c2ccccc2)N2CCNCC2)cc1,train,449.37800000000016,4.357800000000004,0.4556724849796678,30,50
subcategory_halogen-walk.remove-Cl_1072,CN1C2CCCC1CC(OC(=O)c1ccccc1)C2,1,halogen-walk,remove-Cl,CN1C2CCCC1CC(OC(=O)c1cc(Cl)cc3[nH]cnc13)C2,0 1 2 3 4 5 6 7 8 9 11 12 13 14 15 16 17 18,O=C(OC1CC2CCCC(C1)N2)c1cccc2[nH]cnc12,train,259.34900000000005,2.8587000000000016,0.7648640015517602,19,30
subcategory_halogen-walk.remove-Cl_175,CN(C)CCCNc1c2c(nc3ccccc13)-c1ccccc1C2,0,authentic,authentic,,,c1ccc2c(c1)Cc1cc3ccccc3nc1-2,val,317.4360000000001,4.169600000000003,0.5599948564790378,24,37
subcategory_halogen-walk.remove-Cl_383,CC1(C)N=C(N)N=C(N)N1c1cccc([N+](=O)[O-])c1,0,authentic,authentic,,,C1=NC=NCN1c1ccccc1,train,262.273,0.7803,0.6017515478369339,19,42
subcategory_halogen-walk.remove-Cl_853,COc1cc(C(=O)N2CO[C@](CCN3CCC(O)(c4ccccc4)CC3)(c3ccccc3)C2)cc(OC)c1OC,1,halogen-walk,remove-Cl,COc1cc(C(=O)N2CO[C@](CCN3CCC(O)(c4ccccc4)CC3)(c3ccc(Cl)c(Cl)c3)C2)cc(OC)c1OC,0 1 2 3 4 5 6 7 8 9 11 12 13 14 15 16 17 18 19 20 21 22 23 24 25 26 27 28 29 30 31 32 33 34 35 36 37 38 39,O=C(c1ccccc1)N1CO[C@](CCN2CCC(c3ccccc3)CC2)(c2ccccc2)C1,train,546.6640000000002,4.411500000000004,0.42589104246849263,40,68
subcategory_halogen-walk.remove-Cl_1345,Nc1c(-c2ccccc2)nc(C2CCCCC2)n1N,1,halogen-walk,remove-Cl,Nc1c(-c2cccc(Cl)c2Cl)nc(C2CCCCC2)n1N,2 3 4 5 6 7 8,c1ccc(-c2c[nH]c(C3CCCCC3)n2)cc1,train,256.3529999999999,2.8937999999999997,0.8115975986027872,19,30
subcategory_halogen-walk.remove-Cl_492,COc1ccc2c3c1O[C@H]1[C@@]4(O)CC[C@@]5(C[C@@H]4COCc4ccccc4)[C@@H](C2)N(CC2CC2)CC[C@]315,0,authentic,authentic,,,c1ccc(COC[C@H]2C[C@@]34CCC2[C@@H]2Oc5cccc6c5[C@@]23CCN(CC2CC2)[C@@H]4C6)cc1,train,487.6400000000003,4.482400000000005,0.6241207851675858,36,85
subcategory_halogen-walk.remove-Cl_722,COc1ccc2c(c1)c(CC(=O)NC(CO[N+](=O)[O-])(CO[N+](=O)[O-])CO[N+](=O)[O-])c(C)n2C(=O)c1ccc(Cl)cc1,0,authentic,authentic,,,O=C(c1ccccc1)n1ccc2ccccc21,train,595.9050000000003,2.3226200000000006,0.20956131266764577,41,93
subcategory_halogen-walk.remove-Cl_3,Cc1ccc(C)c(Cn2c(-c3cccc(F)c3)nc(C)c2C(=O)O)c1,0,authentic,authentic,,,c1ccc(Cn2ccnc2-c2ccccc2)cc1,test,338.3820000000001,4.360960000000004,0.7687866746804001,25,45
subcategory_halogen-walk.remove-Cl_1565,COc1ccc2c(c1)c(CC(=O)OCCN(C)C)c(C)n2C(=O)c1ccccc1,1,halogen-walk,remove-Cl,COc1ccc2c(c1)c(CC(=O)OCCN(C)C)c(C)n2C(=O)c1ccc(Cl)cc1,0 1 2 3 4 5 6 7 8 9 10 11 12 13 14 15 16 17 18 19 20 22 23 24 25 26 27,O=C(c1ccccc1)n1ccc2ccccc21,train,394.47100000000006,3.294120000000002,0.5756899772323485,29,49
subcategory_halogen-walk.remove-Cl_596,CC1C/C(=N\Nc2ccccc2)c2ncc(C(=O)O)c(=O)n2C1,0,authentic,authentic,,,O=c1ccnc2n1CCC/C2=N\Nc1ccccc1,train,312.32900000000006,1.7974999999999999,0.8423769973896147,23,42
subcategory_halogen-walk.remove-Cl_294,CC(C)CC(N)C(=O)N1C(=O)CCc2ccc(OCCCCN3CCN(c4cccc(Cl)c4Cl)CC3)cc21,0,authentic,authentic,,,O=C1CCc2ccc(OCCCCN3CCN(c4ccccc4)CC3)cc2N1,train,561.5540000000002,5.153800000000006,0.404413615940409,38,64
subcategory_halogen-walk.remove-Cl_495,Cc1cccc(-c2cc(NCCCn3ccnc3)c3ccccc3n2)c1,0,authentic,authentic,,,c1ccc(-c2cc(NCCCn3ccnc3)c3ccccc3n2)cc1,train,342.446,4.908920000000003,0.5063670112259712,26,39
subcategory_halogen-walk.remove-Cl_1177,COc1cc(C(=O)N2CO[C@](CCN3CCC(O)(c4ccccn4)CC3)(c3ccccc3)C2)cc(OC)c1OC,1,halogen-walk,remove-Cl,COc1cc(C(=O)N2CO[C@](CCN3CCC(O)(c4ccccn4)CC3)(c3ccc(Cl)c(Cl)c3)C2)cc(OC)c1OC,0 1 2 3 4 5 6 7 8 9 11 12 13 14 15 16 17 18 19 20 21 22 23 24 25 26 27 28 29 30 31 32 33 34 35 36 37 38 39,O=C(c1ccccc1)N1CO[C@](CCN2CCC(c3ccccn3)CC2)(c2ccccc2)C1,train,547.6520000000003,3.8065000000000024,0.4325147854162917,40,68
subcategory_halogen-walk.remove-Cl_1055,COc1ccc2c(c1)c(CC(=O)N[C@@H](CO)c1ccccc1)c(C)n2C(=O)c1ccccc1,1,halogen-walk,remove-Cl,COc1ccc2c(c1)c(CC(=O)N[C@@H](CO)c1ccccc1)c(C)n2C(=O)c1ccc(Cl)cc1,0 1 2 3 4 5 6 7 8 9 10 11 12 13 14 15 16 17 18 19 20 21 22 23 24 26 27 28 29 30 31,O=C(Cc1cn(C(=O)c2ccccc2)c2ccccc12)NCc1ccccc1,train,442.51500000000016,4.039120000000003,0.4527415710569018,33,60
subcategory_halogen-walk.remove-Cl_33,Cc1c(C2CCN(Cc3ccccc3)CC2)n[nH]c1-c1ccccc1,0,authentic,authentic,,,c1ccc(CN2CCC(c3cc(-c4ccccc4)[nH]n3)CC2)cc1,train,331.4630000000001,4.764720000000004,0.7469399839578332,25,41
subcategory_halogen-walk.remove-Cl_1097,CC(NC(=O)COCCN1CCN(Cc2ccccc2)CC1)c1ccccc1,1,halogen-walk,remove-Cl,CC(NC(=O)COCCN1CCN(Cc2ccc(Cl)cc2)CC1)c1ccccc1,13 14 15 16 17 18 19,O=C(COCCN1CCN(Cc2ccccc2)CC1)NCc1ccccc1,train,381.5200000000001,2.698200000000001,0.6786161259525694,28,41
subcategory_halogen-walk.remove-Cl_1222,Cc1ccccc1C(O)(Cn1cncn1)C(O)c1cccc(Cl)c1,1,halogen-walk,remove-Cl,OC(c1cccc(Cl)c1)C(O)(Cn1cncn1)c1cccc(Cl)c1,0 1 2 3 4 5 6 8 9 10 11 12 13 14 15 16 17 18 19 20 21 22 23,c1ccc(CC(Cn2cncn2)c2ccccc2)cc1,train,343.8140000000001,2.861320000000001,0.7469437273286043,24,39
subcategory_halogen-walk.remove-Cl_1023,CC(c1ccccc1)N1CCC(OCC(=O)O)CC1,1,halogen-walk,remove-Cl,CC(c1ccc(Cl)cc1)N1CCC(OCC(=O)O)CC1,0 2 3 4 5 6 7 8 9 10 11 12 13 14 15 16 17 18,c1ccc(CN2CCCCC2)cc1,test,263.33699999999993,2.3132,0.8853750853765492,19,30
subcategory_halogen-walk.remove-Cl_1278,COc1ccc(C(=O)N[C@@H](C)c2ccc(F)cc2)cc1CN(C)S(=O)(=O)c1ccccc1,1,halogen-walk,remove-Cl,COc1ccc(C(=O)N[C@@H](C)c2ccc(F)cc2)cc1CN(C)S(=O)(=O)c1ccc(Cl)cc1,0 1 2 3 4 5 6 7 8 9 10 11 12 13 14 15 16 17 18 19 20 21 22 24 25 26 27 28 29 30,O=C(NCc1ccccc1)c1cccc(CNS(=O)(=O)c2ccccc2)c1,train,456.5390000000002,4.1460000000000035,0.5526976743079135,32,60
subcategory_halogen-walk.remove-Cl_128,CCc1nc(C(=O)OCc2ccc(-c3ccccc3-c3nn[nH]n3)cc2)c(C(C)(C)O)n1CC,0,authentic,authentic,,,O=C(OCc1ccc(-c2ccccc2-c2nn[nH]n2)cc1)c1c[nH]cn1,train,460.5380000000002,3.8969000000000023,0.3828471823936903,34,60
subcategory_halogen-walk.remove-Cl_936,O=C(Cc1ccccc1)NCC1(N2CCN(C(=O)[C@@H](Cc3ccccc3)NC(=O)Cc3cccs3)CC2)CCCCC1,1,halogen-walk,remove-Cl,O=C(Cc1ccccc1)NCC1(N2CCN(C(=O)[C@@H](Cc3ccc(Cl)cc3)NC(=O)Cc3cccs3)CC2)CCCCC1,0 1 2 3 4 5 6 7 8 9 10 11 12 13 14 15 16 17 18 20 21 22 23 24 25 26 27 28 29 30 31 32 33 34 35 36 37 38 39 40 41,O=C(Cc1ccccc1)NCC1(N2CCN(C(=O)[C@@H](Cc3ccccc3)NC(=O)Cc3cccs3)CC2)CCCCC1,train,586.8019999999998,4.2241000000000035,0.3526367438877032,42,72
subcategory_halogen-walk.remove-Cl_859,CNc1ncnnc1-c1ccccc1,1,halogen-walk,remove-Cl,CNc1ncnnc1-c1ccc(Cl)cc1Cl,0 1 2 3 4 5 6 8 9 10 11 12,c1ccc(-c2cncnn2)cc1,train,186.21800000000002,1.5802999999999998,0.7731902342026418,14,19
subcategory_halogen-walk.remove-Cl_488,COc1ccc(Oc2ccc(F)cc2C(=O)NC2CCNC(=O)C2)c(C)c1,0,authentic,authentic,,,O=C1CC(NC(=O)c2ccccc2Oc2ccccc2)CCN1,train,372.3960000000002,2.9434200000000006,0.8461077792024716,27,45
subcategory_halogen-walk.remove-Cl_97,Fc1ccc([C@H]2CCN(CC3CCCO3)C[C@@H]2COc2ccc3c(c2)OCO3)cc1,0,authentic,authentic,,,c1ccc([C@H]2CCN(CC3CCCO3)C[C@@H]2COc2ccc3c(c2)OCO3)cc1,val,413.48900000000015,4.217900000000004,0.7093189508390475,30,55
subcategory_halogen-walk.remove-Cl_249,CCN(CC)C[C@@H](O)COc1ccccc1C(=O)c1ccccc1,0,authentic,authentic,,,O=C(c1ccccc1)c1ccccc1,train,327.42400000000004,2.999100000000001,0.7194543467667533,24,40
subcategory_halogen-walk.remove-Cl_616,CCN(CCN(C)C)S(=O)(=O)c1ccc(-c2cnc(N)c(C(=O)Nc3cccnc3)n2)cc1.Cl,0,authentic,authentic,,,O=C(Nc1cccnc1)c1cncc(-c2ccccc2)n1,test,506.0320000000001,2.3671,0.4522447351914541,34,62
subcategory_halogen-walk.remove-Cl_1357,S=C(Nc1ccccc1)OC(Cn1ccnc1)c1ccccc1,1,halogen-walk,remove-Cl,S=C(Nc1ccccc1)OC(Cn1ccnc1)c1ccc(Cl)cc1Cl,10 17 18 19 20 21 22,S=C(Nc1ccccc1)OC(Cn1ccnc1)c1ccccc1,val,323.42100000000005,4.038000000000003,0.7194124274105372,23,34
subcategory_halogen-walk.remove-Cl_590,FC(F)(F)c1ccc2c(c1)N=C(N1CCNCC1)c1cc(Cl)ccc1N2,0,authentic,authentic,,,c1ccc2c(c1)N=C(N1CCNCC1)c1ccccc1N2,train,380.801,4.399300000000003,0.7113169214605221,26,46
subcategory_halogen-walk.remove-Cl_227,COc1c2c(cc(O)c1-c1ccc(C)cc1)OCO2,0,authentic,authentic,,,c1ccc(-c2ccc3c(c2)OCO3)cc1,train,258.27299999999997,3.1049200000000026,0.8987385925881076,19,32
subcategory_halogen-walk.remove-Cl_866,CN1CCC[C@@]12CCCC[C@@H]2NC(=O)Cc1ccccc1,1,halogen-walk,remove-Cl,CN1CCC[C@@]12CCCC[C@@H]2NC(=O)Cc1ccc(Cl)c(Cl)c1,0 1 2 3 4 5 6 7 8 9 10 11 13 14 15 16 17 18 19,O=C(Cc1ccccc1)N[C@H]1CCCC[C@@]12CCCN2,train,286.419,2.752300000000001,0.9264167597512185,21,39
subcategory_halogen-walk.remove-Cl_1339,COc1ccc2c(c1)c(CC(=O)NCCc1ccccc1)c(C(F)(F)F)n2Cc1ccccc1,1,halogen-walk,remove-Cl,COc1ccc2c(c1)c(CC(=O)NCCc1ccccc1)c(C(F)(F)F)n2C(=O)c1ccc(Cl)cc1,0 1 2 3 4 5 6 7 8 9 10 11 12 13 14 15 16 17 18 19 20 21 22 23 24 25 27 28 29 30 31 32,O=C(Cc1cn(C(=O)c2ccccc2)c2ccccc12)NCCc1ccccc1,train,466.5030000000001,5.618400000000005,0.3664333740528987,34,55
subcategory_halogen-walk.remove-Cl_1246,CCNC(=O)N1CCCN(c2ccc(C(=O)NCCc3cccc(C)c3)cc2NC(=O)c2cccc(OC)c2)CC1,1,halogen-walk,remove-Cl,CCNC(=O)N1CCCN(c2ccc(C(=O)NCCc3ccc(Cl)cc3Cl)cc2NC(=O)c2cccc(OC)c2)CC1,0 1 2 3 4 5 6 7 8 9 10 11 12 13 14 15 16 17 19 20 21 22 23 24 25 26 27 28 29 30 31 32 33 34 35 36 37 38 39 40,O=C(NCCc1ccccc1)c1ccc(N2CCCNCC2)c(NC(=O)c2ccccc2)c1,train,557.6950000000002,4.470020000000003,0.36036462172359524,41,66
subcategory_halogen-walk.remove-Cl_1123,CNC(=O)NS(=O)(=O)c1cc(CCNC(=O)c2ccccc2)ccc1C,1,halogen-walk,remove-Cl,CNC(=O)NS(=O)(=O)c1cc(CCNC(=O)c2cc(Cl)ccc2OC)ccc1C,0 1 2 3 4 5 6 7 8 9 10 11 12 13 15 16 17 18 19 20 21 22 23 24 25,O=C(NCCc1ccccc1)c1ccccc1,train,375.45000000000005,1.5852199999999996,0.7129525098480753,26,44
subcategory_halogen-walk.remove-Cl_306,CCC(=O)N[C@H](C(=O)N1CCCC1)C(C)C,0,authentic,authentic,,,C1CCNC1,train,226.31999999999994,1.1595999999999995,0.7817153031307821,16,32
subcategory_halogen-walk.remove-Cl_441,COc1ccc(Cl)cc1C(=O)N1CCCC(C(=O)NCC/C=C/S(=O)(=O)c2ccc(C(F)(F)F)cc2)C1,0,authentic,authentic,,,O=C(NCC/C=C/S(=O)(=O)c1ccccc1)C1CCCN(C(=O)c2ccccc2)C1,train,559.0060000000001,4.713500000000004,0.47363077025476913,37,69
subcategory_halogen-walk.remove-Cl_1518,CCc1ccc(O)c(C(O)c2ccccc2)c1,1,halogen-walk,remove-Cl,CCc1ccc(O)c(C(O)c2ccc(Cl)cc2)c1,0 1 2 3 4 5 6 7 9 10 11 12 13 14 15 16,c1ccc(Cc2ccccc2)cc1,train,228.291,3.0363000000000007,0.8473098182293191,17,27
subcategory_halogen-walk.remove-Cl_1570,O=C(N[C@H]1CCCC[C@@H]1O)NS(=O)(=O)c1ccc(CCNC(=O)c2ccccc2)cc1,1,halogen-walk,remove-Cl,COc1ccc(Cl)cc1C(=O)NCCc1ccc(S(=O)(=O)NC(=O)N[C@H]2CCCC[C@@H]2O)cc1,21 23 24 25 26 27 28,O=C(NC1CCCCC1)NS(=O)(=O)c1ccc(CCNC(=O)c2ccccc2)cc1,train,445.5410000000002,1.9504999999999997,0.5185145408011643,31,60
subcategory_halogen-walk.remove-Cl_162,N#CC(CCc1cccc(C(F)(F)F)c1)(Cn1cncn1)c1ccccc1,0,authentic,authentic,,,c1ccc(CCC(Cn2cncn2)c2ccccc2)cc1,val,370.378,4.391280000000003,0.6465733329307498,27,44
subcategory_halogen-walk.remove-Cl_10,c1ccc2c3c(c(OCC4CCNCC4)nc2c1)CCCN3,0,authentic,authentic,,,c1ccc2c3c(c(OCC4CCNCC4)nc2c1)CCCN3,train,297.402,2.971300000000001,0.9141111869609866,22,34
subcategory_halogen-walk.remove-Cl_1260,O=CCOCCN1CCN(C(c2ccccc2)c2ccccc2)CC1,1,halogen-walk,remove-Cl,Cl.Cl.O=CCOCCN1CCN(C(c2ccccc2)c2ccc(Cl)cc2)CC1,10 11 12 13 14 15 16,c1ccc(C(c2ccccc2)N2CCNCC2)cc1,train,338.45100000000014,2.6091000000000006,0.5471164069598111,25,36
subcategory_halogen-walk.remove-Cl_918,CN(CCc1ccccc1)S(=O)(=O)NS(=O)(=O)N1CCc2cc(Cl)c(Cl)c(Cl)c2C1,1,halogen-walk,remove-Cl,O=S(=O)(NS(=O)(=O)N1CCc2cc(Cl)c(Cl)c(Cl)c2C1)N1CCc2cc(Cl)c(Cl)c(Cl)c2C1,2 3 4 5 6 7 8 9,O=S(=O)(NS(=O)(=O)N1CCc2ccccc2C1)N1CCc2ccccc2C1,train,512.8680000000003,3.2586000000000013,0.5770390877125255,30,59
subcategory_halogen-walk.remove-Cl_1348,COc1c(C#N)cc2ccccc2c1C(=O)N(C)C[C@@H](CCN1CCC(C(=O)N(C)C)(N2CCCCC2=O)CC1)c1ccccc1C,1,halogen-walk,remove-Cl,COc1c(C#N)cc2ccccc2c1C(=O)N(C)C[C@@H](CCN1CCC(C(=O)N(C)C)(N2CCCCC2=O)CC1)c1ccc(Cl)c(Cl)c1,19 40 41 42 43 44 45 46,O=C(NC[C@@H](CCN1CCC(N2CCCCC2=O)CC1)c1ccccc1)c1cccc2ccccc12,train,637.8250000000003,5.209700000000005,0.3029823152815654,47,82
subcategory_halogen-walk.remove-Cl_284,COc1ccc(N2CCc3c(C(F)(F)F)nn(-c4ccc(OC)cc4C(N)=O)c3C2=O)cc1,0,authentic,authentic,,,O=C1c2c(cnn2-c2ccccc2)CCN1c1ccccc1,train,460.41200000000026,3.2101000000000006,0.6304831471738902,33,58
subcategory_halogen-walk.remove-Cl_967,CCCCC(O)(Cn1cncn1)C(=O)c1ccccc1,1,halogen-walk,remove-Cl,CCCCC(O)(Cn1cncn1)C(=O)c1ccc(Cl)cc1,0 1 2 3 4 5 6 7 8 9 10 11 13 14 15 16 17 18,O=C(CCn1cncn1)c1ccccc1,train,273.336,2.0823,0.78421993981966,20,31
subcategory_halogen-walk.remove-Cl_1477,CS(=O)(=O)N1CCC(C(=O)N(CCCN2CCC(Cc3ccc(C(=O)O)cc3)CC2)c2ccccc2)CC1,1,halogen-walk,remove-Cl,CS(=O)(=O)N1CCC(C(=O)N(CCCN2CCC(Cc3ccc(C(=O)O)cc3)CC2)c2ccc(Cl)c(Cl)c2)CC1,0 1 2 3 4 5 6 7 8 9 11 12 13 14 15 16 17 18 19 20 21 22 23 24 25 26 27 28 29 30 31 32 33 34 35 36 37,O=C(C1CCNCC1)N(CCCN1CCC(Cc2ccccc2)CC1)c1ccccc1,train,541.7140000000002,3.734200000000003,0.4922711745419192,38,66
subcategory_halogen-walk.remove-Cl_78,O=C1N[C@@H](C(=O)NO)C[C@H]1c1ccc(OCc2ccccc2)cc1,0,authentic,authentic,,,O=C1NCC[C@H]1c1ccc(OCc2ccccc2)cc1,val,326.352,1.7430999999999992,0.5768323298541773,24,47
subcategory_halogen-walk.remove-Cl_1381,Cc1ccccc1N1CCN(CCCCOc2ccc3c(c2)N(COC(=O)OC(C)C)C(=O)CC3)CC1,1,halogen-walk,remove-Cl,CC(C)OC(=O)OCN1C(=O)CCc2ccc(OCCCCN3CCN(c4cccc(Cl)c4Cl)CC3)cc21,0 1 2 3 4 5 6 7,O=C1CCc2ccc(OCCCCN3CCN(c4ccccc4)CC3)cc2N1,train,509.6470000000004,4.774520000000005,0.3373417594112318,37,59
subcategory_halogen-walk.remove-Cl_1573,CC(OCC(=O)O)N1CCNCC1Cc1ccc(-c2ccccc2)cc1,1,halogen-walk,remove-Cl,CC(OCC(=O)O)N1CCNCC1Cc1ccc(-c2ccc(Cl)cc2)cc1,0 1 2 3 4 5 6 7 8 9 10 11 12 13 14 15 16 18 19 20 21 22 23 24 25,c1ccc(-c2ccc(CC3CNCCN3)cc2)cc1,train,354.45,2.6171000000000006,0.800328658833345,26,40
subcategory_halogen-walk.remove-Cl_686,CCOC(=O)C(CC(=O)c1ccccc1)N[C@@H](C)C(=O)N1CCC[C@H]1C(=O)O,0,authentic,authentic,,,O=C(CCNCC(=O)N1CCCC1)c1ccccc1,train,390.43600000000026,1.2448,0.48176481693454615,28,57
subcategory_halogen-walk.remove-Cl_202,C1=C(c2ccc(-c3ccccc3)cc2)N2CCCN=C2c2ccccc21,0,authentic,authentic,,,C1=C(c2ccc(-c3ccccc3)cc2)N2CCCN=C2c2ccccc21,train,336.43800000000005,5.317600000000005,0.6184195826078477,26,43
subcategory_halogen-walk.remove-Cl_652,O=C(OCCOCn1cc(F)c(=O)[nH]c1=O)c1ccccc1,0,authentic,authentic,,,O=C(OCCOCn1ccc(=O)[nH]c1=O)c1ccccc1,train,308.265,0.5067999999999995,0.6199644359903251,22,38
subcategory_halogen-walk.remove-Cl_57,CCCc1ccc(O)c(-c2cc(CCC)ccc2O)c1,0,authentic,authentic,,,c1ccc(-c2ccccc2)cc1,train,270.37199999999996,4.669800000000004,0.828498763988763,20,31
subcategory_halogen-walk.remove-Cl_459,Cc1cccc2c1N(CC(=O)N1CC3CCC(CC3)C1)C(=O)C(NC(=O)Nc1cccc(Cl)c1)N=C2c1ccccc1F,0,authentic,authentic,,,O=C(Nc1ccccc1)NC1N=C(c2ccccc2)c2ccccc2N(CC(=O)N2CC3CCC(CC3)C2)C1=O,train,602.1100000000002,5.7679200000000055,0.38887107328420484,43,74
subcategory_halogen-walk.remove-Cl_767,O=C([O-])COCCN1CCN(C(c2ccc(F)cc2)c2ccc(F)cc2)CC1,0,authentic,authentic,,,c1ccc(C(c2ccccc2)N2CCNCC2)cc1,train,389.42200000000014,1.4383000000000004,0.6398223708538595,28,48
subcategory_halogen-walk.remove-Cl_167,c1ccn2ncc(CN3CCN(C4CCCCC4)CC3)c2c1,0,authentic,authentic,,,c1ccn2ncc(CN3CCN(C4CCCCC4)CC3)c2c1,train,298.434,2.784600000000001,0.8704546410554003,22,34
subcategory_halogen-walk.remove-Cl_790,CNN=C1CCC(C)n2c1ncc(C(=O)O)c2=O,0,authentic,authentic,,,N=C1CCCn2c1nccc2=O,train,250.25799999999998,0.21979999999999994,0.7317497182142497,18,31
subcategory_halogen-walk.remove-Cl_482,COc1ccc(-n2nc(C(F)(F)F)c3c2C(=O)N(CCCCn2ccccc2=O)CC3)cc1,0,authentic,authentic,,,O=C1c2c(cnn2-c2ccccc2)CCN1CCCCn1ccccc1=O,val,460.4560000000003,3.5401000000000025,0.5060976563720819,33,56
subcategory_halogen-walk.remove-Cl_765,COc1ccc(Cn2c(CC(C)(C)CC(=O)O)nc3cc(F)ccc32)cc1,0,authentic,authentic,,,c1ccc(Cn2cnc3ccccc32)cc1,train,370.42400000000004,4.275700000000003,0.6743209600237375,27,46
subcategory_halogen-walk.remove-Cl_1028,CN1C[C@@H](C(=O)c2cccc(C(F)(F)F)c2)[C@H](c2ccccc2)C1,1,halogen-walk,remove-Cl,CN1C[C@@H](C(=O)c2cccc(C(F)(F)F)c2)[C@H](c2ccc(Cl)cc2)C1,0 1 2 3 4 5 6 7 8 9 10 11 12 13 14 15 17 18 19 20 21 22,O=C(c1ccccc1)[C@@H]1CNC[C@H]1c1ccccc1,test,333.353,4.233500000000004,0.7834896717259969,24,52
subcategory_halogen-walk.remove-Cl_811,COc1cc(C(=O)N2CO[C@](CCN3CCC(C(=O)Nc4ccccc4)CC3)(c3ccccc3)C2)cc(OC)c1OC,1,halogen-walk,remove-Cl,COc1cc(C(=O)N2CO[C@](CCN3CCC(C(=O)Nc4ccccc4)CC3)(c3ccc(Cl)c(Cl)c3)C2)cc(OC)c1OC,0 1 2 3 4 5 6 7 8 9 11 12 13 14 15 16 17 18 19 20 21 22 23 24 25 26 27 28 29 30 31 32 33 34 35 36 37 38 39 40 41,O=C(Nc1ccccc1)C1CCN(CC[C@@]2(c3ccccc3)CN(C(=O)c3ccccc3)CO2)CC1,train,573.6900000000002,4.778600000000004,0.3735311368919719,42,71
subcategory_halogen-walk.remove-Cl_109,Cl.N[C@@H](CNC(=O)Nc1ccc([N+](=O)[O-])cc1)C(=O)O,0,authentic,authentic,,,c1ccccc1,train,304.69000000000005,0.5499999999999996,0.4609550353981384,20,48
subcategory_halogen-walk.remove-Cl_849,COc1ccc(C(=O)n2c(C)c(CC(=O)Nc3ccccc3)c3cc(OC)ccc32)cc1,1,halogen-walk,remove-Cl,COc1ccc(C(=O)n2c(C)c(CC(=O)Nc3ccc(Cl)cc3)c3cc(OC)ccc32)cc1,0 1 2 3 4 5 6 7 8 9 10 11 12 13 14 16 17 18 19 20 21 22 23 24 25 26 27 28 29 30 31,O=C(Cc1cn(C(=O)c2ccccc2)c2ccccc12)Nc1ccccc1,train,428.4880000000001,4.8366200000000035,0.477289480956482,32,54
subcategory_halogen-walk.remove-Cl_54,O=C1CC(NC(=O)c2ccc(C(F)(F)F)cc2OC2CCCCC2)CCN1,0,authentic,authentic,,,O=C1CC(NC(=O)c2ccccc2OC2CCCCC2)CCN1,test,384.39800000000025,3.425300000000001,0.8359227912816516,27,45
subcategory_halogen-walk.remove-Cl_1526,O=C(O)c1ccc(NCc2ccccc2)cn1,1,halogen-walk,remove-Cl,O=C(O)c1ccc(NCc2cccc(Cl)c2)cn1,0 1 2 3 4 5 6 8 9 10 11 12 13 14 15 16,c1ccc(CNc2cccnc2)cc1,train,228.25100000000003,2.3919000000000006,0.8430027995986231,17,26
subcategory_halogen-walk.remove-Cl_923,c1ccc(N2CCN(Cc3cnc4ccccn34)CC2)cc1,1,halogen-walk,remove-Cl,Clc1ccc(N2CCN(Cc3cnc4ccccn34)CC2)cc1,0 1 2 3 5 6 7 8 9 10 11 12 13 14 15 16 17 18 19 20,c1ccc(N2CCN(Cc3cnc4ccccn34)CC2)cc1,train,292.3860000000001,2.656500000000001,0.7413747612442064,22,34
subcategory_halogen-walk.remove-Cl_454,CC(C)CCCC1(c2ccc(F)cc2)OCc2cc(C#N)ccc21,0,authentic,authentic,,,c1ccc(C2OCc3ccccc32)cc1,train,323.41100000000006,5.297480000000005,0.7479959115243618,24,39
subcategory_halogen-walk.remove-Cl_187,COCP(=O)(NC(C)C(=O)OC(C)C)N1CC[C@@H](c2ccc(F)cc2)[C@H](COc2ccc3c(c2)OCO3)C1,0,authentic,authentic,,,c1ccc([C@@H]2CCNC[C@H]2COc2ccc3c(c2)OCO3)cc1,train,550.5640000000002,4.7656000000000045,0.31372356543238616,38,75
subcategory_halogen-walk.remove-Cl_895,c1ccc(N2CCN(Cc3cnn4c3ccc3ccccc34)CC2)cc1,1,halogen-walk,remove-Cl,Clc1ccc(N2CCN(Cc3cnn4c3ccc3ccccc34)CC2)cc1,0 1 2 3 4 24 25,c1ccc(N2CCN(Cc3cnn4c3ccc3ccccc34)CC2)cc1,test,342.44600000000014,3.809700000000003,0.5656401479670211,26,40
subcategory_halogen-walk.remove-Cl_301,O=C(O)CN1C(=O)c2cccc3cc(C(=O)CBr)cc(c23)C1=O,0,authentic,authentic,,,O=C1NC(=O)c2cccc3cccc1c23,train,376.1620000000001,2.098,0.5013878142366317,23,44
subcategory_halogen-walk.remove-Cl_1051,CS(=O)(=O)N1CC2(CCN(C(=O)C(COCc3ccccc3)NC(=O)c3ccccc3)CC2)c2ccccc21,1,halogen-walk,remove-Cl,CS(=O)(=O)N1CC2(CCN(C(=O)C(COCc3ccccc3)NC(=O)c3ccc(Cl)c(Cl)c3)CC2)c2ccccc21,0 1 2 3 4 5 6 7 8 9 10 11 12 13 14 15 16 17 18 19 20 21 22 24 25 26 27 28 29 30 31 32 33 34 35 36 37 38,O=C(NC(COCc1ccccc1)C(=O)N1CCC2(CC1)CNc1ccccc12)c1ccccc1,val,547.6770000000002,3.3418000000000028,0.4668283558283582,39,67
subcategory_halogen-walk.remove-Cl_920,CC(=O)c1c(C)n(CCc2ccccc2)c2ccc(O)cc12,1,halogen-walk,remove-Cl,CC(=O)c1c(C)n(CCc2ccc(Cl)cc2)c2ccc(O)cc12,0 1 2 3 4 5 6 7 9 10 11 12 13 14 15 16 17 18 19 20 21,c1ccc(CCn2ccc3ccccc32)cc1,train,293.36600000000004,4.100620000000003,0.735804453483984,22,37
subcategory_halogen-walk.remove-Cl_558,O=C(CN1C[C@H](NC(=O)c2ccc(Cl)s2)C[C@H]1CN1CCOCC1)Nc1ccc(-n2ccccc2=O)cc1F,0,authentic,authentic,,,O=C(CN1C[C@H](NC(=O)c2cccs2)C[C@H]1CN1CCOCC1)Nc1ccc(-n2ccccc2=O)cc1,train,574.0780000000003,2.8351000000000006,0.4302826287176787,39,72
subcategory_halogen-walk.remove-Cl_328,CC(C)(C)OC(=O)Nc1ccc(Cl)cc1[C@@](C)(O)C#CC1CC1,0,authentic,authentic,,,C(#CC1CC1)Cc1ccccc1,val,335.83100000000013,4.307900000000004,0.7917375022971599,23,46
subcategory_halogen-walk.remove-Cl_171,COC(=O)N1CCCN(c2ccc(C(=O)NCCc3ccc(Cl)cc3Cl)cc2NC(=O)c2cccc(Cl)c2)CC1,0,authentic,authentic,,,O=C(NCCc1ccccc1)c1ccc(N2CCCNCC2)c(NC(=O)c2ccccc2)c1,train,603.9340000000001,6.1501000000000055,0.3381165087148809,40,68
subcategory_halogen-walk.remove-Cl_1354,Cc1ccccc1-c1nnc(N2CCC(C)(C)CC2)nc1N,1,halogen-walk,remove-Cl,CC1(C)CCN(c2nnc(-c3cccc(Cl)c3Cl)c(N)n2)CC1,0 1 2 3 4 5 6 7,c1ccc(-c2cnc(N3CCCCC3)nn2)cc1,train,297.40599999999995,3.0556200000000002,0.9223784679733747,22,35
subcategory_halogen-walk.remove-Cl_255,COC(=O)C1(c2ccc(N3CCc4c(C(F)(F)F)nn(-c5ccc(OC)cc5)c4C3=O)cc2)CCC1,0,authentic,authentic,,,O=C1c2c(cnn2-c2ccccc2)CCN1c1ccc(C2CCC2)cc1,train,499.48900000000026,4.697300000000004,0.4762464956018228,36,65
subcategory_halogen-walk.remove-Cl_1056,O=C(COCCN1CCN(C(c2ccccc2)c2ccccc2)CC1)OCCO,1,halogen-walk,remove-Cl,O=C(COCCN1CCN([C@H](c2ccccc2)c2ccc(Cl)cc2)CC1)OCCO,10 11 12 13 14 15 16,c1ccc(C(c2ccccc2)N2CCNCC2)cc1,train,398.50300000000027,1.9457,0.48760377205123323,29,42
subcategory_halogen-walk.remove-Cl_1520,CN(C(=O)c1cc(C(F)(F)F)cc(C(F)(F)F)c1)[C@H](/C=C/C(=O)N[C@H]1CCCCNC1=O)Cc1ccccc1,1,halogen-walk,remove-Cl,CN(C(=O)c1cc(C(F)(F)F)cc(C(F)(F)F)c1)[C@H](/C=C/C(=O)N[C@H]1CCCCNC1=O)Cc1ccc(Cl)c(Cl)c1,32 33 34 35 36 37 38,O=C(/C=C/[C@H](Cc1ccccc1)NC(=O)c1ccccc1)N[C@H]1CCCCNC1=O,train,555.5190000000003,4.748600000000004,0.38263329547849745,39,79
subcategory_halogen-walk.remove-Cl_1467,O=C1CCc2cc(OCCC(=O)N3CCN(c4ccccc4)CC3)ccc2N1,1,halogen-walk,remove-Cl,O=C1CCc2cc(OCCC(=O)N3CCN(c4ccc(Cl)c(Cl)c4)CC3)ccc2N1,0 1 2 3 4 5 6 7 8 9 10 11 12 13 14 16 17 18 19 20 21 22 23 24 25 26 27,O=C1CCc2cc(OCCC(=O)N3CCN(c4ccccc4)CC3)ccc2N1,train,379.4600000000001,2.689,0.8677307481623834,28,44
subcategory_halogen-walk.remove-Cl_760,CCC1NC(=O)OC12CCN(CC(O)C1COc3ccccc3O1)CC2,0,authentic,authentic,,,O=C1NCC2(CCN(CCC3COc4ccccc4O3)CC2)O1,train,362.4260000000001,1.5402999999999993,0.8458102147857456,26,41
subcategory_halogen-walk.remove-Cl_984,Cc1c(-c2ccccc2)c2cc(OC(C)(C)C(=O)O)ccc2n1C,1,halogen-walk,remove-Cl,Cc1c(-c2ccc(Cl)cc2)c2cc(OC(C)(C)C(=O)O)ccc2n1C,0 1 3 4 5 6 7 8 9 10 11 12 13 14 15 16 17 18 19 20 21 22 23,c1ccc(-c2c[nH]c3ccccc23)cc1,train,323.392,4.3957200000000025,0.7742020512807358,24,42
subcategory_halogen-walk.remove-Cl_1313,COc1ccc2c(c1)c(CCNNC(=O)C(C)(C)C)c(C)n2C(=O)c1ccccc1,1,halogen-walk,remove-Cl,COc1ccc2c(c1)c(CCNNC(=O)C(C)(C)C)c(C)n2C(=O)c1ccc(Cl)cc1,22 24 25 26 27 28 29,O=C(c1ccccc1)n1ccc2ccccc21,train,407.5140000000001,3.856220000000003,0.4808245835931492,30,52
subcategory_halogen-walk.remove-Cl_106,CCN(CC)CCOc1cccc(C(=O)c2cc3ccccc3o2)c1,0,authentic,authentic,,,O=C(c1ccccc1)c1cc2ccccc2o1,train,337.41900000000004,4.384400000000004,0.5720144779681655,25,38
subcategory_halogen-walk.remove-Cl_512,CC(C)N(C(=O)CN1C(=O)C(NC(=O)Nc2cccc(N(C)C)c2)C(=O)N(c2ccccc2)c2ccccc21)c1ccccc1,0,authentic,authentic,,,O=C(CN1C(=O)C(NC(=O)Nc2ccccc2)C(=O)N(c2ccccc2)c2ccccc21)Nc1ccccc1,train,604.7110000000002,5.395800000000007,0.2623948728254707,45,79
subcategory_halogen-walk.remove-Cl_283,COc1cc2c3c4c(cc5c3n(c2cc1OC)C(=O)CC5(C)C)CCNC4,0,authentic,authentic,,,O=C1CCc2cc3c(c4c5ccccc5n1c24)CNCC3,train,364.44500000000016,3.778900000000003,0.7518851425748154,27,46
subcategory_halogen-walk.remove-Cl_1238,CC(C)C1CN(C(c2ccccc2)c2ccc(Cl)cc2)CCN1CC(=O)O,1,halogen-walk,remove-Cl,CC(C)C1CN(C(c2ccc(Cl)cc2)c2ccc(Cl)cc2)CCN1CC(=O)O,0 1 2 3 4 5 7 8 9 10 11 12 13 14 15 16 17 18 19 20 21 22 23 24 25 26,c1ccc(C(c2ccccc2)N2CCNCC2)cc1,train,386.92300000000023,4.156200000000003,0.8092347520563428,27,45
subcategory_halogen-walk.remove-Cl_408,CC(=O)O[C@@H]1C[C@]2(C)[C@H]3CC=C4[C@@H]5CC(C)(C)CC[C@]5(C(=O)OCc5ccccc5)CC[C@@]4(C)[C@]3(C)CC[C@H]2C(C)(C)[C@@H]1O,0,authentic,authentic,,,O=C(OCc1ccccc1)[C@]12CCCC[C@H]1C1=CC[C@H]3C(CC[C@H]4CCCCC43)C1CC2,train,604.8720000000003,8.434000000000006,0.27584670829938046,44,115
subcategory_halogen-walk.remove-Cl_331,CC(=O)O[C@@H]1C[C@@]23C[C@@]24CC[C@H](O[C@@H]2OC[C@@H](O)[C@H](O)[C@H]2O)C(C)(C)[C@@H]4CC=C3[C@]2(C)C[C@@H]3O[C@@]4(O)[C@H](OC(C)(C)[C@H]4O)[C@@H](C)[C@@H]3[C@@]12C,0,authentic,authentic,,,C1=C2C3C[C@@H]4OC5CCO[C@@H]5C[C@@H]4C3CC[C@]23C[C@@]32CC[C@H](O[C@H]3CCCCO3)C[C@@H]2C1,train,676.8440000000003,2.5831,0.22056591794955704,48,164
subcategory_halogen-walk.remove-Cl_857,CCOC(=O)N1CCCN(c2ccc(C(=O)NCCc3ccc(Cl)cc3Cl)cc2NC(=O)c2ccccc2)CC1,1,halogen-walk,remove-Cl,CCOC(=O)N1CCCN(c2ccc(C(=O)NCCc3ccc(Cl)cc3Cl)cc2NC(=O)c2cccc(Cl)c2)CC1,,O=C(NCCc1ccccc1)c1ccc(N2CCCNCC2)c(NC(=O)c2ccccc2)c1,train,583.5160000000002,5.886800000000006,0.34549866765952075,40,65
subcategory_halogen-walk.remove-Cl_1080,COc1ccc2c(c1)c(CC(=O)N[C@@H](CC(C)C)C(=O)O)c(C)n2C(=O)c1ccccc1,1,halogen-walk,remove-Cl,COc1ccc2c(c1)c(CC(=O)N[C@@H](CC(C)C)C(=O)O)c(C)n2C(=O)c1ccc(Cl)cc1,,O=C(c1ccccc1)n1ccc2ccccc21,train,436.50800000000015,3.804820000000002,0.5597107747432766,32,62
subcategory_halogen-walk.remove-Cl_1029,Nc1nc(N2CCNCC23CC3)nnc1-c1ccccc1,1,halogen-walk,remove-Cl,Nc1nc(N2CCNCC23CC3)nnc1-c1cccc(Cl)c1Cl,0 1 2 3 4 5 6 7 8 9 10 11 12 13 15 16 17 18 19,c1ccc(-c2cnc(N3CCNCC34CC4)nn2)cc1,train,282.351,1.0629999999999995,0.8572152153892386,21,32
subcategory_halogen-walk.remove-Cl_782,CC(C)C[C@@H]1O[C@@H](O[C@H]2CC[C@@]3(C)[C@H](CC[C@@H]4[C@@H]3CC[C@]3(C)[C@@H](C5=CC(=O)OC5)CC[C@]43O)C2)[C@H](O)[C@H](O)[C@H]1O,0,authentic,authentic,,,O=C1C=C([C@H]2CCC3C2CC[C@@H]2C4CC[C@H](O[C@H]5CCCCO5)C[C@H]4CC[C@@H]32)CO1,train,562.7440000000005,3.4823000000000026,0.2965249378156556,40,127
subcategory_halogen-walk.remove-Cl_577,CC(C)(CCCOCCCCCCNC[C@H](O)c1ccc(O)c(CO)c1)c1ccccc1,0,authentic,authentic,,,c1ccc(CCCCOCCCCCCNCCc2ccccc2)cc1,train,443.6280000000001,4.842500000000007,0.27910830148784227,32,50
subcategory_halogen-walk.remove-Cl_1482,O=C(CCNC(=O)[C@@H]1CCCNC1)N[C@H](Cc1ccccc1)C(=O)N1CCC(Cn2cncn2)(C2CCCCC2)CC1,1,halogen-walk,remove-Cl,O=C(CCNC(=O)[C@@H]1CCCNC1)N[C@H](Cc1ccc(Cl)cc1)C(=O)N1CCC(Cn2cncn2)(C2CCCCC2)CC1,0 1 2 3 4 5 6 7 8 9 10 11 12 13 14 16 17 18 19 20 21 22 23 24 25 26 27 28 29 30 31 32 33 34 35 36 37 38 39 40 41,O=C(CCNC(=O)[C@@H]1CCCNC1)N[C@H](Cc1ccccc1)C(=O)N1CCC(Cn2cncn2)(C2CCCCC2)CC1,train,577.774,2.7006000000000023,0.37775581912756684,42,76
subcategory_halogen-walk.remove-Cl_902,CSc1cc(C(C)NC(=O)c2ccccc2)sc1S(=O)(=O)NC(N)=O,1,halogen-walk,remove-Cl,COc1ccc(Cl)cc1C(=O)NC(C)c1cc(SC)c(S(=O)(=O)NC(N)=O)s1,0 1 2 3 4 5 6 7 9 10 11 12 13 14 15 16 17 18 19 20 21 22 23 24,O=C(NCc1cccs1)c1ccccc1,test,399.5190000000001,2.3179999999999996,0.6443033615237588,25,45
subcategory_halogen-walk.remove-Cl_1168,CN(CCCl)CCOC(=O)COCCN1CCN(Cc2ccccc2-c2ccccc2)CC1,1,halogen-walk,remove-Cl,CN(CCCl)CCOC(=O)COCCN1CCN(Cc2ccccc2-c2ccc(Cl)cc2)CC1,24 25 26 27 28 29 30,c1ccc(-c2ccccc2CN2CCNCC2)cc1,train,474.04500000000024,3.2016000000000027,0.2527596169735336,33,48
subcategory_halogen-walk.remove-Cl_753,c1ccc(COCCCc2c[nH]cn2)cc1,0,authentic,authentic,,,c1ccc(COCCCc2c[nH]cn2)cc1,train,216.28400000000005,2.559100000000001,0.7534686920259647,16,25
subcategory_halogen-walk.remove-Cl_1538,COc1ccc(CC(=O)O)cc1-c1ccccc1,1,halogen-walk,remove-Cl,COc1ccc(CC(=O)O)cc1-c1ccc(Cl)cc1,0 1 2 3 4 5 6 7 8 9 10 12 13 14 15 16,c1ccc(-c2ccccc2)cc1,train,242.27400000000003,2.989300000000001,0.8960661529271775,18,28
subcategory_halogen-walk.remove-Cl_1493,Nc1nnc(Cc2ccccc2)c(N)n1,1,halogen-walk,remove-Cl,Nc1nnc(Cc2ccc(Cl)cc2)c(N)n1,0 1 2 3 4 6 7 8 9 10 11 12 13 14,c1ccc(Cc2cncnn2)cc1,train,201.233,0.6267999999999997,0.7430804347272695,15,23
subcategory_halogen-walk.remove-Cl_633,O=C1[C@H](CC[C@H](O)c2ccc(F)cc2)C(c2ccc(OCc3ccccc3)cc2)N1c1ccc(F)cc1,0,authentic,authentic,,,O=C1[C@H](CCCc2ccccc2)C(c2ccc(OCc3ccccc3)cc2)N1c1ccccc1,val,499.5570000000002,6.7617000000000065,0.2589254931694672,37,68
subcategory_halogen-walk.remove-Cl_489,CCOC(=O)C(=O)Nc1ncc(-c2ccccc2)s1,0,authentic,authentic,,,c1ccc(-c2cncs2)cc1,train,276.317,2.3117,0.6896859930262893,19,32
subcategory_halogen-walk.remove-Cl_1093,CCc1nc(-c2ccccc2)c(N)n1N,1,halogen-walk,remove-Cl,CCc1nc(-c2ccc(Cl)c(Cl)c2)c(N)n1N,0 1 2 3 5 6 7 8 9 10 11 12 13 14,c1ccc(-c2c[nH]cn2)cc1,train,202.26099999999997,1.4084999999999996,0.7232085813472332,15,24
subcategory_halogen-walk.remove-Cl_479,N#Cc1ccccc1N1CCN(CCCCOc2ccc3c(c2)NC(=O)CC3)CC1,0,authentic,authentic,,,O=C1CCc2ccc(OCCCCN3CCN(c4ccccc4)CC3)cc2N1,train,404.5140000000002,3.4241800000000016,0.716380101637573,30,46
subcategory_halogen-walk.remove-Cl_1505,CC(C)(C)NC(=O)N[C@H](Cc1ccccc1)C(=O)N1CCN(c2ccccc2CNCCc2cccs2)CC1,1,halogen-walk,remove-Cl,CC(C)(C)NC(=O)N[C@H](Cc1ccc(Cl)cc1Cl)C(=O)N1CCN(c2ccccc2CNCCc2cccs2)CC1,9 10 11 12 13 14 15,O=C(CCc1ccccc1)N1CCN(c2ccccc2CNCCc2cccs2)CC1,train,547.7690000000001,4.438000000000003,0.32826325478120794,39,65
subcategory_halogen-walk.remove-Cl_583,CC(C)(c1cc(O)ccc1Cl)C(C)(C)c1cc(O)ccc1Cl,0,authentic,authentic,,,c1ccc(CCc2ccccc2)cc1,train,339.26199999999994,5.6600000000000055,0.7573712078301869,22,40
subcategory_halogen-walk.remove-Cl_1250,O=C(CCC1CCN(CC2CCC2)CC1)c1ccccc1,1,halogen-walk,remove-Cl,COc1cc(N)c(Cl)cc1C(=O)CCC1CCN(CC2CCC2)CC1,0 2 3 4 5 6 7 8 9 10 11 12 13 14 15 16 17 18 19,O=C(CCC1CCN(CC2CCC2)CC1)c1ccccc1,val,285.431,4.1616000000000035,0.7314187679547927,21,32
subcategory_halogen-walk.remove-Cl_909,NC(=O)CS(=O)C(c1ccccc1)c1ccc(Cl)cc1,1,halogen-walk,remove-Cl,NC(=O)CS(=O)C(c1ccc(Cl)cc1)c1ccc(Cl)cc1,0 1 2 3 4 5 7 8 9 10 11 12 13 14 15 16 17 18 19,c1ccc(Cc2ccccc2)cc1,train,307.802,2.663400000000001,0.9228822353696036,20,35
subcategory_halogen-walk.remove-Cl_486,CC(CNC(=O)c1ccc(Cl)nc1)Cn1ccnc1,0,authentic,authentic,,,O=C(NCCCn1ccnc1)c1cccnc1,train,278.743,1.9976,0.851193424068832,19,31
subcategory_halogen-walk.remove-Cl_746,CC(C)(CC(=O)O)c1nc2ccccc2n1Cc1ccc(Cl)cc1,0,authentic,authentic,,,c1ccc(Cn2cnc3ccccc32)cc1,train,342.826,4.490300000000003,0.7428180189834411,24,40
subcategory_halogen-walk.remove-Cl_841,Cc1cccc(C(=O)c2ccc(OC(C)(C)C(=O)OC(C)C)cc2)c1,1,halogen-walk,remove-Cl,CC(C)OC(=O)C(C)(C)Oc1ccc(C(=O)c2ccc(Cl)cc2)cc1,0 1 2 3 4 5 7 8 9 10 11 12 13 14 15 16 17 18 19 20 21 22 23,O=C(c1ccccc1)c1ccccc1,train,340.41900000000004,4.335020000000003,0.5798576531524168,25,45
subcategory_halogen-walk.remove-Cl_89,CC1CCC(Nc2ccnc3cc(Cl)ccc23)CC1,0,authentic,authentic,,,c1ccc2c(NC3CCCCC3)ccnc2c1,train,274.7950000000001,4.878800000000004,0.8442463929657384,19,30
subcategory_halogen-walk.remove-Cl_1446,COC(=O)NS(=O)(=O)c1ccc(CCNC(=O)c2ccccc2)cc1,1,halogen-walk,remove-Cl,COC(=O)NS(=O)(=O)c1ccc(CCNC(=O)c2cc(Cl)ccc2OC)cc1,0 1 2 3 4 5 6 7 8 9 10 11 12 13 14 16 17 18 19 20 21 22 23 24,O=C(NCCc1ccccc1)c1ccccc1,train,362.40700000000004,1.7037999999999998,0.8144152553691306,25,43
subcategory_halogen-walk.remove-Cl_339,C[C@@]1(c2ccc(Oc3ccccc3)cc2)OC(=O)N(Nc2ccccc2)C1=O,0,authentic,authentic,,,O=C1OC(c2ccc(Oc3ccccc3)cc2)C(=O)N1Nc1ccccc1,val,374.3960000000001,4.700000000000003,0.7010614830472137,28,50
subcategory_halogen-walk.remove-Cl_1500,Cc1cccc([C@H]2CN3CCC[C@@]3(C)c3ccccc32)c1,1,halogen-walk,remove-Cl,C[C@@]12CCCN1C[C@H](c1ccc(Cl)cc1)c1ccccc12,0 1 2 3 4 5 7 8 9 10 11 12 13 14 15 16 17 18 19,c1ccc([C@H]2CN3CCCC3c3ccccc32)cc1,train,277.411,4.451520000000004,0.7440237935251224,21,41
subcategory_halogen-walk.remove-Cl_370,COc1ccc2nc(S(=O)(=O)Cc3ncc(C)c(OC)c3C)[nH]c2c1,0,authentic,authentic,,,O=S(=O)(Cc1ccccn1)c1nc2ccccc2[nH]1,train,361.4230000000001,2.5658400000000006,0.7504824075071718,25,46
subcategory_halogen-walk.remove-Cl_332,O=C(NCc1cccnc1)C1CN(C2c3ccc(Cl)cc3CCc3cc(Br)cnc32)CCN1C(=O)NC1CC1,0,authentic,authentic,,,O=C(NCc1cccnc1)C1CN(C2c3ccccc3CCc3cccnc32)CCN1C(=O)NC1CC1,test,609.9560000000001,4.255100000000003,0.4514952954979691,39,65
subcategory_halogen-walk.remove-Cl_315,Fc1ccc(CN2CCC(CCCc3noc4cc(F)ccc34)CC2)cc1,0,authentic,authentic,,,c1ccc(CN2CCC(CCCc3noc4ccccc34)CC2)cc1,train,370.4430000000001,5.340900000000005,0.5863844960194227,27,41
subcategory_halogen-walk.remove-Cl_1402,CCc1cccc(C(=O)c2ccccc2)c1O,1,halogen-walk,remove-Cl,CCc1cccc(C(=O)c2ccc(Cl)cc2Cl)c1O,0 1 2 3 4 5 6 8 9 10 11 12 13 14 15 16,O=C(c1ccccc1)c1ccccc1,train,226.275,3.185600000000002,0.8159681137368562,17,26
subcategory_halogen-walk.remove-Cl_1223,CCOC(C(N)=O)N1CCN(C(c2ccccc2)c2ccccc2)CC1,1,halogen-walk,remove-Cl,CCOC(C(N)=O)N1CCN(C(c2ccccc2)c2ccc(Cl)cc2)CC1,0 1 2 3 4 5 6 7 8 9 10 12 13 14 15 16 17 18 19 20 21 22 23 24 25,c1ccc(C(c2ccccc2)N2CCNCC2)cc1,train,353.4660000000002,2.241500000000001,0.8293504598169537,26,41
subcategory_halogen-walk.remove-Cl_268,O=C1N[C@H](Cc2ccccc2)C(=O)N[C@@H]1Cc1ccccc1,0,authentic,authentic,,,O=C1N[C@H](Cc2ccccc2)C(=O)N[C@@H]1Cc1ccccc1,val,294.354,1.4549999999999992,0.8965887052252809,22,43
subcategory_halogen-walk.remove-Cl_1553,CCN1C(=O)c2c(ncn2Cc2ccccc2)N2C1=N[C@@H]1CCC[C@@H]12,1,halogen-walk,remove-Cl,CCN1C(=O)c2c(ncn2Cc2ccc(OC)c(Cl)c2)N2C1=N[C@@H]1CCC[C@@H]12,,O=C1NC2=N[C@@H]3CCC[C@@H]3N2c2ncn(Cc3ccccc3)c21,train,335.4110000000001,2.504200000000001,0.8659092586738332,25,51
subcategory_halogen-walk.remove-Cl_689,COC1(CO)COC(n2cnc(C(N)=O)n2)C1,0,authentic,authentic,,,c1ncn(C2CCCO2)n1,train,242.23499999999996,-1.3265999999999987,0.6762981385313277,17,30
subcategory_halogen-walk.remove-Cl_1355,COc1ccc2c(c1)c(CC(=O)NCCc1ccc(O)cc1)cn2C(=O)c1ccccc1C,1,halogen-walk,remove-Cl,COc1ccc2c(c1)c(CC(=O)NCCc1ccc(O)cc1)cn2C(=O)c1ccc(Cl)cc1,0 1 2 3 4 5 6 7 8 9 10 11 12 13 14 15 16 17 18 19 20 21 22 23 25 26 27 28 29 30 31,O=C(Cc1cn(C(=O)c2ccccc2)c2ccccc12)NCCc1ccccc1,train,442.5150000000001,4.253820000000003,0.4483492864723739,33,53
subcategory_halogen-walk.remove-Cl_1480,Cc1cccc(C(O)(Cn2ccnc2)C(=O)C(C)C)c1,1,halogen-walk,remove-Cl,CC(C)C(=O)C(O)(Cn1ccnc1)c1ccc(Cl)cc1,0 1 2 3 4 5 7 8 9 10 11 12 13 14 15 16 17 18,c1ccc(CCn2ccnc2)cc1,train,272.348,2.3044200000000004,0.9083503868689214,20,35
subcategory_halogen-walk.remove-Cl_1397,COc1ccc2c(c1)c(CC(=O)NC[C@H](C)O)c(C)n2-c1ccccc1,1,halogen-walk,remove-Cl,COc1ccc2c(c1)c(CC(=O)NC[C@H](C)O)c(C)n2C(=O)c1ccc(Cl)cc1,0 1 2 3 4 5 6 7 8 9 10 11 12 13 14 15 16 17 18 20 21 22 23 24,O=C(c1ccccc1)n1ccc2ccccc21,train,352.434,2.987020000000001,0.7168124517053687,26,48
subcategory_halogen-walk.remove-Cl_1105,CC(C)N(C(=O)NC1CCCCC1)S(=O)(=O)c1ccc(CCNC(=O)c2ccccc2)cc1,1,halogen-walk,remove-Cl,COc1ccc(Cl)cc1C(=O)NCCc1ccc(S(=O)(=O)N(C(=O)NC2CCCCC2)C(C)C)cc1,23 25 26 27 28 29 30,O=C(NC1CCCCC1)NS(=O)(=O)c1ccc(CCNC(=O)c2ccccc2)cc1,train,471.62300000000016,4.100500000000003,0.6058842966441247,33,57
subcategory_halogen-walk.remove-Cl_1485,O=C(N[C@H](Cc1ccccc1)C(=O)N1CCN(c2ccccc2CNCCc2cccs2)CC1)OCCF,1,halogen-walk,remove-Cl,O=C(N[C@H](Cc1ccc(Cl)cc1Cl)C(=O)N1CCN(c2ccccc2CNCCc2cccs2)CC1)OCCF,4 5 6 7 8 9 10,O=C(CCc1ccccc1)N1CCN(c2ccccc2CNCCc2cccs2)CC1,train,538.6890000000003,4.036000000000003,0.34079889104882133,38,60
subcategory_halogen-walk.remove-Cl_207,CCCN(CCC)CCc1ccc(OC)c(OCCc2cccc(Cl)c2)c1.O=C(O)C(=O)O,0,authentic,authentic,,,c1ccc(CCOc2ccccc2)cc1,train,480.0010000000002,4.790200000000003,0.42224980937256784,33,53
subcategory_halogen-walk.remove-Cl_605,CCOC(=O)CCCC[N+]12CCC(CC1)[C@@H](OC(=O)C(O)(c1cccs1)c1cccs1)C2,0,authentic,authentic,,,O=C(O[C@H]1C[NH+]2CCC1CC2)C(c1cccs1)c1cccs1,train,478.6560000000001,3.9311000000000025,0.3182404313030111,32,62
subcategory_halogen-walk.remove-Cl_158,COc1cccc(C2c3cc4c(cc3OC(NCCO)C2C)OCO4)c1OC,0,authentic,authentic,,,c1ccc(C2CCOc3cc4c(cc32)OCO4)cc1,train,387.43200000000013,2.5009000000000006,0.7884639360716225,28,42
subcategory_halogen-walk.remove-Cl_317,Cc1ccc(C2(C)NC(=O)N(Cc3ccc(F)cc3)C2=O)cc1,0,authentic,authentic,,,O=C1NC(c2ccccc2)C(=O)N1Cc1ccccc1,test,312.34400000000005,3.101320000000001,0.8854428698005276,23,41
subcategory_halogen-walk.remove-Cl_281,CC(=O)c1cccc(OC[C@@H](O)C[NH2+]Cc2cccc(C(F)(F)F)c2)c1,0,authentic,authentic,,,c1ccc(C[NH2+]CCCOc2ccccc2)cc1,test,368.37499999999994,2.4113000000000007,0.7036989296081466,26,53
subcategory_halogen-walk.remove-Cl_463,CC(C)CNCC(O)COc1cccc(/C=C/C(=O)c2ccccc2)c1,0,authentic,authentic,,,O=C(/C=C/c1ccccc1)c1ccccc1,train,353.46200000000005,3.5680000000000023,0.506383110071006,26,42
subcategory_halogen-walk.remove-Cl_393,CN(C)CCC1(c2ccccc2)OCc2cc(C#N)ccc21,0,authentic,authentic,,,c1ccc(C2OCc3ccccc32)cc1,train,292.382,3.283780000000002,0.8673613571747589,22,35
subcategory_halogen-walk.remove-Cl_995,CCc1cc(Br)cnc1C(c1ccccc1)N1CCN(C(=O)OC(C)(C)C)C(C(=O)NCc2cccnc2)C1,1,halogen-walk,remove-Cl,CC(C)(C)OC(=O)N1CCN(C2c3ccc(Cl)cc3CCc3cc(Br)cnc32)CC1C(=O)NCc1cccnc1,0 1 2 3 4 5 6 7 8 10 11 12 13 14 15 16 17 18 19 20 21 22 23 24 25 26 27 28 29 30 31 32 33 34 35 36 37 38,O=C(NCc1cccnc1)C1CN(C2c3ccccc3CCc3cccnc32)CCN1,train,594.5540000000003,5.128600000000005,0.40847953297538125,39,66
subcategory_halogen-walk.remove-Cl_699,Nc1cc(C(=O)O)c(NCc2ccco2)cc1Cl,0,authentic,authentic,,,c1ccc(NCc2ccco2)cc1,train,266.68399999999997,2.825500000000001,0.7406967305454738,18,30
subcategory_halogen-walk.remove-Cl_438,COc1ccc(C(=O)CCN2CCN(Cc3cccc(C)c3)CC2)cc1OC,0,authentic,authentic,,,O=C(CCN1CCN(Cc2ccccc2)CC1)c1ccccc1,train,382.5040000000002,3.402820000000002,0.6547890586470229,28,43
subcategory_halogen-walk.remove-Cl_369,CCCNCC(O)COc1ccccc1C(=O)CCCc1ccccc1,0,authentic,authentic,,,O=C(CCCc1ccccc1)c1ccccc1,test,355.4780000000001,3.6315000000000026,0.450826847820013,26,35
subcategory_halogen-walk.remove-Cl_632,O=C(Oc1ccccc1)N1CC[C@@H](c2ccc(F)cc2)[C@H](COc2ccc3c(c2)OCO3)C1,0,authentic,authentic,,,O=C(Oc1ccccc1)N1CC[C@@H](c2ccccc2)[C@H](COc2ccc3c(c2)OCO3)C1,train,449.47800000000024,5.237900000000005,0.5334132921419935,33,63
subcategory_halogen-walk.remove-Cl_742,N#CCCCn1nc(-c2ccc(OCc3ccccc3)cc2)oc1=O,0,authentic,authentic,,,O=c1[nH]nc(-c2ccc(OCc3ccccc3)cc2)o1,test,335.3630000000001,3.3860800000000024,0.6182562475497194,25,38
subcategory_halogen-walk.remove-Cl_37,CC1Cc2cc3c(cc2C(c2ccc(N)cc2)=NN1C(=O)C(F)(F)F)OCO3,0,authentic,authentic,,,c1ccc(C2=NNCCc3cc4c(cc32)OCO4)cc1,train,391.3490000000001,3.0854,0.758289494989642,28,50
subcategory_halogen-walk.remove-Cl_1550,COc1ccc2c(c1)c(CC(=O)Oc1cccnc1)c(C)n2C(=O)c1cccc(C)c1,1,halogen-walk,remove-Cl,COc1ccc2c(c1)c(CC(=O)Oc1cccnc1)c(C)n2C(=O)c1ccc(Cl)cc1,0 1 2 3 4 5 6 7 8 9 10 11 12 13 14 15 16 17 18 19 20 21 23 24 25 26 27 28 29,O=C(Cc1cn(C(=O)c2ccccc2)c2ccccc12)Oc1cccnc1,val,414.4610000000002,4.498340000000003,0.4499067726652879,31,53
subcategory_halogen-walk.remove-Cl_1041,Cc1cccc(N=C(Nc2ccccc2)c2ccccc2)c1,1,halogen-walk,remove-Cl,Nc1cc(Cl)ccc1N=C(Nc1ccccc1)c1ccccc1,0 1 2 3 4 5 6 21,c1ccc(N=C(Nc2ccccc2)c2ccccc2)cc1,train,286.37800000000004,5.185420000000003,0.5200662406080327,22,33
subcategory_halogen-walk.remove-Cl_867,CNC(=O)NS(=O)(=O)c1cc(CCNC(=O)c2ccccc2)ccc1-c1ccco1,1,halogen-walk,remove-Cl,CNC(=O)NS(=O)(=O)c1cc(CCNC(=O)c2cc(Cl)ccc2OC)ccc1-c1ccco1,0 1 2 3 4 5 6 7 8 9 10 11 12 13 15 16 17 18 19 20 21 22 23 24 25 26 27 28 29,O=C(NCCc1ccc(-c2ccco2)cc1)c1ccccc1,train,427.4820000000001,2.5368000000000004,0.5356179443219858,30,51
subcategory_halogen-walk.remove-Cl_1373,O=C(NCC1CC1)C1CN(Cc2ncc(Br)cc2CCc2ccccc2)CCN1C(=O)Cc1ccncc1,1,halogen-walk,remove-Cl,O=C(NCC1CC1)C1CN(C2c3ccc(Cl)cc3CCc3cc(Br)cnc32)CCN1C(=O)Cc1ccncc1,0 1 2 3 4 5 6 7 8 9 10 11 12 13 14 15,O=C(NCC1CC1)C1CN(C2c3ccccc3CCc3cccnc32)CCN1C(=O)Cc1ccncc1,train,576.5390000000003,3.8060000000000027,0.39752626848934336,38,59
subcategory_halogen-walk.remove-Cl_1450,CS(=O)(=O)N1CC2(CCN(CCCC3(c4ccccc4)CCCN(C(=O)c4ccccc4)C3)CC2)c2ccccc21,1,halogen-walk,remove-Cl,CS(=O)(=O)N1CC2(CCN(CCCC3(c4ccc(Cl)c(Cl)c4)CCCN(C(=O)c4ccccc4)C3)CC2)c2ccccc21,0 1 2 3 4 5 6 7 8 9 10 11 12 14 15 16 17 18 19 20 21 22 23 24 25 26 27 28 29 30 31 32 33 34 35 36 37 38 39 40,O=C(c1ccccc1)N1CCCC(CCCN2CCC3(CC2)CNc2ccccc23)(c2ccccc2)C1,train,571.7870000000004,5.4542000000000055,0.3782990538514531,41,70
subcategory_halogen-walk.remove-Cl_191,[2H]c1c([2H])c(N2C(C)CN(CCCCOc3c([2H])c4c(c([2H])c3C)C(C)CC(=O)N4)CC2C)c(Cl)c(Cl)c1C,0,authentic,authentic,,,O=C1CCc2ccc(OCCCCN3CCN(c4ccccc4)CC3)cc2N1,train,522.5534071120003,6.814140000000006,0.4058333870887888,35,84
subcategory_halogen-walk.remove-Cl_1078,Cc1nnc(-c2ccccc2)c(N)n1,1,halogen-walk,remove-Cl,Cc1nnc(-c2ccc(F)c(Cl)c2)c(N)n1,0 1 2 3 5 6 7 8 9 10 11 12 13,c1ccc(-c2cncnn2)cc1,train,186.218,1.4292199999999997,0.7312364537720225,14,23
subcategory_halogen-walk.remove-Cl_1372,Cc1c(CC(=O)O)c2cc(O)ccc2n1C(=O)c1ccccc1,1,halogen-walk,remove-Cl,Cc1c(CC(=O)O)c2cc(O)ccc2n1C(=O)c1ccc(Cl)cc1,0 1 2 3 4 5 6 7 8 9 10 11 12 13 14 16 17 18 19 20 21,O=C(c1ccccc1)n1ccc2ccccc21,train,309.32099999999997,2.9709200000000004,0.7792758167048307,23,39
subcategory_halogen-walk.remove-Cl_261,Cc1cc(-c2cc3c(O)cc(O)cc3s2)ccc1O,0,authentic,authentic,,,c1ccc(-c2cc3ccccc3s2)cc1,train,272.325,3.9935200000000015,0.6273192647369998,19,32
subcategory_halogen-walk.remove-Cl_672,CCOC(=O)CCCCCN(N)c1ccccc1,0,authentic,authentic,,,c1ccccc1,train,250.342,2.4902000000000006,0.33317601857504064,18,25
subcategory_halogen-walk.remove-Cl_1317,OCCOCC[N+]1(CCOCCO)CCN(C(c2ccccc2)c2ccccc2)CC1,1,halogen-walk,remove-Cl,OCCOCC[N+]1(CCOCCO)CCN(C(c2ccccc2)c2ccc(Cl)cc2)CC1.[Br-],16 17 18 19 20 21 22,c1ccc(C(c2ccccc2)N2CC[NH2+]CC2)cc1,train,429.58100000000013,1.9262000000000008,0.3763762826728616,31,46
subcategory_halogen-walk.remove-Cl_771,FC(F)(F)c1ccc(OCCCN2CCC(=C(c3ccccc3)c3ccccc3)CC2)cc1,0,authentic,authentic,,,c1ccc(OCCCN2CCC(=C(c3ccccc3)c3ccccc3)CC2)cc1,train,451.5320000000001,7.072200000000007,0.35625823548903884,33,52
subcategory_halogen-walk.remove-Cl_1578,COCCOCC(=O)N1CCN(C(c2ccccc2)c2ccccc2)CC1,1,halogen-walk,remove-Cl,COCCOCC(=O)N1CCN(C(c2ccccc2)c2ccc(Cl)cc2)CC1,12 13 14 15 16 17 18,c1ccc(C(c2ccccc2)N2CCNCC2)cc1,train,368.47700000000015,2.5832000000000006,0.6719083755491652,27,40
subcategory_halogen-walk.remove-Cl_634,CC(C)(N)C(=O)NCCC(NC(CCc1ccccc1)C(=O)O)C(=O)N1CCC[C@H]1C(=O)O,0,authentic,authentic,,,O=C(CNCCCc1ccccc1)N1CCCC1,train,462.5470000000003,0.34980000000000383,0.29713243747291435,33,61
subcategory_halogen-walk.remove-Cl_173,CCN(CC)CCc1coc2cc(NC)c(Cl)cc2c1=O,0,authentic,authentic,,,O=c1ccoc2ccccc12,val,308.8090000000001,3.3724000000000016,0.8884390750981995,21,33
subcategory_halogen-walk.remove-Cl_1218,O=C(NCC1CN(Cc2ccc(Cl)cc2)CCO1)c1ccccc1,1,halogen-walk,remove-Cl,CCOc1cc(N)c(Cl)cc1C(=O)NCC1CN(Cc2ccc(Cl)cc2)CCO1,1 18 19 20 21 22 23,O=C(NCC1CN(Cc2ccccc2)CCO1)c1ccccc1,train,344.84200000000004,2.9708000000000014,0.9062994417028272,24,38
subcategory_halogen-walk.remove-Cl_1584,O=C(NC1CCN(S(=O)(=O)c2ccccc2)C1)c1ccccc1,1,halogen-walk,remove-Cl,COc1cc(Cl)ccc1C(=O)NC1CCN(S(=O)(=O)c2ccccc2)C1,0 2 3 4 5 6 7 8 9 10 11 12 13 14 15 16 17 18 19 20 21,O=C(NC1CCN(S(=O)(=O)c2ccccc2)C1)c1ccccc1,val,330.40900000000005,1.8796,0.93066317834969,23,40
subcategory_halogen-walk.remove-Cl_802,C[C@@H](NC(C)(C)COCc1ccccc1)C(=O)c1cccc(Cl)c1,1,halogen-walk,remove-Cl,C[C@@H](NC(C)(C)COC(=O)c1cc(S(N)(=O)=O)c(Cl)cc1NCc1ccco1)C(=O)c1cccc(Cl)c1,,O=C(CNCCOC(=O)c1ccccc1NCc1ccco1)c1ccccc1,train,345.87,4.4962000000000035,0.7159214031145651,24,45
subcategory_halogen-walk.remove-Cl_1356,NCCC(=O)N[C@H](Cc1ccccc1)C(=O)N1CCN(C2(CNC(=O)Cc3ccc(F)cc3)CCCCC2)CC1,1,halogen-walk,remove-Cl,NCCC(=O)N[C@H](Cc1ccc(Cl)cc1Cl)C(=O)N1CCN(C2(CNC(=O)Cc3ccc(F)cc3)CCCCC2)CC1,0 1 2 3 4 5 6 8 9 10 11 12 13 14 15 16 17 18 19 20 21 22 23 24 25 26 27 28 29 30 31 32 33 34 35 36 37 38 39,O=C(Cc1ccccc1)NCC1(N2CCN(C(=O)CCc3ccccc3)CC2)CCCCC1,train,551.7070000000002,2.4078000000000026,0.3977041043977609,40,69
subcategory_halogen-walk.remove-Cl_1343,CCCC(O)C(O)(Cn1cncn1)c1cccc(C)c1,1,halogen-walk,remove-Cl,CCCC(O)C(O)(Cn1cncn1)c1ccc(Cl)cc1,0 1 2 3 4 6 7 8 9 10 11 12 13 14 15 16 17 18,c1ccc(CCn2cncn2)cc1,train,275.35200000000003,1.6353199999999999,0.8403789838317817,20,32
subcategory_halogen-walk.remove-Cl_1483,COc1cc(C(=O)N2CO[C@](CCN3CCC(C(N)=O)(c4ccccn4)CC3)(c3ccccc3)C2)cc(OC)c1OC,1,halogen-walk,remove-Cl,COc1cc(C(=O)N2CO[C@](CCN3CCC(C(N)=O)(c4ccccn4)CC3)(c3ccc(Cl)c(Cl)c3)C2)cc(OC)c1OC,0 1 2 3 4 5 6 7 8 9 11 12 13 14 15 16 17 18 19 20 21 22 23 24 25 26 27 28 29 30 31 32 33 34 35 36 37 38 39 40 41,O=C(c1ccccc1)N1CO[C@](CCN2CCC(c3ccccn3)CC2)(c2ccccc2)C1,train,574.6780000000001,3.3420000000000023,0.39208585621963277,42,73
subcategory_halogen-walk.remove-Cl_716,CC(C)NC(=O)N(Cc1cc(-c2cc(C(C)(C)S(C)(=O)=O)cc3cccnc23)ccc1Cl)c1ccc(S(C)(=O)=O)cc1,0,authentic,authentic,,,c1ccc(NCc2cccc(-c3cccc4cccnc34)c2)cc1,train,628.2160000000002,6.363000000000007,0.2430683540868058,42,81
subcategory_halogen-walk.remove-Cl_289,OCCOCCN1CCN(C2=Nc3cc(F)ccc3Sc3ccccc32)CC1,0,authentic,authentic,,,c1ccc2c(c1)N=C(N1CCNCC1)c1ccccc1S2,train,401.5070000000002,2.9951000000000016,0.7808945917682505,28,41
subcategory_halogen-walk.remove-Cl_1359,COc1cc(CCNC(=O)c2ccccc2C)sc1S(=O)(=O)N(C)C(N)=O,1,halogen-walk,remove-Cl,COc1ccc(Cl)cc1C(=O)NCCc1cc(OC)c(S(=O)(=O)N(C)C(N)=O)s1,0 1 2 3 4 5 6 7 9 10 11 12 13 14 15 16 17 18 19 20 21 22 23 24 25 26,O=C(NCCc1cccs1)c1ccccc1,train,411.50500000000017,1.73682,0.7192236822805197,27,47
subcategory_halogen-walk.remove-Cl_1193,CC1(C)N=C(N)N=C(N)N1c1cccc(SCc2ccccc2)c1,1,halogen-walk,remove-Cl,CC1(C)N=C(N)N=C(N)N1c1cccc(SCc2ccc(Cl)cc2)c1,0 1 2 3 4 5 6 7 8 9 10 11 12 13 14 15 17 18 19 20 21 22 23,C1=NC=NCN1c1cccc(SCc2ccccc2)c1,test,339.4680000000001,3.1644000000000014,0.8386119393671996,24,40
subcategory_halogen-walk.remove-Cl_166,CC(C)=CC1C(C(=O)NCCc2ccccc2)C1(C)C,0,authentic,authentic,,,O=C(NCCc1ccccc1)C1CC1,test,271.404,3.583700000000002,0.8147985205738594,20,34
subcategory_halogen-walk.remove-Cl_1535,CN(CCC(C)(C)c1ccccc1)[C@@H]1CCN(C(=O)N2CC[C@H](N(C)C(=O)c3ccc(-c4ccc(C(F)(F)F)cc4)cc3)C2)C1,1,halogen-walk,remove-Cl,CN(CCC(C)(C)c1ccc(Cl)cc1)[C@@H]1CCN(C(=O)N2CC[C@H](N(C)C(=O)c3ccc(-c4ccc(C(F)(F)F)cc4)cc3)C2)C1,4 7 8 9 10 11 12,O=C(N[C@H]1CCN(C(=O)N2CC[C@@H](NCCCc3ccccc3)C2)C1)c1ccc(-c2ccccc2)cc1,train,620.7600000000002,7.012700000000009,0.27227528840090376,45,91
subcategory_halogen-walk.remove-Cl_307,O=C1CCc2ccc(OCCCCN3CCN(c4cccc(Cl)c4Cl)CC3)cc2N1C(=O)NCc1ccccc1,0,authentic,authentic,,,O=C1CCc2ccc(OCCCCN3CCN(c4ccccc4)CC3)cc2N1C(=O)NCc1ccccc1,test,581.5440000000002,6.163600000000007,0.306782670868685,40,62
subcategory_halogen-walk.remove-Cl_1234,O=C(CN1C(=O)[C@H](COC(=O)Nc2ccccc2)N=C(c2ccccc2)c2ccccc21)N[C@H]1CC(=O)OC1O,1,halogen-walk,remove-Cl,O=C(CN1C(=O)[C@H](COC(=O)Nc2ccc(Cl)cc2C(F)(F)F)N=C(c2ccccc2)c2ccccc21)N[C@H]1CC(=O)OC1O,,O=C(CN1C(=O)[C@H](COC(=O)Nc2ccccc2)N=C(c2ccccc2)c2ccccc21)N[C@@H]1COC(=O)C1,train,542.5480000000003,2.238,0.3881808389098712,40,75
subcategory_halogen-walk.remove-Cl_1344,CC(C)S(=O)(=O)Nc1ccccc1N1CCN(C(=O)[C@@H](Cc2ccccc2)NC(=O)[C@H]2Cc3ccccc3CN2)CC1,1,halogen-walk,remove-Cl,CC(C)S(=O)(=O)Nc1ccccc1N1CCN(C(=O)[C@@H](Cc2ccc(Cl)cc2)NC(=O)[C@H]2Cc3ccccc3CN2)CC1,,O=C(N[C@H](Cc1ccccc1)C(=O)N1CCN(c2ccccc2)CC1)[C@H]1Cc2ccccc2CN1,train,589.7620000000001,2.9273,0.35417918485028566,42,79
subcategory_halogen-walk.remove-Cl_516,CCCCCC(O)COc1ccccc1C(=O)CCc1ccccc1,0,authentic,authentic,,,O=C(CCc1ccccc1)c1ccccc1,train,340.4630000000001,4.822100000000004,0.4709749435543825,25,34
subcategory_halogen-walk.remove-Cl_581,C[N+]1(C)C2(O)CC(OC(=O)C(O)(c3cccs3)c3cccs3)CC1(O)C1(O)OC12O,0,authentic,authentic,,,O=C(OC1CC2[NH2+]C(C1)C1OC21)C(c1cccs1)c1cccs1,train,456.5180000000002,-0.3743000000000008,0.23846453283998406,30,60
subcategory_halogen-walk.remove-Cl_791,O=S(=O)(CC#CCO)c1cccc2ccccc12,0,authentic,authentic,,,c1ccc2ccccc2c1,train,260.314,1.6092000000000002,0.8345931074105938,18,29
subcategory_halogen-walk.remove-Cl_1389,O=C1CCc2ccc(OCCCCN3CCN(c4ccccc4)CC3)cc2N1,1,halogen-walk,remove-Cl,O=C1CCc2ccc(OCCCCN3CCN(c4cccc(Cl)c4Cl)CC3)cc2N1.O=S(=O)(O)c1ccccc1,16 17 18 19 20 21 22,O=C1CCc2ccc(OCCCCN3CCN(c4ccccc4)CC3)cc2N1.c1ccccc1,train,379.504,3.552500000000002,0.7475013536649963,28,41
subcategory_halogen-walk.remove-Cl_1142,Cc1ccccc1[C@H]1S[C@H](CC(=O)NC(c2ccccc2)c2ccccc2)C(=O)N1CC(=O)NCCCN1CCOCC1,1,halogen-walk,remove-Cl,O=C(CN1C(=O)[C@@H](CC(=O)NC(c2ccccc2)c2ccccc2)S[C@@H]1c1ccc(Cl)cc1Cl)NCCCN1CCOCC1,0 1 2 3 4 5 6 7,O=C(CN1C(=O)[C@@H](CC(=O)NC(c2ccccc2)c2ccccc2)S[C@@H]1c1ccccc1)NCCCN1CCOCC1,test,600.785,4.072020000000003,0.30486468645658765,43,74
subcategory_halogen-walk.remove-Cl_193,CCN1C[C@@H]([C@H](O)[C@H](CC2CCCCC2)NC(=O)[C@H](Cc2c[nH]cn2)NC(=O)[C@H](Cc2ccccc2)NC(=O)OC(C)(C)C)OC1=O,0,authentic,authentic,,,O=C(CCc1ccccc1)N[C@@H](Cc1c[nH]cn1)C(=O)N[C@@H](CC1CCCCC1)C[C@@H]1CNC(=O)O1,train,654.8090000000001,3.2298000000000036,0.20640017167599414,47,103
subcategory_halogen-walk.remove-Cl_675,NC(=O)c1ncn(C2CCC(CO)O2)n1,0,authentic,authentic,,,c1ncn(C2CCCO2)n1,train,212.20899999999997,-0.9531000000000007,0.671701309026211,15,26
subcategory_halogen-walk.remove-Cl_134,C=CCN(CC=C)CC1CCCCC1(O)c1cccc(OC)c1,0,authentic,authentic,,,c1ccc(C2CCCCC2)cc1,train,315.457,3.7470000000000026,0.7417206050034499,23,35
subcategory_halogen-walk.remove-Cl_685,Cc1sc(-c2ccc(OCC(C)C)c(C#N)c2)nc1C(=O)O,0,authentic,authentic,,,c1ccc(-c2nccs2)cc1,train,316.382,3.723200000000003,0.9084929504991408,22,39
subcategory_halogen-walk.remove-Cl_1325,CCNC1CCCC1N(C(=O)CC)c1ccccc1,1,halogen-walk,remove-Cl,CCNC1CCCC1N(C(=O)CC)c1ccc(Cl)c(Cl)c1,0 1 2 3 4 5 6 7 9 10 11 12 13 14 15 16 17,c1ccc(NC2CCCC2)cc1,train,260.381,2.9602000000000013,0.8824772924961289,19,28
subcategory_halogen-walk.remove-Cl_1292,O=C1O[C@H](c2ccccc2)[C@@](Cn2ccnc2)(c2ccccc2)O1,1,halogen-walk,remove-Cl,O=C1O[C@H](c2ccccc2)[C@@](Cn2ccnc2)(c2ccc(Cl)cc2Cl)O1,0 1 2 3 4 5 6 7 8 9 11 12 13 14 15 16 17 18 19 20 21 22,O=C1O[C@H](c2ccccc2)[C@@](Cn2ccnc2)(c2ccccc2)O1,train,320.348,3.686700000000002,0.6880751574897878,24,47
subcategory_halogen-walk.remove-Cl_107,C=C(/C=N/Nc1nncc2ccccc12)C1CCCCC1,0,authentic,authentic,,,C=C(/C=N/Nc1nncc2ccccc12)C1CCCCC1,train,280.37500000000006,4.164000000000003,0.675365392681666,21,33
subcategory_halogen-walk.remove-Cl_1224,COC(=O)Cc1c(C)n(C(=O)c2ccccc2)c2ccc(OC)cc12,1,halogen-walk,remove-Cl,COC(=O)Cc1c(C)n(C(=O)c2ccc(Cl)cc2)c2ccc(OC)cc12,0 1 2 3 4 5 6 7 8 10 11 12 13 14 15 16 17 18 19 20 21 22 23 24,O=C(c1ccccc1)n1ccc2ccccc21,train,337.3750000000001,3.362320000000002,0.6851076109139692,25,43
subcategory_halogen-walk.remove-Cl_1390,COc1ccc2c(c1)c(CC(=O)Nc1ccccc1Cl)c(C)n2C(=O)c1ccccc1C,1,halogen-walk,remove-Cl,COc1ccc2c(c1)c(CC(=O)Nc1ccccc1Cl)c(C)n2C(=O)c1ccc(Cl)cc1,0 1 2 3 4 5 6 7 8 9 10 11 12 13 14 15 16 17 18 19 20 21 22 24 25 26 27 28 29 30,O=C(Cc1cn(C(=O)c2ccccc2)c2ccccc12)Nc1ccccc1,train,446.9340000000002,5.789840000000005,0.42176125212751475,32,53
subcategory_halogen-walk.remove-Cl_692,CCCc1ccc(C(=O)c2c(-c3ccc(OCCN(CC)CC)cc3)oc3ccccc23)cc1,0,authentic,authentic,,,O=C(c1ccccc1)c1c(-c2ccccc2)oc2ccccc12,train,455.5980000000002,7.003900000000007,0.2283075443752182,34,54
subcategory_halogen-walk.remove-Cl_837,CC(C)(Sc1nc2cc(F)ccc2n1Cc1ccccc1)C(=O)O,1,halogen-walk,remove-Cl,CC(C)(Sc1nc2cc(F)ccc2n1Cc1ccc(Cl)cc1)C(=O)O,14 15 16 17 18 19 20,c1ccc(Cn2cnc3ccccc32)cc1,train,344.41100000000006,4.179000000000004,0.7056294679887265,24,39
subcategory_halogen-walk.remove-Cl_793,CCCCCCC(C(C)O)n1cnc2c(N)ncnc21,0,authentic,authentic,,,c1ncc2nc[nH]c2n1,train,277.372,2.3007999999999997,0.757835108696378,20,30
subcategory_halogen-walk.remove-Cl_579,C(=C\c1ccccc1)/C(=N/Nc1nncc2ccccc12)c1ccccc1,0,authentic,authentic,,,C(=C\c1ccccc1)/C(=N/Nc1nncc2ccccc12)c1ccccc1,val,350.42500000000007,5.159400000000003,0.3994518319791938,27,44
subcategory_halogen-walk.remove-Cl_763,CCCN(CCC)CC(O)COc1ccc(F)cc1C(=O)CCc1ccccc1,0,authentic,authentic,,,O=C(CCc1ccccc1)c1ccccc1,train,401.52200000000016,4.502900000000005,0.502143714538152,29,42
subcategory_halogen-walk.remove-Cl_745,Cc1cnc(NC(=O)C2=C(O)c3ccccc3S(=O)(=O)N2C)s1.O=C(O)CCc1ccccc1,0,authentic,authentic,,,O=C(Nc1nccs1)C1=Cc2ccccc2S(=O)(=O)N1.c1ccccc1,train,501.5860000000003,3.654720000000002,0.48520029364128386,34,60
subcategory_halogen-walk.remove-Cl_325,CCCCCCCCNC(=O)OCC1CN(C(=O)c2cc(OC)c(OC)c(OC)c2)CCN1C(=O)c1cc(OC)c(OC)c(OC)c1,0,authentic,authentic,,,O=C(c1ccccc1)N1CCN(C(=O)c2ccccc2)CC1,train,659.7770000000003,4.791700000000005,0.2363547446449025,47,76
subcategory_halogen-walk.remove-Cl_1248,CC1CN2C(=O)c3c(ncn3C)N(Cc3ccccc3)C2=N1,1,halogen-walk,remove-Cl,CC1CN2C(=O)c3c(ncn3C)N(Cc3ccc(Cl)cc3)C2=N1,0 1 2 3 4 5 6 7 8 9 10 11 12 14 15 16 17 18 19 20 21,O=C1c2[nH]cnc2N(Cc2ccccc2)C2=NCCN12,train,295.346,1.6406000000000003,0.8461180460054978,22,38
subcategory_halogen-walk.remove-Cl_1070,O=C(NC1CCN(CC2CCN(C(=O)C3CC=CCC3)CC2)CC1)c1ccccc1,1,halogen-walk,remove-Cl,COc1cc(N)c(Cl)cc1C(=O)NC1CCN(CC2CCN(C(=O)C3CC=CCC3)CC2)CC1,1 24 25 26 27 28 29,O=C(NC1CCN(CC2CCN(C(=O)C3CC=CCC3)CC2)CC1)c1ccccc1,train,409.5740000000003,3.4757000000000025,0.7578503483116866,30,49
subcategory_halogen-walk.remove-Cl_1542,Cc1ccccc1C(=O)NCCN(C)Cc1ccccc1C(F)(F)F,1,halogen-walk,remove-Cl,COc1cc(N)c(Cl)cc1C(=O)NCCN(C)Cc1ccccc1C(F)(F)F,0 1 2 3 4 5 6 7,O=C(NCCNCc1ccccc1)c1ccccc1,train,350.38399999999996,3.875620000000003,0.8575953810126724,25,38
subcategory_halogen-walk.remove-Cl_899,COc1cc(-c2ccccc2)ccc1CC(=O)O,1,halogen-walk,remove-Cl,COc1cc(-c2ccc(Cl)cc2)ccc1CC(=O)O,0 1 2 3 5 6 7 8 9 10 11 12 13 14 15 16 17,c1ccc(-c2ccccc2)cc1,train,242.27399999999997,2.9893,0.8960661529271775,18,28
subcategory_halogen-walk.remove-Cl_896,NC(=O)CS(=O)Cc1ccc(-c2ccccc2)cc1,1,halogen-walk,remove-Cl,NC(=O)CS(=O)Cc1ccc(-c2ccc(Cl)cc2)cc1,0 1 2 3 4 5 6 7 8 9 11 12 13 14 15 16 17 18,c1ccc(-c2ccccc2)cc1,train,273.357,2.0876,0.9064138500924132,19,32
subcategory_halogen-walk.remove-Cl_507,CCN(CC)CCCNc1ccnc2cc(Cl)ccc12,0,authentic,authentic,,,c1ccc2ncccc2c1,train,291.826,4.032000000000003,0.7807160660206542,20,29
subcategory_halogen-walk.remove-Cl_80,CC1CC(NC(C2CC2)C2CC2)=NC1C,0,authentic,authentic,,,C1CN=C(NC(C2CC2)C2CC2)C1,train,206.33299999999997,2.591400000000001,0.753854380172633,15,26
subcategory_halogen-walk.remove-Cl_353,Cc1noc(NS(=O)(=O)c2ccc(F)cc2)c1C,0,authentic,authentic,,,O=S(=O)(Nc1ccno1)c1ccccc1,train,270.285,2.2313400000000003,0.9278775413878515,18,32
subcategory_halogen-walk.remove-Cl_1323,CCCCn1cnc2c1C(=O)N1CCN=C1N2Cc1ccccc1C,1,halogen-walk,remove-Cl,CCCCn1cnc2c1C(=O)N1CCN=C1N2Cc1ccc(Cl)cc1,0 1 2 3 4 5 6 7 8 9 10 11 12 13 14 15 16 18 19 20 21 22 23,O=C1c2[nH]cnc2N(Cc2ccccc2)C2=NCCN12,train,337.427,2.823620000000002,0.8429088244516934,25,37
subcategory_halogen-walk.remove-Cl_1033,Cc1ccccc1C(=O)C(O)(Cn1cncn1)c1ccc(Cl)cc1Cl,1,halogen-walk,remove-Cl,O=C(c1ccc(Cl)cc1)C(O)(Cn1cncn1)c1ccc(Cl)cc1Cl,0 1 2 3 4 5 6 7,O=C(c1ccccc1)C(Cn1cncn1)c1ccccc1,train,376.24300000000005,3.6640200000000025,0.6904003889581473,25,42
subcategory_halogen-walk.remove-Cl_172,CCCCOc1ccc(OCC(F)(F)F)c(C(=O)N(CC(=O)O)CC2CCCCN2)c1,0,authentic,authentic,,,O=C(NCC1CCCCN1)c1ccccc1,test,446.46600000000024,3.475500000000002,0.5063478659136895,31,51
subcategory_halogen-walk.remove-Cl_703,COc1ccc(-n2nc(C(N)=O)c3c2C(=O)N(c2ccc(N4CCCC4=O)cc2C)CC3)cc1F,0,authentic,authentic,,,O=C1CCCN1c1ccc(N2CCc3cnn(-c4ccccc4)c3C2=O)cc1,train,477.4960000000003,2.7570200000000007,0.6076213608832566,35,61
subcategory_halogen-walk.remove-Cl_211,CO[C@@H]1[C@@H](OC(=O)c2ccc(C)[nH]2)[C@@H](O)[C@H](Oc2ccc3c(OCCN4CCC[C@H]4CO)cc(=O)oc3c2C)OC1(C)C,0,authentic,authentic,,,O=C(O[C@@H]1CCO[C@@H](Oc2ccc3c(OCCN4CCCC4)cc(=O)oc3c2)C1)c1ccc[nH]1,train,600.6650000000003,2.6886399999999995,0.23258080082904162,43,97
subcategory_halogen-walk.remove-Cl_922,COc1ccc2c(c1)c(CC(=O)Nc1ccc3ccccc3c1)c(C)n2C(=O)c1ccccc1,1,halogen-walk,remove-Cl,COc1ccc2c(c1)c(CC(=O)Nc1ccc3ccccc3c1)c(C)n2C(=O)c1ccc(Cl)cc1,0 1 2 3 4 5 6 7 8 9 10 11 12 13 14 15 16 17 18 19 20 21 22 23 24 25 27 28 29 30 31 32,O=C(Cc1cn(C(=O)c2ccccc2)c2ccccc12)Nc1ccc2ccccc2c1,train,448.52200000000016,5.981220000000005,0.3597286406002473,34,56
subcategory_halogen-walk.remove-Cl_126,O=C1CCC(c2ccc(-n3ccnc3S)cc2)=NN1,0,authentic,authentic,,,O=C1CCC(c2ccc(-n3ccnc3)cc2)=NN1,val,272.33299999999997,1.7750999999999997,0.8186256335779155,19,32
subcategory_halogen-walk.remove-Cl_308,C=CCOc1ccc(C2C(CC[C@H](O)c3ccc(F)cc3)C(=O)N2c2ccc(F)cc2)cc1,0,authentic,authentic,,,O=C1C(CCCc2ccccc2)C(c2ccccc2)N1c1ccccc1,train,449.4970000000001,5.747500000000005,0.3344307223483958,33,59
subcategory_halogen-walk.remove-Cl_1026,CC(C)N(CCc1ccc(S(=O)(=O)CC(=O)CC2CCCCC2)cc1)C(=O)c1ccccc1,1,halogen-walk,remove-Cl,COc1ccc(Cl)cc1C(=O)N(CCc1ccc(S(=O)(=O)CC(=O)CC2CCCCC2)cc1)C(C)C,,O=C(CC1CCCCC1)CS(=O)(=O)c1ccc(CCNC(=O)c2ccccc2)cc1,train,469.6470000000003,5.093100000000005,0.4857009473582124,33,57
subcategory_halogen-walk.remove-Cl_974,O=C(NCC1CCCC1)NS(=O)(=O)c1ccc2c(c1)CC(NC(=O)c1ccccc1)C2,1,halogen-walk,remove-Cl,COc1ccc(Cl)cc1C(=O)NC1Cc2ccc(S(=O)(=O)NC(=O)NCC3CCCC3)cc2C1,0 1 2 3 4 5 6 7 8 9 10 11 12 13 14 15 16 17 18 19 20 21 23 24 25 26 27 28 29 30,O=C(NCC1CCCC1)NS(=O)(=O)c1ccc2c(c1)CC(NC(=O)c1ccccc1)C2,train,441.5530000000002,2.7619000000000007,0.641101040013284,31,55
subcategory_halogen-walk.remove-Cl_1239,O=C(N[C@H](Cc1ccccc1)C(=O)N1CCN(c2ccccc2CNCc2ccco2)CC1)[C@H]1Cc2ccccc2CN1,1,halogen-walk,remove-Cl,O=C(N[C@H](Cc1ccc(Cl)cc1)C(=O)N1CCN(c2ccccc2CNCc2ccco2)CC1)[C@H]1Cc2ccccc2CN1,4 5 6 7 8 9 10,O=C(N[C@H](Cc1ccccc1)C(=O)N1CCN(c2ccccc2CNCc2ccco2)CC1)[C@H]1Cc2ccccc2CN1,train,577.7290000000003,3.660000000000001,0.26672544083783994,43,73
subcategory_halogen-walk.remove-Cl_658,FC(F)(F)c1ccc(CN2CC[N+](=C3Nc4cc(Cl)ccc4Nc4ccccc43)CC2)cc1.[Cl-],0,authentic,authentic,,,c1ccc(CN2CC[N+](=C3Nc4ccccc4Nc4ccccc43)CC2)cc1,val,507.38700000000017,2.8068000000000017,0.5236493102523383,34,64
subcategory_halogen-walk.remove-Cl_385,Cc1cc(CN2CCN(C[C@@H](O)[C@H](Cc3ccccc3)NC(=O)O[C@@H]3CCS(=O)(=O)[C@@H]3C(C)C)[C@H](C(=O)NC(C)(C)C)C2)ccn1,0,authentic,authentic,,,O=C(N[C@H](CCN1CCN(Cc2ccncc2)CC1)Cc1ccccc1)O[C@@H]1CCS(=O)(=O)C1,train,657.878,2.7010200000000024,0.33277374915565316,46,105
subcategory_halogen-walk.remove-Cl_1334,Cc1ccccc1C(=O)NCc1ccc(OCCN2CCCC2)cc1,1,halogen-walk,remove-Cl,COc1cc(N)c(Cl)cc1C(=O)NCc1ccc(OCCN2CCCC2)cc1,0 1 2 3 4 5 6 8 9 10 11 12 13 14 15 16 17 18 19 20 21 22 23 24,O=C(NCc1ccc(OCCN2CCCC2)cc1)c1ccccc1,train,338.45100000000014,3.3996200000000023,0.8411781729293537,25,36
subcategory_halogen-walk.remove-Cl_1170,Cc1ccccc1C(C)NC(=O)N(C)S(=O)(=O)c1ccccc1,1,halogen-walk,remove-Cl,CCOc1ccc(Cl)cc1C(C)NC(=O)N(C)S(=O)(=O)c1ccccc1,0 1 2 3 4 5 6 8 9 10 11 12 13 14 15 16 17 18 19 20 21 22,O=C(NCc1ccccc1)NS(=O)(=O)c1ccccc1,train,332.425,3.0863200000000015,0.9354212430650798,23,40
subcategory_halogen-walk.remove-Cl_921,Cc1cccc(CN2CCN(Cc3cccc(C)c3)CC2)c1,1,halogen-walk,remove-Cl,Cc1cccc(CN2CCN(Cc3ccc(Cl)cc3)CC2)c1.O=C(O)C(=O)O,0 1 2 3 4 5 6 21,c1ccc(CN2CCN(Cc3ccccc3)CC2)cc1,test,294.44200000000006,3.621240000000003,0.8495436786274135,22,34
subcategory_halogen-walk.remove-Cl_84,NC(=O)c1nn(-c2ccc(OC(F)(F)F)cc2)c2c1CCN(C1CCN(N3CCOCC3=O)CC1)C2=O,0,authentic,authentic,,,O=C1c2c(cnn2-c2ccccc2)CCN1C1CCN(N2CCOCC2=O)CC1,val,522.4840000000005,1.1062999999999994,0.6241243935910381,37,65
subcategory_halogen-walk.remove-Cl_1135,Cc1ccc(S(=O)(=O)NC(=O)Nc2ccccc2)cc1,1,halogen-walk,remove-Cl,Cc1ccc(S(=O)(=O)NC(=O)Nc2ccc(Cl)cc2)cc1,0 1 2 3 4 5 6 7 8 9 10 12 13 14 15 16 17 18 19,O=C(Nc1ccccc1)NS(=O)(=O)c1ccccc1,train,290.34400000000005,2.505420000000001,0.9116366062902763,20,35
subcategory_halogen-walk.remove-Cl_1188,O=C(NCC1CN(c2ccccc2)C(=O)O1)c1cccs1,1,halogen-walk,remove-Cl,O=C(NCC1CN(c2ccc(Cl)c(Cl)c2)C(=O)O1)c1cccs1,0 1 2 3 4 5 7 8 9 10 11 12 13 14 15 16 17 18 19 20,O=C(NCC1CN(c2ccccc2)C(=O)O1)c1cccs1,train,302.355,2.5033000000000003,0.943769748894672,21,35
subcategory_halogen-walk.remove-Cl_947,CC(C)Oc1cccc(CC(=O)N2CCC[C@](CC[N+]34CCC(c5ccccc5)(CC3)CC4)(c3ccccc3)C2)c1,1,halogen-walk,remove-Cl,CC(C)Oc1cccc(CC(=O)N2CCC[C@](CC[N+]34CCC(c5ccccc5)(CC3)CC4)(c3ccc(Cl)c(Cl)c3)C2)c1.[Cl-],16 33 34 35 36 37 38,O=C(Cc1ccccc1)N1CCC[C@](CC[N+]23CCC(c4ccccc4)(CC2)CC3)(c2ccccc2)C1,val,551.7950000000003,6.919100000000008,0.2703101723003455,41,74
subcategory_halogen-walk.remove-Cl_787,COc1ccc(-c2nc(CN(C)C)sc2-c2ccc(OC)cc2)cc1,0,authentic,authentic,,,c1ccc(-c2ncsc2-c2ccccc2)cc1,test,354.4750000000001,4.555900000000004,0.6500552090319612,25,41
subcategory_halogen-walk.remove-Cl_1038,COc1cccc(CN2CCOC(CNC(=O)c3ccccc3)C2)c1,1,halogen-walk,remove-Cl,COc1cccc(CN2CCOC(CNC(=O)c3cc(Cl)c(N)cc3OC)C2)c1,0 1 2 3 4 5 6 7 8 9 10 11 12 13 14 16 17 18 19 20 21 22 23 24,O=C(NCC1CN(Cc2ccccc2)CCO1)c1ccccc1,train,340.423,2.3260000000000005,0.8768288878957484,25,38
subcategory_halogen-walk.remove-Cl_1216,Cc1ccc(C(c2ccccc2)N2CCN(C(C)COCC(=O)O)CC2C)c(C)c1C,1,halogen-walk,remove-Cl,Cc1cc(C(c2ccc(C)c(C)c2C)N2CCN(C(C)COCC(=O)O)CC2C)ccc1Cl,0 1 2 3 4 6 7 8 9 10 11 12 13 14 15 16 17 18 19 20 21 22 23 24 25 26 27 28 29 30,c1ccc(C(c2ccccc2)N2CCNCC2)cc1,train,424.58500000000026,4.197060000000003,0.6884172477737808,31,50
subcategory_halogen-walk.remove-Cl_1259,COc1ccccc1CNC(=O)c1ccccc1,1,halogen-walk,remove-Cl,COc1ccccc1CNC(=O)c1ccc(Cl)c(S(=O)(=O)N2CCCC2)c1,10 12 13 14 15 16 17,O=C(NCc1ccccc1)c1cccc(S(=O)(=O)N2CCCC2)c1,test,241.29,2.6252000000000004,0.8932000462618424,18,25
subcategory_halogen-walk.remove-Cl_184,COc1ccc2cc(C(C)C(=O)NCC(=O)O)ccc2c1,0,authentic,authentic,,,c1ccc2ccccc2c1,train,287.315,2.1527000000000003,0.8832185106643516,21,35
subcategory_halogen-walk.remove-Cl_1320,CC(OC(C)C(C)(C)N1CCN(C(c2ccccc2)c2ccccc2)C(C)(C)C1(C)C)C(=O)O,1,halogen-walk,remove-Cl,Cc1cc([C@@H](c2ccccc2)N2CCN(C(C)(C)C(C)OC(C)C(=O)O)C(C)(C)C2(C)C)ccc1Cl,12 13 14 15 16 17 18,c1ccc(C(c2ccccc2)N2CCNCC2)cc1,train,466.6660000000002,5.607600000000006,0.5481771884849524,34,61
subcategory_halogen-walk.remove-Cl_157,CC[C@H](C)[C@@H]1NCCCc2ccccc2CCCNC(=O)[C@@H](Cc2ccccc2)NC(=O)[C@@H](C)N(C)C1=O,0,authentic,authentic,,,O=C1CNCCCc2ccccc2CCCNC(=O)[C@@H](Cc2ccccc2)NC(=O)CN1,train,520.7180000000002,3.2603000000000018,0.5773466810564316,38,78
subcategory_halogen-walk.remove-Cl_587,COc1cc(C(=O)NS(=O)(=O)c2ccccc2C)ccc1Cn1cc(CCC(=O)N2CCCC2)c2ccc(C(=O)NCC3CCCC3)cc21,0,authentic,authentic,,,O=C(NCC1CCCC1)c1ccc2c(CCC(=O)N3CCCC3)cn(Cc3ccc(C(=O)NS(=O)(=O)c4ccccc4)cc3)c2c1,train,684.859,5.600320000000005,0.20018224024421022,49,82
subcategory_halogen-walk.remove-Cl_755,COc1cc(C(=O)/C=C/c2ccc3c(c2)OCCO3)cc(OC)c1OC,0,authentic,authentic,,,O=C(/C=C/c1ccc2c(c1)OCCO2)c1ccccc1,train,356.37400000000014,3.3797000000000024,0.5840311664541615,26,44
subcategory_halogen-walk.remove-Cl_116,CC1CN(C(c2ccccc2)c2ccc(Cl)cc2)CCN1CC(=O)O,0,authentic,authentic,,,c1ccc(C(c2ccccc2)N2CCNCC2)cc1,train,358.86900000000014,3.520100000000002,0.8877264707780236,25,41
subcategory_halogen-walk.remove-Cl_77,CC(C)[C@H](NC(=O)c1ccccc1)C(=O)N1CCC[C@H]1C(=O)NC(Cc1ccccc1)C(=O)C(F)(F)C(=O)Nc1cccc(C(=O)O)c1,0,authentic,authentic,,,O=C(CC(=O)C(Cc1ccccc1)NC(=O)[C@@H]1CCCN1C(=O)CNC(=O)c1ccccc1)Nc1ccccc1,train,662.6900000000002,3.700800000000001,0.2030301267891805,48,94
subcategory_halogen-walk.remove-Cl_925,COc1ccc(F)c(OC)c1-c1ccc([C@@H](CC(=O)O)NC(=O)[C@@H]2CCN2S(=O)(=O)c2ccccc2C)cc1,1,halogen-walk,remove-Cl,COc1ccc(F)c(OC)c1-c1ccc([C@@H](CC(=O)O)NC(=O)[C@@H]2CCN2S(=O)(=O)c2cc(Cl)cc(Cl)c2)cc1,27 30 31 32 33 34 35 36,O=C(NCc1ccc(-c2ccccc2)cc1)[C@@H]1CCN1S(=O)(=O)c1ccccc1,train,556.6120000000002,3.9135200000000028,0.3882627558518139,39,78
subcategory_halogen-walk.remove-Cl_945,CC(C)Oc1cccc(CC(=O)N2CCCC(CCN3CCC4(CC3)NCCc3ccccc34)(c3ccccc3)C2)c1,1,halogen-walk,remove-Cl,CC(C)Oc1cccc(CC(=O)N2CCCC(CCN3CCC4(CC3)NCCc3ccccc34)(c3ccc(Cl)c(Cl)c3)C2)c1,0 1 2 3 4 5 6 7 8 9 10 11 12 13 14 15 17 18 19 20 21 22 23 24 25 26 27 28 29 30 31 32 33 34 35 36 37 38 39 40 41,O=C(Cc1ccccc1)N1CCCC(CCN2CCC3(CC2)NCCc2ccccc23)(c2ccccc2)C1,val,565.8020000000002,6.103800000000007,0.3583907569528337,42,67
subcategory_halogen-walk.remove-Cl_1539,Clc1cnc2c(c1)CCC(c1ccccc1)O2,1,halogen-walk,remove-Cl,Clc1ccc(C2CCc3cc(Cl)cnc3O2)cc1,0 1 2 3 4 5 6 7 8 10 11 12 13 14 15,c1ccc(C2CCc3cccnc3O2)cc1,train,245.709,3.801300000000003,0.7624596699227665,17,28
subcategory_halogen-walk.remove-Cl_151,CCN(C)C(=O)OC[N+]1(CCc2c(C)nc3n(c2=O)CCCC3)CCC(c2noc3cc(F)ccc23)CC1,0,authentic,authentic,,,O=c1c(CC[NH+]2CCC(c3noc4ccccc34)CC2)cnc2n1CCCC2,train,526.6330000000003,4.151020000000003,0.42985361696473456,38,67
subcategory_halogen-walk.remove-Cl_1039,CCN(CC)CC(c1ccccc1F)N1CCN(C(=O)[C@@H](Cc2ccccc2)NC(=O)[C@H]2Cc3ccccc3CN2)CC1,1,halogen-walk,remove-Cl,CCN(CC)CC(c1ccccc1F)N1CCN(C(=O)[C@@H](Cc2ccc(Cl)cc2)NC(=O)[C@H]2Cc3ccccc3CN2)CC1,0 1 2 3 4 5 6 7 8 9 10 11 12 13 14 15 16 17 18 19 21 22 23 24 25 26 27 28 29 30 31 32 33 34 35 36 37 38 39 40 41 42,O=C(N[C@H](Cc1ccccc1)C(=O)N1CCN(Cc2ccccc2)CC1)[C@H]1Cc2ccccc2CN1,train,585.768,3.794800000000002,0.3586172392848885,43,76
subcategory_halogen-walk.remove-Cl_720,CCNc1cccc(N2CCN(C(=O)c3ccc4[nH]ccc4c3)CC2)n1,0,authentic,authentic,,,O=C(c1ccc2[nH]ccc2c1)N1CCN(c2ccccn2)CC1,train,349.4380000000001,2.9571000000000014,0.7600575354628669,26,44
subcategory_halogen-walk.remove-Cl_115,O=C(O)c1ccccc1Nc1cccc(OCc2ccc3ccccc3n2)c1,0,authentic,authentic,,,c1ccc(Nc2cccc(OCc3ccc4ccccc4n3)c2)cc1,test,370.408,5.255600000000004,0.4846034749625999,28,41
subcategory_halogen-walk.remove-Cl_1211,O=C(OCCN1CCNCC1)c1ccccc1,1,halogen-walk,remove-Cl,COc1cc(N)c(Cl)cc1C(=O)OCCN1CCNCC1,0 2 3 4 5 6 7 8 9 10 11 12 13 14 15,O=C(OCCN1CCNCC1)c1ccccc1,train,234.299,0.7485999999999997,0.7805614555802974,17,24
subcategory_halogen-walk.remove-Cl_562,CC(C)(c1ccc(Cl)cc1)c1nnc(N)nc1N,0,authentic,authentic,,,c1ccc(Cc2cncnn2)cc1,train,263.732,2.0152999999999994,0.8649224162544612,18,31
subcategory_halogen-walk.remove-Cl_620,CC(C)NCC(O)COc1ccc(CCOCC2CC2)cc1,0,authentic,authentic,,,c1ccc(CCOCC2CC2)cc1,train,307.434,2.3933999999999997,0.6164391834948149,22,32
subcategory_halogen-walk.remove-Cl_1293,COC(=O)c1oc(C(C)(C)C)cc1NC(=O)Nc1ccccc1,1,halogen-walk,remove-Cl,COC(=O)c1oc(C(C)(C)C)cc1NC(=O)Nc1cccc(Cl)c1Cl,,O=C(Nc1ccccc1)Nc1ccoc1,train,316.357,4.0077000000000025,0.8384428697877021,23,39
subcategory_halogen-walk.remove-Cl_905,Cc1ccccc1C(=O)OCCN1CCCCC1C,1,halogen-walk,remove-Cl,COc1cc(N)c(Cl)cc1C(=O)OCCN1CCCCC1C,0 1 2 3 4 5 6 7,O=C(OCCN1CCCCC1)c1ccccc1,train,261.36499999999995,3.0262200000000012,0.780253240262772,19,26
subcategory_halogen-walk.remove-Cl_960,CC(C)C(O)(Cn1cncn1)C(=O)c1ccccc1,1,halogen-walk,remove-Cl,CC(C)C(O)(Cn1cncn1)C(=O)c1ccc(Cl)cc1,0 1 2 3 4 5 6 7 8 9 10 12 13 14 15 16 17,O=C(CCn1cncn1)c1ccccc1,train,259.309,1.5481,0.827118596856109,19,32
subcategory_halogen-walk.remove-Cl_139,CCOC(=O)N1CCC(CN2CC[C@H](NC(=O)c3cc(Cl)c(N)cc3OC)[C@H](OC)C2)CC1,0,authentic,authentic,,,O=C(NC1CCN(CC2CCNCC2)CC1)c1ccccc1,train,483.00900000000036,2.6184000000000003,0.5751102595309269,33,64
subcategory_halogen-walk.remove-Cl_900,Cc1ccc(S(=O)(=O)Nc2ccc(NC(=O)c3ccccc3)cc2)cc1,1,halogen-walk,remove-Cl,COc1ccc(Cl)cc1C(=O)Nc1ccc(NS(=O)(=O)c2ccc(C)cc2)cc1,0 1 2 3 4 5 6 7 8 9 10 11 12 13 15 16 17 18 19 20 21 22 23 24 25,O=C(Nc1ccc(NS(=O)(=O)c2ccccc2)cc1)c1ccccc1,train,366.44200000000006,4.048120000000003,0.715256155379614,26,45
subcategory_halogen-walk.remove-Cl_309,Cc1ccc2c(c1)CC(=O)c1cc(C(C)C(=O)O)ccc1S2,0,authentic,authentic,,,O=C1Cc2ccccc2Sc2ccccc21,train,312.39000000000004,4.073120000000003,0.9078103899901736,22,40
subcategory_halogen-walk.remove-Cl_647,CCOC(=O)[C@H](CCc1ccccc1)NC(C)C(=O)N1C2CCCC2C[C@H]1C(=O)O,0,authentic,authentic,,,O=C(CNCCCc1ccccc1)N1CCC2CCCC21,train,416.5180000000003,2.3831999999999995,0.6003163359035134,30,57
subcategory_halogen-walk.remove-Cl_1284,CCNC(=O)NS(=O)(=O)C1CC(CCNC(=O)c2ccccc2)c2ccc(CC)cc2O1,1,halogen-walk,remove-Cl,CCNC(=O)NS(=O)(=O)C1CC(CCNC(=O)c2cc(Cl)ccc2OC)c2ccc(CC)cc2O1,0 1 2 3 4 5 6 7 8 9 10 11 12 13 14 16 17 18 19 20 21 22 23 24 25 26 27 28 29 30 31,O=C(NCCC1CCOc2ccccc21)c1ccccc1,val,459.5680000000002,2.9102000000000015,0.5617324159906658,32,54
subcategory_halogen-walk.remove-Cl_661,N[C@@H](Cc1cc(I)c(Oc2ccc(O)c(Cc3ccccn3)c2)c(I)c1)C(=O)O,0,authentic,authentic,,,c1ccc(Oc2cccc(Cc3ccccn3)c2)cc1,val,616.1930000000002,4.3339000000000025,0.3418082096850418,29,55
subcategory_halogen-walk.remove-Cl_1279,CCOc1cc(N)c(Cl)cc1C(=O)NCC1CN(Cc2ccccc2)CCO1,1,halogen-walk,remove-Cl,CCOc1cc(N)c(Cl)cc1C(=O)NCC1CN(Cc2ccc(Cl)cc2)CCO1,17 18 19 20 21 22 23 24,O=C(NCC1CN(Cc2ccccc2)CCO1)c1ccccc1,train,403.9100000000002,2.9517000000000015,0.6948834270194472,28,44
subcategory_halogen-walk.remove-Cl_1301,O=C(NC[C@@H]1CCN(Cc2ccccc2)C1)c1ccccc1,1,halogen-walk,remove-Cl,COc1cc(N(C)C(C)=O)c(Cl)cc1C(=O)NC[C@@H]1CCN(Cc2ccccc2)C1,1 16 17 18 19 20 21,O=C(NC[C@@H]1CCN(Cc2ccccc2)C1)c1ccccc1,train,294.398,2.9385000000000012,0.9193170718491827,22,38
subcategory_halogen-walk.remove-Cl_1316,COc1ccc2c(c1)c(CC(=O)NC(=O)NCN1CCOCC1)c(C)n2C(=O)c1ccccc1,1,halogen-walk,remove-Cl,COc1ccc2c(c1)c(CC(=O)NC(=O)NCN1CCOCC1)c(C)n2C(=O)c1ccc(Cl)cc1,0 1 2 3 4 5 6 7 8 9 10 11 12 13 14 15 16 17 18 19 20 21 22 23 24 25 27 28 29 30 31 32,O=C(Cc1cn(C(=O)c2ccccc2)c2ccccc12)NC(=O)NCN1CCOCC1,val,464.52200000000033,2.3048199999999994,0.5806002892032041,34,57
subcategory_halogen-walk.remove-Cl_1156,CC(C)[C@H]1OCO[C@]1(Cn1cncn1)c1ccccc1,1,halogen-walk,remove-Cl,CC(C)[C@H]1OCO[C@]1(Cn1cncn1)c1ccc(Cl)cc1,0 1 2 3 4 5 6 8 9 10 11 12 13 14 15 16 17 18,c1ccc([C@]2(Cn3cncn3)COCO2)cc1,val,273.336,2.2025000000000006,0.8566115294867435,20,37
subcategory_halogen-walk.remove-Cl_1394,CCCC[C@H]1OC(=O)O[C@]1(Cn1cncn1)c1cccc(C)c1,1,halogen-walk,remove-Cl,CCCC[C@H]1OC(=O)O[C@]1(Cn1cncn1)c1ccc(Cl)cc1Cl,9 16 17 18 19 20 21 22,O=C1OC[C@@](Cn2cncn2)(c2ccccc2)O1,train,315.37300000000005,3.2076200000000012,0.7658044240683092,23,43
subcategory_halogen-walk.remove-Cl_919,Cc1cccc(-c2cc(C(=O)Nc3cc(C(=O)Nc4cc(C(=O)NCCN5CCOCC5)n(C)c4)n(C)c3)n(C)c2)c1,1,halogen-walk,remove-Cl,Cn1cc(NC(=O)c2cc(NC(=O)c3cc(-c4ccc(Cl)cc4F)cn3C)cn2C)cc1C(=O)NCCN1CCOCC1,6,O=C(NCCN1CCOCC1)c1cc(NC(=O)c2cc(NC(=O)c3cc(-c4ccccc4)c[nH]3)c[nH]2)c[nH]1,train,571.6820000000004,3.2441200000000006,0.2854910662755315,42,76
subcategory_halogen-walk.remove-Cl_1186,CCOC(=O)C1=C(O)C(=O)N(Cc2ccccc2)C1,1,halogen-walk,remove-Cl,CCOC(=O)C1=C(O)C(=O)N(Cc2ccc(Cl)cc2)C1,0 1 2 3 4 5 6 7 8 9 10 12 13 14 15 16 17,O=C1C=CCN1Cc1ccccc1,test,261.27700000000004,1.4040000000000001,0.8319622547087857,19,34
subcategory_halogen-walk.remove-Cl_1154,O=c1c2c(c3cccnc3n1-c1ccccc1)OCC2,1,halogen-walk,remove-Cl,O=c1c2c(c3cccnc3n1-c1cccc(Cl)c1)OCC2,,O=c1c2c(c3cccnc3n1-c1ccccc1)OCC2,test,264.284,2.3205999999999998,0.6772095818492383,20,32
subcategory_halogen-walk.remove-Cl_950,NS(=O)(=O)c1cc(C(=O)O)c(NCc2ccco2)cc1Oc1ccccc1,1,halogen-walk,remove-Cl,NS(=O)(=O)c1cc(C(=O)O)c(NCc2ccco2)cc1Oc1cccc(Cl)c1,0 1 2 3 4 5 6 7 8 9 10 11 12 13 14 15 16 17 18 19 21 22 23 24 25,c1ccc(Oc2cccc(NCc3ccco3)c2)cc1,test,388.4010000000001,3.029600000000002,0.5665731871656032,27,46
subcategory_halogen-walk.remove-Cl_1011,Cc1cccc(C(c2ccccc2)N2CCN(CCOC(C(=O)O)C(C)(C)C)CC2)c1,1,halogen-walk,remove-Cl,CC(C)(C)C(OCCN1CCN(C(c2ccccc2)c2ccc(Cl)cc2)CC1)C(=O)O,0 1 2 3 4 5 6 30,c1ccc(C(c2ccccc2)N2CCNCC2)cc1,train,424.5850000000002,4.217920000000003,0.6877107219886828,31,52
subcategory_halogen-walk.remove-Cl_1286,C[C@@H]1CN([C@@H](C)C(=O)O)CCN1C(c1ccccc1)c1ccc(Cl)cc1,1,halogen-walk,remove-Cl,C[C@@H]1CN([C@@H](C)C(=O)O)CCN1C(c1ccc(Cl)cc1)c1ccc(Cl)cc1,,c1ccc(C(c2ccccc2)N2CCNCC2)cc1,train,372.8960000000001,3.9086000000000025,0.863774397940024,26,54
subcategory_halogen-walk.remove-Cl_362,CN(CC(C)(C)C)[C@H](CNC(=O)c1ccc(Cl)s1)C(=O)Nc1ccc(N2CCOCC2=O)c(F)c1,0,authentic,authentic,,,O=C(CCNC(=O)c1cccs1)Nc1ccc(N2CCOCC2=O)cc1,train,525.0460000000003,3.618800000000002,0.5502131987026883,35,67
subcategory_halogen-walk.remove-Cl_154,C/C=C/F.C/C=C\CC1(CCCN)OCc2cc(C#N)ccc21,0,authentic,authentic,,,c1ccc2c(c1)COC2,train,316.41999999999996,4.478380000000004,0.8148415413288427,23,39
subcategory_halogen-walk.remove-Cl_1342,CC(C)(C)C(=O)Oc1ccc(C(=O)c2ccccc2)cc1,1,halogen-walk,remove-Cl,CC(C)(C)C(=O)Oc1ccc(C(=O)c2ccc(Cl)cc2)cc1,11 13 14 15 16 17 18,O=C(c1ccccc1)c1ccccc1,train,282.339,3.869100000000003,0.4873979592550962,21,37
subcategory_halogen-walk.remove-Cl_313,CCN(CC)CCOc1c(C)cc(C(=O)c2c(CC(=O)O[C@@H](C)C(C)C)oc3ccccc23)cc1C,0,authentic,authentic,,,O=C(c1ccccc1)c1coc2ccccc12,train,493.64400000000023,6.131440000000007,0.2232507545341915,36,65
subcategory_halogen-walk.remove-Cl_1233,Cc1nc(C(=O)O)ccc1N(C)Cc1ccccc1,1,halogen-walk,remove-Cl,Cc1nc(C(=O)O)ccc1N(C)Cc1cccc(Cl)c1,0 1 2 3 4 5 6 7 8 9 11 12 13 14 15 16 17,c1ccc(CNc2cccnc2)cc1,train,256.30499999999995,2.7246200000000007,0.9134572952966421,19,30
subcategory_halogen-walk.remove-Cl_355,CCN(CC)CCCNC(=O)c1cc(Cl)c(NC(=O)C2=C(C)OCCS2)cc1OC,0,authentic,authentic,,,O=C(Nc1ccccc1)C1=COCCS1,train,456.0080000000003,3.7437000000000022,0.5229557326347395,30,50
subcategory_halogen-walk.remove-Cl_404,CN1CCC(c2ccc(F)cc2)C(COc2ccc3c(c2)OCO3)C1,0,authentic,authentic,,,c1ccc(C2CCNCC2COc2ccc3c(c2)OCO3)cc1,train,343.39800000000014,3.668700000000003,0.847546032310964,25,41
subcategory_halogen-walk.remove-Cl_524,O=C1CNCCN1c1ccc(O)c(F)c1,0,authentic,authentic,,,O=C1CNCCN1c1ccccc1,train,210.208,0.4675000000000001,0.7079756580882285,15,24
subcategory_halogen-walk.remove-Cl_299,O/N=C/c1cc[n+](CCC[n+]2ccc(/C=N/O)cc2)cc1,0,authentic,authentic,,,c1cc[n+](CCC[n+]2ccccc2)cc1,test,286.33500000000004,0.9680999999999997,0.35928595904756383,21,41
subcategory_halogen-walk.remove-Cl_210,O=C(O)CCNC(=O)[C@H](c1ccc(Cl)cc1)N1C(=O)c2cc(I)ccc2NC(=O)[C@@H]1c1ccc(Cl)cc1,0,authentic,authentic,,,O=C1Nc2ccccc2C(=O)N(Cc2ccccc2)[C@H]1c1ccccc1,train,652.272,5.065800000000004,0.3088939464114874,37,76
subcategory_halogen-walk.remove-Cl_483,COc1cc2nc(C(=O)c3ccccc3)cn2c2ccc(C)cc12,0,authentic,authentic,,,O=C(c1ccccc1)c1cn2c(ccc3ccccc32)n1,val,316.3600000000001,4.035520000000003,0.5358763491979526,24,39
subcategory_halogen-walk.remove-Cl_302,CC(=O)NCC1CN(c2cccc(C)c2)C(=O)O1,0,authentic,authentic,,,O=C1OCCN1c1ccccc1,train,248.282,1.4563199999999998,0.8805253296742174,18,32
subcategory_halogen-walk.remove-Cl_1321,Cc1nc2c(n1C)C(=O)N1CC(C)N=C1N2c1ccccc1,1,halogen-walk,remove-Cl,Cc1nc2c(n1C)C(=O)N1CC(C)N=C1N2Cc1ccc(Cl)cc1,0 1 2 3 4 5 6 7 8 9 10 11 12 13 14 16 17 18 19 20,O=C1c2[nH]cnc2N(Cc2ccccc2)C2=NCCN12,train,295.346,2.08052,0.8091455364817097,22,38
subcategory_halogen-walk.remove-Cl_1489,NS(=O)(=O)c1cc2c(cc1Cl)NC(Cc1ccccc1)NS2(=O)=O,1,halogen-walk,remove-Cl,NS(=O)(=O)c1cc2c(cc1Cl)NC(Cc1ccc(Cl)cc1)NS2(=O)=O,0 1 2 3 4 5 6 7 8 9 10 11 12 14 15 16 17 18 19 20 21 22 23,O=S1(=O)NC(Cc2ccccc2)Nc2ccccc21,train,387.87000000000006,1.2600000000000002,0.7321819270124917,24,45
subcategory_halogen-walk.remove-Cl_719,CCOc1ccc(C(O)(CCN2CCCCC2)C2CCCCC2)cc1,0,authentic,authentic,,,c1ccc(C(CCN2CCCCC2)C2CCCCC2)cc1,train,345.5270000000001,4.729200000000005,0.7753211232978052,25,37
subcategory_halogen-walk.remove-Cl_715,O=C(Nc1nn[nH]n1)c1cccc(CCc2ccccc2)n1,0,authentic,authentic,,,O=C(Nc1nn[nH]n1)c1cccc(CCc2ccccc2)n1,val,294.31800000000004,1.6321999999999994,0.74523426020616,22,36
subcategory_halogen-walk.remove-Cl_397,COCc1cc(C(O)CNC(C)Cc2ccccc2)ccc1O.Cl,0,authentic,authentic,,,c1ccc(CCNCCc2ccccc2)cc1,test,351.87399999999997,3.2146000000000026,0.6830717126652202,24,36
subcategory_halogen-walk.remove-Cl_1044,O=C(NCC1CCNCC1)c1ccccc1,1,halogen-walk,remove-Cl,COc1cc(N)c(Cl)cc1C(=O)NCC1CCNCC1,1 10 11 12 13 14 15,O=C(NCC1CCNCC1)c1ccccc1,train,218.3,1.416,0.8052276079915353,16,23
subcategory_halogen-walk.remove-Cl_1086,CCCOC(=O)COCC(=O)N1CCN(C(c2ccccc2)c2ccccc2)CC1,1,halogen-walk,remove-Cl,CCCOC(=O)COCC(=O)N1CCN(C(c2ccccc2)c2ccc(Cl)cc2)CC1,0 1 2 3 4 5 6 7 8 9 10 11 12 13 14 16 17 18 19 20 21 22 23 24 25 26 27 28 29,c1ccc(C(c2ccccc2)N2CCNCC2)cc1,train,410.5140000000001,2.8900000000000015,0.5952027693944738,30,46
subcategory_halogen-walk.remove-Cl_233,c1ccc2c(CNCCCCCNCc3cccc4ccccc34)cccc2c1,0,authentic,authentic,,,c1ccc2c(CNCCCCCNCc3cccc4ccccc34)cccc2c1,val,382.55100000000004,6.042700000000005,0.3266244789769013,29,39
subcategory_halogen-walk.remove-Cl_1296,CC[C@@H](CO)NC(=O)Cc1c(C)n(C(=O)c2ccccc2)c2ccc(OC)cc12,1,halogen-walk,remove-Cl,CC[C@@H](CO)NC(=O)Cc1c(C)n(C(=O)c2ccc(Cl)cc2)c2ccc(OC)cc12,0 1 2 3 4 5 6 7 8 9 10 11 12 14 15 16 17 18 19 20 21 22 23 24 25 26 27 28,O=C(c1ccccc1)n1ccc2ccccc21,train,394.4710000000001,3.0764200000000015,0.6453803813405941,29,54
subcategory_halogen-walk.remove-Cl_1045,COc1ccc2c(c1)c(CC(=O)O)c(/C=C/C(F)(F)F)n2C(=O)c1ccccc1,1,halogen-walk,remove-Cl,COc1ccc2c(c1)c(CC(=O)O)c(/C=C/C(F)(F)F)n2C(=O)c1ccc(Cl)cc1,0 1 2 3 4 5 6 7 8 9 10 11 12 13 14 15 16 17 18 19 20 22 23 24 25 26 27,O=C(c1ccccc1)n1ccc2ccccc21,train,403.35600000000005,4.541000000000003,0.6791896791041262,29,54
subcategory_halogen-walk.remove-Cl_156,Cn1cc(C2=C(c3cn(CCCN)c4ccccc34)C(=O)NC2=O)c2ccccc21,0,authentic,authentic,,,O=C1NC(=O)C(c2c[nH]c3ccccc23)=C1c1c[nH]c2ccccc12,train,398.4660000000001,3.0490000000000013,0.5071188126322231,30,51
subcategory_halogen-walk.remove-Cl_344,CCCc1nn(C)c2c(=O)[nH]c(-c3cc(S(=O)(=O)N(CCN4CCOCC4)Cc4cccnc4)ccc3OCC)cc12,0,authentic,authentic,,,O=c1[nH]c(-c2cccc(S(=O)(=O)N(CCN3CCOCC3)Cc3cccnc3)c2)cc2cn[nH]c12,train,594.7380000000003,3.1979000000000024,0.2654371813954968,42,73
subcategory_halogen-walk.remove-Cl_682,Cc1nc2c(C(=O)O)cccn2c(=O)c1CCN1CCC(c2noc3cc(F)ccc23)CC1,0,authentic,authentic,,,O=c1c(CCN2CCC(c3noc4ccccc34)CC2)cnc2ccccn12,train,450.47000000000025,3.403520000000002,0.49727655798277814,33,55
subcategory_halogen-walk.remove-Cl_453,CC[C@H](C)[C@@H]1NC(=O)[C@H](Cc2ccccc2)N(C)C(=O)[C@H]([C@@H](C)CC)NC(=O)[C@H](Cc2ccccc2)N(C)C1=O,0,authentic,authentic,,,O=C1CNC(=O)[C@H](Cc2ccccc2)NC(=O)CNC(=O)[C@H](Cc2ccccc2)N1,train,548.7280000000003,3.201200000000002,0.5294011166474559,40,96
subcategory_halogen-walk.remove-Cl_695,COc1cc2c(C#N)cn(-c3ccc(C(=O)O)cc3)c2cc1Cl,0,authentic,authentic,,,c1ccc(-n2ccc3ccccc32)cc1,train,326.73900000000003,3.8623800000000017,0.7925585155092422,23,41
subcategory_halogen-walk.remove-Cl_1527,COc1cc(-c2cccc(C)c2)ccc1CC(=O)O,1,halogen-walk,remove-Cl,COc1cc(-c2ccc(Cl)cc2)ccc1CC(=O)O,6,c1ccc(-c2ccccc2)cc1,train,256.30099999999993,3.297720000000001,0.9125621382764921,19,31
subcategory_halogen-walk.remove-Cl_635,OC1C=CC23c4cc5c(cc4CN(CC2O)C3C1)OCO5,0,authentic,authentic,,,C1=CC23CCN(Cc4cc5c(cc42)OCO5)C3CC1,val,287.31500000000005,0.5325999999999997,0.6817524423185816,21,36
subcategory_halogen-walk.remove-Cl_810,Cc1cccc(C(=O)OC(C)N2[C@H](C)CO[C@@](O)(c3cc(F)cc(F)c3)[C@@H]2C)c1,1,halogen-walk,remove-Cl,CC(OC(=O)c1cc(S(N)(=O)=O)c(Cl)cc1NCc1ccco1)N1[C@H](C)CO[C@@](O)(c2cc(F)cc(F)c2)[C@@H]1C,0 1 2 3 4 5 6 28,O=C(OCN1CCOC(c2ccccc2)C1)c1ccccc1NCc1ccco1,train,405.4410000000001,3.730520000000003,0.7858694584920102,29,65
subcategory_halogen-walk.remove-Cl_161,O=CCN(CCNCCOCCO)C1=Nc2ccccc2Sc2ccccc21,0,authentic,authentic,,,C1=Nc2ccccc2Sc2ccccc21,train,399.5160000000001,2.328900000000001,0.4718789411092389,28,38
subcategory_halogen-walk.remove-Cl_1073,CS(=O)(=O)N1CC2(CCN(C(=O)C(COCc3ccccc3)NCc3ccccc3)CC2)c2ccccc21,1,halogen-walk,remove-Cl,CS(=O)(=O)N1CC2(CCN(C(=O)C(COCc3ccccc3)NCc3ccc(Cl)cc3Cl)CC2)c2ccccc21,0 1 2 3 4 5 6 7 8 9 10 11 12 13 14 15 16 17 18 19 20 21 22 24 25 26 27 28 29 30 31 32 33 34 35 36 37,O=C(C(COCc1ccccc1)NCc1ccccc1)N1CCC2(CC1)CNc1ccccc12,val,533.6940000000002,3.7016000000000036,0.45389757874276354,38,63
subcategory_halogen-walk.remove-Cl_820,O=C(OCC1CCN(CC2CCCCC2)CC1)c1ccccc1,1,halogen-walk,remove-Cl,COc1cc(N)c(Cl)cc1C(=O)OCC1CCN(CC2CCCCC2)CC1,0 2 3 4 5 6 7 8 9 10 11 12 13 14 15 16 17 18 19 20 21,O=C(OCC1CCN(CC2CCCCC2)CC1)c1ccccc1,train,315.45699999999994,4.1357000000000035,0.7650131490326703,23,34
subcategory_halogen-walk.remove-Cl_1206,O=S(=O)(CS(=O)(=O)C(F)(F)F)c1ccccc1,1,halogen-walk,remove-Cl,O=S(=O)(CS(=O)(=O)C(F)(F)F)c1ccc(Cl)c(Cl)c1,0 2 3 4 5 6 7 8 9 10 11 12 13 14 15,c1ccccc1,train,288.268,1.3524000000000003,0.8416883313048577,17,35
subcategory_halogen-walk.remove-Cl_892,CC(c1ccccc1)N(C)CCNC(=O)c1ccccc1,1,halogen-walk,remove-Cl,COc1cc(N)c(Cl)cc1C(=O)NCCN(C)C(C)c1ccccc1,13 15 16 17 18 19 20,O=C(NCCNCc1ccccc1)c1ccccc1,train,282.38699999999994,3.109400000000001,0.8826621530506025,21,32
subcategory_halogen-walk.remove-Cl_498,Clc1ccc2c(NCCCCCN3CCCCC3)ccnc2c1,0,authentic,authentic,,,c1ccc2c(NCCCCCN3CCCCC3)ccnc2c1,train,331.89099999999996,4.956300000000004,0.7269624949076898,23,32
subcategory_halogen-walk.remove-Cl_216,CCC(C)(C)C(=O)N1C(=O)CCc2ccc(OCCCCN3CCN(c4cccc(Cl)c4Cl)CC3)cc21,0,authentic,authentic,,,O=C1CCc2ccc(OCCCCN3CCN(c4ccccc4)CC3)cc2N1,train,546.5390000000002,6.216600000000007,0.34999400889238497,37,63
subcategory_halogen-walk.remove-Cl_894,O=C(C[C@H]1S[C@H](c2ccccc2)N(CC(=O)N2CCC(N3CCCCC3)CC2)C1=O)NCc1cccc2ccccc12,1,halogen-walk,remove-Cl,O=C(C[C@H]1S[C@H](c2ccc(Cl)cc2Cl)N(CC(=O)N2CCC(N3CCCCC3)CC2)C1=O)NCc1cccc2ccccc12,0 1 2 3 4 6 7 8 9 10 11 12 13 14 15 16 17 18 19 20 21 22 23 24 25 26 27 28 29 30 31 32 33 34 35 36 37 38 39 40 41,O=C(C[C@H]1S[C@H](c2ccccc2)N(CC(=O)N2CCC(N3CCCCC3)CC2)C1=O)NCc1cccc2ccccc12,train,584.7860000000005,4.965800000000004,0.4051329479074581,42,75
subcategory_halogen-walk.remove-Cl_180,Cc1nn(-c2cccc(O)c2)c2nc3ccccc3c(O)c12,0,authentic,authentic,,,c1ccc(-n2ncc3cc4ccccc4nc32)cc1,test,291.31000000000006,3.293320000000001,0.5642616972183601,22,37
subcategory_halogen-walk.remove-Cl_741,CCCc1nn(C)c2c(=O)[nH]c(-c3cc(C(=O)N4CCN(CC)CC4)ccc3OCC)nc12,0,authentic,authentic,,,O=C(c1cccc(-c2nc3cn[nH]c3c(=O)[nH]2)c1)N1CCNCC1,val,452.55900000000037,2.4524999999999997,0.591599285310378,33,59
subcategory_halogen-walk.remove-Cl_1412,Cc1cc(C(C#N)c2ccccc2)c(Cl)cc1NC(=O)c1cc(I)cc(I)c1O,1,halogen-walk,remove-Cl,Cc1cc(C(C#N)c2ccc(Cl)cc2)c(Cl)cc1NC(=O)c1cc(I)cc(I)c1O,4 7 8 9 10 11 12,O=C(Nc1ccc(Cc2ccccc2)cc1)c1ccccc1,train,628.6350000000002,6.471000000000003,0.3256220281373803,29,50
subcategory_halogen-walk.remove-Cl_942,NC(=O)C[S@@](=O)Cc1ccccc1-c1ccccc1,1,halogen-walk,remove-Cl,NC(=O)C[S@@](=O)Cc1ccccc1-c1ccc(Cl)cc1,0 1 2 3 4 5 6 7 8 9 10 11 13 14 15 16 17,c1ccc(-c2ccccc2)cc1,train,273.357,2.0875999999999997,0.906413850092413,19,34
subcategory_halogen-walk.remove-Cl_1265,Cc1c(CC(=O)O)c2cc(OCCN3COc4ccccc4C3=O)ccc2n1C(=O)c1ccccc1,1,halogen-walk,remove-Cl,Cc1c(CC(=O)O)c2cc(OCCN3COc4ccccc4C3=O)ccc2n1C(=O)c1ccc(Cl)cc1,0 1 2 3 4 5 6 7 8 9 10 11 12 13 14 15 16 17 18 19 20 21 22 23 24 25 26 27 29 30 31 32 33 34,O=C1c2ccccc2OCN1CCOc1ccc2c(ccn2C(=O)c2ccccc2)c1,train,484.50800000000015,4.136420000000004,0.4235373577058592,36,57
subcategory_halogen-walk.remove-Cl_351,CCCC(CC(C)C1CCCCC1)=NNc1nncc2ccccc12,0,authentic,authentic,,,C(CCC1CCCCC1)=NNc1nncc2ccccc12,train,338.499,5.804300000000006,0.5121580501099285,25,36
subcategory_halogen-walk.remove-Cl_665,COC(=O)CNC(=O)C(F)(F)C(=O)C(Cc1ccccc1)NC(=O)[C@@H]1CCCN1C(=O)[C@@H](NC(=O)OC(C)(C)C)C(C)C,0,authentic,authentic,,,O=C(NCCc1ccccc1)[C@@H]1CCCN1,train,610.6550000000001,1.7478,0.2384330740114139,43,89
subcategory_halogen-walk.remove-Cl_42,Oc1cc(-c2ccco2)nc2cc3c(cc12)OCO3,0,authentic,authentic,,,c1coc(-c2ccc3cc4c(cc3n2)OCO4)c1,train,255.22899999999993,2.929100000000001,0.7238102686831885,19,32
subcategory_halogen-walk.remove-Cl_829,COc1ccc2c(c1)nc(CC(C)(C)CC(=O)O)n2Cc1ccccc1,1,halogen-walk,remove-Cl,COc1ccc2c(c1)nc(CC(C)(C)CC(=O)O)n2Cc1ccc(Cl)cc1,0 1 2 3 4 5 6 7 8 9 10 11 12 13 14 15 16 17 18 20 21 22 23 24,c1ccc(Cn2cnc3ccccc32)cc1,train,352.434,4.136600000000003,0.6940762121062963,26,43
subcategory_halogen-walk.remove-Cl_235,CN1CCN(C(=O)OCn2c(=O)ccc3ccc(OCCCCN4CCN(c5cccc(Cl)c5Cl)CC4)cc32)CC1,0,authentic,authentic,,,O=C(OCn1c(=O)ccc2ccc(OCCCCN3CCN(c4ccccc4)CC3)cc21)N1CCNCC1,test,602.5630000000001,4.631000000000003,0.33110735182745926,41,67
subcategory_halogen-walk.remove-Cl_592,CCCc1ccc(O)c(C(=O)c2ccc(Cl)cc2)c1,0,authentic,authentic,,,O=C(c1ccccc1)c1ccccc1,train,274.74699999999996,4.2291000000000025,0.847376912571923,19,33
subcategory_halogen-walk.remove-Cl_855,COc1ccccc1C(=O)NC1CCCN(S(=O)(=O)c2ccccc2)C1,1,halogen-walk,remove-Cl,COc1ccccc1C(=O)NC1CCCN(S(=O)(=O)c2cccc(Cl)c2C)C1,,O=C(NC1CCCN(S(=O)(=O)c2ccccc2)C1)c1ccccc1,train,374.4620000000001,2.2783000000000007,0.8711746270572641,26,43
subcategory_halogen-walk.remove-Cl_1311,CCOCC(=O)N1CCN(C(c2ccccc2)c2ncc(Br)cc2CC)CC1C(=O)NCc1cccnc1,1,halogen-walk,remove-Cl,CCOCC(=O)N1CCN(C2c3ccc(Cl)cc3CCc3cc(Br)cnc32)CC1C(=O)NCc1cccnc1,0 1 2 3 4 5 6 7 8 9 11 12 13 14 15 16 17 18 19 20 21 22 23 24 25 26 27 28 29 30 31 32 33 34 35 36 37,O=C(NCc1cccnc1)C1CN(C2c3ccccc3CCc3cccnc32)CCN1,train,580.5270000000003,3.7566000000000024,0.39331173148497767,38,59
subcategory_halogen-walk.remove-Cl_1453,COc1ccc(Oc2ccc(S(=O)(=O)NC(C)COc3ccccc3)cc2)cc1,1,halogen-walk,remove-Cl,COc1ccc(Oc2ccc(S(=O)(=O)NC(C)COc3ccc(Cl)cc3C(N)=O)cc2)cc1,0 1 2 3 4 5 6 7 8 9 10 11 12 13 14 15 16 17 19 20 21 22 23 24 25 26 27 28,O=S(=O)(NCCOc1ccccc1)c1ccc(Oc2ccccc2)cc1,train,413.4950000000001,4.233300000000003,0.5681745959870803,29,47
subcategory_halogen-walk.remove-Cl_828,COc1cccc(OC(F)(F)F)c1-c1ccc([C@@H](CC(=O)O)NC(=O)[C@]2(C)CCCN2S(=O)(=O)c2ccccc2)cc1,1,halogen-walk,remove-Cl,COc1cccc(OC(F)(F)F)c1-c1ccc([C@@H](CC(=O)O)NC(=O)[C@]2(C)CCCN2S(=O)(=O)c2cc(Cl)cc(Cl)c2)cc1,31 34 35 36 37 38 39,O=C(NCc1ccc(-c2ccccc2)cc1)C1CCCN1S(=O)(=O)c1ccccc1,test,606.6190000000004,5.136200000000005,0.3279656117499699,42,83
subcategory_halogen-walk.remove-Cl_1174,COc1ccc2c(c1)c(CC(=O)NS(C)(=O)=O)c(C)n2C(=O)c1ccccc1,1,halogen-walk,remove-Cl,COc1ccc2c(c1)c(CC(=O)NS(C)(=O)=O)c(C)n2C(=O)c1ccc(Cl)cc1,20 22 23 24 25 26 27,O=C(c1ccccc1)n1ccc2ccccc21,train,400.45600000000013,2.2651200000000005,0.7089736717569683,28,52
subcategory_halogen-walk.remove-Cl_879,Nc1nnc(-c2ccccc2)c(-c2ccccc2)n1,1,halogen-walk,remove-Cl,Nc1nnc(-c2ccc(Cl)cc2)c(-c2ccccc2)n1,0 1 2 3 5 6 7 8 9 10 11 12 13 14 15 16 17 18,c1ccc(-c2ncnnc2-c2ccccc2)cc1,train,248.28900000000002,2.7878000000000007,0.7569677894472028,19,31
subcategory_halogen-walk.remove-Cl_1179,CNC(=O)Cc1c(C)n(C(=O)c2ccccc2)c2ccc(OC)cc12,1,halogen-walk,remove-Cl,CNC(=O)Cc1c(C)n(C(=O)c2ccc(Cl)cc2)c2ccc(OC)cc12,0 1 2 3 4 5 6 7 8 10 11 12 13 14 15 16 17 18 19 20 21 22 23 24,O=C(c1ccccc1)n1ccc2ccccc21,train,336.39100000000013,2.935320000000001,0.7967598354973449,25,43
subcategory_halogen-walk.remove-Cl_641,COC1=C2[C@H]3NCC[C@]2(C[C@H](O)[C@@H]1O)c1c(ccc(OC)c1O)[C@H]3O,0,authentic,authentic,,,C1=C2[C@@H]3Cc4ccccc4[C@@]2(CCC1)CCN3,train,349.3830000000001,0.0734999999999999,0.5138302665907644,25,62
subcategory_halogen-walk.remove-Cl_159,COc1cc(N)c(Cl)cc1C(=O)NC1CCN(CCCCCS(=O)(=O)O)CC1,0,authentic,authentic,,,O=C(NC1CCNCC1)c1ccccc1,train,433.95800000000037,2.1831000000000005,0.309644646912807,28,48
subcategory_halogen-walk.remove-Cl_941,CCCS(=O)(=O)NC[C@H]1CCCN(C(=O)c2ccccc2)C1,1,halogen-walk,remove-Cl,CCCS(=O)(=O)NC[C@H]1CCCN(C(=O)c2cc(Cl)ccc2OC)C1,0 1 2 3 4 5 6 7 8 9 10 11 12 14 15 16 17 18 19 20 21,O=C(c1ccccc1)N1CCCCC1,train,324.44599999999997,1.8681999999999996,0.8684942246371397,22,41
subcategory_halogen-walk.remove-Cl_38,O=C1NC(=O)C(c2ccccc2)(c2ccccc2)N1O,0,authentic,authentic,,,O=C1NC(=O)C(c2ccccc2)(c2ccccc2)N1,train,268.272,1.8712,0.6450000238159126,20,34
subcategory_halogen-walk.remove-Cl_893,Cc1nc(C(=O)O)ccc1NCc1ccccc1,1,halogen-walk,remove-Cl,Cc1nc(C(=O)O)ccc1NCc1cccc(Cl)c1,,c1ccc(CNc2cccnc2)cc1,train,242.278,2.7003200000000005,0.8648856442132389,18,27
subcategory_halogen-walk.remove-Cl_86,CC(C)C[C@H](NC(=O)OCc1ccccc1)C(=O)N[C@@H]1CCN(C(=O)[C@H](CC(C)C)NC(=O)OCc2ccccc2)C[C@H]1O,0,authentic,authentic,,,O=C(CNC(=O)OCc1ccccc1)NC1CCN(C(=O)CNC(=O)OCc2ccccc2)CC1,train,610.7520000000004,3.746600000000002,0.27025494059609045,44,89
subcategory_halogen-walk.remove-Cl_1519,N[C@@H]1N=C(c2ccccc2)c2ccccc2NC1=O,1,halogen-walk,remove-Cl,N[C@@H]1N=C(c2cc(Cl)ccc2Cl)c2ccccc2NC1=O,0 1 2 4 5 6 7 8 9 10 11 12 13 14 15 16 17 18,O=C1CN=C(c2ccccc2)c2ccccc2N1,train,251.289,1.7609,0.810583185549862,19,34
subcategory_halogen-walk.remove-Cl_813,Cc1c(CN2CCCC2)cc(-c2ccccc2)n1Nc1ccnc2cc(Cl)ccc12,1,halogen-walk,remove-Cl,Cc1c(CN2CCCC2)cc(-c2ccc(Cl)cc2)n1Nc1ccnc2cc(Cl)ccc12,0 1 2 3 4 5 6 7 8 9 11 12 13 14 15 16 17 18 19 20 21 22 23 24 25 26 27 28 29,c1ccc(-c2cc(CN3CCCC3)cn2Nc2ccnc3ccccc23)cc1,train,416.9560000000002,6.1361200000000045,0.42406184816111875,30,48
subcategory_halogen-walk.remove-Cl_147,Fc1ccc([C@@H]2CCN(CCCc3ccccc3)C[C@H]2COc2ccc3c(c2)OCO3)cc1,0,authentic,authentic,,,c1ccc(CCCN2CC[C@@H](c3ccccc3)[C@H](COc3ccc4c(c3)OCO4)C2)cc1,val,447.55000000000024,5.671700000000006,0.44511482972902333,33,58
subcategory_halogen-walk.remove-Cl_725,COC(=O)[C@H](c1cccc(Cl)c1)[C@H]1CCCCN1C,0,authentic,authentic,,,c1ccc(C[C@H]2CCCCN2)cc1,val,281.78299999999996,3.0809000000000015,0.7976495910202727,19,39
subcategory_halogen-walk.remove-Cl_1368,CNC(=O)C1(N2CCCNC2=O)CCN(CC[C@H](CN(C)C(=O)c2cc(C#N)cc3ccccc23)c2ccccc2)CC1,1,halogen-walk,remove-Cl,CNC(=O)C1(N2CCCNC2=O)CCN(CC[C@H](CN(C)C(=O)c2cc(C#N)cc3ccccc23)c2ccc(Cl)c(Cl)c2)CC1,0 1 2 3 4 5 6 7 8 9 10 11 12 13 14 15 16 18 19 20 21 22 23 24 25 26 27 28 29 30 31 32 33 34 35 36 37 38 39 40 41 42,O=C(NC[C@@H](CCN1CCC(N2CCCNC2=O)CC1)c1ccccc1)c1cccc2ccccc12,train,580.7330000000002,3.953280000000005,0.39853104604313944,43,75
subcategory_halogen-walk.remove-Cl_1144,CC[C@H](C)NC(=O)Cc1c(C)n(C(=O)c2ccccc2)c2ccc(OC)cc12,1,halogen-walk,remove-Cl,CC[C@H](C)NC(=O)Cc1c(C)n(C(=O)c2ccc(Cl)cc2)c2ccc(OC)cc12,12 14 15 16 17 18 19,O=C(c1ccccc1)n1ccc2ccccc21,train,378.47200000000015,4.104020000000004,0.70232767876427,28,52
subcategory_halogen-walk.remove-Cl_1024,Cc1ccccc1NC(=O)NCC=C(c1ccccc1)c1ccccc1,1,halogen-walk,remove-Cl,O=C(NCC=C(c1ccccc1)c1ccccc1)Nc1ccc(Cl)cc1,0 1 2 3 4 5 6 8 9 10 11 12 13 14 15 16 17 18 19 20 21 22 23 24 25,O=C(NCC=C(c1ccccc1)c1ccccc1)Nc1ccccc1,train,342.44200000000006,5.248420000000004,0.6532256872784499,26,38
subcategory_halogen-walk.remove-Cl_471,O=C(CNc1ccc(F)cc1)Nc1ccc(O)cc1,0,authentic,authentic,,,O=C(CNc1ccccc1)Nc1ccccc1,train,260.26800000000003,2.5819,0.740351639162871,19,30
subcategory_halogen-walk.remove-Cl_1441,CC(C)[C@H]1OC(=O)O[C@@]1(Cn1cncn1)c1ccccc1,1,halogen-walk,remove-Cl,CC(C)[C@H]1OC(=O)O[C@@]1(Cn1cncn1)c1ccc(Cl)cc1,0 1 2 3 4 5 6 7 9 10 11 12 13 14 15 16 17 18 19,O=C1OC[C@](Cn2cncn2)(c2ccccc2)O1,val,287.319,2.365,0.8075831283144873,21,42
subcategory_halogen-walk.remove-Cl_1090,COc1ccc2c(c1)c(CC(N)=O)c(C)n2C(=O)c1ccccc1,1,halogen-walk,remove-Cl,COc1ccc2c(c1)c(CC(N)=O)c(C)n2C(=O)c1ccc(Cl)cc1,0 1 2 3 4 5 6 7 8 9 10 11 12 13 14 15 17 18 19 20 21 22,O=C(c1ccccc1)n1ccc2ccccc21,train,322.364,2.674620000000001,0.8022603769567309,24,42
subcategory_halogen-walk.remove-Cl_778,Clc1cccc(C=NNc2ccnc3ccccc23)c1,0,authentic,authentic,,,C(=NNc1ccnc2ccccc12)c1ccccc1,train,281.74600000000004,4.334200000000002,0.5728461217318923,20,30
subcategory_halogen-walk.remove-Cl_264,O=C(CN1CCC(c2noc3cc(F)ccc23)CC1)N1Cc2ccccc2C1,0,authentic,authentic,,,O=C(CN1CCC(c2noc3ccccc23)CC1)N1Cc2ccccc2C1,train,379.4350000000002,3.6887000000000034,0.6964818145049277,28,45
subcategory_halogen-walk.remove-Cl_359,C=CCN1CCC23C=C[C@H](O)CC2Oc2c(OC)ccc(c23)C1,0,authentic,authentic,,,C1=CC23CCNCc4cccc(c42)OC3CC1,train,313.39700000000005,2.4065000000000003,0.8703112289243873,23,43
subcategory_halogen-walk.remove-Cl_881,Cc1cccc(CC(=O)Nc2ccc3nc(N)nc(N)c3c2C)c1,1,halogen-walk,remove-Cl,Cc1c(NC(=O)Cc2ccc(Cl)c(Cl)c2)ccc2nc(N)nc(N)c12,0 1 2 3 4 5 7 8 9 10 11 12 13 14 15 16 17 18 19 20 21 22,O=C(Cc1ccccc1)Nc1ccc2ncncc2c1,train,321.38400000000007,2.5922400000000003,0.6870964420166982,24,39
subcategory_halogen-walk.remove-Cl_1529,CC(NC1CCCNC1)c1ccccc1N1CCN(C(=O)[C@@H](Cc2ccccc2)NC(=O)C(N)Cc2cccnc2)CC1,1,halogen-walk,remove-Cl,CC(NC1CCCNC1)c1ccccc1N1CCN(C(=O)[C@@H](Cc2ccc(Cl)cc2)NC(=O)C(N)Cc2cccnc2)CC1,22 23 24 25 26 27 28,O=C(CCc1cccnc1)N[C@H](Cc1ccccc1)C(=O)N1CCN(c2ccccc2CNC2CCCNC2)CC1,train,583.7810000000002,2.4303000000000017,0.2741483081236592,43,72
subcategory_halogen-walk.remove-Cl_1018,Nc1nc(N2CCCC2)nnc1-c1ccccc1,1,halogen-walk,remove-Cl,Nc1nc(N2CCCC2)nnc1-c1cccc(Cl)c1Cl,,c1ccc(-c2cnc(N3CCCC3)nn2)cc1,test,241.29800000000003,1.7209999999999999,0.8666708278762334,18,27
subcategory_halogen-walk.remove-Cl_15,CC(=O)O[C@H]1C2[C@@](C)(CCC3C(O)(CCc4ccccc4C)C(C)=C[C@@H](OC(C)=O)[C@@]32C)C2C=CCOC[C@]2([C@@H](C)OC(C)=O)[C@H]1OC(C)=O,0,authentic,authentic,,,C1=CC2C(CCC3C2CCC2C(CCc4ccccc4)C=CCC23)COC1,val,694.8620000000002,5.606720000000006,0.20805637205242825,50,119
subcategory_halogen-walk.remove-Cl_245,Cl.O=C(c1ccccc1Oc1ccccc1)N(CC(F)(F)F)[C@H]1CCNC1,0,authentic,authentic,,,O=C(N[C@H]1CCNC1)c1ccccc1Oc1ccccc1,test,400.82800000000015,4.267100000000004,0.8146741551668644,27,48
subcategory_halogen-walk.remove-Cl_671,C[N+](C)(C)CCCC1(C2=CC=C(F)CC2)OCc2cc(C#N)ccc21,0,authentic,authentic,,,C1=CCCC(C2OCc3ccccc32)=C1,val,341.45000000000005,4.343780000000004,0.7463366983071199,25,47
