id,smiles,label,category,subcategory,parent_smiles,edited_atoms,scaffold,split,mw,logp,qed,heavy_atoms,smiles_length
subcategory_bioisostere.add-S_1309,O=S(=O)(O)Oc1ccc(Cc2ccc(NC3=NCCN3)cc2)cc1,1,bioisostere,add-S,FC(F)(F)COc1ccc(Cc2ccc(NC3=NCCN3)cc2)cc1,0 1 2 3 4 5,c1ccc(Cc2ccc(NC3=NCCN3)cc2)cc1,train,347.3960000000001,1.8300999999999996,0.713703328381506,24,41
subcategory_bioisostere.add-S_1513,COc1ccc(CN2CCCC(SC)C2)c(C)c1C,1,bioisostere,add-S,COc1ccc(C(=O)C2CCCN(Cc3ccc(OC)c(C)c3C)C2)cc1OC,1 2,O=C(c1ccccc1)C1CCCN(Cc2ccccc2)C1,val,279.449,3.6394400000000022,0.8347115671257145,19,29
subcategory_bioisostere.add-S_1124,CSCc1nc(C(=O)NCc2ccc(-c3ccccc3-c3nn[nH]n3)cc2)c(C(O)C(C)(C)C)[nH]1,1,bioisostere,add-S,CCCc1nc(C(=O)NCc2ccc(-c3ccccc3-c3nn[nH]n3)cc2)c(C(O)C(C)(C)C)[nH]1,1 2,O=C(NCc1ccc(-c2ccccc2-c2nn[nH]n2)cc1)c1c[nH]cn1,train,491.62100000000015,4.129300000000002,0.2912520198143897,35,66
subcategory_bioisostere.add-S_72,C[C@H](N)C1=Nc2cccc(Cl)c2CN1c1ccccc1,0,authentic,authentic,,,C1=Nc2ccccc2CN1c1ccccc1,val,285.77799999999996,3.737400000000002,0.913172824730302,20,36
subcategory_bioisostere.add-S_200,CN(C[C@@H](CCN1CCC2(CC1)CS(=O)(=O)c1ccccc12)c1ccc(Cl)c(Cl)c1)S(=O)(=O)c1ccc([N+](=O)[O-])cc1,0,authentic,authentic,,,O=S1(=O)CC2(CCN(CC[C@H](CNS(=O)(=O)c3ccccc3)c3ccccc3)CC2)c2ccccc21,train,652.6220000000002,5.517100000000006,0.2208608569058018,42,92
subcategory_bioisostere.add-S_772,CN(C)CC1CC(C)(C)CCC1(O)c1cc(O)ccc1F,0,authentic,authentic,,,c1ccc(C2CCCCC2)cc1,train,295.39799999999997,3.1068000000000016,0.9002852488702662,21,35
subcategory_bioisostere.add-S_659,O=C1c2ccccc2C(=O)N1CCCCBr,0,authentic,authentic,,,O=C1NC(=O)c2ccccc21,train,282.13699999999994,2.457700000000001,0.4830514360812223,16,25
subcategory_bioisostere.add-S_201,O=C(Cn1ccnc1)c1csc2ccccc12,0,authentic,authentic,,,O=C(Cn1ccnc1)c1csc2ccccc12,train,242.303,2.9807000000000015,0.6617056788508207,17,26
subcategory_bioisostere.add-S_1572,C=C(C)[C@H](Oc1ccc2c(=O)c3c(oc2c1)COc1cc(OC)c(OC)cc1-3)SC,1,bioisostere,add-S,C=C(C)[C@H]1Cc2c(ccc3c(=O)c4c(oc23)COc2cc(OC)c(OC)cc2-4)O1,3 28 29,O=c1c2c(oc3c4c(ccc13)OCC4)COc1ccccc1-2,train,426.4900000000001,5.013600000000005,0.4052081529467968,30,57
subcategory_bioisostere.add-S_1549,CCOc1ccc(S(=O)(=O)N2CCN(C)CC2)cc1-c1nc2c(CSC)nn(C)c2c(=O)[nH]1,1,bioisostere,add-S,CCCc1nn(C)c2c(=O)[nH]c(-c3cc(S(=O)(=O)N4CCN(C)CC4)ccc3OCC)nc12.O=C(O)/C=C/C(=O)O,1 2,O=c1[nH]c(-c2cccc(S(=O)(=O)N3CCNCC3)c2)nc2cn[nH]c12,train,492.62700000000024,1.5214,0.5282359112478874,33,62
subcategory_bioisostere.add-S_44,CCCC(C)(O)C1CC23C=CC1(OC)[C@@H]1Oc4c(O)ccc5c4[C@@]12CCN(C)[C@@H]3C5,0,authentic,authentic,,,C1=CC23CCC1[C@@H]1Oc4cccc5c4[C@@]12CCN[C@@H]3C5,test,411.5420000000002,3.1636000000000015,0.7455575716376858,30,67
subcategory_bioisostere.add-S_188,COC(=O)CN1CCN2CC(=O)NC(=O)[C@@H]2[C@@H]1C(N)=O,0,authentic,authentic,,,O=C1CN2CCNC[C@H]2C(=O)N1,val,284.27200000000005,-3.3440999999999974,0.410030395218878,20,46
subcategory_bioisostere.add-S_1192,CSCN1CCC[C@@H]1CNC(=O)c1cc(Cl)cc2c1OCC(=O)N2C,1,bioisostere,add-S,CCN1CCC[C@@H]1CNC(=O)c1cc(Cl)cc2c1OCC(=O)N2C,1 2,O=C1COc2c(cccc2C(=O)NC[C@H]2CCCN2)N1,train,383.90100000000024,2.2099,0.8442197733571504,25,45
subcategory_bioisostere.add-S_330,COc1c([C@@H](O)CC(C)(C)C)ccc2c1C(=O)Oc1c(Cl)c(C)c(Br)c(OC(=O)C3(C)C4CCC3CC4)c1O2,0,authentic,authentic,,,O=C1Oc2cccc(OC(=O)C3C4CCC3CC4)c2Oc2ccccc21,train,621.952,7.9457200000000086,0.26762024835356113,39,80
subcategory_bioisostere.add-S_432,COC(=O)c1cc(O)c(-c2cc(C)cc(C)c2)c(OC)c1,0,authentic,authentic,,,c1ccc(-c2ccccc2)cc1,train,286.327,3.4712400000000025,0.8777310219782708,21,39
subcategory_bioisostere.add-S_756,NC(=O)c1ncn([C@@H]2O[C@H](CO)C[C@H]2O)n1,0,authentic,authentic,,,c1ncn([C@H]2CCCO2)n1,train,228.208,-1.9822999999999997,0.5503317884132192,16,40
subcategory_bioisostere.add-S_1229,COc1cc2c(cc1S(C)(=O)=O)CC(CCC1CCN(Cc3ccccc3)CC1)C2=O,1,bioisostere,add-S,COc1cc2c(cc1OC)C(=O)C(CCC1CCN(Cc3ccccc3)CC1)C2.Cl,0 1 2 3 4 5 6 8 9 10 11 12 13 14 15 16 17 18 19 20 21 22 23 24 25 26 27 28 29 30,O=C1c2ccccc2CC1CCC1CCN(Cc2ccccc2)CC1,train,441.59300000000025,4.146100000000004,0.646007022335629,31,52
subcategory_bioisostere.add-S_1592,CS/C(=C\CN(C)Cc1cccc2ccccc12)c1ccccc1,1,bioisostere,add-S,C/C(=C\CN(C)Cc1cccc2ccccc12)c1ccccc1,1 2,C(=Cc1ccccc1)CNCc1cccc2ccccc12,val,333.50000000000006,5.675700000000005,0.5710905048520106,24,37
subcategory_bioisostere.add-S_1542,CSNS(=O)(=O)c1ccc(NC(=O)c2cnc(C)cn2)cc1,1,bioisostere,add-S,CCCNS(=O)(=O)c1ccc(NC(=O)c2cnc(C)cn2)cc1,0 1 2,O=C(Nc1ccccc1)c1cnccn1,train,338.41400000000004,1.5936199999999998,0.8030592024072415,22,39
subcategory_bioisostere.add-S_12,C[C@@]1(c2ccccc2)NC(=O)N(CC(=O)NCC(F)(F)F)C1=O,0,authentic,authentic,,,O=C1NC(=O)C(c2ccccc2)N1,train,329.27799999999996,1.1320999999999999,0.8130934166643781,23,46
subcategory_bioisostere.add-S_1483,CSC(C)COC(=O)N1C(=O)CCc2ccc(OCCCCN3CCN(c4cccc(Cl)c4Cl)CC3)cc21,1,bioisostere,add-S,CC(C)COC(=O)N1C(=O)CCc2ccc(OCCCCN3CCN(c4cccc(Cl)c4Cl)CC3)cc21,0 1 2,O=C1CCc2ccc(OCCCCN3CCN(c4ccccc4)CC3)cc2N1,train,580.5780000000002,6.141900000000008,0.31300593075805394,38,62
subcategory_bioisostere.add-S_444,O=C1/C(=C/c2ccc(Cl)cc2)Cc2ccccc21,0,authentic,authentic,,,O=C1/C(=C/c2ccccc2)Cc2ccccc21,train,254.716,4.1624000000000025,0.6985717108779499,18,33
subcategory_bioisostere.add-S_1503,CCNC(=O)C1=C(OS(=O)(=O)O)c2ccccc2S(=O)(=O)[N+]1(C)c1ncc(C)s1,1,bioisostere,add-S,CCNC(=O)C1=C(O)c2ccccc2S(=O)(=O)[N+]1(C)c1ncc(C)s1,6 7 8 9 10 11,O=S1(=O)c2ccccc2C=C[NH+]1c1nccs1,val,460.5350000000002,1.4152200000000001,0.5042645024834448,29,60
subcategory_bioisostere.add-S_796,O=C(CCCN1CCC(NC(=O)c2ccccc2)CC1)c1ccccc1,0,authentic,authentic,,,O=C(CCCN1CCC(NC(=O)c2ccccc2)CC1)c1ccccc1,val,350.46200000000016,3.5439000000000025,0.777166690741748,26,40
subcategory_bioisostere.add-S_165,COC[C@@H]1O[C@H](n2ccc(N(C)C)nc2=O)CS1,0,authentic,authentic,,,O=c1ncccn1[C@@H]1CSCO1,train,271.342,0.5438000000000003,0.7966356577693284,18,38
subcategory_bioisostere.add-S_394,CC(=O)OC(C)(C)C(=O)N1CCN(C(c2ccc(Cl)cc2)c2ccc(Cl)cc2)CC1,0,authentic,authentic,,,c1ccc(C(c2ccccc2)N2CCNCC2)cc1,train,449.37800000000016,4.568700000000003,0.6280596712338286,30,56
subcategory_bioisostere.add-S_906,COc1ccc(-n2nc(C(F)(F)F)c3c2C(=O)N(c2ccc(SC)cc2)CC3)cc1,1,bioisostere,add-S,COc1ccc(-n2nc(C(F)(F)F)c3c2C(=O)N(c2ccc(C4(C(C)(C)O)CC4)cc2)CC3)cc1,0 1 2 3 4 5 6 7 8 9 10 11 12 13 14 15 16 17 18 19 20 22 23 24 25 26 27 28 29,O=C1c2c(cnn2-c2ccccc2)CCN1c1ccc(C2CC2)cc1,train,433.45500000000015,4.824500000000004,0.5535622454798119,30,54
subcategory_bioisostere.add-S_1579,CSc1ccc(-c2cc(O)c(SCc3ccccc3)c(=O)o2)cc1,1,bioisostere,add-S,Cc1ccc(-c2cc(O)c(SCc3ccccc3)c(=O)o2)cc1,1 2,O=c1oc(-c2ccccc2)ccc1SCc1ccccc1,test,356.4680000000001,5.026600000000004,0.6500998227310756,24,40
subcategory_bioisostere.add-S_834,COc1ccc(Cl)cc1C(=O)NC1[C@H](CCSC)[C@H]1c1ccc(S(N)(=O)=O)cc1,1,bioisostere,add-S,CC[C@H]1C(NC(=O)c2cc(Cl)ccc2OC)[C@@H]1c1ccc(S(N)(=O)=O)cc1,0 1 2 3 4 5 6 7 8 9 10 11 12 13 15 16 17 18 19 20 21 22 23 24 25 26 27 28,O=C(NC1C[C@H]1c1ccccc1)c1ccccc1,train,455.00100000000015,3.2611000000000008,0.637420766124613,29,59
subcategory_bioisostere.add-S_67,Cc1cnc(C(=O)N(CCC(=O)NCC(C)C)CCc2ccccc2)cn1,0,authentic,authentic,,,O=C(NCCc1ccccc1)c1cnccn1,train,368.48100000000005,2.6322200000000002,0.7382385126674305,27,43
subcategory_bioisostere.add-S_1100,CS(=O)(=O)c1ncn(Cc2ccccc2)c2ncnc1-2,1,bioisostere,add-S,Oc1ncn(Cc2ccccc2)c2ncnc1-2,0 1 2 3 5 6 7 8 9 10 11 12 13 14 15 16 17 18,c1ccc(Cn2cncc3ncnc2-3)cc1,test,288.33200000000005,1.2297,0.6773469449296631,20,35
subcategory_bioisostere.add-S_1396,O=S(=O)(O)OC/C=C\CN1CCN(C(c2ccccc2)c2ccc(Cl)cc2)CC1,1,bioisostere,add-S,O=C(O)COC/C=C\CN1CCN(C(c2ccccc2)c2ccc(Cl)cc2)CC1,0 1 2 3 4 5,c1ccc(C(c2ccccc2)N2CCNCC2)cc1,train,436.9610000000001,3.422600000000002,0.5047311629615351,29,51
subcategory_bioisostere.add-S_375,CC(=O)O.Cc1cnc(NC(=O)C2=C(O)c3ccccc3S(=O)(=O)N2C)s1,0,authentic,authentic,,,O=C(Nc1nccs1)C1=Cc2ccccc2S(=O)(=O)N1,train,411.4610000000001,2.04182,0.6875382847314689,27,51
subcategory_bioisostere.add-S_826,CCCN(COS(=O)(=O)O)C1CCN(CC[C@H](CN(C)S(=O)(=O)c2ccccc2)c2cccc(Cl)c2)CC1,1,bioisostere,add-S,CCCN(C(=O)OCc1ccccc1)C1CCN(CC[C@H](CN(C)S(=O)(=O)c2ccccc2)c2cccc(Cl)c2)CC1,3 4 5 6 7 8 9,O=C(NC1CCN(CC[C@H](CNS(=O)(=O)c2ccccc2)c2ccccc2)CC1)OCc1ccccc1,test,588.192,4.087700000000004,0.26011807019208,38,71
subcategory_bioisostere.add-S_530,CC(C)c1c(/C=C/C(O)CC(O)CC(=O)O)c(-c2ccc(F)c(F)c2)nn2cccc12,0,authentic,authentic,,,c1ccc(-c2ccc3cccn3n2)cc1,train,430.451,4.002700000000003,0.5021310766281019,31,58
subcategory_bioisostere.add-S_2,CCOc1ccc(CCNC(=O)Cn2nc(C)c3c(C)n(-c4ccccc4)nc3c2=O)cc1,0,authentic,authentic,,,O=C(Cn1ncc2cn(-c3ccccc3)nc2c1=O)NCCc1ccccc1,val,445.52300000000014,2.956640000000001,0.45031629432724984,33,54
subcategory_bioisostere.add-S_1331,C[C@H]1[C@@H](c2c[nH]c3ccc(Cl)cc23)Nc2ccc(Cl)cc2[C@H]1S(C)(=O)=O,1,bioisostere,add-S,Clc1ccc2c(c1)[C@H]1OCC[C@H]1[C@@H](c1c[nH]c3ccc(Cl)cc13)N2,0 1 2 3 4 5 6 7 8 9 10 11 12 13 14 15 16 17 18 19 20 22 23 24,c1ccc2c(c1)N[C@H](c1c[nH]c3ccccc13)[C@@H]1CCO[C@H]21,train,409.3380000000001,5.363300000000003,0.5988376127335255,26,64
subcategory_bioisostere.add-S_993,CCCC(=O)c1c(O)cc(O)c(C(=O)CCC)c1S(=O)(=O)O,1,bioisostere,add-S,CCCC(=O)c1c(O)cc(O)c(C(=O)CCC)c1O,17 18 19 20 21,c1ccccc1,train,330.35799999999995,2.3101,0.5164528147962969,22,42
subcategory_bioisostere.add-S_1490,CS(=O)(=O)c1ccc([C@@H]2Sc3ccccc3N(CCO)C[C@@H]2O)cc1,1,bioisostere,add-S,COc1ccc([C@@H]2Sc3ccccc3N(CCO)C[C@@H]2O)cc1,0 1 2 3 4,c1ccc([C@H]2CCNc3ccccc3S2)cc1,train,379.50300000000016,2.0967000000000002,0.8471102627159715,25,51
subcategory_bioisostere.add-S_623,CC(=O)O[C@@H](CCC1C(=O)N(c2ccc(C)cc2)[C@@H]1c1ccc(O)cc1)c1ccc(F)cc1,0,authentic,authentic,,,O=C1C(CCCc2ccccc2)[C@@H](c2ccccc2)N1c1ccccc1,train,447.50600000000014,5.6284200000000055,0.3766326920354029,33,67
subcategory_bioisostere.add-S_917,NC(CCCSc1ccccc1O)COS(=O)(=O)O,1,bioisostere,add-S,NC(CCCSc1ccccc1O)C(=O)O,1 13 14 15 16 17 18,c1ccccc1,train,307.39300000000003,1.4111999999999998,0.3781851096926442,19,29
subcategory_bioisostere.add-S_64,CC(C)C[C@@H]1[C@@H](C(=O)N[C@@H](Cc2cscn2)C(=O)N[C@@H](CC2CCCCC2)[C@@H](O)[C@@H](O)CC(C)C)[C@@H]1C(=O)N1CCOCC1,0,authentic,authentic,,,O=C(NCCC1CCCCC1)[C@H](Cc1cscn1)NC(=O)[C@@H]1C[C@H]1C(=O)N1CCOCC1,train,634.8840000000001,3.1606000000000014,0.2323640938017759,44,110
subcategory_bioisostere.add-S_311,CC1(C)CC(c2ccccc2)C(CN2CCC(c3noc4cc(F)ccc34)CC2)=NO1,0,authentic,authentic,,,c1ccc(C2CCON=C2CN2CCC(c3noc4ccccc34)CC2)cc1,train,421.51600000000013,5.485000000000006,0.5593347899201924,31,52
subcategory_bioisostere.add-S_401,CCCOC(=O)c1cc(O)cc(OC)c1C(=O)c1c(O)cc(C)cc1O,0,authentic,authentic,,,O=C(c1ccccc1)c1ccccc1,train,360.3620000000001,2.918220000000001,0.5359950188806509,26,44
subcategory_bioisostere.add-S_795,C#Cc1cccc(-c2nccc3nc(N)nn23)c1,0,authentic,authentic,,,c1ccc(-c2nccc3ncnn23)cc1,train,235.25,1.3547999999999996,0.6463632653548425,18,30
subcategory_bioisostere.add-S_1013,CN(C(=O)COS(C)(=O)=O)c1ccc(N(OC(F)F)C(=O)[C@@H](CNC(=O)c2ccc(Cl)s2)NC(=O)OCC(F)F)cc1,1,bioisostere,add-S,O=C(N[C@H](CNC(=O)c1ccc(Cl)s1)C(=O)N(OC(F)F)c1ccc(N2CCOCC2=O)cc1)OCC(F)F,4 5 6 7 8 9,O=C(CCNC(=O)c1cccs1)Nc1ccc(N2CCOCC2=O)cc1,train,663.0240000000002,2.6176000000000013,0.17606903084180128,42,84
subcategory_bioisostere.add-S_1030,COc1cc2c(c(OC)c1OC)-c1ccc(NCCO)c(=O)cc1[C@@H](NS(C)(=O)=O)CC2,1,bioisostere,add-S,COc1cc2c(c(OC)c1OC)-c1ccc(NCCO)c(=O)cc1[C@@H](NC(C)=O)CC2,0 1 2 3 4 5 6 7 8 9 10 11 12 13 14 15 16 17 18 19 20 21 22 23 25 26 27 28 29 30 31,O=c1cccc2c(c1)CCCc1ccccc1-2,train,464.54000000000025,1.6802999999999992,0.5392979040589178,32,61
subcategory_bioisostere.add-S_1312,CNc1nc(N)nnc1-c1cc(C)c(SC)c(Cl)c1Cl,1,bioisostere,add-S,CNc1nc(N)nnc1-c1cc(C)c(C)c(Cl)c1Cl,1 2,c1ccc(-c2cncnn2)cc1,train,330.244,3.499620000000001,0.8390097257581852,20,35
subcategory_bioisostere.add-S_244,OC(O)(O)C(O)(O)N1CCN(C2=Nc3ccccc3Sc3ccccc32)CC1,0,authentic,authentic,,,c1ccc2c(c1)N=C(N1CCNCC1)c1ccccc1S2,train,403.46000000000015,0.11620000000000119,0.44863003874072177,28,47
subcategory_bioisostere.add-S_319,Nc1nc(N)c2c(CNc3ccc(Cl)c(Cl)c3)coc2n1,0,authentic,authentic,,,c1ccc(NCc2coc3ncncc23)cc1,test,324.17100000000005,3.3061000000000007,0.6828360161495883,21,37
subcategory_bioisostere.add-S_1092,CSC(C)CC(=O)c1c(O)cc(O)cc1O,1,bioisostere,add-S,CC(C)CC(=O)c1c(O)cc(O)cc1O,1 2,c1ccccc1,train,242.29600000000002,2.1277000000000004,0.7048910820904598,16,27
subcategory_bioisostere.add-S_1034,CSC[S@](=O)Cc1ccccc1-c1ccc(F)cc1,1,bioisostere,add-S,NC(=O)CC[S@](=O)Cc1ccccc1-c1ccc(F)cc1,0 1 3 4 5 6 7 8 9 10 11 12 13 14 15 16 17 18,c1ccc(-c2ccccc2)cc1,train,294.41600000000005,4.061900000000003,0.8268872131847819,19,32
subcategory_bioisostere.add-S_15,CCCCc1nc(C(=O)OCc2ccc(-c3ccccc3-c3nn[nH]n3)cc2)c(C(C)O)n1CC,0,authentic,authentic,,,O=C(OCc1ccc(-c2ccccc2-c2nn[nH]n2)cc1)c1c[nH]cn1,val,474.56500000000017,4.503000000000003,0.3247722156852998,35,59
subcategory_bioisostere.add-S_786,COCC1CCCN1c1cc2nc(S(=O)Cc3nccc(OC)c3C)[nH]c2cc1F,0,authentic,authentic,,,O=S(Cc1ccccn1)c1nc2cc(N3CCCC3)ccc2[nH]1,train,432.5210000000002,3.3370200000000017,0.6168876874214768,30,48
subcategory_bioisostere.add-S_95,CN(C)c1ncnc2c1ncn2COCCO,0,authentic,authentic,,,c1ncc2nc[nH]c2n1,train,237.26299999999995,-0.14130000000000015,0.7292785189243258,17,23
subcategory_bioisostere.add-S_825,CCOc1ccc(-n2c(C)c3c(C)nnc(SC)c3c2C)cc1,1,bioisostere,add-S,CCOc1ccc(-n2c(C)c3c(C)nnc(CC(C)C)c3c2C)cc1,0 1 2 3 4 5 6 7 8 9 10 11 12 13 14 16 17 18 19 20 21 22,c1ccc(-n2cc3cnncc3c2)cc1,train,327.4530000000001,4.466360000000004,0.6630623993222445,23,38
subcategory_bioisostere.add-S_615,CCCCCC.Cc1ccc2c(N)nncc2c1,0,authentic,authentic,,,c1ccc2cnncc2c1,train,245.37,4.107020000000002,0.8279132010752019,18,25
subcategory_bioisostere.add-S_964,CSc1cc2c3ccccc3n(C)c2cn1,1,bioisostere,add-S,COC(=O)c1cc2c3ccccc3n(C)c2cn1,0 1 3 4 5 6 7 8 9 10 11 12 13 14,c1ccc2c(c1)[nH]c1cnccc12,train,228.32,3.448400000000002,0.5936374850981253,16,24
subcategory_bioisostere.add-S_1149,CC(Sc1nc2ccc(OCC(F)(F)F)cc2[nH]1)c1cc(SCCO)ccn1,1,bioisostere,add-S,COc1ccnc(C(C)Sc2nc3ccc(OCC(F)(F)F)cc3[nH]2)c1,20 21 22 23 24,c1ccc(CSc2nc3ccccc3[nH]2)nc1,train,429.4890000000001,4.836700000000003,0.49969089106474346,28,47
subcategory_bioisostere.add-S_396,COc1cc(N(C)C)c(Cl)cc1C(=O)NC1CCN(C2CCCCC2)C1,0,authentic,authentic,,,O=C(NC1CCN(C2CCCCC2)C1)c1ccccc1,test,379.9320000000003,3.5514000000000028,0.8492499820654246,26,44
subcategory_bioisostere.add-S_298,CCCC(C)C1(CC)C(=O)NC(=S)NC1=O,0,authentic,authentic,,,O=C1CC(=O)NC(=S)N1,val,242.34400000000002,1.3498999999999999,0.5777126778981032,16,29
subcategory_bioisostere.add-S_1203,CS(=O)(=O)CCNc1ccc(N2C[C@H](CNC(=O)c3ccc(Cl)s3)OC2=O)cc1,1,bioisostere,add-S,O=C(NC[C@H]1CN(c2ccc(NCCO)cc2)C(=O)O1)c1ccc(Cl)s1,0 1 2 3 5 6 7 8 9 10 11 12 13 14 15 16 17 18 19 20 21 22 23 24 25 26 27,O=C(NC[C@H]1CN(c2ccccc2)C(=O)O1)c1cccs1,train,457.9610000000002,2.6132,0.6309381267801031,29,56
subcategory_bioisostere.add-S_1087,COc1ccc2c(c1)c(SC)c(C)n2C(=O)c1ccc(Cl)cc1,1,bioisostere,add-S,CCCNC(=O)Cc1c(C)n(C(=O)c2ccc(Cl)cc2)c2ccc(OC)cc12,0 1 2 3 4 5 6 7 9 10 11 12 13 14 15 16 17 18 19 20 21 22,O=C(c1ccccc1)n1ccc2ccccc21,train,345.851,5.022120000000004,0.6242635580964905,23,41
subcategory_bioisostere.add-S_797,[2H]OCCOCCN1CCN(C2=Nc3ccccc3Sc3ccccc32)CC1,0,authentic,authentic,,,c1ccc2c(c1)N=C(N1CCNCC1)c1ccccc1S2,train,384.5231017780002,2.8560000000000016,0.7763771720090271,27,42
subcategory_bioisostere.add-S_1189,Cn1cc(C(=O)CCCCCCc2ccccc2)cc1/C=C/C(=O)NOS(=O)(=O)O,1,bioisostere,add-S,Cn1cc(C(=O)CCCCCCc2ccccc2)cc1/C=C/C(=O)NO,24 25 26 27 28 29,O=C(CCCCCCc1ccccc1)c1cc[nH]c1,train,434.5140000000001,3.264800000000001,0.1741976700218359,30,51
subcategory_bioisostere.add-S_648,COc1ccc(CCc2cc(OC)c(OC)c(OC)c2)cc1O,0,authentic,authentic,,,c1ccc(CCc2ccccc2)cc1,train,318.369,3.2118000000000024,0.8493046072286234,23,35
subcategory_bioisostere.add-S_1088,COc1cc(-c2nn(SC)c3ncnc(N)c23)ccc1NC(=O)c1ccc(C(F)(F)F)cc1F,1,bioisostere,add-S,COc1cc(-c2nn(C3CCN(Cc4ccccc4)CC3)c3ncnc(N)c23)ccc1NC(=O)c1ccc(C(F)(F)F)cc1F,7 8 9,O=C(Nc1ccc(-c2nn(C3CCN(Cc4ccccc4)CC3)c3ncncc23)cc1)c1ccccc1,val,492.45800000000014,4.620400000000002,0.39156068634315294,34,58
subcategory_bioisostere.add-S_205,CCCc1cc(=O)n(CCNC(=O)C(c2ccccc2)c2ccccc2)c(=O)n1Cc1ccc(-c2ccccc2-c2nn[nH]n2)cc1,0,authentic,authentic,,,O=C(NCCn1c(=O)ccn(Cc2ccc(-c3ccccc3-c3nn[nH]n3)cc2)c1=O)C(c1ccccc1)c1ccccc1,train,625.7330000000001,4.806200000000004,0.20109920817094631,47,79
subcategory_bioisostere.add-S_970,COc1cccc2cc(-c3nc4c(=O)n(SC)c(=O)n(C)c4[nH]3)oc12,1,bioisostere,add-S,COc1cccc2cc(-c3nc4c(=O)n(C)c(=O)n(C)c4[nH]3)oc12,1 2,O=c1[nH]c(=O)c2nc(-c3cc4ccccc4o3)[nH]c2[nH]1,train,358.3790000000001,1.9711999999999996,0.6015840787369365,25,49
subcategory_bioisostere.add-S_619,OC(C(O)(Cn1cncn1)c1ccc(F)cc1)C(F)(F)C(F)(F)F,0,authentic,authentic,,,c1ccc(CCn2cncn2)cc1,train,355.238,1.8634999999999995,0.8036348348774693,24,44
subcategory_bioisostere.add-S_1534,CSc1ccnc2c1NC(=O)c1cccnc1N2C1CC1,1,bioisostere,add-S,Cc1ccnc2c1NC(=O)c1cccnc1N2C1CC1,1 2,O=C1Nc2cccnc2N(C2CC2)c2ncccc21,train,298.3710000000001,3.064700000000001,0.8635120400391197,21,32
subcategory_bioisostere.add-S_472,O=C1NC(=O)C2(CCOc3ccc(Cl)cc32)O1,0,authentic,authentic,,,O=C1NC(=O)C2(CCOc3ccccc32)O1,train,253.641,1.5842,0.762496548625713,17,32
subcategory_bioisostere.add-S_664,CN(CCN1CCC(c2noc3cc(F)ccc23)CC1)C(=O)c1noc2ccccc12,0,authentic,authentic,,,O=C(NCCN1CCC(c2noc3ccccc23)CC1)c1noc2ccccc12,test,422.4600000000002,4.059700000000003,0.4828503037084328,31,50
subcategory_bioisostere.add-S_259,CN=CCCC1(c2ccc(F)cc2)OCc2cc(C#N)ccc21,0,authentic,authentic,,,c1ccc(C2OCc3ccccc32)cc1,train,308.356,3.9519800000000025,0.8027578735593177,23,37
subcategory_bioisostere.add-S_494,CCCCCC(=O)N[C@H]1CCc2cc(OC)c(OC)c(OC)c2-c2ccc(OC)c(=O)cc21,0,authentic,authentic,,,O=c1cccc2c(c1)CCCc1ccccc1-2,train,455.5510000000002,4.432000000000004,0.5633905269262898,33,58
subcategory_bioisostere.add-S_1422,CN(C)S(=O)(=O)NCCNCC(O)COc1ccccc1C(=O)S,1,bioisostere,add-S,COC(=O)c1ccccc1OCC(O)CNCCNS(=O)(=O)N(C)C,20 21 22 23,c1ccccc1,train,377.48800000000006,-0.518099999999998,0.3053800402312738,24,39
subcategory_bioisostere.add-S_1555,CCCc1nn(C)c2c(=O)[nH]c(-c3cc(S(=O)(=O)N4CCN([11CH3])CC4)ccc3S(C)(=O)=O)nc12,1,bioisostere,add-S,CCCc1nn(C)c2c(=O)[nH]c(-c3cc(S(=O)(=O)N4CCN([11CH3])CC4)ccc3OCC)nc12,0 1 2 3 4 5 6 7 8 9 10 11 12 13 14 15 16 17 18 19 20 21 22 23 24 25 26 28 29 30 31 32 33,O=c1[nH]c(-c2cccc(S(=O)(=O)N3CCNCC3)c2)nc2cn[nH]c12,train,507.6264336000003,0.6157000000000012,0.5122956896986685,34,75
subcategory_bioisostere.add-S_1069,COc1cc(C)c(OS(C)(=O)=O)c(C(=O)N2CCNCC2)c1,1,bioisostere,add-S,COc1cc(C)c(OC)c(C(=O)N2CCNCC2)c1,6 7 8 9 10 11,O=C(c1ccccc1)N1CCNCC1,train,328.3900000000001,0.38742000000000015,0.8048956596924837,22,41
subcategory_bioisostere.add-S_1557,CSN1[C@H](C(=O)OCc2ccccc2)C[C@@H]2CCC[C@@H]21,1,bioisostere,add-S,C[C@H](N)C(=O)N1[C@H](C(=O)OCc2ccccc2)C[C@@H]2CCC[C@@H]21,0 1 2,O=C(OCc1ccccc1)[C@@H]1C[C@@H]2CCC[C@@H]2N1,train,291.41600000000005,3.2508000000000017,0.6289411538308487,20,45
subcategory_bioisostere.add-S_983,CCCc1nn(C)c2c(=O)[nH]c(-c3cc(C(=O)CN4CCN(CSC)CC4)ccc3OCC)nc12,1,bioisostere,add-S,CCCc1nn(C)c2c(=O)[nH]c(-c3cc(C(=O)CN4CCN(CC)CC4)ccc3OCC)nc12,0 1 2 3 4 5 6 7 8 9 10 11 12 13 14 15 16 17 18 19 20 22 23 24 25 26 27 28 29 30 31 32 33 34,O=C(CN1CCNCC1)c1cccc(-c2nc3cn[nH]c3c(=O)[nH]2)c1,train,498.65300000000036,2.795600000000001,0.42649947587808396,35,61
subcategory_bioisostere.add-S_555,CCCCCCc1cc(OC)c(CC(C)N)cc1OC,0,authentic,authentic,,,c1ccccc1,train,279.424,3.716300000000002,0.7007064988114423,20,28
subcategory_bioisostere.add-S_378,C#CCNCC1(CC(=O)O)CCCCC1,0,authentic,authentic,,,C1CCCCC1,train,209.28899999999993,1.6343999999999996,0.5342686979334679,15,23
subcategory_bioisostere.add-S_127,CCOc1ccc(S(=O)(=O)N2CCN(C)CC2)cc1C(=O)Nc1c(-c2ccccc2)nn(C)c1C(N)=O,0,authentic,authentic,,,O=C(Nc1c[nH]nc1-c1ccccc1)c1cccc(S(=O)(=O)N2CCNCC2)c1,train,526.6190000000003,1.7731,0.45590381868048047,37,66
subcategory_bioisostere.add-S_334,CCc1ccc(CCNC(=O)c2cc(Cl)ccc2OC)cc1S(=O)(=O)NC(=O)NC,0,authentic,authentic,,,O=C(NCCc1ccccc1)c1ccccc1,train,453.9480000000002,2.5012000000000008,0.5678960630674431,30,51
subcategory_bioisostere.add-S_1209,CSc1cccc(C(=O)OCC(O)CNC(C)(C)C)c1,1,bioisostere,add-S,Cc1cccc(C(=O)OCC(O)CNC(C)(C)C)c1,1 2,c1ccccc1,train,297.42,2.3143000000000002,0.6231695141700029,20,33
subcategory_bioisostere.add-S_870,CSc1cnc2c(c1)CCCC2Sc1ccccc1,1,bioisostere,add-S,Cc1cnc2c(c1)CCCC2Sc1ccccc1,1 2,c1ccc(SC2CCCc3cccnc32)cc1,val,287.453,4.973200000000004,0.739481585338969,19,27
subcategory_bioisostere.add-S_847,COc1cc2c(c(OS(=O)(=O)O)c1OC)-c1ccc(N(C)C)c(=O)cc1C(NC(C)=O)CC2,1,bioisostere,add-S,COc1cc2c(c(OC)c1OC)-c1ccc(N(C)C)c(=O)cc1C(NC(C)=O)CC2,6 7 8 9 10 11,O=c1cccc2c(c1)CCCc1ccccc1-2,train,478.52300000000025,2.1019999999999994,0.599216244440073,33,62
subcategory_bioisostere.add-S_1068,O=C(c1ccc(Cl)cc1)c1cn2c(cc(OS(=O)(=O)O)c3ccccc32)n1,1,bioisostere,add-S,COc1cc2nc(C(=O)c3ccc(Cl)cc3)cn2c2ccccc12,14 15 16 17 18 19,O=C(c1ccccc1)c1cn2c(ccc3ccccc32)n1,train,402.8150000000001,3.5535000000000014,0.41376844907028093,27,51
subcategory_bioisostere.add-S_684,O=C1c2[nH]cnc2N(Cc2ccc(F)cc2)C2=NCCN12,0,authentic,authentic,,,O=C1c2[nH]cnc2N(Cc2ccccc2)C2=NCCN12,val,285.28200000000004,1.3808,0.9063143820909847,21,38
subcategory_bioisostere.add-S_582,CCCCCCCCCC1(c2ccccc2)NC(=O)N(S(C)(=O)=O)C1=O,0,authentic,authentic,,,O=C1NC(=O)C(c2ccccc2)N1,train,380.51000000000016,3.5340000000000016,0.4970334843853034,26,44
subcategory_bioisostere.add-S_552,Cc1cnc(NC(=O)C2=C(O)c3ccccc3S(=O)(=O)N2C)s1.O,0,authentic,authentic,,,O=C(Nc1nccs1)C1=Cc2ccccc2S(=O)(=O)N1,train,369.42400000000015,1.1262199999999998,0.8188965196971668,24,45
subcategory_bioisostere.add-S_229,CCCc1nn(C)c2c(=O)[nH]c(-c3cc(C(=O)CN4CCN(CC)C(=O)C4)ccc3OCC)nc12,0,authentic,authentic,,,O=C1CN(CC(=O)c2cccc(-c3nc4cn[nH]c4c(=O)[nH]3)c2)CCN1,val,480.56900000000036,2.0215999999999994,0.46627288357797725,35,64
subcategory_bioisostere.add-S_1122,CSCn1cc(CNc2ccnc3cc(Cl)ccc23)nn1,1,bioisostere,add-S,Clc1ccc2c(NCc3cn(CCN4CCCCC4)nn3)ccnc2c1,1 2,c1ccc2c(NCc3cn(CCN4CCCCC4)nn3)ccnc2c1,train,319.821,3.412300000000001,0.7806827591961736,21,32
subcategory_bioisostere.add-S_912,COc1cc2c(c(OC)c1OC)-c1ccc(NCCN3CCC[C@H]3CO)c(=O)cc1[C@@H](NS(C)(=O)=O)CC2,1,bioisostere,add-S,COc1cc2c(c(OC)c1OC)-c1ccc(NCCN3CCC[C@H]3CO)c(=O)cc1[C@@H](NC(C)=O)CC2,0 1 2 3 4 5 6 7 8 9 10 11 12 13 14 15 16 17 18 19 20 21 22 23 24 25 26 27 28 29 31 32 33 34 35 36 37,O=c1cc2c(ccc1NCCN1CCCC1)-c1ccccc1CCC2,train,547.6740000000002,2.1446999999999994,0.4101122788164174,38,73
subcategory_bioisostere.add-S_743,CCCCCCCCCCCCCC(=O)O[C@H]1CC(=O)O[C@@H]1CO,0,authentic,authentic,,,O=C1CCCO1,train,342.47600000000006,3.907100000000003,0.38264664838861223,24,41
subcategory_bioisostere.add-S_539,Clc1ccccc1CN1CCN(CCCc2ccccc2)CC1.O=C(O)C(=O)O,0,authentic,authentic,,,c1ccc(CCCN2CCN(Cc3ccccc3)CC2)cc1,train,418.9210000000001,3.2460000000000004,0.7007218287801039,29,45
subcategory_bioisostere.add-S_1315,CSc1ccccc1-c1ccnnc1N,1,bioisostere,add-S,Nc1nnccc1-c1ccccc1C(F)(F)F,0 1 2,c1ccc(-c2ccnnc2)cc1,train,217.29699999999997,2.4476999999999998,0.784938766176148,15,20
subcategory_bioisostere.add-S_732,CC(=O)C(=O)O.NN.NNc1nncc2ccccc12,0,authentic,authentic,,,c1ccc2cnncc2c1,train,280.28800000000007,-0.6057999999999997,0.2732837829535455,20,32
subcategory_bioisostere.add-S_1382,CC(=O)N1CCc2c(c(-c3ccc(C(F)(F)F)cc3)nn2C[C@@H](O)CN2CCC(n3c(OS(=O)(=O)O)nc4ccc(Cl)cc43)CC2)C1,1,bioisostere,add-S,CC(=O)N1CCc2c(c(-c3ccc(C(F)(F)F)cc3)nn2C[C@@H](O)CN2CCC(n3c(O)nc4ccc(Cl)cc43)CC2)C1,30 31 32 33 34 35,c1ccc(-c2nn(CCCN3CCC(n4cnc5ccccc54)CC3)c3c2CNCC3)cc1,train,697.136,4.356200000000003,0.2571370772975551,47,93
subcategory_bioisostere.add-S_1497,CSC(C)c1cc2c(=O)n3cc(C(=O)O)ccc3nc2s1,1,bioisostere,add-S,CC(C)c1cc2c(=O)n3cc(C(=O)O)ccc3nc2s1,1 2,O=c1c2ccsc2nc2ccccn12,train,320.39500000000004,3.0314000000000005,0.8028964494935759,21,37
subcategory_bioisostere.add-S_1408,CS(=O)(=O)c1ccc(OC[C@@H]2CNCC[C@H]2c2ccc(F)cc2)cc1O,1,bioisostere,add-S,[2H]C1(C)Oc2ccc(OC[C@@H]3CNCC[C@H]3c3ccc(F)cc3)cc2O1,0 1 2 3 5 6 7 8 9 10 11 12 13 14 15 16 17 18 19 20 21 22 23 24,c1ccc([C@@H]2CCNC[C@H]2COc2ccc3c(c2)OCO3)cc1,train,379.45300000000003,2.7069000000000014,0.8354788899836735,26,51
subcategory_bioisostere.add-S_1182,CS(=O)(=O)[C@@H](CC[C@H]1C(=O)N(c2ccc(F)cc2)[C@@H]1c1ccc(-c2cc(O)cc(O)c2)cc1)c1ccc(F)cc1,1,bioisostere,add-S,O=C1[C@H](CC[C@H](O)c2ccc(F)cc2)[C@@H](c2ccc(-c3cc(O)cc(O)c3)cc2)N1c1ccc(F)cc1,0 1 2 3 4,O=C1[C@H](CCCc2ccccc2)[C@@H](c2ccc(-c3ccccc3)cc2)N1c1ccccc1,val,563.6220000000003,6.313200000000007,0.24503276745907876,40,88
subcategory_bioisostere.add-S_1094,CSC(C#N)(Cn1cncn1)c1ccccc1,1,bioisostere,add-S,CCC(C#N)(Cn1cncn1)c1ccccc1,0 1 3 4 5 6 7 8 9 10 11 12 13 14 15,c1ccc(CCn2cncn2)cc1,train,244.32300000000004,2.06018,0.8257368636858414,17,26
subcategory_bioisostere.add-S_929,CC(C)CN(CC(C)C)C[C@H](c1cccc(S(C)(=O)=O)c1)C1(O)CCCCC1,1,bioisostere,add-S,CC(C)CN(CC(C)C)C[C@H](c1cccc(OC(F)(F)F)c1)C1(O)CCCCC1,0 1 2 3 4 5 6 7 8 9 10 11 12 13 14 16 17 18 19 20 21 22 23 24 25 26 27,c1ccc(CC2CCCCC2)cc1,train,409.6360000000003,4.482900000000004,0.6530772072125562,28,54
subcategory_bioisostere.add-S_0,CC1CCCC(=O)CCCC=Cc2cc(O)cc(O)c2C(=O)O1,0,authentic,authentic,,,O=C1CCCC=Cc2ccccc2C(=O)OCCCC1,val,318.3690000000001,3.5796000000000032,0.7143089022634025,23,38
subcategory_bioisostere.add-S_1508,CSC(C)n1c(/C=C/C(O)CC(O)CC(=O)OC(C)(C)C)c(-c2ccc(F)cc2)c2ncccc21,1,bioisostere,add-S,CC(C)n1c(/C=C/C(O)CC(O)CC(=O)OC(C)(C)C)c(-c2ccc(F)cc2)c2ncccc21,1 2,c1ccc(-c2c[nH]c3cccnc23)cc1,train,500.63600000000025,5.580800000000005,0.3732456002357277,35,64
subcategory_bioisostere.add-S_1450,CSC/C(=C(/c1ccccc1)c1ccc(OCCN(C)C)cc1)c1ccc(O)cc1,1,bioisostere,add-S,CC/C(=C(/c1ccccc1)c1ccc(OCCN(C)C)cc1)c1ccc(O)cc1,0 1 2,C(=C(c1ccccc1)c1ccccc1)c1ccccc1,train,419.59000000000015,5.654700000000005,0.45409206446998146,30,49
subcategory_bioisostere.add-S_816,CS(=O)(=O)OC(CN1CCC(N2C(=O)NCc3cc(Cl)ccc32)CC1)Cn1nc(-c2ccc(Br)cc2)c2c1CCN(S(C)(=O)=O)C2,1,bioisostere,add-S,CS(=O)(=O)N1CCc2c(c(-c3ccc(Br)cc3)nn2CC(O)CN2CCC(N3C(=O)NCc4cc(Cl)ccc43)CC2)C1,0 1 2 3 4 5,O=C1NCc2ccccc2N1C1CCN(CCCn2nc(-c3ccccc3)c3c2CCNC3)CC1,val,756.145,3.822700000000003,0.32631768352776536,46,88
subcategory_bioisostere.add-S_714,CN(C)CCCC1(c2ccc(F)cc2)OCc2cc(C#N)ccc21.I,0,authentic,authentic,,,c1ccc(C2OCc3ccccc32)cc1,train,452.31100000000004,4.430980000000005,0.6303381626530878,25,41
subcategory_bioisostere.add-S_1237,CSC(C(=O)O)c1ccc(-c2ccccc2)c(F)c1,1,bioisostere,add-S,CC(C(=O)O)c1ccc(-c2ccccc2)c(F)c1,0 1 3 4 5 6 7 8 9 10 11 12 13 14 15 16 17,c1ccc(-c2ccccc2)cc1,train,276.33200000000005,3.9814000000000025,0.9173446927027429,19,33
subcategory_bioisostere.add-S_1393,CSc1sc(-c2ccc(OCC(C)C)c(C=N)c2)nc1C,1,bioisostere,add-S,CCOC(=O)c1sc(-c2ccc(OCC(C)C)c(C=N)c2)nc1C,0 1 2,c1ccc(-c2nccs2)cc1,train,320.483,4.8728900000000035,0.6096822469209398,21,35
subcategory_bioisostere.add-S_390,O=C(NC1CCCNC1c1ccccc1)c1cc(OCC2CC2)ccc1OC(F)F,0,authentic,authentic,,,O=C(NC1CCCNC1c1ccccc1)c1cccc(OCC2CC2)c1,train,416.46800000000025,4.299900000000004,0.6737462599349426,30,45
subcategory_bioisostere.add-S_178,CC(C)Cn1c(/C=C/[C@H](O)C[C@H](O)CC(=O)O)c(-c2ccc(F)cc2)c2ccccc21,0,authentic,authentic,,,c1ccc(-c2c[nH]c3ccccc23)cc1,train,425.50000000000006,4.703200000000003,0.46396214868641333,31,64
subcategory_bioisostere.add-S_880,CSc1nc(C)cc(OCc2ccc(-c3ccccc3-c3nn[nH]n3)cc2)c1CO,1,bioisostere,add-S,Cc1cc(OCc2ccc(-c3ccccc3-c3nn[nH]n3)cc2)c(CO)c(C)n1,0 1 3 4 5 6 7 8 9 10 11 12 13 14 15 16 17 18 19 20 21 22 23 24 25 26 27 28 29,c1ccc(-c2nn[nH]n2)c(-c2ccc(COc3ccncc3)cc2)c1,train,419.5100000000001,4.030320000000003,0.4365755743724225,30,49
subcategory_bioisostere.add-S_342,Cc1cc(=O)oc2c3c(ccc12)OC(C)(C)[C@H](OC(=O)C12CCC(C)(C(=O)O1)C2(C)C)[C@@H]3OC(=O)C12CC3CC(CC(C3)C1)C2,0,authentic,authentic,,,O=C1OC2(C(=O)O[C@H]3COc4ccc5ccc(=O)oc5c4[C@H]3OC(=O)C34CC5CC(CC(C5)C3)C4)CCC1C2,test,618.7230000000002,6.106820000000006,0.22728213423699026,45,100
subcategory_bioisostere.add-S_1470,Cc1c(S(C)(=O)=O)ccnc1CSc1nc2cc(N3CCCC3)c(F)cc2[nH]1,1,bioisostere,add-S,COc1ccnc(CSc2nc3cc(N4CCCC4)c(F)cc3[nH]2)c1C,0 1 3 4 5 6 7 8 9 10 11 12 13 14 15 16 17 18 19 20 21 22 23 24 25 26 27,c1ccc(CSc2nc3cc(N4CCCC4)ccc3[nH]2)nc1,train,420.5350000000002,3.7014200000000024,0.6342810433126833,28,51
subcategory_bioisostere.add-S_1502,CNC[C@H]1CCCC[C@]1(O)c1cccc(S(C)(=O)=O)c1,1,bioisostere,add-S,CNC[C@H]1CCCC[C@]1(O)c1cccc(OC)c1.Cl,0 1 2 3 4 5 6 7 8 9 10 11 12 13 15 16 17 18,c1ccc(C2CCCCC2)cc1,train,297.4200000000001,1.6873000000000002,0.887306261697013,20,41
subcategory_bioisostere.add-S_565,CCOC(=O)[C@H](CCc1ccccc1)NC(C)C(=O)N1CCCCCC[C@H]1C(=O)O,0,authentic,authentic,,,O=C(CNCCCc1ccccc1)N1CCCCCCC1,train,418.5340000000004,2.7749000000000006,0.5989028756505705,30,55
subcategory_bioisostere.add-S_1469,CSc1cc(/C=C/c2cccnc2)cc(C(C)(C)C)c1O,1,bioisostere,add-S,Cc1cc(/C=C/c2cccnc2)cc(C(C)(C)C)c1O,1 2,C(=C\c1cccnc1)/c1ccccc1,train,299.439,4.977000000000004,0.811629888231599,21,36
subcategory_bioisostere.add-S_1565,CSCCN1c2ccccc2CC1C1=NCCN1,1,bioisostere,add-S,CCCCN1c2ccccc2CC1C1=NCCN1,1 2,c1ccc2c(c1)CC(C1=NCCN1)N2,train,261.39399999999995,1.7824,0.89515601799235,18,25
subcategory_bioisostere.add-S_1278,COc1ccc(S(=O)(=O)N(CC2CCCC2)C[C@@H](O)CN(C(=O)C(Cc2ccccc2)OS(=O)(=O)O)[C@H](C)Cc2ccccc2)cc1,1,bioisostere,add-S,COc1ccc(S(=O)(=O)N(CC2CCCC2)C[C@@H](O)CN2C(=O)C(Cc3ccccc3)OC[C@@H]2Cc2ccccc2)cc1,23 31 32 33 34 35,O=C1C(Cc2ccccc2)OC[C@H](Cc2ccccc2)N1CCCN(CC1CCCC1)S(=O)(=O)c1ccccc1,test,688.8650000000001,4.127500000000002,0.19969734180475177,47,91
subcategory_bioisostere.add-S_769,OCc1cc(C(O)CNCCCCCCOCC(F)(F)c2ccccc2)ccc1O,0,authentic,authentic,,,c1ccc(CCNCCCCCCOCCc2ccccc2)cc1,train,423.5,3.876500000000003,0.3468984645367003,30,42
subcategory_bioisostere.add-S_239,CC1(C)CC(C(=O)NCCCNCc2ccc(C(F)(F)F)cc2)C(C)(C)N1,0,authentic,authentic,,,O=C(NCCCNCc1ccccc1)C1CCNC1,train,385.47400000000005,3.4680000000000017,0.6302556633003614,27,48
subcategory_bioisostere.add-S_1499,CO[C@]12[CH][C@]34CCN(CC5CC5)[C@H](Cc5ccc(O)c(OS(C)(=O)=O)c53)[C@@]4(CC1)C[C@@H]2[C@H](O)CC1CCCCC1,1,bioisostere,add-S,CO[C@]12CC[C@@]3(C[C@@H]1[C@H](O)CC1CCCCC1)[C@H]1Cc4ccc(O)c5c4[C@@]3(CCN1CC1CC1)[C@H]2O5,19 20 21 22 23 24,c1cc2c3c(c1)O[C@H]1C4CC[C@@]5(C[C@@H]4CCC4CCCCC4)[C@@H](C2)N(CC2CC2)CC[C@]315,train,572.788,4.729690000000005,0.4350100794664059,40,98
subcategory_bioisostere.add-S_55,CN(C)CCCc1cc2c(c(-c3ccc(F)cc3)c1C#N)COC2,0,authentic,authentic,,,c1ccc(-c2cccc3c2COC3)cc1,val,324.3990000000001,3.8887800000000032,0.8370165348342032,24,40
subcategory_bioisostere.add-S_221,CCCCCSCC1(c2ccccc2)NC(=O)NC1=O,0,authentic,authentic,,,O=C1NC(=O)C(c2ccccc2)N1,train,292.40400000000005,2.6446999999999994,0.5998048470840742,20,30
subcategory_bioisostere.add-S_994,CSCc1nn(Cc2nc3ccccc3s2)c(=O)c2cc(Cl)ccc12,1,bioisostere,add-S,O=C(O)Cc1nn(Cc2nc3ccccc3s2)c(=O)c2cc(Cl)ccc12,1 2,O=c1c2ccccc2cnn1Cc1nc2ccccc2s1,train,387.9170000000002,4.570900000000003,0.51423588732113,25,41
subcategory_bioisostere.add-S_944,CS(=O)(=O)c1cc(O)c2c(c1)OC(c1ccc(O)cc1)CC2=O,1,bioisostere,add-S,O=C1CC(c2ccc(O)cc2)Oc2cc(O)cc(O)c21,0 1 2 3 5 6 7 8 9 10 11 12 13 14 15 16 17 18 19 20 21 22,O=C1CC(c2ccccc2)Oc2ccccc21,train,334.3490000000001,2.2077999999999998,0.8730463278873692,23,44
subcategory_bioisostere.add-S_1467,CSCCc1nc(Cl)c(CC(=O)O)n1Cc1ccccc1,1,bioisostere,add-S,CCCCc1nc(Cl)c(CC(=O)O)n1Cc1ccccc1,1 2,c1ccc(Cn2ccnc2)cc1,train,324.833,3.117400000000001,0.8498883645678464,21,33
subcategory_bioisostere.add-S_930,CCC(Cn1cncn1)(SCCO)c1cc(F)ccc1F,1,bioisostere,add-S,CCC(O)(Cn1cncn1)c1cc(F)ccc1F,0 1 3 4 5 6 7 8 9 10 11 12 13 14 15 16 17 18 19 20,c1ccc(CCn2cncn2)cc1,train,313.373,2.587300000000001,0.8534566058198503,21,31
subcategory_bioisostere.add-S_1388,COc1ccc2[nH]cc(CCCCNCSC)c2c1,1,bioisostere,add-S,COc1ccc2[nH]cc(CC3CCNCC3)c2c1,14 15 16,c1ccc2c(CC3CCNCC3)c[nH]c2c1,val,278.42099999999994,3.4093000000000018,0.573763913851282,19,28
subcategory_bioisostere.add-S_978,COc1c(C)cnc(CS(=O)c2nc3cc(OC(F)F)c(S(C)(=O)=O)cc3[nH]2)c1OC,1,bioisostere,add-S,COc1c(C)cnc(CS(=O)c2nc3cc4c(cc3[nH]2)OC(F)(F)O4)c1OC,0 1 2 3 4 5 6 7 8 9 10 11 12 13 14 15 16 17 18 19 21 22 23 24 25 26 27 28 29 30,O=S(Cc1ccccn1)c1nc2cc3c(cc2[nH]1)OCO3,train,475.4950000000001,2.5962200000000006,0.5278813779952238,31,59
subcategory_bioisostere.add-S_1558,Nc1nc(OS(=O)(=O)O)c2ncn(CCCCCCP(=O)(O)CP(=O)(O)O)c2n1,1,bioisostere,add-S,Nc1nc(O)c2ncn(CCCCCCP(=O)(O)CP(=O)(O)O)c2n1,3 4 5 6 7 8,c1ncc2nc[nH]c2n1,train,473.3410000000002,0.5560999999999994,0.17077843226755168,29,53
subcategory_bioisostere.add-S_1447,CS[C@@H]1C[C@H](F)CN1C(=O)[C@@H](N)Cc1ccc(C)cc1,1,bioisostere,add-S,Cc1ccc(C[C@H](N)C(=O)N2C[C@@H](F)C[C@H]2C#N)cc1,0 1 3 4 5 6 7 8 9 10 11 12 13 14 15 16 17 18 19,O=C(CCc1ccccc1)N1CCCC1,val,296.411,2.12432,0.9255848006697933,20,47
subcategory_bioisostere.add-S_710,C=CCNCC(O)COc1ccc2oc3ccccc3c(=O)c2c1,0,authentic,authentic,,,O=c1c2ccccc2oc2ccccc12,train,325.3640000000001,2.4615,0.39657087209933295,24,36
subcategory_bioisostere.add-S_1551,C=CCc1cc(-c2ccccc2)ccc1OCCCNC(C)SC,1,bioisostere,add-S,C=CCc1cc(-c2ccccc2)ccc1OCCCNC(C)C,20 22 23,c1ccc(-c2ccccc2)cc1,train,341.52,5.149600000000004,0.36675309955298235,24,34
subcategory_bioisostere.add-S_1228,CSc1c(-c2ccccc2)cnn1C1CCN(Cc2ccccc2)CC1,1,bioisostere,add-S,Cc1c(-c2ccccc2)cnn1C1CCN(Cc2ccccc2)CC1,1 2,c1ccc(CN2CCC(n3cc(-c4ccccc4)cn3)CC2)cc1,train,363.53000000000014,5.109100000000004,0.5879102466101086,26,39
subcategory_bioisostere.add-S_1383,CC(=O)O[C@]1(C(=O)COS(=O)(=O)O)CC[C@H]2[C@@H]3CCC4=CC(=O)CC[C@]4(C)[C@H]3CC[C@@]21C,1,bioisostere,add-S,CC(=O)O[C@]1(C(=O)CO)CC[C@H]2[C@@H]3CCC4=CC(=O)CC[C@]4(C)[C@H]3CC[C@@]21C,7 8 9 10 11 12,O=C1C=C2CC[C@H]3[C@@H]4CCCC4CC[C@@H]3C2CC1,train,468.56800000000044,3.208700000000001,0.4817621724147132,32,83
subcategory_bioisostere.add-S_214,CC(c1ccccc1)C1(C)NC(=O)NC1=O,0,authentic,authentic,,,O=C1NC(=O)C(Cc2ccccc2)N1,train,218.25599999999997,1.3881999999999997,0.7368177764783,16,28
subcategory_bioisostere.add-S_987,CS(=O)(=O)OC(=O)[C@H](CCCCN)NC(=O)c1ccccc1,1,bioisostere,add-S,NCCCC[C@H](NC(=O)c1ccccc1)C(=O)O,0 1 2 3 4 5,c1ccccc1,train,328.39,0.4168000000000006,0.5275525450282368,22,42
subcategory_bioisostere.add-S_105,O=C(O)Cc1nn(Cc2nc3ccc(O)cc3s2)c(=O)c2ccccc12,0,authentic,authentic,,,O=c1c2ccccc2cnn1Cc1nc2ccccc2s1,train,367.38600000000014,2.3872,0.5737130392273933,26,44
subcategory_bioisostere.add-S_651,COc1cc(N)c(Cl)cc1C(=O)NCC1CN(C(c2ccccc2)c2ccccc2)CCO1,0,authentic,authentic,,,O=C(NCC1CN(C(c2ccccc2)c2ccccc2)CCO1)c1ccccc1,train,465.9810000000002,4.151000000000003,0.5124346258607243,33,53
subcategory_bioisostere.add-S_1427,COc1c(-c2ccccc2)nc2ccccc2c1C(=O)NC(CSC)c1ccccc1,1,bioisostere,add-S,CCC(NC(=O)c1c(OC)c(-c2ccccc2)nc2ccccc12)c1ccccc1,0 1 2 3 4 5 6 7 8 9 10 11 12 13 14 15 16 17 18 19 20 21 23 24 25 26 27 28 29,O=C(NCc1ccccc1)c1cc(-c2ccccc2)nc2ccccc12,train,428.55700000000013,5.744500000000005,0.40750475567661865,31,47
subcategory_bioisostere.add-S_809,CSCN(C(=O)c1cc(C(N)=O)n(Cc2ccccc2)n1)[C@H]1COc2ccccc2N(C)C1=O,1,bioisostere,add-S,CN1C(=O)[C@@H](N2CCc3c(nn(Cc4ccccc4)c3C(N)=O)C2=O)COc2ccccc21,0 1 2,O=C1Nc2ccccc2OC[C@@H]1N1CCc2cn(Cc3ccccc3)nc2C1=O,val,479.5620000000002,2.2169999999999996,0.5204635467524927,34,61
subcategory_bioisostere.add-S_1065,CC(=O)N(CCOS(=O)(=O)O)c1ccc(NC(=O)[C@@H](CNC(=O)c2ccc(Cl)s2)N(C)CC2CC2)c(F)c1,1,bioisostere,add-S,CN(CC1CC1)[C@H](CNC(=O)c1ccc(Cl)s1)C(=O)Nc1ccc(N2CCOCC2=O)cc1F,5 6 7 8 9 10,O=C(NC[C@@H](NCC1CC1)C(=O)Nc1ccc(N2CCOCC2=O)cc1)c1cccs1,train,591.0830000000002,2.791800000000001,0.30200201859744585,38,77
subcategory_bioisostere.add-S_952,COc1cccc2sc(Cn3nc(SC)c4ccccc4c3=O)nc12,1,bioisostere,add-S,COc1cccc2sc(Cn3nc(CC(=O)O)c4ccccc4c3=O)nc12,0 1 2 3 4 5 6 7 8 9 10 11 13 14 15 16 17 18 19 20 21 22 23 24,O=c1c2ccccc2cnn1Cc1nc2ccccc2s1,train,369.47100000000006,3.785000000000003,0.5124494722903975,25,38
subcategory_bioisostere.add-S_1482,CSc1nc(-c2ccc(F)cc2)oc1-c1ccoc1,1,bioisostere,add-S,O=C(O)Cc1nc(-c2ccc(F)cc2)oc1-c1ccoc1,0 1 3 4 5 6 7 8 9 10 11 12 13 14 15 16 17 18,c1ccc(-c2ncc(-c3ccoc3)o2)cc1,test,275.304,4.462600000000002,0.6613367255767539,19,31
subcategory_bioisostere.add-S_1232,CSCC(=O)c1ccccc1OCC(O)CN1CCC(Oc2ccc(F)cc2)CC1,1,bioisostere,add-S,CCC(=O)c1ccccc1OCC(O)CN1CCC(Oc2ccc(F)cc2)CC1,1 2,c1ccc(OCCCN2CCC(Oc3ccccc3)CC2)cc1,val,433.54500000000024,3.6545000000000023,0.5774294330959511,30,45
subcategory_bioisostere.add-S_407,CCSc1nnc(-c2cc(C(C)(C)C)c(O)c(C(C)(C)C)c2)o1,0,authentic,authentic,,,c1ccc(-c2nnco2)cc1,train,334.4850000000001,5.149200000000005,0.7866612480268695,23,44
subcategory_bioisostere.add-S_303,Clc1ccc(OCCc2ccccc2)c(CCN2CCOCC2)c1.O=C(O)C(=O)O,0,authentic,authentic,,,c1ccc(CCOc2ccccc2CCN2CCOCC2)cc1,test,435.9040000000003,2.9918000000000005,0.6450974814104828,30,48
subcategory_bioisostere.add-S_365,CC(=O)N1C(=O)NC(=O)C1(c1ccc(Cl)cc1)c1ccc(Cl)cc1,0,authentic,authentic,,,O=C1NC(=O)C(c2ccccc2)(c2ccccc2)N1,train,363.20000000000005,3.335300000000001,0.8327027522974982,24,47
subcategory_bioisostere.add-S_367,[2H]C([2H])(SCC1Nc2cc(Cl)c(S([15NH2])(=O)=O)cc2S(=O)(=O)[15NH]1)C(F)(F)F,0,authentic,authentic,,,O=S1(=O)[15NH]CNc2ccccc21,val,429.861421356,1.3128,0.6209433856489042,24,72
subcategory_bioisostere.add-S_1199,C[C@H](N)C(=O)[N+]1(C(CCc2ccccc2)C(=O)S(C)(=O)=O)[C@H](C(=O)O)C[C@@H]2CCC[C@@H]21,1,bioisostere,add-S,CCOC(=O)C(CCc1ccccc1)[N+]1(C(=O)[C@H](C)N)[C@H](C(=O)O)C[C@@H]2CCC[C@@H]21,15 17 18 19 20,c1ccc(CCC[NH+]2CC[C@@H]3CCC[C@@H]32)cc1,train,451.56500000000034,1.2752,0.5968828179741521,31,81
subcategory_bioisostere.add-S_215,Clc1ccc2c(c1)N=C(N1CCNCC1)c1cccc(Cl)c1N2,0,authentic,authentic,,,c1ccc2c(c1)N=C(N1CCNCC1)c1ccccc1N2,train,347.24899999999997,4.033900000000003,0.7558010480909457,23,40
subcategory_bioisostere.add-S_142,N#Cc1ccc(CCCOCCCCCCNCC(O)c2ccc(O)c(CO)c2)cc1,0,authentic,authentic,,,c1ccc(CCCOCCCCCCNCCc2ccccc2)cc1,train,426.5570000000001,3.588980000000002,0.324448032534886,31,44
subcategory_bioisostere.add-S_599,Cc1cn(C2CC(O)C(CNC(=O)CCBr)O2)c(=O)[nH]c1=O,0,authentic,authentic,,,O=c1ccn(C2CCCO2)c(=O)[nH]1,val,376.20700000000005,-0.6053799999999996,0.5940138359866125,22,43
subcategory_bioisostere.add-S_1324,CSCCc1nc2c(OC(C)=O)n[nH]c(=O)c2n1Cc1ccc(-c2ccccc2-c2nn[nH]n2)cc1,1,bioisostere,add-S,CCCCc1nc2c(OC(C)=O)n[nH]c(=O)c2n1Cc1ccc(-c2ccccc2-c2nn[nH]n2)cc1,1 2,O=c1[nH]ncc2ncn(Cc3ccc(-c4ccccc4-c4nn[nH]n4)cc3)c12,train,502.5600000000002,2.8458000000000006,0.3059880197199572,36,64
subcategory_bioisostere.add-S_186,COc1cc(OC)cc(O[C@H](C(=O)O)[C@@]2(c3ccccc3)NCC(=O)N(Cc3c(Cl)cccc3Cl)c3ccccc32)c1,0,authentic,authentic,,,O=C1CN[C@@](COc2ccccc2)(c2ccccc2)c2ccccc2N1Cc1ccccc1,test,607.4900000000002,5.922800000000005,0.24384437765909803,42,80
subcategory_bioisostere.add-S_779,Nc1nc(=O)n(COCCO)cc1[N+](=O)[O-],0,authentic,authentic,,,O=c1nccc[nH]1,test,230.17999999999998,-1.2998999999999998,0.36440390058882194,16,32
subcategory_bioisostere.add-S_1241,COc1ccc(C(=O)n2c(C)c(SC)c3cc(OC)ccc32)cc1,1,bioisostere,add-S,COc1ccc(C(=O)n2c(C)c(CC(=O)O)c3cc(OC)ccc32)cc1,0 1 2 3 4 5 6 7 8 9 10 12 13 14 15 16 17 18 19 20 21 22 23,O=C(c1ccccc1)n1ccc2ccccc21,train,341.4320000000001,4.377320000000004,0.6605191846793775,24,41
subcategory_bioisostere.add-S_1456,CSC(C)(C)C1CCC(CN)(CC(=O)O)CC1,1,bioisostere,add-S,CC(C)(C)C1CCC(CN)(CC(=O)O)CC1,1 2,C1CCCCC1,train,259.41499999999996,2.7380000000000004,0.7966090793003365,17,30
subcategory_bioisostere.add-S_1326,CSc1ccc2c(O)nc(N)nc2c1,1,bioisostere,add-S,Nc1nc(O)c2ccc(C(F)(F)F)cc2n1,1 2,c1ccc2ncncc2c1,train,207.25799999999995,1.6395000000000002,0.6953758315913464,14,22
subcategory_bioisostere.add-S_1575,Cc1c(OS(=O)(=O)O)ccnc1CSc1nc2ccccc2[nH]1,1,bioisostere,add-S,Cc1c(OCC(C)C)ccnc1CSc1nc2ccccc2[nH]1,2 3 4 5 6 7,c1ccc(CSc2nc3ccccc3[nH]2)nc1,train,351.40900000000005,2.7402200000000008,0.5376355312924981,23,40
subcategory_bioisostere.add-S_1299,[2H]c1c([2H])c(-c2ccccc2-c2nn[nH]n2)c([2H])c([2H])c1Cn1c(CSC)nc(Cl)c1C(=O)O,1,bioisostere,add-S,[2H]c1c([2H])c(-c2ccccc2-c2nn[nH]n2)c([2H])c([2H])c1Cn1c(CCCC)nc(Cl)c1C(=O)O,1 2,c1ccc(-c2nn[nH]n2)c(-c2ccc(Cn3ccnc3)cc2)c1,train,444.9404071120002,3.993100000000002,0.4430156035192793,30,75
subcategory_bioisostere.add-S_1421,CSCc1cccc(N2CCNCC2)n1,1,bioisostere,add-S,CCCCCCCc1cccc(N2CCNCC2)n1,0 1 3 4 5 6 7 8 9 10 11 12 13,c1ccc(N2CCNCC2)nc1,train,223.34499999999994,1.3541999999999998,0.8371583811294805,15,21
subcategory_bioisostere.add-S_1,COC(=O)C(Cc1cccc(C(F)(F)F)c1)NC(=O)n1ccnc1,0,authentic,authentic,,,O=C(NCCc1ccccc1)n1ccnc1,train,341.28900000000004,2.2439,0.8659096989143987,24,42
subcategory_bioisostere.add-S_1075,NS(=O)(=O)c1cc2c(cc1Cl)NC(CCC(COS(=O)(=O)O)ON=O)NS2(=O)=O,1,bioisostere,add-S,NS(=O)(=O)c1cc2c(cc1Cl)NC(CCC(CON=O)ON=O)NS2(=O)=O,16 17 18 19 20 21,O=S1(=O)NCNc2ccccc21,train,494.9130000000002,-0.3164999999999995,0.19763816387304278,29,57
subcategory_bioisostere.add-S_852,COc1oc(=O)c2cc(NC(=O)S)ccc2c1Cl,1,bioisostere,add-S,COc1oc(=O)c2cc(NC(=O)Oc3ccccc3)ccc2c1Cl,9 10 11 12,O=C(Nc1ccc2ccoc(=O)c2c1)Oc1ccccc1,train,285.70799999999997,2.9167000000000005,0.8326041185645707,18,31
subcategory_bioisostere.add-S_1392,COc1cc(CC(=O)c2ccccc2C(=O)N2CCCCC2)cc(OC)c1S(C)(=O)=O,1,bioisostere,add-S,COc1cc(CC(=O)c2ccccc2C(=O)N2CCCCC2)cc(OC)c1OC,0 1 2 3 4 5 6 7 8 9 10 11 12 13 14 15 16 17 18 19 20 21 22 23 24 25 27 28 29,O=C(Cc1ccccc1)c1ccccc1C(=O)N1CCCCC1,train,445.5370000000003,3.158800000000002,0.6083918801866534,31,53
subcategory_bioisostere.add-S_81,NC(=O)C1=CN(Cc2ccccc2)C=CC1,0,authentic,authentic,,,C1=CN(Cc2ccccc2)C=CC1,train,214.268,1.7752,0.8331809424024096,16,27
subcategory_bioisostere.add-S_567,COc1cc(N)c(Cl)cc1C(=O)NCCN(Cc1ccc(Cl)cc1)C(C)C,0,authentic,authentic,,,O=C(NCCNCc1ccccc1)c1ccccc1,train,410.34500000000014,4.224600000000003,0.6397155697288047,27,46
subcategory_bioisostere.add-S_225,O[C@H]1[C@H](O)[C@@H](O[C@H]2[C@H](O)[C@H](O)C=C[C@@H]2O)C=C[C@H]1O,0,authentic,authentic,,,C1=C[C@H](O[C@@H]2CC=CCC2)CCC1,train,274.269,-2.954799999999999,0.2966909663470472,19,67
subcategory_bioisostere.add-S_462,CC(C1(O)CC1)[C@]1(C(F)(F)F)OC(=O)Nc2ccc(Cl)cc21,0,authentic,authentic,,,O=C1Nc2ccccc2C(CC2CC2)O1,test,335.709,3.820700000000002,0.8634562589373734,22,47
subcategory_bioisostere.add-S_234,Cc1cccc(C2(C)NC(=O)NC2=O)c1,0,authentic,authentic,,,O=C1NC(=O)C(c2ccccc2)N1,train,204.229,1.04962,0.6716111232050292,15,27
subcategory_bioisostere.add-S_1157,CS(=O)(=O)c1ccc2nc(-c3ncccc3CO)[nH]c2c1,1,bioisostere,add-S,OCc1cccnc1-c1nc2ccc(OC(F)(F)F)cc2[nH]1,0 1 2 3 5 6 7 8 9 10 11 12 13 14 15 16 17 18 19,c1ccc(-c2nc3ccccc3[nH]2)nc1,test,303.343,1.5206999999999997,0.7645107106036377,21,39
subcategory_bioisostere.add-S_564,O=C(OCCCc1c[nH]cn1)c1ccc(I)cc1,0,authentic,authentic,,,O=C(OCCCc1c[nH]cn1)c1ccccc1,train,356.163,2.8039000000000005,0.5093222867896889,18,30
subcategory_bioisostere.add-S_435,O=[N+]([O-])c1ccc2nc(O)c(O)nc2n1,0,authentic,authentic,,,c1cnc2nccnc2c1,test,208.133,0.3441999999999999,0.5112837312705661,15,32
subcategory_bioisostere.add-S_18,CC(C)=CCc1c(C)cc(O)c2c1[C@@H](O)c1c3c(cc(O)c1C2=O)O[C@@H](C(C)(C)O)C3,0,authentic,authentic,,,O=C1c2ccccc2Cc2c1ccc1c2CCO1,train,424.4930000000002,3.615420000000002,0.5609221886229137,31,69
subcategory_bioisostere.add-S_598,CCCc1nn(C)c(C(N)=O)c1NC(=O)c1cc(S(=O)(=O)N2CCN(CP(=O)(OC)OC)CC2)ccc1OCC,0,authentic,authentic,,,O=C(Nc1cn[nH]c1)c1cccc(S(=O)(=O)N2CCNCC2)c1,train,600.6350000000002,1.8722000000000023,0.32295564395105525,40,71
subcategory_bioisostere.add-S_926,O=S(=O)(O)OC(Cn1cncn1)(c1ccc(F)cc1)c1ccccc1F,1,bioisostere,add-S,OC(Cn1cncn1)(c1ccc(F)cc1)c1ccccc1F,0 1 2 3 4 5,c1ccc(C(Cn2cncn2)c2ccccc2)cc1,train,381.36000000000007,2.3194999999999997,0.6588038129991044,26,44
subcategory_bioisostere.add-S_528,Nc1nc(O)c2c(n1)CCc1cc(Br)c(S(=O)(=O)Nc3ccc(C(=O)N[C@@H](CCC(=O)O)C(=O)O)cc3)cc1-2,0,authentic,authentic,,,O=S(=O)(Nc1ccccc1)c1ccc2c(c1)-c1cncnc1CC2,train,620.4380000000003,2.1411,0.20335684921030256,39,81
subcategory_bioisostere.add-S_569,C=C(c1ccccc1Cl)c1c(NC(=O)C(C)C)ccc([N+](=O)[O-])c1C,0,authentic,authentic,,,C=C(c1ccccc1)c1ccccc1,train,358.8250000000001,5.212620000000004,0.5884049170932213,25,51
subcategory_bioisostere.add-S_398,COCN1C(=O)N(COC)[C@@](Cc2ccccc2)(c2ccccc2)C1=O,0,authentic,authentic,,,O=C1NC(=O)[C@](Cc2ccccc2)(c2ccccc2)N1,test,354.40600000000006,2.5966000000000005,0.7173546793059823,26,46
subcategory_bioisostere.add-S_497,COc1cc2c(cc1OC)C(=O)C(CN(C)C)C2,0,authentic,authentic,,,O=C1CCc2ccccc21,train,249.30999999999995,1.6203999999999998,0.8125452692255238,18,31
subcategory_bioisostere.add-S_1096,Cc1nnc(CC2CCCC2)c2c(C)n(-c3ccc(OS(=O)(=O)O)cc3)c(C)c12,1,bioisostere,add-S,CCOc1ccc(-n2c(C)c3c(C)nnc(CC4CCCC4)c3c2C)cc1,18 19 20 21 22 23,c1ccc(-n2cc3cnnc(CC4CCCC4)c3c2)cc1,train,415.5150000000001,4.260060000000004,0.6258608470233094,29,54
subcategory_bioisostere.add-S_1540,Cc1c(OS(=O)(=O)O)cc2c(c1O)C(=O)O[C@H](C)C2,1,bioisostere,add-S,Cc1c(O)cc2c(c1O)C(=O)O[C@H](C)C2,2 3 4 5 6 7,O=C1OCCc2ccccc21,train,288.27700000000004,0.9836199999999999,0.6161985485263922,19,42
subcategory_bioisostere.add-S_380,CC(C)(C)CNS(=O)(=O)c1ccc(NC(=O)c2cnccn2)cc1,0,authentic,authentic,,,O=C(Nc1ccccc1)c1cnccn1,train,348.428,2.0533,0.8610602094066802,24,43
subcategory_bioisostere.add-S_1351,COc1ccccc1CCN1CCC(CCc2cccc(S(C)(=O)=O)c2)CC1,1,bioisostere,add-S,COc1cccc(CCC2CCN(CCc3ccccc3OC)CC2)c1,0 1 2 3 4 5 6 7 8 9 10 11 12 13 14 15 16 17 18 19 21 22 23 24 25 26 27,c1ccc(CCC2CCN(CCc3ccccc3)CC2)cc1,test,401.5720000000001,3.9860000000000033,0.6710818159162756,28,44
subcategory_bioisostere.add-S_972,CSC=Cc1c(-c2ccc(F)cc2)cn(-c2ccccc2)c1C,1,bioisostere,add-S,Cc1c(/C=C/[C@@H](O)C[C@@H](O)CC(=O)O)c(-c2ccc(F)cc2)cn1-c1ccccc1,1 2,c1ccc(-c2ccn(-c3ccccc3)c2)cc1,train,323.43600000000004,5.925520000000005,0.5762238187904479,23,38
subcategory_bioisostere.add-S_806,CSC1(C2CC2)OC(=O)Nc2ccc(-c3cccc(Cl)c3)cc21,1,bioisostere,add-S,CC1(C2CC2)OC(=O)Nc2ccc(-c3cccc(Cl)c3)cc21,1 2,O=C1Nc2ccc(-c3ccccc3)cc2C(C2CC2)O1,train,345.85100000000006,5.494900000000004,0.7983192370510307,23,42
subcategory_bioisostere.add-S_496,Nc1ncnc2c1ncn2OCC/C=C/P(=O)(O)O,0,authentic,authentic,,,c1ncc2nc[nH]c2n1,train,285.19999999999993,-0.08140000000000003,0.5121207338756494,19,31
subcategory_bioisostere.add-S_1047,COc1cccc([C@@H](C)CN(C)CCc2ccc3[nH]cnc3c2)c1CSC,1,bioisostere,add-S,COc1cccc2c1CCC[C@H]2CN(C)CCc1ccc2[nH]cnc2c1,0 1 2 3 4 5 6 7 8 9 10 11 13,c1ccc2c(c1)CCC[C@H]2CNCCc1ccc2[nH]cnc2c1,train,383.56100000000004,4.712500000000004,0.5807878260077554,27,47
subcategory_bioisostere.add-S_346,Cc1cnc(NC(=O)C2=C(O)c3sc(C(F)(F)F)cc3S(=O)(=O)N2C)s1,0,authentic,authentic,,,O=C(Nc1nccs1)C1=Cc2sccc2S(=O)(=O)N1,train,425.4350000000001,3.0312200000000002,0.770605635801493,26,52
subcategory_bioisostere.add-S_580,OC1CN=CNc2c1ncn2CCCCCc1nnn[nH]1,0,authentic,authentic,,,C1=NCCc2ncn(CCCCCc3nnn[nH]3)c2N1,train,290.3309999999999,0.2963999999999996,0.6585329732934984,21,31
subcategory_bioisostere.add-S_69,C(/CCc1ccccc1)=N/Nc1nncc2ccccc12,0,authentic,authentic,,,C(/CCc1ccccc1)=N/Nc1nncc2ccccc12,train,276.343,3.660300000000002,0.5712410924656264,21,32
subcategory_bioisostere.add-S_1295,CSCCN(C)CCC(Oc1ccc(C(F)(F)F)cc1)c1ccccc1,1,bioisostere,add-S,CCCN(C)CCC(Oc1ccc(C(F)(F)F)cc1)c1ccccc1,1 2,c1ccc(COc2ccccc2)cc1,train,383.47900000000004,5.510400000000005,0.5664510137310266,26,40
subcategory_bioisostere.add-S_400,CNCc1ccc(Oc2ccc3c(c2)OCO3)c(F)c1,0,authentic,authentic,,,c1ccc(Oc2ccc3c(c2)OCO3)cc1,train,275.27899999999994,3.0661000000000014,0.930528991738968,20,32
subcategory_bioisostere.add-S_606,Nc1nc2c(ncn2COC(COP(=O)(O)O)COP(=O)(O)O)c(=O)[nH]1,0,authentic,authentic,,,O=c1[nH]cnc2[nH]cnc12,train,415.19200000000006,-1.7369000000000003,0.2499984907493629,26,50
subcategory_bioisostere.add-S_1336,CC1C[C@H](OC(=O)C(O)(c2cccs2)c2cccs2)CC(C)(COS(=O)(=O)O)[N+]1(C)C,1,bioisostere,add-S,CC1C[C@H](OC(=O)C(O)(c2cccs2)c2cccs2)CC2(C3O[C@@H]32)[N+]1(C)C,20 22 23 24 25 26 27,O=C(O[C@H]1CC[NH2+]C2(C1)C1O[C@@H]12)C(c1cccs1)c1cccs1,test,490.64500000000027,2.794100000000002,0.3488319688258493,31,65
subcategory_bioisostere.add-S_889,CS(=O)(=O)Oc1ccc(Cl)cc1C(=O)NCCc1ccc(S(=O)(=O)NC(=O)NC2CCCCC2)cc1,1,bioisostere,add-S,COc1ccc(Cl)cc1C(=O)NCCc1ccc(S(=O)(=O)NC(=O)NC2CCCCC2)cc1.NC(N)=O,0 1 2 3 4 5,O=C(NC1CCCCC1)NS(=O)(=O)c1ccc(CCNC(=O)c2ccccc2)cc1,train,558.0780000000002,2.9715000000000007,0.4013322148498285,36,65
subcategory_bioisostere.add-S_953,CS(=O)(=O)Oc1ccccc1C(=O)CCc1ccccc1,1,bioisostere,add-S,NCC(O)COc1ccccc1C(=O)CCc1ccccc1,0 1 2 3 4 5,O=C(CCc1ccccc1)c1ccccc1,train,304.36699999999996,2.8405000000000014,0.6079784574965373,21,34
subcategory_bioisostere.add-S_1466,COc1cccc(N(C)c2ccc(NC(=O)SC)cc2)c1,1,bioisostere,add-S,CCC(=O)Nc1ccc(N(C)c2cccc(OC)c2)cc1,14 16 17,c1ccc(Nc2ccccc2)cc1,train,302.39900000000006,4.358000000000003,0.9109346350500577,21,34
subcategory_bioisostere.add-S_1272,CSc1cccc(NC(=O)Nc2ccc3cnccc3c2)c1,1,bioisostere,add-S,Cc1cccc(NC(=O)Nc2ccc3cnccc3c2)c1,0 1 3 4 5 6 7 8 9 10 11 12 13 14 15 16 17 18 19 20,O=C(Nc1ccccc1)Nc1ccc2cnccc2c1,train,309.394,4.6007000000000025,0.6951457478467994,22,33
subcategory_bioisostere.add-S_1329,CS[C@@H](N1CCn2ncnc2C1)[C@](O)(Cn1cncn1)c1ccc(F)cc1F,1,bioisostere,add-S,C[C@@H](N1CCn2ncnc2C1)[C@](O)(Cn1cncn1)c1ccc(F)cc1F,1 2,c1ccc(C(CN2CCn3ncnc3C2)Cn2cncn2)cc1,val,407.45000000000005,1.240499999999999,0.6581066851646042,28,52
subcategory_bioisostere.add-S_728,CN(C)CC1CCC(C(F)(F)F)CC1(O)c1cccc(OCc2ccccc2)c1,0,authentic,authentic,,,c1ccc(COc2cccc(C3CCCCC3)c2)cc1,val,407.4760000000001,4.993400000000005,0.7320639756939216,29,47
subcategory_bioisostere.add-S_1106,CSCc1cc(C)ccc1Oc1ccccc1Cl,1,bioisostere,add-S,Cc1ccc(Oc2ccccc2Cl)c(CC(=O)O)c1,0 1 3 4 5 6 7 8 9 10 11 12 13 14 15 16 17,c1ccc(Oc2ccccc2)cc1,train,278.804,5.303720000000004,0.7500347984809405,18,25
subcategory_bioisostere.add-S_803,CSCN1CCN(CC(O)COc2ccccc2C(=O)CCc2ccccc2)CC1,1,bioisostere,add-S,CCN1CCN(CC(O)COc2ccccc2C(=O)CCc2ccccc2)CC1,1 2,O=C(CCc1ccccc1)c1ccccc1OCCCN1CCNCC1,train,428.5980000000003,3.179900000000001,0.5550404545665961,30,43
subcategory_bioisostere.add-S_25,CC[C@H]1OC(=O)[C@H](C)[C@@H](O)[C@H](C)[C@@H](OC2O[C@H](C)C[C@H](N(C)C)C2O)[C@@](C)(OC)C[C@@H](C)C(=O)[C@H](C)[C@@H](O)[C@]1(C)O,0,authentic,authentic,,,O=C1CCCCOC(=O)CCC[C@@H](OC2CCCCO2)CCC1,train,589.7670000000004,1.5145000000000022,0.3450193294661309,41,128
subcategory_bioisostere.add-S_13,CO[C@]12C=C[C@@]3(CC1[C@@H](C)N=C=S)C1Cc4ccc(O)c5c4C3(CCN1C)[C@H]2O5,0,authentic,authentic,,,C1=C[C@]23CCC1[C@@H]1Oc4cccc5c4C12CCNC3C5,train,410.5390000000002,3.1038000000000023,0.4714834911650327,29,68
subcategory_bioisostere.add-S_1308,CS(=O)(=O)c1ccc2c(c1)C(=O)NCCO2,1,bioisostere,add-S,CCOc1ccc2c(c1)C(=O)NCCO2,0 1 2 3 5 6 7 8 9 10 11 12 13 14 15,O=C1NCCOc2ccccc21,val,241.26799999999997,0.2123,0.7626516041717896,16,31
subcategory_bioisostere.add-S_1566,CCc1ccc(O)c(C(=O)NC[C@@H]2CCCN2CC)c1S(C)(=O)=O,1,bioisostere,add-S,CCc1ccc(O)c(C(=O)NC[C@@H]2CCCN2CC)c1OC,0 1 2 3 4 5 6 7 8 9 10 11 12 13 14 15 16 17 18 20 21 22,O=C(NC[C@@H]1CCCN1)c1ccccc1,train,354.47200000000004,1.5722,0.809750512235222,24,46
subcategory_bioisostere.add-S_1276,COC1=CC2C3=C(C2C1=O)[C@@H](NC(C)=O)CCc1cc(OC)c(OC)c(OS(C)(=O)=O)c13,1,bioisostere,add-S,COC1=CC2C3=C(C2C1=O)[C@@H](NC(C)=O)CCc1cc(OC)c(OC)c(OC)c13,25 26 27 28 29 30,O=C1C=CC2C3=C(CCCc4ccccc43)C12,test,463.50800000000027,1.6056999999999997,0.6326022495607521,32,67
subcategory_bioisostere.add-S_413,CC(c1ccccc1N1CCN(C(=O)[C@@H](Cc2ccc(Cl)cc2)NC(=O)CCN)CC1)N1CCN(c2ccccc2)CC1,0,authentic,authentic,,,O=C(CCc1ccccc1)N1CCN(c2ccccc2CN2CCN(c3ccccc3)CC2)CC1,test,603.2110000000002,3.948100000000002,0.365638750490754,43,75
subcategory_bioisostere.add-S_185,O=S(Cc1cc(OCC(F)(F)C(F)(F)F)ccn1)c1nc2ccccc2[nH]1,0,authentic,authentic,,,O=S(Cc1ccccn1)c1nc2ccccc2[nH]1,train,405.348,3.842100000000002,0.6330809752147146,27,49
subcategory_bioisostere.add-S_1109,COc1ccnc(C[S+]([O-])c2nc3cc(OC(F)F)ccc3[nH]2)c1S,1,bioisostere,add-S,COc1ccnc(C[S+]([O-])c2nc3cc(OC(F)F)ccc3[nH]2)c1C,23 24,c1ccc(C[SH+]c2nc3ccccc3[nH]2)nc1,train,385.41700000000003,3.164400000000002,0.5030751880107067,25,48
subcategory_bioisostere.add-S_1307,CC#CC1(CCS)OC(=O)Nc2ccc(-c3cccc(Cl)c3)cc21,1,bioisostere,add-S,CC#CC1(C2CC2)OC(=O)Nc2ccc(-c3cccc(Cl)c3)cc21,5 6,O=C1Nc2ccc(-c3ccccc3)cc2C(C2CC2)O1,train,357.862,5.107600000000004,0.5915664468583383,24,42
subcategory_bioisostere.add-S_35,COc1c(Cl)c(O)nc(C(Cl)(Cl)Cl)c1Cl,0,authentic,authentic,,,c1ccncc1,train,311.379,3.9293,0.7991257450803303,15,32
subcategory_bioisostere.add-S_366,NCC(=O)N1CCC(CC(=O)N2CCC([C@H]3c4ncc(Br)cc4CCc4cc(Cl)cc(Br)c43)CC2)CC1,0,authentic,authentic,,,O=C(CC1CCNCC1)N1CCC([C@@H]2c3ccccc3CCc3cccnc32)CC1,train,652.8589999999999,5.316500000000005,0.4855701567739976,37,70
subcategory_bioisostere.add-S_785,CC(C)c1nc(-c2ccccc2)cc(-c2ccc(F)cc2)c1/C=C/[C@@H](O)[C@H](F)[C@@H](O)CC(=O)O,0,authentic,authentic,,,c1ccc(-c2ccnc(-c3ccccc3)c2)cc1,train,467.5120000000001,5.225900000000006,0.40114928762579616,34,76
subcategory_bioisostere.add-S_443,CN(CC(C)(C)C)[C@H](CNC(=O)c1ccc(Cl)s1)C(=O)Nc1ccc(N2CCOCC2=O)c(F)c1,0,authentic,authentic,,,O=C(CCNC(=O)c1cccs1)Nc1ccc(N2CCOCC2=O)cc1,train,525.0460000000003,3.618800000000002,0.5502131987026883,35,67
subcategory_bioisostere.add-S_1048,COc1ccccc1OCC(O)CN1CCC(CN(C(=O)OS(C)(=O)=O)C(C)C)CC1,1,bioisostere,add-S,COc1ccccc1OCC(O)CN1CCC2(CC1)CN(C(C)C)C(=O)O2,19 21 22 23 24 25,O=C1NCC2(CCN(CCCOc3ccccc3)CC2)O1,test,458.5770000000002,1.9534999999999998,0.5306115464530459,31,52
subcategory_bioisostere.add-S_1474,C[CH]C[C@@H]([C@@H](O)[C@H](O[C@H]1[C@@H](CCN2CCCCCC2)C[C@@H](C)C(=O)/C=C/C(C)=C/[C@H](C)[C@@H](CC)OC(=O)CC(O)[C@@H]1C)OS(=O)(=O)O)N(C)C,1,bioisostere,add-S,CC[C@H]1OC(=O)CC(O)[C@H](C)[C@@H](O[C@@H]2O[C@H](C)C[C@H](N(C)C)[C@H]2O)[C@@H](CCN2CCCCCC2)C[C@@H](C)C(=O)/C=C/C(C)=C/[C@@H]1C,6 42 43 44 45 46,O=C1/C=C/C=C/CCOC(=O)CCC[C@@H](O[C@H]2CCCCO2)[C@@H](CCN2CCCCCC2)CC1,val,729.9980000000003,4.761190000000005,0.13559990675532488,50,136
subcategory_bioisostere.add-S_1414,CS[C@@]1(CC(=O)O)CCC2CCCCCC2C1,1,bioisostere,add-S,NC[C@@]1(CC(=O)O)CCC2CCCCCC2C1,1 2,C1CCC2CCCCC2CC1,train,256.4109999999999,3.9433000000000034,0.8306315749903014,17,30
subcategory_bioisostere.add-S_1126,CCC(C)c1cc(C(C)SC)ccc1O,1,bioisostere,add-S,CCC(C)c1ccc(O)c(C(C)CC)c1,0 1 2 3 4 5 6 8 9 10 11 12 13 14,c1ccccc1,train,224.36899999999997,4.329700000000004,0.8211218161739979,15,23
subcategory_bioisostere.add-S_1136,CSOc1ccccc1Cc1ccccc1,1,bioisostere,add-S,CNCCOc1ccccc1Cc1ccccc1.Cl,0 1 2,c1ccc(Cc2ccccc2)cc1,train,230.332,3.9342000000000024,0.735830197886393,16,20
subcategory_bioisostere.add-S_529,O=[N+]([O-])c1ccc(S(=O)(=O)CS(=O)(=O)C(F)(F)F)cc1,0,authentic,authentic,,,c1ccccc1,train,333.26499999999993,1.2606000000000002,0.6055720562364085,20,49
subcategory_bioisostere.add-S_145,CS(=O)(=O)N1CCC(NC(=O)c2ccccc2Oc2ccc(Cl)cc2CI)CC1,0,authentic,authentic,,,O=C(NC1CCNCC1)c1ccccc1Oc1ccccc1,val,548.8300000000002,4.221100000000003,0.4332913319937938,29,49
subcategory_bioisostere.add-S_840,COc1cc(C(=O)N2CO[C@](CCN3CCC4(CC3)CN(c3ccccc3)C(=O)O4)(c3ccc(Cl)c(Cl)c3)C2)cc(OS(=O)(=O)O)c1OC,1,bioisostere,add-S,COc1cc(C(=O)N2CO[C@](CCN3CCC4(CC3)CN(c3ccccc3)C(=O)O4)(c3ccc(Cl)c(Cl)c3)C2)cc(OC)c1OC,40 41 42 43 44 45,O=C(c1ccccc1)N1CO[C@](CCN2CCC3(CC2)CN(c2ccccc2)C(=O)O3)(c2ccccc2)C1,train,736.6270000000003,5.399100000000005,0.26744392136579315,49,94
subcategory_bioisostere.add-S_310,CC(C)(C)OC(=O)N1CC2CC1CN2c1cc2c(nc1Sc1ccc(F)cc1F)CNC(=O)N2c1c(Cl)cccc1Cl,0,authentic,authentic,,,O=C1NCc2nc(Sc3ccccc3)c(N3CC4CC3CN4)cc2N1c1ccccc1,train,634.5360000000001,7.377100000000006,0.32300270819041366,42,72
subcategory_bioisostere.add-S_475,C[C@H]([C@H](O)CCC(C)(C)O)[C@H]1CC[C@@]2(O)C3=CC(=O)[C@@H]4CC(O)C(=O)C[C@]4(C)[C@H]3CC[C@]12C,0,authentic,authentic,,,O=C1CC[C@H]2C(=O)C=C3C4CCCC4CC[C@@H]3C2C1,train,462.62700000000035,2.947300000000001,0.49937873452444365,33,93
subcategory_bioisostere.add-S_290,CC(=O)c1cccc(OCC(O)CN2CCCCC2)c1,0,authentic,authentic,,,c1ccc(OCCCN2CCCCC2)cc1,train,277.3639999999999,2.1148,0.8091860753547151,20,31
subcategory_bioisostere.add-S_868,CCN(CCN1CCOCC1)S(=O)(=O)c1ccc(OC)c(-c2cc3c(CSC)nn(C)c3c(=O)[nH]2)c1,1,bioisostere,add-S,CCCc1nn(C)c2c(=O)[nH]c(-c3cc(S(=O)(=O)N(CC)CCN4CCOCC4)ccc3OC)cc12,1 2,O=c1[nH]c(-c2cccc(S(=O)(=O)NCCN3CCOCC3)c2)cc2cn[nH]c12,train,535.6920000000003,2.1430000000000007,0.42064653898571897,36,67
subcategory_bioisostere.add-S_101,COc1cc2c(c(O)c1OC)[C@@]13CC[C@H](O)C[C@@H]1N(CC3)C2O,0,authentic,authentic,,,c1ccc2c(c1)CN1CC[C@@]23CCCC[C@H]13,val,321.37300000000005,1.2707999999999997,0.7609094704479595,23,52
subcategory_bioisostere.add-S_677,C[N+]1(/N=C(\[O-])c2cccc(F)c2)CCN(C2=Nc3cc(Cl)ccc3Nc3ccccc32)CC1,0,authentic,authentic,,,C(=N[NH+]1CCN(C2=Nc3ccccc3Nc3ccccc32)CC1)c1ccccc1,train,463.94400000000013,4.098700000000003,0.35338450970845525,33,64
subcategory_bioisostere.add-S_1539,CSc1ccccc1NS(=O)(=O)NS(=O)(=O)N1CCc2ccccc21,1,bioisostere,add-S,O=S(=O)(NS(=O)(=O)N1CCc2ccccc21)N1CCc2ccccc21,0 1 3 4 5 6 7 8 9 10 11 12 13 14 15 16 17 18 19 20 21 22 23 24,O=S(=O)(NS(=O)(=O)N1CCc2ccccc21)N1CCc2ccccc21,train,399.5190000000002,1.9622999999999995,0.7242399332608405,25,43
subcategory_bioisostere.add-S_776,Cc1ccc(CN=C2Nc3cc(Cl)c(Cl)cc3NC23CCNCC3)cc1,0,authentic,authentic,,,c1ccc(CN=C2Nc3ccccc3NC23CCNCC3)cc1,train,389.3300000000002,4.860120000000004,0.6876320640986385,26,43
subcategory_bioisostere.add-S_1547,COc1ccccc1N1CCN(CSC)CC1,1,bioisostere,add-S,COc1ccccc1N1CCN(CCc2ccccc2)CC1,11 12 13 14,c1ccc(CCN2CCN(c3ccccc3)CC2)cc1,train,252.38299999999992,2.1376999999999997,0.8152162547191384,17,23
subcategory_bioisostere.add-S_36,CCOC(=O)[C@H](CCc1ccccc1)NC(C)C(=O)N1C2CCOCC2C[C@H]1C(=O)O,0,authentic,authentic,,,O=C(CNCCCc1ccccc1)N1CCC2COCCC21,train,432.51700000000034,1.6196000000000006,0.5714414879145417,31,58
subcategory_bioisostere.add-S_150,O=C1NC(=O)C(c2ccccc2)(c2cccc(Br)c2)N1,0,authentic,authentic,,,O=C1NC(=O)C(c2ccccc2)(c2ccccc2)N1,train,331.169,2.5321,0.8311358186684266,20,37
subcategory_bioisostere.add-S_1187,CN(C)C[C@H]1CCCC[C@]1(O)c1cccc(OS(=O)(=O)O)c1,1,bioisostere,add-S,COc1cccc([C@@]2(O)CCCC[C@@H]2CN(C)C)c1.Cl,15 16 17 18 19 20,c1ccc(C2CCCCC2)cc1,train,329.41800000000006,1.8076,0.8012482405786011,22,45
subcategory_bioisostere.add-S_1091,O=C(OS(=O)(=O)O)[C@H]1CCC[C@@H]1c1nc2cc(F)ccc2n1Cc1ccc(Cl)cc1,1,bioisostere,add-S,O=C(O)[C@H]1CCC[C@@H]1c1nc2cc(F)ccc2n1Cc1ccc(Cl)cc1,1 2 3 4 5 6,c1ccc(Cn2c(C3CCCC3)nc3ccccc32)cc1,train,452.8910000000001,4.1068000000000024,0.5848397927501973,30,61
subcategory_bioisostere.add-S_1152,COc1ccc(-n2nc(C(N)=O)c(SC)c2C(=O)N(C)c2ccc(C3(CN4CCOCC4)CC3)cc2)cc1,1,bioisostere,add-S,COc1ccc(-n2nc(C(N)=O)c3c2C(=O)N(c2ccc(C4(CN5CCOCC5)CC4)cc2)CC3)cc1,0 1 2 3 4 5 6 7 8 9 10 11 12 13 15 16 17 20 21 24 26 28,O=C1c2c(cnn2-c2ccccc2)CCN1c1ccc(C2(CN3CCOCC3)CC2)cc1,train,535.6700000000005,3.342100000000002,0.4193816797218321,38,67
subcategory_bioisostere.add-S_217,CC1(C)C2CC1[C@]1(C)OB(C(CCCl)NC(=O)[C@@H]3CCCN3C(=O)[C@H](Cc3ccccc3)NC(=O)OCc3ccccc3)O[C@@H]1C2,0,authentic,authentic,,,O=C(N[C@@H](Cc1ccccc1)C(=O)N1CCC[C@H]1C(=O)NCB1OC2C3CC(C3)C[C@H]2O1)OCc1ccccc1,test,650.0250000000002,4.896300000000004,0.2652347601510392,46,95
subcategory_bioisostere.add-S_440,C=C(C)C12OC3(c4ccccc4)OC1[C@@H]1[C@@H]4O[C@@]45COC(C)(C)O[C@H]5[C@]4(O)C(=O)C=C[C@@]4(C)C1(O3)[C@H](C)[C@H]2OC(=O)/C=C/c1ccccc1,0,authentic,authentic,,,O=C(/C=C/c1ccccc1)O[C@@H]1CC23OC4(c5ccccc5)OC(C1O4)[C@@H]2[C@@H]1O[C@@]12COCO[C@H]2C1C(=O)C=CC13,test,668.7390000000004,4.366300000000004,0.21289448859285065,49,127
subcategory_bioisostere.add-S_814,CS(=O)(=O)OC(CNCCNC(=O)C1CCCCC1)COc1ccccc1,1,bioisostere,add-S,O=C(NCCNCC(O)COc1ccccc1)C1CCCCC1,0 1 2 3 4 5,O=C(NCCNCCCOc1ccccc1)C1CCCCC1,train,398.5250000000002,1.6963000000000001,0.4352525942107344,27,42
subcategory_bioisostere.add-S_754,Cl.O=S1(=O)c2ccccc2N=C(N2CCN(CCOCCO)CC2)c2ccccc21,0,authentic,authentic,,,O=S1(=O)c2ccccc2N=C(N2CCNCC2)c2ccccc21,train,451.97600000000034,1.9594000000000003,0.699616292176492,30,49
subcategory_bioisostere.add-S_910,CSc1cccc(-c2nccc3nc(N)nn23)c1,1,bioisostere,add-S,Cc1cccc(-c2nccc3nc(N)nn23)c1,1 2,c1ccc(-c2nccc3ncnn23)cc1,train,257.32199999999995,2.0953999999999997,0.7118622727659126,18,29
subcategory_bioisostere.add-S_1571,CC(=O)c1cc(S(C)(=O)=O)ccc1OCC(=O)N1C[C@H](C)N(Cc2ccc(F)cc2)C[C@H]1C,1,bioisostere,add-S,COc1ccc(OCC(=O)N2C[C@H](C)N(Cc3ccc(F)cc3)C[C@H]2C)c(C(C)=O)c1,0 1 2 3 4 6 7 8 9 10 11 12 13 14 15 16 17 18 19 20 21 22 23 24 25 26 27 28 29 30 31 32,O=C(COc1ccccc1)N1CCN(Cc2ccccc2)CC1,train,476.5700000000002,2.9320000000000013,0.5716697351503377,33,67
subcategory_bioisostere.add-S_1505,CCOCc1nc(C(=O)OS(=O)(=O)O)c(C(C)(C)O)n1Cc1ccc(-c2ccccc2-c2nn[nH]n2)cc1,1,bioisostere,add-S,CCOCc1nc(C(=O)O)c(C(C)(C)O)n1Cc1ccc(-c2ccccc2-c2nn[nH]n2)cc1,7 9 10 11 12 13,c1ccc(-c2nn[nH]n2)c(-c2ccc(Cn3ccnc3)cc2)c1,train,542.5740000000002,2.5020000000000007,0.25029685045553046,38,70
subcategory_bioisostere.add-S_734,CC(=O)SCCN1CCC(c2noc3cc(F)ccc23)CC1,0,authentic,authentic,,,c1ccc2c(C3CCNCC3)noc2c1,train,322.4050000000001,3.426000000000002,0.8628628864880327,22,35
subcategory_bioisostere.add-S_333,O=C(c1ccccc1Cl)C(O)(Cn1cncn1)c1ccc(Cl)cc1,0,authentic,authentic,,,O=C(c1ccccc1)C(Cn1cncn1)c1ccccc1,train,362.216,3.3556000000000017,0.7071068073256985,24,41
subcategory_bioisostere.add-S_1225,CS(=O)(=O)CCN1CCN(Cc2ccccc2-c2ccc(Cl)cc2)CC1,1,bioisostere,add-S,O=C(O)COCCN1CCN(Cc2ccccc2-c2ccc(Cl)cc2)CC1,0 1 2 3 5 6 7 8 9 10 11 12 13 14 15 16 17 18 19 20 21 22 23 24,c1ccc(-c2ccccc2CN2CCNCC2)cc1,train,392.9520000000001,3.169200000000002,0.7566587785461025,26,44
subcategory_bioisostere.add-S_1257,CSC(O)/C=C/c1c(-c2ccc(F)cc2)c2ccccc2n1C(C)C,1,bioisostere,add-S,CCC(=O)CC(I)CC(O)/C=C/c1c(-c2ccc(F)cc2)c2ccccc2n1C(C)C,0 1 2,c1ccc(-c2c[nH]c3ccccc23)cc1,train,355.47800000000007,5.722900000000004,0.591931800360896,25,43
subcategory_bioisostere.add-S_1582,C[C@@H](N1CC=CCC1)[C@](O)(CS)c1ccc(F)cc1F,1,bioisostere,add-S,C[C@@H](N1CC=CCC1)[C@](O)(Cn1cncn1)c1ccc(F)cc1F,8 10 11,C1=CCN(CC(Cn2cncn2)c2ccccc2)CC1,train,299.386,2.7326000000000015,0.6595339422997587,20,41
subcategory_bioisostere.add-S_236,CC[N+](CC)(CC)CCOc1ccc(-c2ccc3occc3c2)cc1.[I-],0,authentic,authentic,,,c1ccc(-c2ccc3occc3c2)cc1,train,465.37500000000006,2.3590999999999998,0.37674714356044314,26,46
subcategory_bioisostere.add-S_363,Cc1cc(C(OCCN2CCCC2)c2ccc(C(C)C)cc2)sn1,0,authentic,authentic,,,c1ccc(C(OCCN2CCCC2)c2ccns2)cc1,test,344.524,4.7767200000000045,0.7228077245594601,24,38
subcategory_bioisostere.add-S_553,COCCOc1ccc(Cc2cnc(N)nc2N)cc1,0,authentic,authentic,,,c1ccc(Cc2cncnc2)cc1,train,274.32399999999996,1.2570000000000001,0.7696761898425313,20,28
subcategory_bioisostere.add-S_1515,CCN(C(=O)CS(=O)(=O)O)c1ccc(N2C(=O)O[C@@H](CNC(=O)c3ccc(Cl)s3)C2O)cc1,1,bioisostere,add-S,O=C(NC[C@@H]1OC(=O)N(c2ccc(N3CCOCC3=O)cc2)C1O)c1ccc(Cl)s1,5 6 7 8 9,O=C(NC[C@H]1CN(c2ccc(N3CCOCC3=O)cc2)C(=O)O1)c1cccs1,train,517.9690000000003,1.7157999999999998,0.44711949238278753,33,68
subcategory_bioisostere.add-S_399,O=C(NCCCCNc1ccnc2cc(Cl)ccc12)C1CCCCC1,0,authentic,authentic,,,O=C(NCCCCNc1ccnc2ccccc12)C1CCCCC1,train,359.9010000000003,4.776800000000003,0.6994775866065277,25,37
subcategory_bioisostere.add-S_349,CN(C)CCNC(=O)c1cccc2c1[nH]c1ccccc12,0,authentic,authentic,,,c1ccc2c(c1)[nH]c1ccccc12,train,281.35900000000004,2.6125000000000007,0.7720224915525473,21,35
subcategory_bioisostere.add-S_21,CCOC(COCCN1CCN(C(c2ccccc2)c2ccc(Cl)cc2)CC1)OCC,0,authentic,authentic,,,c1ccc(C(c2ccccc2)N2CCNCC2)cc1,train,447.0190000000003,4.462700000000003,0.3548751181810428,31,46
subcategory_bioisostere.add-S_48,O=C1c2ccccc2C(=O)N1CCc1cc2ccccc2[nH]1,0,authentic,authentic,,,O=C1c2ccccc2C(=O)N1CCc1cc2ccccc2[nH]1,test,290.32199999999995,3.0066000000000015,0.7538513670673387,22,37
subcategory_bioisostere.add-S_1554,Cc1c(CC(=O)N[C@H](CO)c2ccccc2)c2cc(S(C)(=O)=O)ccc2n1C(=O)c1ccc(Cl)cc1,1,bioisostere,add-S,COc1ccc2c(c1)c(CC(=O)N[C@H](CO)c1ccccc1)c(C)n2C(=O)c1ccc(Cl)cc1,0 1 2 3 4 5 6 7 8 9 10 11 12 13 14 15 16 17 19 20 21 22 23 24 25 26 27 28 29 30 31 32 33 34 35,O=C(Cc1cn(C(=O)c2ccccc2)c2ccccc12)NCc1ccccc1,train,525.0260000000003,4.087420000000003,0.37867148534750367,36,69
subcategory_bioisostere.add-S_222,CCc1cc2c(Sc3ccc(C)cc3)cncc2s1,0,authentic,authentic,,,c1ccc(Sc2cncc3sccc23)cc1,train,285.437,5.3183200000000035,0.6458070072346953,19,29
subcategory_bioisostere.add-S_702,CCOC(=O)C(CCc1ccccc1)NC1CCCCC(C)N(CCC(=O)O)C1=O.O=C(O)C(F)(F)F,0,authentic,authentic,,,O=C1NCCCCCC1NCCCc1ccccc1,train,532.5560000000005,3.408200000000001,0.39069887491538735,37,62
subcategory_bioisostere.add-S_1567,CSc1cc(C)ccc1Oc1ccccc1F,1,bioisostere,add-S,Cc1ccc(Oc2ccccc2F)c(CC(=O)O)c1,1 2,c1ccc(Oc2ccccc2)cc1,train,248.32199999999997,4.648320000000003,0.7311950233269698,17,23
subcategory_bioisostere.add-S_87,O[C@@H](c1ccc(F)cc1)[C@](O)(Cn1cncn1)c1ccc(F)cc1,0,authentic,authentic,,,c1ccc(CC(Cn2cncn2)c2ccccc2)cc1,train,331.322,2.1776999999999997,0.7516621602417527,24,48
subcategory_bioisostere.add-S_316,CC(Sc1ccc(-c2ccccc2)cc1)C(N)=O,0,authentic,authentic,,,c1ccc(-c2ccccc2)cc1,train,257.358,3.3195000000000014,0.853777045797001,18,30
subcategory_bioisostere.add-S_504,CCON(C(=O)NS(=O)(=O)c1ccc(CCNC(=O)c2cc(Cl)ccc2OC)cc1)C1CCCCC1,0,authentic,authentic,,,O=C(NC1CCCCC1)NS(=O)(=O)c1ccc(CCNC(=O)c2ccccc2)cc1,train,538.0660000000001,4.3056000000000045,0.43657677751020324,36,61
subcategory_bioisostere.add-S_243,CCN(CC)CCCC(C)Nc1c(-c2ccc(C)cc2)cnc2ccccc12,0,authentic,authentic,,,c1ccc(-c2cnc3ccccc3c2)cc1,train,375.56000000000006,6.132620000000006,0.487257445744744,28,43
subcategory_bioisostere.add-S_499,COc1cc(N)c(Cl)cc1C(=O)NC1CCN(CC2CCN(C(=O)CCl)CC2)CC1,0,authentic,authentic,,,O=C(NC1CCN(CC2CCNCC2)CC1)c1ccccc1,train,457.4020000000004,2.6024000000000003,0.506708110952434,30,52
subcategory_bioisostere.add-S_348,CC[C@H]1OC(=O)CC(O)[C@H](C)[C@@H](O[C@@H]2O[C@H](C)C[C@H](N(C)C)[C@H]2O)[C@@H](CCNC(CO)CO)C[C@@H](C)C(=O)/C=C/C(C)=C/[C@@H]1C,0,authentic,authentic,,,O=C1/C=C/C=C/CCOC(=O)CCC[C@@H](O[C@H]2CCCCO2)CCC1,train,640.8590000000003,2.2031000000000036,0.22307692412769647,45,125
subcategory_bioisostere.add-S_1243,COc1cc([C@@H]2c3cc4c(cc3[C@@H](Nc3ccc(C(=O)NCC(=O)OCc5ccccc5)cc3)[C@@H](CO)[C@@H]2SC)OCO4)cc(OC)c1O,1,bioisostere,add-S,COc1cc([C@@H]2c3cc4c(cc3[C@@H](Nc3ccc(C(=O)NCC(=O)OCc5ccccc5)cc3)[C@H]3COC(=O)[C@H]23)OCO4)cc(OC)c1O,37 38 39,O=C(CNC(=O)c1ccc(N[C@@H]2c3cc4c(cc3[C@@H](c3ccccc3)[C@H]3C(=O)OC[C@@H]32)OCO4)cc1)OCc1ccccc1,val,686.7830000000002,5.250100000000005,0.14513551499607685,49,99
subcategory_bioisostere.add-S_723,C[N+]1(CCCC(=O)c2ccc3c(c2)OCCO3)CCC(c2ccccc2)C1,0,authentic,authentic,,,O=C(CCC[NH+]1CCC(c2ccccc2)C1)c1ccc2c(c1)OCCO2,train,366.48100000000005,4.054800000000003,0.5713761183649607,27,47
subcategory_bioisostere.add-S_932,CSOC1(c2ccccc2)Sc2ccccc2-n2cccc21,1,bioisostere,add-S,CC(=O)OC1(c2ccccc2)Sc2ccccc2-n2cccc21,0 1 2,c1ccc(C2Sc3ccccc3-n3cccc32)cc1,train,325.4580000000001,5.078700000000004,0.6239900203718799,22,33
subcategory_bioisostere.add-S_1454,CC/C(=C\c1ccccc1)c1ccc(OS(=O)(=O)O)cc1,1,bioisostere,add-S,CC/C(=C\c1ccccc1)c1ccc(OCCN(C)C)cc1,13 14 15 16 17 18,C(=Cc1ccccc1)c1ccccc1,train,304.367,3.818800000000002,0.6734944900560009,21,38
subcategory_bioisostere.add-S_445,CC(=O)OC(C)N1C(=O)CCc2ccc(OCCCCN3CCN(c4cccc(Cl)c4Cl)CC3)cc21,0,authentic,authentic,,,O=C1CCc2ccc(OCCCCN3CCN(c4ccccc4)CC3)cc2N1,train,534.4840000000003,5.162900000000005,0.32724016467446304,36,60
subcategory_bioisostere.add-S_446,CC(=N)NC1c2ccccc2Oc2ccccc21,0,authentic,authentic,,,c1ccc2c(c1)Cc1ccccc1O2,train,238.29,3.4684700000000017,0.5899196756761856,18,27
subcategory_bioisostere.add-S_642,Cc1cc(OC(F)(F)F)cc2ccn(Cc3c(Cl)ccc(C(=O)N4CCC(CCC(=O)O)CC4)c3Cl)c12,0,authentic,authentic,,,O=C(c1cccc(Cn2ccc3ccccc32)c1)N1CCCCC1,val,557.3960000000004,6.920420000000005,0.34251217399450906,37,67
subcategory_bioisostere.add-S_1298,CCOc1cc(SC)c(C(=O)C(F)CC2CCN(CC3CCCC3)CC2)cc1OCC,1,bioisostere,add-S,CCOc1cc2c(cc1OCC)C(=O)C(F)(CC1CCN(CC3CCCC3)CC1)C2,0 1 2 3 4 5 6 7 8 9 10 11 12 13 14 16 17 19,O=C1c2ccccc2CC1CC1CCN(CC2CCCC2)CC1,train,451.64800000000037,6.019000000000006,0.3038426817656246,31,48
subcategory_bioisostere.add-S_595,O=C(N[C@H](CNC(=O)c1ccc(Cl)s1)C(=O)N(F)c1ccc(N2CCOCC2=O)cc1)OCCO,0,authentic,authentic,,,O=C(CCNC(=O)c1cccs1)Nc1ccc(N2CCOCC2=O)cc1,train,528.9460000000005,1.4992999999999999,0.41930322126010316,35,64
subcategory_bioisostere.add-S_312,O=C(CN1CC(NC(=O)c2ccc(Cl)s2)C(C(F)(F)F)C1)Nc1ccc(N2CCOCC2=O)cc1,0,authentic,authentic,,,O=C(CN1CCC(NC(=O)c2cccs2)C1)Nc1ccc(N2CCOCC2=O)cc1,train,530.9560000000004,2.9959000000000016,0.5991048811447431,35,63
subcategory_bioisostere.add-S_1371,CC[C@H](CS(C)(=O)=O)Nc1nc(NCc2ccccc2)c2ncn(C(C)C)c2n1,1,bioisostere,add-S,CC[C@H](CO)Nc1nc(NCc2ccccc2)c2ncn(C(C)C)c2n1,0 1 2 4 5 6 7 8 9 10 11 12 13 14 15 16 17 18 19 20 21 22 23 24 25 26 27 28,c1ccc(CNc2ncnc3[nH]cnc23)cc1,train,416.55100000000016,3.254400000000002,0.5518941941533276,29,53
subcategory_bioisostere.add-S_387,COc1ccccc1C(=O)NC1CCN(C)CC1,0,authentic,authentic,,,O=C(NC1CCNCC1)c1ccccc1,train,248.32599999999994,1.5191999999999999,0.8814982675760282,18,27
subcategory_bioisostere.add-S_846,CCCn1c(SC)c(C#N)c2ncnc(N3CCN(CCc4ccccc4)CC3)c21,1,bioisostere,add-S,N#Cc1c2n(c3c(N4CCN(CCc5ccccc5)CC4)ncnc13)CCCC2,0 1 2 3 5 6 7 8 9 10 11 12 13 14 15 16 17 18 19 20 21 22 23 24 25 26 27 28,c1ccc(CCN2CCN(c3ncnc4cc5n(c34)CCCC5)CC2)cc1,test,420.58600000000024,3.7995800000000024,0.5420065350319621,30,47
subcategory_bioisostere.add-S_181,Clc1nc(-c2cccs2)nc2c1ncn2Cc1ccccc1,0,authentic,authentic,,,c1ccc(Cn2cnc3cnc(-c4cccs4)nc32)cc1,train,326.812,4.256500000000003,0.5283666115772764,22,34
subcategory_bioisostere.add-S_1376,CS(=O)(=O)Nc1nc(N)nnc1-c1cccc(Cl)c1Cl,1,bioisostere,add-S,Nc1nnc(-c2cccc(Cl)c2Cl)c(NO)n1,0 1 2 3 5 6 7 8 9 10 11 12 13 14 15 16 17 18 19,c1ccc(-c2cncnn2)cc1,train,334.1880000000001,1.7990999999999997,0.8853095712101642,20,37
subcategory_bioisostere.add-S_269,CCN1CCC[C@H]1CNC(=O)c1c(OC)ccc(Cl)c1OC,0,authentic,authentic,,,O=C(NC[C@@H]1CCCN1)c1ccccc1,train,326.82400000000007,2.571300000000001,0.8726476290790756,22,38
subcategory_bioisostere.add-S_98,COc1cccc(C(=O)CCCN2CCN(c3ccccc3OC)CC2)c1,0,authentic,authentic,,,O=C(CCCN1CCN(c2ccccc2)CC1)c1ccccc1,test,368.4770000000001,3.488900000000002,0.6674349738664955,27,40
subcategory_bioisostere.add-S_1287,CCN(CC)CCOc1ccc(CO)c(-c2c(CCSC)oc3ccccc23)c1,1,bioisostere,add-S,CCCCc1oc2ccccc2c1-c1cc(OCCN(CC)CC)ccc1CO,1 2,c1ccc(-c2coc3ccccc23)cc1,train,413.58300000000014,5.218200000000006,0.46699699569111386,29,44
subcategory_bioisostere.add-S_455,CCCCc1nc(NC2CCCCC2)c2sccc2n1,0,authentic,authentic,,,c1nc(NC2CCCCC2)c2sccc2n1,train,289.448,4.778500000000004,0.8605390337812169,20,28
subcategory_bioisostere.add-S_883,CSCCN(Cc1ccccc1)CC(O)(Cn1cncn1)c1ccc(F)cc1F,1,bioisostere,add-S,CCCN(Cc1ccccc1)CC(O)(Cn1cncn1)c1ccc(F)cc1F,1 2,c1ccc(CNCC(Cn2cncn2)c2ccccc2)cc1,train,418.5130000000001,3.309300000000002,0.5475458899108878,29,43
subcategory_bioisostere.add-S_515,COP(=O)(CCc1c(-c2ccc(F)cc2)c2ccccc2n1C(C)C)CC(=O)CC(=O)O,0,authentic,authentic,,,c1ccc(-c2c[nH]c3ccccc23)cc1,train,459.4540000000003,5.539100000000005,0.3178789342450742,32,56
subcategory_bioisostere.add-S_1486,COc1ccc(OS(=O)(=O)O)c(C(=O)N(C)Cc2ccc(F)cc2)c1,1,bioisostere,add-S,COc1ccc(OC2CCN(C3CCCC3)CC2)c(C(=O)N(C)Cc2ccc(F)cc2)c1,5 6 7 8 9 10,O=C(NCc1ccccc1)c1ccccc1OC1CCN(C2CCCC2)CC1,train,369.37000000000006,2.2881,0.7855528767834957,25,46
subcategory_bioisostere.add-S_1464,O=S(=O)(O)OCCN1CCN([C@@H](c2ccccc2)c2cccc(Cl)c2)CC1,1,bioisostere,add-S,O=C(O)COCCN1CCN([C@@H](c2ccccc2)c2cccc(Cl)c2)CC1,0 1 2 3 4 5,c1ccc(C(c2ccccc2)N2CCNCC2)cc1,train,410.9230000000001,2.8664000000000023,0.707611843731247,27,51
subcategory_bioisostere.add-S_1289,CSc1cc(-c2ccc(-n3ccnc3)cc2)nnc1O,1,bioisostere,add-S,NC(=O)c1cc(-c2ccc(-n3ccnc3)cc2)nnc1O,0 1 2,c1cnnc(-c2ccc(-n3ccnc3)cc2)c1,test,284.34400000000005,2.7568000000000015,0.7492008063477771,20,32
subcategory_bioisostere.add-S_502,CN1CCN(C2=Nc3ccccc3Nc3cc(Cl)c(Cl)c(Cl)c32)CC1,0,authentic,authentic,,,c1ccc2c(c1)N=C(N1CCNCC1)c1ccccc1N2,train,395.7210000000002,5.029500000000003,0.6347298828832738,25,45
subcategory_bioisostere.add-S_628,CO[C@@H]1[C@@H](O)[C@H](O[C@H]2CC[C@@]3(C)[C@H](CC[C@@H]4[C@@H]3CC[C@]3(C)[C@@H](C5=CC(=O)OC5)CC[C@]43O)C2)O[C@H](C)[C@H]1O,0,authentic,authentic,,,O=C1C=C([C@H]2CCC3C2CC[C@@H]2C4CC[C@H](O[C@H]5CCCCO5)C[C@H]4CC[C@@H]32)CO1,train,534.6900000000005,3.110200000000002,0.3724448128435622,38,123
subcategory_bioisostere.add-S_146,COc1ccc(C[C@H]2NC(=O)/C=C/C[C@@H]([C@H](C)/C=C/c3ccccc3)OC(=O)[C@@H](CC(C)C)OC(=O)CCNC2=O)cc1Cl,0,authentic,authentic,,,O=C1/C=C/C[C@@H](C/C=C/c2ccccc2)OC(=O)COC(=O)CCNC(=O)[C@@H](Cc2ccccc2)N1,train,625.1620000000003,5.061300000000005,0.3939972962081928,44,95
subcategory_bioisostere.add-S_818,CSC1=Nc2ccccc2N(C)c2ccc(Cl)cc21,1,bioisostere,add-S,CN1c2ccccc2N=C(C2CCNCC2)c2cc(Cl)ccc21,1 2,c1ccc2c(c1)N=C(C1CCNCC1)c1ccccc1N2,train,288.80300000000005,4.862600000000003,0.6876262991785073,19,31
subcategory_bioisostere.add-S_674,Cc1noc(NS(=O)(=O)c2cccc3c(C(C)(C)O)cccc23)c1C,0,authentic,authentic,,,O=S(=O)(Nc1ccno1)c1cccc2ccccc12,train,360.4350000000001,3.4728400000000024,0.7430475258477013,25,45
subcategory_bioisostere.add-S_447,C1COCCO1.Cc1nc(-c2ccc(OCC(C)C)c(C#N)c2)sc1C(=O)O,0,authentic,authentic,,,C1COCCO1.c1ccc(-c2nccs2)cc1,train,404.4880000000001,3.756400000000003,0.8093949985238913,28,48
subcategory_bioisostere.add-S_414,CN(C(=O)c1ccc(-c2ccc(NS(C)(=O)=O)cc2)cc1)[C@H]1CCN(C(=O)N2CC[C@H](NCCCc3ccccc3)C2)C1,0,authentic,authentic,,,O=C(N[C@H]1CCN(C(=O)N2CC[C@H](NCCCc3ccccc3)C2)C1)c1ccc(-c2ccccc2)cc1,train,603.7890000000003,4.288100000000004,0.3369741361725188,43,84
subcategory_bioisostere.add-S_836,CCOc1ccc(S(=O)(=O)N(CCN2CCOCC2)c2ccccc2)cc1-c1cc2c(CCSC)nn(C)c2c(=O)[nH]1,1,bioisostere,add-S,CCCc1nn(C)c2c(=O)[nH]c(-c3cc(S(=O)(=O)N(CCN4CCOCC4)c4ccccc4)ccc3OCC)cc12,1 2,O=c1[nH]c(-c2cccc(S(=O)(=O)N(CCN3CCOCC3)c3ccccc3)c2)cc2cn[nH]c12,train,611.7900000000001,3.7603000000000018,0.25804945810257285,42,73
subcategory_bioisostere.add-S_1111,CS(=O)(=O)c1ccc([C@@H]2[C@@H](CCOc3ccc(F)cc3)C(=O)N2c2ccccc2)cc1,1,bioisostere,add-S,COc1ccc([C@@H]2[C@@H](CCOc3ccc(F)cc3)C(=O)N2c2ccccc2)cc1,0 1 2 3 5 6 7 8 9 10 11 12 13 14 15 16 17 18 19 20 21 22 23 24 25 26 27 28 29,O=C1[C@H](CCOc2ccccc2)[C@@H](c2ccccc2)N1c1ccccc1,train,439.5080000000001,4.402400000000004,0.5120484982446777,31,64
subcategory_bioisostere.add-S_798,CCC(C)(C)NCC(O)COc1cc(CCC(=O)c2ccc(C)cc2)ccc1OC,0,authentic,authentic,,,O=C(CCc1ccccc1)c1ccccc1,train,413.5580000000001,4.337020000000004,0.506887912182968,30,47
subcategory_bioisostere.add-S_272,CCC(=O)Oc1ccc(C(=O)c2c(CC)oc3ccccc23)cc1,0,authentic,authentic,,,O=C(c1ccccc1)c1coc2ccccc12,train,322.35999999999996,4.541600000000003,0.3929334284693571,24,40
subcategory_bioisostere.add-S_1108,CNc1cc(OC)c(C(=O)NC[C@H]2CN(Cc3ccccc3)C[C@@H]2CCSC)cc1Cl,1,bioisostere,add-S,CCC[C@H]1CN(Cc2ccccc2)C[C@@H]1CNC(=O)c1cc(Cl)c(NC)cc1OC,1 2,O=C(NC[C@@H]1CCN(Cc2ccccc2)C1)c1ccccc1,train,462.0590000000002,4.621400000000004,0.5402542905501737,31,56
subcategory_bioisostere.add-S_1596,CSCS(=O)(=O)Nc1ccc(C(=O)O)nc1,1,bioisostere,add-S,CCCCS(=O)(=O)Nc1ccc(C(=O)O)nc1,0 1 2,c1ccncc1,train,262.312,0.842,0.8159622602185367,16,29
subcategory_bioisostere.add-S_1282,C=C1CCOC2([C@@H](O)[C@@](C)(O)CO)NC(=O)[C@@]1(NOS(=O)(=O)O)NC2=O,1,bioisostere,add-S,C=C1CCOC2([C@@H](O)[C@@](C)(O)CO)NC(=O)[C@@]1(NO)NC2=O,17 18 19 20 21 22,C=C1CCOC2NC(=O)C1NC2=O,test,397.3620000000001,-3.9702999999999955,0.13074020226746536,26,64
subcategory_bioisostere.add-S_1290,CSC(C)(C)n1cc(C(=O)O)c(=O)c2cc(F)c(N3CCC(N)C3)nc21,1,bioisostere,add-S,CC(C)(C)n1cc(C(=O)O)c(=O)c2cc(F)c(N3CCC(N)C3)nc21.CS(=O)(=O)O,0 1 3 4 5 6 7 8 9 10 11 12 13 14 15 16 17 18 19 20 21 22 23 24,O=c1cc[nH]c2nc(N3CCCC3)ccc12,train,380.4450000000002,1.8268,0.834217712550893,26,50
subcategory_bioisostere.add-S_1160,CSCc1cc(O)c2cc(I)ccc2n1,1,bioisostere,add-S,O=C(O)c1cc(O)c2cc(I)ccc2n1,0 1 2 3,c1ccc2ncccc2c1,train,331.178,3.4080000000000013,0.8564491249050498,15,23
subcategory_bioisostere.add-S_1054,CCc1nc2c(-c3ccc(Cl)cc3C(C)=O)ccnc2n1C(C)CCSC,1,bioisostere,add-S,CCCC(C)n1c(CC)nc2c(-c3ccc(Cl)cc3C(C)=O)ccnc21,1 2,c1ccc(-c2ccnc3[nH]cnc23)cc1,train,401.96300000000014,5.830800000000004,0.46699335709750345,27,44
subcategory_bioisostere.add-S_843,O=P(O)(O)O[C@@H]1[C@@H](O)[C@H](O)[C@H](O)[C@H](O)[C@H]1OP(=O)(O)S(=O)(=O)O,1,bioisostere,add-S,O=P(O)(O)O[C@@H]1[C@@H](O)[C@H](O)[C@H](O)[C@H](O)[C@H]1OP(=O)(O)O,16 19 20 21 22,C1CCCCC1,train,404.1790000000001,-3.7051000000000007,0.1621784991240633,23,75
subcategory_bioisostere.add-S_1155,CCN(CC(C)C)[C@H](CNC(=O)c1ccc(Cl)s1)C(=O)Nc1ccc(N(C)C(=O)CS(C)(=O)=O)c(F)c1,1,bioisostere,add-S,CCN(CC(C)C)[C@H](CNC(=O)c1ccc(Cl)s1)C(=O)Nc1ccc(N2CCOCC2=O)c(F)c1,0 1 2 3 4 5 6 7 8 9 10 11 12 13 14 15 16 17 18 19 20 21 22 23 24 25 26 27 28 30 31 32 33 34 35 36,O=C(CCNC(=O)c1cccs1)Nc1ccc(N2CCOCC2=O)cc1,train,575.1280000000003,3.2630000000000017,0.4019220795859489,37,75
subcategory_bioisostere.add-S_1137,CSc1ccc(OC[C@H](O)C[NH+]2CCC[C@H](C(F)(F)F)C2)cc1,1,bioisostere,add-S,O=C(c1ccccc1)c1ccc(OC[C@H](O)C[NH+]2CCC[C@H](C(F)(F)F)C2)cc1,1 2,O=C(c1ccccc1)c1ccc(OCCC[NH+]2CCCCC2)cc1,test,350.426,2.0054,0.770422194605689,23,49
subcategory_bioisostere.add-S_4,CNC(=O)C1CN(C2c3ccc(Cl)cc3CCc3cc(Br)cnc32)CCN1C(=O)Cc1ccc(Cl)cc1,0,authentic,authentic,,,O=C(Cc1ccccc1)N1CCN(C2c3ccccc3CCc3cccnc32)CC1,train,602.3600000000002,4.840400000000005,0.46473957622665024,37,64
subcategory_bioisostere.add-S_1381,CSC(C)(C)C1Nc2cc(Cl)c(S(N)(=O)=O)cc2S(=O)(=O)N1,1,bioisostere,add-S,CC(C)(C)C1Nc2cc(Cl)c(S(N)(=O)=O)cc2S(=O)(=O)N1,1 2,O=S1(=O)NCNc2ccccc21,train,385.9200000000001,1.1589000000000003,0.7179492736568575,22,47
subcategory_bioisostere.add-S_636,CC(=O)N(C)C1CCN(c2cc(F)cc(NC(=O)c3cc4c(F)ccc(C)c4[nH]3)c2)C1,0,authentic,authentic,,,O=C(Nc1cccc(N2CCCC2)c1)c1cc2ccccc2[nH]1,train,426.46700000000016,4.063820000000002,0.6611071575563993,31,60
subcategory_bioisostere.add-S_118,COc1ccc(OC2CCN(C3CCCC3)CC2)c(C(=O)N(C)Cc2ccc(F)cc2)c1,0,authentic,authentic,,,O=C(NCc1ccccc1)c1ccccc1OC1CCN(C2CCCC2)CC1,train,440.5590000000001,4.892300000000005,0.614691395957167,32,53
subcategory_bioisostere.add-S_1130,C/C(=C\Cc1c(O)c2c(c(C)c1S(C)(=O)=O)COC2=O)CCCO,1,bioisostere,add-S,COc1c(C)c2c(c(O)c1C/C=C(\C)CCCO)C(=O)OC2,11 12 13 14 15,O=C1OCc2ccccc21,train,354.42400000000015,2.0358200000000006,0.5987569659098906,24,46
subcategory_bioisostere.add-S_364,CC(=O)Nc1ccc(-c2cn3nc(S(N)(=O)=O)sc3n2)cc1,0,authentic,authentic,,,c1ccc(-c2cn3ncsc3n2)cc1,train,337.386,1.0636,0.7404290186233512,22,42
subcategory_bioisostere.add-S_1269,CSc1cc(OCc2ccccc2)ccc1OCC(F)(F)F,1,bioisostere,add-S,O=C(NCc1cccc(=O)[nH]1)c1cc(OCc2ccccc2)ccc1OCC(F)(F)F,1 2,O=C(NCc1cccc(=O)[nH]1)c1cccc(OCc2ccccc2)c1,train,328.355,4.928600000000002,0.7007001130890131,22,32
subcategory_bioisostere.add-S_766,CN1CCc2cc(Cl)c(O)cc2C(c2cccc(Br)c2)C1,0,authentic,authentic,,,c1ccc(C2CNCCc3ccccc32)cc1,val,366.68600000000004,4.427900000000003,0.8069370630774007,21,37
subcategory_bioisostere.add-S_861,CSC[S@@](=O)C(c1ccccc1)c1ccccc1,1,bioisostere,add-S,CC(=O)C[S@@](=O)C(c1ccccc1)c1ccccc1,1 2,c1ccc(Cc2ccccc2)cc1,train,276.42600000000004,3.845200000000003,0.8249703544906041,18,31
subcategory_bioisostere.add-S_864,CC(C)N(C(=O)CN1C(=O)C(NC(=O)c2cc3ccccc3[nH]2)N=C(C2CCCCC2)c2ccccc21)c1ccc(OS(=O)(=O)O)cc1,1,bioisostere,add-S,COc1ccc(N(C(=O)CN2C(=O)C(NC(=O)c3cc4ccccc4[nH]3)N=C(C3CCCCC3)c3ccccc32)C(C)C)cc1,40 41 42 43 44 45,O=C(CN1C(=O)C(NC(=O)c2cc3ccccc3[nH]2)N=C(C2CCCCC2)c2ccccc21)Nc1ccccc1,test,671.7760000000005,5.263200000000005,0.20453108455677865,48,89
subcategory_bioisostere.add-S_1001,CCOC(=O)[C@H](CCc1ccccc1)NSC,1,bioisostere,add-S,CCOC(=O)[C@H](CCc1ccccc1)N[C@@H](C)C(=O)N1CCCC[C@H]1CC(=O)O,14 15 16,O=C(CNCCCc1ccccc1)N1CCCCC1,train,253.36700000000005,2.4185000000000008,0.5980676270942992,17,28
subcategory_bioisostere.add-S_30,OCCN(CCO)CC(c1ccccc1)c1ccccc1,0,authentic,authentic,,,c1ccc(Cc2ccccc2)cc1,train,285.38700000000006,2.1050999999999997,0.7804861151803634,21,29
subcategory_bioisostere.add-S_878,CCc1ccc(CN(CC(Cn2cncn2)(SCCO)c2ccc(F)cc2F)C(C)C)cc1,1,bioisostere,add-S,CCc1ccc(CN(CC(O)(Cn2cncn2)c2ccc(F)cc2F)C(C)C)cc1,9 16 17 18 19,c1ccc(CNCC(Cn2cncn2)c2ccccc2)cc1,train,474.6210000000002,4.650300000000004,0.4141659644516317,33,51
subcategory_bioisostere.add-S_1151,O=C(NCCCCCCNC(=O)c1ccccc1OS(=O)(=O)O)c1ccccc1O,1,bioisostere,add-S,O=C(NCCCCCCNC(=O)c1ccccc1O)c1ccccc1O,17 18 19 20 21 22,O=C(NCCCCCCNC(=O)c1ccccc1)c1ccccc1,test,436.48600000000016,2.294,0.3126399586735982,30,46
subcategory_bioisostere.add-S_588,CCOC(=O)C(=O)Nc1nc(-c2ccc(OC)cc2)cs1,0,authentic,authentic,,,c1ccc(-c2cscn2)cc1,train,306.343,2.3203000000000005,0.6926186221878954,21,36
subcategory_bioisostere.add-S_340,CC(=O)Oc1ccc(Nn2cccc2)cc1,0,authentic,authentic,,,c1ccc(Nn2cccc2)cc1,train,216.24,2.2885999999999997,0.6319652264533249,16,25
subcategory_bioisostere.add-S_673,COc1cc2cc([N+](=O)[O-])oc2c2ccccc12,0,authentic,authentic,,,c1ccc2c(c1)ccc1ccoc12,train,243.218,3.5028000000000015,0.5099675074346546,18,35
subcategory_bioisostere.add-S_503,CCC(O)(CC)CCN1CCC(c2noc3cc(F)ccc23)CC1,0,authentic,authentic,,,c1ccc2c(C3CCNCC3)noc2c1,train,334.4350000000001,4.087500000000003,0.8643594036238682,24,38
subcategory_bioisostere.add-S_336,COc1ccc(-n2nc(Sc3ccc(Cl)cc3)cc(CC[C@@H](C)NC(=O)[C@H]3CNCC[C@@H]3c3cccc(Cl)c3)c2=O)cc1,0,authentic,authentic,,,O=C(NCCCc1cc(Sc2ccccc2)nn(-c2ccccc2)c1=O)[C@H]1CNCC[C@@H]1c1ccccc1,train,637.6330000000004,6.529700000000007,0.20585514468219854,43,86
subcategory_bioisostere.add-S_1548,CSCCCC1Oc2c(C)c(C)c(O)c(C)c2S1,1,bioisostere,add-S,CCCCC1Oc2c(C)c(C)c(O)c(C)c2S1,0 1 2,c1ccc2c(c1)OCS2,test,284.44599999999997,4.271260000000003,0.8361006150500147,18,30
subcategory_bioisostere.add-S_1169,CNc1cc(OC)c(C(=O)NC[C@H]2CN(Cc3ccccc3)C[C@@H]2CSC)cc1Cl,1,bioisostere,add-S,CCC[C@H]1CN(Cc2ccccc2)C[C@@H]1CNC(=O)c1cc(Cl)c(NC)cc1OC,1 2,O=C(NC[C@@H]1CCN(Cc2ccccc2)C1)c1ccccc1,train,448.03200000000015,4.231300000000004,0.6020109513706636,30,55
subcategory_bioisostere.add-S_589,C[N+]1(C)C2CC(=O)[C@@H]1C[C@@H](OC(=O)C(O)(c1cccs1)c1cccs1)C2,0,authentic,authentic,,,O=C(O[C@H]1CC2CC(=O)[C@H](C1)[NH2+]2)C(c1cccs1)c1cccs1,train,392.5220000000001,2.5375000000000005,0.6415794721317781,26,61
subcategory_bioisostere.add-S_1121,CS(=O)(=O)c1ccc2nc(SCc3ccc(OCc4ccccc4)cc3)[nH]c2c1,1,bioisostere,add-S,COc1ccc2nc(SCc3ccc(OCc4ccccc4)cc3)[nH]c2c1,0 1 2 3 5 6 7 8 9 10 11 12 13 14 15 16 17 18 19 20 21 22 23 24 25 26 27,c1ccc(COc2ccc(CSc3nc4ccccc4[nH]3)cc2)cc1,test,424.54700000000014,4.837700000000003,0.43000926417377555,29,50
subcategory_bioisostere.add-S_817,Cc1ccc(C)n1Nc1ccc(N2CCN(CS)CC2)nn1,1,bioisostere,add-S,Cc1ccc(C)n1Nc1ccc(N2CCN(C)CC2)nn1,15 16 17,c1ccn(Nc2ccc(N3CCNCC3)nn2)c1,val,318.45000000000005,1.7794399999999997,0.8417600593032019,22,34
subcategory_bioisostere.add-S_1150,CS(=O)(=O)C[C@H](O)[C@@H]1C(=O)N(c2ccc(F)cc2)[C@@H]1c1ccc(OCc2ccccc2)cc1,1,bioisostere,add-S,O=C1[C@@H]([C@@H](O)CO)[C@@H](c2ccc(OCc3ccccc3)cc2)N1c1ccc(F)cc1,0 1 2 3 5 6 7 8 9 10 11 12 13 14 15 16 17 18 19 20 21 22 23 24 25 26 27 28 29 30 31 32,O=C1C[C@@H](c2ccc(OCc3ccccc3)cc2)N1c1ccccc1,val,469.53400000000016,3.514300000000002,0.5106749838593592,33,72
subcategory_bioisostere.add-S_914,CS[C@H]1O[C@@H](NC(=O)c2ncn[nH]2)[C@H](O)[C@@H]1O,1,bioisostere,add-S,NS(=O)(=O)OC[C@H]1O[C@@H](NC(=O)c2ncn[nH]2)[C@H](O)[C@@H]1O,1 2,O=C(N[C@H]1CCCO1)c1ncn[nH]1,train,260.27500000000003,-1.6982999999999997,0.5110233622178199,17,49
subcategory_bioisostere.add-S_1463,CSCC[C@H]1CCC[C@](CN)(CC(=O)O)C1,1,bioisostere,add-S,CCC[C@H]1CCC[C@](CN)(CC(=O)O)C1,0 1 3 4 5 6 7 8 9 10 11 12 13 14,C1CCCCC1,train,245.38799999999995,2.3495,0.753736154004385,16,32
subcategory_bioisostere.add-S_1285,CCC(c1ccc(O)cc1F)C(CSC)c1ccc(O)cc1F,1,bioisostere,add-S,CCC(c1ccc(O)cc1F)C(CC)c1ccc(O)cc1F,0 1 2 3 4 5 6 7 8 9 10 12 13 14 15 16 17 18 19 20 21 22,c1ccc(CCc2ccccc2)cc1,train,338.419,5.016400000000005,0.7771112544608675,23,35
subcategory_bioisostere.add-S_1434,COc1ccc(-n2nc(SC)c3c2C(=O)N(c2ccc(N4CCCC4=O)c(C)c2)CC3)cc1F,1,bioisostere,add-S,COc1ccc(-n2nc(C(N)=O)c3c2C(=O)N(c2ccc(N4CCCC4=O)c(C)c2)CC3)cc1F,1 2,O=C1CCCN1c1ccc(N2CCc3cnn(-c4ccccc4)c3C2=O)cc1,train,480.56500000000034,4.3800200000000045,0.5072721895684658,34,59
subcategory_bioisostere.add-S_1333,COc1cc2c(SC)c[nH]c2c(OC)c1OC,1,bioisostere,add-S,COc1cc2c(CCN(C)C)c[nH]c2c(OC)c1OC,1 2,c1ccc2[nH]ccc2c1,train,253.32299999999998,2.9156000000000013,0.8507956597430081,17,28
subcategory_bioisostere.add-S_1003,COCCOc1ccc(OS(=O)(=O)O)cc1C(=O)NCC1CCCCN1,1,bioisostere,add-S,CC(=O)O.COCCOc1ccc(OCC(F)(F)F)cc1C(=O)NCC1CCCCN1,8 9 10 11 12 13,O=C(NCC1CCCCN1)c1ccccc1,train,388.44200000000023,0.7653000000000005,0.41858994504202274,26,41
subcategory_bioisostere.add-S_1426,CSc1nnc(-c2ccccc2Cl)c(SC)n1,1,bioisostere,add-S,CSc1nnc(-c2ccccc2Cl)c(C)n1,1 2,c1ccc(-c2cncnn2)cc1,train,283.809,3.6358000000000015,0.8043612769983016,17,27
subcategory_bioisostere.add-S_1261,CSCC1OC(n2cnc(C(N)=O)n2)[C@H](O)[C@@H]1C,1,bioisostere,add-S,C[C@@H]1C(CO)OC(n2cnc(C(N)=O)n2)[C@@H]1O,0 1 2 3,c1ncn(C2CCCO2)n1,train,272.33000000000004,-0.36560000000000015,0.7751494370638966,18,40
subcategory_bioisostere.add-S_1165,CSC(C)c1ccc(C(c2ccns2)N2CCN(CCO)CC2)cc1,1,bioisostere,add-S,CC(C)c1ccc(C(c2ccns2)N2CCN(CCO)CC2)cc1,1 2,c1ccc(C(c2ccns2)N2CCNCC2)cc1,train,377.57900000000024,3.2664000000000017,0.8018275857374647,25,39
subcategory_bioisostere.add-S_844,CSC(C)(C)C1(O)CCN2CC3c4ccccc4CCc4cccc(c43)C2C1,1,bioisostere,add-S,CC(C)(C)C1(O)CCN2CC3c4ccccc4CCc4cccc(c43)C2C1,1 2,c1ccc2c(c1)CCc1cccc3c1C2CN1CCCCC31,train,393.59600000000023,4.940300000000005,0.7816331481306044,28,46
subcategory_bioisostere.add-S_100,O=C1CCc2ccc(OCCCCN3CCN(c4cccc(Cl)c4Cl)CC3)cc2N1C(=O)C1CCCC1,0,authentic,authentic,,,O=C1CCc2ccc(OCCCCN3CCN(c4ccccc4)CC3)cc2N1C(=O)C1CCCC1,val,544.523,5.970600000000006,0.3028915983950535,37,59
subcategory_bioisostere.add-S_1303,CSCn1c2ccccc2c2oc(C(=O)Nc3nn[nH]n3)cc(=O)c21,1,bioisostere,add-S,CCn1c2ccccc2c2oc(C(=O)Nc3nn[nH]n3)cc(=O)c21,1 2,O=C(Nc1nn[nH]n1)c1cc(=O)c2[nH]c3ccccc3c2o1,train,356.367,1.833599999999999,0.572387384985441,25,44
subcategory_bioisostere.add-S_1035,CCOC(=O)c1c(C(C)O)nc(CCSC)n1Cc1ccc(-c2ccccc2-c2nn[nH]n2)cc1,1,bioisostere,add-S,CCCCc1nc(C(C)O)c(C(=O)OCC)n1Cc1ccc(-c2ccccc2-c2nn[nH]n2)cc1,1 2,c1ccc(-c2nn[nH]n2)c(-c2ccc(Cn3ccnc3)cc2)c1,train,492.6050000000002,3.9140000000000024,0.3199124201659464,35,59
subcategory_bioisostere.add-S_436,Nc1nc(N)c2nc(CSc3ccc(Cl)cc3)cnc2n1,0,authentic,authentic,,,c1ccc(SCc2cnc3ncncc3n2)cc1,train,318.79300000000006,2.5299000000000005,0.7149145809509881,21,34
subcategory_bioisostere.add-S_690,CCOC(=O)C(CCc1ccccc1)NC(C)C(=O)N1CC2(C[C@H]1C(=O)O)SCCS2,0,authentic,authentic,,,O=C(CNCCCc1ccccc1)N1CCC2(C1)SCCS2,test,466.62500000000034,2.3908000000000005,0.5358568540176747,31,56
subcategory_bioisostere.add-S_1305,CCCCc1oc2ccccc2c1C(=O)c1cc(I)c(OS(=O)(=O)O)c(I)c1,1,bioisostere,add-S,CCCCc1oc2ccccc2c1C(=O)c1cc(I)c(OCCN)c(I)c1.Cl,19 20 21 22 23 24,O=C(c1ccccc1)c1coc2ccccc12,train,626.2060000000001,5.397200000000003,0.2148013044357581,28,49
subcategory_bioisostere.add-S_1524,COc1cnc(CS(=O)c2nc3ccc(OS(=O)(=O)O)cc3[nH]2)c(C)c1OC,1,bioisostere,add-S,COc1cnc(CS(=O)c2nc3ccc(OC(F)(F)Cl)cc3[nH]2)c(C)c1OC,14 15 16 17 18 19,O=S(Cc1ccccn1)c1nc2ccccc2[nH]1,train,427.46000000000015,1.7729199999999998,0.5396253910543765,28,52
subcategory_bioisostere.add-S_535,CCCCNCC(=O)Nc1cccc2c1CN(C)CC2c1ccc(Cl)cc1,0,authentic,authentic,,,c1ccc(C2CNCc3ccccc32)cc1,train,385.9390000000001,4.245500000000003,0.7002476814868255,27,41
subcategory_bioisostere.add-S_1480,CN(C)CCCC(O)(c1ccc(F)cc1)c1ccc(C=NOCc2ccccc2)cc1S,1,bioisostere,add-S,CN(C)CCCC1(c2ccc(F)cc2)OCc2cc(C=NOCc3ccccc3)ccc21,30 31,C(=NOCc1ccccc1)c1ccc2c(c1)COC2c1ccccc1,train,452.59500000000014,5.242800000000005,0.251123493749891,32,49
subcategory_bioisostere.add-S_1461,CCCCOC(=O)N(C)[C@@H](CS)C(=O)N[C@H](CCc1ccccc1)C(=O)O,1,bioisostere,add-S,CCCCOC(=O)N1CCC[C@H]1C(=O)N[C@H](CCc1ccccc1)C(=O)O,10 11,O=C(NCCCc1ccccc1)[C@@H]1CCCN1,train,396.5090000000002,2.3555,0.3941633831180271,27,53
subcategory_bioisostere.add-S_610,C=CC(=O)Oc1cc2c(cc1I)-c1c(cc(OC)c(OC)c1OC)CC[C@@H]2NC(C)=O,0,authentic,authentic,,,c1ccc2c(c1)CCCc1ccccc1-2,train,537.3500000000004,4.198800000000003,0.2576479934905655,31,58
subcategory_bioisostere.add-S_1095,COCC1=C(C(=O)OS(=O)(=O)O)[C@H](c2ccc(F)c(F)c2)N(C(=O)N[C@@H]2CC[C@@H](N3CCC(C#N)(c4ccccc4)CC3)C2)C(=O)N1,1,bioisostere,add-S,COCC1=C(C(=O)OC)[C@H](c2ccc(F)c(F)c2)N(C(=O)N[C@@H]2CC[C@@H](N3CCC(C#N)(c4ccccc4)CC3)C2)C(=O)N1,5 7 8 9 10 11,O=C1NC=C[C@H](c2ccccc2)N1C(=O)N[C@@H]1CC[C@@H](N2CCC(c3ccccc3)CC2)C1,test,673.695,3.4656800000000025,0.351681032277541,47,104
subcategory_bioisostere.add-S_537,CCCNCC(O)COc1ccc2c(=O)c(-c3ccccc3)c(C(F)(F)F)oc2c1.Cl,0,authentic,authentic,,,O=c1c(-c2ccccc2)coc2ccccc12,train,457.87600000000003,4.639900000000004,0.48209812563555626,31,53
subcategory_bioisostere.add-S_655,CCN(C)CC(C(=O)Nc1c(C)cccc1C)N(C)CC,0,authentic,authentic,,,c1ccccc1,train,291.4390000000001,2.5139400000000007,0.8382593141717203,21,34
subcategory_bioisostere.add-S_160,CCCC(Nc1cc(Cl)c(S(=O)(=O)NCc2ccc(C)o2)cc1C(=O)O)c1ccccc1,0,authentic,authentic,,,O=S(=O)(NCc1ccco1)c1ccc(NCc2ccccc2)cc1,test,476.9820000000002,5.371420000000004,0.36261495454515863,32,56
subcategory_bioisostere.add-S_424,Nc1nnc(-c2cc(Cl)cc(Cl)c2)c(-c2ccccc2)n1,0,authentic,authentic,,,c1ccc(-c2ncnnc2-c2ccccc2)cc1,train,317.17900000000003,4.094600000000002,0.7727956668931659,21,39
subcategory_bioisostere.add-S_1127,[2H]c1c([2H])c(-c2ccccc2-c2nn[nH]n2)c([2H])c([2H])c1Cn1c(SC)nc(Cl)c1C(=O)O,1,bioisostere,add-S,[2H]c1c([2H])c(-c2ccccc2-c2nn[nH]n2)c([2H])c([2H])c1Cn1c(CCCC)nc(Cl)c1C(=O)O,1 2,c1ccc(-c2nn[nH]n2)c(-c2ccc(Cn3ccnc3)cc2)c1,train,430.91340711200013,3.852000000000001,0.4467837994207471,29,74
subcategory_bioisostere.add-S_1363,CCOC(=O)c1nn(-c2ccc(OC)c(F)c2)c(C(=O)Nc2ccc(N3CCCC3=O)cc2)c1SC,1,bioisostere,add-S,CCOC(=O)c1nn(-c2ccc(OC)c(F)c2)c2c1CCN(c1ccc(N3CCCC3=O)cc1)C2=O,0 1 2 3 4 5 6 7 8 9 10 11 12 13 14 15 16 17 18 19 20 21 22 23 24 25 26 27 28 29 30 31 32 34,O=C1CCCN1c1ccc(N2CCc3cnn(-c4ccccc4)c3C2=O)cc1,train,512.5630000000003,4.297700000000003,0.35465542547833473,36,62
subcategory_bioisostere.add-S_240,CC(=O)c1ccccc1OCC(O)CN1CCCCC1,0,authentic,authentic,,,c1ccc(OCCCN2CCCCC2)cc1,train,277.364,2.1148,0.8091860753547151,20,29
subcategory_bioisostere.add-S_1184,COc1ccc(Oc2cc(SC)ccc2C(=O)NC2CCNC(=O)C2)cc1F,1,bioisostere,add-S,COc1ccc(Oc2cc(C(F)(F)F)ccc2C(=O)NC2CCNC(=O)C2)cc1F,1 2,O=C1CC(NC(=O)c2ccccc2Oc2ccccc2)CCN1,train,404.46300000000014,3.3569000000000013,0.722352449119741,28,44
subcategory_bioisostere.add-S_50,COCCOCCOc1ccnc(CS(=O)c2nc3ccc(C(F)(F)F)cc3[nH]2)c1C,0,authentic,authentic,,,O=S(Cc1ccccn1)c1nc2ccccc2[nH]1,train,457.47400000000016,3.6347200000000024,0.46813111685121195,31,51
subcategory_bioisostere.add-S_1133,CC(C)NC(=O)c1cc(-c2ccccc2)nn1-c1ccc(S(C)(=O)=O)cc1,1,bioisostere,add-S,COc1ccc(-n2nc(-c3ccccc3)cc2C(=O)NC(C)C)cc1,0 1 2 3 4 5 6 7 8 9 10 11 12 13 14 15 16 17 18 19 21 22 23 24 25,c1ccc(-c2ccn(-c3ccccc3)n2)cc1,val,383.4730000000001,3.0810000000000013,0.7340981290261903,27,50
subcategory_bioisostere.add-S_645,CCCCc1nc(C(=O)O)c(C(C)(O)CC)n1Cc1ccc(-c2ccccc2-c2nn[nH]n2)cc1,0,authentic,authentic,,,c1ccc(-c2nn[nH]n2)c(-c2ccc(Cn3ccnc3)cc2)c1,train,474.5650000000001,4.4368000000000025,0.30976339135536235,35,61
subcategory_bioisostere.add-S_1366,Cc1cc(C)cc(C(=O)c2oc3ccccc3c2Cc2ccc(S(C)(=O)=O)cc2)c1,1,bioisostere,add-S,CCN(CC)CCOc1ccc(Cc2c(C(=O)c3cc(C)cc(C)c3)oc3ccccc23)cc1,0 1 2 3 4 5 6 7 8 9 10 11 12 13 14 15 16 17 18 19 20 21 23 24 25 26 27 28 29,O=C(c1ccccc1)c1oc2ccccc2c1Cc1ccccc1,val,418.5140000000001,5.274940000000005,0.41400573625180814,30,53
subcategory_bioisostere.add-S_561,COc1cc2c(cc1OC)C(=O)C(Oc1cccc(CN3CCOCC3)c1)C2,0,authentic,authentic,,,O=C1c2ccccc2CC1Oc1cccc(CN2CCOCC2)c1,val,383.4440000000003,2.7224000000000013,0.7645893014244632,28,45
subcategory_bioisostere.add-S_1012,CS(=O)(=O)ON1CCC(c2noc3cc(F)ccc23)CC1,1,bioisostere,add-S,CCCC(=O)ON1CCC(c2noc3cc(F)ccc23)CC1,0 1 2 3 4 6 7 8 9 10 11 12 13 14 15 16 17 18 19,c1ccc2c(C3CCNCC3)noc2c1,train,314.3380000000001,2.0375,0.8630098666411194,21,37
subcategory_bioisostere.add-S_1143,CSc1ccc(-c2ccc(Cn3cncn3)cc2)cc1,1,bioisostere,add-S,FC(F)(F)c1ccc(-c2ccc(Cn3cncn3)cc2)cc1,1 2,c1ccc(-c2ccc(Cn3cncn3)cc2)cc1,train,281.384,3.715300000000002,0.6829211272924911,20,31
subcategory_bioisostere.add-S_183,CO[C@@H]1C[C@H](O[C@H]2CC[C@@]3(C)[C@H](CC[C@@H]4[C@@H]3CC[C@]3(C)[C@@H](C5=CC(=O)OC5)[C@@H](OC(=O)CC(C)C)C[C@@]43O)C2)O[C@H](C)[C@H]1O,0,authentic,authentic,,,O=C1C=C([C@H]2CCC3C2CC[C@@H]2C4CC[C@H](O[C@H]5CCCCO5)C[C@H]4CC[C@@H]32)CO1,train,618.8080000000004,4.7072000000000065,0.30881943669127077,44,135
subcategory_bioisostere.add-S_1417,[3H]C1C2=CC(=O)C([3H])C([3H])[C@]2(C)[C@H]2CC[C@]3(C)[C@@H](OS(=O)(=O)O)CC[C@H]3[C@@H]2C1[3H],1,bioisostere,add-S,[3H]C1C2=CC(=O)C([3H])C([3H])[C@]2(C)[C@H]2CC[C@]3(C)[C@@H](O)CC[C@H]3[C@@H]2C1[3H],17 18 19 20 21 22,O=C1C=C2CC[C@H]3[C@@H]4CCCC4CC[C@@H]3C2CC1,train,376.5271971120001,3.7063000000000024,0.7432372224248335,25,93
subcategory_bioisostere.add-S_639,C/C(=N\Nc1nncc2ccccc12)c1cccc(F)c1,0,authentic,authentic,,,C(=NNc1nncc2ccccc12)c1ccccc1,train,280.30600000000004,3.6050000000000013,0.5887563373980187,21,34
subcategory_bioisostere.add-S_726,CCC1CC(F)(CC2Cc3cc(OC)c(OC)cc3C2=O)CCN1Cc1cccc(C)c1,0,authentic,authentic,,,O=C1c2ccccc2CC1CC1CCN(Cc2ccccc2)CC1,train,439.57100000000025,5.540220000000006,0.5677911635503269,32,51
subcategory_bioisostere.add-S_979,C=C(c1cc(Cl)ccc1OCC(O)SC)n1ccnc1,1,bioisostere,add-S,C=C(c1cc(Cl)ccc1OCC(O)CNC(C)C)n1ccnc1,11 13 14,C=C(c1ccccc1)n1ccnc1,train,310.806,3.1157000000000012,0.8328494036518318,20,32
subcategory_bioisostere.add-S_999,CO[C@H]1C=C[C@]2(COS(=O)(=O)O)c3cc4c(cc3C(O)N(C)[C@H]2C1)OCO4,1,bioisostere,add-S,CO[C@H]1C=C[C@@]23c4cc5c(cc4C(O)N(C[C@@H]2O)[C@H]3C1)OCO5,5 6 7 8 9 10 11,C1=C[C@]23CCN(Cc4cc5c(cc42)OCO5)[C@H]3CC1,val,399.42100000000016,0.7523000000000002,0.5589911771183408,27,61
subcategory_bioisostere.add-S_1563,COc1cc2c(cc1OS(=O)(=O)O)CCN(CCc1ccc(NC(=O)c3cccc(/C=c4\[nH]c(=O)/c(=C/c5ccccc5)n(C)c4=O)c3)cc1)C2,1,bioisostere,add-S,COc1cc2c(cc1OC)CN(CCc1ccc(NC(=O)c3cccc(/C=c4\[nH]c(=O)/c(=C/c5ccccc5)n(C)c4=O)c3)cc1)CC2,7 8 9 10 11 12,O=C(Nc1ccc(CCN2CCc3ccccc3C2)cc1)c1cccc(/C=c2\[nH]c(=O)/c(=C/c3ccccc3)[nH]c2=O)c1,train,708.7930000000001,2.7745000000000015,0.18557114385340595,51,97
subcategory_bioisostere.add-S_1181,CCN1CCN(CC(O)COc2ccc(F)cc2C(=O)CS)CC1,1,bioisostere,add-S,CCN1CCN(CC(O)COc2ccc(F)cc2C(=O)CCc2ccc(F)cc2)CC1.Cl,18 20 21,O=C(CCc1ccccc1)c1ccccc1OCCCN1CCNCC1,train,356.46300000000014,1.315399999999999,0.5434703562760606,24,37
subcategory_bioisostere.add-S_1031,COC1CC(OC2CCC3(CO)C4CCC5(C)C(C)(C=CC(=O)S)CCC5(O)C4CCC3(O)C2)OC(C)C1O,1,bioisostere,add-S,COC1CC(OC2CCC3(CO)C4CCC5(C)C6(C=CC(=O)OC6)CCC5(O)C4CCC3(O)C2)OC(C)C1O,20 21 22 23,O=C1C=CC2(CCC3C4CCC5CC(OC6CCCCO6)CCC5C4CCC32)CO1,train,568.7730000000004,3.1462000000000017,0.18805062905944736,39,69
subcategory_bioisostere.add-S_904,CCN(CCCc1nnc(-c2cccc(Cl)c2Cl)c(N)n1)CCOS(=O)(=O)O,1,bioisostere,add-S,Nc1nc(CCCN2CCOCC2)nnc1-c1cccc(Cl)c1Cl,22 23 24 25 26 27,c1ccc(-c2cnc(CCCN3CCOCC3)nn2)cc1,train,450.34800000000024,2.5015,0.5241938461341296,28,49
subcategory_bioisostere.add-S_523,CC.NSc1cc(C(=O)NCCO)c(NCc2ccco2)cc1Cl,0,authentic,authentic,,,c1ccc(NCc2ccco2)cc1,train,371.8900000000001,3.2592000000000017,0.5572219540839033,24,37
subcategory_bioisostere.add-S_360,COc1ccc(C[C@H]2NC(=O)/C=C/C[C@@H](C(=O)/C=C/c3ccccc3)OC(=O)[C@H](CC(C)C)OC(=O)[C@H](C)CNC2=O)cc1,0,authentic,authentic,,,O=C1/C=C/C[C@@H](C(=O)/C=C/c2ccccc2)OC(=O)COC(=O)CCNC(=O)[C@@H](Cc2ccccc2)N1,train,604.7000000000002,3.5869000000000018,0.3447115947428487,44,96
subcategory_bioisostere.add-S_1481,CSC(C)(C)c1cc(C/C=C/c2cccs2)cc(C(C)(C)C)c1O,1,bioisostere,add-S,CC(C)(C)c1cc(C/C=C/c2cccs2)cc(C(C)(C)C)c1O,0 1 3 4 5 6 7 8 9 10 11 12 13 14 15 16 17 18 19 20 21 22 23,C(=C\c1cccs1)/Cc1ccccc1,train,360.58800000000014,6.605200000000006,0.647502629505303,24,43
subcategory_bioisostere.add-S_458,CC(C)c1cc(-c2c(/C=C/C3CC(O)CC(=O)O3)n(C(C)C)c3ccccc23)ccc1F,0,authentic,authentic,,,O=C1CCCC(/C=C/c2[nH]c3ccccc3c2-c2ccccc2)O1,test,435.5390000000001,6.231400000000006,0.48335470719575235,32,59
subcategory_bioisostere.add-S_1043,CSc1cc(Cn2cncn2)cc(C(C)(C)C#N)c1,1,bioisostere,add-S,CC(C)(C#N)c1cc(Cn2cncn2)cc(C(C)(C)C#N)c1.O,0 1 3 4 5 6 7 8 9 10 11 12 13 14 15 16 17,c1ccc(Cn2cncn2)cc1,train,272.37699999999995,2.8494800000000016,0.8030689938998213,19,32
subcategory_bioisostere.add-S_1378,CN(CCc1ccc2c(c1)CS(=O)(=O)C2)C[C@@H]1CCCc2c1cccc2S(C)(=O)=O,1,bioisostere,add-S,COc1cccc2c1CCC[C@H]2CN(C)CCc1ccc2c(c1)CS(=O)(=O)C2,0 1 2 3 4 5 6 7 8 9 10 11 12 13 14 15 16 17 18 19 20 21 22 23 24 26 27 28,O=S1(=O)Cc2ccc(CCNC[C@@H]3CCCc4ccccc43)cc2C1,train,447.62200000000024,3.1129000000000016,0.6804436413222822,30,59
subcategory_bioisostere.add-S_822,CS(=O)(=O)Oc1ccc2c(c1)c1c(n2C(=O)c2ccc(Cl)cc2)CCC(C(=O)O)C1,1,bioisostere,add-S,N#Cc1ccc(COc2ccc3c(c2)c2c(n3C(=O)c3ccc(Cl)cc3)CCC(C(=O)O)C2)cc1,0 1 2 3 4 5,O=C(c1ccccc1)n1c2c(c3cc(OCc4ccccc4)ccc31)CCCC2,train,447.8960000000002,3.5111000000000017,0.613739357693481,30,59
subcategory_bioisostere.add-S_613,CC(=NCCCN1CCOCC1)Nc1ccnc2cc(Cl)ccc12,0,authentic,authentic,,,C(=NCCCN1CCOCC1)Nc1ccnc2ccccc12,test,346.862,3.440800000000002,0.5116134552555303,24,36
subcategory_bioisostere.add-S_854,CSONc1nnc(-c2cccc(Cl)c2Cl)c(N)n1,1,bioisostere,add-S,COCC(O)CONc1nnc(-c2cccc(Cl)c2Cl)c(N)n1,0 1 2,c1ccc(-c2cncnn2)cc1,train,318.1890000000001,3.0491,0.661615331373645,19,32
subcategory_bioisostere.add-S_1010,CCCCc1oc2ccccc2c1C(=O)c1ccc(OCC(O)CN(C)CCS(C)(=O)=O)cc1,1,bioisostere,add-S,CCCCc1oc2ccccc2c1C(=O)c1ccc(OCC(O)CN2CCOCC2)cc1,27 28 29 30 31,O=C(c1ccc(OCCCN2CCOCC2)cc1)c1coc2ccccc12,train,487.6180000000003,3.7225000000000037,0.3670714765288387,34,55
subcategory_bioisostere.add-S_856,CCc1ccc(SCCO)c(Sc2ccc(Cl)cc2)c1,1,bioisostere,add-S,CCc1ccc(O)c(Sc2ccc(Cl)cc2)c1,0 1 2 3 4 6 7 8 9 10 11 12 13 14 15 16 17 18,c1ccc(Sc2ccccc2)cc1,train,324.898,5.138000000000004,0.7430324281076897,20,31
subcategory_bioisostere.add-S_1007,C=C(c1ccccc1Cl)c1cc([N+](=O)S(=O)(=O)O)c(C)cc1NC(=O)CCC,1,bioisostere,add-S,C=C(c1ccccc1Cl)c1cc([N+](=O)[O-])c(C)cc1NC(=O)CCC,12 14 15 16 17,C=C(c1ccccc1)c1ccccc1,train,423.8980000000002,4.661720000000004,0.49743181248594015,28,55
subcategory_bioisostere.add-S_7,CC(C)C(=O)OCn1c(=O)ccc2ccc(OCCCCN3CCN(c4cccc(Cl)c4Cl)CC3)cc21,0,authentic,authentic,,,O=c1ccc2ccc(OCCCCN3CCN(c4ccccc4)CC3)cc2[nH]1,train,546.4950000000002,5.446200000000006,0.24920384519167674,37,61
subcategory_bioisostere.add-S_1198,COC(=O)c1ccc2oc(C(=O)[C@@H](NC(=O)[C@H](C)N(CSC)C(=O)[C@@H](NC(=O)c3ccc(S(N)(=O)=O)cc3)C(C)C)C(C)C)nc2c1,1,bioisostere,add-S,COC(=O)c1ccc2oc(C(=O)[C@@H](NC(=O)[C@@H]3CCCN3C(=O)[C@@H](NC(=O)c3ccc(S(N)(=O)=O)cc3)C(C)C)C(C)C)nc2c1,19 20 21,O=C(NCC(=O)N1CCC[C@H]1C(=O)NCC(=O)c1nc2ccccc2o1)c1ccccc1,train,689.8130000000001,2.5775000000000015,0.12730482476487265,47,104
subcategory_bioisostere.add-S_170,C=CCC1=C(C(=O)O)N2C(=O)[C@@H](NC(=O)[C@H](N)c3ccc(O)cc3)[C@H]2SC1,0,authentic,authentic,,,O=C(Cc1ccccc1)N[C@@H]1C(=O)N2C=CCS[C@H]12,train,389.43300000000005,0.7067000000000008,0.4158245926157529,27,65
subcategory_bioisostere.add-S_1340,O=C(C1CC1)N1CCN([C@H]2CCc3ccc(OS(=O)(=O)O)cc32)CC1,1,bioisostere,add-S,COc1ccc2c(c1)[C@@H](N1CCN(C(=O)C3CC3)CC1)CC2,15 16 17 18 19 20,O=C(C1CC1)N1CCN([C@H]2CCc3ccccc32)CC1,train,366.4390000000002,1.4096999999999997,0.8110077713853757,25,50
subcategory_bioisostere.add-S_733,CC1CC=C(C(O)(C(=O)OC2CC3C(O)C(I)[C@H](C2)[N+]3(C)C)c2cccs2)S1,0,authentic,authentic,,,O=C(OC1CC2CC[C@H](C1)[NH2+]2)C(C1=CCCS1)c1cccs1,train,536.4770000000001,3.042300000000002,0.2682467086210479,28,61
subcategory_bioisostere.add-S_508,COc1cc2c(cc1OC)C(=O)C(Oc1cccc(CN3CCCC3)c1)C2,0,authentic,authentic,,,O=C1c2ccccc2CC1Oc1cccc(CN2CCCC2)c1,train,367.4450000000003,3.4860000000000024,0.782230051389665,27,44
subcategory_bioisostere.add-S_1328,CC1(CCC(CN)C(=O)OS(=O)(=O)O)CCCCC1,1,bioisostere,add-S,CC1(CCC(CN)C(=O)O)CCCCC1,7 9 10 11 12 13,C1CCCCC1,train,293.3850000000001,1.6578999999999997,0.721167042806897,19,34
subcategory_bioisostere.add-S_1443,CSn1c2ccccc2n2c(=O)c(-c3cccs3)nnc12,1,bioisostere,add-S,Cn1c2ccccc2n2c(=O)c(-c3cccs3)nnc12,0 1 3 4 5 6 7 8 9 10 11 12 13 14 15 16 17 18 19,O=c1c(-c2cccs2)nnc2[nH]c3ccccc3n12,train,314.395,2.8988000000000014,0.5707245042602564,21,35
subcategory_bioisostere.add-S_421,CC1CC=C(C(O)(C(=O)OC2CC3C(O)C(I)C(C2)[N+]3(C)C)c2cccs2)S1,0,authentic,authentic,,,O=C(OC1CC2CCC(C1)[NH2+]2)C(C1=CCCS1)c1cccs1,val,536.4770000000001,3.042300000000002,0.2682467086210479,28,57
subcategory_bioisostere.add-S_300,C[C@@H]1CNC[C@]2(C1)OC(=O)Nc1ccc(Cl)c(F)c12,0,authentic,authentic,,,O=C1Nc2ccccc2[C@@]2(CCCNC2)O1,val,284.718,2.865900000000001,0.7701106537891217,19,43
subcategory_bioisostere.add-S_832,O=C1c2c(c(C(F)(F)F)nn2-c2ccc(SCCO)cc2)CCN1c1ccc(C2(CO)CCC2)cc1,1,bioisostere,add-S,COc1ccc(-n2nc(C(F)(F)F)c3c2C(=O)N(c2ccc(C4(CO)CCC4)cc2)CC3)cc1,0 1 2 3 4 5 6 7 8 9 10 11 12 13 15 16 17 18 19 20 21 22 23 24 25 26 27 28 29 30 31 32 33 34 35,O=C1c2c(cnn2-c2ccccc2)CCN1c1ccc(C2CCC2)cc1,test,517.5730000000004,4.592400000000003,0.44846487088025855,36,62
subcategory_bioisostere.add-S_96,OCOCCN1CCN([C@H](c2ccccc2)c2ccc(Cl)cc2)CC1,0,authentic,authentic,,,c1ccc(C(c2ccccc2)N2CCNCC2)cc1,train,360.8850000000001,3.0134000000000016,0.6079237901286917,25,42
subcategory_bioisostere.add-S_1195,CN1C2CCC(C)(C)C1CC(OS(=O)(=O)O)C2,1,bioisostere,add-S,CN1C2CCC(C)(C)C1CC(OC(=O)C(O)(c1cccs1)c1cccs1)C2.[Cl-].[H+],10 11 12 13 14 15,O=C(OC1CC2CCCC(C1)N2)C(c1cccs1)c1cccs1,test,263.35900000000004,1.4571999999999998,0.763921049210693,17,33
subcategory_bioisostere.add-S_20,Cc1ccc(C2=CC(c3cccc(C)c3)n3ncnc3N2)cc1,0,authentic,authentic,,,C1=C(c2ccccc2)Nc2ncnn2C1c1ccccc1,train,302.38100000000003,3.950940000000002,0.779137027654477,23,38
subcategory_bioisostere.add-S_1468,CS(=O)(=O)CCCCN1CCN(c2cccc(Cl)c2Cl)CC1,1,bioisostere,add-S,CC(C)N1C(=O)CCc2ccc(OCCCCN3CCN(c4cccc(Cl)c4Cl)CC3)cc21,0 1 2 3 4,O=C1CCc2ccc(OCCCCN3CCN(c4ccccc4)CC3)cc2N1,train,365.32600000000014,2.9402000000000017,0.7271843485793342,22,38
subcategory_bioisostere.add-S_637,O=C(O)C[C@@H](Cc1ccccc1)NC(=O)CCC(NC(=O)c1cc(Cl)cc(Cl)c1)C(=O)N1CCC2(CCCC2)CC1,0,authentic,authentic,,,O=C(CCC(NC(=O)c1ccccc1)C(=O)N1CCC2(CCCC2)CC1)NCCc1ccccc1,train,602.5589999999999,5.257000000000005,0.32485173402601863,41,78
subcategory_bioisostere.add-S_768,COc1ccc(S(=O)(=O)N(Cc2cccnc2)[C@@H](C(=O)NO)C(C)C)cc1,0,authentic,authentic,,,O=S(=O)(NCc1cccnc1)c1ccccc1,test,393.4650000000001,1.8110999999999997,0.522972461546258,27,53
subcategory_bioisostere.add-S_526,O=C(CBr)NCCn1cnc2ncnc-2c1O,0,authentic,authentic,,,c1nc2c[nH]cnc-2n1,val,300.11600000000004,-0.005400000000000182,0.775021039846789,17,26
subcategory_bioisostere.add-S_676,CC(C)NCC(O)COC(=O)c1ccc(F)cc1,0,authentic,authentic,,,c1ccccc1,train,255.289,1.3413999999999997,0.7531424437729529,18,29
subcategory_bioisostere.add-S_26,[2H]C1([2H])CCCC(NC(=O)NS(=O)(=O)c2ccc(CCNC(=O)c3cc(Cl)ccc3OC)cc2)C1,0,authentic,authentic,,,O=C(NC1CCCCC1)NS(=O)(=O)c1ccc(CCNC(=O)c2ccccc2)cc1,train,496.0252035560003,3.641700000000002,0.5170293463011854,33,68
subcategory_bioisostere.add-S_650,COCCCOc1cc[n+]([O-])c(CSc2nc3ccccc3[nH]2)c1C,0,authentic,authentic,,,c1ccc(CSc2nc3ccccc3[nH]2)[nH+]c1,val,359.451,3.212320000000002,0.28927774143051144,25,44
subcategory_bioisostere.add-S_602,COc1c(C)cnc(CS(=O)c2nc3cc4c(cc3[nH]2)OC(F)(F)C(F)(F)O4)c1OC,0,authentic,authentic,,,O=S(Cc1ccccn1)c1nc2cc3c(cc2[nH]1)OCCO3,test,461.3930000000001,3.5481200000000017,0.5809032323390054,31,59
subcategory_bioisostere.add-S_274,CCOC(=O)C(CSc1ccc(Br)cc1)n1c(=O)n2n(c1=O)C(C(=O)NCc1ccc(N)nc1C)C=CC2,0,authentic,authentic,,,O=C(NCc1cccnc1)C1C=CCn2c(=O)n(CCSc3ccccc3)c(=O)n21,train,603.499,2.183419999999999,0.21539288230333356,38,68
subcategory_bioisostere.add-S_47,CCCCCCCC[C@@]1(C(=O)O)C[C@@H]2CCC[C@@H]2N1C(=O)[C@H](C)N[C@@H](CCc1ccccc1)C(=O)OCC,0,authentic,authentic,,,O=C(CNCCCc1ccccc1)N1CC[C@@H]2CCC[C@@H]21,train,528.7340000000003,5.504000000000006,0.21715470199279993,38,82
subcategory_bioisostere.add-S_1083,CSc1cc(Cl)ccc1Oc1ccc(C)cc1CC(=O)O,1,bioisostere,add-S,Cc1ccc(Oc2ccc(Cl)cc2C)c(CC(=O)O)c1,1 2,c1ccc(Oc2ccccc2)cc1,train,322.8130000000001,4.789720000000003,0.8038912425108811,21,33
subcategory_bioisostere.add-S_777,Nc1nc2ccnc(-c3cccc(Br)c3)n2n1,0,authentic,authentic,,,c1ccc(-c2nccc3ncnn23)cc1,train,290.12399999999997,2.1359999999999992,0.7451240403702423,17,29
subcategory_bioisostere.add-S_40,CC[C@H]1OC(=O)[C@H](C)[C@H](O[C@H]2C[C@@](C)(OC)[C@@H](O)[C@H](C)O2)[C@@H](C)[C@@H](O[C@@H]2O[C@H](C)C[C@H](N(C)C)[C@H]2O)[C@@](C)(OC)C[C@@H](C)C(=O)[C@H](C)[C@H](O)[C@]1(C)O,0,authentic,authentic,,,O=C1CCCCOC(=O)C[C@H](O[C@H]2CCCCO2)C[C@@H](O[C@H]2CCCCO2)CCC1,val,747.9640000000002,2.439700000000004,0.26582942808159943,52,174
subcategory_bioisostere.add-S_1215,Cc1ccc(OS(=O)(=O)O)c(/C(=N/O)c2ccc(Cl)cc2)c1,1,bioisostere,add-S,Cc1ccc(O)c(/C(=N/O)c2ccc(Cl)cc2)c1,4 5 6 7 8 9,N=C(c1ccccc1)c1ccccc1,test,341.77200000000005,3.0566200000000006,0.38539748977096183,22,44
subcategory_bioisostere.add-S_1479,CCOc1ccc(S(=O)(=O)N2CCC(N(C)C)CC2)cc1-c1nn2c(CCSC)nc(C)c2c(=O)[nH]1,1,bioisostere,add-S,CCCc1nc(C)c2c(=O)[nH]c(-c3cc(S(=O)(=O)N4CCC(N(C)C)CC4)ccc3OCC)nn12,1 2,O=c1[nH]c(-c2cccc(S(=O)(=O)N3CCCCC3)c2)nn2cncc12,train,534.7080000000003,2.4119200000000003,0.4454233097605317,36,67
subcategory_bioisostere.add-S_104,CC(C)c1cc(-c2ccc(F)cc2)c(-c2ccccc2)n1/C=C/[C@@H](O)C[C@@H](O)CC(=O)O,0,authentic,authentic,,,c1ccc(-c2cc[nH]c2-c2ccccc2)cc1,train,437.51100000000014,5.141900000000008,0.43278544316777506,32,68
subcategory_bioisostere.add-S_603,NC(=O)CS(=O)Cc1ccccc1-c1cccc(Cl)c1,0,authentic,authentic,,,c1ccc(-c2ccccc2)cc1,train,307.802,2.7410000000000005,0.923012003538625,20,34
subcategory_bioisostere.add-S_762,CS(=O)(=O)c1cc(C(N)=O)c(NCc2ccco2)cc1Cl,0,authentic,authentic,,,c1ccc(NCc2ccco2)cc1,train,328.77700000000004,2.0475,0.8740238313684748,21,39
subcategory_bioisostere.add-S_198,Cc1ccc2c(c1)-c1oc(C(=O)O)cc(=O)c1CS2.NCCO,0,authentic,authentic,,,O=c1ccoc2c1CSc1ccccc1-2,test,335.3810000000001,1.8565200000000002,0.767188995723602,23,41
subcategory_bioisostere.add-S_874,CCCN(CCSC)C[C@@H](O)COc1ccc(O)cc1C(=O)CCc1ccccc1,1,bioisostere,add-S,O=C(CCc1ccccc1)c1cc(O)ccc1OC[C@H](O)CN1CCCCC1,0 1 2 3 5 6 7 8 9 10 11 12 13 14 15 16 17 18 19 20 21 22 23 24 25 26 27 28 29,O=C(CCc1ccccc1)c1ccccc1OCCCN1CCCCC1,train,431.5980000000002,4.022400000000004,0.4404043946752346,30,48
subcategory_bioisostere.add-S_1319,CN(C)CC(c1ccc(S(C)(=O)=O)cc1)C1(O)CCCCCCC1,1,bioisostere,add-S,COc1ccc(C(CN(C)C)C2(O)CCCCCCC2)cc1,0 1 2 3 4 5 6 7 9 10 11 12 13 14 15 16 17 18 19 20 21 22 23,c1ccc(CC2CCCCCCC2)cc1,val,353.52800000000025,3.210700000000002,0.882977421378703,24,42
subcategory_bioisostere.add-S_1004,CSCN1CC[C@H](c2ccc(F)cc2)[C@@H](COc2ccc3c(c2)OCO3)C1,1,bioisostere,add-S,CCCCCCN1CC[C@H](c2ccc(F)cc2)[C@@H](COc2ccc3c(c2)OCO3)C1.Cl,0 1 3 4 5 6 7 8 9 10 11 12 13 14 15 16 17 18 19 20 21 22 23 24 25,c1ccc([C@H]2CCNC[C@@H]2COc2ccc3c(c2)OCO3)cc1,train,389.4920000000002,4.3594000000000035,0.7327194902116687,27,52
subcategory_bioisostere.add-S_1436,COc1ccc(-n2nc(SC)c3c2C(=O)N(c2ccc(C4(C5=NC(C)(C)CO5)CC4)cc2)CC3)cc1,1,bioisostere,add-S,COc1ccc(-n2nc(C(F)(F)F)c3c2C(=O)N(c2ccc(C4(C5=NC(C)(C)CO5)CC4)cc2)CC3)cc1,1 2,O=C1c2c(cnn2-c2ccccc2)CCN1c1ccc(C2(C3=NCCO3)CC2)cc1,train,502.6400000000004,5.044600000000004,0.44170306668027237,36,67
subcategory_bioisostere.add-S_1584,CN1CCC(COS(C)(=O)=O)(c2ccc(F)c(F)c2)CC1,1,bioisostere,add-S,CN1CCC(COCc2cc(-c3ccccc3)cc(C(F)(F)F)c2C#N)(c2ccc(F)c(F)c2)CC1,5 6 7 8 9 10,c1ccc(-c2cccc(COCC3(c4ccccc4)CCNCC3)c2)cc1,val,319.37300000000005,1.9044000000000003,0.7954717805357875,21,39
subcategory_bioisostere.add-S_287,CC(C)n1c(C=CC=C[C@@H]2C[C@@H](O)CC(=O)O2)c(-c2ccc(F)cc2)c2ccccc21,0,authentic,authentic,,,O=C1CCC[C@@H](C=CC=Cc2[nH]c3ccccc3c2-c2ccccc2)O1,train,419.49600000000004,5.664200000000006,0.42856618322042567,31,65
subcategory_bioisostere.add-S_29,CC(C)(C)c1cc(C(=O)CS(C)(=O)=O)cc2c1OCC2(C)C,0,authentic,authentic,,,c1ccc2c(c1)CCO2,train,324.44200000000006,2.881400000000001,0.8022211475386157,22,43
subcategory_bioisostere.add-S_700,Cl.Oc1ccc2c3c1O[C@H]1[C@@H](O)CC[C@@]4(O)C(C2)N(CC2CCC2)CCC314,0,authentic,authentic,,,c1cc2c3c(c1)O[C@H]1CCCC4C(C2)N(CC2CCC2)CCC341,val,393.9110000000003,2.1290999999999993,0.7174844469620798,27,62
subcategory_bioisostere.add-S_1273,COc1cc2c(CSC)c[nH]c2c(OC)c1OC,1,bioisostere,add-S,COc1cc2c(CCN(C)C)c[nH]c2c(OC)c1OC,1 2,c1ccc2[nH]ccc2c1,train,267.35,3.056700000000001,0.9038887037838916,18,29
subcategory_bioisostere.add-S_850,CSCN1c2ccccc2CC1C1=NCCN1,1,bioisostere,add-S,CCCCN1c2ccccc2CC1C1=NCCN1,1 2,c1ccc2c(c1)CC(C1=NCCN1)N2,train,247.36699999999996,1.7399,0.8814522764201796,17,24
subcategory_bioisostere.add-S_1196,CSc1ccc(NC(=O)Nc2ccc3cnccc3c2)cc1,1,bioisostere,add-S,Cc1ccc(NC(=O)Nc2ccc3cnccc3c2)cc1,0 1 3 4 5 6 7 8 9 10 11 12 13 14 15 16 17 18 19 20,O=C(Nc1ccccc1)Nc1ccc2cnccc2c1,train,309.39400000000006,4.6007000000000025,0.6951457478467994,22,33
subcategory_bioisostere.add-S_1125,C[N+]1(Cc2ccccc2)C2CC(OC(=O)C(O)(c3cccs3)c3cccs3)CC1C(S(C)(=O)=O)C2,1,bioisostere,add-S,C[N+]1(Cc2ccccc2)C2CC(OC(=O)C(O)(c3cccs3)c3cccs3)CC1C1OC12.[Br-],29 30 31 32 33,O=C(OC1CC2C3OC3C(C1)[NH+]2Cc1ccccc1)C(c1cccs1)c1cccs1,train,532.729,3.9520000000000035,0.3682004547591035,35,67
subcategory_bioisostere.add-S_1406,CCN(C(=O)CS(C)(=O)=O)c1ccc(NC(=O)CN2C[C@H](NC(=O)c3ccc(Cl)s3)[C@@H](OC)C2)c(F)c1,1,bioisostere,add-S,CO[C@H]1CN(CC(=O)Nc2ccc(N3CCOCC3=O)cc2F)C[C@@H]1NC(=O)c1ccc(Cl)s1,0 1 2 3 4 6 7 8 9 10 11 12 13 14 15 16 17 18 19 20 21 22 23 24 25 26 27 28 29 30 31 32 33 34 35 36,O=C(CN1CC[C@@H](NC(=O)c2cccs2)C1)Nc1ccc(N2CCOCC2=O)cc1,train,575.0840000000002,2.0058,0.44453408439188,37,80
subcategory_bioisostere.add-S_578,COc1cc2c(c(OC)c1OC)-c1cc(I)c(OC(=O)C=C(C)C)cc1[C@@H](NC(C)=O)CC2,0,authentic,authentic,,,c1ccc2c(c1)CCCc1ccccc1-2,train,565.4040000000001,4.9790000000000045,0.230467068655987,33,64
subcategory_bioisostere.add-S_534,COc1c(C)c2c(c(O)c1C/C=C(\C)CP(=O)(O)O)C(=O)OC2,0,authentic,authentic,,,O=C1OCc2ccccc21,train,342.28400000000005,2.0461200000000006,0.42619733465016096,23,46
subcategory_bioisostere.add-S_123,Clc1cccc(CN=C2Nc3ccc(Cl)cc3NC23CCCCC3)c1,0,authentic,authentic,,,c1ccc(CN=C2Nc3ccccc3NC23CCCCC3)cc1,train,374.3150000000003,6.132400000000003,0.6631684445468866,25,40
subcategory_bioisostere.add-S_242,CCCn1c(=O)c2nc(-c3ccc(Cl)cc3N)[nH]c2n(CCC)c1=O,0,authentic,authentic,,,O=c1[nH]c(=O)c2nc(-c3ccccc3)[nH]c2[nH]1,train,361.83300000000014,2.6089,0.6821411880747222,25,46
subcategory_bioisostere.add-S_275,COc1cc(N)c(Cl)cc1C(=O)N[C@H]1CCN(CCCOc2ccc(F)cc2)C[C@@H]1OC.O,0,authentic,authentic,,,O=C(NC1CCN(CCCOc2ccccc2)CC1)c1ccccc1,train,483.96800000000036,2.533400000000002,0.4177798284998646,33,61
subcategory_bioisostere.add-S_1337,CN(C)C(=NS(C)(=O)=O)c1ccc(N2CCc3c(C(F)(F)F)nn(-c4ccc(OS(=O)(=O)O)cc4)c3C2=O)cc1,1,bioisostere,add-S,COc1ccc(-n2nc(C(F)(F)F)c3c2C(=O)N(c2ccc(C(=NS(C)(=O)=O)N(C)C)cc2)CC3)cc1,27 28 29 30 31 32,O=C1c2c(cnn2-c2ccccc2)CCN1c1ccccc1,train,601.5850000000002,2.543400000000001,0.25533460497082866,40,79
subcategory_bioisostere.add-S_94,CC(=O)c1ccc2c(c1)N(C(C)=O)c1ccccc1S2,0,authentic,authentic,,,c1ccc2c(c1)Nc1ccccc1S2,train,283.352,4.038400000000002,0.7412264917712036,20,36
subcategory_bioisostere.add-S_192,CC(C)(C)C(=O)OCn1oc(=O)c2ccccc21,0,authentic,authentic,,,O=c1o[nH]c2ccccc12,train,249.266,2.1413,0.7648901653429299,18,32
subcategory_bioisostere.add-S_480,NC1=NC(F)N([C@@H]2C=C[C@H](CO)O2)C=C1F,0,authentic,authentic,,,C1=CN([C@@H]2C=CCO2)CN=C1,train,231.20199999999997,-0.003400000000000014,0.5179555600001169,16,38
subcategory_bioisostere.add-S_76,CN(C)CCCNP(=O)([O-])OCCOCn1cnc2c(=O)[nH]c(N)nc21.[NH4+],0,authentic,authentic,,,O=c1[nH]cnc2[nH]cnc12,train,406.38400000000007,-0.9215999999999971,0.26693089521831415,27,55
subcategory_bioisostere.add-S_209,CC(O)(CN1CCC(c2noc3cc(F)ccc23)CC1)N1CCC(c2noc3cc(F)ccc23)CC1,0,authentic,authentic,,,c1ccc2c(C3CCN(CCN4CCC(c5noc6ccccc56)CC4)CC3)noc2c1,train,496.5580000000004,5.014700000000005,0.415912536525669,36,60
subcategory_bioisostere.add-S_213,O=C(NCC=C(c1ccccc1)c1ccccc1)Nc1ccc(Cl)cc1,0,authentic,authentic,,,O=C(NCC=C(c1ccccc1)c1ccccc1)Nc1ccccc1,train,362.8600000000001,5.5934000000000035,0.6095879354201661,26,41
subcategory_bioisostere.add-S_544,Cc1cccc(-c2cccc(CS(=O)CC(N)=O)c2)c1,0,authentic,authentic,,,c1ccc(-c2ccccc2)cc1,train,287.38399999999996,2.39602,0.9176042785046233,20,35
subcategory_bioisostere.add-S_783,CN(C)CCc1nnc2n1-c1ccc(Cl)cc1C(c1ccccc1)=NC2,0,authentic,authentic,,,c1ccc(C2=NCc3nncn3-c3ccccc32)cc1,val,365.8680000000001,3.3758000000000017,0.7116985715682019,26,43
subcategory_bioisostere.add-S_1377,CSc1nc(-c2ccc(OC3CCCC3)c(-c3cncs3)c2)sc1C(=O)O,1,bioisostere,add-S,Cc1nc(-c2ccc(OC3CCCC3)c(-c3cncs3)c2)sc1C(=O)O,1 2,c1csc(-c2ccc(OC3CCCC3)c(-c3cncs3)c2)n1,test,418.565,5.675100000000003,0.5196755509376065,27,46
subcategory_bioisostere.add-S_541,C[C@]12C=CC(=O)CC1CCC1C2CC[C@@]2(C)C1CC[C@@H]2O,0,authentic,authentic,,,O=C1C=CC2C(CCC3C4CCCC4CCC23)C1,train,288.431,3.735100000000003,0.7371079850569328,21,47
subcategory_bioisostere.add-S_824,CC(=O)N[C@@H](Cc1ccc(O)cc1)C(=O)NCc1ccc(C[C@H](NC(=O)[C@@H]2CCC(=O)N2Cc2ccccc2)C(=O)OS(C)(=O)=O)cc1,1,bioisostere,add-S,CC(=O)N[C@@H](Cc1ccc(O)cc1)C(=O)NCc1ccc(C[C@H](NC(=O)[C@@H]2CCC(=O)N2Cc2ccccc2)C(=O)O)cc1,39 41 42 43 44 45,O=C(CCc1ccccc1)NCc1ccc(CCNC(=O)[C@@H]2CCC(=O)N2Cc2ccccc2)cc1,test,678.7640000000004,1.4771000000000007,0.1832139710248586,48,99
subcategory_bioisostere.add-S_683,CC(=O)c1c(O)n(O)c2cc(NC(=O)/C=C/c3ccccc3Cl)ccc12,0,authentic,authentic,,,O=C(/C=C/c1ccccc1)Nc1ccc2cc[nH]c2c1,train,370.7920000000001,4.092100000000002,0.3661728474000147,26,48
subcategory_bioisostere.add-S_329,CCCCCCNS(=O)(=O)c1ccc(OCCC)c(-c2nc3c(C)[nH]nc3c(=O)n2CC)c1,0,authentic,authentic,,,O=c1[nH]c(-c2ccccc2)nc2c[nH]nc12,test,475.6150000000003,3.7623200000000026,0.3850469025729861,33,58
subcategory_bioisostere.add-S_1423,COC(=O)C[C@H]1C[C@@H](CC[CH][C@@H](C)C=CSC)OC(=O)N1Cc1ccc2c(c1)OC(F)(F)O2,1,bioisostere,add-S,CC[C@H](C)C(=O)O[C@H]1C[C@@H](C)C=C2C=C[C@H](C)[C@H](CC[C@@H]3C[C@H](CC(=O)OC)N(Cc4ccc5c(c4)OC(F)(F)O5)C(=O)O3)[C@H]21,14 15 16,O=C1O[C@H](CC[C@H]2CC=CC3=CCCC[C@@H]32)CCN1Cc1ccc2c(c1)OCO2,train,484.5410000000003,5.147990000000005,0.4254463960047471,33,73
subcategory_bioisostere.add-S_24,NC(=O)N1CCC(CC(=O)N2CCC([C@@H]3c4ncc(Br)cc4CCc4cc(Cl)cc(Br)c43)CC2)CC1,0,authentic,authentic,,,O=C(CC1CCNCC1)N1CCC([C@H]2c3ccccc3CCc3cccnc32)CC1,train,638.8319999999999,5.909900000000006,0.45430057299885523,36,70
subcategory_bioisostere.add-S_805,COc1ccc(-n2nc(C(N)=O)c(SC)c2C(=O)N(C)c2ccc(N3CCC3=O)c(C)c2)cc1F,1,bioisostere,add-S,COc1ccc(-n2nc(C(N)=O)c3c2C(=O)N(c2ccc(N4CCC4=O)c(C)c2)CC3)cc1F,1 2 7 11 12 14 15 18 19 22 23 26 27 29 31 32 33 34,O=C1CCN1c1ccc(N2CCc3cnn(-c4ccccc4)c3C2=O)cc1,train,497.5520000000003,3.1625200000000024,0.3966154414329936,35,63
subcategory_bioisostere.add-S_1101,CSCN1CCN(C(c2ccccc2)c2ccc(Cl)cc2)CC1,1,bioisostere,add-S,O=C(O)C(Cl)OCCN1CCN(C(c2ccccc2)c2ccc(Cl)cc2)CC1,0 1 3 4 5 6 7 8 9 10 11 12 13 14 15 16 17 18 19 20 21,c1ccc(C(c2ccccc2)N2CCNCC2)cc1,train,346.92700000000013,4.367500000000004,0.7934707172590323,23,36
subcategory_bioisostere.add-S_218,CC(=O)N1CCC(CC(C)C)(N2CCN(C(=O)[C@@H](Cc3ccc(Cl)cc3)NC(=O)CC3NCc4ccccc43)CC2)CC1.O=C(O)C(F)(F)F,0,authentic,authentic,,,O=C(CC1NCc2ccccc21)N[C@H](Cc1ccccc1)C(=O)N1CCN(C2CCNCC2)CC1,train,722.2490000000001,4.806600000000004,0.3401502326386152,50,95
subcategory_bioisostere.add-S_1562,CSc1ccc(/C(=C/Cc2ccc(F)cc2)n2cncn2)cc1,1,bioisostere,add-S,N#Cc1ccc(/C(=C/Cc2ccc(F)cc2)n2cncn2)cc1,0 1 2 3 4 5 7 8 9 10 11 12 13 14 15 16 17 18 19 20 21,C(/Cc1ccccc1)=C(\c1ccccc1)n1cncn1,train,325.412,4.2710000000000035,0.6563773199373037,23,38
subcategory_bioisostere.add-S_1089,CSCC(C)CN(C)C1=Nc2cc(Cl)c(F)cc2Nc2ccccc21,1,bioisostere,add-S,CC1CN(C2=Nc3cc(Cl)c(F)cc3Nc3ccccc32)CC1C,0 1 2 4 5 6 7 8 9 10 11 12 13 14 15 16 17 18 19 20 21 22 23 24,c1ccc2c(c1)N=C(N1CCCC1)c1ccccc1N2,test,377.9160000000001,5.545300000000005,0.7569487410393163,25,41
subcategory_bioisostere.add-S_1415,CSc1nnn(C2CCN(Cc3ccccc3)CC2)c1-c1ccccc1,1,bioisostere,add-S,Cc1nnn(C2CCN(Cc3ccccc3)CC2)c1-c1ccccc1,1 2,c1ccc(CN2CCC(n3nncc3-c3ccccc3)CC2)cc1,train,364.51800000000014,4.504100000000004,0.6241838555170787,26,39
subcategory_bioisostere.add-S_466,CNC(=O)c1cncc(S(=O)(=O)NC(=O)Nc2c(C(C)C)cc(F)cc2C(C)C)n1,0,authentic,authentic,,,O=C(Nc1ccccc1)NS(=O)(=O)c1cnccn1,val,437.4970000000002,2.7325000000000017,0.637018117353173,30,56
subcategory_bioisostere.add-S_888,Cc1ccccc1S(=O)(=O)NC(=O)c1ccc(Cn2ccc3ccc(C(=O)NCC(C)CC(F)(F)F)cc32)c(OS(C)(=O)=O)c1,1,bioisostere,add-S,COc1cc(C(=O)NS(=O)(=O)c2ccccc2C)ccc1Cn1ccc2ccc(C(=O)NCC(C)CC(F)(F)F)cc21,38 39 40 41 42 43,O=C(NS(=O)(=O)c1ccccc1)c1ccc(Cn2ccc3ccccc32)cc1,train,665.7120000000002,4.773420000000004,0.220024462914321,45,83
subcategory_bioisostere.add-S_450,CC(C)CC(NC(=O)C(Cc1ccccc1)NC(=O)c1cnccn1)B(O)O.CS(=O)(=O)O,0,authentic,authentic,,,O=C(NCCc1ccccc1)c1cnccn1,train,480.35200000000015,-0.13539999999999847,0.2413395768565755,33,58
subcategory_bioisostere.add-S_621,O=C(NC1CCN(Cc2ccccc2)CC1)c1ccc(-n2ccnc2)cc1,0,authentic,authentic,,,O=C(NC1CCN(Cc2ccccc2)CC1)c1ccc(-n2ccnc2)cc1,test,360.46100000000007,3.266700000000002,0.7597260705506274,27,43
subcategory_bioisostere.add-S_780,CCn1cc(C(=O)O)c(=O)c2c(O)c(F)c(N3CC(C)NC(C)C3)c(F)c21,0,authentic,authentic,,,O=c1cc[nH]c2cc(N3CCNCC3)ccc12,train,381.3790000000001,1.8900000000000001,0.751736045703632,27,53
subcategory_bioisostere.add-S_31,COc1cc(/C=C/C(=O)NC2CCCCC2)cc(OC)c1OC,0,authentic,authentic,,,O=C(/C=C/c1ccccc1)NC1CCCCC1,train,319.401,3.174500000000002,0.818320997383029,23,37
subcategory_bioisostere.add-S_718,CN1CC=C(C2=Nc3cc(F)ccc3Nc3ccc(Cl)cc32)CC1,0,authentic,authentic,,,C1=C(C2=Nc3ccccc3Nc3ccccc32)CCNC1,train,341.8170000000001,4.918800000000004,0.7969406188435493,24,41
subcategory_bioisostere.add-S_1361,CS(=O)(=O)CCc1cccc(-n2nc(C(N)=O)c3c2C(=O)N(c2ccc(N4CCCCC4=O)cc2)CC3)c1F,1,bioisostere,add-S,NC(=O)c1nn(-c2ccc3c(c2F)CCO3)c2c1CCN(c1ccc(N3CCCCC3=O)cc1)C2=O,0 1 2 3 5 6 7 8 9 10 11 12 13 14 15 16 17 18 19 20 21 22 23 24 25 26 27 28 29 30 31 32 33 34 35 36 37 38,O=C1CCCCN1c1ccc(N2CCc3cnn(-c4ccc5c(c4)CCO5)c3C2=O)cc1,train,553.6160000000004,2.4171999999999993,0.4774197124181682,39,71
subcategory_bioisostere.add-S_520,COc1c(C)c2c(c(OC(C)=O)c1C/C=C(\C)CCC(=O)O)C(=O)OC2,0,authentic,authentic,,,O=C1OCc2ccccc21,train,362.37800000000016,2.9529200000000007,0.4521121303171528,26,50
subcategory_bioisostere.add-S_1256,CSCN1CCc2ccccc2C1c1ccc2ccccc2c1,1,bioisostere,add-S,C=CCN1CCc2ccccc2C1c1ccc2ccccc2c1,1 2,c1ccc2c(c1)CCNC2c1ccc2ccccc2c1,test,319.47300000000007,5.107800000000005,0.659923312039547,23,31
subcategory_bioisostere.add-S_266,Cc1ccc(C(Cn2ccnc2)O/C(S)=N\c2ccc(Cl)cc2)c(C)c1,0,authentic,authentic,,,C(=N/c1ccccc1)/OC(Cn1ccnc1)c1ccccc1,val,385.9200000000001,5.528740000000004,0.3560918287305135,26,46
subcategory_bioisostere.add-S_670,Nc1nc(NCCOCCN2CCNCC2)nnc1-c1cccc(Cl)c1Cl,0,authentic,authentic,,,c1ccc(-c2cnc(NCCOCCN3CCNCC3)nn2)cc1,train,412.32500000000005,1.7612999999999999,0.5643032367142989,27,40
subcategory_bioisostere.add-S_73,Cc1cc(OCCNc2ccncc2)cc(OS(=O)(=O)c2cccs2)c1,0,authentic,authentic,,,O=S(=O)(Oc1cccc(OCCNc2ccncc2)c1)c1cccs1,test,390.4860000000001,3.7101200000000016,0.46665538755766284,26,42
subcategory_bioisostere.add-S_448,CCCNCC1(CC(=O)O)CCCCC1,0,authentic,authentic,,,C1CCCCC1,train,213.32099999999994,2.4112,0.666097454913973,15,22
subcategory_bioisostere.add-S_1523,CSc1ncn(C2O[C@@H](CO)C(O)C2O)n1,1,bioisostere,add-S,NC(=O)c1ncn(C2O[C@@H](CO)C(O)C2O)n1,1 2,c1ncn(C2CCCO2)n1,train,247.276,-1.3885,0.5653290942530421,16,31
subcategory_bioisostere.add-S_729,COc1ccc(CC2CCNCC2)cc1F,0,authentic,authentic,,,c1ccc(CC2CCNCC2)cc1,train,223.29099999999997,2.3764000000000003,0.8491124987220712,16,22
subcategory_bioisostere.add-S_164,CCN(CC)C(=O)COCCN1CCN(C(c2ccccc2)c2ccc(Cl)cc2)CC1,0,authentic,authentic,,,c1ccc(C(c2ccccc2)N2CCNCC2)cc1,train,444.0190000000001,3.932000000000002,0.5210796327361416,31,49
subcategory_bioisostere.add-S_419,COC(=O)OCn1c(=O)ccc2ccc(OCCCCN3CCN(c4cccc(Cl)c4Cl)CC3)cc21,0,authentic,authentic,,,O=c1ccc2ccc(OCCCCN3CCN(c4ccccc4)CC3)cc2[nH]1,train,534.4400000000004,5.030000000000005,0.28175821478791424,36,58
subcategory_bioisostere.add-S_875,CS(=O)(=O)C(=O)C(O)(c1ccsc1)c1cccs1,1,bioisostere,add-S,C[N+]1(C)C2CCC1CC(OC(=O)C(O)(c1ccsc1)c1cccs1)C2,0 1 2 3 4,O=C(OC1CC2CCC(C1)[NH2+]2)C(c1ccsc1)c1cccs1,train,302.398,1.6167,0.9349133272803369,18,35
subcategory_bioisostere.add-S_1230,COc1ccc(N(C(=O)NS(=O)(=O)c2ccc(Cl)cc2)C(C)c2nc3ccccc3c(=O)n2NCCN(C)CS)c(OC)c1,1,bioisostere,add-S,COc1ccc(N(C(=O)NS(=O)(=O)c2ccc(Cl)cc2)C(C)c2nc3ccccc3c(=O)n2N2CCN(C)CC2)c(OC)c1,38 39,O=C(NS(=O)(=O)c1ccccc1)N(Cc1nc2ccccc2c(=O)n1N1CCNCC1)c1ccccc1,val,661.2059999999999,4.095800000000003,0.1516727966582459,44,77
subcategory_bioisostere.add-S_946,CS(=O)(=O)CCN1CCN(C(c2ccccc2)c2ccc(Cl)cc2)CC1,1,bioisostere,add-S,[2H]C([2H])(OCCN1CCN(C(c2ccccc2)c2ccc(Cl)cc2)CC1)C(=O)O,0 1 2 3 5 6 7 8 9 10 11 12 13 14 15 16 17 18 19 20 21 22 23 24,c1ccc(C(c2ccccc2)N2CCNCC2)cc1,train,392.9520000000002,3.0916000000000015,0.7570062840021315,26,45
subcategory_bioisostere.add-S_775,O=C(CCC(F)(F)F)NCCN1CCC(CNC(=O)c2cccc(OC(F)(F)F)c2)CC1,0,authentic,authentic,,,O=C(NCC1CCNCC1)c1ccccc1,train,469.4260000000002,3.4857000000000022,0.5437059347382552,32,54
subcategory_bioisostere.add-S_812,CS(=O)(=O)c1cc(F)cc(C(=O)NCC2CCN(CCNC(=O)C3(C(F)(F)F)CC3)CC2)c1,1,bioisostere,add-S,COc1cc(F)cc(C(=O)NCC2CCN(CCNC(=O)C3(C(F)(F)F)CC3)CC2)c1,0 1 2 3 5 6 7 8 9 10 11 12 13 14 15 16 17 18 19 20 21 22 23 24 25 26 27 28 29 30 31,O=C(NCC1CCN(CCNC(=O)C2CC2)CC1)c1ccccc1,train,493.5230000000003,2.1296999999999997,0.5413803408114405,33,63
subcategory_bioisostere.add-S_1190,CCc1nn(-c2ccc(S(C)(=O)=O)cc2)c2c1CCN(c1ccc(F)cc1)C2=O,1,bioisostere,add-S,CCc1nn(-c2ccc(OC)cc2)c2c1CCN(c1ccc(F)cc1)C2=O,0 1 2 3 4 5 6 7 9 10 11 12 13 14 15 16 17 18 19 20 21 22 23 24 25 26 27 28,O=C1c2c(cnn2-c2ccccc2)CCN1c1ccccc1,train,413.47400000000016,3.180200000000002,0.6586370600997796,29,53
subcategory_bioisostere.add-S_907,CC(C)CC(NC(=O)S(C)(=O)=O)C(=O)NCC(=O)COC(=O)c1c(Cl)ccc(S(=O)(=O)N2CCOCC2)c1Cl,1,bioisostere,add-S,CC(C)CC(NC(=O)OCc1ccccc1)C(=O)NCC(=O)COC(=O)c1c(Cl)ccc(S(=O)(=O)N2CCOCC2)c1Cl,6 8 9 10 11,O=C(CNC(=O)CNC(=O)OCc1ccccc1)COC(=O)c1cccc(S(=O)(=O)N2CCOCC2)c1,val,630.525,1.0253000000000019,0.3351321857221878,39,77
subcategory_bioisostere.add-S_713,O=C(NCc1ccc(Cl)cc1)OCCCc1c[nH]cn1,0,authentic,authentic,,,O=C(NCc1ccccc1)OCCCc1c[nH]cn1,train,293.75399999999996,2.9221000000000004,0.804806390173739,20,33
subcategory_bioisostere.add-S_1025,CSc1ccccc1-c1ccc(Cn2cncn2)cc1,1,bioisostere,add-S,NC(=S)c1ccccc1-c1ccc(Cn2cncn2)cc1,0 1 3 4 5 6 7 8 9 10 11 12 13 14 15 16 17 18 19,c1ccc(-c2ccc(Cn3cncn3)cc2)cc1,train,281.38399999999996,3.7153000000000027,0.6829211272924911,20,29
subcategory_bioisostere.add-S_973,CS(=O)(=O)OC(Cn1cncn1)(c1ccc(F)cc1)c1ccccc1Cl,1,bioisostere,add-S,OC(Cn1cncn1)(c1ccc(F)cc1)c1ccccc1Cl,0 1 2 3 4 5,c1ccc(C(Cn2cncn2)c2ccccc2)cc1,train,395.8430000000001,2.9906000000000006,0.599698368199619,26,45
subcategory_bioisostere.add-S_148,CCC(C)NC(=O)c1nc(-c2ccc(S(C)(=O)=O)cc2)cnc1N,0,authentic,authentic,,,c1ccc(-c2cnccn2)cc1,train,348.42800000000005,1.6576,0.8488874937823564,24,44
subcategory_bioisostere.add-S_257,COc1ccc2c(=O)n(Cc3nc4ccccc4s3)nc(CC(=O)O)c2c1,0,authentic,authentic,,,O=c1c2ccccc2cnn1Cc1nc2ccccc2s1,train,381.4130000000001,2.6902,0.5711712973984094,27,45
subcategory_bioisostere.add-S_1514,CCCCCC(c1cccc(O)c1)C(CCCCC)c1cccc(OS(=O)(=O)O)c1,1,bioisostere,add-S,CCCCCC(c1cccc(O)c1)C(CCCCC)c1cccc(O)c1,23 24 25 26 27 28,c1ccc(CCc2ccccc2)cc1,train,434.5980000000001,6.601800000000007,0.2739240539332349,30,48
subcategory_bioisostere.add-S_28,C=CC(O)(Cn1cncn1)c1ccc(F)cc1F,0,authentic,authentic,,,c1ccc(CCn2cncn2)cc1,train,251.236,1.6301,0.8401470551451983,18,29
subcategory_bioisostere.add-S_1380,C=Cc1cnc(NC(=O)C2=C(S(C)(=O)=O)c3ccccc3S(=O)(=O)N2C=C)s1,1,bioisostere,add-S,C=Cc1cnc(NC(=O)C2=C(O)c3ccccc3S(=O)(=O)N2C=C)s1,0 1 2 3 4 5 6 7 8 9 11 12 13 14 15 16 17 18 19 20 21 22 23 24 25 26 27,O=C(Nc1nccs1)C1=Cc2ccccc2S(=O)(=O)N1,train,437.5240000000001,2.2858,0.7677374868624055,28,56
subcategory_bioisostere.add-S_442,CC(C)(Sc1ncnc2nc[nH]c12)C1=CCC([N+](=O)[O-])S1,0,authentic,authentic,,,C1=C(CSc2ncnc3nc[nH]c23)SCC1,train,323.4030000000001,2.847200000000001,0.3996345144219295,21,46
subcategory_bioisostere.add-S_548,CNc1cc(-c2nc(C)c(C(=O)O)s2)ccc1OCC(C)C,0,authentic,authentic,,,c1ccc(-c2nccs2)cc1,train,320.4140000000001,3.893220000000002,0.8445430109728709,22,38
subcategory_bioisostere.add-S_736,C[C@@H]1Cc2ccccc2N[C@@H]1C1=NCCN1,0,authentic,authentic,,,c1ccc2c(c1)CC[C@@H](C1=NCCN1)N2,train,215.29999999999995,1.6609999999999998,0.7472098204749213,16,33
subcategory_bioisostere.add-S_1442,CCNC(=O)NS(=O)(=O)C1CC(CCNC(=O)c2cc(Cl)ccc2S(C)(=O)=O)c2ccc(CC)cc2O1,1,bioisostere,add-S,CCNC(=O)NS(=O)(=O)C1CC(CCNC(=O)c2cc(Cl)ccc2OC)c2ccc(CC)cc2O1,0 1 2 3 4 5 6 7 8 9 10 11 12 13 14 15 16 17 18 19 20 21 22 24 25 26 27 28 29 30 31 32 33 34 35 36,O=C(NCCC1CCOc2ccccc21)c1ccccc1,train,572.1050000000001,2.967100000000002,0.41886835382618265,37,68
subcategory_bioisostere.add-S_701,COc1cc2c(cc1OC)C(=O)C(CC1(F)CCN(Cc3cc(F)c(F)cc3F)CC1)C2,0,authentic,authentic,,,O=C1c2ccccc2CC1CC1CCN(Cc2ccccc2)CC1,train,451.46000000000015,4.870500000000004,0.46412514966201424,32,55
subcategory_bioisostere.add-S_449,CCCCCC(=O)ON1CCC(c2noc3cc(F)ccc23)CC1,0,authentic,authentic,,,c1ccc2c(C3CCNCC3)noc2c1,train,334.3910000000001,4.184800000000004,0.7416679596651153,24,37
subcategory_bioisostere.add-S_901,CS[C@H](O)C[C@H](O)C=Cc1c(-c2ccc(F)cc2)cc(-c2ccccc2)nc1C(C)(C)C,1,bioisostere,add-S,CC(C)(C)c1nc(-c2ccccc2)cc(-c2ccc(F)cc2)c1C=C[C@@H](O)C[C@@H](O)CC(=O)O,0 1 2,c1ccc(-c2ccnc(-c3ccccc3)c2)cc1,train,451.6070000000002,6.297800000000005,0.414140005474452,32,63
subcategory_bioisostere.add-S_45,O=C1CCON1CC#CCN1CCCC1,0,authentic,authentic,,,O=C1CCON1CC#CCN1CCCC1,train,208.26099999999994,0.24949999999999983,0.6097894045903874,15,21
subcategory_bioisostere.add-S_250,COc1ccnc(CSc2nc3ccc(C(F)(F)F)cc3[nH]2)c1C,0,authentic,authentic,,,c1ccc(CSc2nc3ccccc3[nH]2)nc1,train,353.369,4.586020000000002,0.6973969894760996,24,41
subcategory_bioisostere.add-S_959,CS(=O)(=O)c1ccc(-n2nc(C(N)=O)c3c2C(=O)N(c2ccc(C4(CN5CCCC5)CC4)cc2)CC3)cc1,1,bioisostere,add-S,COc1ccc(-n2nc(C(N)=O)c3c2C(=O)N(c2ccc(C4(CN5CCCC5)CC4)cc2)CC3)cc1,0 1 2 3 5 6 7 8 9 10 11 12 13 14 15 16 17 18 19 20 21 22 23 24 25 26 27 28 29 30 31 32 33 34 35 36,O=C1c2c(cnn2-c2ccccc2)CCN1c1ccc(C2(CN3CCCC3)CC2)cc1,test,533.6540000000006,2.705,0.49894443795020493,38,73
subcategory_bioisostere.add-S_604,COc1ccc(-n2nc(C(F)(F)F)c3c2C(=O)N(c2ccc(CNC(=O)CN4CCCC4)cc2)CC3)cc1,0,authentic,authentic,,,O=C(CN1CCCC1)NCc1ccc(N2CCc3cnn(-c4ccccc4)c3C2=O)cc1,val,527.5470000000005,3.814600000000002,0.5056896468957178,38,67
subcategory_bioisostere.add-S_34,O=C(O)COCCN1CCN(c2ccc(C(c3ccccc3)c3ccc(Cl)cc3)cc2)CC1,0,authentic,authentic,,,c1ccc(C(c2ccccc2)c2ccc(N3CCNCC3)cc2)cc1,train,464.99300000000017,4.743400000000005,0.36581184183432175,33,53
subcategory_bioisostere.add-S_103,CCCCCC(=O)NC1CCc2cc(OC)c(OC)c(OC)c2-c2ccc(SC)c(=O)cc21,0,authentic,authentic,,,O=c1cccc2c(c1)CCCc1ccccc1-2,train,471.6190000000002,5.145300000000004,0.40297623919096265,33,54
subcategory_bioisostere.add-S_68,COc1ccc(C(CN(C)C)C2(OS(=O)(=O)O)CCCCC2)cc1,0,authentic,authentic,,,c1ccc(CC2CCCCC2)cc1,train,357.4720000000002,2.862700000000001,0.7563867185233754,24,42
subcategory_bioisostere.add-S_1465,Cc1nc(-c2ccc(SCCO)c(I)c2)sc1C(=O)O,1,bioisostere,add-S,Cc1nc(-c2ccc(OCC(C)(C)C)c(I)c2)sc1C(=O)O,7 8 9 10 11,c1ccc(-c2nccs2)cc1,train,421.281,3.505720000000002,0.5714719946029668,20,34
subcategory_bioisostere.add-S_963,CCOC(=O)c1nc(CCSC)n(Cc2ccc(-c3ccccc3-c3nn[nH]n3)cc2)c1C(=O)OCC,1,bioisostere,add-S,CCCCc1nc(C(=O)OCC)c(C(=O)OCC)n1Cc1ccc(-c2ccccc2-c2nn[nH]n2)cc1,1 2,c1ccc(-c2nn[nH]n2)c(-c2ccc(Cn3ccnc3)cc2)c1,train,520.6150000000002,4.0374000000000025,0.2917194073756616,37,62
subcategory_bioisostere.add-S_16,C[N+]1(C)[C@@H]2CC(OC(=O)C(O)(c3cccs3)c3cccs3)C[C@H]1[C@@H]1O[C@@H]12.O=S(=O)([O-])C(F)(F)F,0,authentic,authentic,,,O=C(OC1C[C@@H]2[NH2+][C@H](C1)[C@H]1O[C@H]12)C(c1cccs1)c1cccs1,train,541.5910000000002,2.3971,0.2077776461262329,34,91
subcategory_bioisostere.add-S_429,CC(CS(=O)C1c2ccccc2CCc2ccccc21)C(N)=O,0,authentic,authentic,,,c1ccc2c(c1)CCc1ccccc1C2,test,327.44900000000007,2.744700000000001,0.9384469791318604,23,37
subcategory_bioisostere.add-S_557,NC(=O)C[S@@](=O)Cc1ccccc1-c1ccc(Br)cc1,0,authentic,authentic,,,c1ccc(-c2ccccc2)cc1,train,352.25300000000004,2.850100000000001,0.8996051614813191,20,38
subcategory_bioisostere.add-S_747,C(=C\c1ccccc1)/CNCc1cccc2ccccc12,0,authentic,authentic,,,C(=C\c1ccccc1)/CNCc1cccc2ccccc12,train,273.379,4.642800000000003,0.6675647101219296,21,32
subcategory_bioisostere.add-S_1435,COc1cc(N)c(Cl)cc1C(=O)OCC(=O)NCCCCCOS(=O)(=O)O,1,bioisostere,add-S,COc1cc(N)c(Cl)cc1C(=O)OCC(=O)NCC1CCCO1,21 22 23 24 25 26,O=C(COC(=O)c1ccccc1)NCC1CCCO1,train,424.85900000000026,1.1935,0.20540282025998202,27,46
subcategory_bioisostere.add-S_282,O=C(O)CN1C(=O)c2cccc3cc(C(=O)CBr)cc(c23)C1=O,0,authentic,authentic,,,O=C1NC(=O)c2cccc3cccc1c23,val,376.1620000000001,2.098,0.5013878142366317,23,44
subcategory_bioisostere.add-S_1387,CCCn1c(=O)c2nc(/C=C/c3cccc(F)c3)[nH]c2n(CCSC)c1=O,1,bioisostere,add-S,CCCn1c(=O)c2nc(/C=C/c3cccc(F)c3)[nH]c2n(CCC)c1=O,0 1 2 3 4 5 6 7 8 9 10 11 12 13 14 15 16 17 18 19 20 21 23 24 25,O=c1[nH]c(=O)c2nc(/C=C/c3ccccc3)[nH]c2[nH]1,val,388.4680000000002,2.9688000000000008,0.6754069071291475,27,49
subcategory_bioisostere.add-S_749,COc1ccc(Cl)cc1C(C)NC(=O)NS(=O)(=O)c1ccccc1,0,authentic,authentic,,,O=C(NCc1ccccc1)NS(=O)(=O)c1ccccc1,test,368.8420000000001,3.0977000000000006,0.848824757431373,24,42
subcategory_bioisostere.add-S_1591,COc1cccc([C@@](OS(=O)(=O)O)([C@@H](Cc2ccccc2)CN(C)C)C(F)(F)F)c1,1,bioisostere,add-S,COc1cccc([C@@](O)([C@@H](Cc2ccccc2)CN(C)C)C(F)(F)F)c1,7 8 9 10 11 12,c1ccc(CCCc2ccccc2)cc1,val,447.4750000000001,3.692700000000003,0.5912025450244829,30,63
subcategory_bioisostere.add-S_876,CSCCCCCC(=O)OCn1c(=O)ccc2ccc(OCCCCN3CCN(c4cccc(Cl)c4Cl)CC3)cc21,1,bioisostere,add-S,O=C(OCn1c(=O)ccc2ccc(OCCCCN3CCN(c4cccc(Cl)c4Cl)CC3)cc21)C1CCCCC1,0 1 2,O=C(OCn1c(=O)ccc2ccc(OCCCCN3CCN(c4ccccc4)CC3)cc21)C1CCCCC1,train,620.6430000000001,6.7136000000000084,0.13824201816981418,41,63
subcategory_bioisostere.add-S_1569,C=C(OCSC)c1ncnc2c1nc(Cl)n2Cc1ccccc1,1,bioisostere,add-S,C=C(OCC)c1ncnc2c1nc(Cl)n2Cc1ccccc1,2 3 4 5,c1ccc(Cn2cnc3cncnc32)cc1,train,346.8430000000001,3.8358000000000025,0.3854313625428474,23,35
subcategory_bioisostere.add-S_758,CCCCC(NC(=O)[C@@H](Cc1c(Br)[nH]c2ccccc12)NC(=O)C(CC(C)C)NC(=O)N1CCCCCCC1)C(=O)O,0,authentic,authentic,,,O=C(CNC(=O)N1CCCCCCC1)NCCc1c[nH]c2ccccc12,train,648.6429999999998,5.107700000000004,0.2052874070234551,42,79
subcategory_bioisostere.add-S_434,CN1CCC[C@H]1COC(=O)C(O)(c1cccs1)c1cccs1,0,authentic,authentic,,,O=C(OC[C@@H]1CCCN1)C(c1cccs1)c1cccs1,val,337.46600000000007,2.6829,0.8524608002050803,22,39
subcategory_bioisostere.add-S_474,NCC1NSc2cc(SN)c(Cl)cc2N1,0,authentic,authentic,,,c1ccc2c(c1)NCNS2,test,262.79099999999994,1.6128000000000002,0.6070686549517861,15,24
subcategory_bioisostere.add-S_687,CN1C2CC3CC1C(O3)C2OC(=O)C(O)c1cccs1,0,authentic,authentic,,,O=C(Cc1cccs1)OC1C2CC3CC(N2)C1O3,train,295.36,0.9370999999999996,0.8410182959379526,20,35
subcategory_bioisostere.add-S_1210,CCOc1ccc2nc(SCCN(CC)CCS(C)(=O)=O)[nH]c2c1,1,bioisostere,add-S,CCOc1ccc2nc(SCCN3CCOCC3)[nH]c2c1,0 1 2 3 4 5 6 7 8 9 10 11 12 13 14 15 17 18 19 20 21 22 23,c1ccc2[nH]c(SCCN3CCOCC3)nc2c1,train,371.528,2.4201999999999995,0.6466210930442923,24,41
subcategory_bioisostere.add-S_568,CO[C@@H]1CCO[C@H]2O[C@@H]3C=C4CC[C@@H]5[C@H](CC[C@]6(C)[C@@H](C7=CC(=O)OC7)[C@@H](OC(C)=O)C[C@]56O)[C@@]4(C)C[C@H]3O[C@]21O,0,authentic,authentic,,,O=C1C=C([C@H]2CCC3C2CC[C@@H]2C4C[C@H]5OC6CCCO[C@H]6O[C@@H]5C=C4CC[C@@H]32)CO1,test,574.6670000000004,2.549000000000001,0.38318002982306454,41,123
subcategory_bioisostere.add-S_228,COC(=O)c1[nH]c2c(c1C(=O)OC)C13CC1CN(C(=O)c1cc4cc(NC(=O)c5cc6ccccc6[nH]5)ccc4[nH]1)C3=CC2=O,0,authentic,authentic,,,O=C(Nc1ccc2[nH]c(C(=O)N3CC4CC45C3=CC(=O)c3[nH]ccc35)cc2c1)c1cc2ccccc2[nH]1,train,603.5910000000001,4.296700000000002,0.2174458373311155,45,90
subcategory_bioisostere.add-S_130,COc1ccc(Cl)cc1C(=O)NS(=O)(=O)c1ccc(C(=O)NC(C)C)cc1,0,authentic,authentic,,,O=C(NS(=O)(=O)c1ccccc1)c1ccccc1,train,410.87900000000013,2.605500000000001,0.761700248499394,27,50
subcategory_bioisostere.add-S_1424,CSc1ccc2c(c1)S(=O)(=O)N(C)C(C(=O)Nc1ncc(C)s1)=C2O,1,bioisostere,add-S,Cc1ccc2c(c1)S(=O)(=O)N(C)C(C(=O)Nc1ncc(C)s1)=C2O,1 2,O=C(Nc1nccs1)C1=Cc2ccccc2S(=O)(=O)N1,train,397.50300000000004,2.6728200000000006,0.7727058830033342,25,49
subcategory_bioisostere.add-S_182,COCCCCC/C=C(\NC(=O)C1CC1(C)C)C(=O)O,0,authentic,authentic,,,C1CC1,test,283.368,2.324,0.5027887497716488,20,35
subcategory_bioisostere.add-S_629,CC(C)(C)c1ccc(C2=Cc3ccccc3C3=NCCCN23)cc1,0,authentic,authentic,,,C1=C(c2ccccc2)N2CCCN=C2c2ccccc21,train,316.4480000000001,4.9481000000000055,0.7267170839808075,24,40
subcategory_bioisostere.add-S_1107,CCOc1ccccc1-c1nc2c(COC)nn(SC)c2c(=O)[nH]1,1,bioisostere,add-S,CCOc1ccccc1-c1nc2c(COC)nn(C)c2c(=O)[nH]1,0 1 2 3 4 5 6 7 8 9 10 11 12 13 14 15 16 18 19 20 21 22 23,O=c1[nH]c(-c2ccccc2)nc2cn[nH]c12,train,346.41200000000003,2.4577999999999998,0.7382134213908412,24,41
subcategory_bioisostere.add-S_1439,CN(C)CC1=C(c2cccc(S(C)(=O)=O)c2)CCCC1,1,bioisostere,add-S,COc1cccc(C2=C(CN(C)C)CCCC2)c1,0 1 2 3 4 5 6 7 8 9 11 12 13 14 15 16 17 18 19,C1=C(c2ccccc2)CCCC1,train,293.4320000000001,2.979300000000001,0.8562174915578935,20,37
subcategory_bioisostere.add-S_82,CS(=O)(=O)OC[C@](O)(Cn1cncn1)c1ccc(F)cc1F,0,authentic,authentic,,,c1ccc(CCn2cncn2)cc1,train,333.31600000000003,0.4202999999999996,0.7701464547504945,22,41
subcategory_bioisostere.add-S_384,CN1CCC2(c3cccc(O)c3)CC(=O)CC1C2,0,authentic,authentic,,,O=C1CC2CC(c3ccccc3)(CCN2)C1,train,245.32199999999995,2.0870999999999995,0.8232762723109734,18,31
subcategory_bioisostere.add-S_386,CCCCN(C)S(=O)(=O)c1ccc(NC(=O)c2cnccn2)cc1,0,authentic,authentic,,,O=C(Nc1ccccc1)c1cnccn1,train,348.428,2.1494999999999997,0.827509949731416,24,41
subcategory_bioisostere.add-S_1104,CSCc1c[nH]c2ccc(-c3cccnc3)cc12,1,bioisostere,add-S,CN1CC=C(c2c[nH]c3ccc(-c4cccnc4)cc23)CC1,0 1 2 4 5 6 7 8 9 10 11 12 13 14 15 16,C1=C(c2c[nH]c3ccc(-c4cccnc4)cc23)CCNC1,train,254.358,4.092900000000002,0.7621914905786661,18,30
subcategory_bioisostere.add-S_1207,NC(Cn1cnc2c(=O)[nH]cnc21)C(O)CS(=O)(=O)O,1,bioisostere,add-S,NC(Cn1cnc2c(=O)[nH]cnc21)C(O)CO,15 16 17 18 19,O=c1[nH]cnc2[nH]cnc12,train,303.3,-2.3043999999999993,0.44746043917628897,20,40
subcategory_bioisostere.add-S_1258,COCCN(Cc1cccc(CN2C(=O)[C@@H](CC(=O)NCc3cccc4ccccc34)S[C@@H]2c2ccc(Cl)cc2Cl)c1)SC,1,bioisostere,add-S,O=C(C[C@H]1S[C@H](c2ccc(Cl)cc2Cl)N(Cc2cccc(CN3CCOCC3)c2)C1=O)NCc1cccc2ccccc12,4 42 43,O=C(C[C@H]1S[C@H](c2ccccc2)N(Cc2cccc(CN3CCOCC3)c2)C1=O)NCc1cccc2ccccc12,train,668.7120000000001,7.722300000000008,0.14735618274472553,44,80
subcategory_bioisostere.add-S_430,CC(C)n1c(/C=C/[C@@H](O)C[C@@H](O)C(=O)C(=O)O)c(-c2ccc(F)cc2)c2ccccc21,0,authentic,authentic,,,c1ccc(-c2c[nH]c3ccccc23)cc1,train,425.4560000000001,3.807100000000003,0.4768223895765318,31,69
subcategory_bioisostere.add-S_1471,CCCc1nn(C)c(C(N)=O)c1NC(=O)c1cc(S(=O)(=O)NC(C)C)ccc1S(C)(=O)=O,1,bioisostere,add-S,CCCc1nn(C)c(C(N)=O)c1NC(=O)c1cc(S(=O)(=O)NC(C)C)ccc1OCC,0 1 2 3 4 5 6 7 8 9 10 11 12 13 14 15 16 17 18 19 20 21 22 23 24 25 26 28 29 30,O=C(Nc1cn[nH]c1)c1ccccc1,test,485.5880000000002,0.8140000000000018,0.47161340758130676,32,62
subcategory_bioisostere.add-S_1485,CSc1ccc(O[C@H](c2ccccc2)[C@H]2CCNC2)cc1,1,bioisostere,add-S,FC(F)(F)c1ccc(O[C@H](c2ccccc2)[C@H]2CCNC2)cc1,1 2,c1ccc(O[C@H](c2ccccc2)[C@H]2CCNC2)cc1,test,299.439,4.138100000000002,0.838526612141177,21,39
subcategory_bioisostere.add-S_418,CC(CO)(CO)COCn1cnc2c(O)nc(N)nc21,0,authentic,authentic,,,c1ncc2nc[nH]c2n1,train,283.28800000000007,-0.9209000000000005,0.5333289012228086,20,32
subcategory_bioisostere.add-S_293,CCC[C@@](C)(O)[C@H]1C[C@@]23CC[C@]1(OC)[C@@H]1Oc4c(O)ccc5c4[C@@]12CCN(C)[C@@H]3C5,0,authentic,authentic,,,c1cc2c3c(c1)O[C@H]1C4CCC5(CC4)[C@@H](C2)NCC[C@]315,test,413.55800000000016,3.3876000000000017,0.7923666546621437,30,81
subcategory_bioisostere.add-S_1574,CCC1(CCSCCO)OC(CCCN(C)C)(c2ccccc2)c2ccccc21,1,bioisostere,add-S,CN(C)CCCC1(c2ccccc2)OC2(CCOCC2)c2ccccc21,4 5 6 7 8,c1ccc(C2OC3(CCOCC3)c3ccccc32)cc1,train,413.62700000000007,5.023100000000005,0.5242502345109652,29,43
subcategory_bioisostere.add-S_1375,CCCN(CCC)C1Cc2cc(OC)c(S(C)(=O)=O)cc2C1,1,bioisostere,add-S,CCCN(CCC)C1Cc2cc(OC)c(OC)cc2C1,0 1 2 3 4 5 6 7 8 9 10 11 12 13 15 16 17 18 19 20 21,c1ccc2c(c1)CCC2,train,325.4740000000001,2.687900000000001,0.7731427389415858,22,38
subcategory_bioisostere.add-S_70,COc1ccnc(C[S@@](=O)c2nc3ccc(-n4cccc4)cc3[nH]2)c1C,0,authentic,authentic,,,O=[S@](Cc1ccccn1)c1nc2ccc(-n3cccc3)cc2[nH]1,val,366.4460000000001,3.373420000000001,0.5876730204772176,26,49
subcategory_bioisostere.add-S_61,CCOC(=O)c1cc2c3cc(Cl)ccc3ncn2c1,0,authentic,authentic,,,c1ccc2c(c1)ncn1cccc21,val,274.707,3.3176000000000014,0.6734702167483348,19,31
subcategory_bioisostere.add-S_554,CCN(CC)CCNC(=O)c1sc(-c2ccc(OCC(C)C)c(C#N)c2)nc1C,0,authentic,authentic,,,c1ccc(-c2nccs2)cc1,train,414.5750000000002,4.096600000000003,0.6332774917960271,29,48
subcategory_bioisostere.add-S_65,CN(CCC(C)(C)c1ccc(Cl)cc1)[C@@H]1CCN(C(=O)N2CC[C@H](N(C)C(=O)c3ccc(-c4ccc(C(F)(F)F)cc4)cc3)C2)C1,0,authentic,authentic,,,O=C(N[C@H]1CCN(C(=O)N2CC[C@@H](NCCCc3ccccc3)C2)C1)c1ccc(-c2ccccc2)cc1,train,655.2050000000004,7.666100000000009,0.2505802300817291,46,95
subcategory_bioisostere.add-S_352,C[N+]1(Cc2cc(F)ccc2F)C2CC(OC(=O)C(O)(c3cccs3)c3cccs3)CC1C1OC12.[Br-],0,authentic,authentic,,,O=C(OC1CC2C3OC3C(C1)[NH+]2Cc1ccccc1)C(c1cccs1)c1cccs1,train,584.5040000000001,1.1983,0.26908075165210077,35,68
subcategory_bioisostere.add-S_433,O=C(Nc1ccc(C[C@H](NC(=O)[C@@H]2C3CCC(CC3)N2S(=O)(=O)c2cccc3cccnc23)C(=O)O)cc1)c1cc(Cl)nc(Cl)c1,0,authentic,authentic,,,O=C(Nc1ccc(CCNC(=O)[C@@H]2C3CCC(CC3)N2S(=O)(=O)c2cccc3cccnc23)cc1)c1ccncc1,val,682.586,4.932700000000005,0.20978061839555906,46,94
subcategory_bioisostere.add-S_898,C=CC(=O)N1CCc2ccc(-c3ccc(SC)cc3)cc21,1,bioisostere,add-S,C=CC(=O)N1CCc2ccc(-c3c(F)cc(C(N)=O)c4[nH]c(C)c(C)c34)cc21,10 11 12 13 14 15 16 17 18,c1cc(-c2ccc3c(c2)NCC3)c2cc[nH]c2c1,test,295.40700000000004,4.150600000000003,0.626033303680736,21,36
subcategory_bioisostere.add-S_1208,CCCc1nn(C)c2c(=O)[nH]c(-c3cc(S(=O)(=O)N4CCCC4)ccc3S(C)(=O)=O)nc12,1,bioisostere,add-S,CCCc1nn(C)c2c(=O)[nH]c(-c3cc(S(=O)(=O)N4CCCC4)ccc3OCC)nc12,0 1 2 3 4 5 6 7 8 9 10 11 12 13 14 15 16 17 18 19 20 21 22 23 24 26 27 28 29 30 31,O=c1[nH]c(-c2cccc(S(=O)(=O)N3CCCC3)c2)nc2cn[nH]c12,train,479.58400000000034,1.4640999999999997,0.5653626816673082,32,65
subcategory_bioisostere.add-S_608,COC[C@H]1OC(=O)c2coc3c2[C@@]1(C)C1=C(C3=O)C2CCC(=O)[C@@]2(C)C[C@H]1OC(=O)CN(C)c1ccc([N+](=O)[O-])c2nonc12,0,authentic,authentic,,,O=C(CNc1cccc2nonc12)O[C@@H]1CC2C(=O)CCC2C2=C1C1COC(=O)c3coc(c31)C2=O,train,620.5710000000003,3.0973000000000015,0.21226800829558096,45,105
subcategory_bioisostere.add-S_1264,Cc1ccc(OS(C)(=O)=O)cc1NCc1cnc2nc(N)nc(N)c2c1C,1,bioisostere,add-S,COc1ccc(C)c(NCc2cnc3nc(N)nc(N)c3c2C)c1,4 5 6 7 8 9,c1ccc(NCc2cnc3ncncc3c2)cc1,train,388.4530000000002,1.7565399999999995,0.5561699474167358,27,45
subcategory_bioisostere.add-S_260,COc1ccc(-n2nc(Sc3ccc(Cl)cc3)cc(CC[C@@H](C)NC(=O)[C@H]3CN(C)CC[C@@H]3c3ccc(F)cc3)c2=O)cc1,0,authentic,authentic,,,O=C(NCCCc1cc(Sc2ccccc2)nn(-c2ccccc2)c1=O)[C@H]1CNCC[C@@H]1c1ccccc1,train,635.2050000000005,6.357600000000008,0.21891159983217956,44,88
subcategory_bioisostere.add-S_405,O=C(Nc1ccc(Cl)c(Cl)c1)C1CCN(Cc2ccc(OCC3CCNCC3)cc2)CC1,0,authentic,authentic,,,O=C(Nc1ccccc1)C1CCN(Cc2ccc(OCC3CCNCC3)cc2)CC1,train,476.4480000000004,5.222500000000005,0.5754142850377496,32,53
subcategory_bioisostere.add-S_22,O=NN(CCCl)C(=O)NC1CCC(C(=O)O)CC1,0,authentic,authentic,,,C1CCCCC1,train,277.7080000000001,1.5616,0.45241264933746644,18,32
subcategory_bioisostere.add-S_1346,Cc1c(F)c(N2CCC(N)C2)cc2c1c(=O)c(C(=O)S(=O)(=O)O)cn2C1CC1,1,bioisostere,add-S,Cc1c(F)c(N2CCC(N)C2)cc2c1c(=O)c(C(=O)O)cn2C1CC1,17 19 20 21 22,O=c1ccn(C2CC2)c2cc(N3CCCC3)ccc12,train,409.43900000000014,1.3493199999999999,0.733725468098725,28,56
subcategory_bioisostere.add-S_473,CCO.N=c1nc(N2CCCCC2)cc(N)n1O,0,authentic,authentic,,,N=c1nc(N2CCCCC2)cc[nH]1,train,255.32199999999997,0.17097,0.5345022493069203,18,28
subcategory_bioisostere.add-S_572,CCCc1ccccc1N1CCNCC1,0,authentic,authentic,,,c1ccc(N2CCNCC2)cc1,train,204.31699999999992,2.0487,0.8103645508723878,15,19
subcategory_bioisostere.add-S_59,CCCc1nc(C(=O)OCc2ccc(-c3ccccc3-c3nn[nH]n3)cc2)c(C(C)O)n1Cc1oc(=O)oc1C,0,authentic,authentic,,,O=C(OCc1ccc(-c2ccccc2-c2nn[nH]n2)cc1)c1cn(Cc2coc(=O)o2)cn1,val,544.5680000000002,3.9959200000000017,0.2457821050057161,40,69
subcategory_bioisostere.add-S_1167,O=C1CC(c2ccc(OS(=O)(=O)O)cc2)Nc2ccccc21,1,bioisostere,add-S,COc1ccc(C2CC(=O)c3ccccc3N2)cc1,7 8 9 10 11 12,O=C1CC(c2ccccc2)Nc2ccccc21,train,319.338,2.607800000000001,0.8448379479132301,22,39
subcategory_bioisostere.add-S_612,Clc1ccc2c(NCCNCCCN(Cc3ccccc3)Cc3ccccc3)ccnc2c1,0,authentic,authentic,,,c1ccc(CN(CCCNCCNc2ccnc3ccccc23)Cc2ccccc2)cc1,val,459.0370000000001,5.982200000000005,0.2559903080551841,33,46
subcategory_bioisostere.add-S_525,NCC(=O)OCCCC(=O)N(C[C@H]1CN(c2ccc(N3CCOCC3=O)cc2F)C(=O)O1)C(=O)c1ccc(Cl)s1,0,authentic,authentic,,,O=C(NC[C@H]1CN(c2ccc(N3CCOCC3=O)cc2)C(=O)O1)c1cccs1,train,597.0210000000004,2.1800999999999995,0.32159028204801987,40,74
subcategory_bioisostere.add-S_135,N=C(Nc1ccc2ccc3cccnc3c2n1)c1cccc(Cl)c1,0,authentic,authentic,,,N=C(Nc1ccc2ccc3cccnc3c2n1)c1ccccc1,train,332.794,4.873870000000002,0.3124313067470472,24,38
subcategory_bioisostere.add-S_464,Fc1ccc([C@@H]2CCN(CC3CCCO3)C[C@H]2COc2ccc3c(c2)OCO3)cc1,0,authentic,authentic,,,c1ccc([C@@H]2CCN(CC3CCCO3)C[C@H]2COc2ccc3c(c2)OCO3)cc1,train,413.48900000000015,4.217900000000004,0.7093189508390475,30,55
subcategory_bioisostere.add-S_56,O=C1CCc2ccc(OCCCCN3CCN(c4cccc(Cl)c4Cl)CC3)cc2N1.O=P(O)(O)O,0,authentic,authentic,,,O=C1CCc2ccc(OCCCCN3CCN(c4ccccc4)CC3)cc2N1,train,546.3880000000003,3.9307000000000047,0.3046111234809702,35,58
subcategory_bioisostere.add-S_456,CCc1ccc(C2CC(c3ccc(F)cc3)=Nc3ncnn32)cc1,0,authentic,authentic,,,c1ccc(C2=Nc3ncnn3C(c3ccccc3)C2)cc1,train,320.371,4.093500000000003,0.729170998755081,24,39
subcategory_bioisostere.add-S_522,Fc1cccc(-c2nc3n(c2-c2cccc(F)c2)CCS3)c1,0,authentic,authentic,,,c1ccc(-c2nc3n(c2-c2ccccc2)CCS3)cc1,test,314.36,4.601000000000003,0.6877180171187647,22,38
subcategory_bioisostere.add-S_1543,Cc1[nH]c(/C=C2\C(=O)Nc3ccccc32)c(C)c1CCC(=O)OS(=O)(=O)O,1,bioisostere,add-S,Cc1[nH]c(/C=C2\C(=O)Nc3ccccc32)c(C)c1CCC(=O)O,20 22 23 24 25 26,O=C1Nc2ccccc2/C1=C/c1ccc[nH]1,val,390.41700000000014,2.40284,0.5316523204240116,27,55
subcategory_bioisostere.add-S_770,CON1C(=O)C(C)N=C(c2ccccc2)c2cc([N+](=O)[O-])ccc21,0,authentic,authentic,,,O=C1CN=C(c2ccccc2)c2ccccc2N1,train,325.32400000000007,2.728700000000001,0.6412728825687803,24,49
subcategory_bioisostere.add-S_1180,CCN(CCN1CCOCC1)S(=O)(=O)c1ccc(OC)c(-c2cc3c(CCSC)nn(C)c3c(=O)[nH]2)c1,1,bioisostere,add-S,CCCc1nn(C)c2c(=O)[nH]c(-c3cc(S(=O)(=O)N(CC)CCN4CCOCC4)ccc3OC)cc12,1 2,O=c1[nH]c(-c2cccc(S(=O)(=O)NCCN3CCOCC3)c2)cc2cn[nH]c12,train,549.7190000000004,2.1855,0.38773832681664466,37,68
subcategory_bioisostere.add-S_119,C[N+]1(C)C2CC(OC(=O)C(O)(c3cccs3)c3cccs3)CC1C1OC1C2,0,authentic,authentic,,,O=C(OC1CC2CC3OC3C(C1)[NH2+]2)C(c1cccs1)c1cccs1,test,406.54900000000015,2.735800000000001,0.4819041757500446,27,51
subcategory_bioisostere.add-S_748,CC(C)c1ccccc1OCC1=NCCN1,0,authentic,authentic,,,c1ccc(OCC2=NCCN2)cc1,train,218.29999999999993,2.1904999999999997,0.8401149497648565,16,23
subcategory_bioisostere.add-S_532,CCCC(=O)NCc1ccc(N2C(=O)[C@H](CC[C@H](O)c3ccc(F)cc3)[C@H]2c2ccc(OC)cc2)cc1,0,authentic,authentic,,,O=C1[C@H](CCCc2ccccc2)[C@@H](c2ccccc2)N1c1ccccc1,train,504.60200000000015,5.468500000000005,0.3396585723608909,37,73
subcategory_bioisostere.add-S_727,CCCCOc1ccc(-c2nc3c(=O)n(C)c(=O)n(C)c3[nH]2)cc1,0,authentic,authentic,,,O=c1[nH]c(=O)c2nc(-c3ccccc3)[nH]c2[nH]1,train,328.372,1.8061999999999996,0.7242272605093552,24,46
subcategory_bioisostere.add-S_168,Cc1[nH]c(C=C2C(=O)Nc3ccc(F)cc32)c(C)c1C(=O)NC[C@H](O)CN1CCOCC1,0,authentic,authentic,,,O=C1Nc2ccccc2C1=Cc1cc(C(=O)NCCCN2CCOCC2)c[nH]1,train,442.49100000000027,1.68624,0.5096580614407035,32,62
subcategory_bioisostere.add-S_1164,CSC[C@H](N)C(=O)N1CCC[C@H]1C(N)=O,1,bioisostere,add-S,CCC[C@H](N)C(=O)N1CCC[C@H]1C(N)=O.Cl,0 1 3 4 5 6 7 8 9 10 11 12 13 14,C1CCNC1,train,231.32099999999994,-0.8469999999999991,0.6594811203620005,15,33
subcategory_bioisostere.add-S_948,O=C(CCc1ccccc1)c1cc(F)ccc1OS(=O)(=O)O,1,bioisostere,add-S,CCCCN(CCCC)CC(O)COc1ccc(F)cc1C(=O)CCc1ccccc1.Cl,16 17 18 19 20 21,O=C(CCc1ccccc1)c1ccccc1,train,324.329,2.8228,0.6525998866726656,22,37
subcategory_bioisostere.add-S_1214,CC12CCC(S(C)(=O)=O)CC1CCC13OC14CCC(C1=CC(=O)OC1)C4(C)CCC23,1,bioisostere,add-S,COC1CC(OC2CCC3(C)C(CCC45OC46CCC(C4=CC(=O)OC4)C6(C)CCC35)C2)OC(C)C1O,4 5 6 7 8,O=C1C=C(C2CCC34OC35CCC3CC(OC6CCCCO6)CCC3C5CCC24)CO1,test,434.5980000000003,3.8171000000000026,0.4879921523742549,30,58
subcategory_bioisostere.add-S_1385,CSCn1nc(-c2ccc(Br)cc2)c2c1CCN(S(C)(=O)=O)C2,1,bioisostere,add-S,CS(=O)(=O)N1CCc2c(c(-c3ccc(Br)cc3)nn2CC(O)CN2CCC(N3C(=O)CCc4cc(Cl)ccc43)CC2)C1,0 1 2,O=C1CCc2ccccc2N1C1CCN(CCCn2nc(-c3ccccc3)c3c2CCNC3)CC1,train,416.36600000000027,2.950800000000002,0.7693357181217588,23,43
subcategory_bioisostere.add-S_965,CSCC(O)(Cn1cncn1)c1ccc(C(F)(F)F)cc1,1,bioisostere,add-S,CCC(O)(Cn1cncn1)c1ccc(C(F)(F)F)cc1,1 2,c1ccc(CCn2cncn2)cc1,train,317.336,2.5477000000000007,0.9206345885495976,21,35
subcategory_bioisostere.add-S_560,CCC1(c2ccccc2)NC(=O)N(CC(=O)NC2(C#N)CCCCC2)C1=O,0,authentic,authentic,,,O=C(CN1C(=O)NC(c2ccccc2)C1=O)NC1CCCCC1,test,368.43700000000024,2.1863799999999998,0.7777427082506061,27,47
subcategory_bioisostere.add-S_1020,CN1CC[C@@]2([CH]C[C@@H](O)C=C2)c2c(ccc(OS(=O)(=O)C(F)(F)F)c2S(C)(=O)=O)C1,1,bioisostere,add-S,CN1CC[C@@]23C=C[C@H](O)C[C@@H]2Oc2c(OS(=O)(=O)C(F)(F)F)ccc(c23)C1,24 25 26 27 28,C1=C[C@@]23CCNCc4cccc(c42)O[C@H]3CC1,train,468.4950000000002,1.9168900000000002,0.4109320045475775,30,73
subcategory_bioisostere.add-S_114,O=C(N[C@@H](CNC(=O)c1ccc(Cl)s1)C(=O)N(F)c1ccc(N2CCOCC2=O)cc1)OCCO,0,authentic,authentic,,,O=C(CCNC(=O)c1cccs1)Nc1ccc(N2CCOCC2=O)cc1,train,528.9460000000005,1.4992999999999999,0.41930322126010316,35,65
subcategory_bioisostere.add-S_1350,CC1OC(OC2CCC3(C=O)C4CCC5(C)C(CCOS(=O)(=O)O)CCC5(O)C4CCC3(O)C2)CC(O)C1O,1,bioisostere,add-S,CC1OC(OC2CCC3(C=O)C4CCC5(C)C(C6=CC(=O)OC6)CCC5(O)C4CCC3(O)C2)CC(O)C1O,18 19 20 21 22 23,O=C1C=C(C2CCC3C2CCC2C4CCC(OC5CCCCO5)CC4CCC23)CO1,val,576.7050000000005,1.5054999999999998,0.16837033496264342,39,70
subcategory_bioisostere.add-S_79,C[C@@H](NC(c1cccc2nc(O)c(O)nc12)P(=O)(O)O)c1ccccc1,0,authentic,authentic,,,c1ccc(CNCc2cccc3nccnc23)cc1,val,375.321,2.568100000000001,0.4294038997645215,26,50
subcategory_bioisostere.add-S_1407,CSc1ccc2oc(-c3nnc(O)o3)nc2c1,1,bioisostere,add-S,Cc1ccc2oc(-c3nnc(O)o3)nc2c1,0 1 3 4 5 6 7 8 9 10 11 12 13 14 15,c1ccc2oc(-c3nnco3)nc2c1,train,249.25099999999998,2.3053,0.6971685700472996,17,28
subcategory_bioisostere.add-S_540,COc1c(Cl)c(O)c(C=O)c(OC)c1Cl,0,authentic,authentic,,,c1ccccc1,train,251.06499999999997,2.5287000000000006,0.8383503233980807,15,28
subcategory_bioisostere.add-S_640,C=C(c1cc(Cl)ccc1OCc1ccc(C(=O)OC)cc1)n1ccnc1,0,authentic,authentic,,,C=C(c1ccccc1OCc1ccccc1)n1ccnc1,train,368.82000000000005,4.421100000000004,0.6041799356167902,26,43
subcategory_bioisostere.add-S_1247,CS(=O)(=O)c1ccc(S(=O)(=O)NCC(=O)O)cc1,1,bioisostere,add-S,COc1ccc(S(=O)(=O)NCC(=O)O)cc1,0 1 2 3 5 6 7 8 9 10 11 12 13 14 15 16,c1ccccc1,train,293.322,-0.5469999999999997,0.752020932647217,18,37
subcategory_bioisostere.add-S_83,Cc1cnc(C(=O)NCC2CCN(c3ccc(S(=O)(=O)N(C)C)cc3)CC2)cn1,0,authentic,authentic,,,O=C(NCC1CCN(c2ccccc2)CC1)c1cnccn1,test,417.5350000000002,1.6817199999999997,0.7683869516931441,29,52
subcategory_bioisostere.add-S_1000,COc1cc2nc(SC)cn2c2ccc(C(C)C)cc12,1,bioisostere,add-S,COc1cc2nc(C(=O)c3ccccc3)cn2c2ccc(C(C)C)cc12,1 2,O=C(c1ccccc1)c1cn2c(ccc3ccccc32)n1,train,286.40000000000003,4.341400000000003,0.669950117554892,20,32
subcategory_bioisostere.add-S_223,CCCOc1ccc(S(=O)(=O)NCCC2CCCN2C)cc1C(=O)Nc1c(CCC)nn(C)c1C(N)=O,0,authentic,authentic,,,O=C(Nc1cn[nH]c1)c1cccc(S(=O)(=O)NCCC2CCCN2)c1,train,534.6830000000003,2.2752000000000008,0.3568891885173397,37,61
subcategory_bioisostere.add-S_550,O=C(O)CCC(=O)COCCN1CCN(C(c2ccccc2)c2ccc(Cl)cc2)CC1,0,authentic,authentic,,,c1ccc(C(c2ccccc2)N2CCNCC2)cc1,train,444.9590000000002,3.4975000000000023,0.534800766543171,31,50
subcategory_bioisostere.add-S_1410,CCCN1CC[C@H]2Cc3c(cccc3SCCO)C[C@H]21,1,bioisostere,add-S,CCCN1CC[C@H]2Cc3c(O)cccc3C[C@H]21,0 1 2 3 4 5 6 7 8 9 10 11 12 14 15 16 17 18 19,c1ccc2c(c1)C[C@@H]1CCN[C@@H]1C2,train,291.46000000000004,2.9701000000000013,0.8437948621850015,20,36
subcategory_bioisostere.add-S_1057,CSCc1nc(-c2cn(C)c3ccccc23)no1,1,bioisostere,add-S,CN(C)CCCc1nc(-c2cn(C)c3ccccc23)no1,1 2,c1ccc2c(-c3ncon3)c[nH]c2c1,train,259.334,3.0913000000000013,0.7246792657892341,18,29
subcategory_bioisostere.add-S_425,NC(=O)CSC(c1ccccc1)c1ccccc1,0,authentic,authentic,,,c1ccc(Cc2ccccc2)cc1,train,257.358,2.994500000000002,0.8944452647099275,18,27
subcategory_bioisostere.add-S_1116,CSc1ccc(C2(CCC#N)OCc3ccccc32)cc1,1,bioisostere,add-S,Cc1ccc(C2(CCC#N)OCc3ccccc32)cc1,1 2,c1ccc(C2OCc3ccccc32)cc1,train,295.407,4.486080000000003,0.7793252611251824,21,32
subcategory_bioisostere.add-S_681,CCC(CO)OCn1cnc2c(=O)[nH]cnc21,0,authentic,authentic,,,O=c1[nH]cnc2[nH]cnc12,train,238.247,-0.13540000000000013,0.7561504754855155,17,29
subcategory_bioisostere.add-S_1544,CCn1c2ccccc2c2oc(SC)cc(=O)c21,1,bioisostere,add-S,CCn1c2ccccc2c2oc(C(=O)Nc3nn[nH]n3)cc(=O)c21,1 2,O=C(Nc1nn[nH]n1)c1cc(=O)c2[nH]c3ccccc3c2o1,train,259.33,3.489500000000003,0.6607406122648,18,29
subcategory_bioisostere.add-S_800,CS(=O)(=O)OC1(C(O)(Cn2cncn2)c2ccc(F)cc2F)CC1,1,bioisostere,add-S,COC1(C(O)(Cn2cncn2)c2ccc(F)cc2F)CC1,0 1 2 3 4 5,c1ccc(C(Cn2cncn2)C2CC2)cc1,train,359.35400000000016,0.9528999999999999,0.7721055352069158,24,44
subcategory_bioisostere.add-S_136,OB(O)CCc1ccc2ccccc2c1,0,authentic,authentic,,,c1ccc2ccccc2c1,train,200.04600000000002,1.8550999999999997,0.7419313660420773,15,21
subcategory_bioisostere.add-S_224,COC(=O)[C@@H]1C[C@](O)([C@@H](C)[C@H](O)[C@H](C)[C@H]2OC(=O)/C(OC)=C/C(C)=C/[C@@H](C)[C@@H](O)[C@@H](C)C/C(C)=C/C=C/[C@@H]2OC)O[C@H](C(C)C)[C@H]1C,0,authentic,authentic,,,O=C1/C=C/C=C/CCCC/C=C/C=C/C[C@@H](CCCC2CCCCO2)O1,train,664.8770000000003,5.121000000000004,0.29959621225297595,47,146
subcategory_bioisostere.add-S_226,CC1(C)OC(=O)Nc2ccc(-c3ccc(F)c(Cl)c3)cc21,0,authentic,authentic,,,O=C1Nc2ccc(-c3ccccc3)cc2CO1,train,305.73600000000005,4.9433000000000025,0.8097938893740579,21,40
subcategory_bioisostere.add-S_376,N#Cc1ccccc1C#CC1(C(F)(F)F)OC(=O)Nc2ccc(Cl)cc21,0,authentic,authentic,,,O=C1Nc2ccccc2C(C#Cc2ccccc2)O1,train,376.72099999999995,4.583080000000002,0.684307742990325,26,46
subcategory_bioisostere.add-S_662,Cc1c(CC(=O)O)c2cc(OC(=O)CCC(=O)OCc3ccccc3)ccc2n1C(=O)c1ccc(Cl)cc1,0,authentic,authentic,,,O=C(CCC(=O)Oc1ccc2c(ccn2C(=O)c2ccccc2)c1)OCc1ccccc1,train,533.9640000000002,5.347720000000005,0.2278930239450329,38,65
subcategory_bioisostere.add-S_120,CCCN(CCC)P(=O)([O-])OCCOCn1cnc2c(=O)[nH]c(N)nc21.[NH4+],0,authentic,authentic,,,O=c1[nH]cnc2[nH]cnc12,train,405.3960000000001,0.6591000000000012,0.3560399641709254,27,55
subcategory_bioisostere.add-S_318,Nc1cc(C(=O)NC[C@H]2CN(c3ccc(N4CCOCC4=O)cc3)C(=O)O2)sc1Cl,0,authentic,authentic,,,O=C(NC[C@H]1CN(c2ccc(N3CCOCC3=O)cc2)C(=O)O1)c1cccs1,train,450.9040000000002,2.1021,0.7206050608680651,30,56
subcategory_bioisostere.add-S_514,CCOCn1c(N)nc2nc[nH]c2c1=O,0,authentic,authentic,,,O=c1[nH]cnc2nc[nH]c12,train,209.209,-0.3042000000000004,0.7223340101238546,15,25
subcategory_bioisostere.add-S_1428,CS(=O)(=O)c1cc(C(=O)Nc2ccccc2F)n(Cc2ccccc2)n1,1,bioisostere,add-S,CN(C)CCCOc1cc(C(=O)Nc2ccccc2F)n(Cc2ccccc2)n1,0 1 2 3 5 6 7 8 9 10 11 12 13 14 15 16 17 18 19 20 21 22 23 24,O=C(Nc1ccccc1)c1ccnn1Cc1ccccc1,val,373.4090000000001,2.726300000000001,0.745623035509991,26,45
subcategory_bioisostere.add-S_977,CC(C)OC(=O)OCN1C(=O)CCc2ccc(OS(=O)(=O)O)cc21,1,bioisostere,add-S,CC(C)OC(=O)OCN1C(=O)CCc2ccc(OCCCCN3CCN(c4cccc(Cl)c4Cl)CC3)cc21,16 17 18 19 20 21,O=C1CCc2ccc(OCCCCN3CCN(c4ccccc4)CC3)cc2N1,train,359.35600000000005,1.6664999999999999,0.6225781384686986,24,44
subcategory_bioisostere.add-S_1148,CSCC(C)(C)/N=c1\c(O)c(O)\c1=N/c1ccc(C#N)cc1,1,bioisostere,add-S,CC(C)(C)/N=c1\c(O)c(O)\c1=N/c1ccc(C#N)cc1,0 1 2 4 5 6 7 8 9 10 11 12 13 14 15 16 17 18 19 20 21,N=c1cc/c1=N\c1ccccc1,train,315.3980000000001,2.1197799999999996,0.9041701633725951,22,43
subcategory_bioisostere.add-S_476,Cc1nc(-c2ccc(OCC(C)C)c(C#N)c2)sc1C(O)O,0,authentic,authentic,,,c1ccc(-c2nccs2)cc1,train,318.39799999999997,3.008200000000002,0.8276204206440961,22,38
subcategory_bioisostere.add-S_1475,CCCN(CCSC)C[C@@H](O)COc1ccc(C)cc1C(=O)CCc1ccccc1,1,bioisostere,add-S,Cc1ccc(OC[C@H](O)CN2CCCCC2)c(C(=O)CCc2ccccc2)c1,0 1 2 3 5 6 7 8 9 10 11 12 13 14 15 16 17 18 19 20 21 22 23 24 25 26 27 28 29,O=C(CCc1ccccc1)c1ccccc1OCCCN1CCCCC1,train,429.6260000000002,4.625220000000004,0.4440025993974395,30,48
subcategory_bioisostere.add-S_808,Cc1cnc(CSc2nc3ccccc3[nH]2)cc1SCCO,1,bioisostere,add-S,Cc1cnc(CSc2nc3ccccc3[nH]2)cc1OCC(F)(F)C(F)(F)F,0 1 2 3 4 5 6 7 8 9 10 11 12 13 14 15 16 18 19 20,c1ccc(CSc2nc3ccccc3[nH]2)nc1,train,331.4660000000001,3.643020000000002,0.6752837830184942,22,33
subcategory_bioisostere.add-S_1578,COc1ccc(Cl)cc1C1(SCCO)C(=O)Nc2cc(C(F)(F)F)ccc21,1,bioisostere,add-S,COc1ccc(Cl)cc1C1(O)C(=O)Nc2cc(C(F)(F)F)ccc21,0 1 2 3 4 5 6 7 8 10 11 12 13 14 15 16 17 18 19 20 21 22 23 24 25,O=C1Nc2ccccc2C1c1ccccc1,train,417.83600000000007,4.288600000000002,0.7616670547897982,27,47
subcategory_bioisostere.add-S_368,Cc1cc(SC2=C(O)OC(CCc3ccc(O)cc3)(C(C)C)CC2=O)c(C(C)(C)C)cc1NS(=O)(=O)c1cccc(C#N)c1,0,authentic,authentic,,,O=C1CC(CCc2ccccc2)OC=C1Sc1ccc(NS(=O)(=O)c2ccccc2)cc1,train,634.8200000000002,7.506800000000008,0.22002239138102606,44,81
subcategory_bioisostere.add-S_1138,CSNS(=O)(=O)c1ccc(Cl)c(C(=O)NCc2ccccc2OC(F)F)c1,1,bioisostere,add-S,CC(C)NS(=O)(=O)c1ccc(Cl)c(C(=O)NCc2ccccc2OC(F)F)c1,0 1 2,O=C(NCc1ccccc1)c1ccccc1,train,436.88900000000007,3.4277000000000024,0.6192164363756402,27,47
subcategory_bioisostere.add-S_11,CC(C)(C)NC(=O)OC1=Nc2cc(OCCCCN3CCN(c4cccc(Cl)c4Cl)CC3)ccc2CC1,0,authentic,authentic,,,C1=Nc2cc(OCCCCN3CCN(c4ccccc4)CC3)ccc2CC1,test,547.527,6.475500000000007,0.4024908374702224,37,61
subcategory_bioisostere.add-S_827,COc1c2c(cc(O)c1S(C)(=O)=O)CC[C@H](NC(C)=O)c1cc(=O)c(OC)ccc1-2,1,bioisostere,add-S,COc1c(O)cc2c(c1OC)-c1ccc(OC)c(=O)cc1[C@@H](NC(C)=O)CC2,0 1 2 3 4 5 6 7 9 10 11 12 13 14 15 16 17 18 19 20 21 22 23 24 25 26 27 28 29,O=c1cccc2c(c1)CCCc1ccccc1-2,train,433.4820000000002,1.9635,0.7564680552452107,30,61
subcategory_bioisostere.add-S_1266,C[C@]12CCC(=O)C=C1CC[C@H]1[C@@H]3CC[C@](OS(=O)(=O)O)(C(=O)CO)[C@@]3(C)C[C@H](O)[C@@]12F,1,bioisostere,add-S,C[C@]12CCC(=O)C=C1CC[C@H]1[C@@H]3CC[C@](O)(C(=O)CO)[C@@]3(C)C[C@H](O)[C@@]12F,14 15 16 17 18 19,O=C1C=C2CC[C@@H]3C(CCC4CCC[C@H]43)C2CC1,train,460.5200000000002,1.7008,0.5391070024533067,31,87
subcategory_bioisostere.add-S_1507,Cn1c(=O)c2nc([N+](=O)OS(=O)(=O)O)[nH]c2n(C)c1=O,1,bioisostere,add-S,Cn1c(=O)c2nc([N+](=O)[O-])[nH]c2n(C)c1=O,7 9 10 11 12 13,O=c1[nH]c(=O)c2nc[nH]c2[nH]1,train,306.2360000000001,-1.8948999999999991,0.49173294532293765,20,47
subcategory_bioisostere.add-S_1067,CSn1cnc2c1c(=O)[nH]c(=O)n2C,1,bioisostere,add-S,Cn1c(=O)[nH]c(=O)c2c1ncn2CCCO,0 1 3 4 5 6 7 8 9 10 11 12 13,O=c1[nH]c(=O)c2[nH]cnc2[nH]1,train,212.234,-0.45060000000000033,0.6945167467700518,14,27
subcategory_bioisostere.add-S_1002,Cc1nc(CS)cc(OCc2ccc(-c3ccccc3-c3nn[nH]n3)cc2)c1C=O,1,bioisostere,add-S,Cc1cc(OCc2ccc(-c3ccccc3-c3nn[nH]n3)cc2)c(C=O)c(C)n1,3 4 5,c1ccc(-c2nn[nH]n2)c(-c2ccc(COc3ccncc3)cc2)c1,train,417.4940000000001,4.0584200000000035,0.3479232437444391,30,50
subcategory_bioisostere.add-S_457,N#C/C(=C\c1ccccc1OCCCN1CCCCC1)c1noc2ccccc12,0,authentic,authentic,,,C(=Cc1noc2ccccc12)c1ccccc1OCCCN1CCCCC1,val,387.483,5.146780000000005,0.41450314026231083,29,43
subcategory_bioisostere.add-S_1129,CS(=O)(=O)c1ccc(Cn2c(N)nc3cc(Cl)c(Cl)cc32)cc1,1,bioisostere,add-S,COc1ccc(Cn2c(N)nc3cc(Cl)c(Cl)cc32)cc1,0 1 2 3 5 6 7 8 9 10 11 12 13 14 15 16 17 18 19 20 21,c1ccc(Cn2cnc3ccccc32)cc1,train,370.261,3.3771000000000013,0.766817001635888,23,45
subcategory_bioisostere.add-S_392,NC(=O)c1ncn([C@@H]2O[C@H](CO[C@@H]3O[C@H](CO)[C@@H](O)[C@H](O)[C@H]3O)[C@@H](O)[C@H]2O)n1,0,authentic,authentic,,,c1ncn([C@H]2CC[C@@H](CO[C@H]3CCCCO3)O2)n1,val,406.348,-5.187299999999993,0.2353850363333235,28,89
subcategory_bioisostere.add-S_267,O=C(O)c1ccc(NCc2ccncc2)cn1,0,authentic,authentic,,,c1cncc(NCc2ccncc2)c1,train,229.23900000000003,1.7869,0.8354615946856421,17,26
subcategory_bioisostere.add-S_6,CCC(Sc1nc2ncccc2[nH]1)C(=O)Nc1cccc(OC)c1,0,authentic,authentic,,,O=C(CSc1nc2ncccc2[nH]1)Nc1ccccc1,test,342.4240000000001,3.475900000000001,0.6705393079616768,24,40
subcategory_bioisostere.add-S_990,CS(=O)(=O)C1(c2ccccc2)Sc2ccccc2-n2cccc21,1,bioisostere,add-S,CC(=O)OC1(c2ccccc2)Sc2ccccc2-n2cccc21,0 1 2 3 5 6 7 8 9 10 11 12 13 14 15 16 17 18 19 20 21,c1ccc(C2Sc3ccccc3-n3cccc32)cc1,train,341.4570000000001,3.828700000000002,0.71101952092085,23,40
subcategory_bioisostere.add-S_1066,CSc1nn(-c2cc3c(cc2F)OCC3)c2c1CCN(c1ccc(N3CCCCC3=O)cc1)C2=O,1,bioisostere,add-S,NC(=O)c1nn(-c2cc3c(cc2F)OCC3)c2c1CCN(c1ccc(N3CCCCC3=O)cc1)C2=O,1 2,O=C1CCCCN1c1ccc(N2CCc3cnn(-c4ccc5c(c4)CCO5)c3C2=O)cc1,train,492.57600000000036,4.3880000000000035,0.5057001490393609,35,58
subcategory_bioisostere.add-S_1113,CSc1cc(O)c2c(c1)C(c1c(O)cccc1O)OC2=O,1,bioisostere,add-S,Cc1cc(O)c2c(c1)C(c1c(O)cccc1O)OC2=O,1 2,O=C1OC(c2ccccc2)c2ccccc21,train,304.32300000000004,2.7851000000000012,0.5839844114149628,21,36
subcategory_bioisostere.add-S_988,CSCCn1cnc2c(O)ncnc21,1,bioisostere,add-S,O=P(O)(O)CCCCCn1cnc2c(O)ncnc21,0 1 3 4 5 6 7 8 9 10 11 12,c1ncc2nc[nH]c2n1,train,210.26200000000003,0.8948999999999998,0.8148652000081188,14,20
subcategory_bioisostere.add-S_189,COc1ccc(Sc2ccc(-c3ncc[nH]3)cc2)cc1,0,authentic,authentic,,,c1ccc(Sc2ccc(-c3ncc[nH]3)cc2)cc1,val,282.36800000000005,4.236500000000002,0.777586729984065,20,34
subcategory_bioisostere.add-S_1204,COc1ccc(Cc2oc3c(Cl)cc(CCSC)c(O)c3c2C)c(OC)c1,1,bioisostere,add-S,CCCc1cc(Cl)c2oc(Cc3ccc(OC)cc3OC)c(C)c2c1O,15 16 17,c1ccc(Cc2cc3ccccc3o2)cc1,train,406.93100000000015,5.613720000000005,0.551917723958382,27,44
subcategory_bioisostere.add-S_934,COc1ccnc(CSc2nc3ccc(S(C)(=O)=O)cc3[nH]2)c1OC,1,bioisostere,add-S,COc1ccnc(CSc2nc3ccc(OC(F)F)cc3[nH]2)c1OC,0 1 2 3 4 5 6 7 8 9 10 11 12 13 15 16 17 18 19 20 21 22 23 24,c1ccc(CSc2nc3ccccc3[nH]2)nc1,train,379.46300000000014,2.6709000000000005,0.6580526676052125,25,44
subcategory_bioisostere.add-S_88,Cl.O=C(CCc1ccccc1)c1ccccc1OCC(O)CN1CCCCC1,0,authentic,authentic,,,O=C(CCc1ccccc1)c1ccccc1OCCCN1CCCCC1,train,403.9500000000004,4.149500000000003,0.6388079203408821,28,41
subcategory_bioisostere.add-S_885,CSCCc1nc(C(=O)NCc2ccc(-c3ccccc3-c3nn[nH]n3)cc2)c(C(O)C(C)(C)C)[nH]1,1,bioisostere,add-S,CCCc1nc(C(=O)NCc2ccc(-c3ccccc3-c3nn[nH]n3)cc2)c(C(O)C(C)(C)C)[nH]1,1 2,O=C(NCc1ccc(-c2ccccc2-c2nn[nH]n2)cc1)c1c[nH]cn1,train,505.6480000000002,4.171800000000003,0.26828797257382303,36,67
subcategory_bioisostere.add-S_887,O=C[C@H](Cc1ccccc1)NC(=O)OS(=O)(=O)O,1,bioisostere,add-S,O=C[C@H](Cc1ccccc1)NC(=O)OCc1ccccc1,11 13 14 15 16 17,O=C(NCCc1ccccc1)OCc1ccccc1,test,273.266,0.3255999999999999,0.5904650339464973,18,36
subcategory_bioisostere.add-S_437,N#Cc1cccc(-c2ccccc2C[S@](=O)CC(N)=O)c1,0,authentic,authentic,,,c1ccc(-c2ccccc2)cc1,train,298.36699999999996,1.9592799999999997,0.9154034770327868,21,38
subcategory_bioisostere.add-S_415,Cc1ccc(N2CCN(CCCOc3ccc4c(c3)NC(=O)CC4)CC2)cc1Cl,0,authentic,authentic,,,O=C1CCc2ccc(OCCCN3CCN(c4ccccc4)CC3)cc2N1,train,413.9490000000002,4.124220000000003,0.7232055999272367,29,47
subcategory_bioisostere.add-S_1252,COc1c(CS(=O)c2nc3ccc(OC(F)F)cc3[nH]2)ncc(C)c1S(C)(=O)=O,1,bioisostere,add-S,COc1c(C)cnc(CS(=O)c2nc3ccc(OC(F)F)cc3[nH]2)c1OC,0 1 2 3 4 5 6 7 8 9 10 11 12 13 14 15 16 17 18 19 20 21 22 23 25 26 27,O=S(Cc1ccccn1)c1nc2ccccc2[nH]1,train,445.46900000000016,2.5876200000000003,0.594960827025639,29,55
subcategory_bioisostere.add-S_916,CN(C)CCC(Cc1ccccc1)(c1cccc(OCc2ccccc2)c1)S(C)(=O)=O,1,bioisostere,add-S,CN(C)CCC(O)(Cc1ccccc1)c1cccc(OCc2ccccc2)c1.Cl,0 1 2 3 4 6 7 8 9 10 11 12 13 14 15 16 17 18 19 20 21 22 23 24 25 26 27 28 29,c1ccc(CCc2cccc(OCc3ccccc3)c2)cc1,val,437.6050000000002,4.699900000000004,0.4612482862110455,31,51
subcategory_bioisostere.add-S_1171,CSC1(c2ccc(C)cc2)OCc2ccccc21,1,bioisostere,add-S,Cc1ccc(C2(CCC#N)OCc3ccccc32)cc1,1 2,c1ccc(C2OCc3ccccc32)cc1,train,256.37,4.0893200000000025,0.8000889542332523,18,28
subcategory_bioisostere.add-S_1409,Cc1cc2[nH]c(SCc3nccc(OCCS(C)(=O)=O)c3C)nc2c(C)c1OC(F)F,1,bioisostere,add-S,COCCOc1ccnc(CSc2nc3c(C)c(OC(F)F)c(C)cc3[nH]2)c1C,0 1 2 3 4 5 6 7 8 9 10 11 12 13 14 16 17 18 19 20 21 22 23 24 25 26 27 28 29 30,c1ccc(CSc2nc3ccccc3[nH]2)nc1,train,471.5510000000002,4.200260000000003,0.46753844651955506,31,54
subcategory_bioisostere.add-S_1306,COc1cc2nc(S(=O)C3CCCc4c3ncc(C)c4S(=O)(=O)O)[nH]c2cc1F,1,bioisostere,add-S,COc1cc2nc(S(=O)C3CCCc4c3ncc(C)c4OC)[nH]c2cc1F,19 20 21 22 23,O=S(c1nc2ccccc2[nH]1)C1CCCc2cccnc21,train,439.4900000000001,2.8459200000000004,0.5994507228357357,29,53
subcategory_bioisostere.add-S_1533,CSc1ccccc1OCC(O)CNC1CCCC1,1,bioisostere,add-S,CC(=O)c1ccccc1OCC(O)CNC1CCCC1.Cl,1 2,c1ccc(OCCCNC2CCCC2)cc1,train,281.421,2.6804000000000006,0.7540754074708499,19,25
subcategory_bioisostere.add-S_1052,CS[C@@H]1COC(Cn2cncn2)(c2ccc(F)cc2F)C1,1,bioisostere,add-S,OC[C@@H]1COC(Cn2cncn2)(c2ccc(F)cc2F)C1,1 2,c1ccc(C2(Cn3cncn3)CCCO2)cc1,train,311.3570000000001,2.603700000000001,0.8700306045722485,21,38
subcategory_bioisostere.add-S_14,CCN(CC)CCOCCNc1nnc(-c2cccc(Cl)c2Cl)c(N)n1,0,authentic,authentic,,,c1ccc(-c2cncnn2)cc1,train,399.32600000000014,3.1978999999999997,0.5933177308743343,26,41
subcategory_bioisostere.add-S_1049,CSCc1cc(F)ccc1OCc1ccc(F)c(C(=O)N2CCNCC2)c1,1,bioisostere,add-S,NC(=O)c1cc(F)ccc1OCc1ccc(F)c(C(=O)N2CCNCC2)c1,0 1 2 4 5 6 7 8 9 10 11 12 13 14 15 16 17 18 19 20 21 22 23 24 25 26,O=C(c1cccc(COc2ccccc2)c1)N1CCNCC1,test,392.47100000000023,3.4522000000000013,0.8176911620536462,27,42
subcategory_bioisostere.add-S_263,CC1=NC2=CCCCN2C(=O)C1CCN1CCC(c2noc3cc(F)ccc23)CC1,0,authentic,authentic,,,O=C1C(CCN2CCC(c3noc4ccccc34)CC2)C=NC2=CCCCN12,train,410.49300000000017,4.090900000000003,0.7616864318075832,30,49
subcategory_bioisostere.add-S_663,O=C(NCCCCCc1nn[nH]n1)C(F)(F)C(F)(F)C(F)(F)C(F)(F)C(F)(F)C(F)(F)C(F)(F)C(F)(F)F,0,authentic,authentic,,,c1nn[nH]n1,val,601.2610000000002,5.038100000000002,0.24549625059708807,38,78
subcategory_bioisostere.add-S_469,CC(C)(C)OC(=O)c1ncn2c1CN(C(=O)N1CCOCC1)c1ccccc1-2,0,authentic,authentic,,,O=C(N1CCOCC1)N1Cc2cncn2-c2ccccc21,train,384.4360000000002,2.599800000000001,0.706596374291935,28,49
subcategory_bioisostere.add-S_1021,CSc1nc(-c2cc(F)c(OCC3CC3)c(F)c2)sc1C(=O)O,1,bioisostere,add-S,Cc1nc(-c2cc(F)c(OCC3CC3)c(F)c2)sc1C(=O)O,1 2,c1csc(-c2ccc(OCC3CC3)cc2)n1,train,357.403,4.297200000000003,0.7814015398305781,23,41
subcategory_bioisostere.add-S_807,COc1cc(OC(=O)c2c(C)cc(O)c(C)c2O)c(C)c(C)c1C(=O)OS(=O)(=O)O,1,bioisostere,add-S,COc1cc(OC(=O)c2c(C)cc(O)c(C)c2O)c(C)c(C)c1C(=O)Oc1c(C)c(C)c(C(=O)O)c(OC)c1C,23 25 26 27 28 29,O=C(Oc1ccc(C(=O)Oc2ccccc2)cc1)c1ccccc1,train,440.4260000000002,2.5188800000000002,0.3583962152709403,30,58
subcategory_bioisostere.add-S_1498,CSc1c(/C=C/[C@@H](O)C[C@@H](O)CC(=O)O)c(-c2ccc(F)cc2)cn1-c1ccccc1,1,bioisostere,add-S,Cc1c(/C=C/[C@@H](O)C[C@@H](O)CC(=O)O)c(-c2ccc(F)cc2)cn1-c1ccccc1,1 2,c1ccc(-c2ccn(-c3ccccc3)c2)cc1,train,441.524,4.605100000000003,0.4227559337017167,31,65
subcategory_bioisostere.add-S_197,COCC1=C(C(=O)OC)[C@H](c2ccc(F)c(F)c2)N(C(=O)N[C@@H]2CC[C@H](N3CCC(c4ccccc4C#N)CC3)C2)C(=O)N1,0,authentic,authentic,,,O=C1NC=C[C@H](c2ccccc2)N1C(=O)N[C@@H]1CC[C@H](N2CCC(c3ccccc3)CC2)C1,train,607.658,4.486580000000004,0.44491679919452237,44,92
subcategory_bioisostere.add-S_279,CS(=O)(=O)CC[C@@H](NC(=O)c1cnccn1)C(=O)N[C@@H](CCCc1ccccc1)B(O)O,0,authentic,authentic,,,O=C(CNC(=O)c1cnccn1)NCCCCc1ccccc1,train,462.3370000000002,-0.470599999999998,0.30832043696511086,32,64
subcategory_bioisostere.add-S_1360,COc1ccc(Oc2ccccc2C2CCNCC2)cc1S(C)(=O)=O,1,bioisostere,add-S,c1ccc(C2CCNCC2)c(Oc2ccc3c(c2)OCO3)c1,0 1 2 3 4 5 6 7 8 9 10 11 12 13 14 15 16 17 18 19 21 22 23,c1ccc(C2CCNCC2)c(Oc2ccc3c(c2)OCO3)c1,val,361.4630000000001,3.3580000000000014,0.884612653301406,25,39
subcategory_bioisostere.add-S_924,CS[C@H]1Nc2cc(Cl)ccc2S(=O)(=O)N1,1,bioisostere,add-S,O=S1(=O)N[C@@H](CCl)Nc2cc(Cl)ccc21,0 1 3 4 5 6 7 8 9 10 11 12 13,O=S1(=O)NCNc2ccccc21,train,264.75899999999996,1.6903999999999997,0.8105367889028251,15,32
subcategory_bioisostere.add-S_943,CN1CC[C@@](O)(c2ccccc2S(C)(=O)=O)[C@@H](c2ccccc2F)C1,1,bioisostere,add-S,COc1ccccc1[C@]1(O)CCN(C)C[C@@H]1c1ccccc1F,0 1 2 3 4 5 6 7 8 9 10 12 13 14 15 16 17 18 19 20 21 22 23 24,c1ccc(C2CCNC[C@@H]2c2ccccc2)cc1,train,363.45400000000006,2.536100000000001,0.9105074011082395,25,52
subcategory_bioisostere.add-S_505,CCC(O)(Cn1cncn1)c1ccc(F)cc1F,0,authentic,authentic,,,c1ccc(CCn2cncn2)cc1,train,253.25199999999998,1.8541,0.9043298575956314,18,28
subcategory_bioisostere.add-S_1445,CC(C)C(=O)C[C@@H](C[C@H](O)/C=C/c1c(-c2ccc(F)cc2)c2ccccc2n1C(C)C)S(C)(=O)=O,1,bioisostere,add-S,CC(C)C(=O)C[C@H](O)C[C@H](O)/C=C/c1c(-c2ccc(F)cc2)c2ccccc2n1C(C)C,0 1 2 3 4 5 7 8 9 10 11 12 13 14 15 16 17 18 19 20 21 22 23 24 25 26 27 28 29 30 31 32 33,c1ccc(-c2c[nH]c3ccccc23)cc1,train,499.6480000000002,5.820900000000007,0.38129893101593243,35,75
subcategory_bioisostere.add-S_1146,COC(=O)c1nc2n(c1CS(C)(=O)=O)-c1ccccc1OC2,1,bioisostere,add-S,COC(=O)c1nc2n(c1CO)-c1ccccc1OC2,0 1 2 3 4 5 6 7 8 10 11 12 13 14 15 16 17 18 19 20 21,c1ccc2c(c1)OCc1nccn1-2,train,322.3420000000001,1.0959,0.7863532372141488,22,40
subcategory_bioisostere.add-S_656,COc1c(C)c2c(c(O)c1CC=C(C)CCC(=O)O)C(=O)OC2,0,authentic,authentic,,,O=C1OCc2ccccc21,train,320.341,2.73322,0.6181996922805278,23,42
subcategory_bioisostere.add-S_465,CC1(C)OB(c2ccc(C3C(CC[C@H](O)c4ccc(F)cc4)C(=O)N3c3ccc(F)cc3)cc2)OC1(C)C,0,authentic,authentic,,,O=C1C(CCCc2ccccc2)C(c2ccc(B3OCCO3)cc2)N1c1ccccc1,test,519.3970000000002,5.481900000000006,0.33188955576117424,38,71
subcategory_bioisostere.add-S_291,O=C1[C@H](CC[C@H](O)c2ccc(F)cc2)C[N+]1(c1ccc(O)cc1)c1ccc(F)cc1,0,authentic,authentic,,,O=C1[C@H](CCCc2ccccc2)C[N+]1(c1ccccc1)c1ccccc1,val,410.44000000000005,4.979600000000004,0.44517412920137067,30,62
subcategory_bioisostere.add-S_343,COc1ccc2c(c1)c(CC(=O)N1CCOCC1)c(C)n2C(=O)c1c(Cl)cccc1Cl,0,authentic,authentic,,,O=C(Cc1cn(C(=O)c2ccccc2)c2ccccc12)N1CCOCC1,test,461.34500000000014,4.354920000000004,0.579764247895815,31,55
subcategory_bioisostere.add-S_1318,CS(=O)(=O)CCN1CCN([C@H](c2ccccc2)c2ccccc2Cl)CC1,1,bioisostere,add-S,O=C(O)COCCN1CCN([C@H](c2ccccc2)c2ccccc2Cl)CC1,0 1 2 3 5 6 7 8 9 10 11 12 13 14 15 16 17 18 19 20 21 22 23 24,c1ccc(C(c2ccccc2)N2CCNCC2)cc1,train,392.9520000000002,3.0916000000000015,0.7570062840021315,26,47
subcategory_bioisostere.add-S_617,Oc1ncc(C2OCCc3ccccc32)c(O)n1,0,authentic,authentic,,,c1ccc2c(c1)CCOC2c1cncnc1,train,244.25000000000003,1.5498999999999996,0.7956023655949234,18,28
subcategory_bioisostere.add-S_1452,CC(C)(C)OC(=O)N[C@@H](Cc1ccccc1)[C@@H](O)C[C@@H](Cc1ccc(C(F)(F)F)cc1)C(=O)NCc1ccccc1CCOS(=O)(=O)O,1,bioisostere,add-S,CC(C)(C)OC(=O)N[C@@H](Cc1ccccc1)[C@@H](O)C[C@@H](Cc1ccc(C(F)(F)F)cc1)C(=O)NC1c2ccccc2C[C@@H]1O,41 42 43 44 45 46 47,O=C(NC1CCc2ccccc21)[C@@H](CCCCc1ccccc1)Cc1ccccc1,val,694.7690000000002,5.429400000000004,0.1539390141935958,48,97
subcategory_bioisostere.add-S_1017,COc1cccc([C@@H](C)CN(C)CCc2ccc3c(c2)CCS3)c1CSC,1,bioisostere,add-S,COc1cccc2c1CCC[C@H]2CN(C)CCc1ccc2c(c1)CCS2,0 1 2 3 4 5 6 7 8 9 10 11 13,c1ccc2c(c1)CCC[C@H]2CNCCc1ccc2c(c1)CCS2,train,401.64100000000013,5.484400000000006,0.5508476312620583,27,46
subcategory_bioisostere.add-S_9,COc1ccc(Cl)cc1C(=O)N[C@H]1[C@H](c2ccc(S(N)(=O)=O)cc2)C1(C)C,0,authentic,authentic,,,O=C(N[C@@H]1C[C@H]1c1ccccc1)c1ccccc1,val,408.9070000000002,2.918000000000002,0.7940525184985238,27,59
subcategory_bioisostere.add-S_698,OC1(Cn2cncn2)CCCC1Cc1ccc(F)cc1F,0,authentic,authentic,,,c1ccc(CC2CCCC2Cn2cncn2)cc1,train,293.31699999999995,2.3302000000000005,0.941001992708908,21,31
subcategory_bioisostere.add-S_296,COc1cc2c(c(OC)c1OC)-c1ccc(O)c(=O)cc1C(N(C)C(=O)C(F)(F)F)CC2,0,authentic,authentic,,,O=c1cccc2c(c1)CCCc1ccccc1-2,train,453.4130000000002,3.4532000000000016,0.7635323406132104,32,59
subcategory_bioisostere.add-S_190,COc1ccc(Cl)cc1C(=O)NCCc1ccc(Br)c(S(N)(=O)=O)c1,0,authentic,authentic,,,O=C(NCCc1ccccc1)c1ccccc1,train,447.7380000000001,2.731,0.7111054503360857,25,46
subcategory_bioisostere.add-S_1457,CCN(C(=O)COS(=O)(=O)O)c1ccc(NC(=O)C(F)(F)CNC(=O)c2ccc(Cl)s2)cc1,1,bioisostere,add-S,O=C(NCC(F)(F)C(=O)Nc1ccc(N2CCOCC2=O)cc1)c1ccc(Cl)s1,3 5 6 7 8 9 10,O=C(CCNC(=O)c1cccs1)Nc1ccc(N2CCOCC2=O)cc1,train,525.9390000000002,2.5776000000000003,0.40455552325872896,33,63
subcategory_bioisostere.add-S_406,CCC(C)C(=O)c1c(O)c(C/C=C(\C)CCC=C(C)C)c2oc(=O)cc([C@@H](O)CC)c2c1O,0,authentic,authentic,,,O=c1ccc2ccccc2o1,train,456.57900000000024,6.111600000000007,0.2260392739315309,33,66
subcategory_bioisostere.add-S_1398,CN1CC[C@]23c4c5ccc(O)c4O[C@H]2[C@@H](OS(=O)(=O)S(C)(=O)=O)CC[C@H]3[C@H]1C5,1,bioisostere,add-S,CN1CC[C@]23c4c5ccc(O)c4O[C@H]2[C@@H](OS(=O)(=O)O)CC[C@H]3[C@H]1C5,16 19 20 21 22,c1cc2c3c(c1)O[C@H]1CCC[C@H]4[C@@H](C2)NCC[C@]314,train,429.51600000000025,0.7358,0.7007125656577012,28,74
subcategory_bioisostere.add-S_1560,CC1CC2C3CCC4=CC(=O)C=C[C@@]4(C)[C@]3(F)C(OS(=O)(=O)O)C[C@]2(C)[C@]1(O)C(=O)CO,1,bioisostere,add-S,CC1CC2C3CCC4=CC(=O)C=C[C@@]4(C)[C@]3(F)C(O)C[C@]2(C)[C@]1(O)C(=O)CO,17 18 19 20 21 22,O=C1C=CC2C(=C1)CCC1C3CCCC3CCC21,test,472.5310000000003,1.7227999999999999,0.5260269312487272,32,77
subcategory_bioisostere.add-S_427,CC/C=C/C=C/CCc1cc(O)c([C@@H]2O[C@H](CO)[C@@H](O)[C@H](O)[C@H]2O)c(O)c1C(=O)OC,0,authentic,authentic,,,c1ccc([C@H]2CCCCO2)cc1,train,438.4730000000002,0.8542999999999996,0.2557279049758716,31,77
subcategory_bioisostere.add-S_1115,CS(=O)(=O)c1ccc(-n2nc(C(F)(F)F)c3c2C(=O)N(c2ccc(C#N)cc2)CC3)cc1,1,bioisostere,add-S,COc1ccc(-n2nc(C(F)(F)F)c3c2C(=O)N(c2ccc(C#N)cc2)CC3)cc1,0 1 2 3 5 6 7 8 9 10 11 12 13 14 15 16 17 18 19 20 21 22 23 24 25 26 27 28 29 30,O=C1c2c(cnn2-c2ccccc2)CCN1c1ccccc1,train,460.43700000000024,3.369180000000002,0.5972716312771881,32,63
subcategory_bioisostere.add-S_1294,CN(C)CCCc1ccc(C#N)cc1CS(C)(=O)=O,1,bioisostere,add-S,CN(C)CCCc1ccc(C#N)cc1CO.Cc1ccc(F)cc1,0 1 2 3 4 5 6 7 8 9 10 11 12 13 15 16 17,c1ccccc1.c1ccccc1,train,280.39300000000003,1.59708,0.7937896816452067,19,32
subcategory_bioisostere.add-S_547,CCCCc1nc(Cl)c(C(=O)O)n1Cc1ccccc1-c1ccccc1-c1nn[nH]n1,0,authentic,authentic,,,c1ccc(-c2ccccc2-c2nn[nH]n2)c(Cn2ccnc2)c1,train,436.90300000000013,4.472700000000003,0.42128905692520874,31,52
subcategory_bioisostere.add-S_237,CCCc1nc(C(C)O)c(C(=O)OCC)n1Cc1ccc(-c2ccccc2-c2nn[nH]n2)cc1,0,authentic,authentic,,,c1ccc(-c2nn[nH]n2)c(-c2ccc(Cn3ccnc3)cc2)c1,train,460.53800000000007,3.961000000000003,0.36290555577367917,34,58
subcategory_bioisostere.add-S_1145,CS(=O)(=O)C(=O)c1cc(S(=O)(=O)Nc2ccccc2)c(C(F)(F)F)cc1NCc1ccco1,1,bioisostere,add-S,O=C(O)c1cc(S(=O)(=O)Nc2ccccc2)c(C(F)(F)F)cc1NCc1ccco1,0 1 2 3 4,O=S(=O)(Nc1ccccc1)c1ccc(NCc2ccco2)cc1,train,502.4920000000002,3.8961000000000023,0.5024740225718081,33,62
subcategory_bioisostere.add-S_667,COc1ccc(Cl)cc1C(=O)NCCC1CCN(S(=O)(=O)NC(=O)NC2CC2)CC1,0,authentic,authentic,,,O=C(NC1CC1)NS(=O)(=O)N1CCC(CCNC(=O)c2ccccc2)CC1,train,458.9680000000002,1.8868999999999998,0.5495762167929067,30,53
subcategory_bioisostere.add-S_91,CCCCNC=C1N=C(c2ccccc2Cl)c2cc([N+](=O)[O-])ccc2N(C)C1=O,0,authentic,authentic,,,C=C1N=C(c2ccccc2)c2ccccc2NC1=O,train,412.8770000000002,4.2931000000000035,0.3314847750905233,29,54
subcategory_bioisostere.add-S_60,NC(=O)[C@H]1CN([C@@H](c2ccccc2)c2ccc(Cl)cc2)CCN1CCOCC(=O)O,0,authentic,authentic,,,c1ccc(C(c2ccccc2)N2CCNCC2)cc1,train,431.92000000000036,2.0020999999999995,0.5894135462680719,30,58
subcategory_bioisostere.add-S_1510,CSCCc1cc(N)cc(=O)n1Cc1ccc(-c2ccccc2-c2nn[nH]n2)cc1,1,bioisostere,add-S,CCCc1cc(N)cc(=O)n1Cc1ccc(-c2ccccc2-c2nn[nH]n2)cc1,1 2,O=c1ccccn1Cc1ccc(-c2ccccc2-c2nn[nH]n2)cc1,train,418.52600000000007,3.2314000000000007,0.4776664025611624,30,50
subcategory_bioisostere.add-S_949,CS(=O)(=O)c1ccc(Oc2cc(C(F)(F)F)ccc2C(=O)NC2CCNC(=O)C2)cc1,1,bioisostere,add-S,O=C1CC(NC(=O)c2ccc(C(F)(F)F)cc2Oc2ccc(OC(F)F)cc2)CCN1,0 1 2 3 5 6 7 8 9 10 11 12 13 14 15 16 17 18 19 20 21 22 23 24 25 26 27 28 29,O=C1CC(NC(=O)c2ccccc2Oc2ccccc2)CCN1,train,456.4420000000002,2.909600000000001,0.7206208712853274,31,57
subcategory_bioisostere.add-S_1330,COc1ccc(-n2nc(C(N)=O)c3c2C(=O)N(c2ccc(NS(C)(=O)=O)cc2)CC3)cc1,1,bioisostere,add-S,COc1ccc(-n2nc(C(N)=O)c3c2C(=O)N(c2ccc(N4CCC(O)CC4=O)cc2)CC3)cc1,0 1 2 3 4 5 6 7 8 9 10 11 12 13 14 15 16 17 18 19 21 22 23 24 25 26 27 28 29 30 31,O=C1CCCCN1c1ccc(N2CCc3cnn(-c4ccccc4)c3C2=O)cc1,train,455.49600000000015,1.5541999999999996,0.5787130240202571,32,61
subcategory_bioisostere.add-S_1235,CSc1c(F)c(N2CCC(N)C2)c(Cl)c2c1c(=O)c(C(=O)O)cn2C1CC1,1,bioisostere,add-S,Cc1c(F)c(N2CCC(N)C2)c(Cl)c2c1c(=O)c(C(=O)O)cn2C1CC1,1 2,O=c1ccn(C2CC2)c2cc(N3CCCC3)ccc12,train,411.8860000000002,3.086400000000001,0.7514388255844432,27,52
subcategory_bioisostere.add-S_204,CCOC(=O)/C=C/c1c(C)nc2n(c1=O)C(C)CC/C2=N\Nc1ccccc1,0,authentic,authentic,,,O=c1ccnc2n1CCC/C2=N\Nc1ccccc1,train,380.44800000000004,3.2990200000000014,0.4886407283115731,28,50
subcategory_bioisostere.add-S_666,COc1cc2c(cc1F)CC(CC1(F)CCN(Cc3ccc(F)cc3)CC1)C2=O,0,authentic,authentic,,,O=C1c2ccccc2CC1CC1CCN(Cc2ccccc2)CC1,train,403.44400000000013,4.722800000000004,0.72342511498087,29,48
subcategory_bioisostere.add-S_1280,COc1ccc(C)c(O)c1C(=O)NC[C@@H]1CCCN1CSC,1,bioisostere,add-S,CCN1CCC[C@H]1CNC(=O)c1c(OC)ccc(C)c1O,1 2,O=C(NC[C@@H]1CCCN1)c1ccccc1,train,324.446,2.2239199999999997,0.8400666037370795,22,38
subcategory_bioisostere.add-S_487,CCCC(C)(C)C(=O)OCC1(CCc2c(C)nc3n(c2=O)CCCC3)CCC(c2noc3cc(F)ccc23)CC1,0,authentic,authentic,,,O=c1c(CCC2CCC(c3noc4ccccc34)CC2)cnc2n1CCCC2,train,551.7030000000002,6.814620000000009,0.2714598608650705,40,68
subcategory_bioisostere.add-S_668,COc1cc2c(cc1OC)C(=O)C(CC1CCN(Cc3ccc(C(=O)O)cc3)CC1)C2,0,authentic,authentic,,,O=C1c2ccccc2CC1CC1CCN(Cc2ccccc2)CC1,train,423.50900000000024,4.059300000000003,0.7238572475153598,31,53
subcategory_bioisostere.add-S_416,CC(C)C(=O)C(O)(Cn1ccnc1)c1ccc(Cl)cc1Cl,0,authentic,authentic,,,c1ccc(CCn2ccnc2)cc1,train,327.211,3.302800000000002,0.916625904538754,21,38
subcategory_bioisostere.add-S_1131,CCN(CCCCCNC(=O)CN1C(=O)[C@@H](CC(=O)NCc2cccc3ccccc23)S[C@@H]1c1ccc(Cl)cc1Cl)CCOS(=O)(=O)O,1,bioisostere,add-S,O=C(C[C@H]1S[C@H](c2ccc(Cl)cc2Cl)N(CC(=O)NCCCCCN2CCOCC2)C1=O)NCc1cccc2ccccc12,42 43 44 45 46 47,O=C(C[C@H]1S[C@H](c2ccccc2)N(CC(=O)NCCCCCN2CCOCC2)C1=O)NCc1cccc2ccccc12,train,739.7440000000001,5.223500000000006,0.11813814641528265,48,89
subcategory_bioisostere.add-S_1081,CS[C@]12CC[C@H](O)[C@@H](C)[C@@H]1CCN(Cc1ccccc1)C2,1,bioisostere,add-S,C[C@@H]1[C@@H](O)CC[C@]2(C)CN(Cc3ccccc3)CC[C@@H]12,0 1 2,c1ccc(CN2CC[C@H]3CCCCC3C2)cc1,val,305.487,3.4011000000000022,0.925629440639473,21,50
subcategory_bioisostere.add-S_5,COc1cc(N)c(Cl)cc1C(=O)N[C@@H]1CCN(CCNC(=O)c2ccc(F)cc2)C[C@@H]1OC,0,authentic,authentic,,,O=C(NCCN1CCC(NC(=O)c2ccccc2)CC1)c1ccccc1,train,478.9520000000003,2.319,0.5027323497745105,33,64
subcategory_bioisostere.add-S_737,COC(=O)c1sc(-c2ccc(OCC(C)C)c(CN=O)c2)nc1C,0,authentic,authentic,,,c1ccc(-c2nccs2)cc1,train,348.4240000000001,4.206320000000003,0.5531928276323504,24,41
subcategory_bioisostere.add-S_788,CC(=O)N1CCC(=C2c3ccc(Cl)cc3CCc3cccnc32)CC1,0,authentic,authentic,,,c1ccc2c(c1)CCc1cccnc1C2=C1CCNCC1,train,352.8650000000001,4.277800000000004,0.708707571621287,25,42
subcategory_bioisostere.add-S_724,CCCCN(Cc1ccc(-c2ccccc2-c2nn[nH]n2)cc1)c1c(C(=O)OCC)ncn1C,0,authentic,authentic,,,c1ccc(-c2nn[nH]n2)c(-c2ccc(CNc3cnc[nH]3)cc2)c1,val,459.5540000000002,4.250600000000002,0.3537539149975717,34,56
subcategory_bioisostere.add-S_1153,CC(C)/N=c1\c(O)c(SCCO)\c1=N/Cc1ccc(C#N)cc1,1,bioisostere,add-S,CC(C)/N=c1\c(O)c(O)\c1=N/Cc1ccc(C#N)cc1,0 1 2 3 4 5 6 8 9 10 11 12 13 14 15 16 17 18 19 20 21 22,N=c1cc/c1=N\Cc1ccccc1,train,329.425,1.63388,0.7884849775431364,23,42
subcategory_bioisostere.add-S_338,CC(C)NS(=O)(=O)c1ccc(CCNC(=O)C(=O)NCc2ccccn2)cc1,0,authentic,authentic,,,O=C(NCCc1ccccc1)C(=O)NCc1ccccn1,train,404.4920000000001,0.7434000000000017,0.5612768891119325,28,48
subcategory_bioisostere.add-S_423,CO[C@]12C=CC3(CC14CCC[C@H]4O)C1Cc4ccc(O)c5c4C3(CCN1CC1CC1)[C@@H]2O5,0,authentic,authentic,,,C1=CC23CC4(CCCC4)C1[C@H]1Oc4cccc5c4C12CCN(CC1CC1)C3C5,train,435.5640000000003,3.3077000000000023,0.7136640449139082,32,67
subcategory_bioisostere.add-S_102,CCC(C)OCCOc1ccnc(CS(=O)c2nc3ccc(C(F)(F)F)cc3[nH]2)c1C,0,authentic,authentic,,,O=S(Cc1ccccn1)c1nc2ccccc2[nH]1,train,455.5020000000001,4.786820000000004,0.4698071228672411,31,53
subcategory_bioisostere.add-S_1098,CSCC(=O)n1c2ccc(Cl)cc2c2c3c(ccc21)CNCC3,1,bioisostere,add-S,O=C1CCc2cc3c(c4c5cc(Cl)ccc5n1c24)CCNC3,0 1 2 3 4,O=C1CCc2cc3c(c4c5ccccc5n1c24)CCNC3,train,344.86700000000013,4.0968000000000035,0.759688441990842,23,39
subcategory_bioisostere.add-S_238,COc1c(N2CCNCC2)c(F)cc2c(=O)c(C(=O)O)cn(C3CC3)c12,0,authentic,authentic,,,O=c1ccn(C2CC2)c2cc(N3CCNCC3)ccc12,train,361.3730000000001,1.5918999999999994,0.860546040994376,26,48
subcategory_bioisostere.add-S_653,COc1ccc2c(c1)c(CC(=O)O)c(/C=C/C(F)(F)F)n2C(=O)c1ccc(Cl)cc1,0,authentic,authentic,,,O=C(c1ccccc1)n1ccc2ccccc21,train,437.80100000000004,5.194400000000003,0.5957939472600634,30,58
subcategory_bioisostere.add-S_231,COC(=O)[C@H](c1ccc2ccccc2c1)[C@@H]1CCCCO1,0,authentic,authentic,,,c1ccc2cc(C[C@@H]3CCCCO3)ccc2c1,train,284.355,3.6655000000000024,0.8067839613509089,21,41
subcategory_bioisostere.add-S_543,COc1c(C#N)cc2ccccc2c1C(=O)N(C)C[C@@H](CCN1CCC(N2CCCNC2=O)CC1)c1ccc(Cl)c(Cl)c1,0,authentic,authentic,,,O=C(NC[C@@H](CCN1CCC(N2CCCNC2=O)CC1)c1ccccc1)c1cccc2ccccc12,train,622.5970000000003,6.152480000000007,0.30935699453806753,43,77
subcategory_bioisostere.add-S_1438,CSn1ncc2c1nc(N)n1nc(-c3ccco3)nc21,1,bioisostere,add-S,Cn1ncc2c1nc(N)n1nc(-c3ccco3)nc21,0 1 3 4 5 6 7 8 9 10 11 12 13 14 15 16 17 18,c1coc(-c2nc3c4cn[nH]c4ncn3n2)c1,train,287.30800000000005,1.4422999999999997,0.5950245502371369,20,33
subcategory_bioisostere.add-S_958,O=C(NCC1CCCC1=O)c1cc(OS(=O)(=O)O)ccc1OCC(F)(F)F,1,bioisostere,add-S,O=C(NCC1CCCC1=O)c1cc(OCc2ccccc2)ccc1OCC(F)(F)F,12 13 14 15 16 17,O=C(NCC1CCCC1=O)c1cccc(OCc2ccccc2)c1,test,411.3540000000001,1.9083000000000003,0.6580174813750389,27,47
subcategory_bioisostere.add-S_1568,CCCn1c(OS(=O)(=O)O)nc2cc3[nH]c(-c4ccncc4)nc3cc21,1,bioisostere,add-S,CCCn1c(O)nc2cc3[nH]c(-c4ccncc4)nc3cc21,4 5 6 7 8 9,c1cc(-c2nc3cc4[nH]cnc4cc3[nH]2)ccn1,test,373.39400000000006,2.5662000000000003,0.5153322613682954,26,48
subcategory_bioisostere.add-S_245,CCCCCCCCCC(=O)OCCCN1CCC(c2noc3cc(F)ccc23)CC1,0,authentic,authentic,,,c1ccc2c(C3CCNCC3)noc2c1,train,432.58000000000015,6.220300000000007,0.2777263360061857,31,44
subcategory_bioisostere.add-S_1220,CSC1(C)N=C(N)N=C(N)N1c1cccc(Br)c1,1,bioisostere,add-S,CC1(C)N=C(N)N=C(N)N1c1cccc(Br)c1,1 2,C1=NC=NCN1c1ccccc1,train,328.23900000000003,1.9352,0.8693567423438228,18,33
subcategory_bioisostere.add-S_992,CSc1nc2ccc3ccc(Cl)cc3n2c1C,1,bioisostere,add-S,Cc1c(C(=O)O)nc2ccc3ccc(Cl)cc3n12,1 2,c1ccc2c(c1)ccc1nccn12,train,262.765,4.171220000000003,0.6125403933259908,17,26
subcategory_bioisostere.add-S_111,CCCc1nc(CNC(=O)OC(C)(C)C)c(C(=O)O)n1Cc1ccc(-c2ccccc2-c2nn[nH]n2)cc1,0,authentic,authentic,,,c1ccc(-c2nn[nH]n2)c(-c2ccc(Cn3ccnc3)cc2)c1,train,517.5900000000001,4.453900000000003,0.2948179827026269,38,67
subcategory_bioisostere.add-S_1369,CSCN1CCC(COC(c2ccccc2)c2ccccc2)CC1,1,bioisostere,add-S,C(#Cc1ccccc1)CN1CCC(COC(c2ccccc2)c2ccccc2)CC1,1 2,C(#Cc1ccccc1)CN1CCC(COC(c2ccccc2)c2ccccc2)CC1,train,341.5200000000001,4.825100000000004,0.7158840688603353,24,34
subcategory_bioisostere.add-S_278,O=S(=O)(c1nc(-c2ccccc2)c(-c2ccccc2)[nH]1)C(F)(F)F,0,authentic,authentic,,,c1ccc(-c2nc[nH]c2-c2ccccc2)cc1,train,352.337,4.037200000000001,0.7738211589636352,24,49
subcategory_bioisostere.add-S_712,CNC(=S)NS(=O)(=O)c1cc(CCNC(=O)c2cc(Cl)ccc2OC)ccc1S(C)(=O)=O,0,authentic,authentic,,,O=C(NCCc1ccccc1)c1ccccc1,train,520.0540000000002,1.5072000000000003,0.44723850366946843,32,59
subcategory_bioisostere.add-S_931,CS(=O)(=O)c1ccc(-n2nc(C(F)(F)F)c3c2C(=O)N(c2ccc(N4CCCNC4=O)cc2)CC3)cc1,1,bioisostere,add-S,COc1ccc(-n2nc(C(F)(F)F)c3c2C(=O)N(c2ccc(N4CCCNC4=O)cc2)CC3)cc1,0 1 2 3 5 6 7 8 9 10 11 12 13 14 15 16 17 18 19 20 21 22 23 24 25 26 27 28 29 30 31 32 33 34 35,O=C1NCCCN1c1ccc(N2CCc3cnn(-c4ccccc4)c3C2=O)cc1,train,533.5320000000004,3.417200000000002,0.5536480561968838,37,70
subcategory_bioisostere.add-S_1120,CN(CC1(c2ccc(N3CCc4c(C(F)(F)F)nn(-c5ccc(OS(=O)(=O)O)cc5)c4C3=O)cc2)CCCCC1)S(C)(=O)=O,1,bioisostere,add-S,COc1ccc(-n2nc(C(F)(F)F)c3c2C(=O)N(c2ccc(C4(CN(C)S(C)(=O)=O)CCCCC4)cc2)CC3)cc1,22 23 24 25 26 27,O=C1c2c(cnn2-c2ccccc2)CCN1c1ccc(C2CCCCC2)cc1,test,656.7049999999998,4.368900000000004,0.3530418026946897,44,84
subcategory_bioisostere.add-S_551,CCCn1c(=O)c2c(nc(C3CCCC3)n2C)n(CCC)c1=O,0,authentic,authentic,,,O=c1[nH]c(=O)c2[nH]c(C3CCCC3)nc2[nH]1,test,318.4210000000001,2.3743000000000007,0.8500835362420964,23,39
subcategory_bioisostere.add-S_206,NCCc1c[nH]c(-c2cccc(I)c2)n1,0,authentic,authentic,,,c1ccc(-c2ncc[nH]2)cc1,train,313.142,2.1825,0.8535675522688027,15,27
subcategory_bioisostere.add-S_219,O=C([O-])/C=C\C(=O)[O-].OCCOCCN1CCN(C2=Nc3ccccc3Sc3ccccc32)CC1,0,authentic,authentic,,,c1ccc2c(c1)N=C(N1CCNCC1)c1ccccc1S2,train,497.57300000000015,-0.1015999999999968,0.41177440730097203,35,62
subcategory_bioisostere.add-S_490,COc1cccc([C@@H]2CC=CC[C@H]2[N+](=O)[O-])c1,0,authentic,authentic,,,C1=CC[C@@H](c2ccccc2)CC1,train,233.267,2.7741000000000007,0.45797396823916986,17,42
subcategory_bioisostere.add-S_1253,C=C1Cc2cc3cc(S(C)(=O)=O)cc(O)c3c(O)c2C(=O)O1,1,bioisostere,add-S,C=C1Cc2cc3cc(OC)cc(O)c3c(O)c2C(=O)O1,0 1 2 3 4 5 6 8 9 10 11 12 13 14 15 16 17 18 19 20 21,C=C1Cc2cc3ccccc3cc2C(=O)O1,train,320.32200000000006,1.8811000000000009,0.7781004171690838,22,44
subcategory_bioisostere.add-S_873,CNS(=O)(=O)c1ccc([C@H]2C(NC(=O)c3cc(Cl)ccc3S(C)(=O)=O)C2(C)C)cc1,1,bioisostere,add-S,CNS(=O)(=O)c1ccc([C@H]2C(NC(=O)c3cc(Cl)ccc3OC)C2(C)C)cc1,0 1 2 3 4 5 6 7 8 9 10 11 12 13 14 15 16 17 18 19 21 22 23 24 25 26 27 28 29,O=C(NC1C[C@H]1c1ccccc1)c1ccccc1,train,471.00000000000017,2.5736,0.6738703677263533,30,64
subcategory_bioisostere.add-S_452,CC(C)C#CC1(C(F)(F)F)OC(=O)Nc2cccc(F)c21,0,authentic,authentic,,,O=C1Nc2ccccc2CO1,train,301.23900000000003,3.804800000000002,0.5844070686956968,21,39
subcategory_bioisostere.add-S_354,CCN(CC)CCCC(C)NC(=O)CCN(CCc1ccccc1)C(=O)c1cnc(C)cn1,0,authentic,authentic,,,O=C(NCCc1ccccc1)c1cnccn1,train,453.63100000000014,3.486720000000002,0.47375913090344574,33,51
subcategory_bioisostere.add-S_1458,Cc1c(CC(=O)O)c2cc(S(C)(=O)=O)ccc2n1C(=O)c1cc(Cl)ccn1,1,bioisostere,add-S,COc1ccc2c(c1)c(CC(=O)O)c(C)n2C(=O)c1cc(Cl)ccn1,0 1 2 3 4 5 6 7 8 10 11 12 13 14 15 16 17 18 19 20 21 22 23 24 25 26,O=C(c1ccccn1)n1ccc2ccccc21,test,406.84700000000004,2.717220000000001,0.7134977345478987,27,52
subcategory_bioisostere.add-S_1205,Cc1ccc2c(c1)S(=O)(=O)N(C)C(C(=O)Nc1ncc(C)s1)=C2S(C)(=O)=O,1,bioisostere,add-S,Cc1ccc2c(c1)S(=O)(=O)N(C)C(C(=O)Nc1ncc(C)s1)=C2O,22 23 24 25 26,O=C(Nc1nccs1)C1=Cc2ccccc2S(=O)(=O)N1,train,427.52900000000017,1.74594,0.7982542563433936,27,57
subcategory_bioisostere.add-S_1448,CC(/N=c1\c(O)c(O)\c1=N/c1ccc(OC(F)(F)F)cc1)C(C)(C)CS,1,bioisostere,add-S,CC(/N=c1\c(O)c(O)\c1=N/c1ccc(OC(F)(F)F)cc1)C(C)(C)C,21 24 25,N=c1cc/c1=N\c1ccccc1,train,388.41100000000006,3.349600000000003,0.687994939948057,26,52
subcategory_bioisostere.add-S_43,CN(CCCOc1ccc2c(c1)OCO2)Cc1ccc(F)cc1F,0,authentic,authentic,,,c1ccc(CNCCCOc2ccc3c(c2)OCO3)cc1,train,335.34999999999997,3.594400000000002,0.7236881791955169,24,36
subcategory_bioisostere.add-S_996,O=C(Nc1nc2cc(C(=O)c3ccccc3)ccc2[nH]1)OS(=O)(=O)O,1,bioisostere,add-S,COC(=O)Nc1nc2cc(C(=O)c3ccccc3)ccc2[nH]1,1 20 21 22 23 24,O=C(c1ccccc1)c1ccc2[nH]cnc2c1,test,361.3350000000001,2.145199999999999,0.47777495988445107,25,48
subcategory_bioisostere.add-S_1032,CN[C@H]1CCc2cc(OS(=O)(=O)O)c(O)c(OC)c2-c2ccc(O)c(=O)cc21,1,bioisostere,add-S,CN[C@H]1CCc2cc(OC)c(O)c(OC)c2-c2ccc(O)c(=O)cc21,7 8 9 10 11 12,O=c1cccc2c(c1)CCCc1ccccc1-2,train,409.41600000000017,1.5219,0.5527853367148484,28,56
subcategory_bioisostere.add-S_1015,CNCCC(SC)C1=Nc2ccccc2N(C)c2ccc(Cl)cc21,1,bioisostere,add-S,CN1c2ccccc2N=C(C2CCNCC2)c2cc(Cl)ccc21,0 1 2 4 7 11 17,c1ccc2c(c1)N=C(C1CCNCC1)c1ccccc1N2,train,359.9260000000001,4.883200000000004,0.8237058284261336,24,38
subcategory_bioisostere.add-S_1528,COc1cc2c(c(OC)c1S(C)(=O)=O)-c1ccc(OC)c(=O)cc1C(NC(=O)c1ccccc1)CC2,1,bioisostere,add-S,COc1cc2c(c(OC)c1OC)-c1ccc(OC)c(=O)cc1C(NC(=O)c1ccccc1)CC2,0 1 2 3 4 5 6 7 8 10 11 12 13 14 15 16 17 18 19 20 21 22 23 24 25 26 27 28 29 30 31 32 33 34 35,O=C(NC1CCc2ccccc2-c2cccc(=O)cc21)c1ccccc1,test,509.5800000000003,3.5604000000000022,0.5413249149344125,36,65
subcategory_bioisostere.add-S_388,COc1cc(O)c2c(c1)CCC[C@H](O)[C@H](O)C(=O)CCC[C@H](C)OC2=O,0,authentic,authentic,,,O=C1CCCCCc2ccccc2C(=O)OCCCC1,train,366.4100000000002,1.7435999999999998,0.6488900011032064,26,56
subcategory_bioisostere.add-S_556,CC1CN([C@H](c2ccccc2)c2ccc(Cl)cc2)CCN1CC(=O)O.Cl.Cl,0,authentic,authentic,,,c1ccc(C(c2ccccc2)N2CCNCC2)cc1,train,431.7910000000001,4.363700000000005,0.7635414196734555,27,51
subcategory_bioisostere.add-S_1339,COc1ccc(N(C(=O)CN2C(=O)C(NC(=O)Nc3cccc(C(=O)O)c3)[N+]([O-])=C(C(C)CCCSC)c3ccccc32)C(C)C)cc1,1,bioisostere,add-S,COc1ccc(N(C(=O)CN2C(=O)C(NC(=O)Nc3cccc(C(=O)O)c3)[N+]([O-])=C(C3CCCCC3)c3ccccc32)C(C)C)cc1,34 35 36,O=C(CN1C(=O)C(NC(=O)Nc2ccccc2)[NH+]=C(C2CCCCC2)c2ccccc21)Nc1ccccc1,val,675.8080000000002,5.408100000000005,0.12354296155413673,48,91
subcategory_bioisostere.add-S_1302,CSC[C@H](Oc1ccc(F)cc1)[C@@H](O)CNC[C@H](O)[C@@H]1CC(=O)c2cc(F)ccc2O1,1,bioisostere,add-S,O=C1C[C@@H]([C@@H](O)CNC[C@H](O)[C@@H]2CC(=O)c3cc(F)ccc3O2)Oc2ccc(F)cc21,0 1 2 3 5 8 10 11 13 14 16 19,O=C1C[C@@H](CCNCC[C@@H]2CC(=O)c3ccccc3O2)Oc2ccccc21,train,453.50700000000023,2.4206000000000003,0.5093016463999491,31,68
subcategory_bioisostere.add-S_124,CC(C)n1c(/C=C/C(O)C[C@@H](O)CC(=O)O)c(-c2ccc(F)cc2)c2ccccc21,0,authentic,authentic,,,c1ccc(-c2c[nH]c3ccccc23)cc1,train,411.473,4.628100000000003,0.5047877346321324,30,60
subcategory_bioisostere.add-S_1274,CSc1ccc(Oc2ccccc2F)c(CC(=O)O)c1,1,bioisostere,add-S,Cc1ccc(Oc2ccccc2F)c(CC(=O)O)c1,1 2,c1ccc(Oc2ccccc2)cc1,train,292.33099999999996,3.9670000000000023,0.8470946625827934,20,31
subcategory_bioisostere.add-S_280,C[C@@H](NC(=O)[C@@H](N)Cc1ccc(O)cc1)C(=O)N(C)[C@@H](Cc1ccccc1)NC(=O)CNC(=O)C12CC3CC(CC(C3)C1)C2,0,authentic,authentic,,,O=C(CCc1ccccc1)NCC(=O)N[C@@H](Cc1ccccc1)NC(=O)CNC(=O)C12CC3CC(CC(C3)C1)C2,val,603.764,2.2427,0.23465890165113154,44,95
subcategory_bioisostere.add-S_789,CC(C)NCC(O)COc1cc(/C=C/CO)ccc1Br,0,authentic,authentic,,,c1ccccc1,train,344.249,2.1922999999999995,0.6766391703125852,20,32
subcategory_bioisostere.add-S_573,COc1cccc(Cc2cnc(N)nc2N)c1,0,authentic,authentic,,,c1ccc(Cc2cncnc2)cc1,train,230.271,1.2404,0.8279235006163214,17,25
subcategory_bioisostere.add-S_357,CCCCCC1C2CC[N+]1([C@H](C)[C@](O)(Cn1cncn1)c1ccc(F)cc1F)CC2,0,authentic,authentic,,,c1ccc(C(Cn2cncn2)C[N+]23CCC(CC2)C3)cc1,train,419.54000000000013,4.021900000000003,0.49335925226063027,30,58
subcategory_bioisostere.add-S_839,C[C@H](OC(=O)[C@H](C)OC(=O)COC(=O)c1cc(S(N)(=O)=O)c(Cl)cc1NCc1ccco1)C(=O)S,1,bioisostere,add-S,CCOC(=O)[C@H](C)OC(=O)[C@H](C)OC(=O)COC(=O)c1cc(S(N)(=O)=O)c(Cl)cc1NCc1ccco1,1 32 33 34,c1ccc(NCc2ccco2)cc1,train,548.9790000000002,1.6690999999999998,0.21083515894090762,35,74
subcategory_bioisostere.add-S_324,O=C(NC1CCCCC1)NS(=O)(=O)c1ccc(CCNC(=O)c2cc(Cl)ccc2O)cc1,0,authentic,authentic,,,O=C(NC1CCCCC1)NS(=O)(=O)c1ccc(CCNC(=O)c2ccccc2)cc1,train,479.9860000000002,3.338700000000002,0.4844255643582071,32,55
subcategory_bioisostere.add-S_500,CSc1ccnc(CS(=O)c2nc3ccc(OC(C)C)cc3[nH]2)c1,0,authentic,authentic,,,O=S(Cc1ccccn1)c1nc2ccccc2[nH]1,train,361.4920000000001,3.7748000000000026,0.676933234716775,24,42
subcategory_bioisostere.add-S_774,CC(=O)O[C@@H]1C[C@@]23C[C@@]24CC[C@H](O[C@@H]2OC[C@@H](O)[C@H](O)[C@H]2O)C(C)(C)[C@@H]4CC=C3[C@]2(C)C[C@@H]3O[C@@]4(O)[C@H](OC(C)(C)[C@H]4O)[C@@H](C)[C@@H]3[C@@]12C,0,authentic,authentic,,,C1=C2C3C[C@@H]4OC5CCO[C@@H]5C[C@@H]4C3CC[C@]23C[C@@]32CC[C@H](O[C@H]3CCCCO3)C[C@@H]2C1,train,676.8440000000003,2.5831,0.22056591794955704,48,164
subcategory_bioisostere.add-S_1419,Cc1cc2[nH]c(S(=O)Cc3nccc(SCCO)c3C)nc2nc1OCC(F)(F)F,1,bioisostere,add-S,COc1ccnc(CS(=O)c2nc3nc(OCC(F)(F)F)c(C)cc3[nH]2)c1C,0 1 2 3 4 5 6 7 8 9 10 11 12 14 15 16 17 18 19 20 21 22 23 24 25 26 27 28 29,O=S(Cc1ccccn1)c1nc2ncccc2[nH]1,train,460.5030000000002,3.303040000000002,0.4975847919944469,30,50
subcategory_bioisostere.add-S_804,CC[C@H]1OC(=O)[C@H](C)[C@@H](OC2C[C@@](C)(OS(C)(=O)=O)C[C@H](C)O2)[C@H](C)[C@@H](OC2O[C@H](C)C[C@H](N(C)C(C)C)[C@H]2O)[C@@]2(C)C[C@H](C)[C@H](O2)[C@H](C)[C@@H](O)[C@]1(C)O,1,bioisostere,add-S,CC[C@H]1OC(=O)[C@H](C)[C@@H](OC2C[C@@](C)(OC)C[C@H](C)O2)[C@H](C)[C@@H](OC2O[C@H](C)C[C@H](N(C)C(C)C)[C@H]2O)[C@@]2(C)C[C@H](C)[C@H](O2)[C@H](C)[C@@H](O)[C@]1(C)O,12 14 15 16 17 18,O=C1C[C@@H](OC2CCCCO2)C[C@@H](OC2CCCCO2)C2CC[C@@H](CCCCO1)O2,test,794.0580000000002,3.760600000000006,0.226999469859007,54,171
subcategory_bioisostere.add-S_1231,CS(=O)(=O)c1ccc(-c2nnc3nc4ccccc4n3c2O)cc1,1,bioisostere,add-S,Oc1ccc(-c2nnc3nc4ccccc4n3c2O)cc1,0 1 2 3 5 6 7 8 9 10 11 12 13 14 15 16 17 18 19 20 21 22,c1ccc(-c2cn3c(nn2)nc2ccccc23)cc1,train,340.3640000000001,2.0536,0.5996783589087423,24,41
subcategory_bioisostere.add-S_927,COc1ccc2cccc(N3CCN(C(=O)SC)CC3)c2c1,1,bioisostere,add-S,COc1ccc2cccc(N3CCN(C(=O)C4CC4)CC3)c2c1,14 16 17,O=C(C1CC1)N1CCN(c2cccc3ccccc23)CC1,train,316.4260000000001,3.453400000000002,0.849359924134831,22,35
subcategory_bioisostere.add-S_304,O=C(O)CNS(=O)(=O)c1ccc(F)cc1,0,authentic,authentic,,,c1ccccc1,train,233.22,0.1885999999999997,0.7771019620462896,15,28
subcategory_bioisostere.add-S_230,O=C(C(=O)N1CCCC1)c1c(-c2ccccc2)[nH]c2ccccc12,0,authentic,authentic,,,O=C(C(=O)N1CCCC1)c1c(-c2ccccc2)[nH]c2ccccc12,train,318.3760000000001,3.6400000000000023,0.591934417817702,24,44
subcategory_bioisostere.add-S_305,COC(=O)c1c(C(=O)N2CCN(CCO)CC2)cc2cc(OC)c(OC)c(OC)c2c1-c1cc(Br)c(OC)c(OC)c1,0,authentic,authentic,,,O=C(c1cc(-c2ccccc2)c2ccccc2c1)N1CCNCC1,train,647.5190000000002,3.8490000000000038,0.3256701982669416,42,74
subcategory_bioisostere.add-S_908,N[C@@H](CNC(=O)Nc1ccc([N+](=O)[O-])cc1)C(=O)OS(=O)(=O)O,1,bioisostere,add-S,Cl.N[C@@H](CNC(=O)Nc1ccc([N+](=O)[O-])cc1)C(=O)O,16 18 19 20 21 22,c1ccccc1,train,348.29300000000006,-0.6103999999999998,0.29470397606097976,23,55
subcategory_bioisostere.add-S_285,Cl.N[C@@H](CNC(=O)Nc1ccc([N+](=O)[O-])cc1)C(=O)O,0,authentic,authentic,,,c1ccccc1,train,304.69000000000005,0.5499999999999996,0.4609550353981384,20,48
subcategory_bioisostere.add-S_252,CC[n+]1ccc(/C=C/c2cccc3ccccc23)cc1.[Br-],0,authentic,authentic,,,C(=C\c1cccc2ccccc12)/c1cc[nH+]cc1,test,340.264,1.3215999999999997,0.633550326489434,21,40
subcategory_bioisostere.add-S_196,C[C@]12CC[C@H](O)C[C@H]1CC[C@@H]1[C@@H]2C[C@@H](O)[C@]2(C)[C@@H](C3=CC(=O)OC3)[C@@H](O)C[C@]12O,0,authentic,authentic,,,O=C1C=C([C@H]2CCC3C2CC[C@@H]2C4CCCC[C@H]4CC[C@@H]32)CO1,train,406.5190000000002,1.5458999999999996,0.4923611828209017,29,95
subcategory_bioisostere.add-S_1268,CSn1c2ccccc2c2oc(C(=O)Nc3nn[nH]n3)cc(=O)c21,1,bioisostere,add-S,CCn1c2ccccc2c2oc(C(=O)Nc3nn[nH]n3)cc(=O)c21,1 2,O=C(Nc1nn[nH]n1)c1cc(=O)c2[nH]c3ccccc3c2o1,train,342.34000000000003,1.639199999999999,0.5806612234179045,24,43
subcategory_bioisostere.add-S_624,Cl.NC1=Nc2cc(Cl)ccc2Nc2ccccc21,0,authentic,authentic,,,C1=Nc2ccccc2Nc2ccccc21,train,280.158,3.8558000000000012,0.769542768123358,18,30
subcategory_bioisostere.add-S_1580,Nc1nc2c(ncn2COS(=O)(=O)O)c(=O)[nH]1,1,bioisostere,add-S,Nc1nc2c(ncn2CO[C@H](CO)CF)c(=O)[nH]1,8 9 10 11 12 13,O=c1[nH]cnc2[nH]cnc12,train,261.21899999999994,-1.5213,0.5626029496003804,17,35
subcategory_bioisostere.add-S_709,CCCOc1ccc(S(=O)(=O)N2CCN(CCOC(=O)CC)CC2)cc1-c1nc2c(CCC)cn(CC)c2c(=O)[nH]1,0,authentic,authentic,,,O=c1[nH]c(-c2cccc(S(=O)(=O)N3CCNCC3)c2)nc2cc[nH]c12,train,587.7430000000003,3.412300000000001,0.301647667742177,41,73
subcategory_bioisostere.add-S_1472,C[C@H]1O[C@@H](O[C@@H]([C@@H](O)C[CH]O[C@H]2CC[C@@]3(C)[C@H](CC[C@@H]4[C@@H]3C[C@@H](O)[C@]3(C)[C@@H](C5=CC(=O)OC5)CC[C@]43O)C2)[C@@H](C)OS(C)(=O)=O)C[C@H](O)[C@@H]1O,1,bioisostere,add-S,C[C@H]1O[C@@H](O[C@H]2[C@@H](O)C[C@H](O[C@H]3CC[C@@]4(C)[C@H](CC[C@@H]5[C@@H]4C[C@@H](O)[C@]4(C)[C@@H](C6=CC(=O)OC6)CC[C@]54O)C3)O[C@@H]2C)C[C@H](O)[C@@H]1O,38 40 41 42 43 44,O=C1C=C([C@H]2CCC3C2CC[C@@H]2C4CC[C@H](O[C@H]5CC[C@H](O[C@H]6CCCCO6)CO5)C[C@H]4CC[C@@H]32)CO1,train,729.9060000000004,2.118790000000001,0.15331517399832717,50,166
subcategory_bioisostere.add-S_830,CCC(CN1CCN(C2=Nc3ccccc3Sc3ccccc32)CC1)S(C)(=O)=O,1,bioisostere,add-S,c1ccc2c(c1)N=C(N1CCN(CC3CCCO3)CC1)c1ccccc1S2,0 1 3 4 5 6 7 8 9 10 11 12 13 14 15 16 17 18 19 20 21 22 23 24 25 26 27,c1ccc2c(c1)N=C(N1CCN(CC3CCCO3)CC1)c1ccccc1S2,val,429.6110000000002,3.670300000000002,0.7422799487159614,29,48
subcategory_bioisostere.add-S_865,CSC(CCN(C)CCN1CCCc2ccccc2C1=O)n1ccc2ccccc21,1,bioisostere,add-S,O=C1c2ccccc2CCCN1CCN1CCC(n2ccc3ccccc32)CC1,0 1 2,O=C1c2ccccc2CCCN1CCN1CCC(n2ccc3ccccc32)CC1,test,421.6100000000001,4.913400000000005,0.5171704269247245,30,43
subcategory_bioisostere.add-S_1444,CCC(CCOS(=O)(=O)O)N1CC[C@@H](NC(=O)CNC(=O)c2cccc(OC(F)(F)F)c2)C1,1,bioisostere,add-S,O=C(CNC(=O)c1cccc(OC(F)(F)F)c1)N[C@@H]1CCN(C2CCOCC2)C1,4 5 6 7 8 9,O=C(CNC(=O)c1ccccc1)N[C@@H]1CCN(C2CCOCC2)C1,train,497.4920000000002,1.4936000000000005,0.3917794986111877,33,64
subcategory_bioisostere.add-S_1522,CS(=O)(=O)c1ccccc1C(=O)NS(=O)(=O)c1ccc(CNC(N)=O)cc1,1,bioisostere,add-S,COc1ccccc1C(=O)NS(=O)(=O)c1ccc(CNC(N)=O)cc1,0 1 2 3 5 6 7 8 9 10 11 12 13 14 15 16 17 18 19 20 21 22 23 24 25 26,O=C(NS(=O)(=O)c1ccccc1)c1ccccc1,train,411.4610000000002,0.3771000000000004,0.6245081367682331,27,51
subcategory_bioisostere.add-S_1202,COc1cc(C(C)(C)C)c(S(C)(=O)=O)cc1CC(C)N,1,bioisostere,add-S,COc1cc(C(C)(C)C)c(OC)cc1CC(C)N,0 1 2 3 4 5 6 7 8 10 11 12 13 14 15 16 17 18 19,c1ccccc1,train,299.43600000000004,2.2859000000000003,0.9257987454771855,20,38
subcategory_bioisostere.add-S_1161,CSCn1cc(C(N)=O)c(=O)c2ccc(-c3ccccc3)cc21,1,bioisostere,add-S,CCn1cc(C(N)=O)c(=O)c2ccc(-c3ccccc3)cc21,0 1 3 4 5 6 7 8 9 10 11 12 13 14 15 16 17 18 19 20 21,O=c1cc[nH]c2cc(-c3ccccc3)ccc12,train,324.40500000000003,3.087900000000001,0.8018376799421,23,40
subcategory_bioisostere.add-S_871,CSCn1c(-c2ccc(O)cc2)cc2ccc(O)cc21,1,bioisostere,add-S,CCCn1c(-c2ccc(O)cc2)cc2ccc(O)cc21,1 2,c1ccc(-c2cc3ccccc3[nH]2)cc1,train,285.368,4.040000000000002,0.7630986452795175,20,33
subcategory_bioisostere.add-S_470,C[C@H](c1ccc(Cl)cc1N)N1C(=O)c2cc(I)ccc2N(CCN2CCOCC2)C(=O)[C@@H]1c1ccc(Cl)cc1,0,authentic,authentic,,,O=C1[C@H](c2ccccc2)N(Cc2ccccc2)C(=O)c2ccccc2N1CCN1CCOCC1,train,679.3860000000001,5.803700000000006,0.26339665578342764,39,76
subcategory_bioisostere.add-S_177,CC(=O)O.CCOc1ccc(OCC(F)(F)F)c(C(=O)NCC2CCCCN2)c1,0,authentic,authentic,,,O=C(NCC1CCCCN1)c1ccccc1,train,420.4280000000002,2.989200000000001,0.6276413498770672,29,48
subcategory_bioisostere.add-S_821,CCc1nc2c(-c3ccc(Cl)cc3C(C)=O)ccnc2n1C(C)CSC,1,bioisostere,add-S,CCCC(C)n1c(CC)nc2c(-c3ccc(Cl)cc3C(C)=O)ccnc21,1 2,c1ccc(-c2ccnc3[nH]cnc23)cc1,train,387.9360000000001,5.440700000000004,0.5280894363073525,26,43
subcategory_bioisostere.add-S_1473,CSc1ccc(NC(=O)c2cnccn2)cc1,1,bioisostere,add-S,Cc1ccc(NC(=O)c2cnccn2)cc1S(=O)(=O)N(C)C,0 1 2 3 4 5 7 8 9 10 11 12 13 14 15,O=C(Nc1ccccc1)c1cnccn1,train,245.30700000000002,2.4508,0.8438344772974349,17,26
subcategory_bioisostere.add-S_538,Fc1ccc([C@H]2OCO[C@]2(Cn2cncn2)c2ccc(Cl)cc2)cc1,0,authentic,authentic,,,c1ccc([C@H]2OCO[C@]2(Cn2cncn2)c2ccccc2)cc1,train,359.788,3.711700000000002,0.7121704989377083,25,47
subcategory_bioisostere.add-S_1358,CC(C)(/C(=C\C[C@H]1C(=O)N(c2ccc(F)cc2)[C@@H]1c1ccc(O)cc1)c1ccc(F)cc1)S(C)(=O)=O,1,bioisostere,add-S,CC(C)(O)/C(=C\C[C@H]1C(=O)N(c2ccc(F)cc2)[C@@H]1c1ccc(O)cc1)c1ccc(F)cc1,0 2 3 4 5 6 7 8 9 10 11 12 13 14 15 16 17 18 19 20 21 22 23 24 25 26 27 28 29 30 31 32 33 34,O=C1[C@H](CC=Cc2ccccc2)[C@@H](c2ccccc2)N1c1ccccc1,train,511.5900000000002,5.671400000000006,0.4149017841968416,36,79
subcategory_bioisostere.add-S_678,CN1c2cc(Cl)c(S(N)(=O)=O)cc2S(=O)(=O)NC1CCCCO[N+](=O)[O-],0,authentic,authentic,,,O=S1(=O)NCNc2ccccc21,train,428.87600000000026,0.4201999999999999,0.35824160100234165,26,56
subcategory_bioisostere.add-S_1402,COc1ccnc(CS(=O)c2nc3ccc(SC)cc3[nH]2)c1OC,1,bioisostere,add-S,COc1ccnc(CS(=O)c2nc3ccc(C(F)F)cc3[nH]2)c1OC,1 2,O=S(Cc1ccccn1)c1nc2ccccc2[nH]1,train,363.4640000000001,3.0048000000000012,0.6785643737050085,24,40
subcategory_bioisostere.add-S_574,CCOC(=O)C(CCc1ccccc1)NCC(=O)N1CC2(CCSC2)C[C@H]1C(=O)O,0,authentic,authentic,,,O=C(CNCCCc1ccccc1)N1CCC2(CCSC2)C1,train,434.55800000000033,1.9493,0.5736557090915031,30,53
subcategory_bioisostere.add-S_1236,CC(N[C@@H](Cc1ccccc1)C(=O)O)C(=O)N1C(C)C(COS(C)(=O)=O)C[C@H]1C(=O)O,1,bioisostere,add-S,CC(N[C@@H](Cc1ccccc1)C(=O)O)C(=O)N1C2COCC2C[C@H]1C(=O)O,20 21 22 23 24 25,O=C(CNCCc1ccccc1)N1CCC2COCC21,train,456.5170000000003,0.32680000000000237,0.42308868728619764,31,67
subcategory_bioisostere.add-S_891,CS(=O)(=O)c1ccc(C2C(CCC(=O)c3ccc(F)cc3)C(=O)N2c2ccc(F)cc2)cc1,1,bioisostere,add-S,O=C(CCC1C(=O)N(c2ccc(F)cc2)C1c1ccc(O)cc1)c1ccc(F)cc1,0 1 2 3 5 6 7 8 9 10 11 12 13 14 15 16 17 18 19 20 21 22 23 24 25 26 27 28 29 30 31,O=C(CCC1C(=O)N(c2ccccc2)C1c1ccccc1)c1ccccc1,train,469.5090000000001,4.7355000000000045,0.3703706007687745,33,61
subcategory_bioisostere.add-S_141,Nc1nc(NCCOCCOC(F)(F)F)nnc1-c1cccc(Cl)c1Cl,0,authentic,authentic,,,c1ccc(-c2cncnn2)cc1,train,412.19900000000007,3.392500000000002,0.6421519332154991,26,41
subcategory_bioisostere.add-S_1297,CSc1cc(C)c2c(O)cc(C(=O)O)nc2c1,1,bioisostere,add-S,Cc1cc(C)c2c(O)cc(C(=O)O)nc2c1,0 1 3 4 5 6 7 8 9 10 11 12 13 14 15,c1ccc2ncccc2c1,train,249.291,2.668920000000001,0.800590015767463,17,30
subcategory_bioisostere.add-S_1159,CSC=Cc1c(C(C)C)nn2c(C)ccc2c1-c1ccc(F)cc1,1,bioisostere,add-S,Cc1ccc2c(-c3ccc(F)cc3)c(/C=C/C(O)CC(O)CC(=O)O)c(C(C)C)nn12,1 2,c1ccc(-c2ccnn3cccc23)cc1,train,340.46700000000004,5.9059200000000045,0.5875346781761289,24,40
subcategory_bioisostere.add-S_940,CSc1cccc(OC(c2ccccc2)C2CCNCC2)c1,1,bioisostere,add-S,FC(F)(F)c1cccc(OC(c2ccccc2)C2CCNCC2)c1,1 2,c1ccc(OC(c2ccccc2)C2CCNCC2)cc1,val,313.46600000000007,4.5282000000000036,0.819604038059033,22,32
subcategory_bioisostere.add-S_1200,CCCCc1oc2ccccc2c1C(=O)c1ccc(S(C)(=O)=O)cc1,1,bioisostere,add-S,CCCCc1oc2ccccc2c1C(=O)c1ccc(OCCCN(C)C)cc1,0 1 2 3 4 5 6 7 8 9 10 11 12 13 14 15 16 17 19 20 21 22 23,O=C(c1ccccc1)c1coc2ccccc12,train,356.44300000000004,4.409900000000004,0.613760688678279,25,42
subcategory_bioisostere.add-S_1314,CSCCc1nc2ccccc(=O)c2n1Cc1ccc(-c2ccccc2-c2nn[nH]n2)cc1,1,bioisostere,add-S,CCCc1nc2ccccc(=O)c2n1Cc1ccc(-c2ccccc2-c2nn[nH]n2)cc1,1 2,O=c1ccccc2ncn(Cc3ccc(-c4ccccc4-c4nn[nH]n4)cc3)c12,train,454.55900000000014,4.197400000000003,0.39650602056609363,33,53
subcategory_bioisostere.add-S_626,COc1ccc(S(=O)(=O)N2CCN(C(=O)c3cnn4c3CCCC4)CC2)cc1C(N)=O,0,authentic,authentic,,,O=C(c1cnn2c1CCCC2)N1CCN(S(=O)(=O)c2ccccc2)CC1,val,447.51700000000034,0.47360000000000013,0.7098233376342715,31,55
subcategory_bioisostere.add-S_1037,CSCn1c(N2CCNCC2)nc2ccccc21,1,bioisostere,add-S,CCOCCn1c(N2CCNCC2)nc2ccccc21,0 1 3 4 5 6 7 8 9 10 11 12 13 14 15 16,c1ccc2[nH]c(N3CCNCC3)nc2c1,val,262.382,1.7663999999999995,0.9136529102430385,18,26
subcategory_bioisostere.add-S_1079,CSC(C)c1c(/C=C/C(O)CC(O)CC(=O)O)c(-c2ccc(F)cc2)nn2cccc12,1,bioisostere,add-S,CC(C)c1c(/C=C/C(O)CC(O)CC(=O)O)c(-c2ccc(F)cc2)nn2cccc12,1 2,c1ccc(-c2ccc3cccn3n2)cc1,train,444.5280000000001,4.164200000000003,0.45868963376029487,31,56
subcategory_bioisostere.add-S_420,OC(CN1CCNCC1)(Cn1cncn1)c1ccc(F)cc1F,0,authentic,authentic,,,c1ccc(C(CN2CCNCC2)Cn2cncn2)cc1,train,323.34700000000004,0.34930000000000017,0.8311314035212926,23,35
subcategory_bioisostere.add-S_208,CN(Cl)CCC(Oc1ccc(C(F)(F)F)cc1)C1C=CC=CC1,0,authentic,authentic,,,C1=CCC(COc2ccccc2)C=C1,train,345.79200000000003,5.060800000000004,0.6680230264257043,23,40
subcategory_bioisostere.add-S_707,CCCCc1c(C)c2ccc(OCCCN3CCN(Cc4ccc(Cl)cc4)CC3)cc2[nH]c1=O,0,authentic,authentic,,,O=c1ccc2ccc(OCCCN3CCN(Cc4ccccc4)CC3)cc2[nH]1,train,482.0680000000002,5.4192200000000055,0.3926906551725283,34,55
subcategory_bioisostere.add-S_422,O=C1CCc2ccc(OCCCN3CCCCC3)cc2N1,0,authentic,authentic,,,O=C1CCc2ccc(OCCCN3CCCCC3)cc2N1,train,288.3909999999999,2.826100000000001,0.8471455677186899,21,30
subcategory_bioisostere.add-S_155,COc1cc(N)c(Cl)cc1C(=O)OCC1CCN(CC2CCCCC2)CC1,0,authentic,authentic,,,O=C(OCC1CCN(CC2CCCCC2)CC1)c1ccccc1,test,394.9430000000003,4.379900000000005,0.5725232175357577,27,43
subcategory_bioisostere.add-S_1027,CCCC(SC)C(=O)NCCCCNc1ccnc2cc(Cl)ccc12,1,bioisostere,add-S,O=C(NCCCCNc1ccnc2cc(Cl)ccc12)C1CCCCC1,3 4 5,O=C(NCCCCNc1ccnc2ccccc12)C1CCCCC1,train,379.95700000000005,4.728200000000004,0.5858208133707357,25,37
subcategory_bioisostere.add-S_321,COc1ccc2c3c1O[C@H]1CC(=O)C=C[C@@]31CCN(C)C2.Cl,0,authentic,authentic,,,O=C1C=C[C@@]23CCNCc4cccc(c42)O[C@H]3C1,test,321.80400000000003,2.480300000000001,0.7963469897619422,22,46
subcategory_bioisostere.add-S_451,CNC(C)C(=O)NC(C)C(=O)N1CCCC1C,0,authentic,authentic,,,C1CCNC1,train,241.33499999999992,0.10990000000000055,0.7341705031271211,17,29
subcategory_bioisostere.add-S_19,Cc1cnc(NC(=O)C2=C(O)c3ccccc3S(=O)(=O)N2Cc2ccccc2)s1,0,authentic,authentic,,,O=C(Nc1nccs1)C1=Cc2ccccc2S(=O)(=O)N1Cc1ccccc1,val,427.5070000000002,3.521320000000002,0.6636540264358725,29,51
subcategory_bioisostere.add-S_195,CN1CCCCC1CN1CCN(Cc2cccnc2)CC1,0,authentic,authentic,,,c1cncc(CN2CCN(CC3CCCCN3)CC2)c1,test,288.4390000000001,1.6834999999999996,0.8405991768744432,21,29
subcategory_bioisostere.add-S_860,CCN(CCS(=O)(=O)O)Cc1ccc2c(c1)c1c3c(cc4c1n2C(=O)CC4)CNCC3,1,bioisostere,add-S,O=C1CCc2cc3c(c4c5cc(CN6CCOCC6)ccc5n1c24)CCNC3,4 5 6 7 8,O=C1CCc2cc3c(c4c5cc(CN6CCOCC6)ccc5n1c24)CCNC3,train,441.55300000000034,2.736300000000001,0.5718010171301593,31,56
subcategory_bioisostere.add-S_717,COc1ccc(-n2nc(C(F)(F)F)c3c2C(=O)N(c2ccc(C4(CN(C)S(C)(=O)=O)CC4)cc2)CC3)cc1,0,authentic,authentic,,,O=C1c2c(cnn2-c2ccccc2)CCN1c1ccc(C2CC2)cc1,train,548.5870000000003,4.025600000000003,0.4454024325139671,38,74
subcategory_bioisostere.add-S_586,COC(=O)c1sc(C(C)(C)C)cc1NC(=O)Nc1ccc(OC)cc1,0,authentic,authentic,,,O=C(Nc1ccccc1)Nc1ccsc1,train,362.45100000000014,4.484800000000003,0.7860899060393816,25,43
subcategory_bioisostere.add-S_32,Cc1noc(NS(=O)(=O)c2ccc3c(N)cccc3c2)c1C,0,authentic,authentic,,,O=S(=O)(Nc1ccno1)c1ccc2ccccc2c1,test,317.37000000000006,2.8276400000000015,0.7237674838146811,22,38
subcategory_bioisostere.add-S_1103,CSC(C)CC(O)(Cn1cncn1)c1ccc(F)cc1,1,bioisostere,add-S,CC(C)CC(O)(Cn1cncn1)c1ccc(F)cc1,1 2,c1ccc(CCn2cncn2)cc1,train,295.38300000000004,2.4466,0.8891213798842359,20,32
subcategory_bioisostere.add-S_697,COc1cc(N)c(Cl)cc1C(=O)N[C@H]1CCN(Cc2ccccc2)C[C@@H]1C,0,authentic,authentic,,,O=C(NC1CCN(Cc2ccccc2)CC1)c1ccccc1,train,387.9110000000002,3.571200000000003,0.7694151722894645,27,52
subcategory_bioisostere.add-S_1082,CSc1cc(CC(N)C(=O)O)cc(C)c1Oc1cc(C)c(O)c(C)c1,1,bioisostere,add-S,Cc1cc(Oc2c(C)cc(CC(N)C(=O)O)cc2C)cc(C)c1O,0 1 3 4 5 6 7 8 9 10 11 12 13 14 15 16 17 18 19 20 21 22 23 24,c1ccc(Oc2ccccc2)cc1,train,361.4630000000001,3.7860600000000018,0.6780786657811904,25,44
subcategory_bioisostere.add-S_389,CCCN1CCC(O)(c2ccc(F)c(OC(F)(F)F)c2)CC1,0,authentic,authentic,,,c1ccc(C2CCNCC2)cc1,train,321.314,3.4177000000000026,0.8627253676940798,22,38
subcategory_bioisostere.add-S_1446,CSc1ccc(C(C)(C#N)Cn2cnnc2)cc1,1,bioisostere,add-S,CC(C#N)(Cn1cnnc1)c1ccc(C#N)cc1,0 1 3 4 5 6 7 8 9 10 11 12 13 14 15 16,c1ccc(CCn2cnnc2)cc1,train,258.34999999999997,2.4814800000000004,0.7905455467416481,18,29
subcategory_bioisostere.add-S_1413,CSCC1CNC[C@@]2(C1)OC(=O)Nc1ccc(Cl)c(F)c12,1,bioisostere,add-S,O=C1Nc2ccc(Cl)c(F)c2[C@@]2(CNCC3(CC3)C2)O1,0 1 2,O=C1Nc2ccccc2[C@@]2(CNCC3(CC3)C2)O1,train,330.81200000000007,3.2090000000000014,0.8739692208357189,21,41
subcategory_bioisostere.add-S_842,CSNC[C@H](NC(C)C)C(=O)Nc1ccc(N2CCOCC2=O)cc1F,1,bioisostere,add-S,CC(C)N[C@@H](CNC(=O)c1ccc(Cl)s1)C(=O)Nc1ccc(N2CCOCC2=O)cc1F,0 1 2,O=C(CCNC(=O)c1cccs1)Nc1ccc(N2CCOCC2=O)cc1,train,384.4770000000002,1.3615999999999997,0.587377990219834,26,44
subcategory_bioisostere.add-S_1042,CSc1ccc(C2CC(c3ccc(F)cc3)=Nc3ncnn32)cc1,1,bioisostere,add-S,CCc1ccc(C2CC(c3ccc(F)cc3)=Nc3ncnn32)cc1,1 2,c1ccc(C2=Nc3ncnn3C(c3ccccc3)C2)cc1,train,338.411,4.253000000000004,0.6705134083010358,24,39
subcategory_bioisostere.add-S_1128,CSc1cc(F)cc(OCc2ccc3c(ccc(=O)n3C)c2)c1,1,bioisostere,add-S,Cn1c(=O)ccc2cc(COc3cc(F)cc(C4(O)CCOCC4)c3)ccc21,1 2,O=c1ccc2cc(COc3cccc(C4CCOCC4)c3)ccc2[nH]1,train,329.3960000000001,3.978500000000003,0.6785871637153291,23,38
subcategory_bioisostere.add-S_174,CCCCc1nc(N(C)C)c(C(=O)O)n1Cc1ccc(-c2ccccc2-c2nn[nH]n2)cc1,0,authentic,authentic,,,c1ccc(-c2nn[nH]n2)c(-c2ccc(Cn3ccnc3)cc2)c1,train,445.5270000000001,3.8853000000000026,0.4018257377870262,33,57
subcategory_bioisostere.add-S_491,Nc1ccn(C2CSC(CO[N+](=O)[O-])O2)c(=O)n1,0,authentic,authentic,,,O=c1ncccn1C1CSCO1,test,274.258,-0.3781000000000001,0.581981560636569,18,38
subcategory_bioisostere.add-S_858,CSCc1cc(S(=O)(=O)N(C)C)c(Cl)cc1NCc1ccco1,1,bioisostere,add-S,CN(C)S(=O)(=O)c1cc(C(=O)O)c(NCc2ccco2)cc1Cl,0 1 2 4 5 6 7 8 9 10 11 12 13 14 15 16 17 18 19 20 21 22,c1ccc(NCc2ccco2)cc1,train,374.9150000000001,3.658400000000002,0.8008339434112044,23,40
subcategory_bioisostere.add-S_933,CC[C@@H](CN(C)CCc1ccc2[nH]cnc2c1)c1cccc(OC)c1SC,1,bioisostere,add-S,COc1cccc2c1CCC[C@H]2CN(C)CCc1ccc2[nH]cnc2c1,0 1 2 3 4 5 6 7 8 9 10 12 13,c1ccc2c(c1)CCC[C@H]2CNCCc1ccc2[nH]cnc2c1,train,383.56100000000015,4.9615000000000045,0.530249300228771,27,47
subcategory_bioisostere.add-S_981,CS(=O)(=O)c1nc(N)nc2ccc(Sc3ccc(Cl)c(Cl)c3)cc12,1,bioisostere,add-S,Nc1nc(O)c2cc(Sc3ccc(Cl)c(Cl)c3)ccc2n1,0 1 2 3 5 6 7 8 9 10 11 12 13 14 15 16 17 18 19 20 21 22,c1ccc(Sc2ccc3ncncc3c2)cc1,train,400.31200000000007,4.073500000000002,0.6672977301190901,24,46
subcategory_bioisostere.add-S_1541,CC(C)C(NC(=O)C1CC(S(C)(=O)=O)CN1C(=O)[C@@H](NC(=O)c1ccc(C(=O)N2CCOCC2)cc1)C(C)C)C(=O)C(F)(F)C(F)(F)F,1,bioisostere,add-S,CC(=O)OC1CC(C(=O)NC(C(=O)C(F)(F)C(F)(F)F)C(C)C)N(C(=O)[C@@H](NC(=O)c2ccc(C(=O)N3CCOCC3)cc2)C(C)C)C1,9 10 11 12 13,O=C(NCC(=O)N1CCCC1)c1ccc(C(=O)N2CCOCC2)cc1,val,710.7190000000005,1.8350000000000042,0.32954667734626686,48,100
subcategory_bioisostere.add-S_982,CSCC(=O)N1CCN(C2=Nc3cc(Cl)ccc3Nc3ccccc32)CC1,1,bioisostere,add-S,CCC(=O)N1CCN(C2=Nc3cc(Cl)ccc3Nc3ccccc32)CC1,1 2,c1ccc2c(c1)N=C(N1CCNCC1)c1ccccc1N2,train,400.9350000000002,3.9825000000000026,0.8277620743964588,27,44
subcategory_bioisostere.add-S_1570,CSC(C)(C)c1cc(C(=O)CCN(C)C)cc2c1OCC2(C)C,1,bioisostere,add-S,CN(C)CCC(=O)c1cc(C(C)(C)C)c2c(c1)C(C)(C)CO2,0 1 3 4 5 6 7 8 9 10 11 12 13 14 15 16 17 18 19 20 21 22,c1ccc2c(c1)CCO2,train,335.5130000000001,4.089100000000004,0.7324681020905555,23,40
subcategory_bioisostere.add-S_794,COC(=O)c1cn(C(CO)c2ccccc2)cn1,0,authentic,authentic,,,c1ccc(Cn2ccnc2)cc1,train,246.26600000000005,1.2513999999999998,0.8245606026150344,18,29
subcategory_bioisostere.add-S_801,CSCC(=O)N1CCC(c2noc3cc(F)ccc23)CC1,1,bioisostere,add-S,O=C(O)CCCC(=O)N1CCC(c2noc3cc(F)ccc23)CC1,0 1 2 4 5 6 7 8 9 10 11 12 13 14 15 16 17 18 19,c1ccc2c(C3CCNCC3)noc2c1,train,308.3780000000001,3.0359000000000016,0.8741551204177929,21,34
subcategory_bioisostere.add-S_1178,COC(=O)CNC(=O)C(F)(F)C(=O)C(Cc1ccccc1)NC(=O)[C@@H]1CCCN1C(=O)[C@@H](NCOS(=O)(=O)O)C(C)C,1,bioisostere,add-S,COC(=O)CNC(=O)C(F)(F)C(=O)C(Cc1ccccc1)NC(=O)[C@@H]1CCCN1C(=O)[C@@H](NC(=O)OC(C)(C)C)C(C)C,32 33 34 35 36 37 38,O=C(NCCc1ccccc1)[C@@H]1CCCN1,train,620.6280000000003,-0.4103999999999959,0.08607369886111285,42,87
subcategory_bioisostere.add-S_271,O=Cc1cn2c(n1)COc1ccccc1-2,0,authentic,authentic,,,c1ccc2c(c1)OCc1nccn1-2,train,200.197,1.5772,0.6562216604103911,15,25
subcategory_bioisostere.add-S_1556,CS(=O)(=O)OC(=O)c1nn(-c2cc3c(cc2F)OCC3)c2c1CCN(c1ccc(N3CCCCC3=O)cc1)C2=O,1,bioisostere,add-S,CCOC(=O)c1nn(-c2cc3c(cc2F)OCC3)c2c1CCN(c1ccc(N3CCCCC3=O)cc1)C2=O,0 1 2 3 4 5,O=C1CCCCN1c1ccc(N2CCc3cnn(-c4ccc5c(c4)CCO5)c3C2=O)cc1,train,568.5830000000005,2.7825000000000006,0.4301333869791803,40,72
subcategory_bioisostere.add-S_955,CN(Cc1ccc(-c2ccc(C(F)(F)F)cc2)cc1)CC(Cn1cncn1)(c1ccc(F)cc1F)S(=O)(=O)O,1,bioisostere,add-S,CN(Cc1ccc(-c2ccc(C(F)(F)F)cc2)cc1)CC(O)(Cn1cncn1)c1ccc(F)cc1F,20 35 36 37 38,c1ccc(-c2ccc(CNCC(Cn3cncn3)c3ccccc3)cc2)cc1,train,566.5520000000002,5.157400000000005,0.22261700900525938,39,70
subcategory_bioisostere.add-S_27,CC(C)(C)n1cc(C(=O)O)c(=O)c2cc(F)c(N3C[C@@H](CN)[C@@H](F)C3)nc21,0,authentic,authentic,,,O=c1cc[nH]c2nc(N3CCCC3)ccc12,train,380.39500000000015,1.7217999999999998,0.8408561108208319,27,63
subcategory_bioisostere.add-S_644,CN1CCN(C2=Nc3ccccc3Nc3cc(Cl)ccc32)CC1,0,authentic,authentic,,,c1ccc2c(c1)N=C(N1CCNCC1)c1ccccc1N2,train,326.83100000000013,3.7227000000000023,0.8001222420891722,23,37
subcategory_bioisostere.add-S_704,[11CH3]N1CCN(C2=Nc3cc(Cl)ccc3Nc3ccccc32)CC1,0,authentic,authentic,,,c1ccc2c(c1)N=C(N1CCNCC1)c1ccccc1N2,train,325.83143360000014,3.7227000000000023,0.8005263279487049,23,43
subcategory_bioisostere.add-S_1397,CS[C@@H](c1ccccc1)N1CC[C@@H](c2ccc(F)cc2)[C@H](COc2ccc3c(c2)OCO3)C1,1,bioisostere,add-S,C[C@@H](c1ccccc1)N1CC[C@@H](c2ccc(F)cc2)[C@H](COc2ccc3c(c2)OCO3)C1,1 2,c1ccc(CN2CC[C@@H](c3ccccc3)[C@H](COc3ccc4c(c3)OCO4)C2)cc1,train,465.59000000000026,6.100700000000006,0.42077798353524926,33,67
subcategory_bioisostere.add-S_1593,CSCn1ncc2c1nc(N)n1nc(-c3ccco3)nc21,1,bioisostere,add-S,Cn1ncc2c1nc(N)n1nc(-c3ccco3)nc21,2 3,c1coc(-c2nc3c4cn[nH]c4ncn3n2)c1,train,301.33500000000004,1.6366999999999996,0.6135285384476952,21,34
subcategory_bioisostere.add-S_971,CC(C(O)CCn1cnc2c(=O)[nH]c(N)nc21)S(C)(=O)=O,1,bioisostere,add-S,CC(O)C(O)CCn1cnc2c(=O)[nH]c(N)nc21,0 2 3 4 5 6 7 8 9 10 11 12 13 14 15 16 17 18 19,O=c1[nH]cnc2[nH]cnc12,train,315.3550000000001,-1.1140999999999985,0.6338863709280452,21,43
subcategory_bioisostere.add-S_961,CC(C)CN(C[C@@H](O)[C@H](Cc1ccc(OCCn2cncn2)cc1)NC(=O)O[C@H]1CO[C@H]2OCC[C@H]21)S(=O)(=O)c1ccc(OCOS(=O)(=O)O)cc1,1,bioisostere,add-S,CC(C)CN(C[C@@H](O)[C@H](Cc1ccc(OCCn2cncn2)cc1)NC(=O)O[C@H]1CO[C@H]2OCC[C@H]21)S(=O)(=O)c1ccc2c(c1)OCO2,44 45 46 47 48 49,O=C(N[C@H](CCNS(=O)(=O)c1ccc2c(c1)OCO2)Cc1ccc(OCCn2cncn2)cc1)O[C@H]1CO[C@H]2OCC[C@H]21,test,769.8520000000003,1.6193000000000022,0.1163132152814102,52,110
subcategory_bioisostere.add-S_426,CC/N=C(\N)NCc1ccc(Sc2ccc(Cl)cc2)cc1,0,authentic,authentic,,,c1ccc(Sc2ccccc2)cc1,train,319.86100000000005,3.9154000000000018,0.6485435226389744,21,35
subcategory_bioisostere.add-S_112,COCCc1ccc(OCC(O)CNCCCc2ccccc2)cc1.Cl,0,authentic,authentic,,,c1ccc(CCCNCCCOc2ccccc2)cc1,train,379.92799999999994,3.2594000000000025,0.5556464334625775,26,36
subcategory_bioisostere.add-S_1379,CSc1ccc(C(c2sncc2C)N2CCN(CCO)CC2)cc1,1,bioisostere,add-S,Cc1cnsc1C(c1ccc(C(C)C)cc1)N1CCN(CCO)CC1,0 1 3 4 5 6 7 8 9 10 11 12 13 14 15 16 17 18 19 20 21 22,c1ccc(C(c2ccns2)N2CCNCC2)cc1,train,363.55200000000013,2.872720000000001,0.7993051113161204,24,36
subcategory_bioisostere.add-S_1370,CSCC(=O)N(c1cccc(F)c1)C1CCCC1N(C)C,1,bioisostere,add-S,CCC(=O)N(c1cccc(F)c1)C1CCCC1N(C)C,1 2,c1ccc(NC2CCCC2)cc1,train,310.438,3.0044000000000013,0.8351083673537836,21,34
subcategory_bioisostere.add-S_377,CCCN(CCC)C1CCc2cccc(OS(=O)(=O)C(F)(F)F)c2C1,0,authentic,authentic,,,c1ccc2c(c1)CCCC2,train,379.4440000000001,3.894300000000003,0.5325962800442489,25,43
subcategory_bioisostere.add-S_17,O=C(c1ccc(F)cc1)C(O)(Cn1cnnc1)c1ccc(F)cc1,0,authentic,authentic,,,O=C(c1ccccc1)C(Cn1cnnc1)c1ccccc1,train,329.30600000000004,2.327,0.7296349690422858,24,41
subcategory_bioisostere.add-S_835,CSc1cnc(C(=O)NCCc2ccc(S(=O)(=O)NC(=O)NC3CCCCC3)cc2)cn1,1,bioisostere,add-S,Cc1cnc(C(=O)NCCc2ccc(S(=O)(=O)NC(=O)NC3CCCCC3)cc2)cn1.Cl,1 2,O=C(NC1CCCCC1)NS(=O)(=O)c1ccc(CCNC(=O)c2cnccn2)cc1,train,477.61200000000025,2.4916,0.4980422888324006,32,54
subcategory_bioisostere.add-S_1509,CS[C@H]1[C@@H]2CCC3=CC(=O)CC[C@]3(C)[C@H]2CC[C@]1(C)[C@@](C)(O)C(C)=O,1,bioisostere,add-S,CC(=O)[C@@]1(O)CC(O)[C@H]2[C@@H]3CCC4=CC(=O)CC[C@]4(C)[C@H]3CC[C@@]21C,0 1 2,O=C1C=C2CC[C@H]3[C@@H]4CCCC4CC[C@@H]3C2CC1,train,364.5510000000001,4.1799000000000035,0.816085598408743,25,69
subcategory_bioisostere.add-S_877,CSCc1cc(N)cc(=O)n1Cc1ccc(-c2ccccc2-c2nn[nH]n2)cc1,1,bioisostere,add-S,CCCc1cc(N)cc(=O)n1Cc1ccc(-c2ccccc2-c2nn[nH]n2)cc1,1 2,O=c1ccccn1Cc1ccc(-c2ccccc2-c2nn[nH]n2)cc1,train,404.499,3.188900000000001,0.5116160860100125,29,49
subcategory_bioisostere.add-S_576,Cc1ccc2c(-c3ccc(F)cc3)c(/C=C/[C@@H](O)C[C@@H](O)CC(=O)O)c(C3CC3)nc2c1,0,authentic,authentic,,,c1ccc(-c2cc(C3CC3)nc3ccccc23)cc1,test,435.49500000000023,4.826520000000005,0.4716488407886407,32,69
subcategory_bioisostere.add-S_1587,C/C=C(\NC(=O)c1ccc(C)cc1)SC,1,bioisostere,add-S,C/C=C(\NC(=O)c1ccc(C)cc1)C(=O)O,1 2,c1ccccc1,train,221.325,2.9491200000000015,0.8498921499152859,15,27
subcategory_bioisostere.add-S_1036,CC(C)(C)NC(=O)[C@@H]1CN(Cc2cccnc2)CCN1C[C@H](C[C@@H](Cc1cccnc1)C(=O)N[C@H]1c2cccc(Cl)c2C[C@H]1O)OS(=O)(=O)O,1,bioisostere,add-S,CC(C)(C)NC(=O)[C@@H]1CN(Cc2cccnc2)CCN1C[C@@H](O)C[C@@H](Cc1cccnc1)C(=O)N[C@H]1c2cccc(Cl)c2C[C@H]1O,21 45 46 47 48 49,O=C(N[C@@H]1CCc2ccccc21)[C@@H](CCCN1CCN(Cc2cccnc2)CC1)Cc1cccnc1,test,729.3000000000004,2.7424000000000013,0.19069557463973122,50,107
subcategory_bioisostere.add-S_545,CNC(=O)OCCC1CCN(C(=O)[C@H](Cc2nc3ccccc3s2)NS(=O)(=O)c2cccc3c2NCC(C)(C)C3)CC1,0,authentic,authentic,,,O=C([C@H](Cc1nc2ccccc2s1)NS(=O)(=O)c1cccc2c1NCCC2)N1CCCCC1,train,613.8059999999998,4.164800000000003,0.33046785089229413,42,76
subcategory_bioisostere.add-S_1352,Cc1ccc(C)n1Nc1ccc(N(CCO)CCSCCO)nn1,1,bioisostere,add-S,Cc1ccc(C)n1Nc1ccc(N(CCO)CCO)nn1,17 18 19 20 21,c1cnnc(Nn2cccc2)c1,val,351.47600000000006,1.2943399999999996,0.5561894840377011,24,34
subcategory_bioisostere.add-S_848,Nc1ccn([C@@H]2CSC(COS(=O)(=O)O)O2)c(=O)n1,1,bioisostere,add-S,Nc1ccn([C@@H]2CSC(CO[P+](=O)O)O2)c(=O)n1,9 10 11 12 13 14,O=c1ncccn1[C@@H]1CSCO1,train,309.32500000000005,-0.7669999999999999,0.6874989468983868,19,41
subcategory_bioisostere.add-S_1242,CSCNC(=O)C1CN(C2c3ccc(Cl)cc3CCc3cc(Br)cnc32)CCN1C(=O)NC1CCCCC1,1,bioisostere,add-S,O=C(NCCCc1c[nH]cn1)C1CN(C2c3ccc(Cl)cc3CCc3cc(Br)cnc32)CCN1C(=O)NC1CCCCC1,0 1 2,O=C(NCCCc1c[nH]cn1)C1CN(C2c3ccccc3CCc3cccnc32)CCN1C(=O)NC1CCCCC1,train,621.045,5.150700000000004,0.4524576558332772,38,62
subcategory_bioisostere.add-S_1545,O=C1CNCCN1c1ccc(N2CCc3c(C(F)(F)F)nn(-c4ccc(OS(=O)(=O)O)cc4)c3C2=O)cc1,1,bioisostere,add-S,COc1ccc(-n2nc(C(F)(F)F)c3c2C(=O)N(c2ccc(N4CCNCC4=O)cc2)CC3)cc1,25 26 27 28 29 30,O=C1CNCCN1c1ccc(N2CCc3cnn(-c4ccccc4)c3C2=O)cc1,val,551.5030000000002,2.2118,0.4614197178507096,38,69
subcategory_bioisostere.add-S_607,C[C@H]1CN(C2CCN(C(=O)c3c(Cl)cccc3Cl)CC2)CCN1[C@@H](C)c1ccc(S(=O)(=O)c2ccc3c(c2)OCO3)cc1,0,authentic,authentic,,,O=C(c1ccccc1)N1CCC(N2CCN(Cc3ccc(S(=O)(=O)c4ccc5c(c4)OCO5)cc3)CC2)CC1,train,644.6210000000003,5.926800000000007,0.3295273533687016,43,87
subcategory_bioisostere.add-S_1291,CCCc1nn(C)c2c(=O)nc(-c3cc(S(=O)(=O)N(CCNC)SC)ccc3OCC)n(C)c12,1,bioisostere,add-S,CCCc1nn(C)c2c(=O)nc(-c3cc(S(=O)(=O)N4CCN(C)CC4C)ccc3OCC)n(C)c12,18 23 24,O=c1nc(-c2cccc(S(=O)(=O)N3CCNCC3)c2)[nH]c2cn[nH]c12,train,508.6700000000003,2.1732999999999993,0.3924694804769299,34,60
subcategory_bioisostere.add-S_862,CCCC(Oc1ccccc1-c1nc(-c2cccs2)c(COS(=O)(=O)O)s1)C(C#N)CC,1,bioisostere,add-S,CCCC(Oc1ccccc1-c1nc(-c2cccs2)c(C(=O)O)s1)C(C#N)CC,19 20 21 22 23 24 25,c1ccc(-c2nc(-c3cccs3)cs2)cc1,test,492.64400000000023,5.9552800000000055,0.3290771421184112,32,55
subcategory_bioisostere.add-S_757,COc1cc2ccc3c(c2oc1=O)[C@@H](OC(=O)C12CCC(C)(C(=O)O1)C2(C)C)[C@@H](OC(=O)C12CCC(C)(C(=O)O1)C2(C)C)C(C)(C)O3,0,authentic,authentic,,,O=C1OC2(C(=O)O[C@H]3COc4ccc5ccc(=O)oc5c4[C@H]3OC(=O)C34CCC(C3)C(=O)O4)CCC1C2,test,652.6930000000003,4.712500000000005,0.2496053952489814,47,106
subcategory_bioisostere.add-S_631,NS(=O)(=O)c1cc2c(cc1Cl)NC(CCCCCCO[N+](=O)[O-])NS2(=O)=O,0,authentic,authentic,,,O=S1(=O)NCNc2ccccc21,train,442.90300000000025,1.1761000000000001,0.29025599097997434,27,55
subcategory_bioisostere.add-S_966,CCOc1ccc(S(=O)(=O)N(CCN2CCOCC2)c2ccccc2)cc1-c1cc2c(CSC)nn(C)c2c(=O)[nH]1,1,bioisostere,add-S,CCCc1nn(C)c2c(=O)[nH]c(-c3cc(S(=O)(=O)N(CCN4CCOCC4)c4ccccc4)ccc3OCC)cc12,1 2,O=c1[nH]c(-c2cccc(S(=O)(=O)N(CCN3CCOCC3)c3ccccc3)c2)cc2cn[nH]c12,train,597.7630000000001,3.717800000000002,0.2787593661490251,41,72
subcategory_bioisostere.add-S_1046,CS[C@H]([C@](O)(Cn1cncn1)c1ccc(F)cc1F)S(=O)(=O)N(C)CC(F)(F)F,1,bioisostere,add-S,C[C@H]([C@](O)(Cn1cncn1)c1ccc(F)cc1F)S(=O)(=O)N(C)CC(F)(F)F,1 2,c1ccc(CCn2cncn2)cc1,train,460.45000000000016,1.9571000000000003,0.6063473571256002,29,60
subcategory_bioisostere.add-S_1006,CSC1OC(n2cnc(C(N)=O)n2)C(O)C1O,1,bioisostere,add-S,CP(=O)(O)OCC1OC(n2cnc(C(N)=O)n2)C(O)C1O,1 2,c1ncn(C2CCCO2)n1,train,260.275,-1.6832999999999991,0.5924402143607955,17,30
subcategory_bioisostere.add-S_1176,CN(CC1(c2ccccc2)CCC(=O)CC1)C(=O)c1ccccc1S(C)(=O)=O,1,bioisostere,add-S,COc1ccccc1C(=O)N(C)CC1(c2ccccc2)CCC(=O)CC1,0 1 2 3 4 5 6 7 8 9 10 11 12 13 14 15 16 17 18 19 20 21 22 24 25 26,O=C1CCC(CNC(=O)c2ccccc2)(c2ccccc2)CC1,train,399.51200000000006,3.2432000000000025,0.773790416306412,28,50
subcategory_bioisostere.add-S_1338,Nc1nc(OS(=O)(=O)O)c2nc(N)n(Cc3cccs3)c2n1,1,bioisostere,add-S,Nc1nc(O)c2nc(N)n(Cc3cccs3)c2n1,3 4 5 6 7 8,c1csc(Cn2cnc3cncnc32)c1,train,342.362,0.2821000000000001,0.5657319737336778,22,40
subcategory_bioisostere.add-S_143,C#CCNS(=O)(=O)c1cc2c(cc1Cl)N(CC#C)CN(CC#C)S2(=O)=O,0,authentic,authentic,,,O=S1(=O)NCNc2ccccc21,train,411.89200000000017,0.28610000000000047,0.703458298866685,26,50
subcategory_bioisostere.add-S_975,CS(=O)(=O)OC(C(=O)O[C@H]1C[N+]2(CCCc3cccs3)CCC1CC2)(c1cccs1)c1cccs1,1,bioisostere,add-S,O=C(O[C@H]1C[N+]2(CCCc3cccs3)CCC1CC2)C(O)(c1cccs1)c1cccs1.[Br-],0 1 2 3 4 5,O=C(O[C@H]1C[N+]2(CCCc3cccs3)CCC1CC2)C(c1cccs1)c1cccs1,train,552.7850000000003,4.875900000000004,0.2038280104930586,35,67
subcategory_bioisostere.add-S_1213,COc1ccc(C(=O)c2c(C)n(CCN(C)CCCSC)c3ccccc23)cc1,1,bioisostere,add-S,COc1ccc(C(=O)c2c(C)n(CCN3CCCCC3)c3ccccc23)cc1,18 19 20,O=C(c1ccccc1)c1cn(CCN2CCCCC2)c2ccccc12,train,410.5830000000001,4.874220000000005,0.35259851106201295,29,46
subcategory_bioisostere.add-S_152,CN(C)CCC[C@]1(c2ccc(Sc3ccc(F)cc3)cc2)OCc2cc(C#N)ccc21,0,authentic,authentic,,,c1ccc(Sc2ccc(C3OCc4ccccc43)cc2)cc1,train,432.5640000000002,5.964180000000006,0.461229561017915,31,53
subcategory_bioisostere.add-S_467,CCCCCCCCCCCCCC(=O)O[C@H]1CC(=O)O[C@H]1CO,0,authentic,authentic,,,O=C1CCCO1,train,342.47600000000006,3.907100000000003,0.38264664838861223,24,40
subcategory_bioisostere.add-S_531,O=C(NCC(O)CNc1ccc(C(F)(F)F)cc1)c1ccc(Cl)s1.O=C1C2OCCN12,0,authentic,authentic,,,O=C(NCCCNc1ccccc1)c1cccs1.O=C1C2OCCN12,val,477.89200000000017,2.8080000000000007,0.5565994591132801,31,55
subcategory_bioisostere.add-S_485,COc1ccc(Cl)cc1C(=O)NNC(=O)CCNS(=O)(=O)c1ccccc1,0,authentic,authentic,,,O=C(CCNS(=O)(=O)c1ccccc1)NNC(=O)c1ccccc1,test,411.8670000000001,1.4781999999999997,0.5969954718001215,27,46
subcategory_bioisostere.add-S_823,COc1cc2c(cc1SCCO)[C@@H](c1cc(OC)c(O)c(OC)c1)[C@H]1C(=O)OC[C@@H]1[C@@H]2Nc1ccc(C(=O)NCCc2ccccc2)cc1,1,bioisostere,add-S,COc1cc([C@@H]2c3cc4c(cc3[C@@H](Nc3ccc(C(=O)NCCc5ccccc5)cc3)[C@H]3COC(=O)[C@H]23)OCO4)cc(OC)c1O,7 8 9 10 11,O=C(NCCc1ccccc1)c1ccc(N[C@@H]2c3cc4c(cc3[C@@H](c3ccccc3)[C@H]3C(=O)OC[C@@H]32)OCO4)cc1,train,684.8110000000001,5.562800000000005,0.10471820411373227,49,98
subcategory_bioisostere.add-S_1173,Cc1cc(OC(F)F)c2nc(SCc3nccc(SCCO)c3C)[nH]c2c1,1,bioisostere,add-S,COc1ccnc(CSc2nc3c(OC(F)F)cc(C)cc3[nH]2)c1C,17 18 19 20 21,c1ccc(CSc2nc3ccccc3[nH]2)nc1,train,411.4990000000002,4.552840000000002,0.5299933543671662,27,44
subcategory_bioisostere.add-S_730,COc1cc2c(c(OC)c1OC)-c1ccc(=O)c(N(C)C)cc1[C@@H](N)CC2,0,authentic,authentic,,,O=c1ccc2c(cc1)-c1ccccc1CCC2,train,370.4490000000002,2.7516000000000007,0.8920774202497928,27,52
subcategory_bioisostere.add-S_140,COc1ccc(-n2nc(C(F)(F)F)c3c2C(=O)N(CCCCC(C)(C)CN(C)C)CC3)cc1,0,authentic,authentic,,,O=C1NCCc2cnn(-c3ccccc3)c21,train,466.5480000000004,4.656100000000004,0.5048416150311871,33,59
subcategory_bioisostere.add-S_39,Cc1cccc(Oc2cccc(NC[C@@H](N)CS)c2)c1,0,authentic,authentic,,,c1ccc(Oc2ccccc2)cc1,train,288.416,3.4563200000000007,0.7134572795887486,20,35
subcategory_bioisostere.add-S_935,COc1cc2c(cc1SCCO)C(=O)C(CC1CCN(CCc3ccccc3)CC1)C2,1,bioisostere,add-S,COc1cc2c(cc1OC)C(=O)C(CC1CCN(CCc3ccccc3)CC1)C2.Cl,0 1 2 3 4 5 6 8 9 10 11 12 13 14 15 16 17 18 19 20 21 22 23 24 25 26 27 28 29 30,O=C1c2ccccc2CC1CC1CCN(CCc2ccccc2)CC1,val,439.6210000000003,4.4794000000000045,0.5840395376353165,31,48
subcategory_bioisostere.add-S_1451,CS(=O)(=O)c1ccc(Cl)cc1[C@]1(F)C(=O)Nc2cc(C(F)(F)F)ccc21,1,bioisostere,add-S,COc1ccc(Cl)cc1[C@]1(F)C(=O)Nc2cc(C(F)(F)F)ccc21,0 1 2 3 5 6 7 8 9 10 11 12 13 14 15 16 17 18 19 20 21 22 23 24 25,O=C1Nc2ccccc2C1c1ccccc1,train,407.77200000000005,3.927500000000002,0.7672198304131026,26,55
subcategory_bioisostere.add-S_1341,C=CCCCN1CC[C@H](c2ccc(F)cc2)[C@@H](COS(=O)(=O)O)C1,1,bioisostere,add-S,C=CCCCN1CC[C@H](c2ccc(F)cc2)[C@@H](COc2ccc3c(c2)OCO3)C1.Cl,17 18 19 20 21 22,c1ccc([C@H]2CCNC[C@@H]2COc2ccc3c(c2)OCO3)cc1,train,357.4470000000001,3.016800000000001,0.4400363069851523,24,50
subcategory_bioisostere.add-S_1102,CSCOCCCc1nnc(-c2cccc(Cl)c2Cl)c(N)n1,1,bioisostere,add-S,Nc1nc(CCCOCCOCCO)nnc1-c1cccc(Cl)c1Cl,0 1 2,c1ccc(-c2cncnn2)cc1,train,359.28200000000015,3.697300000000002,0.6002784453415946,22,35
subcategory_bioisostere.add-S_521,C/N=C(\NC#N)NCCSCn1nc(-c2ccc(C)cc2)ccc1=O,0,authentic,authentic,,,O=c1ccc(-c2ccccc2)n[nH]1,train,356.4550000000001,1.5555,0.2680927609446917,25,41
subcategory_bioisostere.add-S_1283,CCOc1cc2c(cc1S(C)(=O)=O)C(=O)C(CC1CCN(Cc3cccc(F)c3)CC1)C2,1,bioisostere,add-S,CCOc1cc2c(cc1OCC)C(=O)C(CC1CCN(Cc3cccc(F)c3)CC1)C2,0 1 2 3 4 5 6 7 9 10 11 12 13 14 15 16 17 18 19 20 21 22 23 24 25 26 27 28 29 30 31,O=C1c2ccccc2CC1CC1CCN(Cc2ccccc2)CC1,train,459.58300000000025,4.285200000000004,0.6183014291507725,32,57
subcategory_bioisostere.add-S_203,COc1cc2c(c(OC)c1OC)-c1ccc(SC)c(=O)cc1[C@@H](NC(=O)[C@H](CCSC)NC(=O)C(F)(F)F)CC2,0,authentic,authentic,,,O=c1cccc2c(c1)CCCc1ccccc1-2,train,600.6810000000003,4.365200000000003,0.38811069259174763,40,79
subcategory_bioisostere.add-S_1586,CSCCN(C)C(=O)[C@@H](N)[C@H]1CC[C@H](NC(=O)OCc2ccccc2)CC1,1,bioisostere,add-S,N[C@H](C(=O)N1CCC(F)(F)C1)[C@H]1CC[C@H](NC(=O)OCc2ccccc2)CC1,0 1 3 4 5 6 7 8 9 10 11 12 13 14 15 16 17 18 19 20 21 22 23 24 25 26,O=C(N[C@H]1CC[C@H](CC(=O)N2CCCC2)CC1)OCc1ccccc1,val,393.5530000000002,2.620300000000001,0.7091768928056755,27,56
subcategory_bioisostere.add-S_773,CN(CCN1CCOCC1)C(c1ccccc1)c1ccc(Cl)cc1,0,authentic,authentic,,,c1ccc(C(NCCN2CCOCC2)c2ccccc2)cc1,train,344.8860000000001,3.6934000000000022,0.7944362949414444,24,37
subcategory_bioisostere.add-S_1277,COC(=O)c1cccc(COc2ccccc2/C(C)=C\CSC)c1,1,bioisostere,add-S,CCCC/C=C(/C)c1ccccc1OCc1cccc(C(=O)OC)c1,0 1 2 3 4 5 6 7 8 9 10 11 12 13 14 15 16 17 18 19 21 22 23,c1ccc(COc2ccccc2)cc1,train,342.46000000000004,4.818500000000005,0.6759913371732705,24,38
subcategory_bioisostere.add-S_571,O=c1[nH]c(=O)n(COCCO)cc1/C=C/Br,0,authentic,authentic,,,O=c1cc[nH]c(=O)[nH]1,val,291.101,-0.13139999999999996,0.7400717794688839,16,31
subcategory_bioisostere.add-S_347,CC(OCC(=O)O)N1CCN(C(c2ccccc2)c2ccc(Cl)cc2)CC1,0,authentic,authentic,,,c1ccc(C(c2ccccc2)N2CCNCC2)cc1,train,388.8950000000001,3.494200000000002,0.7863675333816611,27,45
subcategory_bioisostere.add-S_1585,CCCCc1oc2cc(F)ccc2c1C(=O)c1cc(I)c(S(C)(=O)=O)c(I)c1,1,bioisostere,add-S,CCCCc1oc2cc(F)ccc2c1C(=O)c1cc(I)c(O)c(I)c1,20 21 22 23 24,O=C(c1ccccc1)c1coc2ccccc12,train,626.2250000000001,5.758200000000004,0.2582376773858753,28,51
subcategory_bioisostere.add-S_1194,CSC(CCN(C)CCCN(C)C)C(=O)c1noc2cc(F)ccc12,1,bioisostere,add-S,CN(C)CCCN1CCC(C(=O)c2noc3cc(F)ccc23)CC1,0 1 3 4 5 6 7 8 9 10 11 12 13 14 15 16 17 18 19 20 21 22 23 24,O=C(c1noc2ccccc12)C1CCNCC1,train,367.49000000000007,3.1548000000000016,0.6014277079447328,25,40
subcategory_bioisostere.add-S_403,CC(S(=O)(=O)c1ccc(Cl)cc1)S(=O)(=O)C(F)(F)F,0,authentic,authentic,,,c1ccccc1,train,336.74,2.394300000000001,0.8496113212892369,19,42
subcategory_bioisostere.add-S_1014,Cc1ccc(Sc2cncc3sc(CS(C)(=O)=O)cc23)cc1,1,bioisostere,add-S,Cc1ccc(Sc2cncc3sc(CO)cc23)cc1,0 1 2 3 4 5 6 7 8 9 10 11 12 14 15 16 17 18 19 20 21,c1ccc(Sc2cncc3sccc23)cc1,train,349.50200000000007,4.300520000000003,0.7043925293254638,22,38
subcategory_bioisostere.add-S_131,C[C@]12C=CC(=O)C=C1CC[C@@H]1[C@@H]2CC[C@@]2(C)[C@H]1CC[C@]2(O)C(=O)C(O)(O)O,0,authentic,authentic,,,O=C1C=CC2C(=C1)CC[C@H]1[C@@H]3CCCC3CC[C@H]21,val,376.44900000000007,1.2252,0.5389520905299436,27,75
subcategory_bioisostere.add-S_121,O=C1NC(=O)C(c2ccc(Br)cc2)(c2ccc(Br)cc2)N1,0,authentic,authentic,,,O=C1NC(=O)C(c2ccccc2)(c2ccccc2)N1,train,410.065,3.2946000000000017,0.7473696415003325,21,41
subcategory_bioisostere.add-S_625,Cc1cc(Cl)nc(NCCCNc2ccnc3cc(Cl)ccc23)n1,0,authentic,authentic,,,c1cnc(NCCCNc2ccnc3ccccc23)nc1,train,362.264,4.554120000000003,0.4974378749635066,24,38
subcategory_bioisostere.add-S_1590,CSc1nc(N)ccc1CNC(=O)Cn1c(C)cc2c(c1=O)NC(=O)CC2,1,bioisostere,add-S,Cc1nc(N)ccc1CNC(=O)Cn1c(C)cc2c(c1=O)NC(=O)CC2,1 2,O=C(Cn1ccc2c(c1=O)NC(=O)CC2)NCc1cccnc1,train,387.4650000000002,1.0569199999999999,0.6601592143762043,27,46
subcategory_bioisostere.add-S_638,Fc1ccc([C@H]2CCN(CC3CCCO3)C[C@@H]2COc2ccc3c(c2)OCO3)cc1,0,authentic,authentic,,,c1ccc([C@H]2CCN(CC3CCCO3)C[C@@H]2COc2ccc3c(c2)OCO3)cc1,val,413.48900000000015,4.217900000000004,0.7093189508390475,30,55
subcategory_bioisostere.add-S_845,CCCCCCC[C@@H](C(CCCC)C(=O)S(C)(=O)=O)N1CCC(c2noc3cc(F)ccc23)CC1,1,bioisostere,add-S,CCCCCCC[C@@H](C(CCCC)C(=O)O)N1CCC(c2noc3cc(F)ccc23)CC1,13 15 16 17 18,c1ccc2c(C3CCNCC3)noc2c1,train,508.7000000000003,6.253000000000007,0.29743963304740884,35,63
subcategory_bioisostere.add-S_286,COc1ccc2c(c1)c(C)c(CCC(=O)NS(=O)(=O)c1ccc(OC(F)(F)F)cc1)n2C(=O)c1ccc(Cl)cc1,0,authentic,authentic,,,O=C(CCc1cc2ccccc2n1C(=O)c1ccccc1)NS(=O)(=O)c1ccccc1,val,594.9950000000001,5.636520000000004,0.28330412050213527,40,75
subcategory_bioisostere.add-S_563,O=C(O)C=CC(=O)O.O=C(O)C=CC(=O)O.OCCOCCN1CCN(C2=Nc3ccccc3Sc3ccccc32)CC1,0,authentic,authentic,,,c1ccc2c(c1)N=C(N1CCNCC1)c1ccccc1S2,train,615.6610000000003,2.279600000000001,0.2036136641591515,43,70
subcategory_bioisostere.add-S_938,COc1ccc(-n2nc(SC)cc2C(=O)Cc2ccc(N3CCCCC3=O)cc2)cc1,1,bioisostere,add-S,COc1ccc(-n2nc(C(F)(F)F)cc2C(=O)Cc2ccc(N3CCCCC3=O)cc2)cc1,1 2,O=C(Cc1ccc(N2CCCCC2=O)cc1)c1ccnn1-c1ccccc1,train,435.54900000000026,4.545100000000004,0.40254931851841014,31,50
subcategory_bioisostere.add-S_1064,CSc1cc(NC(=O)c2cc(-c3ccc4ccccc4c3)cn2C)cn1C,1,bioisostere,add-S,Cn1cc(NC(=O)c2cc(NC(=O)c3cc(-c4ccc5ccccc5c4)cn3C)cn2C)cc1C(=O)NCCN1CCOCC1,1 2,O=C(NCCN1CCOCC1)c1cc(NC(=O)c2cc(NC(=O)c3cc(-c4ccc5ccccc5c4)c[nH]3)c[nH]2)c[nH]1,val,375.49700000000007,5.158000000000005,0.500608495199228,27,43
subcategory_bioisostere.add-S_1430,CC(=O)N1CCN(C(=O)Cc2ccccc2)C(CN2CC[C@H](S(C)(=O)=O)C2)C1,1,bioisostere,add-S,CC(=O)N1CCN(C(=O)Cc2ccccc2)C(CN2CC[C@H](O)C2)C1,0 1 2 3 4 5 6 7 8 9 10 11 12 13 14 15 16 17 18 19 20 22 23 24 25 26 27,O=C(Cc1ccccc1)N1CCNCC1CN1CCCC1,test,407.5360000000003,0.4073000000000011,0.7064590745922152,28,56
subcategory_bioisostere.add-S_395,NS(=O)(=O)c1ccc(CCNSC(=S)N2CCOCC2)cc1,0,authentic,authentic,,,S=C(SNCCc1ccccc1)N1CCOCC1,val,361.5140000000002,0.7314,0.45429176051788184,22,37
subcategory_bioisostere.add-S_1221,CC(C)(C)NC(=O)[C@@H]1CN(Cc2cccnc2)CCN1C[C@H](C[C@@H](CC1CC1)C(=O)N[C@H]1c2cccc(Cl)c2C[C@H]1O)OS(=O)(=O)O,1,bioisostere,add-S,CC(C)(C)NC(=O)[C@@H]1CN(Cc2cccnc2)CCN1C[C@@H](O)C[C@@H](CC1CC1)C(=O)N[C@H]1c2cccc(Cl)c2C[C@H]1O,21 42 43 44 45 46,O=C(N[C@@H]1CCc2ccccc21)[C@@H](CCCN1CCN(Cc2cccnc2)CC1)CC1CC1,train,692.2790000000005,2.904800000000001,0.23003322439390295,47,104
subcategory_bioisostere.add-S_295,C[N+](=C(Nc1ccc(Cl)cc1)c1ccccc1)c1ccc(Cl)cc1,0,authentic,authentic,,,c1ccc(NC(=[NH+]c2ccccc2)c2ccccc2)cc1,train,356.27600000000007,5.826100000000004,0.35466240031057256,24,44
subcategory_bioisostere.add-S_566,C=C(C=O)OC(C=O)n1cnc2c(N)ncnc21,0,authentic,authentic,,,c1ncc2nc[nH]c2n1,train,247.214,-0.16480000000000022,0.44312010603871127,18,31
subcategory_bioisostere.add-S_371,NC[C@H]1O[C@@H](OC[C@H]2O[C@@H](n3ccc(=O)[nH]c3=O)[C@H](O)[C@@H]2O)[C@H](O)[C@@H]1O,0,authentic,authentic,,,O=c1ccn([C@H]2CC[C@@H](CO[C@H]3CCCO3)O2)c(=O)[nH]1,train,375.334,-4.422199999999996,0.2927924696210106,26,83
subcategory_bioisostere.add-S_199,CC(NC1CCCNC1)c1ccccc1N1CCN(C(=O)[C@@H](Cc2ccc(Cl)cc2)NC(=O)C2(N)CCc3ccccc3C2)CC1,0,authentic,authentic,,,O=C(N[C@H](Cc1ccccc1)C(=O)N1CCN(c2ccccc2CNC2CCCNC2)CC1)C1CCc2ccccc2C1,train,643.276,4.005100000000002,0.2815137421967977,46,80
subcategory_bioisostere.add-S_1008,O=S(=O)(O)Oc1cccc2c1CC[C@H](CN1CCC(c3cccc(F)c3)CC1)C[C@H]2O,1,bioisostere,add-S,COc1cccc2c1CC[C@H](CN1CCC(c3cccc(F)c3)CC1)C[C@H]2O,0 1 2 3 4 5,c1ccc(C2CCN(CC3CCc4ccccc4CC3)CC2)cc1,val,449.54400000000015,3.872800000000004,0.5323139565089201,31,59
subcategory_bioisostere.add-S_1332,CSc1ccc(Oc2ccc(Cl)cc2C)c(CC(=O)O)c1,1,bioisostere,add-S,Cc1ccc(Oc2ccc(Cl)cc2C)c(CC(=O)O)c1,1 2,c1ccc(Oc2ccccc2)cc1,train,322.81300000000005,4.7897200000000035,0.8038912425108811,21,35
subcategory_bioisostere.add-S_52,CCCN(C(C)C)[C@H]1CCc2cccc(OC)c2[C@H]1C,0,authentic,authentic,,,c1ccc2c(c1)CCCC2,train,275.436,4.233900000000004,0.7969177235211752,20,38
subcategory_bioisostere.add-S_410,Cc1nc(-c2ccc(OCC(C)C)c(C#N)c2)sc1C(=O)O.c1ccncc1,0,authentic,authentic,,,c1ccc(-c2nccs2)cc1.c1ccncc1,train,395.48400000000004,4.804800000000004,0.6661619714236322,28,48
subcategory_bioisostere.add-S_46,CN1CCC(c2nc(N)nc3ccccc23)CC1,0,authentic,authentic,,,c1ccc2c(C3CCNCC3)ncnc2c1,test,242.326,2.0212,0.8309155720775238,18,28
subcategory_bioisostere.add-S_939,OCCSc1ccc(Cc2ccc(NC3=NCCN3)cc2)cc1,1,bioisostere,add-S,CC(C)COc1ccc(Cc2ccc(NC3=NCCN3)cc2)cc1,0 1 2 3 5 6 7 8 9 10 11 12 13 14 15 16 17 18 19 20 21,c1ccc(Cc2ccc(NC3=NCCN3)cc2)cc1,train,327.45300000000003,2.7329000000000008,0.7142272563458831,23,34
subcategory_bioisostere.add-S_1219,O=C(Nc1ccccc1F)N1CCC2(CC1)C(=O)N(c1ccc(F)cc1)C2c1ccc(OS(=O)(=O)O)cc1,1,bioisostere,add-S,O=C(Nc1ccccc1F)N1CCC2(CC1)C(=O)N(c1ccc(F)cc1)C2c1ccc(O)cc1,30 31 32 33 34 35,O=C(Nc1ccccc1)N1CCC2(CC1)C(=O)N(c1ccccc1)C2c1ccccc1,test,543.5480000000001,4.548600000000003,0.3604459731607374,38,68
subcategory_bioisostere.add-S_1349,C[C@]12CC[C@H](O[C@@H]3O[C@@H](CO)[C@H](O)[C@H](OS(=O)(=O)O)[C@@H]3O)CC1CC[C@@H]1[C@@H]2CC[C@]2(C)[C@@H](C3=CC(=O)OC3)CC[C@@]12O,1,bioisostere,add-S,C[C@]12CC[C@H](O[C@@H]3O[C@@H](CO)[C@H](O)[C@H](O)[C@@H]3O)CC1CC[C@@H]1[C@@H]2CC[C@]2(C)[C@@H](C3=CC(=O)OC3)CC[C@@]12O,13 14 15 16 17 18,O=C1C=C([C@H]2CCC3C2CC[C@@H]2C4CC[C@H](O[C@H]5CCCCO5)CC4CC[C@@H]32)CO1,train,616.7260000000002,1.255600000000001,0.1634505203602416,42,128
subcategory_bioisostere.add-S_374,C=C(O)COCC(O)COc1ccccc1C(=O)c1ccccc1,0,authentic,authentic,,,O=C(c1ccccc1)c1ccccc1,train,328.36400000000003,2.7456000000000014,0.5466824630972332,24,36
subcategory_bioisostere.add-S_1162,COc1c(O)c(-c2c(OS(=O)(=O)O)c(OC)c(O)c3c(=O)oc(C)cc23)c2cc(C)oc(=O)c2c1O,1,bioisostere,add-S,COc1c(O)c(-c2c(O)c(OC)c(O)c3c(=O)oc(C)cc23)c2cc(C)oc(=O)c2c1O,7 8 9 10 11 12,O=c1occc2c(-c3cccc4c(=O)occc34)cccc12,val,522.4400000000004,2.498840000000001,0.2785417115917724,36,71
subcategory_bioisostere.add-S_270,CN(C(=O)CCC(NC(=O)c1cc(Cl)cc(Cl)c1)C(=O)N1CCC2(CCCC2)CC1)[C@H](Cc1ccccc1)C(=O)O,0,authentic,authentic,,,O=C(CCC(NC(=O)c1ccccc1)C(=O)N1CCC2(CCCC2)CC1)NCCc1ccccc1,train,602.5590000000007,5.209100000000005,0.38860062444499743,41,79
subcategory_bioisostere.add-S_1288,CS(=O)(=O)c1ccc2c(c1)C(N1CCN(C(=O)C3CC3)CC1)CCC2,1,bioisostere,add-S,COc1ccc2c(c1)C(N1CCN(C(=O)C3CC3)CC1)CCC2,0 1 2 3 5 6 7 8 9 10 11 12 13 14 15 16 17 18 19 20 21 22 23 24,O=C(C1CC1)N1CCN(C2CCCc3ccccc32)CC1,val,362.4950000000003,2.0216999999999996,0.8254673336054734,25,48
subcategory_bioisostere.add-S_1518,CS(=O)(=O)c1cc(OC2CCN(CC3CC3)CC2)ccc1CC(=O)N1CCC(N2C(=O)OCc3ccccc32)CC1,1,bioisostere,add-S,O=C(Cc1ccc(OC2CCN(CC3CC3)CC2)cc1OCC(F)(F)F)N1CCC(N2C(=O)OCc3ccccc32)CC1,0 1 2 3 5 6 7 8 9 10 11 12 13 14 15 16 17 18 19 20 21 22 23 24 25 26 27 28 29 30 31 32 33 34 35 36 37 38 39 40,O=C(Cc1ccc(OC2CCN(CC3CC3)CC2)cc1)N1CCC(N2C(=O)OCc3ccccc32)CC1,train,581.7350000000002,4.033600000000003,0.4644687987896133,41,71
subcategory_bioisostere.add-S_1440,CSc1cc(C)ccc1Oc1ccc(Cl)cc1C,1,bioisostere,add-S,Cc1ccc(Oc2ccc(Cl)cc2C)c(CC(=O)O)c1,1 2,c1ccc(Oc2ccccc2)cc1,train,278.80400000000003,5.471040000000003,0.6885114560663542,18,27
subcategory_bioisostere.add-S_110,Cc1nc2c(=O)[nH]nc(OC(=O)C(C)(C)C)c2n1Cc1ccc(-c2ccccc2-c2nn[nH]n2)cc1,0,authentic,authentic,,,O=c1[nH]ncc2c1ncn2Cc1ccc(-c2ccccc2-c2nn[nH]n2)cc1,test,484.52000000000015,3.2749200000000007,0.361706535868513,36,68
subcategory_bioisostere.add-S_1401,OCCSc1ccc2nc(SCc3ccccn3)[nH]c2c1,1,bioisostere,add-S,FC(F)Oc1ccc2nc(SCc3ccccn3)[nH]c2c1,0 1 2 3 4,c1ccc(CSc2nc3ccccc3[nH]2)nc1,train,317.43899999999996,3.334600000000001,0.6828558595584259,21,32
subcategory_bioisostere.add-S_8,CCC1CN(c2cc3c(cc2F)c(=O)c(C(=O)O)cn3C2CC2)CCN1,0,authentic,authentic,,,O=c1ccn(C2CC2)c2cc(N3CCNCC3)ccc12,train,359.4010000000001,2.3619000000000003,0.8766456355352448,26,46
subcategory_bioisostere.add-S_549,CC(=O)/C=C\C=C\C(=O)c1ccccc1,0,authentic,authentic,,,c1ccccc1,train,200.237,2.5707000000000004,0.4250014766610998,15,28
subcategory_bioisostere.add-S_1158,CCC(CCSC)CCn1c(-c2ccc(C)cc2)nc(C(=O)O)c1C,1,bioisostere,add-S,Cc1ccc(-c2nc(C(=O)O)c(C)n2CCC2CCCCC2)cc1,0 1 2 3 5 6 7 8 9 10 11 12 13 14 15 16 17 18 19 20 21 22 23 24,c1ccc(-c2nccn2CCC2CCCCC2)cc1,val,360.5230000000001,5.034540000000005,0.6808891673330946,25,41
subcategory_bioisostere.add-S_481,CS(=O)(=O)Nc1cccc(OCc2nc3ccccc3s2)c1,0,authentic,authentic,,,c1ccc(OCc2nc3ccccc3s2)cc1,train,334.422,3.246800000000002,0.7775456214048168,22,36
subcategory_bioisostere.add-S_688,CCOC(=O)N1CCN(C(=O)C(Cc2cccc(C(=N)N)c2)NS(=O)(=O)c2c(C(C)C)cc(C(C)C)cc2C(C)C)CC1,0,authentic,authentic,,,O=C(C(Cc1ccccc1)NS(=O)(=O)c1ccccc1)N1CCNCC1,test,613.825,4.531170000000004,0.2507682966121854,43,80
subcategory_bioisostere.add-S_669,COc1ccc(S(=O)(=O)N(Cc2ccc3c(c2)OCO3)[C@H](CCC(=O)N2CCN(c3ccccc3)CC2)C(=O)NO)cc1,0,authentic,authentic,,,O=C(CCCN(Cc1ccc2c(c1)OCO2)S(=O)(=O)c1ccccc1)N1CCN(c2ccccc2)CC1,train,610.6890000000004,2.6178,0.2479206842043234,43,79
subcategory_bioisostere.add-S_863,Cn1c(=O)n(CCCS)c(=O)c2nc(-c3ccsc3)[nH]c21,1,bioisostere,add-S,CCCn1c(=O)c2nc(-c3ccsc3)[nH]c2n(C)c1=O,6 7 8,O=c1[nH]c(=O)c2nc(-c3ccsc3)[nH]c2[nH]1,train,322.415,1.4716999999999998,0.7145947435207582,21,41
subcategory_bioisostere.add-S_903,CCCCCc1c(C(C)C)nc(C(C)C)c(COS(=O)(=O)O)c1-c1ccccc1,1,bioisostere,add-S,CCCCCc1c(C(C)C)nc(C(C)C)c(CO)c1-c1ccccc1,16 17 18 19 20 21,c1ccc(-c2ccncc2)cc1,val,419.5870000000001,6.047500000000006,0.37472928583211923,29,50
subcategory_bioisostere.add-S_611,NCc1ccc(N2C(=O)[C@H](CC[C@H](O)c3ccc(F)cc3)[C@H]2c2ccc(O)cc2)cc1,0,authentic,authentic,,,O=C1[C@H](CCCc2ccccc2)[C@@H](c2ccccc2)N1c1ccccc1,train,420.4840000000001,4.207900000000003,0.49997847676649193,31,64
subcategory_bioisostere.add-S_506,O=c1c(CO)coc2c1COc1ccccc1-2,0,authentic,authentic,,,O=c1ccoc2c1COc1ccccc1-2,val,230.21899999999997,1.6914999999999998,0.809437136843921,17,27
subcategory_bioisostere.add-S_288,Cc1c(F)c(N2CCNCC2)c(Cl)c2c1c(=O)c(C(=O)O)cn2C1CC1,0,authentic,authentic,,,O=c1ccn(C2CC2)c2cc(N3CCNCC3)ccc12,train,379.81900000000013,2.5451200000000007,0.8568796547345526,26,49
subcategory_bioisostere.add-S_997,CSn1cnc2c(=O)[nH]c(NC(=O)C(C)C)nc21,1,bioisostere,add-S,CC(C)C(=O)Nc1nc2c(ncn2C)c(=O)[nH]1,0 1 3 4 5 6 7 8 9 10 11 12 13 14 15 16,O=c1[nH]cnc2[nH]cnc12,train,267.314,0.8401999999999998,0.8592814708157689,18,35
subcategory_bioisostere.add-S_49,CCn1c(=O)c2cc(C(=O)O)cn2c2cc(C)c(C)cc21,0,authentic,authentic,,,O=c1[nH]c2ccccc2n2cccc12,train,284.315,2.5891400000000004,0.7863625737006686,21,39
subcategory_bioisostere.add-S_361,CN1CCN(C2c3ccccc3Oc3ccccc32)CC1,0,authentic,authentic,,,c1ccc2c(c1)Oc1ccccc1C2N1CCNCC1,train,280.37100000000004,3.129100000000002,0.7979517157523448,21,31
subcategory_bioisostere.add-S_597,CN(C)CCCCNCc1ccccc1OCc1ccc(F)cc1,0,authentic,authentic,,,c1ccc(COc2ccccc2)cc1,train,330.447,3.8361000000000027,0.6700567164128557,24,32
subcategory_bioisostere.add-S_220,O=c1[nH]cnc2c1ncn2CCOCC(O)P(=O)(O)O,0,authentic,authentic,,,O=c1[nH]cnc2[nH]cnc12,train,304.19899999999996,-1.3677000000000004,0.3768623108442393,20,35
subcategory_bioisostere.add-S_246,COc1ccc2c(c1)c(CC(=O)O)c(C)n2C(=O)c1cccnc1,0,authentic,authentic,,,O=C(c1cccnc1)n1ccc2ccccc21,test,324.336,2.668920000000001,0.7977144347219333,24,42
subcategory_bioisostere.add-S_468,CO[C@]12CC[C@@]3(C[C@@H]1C(C)(C)O)[C@H]1Cc4ccc(O)c5c4[C@@]3(CCN1CC1CC1)[C@H]2O5,0,authentic,authentic,,,c1cc2c3c(c1)O[C@H]1C4CCC5(CC4)[C@@H](C2)N(CC2CC2)CC[C@]315,train,425.5690000000003,3.3876000000000017,0.7744063605229821,31,79
subcategory_bioisostere.add-S_517,COc1cc2c(c(OC)c1OC)-c1ccc(SC)c(=O)cc1[C@H](NC(C)=O)CC2,0,authentic,authentic,,,O=c1cccc2c(c1)CCCc1ccccc1-2,train,415.51100000000025,3.584900000000002,0.7527044671857281,29,54
subcategory_bioisostere.add-S_1058,CS(=O)(=O)c1ccc(C2C(CC[C@H](O)c3ccc(F)cc3)C(=O)N2c2ccc(F)cc2)c(F)c1,1,bioisostere,add-S,O=C(Oc1ccc(C2C(CC[C@H](O)c3ccc(F)cc3)C(=O)N2c2ccc(F)cc2)c(F)c1)N1CCNCC1,0 1 2 3 5 6 7 8 9 10 11 12 13 14 15 16 17 18 19 20 21 22 23 24 25 26 27 28 29 30 31 32,O=C(Oc1ccc(C2C(CCCc3ccccc3)C(=O)N2c2ccccc2)cc1)N1CCNCC1,test,489.51500000000016,4.725300000000004,0.48743925143636463,34,67
subcategory_bioisostere.add-S_1512,Nc1ccc(Cl)cc1C[S+](OS(=O)(=O)O)c1nc2ccccc2[nH]1,1,bioisostere,add-S,Nc1ccc(Cl)cc1C[S+]([O-])c1nc2ccccc2[nH]1,9 10 11 12 13 14,c1ccc(C[SH+]c2nc3ccccc3[nH]2)cc1,train,386.8620000000001,2.710300000000001,0.3521933982499607,24,47
subcategory_bioisostere.add-S_92,COc1cc(O)c2c(OC)c3c(cc2c1-c1c(O)cc(OC)c2c(OC)c4c(cc12)OC(C)C(C)C4=O)OC(C)C(C)C3=O,0,authentic,authentic,,,O=C1CCOc2cc3c(-c4cccc5cc6c(cc45)OCCC6=O)cccc3cc21,train,602.6360000000003,6.305000000000005,0.26820454191357196,44,81
subcategory_bioisostere.add-S_23,Cc1cnc(NC(=O)C2=C(O)c3ccccc3SN2C)s1,0,authentic,authentic,,,O=C(Nc1nccs1)C1=Cc2ccccc2SN1,train,319.41100000000006,3.2693200000000013,0.8317819509727831,21,35
subcategory_bioisostere.add-S_509,O=C(N[C@H]1CCOC[C@H]1O)[C@H](Cc1nnco1)C[C@H](O)CN1CCN(Cc2ccc(-c3ccc(Cl)cc3)o2)C[C@H]1C(=O)NCC(F)(F)F,0,authentic,authentic,,,O=C(NC1CCOCC1)[C@@H](CCCN1CCN(Cc2ccc(-c3ccccc3)o2)CC1)Cc1nnco1,train,699.1270000000003,2.023600000000001,0.20637547793110256,48,100
subcategory_bioisostere.add-S_1327,CCc1c(SC)nn(-c2ccccc2)c1-c1ccccc1,1,bioisostere,add-S,CCc1c(CC(N)=O)nn(-c2ccccc2)c1-c1ccccc1,0 1 2 4 5 6 7 8 9 10 11 12 13 14 15 16 17 18 19 20,c1ccc(-c2ccnn2-c2ccccc2)cc1,val,294.423,4.823600000000003,0.6417600887687638,21,33
subcategory_bioisostere.add-S_1053,CC(Nc1c(Nc2ccc(S(C)(=O)=O)cc2)c(=O)c1=O)C(C)(C)C,1,bioisostere,add-S,COc1ccc(Nc2c(NC(C)C(C)(C)C)c(=O)c2=O)cc1,9 10 11 12 13,O=c1cc(Nc2ccccc2)c1=O,train,350.4400000000001,2.2762000000000002,0.8038768422419027,24,48
subcategory_bioisostere.add-S_976,CS(=O)(=O)c1cccc(-c2cc(=O)c(SCc3ccccc3)c(O)o2)c1,1,bioisostere,add-S,O=c1cc(-c2cccc(OC(F)(F)F)c2)oc(O)c1SCc1ccccc1,0 1 2 3 4,O=c1cc(-c2ccccc2)occ1SCc1ccccc1,train,388.46600000000007,3.7082000000000024,0.670947155279363,26,48
subcategory_bioisostere.add-S_478,O=C(NC(CO)C(O)c1ccc([N+](=O)[O-])cc1)C1CC1,0,authentic,authentic,,,O=C(NCCc1ccccc1)C1CC1,val,280.2800000000001,0.5153,0.518988039710406,20,42
subcategory_bioisostere.add-S_1009,CS(=O)(=O)NCC#Cc1ccc(N2C(=O)[C@H](CC[C@H](OS(=O)(=O)O)c3ccc(F)cc3)[C@H]2c2ccc(O)cc2)cc1,1,bioisostere,add-S,CS(=O)(=O)NCC#Cc1ccc(N2C(=O)[C@H](CC[C@H](O)c3ccc(F)cc3)[C@H]2c2ccc(O)cc2)cc1,18 19 20 21 22 23,O=C1[C@H](CCCc2ccccc2)[C@@H](c2ccccc2)N1c1ccccc1,train,602.6620000000003,3.477000000000002,0.181405919567075,41,87
subcategory_bioisostere.add-S_510,NC[C@@]1(CC(=O)O)CCC2CCCCC[C@H]2C1,0,authentic,authentic,,,C1CCC2CCCC[C@@H]2CC1,train,239.3589999999999,2.786600000000001,0.7956652523591689,17,34
subcategory_bioisostere.add-S_986,CSc1ccc(NC(=O)c2c(O)c3cccnc3n(-c3ccccc3)c2=O)cc1,1,bioisostere,add-S,Cc1ccc(NC(=O)c2c(O)c3cccnc3n(-c3ccccc3)c2=O)cc1,0 1 3 4 5 6 7 8 9 10 11 12 13 14 15 16 17 18 19 20 21 22 23 24 25 26 27,O=C(Nc1ccccc1)c1cc2cccnc2n(-c2ccccc2)c1=O,train,403.46300000000014,4.065500000000003,0.5020697157412956,29,48
subcategory_bioisostere.add-S_781,OC(O)(O)COC(O)(O)CN1CCN(C2=Nc3ccccc3Sc3ccccc32)CC1,0,authentic,authentic,,,c1ccc2c(c1)N=C(N1CCNCC1)c1ccccc1S2,train,447.51300000000015,0.13280000000000047,0.40634256187868006,31,50
subcategory_bioisostere.add-S_194,COc1ccc2c(c1)c(CC(=O)N[C@@H](Cc1ccc(O)cc1)C(=O)O)c(C)n2C(=O)c1ccc(Cl)cc1,0,authentic,authentic,,,O=C(Cc1cn(C(=O)c2ccccc2)c2ccccc12)NCCc1ccccc1,train,520.9690000000002,4.360420000000003,0.317559311079546,37,72
subcategory_bioisostere.add-S_1132,COc1ccc(-n2c(=O)c(CSC)c(O)c3cccnc32)cc1,1,bioisostere,add-S,COc1ccc(-n2c(=O)c3c(c4cccnc42)OCCC3)cc1,0 1 2 3 4 5 6 7 8 9 11 12 13 14 15 16 17 18 19 20 21 22,O=c1c2c(c3cccnc3n1-c1ccccc1)OCCC2,train,328.39300000000003,2.962900000000001,0.7975359972050577,23,39
subcategory_bioisostere.add-S_1255,O=C(c1ccccc1)c1cn2c3c(c(SCCO)nc2n1)CCC3,1,bioisostere,add-S,CCOc1nc2nc(C(=O)c3ccccc3)cn2c2c1CCC2,0 1 2 3 4 5 6 7 8 9 10 11 12 14 15 16 17 18 19 20 21 22 23,O=C(c1ccccc1)c1cn2c3c(cnc2n1)CCC3,train,339.42000000000013,2.5334000000000003,0.439467864124386,24,39
subcategory_bioisostere.add-S_591,CN(C)CCC(=O)NCCC(=O)N[C@H](Cc1ccc(Cl)cc1)C(=O)N1CCC(Cn2cncn2)(C2CCCCC2)CC1,0,authentic,authentic,,,O=C(CCc1ccccc1)N1CCC(Cn2cncn2)(C2CCCCC2)CC1,test,600.2079999999997,3.3061000000000016,0.3653345764492305,42,74
subcategory_bioisostere.add-S_956,COc1ccc(C(c2ccccc2C)(C(C)CN(C)C)S(C)(=O)=O)cc1,1,bioisostere,add-S,COc1ccc(C(O)(c2ccccc2C)C(C)CN(C)C)cc1,0 1 2 3 4 5 7 8 9 10 11 12 13 14 15 16 17 18 19 20 21 22 23 24 25,c1ccc(Cc2ccccc2)cc1,train,375.5340000000001,3.4895200000000024,0.7431710230299116,26,46
subcategory_bioisostere.add-S_335,COc1cc2c(c(OC)c1OC)-c1ccc(SCC3CCC4CC3C4(C)C)c(=O)cc1C(NC(C)=O)CC2,0,authentic,authentic,,,O=c1cc2c(ccc1SCC1CCC3CC1C3)-c1ccccc1CCC2,train,537.7220000000003,6.027400000000006,0.43511499588836505,38,65
subcategory_bioisostere.add-S_833,CN1CCN(c2cccc(OCS)n2)CC1,1,bioisostere,add-S,CC(C)COc1cccc(N2CCN(C)CC2)n1,10 11 12,c1ccc(N2CCNCC2)nc1,train,239.34399999999994,1.0995,0.6314861787823033,16,24
subcategory_bioisostere.add-S_1577,COc1c(S(C)(=O)=O)cc2c(c1OC)C(=O)C(CC1CCN(Cc3ccccc3)CC1)C2,1,bioisostere,add-S,COc1cc2c(c(OC)c1OC)C(=O)C(CC1CCN(Cc3ccccc3)CC1)C2.Cl,0 1 2 4 5 6 7 8 9 10 11 12 13 14 15 16 17 18 19 20 21 22 23 24 25 26 27 28 29 30 31,O=C1c2ccccc2CC1CC1CCN(Cc2ccccc2)CC1,train,457.5920000000003,3.7646000000000033,0.6303530085931363,32,57
subcategory_bioisostere.add-S_1322,O=C(NCCc1c2n(c3ccc(SCCO)cc13)Cc1ccccc1-2)C1CC1,1,bioisostere,add-S,CCOc1ccc2c(c1)c(CCNC(=O)C1CC1)c1n2Cc2ccccc2-1,0 1 2 3 4 5 6 7 8 9 10 12 13 14 15 16 17 18 19 20 21 22 23 24 25 26 27,O=C(NCCc1c2n(c3ccccc13)Cc1ccccc1-2)C1CC1,train,392.5240000000002,3.823100000000003,0.4702287370722509,28,46
subcategory_bioisostere.add-S_1074,CSC(C)(CCn1cnc2c(O)ncnc21)CCP(=O)(O)O,1,bioisostere,add-S,CC(C)(CCn1cnc2c(O)ncnc21)CCP(=O)(O)O,0 1 2,c1ncc2nc[nH]c2n1,train,346.34900000000005,1.6114999999999995,0.6465811362643561,22,37
subcategory_bioisostere.add-S_985,C=CCCN1CC[C@H](c2ccc(F)cc2)[C@@H](COc2ccc(OS(=O)(=O)O)c(O)c2)C1,1,bioisostere,add-S,C=CCCN1CC[C@H](c2ccc(F)cc2)[C@@H](COc2ccc3c(c2)OCO3)C1.Cl,21 22 23 24 25 26,c1ccc([C@H]2CCNC[C@@H]2COc2ccc3c(c2)OCO3)cc1,train,451.5160000000002,3.773500000000002,0.4424809575033807,31,63
subcategory_bioisostere.add-S_1071,CC1=C(C(=O)Nc2ccccn2)C(c2ccccc2Cl)C(C(=O)OS(=O)(=O)O)=C(c2ccc(-n3c(C)nc4ccncc43)cc2)N1,1,bioisostere,add-S,CCOC(=O)C1=C(c2ccc(-n3c(C)nc4ccncc43)cc2)NC(C)=C(C(=O)Nc2ccccn2)C1c1ccccc1Cl,21 23 24 25 26 27,O=C(Nc1ccccn1)C1=CNC(c2ccc(-n3cnc4ccncc43)cc2)=CC1c1ccccc1,train,657.1080000000001,5.134120000000004,0.19987787173628285,46,86
subcategory_bioisostere.add-S_428,CN(C)CCCC1(c2ccc(C(F)(F)F)cc2)OC(C)(C)c2ccccc21,0,authentic,authentic,,,c1ccc(C2OCc3ccccc32)cc1,train,377.4500000000001,5.556100000000006,0.676726040490599,27,47
subcategory_bioisostere.add-S_630,NS(=O)(=O)c1cc2c(cc1Cl)NCN(CCO)S2(=O)=O,0,authentic,authentic,,,O=S1(=O)NCNc2ccccc21,train,341.79800000000006,-0.6465999999999998,0.669700755819353,20,39
subcategory_bioisostere.add-S_884,CCC1CC(F)(CC2Cc3cc(OC)c(OS(=O)(=O)O)cc3C2=O)CCN1Cc1cccc(C)c1,1,bioisostere,add-S,CCC1CC(F)(CC2Cc3cc(OC)c(OC)cc3C2=O)CCN1Cc1cccc(C)c1,14 15 16 17 18 19,O=C1c2ccccc2CC1CC1CCN(Cc2ccccc2)CC1,train,505.60800000000035,4.713220000000004,0.5193795883485444,35,60
subcategory_bioisostere.add-S_1391,COc1ccc(-n2nc(C(N)=O)c(SC)c2C(=O)Nc2ccc(N3CCOCC3=O)cc2)c(F)c1,1,bioisostere,add-S,COc1ccc(-n2nc(C(N)=O)c3c2C(=O)N(c2ccc(N4CCOCC4=O)cc2)CC3)c(F)c1,0 1 2 3 4 5 6 7 8 9 10 11 13 14 15 16 17 18 19 20 21 22 23 24 25 26 27 28 29 30 31 32 33 34,O=C1COCCN1c1ccc(N2CCc3cnn(-c4ccccc4)c3C2=O)cc1,train,499.5240000000003,2.4563000000000006,0.4779660466458565,35,61
subcategory_bioisostere.add-S_968,C[C@H]1Cc2cc(S(C)(=O)=O)cc(O)c2C(=O)O1,1,bioisostere,add-S,COc1cc(O)c2c(c1)C[C@H](C)OC2=O,0 1 2 3 4 6 7 8 9 10 11 12 13 14 15 16,O=C1OCCc2ccccc21,train,256.279,0.8971,0.7548491547276441,17,38
subcategory_bioisostere.add-S_297,Cn1cc([N+](=O)[O-])cc1C(=O)NCCC#N,0,authentic,authentic,,,c1cc[nH]c1,test,222.20399999999998,0.5767799999999998,0.4569041106821829,16,33
subcategory_bioisostere.add-S_51,Cc1c(C)c(S(=O)(=O)N[C@@H](Cc2cccc(C(=N)N)c2)C(=O)N2CCN(S(C)(=O)=O)CC2)c(C)c2c1OC(C)(C)CC2,0,authentic,authentic,,,O=C([C@H](Cc1ccccc1)NS(=O)(=O)c1ccc2c(c1)CCCO2)N1CCNCC1,test,619.8100000000001,1.9929300000000012,0.3005803060701826,42,89
subcategory_bioisostere.add-S_99,CCOC(=O)c1sc(-c2cc(F)ccc2OC(F)F)nc1C,0,authentic,authentic,,,c1ccc(-c2nccs2)cc1,train,331.31500000000005,4.035720000000002,0.776110228983302,22,36
subcategory_bioisostere.add-S_144,CCCn1c(=O)[nH]c(=O)c2[nH]c(C3CCCCC3)nc21,0,authentic,authentic,,,O=c1[nH]c(=O)c2[nH]c(C3CCCCC3)nc2[nH]1,val,276.3399999999999,1.8705999999999994,0.8972627159714719,20,40
subcategory_bioisostere.add-S_253,COc1cc2c(cc1OC)C(=O)C(Oc1cccc(CN(C)C)c1)C2,0,authentic,authentic,,,O=C1c2ccccc2CC1Oc1ccccc1,train,341.40700000000015,2.9518000000000013,0.8083971533561936,25,42
subcategory_bioisostere.add-S_460,CN1CC[C@]23c4c5ccc(O)c4O[C@H]2[C@H](NC(=O)/C=C/c2ccccc2)C=C[C@H]3[C@H]1C5,0,authentic,authentic,,,O=C(/C=C/c1ccccc1)N[C@@H]1C=C[C@H]2[C@H]3Cc4cccc5c4[C@@]2(CCN3)[C@H]1O5,train,414.5050000000001,3.035400000000002,0.5987747938509806,31,73
subcategory_bioisostere.add-S_1526,CCCC(SC)N(CC(=O)NCc1ccccn1)S(=O)(=O)c1ccc(C)cc1,1,bioisostere,add-S,Cc1ccc(S(=O)(=O)N(CC(=O)NCc2ccccn2)C2CCCCC2)cc1,3 4 5,O=C(CN(C1CCCCC1)S(=O)(=O)c1ccccc1)NCc1ccccn1,test,421.58800000000014,3.186320000000002,0.5961895391032533,28,47
subcategory_bioisostere.add-S_125,CCCCc1oc2ccccc2c1C(=O)c1ccc(OCCCN(C(=O)CO)C(C)C)cc1,0,authentic,authentic,,,O=C(c1ccccc1)c1coc2ccccc12,train,451.5630000000003,5.004600000000005,0.3094561473882763,33,51
subcategory_bioisostere.add-S_477,COc1ccc2c(c1)c(CC(=O)NCc1ccccc1C)c(C)n2C(=O)c1ccc(Cl)cc1,0,authentic,authentic,,,O=C(Cc1cn(C(=O)c2ccccc2)c2ccccc12)NCc1ccccc1,train,460.96100000000024,5.467540000000005,0.41488176896226303,33,56
subcategory_bioisostere.add-S_247,CNC(=S)N[C@H]1CCc2cc(OC)c(OC)c(OC)c2-c2ccc(NC)c(=O)cc21,0,authentic,authentic,,,O=c1cccc2c(c1)CCCc1ccccc1-2,train,429.54200000000014,2.8625000000000007,0.626398068193063,30,55
subcategory_bioisostere.add-S_1040,COc1ccc(-n2nc(SC)c3c2C(=O)N(c2ccc(C(=O)N(C)C)cc2)CC3)c(C(=O)N2CCCCC2C)c1,1,bioisostere,add-S,COc1ccc(-n2nc(C(F)(F)F)c3c2C(=O)N(c2ccc(C(=O)N(C)C)cc2)CC3)c(C(=O)N2CCCCC2C)c1,0 1 2 3 4 5 6 7 9 10 11 12 13 14 15 16 17 18 19 20 21 22 23 24 25 26 27 28 29 30 31 32 33 34 35 36 37 38 39,O=C(c1ccccc1-n1ncc2c1C(=O)N(c1ccccc1)CC2)N1CCCCC1,test,561.7080000000003,4.5221000000000044,0.4114507823054975,40,72
subcategory_bioisostere.add-S_108,COc1ccc(Cn2c(N)nc3cc(Cl)c(Cl)cc32)cc1,0,authentic,authentic,,,c1ccc(Cn2cnc3ccccc32)cc1,train,322.195,3.9822000000000024,0.7933285153535052,21,37
subcategory_bioisostere.add-S_575,CCCc1c2nc(-c3cc(S(=O)(=O)N4CCN(C)CC4)ccc3OCC)[nH]c(=O)c2nn1C,0,authentic,authentic,,,O=c1[nH]c(-c2cccc(S(=O)(=O)N3CCNCC3)c2)nc2c[nH]nc12,train,474.5870000000003,1.6109,0.5534046105187581,33,60
subcategory_bioisostere.add-S_527,O=C1O/C(=C/Br)CCC1c1cccc2ccccc12,0,authentic,authentic,,,C=C1CCC(c2cccc3ccccc23)C(=O)O1,val,317.182,4.496700000000003,0.7241334783871272,19,32
subcategory_bioisostere.add-S_379,COc1cc2nc(S(=O)Cc3ncc(OC)c(OC)c3C)[nH]c2cc1OC(F)F,0,authentic,authentic,,,O=S(Cc1ccccn1)c1nc2ccccc2[nH]1,train,427.4290000000001,3.2013200000000017,0.5897860663034381,29,49
subcategory_bioisostere.add-S_1594,Cc1nc(-c2cc(C(C)(C)C)c(SCCO)c(C(C)(C)C)c2)sc1C(=O)O,1,bioisostere,add-S,Cc1nc(-c2cc(C(C)(C)C)c(O)c(C(C)(C)C)c2)sc1C(=O)O,0 1 2 3 4 5 6 7 8 9 10 12 13 14 15 16 17 18 19 20 21 22 23 24 25 26,c1ccc(-c2nccs2)cc1,train,407.6010000000001,5.496120000000006,0.6408366859554375,27,51
subcategory_bioisostere.add-S_133,CCCOc1ccc(S(=O)(=O)N(CC)CCN2CCOCC2)cc1-c1cc2c(CC)nn(C)c2c(=O)[nH]1,0,authentic,authentic,,,O=c1[nH]c(-c2cccc(S(=O)(=O)NCCN3CCOCC3)c2)cc2cn[nH]c12,train,531.6790000000003,2.6226000000000003,0.40506340232235183,37,66
subcategory_bioisostere.add-S_1217,CSC(C)CN(C1CCC1)[C@@H](CNC(=O)c1ccc(Cl)s1)C(=O)Nc1ccc(N2CCOCC2=O)cc1F,1,bioisostere,add-S,CC(C)CN(C1CCC1)[C@@H](CNC(=O)c1ccc(Cl)s1)C(=O)Nc1ccc(N2CCOCC2=O)cc1F,1 2,O=C(NC[C@H](NC1CCC1)C(=O)Nc1ccc(N2CCOCC2=O)cc1)c1cccs1,val,583.1510000000003,4.246900000000003,0.41170252350142916,38,69
subcategory_bioisostere.add-S_998,COc1ccc2c(c1)c(CSC)c(C)n2C(=O)c1ccc(Cl)cc1,1,bioisostere,add-S,COc1ccc2c(c1)c(CC(=O)Nc1cccc(S(N)(=O)=O)c1)c(C)n2C(=O)c1ccc(Cl)cc1,1 2,O=C(Cc1cn(C(=O)c2ccccc2)c2ccccc12)Nc1ccccc1,train,359.87800000000004,5.163220000000004,0.6440633196508619,24,42
subcategory_bioisostere.add-S_1183,[2H]C1C([2H])(OS(=O)(=O)O)C2([2H])CC(OC(=O)C(O)(c3cccs3)c3cccs3)CC1([2H])[N+]2(C)C([2H])([2H])[2H],1,bioisostere,add-S,[2H]C12OC1([2H])C1([2H])CC(OC(=O)C(O)(c3cccs3)c3cccs3)CC2([2H])[N+]1(C)C([2H])([2H])[2H].[Br-],2 4 5 6 7 8,O=C(OC1CC2[NH2+]C(C1)C1OC21)C(c1cccs1)c1cccs1,train,481.64471244600014,2.1563999999999997,0.36953730179173366,30,98
subcategory_bioisostere.add-S_1185,CSc1nc(-c2cn(C)c3ccccc23)no1,1,bioisostere,add-S,CN(C)CCCc1nc(-c2cn(C)c3ccccc23)no1,1 2,c1ccc2c(-c3ncon3)c[nH]c2c1,train,245.30700000000002,2.9502000000000015,0.6510069992673949,17,28
subcategory_bioisostere.add-S_1099,COc1c(-c2ccccc2)oc2cc(SCCO)ccc2c1=O,1,bioisostere,add-S,COc1c(-c2ccccc2)oc2cc(OCC(O)CNC(C)C)ccc2c1=O,0 1 2 3 4 5 6 7 8 9 10 11 12 14 15 16 17 18 19 20 21 22,O=c1cc(-c2ccccc2)oc2ccccc12,train,328.389,3.5530000000000026,0.72585505279365,23,35
subcategory_bioisostere.add-S_1140,C=C(COc1ccc(-c2nc(C)c(C(=O)OCC)s2)cc1C#N)SC,1,bioisostere,add-S,C=C(C)COc1ccc(-c2nc(C)c(C(=O)OCC)s2)cc1C#N,1 2,c1ccc(-c2nccs2)cc1,train,374.487,4.422400000000004,0.6680253875938683,25,43
subcategory_bioisostere.add-S_326,C[C@H](N[C@@H](CCc1ccccc1)C(=O)OC(CO)CO)C(=O)N1[C@@H]2C=CC[C@H]2C[C@H]1C(=O)O,0,authentic,authentic,,,O=C(CNCCCc1ccccc1)N1CC[C@@H]2CC=C[C@H]21,test,460.52700000000027,0.49250000000000077,0.27674928896556694,33,77
subcategory_bioisostere.add-S_735,CC(C)C[C@@H]1OC(=O)C(C)(C)CNC(=O)[C@@H](Cc2ccc(O)c(Cl)c2)NC(=O)/C=C/C[C@@H]([C@H](C)[C@H]2O[C@@H]2c2ccccc2)OC1=O,0,authentic,authentic,,,O=C1/C=C/C[C@@H](C[C@H]2O[C@@H]2c2ccccc2)OC(=O)COC(=O)CCNC(=O)[C@@H](Cc2ccccc2)N1,test,655.1880000000002,4.821100000000004,0.28486343595150887,46,112
subcategory_bioisostere.add-S_882,CSNS(=O)(=O)c1ccc(Cl)c(COc2cccc3ccc(C)nc23)c1Cl,1,bioisostere,add-S,Cc1ccc2cccc(OCc3c(Cl)ccc(S(=O)(=O)NC(C)(C)C(=O)N4CCN(C(=O)[C@@H](N)CCCN(C)C)CC4)c3Cl)c2n1,0 1 2,O=C(CNS(=O)(=O)c1cccc(COc2cccc3cccnc23)c1)N1CCNCC1,test,443.3770000000002,4.985320000000003,0.5442671343618721,27,47
subcategory_bioisostere.add-S_320,CCN(CCN1CCC(c2noc3cc(F)ccc23)CC1)C(=O)CCO,0,authentic,authentic,,,c1ccc2c(C3CCNCC3)noc2c1,train,363.4330000000002,2.3772000000000006,0.8178868983234083,26,41
subcategory_bioisostere.add-S_1267,CO[C@@]1(SC)[C@@H]2Oc3c(O)ccc4c3[C@@]23CCN(CC2CC2)[C@H](C4)[C@@]3(C)C[C@@H]1[C@](C)(O)CC(C)(C)C,1,bioisostere,add-S,CO[C@]12CC[C@@]3(C[C@@H]1[C@](C)(O)CC(C)(C)C)[C@H]1Cc4ccc(O)c5c4[C@@]3(CCN1CC1CC1)[C@H]2O5,2 3 4,c1cc2c3c(c1)O[C@H]1C4CCC5(CC4)[C@@H](C2)N(CC2CC2)CC[C@]315,train,515.7600000000004,5.350500000000006,0.4982066933280504,36,95
subcategory_bioisostere.add-S_696,COCC(O[C@H](C)n1cnc2c(=O)[nH]c(N)nc21)C(CF)OC,0,authentic,authentic,,,O=c1[nH]cnc2[nH]cnc12,train,329.3320000000001,0.2364000000000004,0.7118916541498428,23,45
subcategory_bioisostere.add-S_417,COc1ccc2[nH]c3c(N/N=C\c4ccccc4)nncc3c2c1,0,authentic,authentic,,,C(=N/Nc1nncc2c1[nH]c1ccccc12)/c1ccccc1,train,317.3520000000001,3.5657000000000014,0.44557579560303173,24,40
subcategory_bioisostere.add-S_1227,Cc1ccc(C)c(Cn2c(-c3cc(C(F)(F)F)cc(C(F)(F)F)c3)nc(C)c2C(=O)OS(=O)(=O)O)c1,1,bioisostere,add-S,Cc1ccc(C)c(Cn2c(-c3cc(C(F)(F)F)cc(C(F)(F)F)c3)nc(C)c2C(=O)O)c1,28 30 31 32 33 34,c1ccc(Cn2ccnc2-c2ccccc2)cc1,train,536.4500000000003,5.520860000000004,0.3407016291828359,36,72
subcategory_bioisostere.add-S_991,CS(=O)(=O)c1cccc(-c2nc(CCN)c[nH]2)c1,1,bioisostere,add-S,NCCc1c[nH]c(-c2cccc(OC(F)(F)F)c2)n1,0 1 2 3 5 6 7 8 9 10 11 12 13 14 15 16,c1ccc(-c2ncc[nH]2)cc1,train,265.33799999999997,0.9814000000000003,0.8621218937110294,18,36
subcategory_bioisostere.add-S_851,CN(C)C[C@@H]1CN(C)C[C@H]1NC(=O)c1ccccc1S(C)(=O)=O,1,bioisostere,add-S,CCOc1ccccc1C(=O)N[C@@H]1CN(C)C[C@H]1CN(C)C,0 1 2 3 4 5 6 7 8 9 10 11 12 13 14 15 16 17 19 20 21,O=C(N[C@H]1CCNC1)c1ccccc1,train,339.4610000000001,0.3117000000000014,0.8361839161866348,23,49
subcategory_bioisostere.add-S_1197,CC1=C(/C=C/C(C)=C\C=C\C(C)=C\C(=O)S(=O)(=O)O)C(C)(C)CCC1,1,bioisostere,add-S,CC1=C(/C=C/C(C)=C\C=C\C(C)=C\C(=O)O)C(C)(C)CCC1,13 15 16 17 18,C1=CCCCC1,train,364.5070000000002,4.932400000000005,0.426298588695988,25,56
subcategory_bioisostere.add-S_323,Cc1c(F)c(N2CCNCC2)c(F)c2c1c(=O)c(C(=O)O)cn2C1CC1,0,authentic,authentic,,,O=c1ccn(C2CC2)c2cc(N3CCNCC3)ccc12,train,363.3640000000001,2.03082,0.8729421828675201,26,48
subcategory_bioisostere.add-S_122,CC1(C)CCC(C)(C)c2cc3c(cc21)CC/C3=C\c1ccc(C(=O)O)cc1,0,authentic,authentic,,,C(=C1/CCc2cc3c(cc21)CCCC3)/c1ccccc1,test,360.49700000000007,6.220600000000006,0.6899982214361059,27,51
subcategory_bioisostere.add-S_149,CCCCCC(O)c1cccc(OCc2ccccc2C(=O)O)c1,0,authentic,authentic,,,c1ccc(COc2ccccc2)cc1,train,328.4080000000001,4.577500000000003,0.6613544826334029,24,35
subcategory_bioisostere.add-S_928,CSCc1cc(C)ccc1Oc1ccc(Cl)cc1C,1,bioisostere,add-S,Cc1ccc(Oc2ccc(Cl)cc2C)c(CC(=O)O)c1,1 2,c1ccc(Oc2ccccc2)cc1,train,292.831,5.612140000000004,0.7238991836950828,19,28
subcategory_bioisostere.add-S_609,CCCc1nc(C(C)O)c(C(=O)O)n1Cc1ccc(-c2ccccc2-c2nn[nH]n2)cc1,0,authentic,authentic,,,c1ccc(-c2nn[nH]n2)c(-c2ccc(Cn3ccnc3)cc2)c1,train,432.4840000000001,3.4825000000000017,0.38849883127169843,32,56
subcategory_bioisostere.add-S_1163,CCOc1ccc(S(=O)(=O)N2CCN(C)CC2)cc1-c1nc2c(CCSC)nn(C)c2c(=O)[nH]1,1,bioisostere,add-S,CCCc1nn(C)c2c(=O)[nH]c(-c3cc(S(=O)(=O)N4CCN(C)CC4)ccc3OCC)nc12.O=C(O)/C=C/C(=O)O,1 2,O=c1[nH]c(-c2cccc(S(=O)(=O)N3CCNCC3)c2)nc2cn[nH]c12,train,506.6540000000003,1.5639000000000003,0.4898163612759295,34,63
subcategory_bioisostere.add-S_501,C=C(C(=O)c1ccc(Cl)cc1)N1CC(=O)N=CC1=O,0,authentic,authentic,,,C=C(C(=O)c1ccccc1)N1CC(=O)N=CC1=O,train,276.67900000000003,1.4759999999999995,0.6202013182510425,19,37
subcategory_bioisostere.add-S_989,CCCC(=O)N[C@H]1CCc2cc(S(C)(=O)=O)c(OC)c(OC)c2-c2ccc(SC)c(=O)cc21,1,bioisostere,add-S,CCCC(=O)N[C@H]1CCc2cc(O)c(OC)c(OC)c2-c2ccc(SC)c(=O)cc21,0 1 2 3 4 5 6 7 8 9 10 12 13 14 15 16 17 18 19 20 21 22 23 24 25 26 27 28 29 30 31 32,O=c1cccc2c(c1)CCCc1ccccc1-2,train,491.63100000000026,3.7600000000000033,0.5889518762094439,33,64
subcategory_bioisostere.add-S_618,N#Cc1ccc(-c2ccc(C[S@@](=O)CC(N)=O)cc2)cc1,0,authentic,authentic,,,c1ccc(-c2ccccc2)cc1,train,298.36699999999996,1.9592799999999997,0.9154034770327868,21,41
subcategory_bioisostere.add-S_593,COc1cc2c(c(OC)c1OC)-c1ccc(OC)c(=O)cc1[C@@H](NC(C)=S)CC2,0,authentic,authentic,,,O=c1cccc2c(c1)CCCc1ccccc1-2,train,415.5110000000002,3.6724000000000023,0.7475913986569455,29,55
subcategory_bioisostere.add-S_1019,N#Cc1ccc2c(c1)COCC2(CS)c1ccc(F)cc1,1,bioisostere,add-S,CN(C)CCCC1(c2ccc(F)cc2)COCc2cc(C#N)ccc21,11 12 13,c1ccc(C2COCc3ccccc32)cc1,train,299.37,3.443480000000002,0.8617095234501511,21,34
subcategory_bioisostere.add-S_62,[2H]c1sc(C(O)(C(=O)OC2([2H])C([2H])([2H])C3([2H])C4([2H])OC4([2H])C([2H])(C2([2H])[2H])[N+]3(C)C)c2sc([2H])c([2H])c2[2H])c([2H])c1[2H],0,authentic,authentic,,,O=C(OC1CC2[NH2+]C(C1)C1OC21)C(c1cccs1)c1cccs1,train,407.6135266700001,2.3457,0.48016131522531447,26,134
subcategory_bioisostere.add-S_1263,CSOc1ccc(-n2nc(Sc3ccc(Cl)cc3)cc(CC[C@H](C)NC(=O)[C@H]3CNCCN3c3ccc(F)cc3)c2=O)cc1,1,bioisostere,add-S,COc1ccc(-n2nc(Sc3ccc(Cl)cc3)cc(CC[C@H](C)NC(=O)[C@H]3CNCCN3c3ccc(F)cc3)c2=O)cc1,0 1 2,O=C(NCCCc1cc(Sc2ccccc2)nn(-c2ccccc2)c1=O)[C@H]1CNCCN1c1ccccc1,train,654.2330000000003,5.748700000000005,0.19806704532429587,44,80
subcategory_bioisostere.add-S_431,CC1CCC2(CC1)Nc1cc(Cl)c(S(N)(=O)=O)cc1S(=O)(=O)N2,0,authentic,authentic,,,O=S1(=O)NC2(CCCCC2)Nc2ccccc21,train,379.89100000000013,1.5976,0.6843328399595342,23,48
subcategory_bioisostere.add-S_542,COc1ccccc1C(=O)NCCc1ccc(S(=O)(=O)NC(=O)NC2CCC(C)(C)C2)cc1,0,authentic,authentic,,,O=C(NC1CCCC1)NS(=O)(=O)c1ccc(CCNC(=O)c2ccccc2)cc1,train,473.59500000000025,3.234300000000002,0.5447358409172771,33,57
subcategory_bioisostere.add-S_93,CCc1cc(C(=O)c2c(CC(=O)O[C@@H](C)CC)oc3ccccc23)cc(C)c1OCCN(CC)CC,0,authentic,authentic,,,O=C(c1ccccc1)c1coc2ccccc12,train,493.64400000000035,6.1394200000000065,0.2104379646668763,36,63
subcategory_bioisostere.add-S_1425,CSCN1CCC(c2noc3cc(F)ccc23)CC1,1,bioisostere,add-S,C=CCN1CCC(c2noc3cc(F)ccc23)CC1,1 2,c1ccc2c(C3CCNCC3)noc2c1,train,280.36800000000005,3.466800000000002,0.8607090143703875,19,29
subcategory_bioisostere.add-S_58,Cc1c(O)nc(S)nc1COc1ccccc1,0,authentic,authentic,,,c1ccc(OCc2ccncn2)cc1,val,248.307,2.35832,0.6464526315498288,17,25
subcategory_bioisostere.add-S_1477,CSC(C)(C)CN(C1CC1)[C@@H](CNC(=O)c1ccc(Cl)s1)C(=O)Nc1ccc(N2CCOCC2=O)c(F)c1,1,bioisostere,add-S,CC(C)(C)CN(C1CC1)[C@@H](CNC(=O)c1ccc(Cl)s1)C(=O)Nc1ccc(N2CCOCC2=O)c(F)c1,1 2,O=C(NC[C@H](NC1CC1)C(=O)Nc1ccc(N2CCOCC2=O)cc1)c1cccs1,train,583.1510000000003,4.246900000000003,0.41170252350142916,38,73
subcategory_bioisostere.add-S_691,CC1(C)CCN(CC2(C3CCCCC3)CCN(C(=O)[C@@H](Cc3ccc(Cl)cc3)NC(=O)[C@H]3Cc4ccccc4CN3)CC2)S1(=O)=O,0,authentic,authentic,,,O=C(N[C@H](Cc1ccccc1)C(=O)N1CCC(CN2CCCS2(=O)=O)(C2CCCCC2)CC1)[C@H]1Cc2ccccc2CN1,val,669.332,5.085000000000004,0.4088206960361685,46,90
subcategory_bioisostere.add-S_350,CCCCOc1ccc(C(=O)n2c(C)c(CCC(=O)O)c3cc(OC)ccc32)cc1,0,authentic,authentic,,,O=C(c1ccccc1)n1ccc2ccccc21,train,409.4820000000001,4.842920000000004,0.5116611055680294,30,50
subcategory_bioisostere.add-S_1374,O=C(CCC(NC(=O)c1cc(Cl)cc(Cl)c1)C(=O)N1CCC2(CCCC2)CC1)N[C@@H](CCC(=O)OS(=O)(=O)O)C(=O)N1CCc2ccccc2C1,1,bioisostere,add-S,O=C(O)CC[C@H](NC(=O)CCC(NC(=O)c1cc(Cl)cc(Cl)c1)C(=O)N1CCC2(CCCC2)CC1)C(=O)N1CCc2ccccc2C1,32 34 35 36 37 38,O=C(CCC(NC(=O)c1ccccc1)C(=O)N1CCC2(CCCC2)CC1)NCC(=O)N1CCc2ccccc2C1,train,765.7130000000003,4.250700000000003,0.2665903141634352,51,99
subcategory_bioisostere.add-S_345,C[C@@H]1C(=O)O[C@H]2[C@H](O)[C@]34C5OC(=O)C3(OC3OC(=O)[C@H](OCc6ccc(C(=O)c7ccccc7)cc6)C34[C@H](C(C)(C)C)[C@H]5O)[C@@]12O,0,authentic,authentic,,,O=C1CC2[C@H](C[C@@]34C5CCC36C(OC(=O)[C@@H]6OCc3ccc(C(=O)c6ccccc6)cc3)OC24C(=O)O5)O1,train,634.6340000000002,1.0568000000000002,0.24272570513255148,46,120
subcategory_bioisostere.add-S_1573,CCCc1oc2ccccc2c1C(=O)c1ccc(OS(C)(=O)=O)cc1,1,bioisostere,add-S,CCCc1oc2ccccc2c1C(=O)c1ccc(OCCCNC(C)(C)C)cc1.Cl,17 18 19 20 21 22,O=C(c1ccccc1)c1coc2ccccc12,train,358.415,3.9547000000000034,0.4925550668394103,25,42
subcategory_bioisostere.add-S_1404,CSc1c(C(=O)Nc2ccc3c(c2)CCN3C(C)=O)cc(C)n1C1CC1,1,bioisostere,add-S,CC(=O)N1CCc2cc(NC(=O)c3cc(C)n(C4CC4)c3C)ccc21,0 1 3 4 5 6 7 8 9 10 11 12 13 14 15 16 17 18 19 20 21 22 23 24 25,O=C(Nc1ccc2c(c1)CCN2)c1ccn(C2CC2)c1,val,369.4900000000001,4.014620000000003,0.8285497008366833,26,46
subcategory_bioisostere.add-S_1501,CCC(CNc1nc2c(cc1F)c(=O)c(C(=O)O)cn2C(C)(C)C)N(C)SC,1,bioisostere,add-S,CN1C2CCC1CN(c1nc3c(cc1F)c(=O)c(C(=O)O)cn3C(C)(C)C)C2.CS(=O)(=O)O,24 26 27,O=c1cc[nH]c2nc(N3CC4CCC(C3)N4)ccc12,train,410.5150000000001,3.3891000000000018,0.6766545355335098,28,50
subcategory_bioisostere.add-S_1141,CC(C)(CS(C)(=O)=O)C(O)(Cn1cncn1)c1ccc(F)cc1F,1,bioisostere,add-S,CC(C)(COCC(F)(F)F)C(O)(Cn1cncn1)c1ccc(F)cc1F,0 1 2 4 5 6 7 8 9 10 11 12 13 14 15 16 17 18 19 20 21 22 23,c1ccc(CCn2cncn2)cc1,train,359.3980000000001,1.5148999999999995,0.8451390091205452,24,44
subcategory_bioisostere.add-S_1166,CSC(C)CC1CCNc2cc3nc(O)cc(C(F)(F)F)c3cc21,1,bioisostere,add-S,CC(C)CC1CCNc2cc3nc(O)cc(C(F)(F)F)c3cc21,1 2,c1cnc2cc3c(cc2c1)CCCN3,train,356.41300000000007,5.0000000000000036,0.81229926050068,24,40
subcategory_bioisostere.add-S_402,CNCC[C@H](Oc1ccc(I)cc1C)c1ccccc1.Cl,0,authentic,authentic,,,c1ccc(COc2ccccc2)cc1,train,417.718,4.751020000000004,0.6848754402898124,21,35
subcategory_bioisostere.add-S_513,O=C([C@H](Cc1ccccc1)NS(=O)(=O)c1cnccc1N[C@H](COCCO)Cc1ccccc1)N1CCC(CCF)CC1,0,authentic,authentic,,,O=C([C@H](Cc1ccccc1)NS(=O)(=O)c1cnccc1NCCc1ccccc1)N1CCCCC1,test,612.768,3.6015000000000024,0.21153894297418777,43,74
subcategory_bioisostere.add-S_1517,CSc1ccc(OCC(O)C(C)NC(C)(C)C)cc1,1,bioisostere,add-S,CCc1ccc(OCC(O)C(C)NC(C)(C)C)cc1,0 1 2 3 4 5 7 8 9 10 11 12 13 14 15 16 17,c1ccccc1,train,283.437,2.924800000000001,0.7877518959815267,19,31
subcategory_bioisostere.add-S_1431,COc1c(SC)cnc(CS(=O)c2nc3cc(N4CCCCC4)c(NC(C)=O)cc3[nH]2)c1C,1,bioisostere,add-S,COc1c(C)cnc(CS(=O)c2nc3cc(N4CCCCC4)c(NC(C)=O)cc3[nH]2)c1C,1 2,O=S(Cc1ccccn1)c1nc2cc(N3CCCCC3)ccc2[nH]1,train,487.65100000000035,4.253320000000002,0.4805542634104083,33,58
subcategory_bioisostere.add-S_1062,CSC(C)(COCCCCCCNC[C@H](O)c1ccc(O)c(CO)c1)c1ccccc1,1,bioisostere,add-S,CC(C)(COCCCCCCNC[C@H](O)c1ccc(O)c(CO)c1)c1ccccc1,0 1 2,c1ccc(CCNCCCCCCOCCc2ccccc2)cc1,train,447.64100000000013,4.362900000000003,0.30376575096107583,31,49
subcategory_bioisostere.add-S_708,O=C(NC[C@H]1CN(c2ccc(N3CCCCC3=O)cc2)C(=O)O1)c1ccc(Br)s1,0,authentic,authentic,,,O=C(NC[C@H]1CN(c2ccc(N3CCCCC3=O)cc2)C(=O)O1)c1cccs1,train,478.36800000000005,3.782700000000003,0.7097855671844114,29,55
subcategory_bioisostere.add-S_461,C[C@]12CCC(=O)C=C1CC[C@@H]1[C@@H]2CC[C@@]2(C)[C@H]1CC[C@]2(O)C(=O)CO.O=C(O)/C=C\C(=O)O,0,authentic,authentic,,,O=C1C=C2CC[C@H]3[C@@H]4CCCC4CC[C@@H]3C2CC1,train,462.5390000000002,2.5225999999999997,0.4656991009317438,33,86
subcategory_bioisostere.add-S_660,CCCC(=O)NCCc1c2n(c3ccc(OC)cc13)Cc1ccccc1-2,0,authentic,authentic,,,c1ccc2c(c1)Cn1c-2cc2ccccc21,val,348.44600000000014,4.137400000000003,0.5690604708434973,26,42
subcategory_bioisostere.add-S_1345,CSCNc1ccnc2cc(Cl)ccc12,1,bioisostere,add-S,O=C(NCCCNc1ccnc2cc(Cl)ccc12)C(F)(F)C(F)(F)C(F)(F)C(F)(F)C(F)(F)C(F)(F)C(F)(F)F,0 1 2,c1ccc2ncccc2c1,train,238.74299999999997,3.6206000000000014,0.8271988364696264,15,22
subcategory_bioisostere.add-S_337,COc1cc2c(cc1OC)C(=O)C(CC1CCN(Cc3ccc([N+](=O)[O-])cc3)CC1)C2.Cl,0,authentic,authentic,,,O=C1c2ccccc2CC1CC1CCN(Cc2ccccc2)CC1,train,460.95800000000025,4.691100000000006,0.44001244809451473,32,62
subcategory_bioisostere.add-S_622,NS(=O)(=O)c1cc(C(=O)OC[C@@H]2CCCN2N=O)c(NCc2ccco2)cc1Cl,0,authentic,authentic,,,O=C(OC[C@@H]1CCCN1)c1ccccc1NCc1ccco1,train,442.8810000000001,2.4951000000000008,0.4681638552386487,29,55
subcategory_bioisostere.add-S_1525,CSc1c(OC(F)F)ccnc1CS(=O)c1nc2ccc(F)cc2[nH]1,1,bioisostere,add-S,Cc1c(OC(F)F)ccnc1CS(=O)c1nc2ccc(F)cc2[nH]1,0 1 3 4 5 6 7 8 9 10 11 12 13 14 15 16 17 18 19 20 21 22 23 24,O=S(Cc1ccccn1)c1nc2ccccc2[nH]1,train,387.4080000000001,3.7281000000000013,0.6530654034799942,25,43
subcategory_bioisostere.add-S_1061,CCCCc1oc2ccccc2c1C(SCCO)c1ccc2cc(O)ccc2c1,1,bioisostere,add-S,CCCCc1oc2ccccc2c1C(O)c1ccc2cc(O)ccc2c1,0 1 2 3 4 5 6 7 8 9 10 11 12 14 15 16 17 18 19 20 21 22 23 24 25 26 27 28,c1ccc2cc(Cc3coc4ccccc34)ccc2c1,val,406.5470000000001,6.449100000000007,0.35301211657303194,29,41
subcategory_bioisostere.add-S_1201,Cc1nc2n(c(=O)c1CCN1CCC(c3noc4cc(F)ccc34)CC1)CCC[C@H]2OS(=O)(=O)O,1,bioisostere,add-S,Cc1nc2n(c(=O)c1CCN1CCC(c3noc4cc(F)ccc34)CC1)CCC[C@H]2O,29 30 31 32 33 34,O=c1c(CCN2CCC(c3noc4ccccc34)CC2)cnc2n1CCCC2,train,506.5560000000003,2.9084200000000004,0.5019643616024543,35,64
subcategory_bioisostere.add-S_113,COc1ccc(Cl)cc1C(=O)NCCc1ccc(-c2ccccc2)c(S(=O)(=O)NC(=O)NC(C)C)c1,0,authentic,authentic,,,O=C(NCCc1ccc(-c2ccccc2)cc1)c1ccccc1,train,530.0460000000002,4.384400000000003,0.3803643856410631,36,64
subcategory_bioisostere.add-S_1348,CSC1(C)C(=O)Nc2cc3[nH]c(-c4cccnc4)nc3cc21,1,bioisostere,add-S,CC1(C)C(=O)Nc2cc3[nH]c(-c4cccnc4)nc3cc21,1 2,O=C1Cc2cc3nc(-c4cccnc4)[nH]c3cc2N1,train,310.38200000000006,3.1552000000000007,0.7625513187811088,22,41
subcategory_bioisostere.add-S_886,CS[C@@H](n1nccn1)[C@](O)(Cn1cncn1)c1ccccc1F,1,bioisostere,add-S,C[C@@H](n1nccn1)[C@](O)(Cn1cncn1)c1ccccc1F,1 2,c1ccc(C(Cn2cncn2)Cn2nccn2)cc1,train,334.38,1.4583000000000002,0.7348474589978607,23,43
subcategory_bioisostere.add-S_1416,[2H]C([2H])(OS(=O)(=O)O)C([2H])([2H])N1CCN(C(c2ccccc2)c2ccc(Cl)cc2)CC1,1,bioisostere,add-S,[2H]C([2H])(OCC(=O)O)C([2H])([2H])N1CCN(C(c2ccccc2)c2ccc(Cl)cc2)CC1,1 3 4 5 6 7,c1ccc(C(c2ccccc2)N2CCNCC2)cc1,train,414.9474071120002,2.8664000000000014,0.7023306323081974,27,70
subcategory_bioisostere.add-S_372,CCNC(C)C(O)COc1cccc2ccccc12.O=C(O)C(=O)O,0,authentic,authentic,,,c1ccc2ccccc2c1,train,349.38300000000015,1.7331,0.5869536736598332,25,40
subcategory_bioisostere.add-S_262,CCCCCCCC1(c2ccccc2)NC(=O)NC1=O,0,authentic,authentic,,,O=C1NC(=O)C(c2ccccc2)N1,train,274.3640000000001,3.0818000000000003,0.5927218709059142,20,30
subcategory_bioisostere.add-S_705,CC1OC1C1CC(OC(=O)C(O)(c2cccs2)c2cccs2)CC[N+]1(C)C,0,authentic,authentic,,,O=C(OC1CC[NH2+]C(C2CO2)C1)C(c1cccs1)c1cccs1,val,408.56500000000017,2.9834000000000014,0.4694496526658388,27,49
subcategory_bioisostere.add-S_1059,O=C(c1ccc(OS(=O)(=O)O)cc1)C1CCN(Cc2ccccc2)CC1,1,bioisostere,add-S,COc1ccc(C(=O)C2CCN(Cc3ccccc3)CC2)cc1,5 6 7 8 9 10,O=C(c1ccccc1)C1CCN(Cc2ccccc2)CC1,train,375.44600000000014,2.9631000000000016,0.6172643356666625,26,45
subcategory_bioisostere.add-S_954,CC(C)COc1ccc(-c2nc(CO)c(C(=O)S)s2)cc1C#N,1,bioisostere,add-S,CC(C)COc1ccc(-c2nc(CO)c(C(=O)O)s2)cc1C#N,14 15 16 17,c1ccc(-c2nccs2)cc1,train,348.449,3.2788800000000027,0.7828892059012625,23,40
subcategory_bioisostere.add-S_1147,CSc1nc(O)n2cccc(-c3ccc(-n4ccnc4C)cc3)c12,1,bioisostere,add-S,COC(=O)c1nc(O)n2cccc(-c3ccc(-n4ccnc4C)cc3)c12,1 2,c1cc(-c2ccc(-n3ccnc3)cc2)c2cncn2c1,train,336.42000000000013,3.922920000000002,0.5761531720432098,24,40
subcategory_bioisostere.add-S_1085,CCCc1ccccc1C1OCc2cc(CSC)ccc21,1,bioisostere,add-S,CCCc1ccccc1C1OCc2cc(C#N)ccc21,0 1 2 3 4 5 6 7 8 9 10 11 12 13 15 16 17 18 19,c1ccc(C2OCc3ccccc32)cc1,train,298.45099999999996,5.121700000000005,0.7572442526621239,21,29
subcategory_bioisostere.add-S_649,COP(=O)(O)N1CCC(c2ccc(F)cc2)C(COc2ccc3c(c2)OCO3)C1,0,authentic,authentic,,,c1ccc(C2CCNCC2COc2ccc3c(c2)OCO3)cc1,train,423.3770000000003,3.785700000000003,0.7087478669000626,29,50
subcategory_bioisostere.add-S_256,Clc1ccc2c(c1)N=C(N1CCN(CCCCc3ccccc3)CC1)c1ccccc1N2,0,authentic,authentic,,,c1ccc(CCCCN2CCN(C3=Nc4ccccc4Nc4ccccc43)CC2)cc1,test,445.0100000000001,6.115800000000006,0.48099357500657486,32,50
subcategory_bioisostere.add-S_1119,COc1ccc(-n2nc(SC)c3c2C(=O)N(c2ccc(-c4ccccc4CN)cc2)CC3)cc1,1,bioisostere,add-S,COc1ccc(-n2nc(C(F)(F)F)c3c2C(=O)N(c2ccc(-c4ccccc4CN)cc2)CC3)cc1,1 2,O=C1c2c(cnn2-c2ccccc2)CCN1c1ccc(-c2ccccc2)cc1,train,470.59800000000024,4.931400000000004,0.40459407957256943,34,57
subcategory_bioisostere.add-S_838,CSCc1cn2c(n1)c(-c1ccccc1)cc1ccccc12,1,bioisostere,add-S,O=C(O)c1cn2c(n1)c(-c1ccccc1)cc1ccccc12,0 1 2 4 5 6 7 8 9 10 11 12 13 14 15 16 17 18 19 20,c1ccc(-c2cc3ccccc3n3ccnc23)cc1,train,304.41800000000006,5.017500000000004,0.5286493274771401,22,35
subcategory_bioisostere.add-S_1367,NCC1(CC(=O)OS(=O)(=O)O)CCC1,1,bioisostere,add-S,CC.CCC.NCC1(CC(=O)O)CCC1,4 6 7 8 9 10,C1CCC1,train,223.24999999999994,-0.14849999999999985,0.6417924091629048,14,27
subcategory_bioisostere.add-S_1076,CSCc1nc(SC)nnc1-c1ccccc1Cl,1,bioisostere,add-S,CSc1nnc(-c2ccccc2Cl)c(C)n1,2 3,c1ccc(-c2cncnn2)cc1,train,297.836,3.776900000000002,0.8031546231323995,18,26
subcategory_bioisostere.add-S_1226,CCCCCC(B1OC(C)(C)C(C)(C)O1)P(=O)(O)OS(=O)(=O)O,1,bioisostere,add-S,CCCCCC(B1OC(C)(C)C(C)(C)O1)P(=O)(O)O,15 18 19 20 21 22,B1OCCO1,train,372.18500000000006,2.571500000000001,0.28877450675305627,23,46
subcategory_bioisostere.add-S_1139,CCOC(=O)c1nn(-c2ccc(OC)c(F)c2)c2c1CCN(c1ccc(N(CCSC)C(C)=O)cc1)C2=O,1,bioisostere,add-S,CCOC(=O)c1nn(-c2ccc(OC)c(F)c2)c2c1CCN(c1ccc(N3CCCCC3=O)cc1)C2=O,0 1 2 3 4 5 6 7 8 9 10 11 12 13 14 15 16 17 18 19 20 21 22 23 24 25 26 27 29 30 31 32 33 34 35 36 37,O=C1CCCCN1c1ccc(N2CCc3cnn(-c4ccccc4)c3C2=O)cc1,train,540.6170000000004,4.1155000000000035,0.3771428079608207,38,66
subcategory_bioisostere.add-S_1357,NC(=O)c1cn2c(ccc3ccc(OS(=O)(=O)O)cc32)n1,1,bioisostere,add-S,COc1ccc2ccc3nc(C(N)=O)cn3c2c1,12 13 14 15 16 17,c1ccc2c(c1)ccc1nccn12,train,307.287,0.768,0.6885663874298125,21,40
subcategory_bioisostere.add-S_1437,CSc1cc(C)cc(CO[C@H]2C3CCN(CC3)[C@H]2Cc2ccccc2)c1,1,bioisostere,add-S,Cc1cc(C)cc(CO[C@H]2C3CCN(CC3)[C@H]2Cc2ccccc2)c1,1 2,c1ccc(CO[C@H]2C3CCN(CC3)[C@H]2Cc2ccccc2)cc1,val,367.558,4.939020000000005,0.6711897197363519,26,48
subcategory_bioisostere.add-S_176,Brc1cccc(C=NNc2nncc3ccccc23)c1,0,authentic,authentic,,,C(=NNc1nncc2ccccc12)c1ccccc1,train,327.18500000000006,3.838300000000001,0.5873258208800843,20,30
subcategory_bioisostere.add-S_265,CCOC(=O)C1=C(O)C(=O)N([C@H](C)c2ccccc2)C1,0,authentic,authentic,,,O=C1C=CCN1Cc1ccccc1,train,275.30400000000003,1.965,0.8530091778894265,20,41
subcategory_bioisostere.add-S_957,COc1ccc2c(c1)c(CCOS(=O)(=O)O)c(C)n2C(=O)c1ccc(Cl)cc1,1,bioisostere,add-S,CCCCCCCOC(=O)Cc1c(C)n(C(=O)c2ccc(Cl)cc2)c2ccc(OC)cc12,9 10 11 12 13 14 15,O=C(c1ccccc1)n1ccc2ccccc21,train,423.87400000000014,3.6621200000000016,0.6077420269744402,28,52
subcategory_bioisostere.add-S_1535,CSc1cc(/C=C/c2cccnc2)cc(C)c1O,1,bioisostere,add-S,Cc1cc(/C=C/c2cccnc2)cc(C(C)(C)C)c1O,1 2,C(=C\c1cccnc1)/c1ccccc1,train,257.358,3.987920000000002,0.8439913778818486,18,29
subcategory_bioisostere.add-S_739,CN(CC(F)(F)F)[C@@H](CNC(=O)c1ccc(Cl)s1)C(=O)Nc1ccc(N2CCOCC2=O)cc1,0,authentic,authentic,,,O=C(CCNC(=O)c1cccs1)Nc1ccc(N2CCOCC2=O)cc1,train,518.9450000000004,2.9959000000000016,0.5605221295523779,34,65
subcategory_bioisostere.add-S_1249,CC(Cc1c[nH]c2cc(Cl)ccc12)NCC(OS(=O)(=O)O)c1cccc(Cl)c1,1,bioisostere,add-S,CC(Cc1c[nH]c2cc(Cl)ccc12)NCC(O)c1cccc(Cl)c1,15 16 17 18 19 20,c1ccc(CCNCCc2c[nH]c3ccccc23)cc1,test,443.3520000000001,4.556000000000003,0.44441144538948657,28,53
subcategory_bioisostere.add-S_1520,COc1cc2c(cc1S(C)(=O)=O)C(=O)C(C)(C)N(Cc1ccccc1)C2,1,bioisostere,add-S,COc1cc2c(cc1OC)C(=O)C(C)(C)N(Cc1ccccc1)C2,0 1 2 3 4 5 6 8 9 10 11 12 13 14 15 16 17 18 19 20 21 22 23 24 25,O=C1CN(Cc2ccccc2)Cc2ccccc21,test,373.4740000000001,3.075800000000002,0.8241010171726105,26,49
subcategory_bioisostere.add-S_484,CS(=O)(=O)O.N#Cc1ccc(C(c2ccc(C#N)cc2)n2cncn2)cc1,0,authentic,authentic,,,c1ccc(C(c2ccccc2)n2cncn2)cc1,test,381.41700000000003,2.1631600000000004,0.6872859155880797,27,48
subcategory_bioisostere.add-S_1300,COc1cc(N2CCCCC2=O)ccc1N(C)C(=O)c1c(CSC)c(C(N)=O)nn1-c1ccc(F)cc1,1,bioisostere,add-S,COc1cc(N2CCCCC2=O)ccc1N1CCc2c(C(N)=O)nn(-c3ccc(F)cc3)c2C1=O,0 1 2 3 4 5 6 7 8 9 10 11 12 13 14 15 16 17 18 19 21 22 23 24 25 26 27 28 29 30 31 32 33 34 35 36,O=C1CCCCN1c1ccc(N2CCc3cnn(-c4ccccc4)c3C2=O)cc1,train,525.6060000000003,3.775400000000002,0.4793578195004875,37,63
subcategory_bioisostere.add-S_411,CCN(CCC/C=C1/OC(=O)c2cc(OC)c(OC)cc21)Cc1ccccc1OC,0,authentic,authentic,,,O=C1O/C(=C/CCCNCc2ccccc2)c2ccccc21,train,411.49800000000016,4.526000000000004,0.42304318997527895,30,48
subcategory_bioisostere.add-S_248,OC[C@@H]1CCCCC12OOC1(CCCC[C@@H]1CO)OO2,0,authentic,authentic,,,C1CCC2(CC1)OOC1(CCCCC1)OO2,val,288.34,1.654,0.752431952615568,20,38
subcategory_bioisostere.add-S_1310,COc1cc2c(c(OC)c1OC)-c1cc(C)c(=O)c(S(C)(=O)=O)cc1C(NC(C)=O)CC2,1,bioisostere,add-S,COc1cc2c(c(OC)c1OC)-c1cc(C)c(=O)c(OCC(F)(F)F)cc1C(NC(C)=O)CC2,0 1 2 3 4 5 6 7 8 9 10 11 12 13 14 15 16 17 19 20 21 22 23 24 25 26 27 28 29 30 31,O=c1ccc2c(cc1)-c1ccccc1CCC2,train,461.53600000000023,2.5749200000000005,0.7290493866606865,32,61
subcategory_bioisostere.add-S_1400,CCn1cc(C(=O)OS(=O)(=O)O)c(=O)c2cc(F)c(N)cc21,1,bioisostere,add-S,CCn1cc(C(=O)O)c(=O)c2cc(F)c(N)cc21,5 7 8 9 10 11,O=c1cc[nH]c2ccccc12,train,330.29300000000006,0.7022999999999997,0.6258107192487139,22,44
subcategory_bioisostere.add-S_740,CN1C(=O)NC(C)(c2ccc(F)cc2)C1=O,0,authentic,authentic,,,O=C1NC(=O)C(c2ccccc2)N1,train,222.21899999999997,1.2225000000000001,0.7262163253951179,16,30
subcategory_bioisostere.add-S_356,OC(CN1CCN(Cc2cccc(I)c2)CC1)(Cn1cncn1)c1ccc(F)cc1F,0,authentic,authentic,,,c1ccc(CN2CCN(CC(Cn3cncn3)c3ccccc3)CC2)cc1,train,539.3680000000003,2.866500000000001,0.46864348763220737,31,49
subcategory_bioisostere.add-S_322,Cl.Clc1ccc2c(NCCc3ccccc3)ccnc2c1,0,authentic,authentic,,,c1ccc(CCNc2ccnc3ccccc23)cc1,test,319.235,4.9646000000000035,0.7346358736265974,21,32
subcategory_bioisostere.add-S_614,CSc1nc(-c2cccc(Cl)c2)c(-c2ccccc2)[nH]1,0,authentic,authentic,,,c1ccc(-c2nc[nH]c2-c2ccccc2)cc1,train,300.81399999999996,5.119000000000003,0.6801642414220191,20,38
subcategory_bioisostere.add-S_594,COc1ccc(Cl)cc1CC(=O)NS(=O)(=O)c1ccc(C(N)=O)cc1,0,authentic,authentic,,,O=C(Cc1ccccc1)NS(=O)(=O)c1ccccc1,test,382.82500000000016,1.4950999999999999,0.7848732964424525,25,46
subcategory_bioisostere.add-S_1110,CSc1ccn(-c2ccc(O)c(F)c2)c(=O)c1,1,bioisostere,add-S,Cc1ccn(-c2ccc(O)c(F)c2)c(=O)c1,1 2,O=c1ccccn1-c1ccccc1,test,251.28199999999998,2.4041000000000006,0.8333247068021281,17,31
subcategory_bioisostere.add-S_132,CCc1nc(C(C)(C)O)c(C(=O)O)n1Cc1ccc(-c2ccc(-c3nn[nH]n3)cc2)cc1,0,authentic,authentic,,,c1cn(Cc2ccc(-c3ccc(-c4nn[nH]n4)cc3)cc2)cn1,val,432.4840000000001,3.2665000000000015,0.4085298273287177,32,60
subcategory_bioisostere.add-S_711,CNS(=O)(=O)c1cc(C(=O)OC)c(N(C)Cc2ccco2)cc1Cl,0,authentic,authentic,,,c1ccc(NCc2ccco2)cc1,train,372.83000000000004,2.2641,0.7822697064575741,24,44
subcategory_bioisostere.add-S_654,Nc1nc(NCCNC[C@H](O)C(F)(F)F)nnc1-c1cccc(Cl)c1Cl,0,authentic,authentic,,,c1ccc(-c2cncnn2)cc1,train,411.21500000000015,2.3523000000000005,0.5182462635059961,26,47
subcategory_bioisostere.add-S_179,CC(C)c1cc(/C=C/c2cccnc2)cc(C(C)C)c1O,0,authentic,authentic,,,C(=C\c1cccnc1)/c1ccccc1,train,281.399,5.204400000000004,0.8346942375130785,21,36
subcategory_bioisostere.add-S_911,C=C(c1c(Cl)ccc(Cl)c1OCC(O)CNC(C)(C)CSC)n1ccnc1,1,bioisostere,add-S,C=C(c1c(Cl)ccc(Cl)c1OCC(O)CNC(C)(C)C)n1ccnc1,0 1 2 3 4 5 6 7 8 9 10 11 12 13 14 15 17 18 19 20 21 22 23 24 25 26,C=C(c1ccccc1)n1ccnc1,train,430.4010000000001,4.179800000000003,0.5924242768805192,27,46
subcategory_bioisostere.add-S_1459,CSc1ccc2c(=O)oc(Nc3c(Cl)cccc3Cl)nc2c1,1,bioisostere,add-S,O=c1oc(Nc2c(Cl)cccc2Cl)nc2cc(C(F)(F)F)ccc12,1 2,O=c1oc(Nc2ccccc2)nc2ccccc12,train,353.23,4.960300000000002,0.6746800157618349,22,37
subcategory_bioisostere.add-S_1492,CS(=O)(=O)Oc1ccc2c(c1)c1c(n2C(=O)c2ccccc2)CCC(C(=O)O)C1,1,bioisostere,add-S,COc1ccc2c(c1)c1c(n2C(=O)c2ccccc2)CCC(C(=O)O)C1,0 1 2 3 4 5,O=C(c1ccccc1)n1c2c(c3ccccc31)CCCC2,train,413.4510000000002,2.8577000000000012,0.6600328660466416,29,55
subcategory_bioisostere.add-S_1495,CC(N)(CO)CCc1ccc(OS(=O)(=O)O)cc1,1,bioisostere,add-S,CCCCCCCOc1ccc(CCC(C)(N)CO)cc1,10 11 12 13 14 15,c1ccccc1,train,275.32599999999996,0.5104999999999997,0.652473931996342,18,32
subcategory_bioisostere.add-S_277,CC(NS(=O)(=O)c1ccc(-c2cnc(N)c(C(=O)Nc3cccnc3)n2)cc1)N(C)C,0,authentic,authentic,,,O=C(Nc1cccnc1)c1cncc(-c2ccccc2)n1,train,441.5170000000001,1.5590000000000002,0.46878236917609173,31,57
subcategory_bioisostere.add-S_251,CCCc1ccc(Oc2ccc(C)cc2CC(=O)O)c(Cl)c1,0,authentic,authentic,,,c1ccc(Oc2ccccc2)cc1,train,318.79999999999995,5.020320000000004,0.8130278651330005,22,36
subcategory_bioisostere.add-S_409,NC(=O)c1ncn(C2OC(COP(=O)(O)O)C(O)C2O)n1,0,authentic,authentic,,,c1ncn(C2CCCO2)n1,train,324.186,-2.8944999999999994,0.3510832351247206,21,39
subcategory_bioisostere.add-S_1005,CSCS(=O)(=O)c1c(O)n(Cc2ccccc2)c(=O)c2ccccc12,1,bioisostere,add-S,CCCS(=O)(=O)c1c(O)n(Cc2ccccc2)c(=O)c2ccccc12,0 1 3 4 5 6 7 8 9 10 11 12 13 14 15 16 17 18 19 20 21 22 23,O=c1c2ccccc2ccn1Cc1ccccc1,train,375.4710000000001,2.8496000000000015,0.7420359260237457,25,44
subcategory_bioisostere.add-S_584,C=CCN1CC[C@H](c2ccc(F)cc2)[C@@H](COc2ccc3c(c2)OCO3)C1,0,authentic,authentic,,,c1ccc([C@H]2CCNC[C@@H]2COc2ccc3c(c2)OCO3)cc1,train,369.43600000000015,4.224900000000004,0.7134625737124044,27,53
subcategory_bioisostere.add-S_439,COC(=O)C1CCN(C(=O)CC2CN(S(=O)(=O)c3cc4ccc(Cl)cc4s3)CCN2C(=O)c2ccc(C3=NCCN3C)cc2)CC1,0,authentic,authentic,,,O=C(CC1CN(S(=O)(=O)c2cc3ccccc3s2)CCN1C(=O)c1ccc(C2=NCCN2)cc1)N1CCCCC1,train,686.2559999999999,3.5637000000000025,0.34910436249925064,46,83
subcategory_bioisostere.add-S_1175,CSc1ccc([C@H](N)C(=O)O)cc1O,1,bioisostere,add-S,N[C@H](C(=O)O)c1ccc(C(=O)O)c(O)c1,0 1 3 4 5 6 7 8 9 10 11 12,c1ccccc1,train,213.25799999999998,1.1985000000000001,0.6569277151785264,14,27
subcategory_bioisostere.add-S_533,O=C1NC(=O)C2(CCc3ccc(F)cc32)N1,0,authentic,authentic,,,O=C1NC(=O)C2(CCc3ccccc32)N1,train,220.203,0.8066,0.6354141468262259,16,30
subcategory_bioisostere.add-S_536,NC(=O)Cc1ccccc1Oc1ccc(Cl)cc1Cl,0,authentic,authentic,,,c1ccc(Oc2ccccc2)cc1,train,296.153,3.8135000000000012,0.9322444062946822,19,30
subcategory_bioisostere.add-S_241,CCCc1nc(C(=O)OCOC(=O)C(C)(C)C)c(C(C)O)n1Cc1ccc(-c2ccccc2-c2nn[nH]n2)cc1,0,authentic,authentic,,,c1ccc(-c2nn[nH]n2)c(-c2ccc(Cn3ccnc3)cc2)c1,train,546.6280000000002,4.487900000000003,0.21700250329836682,40,71
subcategory_bioisostere.add-S_1244,CCOc1ccc(OS(=O)(=O)O)cc1C(=O)NCC1CCCCN1,1,bioisostere,add-S,CCOc1ccc(OCC(F)(F)F)cc1C(=O)NCC1CCCCN1,6 7 8 9 10 11,O=C(NCC1CCCCN1)c1ccccc1,train,358.41600000000017,1.1387999999999996,0.6262726785231012,24,39
subcategory_bioisostere.add-S_1060,Cc1c(N)cc(N)c(S)c1/C=N/N=C(N)N,1,bioisostere,add-S,Cc1c(N)cc(N)c(C)c1/C=N/N=C(N)N,7 8,c1ccccc1,train,238.32,0.05542000000000019,0.16385699845346507,16,30
subcategory_bioisostere.add-S_1022,CSc1ccc(Cn2cncn2)cc1,1,bioisostere,add-S,CC(C)c1ccc(Cn2cncn2)cc1,0 1 3 4 5 6 7 8 9 10 11 12,c1ccc(Cn2cncn2)cc1,train,205.28600000000003,2.0483,0.7184323702758029,14,20
subcategory_bioisostere.add-S_381,CCOC(=O)c1ccc(NCc2ccc(Cl)cc2)cc1,0,authentic,authentic,,,c1ccc(CNc2ccccc2)cc1,train,289.762,4.128800000000003,0.841238437198153,20,32
subcategory_bioisostere.add-S_53,Fc1cc(F)cc(CNc2nc(C(F)(F)F)nc3ccccc23)c1,0,authentic,authentic,,,c1ccc(CNc2ncnc3ccccc23)cc1,train,339.26700000000005,4.538900000000003,0.7121593299663788,24,40
subcategory_bioisostere.add-S_232,CCc1nc(C(C)(C)O)c(C(=O)O)n1Cc1ccc(-c2ccccc2C(=O)O)cc1,0,authentic,authentic,,,c1ccc(-c2ccc(Cn3ccnc3)cc2)cc1,train,408.4540000000001,3.784600000000002,0.5483135113580189,30,53
subcategory_bioisostere.add-S_511,O=C(NC[C@@H]1CN(c2ccc(N3CCOCC3=O)cc2)C(=O)O1)c1ccc(Br)s1,0,authentic,authentic,,,O=C(NC[C@@H]1CN(c2ccc(N3CCOCC3=O)cc2)C(=O)O1)c1cccs1,train,480.3400000000001,2.6290000000000004,0.7113179617432458,29,56
subcategory_bioisostere.add-S_570,CCCOc1ccc(S(=O)(=O)N2CCN(CCCO)CC2)cc1-c1nc2c(CCCF)cn(CC)c2c(=O)[nH]1,0,authentic,authentic,,,O=c1[nH]c(-c2cccc(S(=O)(=O)N3CCNCC3)c2)nc2cc[nH]c12,train,563.6960000000004,2.7911,0.32812317681465647,39,68
subcategory_bioisostere.add-S_643,O=C([O-])COCCN1CCN(C(c2ccccc2)c2ccc(Cl)cc2)CC1,0,authentic,authentic,,,c1ccc(C(c2ccccc2)N2CCNCC2)cc1,train,387.88700000000017,1.8135000000000008,0.6465285493358316,27,46
subcategory_bioisostere.add-S_1212,CC(C)(CC(=O)SCCO)c1nc2ccccc2n1Cc1ccc(Cl)cc1,1,bioisostere,add-S,CC(C)(CC(=O)O)c1nc2ccccc2n1Cc1ccc(Cl)cc1,4 6 7 8 9,c1ccc(Cn2cnc3ccccc32)cc1,train,402.9470000000001,4.657800000000004,0.6241204673071095,27,43
subcategory_bioisostere.add-S_751,CN(C)c1cccc2c(S(=O)(=O)Nc3cnccn3)cccc12,0,authentic,authentic,,,O=S(=O)(Nc1cnccn1)c1cccc2ccccc12,train,328.397,2.496600000000001,0.7962284567423096,23,39
subcategory_bioisostere.add-S_1084,COc1cc2c(c(OC)c1OS(=O)(=O)O)-c1ccc(OC)c(=O)cc1C(NC(C)=O)CC2,1,bioisostere,add-S,COc1c2c(cc3c1-c1ccc(OC)c(=O)cc1C(NC(C)=O)CC3)OCO2,9 10 11 12 13 14,O=c1cccc2c(c1)CCCc1cc3c(cc1-2)OCO3,train,465.4800000000003,2.0446,0.6139381385594558,32,59
subcategory_bioisostere.add-S_1304,COc1cc2c(cc1Cc1ccc(S(C)(=O)=O)cc1)OCO2,1,bioisostere,add-S,COc1ccc(Cc2cc3c(cc2OC)OCO3)cc1,0 1 2 3 4 5 6 7 8 9 10 11 13 14 15 16 17 18 19 20 21,c1ccc(Cc2ccc3c(c2)OCO3)cc1,test,320.3660000000001,2.4181999999999997,0.8655804779158657,22,38
subcategory_bioisostere.add-S_1487,CS(=O)(=O)[C@H]1[C@@H](O)[C@H](n2cnc(C(N)=O)n2)O[C@@H]1CNS(=O)(=O)C(F)(F)F,1,bioisostere,add-S,NC(=O)c1ncn([C@@H]2O[C@H](CNS(=O)(=O)C(F)(F)F)[C@@H](O)[C@H]2O)n1,0 1 2 3 4,c1ncn([C@H]2CCCO2)n1,train,437.3780000000001,-2.512299999999998,0.43233481828384057,27,74
subcategory_bioisostere.add-S_1172,CS(=O)(=O)C(=O)c1cc(S(N)(=O)=O)c(Cl)cc1NCc1ccco1,1,bioisostere,add-S,NS(=O)(=O)c1cc(C(=O)OC(Cl)(Cl)Cl)c(NCc2ccco2)cc1Cl,0 1 2 3 4,c1ccc(NCc2ccco2)cc1,train,392.8420000000001,1.3773000000000004,0.7834438497186007,24,48
subcategory_bioisostere.add-S_761,C[C@@H](O)CCCCC[C@H]1Cc2cc(O)c(C(=O)O)c(O)c2CO1,0,authentic,authentic,,,c1ccc2c(c1)CCOC2,test,324.3730000000001,2.568600000000001,0.5742679974735181,23,47
subcategory_bioisostere.add-S_759,CCC(C)N1CC=Cc2c(nc(-c3ccccc3)c3ccccc23)C1=O,0,authentic,authentic,,,O=C1NCC=Cc2c1nc(-c1ccccc1)c1ccccc21,test,342.44200000000006,5.169300000000004,0.6577656339356431,26,43
subcategory_bioisostere.add-S_1476,SCOc1ccc2c(c1)OCO2,1,bioisostere,add-S,c1ccc([C@H]2CCNC[C@@H]2COc2ccc3c(c2)OCO3)cc1,0 1 2,c1ccc([C@H]2CCNC[C@@H]2COc2ccc3c(c2)OCO3)cc1,train,184.21599999999995,1.6813999999999998,0.5594853457539788,12,18
subcategory_bioisostere.add-S_314,CCN(CC)C(=S)N[C@H]1CCc2cc(OC)c(OC)c(OC)c2-c2ccc(NC)c(=O)cc21,0,authentic,authentic,,,O=c1cccc2c(c1)CCCc1ccccc1-2,train,471.6230000000003,3.9849000000000023,0.5877703611039765,33,60
subcategory_bioisostere.add-S_66,CN(Cc1ccc(Cl)cc1)Cc1ccc(CNc2ccnc3cc(Cl)ccc23)cc1,0,authentic,authentic,,,c1ccc(CNCc2ccc(CNc3ccnc4ccccc34)cc2)cc1,test,436.38600000000014,6.785700000000005,0.3459525418756197,30,48
subcategory_bioisostere.add-S_784,CCN(CC)CCCCCCN(CC)CCNc1ccnc2cc(Cl)ccc12,0,authentic,authentic,,,c1ccc2ncccc2c1,train,405.03000000000003,5.524200000000006,0.4195827946670057,28,39
subcategory_bioisostere.add-S_1399,CC(=O)n1c(N)nc2c(ncn2CS(C)(=O)=O)c1=O,1,bioisostere,add-S,CC(=O)n1c(N)nc2c(ncn2COCCO)c1=O,12 13 14 15 16,O=c1[nH]cnc2[nH]cnc12,train,285.2850000000001,-1.1625999999999999,0.735775313553475,19,37
subcategory_bioisostere.add-S_750,CC1CC/C(=N\Nc2ccccc2)c2ncc(C(=O)NN)c(=O)n21,0,authentic,authentic,,,O=c1ccnc2n1CCC/C2=N\Nc1ccccc1,train,326.36000000000007,1.0177999999999996,0.44243548305272995,24,43
subcategory_bioisostere.add-S_1532,C=C(N)c1ncn([C@@H]2O[C@H](COS(C)(=O)=O)[C@H](O)C2O)n1,1,bioisostere,add-S,C=C(N)c1ncn([C@@H]2O[C@H](CO)[C@H](O)C2O)n1,10 11 12 13 14 15,c1ncn([C@H]2CCCO2)n1,train,320.327,-2.1970999999999976,0.5135323288560275,21,53
subcategory_bioisostere.add-S_137,COC(=O)Nc1ccc2nc(C(C)N(C(=O)Nc3ccc(F)cc3)c3ccc(OC)cc3OC)n(N3CCN(C)CC3)c(=O)c2c1,0,authentic,authentic,,,O=C(Nc1ccccc1)N(Cc1nc2ccccc2c(=O)n1N1CCNCC1)c1ccccc1,val,633.6809999999999,4.414200000000004,0.2897742968808862,46,79
subcategory_bioisostere.add-S_258,CCC(C#CC1(C(F)(F)F)OC(=O)Nc2ccc(Cl)cc21)OS(C)(=O)=O,0,authentic,authentic,,,O=C1Nc2ccccc2CO1,train,411.7850000000001,3.417900000000002,0.6085201430436888,26,51
subcategory_bioisostere.add-S_71,NCCc1ccc(Oc2ccc(O)cc2)c([125I])c1,0,authentic,authentic,,,c1ccc(Oc2ccccc2)cc1,train,353.1756302,3.290300000000001,0.8297996977200053,18,33
subcategory_bioisostere.add-S_897,O=C(Cl)Nc1ccc(Cl)cc1[C@](C#CC1CC1)(OS(=O)(=O)O)C(F)(F)F,1,bioisostere,add-S,O=C(Cl)Nc1ccc(Cl)cc1[C@@](O)(C#CC1CC1)C(F)(F)F,11 17 18 19 20 21,C(#CC1CC1)Cc1ccccc1,train,432.2030000000001,4.101100000000002,0.32360972664050874,26,55
subcategory_bioisostere.add-S_292,CCN(CC)CCCCCNc1ccnc2cc(Cl)ccc12,0,authentic,authentic,,,c1ccc2ncccc2c1,train,319.88000000000005,4.812200000000004,0.6720518179243395,22,31
subcategory_bioisostere.add-S_63,CCCOc1ccc(S(=O)(=O)N2CCN(CP(=O)(OCC)OCC)CC2)cc1-c1nc(O)c2c(n1)c(CCC)nn2C,0,authentic,authentic,,,O=S(=O)(c1cccc(-c2ncc3[nH]ncc3n2)c1)N1CCNCC1,val,624.7009999999999,4.007100000000003,0.2593766414540505,42,72
subcategory_bioisostere.add-S_327,CC(C)N1CCN(c2cc3c(cc2F)c(=O)c(C(=O)O)cn3C2CC2)CC1,0,authentic,authentic,,,O=c1ccn(C2CC2)c2cc(N3CCNCC3)ccc12,train,373.42800000000017,2.7041000000000013,0.8927042996405711,27,49
subcategory_bioisostere.add-S_1050,CSc1ccc(/C(=C\c2ccc(C#N)cc2)Cn2cncn2)cc1,1,bioisostere,add-S,N#Cc1ccc(/C=C(/Cn2cncn2)c2ccc(C#N)cc2)cc1,0 1 2,C(=C(\Cn1cncn1)c1ccccc1)/c1ccccc1,val,332.432,4.112480000000003,0.5209749708233166,24,40
subcategory_bioisostere.add-S_744,CC(=O)Oc1cccc(Cc2cc(NC(=O)OCc3ccccc3)c(=O)n(CC(=O)NC(C(=O)C(F)(F)F)C(C)C)c2)c1,0,authentic,authentic,,,O=C(Nc1cc(Cc2ccccc2)c[nH]c1=O)OCc1ccccc1,val,601.5780000000002,4.385300000000003,0.2461965096589786,43,78
subcategory_bioisostere.add-S_831,COC(=O)C[C@H]1[C@]2(C)C3=C(C)[C@H](c4ccoc4)C[C@H]3O[C@@H]2[C@H](O)[C@@H]2[C@]1(C)C(=O)C=C[C@@]2(C)C(=O)NC(C(=O)S(C)(=O)=O)c1ccccc1,1,bioisostere,add-S,COC(=O)C[C@H]1[C@]2(C)C3=C(C)[C@H](c4ccoc4)C[C@H]3O[C@@H]2[C@H](O)[C@@H]2[C@]1(C)C(=O)C=C[C@@]2(C)C(=O)NC(C(=O)OC)c1ccccc1,36 38 39 40 41,O=C(NCc1ccccc1)C1C=CC(=O)C2CC3C4=C[C@H](c5ccoc5)C[C@H]4O[C@@H]3C[C@@H]12,train,679.7880000000002,3.607300000000002,0.32618311387701604,48,130
subcategory_bioisostere.add-S_153,CCCc1nn(C)c2c(=O)[nH]c(-c3cc(S(=O)(=O)N(CC)CCO)ccc3OCC)cc12,0,authentic,authentic,,,O=c1[nH]c(-c2ccccc2)cc2cn[nH]c12,train,462.57200000000034,2.2826999999999993,0.477341039399259,32,59
subcategory_bioisostere.add-S_117,Nc1nc(O)c2ncn(CCSCP(=O)(O)O)c2n1,0,authentic,authentic,,,c1ncc2nc[nH]c2n1,train,305.256,-0.01749999999999996,0.4415545090652852,19,32
subcategory_bioisostere.add-S_1500,CSCCC(=O)NC1CCCCC1,1,bioisostere,add-S,O=C(CCCCc1ccccc1)NC1CCCCC1,0 1 2,O=C(CCCCc1ccccc1)NC1CCCCC1,val,201.33499999999995,2.1883999999999997,0.7551539025056158,13,18
subcategory_bioisostere.add-S_890,Cn1c(=O)[nH]c2ncn(CS(C)(=O)=O)c2c1=O,1,bioisostere,add-S,COCn1cnc2[nH]c(=O)n(C)c(=O)c21,0 1 2 3 4 5 6 7 8 10 11 12 13 14 15 16,O=c1[nH]c(=O)c2[nH]cnc2[nH]1,train,258.25899999999996,-1.5745999999999993,0.6996248329467042,17,36
subcategory_bioisostere.add-S_1262,CSc1c(C(=O)O)nc2ccc3ccc(Cl)cc3n12,1,bioisostere,add-S,Cc1c(C(=O)O)nc2ccc3ccc(Cl)cc3n12,1 2,c1ccc2c(c1)ccc1nccn12,train,292.747,3.5610000000000017,0.7338303293685042,19,33
subcategory_bioisostere.add-S_1583,CSC=C(c1ccncc1)c1ccc(Cl)cc1,1,bioisostere,add-S,CN(C)C/C=C(\c1ccncc1)c1ccc(Cl)cc1,0 1 3 4 5 6 7 8 9 10 11 12 13 14 15,C=C(c1ccccc1)c1ccncc1,train,261.777,4.487200000000002,0.8076013563823126,17,27
subcategory_bioisostere.add-S_915,O=S(=O)(O)OCCCN1CCC(Cc2ccc(F)cc2)CC1,1,bioisostere,add-S,COc1cc(C(C)=O)ccc1OCCCN1CCC(Cc2ccc(F)cc2)CC1,0 1 2 3 4 5,c1ccc(CC2CCN(CCCOc3ccccc3)CC2)cc1,val,331.40900000000005,2.2897000000000007,0.6132501826927075,22,36
subcategory_bioisostere.add-S_1536,NCCCCC(NC(=O)OCc1ccccc1)C(=O)NC12CC3CC(C1)CC(N(CC(=O)O)C(=O)COS(=O)(=O)O)(C3)C2,1,bioisostere,add-S,NCCCCC(NC(=O)OCc1ccccc1)C(=O)NC12CC3CC(C1)CC(N(CC(=O)O)C(=O)COc1ccccc1)(C3)C2,35 36 37 38 39 40,O=C(CNC(=O)OCc1ccccc1)NC12CC3CC(C1)CC(NC(=O)COc1ccccc1)(C3)C2,train,624.7130000000004,1.3506000000000016,0.1386561656395265,43,79
subcategory_bioisostere.add-S_1364,CSn1cnc2c(=O)[nH]c(N)nc21,1,bioisostere,add-S,COCC(CO)OCn1cnc2c(=O)[nH]c(N)nc21,0 1 3 4 5 6 7 8 9 10 11,O=c1[nH]cnc2[nH]cnc12,train,197.223,-0.17210000000000025,0.6619704302179273,13,25
subcategory_bioisostere.add-S_341,O=C1Nc2ccc(F)cc2C(OCC=C(Cl)Cl)(C(F)(F)F)O1,0,authentic,authentic,,,O=C1Nc2ccccc2CO1,train,360.09,4.438500000000001,0.8112815861559212,22,42
subcategory_bioisostere.add-S_872,COc1cc(CS(=O)c2nc3c(SC)cccc3[nH]2)ncc1C,1,bioisostere,add-S,COc1cc(CS(=O)c2nc3c(C(F)(F)F)cccc3[nH]2)ncc1C,1 2,O=S(Cc1ccccn1)c1nc2ccccc2[nH]1,train,347.4650000000001,3.3046200000000017,0.7173269482881381,23,39
subcategory_bioisostere.add-S_913,CCCCSc1ccc2c(cc1=O)[C@@H](NC(C)=O)CCc1cc(OC)c(S(C)(=O)=O)c(OC)c1-2,1,bioisostere,add-S,CCCCSc1ccc2c(cc1=O)[C@@H](NC(C)=O)CCc1cc(OC)c(OC)c(OC)c1-2,25 26 27 28 29,O=c1cccc2c(c1)CCCc1ccccc1-2,train,505.65800000000036,4.150100000000004,0.4250108855284974,34,66
subcategory_bioisostere.add-S_627,Oc1ccc2c3c1OC1[C@@H](OCc4ccccc4)CCC4(O)C(C2)N(CC2CC2)CCC314,0,authentic,authentic,,,c1ccc(CO[C@H]2CCC3C4Cc5cccc6c5C3(CCN4CC3CC3)C2O6)cc1,test,433.54800000000034,3.5417000000000014,0.7553456234042792,32,59
subcategory_bioisostere.add-S_1386,COc1cc2c(cc1S(C)(=O)=O)CN(CCCC(=O)c1ccc(F)cc1)CC2,1,bioisostere,add-S,COc1cc2c(cc1OC)CN(CCCC(=O)c1ccc(F)cc1)CC2,0 1 2 3 4 5 6 8 9 10 11 12 13 14 15 16 17 18 19 20 21 22 23 24 25 26 27,O=C(CCCN1CCc2ccccc2C1)c1ccccc1,train,405.4910000000001,3.259000000000002,0.6618967959994851,28,49
subcategory_bioisostere.add-S_671,CCN(CC)Cc1cccc(Nc2ccnc3cc(Cl)ccc23)c1,0,authentic,authentic,,,c1ccc(Nc2ccnc3ccccc23)cc1,test,339.87000000000006,5.473600000000005,0.6447121252802869,24,37
subcategory_bioisostere.add-S_163,Cc1cc(Cl)cc(Cl)c1C/N=c1\c(O)c(O)\c1=N/C(C)C(C)(C)C,0,authentic,authentic,,,N=c1cc/c1=N\Cc1ccccc1,train,369.29200000000014,4.024820000000004,0.8581914749771542,24,50
subcategory_bioisostere.add-S_1335,Cc1ccc2cc(C[C@@H](NC(=O)C3C[C@@H](S(C)(=O)=O)CN3C(=O)c3cn(C)c4ccccc34)C(=O)N(C)Cc3ccccc3)ccc2c1,1,bioisostere,add-S,Cc1ccc2cc(C[C@@H](NC(=O)C3C[C@@H](O)CN3C(=O)c3cn(C)c4ccccc34)C(=O)N(C)Cc3ccccc3)ccc2c1,14 15 16 17 18,O=C(N[C@H](Cc1ccc2ccccc2c1)C(=O)NCc1ccccc1)C1CCCN1C(=O)c1c[nH]c2ccccc12,train,664.8280000000002,4.653720000000004,0.2468970542186159,48,95
subcategory_bioisostere.add-S_657,C[C@H](Nc1ccnc2cc(Cl)ccc12)C(=O)N1CCN(C)CC1,0,authentic,authentic,,,O=C(CNc1ccnc2ccccc12)N1CCNCC1,train,332.83500000000015,2.4626,0.9377058528495654,23,43
subcategory_bioisostere.add-S_601,CC(=O)c1c(OCCN(C)C)cc2occc2c1OCCCCOc1ccccc1,0,authentic,authentic,,,c1ccc(OCCCCOc2cccc3occc23)cc1,train,411.4980000000003,4.813800000000005,0.3147236503855487,30,43
subcategory_bioisostere.add-S_1117,COc1cc(SC)c(C(=O)CC2CCN(Cc3ccccc3)CC2)cc1OC,1,bioisostere,add-S,COc1cc2c(cc1OC)C(=O)C(C1CCN(Cc3ccccc3)CC1)C2,0 1 2 3 4 5 6 7 8 9 10 11 12 13 15,O=C1c2ccccc2CC1C1CCN(Cc2ccccc2)CC1,test,399.5560000000001,4.910700000000005,0.46574374288734405,28,43
subcategory_bioisostere.add-S_1395,CSN(CCC(C)N1C(=O)OCc2ccccc21)CC(O)Cn1nc(-c2ccc(C(F)(F)F)cc2)c2c1CCN(S(C)(=O)=O)C2,1,bioisostere,add-S,CS(=O)(=O)N1CCc2c(c(-c3ccc(C(F)(F)F)cc3)nn2CC(O)CN2CCC(N3C(=O)OCc4ccccc43)CC2)C1,0 1 2,O=C1OCc2ccccc2N1C1CCN(CCCn2nc(-c3ccccc3)c3c2CCNC3)CC1,train,667.776,4.762900000000005,0.29194736111555314,45,81
subcategory_bioisostere.add-S_1597,[2H]C1([2H])C[C@@H](c2ccc(F)cc2)[C@H](C([2H])([2H])OS(=O)(=O)O)CN1,1,bioisostere,add-S,Cl.[2H]C1([2H])C[C@@H](c2ccc(F)cc2)[C@H](C([2H])([2H])Oc2ccc3c(c2)OCO3)CN1,13 16 17 18 19 20,c1ccc([C@@H]2CCNC[C@H]2COc2ccc3c(c2)OCO3)cc1,train,293.352407112,1.3381999999999998,0.8193560004935844,19,66
subcategory_bioisostere.add-S_1552,CSCc1ccc(P(=O)(O)O)cc1,1,bioisostere,add-S,NC(Cc1ccc(P(=O)(O)O)cc1)C(=O)O,0 1 2,c1ccccc1,train,218.214,1.3525999999999998,0.7518060059014711,13,22
subcategory_bioisostere.add-S_869,CSC(C)n1c(C=C[C@H](O)C[C@H](O)CC(=O)OC(C)(C)C)c(-c2ccc(F)cc2)c2ccccc21,1,bioisostere,add-S,CC(C)n1c(C=C[C@H](O)C[C@H](O)CC(=O)OC(C)(C)C)c(-c2ccc(F)cc2)c2ccccc21,1 2,c1ccc(-c2c[nH]c3ccccc23)cc1,train,499.64800000000025,6.185800000000007,0.3438232003403456,35,70
subcategory_bioisostere.add-S_169,CCOC(=O)c1sc(-c2ccc(OC)cc2)nc1C,0,authentic,authentic,,,c1ccc(-c2nccs2)cc1,train,277.345,3.3038200000000018,0.8044635073282522,19,31
subcategory_bioisostere.add-S_546,O=C1CC2(CCCC2)CC(=O)N1CCN1CCN(c2ncccn2)CC1,0,authentic,authentic,,,O=C1CC2(CCCC2)CC(=O)N1CCN1CCN(c2ncccn2)CC1,train,357.4580000000001,1.3079999999999996,0.7569702620033658,26,42
subcategory_bioisostere.add-S_1063,COC(=O)CC(O)CC(/C=C/c1c(-c2ccc(F)cc2)cn(C(C)C)c1C(C)C)OS(=O)(=O)O,1,bioisostere,add-S,COC(=O)CC(O)CC(O)/C=C/c1c(-c2ccc(F)cc2)cn(C(C)C)c1C(C)C,8 29 30 31 32 33,c1ccc(-c2cc[nH]c2)cc1,train,497.5850000000002,4.513800000000003,0.34656304481033806,34,65
subcategory_bioisostere.add-S_752,Fc1ccc(CN2CC[N+](=C3Nc4cc(Cl)ccc4Nc4ccccc43)CC2)cc1,0,authentic,authentic,,,c1ccc(CN2CC[N+](=C3Nc4ccccc4Nc4ccccc43)CC2)cc1,train,421.9270000000002,4.923100000000004,0.5753781420040414,30,51
subcategory_bioisostere.add-S_1599,O=c1c(-c2ccccc2)c(C(F)(F)F)oc2cc(OCCOS(=O)(=O)O)ccc12,1,bioisostere,add-S,CC(C)NCC(O)COc1ccc2c(=O)c(-c3ccccc3)c(C(F)(F)F)oc2c1.Cl,19 20 21 22 23 24 25,O=c1c(-c2ccccc2)coc2ccccc12,train,430.3560000000001,3.6770000000000023,0.4700748109744869,29,53
subcategory_bioisostere.add-S_1016,CCCCC(=O)c1cc(C)c(S(C)(=O)=O)c(C(C)(C)C)c1,1,bioisostere,add-S,CCCCC(=O)c1cc2c(c(C(C)(C)C)c1)OCC2,0 1 2 3 4 5 6 7 8 9 11 12 13 14 15 16 17 18 19 20,c1ccc2c(c1)CCO2,train,310.459,4.068920000000004,0.770326723987315,21,42
subcategory_bioisostere.add-S_382,COc1cccc(-c2n[nH]c(-c3cc(OC)ccc3C)n2)c1,0,authentic,authentic,,,c1ccc(-c2n[nH]c(-c3ccccc3)n2)cc1,train,295.342,3.4643200000000016,0.8003952338515502,22,39
subcategory_bioisostere.add-S_694,CS(=O)(=O)c1cc(C(=O)N=C(N)N)c(NCc2ccco2)cc1Cl,0,authentic,authentic,,,c1ccc(NCc2ccco2)cc1,train,370.818,1.3622,0.5325455120966018,24,45
subcategory_bioisostere.add-S_1432,CSCc1cc(C)ccc1Oc1ccccc1F,1,bioisostere,add-S,Cc1ccc(Oc2ccccc2F)c(CC(=O)O)c1,1 2,c1ccc(Oc2ccccc2)cc1,train,262.349,4.789420000000003,0.7831473672648359,18,24
subcategory_bioisostere.add-S_1506,CCCOc1ccc(-c2nnn(CCSC)n2)cc1,1,bioisostere,add-S,CCCOc1ccc(-c2nnn(CCCCc3nnn[nH]3)n2)cc1,0 1 2 3 4 5 6 7 8 9 10 11 13 14 15 16 17 18,c1ccc(-c2nnn(CCCCc3nnn[nH]3)n2)cc1,train,278.381,2.4919000000000002,0.7785626616276424,19,28
subcategory_bioisostere.add-S_819,CCc1nc(Cc2ccccc2S(C)(=O)=O)c(C(=O)O)s1,1,bioisostere,add-S,CCOc1ccccc1Cc1nc(CC)sc1C(=O)O,0 1 2 3 4 5 6 7 8 9 10 12 13 14 15 16 17 18 19 20,c1ccc(Cc2cscn2)cc1,train,325.411,2.398,0.9122399530390904,21,38
subcategory_bioisostere.add-S_1559,COc1cc2c(cc1OS(=O)(=O)O)CC(CC1(F)CC3CCC1N3Cc1c(F)c(F)c(F)c(F)c1F)C2=O,1,bioisostere,add-S,COc1cc2c(cc1OC)C(=O)C(CC1(F)CC3CCC1N3Cc1c(F)c(F)c(F)c(F)c1F)C2,7 8 9 10 11 12,O=C1c2ccccc2CC1CC1CC2CCC1N2Cc1ccccc1,val,565.4880000000003,4.462600000000004,0.2294175367556896,38,69
subcategory_bioisostere.add-S_1354,CNC(=O)c1c(SC)n(CC[C@@H]2CC(=O)N(C)C2)c2ccccc12,1,bioisostere,add-S,CN1C[C@H](CCn2c3c(c4ccccc42)C(=O)NCC3)CC1=O,0 1 2 3 4 6 7 8 9 10 11 12 13 14 15 16 17 18 19 20 21 22,O=C1C[C@@H](CCn2c3c(c4ccccc42)C(=O)NCC3)CN1,train,345.4680000000001,2.5912000000000006,0.8476702493822663,24,47
subcategory_bioisostere.add-S_254,CC(C)(C)NCC(O)COc1ccc(NC(=O)c2cccs2)cc1C(N)=O,0,authentic,authentic,,,O=C(Nc1ccccc1)c1cccs1,val,391.4930000000001,2.2271,0.5510034164465387,27,45
subcategory_bioisostere.add-S_559,C=C(c1ccccc1F)C(O)(Cn1cncn1)c1ccc(Cl)cc1,0,authentic,authentic,,,C=C(c1ccccc1)C(Cn1cncn1)c1ccccc1,train,343.789,3.671800000000002,0.7686269023945093,24,40
subcategory_bioisostere.add-S_679,CC(C)(C)c1cn2nc(S(N)(=O)=O)sc2n1,0,authentic,authentic,,,c1cn2ncsc2n1,train,260.344,0.7357,0.8182397431841676,16,32
subcategory_bioisostere.add-S_1281,CSOCCOC(=O)c1cc(S(N)(=O)=O)ccc1NCc1ccco1,1,bioisostere,add-S,CCOCCOC(=O)c1cc(S(N)(=O)=O)ccc1NCc1ccco1.CCl,0 1 2,c1ccc(NCc2ccco2)cc1,train,386.45100000000014,1.9904999999999997,0.3812208204724796,25,40
subcategory_bioisostere.add-S_1240,COc1ccccc1C(=O)NS(=O)(=O)c1ccc(SC)cc1,1,bioisostere,add-S,COc1ccccc1C(=O)NS(=O)(=O)c1ccc(CNC(N)=O)cc1,1 2,O=C(NS(=O)(=O)c1ccccc1)c1ccccc1,train,337.422,2.535800000000001,0.8489870392743866,22,37
subcategory_bioisostere.add-S_585,CC(C)n1c(/C=C/C(O)CC(O)CC(=O)O)c(-c2ccc(F)cc2)c2ccccc21,0,authentic,authentic,,,c1ccc(-c2c[nH]c3ccccc23)cc1,train,411.473,4.628100000000003,0.5047877346321324,30,55
subcategory_bioisostere.add-S_391,CCOC(=O)[C@H](CCc1ccccc1)N[C@@H](C)C(=O)N1C[C@@H](C(SCC)SCC)C[C@@H]1C(=O)O,0,authentic,authentic,,,O=C(CNCCCc1ccccc1)N1CCCC1,train,510.7220000000004,3.663000000000002,0.2891947272941863,34,74
subcategory_bioisostere.add-S_74,O=C1OC2(CCNCC2)c2cc(Cl)ccc2N1CC(F)(F)F,0,authentic,authentic,,,O=C1Nc2ccccc2C2(CCNCC2)O1,val,334.725,3.4376000000000015,0.855133404184955,22,38
subcategory_bioisostere.add-S_518,C[N+]1(C)C2CC(OC(=O)C(O)(c3ccsc3)c3cccs3)CC1C1OC12.[Br-],0,authentic,authentic,,,O=C(OC1CC2[NH2+]C(C1)C1OC21)C(c1ccsc1)c1cccs1,test,472.4260000000001,-0.6502999999999985,0.365319752480884,27,56
subcategory_bioisostere.add-S_969,CS(=O)(=O)CCN1CCN(C(c2ccccc2)c2ccccc2)CC1,1,bioisostere,add-S,Cl.Cl.O=C(O)COCCN1CCN(C(c2ccccc2)c2ccccc2)CC1,0 1 2 3 5 6 7 8 9 10 11 12 13 14 15 16 17 18 19 20 21 22 23,c1ccc(C(c2ccccc2)N2CCNCC2)cc1,train,358.5070000000002,2.4382,0.7952602489704489,25,41
subcategory_bioisostere.add-S_1112,CSn1c(=O)ccc2cc(COc3cc(F)cc(C4(O)CCOCC4)c3)ccc21,1,bioisostere,add-S,Cn1c(=O)ccc2cc(COc3cc(F)cc(C4(O)CCOCC4)c3)ccc21,1 2,O=c1ccc2cc(COc3cccc(C4CCOCC4)c3)ccc2[nH]1,train,415.4860000000002,3.843700000000003,0.6860958574453085,29,48
subcategory_bioisostere.add-S_815,CSC1C[C@@]2(CN1C(=O)[C@H](CC(C)C)NC(=O)c1cc3c(F)cccc3[nH]1)C(=O)Nc1ccccc12,1,bioisostere,add-S,CC(C)C[C@H](NC(=O)c1cc2c(F)cccc2[nH]1)C(=O)N1C[C@]2(CC1C#N)C(=O)Nc1ccccc12,0 1 2,O=C(NCC(=O)N1CC[C@@]2(C1)C(=O)Nc1ccccc12)c1cc2ccccc2[nH]1,train,508.6190000000002,4.263000000000003,0.463775393993809,36,74
subcategory_bioisostere.add-S_1270,CSOC(=O)NS(=O)(=O)Nc1ccc2c(c1)S(=O)(=O)N=C(c1c(O)c3cccnc3n(CCC(C)C)c1=O)N2,1,bioisostere,add-S,CC(C)CCn1c(=O)c(C2=NS(=O)(=O)c3cc(NS(=O)(=O)NC(=O)OCc4ccccc4)ccc3N2)c(O)c2cccnc21,0 1 2,O=C(NS(=O)(=O)Nc1ccc2c(c1)S(=O)(=O)N=C(c1cc3cccnc3[nH]c1=O)N2)OCc1ccccc1,test,596.6690000000002,2.3701,0.2784460769095922,39,74
subcategory_bioisostere.add-S_1420,CCn1c(-c2ccccc2SC)c(CCNC(=O)C2CC2)c2ccccc21,1,bioisostere,add-S,O=C(NCCc1c2n(c3ccccc13)CCCc1ccccc1-2)C1CC1,0 1 2 3 4 5 6 7 8 10 11 12 13 14 15 16 17 18 19 20 21 22 23 24 25 26,O=C(NCCc1c2n(c3ccccc13)CCCc1ccccc1-2)C1CC1,test,378.5410000000001,5.118800000000005,0.5791638285935056,27,43
subcategory_bioisostere.add-S_646,NC(Cc1ccc(OC(c2ccccc2)c2ccccc2)cc1)C(=O)O,0,authentic,authentic,,,c1ccc(OC(c2ccccc2)c2ccccc2)cc1,train,347.41400000000004,3.809400000000002,0.6815854135743967,26,41
subcategory_bioisostere.add-S_85,CCCOc1ccc(S(=O)(=O)N(CCCOC)CCCOC)cc1-c1cc2c(CCC)nn(C)c2c(=O)[nH]1,0,authentic,authentic,,,O=c1[nH]c(-c2ccccc2)cc2cn[nH]c12,train,548.7060000000004,3.7336000000000027,0.27123236823585745,38,65
subcategory_bioisostere.add-S_1429,COc1cc2c(cc1OC)C(=O)Cc1cc(O)c(S(C)(=O)=O)cc1CN(C)CC2,1,bioisostere,add-S,COc1cc2c(cc1OC)C(=O)Cc1cc3c(cc1CN(C)CC2)OCO3,0 1 2 3 4 5 6 7 8 9 10 11 12 13 14 15 16 18 19 20 21 22 23 24 25 26 27 28,O=C1Cc2cc3c(cc2CNCCc2ccccc21)OCO3,test,419.4990000000002,2.2262000000000004,0.8153714492006386,29,52
subcategory_bioisostere.add-S_1245,CSc1cc2c3c(c1CCN)c1cc4c(cc1n3C(=O)CC2)OCO4,1,bioisostere,add-S,O=C1CCc2cc3c(c4c5cc6c(cc5n1c24)OCO6)CCNC3,0 1 3 4 5 6 7 8 9 10 11 12 13 14 15 16 17 18 19 20 21 22 23 24,O=C1CCc2cc3c(c4c5cc6c(cc5n1c24)OCO6)CCNC3,train,354.43100000000015,3.332700000000001,0.7309532629952123,25,42
subcategory_bioisostere.add-S_412,CC12CCC(=O)C=C1CCC1C2CCC2(C)C1CC[C@H]2O,0,authentic,authentic,,,O=C1C=C2CCC3C4CCCC4CCC3C2CC1,val,288.431,3.879200000000003,0.7342296115534325,21,39
subcategory_bioisostere.add-S_600,CCC1(c2ccccc2)NC(=O)N(CC(F)(F)F)C1=O,0,authentic,authentic,,,O=C1NC(=O)C(c2ccccc2)N1,train,286.253,2.4060000000000006,0.8674275208214359,20,36
subcategory_bioisostere.add-S_75,CO[C@]12C=C[C@@]3(C[C@]1(C)[C@@H](O)c1ccccc1C)[C@H]1Cc4ccc(O)c5c4[C@@]3(CCN1CC1CC1)[C@H]2O5,0,authentic,authentic,,,C1=C[C@]23CC(Cc4ccccc4)C1[C@@H]1Oc4cccc5c4[C@@]12CCN(CC1CC1)[C@@H]3C5,test,499.65100000000047,4.824820000000005,0.5776335613600273,37,91
subcategory_bioisostere.add-S_937,CSC1(c2ccc(F)cc2)OCc2cc(C#N)ccc21,1,bioisostere,add-S,C=CCC1(c2ccc(F)cc2)OCc2cc(C#N)ccc21,0 1 3 4 5 6 7 8 9 10 11 12 13 14 15 16 17 18,c1ccc(C2OCc3ccccc32)cc1,train,285.34299999999996,3.791680000000002,0.8412867138196467,20,33
subcategory_bioisostere.add-S_129,NC(=O)c1ncnn1[C@@H]1O[C@H](CO)[C@@H](O)[C@H]1O,0,authentic,authentic,,,c1ncn([C@H]2CCCO2)n1,train,244.20700000000002,-3.0114999999999994,0.44284203167437103,17,46
subcategory_bioisostere.add-S_276,CO[C@H]1[C@@H](N(C)C(=O)c2ccc(C(=O)O)cc2)C[C@@H]2O[C@@]1(C)n1c3ccccc3c3c4c(c5c6ccccc6n2c5c31)C(=O)NC4,0,authentic,authentic,,,O=C(N[C@@H]1CC2O[C@@H](C1)n1c3ccccc3c3c4c(c5c6ccccc6n2c5c31)CNC4=O)c1ccccc1,test,614.658,5.605000000000006,0.2670890509653985,46,101
subcategory_bioisostere.add-S_373,O=C1CCc2ccc(OCCCCN3CCN(c4cc(Cl)cc(Cl)c4)CC3)cc2N1,0,authentic,authentic,,,O=C1CCc2ccc(OCCCCN3CCN(c4ccccc4)CC3)cc2N1,train,448.39400000000006,4.859300000000005,0.6149801508040519,30,49
subcategory_bioisostere.add-S_980,CSc1ccc(C2=Nc3ncnn3C(c3ccc(C)cc3)C2)cc1,1,bioisostere,add-S,Cc1ccc(C2=Nc3ncnn3C(c3ccc(C)cc3)C2)cc1,1 2,c1ccc(C2=Nc3ncnn3C(c3ccccc3)C2)cc1,train,334.4480000000001,4.422320000000004,0.6658707101427791,24,39
subcategory_bioisostere.add-S_951,Cc1nc(-c2cc(C#N)cc(CC3(S(C)(=O)=O)CCCCC3)c2)sc1C(=O)O,1,bioisostere,add-S,Cc1nc(-c2cc(C#N)c3c(c2)CC2(CCCCC2)O3)sc1C(=O)O,0 1 2 3 4 5 6 7 8 9 10 11 13 14 15 16 17 18 19 20 21 22 23 24 25 26 27,c1csc(-c2ccc3c(c2)CC2(CCCCC2)O3)n1,train,418.54000000000025,3.9784000000000033,0.7867016829283667,28,53
subcategory_bioisostere.add-S_358,COc1ccc(-n2nc(C(F)(F)F)c3c2C(=O)N(c2ccc(N4CCCN=C4c4ccccc4)cc2)CC3)cc1,0,authentic,authentic,,,O=C1c2c(cnn2-c2ccccc2)CCN1c1ccc(N2CCCN=C2c2ccccc2)cc1,test,545.5650000000003,5.759500000000005,0.3200714047785834,40,69
subcategory_bioisostere.add-S_693,O=c1c2c(nc3n1CCCC3)CCCCC2,0,authentic,authentic,,,O=c1c2c(nc3n1CCCC3)CCCCC2,train,218.29999999999993,1.8485,0.622818226403504,16,25
subcategory_bioisostere.add-S_1118,CC(=O)c1cccc(CN2CCCC(C(=O)c3ccc(S(C)(=O)=O)c(O)c3)C2)c1,1,bioisostere,add-S,CC(=O)c1cccc(CN2CCCC(C(=O)c3ccc4c(c3)OCO4)C2)c1,0 1 2 3 4 5 6 7 8 9 10 11 12 13 14 15 16 17 18 20 21 22 23 24 25 26 27 28,O=C(c1ccc2c(c1)OCO2)C1CCCN(Cc2ccccc2)C1,val,415.5110000000001,3.093200000000002,0.7292055596898962,29,55
subcategory_bioisostere.add-S_721,O=C(Nc1cc(C(F)(F)F)cc(C(F)(F)F)c1)NN1CCOCC1,0,authentic,authentic,,,O=C(Nc1ccccc1)NN1CCOCC1,val,357.25400000000013,3.092900000000002,0.8001800394592876,24,43
subcategory_bioisostere.add-S_90,CN1CC[C@]23c4c5ccc(O)c4O[C@H]2CCC[C@@]3(O)[C@H]1C5,0,authentic,authentic,,,c1cc2c3c(c1)O[C@H]1CCCC4[C@@H](C2)NCC[C@@]341,val,287.359,1.5662,0.7602868752108136,21,50
subcategory_bioisostere.add-S_273,CCCC1C(c2ccc(F)cc2)CC2CC(F)(F)C1N2C,0,authentic,authentic,,,c1ccc(C2CC3CCC(C2)N3)cc1,train,297.364,4.437300000000004,0.7971202345035004,21,35
subcategory_bioisostere.add-S_680,CC(C)N(CC(O)COc1ccc(OCc2ccccc2)cc1C(=O)CCc1ccccc1)C(C)C,0,authentic,authentic,,,O=C(CCc1ccccc1)c1cccc(OCc2ccccc2)c1,test,489.65600000000023,5.939600000000007,0.2840959916132851,36,55
subcategory_bioisostere.add-S_1191,C[C@@H]1SC(=O)N[C@@H]1C(=O)NCCS(C)(=O)=O,1,bioisostere,add-S,C[C@@H]1SC(=O)N[C@@H]1C(=O)NCCO[N+](=O)[O-],11 12 13 14 15,O=C1NCCS1,train,266.344,-0.6392999999999995,0.7059331092544461,16,40
subcategory_bioisostere.add-S_212,CCN(CC)CCCOc1ccccc1C(=O)c1ccccc1,0,authentic,authentic,,,O=C(c1ccccc1)c1ccccc1,train,311.425,4.028300000000003,0.5171241570881693,23,32
subcategory_bioisostere.add-S_493,NS(=O)(=O)c1nn2cc(-c3ccccc3)nc2s1,0,authentic,authentic,,,c1ccc(-c2cn3ncsc3n2)cc1,train,280.334,1.1052000000000004,0.7608467360799749,18,33
subcategory_bioisostere.add-S_706,CCOC(=O)NC(=O)Nc1ccccc1N1CCN(C(=O)[C@@H](Cc2ccc(Cl)cc2)NC(=O)[C@H]2Cc3ccccc3CN2)CC1,0,authentic,authentic,,,O=C(N[C@H](Cc1ccccc1)C(=O)N1CCN(c2ccccc2)CC1)[C@H]1Cc2ccccc2CN1,train,633.149,3.7086000000000023,0.29772823782699726,45,83
subcategory_bioisostere.add-S_1254,[2H]C([2H])(SC)N1CCN(N2c3ccccc3C=Nc3cc(Cl)ccc32)CC1,1,bioisostere,add-S,[2H]C([2H])(C)N1CCN(N2c3ccccc3C=Nc3cc(Cl)ccc32)CC1,1 2,C1=Nc2ccccc2N(N2CCNCC2)c2ccccc21,train,374.93720355600016,4.3952000000000035,0.7936457940610514,25,51
subcategory_bioisostere.add-S_731,CS(=O)(=O)c1cnc2c(c1)CCC(c1ccccc1)O2,0,authentic,authentic,,,c1ccc(C2CCc3cccnc3O2)cc1,train,289.356,2.551400000000001,0.8522729004111159,20,36
subcategory_bioisostere.add-S_1271,CC(N[C@@H](CCc1ccccc1)C(=O)OS(C)(=O)=O)C(=O)N1CCCCCCCC[C@H]1C(=O)O,1,bioisostere,add-S,CCOC(=O)[C@H](CCc1ccccc1)NC(C)C(=O)N1CCCCCCCC[C@H]1C(=O)O,12 14 15 16 17 18,O=C(CNCCCc1ccccc1)N1CCCCCCCCC1,test,496.6260000000005,2.4947999999999997,0.49889645202760025,34,66
subcategory_bioisostere.add-S_519,CCCNC(=O)C(C)N(C)CCN1CCCC1=O,0,authentic,authentic,,,O=C1CCCN1,train,255.3619999999999,0.4553000000000005,0.7186664949028696,18,28
subcategory_bioisostere.add-S_764,CCCCN1CCC(CNC(=O)c2cc(Cl)c(N)c3c2OCC3)CC1,0,authentic,authentic,,,O=C(NCC1CCNCC1)c1cccc2c1OCC2,val,365.90500000000026,3.099000000000002,0.7599813939960935,25,41
subcategory_bioisostere.add-S_792,C[C@](Cc1c[nH]c2ccccc12)(NC(=O)OC1C2CC3CC(C2)CC1C3)C(=O)N1CC[C@@H](Oc2ccc(Cl)cc2Cl)C[C@@H]1C(=O)O,0,authentic,authentic,,,O=C(NC(Cc1c[nH]c2ccccc12)C(=O)N1CCC(Oc2ccccc2)CC1)OC1C2CC3CC(C2)CC1C3,val,668.6180000000004,6.850000000000008,0.24161939618820494,46,97
subcategory_bioisostere.add-S_1588,CCOC(=O)c1sc(-c2cc(C#N)c(SCCO)c(CC3CCCCC3)c2)nc1C,1,bioisostere,add-S,CCOC(=O)c1sc(-c2cc(C#N)c3c(c2)CC2(CCCCC2)O3)nc1C,0 1 2 3 4 5 6 7 8 9 10 11 12 14 15 16 17 18 19 20 21 22 23 24 25 26 27 28 29,c1csc(-c2ccc3c(c2)CC2(CCCCC2)O3)n1,train,444.62200000000036,5.374100000000005,0.435002296535088,30,49
subcategory_bioisostere.add-S_962,CO[C@@H]1C[C@@H](C(=O)SCCO)N(C(=O)CP(=O)(O)CCCCc2ccccc2)C1,1,bioisostere,add-S,CO[C@@H]1C[C@@H](C(=O)O)N(C(=O)CP(=O)(O)CCCCc2ccccc2)C1,5 7 8 9 10,O=C(C[PH](=O)CCCCc1ccccc1)N1CCCC1,train,443.50200000000024,2.1476999999999995,0.39889288313573734,29,58
subcategory_bioisostere.add-S_799,CCN(CC(C)C)[C@H](CNC(=O)c1ccc(Cl)s1)C(=O)Nc1ccc(N2CCOCC2=O)cc1F,0,authentic,authentic,,,O=C(CCNC(=O)c1cccs1)Nc1ccc(N2CCOCC2=O)cc1,train,525.0460000000003,3.618800000000002,0.49520720434507726,35,63
subcategory_bioisostere.add-S_41,CCC1(c2ccc(F)cc2)NC(=O)N(CC(=O)N2CC(C)CC(C)C2)C1=O,0,authentic,authentic,,,O=C(CN1C(=O)NC(c2ccccc2)C1=O)N1CCCCC1,train,375.4440000000002,2.4873000000000003,0.8222987366400438,27,50
subcategory_bioisostere.add-S_1134,CCCCN1CC[C@H](c2ccc(F)cc2)[C@@H](COc2cc(S(C)(=O)=O)c(O)cc2Br)C1,1,bioisostere,add-S,CCCCN1CC[C@H](c2ccc(F)cc2)[C@@H](COc2cc3c(cc2Br)OCO3)C1,0 1 2 3 4 5 6 7 8 9 10 11 12 13 14 15 16 17 18 19 21 22 23 24 25 26 27 28 29 30,c1ccc([C@H]2CCNC[C@@H]2COc2ccc3c(c2)OCO3)cc1,train,514.4570000000001,4.981900000000006,0.5384217353077093,31,63
subcategory_bioisostere.add-S_1251,CS(=O)(=O)c1ccc(-n2nc(C(N)=O)c3c2C(=O)N(c2ccc(C4=NCCN4)cc2)CC3)cc1,1,bioisostere,add-S,COc1ccc(-n2nc(C(N)=O)c3c2C(=O)N(c2ccc(C4=NCCN4)cc2)CC3)cc1,0 1 2 3 5 6 7 8 9 10 11 12 13 14 15 16 17 18 19 20 21 22 23 24 25 26 27 28 29 30 31 32,O=C1c2c(cnn2-c2ccccc2)CCN1c1ccc(C2=NCCN2)cc1,train,478.5340000000003,0.9274000000000002,0.5591103583604282,34,66
subcategory_bioisostere.add-S_1384,CSCC(=O)C1C(c2cccc3ccccc23)CC2CCC1N2C,1,bioisostere,add-S,CCC(=O)C1C(c2cccc3ccccc23)CC2CCC1N2C,1 2,c1ccc2c(C3CC4CCC(C3)N4)cccc2c1,train,339.50400000000013,4.338200000000003,0.8263976824861489,24,37
subcategory_bioisostere.add-S_1114,CN(CCCc1nnc(-c2cccc(Cl)c2Cl)c(N)n1)CCOS(=O)(=O)O,1,bioisostere,add-S,Nc1nc(CCCN2CCOCC2)nnc1-c1cccc(Cl)c1Cl,21 22 23 24 25 26,c1ccc(-c2cnc(CCCN3CCOCC3)nn2)cc1,train,436.32100000000025,2.1113999999999997,0.5674455197939754,27,48
subcategory_bioisostere.add-S_1077,CSCN1CCN(C2=Nc3ccccc3Sc3ccccc32)CC1,1,bioisostere,add-S,OCCCCN1CCN(C2=Nc3ccccc3Sc3ccccc32)CC1,0 1 3 4 5 6 7 8 9 10 11 12 13 14 15 16 17 18 19 20 21 22,c1ccc2c(c1)N=C(N1CCNCC1)c1ccccc1S2,train,355.53200000000015,4.167600000000003,0.8046445046261684,24,35
subcategory_bioisostere.add-S_138,COc1ccc2c(c1)c(Cc1ccc(C(=O)O)cc1)c(C)n2C(=O)c1ccc(Cl)cc1,0,authentic,authentic,,,O=C(c1ccccc1)n1cc(Cc2ccccc2)c2ccccc21,train,433.8910000000002,5.5892200000000045,0.4451674951968661,31,56
subcategory_bioisostere.add-S_738,O=C1CCc2ccc(OCCCCN3CCN(c4cccc(Cl)c4Cl)CC3)cc2N1C(=O)c1ccccc1,0,authentic,authentic,,,O=C1CCc2ccc(OCCCCN3CCN(c4ccccc4)CC3)cc2N1C(=O)c1ccccc1,test,552.5020000000002,6.094200000000006,0.2500520473494597,38,60
subcategory_bioisostere.add-S_1072,COc1ccc(-c2c(SC)[nH]c(-c3ccccc3)c2-c2ccccc2)cc1OC,1,bioisostere,add-S,COc1ccc(-c2c(C)[nH]c(-c3ccccc3)c2-c2ccccc2)cc1OC,1 2,c1ccc(-c2c[nH]c(-c3ccccc3)c2-c2ccccc2)cc1,train,401.5310000000002,6.754800000000006,0.3626874119022545,29,49
subcategory_bioisostere.add-S_175,CC(C)(C)NC(=O)c1ccccc1C[C@@H](O)[C@H](Cc1ccccc1)NC(=O)[C@H](CS(=O)(=O)c1ccccc1)NS(C)(=O)=O,0,authentic,authentic,,,O=C(CCS(=O)(=O)c1ccccc1)N[C@H](CCc1ccccc1)Cc1ccccc1,train,629.8010000000003,2.2375000000000007,0.2257473620491954,43,90
subcategory_bioisostere.add-S_383,Nc1c(-c2cccc(Cl)c2Cl)nc(-c2ccccc2)n1N,0,authentic,authentic,,,c1ccc(-c2c[nH]c(-c3ccccc3)n2)cc1,train,319.195,3.8199000000000023,0.7055257779768536,21,37
subcategory_bioisostere.add-S_853,CC(C)c1c(/C=C/C(O)CC(=O)CC(=O)SCCO)c(-c2ccc(F)cc2)c2c3ccccc3ccn12,1,bioisostere,add-S,CC(C)c1c(/C=C/C(O)CC(=O)CC(=O)O)c(-c2ccc(F)cc2)c2c3ccccc3ccn12,13 15 16 17 18,c1ccc(-c2ccn3ccc4ccccc4c23)cc1,train,519.6380000000001,5.997500000000008,0.25144916913989773,37,65
subcategory_bioisostere.add-S_1353,COc1cc2c(c(OC)c1OC)-c1ccc(NCc3ccccc3)c(=O)cc1C(NS(C)(=O)=O)CC2,1,bioisostere,add-S,COc1cc2c(c(OC)c1OC)-c1ccc(NCc3ccccc3)c(=O)cc1C(NC(C)=O)CC2,0 1 2 3 4 5 6 7 8 9 10 11 12 13 14 15 16 17 18 19 20 21 22 23 24 25 26 27 29 30 31 32 33 34 35,O=c1cc2c(ccc1NCc1ccccc1)-c1ccccc1CCC2,train,510.61200000000025,3.888200000000002,0.47397853504776427,36,62
subcategory_bioisostere.add-S_492,CC(=O)n1c(=O)oc2c3ncccc3ccc21,0,authentic,authentic,,,O=c1[nH]c2ccc3cccnc3c2o1,train,228.207,1.8028,0.5881153346225123,17,29
subcategory_bioisostere.add-S_722,CCN(CCCC1(c2ccc(F)cc2)OCc2cc(C#N)ccc21)CCC1=CNC2C=CI=CC12,0,authentic,authentic,,,C1=CC2NC=C(CCNCCCC3(c4ccccc4)OCc4ccccc43)C2C=I1,test,583.4890000000003,5.735480000000006,0.3832412048693857,35,57
subcategory_bioisostere.add-S_1484,COc1ccnc(CS(=O)c2nc3cc(OC(F)(F)S(C)(=O)=O)ccc3[nH]2)c1,1,bioisostere,add-S,COc1ccnc(CS(=O)c2nc3cc4c(cc3[nH]2)C(F)(F)OC(F)(F)O4)c1,0 1 2 3 4 5 6 7 8 9 10 11 12 13 14 15 17 18 19 20 21 22 23 24 25 26 27,O=S(Cc1ccccn1)c1nc2cc3c(cc2[nH]1)COCO3,train,431.44200000000006,2.248,0.6106828108741765,28,54
subcategory_bioisostere.add-S_3,c1ccc2c(NCCCN3CCCCC3)ccnc2c1,0,authentic,authentic,,,c1ccc2c(NCCCN3CCCCC3)ccnc2c1,test,269.39199999999994,3.522700000000002,0.8417545855875808,20,28
subcategory_bioisostere.add-S_1576,CSCc1nc2ccccc(=O)c2n1Cc1ccc(-c2ccccc2-c2nn[nH]n2)cc1,1,bioisostere,add-S,CCCc1nc2ccccc(=O)c2n1Cc1ccc(-c2ccccc2-c2nn[nH]n2)cc1,1 2,O=c1ccccc2ncn(Cc3ccc(-c4ccccc4-c4nn[nH]n4)cc3)c12,train,440.5320000000001,4.154900000000002,0.4265632501499622,32,52
subcategory_bioisostere.add-S_596,CC(C)(C)C(=O)OCn1c(-c2cnccn2)noc1=O,0,authentic,authentic,,,O=c1[nH]c(-c2cnccn2)no1,train,278.26800000000003,0.8400999999999997,0.7666074847302666,20,35
subcategory_bioisostere.add-S_294,CNCCC(Oc1ccc(C(F)(F)F)cc1)C1C=CC(C=O)=CC1,0,authentic,authentic,,,C1=CCC(COc2ccccc2)C=C1,train,339.357,3.7637000000000036,0.7688388198001919,24,41
subcategory_bioisostere.add-S_495,COCCOc1cc2nc(SCc3nccc(OC)c3C)[nH]c2cc1OC(F)F,0,authentic,authentic,,,c1ccc(CSc2nc3ccccc3[nH]2)nc1,train,425.4570000000001,4.193820000000003,0.3853521677629327,29,44
subcategory_bioisostere.add-S_1177,CS(=O)(=O)c1ccccc1C(=O)CCc1ccccc1,1,bioisostere,add-S,CN(C)CC(O)COc1ccccc1C(=O)CCc1ccccc1,0 1 2 3 5 6 7 8 9 10 11 12 13 14 15 16 17 18 19,O=C(CCc1ccccc1)c1ccccc1,train,288.368,2.9056000000000015,0.7948762337695944,20,33
subcategory_bioisostere.add-S_1055,CC(=O)c1c(O)n(S(C)(=O)=O)c2cc(NC(=O)c3cnc4ccccc4n3)ccc12,1,bioisostere,add-S,CC(=O)c1c(O)n(O)c2cc(NC(=O)c3cnc4ccccc4n3)ccc12,0 1 2 3 4 5 7 8 9 10 11 12 13 14 15 16 17 18 19 20 21 22 23 24 25 26 27 28 29,O=C(Nc1ccc2cc[nH]c2c1)c1cnc2ccccc2n1,val,424.43800000000016,2.5527000000000006,0.4813301464562953,30,56
subcategory_bioisostere.add-S_33,Cc1c(OCC(F)(F)F)cc[n+]([O-])c1CS(=O)(=O)c1nc2ccccc2[nH]1,0,authentic,authentic,,,O=S(=O)(Cc1cccc[nH+]1)c1nc2ccccc2[nH]1,train,401.36600000000016,2.41972,0.5229537170380532,27,56
subcategory_bioisostere.add-S_1097,CN(C(=O)CNC(C)(C)C)c1ccc(N2CCc3c(C(F)(F)F)nn(-c4ccc(S(C)(=O)=O)cc4)c3C2=O)cc1,1,bioisostere,add-S,COc1ccc(-n2nc(C(F)(F)F)c3c2C(=O)N(c2ccc(N(C)C(=O)CNC(C)(C)C)cc2)CC3)cc1,0 1 2 3 4 5 6 7 8 9 10 11 12 13 14 15 16 17 18 19 20 21 22 23 24 25 26 27 29 30 31 32 33 34 35 36 37 38 39,O=C1c2c(cnn2-c2ccccc2)CCN1c1ccccc1,train,577.6290000000001,3.8484000000000034,0.4775254342570707,40,77
subcategory_bioisostere.add-S_1222,CN(C)C(CCCCN1CCc2c(C(F)(F)F)nn(-c3ccc(OS(C)(=O)=O)cc3)c2C1=O)=NS(C)(=O)=O,1,bioisostere,add-S,COc1ccc(-n2nc(C(F)(F)F)c3c2C(=O)N(CCCCC(=NS(C)(=O)=O)N(C)C)CC3)cc1,22 23 24 25 26 27,O=C1NCCc2cnn(-c3ccccc3)c21,train,579.6230000000002,2.3178,0.19149532936391517,38,73
subcategory_bioisostere.add-S_1023,[2H]c1nc(C(=O)NC([2H])([2H])C([2H])([2H])c2ccc(S(=O)(=O)NC(=O)NC3CCCCC3)cc2)c([2H])nc1SC,1,bioisostere,add-S,[2H]c1nc(C([2H])([2H])[2H])c([2H])nc1C(=O)NC([2H])([2H])C([2H])([2H])c1ccc(S(=O)(=O)NC(=O)NC2CCCCC2)cc1,1 2,O=C(NC1CCCCC1)NS(=O)(=O)c1ccc(CCNC(=O)c2cnccn2)cc1,train,483.64861066800034,2.4916,0.49182276570278466,32,88
subcategory_bioisostere.add-S_1521,OCCSc1ccc2nc(-c3ccncc3)[nH]c2c1,1,bioisostere,add-S,COc1ccc2nc(-c3ccncc3)[nH]c2c1,0 1 2 3 5 6 7 8 9 10 11 12 13 14 15 16 17,c1ccc2[nH]c(-c3ccncc3)nc2c1,test,271.345,2.7093,0.7161949144591064,19,31
subcategory_bioisostere.add-S_128,S=C=Nc1cc(-c2nc(-c3ccco3)no2)ccc1Cl,0,authentic,authentic,,,c1ccc(-c2nc(-c3ccco3)no2)cc1,train,303.73,4.384300000000001,0.5302948663604149,20,35
subcategory_bioisostere.add-S_936,Cc1c(CC(=O)OCC(=O)O)c2cc(S(C)(=O)=O)ccc2n1C(=O)c1ccc(Cl)cc1,1,bioisostere,add-S,COc1ccc2c(c1)c(CC(=O)OCC(=O)O)c(C)n2C(=O)c1ccc(Cl)cc1,0 1 2 3 4 5 6 7 8 9 10 11 12 14 15 16 17 18 19 20 21 22 23 24 25 26 27 28 29 30,O=C(c1ccccc1)n1ccc2ccccc21,train,463.8950000000002,2.865420000000002,0.5578307150098949,31,59
subcategory_bioisostere.add-S_1275,COc1ccc(OS(=O)(=O)O)cc1CCc1cnc2nc(N)nc(N)c2c1C,1,bioisostere,add-S,COc1ccc(OC)c(CCc2cnc3nc(N)nc(N)c3c2C)c1,5 6 7 8 9 10,c1ccc(CCc2cnc3ncncc3c2)cc1,train,405.43600000000015,1.47302,0.5114826319114995,28,46
subcategory_bioisostere.add-S_859,Cc1oc2ccccc2c1C(=O)c1ccc(OS(=O)(=O)O)cc1,1,bioisostere,add-S,Cc1oc2ccccc2c1C(=O)c1ccc(OCCC[N+](C)(C)C)cc1.[I-],15 16 17 18 19 20,O=C(c1ccccc1)c1coc2ccccc12,train,332.333,3.1538200000000014,0.582459839040414,23,40
subcategory_bioisostere.add-S_488,O=C(C[C@H]1S[C@H](c2ccc(Cl)cc2Cl)N(CC(=O)NCCN2CCOCC2)C1=O)NCc1cccc2ccccc12,0,authentic,authentic,,,O=C(C[C@H]1S[C@H](c2ccccc2)N(CC(=O)NCCN2CCOCC2)C1=O)NCc1cccc2ccccc12,train,615.5830000000004,4.244100000000003,0.35486153685275257,41,74
subcategory_bioisostere.add-S_97,CN(C)C1CCCC1N(C(=O)C1CCC1)c1ccc(Cl)c(Cl)c1,0,authentic,authentic,,,O=C(C1CCC1)N(c1ccccc1)C1CCCC1,test,355.3090000000001,4.609200000000004,0.7875251749906969,23,42
subcategory_bioisostere.add-S_249,CC[C@H]1CN(c2nc3c(cc2F)c(=O)c(C(=O)O)cn3C(C)(C)C)C[C@@H]1N.CS(=O)(=O)O,0,authentic,authentic,,,O=c1cc[nH]c2nc(N3CCCC3)ccc12,train,472.5390000000002,1.666300000000001,0.5654257096363602,32,70
subcategory_bioisostere.add-S_616,Cl.FC(F)(F)Oc1ccc(CC2CCNCC2)cc1,0,authentic,authentic,,,c1ccc(CC2CCNCC2)cc1,train,295.732,3.549100000000002,0.9206336341088993,19,31
subcategory_bioisostere.add-S_1365,CSCC(OC(=O)[C@@H]1CCCCN1C(=O)[C@H](c1ccccc1)C(C)C)c1cccc(OCC(=O)O)c1,1,bioisostere,add-S,COc1ccc(CCC(OC(=O)[C@@H]2CCCCN2C(=O)[C@H](c2ccccc2)C(C)C)c2cccc(OCC(=O)O)c2)cc1OC,1 2,O=C(OC(CCc1ccccc1)c1ccccc1)[C@@H]1CCCCN1C(=O)Cc1ccccc1,train,513.6560000000002,4.918200000000004,0.4264931246210356,36,68
subcategory_bioisostere.add-S_590,COc1ccc(C2=CCNCC2)cc1.Cl,0,authentic,authentic,,,C1=C(c2ccccc2)CCNC1,train,225.719,2.493700000000001,0.8352969992437254,15,24
subcategory_bioisostere.add-S_227,CCOC(=O)N1CCC(CN2CC[C@H](NC(=O)c3cc(Cl)c(N)cc3OC)[C@H](OC)C2)CC1,0,authentic,authentic,,,O=C(NC1CCN(CC2CCNCC2)CC1)c1ccccc1,train,483.00900000000036,2.6184000000000003,0.5751102595309269,33,64
subcategory_bioisostere.add-S_866,O=S(=O)(O)OC1(c2nc(-c3ccc(F)cc3)c(-c3ccncc3)[nH]2)CCCCC1,1,bioisostere,add-S,OC1(c2nc(-c3ccc(F)cc3)c(-c3ccncc3)[nH]2)CCCCC1,0 1 2 3 4 5,c1ccc(-c2nc(C3CCCCC3)[nH]c2-c2ccncc2)cc1,train,417.4620000000002,4.256600000000003,0.6012543028442111,29,56
subcategory_bioisostere.add-S_1347,CSC(C)(C)C(=O)OCn1c(-c2cnccn2)noc1=O,1,bioisostere,add-S,CC(C)(C)C(=O)OCn1c(-c2cnccn2)noc1=O,1 2,O=c1[nH]c(-c2cnccn2)no1,train,310.33500000000004,0.9355999999999999,0.7520054144077165,21,36
subcategory_bioisostere.add-S_1246,CS(=O)(=O)c1ccc2nc(S(=O)Cc3nc4ccccc4n4cccc34)[nH]c2c1,1,bioisostere,add-S,COc1ccc2nc(S(=O)Cc3nc4ccccc4n4cccc34)[nH]c2c1,0 1 2 3 5 6 7 8 9 10 11 12 13 14 15 16 17 18 19 20 21 22 23 24 25 26 27,O=S(Cc1nc2ccccc2n2cccc12)c1nc2ccccc2[nH]1,train,424.50700000000006,3.075100000000001,0.47818283938766365,29,53
subcategory_bioisostere.add-S_1123,CSc1nn(Cc2nc3ccccc3s2)c(=O)c2cc(Cl)ccc12,1,bioisostere,add-S,O=C(O)Cc1nn(Cc2nc3ccccc3s2)c(=O)c2cc(Cl)ccc12,1 2,O=c1c2ccccc2cnn1Cc1nc2ccccc2s1,train,373.89000000000016,4.429800000000002,0.4982850781855625,24,40
subcategory_bioisostere.add-S_306,NS(=O)(=O)c1ccc(CNC(=O)Nc2ccccc2)cc1,0,authentic,authentic,,,O=C(NCc1ccccc1)Nc1ccccc1,train,305.359,1.6556999999999995,0.8001965773974582,21,36
subcategory_bioisostere.add-S_441,O=C(C[C@@H](Cc1ccccc1)C(=O)NC1c2ccccc2C[C@H]1O)CN1C(=O)[C@@H](Cc2ccccc2)C[C@@H]1Cc1ccccc1,0,authentic,authentic,,,O=C(C[C@@H](Cc1ccccc1)C(=O)NC1CCc2ccccc21)CN1C(=O)[C@@H](Cc2ccccc2)C[C@@H]1Cc1ccccc1,train,600.7590000000002,5.281500000000006,0.23174301000942998,45,89
subcategory_bioisostere.add-S_1598,O=C(OS(=O)(=O)O)c1ccc(COc2ccc(OCCCc3nnn[nH]3)cc2)nc1,1,bioisostere,add-S,CCOC(=O)c1ccc(COc2ccc(OCCCc3nnn[nH]3)cc2)nc1,1 2 3 4 5 6,c1ccc(COc2ccc(OCCCc3nnn[nH]3)cc2)nc1,train,435.4180000000002,1.1448999999999994,0.3461006566529276,30,52
subcategory_bioisostere.add-S_1581,CSc1c(-c2ccc(F)cc2)cn(-c2ccccc2)c1C,1,bioisostere,add-S,Cc1c(/C=C/[C@@H](O)C[C@@H](O)CC(=O)O)c(-c2ccc(F)cc2)cn1-c1ccccc1,1 2,c1ccc(-c2ccn(-c3ccccc3)c2)cc1,train,297.398,5.313720000000004,0.5927422971345975,21,35
subcategory_bioisostere.add-S_162,CC(Cl)CCC(=O)N(C[C@H]1CN(c2ccc(N3CCOCC3=O)cc2F)C(=O)O1)C(=O)c1ccc(Cl)s1,0,authentic,authentic,,,O=C(NC[C@H]1CN(c2ccc(N3CCOCC3=O)cc2)C(=O)O1)c1cccs1,train,572.4420000000003,4.305500000000004,0.43800246762399103,37,71
subcategory_bioisostere.add-S_10,CCN1CCC(N(C)C)c2cccc(CS(=O)c3nc4cc(OC)c(F)cc4[nH]3)c21,0,authentic,authentic,,,O=S(Cc1cccc2c1NCCC2)c1nc2ccccc2[nH]1,train,430.54900000000015,3.8511000000000024,0.6436870999818396,30,54
subcategory_bioisostere.add-S_1260,COc1ccc2c(c1)c(S(C)(=O)=O)c(C)n2CSC,1,bioisostere,add-S,COc1ccc2c(c1)c(S(C)(=O)=O)c(C)n2C(=O)c1ccc(Cl)cc1,0 1 2 3 4 5 6 7 8 9 10 11 12 13 14 16 17,O=C(c1ccccc1)n1ccc2ccccc21,train,299.417,2.6823200000000007,0.870666430348926,19,35
subcategory_bioisostere.add-S_918,CSc1nc(-c2ccc(OCC3CCCC3)c(-c3cncs3)c2)sc1C(=O)O,1,bioisostere,add-S,Cc1nc(-c2ccc(OCC3CCCC3)c(-c3cncs3)c2)sc1C(=O)O,1 2,c1csc(-c2ccc(OCC3CCCC3)c(-c3cncs3)c2)n1,train,432.59200000000004,5.922700000000004,0.4670909940577061,28,47
subcategory_bioisostere.add-S_1418,Cn1c(=O)[nH]c2[nH]c(-c3ccc(S(=O)(=O)OS(C)(=O)=O)cc3)nc2c1=O,1,bioisostere,add-S,Cn1c(=O)[nH]c2[nH]c(-c3ccc(S(=O)(=O)O)cc3)nc2c1=O,2 3 4 5,O=c1[nH]c(=O)c2nc(-c3ccccc3)[nH]c2[nH]1,train,400.3940000000001,-0.7182000000000002,0.5798682130284549,26,59
subcategory_bioisostere.add-S_284,CCOP(=O)(CCC(COC)OCn1cnc2c(=O)[nH]c(N)nc21)OCC,0,authentic,authentic,,,O=c1[nH]cnc2[nH]cnc12,train,403.3760000000002,1.3471,0.5017220732884916,27,46
subcategory_bioisostere.add-S_967,COc1ccc(-c2oc3cc(OC)ccc3c2Cc2ccc(S(C)(=O)=O)cc2)cc1,1,bioisostere,add-S,COc1ccc(-c2oc3cc(OC)ccc3c2Cc2ccc(OCCN3CCCCCC3)cc2)cc1,0 1 2 3 4 5 6 7 8 9 10 11 12 13 14 15 16 17 18 19 20 22 23 24 25 26 27 28 29,c1ccc(-c2oc3ccccc3c2Cc2ccc(OCCN3CCCCCC3)cc2)cc1,test,422.50200000000007,5.111300000000004,0.4319085978995188,30,51
subcategory_bioisostere.add-S_1488,CSCC1(c2ccccc2)OC(=O)NC1=O,1,bioisostere,add-S,CCC1(c2ccccc2)OC(=O)NC1=O,1 2,O=C1NC(=O)C(c2ccccc2)O1,train,237.27999999999997,1.5112999999999999,0.8654306223016422,16,26
subcategory_bioisostere.add-S_78,O=C(Cn1ccnc1)c1ccc2c(c1)CCc1ccccc1-2,0,authentic,authentic,,,O=C(Cn1ccnc1)c1ccc2c(c1)CCc1ccccc1-2,train,288.34999999999997,3.531600000000002,0.6910084689084557,22,36
subcategory_bioisostere.add-S_1433,CC(C#C[C@]1(C(F)(F)F)OC(=O)Nc2cc(F)c(F)c(F)c21)CS,1,bioisostere,add-S,O=C1Nc2cc(F)c(F)c(F)c2[C@@](C#CC2CC2)(C(F)(F)F)O1,1 22 23,O=C1Nc2ccccc2C(C#CC2CC2)O1,train,369.28600000000006,3.992900000000001,0.3400404997959548,24,49
subcategory_bioisostere.add-S_1530,C[C@]1(C(=O)OS(=O)(=O)O)CSC(c2ccc(O)cc2O)=N1,1,bioisostere,add-S,C[C@]1(C(=O)O)CSC(c2ccc(O)cc2O)=N1,2 4 5 6 7 8,c1ccc(C2=NCCS2)cc1,train,333.3430000000001,0.6958999999999997,0.6881617599399001,21,44
subcategory_bioisostere.add-S_686,CNC(=O)NS(=O)(=O)c1cc(C)c(C(C)NC(=O)c2cc(Cl)ccc2OC)s1,0,authentic,authentic,,,O=C(NCc1cccs1)c1ccccc1,train,445.95000000000016,2.8272200000000005,0.6322219073494394,28,53
subcategory_bioisostere.add-S_202,COC(=O)C1=C(C)N=C(SC)NC1c1ccccc1SC,0,authentic,authentic,,,C1=CC(c2ccccc2)NC=N1,test,322.4550000000001,3.2188000000000017,0.6838532504412246,21,34
subcategory_bioisostere.add-S_652,O=c1[nH]c(=O)n(CCO)c2ncn(CCO)c12,0,authentic,authentic,,,O=c1[nH]c(=O)c2[nH]cnc2[nH]1,train,240.219,-2.1290999999999993,0.5647042040769873,17,32
subcategory_bioisostere.add-S_57,C[N+]1(C)CCC(=C2c3ccccc3C=Cc3ccccc32)CC1.[I-],0,authentic,authentic,,,C1=Cc2ccccc2C(=C2CC[NH2+]CC2)c2ccccc21,test,429.34500000000014,1.8464999999999998,0.3782075873175468,24,45
subcategory_bioisostere.add-S_459,CN(Cc1ccc(C(=O)N[C@@H](CC(=O)O)C(=O)CSCc2ccccc2Cl)s1)S(=O)(=O)c1ccc(O)c(C(=O)O)c1,0,authentic,authentic,,,O=C(CNC(=O)c1ccc(CNS(=O)(=O)c2ccccc2)s1)CSCc1ccccc1,train,641.1450000000001,3.7016000000000018,0.2029841030644891,41,81
subcategory_bioisostere.add-S_767,C[C@H]1C=C(C2=Nc3cc(Cl)ccc3Nc3ccc(Cl)cc32)CCN1C,0,authentic,authentic,,,C1=C(C2=Nc3ccccc3Nc3ccccc32)CCNC1,train,372.29900000000015,5.8216000000000045,0.6829151598046538,25,47
subcategory_bioisostere.add-S_167,CCCS(=O)(=O)Nc1cccc(OCc2nc3ccccc3n2C)c1,0,authentic,authentic,,,c1ccc(OCc2nc3ccccc3[nH]2)cc1,train,359.451,3.304000000000002,0.7023500337840684,25,39
subcategory_bioisostere.add-S_790,CNC(=S)N(CCNC(=O)c1cc(Cl)ccc1OC)S(=O)(=O)c1ccccc1OC,0,authentic,authentic,,,O=C(NCCNS(=O)(=O)c1ccccc1)c1ccccc1,train,471.9880000000002,2.2821999999999996,0.5698776235075778,30,51
subcategory_bioisostere.add-S_482,COc1ccc(-n2nc(C(F)(F)F)c3c2C(=O)N(c2ccc(N(C)C(=O)CNC(C)(C)C)cc2)CC3)cc1,0,authentic,authentic,,,O=C1c2c(cnn2-c2ccccc2)CCN1c1ccccc1,train,529.5630000000003,4.453500000000004,0.5104998346496884,38,71
subcategory_bioisostere.add-S_765,Cl.Oc1ccc(C(O)C2CCCCN2)cc1,0,authentic,authentic,,,c1ccc(CC2CCCCN2)cc1,train,243.73399999999998,1.9894999999999994,0.7447668714953826,16,26
subcategory_bioisostere.add-S_1028,CCc1ccc(S(C)(=O)=O)c(C(=O)NC[C@@H]2CCCN2CC)c1O,1,bioisostere,add-S,CCc1ccc(OC)c(C(=O)NC[C@@H]2CCCN2CC)c1O,0 1 2 3 4 6 7 8 9 10 11 12 13 14 15 16 17 18 19 20 21 22 23,O=C(NC[C@@H]1CCCN1)c1ccccc1,train,354.47200000000015,1.5722,0.8097505122352218,24,46
subcategory_bioisostere.add-S_811,CSC(Cc1c[nH]cn1)C(=O)O,1,bioisostere,add-S,O=C(O)C(Cc1ccccc1)Cc1c[nH]cn1,1 2,c1ccc(CCCc2c[nH]cn2)cc1,train,186.236,0.7683999999999999,0.7284871856136449,12,22
subcategory_bioisostere.add-S_109,COc1cc2nc(O)nc(C)c2c(OC)c1OC,0,authentic,authentic,,,c1ccc2ncncc2c1,train,250.25399999999996,1.6696199999999997,0.892765375403096,18,28
subcategory_bioisostere.add-S_849,CS[C@@H]1CN(c2ccc(N3CCOCC3=O)cc2)C(=O)O1,1,bioisostere,add-S,O=C(NC[C@@H]1CN(c2ccc(N3CCOCC3=O)cc2)C(=O)O1)c1ccc(Cl)s1,1 2,O=C(NC[C@@H]1CN(c2ccc(N3CCOCC3=O)cc2)C(=O)O1)c1cccs1,train,308.35900000000004,1.6955000000000002,0.8503463034225985,21,40
subcategory_bioisostere.add-S_54,O=C(COc1ccc2c(c1)OCO2)NCCCc1ccccc1F,0,authentic,authentic,,,O=C(COc1ccc2c(c1)OCO2)NCCCc1ccccc1,train,331.34299999999996,2.682200000000001,0.7927298670090982,24,35
subcategory_bioisostere.add-S_1537,CSCCN1CC[C@@H](c2ccc(F)cc2)[C@H](COc2ccc3c(c2)OCO3)C1,1,bioisostere,add-S,OCCCN1CC[C@@H](c2ccc(F)cc2)[C@H](COc2ccc3c(c2)OCO3)C1,1 2,c1ccc([C@@H]2CCNC[C@H]2COc2ccc3c(c2)OCO3)cc1,train,403.51900000000023,4.401900000000004,0.683869285920817,28,53
subcategory_bioisostere.add-S_923,CSc1nc(C)cc(=O)n1Cc1ccc(-c2ccccc2C(=O)O)cc1,1,bioisostere,add-S,CCCCc1nc(C)cc(=O)n1Cc1ccc(-c2ccccc2C(=O)O)cc1,0 1 3 4 5 6 7 8 9 10 11 12 13 14 15 16 17 18 19 20 21 22 23 24 25,O=c1ccncn1Cc1ccc(-c2ccccc2)cc1,train,366.44200000000006,3.687120000000002,0.5507231044173774,26,43
subcategory_bioisostere.add-S_454,CC(C)N(CCC(CCCN(C)C)(C(N)=O)c1ccccc1F)C(C)C,0,authentic,authentic,,,c1ccccc1,train,365.53700000000003,3.3995000000000024,0.6537847252176281,26,43
subcategory_bioisostere.add-S_187,CC(C)C[C@H](N)C(=O)Nc1nc(N)c2nc(-c3ccccc3)c(N)nc2n1,0,authentic,authentic,,,c1ccc(-c2cnc3ncncc3n2)cc1,test,366.4290000000001,1.5631,0.5291685613705955,27,51
subcategory_bioisostere.add-S_895,[2H]c1c([2H])c(-c2ccccc2-c2nn[nH]n2)c([2H])c([2H])c1SC,1,bioisostere,add-S,[2H]c1c([2H])c(-c2ccccc2-c2nn[nH]n2)c([2H])c([2H])c1Cn1c(CCCC)nc(Cl)c1C(=O)O,1 2,c1ccc(-c2nn[nH]n2)c(-c2ccc(Cn3ccnc3)cc2)c1,train,272.369407112,3.2556000000000003,0.7435420402646662,19,54
subcategory_bioisostere.add-S_301,CCOP(=O)(O)CC[C@H]1O[C@@H](n2cnc(C(N)=O)n2)[C@H](O)[C@@H]1O,0,authentic,authentic,,,c1ncn([C@H]2CCCO2)n1,train,350.26800000000003,-1.3917999999999986,0.4320759502304049,23,59
subcategory_bioisostere.add-S_1051,OCCSc1cccc([C@@H]2CCCN3CCCC23)c1,1,bioisostere,add-S,Oc1cccc([C@@H]2CCCN3CCCC23)c1,0 1 2 3 5 6 7 8 9 10 11 12 13 14 15 16 17,c1ccc([C@@H]2CCCN3CCCC23)cc1,val,277.4329999999999,3.112800000000002,0.8554878309770165,19,32
subcategory_bioisostere.add-S_920,CSn1nc(-c2nc3ccccc3o2)oc1=O,1,bioisostere,add-S,CC(=O)n1nc(-c2nc3ccccc3o2)oc1=O,1 2,O=c1[nH]nc(-c2nc3ccccc3o2)o1,train,249.251,1.7706,0.6886908110078038,17,27
subcategory_bioisostere.add-S_558,C.[2H]C([2H])([2H])[NH+]1C2CC(OC(=O)C(O)(c3cccs3)c3cccs3)CC1C1OC12.[Br-],0,authentic,authentic,,,O=C(OC1CC2[NH2+]C(C1)C1OC21)C(c1cccs1)c1cccs1,train,477.4603053340001,-1.5758999999999972,0.4126995515957695,27,72
subcategory_bioisostere.add-S_328,CCSc1nc(-c2ccccc2)c(-c2ccccc2)[nH]1,0,authentic,authentic,,,c1ccc(-c2nc[nH]c2-c2ccccc2)cc1,train,280.396,4.855700000000003,0.6916013041498165,20,35
subcategory_bioisostere.add-S_171,CCCCCCCCCC[C@H]1CC[C@H]2[C@H](O)CCCN2C1,0,authentic,authentic,,,C1CCN2CCCCC2C1,train,295.511,4.752500000000004,0.6203305421713604,21,39
subcategory_bioisostere.add-S_1362,CCC[C@@H]1CN(Cc2ccccc2)C[C@H]1CNC(=O)c1cc(Cl)c(NC)cc1S(C)(=O)=O,1,bioisostere,add-S,CCC[C@@H]1CN(Cc2ccccc2)C[C@H]1CNC(=O)c1cc(Cl)c(NC)cc1OC,0 1 2 3 4 5 6 7 8 9 10 11 12 13 14 15 16 17 18 19 20 21 22 23 24 25 26 28 29 30,O=C(NC[C@H]1CCN(Cc2ccccc2)C1)c1ccccc1,val,478.0580000000002,4.063300000000003,0.5689593977882882,32,63
subcategory_bioisostere.add-S_255,CCO.Cl.O=C(O)COCCN1CCN(C(c2ccccc2)c2ccc(Cl)cc2)CC1,0,authentic,authentic,,,c1ccc(C(c2ccccc2)N2CCNCC2)cc1,train,471.4250000000002,3.5686000000000018,0.5740087423497112,31,50
subcategory_bioisostere.add-S_1056,C[C@@H](NC(=O)c1cc(Cl)ccc1S(C)(=O)=O)c1ccccc1F,1,bioisostere,add-S,COc1ccc(Cl)cc1C(=O)N[C@H](C)c1ccccc1F,0 1 2 3 4 5 6 7 8 9 10 12 13 14 15 16 17 18 19 20 21 22,O=C(NCc1ccccc1)c1ccccc1,train,355.81800000000004,3.3736000000000024,0.9140828225143055,23,46
subcategory_bioisostere.add-S_1531,CSc1ccc2c(c1)C1(CCN(C)CC1)OC2,1,bioisostere,add-S,CC.CC.CC.Cc1ccc2c(c1)C1(CCN(C)CC1)OC2,0 1 3 4 5 6 7 8 9 10 11 12 13 14 15,c1ccc2c(c1)COC21CCNCC1,train,249.3789999999999,2.8596000000000013,0.7101645712340143,17,29
subcategory_bioisostere.add-S_1478,COc1ccc(-n2nc(C(N)=O)c(SC)c2C(=O)N(C)c2ccc(N3CCCC3=O)c(C)c2)cc1F,1,bioisostere,add-S,COc1ccc(-n2nc(C(N)=O)c3c2C(=O)N(c2ccc(N4CCCC4=O)c(C)c2)CC3)cc1F,1 2 7 11 12 14 15 18 19 22 23 26 27 29 31 32 33 34 35,O=C1CCCN1c1ccc(N2CCc3cnn(-c4ccccc4)c3C2=O)cc1,train,511.57900000000035,3.5526200000000028,0.48593684744051846,36,64
subcategory_bioisostere.add-S_760,CN1CCN(C2=Nc3cc(Cl)c(F)cc3Nc3ccccc32)CC1,0,authentic,authentic,,,c1ccc2c(c1)N=C(N1CCNCC1)c1ccccc1N2,train,344.8210000000001,3.8618000000000023,0.7869185309364141,24,40
subcategory_bioisostere.add-S_984,COC(=O)c1nc(O)n2cccc(-c3ccc(-n4ccnc4SC)cc3)c12,1,bioisostere,add-S,COC(=O)c1nc(O)n2cccc(-c3ccc(-n4ccnc4C)cc3)c12,1 2,c1cc(-c2ccc(-n3ccnc3)cc2)c2cncn2c1,train,380.4290000000001,3.4011000000000022,0.43163721353230183,27,46
subcategory_bioisostere.add-S_1313,COc1cc(F)c(-n2nc(C(N)=O)c3c2C(=O)N(c2ccc(N4CCCCC4=O)cc2)CC3)cc1SC,1,bioisostere,add-S,NC(=O)c1nn(-c2cc3c(cc2F)OCC3)c2c1CCN(c1ccc(N3CCCCC3=O)cc1)C2=O,1 2 7 10,O=C1CCCCN1c1ccc(N2CCc3cnn(-c4ccc5c(c4)CCO5)c3C2=O)cc1,train,523.5900000000004,3.5606000000000027,0.49492335544382543,37,65
subcategory_bioisostere.add-S_106,C=CCN(C)C(=O)N1CCC(CN2CCC(NC(=O)c3cc(Cl)c(N)cc3OC)CC2)CC1,0,authentic,authentic,,,O=C(NC1CCN(CC2CCNCC2)CC1)c1ccccc1,train,478.0370000000003,3.0748000000000006,0.4648868494275734,33,57
subcategory_bioisostere.add-S_512,NC(=S)c1ncn(C2O[C@H](COS(N)(=O)=O)[C@@H](O)[C@H]2O)n1,0,authentic,authentic,,,c1ncn(C2CCCO2)n1,train,339.355,-3.248399999999999,0.39842809122335177,21,53
subcategory_bioisostere.add-S_283,COc1cc2c(c(OC)c1OC)-c1ccc(OC)c(=O)cc1[C@@H](NC(=O)CCC(=O)OC[C@H]1OC(O)[C@@H](O)[C@@H](O)[C@@H]1O)CC2,0,authentic,authentic,,,O=C(CCC(=O)OC[C@@H]1CCCCO1)N[C@H]1CCc2ccccc2-c2cccc(=O)cc21,val,619.6200000000005,-0.024999999999998357,0.22249732079576373,44,100
subcategory_bioisostere.add-S_1238,CSc1ccc(OC(F)(F)F)c(Cc2ccccc2)c1,1,bioisostere,add-S,CNCCc1ccc(OC(F)(F)F)c(Cc2ccccc2)c1,0 1 3 4 5 6 7 8 9 10 11 12 13 14 15 16 17 18,c1ccc(Cc2ccccc2)cc1,train,298.32899999999995,4.8979000000000035,0.7426134663206364,20,32
subcategory_bioisostere.add-S_408,COc1ccc2cc(C(C)C(=O)NCC(=O)O)ccc2c1,0,authentic,authentic,,,c1ccc2ccccc2c1,train,287.315,2.1527000000000003,0.8832185106643516,21,35
subcategory_bioisostere.add-S_331,COc1ccc(-n2nc(C(=O)CCN3CCCCC3)c3c2CCCC3)cc1.Cl,0,authentic,authentic,,,O=C(CCN1CCCCC1)c1nn(-c2ccccc2)c2c1CCCC2,test,403.9540000000001,4.240200000000004,0.6765963186780843,28,46
subcategory_bioisostere.add-S_857,CSC(Cc1ccccc1)Cc1c[nH]cn1,1,bioisostere,add-S,O=C(O)C(Cc1ccccc1)Cc1c[nH]cn1,1 2,c1ccc(CCCc2c[nH]cn2)cc1,train,232.352,2.9265000000000008,0.8583437929132852,16,25
subcategory_bioisostere.add-S_1080,CSC1CCCCc2nc3c(c(=O)n21)CCCC3,1,bioisostere,add-S,CC1CCCCc2nc3c(c(=O)n21)CCCC3,1 2,O=c1c2c(nc3n1CCCCC3)CCCC2,train,264.394,2.7101000000000006,0.782005361709579,18,29
subcategory_bioisostere.add-S_1029,Cc1ccc2oc(C)c(C(=O)c3ccc(S(C)(=O)=O)cc3)c2c1,1,bioisostere,add-S,Cc1ccc2oc(C)c(C(=O)c3ccc(OCCCN(C)C)cc3)c2c1,0 1 2 3 4 5 6 7 8 9 10 11 12 13 15 16 17 18 19 20 21 22,O=C(c1ccccc1)c1coc2ccccc12,train,328.38900000000007,3.684140000000003,0.6879678330632764,23,44
subcategory_bioisostere.add-S_782,Cc1c(O)c(=O)ccn1CCCCCCNc1ccnc2cc(Cl)ccc12,0,authentic,authentic,,,O=c1ccn(CCCCCCNc2ccnc3ccccc23)cc1,train,385.89500000000004,4.736420000000003,0.5495733739301865,27,41
subcategory_bioisostere.add-S_577,Brc1ccccc1/C=N\Nc1nncc2ccccc12,0,authentic,authentic,,,C(=N/Nc1nncc2ccccc12)/c1ccccc1,train,327.18500000000006,3.838300000000001,0.5873258208800843,20,30
subcategory_bioisostere.add-S_1493,COc1cc(S(C)(=O)=O)ccc1-c1nc2c(=O)n(C)c(=O)n(C)c2[nH]1,1,bioisostere,add-S,COc1ccc(-c2nc3c(=O)n(C)c(=O)n(C)c3[nH]2)c(OC)c1,0 1 2 3 5 6 7 8 9 10 11 12 13 14 15 16 17 18 19 20 21 22 23 24,O=c1[nH]c(=O)c2nc(-c3ccccc3)[nH]c2[nH]1,train,364.3830000000001,0.03939999999999949,0.7013718107595124,25,53
subcategory_bioisostere.add-S_902,CSCC(c1ccccc1)n1cncn1,1,bioisostere,add-S,CCCC(c1ccccc1)n1cncn1,0 1 3 4 5 6 7 8 9 10 11 12 13,c1ccc(Cn2cncn2)cc1,train,219.31300000000002,2.2305,0.7897341542773133,15,21
subcategory_bioisostere.add-S_1168,COc1cc(C(=O)N(C)C[C@](CCN2CCC(C(N)=O)(c3ccccc3)CC2)(OS(=O)(=O)O)c2ccc(F)c(F)c2)cc(OC)c1OC,1,bioisostere,add-S,COc1cc(C(=O)N2CO[C@](CCN3CCC(C(N)=O)(c4ccccc4)CC3)(c3ccc(F)c(F)c3)C2)cc(OC)c1OC,10 28 29 30 31 32,O=C(c1ccccc1)N1CO[C@](CCN2CCC(c3ccccc3)CC2)(c2ccccc2)C1,train,691.7500000000002,3.6867000000000028,0.23909445266859053,48,89
subcategory_bioisostere.add-S_753,COCC(C)COc1ccc(-c2nc(C)c(C(=O)O)s2)cc1C#N,0,authentic,authentic,,,c1ccc(-c2nccs2)cc1,train,346.408,3.349700000000002,0.8262927994597964,24,41
subcategory_bioisostere.add-S_1538,CCCN(CCC)CCc1ccc(OS(=O)(=O)O)cc1OC,1,bioisostere,add-S,CCCN(CCC)CCc1ccc(OCCc2ccccc2)cc1OC.O=C(O)C(=O)O,12 13 14 15 16 17,c1ccc(CCOc2ccccc2)cc1,test,331.4340000000001,2.5413000000000006,0.6640767298894638,22,34
subcategory_bioisostere.add-S_1504,CCN(CSC)C1CCN(c2cc(-c3ccccc3)c3c(n2)OCCCN(Cc2cc(C(F)(F)F)cc(C(F)(F)F)c2)C3=O)CC1,1,bioisostere,add-S,O=C1c2c(-c3ccccc3)cc(N3CCC(N4CCCCC4)CC3)nc2OCCCN1Cc1cc(C(F)(F)F)cc(C(F)(F)F)c1,3 4 5,O=C1c2c(-c3ccccc3)cc(N3CCC(N4CCCCC4)CC3)nc2OCCCN1Cc1ccccc1,test,666.7320000000002,7.822300000000008,0.1806201643912421,46,80
subcategory_bioisostere.add-S_633,CCCOc1ccc(S(=O)(=O)NC(=O)CC2CCCN2C)cc1C(=O)Nc1c(CCC)nn(C)c1C(N)=O,0,authentic,authentic,,,O=C(CC1CCCN1)NS(=O)(=O)c1cccc(C(=O)Nc2cn[nH]c2)c1,train,548.6660000000003,1.801800000000001,0.3610791783835184,38,65
subcategory_bioisostere.add-S_489,Cc1cnc(CS(=O)c2nc3ccccc3[nH]2)c(C)c1OCC(F)(F)C(F)(F)F,0,authentic,authentic,,,O=S(Cc1ccccn1)c1nc2ccccc2[nH]1,train,433.40200000000016,4.458940000000003,0.5832341080177615,29,53
subcategory_bioisostere.add-S_1093,CSCc1ccc(C2CC(c3ccc(F)cc3)=Nc3ncnn32)cc1,1,bioisostere,add-S,CCc1ccc(C2CC(c3ccc(F)cc3)=Nc3ncnn32)cc1,1 2,c1ccc(C2=Nc3ncnn3C(c3ccccc3)C2)cc1,train,352.438,4.3941000000000034,0.6991222874472948,25,40
subcategory_bioisostere.add-S_479,CCCNc1cccnc1N1CCN(C(=O)c2cc3ccccc3[nH]2)CC1,0,authentic,authentic,,,O=C(c1cc2ccccc2[nH]1)N1CCN(c2ccccn2)CC1,train,363.4650000000001,3.3472000000000017,0.7296580902311408,27,43
subcategory_bioisostere.add-S_1516,CSC1(c2ccccc2)OC(=O)NC1=O,1,bioisostere,add-S,CCC1(c2ccccc2)OC(=O)NC1=O,1 2,O=C1NC(=O)C(c2ccccc2)O1,train,223.25299999999996,1.4687999999999999,0.8244648439117189,15,25
subcategory_bioisostere.add-S_583,C.C[N+]1(C)C2CC(OC(=O)C(O)(c3cccs3)c3cccs3)CC1C1OC12,0,authentic,authentic,,,O=C(OC1CC2[NH2+]C(C1)C1OC21)C(c1cccs1)c1cccs1,train,408.5650000000001,2.9818000000000007,0.4800479085936605,27,52
subcategory_bioisostere.add-S_1250,CSCNCCC[C@]1(c2ccc(F)cc2)OCc2cc(C#N)ccc21,1,bioisostere,add-S,CCOC(=O)CNCCC[C@]1(c2ccc(F)cc2)OCc2cc(C#N)ccc21,0 1 2,c1ccc(C2OCc3ccccc32)cc1,train,356.46600000000007,4.161480000000003,0.5975647232283463,25,41
subcategory_bioisostere.add-S_909,CSn1cc(CNc2ccnc3cc(Cl)ccc23)nn1,1,bioisostere,add-S,Clc1ccc2c(NCc3cn(CCN4CCCCC4)nn3)ccnc2c1,1 2,c1ccc2c(NCc3cn(CCN4CCCCC4)nn3)ccnc2c1,train,305.79400000000004,3.217900000000001,0.8018337680394915,20,31
subcategory_bioisostere.add-S_486,C=CCOc1ccccc1CNCc1ccc(F)cc1.Cl,0,authentic,authentic,,,c1ccc(CNCc2ccccc2)cc1,train,307.7959999999999,4.102100000000004,0.7775595673540366,21,30
subcategory_bioisostere.add-S_746,CC(=O)c1ccccc1OCC(O)CN(Cc1ccccc1F)CC1CCCO1,0,authentic,authentic,,,c1ccc(CN(CCCOc2ccccc2)CC2CCCO2)cc1,val,401.4780000000002,3.449200000000002,0.6182222882911153,29,42
subcategory_bioisostere.add-S_841,COc1c2c(cc(O)c1OSC)[C@]13C=C[C@H](OC)C[C@H]1N(CC3)C2,1,bioisostere,add-S,COc1c(O)cc2c(c1OC)CN1CC[C@]23C=C[C@H](OC)C[C@@H]13,9 10 11,C1=C[C@@]23CCN(Cc4ccccc42)[C@@H]3CC1,train,349.45200000000017,2.858200000000001,0.6663189564653287,24,52
subcategory_bioisostere.add-S_89,CCOC(=O)c1sc(-c2ccc(OCC(C)C)c(C=O)c2)nc1C,0,authentic,authentic,,,c1ccc(-c2nccs2)cc1,train,347.4360000000001,4.142520000000003,0.5561012938883975,24,41
subcategory_bioisostere.add-S_1455,CCOc1ccc2c(c1)c(SC)c1n2Cc2ccccc2-1,1,bioisostere,add-S,CCOc1ccc2c(c1)c(CCNC(=O)C1CC1)c1n2Cc2ccccc2-1,1 2,O=C(NCCc1c2n(c3ccccc13)Cc1ccccc1-2)C1CC1,train,295.407,4.790600000000004,0.5044275553528844,21,34
subcategory_bioisostere.add-S_339,Cc1cc(=O)n2c(C)c(CCN3CCC(c4noc5cc(F)ccc45)CC3)sc2n1,0,authentic,authentic,,,O=c1ccnc2sc(CCN3CCC(c4noc5ccccc45)CC3)cn12,train,426.51700000000017,4.0752400000000035,0.4921539988760102,30,51
subcategory_bioisostere.add-S_1511,CSCOc1ccc(C2C(CCC(O)c3ccc(F)cc3)C(=O)N2c2ccc(F)cc2)cc1,1,bioisostere,add-S,C=CCOc1ccc(C2C(CCC(O)c3ccc(F)cc3)C(=O)N2c2ccc(F)cc2)cc1,0 1 2,O=C1C(CCCc2ccccc2)C(c2ccccc2)N1c1ccccc1,train,469.5530000000001,5.882000000000006,0.3140129617624473,33,54
subcategory_bioisostere.add-S_370,COC(=O)CCCC(C)N1CCc2c(C(F)(F)F)nn(-c3ccc(OC)cc3)c2C1=O,0,authentic,authentic,,,O=C1NCCc2cnn(-c3ccccc3)c21,train,439.43400000000014,3.629800000000002,0.616345656161964,31,54
subcategory_bioisostere.add-S_332,CN(C)P1(N(C)C)=NP(N(C)C)(N(C)C)=NP(N(C)C)(N2CC2)=N1,0,authentic,authentic,,,C1CN1[PH]1=NP=NP=N1,train,397.3890000000001,2.962200000000001,0.5074906083728129,24,51
subcategory_bioisostere.add-S_315,Nc1nc(O)c2ncn(C3CCCc4ccccc43)c2n1,0,authentic,authentic,,,c1ccc2c(c1)CCCC2n1cnc2cncnc21,train,281.31899999999996,2.0397999999999996,0.712069937611661,21,33
subcategory_bioisostere.add-S_1411,COc1cc(CC(=O)N2CCN(C(=O)CNC3CCN(Cc4ccccc4)CC3)C(c3ccc(Cl)c(Cl)c3)C2)cc(OC)c1OS(=O)(=O)O,1,bioisostere,add-S,COc1cc(CC(=O)N2CCN(C(=O)CNC3CCN(Cc4ccccc4)CC3)C(c3ccc(Cl)c(Cl)c3)C2)cc(OC)c1OC,43 44 45 46 47 48,O=C(Cc1ccccc1)N1CCN(C(=O)CNC2CCN(Cc3ccccc3)CC2)C(c2ccccc2)C1,train,735.6870000000004,4.401000000000004,0.2577623979662906,49,87
subcategory_bioisostere.add-S_1223,CS(=O)(=O)c1ccc(-c2oc3ccccc3c2C(=O)c2cccc(F)c2)cc1,1,bioisostere,add-S,CCN(CC)CCOc1ccc(-c2oc3ccccc3c2C(=O)c2cccc(F)c2)cc1,0 1 2 3 4,O=C(c1ccccc1)c1c(-c2ccccc2)oc2ccccc12,train,394.4230000000001,4.873400000000004,0.4632145250446755,28,50
subcategory_bioisostere.add-S_268,COc1ccc2c3c1O[C@H]1C[C@@H](O)C=C[C@@]31CCN(c1ccc(C(C)(C)C)cc1)C2,0,authentic,authentic,,,C1=C[C@@]23CCN(c4ccccc4)Cc4cccc(c42)O[C@H]3CC1,train,405.5380000000002,4.722600000000004,0.7342043024880849,30,64
subcategory_bioisostere.add-S_1564,CC(C)(C)[C@H]1CC[C@@H](N2CCC(c3ccccc3)CC2)[C@H](SCCO)C1,1,bioisostere,add-S,CC(C)(C)[C@H]1CC[C@@H](N2CCC(c3ccccc3)CC2)[C@H](O)C1,0 1 2 3 4 5 6 7 8 9 10 11 12 13 14 15 16 17 18 19 21 22 23 24,c1ccc(C2CCN(C3CCCCC3)CC2)cc1,train,375.6220000000002,5.174900000000006,0.7673442450916969,26,55
subcategory_bioisostere.add-S_689,COc1ccc2c(c1)c1c3cc[n+](C)cc3ccc1n2C.[I-],0,authentic,authentic,,,c1ccc2c(c1)[nH]c1ccc3c[nH+]ccc3c12,train,404.25100000000003,0.3217999999999994,0.330381867184495,22,41
subcategory_bioisostere.add-S_1355,CS(=O)(=O)OC(=O)CCNCC(O)COc1ccccc1,1,bioisostere,add-S,CCOC(=O)CCNCC(O)COc1ccccc1,0 1 2 3 4 5,c1ccccc1,train,317.363,-0.09119999999999928,0.4845202411199701,21,34
subcategory_bioisostere.add-S_1491,CC(=O)c1sc(-c2ccc(S(C)(=O)=O)c(C(C)C)c2)nc1C,1,bioisostere,add-S,CC.CC(=O)c1sc(-c2ccc(OCC(C)C)c(C(C)C)c2)nc1C,0 1 2 3 4 5 6 7 8 10 11 12 13 14 15 16 17 18 19 20 21,c1ccc(-c2nccs2)cc1,train,337.46600000000007,3.8480200000000027,0.7950306011483772,22,44
subcategory_bioisostere.add-S_1405,COc1cccc2cc(-c3nc4c(=O)n(C)c(=O)n(SC)c4[nH]3)oc12,1,bioisostere,add-S,COc1cccc2cc(-c3nc4c(=O)n(C)c(=O)n(C)c4[nH]3)oc12,1 2,O=c1[nH]c(=O)c2nc(-c3cc4ccccc4o3)[nH]c2[nH]1,train,358.379,1.9711999999999998,0.6015840787369365,25,49
subcategory_bioisostere.add-S_1105,Cc1cc(C(=O)c2c(-c3ccccc3)oc3ccccc23)ccc1SCCO,1,bioisostere,add-S,CCN(CC)CCCOc1ccc(C(=O)c2c(-c3ccccc3)oc3ccccc23)cc1C,23 24 25 26 27,O=C(c1ccccc1)c1c(-c2ccccc2)oc2ccccc12,train,388.48800000000017,5.723620000000005,0.33877952829141983,28,44
subcategory_bioisostere.add-S_1496,CSC(F)(F)C(Cn1cncn1)(OS(C)(=O)=O)c1ccc(F)cc1,1,bioisostere,add-S,CSC(F)(F)C(O)(Cn1cncn1)c1ccc(F)cc1,5 12 13 14 15 16,c1ccc(CCn2cncn2)cc1,train,381.4010000000001,2.2447,0.6851449750606682,24,44
subcategory_bioisostere.add-S_207,Cn1cnc([N+](=O)[O-])c1Sc1ncnc2ncn(N=O)c12,0,authentic,authentic,,,c1nc(Sc2cnc[nH]2)c2[nH]cnc2n1,train,306.26700000000005,1.1486999999999996,0.3029873672452513,21,41
subcategory_bioisostere.add-S_605,COP(=O)(/C=C/c1c(-c2ccc(F)cc2)c2ccccc2n1C(C)C)CC(=O)CC(=O)O,0,authentic,authentic,,,c1ccc(-c2c[nH]c3ccccc23)cc1,train,457.4380000000003,5.967300000000005,0.31619393385720507,32,59
subcategory_bioisostere.add-S_158,Cn1nc(N)c2cc(-c3ccccc3)cnc21,0,authentic,authentic,,,c1ccc(-c2cnc3[nH]ncc3c2)cc1,train,224.26700000000002,2.2175000000000002,0.6891226462962029,17,28
subcategory_bioisostere.add-S_317,COc1cc(O)cc2c1C(=O)O[C@@H](C)CCCCCCCC(=O)C2,0,authentic,authentic,,,O=C1CCCCCCCCOC(=O)c2ccccc2C1,train,334.41200000000015,3.8020000000000023,0.7908484740908331,24,43
subcategory_bioisostere.add-S_281,CC(C)OC(=O)OCN1C(=O)CCc2ccc(OCCCCN3CCN(c4cccc(Cl)c4Cl)CC3)cc21,0,authentic,authentic,,,O=C1CCc2ccc(OCCCCN3CCN(c4ccccc4)CC3)cc2N1,train,564.5100000000002,5.772900000000006,0.2680085285782498,38,62
subcategory_bioisostere.add-S_463,CC[C@H]1OC(=O)[C@H](C)[C@@H](O[C@H]2C[C@@](C)(OC)C[C@H](C)O2)[C@H](C)[C@@H](O[C@@H]2O[C@H](C)C[C@H](NC)[C@H]2O)[C@@]2(C)CC(C)=C(O2)[C@H](C)[C@@H](O)[C@]1(C)O,0,authentic,authentic,,,O=C1C[C@@H](O[C@H]2CCCCO2)C[C@@H](O[C@H]2CCCCO2)C2CC=C(CCCCO1)O2,train,685.8960000000001,3.579300000000005,0.2898397640876908,48,157
subcategory_bioisostere.add-S_393,CNCCSC1=Cc2ccccc2Sc2ccccc21,0,authentic,authentic,,,C1=Cc2ccccc2Sc2ccccc21,train,299.46400000000006,4.601900000000003,0.8285588105193873,20,27
subcategory_bioisostere.add-S_995,CSn1c(=O)c2c(-c3noc(C4CC4)n3)ncn2c2ccccc21,1,bioisostere,add-S,CC(C)n1c(=O)c2c(-c3noc(C4CC4)n3)ncn2c2ccccc21,0 1 3 4 5 6 7 8 9 10 11 12 13 14 15 16 17 18 19 20 21 22,O=c1[nH]c2ccccc2n2cnc(-c3noc(C4CC4)n3)c12,train,339.38000000000005,2.702700000000001,0.570953676986021,24,42
subcategory_bioisostere.add-S_699,C[N+]1(CC(=O)O)[C@@H]2CC(OC(=O)C(O)(c3cccs3)c3cccs3)C[C@H]1[C@@H]1O[C@@H]12,0,authentic,authentic,,,O=C(OC1C[C@@H]2[NH2+][C@H](C1)[C@H]1O[C@H]12)C(c1cccs1)c1cccs1,train,436.5310000000001,1.8005000000000007,0.4073057897891303,29,75
subcategory_bioisostere.add-S_438,Cc1c(NC(=O)Cc2ccc(Br)cc2)ccc2nc(N)nc(N)c12,0,authentic,authentic,,,O=C(Cc1ccccc1)Nc1ccc2ncncc2c1,train,386.25300000000016,3.0463199999999997,0.6415213355051673,24,42
subcategory_bioisostere.add-S_369,CC(=O)O[C@@H]1[C@@H](OC(C)=O)C(C)(C)/C=C/[C@H](C)C(=O)[C@@]2(OC(C)=O)C[C@@H](C)[C@H](OC(=O)c3ccccc3)/C2=C\[C@](C)(O)[C@@H]1OC(C)=O,0,authentic,authentic,,,O=C(O[C@H]1CCC2C(=O)C/C=C/CCCCC/C=C/21)c1ccccc1,val,656.7250000000003,3.8274000000000026,0.2672992947218889,47,130
subcategory_bioisostere.add-S_632,CCS(=O)(=O)CC(C)OCn1cc[n+](C)c1/C=N/O.[Cl-],0,authentic,authentic,,,c1c[nH+]c[nH]1,train,325.818,-3.077999999999995,0.24934565461943972,20,43
subcategory_bioisostere.add-S_742,COc1ccnc(CSc2nc3cc(OC(F)F)c(OC(F)F)cc3[nH]2)c1OC,0,authentic,authentic,,,c1ccc(CSc2nc3ccccc3[nH]2)nc1,train,433.3830000000001,4.470200000000002,0.39405374173986424,29,48
subcategory_bioisostere.add-S_37,COc1ccc2c3c1O[C@H]1C[C@@H](O)C=C[C@@]31CCNC2.O=C(O)C(F)(F)F,0,authentic,authentic,,,C1=C[C@@]23CCNCc4cccc(c42)O[C@H]3CC1,train,387.35400000000004,2.1414,0.64031630725931,27,59
subcategory_bioisostere.add-S_1561,CCC(C)C(=O)c1c(O)c(C/C=C(\C)CCC=C(C)C)c(O)c2c([C@H](CC)SCCO)cc(=O)oc12,1,bioisostere,add-S,CCC(C)C(=O)c1c(O)c(C/C=C(\C)CCC=C(C)C)c(O)c2c([C@@H](O)CC)cc(=O)oc12,24 27 28 29 30,O=c1ccc2ccccc2o1,train,516.7000000000003,6.844800000000008,0.15181567265644846,36,70
subcategory_bioisostere.add-S_1041,CCCC(=O)NC(CO)C(c1ccc([N+](=O)[O-])cc1)S(C)(=O)=O,1,bioisostere,add-S,CCCC(=O)NC(CO)C(O)c1ccc([N+](=O)[O-])cc1,9 19 20 21 22,c1ccccc1,train,344.38900000000007,0.9577000000000001,0.5339962614623924,23,49
subcategory_bioisostere.add-S_867,CCOc1ccc(-n2c(C)c3c(Nc4ccccc4)nnc(C)c3c2SC)cc1,1,bioisostere,add-S,CCOc1ccc(-n2c(C)c3c(C)nnc(Nc4ccccc4)c3c2C)cc1,1 2,c1ccc(Nc2nncc3cn(-c4ccccc4)cc23)cc1,train,404.53900000000016,5.901540000000004,0.40543214829279345,29,46
subcategory_bioisostere.add-S_1373,CCCCN(Cc1cccc(F)c1)CC(Cn1cncn1)(c1ccc(F)cc1F)S(C)(=O)=O,1,bioisostere,add-S,CCCCN(Cc1cccc(F)c1)CC(O)(Cn1cncn1)c1ccc(F)cc1F,14 29 30 31 32,c1ccc(CNCC(Cn2cncn2)c2ccccc2)cc1,train,480.5560000000001,3.937800000000003,0.4159832809301147,33,55
subcategory_bioisostere.add-S_1460,CSC1CCCN1C(=O)OCc1ccccc1,1,bioisostere,add-S,O=C(C1CCCN1C(=O)OCc1ccccc1)N1CCCC1,1 2,O=C(C1CCCN1C(=O)OCc1ccccc1)N1CCCC1,val,251.35100000000003,3.108100000000002,0.8263831301900351,17,24
subcategory_bioisostere.add-S_191,COc1cc(N)c(Cl)cc1C(=O)NCCC1(N(C)C)CCCCC1,0,authentic,authentic,,,O=C(NCCC1CCCCC1)c1ccccc1,train,353.89400000000023,3.3152000000000017,0.7697389711680523,24,40
subcategory_bioisostere.add-S_1078,COc1cc2c(c(OS(C)(=O)=O)c1OC)C1=C[C@H]3O[C@@]1(C=CC3=O)[C@@H](NC(C)=O)CC2,1,bioisostere,add-S,COc1cc2c(c(OC)c1OC)C1=C[C@H]3O[C@@]1(C=CC3=O)[C@@H](NC(C)=O)CC2,6 7 8 9 10 11,O=C1C=C[C@]23CCCc4ccccc4C2=C[C@H]1O3,train,449.4810000000002,1.1529999999999996,0.6656901790764775,31,72
subcategory_bioisostere.add-S_1403,CSCN1CNc2cc(Cl)c(S(N)(=O)=O)cc2S1(=O)=O,1,bioisostere,add-S,NCCN1CNc2cc(Cl)c(S(N)(=O)=O)cc2S1(=O)=O,1 2,O=S1(=O)NCNc2ccccc21,train,357.8660000000001,0.6816000000000004,0.8228361087668316,20,39
subcategory_bioisostere.add-S_1372,CS[C@@H]1N=C(c2ccccc2Cl)c2cc(F)ccc2NC1=O,1,bioisostere,add-S,C[C@@H]1N=C(c2ccccc2Cl)c2cc(F)ccc2NC1=O,0 1 3 4 5 6 7 8 9 10 11 12 13 14 15 16 17 18 19 20,O=C1CN=C(c2ccccc2)c2ccccc2N1,train,334.80300000000005,3.9577000000000018,0.9028730000883797,22,40
subcategory_bioisostere.add-S_261,[B]C([B])(C)N1CCN(C2=Nc3cc(Cl)ccc3Nc3ccccc32)CC1,0,authentic,authentic,,,c1ccc2c(c1)N=C(N1CCNCC1)c1ccccc1N2,train,360.4660000000002,3.103600000000001,0.7930956607700073,26,48
subcategory_bioisostere.add-S_672,CS(=O)(=O)c1ccc(C2=C(c3ccc(Cl)c(F)c3)C(=O)CC2)cc1,0,authentic,authentic,,,O=C1CCC(c2ccccc2)=C1c1ccccc1,train,364.82500000000016,4.156300000000003,0.8213996434764962,24,49
subcategory_bioisostere.add-S_1317,C=CC(C)(C)N1CC[C@]23[CH][C@@H](O)C=C[C@H]2[C@H]1Cc1ccc(O)c(OS(C)(=O)=O)c13,1,bioisostere,add-S,C=CC(C)(C)N1CC[C@]23c4c5ccc(O)c4O[C@H]2[C@@H](O)C=C[C@H]3[C@H]1C5,22 23 24 25 26 27,C1=C[C@H]2[C@H]3Cc4cccc5c4[C@@]2(CCN3)[C@H](C1)O5,test,418.5350000000002,2.31459,0.5764607952235994,29,74
subcategory_bioisostere.add-S_771,CCCN(CCCNc1ccnc2cc(Cl)ccc12)CC1CC1,0,authentic,authentic,,,c1ccc2c(NCCCNCC3CC3)ccnc2c1,train,331.8910000000002,4.812200000000004,0.6680784953866479,23,34
subcategory_bioisostere.add-S_1589,CSC1=NN=C2CN=C(c3ccccc3Cl)c3cc(Cl)ccc3N2C1,1,bioisostere,add-S,CNCC1=NN=C2CN=C(c3ccccc3Cl)c3cc(Cl)ccc3N2C1,0 1 3 4 5 6 7 8 9 10 11 12 13 14 15 16 17 18 19 20 21 22 23,C1=NN=C2CN=C(c3ccccc3)c3ccccc3N2C1,train,389.31100000000015,4.739400000000003,0.7070164813139951,25,42
subcategory_bioisostere.add-S_634,CNS(=O)(=O)c1ccc2c(c1)CNCC2,0,authentic,authentic,,,c1ccc2c(c1)CCNC2,train,226.30099999999996,0.24039999999999978,0.7592558507095676,15,27
subcategory_bioisostere.add-S_173,CCC(N)C1(CC(=O)O)CCCCC1.Cl,0,authentic,authentic,,,C1CCCCC1,train,235.75499999999994,2.570700000000001,0.7873975815658156,15,26
subcategory_bioisostere.add-S_1218,CSOc1ccc2c(c1)C(O)(CN)CCC2,1,bioisostere,add-S,COc1ccc2c(c1)C(O)(CN)CCC2,0 1 2,c1ccc2c(c1)CCCC2,train,239.33999999999995,1.826,0.7900906772589126,16,26
subcategory_bioisostere.add-S_1595,CSCCn1c(=O)c2nc(-c3ccsc3)[nH]c2n(C)c1=O,1,bioisostere,add-S,CCCn1c(=O)c2nc(-c3ccsc3)[nH]c2n(C)c1=O,0 1 2,O=c1[nH]c(=O)c2nc(-c3ccsc3)[nH]c2[nH]1,train,322.41500000000013,1.5147999999999997,0.7901977482325765,21,39
subcategory_bioisostere.add-S_802,CC(C)[C@@H]1[C@H](OC(=O)N[C@@H](Cc2ccccc2)[C@@H](CN2CCN(Cc3cccs3)C[C@H]2C(=O)NC(C)(C)C)OS(=O)(=O)O)CCS1(=O)=O,1,bioisostere,add-S,CC(C)[C@@H]1[C@H](OC(=O)N[C@@H](Cc2ccccc2)[C@H](O)CN2CCN(Cc3cccs3)C[C@H]2C(=O)NC(C)(C)C)CCS1(=O)=O,17 38 39 40 41 42,O=C(N[C@H](CCN1CCN(Cc2cccs2)CC1)Cc1ccccc1)O[C@@H]1CCS(=O)(=O)C1,train,728.9560000000004,2.8862000000000023,0.2592636130109627,48,109
subcategory_bioisostere.add-S_1356,CSC(CCN)C1=Nc2ccccc2N(C)c2ccc(Cl)cc21,1,bioisostere,add-S,CN1c2ccccc2N=C(C2CCNCC2)c2cc(Cl)ccc21,0 1 2 4 7 11,c1ccc2c(c1)N=C(C1CCNCC1)c1ccccc1N2,train,345.89900000000006,4.622500000000004,0.8784266776214411,23,37
subcategory_bioisostere.add-S_1343,C/C(=C/c1ccc(OS(=O)(=O)O)cc1)C(O)(c1ccc(F)cc1)C(C)CN(C)C,1,bioisostere,add-S,COc1ccc(/C=C(/C)C(O)(c2ccc(F)cc2)C(C)CN(C)C)cc1,6 7 8 9 10 11,C(=Cc1ccccc1)Cc1ccccc1,train,423.50600000000014,3.496100000000003,0.6322608110576537,29,56
subcategory_bioisostere.add-S_1494,CCN(CCNS(C)(=O)=O)C(=O)C1Cc2ccc(OC)cc2N2CCN(c3ccccc3Cl)CC12,1,bioisostere,add-S,COc1ccc2c(c1)N1CCN(c3ccccc3Cl)CC1C(C(=O)N1CCN(C(C)=O)CC1)C2,0 1 2 3 5 6 7 8 9 10 11 12 13 14 15 16 17 18 19 20 21 22 23 24 25 26 27 28 29 30 31 32 33 34,O=C(C1Cc2ccccc2N2CCN(c3ccccc3)CC12)N1CCNCC1,train,521.0830000000003,2.6138000000000012,0.5759795199916885,35,59
subcategory_bioisostere.add-S_716,CCN1CCC(OC(=O)c2cc(Cl)c(N)cc2OC)CC1,0,authentic,authentic,,,O=C(OC1CCNCC1)c1ccccc1,train,312.7970000000001,2.5719000000000003,0.683553182696781,21,35
subcategory_bioisostere.add-S_289,O=C1Nc2ccc(Cl)cc2C(CCCCl)(C(F)(F)F)O1,0,authentic,authentic,,,O=C1Nc2ccccc2CO1,train,328.11699999999996,4.678700000000002,0.818452207934177,20,37
subcategory_bioisostere.add-S_1359,CSc1cccc(S(=O)(=O)NCc2cccc(F)c2)c1,1,bioisostere,add-S,Nc1nccnc1C(=O)NCc1cccc(S(=O)(=O)NCc2cccc(F)c2)c1,1 2,O=C(NCc1cccc(S(=O)(=O)NCc2ccccc2)c1)c1cnccn1,val,311.40299999999996,3.0261000000000013,0.8634537320001676,20,34
subcategory_bioisostere.add-S_1193,CSCCC(=O)NC(C(=O)O)c1ccccc1,1,bioisostere,add-S,O=C(CCS)NC(C(=O)O)c1ccccc1,0 1 2 4 5 6 7 8 9 10 11 12 13 14 15 16,c1ccccc1,train,253.32300000000004,1.6816,0.8092016535798457,17,27
subcategory_bioisostere.add-S_166,CCCNC1=NC(=O)C2(CC(C)(C)Oc3ccccc32)N1,0,authentic,authentic,,,O=C1N=CNC12CCOc1ccccc12,train,287.363,1.9284,0.8722149333997986,21,37
subcategory_bioisostere.add-S_1546,CSCCCCn1cnc(C)c(CCN2CCC(c3noc4cc(F)ccc34)CC2)c1=O,1,bioisostere,add-S,CC(=O)OC1CCCn2c1nc(C)c(CCN1CCC(c3noc4cc(F)ccc34)CC1)c2=O,0 1 2 3,O=c1c(CCN2CCC(c3noc4ccccc34)CC2)cnc2n1CCCC2,train,458.60300000000024,4.397320000000004,0.4431136885803931,32,49
subcategory_bioisostere.add-S_307,N=C(N)NC(CC(=O)O)c1ccccc1,0,authentic,authentic,,,c1ccccc1,train,207.23300000000003,0.68547,0.4307624020561618,15,25
subcategory_bioisostere.add-S_1234,CCC(CCSC)C(=O)N(c1ccc(Cl)c(Cl)c1)C1CCCC1N(C)C,1,bioisostere,add-S,CN(C)C1CCCC1N(C(=O)C1CCCCC1)c1ccc(Cl)c(Cl)c1,0 1 2 3 5 6 7 8 9 10 11 12 13 14 15 16 17 18 19 20 21 22 23 24 25,O=C(C1CCCCC1)N(c1ccccc1)C1CCCC1,train,417.4460000000002,5.588400000000007,0.5510786253515296,26,45
subcategory_bioisostere.add-S_1344,CNc1nc(N)nnc1-c1cc(SC)c(C)c(Cl)c1Cl,1,bioisostere,add-S,CNc1nc(N)nnc1-c1cc(C)c(C)c(Cl)c1Cl,1 2,c1ccc(-c2cncnn2)cc1,train,330.244,3.499620000000001,0.8390097257581852,20,35
subcategory_bioisostere.add-S_516,CN1CC[C@]23c4c5ccc(O)c4O[C@H]2[C@]2(OCCF)C=C[C@@]3(C[C@@H]2[C@@](C)(O)CCc2ccccc2)[C@H]1C5,0,authentic,authentic,,,C1=C[C@]23C[C@H](CCCc4ccccc4)C1[C@@H]1Oc4cccc5c4[C@@]12CCN[C@@H]3C5,train,505.6300000000003,4.336000000000004,0.5486680150216207,37,89
subcategory_bioisostere.add-S_581,O=C(NCCNC(=O)c1cc(OCC(F)(F)F)ccc1OCC(F)(F)F)c1ccc(Cl)cc1,0,authentic,authentic,,,O=C(NCCNC(=O)c1ccccc1)c1ccccc1,train,498.80700000000013,4.382000000000003,0.3972682292320121,33,56
subcategory_bioisostere.add-S_791,CCc1nc(O)n(Cc2ccccc2)c1C(=O)c1ccc(-n2ccnc2C)cc1,0,authentic,authentic,,,O=C(c1ccc(-n2ccnc2)cc1)c1cncn1Cc1ccccc1,train,386.4550000000001,3.924520000000002,0.5098358945488253,29,47
subcategory_bioisostere.add-S_1389,COc1ccc(-c2nc(-c3ccc(F)cc3)c(C(=O)OS(=O)(=O)O)s2)cc1,1,bioisostere,add-S,COc1ccc(-c2nc(-c3ccc(F)cc3)c(C(=O)O)s2)cc1,17 19 20 21 22 23,c1ccc(-c2csc(-c3ccccc3)n2)cc1,train,409.41600000000005,3.5844000000000023,0.6425460244195494,27,52
subcategory_bioisostere.add-S_1142,CSc1ncn([C@@H]2O[C@H](CO)[C@@H](O)[C@H]2O)n1,1,bioisostere,add-S,NC(=S)c1ncn([C@@H]2O[C@H](CO)[C@@H](O)[C@H]2O)n1,1 2,c1ncn([C@H]2CCCO2)n1,train,247.276,-1.3885,0.5653290942530421,16,44
subcategory_bioisostere.add-S_193,OCc1cc(C(O)CNCCCCCOCCc2ccccc2)ccc1O,0,authentic,authentic,,,c1ccc(CCNCCCCCOCCc2ccccc2)cc1,train,373.49299999999994,2.9371000000000014,0.40598718882866763,27,35
subcategory_bioisostere.add-S_675,NC(=O)c1ncn(C2O[C@H](CO)[C@H](O)C2O)n1,0,authentic,authentic,,,c1ncn(C2CCCO2)n1,train,244.20700000000002,-3.0114999999999994,0.44284203167437103,17,38
subcategory_bioisostere.add-S_134,COc1ccccc1Cn1cnc2c(N(C)C)ncnc21,0,authentic,authentic,,,c1ccc(Cn2cnc3cncnc32)cc1,train,283.335,1.9491999999999996,0.7322379808800302,21,31
subcategory_bioisostere.add-S_685,CCN(CCCCCCCF)CCCCc1ccc(NS(C)(=O)=O)cc1,0,authentic,authentic,,,c1ccccc1,train,386.57700000000006,4.622700000000004,0.4474316729516023,26,38
subcategory_bioisostere.add-S_1325,CSc1ccc2c(-c3ccc(F)cc3)c(/C=C/C(O)CC(O)CC(=O)O)c(C(C)C)nn12,1,bioisostere,add-S,Cc1ccc2c(-c3ccc(F)cc3)c(/C=C/C(O)CC(O)CC(=O)O)c(C(C)C)nn12,1 2,c1ccc(-c2ccnn3cccc23)cc1,train,458.55500000000023,4.585500000000004,0.40628197964100615,32,59
subcategory_bioisostere.add-S_1292,CNC(Cn1cncn1)c1ccc(SC)cc1,1,bioisostere,add-S,CNC(Cn1cncn1)c1ccc(C)cc1,5 6,c1ccc(CCn2cncn2)cc1,train,248.35500000000002,1.9606999999999994,0.8214505857189215,17,25
subcategory_bioisostere.add-S_107,CCC(=O)N1CCCC(COc2cccc(C(=O)NC3CC3)c2)C1,0,authentic,authentic,,,O=C(NC1CC1)c1cccc(OCC2CCCNC2)c1,train,330.4280000000001,2.606200000000001,0.8720922144571045,24,40
subcategory_bioisostere.add-S_1224,C[NH2+][C@H]1CCc2cc(OC)c(OC)c(S(C)(=O)=O)c2-c2ccc(NCc3ccc(F)cc3)c(=O)cc21,1,bioisostere,add-S,C[NH2+][C@H]1CCc2cc(OC)c(OC)c(OC)c2-c2ccc(NCc3ccc(F)cc3)c(=O)cc21,0 1 2 3 4 5 6 7 8 9 10 11 12 14 15 16 17 18 19 20 21 22 23 24 25 26 27 28 29 30 31 32 33 34 35,O=c1cc2c(ccc1NCc1ccccc1)-c1ccccc1CCC2,train,513.6110000000002,3.066200000000001,0.5040601794724666,36,73
subcategory_bioisostere.add-S_1390,CC(=O)c1sc(-c2ccc(S(C)(=O)=O)c(C#N)c2)nc1C,1,bioisostere,add-S,CC(=O)c1sc(-c2ccc(O)c(C#N)c2)nc1C.CCCC,0 1 2 3 4 5 6 7 8 10 11 12 13 14 15 16 17 18 19 20,c1ccc(-c2nccs2)cc1,train,320.39500000000004,2.5963000000000003,0.8110927423212785,21,42
subcategory_bioisostere.add-S_692,O=C(NC[C@H](NCC1CC1)C(=O)Nc1ccc(N2CCOCC2=O)c(F)c1)c1ccc(Cl)s1,0,authentic,authentic,,,O=C(NC[C@H](NCC1CC1)C(=O)Nc1ccc(N2CCOCC2=O)cc1)c1cccs1,test,494.9760000000002,2.640500000000001,0.4974435080935775,33,61
subcategory_bioisostere.add-S_837,CSCC(C)(C)C(C)/N=c1\c(O)c(O)\c1=N/c1ccc(OC(F)(F)F)cc1,1,bioisostere,add-S,CC(/N=c1\c(O)c(O)\c1=N/c1ccc(OC(F)(F)F)cc1)C(C)(C)C,0 1 2 3,N=c1cc/c1=N\c1ccccc1,train,402.43800000000005,3.7828000000000035,0.7712056281530081,27,53
subcategory_bioisostere.add-S_793,CCCCCC[C@@H]1CC2C(CCC3(C)C(=O)CCC23)C2(C)C=CC(=O)C=C12,0,authentic,authentic,,,O=C1C=CC2C(=C1)CCC1C2CCC2C(=O)CCC21,test,368.56100000000004,6.059900000000007,0.5527264845874947,27,54
subcategory_bioisostere.add-S_579,CCC(C)N1Cc2c(nc(-c3ccccc3)c3ccccc23)C1=O,0,authentic,authentic,,,O=C1NCc2c1nc(-c1ccccc1)c1ccccc21,val,316.4040000000001,4.656100000000004,0.7040829318910874,24,40
subcategory_bioisostere.add-S_763,CC(C)(C)CN(Cc1ccccc1N1CCN(C(=O)[C@@H](Cc2ccc(Cl)cc2)NC(=O)[C@H]2Cc3ccccc3CN2)CC1)S(C)(=O)=O,0,authentic,authentic,,,O=C(N[C@H](Cc1ccccc1)C(=O)N1CCN(c2ccccc2)CC1)[C@H]1Cc2ccccc2CN1,train,680.315,4.238300000000003,0.3326986849245233,47,91
subcategory_bioisostere.add-S_745,CCCOc1ccc(C(=O)CN2CCOCC2)cc1-c1nc2c(CCC)nn(C)c2c(=O)[nH]1,0,authentic,authentic,,,O=C(CN1CCOCC1)c1cccc(-c2nc3cn[nH]c3c(=O)[nH]2)c1,train,453.5430000000002,2.5798000000000005,0.4969116284659481,33,57
subcategory_bioisostere.add-S_325,COc1ccc2nc(S(=O)Cc3cc(N4CCCC4)c(Br)cn3)[nH]c2c1,0,authentic,authentic,,,O=S(Cc1cc(N2CCCC2)ccn1)c1nc2ccccc2[nH]1,train,435.3470000000001,3.6370000000000013,0.662902980159689,26,47
subcategory_bioisostere.add-S_1248,Cn1c(-c2n[nH]c(S(C)(=O)=O)n2)nc2ccccc21,1,bioisostere,add-S,Cn1c(-c2n[nH]c(O)n2)nc2ccccc21,0 1 2 3 4 5 7 8 9 10 11 12 13 14 15 16 17 18,c1ccc2[nH]c(-c3nc[nH]n3)nc2c1,val,277.309,0.7618999999999994,0.7460923808480473,19,39
subcategory_bioisostere.add-S_1070,CC(=O)N1CCc2c(c(-c3ccc(I)cc3)nn2CCOS(=O)(=O)O)C1,1,bioisostere,add-S,CC(=O)N1CCc2c(c(-c3ccc(I)cc3)nn2CC(O)CN2CCC(n3c(O)nc4ccc(F)cc43)CC2)C1,18 19 20 21 22 23 24,c1ccc(-c2nn(CCCN3CCC(n4cnc5ccccc54)CC3)c3c2CNCC3)cc1,train,491.30700000000024,1.8786999999999998,0.5066097418621902,26,48
subcategory_bioisostere.add-S_1553,Cc1cnc(NC(=O)C2=C(SCCO)c3sc(C(F)(F)F)cc3S(=O)(=O)N2C)s1,1,bioisostere,add-S,Cc1cnc(NC(=O)C2=C(O)c3sc(C(F)(F)F)cc3S(=O)(=O)N2C)s1,9 10 11 12 13,O=C(Nc1nccs1)C1=Cc2sccc2S(=O)(=O)N1,train,485.5560000000001,3.1987200000000016,0.6749263843403257,29,55
subcategory_bioisostere.add-S_899,CS(=O)(=O)Oc1ccccc1C(=O)c1ccccc1,1,bioisostere,add-S,CC(COc1ccccc1C(=O)c1ccccc1)[NH+]1CCCCC1.[Br-],0 1 2 3 4 5,O=C(c1ccccc1)c1ccccc1OCC[NH+]1CCCCC1,train,276.313,2.2560000000000002,0.6345295048329888,19,32
subcategory_bioisostere.add-S_896,CNC(=O)NS(=O)(=O)c1cc(C)c(C(C)NC(=O)c2cc(Cl)ccc2SCCO)s1,1,bioisostere,add-S,CNC(=O)NS(=O)(=O)c1cc(C)c(C(C)NC(=O)c2cc(Cl)ccc2OC)s1,0 1 2 3 4 5 6 7 8 9 10 11 12 13 14 15 16 17 18 19 20 21 22 23 25 26 27 28 29,O=C(NCc1cccs1)c1ccccc1,train,492.0440000000002,2.903020000000001,0.4206921319318187,30,55
subcategory_bioisostere.add-S_1449,CCC(CCS(C)(=O)=O)C(=O)N1CCCC(COc2ccccc2C(=O)NC(C)C)C1,1,bioisostere,add-S,CC(C)NC(=O)c1ccccc1OCC1CCCN(C(=O)C2CCOCC2)C1,0 1 2 3 5 6 7 8 9 10 11 12 13 14 15 16 17 18 19 20 21 22 23 24 25 26 27 28 29 30,O=C(C1CCOCC1)N1CCCC(COc2ccccc2)C1,train,452.6170000000002,2.903100000000001,0.5892245440305699,31,53
subcategory_bioisostere.add-S_507,COc1cc2c(c(OC)c1OC)-c1ccc(OC)c(=O)cc1[C@@H](NCc1cccc(F)c1F)CC2,0,authentic,authentic,,,O=c1cccc2c(c1)[C@@H](NCc1ccccc1)CCc1ccccc1-2,train,483.51100000000025,4.803500000000004,0.5207760666129351,35,62
subcategory_bioisostere.add-S_80,COC(=O)C1=CC(=O)C(C)(c2ccccc2)O1,0,authentic,authentic,,,O=C1C=COC1c1ccccc1,train,232.235,1.5579999999999998,0.7259468845670892,17,32
subcategory_bioisostere.add-S_353,O=C(c1ccc(OCCN2CCCC2)cc1)c1c(-c2ccccc2)oc2ccccc12,0,authentic,authentic,,,O=C(c1ccc(OCCN2CCCC2)cc1)c1c(-c2ccccc2)oc2ccccc12,train,411.50100000000003,5.805400000000005,0.36026287405211116,31,49
subcategory_bioisostere.add-S_1323,CS(=O)(=O)c1ccc(F)cc1C(=O)NCCc1ccc(S(N)(=O)=O)cc1,1,bioisostere,add-S,COc1ccc(F)cc1C(=O)NCCc1ccc(S(N)(=O)=O)cc1,0 1 2 3 5 6 7 8 9 10 11 12 13 14 15 16 17 18 19 20 21 22 23 24 25,O=C(NCCc1ccccc1)c1ccccc1,train,400.4530000000001,0.8491000000000001,0.6959741992872578,26,49
subcategory_bioisostere.add-S_1033,CCc1cc(Cl)c(OS(=O)(=O)O)c(N2CCN(CCCCOc3ccc4c(c3)NC(=O)CC4)CC2)c1,1,bioisostere,add-S,CCc1cc(Cl)c(OC)c(N2CCN(CCCCOc3ccc4c(c3)NC(=O)CC4)CC2)c1,6 7 8 9 10 11,O=C1CCc2ccc(OCCCCN3CCN(c4ccccc4)CC3)cc2N1,train,538.0660000000005,3.949900000000003,0.34628964691745595,36,64
subcategory_bioisostere.add-S_172,CC[C@H]1Nc2cc3nc(O)cc(C(F)(F)F)c3cc2CC1(C)C,0,authentic,authentic,,,c1cnc2cc3c(cc2c1)CCCN3,train,324.3460000000001,4.732000000000003,0.7967662681986041,23,43
subcategory_bioisostere.add-S_1462,CCOc1nc(C(Cl)(Cl)Cl)c(Cl)c(OS(=O)(=O)O)c1Cl,1,bioisostere,add-S,CCOc1nc(C(Cl)(Cl)Cl)c(Cl)c(OC)c1Cl,12 13 14 15 16 17,c1ccncc1,train,405.47000000000014,3.7954000000000017,0.6058396298194827,20,43
subcategory_bioisostere.add-S_703,COc1ccc(-c2nnc(SC)n2C)cc1,0,authentic,authentic,,,c1ccc(-c2nnc[nH]2)cc1,train,235.312,2.2126,0.7647005814029056,16,25
subcategory_bioisostere.add-S_211,CCCSc1nnc(-c2cc(C(C)(C)C)c(O)c(C(C)(C)C)c2)o1,0,authentic,authentic,,,c1ccc(-c2nnco2)cc1,train,348.5120000000001,5.539300000000006,0.735157087189889,24,45
subcategory_bioisostere.add-S_922,CC(C)n1c(/C=C/C(CC(=O)CC(=O)OC(C)(C)C)S(C)(=O)=O)c(-c2ccc(F)cc2)c2ccccc21,1,bioisostere,add-S,CC(C)n1c(/C=C/C(O)CC(=O)CC(=O)OC(C)(C)C)c(-c2ccc(F)cc2)c2ccccc21,7 19 20 21 22,c1ccc(-c2c[nH]c3ccccc23)cc1,train,527.6580000000001,6.145700000000007,0.24638539545551952,37,73
subcategory_bioisostere.add-S_126,O=C(Nc1ccc2ccc3cccnc3c2n1)c1ccc(Cl)c(Cl)c1,0,authentic,authentic,,,O=C(Nc1ccc2ccc3cccnc3c2n1)c1ccccc1,test,368.22300000000007,5.342100000000002,0.48597010265806007,25,42
subcategory_bioisostere.add-S_308,O=C1Nc2c(cc(F)c(F)c2F)C(C#CC2CC2)(C(F)(F)F)O1,0,authentic,authentic,,,O=C1Nc2ccccc2C(C#CC2CC2)O1,train,335.2029999999999,3.8370000000000006,0.44445386580280927,23,45
subcategory_bioisostere.add-S_1026,CCCc1nc(CC)c2c(=O)[nH]c(-c3cc(S(=O)(=O)N(C)N4CCCCC4)ccc3OS(=O)(=O)O)nn12,1,bioisostere,add-S,CCCc1nc(CC)c2c(=O)[nH]c(-c3cc(S(=O)(=O)N(C)N4CCCCC4)ccc3OCC)nn12,29 30 31 32 33 34,O=c1[nH]c(-c2cccc(S(=O)(=O)NN3CCCCC3)c2)nn2cncc12,train,554.6510000000003,1.8025000000000004,0.3722355469447392,37,72
subcategory_bioisostere.add-S_974,CCOc1c(N2CCCC(N)C2)c(F)cc2c(=O)c(COS(=O)(=O)O)cn(C3CC3)c12,1,bioisostere,add-S,CCOc1c(N2CCCC(N)C2)c(F)cc2c(=O)c(C(=O)O)cn(C3CC3)c12,18 19 20 21 22 23 24,O=c1ccn(C2CC2)c2cc(N3CCCCC3)ccc12,train,455.50800000000027,2.1211000000000007,0.6086709574882074,31,58
subcategory_bioisostere.add-S_1239,CSC(C(=O)N[C@]1(c2ccccc2)CC[C@@H](N2CCC(c3ccc(F)cc3)CC2)CC1)c1cc(C(F)(F)F)cc(C(F)(F)F)c1,1,bioisostere,add-S,CC(C(=O)N[C@]1(c2ccccc2)CC[C@@H](N2CCC(c3ccc(F)cc3)CC2)CC1)c1cc(C(F)(F)F)cc(C(F)(F)F)c1,1 2,O=C(Cc1ccccc1)N[C@]1(c2ccccc2)CC[C@@H](N2CCC(c3ccccc3)CC2)CC1,train,652.7200000000006,9.1013,0.25865488766099837,45,88
subcategory_bioisostere.add-S_658,CCCC(=O)Nc1ccc(Sc2cccc(OC)c2)cc1,0,authentic,authentic,,,c1ccc(Sc2ccccc2)cc1,train,301.411,4.585000000000003,0.8480721687614936,21,32
subcategory_bioisostere.add-S_385,Cl.NCCCC[C@@H](NC(CCc1ccccc1)C(=O)O)C(=O)N1CCC[C@@H]1C(=O)O,0,authentic,authentic,,,O=C(CNCCCc1ccccc1)N1CCCC1,train,441.9560000000003,1.657,0.36228391835860874,30,59
subcategory_bioisostere.add-S_1334,CC(n1cncn1)C(Cn1cncn1)(OS(=O)(=O)O)c1cc(C(F)(F)F)cc(C(F)(F)F)c1,1,bioisostere,add-S,CC(n1cncn1)C(O)(Cn1cncn1)c1cc(C(F)(F)F)cc(C(F)(F)F)c1,7 14 15 16 17 18,c1ccc(C(Cn2cncn2)Cn2cncn2)cc1,val,500.3810000000001,2.883300000000001,0.38798274045614534,33,63
subcategory_bioisostere.add-S_1170,CCC[C@@](CN)(CC(=O)OS(=O)(=O)O)[C@@H]1CCC(C)C1,1,bioisostere,add-S,CCC[C@@](CN)(CC(=O)O)[C@@H]1CCC(C)C1,7 9 10 11 12 13,C1CCCC1,train,307.4120000000001,1.9038999999999997,0.6956734161071477,20,46
subcategory_bioisostere.add-S_921,CSC1(C)N=C(N)N=C(N)N1c1ccc(F)cc1,1,bioisostere,add-S,CC1(C)N=C(N)N=C(N)N1c1ccc(F)cc1,1 2,C1=NC=NCN1c1ccccc1,train,267.33299999999997,1.3118000000000003,0.8463868319856003,18,32
subcategory_bioisostere.add-S_84,CCOCCCNCc1ccccc1OCc1ccccc1F,0,authentic,authentic,,,c1ccc(COc2ccccc2)cc1,train,317.40400000000005,3.920900000000003,0.6737708298925742,23,27
subcategory_bioisostere.add-S_1135,O=C(/C=C1\C[C@H]2C=Nc3cc(OCc4ccccc4)c(OS(=O)(=O)O)cc3C(=O)N2C1)NCCN1C(=O)c2cccc3cccc(c23)C1=O,1,bioisostere,add-S,COc1cc2c(cc1OCc1ccccc1)N=C[C@@H]1C/C(=C\C(=O)NCCN3C(=O)c4cccc5cccc(c45)C3=O)CN1C2=O,19 20 21 22 23 24,O=C(/C=C1\C[C@H]2C=Nc3cc(OCc4ccccc4)ccc3C(=O)N2C1)NCCN1C(=O)c2cccc3cccc(c23)C1=O,train,680.6950000000002,3.869600000000003,0.1512704370179456,49,93
subcategory_bioisostere.add-S_1188,CO[C@@H]1C=CC23c4cc5c(cc4[C@@H](O)N(C[C@@H]2OS(=O)(=O)O)[C@@H]3C1)OCO5,1,bioisostere,add-S,CO[C@@H]1C=CC23c4cc5c(cc4[C@@H](O)N(C[C@@H]2O)[C@@H]3C1)OCO5,16 17 18 19 20 21,C1=CC23CCN(Cc4cc5c(cc42)OCO5)[C@@H]3CC1,val,397.4050000000002,0.5046999999999997,0.5558081414141952,27,70
subcategory_bioisostere.add-S_947,N#CCCn1nc(-c2ccc(OCc3ccc(OS(=O)(=O)O)cc3)cc2)oc1=S,1,bioisostere,add-S,COc1ccc(COc2ccc(-c3nn(CCC#N)c(=S)o3)cc2)cc1,16 17 18 19 20 21,S=c1[nH]nc(-c2ccc(OCc3ccccc3)cc2)o1,train,433.4670000000001,3.546870000000002,0.4187874223515448,29,50
subcategory_bioisostere.add-S_787,CCCCCCNS(=O)(=O)c1ccc(OCCC)c(-c2nc3c(C)nn(CC)c3c(=O)[nH]2)c1,0,authentic,authentic,,,O=c1[nH]c(-c2ccccc2)nc2cn[nH]c12,train,475.6150000000003,3.7623200000000026,0.3850469025729862,33,60
subcategory_bioisostere.add-S_1038,CN(CCc1ccc(OCS(C)(=O)=O)cc1)CC1CCCc2ccccc21,1,bioisostere,add-S,CN(CCc1ccc2c(c1)OCO2)CC1CCCc2ccccc21,0 1 2 3 4 5 6 7 8 10 11 12 13 14 15 16 17 18 19 20 21 22 23 24 25 26,c1ccc2c(c1)CCCC2CNCCc1ccc2c(c1)OCO2,test,387.5450000000002,3.661900000000003,0.6934589380253301,27,43
subcategory_bioisostere.add-S_1216,CCN(CSC)S(=O)(=O)c1ccc(-c2cnc(N)c(C(=O)Nc3cccnc3)n2)cc1,1,bioisostere,add-S,CN(C)C1CCN(S(=O)(=O)c2ccc(-c3cnc(N)c(C(=O)Nc4cccnc4)n3)cc2)C1,3 4 5,O=C(Nc1cccnc1)c1cncc(-c2ccc(S(=O)(=O)N3CCCC3)cc2)n1,test,458.56900000000013,2.704200000000001,0.49268364364391487,31,55
subcategory_bioisostere.add-S_1259,O=C(COCCN1CCC(=C(Cc2ccccc2)c2ccccc2Cl)CC1)OS(=O)(=O)O,1,bioisostere,add-S,O=C(O)COCCN1CCC(=C(Cc2ccccc2)c2ccccc2Cl)CC1,1 27 28 29 30 31,c1ccc(CC(=C2CCNCC2)c2ccccc2)cc1,train,479.98200000000026,3.7947000000000024,0.4316151298726512,32,53
subcategory_bioisostere.add-S_184,O=C1[C@H](CC[C@H](O)c2ccc(F)cc2)[C@@H](c2ccc(-c3ccc(O)cc3)s2)N1c1ccccc1,0,authentic,authentic,,,O=C1[C@H](CCCc2ccccc2)[C@@H](c2ccc(-c3ccccc3)s2)N1c1ccccc1,val,473.56900000000013,6.477700000000007,0.30219810794345014,34,71
subcategory_bioisostere.add-S_1320,CCC(CC)C[C@H](NC(C)=O)[C@H]1[C@H](NCOS(=O)(=O)O)C[C@H](C(=O)O)N1Cc1ccccc1,1,bioisostere,add-S,CCC(CC)C[C@H](NC(C)=O)[C@H]1[C@H](NC(=O)OC)C[C@H](C(=O)O)N1Cc1ccccc1,13 14 15 16 17 18 19,c1ccc(CN2CCCC2)cc1,test,485.60300000000024,1.7802000000000018,0.24253508628508968,33,73
subcategory_bioisostere.add-S_157,CCOCC(=O)N[C@H]1CCc2cc(O)c(OC)c(OC)c2-c2ccc(SC)c(=O)cc21,0,authentic,authentic,,,O=c1cccc2c(c1)CCCc1ccccc1-2,train,445.5370000000002,3.2985000000000015,0.6317279601006514,31,56
subcategory_bioisostere.add-S_587,O=c1[nH]c(=O)c2[nH]c(-c3ccccc3)nc2[nH]1,0,authentic,authentic,,,O=c1[nH]c(=O)c2[nH]c(-c3ccccc3)nc2[nH]1,val,228.21100000000004,0.6065000000000005,0.5690208499712581,17,39
subcategory_bioisostere.add-S_755,OC[C@H]1O[C@@H](n2cnc(-c3nn[nH]n3)n2)[C@H](O)[C@@H]1O,0,authentic,authentic,,,c1nc(-c2nn[nH]n2)nn1[C@H]1CCCO1,val,269.22100000000006,-2.9302999999999995,0.45775694552316915,19,53
subcategory_bioisostere.add-S_116,NS(=O)(=O)c1cc2c(cc1Cl)NC(C1CCCCC1)NS2(=O)=O,0,authentic,authentic,,,O=S1(=O)NC(C2CCCCC2)Nc2ccccc21,train,379.8910000000002,1.5976000000000001,0.7206707144264932,23,44
subcategory_bioisostere.add-S_77,C[C@H](N[C@H](C)C(=O)Nc1ccc([N+](=O)[O-])cc1C(F)(F)F)c1ccccc1Cl,0,authentic,authentic,,,O=C(CNCc1ccccc1)Nc1ccccc1,train,415.7990000000001,4.9448000000000025,0.5164043831462648,28,63
subcategory_bioisostere.add-S_925,COc1nc(Nc2ccc(SC)cc2)nc2nc[nH]c12,1,bioisostere,add-S,CCCCc1ccc(Nc2nc(OC)c3[nH]cnc3n2)cc1,9 10 11,c1ccc(Nc2ncc3[nH]cnc3n2)cc1,train,287.348,2.827,0.7186165443731827,20,33
subcategory_bioisostere.add-S_945,CCCc1nc(SC)c(C(=O)O)n1Cc1ccc(-c2ccccc2-c2nn[nH]n2)cc1,1,bioisostere,add-S,CCCc1nc2c(n1Cc1ccc(-c3ccccc3-c3nn[nH]n3)cc1)C(=O)OC2(C)C,0 1 2 3 4 6 7 8 9 10 11 12 13 14 15 16 17 18 19 20 21 22 23 24 25 26 27 28 29 30,O=C1OCc2ncn(Cc3ccc(-c4ccccc4-c4nn[nH]n4)cc3)c21,train,434.5250000000001,4.151100000000002,0.4009042501011399,31,53
subcategory_bioisostere.add-S_1550,CSCc1cc2c(-c3ccccc3F)noc2c(Br)c1O,1,bioisostere,add-S,O=C(O)C1Cc2cc3c(-c4ccccc4F)noc3c(Br)c2O1,0 1 3 4 5 6 7 8 9 10 11 12 13 14 15 16 17 18 19,c1ccc(-c2noc3cc4c(cc23)CCO4)cc1,val,368.22700000000003,4.9650000000000025,0.7095383797014372,21,33
subcategory_bioisostere.add-S_151,C[C@]12C(=O)CC(=O)C=C1CC[C@@H]1[C@@H]2C(O)C[C@@]2(C)[C@H]1CC[C@]2(O)C(=O)CO,0,authentic,authentic,,,O=C1C=C2CC[C@H]3[C@@H]4CCCC4CC[C@@H]3C2C(=O)C1,train,376.4490000000002,0.9605999999999997,0.6191188072406254,27,75
subcategory_bioisostere.add-S_1039,COc1ccc(-n2nc(SC)c3c2C(=O)N(c2ccc(N4CCC4=O)c(C)c2)CC3)cc1F,1,bioisostere,add-S,COc1ccc(-n2nc(C(N)=O)c3c2C(=O)N(c2ccc(N4CCC4=O)c(C)c2)CC3)cc1F,1 2,O=C1CCN1c1ccc(N2CCc3cnn(-c4ccccc4)c3C2=O)cc1,train,466.5380000000003,3.9899200000000032,0.4202404077830397,33,58
subcategory_bioisostere.add-S_720,CC1=CC2Cc3[nH]c(=O)ccc3[C@@]3(C1)[C@@H]2CCCN3C(=O)CN(C)CCN(C)CC(=O)N1CCC[C@@H]2C3C=C(C)C[C@]21c1ccc(=O)[nH]c1C3,0,authentic,authentic,,,O=C(CNCCNCC(=O)N1CCC[C@@H]2C3C=CC[C@]21c1ccc(=O)[nH]c1C3)N1CCC[C@@H]2C3C=CC[C@]21c1ccc(=O)[nH]c1C3,train,680.8940000000001,3.539400000000004,0.4332528939331084,50,111
subcategory_bioisostere.add-S_115,[C-]#[N+]C1(Nc2ccc(O)c(F)c2)CCC1,0,authentic,authentic,,,c1ccc(NC2CCC2)cc1,train,206.2199999999999,2.7426900000000005,0.5762642524131846,15,32
subcategory_bioisostere.add-S_1211,CN(C)CC1CCCC(c2cccc(S(C)(=O)=O)c2)C1(O)c1cccc(F)c1,1,bioisostere,add-S,COc1cccc(C2CCCC(CN(C)C)C2(O)c2cccc(F)c2)c1,0 1 2 3 4 5 6 7 8 9 10 11 12 14 15 16 17 18 19 20 21 22 23 24 25 26 27,c1ccc(C2CCCCC2c2ccccc2)cc1,val,405.5350000000001,3.5623000000000022,0.8263939542766024,28,50
subcategory_bioisostere.add-S_562,CC.Clc1cccc(CN=C2Nc3cc(Cl)c(Cl)cc3NC23CCNCC3)c1,0,authentic,authentic,,,c1ccc(CN=C2Nc3ccccc3NC23CCNCC3)cc1,train,439.8180000000002,6.231300000000004,0.5194794917360208,28,47
subcategory_bioisostere.add-S_620,CCN(CC)C(=O)N[C@H]1CCc2c(I)c(OC)c(OC)c(OC)c2-c2ccc(SC)c(=O)cc21,0,authentic,authentic,,,O=c1cccc2c(c1)CCCc1ccccc1-2,train,598.5030000000002,5.104800000000005,0.3531508222201676,34,63
subcategory_bioisostere.add-S_1293,CS(=O)(=O)C(c1ccccc1)C1CCN(CCc2ccccc2)CC1,1,bioisostere,add-S,OC(c1ccccc1)C1CCN(CCc2ccccc2)CC1,0 1 2 3 4,c1ccc(CCN2CCC(Cc3ccccc3)CC2)cc1,val,357.5190000000001,3.727000000000003,0.7904907796480368,25,41
subcategory_bioisostere.add-S_905,CCOc1ccc(Cc2nc(CC)sc2C(=O)S)cc1,1,bioisostere,add-S,CCOc1ccc(Cc2nc(CC)sc2C(=O)O)cc1,14 15 16 17,c1ccc(Cc2cscn2)cc1,train,307.43999999999994,3.7650000000000032,0.8258577332181629,20,31
subcategory_bioisostere.add-S_960,CSc1ccc(-c2ccccc2C#N)cc1,1,bioisostere,add-S,Cc1nc(C)n(Cc2ccc(-c3ccccc3C#N)cc2)n1,0 1 2 3 4 5 7 8 9 10 11 12 13 14,c1ccc(-c2ccc(Cn3cncn3)cc2)cc1,train,225.316,3.947180000000002,0.7225354307072286,16,24
subcategory_bioisostere.add-S_139,C/N=C(\NC#N)NCCSCn1nc(-c2ccccc2)ccc1=O,0,authentic,authentic,,,O=c1ccc(-c2ccccc2)n[nH]1,train,342.42800000000005,1.24708,0.2696581553499317,24,38
subcategory_bioisostere.add-S_900,CSC(C)C(NC(=O)Cn1c(-c2cccc(OC(C)(C)C)c2)ccc(NC(=O)OCc2ccccc2)c1=O)C(=O)C(F)(F)F,1,bioisostere,add-S,CC(C)C(NC(=O)Cn1c(-c2cccc(OC(C)(C)C)c2)ccc(NC(=O)OCc2ccccc2)c1=O)C(=O)C(F)(F)F,1 2,O=C(Nc1ccc(-c2ccccc2)[nH]c1=O)OCc1ccccc1,test,633.6890000000004,5.8090000000000055,0.273960655233785,44,79
subcategory_bioisostere.add-S_309,CC(=O)c1c(O)n(O)c2cc(NC(=O)Nc3cccc(C(=O)O)c3)ccc12,0,authentic,authentic,,,O=C(Nc1ccccc1)Nc1ccc2cc[nH]c2c1,train,369.33300000000014,3.1290000000000004,0.3533480580908278,27,50
subcategory_bioisostere.add-S_647,CCC(=O)c1cc(SOON)c(Cl)cc1NCc1ccco1,0,authentic,authentic,,,c1ccc(NCc2ccco2)cc1,train,342.80400000000003,3.966800000000002,0.3246441968149343,22,34
subcategory_bioisostere.add-S_1284,CS[C@]1(CN)CCC2CCCCCC2C1,1,bioisostere,add-S,NC[C@@]1(CC(=O)O)CCC2CCCCCC2C1,1 2,C1CCC2CCCCC2CC1,train,227.41699999999994,3.4273000000000025,0.7819555476155831,15,24
subcategory_bioisostere.add-S_661,COc1ccc(/C=C/C(=O)c2cc(OC)c(OC)c(OC)c2)cc1O,0,authentic,authentic,,,O=C(/C=C/c1ccccc1)c1ccccc1,val,344.36300000000006,3.3227000000000024,0.6134115205008754,25,43
subcategory_bioisostere.add-S_1279,Cc1c(Sc2cccc(C#N)c2)n(CS(C)(=O)=O)c(=O)[nH]c1=O,1,bioisostere,add-S,Cc1c(Sc2cccc(C#N)c2)n(COCCO)c(=O)[nH]c1=O,0 1 2 3 4 5 6 7 8 9 10 11 12 14 15 16 17 18 19 20 21 22,O=c1cc(Sc2ccccc2)[nH]c(=O)[nH]1,val,351.4090000000001,0.8699999999999994,0.8179256801102082,23,47
subcategory_bioisostere.add-S_1301,CSCC(=O)c1cc(F)ccc1OCC(O)CNCc1ccccc1,1,bioisostere,add-S,O=C(CCc1ccccc1)c1cc(F)ccc1OCC(O)CNCc1ccccc1,1 2,O=C(CCc1ccccc1)c1ccccc1OCCCNCc1ccccc1,train,363.45400000000006,2.900900000000001,0.6358747908577331,25,36
subcategory_bioisostere.add-S_1316,COc1cc2c(c(OS(C)(=O)=O)c1OC)-c1ccc(SC)c(=O)cc1[C@@H](NC(=O)C(F)(F)F)CC2,1,bioisostere,add-S,COc1cc2c(c(OC)c1OC)-c1ccc(SC)c(=O)cc1[C@@H](NC(=O)C(F)(F)F)CC2,6 7 8 9 10 11,O=c1cccc2c(c1)CCCc1ccccc1-2,train,533.546,3.4571000000000014,0.44452458560525615,35,71
subcategory_bioisostere.add-S_1156,CCN(CC(C)C)CC(COc1ccccc1C(=O)NC1CC1)SC,1,bioisostere,add-S,CC(C)CN1CCCC(COc2ccccc2C(=O)NC2CC2)C1,0 1 2 3 4 5 6 7 9 10 11 12 13 14 15 16 17 18 19 20 21 22 23,O=C(NC1CC1)c1ccccc1OCC1CCCNC1,train,364.5550000000001,3.6671000000000022,0.6504634552728231,25,38
subcategory_bioisostere.add-S_1394,CS(=O)(=O)[C@@H](CC[C@H]1C(=O)N(c2ccc(F)cc2)[C@@H]1c1ccccc1)c1ccc(F)cc1,1,bioisostere,add-S,CC(=O)O[C@@H](CC[C@H]1C(=O)N(c2ccc(F)cc2)[C@@H]1c1ccccc1)c1ccc(F)cc1,0 1 2 3 4,O=C1[C@H](CCCc2ccccc2)[C@@H](c2ccccc2)N1c1ccccc1,train,455.5260000000001,5.235000000000005,0.4583258646184522,32,71
subcategory_bioisostere.add-S_919,CCN1CC[C@@H](c2ccc(F)cc2)[C@H](COc2ccc(SCCO)c(OC)c2)C1,1,bioisostere,add-S,CCN1CC[C@@H](c2ccc(F)cc2)[C@H](COc2ccc3c(c2)OCO3)C1,0 1 2 3 4 5 6 7 8 9 10 11 12 13 14 15 16 17 18 20 21 22 23 24 25 26 27 28,c1ccc([C@@H]2CCNC[C@H]2COc2ccc3c(c2)OCO3)cc1,train,419.5620000000002,4.423100000000003,0.6095209989886237,29,54
subcategory_bioisostere.add-S_1186,CSn1nc(Cc2cc(F)cc(F)c2)cc1C1CCN(C[C@H]2CN([C@@H](C(=O)O)C3CCCCC3)C[C@@H]2c2cccc(F)c2)CC1,1,bioisostere,add-S,CCn1nc(Cc2cc(F)cc(F)c2)cc1C1CCN(C[C@H]2CN([C@@H](C(=O)O)C3CCCCC3)C[C@@H]2c2cccc(F)c2)CC1,1 2,c1ccc(Cc2cc(C3CCN(C[C@H]4CN(CC5CCCCC5)C[C@@H]4c4ccccc4)CC3)[nH]n2)cc1,train,640.8160000000004,6.945800000000007,0.25908209062942517,45,88
subcategory_bioisostere.add-S_1154,CCOc1ccc(-n2nc(SC)c3c2C(=O)N(c2ccc(N4CCOCC4=O)c(C)c2)CC3)cc1F,1,bioisostere,add-S,CCOc1ccc(-n2nc(C(N)=O)c3c2C(=O)N(c2ccc(N4CCOCC4=O)c(C)c2)CC3)cc1F,1 2,O=C1COCCN1c1ccc(N2CCc3cnn(-c4ccccc4)c3C2=O)cc1,train,510.5910000000004,4.006520000000004,0.466758486506395,36,61
subcategory_bioisostere.add-S_950,COc1ccc(-c2nc(C)c(C(=O)S(C)(=O)=O)s2)cc1F,1,bioisostere,add-S,COC(=O)c1sc(-c2ccc(OC)c(F)c2)nc1C,11 13 14 15 16,c1ccc(-c2nccs2)cc1,train,329.37399999999997,2.4510200000000006,0.8646129190998997,21,41
subcategory_bioisostere.add-S_1011,CCOc1ccc(S(=O)(=O)N2CCC(N(C)C)CC2)cc1-c1nn2c(CSC)nc(C)c2c(=O)[nH]1,1,bioisostere,add-S,CCCc1nc(C)c2c(=O)[nH]c(-c3cc(S(=O)(=O)N4CCC(N(C)C)CC4)ccc3OCC)nn12,1 2,O=c1[nH]c(-c2cccc(S(=O)(=O)N3CCCCC3)c2)nn2cncc12,train,520.6810000000004,2.36942,0.48175413205297946,35,66
subcategory_bioisostere.add-S_1286,CN1C(=O)C[N+](OS(=O)(=O)O)=C(c2ccccc2)c2cc([N+](=O)[O-])ccc21,1,bioisostere,add-S,CN1C(=O)C[N+]([O-])=C(c2ccccc2)c2cc([N+](=O)[O-])ccc21,5 6 7 8 9 10,O=C1C[NH+]=C(c2ccccc2)c2ccccc2N1,train,392.36900000000014,1.1555000000000006,0.35746109722829267,27,61
subcategory_bioisostere.add-S_362,O=C(O)c1cc(N=S(=O)=O)c(Cl)cc1NCc1ccco1,0,authentic,authentic,,,c1ccc(NCc2ccco2)cc1,train,328.7330000000001,2.937500000000001,0.872929465405354,21,38
subcategory_bioisostere.add-S_154,CCC(=O)O/N=C1/CC2(CCN(C)CC2)OC1C,0,authentic,authentic,,,N=C1COC2(CCNCC2)C1,test,254.32999999999996,1.5688,0.5542033572706139,18,32
subcategory_bioisostere.add-S_1342,O=S(=O)(O)OCCN1CCN(Cc2ccc(Cl)cc2)C(c2ccccc2)C1,1,bioisostere,add-S,OCCN1CCN(Cc2ccc(Cl)cc2)C(c2ccccc2)C1,0 1 2 3 4 5,c1ccc(CN2CCNCC2c2ccccc2)cc1,train,410.92300000000006,3.0183000000000026,0.7073698248202905,27,46
subcategory_bioisostere.add-S_313,CN(C)CCN1CC(C(=O)N(C)Cc2cc3cc(F)ccc3[nH]2)CC1=O,0,authentic,authentic,,,O=C1CC(C(=O)NCc2cc3ccccc3[nH]2)CN1,train,360.4330000000001,1.6755000000000002,0.8526292491675918,26,47
subcategory_bioisostere.add-S_1233,O=S(=O)(O)Oc1ccc([C@@H]2Sc3ccccc3N(CCO)C[C@@H]2O)cc1,1,bioisostere,add-S,COc1ccc([C@@H]2Sc3ccccc3N(CCO)C[C@@H]2O)cc1,0 1 2 3 4 5,c1ccc([C@H]2CCNc3ccccc3S2)cc1,train,397.47400000000016,1.8747999999999998,0.65667656573585,26,52
subcategory_bioisostere.add-S_355,CCCCc1nc(C(F)(F)C(F)(F)F)c(C(=O)O)n1Cc1ccc(-c2ccccc2-c2nn[nH]n2)cc1,0,authentic,authentic,,,c1ccc(-c2nn[nH]n2)c(-c2ccc(Cn3ccnc3)cc2)c1,train,520.4620000000002,5.473400000000005,0.28328987847286513,37,67
subcategory_bioisostere.add-S_404,Cc1ccc2nc(C(=O)O)cc(O)c2c1,0,authentic,authentic,,,c1ccc2ncccc2c1,train,203.19700000000003,1.9470199999999995,0.7426201609398264,15,26
subcategory_bioisostere.add-S_524,COc1ccc2c3c1O[C@H]1C[C@@H](O)C=C(CCN(C)C2)[C@@H]31,0,authentic,authentic,,,C1=C2CCNCc3cccc4c3[C@H]2[C@H](CC1)O4,train,287.35900000000004,2.0663,0.8029577880129605,21,50
subcategory_bioisostere.add-S_299,CCC1CNCCN1C(=O)c1cc(OC)cc(C(F)(F)F)c1.Cl.Cl,0,authentic,authentic,,,O=C(c1ccccc1)N1CCNCC1,train,389.24499999999995,3.3816000000000024,0.8621235954758153,24,43
subcategory_bioisostere.add-S_210,O=C(O)C1N=C(c2ccccc2Cl)c2cc([N+](=O)[O-])ccc2NC1(O)O,0,authentic,authentic,,,c1ccc(C2=NCCNc3ccccc32)cc1,train,377.74000000000007,1.6026999999999996,0.36077291005834816,26,52
subcategory_bioisostere.add-S_483,CCC(C(=O)NCC(N)=O)N1CCCC1=O,0,authentic,authentic,,,O=C1CCCN1,train,227.26399999999995,-1.0110999999999986,0.6298844013772922,16,27
subcategory_bioisostere.add-S_302,Cc1occc1C(=O)Nc1ccc(C(=O)N(C)c2ccccc2Oc2ccccc2C(=O)N2CCC(N3CCCCC3)CC2)cc1,0,authentic,authentic,,,O=C(Nc1ccc(C(=O)Nc2ccccc2Oc2ccccc2C(=O)N2CCC(N3CCCCC3)CC2)cc1)c1ccoc1,train,620.7499999999999,6.999720000000008,0.22800506079273272,46,73
subcategory_bioisostere.add-S_1321,COc1c(CC(=O)OS(C)(=O)=O)cccc1-c1ccc(Cl)cc1,1,bioisostere,add-S,COc1c(CC(=O)O)cccc1-c1ccc(Cl)cc1,5 7 8 9 10 11,c1ccc(-c2ccccc2)cc1,train,354.81100000000004,3.060900000000001,0.7716721742338793,23,42
subcategory_bioisostere.add-S_1489,CC(C)n1c(C=CCOS(=O)(=O)O)c(-c2ccc(F)cc2)c2ccccc21,1,bioisostere,add-S,CC(C)n1c(/C=C/C(O)CCCC(=O)O)c(-c2ccc(F)cc2)c2ccccc21,6 7 8 9 10 11 12,c1ccc(-c2c[nH]c3ccccc23)cc1,train,389.44800000000004,4.8609000000000036,0.611419016879696,27,49
subcategory_bioisostere.add-S_719,O=C1Nc2c(Cl)cc(Cl)cc2C(C#CC2CC2)(C(F)(F)F)O1,0,authentic,authentic,,,O=C1Nc2ccccc2C(C#CC2CC2)O1,train,350.12300000000005,4.7265000000000015,0.6875108725518312,22,44
subcategory_bioisostere.add-S_715,CCc1nc(N)nc(N)c1-c1ccc(Cl)cc1,0,authentic,authentic,,,c1ccc(-c2cncnc2)cc1,val,248.71700000000004,2.5238000000000005,0.8561371493463951,17,29
subcategory_bioisostere.add-S_397,CC(C)(CCC#N)CCn1cnc2c(O)nc(N)nc21,0,authentic,authentic,,,c1ncc2nc[nH]c2n1,train,274.32800000000003,1.83418,0.8593722902016568,20,33
subcategory_bioisostere.add-S_1044,CSc1[nH]c(-c2ccc(F)cc2)cc1C(=O)N1CC=C(c2ccccc2)CC1,1,bioisostere,add-S,Cc1[nH]c(-c2ccc(F)cc2)cc1C(=O)N1CC=C(c2ccccc2)CC1,1 2,O=C(c1c[nH]c(-c2ccccc2)c1)N1CC=C(c2ccccc2)CC1,val,392.4990000000002,5.472200000000004,0.5976252927977482,28,50
subcategory_bioisostere.add-S_1086,CS(=O)(=O)OC(=O)c1cc(S(N)(=O)=O)c(Cl)cc1NCc1ccco1,1,bioisostere,add-S,CCOC(=O)c1cc(S(N)(=O)=O)c(Cl)cc1NCc1ccco1,0 1 2 3 4 5,c1ccc(NCc2ccco2)cc1,train,408.8410000000001,1.3089000000000004,0.6798671885113345,25,49
subcategory_bioisostere.add-S_233,Cc1cc(C(O)CNC(C)(C)C)ccc1O.Cc1cc(C(O)CNC(C)(C)C)ccc1O.O=S(=O)(O)O,0,authentic,authentic,,,c1ccccc1.c1ccccc1,train,544.7110000000004,3.5914400000000017,0.2504350284918435,37,65
subcategory_bioisostere.add-S_1296,Cc1[nH+]c(-c2ccc(S(C)(=O)=O)c(C#N)c2)sc1C(=O)O,1,bioisostere,add-S,Cc1[nH+]c(-c2ccc(OCC(C)C)c(C#N)c2)sc1C(=O)O,0 1 2 3 4 5 6 8 9 10 11 12 13 14 15 16 17 18 19 20,c1ccc(-c2[nH+]ccs2)cc1,train,323.37500000000006,1.5110000000000001,0.9204178146239074,21,46
subcategory_bioisostere.add-S_1045,CSCCn1c(-c2ccc(O)cc2)cc2ccc(O)cc21,1,bioisostere,add-S,CCCn1c(-c2ccc(O)cc2)cc2ccc(O)cc21,1 2,c1ccc(-c2cc3ccccc3[nH]2)cc1,train,299.3950000000001,4.082500000000001,0.7626723965235246,21,34
subcategory_bioisostere.add-S_156,CCOC(=O)c1nn(-c2ccc(OC)cc2)c2c1C1(CC1)CN(c1ccc(N3CCCCC3=O)c(F)c1)C2=O,0,authentic,authentic,,,O=C1CCCCN1c1ccc(N2CC3(CC3)c3cnn(-c4ccccc4)c3C2=O)cc1,val,532.5720000000005,4.405600000000004,0.43697327126905244,39,69
subcategory_bioisostere.add-S_344,CCN(CC)CCC(=O)NCCNc1ccnc2cc(Cl)ccc12,0,authentic,authentic,,,c1ccc2ncccc2c1,train,348.8780000000001,3.148200000000001,0.6834134216191772,24,36
subcategory_bioisostere.add-S_682,C[C@H]1O[C@H]2O[C@@H]3C[C@@H]4CC[C@@H]5C(CC[C@]6(C)[C@@H](C7=CC(=O)OC7)CC[C@]56O)[C@@]4(C=O)C[C@H]3O[C@@]2(O)[C@H](O)[C@@H]1O,0,authentic,authentic,,,O=C1C=C([C@H]2CCC3C2CCC2C4C[C@H]5OC6CCCO[C@H]6O[C@@H]5C[C@@H]4CC[C@H]23)CO1,test,548.6290000000005,0.9715000000000005,0.22316520912060034,39,125
subcategory_bioisostere.add-S_453,Cc1cnc(C(=O)N2CCN(S(=O)(=O)c3ccc(C(C)C)cc3)CC2)cn1,0,authentic,authentic,,,O=C(c1cnccn1)N1CCN(S(=O)(=O)c2ccccc2)CC1,train,388.49300000000017,2.05512,0.8004838664976246,27,50
subcategory_bioisostere.add-S_695,COc1cc(O)c2c(c1)/C=C/C[C@H](O)[C@@H]1OC(C)(C)O[C@H]1/C=C/C[C@H](C)OC2=O,0,authentic,authentic,,,O=C1OCC/C=C/[C@@H]2OCO[C@H]2CC/C=C/c2ccccc21,train,404.4590000000002,3.1903000000000015,0.5482655362708005,29,71
subcategory_bioisostere.add-S_1527,COc1cc2c(cc1OC)C(=O)N(CCCN(C)CCc1ccc(SCCO)c(OC)c1)CC2,1,bioisostere,add-S,COc1ccc(CCN(C)CCCN2CCc3cc(OC)c(OC)cc3C2=O)cc1OC,0 1 2 3 4 5 6 7 8 9 10 11 12 13 14 15 16 17 18 19 20 21 22 24 25 26 27 28 29 30 31 32 33,O=C1c2ccccc2CCN1CCCNCCc1ccccc1,train,488.6500000000003,3.359700000000002,0.4336661217769946,34,53
subcategory_bioisostere.add-S_635,Cl.Cl.O=C(O)COCCN1CCN(Cc2ccc(-c3ccc(Cl)cc3)cc2)CC1,0,authentic,authentic,,,c1ccc(-c2ccc(CN3CCNCC3)cc2)cc1,val,461.8170000000001,4.069400000000003,0.6006647044769222,29,50
subcategory_bioisostere.add-S_810,CS(=O)(=O)Oc1nc(-c2cc(Cl)cc(Cl)c2)c(-c2cc(Cl)cc(Cl)c2)[nH]1,1,bioisostere,add-S,Oc1nc(-c2cc(Cl)cc(Cl)c2)c(-c2cc(Cl)cc(Cl)c2)[nH]1,0 1 2 3 4 5,c1ccc(-c2nc[nH]c2-c2ccccc2)cc1,train,452.1460000000002,5.695700000000002,0.5163384860362936,26,59
subcategory_bioisostere.add-S_161,C=C(c1cc(Cl)ccc1OCc1ccc(C)cc1)n1ccnc1,0,authentic,authentic,,,C=C(c1ccccc1OCc1ccccc1)n1ccnc1,train,324.811,4.942920000000004,0.6641361414710755,23,37
subcategory_bioisostere.add-S_1073,O=c1[nH]cnc2c1ncn2C[C@H](F)[C@H](F)COS(=O)(=O)O,1,bioisostere,add-S,O=c1[nH]cnc2c1ncn2C[C@H](F)[C@H](F)CO,15 16 17 18 19 20,O=c1[nH]cnc2[nH]cnc12,train,324.265,-0.38479999999999986,0.6929635504092214,21,47
subcategory_bioisostere.add-S_820,CSc1nc(C)c(SC)n1-c1cc(C)c2nc(O)ccc2c1,1,bioisostere,add-S,CSc1c(C)nc(C)n1-c1cc(C)c2nc(O)ccc2c1,0 1 3 4 5 6 7 8 9 10 11 12 13 14 15 16 17 18 19 20 21,c1cnc2ccc(-n3ccnc3)cc2c1,train,331.46600000000007,4.186740000000002,0.72946920626697,22,37
subcategory_bioisostere.add-S_1206,Cc1cc(Oc2ccc(-c3nc(C)c(COS(=O)(=O)O)s3)cc2CCC2C=NN=N2)ccc1F,1,bioisostere,add-S,Cc1cc(Oc2ccc(-c3nc(C)c(C(=O)O)s3)cc2CCC2C=NN=N2)ccc1F,13 14 15 16 17 18 19,C1=NN=NC1CCc1cc(-c2nccs2)ccc1Oc1ccccc1,train,504.56500000000017,5.430540000000003,0.38770684428464297,34,59
subcategory_bioisostere.add-S_892,CSC1(C)OC(=O)Nc2ccc(-c3cccc(Cl)c3)cc21,1,bioisostere,add-S,CC1(C)OC(=O)Nc2ccc(-c3cccc(Cl)c3)cc21,1 2,O=C1Nc2ccc(-c3ccccc3)cc2CO1,train,319.81300000000005,5.104800000000003,0.8360332369588402,21,38
subcategory_bioisostere.add-S_498,CC1CCCC(C)N1C(=O)Cc1noc2ccccc12,0,authentic,authentic,,,O=C(Cc1noc2ccccc12)N1CCCCC1,train,272.348,3.1598000000000015,0.8432825559117656,20,31
subcategory_bioisostere.add-S_216,COc1cc2c(cc1OC)CN(C(=O)c1ccc3c(c1)CCC3)CC2,0,authentic,authentic,,,O=C(c1ccc2c(c1)CCC2)N1CCc2ccccc2C1,train,337.41900000000015,3.3910000000000027,0.8616554645452862,25,42
subcategory_bioisostere.add-S_894,CSCCC(O)c1cccc(OCc2cccc(C#N)c2)c1,1,bioisostere,add-S,CCCCCC(O)c1cccc(OCc2cccc(C#N)c2)c1,0 1 2,c1ccc(COc2ccccc2)cc1,train,313.422,3.9237800000000025,0.8414005072430784,22,33
subcategory_bioisostere.add-S_180,Cc1cc(Cl)cc(C[S+]([O-])c2nc3ccccc3[nH]2)c1N,0,authentic,authentic,,,c1ccc(C[SH+]c2nc3ccccc3[nH]2)cc1,train,319.81700000000006,3.41472,0.5733183458659528,21,43
subcategory_bioisostere.add-S_741,O=C1CCc2ccc(OCCCC[NH+]3CCN(c4cccc(Cl)c4Cl)CC3)cc2N1.[Cl-],0,authentic,authentic,,,O=C1CCc2ccc(OCCCC[NH+]3CCN(c4ccccc4)CC3)cc2N1,val,484.85500000000013,0.44620000000000176,0.56107744371535,31,57
subcategory_bioisostere.add-S_1412,CSCC1CCC(n2cnc3c(N(C)C)ncnc32)O1,1,bioisostere,add-S,CN(C)c1ncnc2c1ncn2C1CCC(CO)O1,0 1 2 4 5 6 7 8 9 10 11 12 13 14 15 16 17 18,c1ncc2ncn(C3CCCO3)c2n1,test,293.396,1.9328999999999998,0.8583664379180916,20,32
subcategory_bioisostere.add-S_942,COc1c(CO)cnc(CS(=O)c2nc3ccc(OS(C)(=O)=O)cc3[nH]2)c1C,1,bioisostere,add-S,COc1ccc2nc(S(=O)Cc3ncc(CO)c(OC)c3C)[nH]c2c1,17 18 19 20 21 22,O=S(Cc1ccccn1)c1nc2ccccc2[nH]1,train,425.48800000000017,1.41342,0.5433413924026252,28,52
subcategory_bioisostere.add-S_1265,CN1CCCCC(NC(=O)c2cc(Cl)c(N)cc2OS(=O)(=O)O)C1,1,bioisostere,add-S,COc1cc(N)c(Cl)cc1C(=O)NC1CCCCN(C)C1,17 18 19 20 21 22,O=C(NC1CCCCNC1)c1ccccc1,train,377.85000000000014,1.3179000000000005,0.5338154882880125,24,44
subcategory_bioisostere.add-S_351,NCC1(CC(=O)O)CCCCC1.NCC1(CC(=O)O)CCCCC1.O,0,authentic,authentic,,,C1CCCCC1.C1CCCCC1,train,360.4950000000001,1.9158999999999997,0.5660435831159223,25,41
subcategory_bioisostere.add-S_665,CNC(=O)NCCNCC(O)COc1ccccc1C#N,0,authentic,authentic,,,c1ccccc1,train,292.33900000000006,-0.1834199999999988,0.4971950812338791,21,29
subcategory_bioisostere.add-S_42,O=C1[C@H](c2ccc(F)cc2)[C@@H](c2ccc(O)cc2)N1CC[C@@H](O)c1ccc(F)cc1,0,authentic,authentic,,,O=C1[C@H](c2ccccc2)[C@@H](c2ccccc2)N1CCCc1ccccc1,train,409.4320000000002,4.4612000000000025,0.5911720257867029,30,65
subcategory_bioisostere.add-S_829,COc1ccc(-n2nc(SC)c3c2C(=O)N(c2ccc(C4(CN5CCOCC5)CC4)cc2)CC3)cc1,1,bioisostere,add-S,COc1ccc(-n2nc(C(N)=O)c3c2C(=O)N(c2ccc(C4(CN5CCOCC5)CC4)cc2)CC3)cc1,1 2,O=C1c2c(cnn2-c2ccccc2)CCN1c1ccc(C2(CN3CCOCC3)CC2)cc1,train,504.65600000000046,4.169500000000004,0.4504010548458079,36,62
subcategory_bioisostere.add-S_235,COc1cc(N)c(Cl)cc1C(=O)N[C@H]1CCN(CCCOc2ccc(F)cc2)C[C@@H]1OC,0,authentic,authentic,,,O=C(NC1CCN(CCCOc2ccccc2)CC1)c1ccccc1,train,465.9530000000003,3.358100000000002,0.4360349382366308,32,59
subcategory_bioisostere.add-S_592,CCN1CCCC1CNC(=O)c1cc(N(C)S(N)(=O)=O)c(C)cc1OC,0,authentic,authentic,,,O=C(NCC1CCCN1)c1ccccc1,train,384.5020000000002,0.8574200000000015,0.7253217978117237,26,45
subcategory_bioisostere.add-S_855,CSc1cc2nc3ccc(O)cc3nc2cc1N,1,bioisostere,add-S,Cc1cc2nc3ccc(O)cc3nc2cc1N,0 1 2,c1ccc2nc3ccccc3nc2c1,train,257.318,2.7927,0.3982372358987547,18,26
subcategory_bioisostere.add-S_1311,OCCSc1ccc(CNCc2ccc(F)cc2)cc1,1,bioisostere,add-S,CCOc1ccc(CNCc2ccc(F)cc2)cc1,0 1 2 3 5 6 7 8 9 10 11 12 13 14 15 16 17 18,c1ccc(CNCc2ccccc2)cc1,train,291.39099999999996,3.1999000000000013,0.7684229680089979,20,28
subcategory_bioisostere.add-S_1453,Cc1nc(-c2cc(Br)c(O)c(C#N)c2)sc1C(=O)OS(=O)(=O)O,1,bioisostere,add-S,CCOC(=O)c1sc(-c2cc(Br)c(O)c(C#N)c2)nc1C,16 18 19 20 21 22,c1ccc(-c2nccs2)cc1,train,419.2340000000001,2.4179000000000004,0.7239059921756641,23,47
subcategory_bioisostere.add-S_828,CSCCCCCCCNc1ccnc2cc(Cl)ccc12,1,bioisostere,add-S,Clc1ccc2c(NCCCCCCCCN3CCCCC3)ccnc2c1,0 1 2,c1ccc2c(NCCCCCCCCN3CCCCC3)ccnc2c1,train,322.90500000000003,5.613600000000004,0.6069318363114072,21,28
subcategory_bioisostere.add-S_1174,COc1cc2nc(C(=O)c3ccccc3)cn2c2ccc(SC)cc12,1,bioisostere,add-S,COc1cc2nc(C(=O)c3ccccc3)cn2c2ccc(C(C)C)cc12,1 2,O=C(c1ccccc1)c1cn2c(ccc3ccccc32)n1,train,348.42700000000013,4.449000000000003,0.4036501617301765,25,40
subcategory_bioisostere.add-S_879,CCn1nc(SC)cc1C1CCN(C[C@H]2CN([C@@H](C(=O)O)C3CCCCC3)C[C@@H]2c2cccc(F)c2)CC1,1,bioisostere,add-S,CCn1nc(Cc2cc(F)cc(F)c2)cc1C1CCN(C[C@H]2CN([C@@H](C(=O)O)C3CCCCC3)C[C@@H]2c2cccc(F)c2)CC1,1 2,c1ccc(Cc2cc(C3CCN(C[C@H]4CN(CC5CCCCC5)C[C@@H]4c4ccccc4)CC3)[nH]n2)cc1,train,542.7650000000002,5.692500000000005,0.41084179927219217,38,75
subcategory_bioisostere.add-S_1179,CCCCCC(O)/C=C/[C@H]1CCC(=O)N1CCCCCCCOS(=O)(=O)O,1,bioisostere,add-S,CCCCCC(O)/C=C/[C@H]1CCC(=O)N1CCCCCCC(=O)O,20 21 22 23 24 25 26,O=C1CCCN1,train,405.55700000000013,3.2447000000000017,0.24617743621978488,27,47
subcategory_bioisostere.add-S_641,Clc1nc(-c2ccccc2)nc2c1ncn2Cc1ccccc1,0,authentic,authentic,,,c1ccc(Cn2cnc3cnc(-c4ccccc4)nc32)cc1,train,320.783,4.195000000000002,0.5314306784880168,23,35
subcategory_bioisostere.add-S_159,CC(C)NCC(O)COc1ccc(C[S+]([O-])CC2CC2)cc1,0,authentic,authentic,,,c1ccc(C[SH+]CC2CC2)cc1,train,325.4740000000001,2.0829999999999993,0.6465955071815458,22,40
subcategory_bioisostere.add-S_941,CCN(C(=O)CS(C)(=O)=O)c1ccc(NC(=O)[C@H](CNC(=O)c2ccc(Cl)s2)N(C)CC(F)(F)F)cc1,1,bioisostere,add-S,CN(CC(F)(F)F)[C@@H](CNC(=O)c1ccc(Cl)s1)C(=O)Nc1ccc(N2CCOCC2=O)cc1,0 1 2 3 4 6 7 8 9 10 11 12 13 14 15 16 17 18 19 20 21 22 23 24 25 26 27 28 29 30 31 32 33 34 35 36,O=C(CCNC(=O)c1cccs1)Nc1ccc(N2CCOCC2=O)cc1,train,583.0540000000003,3.0302000000000016,0.42078256038819445,37,75
subcategory_bioisostere.add-S_38,COc1cc2c(cc1OC)C(=O)C(CC1(F)CCCCCN(Cc3c(F)c(F)c(F)c(F)c3F)CC1)C2,0,authentic,authentic,,,O=C1c2ccccc2CC1CC1CCCCCN(Cc2ccccc2)CC1,train,529.5210000000001,6.319000000000005,0.24954231541949762,37,64
subcategory_bioisostere.add-S_893,CC[C@@H](CN(C)CCc1ccc2c(c1)CCS2)c1cccc(OC)c1SC,1,bioisostere,add-S,COc1cccc2c1CCC[C@H]2CN(C)CCc1ccc2c(c1)CCS2,0 1 2 3 4 5 6 7 8 9 10 12 13,c1ccc2c(c1)CCC[C@H]2CNCCc1ccc2c(c1)CCS2,train,401.64100000000013,5.733400000000007,0.4970049597483996,27,46
subcategory_bioisostere.add-S_86,CN1[C@@H]2CC(OC(=O)C(O)(c3cccs3)c3cccs3)C[C@H]1[C@@H]1OC12,0,authentic,authentic,,,O=C(OC1C[C@@H]2N[C@H](C1)C1O[C@H]12)C(c1cccs1)c1cccs1,val,377.4870000000001,2.2010999999999994,0.6538084107919924,25,58
subcategory_bioisostere.add-S_1519,COc1cc2c(cc1OC)C(=O)C(CC1CCN(CSC)CC1)C2,1,bioisostere,add-S,COc1cc2c(cc1OC)C(=O)C(CC1CCN(CCN)CC1)C2,0 1 2 3 4 5 6 7 8 9 10 11 12 13 14 15 16 18 19 20 21 22 23,O=C1c2ccccc2CC1CC1CCNCC1,train,349.49600000000015,3.4814000000000025,0.7860727386558211,24,39
subcategory_bioisostere.add-S_813,CCCCc1oc2ccccc2c1C(O)c1ccc(S(C)(=O)=O)cc1,1,bioisostere,add-S,CCCCc1oc2ccccc2c1C(O)c1ccc(OCCN(CC)CC)cc1,0 1 2 3 4 5 6 7 8 9 10 11 12 13 14 15 16 17 19 20 21 22 23,c1ccc(Cc2coc3ccccc23)cc1,train,358.45900000000006,4.260600000000004,0.7147632394059648,25,41
subcategory_bioisostere.add-S_147,CCCC#CC[N+]12CCC(CC1)[C@@H](OC(=O)C(O)(c1cccs1)c1cccs1)C2,0,authentic,authentic,,,O=C(O[C@H]1C[NH+]2CCC1CC2)C(c1cccs1)c1cccs1,train,430.6150000000001,4.001200000000003,0.4280538037324059,29,57
subcategory_bioisostere.add-S_725,CN(CCCC1(c2ccc(F)cc2)OCc2cc(C#N)ccc21)C(=N)C1CC1,0,authentic,authentic,,,N=C(NCCCC1(c2ccccc2)OCc2ccccc21)C1CC1,train,377.46300000000014,4.570450000000004,0.592475401395973,28,48
subcategory_bioisostere.add-S_1368,CCC(=O)N1CCC(CN2CC[C@H](NC(=O)c3cc(Cl)c(N)cc3OC)[C@H](OS(=O)(=O)O)C2)CC1,1,bioisostere,add-S,CCC(=O)N1CCC(CN2CC[C@H](NC(=O)c3cc(Cl)c(N)cc3OC)[C@H](OC)C2)CC1,26 27 28 29 30 31,O=C(NC1CCN(CC2CCNCC2)CC1)c1ccccc1,train,533.0470000000001,1.5715000000000008,0.33435234294444277,35,72
subcategory_bioisostere.add-S_1144,CSc1cc2ccccc2n1CCNC(=O)c1ccccc1F,1,bioisostere,add-S,Cc1cc2ccccc2n1CCNC(=O)c1ccccc1F,0 1 3 4 5 6 7 8 9 10 11 12 13 14 15 16 17 18 19 20 21 22,O=C(NCCn1ccc2ccccc21)c1ccccc1,val,328.412,3.9323000000000023,0.7201036495919744,23,32
subcategory_bioisostere.add-S_1024,CS(=O)(=O)c1ccc(OC(F)(F)F)cc1C(=O)N[C@H]1CCCN[C@H]1c1ccccc1,1,bioisostere,add-S,COc1ccc(OC(F)(F)F)cc1C(=O)N[C@H]1CCCN[C@H]1c1ccccc1,0 1 2 3 5 6 7 8 9 10 11 12 13 14 15 16 17 18 19 20 21 22 23 24 25 26 27 28 29,O=C(N[C@H]1CCCN[C@H]1c1ccccc1)c1ccccc1,val,442.4590000000001,3.211800000000002,0.7430480022257041,30,59
subcategory_bioisostere.add-S_471,CN(C)CCC(c1ccc(Cl)cc1)c1ccc(Cl)cn1,0,authentic,authentic,,,c1ccc(Cc2ccccn2)cc1,train,309.24,4.472000000000004,0.8097497182381589,20,34
subcategory_bioisostere.add-S_1441,CSCC(C(N)=O)N(C)C(=O)[C@@H]1CCCN1C(C)=O,1,bioisostere,add-S,CCC(C(N)=O)N(C)C(=O)[C@@H]1CCCN1C(C)=O,1 2,C1CCNC1,train,287.385,-0.32739999999999925,0.750433580610844,19,39
subcategory_bioisostere.add-S_1090,COc1cc2nc(S(=O)Cc3ncc(C)c(OC)c3SC)[nH]c2cc1NC(C)=O,1,bioisostere,add-S,COc1cc2nc(S(=O)Cc3ncc(C)c(OC)c3C)[nH]c2cc1NC(C)=O,0 1 2 3 4 5 6 7 8 9 10 11 12 13 14 15 16 17 19 20 21 22 23 24 25 26 27 28,O=S(Cc1ccccn1)c1nc2ccccc2[nH]1,train,434.5430000000001,3.2716200000000004,0.549764700402985,29,50
subcategory_bioisostere.add-S_778,CCN(CC)CCNC(=O)c1c(C)[nH]c2c1CCC/C2=C1/C(=O)Nc2ccc(Br)cc21,0,authentic,authentic,,,O=C1Nc2ccccc2/C1=C1\CCCc2cc[nH]c21,train,485.42600000000016,4.356420000000003,0.5326751389407258,31,58
subcategory_bioisostere.add-S_264,O=C(NC(c1ccccc1)c1cnccn1)C1CCN(S(=O)(=O)c2ccccc2)CC1,0,authentic,authentic,,,O=C(NC(c1ccccc1)c1cnccn1)C1CCN(S(=O)(=O)c2ccccc2)CC1,test,436.53700000000015,2.783100000000001,0.641510489438971,31,52
subcategory_bioisostere.add-S_359,C/C=C(\NC(=O)COc1ccccc1)C(=O)O,0,authentic,authentic,,,c1ccccc1,train,235.239,1.1700000000000002,0.7510292436795415,17,30
subcategory_bioisostere.add-S_881,CSc1c(C(C)C)nn2c(C)ccc2c1-c1ccc(F)cc1,1,bioisostere,add-S,Cc1ccc2c(-c3ccc(F)cc3)c(/C=C/C(O)CC(O)CC(=O)O)c(C(C)C)nn12,1 2,c1ccc(-c2ccnn3cccc23)cc1,train,314.429,5.294120000000004,0.6107541222226128,22,37
subcategory_bioisostere.add-S_1529,CSc1sc(-c2ccc(OCC(C)C)c(C(C)C)c2)nc1C,1,bioisostere,add-S,CC.CC(=O)c1sc(-c2ccc(OCC(C)C)c(C(C)C)c2)nc1C,0 1 3 4 5 6 7 8 9 10 11 12 13 14 15 16 17 18 19 20,c1ccc(-c2nccs2)cc1,train,335.53800000000007,5.998620000000004,0.6045145594293362,22,37
subcategory_bioisostere.add-S_1018,CSc1ccc(CN[C@H](C)c2cc(F)cc(F)c2)cc1,1,bioisostere,add-S,C[C@@H](NCc1ccc(Cn2cncn2)cc1)c1cc(F)cc(F)c1,0 1 2 3 4 5 7 8 9 10 11 12 13 14 15 16 17 18,c1ccc(CNCc2ccc(Cn3cncn3)cc2)cc1,val,293.38199999999995,4.537500000000004,0.8124070125043986,20,36
