id,smiles,label,category,subcategory,parent_smiles,edited_atoms,scaffold,split,mw,logp,qed,heavy_atoms,smiles_length
subcategory_homologation.grow-single_637,Nc1ccccc1NC(=O)Nc1ccccc1,0,authentic,authentic,,,O=C(Nc1ccccc1)Nc1ccccc1,train,227.26700000000002,2.9128000000000007,0.6903675261375661,17,24
subcategory_homologation.grow-single_51,CCC[C@@H]1O[C@@H]2C[C@H]3[C@@H]4CCC5=CC(=O)C=C[C@]5(C)[C@H]4[C@H](O)C[C@]3(C)[C@]2(C(=O)CO)O1,0,authentic,authentic,,,O=C1C=CC2C(=C1)CC[C@@H]1[C@@H]2CCC2C3OCO[C@@H]3C[C@H]21,train,430.5410000000002,2.7168000000000014,0.7124527920741569,31,93
subcategory_homologation.grow-single_31,Cc1cc(-c2c(F)cc3c(=O)c(CC4CCCCC4)cn(C4CC4)c3c2F)cc(C)n1,0,authentic,authentic,,,O=c1c(CC2CCCCC2)cn(C2CC2)c2cc(-c3ccncc3)ccc12,train,422.5190000000001,6.416240000000005,0.48646518840855024,31,55
subcategory_homologation.grow-single_1,CC[C@@H](C(N)=O)N1CC(C(N)=O)CC1=O,0,authentic,authentic,,,O=C1CCCN1,train,213.23699999999997,-1.4158999999999993,0.5982925058467637,15,33
subcategory_homologation.grow-single_1712,CCCN(CCO)c1c(C)cnc(CS(=O)c2nc3ccc(OC)cc3[nH]2)c1Cl,1,homologation,grow-single,COc1ccc2nc(S(=O)Cc3ncc(C)c(N4CCOCC4)c3Cl)[nH]c2c1,0 1 2 3 5 8 13,O=S(Cc1cc(N2CCOCC2)ccn1)c1nc2ccccc2[nH]1,train,436.96500000000015,3.4448200000000018,0.5334879280388093,29,50
subcategory_homologation.grow-single_793,N[C@@H](CC(=O)N1CCn2c(nnc2C(F)F)C1)Cc1cc(F)c(F)cc1F,0,authentic,authentic,,,O=C(CCCc1ccccc1)N1CCn2cnnc2C1,train,389.3280000000001,1.9352999999999996,0.6264164533105608,27,51
subcategory_homologation.grow-single_1527,CCCNCCN1C(=O)C(OC(C)=O)C(c2ccc(OC)cc2)Sc2cc(Oc3ccc(F)cc3)ccc21,1,homologation,grow-single,COc1ccc(C2Sc3cc(Oc4ccc(F)cc4)ccc3N(CCN(C)C)C(=O)C2OC(C)=O)cc1,3 4,O=C1CC(c2ccccc2)Sc2cc(Oc3ccccc3)ccc2N1,train,538.6410000000002,5.737900000000006,0.26065359146156436,38,62
subcategory_homologation.grow-single_1101,CCOc1cc2c(Nc3ccc(Cl)cc3F)ncnc2cc1OCCC1CCN(C)CC1,1,homologation,grow-single,COc1cc2c(Nc3ccc(Cl)cc3F)ncnc2cc1OCCC1CCN(C)CC1,3,c1ccc(Nc2ncnc3cc(OCCC4CCNCC4)ccc23)cc1,train,458.9650000000004,5.675300000000006,0.46860516858586804,32,47
subcategory_homologation.grow-single_1340,CCC(C)CC(=O)c1c(O)c(CC=C(C)C)c2oc(=O)cc([C@@H](O)CC)c2c1O,1,homologation,grow-single,CC[C@H](O)c1cc(=O)oc2c(CC=C(C)C)c(O)c(C(=O)CC(C)C)c(O)c12,2,O=c1ccc2ccccc2o1,train,402.48700000000014,4.775200000000006,0.3332452113886578,29,57
subcategory_homologation.grow-single_1581,CCOc1c(C)cnc(CS(=O)c2nc3ccccc3[nH]2)c1C,1,homologation,grow-single,COc1c(C)cnc(CS(=O)c2nc3ccccc3[nH]2)c1C,3,O=S(Cc1ccccn1)c1nc2ccccc2[nH]1,train,329.42500000000007,3.2812400000000013,0.7798041330364615,23,39
subcategory_homologation.grow-single_1804,CCCCNCCc1c(-c2ccccc2)[nH]c2ccccc12,1,homologation,grow-single,CCC(=O)NCCc1c(-c2ccccc2)[nH]c2ccccc12,6,c1ccc(-c2cc3ccccc3[nH]2)cc1,train,292.42600000000004,4.767100000000004,0.6032969617439884,22,34
subcategory_homologation.grow-single_531,C=CCc1ccccc1OC[C@@H](O)CNC(C)C,0,authentic,authentic,,,c1ccccc1,train,249.35399999999996,2.1528,0.6936807740895572,18,30
subcategory_homologation.grow-single_185,CCCC1(c2ccccc2)NC(=O)NC1=O,0,authentic,authentic,,,O=C1NC(=O)C(c2ccccc2)N1,train,218.25599999999997,1.5213999999999999,0.7556045509787207,16,26
subcategory_homologation.grow-single_1104,CCC(=O)NC(C)c1ccccc1,1,homologation,grow-single,CCN(CC)CC(=O)NC(C)c1ccccc1,2,c1ccccc1,train,177.24699999999999,2.2738000000000005,0.7535752911530005,13,20
subcategory_homologation.grow-single_1568,CCCC(=O)O[C@]1(C(=O)COC(C)=O)[C@@H](C)CC2C3C(C(O)C[C@@]21C)[C@@]1(C)C=CC(=O)C=C1C[C@H]3Cl,1,homologation,grow-single,CCC(=O)O[C@]1(C(=O)COC(C)=O)[C@@H](C)CC2C3C(C(O)C[C@@]21C)[C@@]1(C)C=CC(=O)C=C1C[C@H]3Cl,2,O=C1C=CC2C(=C1)CCC1C3CCCC3CCC21,train,521.0500000000002,3.942700000000003,0.4171955230835296,36,89
subcategory_homologation.grow-single_1583,CCOc1cc2c(cc1O)C(c1ccc(N)cc1)=NN(C=O)C(C)C2,1,homologation,grow-single,CC1Cc2cc3c(cc2C(c2ccc(N)cc2)=NN1C=O)OCO3,1 2 3 8,c1ccc(C2=NNCCc3cc4c(cc32)OCO4)cc1,train,339.3950000000001,2.528500000000001,0.6616833325805166,25,43
subcategory_homologation.grow-single_443,C#C[C@]1(O)CCC2C3C(CC[C@@]21C)C1CCC(=O)C=C1C[C@H]3C,0,authentic,authentic,,,O=C1C=C2CCC3C4CCCC4CCC3C2CC1,train,312.45300000000003,3.738500000000003,0.6919245281556617,23,51
subcategory_homologation.grow-single_704,CCCN(C)CCC[C@@]1(c2ccc(F)cc2)OCc2cc(C#N)ccc21,0,authentic,authentic,,,c1ccc(C2OCc3ccccc32)cc1,train,352.4530000000001,4.593180000000005,0.7309399240576883,26,45
subcategory_homologation.grow-single_926,CCOc1ccccc1/C=C/CN1CCCC(CO)(Cc2cccc(OC)c2)C1,1,homologation,grow-single,COc1cccc(CC2(CO)CCCN(C/C=C/c3ccccc3OC)C2)c1,3,C(=C\c1ccccc1)/CN1CCCC(Cc2ccccc2)C1,train,395.5430000000001,4.424300000000004,0.6822635122992442,29,44
subcategory_homologation.grow-single_998,CCCNC(=O)Nc1cccc(-c2ccc(C[C@H](NCC)C(=O)O)cc2)c1,1,homologation,grow-single,CCCNC(=O)Nc1cccc(-c2ccc(C[C@H](NC(N)=O)C(=O)O)cc2)c1,2,c1ccc(-c2ccccc2)cc1,train,369.46500000000015,3.4903000000000013,0.5445574452328814,27,48
subcategory_homologation.grow-single_567,COc1cc(C(=O)Nc2cnc(Nc3ccc(OC(C)C)c(F)c3)n(Cc3ccc(Cl)cc3)c2=O)ccn1,0,authentic,authentic,,,O=C(Nc1cnc(Nc2ccccc2)n(Cc2ccccc2)c1=O)c1ccncc1,train,537.9790000000003,5.270800000000005,0.29927702938330797,38,65
subcategory_homologation.grow-single_238,O=S(=O)(CS(=O)(=O)C(F)(F)F)c1ccc(F)c(Cl)c1,0,authentic,authentic,,,c1ccccc1,train,340.703,2.1449000000000007,0.6242836631584769,19,42
subcategory_homologation.grow-single_1166,CC[C@H](CC(=O)O)NC(=O)c1ccccc1Br,1,homologation,grow-single,O=C(O)C[C@H](NC(=O)c1ccccc1Br)C(=O)O,2,c1ccccc1,train,300.152,2.432200000000001,0.8773962409293479,17,32
subcategory_homologation.grow-single_1726,CCNCc1ccc(-c2ccccc2-c2nn[nH]n2)cc1,1,homologation,grow-single,CC(C)(N)CC(=O)N[C@H](Cc1ccccc1)C(=O)NCc1ccc(-c2ccccc2-c2nn[nH]n2)cc1,,O=C(CCc1ccccc1)NCc1ccc(-c2ccccc2-c2nn[nH]n2)cc1,val,279.34700000000004,2.6432,0.7532015841688756,21,34
subcategory_homologation.grow-single_1008,CCCC(Cn1cccn1)(ON)C(=O)Nc1ccc(-c2ccccc2S(N)(=O)=O)cn1,1,homologation,grow-single,Nc1cc(C2=NOC(Cn3cccn3)(C(=O)Nc3ccc(-c4ccccc4S(N)(=O)=O)cn3)C2)ccc1Cl,0 1 2 3 4 5 7 8 11 12 14 15,O=C(Nc1ccc(-c2ccccc2)cn1)C1(Cn2cccn2)CC(c2ccccc2)=NO1,train,444.51700000000017,1.6603999999999994,0.42382003604913504,31,53
subcategory_homologation.grow-single_342,O=C1Nc2ccc(Cl)cc2C12OCCS2,0,authentic,authentic,,,O=C1Nc2ccccc2C12OCCS2,train,241.69899999999996,2.2082999999999995,0.7569750365057146,15,25
subcategory_homologation.grow-single_1318,CCCN(CCNC)C1=Nc2cc(Cl)c(F)cc2Nc2cc(F)ccc21,1,homologation,grow-single,CN1CCN(C2=Nc3cc(Cl)c(F)cc3Nc3cc(F)ccc32)CC1,0 1 2 3 5 8 12 18,c1ccc2c(c1)N=C(N1CCNCC1)c1ccccc1N2,train,378.85400000000004,4.684900000000003,0.7927903207551787,26,42
subcategory_homologation.grow-single_1480,CNCCCCn1cncn1,1,homologation,grow-single,O=C(NCCCCn1cncn1)c1ccc(Cl)s1,,O=C(NCCCCn1cncn1)c1cccs1,train,154.217,0.2776999999999996,0.6192730978526017,11,13
subcategory_homologation.grow-single_133,COC(=O)C(C)(C)CCCOc1ccc(Cl)c(OCCCC(C)(C)C(=O)OC)c1,0,authentic,authentic,,,c1ccccc1,train,428.9530000000003,5.0564000000000044,0.34214843015484475,29,50
subcategory_homologation.grow-single_446,N/C(=C\C(=O)N1CCn2c(nnc2C(F)(F)F)C1)Cc1cc(F)c(F)cc1F,0,authentic,authentic,,,O=C(C=CCc1ccccc1)N1CCn2cnnc2C1,train,405.30200000000013,2.1417,0.4824132500033599,28,52
subcategory_homologation.grow-single_769,CCCCCc1ccc(-c2ccc(C(=O)Oc3ccc(C(=O)OC)cc3)cc2)nc1,0,authentic,authentic,,,O=C(Oc1ccccc1)c1ccc(-c2ccccn2)cc1,test,403.4780000000001,5.487100000000006,0.28274079002690244,30,49
subcategory_homologation.grow-single_1499,CCn1c(=O)c2nc(-c3ccccc3N)[nH]c2n(C)c1=O,1,homologation,grow-single,Cn1c(=O)c2nc(-c3ccccc3N)[nH]c2n(C)c1=O,2,O=c1[nH]c(=O)c2nc(-c3ccccc3)[nH]c2[nH]1,train,285.3070000000001,0.6924000000000001,0.6767075060674684,21,39
subcategory_homologation.grow-single_732,CCC1(CC)O[C@@H](CC(=O)N(C)C)C[C@@H](/C=C/c2c(-c3ccc(F)cc3)nc(N(C)S(C)(=O)=O)nc2C(C)C)O1,0,authentic,authentic,,,C(=C\[C@@H]1CCOCO1)/c1cncnc1-c1ccccc1,train,576.7350000000001,4.983800000000005,0.3929849084859296,40,87
subcategory_homologation.grow-single_1420,CCCC[C@H]1C(=O)N(c2ccc(I)cc2)[C@@H]1c1ccc(O)cc1,1,homologation,grow-single,O=C1[C@H](CC[C@H](O)c2ccc(F)cc2)[C@@H](c2ccc(O)cc2)N1c1ccc(I)cc1,2,O=C1[C@H](CCCc2ccccc2)[C@@H](c2ccccc2)N1c1ccccc1,train,421.2780000000001,4.891100000000005,0.5518375809729698,23,47
subcategory_homologation.grow-single_110,OCCN(CCO)CC(F)(c1ccccc1)c1ccccc1,0,authentic,authentic,,,c1ccc(Cc2ccccc2)cc1,train,303.377,2.1863,0.7854773602679883,22,32
subcategory_homologation.grow-single_521,CC(=O)O[C@H]1C(=O)N(CCN(C)C)c2ccc(F)cc2S[C@H]1c1ccc(F)cc1,0,authentic,authentic,,,O=C1C[C@H](c2ccccc2)Sc2ccccc2N1,train,420.48100000000005,3.6381000000000023,0.6916423937090965,29,57
subcategory_homologation.grow-single_1814,CCn1c(C)c(C(=O)c2ccc(Cl)cc2)c2ccc(OC)cc21,1,homologation,grow-single,COc1ccc2c(C(=O)c3ccc(Cl)cc3)c(C)n(CC(=O)O)c2c1,,O=C(c1ccccc1)c1c[nH]c2ccccc12,train,327.8110000000001,4.862620000000004,0.64051985205869,23,41
subcategory_homologation.grow-single_1241,COC(=O)C1=C(O)C(=O)N(Cc2ccc(OC)cc2)C1,1,homologation,grow-single,CCOC(=O)C1=C(O)C(=O)N(Cc2ccc(OC)cc2)C1,,O=C1C=CCN1Cc1ccccc1,train,277.276,1.0224999999999997,0.8315779506593668,20,37
subcategory_homologation.grow-single_1074,CCOC(CCCN(C)CC#Cc1ccccc1)(c1ccc(F)cc1)c1ccc(C#N)cc1,1,homologation,grow-single,CN(CC#Cc1ccccc1)CCCC1(c2ccc(F)cc2)OCc2cc(C#N)ccc21,0 1 2 3 5 6 8 9 10 11 13 14 15 16 18 19 22 23 25,C(#Cc1ccccc1)CNCCCC1(c2ccccc2)OCc2ccccc21,train,440.5620000000001,5.741180000000006,0.3981494544442926,33,51
subcategory_homologation.grow-single_1030,CCc1ccc(OCCN(CC)CC2(C)CCc3c(C)c(O)c(C)c(C)c3O2)cc1,1,homologation,grow-single,CCN(CCOc1ccc(/C=C2\SC(=O)NC2=O)cc1)CC1(C)CCc2c(C)c(O)c(C)c(C)c2O1,2,O=C1NC(=O)/C(=C/c2ccc(OCCNCC3CCc4ccccc4O3)cc2)S1,train,411.5860000000001,5.3644600000000064,0.6345008355138723,30,50
subcategory_homologation.grow-single_809,CN(CCc1ccc2c(c1)OCO2)C[C@@H]1CC[C@H]2CCOc3cccc1c32,0,authentic,authentic,,,c1cc2c3c(c1)[C@H](CNCCc1ccc4c(c1)OCO4)CC[C@H]3CCO2,test,365.4730000000001,4.333300000000004,0.7889561909478023,27,50
subcategory_homologation.grow-single_174,NS(=O)(=O)Oc1cccc2c1CCC2=O,0,authentic,authentic,,,O=C1CCc2ccccc21,test,227.24099999999996,0.39779999999999976,0.7917200825600947,15,26
subcategory_homologation.grow-single_1067,CCN(CC1(OC)CCN(C(=O)c2cc(Cl)ccn2)CC1)C(=O)Nc1ccc(OC(F)(F)F)cc1,1,homologation,grow-single,O=C(Nc1ccc(OC(F)(F)F)cc1)N1CCOC2(CCN(C(=O)c3cc(Cl)ccn3)CC2)C1,0 1 2 3 4 5 6 8 9 12 13 14 17 18 20 22 25 28 29 30,O=C(Nc1ccccc1)N1CCOC2(CCN(C(=O)c3ccccn3)CC2)C1,test,514.9320000000002,4.808800000000004,0.5731093391594975,35,62
subcategory_homologation.grow-single_1297,CCCc1nc2ccn(C(=O)O)c(=O)c2n1Cc1ccc(-c2ccccc2-c2nn[nH]n2)cc1,1,homologation,grow-single,CCCCc1nc2ccn(C(=O)O)c(=O)c2n1Cc1ccc(-c2ccccc2-c2nn[nH]n2)cc1,,O=c1[nH]ccc2ncn(Cc3ccc(-c4ccccc4-c4nn[nH]n4)cc3)c12,train,455.47800000000007,3.572000000000002,0.39996948692178447,34,59
subcategory_homologation.grow-single_728,C=CC[C@H]1CN(C)CC[C@@]1(OC(=O)CC)c1cccc(OC)c1,0,authentic,authentic,,,c1ccc(C2CCNCC2)cc1,train,317.42900000000003,3.371500000000002,0.5954932452741153,23,45
subcategory_homologation.grow-single_929,CCCCC(CC)[C@H]1C[C@@H](C(=O)O)N(C(=O)[C@H](C)N[C@@H](CCc2ccccc2)C(=O)O)C1,1,homologation,grow-single,C[C@H](N[C@@H](CCc1ccccc1)C(=O)O)C(=O)N1C[C@@H](C2CCCCC2)C[C@H]1C(=O)O,0 1 2 3 4 6 9,O=C(CNCCCc1ccccc1)N1CC[C@H](C2CCCCC2)C1,train,446.5880000000002,3.5686000000000027,0.427628921803061,32,73
subcategory_homologation.grow-single_4,CN1CCN(C2=Nc3ccccc3Nc3sc(CO)cc32)CC1,0,authentic,authentic,,,c1ccc2c(c1)N=C(N1CCNCC1)c1ccsc1N2,train,328.44100000000014,2.623100000000001,0.8448635246272355,23,36
subcategory_homologation.grow-single_1131,CCC[N+](C)([O-])CCNC1=Nc2cc(F)ccc2Nc2sc(C)cc21,1,homologation,grow-single,Cc1cc2c(s1)Nc1ccc(F)cc1N=C2N1CC[N+](C)([O-])CC1,0 1 2 3 4 5 6 7 8,c1ccc2c(c1)N=C(N1CC[NH2+]CC1)c1ccsc1N2,val,362.47400000000005,4.2749200000000025,0.6166018968036464,25,46
subcategory_homologation.grow-single_1173,CCCCCN(Cc1ccc(-c2ccccc2-c2nn[nH]n2)cc1)C(=O)CC1(NC)CCCC1,1,homologation,grow-single,CCCCC1=NC2(CCCC2)CC(=O)N1Cc1ccc(-c2ccccc2-c2nn[nH]n2)cc1,0 1 2 3 4 5 6 7 8 9 10 12 14 17 20 22,O=C1CC2(CCCC2)N=CN1Cc1ccc(-c2ccccc2-c2nn[nH]n2)cc1,train,460.6260000000003,4.974800000000004,0.3944134398428492,34,56
subcategory_homologation.grow-single_1057,COc1cc(C(F)(F)F)ccc1C#N,1,homologation,grow-single,CNCC[C@@H](Oc1cc(C(F)(F)F)ccc1C#N)c1ccccc1.Cl,,c1ccc(COc2ccccc2)cc1,train,201.14700000000002,2.585680000000001,0.6990831236544447,14,23
subcategory_homologation.grow-single_1122,CCCCC(=O)N(Cc1ccc(-c2ccccc2-c2nn[nH]n2)cc1)CC(C(=O)OC)C(C)C,1,homologation,grow-single,CCCCC(=O)N(Cc1ccc(-c2ccccc2-c2nn[nH]n2)cc1)CC(C(=O)O)C(C)C,2,c1ccc(-c2ccccc2-c2nn[nH]n2)cc1,train,463.5820000000002,4.497700000000004,0.4203456951733062,34,59
subcategory_homologation.grow-single_1628,CCCNc1nc(N)nc2c1ncn2CCOCP(=O)(O)O,1,homologation,grow-single,C=CCNc1nc(N)nc2c1ncn2CCOCP(=O)(O)O,3,c1ncc2nc[nH]c2n1,train,330.285,0.38219999999999993,0.39786591947970706,22,33
subcategory_homologation.grow-single_497,CCCCCCCC(=O)c1c(O)cc(CCCCCCC)oc1=O,0,authentic,authentic,,,O=c1cccco1,train,336.4720000000001,5.401500000000006,0.3865778255261014,24,34
subcategory_homologation.grow-single_351,CN(C)c1cccc(S(=O)(=O)N(C[C@@H](O)[C@H](Cc2ccccc2)NC(=O)O[C@H]2CO[C@H]3OCC[C@H]32)CC(C)(C)CCC#N)c1,0,authentic,authentic,,,O=C(N[C@H](CCNS(=O)(=O)c1ccccc1)Cc1ccccc1)O[C@H]1CO[C@H]2OCC[C@H]21,train,628.7919999999999,3.533080000000001,0.32141303307489477,44,97
subcategory_homologation.grow-single_44,C/C(=C\Cn1oc(=O)[nH]c1=O)c1cccc(OCc2nc(-c3ccc(C(F)(F)F)cc3)oc2-c2ccccc2)c1,0,authentic,authentic,,,O=c1[nH]c(=O)n(CC=Cc2cccc(OCc3nc(-c4ccccc4)oc3-c3ccccc3)c2)o1,val,549.5050000000002,6.152900000000005,0.2489916927720988,40,74
subcategory_homologation.grow-single_1670,CCCSc1nc2ccc(OC)cc2[nH]1,1,homologation,grow-single,COc1ccc2nc(SCC(C)(C)C)[nH]c2c1,,c1ccc2[nH]cnc2c1,train,222.313,3.0736000000000008,0.8077923975516497,15,24
subcategory_homologation.grow-single_1514,CCCCC1C(CCCC=O)C(CCc2ccccc2)=CC2=CC(=O)CCC21C,1,homologation,grow-single,CC12CCC3C(C(CCc4ccccc4)=CC4=CC(=O)CCC43C)C1CCC2=O,1 2 3 4 8 14 18 21 25,O=C1C=C2C=C(CCc3ccccc3)C3C4CCC(=O)C4CCC3C2CC1,train,392.5830000000002,6.646600000000007,0.32997697061225434,29,45
subcategory_homologation.grow-single_944,COc1c(C)cnc(C[S+](OC)c2nc3ccccc3[nH]2)c1C,1,homologation,grow-single,COc1c(C)cnc(C[S+]([O-])c2nc3ccccc3[nH]2)c1C,2,c1ccc(C[SH+]c2nc3ccccc3[nH]2)nc1,train,330.43300000000005,3.322140000000002,0.7291285862218814,23,41
subcategory_homologation.grow-single_1639,CCN(C)CCN1C(=O)C(OC(=O)N(F)c2ccccc2)C(c2ccc(OC)cc2)Sc2ccccc21,1,homologation,grow-single,COc1ccc(C2Sc3ccccc3N(CCN(C)C)C(=O)C2OC(=O)N(F)c2ccccc2)cc1,2,O=C(Nc1ccccc1)OC1C(=O)Nc2ccccc2SC1c1ccccc1,train,523.6300000000002,5.723200000000006,0.351968613051465,37,61
subcategory_homologation.grow-single_852,CCCN(CCC)C(=O)Cc1c(-c2ccc(Cl)cc2)nc2c(NC(C)=O)cccn12,0,authentic,authentic,,,c1ccc(-c2cn3ccccc3n2)cc1,train,426.9480000000001,4.804200000000003,0.5619398542286589,30,52
subcategory_homologation.grow-single_1382,CCC(C)N(C(C)=O)c1ccc(OC)cc1,1,homologation,grow-single,COc1ccc(N(C(C)=O)C(C)C(=O)O)cc1,2,c1ccccc1,train,221.3,2.8466000000000014,0.7820631399983193,16,27
subcategory_homologation.grow-single_272,CNC[C@H]1COc2ccccc2[C@@H]1Oc1ccccc1C,0,authentic,authentic,,,c1ccc(O[C@@H]2CCOc3ccccc32)cc1,test,283.37100000000004,3.3431200000000016,0.9331996884041676,21,36
subcategory_homologation.grow-single_321,Cc1ccc(S(=O)(=O)Nc2nc3nc(C)cc(C)n3n2)cc1,0,authentic,authentic,,,O=S(=O)(Nc1nc2ncccn2n1)c1ccccc1,val,317.374,1.8503599999999998,0.7960403594838379,22,40
subcategory_homologation.grow-single_1586,CCCC[C@H](NC(=O)[C@H](NS(C)(=O)=O)C(c1ccccc1)c1ccccc1)C(=O)NCc1ccc(CN)s1,1,homologation,grow-single,CS(=O)(=O)N[C@@H](C(=O)N1CCC[C@H]1C(=O)NCc1ccc(CN)s1)C(c1ccccc1)c1ccccc1,0 1 2 3 4 5 6 7 8 10 13 16 17 21 22 30 35,O=C(NCc1cccs1)[C@@H]1CCCN1C(=O)CC(c1ccccc1)c1ccccc1,train,556.7540000000001,3.2479000000000005,0.24220004880281268,38,72
subcategory_homologation.grow-single_1243,CCCCCCCCCCCc1cc(OC)cc(=O)o1,1,homologation,grow-single,CCCCCCCCCCCc1cc(O)cc(=O)o1,2,O=c1cccco1,train,280.408,4.721700000000005,0.5504218367792334,20,27
subcategory_homologation.grow-single_111,Oc1cccc(C2CCC3CCCCN3C2)c1,0,authentic,authentic,,,c1ccc(C2CCC3CCCCN3C2)cc1,test,231.33899999999994,3.124100000000001,0.8023903036760495,17,25
subcategory_homologation.grow-single_1007,COC[C@H](c1ccccc1C)[C@H]1CCCCN1,1,homologation,grow-single,COC[C@H](c1ccccc1)[C@H]1CCCCN1,7,c1ccc(C[C@H]2CCCCN2)cc1,train,233.35499999999993,2.867120000000001,0.8631406029964451,17,31
subcategory_homologation.grow-single_1140,COCCOC(CCO)OC1CCC2(C)C(CCC3C2CCC2(C)[C@@H](C4=CC(=O)OC4)C(O)CC32O)C1,1,homologation,grow-single,CC1OC(OC2CCC3(C)C(CCC4C3CCC3(C)[C@@H](C5=CC(=O)OC5)C(O)CC43O)C2)CC(O)C1O,0 1 2 3 4 5 7 9 12,O=C1C=C([C@H]2CCC3C4CCC5CC(OC6CCCCO6)CCC5C4CCC32)CO1,train,522.6790000000003,2.970900000000001,0.24060129696120297,37,68
subcategory_homologation.grow-single_1245,CCC(C)OC(CCOC)OC1CCC2(C)C(CCC3C2C(O)C(=O)C2(C)C(C4=CC(=O)OC4)CCC32O)C1,1,homologation,grow-single,COC1CC(OC2CCC3(C)C(CCC4C3C(O)C(=O)C3(C)C(C5=CC(=O)OC5)CCC43O)C2)OC(C)C1O,0 1 2 3 4 5 6 8 10 13,O=C1C=C(C2CCC3C4CCC5CC(OC6CCCCO6)CCC5C4CC(=O)C23)CO1,train,548.7170000000003,3.956100000000003,0.329115968755136,39,70
subcategory_homologation.grow-single_1666,CO[C@@H](C)[C@@H]1C(=O)N2C(C(=O)O)=C([S@](=O)/C=C/NC(C)=O)C[C@H]12,1,homologation,grow-single,CC(=O)N/C=C/[S@@](=O)C1=C(C(=O)O)N2C(=O)[C@@H]([C@H](C)O)[C@H]2C1,2,O=C1C[C@H]2CC=CN12,train,342.3730000000001,-0.09579999999999966,0.6520955027163439,23,66
subcategory_homologation.grow-single_432,COC(=O)/C=C/C(=O)N[C@@H]1CCC2C3Cc4ccc(O)c5c4C2(CCN3CC2CC2)[C@H]1O5,0,authentic,authentic,,,c1cc2c3c(c1)O[C@H]1CCCC4C(C2)N(CC2CC2)CCC341,train,438.52400000000034,2.0553999999999992,0.5405508795887103,32,66
subcategory_homologation.grow-single_39,CC(/C=C/C(=O)NO)=C\[C@@H](C)C(=O)c1ccc(N(C)C)cc1,0,authentic,authentic,,,c1ccccc1,train,302.374,2.579300000000001,0.2785117028779665,22,48
subcategory_homologation.grow-single_823,CCCCN(CCCC)C(=O)Cc1c(-c2ccc(Cl)cc2)nc2ccccn12,0,authentic,authentic,,,c1ccc(-c2cn3ccccc3n2)cc1,train,397.95,5.6260000000000066,0.4691211660546139,28,45
subcategory_homologation.grow-single_747,CCOC1c2c(ncn2Cc2ccc(OC)cc2)N=CN(C)N1C,0,authentic,authentic,,,C1=Nc2ncn(Cc3ccccc3)c2CNN1,val,329.40400000000005,2.4271000000000003,0.8431352380548257,24,37
subcategory_homologation.grow-single_450,CCC(=O)OCC(=O)[C@@]1(OC(=O)CC)[C@H](C)C[C@@H]2[C@H]3CCC4=CC(=O)C=C[C@]4(C)[C@]3(Cl)[C@@H](O)C[C@@]21C,0,authentic,authentic,,,O=C1C=CC2C(=C1)CC[C@H]1C2CCC2CCC[C@@H]21,val,521.0500000000003,4.086800000000004,0.41494323837017155,36,101
subcategory_homologation.grow-single_1692,COCc1cc(-c2ccc(C#N)c(C)c2)cc(C(F)(F)F)c1,1,homologation,grow-single,Cc1cc(-c2cc(COCC3(c4ccccc4)CCN(C)CC3)cc(C(F)(F)F)c2)ccc1C#N,,c1ccc(-c2cccc(COCC3(c4ccccc4)CCNCC3)c2)cc1,test,305.299,4.698900000000003,0.8232178073994026,22,40
subcategory_homologation.grow-single_316,CN1CCN(C2=Nc3ccc(F)cc3Nc3sc4ccccc4c32)CC1,0,authentic,authentic,,,c1ccc2c(c1)N=C(N1CCNCC1)c1c(sc3ccccc13)N2,train,366.46500000000015,4.423100000000003,0.6387862371110645,26,41
subcategory_homologation.grow-single_428,CCn1c(=O)nc(Nc2ccc(Oc3ccnc(C(=O)NC)c3)c(OC)c2)n(Cc2ccc(Cl)cc2)c1=O,0,authentic,authentic,,,O=c1nc(Nc2ccc(Oc3ccncc3)cc2)n(Cc2ccccc2)c(=O)[nH]1,train,536.9760000000002,3.4257000000000017,0.3327006488291353,38,66
subcategory_homologation.grow-single_737,O=C(NCc1ccccc1)c1cc(Oc2cccc(NC(=S)Nc3ccc(Cl)cc3)c2)ccn1,0,authentic,authentic,,,O=C(NCc1ccccc1)c1cc(Oc2cccc(NC(=S)Nc3ccccc3)c2)ccn1,train,489.00000000000006,6.266200000000004,0.2662456783679388,34,55
subcategory_homologation.grow-single_1009,CCOCN1c2ccccc2C(=O)N(Cc2ccccc2)S1(=O)=O,1,homologation,grow-single,C#CCOCN1c2ccccc2C(=O)N(Cc2ccccc2)S1(=O)=O,,O=C1c2ccccc2NS(=O)(=O)N1Cc1ccccc1,train,346.408,2.3878000000000004,0.8336409251379889,24,39
subcategory_homologation.grow-single_1143,CCc1ncc(C)c(N2CCOCC2)c1Cl,1,homologation,grow-single,COc1ccc2nc(S(=O)Cc3ncc(C)c(N4CCOCC4)c3Cl)[nH]c2c1,2,O=S(Cc1cc(N2CCOCC2)ccn1)c1nc2ccccc2[nH]1,train,240.73399999999992,2.4424200000000003,0.7941673279877067,16,25
subcategory_homologation.grow-single_1629,C=C(C)[C@@H]1CC[C@]2(C(=O)O)CC[C@]3(C)[C@H](CC[C@H]([C@](C)(CC)CC[C@H](OC(=O)CC(C)(C)CC(=O)O)C(C)C)[C@@]3(C)CC)[C@@H]12,1,homologation,grow-single,C=C(C)[C@@H]1CC[C@]2(C(=O)O)CC[C@]3(C)[C@H](CC[C@@H]4[C@@]5(C)CC[C@H](OC(=O)CC(C)(C)CC(=O)O)C(C)(C)[C@@H]5CC[C@]43C)[C@@H]12,0 1 2 4 5 8 11 13 15 18 19 22 23 24 27 28 33 38 39 40 41 42 43,C1CC[C@@H]2CCC3C4CCC5CCC[C@@H]5[C@H]4CC[C@@H]3C2C1,train,616.9240000000002,9.5576,0.14885632705854182,44,119
subcategory_homologation.grow-single_1197,COc1ccc(Nc2nc(=O)n(C)c(=O)n2Cc2ccc(Cl)cc2)cc1,1,homologation,grow-single,CNC(=O)c1cc(Oc2ccc(Nc3nc(=O)n(C)c(=O)n3Cc3ccc(Cl)cc3)cc2)ccn1,2,O=c1nc(Nc2ccc(Oc3ccncc3)cc2)n(Cc2ccccc2)c(=O)[nH]1,train,372.812,2.3959,0.7436666552069755,26,45
subcategory_homologation.grow-single_1744,CCCN(CCO)CC[C@H]1C[C@@H](C)C(=O)/C=C/C(C)=C/[C@H](C)[C@@H](CC)OC(=O)CC(O)[C@H](C)[C@H]1O[C@@H]1O[C@H](C)C[C@H](N(C)C)[C@H]1O,1,homologation,grow-single,CC[C@H]1OC(=O)CC(O)[C@H](C)[C@@H](O[C@@H]2O[C@H](C)C[C@H](N(C)C)[C@H]2O)[C@@H](CCN2CCOCC2)C[C@@H](C)C(=O)/C=C/C(C)=C/[C@@H]1C,0 1 2 3 5 7 9,O=C1/C=C/C=C/CCOC(=O)CCC[C@@H](O[C@H]2CCCCO2)[C@@H](CCN2CCOCC2)CC1,val,652.9140000000001,3.964600000000004,0.28227390629298155,46,124
subcategory_homologation.grow-single_25,Cc1cc(NC(=O)Nc2ccc(Cl)c(C(F)(F)F)c2)ccc1Oc1ccnc(NC(=O)C2CC2)c1,0,authentic,authentic,,,O=C(Nc1ccccc1)Nc1ccc(Oc2ccnc(NC(=O)C3CC3)c2)cc1,test,504.89600000000024,6.847020000000004,0.3421882547659293,35,62
subcategory_homologation.grow-single_1163,CCc1[nH]c(-c2ccccc2)c(-c2ccccc2)c1-c1ccccc1F,1,homologation,grow-single,Cc1[nH]c(-c2ccccc2)c(-c2ccccc2)c1-c1ccccc1F,2,c1ccc(-c2c[nH]c(-c3ccccc3)c2-c2ccccc2)cc1,train,341.42900000000003,6.717200000000005,0.42405118588251356,26,44
subcategory_homologation.grow-single_1683,CCCCN(CC)CCc1c[nH]c2ccccc12,1,homologation,grow-single,c1ccc2c(CCN3CCCCC3)c[nH]c2c1,0 1 2 3 4 6 8,c1ccc2c(CCN3CCCCC3)c[nH]c2c1,test,244.382,3.8324000000000025,0.7839188641261864,18,27
subcategory_homologation.grow-single_451,COc1ccc(C(C#N)(CCCNCCc2ccc(O)c(I)c2)C(C)C)cc1OC,0,authentic,authentic,,,c1ccc(CCCCNCCc2ccccc2)cc1,train,522.427,5.043880000000005,0.31956657108540876,30,47
subcategory_homologation.grow-single_1816,CCOP(OCCOCn1cnc2c(=O)[nH]c(N)nc21)OP(=O)(O)O,1,homologation,grow-single,Nc1nc2c(ncn2COC2COP(OP(=O)(O)O)OC2)c(=O)[nH]1.[O-2],0 1 2 3 4 5 6 7 8 9 10 11,O=c1[nH]cnc2c1ncn2COC1COPOC1,train,397.2210000000001,0.06520000000000026,0.3139390218200433,25,44
subcategory_homologation.grow-single_20,CCN(C(N)=NCCNc1ccc(F)cc1)c1ccc(Cl)cc1Cl,0,authentic,authentic,,,C(=NCCNc1ccccc1)Nc1ccccc1,train,369.2710000000001,4.385600000000003,0.45128549805583046,24,39
subcategory_homologation.grow-single_743,C[C@@H]1N=C(c2ccccc2Cl)c2cc([N+](=O)[O-])ccc2N(C)C1=O,0,authentic,authentic,,,O=C1CN=C(c2ccccc2)c2ccccc2N1,train,343.77000000000004,3.4505000000000026,0.6186854921781683,24,53
subcategory_homologation.grow-single_1408,CCC(CC)C(=O)Oc1ccc2[nH]c(C(=O)c3cc4ccccc4[nH]3)cc2c1,1,homologation,grow-single,O=C(c1cc2ccccc2[nH]1)c1cc2cc(OC(=O)C3CCC3)ccc2[nH]1,0 1 2 4 7,O=C(c1cc2ccccc2[nH]1)c1cc2cc(OC(=O)C3CCC3)ccc2[nH]1,train,374.44000000000005,5.2218000000000035,0.27588965707273055,28,52
subcategory_homologation.grow-single_387,Oc1ccc(/C(=C(/c2ccc(O)cc2)C(F)(F)F)C(F)(F)F)cc1,0,authentic,authentic,,,C(=C\c1ccccc1)/c1ccccc1,train,348.24199999999996,5.133200000000003,0.5832249782870366,24,47
subcategory_homologation.grow-single_973,CCc1c(-c2ccncc2)c(C)cc2oc(=O)cc(-c3ccccc3)c12,1,homologation,grow-single,Cc1cc2oc(=O)cc(-c3ccccc3)c2c(C)c1-c1ccncc1,2,O=c1cc(-c2ccccc2)c2cc(-c3ccncc3)ccc2o1,train,341.41,5.392820000000004,0.4690532489910867,26,45
subcategory_homologation.grow-single_1401,CCOC(=O)c1ccc(N/C(S)=N/c2cccc(C(C)(C)CCOC)c2)cc1,1,homologation,grow-single,CCOC(=O)c1ccc(N/C(S)=N/c2cccc3c2OC(C)(C)CC3(C)C)cc1,0 1 2 3 4 5 6,C(=N\c1cccc2c1OCCC2)/Nc1ccccc1,test,400.54400000000027,5.206800000000005,0.27646072405922384,28,48
subcategory_homologation.grow-single_1828,CCCC[C@@H](O[CH]CO)c1cc(Cc2ccc(OCC)cc2)c(Cl)c2c1OCC2,1,homologation,grow-single,CCOc1ccc(Cc2cc([C@@H]3O[C@H](CO)[C@@H](O)[C@H](O)[C@H]3O)c3c(c2Cl)CCO3)cc1,0 1 2 3 4 6 9 13 18,c1ccc(Cc2cc3c(c([C@H]4CCCCO4)c2)OCC3)cc1,train,417.9530000000002,5.666390000000005,0.5115733809844099,29,52
subcategory_homologation.grow-single_674,COC(=O)C1CSC(c2ccccc2O)=N1,0,authentic,authentic,,,c1ccc(C2=NCCS2)cc1,train,237.28000000000003,1.4271999999999998,0.790378167113697,16,26
subcategory_homologation.grow-single_624,N#CN/C(=N/c1cccc(Cl)c1)NC(Cn1ccnc1)c1ccc(Cl)cc1Cl,0,authentic,authentic,,,C(=Nc1ccccc1)NC(Cn1ccnc1)c1ccccc1,train,433.73000000000013,4.932580000000002,0.25866589392349226,28,49
subcategory_homologation.grow-single_1273,CCc1cc([N+](=O)[O-])cc([N+](=O)[O-])c1O,1,homologation,grow-single,CC(C)(C)OC(=O)NC(Cc1cc([N+](=O)[O-])cc([N+](=O)[O-])c1O)C(=O)O,,c1ccccc1,train,212.16099999999997,1.7709999999999995,0.6063824744080847,15,39
subcategory_homologation.grow-single_757,Cc1ccc(-c2cc(OCCCC(C)(C)C(=O)O)ccc2OCCCC(C)(C)C(=O)O)cc1,0,authentic,authentic,,,c1ccc(-c2ccccc2)cc1,train,456.57900000000024,6.2016200000000055,0.3485544343415388,33,56
subcategory_homologation.grow-single_1124,CC(C)CNC(=O)NS(=O)(=O)c1ccc(CCNC(=O)N2CCC(C)CC2=O)cc1,1,homologation,grow-single,CC1CCN(C(=O)NCCc2ccc(S(=O)(=O)NC(=O)NC3CCC(C(C)C)CC3)cc2)C(=O)C1,2 3 4 5,O=C(NC1CCCCC1)NS(=O)(=O)c1ccc(CCNC(=O)N2CCCCC2=O)cc1,train,438.55000000000024,1.8410999999999997,0.5990865315052604,30,53
subcategory_homologation.grow-single_1796,CCOc1ccc(Cl)cc1C(=O)NCCc1ccc(F)c(S(=O)(=O)NC(=S)NC)c1,1,homologation,grow-single,CNC(=S)NS(=O)(=O)c1cc(CCNC(=O)c2cc(Cl)ccc2OC)ccc1F,3,O=C(NCCc1ccccc1)c1ccccc1,train,473.9790000000001,2.632900000000001,0.5099435479042101,30,53
subcategory_homologation.grow-single_887,Cc1cnc(CS(=O)c2nc3ccc(C(F)(F)F)cc3[nH]2)cc1OCc1ccccc1,0,authentic,authentic,,,O=S(Cc1cc(OCc2ccccc2)ccn1)c1nc2ccccc2[nH]1,train,445.4660000000001,5.171920000000004,0.4445668310461156,31,53
subcategory_homologation.grow-single_1204,COc1ccc2nc(-c3ccc(O)cc3)cc(OC)c2c1,1,homologation,grow-single,COc1ccc2nc(-c3ccc(O)cc3)cc(O)c2c1,2,c1ccc(-c2ccc3ccccc3n2)cc1,val,281.31100000000004,3.624600000000002,0.7962351454786704,21,34
subcategory_homologation.grow-single_357,CCOC(=O)C1CCCN(CC#CCN(C)C(C)=O)C1,0,authentic,authentic,,,C1CCNCC1,train,280.368,0.7432000000000001,0.5629301528854518,20,33
subcategory_homologation.grow-single_1706,CCCn1c(N)nc2c(ncn2COCCO)c1=O,1,homologation,grow-single,CCOC(Cn1c(N)nc2c(ncn2COCCO)c1=O)OCC,2,O=c1[nH]cnc2[nH]cnc12,train,267.289,-0.44839999999999985,0.6862836400213504,19,28
subcategory_homologation.grow-single_1709,CCOc1ccc(C(=O)c2c(C)n(CCN(C)C)c3ccccc23)cc1,1,homologation,grow-single,COc1ccc(C(=O)c2c(C)n(CCN(C)C)c3ccccc23)cc1,2,O=C(c1ccccc1)c1c[nH]c2ccccc12,train,350.462,4.141020000000004,0.6007194914512645,26,43
subcategory_homologation.grow-single_776,CCCCC1=NC(CC)C(=O)N1Cc1ccc(-c2ccccc2)c(-c2nn[nH]n2)c1,0,authentic,authentic,,,O=C1CN=CN1Cc1ccc(-c2ccccc2)c(-c2nn[nH]n2)c1,val,402.50200000000007,4.2432000000000025,0.6103146000718811,30,53
subcategory_homologation.grow-single_1650,CCOc1cc2ncnc(Nc3cccc(OC)c3)c2cc1OC,1,homologation,grow-single,COc1cccc(Nc2ncnc3cc(OC)c(OC)cc23)c1,2,c1ccc(Nc2ncnc3ccccc23)cc1,train,325.3680000000001,3.7893000000000026,0.743655562876565,24,34
subcategory_homologation.grow-single_858,CC1OC(OC2C=C3CCC4C(CCC5(C)C(c6ccc(=O)oc6)CCC45O)C3(C)CC2)C(O)C(O)C1O,0,authentic,authentic,,,O=c1ccc(C2CCC3C2CCC2C4CCC(OC5CCCCO5)C=C4CCC23)co1,test,530.6580000000004,3.013800000000002,0.43913673793743346,38,68
subcategory_homologation.grow-single_491,COc1cccc(Nc2ccc(NC(=O)C(C)C)cc2)c1,0,authentic,authentic,,,c1ccc(Nc2ccccc2)cc1,train,284.359,4.033300000000002,0.8710771748534262,21,34
subcategory_homologation.grow-single_1362,Cc1ccccc1C[C@H](NC(=O)O[C@H]1CO[C@H]2OCC[C@H]21)[C@H](O)CN(CC(C)C)S(=O)(=O)c1ccc(I)cc1,1,homologation,grow-single,CC(C)CN(C[C@@H](O)[C@H](Cc1ccccc1)NC(=O)O[C@H]1CO[C@H]2OCC[C@H]21)S(=O)(=O)c1ccc(I)cc1,8,O=C(N[C@H](CCNS(=O)(=O)c1ccccc1)Cc1ccccc1)O[C@H]1CO[C@H]2OCC[C@H]21,train,672.5820000000003,3.706120000000003,0.3503360335675059,39,86
subcategory_homologation.grow-single_801,O=C1CN=C(Nc2c(Cl)cccc2Cl)N1,0,authentic,authentic,,,O=C1CN=C(Nc2ccccc2)N1,test,244.08100000000002,1.8911,0.7920363794672977,15,27
subcategory_homologation.grow-single_647,C/C=C/C(=O)N(c1ccccc1)C1CCN(CCc2ccccc2)CC1,0,authentic,authentic,,,c1ccc(CCN2CCC(Nc3ccccc3)CC2)cc1,train,348.49000000000007,4.302800000000004,0.7266836041310476,26,42
subcategory_homologation.grow-single_363,CCC(CC)CN(C[C@@H](O)[C@H](Cc1ccccc1)NC(=O)O[C@H]1CO[C@H]2OCC[C@H]21)S(=O)(=O)c1ccc(CO)cc1,0,authentic,authentic,,,O=C(N[C@H](CCNS(=O)(=O)c1ccccc1)Cc1ccccc1)O[C@H]1CO[C@H]2OCC[C@H]21,train,590.7390000000004,3.0656000000000008,0.305725976548575,41,89
subcategory_homologation.grow-single_380,CCOCCN1CCN(C2=Nc3ccccc3Sc3cc(CN)ccc32)CC1,0,authentic,authentic,,,c1ccc2c(c1)N=C(N1CCNCC1)c1ccccc1S2,train,396.5600000000003,3.3423000000000016,0.7858350507017918,28,41
subcategory_homologation.grow-single_141,CN(C)CCCC1(c2ccc(F)cc2)OCc2cc(CN)ccc21,0,authentic,authentic,,,c1ccc(C2OCc3ccccc32)cc1,train,328.4310000000001,3.4000000000000012,0.8831266006287621,24,38
subcategory_homologation.grow-single_946,CCN1CCc2ccc3sc4ccccc4c3c2C1,1,homologation,grow-single,COC(=N)N1CCc2ccc3sc4ccccc4c3c2C1,2,c1ccc2c(c1)sc1ccc3c(c12)CNCC3,test,267.397,4.432500000000004,0.6300964334396344,19,27
subcategory_homologation.grow-single_189,O=C1c2ccccc2C(=O)N1Cc1ccccc1,0,authentic,authentic,,,O=C1c2ccccc2C(=O)N1Cc1ccccc1,test,237.25799999999998,2.482800000000001,0.7523630236849838,18,28
subcategory_homologation.grow-single_910,N[C@@H](CC(=O)N1CCn2ncnc2C1)Cc1cc(F)c(F)cc1F,0,authentic,authentic,,,O=C(CCCc1ccccc1)N1CCn2ncnc2C1,val,339.321,0.9976999999999996,0.8432802118958955,24,44
subcategory_homologation.grow-single_878,Nc1ncnc2c1ncn2C1CC(O)C(CO)O1,0,authentic,authentic,,,c1ncc2ncn(C3CCCO3)c2n1,train,251.24599999999998,-0.9508000000000003,0.6289933028308912,18,28
subcategory_homologation.grow-single_861,CCCCCc1nn(C(=O)CCC)c(=O)n1Cc1ccc(-c2ccccc2-c2nn[nH]n2)cc1,0,authentic,authentic,,,O=c1[nH]ncn1Cc1ccc(-c2ccccc2-c2nn[nH]n2)cc1,train,459.5540000000001,4.113200000000003,0.3572738892474754,34,57
subcategory_homologation.grow-single_1157,CCCNCCNC1=Nc2cc(Cl)ccc2Nc2ccccc21,1,homologation,grow-single,Clc1ccc2c(c1)N=C(N1CCNCC1)c1ccccc1N2,0 1 2 3 4 5 6,c1ccc2c(c1)N=C(N1CCNCC1)c1ccccc1N2,train,328.8470000000001,4.064500000000002,0.7252253592124455,23,33
subcategory_homologation.grow-single_401,CCCc1nc(-c2ccccc2)c(C=O)n1Cc1ccc(-c2ccccc2-c2nn[nH]n2)cc1,0,authentic,authentic,,,c1ccc(-c2cn(Cc3ccc(-c4ccccc4-c4nn[nH]n4)cc3)cn2)cc1,train,448.5300000000001,5.210500000000005,0.32920598060610456,34,57
subcategory_homologation.grow-single_529,NC(CCC1(CC(=O)O)CCCCC1)C(=O)O,0,authentic,authentic,,,C1CCCCC1,train,243.3029999999999,1.6036999999999997,0.6575116865593731,17,29
subcategory_homologation.grow-single_1574,CCOC(=O)NCC(NC(=O)c1ccc(N(C)Cc2cnc3nc(N)nc(N)c3n2)cc1)C(=O)O,1,homologation,grow-single,CN(Cc1cnc2nc(N)nc(N)c2n1)c1ccc(C(=O)NC(CNC(=O)OC(C)(C)C)C(=O)O)cc1,,c1ccc(NCc2cnc3ncncc3n2)cc1,train,483.4890000000002,0.14969999999999994,0.2750836536917422,35,60
subcategory_homologation.grow-single_1138,CCC(C(=O)/C=C/C(C)=C/c1ccc(-c2ccccc2)cc1)=C(O)CNC,1,homologation,grow-single,CC(/C=C/C(=O)C1=C(O)CN(C)C1=O)=C\c1ccc(-c2ccccc2)cc1,0 1 2 4 7 8 10 12,O=C(/C=C/C=C/c1ccc(-c2ccccc2)cc1)C1=CCNC1=O,train,361.48500000000007,5.323700000000006,0.3797855161100284,27,49
subcategory_homologation.grow-single_414,CC(C)(C)Nc1cccnc1N1CCN(C(=O)c2cc3cc(F)ccc3[nH]2)CC1,0,authentic,authentic,,,O=C(c1cc2ccccc2[nH]1)N1CCN(c2ccccn2)CC1,train,395.4820000000001,3.8748000000000022,0.7065768456786676,29,51
subcategory_homologation.grow-single_0,OC(Cn1cncn1)(c1ccc(F)cc1F)C(F)(F)c1cccs1,0,authentic,authentic,,,c1ccc(C(Cc2cccs2)Cn2cncn2)cc1,train,357.332,3.297600000000002,0.7131340002238264,24,40
subcategory_homologation.grow-single_83,OCCOC(O)(O)CN1C(O)(O)CN(C2=Nc3ccccc3Sc3ccccc32)CC1(O)O,0,authentic,authentic,,,c1ccc2c(c1)N=C(N1CCNCC1)c1ccccc1S2,train,479.51100000000014,-1.2287999999999986,0.25636889452594863,33,54
subcategory_homologation.grow-single_1045,CCC1(c2ccc(F)cc2)OCc2cc(C#N)ccc21,1,homologation,grow-single,CN(C)C(=O)CCC1(c2ccc(F)cc2)OCc2cc(C#N)ccc21,,c1ccc(C2OCc3ccccc32)cc1,train,267.303,3.8811800000000023,0.8268250598782502,20,33
subcategory_homologation.grow-single_116,N[C@@H](CC(=O)N1CC[C@@H]2[C@H](CCc3nnc(C(F)(F)F)n32)C1)Cc1ccccc1,0,authentic,authentic,,,O=C(CCCc1ccccc1)N1CC[C@@H]2[C@H](CCc3nncn32)C1,test,407.4400000000001,2.5928000000000004,0.845323504643057,29,64
subcategory_homologation.grow-single_319,CC(C)[C@@H]1CC[C@]2(C(=O)O)CC[C@]3(C)[C@H](CC[C@@H]4[C@@]5(C)CC[C@H](OC(=O)C(C)(C)CC(=O)O)C(C)(C)[C@@H]5CC[C@]43C)[C@@H]12,0,authentic,authentic,,,C1CC[C@@H]2CCC3C4CCC5CCC[C@@H]5[C@H]4CC[C@@H]3C2C1,train,586.8540000000003,8.221200000000009,0.30416630642723225,42,122
subcategory_homologation.grow-single_165,CCN(CC)CCNc1ccc2ncn3c4cc(O)ccc4c(=O)c1c23,0,authentic,authentic,,,O=c1c2ccccc2n2cnc3cccc1c32,train,350.42200000000014,2.8980000000000006,0.5234011058259932,26,41
subcategory_homologation.grow-single_1068,COC(Cn1cnnc1)(C(=O)c1ccc(F)cc1)c1ccc(Cl)cc1Cl,1,homologation,grow-single,O=C(c1ccc(F)cc1)C(O)(Cn1cnnc1)c1ccc(Cl)cc1Cl,2,O=C(c1ccccc1)C(Cn1cnnc1)c1ccccc1,train,394.23300000000006,4.148800000000003,0.5898332133200136,26,45
subcategory_homologation.grow-single_888,CCCC(=O)Nc1cccc(Oc2cccc(OC)c2)c1,0,authentic,authentic,,,c1ccc(Oc2ccccc2)cc1,train,285.343,4.226100000000002,0.8637742129611966,21,32
subcategory_homologation.grow-single_1795,CCC(O)CC(O)/C=C/c1c(-c2ccc(F)cc2)nc(N(C)S(C)(=O)=O)nc1C(C)C,1,homologation,grow-single,CC(C)c1nc(N(C)S(C)(=O)=O)nc(-c2ccc(F)cc2)c1/C=C/C(O)CC(O)CC(=O)O,,c1ccc(-c2ccncn2)cc1,train,451.5640000000002,3.3370000000000015,0.6060956466709827,31,59
subcategory_homologation.grow-single_19,N[C@@H](CC(=O)N1CCn2c(nnc2C(F)(F)F)C1)Cc1c(F)cc(F)cc1F,0,authentic,authentic,,,O=C(CCCc1ccccc1)N1CCn2cnnc2C1,train,407.31800000000015,2.0164999999999997,0.7872546516937002,28,54
subcategory_homologation.grow-single_458,CCOC(=O)[C@H](CCc1ccccc1)N1C(=O)[C@@]2(O)C[C@@H]3CCC[C@@H]3N2C(=O)[C@@H]1C,0,authentic,authentic,,,O=C1C2C[C@@H]3CCC[C@@H]3N2C(=O)CN1CCCc1ccccc1,test,414.5020000000003,1.8711999999999998,0.7184111358651536,30,74
subcategory_homologation.grow-single_96,COC1C(O)C(C)OC(OC2CCC3(C=O)C(CCC4C3CCC3(C)C(C5=CC(=O)OC5)CCC43O)C2)C1O,0,authentic,authentic,,,O=C1C=C(C2CCC3C2CCC2C4CCC(OC5CCCCO5)CC4CCC23)CO1,test,548.6730000000005,2.2891999999999997,0.26896918677194576,39,70
subcategory_homologation.grow-single_1697,CCn1c(=O)c2nc(-c3ccc(S(=O)(=O)Oc4cccc([N+](=O)[O-])c4)cc3)[nH]c2n(C)c1=O,1,homologation,grow-single,Cn1c(=O)c2nc(-c3ccc(S(=O)(=O)Oc4cccc([N+](=O)[O-])c4)cc3)[nH]c2n(C)c1=O,2,O=c1[nH]c(=O)c2nc(-c3ccc(S(=O)(=O)Oc4ccccc4)cc3)[nH]c2[nH]1,train,471.4510000000002,1.7860999999999996,0.25301210461247353,33,72
subcategory_homologation.grow-single_528,CCOC(=O)C(CCc1ccccc1)NC(C)C(=O)N1[C@@H](C(=O)O)C[C@@H]2CCCC[C@@H]21.Cl,0,authentic,authentic,,,O=C(CNCCCc1ccccc1)N1CC[C@@H]2CCCC[C@@H]21,train,467.00600000000037,3.1951000000000014,0.5424195337957236,32,70
subcategory_homologation.grow-single_36,CSc1ccc(C(=O)c2ccc(-n3ncc(=O)[nH]c3=O)cc2Cl)cc1,0,authentic,authentic,,,O=C(c1ccccc1)c1ccc(-n2ncc(=O)[nH]c2=O)cc1,train,373.821,2.5271,0.5607787854618064,25,47
subcategory_homologation.grow-single_621,CC(C)c1nc(N(C)c2ncnn2C)nc(-c2ccc(F)cc2)c1C=CC(O)CC(O)CC(=O)O,0,authentic,authentic,,,c1ccc(-c2ccnc(Nc3ncn[nH]3)n2)cc1,train,484.5320000000002,2.9023000000000003,0.39648029067527063,35,60
subcategory_homologation.grow-single_374,COc1ccc(/C=C/c2ccccn2)cc1,0,authentic,authentic,,,C(=C\c1ccccn1)/c1ccccc1,train,211.264,3.260600000000002,0.7769936579099002,16,25
subcategory_homologation.grow-single_148,CCC1=C(C)CN(NC(=O)CCc2ccc(S(=O)(=O)NC(=O)N(O)C3CCC(C)CC3)cc2)C1=O,0,authentic,authentic,,,O=C(CCc1ccc(S(=O)(=O)NC(=O)NC2CCCCC2)cc1)NN1CC=CC1=O,test,506.62500000000034,2.8873000000000006,0.366384252480929,35,65
subcategory_homologation.grow-single_842,CCCC/N=C(\N)c1nnc(-c2ccccc2C)s1,0,authentic,authentic,,,c1ccc(-c2nncs2)cc1,train,274.393,3.0189200000000014,0.517605023125133,19,31
subcategory_homologation.grow-single_798,CCCC(=O)NCCc1ccc(S(=O)(=O)N2CCN(C3CCCCC3)C2=N)cc1,0,authentic,authentic,,,N=C1N(C2CCCCC2)CCN1S(=O)(=O)c1ccccc1,train,420.5790000000003,2.71917,0.6761462031216502,29,49
subcategory_homologation.grow-single_365,CN(Cc1ccc(-c2ccccc2-c2nn[nH]n2)cc1)C(=O)[C@@H](CCc1ccccc1)NC(=O)CCC(C)(C)N,0,authentic,authentic,,,O=C(CCCc1ccccc1)NCc1ccc(-c2ccccc2-c2nn[nH]n2)cc1,val,539.6840000000003,4.127200000000002,0.2482514671131494,40,74
subcategory_homologation.grow-single_1107,CCC(C)(C)C(=O)C=C[C](C)[C@H]1CC[C@]2(C)C(=CC[C@H]2[C@@H]2C[C@H]([C@@H](O)C(C)(C)O)O[C@@H]2OC)[C@]1(C)[C@@H](C)O,1,homologation,grow-single,CO[C@H]1O[C@@H]([C@@H](O)C(C)(C)O)C[C@H]1[C@@H]1CC=C2[C@]3(C)[C@H](O)C[C@H]4C(C)(C)C(=O)C=C[C@]4(C)[C@H]3CC[C@]21C,0 1 2 3 4 5 6 7 8 9 10 17 20 21,O=C1C=CC2[C@@H](CCC3C4=CC[C@@H]([C@@H]5CCOC5)C4CC[C@@H]32)C1,train,533.7700000000003,5.401390000000007,0.25699562626129246,38,111
subcategory_homologation.grow-single_1221,CCN(C)CCN(C)C1=Nc2c(F)cc(F)cc2Nc2cscc21,1,homologation,grow-single,CN1CCN(C2=Nc3c(F)cc(F)cc3Nc3cscc32)CC1,0 1 2 3 4 5 6 7,c1ccc2c(c1)N=C(N1CCNCC1)c1cscc1N2,train,350.438,4.045100000000002,0.9026117100788063,24,39
subcategory_homologation.grow-single_1731,CC[C@](O)(c1ccc(F)cc1)[C@H](C)n1ccnn1,1,homologation,grow-single,C[C@H](n1ccnn1)[C@](O)(Cn1cncn1)c1ccc(F)cc1,2,c1ccc(C(Cn2cncn2)Cn2ccnn2)cc1,train,249.28900000000002,2.276,0.9039631112530714,18,37
subcategory_homologation.grow-single_325,CC(C)C[C@H](NC(=O)[C@@H](N)Cc1ccccc1)B(O)O,0,authentic,authentic,,,c1ccccc1,train,278.161,0.0992999999999995,0.5318590328469428,20,42
subcategory_homologation.grow-single_416,COc1ccc(C2Sc3ccccc3N(CCNC(=O)C(F)(F)F)C(=O)C2OC(C)=O)cc1,0,authentic,authentic,,,O=C1CC(c2ccccc2)Sc2ccccc2N1,train,482.48000000000013,3.485400000000001,0.635013855168516,33,56
subcategory_homologation.grow-single_1354,COCC(=O)[C@@]12OC(C3CCCCC3)O[C@@H]1CC1C3CCC4=CC(=O)C=C[C@]4(C)C3[C@@H](O)C[C@@]12C,1,homologation,grow-single,CC(C)C(=O)OCC(=O)[C@@]12OC(C3CCCCC3)O[C@@H]1CC1C3CCC4=CC(=O)C=C[C@]4(C)C3[C@@H](O)C[C@@]12C,,O=C1C=CC2C(=C1)CCC1C2CCC2C1C[C@H]1OC(C3CCCCC3)OC21,train,484.6330000000002,4.151100000000003,0.645608942621673,35,82
subcategory_homologation.grow-single_24,C=CCN(Cc1ccccc1)CC(O)(Cn1cncn1)c1ccc(F)cc1F,0,authentic,authentic,,,c1ccc(CNCC(Cn2cncn2)c2ccccc2)cc1,train,384.43000000000006,3.1323000000000016,0.5761663994247226,28,43
subcategory_homologation.grow-single_131,COc1ccc(C(NC(C)=O)c2ccc(C(C)C)cc(=O)c2O)cc1,0,authentic,authentic,,,O=c1ccccc(Cc2ccccc2)c1,train,341.40700000000004,3.1099000000000014,0.8760731082630697,25,43
subcategory_homologation.grow-single_1376,CCOC(C)(C)OC(C(=O)CO)C1(C)CC(O)[C@@]2(F)C(C[C@H](F)C3=CC(=O)C=CC32C)C1C,1,homologation,grow-single,CC1(C)O[C@@H]2CC3C4C[C@H](F)C5=CC(=O)C=CC5(C)[C@@]4(F)C(O)CC3(C)C2(C(=O)CO)O1,0 1 2 3 4 5 6 9 11 13 14 18,O=C1C=CC2C(=C1)CCC1C2CCC2C1C[C@H]1OCOC21,train,470.55300000000017,3.2505000000000015,0.5551803554928927,33,71
subcategory_homologation.grow-single_1226,CCOC(=O)c1cc(NC(=O)c2ccsc2)ccc1OCC(O)CC,1,homologation,grow-single,CCOC(=O)c1cc(NC(=O)c2ccsc2)ccc1OCC(O)CNC(C)C,2,O=C(Nc1ccccc1)c1ccsc1,test,363.4350000000002,3.3268000000000013,0.7029144352938415,25,39
subcategory_homologation.grow-single_1526,CCNCCC(C)n1ccnc1,1,homologation,grow-single,CC(CCNC(=O)c1ccc(Cl)s1)n1ccnc1,2,O=C(NCCCn1ccnc1)c1cccs1,train,167.256,1.4437,0.6724972928640525,12,16
subcategory_homologation.grow-single_1682,CCNCCc1ccc(OC)c(S(=O)(=O)N(C)C(=S)NC)c1,1,homologation,grow-single,CNC(=S)N(C)S(=O)(=O)c1cc(CCNC(=O)c2cc(Cl)ccc2OC)ccc1OC,2,O=C(NCCc1ccccc1)c1ccccc1,train,345.49,0.9720000000000002,0.5668635959790738,22,39
subcategory_homologation.grow-single_1311,CCC(C)CNc1cccn2c(-c3ccc(C(=O)NC4CC4)cc3)cnc12,1,homologation,grow-single,CC(C)CNc1cccn2c(-c3ccc(C(=O)NC4CC4)cc3)cnc12,2,O=C(NC1CC1)c1ccc(-c2cnc3ccccn23)cc1,train,362.47700000000015,4.351500000000003,0.6567834713728391,27,45
subcategory_homologation.grow-single_868,CCOC(=O)C1=C(O)C(=O)N(Cc2ccc(Cl)cc2)C1,0,authentic,authentic,,,O=C1C=CCN1Cc1ccccc1,train,295.72200000000004,2.0574000000000003,0.8635046358678947,20,38
subcategory_homologation.grow-single_1793,CCCC(=CN(C)C)C(=O)OCCOC(=O)C1=C(C)NC(C)=C(C(=O)OC)C1c1cccc(Cl)c1Cl,1,homologation,grow-single,COC(=O)C1=C(C)NC(C)=C(C(=O)OCCOC(=O)C2=CN(C)C=CC2)C1c1cccc(Cl)c1Cl,0 1 2 3 5 8 10 11,O=C(OCCOC(=O)C1=CNC=CC1c1ccccc1)C1=CNC=CC1,train,539.4560000000002,4.733200000000004,0.19746499386556723,36,66
subcategory_homologation.grow-single_1768,CCCc1cc(OC)c(N)cc1OC,1,homologation,grow-single,COc1cc(CC(C)N)c(OC)cc1N,,c1ccccc1,train,195.26199999999994,2.2385,0.7492114104537247,14,20
subcategory_homologation.grow-single_978,CCc1cccc(OCc2cccc(C(=O)OC)c2)c1,1,homologation,grow-single,CCCCC(C)(C)C(O)c1cccc(OCc2cccc(C(=O)OC)c2)c1,,c1ccc(COc2ccccc2)cc1,train,270.328,3.614600000000002,0.778451989094347,20,31
subcategory_homologation.grow-single_934,CCN(CCC(C)=C1c2ccc(Cl)cc2CCc2cc(C)cnc21)C(C)=O,1,homologation,grow-single,CC(=O)N1CCC(=C2c3ccc(Cl)cc3CCc3cc(C)cnc32)CC1,0 1 2 3 4 5 6 7 8 10,c1ccc2c(c1)CCc1cccnc1C2=C1CCNCC1,train,382.9350000000002,5.222320000000005,0.7255629515135733,27,46
subcategory_homologation.grow-single_1461,[2H]C(C)(C)C([2H])([2H])C1=C(C(C)C)CN(C(=O)NCC(C)c2c(C)cc(S(=O)(=O)NC(=O)N[C](C)CC[C@@H](C)C(C)CC)cc2C)C1=O,1,homologation,grow-single,[2H]C(C)(C)C([2H])([2H])C1=C(C(C)C)CN(C(=O)NCC(C)c2c(C)cc(S(=O)(=O)NC(=O)N[C@]3(C)CC[C@@H](C)C(C)C3(C)C)cc2C)C1=O,0 1 2 3 4 5 6 7 8 10,O=C(NC1CCCCC1)NS(=O)(=O)c1ccc(CCNC(=O)N2CC=CC2=O)cc1,train,634.922305334,6.959630000000008,0.2041000864809177,44,107
subcategory_homologation.grow-single_145,C[C@@H]1C[C@@]2(C)C(=CC1=O)CC[C@@H]1[C@@H]2[C@@H](O)C[C@@]2(C)[C@H]1CC[C@]2(O)C(=O)CO,0,authentic,authentic,,,O=C1C=C2CC[C@H]3[C@@H]4CCCC4CC[C@@H]3C2CC1,train,376.49300000000017,2.0276,0.6854225629549092,27,85
subcategory_homologation.grow-single_773,CC[C@@]1(c2ccccc2)NC(=O)N(Cc2ccccc2)C1=O,0,authentic,authentic,,,O=C1NC(c2ccccc2)C(=O)N1Cc1ccccc1,train,294.354,3.0439000000000016,0.8811208721187411,22,40
subcategory_homologation.grow-single_1792,CCOc1ccc(C(=O)/C=C/c2ccc(Cl)cc2)cc1,1,homologation,grow-single,O=C(/C=C/c1ccccc1)Oc1ccc(C(=O)/C=C/c2ccc(Cl)cc2)cc1,,O=C(/C=C/c1ccccc1)Oc1ccc(C(=O)/C=C/c2ccccc2)cc1,train,286.758,4.634800000000004,0.5913301606234812,20,35
subcategory_homologation.grow-single_1295,COCCCn1cnc2c(=O)[nH]c(N)nc21,1,homologation,grow-single,Nc1nc2c(ncn2CCCOCP(=O)(O)O)c(=O)[nH]1,,O=c1[nH]cnc2[nH]cnc12,train,223.23600000000002,-0.2616999999999995,0.6954857229833677,16,28
subcategory_homologation.grow-single_839,Cc1cc(-c2c(F)cc3c(=O)c(Cc4ccccc4O)cn(C4CC4)c3c2F)cc(C)n1,0,authentic,authentic,,,O=c1c(Cc2ccccc2)cn(C2CC2)c2cc(-c3ccncc3)ccc12,train,432.4700000000002,5.589840000000004,0.45740915658487225,32,56
subcategory_homologation.grow-single_1393,CCOc1ccc(Cl)cc1C(=O)NCCc1ccc(S(=O)(=O)NC(=O)N[C@H]2CCC[C@@H](O)C2)cc1,1,homologation,grow-single,COc1ccc(Cl)cc1C(=O)NCCc1ccc(S(=O)(=O)NC(=O)N[C@H]2CCC[C@@H](O)C2)cc1,2,O=C(NC1CCCCC1)NS(=O)(=O)c1ccc(CCNC(=O)c2ccccc2)cc1,train,524.0390000000003,3.002600000000002,0.3990063749252976,35,69
subcategory_homologation.grow-single_375,COc1ccc(Cl)c(C2(F)C(=O)Nc3c(C(F)(F)F)cccc32)c1,0,authentic,authentic,,,O=C1Nc2ccccc2C1c1ccccc1,train,359.706,4.532600000000002,0.7998531036451687,24,46
subcategory_homologation.grow-single_1431,CCCCC[S+]([O-])c1ccccc1O,1,homologation,grow-single,NC(CCCCC[S+]([O-])c1ccccc1O)C(=O)O,,c1ccccc1,train,212.31400000000002,2.6900000000000017,0.6020826887712121,14,24
subcategory_homologation.grow-single_1235,CCCC(O)CN(C)c1cc2c(cc1F)c(=O)c(C(=O)O)cn2NC,1,homologation,grow-single,CNn1cc(C(=O)O)c(=O)c2cc(F)c(N3CCCC(O)C3)cc21,0 1 2 3 4 5 6 8,O=c1cc[nH]c2cc(N3CCCCC3)ccc12,train,351.37800000000004,1.6093,0.7015313645936861,25,43
subcategory_homologation.grow-single_1327,CCOC(=O)C1=C(COCCNC)NC(C)=C(CC(=O)O)C1c1ccccc1Cl,1,homologation,grow-single,CCOC(=O)C1=C(COCCNC)NC(C)=C(C(=O)OC)C1c1ccccc1Cl,2 3 4,C1=CC(c2ccccc2)C=CN1,train,422.9090000000001,2.8287000000000004,0.3937354285926384,29,48
subcategory_homologation.grow-single_885,CCN(CC)CCN=C(Nc1c(Cl)cccc1Cl)N(C)C,0,authentic,authentic,,,c1ccccc1,train,331.2910000000001,3.6647000000000016,0.6373975439451617,21,34
subcategory_homologation.grow-single_361,NCc1ccc2c(c1)Sc1ccccc1N=C2N1CCN(CCOCCO)CC1,0,authentic,authentic,,,c1ccc2c(c1)N=C(N1CCNCC1)c1ccccc1S2,train,412.55900000000037,2.3147,0.7096110077502016,29,42
subcategory_homologation.grow-single_1268,CCC(C)CCCC1NC(=O)N(CC(=O)NCCc2ccc(S(N)(=O)=O)cc2)C1=O,1,homologation,grow-single,CC1CCCC2(C1)NC(=O)N(CC(=O)NCCc1ccc(S(N)(=O)=O)cc1)C2=O,0 1 2 3 4 5 6,O=C(CN1C(=O)NC2(CCCCC2)C1=O)NCCc1ccccc1,val,438.5500000000001,1.1295000000000015,0.4445871427572559,30,53
subcategory_homologation.grow-single_1832,CCN(C[C@H](CCOC)N(C)C)C1=Nc2ccccc2Nc2ccc(Cl)cc21,1,homologation,grow-single,COCC[C@H]1CN(C2=Nc3ccccc3Nc3ccc(Cl)cc32)CCN1C,0 1 2 3 5 8 9 13 14 15 21 26,c1ccc2c(c1)N=C(N1CCNCC1)c1ccccc1N2,train,400.9540000000001,4.763900000000004,0.7266462700295292,28,48
subcategory_homologation.grow-single_1006,CCC(CCN(C)C)C1CC(SC2=C(C(=O)O)N3C(=O)C(C(C)O)C3C2C)CN1,1,homologation,grow-single,CC(O)C1C(=O)N2C(C(=O)O)=C(SC3CNC(C4CCN(C)CC4)C3)C(C)C12.Cl,0 1 2 4 7 10 12 13,O=C1CC2CC(SC3CNC(C4CCNCC4)C3)=CN12,val,425.59500000000014,1.581700000000001,0.48308557655250034,29,54
subcategory_homologation.grow-single_1399,CCc1c(-c2c(O)cccc2OCc2ccccc2)ccc2c1C(C)=CC(C)(C)N2,1,homologation,grow-single,C=CCC1Oc2cccc(OCc3ccccc3)c2-c2ccc3c(c21)C(C)=CC(C)(C)N3,0 1 2 3 4 5 6 8 9 10 11 12 15 18 20 21,C1=Cc2c(ccc3c2COc2cccc(OCc4ccccc4)c2-3)NC1,train,399.5340000000001,6.808000000000005,0.49514878214166774,30,50
subcategory_homologation.grow-single_948,COCC1OC(n2cnc3ncnc(N)c32)CC(O)C1O,1,homologation,grow-single,Nc1ncnc2ncn(C3CC(O)C(O)C(CO)O3)c12,2,c1ncc2c(n1)ncn2C1CCCCO1,train,295.299,-0.9358,0.6617682801309633,21,33
subcategory_homologation.grow-single_1515,COC(CC(=O)O)CC(O)/C=C/c1c(-c2ccc(F)cc2)cc(N(C)S(C)(=O)=O)nc1C(C)C,1,homologation,grow-single,CC(C)c1nc(N(C)S(C)(=O)=O)cc(-c2ccc(F)cc2)c1/C=C/C(O)CC(O)CC(=O)O,2,c1ccc(-c2ccncc2)cc1,train,494.58500000000026,3.6608000000000027,0.4895391099125952,34,65
subcategory_homologation.grow-single_1621,CCCN(CCNCCOCCO)C1=Nc2ccccc2Sc2ccc(C)cc21,1,homologation,grow-single,Cc1ccc2c(c1)C(N1CCN(CCOCCO)CC1)=Nc1ccccc1S2,0 1 2 3 5 8 12 18 23 25 26 27 28,c1ccc2c(c1)N=C(N1CCNCC1)c1ccccc1S2,train,413.5870000000001,3.8484200000000026,0.5796572974943919,29,40
subcategory_homologation.grow-single_67,Cc1cc(C)cc(-c2cc(O)c(Sc3ccccc3C(C)C)c(=O)o2)c1,0,authentic,authentic,,,O=c1oc(-c2ccccc2)ccc1Sc1ccccc1,train,366.48200000000014,5.903840000000005,0.6240218432910287,26,46
subcategory_homologation.grow-single_899,COc1ccc(CN[C@@H](CCCN=C(N)N)C(N)=O)c(Cl)c1OC,0,authentic,authentic,,,c1ccccc1,train,357.8420000000001,0.354300000000002,0.27067663902960054,24,44
subcategory_homologation.grow-single_735,CCCCCc1cc2c(c(O)c1C(=O)O)-c1cc(C)c(O)cc1C(C)(C)O2,0,authentic,authentic,,,c1ccc2c(c1)COc1ccccc1-2,train,370.4450000000001,5.131620000000005,0.6350869946026072,27,49
subcategory_homologation.grow-single_615,C[C@]12C=CC(=O)C=C1CC[C@@H]1[C@@H]2[C@@H](O)C[C@@]2(C)[C@H]1C[C@H]1O[C@@H](C3CCCCC3)O[C@]12C(=O)CO,0,authentic,authentic,,,O=C1C=CC2C(=C1)CC[C@@H]1[C@@H]2CCC2C3O[C@H](C4CCCCC4)O[C@@H]3C[C@H]21,val,470.60600000000045,3.497000000000003,0.6559282998675063,34,98
subcategory_homologation.grow-single_1662,CCCN[C@H](C)[C@](O)(Cn1cncn1)c1ccc(F)cc1F,1,homologation,grow-single,CCN[C@H](C)[C@](O)(Cn1cncn1)c1ccc(F)cc1F,2,c1ccc(CCn2cncn2)cc1,train,310.348,1.8321999999999992,0.8188760097721725,22,41
subcategory_homologation.grow-single_1394,C=Cc1cccc(-c2ccc(CC(C)C)cc2)c1,1,homologation,grow-single,C=Cc1cccc(-c2ccc(C(C)C(=O)O)cc2)c1,3 4,c1ccc(-c2ccccc2)cc1,train,236.35799999999998,5.1951000000000045,0.6845197062016236,18,30
subcategory_homologation.grow-single_244,c1ccc(COCCOCCN2CCN(C3=Nc4ccccc4Sc4ccccc43)CC2)cc1,0,authentic,authentic,,,c1ccc(COCCOCCN2CCN(C3=Nc4ccccc4Sc4ccccc43)CC2)cc1,train,473.64200000000017,5.080500000000005,0.4266561870093058,34,49
subcategory_homologation.grow-single_703,Nc1cccc(S(=O)(=O)N(C[C@@H](O)[C@H](Cc2ccccc2)NC(=O)O[C@H]2CO[C@H]3OCC[C@H]32)OC2CCCC2)c1,0,authentic,authentic,,,O=C(N[C@H](CCN(OC1CCCC1)S(=O)(=O)c1ccccc1)Cc1ccccc1)O[C@H]1CO[C@H]2OCC[C@H]21,val,575.6840000000001,2.5934999999999997,0.2714092884062666,40,88
subcategory_homologation.grow-single_668,CCCN(CCC)C(=O)Cc1c(-c2ccc(Cl)c(N)c2)nc2c(Cl)cc(Cl)cn12.Cl,0,authentic,authentic,,,c1ccc(-c2cn3ccccc3n2)cc1,train,490.2620000000001,6.1566000000000045,0.4040721012036276,30,57
subcategory_homologation.grow-single_108,CCCN(CCC)C1Cc2cccc3c2N(CC(=O)N3)C1,0,authentic,authentic,,,O=C1CN2CCCc3cccc(c32)N1,val,287.40700000000004,2.4918000000000005,0.9035402671681849,21,34
subcategory_homologation.grow-single_538,COc1ccc([C@@H]2Sc3ccccc3N(CCN(C)C)C(=O)[C@@H]2OC(C)=O)cc1.NC(=O)N1c2ccccc2C=Cc2ccccc21,0,authentic,authentic,,,C1=Cc2ccccc2Nc2ccccc21.O=C1C[C@H](c2ccccc2)Sc2ccccc2N1,train,650.8010000000003,6.755700000000007,0.2301507459061099,47,86
subcategory_homologation.grow-single_206,CCC(CC)O[C@@H]1C=C(C(=O)O)C[C@H](N)[C@H]1NC(C)=O.Cl,0,authentic,authentic,,,C1=CCCCC1,train,320.81699999999995,1.2287000000000001,0.6829164000535354,21,51
subcategory_homologation.grow-single_112,O=c1cc(-c2ccccc2Cl)oc2c(-c3cncnc3)c(O)cc(O)c12,0,authentic,authentic,,,O=c1cc(-c2ccccc2)oc2c(-c3cncnc3)cccc12,test,366.76000000000005,3.9816000000000025,0.5566448887700067,26,46
subcategory_homologation.grow-single_1034,CCNCCc1c(-c2cc(C)cc(C)c2)[nH]c2ccccc12,1,homologation,grow-single,Cc1cc(C)cc(-c2[nH]c3ccccc3c2CCNCCCCc2ccncc2)c1,,c1ccc(-c2[nH]c3ccccc3c2CCNCCCCc2ccncc2)cc1,train,292.42600000000004,4.603740000000004,0.6606430493515801,22,38
subcategory_homologation.grow-single_1435,CCCCCCCn1c(C(=O)O)c(CCCC)n(Cc2ccc(-c3ccccc3-c3nn[nH]n3)cc2)c1=O,1,homologation,grow-single,CCCCc1c(C(=O)O)n(C2CCCCC2)c(=O)n1Cc1ccc(-c2ccccc2-c2nn[nH]n2)cc1,0 1 2 3 4 5 6,O=c1n(Cc2ccc(-c3ccccc3-c3nn[nH]n3)cc2)ccn1C1CCCCC1,train,516.6460000000002,5.5564000000000044,0.21196386871392822,38,63
subcategory_homologation.grow-single_1119,COC(=O)c1cc(NC(=O)c2cccs2)ccc1OCC(O)CNC(C)C,1,homologation,grow-single,CCOC(=O)c1cc(NC(=O)c2cccs2)ccc1OCC(O)CNC(C)C,,O=C(Nc1ccccc1)c1cccs1,train,392.4770000000002,2.5247,0.5676291823220743,27,43
subcategory_homologation.grow-single_436,Nc1nc(N)c2nc(Sc3cc(Cl)c(Cl)cc3Cl)cnc2n1,0,authentic,authentic,,,c1ccc(Sc2cnc3ncncc3n2)cc1,train,373.6560000000001,3.6955999999999998,0.6599493190804846,22,39
subcategory_homologation.grow-single_1422,CCN(C)c1cc2c(cnc3cc(OCCOC)c(OC)cc32)c(N)n1,1,homologation,grow-single,COCCOc1cc2ncc3c(N)nc(N(C)C)cc3c2cc1OC,2,c1ccc2c(c1)ncc1cnccc12,val,356.42600000000004,2.8551,0.5146739003724377,26,42
subcategory_homologation.grow-single_1079,CCCc1nn(C(C)(C)CC)c(=O)n1Cc1ccc(-c2ccccc2-c2nn[nH]n2)cc1,1,homologation,grow-single,CCCc1nn(C(C)(C)C)c(=O)n1Cc1ccc(-c2ccccc2-c2nn[nH]n2)cc1,2,O=c1[nH]ncn1Cc1ccc(-c2ccccc2-c2nn[nH]n2)cc1,train,431.5440000000001,4.0378000000000025,0.4543609231337041,32,56
subcategory_homologation.grow-single_139,CN1CCN(CCCN2CCN(C)CC2)CC1,0,authentic,authentic,,,C(CN1CCNCC1)CN1CCNCC1,val,240.39499999999992,-0.1286999999999976,0.6785957002846569,17,25
subcategory_homologation.grow-single_271,CCc1ccc(-c2cn3cc(C)ccc3n2)cc1,0,authentic,authentic,,,c1ccc(-c2cn3ccccc3n2)cc1,train,236.318,3.8721200000000024,0.659858806341043,18,29
subcategory_homologation.grow-single_1036,COc1cc(O)c(C2=CCN(C)CC2)c2nc(-c3ccccc3)cc(O)c12,1,homologation,grow-single,CN1CC=C(c2c(O)cc(O)c3c(O)cc(-c4ccccc4)nc23)CC1,2,C1=C(c2cccc3ccc(-c4ccccc4)nc23)CCNC1,train,362.42900000000003,4.040500000000004,0.7360637307084728,27,47
subcategory_homologation.grow-single_29,CCOc1ccc(Cc2cc([C@@H]3O[C@H](CO)[C@@H](O)[C@H](O)[C@H]3O)c3c(c2Cl)CC(C)O3)cc1,0,authentic,authentic,,,c1ccc(Cc2cc3c(c([C@H]4CCCCO4)c2)OCC3)cc1,train,464.9420000000002,2.1677999999999997,0.5184614047536217,32,77
subcategory_homologation.grow-single_1218,CCC(C)(CC(C)(C)C)NCC(O)COc1ccc2c(c1)CCC2,1,homologation,grow-single,CC(C)(C)CC(C)(C)NCC(O)COc1ccc2c(c1)CCC2.Cl,2,c1ccc2c(c1)CCC2,train,333.51600000000013,4.109500000000003,0.7520940081718979,24,40
subcategory_homologation.grow-single_1790,COc1ccc([C@@H]2Sc3ccccc3N(CCN(C)C)C(=O)[C@@H]2OC(C)=O)cc1,1,homologation,grow-single,COc1ccc([C@@H]2Sc3ccccc3N(CCN(C)C)C(=O)[C@@H]2OC(C)=O)cc1.[Cl-].[H+],,O=C1C[C@H](c2ccccc2)Sc2ccccc2N1,train,414.52700000000016,3.368500000000002,0.6757916364888925,29,57
subcategory_homologation.grow-single_1475,CO[C@H]1[C@H](O)[C@@H](O)[C@H](c2ccc(Cl)c(Cc3ccc(OC4CCOC4)cc3)c2)O[C@@H]1CO,1,homologation,grow-single,OC[C@H]1O[C@@H](c2ccc(Cl)c(Cc3ccc(OC4CCOC4)cc3)c2)[C@H](O)[C@@H](O)[C@@H]1O,2,c1cc(Cc2ccc(OC3CCOC3)cc2)cc([C@H]2CCCCO2)c1,train,464.9420000000003,2.2675000000000014,0.5778922739530993,32,75
subcategory_homologation.grow-single_692,c1ccc(CCc2ccccc2OCc2ccncc2)cc1,0,authentic,authentic,,,c1ccc(CCc2ccccc2OCc2ccncc2)cc1,val,289.378,4.445800000000003,0.6687572672193165,22,30
subcategory_homologation.grow-single_1409,CNCCOc1cc2ncnc(Nc3ccc(Cl)cc3F)c2cc1OC,1,homologation,grow-single,COc1cc2c(Nc3ccc(Cl)cc3F)ncnc2cc1OCCN(C)c1ccncc1,,c1ccc(Nc2ncnc3cc(OCCNc4ccncc4)ccc23)cc1,val,376.81900000000013,3.772700000000003,0.6116526385049301,26,37
subcategory_homologation.grow-single_1821,CC(C)CNC(=O)Cc1ccc(S(=O)(=O)NC(=O)NC2CCCCC2)cc1,1,homologation,grow-single,O=C(Cc1ccc(S(=O)(=O)NC(=O)NC2CCCCC2)cc1)NC1CCCCC1,1 2 3 4,O=C(Cc1ccc(S(=O)(=O)NC(=O)NC2CCCCC2)cc1)NC1CCCCC1,train,395.5250000000002,2.3219000000000003,0.658865197258436,27,47
subcategory_homologation.grow-single_197,COc1ccc(CCNCC(O)C(=O)Oc2cccc3ccccc23)cc1OC,0,authentic,authentic,,,O=C(CCNCCc1ccccc1)Oc1cccc2ccccc12,test,395.45500000000015,2.9556000000000013,0.32958000745559596,29,42
subcategory_homologation.grow-single_1346,CCc1nc(CC)n(Cc2ccc(-c3ccccc3-c3nn[nH]n3)cc2)c1C=O,1,homologation,grow-single,CCCc1nc(CC)c(C=O)n1Cc1ccc(-c2ccccc2-c2nn[nH]n2)cc1,,c1ccc(-c2nn[nH]n2)c(-c2ccc(Cn3ccnc3)cc2)c1,train,386.4590000000001,3.7158000000000024,0.48909693779898444,29,49
subcategory_homologation.grow-single_1496,CCCC(CC)O[C@@H]1C=C(C(=O)O)C[C@H](N)[C@H]1NC(=O)C(F)(F)C(F)(F)C(F)(F)C(F)(F)F,1,homologation,grow-single,CCC(CC)O[C@@H]1C=C(C(=O)O)C[C@H](N)[C@H]1NC(=O)C(F)(F)C(F)(F)C(F)(F)C(F)(F)F,2,C1=CCCCC1,train,502.374,3.6453000000000015,0.3962911304260794,33,77
subcategory_homologation.grow-single_1537,COC(=O)C1=C(S[C@@H]2CN[C@H](C(=O)NCCS(=O)(=O)N3CCCC3)C2)[C@H](C)[C@@H]2[C@@H]([C@@H](C)O)C(=O)N12,1,homologation,grow-single,C[C@@H](O)[C@H]1C(=O)N2C(C(=O)O)=C(S[C@@H]3CN[C@H](C(=O)NCCS(=O)(=O)N4CCCC4)C3)[C@H](C)[C@H]12,4,O=C(NCCS(=O)(=O)N1CCCC1)[C@@H]1C[C@H](SC2=CN3C(=O)C[C@H]3C2)CN1,train,530.6690000000003,-0.7659999999999954,0.258504782298203,35,97
subcategory_homologation.grow-single_1363,COC(=O)[C@@H](Cc1ccc2ccccc2c1)NC(=O)c1ccccc1Br,1,homologation,grow-single,O=C(N[C@H](Cc1ccc2ccccc2c1)C(=O)O)c1ccccc1Br,2,O=C(NCCc1ccc2ccccc2c1)c1ccccc1,val,412.2830000000001,4.116400000000003,0.642002491691848,26,46
subcategory_homologation.grow-single_901,CC12CCC(=O)C=C1C(F)CC1C2C(O)CC2(C)C1CCC2(O)C(=O)CO,0,authentic,authentic,,,O=C1C=C2CCC3C4CCCC4CCC3C2CC1,train,380.4560000000002,1.7296,0.6782158140288502,27,50
subcategory_homologation.grow-single_73,CCCNC(=O)C(C)N(C)CCN1CCCC1=O,0,authentic,authentic,,,O=C1CCCN1,train,255.3619999999999,0.4553000000000005,0.7186664949028696,18,28
subcategory_homologation.grow-single_1784,CCCCNCc1ccccc1OCC,1,homologation,grow-single,CCOc1ccccc1CNC(CC)CO.Cl,4,c1ccccc1,train,207.31699999999995,2.9750000000000014,0.6939880660398199,15,17
subcategory_homologation.grow-single_681,O=C(O)c1cn2ccc3ccccc3c2n1,0,authentic,authentic,,,c1ccc2c(c1)ccn1ccnc21,train,212.208,2.1856999999999998,0.6722220843918134,16,25
subcategory_homologation.grow-single_269,COc1ccc(/C(=C/CCCCC(=O)O)c2cccnc2)cc1,0,authentic,authentic,,,C=C(c1ccccc1)c1cccnc1,train,311.381,4.166900000000003,0.7434145798057895,23,37
subcategory_homologation.grow-single_8,Cc1ccc2oc(C(=O)O)cc(=O)c2c1,0,authentic,authentic,,,O=c1ccoc2ccccc12,val,204.181,1.79962,0.7685375264818096,15,27
subcategory_homologation.grow-single_1058,CCCCN(C)CC1CCC2(CC1)Nc1cc(Cl)c(S(N)(=O)=O)cc1S(=O)(=O)N2,1,homologation,grow-single,Cl.NS(=O)(=O)c1cc2c(cc1Cl)NC1(CCC(CN3CCCC3)CC1)NS2(=O)=O,0 1 2 3 4 6,O=S1(=O)NC2(CCC(CN3CCCC3)CC2)Nc2ccccc21,train,465.04100000000017,2.3096,0.5934196506749008,29,56
subcategory_homologation.grow-single_994,CCC(NC(C)NC=O)c1nnc2n1CCC[C@H]2c1ccc(C(F)(F)F)cc1,1,homologation,grow-single,CC1NC(=O)CC(c2nnc3n2CCC[C@H]3c2ccc(C(F)(F)F)cc2)N1,0 1 2 4 7 11 12 15 18,O=C1CC(c2nnc3n2CCC[C@H]3c2ccccc2)NCN1,train,395.42900000000003,3.3553000000000015,0.5571378182049187,28,49
subcategory_homologation.grow-single_1220,CCC1=C(C(=O)O)C(c2cccc(Cl)c2)C(C(=O)OC/C=C/c2cccc(Cl)c2)=C(C(OC)OC)N1,1,homologation,grow-single,COC(OC)C1=C(C(=O)OC/C=C/c2cccc(Cl)c2)C(c2cccc(Cl)c2)C(C(=O)O)=C(C)N1,2,O=C(OC/C=C/c1ccccc1)C1=CNC=CC1c1ccccc1,train,532.4200000000002,5.558500000000006,0.3058251470517434,36,69
subcategory_homologation.grow-single_985,CCOc1ccccc1CNCC(C)C,1,homologation,grow-single,CCOc1ccccc1CNC(CC)CO.Cl,4,c1ccccc1,train,207.31699999999995,2.8309000000000015,0.7741711916510057,15,19
subcategory_homologation.grow-single_7,COC(OC)C1(C)NC(=O)c2ccccc2N1,0,authentic,authentic,,,O=C1NCNc2ccccc21,val,236.27100000000002,1.1769999999999998,0.7735661265145534,17,28
subcategory_homologation.grow-single_144,COCCOc1ccc(Cc2ccc(NC3=NCCN3)cc2)cc1,0,authentic,authentic,,,c1ccc(Cc2ccc(NC3=NCCN3)cc2)cc1,train,325.41200000000003,2.673700000000001,0.768651244207265,24,35
subcategory_homologation.grow-single_21,COc1cccc([C@@]2(O)c3ccc(-c4ccccc4OC)cc3CC[C@@H]2CN(C)C)c1,0,authentic,authentic,,,c1ccc(-c2ccc3c(c2)CCCC3c2ccccc2)cc1,train,417.54900000000026,4.730700000000004,0.6295909082399164,31,57
subcategory_homologation.grow-single_42,CCCCC(=O)N(Cc1ccc(-c2ccccc2-c2nn[nH]n2)cc1)[C@H](C(N)=O)C(C)C,0,authentic,authentic,,,c1ccc(-c2ccccc2-c2nn[nH]n2)cc1,train,434.54400000000015,3.562400000000001,0.5057430022749776,32,61
subcategory_homologation.grow-single_1040,CCCc1cccn1-c1nc(CCC)n(Cc2ccc(-c3ccccc3-c3nn[nH]n3)cc2)c1C(=O)O,1,homologation,grow-single,CCCc1nc(-n2cccc2C(=O)C(F)(F)F)c(C(=O)O)n1Cc1ccc(-c2ccccc2-c2nn[nH]n2)cc1,3,c1ccc(-c2nn[nH]n2)c(-c2ccc(Cn3cnc(-n4cccc4)c3)cc2)c1,train,495.5870000000001,5.172400000000004,0.2761531185147186,37,62
subcategory_homologation.grow-single_371,COC(CC(=O)[O-])C[C@H](O)/C=C/c1c(-c2ccc(F)cc2)nc(N(C)S(C)(=O)=O)nc1C(C)C,0,authentic,authentic,,,c1ccc(-c2ccncn2)cc1,train,494.5650000000003,1.7211000000000003,0.49932281276740603,34,72
subcategory_homologation.grow-single_215,CC1(C)O[C@@H]2CC3C4CCC5=CC(=O)CCC5(C)C4[C@@H](O)CC3(C)[C@]2(C(=O)CCl)O1,0,authentic,authentic,,,O=C1C=C2CCC3C(CCC4C3C[C@H]3OCOC43)C2CC1,train,436.9760000000002,3.797200000000003,0.6663575099779812,30,71
subcategory_homologation.grow-single_1228,CCc1ccc2[nH]cc(C3CCN(C)CC3)c2c1,1,homologation,grow-single,CNS(=O)(=O)CCc1ccc2[nH]cc(C3CCN(C)CC3)c2c1,,c1ccc2c(C3CCNCC3)c[nH]c2c1,test,242.36599999999993,3.539500000000002,0.8531278533750372,18,31
subcategory_homologation.grow-single_1766,CCOc1ccc2nc(N)n3nc(-c4ccco4)nc3c2c1,1,homologation,grow-single,COc1ccc2nc(N)n3nc(-c4ccco4)nc3c2c1,2,c1coc(-c2nc3c4ccccc4ncn3n2)c1,train,295.302,2.5183999999999997,0.6241226384038929,22,35
subcategory_homologation.grow-single_125,COc1ccc(C2=C(C)C(=O)NC2)cc1OC,0,authentic,authentic,,,O=C1C=C(c2ccccc2)CN1,val,233.26699999999997,1.6071,0.8623607128349212,17,29
subcategory_homologation.grow-single_1525,CC[C@H](CC#Cc1ccc(N)cc1)NS(=O)(=O)c1ccc2ccccc2c1,1,homologation,grow-single,CN(C(=O)[C@H](CC#Cc1ccc(N)cc1)NS(=O)(=O)c1ccc2ccccc2c1)C1CCCC1,2,O=C(NC1CCCC1)[C@H](CC#Cc1ccccc1)NS(=O)(=O)c1ccc2ccccc2c1,train,378.49700000000007,3.920700000000002,0.5220271196839719,27,48
subcategory_homologation.grow-single_551,COc1ccc(Nc2cc3c(cc2Nc2ccccc2)C(=O)NC3=O)cc1,0,authentic,authentic,,,O=C1NC(=O)c2cc(Nc3ccccc3)c(Nc3ccccc3)cc21,train,359.3850000000001,4.066000000000002,0.5986957105795973,27,43
subcategory_homologation.grow-single_126,OCCOCCN1CCN(C2=Nc3cc(F)ccc3Sc3ccccc32)CC1,0,authentic,authentic,,,c1ccc2c(c1)N=C(N1CCNCC1)c1ccccc1S2,train,401.5070000000002,2.9951000000000016,0.7808945917682505,28,41
subcategory_homologation.grow-single_1026,CCc1cc([C@@H]2O[C@H](CO)[C@@H](O)[C@H](O)[C@H]2O)ccc1Cl,1,homologation,grow-single,O=[N+]([O-])OCCCOc1ccc(Cc2cc([C@@H]3O[C@H](CO)[C@@H](O)[C@H](O)[C@H]3O)ccc2Cl)cc1,2,c1ccc(Cc2cccc([C@H]3CCCCO3)c2)cc1,train,302.754,0.41729999999999967,0.6495222445999853,20,55
subcategory_homologation.grow-single_1484,Cc1ccc(Sc2cncc3sc(C(=O)Nc4ccccc4C)cc23)cc1,1,homologation,grow-single,Cc1ccc(Sc2cncc3sc(C(=O)Nc4ccc(Cl)cc4)cc23)cc1,7,O=C(Nc1ccccc1)c1cc2c(Sc3ccccc3)cncc2s1,train,390.53300000000013,6.316640000000004,0.4434263390381369,27,42
subcategory_homologation.grow-single_625,O=C(O)C1(c2ccccc2)CCCCC1,0,authentic,authentic,,,c1ccc(C2CCCCC2)cc1,train,204.26899999999992,2.9731000000000014,0.8037013446301117,15,24
subcategory_homologation.grow-single_599,C[C@H]1Cc2cc3c(C(F)(F)F)cc(O)nc3cc2N[C@@H]1C,0,authentic,authentic,,,c1cnc2cc3c(cc2c1)CCCN3,train,296.292,3.951800000000002,0.7733996047776674,21,44
subcategory_homologation.grow-single_659,C[N+]1([O-])CCN(C2=Nc3cc(Cl)ccc3Nc3ccccc32)CC1,0,authentic,authentic,,,c1ccc2c(c1)N=C(N1CC[NH2+]CC1)c1ccccc1N2,train,342.83000000000015,3.7353000000000023,0.5858937033721026,24,46
subcategory_homologation.grow-single_781,COc1ccc(CCN(C)CCc2ccc(-c3ccccc3)cc2)cc1OC,0,authentic,authentic,,,c1ccc(CCNCCc2ccc(-c3ccccc3)cc2)cc1,train,375.51200000000006,5.087800000000005,0.5200348377641243,28,41
subcategory_homologation.grow-single_343,CCCC(=O)Nc1ccc(N(C)c2cccc(OC)c2)cc1,0,authentic,authentic,,,c1ccc(Nc2ccccc2)cc1,train,298.386,4.201700000000003,0.8686145467422636,22,35
subcategory_homologation.grow-single_595,CC1NC(=O)CC(c2nnc3n2CCC[C@H]3c2ccc(C(F)(F)F)cc2)N1,0,authentic,authentic,,,O=C1CC(c2nnc3n2CCC[C@H]3c2ccccc2)NCN1,train,379.38599999999997,2.7192000000000007,0.841765965033007,27,50
subcategory_homologation.grow-single_1458,CCCCN(Cc1ccc(-c2ccccc2-c2nn[nH]n2)cc1)c1nnn(CC)c1C(=O)O,1,homologation,grow-single,CCCCN(Cc1ccc(-c2ccccc2-c2nn[nH]n2)cc1)c1nnn(C)c1C(=O)O,2,c1ccc(-c2nn[nH]n2)c(-c2ccc(CNc3c[nH]nn3)cc2)c1,val,446.51500000000016,3.6500000000000012,0.37802852590322905,33,55
subcategory_homologation.grow-single_1824,CC[C@H](OC(=O)N[C@@H](Cc1ccccc1)[C@H](O)CN(OC1CCCCC1)S(=O)(=O)c1cccc(N)c1)[C@@H]1CCO[C@@H]1O,1,homologation,grow-single,Nc1cccc(S(=O)(=O)N(C[C@@H](O)[C@H](Cc2ccccc2)NC(=O)O[C@H]2CO[C@H]3OCC[C@H]32)OC2CCCCC2)c1,0 1 2 4 6 7 10 11 12,O=C(N[C@H](CCN(OC1CCCCC1)S(=O)(=O)c1ccccc1)Cc1ccccc1)O[C@H]1CO[C@H]2OCC[C@H]21,train,605.7540000000004,3.355700000000002,0.1982500169634592,42,92
subcategory_homologation.grow-single_685,COc1cc2nc(N3CCNCC3)cc(N)c2cc1OC,0,authentic,authentic,,,c1ccc2nc(N3CCNCC3)ccc2c1,train,288.35100000000006,1.2437999999999998,0.8852168288612143,21,31
subcategory_homologation.grow-single_610,Cc1ccc2nc(NS(=O)(=O)c3ccc(N)cc3)oc2c1,0,authentic,authentic,,,O=S(=O)(Nc1nc2ccccc2o1)c1ccccc1,test,303.3430000000001,2.51922,0.7243828336268472,21,37
subcategory_homologation.grow-single_27,Cc1cc([N+](=O)[O-])ccc1NC(=O)CNc1cc(Cl)ccc1F,0,authentic,authentic,,,O=C(CNc1ccccc1)Nc1ccccc1,test,337.73800000000006,3.7463200000000016,0.6425623518582477,23,44
subcategory_homologation.grow-single_312,C#CCOC(=O)C1=C[C@@H](OC(CC)CC)[C@H](NC(=O)C(F)(F)F)[C@@H](N)C1,0,authentic,authentic,,,C1=CCCCC1,train,376.37500000000006,1.4410999999999996,0.5183718919520077,26,62
subcategory_homologation.grow-single_1144,CCN(CCOC)C1=Nc2cc(Cl)c(F)cc2Nc2cc(Cl)ccc21,1,homologation,grow-single,Fc1cc2c(cc1Cl)N=C(N1CCOCC1)c1ccc(Cl)cc1N2,0 1 2 3 4 6 9,c1ccc2c(c1)N=C(N1CCOCC1)c1ccccc1N2,train,382.266,5.236100000000004,0.7862727101591855,25,42
subcategory_homologation.grow-single_1622,COc1cc(-c2cc3c(O)c(C)ccc3o2)c(C)c(OC)c1C,1,homologation,grow-single,COc1cc(-c2cc3c(O)c(C)ccc3o2)c(C)c(O)c1C,2,c1ccc(-c2cc3ccccc3o2)cc1,val,312.36500000000007,4.747860000000003,0.7581236137286959,23,40
subcategory_homologation.grow-single_1298,CCn1cnc2c(=O)[nH]cnc21,1,homologation,grow-single,CC[C@@H](CO)OCn1cnc2c(=O)[nH]cnc21,2,O=c1[nH]cnc2[nH]cnc12,train,164.168,0.1394999999999999,0.6515991967114123,12,22
subcategory_homologation.grow-single_844,O=P(O)(O)O.O=c1[nH]cnc2[nH]ncc12,0,authentic,authentic,,,O=c1[nH]cnc2[nH]ncc12,train,234.108,-1.2824000000000004,0.3555310017877131,15,32
subcategory_homologation.grow-single_1211,C/C=C(\NC(=O)[C@@H]1C[C@H]1c1ccccc1)C(=O)OC,1,homologation,grow-single,C/C=C(\NC(=O)[C@@H]1C[C@H]1c1ccccc1)C(=O)O,4,c1ccc(C2CC2)cc1,train,259.305,1.9831,0.6642077374974594,19,43
subcategory_homologation.grow-single_561,Oc1cc2c(cc1Cc1ccccc1)OCC2,0,authentic,authentic,,,c1ccc(Cc2ccc3c(c2)OCC3)cc1,train,226.27499999999998,2.9179000000000013,0.8527474147722127,17,25
subcategory_homologation.grow-single_1449,CCCCc1nc(N(C)S(C)(=O)=O)nc(-c2ccc(F)cc2)c1/C=C/C(O)CC(O)CC(=O)[O-],1,homologation,grow-single,CC(C)c1nc(N(C)S(C)(=O)=O)nc(-c2ccc(F)cc2)c1/C=C/C(O)CC(O)CC(=O)[O-],3 4,c1ccc(-c2ccncn2)cc1,train,494.5650000000002,1.2861999999999998,0.4491601136806286,34,66
subcategory_homologation.grow-single_1500,CCO[C@@H]1C=C(C(=O)O)C[C@H](NC(=O)CN(C)C)[C@H]1NC(C)=O,1,homologation,grow-single,CCC(CC)O[C@@H]1C=C(C(=O)O)C[C@H](NC(=O)CN(C)C)[C@H]1NC(C)=O,,C1=CCCCC1,train,327.38100000000003,-0.6426999999999965,0.5738273958374487,23,54
subcategory_homologation.grow-single_300,CCOC(=O)c1cc(-c2ccncc2)nnc1Cl,0,authentic,authentic,,,c1cnnc(-c2ccncc2)c1,val,263.684,2.3687000000000005,0.7956334307860273,18,29
subcategory_homologation.grow-single_768,Cc1ccc(OCC2CO2)cc1.NCCNCCN,0,authentic,authentic,,,c1ccc(OCC2CO2)cc1,test,267.373,0.2660200000000025,0.4874166970806558,19,26
subcategory_homologation.grow-single_655,C(=N/Nc1nncc2ccccc12)/C1CCCCC1,0,authentic,authentic,,,C(=N/Nc1nncc2ccccc12)/C1CCCCC1,train,254.33699999999993,3.607800000000002,0.6721158800309712,19,30
subcategory_homologation.grow-single_1648,CCc1cccc2nc(NC(C)C)oc(=O)c12,1,homologation,grow-single,Cc1cccc2nc(NC(C)C)oc(=O)c12,2,O=c1ocnc2ccccc12,train,232.28299999999996,2.5707000000000004,0.8832313027190324,17,28
subcategory_homologation.grow-single_1479,CCCCC1CCC(CN)(CC(=O)OC)C1,1,homologation,grow-single,CCCCC1CCC(CN)(CC(=O)O)C1,2,C1CCCC1,train,227.34799999999993,2.4849000000000006,0.7092070518203804,16,25
subcategory_homologation.grow-single_290,CCCc1nc(C(C)(C)O)c(C(=O)OCc2oc(=O)oc2C)n1Cc1ccc(-c2ccccc2-c2nn[nH]n2)c(F)c1,0,authentic,authentic,,,O=C(OCc1coc(=O)o1)c1cncn1Cc1ccc(-c2ccccc2-c2nn[nH]n2)cc1,train,576.5850000000003,4.309120000000003,0.229145351289478,42,75
subcategory_homologation.grow-single_377,COc1ccc(NS(=O)(=O)c2ccc(CNC(=O)c3cc(Cl)ccc3O)cc2)cc1,0,authentic,authentic,,,O=C(NCc1ccc(S(=O)(=O)Nc2ccccc2)cc1)c1ccccc1,train,446.91200000000015,3.785000000000002,0.5118685178862004,30,52
subcategory_homologation.grow-single_1288,CC(C)NS(=O)(=O)c1cc2c(cc1Cl)N(C)C(C(Cl)Cl)N(C)S2(=O)=O,1,homologation,grow-single,CN1c2cc(Cl)c(S(=O)(=O)N(C)C)cc2S(=O)(=O)N(C)C1C(Cl)Cl,3 4,O=S1(=O)NCNc2ccccc21,train,450.797,2.2268,0.7108723171959435,25,54
subcategory_homologation.grow-single_510,CC(=O)/C=C(\c1ccccc1)c1c(O)c2ccccc2oc1=O,0,authentic,authentic,,,C=C(c1ccccc1)c1cc2ccccc2oc1=O,train,306.31700000000006,3.519300000000002,0.5936265407438015,23,40
subcategory_homologation.grow-single_1025,CCc1noc2c(Cl)c3c(cc12)CC(COC)O3,1,homologation,grow-single,CCc1noc2c(Cl)c3c(cc12)CC(C(=O)O)O3,3,c1noc2cc3c(cc12)CCO3,test,267.71199999999993,2.993500000000002,0.8575398718239106,18,31
subcategory_homologation.grow-single_410,O=C1[C@@H](NS(=O)(=O)c2cc3cccnc3s2)CCN1Cc1cc2cc[nH]cc-2n1,0,authentic,authentic,,,O=C1[C@@H](NS(=O)(=O)c2cc3cccnc3s2)CCN1Cc1cc2cc[nH]cc-2n1,train,427.51100000000025,2.2036,0.5076614480680426,29,57
subcategory_homologation.grow-single_726,CCCC1=NC2(CCCCC2)C(=O)N1Cc1ccc(-c2ccccc2-c2nn[nH]n2)cc1,0,authentic,authentic,,,O=C1N(Cc2ccc(-c3ccccc3-c3nn[nH]n3)cc2)C=NC12CCCCC2,train,428.5400000000001,4.777400000000004,0.6121564597427546,32,55
subcategory_homologation.grow-single_1348,CCOC(=O)C=C[C@H]1CC[C@]2(O)[C@@H]3CC[C@@H]4C[C@@H](O)CC[C@]4(C)[C@H]3C[C@@H](O)[C@]12C,1,homologation,grow-single,C[C@]12CC[C@H](O)C[C@H]1CC[C@@H]1[C@@H]2C[C@@H](O)[C@]2(C)[C@@H](C3=CC(=O)OC3)CC[C@]12O,0 1 2 3 4 5 6,O=C1C=C([C@H]2CCC3C2CC[C@@H]2C4CCCC[C@H]4CC[C@@H]32)CO1,train,406.56300000000016,3.2112000000000016,0.4948474811919595,29,86
subcategory_homologation.grow-single_700,O=c1oc(Nc2cc(Cl)ccc2Cl)nc2ccccc12,0,authentic,authentic,,,O=c1oc(Nc2ccccc2)nc2ccccc12,train,307.136,4.238400000000002,0.7691646319178304,20,33
subcategory_homologation.grow-single_291,CCN(CC)CCSc1nc2ccc(OC)cc2[nH]1.Cl,0,authentic,authentic,,,c1ccc2[nH]cnc2c1,train,315.86999999999995,3.4272000000000022,0.7948203665063626,20,33
subcategory_homologation.grow-single_889,CCCc1cc(=O)oc2c3c(c4c(c12)OC(C)(C)C=C4)OC[C@H](C)C3=O,0,authentic,authentic,,,O=C1CCOc2c3c(c4ccc(=O)oc4c21)OCC=C3,train,354.4020000000001,4.140900000000004,0.7584353197505348,26,53
subcategory_homologation.grow-single_469,CC(C)(C)c1cc(C(=O)CCCC2CC2)cc2c1OCC2,0,authentic,authentic,,,O=C(CCCC1CC1)c1ccc2c(c1)CCO2,val,286.415,4.682000000000004,0.7344584178338567,21,36
subcategory_homologation.grow-single_716,COc1cccc2c1CCC[C@H]2CN(C)CCc1ccc2c(c1)COC2,0,authentic,authentic,,,c1ccc2c(c1)CCC[C@H]2CNCCc1ccc2c(c1)COC2,train,351.49000000000007,4.319800000000003,0.773553836805864,26,42
subcategory_homologation.grow-single_88,CN1CCC[C@@H]1Cc1c[nH]c2ccc(C(C)(C)C)cc12,0,authentic,authentic,,,c1ccc2c(C[C@H]3CCCN3)c[nH]c2c1,val,270.42,4.102100000000003,0.8701052460626298,20,40
subcategory_homologation.grow-single_867,CCCCC(C)(C)C(C)(O)c1cccc(OCc2ccccc2)c1,0,authentic,authentic,,,c1ccc(COc2ccccc2)cc1,train,326.48,5.689500000000006,0.6750286739632052,24,38
subcategory_homologation.grow-single_180,CCN(C)CCN1C(=O)C(OC(C)=O)C(c2ccc(OC)cc2)Sc2cc(Cl)ccc21,0,authentic,authentic,,,O=C1CC(c2ccccc2)Sc2ccccc2N1,train,462.9990000000002,4.4120000000000035,0.5678092508770732,31,54
subcategory_homologation.grow-single_1741,CCOc1ccc(-c2c(C(=O)O)n(-c3ccccc3)c3ccc(Cl)cc23)cc1O,1,homologation,grow-single,O=C(O)c1c(-c2ccc3c(c2)OCO3)c2cc(Cl)ccc2n1-c1ccccc1,0 1 2 8,c1ccc(-n2cc(-c3ccc4c(c3)OCO4)c3ccccc32)cc1,train,407.8530000000001,5.753400000000004,0.4412899953744043,29,51
subcategory_homologation.grow-single_311,COC(=O)C1=C(C)NC(C)=C(C(=O)OCCN)C1c1ccccc1C(F)(F)F,0,authentic,authentic,,,C1=CC(c2ccccc2)C=CN1,train,398.38100000000003,2.615100000000001,0.7413936725872301,28,50
subcategory_homologation.grow-single_1671,CCCCN[C@H]1CC(C(=O)O)=C[C@@H](OC(CC)CC)[C@@H]1NC(C)=O,1,homologation,grow-single,CCC(CC)O[C@@H]1C=C(C(=O)O)C[C@H](NCCCN)[C@H]1NC(C)=O,2,C1=CCCCC1,train,340.46400000000006,2.237899999999999,0.5309309559108759,24,53
subcategory_homologation.grow-single_1541,CNCCc1c2n(c3ccc(OC)cc13)Cc1ccccc1-2,1,homologation,grow-single,COc1ccc2c(c1)c(CCNC(C)=O)c1n2Cc2ccccc2-1,,c1ccc2c(c1)Cn1c-2cc2ccccc21,train,292.382,3.440500000000002,0.6233899054002165,22,35
subcategory_homologation.grow-single_1108,CCCC1(c2ccc(F)cc2)OCc2cc(C#N)ccc21,1,homologation,grow-single,CN(CCC1(c2ccc(F)cc2)OCc2cc(C#N)ccc21)CC(=O)O,2,c1ccc(C2OCc3ccccc32)cc1,train,281.33,4.2712800000000035,0.8412801837974271,21,34
subcategory_homologation.grow-single_270,CC1(C)CC[C@]2(C(=O)N3CCCC3)CC[C@]3(C)C(C(=O)C=C4[C@@]5(C)C=C(C#N)C(=O)C(C)(C)[C@@H]5CC[C@]43C)C2C1,0,authentic,authentic,,,O=C1C=CC2C3=CC(=O)C4C(CC[C@@]5(C(=O)N6CCCC6)CCCCC45)C3CC[C@H]2C1,test,544.7800000000003,6.828380000000008,0.3624981853565428,40,98
subcategory_homologation.grow-single_932,CCN(CCN(C)C)c1cc2c(cc1F)c(=O)c(C(=O)O)cn2CC,1,homologation,grow-single,CCn1cc(C(=O)O)c(=O)c2cc(F)c(N3CCN(C)CC3)cc21,0 1 2 4 7 11 14 15,O=c1cc[nH]c2cc(N3CCNCC3)ccc12,train,349.4060000000001,2.2466,0.8304631513686017,25,43
subcategory_homologation.grow-single_1436,Cc1ccccc1Cc1cc(C23OC[C@@](CO)(O2)[C@@H](O)[C@H](O)[C@H]3O)ccc1Cl,1,homologation,grow-single,OC[C@]12COC(c3ccc(Cl)c(Cc4ccc(OCC(F)(F)F)cc4)c3)(O1)[C@H](O)[C@@H](O)[C@@H]2O,7,c1ccc(Cc2cccc(C34CCCC(CO3)O4)c2)cc1,train,406.86199999999997,1.2662199999999997,0.6099330523580087,28,64
subcategory_homologation.grow-single_396,CCCCSc1nc2ccc(OC)cc2[nH]1,0,authentic,authentic,,,c1ccc2[nH]cnc2c1,train,236.34,3.463700000000002,0.6378432154365763,16,25
subcategory_homologation.grow-single_523,CCOC(=O)C1(CCCCCCc2ccccc2)CO1,0,authentic,authentic,,,c1ccc(CCCCCCC2CO2)cc1,test,276.37600000000003,3.511700000000002,0.39340764874362566,20,29
subcategory_homologation.grow-single_505,CC(C)(C)C(=O)C(=O)N1CCC[C@H]1C(=O)OCCCc1cccnc1,0,authentic,authentic,,,O=C(OCCCc1cccnc1)[C@@H]1CCCN1,test,346.427,2.1635999999999997,0.44811579125995205,25,46
subcategory_homologation.grow-single_463,COc1ccc([C@H]2Sc3ccccc3N(CCN(C)C)C(=O)[C@H]2OC(=O)Nc2cccc(F)c2)cc1,0,authentic,authentic,,,O=C(Nc1ccccc1)O[C@@H]1C(=O)Nc2ccccc2S[C@@H]1c1ccccc1,train,509.6030000000002,5.1932000000000045,0.4725908139517416,36,66
subcategory_homologation.grow-single_1745,CCC(C)c1nnc2n1CCN(C(C(N)=O)c1ccc(F)cc1)C2,1,homologation,grow-single,CC(C)c1nnc2n1CCN(C(C(N)=O)c1ccc(F)cc1)C2,4,c1ccc(CN2CCn3cnnc3C2)cc1,train,331.39500000000004,1.9728999999999999,0.9086006669871063,24,41
subcategory_homologation.grow-single_318,CC1(C)CC1C(=O)N/C(=C\C1CC1)C(=O)O,0,authentic,authentic,,,O=C(N/C=C\C1CC1)C1CC1,test,223.27199999999996,1.5272000000000001,0.7101170886335919,16,33
subcategory_homologation.grow-single_403,COc1ccc(Cc2cc([C@@H]3OC4(COC4)[C@@H](O)[C@H](O)[C@H]3O)ccc2Cl)cc1,0,authentic,authentic,,,c1ccc(Cc2cccc([C@H]3CCCC4(COC4)O3)c2)cc1,train,406.86199999999997,1.8623999999999994,0.7179845559129162,28,65
subcategory_homologation.grow-single_1491,CCCCn1cc(C(=O)O)c(=O)c2cc(F)c(N3CCNC(C)C3)c(OC)c21,1,homologation,grow-single,COc1c(N2CCNC(C)C2)c(F)cc2c(=O)c(C(=O)O)cn(C3CC3)c12,1 2 3 4,O=c1ccn(C2CC2)c2cc(N3CCNCC3)ccc12,train,391.4430000000002,2.4456000000000007,0.7870450705910172,28,50
subcategory_homologation.grow-single_1438,CCC(O)(Cn1cncn1)c1ccc(F)cc1,1,homologation,grow-single,OC(Cn1cncn1)(Cn1cncn1)c1ccc(F)cc1,2,c1ccc(C(Cn2cncn2)Cn2cncn2)cc1,train,235.262,1.715,0.8773588259179579,17,27
subcategory_homologation.grow-single_639,COc1ccc(S(=O)(=O)NCc2ccc(C(=O)NCCc3ccc(Cl)cc3)cc2)cc1,0,authentic,authentic,,,O=C(NCCc1ccccc1)c1ccc(CNS(=O)(=O)c2ccccc2)cc1,val,458.9670000000001,3.7996000000000016,0.5104671098818003,31,53
subcategory_homologation.grow-single_527,CCOC(=O)C1=C(COCCN)NC(C)=C(C(=O)OC)C1c1ccccc1,0,authentic,authentic,,,C1=CC(c2ccccc2)C=CN1,train,374.43700000000007,1.6129000000000009,0.5266503414767056,27,45
subcategory_homologation.grow-single_1111,CCCCCCCOc1ccc(CCC(N)(COC)C(C)C)cc1,1,homologation,grow-single,CCCCCCCOc1ccc(CCC(N)(CO)C(C)C)cc1,2,c1ccccc1,train,335.53200000000004,4.968300000000004,0.5176972599074238,24,34
subcategory_homologation.grow-single_1085,CCOC(=O)C1=C(C)NC(C)=C(C(=O)OC)C1c1ccccc1C,1,homologation,grow-single,CCOC(=O)C1=C(C)NC(C)=C(C(=O)OC)C1c1cccc(Cl)c1Cl,7,C1=CC(c2ccccc2)C=CN1,train,329.396,2.9659200000000014,0.8604952865974482,24,42
subcategory_homologation.grow-single_2,CCCCC[C@@H]1/C=C\C2[C@H](O)CC(=O)[C@@H]2CCCCCCC(=O)O1,0,authentic,authentic,,,O=C1CCCCCC[C@H]2C(=O)CCC2/C=C\CO1,val,336.4720000000001,3.9550000000000036,0.479436626749083,24,53
subcategory_homologation.grow-single_199,CCC1(c2ccccc2)NC(=O)N(CC(=O)NC2(C#N)CCCCC2)C1=O,0,authentic,authentic,,,O=C(CN1C(=O)NC(c2ccccc2)C1=O)NC1CCCCC1,test,368.43700000000024,2.1863799999999998,0.7777427082506061,27,47
subcategory_homologation.grow-single_1094,CCC=CC(=O)C(C)(C)[CH]C[C@@H](O)[C@]1(C)[CH]CC[C@]2(C)C1=CC[C@H]2[C@@H]1C[C@H]([C@@H](O)C(C)(C)O)O[C@@H]1OCC,1,homologation,grow-single,CCO[C@H]1O[C@@H]([C@@H](O)C(C)(C)O)C[C@H]1[C@@H]1CC=C2[C@]3(C)[C@H](O)C[C@H]4C(C)(C)C(=O)C=C[C@]4(C)[C@H]3CC[C@]21C,0 1 2 3 4 5 6 7 8 9 10 13 15,O=C1C=CC2[C@@H](CCC3C4=CC[C@@H]([C@@H]5CCOC5)C4CC[C@@H]32)C1,train,532.7620000000002,5.359680000000007,0.23133419726122437,38,107
subcategory_homologation.grow-single_453,CCOC(=O)C1=C(O)C(=O)N(Cc2ccccc2)C1,0,authentic,authentic,,,O=C1C=CCN1Cc1ccccc1,train,261.27700000000004,1.4040000000000001,0.8319622547087857,19,34
subcategory_homologation.grow-single_817,COc1ccc(C#Cc2ccccc2)c(CCCN(C)CCc2ccc(OC)c(OC)c2)c1,0,authentic,authentic,,,C(#Cc1ccccc1CCCNCCc1ccccc1)c1ccccc1,train,443.5870000000003,5.219300000000005,0.4021789568180193,33,50
subcategory_homologation.grow-single_101,C[C@@H]1C[C@H](O)[C@]2(O)O[C@@H]3C[C@@]4(C=O)[C@@H](CC[C@@H]5[C@@H]4CC[C@]4(C)[C@@H](C6=CC(=O)OC6)C[C@@H](O)[C@]54O)C[C@H]3O[C@@H]2O1,0,authentic,authentic,,,O=C1C=C([C@H]2CCC3C2CC[C@@H]2C4C[C@H]5OC6CCCO[C@H]6O[C@@H]5C[C@@H]4CC[C@@H]32)CO1,train,548.6290000000004,0.9715000000000005,0.22316520912060034,39,133
subcategory_homologation.grow-single_1830,CCOc1c(C)cnc(CS(=O)c2nc3ccc(OC)cc3[nH]2)c1C,1,homologation,grow-single,CC(=O)Oc1ccccc1C(=O)O.COc1ccc2nc(S(=O)Cc3ncc(C)c(OC)c3C)[nH]c2c1,2,O=S(Cc1ccccn1)c1nc2ccccc2[nH]1.c1ccccc1,train,359.45100000000014,3.2898400000000017,0.7306706487245379,25,43
subcategory_homologation.grow-single_14,CCC(=O)N(c1ccccc1)C1(C(=O)O[11CH3])CCN(CCc2ccccc2)CC1,0,authentic,authentic,,,c1ccc(CCN2CCC(Nc3ccccc3)CC2)cc1,train,393.51543360000016,3.6799000000000026,0.6735862559672104,29,53
subcategory_homologation.grow-single_498,CCC(=O)c1cc2ccc(=O)oc2cc1O,0,authentic,authentic,,,O=c1ccc2ccccc2o1,train,218.20799999999997,2.0913,0.61865336445346,16,26
subcategory_homologation.grow-single_221,COc1ccc(C2CCCNC2)cc1OC,0,authentic,authentic,,,c1ccc(C2CCCNC2)cc1,train,221.29999999999998,2.1708,0.848199001425844,16,22
subcategory_homologation.grow-single_1627,CCCCC[C@H](N[C@@H](CCc1ccccc1)C(=O)OCC)C(=O)N1CCC[C@H]1C(=O)OC(=O)C(F)(F)F,1,homologation,grow-single,CCOC(=O)[C@H](CCc1ccccc1)N[C@@H](CCCCN)C(=O)N1CCC[C@H]1C(=O)OC(=O)C(F)(F)F,2,O=C(CNCCCc1ccccc1)N1CCCC1,train,528.5680000000004,3.712500000000002,0.23660752613278,37,74
subcategory_homologation.grow-single_796,COc1ccc(CCc2ccnc3ccccc23)cc1,0,authentic,authentic,,,c1ccc(CCc2ccnc3ccccc23)cc1,train,263.34000000000003,4.0286000000000035,0.7087218723888774,20,28
subcategory_homologation.grow-single_1100,C/C=C(\NC(=O)CCCC1CCCCC1)C(=O)OC,1,homologation,grow-single,C/C=C(\NC(=O)CCCC1CCCCC1)C(=O)O,4,C1CCCCC1,train,267.3689999999999,2.9300000000000015,0.5943926559097638,19,32
subcategory_homologation.grow-single_118,CCON1C(=O)NC(c2cc(F)ccc2C)(C(F)(F)F)C1=O,0,authentic,authentic,,,O=C1NC(=O)C(c2ccccc2)N1,train,320.242,2.3950200000000006,0.687117962181779,22,40
subcategory_homologation.grow-single_1643,COC(Cn1cncn1)(c1ccc(F)cc1F)C(F)(F)c1cccs1,1,homologation,grow-single,OC(Cn1cncn1)(c1ccc(F)cc1F)C(F)(F)c1cccs1,2,c1ccc(C(Cc2cccs2)Cn2cncn2)cc1,train,371.35900000000004,3.9517000000000024,0.6162171431807596,25,41
subcategory_homologation.grow-single_218,O=C1NC(=O)C(c2cn(CCOCCO)c3ccccc23)=C1c1c[nH]c2ccccc12,0,authentic,authentic,,,O=C1NC(=O)C(c2c[nH]c3ccccc23)=C1c1c[nH]c2ccccc12,train,415.44900000000007,2.6987000000000005,0.3194277602375356,31,53
subcategory_homologation.grow-single_1237,CCOC(=O)c1ccc(NC(=O)Nc2ccc(SCC)c(C(C)(C)C)c2)cc1,1,homologation,grow-single,CCOC(=O)c1ccc(NC(=O)Nc2ccc3c(c2)C(C)(C)CC(C)(C)S3)cc1,0 1 2 8 10 11 12,O=C(Nc1ccccc1)Nc1ccc2c(c1)CCCS2,test,400.5440000000002,5.916800000000006,0.46665115719489114,28,48
subcategory_homologation.grow-single_574,Cc1cccc(Sc2cncc3sc(C(N)=O)cc23)c1,0,authentic,authentic,,,c1ccc(Sc2cncc3sccc23)cc1,train,300.4080000000001,3.854820000000001,0.7989038498919613,20,33
subcategory_homologation.grow-single_81,CCC(C)O[C@@H]1C=C(C(=O)O)C[C@H](N=C(N)N)[C@H]1NC(C)=O,0,authentic,authentic,,,C1=CCCCC1,train,312.37,-0.2684999999999982,0.39300492466856374,22,53
subcategory_homologation.grow-single_1619,CCCCNC[C@@H](O)COc1ccc(O)cc1,1,homologation,grow-single,COc1ccc(CC[C@H](C)NC[C@@H](O)COc2ccc(O)cc2)cc1,4,c1ccc(CCCNCCCOc2ccccc2)cc1,train,239.31499999999997,1.5215999999999998,0.6019218890067969,17,28
subcategory_homologation.grow-single_1012,CCCN(C)CCNC1=Nc2cc(F)ccc2Nc2cc(C)sc21,1,homologation,grow-single,Cc1cc2c(s1)C(N1CCN(C)CC1)=Nc1cc(F)ccc1N2,0 1 2 3 4 5 6 7,c1ccc2c(c1)N=C(N1CCNCC1)c1sccc1N2,val,346.4750000000001,4.2623200000000026,0.8495473390215866,24,37
subcategory_homologation.grow-single_1413,CCOc1ccc(Cl)cc1C(=O)NCCc1ccc(SC)c(S(=O)(=O)NC(=S)NC)c1,1,homologation,grow-single,CNC(=S)NS(=O)(=O)c1cc(CCNC(=O)c2cc(Cl)ccc2OC)ccc1SC,3,O=C(NCCc1ccccc1)c1ccccc1,train,502.08300000000014,3.215700000000002,0.35833523395672057,31,54
subcategory_homologation.grow-single_993,CCC(C)c1ccc(CC(C)CO)cc1,1,homologation,grow-single,CC(CO)Cc1ccc(C(C)C(=O)O)cc1,2,c1ccccc1,train,206.32899999999998,3.371000000000002,0.7828045698032321,15,23
subcategory_homologation.grow-single_1737,CCOc1ccc(C(O/N=C/C(=O)O)C2CCCCC2)cc1,1,homologation,grow-single,O=C(O)/C=N/OC(c1ccc(OCc2ccccn2)cc1)C1CCCCC1,3,c1ccc(COc2ccc(CC3CCCCC3)cc2)nc1,test,305.374,3.793700000000002,0.6143985888818608,22,36
subcategory_homologation.grow-single_399,CSc1ccc(Oc2cnc(O)nc2)cc1,0,authentic,authentic,,,c1ccc(Oc2cncnc2)cc1,train,234.28,2.6964000000000006,0.8273516103171934,16,24
subcategory_homologation.grow-single_1600,CCCc1nc(C(=O)O)c(CC)n1Cc1ccc(-c2ccccc2-c2nn[nH]n2)cc1,1,homologation,grow-single,CCCc1nc(C(=O)O)c(C(F)(F)C(F)(F)F)n1Cc1ccc(-c2ccccc2-c2nn[nH]n2)cc1,,c1ccc(-c2nn[nH]n2)c(-c2ccc(Cn3ccnc3)cc2)c1,train,416.48500000000007,3.9916000000000027,0.44938030365550485,31,53
subcategory_homologation.grow-single_1380,CCCOC(=O)[C@H](CCc1ccccc1)N[C@@H](CCCCN)C(=O)N1CCC[C@H]1C(=O)OC(=O)C(F)(F)F,1,homologation,grow-single,CCOC(=O)[C@H](CCc1ccccc1)N[C@@H](CCCCN)C(=O)N1CCC[C@H]1C(=O)OC(=O)C(F)(F)F,2,O=C(CNCCCc1ccccc1)N1CCCC1,train,543.5830000000005,2.651300000000001,0.2083087339252645,38,75
subcategory_homologation.grow-single_11,O=C1NC(=O)C2(CCC(c3ccccc3)c3ccccc32)N1,0,authentic,authentic,,,O=C1NC(=O)C2(CCC(c3ccccc3)c3ccccc32)N1,test,292.338,2.6470000000000002,0.793874301580375,22,38
subcategory_homologation.grow-single_996,CCC(C)(CCOc1ccc(OCCC(C)(C)C(=O)O)cc1)C(=O)O,1,homologation,grow-single,CC(C)(CCOc1ccc(OCCC(C)(C)C(=O)O)cc1)C(=O)O,2,c1ccccc1,train,352.427,3.836100000000002,0.6284518896829644,25,43
subcategory_homologation.grow-single_832,CC(C)CN(C[C@@H](O)[C@H](Cc1ccccc1)NC(=O)O[C@@]1(C)CO[C@@]2(C)OCC[C@]21C)S(=O)(=O)c1ccc(NC(=O)CCl)cc1,0,authentic,authentic,,,O=C(N[C@H](CCNS(=O)(=O)c1ccccc1)Cc1ccccc1)OC1COC2OCCC12,train,666.2370000000003,4.1407000000000025,0.2710826375309911,45,100
subcategory_homologation.grow-single_481,O=C(O)c1cn2c(n1)COc1ccc(Cl)cc1-2,0,authentic,authentic,,,c1ccc2c(c1)OCc1nccn1-2,train,250.64100000000002,2.1163,0.8419774718545099,17,32
subcategory_homologation.grow-single_698,CO[C@@H]1C[C@H](O[C@H]2CC[C@@]3(C)C(=CC[C@@H]4[C@@H]3C(=O)[C@@H]3O[C@H](C)[C@@H]5CC[C@@]4(O)[C@]35C)C2)O[C@H](C)[C@@H]1O,0,authentic,authentic,,,O=C1[C@@H]2C3CC[C@H](O[C@H]4CCCCO4)CC3=CC[C@H]2C2CC[C@H]3CO[C@@H]1C23,test,490.6370000000003,3.152500000000002,0.5871108649058455,35,120
subcategory_homologation.grow-single_472,C=CCOc1cc(Cl)c(Cc2ccc(OC)cc2)cc1[C@@H]1O[C@H](OC)[C@@H](O)[C@H](O)[C@H]1O,0,authentic,authentic,,,c1ccc(Cc2cccc([C@H]3CCCCO3)c2)cc1,train,450.9150000000001,2.6307000000000014,0.5316922042199391,31,73
subcategory_homologation.grow-single_1178,CCc1nc2c(NCc3c(C)cccc3C)cc(-c3c[nH]c(=O)[nH]c3=O)cn2c1C,1,homologation,grow-single,Cc1cccc(C)c1CNc1cc(-c2c[nH]c(=O)[nH]c2=O)cn2c(C)c(C)nc12,2,O=c1[nH]cc(-c2cc(NCc3ccccc3)c3nccn3c2)c(=O)[nH]1,train,403.4860000000001,3.477660000000001,0.47542800084477804,30,55
subcategory_homologation.grow-single_573,COC(=O)[C@H](c1ccccc1Cl)[C@H]1CCCCN1,0,authentic,authentic,,,c1ccc(C[C@H]2CCCCN2)cc1,train,267.7559999999999,2.7387000000000006,0.8561354045719801,18,36
subcategory_homologation.grow-single_1190,CCCCn1cccc1C(=O)c1ccc2c(c1)OCO2,1,homologation,grow-single,O=C(c1ccc2c(c1)OCO2)c1ccc2n1CCC2C(=O)O,1 2 3 4,O=C(c1ccc2c(c1)OCO2)c1ccc2n1CCC2,train,271.316,3.2479000000000022,0.7837084569601502,20,31
subcategory_homologation.grow-single_1261,CC[C@]12COC(c3ccc(Cl)c(Cc4ccc(OCC(F)(F)F)cc4)c3)(O1)[C@H](O)[C@@H](O)[C@@H]2O,1,homologation,grow-single,OC[C@]12COC(c3ccc(Cl)c(Cc4ccc(OCC(F)(F)F)cc4)c3)(O1)[C@H](O)[C@@H](O)[C@@H]2O,2,c1ccc(Cc2cccc(C34CCCC(CO3)O4)c2)cc1,train,488.8860000000001,3.3166000000000024,0.5780034153667908,33,77
subcategory_homologation.grow-single_1613,C=CCC(OC)c1c(-c2ccc(F)cc2)nc(N(C)S(C)(=O)=O)nc1C(C)C,1,homologation,grow-single,C=CCC(O)c1c(-c2ccc(F)cc2)nc(N(C)S(C)(=O)=O)nc1C(C)C,2,c1ccc(-c2ccncn2)cc1,train,407.5110000000002,4.065500000000003,0.61708932221834,28,52
subcategory_homologation.grow-single_1624,Cc1cc2c(cc1/N=C(\S)Nc1ccccc1C)C(C)(C)CC(C)(C)S2,1,homologation,grow-single,CCOC(=O)c1ccc(N/C(S)=N/c2cc3c(cc2C)SC(C)(C)CC3(C)C)cc1,7,C(=N\c1ccc2c(c1)CCCS2)/Nc1ccccc1,train,384.6140000000002,6.884840000000006,0.33475120861947444,26,47
subcategory_homologation.grow-single_266,CCCCc1nc(CO)c(Cl)n1Cc1ccc(-n2cccc2C(=O)O)cc1,0,authentic,authentic,,,c1ccn(-c2ccc(Cn3ccnc3)cc2)c1,val,387.8670000000001,3.9086000000000025,0.613714489847087,27,44
subcategory_homologation.grow-single_1213,CCCCCCN(C)CCc1ccc(OC)c(OC)c1,1,homologation,grow-single,COc1ccc(CCN(C)CCCC2(C#N)c3ccccc3-c3ccccc32)cc1OC.[O-][Cl+3]([O-])([O-])O,4 5 6,c1ccc(CCNCCCC2c3ccccc3-c3ccccc32)cc1,train,279.424,3.7584000000000026,0.6087221447068071,20,28
subcategory_homologation.grow-single_1789,CCCCN1C(=O)CN=C(c2ccccc2Cl)c2cc([N+](=O)[O-])ccc21,1,homologation,grow-single,CS(=O)CCCN1C(=O)CN=C(c2ccccc2Cl)c2cc([N+](=O)[O-])ccc21,4,O=C1CN=C(c2ccccc2)c2ccccc2N1,train,371.8240000000001,4.232300000000004,0.5824991690719189,26,50
subcategory_homologation.grow-single_1216,CCc1cc(Oc2ccc(NC(=O)Nc3ccc(Cl)c(C(F)(F)F)c3)cc2)ccn1,1,homologation,grow-single,C#CCNC(=O)c1cc(Oc2ccc(NC(=O)Nc3ccc(Cl)c(C(F)(F)F)c3)cc2)ccn1,2,O=C(Nc1ccccc1)Nc1ccc(Oc2ccncc2)cc1,train,435.8330000000001,6.752500000000003,0.4654411002020871,30,52
subcategory_homologation.grow-single_1681,CCCSCC1NSc2cc(S(N)(=O)=O)c(Cl)cc2N1,1,homologation,grow-single,NS(=O)(=O)c1cc2c(cc1Cl)NC(CSCC(F)(F)F)NS2,2,c1ccc2c(c1)NCNS2,train,353.9220000000001,2.4789000000000003,0.5567859214169038,20,35
subcategory_homologation.grow-single_178,CC[C@]1(c2ccccc2)NC(=O)N(C)C1=O,0,authentic,authentic,,,O=C1NC(=O)C(c2ccccc2)N1,train,218.25599999999994,1.4735000000000003,0.764131318230403,16,31
subcategory_homologation.grow-single_72,CCCCc1nnc(C)c(=O)n1Cc1ccc(-c2ccccc2-c2nn[nH]n2)cc1,0,authentic,authentic,,,O=c1cnncn1Cc1ccc(-c2ccccc2-c2nn[nH]n2)cc1,train,401.47400000000005,3.1847200000000013,0.5101881867426147,30,50
subcategory_homologation.grow-single_812,CN(c1ccccc1)N1C(=O)O[C@@](C)(c2ccc(Oc3ccccc3)cc2)C1=O,0,authentic,authentic,,,O=C1OC(c2ccc(Oc3ccccc3)cc2)C(=O)N1Nc1ccccc1,train,388.42300000000006,4.724300000000005,0.6327180494123127,29,53
subcategory_homologation.grow-single_465,CCOC(=O)c1cc(NC(=O)c2cccs2)ccc1OCC(O)CNC(C)C,0,authentic,authentic,,,O=C(Nc1ccccc1)c1cccs1,train,406.5040000000002,2.9148000000000005,0.5251496736261502,28,44
subcategory_homologation.grow-single_607,Cn1c(=O)c2nc(-c3cccc(Br)c3)[nH]c2n(C)c1=O,0,authentic,authentic,,,O=c1[nH]c(=O)c2nc(-c3ccccc3)[nH]c2[nH]1,train,335.16100000000006,1.3897999999999995,0.7304315339578497,20,41
subcategory_homologation.grow-single_1616,[2H]C(NC(=O)NS(=O)(=O)c1ccc(CCNC(=O)c2cc(Cl)ccc2OC)cc1)C([2H])([2H])C([2H])([2H])C([2H])([2H])C([2H])([2H])CC,1,homologation,grow-single,[2H]C1([2H])C([2H])([2H])C([2H])([2H])C([2H])(NC(=O)NS(=O)(=O)c2ccc(CCNC(=O)c3cc(Cl)ccc3OC)cc2)C([2H])([2H])C1([2H])[2H],0 1 2 3 4 5 6 7 8 9 10 11 12 13 14 15,O=C(NC1CCCCC1)NS(=O)(=O)c1ccc(CCNC(=O)c2ccccc2)cc1,train,519.1109160020002,4.279400000000003,0.3659959644337572,34,109
subcategory_homologation.grow-single_1446,CCCNc1cccc(CCN(C)C[C@@H]2CCCc3c(OC)cccc32)c1,1,homologation,grow-single,COc1cccc2c1CCC[C@H]2CN(C)CCc1ccc2c(c1)NCC2,0 1 2 3,c1ccc2c(c1)CCC[C@H]2CNCCc1ccc2c(c1)NCC2,train,366.54900000000004,5.111500000000006,0.6671583497200757,27,44
subcategory_homologation.grow-single_247,NC(=O)c1cc(Oc2ccc(Nc3nc(=O)c(C(=O)NC4CCOCC4)cn3Cc3ccc(Cl)cc3)cc2)ccn1,0,authentic,authentic,,,O=C(NC1CCOCC1)c1cn(Cc2ccccc2)c(Nc2ccc(Oc3ccncc3)cc2)nc1=O,val,575.0250000000003,3.883600000000002,0.2723710147950885,41,69
subcategory_homologation.grow-single_834,C[C@@H](O)[C@H]1C(=O)N2C(C(=O)O)=C(SC3CN[C@H](C(=O)N(C)C)C3)[C@H](C)[C@H]12,0,authentic,authentic,,,O=C1C[C@H]2CC(SC3CCNC3)=CN12,train,383.4700000000002,-0.3079999999999994,0.5588251961475821,26,75
subcategory_homologation.grow-single_1437,CCCCCNc1cc(CS(=O)c2nc3ccc(OC)cc3[nH]2)ncc1Br,1,homologation,grow-single,COc1ccc2nc(S(=O)Cc3cc(N4CCCC4)c(Br)cn3)[nH]c2c1,0 1 2 3 4 5,O=S(Cc1cc(N2CCCC2)ccn1)c1nc2ccccc2[nH]1,train,451.3900000000001,4.638900000000003,0.4636961324020429,27,44
subcategory_homologation.grow-single_1287,COC(=O)CC1(CN)CC(C(C)C)(C(C)C)C1,1,homologation,grow-single,CC(C)C1(C(C)C)CC(CN)(CC(=O)O)C1,4,C1CCC1,train,241.375,2.5868,0.7526686565032494,17,32
subcategory_homologation.grow-single_1481,CCC(C)n1cnc2[nH]ncc2c1=O,1,homologation,grow-single,CC(C)N.CC(C)n1cnc2[nH]ncc2c1=O,2,O=c1[nH]cnc2[nH]ncc12,train,192.22199999999998,1.0905999999999998,0.7742177997401686,14,24
subcategory_homologation.grow-single_1474,C[NH2+][C@@H](C)C(=O)N[C@@H](CCCC[NH3+])C(=O)N1CCC[C@H]1C(=O)N[C@@H](Cc1ccccc1)C(=O)OC,1,homologation,grow-single,C[NH2+][C@@H](C)C(=O)N[C@@H](CCCC[NH3+])C(=O)N1CCC[C@H]1C(=O)N[C@@H](Cc1ccccc1)C(=O)O,2,O=C(NCCc1ccccc1)[C@@H]1CCCN1,val,491.63300000000027,-1.6433999999999898,0.19281917896780004,35,86
subcategory_homologation.grow-single_1748,CO[C@@H](CNC(C)C)COc1cccc(C)c1,1,homologation,grow-single,Cc1cccc(OC[C@@H](O)CNC(C)C)c1,2,c1ccccc1,train,237.343,2.38682,0.7895669116657961,17,30
subcategory_homologation.grow-single_347,O=C1N(CN2CCCC2)c2ccccc2C12OCCO2,0,authentic,authentic,,,O=C1N(CN2CCCC2)c2ccccc2C12OCCO2,val,274.32000000000005,1.2860999999999998,0.8146576555676182,20,31
subcategory_homologation.grow-single_1290,CCNC(=O)CCc1ccccc1,1,homologation,grow-single,CC(CNC(=O)CCc1ccccc1)NC(=O)CCc1ccccc1,,O=C(CCc1ccccc1)NCCNC(=O)CCc1ccccc1,train,177.247,1.7552999999999999,0.7455707679844464,13,18
subcategory_homologation.grow-single_1200,[2H]N(C(=O)N([2H])S(=O)(=O)c1ccc(CCNC)cc1)C1CCC(C)CC1,1,homologation,grow-single,[2H]N(CCc1ccc(S(=O)(=O)N([2H])C(=O)N([2H])C2CCC(C)CC2)cc1)C(=O)N1CC(C)=C(CC)C1=O,,O=C(NC1CCCCC1)NS(=O)(=O)c1ccc(CCNC(=O)N2CC=CC2=O)cc1,train,355.5002035560002,2.0150999999999994,0.7284182673376948,24,53
subcategory_homologation.grow-single_666,CCCC(=O)N[C@@H](Cc1ccccc1)C(=O)NCCCNCCCCNCCCN,0,authentic,authentic,,,c1ccccc1,train,419.6140000000004,1.3285000000000027,0.23075934532564263,30,45
subcategory_homologation.grow-single_1742,CCCCOc1ccc(C2=NCCO2)cc1,1,homologation,grow-single,Cc1cc(CCCCCOc2ccc(C3=NCCO3)cc2)on1,,c1cc(CCCCCOc2ccc(C3=NCCO3)cc2)on1,train,219.28399999999996,2.6423000000000005,0.7126822390177506,16,23
subcategory_homologation.grow-single_1065,Cc1ccccc1C(=O)OCC(O)CNC(C)C,1,homologation,grow-single,Cc1ccc(C(=O)OCC(O)CNC(C)C)cc1,7,c1ccccc1,train,251.326,1.51072,0.7524485849192689,18,27
subcategory_homologation.grow-single_1004,CCOCC1=C(C(=O)OCCC(C)(C)C)C(c2ccc(F)cc2Cl)C(C#N)=C(C)N1,1,homologation,grow-single,COCC1=C(C(=O)OCCC(C)(C)C)C(c2ccc(F)cc2Cl)C(C#N)=C(C)N1,3,C1=CC(c2ccccc2)C=CN1,train,434.93900000000014,5.2334800000000055,0.5944301488505739,30,55
subcategory_homologation.grow-single_865,CCCCCc1ccc(S(=O)(=O)NCCc2c[nH]c3ccc(-c4ccc[nH]4)cc23)cc1,0,authentic,authentic,,,O=S(=O)(NCCc1c[nH]c2ccc(-c3ccc[nH]3)cc12)c1ccccc1,train,435.5930000000001,5.416700000000004,0.2910254916800051,31,56
subcategory_homologation.grow-single_297,CNC(=O)N(CC1CCCC1)S(=O)(=O)c1ccc(CCNC(=O)N2CCCCC2=O)cc1,0,authentic,authentic,,,O=C1CCCCN1C(=O)NCCc1ccc(S(=O)(=O)NCC2CCCC2)cc1,train,464.58800000000036,2.4715000000000007,0.6431156622505194,32,55
subcategory_homologation.grow-single_285,CCCCc1c(C(=O)O)n(CC)c(=O)n1Cc1ccc(-c2ccccc2-c2nn[nH]n2)cc1,0,authentic,authentic,,,O=c1[nH]ccn1Cc1ccc(-c2ccccc2-c2nn[nH]n2)cc1,train,446.5110000000001,3.605900000000002,0.40543215077219946,33,58
subcategory_homologation.grow-single_1439,CCc1ccc(-c2ccccc2-c2nn[nH]n2)cc1,1,homologation,grow-single,CCCCCC(=O)N(Cc1ccc(-c2ccccc2-c2nn[nH]n2)cc1)C(C)C(=O)O,6,c1ccc(-c2ccccc2-c2nn[nH]n2)cc1,train,250.305,3.0961000000000007,0.7767310619387078,19,32
subcategory_homologation.grow-single_803,Cc1cc(=O)oc2c(C=O)c(O)ccc12,0,authentic,authentic,,,O=c1ccc2ccccc2o1,train,204.18099999999998,1.6195199999999998,0.5657365552492892,15,27
subcategory_homologation.grow-single_1410,CCC[C@H]1Cc2c(c(C)c3c(c2OC)C(=O)OC3)O[C@@]1(C)CC[CH]C(C)(C)O,1,homologation,grow-single,COc1c2c(c(C)c3c1C(=O)OC3)O[C@@]1(C)CC[C@@H](C(C)(C)O)[C@@](C)(CCC(=O)O)[C@H]1C2,1 2 3 21 25 26 27,O=C1OCc2cc3c(cc21)C[C@@H]1CCCCC1O3,train,389.51200000000017,4.539310000000005,0.6937719823785511,28,60
subcategory_homologation.grow-single_1465,CCN(C)CC(O)COCc1ccccc1F,1,homologation,grow-single,CN(CCOc1ccccc1)CC(O)COCc1ccccc1F,,c1ccc(COCCCNCCOc2ccccc2)cc1,test,241.30599999999998,1.6548999999999998,0.7876766380064633,17,23
subcategory_homologation.grow-single_50,COc1cc2nc(N3CCN(/C(S)=N/c4ccccc4)CC3)nc(N)c2cc1OC,0,authentic,authentic,,,C(=N\c1ccccc1)/N1CCN(c2ncc3ccccc3n2)CC1,test,424.53000000000026,2.9687,0.37808328939069136,30,49
subcategory_homologation.grow-single_1224,CCC(C)(C)C(=O)Oc1ccc(Oc2ccc(OC(=O)C(C)(C)C)cc2)cc1,1,homologation,grow-single,CC(C)(C)C(=O)Oc1ccc(Oc2ccc(OC(=O)C(C)(C)C)cc2)cc1,2,c1ccc(Oc2ccccc2)cc1,train,384.47200000000015,5.772000000000006,0.4670961830605843,28,50
subcategory_homologation.grow-single_503,O=C(O)C1CN=C(c2ccccc2O)N1,0,authentic,authentic,,,c1ccc(C2=NCCN2)cc1,val,206.20100000000005,0.19520000000000015,0.6449933854017066,15,25
subcategory_homologation.grow-single_1689,CCCCCCNC(=O)[C@@H](NC(=O)CCCc1ccccc1)C(C)C,1,homologation,grow-single,CC(C)[C@H](NC(=O)CCCc1ccccc1)C(=O)N1CCC[C@H]1C(=O)O,0 1 2 3 4 5 6,O=C(CCCc1ccccc1)NCC(=O)N1CCCC1,val,346.51500000000004,3.8466000000000022,0.5648960984887638,25,42
subcategory_homologation.grow-single_1823,Cc1ccccc1S(=O)(=O)N(CC(C)C)C[C@@H](O)[C@H](Cc1ccccc1)NC(=O)O[C@H]1CO[C@H]2OCC[C@H]21,1,homologation,grow-single,CC(C)CN(C[C@@H](O)[C@H](Cc1ccccc1)NC(=O)O[C@H]1CO[C@H]2OCC[C@H]21)S(=O)(=O)c1ccc(CO)cc1,7,O=C(N[C@H](CCNS(=O)(=O)c1ccccc1)Cc1ccccc1)O[C@H]1CO[C@H]2OCC[C@H]21,train,546.6860000000001,3.1015200000000016,0.44518368906980543,38,84
subcategory_homologation.grow-single_204,Cc1ccc(-c2cc(O)c3cc4c(cc3n2)OCO4)cc1,0,authentic,authentic,,,c1ccc(-c2ccc3cc4c(cc3n2)OCO4)cc1,train,279.29499999999996,3.6445200000000026,0.7384765663157514,21,36
subcategory_homologation.grow-single_392,CCCCC[C@@H](O)/C(F)=C\[C@@H]1[C@@H](C/C=C\CCCC(=O)OC)[C@@H](O)C[C@H]1O,0,authentic,authentic,,,C1CCCC1,train,386.5040000000001,3.428500000000002,0.27172749243355765,27,70
subcategory_homologation.grow-single_346,COc1ccc([C@@H]2[C@H](CCCc3ccccc3)C(=O)N2c2ccccc2)cc1,0,authentic,authentic,,,O=C1[C@@H](CCCc2ccccc2)[C@@H](c2ccccc2)N1c1ccccc1,train,371.48,5.422200000000005,0.5189223551894969,28,52
subcategory_homologation.grow-single_330,O=C(Cc1ccccc1)NC1CCCCC1,0,authentic,authentic,,,O=C(Cc1ccccc1)NC1CCCCC1,train,217.3119999999999,2.678000000000001,0.828288949269458,16,23
subcategory_homologation.grow-single_966,COc1cccc(/C(=C/Cn2oc(=O)[nH]c2=O)c2ccccc2)c1,1,homologation,grow-single,Cc1oc(-c2ccc(C(F)(F)F)cc2)nc1COc1cccc(/C(=C/Cn2oc(=O)[nH]c2=O)c2ccccc2)c1,,O=c1[nH]c(=O)n(C/C=C(\c2ccccc2)c2cccc(OCc3coc(-c4ccccc4)n3)c2)o1,train,324.33599999999996,2.2701000000000002,0.7808426492021584,24,44
subcategory_homologation.grow-single_1433,CCCN(CCNC1=Nc2cc(F)ccc2Nc2sc(CC)cc21)c1cccc(Cl)c1,1,homologation,grow-single,CCc1cc2c(s1)Nc1ccc(F)cc1N=C2N1CCN(c2cccc(Cl)c2)CC1.Cl,0 1 2 3 4 5 6 7 8 9 10 11 13 14,c1ccc(N2CCN(C3=Nc4ccccc4Nc4sccc43)CC2)cc1,test,457.01800000000014,6.744500000000005,0.4129621323769155,31,49
subcategory_homologation.grow-single_1033,CC/C(=C(\Cc1ccccc1)c1ccc(OC)cc1)c1ccccc1,1,homologation,grow-single,CC/C(=C(\Cc1ccccc1)c1ccc(OCN(C)C)cc1)c1ccccc1,,C(=C(Cc1ccccc1)c1ccccc1)c1ccccc1,train,328.45500000000004,6.2587000000000055,0.48530380393067857,25,40
subcategory_homologation.grow-single_1404,COC(=O)C1=C(S[C@@H]2CN[C@H](CSC(F)F)C2)[C@H](C)[C@@H]2[C@@H]([C@@H](C)O)C(=O)N12,1,homologation,grow-single,C[C@@H](O)[C@H]1C(=O)N2C(C(=O)O)=C(S[C@@H]3CN[C@H](CSC(F)F)C3)[C@H](C)[C@H]12,2,O=C1C[C@H]2CC(S[C@H]3CCNC3)=CN12,train,422.5190000000002,1.648,0.47709235888080387,27,80
subcategory_homologation.grow-single_1602,COCCN(CCO)CCc1ccccc1,1,homologation,grow-single,OCCN(CCO)CCc1ccccc1,4,c1ccccc1,train,223.316,1.1697999999999997,0.7178497410036205,16,20
subcategory_homologation.grow-single_181,CCOC(=O)[C@H](CCc1ccccc1)N[C@@H](C)C(=O)N1CCC[C@@H]1C(=O)O,0,authentic,authentic,,,O=C(CNCCCc1ccccc1)N1CCCC1,train,376.45300000000026,1.6046,0.6358354158694681,27,58
subcategory_homologation.grow-single_775,C[C@]12CC[C@H](O)C[C@@]1(O)CC[C@@H]1[C@@H]2CC[C@]2(C)[C@@H](C3=CC(=O)OC3)CC[C@]12O,0,authentic,authentic,,,O=C1C=C([C@H]2CCC3C2CC[C@@H]2C4CCCCC4CC[C@@H]32)CO1,train,390.5200000000002,2.719200000000001,0.5994714847185348,28,82
subcategory_homologation.grow-single_336,CCOC(=O)c1cc2c3ccc(Cl)cc3nc(O)n2n1,0,authentic,authentic,,,c1ccc2c(c1)ncn1nccc21,test,291.694,2.418200000000001,0.7337890436558661,20,34
subcategory_homologation.grow-single_1048,COC(=O)/C(=C/C(=O)O)OCCN1CCN(C2=Nc3ccccc3Sc3ccccc32)CC1,1,homologation,grow-single,CCOC(=O)/C(=C/C(=O)O)OCCN1CCN(C2=Nc3ccccc3Sc3ccccc32)CC1,,c1ccc2c(c1)N=C(N1CCNCC1)c1ccccc1S2,train,467.5470000000002,3.005200000000002,0.3939124185446062,33,55
subcategory_homologation.grow-single_876,C[N+]1(/N=C(\[O-])c2cccc(F)c2)CCN(C2=Nc3cc(Cl)ccc3Nc3ccccc32)CC1,0,authentic,authentic,,,C(=N[NH+]1CCN(C2=Nc3ccccc3Nc3ccccc32)CC1)c1ccccc1,train,463.94400000000013,4.098700000000003,0.35338450970845525,33,64
subcategory_homologation.grow-single_55,CCN(CCOc1ccc(/C=C2\SC(=O)NC2=O)cc1)CC1(C)CCc2c(C)c(O)c(C)c(C)c2O1,0,authentic,authentic,,,O=C1NC(=O)/C(=C/c2ccc(OCCNCC3CCc4ccccc4O3)cc2)S1,train,510.65600000000046,5.125960000000005,0.47637347334082086,36,65
subcategory_homologation.grow-single_1406,CCN(CCN(C)CC1CCCO1)C1=Nc2ccccc2Sc2ccccc21,1,homologation,grow-single,c1ccc2c(c1)N=C(N1CCN(CC3CCCO3)CC1)c1ccccc1S2,0 1 2 4 7 11 17 18 22 24 25 26 27,c1ccc2c(c1)N=C(N1CCN(CC3CCCO3)CC1)c1ccccc1S2,train,395.57200000000006,4.662200000000004,0.7109451711381555,28,41
subcategory_homologation.grow-single_829,CC(=O)Nc1ccc(Cc2cn(C3CC3)c3c(F)c(-c4cc(C)nc(C)c4)c(F)cc3c2=O)cc1,0,authentic,authentic,,,O=c1c(Cc2ccccc2)cn(C2CC2)c2cc(-c3ccncc3)ccc12,train,473.5230000000002,5.842640000000005,0.39594916993539536,35,64
subcategory_homologation.grow-single_1787,CCC/C=C(\NC(=O)C1CC1(C)C)C(=O)O,1,homologation,grow-single,CCOC(=S)SCCCCC/C=C(\NC(=O)C1CC1(C)C)C(=O)O,,C1CC1,train,225.28799999999995,1.9173,0.7023338489196644,16,31
subcategory_homologation.grow-single_545,CN(C)CCCC1(c2ccc(F)cc2)OCc2c(I)cccc21,0,authentic,authentic,,,c1ccc(C2OCc3ccccc32)cc1,train,425.285,4.545900000000004,0.6525036809103518,23,37
subcategory_homologation.grow-single_1227,COC(=O)CC1(CCCCC(N)C(=O)O)CCCCC1,1,homologation,grow-single,NC(CCCCC1(CC(=O)O)CCCCC1)C(=O)O,4,C1CCCCC1,train,285.38400000000007,2.4722999999999997,0.5279554397210852,20,32
subcategory_homologation.grow-single_961,CCCC(CCNCCC1CCc2cc(OCc3ccccc3)ccc2C1O)c1ccccc1,1,homologation,grow-single,OC1c2ccc(OCc3ccccc3)cc2CCC1CCN1CCC(c2ccccc2)CC1,0 1 2 3 4 5 6 7 8 9 10 11 12,c1ccc(COc2ccc3c(c2)CCC(CCN2CCC(c4ccccc4)CC2)C3)cc1,train,457.6580000000001,6.815100000000008,0.2934099237856217,34,46
subcategory_homologation.grow-single_420,NC1=NC(C#Cc2ccccc2)Cc2ccsc21,0,authentic,authentic,,,C(#CC1Cc2ccsc2C=N1)c1ccccc1,train,252.34199999999998,2.429800000000001,0.7185037684806796,18,28
subcategory_homologation.grow-single_1096,CCN(C)c1cccc2c(S(=O)(=O)Nc3ncc(Br)cn3)cccc12,1,homologation,grow-single,CN(C)c1cccc2c(S(=O)(=O)Nc3ncc(Br)cn3)cccc12,2,O=S(=O)(Nc1ncccn1)c1cccc2ccccc12,train,421.32000000000005,3.649200000000002,0.6809281886673261,25,44
subcategory_homologation.grow-single_278,C=CCSCC1Nc2cc(Cl)c(S(N)(=O)=O)cc2S(=O)(=O)N1C,0,authentic,authentic,,,O=S1(=O)NCNc2ccccc21,train,397.93100000000015,1.2787000000000002,0.5716971151844614,23,45
subcategory_homologation.grow-single_214,O=C(NO)c1ccc2c(c1)Nc1ccccc1O2,0,authentic,authentic,,,c1ccc2c(c1)Nc1ccccc1O2,train,242.234,2.6549000000000005,0.452914549758205,18,29
subcategory_homologation.grow-single_1139,CCC(COP(O)OP(=O)(O)O)OCn1cnc2c(=O)[nH]c(N)nc21,1,homologation,grow-single,Nc1nc2c(ncn2COC2COP(OP(=O)(O)O)OC2)c(=O)[nH]1.[O-2],0 1 2 4 6 8 11 12 16 19 20 21,O=c1[nH]cnc2c1ncn2COC1COPOC1,train,397.2210000000001,-0.20040000000000024,0.3514800429283492,25,46
subcategory_homologation.grow-single_259,CC1(C)O[C@@H]2C[C@H]3[C@@H]4C[C@H](F)C5=CC(=O)C=C[C@]5(C)[C@@]4(F)[C@@H](O)C[C@]3(C)[C@@]2(C(=O)CO)O1,0,authentic,authentic,,,O=C1C=CC2C(=C1)CC[C@@H]1C2CCC2C3OCO[C@@H]3C[C@H]21,train,452.49400000000026,2.366800000000001,0.6684104451867194,32,101
subcategory_homologation.grow-single_650,CCOC(=O)c1cc2ccccn2/c(=N/c2ccc(Cl)cc2)n1,0,authentic,authentic,,,c1ccc(/N=c2\nccc3ccccn23)cc1,test,327.771,3.3968000000000025,0.69274770202701,23,40
subcategory_homologation.grow-single_1121,CCOc1ccccc1CC,1,homologation,grow-single,CCOc1ccccc1CNC(CC)CO.Cl,2,c1ccccc1,train,150.22099999999995,2.6477000000000013,0.6432681116372203,11,13
subcategory_homologation.grow-single_1749,CCOc1cc2nc(N3CCN(C(=O)/C=C/c4ccc(F)cc4)CC3)nc(N)c2cc1OC,1,homologation,grow-single,COc1cc2nc(N3CCN(C(=O)/C=C/c4ccc(F)cc4)CC3)nc(N)c2cc1OC,3,O=C(/C=C/c1ccccc1)N1CCN(c2ncc3ccccc3n2)CC1,test,451.50200000000024,3.120400000000001,0.5756996314773761,33,55
subcategory_homologation.grow-single_1127,COC1CCC2(C)C(=CCC3C2CCC2(C)C(C(C)NC(=O)c4ccccc4)CCC32)C1,1,homologation,grow-single,CC(NC(=O)c1ccccc1)C1CCC2C3CC=C4CC(O)CCC4(C)C3CCC12C,2,O=C(NCC1CCC2C1CCC1C3CCCCC3=CCC12)c1ccccc1,val,435.6520000000002,6.398900000000007,0.5558590526712484,32,56
subcategory_homologation.grow-single_516,CC(C)CN(C[C@@H](O)[C@H](Cc1ccccc1)NC(=O)O[C@@H]1CCNC1)S(=O)(=O)c1ccc(NO)cc1,0,authentic,authentic,,,O=C(N[C@H](CCNS(=O)(=O)c1ccccc1)Cc1ccccc1)O[C@@H]1CCNC1,train,520.6520000000003,2.1947,0.268434711726875,36,75
subcategory_homologation.grow-single_229,O=c1oc2ccccc2cc1-c1ccc(O)cc1,0,authentic,authentic,,,O=c1oc2ccccc2cc1-c1ccccc1,train,238.242,3.1656000000000013,0.6623041086624184,18,28
subcategory_homologation.grow-single_37,C[C@H](Cc1ccc(OCc2cccnc2)cc1)N(C)CC(=O)O,0,authentic,authentic,,,c1ccc(OCc2cccnc2)cc1,val,314.3850000000001,2.6080000000000005,0.8112796830189076,23,40
subcategory_homologation.grow-single_1196,CCOc1c(C)cnc(C[S@](=O)c2nc3ccc(OC)cc3[nH]2)c1C,1,homologation,grow-single,COc1ccc2nc([S@@](=O)Cc3ncc(C)c(OC)c3C)[nH]c2c1,2,O=[S@@](Cc1ccccn1)c1nc2ccccc2[nH]1,val,359.45100000000014,3.2898400000000017,0.7306706487245379,25,46
subcategory_homologation.grow-single_404,CONC(=O)c1cc2c(Sc3ccc(C)cc3)cncc2s1,0,authentic,authentic,,,c1ccc(Sc2cncc3sccc23)cc1,train,330.434,4.047120000000002,0.7333985900435777,22,35
subcategory_homologation.grow-single_1511,COC(=O)Cc1ccc2c(c1)C(=O)Nc1ccccc1O2,1,homologation,grow-single,O=C(O)Cc1ccc2c(c1)C(=O)Nc1ccccc1O2,4,O=C1Nc2ccccc2Oc2ccccc21,train,283.2830000000001,2.7601000000000004,0.8606658047862771,21,35
subcategory_homologation.grow-single_366,Clc1ccc(N2CCN(Cc3cnc4ccccn34)CC2)cc1,0,authentic,authentic,,,c1ccc(N2CCN(Cc3cnc4ccccn34)CC2)cc1,train,326.8310000000001,3.3099000000000016,0.7375770724766862,23,36
subcategory_homologation.grow-single_663,CN1C(=O)NC(=O)C(C)(C2=CCCCC2)C1=O,0,authentic,authentic,,,O=C1NC(=O)C(C2=CCCCC2)C(=O)N1,val,236.27099999999993,1.2012999999999998,0.5492380246867914,17,33
subcategory_homologation.grow-single_1459,CCCCC(=O)N(CC)Cc1ccc(-c2ccccc2)c(-c2nn[nH]n2)c1,1,homologation,grow-single,CCCCC(=O)N(CCCOC)Cc1ccc(-c2ccccc2)c(-c2nn[nH]n2)c1,,c1ccc(-c2ccccc2-c2nn[nH]n2)cc1,train,363.46500000000003,4.072400000000003,0.6544391524154186,27,47
subcategory_homologation.grow-single_1611,CCCCCCC(C)NC(=O)NS(=O)(=O)c1ccc(CCNC(=O)N2CC(C)=C(CCCC)C2=O)cc1,1,homologation,grow-single,CCCCC1=C(C)CN(C(=O)NCCc2ccc(S(=O)(=O)NC(=O)NC3CCC(C)CC3)cc2)C1=O,0 1 2 3 4 5 6 8,O=C(NC1CCCCC1)NS(=O)(=O)c1ccc(CCNC(=O)N2CC=CC2=O)cc1,train,534.7230000000005,4.634400000000004,0.3001342103066413,37,63
subcategory_homologation.grow-single_123,COc1cccc2c1C[C@H]1CCN(CC3CC3)[C@H]1C2,0,authentic,authentic,,,c1ccc2c(c1)C[C@H]1CCN(CC3CC3)[C@H]1C2,test,257.37699999999995,2.894300000000001,0.8253113832258983,19,37
subcategory_homologation.grow-single_1556,CCNC(=O)c1cc(Cl)ccc1O,1,homologation,grow-single,COc1ccc(NS(=O)(=O)c2ccc(CNC(=O)c3cc(Cl)ccc3O)cc2)cc1,2,O=C(NCc1ccc(S(=O)(=O)Nc2ccccc2)cc1)c1ccccc1,train,199.63699999999997,1.7953000000000001,0.7632543792463262,13,21
subcategory_homologation.grow-single_468,CCOC(=O)c1cc(Cl)c(NC(=O)COc2ccc(Cl)cc2)cc1OC,0,authentic,authentic,,,O=C(COc1ccccc1)Nc1ccccc1,train,398.2420000000001,4.196200000000003,0.7082192904283485,26,44
subcategory_homologation.grow-single_1523,CCCCCCCC(=O)NCCCc1ccccc1,1,homologation,grow-single,O=C(NCCCc1ccccc1)C1CCCCC1,0 1 2 3 4 5 6,O=C(NCCCc1ccccc1)C1CCCCC1,train,261.409,4.095900000000003,0.6312984977388258,19,24
subcategory_homologation.grow-single_1756,CCOc1cc(CCc2ccc(OC)cc2)c(OCC)cc1O,1,homologation,grow-single,CCOc1cc2c(cc1CCc1ccc(OC)cc1)OCO2,0 1 2 7,c1ccc(CCc2ccc3c(c2)OCO3)cc1,val,316.3970000000001,3.9834000000000045,0.7999340319726245,23,33
subcategory_homologation.grow-single_344,CCC(CC)Nc1cccnc1N1CCN(C(=O)c2cc3ccccc3[nH]2)CC1,0,authentic,authentic,,,O=C(c1cc2ccccc2[nH]1)N1CCN(c2ccccn2)CC1,train,391.5190000000001,4.125800000000003,0.6632567874585474,29,47
subcategory_homologation.grow-single_762,CCc1ccccc1OC[C@@H](O)CN[C@H]1CCc2ccccc2C1,0,authentic,authentic,,,c1ccc(OCCCN[C@H]2CCc3ccccc3C2)cc1,test,325.452,3.1358000000000015,0.8216367683161951,24,41
subcategory_homologation.grow-single_435,c1cc(C2=NCCN2)ccc1CC1CCCN(c2ccc(C3=NCCN3)cc2)C1,0,authentic,authentic,,,c1cc(C2=NCCN2)ccc1CC1CCCN(c2ccc(C3=NCCN3)cc2)C1,test,387.5310000000001,2.845300000000001,0.829539661993707,29,47
subcategory_homologation.grow-single_1652,COC(CC(=O)O)CC(O)/C=C/c1c(-c2ccc(F)cc2)nc(N(C)S(C)(=O)=O)nc1C(C)C,1,homologation,grow-single,CC(C)c1nc(N(C)S(C)(=O)=O)nc(-c2ccc(F)cc2)c1/C=C/C(O)CC(O)CC(=O)O,2,c1ccc(-c2ccncn2)cc1,train,495.57300000000026,3.0558000000000014,0.4865159056617142,34,65
subcategory_homologation.grow-single_1485,Cc1ccccc1C(C(=O)O)C1CCCCN1,1,homologation,grow-single,Cl.O=C(O)C(c1ccccc1)C1CCCCN1,7,c1ccc(CC2CCCCN2)cc1,train,233.31099999999995,2.30532,0.8419018828012228,17,26
subcategory_homologation.grow-single_419,Nc1ncnc2ccc([S+]([O-])c3ccc4ccccc4c3)cc12,0,authentic,authentic,,,c1ccc2cc([SH+]c3ccc4ncncc4c3)ccc2c1,test,319.389,3.531900000000002,0.5735061310344375,23,41
subcategory_homologation.grow-single_35,CC1=C(C(=O)O)C(c2cccc(Cl)c2)C(C(=O)OC/C=C/c2ccccc2)=C(C#N)N1,0,authentic,authentic,,,O=C(OC/C=C/c1ccccc1)C1=CNC=CC1c1ccccc1,train,434.87900000000013,4.419680000000003,0.6526868597724652,31,60
subcategory_homologation.grow-single_1694,C=C1CC[C@H]2[C@@H]3CC[C@](O)(C(=O)CO)[C@@]3(C)C[C@H](O)[C@]2(F)[C@@]1(C)C=CCC,1,homologation,grow-single,C[C@]12C=CC(=O)C=C1CC[C@H]1[C@@H]3CC[C@](O)(C(=O)CO)[C@@]3(C)C[C@H](O)[C@@]12F,0 1 2 5 8,O=C1C=CC2C(=C1)CC[C@@H]1C2CCC2CCC[C@H]21,train,380.5000000000001,3.1068000000000016,0.6551185648299136,27,77
subcategory_homologation.grow-single_990,CCN1c2ccccc2C=Cc2ccccc21,1,homologation,grow-single,NC(=O)N1c2ccccc2C=Cc2ccccc21,2,C1=Cc2ccccc2Nc2ccccc21,val,221.303,4.328400000000003,0.6924917168226215,17,24
subcategory_homologation.grow-single_710,Nc1ncnc2c1ncn2C1CCC(CO)O1,0,authentic,authentic,,,c1ncc2ncn(C3CCCO3)c2n1,train,235.24699999999996,0.07839999999999986,0.7642641295225606,17,25
subcategory_homologation.grow-single_1655,COC1(C(C)(C)C)CCN2CC3c4ccccc4CCc4cccc(c43)C2C1,1,homologation,grow-single,CC(C)(C)C1(O)CCN2CC3c4ccccc4CCc4cccc(c43)C2C1,2,c1ccc2c(c1)CCc1cccc3c1C2CN1CCCCC31,train,375.5560000000002,5.498900000000006,0.6525304776891135,28,46
subcategory_homologation.grow-single_1219,CCC(=O)N(Cc1ccc(-c2ccccc2-c2nn[nH]n2)cc1)C(C(=O)N1CCc2ccccc2C1)C(C)C,1,homologation,grow-single,CCCCC(=O)N(Cc1ccc(-c2ccccc2-c2nn[nH]n2)cc1)C(C(=O)N1CCc2ccccc2C1)C(C)C,,O=C(CNCc1ccc(-c2ccccc2-c2nn[nH]n2)cc1)N1CCc2ccccc2C1,val,522.6530000000002,4.881800000000005,0.35585731541447735,39,68
subcategory_homologation.grow-single_1264,CCn1c(C(=O)c2cccc(C(F)(F)F)c2)ccc1C(C)C(=O)O,1,homologation,grow-single,O=C(c1cccc(C(F)(F)F)c1)c1ccc2n1CCC2C(=O)O,1 2 6 9 10 13 14,O=C(c1ccccc1)c1ccc2n1CCC2,train,339.31300000000005,3.9459000000000026,0.8394047942925955,24,44
subcategory_homologation.grow-single_623,CCCCCC(O)c1cccc(/C=C\c2ccccc2)c1,0,authentic,authentic,,,C(=C/c1ccccc1)/c1ccccc1,val,280.411,5.470700000000006,0.5263705496147159,21,32
subcategory_homologation.grow-single_1180,CCC(=O)Oc1ccc2c(ccc3oc([N+](=O)[O-])cc32)c1,1,homologation,grow-single,CC(=O)Oc1ccc2c(ccc3oc([N+](=O)[O-])cc32)c1,2,c1ccc2c(c1)ccc1occc12,train,285.255,3.8096000000000023,0.3160615427292468,21,43
subcategory_homologation.grow-single_1414,CO[C@@H](CC(=O)NC(C)C(=O)O)C[C@@H](O)/C=C/c1c(-c2ccc(F)cc2)nc(N(C)S(C)(=O)=O)nc1C(C)C,1,homologation,grow-single,CC(NC(=O)C[C@H](O)C[C@@H](O)/C=C/c1c(-c2ccc(F)cc2)nc(N(C)S(C)(=O)=O)nc1C(C)C)C(=O)O,2,c1ccc(-c2ccncn2)cc1,train,566.6520000000002,2.5605,0.33115729735471705,39,85
subcategory_homologation.grow-single_1492,CCCCC(=O)NCCc1ccccc1,1,homologation,grow-single,CCCCC/C=C\C/C=C\CCCCCCCC(=O)NCCc1ccccc1,,c1ccccc1,train,205.30100000000002,2.5355000000000008,0.7593759145399079,15,20
subcategory_homologation.grow-single_667,COc1ccc2c(c1)-c1nc(-c3ccccn3)[nH]c1CCC2,0,authentic,authentic,,,c1ccc(-c2nc3c([nH]2)CCCc2ccccc2-3)nc1,val,291.3540000000001,3.636000000000002,0.7839960242219014,22,39
subcategory_homologation.grow-single_1156,CCOc1ccc2c(c1)cc1c(S)nncn12,1,homologation,grow-single,COc1ccc2c(c1)cc1c(S)nncn12,2,c1ccc2c(c1)cc1cnncn12,test,245.30700000000002,2.5699000000000005,0.7052558338212438,17,27
subcategory_homologation.grow-single_1206,CC[C@@H](C)N(C)C(CCSC)C(=O)Oc1c(OC)cc(C)cc1OC,1,homologation,grow-single,COc1cc(C)cc(OC)c1OC(=O)C(CCSC)N1CCCC1,0 1 2 3 4 6,O=C(CN1CCCC1)Oc1ccccc1,train,369.52700000000016,3.7696200000000024,0.46213067052756357,25,45
subcategory_homologation.grow-single_1717,CCN(CCNC)C1=Nc2cc(Cl)ccc2N=C(c2ccccc2)C1,1,homologation,grow-single,CN1CCN(C2=Nc3cc(Cl)ccc3N=C(c3ccccc3)C2)CC1,0 1 2 3 4 6 9,c1ccc(C2=Nc3ccccc3N=C(N3CCNCC3)C2)cc1,val,354.8850000000001,4.435800000000003,0.8620013447405575,25,40
subcategory_homologation.grow-single_730,CCC1(c2ccccc2)NC(=O)NC1=O,0,authentic,authentic,,,O=C1NC(=O)C(c2ccccc2)N1,train,204.22899999999996,1.1313,0.7093635245274694,15,25
subcategory_homologation.grow-single_303,COc1cc(CC(=O)O)ccc1-c1ccc(Cl)cc1,0,authentic,authentic,,,c1ccc(-c2ccccc2)cc1,train,276.719,3.6427000000000023,0.9272103405801038,19,32
subcategory_homologation.grow-single_1343,CONC1=Nc2ccc([N+](=O)[O-])cc2C(c2ccccc2Cl)=NC1,1,homologation,grow-single,O=C(Nc1ccccc1)ONC1=Nc2ccc([N+](=O)[O-])cc2C(c2ccccc2Cl)=NC1,,O=C(Nc1ccccc1)ONC1=Nc2ccccc2C(c2ccccc2)=NC1,train,344.7580000000001,3.2802000000000016,0.6831178926175622,24,46
subcategory_homologation.grow-single_1322,CCCCCCC(CCCC)c1cc(OC)cc(=O)o1,1,homologation,grow-single,CCCCCCC(CCCC)c1cc(O)cc(=O)o1,2,O=c1cccco1,train,280.408,4.892600000000005,0.5725852005707711,20,29
subcategory_homologation.grow-single_1373,CCCN(CC[C@](C(N)=O)(c1ccccc1)c1ccccn1)C(C)C,1,homologation,grow-single,CC(C)N(CC[C@](C(N)=O)(c1ccccc1)c1ccccn1)C(C)C,3,c1ccc(Cc2ccccn2)cc1,train,339.48300000000006,3.363500000000002,0.7618869050608496,25,43
subcategory_homologation.grow-single_186,Nc1ncc2ncn(CC3(OCP(=O)(O)O)CC3)c2n1,0,authentic,authentic,,,c1ncc2ncn(CC3CC3)c2n1,train,299.2270000000001,0.09289999999999987,0.6607224923488081,20,35
subcategory_homologation.grow-single_201,N=C(Cc1ccccc1)Nc1nnc(Cc2ccccc2)s1,0,authentic,authentic,,,N=C(Cc1ccccc1)Nc1nnc(Cc2ccccc2)s1,test,308.40999999999997,3.7607700000000026,0.5570518920086287,22,33
subcategory_homologation.grow-single_927,CCC1Nc2cc(Cl)c(SOON)cc2S(=O)(=O)N1,1,homologation,grow-single,NOOSc1cc2c(cc1Cl)NC(C(Cl)Cl)NS2(=O)=O,2,O=S1(=O)NCNc2ccccc21,train,325.799,1.6088999999999996,0.43875756834411755,19,34
subcategory_homologation.grow-single_1207,C=Cc1cccc(-c2ccc(CC)cc2)c1,1,homologation,grow-single,C=Cc1cccc(-c2ccc(C(C)C(=O)O)cc2)c1,,c1ccc(-c2ccccc2)cc1,train,208.30399999999997,4.559000000000004,0.6933275750596375,16,26
subcategory_homologation.grow-single_729,Br.NCC[C@H]1CN=C(Nc2c(Cl)cccc2Cl)N1,0,authentic,authentic,,,c1ccc(NC2=NCCN2)cc1,train,354.07900000000006,2.6598000000000006,0.78231956731268,18,35
subcategory_homologation.grow-single_893,Cc1ccc2c(c1)OC1(C)CC(=O)C(N)=CC1=N2,0,authentic,authentic,,,O=C1C=CC2=Nc3ccccc3OC2C1,val,242.27799999999996,2.0340199999999995,0.7566834764136944,18,35
subcategory_homologation.grow-single_606,C[C@@H](O)[C@H]1C(=O)N2C(C(=O)O)=C(SC(=O)N3CCCC3)[C@H](C)[C@H]12,0,authentic,authentic,,,O=C(SC1=CN2C(=O)C[C@H]2C1)N1CCCC1,test,340.4010000000002,1.0891,0.7464428448776202,23,64
subcategory_homologation.grow-single_124,CCCN1CC[C@@H]2Cc3c(cccc3OC)C[C@H]21,0,authentic,authentic,,,c1ccc2c(c1)C[C@H]1CCN[C@@H]1C2,val,245.36599999999999,2.894300000000001,0.8116292261736288,18,35
subcategory_homologation.grow-single_400,O=C(OCc1ccccc1)c1ccccc1O,0,authentic,authentic,,,O=C(OCc1ccccc1)c1ccccc1,train,228.24699999999999,2.7492000000000014,0.8214760330937975,17,24
subcategory_homologation.grow-single_1339,CCCCC(CC)NCc1c[nH]c2ccccc12,1,homologation,grow-single,c1ccc2c(CNC3CCCCC3)c[nH]c2c1,0 1 2 4 6 8 11,c1ccc2c(CNC3CCCCC3)c[nH]c2c1,train,244.382,4.226300000000003,0.7493121073388058,18,27
subcategory_homologation.grow-single_975,C=CCN(CCC)C1Cc2cccc3nc(O)n(c23)C1,1,homologation,grow-single,C=CCN(CC=C)C1Cc2cccc3nc(O)n(c23)C1,2,c1cc2c3c(c1)ncn3CCC2,train,271.3640000000001,2.5646000000000004,0.8497715647068924,20,33
subcategory_homologation.grow-single_1017,CCOCn1cnc2c(=O)[nH]c(N)nc21,1,homologation,grow-single,Nc1nc2c(ncn2COCCCP(=O)(O)O)c(=O)[nH]1,,O=c1[nH]cnc2[nH]cnc12,train,209.209,-0.3042000000000002,0.7223340101238546,15,27
subcategory_homologation.grow-single_478,CCCCC(=O)N(Cc1ccc(-c2ccccc2-c2nn[nH]n2)cc1)[C@H](CO)C(C)C,0,authentic,authentic,,,c1ccc(-c2ccccc2-c2nn[nH]n2)cc1,train,421.54500000000013,4.069400000000003,0.5145008198158119,31,57
subcategory_homologation.grow-single_376,O=C(C1CCN(c2ccccc2)CC1)N1N=CC[C@H]1c1ccccc1,0,authentic,authentic,,,O=C(C1CCN(c2ccccc2)CC1)N1N=CC[C@H]1c1ccccc1,val,333.43500000000006,3.8624000000000036,0.8548685859453253,25,43
subcategory_homologation.grow-single_997,CCCCNC(=O)C(c1ccc(F)cc1)N1CCn2c(CC)nnc2C1,1,homologation,grow-single,CCc1nnc2n1CCN(C(C(=O)NC1CC1)c1ccc(F)cc1)C2,1 2 3 4,O=C(NC1CC1)C(c1ccccc1)N1CCn2cnnc2C1,train,359.4490000000001,2.4528000000000008,0.7715899930736002,26,41
subcategory_homologation.grow-single_1558,CCc1ccc(-c2cnc3c(NCC(C)C)cccn23)cc1,1,homologation,grow-single,CC(C)CNc1cccn2c(-c3ccc(C(=O)NC4CC4)cc3)cnc12,2,O=C(NC1CC1)c1ccc(-c2cnc3ccccn23)cc1,train,293.414,4.631600000000002,0.7427604942943422,22,35
subcategory_homologation.grow-single_203,CCC(=O)NCCc1c2n(c3ccc(OC)cc13)Cc1ccccc1-2,0,authentic,authentic,,,c1ccc2c(c1)Cn1c-2cc2ccccc21,train,334.4190000000001,3.7473000000000027,0.6039645887377059,25,41
subcategory_homologation.grow-single_1686,CNCCOc1ccc2[nH]c(C(=O)c3cc4ccccc4[nH]3)cc2c1,1,homologation,grow-single,O=C(c1cc2ccccc2[nH]1)c1cc2cc(OCCN3CCCCC3)ccc2[nH]1,1 2,O=C(c1cc2ccccc2[nH]1)c1cc2cc(OCCN3CCCCC3)ccc2[nH]1,train,333.391,3.4784000000000015,0.3736499117567707,25,44
subcategory_homologation.grow-single_160,CN1CCN(C2=Nc3cc(F)ccc3Nc3ccc(F)cc32)CC1,0,authentic,authentic,,,c1ccc2c(c1)N=C(N1CCNCC1)c1ccccc1N2,train,328.3660000000001,3.347500000000001,0.8045293894146712,24,39
subcategory_homologation.grow-single_1763,CCCCN1CCCC(c2cccc(OC)c2)C1,1,homologation,grow-single,CCCCN1CCCC(c2cccc(O)c2)C1,2,c1ccc(C2CCCNC2)cc1,train,247.38199999999998,3.6747000000000023,0.7867985463186575,18,26
subcategory_homologation.grow-single_102,Cc1cc(OCCCC(C)(C)C(=O)O)c(C)c(C)c1OCCCC(C)(C)C(=O)O,0,authentic,authentic,,,c1ccccc1,train,408.53500000000025,5.151460000000005,0.4645781217422797,29,51
subcategory_homologation.grow-single_355,CCCCc1nc(CCC)n(Cc2ccc(-c3ccccc3-c3nn[nH]n3)cc2)c1C=O,0,authentic,authentic,,,c1ccc(-c2nn[nH]n2)c(-c2ccc(Cn3ccnc3)cc2)c1,train,428.54000000000013,4.886100000000003,0.36345708157351136,32,52
subcategory_homologation.grow-single_1254,CCCCNC(=O)c1ccc(Cl)nc1,1,homologation,grow-single,Cc1cn(CCCNC(=O)c2ccc(Cl)nc2)cn1,2,O=C(NCCCn1ccnc1)c1cccnc1,train,212.67999999999998,2.2649,0.6146740613023642,14,22
subcategory_homologation.grow-single_164,CCOC(=O)C1=CC(OC(CC)CC)C(NC(=O)C(F)F)C(N)C1,0,authentic,authentic,,,C1=CCCCC1,train,348.39,1.5306,0.6493640030665455,24,43
subcategory_homologation.grow-single_1089,CCC(c1ccc(OC)cc1)C(CC)c1ccc(O)c(F)c1,1,homologation,grow-single,CCC(c1ccc(O)c(F)c1)C(CC)c1ccc(O)c(F)c1,6,c1ccc(CCc2ccccc2)cc1,train,302.389,5.227300000000005,0.7916483211579337,22,36
subcategory_homologation.grow-single_644,O=[S@@](Cc1cc(OCC2CC2)ccn1)c1nc2ccc(F)cc2[nH]1,0,authentic,authentic,,,O=[S@@](Cc1cc(OCC2CC2)ccn1)c1nc2ccccc2[nH]1,test,345.399,3.193600000000001,0.7448907915821968,24,46
subcategory_homologation.grow-single_837,O=C(NCCc1c2n(c3ccccc13)Cc1ccccc1-2)C1CC1,0,authentic,authentic,,,O=C(NCCc1c2n(c3ccccc13)Cc1ccccc1-2)C1CC1,val,316.4040000000001,3.7387000000000032,0.6112907884212898,24,40
subcategory_homologation.grow-single_333,CCCCCc1ccc(-c2ccc(OCC)cc2)nc1,0,authentic,authentic,,,c1ccc(-c2ccccn2)cc1,test,269.388,4.880000000000005,0.6682439603102328,20,29
subcategory_homologation.grow-single_800,CCCCNC(=O)N/N=C/c1ccc([N+](=O)[O-])o1,0,authentic,authentic,,,c1ccoc1,train,254.24599999999998,1.6209999999999998,0.34755509300221743,18,37
subcategory_homologation.grow-single_1069,CCc1cc(-c2ccc(OC(=O)Nc3ccc(-c4cccnc4)cc3)cc2)ccn1,1,homologation,grow-single,Cc1cc(-c2ccc(OC(=O)Nc3ccc(-c4cccnc4)cc3)cc2)ccn1,2,O=C(Nc1ccc(-c2cccnc2)cc1)Oc1ccc(-c2ccncc2)cc1,test,395.46200000000005,5.9839000000000055,0.45113329234609345,30,49
subcategory_homologation.grow-single_673,CCOC(=O)C1=C(O)C(=O)N(c2ccccc2)C1,0,authentic,authentic,,,O=C1C=CCN1c1ccccc1,val,247.25,1.4084,0.8199180245635658,18,33
subcategory_homologation.grow-single_1359,CCC(C)N(CCC(CCN(C)C)(C(N)=O)c1ccccc1)C(C)C,1,homologation,grow-single,CC(C)N(CCC(CCN(C)C)(C(N)=O)c1ccccc1)C(C)C,2,c1ccccc1,train,347.547,3.2604000000000015,0.6682969575543651,25,42
subcategory_homologation.grow-single_520,CNC(C)c1ccccc1Oc1ccc(C)cc1,0,authentic,authentic,,,c1ccc(Oc2ccccc2)cc1,train,241.33399999999997,4.067720000000003,0.8709138649530624,18,26
subcategory_homologation.grow-single_1199,CCC[CH]N(C(=O)[C@H](C)N[C@@H](CCc1ccccc1)C(=O)OCC)[C@H](CCC)C(=O)O,1,homologation,grow-single,CCOC(=O)[C@H](CCc1ccccc1)N[C@@H](C)C(=O)N1[C@@H](C(=O)O)C[C@H]2CCC[C@@H]21,0 1 2 3 4 5 7 8 9 12 15 17,O=C(CNCCCc1ccccc1)N1CC[C@H]2CCC[C@@H]21,test,433.5690000000003,3.572790000000002,0.41063644839980457,31,66
subcategory_homologation.grow-single_1010,CCC1(C(C)C)CC(CN)(CC(=O)O)C1,1,homologation,grow-single,CC(C)C1(C(C)C)CC(CN)(CC(=O)O)C1,,C1CCC1,train,213.32099999999994,2.2523999999999997,0.7359174468385111,15,28
subcategory_homologation.grow-single_1325,CCNC(=O)C(S)Cc1ccc(OCCN(C)CC2c3c(C)c(O)c(C)c(C)c3OC2(C)C)cc1,1,homologation,grow-single,Cc1c(C)c2c(c(C)c1O)C(CN(C)CCOc1ccc(CC3SC(=O)NC3=O)cc1)C(C)(C)O2,0 1 2 3 4 5 7,O=C1NC(=O)C(Cc2ccc(OCCNCC3COc4ccccc43)cc2)S1,train,500.7050000000003,4.559860000000004,0.4174024110922937,35,60
subcategory_homologation.grow-single_877,CN1c2cc(Cl)c(S(N)(=O)=O)cc2S(=O)(=O)NC1CCCCO[N+](=O)[O-],0,authentic,authentic,,,O=S1(=O)NCNc2ccccc21,train,428.87600000000026,0.4201999999999999,0.35824160100234165,26,56
subcategory_homologation.grow-single_1179,CCCc1nc2ccnc(O)c2n1Cc1ccc(-c2ccccc2-c2nn[nH]n2)cc1,1,homologation,grow-single,CCCCc1nc2ccnc(O)c2n1Cc1ccc(-c2ccccc2-c2nn[nH]n2)cc1,,c1ccc(-c2nn[nH]n2)c(-c2ccc(Cn3cnc4ccncc43)cc2)c1,val,411.46900000000005,3.9848000000000026,0.4377281995738788,31,50
subcategory_homologation.grow-single_1840,CCCOC(=O)c1cc2ccccn2c(=O)n1,1,homologation,grow-single,CCOC(=O)c1cc2ccccn2c(=O)n1,3,O=c1nccc2ccccn12,test,232.239,1.2612999999999999,0.7473495009386163,17,27
subcategory_homologation.grow-single_949,CCCCNS(=O)(=O)c1ccc2c(c1)CC(NC(=O)c1cc(Cl)ccc1OCCC)C2,1,homologation,grow-single,CCCNS(=O)(=O)c1ccc2c(c1)CC(NC(=O)c1cc(Cl)ccc1OCCC)C2,5,O=C(NC1Cc2ccccc2C1)c1ccccc1,train,465.0150000000003,4.104400000000004,0.5181530266788097,31,53
subcategory_homologation.grow-single_170,CCO[C@H]1O[C@@H]([C@@H](O)C(C)(C)O)C[C@H]1[C@@H]1CC=C2[C@]3(C)[C@H](O)C[C@H]4C(C)(C)C(=O)C=C[C@]4(C)[C@H]3CC[C@]21C,0,authentic,authentic,,,O=C1C=CC2[C@@H](CCC3C4=CC[C@@H]([C@@H]5CCOC5)C4CC[C@@H]32)C1,train,530.7460000000003,4.807000000000005,0.4418137524233033,38,115
subcategory_homologation.grow-single_1727,CCCc1cc(CCN(C)C[C@@H]2CCCc3c(OC)cccc32)ccc1C,1,homologation,grow-single,COc1cccc2c1CCC[C@H]2CN(C)CCc1ccc2c(c1)CCC2,0 1 2 7,c1ccc2c(c1)CCC[C@H]2CNCCc1ccc2c(c1)CCC2,val,365.56100000000004,5.550520000000006,0.607899938688398,27,44
subcategory_homologation.grow-single_485,[2H]C([2H])([2H])[C@@H]1CC[C@@H](NC(=O)NS(=O)(=O)c2ccc(C(C)CNC(=O)N3CC(C(C)C)=C(CC(C)C)C3=O)c(C)c2)C(C)(C)C1C,0,authentic,authentic,,,O=C(NC1CCCCC1)NS(=O)(=O)c1ccc(CCNC(=O)N2CC=CC2=O)cc1,train,619.8873053340002,6.097720000000007,0.30824872944615217,43,109
subcategory_homologation.grow-single_1423,CCCCCCCCCC(=O)NN1c2ccc(Cl)cc2N=C(N(C)CCN(C)CC)c2ccccc21,1,homologation,grow-single,CCCCCCCCCC(=O)NN1c2ccc(Cl)cc2N=C(N2CCN(C)CC2)c2ccccc21,0 1 2 3 4 5 6 8,c1ccc2c(c1)N=C(N1CCNCC1)c1ccccc1N2,train,512.1420000000004,6.925200000000008,0.2962376774223996,36,55
subcategory_homologation.grow-single_155,O=C1NC(=O)C2(N1)c1ccccc1-c1ccc(F)cc12,0,authentic,authentic,,,O=C1NC(=O)C2(N1)c1ccccc1-c1ccccc12,val,268.247,1.8890999999999998,0.7167598990345008,20,37
subcategory_homologation.grow-single_789,CCNCC1CCN(c2c(F)cc3c(=O)c(C(=O)O)cn(C(C)C)c3c2F)C1,0,authentic,authentic,,,O=c1cc[nH]c2cc(N3CCCC3)ccc12,train,393.4340000000001,2.994600000000002,0.7893186037654989,28,50
subcategory_homologation.grow-single_863,COP(=O)(COCCOn1cnc2c(N)ncnc21)OC,0,authentic,authentic,,,c1ncc2nc[nH]c2n1,train,317.2420000000001,0.2970999999999996,0.5402085045962692,21,32
subcategory_homologation.grow-single_234,CNc1cccc(S(=O)(=O)N(C[C@@H](O)[C@H](Cc2ccccc2)NC(=O)O[C@H]2CO[C@H]3OCC[C@H]32)CC(C)(C)CCCC#N)c1,0,authentic,authentic,,,O=C(N[C@H](CCNS(=O)(=O)c1ccccc1)Cc1ccccc1)O[C@H]1CO[C@H]2OCC[C@H]21,train,628.7919999999999,3.898880000000001,0.2496607987559206,44,95
subcategory_homologation.grow-single_1113,CCCCC=C/C(C)=C/c1ccc(-c2ccccc2)cc1,1,homologation,grow-single,CC(/C=C/C(=O)C1=C(O)CN(C)C1=O)=C\c1ccc(-c2ccccc2)cc1,2 3 4,O=C(/C=C/C=C/c1ccc(-c2ccccc2)cc1)C1=CCNC1=O,train,276.423,6.503300000000006,0.41685188236376286,21,34
subcategory_homologation.grow-single_702,CCn1c(=O)nc(NC2CCC(Oc3ccnc(C(=O)NC)c3)CC2)n(Cc2ccc(Cl)cc2)c1=O,0,authentic,authentic,,,O=c1nc(NC2CCC(Oc3ccncc3)CC2)n(Cc2ccccc2)c(=O)[nH]1,train,512.9980000000003,2.6833,0.475760088700875,36,62
subcategory_homologation.grow-single_304,Cn1cc(C(=O)Cc2ccccc2)cc1CC(=O)NO,0,authentic,authentic,,,O=C(Cc1ccccc1)c1cc[nH]c1,train,272.304,1.4984,0.4920166151008248,20,32
subcategory_homologation.grow-single_908,CC.CN1CCN(C2=Nc3ccccc3Sc3ccccc32)CC1,0,authentic,authentic,,,c1ccc2c(c1)N=C(N1CCNCC1)c1ccccc1S2,train,339.50800000000015,4.503100000000004,0.7039466182305029,24,36
subcategory_homologation.grow-single_1532,CCOc1c(C(=O)OC)oc2c1sc1ccccc12,1,homologation,grow-single,COC(=O)c1oc2c(sc3ccccc32)c1OC,2,c1ccc2c(c1)sc1ccoc12,train,276.313,3.8328000000000024,0.6820027271506245,19,30
subcategory_homologation.grow-single_1397,COc1ccc(COCCOC(C)C)cc1,1,homologation,grow-single,CC(C)NCC(O)COc1ccc(COCCOC(C)C)cc1,,c1ccccc1,train,224.29999999999998,2.636800000000001,0.6663049434375308,16,22
subcategory_homologation.grow-single_568,COc1ccc2c(c1)Nc1ncnc(O)c1C2,0,authentic,authentic,,,c1ccc2c(c1)Cc1cncnc1N2,val,229.23899999999998,1.8385999999999998,0.6660531099268807,17,27
subcategory_homologation.grow-single_257,C[C@@H]1C[C@H]2[C@@H]3CCC4=CC(=O)C=C[C@]4(C)[C@@]3(F)[C@@H](O)C[C@]2(C)[C@@]1(O)C(=O)CO.Cl,0,authentic,authentic,,,O=C1C=CC2C(=C1)CC[C@@H]1C2CCC2CCC[C@H]21,train,428.92800000000017,2.3175000000000017,0.6270438779057772,29,90
subcategory_homologation.grow-single_1419,CCN1CCN(c2ncccc2[N+](=O)[O-])CC1,1,homologation,grow-single,O=C(c1cc2ccccc2[nH]1)N1CCN(c2ncccc2[N+](=O)[O-])CC1,2,O=C(c1cc2ccccc2[nH]1)N1CCN(c2ccccn2)CC1,train,236.27499999999998,1.1316999999999997,0.5812575195915676,17,32
subcategory_homologation.grow-single_603,c1ccc(Cc2ccc(OCC3CCCCN3)cc2)cc1,0,authentic,authentic,,,c1ccc(Cc2ccc(OCC3CCCCN3)cc2)cc1,val,281.39899999999994,3.798300000000002,0.8998296366520675,21,31
subcategory_homologation.grow-single_1328,CCCn1c(CNC(=O)C[C@H](N)Cc2ccccc2C(F)(F)F)nnc1C(F)(F)F,1,homologation,grow-single,N[C@@H](CC(=O)N1CCn2c(nnc2C(F)(F)F)C1)Cc1ccccc1C(F)(F)F,0 1 2 3 4 5 6 7 8 9 10 11 12 13,O=C(CCCc1ccccc1)N1CCn2cnnc2C1,train,437.38800000000003,3.3020000000000014,0.6209393766509551,30,53
subcategory_homologation.grow-single_602,O=NN(CCF)C(=O)NC1CCSCC1,0,authentic,authentic,,,C1CCSCC1,val,235.28399999999996,1.5445,0.5936481302366703,15,23
subcategory_homologation.grow-single_1366,CCCC/C(=C\Cn1oc(=O)[nH]c1=O)c1cccc(OC)c1,1,homologation,grow-single,CCCC/C(=C\Cn1oc(=O)[nH]c1=O)c1cccc(OCc2cc(Cl)cc(Cl)c2)c1,,O=c1[nH]c(=O)n(CC=Cc2cccc(OCc3ccccc3)c2)o1,train,304.34600000000006,2.412000000000001,0.8518401934210087,22,40
subcategory_homologation.grow-single_904,Cc1cccc(C#Cc2cccc(OC(=O)CCCc3ccccc3)c2)n1,0,authentic,authentic,,,O=C(CCCc1ccccc1)Oc1cccc(C#Cc2ccccn2)c1,test,355.437,4.718120000000003,0.3776560878645625,27,41
subcategory_homologation.grow-single_445,CN(C(=O)[C@H](Cc1ccc(C(=N)N)cc1)NS(=O)(=O)c1ccc2ccccc2c1)C1CCCC1,0,authentic,authentic,,,O=C(NC1CCCC1)[C@H](Cc1ccccc1)NS(=O)(=O)c1ccc2ccccc2c1,train,478.61800000000034,3.4144700000000014,0.3397254783614907,34,64
subcategory_homologation.grow-single_1754,CCC1=C([S@](=O)CCNC(C)=O)C[C@@H]2[C@H](C(C)(C)O)C(=O)N12,1,homologation,grow-single,CC(=O)NCC[S@@](=O)C1=C(C(=O)O)N2C(=O)[C@@H](C(C)(C)O)[C@H]2C1,2,O=C1C[C@H]2CC=CN12,train,328.434,0.4944,0.6950608124879099,22,56
subcategory_homologation.grow-single_1201,CCCCc1nc(CCC)n(Cc2ccc(-c3ccccc3-c3nn[nH]n3)cc2)c1C(=O)OCC(=O)C(C)O,1,homologation,grow-single,CCCc1nc(C(C)(C)O)c(C(=O)OCC(=O)C(C)O)n1Cc1ccc(-c2ccccc2-c2nn[nH]n2)cc1,3 4,c1ccc(-c2nn[nH]n2)c(-c2ccc(Cn3ccnc3)cc2)c1,train,530.6290000000004,4.1803000000000035,0.2457894817153394,39,66
subcategory_homologation.grow-single_1002,CCCCC(=O)N(Cc1ccc(-c2ccccc2-c2nn[nH]n2)cc1)[C@@](O)(C(=O)OC)C(C)C,1,homologation,grow-single,CCCCC(=O)N(Cc1ccc(-c2ccccc2-c2nn[nH]n2)cc1)[C@@](O)(C(=O)O)C(C)C,2,c1ccc(-c2ccccc2-c2nn[nH]n2)cc1,train,465.5540000000002,3.570100000000002,0.34669681824738735,34,65
subcategory_homologation.grow-single_1665,CCN[C@@H](C)C(=O)N1CCC[C@H]1C(=O)O,1,homologation,grow-single,CCOC(=O)[C@H](CCc1ccccc1)N[C@@H](C)C(=O)N1CCC[C@H]1C(=O)O.O=C(O)/C=C/C(=O)O,,O=C(CNCCCc1ccccc1)N1CCCC1,train,214.26499999999996,0.06000000000000022,0.6940075090160381,15,34
subcategory_homologation.grow-single_1551,CCc1c(C(=O)c2ccc(OC)cc2)c2ccccc2n1CCN(C)C,1,homologation,grow-single,COc1ccc(C(=O)c2c(C)n(CCN(C)C)c3ccccc23)cc1,2,O=C(c1ccccc1)c1c[nH]c2ccccc12,train,350.46200000000016,4.004900000000003,0.6040722153503838,26,41
subcategory_homologation.grow-single_308,CC(C)OC(=O)OCOP(=S)(CO[C@H](C)Cn1cnc2c(N)ncnc21)OCOC(=O)OC(C)C,0,authentic,authentic,,,c1ncc2nc[nH]c2n1,train,535.5160000000003,3.152000000000002,0.22536753738616772,35,62
subcategory_homologation.grow-single_275,CCCCCCCCOC(=O)[C@]12CCC(C)(C)CC1C1C(=O)C=C3[C@@]4(C)C=C(C#N)C(=O)C(C)(C)[C@@H]4CC[C@@]3(C)[C@]1(C)CC2,0,authentic,authentic,,,O=C1C=CC2C3=CC(=O)C4C5CCCCC5CCC4C3CC[C@H]2C1,train,603.888,9.109680000000003,0.20403026734511592,44,101
subcategory_homologation.grow-single_142,C=CC(n1cncn1)C(O)(c1ccccc1)c1ccccc1,0,authentic,authentic,,,c1ccc(C(Cn2cncn2)c2ccccc2)cc1,train,291.35400000000004,2.941300000000001,0.7353097385415427,22,35
subcategory_homologation.grow-single_530,CC(C)(C)OC(=O)NC(CC(=O)N1CCn2c(nnc2C(F)(F)F)C1)Cc1cc(F)c(F)cc1F,0,authentic,authentic,,,O=C(CCCc1ccccc1)N1CCn2cnnc2C1,train,507.4350000000001,3.5825000000000022,0.4938768484803197,35,63
subcategory_homologation.grow-single_718,CCCCC(=O)Oc1ccccc1C(=O)O,0,authentic,authentic,,,c1ccccc1,train,222.23999999999998,2.4804000000000004,0.6136617816223012,16,24
subcategory_homologation.grow-single_1336,CCC1OC(n2cnc3ncnc(N)c32)CC(O)C1O,1,homologation,grow-single,Nc1ncnc2ncn(C3CC(O)C(O)C(CO)O3)c12,2,c1ncc2c(n1)ncn2C1CCCCO1,train,279.29999999999995,-0.17220000000000013,0.6976126330572961,20,32
subcategory_homologation.grow-single_766,CCOc1ccc(Cc2cc([C@]34OC[C@](OC(C)C)(O3)[C@@H](O)[C@H](O)[C@H]4O)ccc2Cl)cc1F,0,authentic,authentic,,,c1ccc(Cc2cccc([C@]34CCCC(CO3)O4)c2)cc1,train,482.93200000000013,2.8858000000000015,0.5579387854668797,33,75
subcategory_homologation.grow-single_1146,CCOC(=O)c1cc(NC(=O)c2cccs2)ccc1OCC(O)CNC(C)CC,1,homologation,grow-single,CCOC(=O)c1cc(NC(=O)c2cccs2)ccc1OCC(O)CNC(C)C,2,O=C(Nc1ccccc1)c1cccs1,train,420.53100000000023,3.304900000000001,0.4827895203247556,29,45
subcategory_homologation.grow-single_1395,COC(=O)Nc1ccc(Nc2cccc(OC)c2)cc1,1,homologation,grow-single,CCOC(=O)Nc1ccc(Nc2cccc(OC)c2)cc1,,c1ccc(Nc2ccccc2)cc1,train,272.304,3.6171000000000015,0.8921043762592127,20,31
subcategory_homologation.grow-single_1658,C/C=C(\NC(=O)C12CC3CC(CC(C3)C1)C2)C(=O)OC,1,homologation,grow-single,C/C=C(\NC(=O)C12CC3CC(CC(C3)C1)C2)C(=O)O,2,C1C2CC3CC1CC(C2)C3,train,277.364,2.3958000000000004,0.6363539123210298,20,41
subcategory_homologation.grow-single_298,O=C1C[C@H](Cc2cc(F)c(F)cc2F)NC2Cn3c(nnc3C(F)(F)F)CN12,0,authentic,authentic,,,O=C1C[C@H](Cc2ccccc2)NC2Cn3cnnc3CN12,val,405.3020000000001,1.9871000000000003,0.6134092805810764,28,53
subcategory_homologation.grow-single_968,Cc1ccccc1C[C@H](NC(=O)O[C@H]1CO[C@H]2OCC[C@H]21)[C@H](O)CN(CC(C)C)S(=O)(=O)c1ccc(CN)cc1,1,homologation,grow-single,CC(C)CN(C[C@@H](O)[C@H](Cc1ccccc1)NC(=O)O[C@H]1CO[C@H]2OCC[C@H]21)S(=O)(=O)c1ccc(CN)cc1,8,O=C(N[C@H](CCNS(=O)(=O)c1ccccc1)Cc1ccccc1)O[C@H]1CO[C@H]2OCC[C@H]21,train,575.7280000000002,2.56022,0.35086835304656566,40,87
subcategory_homologation.grow-single_1503,CCOc1cc(C(C#N)(CCCN(C)CCCc2ccc(O)c(I)c2)C(C)C)ccc1OC,1,homologation,grow-single,COc1ccc(C(C#N)(CCCN(C)CCCc2ccc(O)c(I)c2)C(C)C)cc1OC,3,c1ccc(CCCCNCCCc2ccccc2)cc1,train,564.508,6.1662800000000075,0.2952109581697301,33,52
subcategory_homologation.grow-single_1081,CCCCN1C(=O)CN=C(c2ccccc2)c2cc([N+](=O)[O-])ccc21,1,homologation,grow-single,C[NH+](C)CCCN1C(=O)CN=C(c2ccccc2)c2cc([N+](=O)[O-])ccc21.[Cl-],3,O=C1CN=C(c2ccccc2)c2ccccc2N1,train,337.3790000000001,3.5789000000000026,0.6179553409085251,25,48
subcategory_homologation.grow-single_638,C/C=C(\NC(=O)C1C(C=C(C)C)C1(C)C)C(=O)O,0,authentic,authentic,,,C1CC1,train,251.32599999999994,2.3294,0.5949991738906913,18,38
subcategory_homologation.grow-single_651,CC1(C)Oc2ccc(C#N)cc2[C@H](N(Cc2ncc[nH]2)c2ccccc2)[C@H]1O,0,authentic,authentic,,,c1ccc(N(Cc2ncc[nH]2)[C@@H]2CCOc3ccccc32)cc1,train,374.444,3.5611800000000025,0.7292852314309791,28,56
subcategory_homologation.grow-single_91,CC(C)C(C)(O)C(O)(Cn1cncn1)c1ccccc1,0,authentic,authentic,,,c1ccc(CCn2cncn2)cc1,train,275.352,1.5729,0.8686776789498546,20,34
subcategory_homologation.grow-single_26,CNn1cc(C(=O)O)c(=O)c2cc(F)c(N3CCN(C)CC3)cc21,0,authentic,authentic,,,O=c1cc[nH]c2cc(N3CCNCC3)ccc12,train,334.35100000000006,0.7639000000000002,0.8630949703831076,24,44
subcategory_homologation.grow-single_1209,CCc1nn(C(C)(C)C)c(=O)n1Cc1ccc(-c2ccccc2-c2nn[nH]n2)cc1,1,homologation,grow-single,CCCc1nn(C(C)(C)C)c(=O)n1Cc1ccc(-c2ccccc2-c2nn[nH]n2)cc1,,O=c1[nH]ncn1Cc1ccc(-c2ccccc2-c2nn[nH]n2)cc1,train,403.49,3.257600000000001,0.5519190462840853,30,54
subcategory_homologation.grow-single_1630,CCC(Cc1ccc(-c2ccccc2)cc1)c1nnn[nH]1,1,homologation,grow-single,SCC(Cc1ccc(-c2ccccc2)cc1)c1nnn[nH]1,2,c1ccc(-c2ccc(CCc3nnn[nH]3)cc2)cc1,train,278.359,3.6030000000000024,0.7754258577659086,21,35
subcategory_homologation.grow-single_1704,CCOc1cccc(C#CC(C)n2oc(=O)[nH]c2=O)c1,1,homologation,grow-single,Cc1oc(-c2ccccc2)nc1COc1cccc(C#CC(C)n2oc(=O)[nH]c2=O)c1,3,O=c1[nH]c(=O)n(CC#Cc2cccc(OCc3coc(-c4ccccc4)n3)c2)o1,train,274.276,1.1409999999999998,0.85139665403011,20,36
subcategory_homologation.grow-single_1781,CCCCCCNC(=O)NCCc1ccc(S(=O)(=O)NC(=O)NC2CCCC2)cc1,1,homologation,grow-single,CC1CCN(C(=O)NCCc2ccc(S(=O)(=O)NC(=O)NC3CCCC3)cc2)C(=O)C1,0 1 2 3 4 5 6,O=C(NC1CCCC1)NS(=O)(=O)c1ccc(CCNC(=O)N2CCCCC2=O)cc1,train,438.5940000000002,3.0391000000000012,0.3973663225289192,30,48
subcategory_homologation.grow-single_1703,CCN=C(C[N+](=O)[O-])NS(=O)(=O)c1ccc(CCNC(=O)c2cc(Cl)ccc2OC)cc1,1,homologation,grow-single,COc1ccc(Cl)cc1C(=O)NCCc1ccc(S(=O)(=O)NC(C[N+](=O)[O-])=NC2CCCCC2)cc1,1 2,O=C(NCCc1ccc(S(=O)(=O)NC=NC2CCCCC2)cc1)c1ccccc1,train,482.94600000000025,2.2945,0.23026040393961228,32,62
subcategory_homologation.grow-single_1387,CCCCNC(=O)C(c1ccccc1)N1CCn2c(C)nnc2C1,1,homologation,grow-single,Cc1nnc2n1CCN(C(C(=O)NC1CC1)c1ccccc1)C2,0 1 2 3,O=C(NC1CC1)C(c1ccccc1)N1CCn2cnnc2C1,train,327.4320000000001,2.05972,0.8250735759402942,24,37
subcategory_homologation.grow-single_1604,COc1ccc(CC(C)N[C@@H](C)Cc2ccccc2C)cc1OC,1,homologation,grow-single,COc1ccc(CC(C)N[C@H]2CC2c2ccccc2)cc1OC,0 1 2 3 4 5 6 7 8 10,c1ccc(CCN[C@H]2CC2c2ccccc2)cc1,val,327.46800000000013,4.164020000000003,0.7893916604490024,24,39
subcategory_homologation.grow-single_992,CCC(O)(Cn1cncn1)c1ccc(Cl)cc1Cl,1,homologation,grow-single,CCCCC(=O)C(O)(Cn1cncn1)c1ccc(Cl)cc1Cl,,c1ccc(CCn2cncn2)cc1,train,286.16200000000003,2.8827000000000016,0.9398270553944184,18,30
subcategory_homologation.grow-single_1685,CC[C@@H]1CCC2=CC(=O)C=C[C@]2(C)[C@@]1(F)[C@@H](O)C[C](C)[C@@](O)(C(=O)COC1O[C@H](CO)[C@@H](O)[C@H](O)[C@H]1O)C(C)C,1,homologation,grow-single,C[C@@H]1C[C@H]2[C@@H]3CCC4=CC(=O)C=C[C@]4(C)[C@@]3(F)[C@@H](O)C[C@]2(C)[C@@]1(O)C(=O)COC1O[C@H](CO)[C@@H](O)[C@H](O)[C@H]1O,0 1 2 3 4 5 6 7 8 9 10 11 12 13 14 15 16 17 18 19 20 21 23 26 27,O=C1C=CC2C(=C1)CC[C@@H]1C2CCC2C(C(=O)COC3CCCCO3)CC[C@H]21,test,571.6590000000002,0.7043900000000003,0.2072247921476732,40,114
subcategory_homologation.grow-single_1612,COCC[C@H]1CN(C2=Nc3ccc(F)cc3Nc3sc(C)cc32)CCN1,1,homologation,grow-single,Cc1cc2c(s1)Nc1cc(F)ccc1N=C2N1CCN[C@@H](CCO)C1,4,c1ccc2c(c1)N=C(N1CCNCC1)c1ccsc1N2,train,374.4850000000002,3.6412200000000015,0.861201945997223,26,45
subcategory_homologation.grow-single_864,CCCCNCC1(CC(=O)O)CCCCC1.Cl,0,authentic,authentic,,,C1CCCCC1,train,263.8089999999999,3.223100000000002,0.6936585137151536,17,26
subcategory_homologation.grow-single_455,CC(CCC1CCCCC1)CC(CN)CC(=O)O,0,authentic,authentic,,,C1CCCCC1,train,255.40199999999996,3.4227000000000007,0.6982069014352736,18,27
subcategory_homologation.grow-single_1502,COC(=O)C(C)N(C(C)=O)c1ccc(OC)cc1,1,homologation,grow-single,COc1ccc(N(C(C)=O)C(C)C(=O)O)cc1,2,c1ccccc1,train,251.28199999999998,1.6096,0.7627898213122183,18,32
subcategory_homologation.grow-single_5,Ic1ccc(/C=N/Nc2nncc3ccccc23)cc1,0,authentic,authentic,,,C(=N\Nc1nncc2ccccc12)/c1ccccc1,train,374.1850000000001,3.6804000000000014,0.4324000555688326,20,31
subcategory_homologation.grow-single_999,CCCCCC/C=C(\c1ccc(O)cc1)c1ccc(OCCN2CCCC2)cc1,1,homologation,grow-single,CCCCC/C=C(\c1ccc(O)cc1)c1ccc(OCCN2CCCC2)cc1,3,C=C(c1ccccc1)c1ccc(OCCN2CCCC2)cc1,train,393.5710000000003,6.268900000000008,0.45677767395533675,29,44
subcategory_homologation.grow-single_1403,CCC(CC)O[C@H]([CH]O)c1cc(Cc2ccc(OC)cc2)c(Cl)c2c1OCC2C,1,homologation,grow-single,COc1ccc(Cc2cc([C@@H]3O[C@H](CO)[C@@H](O)[C@H](O)[C@H]3O)c3c(c2Cl)C(C)CO3)cc1,0 1 2 3 4 5 6 8 11,c1ccc(Cc2cc3c(c([C@H]4CCCCO4)c2)OCC3)cc1,train,417.95300000000015,6.215890000000006,0.5259964982407906,29,53
subcategory_homologation.grow-single_1563,CCC(C)(C)CCCOc1ccc(OCCCC(C)(C)C(=O)OC)cc1,1,homologation,grow-single,COC(=O)C(C)(C)CCCOc1ccc(OCCCC(C)(C)C(=O)OC)cc1,2,c1ccccc1,train,364.52600000000007,5.640000000000006,0.3555140947063115,26,41
subcategory_homologation.grow-single_324,CC(=O)OCC(=O)[C@@]1(O)[C@H](OC(C)=O)CC2C3CCC4=CC(=O)C=C[C@]4(C)[C@@]3(F)[C@@H](O)C[C@@]21C,0,authentic,authentic,,,O=C1C=CC2C(=C1)CCC1C3CCCC3CCC21,train,478.5130000000003,1.7620999999999991,0.5855060519155003,34,90
subcategory_homologation.grow-single_1160,CCCN(CCNCC)C1=Nc2ccc(Cl)cc2CC=C1c1ccccc1,1,homologation,grow-single,CCN1CCN(C2=Nc3ccc(Cl)cc3CC=C2c2ccccc2)CC1,0 1 2 3 5 8 12 18 23,C1=C(c2ccccc2)C(N2CCNCC2)=Nc2ccccc2C1,train,381.95100000000014,5.331200000000005,0.6560351066621738,27,40
subcategory_homologation.grow-single_672,C[N+]1([O-])CCN(C2=Nc3cc(Cl)ccc3Nc3ccccc32)CC1.Cl.Cl,0,authentic,authentic,,,c1ccc2c(c1)N=C(N1CC[NH2+]CC1)c1ccccc1N2,train,415.7520000000001,4.578900000000004,0.5059938552164677,26,52
subcategory_homologation.grow-single_1274,CCCN[C@@H]1[C@@H](N)CC(C(=O)O)=C[C@H]1OC(CC)CC,1,homologation,grow-single,CCC(CC)O[C@@H]1C=C(C(=O)O)C[C@H](N)[C@H]1NC(=O)CC(F)(F)F,,C1=CCCCC1,train,284.40000000000003,1.6704,0.6311675820701,20,46
subcategory_homologation.grow-single_1506,CCCNC/C=C/C=C/CNCCc1ccc(OC)c(OC)c1CC,1,homologation,grow-single,CCc1c(CCNC/C=C/C=C/CNCCc2ccc(OC)c(OC)c2CC)ccc(OC)c1OC.Cl,3,C(/C=C/CNCCc1ccccc1)=C\CNCCc1ccccc1,test,346.5150000000001,3.5103000000000026,0.4236367350165944,25,36
subcategory_homologation.grow-single_1688,CCCCCCCCCCn1ccnc1,1,homologation,grow-single,CCCCCCCC/C=C\CCCCCCCCn1ccnc1,6,c1c[nH]cn1,train,208.34900000000002,4.023800000000003,0.5603069059099485,15,17
subcategory_homologation.grow-single_1582,Cc1ccccc1CCN1CCC(N(C(=O)C(C)C)c2ccccc2F)CC1,1,homologation,grow-single,CC(C)C(=O)N(c1ccccc1F)C1CCN(CCc2ccccc2)CC1,7,c1ccc(CCN2CCC(Nc3ccccc3)CC2)cc1,train,382.52300000000014,4.830220000000005,0.7143464995416312,28,43
subcategory_homologation.grow-single_1607,CCC(CC)O[C@@H]1C=C(C(=O)O)C[C@H](N)[C@H]1NC(=O)C(F)(F)CC,1,homologation,grow-single,CCC(CC)O[C@@H]1C=C(C(=O)O)C[C@H](N)[C@H]1NC(=O)C(F)(F)C(F)(F)C(F)(F)C(F)(F)F,,C1=CCCCC1,train,348.39000000000004,1.8323,0.6211020734452045,24,56
subcategory_homologation.grow-single_252,CC(C)c1nc(N(C)S(C)(=O)=O)nc(-c2ccc(F)cc2)c1/C=C/C=C/[C@@H](O)CC(=O)O,0,authentic,authentic,,,c1ccc(-c2ccncn2)cc1,train,463.5310000000002,3.206900000000001,0.5479070558749546,32,68
subcategory_homologation.grow-single_727,CCCCCCCOc1ccc(CC[C@](N)(CO)CCC)cc1,0,authentic,authentic,,,c1ccccc1,train,321.50500000000005,4.458300000000003,0.5274364091463895,23,34
subcategory_homologation.grow-single_87,CC(=O)N(CC(=O)O)c1cccc2ccccc12,0,authentic,authentic,,,c1ccc2ccccc2c1,train,243.26200000000003,2.2773000000000003,0.8992417419681613,18,30
subcategory_homologation.grow-single_756,COc1cc2ncnc(Nc3cccc(C)c3)c2cc1OC,0,authentic,authentic,,,c1ccc(Nc2ncnc3ccccc23)cc1,train,295.3420000000001,3.6990200000000026,0.7950475618939019,22,32
subcategory_homologation.grow-single_190,CN(C)CCCC1(c2ccc(F)cc2)OCc2cc(CCc3ccccc3)ccc21,0,authentic,authentic,,,c1ccc(CCc2ccc3c(c2)COC3c2ccccc2)cc1,train,403.54100000000017,5.726500000000006,0.47644061147929484,30,46
subcategory_homologation.grow-single_442,O=C1[C@@H](NS(=O)(=O)c2ccc(-c3ccncc3)s2)CCN1Cc1cc2cc[nH]cc-2n1,0,authentic,authentic,,,O=C1[C@@H](NS(=O)(=O)c2ccc(-c3ccncc3)s2)CCN1Cc1cc2cc[nH]cc-2n1,val,453.54900000000026,2.7174000000000005,0.46671207241567175,31,62
subcategory_homologation.grow-single_940,CCCCCC(O)/C=C/CCCc1cccc(OC)c1,1,homologation,grow-single,CCCCCC(O)/C=C/CCCc1cccc(OCC(=O)O)c1,,c1ccccc1,train,276.41999999999996,4.515300000000004,0.5028602781761126,20,29
subcategory_homologation.grow-single_1609,CCCn1cnc2c(N)ncnc21,1,homologation,grow-single,CCOP(=O)(COCCn1cnc2c(N)ncnc21)OCC,3,c1ncc2nc[nH]c2n1,train,177.21099999999998,0.8185,0.7367960951536758,13,19
subcategory_homologation.grow-single_364,OCc1cn(C(CO)c2ccccc2)cn1,0,authentic,authentic,,,c1ccc(Cn2ccnc2)cc1,train,218.25600000000003,0.9571000000000001,0.8031473495127159,16,24
subcategory_homologation.grow-single_233,Fc1ccc(N2CCN=C2Nc2c(Cl)cccc2Cl)cc1,0,authentic,authentic,,,c1ccc(NC2=NCCN2c2ccccc2)cc1,val,324.18600000000004,4.420600000000002,0.8853816792601107,21,34
subcategory_homologation.grow-single_1467,CCCCCCCCOC(=O)[C@@H]1C[C@@H]2CCC[C@@H]2N1C(=O)[C@H](C)NCCOC,1,homologation,grow-single,CCCCCCCCOC(=O)[C@@H]1C[C@@H]2CCC[C@@H]2N1C(=O)[C@H](C)N[C@@H](CCc1ccccc1)C(=O)OCC,,O=C(CNCCCc1ccccc1)N1CC[C@@H]2CCC[C@@H]21,train,396.5720000000002,3.284200000000002,0.3821717950777239,28,59
subcategory_homologation.grow-single_1618,CCc1c[nH]c(CCC(c2ccccc2)c2ccccc2)n1,1,homologation,grow-single,CNCCc1c[nH]c(CCC(c2ccccc2)c2ccccc2)n1,,c1ccc(C(CCc2ncc[nH]2)c2ccccc2)cc1,train,290.41,4.736800000000004,0.6978163562098256,22,35
subcategory_homologation.grow-single_279,CCOC(=O)C1(CCCc2cc(Cl)ccc2OC)CO1,0,authentic,authentic,,,c1ccc(CCCC2CO2)cc1,train,298.7660000000001,3.003400000000002,0.5733667818634507,20,32
subcategory_homologation.grow-single_30,COc1ccc2nc(SCC(=O)Nc3ccc(S(=O)(=O)Nc4nccc(C)n4)cc3)[nH]c2c1,0,authentic,authentic,,,O=C(CSc1nc2ccccc2[nH]1)Nc1ccc(S(=O)(=O)Nc2ncccn2)cc1,test,484.56300000000016,3.2015200000000013,0.3241147874237208,33,59
subcategory_homologation.grow-single_334,COc1cc2nc(N3CCN(C(=O)Nc4ccccc4)CC3)cc(N)c2cc1OC,0,authentic,authentic,,,O=C(Nc1ccccc1)N1CCN(c2ccc3ccccc3n2)CC1,test,407.4740000000003,3.188300000000001,0.6900302279347846,30,47
subcategory_homologation.grow-single_1159,CCCCCc1nc(N(C)C)c(C(=O)O)n1Cc1ccc(-c2ccccc2-c2nn[nH]n2)cc1,1,homologation,grow-single,CCCCc1nc(N(C)C)c(C(=O)O)n1Cc1ccc(-c2ccccc2-c2nn[nH]n2)cc1,2,c1ccc(-c2nn[nH]n2)c(-c2ccc(Cn3ccnc3)cc2)c1,train,459.5540000000001,4.275400000000003,0.3404483710564696,34,58
subcategory_homologation.grow-single_348,CO[C@H]1[C@H](O[C@H]2CC[C@@]3(C)[C@H](CC[C@@H]4[C@@H]3CC[C@]3(C)C(C5=CC(=O)OC5)=CC[C@]43O)C2)O[C@H](C)[C@H](O)[C@@H]1OC,0,authentic,authentic,,,O=C1C=C(C2=CCC3C2CC[C@@H]2C4CC[C@H](O[C@H]5CCCCO5)C[C@H]4CC[C@@H]32)CO1,train,546.7010000000004,3.684400000000003,0.3977002217038181,39,119
subcategory_homologation.grow-single_1827,[2H]C([2H])(N(C)C)C([2H])([2H])N1C(=O)[C@H](O)[C@H](c2ccc(OCC)cc2)Sc2ccccc21,1,homologation,grow-single,[2H]C([2H])(N(C)C)C([2H])([2H])N1C(=O)[C@H](O)[C@H](c2ccc(OC)cc2)Sc2ccccc21,2,O=C1C[C@H](c2ccccc2)Sc2ccccc2N1,train,390.54140711200006,3.187800000000001,0.8209804210647051,27,76
subcategory_homologation.grow-single_237,C[C@@H](O)[C@H]1C(=O)N2C(C(=O)O)=C(CN3CCC[C@H]3C(N)=O)S[C@H]12,0,authentic,authentic,,,O=C1C[C@H]2SC(CN3CCCC3)=CN12,test,341.389,-0.8555999999999986,0.5560749115906051,23,62
subcategory_homologation.grow-single_1736,COCCOC(=O)N[C@@H](Cc1ccccc1)[C@H](O)CN(CC(C)C)S(=O)(=O)c1ccc(NC(=O)CN(C)C)cc1,1,homologation,grow-single,CC(C)CN(C[C@@H](O)[C@H](Cc1ccccc1)NC(=O)O[C@@]1(C)CO[C@@]2(C)OCC[C@]21C)S(=O)(=O)c1ccc(NC(=O)CN(C)C)cc1,1 2 3 4,O=C(N[C@H](CCNS(=O)(=O)c1ccccc1)Cc1ccccc1)OC1COC2OCCC12,train,578.7320000000003,2.1782000000000012,0.2579226845225268,40,77
subcategory_homologation.grow-single_1780,CCCCCNc1cc(OC)c(Oc2ccccc2)c2c(C)ccnc12,1,homologation,grow-single,COc1cc(NC(C)CCCN)c2nccc(C)c2c1Oc1ccccc1,5,c1ccc(Oc2cccc3ncccc23)cc1,train,350.4620000000001,5.946220000000005,0.510099638288071,26,38
subcategory_homologation.grow-single_1231,COC(=O)[C@H](CCc1ccccc1)N[C@@H](C)C(=O)N1CCC[C@H]1C(=O)ON,1,homologation,grow-single,CCOC(=O)[C@H](CCc1ccccc1)N[C@@H](C)C(=O)N1CCC[C@H]1C(=O)ON,,O=C(CNCCCc1ccccc1)N1CCCC1,train,377.44100000000026,0.5468000000000012,0.5025329183472435,27,57
subcategory_homologation.grow-single_906,NC(=O)C1CCCN(C(=O)CN2C(=O)NC(c3ccccc3)(c3ccccc3)C2=O)C1,0,authentic,authentic,,,O=C(CN1C(=O)NC(c2ccccc2)(c2ccccc2)C1=O)N1CCCCC1,train,420.46900000000016,1.2059000000000004,0.7080015810201737,31,55
subcategory_homologation.grow-single_1767,CC(C)CSc1cncc2sc(C(N)=O)cc12,1,homologation,grow-single,NC(=O)c1cc2c(SC3CCCCC3)cncc2s1,1 2 3 4,c1cc2c(SC3CCCCC3)cncc2s1,train,266.39099999999996,3.143300000000001,0.8648795983755948,17,28
subcategory_homologation.grow-single_648,C[C@@H](SCCCCCCCC#N)[C@](O)(Cn1cncn1)c1ccc(F)cc1F,0,authentic,authentic,,,c1ccc(CCn2cncn2)cc1,train,408.51800000000003,4.429980000000004,0.5260058731996401,28,49
subcategory_homologation.grow-single_1149,CCCCCC(C)(C)c1ccc2oc(-c3ccc(C(=O)O)cc3)cc(=O)c2c1,1,homologation,grow-single,CC1(C)CCC(C)(C)c2cc3c(=O)cc(-c4ccc(C(=O)O)cc4)oc3cc21,0 1 2 3 4 6 7,O=c1cc(-c2ccccc2)oc2cc3c(cc12)CCCC3,train,378.4680000000001,6.016100000000006,0.5107873513102663,28,49
subcategory_homologation.grow-single_1169,CCc1ccc(OC)c(S(=O)(=O)N(C)C(=S)NC)c1,1,homologation,grow-single,CNC(=S)N(C)S(=O)(=O)c1cc(CCNC(=O)c2cc(Cl)ccc2OC)ccc1OC,,O=C(NCCc1ccccc1)c1ccccc1,train,302.421,1.3824000000000003,0.8516851672106603,19,36
subcategory_homologation.grow-single_626,Oc1nc(S)nc2ccc(Sc3ccc4ccccc4c3)cc12,0,authentic,authentic,,,c1ccc2cc(Sc3ccc4ncncc4c3)ccc2c1,test,336.4410000000001,4.928500000000003,0.4024173134326496,23,35
subcategory_homologation.grow-single_553,CCCN(CCC)C(CC)Cc1ccc(OC)c(OCCc2ccccc2)c1,0,authentic,authentic,,,c1ccc(CCOc2ccccc2)cc1,train,383.57600000000014,5.7598000000000065,0.4388260830557421,28,40
subcategory_homologation.grow-single_1272,CCCCCC1CC(=O)N(OCCN2CCN(c3ncccn3)CC2)C(=O)C1,1,homologation,grow-single,O=C1CC2(CCCC2)CC(=O)N1OCCN1CCN(c2ncccn2)CC1,0 1 2 3 4,O=C1CC2(CCCC2)CC(=O)N1OCCN1CCN(c2ncccn2)CC1,train,389.5000000000001,1.8757,0.4711822387358953,28,44
subcategory_homologation.grow-single_788,O=C(C1CCCCN1)N1CCN(Cc2cccnc2)CC1,0,authentic,authentic,,,O=C(C1CCCCN1)N1CCN(Cc2cccnc2)CC1,train,288.3950000000001,0.8678999999999992,0.8963886042762849,21,32
subcategory_homologation.grow-single_952,CCCCN[C@@H](C)C(=O)N1CCC[C@H]1C(=O)OCC,1,homologation,grow-single,CCOC(=O)[C@H](CCc1ccccc1)N[C@@H](C)C(=O)N1CCC[C@H]1C(=O)OCC,4,O=C(CNCCCc1ccccc1)N1CCCC1,train,270.37299999999993,1.3186999999999995,0.559724718517066,19,38
subcategory_homologation.grow-single_860,C=C1C(=O)c2ccccc2OC1c1cccc2ccccc12,0,authentic,authentic,,,C=C1C(=O)c2ccccc2OC1c1cccc2ccccc12,test,286.33,4.712400000000003,0.6053704385766376,22,34
subcategory_homologation.grow-single_1372,COCC[C@H]1CC(S[C@@H]2CCN(C(C)=N)C2)=C(C(=O)O)N1C=O,1,homologation,grow-single,CC(=N)N1CC[C@@H](SC2=C(C(=O)O)N3C(=O)[C@H]([C@@H](C)O)[C@H]3C2)C1,1 2 3 4 9 12,O=C1C[C@H]2CC(S[C@@H]3CCNC3)=CN12,val,341.43300000000005,1.35447,0.4124083706049256,23,50
subcategory_homologation.grow-single_1714,COC(=O)CC[C@@H]1C[C@H](COC(=O)CCCCc2ccccc2)[CH]O1,1,homologation,grow-single,O=C(CCCCc1ccccc1)OC[C@H]1C[C@@H]2O[C@H]1[C@H]1C(=O)OC(=O)[C@H]12,1 2 3 4 5 6,O=C(CCCCc1ccccc1)OC[C@H]1C[C@@H]2O[C@H]1[C@H]1C(=O)OC(=O)[C@H]12,train,347.431,3.462690000000002,0.47901816647186596,25,49
subcategory_homologation.grow-single_1719,COC(=O)C(CCc1ccccc1)N[C@@H](CCCCN)C(=O)N1CCC[C@H]1C(=O)O,1,homologation,grow-single,NCCCC[C@H](NC(CCc1ccccc1)C(=O)O)C(=O)N1CCC[C@H]1C(=O)O,2,O=C(CNCCCc1ccccc1)N1CCCC1,train,419.5220000000003,1.3236000000000017,0.3449662178631356,30,56
subcategory_homologation.grow-single_1252,CCOc1ccc(Cc2ccc(OC(=O)C(C)(C)C)cc2)cc1,1,homologation,grow-single,CC(C)(C)C(=O)Oc1ccc(Cc2ccc(OC(=O)C(C)(C)C)cc2)cc1,,c1ccc(Cc2ccccc2)cc1,train,312.409,4.627600000000005,0.596368533254741,23,38
subcategory_homologation.grow-single_814,CC1=C(C(=O)O)C(c2cccc(Cl)c2)C(C(=O)OC/C=C/c2ccc(C)cc2)=C(C)N1,0,authentic,authentic,,,O=C(OC/C=C/c1ccccc1)C1=CNC=CC1c1ccccc1,train,437.9230000000002,5.224420000000005,0.6053999103466997,31,61
subcategory_homologation.grow-single_1777,CCN(C)CCN(C)C1=Cc2ccccc2Cc2ccc(Cl)cc21,1,homologation,grow-single,CN1CCN(C2=Cc3ccccc3Cc3ccc(Cl)cc32)CC1,0 1 2 3 4 5 6 8,C1=C(N2CCNCC2)c2ccccc2Cc2ccccc21,train,340.8980000000001,4.625800000000004,0.7828529280162797,24,38
subcategory_homologation.grow-single_1632,CNC(=O)c1cc(Oc2ccc(NC(=O)Nc3ccc(CC(=O)OC)cc3)c(F)c2)ccn1,1,homologation,grow-single,CNC(=O)c1cc(Oc2ccc(NC(=O)Nc3ccc(CC(=O)O)cc3)c(F)c2)ccn1,4,O=C(Nc1ccccc1)Nc1ccc(Oc2ccncc2)cc1,train,452.44200000000023,3.7321000000000017,0.47025348262383726,33,56
subcategory_homologation.grow-single_1608,CC(C)Cc1cc(C(=O)c2cccs2)cc(C(C)(C)C)c1O,1,homologation,grow-single,CC(C)(C)c1cc(C(=O)c2cccs2)cc(C(C)(C)C)c1O,3 4,O=C(c1ccccc1)c1cccs1,val,316.46600000000007,5.180700000000005,0.7890270051605142,22,39
subcategory_homologation.grow-single_1803,CCn1cnc2c(NC)ncnc21,1,homologation,grow-single,CNc1ncnc2c1ncn2Cc1ccc([N+](=O)[O-])cc1,2,c1ccc(Cn2cnc3cncnc32)cc1,train,177.21099999999998,0.8878999999999999,0.7396750905579494,13,19
subcategory_homologation.grow-single_950,CCN(CCOC)CC1(C)CCc2c(C)c(O)c(C)c(C)c2O1,1,homologation,grow-single,CCN(CCOc1ccc(/C=C2\SC(=O)NC2=O)cc1)CC1(C)CCc2c(C)c(O)c(C)c(C)c2O1,2,O=C1NC(=O)/C(=C/c2ccc(OCCNCC3CCc4ccccc4O3)cc2)S1,train,321.46100000000007,3.369460000000002,0.8721123760220785,23,39
subcategory_homologation.grow-single_1641,Cc1c(CC(C)C)nc2ccc(NC(=O)c3ccc(-c4ccc(F)nc4)cc3)cn12,1,homologation,grow-single,Cc1c(C2CC2)nc2ccc(NC(=O)c3ccc(-c4ccc(F)nc4)cc3)cn12,1 2 3 4,O=C(Nc1ccc2nc(C3CC3)cn2c1)c1ccc(-c2cccnc2)cc1,train,402.47300000000007,5.2946200000000045,0.4612748460001547,30,52
subcategory_homologation.grow-single_988,CCOCC(=O)[C@@]1(OC(=O)CC)[C@H](C)C[C@@H]2[C@@H]3[C@H]([C@@H](O)C[C@@]21C)[C@]1(C)C=CC(=O)C=C1C[C@@H]3Cl,1,homologation,grow-single,CCC(=O)OCC(=O)[C@@]1(OC(=O)CC)[C@H](C)C[C@@H]2[C@@H]3[C@H]([C@@H](O)C[C@@]21C)[C@]1(C)C=CC(=O)C=C1C[C@@H]3Cl,,O=C1C=CC2C(=C1)CC[C@H]1[C@@H]2CCC2CCC[C@@H]21,train,493.0400000000003,4.026000000000003,0.44452099169629655,34,103
subcategory_homologation.grow-single_1762,CCCNCCCC1(c2ccc(F)cc2)OCc2cc(C#N)ccc21,1,homologation,grow-single,CN(CC#Cc1ccccc1)CCCC1(c2ccc(F)cc2)OCc2cc(C#N)ccc21,4,C(#Cc1ccccc1)CNCCCC1(c2ccccc2)OCc2ccccc21,train,338.42600000000004,4.250980000000003,0.7677009739933938,25,38
subcategory_homologation.grow-single_1064,CCOC(=O)[C@@H](CCc1ccccc1)NC(C)C(=O)N(C)C(CC)CC,1,homologation,grow-single,CCOC(=O)[C@@H](CCc1ccccc1)NC(C)C(=O)N1CCC[C@@H]1C(=O)O.O=C(O)/C=C\C(=O)O,0 1 2 3 4 5 7,O=C(CNCCCc1ccccc1)N1CCCC1,train,362.51400000000024,3.176000000000001,0.6143987899562604,26,47
subcategory_homologation.grow-single_697,COc1ccc2[nH]c(-c3ccccc3)c(CCN(C)C)c2c1,0,authentic,authentic,,,c1ccc(-c2cc3ccccc3[nH]2)cc1,train,294.398,3.947600000000002,0.771550779683758,22,38
subcategory_homologation.grow-single_1302,COC(=O)C(c1ccccc1)C1CCCCN1,1,homologation,grow-single,Cl.O=C(O)C(c1ccccc1)C1CCCCN1,2,c1ccc(CC2CCCCN2)cc1,train,233.31099999999995,2.0852999999999997,0.8123400616112664,17,26
subcategory_homologation.grow-single_1477,CCC12CCC3C(CCC4CC(OC=O)CCC43C)C1(O)CC(OC(C)=O)[C@@H]2C1=CC(=O)OC1,1,homologation,grow-single,CC(=O)OC1CC2(O)C3CCC4CC(OC=O)CCC4(C)C3CCC2(C)[C@H]1C1=CC(=O)OC1,2,O=C1C=C([C@H]2CCC3C4CCC5CCCCC5C4CCC32)CO1,train,474.5940000000003,3.716700000000003,0.3682968685639886,34,65
subcategory_homologation.grow-single_1693,CCn1c(Nc2ccc(OC(C)C)c(F)c2)ncc(NC(=O)c2ccnc(OC)c2)c1=O,1,homologation,grow-single,COc1cc(C(=O)Nc2cnc(Nc3ccc(OC(C)C)c(F)c3)n(Cc3ccc(Cl)cc3)c2=O)ccn1,2,O=C(Nc1cnc(Nc2ccccc2)n(Cc2ccccc2)c1=O)c1ccncc1,train,441.4630000000002,3.5890000000000013,0.5500410271247366,32,54
subcategory_homologation.grow-single_580,CC(C)c1nc(N(C)S(C)(=O)=O)nc(-c2ccc(F)cc2)c1/C=C/[C@H](O)C[C@@H](O)CC(=O)N(C1=NC(C)C(C)C1)C(C1CC1)C1CC1,0,authentic,authentic,,,O=C(CCCC/C=C/c1cncnc1-c1ccccc1)N(C1=NCCC1)C(C1CC1)C1CC1,train,669.8639999999999,5.161100000000006,0.30076895050720537,47,102
subcategory_homologation.grow-single_821,C1CCN(CCN2CCN(CCN3CCCCC3)CC2)CC1,0,authentic,authentic,,,C1CCN(CCN2CCN(CCN3CCCCC3)CC2)CC1,val,308.51400000000007,1.5758000000000014,0.7383566420966357,22,32
subcategory_homologation.grow-single_723,CCCCc1c(C(=O)O)n(CCC)c(=O)n1Cc1ccc(-c2ccccc2)c(-c2nn[nH]n2)c1,0,authentic,authentic,,,O=c1[nH]ccn1Cc1ccc(-c2ccccc2)c(-c2nn[nH]n2)c1,val,460.53800000000007,3.996000000000003,0.36927061856695137,34,61
subcategory_homologation.grow-single_43,CCCN(CCC)C(=O)Cc1c(-c2ccccc2)nc2c(C)cc(Br)cn12,0,authentic,authentic,,,c1ccc(-c2cn3ccccc3n2)cc1,train,428.3740000000001,5.2633200000000055,0.5147421913102939,27,46
subcategory_homologation.grow-single_540,COc1ccc(CCN2CCN(CCCc3ccccc3)CC2)cc1OO,0,authentic,authentic,,,c1ccc(CCCN2CCN(CCc3ccccc3)CC2)cc1,val,370.4930000000001,3.339900000000002,0.5417890754881699,27,37
subcategory_homologation.grow-single_1588,CCc1c(O)cc(O)c2c(O)cc(-c3ccccc3)nc12,1,homologation,grow-single,CN1CC=C(c2c(O)cc(O)c3c(O)cc(-c4ccccc4)nc23)CC1,1 2,C1=C(c2cccc3ccc(-c4ccccc4)nc23)CCNC1,train,281.311,3.581000000000002,0.670924425027982,21,36
subcategory_homologation.grow-single_579,NCC(=O)Nc1ccc([N+](=O)[O-])cc1/C(=N/O)c1ccccc1F,0,authentic,authentic,,,N=C(c1ccccc1)c1ccccc1,train,332.291,1.8577,0.3327407081034035,24,47
subcategory_homologation.grow-single_1810,C=CCC1Oc2cccc(OCc3ccccc3)c2-c2ccc(NCC)c(C(=C)C)c21,1,homologation,grow-single,C=CCC1Oc2cccc(OCc3ccccc3)c2-c2ccc3c(c21)C(C)=CC(C)(C)N3,1 2 3 8 11 12,C1=Cc2c(ccc3c2COc2cccc(OCc4ccccc4)c2-3)NC1,train,411.5450000000002,7.407100000000006,0.39155858157809503,31,50
subcategory_homologation.grow-single_444,COc1ccc([C@@H]2[C@@H](C(=O)O)[C@H](c3ccc4c(c3)OCO4)CN2C(=O)c2ccco2)cc1,0,authentic,authentic,,,O=C(c1ccco1)N1C[C@@H](c2ccc3c(c2)OCO3)C[C@H]1c1ccccc1,train,435.43200000000024,3.6986000000000026,0.6524752160959368,32,70
subcategory_homologation.grow-single_1546,COc1ccc(CCN(C)CCCC2(C#N)c3ccccc3-c3ccccc32)cc1,1,homologation,grow-single,COc1ccc(CCN(C)CCCC2(C#N)c3ccccc3-c3ccccc32)cc1OC.[O-][Cl+3]([O-])([O-])O,,c1ccc(CCNCCCC2c3ccccc3-c3ccccc32)cc1,train,396.53400000000005,5.439980000000006,0.5086052513058903,30,46
subcategory_homologation.grow-single_1535,CC(=O)NCC(C)NCC(O)COCc1ccccc1C,1,homologation,grow-single,CC(=O)NCC(C)NCC(O)COC(=O)c1ccccc1F,8,c1ccccc1,train,294.39500000000004,0.9867200000000008,0.634984237101151,21,30
subcategory_homologation.grow-single_1660,CC[C@@H](O)[C@H](O)[C@@H](O)[C@@H](O)c1ccc(Cl)c(Cc2ccc(OCCCCO[N+](=O)[O-])cc2)c1,1,homologation,grow-single,O=[N+]([O-])OCCCCOc1ccc(Cc2cc([C@@H]3O[C@H](CO)[C@@H](O)[C@H](O)[C@H]3O)ccc2Cl)cc1,0 1 2 3 4 5 6 7 8 10,c1ccc(Cc2cccc([C@H]3CCCCO3)c2)cc1,train,483.9450000000004,2.824200000000001,0.18236604673024998,33,80
subcategory_homologation.grow-single_780,NC(=NC1CC1)Nc1cc(F)ccc1Cl,0,authentic,authentic,,,C(=NC1CC1)Nc1ccccc1,val,227.67,2.3681,0.6021017276935543,15,25
subcategory_homologation.grow-single_870,CC(=O)N[C@H](Cc1ccccc1)C(=O)N1CCC[C@H]1C(=O)N[C@@H](CCCCN)B(O)O,0,authentic,authentic,,,O=C(CCc1ccccc1)N1CCCC1,train,432.3300000000002,-0.6493999999999969,0.23219659217255817,31,63
subcategory_homologation.grow-single_487,CC(C)c1ccccc1Sc1c(O)cc(-c2ccc(O)cc2)oc1=O,0,authentic,authentic,,,O=c1oc(-c2ccccc2)ccc1Sc1ccccc1,train,354.4270000000001,4.992600000000005,0.6903320054652117,25,41
subcategory_homologation.grow-single_770,CC(O)(c1ccc(Cl)cc1)C(O)(Cn1cncn1)c1ccc(F)cc1,0,authentic,authentic,,,c1ccc(CC(Cn2cncn2)c2ccccc2)cc1,train,361.80400000000003,2.8661000000000003,0.7327137106986783,25,44
subcategory_homologation.grow-single_1733,CCCCC1=NC(CC)(CCC)C(=O)N1Cc1ccc(-c2ccccc2-c2nn[nH]n2)cc1,1,homologation,grow-single,C.CCCCC1=NC2(CCCC2)C(=O)N1Cc1ccc(-c2ccccc2-c2nn[nH]n2)cc1,0 1 2 6 10,O=C1N(Cc2ccc(-c3ccccc3-c3nn[nH]n3)cc2)C=NC12CCCC2,train,444.5830000000001,5.413500000000005,0.45262491105490116,33,56
subcategory_homologation.grow-single_1677,C/C=C/c1cc(OCCCC(C)(C)C(=O)OC)ccc1OCCCC(C)(C)C(=O)OCC,1,homologation,grow-single,C/C=C/c1cc(OCCCC(C)(C)C(=O)OC)ccc1OCCCC(C)(C)C(=O)OC,5,c1ccccc1,train,448.60000000000036,5.826200000000006,0.26350867667800804,32,53
subcategory_homologation.grow-single_1601,COc1ccc(C(=O)/C=C/c2cc(F)ccc2F)cc1,1,homologation,grow-single,O=C(/C=C/c1cc(F)ccc1F)c1ccc(O)cc1,2,O=C(/C=C/c1ccccc1)c1ccccc1,train,274.26599999999996,3.869500000000002,0.6246239300220255,20,34
subcategory_homologation.grow-single_95,O=C(O)c1cc2n(n1)C(C(=O)O)Nc1ccccc1-2,0,authentic,authentic,,,c1ccc2c(c1)NCn1nccc1-2,test,259.22100000000006,1.257,0.7494585519117902,19,36
subcategory_homologation.grow-single_898,CNC(=O)c1cc(Oc2ccc(C3=NNC(c4ccc(F)cc4Cl)C3)cc2)ccn1,0,authentic,authentic,,,c1ccc(C2CC(c3ccc(Oc4ccncc4)cc3)=NN2)cc1,train,424.8630000000001,4.464700000000003,0.6334849949807341,30,51
subcategory_homologation.grow-single_943,COC(=O)c1cc2c([nH]c3ccccc32)c(-c2ccccc2C)n1,1,homologation,grow-single,COC(=O)c1cc2c([nH]c3ccccc32)c(-c2ccccc2)n1,7,c1ccc(-c2nccc3c2[nH]c2ccccc23)cc1,train,316.36000000000007,4.478120000000003,0.554793299106441,24,43
subcategory_homologation.grow-single_1335,CCCOCCOc1ccc(Cc2cc([C@@H]3O[C@H](CO)[C@@H](O)[C@H](O)[C@H]3O)ccc2Cl)cc1,1,homologation,grow-single,OC[C@H]1O[C@@H](c2ccc(Cl)c(Cc3ccc(OC4CCOC4)cc3)c2)[C@H](O)[C@@H](O)[C@@H]1O,0 1 2 3 4 5,c1cc(Cc2ccc(OC3CCOC3)cc2)cc([C@H]2CCCCO2)c1,train,466.9580000000001,2.2511,0.3975456688993672,32,71
subcategory_homologation.grow-single_231,CCCCCCO[C@@H]1C=C(C(=O)O)C[C@H](N)[C@H]1NC(C)=O,0,authentic,authentic,,,C1=CCCCC1,train,298.38300000000004,1.1986,0.5843984019227034,21,47
subcategory_homologation.grow-single_1153,COc1cc2c(c(O)c1OC)C(=O)O[C@H](C)[C@@H]2OCCO,1,homologation,grow-single,CCC[C@H]1C[C@H]2OC(=O)c3c(cc(OC)c(OC)c3O)[C@H]2O1,1 2 3 4 9,O=C1O[C@@H]2CCO[C@@H]2c2ccccc21,train,298.29100000000005,1.0182999999999998,0.783539486062839,21,43
subcategory_homologation.grow-single_578,CCOC(=O)c1cc2c3ccccc3nc-2c[nH]1,0,authentic,authentic,,,c1ccc2c3cc[nH]cc-3nc2c1,train,240.26200000000003,2.844400000000001,0.7005967080456453,18,31
subcategory_homologation.grow-single_470,CNC(=O)c1cc(Oc2ccc(CNC(=O)Nc3cc(C(F)(F)F)ccc3OC3CCNCC3)cc2)ccn1,0,authentic,authentic,,,O=C(NCc1ccc(Oc2ccncc2)cc1)Nc1ccccc1OC1CCNCC1,train,543.5460000000003,4.704800000000002,0.3275681112344735,39,63
subcategory_homologation.grow-single_415,CCN(CC)CCNc1ccc2ncn3c4c(OC)cccc4c(=O)c1c23,0,authentic,authentic,,,O=c1c2ccccc2n2cnc3cccc1c32,train,364.4490000000002,3.2010000000000014,0.5104670866161924,27,42
subcategory_homologation.grow-single_683,O=C(c1ccccn1)C(O)(Cn1cncn1)c1ccccn1,0,authentic,authentic,,,O=C(c1ccccn1)C(Cn1cncn1)c1ccccn1,train,295.302,0.8388,0.7009454626198771,22,35
subcategory_homologation.grow-single_1649,CCCCC[C@]1(C(=O)NCCC)CC[C@]2(C)C(C1)C(=O)C=C1[C@@]3(C)C=C(C#N)C(=O)C(C)(C)[C@@H]3CC[C@]12C,1,homologation,grow-single,CCCNC(=O)[C@]12CCC(C)(C)CC1C1C(=O)C=C3[C@@]4(C)C=C(C#N)C(=O)C(C)(C)[C@@H]4CC[C@@]3(C)[C@]1(C)CC2,0 1 2 3 4,O=C1C=CC2C3=CC(=O)C4C5CCCCC5CCC4C3CC[C@H]2C1,train,520.7580000000004,6.876280000000008,0.3708601523721623,38,90
subcategory_homologation.grow-single_1508,CNC(=O)C1(NC(=O)CCc2ccccc2)CCCCC1,1,homologation,grow-single,N#CCNC(=O)C1(NC(=O)CCc2ccccc2)CCCCC1,,O=C(CCc1ccccc1)NC1CCCCC1,test,288.3910000000001,2.1842999999999995,0.8722647450679237,21,33
subcategory_homologation.grow-single_1299,CCNc1cn2cc(F)ccc2n1,1,homologation,grow-single,CC(C)(C)c1ccc(C(=O)Nc2cn3cc(F)ccc3n2)cc1,3,O=C(Nc1cn2ccccc2n1)c1ccccc1,test,179.198,1.9051999999999998,0.7625270556944326,13,19
subcategory_homologation.grow-single_362,CCCN(CCC)C1CCc2c(cccc2OC)C1,0,authentic,authentic,,,c1ccc2c(c1)CCCC2,train,261.409,3.6745000000000028,0.7743731542716096,19,27
subcategory_homologation.grow-single_1631,CCOc1c(OC)ccc2c1CC[C@]2(C#N)CCCN(C)CCc1ccc(OC)c(OC)c1,1,homologation,grow-single,COc1ccc(CCN(C)CCC[C@@]2(C#N)CCc3c2ccc(OC)c3OC)cc1OC,3,c1ccc(CCNCCCC2CCc3ccccc32)cc1,train,452.59500000000025,4.773380000000005,0.46209671750548426,33,53
subcategory_homologation.grow-single_539,CC(=O)SCC1CCN(CC(=O)O)C1=O,0,authentic,authentic,,,O=C1CCCN1,train,231.27299999999997,0.1992,0.747706660188257,15,26
subcategory_homologation.grow-single_634,CC(C)(C)C(=O)Oc1ccccc1C(=O)c1ccccc1OC(=O)C(C)(C)C,0,authentic,authentic,,,O=C(c1ccccc1)c1ccccc1,train,382.4560000000002,4.820600000000004,0.4306613095866383,28,49
subcategory_homologation.grow-single_196,NC1=NC(c2ccccc2)(c2ccccc2)C(=O)N1,0,authentic,authentic,,,O=C1NC=NC1(c1ccccc1)c1ccccc1,train,251.289,1.3747000000000003,0.8462221360809451,19,33
subcategory_homologation.grow-single_818,CCCCC(=O)Nc1ncc(Nc2ncnc3cc(OCCCN4CCOCC4)c(OC)cc23)cn1,0,authentic,authentic,,,c1ncc(Nc2ncnc3cc(OCCCN4CCOCC4)ccc23)cn1,val,495.5840000000005,3.4018000000000024,0.36133198759257446,36,53
subcategory_homologation.grow-single_1812,CC[C@H](OC)c1cc(=O)oc2c(CC=C(C)C)c(O)c(C(=O)CC(C)C)c(O)c12,1,homologation,grow-single,CC[C@H](O)c1cc(=O)oc2c(CC=C(C)C)c(O)c(C(=O)CC(C)C)c(O)c12,2,O=c1ccc2ccccc2o1,train,402.48700000000014,5.039200000000006,0.3647162981350963,29,58
subcategory_homologation.grow-single_938,CCOc1ccc(-c2ccc3oc(=O)c(C(C)=O)cc3c2)cn1,1,homologation,grow-single,COc1ccc(-c2ccc3oc(=O)c(C(C)=O)cc3c2)cn1,2,O=c1ccc2cc(-c3cccnc3)ccc2o1,val,309.32099999999997,3.4563000000000024,0.5450784581519346,23,40
subcategory_homologation.grow-single_98,C=CCOc1ccc(/C=C(\C)C(=O)N[C@@H]2[C@H](O)[C@@H](O)[C@H]3OCO[C@H]3[C@@H]2O)cc1O,0,authentic,authentic,,,O=C(C=Cc1ccccc1)N[C@@H]1CC[C@H]2OCO[C@H]2C1,val,407.41900000000015,-0.3170999999999996,0.3196801030413988,29,77
subcategory_homologation.grow-single_1738,CCOc1ccc(CN2C(=O)CC(c3ccccc3)Sc3ccccc32)cc1,1,homologation,grow-single,COc1ccc(CN2C(=O)CC(c3ccccc3)Sc3ccccc32)cc1,3,O=C1CC(c2ccccc2)Sc2ccccc2N1Cc1ccccc1,train,389.5200000000001,5.855600000000005,0.5476353185044245,28,43
subcategory_homologation.grow-single_1109,CCCOc1cc2c(cc1O)S(=O)(=O)N(CC)C(C(=O)N[C@H](C=O)Cc1ccccc1)C2,1,homologation,grow-single,CCN1C(C(=O)N[C@H](C=O)Cc2ccccc2)Cc2cc3c(cc2S1(=O)=O)OCCO3,1 2 3 4 9,O=C(NCCc1ccccc1)C1Cc2cc3c(cc2S(=O)(=O)N1)OCCO3,train,460.55200000000013,2.0426999999999995,0.5539797387989294,32,60
subcategory_homologation.grow-single_1296,CCOc1cc2c[n+](C)c3c(c2cc1OC)Cc1c-3ccc(O)c1OC,1,homologation,grow-single,COc1cc2c[n+](C)c3c(c2cc1OC)Cc1c-3ccc(O)c1OC.[Cl-],2,c1ccc2c(c1)Cc1c-2[nH+]cc2ccccc12,test,352.41,3.357000000000002,0.5724028804999636,26,44
subcategory_homologation.grow-single_514,CN(C)c1ncnc2c1ncn2CCCc1ccccc1,0,authentic,authentic,,,c1ccc(CCCn2cnc3cncnc32)cc1,train,281.36299999999994,2.525100000000001,0.7207432675269104,21,29
subcategory_homologation.grow-single_933,CCC#CCN1CCC[C@@H]1COC(C)=O,1,homologation,grow-single,CC(=O)OC[C@H]1CCCN1CC#CCN(C)C(C)=O,2,C1CCNC1,train,209.289,1.4273,0.5199423579425296,15,26
subcategory_homologation.grow-single_1086,CCCOCCNS(=O)(=O)c1c(C)cc(-n2ncc(=O)[nH]c2=O)cc1C,1,homologation,grow-single,Cc1cc(-n2ncc(=O)[nH]c2=O)cc(C)c1S(=O)(=O)N1CCOCC1,0 1 2 3 4 5 6,O=c1cnn(-c2ccc(S(=O)(=O)N3CCOCC3)cc2)c(=O)[nH]1,test,382.4420000000001,0.24254000000000026,0.6307127308901095,26,48
subcategory_homologation.grow-single_795,CCOC(=O)C1=C(OCOCCN)NC(C(F)(F)F)=C(C(=O)OCC)C1c1ccccc1Cl,0,authentic,authentic,,,C1=CC(c2ccccc2)C=CN1,train,492.87800000000016,3.1304000000000016,0.291175769127697,33,56
subcategory_homologation.grow-single_847,OCCN(CCO)C(Cc1ccccc1)c1ccccc1,0,authentic,authentic,,,c1ccc(CCc2ccccc2)cc1,train,285.387,2.2569999999999997,0.781681298647117,21,29
subcategory_homologation.grow-single_807,CC(=O)Oc1ccc2c(C)cc(=O)oc2c1,0,authentic,authentic,,,O=c1ccc2ccccc2o1,train,218.20799999999997,2.02672,0.4171869405509196,16,28
subcategory_homologation.grow-single_17,CNc1ncnc2c1ncn2Cc1cc(F)ccc1F,0,authentic,authentic,,,c1ccc(Cn2cnc3cncnc32)cc1,train,275.262,2.1944999999999997,0.7957940871224867,20,28
subcategory_homologation.grow-single_12,COc1ccc2nc(-c3ccccn3)cc(O)c2c1,0,authentic,authentic,,,c1ccc(-c2ccc3ccccc3n2)nc1,val,252.27300000000002,3.011000000000001,0.7613211619299357,19,30
subcategory_homologation.grow-single_421,C[S+]([O-])CCCCCCCCn1ccnc1,0,authentic,authentic,,,c1c[nH]cn1,train,242.388,2.6022000000000007,0.49314345212347627,16,26
subcategory_homologation.grow-single_564,[2H]n1nnnc1-c1ccccc1-c1ccc(CN2C(=O)C3(CCCC3)N=C2CCCC)cc1,0,authentic,authentic,,,O=C1N(Cc2ccc(-c3ccccc3-c3nnn[nH]3)cc2)C=NC12CCCC2,train,429.5461017780003,4.7774000000000045,0.5855839812961098,32,56
subcategory_homologation.grow-single_947,CCN1C(=O)CN=C(c2c(Cl)cccc2Cl)c2cc(Cl)ccc21,1,homologation,grow-single,CN1C(=O)CN=C(c2c(Cl)cccc2Cl)c2cc(Cl)ccc21,2,O=C1CN=C(c2ccccc2)c2ccccc2N1,train,367.66300000000007,4.8507000000000025,0.7464848260952782,23,42
subcategory_homologation.grow-single_1256,CCCN(CCN)C1=Nc2cc(F)ccc2Nc2sc(C)cc21,1,homologation,grow-single,Cc1cc2c(s1)Nc1ccc(F)cc1N=C2N1CCNCC1,0 1 2 3 5 8 12,c1ccc2c(c1)N=C(N1CCNCC1)c1ccsc1N2,train,332.4480000000001,4.001620000000003,0.8895528461828479,23,36
subcategory_homologation.grow-single_733,O=C(NC1CCN(Cc2ccccc2)CC1)c1ccc(-n2ccnc2)cc1,0,authentic,authentic,,,O=C(NC1CCN(Cc2ccccc2)CC1)c1ccc(-n2ccnc2)cc1,train,360.46100000000007,3.266700000000002,0.7597260705506274,27,43
subcategory_homologation.grow-single_499,c1ccc2c(c1)CC1NC2c2ccccc21,0,authentic,authentic,,,c1ccc2c(c1)CC1NC2c2ccccc21,train,207.276,2.976400000000001,0.6999591764815885,16,26
subcategory_homologation.grow-single_1307,CCCCC1=C(c2ccc(-c3ccccc3-c3nn[nH]n3)cc2)C(=O)N2C(=NC(=O)C2CC)N1C,1,homologation,grow-single,CCCCC1=C(c2ccc(-c3ccccc3-c3nn[nH]n3)cc2)C(=O)N2C(=NC(=O)C2C)N1C,2,O=C1CN2C(=O)C(c3ccc(-c4ccccc4-c4nn[nH]n4)cc3)=CNC2=N1,train,469.5490000000002,3.8838000000000035,0.562638395837046,35,64
subcategory_homologation.grow-single_494,COCCOc1cc2ncc3c(N)nc(-n4cnc(C)c4)cc3c2cc1OC,0,authentic,authentic,,,c1ccc2c(c1)ncc1cnc(-n3ccnc3)cc12,train,379.4200000000002,2.8931200000000015,0.4062444766451125,28,43
subcategory_homologation.grow-single_1304,CCc1ccc(Cc2cc3c(cc2Cl)O[C@@]2(C3)O[C@H](CO)[C@@H](O)[C@H](O)[C@H]2OC)cc1,1,homologation,grow-single,CCc1ccc(Cc2cc3c(cc2Cl)O[C@@]2(C3)O[C@H](CO)[C@@H](O)[C@H](O)[C@H]2O)cc1,2,c1ccc(Cc2ccc3c(c2)C[C@]2(CCCCO2)O3)cc1,train,434.9160000000001,2.2523,0.6686251521728229,30,72
subcategory_homologation.grow-single_1329,CCCN(CCNc1ncc(Cc2ccccc2)cn1)c1ncnc2cc(OCCOC)c(OCCOC)cc12,1,homologation,grow-single,COCCOc1cc2ncnc(N3CCN(c4ncc(Cc5ccccc5)cn4)CC3)c2cc1OCCOC,0 1 2 3 5 8 12 16 19 20 23 24 27 30 33 35 36 37 38 39,c1ccc(Cc2cnc(N3CCN(c4ncnc5ccccc45)CC3)nc2)cc1,train,546.6720000000004,4.3895000000000035,0.1918225425405145,40,56
subcategory_homologation.grow-single_632,CN(C)CCC[C@@]1(c2ccccc2F)OCc2cc(C#N)ccc21,0,authentic,authentic,,,c1ccc(C2OCc3ccccc32)cc1,train,324.39900000000006,3.812980000000003,0.8388667572429986,24,41
subcategory_homologation.grow-single_1188,C#Cc1ccc2c(c1)CO[C@@]2(CC)c1ccc(F)cc1,1,homologation,grow-single,C#Cc1ccc2c(c1)CO[C@@]2(CCCN(C)C)c1ccc(F)cc1,,c1ccc(C2OCc3ccccc32)cc1,train,266.31499999999994,3.990800000000003,0.746734440717508,20,37
subcategory_homologation.grow-single_1576,[2H]C([2H])([2H])CCCC(=N)N(Cc1ccc(-c2ccccc2-c2nn[nH]n2)cc1)C(=O)CCCC,1,homologation,grow-single,[2H]C([2H])([2H])CCCC1=NC2(CCCC2)C(=O)N1Cc1ccc(-c2ccccc2-c2nn[nH]n2)cc1,0 1 2 3 4 5 6 8 10 11 14 17 19 21 22 23,O=C1N(Cc2ccc(-c3ccccc3-c3nn[nH]n3)cc2)C=NC12CCCC2,train,421.56330533400023,5.2199700000000036,0.3461989117569472,31,68
subcategory_homologation.grow-single_1210,CCCCN(CC)CCC(CCN(C(C)C)C(C)C)(C(N)=O)c1ccccc1,1,homologation,grow-single,CC(C)N(CCC(CCN1CCCCC1)(C(N)=O)c1ccccc1)C(C)C,0 1 2 4 6 8 12,c1ccc(CCCN2CCCCC2)cc1,train,389.6280000000001,4.4307000000000025,0.5119326415993984,28,45
subcategory_homologation.grow-single_1015,CO[C@]1(C(=O)CCl)C(OC(C)C)CC2C3CCC4=CC(=O)CCC4(C)C3(F)C(O)CC21C,1,homologation,grow-single,CC1(C)OC2CC3C4CCC5=CC(=O)CCC5(C)C4(F)C(O)CC3(C)[C@]2(C(=O)CCl)O1,1 2 11 16 20 21,O=C1C=C2CCC3C(CCC4C3CC3OCOC34)C2CC1,test,471.00900000000036,4.177800000000004,0.6101011894823614,32,63
subcategory_homologation.grow-single_1116,CCCCCCCc1cc(O)c(C(=O)CCCCC)c(=O)o1,1,homologation,grow-single,CCCCCCCC(=O)c1c(O)cc(CCCCCCC)oc1=O,,O=c1cccco1,train,308.418,4.621300000000004,0.4781529355365473,22,34
subcategory_homologation.grow-single_9,COc1ccc(C2Sc3cc(Cc4ccc(F)cc4)ccc3N(CCN(C)C)C(=O)C2O)cc1,0,authentic,authentic,,,O=C1CC(c2ccccc2)Sc2cc(Cc3ccccc3)ccc2N1,train,480.6050000000002,4.527600000000006,0.5386968870279749,34,55
subcategory_homologation.grow-single_154,COC(=O)[C@H](c1ccccc1)[C@H]1CCCCN1CCCc1ccccc1,0,authentic,authentic,,,c1ccc(CCCN2CCCC[C@@H]2Cc2ccccc2)cc1,train,351.49000000000007,4.430500000000004,0.6912325074564698,26,45
subcategory_homologation.grow-single_69,COc1ccc(CCc2cc(OC)c(OC)cc2CCN(C)C)cc1,0,authentic,authentic,,,c1ccc(CCc2ccccc2)cc1,train,343.4670000000001,3.601700000000003,0.6959992637038275,25,37
subcategory_homologation.grow-single_236,Cc1cccc(Cl)c1NC1=NCCN1.Cl,0,authentic,authentic,,,c1ccc(NC2=NCCN2)cc1,train,246.14100000000002,2.4413200000000006,0.7979831707776717,15,25
subcategory_homologation.grow-single_645,O=C(/C=C/c1ccc(O)cc1)c1ccc(Cl)c(Cl)c1,0,authentic,authentic,,,O=C(/C=C/c1ccccc1)c1ccccc1,train,293.149,4.595100000000001,0.6632455053353995,19,37
subcategory_homologation.grow-single_140,c1cc(NC2=NCCN2)ccc1Cc1ccc(OC2CCOCC2)cc1,0,authentic,authentic,,,c1cc(NC2=NCCN2)ccc1Cc1ccc(OC2CCOCC2)cc1,test,351.4500000000002,3.2063000000000024,0.868529397403318,26,39
subcategory_homologation.grow-single_810,CNc1nc(Cl)nc2c1ncn2C[C@H](COP(=O)(O)O)OP(=O)(O)O,0,authentic,authentic,,,c1ncc2nc[nH]c2n1,train,417.63900000000007,0.1085999999999997,0.28804882905886736,25,48
subcategory_homologation.grow-single_6,CN(C)CCNC(=O)Cc1ccccc1,0,authentic,authentic,,,c1ccccc1,train,206.28900000000002,0.9068999999999996,0.77626574677915,15,22
subcategory_homologation.grow-single_1565,C=C1N=NC(=O)C(C)=C1c1ccc(Oc2ncccc2CCCC)cc1C,1,homologation,grow-single,C=C1N=NC(=O)C(C)=C1c1ccc(Oc2ncccc2C2CC2)cc1C,0 1 2 3,C=C1N=NC(=O)C=C1c1ccc(Oc2ncccc2C2CC2)cc1,train,361.4450000000002,5.804520000000005,0.6524803159950561,27,43
subcategory_homologation.grow-single_684,Cc1ccc(SC2(CC#Cc3ccc(Cl)cc3)SC(=O)NC2=O)cc1,0,authentic,authentic,,,O=C1NC(=O)C(CC#Cc2ccccc2)(Sc2ccccc2)S1,train,387.9130000000001,4.861620000000003,0.7636042961689644,25,43
subcategory_homologation.grow-single_1679,CCCCNc1ccc2ncn3c4ccc(O)cc4c(=O)c1c23,1,homologation,grow-single,CN(C)CCCCCNc1ccc2ncn3c4ccc(O)cc4c(=O)c1c23,,O=c1c2ccccc2n2cnc3cccc1c32,train,307.35300000000007,3.356300000000002,0.44801929042968547,23,36
subcategory_homologation.grow-single_1548,Cc1ccccc1CCNCC(O)COC(=O)c1cccc(F)c1,1,homologation,grow-single,COc1ccc(CCNCC(O)COC(=O)c2cccc(F)c2)cc1OC,7,O=C(OCCCNCCc1ccccc1)c1ccccc1,train,331.387,2.4841200000000008,0.5762923472866074,24,35
subcategory_homologation.grow-single_1543,CCOc1cc2c(Nc3ccc(I)cc3F)ncnc2cc1OC,1,homologation,grow-single,COc1cc2ncnc(Nc3ccc(I)cc3F)c2cc1OC,2,c1ccc(Nc2ncnc3ccccc23)cc1,train,439.2280000000001,4.524400000000003,0.5928398756932732,24,34
subcategory_homologation.grow-single_60,CCC(=O)N(c1ccccc1)C1CCN(C(C)Cc2ccccc2)CC1,0,authentic,authentic,,,c1ccc(CCN2CCC(Nc3ccccc3)CC2)cc1,train,350.5060000000001,4.525200000000004,0.7643026899075626,26,41
subcategory_homologation.grow-single_1031,CCCCCNC(=O)[C@H](C)N[C@@H](CCc1ccccc1)C(=O)OCC,1,homologation,grow-single,CCOC(=O)[C@H](CCc1ccccc1)N[C@@H](C)C(=O)N1CCC[C@H]1C(=O)O.O=C(O)/C=C/C(=O)O,0 1 2 3 4 5,O=C(CNCCCc1ccccc1)N1CCCC1,train,348.48700000000014,2.835400000000001,0.4501733160346555,25,46
subcategory_homologation.grow-single_1136,COC(=O)CNC(=O)[C@@H](N)Cc1ccccc1,1,homologation,grow-single,N[C@@H](Cc1ccccc1)C(=O)NCC(=O)O,2,c1ccccc1,train,236.27100000000002,-0.15439999999999943,0.6963125420405698,17,32
subcategory_homologation.grow-single_1249,CCCCc1nn(C(C)CCCC)c(=O)n1Cc1ccc(-c2ccccc2-c2nn[nH]n2)cc1,1,homologation,grow-single,CCCCc1nn(C2CCCC2)c(=O)n1Cc1ccc(-c2ccccc2-c2nn[nH]n2)cc1,0 1 2 3 4 6,O=c1n(Cc2ccc(-c3ccccc3-c3nn[nH]n3)cc2)cnn1C1CCCC1,train,459.59800000000007,5.034000000000004,0.3392625263910592,34,56
subcategory_homologation.grow-single_1524,COCCOCCN1CCN(C2=Nc3ccccc3Sc3ccccc32)CC1CNC(=O)C(F)(F)F,1,homologation,grow-single,O=C(NCC1CN(C2=Nc3ccccc3Sc3ccccc32)CCN1CCOCCO)C(F)(F)F,2,c1ccc2c(c1)N=C(N1CCNCC1)c1ccccc1S2,train,522.5930000000003,3.5572000000000026,0.535305158629802,36,54
subcategory_homologation.grow-single_1585,CCNc1ccc2nc(N)nc(N)c2c1C,1,homologation,grow-single,Cc1c(NC(=O)Cc2ccc(Cl)cc2)ccc2nc(N)nc(N)c12,,O=C(Cc1ccccc1)Nc1ccc2ncncc2c1,train,217.27599999999995,1.53442,0.7094407172133276,16,24
subcategory_homologation.grow-single_1567,CCc1nnc(C(C)c2ccc(C(F)(F)F)cc2F)n1C,1,homologation,grow-single,CC1NC(=O)CC(c2nnc(C(C)c3ccc(C(F)(F)F)cc3F)n2C)N1,1 2,O=C1CC(c2nnc(Cc3ccccc3)[nH]2)NCN1,train,301.287,3.6872000000000025,0.8095673765287886,21,35
subcategory_homologation.grow-single_173,CNCC(=O)N1N=C(c2ccc(N)cc2)c2cc3c(cc2CC1C)OCO3,0,authentic,authentic,,,c1ccc(C2=NNCCc3cc4c(cc32)OCO4)cc1,train,366.42100000000016,1.7424999999999993,0.8080313275556977,27,45
subcategory_homologation.grow-single_1137,CCC(Cc1ccccc1)NC(=O)OC1COC2OCCC12,1,homologation,grow-single,CC(C)CN(CC(O)C(Cc1ccccc1)NC(=O)OC1COC2OCCC12)S(=O)(=O)c1ccc(N)cc1,,O=C(NC(CCNS(=O)(=O)c1ccccc1)Cc1ccccc1)OC1COC2OCCC12,train,305.3740000000001,2.4953000000000003,0.9078462739289812,22,33
subcategory_homologation.grow-single_172,COc1ccccc1CNC(=O)Nc1ccc2cnccc2n1,0,authentic,authentic,,,O=C(NCc1ccccc1)Nc1ccc2cnccc2n1,train,308.341,2.9601000000000006,0.7766736472315967,23,32
subcategory_homologation.grow-single_907,Cc1c(C(=O)c2cccc3ccccc23)c2ccccc2n1CCN1CCOCC1,0,authentic,authentic,,,O=C(c1cccc2ccccc12)c1cn(CCN2CCOCC2)c2ccccc12,test,398.5060000000003,4.666120000000005,0.4584877284967351,30,45
subcategory_homologation.grow-single_502,CCC(=O)N(c1ccccc1)C1CCN(CCc2ccccc2)CC1.Cl,0,authentic,authentic,,,c1ccc(CCN2CCC(Nc3ccccc3)CC2)cc1,train,372.94,4.558500000000005,0.7417042465591832,26,41
subcategory_homologation.grow-single_1225,CCCC1OC(c2ccc(F)cc2)c2ccc(C#N)c(CC)c21,1,homologation,grow-single,CCNCCCC1OC(c2ccc(F)cc2)c2ccc(C#N)c(CC)c21,,c1ccc(C2OCc3ccccc32)cc1,train,309.38400000000007,5.220580000000004,0.7753414975319812,23,38
subcategory_homologation.grow-single_1000,CCOC(=S)SCCCCC/C=C(\NC(=O)C1CC1(C)CC)C(=O)O,1,homologation,grow-single,CCOC(=S)SCCCCC/C=C(\NC(=O)C1CC1(C)C)C(=O)O,2,C1CC1,train,387.5670000000002,4.122300000000003,0.31545131468346527,25,43
subcategory_homologation.grow-single_1317,CCN1CC[C@H](NS(=O)(=O)c2ccc(-c3ccon3)s2)C1=O,1,homologation,grow-single,O=C1[C@@H](NS(=O)(=O)c2ccc(-c3ccon3)s2)CCN1Cc1cc2c[nH]ccc-2n1,2,O=C1[C@@H](NS(=O)(=O)c2ccc(-c3ccon3)s2)CCN1Cc1cc2c[nH]ccc-2n1,train,341.41400000000004,1.3022,0.8848157348489748,22,44
subcategory_homologation.grow-single_1384,COP(=O)(O)CO[C@H](CO)Cn1cnc2c(=O)[nH]c(N)nc21,1,homologation,grow-single,Nc1nc2c(ncn2C[C@@H](CO)OCP(=O)(O)O)c(=O)[nH]1,2,O=c1[nH]cnc2[nH]cnc12,train,333.24100000000004,-1.1313999999999997,0.45836167403005823,22,45
subcategory_homologation.grow-single_1174,COc1cccc(NC(=O)Nc2cc(C(F)(F)F)ccc2OC)c1,1,homologation,grow-single,CCNC(=O)c1cc(Oc2ccc(NC(=O)Nc3cc(C(F)(F)F)ccc3OC)cc2)ccn1,6 7,O=C(Nc1ccccc1)Nc1ccc(Oc2ccncc2)cc1,train,340.30100000000004,4.366600000000003,0.8689575380167978,24,39
subcategory_homologation.grow-single_1370,CCCCOC(=O)c1cc(O)cc(OCC)c1C(=O)c1c(O)cc(C)cc1O,1,homologation,grow-single,CCCCOC(=O)c1cc(O)cc(OC)c1C(=O)c1c(O)cc(C)cc1O,2,O=C(c1ccccc1)c1ccccc1,train,388.4160000000001,3.6984200000000027,0.35888709319316003,28,46
subcategory_homologation.grow-single_563,CC(=O)NCCC1CCCc2ccc3c(c21)CCCO3,0,authentic,authentic,,,c1cc2c(c3c1CCCC3)CCCO2,val,273.376,2.9577000000000018,0.9192022682599553,20,31
subcategory_homologation.grow-single_1497,CCOC(=O)C(c1ccccc1)c1ccccc1,1,homologation,grow-single,CCCC(COC(=O)C(c1ccccc1)c1ccccc1)[NH+](CC)CC.[Cl-],,c1ccc(Cc2ccccc2)cc1,train,240.30200000000002,3.3816000000000024,0.765696701143493,18,27
subcategory_homologation.grow-single_1478,CCC(CCc1ccccc1)[NH2+]C(C)C(=O)N1C(C(=O)O)CC2CCCC21,1,homologation,grow-single,CC([NH2+]C(CCc1ccccc1)C(=O)[O-])C(=O)N1C(C(=O)O)CC2CCCC21,2,O=C(C[NH2+]CCCc1ccccc1)N1CCC2CCCC21,train,373.5170000000002,2.2039,0.7336061448882137,27,50
subcategory_homologation.grow-single_1755,CCCC1C(C2(C)CCC(OC3CC(OC)C(O)C(C)O3)CC2)C(O)C(=O)C2(C)C(C3=CC(=O)OC3)CCC12O,1,homologation,grow-single,COC1CC(OC2CCC3(C)C(CCC4C3C(O)C(=O)C3(C)C(C5=CC(=O)OC5)CCC43O)C2)OC(C)C1O,1 2 7 13 14 15 20 21 23 26 29 31 32 33 34 35 36 37 38 39,O=C1C=C(C2CCC3C4CCC5CC(OC6CCCCO6)CCC5C4CC(=O)C23)CO1,train,564.7160000000003,3.0694000000000012,0.39929302000350064,40,75
subcategory_homologation.grow-single_1472,CCCc1ccc(C(=O)c2ccccc2)n1C,1,homologation,grow-single,Cn1c(CC(=O)NO)ccc1C(=O)c1ccccc1,3,O=C(c1ccccc1)c1ccc[nH]1,train,227.307,3.2086000000000015,0.7350500132139246,17,26
subcategory_homologation.grow-single_1507,COc1ccc(CC(C)NCCCc2ccccc2)cc1,1,homologation,grow-single,CC(Cc1ccc(OCc2ccccc2)cc1)NCCCc1ccccc1,,c1ccc(CCCNCCc2ccc(OCc3ccccc3)cc2)cc1,train,283.41499999999996,3.848600000000003,0.7430480777198788,21,29
subcategory_homologation.grow-single_1405,COC(=O)C(N)CCCCCSc1ccccc1O,1,homologation,grow-single,NC(CCCCCSc1ccccc1O)C(=O)O,4,c1ccccc1,train,283.39300000000003,2.5450000000000004,0.43560553482591097,19,26
subcategory_homologation.grow-single_200,COC(OC)C1=C(C(=O)OC/C=C/c2ccccc2)C(c2cccc(Cl)c2)C(C(=O)O)=C(C)N1,0,authentic,authentic,,,O=C(OC/C=C/c1ccccc1)C1=CNC=CC1c1ccccc1,train,483.94800000000015,4.515000000000003,0.3998705520736433,34,64
subcategory_homologation.grow-single_156,CNCCc1c[nH]c(CCC(c2ccccc2)c2ccccc2)n1,0,authentic,authentic,,,c1ccc(C(CCc2ncc[nH]2)c2ccccc2)cc1,train,319.452,3.936300000000003,0.6601556665188312,24,37
subcategory_homologation.grow-single_1415,CC(C)NCC[C@](C(N)=O)(c1ccccc1)c1ccccn1,1,homologation,grow-single,CC(C)N(CC[C@](C(N)=O)(c1ccccc1)c1ccccn1)C(C)C,,c1ccc(Cc2ccccn2)cc1,train,297.40200000000004,2.2410999999999994,0.8233111681441037,22,38
subcategory_homologation.grow-single_427,COc1ccc([C@H]2[C@H](C(O)c3ccc(O)cc3)C(=O)N2c2ccc(OC)cc2)cc1,0,authentic,authentic,,,O=C1[C@@H](Cc2ccccc2)[C@H](c2ccccc2)N1c1ccccc1,val,405.45000000000016,3.847100000000002,0.6093020556775615,30,59
subcategory_homologation.grow-single_1357,COC(=O)CC(C)(C)NCC(O)COc1ccccc1C,1,homologation,grow-single,CCOC(=O)CC(C)(C)NCC(O)COc1ccccc1C,,c1ccccc1,train,295.379,1.6660199999999994,0.714064912398473,21,32
subcategory_homologation.grow-single_598,CC(=O)CCCC[C@@H](C)[C@@H]1C[C@H](O)[C@H](C)C(=O)N[C@@H](Cc2ccccc2)C(=O)N2CCC[C@H]2C(=O)O1,0,authentic,authentic,,,O=C1CCCCOC(=O)[C@@H]2CCCN2C(=O)[C@H](Cc2ccccc2)N1,val,500.63600000000037,2.8029,0.41927638297905623,36,89
subcategory_homologation.grow-single_566,COc1ccc(Cl)cc1C(=O)NCCc1ccc(S(=O)(=O)NC(=O)NC2CCCCC2)cc1,0,authentic,authentic,,,O=C(NC1CCCCC1)NS(=O)(=O)c1ccc(CCNC(=O)c2ccccc2)cc1,train,494.0130000000003,3.641700000000003,0.51917970894521,33,56
subcategory_homologation.grow-single_1518,CC[C@@H](O)[C@@H](O[C@@H]([CH]O)CO)c1cc(Cc2ccc(OC)cc2)c(Cl)c2c1OCC2C,1,homologation,grow-single,COc1ccc(Cc2cc([C@@H]3O[C@H](CO)[C@@H](O)[C@H](O)[C@H]3O)c3c(c2Cl)C(C)CO3)cc1,0 1 2 3 4 6 9 13 14 19 20,c1ccc(Cc2cc3c(c([C@H]4CCCCO4)c2)OCC3)cc1,train,449.9510000000002,4.1590900000000035,0.5044592313289421,31,68
subcategory_homologation.grow-single_892,CCNCc1ccc(Cl)c(C(F)(F)F)c1.Cl,0,authentic,authentic,,,c1ccccc1,train,274.1129999999999,3.8901000000000026,0.8812485243901141,16,29
subcategory_homologation.grow-single_1379,CCC(CC(O)(c1ccccc1)c1cc(OC)ccc1OC)N(CC)CC,1,homologation,grow-single,CCN(CC)C(C)CC(O)(c1ccccc1)c1cc(OC)ccc1OC.Cl,2,c1ccc(Cc2ccccc2)cc1,train,371.5210000000002,4.450200000000004,0.6699043762089811,27,41
subcategory_homologation.grow-single_850,CC(=O)Oc1ccc2c(ccc3oc([N+](=O)[O-])cc32)c1,0,authentic,authentic,,,c1ccc2c(c1)ccc1occc12,train,271.228,3.419500000000002,0.3084427772750094,20,42
subcategory_homologation.grow-single_1291,[2H]C([2H])([2H])C([2H])([2H])C([2H])([2H])CC1=NC2(CCCC2)C(=O)N1CC,1,homologation,grow-single,[2H]C([2H])([2H])C([2H])([2H])C([2H])([2H])CC1=NC2(CCCC2)C(=O)N1Cc1ccc(-c2ccccc2-c2nn[nH]n2)cc1,2,O=C1N(Cc2ccc(-c3ccccc3-c3nn[nH]n3)cc2)C=NC12CCCC2,train,229.37471244599993,2.750000000000001,0.7293041343976568,16,66
subcategory_homologation.grow-single_1214,CCCCc1nc(-n2cccc2C(=O)C(F)(F)F)c(C(=O)O)n1Cc1ccc(-c2ccccc2-c2nn[nH]n2)cc1,1,homologation,grow-single,CCCc1nc(-n2cccc2C(=O)C(F)(F)F)c(C(=O)O)n1Cc1ccc(-c2ccccc2-c2nn[nH]n2)cc1,4,c1ccc(-c2nn[nH]n2)c(-c2ccc(Cn3cnc(-n4cccc4)c3)cc2)c1,train,563.5400000000002,5.355000000000005,0.21890037671450094,41,73
subcategory_homologation.grow-single_1739,CCCC(C)C(=O)n1c(-c2ccccc2)c(CCN)c2ccccc21,1,homologation,grow-single,NCCc1c(-c2ccccc2)n(C(=O)C2CCC2)c2ccccc12,0 1 2 3 5,O=C(C1CCC1)n1c(-c2ccccc2)cc2ccccc21,val,334.4630000000001,4.885900000000004,0.6977559793824488,25,41
subcategory_homologation.grow-single_320,COc1ccc(CNC(=O)CSc2nc3ccc(OC)cc3[nH]2)cc1,0,authentic,authentic,,,O=C(CSc1nc2ccccc2[nH]1)NCc1ccccc1,train,357.43500000000006,2.988600000000001,0.6358999676088671,25,41
subcategory_homologation.grow-single_797,COc1ccc(/C=C(C)/C=C/C(O)=C2\C(=O)CN(C)C2=O)c2ccccc12,0,authentic,authentic,,,O=C1CNC(=O)/C1=C/C=C/C=C/c1cccc2ccccc12,test,363.4130000000001,3.661100000000002,0.38959262083065777,27,52
subcategory_homologation.grow-single_802,CCCCC1=NC2(CCCCC2)C(=O)N1Cc1ccc(-c2ccccc2-c2nn[nH]n2)cc1,0,authentic,authentic,,,O=C1N(Cc2ccc(-c3ccccc3-c3nn[nH]n3)cc2)C=NC12CCCCC2,train,442.56700000000006,5.167500000000005,0.5469251093242434,33,56
subcategory_homologation.grow-single_1044,CCSc1cc2c(cc1O)CCO2,1,homologation,grow-single,Oc1cc2c(cc1SCCc1ccccc1)OCC2,,c1ccc(CCSc2ccc3c(c2)OCC3)cc1,test,196.27099999999996,2.4391000000000007,0.7366093329680535,13,19
subcategory_homologation.grow-single_480,Cc1ccc(Nc2cc3c(cc2Nc2ccc(C)cc2)C(=O)NC3=O)cc1,0,authentic,authentic,,,O=C1NC(=O)c2cc(Nc3ccccc3)c(Nc3ccccc3)cc21,train,357.4130000000001,4.674240000000003,0.5933575010046753,27,45
subcategory_homologation.grow-single_1445,CCCCC(CC)N1CN(S(=O)(=O)c2ccc(OC)cc2)[C@@H](C(=O)NO)CC1=O,1,homologation,grow-single,COc1ccc(S(=O)(=O)N2CN(C3CCCCC3)C(=O)C[C@@H]2C(=O)NO)cc1,0 1 2 4 7 11 14,O=C1CCN(S(=O)(=O)c2ccccc2)CN1C1CCCCC1,train,427.5230000000002,1.7185,0.457857761679481,29,56
subcategory_homologation.grow-single_100,O=C(O)Cc1nn(Cc2ccc(Br)cc2F)c(=O)c2ccccc12,0,authentic,authentic,,,O=c1c2ccccc2cnn1Cc1ccccc1,train,391.19600000000014,2.9735000000000014,0.7425368032229296,24,41
subcategory_homologation.grow-single_1442,C=CCC(OC)c1c(-c2ccccc2OCc2ccccc2)ccc2c1C(C)=CC(C)(C)N2,1,homologation,grow-single,C=CCC1Oc2cccc(OCc3ccccc3)c2-c2ccc3c(c21)C(C)=CC(C)(C)N3,0 1 2 3 4 5 6 7 8 9 10 12 13 14 15 16 19 23 24,C1=Cc2c(ccc3c2COc2cccc(OCc4ccccc4)c2-3)NC1,train,439.59900000000016,7.8036000000000065,0.36317383028876565,33,54
subcategory_homologation.grow-single_509,C=CCN=C1Nc2cc(Cl)ccc2S(=O)(=O)N1,0,authentic,authentic,,,N=C1Nc2ccccc2S(=O)(=O)N1,test,271.729,1.5857999999999999,0.8026529218244068,17,32
subcategory_homologation.grow-single_1170,CCCN(CCN)C1=Nc2cc(Cl)ccc2Nc2ccc(F)cc21,1,homologation,grow-single,Fc1ccc2c(c1)C(N1CCNCC1)=Nc1cc(Cl)ccc1N2,0 1 2 3 5 8 12,c1ccc2c(c1)N=C(N1CCNCC1)c1ccccc1N2,train,346.8370000000001,4.285100000000003,0.8681042174890476,24,38
subcategory_homologation.grow-single_368,CC(S(=O)(=O)c1ccc(OC(F)(F)F)cc1)S(=O)(=O)C(F)(F)F,0,authentic,authentic,,,c1ccccc1,train,386.291,2.639500000000001,0.7438842673901404,23,49
subcategory_homologation.grow-single_1334,COc1ccc(CC[C@H](C)NC[C@@H](O)COc2ccc(OC)cc2)cc1,1,homologation,grow-single,COc1ccc(CC[C@H](C)NC[C@@H](O)COc2ccc(O)cc2)cc1,2,c1ccc(CCCNCCCOc2ccccc2)cc1,train,359.46600000000007,3.054400000000002,0.6457121454718161,26,47
subcategory_homologation.grow-single_1158,CCOC(=O)C1=C(C)NC(C(=O)O)=C(C(=O)O)C1c1ccccc1Cl,1,homologation,grow-single,CC1=C(C(=O)OC(C)C)C(c2ccccc2Cl)C(C(=O)O)=C(C(=O)O)N1,,C1=CC(c2ccccc2)C=CN1,train,365.769,2.2872000000000003,0.6858484286542333,25,47
subcategory_homologation.grow-single_367,CCC(C)c1ccc2nc3sc(C(=O)O)cn3c(=O)c2c1,0,authentic,authentic,,,O=c1c2ccccc2nc2sccn12,train,302.3550000000001,3.1209000000000016,0.806567437758433,21,37
subcategory_homologation.grow-single_664,N#CCC1CC2OC1C(C(=O)O)C2C(=O)O,0,authentic,authentic,,,C1CC2CCC1O2,train,225.2,0.08897999999999995,0.7042166708820423,16,29
subcategory_homologation.grow-single_1070,COCCOC(=O)N[C@@H](Cc1ccccc1)[C@H](O)CN(CC(C)C)S(=O)(=O)c1ccc(CO)cc1,1,homologation,grow-single,CC(C)CN(C[C@@H](O)[C@H](Cc1ccccc1)NC(=O)O[C@H]1CO[C@H]2OCC[C@H]21)S(=O)(=O)c1ccc(CO)cc1,2 3 4 5,O=C(N[C@H](CCNS(=O)(=O)c1ccccc1)Cc1ccccc1)O[C@H]1CO[C@H]2OCC[C@H]21,train,508.63700000000034,2.1704,0.3340550860763281,35,67
subcategory_homologation.grow-single_477,CC(=O)N(C)CC#CCN1CCC[C@@H]1CF,0,authentic,authentic,,,C1CCNC1,train,226.29499999999993,0.9019999999999999,0.6675937701896933,16,29
subcategory_homologation.grow-single_389,CNCCc1c[nH]c2ccc(C(C)(C)C)cc12,0,authentic,authentic,,,c1ccc2[nH]ccc2c1,train,230.35499999999996,3.2273000000000023,0.8321625339136537,17,30
subcategory_homologation.grow-single_289,O=C(O)[C@H]1CSC(c2ccc(O)cc2O)=N1,0,authentic,authentic,,,c1ccc(C2=NCCS2)cc1,train,239.25200000000004,1.0443999999999998,0.7171428972885024,16,32
subcategory_homologation.grow-single_329,CC(C)(CCCOc1cc(Cl)c(OCCCC(C)(C)C(=O)O)cc1Cl)C(=O)O,0,authentic,authentic,,,c1ccccc1,train,435.34400000000016,5.533000000000005,0.4193931530717274,28,50
subcategory_homologation.grow-single_565,CC(=O)NNc1nncc2ccccc12,0,authentic,authentic,,,c1ccc2cnncc2c1,train,202.217,1.0927999999999995,0.7152841953257925,15,22
subcategory_homologation.grow-single_245,CCCCc1c(C(=O)O)n(C2CCCCC2)c(=O)n1Cc1ccc(-c2ccccc2-c2nn[nH]n2)cc1,0,authentic,authentic,,,O=c1n(Cc2ccc(-c3ccccc3-c3nn[nH]n3)cc2)ccn1C1CCCCC1,train,500.6030000000001,5.091200000000004,0.3303677127055541,37,64
subcategory_homologation.grow-single_406,O=C1[C@@H](NS(=O)(=O)c2cc3ccc(Cl)cc3s2)CCN1CCNc1ccncc1,0,authentic,authentic,,,O=C1[C@@H](NS(=O)(=O)c2cc3ccccc3s2)CCN1CCNc1ccncc1,test,450.97300000000024,2.9410000000000007,0.577087171352217,29,54
subcategory_homologation.grow-single_209,CCCc1nc(C(F)(F)C(F)(F)F)c(C(=O)O)n1Cc1ccc(-c2ccccc2-c2nnnn2C)cc1,0,authentic,authentic,,,c1ccc(-c2nnn[nH]2)c(-c2ccc(Cn3ccnc3)cc2)c1,train,520.4620000000002,5.093700000000005,0.32505166409438246,37,64
subcategory_homologation.grow-single_1283,COC(=O)C1=C(C)NC(C)=C(C(=O)OCC(F)(F)F)C1c1ccccc1C,1,homologation,grow-single,COC(=O)C1=C(C)NC(C)=C(C(=O)OCC(F)(F)F)C1c1ccccc1Cl,7,C1=CC(c2ccccc2)C=CN1,train,383.36600000000004,3.508320000000002,0.8065031894216251,27,49
subcategory_homologation.grow-single_1053,CCCCCC[C@@H](O)[C@H]1CC[C@H](CO)O1,1,homologation,grow-single,CCCCCCCCCCCC[C@@H](O)[C@H]1CC[C@H](CO)O1,,C1CCOC1,test,216.32099999999994,1.8576000000000001,0.6385820686429582,15,34
subcategory_homologation.grow-single_712,C(CC1CCNCC1)CC1CCNCC1,0,authentic,authentic,,,C(CC1CCNCC1)CC1CCNCC1,train,210.36499999999998,2.1559,0.7428048698954872,15,21
subcategory_homologation.grow-single_1352,CCCCCC(O)c1cccc(OCC)c1,1,homologation,grow-single,CCCCCC(O)c1cccc(OCc2ccccc2C(=O)O)c1,2,c1ccc(COc2ccccc2)cc1,train,222.32799999999997,3.6990000000000025,0.7127267103956667,16,22
subcategory_homologation.grow-single_1151,CCn1cnc2c(N)ncnc21,1,homologation,grow-single,CCOP(=O)(COCCn1cnc2c(N)ncnc21)OCC,,c1ncc2nc[nH]c2n1,train,163.18400000000003,0.4283999999999999,0.6613593002754281,12,18
subcategory_homologation.grow-single_1257,CCC(CC)O[C@@H]1C=C(C(=O)OC)C[C@H](N=C(C)NO)[C@H]1NC(C)=O,1,homologation,grow-single,CCOC(=O)C1=C[C@@H](OC(CC)CC)[C@H](NC(C)=O)[C@@H](N=C(C)NO)C1,,C1=CCCCC1,train,355.435,1.3338000000000008,0.2750979039589768,25,56
subcategory_homologation.grow-single_120,O=C1c2ccccc2C(=O)N1CCCc1ccccc1,0,authentic,authentic,,,O=C1c2ccccc2C(=O)N1CCCc1ccccc1,train,265.31199999999995,2.9154000000000018,0.7970329557240577,20,30
subcategory_homologation.grow-single_1509,CCCOCN1c2ccccc2C(=O)N(Cc2ccccc2)S1(=O)=O,1,homologation,grow-single,C#CCOCN1c2ccccc2C(=O)N(Cc2ccccc2)S1(=O)=O,3,O=C1c2ccccc2NS(=O)(=O)N1Cc1ccccc1,train,360.43500000000006,2.7779000000000016,0.7431399753726399,25,40
subcategory_homologation.grow-single_194,Cc1c(OCC(F)(F)F)ccnc1CSc1nc2ccccc2[nH]1,0,authentic,authentic,,,c1ccc(CSc2nc3ccccc3[nH]2)nc1,val,353.3690000000001,4.499720000000003,0.6863615952461455,24,39
subcategory_homologation.grow-single_216,Fc1cccc(/C=N/Nc2nncc3ccccc23)c1,0,authentic,authentic,,,C(=N\Nc1nncc2ccccc12)/c1ccccc1,train,266.279,3.214900000000001,0.5846635708165422,20,31
subcategory_homologation.grow-single_15,CCOC(=O)C(CCc1ccccc1)N[C@@H](CCCCNC(=O)C(F)(F)F)C(=O)N1CCC[C@H]1C(=O)OC,0,authentic,authentic,,,O=C(CNCCCc1ccccc1)N1CCCC1,train,543.5830000000003,2.5219000000000005,0.2738670174177534,38,71
subcategory_homologation.grow-single_1193,CCC(CC(=O)O)CC(C)CCC1CCCCC1,1,homologation,grow-single,CC(CCC1CCCCC1)CC(CN)CC(=O)O,2,C1CCCCC1,train,254.4139999999999,4.874000000000004,0.6703678139937224,18,27
subcategory_homologation.grow-single_340,O=C1N(Cc2ccc(-c3ccccc3-c3nn[nH]n3)cc2)C=NC12CCCC2,0,authentic,authentic,,,O=C1N(Cc2ccc(-c3ccccc3-c3nn[nH]n3)cc2)C=NC12CCCC2,train,372.43200000000024,3.2170000000000023,0.7616840970316594,28,49
subcategory_homologation.grow-single_213,C[C@H](CN(C)C)Oc1cccc2ncnc(Nc3ccc(OCc4cnccn4)c(Cl)c3)c12,0,authentic,authentic,,,c1ccc2c(Nc3ccc(OCc4cnccn4)cc3)ncnc2c1,val,464.95700000000016,4.724700000000004,0.3804067902539686,33,56
subcategory_homologation.grow-single_1132,CCCCCC(C)NC(=O)NS(=O)(=O)c1ccc(CCNC(=O)N2CC(C)=C(CC)C2(F)F)cc1,1,homologation,grow-single,CCC1=C(C)CN(C(=O)NCCc2ccc(S(=O)(=O)NC(=O)NC3CCCCC3)cc2)C1(F)F,0 1 2 3 4 5 7,O=C(NC1CCCCC1)NS(=O)(=O)c1ccc(CCNC(=O)N2CC=CC2)cc1,train,514.6390000000004,4.530300000000004,0.2290701183614373,35,62
subcategory_homologation.grow-single_873,COC(=O)C(C)c1ccc(CC(C)C)cc1,0,authentic,authentic,,,c1ccccc1,train,220.31199999999998,3.1616000000000017,0.7284806288753466,16,27
subcategory_homologation.grow-single_986,CCCCCC(C)C(=O)NCCCc1ccccc1,1,homologation,grow-single,O=C(NCCCc1ccccc1)C1CCCCC1,0 1 2 3 4 5 7,O=C(NCCCc1ccccc1)C1CCCCC1,train,261.40899999999993,3.951800000000003,0.6699572773696507,19,26
subcategory_homologation.grow-single_1358,CCCc1c2c(nc3ccc(O)cc13)-c1cc3c(c(=O)n1C2)COC(=O)C3(O)CC,1,homologation,grow-single,CCc1c2c(nc3ccc(O)cc13)-c1cc3c(c(=O)n1C2)COC(=O)C3(O)CC,2,O=C1Cc2cc3n(c(=O)c2CO1)Cc1cc2ccccc2nc1-3,train,406.4380000000003,2.737700000000001,0.5074889467478761,30,55
subcategory_homologation.grow-single_871,CCC(=O)NN1c2ccc(Cl)cc2N=C(N2CCN(C)CC2)c2ccccc21,0,authentic,authentic,,,c1ccc2c(c1)N=C(N1CCNCC1)c1ccccc1N2,train,397.9100000000002,3.5584000000000024,0.8413879808231678,28,47
subcategory_homologation.grow-single_1561,CCNC(=O)C1Cc2cc3c(cc2S(=O)(=O)N1CC)OCCO3,1,homologation,grow-single,CCN1C(C(=O)N[C@@H](Cc2ccccc2)C(=O)C(=O)NCCNS(C)(=O)=O)Cc2cc3c(cc2S1(=O)=O)OCCO3,,O=C(NCCc1ccccc1)C1Cc2cc3c(cc2S(=O)(=O)N1)OCCO3,train,340.4010000000002,0.5291999999999997,0.8675069191855371,23,40
subcategory_homologation.grow-single_779,C=CCN(CCC)C1CCc2ccc3[nH]ccc3c2C1,0,authentic,authentic,,,c1cc2c3c(ccc2[nH]1)CCCC3,test,268.40400000000005,3.923200000000003,0.8142493948955427,20,32
subcategory_homologation.grow-single_192,COc1cc2nc(N3CCC(C(=O)NCC4CC4)CC3)nc(N)c2cc1OC,0,authentic,authentic,,,O=C(NCC1CC1)C1CCN(c2ncc3ccccc3n2)CC1,val,385.4680000000002,1.9717999999999996,0.7835524373314434,28,45
subcategory_homologation.grow-single_1289,CCCOC(=O)C1=C(COCCN)NC(C)=C(C(=O)OC)C1c1cccc(C(F)(F)F)c1Cl,1,homologation,grow-single,CCOC(=O)C1=C(COCCN)NC(C)=C(C(=O)OC)C1c1cccc(C(F)(F)F)c1Cl,6,C1=CC(c2ccccc2)C=CN1,train,490.90600000000006,3.675200000000003,0.40213912003939273,33,58
subcategory_homologation.grow-single_40,COc1cccc2c1C[C@H]1CCN(Cc3ccccc3)[C@H]1C2,0,authentic,authentic,,,c1ccc(CN2CC[C@@H]3Cc4ccccc4C[C@@H]32)cc1,train,293.41,3.6845000000000026,0.8556304329831227,22,40
subcategory_homologation.grow-single_617,COc1cc2nc(N3CCN(C(=O)c4ccc5ccccc5c4)CC3)nc(N)c2cc1OC,0,authentic,authentic,,,O=C(c1ccc2ccccc2c1)N1CCN(c2ncc3ccccc3n2)CC1,train,443.5070000000003,3.344800000000001,0.516940137055105,33,52
subcategory_homologation.grow-single_619,CN(CCc1ccccn1)C1c2ccccc2Oc2ccccc21,0,authentic,authentic,,,c1ccc(CCNC2c3ccccc3Oc3ccccc32)nc1,train,316.404,4.451200000000004,0.7107856552639072,24,34
subcategory_homologation.grow-single_916,O=C(Nc1ccc(O)cc1)NC1CCCCC1,0,authentic,authentic,,,O=C(Nc1ccccc1)NC1CCCCC1,train,234.29899999999992,2.846400000000001,0.6889437382425669,17,26
subcategory_homologation.grow-single_1176,CCCOC(=O)C(c1ccccc1)C1CCCCN1,1,homologation,grow-single,CCOC(=O)C(c1ccccc1)C1CCCCN1.Cl,3,c1ccc(CC2CCCCN2)cc1,train,261.3649999999999,2.865500000000001,0.8282788897737134,19,28
subcategory_homologation.grow-single_1088,CCN(CCCOc1cc2ncnc(Nc3cccc4c3ccn4C)c2cc1OC)CCOC,1,homologation,grow-single,COc1cc2c(Nc3cccc4c3ccn4C)ncnc2cc1OCCCN1CCOCC1,0 1 2 3 4 6 8,c1cc(Nc2ncnc3cc(OCCCN4CCOCC4)ccc23)c2cc[nH]c2c1,train,463.58200000000033,4.6109000000000036,0.3076088392126769,34,46
subcategory_homologation.grow-single_52,O=C(CN1CCCc2ccccc21)N1CCCCC1,0,authentic,authentic,,,O=C(CN1CCCc2ccccc21)N1CCCCC1,train,258.365,2.4517000000000007,0.8132547478485351,19,28
subcategory_homologation.grow-single_1066,C=C1CC[C@@H]2[C@H]([C@@H](O)C[C@@]3(C)[C@H]2CC[C@]3(O)C(=O)CO)[C@H]1CCCC,1,homologation,grow-single,C[C@]12C[C@H](O)[C@H]3[C@@H](CCC4=CC(=O)CC[C@@H]43)[C@@H]1CC[C@]2(O)C(=O)CO,0 1 2 3 10,O=C1C=C2CC[C@@H]3[C@H](CCC4CCC[C@H]43)[C@H]2CC1,train,350.49900000000014,2.848600000000001,0.6664135419099946,25,72
subcategory_homologation.grow-single_1517,CCCCC(O)c1cccc(OC)c1,1,homologation,grow-single,CCCCC(O)c1cccc(OCc2ccccc2C(=O)OC)c1,,c1ccc(COc2ccccc2)cc1,train,194.27399999999997,2.918800000000001,0.7805468263155473,14,20
subcategory_homologation.grow-single_548,CC/C=C\CCOC(=O)Cc1ccccc1,0,authentic,authentic,,,c1ccccc1,train,218.29600000000002,3.1286000000000023,0.41635846043902763,16,24
subcategory_homologation.grow-single_94,Clc1ccccc1N1CCN(Cc2cnn3ccccc23)CC1,0,authentic,authentic,,,c1ccc(N2CCN(Cc3cnn4ccccc34)CC2)cc1,train,326.8310000000001,3.3099000000000016,0.7375770724766862,23,34
subcategory_homologation.grow-single_379,CC(C)[C@@H]1N=C(N2CCCCC2)c2cc(Cl)ccc2NC1=S,0,authentic,authentic,,,S=C1CN=C(N2CCCCC2)c2ccccc2N1,train,335.904,4.350000000000003,0.7730795319307108,22,42
subcategory_homologation.grow-single_1164,CCN1CC[C@H]2Cc3c(cccc3OC)C[C@@H]21,1,homologation,grow-single,CCCN1CC[C@H]2Cc3c(cccc3OC)C[C@@H]21,,c1ccc2c(c1)C[C@@H]1CCN[C@H]1C2,test,231.339,2.504200000000001,0.7751671822906803,17,34
subcategory_homologation.grow-single_80,CNc1nc2c(ncn2COCCO)c(=O)[nH]1,0,authentic,authentic,,,O=c1[nH]cnc2[nH]cnc12,train,239.23499999999996,-0.8722999999999996,0.5855557952324566,17,29
subcategory_homologation.grow-single_1185,CCCCNC[C@H](C)NC(=O)[C@@H](N)Cc1ccccc1,1,homologation,grow-single,C[C@H](NC(=O)[C@@H](N)Cc1ccccc1)C(=O)N1CCC[C@@H]1C(=O)O,2 3 4 5 6,O=C(CCc1ccccc1)NCC(=O)N1CCCC1,train,277.412,1.4508000000000008,0.5985369590512665,20,38
subcategory_homologation.grow-single_338,CCC1=C(c2ccc(-n3ccnc3)cc2)CNC1=O,0,authentic,authentic,,,O=C1C=C(c2ccc(-n3ccnc3)cc2)CN1,train,253.305,2.1656999999999993,0.9108458342245733,19,32
subcategory_homologation.grow-single_208,CCCCCCCCCCCc1cc(O)cc(=O)o1,0,authentic,authentic,,,O=c1cccco1,train,266.381,4.418700000000005,0.6377124480610512,19,26
subcategory_homologation.grow-single_261,CC(n1cnnn1)C(O)(Cn1cncn1)c1ccc(Cl)cc1,0,authentic,authentic,,,c1ccc(C(Cn2cncn2)Cn2cnnn2)cc1,val,319.7560000000001,1.0669999999999995,0.755531637658694,22,37
subcategory_homologation.grow-single_1451,CO[N+](=O)c1ccc(C[N+](C)(CCCl)CCCl)cc1,1,homologation,grow-single,C[N+](CCCl)(CCCl)Cc1ccc([N+](=O)[O-])cc1.[Cl-],2,c1ccccc1,train,307.22099999999995,3.082600000000002,0.4194846168813192,19,38
subcategory_homologation.grow-single_1786,CCC(CCNC)CCOc1cc2ncnc(Nc3ccc(Cl)cc3F)c2cc1OC,1,homologation,grow-single,COc1cc2c(Nc3ccc(Cl)cc3F)ncnc2cc1OCCC1CCN(C)CC1,0 1 2 3 4 6 8,c1ccc(Nc2ncnc3cc(OCCC4CCNCC4)ccc23)cc1,train,446.95400000000024,5.579100000000006,0.40049715776138695,31,44
subcategory_homologation.grow-single_1521,CCCc1ccc(-c2cn3cccc(N4CCN(Cc5cn(CC)c(=O)[nH]c5=O)CC4)c3n2)cc1,1,homologation,grow-single,CCn1cc(CN2CCN(c3cccn4cc(-c5ccc(C(C)(C)C)cc5)nc34)CC2)c(=O)[nH]c1=O,3,O=c1[nH]cc(CN2CCN(c3cccn4cc(-c5ccccc5)nc34)CC2)c(=O)[nH]1,train,472.59300000000025,3.1459,0.44713912812648343,35,61
subcategory_homologation.grow-single_1661,CCCN(CCC)CCc1ccc(OC)c(OCC)c1,1,homologation,grow-single,CCCN(CCC)CCc1ccc(OC)c(OCCc2ccccc2)c1.Cl.Cl,,c1ccc(CCOc2ccccc2)cc1,train,279.424,3.7584000000000026,0.6507193361888518,20,28
subcategory_homologation.grow-single_1192,CCCC(=O)OCc1cc(C#N)ccc1CC,1,homologation,grow-single,CCCC(=O)OCc1cc(C#N)ccc1[C@@](O)(CCCN(C)C)c1ccc(F)cc1,,c1ccc(Cc2ccccc2)cc1,train,231.29499999999996,2.963980000000001,0.7318788569513457,17,25
subcategory_homologation.grow-single_827,CC(=O)N(C)CC#CCN1CCNCC1,0,authentic,authentic,,,C1CNCCN1,val,209.29299999999995,-0.6266999999999983,0.6153329960254189,15,23
subcategory_homologation.grow-single_422,Fc1cccc(O[C@@H](c2ccccc2)[C@@H]2CNCCO2)c1F,0,authentic,authentic,,,c1ccc(O[C@@H](c2ccccc2)[C@@H]2CNCCO2)cc1,train,305.32400000000007,3.0733000000000006,0.9414673102216793,22,42
subcategory_homologation.grow-single_575,CC(=O)OCC(=O)[C@@]12OC(C)(C)O[C@@H]1CC1C3C[C@H](F)C4=CC(=O)C=C[C@]4(C)[C@@]3(F)[C@@H](O)C[C@@]12C,0,authentic,authentic,,,O=C1C=CC2C(=C1)CCC1C2CCC2C1C[C@H]1OCOC21,train,494.53100000000023,2.9376000000000015,0.6025729235661365,35,97
subcategory_homologation.grow-single_987,CCc1c(C)c(O)c(C)c2c1OC(C)(CN(CC)CCOc1ccc(/C=C3\SC(=O)NC3=O)cc1)CC2,1,homologation,grow-single,CCN(CCOc1ccc(/C=C2\SC(=O)NC2=O)cc1)CC1(C)CCc2c(C)c(O)c(C)c(C)c2O1,2,O=C1NC(=O)/C(=C/c2ccc(OCCNCC3CCc4ccccc4O3)cc2)S1,train,524.6830000000002,5.379940000000005,0.4259446962722716,37,66
subcategory_homologation.grow-single_917,COc1ccc(C2C(CCC(O)c3ccc(F)cc3)C(=O)N2c2ccc(OCCCCF)cc2)cc1,0,authentic,authentic,,,O=C1C(CCCc2ccccc2)C(c2ccccc2)N1c1ccccc1,train,495.5660000000003,6.180700000000006,0.24079718945133624,36,57
subcategory_homologation.grow-single_147,CCOC(=O)C1=C(COCCNS(=O)(=O)N2CCOCC2)NC(C)=C(C(=O)OC)C1c1ccccc1Cl,0,authentic,authentic,,,O=S(=O)(NCCOCC1=CC(c2ccccc2)C=CN1)N1CCOCC1,val,558.0530000000003,1.4742000000000022,0.3064138714858005,37,64
subcategory_homologation.grow-single_724,CCc1nnc2n1[C@@H]1CCN(C(=O)C[C@H](N)Cc3cc(F)c(F)cc3F)C[C@@H]1CC2,0,authentic,authentic,,,O=C(CCCc1ccccc1)N1CC[C@@H]2[C@@H](CCc3nncn32)C1,test,421.4670000000001,2.553700000000001,0.7531577476318191,30,63
subcategory_homologation.grow-single_824,CN(C)CC(C)(C)CNC(=O)c1cn[nH]c1N,0,authentic,authentic,,,c1cn[nH]c1,train,239.323,0.309500000000001,0.6898508135047637,17,31
subcategory_homologation.grow-single_1083,CCOC(=O)[C@@H]1[CH][C@@H]2O[C@H]1C[C@@H]2COC(=O)c1ccc(Oc2ccccc2)cc1,1,homologation,grow-single,O=C(OC[C@H]1C[C@@H]2O[C@H]1[C@H]1C(=O)OC(=O)[C@H]12)c1ccc(Oc2ccccc2)cc1,0 1 2 3 4,O=C(OC[C@H]1C[C@@H]2O[C@H]1[C@H]1C(=O)OC(=O)[C@H]12)c1ccc(Oc2ccccc2)cc1,val,395.43100000000004,3.8065900000000026,0.6642460415122727,29,67
subcategory_homologation.grow-single_891,Fc1ccc2c(c1)Nc1sc3ccccc3c1C(N1CCN(Cc3ccccc3)CC1)=N2,0,authentic,authentic,,,c1ccc(CN2CCN(C3=Nc4ccccc4Nc4sc5ccccc5c43)CC2)cc1,train,442.5630000000003,5.993500000000006,0.4134604923400268,32,51
subcategory_homologation.grow-single_1448,CNS(=O)(=O)c1cc2c(cc1Cl)NCN(CCCCO[N+](=O)[O-])S2(=O)=O,1,homologation,grow-single,NS(=O)(=O)c1cc2c(cc1Cl)NCN(CCCCO[N+](=O)[O-])S2(=O)=O,2,O=S1(=O)NCNc2ccccc21,train,428.87600000000026,0.6102999999999998,0.34728790464832304,26,54
subcategory_homologation.grow-single_942,CCCc1nc(C(=O)OC)c(C(F)(F)C(F)(F)F)n1Cc1ccc(-c2ccccc2-c2nn[nH]n2)cc1,1,homologation,grow-single,CCCc1nc(C(=O)O)c(C(F)(F)C(F)(F)F)n1Cc1ccc(-c2ccccc2-c2nn[nH]n2)cc1,2,c1ccc(-c2nn[nH]n2)c(-c2ccc(Cn3ccnc3)cc2)c1,train,520.4620000000002,5.171700000000005,0.2542783169041574,37,67
subcategory_homologation.grow-single_1550,COCCCN1CCN(c2ccccc2C)CC1,1,homologation,grow-single,Cc1ccccc1N1CCN(CCCON2C(=O)c3ccccc3C2=O)CC1,2,O=C1c2ccccc2C(=O)N1OCCCN1CCN(c2ccccc2)CC1,test,248.37,2.1535200000000003,0.7426665717209715,18,24
subcategory_homologation.grow-single_188,CCCCCC(=O)c1cccc(OCc2ccc3ccccc3n2)c1,0,authentic,authentic,,,c1ccc(OCc2ccc3ccccc3n2)cc1,train,333.43100000000004,5.576800000000005,0.39904569732847106,25,36
subcategory_homologation.grow-single_385,CCOc1ccccc1C/N=C(\S)c1ccc2cnccc2n1,0,authentic,authentic,,,C(=NCc1ccccc1)c1ccc2cnccc2n1,train,323.421,3.9051000000000027,0.43988092971930165,23,34
subcategory_homologation.grow-single_1303,CCN[C@@H](Cc1c[nH]c2ccc(OC)cc12)C(=O)O,1,homologation,grow-single,COc1ccc2[nH]cc(C[C@H](NC(=O)c3ccccc3Br)C(=O)O)c2c1,3,O=C(NCCc1c[nH]c2ccccc12)c1ccccc1,train,262.30899999999997,1.7816999999999998,0.7415700951533852,19,38
subcategory_homologation.grow-single_152,CCCCCCCCNC(=O)c1ccc2[nH]c(NC(=O)OC)nc2c1,0,authentic,authentic,,,c1ccc2[nH]cnc2c1,train,346.43100000000015,3.831500000000002,0.601212732245447,25,40
subcategory_homologation.grow-single_1800,CC[C@H]1CCCN1C(=O)[C@H](C)NC(=O)[C@@H](N)Cc1ccccc1,1,homologation,grow-single,C[C@H](NC(=O)[C@@H](N)Cc1ccccc1)C(=O)N1CCC[C@@H]1C(=O)O,2,O=C(CCc1ccccc1)NCC(=O)N1CCCC1,train,317.433,1.4621000000000008,0.8339150901666755,23,50
subcategory_homologation.grow-single_426,CCCN(CCC)C1Cc2cccc3nc(S)n(c23)C1,0,authentic,authentic,,,c1cc2c3c(c1)ncn3CCC2,train,289.4480000000001,3.3717000000000024,0.8520830787749032,20,32
subcategory_homologation.grow-single_713,CC12NC(Cc3ccccc31)c1ccccc12,0,authentic,authentic,,,c1ccc2c(c1)CC1NC2c2ccccc21,train,221.303,3.150500000000002,0.7202842359274376,17,27
subcategory_homologation.grow-single_862,Cc1ccccc1CC1CCc2nc(N)nc(N)c2C1,0,authentic,authentic,,,c1ccc(CC2CCc3ncncc3C2)cc1,train,268.364,2.29702,0.8756940511426206,20,30
subcategory_homologation.grow-single_537,CCCn1c(=O)[nH]c2[nH]c(-c3ccc(S(=O)(=O)Oc4ccc([N+](=O)[O-])cc4)cc3)nc2c1=O,0,authentic,authentic,,,O=c1[nH]c(=O)c2nc(-c3ccc(S(=O)(=O)Oc4ccccc4)cc3)[nH]c2[nH]1,train,471.4510000000002,2.1658,0.2345251783452081,33,73
subcategory_homologation.grow-single_1262,CCCN(CCNC(=O)c1cc2cc(OC)ccc2[nH]1)c1ncccc1NC(C)(C)C,1,homologation,grow-single,COc1ccc2[nH]c(C(=O)N3CCN(c4ncccc4NC(C)(C)C)CC3)cc2c1,0 1 2 3 4 5 6 7 8 9 10 11 12 13 14 16 17 18,O=C(c1cc2ccccc2[nH]1)N1CCN(c2ccccn2)CC1,train,423.56100000000015,4.428300000000003,0.47432533444740016,31,51
subcategory_homologation.grow-single_1198,CCCCc1c(C(=O)OC)n(C2CCCCC2)c(=O)n1Cc1ccc(-c2ccccc2-c2nn[nH]n2)cc1,1,homologation,grow-single,CCCCc1c(C(=O)O)n(C2CCCCC2)c(=O)n1Cc1ccc(-c2ccccc2-c2nn[nH]n2)cc1,2,O=c1n(Cc2ccc(-c3ccccc3-c3nn[nH]n3)cc2)ccn1C1CCCCC1,train,514.6300000000002,5.179600000000004,0.3084869872386373,38,65
subcategory_homologation.grow-single_687,COc1c2occc2c(C[N+](C)(C)C)c2ccc(=O)oc12.[Cl-],0,authentic,authentic,,,O=c1ccc2cc3ccoc3cc2o1,train,323.77600000000007,-0.24199999999999977,0.4929438935348047,22,45
subcategory_homologation.grow-single_658,NS(=O)(=O)c1ccc(CCNC(=O)Cc2cc(=O)[nH]c(=O)[nH]2)cc1,0,authentic,authentic,,,O=C(Cc1cc(=O)[nH]c(=O)[nH]1)NCCc1ccccc1,val,352.37199999999996,-1.3879999999999986,0.5037164115050826,24,51
subcategory_homologation.grow-single_1596,C#CCNC(=O)c1cc(Oc2ccc(NC)cc2)ccn1,1,homologation,grow-single,C#CCNC(=O)c1cc(Oc2ccc(NC(=O)Nc3ccc(Cl)c(C(F)(F)F)c3)cc2)ccn1,,O=C(Nc1ccccc1)Nc1ccc(Oc2ccncc2)cc1,train,281.315,2.2786,0.8253190278132716,21,33
subcategory_homologation.grow-single_48,COCC1CCN(CCCc2cccc(OC)c2)CC1,0,authentic,authentic,,,c1ccc(CCCN2CCCCC2)cc1,train,277.4080000000001,2.986200000000002,0.7645608704848844,20,28
subcategory_homologation.grow-single_1323,CCCCCCCCN(CCCCC)CC(O)(Cn1cncn1)c1ccc(F)cc1F,1,homologation,grow-single,CCCCCCCCN(CCCCCCCC)CC(O)(Cn1cncn1)c1ccc(F)cc1F,,c1ccc(CCn2cncn2)cc1,train,436.591,5.296800000000006,0.36305552344187986,31,43
subcategory_homologation.grow-single_569,CC(/C=C/C(=O)C1=C(O)CN(C)C1=O)=C\C1CCCCC1,0,authentic,authentic,,,O=C(/C=C/C=C/C1CCCCC1)C1=CCNC1=O,train,289.37500000000006,2.9224000000000014,0.49162003204115295,21,41
subcategory_homologation.grow-single_437,O=C(C[C@@H](Cc1ccc(-c2ccc3c(c2)OCO3)cc1)C(=O)N[C@H]1c2ccccc2C[C@H]1O)NO,0,authentic,authentic,,,O=C(CCc1ccc(-c2ccc3c(c2)OCO3)cc1)N[C@@H]1CCc2ccccc21,train,474.51300000000015,2.911000000000001,0.30908503726598435,35,71
subcategory_homologation.grow-single_695,Cc1cc(-c2c(F)cc3c(=O)c(-c4ccccc4)cn(C4CC4)c3c2F)cc(C)n1,0,authentic,authentic,,,O=c1c(-c2ccccc2)cn(C2CC2)c2cc(-c3ccncc3)ccc12,train,402.4440000000002,5.960440000000004,0.42374123008280246,30,55
subcategory_homologation.grow-single_641,OCC1CCN(CCCN2CCC(CO)CC2)CC1,0,authentic,authentic,,,C1CCN(CCCN2CCCCC2)CC1,train,270.41700000000003,0.7851000000000001,0.7488558084673259,19,27
subcategory_homologation.grow-single_1673,CCN(C)C(=O)NCCc1ccc(S(=O)(=O)NC(=O)NC2CCCCCC2)cc1,1,homologation,grow-single,CC1CCN(C(=O)NCCc2ccc(S(=O)(=O)NC(=O)NC3CCCCCC3)cc2)C(=O)C1,1 2 3 4,O=C(NC1CCCCCC1)NS(=O)(=O)c1ccc(CCNC(=O)N2CCCCC2=O)cc1,test,424.5670000000003,2.6010999999999997,0.5848182598624615,29,49
subcategory_homologation.grow-single_1229,CCCCN(C[C@@H](O)[C@H](Cc1ccccc1)NC(=O)OC[C@H]1CNCCO1)S(=O)(=O)c1ccc(NO)cc1,1,homologation,grow-single,CC(C)CN(C[C@@H](O)[C@H](Cc1ccccc1)NC(=O)OC[C@H]1CNCCO1)S(=O)(=O)c1ccc(NO)cc1,4,O=C(N[C@H](CCNS(=O)(=O)c1ccccc1)Cc1ccccc1)OC[C@H]1CNCCO1,train,550.6780000000003,1.9653000000000014,0.2225613337607216,38,74
subcategory_homologation.grow-single_1555,[2H]C1([2H])N(CCOC)CCN(C2=Nc3cc(C)c(C)cc3Sc3ccccc32)C1([2H])C,1,homologation,grow-single,[2H]C1([2H])N(CCOCCO)CCN(C2=Nc3cc(C)c(C)cc3Sc3ccccc32)C1([2H])C,,c1ccc2c(c1)N=C(N1CCNCC1)c1ccccc1S2,train,398.5903053340001,4.498840000000004,0.7610006970891859,28,61
subcategory_homologation.grow-single_1498,COC1CCC2(C)C(CCC3C2CCC2(C)[C@@H](C4=CC(=O)OC4)C(O)CC32O)C1,1,homologation,grow-single,CC1OC(OC2CCC3(C)C(CCC4C3CCC3(C)[C@@H](C5=CC(=O)OC5)C(O)CC43O)C2)CC(O)C1O,2,O=C1C=C([C@H]2CCC3C4CCC5CC(OC6CCCCO6)CCC5C4CCC32)CO1,train,404.5470000000002,3.2292000000000023,0.6913244602754606,29,58
subcategory_homologation.grow-single_1361,CCCC1O[C@@H]2CC3C(CC)C([C@@]4(C)C=CC(=O)C=C4C)C(OC(C)=O)C[C@]3(C)[C@]2(C(=O)COC(C)=O)O1,1,homologation,grow-single,CCCC1O[C@@H]2CC3C4CCC5=CC(=O)C=C[C@]5(C)C4C(OC(C)=O)C[C@]3(C)[C@]2(C(=O)COC(C)=O)O1,2 7 13 14 15 20 21 22 27 32,O=C1C=CC2C(=C1)CCC1C2CCC2C1C[C@H]1OCOC21,train,530.6580000000004,4.494500000000005,0.42275762712535353,38,87
subcategory_homologation.grow-single_1120,CCCCNC(=O)c1cn[nH]c1N,1,homologation,grow-single,CN(C)CC(C)(C)CNC(=O)c1cn[nH]c1N,4,c1cn[nH]c1,train,182.22699999999998,0.5218,0.5934492556702453,13,21
subcategory_homologation.grow-single_307,O=C1NC(=O)C2(N1)c1ccccc1-c1ccc(C3CC3)cc12,0,authentic,authentic,,,O=C1NC(=O)C2(N1)c1ccccc1-c1ccc(C3CC3)cc12,test,290.32200000000006,2.6274000000000006,0.7932114955849064,22,41
subcategory_homologation.grow-single_423,CCN1CCC[C@H]1CNC(=O)c1cc(S(N)(=O)=O)ccc1OC,0,authentic,authentic,,,O=C(NC[C@@H]1CCCN1)c1ccccc1,train,341.4330000000001,0.5567000000000012,0.7869434425499668,23,42
subcategory_homologation.grow-single_226,CC1(C(=O)Nc2ccc(-c3ccccc3S(N)(=O)=O)cc2)CC(c2ccc(Cl)c(N)c2)=NO1,0,authentic,authentic,,,O=C(Nc1ccc(-c2ccccc2)cc1)C1CC(c2ccccc2)=NO1,train,484.96500000000026,3.7584000000000017,0.4733245358702769,33,63
subcategory_homologation.grow-single_1487,COC(=O)C(CCc1ccccc1)NC1CCCCCN(CC(=O)O)C1=O,1,homologation,grow-single,O=C(O)CN1CCCCCC(NC(CCc2ccccc2)C(=O)O)C1=O,2,O=C1NCCCCCC1NCCCc1ccccc1,train,376.4530000000002,1.6061999999999999,0.6693821531160163,27,42
subcategory_homologation.grow-single_1782,COc1ccc(-c2nnc3nc4ccccc4n3c2OC)cc1OC,1,homologation,grow-single,COc1ccc(-c2nnc3nc4ccccc4n3c2O)cc1OC,2,c1ccc(-c2cn3c(nn2)nc2ccccc23)cc1,test,336.3510000000001,2.970300000000001,0.5704908116884533,25,36
subcategory_homologation.grow-single_146,COc1ccc(Cl)cc1C(=O)NCCc1ccc(S(=O)(=O)NC(=O)N[C@H]2CCC[C@H](O)C2)cc1,0,authentic,authentic,,,O=C(NC1CCCCC1)NS(=O)(=O)c1ccc(CCNC(=O)c2ccccc2)cc1,train,510.0120000000003,2.6125000000000007,0.43195631944442875,34,67
subcategory_homologation.grow-single_309,COC(=O)Nc1nc2cc(C(=O)NCc3ccco3)ccc2[nH]1,0,authentic,authentic,,,O=C(NCc1ccco1)c1ccc2[nH]cnc2c1,train,314.30100000000004,2.2641999999999998,0.6840891382403311,23,40
subcategory_homologation.grow-single_1047,COc1cccc2c1c(=O)c1c(NCCN)ccc3c(CNCCCO)nn2c31,1,homologation,grow-single,NCCNc1ccc2c(CNCCCO)nn3c4cccc(O)c4c(=O)c1c23,2,O=c1c2ccccc2n2ncc3cccc1c32,train,395.4630000000002,1.2898999999999996,0.24939580315776114,29,44
subcategory_homologation.grow-single_1752,CCCCCC(C)c1cccc2c(C)cc(C3CCCCC3)nc12,1,homologation,grow-single,Cc1cc(C2CCCCC2)nc2c(C3CCCCC3)cccc12,0 1 2 3 4 5 7,c1cc(C2CCCCC2)c2nc(C3CCCCC3)ccc2c1,val,323.5240000000001,7.2747200000000065,0.5090688302319842,24,36
subcategory_homologation.grow-single_1430,CCCCCN(C)CCCOc1ccc(C(O)(CC)CC)cc1,1,homologation,grow-single,CCC(O)(CC)c1ccc(OCCCN2CCCCC2)cc1,0 1 2 3 4 5 7,c1ccc(OCCCN2CCCCC2)cc1,train,321.50500000000005,4.585100000000004,0.571753236201554,23,33
subcategory_homologation.grow-single_883,CC(C)NCC(O)COc1ccc(CNC(N)=O)cc1,0,authentic,authentic,,,c1ccccc1,train,281.356,0.5925999999999996,0.5605732158639317,20,31
subcategory_homologation.grow-single_1267,CCCc1ccc(OC)cc1-c1ccc(Cl)cc1,1,homologation,grow-single,COc1ccc(CC(=O)O)c(-c2ccc(Cl)cc2)c1,3,c1ccc(-c2ccccc2)cc1,train,260.76399999999995,4.968100000000004,0.7542990707041572,18,28
subcategory_homologation.grow-single_884,CCc1c(CCNCCCCCCNCCc2ccc(OC)cc2)ccc(OC)c1OC.Cl,0,authentic,authentic,,,c1ccc(CCNCCCCCCNCCc2ccccc2)cc1,test,479.1050000000002,5.221400000000005,0.30509376708009467,33,45
subcategory_homologation.grow-single_1162,CCOC(=O)C1=C(COCCN)NC(C)=C(CC)C1c1ccccc1Cl,1,homologation,grow-single,CCOC(=O)C1=C(COCCN)NC(C)=C(C(=O)OC)C1c1ccccc1Cl.O=C(O)CCCCC(=O)O,2,C1=CC(c2ccccc2)C=CN1,train,378.9,3.503300000000002,0.5346186371760094,26,42
subcategory_homologation.grow-single_1538,CCNc1cc2c(c(N)n1)N=C(c1ccc(C)cc1)CN2,1,homologation,grow-single,CCOC(=O)Nc1cc2c(c(N)n1)N=C(c1ccc(C)cc1)CN2,2,c1ccc(C2=Nc3cnccc3NC2)cc1,train,281.363,2.9503200000000005,0.8082341588853842,21,36
subcategory_homologation.grow-single_1145,COC(=O)c1ncn2c1CN(C)C(=O)c1cc(I)ccc1-2,1,homologation,grow-single,CN1Cc2c(C(=O)OC(C)(C)C)ncn2-c2ccc(I)cc2C1=O,,O=C1NCc2cncn2-c2ccccc21,train,397.172,1.8491,0.5445314100418381,21,38
subcategory_homologation.grow-single_1378,CCCCCN1CC=C(c2ccc(OC)cc2)CC1,1,homologation,grow-single,COc1ccc(C2=CCN(CCCCc3ccncc3)CC2)cc1,3,C1=C(c2ccccc2)CCN(CCCCc2ccncc2)C1,test,259.39300000000003,3.9745000000000035,0.716610539746673,19,28
subcategory_homologation.grow-single_835,O=C(Cc1ccc(F)cc1)NCc1nnc2n1CCCC2,0,authentic,authentic,,,O=C(Cc1ccccc1)NCc1nnc2n1CCCC2,val,288.3260000000001,1.6124,0.9295875240058408,21,32
subcategory_homologation.grow-single_1071,CCCOCCNc1c(C)cnc(CS(=O)c2nc3ccc(OC)cc3[nH]2)c1Cl,1,homologation,grow-single,COc1ccc2nc(S(=O)Cc3ncc(C)c(N4CCOCC4)c3Cl)[nH]c2c1,0 1 2 3 4 5 6,O=S(Cc1cc(N2CCOCC2)ccn1)c1nc2ccccc2[nH]1,train,436.96500000000015,4.074620000000003,0.4654104864467755,29,48
subcategory_homologation.grow-single_296,O=C1Nc2cccc3c2C1(CCCCN1CCN(c2ccccn2)CC1)CCC3,0,authentic,authentic,,,O=C1Nc2cccc3c2C1(CCCCN1CCN(c2ccccn2)CC1)CCC3,val,390.5310000000001,3.6003000000000025,0.765924099460069,29,44
subcategory_homologation.grow-single_515,C/C=C(\NC(=O)CCC1CCCCC1)C(=O)O,0,authentic,authentic,,,C1CCCCC1,train,239.3149999999999,2.4515000000000002,0.7240931480057445,17,30
subcategory_homologation.grow-single_143,CNCCCCOc1ccccc1Cc1ccccc1,0,authentic,authentic,,,c1ccc(Cc2ccccc2)cc1,train,269.388,3.655800000000003,0.7385025989589167,20,24
subcategory_homologation.grow-single_1837,CCN/N=C/c1ccc([N+](=O)[O-])o1,1,homologation,grow-single,C=CCNC(=S)N/N=C/c1ccc([N+](=O)[O-])o1,2,c1ccoc1,train,183.16699999999994,1.1312,0.4306892478292779,13,29
subcategory_homologation.grow-single_794,CC(=O)c1cc2ccc(=O)oc2cc1O,0,authentic,authentic,,,O=c1ccc2ccccc2o1,train,204.18099999999995,1.7011999999999998,0.5666733187628186,15,25
subcategory_homologation.grow-single_772,C#CCN(Cc1ccc2nc(C)nc(O)c2c1)c1ccc(C(=O)N[C@@H](C(=O)O)c2ccccc2)cc1,0,authentic,authentic,,,O=C(NCc1ccccc1)c1ccc(NCc2ccc3ncncc3c2)cc1,train,480.5240000000001,3.8393200000000016,0.32827674219051334,36,66
subcategory_homologation.grow-single_222,Cc1ccc(C)n1Nc1ccc(N2CCSCC2)nn1,0,authentic,authentic,,,c1ccn(Nc2ccc(N3CCSCC3)nn2)c1,train,289.408,2.32334,0.9393507696893119,20,30
subcategory_homologation.grow-single_1240,CCS(=O)(=O)c1ccc(Cl)cc1,1,homologation,grow-single,O=S(=O)(CS(=O)(=O)C(F)(F)F)c1ccc(Cl)cc1,2,c1ccccc1,train,204.678,2.1336000000000004,0.7398837356679026,12,23
subcategory_homologation.grow-single_239,CN1CCC(C2=Nc3cc(Cl)ccc3Nc3ccccc32)CC1,0,authentic,authentic,,,c1ccc2c(c1)N=C(C1CCNCC1)c1ccccc1N2,val,325.84300000000013,4.859600000000004,0.8104716438530917,23,37
subcategory_homologation.grow-single_449,CC/C(=C(\c1ccccc1)c1ccc(OCCN(C)C)cc1)c1ccccc1,0,authentic,authentic,,,C(=C(c1ccccc1)c1ccccc1)c1ccccc1,val,371.524,5.9961000000000055,0.4505726789966775,28,45
subcategory_homologation.grow-single_1450,CCCNCc1nn2c3cccc(O)c3c(=O)c3c(NCCN(C)C)ccc1c32,1,homologation,grow-single,CN(C)CCNCc1nn2c3cccc(O)c3c(=O)c3c(NCCN(C)C)ccc1c32,2,O=c1c2ccccc2n2ncc3cccc1c32,train,393.4910000000002,2.6174,0.31537072554333734,29,46
subcategory_homologation.grow-single_45,CCCN(CCC)C1Cc2cccc3nc(SC)n(c23)C1,0,authentic,authentic,,,c1cc2c3c(c1)ncn3CCC2,train,303.4750000000001,3.8049000000000026,0.7573450860811101,21,33
subcategory_homologation.grow-single_1468,CCOc1ccc(C(C#N)(CCCN([11CH3])CCc2ccc(OC)c(OC)c2)C(C)C)cc1OC,1,homologation,grow-single,COc1ccc(CCN([11CH3])CCCC(C#N)(c2ccc(OC)c(OC)c2)C(C)C)cc1OC,2,c1ccc(CCCCNCCc2ccccc2)cc1,train,467.6384336000002,5.483180000000006,0.36640168406442164,34,59
subcategory_homologation.grow-single_1326,CCCCC1=NC(C[C@H](C)CC)C(=O)N1Cc1ccc(-c2ccccc2-c2nn[nH]n2)cc1,1,homologation,grow-single,C.CCCCC1=NC2(CCCC2)C(=O)N1Cc1ccc(-c2ccccc2-c2nn[nH]n2)cc1,0 1 2 3 4,O=C1N(Cc2ccc(-c3ccccc3-c3nn[nH]n3)cc2)C=NC12CCCC2,train,444.5830000000001,5.2694000000000045,0.4614212281666112,33,60
subcategory_homologation.grow-single_49,O=c1[nH]cnc2c1ncn2C[C@H](O)CO,0,authentic,authentic,,,O=c1[nH]cnc2[nH]cnc12,train,210.19299999999998,-1.5272000000000003,0.5699694435260293,15,29
subcategory_homologation.grow-single_720,C[C@H]1C(S[C@H]2CCO[C@@H]2CN)=C(C(=O)O)N2C(=O)[C@H]([C@@H](C)O)C12,0,authentic,authentic,,,O=C1CC2CC(S[C@H]3CCOC3)=CN12,val,342.41700000000003,-0.010499999999999288,0.6022572509712478,23,66
subcategory_homologation.grow-single_1764,CO[N+](=O)c1ccc2c(c1)C(c1ccccc1Cl)NC(C)C(=O)N2,1,homologation,grow-single,CC1NC(c2ccccc2Cl)c2cc([N+](=O)[O-])ccc2NC1=O,2,O=C1CNC(c2ccccc2)c2ccccc2N1,test,346.7940000000001,3.3314000000000012,0.8362277296964159,24,46
subcategory_homologation.grow-single_1232,C[C@H]1CN=C(Nc2ccc(Sc3ccc(C(C)(C)C)cc3)cc2)N1,1,homologation,grow-single,CC(C)(C)c1ccc(Sc2ccc(NC3=NCCN3)cc2)cc1,6,c1ccc(Sc2ccc(NC3=NCCN3)cc2)cc1,train,339.508,4.894900000000004,0.8352718723851483,24,45
subcategory_homologation.grow-single_457,CCOc1ccc(Cc2cc([C@@H]3O[C@H](CO)[C@@H](O)[C@H](O)[C@H]3O)c(OCC3(F)COC3)cc2Cl)cc1,0,authentic,authentic,,,c1ccc(Cc2ccc(OCC3COC3)c([C@H]3CCCCO3)c2)cc1,val,512.9580000000003,1.9616999999999996,0.4026534329648024,35,80
subcategory_homologation.grow-single_1680,CCOc1ccc2c(C(=O)c3ccc(Cl)cc3)c(C)n(CC(=O)O)c2c1,1,homologation,grow-single,COc1ccc2c(C(=O)c3ccc(Cl)cc3)c(C)n(CC(=O)O)c2c1,2,O=C(c1ccccc1)c1c[nH]c2ccccc12,train,371.82000000000016,4.317420000000004,0.6551195915449736,26,47
subcategory_homologation.grow-single_608,C[C@@H](O)[C@H]1C(=O)N2C(C(=O)O)=C(S[C@@H]3CN[C@H](C(=O)NCCC(=O)NCCO)C3)[C@H](C)[C@H]12,0,authentic,authentic,,,O=C1C[C@H]2CC(S[C@H]3CCNC3)=CN12,train,470.54800000000034,-1.7813999999999965,0.202178555396304,32,87
subcategory_homologation.grow-single_1130,[2H]C([2H])([2H])C([2H])([2H])C([2H])([2H])CC1=NC2(CCCC2)C(=O)N1Cc1ccc(-c2ccccc2C)cc1,1,homologation,grow-single,[2H]C([2H])([2H])C([2H])([2H])C([2H])([2H])CC1=NC2(CCCC2)C(=O)N1Cc1ccc(-c2ccccc2-c2nn[nH]n2)cc1,7,O=C1N(Cc2ccc(-c3ccccc3-c3nn[nH]n3)cc2)C=NC12CCCC2,train,381.5707124460001,5.905720000000005,0.6124132747424869,28,85
subcategory_homologation.grow-single_68,CC1CC(C)CN(C(=O)CN2C(=O)NC(c3ccccc3)(c3ccccc3)C2=O)C1,0,authentic,authentic,,,O=C(CN1C(=O)NC(c2ccccc2)(c2ccccc2)C1=O)N1CCCCC1,train,405.49800000000016,2.9865000000000013,0.7953659993155903,30,53
subcategory_homologation.grow-single_211,CNCC[C@@H](Oc1ccccc1C)c1ccccc1.Cl,0,authentic,authentic,,,c1ccc(COc2ccccc2)cc1,train,291.82199999999995,4.146420000000004,0.8632623386728676,20,33
subcategory_homologation.grow-single_246,O=C(O)Cc1ccc(-c2ccccc2-c2ccccc2)cc1,0,authentic,authentic,,,c1ccc(-c2ccccc2-c2ccccc2)cc1,test,288.346,4.647700000000003,0.7585404007823643,22,35
subcategory_homologation.grow-single_1285,CCCN1CCC(c2cccc(OC(C)(C)CC)c2)CC1,1,homologation,grow-single,CCCN1CCC(c2cccc(OC(C)(C)C)c2)CC1,2,c1ccc(C2CCNCC2)cc1,train,289.463,4.843400000000004,0.7424645114021545,21,33
subcategory_homologation.grow-single_1046,COc1c(C)c(O)c2c(c1C(C)=O)OC1=CC(O)=C(C(C)=O)C(=O)[C@@]12C,1,homologation,grow-single,CC(=O)C1=C(O)C=C2Oc3c(C(C)=O)c(O)c(C)c(O)c3[C@@]2(C)C1=O,2,O=C1C=CC=C2Oc3ccccc3C12,train,358.3460000000001,2.429620000000001,0.6305161461427369,26,57
subcategory_homologation.grow-single_629,CC(C)(C)NCC(O)COC(=O)c1cccc(N)c1,0,authentic,authentic,,,c1ccccc1,train,266.34099999999995,1.1745999999999999,0.550180570203826,19,32
subcategory_homologation.grow-single_429,CCN(CC)CC(=O)Nc1ccc(S(=O)(=O)N(CC(C)C)C[C@@H](O)[C@H](Cc2ccccc2)NC(=O)O[C@H]2CO[C@H]3OCC[C@H]32)cc1,0,authentic,authentic,,,O=C(N[C@H](CCNS(=O)(=O)c1ccccc1)Cc1ccccc1)O[C@H]1CO[C@H]2OCC[C@H]21,train,660.8340000000002,3.073400000000002,0.24729577541798134,46,99
subcategory_homologation.grow-single_1747,CCCCN(C(C)=O)C(=O)NCCc1ccc(S(=O)(=O)NC(=O)NC2CCC(C(C)C)CC2)cc1,1,homologation,grow-single,CC1CCN(C(=O)NCCc2ccc(S(=O)(=O)NC(=O)NC3CCC(C(C)C)CC3)cc2)C(=O)C1,0 1 2 3 4 6 9 10,O=C(NC1CCCCC1)NS(=O)(=O)c1ccc(CCNC(=O)N2CCCCC2=O)cc1,train,508.6850000000003,3.7900000000000027,0.4434707033309254,35,62
subcategory_homologation.grow-single_995,CCOc1ccc(-c2cc(C(N)=O)c(Cl)nn2)cc1,1,homologation,grow-single,COc1ccc(-c2cc(C(N)=O)c(Cl)nn2)cc1,3,c1ccc(-c2cccnn2)cc1,train,277.71099999999996,2.2946,0.9299276621186074,19,34
subcategory_homologation.grow-single_959,CCOc1ccc(C(=O)c2ccccc2)cc1CCC(=O)O,1,homologation,grow-single,CC(C)(C)C(=O)Oc1ccc(C(=O)c2ccccc2)cc1CCC(=O)O,,O=C(c1ccccc1)c1ccccc1,train,298.338,3.333500000000001,0.796311197655957,22,34
subcategory_homologation.grow-single_115,CCOC(=O)C1=C(O)C(=O)N(CCc2ccccc2)C1,0,authentic,authentic,,,O=C1C=CCN1CCc1ccccc1,val,275.30400000000003,1.4465,0.825836110288132,20,35
subcategory_homologation.grow-single_783,[2H]C([2H])([2H])N(C[C@H]1CCCC[C@]1(O)c1cccc(O)c1)C([2H])([2H])[2H],0,authentic,authentic,,,c1ccc(C2CCCCC2)cc1,train,255.39061066800002,2.331600000000001,0.8709931938062696,18,67
subcategory_homologation.grow-single_1271,CCC(CC)[C@@H]1NC(C(=O)O)=C(S[C@@H]2CN[C@H](C(=O)NCCC(=O)OC)C2)[C@@H]1C,1,homologation,grow-single,COC(=O)CCNC(=O)[C@@H]1C[C@H](SC2=C(C(=O)O)N3C(=O)[C@H]([C@@H](C)O)[C@H]3[C@H]2C)CN1,1 2 3 4 5,O=C1C[C@H]2CC(S[C@H]3CCNC3)=CN12,train,427.5670000000003,1.4697000000000011,0.3874073573503168,29,70
subcategory_homologation.grow-single_1808,CCOc1cccc(/C(C)=C(\C)Cn2oc(=O)[nH]c2=O)c1,1,homologation,grow-single,C/C(Cn1oc(=O)[nH]c1=O)=C(/C)c1cccc(OCc2nc(-c3ccc(C(F)(F)F)cc3)oc2C)c1,2,O=c1[nH]c(=O)n(CC=Cc2cccc(OCc3coc(-c4ccccc4)n3)c2)o1,train,290.319,2.0218999999999996,0.913561273262318,21,41
subcategory_homologation.grow-single_193,O=C1NC2(c3ccccc3)CCCCN1C2=O,0,authentic,authentic,,,O=C1NC2(c3ccccc3)CCCCN1C2=O,test,230.2669999999999,1.6176000000000001,0.7451475595938359,17,27
subcategory_homologation.grow-single_1186,CCn1c(Nc2ccc(Oc3ccnc(C(N)=O)c3)cc2)nc(=O)n(C)c1=O,1,homologation,grow-single,Cn1c(=O)nc(Nc2ccc(Oc3ccnc(C(N)=O)c3)cc2)n(Cc2ccc(Cl)cc2)c1=O,2,O=c1nc(Nc2ccc(Oc3ccncc3)cc2)n(Cc2ccccc2)c(=O)[nH]1,train,382.3800000000001,0.9916999999999999,0.6490677199634217,28,49
subcategory_homologation.grow-single_1839,CCOC[C@H](C)Oc1cc2ncnc(Nc3ccc(F)c(Cl)c3)c2cc1NC(=O)/C(F)=C/CN1CCOCC1,1,homologation,grow-single,O=C(Nc1cc2c(Nc3ccc(F)c(Cl)c3)ncnc2cc1O[C@H]1CCOC1)/C(F)=C/CN1CCOCC1,0 1 2 3 4 6,O=C(/C=C/CN1CCOCC1)Nc1cc2c(Nc3ccccc3)ncnc2cc1O[C@H]1CCOC1,train,562.017,5.093800000000004,0.31234422391464683,39,68
subcategory_homologation.grow-single_1429,CCO[C@]1(c2cccc(OC)c2)CCCC[C@@H]1CN(C)C,1,homologation,grow-single,COc1cccc([C@@]2(OCC3CC3)CCCC[C@@H]2CN(C)C)c1,2,c1ccc(C2(OCC3CC3)CCCCC2)cc1,train,291.43499999999995,3.6788000000000025,0.797830551311926,21,39
subcategory_homologation.grow-single_471,CN(C)CCN1CCN(C2=Nc3cc(C(F)(F)F)ccc3Nc3cscc32)CC1,0,authentic,authentic,,,c1ccc2c(c1)N=C(N1CCNCC1)c1cscc1N2,train,423.50800000000015,4.081400000000003,0.8068198971912428,29,48
subcategory_homologation.grow-single_253,CN1CCC(COC(c2ccccc2)c2ccccc2)CC1,0,authentic,authentic,,,c1ccc(C(OCC2CCNCC2)c2ccccc2)cc1,train,295.4260000000001,4.134400000000004,0.8219441177037757,22,32
subcategory_homologation.grow-single_235,CNC(=O)c1cccnc1N1CCN(C(=O)c2cc3ccccc3[nH]2)CC1,0,authentic,authentic,,,O=C(c1cc2ccccc2[nH]1)N1CCN(c2ccccn2)CC1,train,363.4210000000001,1.8848999999999998,0.7445489487329784,27,46
subcategory_homologation.grow-single_843,COc1cc(CC(C)N)c(OC)cc1C,0,authentic,authentic,,,c1ccccc1,train,209.289,1.90192,0.8233666570424436,15,23
subcategory_homologation.grow-single_1416,CCOCC1CN(C(=O)c2cc(OC)c(OC)c(OC)c2)CCN1C(=O)c1cc(OC)c(OC)c(OC)c1,1,homologation,grow-single,CCCN(CCC)C(=O)OCC1CN(C(=O)c2cc(OC)c(OC)c(OC)c2)CCN1C(=O)c1cc(OC)c(OC)c(OC)c1,2,O=C(c1ccccc1)N1CCN(C(=O)c2ccccc2)CC1,train,532.5900000000004,2.741500000000001,0.4319633943408639,38,64
subcategory_homologation.grow-single_544,NC1CCN(CC(=O)N2CCCC2)C1=O,0,authentic,authentic,,,O=C(CN1CCCC1=O)N1CCCC1,val,211.26499999999993,-0.8315999999999995,0.6479196408888025,15,25
subcategory_homologation.grow-single_434,CC(=O)Nc1ccc(/C=C/c2ccc(Br)cc2)cc1,0,authentic,authentic,,,C(=C\c1ccccc1)/c1ccccc1,train,316.198,4.577900000000003,0.8253148355551501,19,34
subcategory_homologation.grow-single_557,Cl.OCCN1CCN(C2=Nc3ccccc3Sc3ccccc32)CC1,0,authentic,authentic,,,c1ccc2c(c1)N=C(N1CCNCC1)c1ccccc1S2,train,375.9250000000002,3.2612000000000014,0.8740203043205925,25,38
subcategory_homologation.grow-single_1531,CCN1C(=O)NC(c2ccccc2)C1=O,1,homologation,grow-single,C[C@@H](C1CC1)N(Cc1ccccc1)C(=O)CN1C(=O)NC(c2ccccc2)C1=O,,O=C(CN1C(=O)NC(c2ccccc2)C1=O)N(Cc1ccccc1)CC1CC1,val,204.22899999999998,1.2993999999999999,0.7380128478007799,15,25
subcategory_homologation.grow-single_1825,Cc1ccccc1Cn1cnc2c(N(C)C)ncnc21,1,homologation,grow-single,CN(C)c1ncnc2c1ncn2Cc1cccc(Br)c1,8,c1ccc(Cn2cnc3cncnc32)cc1,train,267.336,2.24902,0.7299450161382953,20,30
subcategory_homologation.grow-single_474,CN1CCN(c2c(F)cc3c(=O)c(C(=O)O)cn(CCF)c3c2F)CC1,0,authentic,authentic,,,O=c1cc[nH]c2cc(N3CCNCC3)ccc12,train,369.3430000000002,1.6991999999999998,0.8887969358156733,26,46
subcategory_homologation.grow-single_1377,CCCCC/C=C(\c1ccc(O)cc1)c1ccc(OC)cc1,1,homologation,grow-single,CCCCC/C=C(\c1ccc(O)cc1)c1ccc(OCCN2CCCC2)cc1,,C=C(c1ccccc1)c1ccc(OCCN2CCCC2)cc1,train,296.41,5.412800000000006,0.6918835404076551,22,35
subcategory_homologation.grow-single_1052,CCOc1ccc(/C(C)=C/Cn2oc(=O)[nH]c2=O)cc1,1,homologation,grow-single,C/C(=C\Cn1oc(=O)[nH]c1=O)c1ccc(OCc2nc(-c3ccc(C(F)(F)F)cc3)oc2C)cc1,3,O=c1[nH]c(=O)n(CC=Cc2ccc(OCc3coc(-c4ccccc4)n3)cc2)o1,train,276.292,1.6317999999999995,0.9000415608851721,20,38
subcategory_homologation.grow-single_774,CCCCC(=O)OCC(=O)NCc1ccc(-c2ccccc2-c2nn[nH]n2)cc1,0,authentic,authentic,,,c1ccc(-c2ccccc2-c2nn[nH]n2)cc1,train,393.44700000000006,2.8833,0.5410717181534054,29,48
subcategory_homologation.grow-single_976,CCCc1ccc(SC)c(S(=O)(=O)NC(=S)NC)c1,1,homologation,grow-single,CNC(=S)NS(=O)(=O)c1cc(CCNC(=O)c2cc(Cl)ccc2OC)ccc1SC,2,O=C(NCCc1ccccc1)c1ccccc1,train,318.489,2.1436,0.6433621704983961,19,34
subcategory_homologation.grow-single_854,CC1(C)N=C(N)N=C(N)N1c1ccccc1,0,authentic,authentic,,,C1=NC=NCN1c1ccccc1,train,217.27600000000004,0.8720999999999999,0.7321565710277081,16,28
subcategory_homologation.grow-single_228,O=C(c1ccc(Cl)cc1)C(O)(Cn1ccnc1)c1ccc(Cl)cc1,0,authentic,authentic,,,O=C(c1ccccc1)C(Cn1ccnc1)c1ccccc1,train,361.22800000000007,3.960600000000002,0.700188272010192,24,43
subcategory_homologation.grow-single_745,CCCC1=NC(=O)C(C)(C)N1Cc1ccc(-c2ccccc2-c2nn[nH]n2)cc1,0,authentic,authentic,,,O=C1CN(Cc2ccc(-c3ccccc3-c3nn[nH]n3)cc2)C=N1,train,388.475,3.853100000000002,0.692901449249036,29,52
subcategory_homologation.grow-single_130,COc1cccc2c1CCC[C@H]2CN(C)CCc1ccc2c(c1)NCC2,0,authentic,authentic,,,c1ccc2c(c1)CCC[C@H]2CNCCc1ccc2c(c1)NCC2,train,350.50600000000003,4.257600000000004,0.8424584676152767,26,42
subcategory_homologation.grow-single_1365,COC[C@@H](OC(=O)N[C@@H](Cc1ccccc1)[C@H](O)CN(CC(C)C)S(=O)(=O)c1ccc(N)cc1)[C@H]1[CH]OCC1,1,homologation,grow-single,CC(C)CN(C[C@@H](O)[C@H](Cc1ccccc1)NC(=O)O[C@@H]1CO[C@H]2OCC[C@H]21)S(=O)(=O)c1ccc(N)cc1,0 1 2 3 5 7 8 11 12,O=C(N[C@H](CCNS(=O)(=O)c1ccccc1)Cc1ccccc1)O[C@@H]1CO[C@H]2OCC[C@H]21,train,562.7090000000003,2.8271900000000008,0.29873889898412037,39,87
subcategory_homologation.grow-single_1470,CCCCc1nc2c(n1Cc1ccccc1C)/C(=C/C(=O)O)CCCC2,1,homologation,grow-single,CCCCc1nc2c(n1Cc1ccc(-c3ccccc3-c3nn[nH]n3)cc1)/C(=C/C(=O)O)CCCC2,7,C=C1CCCCc2ncn(Cc3ccc(-c4ccccc4-c4nn[nH]n4)cc3)c21,test,352.47800000000024,4.776820000000004,0.601295437163211,26,42
subcategory_homologation.grow-single_550,CCCC/C=C\c1cccc(OCc2ccc3ccccc3n2)c1,0,authentic,authentic,,,c1ccc(OCc2ccc3ccccc3n2)cc1,train,317.432,6.017200000000005,0.4972350809666586,24,35
subcategory_homologation.grow-single_182,Cc1nc2c3c(c(C(=O)N4CCCC4)cn2c1C)CCC(c1ccccc1)C3,0,authentic,authentic,,,O=C(c1cn2ccnc2c2c1CCC(c1ccccc1)C2)N1CCCC1,val,373.50000000000006,4.459640000000004,0.6650554417752754,28,47
subcategory_homologation.grow-single_1725,CCC(C)CC(=O)c1ccc(OCCCCOc2cc(C(=O)O)ccc2C)c(C)c1O,1,homologation,grow-single,Cc1ccc(C(=O)O)cc1OCCCCOc1ccc(C(=O)CC(C)C)c(O)c1C,2,c1ccc(OCCCCOc2ccccc2)cc1,train,428.52500000000015,5.564140000000006,0.3393406305160217,31,49
subcategory_homologation.grow-single_1455,CCCN(CCNC1=Nc2ccccc2Sc2ccc(C)cc21)CCOCCO,1,homologation,grow-single,Cc1ccc2c(c1)C(N1CCN(CCOCCO)CC1)=Nc1ccccc1S2,0 1 2 3 4 5 6 7 8 9 10 12 15,c1ccc2c(c1)N=C(N1CCNCC1)c1ccccc1S2,train,413.5870000000003,3.848420000000003,0.5796572974943917,29,40
subcategory_homologation.grow-single_880,CCCCC1O[C@@H]2C[C@H]3[C@@H]4CCC5=CC(=O)C=C[C@]5(C)[C@H]4[C@@H](O)C[C@]3(C)[C@]2(C(=O)CO)O1,0,authentic,authentic,,,O=C1C=CC2C(=C1)CC[C@@H]1[C@@H]2CCC2C3OCO[C@@H]3C[C@H]21,train,444.56800000000027,3.1069000000000018,0.6769159446804331,32,90
subcategory_homologation.grow-single_669,CC(C)(C)[C@@H](O)CC[C@H]1C(=O)N(c2ccc(F)cc2)[C@@H]1c1ccc(O)cc1,0,authentic,authentic,,,O=C1C[C@@H](c2ccccc2)N1c1ccccc1,train,371.45200000000006,4.4226000000000045,0.7649381919654118,27,62
subcategory_homologation.grow-single_136,CCC(COc1cccc(C(F)(F)F)c1)OC(=O)NCCCc1ccccc1,0,authentic,authentic,,,O=C(NCCCc1ccccc1)OCCOc1ccccc1,train,395.4210000000001,5.221800000000004,0.592259421734229,28,43
subcategory_homologation.grow-single_552,CCCCC(=O)N(Cc1ccc(-c2ccccc2)c(-c2nn[nH]n2)c1)C(C)C(=O)OC,0,authentic,authentic,,,c1ccc(-c2ccccc2-c2nn[nH]n2)cc1,train,421.50100000000015,3.6140000000000017,0.529766822647978,31,56
subcategory_homologation.grow-single_1746,CCOC1C(=O)N(CC[N+](C)(C)O)c2ccccc2SC1c1ccc(OC)cc1,1,homologation,grow-single,COc1ccc(C2Sc3ccccc3N(CC[N+](C)(C)O)C(=O)C2OC(C)=O)cc1,,O=C1CC(c2ccccc2)Sc2ccccc2N1,train,417.55100000000016,3.7459000000000024,0.5493005467475781,29,49
subcategory_homologation.grow-single_1082,CNS(=O)(=O)c1cc2c(s1)S(=O)(=O)[C@@H](C)C[C@@H]2N,1,homologation,grow-single,C[C@H]1C[C@H](N)c2cc(S(N)(=O)=O)sc2S1(=O)=O,2,O=S1(=O)CCCc2ccsc21,train,310.4220000000001,0.22190000000000054,0.8125791966077258,18,48
subcategory_homologation.grow-single_699,CCCCCC(O)c1cccc(OCc2ccccc2C(=O)O)c1,0,authentic,authentic,,,c1ccc(COc2ccccc2)cc1,train,328.4080000000001,4.577500000000003,0.6613544826334029,24,35
subcategory_homologation.grow-single_1247,COc1ccc([C@H]2Sc3cc(Oc4ccc(F)cc4)ccc3N(CCN(C)C)C(=O)[C@H]2OC)cc1,1,homologation,grow-single,COc1ccc([C@H]2Sc3cc(Oc4ccc(F)cc4)ccc3N(CCN(C)C)C(=O)[C@H]2O)cc1,2,O=C1C[C@@H](c2ccccc2)Sc2cc(Oc3ccccc3)ccc2N1,test,496.60400000000027,5.383200000000007,0.41726491845442104,35,64
subcategory_homologation.grow-single_384,CCOC(=O)Nc1cc2c(c(N)n1)N=C(c1ccc(C)cc1C)CN2,0,authentic,authentic,,,c1ccc(C2=Nc3cnccc3NC2)cc1,train,339.39900000000006,3.395340000000002,0.7953362014764915,25,43
subcategory_homologation.grow-single_386,C[C@H](Cn1cnc2c(N)ncnc21)OCP(=O)(O)O.O,0,authentic,authentic,,,c1ncc2nc[nH]c2n1,train,305.231,-0.8759000000000003,0.5982531606677406,20,38
subcategory_homologation.grow-single_1350,CCCCCCC(C)NC(=O)NS(=O)(=O)c1ccc(CC(C)N)cc1,1,homologation,grow-single,CC(N)Cc1ccc(S(=O)(=O)NC(=O)NC2CCC(C)CC2)cc1,0 1 2 3 4 5 6 8,O=C(NC1CCCCC1)NS(=O)(=O)c1ccccc1,train,369.5310000000001,2.9231000000000007,0.551915296446508,25,42
subcategory_homologation.grow-single_1493,CCCCCN(Cc1ccc(-c2ccccc2-c2nn[nH]n2)cc1)C(=O)CN(CC(=O)O)Cc1ccccc1,1,homologation,grow-single,CCCCN(Cc1ccc(-c2ccccc2-c2nn[nH]n2)cc1)C(=O)CN(CC(=O)O)Cc1ccccc1,5,O=C(CNCc1ccccc1)NCc1ccc(-c2ccccc2-c2nn[nH]n2)cc1,test,526.6410000000003,4.639300000000003,0.23006593940848916,39,64
subcategory_homologation.grow-single_1798,CCCNC1Cc2cccc3ccc(OC)c(c23)C1,1,homologation,grow-single,CCC(=O)NC1Cc2cccc3ccc(OC)c(c23)C1,,c1cc2c3c(cccc3c1)CCC2,test,255.36099999999996,3.3152000000000017,0.9046444441852441,19,29
subcategory_homologation.grow-single_1452,CCOc1cc2c(cc1C(CC)c1ccc(OC)cc1)OCO2,1,homologation,grow-single,CCOc1cc2c(cc1C(C)c1ccc(OC)cc1)OCO2,2,c1ccc(Cc2ccc3c(c2)OCO3)cc1,test,314.38100000000003,4.364500000000003,0.7934097060229692,23,35
subcategory_homologation.grow-single_1591,COC(=O)[C@@H]1C[C@H](C2CCCCC2)CN1C(=O)[C@H](C)N[C@@H](CCc1ccccc1)C(=O)O,1,homologation,grow-single,C[C@H](N[C@@H](CCc1ccccc1)C(=O)O)C(=O)N1C[C@@H](C2CCCCC2)C[C@H]1C(=O)O,2,O=C(CNCCCc1ccccc1)N1CC[C@H](C2CCCCC2)C1,train,444.5720000000001,3.0209,0.5686524334595732,32,71
subcategory_homologation.grow-single_912,CC1=CC(=O)N(C(=O)NCCc2ccc(S(=O)(=O)NC(=O)NC3CCC(C)CC3)cc2)C1,0,authentic,authentic,,,O=C(NC1CCCCC1)NS(=O)(=O)c1ccc(CCNC(=O)N2CC=CC2=O)cc1,train,462.5720000000003,2.293799999999999,0.5982673778557281,32,60
subcategory_homologation.grow-single_1663,CCOc1ccc(Cc2ccc(NC3=NCCN3)cc2)cc1,1,homologation,grow-single,COc1ccc(Cc2ccc(NC3=NCCN3)cc2)cc1,3,c1ccc(Cc2ccc(NC3=NCCN3)cc2)cc1,train,295.386,3.047200000000001,0.8909412595554065,22,33
subcategory_homologation.grow-single_430,O=C(Nc1ccccc1)Nc1cccc(O)c1,0,authentic,authentic,,,O=C(Nc1ccccc1)Nc1ccccc1,train,228.25099999999998,3.036200000000001,0.7393947844797919,17,26
subcategory_homologation.grow-single_661,O=C(NCCCCn1cncn1)c1ccco1,0,authentic,authentic,,,O=C(NCCCCn1cncn1)c1ccco1,train,234.25900000000001,1.0812999999999997,0.7589638685667517,17,24
subcategory_homologation.grow-single_1805,CCCNC(=O)c1cc(OC)c(CC(N)CC)cc1OC,1,homologation,grow-single,CCCNC(=O)c1cc(OC)c(CC(C)N)cc1OC,2,c1ccccc1,train,294.395,2.1233999999999993,0.7700100180605247,21,32
subcategory_homologation.grow-single_656,COC(=O)N[C@@H](C(=O)N1CCC[C@H]1C(=O)NCC#Cc1c[nH]cn1)C(c1ccccc1)c1ccccc1,0,authentic,authentic,,,O=C(NCC#Cc1c[nH]cn1)[C@@H]1CCCN1C(=O)CC(c1ccccc1)c1ccccc1,val,499.5710000000001,2.4251000000000014,0.4319891138675644,37,71
subcategory_homologation.grow-single_1516,CCc1cc(-n2ccc(=O)[nH]c2=O)cc(C)c1Sc1ccc(Cl)cc1,1,homologation,grow-single,Cc1cc(-n2ccc(=O)[nH]c2=O)cc(C)c1Sc1ccc(Cl)cc1,2,O=c1ccn(-c2ccc(Sc3ccccc3)cc2)c(=O)[nH]1,train,372.87700000000007,4.201220000000003,0.746233651907718,25,46
subcategory_homologation.grow-single_1638,CCc1cn(CCCCCO)c2ccccc12,1,homologation,grow-single,Cn1cc(C2=C(c3cn(CCCCCO)c4ccccc34)C(=O)NC2=O)c2ccccc21,1 2,O=C1NC(=O)C(c2c[nH]c3ccccc23)=C1c1c[nH]c2ccccc12,train,231.339,3.3663000000000025,0.7575884251105423,17,23
subcategory_homologation.grow-single_787,Cc1oc(-c2ccc(C(F)(F)F)cc2)nc1COc1cccc(/C(=C/Cn2oc(=O)[nH]c2=O)c2ccccc2)c1,0,authentic,authentic,,,O=c1[nH]c(=O)n(C/C=C(\c2ccccc2)c2cccc(OCc3coc(-c4ccccc4)n3)c2)o1,train,549.5050000000003,5.822720000000006,0.2616051223905621,40,73
subcategory_homologation.grow-single_1646,CCC(=CC(=O)O)[C@@H]1C(=O)CC2(O)C3CCC4CC(OC(C)=O)CCC4(C)C3CCC12C,1,homologation,grow-single,CC(=O)OC1CCC2(C)C(CCC3C2CCC2(C)[C@H](C4=CC(=O)OC4)C(=O)CC32O)C1,0 1 2 4 7 13 14,O=C1C=C([C@@H]2C(=O)CC3C4CCC5CCCCC5C4CCC32)CO1,train,446.5840000000003,4.291900000000004,0.4934227359393285,32,63
subcategory_homologation.grow-single_418,CCC1=C(C)CN(C(=O)NCCc2ccc(S(=O)(=O)OC(=O)NC)cc2)C1=O,0,authentic,authentic,,,O=C1C=CCN1C(=O)NCCc1ccccc1,train,409.46400000000017,1.5520999999999998,0.6876895218062343,28,52
subcategory_homologation.grow-single_293,C=CC(=O)N1CCC(Oc2cc3c(Nc4ccc(Cl)c(Cl)c4F)ncnc3cc2OC)CC1,0,authentic,authentic,,,c1ccc(Nc2ncnc3ccc(OC4CCNCC4)cc23)cc1,train,491.3500000000003,5.383700000000005,0.3685750436003223,33,55
subcategory_homologation.grow-single_32,NC(=O)c1cc2c(SCc3ccc(Cl)cc3)cncc2s1,0,authentic,authentic,,,c1ccc(CSc2cncc3sccc23)cc1,test,334.853,4.340900000000001,0.721894710585219,21,35
subcategory_homologation.grow-single_1049,CCCN([11CH3])CCCC(C#N)(c1ccc(OC)c(OC)c1)C(C)C,1,homologation,grow-single,COc1ccc(CCN([11CH3])CCCC(C#N)(c2ccc(OC)c(OC)c2)C(C)C)cc1OC,2,c1ccc(CCCCNCCc2ccccc2)cc1,train,331.48843360000006,4.243180000000004,0.6430160015156103,24,45
subcategory_homologation.grow-single_1760,CCOC/C(C)=C/Cc1c(O)c2c(c(C)c1CC)COC2=O,1,homologation,grow-single,CCc1c(C)c2c(c(O)c1C/C=C(\C)COCP(=O)(O)O)C(=O)OC2,3,O=C1OCc2ccccc21,train,304.3860000000001,3.4587200000000022,0.6457311949449489,22,38
subcategory_homologation.grow-single_70,COc1cc2nc(N3CCC(C(=O)NCc4ccccc4)CC3)nc(N)c2cc1OC,0,authentic,authentic,,,O=C(NCc1ccccc1)C1CCN(c2ncc3ccccc3n2)CC1,train,421.50100000000026,2.7620000000000005,0.6308120969933881,31,48
subcategory_homologation.grow-single_1545,CNc1cc2c(ccc3cc(O)ccc32)o1,1,homologation,grow-single,O=[N+]([O-])c1cc2c(ccc3cc(O)ccc32)o1,2,c1ccc2c(c1)ccc1occc12,train,213.236,3.3333000000000013,0.6512853967302037,16,26
subcategory_homologation.grow-single_1486,CO[C@@H]1C[C@H]2[C@@H]3CCC4=CC(=O)C=C[C@]4(C)[C@H]3[C@@H](O)C[C@]2(C)[C@@]1(OC(C)C)C(=O)CO,1,homologation,grow-single,CC1(C)O[C@@H]2C[C@H]3[C@@H]4CCC5=CC(=O)C=C[C@]5(C)[C@H]4[C@@H](O)C[C@]3(C)[C@]2(C(=O)CO)O1,1 2 8 14 19 20,O=C1C=CC2C(=C1)CC[C@@H]1[C@@H]2CCC2C3OCO[C@@H]3C[C@H]21,train,432.5570000000003,2.615200000000001,0.6937825702591766,31,90
subcategory_homologation.grow-single_61,Fc1c(Cl)ccc(NCC2=NCCN2)c1Cl,0,authentic,authentic,,,c1ccc(NCC2=NCCN2)cc1,val,262.11499999999995,2.546099999999999,0.8211061825985101,16,27
subcategory_homologation.grow-single_554,CCCCCc1cc(OC(=O)c2c(O)cc(O)cc2CCCCC)cc(O)c1C(=O)O,0,authentic,authentic,,,O=C(Oc1ccccc1)c1ccccc1,val,430.4970000000003,5.186200000000005,0.21969746618480657,31,49
subcategory_homologation.grow-single_65,Nc1nc(N)c2cc(CNC(=O)c3ccc(Cl)c(Cl)c3)ccc2n1,0,authentic,authentic,,,O=C(NCc1ccc2ncncc2c1)c1ccccc1,val,362.22,3.0310000000000006,0.6639481976882139,24,43
subcategory_homologation.grow-single_717,CC1(C)Oc2ccc(C#N)cc2[C@@H](N2CCCC2=O)[C@@H]1O,0,authentic,authentic,,,O=C1CCCN1[C@H]1CCOc2ccccc21,test,286.33099999999996,1.7536799999999997,0.8533089232658041,21,45
subcategory_homologation.grow-single_352,CO[C@H]1[C@H](O[C@H]2CC[C@]3(C=O)[C@H]4CC[C@]5(C)[C@@H](C6=CC(=O)OC6)CC[C@]5(O)[C@@H]4CC[C@]3(O)C2)O[C@H](C)[C@@H](O)[C@@H]1OC,0,authentic,authentic,,,O=C1C=C([C@H]2CCC3C2CC[C@@H]2C4CC[C@H](O[C@H]5CCCCO5)CC4CC[C@@H]32)CO1,train,578.6990000000005,2.0582,0.2436701055841861,41,126
subcategory_homologation.grow-single_433,CCC1=C(C)C(C=O)N(C(=O)NCCc2ccc(S(=O)(=O)NC(=O)NC3CCC(C)CC3)cc2)C1=O,0,authentic,authentic,,,O=C(NC1CCCCC1)NS(=O)(=O)c1ccc(CCNC(=O)N2CC=CC2=O)cc1,train,518.6360000000003,2.6415000000000006,0.4518573574516366,36,67
subcategory_homologation.grow-single_46,OCCOC(O)(O)C(O)(O)N1CCN(C2=Nc3ccccc3Sc3ccccc32)CC1,0,authentic,authentic,,,c1ccc2c(c1)N=C(N1CCNCC1)c1ccccc1S2,train,447.51300000000015,0.13280000000000047,0.40634256187868006,31,50
subcategory_homologation.grow-single_1102,COC(Cn1cncn1)(C(=O)c1ccco1)c1ccco1,1,homologation,grow-single,O=C(c1ccco1)C(O)(Cn1cncn1)c1ccco1,2,O=C(c1ccco1)C(Cn1cncn1)c1ccco1,test,287.27500000000003,1.8889000000000002,0.6436797631125012,21,34
subcategory_homologation.grow-single_1098,CCC(C)OCC(COC(C)C)OCn1cnc2c(=O)[nH]c(N)nc21,1,homologation,grow-single,CC(C)OCC(COC(C)C)OCn1cnc2c(=O)[nH]c(N)nc21,2,O=c1[nH]cnc2[nH]cnc12,train,353.4230000000001,1.2846000000000006,0.6605148697349049,25,43
subcategory_homologation.grow-single_1270,CCCOc1ccc(OCCCC(C)(C)C(=O)O)c([S+]([O-])c2ccccc2)c1,1,homologation,grow-single,CC(C)(CCCOc1ccc(OCCCC(C)(C)C(=O)O)c([S+]([O-])c2ccccc2)c1)C(=O)O,,c1ccc([SH+]c2ccccc2)cc1,train,404.528,4.911900000000005,0.4250737233007908,28,51
subcategory_homologation.grow-single_763,Cc1cc(-c2c(F)cc3c(=O)ccn(C4CC4)c3c2F)cc(C)n1,0,authentic,authentic,,,O=c1ccn(C2CC2)c2cc(-c3ccncc3)ccc12,train,326.34600000000006,4.293440000000003,0.7038445101812087,24,44
subcategory_homologation.grow-single_1669,CCCC1O[C@@H]2CC3C4CCC5=CC(=O)C=C[C@]5(C)C4C(OC(C)=O)C[C@]3(C)[C@]2(C(=O)CC)O1,1,homologation,grow-single,CCCC1O[C@@H]2CC3C4CCC5=CC(=O)C=C[C@]5(C)C4C(OC(C)=O)C[C@]3(C)[C@]2(C(=O)COC(C)=O)O1,2,O=C1C=CC2C(=C1)CCC1C2CCC2C1C[C@H]1OCOC21,train,470.60600000000034,4.705300000000005,0.5418870276942775,34,77
subcategory_homologation.grow-single_836,COc1ccc(CCCCc2cc(OC)c(OC)c(OC)c2)cc1O,0,authentic,authentic,,,c1ccc(CCCCc2ccccc2)cc1,test,346.42300000000006,3.992000000000004,0.6958228210392028,25,37
subcategory_homologation.grow-single_260,COc1ccc([C@@H]2Sc3ccccc3NC(=O)[C@@H]2OC(C)=O)cc1,0,authentic,authentic,,,O=C1C[C@H](c2ccccc2)Sc2ccccc2N1,train,343.4040000000001,3.4124000000000008,0.8653706475070333,24,48
subcategory_homologation.grow-single_405,O=C1[C@H](CC[C@@H](O)c2ccc(F)cc2)[C@@H](c2ccc(OCc3ccccc3)cc2)N1c1ccc(F)cc1,0,authentic,authentic,,,O=C1[C@H](CCCc2ccccc2)[C@@H](c2ccc(OCc3ccccc3)cc2)N1c1ccccc1,train,499.5570000000002,6.7617000000000065,0.2589254931694672,37,74
subcategory_homologation.grow-single_22,C=C1C(=O)c2ccc(OC)cc2OC1c1ccc(Cl)cc1,0,authentic,authentic,,,C=C1C(=O)c2ccccc2OC1c1ccccc1,train,300.741,4.221200000000003,0.7789693518214982,21,36
subcategory_homologation.grow-single_1248,CCCCC(C)N(C)C(=O)[C@H](CC#Cc1ccc(N)cc1)NS(=O)(=O)c1ccc2ccccc2c1,1,homologation,grow-single,CN(C(=O)[C@H](CC#Cc1ccc(N)cc1)NS(=O)(=O)c1ccc2ccccc2c1)C1CCCC1,0 1 2 3 6 7,O=C(NC1CCCC1)[C@H](CC#Cc1ccccc1)NS(=O)(=O)c1ccc2ccccc2c1,train,491.65700000000015,4.547800000000003,0.33932638227682627,35,63
subcategory_homologation.grow-single_1381,CCCN(C(=O)NCCc1ccc(S(=O)(=O)NC(=O)NC2CCCCC2)cc1)C(F)(F)CCC,1,homologation,grow-single,CCC1=C(C)CN(C(=O)NCCc2ccc(S(=O)(=O)NC(=O)NC3CCCCC3)cc2)C1(F)F,0 1 2 3 5 8 9 10 12 14,O=C(NC1CCCCC1)NS(=O)(=O)c1ccc(CCNC(=O)N2CC=CC2)cc1,train,502.6280000000003,4.364200000000003,0.3907809157110093,34,58
subcategory_homologation.grow-single_826,N.N.O=c1[nH]c(=O)n(C2CC(O)C(OP(=O)(O)O)O2)cc1F,0,authentic,authentic,,,O=c1ccn(C2CCCO2)c(=O)[nH]1,val,346.208,-1.2851000000000004,0.3552709880515719,22,46
subcategory_homologation.grow-single_1230,CCCc1nc(N(C)C)c(C(=O)OC)n1Cc1ccc(-c2ccccc2-c2nn[nH]n2)cc1,1,homologation,grow-single,CCCCc1nc(N(C)C)c(C(=O)OC)n1Cc1ccc(-c2ccccc2-c2nn[nH]n2)cc1,,c1ccc(-c2nn[nH]n2)c(-c2ccc(Cn3ccnc3)cc2)c1,train,445.5270000000001,3.5836000000000015,0.41363951688185774,33,57
subcategory_homologation.grow-single_473,O=C(O)CNC(=O)C(CS)Cc1ccccc1,0,authentic,authentic,,,c1ccccc1,train,253.323,0.9758999999999998,0.6619718088635679,17,27
subcategory_homologation.grow-single_1263,C=C(COCC)[C@H]1CC[C@]2(O)[C@@H]3CC[C@@H]4C[C@@H](O)CC[C@]4(C)[C@H]3C[C@@H](O)[C@]12C,1,homologation,grow-single,C[C@]12CC[C@H](O)C[C@H]1CC[C@@H]1[C@@H]2C[C@@H](O)[C@]2(C)[C@@H](C3=CC(=O)OC3)CC[C@]12O,0 1 2 3 4 6,O=C1C=C([C@H]2CCC3C2CC[C@@H]2C4CCCC[C@H]4CC[C@@H]32)CO1,train,392.5800000000002,3.684600000000003,0.6384282282116135,28,84
subcategory_homologation.grow-single_59,Cc1c(OCC(F)(F)C(F)(F)F)ccnc1CS(=O)c1nc2ccccc2[nH]1,0,authentic,authentic,,,O=S(Cc1ccccn1)c1nc2ccccc2[nH]1,train,419.3750000000001,4.150520000000002,0.6098684916540449,28,50
subcategory_homologation.grow-single_1534,COCCOc1ccc(NC(=O)c2cccs2)cc1,1,homologation,grow-single,CC(C)NCC(O)COc1ccc(NC(=O)c2cccs2)cc1,5,O=C(Nc1ccccc1)c1cccs1,train,277.34499999999997,3.0256000000000016,0.8255903666164395,19,28
subcategory_homologation.grow-single_467,CC(=O)[C@@]12OC(C)(C)O[C@@H]1C[C@H]1[C@@H]3CCC4=CC(=O)CC[C@]4(C)[C@H]3CC[C@@]12C,0,authentic,authentic,,,O=C1C=C2CC[C@@H]3[C@H](CCC4C5OCO[C@@H]5C[C@H]43)C2CC1,val,386.53200000000027,4.607500000000004,0.6604174002029257,28,80
subcategory_homologation.grow-single_425,CCN1CCN(C2=Nc3ccc(F)cc3Nc3sc4ccccc4c32)CC1,0,authentic,authentic,,,c1ccc2c(c1)N=C(N1CCNCC1)c1c(sc3ccccc13)N2,train,380.4920000000002,4.813200000000004,0.6570289351780475,27,42
subcategory_homologation.grow-single_1141,CC[S+]([O-])c1nc2ccccc2[nH]1,1,homologation,grow-single,COc1c(C)cnc(C[S+]([O-])c2nc3ccccc3[nH]2)c1C,2,c1ccc(C[SH+]c2nc3ccccc3[nH]2)nc1,train,194.25900000000001,1.6904,0.7394995088885149,13,28
subcategory_homologation.grow-single_135,c1ccc(C2CC2)c(OCC2=NCCN2)c1,0,authentic,authentic,,,c1ccc(C2CC2)c(OCC2=NCCN2)c1,test,216.28399999999996,1.9444999999999995,0.8341683322879697,16,27
subcategory_homologation.grow-single_464,CCCCn1c(=O)c2cc(C(=O)O)cn2c2ccccc21,0,authentic,authentic,,,O=c1[nH]c2ccccc2n2cccc12,train,284.315,2.7525000000000004,0.8008796853130569,21,35
subcategory_homologation.grow-single_56,COc1cccc(C(=O)c2ccc3n2CCC3C(=O)O)c1,0,authentic,authentic,,,O=C(c1ccccc1)c1ccc2n1CCC2,train,285.299,2.2996,0.8751443120296107,21,35
subcategory_homologation.grow-single_828,CC(=O)c1cccnc1N1CCN(C(=O)c2cc3ccccc3[nH]2)CC1,0,authentic,authentic,,,O=C(c1cc2ccccc2[nH]1)N1CCN(c2ccccn2)CC1,train,348.40600000000006,2.727900000000001,0.7391098087817362,26,45
subcategory_homologation.grow-single_456,CCCCC(=O)N(Cc1ccc(-c2ccccc2-c2nn[nH]n2)cc1)C(O)CCc1ccc(F)cc1,0,authentic,authentic,,,c1ccc(CCCNCc2ccc(-c3ccccc3-c3nn[nH]n3)cc2)cc1,test,487.5790000000002,5.142800000000006,0.285659451432913,36,60
subcategory_homologation.grow-single_522,C(=C1/CCc2cc(OCc3ccccc3)ccc21)/c1cccnc1,0,authentic,authentic,,,C(=C1/CCc2cc(OCc3ccccc3)ccc21)/c1cccnc1,test,313.40000000000003,5.147400000000005,0.6645028001720695,24,39
subcategory_homologation.grow-single_1592,CCC1CCC(CN)(CC(=O)OC)CC1,1,homologation,grow-single,CCC1CCC(CN)(CC(=O)O)CC1.Cl,4,C1CCCCC1,train,213.32099999999997,2.0948,0.7274921036589858,15,24
subcategory_homologation.grow-single_1371,CCc1ccc(C2CC3CCC(N3)C2C(=O)OC)cc1,1,homologation,grow-single,COC(=O)C1C2CCC(CC1c1ccc(C)cc1)N2,2,c1ccc(C2CC3CCC(C2)N3)cc1,train,273.376,2.6461000000000006,0.8604574324065687,20,33
subcategory_homologation.grow-single_500,CC(C)[C@@H](C)/C=C/[C@@H](C)[C@H]1CC[C@H]2[C@@H]3C[C@H](Cl)[C@]4(O)CC=CC(=O)[C@]4(C)[C@H]3[C@H](O)C[C@]12C,0,authentic,authentic,,,O=C1C=CCC2CC[C@H]3[C@@H]4CCCC4CC[C@@H]3C12,val,463.10200000000026,5.777800000000008,0.41100729354566806,32,106
subcategory_homologation.grow-single_597,O=C(c1cc2ccccc2[nH]1)c1cc2cc(OCc3ccccc3)ccc2[nH]1,0,authentic,authentic,,,O=C(c1cc2ccccc2[nH]1)c1cc2cc(OCc3ccccc3)ccc2[nH]1,train,366.42,5.459200000000004,0.40588728891170067,28,49
subcategory_homologation.grow-single_734,C[C@H]1O[C@H]2O[C@@H]3C[C@@H]4CC[C@@H]5C(CC[C@]6(C)[C@@H](C7=CC(=O)OC7)CC[C@]56O)[C@@]4(C=O)C[C@H]3O[C@@]2(O)[C@H](O)[C@@H]1O,0,authentic,authentic,,,O=C1C=C([C@H]2CCC3C2CCC2C4C[C@H]5OC6CCCO[C@H]6O[C@@H]5C[C@@H]4CC[C@H]23)CO1,val,548.6290000000005,0.9715000000000005,0.22316520912060034,39,125
subcategory_homologation.grow-single_1559,COc1ccc(NC(=O)Nc2cc(C(F)(F)F)ccc2OC)cc1,1,homologation,grow-single,CCNC(=O)c1cc(Oc2ccc(NC(=O)Nc3cc(C(F)(F)F)ccc3OC)cc2)ccn1,2,O=C(Nc1ccccc1)Nc1ccc(Oc2ccncc2)cc1,train,340.30100000000004,4.366600000000003,0.8689575380167978,24,39
subcategory_homologation.grow-single_1341,COc1cc(NC(C)CCCN)c2ncccc2c1Oc1ccccc1C,1,homologation,grow-single,COc1cc(NC(C)CCCN)c2ncccc2c1Oc1ccccc1,7,c1ccc(Oc2cccc3ncccc23)cc1,train,365.4770000000001,4.883420000000004,0.5950676179366066,27,37
subcategory_homologation.grow-single_119,CC(CC(F)(F)F)NC1CCN(C)C1=O,0,authentic,authentic,,,O=C1CCCN1,train,224.226,1.1476,0.7794906996140234,15,26
subcategory_homologation.grow-single_1037,CCCCC(=O)N(Cc1ccc(-c2ccccc2-c2nnnn2C)cc1)CC(C)C,1,homologation,grow-single,CCCCC(=O)N(Cc1ccc(-c2ccccc2-c2nnnn2C)cc1)C(C(=O)O)C(C)C,,c1ccc(-c2ccccc2-c2nnn[nH]2)cc1,val,405.54600000000016,4.718900000000004,0.5167016896076235,30,47
subcategory_homologation.grow-single_532,CCNCCC(c1ccccc1)c1ccccc1,0,authentic,authentic,,,c1ccc(Cc2ccccc2)cc1,train,239.36200000000002,3.818100000000003,0.755655867160249,18,24
subcategory_homologation.grow-single_874,CCOC(=O)c1cc2c(=O)n(C)c3ccccc3n2c1,0,authentic,authentic,,,O=c1[nH]c2ccccc2n2cccc12,train,270.288,1.9679,0.6689024839046719,20,34
subcategory_homologation.grow-single_335,CCCCC(=O)N(Cc1ccc(-c2ccccc2-c2nn[nH]n2)cc1)C(CO)C(=O)OC,0,authentic,authentic,,,c1ccc(-c2ccccc2-c2nn[nH]n2)cc1,train,437.50000000000017,2.5864000000000003,0.46763267288287946,32,55
subcategory_homologation.grow-single_168,O=P(O)(O)CC(Cc1ccc(-c2ccccc2)cc1)c1nnn[nH]1,0,authentic,authentic,,,c1ccc(-c2ccc(CCc3nnn[nH]3)cc2)cc1,train,344.31100000000004,2.3706999999999994,0.5919612438022841,24,43
subcategory_homologation.grow-single_1536,CCCOC(=O)NCCCc1ccccc1,1,homologation,grow-single,CCC(COc1cccc(C(F)(F)F)c1)OC(=O)NCCCc1ccccc1,,O=C(NCCCc1ccccc1)OCCOc1ccccc1,train,221.29999999999998,2.7554000000000007,0.7500152690982698,16,21
subcategory_homologation.grow-single_549,CCCCC(=O)n1c(C)c(CCC)n(Cc2ccc(-c3ccccc3-c3nn[nH]n3)cc2)c1=O,0,authentic,authentic,,,O=c1[nH]ccn1Cc1ccc(-c2ccccc2-c2nn[nH]n2)cc1,train,458.56600000000014,4.6365200000000035,0.3940497258204067,34,59
subcategory_homologation.grow-single_586,C[C@H]1C=C(C2=Nc3cc(Cl)ccc3Nc3ccc(F)cc32)CCN1C,0,authentic,authentic,,,C1=C(C2=Nc3ccccc3Nc3ccccc32)CCNC1,train,355.84400000000016,5.307300000000004,0.7505009768001885,25,46
subcategory_homologation.grow-single_1835,CCCCCCN=C(NC#N)Nc1cc(Cl)cc(Cl)c1,1,homologation,grow-single,N#CNC(=NC1CCCC1)Nc1cc(Cl)cc(Cl)c1,0 1 2 3 4 5,C(=NC1CCCC1)Nc1ccccc1,test,313.2320000000001,4.4122800000000035,0.26873707572407596,20,32
subcategory_homologation.grow-single_517,CN1CCc2cccc(-c3ccccc3)c2C1,0,authentic,authentic,,,c1ccc(-c2cccc3c2CNCC3)cc1,test,223.319,3.3415000000000017,0.7163936832110539,17,26
subcategory_homologation.grow-single_924,CCCN(C=O)CCNS(=O)(=O)c1ccc(-n2ncc(=O)[nH]c2=O)cc1C,1,homologation,grow-single,Cc1cc(-n2ncc(=O)[nH]c2=O)ccc1S(=O)(=O)N1CCN(C=O)CC1,0 1 2 3 4 5 6 7 8,O=c1cnn(-c2ccc(S(=O)(=O)N3CCNCC3)cc2)c(=O)[nH]1,val,395.44100000000014,-0.6240799999999984,0.5433723394096805,27,50
subcategory_homologation.grow-single_1155,CCCCC[C@H]1[CH]CC[C@@H]2C[C@@H](O[C@H]3C[C@@H](OC)[C@@H](O)[C@@H](C)O3)CC[C@@]21C,1,homologation,grow-single,CO[C@@H]1C[C@H](O[C@H]2CC[C@@]3(C)[C@H](CC[C@@H]4[C@@H]3CC[C@]3(C)[C@@H](C5=CC(=O)OC5)CC[C@]43O)C2)O[C@H](C)[C@@H]1O,0 1 2 3 4,O=C1C=C([C@H]2CCC3C2CC[C@@H]2C4CC[C@H](O[C@H]5CCCCO5)C[C@H]4CC[C@@H]32)CO1,train,381.57700000000017,4.883390000000005,0.5040755458645773,27,81
subcategory_homologation.grow-single_848,C/C=C(/C)C(=O)O[C@@]12C[C@@H](C)[C@]3(O)C4C=C(C)C(=O)[C@@]4(O)CC(COC(C)=O)=C[C@H]3[C@@H]1C2(C)C,0,authentic,authentic,,,O=C1C=CC2C1CC=C[C@@H]1C2CCC2C[C@H]21,val,472.5780000000003,3.047200000000002,0.36757739619751617,34,95
subcategory_homologation.grow-single_1528,CCCCCN(C)Cc1ccc2c(c1)Cc1ccccc1-2,1,homologation,grow-single,CN(CCCC1(c2ccc(F)cc2)OCc2cc(C#N)ccc21)Cc1ccc2c(c1)Cc1ccccc1-2,1 2,c1ccc(C2(CCCNCc3ccc4c(c3)Cc3ccccc3-4)OCc3ccccc32)cc1,train,279.427,4.879800000000005,0.5812485529517438,21,32
subcategory_homologation.grow-single_114,C[C@H]1C(S[C@@H]2CCO[C@@H]2CNC(=O)CN)=C(C(=O)O)N2C(=O)[C@H]([C@@H](C)O)C12,0,authentic,authentic,,,O=C1CC2CC(S[C@@H]3CCOC3)=CN12,train,399.4690000000001,-0.8942999999999968,0.4038134286216862,27,74
subcategory_homologation.grow-single_1779,[2H]c1c([2H])c([N+](=O)OC)c([2H])c2c1N([2H])C(=O)CN=C2c1ccccc1Cl,1,homologation,grow-single,[2H]c1c([2H])c([N+](=O)[O-])c([2H])c2c1N([2H])C(=O)CN=C2c1ccccc1Cl,2,O=C1CN=C(c2ccccc2)c2ccccc2N1,train,334.77540711200004,3.101300000000001,0.8766644577023464,23,64
subcategory_homologation.grow-single_1698,CCc1onc(O)c1-c1ccccc1,1,homologation,grow-single,N[C@H](Cc1onc(O)c1-c1ccccc1)C(=O)O,,c1ccc(-c2cnoc2)cc1,train,189.214,2.6096000000000004,0.7893573475613438,14,21
subcategory_homologation.grow-single_159,CCN1CC=C(C2=Nc3cc(Cl)ccc3Nc3ccc(F)cc32)CC1,0,authentic,authentic,,,C1=C(C2=Nc3ccccc3Nc3ccccc32)CCNC1,train,355.84400000000016,5.308900000000004,0.7901857826357868,25,42
subcategory_homologation.grow-single_1454,COc1ccc(OC[C@@H](O)CNCCc2ccc(NC(C)=O)cc2)cc1,1,homologation,grow-single,CC(=O)Nc1ccc(CCNC[C@H](O)COc2ccc(O)cc2)cc1,6,c1ccc(CCNCCCOc2ccccc2)cc1,train,358.43800000000005,2.225599999999999,0.5677226822248461,26,44
subcategory_homologation.grow-single_1758,CC[C@@H]1CCCN1C(=O)[C@H](NS(C)(=O)=O)C(c1ccccc1)c1ccccc1,1,homologation,grow-single,CS(=O)(=O)N[C@@H](C(=O)N1CCC[C@H]1C(=O)NCc1ccc(CN)s1)C(c1ccccc1)c1ccccc1,2,O=C(NCc1cccs1)[C@@H]1CCCN1C(=O)CC(c1ccccc1)c1ccccc1,train,400.5440000000001,3.1373000000000015,0.7764516469587579,28,56
subcategory_homologation.grow-single_1759,CNCCCC1(c2ccc(F)cc2)OCc2cc(/C=N/O)ccc21,1,homologation,grow-single,CN(C)CCCC1(c2ccc(F)cc2)OCc2cc(/C=N/O)ccc21,,c1ccc(C2OCc3ccccc32)cc1,train,328.387,3.4072000000000022,0.36973931392774456,24,39
subcategory_homologation.grow-single_506,CCCN1CCC2c3cccc(O)c3CCC21,0,authentic,authentic,,,c1ccc2c(c1)CCC1NCCC21,train,231.33899999999997,2.9063000000000017,0.845664481401243,17,25
subcategory_homologation.grow-single_447,CN=C(Nc1c(Cl)cccc1Cl)N(C)C,0,authentic,authentic,,,c1ccccc1,train,246.141,2.952700000000002,0.6089797321059774,15,26
subcategory_homologation.grow-single_964,CCC(=O)O[C@H]1C(=O)N(CCN(C)C)c2ccc(Sc3ccccc3)cc2C[C@H]1c1ccc(OC)cc1,1,homologation,grow-single,COc1ccc([C@@H]2Cc3cc(Sc4ccccc4)ccc3N(CCN(C)C)C(=O)[C@@H]2OC(C)=O)cc1,2,O=C1C[C@H](c2ccccc2)Cc2cc(Sc3ccccc3)ccc2N1,train,518.6790000000002,5.402700000000006,0.35357220052044447,37,67
subcategory_homologation.grow-single_1634,C#Cc1ccc2c(c1)CO[C@@]2(CCCNC)c1ccc(F)cc1,1,homologation,grow-single,C#Cc1ccc2c(c1)CO[C@@]2(CCCN(C)C)c1ccc(F)cc1,,c1ccc(C2OCc3ccccc32)cc1,train,309.38399999999996,3.5804000000000027,0.6731564912045707,23,40
subcategory_homologation.grow-single_1735,CN[C@@H](CCNCc1ccccc1)C(=O)N1CCCCC1,1,homologation,grow-single,N[C@@H](CCNCc1ccccc1)C(=O)N1CCCCC1,2,O=C(CCCNCc1ccccc1)N1CCCCC1,test,289.4230000000001,1.7667999999999993,0.7519784977103376,21,35
subcategory_homologation.grow-single_931,CCOc1cc2c(cc1OC)S(=O)(=O)N(CC)C(C(=O)N[C@H](C=O)Cc1ccccc1)C2,1,homologation,grow-single,CCN1C(C(=O)N[C@H](C=O)Cc2ccccc2)Cc2cc3c(cc2S1(=O)=O)OCCO3,1 2 6 9 12,O=C(NCCc1ccccc1)C1Cc2cc3c(cc2S(=O)(=O)N1)OCCO3,train,460.55200000000013,1.9555999999999996,0.5742165075602722,32,60
subcategory_homologation.grow-single_1407,CNC(=O)CC1CCCCC1,1,homologation,grow-single,C/C=C(\NC(=O)CC1CCCCC1)C(=O)O,,C1CCCCC1,train,155.24099999999999,1.7027999999999999,0.6458125459974838,11,16
subcategory_homologation.grow-single_1369,CCN(C)CC(c1ccccc1)c1ccccc1,1,homologation,grow-single,CN(C)CC(c1ccccc1)c1ccccc1,2,c1ccc(Cc2ccccc2)cc1,train,239.36200000000002,3.7702000000000027,0.767416929183716,18,26
subcategory_homologation.grow-single_1626,CCCCc1nn(C(CC)CCC)c(=O)n1Cc1ccc(-c2ccccc2-c2nn[nH]n2)cc1,1,homologation,grow-single,CCCCc1nn(C2CCCC2)c(=O)n1Cc1ccc(-c2ccccc2-c2nn[nH]n2)cc1,0 1 2 4 7 11,O=c1n(Cc2ccc(-c3ccccc3-c3nn[nH]n3)cc2)cnn1C1CCCC1,train,459.59800000000007,5.034000000000004,0.3392625263910592,34,56
subcategory_homologation.grow-single_448,CC[C@H](N[C@@H](CC(C)C)C(=O)N[C@@H](Cc1ccccc1)C(=O)NC)P(=O)(O)O,0,authentic,authentic,,,c1ccccc1,train,413.4550000000001,1.377999999999999,0.3488514992123022,28,63
subcategory_homologation.grow-single_452,COC(=O)/C=C/c1ccc(OC(=O)c2ccncc2)cc1,0,authentic,authentic,,,O=C(Oc1ccccc1)c1ccncc1,train,283.28299999999996,2.487000000000001,0.48974633676642765,21,36
subcategory_homologation.grow-single_1572,CCC(CC)C(=O)N(CC)C(=O)NCCc1ccc(S(=O)(=O)NC(=O)NC2CCC(C)CC2)cc1,1,homologation,grow-single,CCC1C(=O)N(C(=O)NCCc2ccc(S(=O)(=O)NC(=O)NC3CCC(C)CC3)cc2)C=C1C,0 1 2 3 5 6 9 10 12 13,O=C(NC1CCCCC1)NS(=O)(=O)c1ccc(CCNC(=O)N2C=CCC2=O)cc1,train,508.6850000000003,3.7900000000000027,0.4434707033309254,35,62
subcategory_homologation.grow-single_1075,CCCN(C(=O)CN[C@@H](CCc1ccccc1)C(=O)OCC)[C@@H](C)C(=O)O,1,homologation,grow-single,CCOC(=O)[C@H](CCc1ccccc1)NCC(=O)N1CC2(C[C@H]1C(=O)O)SCCS2,0 1 2 3 5 8 9 11 12,O=C(CNCCCc1ccccc1)N1CCC2(C1)SCCS2,train,378.46900000000016,1.8521999999999994,0.5390797280946386,27,54
subcategory_homologation.grow-single_240,CCOC(=O)C1=C(COCCN2CCN(CCN(CC)CC)CC2)NC(C)=C(C(=O)OC)C1c1ccccc1Cl,0,authentic,authentic,,,C1=CC(c2ccccc2)C=C(COCCN2CCNCC2)N1,train,577.1660000000003,3.267000000000003,0.2649123298330775,40,65
subcategory_homologation.grow-single_636,CN(Cc1cnc2nc(N)nc(N)c2n1)c1ccc(C(=O)NC(CCCNC(=O)OC(C)(C)C)C(=O)O)cc1,0,authentic,authentic,,,c1ccc(NCc2cnc3ncncc3n2)cc1,train,539.5970000000004,1.7085000000000008,0.2329793534611243,39,68
subcategory_homologation.grow-single_1386,COc1ccc(C2CCCCC2)cc1,1,homologation,grow-single,O=C(Oc1ccc(C2CCCCC2)cc1)c1cccnc1,,O=C(Oc1ccc(C2CCCCC2)cc1)c1cccnc1,test,190.28599999999997,3.7429000000000023,0.6898876120183569,14,20
subcategory_homologation.grow-single_1659,CCc1ncc(=O)n(C)c1-c1ccc(Oc2ncccc2C2CC2)cc1C,1,homologation,grow-single,Cc1cc(Oc2ncccc2C2CC2)ccc1-c1c(C)ncc(=O)n1C,2,O=c1cncc(-c2ccc(Oc3ncccc3C3CC3)cc2)[nH]1,val,361.44500000000016,4.382820000000003,0.6764901266527468,27,43
subcategory_homologation.grow-single_1356,COCC1CCN(CCCN2CCC(CO)CC2)CC1,1,homologation,grow-single,OCC1CCN(CCCN2CCC(CO)CC2)CC1,2,C1CCN(CCCN2CCCCC2)CC1,train,284.4440000000001,1.4391999999999998,0.7672762427356263,20,28
subcategory_homologation.grow-single_628,C[C@]12CC[C@H](O[C@@H]3O[C@H](CO)[C@@H](O)[C@H](O)[C@H]3O)C[C@@H]1CC[C@@H]1[C@@H]2CC[C@]2(C)[C@@H](C3=CC(=O)OC3)CC[C@]12O,0,authentic,authentic,,,O=C1C=C([C@H]2CCC3C2CC[C@@H]2C4CC[C@H](O[C@H]5CCCCO5)C[C@@H]4CC[C@@H]32)CO1,train,536.6620000000006,1.428499999999999,0.2659996797538897,38,121
subcategory_homologation.grow-single_953,C#Cc1cccc(Nc2ncnc3cc(OCCOCC)c(OCCO)cc23)c1,1,homologation,grow-single,C#Cc1cccc(Nc2ncnc3cc(OCCOC)c(OCCO)cc23)c1.Cl,2,c1ccc(Nc2ncnc3ccccc23)cc1,train,393.4430000000002,3.1411000000000016,0.40421578727861335,29,42
subcategory_homologation.grow-single_242,CNCCC(Oc1ccc(C(F)(F)F)cc1)c1ccccc1.Cl,0,authentic,authentic,,,c1ccc(COc2ccccc2)cc1,train,345.792,4.856800000000004,0.8071510578291753,23,37
subcategory_homologation.grow-single_1187,CCNC(=S)N/N=C/c1ccc([N+](=O)[O-])o1,1,homologation,grow-single,C=CCNC(=S)N/N=C/c1ccc([N+](=O)[O-])o1,,c1ccoc1,train,242.26000000000002,1.0057000000000003,0.3540129932898626,16,35
subcategory_homologation.grow-single_1520,CCC1(C)OC(=O)C(OC(C)C)=C1c1ccc(S(C)(=O)=O)cc1,1,homologation,grow-single,CC(C)OC1=C(c2ccc(S(C)(=O)=O)cc2)C(C)(C)OC1=O,2,O=C1C=C(c2ccccc2)CO1,val,338.42500000000007,2.9517000000000015,0.7721199580719614,23,45
subcategory_homologation.grow-single_736,COc1cccc(C2(O)CCCCC2CN(C)C)c1.Cl,0,authentic,authentic,,,c1ccc(C2CCCCC2)cc1,train,299.8419999999999,3.0564000000000022,0.9273421669093302,20,32
subcategory_homologation.grow-single_535,Nc1ccc(S(=O)(=O)N(C[C@H]2COC(=O)N2)C[C@@H](O)[C@H](Cc2ccccc2)NC(=O)O[C@H]2CO[C@H]3OCC[C@H]32)cc1,0,authentic,authentic,,,O=C1N[C@@H](CN(CC[C@H](Cc2ccccc2)NC(=O)O[C@H]2CO[C@H]3OCC[C@H]32)S(=O)(=O)c2ccccc2)CO1,train,590.6550000000001,0.8277000000000019,0.27399072791386253,41,96
subcategory_homologation.grow-single_23,CC(C)CCc1c(C(=O)O)n(C(C)(C)C)c(=O)n1Cc1ccc(-c2ccccc2-c2nn[nH]n2)cc1,0,authentic,authentic,,,O=c1[nH]ccn1Cc1ccc(-c2ccccc2-c2nn[nH]n2)cc1,train,488.59200000000016,4.587000000000004,0.3745169652554599,36,67
subcategory_homologation.grow-single_1826,CCCOc1c(C)c2c(c(O)c1C/C=C(\C)CCC(=O)O)C(=O)OC2,1,homologation,grow-single,CCOc1c(C)c2c(c(O)c1C/C=C(\C)CCC(=O)O)C(=O)OC2,2,O=C1OCc2ccccc21,train,348.3950000000001,3.5134200000000018,0.5514772341840982,25,46
subcategory_homologation.grow-single_675,COc1nc(Br)cnc1NS(=O)(=O)c1cccc2c(N(C)C)cccc12,0,authentic,authentic,,,O=S(=O)(Nc1cnccn1)c1cccc2ccccc12,train,437.3190000000002,3.2677000000000023,0.6598714739306674,26,45
subcategory_homologation.grow-single_1570,CCc1cccc(C)c1CNc1cc(-c2c[nH]c(=O)[nH]c2=O)cn2c(C)c(C)nc12,1,homologation,grow-single,Cc1cccc(C)c1CNc1cc(-c2c[nH]c(=O)[nH]c2=O)cn2c(C)c(C)nc12,2,O=c1[nH]cc(-c2cc(NCc3ccccc3)c3nccn3c2)c(=O)[nH]1,train,403.48600000000016,3.477660000000001,0.47542800084477804,30,57
subcategory_homologation.grow-single_914,CC[C@@]1(O)C(=O)OCc2c1cc1n(c2=O)Cc2cc3cc(O)ccc3nc2-1,0,authentic,authentic,,,O=C1Cc2cc3n(c(=O)c2CO1)Cc1cc2ccccc2nc1-3,train,364.3570000000001,1.7852,0.49943274536154453,27,52
subcategory_homologation.grow-single_1734,CCCNCCc1c2n(c3ccc(OC)cc13)Cc1ccccc1-2,1,homologation,grow-single,COc1ccc2c(c1)c(CCNC(C)=O)c1n2Cc2ccccc2-1,3,c1ccc2c(c1)Cn1c-2cc2ccccc21,train,320.43600000000004,4.2207000000000034,0.5383562484091768,24,37
subcategory_homologation.grow-single_785,CCCC1=NC2(CCSCC2)C(=O)N1Cc1ccc(-c2ccccc2-c2nn[nH]n2)cc1,0,authentic,authentic,,,O=C1N(Cc2ccc(-c3ccccc3-c3nn[nH]n3)cc2)C=NC12CCSCC2,val,446.5800000000001,4.340300000000004,0.608586686670258,32,55
subcategory_homologation.grow-single_534,Cc1nc(C)c(COC(=O)C[C@@H](O)C[C@H](O)/C=C/c2c(-c3ccc(F)cc3)nc(N(C)S(C)(=O)=O)nc2C(C)C)nc1C,0,authentic,authentic,,,O=C(CCCC/C=C/c1cncnc1-c1ccccc1)OCc1cnccn1,val,615.728,3.7757600000000027,0.287648021850526,43,89
subcategory_homologation.grow-single_13,C#CCN(Cc1ccc2nc(C)nc(O)c2c1)c1ccc(C(=O)NCC(=O)O)cc1,0,authentic,authentic,,,c1ccc(NCc2ccc3ncncc3c2)cc1,train,404.4260000000001,2.09802,0.5165679931862214,30,51
subcategory_homologation.grow-single_1715,CCC1(CCCCc2ccccc2)CO1,1,homologation,grow-single,CCOC(=O)C1(CCCCc2ccccc2)CO1,2,c1ccc(CCCCC2CO2)cc1,test,204.313,3.578400000000002,0.5094578138286708,15,21
subcategory_homologation.grow-single_662,C[N+]1([O-])CCN(C2=Nc3cc(Cl)ccc3Nc3ccccc32)CC1.Cl,0,authentic,authentic,,,c1ccc2c(c1)N=C(N1CC[NH2+]CC1)c1ccccc1N2,train,379.2910000000001,4.157100000000003,0.5525694356687884,25,49
subcategory_homologation.grow-single_1115,CCCc1c(CN(C)[C@@H](C)Cc2ccccc2)n(C)n(-c2ccccc2)c1=O,1,homologation,grow-single,CC(C)c1c(CN(C)[C@@H](C)Cc2ccccc2)n(C)n(-c2ccccc2)c1=O,3,O=c1cc(CNCCc2ccccc2)[nH]n1-c1ccccc1,val,377.5320000000001,4.191500000000003,0.5891205751360129,28,51
subcategory_homologation.grow-single_287,CCCC1=NC2(CC2)C(=O)N1Cc1ccc(-c2ccccc2-c2nn[nH]n2)cc1,0,authentic,authentic,,,O=C1N(Cc2ccc(-c3ccccc3-c3nn[nH]n3)cc2)C=NC12CC2,test,386.45900000000006,3.6071000000000017,0.7010367103543133,29,52
subcategory_homologation.grow-single_378,COc1cc2nc(Cl)nc(N)c2cc1OC,0,authentic,authentic,,,c1ccc2ncncc2c1,train,239.66199999999998,1.8825999999999998,0.8106495432823767,16,25
subcategory_homologation.grow-single_195,CN1CNc2c(ccc(Cl)c2F)S1(=O)=O,0,authentic,authentic,,,O=S1(=O)NCNc2ccccc21,train,250.68199999999996,1.4826000000000001,0.758911044693035,15,28
subcategory_homologation.grow-single_1276,CCCc1cc(OC)c(CCC(C)C)c(O)c1C(=O)O,1,homologation,grow-single,COc1cc(CCc2ccccc2)c(C(=O)O)c(O)c1CCC(C)C,2,c1ccc(CCc2ccccc2)cc1,train,280.364,3.6401000000000026,0.799867561385571,20,33
subcategory_homologation.grow-single_177,CCCN(CCC)CCc1cc(Cl)ccc1OCCCc1ccccc1.O=C(O)C(=O)O,0,authentic,authentic,,,c1ccc(CCCOc2ccccc2)cc1,train,464.00200000000024,5.171700000000004,0.3332007950998822,32,48
subcategory_homologation.grow-single_1236,CCCCc1nc(CC)n(C)c(=O)c1Cc1ccc(-c2ccccc2-c2nn[nH]n2)cc1,1,homologation,grow-single,CCCCc1nc(C(C)C)n(C)c(=O)c1Cc1ccc(-c2ccccc2-c2nn[nH]n2)cc1,,O=c1[nH]cncc1Cc1ccc(-c2ccccc2-c2nn[nH]n2)cc1,val,428.5400000000001,4.123200000000003,0.4558827190030373,32,54
subcategory_homologation.grow-single_1769,CCc1cccc(C=NNc2nncc3ccccc23)c1,1,homologation,grow-single,Cc1cccc(C=NNc2nncc3ccccc23)c1,2,C(=NNc1nncc2ccccc12)c1ccccc1,train,276.343,3.638200000000002,0.5844008451957123,21,30
subcategory_homologation.grow-single_875,CCOC(=O)C1=C(C)NC(C)=C(C(=O)OC)[C@H]1c1cccc(Cl)c1Cl,0,authentic,authentic,,,C1=CC(c2ccccc2)C=CN1,train,384.259,3.9643000000000033,0.7964461277127532,25,51
subcategory_homologation.grow-single_830,COc1ccc(-c2nc3ccncc3[nH]2)c(S(C)=O)c1,0,authentic,authentic,,,c1ccc(-c2nc3ccncc3[nH]2)cc1,train,287.34400000000005,2.3709000000000007,0.8027317798737517,20,37
subcategory_homologation.grow-single_359,Cc1cc(-n2ncc(=O)[nH]c2=O)cc(C)c1C(=O)c1ccc(Cl)cc1,0,authentic,authentic,,,O=C(c1ccccc1)c1ccc(-n2ncc(=O)[nH]c2=O)cc1,train,355.78100000000006,2.42204,0.7310717924650318,25,49
subcategory_homologation.grow-single_395,CC(=O)N(CCCCNC(=O)C1CSC(c2ccccc2O)=N1)CCCCNC(=O)C1CSC(c2ccccc2O)=N1,0,authentic,authentic,,,O=C(NCCCCNCCCCNC(=O)C1CSC(c2ccccc2)=N1)C1CSC(c2ccccc2)=N1,val,611.7900000000003,3.163300000000001,0.2403981041447905,42,67
subcategory_homologation.grow-single_604,CC(C)Cn1c(=O)c2c(nc3ccccn32)n(Cc2ccccc2)c1=O,0,authentic,authentic,,,O=c1[nH]c(=O)n(Cc2ccccc2)c2nc3ccccn3c12,train,348.40600000000006,2.5152,0.5692722650432064,26,44
subcategory_homologation.grow-single_690,CC(=O)N(C)CC#CCN1CCC(F)CC1,0,authentic,authentic,,,C1CCNCC1,train,226.29499999999993,0.9019999999999999,0.6531963363202966,16,26
subcategory_homologation.grow-single_28,CC(c1ccccc1)C(CS)C(=O)NC(COCc1ccccc1)C(=O)O,0,authentic,authentic,,,O=C(CCc1ccccc1)NCCOCc1ccccc1,train,387.5010000000001,3.122300000000001,0.5477102111618982,27,43
subcategory_homologation.grow-single_1633,CCOCCC1CN(C2=Nc3ccc(F)cc3Nc3sc(C(C)C)cc32)CCN1,1,homologation,grow-single,COCCC1CN(C2=Nc3ccc(F)cc3Nc3sc(C(C)C)cc32)CCN1,3,c1ccc2c(c1)N=C(N1CCNCC1)c1ccsc1N2,train,416.5660000000002,4.846300000000004,0.6845915321095535,29,46
subcategory_homologation.grow-single_526,O=C(Nc1ccccc1)ONC1=Nc2ccc([N+](=O)[O-])cc2C(c2ccccc2Cl)=NC1,0,authentic,authentic,,,O=C(Nc1ccccc1)ONC1=Nc2ccccc2C(c2ccccc2)=NC1,train,449.8540000000002,4.882500000000003,0.43592350821699066,32,59
subcategory_homologation.grow-single_939,CCCNC(=O)[C@@]1(CCC(C)C)CC[C@]2(C)C(C(=O)C=C3[C@@]4(C)C=C(C#N)C(=O)C(C)(C)[C@@H]4CC[C@]32C)C1CC,1,homologation,grow-single,CCCNC(=O)[C@]12CCC(C)(C)CC1C1C(=O)C=C3[C@@]4(C)C=C(C#N)C(=O)C(C)(C)[C@@H]4CC[C@@]3(C)[C@]1(C)CC2,1 2 8 17 22 26 27,O=C1C=CC2C3=CC(=O)C4C5CCCCC5CCC4C3CC[C@H]2C1,train,548.8120000000004,7.368280000000009,0.35978557959841917,40,95
subcategory_homologation.grow-single_1552,CNc1nc(N)c2c(C)c(NC(=O)Cc3ccc(Cl)cc3)ccc2n1,1,homologation,grow-single,Cc1c(NC(=O)Cc2ccc(Cl)cc2)ccc2nc(N)nc(N)c12,2,O=C(Cc1ccccc1)Nc1ccc2ncncc2c1,train,355.82900000000006,3.396720000000001,0.6666097641956139,25,43
subcategory_homologation.grow-single_677,CC(C)NCC(O)COc1ccc(C[S+]([O-])CC2CCCC2)cc1,0,authentic,authentic,,,c1ccc(C[SH+]CC2CCCC2)cc1,val,353.5280000000002,2.863200000000001,0.6349817601806644,24,42
subcategory_homologation.grow-single_230,CC(=O)NCCc1cccc2ccc3c(c12)C=CCO3,0,authentic,authentic,,,C1=Cc2c(ccc3ccccc23)OC1,train,267.328,2.9240000000000013,0.9282206960100772,20,32
subcategory_homologation.grow-single_394,CNC(=O)c1cc(Oc2ccc(Nc3nc(=O)n(C)c(=O)n3Cc3ccc(Cl)cc3)cc2F)ccn1,0,authentic,authentic,,,O=c1nc(Nc2ccc(Oc3ccncc3)cc2)n(Cc2ccccc2)c(=O)[nH]1,train,510.9130000000002,3.0733000000000015,0.39178731369567865,36,62
subcategory_homologation.grow-single_1751,COC(=O)C1=C(SCCNC2=NCCCC2)C[C@@H]2[C@@H](C(C)O)C(=O)N12,1,homologation,grow-single,CC(O)[C@H]1C(=O)N2C(C(=O)O)=C(SCCNC3=NCCCC3)C[C@H]12,2,O=C1C[C@H]2CC(SCCNC3=NCCCC3)=CN12,train,367.471,0.8876999999999999,0.41154238111066777,25,55
subcategory_homologation.grow-single_958,CCOc1ccc(NC(=O)c2cccs2)cc1,1,homologation,grow-single,CC(C)NCC(O)COc1ccc(NC(=O)c2cccs2)cc1,,O=C(Nc1ccccc1)c1cccs1,train,247.31900000000002,3.3991000000000016,0.8988440329021661,17,26
subcategory_homologation.grow-single_1266,CNCCc1ccc(OCc2ccccc2)cc1,1,homologation,grow-single,CC(Cc1ccc(OCc2ccccc2)cc1)NCCCc1ccccc1,,c1ccc(CCCNCCc2ccc(OCc3ccccc3)cc2)cc1,train,241.334,3.0275000000000016,0.8390435978362576,18,24
subcategory_homologation.grow-single_1282,CCOC(=O)[C@H](CCc1ccccc1)N[C@@H](C)C(=O)N1CCC[C@H]1C(=O)O,1,homologation,grow-single,CCOC(=O)[C@H](CCc1ccccc1)N[C@@H](C)C(=O)N1CCC[C@H]1C(=O)O.O=C(O)/C=C/C(=O)O,,O=C(CNCCCc1ccccc1)N1CCCC1,train,376.45300000000026,1.6046,0.6358354158694681,27,57
subcategory_homologation.grow-single_1447,CCC[C@@]1(c2ccc(Cl)c(Cc3ccc(OCC)c(F)c3)c2)OC[C@]([CH]O)(OC)O1,1,homologation,grow-single,CCOc1ccc(Cc2cc([C@]34OC[C@](OC)(O3)[C@@H](O)[C@H](O)[C@H]4O)ccc2Cl)cc1F,1 2 3 14 18,c1ccc(Cc2cccc([C@]34CCCC(CO3)O4)c2)cc1,train,437.91500000000013,5.345290000000006,0.5730370588433944,30,61
subcategory_homologation.grow-single_1205,CCCOC(=O)C1c2ccccc2-c2ccccc21,1,homologation,grow-single,CC(C)(C)NCC(O)COC(=O)C1c2ccccc2-c2ccccc21,,c1ccc2c(c1)Cc1ccccc1-2,train,252.313,3.752100000000002,0.777524209031274,19,29
subcategory_homologation.grow-single_930,CCc1cc([C@@H]2O[C@H](CO)[C@@H](O)[C@H](O)[C@H]2O)c2c(c1Cl)CCO2,1,homologation,grow-single,CCOc1ccc(Cc2cc([C@@H]3O[C@H](CO)[C@@H](O)[C@H](O)[C@H]3O)c3c(c2Cl)CCO3)cc1,2,c1ccc(Cc2cc3c(c([C@H]4CCCCO4)c2)OCC3)cc1,train,344.79100000000017,0.35219999999999974,0.631365616832697,23,62
subcategory_homologation.grow-single_582,Fc1ccc(-n2cc(C3=CCNCC3)c3cc(C(F)(F)F)ccc32)cc1,0,authentic,authentic,,,C1=C(c2cn(-c3ccccc3)c3ccccc23)CCNC1,train,360.354,5.165100000000003,0.6244522321044341,26,46
subcategory_homologation.grow-single_1723,Cc1ccccc1S(=O)(=O)CS(=O)(=O)C(F)(F)F,1,homologation,grow-single,O=S(=O)(CS(=O)(=O)C(F)(F)F)c1ccccc1Cl,7,c1ccccc1,train,302.29499999999996,1.66082,0.8513200713499899,18,36
subcategory_homologation.grow-single_219,COC(=O)[C@H](c1ccc(Br)cc1)[C@@H]1CCCN1.Cl,0,authentic,authentic,,,c1ccc(C[C@@H]2CCCN2)cc1,train,334.641,2.8795000000000006,0.8639169000340636,18,41
subcategory_homologation.grow-single_1165,CCOc1ccc2[nH]c(C(=O)c3cc4ccccc4[nH]3)cc2c1,1,homologation,grow-single,O=C(c1cc2ccccc2[nH]1)c1cc2cc(OC(=O)C3CC3)ccc2[nH]1,3,O=C(c1cc2ccccc2[nH]1)c1cc2cc(OC(=O)C3CC3)ccc2[nH]1,test,304.349,4.278900000000002,0.552858381018467,23,42
subcategory_homologation.grow-single_18,C(#CCCc1c[nH]cn1)CCCCc1ccccc1,0,authentic,authentic,,,C(#CCCc1c[nH]cn1)CCCCc1ccccc1,train,252.36099999999996,3.758700000000003,0.6151981132033976,19,29
subcategory_homologation.grow-single_1106,CCCC1C(=O)N(c2ccc(F)cc2)C1c1ccc(O)cc1,1,homologation,grow-single,O=C1C(CCC(O)c2ccc(F)cc2)C(c2ccc(O)cc2)N1c1ccc(F)cc1,,O=C1C(CCCc2ccccc2)C(c2ccccc2)N1c1ccccc1,train,299.345,4.035500000000003,0.8657106648359453,22,37
subcategory_homologation.grow-single_592,COc1cccc(CCc2ccccc2OCc2cccnc2)c1,0,authentic,authentic,,,c1ccc(CCc2ccccc2OCc2cccnc2)cc1,train,319.404,4.454400000000003,0.6443429540602581,24,32
subcategory_homologation.grow-single_1494,CCNCC[C@@H](Oc1cc(C(F)(F)F)ccc1C#N)c1ccccc1,1,homologation,grow-single,CNCC[C@@H](Oc1cc(C(F)(F)F)ccc1C#N)c1ccccc1.Cl,2,c1ccc(COc2ccccc2)cc1,train,348.368,4.696780000000003,0.7380428896502391,25,43
subcategory_homologation.grow-single_1014,CCOC(=O)NCCCc1ccccc1,1,homologation,grow-single,CCC(COc1cccc(C(F)(F)F)c1)OC(=O)NCCCc1ccccc1,,O=C(NCCCc1ccccc1)OCCOc1ccccc1,train,207.27300000000002,2.3653000000000004,0.752625878408765,15,20
subcategory_homologation.grow-single_813,Nc1ncnc2c1ncn2C1OC2COC2C1O,0,authentic,authentic,,,c1ncc2ncn(C3CC4OCC4O3)c2n1,train,249.23,-0.9344000000000006,0.6713421139973654,18,26
subcategory_homologation.grow-single_1594,CCCOC(C)CN1CCN(C2=Nc3ccccc3Sc3ccccc32)CC1,1,homologation,grow-single,c1ccc2c(c1)N=C(N1CCN(CC3CCCO3)CC1)c1ccccc1S2,0 1 2 3 4 6,c1ccc2c(c1)N=C(N1CCN(CC3CCCO3)CC1)c1ccccc1S2,train,395.5720000000002,4.662200000000004,0.7358756467185065,28,41
subcategory_homologation.grow-single_360,COc1ccccc1CNC(=O)c1ccc(Cl)c(S(=O)(=O)N2CCCC2)c1,0,authentic,authentic,,,O=C(NCc1ccccc1)c1cccc(S(=O)(=O)N2CCCC2)c1,val,408.9070000000002,3.063100000000002,0.7965342229765385,27,47
subcategory_homologation.grow-single_855,CCCCCCNCC(O)(Cn1cncn1)c1ccc(F)cc1F,0,authentic,authentic,,,c1ccc(CCn2cncn2)cc1,train,338.40200000000004,2.6140000000000008,0.6538559248187428,24,34
subcategory_homologation.grow-single_1722,CCOc1cc2nc(-c3ccc(C)cc3)cc(O)c2cc1O,1,homologation,grow-single,Cc1ccc(-c2cc(O)c3cc4c(cc3n2)OCO4)cc1,0 1 2 7,c1ccc(-c2ccc3cc4c(cc3n2)OCO4)cc1,train,295.338,4.020120000000004,0.7657628882852876,22,35
subcategory_homologation.grow-single_76,Nc1ncnc2c1ncn2CC(O)CCO,0,authentic,authentic,,,c1ncc2nc[nH]c2n1,train,223.23599999999996,-0.8482000000000005,0.6225153155262468,16,22
subcategory_homologation.grow-single_1095,CCCC[C@H](O)c1cc(=O)oc2c(C(=O)CC(C)C)c(O)c(CC=C(C)C)c(OC)c12,1,homologation,grow-single,CCCC[C@H](O)c1cc(=O)oc2c(C(=O)CC(C)C)c(O)c(CC=C(C)C)c(O)c12,2,O=c1ccc2ccccc2o1,train,430.5410000000002,5.4683000000000055,0.29473159057443393,31,60
subcategory_homologation.grow-single_475,CCCCCC(C)(O)c1cccc(OCc2ccccn2)c1,0,authentic,authentic,,,c1ccc(OCc2ccccn2)cc1,val,299.414,4.448400000000004,0.7322950293005926,22,32
subcategory_homologation.grow-single_183,CC(N)C(=O)N1N=C(c2ccc(N)cc2)c2cc3c(cc2CC1C)OCO3,0,authentic,authentic,,,c1ccc(C2=NNCCc3cc4c(cc32)OCO4)cc1,train,366.42100000000016,1.8702999999999994,0.7899897015810983,27,47
subcategory_homologation.grow-single_121,CC(C)(C)NCC(O)COc1ccc(Cc2nc(-c3cccs3)c[nH]2)cc1,0,authentic,authentic,,,c1ccc(Cc2nc(-c3cccs3)c[nH]2)cc1,val,385.533,3.8568000000000024,0.5506962847918528,27,47
subcategory_homologation.grow-single_1482,CCc1ccc(-c2ncc(Cl)cc2-c2ccc(S(C)(=O)=O)cc2)cn1,1,homologation,grow-single,Cc1ccc(-c2ncc(Cl)cc2-c2ccc(S(C)(=O)=O)cc2)cn1,2,c1ccc(-c2cccnc2-c2cccnc2)cc1,test,372.87700000000007,4.429900000000004,0.6792853733051013,25,46
subcategory_homologation.grow-single_1560,CCCCC(CC)CC(=O)n1c(C(=O)O)c(CCC)n(Cc2ccc(-c3ccccc3-c3nn[nH]n3)cc2)c1=O,1,homologation,grow-single,CCCc1c(C(=O)O)n(C(=O)CC2CCCCC2)c(=O)n1Cc1ccc(-c2ccccc2-c2nn[nH]n2)cc1,0 1 2 4 6 9 12,O=C(CC1CCCCC1)n1ccn(Cc2ccc(-c3ccccc3-c3nn[nH]n3)cc2)c1=O,val,544.6560000000002,5.442600000000004,0.22860500362765968,40,70
subcategory_homologation.grow-single_588,O=C1C(CC=C(CO)c2ccc(F)cc2)C(c2ccc(O)cc2)N1c1ccc(F)cc1,0,authentic,authentic,,,O=C1C(CC=Cc2ccccc2)C(c2ccccc2)N1c1ccccc1,val,421.4430000000001,4.840500000000004,0.5601540341709007,31,53
subcategory_homologation.grow-single_1603,CCCN(CCNC(=O)c1ccc2[nH]ccc2c1)c1ccc(NC(C)C)cn1,1,homologation,grow-single,CC(C)Nc1ccc(N2CCN(C(=O)c3ccc4[nH]ccc4c3)CC2)nc1,0 1 2 3 4 5 6 7 8 9 10 11 12 14 17 20 21,O=C(c1ccc2[nH]ccc2c1)N1CCN(c2ccccn2)CC1,train,379.5080000000001,4.029600000000002,0.524787329934455,28,46
subcategory_homologation.grow-single_977,C=C(C[N+](C)(C)Cc1ccc(-c2ccc(OC)c(OC)c2)cc1)[C@@H]1C[C@H](CC)C1(C)C,1,homologation,grow-single,COc1ccc(-c2ccc(C[N+](C)(C)CC3=CC[C@H]4C[C@@H]3C4(C)C)cc2)cc1OC.[I-],0 1 2 3 4 5 6 7 8 10,C1=C(C[NH2+]Cc2ccc(-c3ccccc3)cc2)[C@H]2C[C@@H](C1)C2,test,422.6330000000002,6.575700000000007,0.3357562829699566,31,67
subcategory_homologation.grow-single_974,CCCCc1cn2cc(NC(=O)c3ccc(-c4ccc(C(F)(F)F)cc4)cc3)ccc2n1,1,homologation,grow-single,CCCc1cn2cc(NC(=O)c3ccc(-c4ccc(C(F)(F)F)cc4)cc3)ccc2n1,2,O=C(Nc1ccc2nccn2c1)c1ccc(-c2ccccc2)cc1,train,437.46500000000003,6.615000000000005,0.36869525112063073,32,54
subcategory_homologation.grow-single_833,CCn1c(=O)c2ccccc2n2cc(C(=O)O)nc12,0,authentic,authentic,,,O=c1[nH]c2nccn2c2ccccc12,train,257.24899999999997,1.3673,0.7517631533489293,19,33
subcategory_homologation.grow-single_1347,CCN(C)CCN1C(=O)[C@H](OC(C)=O)[C@H](c2ccc(OC)cc2)Sc2ccccc21,1,homologation,grow-single,COc1ccc([C@@H]2Sc3ccccc3N(CCN(C)C)C(=O)[C@@H]2OC(C)=O)cc1.[Cl-].[H+],6,O=C1C[C@H](c2ccccc2)Sc2ccccc2N1,train,428.55400000000014,3.758600000000002,0.6261467318969313,30,58
subcategory_homologation.grow-single_1707,C=CCC1Oc2cccc(OCc3ccccc3)c2-c2ccc(NCC(C)C)c(CC)c21,1,homologation,grow-single,C=CCC1Oc2cccc(OCc3ccccc3)c2-c2ccc3c(c21)C(C)=CC(C)(C)N3,0 1 2 3 4 10 13,C1=Cc2c(ccc3c2COc2cccc(OCc4ccccc4)c2-3)NC1,train,427.5880000000002,7.572500000000006,0.35717450508282295,32,50
subcategory_homologation.grow-single_1711,CCN(OCCN1CCN(c2ncccn2)CC1)C(=O)CC1(C)CCCC1,1,homologation,grow-single,O=C1CC2(CCCC2)CC(=O)N1OCCN1CCN(c2ncccn2)CC1,0 1 2 3 5 6 8 10 11 12 14 15,O=C1CC2(CCCC2)CC(=O)N1OCCN1CCN(c2ncccn2)CC1,train,375.5170000000003,2.349099999999999,0.6501884873544138,27,42
subcategory_homologation.grow-single_1125,CCCCN(CCC)C[C@H]1C[C@@H]1c1cccc(OC)c1,1,homologation,grow-single,CCCN(CCC)C[C@H]1C[C@@H]1c1cccc(OC)c1,2,c1ccc(C2CC2)cc1,train,275.436,4.310800000000004,0.6655852543872862,20,37
subcategory_homologation.grow-single_1716,CCCCCC(NC(=O)c1cc(-c2ccccc2)nc2ccccc12)c1ccccc1,1,homologation,grow-single,CCCCC(NC(=O)c1cc(-c2ccccc2)nc2ccccc12)c1ccccc1,2,O=C(NCc1ccccc1)c1cc(-c2ccccc2)nc2ccccc12,train,408.54500000000013,6.953200000000006,0.3204258891599654,31,47
subcategory_homologation.grow-single_676,COc1ccc([C@@H]2[C@@H](CCCc3ccc(O)cc3)C(=O)N2c2ccc(OC)cc2)cc1,0,authentic,authentic,,,O=C1[C@H](CCCc2ccccc2)[C@@H](c2ccccc2)N1c1ccccc1,train,417.5050000000001,5.1364000000000045,0.5159762767427049,31,60
subcategory_homologation.grow-single_846,CC(C)N1CCN(C2=Nc3ccc(F)cc3Nc3sc4ccccc4c32)CC1,0,authentic,authentic,,,c1ccc2c(c1)N=C(N1CCNCC1)c1c(sc3ccccc13)N2,train,394.5190000000002,5.201700000000005,0.6152700322175292,28,45
subcategory_homologation.grow-single_205,CNS(=O)(=O)c1ccc(CCNC(=O)c2ccc(OC)c(Cl)c2)cc1,0,authentic,authentic,,,O=C(NCCc1ccccc1)c1ccccc1,train,382.869,2.2291999999999996,0.76862336044514,25,45
subcategory_homologation.grow-single_107,COC(=O)Nc1ccc(C2CC3CCC2N3)cn1,0,authentic,authentic,,,c1cncc(C2CC3CCC2N3)c1,val,247.29799999999997,1.8678,0.8370720767270783,18,29
subcategory_homologation.grow-single_476,CN(C)c1cccc2c(S(=O)(=O)Nc3ncc(Cl)cn3)cccc12,0,authentic,authentic,,,O=S(=O)(Nc1ncccn1)c1cccc2ccccc12,train,362.842,3.1500000000000012,0.7711976929006655,24,43
subcategory_homologation.grow-single_462,CCC(=O)N(Cc1ccc(C)cc1)C1CCN(CCc2ccccc2)CC1,0,authentic,authentic,,,c1ccc(CCN2CCC(NCc3ccccc3)CC2)cc1,test,364.53300000000013,4.440720000000004,0.7250013825750266,27,42
subcategory_homologation.grow-single_1087,CCCCCC(C)C[C@H](NC(=O)[C@@H](CC(=O)NO)CC(C)C)C(=O)NCCc1ccccc1,1,homologation,grow-single,CC(C)C[C@H](CC(=O)NO)C(=O)N[C@@H](CC1CCCCC1)C(=O)NCCc1ccccc1,0 1 2 3 4 5 7,O=C(CCC1CCCCC1)NCCc1ccccc1,train,461.6470000000002,3.9944000000000024,0.1695370106237265,33,61
subcategory_homologation.grow-single_1292,CCOc1cc(OCC)c(CCCc2ccc(OC)cc2)cc1O,1,homologation,grow-single,CCOc1cc2c(cc1CCCc1ccc(OC)cc1)OCO2,0 1 2 8,c1ccc(CCCc2ccc3c(c2)OCO3)cc1,test,330.424,4.373500000000005,0.741342987059567,24,34
subcategory_homologation.grow-single_1202,CCCCO[CH]OC[CH]OC(=O)N[C@@H](Cc1ccccc1)[C@H](O)CN(CC(C)C)S(=O)(=O)c1ccc(I)cc1,1,homologation,grow-single,CC(C)CN(C[C@@H](O)[C@H](Cc1ccccc1)NC(=O)O[C@H]1CO[C@H]2OCC[C@H]21)S(=O)(=O)c1ccc(I)cc1,0 1 2 3 4 5 6 7 8,O=C(N[C@H](CCNS(=O)(=O)c1ccccc1)Cc1ccccc1)O[C@H]1CO[C@H]2OCC[C@H]21,train,674.5980000000003,4.7506800000000045,0.17341984236803992,39,77
subcategory_homologation.grow-single_490,Cn1c2ccccc2n2c(=O)c(-c3ccccc3)nnc12,0,authentic,authentic,,,O=c1c(-c2ccccc2)nnc2[nH]c3ccccc3n12,train,276.29900000000004,2.2481999999999998,0.5355538413585826,21,35
subcategory_homologation.grow-single_223,Nc1nc(N)c2c(n1)CCC(Cc1cccc(OC(F)(F)F)c1)C2,0,authentic,authentic,,,c1ccc(CC2CCc3ncncc3C2)cc1,train,338.333,2.887200000000001,0.8984533550599223,24,42
subcategory_homologation.grow-single_1504,CCOC(=O)CC(=O)CC(O)/C=C/c1c(C)nc(-c2ccccc2)nc1-c1ccc(F)cc1,1,homologation,grow-single,COC(=O)CC(=O)CC(O)/C=C/c1c(C)nc(-c2ccccc2)nc1-c1ccc(F)cc1,5,c1ccc(-c2ccnc(-c3ccccc3)n2)cc1,train,448.49400000000014,4.544620000000004,0.381756049419001,33,58
subcategory_homologation.grow-single_556,O=C1c2ccccc2NS(=O)(=O)N1Cc1ccccc1,0,authentic,authentic,,,O=C1c2ccccc2NS(=O)(=O)N1Cc1ccccc1,train,288.328,1.9993,0.9187770825654019,20,33
subcategory_homologation.grow-single_555,CO[C@H]1O[C@@](C)([C@H]2CC(C)=C(C)C(=O)O2)[C@H]2C[C@H](O)[C@H]3[C@@H]4C[C@@H](O)[C@@]5(O)CC=CC(=O)[C@]5(C)[C@H]4CC[C@@]132,0,authentic,authentic,,,O=C1C=CC[C@H](C2OC[C@]34CC[C@@H]5C6C(=O)C=CCC6CC[C@H]5[C@@H]3CC[C@H]24)O1,train,516.6310000000003,2.4402999999999997,0.47863237210780185,37,122
subcategory_homologation.grow-single_1103,CCCCCc1cc(OCC)c(CC=C(C)C)c(O)c1C(=O)O,1,homologation,grow-single,CCCCCc1cc(OC)c(CC=C(C)C)c(O)c1C(=O)O,2,c1ccccc1,train,320.42900000000003,4.7305000000000055,0.5096683874404466,23,37
subcategory_homologation.grow-single_413,CN(C)CCCNc1ccc2ncn3c4cc5c(cc4c(=O)c1c23)OCO5,0,authentic,authentic,,,O=c1c2cc3c(cc2n2cnc4cccc1c42)OCO3,train,364.4050000000002,2.5310000000000006,0.4335657547873572,27,44
subcategory_homologation.grow-single_438,CC(C)(C)C(=O)c1ccc2n1CCC2C(=O)O,0,authentic,authentic,,,c1cc2n(c1)CCC2,train,235.28299999999996,2.2888,0.7999371421908942,17,31
subcategory_homologation.grow-single_981,CCCN(Cc1ccccc1)Cc1ccccc1C(=O)N(C)C,1,homologation,grow-single,CCN(Cc1ccccc1)Cc1ccccc1C(=O)N(C)C,3,c1ccc(CNCc2ccccc2)cc1,test,310.44100000000003,3.800600000000003,0.7763734403378064,23,34
subcategory_homologation.grow-single_525,CC(=O)[C@@]1(O)CC[C@H]2[C@@H]3CCC4=CC(=O)CC[C@]4(C)[C@H]3C(O)C[C@@]21C,0,authentic,authentic,,,O=C1C=C2CC[C@H]3[C@@H]4CCCC4CC[C@@H]3C2CC1,train,346.46700000000004,2.8092000000000015,0.7655135566014469,25,70
subcategory_homologation.grow-single_905,NS(=O)(=O)c1ccc(CCNC(=O)N2CCCC2=O)cc1,0,authentic,authentic,,,O=C1CCCN1C(=O)NCCc1ccccc1,train,311.363,0.2084999999999999,0.8277996194537331,21,37
subcategory_homologation.grow-single_709,CN(C)CCC[C@]1(c2ccc(F)cc2)OCc2ccccc21,0,authentic,authentic,,,c1ccc(C2OCc3ccccc32)cc1,train,299.389,3.9413000000000036,0.8288842481375454,22,37
subcategory_homologation.grow-single_1398,CCCCc1nc(C)c(CCC(=O)OC)c(=O)n1Cc1ccc(-c2ccccc2-c2nn[nH]n2)cc1,1,homologation,grow-single,CCCCc1nc(C)c(CCC(=O)O)c(=O)n1Cc1ccc(-c2ccccc2-c2nn[nH]n2)cc1,2,O=c1ccncn1Cc1ccc(-c2ccccc2-c2nn[nH]n2)cc1,train,486.57600000000014,3.8953200000000026,0.33808016307163946,36,61
subcategory_homologation.grow-single_1375,CC[C@@](C)(Sc1ccccn1)[C@@H]1CCc2cc(C(C)C)ccc2[C@@]1(C)CC,1,homologation,grow-single,CC(C)c1ccc2c(c1)CC[C@H]1[C@](C)(Sc3ccccn3)CCC[C@]21C,2 3 7 11 12 13 16 17 19 20 22 23 26,c1ccc(SC2CCCC3c4ccccc4CC[C@@H]23)nc1,val,381.62900000000013,7.396100000000007,0.48353673103346817,27,56
subcategory_homologation.grow-single_1544,CCCCC(=O)N(Cc1ccc(-c2ccccc2-c2nn[nH]n2)cc1)C1CCCCC1C(=O)OC,1,homologation,grow-single,CCCCC(=O)N(Cc1ccc(-c2ccccc2-c2nn[nH]n2)cc1)C1CCCCC1C(=O)OCC,,c1ccc(-c2nn[nH]n2)c(-c2ccc(CNC3CCCCC3)cc2)c1,train,475.5930000000003,4.7843000000000035,0.4469072387484405,35,58
subcategory_homologation.grow-single_1319,CCCNC(=O)c1cnc2c(cnn2CC)c1NCc1ccc(OC)c(Cl)c1,1,homologation,grow-single,CCn1ncc2c(NCc3ccc(OC)c(Cl)c3)c(C(=O)NC[C@@H]3CCCO3)cnc21,1 2,O=C(NC[C@@H]1CCCO1)c1cnc2[nH]ncc2c1NCc1ccccc1,val,401.89800000000014,3.8651000000000026,0.5985198505577685,28,44
subcategory_homologation.grow-single_1721,CCOCCN1CCN(C2=Nc3ccccc3Cc3sc(C(C)C)cc32)C[C@@H]1Cc1ccccc1,1,homologation,grow-single,CC(C)c1cc2c(s1)Cc1ccccc1N=C2N1CCN(CCOCCO)[C@@H](Cc2ccccc2)C1,,c1ccc(C[C@H]2CN(C3=Nc4ccccc4Cc4sccc43)CCN2)cc1,train,487.7130000000003,6.119400000000007,0.3759639769705463,35,57
subcategory_homologation.grow-single_1637,CCOc1cc2ncnc(Nc3ccc(Cl)cc3F)c2cc1OC,1,homologation,grow-single,COc1cc2c(Nc3ccc(Cl)cc3F)ncnc2cc1OCCN1CCN(C)CC1,,c1ccc(Nc2ncnc3cc(OCCN4CCNCC4)ccc23)cc1,val,347.7770000000001,4.573200000000003,0.7321049471248767,24,35
subcategory_homologation.grow-single_808,[3H]C(CCN(C)C)C1(c2ccc(F)cc2)OCc2cc(C#N)ccc21,0,authentic,authentic,,,c1ccc(C2OCc3ccccc32)cc1,train,326.40704927800004,3.812980000000003,0.8380533767778205,24,45
subcategory_homologation.grow-single_777,CCC(CC)O[C@@H]1C=C(C(=O)O)C[C@H](N=C(C)N)[C@H]1NC(C)=O,0,authentic,authentic,,,C1=CCCCC1,train,325.409,1.2253000000000003,0.4809307617109922,23,54
subcategory_homologation.grow-single_1597,CCCN(CCNC)C1=Nc2cscc2Nc2ccc(F)cc21,1,homologation,grow-single,CN1CCN(C2=Nc3cscc3Nc3ccc(F)cc32)CC1,0 1 2 3 4 6 9 13,c1ccc2c(c1)Nc1cscc1N=C2N1CCNCC1,test,332.44800000000004,3.9539000000000026,0.8706478871037913,23,34
subcategory_homologation.grow-single_1691,CCCOCCOCn1cnc2c(=O)[nH]c(N)nc21,1,homologation,grow-single,Nc1nc2c(ncn2COCCOC(CO)CO)c(=O)[nH]1,3,O=c1[nH]cnc2[nH]cnc12,train,267.289,0.1025000000000002,0.6888253175814671,19,31
subcategory_homologation.grow-single_589,CCc1cc2c(s1)Nc1ccc(F)cc1N=C2N1CCN(Cc2ccc(Cl)cc2)CC1,0,authentic,authentic,,,c1ccc(CN2CCN(C3=Nc4ccccc4Nc4sccc43)CC2)cc1,test,455.0020000000003,6.056100000000005,0.5217427428897922,31,51
subcategory_homologation.grow-single_560,CCCN(CCC)C1Cc2cccc3c2N(C1)C(=O)CC3,0,authentic,authentic,,,O=C1CCc2cccc3c2N1CCC3,test,286.4190000000001,3.012500000000002,0.8304799928093555,21,34
subcategory_homologation.grow-single_1147,CCc1cc(-c2c(F)cc3c(=O)c(Cc4ccc[nH]4)cn(C4CC4)c3c2F)cc(C)n1,1,homologation,grow-single,Cc1cc(-c2c(F)cc3c(=O)c(Cc4ccc[nH]4)cn(C4CC4)c3c2F)cc(C)n1,2,O=c1c(Cc2ccc[nH]2)cn(C2CC2)c2cc(-c3ccncc3)ccc12,train,419.4750000000002,5.466320000000004,0.46659201556257446,31,58
subcategory_homologation.grow-single_714,CN[C@H]1C[C@H](C)S(=O)(=O)c2sc(S(N)(=O)=O)cc21,0,authentic,authentic,,,O=S1(=O)CCCc2ccsc21,train,310.422,0.2219000000000001,0.8125791966077258,18,46
subcategory_homologation.grow-single_982,CCCC1(OC=O)CCC2C3C(CCC21C)C1(C)CCC(=O)C=C1[C@H]1C[C@@H]31,1,homologation,grow-single,CC12CCC(=O)C=C1[C@H]1C[C@H]1C1C2CCC2(C)C1CCC21CCC(=O)O1,0 1 2 5 8 12,O=C1C=C2C(CC1)C1CCC3C(CCC34CCC(=O)O4)C1[C@@H]1C[C@H]21,train,370.53300000000013,5.086100000000005,0.6477587634637433,27,57
subcategory_homologation.grow-single_1426,CCNCCC(C)NC(=O)c1ccc(-n2ccnc2)cc1,1,homologation,grow-single,O=C(NC1CCNCC1)c1ccc(-n2ccnc2)cc1,0 1 2 3 4 5 7,O=C(NC1CCNCC1)c1ccc(-n2ccnc2)cc1,val,286.379,1.9901999999999993,0.7653144231209256,21,33
subcategory_homologation.grow-single_1001,CCCC[C@H](OC)c1cc(=O)oc2c(C(=O)CC(C)C)c(O)c(CC=C(C)C)c(O)c12,1,homologation,grow-single,CCCC[C@H](O)c1cc(=O)oc2c(C(=O)CC(C)C)c(O)c(CC=C(C)C)c(O)c12,2,O=c1ccc2ccccc2o1,train,430.5410000000002,5.819400000000008,0.28001042606149856,31,60
subcategory_homologation.grow-single_1383,CCc1nc(N(C)C)c(C(=O)O)n1Cc1ccc(-c2ccccc2-c2nn[nH]n2)cc1,1,homologation,grow-single,CCCCc1nc(N(C)C)c(C(=O)O)n1Cc1ccc(-c2ccccc2-c2nn[nH]n2)cc1,,c1ccc(-c2nn[nH]n2)c(-c2ccc(Cn3ccnc3)cc2)c1,train,417.47300000000007,3.105100000000001,0.4749523529371699,31,55
subcategory_homologation.grow-single_1269,CCc1ccc(NC2=NCCN2)cc1,1,homologation,grow-single,COc1ccc(Cc2ccc(NC3=NCCN3)cc2)cc1,2,c1ccc(Cc2ccc(NC3=NCCN3)cc2)cc1,train,189.262,1.6200999999999999,0.7413659589647172,14,21
subcategory_homologation.grow-single_1351,CCC(C)(C)c1cc(/C=C/c2ccccc2)cc(C(C)(C)C)c1O,1,homologation,grow-single,CC(C)(C)c1cc(/C=C/c2ccccc2)cc(C(C)(C)C)c1O,5,C(=C\c1ccccc1)/c1ccccc1,train,322.4920000000001,6.547700000000007,0.6329023951166542,24,43
subcategory_homologation.grow-single_460,O=C1C[C@H](c2ccc(O)cc2)N1c1ccc(O)cc1,0,authentic,authentic,,,O=C1C[C@H](c2ccccc2)N1c1ccccc1,train,255.27300000000002,2.575800000000001,0.8106819243797152,19,36
subcategory_homologation.grow-single_611,O[C@@H]1[C@@H](O)[C@H](Oc2cccc(Cc3ccc(Cl)cc3)c2)OC[C@H]1O,0,authentic,authentic,,,c1ccc(Cc2cccc(O[C@H]3CCCCO3)c2)cc1,train,350.79800000000006,1.7485999999999993,0.7826075758605956,24,57
subcategory_homologation.grow-single_1255,CCCC1C(C)C[C@@H](C(=O)O)N1C(=O)[C@H](C)N[C@@H](CCc1ccccc1)C(=O)OCC,1,homologation,grow-single,CCOC(=O)[C@H](CCc1ccccc1)N[C@@H](C)C(=O)N1C2CCCC2C[C@H]1C(=O)O,0 1 2 8,O=C(CNCCCc1ccccc1)N1CCC2CCCC21,train,432.56100000000026,3.019300000000001,0.5220336039162486,31,66
subcategory_homologation.grow-single_571,O=C(N[C@@H](Cc1c[nH]c2cc(F)ccc12)C(=O)O)c1ccccc1Br,0,authentic,authentic,,,O=C(NCCc1c[nH]c2ccccc12)c1ccccc1,train,405.22300000000007,3.4952000000000014,0.6079695781889389,25,50
subcategory_homologation.grow-single_504,CC/C(=C(/Cc1ccc(OCN2CCCC2)cc1)c1ccccc1)c1ccccc1,0,authentic,authentic,,,C(=C(Cc1ccc(OCN2CCCC2)cc1)c1ccccc1)c1ccccc1,val,397.56199999999995,6.682200000000007,0.3930102509328378,30,47
subcategory_homologation.grow-single_393,CC1(C)N=C(N)N=C(N)N1c1cccc(OCCOc2ccccc2)c1,0,authentic,authentic,,,C1=NC=NCN1c1cccc(OCCOc2ccccc2)c1,test,353.42600000000004,2.3298999999999994,0.7767656016180987,26,42
subcategory_homologation.grow-single_1344,CNc1nc(N)c2ncn(C[C@@H](C)OCP(=O)(O)O)c2n1,1,homologation,grow-single,C[C@H](Cn1cnc2c(N)nc(N)nc21)OCP(=O)(O)O,2,c1ncc2nc[nH]c2n1,train,316.258,-0.009500000000000397,0.5396456573637347,21,41
subcategory_homologation.grow-single_1281,CCN(Cc1nnc(C(F)(F)F)n1C)C(=O)CC1=C(C)NC(=O)NC1c1ccc(F)c(F)c1,1,homologation,grow-single,CC1=C(CC(=O)N2CCn3c(nnc3C(F)(F)F)C2)C(c2ccc(F)c(F)c2)NC(=O)N1,0 1 2 4 7 9 10 13 14 15 20 24 25 26,O=C1NC=C(CC(=O)N2CCn3cnnc3C2)C(c2ccccc2)N1,train,472.4180000000001,3.1788000000000016,0.6321813222014752,33,60
subcategory_homologation.grow-single_725,CSCCCCC/C=C(\NC(=O)C1CC1(C)C)C(=O)O,0,authentic,authentic,,,C1CC1,train,299.43600000000004,3.0406000000000013,0.5071125532576038,20,35
subcategory_homologation.grow-single_1623,COCCC(c1ccccc1)N1CCCCC1,1,homologation,grow-single,COC(=O)CC(c1ccccc1)N1CCCCC1,,c1ccc(CN2CCCCC2)cc1,val,233.35499999999993,3.2501000000000024,0.7737813899682626,17,23
subcategory_homologation.grow-single_701,CCOC(=O)C1=C(O)C(=O)N(C2CCCCC2)C1,0,authentic,authentic,,,O=C1C=CCN1C1CCCCC1,val,253.29799999999992,1.5365,0.7746092729943754,18,33
subcategory_homologation.grow-single_1091,CCC1(O)C2CCC3CC(OC4CC(O)C(O)C(C)O4)CCC3(C)C2CCC1(C)[C@H](CO)C1=CC(=O)OC1,1,homologation,grow-single,CC1OC(OC2CCC3(C)C(CCC4C3CCC3(C)[C@@H](C5=CC(=O)OC5)C(O)CC43O)C2)CC(O)C1O,1 2 8 12 13 16 17 18 22 23 26,O=C1C=C([C@H]2CCC3C4CCC5CC(OC6CCCCO6)CCC5C4CCC32)CO1,train,536.7060000000004,3.0938000000000017,0.3014949517170055,38,72
subcategory_homologation.grow-single_941,CCOc1ccc(SC2CCc3ccccc3N(CC(=O)O)C2=O)cc1,1,homologation,grow-single,COc1ccc(SC2CCc3ccccc3N(CC(=O)O)C2=O)cc1,3,O=C1Nc2ccccc2CCC1Sc1ccccc1,val,371.45800000000014,3.610000000000001,0.8401808378093226,26,40
subcategory_homologation.grow-single_354,O=NN(CCF)C(=O)NC1CCCCC1,0,authentic,authentic,,,C1CCCCC1,train,217.24399999999994,1.9816,0.5777758917797279,15,23
subcategory_homologation.grow-single_1208,CCCC(CCCNC(=O)NS(=O)(=O)c1ccc(CCNC(=O)N2CCC(C)CC2=O)cc1)C(C)C,1,homologation,grow-single,CC1CCN(C(=O)NCCc2ccc(S(=O)(=O)NC(=O)NC3CCC(C(C)C)CC3)cc2)C(=O)C1,0 1 2 3 4 5 6 7 8 9,O=C(NC1CCCCC1)NS(=O)(=O)c1ccc(CCNC(=O)N2CCCCC2=O)cc1,train,522.7120000000004,4.037600000000003,0.3574752063967323,36,61
subcategory_homologation.grow-single_1819,CCN(CCN(C)CCOCCO)C1=Nc2ccccc2Sc2cc(C(N)=O)ccc21,1,homologation,grow-single,NC(=O)c1ccc2c(c1)Sc1ccccc1N=C2N1CCN(CCOCCO)CC1,0 1 2 4 7 11 17 18 22 25 28 29 30,c1ccc2c(c1)N=C(N1CCNCC1)c1ccccc1S2,train,442.58500000000015,2.591,0.5498135833111082,31,47
subcategory_homologation.grow-single_1432,CCCCN(CC(C)NC)C1=Nc2cc(F)ccc2Nc2sc(CC)cc21,1,homologation,grow-single,CCc1cc2c(s1)Nc1ccc(F)cc1N=C2N1CC(C)N(C)C(C)C1,0 1 2 3 4 6 9 13 14 20,c1ccc2c(c1)N=C(N1CCNCC1)c1ccsc1N2,train,388.55600000000015,5.294900000000005,0.6764663433350756,27,42
subcategory_homologation.grow-single_979,CCC(=O)OC(=O)[CH][C@@H]1C[C@H](COC(=O)CCCCc2ccccc2)[CH]O1,1,homologation,grow-single,O=C(CCCCc1ccccc1)OC[C@H]1C[C@@H]2O[C@H]1[C@H]1C(=O)OC(=O)[C@H]12,0 1 2 3 4 5 6 7,O=C(CCCCc1ccccc1)OC[C@H]1C[C@@H]2O[C@H]1[C@H]1C(=O)OC(=O)[C@H]12,train,374.433,3.1935800000000016,0.3554850290255585,27,57
subcategory_homologation.grow-single_665,CC(=O)NCCc1c2n(c3ccccc13)CCc1ccccc1-2,0,authentic,authentic,,,c1ccc2c(c1)CCn1c-2cc2ccccc21,train,304.39300000000003,3.543000000000003,0.7887417033109954,23,37
subcategory_homologation.grow-single_1148,CC=C(C(=O)OCCOC(=O)C1=CN(C)C=CC1)C(C(C(=O)OC)=C(C)NC)c1cccc(Cl)c1Cl,1,homologation,grow-single,COC(=O)C1=C(C)NC(C)=C(C(=O)OCCOC(=O)C2=CN(C)C=CC2)C1c1cccc(Cl)c1Cl,0 1 2 3 4 5 6 7 8 9 10 11 12 14 15 16 19 20 21 23 24,O=C(OCCOC(=O)C1=CNC=CC1c1ccccc1)C1=CNC=CC1,train,537.4400000000003,4.509200000000003,0.20180844325927288,36,67
subcategory_homologation.grow-single_424,O.O=C1[C@H](CC[C@H](O)c2ccc(F)cc2)[C@@H](c2ccc(O)cc2)N1c1ccc(F)cc1,0,authentic,authentic,,,O=C1[C@H](CCCc2ccccc2)[C@@H](c2ccccc2)N1c1ccccc1,train,427.4470000000001,4.063600000000003,0.5812239116063725,31,66
subcategory_homologation.grow-single_1400,CC[C@H]1OC(=O)CC(O)[C@H](C)[C@@H](O[CH][C@H](O)[C@H](C[C@@H](C)OC)N(C)C)[C@@H](CCN(C)CCCN(C)C)C[C@@H](C)C(=O)/C=C/C(C)=C/[C@@H]1C,1,homologation,grow-single,CC[C@H]1OC(=O)CC(O)[C@H](C)[C@@H](O[C@@H]2O[C@H](C)C[C@H](N(C)C)[C@H]2O)[C@@H](CCN(C)CCCN(C)C)C[C@@H](C)C(=O)/C=C/C(C)=C/[C@@H]1C,0 1 2 3 4 5 6 7 8 9 10 11,O=C1/C=C/C=C/CCOC(=O)CCC[C@@H](O[C@H]2CCCCO2)CCC1,test,680.9920000000003,4.595690000000007,0.22464522431921577,48,129
subcategory_homologation.grow-single_282,C[S+]([O-])c1ccc(Oc2cnc(O)nc2)cc1,0,authentic,authentic,,,c1ccc(Oc2cncnc2)cc1,train,250.27900000000002,1.7119,0.8388684598915479,17,33
subcategory_homologation.grow-single_127,NS(=O)(=O)Oc1ccc2c(c1)CCCC2=O,0,authentic,authentic,,,O=C1CCCc2ccccc21,train,241.26799999999994,0.7879,0.8287931479783641,16,29
subcategory_homologation.grow-single_965,CO[C@@H]1C[C@H]2[C@@H](CC[C@@H]3C[C@@H](O)CC[C@@]32C)[C@@]2(O)CC[C@H](C3=CC(=O)OC3)[C@@]12C,1,homologation,grow-single,C[C@]12CC[C@H](O)C[C@H]1CC[C@@H]1[C@@H]2C[C@@H](O)[C@]2(C)[C@@H](C3=CC(=O)OC3)CC[C@]12O,2,O=C1C=C([C@H]2CCC3C2CC[C@@H]2C4CCCC[C@H]4CC[C@@H]32)CO1,train,404.54700000000025,3.2292000000000023,0.6913244602754606,29,91
subcategory_homologation.grow-single_1027,COC(=O)C(CSCc1ccccc1)N(Cc1ccc(-c2ccccc2-c2nn[nH]n2)cc1)C(=O)CC(C)C,1,homologation,grow-single,CC(C)CC(=O)N(Cc1ccc(-c2ccccc2-c2nn[nH]n2)cc1)C(CSCc1ccccc1)C(=O)O,2,c1ccc(CSCCNCc2ccc(-c3ccccc3-c3nn[nH]n3)cc2)cc1,val,543.6930000000002,5.383400000000004,0.23935519788936477,39,66
subcategory_homologation.grow-single_840,NCCCCC(NC(CCc1ccccc1)C(=O)O)C(=O)N1CCCC1C(=O)O,0,authentic,authentic,,,O=C(CNCCCc1ccccc1)N1CCCC1,train,405.49500000000023,1.2352000000000007,0.38448821050031284,29,46
subcategory_homologation.grow-single_1587,CNCC1CCCc2ccc(OC)cc21,1,homologation,grow-single,COc1ccc2c(c1)C(CN(C)CCc1ccc3c(c1)OCO3)CCC2,,c1ccc2c(c1)CCCC2CNCCc1ccc2c(c1)OCO2,test,205.301,2.3345000000000002,0.8174448108862343,15,21
subcategory_homologation.grow-single_845,CC(C)(C)NCC(O)COC(=O)c1ccccc1F,0,authentic,authentic,,,c1ccccc1,train,269.316,1.7314999999999998,0.7992890828858507,19,30
subcategory_homologation.grow-single_310,COC(=O)C[C@@H]1Cc2cc3cc(OC)cc(O)c3c(O)c2C(=O)O1,0,authentic,authentic,,,O=C1OCCc2cc3ccccc3cc21,test,332.3080000000001,1.9042000000000003,0.8276214018267866,24,47
subcategory_homologation.grow-single_1774,CCC(S(=O)(=O)c1ccc(Cl)c(Cl)c1)S(=O)(=O)C(F)(F)F,1,homologation,grow-single,CC(S(=O)(=O)c1ccc(Cl)c(Cl)c1)S(=O)(=O)C(F)(F)F,2,c1ccccc1,train,385.21200000000005,3.437800000000002,0.796541946474145,21,47
subcategory_homologation.grow-single_642,O=C(c1ccccc1)c1c[nH]c2nncc-2c1OCCO,0,authentic,authentic,,,O=C(c1ccccc1)c1c[nH]c2nncc-2c1,train,283.28700000000003,1.5115999999999996,0.6929115272537308,21,34
subcategory_homologation.grow-single_903,OCCOCCN1CCN(c2cccc3c2C=Nc2ccccc2S3)CC1,0,authentic,authentic,,,C1=Nc2ccccc2Sc2cccc(N3CCNCC3)c21,val,383.51700000000017,3.032700000000001,0.6632689121598812,27,38
subcategory_homologation.grow-single_1705,CCCNc1cccn2c(-c3ccc(C(=O)NC4CC4)cc3)cnc12,1,homologation,grow-single,CC(C)CNc1cccn2c(-c3ccc(C(=O)NC4CC4)cc3)cnc12,,O=C(NC1CC1)c1ccc(-c2cnc3ccccn23)cc1,train,334.42300000000006,3.7154000000000025,0.7222487288493307,25,41
subcategory_homologation.grow-single_390,CCCCCC(O)c1cccc(COc2ccccc2)c1,0,authentic,authentic,,,c1ccc(COc2ccccc2)cc1,train,284.399,4.879300000000004,0.7000359232779164,21,29
subcategory_homologation.grow-single_225,NS(=O)(=O)c1cc2c(cc1Cl)N[C@H](Cc1ccccc1)NS2(=O)=O,0,authentic,authentic,,,O=S1(=O)N[C@@H](Cc2ccccc2)Nc2ccccc21,val,387.87000000000006,1.2600000000000002,0.7321819270124917,24,49
subcategory_homologation.grow-single_1443,CCN(C)C(=Nc1c(Cl)cccc1Cl)Nc1ccc(Cl)cc1,1,homologation,grow-single,CN(C)C(=Nc1c(Cl)cccc1Cl)Nc1ccc(Cl)cc1,2,C(=Nc1ccccc1)Nc1ccccc1,train,356.6840000000001,5.698100000000004,0.5641630976568519,22,38
subcategory_homologation.grow-single_64,COC(=O)C(C)(C)CCCOc1ccc(OCCCC(C)(C)C(=O)OC)c(C2CCCCC2)c1,0,authentic,authentic,,,c1ccc(C2CCCCC2)cc1,train,476.6540000000004,6.450700000000007,0.2405906610604917,34,56
subcategory_homologation.grow-single_496,Cc1cccc2cc3c(O)ncc(C(=O)NCCN(C)C)c3nc12,0,authentic,authentic,,,c1ccc2nc3ccncc3cc2c1,train,324.38400000000007,2.0884199999999993,0.7185851598902219,24,39
subcategory_homologation.grow-single_302,CC(C)c1nc(N(C)S(C)(=O)=O)nc(-c2ccc(F)cc2)c1C(O)CC=O,0,authentic,authentic,,,c1ccc(-c2ccncn2)cc1,train,395.45600000000013,2.4243000000000006,0.7228694960261638,27,51
subcategory_homologation.grow-single_778,O=C1[C@@H](NS(=O)(=O)c2ccc(-c3ccon3)s2)CCN1CCNc1ccncc1,0,authentic,authentic,,,O=C1[C@@H](NS(=O)(=O)c2ccc(-c3ccon3)s2)CCN1CCNc1ccncc1,test,433.5150000000002,1.7893999999999994,0.5560331927805935,29,54
subcategory_homologation.grow-single_1073,CCCc1nc(C)c(CC)n1Cc1ccc(-c2ccccc2-c2nn[nH]n2)cc1,1,homologation,grow-single,CCCc1nc(C)c(C=O)n1Cc1ccc(-c2ccccc2-c2nn[nH]n2)cc1,2,c1ccc(-c2nn[nH]n2)c(-c2ccc(Cn3ccnc3)cc2)c1,train,386.50300000000004,4.601820000000004,0.5036676116219115,29,48
subcategory_homologation.grow-single_349,CCCCOC(=O)N(Cc1ccc(-c2ccccc2-c2nn[nH]n2)cc1)C(C(=O)O)C(C)C,0,authentic,authentic,,,c1ccc(-c2ccccc2-c2nn[nH]n2)cc1,train,451.52700000000016,4.381600000000002,0.4386904665001519,33,58
subcategory_homologation.grow-single_983,CCOc1ccc(Sc2ccc(NC3=NCCN3)cc2)cc1OC,1,homologation,grow-single,c1cc(Sc2ccc3c(c2)OCCO3)ccc1NC1=NCCN1,0 1 2 8 10,c1cc(Sc2ccc3c(c2)OCCO3)ccc1NC1=NCCN1,train,343.45200000000006,3.616200000000002,0.8389735400695268,24,35
subcategory_homologation.grow-single_1217,Cc1ccccc1CC(=O)N[C@H]1C(=O)N(c2ccc(F)cc2)[C@@H]1c1ccc(O)cc1,1,homologation,grow-single,O=C(Cc1ccccc1)N[C@H]1C(=O)N(c2ccc(F)cc2)[C@@H]1c1ccc(O)cc1,7,O=C(Cc1ccccc1)N[C@H]1C(=O)N(c2ccccc2)[C@@H]1c1ccccc1,val,404.4410000000001,3.655120000000002,0.6379982119392889,30,59
subcategory_homologation.grow-single_105,COc1cc2c(Nc3cccc4c3OC(F)(F)O4)ncnc2cc1OCCCN1CCOCC1,0,authentic,authentic,,,c1cc(Nc2ncnc3cc(OCCCN4CCOCC4)ccc23)c2c(c1)OCO2,test,474.4640000000004,3.8046000000000024,0.48995871667385626,34,50
subcategory_homologation.grow-single_466,C/C(=N/NS(=O)(=O)c1ccccc1)c1c[nH]c2ccccc12,0,authentic,authentic,,,O=S(=O)(NN=Cc1c[nH]c2ccccc12)c1ccccc1,train,313.38200000000006,2.870400000000001,0.573913146041016,22,42
subcategory_homologation.grow-single_1182,CCCC(CCC)NC(=O)NS(=O)c1ccc(CCNC(=O)N2CC3=NCCC=C3C2=O)cc1,1,homologation,grow-single,O=C(NC1CCCCC1)NS(=O)c1ccc(CCNC(=O)N2CC3=NCCC=C3C2=O)cc1,0 1 2 3 5 7 10,O=C(NC1CCCCC1)NS(=O)c1ccc(CCNC(=O)N2CC3=NCCC=C3C2=O)cc1,test,487.6260000000004,2.842600000000001,0.4699720516024069,34,56
subcategory_homologation.grow-single_1184,CCCCCSc1ccccc1O,1,homologation,grow-single,NC(CCCSc1ccccc1O)C(=O)O,,c1ccccc1,train,196.31500000000003,3.674500000000003,0.5724321145811962,13,15
subcategory_homologation.grow-single_543,COC(=O)[C@@H](c1ccc(Cl)cc1)[C@@H]1CCCCN1.Cl,0,authentic,authentic,,,c1ccc(C[C@@H]2CCCCN2)cc1,train,304.2169999999999,3.160500000000001,0.8718190322010362,19,43
subcategory_homologation.grow-single_971,c1ccc2c(CNCC3CCCCC3)c[nH]c2c1,1,homologation,grow-single,c1ccc2c(CNC3CCCCC3)c[nH]c2c1,1 2 3 4 5 6 7,c1ccc2c(CNC3CCCCC3)c[nH]c2c1,train,242.36599999999996,3.8378000000000023,0.8373653671567154,18,29
subcategory_homologation.grow-single_1740,COC(=O)c1nc2cc(Cl)c3ccccc3n2c1C,1,homologation,grow-single,Cc1c(C(=O)O)nc2cc(Cl)c3ccccc3n12,2,c1ccc2c(c1)ccc1nccn12,train,274.70700000000005,3.235920000000002,0.6399960035114288,19,31
subcategory_homologation.grow-single_630,COC(=O)C(C)(C)CCCOc1ccc(C(C)(C)c2ccc(OCCCC(C)(C)C(=O)OC)cc2)cc1,0,authentic,authentic,,,c1ccc(Cc2ccccc2)cc1,train,512.6870000000004,6.728900000000007,0.20645450561636264,37,63
subcategory_homologation.grow-single_1195,CCCCC(C#N)(c1ccc(OC)c(OC)c1)C(C)C,1,homologation,grow-single,COc1ccc(C(C#N)(CCCN(C)CCCc2ccc(O)c(I)c2)C(C)C)cc1OC,2,c1ccc(CCCCNCCCc2ccccc2)cc1,train,275.392,4.311380000000004,0.7442396958116184,20,33
subcategory_homologation.grow-single_1364,CCCN(C)CCNC1=Nc2cc(Cl)cc3c2N(CC3)c2ccccc21,1,homologation,grow-single,CN1CCN(C2=Nc3cc(Cl)cc4c3N(CC4)c3ccccc32)CC1,0 1 2 3 4 5 6 7,c1cc2c3c(c1)N=C(N1CCNCC1)c1ccccc1N3CC2,test,368.91200000000015,4.357300000000004,0.8503158350482168,26,42
subcategory_homologation.grow-single_224,O=S(=O)(c1ccccc1)N1Cc2ccccc2N(Cc2c[nH]cn2)C(CCc2ccccc2)C1,0,authentic,authentic,,,O=S(=O)(c1ccccc1)N1Cc2ccccc2N(Cc2c[nH]cn2)C(CCc2ccccc2)C1,train,472.6140000000002,4.622200000000004,0.42609003973973536,34,57
subcategory_homologation.grow-single_678,COC(=O)C1CN(C)CCC1c1ccccc1,0,authentic,authentic,,,c1ccc(C2CCNCC2)cc1,train,233.311,1.8948999999999998,0.7306079560648779,17,26
subcategory_homologation.grow-single_754,COc1cccc(C(C)(C)CCN(C)C)c1.Cl,0,authentic,authentic,,,c1ccccc1,train,257.80499999999995,3.3463000000000025,0.8022632139242447,17,29
subcategory_homologation.grow-single_34,NCCCC[C@H](OP(=O)(O)CCCCc1ccccc1)C(=O)N1[C@H](C(=O)O)C[C@@H]2CCC[C@@H]21,0,authentic,authentic,,,O=C(CO[PH](=O)CCCCc1ccccc1)N1CC[C@@H]2CCC[C@@H]21,train,480.54200000000026,3.563100000000002,0.2906326779325865,33,72
subcategory_homologation.grow-single_972,CCC(O)c1ccc(F)cc1F,1,homologation,grow-single,OC(Cn1cncn1)c1ccc(F)cc1F,2,c1ccc(CCn2cncn2)cc1,train,172.17399999999998,2.408200000000001,0.7258108132692977,12,18
subcategory_homologation.grow-single_613,CNC(=O)c1cc(Oc2ccc(/C=C/C(=O)c3ccc(Cl)cc3)cc2)ccn1,0,authentic,authentic,,,O=C(/C=C/c1ccc(Oc2ccncc2)cc1)c1ccccc1,train,392.84200000000004,4.783000000000004,0.4837251262094224,28,50
subcategory_homologation.grow-single_1152,CCCCCC(C)[C@H]1C[C@@H](C(=O)O)N(C(=O)[C@H](C)N[C@@H](CCc2ccccc2)C(=O)O)C1,1,homologation,grow-single,C[C@H](N[C@@H](CCc1ccccc1)C(=O)O)C(=O)N1C[C@@H](C2CCCCC2)C[C@H]1C(=O)O,0 1 2 3 4 5 7,O=C(CNCCCc1ccccc1)N1CC[C@H](C2CCCCC2)C1,train,446.5880000000002,3.5686000000000027,0.40002990527865984,32,73
subcategory_homologation.grow-single_1003,CCC1(C)[C@H](C2=CC(=O)OC2)C(=O)CC1(O)C1CCC2CC(OC(C)=O)CCC2(C)C1C,1,homologation,grow-single,CC(=O)OC1CCC2(C)C(CCC3C2CCC2(C)[C@H](C4=CC(=O)OC4)C(=O)CC32O)C1,0 1 2 3 4 5 6 7 8 9 11 12 13 16 17 19 21,O=C1C=C([C@@H]2C(=O)CC3C4CCC5CCCCC5C4CCC32)CO1,train,446.5840000000003,3.9902000000000033,0.6569571019250101,32,64
subcategory_homologation.grow-single_1090,CCCC(=O)NCCc1c[nH]cn1,1,homologation,grow-single,O=C(CCCC1CCCCC1)NCCc1c[nH]cn1,,O=C(CCCC1CCCCC1)NCCc1c[nH]cn1,train,181.23900000000003,0.8685,0.7077207306831012,13,21
subcategory_homologation.grow-single_1043,COC(CCC1C(=O)N(c2ccc(F)cc2)C1c1ccc(O)cc1)c1ccc(F)cc1,1,homologation,grow-single,O=C1C(CCC(O)c2ccc(F)cc2)C(c2ccc(O)cc2)N1c1ccc(F)cc1,2,O=C1C(CCCc2ccccc2)C(c2ccccc2)N1c1ccccc1,train,423.4590000000001,5.542400000000005,0.5076558329620614,31,52
subcategory_homologation.grow-single_1038,COCC(CO[N+](=O)[O-])CN1CNc2cc(Cl)c(S(N)(=O)=O)cc2S1(=O)=O,1,homologation,grow-single,NS(=O)(=O)c1cc2c(cc1Cl)NCN(CC(CO[N+](=O)[O-])CO[N+](=O)[O-])S2(=O)=O,2,O=S1(=O)NCNc2ccccc21,train,444.8750000000002,-0.16799999999999876,0.40746335881154205,27,57
subcategory_homologation.grow-single_688,Cc1c(C(=O)NC(CCC(=O)O)C(=O)O)ccc2nc(N)nc(O)c12,0,authentic,authentic,,,c1ccc2ncncc2c1,train,348.3150000000001,0.2738199999999998,0.4902012804904398,25,46
subcategory_homologation.grow-single_1215,CCCC(CC1CCC2C(CCC3(C)[C@@H](C4=CC(=O)OC4)C(OC(C)=O)CC23O)C1C)OC=O,1,homologation,grow-single,CC(=O)OC1CC2(O)C3CCC4CC(OC=O)CCC4(C)C3CCC2(C)[C@H]1C1=CC(=O)OC1,0 1 2 3 4 5 7 10,O=C1C=C([C@H]2CCC3C4CCC5CCCCC5C4CCC32)CO1,train,476.6100000000003,3.9627000000000034,0.3215141456324638,34,65
subcategory_homologation.grow-single_612,OCCOCCN1CCN(C2=Nc3ccccc3Sc3ccc(SF)cc32)CC1,0,authentic,authentic,,,c1ccc2c(c1)N=C(N1CCNCC1)c1ccccc1S2,train,433.5740000000002,3.832600000000003,0.6990033523555044,29,42
subcategory_homologation.grow-single_804,O=C(CCCc1ccccc1)NCCc1ccccc1,0,authentic,authentic,,,O=C(CCCc1ccccc1)NCCc1ccccc1,train,267.372,3.3682000000000016,0.8184834943574059,20,27
subcategory_homologation.grow-single_1817,CCC[C@H](C(=O)NC(=CS[C@@H]1CN[C@H](C(=O)NCCS(=O)(=O)N(C)C)C1)C(=O)O)[C@@H](C)O,1,homologation,grow-single,C[C@@H](O)[C@H]1C(=O)N2C(C(=O)O)=C(S[C@@H]3CN[C@H](C(=O)NCCS(=O)(=O)N(C)C)C3)[C@H](C)[C@H]12,0 1 2 3 4 5 6 7 8 9 10 11 12 13 14,O=C1C[C@H]2CC(S[C@H]3CCNC3)=CN12,train,494.6360000000003,-0.7029999999999952,0.2080977016330943,32,78
subcategory_homologation.grow-single_1728,CCCOC(=O)N1CCN(CCCOc2ccc(-c3ccncc3)cc2)CC1,1,homologation,grow-single,CCOC(=O)N1CCN(CCCOc2ccc(-c3ccncc3)cc2)CC1,2,c1cc(-c2ccc(OCCCN3CCNCC3)cc2)ccn1,train,383.4920000000001,3.681700000000003,0.6510535841429296,28,42
subcategory_homologation.grow-single_1557,CNCCC(=O)N1CCn2c(C)nnc2C1,1,homologation,grow-single,Cc1nnc2n1CCN(C(=O)C[C@H](N)Cc1ccccc1F)C2,4,O=C(CCCc1ccccc1)N1CCn2cnnc2C1,train,223.27999999999997,-0.4617799999999994,0.7527938496665756,16,25
subcategory_homologation.grow-single_286,O=C(Cc1ccccc1)NCCc1c[nH]cn1,0,authentic,authentic,,,O=C(Cc1ccccc1)NCCc1c[nH]cn1,test,229.28299999999996,1.3110999999999997,0.8118232468982859,17,27
subcategory_homologation.grow-single_1599,CCCOCn1cnc2c(=O)nc(N)[nH]c(=O)c21,1,homologation,grow-single,Nc1nc(=O)c2ncn(COCCO)c2c(=O)[nH]1,3,O=c1nc[nH]c(=O)c2[nH]cnc12,train,251.24599999999998,-0.5538999999999994,0.7038897699936333,18,33
subcategory_homologation.grow-single_305,COCCCC1=CCCN(NC(=O)c2ccccc2)C1,0,authentic,authentic,,,O=C(NN1CC=CCC1)c1ccccc1,val,274.36400000000003,2.3901000000000003,0.6394984757394114,20,30
subcategory_homologation.grow-single_935,CCCCC(C)N(C)C(=O)[C@H](CC#Cc1ccc(N)nc1)NS(=O)(=O)c1ccc2ccccc2c1,1,homologation,grow-single,CN(C(=O)[C@H](CC#Cc1ccc(N)nc1)NS(=O)(=O)c1ccc2ccccc2c1)C1CCCC1,0 1 2 3 6 7,O=C(NC1CCCC1)[C@H](CC#Cc1cccnc1)NS(=O)(=O)c1ccc2ccccc2c1,train,492.64500000000015,3.942800000000002,0.4402899857959488,35,63
subcategory_homologation.grow-single_1571,CCOc1cccc2c1CCC[C@H]2CN(C)CCc1ccc2c(c1)NCC2,1,homologation,grow-single,COc1cccc2c1CCC[C@H]2CN(C)CCc1ccc2c(c1)NCC2,2,c1ccc2c(c1)CCC[C@H]2CNCCc1ccc2c(c1)NCC2,train,364.5330000000001,4.647700000000004,0.773996698627437,27,43
subcategory_homologation.grow-single_970,CCCN1CCCC(c2cccc(O)c2)C1,1,homologation,grow-single,CCCCN1CCCC(c2cccc(O)c2)C1,,c1ccc(C2CCCNC2)cc1,train,219.328,2.981600000000002,0.8444734549140464,16,24
subcategory_homologation.grow-single_682,CC(C)CN(C[C@@H](O)[C@H](Cc1ccccc1)NC(=O)OC1CO[C@H]2OC[C@H](O)[C@@H]12)S(=O)(=O)c1ccc(N)cc1,0,authentic,authentic,,,O=C(N[C@H](CCNS(=O)(=O)c1ccccc1)Cc1ccccc1)OC1CO[C@H]2OCC[C@@H]12,val,563.6730000000002,1.346100000000001,0.2958752525469806,39,90
subcategory_homologation.grow-single_280,CCCCCCCCNC(=O)OCC1CN(C(=O)c2cc(OC)c(OC)c(OC)c2)CCN1C(=O)c1cc(OC)c(OC)c(OC)c1,0,authentic,authentic,,,O=C(c1ccccc1)N1CCN(C(=O)c2ccccc2)CC1,train,659.7770000000003,4.791700000000005,0.2363547446449025,47,76
subcategory_homologation.grow-single_79,Clc1ccc2c(c1)N=C(N1CCNCC1)C(c1ccccc1)=CC2,0,authentic,authentic,,,C1=C(c2ccccc2)C(N2CCNCC2)=Nc2ccccc2C1,train,337.854,3.914900000000003,0.8538623876106823,24,41
subcategory_homologation.grow-single_1277,CCCC(C)C(=O)Oc1ccc2[nH]c(C(=O)c3cc4ccccc4[nH]3)cc2c1,1,homologation,grow-single,O=C(c1cc2ccccc2[nH]1)c1cc2cc(OC(=O)C3CCC3)ccc2[nH]1,0 1 2 3 5,O=C(c1cc2ccccc2[nH]1)c1cc2cc(OC(=O)C3CCC3)ccc2[nH]1,train,374.44000000000005,5.2218000000000035,0.27588965707273055,28,52
subcategory_homologation.grow-single_82,OCCOCCN1CCN(C2=Nc3ccccc3Sc3ccccc32)CC1,0,authentic,authentic,,,c1ccc2c(c1)N=C(N1CCNCC1)c1ccccc1S2,train,383.51700000000017,2.8560000000000016,0.8048695029648197,27,38
subcategory_homologation.grow-single_1024,CO[N+](=O)c1ccc(C=NN2CC(=O)N(c3ccccc3)C2=O)o1,1,homologation,grow-single,O=C1CN(N=Cc2ccc([N+](=O)[O-])o2)C(=O)N1c1ccccc1,2,O=C1CN(N=Cc2ccco2)C(=O)N1c1ccccc1,train,329.29200000000003,2.0541,0.47513009909167203,24,45
subcategory_homologation.grow-single_822,NS(=O)(=O)c1cc2c(cc1Cl)NC1(CCC(CN3CCCC3)CC1)NS2(=O)=O,0,authentic,authentic,,,O=S1(=O)NC2(CCC(CN3CCCC3)CC2)Nc2ccccc21,train,448.99800000000033,1.6735000000000004,0.6461816513121692,28,53
subcategory_homologation.grow-single_1042,CCc1ncn(Cc2ccccc2)c(=O)c1Cc1ccc(-c2ccccc2-c2nn[nH]n2)cc1,1,homologation,grow-single,CCCCc1ncn(Cc2ccccc2)c(=O)c1Cc1ccc(-c2ccccc2-c2nn[nH]n2)cc1,,O=c1c(Cc2ccc(-c3ccccc3-c3nn[nH]n3)cc2)cncn1Cc1ccccc1,test,448.5300000000001,4.291900000000003,0.4011531100773102,34,56
subcategory_homologation.grow-single_1564,CCCC(N[C@](C)(CF)C(=O)N1CCC[C@H]1C(=O)O)C(=O)OCC,1,homologation,grow-single,CCOC(=O)C(CCc1ccccc1)N[C@](C)(CF)C(=O)N1CCC[C@H]1C(=O)O,2,O=C(CNCCCc1ccccc1)N1CCCC1,train,346.3990000000001,1.1116000000000006,0.6073628067078134,24,48
subcategory_homologation.grow-single_407,C=CCc1ccc2c(c1)Sc1ccccc1C(N1CCN(CCOCC(O)(O)O)CC1)=N2,0,authentic,authentic,,,c1ccc2c(c1)N=C(N1CCNCC1)c1ccccc1S2,train,455.5800000000003,2.222900000000002,0.33517975779959924,32,52
subcategory_homologation.grow-single_295,COC(=O)C1OC1CCCc1ccccc1,0,authentic,authentic,,,c1ccc(CCCC2CO2)cc1,train,220.268,1.9497,0.562070512721649,16,23
subcategory_homologation.grow-single_748,CCOC(=O)Nc1cc2c(c(N)n1)N=C(c1ccc(C)c(C)c1)CN2,0,authentic,authentic,,,c1ccc(C2=Nc3cnccc3NC2)cc1,train,339.39900000000006,3.395340000000002,0.7953362014764915,25,45
subcategory_homologation.grow-single_1142,CCS/C(=N\CCSCc1cc2ccccc2[nH]1)NC#N,1,homologation,grow-single,CS/C(=N\CCSCc1cc2ccccc2[nH]1)NC#N,2,c1ccc2[nH]ccc2c1,train,318.471,3.5808800000000014,0.2808471118294367,21,34
subcategory_homologation.grow-single_1577,CCOC(=O)CC[C@@]1(C)[CH]CC[C@]2(C)Oc3c(C)c4c(c(OC)c3C[C@H]12)C(=O)OC4,1,homologation,grow-single,COc1c2c(c(C)c3c1C(=O)OC3)O[C@@]1(C)CC[C@H]3C(C)(C)OC(=O)CC[C@]3(C)[C@H]1C2,0 1 2 3 4 5,O=C1CCC2[C@@H](CCC3Oc4cc5c(cc4C[C@@H]32)C(=O)OC5)CO1,train,415.50600000000026,4.331510000000004,0.66679405756686,30,68
subcategory_homologation.grow-single_1644,CCN(Cc1cc2[nH]cccc-2n1)C(=O)[C@H](C)NS(=O)(=O)c1ccc(-c2ccccn2)s1,1,homologation,grow-single,O=C1[C@@H](NS(=O)(=O)c2ccc(-c3ccccn3)s2)CCN1Cc1cc2[nH]cccc-2n1,0 1 2 3 4 5 6 7 8 9 11 12 13 15 16 20 21,O=C1[C@@H](NS(=O)(=O)c2ccc(-c3ccccn3)s2)CCN1Cc1cc2[nH]cccc-2n1,val,469.59200000000016,3.3535000000000013,0.41141979093250514,32,64
subcategory_homologation.grow-single_806,CC(C)c1cn2c(=O)c3cc(C(=O)O)ccc3nc2s1,0,authentic,authentic,,,O=c1c2ccccc2nc2sccn12,train,288.32800000000003,2.7308000000000003,0.7866905240103194,20,36
subcategory_homologation.grow-single_1519,CCCCN(CCNCCOCCO)C1=Nc2cc(C)c(C)cc2Sc2ccccc21,1,homologation,grow-single,[2H]C1([2H])N(CCOCCO)CCN(C2=Nc3cc(C)c(C)cc3Sc3ccccc32)C1([2H])C,0 1 2 3 4 5 7 10 14 20 24 27 29 30,c1ccc2c(c1)N=C(N1CCNCC1)c1ccccc1S2,train,441.64100000000013,4.546940000000005,0.5012944008753476,31,44
subcategory_homologation.grow-single_263,CCCCCc1ccc2nc(O)sc2c1,0,authentic,authentic,,,c1ccc2scnc2c1,test,221.325,3.734600000000002,0.7978228305459273,15,21
subcategory_homologation.grow-single_243,COC(=O)c1nc2n(c1C(=O)O)-c1ccccc1OC2,0,authentic,authentic,,,c1ccc2c(c1)OCc1nccn1-2,train,274.2320000000001,1.2495,0.8286484869611461,20,35
subcategory_homologation.grow-single_1251,CCCCCCNC(=O)NC(C)c1ccc(S(=O)(=O)NC(=O)NC2CCC(C)C2)cc1,1,homologation,grow-single,CC1CCC(NC(=O)NS(=O)(=O)c2ccc(C(C)NC(=O)N3CCCCC3=O)cc2)C1,0 1 2 3 4 5 6,O=C(NC1CCCC1)NS(=O)(=O)c1ccc(CNC(=O)N2CCCCC2=O)cc1,train,452.62100000000027,3.803600000000002,0.4039981579709143,31,53
subcategory_homologation.grow-single_572,CC(CCc1ccc(F)cc1)NCC(O)COc1ccc(CCOCC2CCC2)cc1,0,authentic,authentic,,,c1ccc(CCCNCCCOc2ccc(CCOCC3CCC3)cc2)cc1,val,429.5760000000003,4.535500000000004,0.433218670852122,31,45
subcategory_homologation.grow-single_1464,CO[N+](=O)c1ccc2c(c1)C(c1ccccc1Cl)=NC(O)C(=O)N2,1,homologation,grow-single,O=C1Nc2ccc([N+](=O)[O-])cc2C(c2ccccc2Cl)=NC1O,2,O=C1CN=C(c2ccccc2)c2ccccc2N1,train,346.75000000000006,2.419700000000001,0.8348979543746508,24,47
subcategory_homologation.grow-single_922,CCOCCN1CCN(C2=Nc3ccccc3Sc3cc(CN)ccc32)CC1,1,homologation,grow-single,NCc1ccc2c(c1)Sc1ccccc1N=C2N1CCN(CCOCCO)CC1,,c1ccc2c(c1)N=C(N1CCNCC1)c1ccccc1S2,train,396.5600000000003,3.3423000000000016,0.7858350507017918,28,41
subcategory_homologation.grow-single_1032,CCNC(=O)c1ccc(Cl)c(S(N)(=O)=O)c1,1,homologation,grow-single,COc1ccccc1CNC(=O)c1ccc(Cl)c(S(N)(=O)=O)c1,2,O=C(NCc1ccccc1)c1ccccc1,train,262.71799999999996,0.7371000000000003,0.8418162190053711,16,32
subcategory_homologation.grow-single_1833,Cc1ccccc1C(OC1CC2CCC(C1)N2CC1CC1)c1ccc(F)cc1,1,homologation,grow-single,Fc1ccc(C(OC2CC3CCC(C2)N3CC2CC2)c2ccc(F)cc2)cc1,7,c1ccc(C(OC2CC3CCC(C2)N3CC2CC2)c2ccccc2)cc1,train,379.51900000000006,5.645520000000006,0.6433810406598713,28,44
subcategory_homologation.grow-single_150,COc1cccc(Oc2ccc(NC(=O)C(C)C)cc2)c1,0,authentic,authentic,,,c1ccc(Oc2ccccc2)cc1,train,285.343,4.0820000000000025,0.8999876334178912,21,34
subcategory_homologation.grow-single_591,CCC/N=c1\c(O)c(O)\c1=N/[C@@H](Cc1ccc(Oc2ncccn2)cc1)C(=O)O,0,authentic,authentic,,,N=c1cc/c1=N\CCc1ccc(Oc2ncccn2)cc1,test,396.4030000000001,1.4629999999999999,0.5239976168240399,29,57
subcategory_homologation.grow-single_1133,CCc1c(-c2ccc(F)cc2)nc(-c2ccccc2)nc1C(C)C,1,homologation,grow-single,COC(=O)CC(=O)CC(O)/C=C/c1c(-c2ccc(F)cc2)nc(-c2ccccc2)nc1C(C)C,2,c1ccc(-c2ccnc(-c3ccccc3)n2)cc1,train,320.41100000000006,5.635500000000005,0.621841135638412,24,40
subcategory_homologation.grow-single_742,CN(C)CCCC1(c2ccc(F)cc2)OCc2c(-c3cccc(F)c3)cccc21,0,authentic,authentic,,,c1ccc(-c2cccc3c2COC3c2ccccc2)cc1,train,393.47700000000003,5.747400000000006,0.5288899336367112,29,48
subcategory_homologation.grow-single_398,CC(=O)[O-].C[NH2+]CC(=O)N/N=C/c1ccc([N+](=O)[O-])o1,0,authentic,authentic,,,c1ccoc1,train,286.2440000000001,-2.4126999999999965,0.3486562898570367,20,51
subcategory_homologation.grow-single_1724,CCCC(Cn1cncn1)(ON)C(=O)Nc1ccc(-c2ccccc2S(N)(=O)=O)cn1,1,homologation,grow-single,Nc1cc(C2=NOC(Cn3cncn3)(C(=O)Nc3ccc(-c4ccccc4S(N)(=O)=O)cn3)C2)ccc1Cl,0 1 2 3 4 5 7 8 11 12 14 15,O=C(Nc1ccc(-c2ccccc2)cn1)C1(Cn2cncn2)CC(c2ccccc2)=NO1,val,445.50500000000017,1.0554000000000006,0.41066514333003556,31,53
subcategory_homologation.grow-single_1167,CCC(C)(C)NCC(O)c1cccc(C(F)(F)F)c1,1,homologation,grow-single,COc1ccc(CCC(C)(C)NCC(O)c2cccc(C(F)(F)F)c2)cc1,,c1ccc(CCCNCCc2ccccc2)cc1,train,275.31399999999996,3.517000000000002,0.8614589005923314,19,33
subcategory_homologation.grow-single_104,CCCCC1(c2ccc(C)cc2)NC(=O)NC1=O,0,authentic,authentic,,,O=C1NC(=O)C(c2ccccc2)N1,train,246.31,2.2199199999999997,0.8002323049582215,18,30
subcategory_homologation.grow-single_820,C=CC(=O)N1CCc2nc(CCCC)n(Cc3ccc(-c4ccccc4-c4nn[nH]n4)cc3)c(=O)c2C1,0,authentic,authentic,,,O=c1c2c(ncn1Cc1ccc(-c3ccccc3-c3nn[nH]n3)cc1)CCNC2,val,495.5870000000002,3.5520000000000023,0.3745246950853289,37,65
subcategory_homologation.grow-single_92,NS(=O)(=O)c1ccc(CCNC(=O)c2ccccc2OCc2ccccc2)cc1,0,authentic,authentic,,,O=C(NCCc1ccccc1)c1ccccc1OCc1ccccc1,train,410.4950000000001,2.8855000000000004,0.596496778950082,29,46
subcategory_homologation.grow-single_1642,[2H]C([2H])(N(C)C)C([2H])([2H])N1C(=O)[C@H](O)[C@H](c2ccccc2C)Sc2ccccc21,1,homologation,grow-single,[2H]C([2H])(N(C)C)C([2H])([2H])N1C(=O)[C@H](O)[C@H](c2ccc(OC)cc2)Sc2ccccc21,7,O=C1C[C@H](c2ccccc2)Sc2ccccc2N1,train,360.5154071120001,3.097520000000001,0.9099112275849547,25,72
subcategory_homologation.grow-single_825,CN1CCN2CC(c3ccc([N+](=O)[O-])cc3)c3ccccc3C2C1,0,authentic,authentic,,,c1ccc(C2CN3CCNCC3c3ccccc32)cc1,train,323.3960000000001,3.0288000000000013,0.6295252455158109,24,45
subcategory_homologation.grow-single_749,C=C1[C@@H](OC(=O)/C=C/c2ccccc2)CC[C@@]2(C)[C@@H](O)[C@H](O)C3=C(C)C(=O)C[C@@H]([C@@H](OC(C)=O)[C@H]12)C3(C)C,0,authentic,authentic,,,C=C1[C@@H](OC(=O)/C=C/c2ccccc2)CCC2CCC3=CC(=O)C[C@H](C3)C[C@H]12,train,522.6380000000003,4.182900000000004,0.3467330095898062,38,108
subcategory_homologation.grow-single_541,CN1Cc2c(N)cccc2C(c2ccccc2)C1,0,authentic,authentic,,,c1ccc(C2CNCc3ccccc32)cc1,val,238.334,2.8461000000000016,0.7740399810607017,18,28
subcategory_homologation.grow-single_274,CC1(C)Cc2cc(Cl)cc(Cl)c2C=[N+]1[O-],0,authentic,authentic,,,C1=[NH+]CCc2ccccc21,train,244.12099999999998,3.2573000000000025,0.5077457095708215,15,34
subcategory_homologation.grow-single_882,CN1CCN(C2=Nc3cc(F)ccc3Nc3ccccc32)CC1,0,authentic,authentic,,,c1ccc2c(c1)N=C(N1CCNCC1)c1ccccc1N2,train,310.3760000000001,3.208400000000001,0.8104477130172129,23,36
subcategory_homologation.grow-single_220,O=C(/C=C/c1ccc(F)cc1)N[C@H]1C(=O)N(c2ccc(F)cc2)[C@@H]1c1ccc(O)cc1,0,authentic,authentic,,,O=C(/C=C/c1ccccc1)N[C@H]1C(=O)N(c2ccccc2)[C@@H]1c1ccccc1,test,420.41500000000013,3.956500000000002,0.48506652754471086,31,65
subcategory_homologation.grow-single_16,CS(=O)(=O)O.Nc1nc2ccc(Cl)cc2c2nc(-c3ccoc3)nn12,0,authentic,authentic,,,c1ccc2c(c1)ncn1nc(-c3ccoc3)nc21,train,381.8010000000001,2.277100000000001,0.47885332308590084,25,46
subcategory_homologation.grow-single_1099,CCCCC(CC)Sc1cncc2sc(C(N)=O)cc12,1,homologation,grow-single,NC(=O)c1cc2c(SC3CCCCC3)cncc2s1,0 1 2 3 4 6 8,c1cc2c(SC3CCCCC3)cncc2s1,train,308.47200000000004,4.456100000000003,0.7684484888727754,20,31
subcategory_homologation.grow-single_1590,CCCNCCNC1=Nc2cc(Cl)ccc2Nc2c(F)cccc21,1,homologation,grow-single,Fc1cccc2c1Nc1ccc(Cl)cc1N=C2N1CCNCC1,0 1 2 3 4 5 6,c1ccc2c(c1)N=C(N1CCNCC1)c1ccccc1N2,train,346.8370000000001,4.203600000000002,0.7109001594571801,24,36
subcategory_homologation.grow-single_963,CCC(O)(Cn1cncn1)c1ccccc1C(F)(F)F,1,homologation,grow-single,OC(Cn1cncn1)(Cn1cncn1)c1ccccc1C(F)(F)F,2,c1ccc(C(Cn2cncn2)Cn2cncn2)cc1,train,285.269,2.5947000000000013,0.9390521064848127,20,32
subcategory_homologation.grow-single_1820,COCCn1cnc2c(=O)[nH]c(N)nc21,1,homologation,grow-single,Nc1nc2c(ncn2C[C@@H](CO)OCP(=O)(O)O)c(=O)[nH]1,,O=c1[nH]cnc2[nH]cnc12,train,209.209,-0.6518000000000002,0.6992912191914727,15,27
subcategory_homologation.grow-single_1013,COc1ccc(C(c2oc(CO)cc(=O)c2O)c2oc(CO)cc(=O)c2OC)cc1,1,homologation,grow-single,COc1ccc(C(c2oc(CO)cc(=O)c2O)c2oc(CO)cc(=O)c2O)cc1,2,O=c1ccoc(C(c2ccccc2)c2cc(=O)cco2)c1,val,416.3820000000002,1.4806,0.5223357091347857,30,50
subcategory_homologation.grow-single_576,CC[C@@](O)(c1cccc(OC)c1)[C@H](C)CN(C)C,0,authentic,authentic,,,c1ccccc1,train,251.36999999999995,2.490500000000001,0.8428829794580416,18,38
subcategory_homologation.grow-single_1320,CCOc1ccc2nc(SCC(=O)Nc3ccc(OC)cc3)[nH]c2c1,1,homologation,grow-single,COc1ccc(NC(=O)CSc2nc3ccc(OC)cc3[nH]2)cc1,2,O=C(CSc1nc2ccccc2[nH]1)Nc1ccccc1,train,357.43500000000006,3.7010000000000014,0.6306634805943144,25,41
subcategory_homologation.grow-single_99,CNC(=O)NCC(NC(=O)c1ccc(N(C)Cc2cnc3nc(N)nc(N)c3n2)cc1)C(=O)O,0,authentic,authentic,,,c1ccc(NCc2cnc3ncncc3n2)cc1,train,468.4780000000002,-0.6673999999999958,0.24367382383039074,34,59
subcategory_homologation.grow-single_1778,CCCc1c(-c2ccc(Cl)cc2)nc2c(Cl)cc(Cl)cn12,1,homologation,grow-single,CN(C(=O)Cc1c(-c2ccc(Cl)cc2)nc2c(Cl)cc(Cl)cn12)c1ccccc1,2,O=C(Cc1c(-c2ccccc2)nc2ccccn12)Nc1ccccc1,test,339.65299999999996,5.914000000000003,0.5791856449265183,21,39
subcategory_homologation.grow-single_1194,CCCCN(CC)CCOc1ccc2[nH]c(C(=O)c3cc4ccccc4[nH]3)cc2c1,1,homologation,grow-single,O=C(c1cc2ccccc2[nH]1)c1cc2cc(OCCN3CCCCC3)ccc2[nH]1,0 1 2 3 4 6 8,O=C(c1cc2ccccc2[nH]1)c1cc2cc(OCCN3CCCCC3)ccc2[nH]1,train,403.52600000000007,5.381000000000005,0.34948447752560674,30,51
subcategory_homologation.grow-single_440,CC(C)/C=C/C(=O)NCCc1ccc(S(=O)(=O)N2CCN(C3CCCCC3)C2=N)cc1,0,authentic,authentic,,,N=C1N(C2CCCCC2)CCN1S(=O)(=O)c1ccccc1,train,446.6170000000003,3.1312700000000007,0.6001206167995322,31,56
subcategory_homologation.grow-single_1636,CC/C(=C(\Cc1ccccc1)c1ccc(OCNC)cc1)c1ccccc1,1,homologation,grow-single,CC/C(=C(\Cc1ccccc1)c1ccc(OCN(C)C)cc1)c1ccccc1,,C(=C(Cc1ccccc1)c1ccccc1)c1ccccc1,train,357.497,5.805800000000005,0.40588112600545706,27,42
subcategory_homologation.grow-single_1684,CCNC(=O)c1cc(Oc2ccc(Nc3nc(=O)n(C)c(=O)n3Cc3ccc(Cl)cc3)cc2)ccn1,1,homologation,grow-single,CNC(=O)c1cc(Oc2ccc(Nc3nc(=O)n(C)c(=O)n3Cc3ccc(Cl)cc3)cc2)ccn1,2,O=c1nc(Nc2ccc(Oc3ccncc3)cc2)n(Cc2ccccc2)c(=O)[nH]1,train,506.9500000000002,3.324300000000002,0.37583639774839633,36,62
subcategory_homologation.grow-single_1035,CCCNC(C)(C)CCc1ccc(OC)cc1,1,homologation,grow-single,COc1ccc(CCC(C)(C)NCC(O)c2cccc(C(F)(F)F)c2)cc1,3,c1ccc(CCCNCCc2ccccc2)cc1,train,235.37099999999998,3.4060000000000024,0.7817512354902014,17,25
subcategory_homologation.grow-single_805,O=C(c1ccc(-n2ncc(=O)[nH]c2=O)cc1)c1cccs1,0,authentic,authentic,,,O=C(c1ccc(-n2ncc(=O)[nH]c2=O)cc1)c1cccs1,val,299.31100000000004,1.2133,0.7367385384383045,21,40
subcategory_homologation.grow-single_184,CCN1CCN(CCC(=O)Nc2cccc(C)c2)CC1.Cl,0,authentic,authentic,,,O=C(CCN1CCNCC1)Nc1ccccc1,train,311.85700000000014,2.38292,0.9066853629431767,21,34
subcategory_homologation.grow-single_47,N#Cc1noc(C2CN3CCC2CC3)n1,0,authentic,authentic,,,c1noc(C2CN3CCC2CC3)n1,val,204.23299999999995,0.75048,0.6749479376151071,15,24
subcategory_homologation.grow-single_1573,CCCC(C)C=C(CC)C(=O)NCCc1ccc(S(=O)(=O)NC(=O)NC2CCC(C)CC2)cc1,1,homologation,grow-single,CCC1C(=O)C(C(=O)NCCc2ccc(S(=O)(=O)NC(=O)NC3CCC(C)CC3)cc2)=CC1C,0 1 2 4 7 9 10 12 14,O=C(NC1CCCCC1)NS(=O)(=O)c1ccc(CCNC(=O)C2=CCCC2=O)cc1,train,491.69800000000026,4.684500000000003,0.39082468022874894,34,59
subcategory_homologation.grow-single_631,N[C@@H](CC(=O)N1CCn2c(nnc2C(F)(F)F)C1)Cc1ccc(Cl)cc1Cl,0,authentic,authentic,,,O=C(CCCc1ccccc1)N1CCn2cnnc2C1,train,422.23800000000017,2.9060000000000006,0.8224591938886927,27,53
subcategory_homologation.grow-single_1021,[2H]C([2H])([2H])CCCC(=N)N(Cc1ccc(-c2ccccc2-c2nn[nH]n2)cc1)C(=O)CC,1,homologation,grow-single,[2H]C([2H])([2H])CCCC1=NC2(CCCC2)C(=O)N1Cc1ccc(-c2ccccc2-c2nn[nH]n2)cc1,0 1 2 3 4 6 8 9 12 15 17 19 20 21,O=C1N(Cc2ccc(-c3ccccc3-c3nn[nH]n3)cc2)C=NC12CCCC2,train,393.50930533400015,4.439770000000003,0.43645269719003255,29,66
subcategory_homologation.grow-single_956,COc1ccc(NC(=O)c2cccs2)cc1,1,homologation,grow-single,CC(C)NCC(O)COc1ccc(NC(=O)c2cccs2)cc1,,O=C(Nc1ccccc1)c1cccs1,train,233.29200000000003,3.0090000000000012,0.8845697366331312,16,25
subcategory_homologation.grow-single_1332,CCc1ccc(-c2nc3ccccn3c2C=O)cc1,1,homologation,grow-single,Cc1ccc(-c2nc3ccccn3c2C=O)cc1,2,c1ccc(-c2cn3ccccc3n2)cc1,train,250.30100000000002,3.3762000000000016,0.6677642139267178,19,29
subcategory_homologation.grow-single_1020,CCC1(C)CCC(C)(C)c2cc3c(=O)cc(-c4ccc(C(=O)O)cc4)oc3cc21,1,homologation,grow-single,CC1(C)CCC(C)(C)c2cc3c(=O)cc(-c4ccc(C(=O)O)cc4)oc3cc21,2,O=c1cc(-c2ccccc2)oc2cc3c(cc12)CCCC3,train,390.47900000000016,5.897300000000006,0.6046924892914781,29,54
subcategory_homologation.grow-single_326,O=C(O)CC(O)CC(O)C=Cc1c(-c2ccc(F)cc2)nc(-c2cccc(C(F)(F)F)c2)nc1C1CC1,0,authentic,authentic,,,c1ccc(-c2cc(C3CC3)nc(-c3ccccc3)n2)cc1,train,516.4910000000001,5.445700000000003,0.3272041364546058,37,67
subcategory_homologation.grow-single_388,CC[C@@]1(c2ccccc2)NC(=O)NC1=O,0,authentic,authentic,,,O=C1NC(=O)C(c2ccccc2)N1,train,204.22899999999996,1.1313,0.7093635245274694,15,29
subcategory_homologation.grow-single_1338,CC[C@@H](COC)Oc1ccc(Cc2cc([C@]34OC[C@](OC(F)F)(O3)[C@@H](O)[C@H](O)[C@H]4O)ccc2Cl)cc1,1,homologation,grow-single,O[C@@H]1[C@@H](O)[C@@]2(c3ccc(Cl)c(Cc4ccc(O[C@H]5CCOC5)cc4)c3)OC[C@](OC(F)F)(O2)[C@H]1O,0 1 2 3 5 7,c1cc(Cc2ccc(O[C@H]3CCOC3)cc2)cc([C@]23CCCC(CO2)O3)c1,test,530.9480000000001,2.966000000000002,0.4303753607005875,36,85
subcategory_homologation.grow-single_1183,CCc1c(-c2ccc3c(c2)OCO3)c2cc(Cl)ccc2n1-c1ccccc1,1,homologation,grow-single,O=C(O)c1c(-c2ccc3c(c2)OCO3)c2cc(Cl)ccc2n1-c1ccccc1,2,c1ccc(-n2cc(-c3ccc4c(c3)OCO4)c3ccccc32)cc1,train,375.855,6.242000000000004,0.4226572650986143,27,46
subcategory_homologation.grow-single_670,N#CN/C(=N\C(Cn1ccnc1)c1ccc(Cl)cc1Cl)Nc1ccccc1Cl,0,authentic,authentic,,,C(=NC(Cn1ccnc1)c1ccccc1)Nc1ccccc1,train,433.73,5.123380000000003,0.25316275006432765,28,47
subcategory_homologation.grow-single_1529,COC(=O)C=C(C)[C@H]1CC[C@]2(O)[C@@H]3CC[C@]4(O)C[C@@H](O)CC[C@]4(C)[C@H]3[C@H](O)C[C@]12C,1,homologation,grow-single,C[C@]12CC[C@H](O)C[C@@]1(O)CC[C@@H]1[C@@H]2[C@H](O)C[C@]2(C)[C@@H](C3=CC(=O)OC3)CC[C@]12O,0 1 2 3 4 5 7,O=C1C=C([C@H]2CCC3C2CC[C@@H]2C4CCCCC4CC[C@@H]32)CO1,train,422.5620000000002,2.3261000000000003,0.4019111765610487,30,88
subcategory_homologation.grow-single_508,Nc1nc2c(ncn2COCCI)c(=O)[nH]1,0,authentic,authentic,,,O=c1[nH]cnc2[nH]cnc12,train,335.10499999999996,0.11090000000000005,0.4694758371199715,16,28
subcategory_homologation.grow-single_856,CN(C)CCC(O)(Cc1ccccc1)c1cccc(OCc2ccccc2)c1.Cl,0,authentic,authentic,,,c1ccc(CCc2cccc(OCc3ccccc3)c2)cc1,train,411.9730000000001,5.069400000000006,0.5332007856897387,29,45
subcategory_homologation.grow-single_1708,CCCc1c(O)c2c(c(C)c1OCC)COC2=O,1,homologation,grow-single,CCOc1c(C)c2c(c(O)c1C/C=C(\C)CCC(=O)O)C(=O)OC2,2,O=C1OCc2ccccc21,train,250.29399999999993,2.722220000000001,0.8346800032877619,18,29
subcategory_homologation.grow-single_786,Cc1ccccc1-c1nnc(C2=NCCN2)s1,0,authentic,authentic,,,c1ccc(-c2nnc(C3=NCCN3)s2)cc1,train,244.32299999999998,1.8633199999999996,0.8769579663551577,17,27
subcategory_homologation.grow-single_1462,CCCCN=C(C[N+](=O)[O-])NS(=O)(=O)c1ccc(CCNC(=O)c2cc(Cl)ccc2OC)cc1,1,homologation,grow-single,COc1ccc(Cl)cc1C(=O)NCCc1ccc(S(=O)(=O)NC(C[N+](=O)[O-])=NC2CCCCC2)cc1,1 2 3 4,O=C(NCCc1ccc(S(=O)(=O)NC=NC2CCCCC2)cc1)c1ccccc1,train,511.00000000000034,3.074700000000001,0.14772928037842264,34,64
subcategory_homologation.grow-single_103,CCCCN(CCCC)CC(O)c1ccc2ncc3ccccc3c2c1,0,authentic,authentic,,,c1ccc2c(c1)cnc1ccccc12,test,350.5060000000001,5.323600000000007,0.5303608973856748,26,36
subcategory_homologation.grow-single_198,CCCCCc1nc2c(n1Cc1ccc(-c3ccccc3-c3nn[nH]n3)cc1)C(=O)CCCC2,0,authentic,authentic,,,O=C1CCCCc2ncn(Cc3ccc(-c4ccccc4-c4nn[nH]n4)cc3)c21,train,454.57800000000026,5.420300000000005,0.28357249811652896,34,56
subcategory_homologation.grow-single_288,CC1(NC(=O)N(CCCl)N=O)CCCC1,0,authentic,authentic,,,C1CCCC1,train,233.69899999999996,2.2509000000000006,0.4599613459771248,15,26
subcategory_homologation.grow-single_507,COc1c(C)c2c(c(O)c1C/C=C(\C)COCP(=O)(O)O)C(=O)OC2,0,authentic,authentic,,,O=C1OCc2ccccc21,train,372.31000000000006,2.0202199999999997,0.37742801377783913,25,48
subcategory_homologation.grow-single_1750,CCc1cn2c(cc(Cl)c3ccc(Cl)cc32)n1,1,homologation,grow-single,O=Cc1cn2c(cc(Cl)c3ccc(Cl)cc32)n1,2,c1ccc2c(c1)ccc1nccn12,train,265.143,4.356700000000002,0.6387031687427247,17,31
subcategory_homologation.grow-single_547,c1ccc(-c2ccccc2OC2CCNCC2)cc1,0,authentic,authentic,,,c1ccc(-c2ccccc2OC2CCNCC2)cc1,test,253.34499999999994,3.4844000000000017,0.9038283932458793,19,28
subcategory_homologation.grow-single_250,NC(=O)c1cn2c(ccc3ccccc32)n1,0,authentic,authentic,,,c1ccc2c(c1)ccc1nccn12,train,211.224,1.5864,0.6639637871140208,16,27
subcategory_homologation.grow-single_955,COC(=O)OC1CCC2(C)C(CCC3C2CCC2(C)[C@@H](C4=CC(=O)OC4)C(OC)CC32O)C1,1,homologation,grow-single,COC(=O)OC1CCC2(C)C(CCC3C2CCC2(C)[C@@H](C4=CC(=O)OC4)C(O)CC32O)C1,2,O=C1C=C([C@H]2CCC3C4CCC5CCCCC5C4CCC32)CO1,train,462.5830000000003,4.019900000000003,0.6335508060565288,33,65
subcategory_homologation.grow-single_1674,CCCC(OC)c1nc2c3cc(Cl)ccc3nc(N)n2n1,1,homologation,grow-single,Nc1nc2ccc(Cl)cc2c2nc(C3CCCO3)nn12,0 1 2 4 7 10,c1ccc2c(c1)ncn1nc(C3CCCO3)nc21,train,305.76900000000006,3.0007,0.8013408567870002,21,34
subcategory_homologation.grow-single_1337,Cc1ccccc1C#CCCN1CC=C(c2ccccc2)CC1,1,homologation,grow-single,C(#Cc1ccc2[nH]ccc2c1)CCN1CC=C(c2ccccc2)CC1,7,C(#Cc1ccc2[nH]ccc2c1)CCN1CC=C(c2ccccc2)CC1,train,301.43300000000005,4.525920000000005,0.7531148068487656,23,33
subcategory_homologation.grow-single_217,CCCCC(C)(O)C/C=C/[C@H]1[C@H](O)CC(=O)[C@@H]1CC/C=C\CCC(=O)OC,0,authentic,authentic,,,O=C1CCCC1,val,380.5250000000002,3.729600000000003,0.3980532024958575,27,60
subcategory_homologation.grow-single_1490,CCCOC(=O)Nc1ccc2c(Cl)c(OC)oc(=O)c2c1,1,homologation,grow-single,CCOC(=O)Nc1ccc2c(Cl)c(OC)oc(=O)c2c1,2,O=c1occc2ccccc12,train,311.72100000000006,3.4135000000000018,0.9357704590042499,21,36
subcategory_homologation.grow-single_1054,CCn1c(=O)n(C)c(=O)c2nc(-c3cccc(F)c3)[nH]c21,1,homologation,grow-single,Cn1c(=O)c2nc(-c3cccc(F)c3)[nH]c2n(C)c1=O,2,O=c1[nH]c(=O)c2nc(-c3ccccc3)[nH]c2[nH]1,train,288.282,1.2492999999999999,0.771020265326552,21,43
subcategory_homologation.grow-single_758,CC1CC2C3CCC4=CC(=O)C=CC4(C)C3(F)[C@@H](O)CC2(C)[C@@]1(O)C(=O)CCl,0,authentic,authentic,,,O=C1C=CC2C(=C1)CCC1C3CCCC3CCC21,train,410.91300000000024,3.1422000000000017,0.6856465614822045,28,64
subcategory_homologation.grow-single_267,Oc1cc2c(cc1SCCCc1ccccc1)OCC2,0,authentic,authentic,,,c1ccc(CCCSc2ccc3c(c2)OCC3)cc1,test,286.3960000000001,4.052000000000004,0.6639037013172665,20,28
subcategory_homologation.grow-single_816,COc1ccc([C@@H]2Sc3ccc(OS(=O)(=O)C(F)(F)F)cc3N(CCN(C)C)C(=O)[C@@H]2O)cc1,0,authentic,authentic,,,O=C1C[C@H](c2ccccc2)Sc2ccccc2N1,train,520.5510000000003,3.0261000000000013,0.4398479483299355,34,71
subcategory_homologation.grow-single_707,COc1ccc(C2CC(=O)N(CC(=O)NCC3CCCO3)c3ccccc3S2)cc1,0,authentic,authentic,,,O=C(CN1C(=O)CC(c2ccccc2)Sc2ccccc21)NCC1CCCO1,test,426.5380000000001,3.560500000000002,0.765053861339217,30,48
subcategory_homologation.grow-single_653,Nc1nc(O)c2nc(N)n(COCCI)c2n1,0,authentic,authentic,,,c1ncc2nc[nH]c2n1,train,350.12,0.1053999999999995,0.4058359206611308,17,27
subcategory_homologation.grow-single_640,CCCCc1nc(-c2ccccc2Cl)c(C(=O)O)n1Cc1ccc(-c2ccccc2-c2nn[nH]n2)cc1,0,authentic,authentic,,,c1ccc(-c2cn(Cc3ccc(-c4ccccc4-c4nn[nH]n4)cc3)cn2)cc1,train,513.0010000000002,6.139700000000006,0.2453017853412381,37,63
subcategory_homologation.grow-single_1757,CCC[C@H]([NH3+])C(=O)N1CC[C@H](F)C1,1,homologation,grow-single,C[C@@H](c1ccc(F)cc1)[C@H]([NH3+])C(=O)N1CC[C@H](F)C1,3,O=C(CCc1ccccc1)N1CCCC1,train,189.25399999999996,-0.032600000000000184,0.6654687184416554,13,35
subcategory_homologation.grow-single_1242,C=C1C(=O)OC(c2ccccc2)(c2ccccc2)C1C(=O)OCCO,1,homologation,grow-single,C=C1C(=O)OC(c2ccccc2)(c2ccccc2)C1C(=O)OCC,4,C=C1CC(c2ccccc2)(c2ccccc2)OC1=O,train,338.35900000000015,2.1949,0.6682574346386483,25,42
subcategory_homologation.grow-single_696,COc1ccc2c(n1)C(=C1CCN(C(C)=O)CC1)c1ccc(Cl)cc1CC2,0,authentic,authentic,,,c1ccc2c(c1)CCc1cccnc1C2=C1CCNCC1,train,382.89100000000013,4.286400000000004,0.7385755036124257,27,48
subcategory_homologation.grow-single_417,CC(C(=O)O)c1ccc2c(c1)N(C)Cc1ccccc1C2=O,0,authentic,authentic,,,O=C1c2ccccc2CNc2ccccc21,val,295.338,3.055500000000002,0.9248182343344898,22,38
subcategory_homologation.grow-single_1617,CCCN1CCN2CC(c3ccccc3)c3ccccc3C2C1,1,homologation,grow-single,c1ccc(CCN2CCN3CC(c4ccccc4)c4ccccc4C3C2)cc1,2,c1ccc(CCN2CCN3CC(c4ccccc4)c4ccccc4C3C2)cc1,train,306.4530000000001,3.900800000000003,0.8483441990975723,23,33
subcategory_homologation.grow-single_991,CCC[C@H](O)C[C@H](O)/C=C/c1c(-c2ccc(F)cc2)nc(N(c2ncnn2C)S(C)(=O)=O)nc1C(C)C,1,homologation,grow-single,CC(C)c1nc(N(c2ncnn2C)S(C)(=O)=O)nc(-c2ccc(F)cc2)c1/C=C/[C@@H](O)C[C@@H](O)CC(=O)O,3,c1ccc(-c2ccnc(Nc3ncn[nH]3)n2)cc1,train,532.6420000000002,3.557500000000002,0.3828616601625089,37,75
subcategory_homologation.grow-single_851,CC(=O)NC(CC(=O)N1CCn2c(nnc2C(F)(F)F)C1)Cc1cc(F)c(F)cc1F,0,authentic,authentic,,,O=C(CCCc1ccccc1)N1CCn2cnnc2C1,train,449.35500000000013,2.1939,0.5608968326857887,31,55
subcategory_homologation.grow-single_1813,COC(=O)NC(Cc1ccccc1)C(O)CN(CC(C)C)S(=O)(=O)c1ccc(N)cc1,1,homologation,grow-single,CC(C)CN(CC(O)C(Cc1ccccc1)NC(=O)OC1COC2OCCC12)S(=O)(=O)c1ccc(N)cc1,2,O=C(NC(CCNS(=O)(=O)c1ccccc1)Cc1ccccc1)OC1COC2OCCC12,train,449.5730000000002,2.2436999999999996,0.47836480075595594,31,54
subcategory_homologation.grow-single_323,CCOC(=O)[C@H](CCc1ccccc1)N[C@@H](C)C(=O)N1[C@H](C(=O)OCc2ccccc2)C[C@@H]2CCC[C@@H]21,0,authentic,authentic,,,O=C(OCc1ccccc1)[C@@H]1C[C@@H]2CCC[C@@H]2N1C(=O)CNCCCc1ccccc1,train,506.6430000000004,4.042000000000003,0.4632493852650099,37,83
subcategory_homologation.grow-single_122,COc1ccc([C@H]2Sc3ccc(C(F)(F)F)cc3N(CCN(C)C)C(=O)[C@H]2O)cc1,0,authentic,authentic,,,O=C1C[C@@H](c2ccccc2)Sc2ccccc2N1,test,440.4870000000002,3.816500000000003,0.7663664311103774,30,59
subcategory_homologation.grow-single_149,CN(C)Cc1cn2cc(NC(=O)c3ccc(-c4ccc(C(F)(F)F)cc4)cc3)ccc2n1,0,authentic,authentic,,,O=C(Nc1ccc2nccn2c1)c1ccc(-c2ccccc2)cc1,train,438.45300000000003,5.334000000000005,0.45803906426336055,32,56
subcategory_homologation.grow-single_928,CCC(=O)N[C@@H](Cc1ccccc1)C(=O)C(=O)NCCNS(C)(=O)=O,1,homologation,grow-single,CCN1C(C(=O)N[C@@H](Cc2ccccc2)C(=O)C(=O)NCCNS(C)(=O)=O)Cc2cc3c(cc2S1(=O)=O)OCCO3,1 2,O=C(NCCc1ccccc1)C1Cc2cc3c(cc2S(=O)(=O)N1)OCCO3,train,369.44300000000015,-0.6415999999999977,0.37404157273921496,25,49
subcategory_homologation.grow-single_609,CCOC(=O)[C@@H]1CNCC[C@@H]1c1ccccc1,0,authentic,authentic,,,c1ccc(C2CCNCC2)cc1,train,233.311,1.9427999999999999,0.8108365296629202,17,34
subcategory_homologation.grow-single_1797,CCCCCCCN1CN(S(=O)(=O)c2ccc(OC)cc2)[C@@H](C(=O)NO)CC1=O,1,homologation,grow-single,COc1ccc(S(=O)(=O)N2CN(C3CCCCC3)C(=O)C[C@@H]2C(=O)NO)cc1,0 1 2 3 4 5 6,O=C1CCN(S(=O)(=O)c2ccccc2)CN1C1CCCCC1,train,427.5230000000002,1.7201000000000002,0.3336440449879415,29,54
subcategory_homologation.grow-single_501,N=C(N)NCCC[C@H](NCc1ccc2ccccc2c1)C(N)=O,0,authentic,authentic,,,c1ccc2ccccc2c1,train,313.4050000000001,1.0465699999999996,0.2842887486657682,23,39
subcategory_homologation.grow-single_989,CCCC[C@@](C)([CH]C1=CC(=O)OC1)CC[C@H]1[CH]CC[C@@H]2C[C@@H](O[C@H]3C[C@@H](OC)[C@@H](O)[C@@H](C)O3)CC[C@@]21C,1,homologation,grow-single,CO[C@@H]1C[C@H](O[C@H]2CC[C@@]3(C)[C@H](CC[C@@H]4[C@@H]3CC[C@]3(C)[C@@H](C5=CC(=O)OC5)CC[C@]43O)C2)O[C@H](C)[C@@H]1O,0 1 2 3 4 5 6 7 8 9 11 12 15 16 21,O=C1C=C([C@H]2CCC3C2CC[C@@H]2C4CC[C@H](O[C@H]5CCCCO5)C[C@H]4CC[C@@H]32)CO1,train,518.7350000000004,5.967280000000008,0.2684211942496344,37,108
subcategory_homologation.grow-single_618,CN(C)CCNc1nc(N)nc2c1ncn2CCOCP(=O)(O)O,0,authentic,authentic,,,c1ncc2nc[nH]c2n1,train,359.32700000000006,-0.4661999999999987,0.34150100755870183,24,37
subcategory_homologation.grow-single_1314,CO[C@H]1O[C@@](C)([C@@H](CC(C)=C(C)C=O)OC)[C@H]2C[C@H](O)[C@H]3[C@@H]4C[C@@H](O)[C@@]5(O)CC=CC(=O)[C@]5(C)[C@H]4CC[C@@]132,1,homologation,grow-single,CO[C@H]1O[C@@](C)([C@H]2CC(C)=C(C)C(=O)O2)[C@H]2C[C@H](O)[C@H]3[C@@H]4C[C@@H](O)[C@@]5(O)CC=CC(=O)[C@]5(C)[C@H]4CC[C@@]132,1 2 4 6 8 12 13 18 19 24,O=C1C=CC[C@H](C2OC[C@]34CC[C@@H]5C6C(=O)C=CCC6CC[C@H]5[C@@H]3CC[C@H]24)O1,train,532.6740000000002,2.7288000000000006,0.35264267989583575,38,122
subcategory_homologation.grow-single_593,CCS(=O)CCN1C(=O)CN=C(c2ccccc2Cl)c2cc([N+](=O)[O-])ccc21,0,authentic,authentic,,,O=C1CN=C(c2ccccc2)c2ccccc2N1,train,419.8900000000002,3.200800000000001,0.5304459237513381,28,55
subcategory_homologation.grow-single_1753,CCCc1nc(CC)c(C(F)(F)C(F)(F)F)n1Cc1ccc(-c2ccccc2-c2nn[nH]n2)cc1,1,homologation,grow-single,CCCc1nc(C(=O)O)c(C(F)(F)C(F)(F)F)n1Cc1ccc(-c2ccccc2-c2nn[nH]n2)cc1,2,c1ccc(-c2nn[nH]n2)c(-c2ccc(Cn3ccnc3)cc2)c1,train,490.48000000000013,5.947500000000005,0.31010186920807004,35,62
subcategory_homologation.grow-single_1284,CCCCC(=O)N(CCC)Cc1ccc(-c2ccccc2)c(-c2nn[nH]n2)c1,1,homologation,grow-single,CCCCC(=O)N(Cc1ccc(-c2ccccc2)c(-c2nn[nH]n2)c1)C(CC)C(=O)O,,c1ccc(-c2ccccc2-c2nn[nH]n2)cc1,train,377.4920000000001,4.462500000000003,0.5971894244142618,28,48
subcategory_homologation.grow-single_1019,Cc1ccccc1NC(=S)NCCC#N,1,homologation,grow-single,N#CCCNC(=S)Nc1c(Cl)cccc1Cl,7,c1ccccc1,train,219.313,2.1951,0.6041169755703721,15,21
subcategory_homologation.grow-single_62,COc1ccc(Oc2ccc(NC3=NCCN3)cc2)cc1,0,authentic,authentic,,,c1ccc(Oc2ccc(NC3=NCCN3)cc2)cc1,test,283.331,2.858600000000001,0.9056496967214667,21,32
subcategory_homologation.grow-single_1687,CCNC(=O)c1ccc(Cl)nc1,1,homologation,grow-single,Cc1nccn1CCCNC(=O)c1ccc(Cl)nc1,,O=C(NCCCn1ccnc1)c1cccnc1,train,184.62599999999998,1.4847000000000001,0.7079990562370395,12,20
subcategory_homologation.grow-single_1822,Cc1ccccc1OCC(C)NC(C)C(O)c1ccc(O)cc1,1,homologation,grow-single,CC(COc1ccccc1)NC(C)C(O)c1ccc(O)cc1.Cl,7,c1ccc(CCNCCOc2ccccc2)cc1,test,315.41300000000007,3.1796200000000017,0.7342186164063403,23,35
subcategory_homologation.grow-single_1664,CCSc1cccc(Nc2ncnc3cc(OC)c(OC)cc23)c1,1,homologation,grow-single,COc1cc2ncnc(Nc3cccc(SC)c3)c2cc1OC,2,c1ccc(Nc2ncnc3ccccc23)cc1,train,341.4360000000001,4.502600000000004,0.6661690629810094,24,36
subcategory_homologation.grow-single_1171,CCCN(CCNC)C1=Nc2ccccc2N(C)c2cscc21,1,homologation,grow-single,CN1CCN(C2=Nc3ccccc3N(C)c3cscc32)CC1.Cl.Cl,0 1 2 3 4 6 9 13,c1ccc2c(c1)N=C(N1CCNCC1)c1cscc1N2,train,328.48500000000007,3.839100000000003,0.9045504089939475,23,34
subcategory_homologation.grow-single_431,CC(C)NC[C@@H](O)COc1cccc2ccccc12.Cl,0,authentic,authentic,,,c1ccc2ccccc2c1,train,295.81,2.999300000000001,0.8606826609080008,20,35
subcategory_homologation.grow-single_1333,CCCc1cc(=O)oc2c3c(c(C=CC(C)C)c(OC)c12)O[C@H](C)C(C)(C)[C@@H]3O,1,homologation,grow-single,CCCc1cc(=O)oc2c3c(c4c(c12)OC(C)(C)C=C4)O[C@H](C)C(C)(C)[C@@H]3O,1 2 6 11 17 23 24,O=c1ccc2c3c(c4c(c2o1)CCCO4)C=CCO3,val,400.51500000000016,5.263800000000006,0.6931204580816446,29,62
subcategory_homologation.grow-single_542,CC(C)(C)c1cc(/C=C/C(=O)c2cccs2)cc(C(C)(C)C)c1O,0,authentic,authentic,,,O=C(/C=C/c1ccccc1)c1cccs1,train,342.50400000000013,5.944800000000006,0.5530097599266529,24,46
subcategory_homologation.grow-single_1181,CCCCN([CH]C(=O)OCC)C(=O)[C@H](C)N[C@@H](CCc1ccccc1)C(=O)OCC,1,homologation,grow-single,CCOC(=O)[C@H](CCc1ccccc1)N[C@@H](C)C(=O)N1CCC[C@H]1C(=O)OCC,0 1 2 3 4 6 9 12 13 15 18,O=C(CNCCCc1ccccc1)N1CCCC1,train,419.5420000000002,2.8825900000000004,0.46690923594288747,30,59
subcategory_homologation.grow-single_1765,CCCCc1nc(CCCC)n(Cc2ccc(-n3cccc3C(=O)OC)cc2)n1,1,homologation,grow-single,CCCCc1nc(CCCC)n(Cc2ccc(-n3cccc3C(=O)O)cc2)n1,4,c1ccn(-c2ccc(Cn3cncn3)cc2)c1,test,394.5190000000001,4.588900000000004,0.4719828764514774,29,45
subcategory_homologation.grow-single_93,O=C(O)CCCCCCCCCCCCCCc1ccc([123I])cc1,0,authentic,authentic,,,c1ccccc1,train,440.39858899999996,6.989600000000007,0.23577784721881442,24,36
subcategory_homologation.grow-single_166,CC(C)(C)C(=O)OCOP(=O)(O)CO[C@H](CO)Cn1cnc2c(N)nc(N)nc21,0,authentic,authentic,,,c1ncc2nc[nH]c2n1,train,432.37400000000014,0.07449999999999996,0.23656655710313004,29,55
subcategory_homologation.grow-single_58,CC(C)(N)C(=O)N[C@@H]1Cc2ccccc2CN(Cc2ccc(-c3ccccc3-c3nn[nH]n3)cc2)C1=O,0,authentic,authentic,,,O=C1CCc2ccccc2CN1Cc1ccc(-c2ccccc2-c2nn[nH]n2)cc1,train,495.58700000000016,2.8407,0.3771633346723829,37,69
subcategory_homologation.grow-single_84,NC(=O)N(CCCO)/N=C/c1ccc([N+](=O)[O-])o1,0,authentic,authentic,,,c1ccoc1,train,256.218,0.2848000000000002,0.4278546014017361,18,39
subcategory_homologation.grow-single_1154,CCN1Sc2cc(S(N)(=O)=O)c(Cl)cc2NC1CCl,1,homologation,grow-single,CN1Sc2cc(S(N)(=O)=O)c(Cl)cc2NC1CCl,2,c1ccc2c(c1)NCNS2,train,342.273,2.306800000000001,0.6512481242533752,19,35
subcategory_homologation.grow-single_691,CCOc1cccc(-c2ccc([C@@H]3[C@@H](CC[C@H](O)c4ccc(F)cc4)C(=O)N3c3ccc(F)cc3)cc2)c1,0,authentic,authentic,,,O=C1[C@H](CCCc2ccccc2)[C@@H](c2ccc(-c3ccccc3)cc2)N1c1ccccc1,train,513.5840000000002,7.248400000000007,0.2399562633447353,38,78
subcategory_homologation.grow-single_1513,CO[C@H](C)[C@H]1C(=O)N2C(C(=O)O)=C(S[C@@H]3CN[C@H](CSC(F)F)C3)[C@H](C)[C@H]12,1,homologation,grow-single,C[C@@H](O)[C@H]1C(=O)N2C(C(=O)O)=C(S[C@@H]3CN[C@H](CSC(F)F)C3)[C@H](C)[C@H]12,2,O=C1C[C@H]2CC(S[C@H]3CCNC3)=CN12,train,422.51900000000006,2.2137000000000002,0.5808606494060714,27,77
subcategory_homologation.grow-single_1278,CCCCO[C@@H]1C=C(C(=O)O)C[C@H](N)[C@H]1NC(=O)C(F)(F)C(F)(F)C(F)(F)C(F)(F)F,1,homologation,grow-single,CCC(CC)O[C@@H]1C=C(C(=O)O)C[C@H](N)[C@H]1NC(=O)C(F)(F)C(F)(F)C(F)(F)C(F)(F)F,4,C1=CCCCC1,train,474.32,2.8667000000000007,0.35259190759732467,31,73
subcategory_homologation.grow-single_1349,Cc1ccccc1C=CS(=O)(=O)ON1C(=O)CC(Cc2ccccc2)C1=O,1,homologation,grow-single,O=C1CC(Cc2ccccc2)C(=O)N1OS(=O)(=O)/C=C/c1ccccc1,7,O=C1CC(Cc2ccccc2)C(=O)N1OS(=O)(=O)/C=C/c1ccccc1,train,385.4410000000001,2.844920000000001,0.7145010672972915,27,46
subcategory_homologation.grow-single_350,CC(C)(C)CCC#CCCc1c[nH]cn1,0,authentic,authentic,,,c1c[nH]cn1,train,204.317,3.1720000000000015,0.7526268612279402,15,25
subcategory_homologation.grow-single_1818,COC(=O)Cc1ccccc1,1,homologation,grow-single,CC(C)(C)NCC(O)COC(=O)Cc1ccccc1,,c1ccccc1,train,150.177,1.4021,0.5955313782679573,11,16
subcategory_homologation.grow-single_1189,CCCCCOc1c2cnnc-2[nH]cc1C(O)c1ccccc1,1,homologation,grow-single,CCCCOc1c2cnnc-2[nH]cc1C(O)c1ccccc1,4,c1ccc(Cc2c[nH]c3nncc-3c2)cc1,train,311.385,3.560200000000002,0.6544876852778905,23,35
subcategory_homologation.grow-single_1212,CCCCCN1CCN(c2ccccc2)CC1,1,homologation,grow-single,COc1cccc2c1C(CCCN1CCN(c3ccccc3)CC1)=CCC2,3 4,C1=C(CCCN2CCN(c3ccccc3)CC2)c2ccccc2CC1,test,232.371,2.998800000000002,0.7201016543680847,17,23
subcategory_homologation.grow-single_345,NCCCC[C@H](N[C@@H](CCc1ccccc1)C(=O)O)C(=O)N1CCC[C@]1(C=O)C(=O)O,0,authentic,authentic,,,O=C(CNCCCc1ccccc1)N1CCCC1,train,433.5050000000003,0.8043000000000011,0.20267339822794614,31,63
subcategory_homologation.grow-single_1312,CNC(=O)NCC(NC(=O)c1ccc(N(C)Cc2cnc3nc(N)nc(N)c3n2)cc1)C(=O)OC,1,homologation,grow-single,CNC(=O)NCC(NC(=O)c1ccc(N(C)Cc2cnc3nc(N)nc(N)c3n2)cc1)C(=O)O,2,c1ccc(NCc2cnc3ncncc3n2)cc1,train,482.5050000000002,-0.5789999999999955,0.2569104923508077,35,60
subcategory_homologation.grow-single_1411,CCOc1ccccc1CNC(=O)c1ccc(Cl)c(S(N)(=O)=O)c1,1,homologation,grow-single,COc1ccccc1CNC(=O)c1ccc(Cl)c(S(N)(=O)=O)c1,2,O=C(NCc1ccccc1)c1ccccc1,train,368.84200000000004,2.3160999999999996,0.8168634000687622,24,42
subcategory_homologation.grow-single_191,COc1ccc(C2Sc3cc(Cc4ccccc4)ccc3N(CCN(C)C)C(=O)C2O)cc1F,0,authentic,authentic,,,O=C1CC(c2ccccc2)Sc2cc(Cc3ccccc3)ccc2N1,train,480.60500000000025,4.527600000000006,0.5386968870279746,34,53
subcategory_homologation.grow-single_1092,COc1ccc([C@@H]2CC(=O)N2c2ccc(F)cc2)cc1,1,homologation,grow-single,O=C1C[C@@H](c2ccc(O)cc2)N1c1ccc(F)cc1,6,O=C1C[C@@H](c2ccccc2)N1c1ccccc1,train,271.291,3.3123000000000014,0.8014611023834481,20,38
subcategory_homologation.grow-single_1258,CCc1nc2ccn(C(=O)O)c(=O)c2n1Cc1ccc(-c2ccccc2-c2nn[nH]n2)cc1,1,homologation,grow-single,CCCCc1nc2ccn(C(=O)O)c(=O)c2n1Cc1ccc(-c2ccccc2-c2nn[nH]n2)cc1,,O=c1[nH]ccc2ncn(Cc3ccc(-c4ccccc4-c4nn[nH]n4)cc3)c12,train,441.4510000000001,3.1819000000000015,0.42805695136172184,33,58
subcategory_homologation.grow-single_620,O=C(NCCCCCn1ccnc1)c1ccc(Cl)s1,0,authentic,authentic,,,O=C(NCCCCCn1ccnc1)c1cccs1,train,297.81100000000004,3.1983000000000015,0.7978517721815149,19,29
subcategory_homologation.grow-single_1280,CCOc1cc2ccccc2c2cc([N+](=O)[O-])oc12,1,homologation,grow-single,COc1cc2ccccc2c2cc([N+](=O)[O-])oc12,2,c1ccc2c(c1)ccc1occc12,train,257.24499999999995,3.892900000000002,0.5269691918910383,19,36
subcategory_homologation.grow-single_1427,CO[C@@H](CC(=O)O)C[C@H](O)/C=C/c1c(-c2ccc(F)cc2)nc(N(c2nnnn2C)S(C)(=O)=O)nc1C(C)C,1,homologation,grow-single,CC(C)c1nc(N(c2nnnn2C)S(C)(=O)=O)nc(-c2ccc(F)cc2)c1/C=C/[C@@H](O)C[C@@H](O)CC(=O)O,2,c1ccc(-c2ccnc(Nc3nnn[nH]3)n2)cc1,train,563.6120000000002,2.2812,0.33080820101666736,39,81
subcategory_homologation.grow-single_1539,CCCN(CCO)CC(c1ccccc1)c1ccccc1,1,homologation,grow-single,OCCN(CCO)CC(c1ccccc1)c1ccccc1,2,c1ccc(Cc2ccccc2)cc1,train,283.415,3.522800000000003,0.8009799135335132,21,29
subcategory_homologation.grow-single_1128,CCn1cc(C(=O)O)c(=O)c2cc(F)c(N3CCN(C)CC3)c(OC)c21,1,homologation,grow-single,C[C@H]1COc2c(N3CCN(C)CC3)c(F)cc3c(=O)c(C(=O)O)cn1c23,1 2 10 16,O=c1ccn2c3c(c(N4CCNCC4)ccc13)OCC2,train,363.3890000000001,1.6191000000000002,0.8897993376761446,26,48
subcategory_homologation.grow-single_1300,CCCC(=O)C=C1[CH][C@@H]2[C@@H](CC1)[C@@H]1CC[C@](O)(C(=O)CO)[C@@]1(C)C[C@@H]2O,1,homologation,grow-single,C[C@]12C[C@H](O)[C@H]3[C@@H](CCC4=CC(=O)CC[C@@H]43)[C@@H]1CC[C@]2(O)C(=O)CO,0 1 2 3 4 5,O=C1C=C2CC[C@@H]3[C@H](CCC4CCC[C@H]43)[C@H]2CC1,train,363.4740000000001,1.98589,0.6494686506706333,26,77
subcategory_homologation.grow-single_402,CCCCc1nc(Cl)c(CCc2ccccc2)c(=O)n1Cc1ccc(-c2ccccc2-c2nn[nH]n2)cc1,0,authentic,authentic,,,O=c1c(CCc2ccccc2)cncn1Cc1ccc(-c2ccccc2-c2nn[nH]n2)cc1,val,525.0560000000003,5.919900000000006,0.22897519546704045,38,63
subcategory_homologation.grow-single_513,CC(C)NCC(O)COc1ccc(COCC(=O)O)cc1,0,authentic,authentic,,,c1ccccc1,train,297.35099999999994,1.0254999999999992,0.5975705663365012,21,32
subcategory_homologation.grow-single_1566,[CH][N+]1(C)C(=O)C(C)(OC)N=C(c2ccccc2Cl)c2cc([N+](=O)[O-])ccc21,1,homologation,grow-single,[CH][N+]1(C)C(=O)C(C)(O)N=C(c2ccccc2Cl)c2cc([N+](=O)[O-])ccc21,2,O=C1CN=C(c2ccccc2)c2ccccc2[NH2+]1,test,386.8150000000001,3.5940900000000022,0.4582314017178409,27,63
subcategory_homologation.grow-single_581,COC(=O)C(C)(C)CCCOc1cccc(OCCCC(C)(C)C(=O)OC)c1N,0,authentic,authentic,,,c1ccccc1,train,409.52300000000025,3.9852000000000025,0.3166440309664341,29,47
subcategory_homologation.grow-single_1062,CCCC(C#N)(CCCN(CCc1ccc(OC)c(OC)c1)Cc1ccccc1)c1ccc(OC)c(OC)c1,1,homologation,grow-single,COc1ccc(CCN(CCCC(C#N)(c2ccc(OC)c(OC)c2)C(C)C)Cc2ccccc2)cc1OC,3,c1ccc(CCCCN(CCc2ccccc2)Cc2ccccc2)cc1,train,530.7090000000003,6.807580000000008,0.20276909816462144,39,60
subcategory_homologation.grow-single_708,C=CC(=O)N1C(=O)CC(c2ccc(OC)cc2)Sc2ccccc21,0,authentic,authentic,,,O=C1CC(c2ccccc2)Sc2ccccc2N1,train,339.41600000000005,3.9779000000000035,0.7937684460198595,24,41
subcategory_homologation.grow-single_461,COc1ccccc1C(=O)NCc1ccc(CNS(=O)(=O)c2ccc(C)cc2)cc1,0,authentic,authentic,,,O=C(NCc1ccc(CNS(=O)(=O)c2ccccc2)cc1)c1ccccc1,val,424.5220000000001,3.4121200000000016,0.580400967672869,30,49
subcategory_homologation.grow-single_660,Cc1ccc(-c2cn3cc(C)ccc3n2)cc1,0,authentic,authentic,,,c1ccc(-c2cn3ccccc3n2)cc1,train,222.29100000000003,3.618140000000002,0.6143840408553064,17,28
subcategory_homologation.grow-single_1773,CCc1ccc(Oc2cncnc2O)cc1,1,homologation,grow-single,Cc1ccc(Oc2cncnc2O)cc1,2,c1ccc(Oc2cncnc2)cc1,train,216.23999999999998,2.5369,0.8561012415804177,16,22
subcategory_homologation.grow-single_337,Cc1ccc2c(c1)Nc1sc3cc(F)ccc3c1C(N1CCN(C)CC1)=N2,0,authentic,authentic,,,c1ccc2c(c1)N=C(N1CCNCC1)c1c(sc3ccccc13)N2,train,380.4920000000002,4.731520000000005,0.6115691776803243,27,46
subcategory_homologation.grow-single_622,CCCCCC(O)c1cccc(Oc2ccc3ccccc3n2)c1,0,authentic,authentic,,,c1ccc(Oc2ccc3ccccc3n2)cc1,train,321.42,5.640800000000006,0.5724868091459525,24,34
subcategory_homologation.grow-single_313,NNc1nnc2c3c(cccc13)C=NN2,0,authentic,authentic,,,C1=NNc2nncc3cccc1c23,val,200.205,0.6748,0.46492919956944934,15,24
subcategory_homologation.grow-single_1061,CNC(=O)c1cc(Oc2ccc(NC(=O)Nc3ccc(Cl)c(C(F)(F)F)c3)cc2)ccn1,1,homologation,grow-single,O=C(Nc1ccc(Oc2ccnc(C(=O)NCO)c2)cc1)Nc1ccc(Cl)c(C(F)(F)F)c1,,O=C(Nc1ccccc1)Nc1ccc(Oc2ccncc2)cc1,train,464.83100000000013,5.549700000000003,0.4613395020059931,32,57
subcategory_homologation.grow-single_1584,CCC(C)NCC(O)COC(=O)c1ccc(C)cc1,1,homologation,grow-single,Cc1ccc(C(=O)OCC(O)CNC(C)C)cc1,2,c1ccccc1,train,265.35299999999995,1.9008200000000002,0.7393048008384167,19,30
subcategory_homologation.grow-single_113,CC1(C)N=C(N)N=C(N)N1c1ccc(OCc2ccccc2)cc1,0,authentic,authentic,,,C1=NC=NCN1c1ccc(OCc2ccccc2)cc1,val,323.40000000000003,2.4511000000000003,0.904194279834981,24,40
subcategory_homologation.grow-single_1776,COc1c(C(C)(C)C)cc(/C=C/c2ccccc2)cc1C(C)(C)C,1,homologation,grow-single,CC(C)(C)c1cc(/C=C/c2ccccc2)cc(C(C)(C)C)c1O,2,C(=C\c1ccccc1)/c1ccccc1,train,322.49200000000013,6.460600000000007,0.5891041037813629,24,43
subcategory_homologation.grow-single_886,O=C(O)CC(c1ccccc1)c1ccccc1,0,authentic,authentic,,,c1ccc(Cc2ccccc2)cc1,train,226.275,3.2932000000000023,0.8680991097816024,17,26
subcategory_homologation.grow-single_264,CCc1nnc2n1CCN(C(C(N)=O)c1ccc(F)cc1)C2,0,authentic,authentic,,,c1ccc(CN2CCn3cnnc3C2)cc1,train,303.34100000000007,1.0217999999999998,0.9146622765802939,22,37
subcategory_homologation.grow-single_372,C[C@H](N)C(=O)N1[C@H](C(=O)OCc2ccccc2)C[C@@H]2CCC[C@@H]21.O=C(O)C(F)(F)F,0,authentic,authentic,,,O=C(OCc1ccccc1)[C@@H]1C[C@@H]2CCC[C@@H]2N1,val,430.4230000000002,2.4798999999999998,0.7105542018469859,30,72
subcategory_homologation.grow-single_1203,CCCC1(CC)Cc2cc3c(C(F)(F)F)cc(O)nc3cc2N[C@@H]1CC,1,homologation,grow-single,CC[C@H]1Nc2cc3nc(O)cc(C(F)(F)F)c3cc2CC1(CC)CC,2,c1cnc2cc3c(cc2c1)CCCN3,train,366.4270000000001,5.902300000000006,0.707736860263138,26,47
subcategory_homologation.grow-single_1310,CCc1ccc2c(c1)CO[C@@]2(CCCN)c1ccc(F)cc1,1,homologation,grow-single,N#Cc1ccc2c(c1)CO[C@@]2(CCCN)c1ccc(F)cc1,2,c1ccc(C2OCc3ccccc32)cc1,train,299.38899999999995,3.900800000000002,0.9084693607177488,22,38
subcategory_homologation.grow-single_1440,CCCC(=O)N(CC)C(=O)NCCc1ccc(S(=O)(=O)NC(=O)NC2CCC(C)C2)cc1,1,homologation,grow-single,CC1CCC(NC(=O)NS(=O)(=O)c2ccc(CCNC(=O)N3CCCCC3=O)cc2)C1,0 1 2 3 4 5 7 10,O=C(NC1CCCC1)NS(=O)(=O)c1ccc(CCNC(=O)N2CCCCC2=O)cc1,train,466.6040000000002,2.7638000000000007,0.5160930894321398,32,57
subcategory_homologation.grow-single_262,CCCCN(Cc1ccccc1C)CC(O)(Cn1cncn1)c1ccc(F)cc1F,0,authentic,authentic,,,c1ccc(CNCC(Cn2cncn2)c2ccccc2)cc1,train,414.50000000000006,4.054820000000003,0.5437550802800548,30,44
subcategory_homologation.grow-single_705,COc1ccc(CNc2nnc(N3CCC(O)CC3)c3ccc(C#N)cc23)cc1Cl,0,authentic,authentic,,,c1ccc(CNc2nnc(N3CCCCC3)c3ccccc23)cc1,val,423.9040000000001,3.7366800000000024,0.6450518417345258,30,48
subcategory_homologation.grow-single_1059,COc1cc2ncnc(N3CC[C@@H](OC)C3)c2cc1OC,1,homologation,grow-single,COc1cc2ncnc(N3CC[C@@H](Oc4ccccn4)C3)c2cc1OC,2,c1ccc(O[C@@H]2CCN(c3ncnc4ccccc34)C2)nc1,train,289.33500000000004,1.8720999999999999,0.8562231634996817,21,36
subcategory_homologation.grow-single_1392,CCOC(=O)[C@H](CCc1ccccc1)N[C@@H](C)CNCC(C)C,1,homologation,grow-single,CCOC(=O)[C@H](CCc1ccccc1)N[C@@H](C)C(=O)N1[C@H](C(=O)O)C[C@@H]2CCCC[C@@H]21.Cl,2 3 4 5 6,O=C(CNCCCc1ccccc1)N1CC[C@@H]2CCCC[C@@H]21,train,320.4770000000001,2.7746000000000004,0.6156751717430101,23,43
subcategory_homologation.grow-single_954,COCCCCOc1ccc(C(=O)O)c(C)c1,1,homologation,grow-single,Cc1cc(OCCCCOc2ccc(C(=O)CC3CCCC3)c(O)c2C)ccc1C(=O)O,2,O=C(CC1CCCC1)c1ccc(OCCCCOc2ccccc2)cc1,test,238.283,2.4986200000000007,0.7413987055790263,17,26
subcategory_homologation.grow-single_1510,CCSCc1c[nH]c2ccccc12,1,homologation,grow-single,C/N=C(\S)NCCSCc1c[nH]c2ccccc12,,c1ccc2[nH]ccc2c1,train,191.299,3.421000000000002,0.7856151613126634,13,20
subcategory_homologation.grow-single_1428,CCCCc1cc(OC)ccc1OC,1,homologation,grow-single,COc1ccc(OC)c(CCCN(C)C)c1,3,c1ccccc1,train,194.27399999999997,3.046400000000002,0.7168922013364352,14,18
subcategory_homologation.grow-single_1315,CCNC(=O)c1cc(Cl)ccc1OC,1,homologation,grow-single,COc1ccc(Cl)cc1C(=O)N[C@@H]1[C@@H](c2ccc(S(N)(=O)=O)cc2)C1(C)C,1 2,O=C(N[C@H]1C[C@@H]1c1ccccc1)c1ccccc1,train,213.66399999999996,2.0983,0.8353006023290845,14,22
subcategory_homologation.grow-single_649,C[C@@H](COc1ccc(Cl)cc1C(N)=O)NS(=O)(=O)c1ccc(Oc2ccc(F)cc2)cc1,0,authentic,authentic,,,O=S(=O)(NCCOc1ccccc1)c1ccc(Oc2ccccc2)cc1,val,478.92900000000014,4.116100000000002,0.4807623843910503,32,61
subcategory_homologation.grow-single_256,Cc1cc(CC(=O)O)c(C)cc1CC(=O)O,0,authentic,authentic,,,c1ccccc1,train,222.23999999999998,1.55764,0.8102010992144772,16,28
subcategory_homologation.grow-single_1829,COc1ccc(C2Sc3cc(Cl)ccc3N(CCN(C)C)C(=O)C2OC)cc1,1,homologation,grow-single,CCCCNC(=O)OC1C(=O)N(CCN(C)C)c2ccc(Cl)cc2SC1c1ccc(OC)cc1,,O=C1CC(c2ccccc2)Sc2ccccc2N1,train,420.9620000000002,4.1052000000000035,0.7031729212016196,28,46
subcategory_homologation.grow-single_1675,CCCN(C)CCNC1=Nc2ccc(F)cc2Nc2sc(CC)cc21,1,homologation,grow-single,CCc1cc2c(s1)Nc1cc(F)ccc1N=C2N1CCN(C)CC1,0 1 2 3 4 5 6 7,c1ccc2c(c1)N=C(N1CCNCC1)c1ccsc1N2,train,360.5020000000001,4.516300000000003,0.7957459511363785,25,38
subcategory_homologation.grow-single_838,CCCc1nc(-n2cccc2C(=O)O)c(C(N)=O)n1Cc1ccc(-c2ccccc2-c2nn[nH]n2)cc1,0,authentic,authentic,,,c1ccc(-c2nn[nH]n2)c(-c2ccc(Cn3cnc(-n4cccc4)c3)cc2)c1,train,496.5310000000002,3.3188000000000013,0.28232599026227334,37,65
subcategory_homologation.grow-single_1806,[2H]C1([2H])N(CCOCCC)CCN(C2=Nc3cc(C)c(C)cc3Sc3ccccc32)C1([2H])C,1,homologation,grow-single,[2H]C1([2H])N(CCOCCO)CCN(C2=Nc3cc(C)c(C)cc3Sc3ccccc32)C1([2H])C,3,c1ccc2c(c1)N=C(N1CCNCC1)c1ccccc1S2,train,426.64430533400014,5.2790400000000055,0.6082845237419685,30,63
subcategory_homologation.grow-single_1076,COC(=O)[C@H](Cc1ccccc1)NC(=O)CNC(=O)C(C)C,1,homologation,grow-single,CCC(C)[C@H](N)C(=O)N1CCC[C@H]1[C@H](CC(=O)O)OC(=O)[C@H](Cc1ccccc1)NC(=O)CNC(=O)C(C)C,,O=C(CCc1ccccc1)OC[C@@H]1CCCN1,test,306.3620000000001,0.6590999999999989,0.724816644500154,22,41
subcategory_homologation.grow-single_1615,COc1ccc(Cc2cc([C@]34OC[C@](OC5CC5)(O3)[C@@H](O)[C@H](O)[C@H]4O)ccc2Cl)cc1,1,homologation,grow-single,CCOc1ccc(Cc2cc([C@]34OC[C@](OC5CC5)(O3)[C@@H](O)[C@H](O)[C@H]4O)ccc2Cl)cc1,,c1ccc(Cc2cccc([C@]34CCC[C@](OC5CC5)(CO3)O4)c2)cc1,train,448.899,2.1106,0.622270844152973,31,73
subcategory_homologation.grow-single_1635,CCCCCNCCc1c(-c2cc(C)cc(C)c2)[nH]c2ccccc12,1,homologation,grow-single,Cc1cc(C)cc(-c2[nH]c3ccccc3c2CCNCCCCc2ccncc2)c1,2,c1ccc(-c2[nH]c3ccccc3c2CCNCCCCc2ccncc2)cc1,train,334.50700000000006,5.774040000000006,0.5025300365274961,25,41
subcategory_homologation.grow-single_1791,CC(C)C[C@@H](C(=O)O)N(Cc1ccc(-c2ccccc2-c2nn[nH]n2)cc1)C(=O)CCCCc1ccccc1,1,homologation,grow-single,CC(C)[C@@H](C(=O)O)N(Cc1ccc(-c2ccccc2-c2nn[nH]n2)cc1)C(=O)CCCCc1ccccc1,3 4,O=C(CCCCc1ccccc1)NCc1ccc(-c2ccccc2-c2nn[nH]n2)cc1,val,525.6530000000004,5.774600000000006,0.21423371859603285,39,71
subcategory_homologation.grow-single_134,COC1O[C@@H](c2ccc(Cl)c(Cc3ccc(OCCO)cc3)c2)[C@H](O)[C@@H](O)[C@@H]1O,0,authentic,authentic,,,c1ccc(Cc2cccc([C@H]3CCCCO3)c2)cc1,train,424.87700000000007,1.4283999999999992,0.5320560100955372,29,67
subcategory_homologation.grow-single_176,CC(C)CCc1c(C(=O)O)n(Cc2ccccc2)c(=O)n1Cc1ccc(-c2ccccc2-c2nn[nH]n2)cc1,0,authentic,authentic,,,O=c1n(Cc2ccccc2)ccn1Cc1ccc(-c2ccccc2-c2nn[nH]n2)cc1,train,522.6090000000003,4.880300000000004,0.2698615615495183,39,68
subcategory_homologation.grow-single_1483,CCCCNC(=O)c1cc(Cl)ccc1OCCOC,1,homologation,grow-single,CCCNS(=O)(=O)c1ccc2c(c1)CC(NC(=O)c1cc(Cl)ccc1OCCOC)C2,1 2 3 4,O=C(NC1Cc2ccccc2C1)c1ccccc1,train,285.77099999999996,2.895100000000001,0.7472585331064927,19,27
subcategory_homologation.grow-single_265,COc1cccc(CCN(C)CCC[C@@](C#N)(c2ccc(OC)c(OC)c2)C(C)C)c1,0,authentic,authentic,,,c1ccc(CCCCNCCc2ccccc2)cc1,train,424.58500000000015,5.084480000000005,0.47527700391927236,31,54
subcategory_homologation.grow-single_1129,CCCN(CCNC(=O)c1ccc2ccccc2c1)c1nc(N)c2cc(OC)c(OC)cc2n1,1,homologation,grow-single,COc1cc2nc(N3CCN(C(=O)c4ccc5ccccc5c4)CC3)nc(N)c2cc1OC,0 1 2 3 5 8 11 15 18 19 22 23 26 27 29 30 31 32 33,O=C(c1ccc2ccccc2c1)N1CCN(c2ncc3ccccc3n2)CC1,train,459.5500000000003,4.028800000000002,0.38952340240916666,34,53
subcategory_homologation.grow-single_957,COc1ccc(Cn2cnc3c(N(C)C)ncnc32)cc1,1,homologation,grow-single,CN(C)c1ncnc2c1ncn2Cc1ccc(O)cc1,2,c1ccc(Cn2cnc3cncnc32)cc1,train,283.33500000000004,1.9492,0.7322379808800302,21,33
subcategory_homologation.grow-single_755,COCCC[C@H]1CN(C2=Nc3ccc(F)cc3Nc3sccc32)CCN1C,0,authentic,authentic,,,c1ccc2c(c1)N=C(N1CCNCC1)c1ccsc1N2,train,388.51200000000017,4.065100000000003,0.8020010816944647,27,44
subcategory_homologation.grow-single_1172,CCc1cccn2cc(-c3ccc(C)cc3)nc12,1,homologation,grow-single,Cc1ccc(-c2cn3cccc(C)c3n2)cc1,2,c1ccc(-c2cn3ccccc3n2)cc1,train,236.31799999999998,3.8721200000000024,0.6598588063410429,18,29
subcategory_homologation.grow-single_1651,CNCC1=CC(C)(C)Oc2ccc(C#N)cc21,1,homologation,grow-single,CNC(=O)C1=CC(C)(C)Oc2ccc(C#N)cc21,,C1=Cc2ccccc2OC1,train,228.295,2.3320800000000004,0.844598949222644,17,29
subcategory_homologation.grow-single_739,Cc1ccc(OCC(O)C(C)NC(C)C)c2c1CCC2.Cl,0,authentic,authentic,,,c1ccc2c(c1)CCC2,train,313.8690000000001,3.031720000000002,0.8479792542522742,21,35
subcategory_homologation.grow-single_1495,COC(OC)[C@@H](O)[C@H](O)[C@@H](O)[CH]c1ccc(Cl)c(Cc2ccc3c(c2)OCCO3)c1,1,homologation,grow-single,CO[C@@H]1O[C@@H](c2ccc(Cl)c(Cc3ccc4c(c3)OCCO4)c2)[C@H](O)[C@@H](O)[C@@H]1O,0 1 2 3 4 5 6 7 8 9 10 11,c1cc(Cc2ccc3c(c2)OCCO3)cc([C@H]2CCCCO2)c1,train,437.8960000000003,1.9559899999999997,0.5157112913916645,30,68
subcategory_homologation.grow-single_1011,CCCNCCOCC1=C(C(=O)OCC)C(c2ccccc2Cl)C(C(=O)OC)=C(C)N1,1,homologation,grow-single,CCOC(=O)C1=C(COCCNCC(=O)NCCN)NC(C)=C(C(=O)OC)C1c1ccccc1Cl,3,C1=CC(c2ccccc2)C=CN1,train,450.96300000000014,3.3072000000000017,0.39482354344448467,31,52
subcategory_homologation.grow-single_484,C[C@H]1O[C@@H](O[C@H]2CC[C@]3(C=O)[C@H]4CC[C@]5(C)[C@@H](C6=CC(=O)OC6)CC[C@]5(O)[C@@H]4CC[C@]3(O)C2)C[C@H](O)[C@@H]1O,0,authentic,authentic,,,O=C1C=C([C@H]2CCC3C2CC[C@@H]2C4CC[C@H](O[C@H]5CCCCO5)CC4CC[C@@H]32)CO1,train,534.6460000000005,1.779199999999999,0.24109813151537215,38,117
subcategory_homologation.grow-single_1713,COCCC(O)/C=C/c1c(-c2ccc(F)cc2)nc(N(C)S(C)(=O)=O)nc1C(C)C,1,homologation,grow-single,CC(C)c1nc(N(C)S(C)(=O)=O)nc(-c2ccc(F)cc2)c1/C=C/C(O)CC(O)CC(=O)O,4,c1ccc(-c2ccncn2)cc1,train,437.5370000000002,3.2125000000000012,0.6476063081558565,30,56
subcategory_homologation.grow-single_411,CCC(C)C1(CC)C(=O)NC(=O)NC1=O,0,authentic,authentic,,,O=C1CC(=O)NC(=O)N1,train,212.249,0.7948999999999999,0.6791427219817272,15,28
subcategory_homologation.grow-single_248,[2H]c1c([2H])c([2H])c2c(c1[2H])Sc1c([2H])c(C)c(C)c([2H])c1N=C2N1CCN(CCOCCO)CC1(C)C,0,authentic,authentic,,,c1ccc2c(c1)N=C(N1CCNCC1)c1ccccc1S2,train,445.6616106680003,4.251440000000005,0.6974134609641254,31,82
subcategory_homologation.grow-single_1730,COC(=O)C1OC1CCc1ccccc1,1,homologation,grow-single,CCOC(=O)C1OC1CCc1ccccc1,,c1ccc(CCC2CO2)cc1,test,206.241,1.5595999999999999,0.5540188309491535,15,22
subcategory_homologation.grow-single_1041,CCc1nc(N(C)c2ncnn2C)nc(-c2ccc(F)cc2)c1/C=C/[C@@H](O)C[C@@H](O)CC(=O)O,1,homologation,grow-single,CC(C)c1nc(N(C)c2ncnn2C)nc(-c2ccc(F)cc2)c1/C=C/[C@@H](O)C[C@@H](O)CC(=O)O,,c1ccc(-c2ccnc(Nc3ncn[nH]3)n2)cc1,train,470.5050000000002,2.3412999999999995,0.40753620925836836,34,69
subcategory_homologation.grow-single_740,Cc1oc(-c2ccc(C(F)(F)F)cc2)nc1COc1cccc(/C(I)=C/Cn2oc(=O)[nH]c2=O)c1,0,authentic,authentic,,,O=c1[nH]c(=O)n(C/C=C/c2cccc(OCc3coc(-c4ccccc4)n3)c2)o1,train,599.3030000000001,5.166920000000004,0.2945182876966743,35,66
subcategory_homologation.grow-single_356,Nc1nc(=O)c2ncn(COCCO)c2c(=O)[nH]1,0,authentic,authentic,,,O=c1nc[nH]c(=O)c2[nH]cnc12,train,253.21799999999996,-1.9715999999999991,0.5372835998243981,18,33
subcategory_homologation.grow-single_1306,COCCCc1onc(O)c1-c1ccccc1,1,homologation,grow-single,NC(Cc1onc(O)c1-c1ccccc1)C(=O)O,4,c1ccc(-c2cnoc2)cc1,train,233.26700000000002,2.6262000000000008,0.8064198744277769,17,24
subcategory_homologation.grow-single_1434,CCC(=O)N/N=C/c1ccc([N+](=O)[O-])o1,1,homologation,grow-single,CN1CCN(CC(=O)N/N=C/c2ccc([N+](=O)[O-])o2)CC1,2,O=C(CN1CCNCC1)N/N=C/c1ccco1,val,211.17699999999996,1.0478999999999998,0.4567451951685855,15,34
subcategory_homologation.grow-single_1653,CC[C@H](NC(=O)[C@H](Cc1ccccc1)NC(=O)[C@@H]1CCCN1)C(N)=O,1,homologation,grow-single,NC(=O)[C@H](Cc1ccccc1)NC(=O)[C@H](Cc1ccccc1)NC(=O)[C@@H]1CCCN1,2,O=C(N[C@@H](Cc1ccccc1)C(=O)NCCc1ccccc1)[C@@H]1CCCN1,train,346.4310000000002,-0.15399999999999825,0.523935083340478,25,55
subcategory_homologation.grow-single_1457,CCCc1nc(-n2cccc2C=O)c(C(=O)OC)n1Cc1ccc(-c2ccccc2-c2nn[nH]n2)cc1,1,homologation,grow-single,CCCc1nc(-n2cccc2C=O)c(C(=O)O)n1Cc1ccc(-c2ccccc2-c2nn[nH]n2)cc1,2,c1ccc(-c2nn[nH]n2)c(-c2ccc(Cn3cnc(-n4cccc4)c3)cc2)c1,train,495.5430000000002,4.120800000000003,0.24115660994561963,37,63
subcategory_homologation.grow-single_322,CCc1cc2c(Sc3nnc(N)s3)ncnc2s1,0,authentic,authentic,,,c1nc(Sc2nncs2)c2ccsc2n1,val,295.418,2.8386000000000005,0.7486190961626973,18,28
subcategory_homologation.grow-single_614,COc1cccc(NC(=O)CSc2nc3ncccc3[nH]2)c1,0,authentic,authentic,,,O=C(CSc1nc2ncccc2[nH]1)Nc1ccccc1,val,314.37,2.6973000000000003,0.7078259160259764,22,36
subcategory_homologation.grow-single_594,Cn1cc(C2=C(c3cn(CCC[N+](C)(C)C)c4ccccc34)C(=O)NC2=O)c2ccccc21,0,authentic,authentic,,,O=C1NC(=O)C(c2c[nH]c3ccccc23)=C1c1c[nH]c2ccccc12,train,441.5550000000001,3.7965000000000027,0.36559005315098664,33,61
subcategory_homologation.grow-single_1110,CCC(/N=C(\NC#N)Nc1cccc(Cl)c1Cl)c1ccc(Cl)cc1Cl,1,homologation,grow-single,N#CN/C(=N\C(Cn1ccnc1)c1ccc(Cl)cc1Cl)Nc1cccc(Cl)c1Cl,2,C(=NC(Cn1ccnc1)c1ccccc1)Nc1ccccc1,train,416.1390000000001,6.290080000000003,0.2666426842750496,25,45
subcategory_homologation.grow-single_1126,CCCC1C2CC(OC(C)=O)C(O)(C(=O)COC(C)=O)C2(C)CC(O)C1(F)C1(C)C=CC(=O)C=C1,1,homologation,grow-single,CC(=O)OCC(=O)C1(O)C(OC(C)=O)CC2C3CCC4=CC(=O)C=CC4(C)C3(F)C(O)CC21C,1 2 8 15 16 17 22 23 27 31,O=C1C=CC2C(=C1)CCC1C3CCCC3CCC21,train,494.5560000000002,2.3982,0.5167733925791373,35,69
subcategory_homologation.grow-single_132,Cl.N[C@@H](CC(=O)N1CCn2c(nnc2C(F)(F)C(F)(F)F)C1)Cc1cc(F)c(F)cc1F,0,authentic,authentic,,,O=C(CCCc1ccccc1)N1CCn2cnnc2C1,train,493.7860000000001,3.0736000000000017,0.512969730139357,32,64
subcategory_homologation.grow-single_1453,CCc1nnc2n1CCN(C(C(=O)NC(C)C)c1ccccc1)C2,1,homologation,grow-single,Cc1nnc2n1CCN(C(C(=O)NC(C)C)c1ccccc1)C2,2,c1ccc(CN2CCn3cnnc3C2)cc1,train,327.4320000000001,1.921999999999999,0.9112393564596497,24,39
subcategory_homologation.grow-single_711,C/C=C/C(=O)NCCc1ccc(S(=O)(=O)N2CCN(C3CCCCC3)C2=N)cc1.Cl,0,authentic,authentic,,,N=C1N(C2CCCCC2)CCN1S(=O)(=O)c1ccccc1,train,455.0240000000003,2.9169700000000005,0.619181306197201,30,55
subcategory_homologation.grow-single_1367,CCS(=O)(=O)c1nc(-c2cc(Cl)cc(Cl)c2)c(-c2cc(Cl)cc(Cl)c2)[nH]1,1,homologation,grow-single,CS(=O)(=O)c1nc(-c2cc(Cl)cc(Cl)c2)c(-c2cc(Cl)cc(Cl)c2)[nH]1,2,c1ccc(-c2nc[nH]c2-c2ccccc2)cc1,val,450.1740000000002,6.150900000000003,0.5188435002219671,26,59
subcategory_homologation.grow-single_654,CC(C)(C)/N=C(\NC#N)Nc1cccc(/C(=C/CCCC(=O)O)c2cccnc2)c1,0,authentic,authentic,,,C=C(c1ccccc1)c1cccnc1,train,405.5020000000001,4.405280000000003,0.20692729447104222,30,54
subcategory_homologation.grow-single_1396,CCNC(=O)[C@H](CCCCN)N[C@@H](CCc1ccccc1)C(=O)OCC,1,homologation,grow-single,CCOC(=O)[C@H](CCc1ccccc1)N[C@@H](CCCCN)C(=O)N1CCC[C@H]1C(=O)OC(=O)C(F)(F)F,1 2 3,O=C(CNCCCc1ccccc1)N1CCCC1,train,363.5020000000001,1.7742000000000016,0.366825421912984,26,47
subcategory_homologation.grow-single_179,CCC(O)(Cn1cncn1)C(=O)c1ccc(Cl)cc1Cl,0,authentic,authentic,,,O=C(CCn1cncn1)c1ccccc1,train,314.172,2.608900000000001,0.8615012694539247,20,35
subcategory_homologation.grow-single_911,CC(C)(CCC#N)CN(C[C@@H](O)[C@H](Cc1ccccc1)NC(=O)O[C@H]1CO[C@H]2OCC[C@H]21)S(=O)(=O)c1cccc(N)c1,0,authentic,authentic,,,O=C(N[C@H](CCNS(=O)(=O)c1ccccc1)Cc1ccccc1)O[C@H]1CO[C@H]2OCC[C@H]21,train,600.7380000000002,3.0492800000000004,0.2931767319626206,42,93
subcategory_homologation.grow-single_1460,CCCc1c([N+](=O)[O-])oc2ccc3ccccc3c12,1,homologation,grow-single,CC(=O)Cc1c([N+](=O)[O-])oc2ccc3ccccc3c12,,c1ccc2c(c1)ccc1occc12,train,255.273,4.4467000000000025,0.5129361562079136,19,36
subcategory_homologation.grow-single_353,CC(C)N(CCC(CCN(C)C)(C(N)=O)c1ccccc1Cl)C(C)C,0,authentic,authentic,,,c1ccccc1,train,367.96500000000003,3.5237000000000025,0.6878449650847925,25,43
subcategory_homologation.grow-single_925,CCC(=O)Nc1ccc2nc(N)nc(N)c2c1C,1,homologation,grow-single,Cc1c(NC(=O)Cc2ccc(Cl)cc2)ccc2nc(N)nc(N)c12,2,O=C(Cc1ccccc1)Nc1ccc2ncncc2c1,train,245.28599999999994,1.4511200000000002,0.7419011653592535,18,29
subcategory_homologation.grow-single_151,CCOc1nc(Br)cnc1NS(=O)(=O)c1cccc2c(N(C)C)cccc12,0,authentic,authentic,,,O=S(=O)(Nc1cnccn1)c1cccc2ccccc12,train,451.34600000000023,3.6578000000000026,0.6160852866114527,27,46
subcategory_homologation.grow-single_277,O=C(O)c1ccc(-c2nc(-c3ccc4c(c3)OCO4)c(-c3ccccn3)[nH]2)cc1,0,authentic,authentic,,,c1ccc(-c2nc(-c3ccc4c(c3)OCO4)c(-c3ccccn3)[nH]2)cc1,test,385.379,4.232600000000002,0.5455272146401777,29,56
subcategory_homologation.grow-single_251,Cc1[nH]cnc1-c1[nH]ccc2c3ccc(F)cc3nc1-2,0,authentic,authentic,,,c1ccc2c3cc[nH]c(-c4c[nH]cn4)c-3nc2c1,train,266.279,3.505320000000001,0.55363880896914,20,38
subcategory_homologation.grow-single_409,Fc1ccccc1Cn1cnc2c(N3CCCC3)ncnc21,0,authentic,authentic,,,c1ccc(Cn2cnc3c(N4CCCC4)ncnc32)cc1,train,297.337,2.613900000000001,0.745344960757247,22,32
subcategory_homologation.grow-single_1005,C=C(C)[C@@H]1CC[C@]2(C(=O)O)CC[C@]3(C)[C@H](CC[C@@H]4[C@@]5(C)CC[C@H](OC(=O)CC(C)(C)C(=O)OC)C(C)(C)[C@@H]5CC[C@]43C)[C@@H]12,1,homologation,grow-single,C=C(C)[C@@H]1CC[C@]2(C(=O)O)CC[C@]3(C)[C@H](CC[C@@H]4[C@@]5(C)CC[C@H](OC(=O)CC(C)(C)C(=O)O)C(C)(C)[C@@H]5CC[C@]43C)[C@@H]12,2,C1CC[C@@H]2CCC3C4CCC5CCC[C@@H]5[C@H]4CC[C@@H]3C2C1,train,598.8650000000002,8.22970000000001,0.24467304726953654,43,124
subcategory_homologation.grow-single_1421,CO[N+](=O)c1ccc2c(c1)C(c1ccccc1)=NCC(=O)N2CCC[NH+](C)C,1,homologation,grow-single,C[NH+](C)CCCN1C(=O)CN=C(c2ccccc2)c2cc([N+](=O)[O-])ccc21.[Cl-],2,O=C1CN=C(c2ccccc2)c2ccccc2N1,train,382.4640000000002,1.3769999999999996,0.7359945740719968,28,54
subcategory_homologation.grow-single_584,O=C(OCCOCN1c2ccccc2C(=O)N(Cc2ccccc2)S1(=O)=O)c1ccccc1,0,authentic,authentic,,,O=C(OCCOCN1c2ccccc2C(=O)N(Cc2ccccc2)S1(=O)=O)c1ccccc1,test,466.51500000000016,3.2249000000000017,0.373863726476706,33,53
subcategory_homologation.grow-single_1253,COC(CNC(C)(C)C)COC(=O)c1ccc(N)cc1,1,homologation,grow-single,CC(C)(C)NCC(O)COC(=O)c1ccc(N)cc1,2,c1ccccc1,train,280.36799999999994,1.8286999999999995,0.6140824436337815,20,33
subcategory_homologation.grow-single_439,Nc1nc2c(ncn2COCCCCCP(=O)(O)O)c(=O)[nH]1,0,authentic,authentic,,,O=c1[nH]cnc2[nH]cnc12,train,331.26899999999995,0.023899999999999977,0.38944866861523514,22,39
subcategory_homologation.grow-single_1553,CCN1CCC2c3cccc(O)c3CCC21,1,homologation,grow-single,C=CCN1CCC2c3cccc(O)c3CCC21,,c1ccc2c(c1)CCC1NCCC21,train,217.31199999999995,2.5162000000000004,0.7810200214795862,16,24
subcategory_homologation.grow-single_1441,CCO[C@@H]1OC[C@H](OC(=O)N[C@@H](Cc2ccccc2)[C@H](O)CN(CC(C)C)S(=O)(=O)c2ccc([N+](=O)[O-])cc2)[C@@H]1C,1,homologation,grow-single,CC(C)CN(C[C@@H](O)[C@H](Cc1ccccc1)NC(=O)O[C@H]1CO[C@H]2OCC[C@H]21)S(=O)(=O)c1ccc([N+](=O)[O-])cc1,1 2 3 7,O=C(N[C@H](CCNS(=O)(=O)c1ccccc1)Cc1ccccc1)O[C@H]1CO[C@H]2OCC[C@H]21,train,593.6990000000003,3.3374000000000015,0.247567230551189,41,100
subcategory_homologation.grow-single_533,CC(C)N(CCC(C(N)=O)(c1ccccc1)c1ccccn1)C(C)C,0,authentic,authentic,,,c1ccc(Cc2ccccn2)cc1,train,339.4830000000001,3.361900000000002,0.8020711980677477,25,42
subcategory_homologation.grow-single_536,CCN1CCN(C2=Nc3ccccc3Nc3cc(F)ccc32)CC1,0,authentic,authentic,,,c1ccc2c(c1)N=C(N1CCNCC1)c1ccccc1N2,train,324.4030000000002,3.5985000000000023,0.8694127152471488,24,37
subcategory_homologation.grow-single_241,CC(=O)N1CCC(C(=O)N(CCCN2CCC(Cc3ccccc3)CC2)c2ccccc2)CC1,0,authentic,authentic,,,O=C(C1CCNCC1)N(CCCN1CCC(Cc2ccccc2)CC1)c1ccccc1,train,461.6500000000002,4.622900000000004,0.5760649094258636,34,54
subcategory_homologation.grow-single_1150,CCCCn1cnc2c(=O)[nH]c(N)nc21,1,homologation,grow-single,Nc1nc2c(ncn2CC[C@@H](O)CO)c(=O)[nH]1,,O=c1[nH]cnc2[nH]cnc12,train,207.237,0.5018999999999998,0.7665351825696698,15,27
subcategory_homologation.grow-single_1645,CCOCCN(CCN)CCN(CC)C1=Nc2ccccc2Sc2ccccc21,1,homologation,grow-single,CCN(CCN(CCN)CCOCCO)C1=Nc2ccccc2Sc2ccccc21,,C1=Nc2ccccc2Sc2ccccc21,test,412.60300000000007,3.8486000000000047,0.6009206086588932,29,40
subcategory_homologation.grow-single_1060,CCc1c[nH]c2ccc(OC)cc12,1,homologation,grow-single,COc1ccc2[nH]cc(C[C@H](NC(=O)c3ccccc3Br)C(=O)O)c2c1,,O=C(NCCc1c[nH]c2ccccc12)c1ccccc1,train,175.23099999999997,2.738900000000001,0.7454523040592335,13,22
subcategory_homologation.grow-single_1022,Cc1ccccc1C1CCN(C)C1,1,homologation,grow-single,COc1ccccc1-c1ccccc1C1CCN(C)C1,7,c1ccc(-c2ccccc2C2CCNC2)cc1,val,175.27499999999998,2.4141200000000005,0.6332908146612269,13,19
subcategory_homologation.grow-single_381,CC1(C)OC2CC3C4CCC5=CC(=O)C=CC5(C)C4C(O)CC3(C)C2(C(=O)CO)O1,0,authentic,authentic,,,O=C1C=CC2C(=C1)CCC1C2CCC2C1CC1OCOC12,train,416.51400000000024,2.326700000000001,0.7177493123306525,30,58
subcategory_homologation.grow-single_53,O=C(C(=O)N1CCCc2ccccc21)N1CCCc2ccccc21,0,authentic,authentic,,,O=C(C(=O)N1CCCc2ccccc21)N1CCCc2ccccc21,val,320.39200000000005,2.9452000000000016,0.700339556879925,24,38
subcategory_homologation.grow-single_232,Nc1nccc2c1ncn2C1CC(O)C(O)C1O,0,authentic,authentic,,,c1cc2c(cn1)ncn2C1CCCC1,train,250.258,-0.9590000000000003,0.517626116442414,18,28
subcategory_homologation.grow-single_511,CC(C)Oc1ccccc1CNC(=O)Nc1ccc2cnccc2n1,0,authentic,authentic,,,O=C(NCc1ccccc1)Nc1ccc2cnccc2n1,train,336.39500000000004,3.7387000000000015,0.7440308133068103,25,36
subcategory_homologation.grow-single_570,CCCNC(=O)N1CCN(c2cc(N)c3cc(OC)c(OC)cc3n2)CC1,0,authentic,authentic,,,c1ccc2nc(N3CCNCC3)ccc2c1,train,373.45700000000016,2.0758,0.8335119093149166,27,44
subcategory_homologation.grow-single_1330,CCC(c1ccc(O)c(F)c1)C(CC)c1ccc(OC)c(F)c1,1,homologation,grow-single,CCC(c1ccc(O)c(F)c1)C(CC)c1ccc(O)c(F)c1,2,c1ccc(CCc2ccccc2)cc1,train,320.379,5.366400000000004,0.7754542909354923,23,39
subcategory_homologation.grow-single_643,CNS(=O)(=O)c1cc2c(N=O)c(O)[nH]c2c2c1CCCC2,0,authentic,authentic,,,c1cc2ccc3c(c2[nH]1)CCCC3,val,309.34700000000015,2.0583,0.7532277936165453,21,41
subcategory_homologation.grow-single_1598,CC[C@](O)(c1ccc(F)cc1)[C@@](C)(O)c1ccc(F)cc1,1,homologation,grow-single,C[C@](O)(c1ccc(F)cc1)[C@](O)(Cn1cncn1)c1ccc(F)cc1,2,c1ccc(CC(Cn2cncn2)c2ccccc2)cc1,train,292.325,3.470100000000002,0.9055824596892522,21,44
subcategory_homologation.grow-single_751,Cl.NC(=O)N(CCO)N=Cc1ccc([N+](=O)[O-])o1,0,authentic,authentic,,,c1ccoc1,train,278.65200000000004,0.31650000000000017,0.453904946622883,18,39
subcategory_homologation.grow-single_1084,C#CCOCN1c2ccccc2C(=O)N(CC)S1(=O)=O,1,homologation,grow-single,C#CCOCN1c2ccccc2C(=O)N(Cc2ccccc2)S1(=O)=O,2,O=C1c2ccccc2NS(=O)(=O)N1Cc1ccccc1,train,294.332,0.8208000000000001,0.6089308276450187,20,34
subcategory_homologation.grow-single_1720,COCC(C)Cc1ccc(C(C)C(=O)O)cc1,1,homologation,grow-single,CC(CO)Cc1ccc(C(C)C(=O)O)cc1,2,c1ccccc1,train,236.311,2.699700000000001,0.8256663881946388,17,28
subcategory_homologation.grow-single_1175,COCCOCn1cnc2c(=O)[nH]c(=O)[nH]c21,1,homologation,grow-single,O=c1[nH]c(=O)c2ncn(COCCO)c2[nH]1,5,O=c1[nH]c(=O)c2nc[nH]c2[nH]1,val,240.219,-0.9665999999999999,0.6547609425432088,17,33
subcategory_homologation.grow-single_157,CC1(C)C(=O)N(c2ccc(C#N)c(C(F)(F)F)c2)C(=O)N1CCF,0,authentic,authentic,,,O=C1CNC(=O)N1c1ccccc1,train,343.2800000000001,3.0937800000000015,0.6257186155314894,24,47
subcategory_homologation.grow-single_1547,CCN1C(=O)C(O)C(c2ccc(OC)cc2)Sc2cc(Cl)ccc21,1,homologation,grow-single,C=CCN(C)CCN1C(=O)C(O)C(c2ccc(OC)cc2)Sc2cc(Cl)ccc21,,O=C1CC(c2ccccc2)Sc2ccccc2N1,train,363.86600000000004,3.9094000000000033,0.8977994578060585,24,42
subcategory_homologation.grow-single_761,Cc1cc(-c2c(F)cc3c(=O)c(Cc4ccncc4)cn(C4CC4)c3c2F)cc(C)n1,0,authentic,authentic,,,O=c1c(Cc2ccncc2)cn(C2CC2)c2cc(-c3ccncc3)ccc12,test,417.4590000000002,5.279240000000003,0.4539573534252652,31,55
subcategory_homologation.grow-single_759,CCOC(=O)[C@H](CCc1ccc(F)cc1)N[C@@H](C)C(=O)N1[C@H](OC=O)C[C@@H]2CCC[C@@H]21,0,authentic,authentic,,,O=C(CNCCCc1ccccc1)N1CC[C@@H]2CCC[C@@H]21,train,434.5080000000003,2.5682,0.450109911359373,31,75
subcategory_homologation.grow-single_921,CCCC(=O)N(Cc1ccc(-c2ccccc2-c2nn[nH]n2)cc1)C(C)C(=O)O,1,homologation,grow-single,CCCCCC(=O)N(Cc1ccc(-c2ccccc2-c2nn[nH]n2)cc1)C(C)C(=O)O,,c1ccc(-c2ccccc2-c2nn[nH]n2)cc1,train,393.44700000000006,3.1355000000000004,0.6079820821312839,29,52
subcategory_homologation.grow-single_1390,COC(=O)C12NC(Cc3ccccc31)c1ccccc12,1,homologation,grow-single,O=C(O)C12NC(Cc3ccccc31)c1ccccc12,2,c1ccc2c(c1)CC1NC2c2ccccc21,train,265.31200000000007,2.3036000000000003,0.8040698296033751,20,33
subcategory_homologation.grow-single_314,COc1ccc([C@@H]2Cc3cc(Sc4ccccc4)ccc3N(CCN(C)C)C(=O)[C@@H]2OC(C)=O)cc1,0,authentic,authentic,,,O=C1C[C@H](c2ccccc2)Cc2cc(Sc3ccccc3)ccc2N1,train,504.6520000000003,5.012600000000006,0.4020333482178285,36,68
subcategory_homologation.grow-single_1239,CC[C@H](O)[C@H](O[C@H]([CH]O)c1ccc(Cl)c(Cc2ccc(OCCCC(=O)O)cc2)c1)SC,1,homologation,grow-single,CS[C@H]1O[C@@H](c2ccc(Cl)c(Cc3ccc(OCCCC(=O)O)cc3)c2)[C@H](O)[C@@H](O)[C@@H]1O,0 1 2 3 4 5 6 7 8 10 13,c1ccc(Cc2cccc([C@H]3CCCCO3)c2)cc1,train,482.01800000000026,5.226390000000005,0.25100948948098634,32,67
subcategory_homologation.grow-single_66,Nc1nc(Cl)c2ncn(CCOCP(=O)(O)O)c2n1,0,authentic,authentic,,,c1ncc2nc[nH]c2n1,train,307.63399999999996,0.21369999999999978,0.4049682184984504,19,33
subcategory_homologation.grow-single_1161,CC[C@H](OC(=O)N[C@@H](Cc1ccccc1)[C@H](O)CN(CC(C)C)S(=O)(=O)c1ccc(N)cc1)[C@@H]1CCO[C@@H]1O,1,homologation,grow-single,CC(C)CN(C[C@@H](O)[C@H](Cc1ccccc1)NC(=O)O[C@H]1CO[C@H]2OCC[C@H]21)S(=O)(=O)c1ccc(N)cc1,0 1 2 4 6 7 10 11 12,O=C(N[C@H](CCNS(=O)(=O)c1ccccc1)Cc1ccccc1)O[C@H]1CO[C@H]2OCC[C@H]21,train,563.7170000000003,2.747400000000001,0.2716870864385295,39,89
subcategory_homologation.grow-single_784,CCC1(CC)CCC(CN)(CC(=O)O)C1,0,authentic,authentic,,,C1CCCC1,train,213.32099999999994,2.3965000000000005,0.7367374319295723,15,26
subcategory_homologation.grow-single_741,Cc1nn(-c2ccccc2)c2nc3c(c(N)c12)CCCC3,0,authentic,authentic,,,c1ccc(-n2ncc3cc4c(nc32)CCCC4)cc1,train,278.359,3.1899200000000016,0.7434113930122113,21,36
subcategory_homologation.grow-single_750,CCCCCc1cc(OCCCC(C)(C)C(=O)OC)cc(OCCCC(C)(C)C(=O)OC)c1,0,authentic,authentic,,,c1ccccc1,train,464.6430000000003,6.135700000000007,0.21625018655448142,33,53
subcategory_homologation.grow-single_1321,CCc1nc2c3cc(Cl)ccc3nc(N)n2n1,1,homologation,grow-single,Nc1nc2ccc(Cl)cc2c2nc(C3CCCO3)nn12,1 2,c1ccc2c(c1)ncn1nc(C3CCCO3)nc21,train,247.689,2.0755,0.7148077393100816,17,28
subcategory_homologation.grow-single_483,CN1CCC(NC(=O)C(F)(F)C(F)F)C1=O,0,authentic,authentic,,,O=C1CCCN1,train,242.17199999999994,0.23370000000000007,0.7202816466406904,16,30
subcategory_homologation.grow-single_137,CCC1C(=O)C(C(=O)NCCc2ccc(S(=O)(=O)NC(=O)NC3CCC(C)CC3)cc2)=CC1C,0,authentic,authentic,,,O=C(NC1CCCCC1)NS(=O)(=O)c1ccc(CCNC(=O)C2=CCCC2=O)cc1,train,489.63800000000026,3.0833000000000004,0.4846668445680484,34,62
subcategory_homologation.grow-single_258,COc1ccc(C(O)(c2ccccc2)c2ccncc2)cc1,0,authentic,authentic,,,c1ccc(C(c2ccccc2)c2ccncc2)cc1,train,291.35,3.3744000000000014,0.8010604088944056,22,34
subcategory_homologation.grow-single_71,CC/C(=N/Nc1nncc2ccccc12)c1ccc(F)cc1,0,authentic,authentic,,,C(=NNc1nncc2ccccc12)c1ccccc1,train,294.333,3.9951000000000025,0.584328148961893,22,35
subcategory_homologation.grow-single_897,CCc1cc2c(s1)Nc1cc(F)c(F)cc1N=C2N1CCN(C)CC1,0,authentic,authentic,,,c1ccc2c(c1)N=C(N1CCNCC1)c1ccsc1N2,train,362.4490000000002,3.9714000000000036,0.8327306072050327,25,42
subcategory_homologation.grow-single_1388,CCN(CCN(C)C)C1=Nc2c(F)cc(F)cc2Nc2cscc21,1,homologation,grow-single,CN1CCN(C2=Nc3c(F)cc(F)cc3Nc3cscc32)CC1,0 1 2 4 7 11 17 18,c1ccc2c(c1)N=C(N1CCNCC1)c1cscc1N2,train,350.438,4.045100000000002,0.9026117100788063,24,39
subcategory_homologation.grow-single_1244,CCCNc1ccc(/C=C/c2ccc(Cl)cc2)cc1,1,homologation,grow-single,CC(=O)Nc1ccc(/C=C/c2ccc(Cl)cc2)cc1,3,C(=C\c1ccccc1)/c1ccccc1,train,271.791,5.3323000000000045,0.7246974303468761,19,31
subcategory_homologation.grow-single_292,O=C1[C@@H](NS(=O)(=O)c2cc3ncccc3s2)CCN1CCNc1ccncc1,0,authentic,authentic,,,O=C1[C@@H](NS(=O)(=O)c2cc3ncccc3s2)CCN1CCNc1ccncc1,test,417.51600000000025,1.6825999999999997,0.6061748242060264,28,50
subcategory_homologation.grow-single_63,Cc1ccc(Cl)c(Cl)c1NC1=NCCN1,0,authentic,authentic,,,c1ccc(NC2=NCCN2)cc1,train,244.125,2.6729199999999995,0.7962770262510155,15,26
subcategory_homologation.grow-single_327,CCCCCCCCCCCCCCC1(C(=O)O)CO1,0,authentic,authentic,,,C1CO1,train,284.44,4.931200000000004,0.363214780732798,20,27
subcategory_homologation.grow-single_1391,CNc1nc2ccc(OC)cc2c2nc(-c3ccco3)nn12,1,homologation,grow-single,COc1ccc2nc(N)n3nc(-c4ccco4)nc3c2c1,2,c1coc(-c2nc3c4ccccc4ncn3n2)c1,train,295.302,2.5878000000000005,0.625696480858452,22,35
subcategory_homologation.grow-single_1050,COC(=O)CCCNCC(O)COc1ccccc1C,1,homologation,grow-single,CCOC(=O)CCCNCC(O)COc1ccccc1C,,c1ccccc1,train,281.35200000000003,1.2775199999999995,0.5269829506879713,20,27
subcategory_homologation.grow-single_744,CCCCCC(O)c1cccc(OCc2ccc(C(=O)OC)cc2)c1,0,authentic,authentic,,,c1ccc(COc2ccccc2)cc1,train,342.43500000000006,4.665900000000004,0.5315174442824351,25,38
subcategory_homologation.grow-single_831,CCc1ccc(Cc2cc3c(cc2Cl)O[C@@]2(C3)O[C@H](CO)[C@@H](O)[C@H](O)[C@H]2O)cc1,0,authentic,authentic,,,c1ccc(Cc2ccc3c(c2)C[C@]2(CCCCO2)O3)cc1,train,420.88900000000007,1.5981999999999992,0.5993150479080079,29,71
subcategory_homologation.grow-single_1305,CCCCC/C(=C\Cn1oc(=O)[nH]c1=O)c1cccc(OCc2cc(Cl)cc(Cl)c2)c1,1,homologation,grow-single,CCCC/C(=C\Cn1oc(=O)[nH]c1=O)c1cccc(OCc2cc(Cl)cc(Cl)c2)c1,3,O=c1[nH]c(=O)n(CC=Cc2cccc(OCc3ccccc3)c2)o1,train,463.3610000000002,5.679300000000005,0.39274123953937656,31,57
subcategory_homologation.grow-single_1374,CCCCCCCCCC(=O)c1c(O)cc(CCCCC)oc1=O,1,homologation,grow-single,CCCCCCCCCC(=O)c1c(O)cc(CCCCCCCCC)oc1=O,,O=c1cccco1,train,336.47200000000015,5.401500000000006,0.3865778255261014,24,34
subcategory_homologation.grow-single_153,COc1cc(C(=O)/C(C)=C/c2ccc3c(c2)OCO3)cc(OC)c1OC,0,authentic,authentic,,,O=C(/C=C/c1ccc2c(c1)OCO2)c1ccccc1,test,356.37400000000014,3.727300000000003,0.5805068778839659,26,46
subcategory_homologation.grow-single_117,CN1CCN(C2=Nc3c(F)cc(F)cc3Nc3sc4ccccc4c32)CC1,0,authentic,authentic,,,c1ccc2c(c1)N=C(N1CCNCC1)c1c(sc3ccccc13)N2,train,384.45500000000015,4.562200000000003,0.6163511646241878,27,44
subcategory_homologation.grow-single_1309,CNn1cc(C(=O)OC)c(=O)c2cc(F)c(N3CCCC(O)C3)cc21,1,homologation,grow-single,CNn1cc(C(=O)O)c(=O)c2cc(F)c(N3CCCC(O)C3)cc21,2,O=c1cc[nH]c2cc(N3CCCCC3)ccc12,train,349.3620000000001,1.0615999999999994,0.8065427244104191,25,45
subcategory_homologation.grow-single_562,CCOC(=O)C1=C(COCCn2c(N)c[nH]c2=O)NC(C)=C(C(=O)OC)C1c1ccccc1Cl,0,authentic,authentic,,,O=c1[nH]ccn1CCOCC1=CC(c2ccccc2)C=CN1,val,490.9440000000002,2.0798000000000005,0.358579058629598,34,61
subcategory_homologation.grow-single_890,Nc1ncnc2c1ncn2C1CC(O)C2OP(=O)(O)OCC2O1,0,authentic,authentic,,,O=[PH]1OCC2OC(n3cnc4cncnc43)CCC2O1,test,343.2360000000001,-0.42730000000000046,0.5808586274144445,23,38
subcategory_homologation.grow-single_1668,Cc1ccccc1C[C@H]([NH3+])C(=O)NCC(=O)[O-],1,homologation,grow-single,[NH3+][C@@H](Cc1ccccc1)C(=O)NCC(=O)[O-],7,c1ccccc1,train,236.27099999999996,-1.9858799999999974,0.6193202115110168,17,39
subcategory_homologation.grow-single_1667,CCc1c(C)c(COC)c(C=O)c(O)c1C/C=C(\C)COCP(=O)(O)O,1,homologation,grow-single,CCc1c(C)c2c(c(O)c1C/C=C(\C)COCP(=O)(O)O)C(=O)OC2,0 1 2 9 13,O=C1OCc2ccccc21,train,386.3810000000001,2.8625200000000017,0.3218452355305528,26,47
subcategory_homologation.grow-single_1488,COC(Cn1ccnc1)(C(=O)c1ccc(Cl)cc1Cl)c1ccc(Cl)cc1,1,homologation,grow-single,O=C(c1ccc(Cl)cc1Cl)C(O)(Cn1ccnc1)c1ccc(Cl)cc1,2,O=C(c1ccccc1)C(Cn1ccnc1)c1ccccc1,train,409.70000000000005,5.268100000000004,0.521048879527814,26,46
subcategory_homologation.grow-single_86,CC(C)NCC(O)COCc1ccccc1,0,authentic,authentic,,,c1ccccc1,train,223.316,1.5620999999999994,0.736866063152658,16,22
subcategory_homologation.grow-single_915,CCCCCCOC(=O)Cc1ccccc1,0,authentic,authentic,,,c1ccccc1,train,220.312,3.3526000000000025,0.5200366388566927,16,21
subcategory_homologation.grow-single_719,COc1ccc(-c2ccc3c(c2)CC[C@H](CN(C)C)[C@@]3(O)c2cccc(O)c2)cc1,0,authentic,authentic,,,c1ccc(-c2ccc3c(c2)CCCC3c2ccccc2)cc1,train,403.52200000000005,4.427700000000005,0.6618573962098898,30,59
subcategory_homologation.grow-single_1801,CCC1=NC2(CCCC2)C(=O)N1Cc1ccc(-c2ccccc2-c2nnn[n-]2)cc1,1,homologation,grow-single,CCCCC1=NC2(CCCC2)C(=O)N1Cc1ccc(-c2ccccc2-c2nnn[n-]2)cc1,,O=C1N(Cc2ccc(-c3ccccc3-c3nnn[n-]3)cc2)C=NC12CCCC2,test,399.47800000000007,3.6263000000000023,0.6539857583420683,30,53
subcategory_homologation.grow-single_1412,CCCCCNc1c(F)cc2c(=O)c(C(=O)O)cn(C3CC3)c2c1F,1,homologation,grow-single,CCNCC1CCN(c2c(F)cc3c(=O)c(C(=O)O)cn(C4CC4)c3c2F)C1,0 1 2 3 4 5,O=c1ccn(C2CC2)c2cc(N3CCCC3)ccc12,train,350.3650000000001,3.914900000000002,0.7427742024689018,25,43
subcategory_homologation.grow-single_341,CCCCC(=O)N(Cc1ccc(-c2ccccc2-c2nnn(C)n2)cc1)[C@H](C(=O)OC)C(C)C,0,authentic,authentic,,,c1ccc(-c2ccccc2-c2nn[nH]n2)cc1,train,463.5820000000002,4.260500000000003,0.4174297514770692,34,62
subcategory_homologation.grow-single_872,CCCc1nc(C(C)O)c(C(=O)O)n1Cc1ccc(-c2ccccc2-c2nn[nH]n2)cc1,0,authentic,authentic,,,c1ccc(-c2nn[nH]n2)c(-c2ccc(Cn3ccnc3)cc2)c1,train,432.4840000000001,3.4825000000000017,0.38849883127169843,32,56
subcategory_homologation.grow-single_1469,CCC(NC(C)=O)C(=O)NC1CC1c1ccccc1,1,homologation,grow-single,O=C1CCC(C(=O)NC2CC2c2ccccc2)N1,0 1 2 4 7 9 10,O=C1CCC(C(=O)NC2CC2c2ccccc2)N1,val,260.337,1.5734,0.8440482963032157,19,31
subcategory_homologation.grow-single_1234,CCOc1ccc(NC(=O)C(CN(C)C)NC)cc1OCC,1,homologation,grow-single,CCOc1ccc(NC(=O)C(CN(C)C)N(C)C)cc1OCC,,c1ccccc1,train,309.4100000000001,1.5721,0.7248921767268003,22,33
subcategory_homologation.grow-single_913,C[C@@H](O)[C@H]1C(=O)N2C(C(=O)O)=C(S[C@@H]3CN[C@H](C(=O)N4C[C@H](OC(N)=O)[C@@H](OC(N)=O)C4)C3)[C@H](C)[C@H]12,0,authentic,authentic,,,O=C([C@@H]1C[C@H](SC2=CN3C(=O)C[C@H]3C2)CN1)N1CCCC1,train,527.5560000000004,-1.6261999999999963,0.2369740468407516,36,109
subcategory_homologation.grow-single_627,Cc1ccnc(NS(=O)(=O)c2ccc(N)cc2)n1,0,authentic,authentic,,,O=S(=O)(Nc1ncccn1)c1ccccc1,val,264.31,1.16802,0.8107373568997642,18,32
subcategory_homologation.grow-single_1838,CCC(C)NCC(O)COc1ccc(C)c2c1CCC2,1,homologation,grow-single,Cc1ccc(OCC(O)CNC(C)C)c2c1CCC2,2,c1ccc2c(c1)CCC2,train,277.408,2.6115200000000005,0.8047672042522486,20,30
subcategory_homologation.grow-single_1353,CCCC(O)c1cccc(OCc2ccccc2C(=O)OC)c1,1,homologation,grow-single,CCCCC(O)c1cccc(OCc2ccccc2C(=O)OC)c1,,c1ccc(COc2ccccc2)cc1,train,314.38100000000003,3.8857000000000026,0.7878756687513481,23,34
subcategory_homologation.grow-single_671,COc1ccc(CCNCC(O)COC(=O)c2ccc(C)cc2)cc1OC,0,authentic,authentic,,,O=C(OCCCNCCc1ccccc1)c1ccccc1,train,373.4490000000001,2.3622200000000007,0.4918245036880103,27,40
subcategory_homologation.grow-single_163,COc1cccc(CC2CCN(CCc3ccccc3)CC2)c1,0,authentic,authentic,,,c1ccc(CCN2CCC(Cc3ccccc3)CC2)cc1,val,309.45300000000003,4.192400000000004,0.793014356132618,23,33
subcategory_homologation.grow-single_1761,COC(=O)C(C)c1ccc2c(c1)C(=O)Cc1ccccc1O2,1,homologation,grow-single,CC(C(=O)O)c1ccc2c(c1)C(=O)Cc1ccccc1O2,2,O=C1Cc2ccccc2Oc2ccccc21,train,296.322,3.494200000000002,0.7959623712388122,22,38
subcategory_homologation.grow-single_657,C/C(=C(/c1ccccc1)c1ccc(OCC(O)CNC2CCCCC2)cc1)c1ccccc1,0,authentic,authentic,,,C(=C(c1ccccc1)c1ccc(OCCCNC2CCCCC2)cc1)c1ccccc1,train,441.61500000000024,6.3276000000000066,0.3814492712290115,33,52
subcategory_homologation.grow-single_601,NS(=O)(=O)c1cc2c(cc1Cl)NC([C@@H]1C[C@H]3C=C[C@@H]1C3)NS2(=O)=O,0,authentic,authentic,,,O=S1(=O)NC([C@@H]2C[C@H]3C=C[C@@H]2C3)Nc2ccccc21,val,389.8860000000001,1.2295000000000003,0.6571692284800612,24,62
subcategory_homologation.grow-single_1117,CCOC(=O)[C@@H](c1ccccc1Br)[C@@H]1CCCCN1,1,homologation,grow-single,COC(=O)[C@@H](c1ccccc1Br)[C@@H]1CCCCN1.Cl,3,c1ccc(C[C@@H]2CCCCN2)cc1,train,326.23400000000015,3.2379000000000016,0.8635164856683571,19,39
subcategory_homologation.grow-single_369,CCC(C)C(N)C(=O)NC(Cc1ccccc1)C(=O)O,0,authentic,authentic,,,c1ccccc1,train,278.35200000000003,1.1718999999999995,0.697819413364854,20,34
subcategory_homologation.grow-single_1233,CCCCC(CC)CCCC(=O)NCCc1c[nH]cn1,1,homologation,grow-single,O=C(CCCC1CCCCC1)NCCc1c[nH]cn1,0 1 2 4 6 8 10,O=C(CCCC1CCCCC1)NCCc1c[nH]cn1,train,279.428,3.4551000000000016,0.6515085434198853,20,30
subcategory_homologation.grow-single_881,C/C(=C\C(C)n1oc(=O)[nH]c1=O)c1cccc(OCc2nc(-c3ccc(C(F)(F)F)cc3)oc2C)c1,0,authentic,authentic,,,O=c1[nH]c(=O)n(CC=Cc2cccc(OCc3coc(-c4ccccc4)n3)c2)o1,train,501.46100000000024,5.355320000000004,0.3659928659065409,36,69
subcategory_homologation.grow-single_161,COc1cccc([C@]2(O)CCCC[C@H]2CN(C)C)c1.Cl,0,authentic,authentic,,,c1ccc(C2CCCCC2)cc1,train,299.8419999999999,3.0564000000000022,0.9273421669093302,20,39
subcategory_homologation.grow-single_869,CCCCC(=O)N(Cc1ccc(-c2ccccc2-c2nn[nH]n2)cc1)[C@@](C=O)(C(=O)O)C(C)C,0,authentic,authentic,,,c1ccc(-c2ccccc2-c2nn[nH]n2)cc1,train,463.5380000000002,3.7308000000000012,0.32731129988168867,34,66
subcategory_homologation.grow-single_1700,CCNC(=O)[C@@H]1CCCN1C(=O)[C@@H](N)CC,1,homologation,grow-single,CCCNC(=O)[C@@H]1CCCN1C(=O)[C@@H](N)CC,,C1CCNC1,train,227.30799999999996,-0.14919999999999867,0.7011029984768304,16,36
subcategory_homologation.grow-single_169,CCCN(CCC)CC1(N(CCC)CCC)COc2cccc(OC)c2C1,0,authentic,authentic,,,c1ccc2c(c1)CCCO2,test,376.5850000000001,4.612900000000004,0.5316312996270746,27,39
subcategory_homologation.grow-single_546,Cc1cccc(NC(=O)CN2CCC(c3ccccc3)CC2)c1,0,authentic,authentic,,,O=C(CN1CCC(c2ccccc2)CC1)Nc1ccccc1,train,308.42500000000007,3.813120000000003,0.9311822551444261,23,36
subcategory_homologation.grow-single_1063,CCCOCCNCC1CCc2[nH]c(C)c(CC)c2C1=O,1,homologation,grow-single,CCc1c(C)[nH]c2c1C(=O)C(CN1CCOCC1)CC2,0 1 2 3 4 5 6,O=C1c2cc[nH]c2CCC1CN1CCOCC1,test,292.423,2.646820000000001,0.7242838309857648,21,33
subcategory_homologation.grow-single_752,COc1cccc2c1C(CCCN1CCN(c3ccccn3)CC1)=CCC2,0,authentic,authentic,,,C1=C(CCCN2CCN(c3ccccn3)CC2)c2ccccc2CC1,train,363.5050000000001,4.022200000000003,0.7749317315994738,27,40
subcategory_homologation.grow-single_1018,CCC(O)(C(=O)CCl)C1(C)CC(O)C2(F)C(CCC3=CC(=O)C=CC32C)C1C,1,homologation,grow-single,CC1CC2C3CCC4=CC(=O)C=CC4(C)C3(F)C(O)CC2(C)C1(O)C(=O)CCl,1 2 4 5 7 9 10 14,O=C1C=CC2C(=C1)CCC1C3CCCC3CCC21,train,412.9290000000002,3.532300000000002,0.6924679994478347,28,55
subcategory_homologation.grow-single_1417,CNCCC(C)n1ccnc1,1,homologation,grow-single,CC(CCNC(=O)c1ccc(Cl)s1)n1ccnc1,,O=C(NCCCn1ccnc1)c1cccs1,train,153.22899999999998,1.0535999999999999,0.700454611278158,11,15
subcategory_homologation.grow-single_1016,CCCC(CCC)Sc1cncc2sc(C(N)=O)cc12,1,homologation,grow-single,NC(=O)c1cc2c(SC3CCCCC3)cncc2s1,0 1 2 3 5 7 10,c1cc2c(SC3CCCCC3)cncc2s1,train,308.4720000000001,4.456100000000003,0.7684484888727754,20,31
subcategory_homologation.grow-single_382,Clc1ccc2c(c1)NCCC1=C2N=C(c2ccccc2)N2CCN=C12,0,authentic,authentic,,,c1ccc(C2=NC3=C(CCNc4ccccc43)C3=NCCN32)cc1,test,348.8370000000001,4.0412000000000035,0.8444264217543402,25,43
subcategory_homologation.grow-single_694,COC(=O)[C@@H]1[C@H]2CC[C@H](C[C@H]1c1ccc(C)cc1)N2,0,authentic,authentic,,,c1ccc(C2C[C@H]3CC[C@H](C2)N3)cc1,train,259.349,2.3921199999999994,0.828799092584752,19,49
subcategory_homologation.grow-single_791,CN(C)CCCOc1ccc2[nH]c(C(=O)c3cc4ccccc4[nH]3)cc2c1,0,authentic,authentic,,,O=C(c1cc2ccccc2[nH]1)c1cc2ccccc2[nH]1,test,361.44500000000005,4.210700000000003,0.38282702988853723,27,48
subcategory_homologation.grow-single_900,CC(C)(C)C(=O)Oc1coc(CO)cc1=O,0,authentic,authentic,,,O=c1ccocc1,test,226.22799999999995,1.0836,0.7634751514401632,16,28
subcategory_homologation.grow-single_1522,CCCCC(C#N)(CCCN(CCc1ccc(OC)c(OC)c1)Cc1ccccc1)c1ccc(OC)c(OC)c1,1,homologation,grow-single,COc1ccc(CCN(CCCC(C#N)(c2ccc(OC)c(OC)c2)C(C)C)Cc2ccccc2)cc1OC,3 4,c1ccc(CCCCN(CCc2ccccc2)Cc2ccccc2)cc1,train,544.7360000000002,7.197680000000008,0.1790973295049701,40,61
subcategory_homologation.grow-single_819,O=C(c1ccc(F)cc1)C(O)(Cn1cnnc1)c1ccc(Cl)cc1Cl,0,authentic,authentic,,,O=C(c1ccccc1)C(Cn1cnnc1)c1ccccc1,train,380.20600000000013,3.4947000000000017,0.688451015761588,25,44
subcategory_homologation.grow-single_894,CCOC(=O)C1=C(COCCN)NC(CF)=C(C(=O)OC)C1c1cccc(C(F)(F)F)c1Cl,0,authentic,authentic,,,C1=CC(c2ccccc2)C=CN1,train,494.86900000000014,3.234700000000002,0.3087002081984813,33,58
subcategory_homologation.grow-single_1785,CCOCc1cc(OC)c2c(c1C)O[C@@]1(C)C[C@@H](O)[C@@H](C(C)(C)O)[C@@](C)(CCC(=O)O)[C@H]1C2,1,homologation,grow-single,COc1c2c(c(C)c3c1C(=O)OC3)O[C@@]1(C)C[C@@H](O)[C@@H](C(C)(C)O)[C@@](C)(CCC(=O)O)[C@H]1C2,0 1 2 3,O=C1OCc2cc3c(cc21)C[C@@H]1CCCCC1O3,train,464.5990000000003,3.872720000000003,0.5362081593873134,33,82
subcategory_homologation.grow-single_254,CC(C)=CC(C)N(Nc1nncc2ccccc12)C(C)C=C(C)C,0,authentic,authentic,,,c1ccc2cnncc2c1,train,324.4720000000001,4.968100000000004,0.6015749323776225,24,40
subcategory_homologation.grow-single_559,N#Cc1ccccc1C1C(CCC(O)c2ccc(F)cc2)C(=O)N1c1ccc(F)cc1,0,authentic,authentic,,,O=C1C(CCCc2ccccc2)C(c2ccccc2)N1c1ccccc1,train,418.44300000000004,5.0543800000000045,0.5696959285477857,31,51
subcategory_homologation.grow-single_679,CC(C)(CCCOc1ccc(OCCCC(C)(C)C(=O)O)c(C(O)c2ccccc2)c1)C(=O)O,0,authentic,authentic,,,c1ccc(Cc2ccccc2)cc1,train,472.57800000000015,5.307900000000005,0.3194304562681882,34,58
subcategory_homologation.grow-single_1342,CCCN(CC[N+](C)/N=C(\[O-])c1cccc(F)c1)C1=Nc2cc(Cl)ccc2Nc2ccccc21,1,homologation,grow-single,C[N+]1(/N=C(\[O-])c2cccc(F)c2)CCN(C2=Nc3cc(Cl)ccc3Nc3ccccc32)CC1,0 1 2 3 4 6 9 13 14 20 24 25 28 29 30 31 32 33,C(=N[NH+]1CCN(C2=Nc3ccccc3Nc3ccccc32)CC1)c1ccccc1,train,478.9790000000001,4.818400000000004,0.22897713616717644,34,63
subcategory_homologation.grow-single_1690,COc1ccccc1OC[C@@H](O)CNCC(C)C,1,homologation,grow-single,COc1ccccc1OC[C@@H](O)CNC(C)C,3 4,c1ccccc1,train,253.34199999999996,1.6805,0.7398757541227913,18,29
subcategory_homologation.grow-single_1770,C=CCOc1ccccc1OC,1,homologation,grow-single,C=CCOc1ccccc1OCC(O)CNC(C)C,,c1ccccc1,train,164.20399999999995,2.2600000000000007,0.6353308534097881,12,15
subcategory_homologation.grow-single_585,CC[C@@H](NC(=O)c1cc(-c2ccccc2)nc2ccccc12)c1ccccc1,0,authentic,authentic,,,O=C(NCc1ccccc1)c1cc(-c2ccccc2)nc2ccccc12,train,366.4640000000001,5.782900000000005,0.48612167415385926,28,49
subcategory_homologation.grow-single_391,CO[C@@H]1O[C@@H](c2ccc(Cl)c(Cc3ccc4c(c3)OCCO4)c2)[C@H](O)[C@@H](O)[C@@H]1O,0,authentic,authentic,,,c1cc(Cc2ccc3c(c2)OCCO3)cc([C@H]2CCCCO2)c1,train,422.8610000000001,1.8284999999999996,0.6910827140622569,29,74
subcategory_homologation.grow-single_1324,C=C(C)[C@@H]1CC[C@]2(C(=O)O)CC[C@]3(C)[C@H](CC[C@@H]4[C@@](C)(CC)[C@H](C(C)(C)[C@H](C)OC(=O)CC(C)(C)C(=O)O)CC[C@]43C)[C@@H]12,1,homologation,grow-single,C=C(C)[C@@H]1CC[C@]2(C(=O)O)CC[C@]3(C)[C@H](CC[C@@H]4[C@@]5(C)CC[C@H](OC(=O)CC(C)(C)C(=O)O)C(C)(C)[C@@H]5CC[C@]43C)[C@@H]12,2 8 14 15 16 20 21 24 27 28 33 38 39 40 41 42,C1CC[C@@H]2CCC3C4CCC5CCC[C@@H]5[C@H]4CC[C@@H]3C2C1,train,600.8810000000002,8.777400000000005,0.20261583314728934,43,125
subcategory_homologation.grow-single_1542,CCCCC1(CNC(=O)CN[C@@H](CCc2ccccc2)C(=O)OCC)SCCS1,1,homologation,grow-single,CCOC(=O)[C@H](CCc1ccccc1)NCC(=O)N1CC2(C[C@H]1C(=O)O)SCCS2,0 1 2 3 4 5 6 7 8 9 10,O=C(CNCCCc1ccccc1)N1CCC2(C1)SCCS2,train,438.6590000000002,3.6232000000000024,0.458636316432167,29,48
subcategory_homologation.grow-single_74,OC(c1ccccc1Cl)C(O)(Cn1cncn1)c1ccccc1Cl,0,authentic,authentic,,,c1ccc(CC(Cn2cncn2)c2ccccc2)cc1,train,364.2320000000001,3.2063000000000015,0.7294721264427955,24,38
subcategory_homologation.grow-single_518,CNC(=S)NS(=O)(=O)c1cc(CCNC(=O)c2cc(Cl)ccc2OC)ccc1OC(F)(F)F,0,authentic,authentic,,,O=C(NCCc1ccccc1)c1ccccc1,train,525.9580000000002,3.0023000000000017,0.45494726971861016,33,58
subcategory_homologation.grow-single_969,CCCN(CCNC)C1=Nc2cc(F)ccc2N(Cc2ccccc2)c2sc(C)cc21,1,homologation,grow-single,Cc1cc2c(s1)N(Cc1ccccc1)c1ccc(F)cc1N=C2N1CCN(C)CC1,0 1 2 3 5 8 12 18,c1ccc(CN2c3ccccc3N=C(N3CCNCC3)c3ccsc32)cc1,val,436.6000000000002,5.857020000000006,0.5034492515738668,31,48
subcategory_homologation.grow-single_1112,COCCCCCc1cc(C)no1,1,homologation,grow-single,Cc1cc(CCCCCOc2ccc(C3=NCCO3)cc2)on1,2,c1cc(CCCCCOc2ccc(C3=NCCO3)cc2)on1,train,183.251,2.34222,0.634854759548055,13,17
subcategory_homologation.grow-single_815,CN(C)c1ncnc2c1ncn2C1Cc2ccccc2C1,0,authentic,authentic,,,c1ccc2c(c1)CC(n1cnc3cncnc31)C2,test,279.34700000000004,2.2321999999999997,0.7214838783543083,21,31
subcategory_homologation.grow-single_1676,CCOc1cc(Sc2ccc(NC3=NCCN3)cc2)ccc1OC,1,homologation,grow-single,c1cc(Sc2ccc3c(c2)OCCO3)ccc1NC1=NCCN1,1 2 7 9 11,c1cc(Sc2ccc3c(c2)OCCO3)ccc1NC1=NCCN1,train,343.45200000000006,3.616200000000002,0.8389735400695268,24,35
subcategory_homologation.grow-single_635,C[N+]1(C)CCOC(O)(c2ccccc2)C1,0,authentic,authentic,,,c1ccc(C2C[NH2+]CCO2)cc1,train,208.281,0.9382999999999999,0.6959407274969533,15,28
subcategory_homologation.grow-single_646,COc1ccc(-c2c(C)cccc2OCc2ccccn2)cc1,0,authentic,authentic,,,c1ccc(-c2ccccc2OCc2ccccn2)cc1,train,305.377,4.644620000000003,0.6876089494299571,23,34
subcategory_homologation.grow-single_85,CN(C)c1ncnc2c1ncn2Cc1cccc(OC(=O)C(C)(C)C)c1,0,authentic,authentic,,,c1ccc(Cn2cnc3cncnc32)cc1,train,353.4260000000001,2.892100000000001,0.5303618843761065,26,43
subcategory_homologation.grow-single_1771,CCc1ccc(Cl)c(C(F)(F)F)c1,1,homologation,grow-single,CCNCc1ccc(Cl)c(C(F)(F)F)c1.Cl,2,c1ccccc1,train,208.60999999999996,3.9212000000000016,0.6562867039457027,13,24
subcategory_homologation.grow-single_1647,CO[N+](=O)c1oc2ccc3ccccc3c2c1-c1ccccc1,1,homologation,grow-single,O=[N+]([O-])c1oc2ccc3ccccc3c2c1-c1ccccc1,2,c1ccc(-c2coc3ccc4ccccc4c23)cc1,val,304.325,5.224800000000004,0.4869456015697772,23,38
subcategory_homologation.grow-single_412,CCCN1C(=O)NC(c2ccccc2)(c2ccccc2)C1=O,0,authentic,authentic,,,O=C1NC(=O)C(c2ccccc2)(c2ccccc2)N1,test,294.35400000000004,2.8920000000000012,0.8814850707146376,22,36
subcategory_homologation.grow-single_600,Fc1ccc2c(c1)NC(=N[C@H]1CCNC1)c1cc(Cl)ccc1N2CC(F)F,0,authentic,authentic,,,c1ccc2c(c1)NC(=N[C@H]1CCNC1)c1ccccc1N2,val,394.82800000000003,4.416300000000003,0.8093404826553121,27,49
subcategory_homologation.grow-single_75,CCn1cc(C(=O)O)c(=O)c2cc(F)c(N3CCN(C)CC3)cc21,0,authentic,authentic,,,O=c1cc[nH]c2cc(N3CCNCC3)ccc12,train,333.36300000000006,1.6105000000000003,0.9243839877881742,24,44
subcategory_homologation.grow-single_937,COC(=O)C(CCc1ccc(F)cc1)N[C@@H](C)C(=O)N1[C@H](C(=O)O)C[C@@H]2CCCC[C@@H]21,1,homologation,grow-single,CCOC(=O)C(CCc1ccc(F)cc1)N[C@@H](C)C(=O)N1[C@H](C(=O)O)C[C@@H]2CCCC[C@@H]21,,O=C(CNCCCc1ccccc1)N1CC[C@@H]2CCCC[C@@H]21,train,434.5080000000003,2.5222999999999995,0.6107163486522975,31,73
subcategory_homologation.grow-single_1695,CCCCC(=O)Nc1ccc(-c2cn3cccnc3n2)cc1,1,homologation,grow-single,CCCC(=O)Nc1ccc(-c2cn3cccnc3n2)cc1,3,c1ccc(-c2cn3cccnc3n2)cc1,val,294.358,3.5250000000000012,0.7828498502209779,22,34
subcategory_homologation.grow-single_1466,CCCCCN(C)C(=O)Cc1c(-c2ccccc2)nc2c(Cl)cc(Cl)cn12,1,homologation,grow-single,CCCCN(C)C(=O)Cc1c(-c2ccccc2)nc2c(Cl)cc(Cl)cn12,5,c1ccc(-c2cn3ccccc3n2)cc1,train,404.34100000000007,5.4992000000000045,0.48796050191980533,27,47
subcategory_homologation.grow-single_129,COc1ccc([C@@H]2CC(=O)N(CC(=O)Nc3ccc(F)cc3F)c3ccccc3S2)cc1,0,authentic,authentic,,,O=C(CN1C(=O)C[C@@H](c2ccccc2)Sc2ccccc21)Nc1ccccc1,test,454.4980000000001,5.1822000000000035,0.5770943050264161,32,57
subcategory_homologation.grow-single_276,COc1ccc(C2Sc3ccc(Cl)cc3N(CCN(C)C)C(=O)C2O)cc1,0,authentic,authentic,,,O=C1CC(c2ccccc2)Sc2ccccc2N1,train,406.9350000000002,3.451100000000002,0.8237097898817344,27,45
subcategory_homologation.grow-single_373,CN1CCN(C2=Nc3cc(F)ccc3Nc3sc(-c4ccccc4)cc32)CC1.Cl.Cl,0,authentic,authentic,,,c1ccc(-c2cc3c(s2)Nc2ccccc2N=C3N2CCNCC2)cc1,val,465.4250000000001,5.780500000000005,0.4944184922249749,30,52
subcategory_homologation.grow-single_1293,COC(Cn1cncn1)(c1ccc(F)cc1)c1ccccc1F,1,homologation,grow-single,OC(Cn1cncn1)(c1ccc(F)cc1)c1ccccc1F,2,c1ccc(C(Cn2cncn2)c2ccccc2)cc1,train,315.32300000000004,3.1465000000000023,0.7259923622425332,23,35
subcategory_homologation.grow-single_980,CNC(=O)CN1C(=O)CN=C(c2ccccc2)c2cc([N+](=O)OC)ccc21,1,homologation,grow-single,CNC(=O)CN1C(=O)CN=C(c2ccccc2)c2cc([N+](=O)[O-])ccc21,2,O=C1CN=C(c2ccccc2)c2ccccc2N1,train,367.38500000000016,1.5883999999999996,0.8126958075307031,27,50
subcategory_homologation.grow-single_1424,COCCOC(CCOC)OC1CCC2(C)C(C1)CC1OC3CC(C4=CC(=O)CO4)C4(C)C(O)C(=O)C2C1C34O,1,homologation,grow-single,COC1CC(OC2CCC3(C)C(C2)CC2OC4CC(C5=CC(=O)CO5)C5(C)C(O)C(=O)C3C2C45O)OC(C)C1O,0 1 2 3 4 5 6 8 10 13,O=C1C=C(C2CC3OC4CC5CC(OC6CCCCO6)CCC5C5C(=O)CC2C3C45)OC1,train,564.6720000000005,1.7912000000000008,0.2992260175403085,40,71
subcategory_homologation.grow-single_951,C=Cc1ccc(-c2ccc([C@@H]3[C@@H](CCCC)C(=O)N3c3ccc(F)cc3)cc2)cc1,1,homologation,grow-single,C=Cc1ccc(-c2ccc([C@@H]3[C@@H](CC[C@H](O)c4ccc(F)cc4)C(=O)N3c3ccc(F)cc3)cc2)cc1,2,O=C1[C@H](CCCc2ccccc2)[C@@H](c2ccc(-c3ccccc3)cc2)N1c1ccccc1,train,399.509,7.030000000000006,0.3905781207987738,30,61
subcategory_homologation.grow-single_1402,Cc1ccccc1N(O)/C=C\C(=O)c1ccc(F)cc1,1,homologation,grow-single,O=C(/C=C\N(O)c1ccccc1)c1ccc(F)cc1,7,O=C(/C=C\Nc1ccccc1)c1ccccc1,train,271.291,3.726320000000002,0.523086684049311,20,34
subcategory_homologation.grow-single_1595,CCCCOc1cc2ncnc(Nc3cccc4c3ccn4C)c2cc1OC,1,homologation,grow-single,COc1cc2c(Nc3cccc4c3ccn4C)ncnc2cc1OCCCN1CCOCC1,3,c1cc(Nc2ncnc3cc(OCCCN4CCOCC4)ccc23)c2cc[nH]c2c1,train,376.46000000000015,5.052600000000004,0.4572797528155861,28,38
subcategory_homologation.grow-single_358,CCCCCCCCCCCCCCCCCCOC(=O)c1ccccc1O,0,authentic,authentic,,,c1ccccc1,train,390.608,7.810500000000008,0.20524292313746165,28,33
subcategory_homologation.grow-single_1316,CCCc1nc(-n2cccc2C(=O)O)c(C(=O)O)n1Cc1ccc(-c2ccccc2C)cc1,1,homologation,grow-single,CCCc1nc(-n2cccc2C(=O)O)c(C(=O)O)n1Cc1ccc(-c2ccccc2-c2nn[nH]n2)cc1,7,c1ccc(-c2nn[nH]n2)c(-c2ccc(Cn3cnc(-n4cccc4)c3)cc2)c1,train,443.50300000000016,5.046420000000004,0.3973140109605927,33,55
subcategory_homologation.grow-single_693,C/C=C/c1ccc(C2CC3CCC(N3)C2C(=O)OC)cc1,0,authentic,authentic,,,c1ccc(C2CC3CCC(C2)N3)cc1,train,285.387,3.1168000000000013,0.8672178866748285,21,37
subcategory_homologation.grow-single_1118,CCCN=C(N)Nc1ccc(Sc2ccc(OC)cc2)cc1,1,homologation,grow-single,CC/N=C(\N)Nc1ccc(Sc2ccc(OC)cc2)cc1,3,c1ccc(Sc2ccccc2)cc1,test,315.442,3.9830000000000023,0.6250325135116542,22,33
subcategory_homologation.grow-single_721,COc1cc(-c2ccc(N3CC(CNC(C)=O)OC3=O)cc2)cccc1=O,0,authentic,authentic,,,O=C1OCCN1c1ccc(-c2cccc(=O)cc2)cc1,test,368.38900000000007,2.1837,0.8744175197824996,27,45
subcategory_homologation.grow-single_90,Cc1cc2nc3ccc(O)cc3nc2cc1N,0,authentic,authentic,,,c1ccc2nc3ccccc3nc2c1,train,225.251,2.37922,0.4548427176140029,17,25
subcategory_homologation.grow-single_273,CC(=O)c1ccc(-n2ncc(=O)[nH]c2=O)cc1Cl,0,authentic,authentic,,,O=c1cnn(-c2ccccc2)c(=O)[nH]1,test,265.656,0.7767999999999999,0.8132508339383868,18,36
subcategory_homologation.grow-single_680,CCN(CC)C(=O)N1CCN(CC(=O)NN=Cc2ccc([N+](=O)[O-])o2)CC1,0,authentic,authentic,,,O=C(CN1CCNCC1)NN=Cc1ccco1,train,380.40500000000014,0.7173000000000014,0.4220650100022788,27,53
subcategory_homologation.grow-single_1549,CCOc1ccc(-c2nc3c(=O)n(C)c(=O)n(C)c3[nH]2)cc1,1,homologation,grow-single,CCCCOc1ccc(-c2nc3c(=O)n(C)c(=O)n(C)c3[nH]2)cc1,,O=c1[nH]c(=O)c2nc(-c3ccccc3)[nH]c2[nH]1,train,300.318,1.0259999999999996,0.7828733522213344,22,44
subcategory_homologation.grow-single_1505,CCCCc1nc2ccn(C(=O)OC)c(=O)c2n1Cc1ccc(-c2ccccc2-c2nn[nH]n2)cc1,1,homologation,grow-single,CCCCc1nc2ccn(C(=O)O)c(=O)c2n1Cc1ccc(-c2ccccc2-c2nn[nH]n2)cc1,4,O=c1[nH]ccc2ncn(Cc3ccc(-c4ccccc4-c4nn[nH]n4)cc3)c12,train,483.53200000000015,4.050500000000002,0.370652052633474,36,61
subcategory_homologation.grow-single_1191,CCC[C@@H](CN)SC1=C(C(=O)O)N2C(=O)[C@H]([C@@H](C)O)[C@H]2[C@H]1C,1,homologation,grow-single,C[C@@H](O)[C@H]1C(=O)N2C(C(=O)O)=C(S[C@@H]3CN[C@H](C(=O)N(C)C)C3)[C@H](C)[C@H]12.O.O.O,0 1 2 3 5 7,O=C1C[C@H]2CC(S[C@H]3CCNC3)=CN12,train,328.4340000000001,1.0007000000000001,0.6024327458313363,22,63
subcategory_homologation.grow-single_1580,CCCc1nc(CC)c(C=O)n1Cc1ccccc1C,1,homologation,grow-single,CCCc1nc(CC)c(C=O)n1Cc1ccc(-c2ccccc2-c2nn[nH]n2)cc1,7,c1ccc(-c2nn[nH]n2)c(-c2ccc(Cn3ccnc3)cc2)c1,train,270.37600000000003,3.5672200000000025,0.7521232256395262,20,29
subcategory_homologation.grow-single_212,CCCC(C)NC(=O)OCC1CN(C(=O)c2cc(OC)c(OC)c(OC)c2)CCN1C(=O)c1cc(OC)c(OC)c(OC)c1,0,authentic,authentic,,,O=C(c1ccccc1)N1CCN(C(=O)c2ccccc2)CC1,train,617.6960000000003,3.6198000000000023,0.3552400437427541,44,75
subcategory_homologation.grow-single_1286,CCCCn1cc(C(=O)O)c(=O)c2cc(F)c(N3CCC(CNCC)C3)c(F)c21,1,homologation,grow-single,CCNCC1CCN(c2c(F)cc3c(=O)c(C(=O)O)cn(C4CC4)c3c2F)C1,0 1 2 3,O=c1ccn(C2CC2)c2cc(N3CCCC3)ccc12,train,407.46100000000024,3.2138000000000018,0.7029720746233343,29,51
subcategory_homologation.grow-single_1345,CCCN(Cc1cc2c[nH]ccc-2n1)C(=O)[CH]NS(=O)(=O)c1ccc(-c2ccon2)s1,1,homologation,grow-single,O=C1[C@@H](NS(=O)(=O)c2ccc(-c3ccon3)s2)CCN1Cc1cc2c[nH]ccc-2n1,0 1 2 3 4 5 6 7 8 9 10 12 13 15 16 20 21,O=C1[C@@H](NS(=O)(=O)c2ccc(-c3ccon3)s2)CCN1Cc1cc2c[nH]ccc-2n1,train,458.5450000000002,3.109890000000001,0.39749360817665236,31,60
subcategory_homologation.grow-single_1501,CCOc1ccc(S(=O)(=O)N2CCN(Cc3ccccc3)C(=O)C[C@@H]2C(=O)NO)cc1,1,homologation,grow-single,COc1ccc(S(=O)(=O)N2CCN(Cc3ccccc3)C(=O)C[C@@H]2C(=O)NO)cc1,2,O=C1CCN(S(=O)(=O)c2ccccc2)CCN1Cc1ccccc1,train,447.5130000000001,1.3825000000000003,0.4893993247994324,31,58
subcategory_homologation.grow-single_493,CCCCC1=C(c2ccc(-c3ccccc3-c3nn[nH]n3)cc2)C(=O)N(C)C2=NC(=O)C(C)(C)N21,0,authentic,authentic,,,O=C1CN2C=C(c3ccc(-c4ccccc4-c4nn[nH]n4)cc3)C(=O)NC2=N1,test,469.5490000000002,3.8838000000000035,0.5870066192060692,35,68
subcategory_homologation.grow-single_706,O=C(c1ccc([N+](=O)[O-])cc1)c1ccc2n1CCC2C(=O)O,0,authentic,authentic,,,O=C(c1ccccc1)c1ccc2n1CCC2,train,300.27000000000004,2.199199999999999,0.5294477087291856,22,45
subcategory_homologation.grow-single_1657,CCN(CC[CH]NS(=O)(=O)c1ccc(-c2ccon2)s1)Cc1cc2c[nH]ccc-2n1,1,homologation,grow-single,O=C1[C@@H](NS(=O)(=O)c2ccc(-c3ccon3)s2)CCN1Cc1cc2c[nH]ccc-2n1,0 1 2 3 4 5 6 7 8 9 11 12 14 15 19 20,O=C1[C@@H](NS(=O)(=O)c2ccc(-c3ccon3)s2)CCN1Cc1cc2c[nH]ccc-2n1,train,444.5620000000001,3.5832900000000016,0.3624045316210838,30,56
subcategory_homologation.grow-single_1836,CCN(CCN(C)C)C1=Cc2ccccc2Cc2ccc(Cl)cc21,1,homologation,grow-single,CN1CCN(C2=Cc3ccccc3Cc3ccc(Cl)cc32)CC1,0 1 2 4 7 11 17 18,C1=C(N2CCNCC2)c2ccccc2Cc2ccccc21,train,340.8980000000001,4.625800000000004,0.7828529280162797,24,38
subcategory_homologation.grow-single_731,CC(C)c1ccc(S(=O)(=O)Nc2ccc3[nH]cc(C[C@H]4CCCN4C)c3c2)cc1,0,authentic,authentic,,,O=S(=O)(Nc1ccc2[nH]cc(C[C@H]3CCCN3)c2c1)c1ccccc1,train,411.57100000000025,4.728800000000004,0.6162967882489893,29,56
subcategory_homologation.grow-single_1678,CCOC(=O)[C@@H]1CCCN1C(=O)[C@H](C)NC,1,homologation,grow-single,CCOC(=O)[C@H](CCc1ccccc1)N[C@@H](C)C(=O)N1CCC[C@H]1C(=O)OCC,,O=C(CNCCCc1ccccc1)N1CCCC1,train,228.292,0.1484000000000006,0.6957744204005366,16,35
subcategory_homologation.grow-single_1530,CCCN(CC)C(=O)CSc1nc2[nH]ncc2c(=O)[nH]1,1,homologation,grow-single,CCN(CC)C(=O)CSc1nc2[nH]ncc2c(=O)[nH]1,2,O=c1[nH]cnc2[nH]ncc12,train,295.368,0.9967999999999999,0.6120845754011426,20,38
subcategory_homologation.grow-single_519,COCCN(C)c1ccc(Nn2c(C)ccc2C)nn1,0,authentic,authentic,,,c1cnnc(Nn2cccc2)c1,test,275.356,1.85274,0.8716930147990145,20,30
subcategory_homologation.grow-single_764,CCc1nnc2n1CCN(C(=O)C[C@H](N)Cc1ccccc1F)C2,0,authentic,authentic,,,O=C(CCCc1ccccc1)N1CCn2cnnc2C1,train,331.39500000000004,1.2819000000000003,0.8953049170160337,24,41
subcategory_homologation.grow-single_792,CC[C@@H]1C(=O)OC[C@@H]1Cc1cncn1C,0,authentic,authentic,,,O=C1C[C@@H](Cc2cnc[nH]2)CO1,val,208.261,1.1618000000000002,0.7000907484342611,15,32
subcategory_homologation.grow-single_1301,CCN1CCN(c2c(F)cc3c(=O)c(C(=O)O)cn4c3c2OC[C@@H]4C)CC1,1,homologation,grow-single,C[C@H]1COc2c(N3CCN(C)CC3)c(F)cc3c(=O)c(C(=O)O)cn1c23,2,O=c1ccn2c3c(c(N4CCNCC4)ccc13)OCC2,train,375.4000000000002,1.9340999999999997,0.8837433241552118,27,52
subcategory_homologation.grow-single_1807,CCOc1ccc(OCCCC(C)(C)C(=O)O)cc1[S+]([O-])c1ccccc1,1,homologation,grow-single,CC(C)(CCCOc1ccc(OCCCC(C)(C)C(=O)O)c([S+]([O-])c2ccccc2)c1)C(=O)O,,c1ccc([SH+]c2ccccc2)cc1,train,390.50100000000003,4.521800000000004,0.47649314048101815,27,48
subcategory_homologation.grow-single_962,CNCCN1C(=O)C(OC(=O)N(F)c2ccccc2)C(c2ccc(OC)cc2)Sc2ccccc21,1,homologation,grow-single,COc1ccc(C2Sc3ccccc3N(CCN(C)C)C(=O)C2OC(=O)N(F)c2ccccc2)cc1,,O=C(Nc1ccccc1)OC1C(=O)Nc2ccccc2SC1c1ccccc1,train,495.5760000000002,4.990900000000004,0.46588489381520704,35,57
subcategory_homologation.grow-single_799,CC(=N)Nc1nnc(Cc2ccccc2)s1,0,authentic,authentic,,,c1ccc(Cc2nncs2)cc1,test,232.31200000000004,2.5379700000000005,0.631158669647728,16,25
subcategory_homologation.grow-single_41,CCC1(CC)OC(CCCN(C)C)(c2ccccc2)c2ccccc21.Cl,0,authentic,authentic,,,c1ccc(C2OCc3ccccc32)cc1,train,373.968,5.739300000000007,0.6131682337756621,26,42
subcategory_homologation.grow-single_1134,CCC1=CC(=O)C=C(C=O)[C@]1(C)[C@@H]1[C@@H](C)[C@@H]2CC[C@](O)(C(=O)CO)[C@@]2(C)C[C@@H]1O,1,homologation,grow-single,C[C@]12C(C=O)=CC(=O)C=C1CC[C@@H]1[C@@H]2[C@@H](O)C[C@@]2(C)[C@H]1CC[C@]2(O)C(=O)CO,0 1 2 3 4 5 6 7 9 10 11 14,O=C1C=CC2C(=C1)CC[C@H]1[C@@H]3CCCC3CC[C@H]21,train,404.50300000000016,1.7628,0.6022278558279964,29,86
subcategory_homologation.grow-single_1654,COC(=O)C1(NC(=O)N(CCCl)N=O)CCCCC1,1,homologation,grow-single,CCOC(=O)C1(NC(=O)N(CCCl)N=O)CCCCC1,,C1CCCCC1,train,291.73500000000007,1.7941,0.3619152793380844,19,33
subcategory_homologation.grow-single_1610,CCCc1ccc2oc(Cc3nc(-c4ccc(C(F)(F)F)cc4)oc3C)cc2c1,1,homologation,grow-single,C/C(=C\Cn1oc(=O)[nH]c1=O)c1ccc2oc(Cc3nc(-c4ccc(C(F)(F)F)cc4)oc3C)cc2c1,3,O=c1[nH]c(=O)n(CC=Cc2ccc3oc(Cc4coc(-c5ccccc5)n4)cc3c2)o1,val,399.41200000000003,6.958320000000004,0.36414332541187927,29,48
subcategory_homologation.grow-single_1834,CCCCC[C@H](O)/C=C/c1c(-c2ccc(F)cc2)nc(N(c2nnnn2C)S(C)(=O)=O)nc1C(C)C,1,homologation,grow-single,CC(C)c1nc(N(c2nnnn2C)S(C)(=O)=O)nc(-c2ccc(F)cc2)c1/C=C/[C@@H](O)C[C@@H](O)CC(=O)O,4,c1ccc(-c2ccnc(Nc3nnn[nH]3)n2)cc1,train,517.6310000000002,3.9817000000000027,0.3784854040612956,36,68
subcategory_homologation.grow-single_1114,CCc1c(CCc2ccccc2)cc(OC)c(CCC(C)C)c1O,1,homologation,grow-single,COc1cc(CCc2ccccc2)c(C(=O)O)c(O)c1CCC(C)C,2,c1ccc(CCc2ccccc2)cc1,train,326.48,5.337000000000006,0.7095427836411317,24,36
subcategory_homologation.grow-single_1077,CC[C@@H]1CN=C(Nc2c(Cl)cccc2Cl)N1,1,homologation,grow-single,C[C@@H]1CN=C(Nc2c(Cl)cccc2Cl)N1.Cl,2,c1ccc(NC2=NCCN2)cc1,train,258.152,3.1431000000000004,0.8544532666082237,16,32
subcategory_homologation.grow-single_138,C=C(C)c1nc(CCC)n(Cc2ccc(-c3ccccc3-c3nn[nH]n3)cc2)c1C(=O)O,0,authentic,authentic,,,c1ccc(-c2nn[nH]n2)c(-c2ccc(Cn3ccnc3)cc2)c1,train,428.4960000000001,4.4623000000000035,0.4286838442681956,32,57
subcategory_homologation.grow-single_738,C[C@H]1C(S[C@H]2CO[C@H](CN)C2)=C(C(=O)O)N2C(=O)[C@H]([C@@H](C)O)C12,0,authentic,authentic,,,O=C1CC2CC(S[C@@H]3CCOC3)=CN12,train,342.41700000000003,-0.010499999999999288,0.6022572509712478,23,67
subcategory_homologation.grow-single_1072,CCCCOC(=O)c1ncn2c1CN(C)C(=O)c1sccc1-2,1,homologation,grow-single,CCCOC(=O)c1ncn2c1CN(C)C(=O)c1sccc1-2,4,O=C1NCc2cncn2-c2ccsc21,test,319.386,2.4763,0.6413345928459144,22,37
subcategory_homologation.grow-single_175,COc1cc(NC(C)CCCN)c2ncccc2c1Oc1ccc(Cl)cc1,0,authentic,authentic,,,c1ccc(Oc2cccc3ncccc23)cc1,train,385.8950000000001,5.228400000000004,0.5553126907691952,27,40
subcategory_homologation.grow-single_1368,CC[C@@H]1N=C(c2ccccc2F)c2cc([N+](=O)[O-])ccc2NC1=O,1,homologation,grow-single,C[C@@H]1N=C(c2ccccc2F)c2cc([N+](=O)[O-])ccc2NC1=O,2,O=C1CN=C(c2ccccc2)c2ccccc2N1,train,327.315,3.3020000000000014,0.6931260249372586,24,50
subcategory_homologation.grow-single_1360,CCCCCNC(=O)NS(=O)(=O)N1CCC(CNC(=O)c2cc(Cl)ccc2OC)CC1,1,homologation,grow-single,CCCCCCNC(=O)NS(=O)(=O)N1CCC(CNC(=O)c2cc(Cl)ccc2OC)CC1,,O=C(NCC1CCNCC1)c1ccccc1,val,475.0110000000003,2.5246000000000004,0.45032373019438376,31,52
subcategory_homologation.grow-single_383,CC(C)N=C(N)Nc1cc(F)ccc1Cl,0,authentic,authentic,,,c1ccccc1,train,229.686,2.6141000000000005,0.6051244281400721,15,25
subcategory_homologation.grow-single_853,CCOc1ccc2c(c1)c(CCNC(=O)C1CC1)c1n2CCCc2ccccc2-1,0,authentic,authentic,,,O=C(NCCc1c2n(c3ccccc13)CCCc1ccccc1-2)C1CC1,train,388.51100000000014,4.721900000000004,0.6638289038773856,29,47
subcategory_homologation.grow-single_1783,COc1ccc([C@@H]2[C@@H](C(CCc3ccccc3)SC(C)=O)C(=O)N2c2ccc(F)cc2)cc1,1,homologation,grow-single,CC(=O)SC(CCc1ccccc1)[C@H]1C(=O)N(c2ccc(F)cc2)[C@@H]1c1ccc(O)cc1,2,O=C1[C@H](CCCc2ccccc2)[C@@H](c2ccccc2)N1c1ccccc1,train,463.5740000000002,5.819500000000006,0.39510906259161843,33,65
subcategory_homologation.grow-single_492,CC1CC2C3CCC4=CC(=O)C=CC4(C)[C@@]3(F)C(O)CC2(C)[C@@]1(O)C(=O)CO[C@@H]1O[C@H](CO)[C@@H](O)[C@H](O)[C@H]1O,0,authentic,authentic,,,O=C1C=CC2C(=C1)CCC1C2CCC2C(C(=O)CO[C@H]3CCCCO3)CCC21,test,554.6080000000004,-0.28009999999999885,0.26527807799573855,39,103
subcategory_homologation.grow-single_722,CCCCCCCN1CCC(COC(c2ccccc2)c2ccccc2)CC1,0,authentic,authentic,,,c1ccc(C(OCC2CCNCC2)c2ccccc2)cc1,train,379.58800000000014,6.475000000000008,0.41455884572316315,28,38
subcategory_homologation.grow-single_1259,CCN(C)CCC1(COCc2cc(-c3ccc(C#N)cc3)cc(C(F)(F)F)c2)OCc2ccccc21,1,homologation,grow-single,CN(C)CCC1(COCc2cc(-c3ccc(C#N)cc3)cc(C(F)(F)F)c2)OCc2ccccc21,2,c1ccc(-c2cccc(COCC3OCc4ccccc43)c2)cc1,val,494.55700000000013,6.528180000000007,0.33942152173290613,36,60
subcategory_homologation.grow-single_3,CCOC(=O)C1=C(O)C(=O)N(C2c3ccccc3-c3ccccc32)C1,0,authentic,authentic,,,O=C1C=CCN1C1c2ccccc2-c2ccccc21,test,335.3590000000001,2.9738000000000016,0.8758905038781125,25,45
subcategory_homologation.grow-single_879,CCCCc1nc(N(C)C)c(C(=O)O)n1Cc1ccc(-c2ccccc2-c2nn[nH]n2)cc1,0,authentic,authentic,,,c1ccc(-c2nn[nH]n2)c(-c2ccc(Cn3ccnc3)cc2)c1,train,445.5270000000001,3.8853000000000026,0.4018257377870262,33,57
subcategory_homologation.grow-single_596,COC(=O)/C=C/CNC(=O)c1ccccc1,0,authentic,authentic,,,c1ccccc1,train,219.24,1.1455999999999997,0.6100648983479453,16,27
subcategory_homologation.grow-single_294,CCCCN(Cc1ccccc1)CC(O)(Cn1cncn1)c1ccc(F)cc1F,0,authentic,authentic,,,c1ccc(CNCC(Cn2cncn2)c2ccccc2)cc1,train,400.47300000000007,3.746400000000003,0.5632646376701972,29,43
subcategory_homologation.grow-single_1471,CCC/C=C(\NC(=O)C1CC1(Br)Br)C(=O)OC,1,homologation,grow-single,CCC/C=C(\NC(=O)C1CC1(Br)Br)C(=O)O,2,C1CC1,train,369.05300000000005,2.4656000000000002,0.46040133058705873,17,34
subcategory_homologation.grow-single_495,N[C@@H](Cc1ccccc1)C(=O)CCC(=O)O,0,authentic,authentic,,,c1ccccc1,train,221.25599999999991,0.9903,0.7502630003293962,16,31
subcategory_homologation.grow-single_1177,COC1(C)CCN(Cc2ccc(-c3ccccn3)cc2)C1,1,homologation,grow-single,CC1(Oc2ccccc2)CCN(Cc2ccc(-c3ccccn3)cc2)C1,2,c1ccc(OC2CCN(Cc3ccc(-c4ccccn4)cc3)C2)cc1,train,282.38700000000006,3.3594000000000026,0.8595430099693079,21,34
subcategory_homologation.grow-single_1055,CCN1CCN(C2=Nc3ccccc3N(C)c3cscc32)CC1,1,homologation,grow-single,CN1CCN(C2=Nc3ccccc3N(C)c3cscc32)CC1.Cl.Cl,2,c1ccc2c(c1)N=C(N1CCNCC1)c1cscc1N2,train,326.46900000000016,3.545200000000002,0.8000418475556643,23,36
subcategory_homologation.grow-single_1294,CNc1ncnc2c1ncn2C1C=C(CO)C(O)C1O,1,homologation,grow-single,Nc1ncnc2c1ncn2C1C=C(CO)C(O)C1O,2,C1=CC(n2cnc3cncnc32)CC1,test,277.284,-0.9368000000000005,0.5351025679132813,20,31
subcategory_homologation.grow-single_33,CSc1nnc2n1CCN(C(=O)C[C@H](N)Cc1cc(F)c(F)cc1F)C2,0,authentic,authentic,,,O=C(CCCc1ccccc1)N1CCn2cnnc2C1,train,385.4150000000001,1.7195999999999998,0.626515569515947,26,47
subcategory_homologation.grow-single_1097,CCN(CC[N+](C)=C1Nc2cc(Cl)ccc2Nc2ccccc21)Cc1ccc(C(F)(F)F)cc1,1,homologation,grow-single,FC(F)(F)c1ccc(CN2CC[N+](=C3Nc4cc(Cl)ccc4Nc4ccccc43)CC2)cc1,0 1 2 3 4 5 6 7 8 9 10 11 13 14 17 21 22 23,c1ccc(CN2CC[N+](=C3Nc4ccccc4Nc4ccccc43)CC2)cc1,train,487.9770000000002,6.438900000000005,0.3921618495691271,34,59
subcategory_homologation.grow-single_1222,CCCC(C)CC(=O)NC(=O)NCCc1ccc(S(=O)(=O)NC(=O)NSC2CCCCC2)cc1,1,homologation,grow-single,CC1CCN(C(=O)NCCc2ccc(S(=O)(=O)NC(=O)NSC3CCCCC3)cc2)C(=O)C1,0 1 2 3 4 5 6 7 8,O=C(NSC1CCCCC1)NS(=O)(=O)c1ccc(CCNC(=O)N2CCCCC2=O)cc1,test,512.6980000000003,3.8500000000000023,0.3329033312713729,34,57
subcategory_homologation.grow-single_1023,CCCc1c[nH]c2ccccc12,1,homologation,grow-single,O=S(=O)(NCCc1c[nH]c2ccccc12)c1ccc(-c2ccccc2)cc1,2,O=S(=O)(NCCc1c[nH]c2ccccc12)c1ccc(-c2ccccc2)cc1,test,159.23199999999997,3.120400000000002,0.6925630201714925,12,19
subcategory_homologation.grow-single_1696,CCCCC1CCC(C(=O)O)N1C(=O)C(C)[NH2+]C(CCc1ccccc1)C(=O)[O-],1,homologation,grow-single,CC([NH2+]C(CCc1ccccc1)C(=O)[O-])C(=O)N1C(C(=O)O)CC2CCCC21,0 1 2 3,O=C(C[NH2+]CCCc1ccccc1)N1CCC2CCCC21,train,404.5070000000002,0.32400000000000384,0.5514130814288071,29,56
subcategory_homologation.grow-single_128,O=C(CC(Cc1cc(F)c(F)cc1F)NS(=O)(=O)O)N1CCn2c(nnc2C(F)(F)F)C1,0,authentic,authentic,,,O=C(CCCc1ccccc1)N1CCn2cnnc2C1,train,487.38200000000023,1.4502000000000002,0.36203725159974237,32,59
subcategory_homologation.grow-single_936,CCCCC(=O)N(Cc1ccc(-c2ccccc2-c2nn[nH]n2)cc1)[C@@](O)(C(=O)O)C(C)CC,1,homologation,grow-single,CCCCC(=O)N(Cc1ccc(-c2ccccc2-c2nn[nH]n2)cc1)[C@@](O)(C(=O)O)C(C)C,2,c1ccc(-c2ccccc2-c2nn[nH]n2)cc1,train,465.5540000000002,3.871800000000002,0.3661799929791615,34,65
subcategory_homologation.grow-single_1275,C[C@@H]1CN=C(Nc2c(Cl)cc(Cl)c(N)c2F)N1,1,homologation,grow-single,Nc1c(Cl)cc(Cl)c(NC2=NCCN2)c1F,6,c1ccc(NC2=NCCN2)cc1,train,277.13,2.4743,0.6909160234174221,17,37
subcategory_homologation.grow-single_1625,CNC(=O)C(CCN1CCCCC1)(CCN(C(C)C)C(C)C)c1ccccc1,1,homologation,grow-single,CC(C)N(CCC(CCN1CCCCC1)(C(N)=O)c1ccccc1)C(C)C,2,c1ccc(CCCN2CCCCC2)cc1,train,387.6120000000001,4.055300000000003,0.6576453071814363,28,45
subcategory_homologation.grow-single_1308,Cc1ccccc1CC[C@H](N[C@@H](C)C(=O)N1C2CCCCC2C[C@@H]1C(=O)O)C(=O)O,1,homologation,grow-single,C[C@H](N[C@@H](CCc1ccccc1)C(=O)O)C(=O)N1C2CCCCC2C[C@@H]1C(=O)O,7,O=C(CNCCCc1ccccc1)N1CCC2CCCCC21,test,416.5180000000003,2.6032199999999994,0.6013710603266769,30,63
subcategory_homologation.grow-single_859,CCc1ccc(CCOc2ccc(CC(C(=O)OC)C(=O)OC)cc2)nc1,0,authentic,authentic,,,c1ccc(OCCc2ccccn2)cc1,test,371.4330000000001,2.770200000000001,0.4983981917708512,27,43
subcategory_homologation.grow-single_488,Fc1cc(F)cc(OC(c2ccccc2)C2CCNCC2)c1,0,authentic,authentic,,,c1ccc(OC(c2ccccc2)C2CCNCC2)cc1,train,303.3520000000001,4.084500000000003,0.9185043090310332,22,34
subcategory_homologation.grow-single_97,NC(=CC(=O)N1CCn2c(nnc2C(F)(F)F)C1)Cc1cc(F)c(F)cc1F,0,authentic,authentic,,,O=C(C=CCc1ccccc1)N1CCn2cnnc2C1,train,405.30200000000013,2.1417,0.4824132500033599,28,50
subcategory_homologation.grow-single_249,CCOC(=O)[C@@H](CCc1ccccc1)N[C@@H](C)C(=O)N1CCC[C@H]1C(=O)O,0,authentic,authentic,,,O=C(CNCCCc1ccccc1)N1CCCC1,train,376.45300000000026,1.6046,0.6358354158694681,27,58
subcategory_homologation.grow-single_616,O=C1Nc2ccccc2C1(F)c1ccccc1,0,authentic,authentic,,,O=C1Nc2ccccc2C1c1ccccc1,train,227.23799999999997,2.851800000000001,0.7970058639962803,17,26
subcategory_homologation.grow-single_1802,CCN=NC(=O)C(C)=Cc1ccc(Oc2ncccc2C2CC2)cc1C,1,homologation,grow-single,C=C1N=NC(=O)C(C)=C1c1ccc(Oc2ncccc2C2CC2)cc1C,0 1 2 3 4 5 6 7 8,C=C1N=NC(=O)C=C1c1ccc(Oc2ncccc2C2CC2)cc1,train,349.43400000000014,5.461720000000004,0.5134987718332158,26,41
subcategory_homologation.grow-single_590,CC(F)C(CN)(C(=O)O)C1CCCCC1,0,authentic,authentic,,,C1CCCCC1,train,217.28399999999996,1.9543999999999997,0.7561878728644085,15,26
subcategory_homologation.grow-single_1589,CNc1cccc(OS(=O)(=O)c2ccc(-c3nc4c(=O)n(C)c(=O)n(C)c4[nH]3)cc2)c1,1,homologation,grow-single,Cn1c(=O)c2nc(-c3ccc(S(=O)(=O)Oc4cccc([N+](=O)[O-])c4)cc3)[nH]c2n(C)c1=O,2,O=c1[nH]c(=O)c2nc(-c3ccc(S(=O)(=O)Oc4ccccc4)cc3)[nH]c2[nH]1,train,441.46900000000016,1.4366999999999992,0.4485491333484274,31,63
subcategory_homologation.grow-single_227,CCCCC(=O)N(Cc1ccc(-c2ccccc2-c2nn[nH]n2)cc1)C1CCCC(C(=O)OCC)C1,0,authentic,authentic,,,c1ccc(-c2nn[nH]n2)c(-c2ccc(CNC3CCCCC3)cc2)c1,train,489.62000000000035,5.174400000000005,0.3941695265422859,36,61
subcategory_homologation.grow-single_866,NS(=O)(=O)Oc1ccc2c(c1)OCC=C2,0,authentic,authentic,,,C1=Cc2ccccc2OC1,train,227.24099999999999,0.6745,0.8051420953682312,15,28
subcategory_homologation.grow-single_1775,CCCC(CCC)NC(=O)NS(=O)(=O)c1ccc(CC(=O)NC2CCCCC2)cc1,1,homologation,grow-single,O=C(Cc1ccc(S(=O)(=O)NC(=O)NC2CCCCC2)cc1)NC1CCCCC1,0 1 2 3 5 7 10,O=C(Cc1ccc(S(=O)(=O)NC(=O)NC2CCCCC2)cc1)NC1CCCCC1,train,437.60600000000034,3.6347000000000023,0.5197077904504246,30,50
subcategory_homologation.grow-single_1246,CCc1cc(C(C)C)ccc1[C@@]1(C)CC[C@H](O)[C@](O)(CO)[C@@H]1C,1,homologation,grow-single,CC(C)c1ccc2c(c1)CC[C@H]1[C@@](O)(CO)[C@@H](O)CC[C@]21C,0 1 2 3 4 5 7 8 12 14 16 17,c1ccc2c(c1)CC[C@H]1CCCCC21,train,320.473,3.144300000000002,0.7985165416535078,23,55
subcategory_homologation.grow-single_1489,CCCCNC(=O)Cc1ccccc1C,1,homologation,grow-single,Cc1ccccc1CC(=O)NC1CCN(C)CC1,1 2 3 4,O=C(Cc1ccccc1)NC1CCNCC1,train,205.301,2.4538200000000003,0.7349725011744206,15,20
subcategory_homologation.grow-single_1123,CCOc1cc2nc(N3CCN(c4nccc(N(C)C)n4)CC3)cc(N)c2cc1OC,1,homologation,grow-single,COc1cc2nc(N3CCN(c4nccc(N(C)C)n4)CC3)cc(N)c2cc1OC,3,c1cnc(N2CCN(c3ccc4ccccc4n3)CC2)nc1,train,423.52100000000024,2.4068999999999994,0.6413641293989111,31,49
subcategory_homologation.grow-single_306,Cc1nc(-c2ccccc2)nc(-c2ccc(F)cc2)c1C=C[C@H]1C[C@H](O)CC(=O)O1,0,authentic,authentic,,,O=C1CCC[C@H](C=Cc2cnc(-c3ccccc3)nc2-c2ccccc2)O1,train,404.44100000000014,4.337820000000005,0.655254801911667,30,60
subcategory_homologation.grow-single_441,O=C(C1=CC[C@H](c2cc(F)c(F)cc2F)[C@@H]([N+](=O)[O-])C1)N1CCn2c(nnc2C(F)(F)F)C1,0,authentic,authentic,,,O=C(C1=CC[C@H](c2ccccc2)CC1)N1CCn2cnnc2C1,val,475.3490000000002,3.205700000000002,0.2942512067100544,33,77
subcategory_homologation.grow-single_524,COc1ccc(C2C(CCC(O)c3ccc(F)cc3)C(=O)N2c2ccc(CN)cc2)cc1,0,authentic,authentic,,,O=C1C(CCCc2ccccc2)C(c2ccccc2)N1c1ccccc1,train,434.5110000000002,4.510900000000003,0.5116791721362984,32,53
subcategory_homologation.grow-single_38,CCOC(=O)C1=C[C@@H](OC(CC)CC)[C@H](NC(=O)C(F)(F)F)[C@@H](N)C1,0,authentic,authentic,,,C1=CCCCC1,train,366.38,1.8277999999999999,0.6710643738491818,25,60
subcategory_homologation.grow-single_162,N#CN/C(=N/c1ccc(Cl)cc1Cl)NC(Cn1ccnc1)c1ccc(Cl)cc1Cl,0,authentic,authentic,,,C(=Nc1ccccc1)NC(Cn1ccnc1)c1ccccc1,train,468.17500000000007,5.585980000000001,0.22177377161404138,29,51
subcategory_homologation.grow-single_10,[B]P(=O)(COCCn1cnc2c(N)ncnc21)OP(=O)(O)OP(=O)(O)O,0,authentic,authentic,,,c1ncc2nc[nH]c2n1,train,426.9520000000001,-0.029500000000000193,0.2356942411944981,26,49
subcategory_homologation.grow-single_1260,CC[C@@H]1C(=O)N2C(C(=O)O)=C([S@](=O)CCNC(C)=O)C[C@H]12,1,homologation,grow-single,CC(=O)NCC[S@@](=O)C1=C(C(=O)O)N2C(=O)[C@@H](C(C)(C)O)[C@H]2C1,,O=C1C[C@H]2CC=CN12,train,314.3630000000001,-0.1918999999999993,0.6612880749754044,21,54
subcategory_homologation.grow-single_918,COc1ccc(CCNCC(O)COC(=O)c2ccccc2)cc1OC,0,authentic,authentic,,,O=C(OCCCNCCc1ccccc1)c1ccccc1,train,359.4220000000001,2.0538,0.4994555226642641,26,37
subcategory_homologation.grow-single_1788,CCC#Cc1ccc2[nH]ccc2c1,1,homologation,grow-single,C(#Cc1ccc2[nH]ccc2c1)CCN1CC=C(c2ccccc2)CC1,,C(#Cc1ccc2[nH]ccc2c1)CCN1CC=C(c2ccccc2)CC1,train,169.22699999999998,2.9294000000000002,0.5834926010025153,13,21
subcategory_homologation.grow-single_1444,CCC[C@@H]1[C@@H]([C@]2(C)C=CC(=O)C=C2C=O)[C@@H](O)C[C@@]2(C)[C@H]1CC[C@]2(O)C(=O)CO,1,homologation,grow-single,C[C@]12C(C=O)=CC(=O)C=C1CC[C@@H]1[C@@H]2[C@@H](O)C[C@@]2(C)[C@H]1CC[C@]2(O)C(=O)CO,1 2 7 12 13 14 18 19 20 23 24 27,O=C1C=CC2C(=C1)CC[C@H]1[C@@H]3CCCC3CC[C@H]21,train,404.5030000000002,1.7628,0.5818251873601944,29,83
subcategory_homologation.grow-single_1554,C#Cc1ccc(C(=O)c2ccc3n2CCC3C(=O)OC)cc1,1,homologation,grow-single,C#Cc1ccc(C(=O)c2ccc3n2CCC3C(=O)O)cc1,2,O=C(c1ccccc1)c1ccc2n1CCC2,train,293.322,2.3607000000000005,0.4957005320612471,22,37
subcategory_homologation.grow-single_284,COc1ccc(OCC(O)CNC(C)C)c(/C=C/CO)c1,0,authentic,authentic,,,c1ccccc1,train,295.379,1.4383999999999997,0.6428674025186277,21,34
subcategory_homologation.grow-single_1815,CCc1cn2c(ccc3ccc(S(C)(=O)=O)cc32)n1,1,homologation,grow-single,CS(=O)(=O)c1ccc2ccc3nc(C(=O)O)cn3c2c1,2,c1ccc2c(c1)ccc1nccn12,train,274.34499999999997,2.4534000000000002,0.7209798115490474,19,35
subcategory_homologation.grow-single_1425,CCCNCCn1c(C)c(C(=O)c2ccc(OC)cc2)c2ccccc21,1,homologation,grow-single,CCNCCn1c(C)c(C(=O)c2ccc(OC)cc2)c2ccccc21,3,O=C(c1ccccc1)c1c[nH]c2ccccc12,train,350.46200000000005,4.188920000000004,0.48927281457170674,26,41
subcategory_homologation.grow-single_967,CC/C(=C(\Cc1ccccc1)c1ccc(OCN(C)C)cc1)c1ccccc1C,1,homologation,grow-single,CC/C(=C(\Cc1ccccc1)c1ccc(OCN(C)C)cc1)c1ccccc1,7,C(=C(Cc1ccccc1)c1ccccc1)c1ccccc1,train,385.5510000000001,6.456420000000006,0.3259591748718185,29,46
subcategory_homologation.grow-single_1699,CCc1ccccc1-c1[nH]ccc2c3ccccc3nc1-2,1,homologation,grow-single,N#Cc1ccccc1-c1[nH]ccc2c3ccccc3nc1-2,2,c1ccc(-c2[nH]ccc3c4ccccc4nc2-3)cc1,train,272.351,4.897100000000004,0.5522836677340197,21,34
subcategory_homologation.grow-single_587,Cl.O=C1CN=C(c2ccc(Cl)cc2)c2ccccc2N1,0,authentic,authentic,,,O=C1CN=C(c2ccccc2)c2ccccc2N1,train,307.18000000000006,3.5513000000000012,0.8598093222297096,20,35
subcategory_homologation.grow-single_78,C[C@@H](O)[C@H]1C(=O)N2C(C(=O)O)=C(S[C@@H]3CN[C@H](CSC(F)F)C3)[C@H](C)[C@H]12,0,authentic,authentic,,,O=C1C[C@H]2CC(S[C@H]3CCNC3)=CN12,train,408.49200000000013,1.5595999999999999,0.5510055219296277,26,77
subcategory_homologation.grow-single_1841,C#CCC(=O)Nc1ccc(Oc2cccc(OCC)c2)cc1,1,homologation,grow-single,C#CCC(=O)Nc1ccc(Oc2cccc(OC)c2)cc1,3,c1ccc(Oc2ccccc2)cc1,train,295.33799999999997,3.839400000000002,0.8236523799422099,22,34
subcategory_homologation.grow-single_299,CN1C(=O)C(O)N=C(c2ccccc2Cl)c2cc([N+](=O)[O-])ccc21,0,authentic,authentic,,,O=C1CN=C(c2ccccc2)c2ccccc2N1,train,345.74200000000013,2.3804,0.6672372788497289,24,50
subcategory_homologation.grow-single_1620,CCCCc1cc(OC)c(I)cc1OC,1,homologation,grow-single,CNC(C)Cc1cc(OC)c(I)cc1OC,3,c1ccccc1,train,320.1700000000001,3.6510000000000034,0.7711862375664125,15,21
subcategory_homologation.grow-single_686,NS(=O)(=O)c1cc2c(cc1Cl)NC(C1CC3C=CC1C3)NS2,0,authentic,authentic,,,C1=CC2CC1CC2C1NSc2ccccc2N1,train,357.88800000000003,2.5479000000000003,0.5592425723867435,22,42
subcategory_homologation.grow-single_1331,CO[N+](=O)c1ccc(NC(=O)[C@@H](C)[NH2+][C@H](C)c2ccccc2Cl)c(C(F)(F)F)c1,1,homologation,grow-single,C[C@@H]([NH2+][C@H](C)c1ccccc1Cl)C(=O)Nc1ccc([N+](=O)[O-])cc1C(F)(F)F,2,O=C(C[NH2+]Cc1ccccc1)Nc1ccccc1,test,431.84200000000004,3.9822000000000015,0.6509846125038994,29,69
subcategory_homologation.grow-single_1463,CCN1C2=C(Cc3ccccc31)CC(C(=O)OC)NC2,1,homologation,grow-single,COC(=O)C1CC2=C(CN1)N(C)c1ccccc1C2,2,c1ccc2c(c1)CC1=C(CNCC1)N2,train,272.34799999999996,1.8579999999999999,0.8344331572034986,20,34
subcategory_homologation.grow-single_1718,CNC(C)Cc1ccc(OC)cc1,1,homologation,grow-single,COc1ccc(CC(C)NCc2ccccc2)cc1,,c1ccc(CCNCc2ccccc2)cc1,test,179.26299999999998,1.8456,0.7612329569387355,13,19
subcategory_homologation.grow-single_202,CNC[C@H]1OCc2ccccc2[C@H]1Oc1ccccc1C(F)(F)F,0,authentic,authentic,,,c1ccc(O[C@H]2COCc3ccccc32)cc1,test,337.341,3.9437000000000024,0.916509568644437,24,42
subcategory_homologation.grow-single_652,Cc1ccccc1COc1ccccc1C(=O)O,0,authentic,authentic,,,c1ccc(COc2ccccc2)cc1,train,242.274,3.272220000000001,0.894549725057136,18,25
subcategory_homologation.grow-single_57,COc1ccc2c(c1)c(CCNC(C)=O)c1n2Cc2ccccc2-1,0,authentic,authentic,,,c1ccc2c(c1)Cn1c-2cc2ccccc21,train,320.392,3.3572000000000015,0.6264410797961599,24,40
subcategory_homologation.grow-single_459,CCCCc1nc(Cl)c(C(=O)O)n1Cc1ccc(-c2ccccc2)c(-c2nn[nH]n2)c1,0,authentic,authentic,,,c1ccc(-c2ccc(Cn3ccnc3)cc2-c2nn[nH]n2)cc1,train,436.90300000000013,4.472700000000003,0.42128905692520874,31,56
subcategory_homologation.grow-single_767,CC(C)[C@@H]1CC[C@]2(C(=O)O)CC[C@]3(C)[C@H](CC[C@@H]4[C@@]5(C)CC[C@H](OC(=O)CC(C)(C)CC(=O)O)C(C)(C)[C@@H]5CC[C@]43C)[C@@H]12,0,authentic,authentic,,,C1CC[C@@H]2CCC3C4CCC5CCC[C@@H]5[C@H]4CC[C@@H]3C2C1,train,600.8810000000002,8.611300000000007,0.2838087060668172,43,123
subcategory_homologation.grow-single_167,CC12CCC(=O)C=C1[C@@H](Cl)CC1C3CC(O)[C@](O)(C(=O)CO)C3(C)CC(O)[C@@]12F,0,authentic,authentic,,,O=C1C=C2CCC3C4CCCC4CCC3C2CC1,train,430.90000000000015,1.0617999999999996,0.48690161510444363,29,69
subcategory_homologation.grow-single_790,CC(C)(C)c1ccc(S(=O)(=O)N[C@H]2CCN(Cc3cc4[nH]cccc-4n3)C2=O)cc1,0,authentic,authentic,,,O=C1[C@@H](NS(=O)(=O)c2ccccc2)CCN1Cc1cc2[nH]cccc-2n1,train,426.5420000000001,2.891400000000001,0.6558001513616885,30,61
subcategory_homologation.grow-single_482,COc1ccccc1N1CCN(C(=O)c2cc3ccccc3[nH]2)CC1,0,authentic,authentic,,,O=C(c1cc2ccccc2[nH]1)N1CCN(c2ccccc2)CC1,test,335.40700000000004,3.1389000000000014,0.7998526760751825,25,41
subcategory_homologation.grow-single_765,COc1ccc(C(c2ccc(C(C)C)cc(=O)c2O)n2c(=S)oc3ccccc32)cc1,0,authentic,authentic,,,O=c1ccccc(C(c2ccccc2)n2c(=S)oc3ccccc32)c1,test,433.5290000000001,5.799290000000005,0.40311722074716577,31,53
subcategory_homologation.grow-single_1028,CCC[C@@H]1[C@H](O)OC[C@@H]1OC(=O)N[C@@H](Cc1ccccc1)[C@H](O)CN(CC(C)C)S(=O)(=O)c1ccc([N+](=O)[O-])cc1,1,homologation,grow-single,CC(C)CN(C[C@@H](O)[C@H](Cc1ccccc1)NC(=O)O[C@H]1CO[C@H]2OCC[C@H]21)S(=O)(=O)c1ccc([N+](=O)[O-])cc1,0 1 2 9,O=C(N[C@H](CCNS(=O)(=O)c1ccccc1)Cc1ccccc1)O[C@H]1CO[C@H]2OCC[C@H]21,train,593.6990000000003,3.0734000000000012,0.220128855639525,41,100
subcategory_homologation.grow-single_811,CC1(C)CCC(C)(C)c2cc(CCc3ccc(C(=O)O)cc3)ccc21,0,authentic,authentic,,,c1ccc(CCc2ccc3c(c2)CCCC3)cc1,train,336.475,5.5190000000000055,0.7980382609796075,25,44
subcategory_homologation.grow-single_109,NCCCNCc1c[nH]c2ccccc12,0,authentic,authentic,,,c1ccc2[nH]ccc2c1,train,203.289,1.6063,0.6465365300453466,15,22
subcategory_homologation.grow-single_849,C[N+](C)(C)Cc1ncccc1OC(=O)C(c1ccccc1)c1ccccc1.[Br-],0,authentic,authentic,,,O=C(Oc1cccnc1)C(c1ccccc1)c1ccccc1,test,441.369,1.0292999999999999,0.42399646895643917,28,51
subcategory_homologation.grow-single_54,COc1c2c(c(C)c3c1C(=O)OC3)O[C@@]1(C)CC[C@@]3(O)C(C)(C)C(=O)CC[C@]3(C)[C@H]1C2,0,authentic,authentic,,,O=C1CCC2C(CCC3Oc4cc5c(cc4C[C@@H]32)C(=O)OC5)C1,val,428.52500000000026,3.9041200000000034,0.6833631479900338,31,76
subcategory_homologation.grow-single_715,CNC(=O)c1cc(Oc2ccc(N(C(N)=O)c3ccc(Cl)c(C(F)(F)F)c3)cc2)ccn1,0,authentic,authentic,,,c1ccc(Nc2ccc(Oc3ccncc3)cc2)cc1,train,464.831,5.122500000000003,0.5471045130994319,32,59
subcategory_homologation.grow-single_923,CCCN=C(N)Nc1c(F)cc(F)cc1Cl,1,homologation,grow-single,CCN=C(N)Nc1c(F)cc(F)cc1Cl,3,c1ccccc1,train,247.676,2.7548000000000004,0.637443785640635,16,26
subcategory_homologation.grow-single_1772,CCN1CCN(C2=Nc3ccccc3Sc3cc(CN)ccc32)CC1,1,homologation,grow-single,NCc1ccc2c(c1)Sc1ccccc1N=C2N1CCN(CCOCCO)CC1,,c1ccc2c(c1)N=C(N1CCNCC1)c1ccccc1S2,train,352.50700000000023,3.325700000000001,0.9004365224226439,25,38
subcategory_homologation.grow-single_454,CCCCNC(=O)CCc1nc2cccnc2n1Cc1ccccc1,0,authentic,authentic,,,c1ccc(Cn2cnc3cccnc32)cc1,train,336.4390000000001,3.328500000000002,0.641966242709561,25,34
subcategory_homologation.grow-single_187,CCCO[C@@H]1C=C(C(=O)O)C[C@H](NC(N)=NC)[C@H]1NC(C)=O,0,authentic,authentic,,,C1=CCCCC1,train,312.37,-0.3962999999999972,0.3905379841521985,22,51
subcategory_homologation.grow-single_895,Nc1cc(C2=NOC(CNS(=O)(=O)c3ccccc3)(C(=O)Nc3ccc(-c4ccccc4S(N)(=O)=O)cn3)C2)ccc1Cl,0,authentic,authentic,,,O=C(Nc1ccc(-c2ccccc2)cn1)C1(CNS(=O)(=O)c2ccccc2)CC(c2ccccc2)=NO1,test,641.1310000000001,3.112,0.20015875055316962,43,79
subcategory_homologation.grow-single_1701,CCOC(=O)C1=C(CC)NC(C)=C(C(=O)OC)C1c1ccccc1Cl,1,homologation,grow-single,CCOC(=O)C1=C(COCCN)NC(C)=C(C(=O)OC)C1c1ccccc1Cl.O=C(O)CCCCC(=O)O,2,C1=CC(c2ccccc2)C=CN1,train,363.841,3.7010000000000023,0.8078946869267133,25,44
subcategory_homologation.grow-single_301,O=C(NN1CCC=CC1=O)c1ccccc1,0,authentic,authentic,,,O=C(NN1CCC=CC1=O)c1ccccc1,test,216.24,1.1199,0.8049439377731487,16,25
subcategory_homologation.grow-single_1051,COc1ccc(Cc2cc([C@@H]3O[C@H](CO)[C@@H](O)[C@H](O)[C@H]3O)c3c(c2Cl)OCC3C)cc1,1,homologation,grow-single,CCOc1ccc(Cc2cc([C@@H]3O[C@H](CO)[C@@H](O)[C@H](O)[C@H]3O)c3c(c2Cl)OCC3C)cc1,,c1ccc(Cc2cc3c(c([C@H]4CCCCO4)c2)CCO3)cc1,train,450.91500000000013,1.9501999999999997,0.5509754926067922,31,74
subcategory_homologation.grow-single_920,CC1=C(/C=C/C(C)=C/C=C/C(C)=C/C(=O)Nc2ccc(O)cc2)C(C)(C)CCC1,0,authentic,authentic,,,O=C(/C=C/C=C/C=C/C=C/C1=CCCCC1)Nc1ccccc1,train,391.55500000000023,6.8623000000000065,0.31594806241200324,29,58
subcategory_homologation.grow-single_558,Cc1cccc2cc3c(NCCN(C)C)ncc(C(=O)NCCN(C)C)c3nc12,0,authentic,authentic,,,c1ccc2nc3ccncc3cc2c1,train,394.52300000000014,2.3563199999999993,0.571623691357006,29,46
subcategory_homologation.grow-single_328,Cc1ccc(-c2nc(-c3ccc(F)cc3)c(/C=C/C(O)CC(O)CC(=O)O)c(C3CC3)n2)cc1,0,authentic,authentic,,,c1ccc(-c2cc(C3CC3)nc(-c3ccccc3)n2)cc1,train,462.5210000000003,4.735320000000004,0.42460057371259813,34,64
subcategory_homologation.grow-single_1562,CCOC(=O)N[C@@H](Cc1ccccc1)[C@H](O)CN(CC(C)C)S(=O)(=O)c1ccc(N)cc1,1,homologation,grow-single,CC(C)CN(C[C@@H](O)[C@H](Cc1ccccc1)NC(=O)O[C@H]1CO[C@H]2OCC[C@H]21)S(=O)(=O)c1ccc(N)cc1,4 5,O=C(N[C@H](CCNS(=O)(=O)c1ccccc1)Cc1ccccc1)O[C@H]1CO[C@H]2OCC[C@H]21,train,463.60000000000025,2.6338,0.44051884763760946,32,64
subcategory_homologation.grow-single_171,Clc1ccc(N2CCN(Cc3cnn4ccc5ccccc5c34)CC2)cc1,0,authentic,authentic,,,c1ccc(N2CCN(Cc3cnn4ccc5ccccc5c34)CC2)cc1,val,376.89100000000013,4.463100000000004,0.5270398072013527,27,42
subcategory_homologation.grow-single_1799,CCNC(=O)N1CC(C)=C(CC)C1=O,1,homologation,grow-single,CCC1=C(C)CN(C(=O)NCCc2ccc(S(=O)(=O)NC(N)=O)cc2)C1=O,,O=C1C=CCN1C(=O)NCCc1ccccc1,train,196.24999999999997,1.2846000000000002,0.7229843351590768,14,25
subcategory_homologation.grow-single_255,CC1CCCCCCCc2cc(O)cc(O)c2C(=O)O1,0,authentic,authentic,,,O=C1OCCCCCCCCc2ccccc21,val,278.34800000000007,3.5398000000000027,0.7122642676109493,20,31
subcategory_homologation.grow-single_1743,CCCCCCNCCC1CCc2cc(OCc3ccccc3)ccc2C1O,1,homologation,grow-single,OC1c2ccc(OCc3ccccc3)cc2CCC1CCN1CCC(c2ccccc2)CC1,0 1 2 3 4 5 6,c1ccc(COc2ccc3c(c2)CCC(CCN2CCC(c4ccccc4)CC2)C3)cc1,train,381.56,5.421400000000006,0.5106241211445813,28,36
subcategory_homologation.grow-single_1056,CCCCC1C2CC[C@](O)(C(=O)CO[C@H]3O[C@H](CO)[C@@H](O)[C@H](O)[C@H]3O)C2(C)CC(O)[C@]1(F)C(C)CCC(C)=O,1,homologation,grow-single,CC12CCC(=O)C=C1CCC1C3CC[C@](O)(C(=O)CO[C@H]4O[C@H](CO)[C@@H](O)[C@H](O)[C@H]4O)C3(C)CC(O)[C@@]12F,2 3 4 11 17 18 21 24 26 27,O=C1C=C2CCC3C(CCC4C(C(=O)CO[C@@H]5CCCCO5)CCC43)C2CC1,train,562.6720000000001,0.8040000000000003,0.19968965313597703,39,96
subcategory_homologation.grow-single_1732,CO[C@@H]1C[C@H]2[C@@H]3CCC4=CC(=O)C=C[C@]4(C)[C@@]3(F)[C@@H](O)C[C@]2(C)[C@@]1(O)C(=O)COC(C)=O,1,homologation,grow-single,CC(=O)OCC(=O)[C@@]1(O)[C@H](OC(C)=O)C[C@H]2[C@@H]3CCC4=CC(=O)C=C[C@]4(C)[C@@]3(F)[C@@H](O)C[C@@]21C,,O=C1C=CC2C(=C1)CC[C@@H]1C2CCC2CCC[C@H]21,train,450.50300000000027,1.8454,0.6291501741570416,32,94
subcategory_homologation.grow-single_1456,CCCC(c1ccccc1)c1ccccc1,1,homologation,grow-single,CCNCCC(c1ccccc1)c1ccccc1,3,c1ccc(Cc2ccccc2)cc1,train,210.32,4.618600000000003,0.6904717805858405,16,22
subcategory_homologation.grow-single_210,CC(C)Oc1ccc(C(O)(c2ccc(OC(C)C)cc2)c2cccnc2)cc1,0,authentic,authentic,,,c1ccc(C(c2ccccc2)c2cccnc2)cc1,train,377.48400000000004,4.940200000000004,0.6335405280153155,28,46
subcategory_homologation.grow-single_1135,CCCCC(O)(c1ccc(F)cc1)c1ccc(C#N)cc1COC(C)=O,1,homologation,grow-single,CC(=O)OCc1cc(C#N)ccc1C(O)(CCCN(C)C)c1ccc(F)cc1,4,c1ccc(Cc2ccccc2)cc1,train,355.4090000000001,4.186580000000004,0.756296834453253,26,42
subcategory_homologation.grow-single_760,O=C(c1cc2ccccc2[nH]1)N1CCN(c2ncccc2NCC(F)(F)F)CC1,0,authentic,authentic,,,O=C(c1cc2ccccc2[nH]1)N1CCN(c2ccccn2)CC1,train,403.40800000000013,3.499500000000002,0.7000314342133869,29,49
subcategory_homologation.grow-single_984,CCCOc1ccc2c(ccc3oc([N+](=O)[O-])cc32)c1,1,homologation,grow-single,CC(=O)Oc1ccc2c(ccc3oc([N+](=O)[O-])cc32)c1,3,c1ccc2c(c1)ccc1occc12,train,271.272,4.283000000000003,0.5243041980946039,20,39
subcategory_homologation.grow-single_1313,CCCC(CCCNC(=O)Nc1ccc(Cl)c(C(F)(F)F)c1)Oc1ccc(C(=O)NC)nc1,1,homologation,grow-single,CNC(=O)c1ccc(OC2CCC(NC(=O)Nc3ccc(Cl)c(C(F)(F)F)c3)CC2)cn1,0 1 2 3 4 5 6 7 8 9 10 11 12 14 16 19 20 22,O=C(Nc1ccccc1)NC1CCC(Oc2cccnc2)CC1,train,486.92200000000014,5.262800000000004,0.3991717675485896,33,56
subcategory_homologation.grow-single_106,C[C@H](N[C@@H](CCc1ccccc1)C(=O)O)C(=O)N1CCC[C@H]1C(=O)OC(C)(C)C,0,authentic,authentic,,,O=C(CNCCCc1ccccc1)N1CCCC1,train,404.5070000000003,2.3832000000000004,0.6460997441753612,29,63
subcategory_homologation.grow-single_512,CC(O)[C@H]1C(=O)N2C(C(=O)O)=C(SCCNC3=NCCC3)C[C@H]12,0,authentic,authentic,,,O=C1C[C@H]2CC(SCCNC3=NCCC3)=CN12,train,339.4170000000002,0.40920000000000023,0.47843505024586824,23,51
subcategory_homologation.grow-single_283,CN1CCN(Cc2cnn3ccccc23)CC1,0,authentic,authentic,,,c1ccn2ncc(CN3CCNCC3)c2c1,train,230.31499999999997,1.0816999999999994,0.7712110378708684,17,25
subcategory_homologation.grow-single_1238,CCOCCN(C)C/C=C(\F)C(=O)Nc1cc2c(Nc3ccc(F)c(Cl)c3)ncnc2cc1O[C@H]1CCOC1,1,homologation,grow-single,O=C(Nc1cc2c(Nc3ccc(F)c(Cl)c3)ncnc2cc1O[C@H]1CCOC1)/C(F)=C/CN1CCOCC1,0 1 2 3 4 5 7,O=C(/C=C/CN1CCOCC1)Nc1cc2c(Nc3ccccc3)ncnc2cc1O[C@H]1CCOC1,train,562.0169999999999,5.093800000000004,0.23296274970156206,39,68
subcategory_homologation.grow-single_1640,CNCc1nn2c3cccc(O)c3c(=O)c3c(NCCN)ccc1c32,1,homologation,grow-single,NCCNc1ccc2c(CNCCCO)nn3c4cccc(O)c4c(=O)c1c23,,O=c1c2ccccc2n2ncc3cccc1c32,train,337.3830000000001,1.2342999999999995,0.40844367697148154,25,40
subcategory_homologation.grow-single_408,CCCN(CCC)C1Cc2cccc3c2N(C1)C(=O)OC3,0,authentic,authentic,,,O=C1OCc2cccc3c2N1CCC3,val,288.3910000000001,3.1899000000000015,0.8339156756170986,21,34
subcategory_homologation.grow-single_1672,CCCNCC(O)COC(=O)c1cccc(F)c1,1,homologation,grow-single,COc1ccc(CCNCC(O)COC(=O)c2cccc(F)c2)cc1OC,2,O=C(OCCCNCCc1ccccc1)c1ccccc1,train,255.289,1.3429999999999997,0.570040085926981,18,27
subcategory_homologation.grow-single_331,C1=C(c2cncnc2)C2CC[C@H](CC1)N2,0,authentic,authentic,,,C1=C(c2cncnc2)C2CC[C@H](CC1)N2,val,201.27299999999994,1.7744,0.7521971647104027,15,30
subcategory_homologation.grow-single_857,COc1ccc(N2C(=O)[C@H](CC[C@@H](O)c3ccccc3)[C@H]2c2ccc(O)cc2)cc1,0,authentic,authentic,,,O=C1[C@H](CCCc2ccccc2)[C@@H](c2ccccc2)N1c1ccccc1,train,403.47800000000007,4.618700000000005,0.5650181823070631,30,62
subcategory_homologation.grow-single_1080,CCCN(C)CCNC1=Nc2cc(Cl)c(F)cc2Nc2cc(F)ccc21,1,homologation,grow-single,CN1CCN(C2=Nc3cc(Cl)c(F)cc3Nc3cc(F)ccc32)CC1,0 1 2 3 4 5 6 7,c1ccc2c(c1)N=C(N1CCNCC1)c1ccccc1N2,train,378.85400000000004,4.684900000000003,0.7927903207551787,26,42
subcategory_homologation.grow-single_1029,CCC[C@@]1(C#N)CCc2c1ccc(OC)c2OC,1,homologation,grow-single,COc1ccc(CCN(C)CCC[C@@]2(C#N)CCc3c2ccc(OC)c3OC)cc1OC,,c1ccc(CCNCCCC2CCc3ccccc32)cc1,train,245.32199999999997,3.2114800000000017,0.8175908338261783,18,31
subcategory_homologation.grow-single_782,Cc1cc(-c2c(F)cc3c(=O)c(Cc4ccccc4CO)cn(C4CC4)c3c2F)cc(C)n1,0,authentic,authentic,,,O=c1c(Cc2ccccc2)cn(C2CC2)c2cc(-c3ccncc3)ccc12,train,446.49700000000024,5.376540000000005,0.4480745582201814,33,57
subcategory_homologation.grow-single_1593,CCCNCCC1CCCc2ccccc2C1=O,1,homologation,grow-single,Cc1ccccc1OC1CCN(CCC2CCCc3ccccc3C2=O)CC1,2 3 4 5,O=C1c2ccccc2CCCC1CCN1CCC(Oc2ccccc2)CC1,train,245.36599999999999,3.211500000000002,0.637265922331427,18,23
subcategory_homologation.grow-single_577,C/C=C(\NC(=O)CCCc1cccs1)C(=O)O,0,authentic,authentic,,,c1ccsc1,train,253.323,2.1754,0.76352207701556,17,30
subcategory_homologation.grow-single_1575,CCCCC(=NC1(CCC)CCCC1)NCc1ccc(-c2ccccc2-c2nn[nH]n2)cc1,1,homologation,grow-single,CCCCC1=NC2(CCCC2)CC(=O)N1Cc1ccc(-c2ccccc2-c2nn[nH]n2)cc1,0 1 2 3 4 5 6 7 8 9 10 11 12 14 16,O=C1CC2(CCCC2)N=CN1Cc1ccc(-c2ccccc2-c2nn[nH]n2)cc1,train,444.62700000000007,6.324900000000006,0.28300805954500413,33,53
subcategory_homologation.grow-single_945,CCC1C2CCC3=CC(=O)C=CC3(C)C2(F)C(O)CC1(C)C(O)(CC)C(=O)CCl,1,homologation,grow-single,CC1CC2C3CCC4=CC(=O)C=CC4(C)C3(F)C(O)CC2(C)C1(O)C(=O)CCl,9 14 15 16 21 22 23 26,O=C1C=CC2C(=C1)CCC1C3CCCC3CCC21,train,426.95600000000024,3.922400000000003,0.6531332251955613,29,56
subcategory_homologation.grow-single_902,CCCC(=O)c1ccc(OCCCCOc2ccc(F)c(C(=O)O)c2)c(C)c1O,0,authentic,authentic,,,c1ccc(OCCCCOc2ccccc2)cc1,train,404.4340000000001,4.758720000000005,0.4143548016479259,29,47
subcategory_homologation.grow-single_1168,COC(=O)CN1C(=O)CN=C(c2ccccc2Cl)c2cc([N+](=O)[O-])ccc21,1,homologation,grow-single,CCCOC(=O)CN1C(=O)CN=C(c2ccccc2Cl)c2cc([N+](=O)[O-])ccc21,,O=C1CN=C(c2ccccc2)c2ccccc2N1,train,387.77900000000017,2.605200000000001,0.4555311262560806,27,54
subcategory_homologation.grow-single_1389,CCCOC(=O)CCC(NC(=O)c1ccc2nc(N)nc(O)c2c1)C(=O)OCC,1,homologation,grow-single,CCOC(=O)CCC(NC(=O)c1ccc2nc(N)nc(O)c2c1)C(=O)OCC,3,c1ccc2ncncc2c1,train,404.42300000000023,1.3124999999999998,0.5247679831688528,29,48
subcategory_homologation.grow-single_753,CCCCCCCOc1ccc(CCC(N)(CO)CCCC)cc1,0,authentic,authentic,,,c1ccccc1,train,335.5320000000001,4.848400000000003,0.47790523163319176,24,32
subcategory_homologation.grow-single_397,CCOC(=O)C1=C(COCCN)NC(C)=C(C(=O)OC)C1c1ccccc1Cl.O=C(O)CCCCC(=O)O,0,authentic,authentic,,,C1=CC(c2ccccc2)C=CN1,train,555.0240000000003,2.9823000000000013,0.20819381751925475,38,64
subcategory_homologation.grow-single_1831,COC(=O)[C@@H](c1ccc(F)cc1)[C@@H]1CCCCN1,1,homologation,grow-single,COC(=O)[C@@H](c1ccc(F)cc1)[C@@H]1CCCCN1.Cl,,c1ccc(C[C@@H]2CCCCN2)cc1,train,251.30099999999996,2.2244,0.8371206282490448,18,39
subcategory_homologation.grow-single_960,CCCCCNC(=O)c1ccc(Cl)s1,1,homologation,grow-single,O=C(NCCCCn1cncn1)c1ccc(Cl)s1,3,O=C(NCCCCn1cncn1)c1cccs1,train,231.74800000000002,3.321500000000002,0.7743567384360857,14,22
subcategory_homologation.grow-single_1606,CCOc1c(C)cnc(CS(=O)c2nc3nc(OC)ccc3[nH]2)c1C,1,homologation,grow-single,COc1ccc2[nH]c(S(=O)Cc3ncc(C)c(OC)c3C)nc2n1,2,O=S(Cc1ccccn1)c1nc2ncccc2[nH]1,test,360.4390000000001,2.6848400000000003,0.7267747060312489,25,43
subcategory_homologation.grow-single_1811,CCC[C@](C#N)(c1cc(OC)c(OC)c(OC)c1)C(C)C,1,homologation,grow-single,COc1ccc(CCN(C)CCC[C@](C#N)(c2cc(OC)c(OC)c(OC)c2)C(C)C)cc1OC,,c1ccc(CCCCNCCc2ccccc2)cc1,train,291.391,3.9298800000000034,0.7634683967914793,21,39
subcategory_homologation.grow-single_633,C[C@]12C=CC(=O)C=C1CCC1C3CC[C@](O)(C(=O)CO)[C@@]3(C)C[C@H](O)[C@@]12F,0,authentic,authentic,,,O=C1C=CC2C(=C1)CCC1C3CCCC3CCC21,train,378.4400000000001,1.6497,0.679213941811703,27,69
subcategory_homologation.grow-single_489,CCc1ccc(Cc2cc([C@@H]3O[C@H](CO)[C@@H](O)[C@H](O)[C@H]3O)c(O)cc2Cl)cc1,0,authentic,authentic,,,c1ccc(Cc2cccc([C@H]3CCCCO3)c2)cc1,train,408.87800000000004,1.7136999999999998,0.5149133368245704,28,69
subcategory_homologation.grow-single_1093,CCOC(=O)C=C[C@H]1C(O)CC2(O)C3CCC4CC(OC5CC(O)C(OC6CC(O)C(O)C(C)O6)C(C)O5)CCC4(C)C3CCC12C,1,homologation,grow-single,CC1OC(OC2C(O)CC(OC3CCC4(C)C(CCC5C4CCC4(C)[C@@H](C6=CC(=O)OC6)C(O)CC54O)C3)OC2C)CC(O)C1O,0 1 2 3 4 5 6,O=C1C=C([C@H]2CCC3C4CCC5CC(OC6CCC(OC7CCCCO7)CO6)CCC5C4CCC32)CO1,train,666.8489999999998,2.973200000000001,0.1542082703201162,47,87
subcategory_homologation.grow-single_479,CO[C@H]1C[C@H](O[C@H]2CC[C@@]3(C)[C@H](CC[C@@H]4[C@@H]3CC[C@]3(C)[C@@H](C5=CC(=O)OC5)CC[C@]43O)C2)O[C@H](C)[C@@H]1O,0,authentic,authentic,,,O=C1C=C([C@H]2CCC3C2CC[C@@H]2C4CC[C@H](O[C@H]5CCCCO5)C[C@H]4CC[C@@H]32)CO1,train,518.6910000000004,4.139400000000005,0.42670528771038096,37,115
subcategory_homologation.grow-single_919,CC(C)[C@@H]1CC[C@]2(C(=O)O)CC[C@]3(C)[C@H](CC[C@@H]4[C@@]5(C)CC[C@H](OC(=O)CC(C)(C)C(=O)O)C(C)(C)[C@@H]5CC[C@]43C)[C@@H]12,0,authentic,authentic,,,C1CC[C@@H]2CCC3C4CCC5CCC[C@@H]5[C@H]4CC[C@@H]3C2C1,train,586.8540000000003,8.221200000000009,0.30416630642723225,42,122
subcategory_homologation.grow-single_1605,CCCCCC(C)NC(=O)N(S)S(=O)(=O)c1ccc(CCNC(=O)N2CCC(C)CC2=O)cc1,1,homologation,grow-single,CC1CCN(C(=O)NCCc2ccc(S(=O)(=O)N(S)C(=O)NC3CCCCC3)cc2)C(=O)C1,0 1 2 3 4 5 7,O=C(NC1CCCCC1)NS(=O)(=O)c1ccc(CCNC(=O)N2CCCCC2=O)cc1,train,512.6980000000004,3.7111000000000027,0.3264758827973408,34,59
subcategory_homologation.grow-single_1533,CNC(=O)Cc1ccccc1C,1,homologation,grow-single,Cc1ccccc1CC(=O)NC1CCN(C)CC1,2,O=C(Cc1ccccc1)NC1CCNCC1,train,163.21999999999997,1.2835199999999998,0.6988487223669257,12,17
subcategory_homologation.grow-single_1540,CCC1C(CC2CC(OC3CC(OC)C(O)C(C)O3)CCC2C)OC2CC(C3=CC(=O)CO3)C(C)(C(O)C=O)C21O,1,homologation,grow-single,COC1CC(OC2CCC3(C)C(C2)CC2OC4CC(C5=CC(=O)CO5)C5(C)C(O)C(=O)C3C2C45O)OC(C)C1O,0 1 2 3 4 5 6 7 8 9 10 11 12 13 15 16 17 20 21 22 26 27 30,O=C1C=C(C2CC3OC4CC5CC(OC6CCCCO6)CCC5C5C(=O)CC2C3C45)OC1,train,580.7150000000005,2.3026000000000004,0.34804803872801926,41,74
subcategory_homologation.grow-single_583,COc1c(C)c2c(c(O)c1C/C=C(\C)CCC(=O)OCCN1CCOCC1)C(=O)OC2,0,authentic,authentic,,,O=C(CCC=CCc1ccc2c(c1)C(=O)OC2)OCCN1CCOCC1,train,433.5010000000003,2.52402,0.46901748000616883,31,54
subcategory_homologation.grow-single_1250,CC[C@H](C)NC(=O)c1ccc2nc(N)nc(O)c2c1,1,homologation,grow-single,CCOC(=O)CCC(NC(=O)c1ccc2nc(N)nc(O)c2c1)C(=O)OCC,,c1ccc2ncncc2c1,train,260.29699999999997,1.4458999999999997,0.7748835194185026,19,36
subcategory_homologation.grow-single_909,O=C(Nc1ccc(Oc2ccnc(C(=O)NO)c2)cc1)Nc1ccc(Cl)c(C(F)(F)F)c1,0,authentic,authentic,,,O=C(Nc1ccccc1)Nc1ccc(Oc2ccncc2)cc1,train,466.80300000000005,5.309100000000002,0.3005518764783099,32,57
subcategory_homologation.grow-single_486,CCCCCCCCCCCCNCC(O)(Cn1cncn1)c1ccc(F)cc1F,0,authentic,authentic,,,c1ccc(CCn2cncn2)cc1,train,422.564,4.9546000000000054,0.37564934938919997,30,40
subcategory_homologation.grow-single_1473,CCOc1ccc2[nH]c(C(=O)c3cc4ccccc4o3)cc2c1,1,homologation,grow-single,COc1ccc2[nH]c(C(=O)c3cc4ccccc4o3)cc2c1,2,O=C(c1cc2ccccc2[nH]1)c1cc2ccccc2o1,val,305.333,4.543800000000003,0.5629444671919678,23,39
subcategory_homologation.grow-single_1385,CCCCCc1nc(CCC)n(Cc2ccc(-c3ccccc3-c3nn[nH]n3)cc2)c1C(=O)O,1,homologation,grow-single,CCCCc1nc(CCC)n(Cc2ccc(-c3ccccc3-c3nn[nH]n3)cc2)c1C(=O)O,2,c1ccc(-c2nn[nH]n2)c(-c2ccc(Cn3ccnc3)cc2)c1,train,458.56600000000014,5.161900000000005,0.3004221572802628,34,56
subcategory_homologation.grow-single_746,COc1ccc2cc(C(C)(O)CCN3CCCCC3)ccc2c1,0,authentic,authentic,,,c1ccc2cc(CCCN3CCCCC3)ccc2c1,train,313.441,3.9319000000000033,0.9075436220302059,23,35
subcategory_homologation.grow-single_841,CC(C)N=C(N)Nc1ccc(F)cc1Cl,0,authentic,authentic,,,c1ccccc1,train,229.686,2.6141000000000005,0.6051244281400721,15,25
subcategory_homologation.grow-single_89,CCC(CC)O[C@@H]1C=C(C(=O)NCC(=O)O)C[C@H](N)[C@H]1NC(C)=O,0,authentic,authentic,,,C1=CCCCC1,train,341.408,-0.07689999999999747,0.4884438817028248,24,55
subcategory_homologation.grow-single_896,Cc1c(OCC(F)(F)C(F)F)ccnc1CS(=O)c1nc2ccccc2[nH]1,0,authentic,authentic,,,O=S(Cc1ccccn1)c1nc2ccccc2[nH]1,train,401.3850000000001,3.853320000000002,0.6108963384630487,27,47
subcategory_homologation.grow-single_1476,CCS(=O)(=O)CS(=O)(=O)c1ccc(Cl)c(Cl)c1,1,homologation,grow-single,O=S(=O)(CS(=O)(=O)C(F)(F)F)c1ccc(Cl)c(Cl)c1,2,c1ccccc1,train,317.21500000000003,2.1593,0.8532125150613623,17,37
subcategory_homologation.grow-single_339,C[C@@H]1CCCN(CC[C@@H](C)N(C)S(=O)(=O)c2cccc3ccccc23)C1,0,authentic,authentic,,,O=S(=O)(NCCCN1CCCCC1)c1cccc2ccccc12,test,374.5500000000001,3.970800000000003,0.7680592384473611,26,54
subcategory_homologation.grow-single_1656,CCN(C)c1ccnc(CS(=O)c2nc3ccc(OC)cc3[nH]2)c1Cl,1,homologation,grow-single,COc1ccc2nc(S(=O)Cc3nccc(N4CCCC4)c3Cl)[nH]c2c1,1 2 3 4,O=S(Cc1cc(N2CCCC2)ccn1)c1nc2ccccc2[nH]1,train,378.8850000000001,3.3838000000000017,0.711490699830111,25,44
subcategory_homologation.grow-single_1279,CNCCc1ccc(OC)c(OC)c1,1,homologation,grow-single,COc1ccc(CCNCC(O)COC(=O)c2ccc(N)cc2)cc1OC,,O=C(OCCCNCCc1ccccc1)c1ccccc1,train,195.26199999999997,1.4657,0.7713476786645943,14,20
subcategory_homologation.grow-single_1579,CCc1ccc(Oc2cnc(O)nc2)cc1,1,homologation,grow-single,Cc1ccc(Oc2cnc(O)nc2)cc1,2,c1ccc(Oc2cncnc2)cc1,train,216.23999999999998,2.5369,0.8561012415804177,16,24
subcategory_homologation.grow-single_1418,COC(=O)C1CCn2c(C(=O)c3cccc(C(F)(F)F)c3)ccc21,1,homologation,grow-single,O=C(c1cccc(C(F)(F)F)c1)c1ccc2n1CCC2C(=O)O,4,O=C(c1ccccc1)c1ccc2n1CCC2,train,337.297,3.398200000000002,0.6370492440525466,24,44
subcategory_homologation.grow-single_1702,CCNC(=O)c1ccc(N(C(C)=O)c2ccccc2)c(Nc2ccccc2)c1,1,homologation,grow-single,CC(=O)N(c1ccccc1)c1cc2c(cc1Nc1ccccc1)C(=O)NC2=O,0 1 2 3 5,O=C1NC(=O)c2cc(Nc3ccccc3)c(Nc3ccccc3)cc21,train,373.456,4.864500000000003,0.6482825456100361,28,46
subcategory_homologation.grow-single_370,CC(C)CNCC(O)COc1ccccc1,0,authentic,authentic,,,c1ccccc1,train,223.31599999999997,1.6719,0.7385891820094515,16,22
subcategory_homologation.grow-single_332,CC/C(=C/Cn1oc(=O)[nH]c1=O)c1cccc(OCc2nc(-c3ccc(C(F)(F)F)cc3)oc2C)c1,0,authentic,authentic,,,O=c1[nH]c(=O)n(CC=Cc2cccc(OCc3coc(-c4ccccc4)n3)c2)o1,train,501.46100000000024,5.184420000000004,0.3567396452032765,36,67
subcategory_homologation.grow-single_315,CC(C)NC[C@H](O)COc1ccc(OCCOCCc2ccc(F)cc2)cc1,0,authentic,authentic,,,c1ccc(CCOCCOc2ccccc2)cc1,train,391.48300000000006,3.201500000000001,0.5137104776296526,28,44
subcategory_homologation.grow-single_771,CC(C)=CCC/C(C)=C/CC/C(C)=C/Cc1c(O)c2ccccc2oc1=O,0,authentic,authentic,,,O=c1ccc2ccccc2o1,train,366.5010000000001,6.460300000000007,0.4306503672879311,27,47
subcategory_homologation.grow-single_1223,COC(=O)CC(=O)CC(O)/C=C/c1c(C)nc(C)nc1-c1ccc(F)cc1,1,homologation,grow-single,Cc1nc(C)c(/C=C/C(O)CC(=O)CC(=O)O)c(-c2ccc(F)cc2)n1,4,c1ccc(-c2ccncn2)cc1,train,372.3960000000001,2.7959400000000008,0.5937854194078142,27,49
subcategory_homologation.grow-single_268,COc1cccc(CS(=O)c2nc3ccncc3[nH]2)c1,0,authentic,authentic,,,O=S(Cc1ccccc1)c1nc2ccncc2[nH]1,train,287.344,2.2743,0.7990193971430731,20,34
subcategory_homologation.grow-single_1265,CCC(CCNC)[C@@H]1O[C@@H]2C[C@H]3[C@@H]4CCC5=CC(=O)C=C[C@]5(C)[C@H]4[C@@H](O)C[C@]3(C)[C@]2(C(=O)CO)O1,1,homologation,grow-single,C[C@]12C=CC(=O)C=C1CC[C@@H]1[C@@H]2[C@@H](O)C[C@@]2(C)[C@H]1C[C@H]1O[C@@H](C3CCNCC3)O[C@]12C(=O)CO,0 1 2 3 4 6 9,O=C1C=CC2C(=C1)CC[C@@H]1[C@@H]2CCC2C3O[C@H](C4CCNCC4)O[C@@H]3C[C@H]21,train,487.6370000000003,2.552400000000001,0.5068772009921519,35,100
subcategory_homologation.grow-single_1569,CCCCc1onc(O)c1-c1ccccc1,1,homologation,grow-single,NC(Cc1onc(O)c1-c1ccccc1)C(=O)O,4,c1ccc(-c2cnoc2)cc1,train,217.268,3.389800000000002,0.8533662078774402,16,23
subcategory_homologation.grow-single_1794,COC(=O)CC(O)CCC=Cc1c(-c2ccc(F)cc2)nc(N(C)S(C)(=O)=O)nc1C(C)C,1,homologation,grow-single,CC(C)c1nc(N(C)S(C)(=O)=O)nc(-c2ccc(F)cc2)c1C=CC1CC(O)CC(=O)O1,0 1 2 3 4 5 6 7 8,O=C1CCCC(C=Cc2cncnc2-c2ccccc2)O1,test,479.5740000000002,3.519300000000002,0.519326788339517,33,60
subcategory_homologation.grow-single_689,Cc1ccc(Sc2ccnc3sc(C(N)=O)cc23)cc1,0,authentic,authentic,,,c1ccc(Sc2ccnc3sccc23)cc1,test,300.408,3.854820000000002,0.7989038498919613,20,33
subcategory_homologation.grow-single_1355,[2H]C([2H])(OCCC)C([2H])([2H])N1CCN(C2=Nc3ccccc3Sc3ccccc32)CC1,1,homologation,grow-single,[2H]C([2H])(OCCO)C([2H])([2H])N1CCN(C2=Nc3ccccc3Sc3ccccc32)CC1,2,c1ccc2c(c1)N=C(N1CCNCC1)c1ccccc1S2,train,385.56940711200014,4.273700000000003,0.7681564341401697,27,62
subcategory_homologation.grow-single_77,CC1CCN(C(=O)NCCc2ccc(S(=O)(=O)NC(=S)NC3CCCCC3)cc2)C(=O)C1,0,authentic,authentic,,,O=C1CCCCN1C(=O)NCCc1ccc(S(=O)(=O)NC(=S)NC2CCCCC2)cc1,test,480.6560000000003,2.6827000000000005,0.5405869108301309,32,57
subcategory_homologation.grow-single_1078,CCNCCc1ccc(S(=O)(=O)NC(=O)OC)cc1,1,homologation,grow-single,COC(=O)NS(=O)(=O)c1ccc(CCNC(=O)c2cc(Cl)ccc2OC)cc1,2,O=C(NCCc1ccccc1)c1ccccc1,train,286.353,0.8832999999999995,0.7584776260897252,19,32
subcategory_homologation.grow-single_1809,C=C[C@]1(CO)CC2C3Cc4ccc(OCC)c5c4C2(CCN3C)C(O5)[C@@H]1O,1,homologation,grow-single,C=C[C@]1(CO)CC2C3Cc4ccc(OC)c5c4C2(CCN3C)C(O5)[C@@H]1O,3,c1cc2c3c(c1)OC1CCCC4C(C2)NCCC314,train,371.4770000000001,1.8897999999999997,0.7917790710374951,27,54
subcategory_homologation.grow-single_1512,CCCCCCNCc1cc(F)cc(F)c1,1,homologation,grow-single,CCCCCNCc1cc(F)cc(F)c1.Cl,2,c1ccccc1,train,227.298,3.6347000000000023,0.7012249748355351,16,22
subcategory_homologation.grow-single_1710,CCC(CC)NC(=O)c1ccc2nc(N)nc(O)c2c1,1,homologation,grow-single,CCOC(=O)CCC(NC(=O)c1ccc2nc(N)nc(O)c2c1)C(=O)OCC,3,c1ccc2ncncc2c1,train,274.324,1.8359999999999996,0.789267210588265,20,33
subcategory_homologation.grow-single_1105,CCc1cc(Oc2ccc(NC(=O)Nc3ccccc3F)c(F)c2)ccn1,1,homologation,grow-single,CNC(=O)c1cc(Oc2ccc(NC(=O)Nc3ccccc3F)c(F)c2)ccn1,2,O=C(Nc1ccccc1)Nc1ccc(Oc2ccncc2)cc1,train,369.37100000000004,5.358500000000002,0.6364407654254216,27,42
subcategory_homologation.grow-single_1578,CCN1CCN(c2ccc(I)cc2)CC1,1,homologation,grow-single,Ic1ccc(N2CCN(Cc3cnn4ccccc34)CC2)cc1,2,c1ccc(N2CCN(Cc3cnn4ccccc34)CC2)cc1,train,316.1860000000001,2.4331000000000005,0.7734576398902386,15,23
subcategory_homologation.grow-single_1039,CO[C@H](CN(CC(C)C)S(=O)(=O)c1ccc(NO)cc1)[C@H](Cc1ccccc1)NC(=O)OC[C@H]1CNCCO1,1,homologation,grow-single,CC(C)CN(C[C@@H](O)[C@H](Cc1ccccc1)NC(=O)OC[C@H]1CNCCO1)S(=O)(=O)c1ccc(NO)cc1,2,O=C(N[C@H](CCNS(=O)(=O)c1ccccc1)Cc1ccccc1)OC[C@H]1CNCCO1,train,564.7050000000002,2.4753000000000007,0.25498991604248106,39,76
subcategory_homologation.grow-single_207,C[C@H]1NC(=O)[C@H](Cc2ccccc2)NC(=O)[C@H]2CCCN2C(=O)[C@H](Cc2ccccc2)NC1=O,0,authentic,authentic,,,O=C1CNC(=O)[C@H](Cc2ccccc2)NC(=O)[C@H]2CCCN2C(=O)[C@H](Cc2ccccc2)N1,val,462.55000000000024,0.950700000000001,0.628868897694099,34,72
subcategory_homologation.grow-single_1614,CCO[C@@H]1OC[C@H](OC(=O)N[C@@H](Cc2ccccc2)[C@H](O)CN(CC(C)C)S(=O)(=O)c2ccc(CN)cc2)[C@@H]1C,1,homologation,grow-single,CC(C)CN(C[C@@H](O)[C@H](Cc1ccccc1)NC(=O)O[C@H]1CO[C@H]2OCC[C@H]21)S(=O)(=O)c1ccc(CN)cc1,1 2 3 7,O=C(N[C@H](CCNS(=O)(=O)c1ccccc1)Cc1ccccc1)O[C@H]1CO[C@H]2OCC[C@H]21,train,577.7440000000003,2.887900000000001,0.31142700335215223,40,90
subcategory_homologation.grow-single_1729,CC[C@H](C(C)O)[C@H]1CC(SCCNC2=NCCCC2)=C(C(=O)O)N1,1,homologation,grow-single,CC(O)[C@H]1C(=O)N2C(C(=O)O)=C(SCCNC3=NCCCC3)C[C@H]12,0 1 2 3 5 6,O=C1C[C@H]2CC(SCCNC3=NCCCC3)=CN12,train,355.5040000000001,1.9566999999999999,0.4974058148611355,24,49
subcategory_homologation.grow-single_605,Cc1c(N2CC[C@@H]([C@H](C)N)C2)c(F)c(N)c2c(=O)c(C(=O)O)cn([C@@H]3C[C@@H]3F)c12,0,authentic,authentic,,,O=c1ccn(C2CC2)c2cc(N3CCCC3)ccc12,train,406.43300000000005,2.1858200000000005,0.6708165955469055,29,76
subcategory_homologation.grow-single_158,CNc1cccc(S(=O)(=O)N(C[C@@H](O)[C@H](Cc2ccccc2)NC(=O)O[C@H]2CO[C@H]3OCC[C@H]32)CC(C)(C)CCNC(=O)OC)c1,0,authentic,authentic,,,O=C(N[C@H](CCNS(=O)(=O)c1ccccc1)Cc1ccccc1)O[C@H]1CO[C@H]2OCC[C@H]21,train,662.806,2.9510999999999994,0.2229368216289012,46,99
subcategory_homologation.grow-single_317,OCCN(CCO)CCc1ccccc1,0,authentic,authentic,,,c1ccccc1,train,209.28900000000002,0.5156999999999994,0.6876699871661243,15,19
subcategory_homologation.grow-single_281,CC1OC(O)C(OC2CCC3(C)C(CCC4C3CCC3(C)[C@@H](C5=CC(=O)OC5)C(O)CC43O)C2)C(O)C1O,0,authentic,authentic,,,O=C1C=C([C@H]2CCC3C4CCC5CC(OC6CCCOC6)CCC5C4CCC32)CO1,test,536.6620000000004,1.4268999999999992,0.3381649736574973,38,75
