id,smiles,label,category,subcategory,parent_smiles,edited_atoms,scaffold,split,mw,logp,qed,heavy_atoms,smiles_length
subcategory_bioisostere.remove-O_1299,FC1CCC(C2CCNC[C@H]2COc2ccccc2)CC1,1,bioisostere,remove-O,FC1CCC(C2CCNC[C@H]2COc2ccc3c(c2)OCO3)CC1,0 1 2 3 4 5 6 7 8 9 10 11 13 14 15 16 17 18 19 20,c1cc2c(cc1OC[C@@H]1CNCCC1C1CCCCC1)OCO2,train,291.4100000000001,3.8194000000000026,0.9103130635546192,21,33
subcategory_bioisostere.remove-O_1103,CCOC(=O)N1CCC(N2CCC(C3(c4ccc(S(=O)(=O)c5ccccc5)cc4)O[C@H](C)[C@@H](C)O3)CC2)CC1,1,bioisostere,remove-O,CCOC(=O)N1CCC(N2CCC(C3(c4ccc(S(=O)(=O)c5ccc6c(c5)OCO6)cc4)O[C@H](C)[C@@H](C)O3)CC2)CC1,18 21 22 23 24 25 26,O=S(=O)(c1ccc(C2(C3CCN(C4CCNCC4)CC3)OCCO2)cc1)c1ccc2c(c1)OCO2,train,556.7249999999999,4.828900000000004,0.5039336837449494,39,79
subcategory_bioisostere.remove-O_1173,O=C(O)CN1CC[C@H](c2ccc(F)cc2)[C@@H](COc2ccccc2)C1,1,bioisostere,remove-O,O=C(O)CN1CC[C@H](c2ccc(F)cc2)[C@@H](COc2ccc3c(c2)OCO3)C1,0 1 2 3 4 5 6 7 8 9 10 11 12 13 14 15 16 18 19 20 21 22 23 24,c1ccc([C@H]2CCNC[C@@H]2COc2ccc3c(c2)OCO3)cc1,train,343.3980000000001,3.3948000000000027,0.8733761867122259,25,49
subcategory_bioisostere.remove-O_72,C[C@@H](Cc1c[nH]c2ccccc12)NC[C@@H](O)c1cccc(Cl)c1,0,authentic,authentic,,,c1ccc(CCNCCc2c[nH]c3ccccc23)cc1,val,328.8430000000001,4.075500000000003,0.6383707668432778,23,49
subcategory_bioisostere.remove-O_200,CC(=O)O[C@H]1C=C[C@]23CCN(C)Cc4ccc(O)c(c42)O[C@H]3C1,0,authentic,authentic,,,C1=C[C@]23CCNCc4cccc(c42)O[C@H]3CC1,train,315.3690000000001,2.1181,0.6352845325693679,23,52
subcategory_bioisostere.remove-O_702,CCCc1nc(C(C)(C)O)c(C(=O)O)n1Cc1ccc(-c2ccccc2-c2nn[nH]n2)cc1.O,0,authentic,authentic,,,c1ccc(-c2nn[nH]n2)c(-c2ccc(Cn3ccnc3)cc2)c1,train,464.5260000000001,2.831900000000001,0.36101089670582176,34,61
subcategory_bioisostere.remove-O_655,CN(C(=O)c1ccc(Cl)c(Cl)c1)[C@H]1CCCC[C@@]12CCCN2C,0,authentic,authentic,,,O=C(N[C@H]1CCCC[C@@]12CCCN2)c1ccccc1,train,355.30900000000025,4.472400000000004,0.7813756104780374,23,48
subcategory_bioisostere.remove-O_201,Cc1cccc(/C=N/Nc2nncc3ccccc23)c1,0,authentic,authentic,,,C(=N\Nc1nncc2ccccc12)/c1ccccc1,val,262.31600000000003,3.384220000000002,0.5811837035605264,20,31
subcategory_bioisostere.remove-O_1007,CCOC(=O)c1nn(-c2ccccc2)c2c1CCN(c1ccc(N3CCCCC3=O)cc1)C2=O,1,bioisostere,remove-O,CCOC(=O)c1nn(-c2ccc(OC)c(F)c2)c2c1CCN(c1ccc(N3CCCCC3=O)cc1)C2=O,0 1 2 3 4 5 6 8 9 10 11 12 13 14 15 16 17 18 19 20 21 22 23 24 25 26 27 28 29 30 31 32 33,O=C1CCCCN1c1ccc(N2CCc3cnn(-c4ccccc4)c3C2=O)cc1,train,458.5180000000003,3.7688000000000033,0.5436633777204486,34,56
subcategory_bioisostere.remove-O_651,COc1ccnc(C[S@](=O)c2nc3ccc(OC(F)F)cc3[nH]2)c1OC,0,authentic,authentic,,,O=[S@@](Cc1ccccn1)c1nc2ccccc2[nH]1,test,383.37600000000003,2.8843000000000005,0.6751975205030643,26,47
subcategory_bioisostere.remove-O_44,C(=C\c1ccccc1)/C(=N/Nc1nncc2ccccc12)c1ccccc1,0,authentic,authentic,,,C(=C\c1ccccc1)/C(=N/Nc1nncc2ccccc12)c1ccccc1,train,350.42500000000007,5.159400000000003,0.3994518319791938,27,44
subcategory_bioisostere.remove-O_188,CNCC(C)COc1ccccc1OCc1ccccc1,0,authentic,authentic,,,c1ccc(COc2ccccc2)cc1,train,285.387,3.499900000000003,0.8049720538641361,21,27
subcategory_bioisostere.remove-O_727,COCCCNCCOc1ccccc1-c1ccccc1,0,authentic,authentic,,,c1ccc(-c2ccccc2)cc1,train,285.38700000000006,3.358500000000002,0.7166578580003446,21,26
subcategory_bioisostere.remove-O_462,CS[C@@H](n1cncn1)[C@](O)(Cn1cncn1)c1ccc(F)cc1F,0,authentic,authentic,,,c1ccc(C(Cn2cncn2)Cn2cncn2)cc1,train,352.37,1.5974000000000002,0.7256459086707276,24,46
subcategory_bioisostere.remove-O_606,O=C(CS[C@H]1C(=O)N(c2ccc(F)cc2)[C@@H]1c1ccc(O)cc1)c1ccc(F)cc1,0,authentic,authentic,,,O=C(CS[C@H]1C(=O)N(c2ccccc2)[C@@H]1c1ccccc1)c1ccccc1,train,425.4560000000001,4.743000000000004,0.4577632167124115,30,61
subcategory_bioisostere.remove-O_561,CC(c1ccc(Cl)cc1)N1CCOC(C(=O)O)C1,0,authentic,authentic,,,c1ccc(CN2CCOCC2)cc1,train,269.728,2.1864,0.9138510083509952,18,32
subcategory_bioisostere.remove-O_806,CCNC(C(=O)N1CCCC1)C(C)(C)C,1,bioisostere,remove-O,CC(N)C(=O)NC(C(=O)N1CCCC1)C(C)(C)C,0 1 2 4 5 6 7 8 9 10 11 12 13 14,C1CCNC1,train,212.33699999999996,1.6329999999999993,0.7709753561722332,15,26
subcategory_bioisostere.remove-O_1430,CN(C)C(=N)c1ccc(N2CC3(CC3)c3c(C(F)(F)F)nn(-c4ccccc4)c3C2=O)cc1F,1,bioisostere,remove-O,COc1ccc(-n2nc(C(F)(F)F)c3c2C(=O)N(c2ccc(C(=N)N(C)C)c(F)c2)CC32CC2)cc1,21 22 23 24 25 26 27,O=C1c2c(cnn2-c2ccccc2)C2(CC2)CN1c1ccccc1,train,471.458,4.609170000000004,0.3448214332814807,34,63
subcategory_bioisostere.remove-O_1508,Cc1ccccc1C(=O)N1CCCC1c1ccccc1C,1,bioisostere,remove-O,COc1ccc(C(=O)N2CCCC2c2ccccc2C)cc1OC,0 1 2 3 4 5 6 8 9 10 11 12 13 14 15 16 17 18 19 20,O=C(c1ccccc1)N1CCCC1c1ccccc1,train,279.383,4.280740000000003,0.8031365978405298,21,30
subcategory_bioisostere.remove-O_12,O=C(NNS(=O)(=O)c1ccc(C2CCCCC2)cc1)c1cnccn1,0,authentic,authentic,,,O=C(NNS(=O)(=O)c1ccc(C2CCCCC2)cc1)c1cnccn1,train,360.43899999999996,2.1475999999999997,0.79576532073063,25,42
subcategory_bioisostere.remove-O_1208,Cc1ccccc1C(=O)CCN1CCC(c2ccccc2)C1,1,bioisostere,remove-O,O=C(CCN1CCC(c2ccccc2)C1)c1ccc2c(c1F)OC=CO2,0 1 2 3 4 5 6 8 9 10 11 12 13 14 15 16 17 18 19 20 21,O=C(CCN1CCC(c2ccccc2)C1)c1ccc2c(c1)OC=CO2,train,293.41,4.057320000000003,0.774924745998132,22,33
subcategory_bioisostere.remove-O_1298,Cn1cc(C(=O)Cc2ccccc2)cc1CN,1,bioisostere,remove-O,Cn1cc(C(=O)Cc2ccccc2)cc1CC(=O)NO,0 1 2 3 4 5 6 7 8 9 10 11 12 13 14,O=C(Cc1ccccc1)c1cc[nH]c1,train,228.295,1.9092,0.8125097147517749,17,26
subcategory_bioisostere.remove-O_901,CCc1oc2ccccc2c1C(=O)c1cccc(C)c1,1,bioisostere,remove-O,CCc1oc2ccccc2c1C(=O)c1ccc(OC(C)=O)cc1,11 13 14 15 16 17 18 19,O=C(c1ccccc1)c1coc2ccccc12,train,264.32399999999996,4.534620000000004,0.6502510083605516,20,31
subcategory_bioisostere.remove-O_1122,C=CNN1c2ccc(Cl)cc2N=C(N2CCN(C)CC2)c2ccccc21,1,bioisostere,remove-O,CN1CCN(C2=Nc3cc(Cl)ccc3N(NC(=O)C(F)(F)F)c3ccccc32)CC1,0 1 3 4 5 6 7 8 9 10 11 12 13 14 15 16 17 18 19 20 21 22 23 24,c1ccc2c(c1)N=C(N1CCNCC1)c1ccccc1N2,train,367.8840000000001,3.7653000000000025,0.8758199052759721,26,43
subcategory_bioisostere.remove-O_165,O=C1NC(c2ccccc2)(c2ccccc2)C(=O)N1CO,0,authentic,authentic,,,O=C1NC(=O)C(c2ccccc2)(c2ccccc2)N1,train,282.29900000000004,1.4318,0.8367482693471913,21,35
subcategory_bioisostere.remove-O_1303,CCCCCC1Sc2ccccc2NC1=O,1,bioisostere,remove-O,O=C(O)CC1Sc2ccccc2NC1=O,0 1 2 3 4 5,O=C1CSc2ccccc2N1,train,235.352,3.6797000000000013,0.8065394962912426,16,21
subcategory_bioisostere.remove-O_769,CCOC(=O)C(Cc1ccccc1)C(=O)NO,0,authentic,authentic,,,c1ccccc1,train,237.25500000000002,0.9138,0.34531175160922833,17,27
subcategory_bioisostere.remove-O_1566,Cc1cccc(NC(=O)c2c(O)c3cccnc3n(-c3ccccc3)c2=O)c1,1,bioisostere,remove-O,COc1ccc(NC(=O)c2c(O)c3cccnc3n(-c3ccccc3)c2=O)cc1,0 1 2 3 4 5 7 8 9 10 11 12 13 14 15 16 17 18 19 20 21 22 23 24 25 26,O=C(Nc1ccccc1)c1cc2cccnc2n(-c2ccccc2)c1=O,train,371.39600000000013,3.652020000000002,0.5756881438452288,28,47
subcategory_bioisostere.remove-O_876,CCCC[C@H](O)CC(=O)C=Cc1c(-c2ccc(F)cc2)c2ccccc2n1C(C)C,1,bioisostere,remove-O,CC(C)n1c(C=CC(=O)C[C@@H](O)CC(=O)O)c(-c2ccc(F)cc2)c2ccccc21,0 1 2 3 4,c1ccc(-c2c[nH]c3ccccc23)cc1,train,407.5290000000001,6.551800000000006,0.4086203599019158,30,53
subcategory_bioisostere.remove-O_67,CC(C)(C)OC(=O)N[C@@H](Cc1ccccc1)C(=O)N[C@H]1CNC(=O)CCCCOC(=O)[C@H](O)[C@H](CC2CCCCC2)NC1=O,0,authentic,authentic,,,O=C1CCCCOC(=O)C[C@H](CC2CCCCC2)NC(=O)[C@@H](NC(=O)CCc2ccccc2)CN1,train,616.756,2.266600000000001,0.2904022833746067,44,90
subcategory_bioisostere.remove-O_1542,CN(C)CCCCc1ccc(OCCCCCCN2CCCCC2)cc1,1,bioisostere,remove-O,O=C1CCc2ccc(OCCCCCCN3CCCCC3)cc2N1,0 1 2 3 4 5 6,O=C1CCc2ccc(OCCCCCCN3CCCCC3)cc2N1,train,360.5860000000001,4.996000000000005,0.46062454366961214,26,34
subcategory_bioisostere.remove-O_367,Fc1ccc([C@@H]2CCNC[C@H]2COc2ccc3c(c2)OCO3)cc1.O=C(O)/C=C/C(=O)O,0,authentic,authentic,,,c1ccc([C@@H]2CCNC[C@H]2COc2ccc3c(c2)OCO3)cc1,train,445.4430000000002,3.0383000000000004,0.5816630655063384,32,63
subcategory_bioisostere.remove-O_1217,CCCC(O)/C=C/c1c(-c2ccc(F)cc2)c2ccccc2n1C(C)C,1,bioisostere,remove-O,CC(C)n1c(/C=C/C(O)C[C@H](O)CC(=O)O)c(-c2ccc(F)cc2)c2ccccc21,0 1 3 4 5 6 7 8 9 10 11 12 13 14 15 16 17 18 19 20 21 22 23 24 25,c1ccc(-c2c[nH]c3ccccc23)cc1,train,351.4650000000001,6.202500000000006,0.561575468580734,26,44
subcategory_bioisostere.remove-O_713,CCOCCOCCOP(=O)(N1CC1(C)C)N1CC1(C)C,0,authentic,authentic,,,O=[PH](N1CC1)N1CC1,test,320.37000000000006,2.3526,0.34981239353598287,21,34
subcategory_bioisostere.remove-O_496,Nc1cc(Cl)c(Cl)c(-c2nnc(N)nc2N)c1,0,authentic,authentic,,,c1ccc(-c2cncnn2)cc1,train,271.111,1.592,0.6778521739228344,17,32
subcategory_bioisostere.remove-O_2,CCS(=O)(=O)c1ccc(OC)c(-c2ccc(CN3CCCC3)[nH]2)c1,0,authentic,authentic,,,c1ccc(-c2ccc(CN3CCCC3)[nH]2)cc1,val,348.46800000000013,3.0797000000000017,0.8713265808112366,24,46
subcategory_bioisostere.remove-O_1521,CCNC(=O)N[C@H](CNC(=O)c1ccc(Cl)s1)C(=O)Nc1ccc(N(CCO)C(C)C)cc1F,1,bioisostere,remove-O,CCNC(=O)N[C@H](CNC(=O)c1ccc(Cl)s1)C(=O)Nc1ccc(N2CCOCC2=O)cc1F,24 28 29 30,O=C(CCNC(=O)c1cccs1)Nc1ccc(N2CCOCC2=O)cc1,train,514.0230000000003,2.8039000000000014,0.3160445108858918,34,62
subcategory_bioisostere.remove-O_780,C=C(CC)OCN1C(=O)CCc2ccc(OCCCCN3CCN(c4cccc(Cl)c4Cl)CC3)cc21,0,authentic,authentic,,,O=C1CCc2ccc(OCCCCN3CCN(c4ccccc4)CC3)cc2N1,train,532.5120000000003,6.151600000000007,0.25664802427713024,36,58
subcategory_bioisostere.remove-O_1477,Cc1cccc(NC(=O)c2n[nH]c3c2C2(CC2)CN(c2ccc(N4CCCCC4=O)cc2)C3=O)c1,1,bioisostere,remove-O,COc1ccc(NC(=O)c2n[nH]c3c2C2(CC2)CN(c2ccc(N4CCCCC4=O)cc2)C3=O)cc1F,0 1 2 3 4 5 7 8 9 10 11 12 13 14 15 16 17 18 19 20 21 22 23 24 25 26 27 28 29 30 31 32 33,O=C(Nc1ccccc1)c1n[nH]c2c1C1(CC1)CN(c1ccc(N3CCCCC3=O)cc1)C2=O,train,469.5450000000003,4.179320000000003,0.5989294917558251,35,63
subcategory_bioisostere.remove-O_987,CCCCN1CCN(C2=Nc3cc(Cl)ccc3Nc3ccccc32)CC1,1,bioisostere,remove-O,CN1C=CC=C(C(=O)N2CCN(C3=Nc4cc(Cl)ccc4Nc4ccccc43)CC2)C1,0 1 2 3 5 6 7 8 9 10 11 12 13 14 15 16 17 18 19 20 21 22 23 24,O=C(C1=CC=CNC1)N1CCN(C2=Nc3ccccc3Nc3ccccc32)CC1,train,368.91200000000015,4.893000000000004,0.8360119671285181,26,40
subcategory_bioisostere.remove-O_330,NC(=O)c1cc(-c2ccc(Cl)cc2)nnc1Cl,0,authentic,authentic,,,c1ccc(-c2cccnn2)cc1,train,268.10299999999995,2.5493000000000006,0.9094073369253812,17,31
subcategory_bioisostere.remove-O_64,C=CCN1CCN(C(c2ccccc2)c2ccc(-c3cccs3)cc2)CC1,0,authentic,authentic,,,c1ccc(C(c2ccc(-c3cccs3)cc2)N2CCNCC2)cc1,train,374.5530000000001,5.308100000000006,0.5397123938487065,27,43
subcategory_bioisostere.remove-O_311,C=C1CC(c2ccccc2)(c2ccccc2)OC1=O,0,authentic,authentic,,,C=C1CC(c2ccccc2)(c2ccccc2)OC1=O,test,250.29699999999997,3.433300000000002,0.6026162934477514,19,31
subcategory_bioisostere.remove-O_399,C=C(c1ccccc1OCc1ccc(CC)cc1)n1ccnc1,0,authentic,authentic,,,C=C(c1ccccc1OCc1ccccc1)n1ccnc1,train,304.393,4.543500000000004,0.6680827979527851,23,34
subcategory_bioisostere.remove-O_346,CO[C@H]1[C@@H](O)[C@H](C)O[C@@H](O[C@H]2CC[C@@]3(C)[C@H](CC[C@@H]4[C@@H]3CC[C@]3(C)[C@@H](C5=CC(=O)OC5)[C@@H](O)C[C@]43O)C2)[C@@H]1O,0,authentic,authentic,,,O=C1C=C([C@H]2CCC3C2CC[C@@H]2C4CC[C@H](O[C@H]5CCCCO5)C[C@H]4CC[C@@H]32)CO1,train,550.6890000000004,2.080999999999999,0.30651572625000356,39,132
subcategory_bioisostere.remove-O_629,CCOC(=O)c1sc(-c2ccc(OC(F)F)c(C#N)c2)nc1C,0,authentic,authentic,,,c1ccc(-c2nccs2)cc1,train,338.3350000000001,3.7683000000000026,0.7761200837604705,23,40
subcategory_bioisostere.remove-O_1577,CNCC1CCN(c2nc3c(cc2F)c(=O)c(C(C)C)cn3C2CC2)C1,1,bioisostere,remove-O,CNCC1CCN(c2nc3c(cc2F)c(=O)c(C(=O)O)cn3C2CC2)C1,0 1 2 3 4 5 6 7 8 9 10 11 12 13 14 15 17 18 19 20 21 22 23 24 25,O=c1ccn(C2CC2)c2nc(N3CCCC3)ccc12,test,358.4610000000002,3.039600000000002,0.8925614945722856,26,45
subcategory_bioisostere.remove-O_1302,NCC(c1ccccc1)c1ccccc1,1,bioisostere,remove-O,COc1ccc(C(CN)c2ccccc2)cc1OC,0 1 3 4 5 6 7 8 9 10 11 12 13 14,c1ccc(Cc2ccccc2)cc1,train,197.28099999999998,2.7772000000000014,0.8040923145667166,15,21
subcategory_bioisostere.remove-O_244,CN1CC=C(CCc2cccc3ccccc23)CC1,0,authentic,authentic,,,C1=C(CCc2cccc3ccccc23)CCNC1,val,251.373,4.0343000000000035,0.7443061251960574,19,28
subcategory_bioisostere.remove-O_319,CC(C)(C)OC(=O)N1CC[C@@H](c2ccc(F)cc2)[C@H](COc2ccc3c(c2)OCO3)C1,0,authentic,authentic,,,c1ccc([C@@H]2CCNC[C@H]2COc2ccc3c(c2)OCO3)cc1,train,429.4880000000003,4.974000000000005,0.6865956604332205,31,63
subcategory_bioisostere.remove-O_1085,CCC(CCC#N)NC(=O)c1cc(C(F)(F)F)ccc1Oc1ccc(OC)cc1,1,bioisostere,remove-O,COc1ccc(Oc2ccc(C(F)(F)F)cc2C(=O)NC2CCNC(=O)C2)cc1,0 1 3 4 5 6 7 8 9 10 11 12 13 14 15 16 17 18 19 20 21 22 23 24 25 26 27 28,O=C1CC(NC(=O)c2ccccc2Oc2ccccc2)CCN1,train,406.4040000000001,5.3184800000000045,0.6442033304934854,29,47
subcategory_bioisostere.remove-O_1514,COc1ccc(-c2nc(C)sc2C(C)C)cc1F,1,bioisostere,remove-O,COc1ccc(-c2nc(C)sc2C(=O)O)cc1F,0 1 2 3 4 5 6 7 8 9 10 12 13 14 15 16 17,c1ccc(-c2cscn2)cc1,train,265.353,4.389620000000003,0.8207780596642301,18,29
subcategory_bioisostere.remove-O_1587,CCN1CCN(Cc2noc3ccccc23)CC1,1,bioisostere,remove-O,CCCC(=O)N1CCN(Cc2noc3ccccc23)CC1,0 1 3 4 5 6 7 8 9 10 11 12 13 14 15 16,c1ccc2c(CN3CCNCC3)noc2c1,train,245.326,1.9652999999999998,0.8272980368995427,18,26
subcategory_bioisostere.remove-O_1071,CC(C)c1cccc2[nH]c(/C=C/C(O)CC(=O)CC(C)(C)C)c(-c3ccc(F)cc3)c12,1,bioisostere,remove-O,COC(=O)CC(=O)CC(O)/C=C/c1[nH]c2cccc(C(C)C)c2c1-c1ccc(F)cc1,0 1 2 3 4 5 6 7 8 9 10 11 12 13 14 15 16 18 19 20 21 22 23 24 25 26 27 28 29 30,c1ccc(-c2c[nH]c3ccccc23)cc1,train,421.55600000000015,6.866900000000007,0.4373959150622269,31,61
subcategory_bioisostere.remove-O_95,COc1ccc2c(c1)c(CC(=O)[O-])c(C)n2C(=O)c1ccc(Cl)cc1,0,authentic,authentic,,,O=C(c1ccccc1)n1ccc2ccccc21,train,356.78499999999997,2.59262,0.7200102973128708,25,49
subcategory_bioisostere.remove-O_821,Cc1ccccc1Cn1c(N)nc2cc(Cl)c(Cl)cc21,1,bioisostere,remove-O,COc1ccc(Cn2c(N)nc3cc(Cl)c(Cl)cc32)cc1,0 1 2 3 4 5 6 8 9 10 11 12 13 14 15 16 17 18 19,c1ccc(Cn2cnc3ccccc32)cc1,train,306.196,4.282020000000002,0.7676059540750555,20,34
subcategory_bioisostere.remove-O_612,Cc1nnc(-c2cc(F)c(C)cc2Cl)c(N)n1,0,authentic,authentic,,,c1ccc(-c2cncnn2)cc1,train,252.67999999999998,2.5301399999999994,0.8470621456112373,17,31
subcategory_bioisostere.remove-O_528,CCOCn1cnc2[nH]c(=O)[nH]c(=O)c21,0,authentic,authentic,,,O=c1[nH]c(=O)c2[nH]cnc2[nH]1,train,210.19299999999998,-0.5931000000000002,0.7074811513677743,15,31
subcategory_bioisostere.remove-O_1141,CC(C)[C@@H]1C[C@H](Cc2ccccc2)CN1C(=O)[C@H](C)NC(=O)OC(C)(C)C,1,bioisostere,remove-O,C[C@H](NC(=O)OC(C)(C)C)C(=O)N1C[C@@H](Cc2ccccc2)C[C@H]1C(=O)O,0 1 2 4 5 6 7 8 9 10 11 12 13 14 15 16 17 18 19 20 21 22 23 24 25 26,c1ccc(C[C@H]2CCNC2)cc1,train,374.52500000000015,4.015400000000003,0.8468834914670498,27,60
subcategory_bioisostere.remove-O_394,CSc1ccc(/C=N\Nc2nncc3ccccc23)cc1,0,authentic,authentic,,,C(=N/Nc1nncc2ccccc12)/c1ccccc1,train,294.38300000000004,3.7977000000000025,0.4515873569429603,21,32
subcategory_bioisostere.remove-O_298,CCc1ccc(C2=C[C@H](c3cccc(F)c3)n3ncnc3N2)cc1,0,authentic,authentic,,,C1=C(c2ccccc2)Nc2ncnn2[C@H]1c1ccccc1,train,320.371,4.035600000000001,0.7919288279714674,24,43
subcategory_bioisostere.remove-O_788,O=C1CCCCC(=O)C1c1ccc2c(c1)OCO2,0,authentic,authentic,,,O=C1CCCCC(=O)C1c1ccc2c(c1)OCO2,train,246.26199999999997,2.2111,0.5628320014011938,18,30
subcategory_bioisostere.remove-O_1434,CN(C)CC1CCCC(=Cc2ccccc2)C1(O)Cc1ccc(F)cc1,1,bioisostere,remove-O,COc1ccc(C=C2CCCC(CN(C)C)C2(O)Cc2ccc(F)cc2)cc1,0 1 2 3 4 5 6 7 8 10 11 12 13 14 15 16 17 18 19 20 21 22 23 24 25,C(=C1CCCCC1Cc1ccccc1)c1ccccc1,train,353.4810000000001,4.544600000000004,0.8526642114501148,26,41
subcategory_bioisostere.remove-O_809,CCCC(=O)CC(O)/C=C/c1c(C(C)C)nn2c(C)ccc2c1-c1ccc(F)cc1,1,bioisostere,remove-O,Cc1ccc2c(-c3ccc(F)cc3)c(/C=C/C(O)CC(=O)CC(=O)O)c(C(C)C)nn12,0 1 2 4 5 6 7 8 9 10 11 12 13 14 15 16 17 18 19 20 21 22 23 24 25 26 27 28 29,c1ccc(-c2ccnn3cccc23)cc1,train,408.5170000000001,5.705620000000006,0.519665975848665,30,53
subcategory_bioisostere.remove-O_544,O=C(O)[C@H]1CSC(Cc2ccccc2O)=N1,0,authentic,authentic,,,c1ccc(CC2=NCCS2)cc1,test,237.28000000000003,1.5332,0.836100109728477,16,30
subcategory_bioisostere.remove-O_645,Clc1ccc(Cc2ccccc2)cc1.O=C(O)COCCN1CCNCC1,0,authentic,authentic,,,C1CNCCN1.c1ccc(Cc2ccccc2)cc1,val,390.91100000000034,2.9236000000000004,0.7116208819957599,27,40
subcategory_bioisostere.remove-O_1336,Cc1ccccc1OC[C@@H]1CNCC[C@H]1c1ccc(F)c(C(=O)CCCc2c(F)cccc2F)c1,1,bioisostere,remove-O,O=C(CCCc1c(F)cccc1F)c1cc([C@@H]2CCNC[C@H]2COc2ccc3c(c2)OCO3)ccc1F,0 1 2 3 4 5 6 8 9 10 11 12 13 14 15 16 17 18 19 20 21 22 23 24 25 26 27 28 29 30 31 32 33 34,O=C(CCCc1ccccc1)c1cccc([C@@H]2CCNC[C@H]2COc2ccc3c(c2)OCO3)c1,train,481.5580000000003,6.390020000000006,0.36007297709731195,35,61
subcategory_bioisostere.remove-O_1031,COc1ccc(N2C(=O)[C@H](CC[C@@H](O)c3ccccc3)[C@H]2c2ccccc2C)cc1,1,bioisostere,remove-O,COc1ccc([C@@H]2[C@@H](CC[C@@H](O)c3ccccc3)C(=O)N2c2ccc(OC)cc2)cc1,0 1 2 3 4 5 6 7 8 9 10 11 12 13 14 15 16 17 18 19 21 22 23 24 25 26 27 28 29,O=C1[C@H](CCCc2ccccc2)[C@@H](c2ccccc2)N1c1ccccc1,train,401.5060000000001,5.221520000000004,0.5522458664583172,30,60
subcategory_bioisostere.remove-O_1467,COC(=O)CCN1CCc2c(C(F)(F)F)nn(-c3cccc(C)c3)c2C1=O,1,bioisostere,remove-O,COC(=O)CCN1CCc2c(C(F)(F)F)nn(-c3ccc(OC)cc3)c2C1=O,0 1 2 3 4 5 6 7 8 9 10 11 12 13 14 15 17 18 19 20 21 22 23 24 25 26,O=C1NCCc2cnn(-c3ccccc3)c21,train,381.35400000000016,2.7609200000000014,0.7643433288669713,27,48
subcategory_bioisostere.remove-O_1443,CCc1cc2n(c1)CN(CCC#N)c1ccccc1-2,1,bioisostere,remove-O,CCOC(=O)c1cc2n(c1)CN(CCC#N)c1ccccc1-2,0 1 3 4 5 6 7 8 9 10 11 12 13 14 15 16 17,c1ccc2c(c1)NCn1cccc1-2,test,251.333,3.408680000000002,0.8369074586185147,19,31
subcategory_bioisostere.remove-O_1392,CCCCc1oc2ccccc2c1C(=O)c1ccccc1,1,bioisostere,remove-O,CCCCc1oc2ccccc2c1C(=O)c1ccc(OCCC)c(F)c1,0 1 2 3 4 5 6 7 8 9 10 11 12 14 15 16 17 18 19,O=C(c1ccccc1)c1coc2ccccc12,train,278.351,5.006400000000005,0.6142320136238424,21,30
subcategory_bioisostere.remove-O_1466,CCCC(O)(CCN1CCCCC1)c1ccccc1,1,bioisostere,remove-O,CCCOc1ccc(C(O)(CCC)CCN2CCCCC2)cc1,0 1 2 4 5 6 7 8 9 10 11 12 13 14 15 16 17,c1ccc(CCCN2CCCCC2)cc1,train,261.40899999999993,3.5503000000000027,0.8462362508217952,19,27
subcategory_bioisostere.remove-O_1058,CCc1c(C)cc2cnn(-c3ccccc3C)c(=O)c2c1C,1,bioisostere,remove-O,CCOC(=O)c1c(C)cc2cnn(-c3ccccc3C)c(=O)c2c1C,0 1 3 4 5 6 7 8 9 10 11 12 13 14 15 16 17 18 19 20,O=c1c2ccccc2cnn1-c1ccccc1,train,292.382,3.8733600000000026,0.7183108518058636,22,36
subcategory_bioisostere.remove-O_259,COCCNC(=O)c1nc(-c2ccc(S(=O)(=O)N3CCN(C)CC3)cc2)cnc1N.Cl,0,authentic,authentic,,,O=S(=O)(c1ccc(-c2cnccn2)cc1)N1CCNCC1,train,470.98300000000023,0.45990000000000136,0.5578183570294764,31,55
subcategory_bioisostere.remove-O_1253,Cc1nc(-c2ccccc2)sc1C(=O)O,1,bioisostere,remove-O,Cc1nc(-c2ccc(OCCF)cc2)sc1C(=O)O,0 1 2 4 5 6 7 8 9 10 11 12 13 14,c1ccc(-c2nccs2)cc1,train,219.26499999999996,2.816720000000001,0.8444768488558598,15,25
subcategory_bioisostere.remove-O_1411,CCCc1ccc(N2CCc3c(C(F)(F)F)nn(-c4ccccc4)c3C2=O)cc1,1,bioisostere,remove-O,CCCc1ccc(N2CCc3c(C(F)(F)F)nn(-c4ccc(OC)cc4C(N)=O)c3C2=O)cc1,0 1 2 3 4 5 6 7 8 9 10 11 12 13 14 15 16 18 19 20 21 22 23 24 25 26 27 28,O=C1c2c(cnn2-c2ccccc2)CCN1c1ccccc1,train,399.41600000000005,5.046500000000004,0.6160475251912632,29,49
subcategory_bioisostere.remove-O_1544,CN(C)C[C@@H]1CCCC[C@@]1(O)c1ccccc1,1,bioisostere,remove-O,COc1cccc([C@]2(O)CCCC[C@H]2CN(C)C)c1.Cl,0 1 2 3 4 5 6 7 8 10 11 12 13 14 15,c1ccc(C2CCCCC2)cc1,train,233.35500000000002,2.6260000000000012,0.8672472499787739,17,34
subcategory_bioisostere.remove-O_1062,CCCOC1c2c(ncn2Cc2ccccc2)N=CN(C)N1C,1,bioisostere,remove-O,CCCOC1c2c(ncn2Cc2ccc(OC)cc2)N=CN(C)N1C,10 11 12 13 14 15 16,C1=Nc2ncn(Cc3ccccc3)c2CNN1,train,313.40500000000003,2.808600000000001,0.8513563505332048,23,34
subcategory_bioisostere.remove-O_762,COc1cccc(-c2nc(O)c3ccccc3n2)c1,0,authentic,authentic,,,c1ccc(-c2ncc3ccccc3n2)cc1,train,252.27300000000002,3.011000000000001,0.7613211619299357,19,30
subcategory_bioisostere.remove-O_440,C=C(C)[C@@H]1CC[C@]2(COC(=O)CC3(CC(=O)O)CCCC3)CC[C@]3(C)[C@H](CC[C@@H]4[C@@]5(C)CCC(=O)C(C)(C)[C@@H]5CC[C@]43C)[C@@H]12,0,authentic,authentic,,,O=C1CCC2[C@@H](CCC3C4CC[C@@]5(COC(=O)CC6CCCC6)CCC[C@@H]5[C@H]4CC[C@@H]32)C1,train,608.9040000000002,9.181500000000003,0.23019896016177144,44,119
subcategory_bioisostere.remove-O_710,c1ccc(Cc2ccc(OC[C@H]3CCCN3)cc2)cc1,0,authentic,authentic,,,c1ccc(Cc2ccc(OC[C@H]3CCCN3)cc2)cc1,train,267.37199999999996,3.4082000000000017,0.8960976742831709,20,34
subcategory_bioisostere.remove-O_472,CCCCC(C)(C)C(=O)NCCN1CCN(c2ccc(Cl)cc2)CC1,0,authentic,authentic,,,c1ccc(N2CCNCC2)cc1,train,365.94900000000007,3.7946000000000026,0.760748155826345,25,41
subcategory_bioisostere.remove-O_127,CC(=O)NONC(C)=O.c1ccc(CSCc2ccccc2)cc1,0,authentic,authentic,,,c1ccc(CSCc2ccccc2)cc1,train,346.452,3.225200000000002,0.7882500071569685,24,37
subcategory_bioisostere.remove-O_333,C[C@@H]1CN(C2CCN(C(=O)c3ccccc3Oc3ccccc3)CC2)CCN1[C@@H](C)c1ccc(S(=O)(=O)c2ccc3c(c2)OCO3)cc1,0,authentic,authentic,,,O=C(c1ccccc1Oc1ccccc1)N1CCC(N2CCN(Cc3ccc(S(=O)(=O)c4ccc5c(c4)OCO5)cc3)CC2)CC1,train,667.8280000000002,6.412300000000008,0.21311608219773312,48,91
subcategory_bioisostere.remove-O_743,Cn1cc(C(=O)c2ccccc2)cc1/C=C/C(=O)NO,0,authentic,authentic,,,O=C(c1ccccc1)c1cc[nH]c1,val,270.288,1.7746999999999997,0.38480724208997064,20,35
subcategory_bioisostere.remove-O_499,COc1ccccc1C(CNC(=O)c1ccc(S(=O)(=O)N2CCCCC2)cc1)N(C)C,0,authentic,authentic,,,O=C(NCCc1ccccc1)c1ccc(S(=O)(=O)N2CCCCC2)cc1,train,445.5850000000003,2.9025000000000016,0.6759850307384326,31,52
subcategory_bioisostere.remove-O_534,CCCOc1ccc(S(=O)(=O)N2CCN(CP(=O)(OCC)OCC)CC2)cc1C(=O)Nc1c(CCC)nn(C)c1C(N)=O,0,authentic,authentic,,,O=C(Nc1cn[nH]c1)c1cccc(S(=O)(=O)N2CCNCC2)c1,train,642.7159999999999,3.0425000000000013,0.2589917720646809,43,74
subcategory_bioisostere.remove-O_619,CCCc1nc(C(F)(F)C(F)(F)F)c(C(=O)O)n1Cc1ccc(-c2ccccc2-n2cnnn2)cc1,0,authentic,authentic,,,c1ccc(-n2cnnn2)c(-c2ccc(Cn3ccnc3)cc2)c1,train,506.4350000000002,4.878900000000004,0.3422993645293528,36,63
subcategory_bioisostere.remove-O_1226,Cc1ccc2c(c1)c(-c1ccc(F)cc1)c(C=C[CH]C[C@@H](O)CC(C)C)n2C(C)C,1,bioisostere,remove-O,Cc1ccc2c(c1)c(-c1ccc(F)cc1)c(C=C[C@@H]1C[C@@H](O)CC(=O)O1)n2C(C)C,0 1 2 3 4 5 6 7 8 9 10 11 12 13 14 15 16 17 18 19 21 22 23 24 25 26 27 28 29,O=C1CCC[C@@H](C=Cc2[nH]c3ccccc3c2-c2ccccc2)O1,train,406.5650000000002,7.351310000000007,0.4154672566097521,30,60
subcategory_bioisostere.remove-O_1329,Fc1ccc([C@@H]2CCN(Cc3ccccc3)C[C@H]2COc2ccccc2)cc1,1,bioisostere,remove-O,Fc1ccc([C@@H]2CCN(Cc3ccccc3)C[C@H]2COc2ccc3c(c2)OCO3)cc1,0 1 2 3 4 5 6 7 8 9 10 11 12 13 14 15 16 17 18 20 21 22 23 24 25 26 27,c1ccc(CN2CC[C@@H](c3ccccc3)[C@H](COc3ccc4c(c3)OCO4)C2)cc1,train,375.4870000000001,5.510400000000005,0.5631628553116762,28,49
subcategory_bioisostere.remove-O_816,CCc1ccc(NC(=O)Nc2cc(C(C)(C)C)sc2CC)cc1,1,bioisostere,remove-O,CCc1ccc(NC(=O)Nc2cc(C(C)(C)C)sc2C(=O)OC)cc1,0 1 2 3 4 5 6 7 8 9 10 11 12 13 14 15 16 17 19 20 21 22,O=C(Nc1ccccc1)Nc1ccsc1,test,330.49700000000007,5.8144000000000045,0.7289582778384663,23,38
subcategory_bioisostere.remove-O_229,CCOC(=O)CCCOc1ccc(OCc2ccc3ccccc3n2)cc1,0,authentic,authentic,,,c1ccc(OCc2ccc3ccccc3n2)cc1,train,365.4290000000001,4.535900000000004,0.4116408467217992,27,38
subcategory_bioisostere.remove-O_407,CC1(O)OC(=O)C(c2ccc(F)c(Cl)c2)=C1c1ccc(S(C)(=O)=O)cc1,0,authentic,authentic,,,O=C1OCC(c2ccccc2)=C1c1ccccc1,train,396.8230000000001,3.058700000000001,0.8063223035423485,26,53
subcategory_bioisostere.remove-O_401,CO[C@]12CC[C@@]3(C[C@@H]1[C@@H](O)CC1CCCC1)[C@H]1Cc4ccc(O)c5c4[C@@]3(CCN1CC1CC1)[C@H]2O5,0,authentic,authentic,,,c1cc2c3c(c1)O[C@H]1C4CC[C@@]5(C[C@@H]4CCC4CCCC4)[C@@H](C2)N(CC2CC2)CC[C@]315,train,479.6610000000003,4.5579000000000045,0.6265025234542315,35,88
subcategory_bioisostere.remove-O_1580,CCNC(=O)N1CCCN(c2ccc(C(=O)NCCc3ccccc3)cc2NC(=O)c2cccc(Cl)c2)CC1,1,bioisostere,remove-O,CCNC(=O)N1CCCN(c2ccc(C(=O)NCCc3ccc(OC)c(OC)c3)cc2NC(=O)c2cccc(Cl)c2)CC1,0 1 2 3 4 5 6 7 8 9 10 11 12 13 14 15 16 17 19 20 21 22 23 24 25 26 27 28 29 30 31 32 33 34 35 36 37 38,O=C(NCCc1ccccc1)c1ccc(N2CCCNCC2)c(NC(=O)c2ccccc2)c1,train,548.0870000000001,4.806400000000004,0.3772591175244574,39,63
subcategory_bioisostere.remove-O_537,CCC(=O)n1c(=O)ccc2ccc(OCCCCN3CCN(c4cccc(Cl)c4Cl)CC3)cc21,0,authentic,authentic,,,O=c1ccc2ccc(OCCCCN3CCN(c4ccccc4)CC3)cc2[nH]1,val,502.4420000000003,5.339700000000006,0.3895658603759617,34,56
subcategory_bioisostere.remove-O_734,COc1cc(C(=O)Nc2nn[nH]n2)nc(-c2ccccc2)c1,0,authentic,authentic,,,O=C(Nc1nn[nH]n1)c1cccc(-c2ccccc2)n1,train,296.29,1.5226,0.7558433930240837,22,39
subcategory_bioisostere.remove-O_728,CC(=O)O[C@H]1C[C@@]2(O)[C@@H](OC(=O)c3ccccc3)[C@@H]3[C@]4(OC(C)=O)CO[C@@H]4C[C@H](O)[C@@]3(C)[C@@H](O)[C@H](OC(C)=O)C(=C1C)C2(C)C,0,authentic,authentic,,,O=C(O[C@@H]1C2CCC=C(CCC3CC[C@H]4OCC4[C@H]31)C2)c1ccccc1,val,630.6870000000001,2.015199999999999,0.2456270589262277,45,129
subcategory_bioisostere.remove-O_578,COc1ccc2c(c1)c(CC(=O)NC(=S)Nc1ccccc1)c(C)n2C(=O)c1ccc(Cl)cc1,0,authentic,authentic,,,O=C(Cc1cn(C(=O)c2ccccc2)c2ccccc12)NC(=S)Nc1ccccc1,train,492.0000000000002,5.355920000000004,0.3678048873714956,34,60
subcategory_bioisostere.remove-O_1410,CCN(CCO)c1ccc(NC[C@@H](O)CNC(=O)c2ccc(Cl)s2)c(F)c1,1,bioisostere,remove-O,O=C(NC[C@H](O)CNc1ccc(N2CCOCC2=O)cc1F)c1ccc(Cl)s1,0 1 3 4 5 6 7 8 9 10 11 12 13 14 15 16 17 18 19 20 21 22 23 24 25,O=C(NCCCNc1ccc(N2CCOCC2=O)cc1)c1cccs1,train,415.918,2.5620000000000003,0.4789949384484536,27,50
subcategory_bioisostere.remove-O_1397,CC(C)CC(CN)C1CCC(C)CC1,1,bioisostere,remove-O,CC1CCC(C(CN)CC(=O)O)CC1.Cl,0 1 2 3 5 6 7 8 9 10 11 12,C1CCCCC1,train,197.36599999999996,3.4337000000000026,0.7338602915887095,14,22
subcategory_bioisostere.remove-O_598,Clc1nc2c(-c3ccccc3)ncnc2n1Cc1ccccc1,0,authentic,authentic,,,c1ccc(Cn2cnc3c(-c4ccccc4)ncnc32)cc1,val,320.783,4.195000000000003,0.5314306784880167,23,35
subcategory_bioisostere.remove-O_1087,C=CN[C@H]1CCc2cc(OC)c(OC)c(OC)c2-c2ccc(NC)c(=O)cc21,1,bioisostere,remove-O,CNc1ccc2c(cc1=O)[C@@H](NC(=O)OC(C)(C)C)CCc1cc(OC)c(OC)c(OC)c1-2,0 1 2,O=c1cccc2c(c1)CCCc1ccccc1-2,train,382.4600000000001,3.5017000000000014,0.7970010784105409,28,51
subcategory_bioisostere.remove-O_1176,CCCS(=O)(=O)N1CCC(N2CCC(C3(c4ccc(S(=O)(=O)c5ccccc5)cc4)CCCO3)CC2)CC1,1,bioisostere,remove-O,CCCS(=O)(=O)N1CCC(N2CCC(C3(c4ccc(S(=O)(=O)c5ccc6c(c5)OCO6)cc4)CCCO3)CC2)CC1,0 1 2 3 4 5 6 7 8 9 10 11 12 13 14 15 16 17 18 20 21 22 23 24 25 26 27 28 29 30 31 32 33 34 35 36 37,O=S(=O)(c1ccc(C2(C3CCN(C4CCNCC4)CC3)CCCO2)cc1)c1ccc2c(c1)OCO2,train,560.782,4.4413000000000045,0.4747395560138903,38,68
subcategory_bioisostere.remove-O_0,CC1(c2ccc(F)cc2)NC(=O)N(CC(=O)NCc2ccccc2)C1=O,0,authentic,authentic,,,O=C(CN1C(=O)NC(c2ccccc2)C1=O)NCc1ccccc1,val,355.369,1.9091,0.8044682146190009,26,45
subcategory_bioisostere.remove-O_874,N#Cc1ccc(C(=O)C=Cc2ccccc2)cc1,1,bioisostere,remove-O,N#Cc1ccc(C(=O)/C=C/c2ccc(OCc3ccc4ccccc4n3)cc2)cc1,9 10 11 12 13 14 15,O=C(/C=C/c1ccc(OCc2ccc3ccccc3n2)cc1)c1ccccc1,val,233.27,3.4543800000000013,0.6013975473012737,18,29
subcategory_bioisostere.remove-O_1439,Cc1nc(-c2ccc(OC[C@H](C)CO)c(C#N)c2)sc1C(C)C,1,bioisostere,remove-O,Cc1nc(-c2ccc(OC[C@H](C)CO)c(C#N)c2)sc1C(=O)O,0 1 2 3 4 5 6 7 8 9 10 11 12 13 14 15 16 17 18 20 21,c1ccc(-c2nccs2)cc1,train,330.45300000000003,4.120800000000003,0.8649270429829716,23,43
subcategory_bioisostere.remove-O_812,CCC(CCN)NC(=O)c1cc(OC(F)(F)F)ccc1Oc1ccc(F)cc1OC,1,bioisostere,remove-O,COc1cc(F)ccc1Oc1ccc(OC(F)(F)F)cc1C(=O)NC1CCNC(=O)C1,0 1 3 4 5 6 7 8 9 10 11 12 13 14 15 16 17 18 19 20 21 22 23 24 25 26 27 28 29,O=C1CC(NC(=O)c2ccccc2Oc2ccccc2)CCN1,train,430.39800000000014,4.382400000000003,0.5771639095862864,30,47
subcategory_bioisostere.remove-O_568,CCc1[nH]c(O)nc1C(=O)c1ccc(SC)cc1,0,authentic,authentic,,,O=C(c1ccccc1)c1c[nH]cn1,train,262.334,2.6306000000000003,0.6563644001991862,18,32
subcategory_bioisostere.remove-O_1235,CCC(=O)OC1(c2ccccc2)CCCCC1CN1CCCCC1,1,bioisostere,remove-O,CCC(=O)OC1(c2cccc(OC)c2)CCCCC1CN1CCCCC1.Cl,0 1 2 3 4 6 7 8 9 10 11 12 13 14 15 16 17 18 19 20 21 22 23,c1ccc(C2CCCCC2CN2CCCCC2)cc1,train,329.48400000000015,4.511200000000004,0.7443767339331253,24,35
subcategory_bioisostere.remove-O_988,CCCCc1onc(O)c1-c1ccccc1,1,bioisostere,remove-O,NC(Cc1onc(O)c1-c1ccccc1)C(=O)O,0 1 2 4 5 6 7 8 9 10 11 12 13 14 15,c1ccc(-c2cnoc2)cc1,train,217.268,3.389800000000002,0.8533662078774402,16,23
subcategory_bioisostere.remove-O_843,COc1cccc(CN2CCCC(C(=O)c3ccccc3)C2)c1OC,1,bioisostere,remove-O,COc1cccc(CN2CCCC(C(=O)c3ccc4c(c3)OCO4)C2)c1OC,0 1 2 3 4 5 6 7 8 9 10 11 12 14 15 16 17 18 19 20 21 22 23 24,O=C(c1ccc2c(c1)OCO2)C1CCCN(Cc2ccccc2)C1,train,339.43500000000006,3.798700000000003,0.7505752992837571,25,38
subcategory_bioisostere.remove-O_178,CC1CCN(C2=Nc3cc(Cl)ccc3Nc3ccccc32)CCN1,0,authentic,authentic,,,c1ccc2c(c1)N=C(N1CCCNCC1)c1ccccc1N2,test,340.8580000000001,4.159100000000003,0.7561382418125494,24,38
subcategory_bioisostere.remove-O_628,CNC(=O)C[S@](=O)C(c1ccccc1)c1ccccc1,0,authentic,authentic,,,c1ccc(Cc2ccccc2)cc1,train,287.384,2.2707000000000006,0.9167068775369628,20,35
subcategory_bioisostere.remove-O_1159,COc1ccc(-c2nc3sccn3c2-c2ccccc2)cc1,1,bioisostere,remove-O,COc1ccc(-c2nc3sccn3c2-c2ccc(OC)cc2)cc1,0 1 2 3 4 5 6 7 8 9 10 11 12 14 15 16 17 18 19 20 21,c1ccc(-c2nc3sccn3c2-c2ccccc2)cc1,train,306.39000000000004,4.738400000000004,0.5463889393730607,22,34
subcategory_bioisostere.remove-O_1106,Cc1ccc(-c2nc(-c3ccccc3)n[nH]2)cc1,1,bioisostere,remove-O,COc1cccc(-c2n[nH]c(-c3ccc(C)cc3)n2)c1,7 8 9 10 11 12 13,c1ccc(-c2n[nH]c(-c3ccccc3)n2)cc1,train,235.29000000000005,3.4471200000000017,0.7387822874239648,18,33
subcategory_bioisostere.remove-O_580,C[N+](C)([O-])CCCC1(c2ccc(F)cc2)OCc2cc(C#N)ccc21,0,authentic,authentic,,,c1ccc(C2OCc3ccccc32)cc1,train,340.3980000000001,3.825580000000003,0.6139383348120493,25,48
subcategory_bioisostere.remove-O_1013,Cc1ccccc1[C@@H]1C(=O)N(c2ccc(F)cc2)[C@@H]1[C@H](O)COc1ccc(F)cc1,1,bioisostere,remove-O,O=C1[C@@H](c2ccc(O)cc2)[C@@H]([C@H](O)COc2ccc(F)cc2)N1c1ccc(F)cc1,0 1 2 3 4 5 6 8 9 10 11 12 13 14 15 16 17 18 19 20 21 22 23 24 25 26 27 28 29,O=C1[C@@H](c2ccccc2)[C@@H](CCOc2ccccc2)N1c1ccccc1,train,409.43200000000013,4.212120000000003,0.6207433340226511,30,63
subcategory_bioisostere.remove-O_684,O=C(O)c1cc(O)c2c(C(F)(F)F)cc(C(F)(F)F)cc2n1,0,authentic,authentic,,,c1ccc2ncccc2c1,train,325.164,3.6761999999999997,0.7848957967824018,22,43
subcategory_bioisostere.remove-O_789,O=c1oc2ccccc2n1CCc1ccncc1,0,authentic,authentic,,,O=c1oc2ccccc2n1CCc1ccncc1,train,240.26199999999994,2.2321999999999997,0.7049660077619516,18,25
subcategory_bioisostere.remove-O_1266,C=Cc1cn(N(C)C)c2cc(N3CCN(C)CC3)c(F)cc2c1=O,1,bioisostere,remove-O,CN1CCN(c2cc3c(cc2F)c(=O)c(C(=O)O)cn3N(C)C)CC1,0 1 3 4 5 6 7 8 9 10 11 12 13 14 15 16 17 18 19 20 21 22,O=c1cc[nH]c2cc(N3CCNCC3)ccc12,train,330.40700000000004,1.733,0.8578665447659668,24,42
subcategory_bioisostere.remove-O_1305,CCN(CCc1cn(-c2ccc(OC)cc2)nc1C(F)(F)F)CC(=O)NC1(CN2CCCC2)CC1,1,bioisostere,remove-O,COc1ccc(-n2nc(C(F)(F)F)c3c2C(=O)N(CC(=O)NC2(CN4CCCC4)CC2)CC3)cc1,0 1 3 4 5 6 7 8 9 10 11 12 13 14 15 16 17 18 19 20 21 22 23 24 25 26 27 28 29 30 31 32 33 34,O=C(CN1CCc2cnn(-c3ccccc3)c2C1=O)NC1(CN2CCCC2)CC1,train,493.5740000000004,3.508700000000003,0.5192790365461265,35,59
subcategory_bioisostere.remove-O_239,NCC1(CC(=O)O)CCCCC1.O=C(O)CC1CCCCC1,0,authentic,authentic,,,C1CCCCC1.C1CCCCC1,train,313.4380000000001,3.4117000000000015,0.7217700686865454,22,35
subcategory_bioisostere.remove-O_1104,C[C@H](NS(=O)(=O)c1ccc(Cl)c(Cl)c1)c1ccc(S(=O)(=O)c2ccccc2)cc1,1,bioisostere,remove-O,COc1ccc(S(=O)(=O)c2cc(OC)ccc2S(=O)(=O)c2ccc([C@H](C)NS(=O)(=O)c3ccc(Cl)c(Cl)c3)cc2)cc1,18 21 22 23 24 25 26,O=S(=O)(NCc1ccc(S(=O)(=O)c2ccccc2S(=O)(=O)c2ccccc2)cc1)c1ccccc1,train,470.39900000000017,4.865700000000003,0.5578481574199099,29,61
subcategory_bioisostere.remove-O_55,NNc1nnc(NN)c2cc(C(F)(F)F)ccc12,0,authentic,authentic,,,c1ccc2cnncc2c1,val,258.207,1.2198000000000004,0.4769209659121538,18,30
subcategory_bioisostere.remove-O_221,O=C(COc1ccc(F)cc1)[C@H]1C(=O)N(c2ccc(F)cc2)[C@@H]1c1ccc(O)cc1,0,authentic,authentic,,,O=C(COc1ccccc1)[C@H]1C(=O)N(c2ccccc2)[C@@H]1c1ccccc1,train,409.3880000000001,4.022600000000002,0.4933228601334684,30,61
subcategory_bioisostere.remove-O_548,CN(C)CCc1cccc2c1NC(=NCc1cccc(Cl)c1)C1(CCNCC1)N2,0,authentic,authentic,,,c1ccc(CN=C2Nc3ccccc3NC23CCNCC3)cc1,train,411.98100000000017,4.0024000000000015,0.6955646237574697,29,47
subcategory_bioisostere.remove-O_648,COc1cc2c(c(OC)c1OC)-c1ccc(=O)c(O[11CH3])cc1[C@@H](NC(C)=O)CC2,0,authentic,authentic,,,O=c1ccc2c(cc1)-c1ccccc1CCC2,train,398.44343360000016,2.871600000000001,0.8339685964981003,29,61
subcategory_bioisostere.remove-O_1454,CCCc1cc(C(C)(C)C)c2c(c1)C(C)(C)CCN2C,1,bioisostere,remove-O,CCCCC(=O)c1cc(C(C)(C)C)c2c(c1)C(C)(C)CCN2C,0 1 2 4 5 6 7 8 9 10 11 12 13 14 15 16 17 18 19,c1ccc2c(c1)CCCN2,train,273.46399999999994,5.0541000000000045,0.7282094087160603,20,36
subcategory_bioisostere.remove-O_926,CC(C)N1CC[C@@H](c2ccc(F)cc2)[C@H](COc2ccc3c(c2)OCO3)C1,1,bioisostere,remove-O,CC(=O)N1CC[C@@H](c2ccc(F)cc2)[C@H](COc2ccc3c(c2)OCO3)C1,0 1 2 4 5 6 7 8 9 10 11 12 13 14 15 16 17 18 19 20 21 22 23 24 25,c1ccc([C@@H]2CCNC[C@H]2COc2ccc3c(c2)OCO3)cc1,train,371.45200000000017,4.447300000000004,0.7771251757204655,27,54
subcategory_bioisostere.remove-O_1378,CC(C)Nc1cccnc1N1CCN(Cc2ccccc2)CC1,1,bioisostere,remove-O,COc1c(C)cc(C(=O)N2CCN(c3ncccc3NC(C)C)CC2)cc1C,0 1 2 3 4 5 6 7 8 9 10 11 12 14 15 16 17 18 19 20 21 22,O=C(c1ccccc1)N1CCN(c2ccccn2)CC1,train,310.44500000000005,3.2241000000000017,0.9186062818275411,23,33
subcategory_bioisostere.remove-O_777,O=C(NCCCc1ccccc1)Nc1nnc(S)s1,0,authentic,authentic,,,O=C(NCCCc1ccccc1)Nc1nncs1,train,294.40500000000003,2.5811000000000006,0.45093039005165636,19,28
subcategory_bioisostere.remove-O_1545,CNc1nc(-c2ccccc2C)cc2ncccc12,1,bioisostere,remove-O,CNc1nc(-c2ccc(OC)cc2)cc2ncccc12,0 1 2 3 5 6 7 8 9 10 11 12 13 14 15 16 17 18,c1ccc(-c2cc3ncccc3cn2)cc1,train,249.31699999999998,3.6469200000000015,0.7530109962456327,19,28
subcategory_bioisostere.remove-O_864,O[C@@H](CNCc1ccccc1F)COc1ccccc1,1,bioisostere,remove-O,O[C@@H](CNCc1ccccc1F)COc1ccc2c(c1)OCO2,0 1 2 3 4 5 6 7 8 9 10 11 12 14 15 16 17 18,c1ccc(CNCCCOc2ccc3c(c2)OCO3)cc1,train,275.323,2.3552,0.8147831169492412,20,31
subcategory_bioisostere.remove-O_662,CCOC(=O)[C@H](CCc1ccccc1)NC(C)C(=O)N1[C@H](C(=O)O)CCCC12CCOC2,0,authentic,authentic,,,O=C(CNCCCc1ccccc1)N1CCCCC12CCOC2,train,446.54400000000044,2.1538000000000004,0.5601510956771749,32,61
subcategory_bioisostere.remove-O_749,COC(=O)CCC(=O)N[C@H](Cc1ccc(Cl)cc1Cl)C(=O)N1CCN(c2ccccc2CNCCc2cccs2)CC1,0,authentic,authentic,,,O=C(CCc1ccccc1)N1CCN(c2ccccc2CNCCc2cccs2)CC1,train,631.6260000000002,4.716500000000004,0.2098486540546595,42,71
subcategory_bioisostere.remove-O_1437,CCc1ccc(NC/C=C/c2ccccc2)cc1,1,bioisostere,remove-O,O=C(O)c1ccc(NC/C=C/c2ccccc2)cc1,0 1 3 4 5 6 7 8 9 10 11 12 13 14 15 16,C(=C\c1ccccc1)/CNc1ccccc1,test,237.34600000000003,4.374300000000003,0.8136518456128093,18,27
subcategory_bioisostere.remove-O_1035,CN(C)C[C@H]1CCc2cc(-c3ccccc3)ccc2[C@]1(O)c1cccc(O)c1,1,bioisostere,remove-O,COc1ccc(-c2ccc3c(c2)CC[C@H](CN(C)C)[C@@]3(O)c2cccc(O)c2)cc1,0 1 2 3 4 5 6 7 8 10 11 12 13 14 15 16 17 18 19 20 21 22 23 24 25 26 27,c1ccc(-c2ccc3c(c2)CCCC3c2ccccc2)cc1,train,373.4960000000001,4.419100000000006,0.7114958992336867,28,52
subcategory_bioisostere.remove-O_214,CC(=O)OCCN1CCN(C(c2ccccc2)c2ccc(Cl)cc2)CC1.Cl.Cl,0,authentic,authentic,,,c1ccc(C(c2ccccc2)N2CCNCC2)cc1,train,445.81800000000015,4.453700000000006,0.6148942545067188,28,48
subcategory_bioisostere.remove-O_400,CN1C2CCCC1CC(NC(=O)c1cccc3[nH]cnc13)C2,0,authentic,authentic,,,O=C(NC1CC2CCCC(C1)N2)c1cccc2[nH]cnc12,val,298.3900000000001,2.308,0.8941467391134081,22,38
subcategory_bioisostere.remove-O_105,CCC(OC(C)=O)c1cc(=O)oc2c(C(=O)CC(C)C)c(O)c(CC=C(C)C)c(O)c12,0,authentic,authentic,,,O=c1ccc2ccccc2o1,train,430.4970000000002,4.955900000000007,0.26332671326266105,31,59
subcategory_bioisostere.remove-O_1583,CCNC[C@H]1CN(c2ccc3c(c2)CCC3)C(=O)O1,1,bioisostere,remove-O,CC(=O)NC[C@H]1CN(c2ccc3c(c2)CCC3)C(=O)O1,0 1 3 4 5 6 7 8 9 10 11 12 13 14 15 16 17,O=C1OCCN1c1ccc2c(c1)CCC2,val,260.33699999999993,2.11,0.9011987536796444,19,36
subcategory_bioisostere.remove-O_1416,O=C(Cn1ccn2nc3c(c2c1=O)CCCC3)Nc1ccccc1,1,bioisostere,remove-O,CCOc1ccc(NC(=O)Cn2ccn3nc4c(c3c2=O)CCCC4)cc1,0 1 2 3 4 5 6 7 8 9 10 11 12 13 14 15 16 18 19 20 21 22,O=C(Cn1ccn2nc3c(c2c1=O)CCCC3)Nc1ccccc1,train,322.368,2.0134999999999996,0.8018911357647518,24,38
subcategory_bioisostere.remove-O_1099,COc1ccc2nc(-c3ccccc3)cc(O)c2c1,1,bioisostere,remove-O,COc1ccc(-c2cc(O)c3cc(OC)ccc3n2)cc1,0 1 2 3 4 5 6 8 9 10 11 12 13 14 15 16 17 18,c1ccc(-c2ccc3ccccc3n2)cc1,val,251.28500000000003,3.6160000000000014,0.7560557623951637,19,30
subcategory_bioisostere.remove-O_676,O=C(c1ccco1)C(O)(Cn1cncn1)c1ccco1,0,authentic,authentic,,,O=C(c1ccco1)C(Cn1cncn1)c1ccco1,val,273.248,1.2348,0.7025802443331277,20,33
subcategory_bioisostere.remove-O_1553,COc1ccc2nc(SCC(=O)Nc3cccc(C)c3)[nH]c2c1,1,bioisostere,remove-O,COc1ccc(NC(=O)CSc2nc3ccc(OC)cc3[nH]2)cc1,0 1 2 3 4 5 6 7 8 9 10 11 13 14 15 16 17 18 19 20 21 22,O=C(CSc1nc2ccccc2[nH]1)Nc1ccccc1,train,327.40900000000005,3.6107200000000015,0.702585737897072,23,39
subcategory_bioisostere.remove-O_965,COc1ccc2c(c1)c(CCC#N)c(C)n2C(=O)c1ccc(Cl)cc1,1,bioisostere,remove-O,COc1ccc2c(c1)c(CC(=O)NOC(C)=O)c(C)n2C(=O)c1ccc(Cl)cc1,0 1 2 3 4 5 6 7 9 10 11 12 13 14 15 16 17 18 19 20 21 22 23 24,O=C(c1ccccc1)n1ccc2ccccc21,train,352.821,4.756400000000004,0.6800265161094504,25,44
subcategory_bioisostere.remove-O_1431,CCC(c1ccc(Cl)cc1)C(c1ccccc1C)n1cnnc1,1,bioisostere,remove-O,CCC(c1ccc(Cl)cc1)C(c1ccc(OC)cc1)n1cnnc1,0 1 2 3 4 5 6 7 8 9 11 12 13 14 15 16 17 18 19 20 21 22,c1ccc(CC(c2ccccc2)n2cnnc2)cc1,train,325.843,5.023120000000005,0.6588508104130145,23,36
subcategory_bioisostere.remove-O_334,CCc1ccc2c(CC(=O)O)cc(=O)oc2c1,0,authentic,authentic,,,O=c1ccc2ccccc2o1,train,232.23499999999999,1.9825,0.8214745594629073,17,29
subcategory_bioisostere.remove-O_303,O=C(O)N1C(=O)NC(=O)C1(c1ccccc1)c1ccccc1,0,authentic,authentic,,,O=C1NC(=O)C(c2ccccc2)(c2ccccc2)N1,train,296.28200000000004,2.16,0.8313800411966872,22,39
subcategory_bioisostere.remove-O_364,CC(CC(=O)O)C1C(=O)N(c2ccc(F)cc2)C1c1ccc(O)cc1,0,authentic,authentic,,,O=C1CC(c2ccccc2)N1c1ccccc1,train,343.35400000000004,3.3462000000000014,0.816356113247567,25,45
subcategory_bioisostere.remove-O_366,COc1ccc(C[C@H]2NC(=O)/C=C/C[C@@H]([C@H](C)/C=C/c3ccccc3)OC(=O)[C@H](CC(C)C)OC(=O)C(C)(C)CNC2=O)cc1Cl,0,authentic,authentic,,,O=C1/C=C/C[C@@H](C/C=C/c2ccccc2)OC(=O)COC(=O)CCNC(=O)[C@@H](Cc2ccccc2)N1,train,653.2160000000001,5.697400000000006,0.3513339933815915,46,100
subcategory_bioisostere.remove-O_340,CCOc1ccccc1NC(=O)C(CN(C)CC)N(C)CC,0,authentic,authentic,,,c1ccccc1,train,307.43800000000005,2.2958,0.7601614210194079,22,33
subcategory_bioisostere.remove-O_215,CCC(C(=O)NCC(=O)NCC(N)=O)N1CCCC1=O,0,authentic,authentic,,,O=C1CCCN1,train,284.316,-1.8948999999999956,0.5054516983840788,20,34
subcategory_bioisostere.remove-O_142,COc1cc2c(c(OC)c1OC(=O)CCl)-c1ccc(SC)c(=O)cc1[C@@H](NC(C)=O)CC2,0,authentic,authentic,,,O=c1cccc2c(c1)CCCc1ccccc1-2,train,477.96600000000024,3.720500000000002,0.29322039217490986,32,62
subcategory_bioisostere.remove-O_1133,COc1ccc2nc(-c3cccnc3-c3ccccc3)[nH]c2c1,1,bioisostere,remove-O,COc1ccc(-c2ncccc2-c2nc3ccc(OC)cc3[nH]2)cc1,0 1 2 3 4 5 6 7 8 9 10 11 12 14 15 16 17 18 19 20 21 22,c1ccc(-c2ncccc2-c2nc3ccccc3[nH]2)cc1,train,301.34900000000005,4.300500000000002,0.613512574529154,23,38
subcategory_bioisostere.remove-O_1314,Cc1cccc(CCNCC(O)c2ccccc2)c1,1,bioisostere,remove-O,COc1ccc(CCNCC(O)c2ccccc2)cc1,0 1 2 3 4 5 6 18,c1ccc(CCNCCc2ccccc2)cc1,train,255.36100000000005,2.8607200000000015,0.7779455444532574,19,27
subcategory_bioisostere.remove-O_186,COc1ccc(C(=O)N2CCN(c3nc(NCCc4ccc(O)cc4)nc(N(C)CCCc4ccc(Cl)cc4)n3)CC2)cc1,0,authentic,authentic,,,O=C(c1ccccc1)N1CCN(c2nc(NCCCc3ccccc3)nc(NCCc3ccccc3)n2)CC1,train,616.166,4.925200000000005,0.22948952402406328,44,72
subcategory_bioisostere.remove-O_569,COc1cc(N)c(Cl)cc1C(=O)N[C@H]1CCN(CC2CCN(C(C)=O)CC2)C[C@H]1OC,0,authentic,authentic,,,O=C(NC1CCN(CC2CCNCC2)CC1)c1ccccc1,train,452.9830000000004,2.0084,0.6406550182816312,31,60
subcategory_bioisostere.remove-O_1513,CNS(=O)(=O)c1cc(C(C)C)c(NCc2ccco2)cc1Cl,1,bioisostere,remove-O,CC.CNS(=O)(=O)c1cc(C(=O)O)c(NCc2ccco2)cc1Cl,0 1 2 3 4 5 6 8 9 10 11 12 13 14 15 16 17 18 19 20 21,c1ccc(NCc2ccco2)cc1,train,342.84800000000007,3.5766000000000027,0.8413380462995458,22,39
subcategory_bioisostere.remove-O_497,COc1cc(O)c2cc(-c3cc(OC)c(C)c(OC)c3C)oc2c1,0,authentic,authentic,,,c1ccc(-c2cc3ccccc3o2)cc1,train,328.3640000000001,4.448040000000003,0.7665588255393649,24,41
subcategory_bioisostere.remove-O_1500,CCCCOCCN1CCN(C(c2ccccc2)c2cccc(Cl)c2)CC1,1,bioisostere,remove-O,Cl.Cl.O=C(O)COCCN1CCN(C(c2ccccc2)c2cccc(Cl)c2)CC1,0 1 2 3 4,c1ccc(C(c2ccccc2)N2CCNCC2)cc1,train,386.9670000000002,4.863700000000005,0.5719486751073418,27,40
subcategory_bioisostere.remove-O_870,Cc1ccccc1C1CCCN1C(=O)c1ccccc1,1,bioisostere,remove-O,COc1ccc(C(=O)N2CCCC2c2ccccc2C)cc1OC,0 1 2 3 4 5 6 7 8 9 10 11 13 14 15 16 17 18,O=C(c1ccccc1)N1CCCC1c1ccccc1,train,265.356,3.9723200000000034,0.8041702194554002,20,29
subcategory_bioisostere.remove-O_387,COc1cc2c(c(OC)c1OC)-c1ccc(SC)c(=O)cc1[C@@H](NCc1ccccc1)CC2,0,authentic,authentic,,,O=c1cccc2c(c1)[C@@H](NCc1ccccc1)CCc1ccccc1-2,test,463.5990000000003,5.238600000000004,0.48388886747690896,33,58
subcategory_bioisostere.remove-O_1552,CCc1ccc2c(c1)[C@@]13CCCC[C@H]1[C@@H](C2)N(CC1CC1)CC3,1,bioisostere,remove-O,CC(=O)c1ccc2c(c1)[C@@]13CCCC[C@H]1[C@@H](C2)N(CC1CC1)CC3,0 1 2,c1ccc2c(c1)C[C@@H]1[C@@H]3CCCC[C@]23CCN1CC1CC1,train,309.49700000000007,4.717400000000004,0.7808429442028928,23,52
subcategory_bioisostere.remove-O_1,COc1ccc2c3c1OC(C3)C[C@@H](C)/C=C\CCCN(C)C2,0,authentic,authentic,,,C1=C\CCC2Cc3c(cccc3O2)CNCCC/1,train,301.43000000000006,3.806700000000003,0.7363571451433552,22,42
subcategory_bioisostere.remove-O_1068,CC(C)n1c(/C=C/[C@H](O)C[C@H](O)CCCN(C)C)c(-c2ccc(F)cc2)c2ccccc21,1,bioisostere,remove-O,CN=C(N)NC(=O)C[C@@H](O)C[C@@H](O)/C=C/c1c(-c2ccc(F)cc2)c2ccccc2n1C(C)C,0 1 2 3 4 5 6 7 8 9 11 12 13 14 15 16 17 18 19 20 21 22 23 24 25 26 27 28 29 30 31,c1ccc(-c2c[nH]c3ccccc23)cc1,train,438.58700000000005,5.495200000000006,0.43970485953679983,32,64
subcategory_bioisostere.remove-O_1564,CC(C)Nc1cccnc1N1CCN(C(=O)c2ccccc2)CC1,1,bioisostere,remove-O,COc1c(C)cc(C(=O)N2CCN(c3ncccc3NC(C)C)CC2)cc1C,0 1 2 3 4 5 6 7 8 9 10 11 12 13 15 16 17 18 19 20 21 22 23,O=C(c1ccccc1)N1CCN(c2ccccn2)CC1,train,324.42800000000005,2.864300000000001,0.9393715735968469,24,37
subcategory_bioisostere.remove-O_963,CCCCC(O)CC(O)/C=C/c1c(-c2ccc(F)cc2)cn(-c2ccccc2)c1C,1,bioisostere,remove-O,COC(=O)CC(O)CC(O)/C=C/c1c(-c2ccc(F)cc2)cn(-c2ccccc2)c1C,0 1 2 3 5 6 7 8 9 10 11 12 13 14 15 16 17 18 19 20 21 22 23 24 25 26 27 28 29,c1ccc(-c2ccn(-c3ccccc3)c2)cc1,train,407.5290000000001,5.907120000000006,0.4632959980964548,30,51
subcategory_bioisostere.remove-O_81,O=C(/C=C/c1ccccc1)NC[C@@H]1CCCC[C@H]1CN1CCC(c2noc3cc(F)ccc23)CC1,0,authentic,authentic,,,O=C(/C=C/c1ccccc1)NC[C@@H]1CCCC[C@H]1CN1CCC(c2noc3ccccc23)CC1,train,475.6080000000003,5.7823000000000055,0.4400995807681717,35,64
subcategory_bioisostere.remove-O_565,CC(C)c1cc2c(=O)c3ccccc3n(C)c2o1,0,authentic,authentic,,,O=c1c2ccccc2[nH]c2occc12,test,241.29,3.408100000000002,0.6540806853342246,18,31
subcategory_bioisostere.remove-O_225,CN(C)CCCC1(c2ccc(F)cc2)OCc2cc(-c3ccccc3)ccc21,0,authentic,authentic,,,c1ccc(-c2ccc3c(c2)COC3c2ccccc2)cc1,train,375.4870000000001,5.608300000000005,0.5552967797765421,28,45
subcategory_bioisostere.remove-O_1382,CC(=O)N1CCC[C@H]1C(=O)N[C@@H](Cc1ccccc1)C(C)(C)C,1,bioisostere,remove-O,CC(=O)N1CCC[C@H]1C(=O)N[C@@H](Cc1ccccc1)C(=O)O,0 1 2 3 4 5 6 7 8 9 10 12 13 14 15 16 17 18 19 20 21,O=C(NCCc1ccccc1)[C@@H]1CCCN1,train,316.4450000000001,2.770900000000001,0.9283686289794898,23,48
subcategory_bioisostere.remove-O_234,O=C(Cc1cc(C(F)(F)F)cc(C(F)(F)F)c1)NCC(c1cc(Cl)cc(Cl)c1Cl)N1CCC(N2CCCCC2)CC1,0,authentic,authentic,,,O=C(Cc1ccccc1)NCC(c1ccccc1)N1CCC(N2CCCCC2)CC1,test,644.9149999999996,8.034700000000006,0.24495178508182944,41,75
subcategory_bioisostere.remove-O_1569,CC(C)NC(CNC(=O)c1ccc(Cl)s1)C(=O)Nc1ccc(N2CCOCC2=O)cc1F,1,bioisostere,remove-O,CC(C)OC(=O)NC(CNC(=O)c1ccc(Cl)s1)C(=O)Nc1ccc(N2CCOCC2=O)cc1F,0 1 2 4 5 6 7 8 9 10 11 12 13 14 15 16 17 18 19 20 21 22 23 24 25 26 27 28 29 30 31,O=C(CCNC(=O)c1cccs1)Nc1ccc(N2CCOCC2=O)cc1,train,482.9650000000003,2.6389000000000005,0.536868123099235,32,54
subcategory_bioisostere.remove-O_1037,CCNC1Cc2ccccc2C(c2ccccc2)C1,1,bioisostere,remove-O,O=C(CCl)NC1Cc2ccccc2C(c2ccccc2)C1,0 1 2,c1ccc(C2CCCc3ccccc32)cc1,test,251.373,3.7428000000000026,0.875894769867806,19,27
subcategory_bioisostere.remove-O_608,COc1ccc(N/N=C2\CCC(C)n3c2ncc(C(=O)O)c3=O)cc1,0,authentic,authentic,,,O=c1ccnc2n1CCC/C2=N\Nc1ccccc1,train,342.3550000000001,2.1210999999999998,0.8245761509746771,25,44
subcategory_bioisostere.remove-O_18,CCN1CCN(c2cccc3c2OCCO3)CC1,0,authentic,authentic,,,c1cc2c(c(N3CCNCC3)c1)OCCO2,train,248.32599999999994,1.5997,0.793451267904205,18,26
subcategory_bioisostere.remove-O_595,COc1cccc2c1CC(CC1CCN(Cc3ccccc3)CC1)C2=O,0,authentic,authentic,,,O=C1c2ccccc2CC1CC1CCN(Cc2ccccc2)CC1,train,349.4740000000001,4.352500000000004,0.8034988671436779,26,39
subcategory_bioisostere.remove-O_1560,CC(CC1CCN(CC(=O)Nc2ccccc2)CC1)C(=O)c1ccccc1,1,bioisostere,remove-O,COc1cc2c(cc1OC)C(=O)C(CC1CCN(CC(=O)Nc3ccccc3)CC1)C2,0 1 2 3 4 5 6 7 8 9 10 11 12 13 14 15 16 17 18 20 21 22 23 24 25,O=C(CN1CCC(CC2Cc3ccccc3C2=O)CC1)Nc1ccccc1,train,364.48900000000015,4.2462000000000035,0.7475180774091722,27,43
subcategory_bioisostere.remove-O_526,Nc1ccc(-c2nc(-c3ccco3)no2)c(Cl)c1,0,authentic,authentic,,,c1ccc(-c2nc(-c3ccco3)no2)cc1,train,261.668,3.2322000000000006,0.7166539323116172,18,33
subcategory_bioisostere.remove-O_567,C[C@]12C=CC(=O)C=C1/C(=C/F)C[C@@H]1[C@@H]2[C@@H](O)C[C@@]2(C)[C@H]1CC[C@]2(O)C(=O)CO,0,authentic,authentic,,,C=C1C[C@H]2[C@@H]3CCCC3CC[C@@H]2C2C=CC(=O)C=C12,train,390.4510000000002,2.0208999999999997,0.6706227605549538,28,84
subcategory_bioisostere.remove-O_396,CCN(CC)CCCNc1nccc2c(C)c3[nH]c4ccc(O)cc4c3cc12,0,authentic,authentic,,,c1ccc2c(c1)[nH]c1cc3ccncc3cc12,train,376.50400000000013,5.0271200000000045,0.39602506268868326,28,45
subcategory_bioisostere.remove-O_1069,Cc1c(OCC2(O)CCN(c3ccc(Cl)cc3F)CC2)ccc(Cl)c1NC(C)C,1,bioisostere,remove-O,O=C1CCc2c(OCC3(O)CCN(c4ccc(Cl)cc4F)CC3)ccc(Cl)c2N1,0 1 2 3 4 5 6 7 8 9 10 11 12 13 14 15 16 17 18 19 20 21 22 23 24 26 27,O=C1CCc2c(cccc2OCC2CCN(c3ccccc3)CC2)N1,train,441.3740000000002,5.671520000000004,0.6063895654995909,29,49
subcategory_bioisostere.remove-O_1092,CC(C)C(CCc1ccccc1)N[C@@H](C)C(=O)N1[C@H](C(=O)O)C[C@@H]2CCC[C@@H]21,1,bioisostere,remove-O,CCOC(=O)C(CCc1ccccc1)N[C@@H](C)C(=O)N1[C@H](C(=O)O)C[C@@H]2CCC[C@@H]21,0 1 2 4 5 6 7 8 9 10 11 12 13 14 15 16 17 18 19 20 21 22 23 24 25 26 27,O=C(CNCCCc1ccccc1)N1CC[C@@H]2CCC[C@@H]21,train,386.53600000000023,3.4761000000000015,0.7176625242464537,28,67
subcategory_bioisostere.remove-O_834,CC(C)N1CCC(c2ccc(F)cc2)C(COc2ccccc2)C1,1,bioisostere,remove-O,CC(C)N1CCC(c2ccc(F)cc2)C(COc2ccc3c(c2)OCO3)C1,0 1 2 3 4 5 6 7 8 9 10 11 12 13 14 15 17 18 19 20 21 22 23,c1ccc(C2CCNCC2COc2ccc3c(c2)OCO3)cc1,train,327.44300000000004,4.718600000000005,0.7877886331215314,24,38
subcategory_bioisostere.remove-O_378,CCCCCN1CCC(c2cccc(C(F)(F)F)c2)C(COc2ccc3c(c2)OCO3)C1O,0,authentic,authentic,,,c1ccc(C2CCNCC2COc2ccc3c(c2)OCO3)cc1,train,465.5120000000003,5.427200000000007,0.5273594985507473,33,53
subcategory_bioisostere.remove-O_1567,CC(C)CNS(=O)(=O)c1ccc2ccccc2c1,1,bioisostere,remove-O,O=C(O)CNS(=O)(=O)c1ccc2ccccc2c1,0 1 2 3 5 6 7 8 9 10 11 12 13 14 15 16 17,c1ccc2ccccc2c1,train,263.36199999999997,2.7741000000000016,0.9216205401205146,18,30
subcategory_bioisostere.remove-O_1244,CCc1c(O)c(C/C=C(\C)CCC(=O)NO)c(OC)c(C)c1CO,1,bioisostere,remove-O,COc1c(C)c2c(c(O)c1C/C=C(\C)CCC(=O)NO)C(=O)OC2,0 1 2,O=C1OCc2ccccc21,train,337.41600000000005,2.538320000000001,0.3318472038241821,24,42
subcategory_bioisostere.remove-O_1406,COC(=O)[C@H](CCc1ccccc1)NC(C)C(=O)N(C1CCCCC1)[C@@H](C)C(C)C,1,bioisostere,remove-O,COC(=O)[C@H](CCc1ccccc1)NC(C)C(=O)N(C1CCCCC1)[C@@H](C)C(=O)O,0 1 2 3 4 5 6 7 8 9 10 11 12 13 14 15 16 17 18 19 20 21 22 23 24 26 27 28,O=C(CNCCCc1ccccc1)NC1CCCCC1,train,416.60600000000034,4.344700000000004,0.5764185985426071,30,59
subcategory_bioisostere.remove-O_494,Fc1ccc2c(C3CCN(CC4=Cc5c(F)cccc54)CC3)noc2c1,0,authentic,authentic,,,C1=C(CN2CCC(c3noc4ccccc34)CC2)c2ccccc21,test,352.3840000000001,4.8396000000000035,0.675421650580316,26,43
subcategory_bioisostere.remove-O_1098,N#Cc1nn(-c2ccccc2)c2c1CCN(C1CCN(N3CCCCC3=O)CC1)C2=O,1,bioisostere,remove-O,COc1ccc(-n2nc(C#N)c3c2C(=O)N(C2CCN(N4CCCCC4=O)CC2)CC3)cc1,0 1 2 3 5 6 7 8 9 10 11 12 13 14 15 16 17 18 19 20 21 22 23 24 25 26 27 28 29 30,O=C1c2c(cnn2-c2ccccc2)CCN1C1CCN(N2CCCCC2=O)CC1,train,418.50100000000026,2.1341799999999997,0.7623772267945462,31,51
subcategory_bioisostere.remove-O_659,Cc1ccc2[nH]c(C(Cc3ccc(C4CC(=O)NS4(=O)=O)cc3)NS(=O)(=O)c3ccc(-c4ccccc4)cc3)nc2c1,0,authentic,authentic,,,O=C1CC(c2ccc(CC(NS(=O)(=O)c3ccc(-c4ccccc4)cc3)c3nc4ccccc4[nH]3)cc2)S(=O)(=O)N1,train,600.7220000000002,4.6914200000000035,0.23628459425268816,42,79
subcategory_bioisostere.remove-O_1166,CCCCCNC(=O)C[C@@H](c1ccc(O)cc1)[C@H](CC)c1ccccc1,1,bioisostere,remove-O,CCCCCNC(=O)C[C@@H](c1ccc(O)cc1)[C@H](CC)c1ccc(O)cc1,17 20 21 22 23 24 25,c1ccc(CCc2ccccc2)cc1,train,353.50600000000014,5.366100000000005,0.5644637026504234,26,48
subcategory_bioisostere.remove-O_69,CCCN(CCC)C(=O)C(=O)c1c(-c2ccc(F)cc2)[nH]c2ccccc12,0,authentic,authentic,,,c1ccc(-c2cc3ccccc3[nH]2)cc1,train,366.43600000000004,4.805300000000004,0.48204752061386874,27,49
subcategory_bioisostere.remove-O_1285,CC(C)c1cc(O)c2c(n1)-c1ccccc1SC2,1,bioisostere,remove-O,NCCO.O=C(O)c1cc(O)c2c(n1)-c1ccccc1SC2,0 1 2 4 5 6 7 8 9 10 11 12 13 14 15 16 17,c1cnc2c(c1)CSc1ccccc1-2,train,257.358,4.183300000000002,0.8314537153463294,18,31
subcategory_bioisostere.remove-O_398,CC(C)CC1NC(=O)C(Cc2ccccc2)NC1=O,0,authentic,authentic,,,O=C1CNC(=O)C(Cc2ccccc2)N1,train,260.337,1.2583999999999995,0.855940368503931,19,31
subcategory_bioisostere.remove-O_603,CCNC(=O)Nc1ccc2nc(CC)n(Cc3ccc(-c4ccccc4S(=O)(=O)NC(=O)c4ccccc4F)cc3F)c(=O)c2c1,0,authentic,authentic,,,O=C(NS(=O)(=O)c1ccccc1-c1ccc(Cn2cnc3ccccc3c2=O)cc1)c1ccccc1,train,645.6880000000002,5.212500000000004,0.20117301464392284,46,78
subcategory_bioisostere.remove-O_1127,CCN(c1ccc(N2CCc3c(C(N)=O)nn(-c4cc(F)cc(OC)c4)c3C2=O)c(C)c1)C(C)C,1,bioisostere,remove-O,COc1cc(F)cc(-n2nc(C(N)=O)c3c2C(=O)N(c2ccc(N4CCCC4=O)cc2C)CC3)c1,0 1 3 4 5 6 7 8 9 10 11 12 13 14 15 16 17 18 19 20 21 22 23 24 25 26 27 28 29 30 31 32 33,O=C1CCCN1c1ccc(N2CCc3cnn(-c4ccccc4)c3C2=O)cc1,train,479.5560000000002,3.8649200000000032,0.5553998856490796,35,64
subcategory_bioisostere.remove-O_885,CC1(C)N=C(N)N=C(N)N1c1cccc(-c2ccccc2)c1,1,bioisostere,remove-O,Cc1cccc(OCc2cccc(N3C(N)=NC(N)=NC3(C)C)c2)c1,0 1 2 3 4 5 6 7 8 9 10 11 12 13 15 16 17 18 19 20,C1=NC=NCN1c1cccc(COc2ccccc2)c1,test,293.374,2.5391000000000004,0.8925759033494931,22,39
subcategory_bioisostere.remove-O_375,COc1ccc2c(c1)c(CNC(=O)N(C)O)c(C)n2C(=O)c1ccc(Cl)cc1,0,authentic,authentic,,,O=C(c1ccccc1)n1ccc2ccccc21,train,401.85000000000014,3.830820000000002,0.5137121871827413,28,51
subcategory_bioisostere.remove-O_1115,CC1(C(=O)c2ccccc2)Cc2ccccc2CN1,1,bioisostere,remove-O,COc1ccc(C(=O)C2(C)Cc3ccccc3CN2)cc1OC,0 1 3 4 5 6 7 8 9 10 11 12 13 14 15 16 17 18,O=C(c1ccccc1)C1Cc2ccccc2CN1,train,251.32899999999998,2.9739000000000004,0.8313576569084634,19,30
subcategory_bioisostere.remove-O_846,C=Cc1ccc2c3c4c(cc5c3n(c2c1)C(=O)CC5)CNCC4,1,bioisostere,remove-O,COC(=O)c1ccc2c3c4c(cc5c3n(c2c1)C(=O)CC5)CNCC4,0 1 3 4 5 6 7 8 9 10 11 12 13 14 15 16 17 18 19 20 21 22,O=C1CCc2cc3c(c4c5ccccc5n1c24)CCNC3,train,302.37700000000007,3.6696000000000017,0.7439627465893915,23,41
subcategory_bioisostere.remove-O_946,C=CCC/C=C(/C=C)NC(=O)C1CC1(C)C,1,bioisostere,remove-O,C=CCC/C=C(\NC(=O)C1CC1(C)C)C(=O)O,5 6 7,C1CC1,train,219.32799999999995,3.184800000000002,0.41472328002466535,16,30
subcategory_bioisostere.remove-O_724,O=c1cc(C(F)(F)F)c2cc3c(cc2o1)NCCC3C(F)(F)F,0,authentic,authentic,,,O=c1ccc2cc3c(cc2o1)NCCC3,train,337.219,4.273300000000002,0.5765002137435229,23,42
subcategory_bioisostere.remove-O_572,COc1cc(CCC(NC(C)=O)c2cccc(OC)c(=O)c2)cc(OC)c1OC,0,authentic,authentic,,,O=c1ccccc(CCCc2ccccc2)c1,train,401.45900000000023,2.8912000000000013,0.6957169655624449,29,47
subcategory_bioisostere.remove-O_1129,CN(C(=O)CN1CCOCC1)C1(c2ccc(N3CCc4c(C(F)(F)F)nn(-c5ccccc5)c4C3=O)cc2)CC1,1,bioisostere,remove-O,COc1ccc(-n2nc(C(F)(F)F)c3c2C(=O)N(c2ccc(C4(N(C)C(=O)CN5CCOCC5)CC4)cc2)CC3)cc1,0 1 2 3 4 5 6 7 8 9 10 11 12 13 14 15 16 17 18 19 20 21 22 23 24 25 27 28 29 30 31 32 33 34 35 36 37 38 39,O=C(CN1CCOCC1)NC1(c2ccc(N3CCc4cnn(-c5ccccc5)c4C3=O)cc2)CC1,val,553.585,3.873700000000004,0.4637322113804526,40,71
subcategory_bioisostere.remove-O_25,CCCCOc1ccccc1-c1nc2ccc[nH]c-2n1,0,authentic,authentic,,,c1ccc(-c2nc3ccc[nH]c-3n2)cc1,train,267.332,3.7554000000000016,0.7160622059516614,20,31
subcategory_bioisostere.remove-O_13,Fc1ccc([C@@H]2CCNC[C@H]2COc2ccc3c(c2)OCO3)cc1.Fc1ccc([C@@H]2CCNC[C@H]2COc2ccc3c(c2)OCO3)cc1.O,0,authentic,authentic,,,c1ccc([C@@H]2CCNC[C@H]2COc2ccc3c(c2)OCO3)cc1.c1ccc([C@@H]2CCNC[C@H]2COc2ccc3c(c2)OCO3)cc1,test,676.7570000000003,5.828300000000007,0.24014281571809423,49,93
subcategory_bioisostere.remove-O_1081,OCCCN1CC[C@H](c2ccc(F)cc2)[C@@H](COc2ccccc2)C1,1,bioisostere,remove-O,OCCCN1CC[C@H](c2ccc(F)cc2)[C@@H](COc2ccc3c(c2)OCO3)C1,0 1 2 3 4 5 6 7 8 9 10 11 12 13 14 15 16 18 19 20 21 22 23 24,c1ccc([C@H]2CCNC[C@@H]2COc2ccc3c(c2)OCO3)cc1,train,343.44200000000006,3.6926000000000023,0.8321219231102793,25,46
subcategory_bioisostere.remove-O_701,Cc1cc2nc3ccc(O)cc3nc2cc1N,0,authentic,authentic,,,c1ccc2nc3ccccc3nc2c1,train,225.251,2.37922,0.4548427176140029,17,25
subcategory_bioisostere.remove-O_1267,Cc1ccccc1C(=O)C1CCCN(Cc2ccc(OCCO)cc2)C1,1,bioisostere,remove-O,COc1ccc(C(=O)C2CCCN(Cc3ccc(OCCO)cc3)C2)cc1OC,0 1 2 3 4 5 6 8 9 10 11 12 13 14 15 16 17 18 19 20 21 22 23 24 25,O=C(c1ccccc1)C1CCCN(Cc2ccccc2)C1,test,353.4620000000001,3.461020000000002,0.7746780567399495,26,39
subcategory_bioisostere.remove-O_1149,CCN(CC)CCn1c(C)c(C(=O)c2ccccc2)c2ccccc21,1,bioisostere,remove-O,CCN(CC)CCn1c(C)c(C(=O)c2ccc(OC)cc2)c2ccccc21,0 1 2 3 4 5 6 7 8 9 10 12 13 14 15 16 17 18 19 20 21 22 23 24,O=C(c1ccccc1)c1c[nH]c2ccccc12,train,334.4630000000001,4.5225200000000045,0.593502607419959,25,40
subcategory_bioisostere.remove-O_185,Cc1cc(-n2ncc(=O)[nH]c2=O)ccc1C(=O)c1ccc(Cl)cc1Cl,0,authentic,authentic,,,O=C(c1ccccc1)c1ccc(-n2ncc(=O)[nH]c2=O)cc1,train,376.19900000000007,2.7670200000000005,0.7127727970883897,25,48
subcategory_bioisostere.remove-O_1380,Cn1c(=O)c2c(nc(C=Cc3ccccc3)n2C)n(C)c1=O,1,bioisostere,remove-O,COc1ccc(/C=C/c2nc3c(c(=O)n(C)c(=O)n3C)n2C)cc1,0 1 2 3 4 5 6 7 8 10 11 12 13 14 15 16 17 18 19 20 21,O=c1[nH]c(=O)c2[nH]c(/C=C/c3ccccc3)nc2[nH]1,train,296.3300000000001,1.1410999999999996,0.7122531007847287,22,39
subcategory_bioisostere.remove-O_1297,Cc1ccccc1CC(CN)c1ccccc1,1,bioisostere,remove-O,COc1ccc(CC(CN)c2ccccc2)cc1,0 1 2 3 4 5 6 8 9 10 11 12 13 14 15 16,c1ccc(CCc2ccccc2)cc1,train,225.335,3.2800200000000013,0.8487010074835918,17,23
subcategory_bioisostere.remove-O_35,NCCc1c[nH]c2ccc(-c3nc(N)no3)cc12,0,authentic,authentic,,,c1noc(-c2ccc3[nH]ccc3c2)n1,train,243.26999999999995,1.3013,0.6423883769874338,18,32
subcategory_bioisostere.remove-O_365,O=C1N[C@@H](C(=O)NO)C[C@H]1c1ccc(OCc2ccccc2)cc1,0,authentic,authentic,,,O=C1NCC[C@H]1c1ccc(OCc2ccccc2)cc1,val,326.352,1.7430999999999992,0.5768323298541773,24,47
subcategory_bioisostere.remove-O_973,Cc1cn2nc(C(=O)N3CCC(C(=O)NCc4ccccc4)CC3)cc2c(=O)[nH]1,1,bioisostere,remove-O,COc1ccc(CNC(=O)C2CCN(C(=O)c3cc4c(=O)[nH]c(C)cn4n3)CC2)cc1,0 1 2 3 4 5 6 7 8 9 10 11 12 13 14 16 17 18 19 20 21 22 23 24 25 26 27 28,O=C(NCc1ccccc1)C1CCN(C(=O)c2cc3c(=O)[nH]ccn3n2)CC1,train,393.4470000000001,1.4996199999999995,0.7016024892546553,29,53
subcategory_bioisostere.remove-O_978,C=Cc1ccc(-c2ccccc2C[S@](=O)CCC#N)cc1,1,bioisostere,remove-O,C=Cc1ccc(-c2ccccc2C[S@](=O)CC(N)=O)cc1,0 1 2 3 4 5 6 7 8 9 10 11 12 14 15 16 17 18 19 20,c1ccc(-c2ccccc2)cc1,train,295.4069999999999,4.158980000000003,0.8026087558210262,21,36
subcategory_bioisostere.remove-O_1042,CCOC(=O)C1CCCN(c2ccccc2Sc2ccc(C3CC3N)cc2C(F)(F)F)C1,1,bioisostere,remove-O,CCOC(=O)C1CCCN(c2ccccc2Sc2ccc(C3CC3C(=O)NCCCN3CCCC3=O)cc2C(F)(F)F)C1,23 24,O=C(NCCCN1CCCC1=O)C1CC1c1ccc(Sc2ccccc2N2CCCCC2)cc1,val,464.5530000000002,5.450700000000005,0.5763553106266921,32,51
subcategory_bioisostere.remove-O_1153,C=CN(CCO)c1ccc(N2C[C@H](CNC(=O)c3ccc(Cl)s3)OC2=O)cc1,1,bioisostere,remove-O,O=C(NC[C@H]1CN(c2ccc(N3CCOCC3=O)cc2)C(=O)O1)c1ccc(Cl)s1,0 1 3 4 5 6 7 8 9 10 11 12 13 14 15 16 17 18 19 20 21 22 23 24 25 26,O=C(NC[C@H]1CN(c2ccc(N3CCOCC3=O)cc2)C(=O)O1)c1cccs1,train,421.9060000000001,3.0989000000000013,0.6840268122275414,28,52
subcategory_bioisostere.remove-O_1403,CCCc1nc(-c2ccc(OC)cc2F)sc1C(C)C,1,bioisostere,remove-O,CCCc1nc(-c2ccc(OC)cc2F)sc1C(=O)O,0 1 2 3 4 5 6 7 8 9 10 11 12 13 14 15 17 18,c1ccc(-c2nccs2)cc1,train,293.407,5.033700000000004,0.7706994149393066,20,31
subcategory_bioisostere.remove-O_1136,CCCCN(CCC)C(=O)[C@@H](C)N[C@@H](CCc1ccccc1)C(=O)OCC,1,bioisostere,remove-O,CCOC(=O)[C@H](CCc1ccccc1)N[C@H](C)C(=O)N1CCC[C@H]1C(=O)O,0 1 2 3 5 6 7 8 9 10 11 12 13 14 15 16 17 18 19 20 21 22 23 24 25 26,O=C(CNCCCc1ccccc1)N1CCCC1,train,376.5410000000001,3.567700000000002,0.5348369030837395,27,51
subcategory_bioisostere.remove-O_447,Cc1nc(-c2ccc(OCCOc3ccc(F)cc3)cc2)sc1C(=O)O,0,authentic,authentic,,,c1ccc(OCCOc2ccc(-c3nccs3)cc2)cc1,test,373.40500000000003,4.4136200000000025,0.6213139224945446,26,42
subcategory_bioisostere.remove-O_1183,CCSc1nc(-c2ccccc2C)c(-c2ccc(OC)cc2)n1CC,1,bioisostere,remove-O,CCSc1nc(-c2ccc(OC)cc2)c(-c2ccc(OC)cc2)n1CC,0 1 2 3 4 6 7 8 9 10 11 12 13 14 15 16 17 18 19 20 21 22 23 24,c1ccc(-c2nc[nH]c2-c2ccccc2)cc1,train,352.5030000000001,5.666020000000005,0.5351526092974606,25,39
subcategory_bioisostere.remove-O_145,CCOC(=O)c1cc2c(=O)n(C)c3ccccc3n2c1,0,authentic,authentic,,,O=c1[nH]c2ccccc2n2cccc12,train,270.288,1.9679,0.6689024839046719,20,34
subcategory_bioisostere.remove-O_1319,CCCCN(C)CC(=O)N(C)c1ccc(N2CCc3c(OC)nn(-c4cccc(C)c4)c3C2=O)cc1,1,bioisostere,remove-O,CCCCN(C)CC(=O)N(C)c1ccc(N2CCc3c(OC)nn(-c4ccc(OC)cc4)c3C2=O)cc1.O=C(O)C(F)(F)F,23 24 25 26 27 28 29 30,O=C1c2c(cnn2-c2ccccc2)CCN1c1ccccc1,train,489.62000000000023,4.086920000000004,0.4529009817821392,36,61
subcategory_bioisostere.remove-O_310,O=P(O)(O)CC(Cc1ccc(-c2ccccc2)cc1)c1nnn[nH]1,0,authentic,authentic,,,c1ccc(-c2ccc(CCc3nnn[nH]3)cc2)cc1,train,344.31100000000004,2.3706999999999994,0.5919612438022841,24,43
subcategory_bioisostere.remove-O_1349,CC(C)CN(CC(=O)O)c1ccc(C(=O)O)cc1,1,bioisostere,remove-O,O=C(O)CN(CC(=O)O)c1ccc(C(=O)O)cc1,0 1 2 4 5 6 7 8 9 10 11 12 13 14 15 16,c1ccccc1,train,251.282,1.9318,0.8073629290236087,18,32
subcategory_bioisostere.remove-O_290,Clc1ccc2c(c1)NC(=[N+]1CCN(Cc3ccccc3)CC1)c1ccccc1N2.[Cl-],0,authentic,authentic,,,c1ccc(CN2CC[N+](=C3Nc4ccccc4Nc4ccccc43)CC2)cc1,train,439.3900000000001,1.787999999999999,0.5974190234049501,30,56
subcategory_bioisostere.remove-O_847,C=Cc1sc(-c2ccc(OC)cc2)nc1C,1,bioisostere,remove-O,COc1ccc(-c2nc(C)c(C(=O)OCCO)s2)cc1,0 1 3 4 5 6 7 8 9 10 11 12 13 14,c1ccc(-c2nccs2)cc1,train,231.31999999999996,3.770120000000002,0.8018319523099386,16,26
subcategory_bioisostere.remove-O_101,Fc1ccc([C@@H]2CCN(CCCc3ccccc3)C[C@H]2COc2ccc3c(c2)OCO3)cc1,0,authentic,authentic,,,c1ccc(CCCN2CC[C@@H](c3ccccc3)[C@H](COc3ccc4c(c3)OCO4)C2)cc1,val,447.55000000000024,5.671700000000006,0.44511482972902333,33,58
subcategory_bioisostere.remove-O_1458,CCN(CCCN1CCN(c2cc(Cl)cc(Cl)c2)CC1)c1cccc(OC)c1C,1,bioisostere,remove-O,COc1cccc2c1CCC(=O)N2CCCN1CCN(c2cc(Cl)cc(Cl)c2)CC1,0 1 3 4 5 6 7 8 9 10 11 12 13 14 15 16 17 18 19 20 21 22 23 24 25 26 27 28,O=C1CCc2ccccc2N1CCCN1CCN(c2ccccc2)CC1,train,436.4270000000003,5.349020000000005,0.5554604418107042,29,47
subcategory_bioisostere.remove-O_891,O=C1CCC2C(c3ccccc3)Sc3ccccc3N12,1,bioisostere,remove-O,COc1ccc(C2Sc3ccccc3N3C(=O)CCC23)cc1,0 1 2 3 4 6 7 8 9 10 11 12 13 14 15 16 17 18 19,O=C1CCC2C(c3ccccc3)Sc3ccccc3N12,val,281.38000000000005,4.0290000000000035,0.7863128909824739,20,31
subcategory_bioisostere.remove-O_772,COc1ccc(F)c(C2(O)CC3CCCC(C2)N3C)c1,0,authentic,authentic,,,c1ccc(C2CC3CCCC(C2)N3)cc1,val,279.35499999999996,2.6686000000000014,0.9031577044403025,20,34
subcategory_bioisostere.remove-O_818,C1=C(c2ccccc2)N2CCCN=C2c2ccccc21,1,bioisostere,remove-O,COc1cc(C2=Cc3ccccc3C3=NCCCN23)cc(OC)c1OC,1 2 3 4 5 6 7,C1=C(c2ccccc2)N2CCCN=C2c2ccccc21,test,260.34,3.6506000000000025,0.7638547912594312,20,32
subcategory_bioisostere.remove-O_36,COC(=O)c1cc(S(N)(=O)=O)c(NCc2ccco2)cc1Cl,0,authentic,authentic,,,c1ccc(NCc2ccco2)cc1,train,344.77600000000007,1.9790999999999994,0.8019808340731515,22,40
subcategory_bioisostere.remove-O_150,CC(=O)N(O)CC1Sc2ccccc2NC1=O,0,authentic,authentic,,,O=C1CSc2ccccc2N1,train,252.29500000000002,1.3371,0.6152705358537555,17,27
subcategory_bioisostere.remove-O_1499,C=CC=C(C)[C@H]1CC[C@]2(O)[C@@H]3CC[C@@H]4C[C@@H](O[C@H]5C[C@H](O)[C@H](O)[C@@H](C)O5)CC[C@]4(C)[C@H]3CC[C@]12C,1,bioisostere,remove-O,C[C@H]1O[C@@H](O[C@H]2CC[C@@]3(C)[C@H](CC[C@@H]4[C@@H]3CC[C@]3(C)[C@@H](C5=CC(=O)OC5)CC[C@]43O)C2)C[C@H](O)[C@@H]1O,0 1 2,O=C1C=C([C@H]2CCC3C2CC[C@@H]2C4CC[C@H](O[C@H]5CCCCO5)C[C@H]4CC[C@@H]32)CO1,train,488.70900000000034,5.134400000000005,0.3774529891052606,35,110
subcategory_bioisostere.remove-O_747,CCCC1(CCc2ccccc2)OC(=O)C(C(CC)c2cccc(NS(=O)(=O)c3ccc(C(F)(F)F)cn3)c2)=C(O)O1,0,authentic,authentic,,,O=C1OC(CCc2ccccc2)OC=C1Cc1cccc(NS(=O)(=O)c2ccccn2)c1,val,604.6470000000002,6.867000000000005,0.22972008031474717,42,76
subcategory_bioisostere.remove-O_1407,Cc1cccc(-n2nc(C(N)=O)c3c2C(=O)N(c2ccc(C#N)cc2)CC32CC2)c1,1,bioisostere,remove-O,COc1ccc(-n2nc(C(N)=O)c3c2C(=O)N(c2ccc(C#N)cc2)CC32CC2)c(F)c1,0 1 2 3 4 5 7 8 9 10 11 12 13 14 15 16 17 18 19 20 21 22 23 24 25 26 27 28,O=C1c2c(cnn2-c2ccccc2)C2(CC2)CN1c1ccccc1,train,397.4380000000002,2.843300000000001,0.7334756710541518,30,56
subcategory_bioisostere.remove-O_217,CCOc1ccc(N2C(=O)c3cc(-c4ccccc4)nn3C[C@@]2(C)C(=O)NCCCOC)cc1,0,authentic,authentic,,,O=C1c2cc(-c3ccccc3)nn2CCN1c1ccccc1,train,462.5500000000003,3.5206000000000017,0.4920062087926385,34,59
subcategory_bioisostere.remove-O_1384,CCCOc1ccc(C(=O)N2CCC3(CC2)CCN(c2ccncc2)C3)cc1,1,bioisostere,remove-O,O=C(O)COc1ccc(C(=O)N2CCC3(CC2)CCN(c2ccncc2)C3)cc1,0 1 2,O=C(c1ccccc1)N1CCC2(CC1)CCN(c1ccncc1)C2,train,379.50399999999996,4.003100000000003,0.7876303463039699,28,45
subcategory_bioisostere.remove-O_1128,O=C1c2c(c(C(F)(F)F)nn2-c2ccccc2)CCN1c1ccccc1,1,bioisostere,remove-O,COc1ccc(-n2nc(C(F)(F)F)c3c2C(=O)N(c2ccccc2)CC3)cc1,0 1 2 3 4 5 6 7 8 9 11 12 13 14 15 16 17 18 19 20 21 22 23 24 25,O=C1c2c(cnn2-c2ccccc2)CCN1c1ccccc1,train,357.3350000000001,4.094000000000002,0.6927434047884484,26,44
subcategory_bioisostere.remove-O_1401,Cc1ccc(C2=Nc3c(cc(NC(C)C)nc3N)NC2)cc1C,1,bioisostere,remove-O,CCOC(=O)Nc1cc2c(c(N)n1)N=C(c1ccc(C)c(C)c1)CN2,11 12 13 14,c1ccc(C2=Nc3cnccc3NC2)cc1,train,309.4170000000001,3.647240000000001,0.8087531684751358,23,38
subcategory_bioisostere.remove-O_349,CCCN(C1COc2cccc(OC)c2C1)N1C(=O)C2CCCC2C1=O,0,authentic,authentic,,,O=C1C2CCCC2C(=O)N1NC1COc2ccccc2C1,train,358.43800000000016,2.4108,0.7567618621676558,26,42
subcategory_bioisostere.remove-O_1125,CCc1sc(-c2ccc(OCC(C)C)c(-c3nn[nH]n3)c2)nc1C,1,bioisostere,remove-O,CCOC(=O)c1sc(-c2ccc(OCC(C)C)c(-c3nn[nH]n3)c2)nc1C,0 1 3 4 5 6 7 8 9 10 11 12 13 14 15 16 17 18 19 20 21 22,c1cc(-c2nn[nH]n2)cc(-c2nccs2)c1,train,343.45599999999996,3.8958200000000023,0.7344290291908858,24,43
subcategory_bioisostere.remove-O_1492,CCNCCCNC(=O)c1cc(F)ccc1Oc1ccc(OCCCC(F)(F)F)cc1,1,bioisostere,remove-O,O=C1CC(NC(=O)c2cc(F)ccc2Oc2ccc(OCCCC(F)(F)F)cc2)CCN1,0 1 2,O=C1CC(NC(=O)c2ccccc2Oc2ccccc2)CCN1,train,442.45300000000015,5.068700000000004,0.3560587165265772,31,46
subcategory_bioisostere.remove-O_1163,COc1ccc2c(c1)c(CC(C)C)cn2C(=O)c1ccc(F)cc1,1,bioisostere,remove-O,COc1ccc2c(c1)c(CC(=O)O)cn2C(=O)c1ccc(F)cc1,0 1 2 3 4 5 6 7 8 10 11 12 13 14 15 16 17 18 19 20 21 22 23,O=C(c1ccccc1)n1ccc2ccccc21,train,325.383,4.676000000000004,0.6974577414412413,24,41
subcategory_bioisostere.remove-O_1269,Cc1ccccc1C=C1CCCCC(CN(C)C)C1(O)c1cccc(F)c1,1,bioisostere,remove-O,COc1cccc(/C=C2\CCCCC(CN(C)C)C2(O)c2cccc(F)c2)c1,0 1 2 3 4 5 6 8 9 10 11 12 13 14 15 16 17 18 19 20 21 22 23 24 25 26,C(=C1/CCCCCC1c1ccccc1)/c1ccccc1,train,367.508,5.157120000000006,0.7549293458386929,27,42
subcategory_bioisostere.remove-O_1110,CCCc1nn(Cc2nc3ccccc3s2)c(=O)c2ccc(C)cc12,1,bioisostere,remove-O,Cc1ccc2c(=O)n(Cc3nc4ccccc4s3)nc(CC(=O)O)c2c1,0 1 2 4 5 6 7 8 9 10 11 12 13 14 15 16 17 18 19 20 21 22 23,O=c1c2ccccc2cnn1Cc1nc2ccccc2s1,train,349.4590000000002,4.315420000000003,0.5512931261711882,25,40
subcategory_bioisostere.remove-O_1249,CC(C)NCCCCN1CCN(c2cccc(Cl)c2)CC1,1,bioisostere,remove-O,CC(C)(C)C(=O)NCCCCN1CCN(c2cccc(Cl)c2)CC1,0 1 2 3,c1ccc(N2CCNCC2)cc1,train,309.8850000000001,3.2402000000000015,0.7801439840272029,21,32
subcategory_bioisostere.remove-O_1190,CCOc1ccccc1-c1nc2c(-c3ccccc3)nn(CCC#N)c2c(=O)[nH]1,1,bioisostere,remove-O,CCOc1ccccc1-c1nc2c(-c3ccccc3)nn(CC(N)=O)c2c(=O)[nH]1,0 1 2 3 4 5 6 7 8 9 10 11 12 13 14 15 16 17 18 19 21 22 23 24 25 26 27 28,O=c1[nH]c(-c2ccccc2)nc2c(-c3ccccc3)n[nH]c12,test,385.42700000000013,3.7659800000000025,0.5449393689877038,29,50
subcategory_bioisostere.remove-O_236,CC.CC.COC(=O)c1sc(C)nc1-c1ccc(OC)cc1,0,authentic,authentic,,,c1ccc(-c2cscn2)cc1,train,323.4580000000001,4.9661200000000045,0.7485469391873395,22,36
subcategory_bioisostere.remove-O_940,O=C1N(c2ccccc2)C(c2ccc(F)cc2)C12CCCCC2,1,bioisostere,remove-O,O=C1N(c2ccc(O)cc2)C(c2ccc(F)cc2)C12CCCCC2,0 1 3 4 5 6 7 8 9 10 11 12 13 14 15 16 17 18 19 20 21 22,O=C1N(c2ccccc2)C(c2ccccc2)C12CCCCC2,train,309.3840000000001,4.864100000000003,0.7251652753610839,23,38
subcategory_bioisostere.remove-O_1137,Cc1cccc(-c2ccc(-c3nc(C)c(C(=O)O)s3)cc2C#N)c1,1,bioisostere,remove-O,COc1ccc(-c2ccc(-c3nc(C)c(C(=O)O)s3)cc2C#N)cc1F,0 1 2 3 4 5 7 8 9 10 11 12 13 14 15 16 17 18 19 20 21 22,c1ccc(-c2ccc(-c3nccs3)cc2)cc1,train,334.40000000000003,4.663820000000003,0.7554735961682894,24,44
subcategory_bioisostere.remove-O_436,NCC(=O)O.NCC1(CC(=O)O)CCCCC1,0,authentic,authentic,,,C1CCCCC1,train,246.30699999999993,0.3999999999999999,0.5683553794310029,17,28
subcategory_bioisostere.remove-O_503,CCCN(CCC)C[C@H]1C[C@@H]1c1cccc(OC)c1,0,authentic,authentic,,,c1ccc(C2CC2)cc1,train,261.409,3.9207000000000027,0.7029870670883319,19,36
subcategory_bioisostere.remove-O_1184,CNc1ccc(NC(=O)[C@H](CNC(=O)c2ccc(Cl)s2)N(C)CC2CCC2)c(F)c1,1,bioisostere,remove-O,CN(CC1CCC1)[C@@H](CNC(=O)c1ccc(Cl)s1)C(=O)Nc1ccc(N2CCOCC2=O)cc1F,0 1 3 4 5 6 7 8 9 10 11 12 13 14 15 16 17 18 19 20 21 22 23 24 25 26 27 28,O=C(NC[C@H](NCC1CCC1)C(=O)Nc1ccc(N2CCOCC2=O)cc1)c1cccs1,train,452.98300000000023,4.051300000000003,0.5362792288501586,30,57
subcategory_bioisostere.remove-O_21,O=C(/C=C/c1ccccc1)n1nc(-c2nc3ccccc3o2)oc1=O,0,authentic,authentic,,,O=C(/C=C/c1ccccc1)n1nc(-c2nc3ccccc3o2)oc1=O,val,333.3030000000001,2.998100000000001,0.5352773298343055,25,43
subcategory_bioisostere.remove-O_48,Fc1ccc2c(CCC3CCN(CC4CCCCC4)CC3)noc2c1,0,authentic,authentic,,,c1ccc2c(CCC3CCN(CC4CCCCC4)CC3)noc2c1,test,344.4740000000001,5.191800000000004,0.7471349908575482,25,37
subcategory_bioisostere.remove-O_1558,Cc1nc(-c2ccccc2)sc1C(=O)N1CCC(F)(C(=O)O)C1,1,bioisostere,remove-O,CCOc1ccc(-c2nc(C)c(C(=O)N3CCC(F)(C(=O)O)C3)s2)cc1,0 1 2 4 5 6 7 8 9 10 11 12 13 14 15 16 17 18 19 20 21 22,O=C(c1cnc(-c2ccccc2)s1)N1CCCC1,train,334.372,2.757320000000001,0.9368444971338151,23,42
subcategory_bioisostere.remove-O_222,CC(C)(C)C12COC(c3ccc(C#N)cc3)(OC1)OC2,0,authentic,authentic,,,c1ccc(C23OCC(CO2)CO3)cc1,val,273.33200000000005,2.778080000000001,0.7891816510955015,20,37
subcategory_bioisostere.remove-O_414,CCCCN(CCCC)CCCOc1ccc(C(=O)c2c(C)oc3ccccc23)cc1,0,authentic,authentic,,,O=C(c1ccccc1)c1coc2ccccc12,train,421.58100000000013,6.643320000000007,0.22901882517876737,31,46
subcategory_bioisostere.remove-O_1554,CN(C)CC1CCC(O)CC1(O)c1ccccc1,1,bioisostere,remove-O,COc1cccc(C2(O)CC(O)CCC2CN(C)C)c1.Cl,0 1 2 3 4 5 6 7 8 9 11 12 13 14 15 16,c1ccc(C2CCCCC2)cc1,train,249.354,1.5968,0.8548712972921548,18,28
subcategory_bioisostere.remove-O_87,CNCCCCOc1ccc(C(=O)c2c(-c3ccccc3)oc3ccccc23)cc1,0,authentic,authentic,,,O=C(c1ccccc1)c1c(-c2ccccc2)oc2ccccc12,train,399.49000000000007,5.709200000000005,0.28930527458613364,30,46
subcategory_bioisostere.remove-O_316,CCc1oc2ccccc2c1C(=O)c1ccc(OCCNC(C)(C)C)cc1.Cl,0,authentic,authentic,,,O=C(c1ccccc1)c1coc2ccccc12,train,401.934,5.414900000000006,0.42418538025731806,28,45
subcategory_bioisostere.remove-O_502,CCC(C)Sc1nc(O)cc(COc2ccccc2)n1,0,authentic,authentic,,,c1ccc(OCc2ccncn2)cc1,train,290.388,3.6518000000000024,0.6497970814462369,20,30
subcategory_bioisostere.remove-O_243,CCCOc1cc2c(cc1OCCC)C(=O)C(CC1(C)CCN(Cc3ccccc3F)CC1)C2,0,authentic,authentic,,,O=C1c2ccccc2CC1CC1CCN(Cc2ccccc2)CC1,train,467.6250000000003,6.450700000000007,0.4024444711840228,34,53
subcategory_bioisostere.remove-O_1182,CCN[C@H](C(=O)N[C@H]1CCCN(CCc2ccccc2F)C1)C1CCCCC1,1,bioisostere,remove-O,CN[C@@H](C)C(=O)N[C@H](C(=O)N[C@H]1CCCN(CCc2ccccc2F)C1)C1CCCCC1,0 1 2 4 5 6 7 8 9 10 11 12 13 14 15 16 17 18 19 20 21 22 23 24 25 26,O=C(CC1CCCCC1)N[C@H]1CCCN(CCc2ccccc2)C1,train,389.55900000000025,3.507200000000002,0.7151550280329002,28,49
subcategory_bioisostere.remove-O_1289,c1ccc(Cc2cn3c4c(cccc24)OCC3CN2CCOCC2)cc1,1,bioisostere,remove-O,COc1ccc(C(=O)c2cn3c4c(cccc24)OCC3CN2CCOCC2)cc1,0 1 2 3 4 6 7 8 9 10 11 12 13 14 15 16 17 18 19 20 21 22 23 24,O=C(c1ccccc1)c1cn2c3c(cccc13)OCC2CN1CCOCC1,test,348.4460000000002,3.4978000000000025,0.7219440456297438,26,40
subcategory_bioisostere.remove-O_1327,CCN1CCC[C@H]1[C@H](CC(=O)O)OC(=O)[C@H](Cc1ccccc1)NC(=O)CNC(=O)C(C)C,1,bioisostere,remove-O,CC(C)C(=O)NCC(=O)N[C@@H](Cc1ccccc1)C(=O)O[C@@H](CC(=O)O)[C@@H]1CCCN1C(=O)[C@@H](N)C(C)C,0 1 3 4 5 6 7 8 9 10 11 12 13 14 15 16 17 18 19 20 21 22 23 24 25 26 27 28 29 30 31 32,O=C(CCc1ccccc1)OC[C@@H]1CCCN1,train,461.55900000000014,1.3569000000000009,0.40142857985656394,33,67
subcategory_bioisostere.remove-O_421,c1ccc2c(c1)sc1ccc(NC3=NCCN3)cc12,0,authentic,authentic,,,c1ccc2c(c1)sc1ccc(NC3=NCCN3)cc12,train,267.357,3.425600000000001,0.7084498040636497,19,32
subcategory_bioisostere.remove-O_520,CNC(=O)c1c(NC)ncn1CC(O)CO,0,authentic,authentic,,,c1c[nH]cn1,train,228.252,-1.3624000000000003,0.4985042754317531,16,25
subcategory_bioisostere.remove-O_1315,CC(CC1(F)CCCCCN(Cc2ccc(-c3ccccc3)cc2)CC1)C(=O)c1ccccc1,1,bioisostere,remove-O,COc1cc2c(cc1OC)C(=O)C(CC1(F)CCCCCN(Cc3ccc(-c4ccccc4)cc3)CC1)C2,26 28 29 30 31 32 33,O=C1c2ccccc2CC1CC1CCCCCN(Cc2ccc(-c3ccccc3)cc2)CC1,test,457.6330000000002,7.737100000000009,0.3382619357831844,34,54
subcategory_bioisostere.remove-O_443,O[C@H](CCN(C(F)(F)F)C(F)(F)F)c1ccc(F)c(OCC2CCC(F)(F)CC2)c1,0,authentic,authentic,,,c1ccc(OCC2CCCCC2)cc1,train,453.34500000000025,5.795100000000003,0.4188823763808092,30,58
subcategory_bioisostere.remove-O_444,CC1CC2=CC(=O)CC[C@@H]2[C@H]2CC[C@]3(C)C(O)CC[C@H]3[C@H]12,0,authentic,authentic,,,O=C1C=C2CC[C@@H]3[C@H](CCC4CCC[C@H]43)[C@H]2CC1,test,288.431,3.7351000000000028,0.7371079850569328,21,57
subcategory_bioisostere.remove-O_390,CCCCCC(=O)c1cccc(OCc2cccc(C(N)=O)c2)c1,0,authentic,authentic,,,c1ccc(COc2ccccc2)cc1,train,325.4080000000001,4.127500000000002,0.5565429589153501,24,38
subcategory_bioisostere.remove-O_336,O=C(O)CNc1ccccc1P(=O)(O)O,0,authentic,authentic,,,c1ccccc1,train,231.14399999999998,-0.013899999999999912,0.5426053751786256,15,25
subcategory_bioisostere.remove-O_1278,CCC(N)C(O)c1ccc(Oc2ccccc2)cc1,1,bioisostere,remove-O,NC(C(=O)O)C(O)c1ccc(Oc2ccccc2)cc1,0 1 3 4 5 6 7 8 9 10 11 12 13 14 15 16 17,c1ccc(Oc2ccccc2)cc1,train,257.33299999999997,3.249600000000001,0.8641087498743031,19,29
subcategory_bioisostere.remove-O_312,CCCCN1CCN(c2cccc3ccoc23)CC1,0,authentic,authentic,,,c1cc(N2CCNCC2)c2occc2c1,train,258.365,3.3549000000000024,0.8381454722497583,19,27
subcategory_bioisostere.remove-O_424,CN1CCC2(CC1)Nc1cc(Cl)c(Cl)cc1NC2=NCc1cccc(Cl)c1,0,authentic,authentic,,,c1ccc(CN=C2Nc3ccccc3NC23CCNCC3)cc1,train,423.7750000000002,5.5473000000000035,0.6652393674185079,27,47
subcategory_bioisostere.remove-O_842,CC(C)C(N)C(F)(F)c1ccc(Oc2ccccc2)cc1,1,bioisostere,remove-O,NC(C(=O)O)C(F)(F)c1ccc(Oc2ccccc2)cc1,0 1 2 4 5 6 7 8 9 10 11 12 13 14 15 16 17 18 19 20,c1ccc(Oc2ccccc2)cc1,train,291.341,4.554000000000003,0.8764888608710233,21,35
subcategory_bioisostere.remove-O_865,Cc1cccc(-n2c(C)c3c(C)nnc(C4CCCC4)c3c2C)c1,1,bioisostere,remove-O,CCOc1ccc(-n2c(C)c3c(C)nnc(C4CCCC4)c3c2C)cc1,0 1 2 3 4 5 7 8 9 10 11 12 13 14 15 16 17 18 19 20 21 22,c1ccc(-n2cc3cnnc(C4CCCC4)c3c2)cc1,val,319.45200000000006,5.311780000000005,0.6404510293314782,24,41
subcategory_bioisostere.remove-O_181,O=C(O)[C@H](Cc1ccc(OCc2ccccc2)cc1)NP(=O)(O)O,0,authentic,authentic,,,c1ccc(COc2ccccc2)cc1,train,351.295,1.9436,0.5371767359108349,24,44
subcategory_bioisostere.remove-O_1215,CC(C)N(C[C@H]1CN(c2ccc(N3CCOCC3=O)cc2F)C(=O)O1)C(=O)c1ccc(Cl)s1,1,bioisostere,remove-O,NCCC(=O)N(C[C@H]1CN(c2ccc(N3CCOCC3=O)cc2F)C(=O)O1)C(=O)c1ccc(Cl)s1,0 1 2 4 5 6 7 8 9 10 11 12 13 14 15 16 17 18 19 20 21 22 23 24 25 26 27 28 29 30 31 32,O=C(NC[C@H]1CN(c2ccc(N3CCOCC3=O)cc2)C(=O)O1)c1cccs1,train,495.96000000000015,3.7798000000000025,0.609073584277404,33,63
subcategory_bioisostere.remove-O_269,FC1CCC(C2CCNC[C@H]2COc2ccc3c(c2)OCO3)CC1,0,authentic,authentic,,,c1cc2c(cc1OC[C@@H]1CNCCC1C1CCCCC1)OCO2,train,335.41900000000015,3.5481000000000025,0.9133806602648017,24,40
subcategory_bioisostere.remove-O_98,Cc1nc(-c2ccc(OCC(C)C)c(C#N)c2)sc1C(=O)Cl,0,authentic,authentic,,,c1ccc(-c2nccs2)cc1,train,334.828,4.4040000000000035,0.7599108219197105,22,40
subcategory_bioisostere.remove-O_446,Cc1ccc(OCCNCCc2ccccc2)c(C)c1,0,authentic,authentic,,,c1ccc(CCNCCOc2ccccc2)cc1,train,269.388,3.514540000000002,0.7766044184343336,20,28
subcategory_bioisostere.remove-O_1534,CCOc1ccc(Cc2oc3ccccc3c2C(=O)c2ccccc2)cc1,1,bioisostere,remove-O,CCOc1ccc(Cc2oc3ccccc3c2C(=O)c2ccc(OC)cc2)cc1,0 1 2 3 4 5 6 7 8 9 10 11 12 13 14 15 16 18 19 20 21 22 23 24 25 26,O=C(c1ccccc1)c1c(Cc2ccccc2)oc2ccccc12,train,356.42100000000005,5.653300000000005,0.4189126421951133,27,40
subcategory_bioisostere.remove-O_1256,CCOC(=O)C(CCc1ccccc1)NC(C)C(=O)[C]1CCCC1CCN,1,bioisostere,remove-O,CCOC(=O)C(CCc1ccccc1)NC(C)C(=O)[C@]12CCCC1CC(C(=O)O)N2,0 1 2 3 4 5 6 7 8 9 10 11 12 13 14 15 16 17 18 19 20 21 22 24 25,O=C(CNCCCc1ccccc1)[C@]12CCCC1CCN2,train,373.51700000000034,2.8214900000000007,0.5830618226990832,27,43
subcategory_bioisostere.remove-O_1538,CNCC1(c2ccc(N3CCc4c(C(F)(F)F)nn(-c5cccc(C)c5)c4C3=O)cc2)CCCC1,1,bioisostere,remove-O,CNCC1(c2ccc(N3CCc4c(C(F)(F)F)nn(-c5ccc(OC)cc5)c4C3=O)cc2)CCCC1,0 1 2 3 4 5 6 7 8 9 10 11 12 13 14 15 16 17 19 20 21 22 23 24 25 26 27 28 29 30 31 32 33 34,O=C1c2c(cnn2-c2ccccc2)CCN1c1ccc(C2CCCC2)cc1,train,482.55000000000024,5.433620000000005,0.5274469586652635,35,61
subcategory_bioisostere.remove-O_1310,CCCCc1nc(CO)c(Cl)n1Cc1ccc(C(C)C)cc1,1,bioisostere,remove-O,CCCCc1nc(CO)c(Cl)n1Cc1ccc(C(=O)O)cc1,0 1 2 3 4 5 6 7 8 9 10 11 12 13 14 15 17 18 19 20,c1ccc(Cn2ccnc2)cc1,train,320.86400000000003,4.5431000000000035,0.8127661162275824,22,35
subcategory_bioisostere.remove-O_1383,CCCC1(c2ccccc2)CCN(CCC(O)c2ccccc2)C1,1,bioisostere,remove-O,CCCC1(c2cccc(OC)c2)CCN(CCC(O)c2ccccc2)C1,0 1 2 4 5 6 7 8 9 10 11 12 13 14 15 16 17 18 19 20 21 22,c1ccc(CCCN2CCC(c3ccccc3)C2)cc1,train,323.47999999999996,4.553900000000004,0.807568671220196,24,36
subcategory_bioisostere.remove-O_958,CC(F)(F)c1nn(-c2ccccc2)c2c1CCN(CC(=O)N1CCCC1)C2=O,1,bioisostere,remove-O,COc1ccc(-n2nc(C(C)(F)F)c3c2C(=O)N(CC(=O)N2CCCC2)CC3)cc1,6 7 8 9 10 11 12,O=C(CN1CCc2cnn(-c3ccccc3)c2C1=O)N1CCCC1,test,388.4180000000003,2.6047000000000002,0.8091010708784289,28,49
subcategory_bioisostere.remove-O_582,C/C(=C\CN(C)Cc1cccc2ccccc12)c1ccccc1,0,authentic,authentic,,,C(=Cc1ccccc1)CNCc1cccc2ccccc12,val,301.43300000000005,5.375100000000005,0.6116852749652909,23,36
subcategory_bioisostere.remove-O_1119,CN(C)CC1(c2ccc(N3CC4(CC4)c4c(C(N)=O)nn(-c5ccccc5)c4C3=O)cc2F)CC1,1,bioisostere,remove-O,COc1ccc(-n2nc(C(N)=O)c3c2C(=O)N(c2ccc(C4(CN(C)C)CC4)c(F)c2)CC32CC2)cc1,0 1 2 3 4 5 6 7 8 9 10 11 12 13 14 15 16 17 18 19 21 22 23 24 25 26 27 28 29 30 31 32 33 34,O=C1c2c(cnn2-c2ccccc2)C2(CC2)CN1c1ccc(C2CC2)cc1,train,473.55200000000013,3.395500000000002,0.5948615491344952,35,64
subcategory_bioisostere.remove-O_146,Cn1c(CC(=O)NO)ccc1C(=O)Cc1ccccc1,0,authentic,authentic,,,O=C(Cc1ccccc1)c1ccc[nH]1,train,272.304,1.4984,0.4920166151008248,20,32
subcategory_bioisostere.remove-O_1307,CCc1ccc(OCC(O)CN2CC(C)OC(C)C2)cc1,1,bioisostere,remove-O,CC1CN(CC(O)COc2ccc(C(=O)c3ccccc3)cc2)CC(C)O1,0 1 3 4 5 6 7 8 9 10 11 12 13 14 15 16 17 18 19,O=C(c1ccccc1)c1ccc(OCCCN2CCOCC2)cc1,val,293.407,2.0979,0.8719643464336331,21,33
subcategory_bioisostere.remove-O_1008,CN1CC[C@@](O)(c2ccccc2)[C@@H](c2ccccc2F)C1,1,bioisostere,remove-O,COc1cccc([C@]2(O)CCN(C)C[C@@H]2c2ccccc2F)c1,0 1 2 3 5 6 7 8 9 10 11 12 13 14 15 16 17 18 19 20,c1ccc(C2CCNC[C@@H]2c2ccccc2)cc1,train,285.3620000000001,3.132600000000002,0.9160888070119183,21,42
subcategory_bioisostere.remove-O_432,CCCN1CCC(c2cccc(OC)c2)C1,0,authentic,authentic,,,c1ccc(C2CCNC2)cc1,train,219.32799999999997,2.8945000000000016,0.7717548917455843,16,24
subcategory_bioisostere.remove-O_504,Nc1nc2c(ncn2COC(CO)CO)c(=O)[nH]1.O=C(O)P(=O)(O)O,0,authentic,authentic,,,O=c1[nH]cnc2[nH]cnc12,train,381.23800000000006,-2.128799999999999,0.26573821112610274,25,48
subcategory_bioisostere.remove-O_1565,CC(C)N[C@H](CNC(=O)c1ccc(Cl)s1)C(=O)N(F)c1ccc(N2CCOCC2=O)cc1,1,bioisostere,remove-O,O=C(N[C@H](CNC(=O)c1ccc(Cl)s1)C(=O)N(F)c1ccc(N2CCOCC2=O)cc1)OCCO,0 1 2 3,O=C(CCNC(=O)c1cccs1)Nc1ccc(N2CCOCC2=O)cc1,train,482.9650000000003,2.7788000000000013,0.5645181243870457,32,60
subcategory_bioisostere.remove-O_1027,CC(C)Cc1nc(-c2ccc(Cl)cc2)sc1-c1ccsc1,1,bioisostere,remove-O,CCOC(=O)Cc1nc(-c2ccc(Cl)cc2)sc1-c1ccsc1,0 1 2 3 5 6 7 8 9 10 11 12 13 14 15 16 17 18 19 20,c1ccc(-c2ncc(-c3ccsc3)s2)cc1,train,333.90900000000005,6.390500000000004,0.5386478080572906,21,36
subcategory_bioisostere.remove-O_1275,CC(C)(CCc1ccccc1)NC[C@H](O)c1ccccc1F,1,bioisostere,remove-O,CC(C)(CCc1ccc(O)cc1)NC[C@H](O)c1ccccc1F,0 1 2 3 5 6 7 8 9 10 11 12 13 14 15 16 17 18 19 20 21,c1ccc(CCCNCCc2ccccc2)cc1,train,301.40500000000003,3.8601000000000028,0.813673927299379,22,36
subcategory_bioisostere.remove-O_272,COc1ccc(F)c(-n2nc(C(N)=O)c3c2C(=O)N(c2ccc(N4CCCC4=O)cc2C)CC3)c1,0,authentic,authentic,,,O=C1CCCN1c1ccc(N2CCc3cnn(-c4ccccc4)c3C2=O)cc1,train,477.4960000000003,2.7570200000000016,0.6076213608832567,35,63
subcategory_bioisostere.remove-O_1101,C=Cc1c(C(C)(C)O)nc(CCC)n1Cc1ccc(-c2ccccc2C(=O)c2nn[nH]n2)cc1,1,bioisostere,remove-O,CCCc1nc(C(C)(C)O)c(C(=O)O)n1Cc1ccc(-c2ccccc2C(=O)c2nn[nH]n2)cc1,0 1 3 4 5 6 7 8 9 10 11 12 13 14 15 16 17 18 19 20 21 22 23 24 25 26 27 28 29 30 31 32 33,O=C(c1nn[nH]n1)c1ccccc1-c1ccc(Cn2ccnc2)cc1,test,456.5500000000001,4.165400000000003,0.3660137556351229,34,60
subcategory_bioisostere.remove-O_1220,CC[C@H]1CSC(c2nc3ccc(O)cc3s2)=N1,1,bioisostere,remove-O,O=C(O)[C@H]1CSC(c2nc3ccc(O)cc3s2)=N1,0 1 2,c1ccc2sc(C3=NCCS3)nc2c1,test,264.375,3.273900000000002,0.9050972250194873,17,32
subcategory_bioisostere.remove-O_1272,O=C(CCC1CCN(Cc2ccccc2)CC1)c1ccccc1,1,bioisostere,remove-O,COc1ccc(C(=O)CCC2CCN(Cc3ccccc3)CC2)cc1OC,0 2 3 4 5 6 7 8 9 10 11 12 13 14 15 16 17 18 19 20 21,O=C(CCC1CCN(Cc2ccccc2)CC1)c1ccccc1,train,307.437,4.561700000000004,0.7290773378204911,23,34
subcategory_bioisostere.remove-O_999,Fc1ccc(-c2ccc([C@H]3CCNC[C@H]3COc3ccccc3)cc2)cc1,1,bioisostere,remove-O,Fc1ccc(-c2ccc([C@H]3CCNC[C@H]3COc3ccc4c(c3)OCO4)cc2)cc1,0 1 2 3 4 5 6 7 8 9 10 11 12 13 14 15 17 18 19 20 21 22 23 24 25 26,c1ccc(-c2ccc([C@H]3CCNC[C@H]3COc3ccc4c(c3)OCO4)cc2)cc1,train,361.46,5.264800000000004,0.6687900782446314,27,48
subcategory_bioisostere.remove-O_1152,Cc1cccc(CN2C(C)CCC2CC(C)(F)CC(C)C(=O)c2ccccc2)c1,1,bioisostere,remove-O,COc1cc2c(cc1OC)C(=O)C(CC(C)(F)CC1CCC(C)N1Cc1cccc(C)c1)C2,0 1 2 3 4 5 6 7 8 9 10 11 12 13 14 15 16 17 18 19 21 22 23 24 25 26 27 28,O=C1c2ccccc2CC1CCCC1CCCN1Cc1ccccc1,test,395.56200000000007,6.375320000000007,0.4837117133336776,29,48
subcategory_bioisostere.remove-O_1048,Cc1ccccc1C(CN(C)C)C1(O)CCCCC1,1,bioisostere,remove-O,CN(C)CC(c1ccc(O)cc1)C1(O)CCCCC1,0 1 2 3 4 5 6 8 9 10 11 12 13 14 15 16 17 18,c1ccc(CC2CCCCC2)cc1,train,261.40899999999993,3.335420000000002,0.8983397898866841,19,29
subcategory_bioisostere.remove-O_839,CCOC(N1CCN(Cc2ccccc2-c2ccc(Cl)cc2)CC1)C(C)(C)C,1,bioisostere,remove-O,CCOC(C(=O)O)N1CCN(Cc2ccccc2-c2ccc(Cl)cc2)CC1,0 1 2 4 5 6 7 8 9 10 11 12 13 14 15 16 17 18 19 20 21 22 23 24 25 26,c1ccc(-c2ccccc2CN2CCNCC2)cc1,train,400.99400000000026,5.533300000000006,0.6332242276925458,28,46
subcategory_bioisostere.remove-O_1147,Cc1ccccc1[C@H]1[C@H]([C@@H](O)CCc2ccccc2)C(=O)N1c1ccccc1,1,bioisostere,remove-O,COc1ccc([C@H]2[C@H]([C@@H](O)CCc3ccccc3)C(=O)N2c2ccccc2)cc1,0 1 2 3 4 5 6 8 9 10 11 12 13 14 15 16 17 18 19 20 21 22 23 24 25 26 27,O=C1[C@@H](CCCc2ccccc2)[C@H](c2ccccc2)N1c1ccccc1,train,371.4800000000001,4.692820000000004,0.6385927326840164,28,56
subcategory_bioisostere.remove-O_908,COc1cccc(CCN2CCC(CCc3ccccc3)CC2)c1,1,bioisostere,remove-O,COc1ccc(CCC2CCN(CCc3cccc(OC)c3)CC2)cc1.Cl,0 1 2 3 4 5 6 7 8 9 10 11 12 13 15 16 17 18 19 20 21 22 23,c1ccc(CCC2CCN(CCc3ccccc3)CC2)cc1,train,323.48,4.582500000000004,0.7391573794018836,24,34
subcategory_bioisostere.remove-O_4,COc1ccc(-n2nc(C(=O)NC(c3ccccc3)c3ccccc3)cc2C(=O)NCc2ccccc2)cc1,0,authentic,authentic,,,O=C(NC(c1ccccc1)c1ccccc1)c1cc(C(=O)NCc2ccccc2)n(-c2ccccc2)n1,train,516.6010000000002,5.330300000000005,0.27735844723221453,39,62
subcategory_bioisostere.remove-O_1371,CCCC(O)CC/C=C/c1c(-c2ccc(F)cc2)c2ccc(C)cc2n1C(C)C,1,bioisostere,remove-O,Cc1ccc2c(-c3ccc(F)cc3)c(/C=C/C3CC(O)CC(=O)O3)n(C(C)C)c2c1,0 1 3 4 5 6 7 8 9 10 11 12 13 14 15 16 17 18 19 20 21 22 23 24 25 26 27 28,O=C1CCCC(/C=C/c2[nH]c3ccccc3c2-c2ccccc2)O1,train,393.54600000000016,7.291120000000007,0.42688260477526424,29,49
subcategory_bioisostere.remove-O_515,COC(=O)c1ccc(NCc2ccc(F)cc2)cn1,0,authentic,authentic,,,c1ccc(CNc2cccnc2)cc1,train,260.268,2.6194000000000006,0.8584659538774898,19,30
subcategory_bioisostere.remove-O_118,O=C(CN1C(=O)NC2(CCCC2)C1=O)NC(c1ccccc1)c1ccccc1,0,authentic,authentic,,,O=C(CN1C(=O)NC2(CCCC2)C1=O)NC(c1ccccc1)c1ccccc1,train,377.444,2.7568,0.7867202956105385,28,47
subcategory_bioisostere.remove-O_557,CCCCC(NC(=O)[C@@H](Cc1c(Br)[nH]c2ccccc12)NC(=O)C(CC(C)C)NC(=O)N1CCCCC1C)C(=O)O,0,authentic,authentic,,,O=C(CNC(=O)N1CCCCC1)NCCc1c[nH]c2ccccc12,test,634.616,4.716000000000004,0.21685895385933546,41,78
subcategory_bioisostere.remove-O_363,CCCCCCCCCCCCN1CC[C@H]2[C@H](C)[C@@H](O)CC[C@]2(C)C1,0,authentic,authentic,,,C1CC[C@@H]2CCNCC2C1,train,351.61900000000014,6.026300000000007,0.45959980297147957,25,51
subcategory_bioisostere.remove-O_674,O=C(NC1CCCC1)C1CC1c1ccccc1,0,authentic,authentic,,,O=C(NC1CCCC1)C1CC1c1ccccc1,train,229.32300000000004,2.8489000000000004,0.8480673337192366,17,26
subcategory_bioisostere.remove-O_836,C=Cc1sc(-c2ccc(OCC(C)C)c(Br)c2)nc1C,1,bioisostere,remove-O,CCOC(=O)c1sc(-c2ccc(OCC(C)C)c(Br)c2)nc1C,0 1 3 4 5 6 7 8 9 10 11 12 13 14 15 16 17 18,c1ccc(-c2nccs2)cc1,train,352.29699999999997,5.558820000000003,0.7029081469858631,20,35
subcategory_bioisostere.remove-O_726,CN1CCN(C2=Nc3cc(Cl)ccc3NC3CCCCC23)CC1,0,authentic,authentic,,,c1ccc2c(c1)N=C(N1CCNCC1)C1CCCCC1N2,train,332.8790000000002,3.601700000000003,0.7871616205195081,23,37
subcategory_bioisostere.remove-O_860,C=CNc1cccc(OC(=O)Nc2ccccc2)c1,1,bioisostere,remove-O,CCOC(=O)Nc1cccc(OC(=O)Nc2ccccc2)c1,0 1 3 4 5 6 7 8 9 10 11 12 13 14 15 16 17,O=C(Nc1ccccc1)Oc1ccccc1,train,254.28900000000002,3.8529000000000018,0.8707790706287382,19,29
subcategory_bioisostere.remove-O_458,CC1=NC(C)=C(C(=O)OCCN2C(=O)c3ccccc3S2(=O)=O)C(c2cccc(Cl)c2Cl)/C1=C(\O)OCC1CCCCO1,0,authentic,authentic,,,O=C(OCCN1C(=O)c2ccccc2S1(=O)=O)C1=CN=CC(=COCC2CCCCO2)C1c1ccccc1,train,649.549,5.568700000000006,0.2902817781171821,43,80
subcategory_bioisostere.remove-O_30,O=C(O)c1ccc(NCc2cccc(F)c2)cn1,0,authentic,authentic,,,c1ccc(CNc2cccnc2)cc1,train,246.241,2.5310000000000006,0.8697468632614617,18,29
subcategory_bioisostere.remove-O_737,CC(C)(C)CC(C)(C)c1ccc2c(c1)OCCOCCOCCOCc1cc(C(C)(C)C)cc(c1C(=O)O)COCCOCCOCCO2,0,authentic,authentic,,,c1cc2cc(c1)COCCOCCOCCOc1ccccc1OCCOCCOCCOC2,val,688.8990000000001,6.967100000000007,0.36319171097906644,49,76
subcategory_bioisostere.remove-O_775,COc1cc(/C=C/C(=O)O)ccc1OC(C)=O,0,authentic,authentic,,,c1ccccc1,train,236.22299999999998,1.7183,0.48920608733772036,17,30
subcategory_bioisostere.remove-O_858,CNC[C@H](C)Nc1ccc(C(N)=O)c2[nH]c(C)c(C)c12,1,bioisostere,remove-O,C#CC(=O)N1CC[C@H](Nc2ccc(C(N)=O)c3[nH]c(C)c(C)c23)C1,0 1 2 3 4,c1cc(N[C@H]2CCNC2)c2cc[nH]c2c1,val,274.368,1.9034399999999996,0.6718092625558634,20,42
subcategory_bioisostere.remove-O_948,CCCCc1cc(F)ccc1OCC(O)CN(C1CCCCC1)C1CCCCC1,1,bioisostere,remove-O,Cl.O=C(CCc1ccc(F)cc1)c1cc(F)ccc1OCC(O)CN(C1CCCCC1)C1CCCCC1,0 1 2 3 4,O=C(CCc1ccccc1)c1ccccc1OCCCN(C1CCCCC1)C1CCCCC1,train,405.5980000000004,5.875400000000006,0.5278586764439447,29,41
subcategory_bioisostere.remove-O_1277,COc1ccc2c(c1)c(CC(=O)O)c(C)n2C(=O)c1ccc(Sc2cccc(C)c2)cc1,1,bioisostere,remove-O,COc1ccc(Sc2ccc(C(=O)n3c(C)c(CC(=O)O)c4cc(OC)ccc43)cc2)cc1,0 1 2 3 4 5 6 7 8 9 10 11 12 13 14 15 16 17 18 19 20 21 23 24 25 26 27 28 29 30 31,O=C(c1ccc(Sc2ccccc2)cc1)n1ccc2ccccc21,val,445.54000000000013,5.733540000000005,0.4102464126801402,32,56
subcategory_bioisostere.remove-O_342,CCNc1cccnc1N1CCN(C(=O)c2ccc3[nH]ccc3c2)CC1,0,authentic,authentic,,,O=C(c1ccc2[nH]ccc2c1)N1CCN(c2ccccn2)CC1,train,349.43800000000005,2.9571000000000014,0.7600575354628669,26,42
subcategory_bioisostere.remove-O_1043,CCO[C@H]1CC(=O)O[C@H]1CO,1,bioisostere,remove-O,CCCCCCCCCCCCCC(=O)O[C@H]1CC(=O)O[C@H]1CO,0 1 2,O=C1CCCO1,train,160.169,-0.30070000000000013,0.5757202926435316,11,24
subcategory_bioisostere.remove-O_1161,CN1CCC(c2ccc(F)cc2)[C@H](COc2ccccc2)C1,1,bioisostere,remove-O,CN1CCC(c2ccc(F)cc2)[C@H](COc2ccc3c(c2)OCO3)C1,0 1 2 3 4 5 6 7 8 9 10 11 12 13 15 16 17 18 19 20 21,c1ccc(C2CCNC[C@H]2COc2ccc3c(c2)OCO3)cc1,train,299.389,3.940000000000003,0.8476299938602748,22,38
subcategory_bioisostere.remove-O_530,CC(C)=CCC/C(C)=C/CC/C(C)=C/CSc1ncccc1C(=O)O,0,authentic,authentic,,,c1ccncc1,train,359.535,6.291100000000006,0.39373488528524014,25,43
subcategory_bioisostere.remove-O_1113,CCCCC1(CN)CCCCC1C1CCCCC1,1,bioisostere,remove-O,NCC1(CC(=O)O)CCCCC1C1CCCCC1,0 1 2 3 5 6 7 8 9 10 11 12 13 14 15 16 17,C1CCC(C2CCCCC2)CC1,train,251.45799999999994,4.892200000000004,0.7392402902858459,18,24
subcategory_bioisostere.remove-O_1451,COc1ccc(-n2nc(C(F)(F)F)c3c2C(=O)N(c2ccc(C4(NC(C)(C)C)CC4)cc2)CC3)cc1,1,bioisostere,remove-O,COC(=O)NC1(c2ccc(N3CCc4c(C(F)(F)F)nn(-c5ccc(OC)cc5)c4C3=O)cc2)CC1,0 1 2 3 4 5 6 7 8 9 10 11 12 13 14 15 16 17 18 19 20 21 22 24 25 26 27 28 29 30 31 32 33 34 35,O=C1c2c(cnn2-c2ccccc2)CCN1c1ccc(C2CC2)cc1,train,498.5490000000003,5.4798000000000044,0.5062577482148882,36,68
subcategory_bioisostere.remove-O_1549,O=C(c1ccc(F)cc1)C1CCN(CCC(C(=O)c2ccccc2)c2ccccc2)CC1,1,bioisostere,remove-O,COc1ccc(C(CCN2CCC(C(=O)c3ccc(F)cc3)CC2)C(=O)c2ccccc2)cc1OC,15 24 25 26 27 28 29,O=C(c1ccccc1)C1CCN(CCC(C(=O)c2ccccc2)c2ccccc2)CC1,test,429.53500000000014,5.777200000000006,0.42626857813474056,32,52
subcategory_bioisostere.remove-O_910,C=CCN(Cc1cccc(F)c1)CC1CCCO1,1,bioisostere,remove-O,CC(=O)c1ccccc1OCC(O)CN(Cc1cccc(F)c1)CC1CCCO1,0 1 2,c1ccc(CN(CCCOc2ccccc2)CC2CCCO2)cc1,val,249.32899999999992,2.992700000000002,0.7186026181115659,18,27
subcategory_bioisostere.remove-O_1450,CCCC1(C(N)CC)CCCCC1,1,bioisostere,remove-O,CCC(N)C1(CC(=O)O)CCCCC1.Cl,0 1 2 4 5 6 7 8 9 10 11,C1CCCCC1,train,183.33899999999994,3.474300000000002,0.7092592425375877,13,19
subcategory_bioisostere.remove-O_1559,CC(C)SCC(=O)N(C[C@H]1CN(c2ccc(N3CCOCC3=O)cc2F)C(=O)O1)C(=O)c1ccc(Cl)s1,1,bioisostere,remove-O,CC(C)[C@H](N)C(=O)SCC(=O)N(C[C@H]1CN(c2ccc(N3CCOCC3=O)cc2F)C(=O)O1)C(=O)c1ccc(Cl)s1,0 1 2 4 5 6 7 8 9 10 11 12 13 14 15 16 17 18 19 20 21 22 23 24 25 26 27 28 29 30 31 32 33 34 35 36,O=C(NC[C@H]1CN(c2ccc(N3CCOCC3=O)cc2)C(=O)O1)c1cccs1,train,570.0640000000004,4.039600000000004,0.473233713331669,37,70
subcategory_bioisostere.remove-O_1241,O=C1[C@H]([C@@H](O)CCc2ccccc2)[C@H](c2ccccc2)N1c1ccccc1,1,bioisostere,remove-O,COc1ccc([C@H]2[C@@H]([C@@H](O)CCc3ccccc3)C(=O)N2c2ccccc2)cc1,13 14 15 16 17 18 19,O=C1[C@H](CCCc2ccccc2)[C@H](c2ccccc2)N1c1ccccc1,train,357.4530000000001,4.384400000000004,0.6650575736494952,27,55
subcategory_bioisostere.remove-O_1393,NC(=O)C1CCN(C(=O)c2cc(-c3ccc(F)cc3)nn2-c2ccccc2)CC1,1,bioisostere,remove-O,COc1ccc(-n2nc(-c3ccc(F)cc3)cc2C(=O)N2CCC(C(N)=O)CC2)cc1,0 1 2 3 4 5 6 7 8 9 10 11 12 13 14 15 16 17 18 19 21 22 23 24 25 26 27 28,O=C(c1cc(-c2ccccc2)nn1-c1ccccc1)N1CCCCC1,val,392.43400000000014,3.015900000000001,0.7410651129828566,29,51
subcategory_bioisostere.remove-O_997,CCC(C)c1ccc(CC(C)C)cc1,1,bioisostere,remove-O,CC(C)Cc1ccc(C(C)C(=O)O)cc1,0 1 3 4 5 6 7 8 9 10 11 12,c1ccccc1,train,190.32999999999998,4.398600000000004,0.6598894586208908,14,22
subcategory_bioisostere.remove-O_797,CCc1c(CCC(C)C)c2cc(OC)ccc2n1C(=O)c1ccccc1,1,bioisostere,remove-O,COc1ccc2c(c1)c1c(n2C(=O)c2ccccc2)CCC(C(=O)O)C1,4 5 6 7 8,O=C(c1ccccc1)n1c2c(c3ccccc31)CCCC2,train,349.47400000000005,5.489400000000005,0.5890980024104253,26,41
subcategory_bioisostere.remove-O_380,CC(=O)[C@H]1C[C@@H](O)[C@@]2(C)[C@]3(O)C(=O)C[C@H]4C(C)(C)[C@@H](O)CC[C@]4(C)C3=CC(=O)[C@]12C,0,authentic,authentic,,,O=C1C=C2C(C(=O)C[C@H]3CCCCC23)C2CCCC12,test,418.5300000000002,1.9851999999999999,0.60038547321424,30,93
subcategory_bioisostere.remove-O_1157,NCCCC(NC(=O)OCc1ccccc1)C(=O)O,1,bioisostere,remove-O,O=C(O)CNC(=O)C(CSCc1ccc(Br)cc1)NC(=O)CCC(NC(=O)OCc1ccccc1)C(=O)O,0 1 2,O=C(CCCNC(=O)OCc1ccccc1)NCCSCc1ccccc1,train,266.29699999999997,1.1048999999999993,0.6857165152050443,19,29
subcategory_bioisostere.remove-O_588,C#CCNS(=O)(=O)c1ccc(CCN(Cc2cc(Cl)ccc2OC)C(=O)C=C)cc1,0,authentic,authentic,,,c1ccc(CCNCc2ccccc2)cc1,train,446.9560000000002,3.017400000000001,0.44934847404134964,30,52
subcategory_bioisostere.remove-O_100,CCCCCCc1c(O)noc1C[C@@H](N)C(=O)O,0,authentic,authentic,,,c1cnoc1,val,256.30199999999996,1.4573999999999998,0.6072613142683331,18,32
subcategory_bioisostere.remove-O_1522,CC[C@@H](CCc1ccccc1)N[C@H](C)C(=O)N1[C@@H](C(=O)O)C[C@H]2CCC[C@H]21,1,bioisostere,remove-O,CCOC(=O)[C@@H](CCc1ccccc1)N[C@H](C)C(=O)N1[C@@H](C(=O)O)C[C@H]2CCC[C@H]21,0 1 3 4 5 6 7 8 9 10 11 12 13 14 15 16 17 18 19 20 21 22 23 24 25 26,O=C(CNCCCc1ccccc1)N1CC[C@H]2CCC[C@H]21,test,372.50900000000024,3.230100000000002,0.735013171648682,27,67
subcategory_bioisostere.remove-O_827,CCc1nc(-c2ccccc2)sc1C(=O)O,1,bioisostere,remove-O,CCc1nc(-c2ccc(OC(F)F)cc2)sc1C(=O)O,0 1 2 3 5 6 7 8 9 10 11 12 13 14 15,c1ccc(-c2nccs2)cc1,train,233.29199999999997,3.0707000000000013,0.8858992067993229,16,26
subcategory_bioisostere.remove-O_445,CC1(COc2ccc(CC3SC(=O)NC3=O)cc2)CCCC(O)C1,0,authentic,authentic,,,O=C1NC(=O)C(Cc2ccc(OCC3CCCCC3)cc2)S1,val,349.45200000000017,2.9007000000000014,0.8547731907131396,24,40
subcategory_bioisostere.remove-O_1585,Cc1cccc(C(=O)OCC(O)CNC(C)C)c1,1,bioisostere,remove-O,CC(C)NCC(O)COC(=O)c1ccc2c(c1)OCO2,0 1 2 3 4 5 7 8 9 10 11 12 13 14 15 16,c1ccc2c(c1)OCO2,train,251.326,1.51072,0.7524485849192689,18,29
subcategory_bioisostere.remove-O_1295,COc1ccc2c(-c3ccccc3)c(C(=O)O)n(-c3ccccc3)c2c1,1,bioisostere,remove-O,COc1ccc2c(-c3ccc4c(c3)OCO4)c(C(=O)O)n(-c3ccccc3)c2c1,6 7 8 9 10 11 12,c1ccc(-n2cc(-c3ccc4c(c3)OCO4)c3ccccc32)cc1,train,343.38200000000006,5.004300000000003,0.5669007219954059,26,45
subcategory_bioisostere.remove-O_1332,CCNC(=O)N(C)CC1(c2ccc(N3CCc4c(C(F)(F)F)nn(-c5ccccc5)c4C3=O)cc2)CC1,1,bioisostere,remove-O,CCNC(=O)N(C)CC1(c2ccc(N3CCc4c(C(F)(F)F)nn(-c5ccc(OC)cc5)c4C3=O)cc2)CC1,0 1 2 3 4 5 6 7 8 9 10 11 12 13 14 15 16 17 18 19 20 21 22 24 25 26 27 28 29 30 31 32 33 34 35 36,O=C1c2c(cnn2-c2ccccc2)CCN1c1ccc(C2CC2)cc1,train,511.5480000000002,4.786900000000005,0.517668439038177,37,66
subcategory_bioisostere.remove-O_779,CC(C)(C)NCC(O)COC(=O)c1ccc(F)cc1,0,authentic,authentic,,,c1ccccc1,train,269.316,1.7315,0.7992890828858507,19,32
subcategory_bioisostere.remove-O_943,CCOC(=O)c1sc(-c2ccccc2C)nc1C,1,bioisostere,remove-O,CCOC(=O)c1sc(-c2ccc(OC)cc2)nc1C,0 1 2 3 4 5 6 8 9 10 11 12 13 14 15 16 17,c1ccc(-c2nccs2)cc1,train,261.346,3.603640000000002,0.7923314681674685,18,28
subcategory_bioisostere.remove-O_564,C=C=CCN(C)CCCOc1ccc(Cl)cc1Cl,0,authentic,authentic,,,c1ccccc1,train,286.202,4.035200000000003,0.5539038702532001,18,28
subcategory_bioisostere.remove-O_480,COc1ccc(C[C@@H]2[C@H](OC(=O)N[C@@H]3CCN(Cc4ccccc4)C3)[C@@H](O)CN2C(=O)Nc2ccc(-c3ccccc3)cc2)cc1,0,authentic,authentic,,,O=C(N[C@@H]1CCN(Cc2ccccc2)C1)O[C@@H]1CCN(C(=O)Nc2ccc(-c3ccccc3)cc2)[C@@H]1Cc1ccccc1,train,620.7500000000003,5.551200000000006,0.22682631407194673,46,94
subcategory_bioisostere.remove-O_953,CCC=C[C@H](C[C@@H]1CCNC1=O)NC(=O)[C@H](Cc1ccccc1)n1cccc(NC(=O)OCc2ccccc2)c1=O,1,bioisostere,remove-O,CCOC(=O)/C=C/[C@H](C[C@@H]1CCNC1=O)NC(=O)[C@H](Cc1ccccc1)n1cccc(NC(=O)OCc2ccccc2)c1=O,0 1 2,O=C(Nc1cccn([C@@H](Cc2ccccc2)C(=O)NCC[C@@H]2CCNC2=O)c1=O)OCc1ccccc1,train,556.6630000000002,4.358000000000003,0.2866707513824646,41,77
subcategory_bioisostere.remove-O_535,OC(Cn1cncn1)(c1ccccc1)C1(F)CC1,0,authentic,authentic,,,c1ccc(C(Cn2cncn2)C2CC2)cc1,train,247.27299999999997,1.6680000000000001,0.893692900306684,18,30
subcategory_bioisostere.remove-O_435,Nc1cc(N2C[C@H](CNC(=O)c3ccc(Cl)s3)OC2=O)ccc1N1CCOCC1=O,0,authentic,authentic,,,O=C(NC[C@H]1CN(c2ccc(N3CCOCC3=O)cc2)C(=O)O1)c1cccs1,train,450.90400000000034,2.1021,0.6740974698973493,30,54
subcategory_bioisostere.remove-O_160,C=CCN1CCc2ccccc2C1C1CCCCC1,0,authentic,authentic,,,c1ccc2c(c1)CCNC2C1CCCCC1,train,255.40499999999994,4.352100000000004,0.7256952936069491,19,26
subcategory_bioisostere.remove-O_814,CCc1sc(-c2cc(C#N)c3c(c2)CC(C)(C)O3)nc1C(F)(F)F,1,bioisostere,remove-O,CCOC(=O)c1sc(-c2cc(C#N)c3c(c2)CC(C)(C)O3)nc1C(F)(F)F,0 1 3 4 5 6 7 8 9 10 11 12 13 14 15 16 17 18 19 20 21 22 23,c1csc(-c2ccc3c(c2)CCO3)n1,train,352.381,4.976480000000003,0.7659293414309363,24,46
subcategory_bioisostere.remove-O_639,CC(CN(C)C)CN1C(=O)NC(c2ccccc2)(c2ccccc2)C1=O,0,authentic,authentic,,,O=C1NC(=O)C(c2ccccc2)(c2ccccc2)N1,train,351.4500000000001,2.6797000000000004,0.8143420478934503,26,44
subcategory_bioisostere.remove-O_1017,CC[C@H](NC(=O)c1cccc(CO[N+](=O)[O-])c1)c1cc(=O)c(OC)ccc1-c1ccccc1,1,bioisostere,remove-O,COc1cc2c(c(OC)c1OC)-c1ccc(OC)c(=O)cc1[C@@H](NC(=O)c1cccc(CO[N+](=O)[O-])c1)CC2,26 27 28 29 30 31 32,O=C(N[C@H]1CCc2ccccc2-c2cccc(=O)cc21)c1ccccc1,train,448.47500000000014,4.311800000000003,0.38600872847085244,33,65
subcategory_bioisostere.remove-O_240,CCCC(=O)C(O)(Cn1cncn1)c1ccc(Cl)cc1,0,authentic,authentic,,,c1ccc(CCn2cncn2)cc1,train,293.754,2.1885000000000003,0.8862817273523067,20,34
subcategory_bioisostere.remove-O_50,O=c1nc2n(c3c1CCCCC3)CCC2,0,authentic,authentic,,,O=c1nc2n(c3c1CCCCC3)CCC2,train,204.2729999999999,1.4584,0.59957394735669,15,24
subcategory_bioisostere.remove-O_1143,CCN[C@H](C(=O)N1CCC[C@H]1C(=O)NCCc1ccccc1)C(C)C,1,bioisostere,remove-O,CC(C)[C@H](NC(=O)[C@H](C)N)C(=O)N1CCC[C@H]1C(=O)NCCc1ccccc1,0 1 2 4 5 6 7 8 9 10 11 12 13 14 15 16 17 18 19 20 21 22 23,O=C(NCCc1ccccc1)[C@@H]1CCCN1,train,345.487,1.9704,0.7571901303334583,25,47
subcategory_bioisostere.remove-O_642,CC(C)c1cccc(C(C)C)c1N1CNC(Cc2ccccc2)C1=O,0,authentic,authentic,,,O=C1C(Cc2ccccc2)NCN1c1ccccc1,test,336.479,4.438400000000003,0.8753618359358921,25,40
subcategory_bioisostere.remove-O_851,CC[C@@H]1CCCN1C(=O)[C@H](Cc1ccccc1)NC(=O)[C@@H](N)C(C)C,1,bioisostere,remove-O,CC(C)[C@H](N)C(=O)N[C@@H](Cc1ccccc1)C(=O)N1CCC[C@H]1C(=O)O,0 1 3 4 5 6 7 8 9 10 11 12 13 14 15 16 17 18 19 20 21 22 23 24,O=C(CCc1ccccc1)N1CCCC1,test,345.48700000000014,2.0981999999999994,0.7945003008998852,25,55
subcategory_bioisostere.remove-O_552,Cc1ccc(C)n1Nc1ccc(N2CCCCC2)nn1,0,authentic,authentic,,,c1ccn(Nc2ccc(N3CCCCC3)nn2)c1,train,271.36799999999994,2.760440000000001,0.9321169131419176,20,30
subcategory_bioisostere.remove-O_1006,[2H]C([2H])(OCCC)C([2H])([2H])N1CCN(C(c2ccccc2)c2ccc(Cl)cc2)CC1,1,bioisostere,remove-O,Cl.[2H]C([2H])(OCC(=O)O)C([2H])([2H])N1CCN(C(c2ccccc2)c2ccc(Cl)cc2)CC1,0 1 2 3 5 6 7 8 9 10 11 12 13 14 15 16 17 18 19 20 21 22 23 24 25 26 27 28 29,c1ccc(C(c2ccccc2)N2CCNCC2)cc1,train,376.9644071120001,4.473600000000004,0.6754041517619539,26,63
subcategory_bioisostere.remove-O_1326,CCc1oc2ccccc2c1C(=O)c1ccccc1,1,bioisostere,remove-O,CCc1oc2ccccc2c1C(=O)c1ccc(OC)cc1,0 1 2 3 4 5 6 7 8 9 10 12 13 14 15 16 17,O=C(c1ccccc1)c1coc2ccccc12,train,250.29699999999997,4.226200000000003,0.651148042557493,19,28
subcategory_bioisostere.remove-O_183,[NH3+]CCc1cc(I)c(Oc2cc(I)c(O)c(I)c2)c(I)c1,0,authentic,authentic,,,c1ccc(Oc2ccccc2)cc1,train,733.871,4.387300000000002,0.45906195133500866,21,42
subcategory_bioisostere.remove-O_798,CC(=O)Nc1ccccc1C(=O)N1CCC(N2CCN([C@@H](C)c3ccc(S(=O)(=O)c4ccccc4C)cc3)[C@H](C)C2)CC1,1,bioisostere,remove-O,CC(=O)Nc1ccccc1C(=O)N1CCC(N2CCN([C@@H](C)c3ccc(S(=O)(=O)c4ccc5c(c4)OCO5)cc3)[C@H](C)C2)CC1,0 1 2 3 4 5 6 7 8 9 10 11 12 13 14 15 16 17 18 19 20 21 22 23 24 25 27 28 29 30 31 32 33 34 35 36 37 38 39 40 41 42,O=C(c1ccccc1)N1CCC(N2CCN(Cc3ccc(S(=O)(=O)c4ccc5c(c4)OCO5)cc3)CC2)CC1,train,602.801,5.158120000000006,0.4021085467180532,43,84
subcategory_bioisostere.remove-O_636,CC(C)N(Cc1ccccc1)C(=O)CN1C(=O)NC(Cc2ccccc2)(c2ccccc2)C1=O,0,authentic,authentic,,,O=C(CN1C(=O)NC(Cc2ccccc2)(c2ccccc2)C1=O)NCc1ccccc1,train,455.55800000000016,4.1136000000000035,0.5198517523654604,34,57
subcategory_bioisostere.remove-O_803,Cc1cccc(C[C@H]2NC(=O)/C=C/C[C@@H]([C@H](C)[C@H]3O[C@@H]3c3ccc(CO)cc3)OC(=O)[C@H](CC(C)C)OC(=O)C(C)(C)CNC2=O)c1,1,bioisostere,remove-O,COc1ccc(C[C@H]2NC(=O)/C=C/C[C@@H]([C@H](C)[C@H]3O[C@@H]3c3ccc(CO)cc3)OC(=O)[C@H](CC(C)C)OC(=O)C(C)(C)CNC2=O)cc1Cl,0 1 2 3 4 5 6 46,O=C1/C=C/C[C@@H](C[C@H]2O[C@@H]2c2ccccc2)OC(=O)COC(=O)CCNC(=O)[C@@H](Cc2ccccc2)N1,val,648.7970000000001,4.262820000000003,0.2847279678741009,47,110
subcategory_bioisostere.remove-O_1457,CNC(=O)c1ccc(CN(C)C)c(Oc2ccccc2)c1,1,bioisostere,remove-O,CNC(=O)c1ccc(CN(C)C)c(Oc2ccc(OC(F)(F)F)cc2)c1,13 14 15 16 17 18 19,c1ccc(Oc2ccccc2)cc1,train,284.359,2.900100000000002,0.9176133203201285,21,34
subcategory_bioisostere.remove-O_993,c1ccc(C(Cc2cccc(-n3cccc3)c2)n2ccnc2)cc1,1,bioisostere,remove-O,COc1ccc(C(Cc2cccc(-n3cccc3)c2)n2ccnc2)cc1,0 1 2 3 5 6 7 8 9 10 11 12 13 14 15 16 17 18 19 20 21 22,c1ccc(C(Cc2cccc(-n3cccc3)c2)n2ccnc2)cc1,train,313.40400000000005,4.505900000000003,0.5315145441190261,24,39
subcategory_bioisostere.remove-O_1324,COC(=O)C1(NC(=O)CN2CCc3c(C(F)(F)F)nn(-c4ccccc4)c3C2=O)CCCC1,1,bioisostere,remove-O,C.COC(=O)C1(NC(=O)CN2CCc3c(C(F)(F)F)nn(-c4ccc(OC)cc4)c3C2=O)CCCC1,0 1 2 3 4 5 6 7 8 9 10 11 12 13 14 15 16 17 18 20 21 22 23 24 25 26 27 28 29 30 31 32,O=C(CN1CCc2cnn(-c3ccccc3)c2C1=O)NC1CCCC1,train,464.44400000000024,2.4914000000000005,0.6867341848893752,33,59
subcategory_bioisostere.remove-O_736,Cc1ccccc1C(=O)n1c(=O)[nH]cc(F)c1=O,0,authentic,authentic,,,O=C(c1ccccc1)n1c(=O)cc[nH]c1=O,val,248.21299999999997,0.67262,0.8058859838744128,18,34
subcategory_bioisostere.remove-O_1025,CCSc1nc(C(C)(C)O)c(CC)n1Cc1ccc(-c2ccccc2-c2nn[nH]n2)cc1,1,bioisostere,remove-O,CCSc1nc(C(C)(C)O)c(C(=O)O)n1Cc1ccc(-c2ccccc2-c2nn[nH]n2)cc1,0 1 2 3 4 5 6 7 8 9 11 12 13 14 15 16 17 18 19 20 21 22 23 24 25 26 27 28 29 30 31,c1ccc(-c2nn[nH]n2)c(-c2ccc(Cn3ccnc3)cc2)c1,train,448.5960000000001,4.6803000000000035,0.38031082173322295,32,55
subcategory_bioisostere.remove-O_1291,CCCCc1nc(C(C)(C)C)cn1Cc1ccc(-c2nn[nH]n2)cc1,1,bioisostere,remove-O,CCCCc1nc(C(=O)O)cn1Cc1ccc(-c2nn[nH]n2)cc1,0 1 2 3 4 5 7 8 9 10 11 12 13 14 15 16 17 18 19 20 21 22 23 24,c1cn(Cc2ccc(-c3nn[nH]n3)cc2)cn1,test,338.459,3.7516000000000025,0.7427237612822905,25,43
subcategory_bioisostere.remove-O_756,CCCOC1CCCn2c1nc(C)c(CCN1CCC(c3onc4cc(F)ccc34)CC1)c2=O,0,authentic,authentic,,,O=c1c(CCN2CCC(c3onc4ccccc34)CC2)cnc2n1CCCC2,test,468.57300000000026,4.515620000000005,0.5078397714228834,34,53
subcategory_bioisostere.remove-O_360,O=C1CCc2cc(OC[C@@H](O)CN3CCN(c4ccc(Cl)c(Cl)c4)CC3)ccc2N1,0,authentic,authentic,,,O=C1CCc2cc(OCCCN3CCN(c4ccccc4)CC3)ccc2N1,train,450.36600000000016,3.4400000000000013,0.7062876472220394,30,56
subcategory_bioisostere.remove-O_413,O=C1NS(=O)(=O)N(COCc2ccccc2)c2ccccc21,0,authentic,authentic,,,O=C1NS(=O)(=O)N(COCc2ccccc2)c2ccccc21,val,318.35400000000004,1.6555000000000002,0.9299546920536104,22,37
subcategory_bioisostere.remove-O_1436,COC(=O)CCC1C(=O)N(c2ccc(F)cc2)C1c1ccccc1,1,bioisostere,remove-O,COC(=O)CCC1C(=O)N(c2ccc(F)cc2)C1c1ccc(O)cc1,0 1 2 3 4 5 6 7 8 9 10 11 12 13 14 15 16 18 19 20 21 22,O=C1CC(c2ccccc2)N1c1ccccc1,train,327.3550000000001,3.4830000000000023,0.6237785914328059,24,40
subcategory_bioisostere.remove-O_868,CCCCCCC(=O)N[C@@H](Cc1ccccc1)C(=O)O[C@@H](CCC)[C@@H]1CCCN1C(=O)[C@@H](N)C(C)C,1,bioisostere,remove-O,CCCCCCC(=O)N[C@@H](Cc1ccccc1)C(=O)O[C@@H](CC(=O)O)[C@@H]1CCCN1C(=O)[C@@H](N)C(C)C,21 22 23,O=C(CCc1ccccc1)OC[C@@H]1CCCN1,train,501.71200000000044,4.370500000000003,0.27445843310625484,36,77
subcategory_bioisostere.remove-O_1535,NCO[C@@H]1Cc2ccccc2[C@@H]1C1=C(O)[C@](Cc2ccccc2)(C[C@H](O)[C@H](Cc2ccccc2)NC(=O)O[C@H]2CCOC2)N=C1,1,bioisostere,remove-O,NC(=O)O[C@@H]1Cc2ccccc2[C@@H]1C1=C(O)[C@](Cc2ccccc2)(C[C@H](O)[C@H](Cc2ccccc2)NC(=O)O[C@H]2CCOC2)N=C1,0 1 2,O=C(N[C@H](CC[C@@]1(Cc2ccccc2)C=C([C@@H]2CCc3ccccc32)C=N1)Cc1ccccc1)O[C@H]1CCOC1,train,611.7389999999999,4.383100000000003,0.2233015756865851,45,97
subcategory_bioisostere.remove-O_449,C[C@H]1OC1C1C[C@H](OC(=O)C(O)(c2cccs2)c2cccs2)CCN1C,0,authentic,authentic,,,O=C(O[C@@H]1CCNC(C2CO2)C1)C(c1cccs1)c1cccs1,train,393.53000000000014,2.838800000000001,0.6251983364692688,26,51
subcategory_bioisostere.remove-O_610,NCC(O)Cn1cnc2nc(N)[nH]c(=O)c21,0,authentic,authentic,,,O=c1[nH]cnc2nc[nH]c12,train,224.224,-1.9786000000000001,0.47674013268182996,16,30
subcategory_bioisostere.remove-O_700,Cc1ccc2nc(C(C)C)c(C=CC(O)CC(O)CC(=O)O)c(-c3ccc(F)cc3)c2c1,0,authentic,authentic,,,c1ccc(-c2ccnc3ccccc23)cc1,train,437.5110000000002,5.072520000000004,0.45758435959744875,32,57
subcategory_bioisostere.remove-O_1004,CCC(N)Cc1ccc(OC(c2ccccc2)c2ccccc2)cc1,1,bioisostere,remove-O,NC(Cc1ccc(OC(c2ccccc2)c2ccccc2)cc1)C(=O)O,0 1 3 4 5 6 7 8 9 10 11 12 13 14 15 16 17 18 19 20 21 22 23,c1ccc(OC(c2ccccc2)c2ccccc2)cc1,train,331.459,5.134800000000005,0.6507951982349762,25,37
subcategory_bioisostere.remove-O_553,CN(C)CCCC1(O)c2ccccc2COc2ccccc21,0,authentic,authentic,,,c1ccc2c(c1)COc1ccccc1C2,test,297.398,3.1567000000000016,0.9407156698459158,22,32
subcategory_bioisostere.remove-O_1001,CCC(C)(C)Oc1ccc2c(c1)c(-c1ccc(Cl)cc1)c(C)n2C,1,bioisostere,remove-O,Cc1c(-c2ccc(Cl)cc2)c2cc(OC(C)(C)C(=O)O)ccc2n1C,0 1 3 4 5 6 7 8 9 10 11 12 13 14 15 16 17 18 19 20 21 22 23,c1ccc(-c2c[nH]c3ccccc23)cc1,train,341.88200000000006,6.374520000000005,0.537055698430962,24,44
subcategory_bioisostere.remove-O_7,Cc1cc(O)ccc1-c1csc(NC(=O)C(=O)O)n1.NCCO,0,authentic,authentic,,,c1ccc(-c2cscn2)cc1,train,339.3730000000001,0.7846199999999999,0.5194054338661419,23,39
subcategory_bioisostere.remove-O_852,O=C(c1ccccc1)N1CO[C@](CCN2CCC3(CC2)CN(c2ccccc2)C(=O)O3)(c2ccc(Cl)c(Cl)c2)C1,1,bioisostere,remove-O,COc1cc(C(=O)N2CO[C@](CCN3CCC4(CC3)CN(c3ccccc3)C(=O)O4)(c3ccc(Cl)c(Cl)c3)C2)cc(OC)c1OC,1 2 3 4 5 6 7,O=C(c1ccccc1)N1CO[C@](CCN2CCC3(CC2)CN(c2ccccc2)C(=O)O3)(c2ccccc2)C1,train,580.5120000000001,6.2003000000000075,0.3476652111800941,40,75
subcategory_bioisostere.remove-O_170,Cc1ccc(C(O)(C(=O)OC2CCNC(C3OC3C)C2)c2cccs2)s1,0,authentic,authentic,,,O=C(OC1CCNC(C2CO2)C1)C(c1cccs1)c1cccs1,train,393.5300000000001,2.8050200000000007,0.6037895708400984,26,45
subcategory_bioisostere.remove-O_1330,CCCCOCC1OC(n2cnc(C(N)=O)n2)[C@H](O)C1O,1,bioisostere,remove-O,NC(=O)c1ncn(C2OC(COC(=O)[C@@H]([NH3+])CCCC[NH3+])C(O)[C@H]2O)n1,0 1 2 3 4,c1ncn(C2CCCO2)n1,train,300.315,-1.1870999999999974,0.5392850446659877,21,38
subcategory_bioisostere.remove-O_729,CCc1nc2n(c(=O)c1C(=O)O)C(C)CCC2=NNc1ccccc1,0,authentic,authentic,,,O=c1ccnc2n1CCCC2=NNc1ccccc1,train,340.383,2.674900000000001,0.8342174691336136,25,42
subcategory_bioisostere.remove-O_952,CCc1ccc2nc3n(c(=O)c2c1)CCC3,1,bioisostere,remove-O,O=C(O)c1ccc2nc3n(c(=O)c2c1)CCC3,0 1 3 4 5 6 7 8 9 10 11 12 13 14 15,O=c1c2ccccc2nc2n1CCC2,train,214.26799999999994,1.9050999999999998,0.7264006582940558,16,27
subcategory_bioisostere.remove-O_916,Cc1ccccc1NC(=O)CSc1nc2ccncc2[nH]1,1,bioisostere,remove-O,COc1ccc(NC(=O)CSc2nc3ccncc3[nH]2)cc1OC,0 1 2 3 4 5 6 8 9 10 11 12 13 14 15 16 17 18 19 20,O=C(CSc1nc2ccncc2[nH]1)Nc1ccccc1,train,298.371,2.9971200000000007,0.726401404681606,21,33
subcategory_bioisostere.remove-O_1351,O=c1c(Br)ccccc1Nc1ccccc1,1,bioisostere,remove-O,O=c1c(Br)ccccc1Nc1ccc(O)cc1,0 1 2 3 4 5 6 7 8 10 11 12 13 14,O=c1cccccc1Nc1ccccc1,train,276.13300000000004,3.552900000000001,0.9083179286687998,16,24
subcategory_bioisostere.remove-O_832,CC(C)C=CN1CC[C@H](c2ccc(F)cc2)[C@@H](COc2ccccc2)C1,1,bioisostere,remove-O,CC(C)C=CN1CC[C@H](c2ccc(F)cc2)[C@@H](COc2ccc3c(c2)OCO3)C1,0 1 2 3 4 5 6 7 8 9 10 11 12 13 14 15 16 17 19 20 21 22 23 24 25,c1ccc([C@H]2CCNC[C@@H]2COc2ccc3c(c2)OCO3)cc1,train,353.4810000000001,5.479900000000006,0.6816842046217186,26,50
subcategory_bioisostere.remove-O_300,COc1cccc(C2(CCN(C)C)C=CCCC2)c1,0,authentic,authentic,,,C1=CC(c2ccccc2)CCC1,train,259.3929999999999,3.6248000000000022,0.7487823774422298,19,30
subcategory_bioisostere.remove-O_1561,Cc1ccc(Oc2ccccc2CC(C)C)c(C)c1,1,bioisostere,remove-O,Cc1ccc(Oc2ccccc2CC(=O)O)c(C)c1,0 1 2 3 4 5 6 7 8 9 10 11 13 14 15 16 17 18,c1ccc(Oc2ccccc2)cc1,train,254.373,5.294240000000004,0.7195702139421695,19,29
subcategory_bioisostere.remove-O_96,O=C(CCN1CCOCC1)c1coc2ccccc12,0,authentic,authentic,,,O=C(CCN1CCOCC1)c1coc2ccccc12,train,259.305,2.3378000000000005,0.7903627368460681,19,28
subcategory_bioisostere.remove-O_690,Cc1cc(C(c2ccc(C(C)C)cc2)C2CCN(C)CC2)sn1,0,authentic,authentic,,,c1ccc(C(c2ccns2)C2CCNCC2)cc1,test,328.52500000000003,5.048620000000004,0.7806345241624258,23,39
subcategory_bioisostere.remove-O_20,CN1C2CC(OC(=O)C(O)(c3cccs3)c3cccs3)C3C1[C@]31OC21,0,authentic,authentic,,,O=C(OC1CC2NC3C1[C@@]31OC21)C(c1cccs1)c1cccs1,train,375.47100000000006,1.811,0.652371773034283,25,49
subcategory_bioisostere.remove-O_1455,CCC1CCC(CNC)(CC(C)C)CC1,1,bioisostere,remove-O,CCC1CCC(CNC)(CC(=O)O)CC1.Cl,5 9 10 11 12,C1CCCCC1,train,211.39299999999997,3.8385000000000034,0.7283547191675324,15,23
subcategory_bioisostere.remove-O_830,CCN(CCCN1CCN(c2cccc(Cl)c2)CC1)c1cccc(OC)c1C,1,bioisostere,remove-O,COc1cccc2c1CCC(=O)N2CCCN1CCN(c2cccc(Cl)c2)CC1.Cl,0 1 3 4 5 6 7 8 9 10 11 12 13 14 15 16 17 18 19 20 21 22 23 24 25 26 27,O=C1CCc2ccccc2N1CCCN1CCN(c2ccccc2)CC1,train,401.98200000000026,4.695620000000004,0.6378833076353794,28,43
subcategory_bioisostere.remove-O_613,O=S(Cc1cc(OCC(F)(F)F)ccn1)c1nc2ccccc2[nH]1,0,authentic,authentic,,,O=S(Cc1ccccn1)c1nc2ccccc2[nH]1,train,355.341,3.206800000000001,0.7631268911936157,24,42
subcategory_bioisostere.remove-O_1283,COc1cccc([C@@]2(O)c3ccc(-c4ccccc4)cc3CC[C@@H]2CN(C)C)c1,1,bioisostere,remove-O,COc1ccc(-c2ccc3c(c2)CC[C@H](CN(C)C)[C@@]3(O)c2cccc(OC)c2)cc1,0 1 2 3 4 5 6 7 8 9 10 11 13 14 15 16 17 18 19 20 21 22 23 24 25 26 27 28,c1ccc(-c2ccc3c(c2)CCCC3c2ccccc2)cc1,train,387.5230000000002,4.722100000000004,0.687429789534788,29,55
subcategory_bioisostere.remove-O_1398,Cc1cccc(CC(=O)N2CCC(CCN3CCC(C(N)=O)(c4ccccc4)CC3)(c3ccc(Cl)c(Cl)c3)C2)c1,1,bioisostere,remove-O,COc1cc(CC(=O)N2CCC(CCN3CCC(C(N)=O)(c4ccccc4)CC3)(c3ccc(Cl)c(Cl)c3)C2)cc(OC)c1OC,0 1 2 3 4 5 7 8 9 10 11 12 13 14 15 16 17 18 19 20 21 22 23 24 25 26 27 28 29 30 31 32 33 34 35 36 37 38,O=C(Cc1ccccc1)N1CCC(CCN2CCC(c3ccccc3)CC2)(c2ccccc2)C1,train,578.5840000000002,5.923820000000006,0.3608684421117669,40,72
subcategory_bioisostere.remove-O_26,C1=C(c2ccc(-n3ccnc3)cc2)c2nccn2CC1,0,authentic,authentic,,,C1=C(c2ccc(-n3ccnc3)cc2)c2nccn2CC1,train,262.31600000000003,2.9042000000000012,0.7115599600875696,20,34
subcategory_bioisostere.remove-O_1495,CCN(CC)Cc1ccc(C(=O)c2ccccc2)cc1,1,bioisostere,remove-O,CCN(CC)Cc1ccc(C(=O)c2ccc(OC)c(OC)c2)cc1,0 1 2 3 4 5 6 7 8 9 11 12 13 14 15 16 17 18 19,O=C(c1ccccc1)c1ccccc1,train,267.372,3.759400000000003,0.742726339129011,20,31
subcategory_bioisostere.remove-O_599,COc1cccc(C2(O)CCCN(C)CC2)c1F,0,authentic,authentic,,,c1ccc(C2CCCNCC2)cc1,test,253.3169999999999,2.1376,0.8761819263435093,18,28
subcategory_bioisostere.remove-O_274,CC(C)Cn1cnc2c(=O)[nH]c(N)nc21,0,authentic,authentic,,,O=c1[nH]cnc2[nH]cnc12,train,207.237,0.35779999999999984,0.7434731931441435,15,29
subcategory_bioisostere.remove-O_47,COc1ccnc(CSc2nc3ccccc3[nH]2)c1,0,authentic,authentic,,,c1ccc(CSc2nc3ccccc3[nH]2)nc1,train,271.34499999999997,3.258800000000001,0.7399487163283743,19,30
subcategory_bioisostere.remove-O_1207,CNCC(O)COC(=O)c1ccccc1,1,bioisostere,remove-O,CNCC(O)COC(=O)c1ccc2c(c1)OCO2,0 1 2 3 4 5 6 8 9 10 11 12 13,c1ccc2c(c1)OCO2,train,209.245,0.42369999999999935,0.6901195839972345,15,22
subcategory_bioisostere.remove-O_1511,CC(C)[C@H]1CN(Cc2ccccc2)C(=O)[C@H]1NC(=O)c1ccc2ccccc2c1,1,bioisostere,remove-O,O=C(N[C@@H]1C(=O)N(Cc2ccccc2)C[C@@H]1C(=O)O)c1ccc2ccccc2c1,0 1 2 4 5 6 7 8 9 10 11 12 13 14 15 16 17 18 19 20 21 22 23 24 25 26 27 28,O=C(N[C@H]1CCN(Cc2ccccc2)C1=O)c1ccc2ccccc2c1,test,386.4950000000002,4.252800000000003,0.7125269707542823,29,55
subcategory_bioisostere.remove-O_40,NCC1CN(C2=Nc3ccccc3Sc3ccccc32)CCN1CCOCCO,0,authentic,authentic,,,c1ccc2c(c1)N=C(N1CCNCC1)c1ccccc1S2,train,412.5590000000003,2.1833000000000005,0.7087774101610929,29,40
subcategory_bioisostere.remove-O_1130,O=C(CCCN1CCC(c2ccccc2)C1)c1ccccc1,1,bioisostere,remove-O,O=C(CCCN1CCC(c2ccccc2)C1)c1ccc2c(c1)OCCO2,0 2 3 4 5 6 7 8 9 10 11 12 13 14 15 16 17 18 19 20,O=C(CCCN1CCC(c2ccccc2)C1)c1ccc2c(c1)OCCO2,train,293.41,4.139000000000004,0.7460855638971933,22,33
subcategory_bioisostere.remove-O_1180,CN(C)CC(Cc1ccccc1)Cc1ccc(F)cc1,1,bioisostere,remove-O,COc1cccc(CC(Cc2ccc(F)cc2)CN(C)C)c1,0 1 2 3 4 6 7 8 9 10 11 12 13 14 15 16 17 18 19,c1ccc(CCCc2ccccc2)cc1,train,271.37899999999996,3.788700000000003,0.7724047254172981,20,30
subcategory_bioisostere.remove-O_104,Nc1nc2c(ncn2C2OC(CO)CC2F)c(=O)[nH]1,0,authentic,authentic,,,O=c1[nH]cnc2c1ncn2C1CCCO1,val,269.23599999999993,-0.6803000000000003,0.6642161757739764,19,35
subcategory_bioisostere.remove-O_602,O=C(NC[C@@H](C(=O)Nc1ccc(N2CCOCC2=O)cc1F)N(CC(F)F)C1CC1)c1ccc(Cl)s1,0,authentic,authentic,,,O=C(NC[C@H](NC1CC1)C(=O)Nc1ccc(N2CCOCC2=O)cc1)c1cccs1,train,544.9830000000002,3.3704000000000027,0.4785497973999552,36,67
subcategory_bioisostere.remove-O_758,CCC1(CC)OC[C@H]([C@@H]2CCCCN2)O1,0,authentic,authentic,,,C1CC[C@@H]([C@H]2COCO2)NC1,val,213.32099999999994,2.0602,0.7781339823138782,15,32
subcategory_bioisostere.remove-O_198,COc1ccc(Sc2ccc(C(=N)N)cc2)cc1,0,authentic,authentic,,,c1ccc(Sc2ccccc2)cc1,train,258.346,3.13047,0.654009419229489,18,29
subcategory_bioisostere.remove-O_1449,Cc1ccccc1[C@@H](SCCN)c1ccccc1,1,bioisostere,remove-O,Cc1ccccc1[C@@H](SCC(N)=O)c1ccccc1,0 1 2 3 4 5 6 7 9 10 11 12 13 14 15 16 17,c1ccc(Cc2ccccc2)cc1,train,257.402,3.776320000000002,0.8819299270979264,18,29
subcategory_bioisostere.remove-O_1162,Cc1cccc(C(Cc2ccc(Cl)cc2)n2cnnc2)c1,1,bioisostere,remove-O,COc1ccc(C(Cc2ccc(Cl)cc2)n2cnnc2)cc1,0 1 2 3 4 5 7 8 9 10 11 12 13 14 15 16 17 18 19,c1ccc(CC(c2ccccc2)n2cnnc2)cc1,train,297.78900000000004,4.072020000000003,0.7265099423155763,21,34
subcategory_bioisostere.remove-O_1020,CC(=O)N(CC(C)(C)C)c1ccc(C)cc1,1,bioisostere,remove-O,CC(=O)N(CC(=O)O)c1ccc(C)cc1,4 5 6 7 8,c1ccccc1,train,219.328,3.394020000000002,0.7462546794807624,16,29
subcategory_bioisostere.remove-O_455,COc1cccc(/C=C2\CCCCC(CN(C)C)C2(O)c2ccc(F)cc2)c1,0,authentic,authentic,,,C(=C1/CCCCCC1c1ccccc1)/c1ccccc1,train,383.507,4.857300000000005,0.7488573565856467,28,47
subcategory_bioisostere.remove-O_670,Cl.O=C(Nc1cc(Cl)cc(Cl)c1)Nc1ccnc2ccccc12,0,authentic,authentic,,,O=C(Nc1ccccc1)Nc1ccnc2ccccc12,train,368.65100000000007,5.607400000000003,0.6176557645440353,23,40
subcategory_bioisostere.remove-O_287,C[C@@H](CCc1ccc(O)cc1)NC[C@H](O)c1ccccc1.Cl,0,authentic,authentic,,,c1ccc(CCCNCCc2ccccc2)cc1,train,321.848,3.4583000000000026,0.7317575792223797,22,43
subcategory_bioisostere.remove-O_29,COc1ccc(O)c(C(CCCN2CCN(C)CC2)c2ccccc2)c1.Cl.Cl,0,authentic,authentic,,,c1ccc(C(CCCN2CCNCC2)c2ccccc2)cc1,train,427.416,4.403900000000006,0.7106112402362471,28,46
subcategory_bioisostere.remove-O_1264,CCOC(=O)C(CCc1ccccc1)NC(C)C(=O)N1CCCC1C(=O)NCCN(CC)C(C)=O,1,bioisostere,remove-O,CCOC(=O)C(CCc1ccccc1)NC(C)C(=O)N1CCCC1C(=O)NCCN1C(=O)C=CC1=O,0 1 2 3 4 5 6 7 8 9 10 11 12 13 14 15 16 17 18 19 20 21 22 23 24 25 26 27 28 30 31 32 33,O=C(NCCN1C(=O)C=CC1=O)C1CCCN1C(=O)CNCCCc1ccccc1,train,488.6290000000005,1.5046000000000022,0.4076656252692352,35,57
subcategory_bioisostere.remove-O_933,CCCC1CCCC(CN)(CC(C)C)C1,1,bioisostere,remove-O,CCCC1CCCC(CN)(CC(=O)O)C1.Cl.Cl,0 1 2 3 4 5 6 7 8 9 11 12 13,C1CCCCC1,train,211.39299999999997,3.967900000000003,0.7314113032259897,15,23
subcategory_bioisostere.remove-O_1425,COc1cc(O)c(C(=O)c2ccccc2)c(O)c1,1,bioisostere,remove-O,COc1cc(O)c(C(=O)c2c(C)cc(O)cc2OC)c(O)c1,0 1 2 3 4 5 6 8 9 10 11 12 13 14 15 16 17,O=C(c1ccccc1)c1ccccc1,train,244.246,2.3374000000000006,0.8130923616212106,18,31
subcategory_bioisostere.remove-O_1468,CC(C)n1c(/C=C/[C@@H](O)CC(=O)CC(C)(C)C)c(-c2ccc(F)cc2)c2ccccc21,1,bioisostere,remove-O,CC(C)n1c(/C=C/[C@@H](O)CC(=O)CC(=O)O)c(-c2ccc(F)cc2)c2ccccc21,0 1 2 3 4 5 6 7 8 9 10 11 13 14 15 16 17 18 19 20 21 22 23 24 25 26 27 28 29 30,c1ccc(-c2c[nH]c3ccccc23)cc1,train,421.55600000000004,6.797800000000008,0.45584434818799074,31,63
subcategory_bioisostere.remove-O_1175,CSc1nc2cc(-n3ccnc3)c(F)cc2[nH]1,1,bioisostere,remove-O,COc1c(C)cnc(CS(=O)(=O)c2nc3cc(-n4ccnc4)c(F)cc3[nH]2)c1C,0 1 2,O=S(=O)(Cc1ccccn1)c1nc2cc(-n3ccnc3)ccc2[nH]1,train,248.28600000000003,2.6096000000000004,0.7090083559248026,17,31
subcategory_bioisostere.remove-O_1198,CC1=C(C(=O)Nc2ccccc2C)SCCO1,1,bioisostere,remove-O,COc1cc(NC(=O)C2=C(C)OCCS2)c(Cl)cc1C(=O)NCCN(C)C,5 6 7 8 9 10 11 12,O=C(Nc1ccccc1)C1=COCCS1,train,249.33499999999995,2.928420000000002,0.875452364627278,17,27
subcategory_bioisostere.remove-O_523,O=NN(CCF)C(=O)NC1CCSCC1,0,authentic,authentic,,,C1CCSCC1,train,235.28399999999996,1.5445,0.5936481302366703,15,23
subcategory_bioisostere.remove-O_840,CCN(CC)CC1(c2ccc(N3CCc4c(C(F)(F)F)nn(-c5ccccc5)c4C3=O)cc2)CCC1,1,bioisostere,remove-O,CCN(CC)CC1(c2ccc(N3CCc4c(C(F)(F)F)nn(-c5ccc(OC)cc5)c4C3=O)cc2)CCC1,0 1 2 3 4 5 6 7 8 9 10 11 12 13 14 15 16 17 18 19 20 22 23 24 25 26 27 28 29 30 31 32 33 34 35,O=C1c2c(cnn2-c2ccccc2)CCN1c1ccc(C2CCC2)cc1,train,496.5770000000002,5.857500000000006,0.41166529868357143,36,62
subcategory_bioisostere.remove-O_123,COC(=O)/C=C/C(Cc1ccccc1)NC(=O)CN,0,authentic,authentic,,,c1ccccc1,train,262.309,0.4018000000000001,0.5741862318398803,19,32
subcategory_bioisostere.remove-O_242,CN(C)c1ncnc2c1ncn2Cc1ccc([N+](=O)[O-])cc1,0,authentic,authentic,,,c1ccc(Cn2cnc3cncnc32)cc1,train,298.30600000000004,1.8487999999999998,0.5390837668136593,22,41
subcategory_bioisostere.remove-O_275,CN1CCCCC1/C=C/C1c2ccccc2OC2C=CC=CC21,0,authentic,authentic,,,C1=CC2Oc3ccccc3C(/C=C/C3CCCCN3)C2C=C1,val,307.437,4.313900000000004,0.754780675358554,23,36
subcategory_bioisostere.remove-O_673,COc1ccc(C#N)cc1C(=O)NCCc1ccc(S(=O)(=O)NC(=O)NC2CCCCC2)cc1,0,authentic,authentic,,,O=C(NC1CCCCC1)NS(=O)(=O)c1ccc(CCNC(=O)c2ccccc2)cc1,train,484.57800000000026,2.85998,0.5268350284312606,34,57
subcategory_bioisostere.remove-O_94,CCN(CC)CCCOc1ccc(-c2c(-c3ccccc3)oc3cc(OC)ccc23)cc1.Cl,0,authentic,authentic,,,c1ccc(-c2oc3ccccc3c2-c2ccccc2)cc1,train,466.02100000000013,7.307900000000008,0.22987506270563418,33,53
subcategory_bioisostere.remove-O_192,CC(C)CCn1c(=O)c(C2=NS(=O)(=O)c3cc(NS(=O)(=O)NC(=O)OCCC#N)ccc3N2)c(O)c2cccnc21,0,authentic,authentic,,,O=c1[nH]c2ncccc2cc1C1=NS(=O)(=O)c2ccccc2N1,train,603.6390000000001,2.0057800000000006,0.2589222801969518,41,77
subcategory_bioisostere.remove-O_1202,CC(C)Nc1cn2ccc(Sc3ccccc3)cc2n1,1,bioisostere,remove-O,COC(=O)Nc1cn2ccc(Sc3ccccc3)cc2n1,0 1 2 3,c1ccc(Sc2ccn3ccnc3c2)cc1,train,283.40000000000003,4.305800000000003,0.7735356534191784,20,30
subcategory_bioisostere.remove-O_76,CN1CCN(c2nc3ccccc3n2CCO)CC1,0,authentic,authentic,,,c1ccc2[nH]c(N3CCNCC3)nc2c1,train,260.341,0.7804,0.8855941024825033,19,27
subcategory_bioisostere.remove-O_209,COc1ccc2c3c1O[C@H]1C[C@@H](OP(=O)(NCCO)N(CCCl)CCCl)C=C[C@@]31CCN(C)C2,0,authentic,authentic,,,C1=C[C@@]23CCNCc4cccc(c42)O[C@H]3CC1,train,534.4210000000002,3.3442000000000016,0.25432983371359563,34,69
subcategory_bioisostere.remove-O_213,Clc1cc2nc(-c3ccccc3)oc2c2ncccc12,0,authentic,authentic,,,c1ccc(-c2nc3ccc4cccnc4c3o2)cc1,test,280.71400000000006,4.696400000000002,0.507311258416381,20,32
subcategory_bioisostere.remove-O_1469,CCc1sc(-c2ccc(OC(F)F)cc2)nc1C,1,bioisostere,remove-O,COC(=O)c1sc(-c2ccc(OC(F)F)cc2)nc1C,0 1 3 4 5 6 7 8 9 10 11 12 13 14 15 16,c1ccc(-c2nccs2)cc1,train,269.316,4.282320000000002,0.8260071904486685,18,29
subcategory_bioisostere.remove-O_1229,CC(CC1(F)CCN(Cc2cccc(C#N)c2)CC1)C(=O)c1ccccc1,1,bioisostere,remove-O,COc1cc2c(cc1OC)C(=O)C(CC1(F)CCN(Cc3cccc(C#N)c3)CC1)C2,0 1 2 3 4 5 6 7 8 9 10 11 12 13 14 15 16 17 18 20 21 22 23 24 25,O=C1c2ccccc2CC1CC1CCN(Cc2ccccc2)CC1,train,364.4640000000001,4.771480000000005,0.6935511240914686,27,45
subcategory_bioisostere.remove-O_1367,O=C1c2c(c(C(F)(F)F)nn2-c2ccccc2)CCN1c1ccc(C2(C(=O)NC3CCCC3)CC2)cc1,1,bioisostere,remove-O,COc1ccc(-n2nc(C(F)(F)F)c3c2C(=O)N(c2ccc(C4(C(=O)NC5CCCC5)CC4)cc2)CC3)cc1,0 1 2 3 4 5 6 7 8 9 11 12 13 14 15 16 17 18 19 20 21 22 23 24 25 26 27 28 29 30 31 32 33 34 35 36,O=C1c2c(cnn2-c2ccccc2)CCN1c1ccc(C2(C(=O)NC3CCCC3)CC2)cc1,train,508.54400000000044,5.184400000000004,0.5163183457232603,37,66
subcategory_bioisostere.remove-O_539,NC(=O)c1cc(F)c(F)cc1OCc1ccc(F)c(C(=O)N2CCNCC2)c1,0,authentic,authentic,,,O=C(c1cccc(COc2ccccc2)c1)N1CCNCC1,train,393.3650000000002,1.8272,0.8118603564773752,28,48
subcategory_bioisostere.remove-O_1541,COc1cc2c(c(OC)c1OC)-c1ccc(O)cc1C(NC(C)C)CC2,1,bioisostere,remove-O,COc1cc2c(c(OC)c1OC)-c1ccc(O)cc1C(NC(C)=O)CC2,0 1 2 3 4 5 6 7 8 9 10 11 12 13 14 15 16 17 18 19 21 22 23 24,c1ccc2c(c1)CCCc1ccccc1-2,train,357.45000000000016,4.070300000000002,0.8446252925431313,26,43
subcategory_bioisostere.remove-O_1195,c1ccc(OC[C@@H]2CNCCC2c2ccccc2)cc1,1,bioisostere,remove-O,c1ccc(C2CCNC[C@H]2COc2ccc3c(c2)OCO3)cc1,0 1 2 3 5 6 7 8 9 10 11 12 13 14 15 16 17 18,c1ccc(C2CCNC[C@H]2COc2ccc3c(c2)OCO3)cc1,train,267.372,3.458700000000002,0.9157011279214531,20,33
subcategory_bioisostere.remove-O_329,Nc1nc(N)c2ncn(CC/C=C/P(=O)(O)O)c2n1,0,authentic,authentic,,,c1ncc2nc[nH]c2n1,train,284.216,0.07219999999999982,0.5750888513550377,19,35
subcategory_bioisostere.remove-O_1536,CCOc1ccc(C(=O)c2ccc(O)cc2)cc1,1,bioisostere,remove-O,CC(C)(C)C(=O)Oc1ccc(C(=O)c2ccc(O)cc2)cc1,0 1 3 4 5 6 7 8 9 10 11 12 13 14 15 16,O=C(c1ccccc1)c1ccccc1,train,242.274,3.0219000000000014,0.8381411249975612,18,29
subcategory_bioisostere.remove-O_24,CCOc1ccc2c(cc1=O)[C@@H](NC(C)=O)CCc1cc(OC)c(OC)c(OC)c1-2,0,authentic,authentic,,,O=c1cccc2c(c1)CCCc1ccccc1-2,train,413.4700000000002,3.261700000000002,0.7827518970921464,30,56
subcategory_bioisostere.remove-O_529,CCc1cc(CC)cc(C(=O)c2c(-c3ccc(OCCN(CC)CC)cc3)oc3ccccc23)c1,0,authentic,authentic,,,O=C(c1ccccc1)c1c(-c2ccccc2)oc2ccccc12,train,469.6250000000002,7.176200000000007,0.21830637779233622,35,57
subcategory_bioisostere.remove-O_1094,Cc1cccc(S(=O)(=O)c2ccc(C3(C4CCN(C5CCN(C(=O)c6ccccc6C)CC5)CC4)OCCO3)cc2)c1,1,bioisostere,remove-O,COc1ccc(S(=O)(=O)c2ccc(C3(C4CCN(C5CCN(C(=O)c6ccccc6C)CC5)CC4)OCCO3)cc2)cc1,0 1 2 3 4 5 7 8 9 10 11 12 13 14 15 16 17 18 19 20 21 22 23 24 25 26 27 28 29 30 31 32 33 34 35 36 37 38 39 40,O=C(c1ccccc1)N1CCC(N2CCC(C3(c4ccc(S(=O)(=O)c5ccccc5)cc4)OCCO3)CC2)CC1,train,588.7700000000003,5.352640000000006,0.3864635791331594,42,73
subcategory_bioisostere.remove-O_218,CC(C)(C)OC(=O)COCCN1CCN([C@@H](c2ccccc2)c2ccc(Cl)cc2)CC1,0,authentic,authentic,,,c1ccc(C(c2ccccc2)N2CCNCC2)cc1,train,445.00300000000016,4.405300000000004,0.4454500585561964,31,56
subcategory_bioisostere.remove-O_1490,C=CNC1CCc2cc(OC)c(OC)c(OC)c2-c2cc(C)c(=O)c(OCC(F)(F)F)cc21,1,bioisostere,remove-O,COc1cc2c(c(OC)c1OC)-c1cc(C)c(=O)c(OCC(F)(F)F)cc1C(NC(C)=O)CC2,0 1 2,O=c1ccc2c(cc1)-c1ccccc1CCC2,train,465.4680000000002,4.709520000000005,0.6391171194850324,33,58
subcategory_bioisostere.remove-O_975,Cc1cnc(Cc2ccc(OCC(C)C)c(C#N)c2)s1,1,bioisostere,remove-O,CCOC(=O)c1sc(Cc2ccc(OCC(C)C)c(C#N)c2)nc1C,0 1 2 3 4 6 7 8 9 10 11 12 13 14 15 16 17 18,c1ccc(Cc2nccs2)cc1,val,286.4,3.948800000000003,0.8357436636221625,20,33
subcategory_bioisostere.remove-O_1210,CC[C@H]1CSC(c2nc3ccccc3cc2O)=N1,1,bioisostere,remove-O,O=C(O)[C@H]1CSC(c2nc3ccccc3cc2O)=N1,0 1 3 4 5 6 7 8 9 10 11 12 13 14 15 16,c1ccc2nc(C3=NCCS3)ccc2c1,train,258.346,3.212400000000003,0.8992703584070839,18,31
subcategory_bioisostere.remove-O_466,CCCC[C@H]1CN(C(=O)c2ccccc2)CCN1C[C@@H](N)CS,0,authentic,authentic,,,O=C(c1ccccc1)N1CCNCC1,train,335.5170000000001,2.2603000000000004,0.7516435181364588,23,43
subcategory_bioisostere.remove-O_681,CCOC(=O)C[C@H](O)C[C@H](O)C=Cc1c(C2CC2)nc2ccccc2c1-c1ccccc1F,0,authentic,authentic,,,c1ccc(-c2cc(C3CC3)nc3ccccc23)cc1,train,449.5220000000001,4.996600000000004,0.44976665487620104,33,60
subcategory_bioisostere.remove-O_450,CNC[C@@H]1COc2ccccc2[C@H]1Oc1ccccc1C,0,authentic,authentic,,,c1ccc(O[C@H]2CCOc3ccccc32)cc1,train,283.37100000000004,3.3431200000000016,0.9331996884041676,21,36
subcategory_bioisostere.remove-O_1032,OC(c1ccccc1)(C1CCCCC1)C(CN1CCCC1)c1ccccc1,1,bioisostere,remove-O,COc1ccc(C(O)(C2CCCCC2)C(CN2CCCC2)c2ccccc2)cc1.Cl,0 2 3 4 5 6 7 8 9 10 11 12 13 14 15 16 17 18 19 20 21 22 23 24 25 26,c1ccc(C(CN2CCCC2)C(c2ccccc2)C2CCCCC2)cc1,train,363.5450000000001,5.334100000000006,0.7492431476258407,27,41
subcategory_bioisostere.remove-O_776,CC(C)C[C@H]1C(=O)N2CCC[C@H]2[C@]2(O)O[C@](NC(=O)[C@@H]3C=C4c5cccc6[nH]c(Br)c(c56)C[C@H]4N(C)C3)(C(C)C)C(=O)N12,0,authentic,authentic,,,O=C(NC1OC2[C@@H]3CCCN3C(=O)CN2C1=O)[C@@H]1C=C2c3cccc4[nH]cc(c34)C[C@H]2NC1,train,654.6059999999999,3.192800000000001,0.45632722461101194,43,110
subcategory_bioisostere.remove-O_31,COc1c2c(cc3c1OCO3)[C@]13C=C[C@H](O)C[C@H]1N(CC3)C2,0,authentic,authentic,,,C1=C[C@@]23CCN(Cc4cc5c(cc42)OCO5)[C@@H]3CC1,train,301.3420000000001,1.5704,0.7980737115274454,22,50
subcategory_bioisostere.remove-O_714,CC1CN(c2c(F)cc3c(=O)c(C(=O)O)cn(C4CC4)c3c2F)CC(C)N1,0,authentic,authentic,,,O=c1ccn(C2CC2)c2cc(N3CCNCC3)ccc12,val,377.39100000000013,2.4994000000000005,0.85981186351491,27,51
subcategory_bioisostere.remove-O_589,CCCCOc1cc(C2CNC(=O)C2)ccc1OC,0,authentic,authentic,,,O=C1CC(c2ccccc2)CN1,train,263.337,2.4776000000000007,0.8020527895187892,19,28
subcategory_bioisostere.remove-O_1201,CN(C)CC(c1ccccc1)C1CCCCC1,1,bioisostere,remove-O,COc1ccc(C(CN(C)C)C2CCCCC2)cc1.Cl,0 1 2 3 5 6 7 8 9 10 11 12 13 14 15 16,c1ccc(CC2CCCCC2)cc1,train,231.38299999999992,3.9121000000000032,0.7590879212038015,17,25
subcategory_bioisostere.remove-O_1065,CC(C)OC(/C=C/c1c(-c2ccc(F)cc2)c2ccccc2n1C(C)C)CCO,1,bioisostere,remove-O,CC(C)n1c(/C=C/C2CC(O)CC(=O)O2)c(-c2ccc(F)cc2)c2ccccc21,0 1 2 4 5 6 7 8 9 10 11 12 13 14 15 16 17 18 19 20 21 22 23 24 25 26 27 28,O=C1CCCC(/C=C/c2[nH]c3ccccc3c2-c2ccccc2)O1,train,395.51800000000014,6.2175000000000065,0.49138800071546057,29,49
subcategory_bioisostere.remove-O_266,O=P(N1CCOCCOCCOCCOCCOCC1)(N1CC1)N1CC1,0,authentic,authentic,,,O=P(N1CCOCCOCCOCCOCCOCC1)(N1CC1)N1CC1,val,393.4210000000002,0.12430000000000296,0.49119345619051685,26,37
subcategory_bioisostere.remove-O_768,CCNc1ccccc1N1CCN(C(=O)c2cc3ccccc3[nH]2)CC1,0,authentic,authentic,,,O=C(c1cc2ccccc2[nH]1)N1CCN(c2ccccc2)CC1,test,348.45000000000005,3.562100000000002,0.7578905207318604,26,42
subcategory_bioisostere.remove-O_73,CNCCc1nc(-c2cn(C)c3ccccc23)no1,0,authentic,authentic,,,c1ccc2c(-c3ncon3)c[nH]c2c1,test,256.309,1.9901999999999997,0.7752886915180952,19,30
subcategory_bioisostere.remove-O_448,COC(=O)CCc1ccc(OCC(O)CNC(C)C)cc1,0,authentic,authentic,,,c1ccccc1,train,295.379,1.5298999999999996,0.6762987306145708,21,32
subcategory_bioisostere.remove-O_1510,CC(C)C[C@@H]1OC(=O)[C@H](C(C)C)NC(=O)[C@@H](Cc2ccccc2)NC(=O)/C=C/C[C@@H]([C@H](C)[C@H]2O[C@@H]2c2ccccc2)OC1=O,1,bioisostere,remove-O,COc1ccc(C[C@H]2NC(=O)/C=C/C[C@@H]([C@H](C)[C@H]3O[C@@H]3c3ccccc3)OC(=O)[C@H](CC(C)C)OC(=O)[C@H](C(C)C)NC2=O)cc1Cl,16 17 18 19 20 21 22,O=C1/C=C/C[C@@H](C[C@H]2O[C@@H]2c2ccccc2)OC(=O)COC(=O)CNC(=O)[C@@H](Cc2ccccc2)N1,train,604.7440000000003,4.460500000000003,0.3369446365040978,44,109
subcategory_bioisostere.remove-O_541,CCCCc1nc(CC)c(C(=O)O)n1Cc1ccc2nc(-c3ccccc3-c3nn[nH]n3)ccc2c1,0,authentic,authentic,,,c1ccc(-c2nn[nH]n2)c(-c2ccc3cc(Cn4ccnc4)ccc3n2)c1,train,481.5600000000002,4.9299000000000035,0.3059513582959732,36,60
subcategory_bioisostere.remove-O_164,O=C1Nc2ccc(Cl)cc2C(CO)(C2CC2)O1,0,authentic,authentic,,,O=C1Nc2ccccc2C(C2CC2)O1,train,253.68499999999995,2.4997,0.8514319442146471,17,31
subcategory_bioisostere.remove-O_419,CCc1nc(NCc2ccccc2)c2sccc2n1,0,authentic,authentic,,,c1ccc(CNc2ncnc3ccsc23)cc1,train,269.373,3.865800000000003,0.7810744587510061,19,27
subcategory_bioisostere.remove-O_871,CC[C@@H](NC(=O)c1ccc(Cl)s1)C(=O)Nc1ccc(N(CC)CCO)cc1,1,bioisostere,remove-O,CC[C@@H](NC(=O)c1ccc(Cl)s1)C(=O)Nc1ccc(N2CCOCC2=O)cc1,19 20 21,O=C(CNC(=O)c1cccs1)Nc1ccc(N2CCOCC2=O)cc1,train,409.9390000000002,3.367200000000002,0.5926903144000236,27,51
subcategory_bioisostere.remove-O_1074,C[C@@H](NC(=O)c1ccccc1)C(=O)N1CCN(CCCOc2ccc(-c3noc(CC4CCCC4)n3)c(F)c2)CC1,1,bioisostere,remove-O,C[C@@H](NC(=O)c1cccc(OC(F)(F)F)c1)C(=O)N1CCN(CCCOc2ccc(-c3noc(CC4CCCC4)n3)c(F)c2)CC1,3 5 6 7 8 9 10,O=C(NCC(=O)N1CCN(CCCOc2ccc(-c3noc(CC4CCCC4)n3)cc2)CC1)c1ccccc1,train,563.6740000000003,4.340000000000003,0.3465606363556865,41,73
subcategory_bioisostere.remove-O_949,O=C(CCc1ccccc1)Nc1ccccc1C(=O)O,1,bioisostere,remove-O,COc1cc(CCC(=O)Nc2ccccc2C(=O)O)ccc1O,0 1 2 4 5 6 7 8 9 10 11 12 13 14 15 16 17 18 19,O=C(CCc1ccccc1)Nc1ccccc1,train,269.3,2.956100000000001,0.8765648006353295,20,30
subcategory_bioisostere.remove-O_1365,Cc1ccccc1OC[C@H]1CN(CCCN(C)C)CC[C@@H]1c1ccc(F)cc1,1,bioisostere,remove-O,CN(C)CCCN1CC[C@H](c2ccc(F)cc2)[C@@H](COc2ccc3c(c2)OCO3)C1,0 1 2 3 4 5 6 8 9 10 11 12 13 14 15 16 17 18 19 20 21 22 23 24 25 26 27,c1ccc([C@H]2CCNC[C@@H]2COc2ccc3c(c2)OCO3)cc1,train,384.5390000000001,4.570320000000004,0.6630137948859797,28,49
subcategory_bioisostere.remove-O_623,N[C@H](CCn1cncn1)c1ccccc1,0,authentic,authentic,,,c1ccc(CCCn2cncn2)cc1,train,202.26100000000002,1.3681999999999996,0.8141959869249845,15,25
subcategory_bioisostere.remove-O_850,CN(C)C[C@H]1CC[C@@H]2C[C@@H]2[C@]1(O)c1ccccc1,1,bioisostere,remove-O,COc1cc(F)cc([C@]2(O)[C@@H](CN(C)C)CC[C@@H]3C[C@@H]32)c1,0 1 2 3 4 5 6 7 8 9 11 12 13 14 15 16,c1ccc(C2CCC[C@@H]3C[C@H]23)cc1,train,245.366,2.4819000000000004,0.8840961764400613,18,45
subcategory_bioisostere.remove-O_938,O=C1C(CCCc2ccc(F)cc2)[C@@H](c2ccccc2)N1c1ccc(F)cc1,1,bioisostere,remove-O,CCCCOc1ccc([C@@H]2C(CCCc3ccc(F)cc3)C(=O)N2c2ccc(F)cc2)cc1,0 1 2 3 4 5 6 7 8 9 10 11 12 14 15 16 17 18 19 20 21 22 23 24 25 26 27,O=C1C(CCCc2ccccc2)[C@@H](c2ccccc2)N1c1ccccc1,train,377.4340000000001,5.691800000000004,0.5053342137017867,28,50
subcategory_bioisostere.remove-O_664,CCOP(=O)(OCC)SCC1OC(n2cnc(C(N)=O)n2)[C@H](O)[C@@H]1O,0,authentic,authentic,,,c1ncn(C2CCCO2)n1,train,396.36200000000014,-0.08950000000000058,0.48144615308520233,25,52
subcategory_bioisostere.remove-O_417,COc1cccc2c1C/C(=C/c1ccncc1)C2=O,0,authentic,authentic,,,O=C1/C(=C\c2ccncc2)Cc2ccccc21,train,251.285,2.912600000000001,0.7702793289169177,19,31
subcategory_bioisostere.remove-O_508,Cc1nc2n(c(=O)c1CCOC(=O)N1CCC(c3noc4cc(F)ccc34)CC1)CCCC2O,0,authentic,authentic,,,O=C(OCCc1cnc2n(c1=O)CCCC2)N1CCC(c2noc3ccccc23)CC1,train,470.50100000000026,3.2179200000000026,0.6232939783193119,34,56
subcategory_bioisostere.remove-O_148,C=C(c1cc(Cl)ccc1OCCC)n1ccnc1,0,authentic,authentic,,,C=C(c1ccccc1)n1ccnc1,train,262.73999999999995,3.8443000000000023,0.8185086760796265,18,28
subcategory_bioisostere.remove-O_257,CC.ClC1=Nc2cc(Cl)ccc2Nc2ccccc21,0,authentic,authentic,,,C1=Nc2ccccc2Nc2ccccc21,test,293.19700000000006,5.740300000000003,0.6576644659755078,19,31
subcategory_bioisostere.remove-O_1148,CCC1(C)CCC2C(CCC3=CC(=O)CCC32C)C1C,1,bioisostere,remove-O,CC12CCC3C(CCC4=CC(=O)CCC43C)C1C[C@@H](O)C2=O,2 3 8,O=C1C=C2CCC3C4CCC(=O)C4CCC3C2CC1,train,274.4479999999999,5.154400000000005,0.6456313393984809,20,34
subcategory_bioisostere.remove-O_28,Fc1ccc(-c2cc(NCCN3CCCC3)c3ccccc3n2)cc1,0,authentic,authentic,,,c1ccc(-c2cc(NCCN3CCCC3)c3ccccc3n2)cc1,train,335.426,4.548600000000003,0.7413414874914618,25,38
subcategory_bioisostere.remove-O_1345,Cc1cccc(CN2CCN(c3nc4ccccc4s3)CC2)c1,1,bioisostere,remove-O,c1ccc2sc(N3CCN(Cc4ccc5c(c4)OCO5)CC3)nc2c1,0 1 2 3 4 5 7 8 9 10 11 12 13 14 15 16 17 18 19 20 21,c1ccc2sc(N3CCN(Cc4ccc5c(c4)OCO5)CC3)nc2c1,val,323.4650000000001,3.9269200000000035,0.7279407077094068,23,35
subcategory_bioisostere.remove-O_442,CC[C@H](C)[C@H](NC(=O)[C@@H]1CCCN1C(=O)[C@@H](N)C(C)C)C(=O)N[C@@H](Cc1ccccc1)C(=O)O,0,authentic,authentic,,,O=C(CNC(=O)[C@@H]1CCCN1)NCCc1ccccc1,train,474.60200000000015,1.3037000000000027,0.3808867784860027,34,83
subcategory_bioisostere.remove-O_1181,O=C1[C@H](CC=C(CO)c2ccc(F)cc2)[C@@H](c2ccccc2)N1c1ccc(F)cc1,1,bioisostere,remove-O,CC(=O)Oc1ccc([C@@H]2[C@@H](CC=C(CO)c3ccc(F)cc3)C(=O)N2c2ccc(F)cc2)cc1,0 1 2 3 4 5 6 7 8 9 10 11 12 13 14 16 17 18 19 20 21 22 23 24 25 26 27 28 29,O=C1[C@H](CC=Cc2ccccc2)[C@@H](c2ccccc2)N1c1ccccc1,test,405.4440000000001,5.134900000000004,0.5774744676647249,30,59
subcategory_bioisostere.remove-O_732,O=C(c1cccc([N+](=O)[O-])c1)c1ccc2n1CCC2C(=O)O,0,authentic,authentic,,,O=C(c1ccccc1)c1ccc2n1CCC2,train,300.27000000000004,2.199199999999999,0.5294477087291856,22,45
subcategory_bioisostere.remove-O_1470,COC(=O)c1c(C)n(-c2ccccc2)c2ccc(O)cc12,1,bioisostere,remove-O,COC(=O)c1c(C)n(-c2ccc(OC)cc2)c2ccc(O)cc12,0 1 2 3 4 5 6 8 9 10 11 12 13 14 15 16 17 18 19 20,c1ccc(-n2ccc3ccccc32)cc1,train,281.31100000000004,3.4311200000000017,0.7320830363715647,21,37
subcategory_bioisostere.remove-O_1116,CCCCCCNC(=O)[C@H](Cc1ccccc1)NC(CCc1ccccc1)C(=O)O,1,bioisostere,remove-O,O=C(O)C(CCc1ccccc1)N[C@@H](Cc1ccccc1)C(=O)N1CCC[C@H]1C(=O)O,0 1 2 3,O=C([C@H](Cc1ccccc1)NCCCc1ccccc1)N1CCCC1,train,410.5580000000002,3.969800000000002,0.41190988163841036,30,48
subcategory_bioisostere.remove-O_615,COC(=O)C(Cc1cccc(F)c1)NC(=O)n1ccnc1,0,authentic,authentic,,,O=C(NCCc1ccccc1)n1ccnc1,val,291.282,1.3642,0.863339886184281,21,35
subcategory_bioisostere.remove-O_205,O=C(O)CC(O)C[C@@H](O)/C=C/c1c(C2CC2)nc2ccccc2c1-c1ccc(F)cc1,0,authentic,authentic,,,c1ccc(-c2cc(C3CC3)nc3ccccc23)cc1,train,421.4680000000001,4.518100000000003,0.4975852641991758,31,59
subcategory_bioisostere.remove-O_45,CNCC(c1ccccc1)c1ccc(OC)c(OC)c1,0,authentic,authentic,,,c1ccc(Cc2ccccc2)cc1,train,271.35999999999996,3.0551000000000013,0.8756297862133304,20,30
subcategory_bioisostere.remove-O_250,CCNCC1CCN(c2c(F)cc3c(=O)c(C(=O)O)cn(C4CC4)c3c2F)C1,0,authentic,authentic,,,O=c1ccn(C2CC2)c2cc(N3CCCC3)ccc12,train,391.4180000000001,2.7486000000000015,0.7921741291322385,28,50
subcategory_bioisostere.remove-O_955,CC(C)[C@H](CCc1ccccc1)N[C@@H]1CC[C@H]2CCC[C@@H]2N(CC(=O)O)C1=O,1,bioisostere,remove-O,CCOC(=O)[C@H](CCc1ccccc1)N[C@@H]1CC[C@H]2CCC[C@@H]2N(CC(=O)O)C1=O,0 1 2 4 5 6 7 8 9 10 11 12 13 14 15 16 17 18 19 20 21 22 23 24 25 26 27,O=C1N[C@H]2CCC[C@@H]2CC[C@H]1NCCCc1ccccc1,test,386.53600000000023,3.4777000000000022,0.7176455825610141,28,62
subcategory_bioisostere.remove-O_1562,CC(C)C[C@@H](O)C[C@H](O)/C=C/c1c(C2CC2)nc2ccccc2c1-c1ccc(F)cc1,1,bioisostere,remove-O,CCOC(=O)C[C@@H](O)C[C@H](O)/C=C/c1c(C2CC2)nc2ccccc2c1-c1ccc(F)cc1,0 1 2 3 5 6 7 8 9 10 11 12 13 14 15 16 17 18 19 20 21 22 23 24 25 26 27 28 29 30,c1ccc(-c2cc(C3CC3)nc3ccccc23)cc1,train,419.5400000000001,6.089500000000007,0.4645075940828339,31,62
subcategory_bioisostere.remove-O_34,COC(=O)c1c(C)cc(OC(=O)c2c(C)cc(O)cc2O)c(C)c1O,0,authentic,authentic,,,O=C(Oc1ccccc1)c1ccccc1,train,346.3350000000001,2.7344600000000017,0.5782412501138572,25,45
subcategory_bioisostere.remove-O_103,COc1ccccc1CNC(=O)CC1CCCCN1S(=O)(=O)c1ccc(Cl)cc1,0,authentic,authentic,,,O=C(CC1CCCCN1S(=O)(=O)c1ccccc1)NCc1ccccc1,train,436.961,3.5983000000000027,0.7190621857508138,29,47
subcategory_bioisostere.remove-O_68,Cc1nc(-c2ccc(OCC(C)C)c(-c3ccoc3)c2)sc1C(=O)O,0,authentic,authentic,,,c1cc(-c2ccoc2)cc(-c2nccs2)c1,test,357.43100000000004,5.111520000000004,0.6633610387323176,25,44
subcategory_bioisostere.remove-O_1452,C=Cc1ccc2nc3sc(C(C)C)cn3c(=O)c2c1,1,bioisostere,remove-O,CC(C)c1cn2c(=O)c3cc(C(=O)O)ccc3nc2s1,0 1 3 4 5 6 7 8 9 10 11 12 13 14 15 16 17,O=c1c2ccccc2nc2sccn12,train,270.357,3.675600000000002,0.7116570816948424,19,33
subcategory_bioisostere.remove-O_959,C=CN(C[C@H]1CN(c2ccc(N3CCOCC3=O)cc2F)C(=O)O1)C(=O)c1ccc(Cl)s1,1,bioisostere,remove-O,CCCCNCCCC(=O)N(C[C@H]1CN(c2ccc(N3CCOCC3=O)cc2F)C(=O)O1)C(=O)c1ccc(Cl)s1,0 1 2,O=C(NC[C@H]1CN(c2ccc(N3CCOCC3=O)cc2)C(=O)O1)c1cccs1,train,479.91700000000014,3.5149000000000026,0.6331339740124834,32,61
subcategory_bioisostere.remove-O_16,CC1(C)C=C(C(=O)NCCN2C(=O)c3ccccc3C2=O)C(C)(C)N1,0,authentic,authentic,,,O=C(NCCN1C(=O)c2ccccc2C1=O)C1=CCNC1,train,341.4110000000001,1.4855999999999996,0.8134598105472913,25,47
subcategory_bioisostere.remove-O_429,C=CCOc1ccccc1CNCc1ccc(F)cc1,0,authentic,authentic,,,c1ccc(CNCc2ccccc2)cc1,train,271.3349999999999,3.6803000000000026,0.7755997199378232,20,27
subcategory_bioisostere.remove-O_555,COc1ccc(/C=C\CNCc2ccccc2)cc1,0,authentic,authentic,,,C(=C/c1ccccc1)/CNCc1ccccc1,train,253.345,3.4982000000000024,0.7955558646630162,19,28
subcategory_bioisostere.remove-O_698,COc1ccc2c(c1)C/C(=C/c1ccncc1)C2=O,0,authentic,authentic,,,O=C1/C(=C\c2ccncc2)Cc2ccccc21,train,251.285,2.912600000000001,0.7702793289169177,19,33
subcategory_bioisostere.remove-O_1424,C=CNc1cc(OC)c(C(=O)NC[C@@H]2CCN(Cc3ccccc3)C2)cc1Cl,1,bioisostere,remove-O,COc1cc(NC(C)=O)c(Cl)cc1C(=O)NC[C@@H]1CCN(Cc2ccccc2)C1,0 1 3 4 5 6 7 8 9 10 11 12 13 14 15 16 17 18 19 20 21 22 23 24 25 26,O=C(NC[C@@H]1CCN(Cc2ccccc2)C1)c1ccccc1,train,399.922,4.1559000000000035,0.6995385708691068,28,50
subcategory_bioisostere.remove-O_282,CC1Cc2cc(C(=O)c3ccccc3)ccc2OC1=O,0,authentic,authentic,,,O=C1CCc2cc(C(=O)c3ccccc3)ccc2O1,val,266.296,3.015200000000001,0.4765236271359577,20,32
subcategory_bioisostere.remove-O_1377,CCC(=O)NCC1(c2ccc(N3CCc4c(C(F)(F)F)nn(-c5ccccc5)c4C3=O)cc2)CCCCC1,1,bioisostere,remove-O,CCC(=O)NCC1(c2ccc(N3CCc4c(C(F)(F)F)nn(-c5ccc(OC)cc5)c4C3=O)cc2)CCCCC1,21 22 23 24 25 26 27,O=C1c2c(cnn2-c2ccccc2)CCN1c1ccc(C2CCCCC2)cc1,train,524.5870000000002,5.822100000000006,0.4418451977182632,38,65
subcategory_bioisostere.remove-O_1438,CCC(C)c1ccccc1Oc1ccc(Cl)cc1Cl,1,bioisostere,remove-O,CC(C(=O)O)c1ccccc1Oc1ccc(Cl)cc1Cl,0 1 3 4 5 6 7 8 9 10 11 12 13 14 15 16 17 18,c1ccc(Oc2ccccc2)cc1,train,295.20899999999995,6.2992000000000035,0.6428246824919346,19,29
subcategory_bioisostere.remove-O_1578,CCN[C@@H](Cc1cscn1)C(=O)N[C@@H](CC1CCCCC1)[C@@H](O)[C@@H](O)CC(C)C,1,bioisostere,remove-O,CC(C)C[C@H](O)[C@H](O)[C@H](CC1CCCCC1)NC(=O)[C@H](Cc1cscn1)NC(=O)[C@H](CC(=O)N1CCOCC1)Cc1ccccc1,0 1 2 3,O=C(N[C@@H](Cc1cscn1)C(=O)NCCC1CCCCC1)[C@H](CC(=O)N1CCOCC1)Cc1ccccc1,val,425.6390000000003,2.8868,0.4130753805881481,29,66
subcategory_bioisostere.remove-O_604,CN(C)CCC[C@]1(c2ccc(F)cc2)OCc2cc(/C=C/c3ccccc3)ccc21,0,authentic,authentic,,,C(=C\c1ccc2c(c1)COC2c1ccccc1)/c1ccccc1,train,401.5250000000001,6.111700000000006,0.4428540800581378,30,52
subcategory_bioisostere.remove-O_1556,Cc1ccccc1C1CCCN(Cc2ccccc2)C1,1,bioisostere,remove-O,COc1cccc(C2CCCN(Cc3ccccc3)C2)c1,0 1 2 3 4 5 6 8 9 10 11 12 13 14 15 16 17 18,c1ccc(CN2CCCC(c3ccccc3)C2)cc1,train,265.40000000000003,4.374620000000004,0.7960220421732388,20,28
subcategory_bioisostere.remove-O_754,COc1cc2c(c(OC)c1OC)-c1ccc(N3CCC(N)CC3)c(=O)cc1[C@@H](NC(C)=O)CC2,0,authentic,authentic,,,O=c1cc2c(ccc1N1CCCCC1)-c1ccccc1CCC2,train,467.5660000000004,2.7905000000000006,0.6969821438254148,34,64
subcategory_bioisostere.remove-O_434,O=c1c2c(oc(O)c1C(c1cccc(NS(=O)(=O)c3ccc(C(F)(F)F)c(C(F)(F)F)c3)c1)C1CC1)CCCCCC2,0,authentic,authentic,,,O=c1c(C(c2cccc(NS(=O)(=O)c3ccccc3)c2)C2CC2)coc2c1CCCCCC2,val,615.5919999999995,7.384700000000006,0.28221190383700917,42,79
subcategory_bioisostere.remove-O_474,NCC(CCCOc1ccc2c(c1)OCO2)c1ccc(F)cc1,0,authentic,authentic,,,c1ccc(CCCCOc2ccc3c(c2)OCO3)cc1,test,317.36,3.4559000000000024,0.7947113341372659,23,35
subcategory_bioisostere.remove-O_683,COc1ccc(N2C(N)=NC(N)=NC2(C)C)cc1,0,authentic,authentic,,,C1=NC=NCN1c1ccccc1,train,247.302,0.8806999999999995,0.8114905610015934,18,32
subcategory_bioisostere.remove-O_964,C=Cc1cc(S(=O)(=O)C(F)(F)F)c(Cl)cc1NCc1ccco1,1,bioisostere,remove-O,O=C(O)c1cc(S(=O)(=O)C(F)(F)F)c(Cl)cc1NCc1ccco1,0 1 2,c1ccc(NCc2ccco2)cc1,train,365.76000000000005,4.481600000000003,0.8481901124953861,23,43
subcategory_bioisostere.remove-O_924,CN(C)CCC[C@H](N)C(=O)N1CCN(C(=O)C(C)(C)NS(=O)(=O)c2ccc(Cl)c(Cc3ccccc3)c2Cl)CC1,1,bioisostere,remove-O,Cc1ccc2cccc(OCc3c(Cl)ccc(S(=O)(=O)NC(C)(C)C(=O)N4CCN(C(=O)[C@@H](N)CCCN(C)C)CC4)c3Cl)c2n1,29 30 31 32 33 34 35,O=C(CNS(=O)(=O)c1cccc(COc2cccc3cccnc23)c1)N1CCNCC1,train,612.624,2.9810000000000034,0.40343420762837645,40,78
subcategory_bioisostere.remove-O_228,CN1C(=O)C(=CN(C)C2CCCCC2)N=C(c2ccccc2Cl)c2cc([N+](=O)[O-])ccc21,0,authentic,authentic,,,O=C1Nc2ccccc2C(c2ccccc2)=NC1=CNC1CCCCC1,train,452.9420000000001,5.167900000000005,0.3639769045154471,32,63
subcategory_bioisostere.remove-O_130,COc1cc2c(cc1OC)C(c1ccccc1)N(Cc1ccccc1)CC2=O,0,authentic,authentic,,,O=C1CN(Cc2ccccc2)C(c2ccccc2)c2ccccc21,train,373.4520000000001,4.491700000000003,0.66044459434091,28,43
subcategory_bioisostere.remove-O_877,Fc1ccc([C@H]2CCNC[C@@H]2COc2ccccc2)cc1,1,bioisostere,remove-O,Cc1c(OC[C@H]2CNCC[C@@H]2c2ccc(F)cc2)ccc2c1OCO2,0 1 2 3 4 5 6 7 8 9 10 11 13 14 15 16 17 18 19 20,c1ccc([C@H]2CCNC[C@@H]2COc2ccc3c(c2)OCO3)cc1,train,285.362,3.597800000000002,0.9265021627808329,21,38
subcategory_bioisostere.remove-O_182,FC(F)(F)c1cccc(CN2CC[N+](=C3Nc4cc(Cl)ccc4Nc4ccccc43)CC2)c1.[Cl-],0,authentic,authentic,,,c1ccc(CN2CC[N+](=C3Nc4ccccc4Nc4ccccc43)CC2)cc1,train,507.38700000000017,2.806800000000001,0.5236493102523383,34,64
subcategory_bioisostere.remove-O_808,C=Cc1ccc(-c2ccc(OC)c(O[C@@H](C)CCCc3ccccc3)c2)cc1,1,bioisostere,remove-O,COc1ccc(-c2ccc(C(=O)O)cc2)cc1O[C@@H](C)CCCc1ccccc1,0 1 3 4 5 6 7 8 9 10 11 12 13 14 15 16 17 18 19 20 21 22 23 24 25 26,c1ccc(CCCCOc2cccc(-c3ccccc3)c2)cc1,val,372.508,6.795400000000006,0.41129324599759215,28,49
subcategory_bioisostere.remove-O_1100,O=S(=O)(Nc1cccc2c(Cl)c[nH]c12)c1ccccc1,1,bioisostere,remove-O,COc1ccc(S(=O)(=O)Nc2cccc3c(Cl)c[nH]c23)cc1,0 2 3 4 5 6 7 8 9 10 11 12 13 14 15 16 17 18,O=S(=O)(Nc1cccc2cc[nH]c12)c1ccccc1,train,306.774,3.6221000000000014,0.7760286162480297,20,38
subcategory_bioisostere.remove-O_1102,COc1nn(-c2ccccc2)c2c1CCN(c1ccc(N(C)C(=O)C(OC(=O)C(F)(F)F)N3CCCC3)cc1)C2=O,1,bioisostere,remove-O,COc1ccc(-n2nc(OC)c3c2C(=O)N(c2ccc(N(C)C(=O)C(OC(=O)C(F)(F)F)N4CCCC4)cc2)CC3)cc1,4 5 6 7 8 9 10,O=C(CN1CCCC1)Nc1ccc(N2CCc3cnn(-c4ccccc4)c3C2=O)cc1,train,571.5560000000003,3.5740000000000025,0.4002696572916446,41,73
subcategory_bioisostere.remove-O_82,Cc1ccc(C(C)(O)C(F)n2cncn2)c(C)c1,0,authentic,authentic,,,c1ccc(CCn2cncn2)cc1,train,249.28900000000002,2.27074,0.9074421774245736,18,32
subcategory_bioisostere.remove-O_384,CCc1ccc(OC(F)(F)F)c2c1[C@]1(CCN(C)C)CC=C[C@H](O)[C@@H]1O2,0,authentic,authentic,,,C1=CC[C@@H]2Oc3ccccc3C2C1,train,371.39900000000006,3.4189000000000025,0.8057301169660176,26,57
subcategory_bioisostere.remove-O_386,CCN(CC)CCNC(=O)c1cc(Cl)c(NC(=O)CSc2ccccc2)cc1OC,0,authentic,authentic,,,O=C(CSc1ccccc1)Nc1ccccc1,val,450.0040000000002,4.1510000000000025,0.5040790377453443,30,47
subcategory_bioisostere.remove-O_1263,CCCCN1CCC([C@H]2c3ncc(Br)cc3C=Cc3cc(Cl)cc(Br)c32)CC1,1,bioisostere,remove-O,O=C(Cc1cc[n+]([O-])cc1)N1CCC([C@H]2c3ncc(Br)cc3C=Cc3cc(Cl)cc(Br)c32)CC1,0 1 2 3 5 6 7 8 9 10 11 12 13 14 15 16 17 18 19 20 21 22 23 24 25 26,O=C(Cc1cc[nH+]cc1)N1CCC([C@@H]2c3ccccc3C=Cc3cccnc32)CC1,train,524.7280000000001,7.387800000000006,0.4146237158059108,28,52
subcategory_bioisostere.remove-O_1199,CCCC[C@@]1(CN)CCC(CC)(CC)C1,1,bioisostere,remove-O,CCC1(CC)CC[C@](CN)(CC(=O)O)C1,0 1 2 3 5 6 7 8 9 10 11 12 13,C1CCCC1,train,211.39299999999997,4.112000000000004,0.7026736247718298,15,27
subcategory_bioisostere.remove-O_1353,C[C@@H]([C@@H](O)c1ccccc1)N1CCC(O)(c2ccccc2)CC1,1,bioisostere,remove-O,C[C@@H]([C@@H](O)c1ccc(O)cc1)N1CCC(O)(c2ccccc2)CC1,0 1 3 4 5 6 7 8 9 10 11 12 13 14 15 16 17 18 19 20 21 22,c1ccc(CCN2CCC(c3ccccc3)CC2)cc1,train,311.42500000000007,3.092100000000002,0.9117349998495614,23,47
subcategory_bioisostere.remove-O_430,CCCc1nc2c(n1Cc1ccc(-c3ccccc3-c3nn[nH]n3)cc1)/C(=C/C(=O)O)CCCC2,0,authentic,authentic,,,C=C1CCCCc2ncn(Cc3ccc(-c4ccccc4-c4nn[nH]n4)cc3)c21,train,468.5610000000003,4.925400000000003,0.2941127328301692,35,62
subcategory_bioisostere.remove-O_1231,CCNC(C(C)C)C1CCN(CCc2c[nH]c3ccccc23)CC1,1,bioisostere,remove-O,CC(C)C1NC(=O)OC12CCN(CCc1c[nH]c3ccccc13)CC2,0 1 3 4 5 6 7 8 9 10 11 12 13 14 15 16 17 18 19 20 21 22,O=C1NCC2(CCN(CCc3c[nH]c4ccccc34)CC2)O1,train,327.5160000000001,4.056500000000002,0.8034335840698759,24,39
subcategory_bioisostere.remove-O_1472,O=C1Nc2c(C(F)(F)F)cccc2C1(F)c1ccccc1,1,bioisostere,remove-O,COc1ccc(Cl)c(C2(F)C(=O)Nc3c(C(F)(F)F)cccc32)c1,0 1 2 3 4 5 6 7 8 9 10 11 12 14 15 16 17 18 19,O=C1Nc2ccccc2C1c1ccccc1,train,295.235,3.8706000000000023,0.7949963530825036,21,36
subcategory_bioisostere.remove-O_418,CCOC(=O)c1ccc(C(O)(C(=O)OC2C[C@@H]3[C@H]4O[C@H]4[C@H](C2)[N+]3(C)C)c2ccccc2)s1,0,authentic,authentic,,,O=C(OC1C[C@@H]2[NH2+][C@H](C1)[C@H]1O[C@H]12)C(c1ccccc1)c1cccs1,train,458.55600000000015,2.4608999999999996,0.4067133021294561,32,78
subcategory_bioisostere.remove-O_293,NC(=O)CS(=O)(=O)c1ccccc1Cc1ccccc1,0,authentic,authentic,,,c1ccc(Cc2ccccc2)cc1,train,289.356,1.5363999999999995,0.9065606209983972,20,33
subcategory_bioisostere.remove-O_824,CCC[C@@H]1Oc2c(OC)ccc3c2[C@@]1(C)CCN(C(=O)CN(CC)CC)C3,1,bioisostere,remove-O,CCN(CC)CC(=O)N1CC[C@@]23C=C[C@H](O)C[C@@H]2Oc2c(OC)ccc(c23)C1,0 1 3 4 5 6 7 8 9 10 11 12 13 14 15 16 17 18 19 20 21 22 23 24 25 26,C1=C[C@@]23CCNCc4cccc(c42)O[C@H]3CC1,train,374.5250000000002,3.5881000000000025,0.73143820551727,27,53
subcategory_bioisostere.remove-O_822,Cc1ccccc1C(=O)NCC1(N2CCN(C(=O)[C@@H](Cc3ccc(Cl)cc3Cl)NC(=O)CCN)CC2)CCCCC1,1,bioisostere,remove-O,COc1ccc(C(=O)NCC2(N3CCN(C(=O)[C@@H](Cc4ccc(Cl)cc4Cl)NC(=O)CCN)CC3)CCCCC2)cc1,0 1 2 3 4 5 6 8 9 10 11 12 13 14 15 16 17 18 19 20 21 22 23 24 25 26 27 28 29 30 31 32 33 34 35 36 37 38 39 40,O=C(NCC1(N2CCN(C(=O)CCc3ccccc3)CC2)CCCCC1)c1ccccc1,train,602.6069999999999,3.955020000000003,0.3819669394978428,41,73
subcategory_bioisostere.remove-O_70,CCCCc1nc(C(=O)OCC)c(C(=O)OCC)n1Cc1ccc(-c2ccccc2-c2nn[nH]n2)cc1,0,authentic,authentic,,,c1ccc(-c2nn[nH]n2)c(-c2ccc(Cn3ccnc3)cc2)c1,train,502.57500000000016,4.4745000000000035,0.2978187104986096,37,62
subcategory_bioisostere.remove-O_61,CC1(C)CC[C@]2(C(=O)NC(Cc3ccccc3)C(=O)O)CC[C@]3(C)C(=CC[C@@H]4[C@@]5(C)CC[C@H](O)C(C)(C)C5CC[C@]43C)[C@@H]2C1,0,authentic,authentic,,,O=C(NCCc1ccccc1)[C@]12CCCC[C@H]1C1=CC[C@@H]3C4CCCCC4CCC3C1CC2,test,603.8880000000003,7.961100000000011,0.2981287725221065,44,108
subcategory_bioisostere.remove-O_554,COc1ccc(Sc2cncc3sc(C(N)=O)cc23)cc1,0,authentic,authentic,,,c1ccc(Sc2cncc3sccc23)cc1,val,316.40700000000004,3.5550000000000015,0.799100888515637,21,34
subcategory_bioisostere.remove-O_65,CCc1ccc(O)c(Cc2ccccc2)c1,0,authentic,authentic,,,c1ccc(Cc2ccccc2)cc1,train,212.292,3.5454000000000017,0.8245909379434347,16,24
subcategory_bioisostere.remove-O_352,C[C@@H]1C[C@H]2[C@@H]3CCC4=CC(=O)C=CC4(C)[C@@]3(F)[C@@H](O)CC2(C)[C@@]1(O)C(=O)CO,0,authentic,authentic,,,O=C1C=CC2C(=C1)CC[C@@H]1C2CCC2CCC[C@H]21,train,392.4670000000002,1.8957000000000002,0.667213496992105,28,81
subcategory_bioisostere.remove-O_433,Cc1ccc(C(=O)OC2CCN(C)CC2)cc1C,0,authentic,authentic,,,O=C(OC1CCNCC1)c1ccccc1,train,247.33799999999994,2.5544400000000005,0.7521975464849128,18,29
subcategory_bioisostere.remove-O_1227,CCc1nn(-c2ccccc2)c2c1CCN(c1ccc(F)cc1)C2=O,1,bioisostere,remove-O,CCc1nn(-c2ccc(OC)cc2)c2c1CCN(c1ccc(F)cc1)C2=O,0 1 2 3 5 6 7 8 9 10 11 12 13 14 15 16 17 18 19 20 21 22 23 24,O=C1c2c(cnn2-c2ccccc2)CCN1c1ccccc1,train,335.382,3.7767000000000026,0.7305220328711104,25,41
subcategory_bioisostere.remove-O_1200,Cc1ccccc1COc1ccc(-c2nn(CCC#N)c(=O)o2)cc1,1,bioisostere,remove-O,COc1ccc(COc2ccc(-c3nn(CCC#N)c(=O)o3)cc2)cc1,0 1 2 3 4 5 6 8 9 10 11 12 13 14 15 16 17 18 19 20 21 22 23 24,O=c1[nH]nc(-c2ccc(OCc3ccccc3)cc2)o1,train,335.36300000000006,3.304400000000001,0.6901557524561313,25,40
subcategory_bioisostere.remove-O_1169,O=C(c1ccccc1)N1CCN(CCCc2ccccc2)CC1,1,bioisostere,remove-O,COc1ccc(C(=O)N2CCN(CCCc3ccccc3)CC2)cc1OC,0 2 3 4 5 6 7 8 9 10 11 12 13 14 15 16 17 18 19 20 21 22,O=C(c1ccccc1)N1CCN(CCCc2ccccc2)CC1,val,308.425,3.0772000000000013,0.8472975687406629,23,34
subcategory_bioisostere.remove-O_1255,OC(c1ccccc1)(c1ccccc1)C1CCN(Cc2ccccc2)CC1,1,bioisostere,remove-O,COc1ccc(OC)c(CN2CCC(C(O)(c3ccccc3)c3ccccc3)CC2)c1,0 1 2 3 4 5 6 7 8 9 10 11 12 13 14 15 16 17 19 20 21 22 23 24 25 26,c1ccc(CN2CCC(C(c3ccccc3)c3ccccc3)CC2)cc1,train,357.49700000000007,4.834700000000004,0.7065361795343982,27,41
subcategory_bioisostere.remove-O_260,COc1cccc(Oc2ccc(C)cc2CC(=O)O)c1,0,authentic,authentic,,,c1ccc(Oc2ccccc2)cc1,train,272.29999999999995,3.423020000000001,0.9056592202398813,20,31
subcategory_bioisostere.remove-O_405,Cc1nc(-c2ccc(OCC(C)C)c(C#N)c2)sc1C(=O)C(F)F,0,authentic,authentic,,,c1ccc(-c2nccs2)cc1,train,350.39,4.472800000000003,0.7210671386860297,24,43
subcategory_bioisostere.remove-O_22,COC(=O)CC(O)CC(O)/C=C/c1c(-c2ccc(F)cc2)cn(-c2ccccc2)c1C,0,authentic,authentic,,,c1ccc(-c2ccn(-c3ccccc3)c2)cc1,train,423.48400000000015,4.280020000000003,0.5307433691213467,31,55
subcategory_bioisostere.remove-O_1036,O=C(c1cc2n(n1)CCN(Cc1ccccc1)C2=O)N1CCN(c2cccc(C(F)(F)F)c2)CC1,1,bioisostere,remove-O,COc1ccc(CN2CCn3nc(C(=O)N4CCN(c5cccc(C(F)(F)F)c5)CC4)cc3C2=O)cc1,0 1 2 3 4 5 6 7 8 9 11 12 13 14 15 16 17 18 19 20 21 22 23 24 25 26 27 28 29 30 31 32 33 34,O=C(c1cc2n(n1)CCN(Cc1ccccc1)C2=O)N1CCN(c2ccccc2)CC1,val,483.49400000000026,3.5203000000000024,0.5699688829691353,35,61
subcategory_bioisostere.remove-O_473,NC(CC(=O)c1cccc([N+](=O)[O-])c1)C(=O)O,0,authentic,authentic,,,c1ccccc1,train,238.19899999999996,0.5795000000000001,0.4389283627506835,17,38
subcategory_bioisostere.remove-O_59,NCC(=O)N1CCC(CC(=O)N2CCC([C@H]3c4ncc(Br)cc4CCc4cc(Cl)cc(Br)c43)CC2)CC1,0,authentic,authentic,,,O=C(CC1CCNCC1)N1CCC([C@@H]2c3ccccc3CCc3cccnc32)CC1,val,652.8589999999999,5.316500000000005,0.4855701567739976,37,70
subcategory_bioisostere.remove-O_983,CCCc1cc(OCc2cccc(Cl)c2)ccc1OCC(O)COC,1,bioisostere,remove-O,COCC(O)COc1ccc(OCc2cccc(Cl)c2)cc1C(C)=O,0 1 2 4 5 6 7 8 9 10 11 12 13 14 15 16 17 18 19 20 21 22 23 24,c1ccc(COc2ccccc2)cc1,train,364.8690000000002,4.2576000000000045,0.6839947083563656,25,36
subcategory_bioisostere.remove-O_1306,CCN[C@H](COc1ccccc1)Cc1ccccc1,1,bioisostere,remove-O,O=C(N[C@H](COc1ccccc1)Cc1ccccc1)C(F)(F)F,0 1 3 4 5 6 7 8 9 10 11 12 13 14 15 16 17 18,c1ccc(CCCOc2ccccc2)cc1,val,255.36100000000002,3.286200000000002,0.8194575933340861,19,29
subcategory_bioisostere.remove-O_525,Fc1ccc(O[C@@H](c2ccccc2)[C@@H]2CNCCO2)c(F)c1,0,authentic,authentic,,,c1ccc(O[C@@H](c2ccccc2)[C@@H]2CNCCO2)cc1,train,305.324,3.0733000000000006,0.9414673102216793,22,44
subcategory_bioisostere.remove-O_135,CCCCCNCc1cccc([N+](=O)[O-])c1.Cl,0,authentic,authentic,,,c1ccccc1,train,258.74899999999997,3.2964000000000016,0.4638185581213939,17,32
subcategory_bioisostere.remove-O_464,COC(=O)c1nc(O)n2cccc(-c3ccc(C)cc3)c12,0,authentic,authentic,,,c1ccc(-c2cccn3cncc23)cc1,train,282.29900000000004,2.801920000000001,0.7340318257799325,21,37
subcategory_bioisostere.remove-O_56,c1ccc(CN2CCc3ccccc3C2)cc1,0,authentic,authentic,,,c1ccc(CN2CCc3ccccc3C2)cc1,train,223.31900000000002,3.244900000000002,0.7551388477980527,17,25
subcategory_bioisostere.remove-O_456,C=C(Cn1cncn1)C(=O)c1ccsc1,0,authentic,authentic,,,C=C(Cn1cncn1)C(=O)c1ccsc1,train,219.269,1.7787000000000002,0.5813912391800091,15,25
subcategory_bioisostere.remove-O_522,COc1cc2c(cc1OC)C(C)c1c-2n(C)c(=O)c2cc(OC)c(OC)cc12,0,authentic,authentic,,,O=c1[nH]c2c(c3ccccc13)Cc1ccccc1-2,train,381.42800000000017,3.7051000000000025,0.6896214699026552,28,50
subcategory_bioisostere.remove-O_1242,CC(C)(C)C1CN=C(c2ccccc2O)N1,1,bioisostere,remove-O,O=C(O)C1CN=C(c2ccccc2O)N1,0 1 2 3 5 6 7 8 9 10 11 12 13 14,c1ccc(C2=NCCN2)cc1,train,218.30000000000004,2.1566999999999994,0.7583251603893546,16,27
subcategory_bioisostere.remove-O_766,N#Cc1ccc(CNc2c(NCc3ccc(C#N)cc3)c(=O)c2=O)cc1,0,authentic,authentic,,,O=c1c(NCc2ccccc2)c(NCc2ccccc2)c1=O,val,342.3580000000001,2.25016,0.6656405730868257,26,44
subcategory_bioisostere.remove-O_1172,CC(C)NCCCNC(=O)c1cc(C(F)(F)F)ccc1OCCC(F)(F)F,1,bioisostere,remove-O,O=C1CC(NC(=O)c2cc(C(F)(F)F)ccc2OCCC(F)(F)F)CCN1,0 1 2 3,O=C1CC(NC(=O)c2ccccc2)CCN1,train,400.3630000000001,4.154500000000002,0.48366825468055746,27,44
subcategory_bioisostere.remove-O_119,COc1cc(C2(O)CC3CCC(C2)N3C)ccc1F,0,authentic,authentic,,,c1ccc(C2CC3CCC(C2)N3)cc1,test,265.328,2.2785,0.8901713463824583,19,31
subcategory_bioisostere.remove-O_805,CC(C)c1cc(S(N)(=O)=O)c(NCc2ccco2)cc1Cl,1,bioisostere,remove-O,NS(=O)(=O)c1cc(C(=O)O)c(Cl)cc1NCc1ccco1,0 1 2 4 5 6 7 8 9 10 11 12 13 14 15 16 17 18 19,c1ccc(NCc2ccco2)cc1,train,328.821,3.315900000000002,0.8812589063770221,21,38
subcategory_bioisostere.remove-O_532,CCCNCC(O)COc1cccc2oc(-c3ccccc3)cc(=O)c12,0,authentic,authentic,,,O=c1cc(-c2ccccc2)oc2ccccc12,train,353.41800000000006,3.199300000000002,0.6086527783928969,26,40
subcategory_bioisostere.remove-O_650,COc1ccc2c3c1O[C@H]1C[C@@H](O)C=C[C@@]31CC[N+](C)(C(C)C)C2.[OH-],0,authentic,authentic,,,C1=C[C@@]23CC[NH2+]Cc4cccc(c42)O[C@H]3CC1,train,347.4550000000001,2.5967000000000002,0.6594501029320653,25,63
subcategory_bioisostere.remove-O_168,C(=N/Nc1nncc2ccccc12)/c1ccccc1,0,authentic,authentic,,,C(=N/Nc1nncc2ccccc12)/c1ccccc1,train,248.28900000000002,3.075800000000001,0.5721246333472473,19,30
subcategory_bioisostere.remove-O_1501,CC(C)OCC[C@H]1CC[C@]2(O)[C@@H]3CCC4C[C@@H](O[C@@H]5O[C@H](CO)[C@@H](O)[C@H](O)[C@H]5O)CC[C@]4(C)C3CC[C@]12C,1,bioisostere,remove-O,C[C@]12CC[C@H](O[C@@H]3O[C@H](CO)[C@@H](O)[C@H](O)[C@H]3O)CC1CC[C@@H]1C2CC[C@]2(C)[C@@H](C3=CC(=O)OC3)CC[C@]12O,0 1 2 3,O=C1C=C([C@H]2CCC3C2CCC2C4CC[C@H](O[C@H]5CCCCO5)CC4CC[C@H]23)CO1,test,540.7380000000002,2.7604000000000006,0.3119780331472509,38,107
subcategory_bioisostere.remove-O_944,CCCOc1ccccc1CCC(=O)OC,1,bioisostere,remove-O,COC(=O)CCc1ccccc1OCC(O)CNC(C)C,0 1 3 4 5 6 7 8 9 10 11 12 13 14 15,c1ccccc1,train,222.2839999999999,2.5810000000000004,0.6938773723727041,16,21
subcategory_bioisostere.remove-O_1386,CCC[C@@H](CN)CC(C)CCCC1CC1,1,bioisostere,remove-O,CC(CCCC1CC1)C[C@H](CN)CC(=O)O,0 1 3 4 5 6 7 8 9 10 11 12 13 14,C1CC1,train,211.39299999999994,3.967900000000003,0.613397793147493,15,26
subcategory_bioisostere.remove-O_1375,CCCC(O)(c1ccccc1)C(CN(C)C)c1ccccc1,1,bioisostere,remove-O,CCCC(O)(c1ccc(OC)cc1)C(CN(C)C)c1ccccc1,0 1 2 4 5 6 7 8 9 10 11 12 13 14 15 16 17 18 19 20 21,c1ccc(CCc2ccccc2)cc1,train,297.44199999999995,4.019700000000004,0.8341223146367938,22,34
subcategory_bioisostere.remove-O_961,CCc1ccc(N(C)Cc2cccc(OC)c2)cn1,1,bioisostere,remove-O,COc1cccc(CN(C)c2ccc(C(=O)O)nc2)c1,0 1 3 4 5 6 7 8 9 10 11 12 13 14 15 16 17,c1ccc(CNc2cccnc2)cc1,train,256.349,3.2890000000000024,0.8205091007976021,19,29
subcategory_bioisostere.remove-O_560,O=C(NCCNC(=O)c1cc(OCC(F)(F)F)ccc1OCC(F)(F)F)c1ccc(Cl)c(Cl)c1,0,authentic,authentic,,,O=C(NCCNC(=O)c1ccccc1)c1ccccc1,val,533.2520000000002,5.035400000000003,0.35032109712924203,34,60
subcategory_bioisostere.remove-O_880,CC(CCCCOCCCCc1ccccc1)NCC(O)c1ccccc1,1,bioisostere,remove-O,CC(CCCCOCCCCc1ccccc1)NCC(O)c1ccc(O)c(CO)c1,19 21 22 23 24 25 26,c1ccc(CCCCOCCCCCNCCc2ccccc2)cc1,train,369.5490000000001,4.907900000000006,0.4650670514102772,27,35
subcategory_bioisostere.remove-O_114,COc1c(C)c2c(c(O)c1CC(O)C(C)(O)C(O)CC(=O)O)C(=O)OC2,0,authentic,authentic,,,O=C1OCc2ccccc21,train,370.35400000000016,-0.13038000000000044,0.4128844198830706,26,50
subcategory_bioisostere.remove-O_1340,CCCN1CCCC(c2ccccc2)C1,1,bioisostere,remove-O,CCCN1CCCC(c2ccc(OC)c(OC)c2)C1,0 1 2 3 4 5 6 8 9 10 11 12 13,c1ccc(C2CCCNC2)cc1,train,203.329,3.2760000000000025,0.7284508236945589,15,21
subcategory_bioisostere.remove-O_79,N#Cc1ccc(C(C(=O)CCc2ccc(F)cc2)n2cncn2)cc1,0,authentic,authentic,,,O=C(CCc1ccccc1)C(c1ccccc1)n1cncn1,train,334.354,3.0801800000000013,0.694354388976954,25,41
subcategory_bioisostere.remove-O_1362,CN(C)CCCSC(=O)c1cc(S(N)(=O)=O)c(Cl)cc1NCc1ccco1,1,bioisostere,remove-O,CC(CSC(=O)c1cc(S(N)(=O)=O)c(Cl)cc1NCc1ccco1)C(=O)N(CC(=O)OC(C)(C)C)C1CCCC1,0 1 2 3 4 5 6,O=C(CCSC(=O)c1ccccc1NCc1ccco1)NC1CCCC1,train,431.9670000000001,3.0176000000000016,0.5875026769109627,27,47
subcategory_bioisostere.remove-O_540,C[C@H]1CC2C3CCC4=CC(=O)C=CC4(C)C3C(=O)CC2(C)[C@@]1(O)C(=O)CO,0,authentic,authentic,,,O=C1C=CC2C(=C1)CCC1C3CCCC3CC(=O)C21,train,372.4610000000002,2.0118000000000005,0.7736478932798779,27,60
subcategory_bioisostere.remove-O_637,NC(=O)c1ncn(C2CC(O)C(CO)O2)n1,0,authentic,authentic,,,c1ncn(C2CCCO2)n1,train,228.208,-1.9822999999999997,0.5503317884132192,16,29
subcategory_bioisostere.remove-O_795,Cc1cccc(C)c1C(=O)N1CCC(N2CCN([C@@H](C)c3ccc(S(=O)(=O)c4ccccc4)cc3)[C@H](C)C2)CC1,1,bioisostere,remove-O,Cc1cccc(C)c1C(=O)N1CCC(N2CCN([C@@H](C)c3ccc(S(=O)(=O)c4ccc5c(c4)OCO5)cc3)[C@H](C)C2)CC1,0 1 2 3 4 5 6 7 8 9 10 11 12 13 14 15 16 17 18 19 20 21 22 23 25 26 27 28 29 30 31 32 33 34 35 36 37 38 39,O=C(c1ccccc1)N1CCC(N2CCN(Cc3ccc(S(=O)(=O)c4ccc5c(c4)OCO5)cc3)CC2)CC1,train,559.776,5.508140000000006,0.3987805472450172,40,80
subcategory_bioisostere.remove-O_83,[2H]C([2H])(COCCO)N1C([2H])([2H])C([2H])([2H])N(C2=Nc3ccccc3Sc3ccccc32)C([2H])([2H])C1([2H])[2H],0,authentic,authentic,,,c1ccc2c(c1)N=C(N1CCNCC1)c1ccccc1S2,train,393.5780177800001,2.8560000000000016,0.7918448101185205,27,96
subcategory_bioisostere.remove-O_994,Cc1cccc(OC(CN)c2ccc(F)cc2)c1,1,bioisostere,remove-O,NCC(Oc1ccc2c(c1)OCO2)c1ccc(F)cc1,0 1 2 3 4 5 7 8 9 10 11 12 13 14 15 16,c1ccc(COc2ccc3c(c2)OCO3)cc1,train,245.297,3.2129200000000013,0.8972592927751329,18,28
subcategory_bioisostere.remove-O_223,COc1c(C)cnc(CSc2nc3cc4c(cc3[nH]2)OC(F)(F)C(F)(F)O4)c1OC,0,authentic,authentic,,,c1ccc(CSc2nc3cc4c(cc3[nH]2)OCCO4)nc1,train,445.39400000000006,4.532620000000002,0.45661570056484957,30,55
subcategory_bioisostere.remove-O_550,CCN(CC)CCCOc1ccc(C(=O)c2c(-c3ccccc3)oc3ccccc23)cc1,0,authentic,authentic,,,O=C(c1ccccc1)c1c(-c2ccccc2)oc2ccccc12,train,427.5440000000001,6.441500000000007,0.21567025137942045,32,50
subcategory_bioisostere.remove-O_807,CC(CC1(F)CCN(Cc2cccc(F)c2)CC1)C(=O)c1ccccc1,1,bioisostere,remove-O,COc1cc2c(cc1OC)C(=O)C(CC1(F)CCN(Cc3cccc(F)c3)CC1)C2,0 1 2 3 4 5 6 7 8 9 10 11 12 13 14 15 16 17 19 20 21 22 23 24,O=C1c2ccccc2CC1CC1CCN(Cc2ccccc2)CC1,train,357.4440000000001,5.038900000000004,0.6752795389320415,26,43
subcategory_bioisostere.remove-O_1399,CCCCNC(=O)C(CS)C(C)c1ccc(N)cc1,1,bioisostere,remove-O,CC(c1ccc(N)cc1)C(CS)C(=O)NC(Cc1ccc(O)cc1)C(=O)O,0 1 2 3 4,O=C(CCc1ccccc1)NCCc1ccccc1,train,280.43699999999995,2.8346,0.40853228126823443,19,30
subcategory_bioisostere.remove-O_1124,CCNc1ccc(NC(=O)[C@@H](CNC(=O)c2ccc(Cl)s2)N(CC(C)C)CC(C)C)c(F)c1,1,bioisostere,remove-O,CC(C)CN(CC(C)C)[C@H](CNC(=O)c1ccc(Cl)s1)C(=O)Nc1ccc(N2CCOCC2=O)cc1F,0 1 2 4 5 6 7 8 9 10 11 12 13 14 15 16 17 18 19 20 21 22 23 24 25 26 27 28 29 30 31,O=C(CCNC(=O)c1cccs1)Nc1ccc(N2CCOCC2=O)cc1,train,497.0800000000002,5.323500000000005,0.37138868993655344,33,63
subcategory_bioisostere.remove-O_907,CCN[C@@H](Cc1ccccc1)[C@H](O)C[C@@H]1CCCC[C@H]1C(=O)NC(C)(C)C,1,bioisostere,remove-O,CC(C)(C)NC(=O)[C@@H]1CCCC[C@H]1C[C@@H](O)[C@H](Cc1ccccc1)NC(=O)[C@H](CC(N)=O)NC(=O)c1ccc2ccccc2n1,,O=C(CNC(=O)c1ccc2ccccc2n1)N[C@H](CCC1CCCCC1)Cc1ccccc1,train,374.56900000000013,3.6793000000000022,0.6504015906241702,27,60
subcategory_bioisostere.remove-O_677,CCCCOc1ccc2c(c1)C(=O)NCCO2,0,authentic,authentic,,,O=C1NCCOc2ccccc21,test,235.28299999999996,1.9876999999999998,0.811756330236303,17,26
subcategory_bioisostere.remove-O_1531,Cc1cc(SC2=C(O)OC(CCc3ccccc3)(C(C)C)CC2=O)c(C(C)(C)C)cc1OS(=O)(=O)N1CCN(C)CC1,1,bioisostere,remove-O,Cc1cc(SC2=C(O)OC(CCc3ccc(O)cc3)(C(C)C)CC2=O)c(C(C)(C)C)cc1OS(=O)(=O)N1CCN(C)CC1,11 12 13 14 15 16 17,O=C1CC(CCc2ccccc2)OC=C1Sc1ccc(OS(=O)(=O)N2CCNCC2)cc1,val,616.8459999999999,5.999720000000007,0.3666646965034716,42,76
subcategory_bioisostere.remove-O_796,O=C(c1ccccc1)c1ccc(NC2=NCCN2)cc1,1,bioisostere,remove-O,COc1ccc(C(=O)c2ccc(NC3=NCCN3)cc2)cc1,0 2 3 4 5 6 7 8 9 10 11 12 13 14 15 16 17 18 19,O=C(c1ccccc1)c1ccc(NC2=NCCN2)cc1,train,265.316,2.2886999999999995,0.8371690297082602,20,32
subcategory_bioisostere.remove-O_136,COc1ccc([C@H]2[C@H]([C@H](O)CCc3ccccc3)C(=O)N2c2ccccc2)cc1,0,authentic,authentic,,,O=C1[C@@H](CCCc2ccccc2)[C@H](c2ccccc2)N1c1ccccc1,train,387.47900000000004,4.393000000000003,0.6117819151954104,29,58
subcategory_bioisostere.remove-O_224,CC(=O)N(C)CC#CCN1CCC(F)CC1,0,authentic,authentic,,,C1CCNCC1,train,226.29499999999993,0.9019999999999999,0.6531963363202966,16,26
subcategory_bioisostere.remove-O_226,Cc1ccc(-c2cnc(N)c(C(=O)Nc3ccc(S(=O)(=O)NC(=O)C(C)C)cc3)n2)cc1,0,authentic,authentic,,,O=C(Nc1ccccc1)c1cncc(-c2ccccc2)n1,test,453.52400000000017,2.747420000000001,0.5203246478456643,32,61
subcategory_bioisostere.remove-O_376,COCCOCn1cnc2c1c(=O)n(C)c(=O)n2C,0,authentic,authentic,,,O=c1[nH]c(=O)c2[nH]cnc2[nH]1,train,268.27299999999997,-0.9457999999999986,0.6534077392379709,19,31
subcategory_bioisostere.remove-O_783,CCOC(=O)c1cc2n(n1)CC(C)(C(=O)NCc1ccccc1)N(c1ccc(OC)cc1)C2=O,0,authentic,authentic,,,O=C(NCc1ccccc1)C1Cn2nccc2C(=O)N1c1ccccc1,train,462.50600000000014,2.8039000000000005,0.5419264509512534,34,59
subcategory_bioisostere.remove-O_120,O=C(NCC(C(=O)Nc1ccc(N2CCOCC2=O)cc1)N(CC(F)F)CC1CC1)c1ccc(Cl)s1,0,authentic,authentic,,,O=C(NCC(NCC1CC1)C(=O)Nc1ccc(N2CCOCC2=O)cc1)c1cccs1,train,541.0200000000002,3.478900000000002,0.455296661922583,36,62
subcategory_bioisostere.remove-O_318,CCN(CC)CCOC(=O)Cc1c(C)n(C(=O)c2ccc(Cl)cc2)c2ccc(OC)cc12,0,authentic,authentic,,,O=C(c1ccccc1)n1ccc2ccccc21,train,456.97000000000014,4.727720000000004,0.43555313990244227,32,55
subcategory_bioisostere.remove-O_514,O=C(O)c1nc(Cc2ccccc2)n2c1c(O)nc1ccccc12,0,authentic,authentic,,,c1ccc(Cc2ncc3cnc4ccccc4n23)cc1,train,319.32000000000005,2.8771000000000013,0.6060484338031416,24,39
subcategory_bioisostere.remove-O_723,CCCNS(=O)(=O)c1ccc2c(c1)CC(N(Cc1cc(Cl)ccc1OCCOC)C(=O)c1ccccc1O)C2,0,authentic,authentic,,,O=C(c1ccccc1)N(Cc1ccccc1)C1Cc2ccccc2C1,train,573.1110000000002,4.5689000000000055,0.30810402160095884,39,65
subcategory_bioisostere.remove-O_972,CC(COc1ccc(CCCN)cc1)CN1CCN(c2ccccc2)CC1,1,bioisostere,remove-O,CC(COc1ccc2c(c1)NC(=O)CC2)CN1CCN(c2ccccc2)CC1,0 1 2 3 4 5 6 7 8 10 11 12 13 14 15 16 17 18 19 20 21 22 23 24 25 26,O=C1CCc2ccc(OCCCN3CCN(c4ccccc4)CC3)cc2N1,train,367.53700000000003,3.415000000000002,0.7373907494174476,27,39
subcategory_bioisostere.remove-O_1140,COc1c2c(c(CC=C(C)C)c(O)c1C(C)C)OC(C(C)(C)O)C2,1,bioisostere,remove-O,COc1c2c(c(CC=C(C)C)c(O)c1C(C)=O)OC(C(C)(C)O)C2,13 14 15 16,c1ccc2c(c1)CCO2,val,334.4560000000001,4.107300000000003,0.7957907330476783,24,45
subcategory_bioisostere.remove-O_476,Clc1ccc2c(NC[C@@H]3CCCN4CCCC[C@H]34)ccnc2c1,0,authentic,authentic,,,c1ccc2c(NC[C@@H]3CCCN4CCCC[C@H]34)ccnc2c1,train,329.87499999999994,4.564600000000003,0.8940063681184325,23,43
subcategory_bioisostere.remove-O_1108,Cc1nnc(C)c2c(C)n(-c3ccccc3)c(C)c12,1,bioisostere,remove-O,COc1ccc(-n2c(C)c3c(C)nnc(C)c3c2C)cc1,9 10 11 12 13 14 15,c1ccc(-n2cc3cnncc3c2)cc1,train,251.333,3.654180000000003,0.660572573642548,19,34
subcategory_bioisostere.remove-O_804,C=CNC1CCc2cc(OC)c(OC)c(OC)c2-c2ccc(N(C)C)c(=O)cc21,1,bioisostere,remove-O,COc1cc2c(c(OC)c1OC)-c1ccc(N(C)C)c(=O)cc1C(NC(C)=O)CC2,0 1 3 4 5 6 7 8 9 10 11 12 13 14 15 16 17 18 19 20 21 22 23 24 25 26 27,O=c1cccc2c(c1)CCCc1ccccc1-2,train,396.48700000000014,3.5260000000000025,0.8061973288114495,29,50
subcategory_bioisostere.remove-O_914,Cn1cnc2c(N(N)c3c(F)cccc3F)nc(-c3cccc(F)c3)nc21,1,bioisostere,remove-O,Cn1cnc2c(N(C(N)=O)c3c(F)cccc3F)nc(-c3cccc(F)c3)nc21,6 7,c1ccc(Nc2nc(-c3ccccc3)nc3[nH]cnc23)cc1,train,370.3380000000001,3.4594000000000014,0.44167506558441855,27,46
subcategory_bioisostere.remove-O_368,CCCOc1ccc(S(C)(=O)=O)cc1C(=O)Nc1c(C(N)=O)nn(CC2CC2)c1CC,0,authentic,authentic,,,O=C(Nc1cnn(CC2CC2)c1)c1ccccc1,train,448.5450000000003,2.399000000000001,0.5732523323051669,31,55
subcategory_bioisostere.remove-O_640,CC[C@H](C)C(=O)c1c(O)cc(OC)c2c1O[C@]1(C)C=C[C@@H](C(C)C)C[C@H]21,0,authentic,authentic,,,C1=CC2Oc3ccccc3[C@H]2CC1,train,358.47800000000007,5.0964000000000045,0.587805467923713,26,64
subcategory_bioisostere.remove-O_11,O=S(Cc1cc(OCC(F)(F)C(F)(F)F)ccn1)c1nc2ccccc2[nH]1,0,authentic,authentic,,,O=S(Cc1ccccn1)c1nc2ccccc2[nH]1,train,405.348,3.842100000000002,0.6330809752147146,27,49
subcategory_bioisostere.remove-O_889,CCC1=C(c2ccc(-n3c(C)nc4cnccc43)cc2)NC(C)=C(C(=O)Nc2ccccn2)C1c1cccc2c1OCO2,1,bioisostere,remove-O,CCOC(=O)C1=C(c2ccc(-n3c(C)nc4cnccc43)cc2)NC(C)=C(C(=O)Nc2ccccn2)C1c1cccc2c1OCO2,0 1 2,O=C(Nc1ccccn1)C1=CNC(c2ccc(-n3cnc4cnccc43)cc2)=CC1c1cccc2c1OCO2,test,570.6530000000001,6.273420000000005,0.24791436487699176,43,73
subcategory_bioisostere.remove-O_1257,CNC(=O)CC1(c2ccc(N3CCc4c(C(F)(F)F)nn(-c5ccccc5)c4C3=O)cc2)CC1,1,bioisostere,remove-O,CNC(=O)CC1(c2ccc(N3CCc4c(C(F)(F)F)nn(-c5ccc(OC)cc5)c4C3=O)cc2)CC1,0 1 2 3 4 5 6 7 8 9 10 11 12 13 14 15 16 17 18 19 21 22 23 24 25 26 27 28 29 30 31 32 33,O=C1c2c(cnn2-c2ccccc2)CCN1c1ccc(C2CC2)cc1,train,468.47900000000016,4.261700000000004,0.6085917401769484,34,61
subcategory_bioisostere.remove-O_1494,Cc1ccccc1-n1nc(C(F)(F)F)c2c1C(=O)N(CCC(=O)N(C)Cc1ccccc1)CC2,1,bioisostere,remove-O,COc1ccc(-n2nc(C(F)(F)F)c3c2C(=O)N(CCC(=O)N(C)Cc2ccccc2)CC3)cc1,0 1 2 3 4 5 6 8 9 10 11 12 13 14 15 16 17 18 19 20 21 22 23 24 25 26 27 28 29 30 31 32 33,O=C(CCN1CCc2cnn(-c3ccccc3)c2C1=O)NCc1ccccc1,train,470.4950000000003,4.246520000000004,0.541463299605464,34,59
subcategory_bioisostere.remove-O_1280,CNc1ccc(NC(=O)[C@H](N)CNC(=O)c2ccc(Cl)s2)c(F)c1,1,bioisostere,remove-O,N[C@H](CNC(=O)c1ccc(Cl)s1)C(=O)Nc1ccc(N2CCOCC2=O)cc1F,0 1 3 4 5 6 7 8 9 10 11 12 13 14 15 16 17 18 19 20 21 22,O=C(CCNC(=O)c1cccs1)Nc1ccc(N2CCOCC2=O)cc1,train,370.837,2.2781000000000002,0.6268745046237968,24,47
subcategory_bioisostere.remove-O_996,C=Cc1sc(-c2ccc(OCCC(C)C)c(C#N)c2)nc1C(F)(F)F,1,bioisostere,remove-O,CCOC(=O)c1sc(-c2ccc(OCCC(C)C)c(C#N)c2)nc1C(F)(F)F,0 1 3 4 5 6 7 8 9 10 11 12 13 14 15 16 17 18 19 20 21 22 23 24,c1ccc(-c2nccs2)cc1,train,366.40799999999996,5.768480000000003,0.6519925429983257,25,44
subcategory_bioisostere.remove-O_457,C[C@]12CC/C(=N\N=C(N)N)C=C1CC[C@@H]2CO,0,authentic,authentic,,,N=C1C=C2CCCC2CC1,train,236.319,0.7446000000000002,0.3746166976060066,17,38
subcategory_bioisostere.remove-O_1121,CCC(O)(CCN1CCCCC1)c1ccccc1,1,bioisostere,remove-O,CCOc1ccc(C(O)(CC)CCN2CCCCC2)cc1,2 12 13 14 15 16 17,c1ccc(CCCN2CCCCC2)cc1,train,247.38199999999998,3.1602000000000015,0.8636682049153299,18,26
subcategory_bioisostere.remove-O_392,CCN(CC)CCOc1ccc(C(=O)c2c(-c3ccc(OC)cc3)oc3ccc(Cl)cc23)cc1,0,authentic,authentic,,,O=C(c1ccccc1)c1c(-c2ccccc2)oc2ccccc12,train,477.9880000000002,6.713400000000006,0.23736803023075162,34,57
subcategory_bioisostere.remove-O_267,CC(C)CC(=O)C(=O)N1CCC[C@H]1C(=O)OCCCc1cccnc1,0,authentic,authentic,,,O=C(OCCCc1cccnc1)[C@@H]1CCCN1,train,346.427,2.1635999999999997,0.4094996722943169,25,44
subcategory_bioisostere.remove-O_6,O=C(O[C@@H]1C[N+]2(CCOCCOCCO)CCC1CC2)C(O)(c1cccs1)c1cccs1,0,authentic,authentic,,,O=C(O[C@@H]1C[NH+]2CCC1CC2)C(c1cccs1)c1cccs1,train,482.6440000000001,2.2232000000000003,0.27420152374842055,32,57
subcategory_bioisostere.remove-O_1328,Cc1ccccc1[C@H]1[C@H](CCC(=O)c2ccc(F)cc2)C(=O)N1c1ccc(F)cc1,1,bioisostere,remove-O,O=C(CC[C@@H]1C(=O)N(c2ccc(F)cc2)[C@H]1c1ccc(O)cc1)c1ccc(F)cc1,0 1 2 3 4 5 6 8 9 10 11 12 13 14 15 16 17 18 19 20 21 22 23 24 25 26 27 28 29,O=C(CC[C@@H]1C(=O)N(c2ccccc2)[C@H]1c1ccccc1)c1ccccc1,val,405.4440000000001,5.640420000000005,0.3931071808515316,30,58
subcategory_bioisostere.remove-O_1440,COC(=O)C1(c2ccc(N3CCc4c(C(F)(F)F)nn(-c5ccccc5)c4C3=O)cc2)CC1,1,bioisostere,remove-O,COC(=O)C1(c2ccc(N3CCc4c(C(F)(F)F)nn(-c5ccc(OC)cc5)c4C3=O)cc2)CC1,0 1 2 3 4 5 6 7 8 9 10 11 12 13 14 15 16 17 18 20 21 22 23 24 25 26 27 28 29 30 31 32,O=C1c2c(cnn2-c2ccccc2)CCN1c1ccc(C2CC2)cc1,train,455.43600000000015,4.298600000000003,0.550678913824216,33,60
subcategory_bioisostere.remove-O_906,CCN[C@H]1CCc2cc(OC)c(O)c(OC)c2-c2ccc(O)c(=O)cc21,1,bioisostere,remove-O,COc1cc2c(c(OC)c1O)-c1ccc(O)c(=O)cc1[C@@H](NC(C)=O)CC2,0 1 3 4 5 6 7 8 9 10 11 12 13 14 15 16 17 18 19 20 21 22 23 24,O=c1cccc2c(c1)CCCc1ccccc1-2,train,357.40600000000006,2.7390000000000008,0.7798088647043996,26,48
subcategory_bioisostere.remove-O_1014,COc1ccccc1CNC(=O)CC(NS(=O)(=O)c1ccc(Cl)cc1)c1ccccc1,1,bioisostere,remove-O,COc1ccc(C(CC(=O)NCc2ccccc2OC)NS(=O)(=O)c2ccc(Cl)cc2)cc1,0 1 2 3 4 5 6 7 8 9 10 11 12 14 15 16 17 18 19 20 21 22 23 24 25 26 27 28 29,O=C(CC(NS(=O)(=O)c1ccccc1)c1ccccc1)NCc1ccccc1,test,458.96700000000016,4.074700000000003,0.5057800268485657,31,51
subcategory_bioisostere.remove-O_189,C/C(CCCC1CCCCC1)=N/Nc1nncc2ccccc12,0,authentic,authentic,,,C(CCCC1CCCCC1)=NNc1nncc2ccccc12,train,310.44500000000005,5.168200000000005,0.5913649504810528,23,34
subcategory_bioisostere.remove-O_1196,Cc1ccccc1-n1nc(C(F)(F)F)c2c1C(=O)N(c1ccc(C3(CN(C)S(C)(=O)=O)CCCC3)cc1)CC2,1,bioisostere,remove-O,COc1ccc(-n2nc(C(F)(F)F)c3c2C(=O)N(c2ccc(C4(CN(C)S(C)(=O)=O)CCCC4)cc2)CC3)cc1,0 1 2 3 4 5 6 8 9 10 11 12 13 14 15 16 17 18 19 20 21 22 23 24 25 26 27 28 29 30 31 32 33 34 35 36 37 38,O=C1c2c(cnn2-c2ccccc2)CCN1c1ccc(C2CCCC2)cc1,train,560.6420000000003,5.105620000000005,0.4202993707045915,39,73
subcategory_bioisostere.remove-O_930,C=COC(=O)N1CC[C@H](c2ccc(F)cc2)[C@H](COc2ccccc2)C1,1,bioisostere,remove-O,C=COC(=O)N1CC[C@H](c2ccc(F)cc2)[C@H](COc2ccc3c(c2)OCO3)C1,18 19 20 21 22 23 24,c1ccc([C@H]2CCNC[C@H]2COc2ccc3c(c2)OCO3)cc1,train,355.4090000000001,4.5903000000000045,0.7365078553123917,26,50
subcategory_bioisostere.remove-O_88,COc1ccc(Cc2ccc(NC3=NCCN3)cc2)cc1,0,authentic,authentic,,,c1ccc(Cc2ccc(NC3=NCCN3)cc2)cc1,train,281.359,2.6571000000000007,0.905384090862648,21,32
subcategory_bioisostere.remove-O_1010,CN(C)C[C@@H](c1ccccc1)C1(O)CCCCC1,1,bioisostere,remove-O,COc1ccc([C@H](CN(C)C)C2(O)CCCCC2)cc1,0 1 2 3 5 6 7 8 9 10 11 12 13 14 15 16 17,c1ccc(CC2CCCCC2)cc1,train,247.38199999999992,3.027000000000002,0.8837692412948068,18,33
subcategory_bioisostere.remove-O_883,O=C1c2c(c(C(F)(F)F)nn2-c2ccccc2)CCN1c1ccc(C2(CO)CCC2)cc1,1,bioisostere,remove-O,COc1ccc(-n2nc(C(F)(F)F)c3c2C(=O)N(c2ccc(C4(CO)CCC4)cc2)CC3)cc1,0 1 2 3 4 5 6 7 8 9 11 12 13 14 15 16 17 18 19 20 21 22 23 24 25 26 27 28 29 30 31,O=C1c2c(cnn2-c2ccccc2)CCN1c1ccc(C2CCC2)cc1,train,441.4530000000003,4.508000000000003,0.6483740321835311,32,56
subcategory_bioisostere.remove-O_437,CCCOc1ccc(S(=O)(=O)Cl)cc1C(=O)Nc1c(CCC)nn(C(C)(C)C)c1C(N)=O,0,authentic,authentic,,,O=C(Nc1cn[nH]c1)c1ccccc1,train,485.0060000000003,3.658100000000002,0.5214850615751546,32,59
subcategory_bioisostere.remove-O_415,O.O=C(O)COCCN1CCN(C(c2ccc(F)cc2)c2ccc(F)cc2)CC1,0,authentic,authentic,,,c1ccc(C(c2ccccc2)N2CCNCC2)cc1,train,408.44500000000016,1.9483,0.6752329126759818,29,47
subcategory_bioisostere.remove-O_912,CCO[C@H]1CC[C@@](CNC(=O)c2ccccc2OC)(c2ccccc2)CC1,1,bioisostere,remove-O,CNC(=O)O[C@H]1CC[C@@](CNC(=O)c2ccccc2OC)(c2ccccc2)CC1,0 1 3 4 5 6 7 8 9 10 11 12 13 14 15 16 17 18 19 20 21 22 23 24 25,O=C(NCC1(c2ccccc2)CCCCC1)c1ccccc1,train,367.48900000000015,4.342100000000004,0.7917174678776997,27,48
subcategory_bioisostere.remove-O_1221,CN(C)CCN(C)Cc1ccc(C(=O)c2ccccc2)cc1,1,bioisostere,remove-O,COc1ccc(C(=O)c2ccc(CN(C)CCN(C)C)cc2)cc1OC,0 1 2 3 4 5 6 7 8 9 10 11 13 14 15 16 17 18 19 20 21,O=C(c1ccccc1)c1ccccc1,train,296.41400000000004,2.9110000000000014,0.7340585130603706,22,35
subcategory_bioisostere.remove-O_1288,COc1ccc(S(=O)(=O)N(Cc2ccccc2C)[C@H](CCC(=O)N2CCN(C(=O)c3ccccc3)CC2)C(=O)NO)cc1,1,bioisostere,remove-O,COc1ccc(S(=O)(=O)N(Cc2ccc3c(c2)OCO3)[C@H](CCC(=O)N2CCN(C(=O)c3ccccc3)CC2)C(=O)NO)cc1,10 11 12 13 14 15 16 17,O=C(CCCN(Cc1ccc2c(c1)OCO2)S(=O)(=O)c1ccccc1)N1CCN(C(=O)c2ccccc2)CC1,test,608.7170000000004,2.8333200000000005,0.25240280357087197,43,78
subcategory_bioisostere.remove-O_1415,C=Cc1sc(-c2ccc(OCC(C)C)c(C#N)c2)nc1C,1,bioisostere,remove-O,Cc1nc(-c2ccc(OCC(C)C)c(C#N)c2)sc1C(=O)C(C)C,0 1 3 4 5 6 7 8 9 10 11 12 13 14 15 16 17 18 19,c1ccc(-c2nccs2)cc1,train,298.411,4.668000000000004,0.805591129055842,21,36
subcategory_bioisostere.remove-O_1520,C=CN1C(c2ccccc2)=NN=C(c2ccccc2)N1C(=O)OC,1,bioisostere,remove-O,COC(=O)N1C(c2ccccc2)=NN=C(c2ccccc2)N1C(=O)OC,2,c1ccc(C2=NN=C(c3ccccc3)NN2)cc1,train,320.3520000000001,3.2375000000000016,0.8721449218173404,24,40
subcategory_bioisostere.remove-O_1046,O=C(/C=C/c1ccc(Cl)cc1Cl)c1ccccc1,1,bioisostere,remove-O,O=C(/C=C/c1ccc(Cl)cc1Cl)c1ccc(O)cc1,1 12 13 14 15 16 17,O=C(/C=C/c1ccccc1)c1ccccc1,test,277.15,4.889500000000003,0.5763216334667347,18,32
subcategory_bioisostere.remove-O_14,NCCOCn1cnc2c(N)nc(N)nc21,0,authentic,authentic,,,c1ncc2nc[nH]c2n1,train,223.23999999999998,-1.0764999999999996,0.5617598832957372,16,24
subcategory_bioisostere.remove-O_687,Clc1cccc(CN2CCN(CCCc3ccccc3)CC2)c1.O=C(O)C(=O)O,0,authentic,authentic,,,c1ccc(CCCN2CCN(Cc3ccccc3)CC2)cc1,train,418.92100000000016,3.2460000000000004,0.7007218287801039,29,47
subcategory_bioisostere.remove-O_263,CCCC/C=C(/C)c1ccccc1OCc1cccc(C(=O)OC)c1,0,authentic,authentic,,,c1ccc(COc2ccccc2)cc1,train,338.4470000000001,5.645700000000005,0.4609945196326105,25,39
subcategory_bioisostere.remove-O_663,CN(C)CCC[C@@]1(c2ccc(F)cc2)OCc2cc(C#N)ccc21.O=C(O)/C=C\C(=O)O,0,authentic,authentic,,,c1ccc(C2OCc3ccccc32)cc1,train,440.4710000000002,3.5247800000000016,0.6338413335944622,32,61
subcategory_bioisostere.remove-O_469,COc1ccc(NS(=O)(=O)c2cccc3c(N(C)C)cccc23)nn1,0,authentic,authentic,,,O=S(=O)(Nc1cccnn1)c1cccc2ccccc12,train,358.42300000000006,2.5052000000000003,0.7543170443892979,25,43
subcategory_bioisostere.remove-O_878,CN(C)C(=O)c1ccc(N2CCc3c(C(F)(F)F)nn(-c4ccccc4)c3C2=O)cc1,1,bioisostere,remove-O,COc1ccc(-n2nc(C(F)(F)F)c3c2C(=O)N(c2ccc(C(=O)N(C)C)cc2)CC3)c(C(N)=O)c1,0 1 2 3 4 5 6 7 8 9 10 11 12 13 14 15 16 17 18 20 21 22 23 24 25 26 27 28 29 30,O=C1c2c(cnn2-c2ccccc2)CCN1c1ccccc1,train,428.41400000000004,3.7958000000000025,0.6378592261940474,31,56
subcategory_bioisostere.remove-O_718,CN=C(NC)c1ncn(C2OC(CO)C(O)C2O)n1,0,authentic,authentic,,,c1ncn(C2CCCO2)n1,train,271.277,-2.5145999999999984,0.35312119359377137,19,32
subcategory_bioisostere.remove-O_1485,CC(C)OCC[C@H]1C[C@@H](O)[C@]2(O)[C@@H]3CC[C@H]4C[C@H]5O[C@@H]6O[C@H](C)C[C@@H](O)[C@]6(O)O[C@@H]5C[C@]4(C)[C@H]3CC[C@]12C,1,bioisostere,remove-O,C[C@@H]1C[C@@H](O)[C@]2(O)O[C@@H]3C[C@@]4(C)[C@@H](CC[C@@H]5[C@@H]4CC[C@]4(C)[C@@H](C6=CC(=O)OC6)C[C@@H](O)[C@]54O)C[C@H]3O[C@@H]2O1,0 1 2 3,O=C1C=C([C@H]2CCC3C2CC[C@@H]2C4C[C@H]5OC6CCCO[C@H]6O[C@@H]5C[C@@H]4CC[C@@H]32)CO1,train,538.7220000000003,3.1244000000000014,0.40354393664463223,38,121
subcategory_bioisostere.remove-O_197,Cc1ccc(Nc2cc3c(cc2Nc2ccc(C)cc2)C(=O)NC3=O)cc1,0,authentic,authentic,,,O=C1NC(=O)c2cc(Nc3ccccc3)c(Nc3ccccc3)cc21,train,357.4130000000001,4.674240000000003,0.5933575010046753,27,45
subcategory_bioisostere.remove-O_279,CN(C)CCCC1(c2ccc(F)cc2)OCc2c(-c3ccccc3)cccc21,0,authentic,authentic,,,c1ccc(-c2cccc3c2COC3c2ccccc2)cc1,test,375.487,5.608300000000005,0.5552967797765422,28,45
subcategory_bioisostere.remove-O_1350,CCCC(O)/C=C/c1c(-c2ccc(F)cc2)c2c3ccccc3ccn2c1CC,1,bioisostere,remove-O,CCc1c(/C=C/C(O)CC(=O)CC(=O)O)c(-c2ccc(F)cc2)c2c3ccccc3ccn12,0 1 3 4 5 6 7 8 9 10 11 12 13 14 15 16 17 18 19 20 21 22 23 24 25 26 27 28,c1ccc(-c2ccn3ccc4ccccc4c23)cc1,val,387.4980000000001,6.635200000000006,0.3942034580311136,29,47
subcategory_bioisostere.remove-O_1318,C=CN(CC(C)(F)F)c1ccc(NC[C@@H](O)CNC(=O)c2ccc(Cl)s2)cc1,1,bioisostere,remove-O,O=C(NC[C@H](O)CNc1ccc(N2CC(F)(F)CCC2=O)cc1)c1ccc(Cl)s1,0 1 3 4 5 6 7 8 9 10 11 12 13 14 15 16 17 18 19 20 21 22 23 24 25 26,O=C(NCCCNc1ccc(N2CCCCC2=O)cc1)c1cccs1,train,429.9200000000001,4.209400000000002,0.529067719846132,28,54
subcategory_bioisostere.remove-O_939,C[C@@H](CC[C@H]1C(=O)N(c2ccc(F)cc2)[C@@H]1c1ccccc1)c1ccc(F)cc1,1,bioisostere,remove-O,CCCCOc1ccc([C@@H]2[C@@H](CC[C@H](C)c3ccc(F)cc3)C(=O)N2c2ccc(F)cc2)cc1,0 1 2 3 4 5 6 7 8 9 10 11 12 13 14 16 17 18 19 20 21 22 23 24 25 26 27 28,O=C1[C@H](CCCc2ccccc2)[C@@H](c2ccccc2)N1c1ccccc1,train,391.46100000000007,6.252800000000005,0.45471481942990305,29,62
subcategory_bioisostere.remove-O_505,C1=C(c2ccc(-c3ccccc3)cc2)N2CCCN=C2c2ccccc21,0,authentic,authentic,,,C1=C(c2ccc(-c3ccccc3)cc2)N2CCCN=C2c2ccccc21,val,336.43800000000005,5.317600000000005,0.6184195826078477,26,43
subcategory_bioisostere.remove-O_1082,CC(C)NC(CNC(=O)c1ccc(-c2ccccc2S(N)(=O)=O)cc1)C(=O)Nc1ccc(Br)cn1,1,bioisostere,remove-O,CCCCOC(=O)NC(CNC(=O)c1ccc(-c2ccccc2S(N)(=O)=O)cc1)C(=O)Nc1ccc(Br)cn1,0 1 2 3,O=C(CCNC(=O)c1ccc(-c2ccccc2)cc1)Nc1ccccn1,val,560.474,2.8936,0.31707333326408976,35,63
subcategory_bioisostere.remove-O_1089,C=CNc1ccc2c(c1)C(c1ccccc1Cl)=NCC(=O)N2,1,bioisostere,remove-O,CC(=O)Nc1ccc2c(c1)C(c1ccccc1Cl)=NCC(=O)N2,0 1 3 4 5 6 7 8 9 10 11 12 13 14 15 16 17 18 19 20 21,O=C1CN=C(c2ccccc2)c2ccccc2N1,train,311.77200000000005,3.6849000000000016,0.9081074722706741,22,38
subcategory_bioisostere.remove-O_656,O=C(c1ccc([N+](=O)[O-])cc1)N1CCC(CN2CCC(c3noc4cc(F)ccc34)CC2)CC1,0,authentic,authentic,,,O=C(c1ccccc1)N1CCC(CN2CCC(c3noc4ccccc34)CC2)CC1,train,466.5130000000003,4.606900000000004,0.4028538888559612,34,64
subcategory_bioisostere.remove-O_465,Cn1c(=O)c2c(c3ccccc31)OC(C(C)(C)O)C2,0,authentic,authentic,,,O=c1[nH]c2ccccc2c2c1CCO2,train,259.305,1.6128999999999998,0.8462313925339523,19,36
subcategory_bioisostere.remove-O_291,CCN(CC)S(=O)(=O)c1ccc([C@H](C)NC(=O)c2cc(F)ccc2OC)cc1,0,authentic,authentic,,,O=C(NCc1ccccc1)c1ccccc1,train,408.4950000000002,3.355800000000002,0.7267939181618124,28,53
subcategory_bioisostere.remove-O_343,CO[C@@]12CC[C@@]3(C[C@@H]1[C@](C)(O)C(C)(C)C)[C@H]1Cc4ccc(O)c5c4[C@@]3(CCN1CC1CC1)[C@H]2O5.Cl,0,authentic,authentic,,,c1cc2c3c(c1)O[C@H]1C4CCC5(CC4)[C@@H](C2)N(CC2CC2)CC[C@]315,train,504.1110000000003,4.835600000000006,0.6155185462167762,35,93
subcategory_bioisostere.remove-O_1308,COc1c(CO)c2c(c(OC)c1OC)-c1ccc(OC)c(=O)cc1[C@@H](NC(C)C)CC2,1,bioisostere,remove-O,COc1c(CO)c2c(c(OC)c1OC)-c1ccc(OC)c(=O)cc1[C@@H](NC(C)=O)CC2,0 1 2 3 4 5 6 7 8 9 10 11 12 13 14 15 16 17 18 19 20 21 22 23 24 26 27 28 29,O=c1cccc2c(c1)CCCc1ccccc1-2,train,429.5130000000002,3.2258000000000013,0.6988432763109959,31,58
subcategory_bioisostere.remove-O_617,O=C(NC[C@@H]1OC(=O)N2c3ccc(N4CCOCC4=O)cc3SC[C@@H]12)c1ccc(Cl)s1,0,authentic,authentic,,,O=C(NC[C@@H]1OC(=O)N2c3ccc(N4CCOCC4=O)cc3SC[C@@H]12)c1cccs1,train,479.9670000000001,2.994200000000002,0.7249205808212532,31,63
subcategory_bioisostere.remove-O_1205,OC1(C(F)(F)F)CCN(CCCc2ccccc2)CC1,1,bioisostere,remove-O,COc1cccc(CCCN2CCC(O)(C(F)(F)F)CC2)c1,0 1 2 3 4 5 6 7 8 9 10 12 13 14 15 16 17 18 19,c1ccc(CCCN2CCCCC2)cc1,train,287.32500000000005,3.0084000000000017,0.9199254744600674,20,32
subcategory_bioisostere.remove-O_774,S=C=Nc1cc(-c2ncon2)ccc1Cl,0,authentic,authentic,,,c1ccc(-c2ncon2)cc1,train,237.67100000000002,3.1243000000000007,0.594863645388911,15,25
subcategory_bioisostere.remove-O_9,COc1ccc(-n2nc(C(F)(F)F)c3c2C(=O)N(CCCCCN(C)C)CC3)cc1,0,authentic,authentic,,,O=C1NCCc2cnn(-c3ccccc3)c21,train,424.4670000000003,3.629900000000003,0.60760587629933,30,52
subcategory_bioisostere.remove-O_1187,CC(C)NCCc1c2n(c3ccccc13)CCCc1ccccc1-2,1,bioisostere,remove-O,CCCC(=O)NCCc1c2n(c3ccccc13)CCCc1ccccc1-2,0 1 2 4 5 6 7 8 9 10 11 12 13 14 15 16 17 18 19 20 21 22 23,c1ccc2c(c1)CCCn1c-2cc2ccccc21,test,318.464,4.795000000000004,0.7312833579482662,24,37
subcategory_bioisostere.remove-O_296,C[C@@H]1O[C@H](O[C@H]2CC[C@@]3(C)[C@H](CC[C@@H]4[C@@H]3CC[C@]3(C)[C@@H](C5=CC(=O)OC5)CC[C@]43O)C2)C[C@@H](O)[C@H]1O,0,authentic,authentic,,,O=C1C=C([C@H]2CCC3C2CC[C@@H]2C4CC[C@H](O[C@@H]5CCCCO5)C[C@H]4CC[C@@H]32)CO1,train,504.6640000000003,3.4853000000000027,0.3991419426867758,36,115
subcategory_bioisostere.remove-O_190,COc1ccc2c(c1)[C@@H](NC(C)=O)CCc1cc(OC)c(OC)c(OC)c1-2,0,authentic,authentic,,,c1ccc2c(c1)CCCc1ccccc1-2,train,371.43300000000016,3.511400000000002,0.8712297616636311,27,52
subcategory_bioisostere.remove-O_1445,Cc1cccc(OC[C@@H]2CNCC[C@@H]2c2ccc(F)cc2)c1,1,bioisostere,remove-O,COc1cc(OC[C@@H]2CNCC[C@@H]2c2ccc(F)cc2)ccc1O,0 1 2 3 4 5 7 8 9 10 11 12 13 14 15 16 17 18 19 20,c1ccc(OC[C@@H]2CNCC[C@@H]2c2ccccc2)cc1,train,299.389,3.906220000000003,0.9240574583750196,22,42
subcategory_bioisostere.remove-O_406,C[S+]([O-])c1ccc(-c2nc(-c3ccc(F)cc3)c(-c3ccncc3)[nH]2)cc1,0,authentic,authentic,,,c1ccc(-c2nc(-c3ccccc3)c(-c3ccncc3)[nH]2)cc1,train,377.444,4.6822000000000035,0.5251964041458315,27,57
subcategory_bioisostere.remove-O_1388,C=CNc1ccc(C(=O)NC(C)c2ccccc2)cc1,1,bioisostere,remove-O,CCOC(=O)Nc1ccc(C(=O)NC(C)c2ccccc2)cc1,0 1 3 4 5 6 7 8 9 10 11 12 13 14 15 16 17 18,O=C(NCc1ccccc1)c1ccccc1,train,266.344,3.7330000000000023,0.8653552291273428,20,32
subcategory_bioisostere.remove-O_1547,O=C1C(CC[C@H](O)c2ccc(F)cc2)C(c2ccccc2)N1c1ccc(F)cc1,1,bioisostere,remove-O,O=C(O)COc1ccc(C2C(CC[C@H](O)c3ccc(F)cc3)C(=O)N2c2ccc(F)cc2)cc1,,O=C1C(CCCc2ccccc2)C(c2ccccc2)N1c1ccccc1,train,393.43300000000005,5.182700000000004,0.5862406209876542,29,52
subcategory_bioisostere.remove-O_427,COc1cccc(OC)c1OC(=O)C(CCSC)N1CCCCCC1,0,authentic,authentic,,,O=C(CN1CCCCCC1)Oc1ccccc1,train,367.51100000000025,3.606900000000002,0.516716747523352,25,36
subcategory_bioisostere.remove-O_1107,O=C(O)C(=O)Nc1nc(-c2ccccc2)cs1,1,bioisostere,remove-O,CCOc1ccc(-c2csc(NC(=O)C(=O)O)n2)cc1.NCCO,8 9 10 11 12 13 14,c1ccc(-c2cscn2)cc1,train,248.26300000000003,1.8332,0.7945469522280224,17,30
subcategory_bioisostere.remove-O_1496,CCN(C1CC1)[C@@H](CNC(=O)c1ccc(Cl)s1)C(=O)Nc1ccc(NC)c(F)c1,1,bioisostere,remove-O,CCN(C1CC1)[C@@H](CNC(=O)c1ccc(Cl)s1)C(=O)Nc1ccc(N2CCOCC2=O)c(F)c1,0 1 2 3 4 5 6 7 8 9 10 11 12 13 14 15 16 17 18 19 20 21 22 24 25 26 27,O=C(NC[C@H](NC1CC1)C(=O)Nc1ccc(N2CCOCC2=O)cc1)c1cccs1,train,438.95600000000013,3.803700000000001,0.5563642524188568,29,57
subcategory_bioisostere.remove-O_547,COc1ccc(S(=O)(=O)N2CCCC2CNC(=O)c2cccc(Cl)c2)cc1,0,authentic,authentic,,,O=C(NCC1CCCN1S(=O)(=O)c1ccccc1)c1ccccc1,train,408.90700000000004,2.931700000000001,0.7968762550291667,27,47
subcategory_bioisostere.remove-O_237,Cc1ccc(C)n1N(C)c1ccc(N2CCOCC2)nn1,0,authentic,authentic,,,c1ccn(Nc2ccc(N3CCOCC3)nn2)c1,val,287.367,1.6310399999999998,0.8584358087496107,21,33
subcategory_bioisostere.remove-O_875,CC[C@H](c1ccc(O)cc1)[C@@H](CF)c1ccccc1,1,bioisostere,remove-O,CC[C@H](c1ccc(O)cc1)[C@@H](CF)c1ccc(O)cc1,0 1 2 3 4 5 6 7 8 9 11 12 13 14 15 16 17,c1ccc(CCc2ccccc2)cc1,train,258.33599999999996,4.6391000000000036,0.8279983881575951,19,38
subcategory_bioisostere.remove-O_667,c1ccc(Cc2ccc(OCCn3cnc4ncnc-4c3)cc2)cc1,0,authentic,authentic,,,c1ccc(Cc2ccc(OCCn3cnc4ncnc-4c3)cc2)cc1,train,330.391,3.447700000000002,0.5432579925145782,25,38
subcategory_bioisostere.remove-O_91,CNc1ncnnc1-c1cc(Cl)ccc1F,0,authentic,authentic,,,c1ccc(-c2cncnn2)cc1,train,238.653,2.3728000000000007,0.8728224116647834,16,24
subcategory_bioisostere.remove-O_60,CNCCCCOc1ccccc1/C=C/c1ccccc1,0,authentic,authentic,,,C(=C\c1ccccc1)/c1ccccc1,train,281.399,4.235400000000004,0.5771359203740146,21,28
subcategory_bioisostere.remove-O_1497,Cc1cccc(-n2nc(C(F)(F)F)c3c2C(=O)N(c2ccc(C4CC4)cc2)CC3)c1,1,bioisostere,remove-O,COc1ccc(-n2nc(C(F)(F)F)c3c2C(=O)N(c2ccc(C4CC4)cc2)CC3)cc1,0 1 2 3 4 5 6 29,O=C1c2c(cnn2-c2ccccc2)CCN1c1ccc(C2CC2)cc1,train,411.4270000000002,5.279820000000004,0.588197102752295,30,56
subcategory_bioisostere.remove-O_1341,Cc1nc(-c2ccc3c(c2)CC2(CCCC2)O3)sc1C(C)C,1,bioisostere,remove-O,CCOC(=O)c1sc(-c2ccc3c(c2)CC2(CCCC2)O3)nc1C,0 1 2 3 4 5 6 7 8 9 10 11 12 13 14 15 16 17 19 20,c1csc(-c2ccc3c(c2)CC2(CCCC2)O3)n1,train,313.46599999999995,5.489620000000004,0.7311213651460785,22,39
subcategory_bioisostere.remove-O_1473,CCC1Oc2ccccc2-n2cc(C(C)(C)C)nc21,1,bioisostere,remove-O,CCC1Oc2ccccc2-n2cc(C(=O)O)nc21,0 1 2 3 4 5 6 7 8 9 10 11 13 14 15 16 17,c1ccc2c(c1)OCc1nccn1-2,train,256.349,4.013300000000003,0.7703894646102133,19,32
subcategory_bioisostere.remove-O_748,CCc1ccc(C2Nc3cc(Cl)c(S(N)(=O)=O)cc3S(=O)(=O)N2)cc1,0,authentic,authentic,,,O=S1(=O)NC(c2ccccc2)Nc2ccccc21,train,401.89700000000005,1.9524,0.7258944275053789,25,50
subcategory_bioisostere.remove-O_204,CCCCCOc1ccc2c3c1OC1C(O)C=CC4C(C2)N(C)CCC341,0,authentic,authentic,,,C1=CC2C3Cc4cccc5c4C2(CCN3)C(C1)O5,val,355.4780000000002,3.0615000000000014,0.651089733914933,26,43
subcategory_bioisostere.remove-O_666,CC(=O)O.N#Cc1ccc(C(c2ccc(C#N)cc2)n2cncn2)cc1,0,authentic,authentic,,,c1ccc(C(c2ccccc2)n2cncn2)cc1,train,345.362,2.7500600000000013,0.780057331203688,26,44
subcategory_bioisostere.remove-O_1270,c1ccc(COC2CCNCC2)cc1,1,bioisostere,remove-O,COc1ccc(COC2CCNCC2)cc1F.Cl,0 1 2 3 4 12 13,c1ccc(COC2CCNCC2)cc1,train,191.27399999999997,1.9552,0.7881944165743665,14,20
subcategory_bioisostere.remove-O_487,C(=NNc1nncc2ccccc12)c1ccccc1,0,authentic,authentic,,,C(=NNc1nncc2ccccc12)c1ccccc1,train,248.28900000000002,3.075800000000001,0.5721246333472473,19,28
subcategory_bioisostere.remove-O_668,NCCc1ncn(Cc2ccccc2)c1Cc1ccccc1,0,authentic,authentic,,,c1ccc(Cc2cncn2Cc2ccccc2)cc1,train,291.398,3.0234000000000005,0.7584171560634826,22,30
subcategory_bioisostere.remove-O_416,C=CCCCCCCCCC(=O)CC(=O)N[C@H]1CCOC1=O,0,authentic,authentic,,,O=C1CCCO1,train,309.40600000000006,2.684100000000001,0.2602720058532801,22,36
subcategory_bioisostere.remove-O_1054,CCCC(=O)CC(O)C=Cc1c(-c2ccc(F)cc2)nn2c(CC)ccc2c1C(C)C,1,bioisostere,remove-O,CCc1ccc2c(C(C)C)c(C=CC(O)CC(=O)CC(=O)O)c(-c3ccc(F)cc3)nn12,0 1 3 4 5 6 7 8 9 10 11 12 13 14 15 16 17 18 19 20 21 22 23 24 25 26 27 28 29 30,c1ccc(-c2ccc3cccn3n2)cc1,train,422.54400000000015,5.959600000000005,0.4628563617598624,31,52
subcategory_bioisostere.remove-O_917,O=C(CSc1nc2ccncc2[nH]1)Nc1ccccc1,1,bioisostere,remove-O,COc1ccc(NC(=O)CSc2nc3ccncc3[nH]2)cc1,0 1 2 3 4 5 6 7 8 9 10 11 12 14 15 16 17 18,O=C(CSc1nc2ccncc2[nH]1)Nc1ccccc1,train,284.34400000000005,2.6887000000000008,0.7225987502523017,20,32
subcategory_bioisostere.remove-O_5,COc1cc(OC)cc(N(C)Cc2cnc3nc(N)nc(N)c3c2C)c1,0,authentic,authentic,,,c1ccc(NCc2cnc3ncncc3c2)cc1,train,354.4140000000001,2.1512200000000004,0.7165435365627488,26,42
subcategory_bioisostere.remove-O_733,CC1(C)N=C(N)N=C(N)N1c1cccc(C(F)(F)F)c1,0,authentic,authentic,,,C1=NC=NCN1c1ccccc1,train,285.273,1.8909,0.8265333986738292,20,38
subcategory_bioisostere.remove-O_1423,c1ccc(-c2c(-c3ccccn3)nc3n2CCC3)cc1,1,bioisostere,remove-O,COc1ccc(-c2c(-c3ccccn3)nc3n2CCC3)cc1,0 1 2 3 5 6 7 8 9 10 11 12 13 14 15 16 17 18,c1ccc(-c2c(-c3ccccn3)nc3n2CCC3)cc1,train,261.3279999999999,3.558300000000002,0.7058759043746902,20,34
subcategory_bioisostere.remove-O_1484,Cc1cccc(-n2nc(C(F)(F)F)c3c2C(=O)N(c2ccc(C4(C5=NCCO5)CC4)cc2)CC3)c1,1,bioisostere,remove-O,COc1ccc(-n2nc(C(F)(F)F)c3c2C(=O)N(c2ccc(C4(C5=NCCO5)CC4)cc2)CC3)cc1,0 1 2 3 4 5 7 8 9 10 11 12 13 14 15 16 17 18 19 20 21 22 23 24 25 26 27 28 29 30 31 32 33,O=C1c2c(cnn2-c2ccccc2)CCN1c1ccc(C2(C3=NCCO3)CC2)cc1,train,480.49000000000035,4.862720000000005,0.535877818194596,35,66
subcategory_bioisostere.remove-O_1145,CC(C)c1cnc2n(c1=O)C(C)CC=C2Nc1ccccc1,1,bioisostere,remove-O,CC1CC=C(Nc2ccccc2)c2ncc(C(=O)O)c(=O)n21,0 1 2 4 5 6 7 8 9 10 11 12 13 14 15 16 17 18 19 20 21,O=c1ccnc2n1CCC=C2Nc1ccccc1,train,295.386,3.7844000000000024,0.9369418905637493,22,36
subcategory_bioisostere.remove-O_338,c1ccc2c(c1)c(C1=NCC3(CN4CCC3CC4)O1)cn2CC1CC1,0,authentic,authentic,,,c1ccc2c(c1)c(C1=NCC3(CN4CCC3CC4)O1)cn2CC1CC1,train,335.451,3.292500000000002,0.861360879026819,25,44
subcategory_bioisostere.remove-O_423,CCn1c(-c2ccccc2)c(CCNC(C)=O)c2ccccc21,0,authentic,authentic,,,c1ccc(-c2cc3ccccc3[nH]2)cc1,train,306.409,4.006800000000003,0.759114816189066,23,37
subcategory_bioisostere.remove-O_102,Cc1[nH]c(/C=C2\C(=O)Nc3ccc(C(=O)N[C@H](C)Cc4ccc(F)cc4)cc32)c(C)c1NC(=O)CCl,0,authentic,authentic,,,O=C1Nc2ccc(C(=O)NCCc3ccccc3)cc2/C1=C/c1ccc[nH]1,train,508.9810000000002,4.8016400000000035,0.27204322976597445,36,74
subcategory_bioisostere.remove-O_1091,Cc1ccccc1-n1nc(C(F)(F)F)c2c1C(=O)N(c1ccc(C3=NCCN3C)cc1)CC2,1,bioisostere,remove-O,COc1ccc(-n2nc(C(F)(F)F)c3c2C(=O)N(c2ccc(C4=NCCN4C)cc2)CC3)cc1,0 1 2 3 4 5 6 8 9 10 11 12 13 14 15 16 17 18 19 20 21 22 23 24 25 26 27 28 29 30 31 32,O=C1c2c(cnn2-c2ccccc2)CCN1c1ccc(C2=NCCN2)cc1,train,453.46800000000025,4.094420000000004,0.6003397868135791,33,58
subcategory_bioisostere.remove-O_238,COc1ccc(/C=C2\CCCCC(CN(C)C)C2(O)c2ccc(F)c(C)c2)cc1,0,authentic,authentic,,,C(=C1/CCCCCC1c1ccccc1)/c1ccccc1,train,397.53400000000005,5.165720000000006,0.7070780730298064,29,50
subcategory_bioisostere.remove-O_653,CC12CCC3C(CCC4(O)CC(O)CCC34CO)C1(O)CCC2C1=CC(=O)OC1,0,authentic,authentic,,,O=C1C=C(C2CCC3C2CCC2C4CCCCC4CCC23)CO1,test,406.51900000000023,1.6916,0.5201122839441666,29,51
subcategory_bioisostere.remove-O_231,O=S1NC(Cc2cccc(C(F)(F)F)c2)=NO1,0,authentic,authentic,,,O=S1NC(Cc2ccccc2)=NO1,test,264.22799999999995,1.7598999999999998,0.8844795610768577,17,31
subcategory_bioisostere.remove-O_543,COc1cccc2c1CCC[C@H]2CN(C)CCc1ccc2ncoc2c1,0,authentic,authentic,,,c1ccc2c(c1)CCC[C@H]2CNCCc1ccc2ncoc2c1,train,350.462,4.430800000000004,0.6590762218045683,26,40
subcategory_bioisostere.remove-O_1427,CCCCCOc1cc(-n2nc(C(N)=O)c3c2C(=O)N(c2ccc(N(CCC)CCCC)cc2)CC3)ccc1C(F)(F)F,1,bioisostere,remove-O,CCCCCOc1cc(-n2nc(C(N)=O)c3c2C(=O)N(c2ccc(N4CCCCC4=O)cc2)CC3)ccc1C(F)(F)F,24 28 29 30 31,O=C1CCCCN1c1ccc(N2CCc3cnn(-c4ccccc4)c3C2=O)cc1,train,599.6980000000005,6.7784000000000075,0.2063424757125797,43,72
subcategory_bioisostere.remove-O_1442,CC(Cc1ccccc1)NCC(O)c1cccc(C(F)(F)F)c1,1,bioisostere,remove-O,C#CCOc1ccc(CC(C)NCC(O)c2cccc(C(F)(F)F)c2)cc1,0 1 3 4 5 6 7 8 9 10 11 12 13 14 15 16 17 18 19 20 21 22,c1ccc(CCNCCc2ccccc2)cc1,train,323.35799999999995,3.9596000000000027,0.843239830225911,23,37
subcategory_bioisostere.remove-O_825,CCN[C@H]1CCc2cc(OC)c3c(c2-c2ccc(O)c(=O)cc21)OCO3,1,bioisostere,remove-O,COc1cc2c(c3c1OCO3)-c1ccc(O)c(=O)cc1[C@@H](NC(C)=O)CC2,0 1 2 4 5 6 7 8 9 10 11 12 13 14 15 16 17 18 19 20 21 22 23 24 25,O=c1cccc2c(c1)CCCc1ccc3c(c1-2)OCO3,train,355.39000000000016,2.7535000000000007,0.881633675350957,26,48
subcategory_bioisostere.remove-O_1588,COc1cccc2c1C(CN(C)CCc1ccccc1)CCC2,1,bioisostere,remove-O,COc1cccc2c1C(CN(C)CCc1ccc3c(c1)OCO3)CCC2,0 1 2 3 4 5 6 7 8 9 10 11 12 14 15 16 17 18 19 20 21 22,c1ccc2c(c1)CCCC2CNCCc1ccc2c(c1)OCO2,train,309.4530000000001,4.289600000000004,0.7890564493642993,23,33
subcategory_bioisostere.remove-O_1212,CNc1ccc(NC(=O)[C@@H](CNC(=O)c2ccc(Cl)s2)NC(C)=O)cc1F,1,bioisostere,remove-O,CC(=O)N[C@H](CNC(=O)c1ccc(Cl)s1)C(=O)Nc1ccc(N2CCOCC2=O)c(F)c1,0 1 3 4 5 6 7 8 9 10 11 12 13 14 15 16 17 18 19 20 21 22 23 24 25,O=C(CCNC(=O)c1cccs1)Nc1ccc(N2CCOCC2=O)cc1,train,412.8740000000001,2.4555,0.5609695261397324,27,52
subcategory_bioisostere.remove-O_986,CC[C@@H](C(=O)NC(C)C)N1CCCC1=O,1,bioisostere,remove-O,CCCCCC(=O)NC(=O)[C@H](CC)N1CCCC1=O,0 1 2 3 4 6 7 8 9 10 11 12 13 14,O=C1CCCN1,train,212.29299999999992,0.9119999999999999,0.752773739454491,15,30
subcategory_bioisostere.remove-O_111,C[C@]12CC[C@@H]3c4ccc(O)cc4CC[C@H]3[C@@H]1CC[C@@]2(O)C#CCCCCC#Cc1cn([C@@H]2O[C@H](CO)[C@@H](O)[C@H]2O)c(=O)[nH]c1=O,0,authentic,authentic,,,O=c1[nH]c(=O)n([C@H]2CCCO2)cc1C#CCCCCC#CC1CC[C@@H]2C1CC[C@@H]1c3ccccc3CC[C@H]12,train,618.7270000000004,2.0563999999999987,0.21898334636181696,45,115
subcategory_bioisostere.remove-O_1543,CCCC(C)n1c(CC)nc2c(-c3cccc(C)c3)ccnc21,1,bioisostere,remove-O,CCCC(C)n1c(CC)nc2c(-c3ccc(OC)cc3C)ccnc21,0 1 2 3 4 5 6 7 8 9 10 12 13 14 15 16 17 18 19 20 21 22,c1ccc(-c2ccnc3[nH]cnc23)cc1,train,307.44100000000003,5.330220000000005,0.6375247868111917,23,38
subcategory_bioisostere.remove-O_278,CCOc1ccc2[nH]c(C(=O)c3cc4ccccc4[nH]3)cc2c1,0,authentic,authentic,,,O=C(c1cc2ccccc2[nH]1)c1cc2ccccc2[nH]1,train,304.349,4.278900000000002,0.552858381018467,23,42
subcategory_bioisostere.remove-O_712,CN(CCn1cnc2nc(N)[nH]c(=O)c21)N=O,0,authentic,authentic,,,O=c1[nH]cnc2nc[nH]c12,train,237.22299999999998,-0.6849999999999992,0.5359254621831908,17,32
subcategory_bioisostere.remove-O_927,CCCN(c1ccc(N2CCc3c(C(=O)OCC)nn(-c4ccc5c(c4F)CCO5)c3C2=O)cc1)C(C)C,1,bioisostere,remove-O,CCOC(=O)c1nn(-c2ccc3c(c2F)CCO3)c2c1CCN(c1ccc(N3CCCCC3=O)cc1)C2=O,3 35 36 37,O=C1CCCCN1c1ccc(N2CCc3cnn(-c4ccc5c(c4)CCO5)c3C2=O)cc1,train,520.6050000000002,4.950700000000005,0.391380824145236,38,65
subcategory_bioisostere.remove-O_1203,CCCCc1oc2ccccc2c1C(=O)c1ccc(OCCN)cc1,1,bioisostere,remove-O,CCCCc1oc2ccccc2c1C(=O)c1ccc(OCC(N)=O)cc1,0 1 2 3 4 5 6 7 8 9 10 11 12 13 14 15 16 17 18 20 21 22 23,O=C(c1ccccc1)c1coc2ccccc12,train,337.4190000000001,4.343900000000003,0.6208724701578225,25,36
subcategory_bioisostere.remove-O_551,NC(=O)c1nc(Cc2cccc(C(=O)NCc3ccc(S(N)(=O)=O)cc3)c2)cnc1N,0,authentic,authentic,,,O=C(NCc1ccccc1)c1cccc(Cc2cnccn2)c1,test,440.4850000000002,0.3259000000000011,0.4074462528793112,31,55
subcategory_bioisostere.remove-O_206,CCC(=O)C1C(c2ccc(-c3ccccc3)cc2)CC2CCC1N2C,0,authentic,authentic,,,c1ccc(-c2ccc(C3CC4CCC(C3)N4)cc2)cc1,train,333.4750000000001,4.8990000000000045,0.7930475608533951,25,41
subcategory_bioisostere.remove-O_219,Cc1cccc(-c2nccc3nc(N)nn23)c1,0,authentic,authentic,,,c1ccc(-c2nccc3ncnn23)cc1,train,225.25500000000002,1.6819199999999994,0.6837274348829221,17,28
subcategory_bioisostere.remove-O_490,O=S(=O)([O-])[O-].OCCOCCN1CCN(C2=Nc3ccccc3Sc3ccccc32)CC1,0,authentic,authentic,,,c1ccc2c(c1)N=C(N1CCNCC1)c1ccccc1S2,train,479.58000000000015,1.5180000000000013,0.3853978015218625,32,56
subcategory_bioisostere.remove-O_1579,C=CN1CCC(=C2c3ccc(Cl)cc3CCc3ccc(O)nc32)CC1,1,bioisostere,remove-O,CC(=O)N1CCC(=C2c3ccc(Cl)cc3CCc3ccc(O)nc32)CC1,0 1 3 4 5 6 7 8 9 10 11 12 13 14 15 16 17 18 19 20 21 22 23,c1ccc2c(c1)CCc1cccnc1C2=C1CCNCC1,train,352.8650000000001,4.5804000000000045,0.815633750248371,25,42
subcategory_bioisostere.remove-O_844,Cc1nc(-c2ccccc2)sc1C(=O)OCCN1CCOCC1,1,bioisostere,remove-O,COc1ccc(-c2nc(C)c(C(=O)OCCN3CCOCC3)s2)cc1,0 1 2 4 5 6 7 8 9 10 11 12 13 14 15 16 17 18 19 20 21 22,O=C(OCCN1CCOCC1)c1cnc(-c2ccccc2)s1,test,332.4250000000001,2.607520000000001,0.78793851794492,23,35
subcategory_bioisostere.remove-O_452,COc1c(Cl)c(O)c(C=O)c(OC)c1Cl,0,authentic,authentic,,,c1ccccc1,train,251.06499999999997,2.5287000000000006,0.8383503233980807,15,28
subcategory_bioisostere.remove-O_354,Cc1cnc(C(=O)N(CCC(=O)NC(C)CCc2ccccc2)CCc2ccccc2)cn1,0,authentic,authentic,,,O=C(CCN(CCc1ccccc1)C(=O)c1cnccn1)NCCCc1ccccc1,val,444.5790000000001,3.9975200000000033,0.4851182924202608,33,51
subcategory_bioisostere.remove-O_1446,CCC(C)c1cc(CN(CCCN(C)C)CCNC[C@@H](O)[C@H](Cc2ccccc2)NC(=O)O[C@@H]2CCS(=O)(=O)[C@@H]2C(C)C)ccn1,1,bioisostere,remove-O,CCC(C)c1cc(CN2CCN(C[C@@H](O)[C@H](Cc3ccccc3)NC(=O)O[C@@H]3CCS(=O)(=O)[C@@H]3C(C)C)[C@H](C(=O)NC(C)(C)C)C2)ccn1,8 9 10 11 12 13 14,O=C(N[C@H](CCN1CCN(Cc2ccncc2)CC1)Cc1ccccc1)O[C@@H]1CCS(=O)(=O)C1,train,659.9380000000002,3.848500000000004,0.19309783353641424,46,94
subcategory_bioisostere.remove-O_1197,CCNC[C@H]1CN(c2ccc(C(=O)N3CCN(c4cc5c(cc4F)c(=O)c(C(=O)OCC)cn5CC)CC3)c(F)c2)C(=O)O1,1,bioisostere,remove-O,CCOC(=O)c1cn(CC)c2cc(N3CCN(C(=O)c4ccc(N5C[C@H](CNC(C)=O)OC5=O)cc4F)CC3)c(F)cc2c1=O,0 1 3 4 5 6 7 8 9 10 11 12 13 14 15 16 17 18 19 20 21 22 23 24 25 26 27 28 29 30 31 32 33 34 35 36 37 38 39 40 41 42,O=C(c1ccc(N2CCOC2=O)cc1)N1CCN(c2ccc3c(=O)cc[nH]c3c2)CC1,train,611.6460000000003,3.373400000000002,0.3668379547665492,44,82
subcategory_bioisostere.remove-O_1138,CCNCCCCNc1ccnc2cc(Cl)ccc12,1,bioisostere,remove-O,O=C(/C=C/c1ccc(Cl)cc1)NCCCCNc1ccnc2cc(Cl)ccc12,0 1 2,O=C(/C=C/c1ccccc1)NCCCCNc1ccnc2ccccc12,train,277.79900000000004,3.6898000000000017,0.7581077536431982,19,26
subcategory_bioisostere.remove-O_43,CN1CC(Cn2c3c(c4ccccc42)C(=O)NCC3)CC1=O,0,authentic,authentic,,,O=C1CC(Cn2c3c(c4ccccc42)C(=O)NCC3)CN1,train,297.35800000000006,1.4055,0.9108954971810045,22,38
subcategory_bioisostere.remove-O_990,Clc1ccc(CC(c2ccccc2)n2ccnc2)cc1,1,bioisostere,remove-O,COc1ccc(C(Cc2ccc(Cl)cc2)n2ccnc2)cc1,0 1 2 3 4 5 7 8 9 10 11 12 13 14 15 16 17 18 19,c1ccc(CC(c2ccccc2)n2ccnc2)cc1,train,282.77400000000006,4.368600000000003,0.6947355039634445,20,31
subcategory_bioisostere.remove-O_1456,C=C[C@@H](Cc1ccc2ccccc2c1)NC(=O)CCC(NC(=O)c1cc(Cl)cc(Cl)c1)C(=O)N1CCC2(CCCC2)CC1,1,bioisostere,remove-O,O=C(CCC(NC(=O)c1cc(Cl)cc(Cl)c1)C(=O)N1CCC2(CCCC2)CC1)N[C@H](Cc1ccc2ccccc2c1)C(=O)O,0 1 2,O=C(CCC(NC(=O)c1ccccc1)C(=O)N1CCC2(CCCC2)CC1)NCCc1ccc2ccccc2c1,train,620.6209999999996,7.121500000000007,0.2371072593069302,43,80
subcategory_bioisostere.remove-O_1009,Fc1ccc([C@H]2CCN(C3CCCC3)C[C@@H]2COc2ccccc2)cc1,1,bioisostere,remove-O,Fc1ccc([C@H]2CCN(C3CCCC3)C[C@@H]2COc2ccc3c(c2)OCO3)cc1,0 1 2 3 4 5 6 7 8 9 10 11 12 13 14 15 16 18 19 20 21 22 23 24 25,c1ccc([C@H]2CCN(C3CCCC3)C[C@@H]2COc2ccc3c(c2)OCO3)cc1,test,353.481,5.252800000000005,0.7275267028420528,26,47
subcategory_bioisostere.remove-O_1515,Cc1cccc(OC[C@H]2C[NH2+]CC[C@H]2c2ccc(F)cc2)c1,1,bioisostere,remove-O,Fc1ccc([C@@H]2CC[NH2+]C[C@@H]2COc2ccc3c(c2)OCO3)cc1,0 1 2 3 4 5 7 8 9 10 11 12 13 14 15 16 17 18 19 20,c1ccc([C@@H]2CC[NH2+]C[C@@H]2COc2ccc3c(c2)OCO3)cc1,val,300.397,2.880020000000001,0.9229010332106361,22,45
subcategory_bioisostere.remove-O_388,COC(=O)CN1CCN(Cc2ccccc2-c2ccc(Cl)cc2)CC1,0,authentic,authentic,,,c1ccc(-c2ccccc2CN2CCNCC2)cc1,train,358.86900000000014,3.297600000000002,0.767701987931538,25,40
subcategory_bioisostere.remove-O_556,Cc1ccc2c3c(sc2c1)C(O)=C(C(=O)Nc1ncc(C)s1)N(C)S3(=O)=O,0,authentic,authentic,,,O=C(Nc1nccs1)C1=Cc2sc3ccccc3c2S(=O)(=O)N1,train,421.52500000000015,3.4740400000000013,0.6599644428975103,27,53
subcategory_bioisostere.remove-O_786,CCCCCOC(=O)Nc1ccn([C@@H]2CS[C@H](CO)O2)c(=O)n1,0,authentic,authentic,,,O=c1ncccn1[C@@H]1CSCO1,train,343.40500000000014,1.5623999999999998,0.7242717974966685,23,46
subcategory_bioisostere.remove-O_1429,CCCC1(CN)CC(C)(C)CC(C)(C)C1,1,bioisostere,remove-O,CC1(C)CC(C)(C)CC(CN)(CC(=O)O)C1,0 1 3 4 5 6 7 8 9 10 11 12 13,C1CCCCC1,train,211.39299999999997,3.967900000000003,0.7508322694859689,15,27
subcategory_bioisostere.remove-O_124,CC(CC(O)CF)n1cnc2c(=O)[nH]c(N)nc21,0,authentic,authentic,,,O=c1[nH]cnc2[nH]cnc12,train,255.25300000000001,-0.016699999999999993,0.7110096456105055,18,34
subcategory_bioisostere.remove-O_1258,CCc1nc(-c2ccccc2C)[nH]c1-c1ccncc1,1,bioisostere,remove-O,CCc1nc(-c2ccc(OC)cc2)[nH]c1-c1ccncc1,0 1 2 3 5 6 7 8 9 10 11 12 13 14 15 16 17 18 19,c1ccc(-c2ncc(-c3ccncc3)[nH]2)cc1,test,263.344,4.009520000000002,0.7753647935309863,20,33
subcategory_bioisostere.remove-O_280,CCCC(C)c1cccc(C(C)C)c1O,0,authentic,authentic,,,c1ccccc1,train,206.32899999999998,4.4192000000000045,0.7728246138034117,15,23
subcategory_bioisostere.remove-O_785,O=C([O-])/C=C/C(=O)[O-].OCCOCC[NH+]1CC[NH+](C2=Nc3ccccc3Sc3ccccc32)CC1,0,authentic,authentic,,,c1ccc2c(c1)N=C([NH+]1CC[NH2+]CC1)c1ccccc1S2,val,499.58900000000017,-2.9357999999999924,0.2745576028330608,35,70
subcategory_bioisostere.remove-O_573,CCC[C@H](NC(=O)[C@H](Cc1ccccc1)N1Cc2ccccc2C1=O)C(=O)N[C@@H](CC1CCCCC1)C(O)C(=O)OC(C)C,0,authentic,authentic,,,O=C(CNC(=O)[C@H](Cc1ccccc1)N1Cc2ccccc2C1=O)NCCC1CCCCC1,train,605.7760000000004,4.306300000000003,0.27589140011575497,44,85
subcategory_bioisostere.remove-O_357,Cc1ccccc1OC(CC1CNC1)c1ccc(F)c(F)c1,0,authentic,authentic,,,c1ccc(OC(CC2CNC2)c2ccccc2)cc1,train,303.352,4.002820000000003,0.9011082998117955,22,34
subcategory_bioisostere.remove-O_861,N[C@H](Cc1ccc(Oc2ccccc2)cc1)C(=O)O,1,bioisostere,remove-O,N[C@H](Cc1ccc(Oc2ccc(O)cc2)cc1)C(=O)O,0 1 2 3 4 5 6 8 9 10 11 12 13 14 15 16 17 18,c1ccc(Oc2ccccc2)cc1,train,257.289,2.4333,0.8624590845186156,19,34
subcategory_bioisostere.remove-O_324,Cc1cccc(Nc2ccccc2C(=O)O)c1C,0,authentic,authentic,,,c1ccc(Nc2ccccc2)cc1,train,241.29,3.7452400000000017,0.8600549198257493,18,27
subcategory_bioisostere.remove-O_500,N#CN1CC(CNS(=O)(=O)c2ccccc2)C1,0,authentic,authentic,,,O=S(=O)(NCC1CNC1)c1ccccc1,train,251.311,0.3777799999999996,0.7850226817321226,17,30
subcategory_bioisostere.remove-O_770,c1ccc(Nc2[nH]c3ccccc3c3nc(-c4ccccc4)nc2-3)cc1,0,authentic,authentic,,,c1ccc(Nc2[nH]c3ccccc3c3nc(-c4ccccc4)nc2-3)cc1,train,336.398,5.473300000000004,0.45896825328285323,26,45
subcategory_bioisostere.remove-O_1230,CCc1ccc(OCCCCN2CCN(c3cccc(Cl)c3Cl)CC2)cc1NC,1,bioisostere,remove-O,CCCCC(OC(=O)O)N1C(=O)CCc2ccc(OCCCCN3CCN(c4cccc(Cl)c4Cl)CC3)cc21,26 27 28,O=C1CCc2ccc(OCCCCN3CCN(c4ccccc4)CC3)cc2N1,train,436.42700000000013,5.578700000000006,0.5197845986791314,29,43
subcategory_bioisostere.remove-O_800,CC(C)CC(O)C[C@@H](O)/C=C/c1c(C2CC2)nc2ccccc2c1-c1ccc(F)cc1,1,bioisostere,remove-O,O=C(O)CC(O)C[C@@H](O)/C=C/c1c(C2CC2)nc2ccccc2c1-c1ccc(F)cc1,0 1 2 4 5 6 7 8 9 10 11 12 13 14 15 16 17 18 19 20 21 22 23 24 25 26 27 28 29 30,c1ccc(-c2cc(C3CC3)nc3ccccc23)cc1,train,419.5400000000001,6.089500000000007,0.4645075940828339,31,58
subcategory_bioisostere.remove-O_1366,C[C@H](C(=O)NO)N(CCn1cccc1)S(=O)(=O)c1ccccc1,1,bioisostere,remove-O,COc1ccc(S(=O)(=O)N(CCn2cccc2)[C@H](C)C(=O)NO)cc1,14 17 18 19 20 21 22,O=S(=O)(NCCn1cccc1)c1ccccc1,train,337.40100000000007,1.0728999999999995,0.5839442071889829,23,44
subcategory_bioisostere.remove-O_982,Cc1nc(-c2ccccc2)sc1C(=O)OCCN1CCCCC1,1,bioisostere,remove-O,COc1ccc(-c2nc(C)c(C(=O)OCCN3CCCCC3)s2)cc1,0 1 2 4 5 6 7 8 9 10 11 12 13 14 15 16 17 18 19 20 21 22,O=C(OCCN1CCCCC1)c1cnc(-c2ccccc2)s1,train,330.45300000000015,3.7612200000000025,0.7829467074305639,23,35
subcategory_bioisostere.remove-O_304,c1ccc(-c2ccccc2Cn2cncn2)cc1,0,authentic,authentic,,,c1ccc(-c2ccccc2Cn2cncn2)cc1,train,235.29,2.9934000000000003,0.6983529048352285,18,27
subcategory_bioisostere.remove-O_230,N[C@@H](Cc1cc(I)c(Oc2ccc(O)c(Cc3ccc(O)cn3)c2)c(I)c1)C(=O)O,0,authentic,authentic,,,c1ccc(Oc2cccc(Cc3ccccn3)c2)cc1,train,632.1920000000002,4.039500000000002,0.290132015460967,30,58
subcategory_bioisostere.remove-O_305,Cc1ccc(Oc2cncnc2O)cc1,0,authentic,authentic,,,c1ccc(Oc2cncnc2)cc1,test,202.21300000000002,2.28292,0.8112079217578707,15,21
subcategory_bioisostere.remove-O_904,CC(CC(=O)NCc1ccccc1)N1CCc2c(C(F)(F)F)nn(-c3ccccc3)c2C1=O,1,bioisostere,remove-O,COc1ccc(-n2nc(C(F)(F)F)c3c2C(=O)N(C(C)CC(=O)NCc2ccccc2)CC3)cc1,0 1 2 3 4 5 6 7 8 9 10 11 12 13 14 15 16 17 18 19 20 21 22 24 25 26 27 28 29 30 31 32,O=C(CCN1CCc2cnn(-c3ccccc3)c2C1=O)NCc1ccccc1,train,456.4680000000001,3.9844000000000035,0.6102200029448601,33,56
subcategory_bioisostere.remove-O_285,CCC.O=C1Nc2ccccc2[C@@](C#CC2CC2)(C(F)(F)F)O1,0,authentic,authentic,,,O=C1Nc2ccccc2C(C#CC2CC2)O1,test,325.33,4.836000000000003,0.6934717767117489,23,44
subcategory_bioisostere.remove-O_252,NC(=O)[C@@H](Cc1ccc2ccccc2c1)NCc1c[nH]c2ccccc12,0,authentic,authentic,,,c1ccc2cc(CCNCc3c[nH]c4ccccc34)ccc2c1,train,343.43000000000006,3.5073000000000008,0.5012749046215487,26,47
subcategory_bioisostere.remove-O_196,Cc1cn2c(=O)c3cc(C(=O)O)ccc3nc2s1,0,authentic,authentic,,,O=c1c2ccccc2nc2sccn12,train,260.274,1.9158199999999999,0.7251607569556215,18,32
subcategory_bioisostere.remove-O_1021,CC(C(N)=O)C1(c2ccc(N3CCc4c(C(F)(F)F)nn(-c5ccccc5)c4C3=O)cc2)CC1,1,bioisostere,remove-O,COc1ccc(-n2nc(C(F)(F)F)c3c2C(=O)N(c2ccc(C4(C(C)C(N)=O)CC4)cc2)CC3)cc1,0 1 2 3 4 5 6 7 8 9 10 11 12 13 14 15 16 17 18 19 21 22 23 24 25 26 27 28 29 30 31 32 33,O=C1c2c(cnn2-c2ccccc2)CCN1c1ccc(C2CC2)cc1,train,468.47900000000016,4.247000000000003,0.6080853813028332,34,63
subcategory_bioisostere.remove-O_624,CC(C)S(=O)(=O)c1c(O)n(Cc2ccccc2)c(=O)c2ccc(Cl)cc12,0,authentic,authentic,,,O=c1c2ccccc2ccn1Cc1ccccc1,val,391.87600000000015,3.590900000000002,0.7368692633615045,26,50
subcategory_bioisostere.remove-O_1214,FC(F)(F)c1cccc(C2CCN(COc3ccccc3)CC2)c1,1,bioisostere,remove-O,FC(F)(F)c1cccc(C2CCN(COc3ccc4c(c3)OCO4)CC2)c1,0 1 2 3 4 5 6 7 8 9 10 11 12 13 15 16 17 18 19 20 21 22 23,c1ccc(C2CCN(COc3ccc4c(c3)OCO4)CC2)cc1,test,335.369,4.921300000000004,0.7861068829998468,24,38
subcategory_bioisostere.remove-O_709,CC(C)(C)OC(=O)c1ncn2c1CN(C(=O)N1CCCCC1)c1ccccc1-2,0,authentic,authentic,,,O=C(N1CCCCC1)N1Cc2cncn2-c2ccccc21,test,382.4640000000002,3.7535000000000025,0.7046136074815716,28,49
subcategory_bioisostere.remove-O_1459,Cc1ccnc2nc(SCC(=O)Nc3ccccc3)[nH]c12,1,bioisostere,remove-O,COc1ccc(NC(=O)CSc2nc3nccc(C)c3[nH]2)cc1OC,0 1 2 3 4 5 6 7 8 9 10 11 13 14 15 16 17 18 19 20,O=C(CSc1nc2ncccc2[nH]1)Nc1ccccc1,train,298.37100000000004,2.9971200000000007,0.726401404681606,21,35
subcategory_bioisostere.remove-O_826,Cc1cccc(OC[C@]23CNC[C@H]2c2cc(F)ccc23)c1,1,bioisostere,remove-O,Fc1ccc2c(c1)[C@@H]1CNC[C@]21COc1ccc2c(c1)OCO2,0 1 2 3 4 5 7 8 9 10 11 12 13 14 15 16 17 18 19,c1ccc2c(c1)[C@@H]1CNC[C@]21COc1ccc2c(c1)OCO2,train,283.346,3.151320000000001,0.9340477504483792,21,40
subcategory_bioisostere.remove-O_1047,Cc1cccc(S(=O)(=O)c2ccc([C@H](C)N3CCN(C4CCN(C(=O)c5c(C)cccc5C)CC4)C[C@@H]3C)cc2)c1,1,bioisostere,remove-O,Cc1cccc(C)c1C(=O)N1CCC(N2CCN([C@@H](C)c3ccc(S(=O)(=O)c4ccc5c(c4)OCO5)cc3)[C@@H](C)C2)CC1,0 1 2 3 4 5 7 8 9 10 11 12 13 14 15 16 17 18 19 20 21 22 23 24 25 26 27 28 29 30 31 32 33 34 35 36 37 38 39,O=C(c1ccccc1)N1CCC(N2CCN(Cc3ccc(S(=O)(=O)c4ccc5c(c4)OCO5)cc3)CC2)CC1,train,573.8030000000005,5.816560000000007,0.3722012609349969,41,81
subcategory_bioisostere.remove-O_1433,CCOc1ccc(Cc2cc(C3CCN(C[C@H]4CN([C@H]([C@@H](C)CC)C(C)(C)C)C[C@@H]4c4cccc(F)c4)CC3)n(CC)n2)cc1,1,bioisostere,remove-O,CCOc1ccc(Cc2cc(C3CCN(C[C@H]4CN([C@@H](C(=O)O)[C@@H](C)CC)C[C@@H]4c4cccc(F)c4)CC3)n(CC)n2)cc1,19 24 25 26 27,c1ccc(Cc2cc(C3CCN(C[C@H]4CNC[C@@H]4c4ccccc4)CC3)[nH]n2)cc1,train,616.91,8.387400000000007,0.20470991589905538,45,93
subcategory_bioisostere.remove-O_1509,CC[C@H](CCc1ccccc1)N[C@@H](C)C(=O)N1CC([C@H]2CCCCO2)C[C@H]1C(=O)O,1,bioisostere,remove-O,CCOC(=O)[C@H](CCc1ccccc1)N[C@@H](C)C(=O)N1CC([C@H]2CCCCO2)C[C@H]1C(=O)O,0 1 3 4 5 6 7 8 9 10 11 12 13 14 15 16 17 18 19 20 21 22 23 24 25 26 27 28 29,O=C(CNCCCc1ccccc1)N1CCC([C@H]2CCCCO2)C1,test,416.5620000000003,3.2467000000000015,0.6460780444534714,30,65
subcategory_bioisostere.remove-O_1194,C=CN[C@H]1CCc2cc(OC)c(OC)c(OC)c2-c2ccc(OC)c(=O)cc21,1,bioisostere,remove-O,CCCCCCCCCCC(=O)N[C@H]1CCc2cc(OC)c(OC)c(OC)c2-c2ccc(OC)c(=O)cc21,0 1 2,O=c1cccc2c(c1)CCCc1ccccc1-2,train,383.44400000000013,3.468600000000002,0.8240273922994268,28,51
subcategory_bioisostere.remove-O_1526,CC(C)C(=O)N1CCC(O)(c2ccccc2)CC1,1,bioisostere,remove-O,COc1cccc(C2(O)CCN(C(=O)C(C)C)CC2)c1,0 1 2 3 4 5 6 7 9 10 11 12 13 14 15 16 17,c1ccc(C2CCNCC2)cc1,train,247.338,2.1526000000000005,0.8696305268845295,18,31
subcategory_bioisostere.remove-O_1550,CCNc1ccc(-c2c(-c3ccc(NC(C)=O)cc3)nc3n2CCS3)cc1,1,bioisostere,remove-O,CC(=O)Nc1ccc(-c2nc3n(c2-c2ccc(NC(C)=O)cc2)CCS3)cc1,0 1 3 4 5 6 7 8 9 10 11 12 13 14 15 16 17 18 19 20 21 22 23 24 25,c1ccc(-c2nc3n(c2-c2ccccc2)CCS3)cc1,test,378.5010000000001,4.713000000000003,0.6748051360233771,27,46
subcategory_bioisostere.remove-O_470,CCCCCNc1ccc2c(cc1=O)C(NC(C)=O)CCc1cc(OC)c(OC)c(OC)c1-2,0,authentic,authentic,,,O=c1cccc2c(c1)CCCc1ccccc1-2,train,454.56700000000035,4.465100000000003,0.5441441704945628,33,54
subcategory_bioisostere.remove-O_177,O=C(Nc1nn[nH]n1)c1cn2c(ccc3ccccc32)n1,0,authentic,authentic,,,O=C(Nc1nn[nH]n1)c1cn2c(ccc3ccccc32)n1,test,279.2630000000001,1.2528999999999992,0.5748283795792672,21,37
subcategory_bioisostere.remove-O_817,C=CC1C[C@]1(NC(=O)C(C[CH]Oc1cc(-c2ccccc2)nc2cc(OC)ccc12)NC)C(=O)O,1,bioisostere,remove-O,C=CC1C[C@]1(NC(=O)C1C[C@@H](Oc2cc(-c3ccccc3)nc3cc(OC)ccc23)CN1C(=O)[C@@H](NC(=O)OC(C)(C)C)C(C)(C)C)C(=O)O,8 30 31,O=C(NC1CC1)C1C[C@@H](Oc2cc(-c3ccccc3)nc3ccccc23)CN1,train,474.5370000000002,3.5745900000000015,0.3645486163735193,35,65
subcategory_bioisostere.remove-O_1460,COc1ccc2c(c1)c(CC(=O)O)c(C)n2C(=O)c1cccc(C)c1,1,bioisostere,remove-O,CCCCOc1ccc(C(=O)n2c(C)c(CC(=O)O)c3cc(OC)ccc32)cc1,0 1 2 3 4 5 6 7 8 9 10 11 12 13 14 15 17 18 19 20 21 22 23,O=C(c1ccccc1)n1ccc2ccccc21,train,337.37500000000006,3.582340000000002,0.7899121380910518,25,45
subcategory_bioisostere.remove-O_538,CC(CCC1CC1)C[C@H](CN)CC(=O)O,0,authentic,authentic,,,C1CC1,train,213.32099999999997,2.2524,0.6497167863949713,15,28
subcategory_bioisostere.remove-O_1348,Fc1cccc2c1[C@@H]1CNC[C@]21COc1ccccc1,1,bioisostere,remove-O,Fc1cccc2c1[C@@H]1CNC[C@]21COc1ccc2c(c1)OCO2,0 1 2 3 4 5 6 7 8 9 10 11 12 14 15 16 17 18,c1ccc2c(c1)[C@@H]1CNC[C@]21COc1ccc2c(c1)OCO2,train,269.31899999999996,2.842900000000001,0.9248277036634625,20,36
subcategory_bioisostere.remove-O_678,CNC(=O)c1ccc2c(c1)C(=Cc1[nH]c3c(c1CCCN(C)C)CCCC3)C(=O)N2,0,authentic,authentic,,,O=C1Nc2ccccc2C1=Cc1cc2c([nH]1)CCCC2,train,406.53000000000026,3.240000000000002,0.6447630103933957,30,56
subcategory_bioisostere.remove-O_1363,CC[C@H](C)[C@H](C(=O)O)N1C[C@H](CN2CCC(c3cc(Cc4ccccc4)nn3CC)CC2)[C@@H](c2cccc(F)c2)C1,1,bioisostere,remove-O,CCOc1ccc(Cc2cc(C3CCN(C[C@H]4CN([C@@H](C(=O)O)[C@@H](C)CC)C[C@@H]4c4cccc(F)c4)CC3)n(CC)n2)cc1,19 20 21 22 23 24 25,c1ccc(Cc2cc(C3CCN(C[C@H]4CNC[C@@H]4c4ccccc4)CC3)[nH]n2)cc1,train,560.7580000000003,6.027200000000007,0.3104930904916945,41,85
subcategory_bioisostere.remove-O_574,C=CCOC(=O)CC1CC(/C=C/c2c(-c3ccc(F)cc3)c3ccccc3n2C(C)C)OC(C)(C)O1,0,authentic,authentic,,,C(=C\C1CCOCO1)/c1[nH]c2ccccc2c1-c1ccccc1,val,491.6030000000003,7.071000000000008,0.24975127785435738,36,64
subcategory_bioisostere.remove-O_1228,CCOC(=O)c1cc2n(n1)CC(C)(C(=O)NCc1ccc(C)cc1)N(c1ccccc1)C2=O,1,bioisostere,remove-O,CCOC(=O)c1cc2n(n1)CC(C)(C(=O)NCc1ccc(C)cc1)N(c1ccc(OC)cc1)C2=O,0 1 2 3 4 5 6 7 8 9 10 11 12 13 14 15 16 17 18 19 20 21 22 23 25 26 27 28 29 30 31 32,O=C(NCc1ccccc1)C1Cn2nccc2C(=O)N1c1ccccc1,train,446.5070000000001,3.103720000000001,0.5875379453265094,33,58
subcategory_bioisostere.remove-O_887,O=C1C[C@@H](c2ccccc2)N1c1ccc(F)cc1,1,bioisostere,remove-O,O=C1C[C@@H](c2ccc(O)cc2)N1c1ccc(F)cc1,0 1 2 4 5 6 7 8 9 10 11 12 13 14 15 16 17,O=C1C[C@@H](c2ccccc2)N1c1ccccc1,train,241.265,3.303700000000002,0.7385883814970281,18,34
subcategory_bioisostere.remove-O_141,COc1cc2c(c(C3CCCNC3)c1F)OCO2,0,authentic,authentic,,,c1cc2c(c(C3CCCNC3)c1)OCO2,train,253.27299999999994,2.0299999999999994,0.8750867852216688,18,28
subcategory_bioisostere.remove-O_1160,NC(=O)c1nn(-c2ccccc2)c2c1C1(CC1)CN(c1ccc(N3CCNCC3=O)cc1)C2=O,1,bioisostere,remove-O,COc1ccc(-n2nc(C(N)=O)c3c2C(=O)N(c2ccc(N4CCNCC4=O)cc2)CC32CC2)c(F)c1,0 1 2 3 4 6 7 8 9 10 11 12 13 14 15 16 17 18 19 20 21 22 23 24 25 26 27 28 29 30 31 32 33,O=C1CNCCN1c1ccc(N2CC3(CC3)c3cnn(-c4ccccc4)c3C2=O)cc1,train,456.50600000000026,1.5993999999999993,0.6191771856926849,34,60
subcategory_bioisostere.remove-O_1151,CC(C)[C@H]1CC[C@H]2[C@@H]3CC=C4CC(=O)CC[C@]4(C)[C@H]3CC[C@]12C,1,bioisostere,remove-O,C[C@]12CC[C@H]3[C@@H](CC=C4CC(=O)CC[C@@]43C)[C@@H]1CC[C@@H]2C(=O)CO,0 1 2 3,O=C1CCC2C(=CC[C@H]3[C@@H]4CCCC4CC[C@H]23)C1,train,314.5130000000001,5.790500000000006,0.5597462854038485,23,62
subcategory_bioisostere.remove-O_1268,O=C(CCN1CCc2c(C(F)(F)F)nn(-c3ccccc3)c2C1=O)N1CCCCC1,1,bioisostere,remove-O,COc1ccc(-n2nc(C(F)(F)F)c3c2C(=O)N(CCC(=O)N2CCCCC2)CC3)cc1,0 1 2 3 4 5 6 7 8 9 10 11 12 13 15 16 17 18 19 20 21 22 23 24 25 26 27 28 29,O=C(CCN1CCc2cnn(-c3ccccc3)c2C1=O)N1CCCCC1,test,420.4350000000003,3.2920000000000016,0.7628494731911202,30,51
subcategory_bioisostere.remove-O_1192,CCOc1ccc2c(c1)c(CC)c(C)n2-c1cccc(Cl)c1,1,bioisostere,remove-O,CCOc1ccc2c(c1)c(C(C)=O)c(C)n2-c1cccc(Cl)c1,0 1 2 3 4 5 6 7 8 10 11 12 13 14 15 16 17 18 19 20 21,c1ccc(-n2ccc3ccccc32)cc1,train,313.828,5.5534200000000045,0.615338604523599,22,38
subcategory_bioisostere.remove-O_1304,CCOC(=O)c1nn(-c2ccccc2)c2c1C1(CC1)CN(c1ccc(-n3ccccc3=O)cc1)C2=O,1,bioisostere,remove-O,CCOC(=O)c1nn(-c2ccc(OC)cc2F)c2c1C1(CC1)CN(c1ccc(-n3ccccc3=O)cc1)C2=O,0 1 2 3 4 5 6 8 9 10 11 12 13 14 15 16 17 18 19 20 21 22 23 24 25 26 27 28 29 30 31 32 33 34 35,O=C1c2c(cnn2-c2ccccc2)C2(CC2)CN1c1ccc(-n2ccccc2=O)cc1,train,480.5240000000002,3.8919000000000032,0.4046997417697878,36,63
subcategory_bioisostere.remove-O_626,CCC(C)C(NC(=O)C1CCCN1C(=O)C(N)C(C)C)C(=O)NC(Cc1ccccc1)C(=O)O,0,authentic,authentic,,,O=C(CNC(=O)C1CCCN1)NCCc1ccccc1,train,474.60200000000015,1.3037000000000027,0.3808867784860027,34,60
subcategory_bioisostere.remove-O_1555,C=CN[C@H]1CCc2cc(OC)c(OC)c(OC)c2-c2ccc(SC)c(=O)cc21,1,bioisostere,remove-O,COc1cc2c(c(OC)c1OC)-c1ccc(SC)c(=O)cc1[C@@H](NC(=O)C1OC1C)CC2,0 1 3 4 5 6 7 8 9 10 11 12 13 14 15 16 17 18 19 20 21 22 23 24 25 26,O=C(N[C@H]1CCc2ccccc2-c2cccc(=O)cc21)C1CO1,train,399.5120000000001,4.181900000000003,0.7356265430678064,28,51
subcategory_bioisostere.remove-O_1053,CCNc1ccc(N2CCc3c(C(F)(F)F)nn(-c4ccc(OC)cc4)c3C2=O)cc1,1,bioisostere,remove-O,COc1ccc(-n2nc(C(F)(F)F)c3c2C(=O)N(c2ccc(N(C)C(=O)CN(C)C)cc2)CC3)cc1,0 1 2 4 5 6 7 8 9 10 11 12 13 14 15 16 17 18 19 20 21 22 23 24 25 26 27 28 29,O=C1c2c(cnn2-c2ccccc2)CCN1c1ccccc1,train,430.4300000000001,4.534400000000002,0.6460756672778647,31,53
subcategory_bioisostere.remove-O_420,COc1ccc(/C=C/Cc2cc3c(cc2OC)OCO3)cc1,0,authentic,authentic,,,C(=C\c1ccccc1)/Cc1ccc2c(c1)OCO2,train,298.338,3.6884000000000023,0.8433709975556989,22,35
subcategory_bioisostere.remove-O_1034,C=Cn1cc(F)c(=O)n(C(=O)CC)c1=O,1,bioisostere,remove-O,CCOC(=O)n1cc(F)c(=O)n(C(=O)CC)c1=O,0 1 3 4 5 6 7 8 9 10 11 12 13,O=c1cc[nH]c(=O)[nH]1,train,212.17999999999998,0.29979999999999996,0.7078839153606756,15,29
subcategory_bioisostere.remove-O_707,CCCc1nc(C(C)(C)O)c(C(=O)O)n1Cc1ccc(-c2ccccc2-c2nnn(C(C)(C)c3ccccc3)n2)cc1,0,authentic,authentic,,,c1ccc(Cn2nnc(-c3ccccc3-c3ccc(Cn4ccnc4)cc3)n2)cc1,train,564.6900000000002,5.9134000000000055,0.21630841398950115,42,73
subcategory_bioisostere.remove-O_422,CN(CCCNC(=O)c1cc2cc(F)ccc2[nH]1)Cc1ccccc1,0,authentic,authentic,,,O=C(NCCCNCc1ccccc1)c1cc2ccccc2[nH]1,train,339.4140000000001,3.558900000000002,0.6467568790249705,25,41
subcategory_bioisostere.remove-O_155,O=C(O)c1ccccc1Nc1cccc(Br)c1,0,authentic,authentic,,,c1ccc(Nc2ccccc2)cc1,train,292.13199999999995,3.890900000000001,0.9018895885210708,17,27
subcategory_bioisostere.remove-O_985,CC(C)c1sc(C2CCCCC2)nc1-c1ccc(Oc2ccccc2)cc1,1,bioisostere,remove-O,CCOC(=O)c1sc(C2CCCCC2)nc1-c1ccc(Oc2ccccc2)cc1,0 1 2 4 5 6 7 8 9 10 11 12 13 14 15 16 17 18 19 20 21 22 23 24 25 26,c1ccc(Oc2ccc(-c3csc(C4CCCCC4)n3)cc2)cc1,train,377.55300000000005,7.7735000000000065,0.4527820802749356,27,42
subcategory_bioisostere.remove-O_321,Cc1cc(C)c(CNC(=O)c2c(C)n(C(C)C(=O)N3CCCC3)c3ccccc23)c(=O)[nH]1,0,authentic,authentic,,,O=C(NCc1ccc[nH]c1=O)c1cn(CC(=O)N2CCCC2)c2ccccc12,train,434.54000000000025,3.368260000000002,0.6454849660088976,32,62
subcategory_bioisostere.remove-O_451,CCN1CCN(C2=Nc3ccccc3Nc3ccc(C)cc32)CC1,0,authentic,authentic,,,c1ccc2c(c1)N=C(N1CCNCC1)c1ccccc1N2,train,320.44000000000017,3.767820000000002,0.8675983758423219,24,37
subcategory_bioisostere.remove-O_19,CN(C(=O)[C@H](CC[C@H](O)c1ccc(F)cc1)Cc1ccc(O)cc1)c1ccc(F)cc1,0,authentic,authentic,,,O=C(Nc1ccccc1)[C@H](CCCc1ccccc1)Cc1ccccc1,val,425.4750000000001,5.005900000000005,0.5336330120321289,31,60
subcategory_bioisostere.remove-O_195,COc1ccc(C(Cc2cccc(Cl)c2)n2ccnc2)cc1,0,authentic,authentic,,,c1ccc(CC(c2ccccc2)n2ccnc2)cc1,train,312.8,4.377200000000003,0.6989185158588227,22,35
subcategory_bioisostere.remove-O_856,CCC(C)c1nc(-c2ccc(Cl)cc2)oc1-c1ccco1,1,bioisostere,remove-O,CC(C(=O)O)c1nc(-c2ccc(Cl)cc2)oc1-c1ccco1,0 1 3 4 5 6 7 8 9 10 11 12 13 14 15 16 17 18 19 20,c1ccc(-c2ncc(-c3ccco3)o2)cc1,train,301.773,5.768500000000004,0.6138984683674233,21,36
subcategory_bioisostere.remove-O_717,CCN(C(=O)Cc1ccccc1)[C@H](CN1CCCC1)C(C)C,0,authentic,authentic,,,O=C(Cc1ccccc1)NCCN1CCCC1,test,302.46200000000005,3.198000000000002,0.7720288241637763,22,39
subcategory_bioisostere.remove-O_586,CCCOc1ccc(S(=O)(=O)N2CCN(CCOC(C)=O)CC2)cc1-c1nc2c(CCCF)cn(CC)c2c(=O)[nH]1,0,authentic,authentic,,,O=c1[nH]c(-c2cccc(S(=O)(=O)N3CCNCC3)c2)nc2cc[nH]c12,train,591.7060000000002,2.971800000000001,0.300841366787848,41,73
subcategory_bioisostere.remove-O_32,CC1N=C(c2ccccc2)c2cc([N+](=O)[O-])ccc2NC1=O,0,authentic,authentic,,,O=C1CN=C(c2ccccc2)c2ccccc2N1,train,295.298,2.7728,0.6825525174190228,22,43
subcategory_bioisostere.remove-O_1096,O=C(CCc1ccccc1)Nc1ccc(C(=O)O)cc1,1,bioisostere,remove-O,COc1ccc(CCC(=O)Nc2ccc(C(=O)O)cc2)cc1,0 1 2 4 5 6 7 8 9 10 11 12 13 14 15 16 17 18 19,O=C(CCc1ccccc1)Nc1ccccc1,train,269.3,2.956100000000001,0.8765648006353295,20,32
subcategory_bioisostere.remove-O_697,C=CCC1(C)OC(=O)Nc2ccc(-c3cccc(Cl)c3)cc21,0,authentic,authentic,,,O=C1Nc2ccc(-c3ccccc3)cc2CO1,train,313.78400000000005,5.360400000000003,0.7745118040328687,22,40
subcategory_bioisostere.remove-O_1075,CCc1cc(-c2c(F)ccc3c(=O)n(C)c(NC(C)(C)C)nc23)[nH]c1[C@@H](C)N,1,bioisostere,remove-O,C[C@H]1NC(=O)c2cc(-c3c(F)ccc4c(=O)n(C)c(NC(C)(C)C)nc34)[nH]c21,0 1 3 4 5 6 7 8 9 10 11 12 13 14 15 16 17 18 19 20 21 22 23 24 25 26 27,O=C1NCc2[nH]c(-c3cccc4c(=O)[nH]cnc34)cc21,train,385.48700000000014,3.8602000000000016,0.6361958538129979,28,60
subcategory_bioisostere.remove-O_389,COc1ccc(F)c(C2(O)CCCCC2CN(C)C)c1,0,authentic,authentic,,,c1ccc(C2CCCCC2)cc1,train,281.371,2.7737000000000016,0.9208835483227655,20,32
subcategory_bioisostere.remove-O_1435,CC1CN(C(=O)COc2ccccc2)C(C)CN1Cc1ccc(F)cc1,1,bioisostere,remove-O,COc1ccc(OCC(=O)N2CC(C)N(Cc3ccc(F)cc3)CC2C)c(C=O)c1,0 1 2 3 4 5 6 8 9 10 11 12 13 14 15 16 17 18 19 20 21 22 23 24 25,O=C(COc1ccccc1)N1CCN(Cc2ccccc2)CC1,train,356.4410000000001,3.3259000000000025,0.8238526388659672,26,41
subcategory_bioisostere.remove-O_1402,CC(C)Cc1ccc2c(c1)COc1ccccc1O2,1,bioisostere,remove-O,O=C(O)Cc1ccc2c(c1)COc1ccccc1O2,0 1 2 3 5 6 7 8 9 10 11 12 13 14 15 16 17 18,c1ccc2c(c1)COc1ccccc1O2,val,254.32899999999998,4.569800000000003,0.7811964808890741,19,29
subcategory_bioisostere.remove-O_1079,CN[C@@H]1CC[C@@H](c2ccccc2)c2ccccc21,1,bioisostere,remove-O,CN[C@@H]1CC[C@@H](c2ccc(OC)cc2)c2ccccc21,0 1 2 3 4 6 7 8 9 10 11 12 13 14 15 16 17,c1ccc([C@@H]2CCCc3ccccc32)cc1,train,237.346,3.8728000000000034,0.8356584452334206,18,36
subcategory_bioisostere.remove-O_1309,CCC(NC(=O)Cn1c(-c2ccccc2)ccc(N)c1=O)C(C)C,1,bioisostere,remove-O,CC(C)C(NC(=O)Cn1c(-c2ccccc2)ccc(N)c1=O)C(=O)C(F)(F)F,0 1 3 4 5 6 7 8 9 10 11 12 13 14 15 16 17 18 19 20 21 22,O=c1cccc(-c2ccccc2)[nH]1,train,327.42800000000017,2.6483000000000008,0.8560623934799941,24,41
subcategory_bioisostere.remove-O_1120,CC(=O)N1CCN(C(=O)Cc2ccccc2)C(CN2CC[C@H](O)C2)C1,1,bioisostere,remove-O,COc1ccc(CC(=O)N2CCN(C(C)=O)CC2CN2CC[C@H](O)C2)cc1,0 1 2 3 4 5 6 8 9 10 11 12 13 14 15 16 17 18 19 20 21 22 23 24,O=C(Cc1ccccc1)N1CCNCC1CN1CCCC1,train,345.4430000000002,0.3549999999999996,0.8555917374855024,25,47
subcategory_bioisostere.remove-O_174,CC/C(=C(\c1ccccc1)c1ccc(OCCN2CCCC2)cc1)c1ccccc1,0,authentic,authentic,,,C(=C(c1ccccc1)c1ccc(OCCN2CCCC2)cc1)c1ccccc1,test,397.5620000000001,6.530300000000007,0.40068265784114543,30,47
subcategory_bioisostere.remove-O_491,CC(C)(C)NC(=O)OC1=Nc2cc(OCCCCN3CCN(c4cccc(Cl)c4Cl)CC3)ccc2CC1,0,authentic,authentic,,,C1=Nc2cc(OCCCCN3CCN(c4ccccc4)CC3)ccc2CC1,train,547.527,6.475500000000007,0.4024908374702224,37,61
subcategory_bioisostere.remove-O_854,NCCc1cc(F)ccc1OCC1(O)CCN(c2cccc(Cl)c2)CC1,1,bioisostere,remove-O,O=C1CCc2c(OCC3(O)CCN(c4cccc(Cl)c4)CC3)ccc(F)c2N1,0 2 3 4 5 6 7 8 9 10 11 12 13 14 15 16 17 18 19 20 21 22 23 24 25,O=C1CCc2c(cccc2OCC2CCN(c3ccccc3)CC2)N1,train,378.875,3.390600000000002,0.8085189769362324,26,41
subcategory_bioisostere.remove-O_929,CC(C)(CC(=O)O)Cc1nc2cc(F)ccc2n1Cc1ccccc1,1,bioisostere,remove-O,COc1ccc(Cn2c(CC(C)(C)CC(=O)O)nc3cc(F)ccc32)cc1,18 19 20 21 22 23 24,c1ccc(Cn2cnc3ccccc32)cc1,train,340.3980000000001,4.267100000000004,0.7290339988463984,25,40
subcategory_bioisostere.remove-O_976,Cc1nc(-c2ccc(OCC(C)CO)c(C#N)c2)sc1C(C)C,1,bioisostere,remove-O,Cc1nc(-c2ccc(OCC(C)CO)c(C#N)c2)sc1C(=O)O,19 20 21 22,c1ccc(-c2nccs2)cc1,train,330.45300000000003,4.120800000000003,0.8649270429829716,23,39
subcategory_bioisostere.remove-O_1528,COc1ccc(C(=O)c2cccc(C)c2)cc1O,1,bioisostere,remove-O,COc1ccc(C(=O)c2cc(OC)c(OC)c(OC)c2)cc1O,6 8 9 10 11 12 13 14,O=C(c1ccccc1)c1ccccc1,train,242.274,2.9402200000000014,0.8416077318632273,18,29
subcategory_bioisostere.remove-O_977,CC(CC1CCN(Cc2ccccc2C(F)(F)F)CC1)c1ccccc1,1,bioisostere,remove-O,COc1cc2c(cc1OC)C(=O)C(CC1CCN(Cc3ccccc3C(F)(F)F)CC1)C2,1 20 21 22 23 24 25,O=C1c2ccccc2CC1CC1CCN(Cc2ccccc2)CC1,train,361.45100000000014,6.111200000000006,0.62079729459966,26,40
subcategory_bioisostere.remove-O_1557,CCCC1(CN)CCC(CC)(CC)C1,1,bioisostere,remove-O,CCC1(CC)CCC(CN)(CC(=O)O)C1,0 1 3 4 5 6 7 8 9 10 11 12,C1CCCC1,train,197.36599999999996,3.7219000000000024,0.7139108879495787,14,22
subcategory_bioisostere.remove-O_794,C#C[C@]1(O)CCC(C2CCc3cc(OC)ccc3C2)C1(C)C,0,authentic,authentic,,,c1ccc2c(c1)CCC(C1CCCC1)C2,train,298.42600000000004,3.6006000000000027,0.8453936913287977,22,40
subcategory_bioisostere.remove-O_801,COC(=O)C1(c2ccc(N3CCc4c(C(F)(F)F)nn(-c5cccc(C)c5)c4C3=O)cc2)CC1,1,bioisostere,remove-O,COC(=O)C1(c2ccc(N3CCc4c(C(F)(F)F)nn(-c5ccc(OC)cc5)c4C3=O)cc2)CC1,0 1 2 3 4 5 6 7 8 9 10 11 12 13 14 15 16 17 18 20 21 22 23 24 25 26 27 28 29 30 31 32 33,O=C1c2c(cnn2-c2ccccc2)CCN1c1ccc(C2CC2)cc1,train,469.4630000000002,4.607020000000004,0.523954711375504,34,63
subcategory_bioisostere.remove-O_1462,COc1cccc(N2CC(CNC(C)C)OC2=O)c1,1,bioisostere,remove-O,COc1cccc(N2CC(CNC(C)=O)OC2=O)c1,0 1 2 3 4 5 6 7 8 9 10 12 13 14 15 16 17 18,O=C1OCCN1c1ccccc1,train,264.325,2.0183999999999997,0.8836550596100957,19,30
subcategory_bioisostere.remove-O_271,CC(C)c1c(C=CC(O)CC(O)CC(=O)O)c(-c2ccc(F)cc2)n2ccc3ccccc3c12,0,authentic,authentic,,,c1ccc(-c2ccc3c4ccccc4ccn23)cc1,val,461.5330000000001,5.621800000000004,0.3180053314116056,34,59
subcategory_bioisostere.remove-O_888,CCCCC(=O)N[C@@H](CC)C(=O)NCCN,1,bioisostere,remove-O,CCCCC(=O)N[C@@H](CC)C(=O)NCC(=O)N1CCCC1,0 1 2 3 4 5 6 7 8 9 10 11 12 14,C1CCNC1,train,229.32399999999996,0.14630000000000132,0.5535487530051351,16,29
subcategory_bioisostere.remove-O_1219,C=CC=C[C@@]1(C)CCC[C@H]2[C@@H]3C[C@@H](C)[C@](O)(C(=O)CO)[C@@]3(C)C[C@H](O)[C@]21F,1,bioisostere,remove-O,C[C@@H]1C[C@H]2[C@@H]3CCC4=CC(=O)C=C[C@]4(C)[C@]3(F)[C@@H](O)C[C@]2(C)[C@@]1(O)C(=O)CO,0 1 2,O=C1C=CC2C(=C1)CC[C@@H]1C2CCC2CCC[C@H]21,train,380.50000000000017,2.962700000000002,0.6554949454125715,27,82
subcategory_bioisostere.remove-O_27,C=C(Cc1ccccc1)C(=O)c1ccsc1,0,authentic,authentic,,,C=C(Cc1ccccc1)C(=O)c1ccsc1,train,228.31599999999997,3.729700000000002,0.5753645939208796,16,26
subcategory_bioisostere.remove-O_644,Cc1nc2n(c(=O)c1CCN1CCC(c3noc4cc(F)ccc34)CC1)CCCC2OC(=O)CC1(CN)CCCCC1,0,authentic,authentic,,,O=C(CC1CCCCC1)OC1CCCn2c1ncc(CCN1CCC(c3noc4ccccc34)CC1)c2=O,train,579.7170000000001,4.931520000000004,0.37358705393419045,42,68
subcategory_bioisostere.remove-O_704,Oc1ccc(-c2cc3ccc(O)cc3[nH]2)cc1,0,authentic,authentic,,,c1ccc(-c2cc3ccccc3[nH]2)cc1,train,225.247,3.246100000000001,0.5950665076392893,17,31
subcategory_bioisostere.remove-O_1387,C=COCC[C@H]1CC[C@]2(O)[C@@H]3CC[C@]4(O)C[C@@H](O)CC[C@]4(CO)[C@H]3CC[C@]12C,1,bioisostere,remove-O,C[C@]12CC[C@H]3[C@@H](CC[C@]4(O)C[C@@H](O)CC[C@]34CO)[C@@]1(O)CC[C@@H]2C1=CC(=O)OC1,0 1 2,O=C1C=C([C@H]2CCC3C2CC[C@@H]2C4CCCCC4CC[C@@H]32)CO1,val,394.55200000000025,2.7586000000000013,0.42523531420099414,28,75
subcategory_bioisostere.remove-O_1083,CCC(Cc1ccc(O)cc1)NC(=O)C(C)c1ccc2cc(OC)ccc2c1,1,bioisostere,remove-O,COc1ccc2cc(C(C)C(=O)NC(Cc3ccc(O)cc3)C(=O)O)ccc2c1,0 1 3 4 5 6 7 8 9 10 11 12 13 14 15 16 17 18 19 20 21 22 23 24 25 26 27,O=C(Cc1ccc2ccccc2c1)NCCc1ccccc1,train,377.48400000000015,4.795000000000004,0.6220181435695984,28,45
subcategory_bioisostere.remove-O_966,Fc1ccccc1C1CCNCC1COc1ccccc1,1,bioisostere,remove-O,Fc1ccccc1C1CCNCC1COc1ccc2c(c1)OCO2,0 1 2 3 4 5 6 7 8 9 10 11 12 13 15 16 17 18 19,c1ccc(C2CCNCC2COc2ccc3c(c2)OCO3)cc1,train,285.36199999999997,3.597800000000002,0.9265021627808327,21,27
subcategory_bioisostere.remove-O_1088,Cc1ccccc1[C@]1(O)CCN(C)C[C@@H]1c1ccccc1F,1,bioisostere,remove-O,COc1ccc([C@]2(O)CCN(C)C[C@@H]2c2ccccc2F)cc1,0 1 2 3 4 5 6 8 9 10 11 12 13 14 15 16 17 18 19 20 21,c1ccc(C2CCNC[C@@H]2c2ccccc2)cc1,train,299.38899999999995,3.4410200000000026,0.9179915257409311,22,40
subcategory_bioisostere.remove-O_426,COc1cccc(C2(O)CCN(C)C2)c1F,0,authentic,authentic,,,c1ccc(C2CCNC2)cc1,train,225.26299999999992,1.3574,0.8245048992126439,16,26
subcategory_bioisostere.remove-O_112,CCCCCCCCN1CCC(NC(=O)c2cc(Cl)c(N)cc2OC)CC1,0,authentic,authentic,,,O=C(NC1CCNCC1)c1ccccc1,train,395.9750000000002,4.485500000000003,0.452209403560945,27,41
subcategory_bioisostere.remove-O_1369,C=Cc1cc(F)ccc1OCC(O)CN1CCN(C)CC1,1,bioisostere,remove-O,CN1CCN(CC(O)COc2ccc(F)cc2C(=O)CCc2ccccc2)CC1,0 1 2,O=C(CCc1ccccc1)c1ccccc1OCCCN1CCNCC1,train,294.37000000000006,1.4557999999999995,0.8614501314687776,21,32
subcategory_bioisostere.remove-O_1360,CN(C)CCCNC(=O)c1ccc(C(F)(F)F)cc1Oc1ccc(F)cc1,1,bioisostere,remove-O,O=C1CC(NC(=O)c2ccc(C(F)(F)F)cc2Oc2ccc(F)cc2)CCN1,0 1 2 3 4 5 6,O=C1CC(NC(=O)c2ccccc2Oc2ccccc2)CCN1,train,384.37300000000005,4.318300000000003,0.5711380133896914,27,44
subcategory_bioisostere.remove-O_377,[13CH3]n1[13cH]n[13c]([N+](=O)[O-])c1Sc1ncnc2nc[nH]c12,0,authentic,authentic,,,c1nc(Sc2[13cH]n[13cH][nH]2)c2[nH]cnc2n1,test,280.24606452,1.1457999999999997,0.33080240076545714,19,54
subcategory_bioisostere.remove-O_17,CN1CC=C(c2c(O)cc(O)c3c(=O)cc(C4CCCCC4)oc23)CC1,0,authentic,authentic,,,O=c1cc(C2CCCCC2)oc2c(C3=CCNCC3)cccc12,train,355.43400000000025,3.970800000000003,0.8525511753189257,26,46
subcategory_bioisostere.remove-O_835,COC(=O)c1ccc(CC(C)NCC(O)c2ccccc2)cc1,1,bioisostere,remove-O,COC(=O)c1ccc(CC(C)NCC(O)COc2ccccc2)cc1,0 1 2 3 4 5 6 7 8 9 10 11 12 14 15 16 17 18 19 20 21 22,c1ccc(CCNCCCOc2ccccc2)cc1,train,313.39700000000005,2.727400000000001,0.7717761272842533,23,36
subcategory_bioisostere.remove-O_1274,CCCCC(O)(c1ccccc1)C(CN1CCCCC1)c1ccccc1,1,bioisostere,remove-O,CCCCC(O)(c1ccc(OC)cc1)C(CN1CCCCC1)c1ccccc1.Cl,0 1 2 3 5 6 7 8 9 10 11 12 13 14 15 16 17 18 19 20 21 22 23 24 25,c1ccc(CC(CN2CCCCC2)c2ccccc2)cc1,val,351.53400000000005,5.334100000000006,0.6942655180910946,26,38
subcategory_bioisostere.remove-O_873,O=C1c2c(c(C(F)(F)F)nn2-c2ccccc2)CCN1CCN1CCCC1,1,bioisostere,remove-O,COc1ccc(-n2nc(C(F)(F)F)c3c2C(=O)N(CCN2CCCC2)CC3)cc1,0 1 2 3 4 5 6 7 8 9 11 12 13 14 15 16 17 18 19 20 21 22 23 24 25 26,O=C1c2c(cnn2-c2ccccc2)CCN1CCN1CCCC1,train,378.3980000000003,2.9852000000000007,0.8214738752076284,27,45
subcategory_bioisostere.remove-O_576,CC[C@H](C)[C@H](NC(=O)[C@H]1CCCN1C(=O)[C@H](O)[C@H](Cc1ccccc1)NC(=O)OC(C)(C)C)C(=O)N[C@H](C(=O)OC)C(C)C,0,authentic,authentic,,,O=C(CCCc1ccccc1)N1CCCC1,test,618.7720000000002,2.3190000000000017,0.24486659557816956,44,103
subcategory_bioisostere.remove-O_1574,CC(C)CNc1nc(-c2ccncc2)cs1,1,bioisostere,remove-O,CCOC(=O)C(=O)Nc1nc(-c2ccncc2)cs1,0 1 2 3 5 6 7 8 9 10 11 12 13 14,c1cc(-c2cscn2)ccn1,val,233.34000000000003,3.2730000000000015,0.880332861421902,16,25
subcategory_bioisostere.remove-O_1030,CCCN(CCC)c1ccc(N2CCc3c(C(N)=O)nn(-c4ccc(F)cc4)c3C2=O)c(OC)c1,1,bioisostere,remove-O,COc1cc(N2CCCCC2=O)ccc1N1CCc2c(C(N)=O)nn(-c3ccc(F)cc3)c2C1=O,0 1 2 4 5 6 7 8 9 10 11 12 13 14 15 16 17 18 19 20 21 22 23 24 25 26 27 28 29 30 31 32 33,O=C1CCCCN1c1ccc(N2CCc3cnn(-c4ccccc4)c3C2=O)cc1,train,479.55600000000015,3.9482000000000026,0.5016687348655011,35,60
subcategory_bioisostere.remove-O_545,COc1ccc([C@H]2CC(=O)N(c3cccc(NS(=O)(=O)c4c(Br)nn(C)c4Cl)c3)C2)cc1OC1CCCC1,0,authentic,authentic,,,O=C1C[C@H](c2cccc(OC3CCCC3)c2)CN1c1cccc(NS(=O)(=O)c2cn[nH]c2)c1,val,623.9569999999999,5.487300000000005,0.35624753063042325,38,73
subcategory_bioisostere.remove-O_898,O=C(CCN1CCCCC1)c1ccccc1,1,bioisostere,remove-O,COc1ccc(C(=O)CCN2CCCCC2)cc1OC,0 2 3 4 5 6 7 8 9 10 11 12 13 14,O=C(CCN1CCCCC1)c1ccccc1,train,217.312,2.745300000000001,0.7227278493351046,16,23
subcategory_bioisostere.remove-O_848,CCCC[C@]1(CN)CC[C@@H]2CCCCC[C@H]2C1,1,bioisostere,remove-O,NC[C@@]1(CC(=O)O)CC[C@@H]2CCCCC[C@H]2C1,0 1 2 3 5 6 7 8 9 10 11 12 13 14 15,C1CC[C@H]2CCCC[C@@H]2CC1,val,237.43099999999995,4.502100000000004,0.7650558002039735,17,35
subcategory_bioisostere.remove-O_1417,CN(C)CCCC(NC(=O)c1cccnc1)C(=O)Nc1ccc(-c2ccccc2S(N)(=O)=O)cc1,1,bioisostere,remove-O,NS(=O)(=O)c1ccccc1-c1ccc(NC(=O)C(CC(=O)Nc2ccc(Br)cn2)NC(=O)c2cccnc2)cc1,0 1 2 3 4 5 6,O=C(CC(NC(=O)c1cccnc1)C(=O)Nc1ccc(-c2ccccc2)cc1)Nc1ccccn1,val,495.6050000000002,2.4749,0.395548789149872,35,60
subcategory_bioisostere.remove-O_1532,COc1ccc(CN2CCCC(C(=O)c3ccccc3)C2)c(F)c1,1,bioisostere,remove-O,COc1ccc(CN2CCCC(C(=O)c3ccc4c(c3)OCO4)C2)c(F)c1,0 1 2 3 4 5 6 7 8 9 10 11 13 14 15 16 17 18 19 20 21 22 23,O=C(c1ccc2c(c1)OCO2)C1CCCN(Cc2ccccc2)C1,train,327.39900000000006,3.9292000000000034,0.7794463235976832,24,39
subcategory_bioisostere.remove-O_607,CN1C(=O)[C@H]([C@H](O)[C@H](CC2CCCCC2)NC(=O)[C@H](Cc2c[nH]cn2)NC(=O)[C@H](Cc2ccccc2)NC(=O)OC(C)(C)C)CC1(C)C,0,authentic,authentic,,,O=C(CCc1ccccc1)N[C@@H](Cc1c[nH]cn1)C(=O)N[C@@H](CC1CCCCC1)C[C@@H]1CCNC1=O,val,666.8639999999998,3.6460000000000035,0.21774410181897053,48,107
subcategory_bioisostere.remove-O_1281,Cc1cccc(-c2nnn(CC(=O)O)n2)c1,1,bioisostere,remove-O,COc1ccc(-c2nnn(CC(=O)O)n2)cc1OC,0 1 2 3 4 5 7 8 9 10 11 12 13 14,c1ccc(-c2nn[nH]n2)cc1,test,218.216,0.7331199999999998,0.8209816619156983,16,28
subcategory_bioisostere.remove-O_862,CCOC(=O)c1sc(-c2ccccc2)nc1C,1,bioisostere,remove-O,CCOC(=O)c1sc(-c2ccc(O)cc2)nc1C,0 1 2 3 4 5 6 8 9 10 11 12 13 14 15 16,c1ccc(-c2nccs2)cc1,train,247.31900000000002,3.2952200000000014,0.7811381841989038,17,27
subcategory_bioisostere.remove-O_757,Cc1nccc2c1[nH]c1cc(OCC(=O)OCc3ccccc3)ccc12,0,authentic,authentic,,,O=C(COc1ccc2c(c1)[nH]c1cnccc12)OCc1ccccc1,train,346.38599999999997,4.146720000000003,0.5515389624852843,26,42
subcategory_bioisostere.remove-O_631,COc1cc2c(c(OC)c1OC)-c1ccc(SC)c(=O)cc1[C@@H](NC(=O)CC(C)=O)CC2,0,authentic,authentic,,,O=c1cccc2c(c1)CCCc1ccccc1-2,train,457.54800000000034,3.544100000000002,0.5022540935479033,32,61
subcategory_bioisostere.remove-O_1333,C=Cc1c(C(=O)O)nc(CCC)n1Cc1ccc(-c2ccccc2)c(-c2nn[nH]n2)c1,1,bioisostere,remove-O,CCCc1nc(C(=O)O)c(C(=O)O)n1Cc1ccc(-c2ccccc2)c(-c2nn[nH]n2)c1,0 1 3 4 5 6 7 8 9 10 11 12 13 14 15 16 17 18 19 20 21 22 23 24 25 26 27 28 29 30,c1ccc(-c2ccc(Cn3ccnc3)cc2-c2nn[nH]n2)cc1,val,414.469,4.072200000000002,0.44969005073100204,31,56
subcategory_bioisostere.remove-O_1040,O=C(CN1CCN(C2c3ccccc3-c3ccccc32)CC1)c1ccccc1,1,bioisostere,remove-O,O=C(CN1CCN(C2c3ccccc3-c3ccccc32)CC1)c1ccc2c(c1)OCO2,0 2 3 4 5 6 7 8 9 10 11 12 13 14 15 16 17 18 19 20 21 22 23 24 25 26,O=C(CN1CCN(C2c3ccccc3-c3ccccc32)CC1)c1ccc2c(c1)OCO2,val,368.4800000000002,4.2569000000000035,0.6431738942258541,28,44
subcategory_bioisostere.remove-O_1000,COc1ccc(-n2nc(CN)c3c2C(=O)N(c2ccc(N4CCCCC4=O)cc2)CC3)cc1F,1,bioisostere,remove-O,COc1ccc(-n2nc(C(N)=O)c3c2C(=O)N(c2ccc(N4CCCCC4=O)cc2)CC3)cc1F,0 1 2 3 4 5 6 7 9 10 11 12 13 14 15 16 17 18 19 20 21 22 23 24 25 26 27 28 29 30 31 32 33,O=C1CCCCN1c1ccc(N2CCc3cnn(-c4ccccc4)c3C2=O)cc1,train,463.5130000000003,3.198500000000002,0.6272956212846742,34,57
subcategory_bioisostere.remove-O_1252,CC(C)(CO)c1ccc(N2CCc3c(C(N)=O)nn(-c4ccccc4)c3C2=O)cc1,1,bioisostere,remove-O,COc1ccc(-n2nc(C(N)=O)c3c2C(=O)N(c2ccc(C(C)(C)CO)cc2)CC3)cc1,0 1 2 3 4 5 6 7 8 9 10 11 12 13 14 15 16 17 19 20 21 22 23 24 25 26 27 28 29,O=C1c2c(cnn2-c2ccccc2)CCN1c1ccccc1,train,404.47,2.444,0.6818944748980735,30,53
subcategory_bioisostere.remove-O_979,c1ccc(CCOCC2CCCC2)cc1,1,bioisostere,remove-O,CC(C)NCC(O)COc1ccc(CCOCC2CCCC2)cc1,0 1 2 3 4 13 14,c1ccc(CCOCC2CCCC2)cc1,test,204.31299999999996,3.435900000000002,0.6675704226226806,15,21
subcategory_bioisostere.remove-O_143,O=C(O)CN1CCN(C(c2ccc(Cl)cc2)c2ccc(Cl)cc2)C(=O)C1,0,authentic,authentic,,,O=C1CNCCN1C(c1ccccc1)c1ccccc1,val,393.27000000000015,3.311600000000001,0.84700330776674,26,48
subcategory_bioisostere.remove-O_970,CC(C)N[C@H](C(=O)N1CCC[C@H]1C(=O)N[C@H](C(=O)C(F)(F)CNC(=O)c1cccnc1)C(C)C)C(C)C,1,bioisostere,remove-O,CC(C)[C@H](NC(=O)Oc1ccccc1)C(=O)N1CCC[C@H]1C(=O)N[C@H](C(=O)C(F)(F)CNC(=O)c1cccnc1)C(C)C,0 1 2 4 5 6 7 8 9 10 11 12 13 14 15 16 17 18 19 20 21 22 23 24 25 26 27 28 29 30 31 32 33 34 35,O=C(CCNC(=O)c1cccnc1)CNC(=O)[C@@H]1CCCN1C(=O)CNC(=O)Oc1ccccc1,val,523.6250000000002,2.1702000000000012,0.3863051962179951,37,79
subcategory_bioisostere.remove-O_1049,COc1ccc(-c2nc(SCC(F)(F)F)[nH]c2-c2ccccc2)cc1,1,bioisostere,remove-O,COc1ccc(-c2nc(SCC(F)(F)F)[nH]c2-c2ccc(OC)cc2)cc1,0 1 2 3 4 5 6 7 8 9 10 11 12 13 14 15 17 18 19 20 21 22 23 24,c1ccc(-c2nc[nH]c2-c2ccccc2)cc1,train,364.39200000000005,5.406700000000003,0.6155676731710913,25,44
subcategory_bioisostere.remove-O_152,O=C1CCc2c(OC[C@]3(O)CCN(c4ccc(F)cc4Cl)C[C@H]3F)ccc(F)c2N1,0,authentic,authentic,,,O=C1CCc2c(cccc2OCC2CCN(c3ccccc3)CC2)N1,train,440.84900000000005,3.861200000000003,0.75757070731685,30,57
subcategory_bioisostere.remove-O_467,CC.Cc1nc(-c2ccc(OCC(C)C)c(C#N)c2)sc1C(=O)O,0,authentic,authentic,,,c1ccc(-c2nccs2)cc1,train,346.45200000000006,4.749400000000004,0.844411457007086,24,42
subcategory_bioisostere.remove-O_531,NS(=O)(=O)c1cc(C(=O)NCCC2(C(=O)O)CCCN2N=O)c(NCc2ccco2)cc1Cl,0,authentic,authentic,,,O=C(NCCC1CCCN1)c1ccccc1NCc1ccco1,train,499.9330000000002,1.9130000000000003,0.3541582870422337,33,59
subcategory_bioisostere.remove-O_485,CC1CN(C2CCCCC2O)CCN1c1ccccc1,0,authentic,authentic,,,c1ccc(N2CCN(C3CCCCC3)CC2)cc1,val,274.408,2.5006000000000004,0.8974101652724851,20,28
subcategory_bioisostere.remove-O_823,C=CC1=C(C)NC(=O)NC1c1ccc2c(c1)OCO2,1,bioisostere,remove-O,C=CCOC(=O)C1=C(C)NC(=O)NC1c1ccc2c(c1)OCO2,0 1 3 4 5 6 7 8 9 10 11 12 13 14 15 16 17 18,O=C1NC=CC(c2ccc3c(c2)OCO3)N1,val,258.277,2.2291999999999996,0.8547961857901691,19,34
subcategory_bioisostere.remove-O_1165,NC(=O)c1nn(-c2ccccc2)c2c1CCN(c1ccc(-c3ccccc3CN3CCCC3)cc1)C2=O,1,bioisostere,remove-O,COc1ccc(-n2nc(C(N)=O)c3c2C(=O)N(c2ccc(-c4ccccc4CN4CCCC4)cc2)CC3)cc1,0 1 2 3 4 6 7 8 9 10 11 12 13 14 15 16 17 18 19 20 21 22 23 24 25 26 27 28 29 30 31 32 33 34 35 36,O=C1c2c(cnn2-c2ccccc2)CCN1c1ccc(-c2ccccc2CN2CCCC2)cc1,val,491.59500000000037,4.436900000000004,0.4323154298046982,37,61
subcategory_bioisostere.remove-O_730,O=C1NC(=O)C2(CCOc3ccc(F)cc32)O1,0,authentic,authentic,,,O=C1NC(=O)C2(CCOc3ccccc32)O1,test,237.18599999999998,1.0699,0.732599961073452,17,31
subcategory_bioisostere.remove-O_140,Cc1cc([N+](=O)[O-])ccc1NC(=O)C[NH+](C)Cc1c(F)cccc1Cl,0,authentic,authentic,,,O=C(C[NH2+]Cc1ccccc1)Nc1ccccc1,train,366.80000000000007,2.34912,0.6082918579517768,25,52
subcategory_bioisostere.remove-O_39,CCCn1c(-c2ccc(O)cc2)c(C)c2ccc(O)cc21,0,authentic,authentic,,,c1ccc(-c2cc3ccccc3[nH]2)cc1,train,281.355,4.437920000000004,0.7452485524875575,21,36
subcategory_bioisostere.remove-O_931,CCOc1c(N2CCCC(N)C2)c(F)cc2c(=O)c(CC)cn(C3CC3)c12,1,bioisostere,remove-O,CCOc1c(N2CCCC(N)C2)c(F)cc2c(=O)c(C(=O)O)cn(C3CC3)c12,0 1 2 3 4 5 6 7 8 9 10 11 12 13 14 15 16 17 19 20 21 22 23 24 25,O=c1ccn(C2CC2)c2cc(N3CCCCC3)ccc12,train,373.4720000000002,3.3641000000000023,0.8730027058431156,27,48
subcategory_bioisostere.remove-O_1240,CCCCc1coc2ccc(OCCN3CCCCC3)cc12,1,bioisostere,remove-O,CC(=O)c1coc2ccc(OCCN3CCCCC3)cc12,0 1 2 3 5 6 7 8 9 10 11 12 13 14 15 16 17 18 19 20,c1cc2cc(OCCN3CCCCC3)ccc2o1,val,301.43,4.640100000000004,0.744734488486401,22,30
subcategory_bioisostere.remove-O_1331,CCN(c1ccccc1C)C1CCCC1N(C)C,1,bioisostere,remove-O,CCC(=O)N(c1ccccc1C)C1CCCC1N(C)C,0 1 3 4 5 6 7 8 9 10 11 12 13 14 15 16 17,c1ccc(NC2CCCC2)cc1,train,246.39799999999994,3.304020000000002,0.8040144236045776,18,26
subcategory_bioisostere.remove-O_1095,O=C(O)c1sc(-c2ccccc2)nc1-c1ccc(F)cc1,1,bioisostere,remove-O,COc1ccc(-c2nc(-c3ccc(F)cc3)c(C(=O)O)s2)cc1,5 6 7 8 9 10 11,c1ccc(-c2csc(-c3ccccc3)n2)cc1,train,299.326,4.314400000000002,0.7834931942374321,21,36
subcategory_bioisostere.remove-O_521,CCOc1cc(-c2nc(C)c(C(=O)O)s2)cc(C#N)c1C#CC(C)C,0,authentic,authentic,,,c1ccc(-c2nccs2)cc1,train,354.43100000000015,4.0946000000000025,0.8360385854768139,25,45
subcategory_bioisostere.remove-O_1273,C=Cc1cc2c(=O)n(CCC)c3ccccc3n2n1,1,bioisostere,remove-O,CCCn1c(=O)c2cc(C(=O)O)nn2c2ccccc21,0 1 3 4 5 6 7 8 9 10 11 12 13 14 15 16 17,O=c1[nH]c2ccccc2n2nccc12,train,253.305,2.7022000000000004,0.7195954936485489,19,31
subcategory_bioisostere.remove-O_203,NCCCCC(N)C(=O)N1[C@H](C(=O)O)C[C@H]2CCC[C@]21C(=O)OCc1ccccc1,0,authentic,authentic,,,O=C(OCc1ccccc1)[C@@]12CCC[C@@H]1CCN2,test,417.5060000000002,1.4105000000000012,0.4081080273704073,30,60
subcategory_bioisostere.remove-O_1185,CC(C)Nc1cc2c(c(N)n1)N=C(c1ccc(Cl)c(Cl)c1)CN2,1,bioisostere,remove-O,CCOC(=O)Nc1cc2c(c(N)n1)N=C(c1ccc(Cl)c(Cl)c1)CN2,0 1 2 4 5 6 7 8 9 10 11 12 13 14 15 16 17 18 19 20 21 22,c1ccc(C2=Nc3cnccc3NC2)cc1,train,350.25300000000004,4.337200000000002,0.7698669946482803,23,44
subcategory_bioisostere.remove-O_773,Cc1cc(C)n2nc(C(C)C)c(C=CC(O)CC(=O)CC(=O)O)c(-c3ccc(F)cc3)c12,0,authentic,authentic,,,c1ccc(-c2ccnn3cccc23)cc1,train,438.4990000000002,4.688640000000004,0.4980526596554674,32,60
subcategory_bioisostere.remove-O_932,CCS(=O)(=O)c1nc(-c2ccccc2)c(-c2ccc(OC)cc2)[nH]1,1,bioisostere,remove-O,CCS(=O)(=O)c1nc(-c2ccc(OC)cc2)c(-c2ccc(OC)cc2)[nH]1,0 1 2 3 4 5 6 8 9 10 11 12 13 14 15 16 17 18 19 20 21 22 23,c1ccc(-c2nc[nH]c2-c2ccccc2)cc1,train,342.4200000000001,3.5459000000000014,0.7695527526084804,24,47
subcategory_bioisostere.remove-O_571,CC(=O)N(O)CCOc1ccc(-c2ccc(C#N)cc2)cc1,0,authentic,authentic,,,c1ccc(-c2ccccc2)cc1,train,296.326,2.841780000000001,0.679853075732891,22,37
subcategory_bioisostere.remove-O_347,CC[C@@H]1[C@H](C(=O)N[C@@H](Cc2cscn2)C(=O)N[C@@H](CC2CCCCC2)[C@@H](O)[C@@H](O)CC(C)C)[C@H]1C(=O)N1CCOCC1,0,authentic,authentic,,,O=C(NCCC1CCCCC1)[C@H](Cc1cscn1)NC(=O)[C@H]1C[C@@H]1C(=O)N1CCOCC1,train,606.8300000000002,2.5245000000000006,0.2551067545549592,42,104
subcategory_bioisostere.remove-O_1572,CC(C)OCn1c(-c2cnccn2)noc1=O,1,bioisostere,remove-O,CC(C)(C)C(=O)OCn1c(-c2cnccn2)noc1=O,0 1 2 4 5 6 7 8 9 10 11 12 13 14 15 16,O=c1[nH]c(-c2cnccn2)no1,train,236.231,0.6757999999999998,0.7756322332720075,17,27
subcategory_bioisostere.remove-O_1504,O=C(CCN1CCC(c2ccccc2C(F)(F)F)C1)c1ccccc1,1,bioisostere,remove-O,O=C(CCN1CCC(c2ccccc2C(F)(F)F)C1)c1ccc2c(c1)OCCO2,0 2 3 4 5 6 7 8 9 10 11 12 13 14 15 16 17 18 19 20 21 22 23,O=C(CCN1CCC(c2ccccc2)C1)c1ccc2c(c1)OCCO2,train,347.3800000000001,4.767700000000004,0.7264880896264916,25,40
subcategory_bioisostere.remove-O_403,O=C(c1ccccc1)c1cccc(OC[C@H](O)CN2CCOCC2)c1,0,authentic,authentic,,,O=C(c1ccccc1)c1cccc(OCCCN2CCOCC2)c1,train,341.40700000000015,1.9894999999999998,0.7807043464882257,25,42
subcategory_bioisostere.remove-O_992,Cc1cccc(C[C@H](N)C(=O)N[C@@H](C)C(=O)NCC(=O)NCC2CC2)c1,1,bioisostere,remove-O,C[C@H](NC(=O)[C@@H](N)Cc1ccc(O)cc1)C(=O)NCC(=O)NCC1CC1,0 1 2 3 4 5 7 8 9 10 11 12 13 14 15 16 17 18 19 20 21 22 23 24,O=C(CCc1ccccc1)NCC(=O)NCC(=O)NCC1CC1,train,360.4580000000002,0.011920000000002373,0.496764504499077,26,54
subcategory_bioisostere.remove-O_131,NNCCCc1ccc(OCc2ccccc2)cc1,0,authentic,authentic,,,c1ccc(COc2ccccc2)cc1,train,256.349,2.661500000000001,0.45466798274720505,19,25
subcategory_bioisostere.remove-O_121,CN(CC/C=C/c1ccccc1)Cc1cccc2ccccc12,0,authentic,authentic,,,C(=C\c1ccccc1)/CCNCc1cccc2ccccc12,train,301.433,5.375100000000005,0.5909622018776227,23,34
subcategory_bioisostere.remove-O_625,COc1ccc2c3c1O[C@H]1[C@@H](O)C=C[C@@]4(O)[C@@H](C2)N(C)CC[C@]314,0,authentic,authentic,,,C1=CC2[C@H]3Cc4cccc5c4[C@@]2(CCN3)[C@H](C1)O5,test,315.36900000000014,0.6159999999999997,0.7439610397953439,23,63
subcategory_bioisostere.remove-O_696,CC1(C)Oc2ccc(C#N)cc2C(NC(=O)c2cccc(F)c2)[C@H]1O,0,authentic,authentic,,,O=C(NC1CCOc2ccccc21)c1ccccc1,train,340.35400000000004,2.7003800000000004,0.8805067682938801,25,47
subcategory_bioisostere.remove-O_638,Clc1ccc2c(NCc3ccccn3)ccnc2c1,0,authentic,authentic,,,c1ccc(CNc2ccnc3ccccc23)nc1,train,269.73500000000007,3.8953000000000024,0.7836804074080779,19,28
subcategory_bioisostere.remove-O_845,CC(C)C(Cc1c[nH]cn1)NC(=O)CCN,1,bioisostere,remove-O,NCCC(=O)NC(Cc1c[nH]cn1)C(=O)O,0 1 2 4 5 6 7 8 9 10 11 12 13 14 15,c1c[nH]cn1,train,224.30799999999996,0.4418000000000006,0.6553542964740586,16,28
subcategory_bioisostere.remove-O_286,CC1CCN(CCCNC(=O)c2cc3cc(F)ccc3[nH]2)CC1,0,authentic,authentic,,,O=C(NCCCN1CCCCC1)c1cc2ccccc2[nH]1,train,317.4080000000001,3.158800000000001,0.8323151157865327,23,39
subcategory_bioisostere.remove-O_563,CC[C@@]1(O)C(=O)OCc2c1cc1n(c2=O)Cc2cc3c(C)cccc3nc2-1,0,authentic,authentic,,,O=C1Cc2cc3n(c(=O)c2CO1)Cc1cc2ccccc2nc1-3,train,362.3850000000001,2.388020000000001,0.5259679022813444,27,52
subcategory_bioisostere.remove-O_934,CNC[C@H](c1cccc(C)c1)C1(O)CCCCC1,1,bioisostere,remove-O,CNC[C@H](c1ccc(OC)cc1)C1(O)CCCCC1,0 1 2 4 5 6 7 8 9 10 11 12 13 14 15 16 17,c1ccc(CC2CCCCC2)cc1,train,247.38199999999992,2.9932200000000018,0.8570113172159087,18,32
subcategory_bioisostere.remove-O_1057,Cc1ccccc1C(=O)C1CCCN(Cc2c(F)ccc(F)c2F)C1,1,bioisostere,remove-O,O=C(c1ccc2c(c1)OCO2)C1CCCN(Cc2c(F)ccc(F)c2F)C1,0 1 2 3 4 5 6 7,O=C(c1ccc2c(c1)OCO2)C1CCCN(Cc2ccccc2)C1,train,347.38,4.507220000000004,0.5991809832026577,25,40
subcategory_bioisostere.remove-O_1419,O=C(Nc1ccccc1)C(=O)NC1CCCCC1,1,bioisostere,remove-O,COc1cc(NC(=O)C(=O)NC2CCCCC2)ccc1-c1cnco1,2 3 4 5 6 7 8,O=C(Nc1ccc(-c2cnco2)cc1)C(=O)NC1CCCCC1,test,246.30999999999992,2.074,0.784802458373279,18,28
subcategory_bioisostere.remove-O_395,CN1CCN(C2=Nc3cc(Cl)ccc3N(NC(=O)/C=C/c3ccccc3)c3ccccc32)CC1,0,authentic,authentic,,,O=C(/C=C/c1ccccc1)NN1c2ccccc2N=C(N2CCNCC2)c2ccccc21,train,471.99200000000025,4.861800000000004,0.5540228250268661,34,58
subcategory_bioisostere.remove-O_1213,OC(Cc1ccccc1)CN1CCC(O)(c2ccccc2)CC1,1,bioisostere,remove-O,CCC(=O)c1ccccc1OCC(O)CN1CCC(O)(c2ccccc2)CC1,0 1 3 4 5 6 7 8 9 10 11 12 13 14 15 16 17 18 19 20 21 22,c1ccc(OCCCN2CCC(c3ccccc3)CC2)cc1,train,311.425,2.5736000000000008,0.891809783974844,23,35
subcategory_bioisostere.remove-O_295,CN(C)CC(O)COc1ccc2c(=O)cc(-c3ccccc3)oc2c1,0,authentic,authentic,,,O=c1cc(-c2ccccc2)oc2ccccc12,train,339.391,2.761300000000001,0.7481040816177399,25,41
subcategory_bioisostere.remove-O_566,CCOC(=O)OCN1C(=O)CCc2ccc(OCCCCN3CCN(c4cccc(Cl)c4Cl)CC3)cc21,0,authentic,authentic,,,O=C1CCc2ccc(OCCCCN3CCN(c4ccccc4)CC3)cc2N1,train,550.4830000000003,5.384400000000006,0.2905106070272486,37,59
subcategory_bioisostere.remove-O_371,Cc1ccc2c(c1)c(-c1ccc(F)cc1)c(C=C[C@@H]1C[C@@H](O)CC(=O)O1)n2C(C)C,0,authentic,authentic,,,O=C1CCC[C@@H](C=Cc2[nH]c3ccccc3c2-c2ccccc2)O1,train,407.48500000000024,5.416420000000006,0.5880043358298109,30,65
subcategory_bioisostere.remove-O_199,CNCCC(Oc1cccc2c1OCO2)c1ccc(F)c(F)c1,0,authentic,authentic,,,c1ccc(COc2cccc3c2OCO3)cc1,train,321.323,3.4231000000000025,0.8848001627695121,23,35
subcategory_bioisostere.remove-O_1002,CCC1=C(O)C(=O)N(c2cccc3ccccc23)C1,1,bioisostere,remove-O,CCOC(=O)C1=C(O)C(=O)N(c2cccc3ccccc23)C1,0 1 3 4 5 6 7 8 9 10 11 12 13 14 15 16 17,O=C1C=CCN1c1cccc2ccccc12,train,253.301,3.408500000000002,0.8905826652608665,19,33
subcategory_bioisostere.remove-O_1322,Cc1cccc(-n2nc(C)cc2C(=O)N2CCN(c3ccc(C(F)(F)F)cc3)CC2)c1,1,bioisostere,remove-O,COc1ccc(-n2nc(C)cc2C(=O)N2CCN(c3ccc(C(F)(F)F)cc3)CC2)cc1,0 1 2 3 4 5 7 8 9 10 11 12 13 14 15 16 17 18 19 20 21 22 23 24 25 26 27 28 29,O=C(c1ccnn1-c1ccccc1)N1CCN(c2ccccc2)CC1,val,428.4580000000001,4.470340000000004,0.6182194529652952,31,55
subcategory_bioisostere.remove-O_52,COc1ccc2c(c1)c1c(n2C(=O)c2ccc(N)cc2)CCCC1,0,authentic,authentic,,,O=C(c1ccccc1)n1c2c(c3ccccc31)CCCC2,train,320.39200000000017,3.799400000000002,0.7307235960031946,24,41
subcategory_bioisostere.remove-O_410,CC(C)(C)OC(=O)N1CCC(c2noc3ccc(C(F)(F)F)cc23)CC1,0,authentic,authentic,,,c1ccc2c(C3CCNCC3)noc2c1,train,370.3710000000001,4.9611000000000045,0.7118384817179767,26,47
subcategory_bioisostere.remove-O_46,Cc1ccc(S(=O)(=O)N2CCC(CNC(=O)c3nccnc3N)(c3ccccc3)CC2)cc1,0,authentic,authentic,,,O=C(NCC1(c2ccccc2)CCN(S(=O)(=O)c2ccccc2)CC1)c1cnccn1,test,465.5790000000002,2.5197199999999995,0.5775172805554593,33,56
subcategory_bioisostere.remove-O_935,CC(=O)NC1(c2ccccc2)CCN(CC[C@@]2(c3ccc(Cl)c(Cl)c3)CN(C(=O)c3ccccc3C)CO2)CC1,1,bioisostere,remove-O,COc1cc(C(=O)N2CO[C@](CCN3CCC(NC(C)=O)(c4ccccc4)CC3)(c3ccc(Cl)c(Cl)c3)C2)cc(OC)c1OC,27 29 30 31 32 33 34 35,O=C(c1ccccc1)N1CO[C@](CCN2CCC(c3ccccc3)CC2)(c2ccccc2)C1,train,580.5559999999999,6.144720000000007,0.36469206912982866,40,74
subcategory_bioisostere.remove-O_1486,CN(C)CC1(c2ccc(N3CCc4c(C#N)nn(-c5ccccc5)c4C3=O)cc2)CC1,1,bioisostere,remove-O,COc1ccc(-n2nc(C#N)c3c2C(=O)N(c2ccc(C4(CN(C)C)CC4)cc2)CC3)cc1,0 1 2 3 4 5 6 7 8 9 10 11 12 13 14 15 16 18 19 20 21 22 23 24 25 26 27 28 29 30,O=C1c2c(cnn2-c2ccccc2)CCN1c1ccc(C2CC2)cc1,train,411.5090000000001,3.5400800000000023,0.6441833320999715,31,54
subcategory_bioisostere.remove-O_1339,CCCN1CCN(C2(c3ccc(Cl)cc3)CCCCC2)C[C@H]1C,1,bioisostere,remove-O,COC(=O)CN1CCN(C2(c3ccc(Cl)cc3)CCCCC2)C[C@H]1C,0 1 2 4 5 6 7 8 9 10 11 12 13 14 15 16 17 18 19 20 21,c1ccc(C2(N3CCNCC3)CCCCC2)cc1,train,334.9350000000002,4.915500000000005,0.7710655149298618,23,40
subcategory_bioisostere.remove-O_374,O=C(Nc1ccccc1)Nc1ccc2cnccc2c1Cl,0,authentic,authentic,,,O=C(Nc1ccccc1)Nc1ccc2cnccc2c1,val,297.745,4.532200000000001,0.7297787842055187,21,31
subcategory_bioisostere.remove-O_1505,CCOC[C@H](C)CN1CCC(c2noc3cc(F)ccc23)CC1,1,bioisostere,remove-O,CC(=O)OC[C@H](C)CN1CCC(c2noc3cc(F)ccc23)CC1,0 1 3 4 5 6 7 8 9 10 11 12 13 14 15 16 17 18 19 20 21,c1ccc2c(C3CCNCC3)noc2c1,train,320.4080000000001,3.818900000000003,0.8108848350208263,23,39
subcategory_bioisostere.remove-O_270,Oc1ccc2[nH]cc(C3=CCNCC3)c2c1,0,authentic,authentic,,,C1=C(c2c[nH]c3ccccc23)CCNC1,train,214.26799999999997,2.2502000000000004,0.6815370719796524,16,28
subcategory_bioisostere.remove-O_1506,COc1ccc(C(=O)N[C@H](C(=O)N2CCC[C@H]2CN)C(C)C)cc1,1,bioisostere,remove-O,COc1ccc(C(=O)N[C@H](C(=O)N2CCC[C@H]2C(=O)N[C@H](C(=O)C(F)(F)CNC(=O)c2ccccc2)C(C)C)C(C)C)cc1,16 17 18,O=C(CCNC(=O)c1ccccc1)CNC(=O)[C@@H]1CCCN1C(=O)CNC(=O)c1ccccc1,train,333.432,1.3992999999999995,0.8239835672043665,24,48
subcategory_bioisostere.remove-O_1146,CCCN1CCC(c2ccccc2)C1,1,bioisostere,remove-O,CCCN1CCC(c2cccc(OC)c2)C1,6 7 8 9 10 11 12,c1ccc(C2CCNC2)cc1,train,189.302,2.8859000000000012,0.7064102071687411,14,20
subcategory_bioisostere.remove-O_1282,CCCC(O)/C=C/c1c(C2CC2)nc2ccccc2c1-c1ccc(F)cc1,1,bioisostere,remove-O,O=C(O)CC(=O)CC(O)/C=C/c1c(C2CC2)nc2ccccc2c1-c1ccc(F)cc1,0 1 3 4 5 6 7 8 9 10 11 12 13 14 15 16 17 18 19 20 21 22 23 24 25 26,c1ccc(-c2cc(C3CC3)nc3ccccc23)cc1,train,361.46000000000004,6.092500000000006,0.5759333144453309,27,45
subcategory_bioisostere.remove-O_110,CC(=O)CN1CCC(c2noc3cc(F)ccc23)CC1,0,authentic,authentic,,,c1ccc2c(C3CCNCC3)noc2c1,train,276.31100000000004,2.7353000000000014,0.8644504104889104,20,33
subcategory_bioisostere.remove-O_1391,CCCN1CCCC(C(=O)c2ccccc2)C1,1,bioisostere,remove-O,CCCN1CCCC(C(=O)c2ccc(OC)c(OC)c2)C1,0 1 2 3 4 5 6 7 9 10 11 12 13 14 15 16,O=C(c1ccccc1)C1CCCNC1,val,231.339,2.9913000000000016,0.7424410544468713,17,26
subcategory_bioisostere.remove-O_8,O=C(CC1Sc2ccccc2NC1=O)NO,0,authentic,authentic,,,O=C1CSc2ccccc2N1,train,238.26800000000003,0.9948999999999999,0.5301813585552886,16,24
subcategory_bioisostere.remove-O_549,CCCC1CCN(C(=O)c2ccc3c(c2)c(Cc2ccc(C(=O)NS(=O)(=O)c4ccccc4C)cc2OC)cn3C)CC1,0,authentic,authentic,,,O=C(NS(=O)(=O)c1ccccc1)c1ccc(Cc2c[nH]c3ccc(C(=O)N4CCCCC4)cc23)cc1,train,601.769,5.857120000000006,0.2593685864395415,43,73
subcategory_bioisostere.remove-O_1150,CCNCc1ccc2c(c1)C(N1CCN(C)CC1)=Nc1cc(Cl)ccc1N2,1,bioisostere,remove-O,CN1CCN(C2=Nc3cc(Cl)ccc3Nc3ccc(CNC(=O)OC(C)(C)C)cc32)CC1,0 1 3 4 5 6 7 8 9 10 11 12 13 14 15 16 17 18 19 20 21 22 23 24 25 26,c1ccc2c(c1)N=C(N1CCNCC1)c1ccccc1N2,train,383.92699999999996,3.832200000000003,0.8448383475599077,27,45
subcategory_bioisostere.remove-O_481,Nc1ccn([C@H]2CS[C@H](CO)S2)c(=O)n1,0,authentic,authentic,,,O=c1ncccn1[C@H]1CSCS1,train,245.329,0.12249999999999989,0.7701613836581848,15,34
subcategory_bioisostere.remove-O_688,O=C1N[11C](=O)C(c2ccccc2)(c2ccccc2)N1,0,authentic,authentic,,,O=C1N[11C](=O)C(c2ccccc2)(c2ccccc2)N1,test,251.27343360000003,1.7696,0.7990885568222975,19,37
subcategory_bioisostere.remove-O_669,CC(CN(C)C)Oc1ccc2oc3ccccc3c2c1,0,authentic,authentic,,,c1ccc2c(c1)oc1ccccc12,train,269.344,3.914900000000003,0.7176920316020663,20,30
subcategory_bioisostere.remove-O_863,O=c1n(-c2ccccc2)nc2c(Nc3ccccc3)nc3ccccc3n12,1,bioisostere,remove-O,O=C(Nc1nc2ccccc2n2c(=O)n(-c3ccccc3)nc12)c1ccccc1,0 1 2 3 4 5 6 7 8 9 10 11 13 14 15 16 17 18 19 20 21 22 23 24 25 26,O=C(Nc1nc2ccccc2n2c(=O)n(-c3ccccc3)nc12)c1ccccc1,test,353.38500000000005,3.777000000000002,0.5361136315765881,27,43
subcategory_bioisostere.remove-O_903,Cc1ccc(NC(=O)Nc2cc(C(C)(C)C)oc2C(C)C)cc1,1,bioisostere,remove-O,COC(=O)c1oc(C(C)(C)C)cc1NC(=O)Nc1ccc(C)cc1,0 1 2 3 4 5 6 7 8 9 10 11 12 13 14 15 16 18 19 20 21 22,O=C(Nc1ccccc1)Nc1ccoc1,train,314.42900000000003,5.652920000000004,0.7684561376096765,23,40
subcategory_bioisostere.remove-O_611,COc1cc(N)c(Cl)cc1C(=O)OCCN1CCC(CNC(=O)C(C)C)CC1,0,authentic,authentic,,,O=C(OCCN1CCCCC1)c1ccccc1,train,411.93000000000023,2.5718000000000005,0.5040399124441469,28,47
subcategory_bioisostere.remove-O_506,CCc1cn2cc(C(=O)c3ccccc3)nc2nc1OC,0,authentic,authentic,,,O=C(c1ccccc1)c1cn2cccnc2n1,val,281.31500000000005,2.5313000000000008,0.6895248660505422,21,32
subcategory_bioisostere.remove-O_288,NCC(O)CNc1nnc(-c2cccc(Cl)c2Cl)c(N)n1,0,authentic,authentic,,,c1ccc(-c2cncnn2)cc1,train,329.19100000000003,1.1590999999999996,0.6488536326671933,21,36
subcategory_bioisostere.remove-O_991,c1ccc(CN2CC[C@@H](c3ccccc3)[C@H](COc3ccccc3)C2)cc1,1,bioisostere,remove-O,c1ccc(CN2CC[C@@H](c3ccccc3)[C@H](COc3ccc4c(c3)OCO4)C2)cc1,0 1 2 3 4 5 6 7 8 9 10 11 12 13 14 15 16 18 19 20 21 22 23 24 25 26,c1ccc(CN2CC[C@@H](c3ccccc3)[C@H](COc3ccc4c(c3)OCO4)C2)cc1,train,357.49700000000007,5.371300000000005,0.5878189447441878,27,50
subcategory_bioisostere.remove-O_49,CCN(CC)CCN1Cc2[nH]c(/C=C3\C(=O)Nc4ccc(Br)cc43)c(C)c2C1=O,0,authentic,authentic,,,O=C1Nc2ccccc2/C1=C/c1cc2c([nH]1)CNC2=O,train,457.3720000000002,3.8759200000000025,0.6475516178129885,29,56
subcategory_bioisostere.remove-O_361,Oc1cc(-c2ccccn2)nc2ccc(Cl)cc12,0,authentic,authentic,,,c1ccc(-c2ccc3ccccc3n2)nc1,train,256.692,3.655800000000001,0.722769781789418,18,30
subcategory_bioisostere.remove-O_597,CC12C=CC(=O)C=C1C(F)CC1C3CCC(O)(C(=O)CO)C3(C)CC(O)C12F,0,authentic,authentic,,,O=C1C=CC2C(=C1)CCC1C3CCCC3CCC21,train,396.4300000000001,1.5977,0.6591418365408505,28,54
subcategory_bioisostere.remove-O_220,COc1cc2c(c(C)c1O)C1COc3ccccc3C1O2,0,authentic,authentic,,,c1ccc2c(c1)OC1c3ccccc3OCC21,test,284.31100000000004,3.318920000000002,0.8723768872308276,21,33
subcategory_bioisostere.remove-O_246,COc1ccc(-c2cn3nccnc3n2)c(OC)c1,0,authentic,authentic,,,c1ccc(-c2cn3nccnc3n2)cc1,train,256.265,1.8085,0.7148068919284594,19,30
subcategory_bioisostere.remove-O_468,CN(C/C=C/c1ccccc1)Cc1ccc2c(c1)C1CCC2C1,0,authentic,authentic,,,C(=C\c1ccccc1)/CNCc1ccc2c(c1)C1CCC2C1,train,303.4490000000001,5.196500000000005,0.7338551313400961,23,38
subcategory_bioisostere.remove-O_517,COc1ccccc1N1CCN(CCCON2C(=O)c3ccccc3C2=O)CC1,0,authentic,authentic,,,O=C1c2ccccc2C(=O)N1OCCCN1CCN(c2ccccc2)CC1,train,395.4590000000001,2.4351000000000003,0.5301287110615823,29,43
subcategory_bioisostere.remove-O_1052,CC(C)NCC(O)COc1ccccc1C(C)C,1,bioisostere,remove-O,C=COC(=O)c1ccccc1OCC(O)CNC(C)C,0 1 2 3 4 5 6 7 8 9 10 11 12 13 15 16,c1ccccc1,train,251.37,2.5477000000000007,0.7822680977939073,18,26
subcategory_bioisostere.remove-O_92,CCC1C(C)C2CC(OC(=O)C(O)(c3cccs3)c3cccs3)CC1[N+]2(C)C,0,authentic,authentic,,,O=C(OC1CC2CCC(C1)[NH2+]2)C(c1cccs1)c1cccs1,test,420.6200000000001,4.240600000000003,0.5812886371001783,28,52
subcategory_bioisostere.remove-O_23,CC(C)NCCCOc1ccc(-c2ccc(C(=O)N3CCOCC3)cc2)cc1,0,authentic,authentic,,,O=C(c1ccc(-c2ccccc2)cc1)N1CCOCC1,train,382.5040000000002,3.592900000000003,0.7090970323581502,28,44
subcategory_bioisostere.remove-O_509,CCS(=O)(=O)c1nnc(-c2ccccc2F)n1C,0,authentic,authentic,,,c1ccc(-c2nnc[nH]2)cc1,train,269.301,1.4148,0.8448347409376048,18,31
subcategory_bioisostere.remove-O_1530,CCC(CCc1ccccc1)NC(C)C(=O)N1[C@@H](C(=O)O)C[C@H]2CCCC[C@H]21,1,bioisostere,remove-O,CCOC(=O)C(CCc1ccccc1)NC(C)C(=O)N1[C@@H](C(=O)O)C[C@H]2CCCC[C@H]21,0 1 3 4 5 6 7 8 9 10 11 12 13 14 15 16 17 18 19 20 21 22 23 24 25 26 27,O=C(CNCCCc1ccccc1)N1CC[C@H]2CCCC[C@H]21,train,386.5360000000003,3.6202000000000023,0.7158992740457416,28,59
subcategory_bioisostere.remove-O_1575,NCc1ccc(N2C(=O)[C@H](CCC(O)c3ccc(F)cc3)C2c2ccccc2)cc1,1,bioisostere,remove-O,COc1ccc(C2[C@@H](CCC(O)c3ccc(F)cc3)C(=O)N2c2ccc(CN)cc2)cc1,0 1 2 3 4 5 6 7 8 9 10 11 12 13 14 15 16 17 18 19 20 22 23 24 25 26 27 28 29,O=C1[C@H](CCCc2ccccc2)C(c2ccccc2)N1c1ccccc1,train,404.48500000000007,4.5023000000000035,0.5698988617781875,30,53
subcategory_bioisostere.remove-O_971,CCN(C)c1cccc(-c2ccc(C(N)=O)c3[nH]c(C)c(C)c23)c1F,1,bioisostere,remove-O,C=CC(=O)N(C)c1cccc(-c2ccc(C(N)=O)c3[nH]c(C)c(C)c23)c1F,0 1 3 4 5 6 7 8 9 10 11 12 13 14 15 16 17 18 19 20 21 22 23,c1ccc(-c2cccc3[nH]ccc23)cc1,train,339.41400000000004,4.145840000000002,0.7500519845771811,25,48
subcategory_bioisostere.remove-O_478,O=C1CCc2ccc(OCCCCN3CCN(c4cccc(F)c4F)CC3)cc2N1,0,authentic,authentic,,,O=C1CCc2ccc(OCCCCN3CCN(c4ccccc4)CC3)cc2N1,train,415.48400000000004,3.830700000000003,0.6984664414296926,30,45
subcategory_bioisostere.remove-O_1003,CC(C)C[C@@H](CN)CC(C)CCC1CC1,1,bioisostere,remove-O,CC(CCC1CC1)C[C@H](CN)CC(=O)O,0 1 2 4 5 6 7 8 9 10 11 12 13 14,C1CC1,train,211.39299999999994,3.823800000000003,0.648660238162639,15,28
subcategory_bioisostere.remove-O_510,O=C(C[C@H]1S[C@H](c2ccc(Cl)cc2Cl)N(CC(=O)NCCCN2CCOCC2)C1=O)NCc1cccc(C(F)(F)F)c1,0,authentic,authentic,,,O=C(C[C@H]1S[C@H](c2ccccc2)N(CC(=O)NCCCN2CCOCC2)C1=O)NCc1ccccc1,val,647.5470000000006,4.499800000000004,0.34960568628946537,42,79
subcategory_bioisostere.remove-O_981,CCC1C(=O)N2C=CSC2=[N+](Cc2ccccc2)C1=O,1,bioisostere,remove-O,CCC1C(=O)N2C=CSC2=[N+](Cc2ccc3c(c2)OCO3)C1=O,11 12 13 14 15 16 17,O=C1CC(=O)[N+](Cc2ccc3c(c2)OCO3)=C2SC=CN12,val,287.36400000000003,2.1681,0.631692602975829,20,37
subcategory_bioisostere.remove-O_781,[2H]C([2H])(C)Oc1ccc(Cl)cc1C(=O)NCCc1ccc(S(=O)(=O)NC(=O)NC2CCCCC2)cc1,0,authentic,authentic,,,O=C(NC1CCCCC1)NS(=O)(=O)c1ccc(CCNC(=O)c2ccccc2)cc1,train,510.0522035560003,4.031800000000002,0.4719352808386502,34,69
subcategory_bioisostere.remove-O_194,C/C(=C\CN/N=C(\C)C(=O)O)c1ccccc1,0,authentic,authentic,,,c1ccccc1,train,232.28300000000002,2.1399999999999997,0.46424029510412357,17,32
subcategory_bioisostere.remove-O_1015,CCCc1nc2c(n1Cc1ccc(-c3ccccc3-c3nn[nH]n3)cc1)CCCCC2=CC(C)(C)C,1,bioisostere,remove-O,CCCc1nc2c(n1Cc1ccc(-c3ccccc3-c3nn[nH]n3)cc1)CCCC/C2=C\C(=O)O,31 32 33 34 35,C=C1CCCCc2c1ncn2Cc1ccc(-c2ccccc2-c2nn[nH]n2)cc1,train,480.66000000000037,6.886900000000007,0.3051228605627681,36,60
subcategory_bioisostere.remove-O_1247,CNc1cc(OCCCN2CCN(c3ccccc3)CC2)ccc1C,1,bioisostere,remove-O,CCN1C(=O)CCc2ccc(OCCCN3CCN(c4ccccc4)CC3)cc21.Cl.Cl,0 1 2,O=C1CCc2ccc(OCCCN3CCN(c4ccccc4)CC3)cc2N1,train,339.4830000000001,3.6278200000000025,0.7798068153575437,25,35
subcategory_bioisostere.remove-O_591,CN(C)CCCN1c2ccccc2Sc2ccc(C(F)(F)F)cc21,0,authentic,authentic,,,c1ccc2c(c1)Nc1ccccc1S2,train,352.42500000000007,5.259800000000004,0.7410247450790446,24,38
subcategory_bioisostere.remove-O_956,CCC1(CC)C[C@@H](C(C)(C)C)CN(Cc2sc(-c3cc(C#N)ccc3OC(F)F)nc2C)C1,1,bioisostere,remove-O,CC[C@@]1(C(=O)O)C[C@@H](C(C)(C)C)CN(Cc2sc(-c3cc(C#N)ccc3OC(F)F)nc2C)C1,0 1 3 4 5 6 7 8 9 10 11 12 13 14 15 16 17 18 19 20 21 22 23 24 25 26 27 28 29 30 31,c1ccc(-c2ncc(CN3CCCCC3)s2)cc1,test,475.64900000000017,7.266000000000008,0.42257047434422407,33,62
subcategory_bioisostere.remove-O_335,CCCCc1nn2c(C)c(C(=O)O)nc2n1Cc1ccc(-c2ccccc2-c2nn[nH]n2)cc1,0,authentic,authentic,,,c1ccc(-c2nn[nH]n2)c(-c2ccc(Cn3cnn4ccnc34)cc2)c1,train,456.5100000000001,3.775420000000002,0.3637238247519243,34,58
subcategory_bioisostere.remove-O_833,CN(CCc1ccccc1)CC1CCCc2c(O)cccc21,1,bioisostere,remove-O,CN(CCc1ccc2c(c1)OCO2)CC1CCCc2c(O)cccc21,0 1 2 4 5 6 7 8 9 10 11 12 13 14 15 16 17 18 19 20 21,c1ccc2c(c1)CCCC2CNCCc1ccc2c(c1)OCO2,train,295.42599999999993,3.986600000000003,0.9014079657976619,22,32
subcategory_bioisostere.remove-O_1171,CC(C)N1CCC(c2ccccc2)C1,1,bioisostere,remove-O,COc1cccc(C2CCN(C(C)C)C2)c1,6 7 8 9 10 11 12,c1ccc(C2CCNC2)cc1,train,189.302,2.8843000000000014,0.6911770048792629,14,22
subcategory_bioisostere.remove-O_1312,Fc1ccc(CN2CC[C@H](c3ccc(F)cc3)[C@@H](COc3ccccc3)C2)cc1,1,bioisostere,remove-O,Fc1ccc(CN2CC[C@H](c3ccc(F)cc3)[C@@H](COc3ccc4c(c3)OCO4)C2)cc1,0 1 2 3 4 5 6 7 8 9 10 11 12 13 14 15 16 17 18 20 21 22 23 24 25 26 27 28,c1ccc(CN2CC[C@H](c3ccccc3)[C@@H](COc3ccc4c(c3)OCO4)C2)cc1,val,393.4770000000002,5.649500000000006,0.5365978473481551,29,54
subcategory_bioisostere.remove-O_1067,CCCC(O)CC(O)/C=C/c1c(-c2ccc(F)cc2)c2ccccc2n1C(C)C,1,bioisostere,remove-O,CCCCOC(=O)CC(O)CC(O)/C=C/c1c(-c2ccc(F)cc2)c2ccccc2n1C(C)C,0 1 3 4 5 6 7 8 9 10 11 12 13 14 15 16 17 18 19 20 21 22 23 24 25 26 27 28,c1ccc(-c2c[nH]c3ccccc23)cc1,train,395.5180000000001,5.953500000000005,0.49468872501376043,29,49
subcategory_bioisostere.remove-O_1064,COc1ccc(CCc2ccccc2C)cc1,1,bioisostere,remove-O,COc1ccc(CCc2cc3c(cc2OC)OCO3)cc1,0 1 2 3 4 5 6 8 9 10 11 12 13 14 15 16,c1ccc(CCc2ccc3c(c2)OCO3)cc1,train,226.31900000000002,3.788820000000003,0.7703872395208113,17,23
subcategory_bioisostere.remove-O_428,O=C(O)c1cccc(N/C(S)=N/c2ccccc2)c1,0,authentic,authentic,,,C(=N\c1ccccc1)/Nc1ccccc1,train,272.329,3.414200000000001,0.45560929864314453,19,33
subcategory_bioisostere.remove-O_630,CO[C@H](C)CCC[C@@H]1CC/C(C)=C\CC(=O)N[C@@H](Cc2ccccc2)C(=O)N(C)CC(=O)N(C)[C@H](CC(C)C)C(=O)N2CCC[C@H]2C(=O)O1,0,authentic,authentic,,,O=C1CNC(=O)[C@H](Cc2ccccc2)NC(=O)C/C=C\CCCOC(=O)[C@@H]2CCCN2C(=O)CN1,train,682.903,4.283600000000005,0.30457784249874686,49,109
subcategory_bioisostere.remove-O_884,CCCC1C(C)CCC2C1CCC1=CC(=O)CCC12C,1,bioisostere,remove-O,CC12CCC3C(CCC4=CC(=O)CCC43C)C1C[C@@H](O)C2=O,0 1 2,O=C1C=C2CCC3C4CCC(=O)C4CCC3C2CC1,train,274.448,5.154400000000005,0.6799141754587581,20,32
subcategory_bioisostere.remove-O_1381,CCCCCCn1c(=O)c2ccccc2c2ccccc2c1=O,1,bioisostere,remove-O,O=C(O)CCn1c(=O)c2ccccc2c2ccccc2c1=O,0 1 2 3 4 5,O=c1[nH]c(=O)c2ccccc2c2ccccc12,test,307.3930000000001,4.095200000000004,0.66581216147923,23,33
subcategory_bioisostere.remove-O_968,Cc1nc(-c2ccccc2)c(-c2ccc(S(N)(=O)=O)cc2)s1,1,bioisostere,remove-O,COc1ccc(-c2nc(C)sc2-c2ccc(S(N)(=O)=O)cc2)cc1F,0 1 2 4 5 6 7 8 9 10 11 12 13 14 15 16 17 18 19 20 21,c1ccc(-c2ncsc2-c2ccccc2)cc1,train,330.434,3.432920000000001,0.7993257498575532,22,42
subcategory_bioisostere.remove-O_297,O=C(NC[C@H](O)CNc1ccc(N2CCC(F)(F)CC2=O)cc1)c1ccc(Cl)s1,0,authentic,authentic,,,O=C(NCCCNc1ccc(N2CCCCC2=O)cc1)c1cccs1,train,443.90300000000013,3.3664000000000014,0.6125253646429726,29,54
subcategory_bioisostere.remove-O_51,CC(=O)c1cccc(N2C(N)=NC(N)=NC2(C)C)c1,0,authentic,authentic,,,C1=NC=NCN1c1ccccc1,train,259.31299999999993,1.0746999999999998,0.7763005865901156,19,36
subcategory_bioisostere.remove-O_99,N#Cc1ccc(-c2ccc(OCCC(=O)O)cc2)cc1,0,authentic,authentic,,,c1ccc(-c2ccccc2)cc1,train,267.28399999999993,3.078780000000001,0.9032795385821011,20,33
subcategory_bioisostere.remove-O_144,CC(N[C@@H](CCc1ccccc1)C(=O)O)C(=O)N1CCC[C@H]1C(=O)O,0,authentic,authentic,,,O=C(CNCCCc1ccccc1)N1CCCC1,train,348.39900000000017,1.1261000000000003,0.6499831585979154,25,51
subcategory_bioisostere.remove-O_253,C[C@@H](CNC(=O)Cc1c(Cl)c(S(N)(=O)=O)cc(C(=O)O)c1NCc1ccco1)O[N+](=O)[O-],0,authentic,authentic,,,c1ccc(NCc2ccco2)cc1,train,490.87800000000027,1.1462,0.2607935427319458,32,71
subcategory_bioisostere.remove-O_460,O=C(CCc1ccc(F)cc1)c1cc(F)ccc1OCC(O)CN1CCOCC1,0,authentic,authentic,,,O=C(CCc1ccccc1)c1ccccc1OCCCN1CCOCC1,test,405.4410000000003,2.8522000000000007,0.6504831736023262,29,44
subcategory_bioisostere.remove-O_1225,CC(=O)N1CCC(c2cc(Cc3ccccc3C)nc(N)n2)CC1,1,bioisostere,remove-O,COc1ccc(Cc2cc(C3CCN(C(C)=O)CC3)nc(N)n2)cc1,0 1 2 3 4 5 6 7 8 9 11 12 13 14 15 16 17 18 19 20 21 22 23,c1ccc(Cc2cc(C3CCNCC3)ncn2)cc1,train,324.4280000000001,2.6839200000000005,0.9419695279932156,24,39
subcategory_bioisostere.remove-O_125,CC12Cc3ccccc3[C@H](Cc3ccccc31)N2,0,authentic,authentic,,,c1ccc2c(c1)C[C@@H]1NC2Cc2ccccc21,train,235.32999999999998,3.3449000000000018,0.738139058353559,18,32
subcategory_bioisostere.remove-O_477,C(/CC1CCCCC1)=N/Nc1nncc2ccccc12,0,authentic,authentic,,,C(/CC1CCCCC1)=N/Nc1nncc2ccccc12,train,268.3640000000001,3.997900000000003,0.6732712257576736,20,31
subcategory_bioisostere.remove-O_247,C=CC(C)(C)c1c(OC)cc2oc3ccc(OC)c(OC)c3c(=O)c2c1O,0,authentic,authentic,,,O=c1c2ccccc2oc2ccccc12,train,370.4010000000002,4.141200000000004,0.5371300963092384,27,47
subcategory_bioisostere.remove-O_1012,CN(C)CC1CC(Cc2ccccc2)CCC1(O)Cc1cccc(F)c1,1,bioisostere,remove-O,COc1cccc(CC2CCC(O)(Cc3cccc(F)c3)C(CN(C)C)C2)c1,0 1 2 3 4 5 6 8 9 10 11 12 13 14 15 16 17 18 19 20 21 22 23 24 25,c1ccc(CC2CCC(Cc3ccccc3)CC2)cc1,train,355.49700000000007,4.319900000000004,0.8340927190068095,26,40
subcategory_bioisostere.remove-O_108,Cc1cc(C(c2ccccc2OC(C)C)N2CCN(C)CC2)sn1,0,authentic,authentic,,,c1ccc(C(c2ccns2)N2CCNCC2)cc1,test,345.51200000000006,3.575520000000002,0.8281326745199018,24,38
subcategory_bioisostere.remove-O_575,O=C1CCc2ccc(OCCCN3CCC(O)(c4cccc(Cl)c4)CC3)cc2N1,0,authentic,authentic,,,O=C1CCc2ccc(OCCCN3CCC(c4ccccc4)CC3)cc2N1,train,414.93300000000005,3.9772000000000025,0.7017430078149025,29,47
subcategory_bioisostere.remove-O_527,COc1ccc(CCN)c(SC)c1OC,0,authentic,authentic,,,c1ccccc1,train,227.329,1.9269,0.7806186626281664,15,21
subcategory_bioisostere.remove-O_379,C=CCSC[C@H]1Nc2cc(Cl)c(S(N)(=O)=O)cc2S(=O)(=O)N1,0,authentic,authentic,,,O=S1(=O)NCNc2ccccc21,train,383.9040000000001,0.9365000000000001,0.5139399739139099,22,48
subcategory_bioisostere.remove-O_1581,CC(C)[C@H](CCc1ccccc1)N[C@@H](C)C(=O)N1[C@H](C(=O)O)C[C@H]2CCCC[C@@H]21,1,bioisostere,remove-O,CCOC(=O)[C@H](CCc1ccccc1)N[C@@H](C)C(=O)N1[C@H](C(=O)O)C[C@H]2CCCC[C@@H]21.Cl,0 1 2 4 5 6 7 8 9 10 11 12 13 14 15 16 17 18 19 20 21 22 23 24 25 26 27 28,O=C(CNCCCc1ccccc1)N1CC[C@H]2CCCC[C@@H]21,train,400.5630000000003,3.8662000000000027,0.6950471627237637,29,71
subcategory_bioisostere.remove-O_133,CCC(O)(Cn1cncn1)c1ccc(F)cc1F,0,authentic,authentic,,,c1ccc(CCn2cncn2)cc1,train,253.25199999999998,1.8541,0.9043298575956314,18,28
subcategory_bioisostere.remove-O_1209,CN(C)CCN(C)S(=O)(=O)c1ccc(Cl)c(C(=O)OCN(C(=O)c2ccccc2)[SH](=O)=O)c1Cl,1,bioisostere,remove-O,COc1cc(C(C)C)c2c(c1)S(=O)(=O)N(COC(=O)c1c(Cl)ccc(S(=O)(=O)N(C)CCN(C)C)c1Cl)C2=O,21 23 24 25 26 27 28,O=C(OCN1C(=O)c2ccccc2S1(=O)=O)c1ccccc1,train,552.4580000000002,1.9586000000000001,0.2699153249467141,34,69
subcategory_bioisostere.remove-O_998,N#CCC[S@@](=O)C(c1ccccc1)c1ccccc1,1,bioisostere,remove-O,NC(=O)C[S@@](=O)C(c1ccccc1)c1ccccc1,0 1 2 3 5 6 7 8 9 10 11 12 13 14 15 16 17 18,c1ccc(Cc2ccccc2)cc1,train,269.369,3.438380000000002,0.8339475326524707,19,33
subcategory_bioisostere.remove-O_1109,Cc1cccc(Oc2c(C(C)C)cc(CC(N)C(=O)O)cc2C(C)C)c1,1,bioisostere,remove-O,CC(C)c1cc(Oc2c(C(C)C)cc(CC(N)C(=O)O)cc2C(C)C)ccc1O,0 1 2 3 4 5 7 8 9 10 11 12 13 14 15 16 17 18 19 20 21 22 23 24,c1ccc(Oc2ccccc2)cc1,train,355.47800000000007,4.988520000000004,0.7338082148122128,26,45
subcategory_bioisostere.remove-O_1287,CCCC=C/C(C)=C/c1ccc(F)c2ccccc12,1,bioisostere,remove-O,CC(/C=C/C(=O)C1=C(O)CN(C)C1=O)=C\c1ccc(F)c2ccccc12,0 1 2 3,O=C(/C=C/C=C/c1cccc2ccccc12)C1=CCNC1=O,train,254.34799999999998,5.738500000000005,0.6103082299048831,19,31
subcategory_bioisostere.remove-O_1132,CC(C)Cc1nc(-c2ccccc2)sc1C(=O)O,1,bioisostere,remove-O,COc1ccc(-c2nc(CC(C)C)c(C(=O)O)s2)c(F)c1,0 1 2 3 4 5 7 8 9 10 11 12 13 14 15 16 17,c1ccc(-c2nccs2)cc1,train,261.346,3.706800000000002,0.9124079481693469,18,30
subcategory_bioisostere.remove-O_326,Cc1ccc([C@H]2C=C(c3ccc(F)c(F)c3)Nc3ncnn32)cc1,0,authentic,authentic,,,C1=C(c2ccccc2)Nc2ncnn2[C@H]1c1ccccc1,train,324.334,3.920720000000002,0.7767582790135872,24,45
subcategory_bioisostere.remove-O_735,COc1cccc(C2(O)CCCCC2CN(C)C(=O)C(F)(F)F)c1,0,authentic,authentic,,,c1ccc(C2CCCCC2)cc1,train,345.36099999999993,3.093700000000002,0.9122892284085643,24,41
subcategory_bioisostere.remove-O_882,COc1ccc(CCc2ccccc2)cc1,1,bioisostere,remove-O,COc1ccc(CCc2cc3c(cc2OC)OCO3)cc1,0 1 2 3 4 5 6 8 9 10 11 12 13 14 15,c1ccc(CCc2ccc3c(c2)OCO3)cc1,train,212.29200000000003,3.480400000000002,0.7535639766327392,16,22
subcategory_bioisostere.remove-O_320,O=C(Cc1nc(-c2ccc(Cl)cc2)oc1-c1ccco1)OCc1cccnc1,0,authentic,authentic,,,O=C(Cc1nc(-c2ccccc2)oc1-c1ccco1)OCc1cccnc1,train,394.81400000000014,4.935900000000004,0.43103054929119805,28,46
subcategory_bioisostere.remove-O_1573,O=C1c2c(c(C(F)(F)F)nn2-c2ccccc2)CCN1c1ccc(C2(C(=O)N3CCC(O)CC3)CC2)cc1,1,bioisostere,remove-O,COc1ccc(-n2nc(C(F)(F)F)c3c2C(=O)N(c2ccc(C4(C(=O)N5CCC(O)CC5)CC4)cc2)CC3)cc1,0 1 2 3 4 5 6 7 8 9 11 12 13 14 15 16 17 18 19 20 21 22 23 24 25 26 27 28 29 30 31 32 33 34 35 36 37,O=C1c2c(cnn2-c2ccccc2)CCN1c1ccc(C2(C(=O)N3CCCCC3)CC2)cc1,test,524.5430000000005,4.108900000000003,0.5574739250095467,38,69
subcategory_bioisostere.remove-O_621,CN(C)C(=O)N1CC[C@H](c2ccc(F)cc2)[C@@H](COc2ccc3c(c2)OCO3)C1,0,authentic,authentic,,,c1ccc([C@H]2CCNC[C@@H]2COc2ccc3c(c2)OCO3)cc1,train,400.4500000000002,3.720500000000003,0.7850331692201702,29,59
subcategory_bioisostere.remove-O_348,CN(C)CC1CCCC(=O)OC[C@H](NC(=O)C(Cc2ccccc2)NC(=O)OC(C)(C)C)C(=O)N[C@@H](CC2CCCCC2)[C@@H](O)C(=O)O1,0,authentic,authentic,,,O=C(CCc1ccccc1)N[C@H]1COC(=O)CCCCOC(=O)C[C@H](CC2CCCCC2)NC1=O,train,674.8359999999999,2.623800000000004,0.22542833269542173,48,97
subcategory_bioisostere.remove-O_208,O=C(O)c1ccc2oc3ccc(S(=O)(=O)NCCO)cc3c(=O)c2c1,0,authentic,authentic,,,O=c1c2ccccc2oc2ccccc12,train,363.34700000000015,0.915,0.5737410208858086,25,45
subcategory_bioisostere.remove-O_475,COc1cc(N)c(Cl)cc1C(=O)N[C@H]1CCN(CC2CCN(C(=O)C(C)(C)C)CC2)C[C@H]1OC,0,authentic,authentic,,,O=C(NC1CCN(CC2CCNCC2)CC1)c1ccccc1,train,495.0640000000005,3.034600000000001,0.5898502532039547,34,67
subcategory_bioisostere.remove-O_1471,CC1CN=C(c2nn(-c3ccccc3)c3c2CCN(c2ccc(N4CCCCC4=O)cc2)C3=O)N1,1,bioisostere,remove-O,COc1ccc(-n2nc(C3=NCC(C)N3)c3c2C(=O)N(c2ccc(N4CCCCC4=O)cc2)CC3)cc1,0 1 2 3 4 5 6 8 9 10 11 12 13 14 15 16 17 18 19 20 21 22 23 24 25 26 27 28 29 30 31 32 33 34,O=C1CCCCN1c1ccc(N2CCc3c(C4=NCCN4)nn(-c4ccccc4)c3C2=O)cc1,val,468.5610000000003,3.330400000000002,0.6368360834242076,35,59
subcategory_bioisostere.remove-O_425,CC(NC(=O)CN1C(=O)NC2(CCCCC2)C1=O)c1ccccc1,0,authentic,authentic,,,O=C(CN1C(=O)NC2(CCCCC2)C1=O)NCc1ccccc1,train,329.4,2.118499999999999,0.8306301733988803,24,41
subcategory_bioisostere.remove-O_1189,COc1ccccc1C(=O)N1CCC(N2CCC(C3(c4ccc(S(=O)(=O)c5ccccc5)cc4)OCCO3)CC2)CC1,1,bioisostere,remove-O,COc1ccc(S(=O)(=O)c2ccc(C3(C4CCN(C5CCN(C(=O)c6ccccc6OC)CC5)CC4)OCCO3)cc2)cc1,0 1 2 3 4 5 6 7 8 9 10 11 12 13 14 15 16 17 18 19 20 21 22 24 25 26 27 28 29 30 31 32 33 34 35 36 37 38 39 40 41,O=C(c1ccccc1)N1CCC(N2CCC(C3(c4ccc(S(=O)(=O)c5ccccc5)cc4)OCCO3)CC2)CC1,train,590.7419999999998,4.744400000000005,0.39292909328934655,42,71
subcategory_bioisostere.remove-O_323,CCCc1nc(C(C)O)c(C(=O)O)n1Cc1ccc(-c2ccccc2-c2nn[nH]n2)cc1,0,authentic,authentic,,,c1ccc(-c2nn[nH]n2)c(-c2ccc(Cn3ccnc3)cc2)c1,train,432.4840000000001,3.4825000000000017,0.38849883127169843,32,56
subcategory_bioisostere.remove-O_122,Cc1ccc(OCC(O)CNC(C)C)c(/C=C/CO)c1,0,authentic,authentic,,,c1ccccc1,train,279.38,1.7382199999999997,0.6781260297282617,20,33
subcategory_bioisostere.remove-O_149,COc1cc(N)c(Cl)cc1C(=O)CCC1CCN(CC2CCCCC2)CC1,0,authentic,authentic,,,O=C(CCC1CCN(CC2CCCCC2)CC1)c1ccccc1,train,392.9710000000003,5.186000000000005,0.5122893755677398,27,43
subcategory_bioisostere.remove-O_928,COC(=O)CN1CCc2c(C(F)(F)F)nn(-c3ccccc3)c2C1=O,1,bioisostere,remove-O,COC(=O)CN1CCc2c(C(F)(F)F)nn(-c3ccc(OC)cc3)c2C1=O,0 1 2 3 4 5 6 7 8 9 10 11 12 13 14 16 17 18 19 20 21 22 23 24,O=C1NCCc2cnn(-c3ccccc3)c21,train,353.30000000000007,2.0624000000000002,0.7926982967379232,25,44
subcategory_bioisostere.remove-O_609,CC[C@H](NC(=O)c1c(C)c(-c2ccccc2)nc2ccccc12)c1ccccc1,0,authentic,authentic,,,O=C(NCc1ccccc1)c1cc(-c2ccccc2)nc2ccccc12,val,380.4910000000001,6.091320000000005,0.45500495824376647,29,51
subcategory_bioisostere.remove-O_1155,COc1ccc([C@H](C=O)[C@@H](c2ccccc2)c2ccc(OCCN3CCC(C)CC3)cc2)cc1,1,bioisostere,remove-O,COc1ccc([C@@H]2C(=O)c3ccc(OC)cc3[C@H]2c2ccc(OCCN3CCC(C)CC3)cc2)cc1,9 10 11 12 13 14 15,O=C1c2ccccc2[C@@H](c2ccc(OCCN3CCCCC3)cc2)[C@@H]1c1ccccc1,train,457.6140000000004,5.920500000000006,0.35432161513504906,34,62
subcategory_bioisostere.remove-O_501,C=C1C[C@H]([C@H]2C[C@@]34C=C[C@]2(OC)[C@@H]2Oc5c(O)ccc6c5[C@@]23CCN(CC2CC2)[C@@H]4C6)OC1=O,0,authentic,authentic,,,C=C1C[C@H]([C@H]2C[C@@]34C=CC2[C@@H]2Oc5cccc6c5[C@@]23CCN(CC2CC2)[C@@H]4C6)OC1=O,test,461.5580000000004,3.264400000000002,0.4218269636129127,34,90
subcategory_bioisostere.remove-O_989,CCC(O)(c1ccccc1C)C(CN1CCOCC1)c1ccccc1,1,bioisostere,remove-O,CCC(O)(c1ccc(OC)cc1)C(CN1CCOCC1)c1ccccc1.Cl,0 1 3 4 5 6 7 8 9 10 11 12 13 14 15 16 17 18 19 20 21 22 23 24,c1ccc(CC(CN2CCOCC2)c2ccccc2)cc1,train,339.479,3.7086200000000025,0.8707553576414432,25,37
subcategory_bioisostere.remove-O_618,NCCCCNc1nc(N)c2cc(-c3ccccc3)ccc2n1,0,authentic,authentic,,,c1ccc(-c2ccc3ncncc3c2)cc1,train,307.401,3.0298000000000025,0.6090039157360928,23,34
subcategory_bioisostere.remove-O_593,CC(c1cc2ccncc2s1)N(O)C(N)=O,0,authentic,authentic,,,c1cc2ccsc2cn1,train,237.284,2.1271999999999998,0.6198992341898657,16,27
subcategory_bioisostere.remove-O_1019,CCN(CC)C(=NSC)c1ccc(N2CCc3c(C(F)(F)F)nn(-c4ccc(OC)cc4)c3C2=O)cc1,1,bioisostere,remove-O,CCN(CC)C(=NS(C)(=O)=O)c1ccc(N2CCc3c(C(F)(F)F)nn(-c4ccc(OC)cc4)c3C2=O)cc1,6 7 8,O=C1c2c(cnn2-c2ccccc2)CCN1c1ccccc1,train,531.6040000000003,5.469000000000005,0.22995067052391818,37,64
subcategory_bioisostere.remove-O_62,CCCCC1NC(=O)OC12CCN(CCc1c[nH]c3ccccc13)CC2,0,authentic,authentic,,,O=C1NCC2(CCN(CCc3c[nH]c4ccccc34)CC2)O1,train,355.4820000000001,3.843600000000002,0.8275557862561573,26,42
subcategory_bioisostere.remove-O_1251,COCc1cc(C(O)CNC(C)Cc2ccccc2)ccc1O,1,bioisostere,remove-O,COCc1cc(C(O)CNC(C)Cc2ccc(OC)cc2)ccc1O,0 1 2 3 4 5 6 7 8 9 10 11 13 14 15 16 17 18 19 20 21 22,c1ccc(CCNCCc2ccccc2)cc1,train,315.413,2.792800000000001,0.7008568484277532,23,33
subcategory_bioisostere.remove-O_431,C=CCc1ccc2c(c1)Sc1ccccc1C(N1CCN(CCOCC(O)(O)O)CC1)=N2,0,authentic,authentic,,,c1ccc2c(c1)N=C(N1CCNCC1)c1ccccc1S2,train,455.5800000000003,2.222900000000002,0.33517975779959924,32,52
subcategory_bioisostere.remove-O_542,CC(/C=N/Nc1nnc(N/N=C/C(C)=C/c2ccccc2)c2ccccc12)=C\c1ccccc1,0,authentic,authentic,,,C(=C\c1ccccc1)/C=N/Nc1nnc(N/N=C/C=C/c2ccccc2)c2ccccc12,test,446.55800000000016,6.632200000000005,0.23519466232617256,34,58
subcategory_bioisostere.remove-O_93,NC1(N)NC(=O)c2ncn(COCCO)c2N1,0,authentic,authentic,,,O=C1NCNc2[nH]cnc21,train,242.23899999999995,-2.4664999999999986,0.29092447865721527,17,28
subcategory_bioisostere.remove-O_1414,CC(C)(Cc1ccccc1)NCC(O)c1ccccc1,1,bioisostere,remove-O,CC(C)(Cc1ccccc1)NCC(O)c1ccc(O)c(CO)c1,0 1 2 3 4 5 6 7 8 9 10 11 13 14 15 16 17 18,c1ccc(CCNCCc2ccccc2)cc1,train,269.388,3.3309000000000015,0.8427973748646176,20,30
subcategory_bioisostere.remove-O_58,ClC1CC1N1c2ccccc2N=C(N2CCNCC2)c2ccccc21,0,authentic,authentic,,,c1ccc2c(c1)N=C(N1CCNCC1)c1ccccc1N2C1CC1,val,352.86900000000014,3.5013000000000023,0.7968132093178136,25,39
subcategory_bioisostere.remove-O_1464,CN(C)c1nc2n(Cc3ccc(F)cc3)c(O)cc(=O)n2c1N,1,bioisostere,remove-O,CN1CN(C)c2nc3n(Cc4ccc(F)cc4)c(O)cc(=O)n3c2C1=O,21 22,O=C1NCNc2nc3n(Cc4ccccc4)ccc(=O)n3c21,train,317.3240000000001,1.0372,0.7532421554933765,23,40
subcategory_bioisostere.remove-O_691,CCCc1nc(C(=O)OC)c(C(=O)OC)n1Cc1ccc(-c2ccccc2C2=NN=NC2)cc1,0,authentic,authentic,,,c1ccc(-c2ccc(Cn3ccnc3)cc2)c(C2=NN=NC2)c1,test,459.50600000000014,4.294000000000004,0.4670225070728204,34,57
subcategory_bioisostere.remove-O_350,CCCc1nc(CC)c(C(=O)O)n1C(c1cccc(F)c1)c1ccccc1-c1nn[nH]n1,0,authentic,authentic,,,c1ccc(C(c2ccccc2-c2nn[nH]n2)n2ccnc2)cc1,test,434.47500000000014,4.053100000000002,0.4329142505412567,32,55
subcategory_bioisostere.remove-O_1364,CCN1CCC(c2ccc(F)cc2)C(COc2ccccc2)C1,1,bioisostere,remove-O,CCN1CCC(c2ccc(F)cc2)C(COc2ccc3c(c2)OCO3)C1,0 1 2 3 4 5 6 7 8 9 10 11 12 13 14 16 17 18 19 20 21 22,c1ccc(C2CCNCC2COc2ccc3c(c2)OCO3)cc1,train,313.416,4.330100000000003,0.8144220135993081,23,35
subcategory_bioisostere.remove-O_345,CC1CCCc2nc3c(c(=O)n21)CCC3,0,authentic,authentic,,,O=c1c2c(nc3n1CCCC3)CCC2,train,204.27299999999997,1.6293,0.643471212053564,15,26
subcategory_bioisostere.remove-O_1066,COC(=O)C1CCCN1C(=O)C(C)NC(CCc1ccccc1)C(C)C,1,bioisostere,remove-O,COC(=O)C(CCc1ccccc1)NC(C)C(=O)N1CCCC1C(=O)OC,0 1 2 3 4 5 6 7 8 9 10 11 12 13 15 16 17 18 19 20 21 22 23 24,O=C(CNCCCc1ccccc1)N1CCCC1,train,360.49800000000005,2.7859000000000007,0.7244375125418597,26,42
subcategory_bioisostere.remove-O_1502,O=C1c2c(c(C(F)(F)F)nn2-c2ccccc2)CCN1c1ccc(C2(N3CCCC3=O)CC2)cc1,1,bioisostere,remove-O,COc1ccc(-n2nc(C(F)(F)F)c3c2C(=O)N(c2ccc(C4(N5CCCC5=O)CC4)cc2)CC3)cc1,0 1 2 3 4 5 6 7 8 9 11 12 13 14 15 16 17 18 19 20 21 22 23 24 25 26 27 28 29 30 31 32 33 34,O=C1c2c(cnn2-c2ccccc2)CCN1c1ccc(C2(N3CCCC3=O)CC2)cc1,train,480.4900000000004,4.705500000000003,0.5438325938243944,35,62
subcategory_bioisostere.remove-O_1488,CN(C)CCCc1ccc(OCCCCN2CCN(c3cccc(Cl)c3Cl)CC2)cc1,1,bioisostere,remove-O,CCC(C)C(=O)OCN1C(=O)CCc2ccc(OCCCCN3CCN(c4cccc(Cl)c4Cl)CC3)cc21,0 1 2 3 4 5 6,O=C1CCc2ccc(OCCCCN3CCN(c4ccccc4)CC3)cc2N1,train,464.4810000000001,5.468800000000006,0.4107913667109711,31,47
subcategory_bioisostere.remove-O_1245,CNCC(c1ccccc1)c1ccccc1,1,bioisostere,remove-O,CNCC(c1ccccc1)c1ccc(OC)c(OC)c1,0 1 2 4 5 6 7 8 9 10 11 12 13 14 15,c1ccc(Cc2ccccc2)cc1,train,211.308,3.0379000000000014,0.8193145221204717,16,22
subcategory_bioisostere.remove-O_1158,Cc1cccc(C[C@H]2NC(=O)/C=C/C[C@@H]([C@H](C)[C@H]3O[C@@H]3c3ccccc3)OC(=O)[C@H](CC(C)C)OC(=O)[C@H](C(C)C)NC2=O)c1,1,bioisostere,remove-O,COc1ccc(C[C@H]2NC(=O)/C=C/C[C@@H]([C@H](C)[C@H]3O[C@@H]3c3ccccc3)OC(=O)[C@H](CC(C)C)OC(=O)[C@H](C(C)C)NC2=O)cc1Cl,0 1 2 3 4 5 6 44,O=C1/C=C/C[C@@H](C[C@H]2O[C@@H]2c2ccccc2)OC(=O)COC(=O)CNC(=O)[C@@H](Cc2ccccc2)N1,train,618.7710000000003,4.768920000000004,0.322835497464299,45,110
subcategory_bioisostere.remove-O_402,Cc1ccc(/C=C/C(=N\Nc2nncc3ccccc23)c2ccc(F)cc2)cc1,0,authentic,authentic,,,C(=C\c1ccccc1)/C(=N\Nc1nncc2ccccc12)c1ccccc1,train,382.4420000000001,5.606920000000004,0.36064000143222913,29,48
subcategory_bioisostere.remove-O_513,COc1c(O)cc2c(c1OC)-c1ccc(OC)c(=O)cc1[C@@H](NC(=O)CO)CC2,0,authentic,authentic,,,O=c1cccc2c(c1)CCCc1ccccc1-2,train,401.4150000000002,1.5409999999999997,0.6962535584556115,29,55
subcategory_bioisostere.remove-O_1178,COC(=O)N1C(c2ccccc2)=NN=C(c2ccccc2)N1C(C)C,1,bioisostere,remove-O,COC(=O)N1C(c2ccccc2)=NN=C(c2ccccc2)N1C(=O)OC,2 3,c1ccc(C2=NN=C(c3ccccc3)NN2)cc1,train,336.3950000000001,3.5024000000000024,0.8617771079446405,25,42
subcategory_bioisostere.remove-O_1420,O=C(c1ccccc1)c1c(-c2ccccc2F)oc2ccccc12,1,bioisostere,remove-O,CCN(CC)CCCOc1ccc(C(=O)c2c(-c3ccccc3F)oc3ccccc23)cc1,1 2 3 4 5 6 7,O=C(c1ccccc1)c1c(-c2ccccc2)oc2ccccc12,train,316.331,5.4699000000000035,0.4691156909584764,24,38
subcategory_bioisostere.remove-O_708,Cc1ccc(C)n1Nc1ccc(N(CC(C)O)CC(C)O)nn1,0,authentic,authentic,,,c1cnnc(Nn2cccc2)c1,val,319.40900000000005,1.3381399999999997,0.7138235288254704,23,37
subcategory_bioisostere.remove-O_461,Cc1ccc(OC(c2ccc(F)cc2)C2CCCNC2)cc1,0,authentic,authentic,,,c1ccc(OC(c2ccccc2)C2CCCNC2)cc1,train,299.389,4.253820000000003,0.91081375841464,22,34
subcategory_bioisostere.remove-O_660,Cc1c(Cl)nc(N2CCN(C)CC2)nc1NC(C)C,0,authentic,authentic,,,c1cnc(N2CCNCC2)nc1,val,283.807,2.0105199999999996,0.8599841113476344,19,32
subcategory_bioisostere.remove-O_1335,COc1ccc(-c2nc(C(F)(F)F)c(C(C)C)s2)cc1,1,bioisostere,remove-O,CCOC(=O)c1sc(-c2ccc(OC)cc2)nc1C(F)(F)F,0 1 2 3 4 5 6 7 8 9 10 11 12 14 15 16 17 18 19,c1ccc(-c2nccs2)cc1,train,301.33299999999997,4.960900000000003,0.7989870057678566,20,37
subcategory_bioisostere.remove-O_337,CCOC(=O)C(NC(C)C(=O)N1CCC[C@H]1C(=O)O)[C@@H](N)Cc1ccccc1,0,authentic,authentic,,,O=C(CNCCCc1ccccc1)N1CCCC1,train,391.468,0.5418000000000032,0.5253028947083299,28,56
subcategory_bioisostere.remove-O_622,COc1cc(-c2ccc(-c3ccc(C(=O)O)cc3)[nH]2)nc2c(C(C)C)cccc12,0,authentic,authentic,,,c1ccc(-c2ccc(-c3ccc4ccccc4n3)[nH]2)cc1,val,386.45100000000014,5.7271000000000045,0.45940331030168624,29,55
subcategory_bioisostere.remove-O_1512,Cc1ccccc1C1C(c2ccc(F)cc2)C(=O)N1CCc1ccccc1,1,bioisostere,remove-O,O=C1C(c2ccc(F)cc2)C(c2ccc(O)cc2)N1CCc1ccccc1,0 1 2 3 4 5 6 8 9 10 11 12 13 14 15 16 17 18 19 20 21 22 23 24 25 26,O=C1C(c2ccccc2)C(c2ccccc2)N1CCc1ccccc1,train,359.44400000000013,5.043920000000004,0.5842890146592759,27,42
subcategory_bioisostere.remove-O_1061,CC1CCCN1C(=O)c1ccc(-c2ccccc2)cc1,1,bioisostere,remove-O,CCN(CC)CCCOc1ccc(-c2ccc(C(=O)N3CCCC3C)cc2)cc1,11 12 13 14 15 16 17,O=C(c1ccc(-c2ccccc2)cc1)N1CCCC1,val,265.35600000000005,3.978100000000003,0.8040058641422021,20,32
subcategory_bioisostere.remove-O_1413,COc1cc2c(cc1-c1ccccc1)N=C[C@@H]1C/C(=C\C(=O)NCCN3C(=O)c4cccc5cccc(c45)C3=O)CN1C2=O,1,bioisostere,remove-O,COc1cc2c(cc1OCc1ccccc1)N=C[C@@H]1C/C(=C\C(=O)NCCN3C(=O)c4cccc5cccc(c45)C3=O)CN1C2=O,7 8 9 10 11 12 13,O=C(/C=C1\C[C@H]2C=Nc3cc(OCc4ccccc4)ccc3C(=O)N2C1)NCCN1C(=O)c2cccc3cccc(c23)C1=O,train,584.6320000000002,4.784600000000004,0.25920841932179334,44,82
subcategory_bioisostere.remove-O_113,Cc1nc(CC(=O)O)c(-c2ccco2)o1,0,authentic,authentic,,,c1coc(-c2cnco2)c1,test,207.18499999999997,1.87012,0.8307877081098112,15,27
subcategory_bioisostere.remove-O_1338,O=C1OC(O)(c2ccccc2)C(Cc2ccccc2)=C1c1ccccc1,1,bioisostere,remove-O,O=C1OC(O)(c2ccccc2)C(Cc2ccccc2)=C1c1ccc2c(c1)OCO2,0 1 2 3 4 5 6 7 8 9 10 11 12 13 14 15 16 17 18 20 21 22 23 24,O=C1OC(c2ccccc2)C(Cc2ccccc2)=C1c1ccc2c(c1)OCO2,test,342.39400000000006,4.0850000000000035,0.7267253422714044,26,42
subcategory_bioisostere.remove-O_886,CC1CNC(Nc2ccc(Sc3ccccc3)cc2)=N1,1,bioisostere,remove-O,COc1ccc(Sc2ccc(NC3=NC(C)CN3)cc2)cc1,0 1 2 3 4 5 6 7 8 9 11 12 13 14 15 16 17 18 19,c1ccc(Sc2ccc(NC3=NCCN3)cc2)cc1,val,283.40000000000003,3.597400000000002,0.9033843343323613,20,31
subcategory_bioisostere.remove-O_1405,Nc1nc(N)c2c(CSc3ccccc3)c[nH]c2n1,1,bioisostere,remove-O,COc1ccc(SCc2c[nH]c3nc(N)nc(N)c23)cc1OC,0 1 2 3 4 5 6 7 9 10 11 12 13 14 15 16 17 18,c1ccc(SCc2c[nH]c3ncncc23)cc1,train,271.34900000000005,2.4146,0.635955654953569,19,32
subcategory_bioisostere.remove-O_372,CC(C)C[C@H](O)[C@H](O)[C@H](CC1CCCCC1)NC(=O)[C@H](Cc1cscn1)NC(=O)[C@H]1[C@H](C2CCCCC2)[C@@H]1S(=O)(=O)C(C)C,0,authentic,authentic,,,O=C(NCCC1CCCCC1)[C@H](Cc1cscn1)NC(=O)[C@@H]1C[C@H]1C1CCCCC1,val,653.9520000000001,4.411600000000003,0.21942793468876234,44,107
subcategory_bioisostere.remove-O_262,CCCCCc1cc2c(c(O)c1C(=O)O)-c1cc(C)c(O)cc1C(C)(C)O2,0,authentic,authentic,,,c1ccc2c(c1)COc1ccccc1-2,train,370.4450000000001,5.131620000000005,0.6350869946026072,27,49
subcategory_bioisostere.remove-O_705,CN(C)CCN(C)C(=O)C1=C/C(=C\c2ccccn2)c2ccccc21,0,authentic,authentic,,,C1=Cc2ccccc2/C1=C/c1ccccn1,train,333.43500000000006,3.039200000000002,0.8437546210864244,25,44
subcategory_bioisostere.remove-O_1059,O=S(=O)(c1ccccc1)N(CCN1CCCCC1)Cc1ccccc1,1,bioisostere,remove-O,CCCc1nn(C)c2c(=O)[nH]c(-c3cc(S(=O)(=O)N(CCN4CCCCC4)Cc4ccccc4)ccc3OCC)cc12,1 3 4 5 6 7 8,O=c1[nH]c(-c2cccc(S(=O)(=O)N(CCN3CCCCC3)Cc3ccccc3)c2)cc2cn[nH]c12,val,358.507,3.363400000000002,0.7619175060010757,25,39
subcategory_bioisostere.remove-O_954,COc1c2c(cc3c(-c4ccccc4F)noc13)CC(C(C)C)O2,1,bioisostere,remove-O,COc1c2c(cc3c(-c4ccccc4F)noc13)CC(C(=O)O)O2,19 20 21 22,c1ccc(-c2noc3cc4c(cc23)CCO4)cc1,train,327.355,4.602000000000004,0.7049314859929134,24,41
subcategory_bioisostere.remove-O_1139,CCOc1ccc(Cc2oc3ccccc3c2C(=O)c2ccccc2C)cc1,1,bioisostere,remove-O,CCOc1ccc(Cc2oc3ccccc3c2C(=O)c2ccc(OC)cc2)cc1,17 19 20 21 22 23 24 25,O=C(c1ccccc1)c1c(Cc2ccccc2)oc2ccccc12,train,370.4480000000001,5.961720000000005,0.39305157545388164,28,41
subcategory_bioisostere.remove-O_1396,Cc1cccc(-n2nc(C(N)=O)c3c2C(=O)N(c2ccc(N4CCCC(=O)C4)cc2F)CC32CC2)c1,1,bioisostere,remove-O,COc1ccc(-n2nc(C(N)=O)c3c2C(=O)N(c2ccc(N4CCCC(=O)C4)cc2F)CC32CC2)cc1,0 1 2 3 4 5 7 8 9 10 11 12 13 14 15 16 17 18 19 20 21 22 23 24 25 26 27 28 29 30 31 32 33 34,O=C1CCCN(c2ccc(N3CC4(CC4)c4cnn(-c5ccccc5)c4C3=O)cc2)C1,train,487.5350000000004,3.280020000000002,0.6087157545072766,36,66
subcategory_bioisostere.remove-O_649,COc1c(C)cnc(CS(=O)c2nc3c(C)c(OC(F)F)c(C)cc3[nH]2)c1C,0,authentic,authentic,,,O=S(Cc1ccccn1)c1nc2ccccc2[nH]1,train,409.4580000000001,4.1093800000000025,0.6630282168509274,28,52
subcategory_bioisostere.remove-O_256,CC(=O)Oc1ccc2c3c1O[C@H]1[C@@H](OC(C)=O)CC[C@H]4[C@@H](C2)N(C)CC[C@@]341,0,authentic,authentic,,,c1cc2c3c(c1)O[C@H]1CCC[C@H]4[C@@H](C2)NCC[C@]314,test,371.43300000000016,2.2126,0.5866890852189373,27,71
subcategory_bioisostere.remove-O_1111,CCN[C@@H]1CCc2cc3c(c(OC)c2-c2ccc(OC)c(=O)cc21)OCO3,1,bioisostere,remove-O,COc1c2c(cc3c1-c1ccc(OC)c(=O)cc1[C@H](NC(C)=O)CC3)OCO2,0 1 2 4 5 6 7 8 9 10 11 12 13 14 15 16 17 18 19 20 21 22 23 24 25 26,O=c1cccc2c(c1)CCCc1cc3c(cc1-2)OCO3,train,369.41700000000014,3.0565000000000007,0.89358541103267,27,50
subcategory_bioisostere.remove-O_838,O=C1c2cc(CN(C(=O)C(F)(F)F)c3ccc(OC(F)F)cc3F)nn2CCN1Cc1ccccc1,1,bioisostere,remove-O,COc1ccc(CN2CCn3nc(CN(C(=O)C(F)(F)F)c4ccc(OC(F)F)cc4F)cc3C2=O)cc1,0 1 2 3 4 5 6 7 8 9 10 11 12 13 14 15 16 17 18 19 20 21 22 23 24 25 26 27 28 30 31 32 33 34,O=C1c2cc(CNc3ccccc3)nn2CCN1Cc1ccccc1,test,512.4100000000002,4.375100000000002,0.4412309139751248,36,60
subcategory_bioisostere.remove-O_1357,CN(C)CC(c1ccccc1)C1(O)CCC(O)CC1,1,bioisostere,remove-O,COc1ccc(C(CN(C)C)C2(O)CCC(O)CC2)cc1,0 1 2 3 5 6 7 8 9 10 11 12 13 14 15 16 17 18,c1ccc(CC2CCCCC2)cc1,train,263.381,1.9977999999999998,0.8729789042482088,19,31
subcategory_bioisostere.remove-O_1076,CC(=O)N1CCCN(C(=O)c2nn(-c3cccc(C)c3)c3c2COCC3)CC1,1,bioisostere,remove-O,COc1ccc(-n2nc(C(=O)N3CCCN(C(C)=O)CC3)c3c2CCOC3)cc1,0 1 2 3 4 5 6 7 8 9 10 11 13 14 15 16 17 18 19 20 21 22 23 24 25 26 27,O=C(c1nn(-c2ccccc2)c2c1COCC2)N1CCCNCC1,val,382.46400000000034,1.9478199999999999,0.7962251328510423,28,49
subcategory_bioisostere.remove-O_1404,COc1ccc(Br)cc1[C@H](C(=O)N[C@H](C(=O)N[C@@H](CC(C)C)C(=O)CSCc1ccccc1)C(C)C)C(C)C,1,bioisostere,remove-O,COc1ccc(Br)cc1[C@H](C(=O)N[C@H](C(=O)N[C@@H](CC(=O)O)C(=O)CSCc1ccccc1)C(C)C)C(C)C,17 18 19 20 21,O=C(CNC(=O)CNC(=O)Cc1ccccc1)CSCc1ccccc1,train,619.6660000000003,6.371500000000007,0.2421432734910489,39,80
subcategory_bioisostere.remove-O_1131,CC(c1nc2ccccc2c(=O)n1N1CCN(C)CC1)N(C(=O)NS(=O)(=O)c1ccc(Cl)cc1)c1ccccc1,1,bioisostere,remove-O,COc1ccc(N(C(=O)NS(=O)(=O)c2ccc(Cl)cc2)C(C)c2nc3ccccc3c(=O)n2N2CCN(C)CC2)c(OC)c1,0 1 2 3 4 5 6 7 8 9 10 11 12 13 14 15 16 17 18 19 21 22 23 24 25 26 27 28 29 30 31 32 33 34 35 36 37 38,O=C(NS(=O)(=O)c1ccccc1)N(Cc1nc2ccccc2c(=O)n1N1CCNCC1)c1ccccc1,val,581.0980000000002,3.599400000000003,0.3711736786093257,40,71
subcategory_bioisostere.remove-O_1347,CC(C)c1cccc(OC[C@@H](O)C[NH2+]Cc2cccc(C(F)(F)F)c2)c1,1,bioisostere,remove-O,CC(=O)c1cccc(OC[C@@H](O)C[NH2+]Cc2cccc(C(F)(F)F)c2)c1,0 1 2 3,c1ccc(C[NH2+]CCCOc2ccccc2)cc1,test,368.419,3.3321000000000005,0.7508091505191332,26,52
subcategory_bioisostere.remove-O_1426,CC(C)C[C@]1(CN)CC[C@H]2CCCCC[C@H]2C1,1,bioisostere,remove-O,NC[C@@]1(CC(=O)O)CC[C@H]2CCCCC[C@H]2C1,0 1 2 4 5 6 7 8 9 10 11 12 13 14 15,C1CC[C@@H]2CCCC[C@@H]2CC1,train,237.43099999999995,4.358000000000004,0.7752699612426379,17,36
subcategory_bioisostere.remove-O_176,Clc1ccc(NC2=Nc3ccccc3Nc3ccccc32)cc1,0,authentic,authentic,,,c1ccc(NC2=Nc3ccccc3Nc3ccccc32)cc1,test,319.7950000000001,5.587400000000003,0.6132997026610518,23,35
subcategory_bioisostere.remove-O_265,Cc1nccn1-c1ccc(-c2ccc(O)nn2)cc1,0,authentic,authentic,,,c1cnnc(-c2ccc(-n3ccnc3)cc2)c1,train,252.27700000000002,2.3433199999999994,0.7599688205847518,19,31
subcategory_bioisostere.remove-O_957,CCN(CCc1ccccc1)C[C@@H]1CCCc2c(OC)cccc21,1,bioisostere,remove-O,CCN(CCc1ccc2c(c1)OCO2)C[C@@H]1CCCc2c(OC)cccc21,0 1 2 3 5 6 7 8 9 10 11 12 13 14 15 16 17 18 19 20 21 22 23,c1ccc2c(c1)CCC[C@H]2CNCCc1ccc2c(c1)OCO2,train,323.48,4.679700000000005,0.733367897510848,24,39
subcategory_bioisostere.remove-O_1476,Cc1cccc(C(O)CNC2CCCC2O)c1,1,bioisostere,remove-O,Oc1ccc(C(O)CNC2CCCC2O)cc1,0 1 2 3 4 5 7 8 9 10 11 12 13 14 15,c1ccc(CCNC2CCCC2)cc1,val,235.32699999999997,1.5314199999999998,0.7416017310309111,17,25
subcategory_bioisostere.remove-O_739,CCOc1ccc(S(=O)(=O)N2CCN(C)CC2)cc1-c1nc2c(-c3ccccc3)nn(C)c2c(=O)[nH]1,0,authentic,authentic,,,O=c1[nH]c(-c2cccc(S(=O)(=O)N3CCNCC3)c2)nc2c(-c3ccccc3)n[nH]c12,train,508.6040000000002,2.3253999999999997,0.42524738100574694,36,68
subcategory_bioisostere.remove-O_1126,CCN[C@@H](Cc1ccccc1)[C@@H](O)C[C@@H](Cc1ccc(C(F)(F)F)cc1)C(=O)N[C@H]1c2ccccc2C[C@H]1O,1,bioisostere,remove-O,CC(C)(C)OC(=O)N[C@@H](Cc1ccccc1)[C@@H](O)C[C@@H](Cc1ccc(C(F)(F)F)cc1)C(=O)N[C@H]1c2ccccc2C[C@H]1O,0 1 2,O=C(N[C@@H]1CCc2ccccc21)[C@@H](CCCCc1ccccc1)Cc1ccccc1,val,540.6260000000002,4.610400000000005,0.28645420165502167,39,85
subcategory_bioisostere.remove-O_1507,NCCCc1cc(Cl)ccc1OCC(O)CN1CCN(c2ccc(Cl)cc2)CC1,1,bioisostere,remove-O,Cl.O=C1CCc2c(OCC(O)CN3CCN(c4ccc(Cl)cc4)CC3)ccc(Cl)c2N1,0 1 3 4 5 6 7 8 9 10 11 12 13 14 15 16 17 18 19 20 21 22 23 24 25 26 27 28,O=C1CCc2c(cccc2OCCCN2CCN(c3ccccc3)CC2)N1,test,438.3990000000002,3.4466000000000028,0.6282708273443782,29,45
subcategory_bioisostere.remove-O_484,Cc1ccc(-c2nc(=O)n(C(C)C)c3cc4c(cc23)OCO4)cc1,0,authentic,authentic,,,O=c1nc(-c2ccccc2)c2cc3c(cc2[nH]1)OCO3,train,322.3640000000001,3.6815200000000026,0.7220069694712272,24,44
subcategory_bioisostere.remove-O_1290,CC(C)C(C)(C)c1nc(-c2ccc(Cl)cc2)oc1-c1ccco1,1,bioisostere,remove-O,CC(C)(C(=O)O)c1nc(-c2ccc(Cl)cc2)oc1-c1ccco1,0 1 2 4 5 6 7 8 9 10 11 12 13 14 15 16 17 18 19 20 21 22,c1ccc(-c2ncc(-c3ccco3)o2)cc1,train,329.82700000000006,6.1886000000000045,0.5725952796783814,23,42
subcategory_bioisostere.remove-O_411,C=C(C)C.CC=NC.Cc1cc(-c2nc(C)c(C(=O)O)s2)ccc1OCC(C)C,0,authentic,authentic,,,c1ccc(-c2nccs2)cc1,train,418.6030000000001,6.449240000000007,0.4472529374103238,29,51
subcategory_bioisostere.remove-O_248,C(/CCCc1ccccc1)=N\Nc1nncc2ccccc12,0,authentic,authentic,,,C(/CCCc1ccccc1)=N\Nc1nncc2ccccc12,train,290.37000000000006,4.050400000000002,0.42309045987064764,22,33
subcategory_bioisostere.remove-O_1300,Cc1nc(-c2ccc(OC34CC(C(F)(F)F)(C3)C4)cc2)sc1C(C)C,1,bioisostere,remove-O,CCOC(=O)c1sc(-c2ccc(OC34CC(C(F)(F)F)(C3)C4)cc2)nc1C,0 1 2 3 4 5 6 7 8 9 10 11 12 13 14 15 16 17 18 19 20 22 23,c1csc(-c2ccc(OC34CC(C3)C4)cc2)n1,train,367.436,6.105720000000003,0.6507240149965628,25,48
subcategory_bioisostere.remove-O_1432,c1ccc(CCOCCc2ccccc2)cc1,1,bioisostere,remove-O,CC(C)NCC(O)COc1ccc(CCOCCc2ccccc2)cc1,0 1 2 3 4 15 16,c1ccc(CCOCCc2ccccc2)cc1,train,226.31900000000005,3.488400000000002,0.6850652705091808,17,23
subcategory_bioisostere.remove-O_740,NCC1CCCN(c2c(F)c(N)c3c(=O)c(C(=O)O)cn(C4CC4)c3c2F)C1,0,authentic,authentic,,,O=c1ccn(C2CC2)c2cc(N3CCCCC3)ccc12,train,392.4060000000001,2.0701000000000005,0.6865203785655858,28,52
subcategory_bioisostere.remove-O_356,CCc1ccc(CCOc2ccc(CC3SC(=O)NC3=O)cc2)nc1,0,authentic,authentic,,,O=C1NC(=O)C(Cc2ccc(OCCc3ccccn3)cc2)S1,test,356.44700000000006,3.159600000000001,0.8252539098127765,25,39
subcategory_bioisostere.remove-O_322,CCN(CCO)CCCC(C)Nc1ccnc2cc(Cl)ccc12,0,authentic,authentic,,,c1ccc2ncccc2c1,train,335.8790000000001,3.783000000000002,0.7317801043771166,23,34
subcategory_bioisostere.remove-O_614,CCCN(CCC(=O)N[C@H](C)CCc1ccccc1)C(=O)c1cnccn1,0,authentic,authentic,,,O=C(CCNC(=O)c1cnccn1)NCCCc1ccccc1,train,368.48100000000005,2.8564000000000007,0.6996428346446212,27,45
subcategory_bioisostere.remove-O_594,Cc1c(Cc2ccccc2)n(COCCO)c(=O)[nH]c1=O,0,authentic,authentic,,,O=c1cc(Cc2ccccc2)[nH]c(=O)[nH]1,test,290.31899999999996,0.4022199999999999,0.7543677450912649,21,36
subcategory_bioisostere.remove-O_132,COc1ccc(-c2nc(-c3ccc(F)cc3)c(-c3ccncc3)[nH]2)cc1,0,authentic,authentic,,,c1ccc(-c2nc(-c3ccccc3)c(-c3ccncc3)[nH]2)cc1,train,345.377,4.953400000000004,0.5690208665244949,26,48
subcategory_bioisostere.remove-O_711,N#CCCNC(=O)c1nc(-c2ccc(S(=O)(=O)N3CCCC3)cc2)cnc1N,0,authentic,authentic,,,O=S(=O)(c1ccc(-c2cnccn2)cc1)N1CCCC1,train,400.4640000000002,1.1537799999999996,0.692623855394134,28,49
subcategory_bioisostere.remove-O_654,CCCn1cc(CC(=O)O)c2cc(OCCCOc3cccc(OCc4ccc(Cl)cc4)c3)ccc21,0,authentic,authentic,,,c1ccc(COc2cccc(OCCCOc3ccc4[nH]ccc4c3)c2)cc1,train,508.0140000000002,6.758700000000006,0.20240044432563908,36,56
subcategory_bioisostere.remove-O_179,OC[C@@]12C[C@@H]1[C@@H](n1cnc3c(NC4CCCC4)nc(Cl)nc31)[C@H](O)[C@@H]2O,0,authentic,authentic,,,c1nc(NC2CCCC2)c2ncn([C@H]3CCC4C[C@@H]43)c2n1,val,379.84800000000007,1.1092999999999995,0.5877627421635574,26,68
subcategory_bioisostere.remove-O_911,CCN(C)[C@@H](CNC(=O)c1ccc(Cl)s1)C(=O)Nc1ccc(NC)cc1F,1,bioisostere,remove-O,CCN(C)[C@@H](CNC(=O)c1ccc(Cl)s1)C(=O)Nc1ccc(N2CCOCC2=O)cc1F,0 1 2 3 4 5 6 7 8 9 10 11 12 13 14 15 16 17 18 19 20 22 23 24 25,O=C(CCNC(=O)c1cccs1)Nc1ccc(N2CCOCC2=O)cc1,train,412.9180000000001,3.2711000000000006,0.6217856805961823,27,51
subcategory_bioisostere.remove-O_1447,Cc1ccccc1[C@]1(O)CCCC[C@H]1CN(C)C,1,bioisostere,remove-O,COc1cccc([C@]2(O)CCCC[C@H]2CN(C)C)c1,0 1 2 3 4 5 6 8 9 10 11 12 13 14 15 16 17,c1ccc(C2CCCCC2)cc1,train,247.38199999999992,2.934420000000001,0.8874527021695018,18,33
subcategory_bioisostere.remove-O_1479,CC(C)CCN1CC[C@@H](c2ccc(F)cc2)[C@H](COc2ccccc2)C1,1,bioisostere,remove-O,CC(C)CCN1CC[C@@H](c2ccc(F)cc2)[C@H](COc2ccc3c(c2)OCO3)C1,0 1 2 3 4 5 6 7 8 9 10 11 12 13 14 15 16 17 19 20 21 22 23 24 25,c1ccc([C@@H]2CCNC[C@H]2COc2ccc3c(c2)OCO3)cc1,train,355.4970000000001,5.356300000000005,0.6631172677581638,26,49
subcategory_bioisostere.remove-O_1482,CCCc1c(C)n(C(=O)c2ccc(Cl)cc2)c2ccc(OCCN3CCOCC3)cc12,1,bioisostere,remove-O,Cc1c(CC(=O)O)c2cc(OCCN3CCOCC3)ccc2n1C(=O)c1ccc(Cl)cc1,0 1 3 4 5 6 7 8 9 10 11 12 13 14 15 16 17 18 19 20 21 22 23 24 25 26 27 28 29,O=C(c1ccccc1)n1ccc2cc(OCCN3CCOCC3)ccc21,test,440.97100000000034,4.955120000000005,0.5207409018942498,31,51
subcategory_bioisostere.remove-O_277,Cl.O=C(c1ccccc1)c1c(-c2ccc(OCCN3CCCC3)cc2)oc2ccccc12,0,authentic,authentic,,,O=C(c1ccccc1)c1c(-c2ccc(OCCN3CCCC3)cc2)oc2ccccc12,test,447.9620000000003,6.227200000000006,0.31492737926490805,32,52
subcategory_bioisostere.remove-O_251,O=C1/C(=C/c2ccncc2)Cc2ccccc21,0,authentic,authentic,,,O=C1/C(=C/c2ccncc2)Cc2ccccc21,val,221.259,2.904000000000001,0.6929082664181561,17,29
subcategory_bioisostere.remove-O_409,Oc1nc(-c2cnc3ccccc3c2)nc2ccccc12,0,authentic,authentic,,,c1ccc2ncc(-c3ncc4ccccc4n3)cc2c1,train,273.295,3.550600000000001,0.5758782393431714,21,32
subcategory_bioisostere.remove-O_1005,COc1cc(NC(C)C)c(Cl)cc1C(=O)N[C@H]1CCN(Cc2ccccc2)C1,1,bioisostere,remove-O,COc1cc(NC(=O)C(C)C)c(Cl)cc1C(=O)N[C@H]1CCN(Cc2ccccc2)C1,0 1 2 3 4 6 7 8 9 10 11 12 13 14 15 16 17 18 19 20 21 22 23 24 25 26 27,O=C(N[C@H]1CCN(Cc2ccccc2)C1)c1ccccc1,test,401.9380000000002,4.173200000000003,0.730546458756781,28,50
subcategory_bioisostere.remove-O_584,Nc1ncc(Cc2cc(O)cc(O)c2)c(N)n1,0,authentic,authentic,,,c1ccc(Cc2cncnc2)cc1,test,232.243,0.643,0.6031214041940781,17,29
subcategory_bioisostere.remove-O_439,CCc1ccc([S+](C)[O-])c(C(=O)c2ccc(C)cc2)c1,0,authentic,authentic,,,O=C(c1ccccc1)c1ccccc1,train,286.39599999999996,3.525820000000002,0.6370009184904515,20,41
subcategory_bioisostere.remove-O_1167,CCCN(c1ccc(N2CC3(CC3)c3c(C(F)(F)F)nn(-c4ccc(OC)cc4)c3C2=O)cc1)C(C)C,1,bioisostere,remove-O,COc1ccc(-n2nc(C(F)(F)F)c3c2C(=O)N(c2ccc(N4CCCCC4=O)cc2)CC32CC2)cc1,0 1 2 4 5 6 7 8 9 10 11 12 13 14 15 16 17 18 19 20 21 22 23 24 25 26 27 28 29 30 31 32 33 34 35,O=C1CCCCN1c1ccc(N2CC3(CC3)c3cnn(-c4ccccc4)c3C2=O)cc1,train,512.5760000000001,6.216500000000007,0.377411785497758,37,67
subcategory_bioisostere.remove-O_533,CC1C2Cc3ccc(O)cc3C1(C)CCN2CC1CC1,0,authentic,authentic,,,c1ccc2c(c1)CC1CC2CCN1CC1CC1,val,271.404,3.3264000000000022,0.8916299429541984,20,32
subcategory_bioisostere.remove-O_536,CC1(C)CC(=O)c2ccc(OC[C@H](O)CNCCCc3ccccc3)cc2O1,0,authentic,authentic,,,O=C1CCOc2cc(OCCCNCCCc3ccccc3)ccc21,test,383.48800000000006,3.392500000000002,0.6498877908012981,28,47
subcategory_bioisostere.remove-O_241,CCCCCN1CC[C@@H](c2ccc(F)cc2)[C@H](COc2ccc3c(c2)OCO3)C1,0,authentic,authentic,,,c1ccc([C@@H]2CCNC[C@H]2COc2ccc3c(c2)OCO3)cc1,train,399.50600000000026,5.229100000000005,0.5689840523228548,29,54
subcategory_bioisostere.remove-O_1236,CCCC(C)n1c(CC)nc2c(-c3ccccc3)ccnc21,1,bioisostere,remove-O,CCCC(C)n1c(CC)nc2c(-c3cc(C)c(OC)cc3C)ccnc21,0 1 2 3 4 5 6 7 8 9 10 12 13 14 15 16 17 18 19 20 21,c1ccc(-c2ccnc3[nH]cnc23)cc1,train,293.41400000000004,5.021800000000004,0.6608416250601056,22,35
subcategory_bioisostere.remove-O_1060,N[C@H](Cc1ccc(O)cc1)C(=O)N1CCC(NCC(=O)N2CCN(c3ccccc3)C[C@H]2c2ccc(Cl)c(Cl)c2)CC1,1,bioisostere,remove-O,Cc1cc(C)cc(C(=O)N2CCN(C(=O)CNC3CCN(C(=O)[C@H](N)Cc4ccc(O)cc4)CC3)[C@H](c3ccc(Cl)c(Cl)c3)C2)c1,0 1 2 3 4 5 6 7 8 9 10 11 12 13 14 15 16 17 18 19 20 21 22 24 25 26 27 28 29 30 31 32 33 34 35 36 37 38 39 40 41,O=C(CCc1ccccc1)N1CCC(NCC(=O)N2CCN(C(=O)c3ccccc3)C[C@H]2c2ccccc2)CC1,test,610.586,4.239500000000004,0.3530007596532441,42,80
subcategory_bioisostere.remove-O_1022,O=C(OCc1ccccc1)N1CC[C@H](c2ccc(F)cc2)[C@@H](COc2ccccc2)C1,1,bioisostere,remove-O,O=C(OCc1ccccc1)N1CC[C@H](c2ccc(F)cc2)[C@@H](COc2ccc3c(c2)OCO3)C1,0 1 2 3 4 5 6 7 8 9 10 11 12 13 14 15 16 17 18 19 20 21 22 24 25 26 27 28 29 30,O=C(OCc1ccccc1)N1CC[C@H](c2ccccc2)[C@@H](COc2ccc3c(c2)OCO3)C1,train,419.49600000000015,5.647000000000006,0.5184780071888733,31,57
subcategory_bioisostere.remove-O_381,CCCCCCCCCc1cc(OC)cc(=O)o1,0,authentic,authentic,,,O=c1cccco1,train,252.35399999999998,3.941500000000003,0.6247883278040458,18,25
subcategory_bioisostere.remove-O_53,CN1C(=O)C(=CN2CCCCC2)N=C(c2ccccc2Cl)c2cc([N+](=O)[O-])ccc21,0,authentic,authentic,,,O=C1Nc2ccccc2C(c2ccccc2)=NC1=CN1CCCCC1,train,424.88800000000015,4.389300000000004,0.415548973823465,30,59
subcategory_bioisostere.remove-O_232,NC1=NC(c2ccc(F)cc2)Cc2ccc(F)cc21,0,authentic,authentic,,,C1=NC(c2ccccc2)Cc2ccccc21,train,258.271,2.967500000000001,0.8386796502124476,19,32
subcategory_bioisostere.remove-O_511,Nc1nc2ccnc(-c3ccccc3F)n2n1,0,authentic,authentic,,,c1ccc(-c2nccc3ncnn23)cc1,train,229.218,1.5126,0.6863235157780126,17,26
subcategory_bioisostere.remove-O_570,COc1cccc(-c2ccc(-c3nc(C)c(C(=O)O)s3)cc2C#N)c1,0,authentic,authentic,,,c1ccc(-c2ccc(-c3nccs3)cc2)cc1,train,350.399,4.364000000000003,0.7554860641578366,25,45
subcategory_bioisostere.remove-O_643,COC(=O)N1C(c2ccccc2)=NN=C(c2ccccc2)N1C(=O)OC,0,authentic,authentic,,,c1ccc(C2=NN=C(c3ccccc3)NN2)cc1,train,352.35000000000014,2.860400000000001,0.8318435368529568,26,44
subcategory_bioisostere.remove-O_1204,CC(C)(C)C1CCCCC1(O)c1ccccc1,1,bioisostere,remove-O,COc1cccc(C2(O)CCCCC2C(C)(C)C)c1F,0 1 2 3 4 5 6 7 8 10 11 12 13 14 15,c1ccc(C2CCCCC2)cc1,train,232.36700000000002,4.110500000000004,0.7722292121513532,17,27
subcategory_bioisostere.remove-O_751,Clc1ccc2c(c1)N=C(N1CCOCC1)c1ccccc1N2,0,authentic,authentic,,,c1ccc2c(c1)N=C(N1CCOCC1)c1ccccc1N2,test,313.78799999999995,3.8075000000000028,0.803331917471044,22,36
subcategory_bioisostere.remove-O_1084,COc1ccc(-c2sc(CCC(=O)O)nc2-c2ccccc2C)cc1,1,bioisostere,remove-O,COc1ccc(-c2nc(CCC(=O)O)sc2-c2ccc(OC)cc2)cc1,0 1 2 3 4 5 6 7 8 9 10 11 12 13 14 16 17 18 19 20 21 22 23 24,c1ccc(-c2ncsc2-c2ccccc2)cc1,train,353.44300000000004,4.811320000000004,0.690637716319713,25,40
subcategory_bioisostere.remove-O_1294,CN(C)CC(c1ccccc1)C1(O)CCCCCC1,1,bioisostere,remove-O,COc1ccc(C(CN(C)C)C2(O)CCCCCC2)cc1,0 1 2 3 5 6 7 8 9 10 11 12 13 14 15 16 17 18,c1ccc(CC2CCCCCC2)cc1,val,261.40899999999993,3.4171000000000022,0.839548924119347,19,29
subcategory_bioisostere.remove-O_1474,COc1cccc([C@@](O)(c2ccc(F)cc2)C2CCN(C(C)C)CC2)c1,1,bioisostere,remove-O,COc1cccc([C@@](O)(c2ccc(F)cc2)C2CCN(C(=O)O)CC2)c1,0 1 2 3 4 5 6 7 8 9 10 11 12 13 14 15 16 17 18 20 21 22 23 24 25,c1ccc(C(c2ccccc2)C2CCNCC2)cc1,train,357.46900000000016,4.190600000000003,0.8708490053497325,26,48
subcategory_bioisostere.remove-O_1164,C=CN(CCC)c1ccc(N2CCc3c(C(N)=O)nn(-c4ccc(O)cc4)c3C2=O)cc1,1,bioisostere,remove-O,NC(=O)c1nn(-c2ccc(O)cc2)c2c1CCN(c1ccc(N3CCCCC3=O)cc1)C2=O,0 1 3 4 5 6 7 8 9 10 11 12 13 14 15 16 17 18 19 20 21 22 23 24 25 26 27 28 29 30,O=C1CCCCN1c1ccc(N2CCc3cnn(-c4ccccc4)c3C2=O)cc1,train,431.4960000000001,3.239600000000001,0.5975866874914203,32,56
subcategory_bioisostere.remove-O_761,O=C(COc1ccc(C2C(CCC(O)c3ccc(F)cc3)C(=O)N2c2ccccc2)cc1)NCCO,0,authentic,authentic,,,O=C1C(CCCc2ccccc2)C(c2ccccc2)N1c1ccccc1,train,492.5470000000002,3.5309000000000013,0.35588702655486937,36,58
subcategory_bioisostere.remove-O_759,CCOc1cc(C#N)ccc1OC(=O)c1sc(-c2ccc(F)cc2)nc1C,0,authentic,authentic,,,O=C(Oc1ccccc1)c1cnc(-c2ccccc2)s1,train,382.41600000000005,4.747200000000004,0.47040814898163213,27,44
subcategory_bioisostere.remove-O_1463,COC(=O)NC1=NCCCN1c1ccc(N2CCc3c(C(F)(F)F)nn(-c4ccccc4C)c3C2=O)cc1,1,bioisostere,remove-O,COC(=O)NC1=NCCCN1c1ccc(N2CCc3c(C(F)(F)F)nn(-c4ccc(OC)cc4)c3C2=O)cc1,0 1 2 3 4 5 6 7 8 9 10 11 12 13 14 15 16 17 18 19 20 21 22 23 24 26 27 28 29 30 31 32 33 34 35 36 37,O=C1c2c(cnn2-c2ccccc2)CCN1c1ccc(N2C=NCCC2)cc1,train,526.5190000000002,4.324520000000003,0.548910017647855,38,64
subcategory_bioisostere.remove-O_314,CCCN(CCN1CCC(c2noc3cc(F)ccc23)CC1)C(=O)C(C)O,0,authentic,authentic,,,c1ccc2c(C3CCNCC3)noc2c1,train,377.4600000000002,2.765700000000002,0.8034870166324998,27,44
subcategory_bioisostere.remove-O_66,C=CCc1cc(C)ccc1OCC(=O)NCCNC(=O)C1=CC(C)(C)NC1(C)C,0,authentic,authentic,,,O=C(COc1ccccc1)NCCNC(=O)C1=CCNC1,test,399.53500000000014,2.42152,0.4401413531767461,29,49
subcategory_bioisostere.remove-O_784,COc1cccc(C23CCCN(CC=C(C)C)C(CC2)C3)c1.O=C(O)C(=O)O,0,authentic,authentic,,,c1ccc(C23CCCNC(CC2)C3)cc1,train,389.4920000000002,3.703100000000002,0.6030496493426114,28,50
subcategory_bioisostere.remove-O_1422,CCCN1CCC(c2ccccc2)CC1,1,bioisostere,remove-O,CCC(O)CN1CCC(c2ccccc2)CC1,0 1 3 4 5 6 7 8 9 10 11 12 13,c1ccc(C2CCNCC2)cc1,train,203.32899999999998,3.2760000000000025,0.7284508236945588,15,21
subcategory_bioisostere.remove-O_750,O=C(C1CC1)N(CCCN1CCN(CCCNc2ccnc3cc(Cl)ccc23)CC1)CC1CC1,0,authentic,authentic,,,O=C(C1CC1)N(CCCN1CCN(CCCNc2ccnc3ccccc23)CC1)CC1CC1,train,484.08800000000025,4.3465000000000025,0.45479952347084973,34,54
subcategory_bioisostere.remove-O_1571,CCCn1c(-c2ccccc2)c(C2=CCC(CC)CC2)c2ccccc21,1,bioisostere,remove-O,CCCn1c(-c2ccccc2)c(C2=CCC(C(=O)O)CC2)c2ccccc21,0 1 2 3 4 5 6 7 8 9 10 11 12 13 14 16 17 18 19 20 21 22 23 24 25,C1=C(c2c(-c3ccccc3)[nH]c3ccccc23)CCCC1,train,343.514,7.311800000000006,0.4574009659461586,26,42
subcategory_bioisostere.remove-O_137,COc1ccc2ccc3nc(C(N)=O)cn3c2c1,0,authentic,authentic,,,c1ccc2c(c1)ccc1nccn12,train,241.24999999999997,1.5949999999999998,0.7403529952904071,18,29
subcategory_bioisostere.remove-O_258,N#C[C@@H](N[C@@H]1CCCN2C(=O)N(Cc3ccccc3)C(=O)C[C@H]12)[C@H](Cc1c[nH]c2ccccc12)NC(=O)OCc1ccccc1,0,authentic,authentic,,,O=C(N[C@H](CN[C@@H]1CCCN2C(=O)N(Cc3ccccc3)C(=O)C[C@H]12)Cc1c[nH]c2ccccc12)OCc1ccccc1,val,604.7110000000002,4.8726800000000035,0.23678936816657473,45,94
subcategory_bioisostere.remove-O_71,c1cncc(-c2noc(C3CN4CCC3CC4)n2)c1,0,authentic,authentic,,,c1cncc(-c2noc(C3CN4CCC3CC4)n2)c1,val,256.30899999999997,1.9407999999999999,0.8215522966270801,19,32
subcategory_bioisostere.remove-O_897,CCCC[C@@H](O)C[C@@H](O)CCc1c(-c2ccc(F)cc2)c2ccccc2n1C(C)C,1,bioisostere,remove-O,CC(C)n1c(CC[C@H](O)C[C@H](O)CC(=O)O)c(-c2ccc(F)cc2)c2ccccc21,0 1 2 3 5 6 7 8 9 10 11 12 13 14 15 16 17 18 19 20 21 22 23 24 25 26 27 28 29,c1ccc(-c2c[nH]c3ccccc23)cc1,train,411.5610000000001,6.263000000000006,0.4133084652317845,30,57
subcategory_bioisostere.remove-O_292,F[C@@]1(c2ccccc2)CN2CCC[C@H]2c2ccccc21,0,authentic,authentic,,,c1ccc(C2CN3CCC[C@H]3c3ccccc32)cc1,train,267.347,4.050200000000003,0.7531364311204122,20,38
subcategory_bioisostere.remove-O_63,COc1ccc2c3c1O[C@H]1C[C@@H](OC(=O)NCc4ccccc4F)C=C[C@@]31CCN(C)C2,0,authentic,authentic,,,O=C(NCc1ccccc1)O[C@H]1C=C[C@@]23CCNCc4cccc(c42)O[C@H]3C1,train,438.4990000000002,3.9235000000000033,0.7335458529549529,32,63
subcategory_bioisostere.remove-O_327,NC(=O)C[S@@](=O)Cc1cccc(-c2ccccc2Cl)c1,0,authentic,authentic,,,c1ccc(-c2ccccc2)cc1,train,307.802,2.7410000000000005,0.923012003538625,20,38
subcategory_bioisostere.remove-O_1050,CCOC(=O)[C@@H]1CC(=O)CN1C(=O)[C@H](C)N[C@H](CC)CCc1ccccc1,1,bioisostere,remove-O,CCOC(=O)[C@H](CCc1ccccc1)N[C@@H](C)C(=O)N1CC(=O)C[C@H]1C(=O)OCC,0 1 2 3 4 5 6 7 8 9 10 11 12 13 14 15 17 18 19 20 21 22 23 24 25 26,O=C1CCN(C(=O)CNCCCc2ccccc2)C1,train,374.4810000000001,2.109,0.6702056893081634,27,57
subcategory_bioisostere.remove-O_744,CC(C)NC(=O)CNC(=O)c1cc2cc(F)ccc2[nH]1,0,authentic,authentic,,,c1ccc2[nH]ccc2c1,test,277.299,1.5613999999999992,0.7931378757945803,20,37
subcategory_bioisostere.remove-O_831,C=CN(CCCN1CCN(c2cccc(Cl)c2)CC1)c1cccc(OC(C)C)c1C,1,bioisostere,remove-O,CC(C)Oc1cccc2c1CCC(=O)N2CCCN1CCN(c2cccc(Cl)c2)CC1,0 1 3 4 5 6 7 8 9 10 11 12 13 14 15 16 17 18 19 20 21 22 23 24 25 26 27 28 29,O=C1CCc2ccccc2N1CCCN1CCN(c2ccccc2)CC1,train,428.02000000000027,5.597820000000007,0.518144907574284,30,48
subcategory_bioisostere.remove-O_153,O=c1c2ccccc2nc2n1Cc1cc3ccccc3nc1-2,0,authentic,authentic,,,O=c1c2ccccc2nc2n1Cc1cc3ccccc3nc1-2,val,285.30600000000004,2.9734000000000007,0.43927689859781505,22,34
subcategory_bioisostere.remove-O_117,COc1ccc2c(C(=O)c3ccc(OCCN4CCCCC4)cc3)c(-c3ccccc3)oc2c1,0,authentic,authentic,,,O=C(c1ccc(OCCN2CCCCC2)cc1)c1c(-c2ccccc2)oc2ccccc12,test,455.5540000000002,6.204100000000006,0.29598950692251685,34,54
subcategory_bioisostere.remove-O_1487,CCN(C)S(=O)(=O)c1ccc(CCNC(=O)c2cccc(Cl)c2OC)cc1,1,bioisostere,remove-O,CCOC(=O)N(C)S(=O)(=O)c1ccc(CCNC(=O)c2cccc(Cl)c2OC)cc1,0 1 3 4 5 6 7 8 9 10 11 12 13 14 15 16 17 18 19 20 21 22 23 24 25,O=C(NCCc1ccccc1)c1ccccc1,train,410.9230000000001,2.961500000000002,0.7254634387967606,27,47
subcategory_bioisostere.remove-O_890,CCOC(=O)c1nn(-c2ccccc2)c2c1C1(CC1)CN(c1ccc(N3CCCCC3=O)c(F)c1)C2=O,1,bioisostere,remove-O,CCOC(=O)c1nn(-c2ccc(OC)cc2)c2c1C1(CC1)CN(c1ccc(N3CCCCC3=O)c(F)c1)C2=O,0 1 2 3 4 5 6 8 9 10 11 12 13 14 15 16 17 18 19 20 21 22 23 24 25 26 27 28 29 30 31 32 33 34 35 36,O=C1CCCCN1c1ccc(N2CC3(CC3)c3cnn(-c4ccccc4)c3C2=O)cc1,train,502.5460000000004,4.397000000000004,0.4832115402098339,37,65
subcategory_bioisostere.remove-O_1254,CCOC(=O)c1sc(-c2cccc(C)c2)nc1C(F)(F)F,1,bioisostere,remove-O,CCOC(=O)c1sc(-c2ccc(OC)cc2)nc1C(F)(F)F,0 1 2 3 4 5 6 8 9 10 11 12 13 14 15 16 17 18 19 20,c1ccc(-c2nccs2)cc1,train,315.316,4.314020000000002,0.7921527738194466,21,37
subcategory_bioisostere.remove-O_1570,CCCc1cc(Oc2ccccc2)cc(O)c1C(=O)O,1,bioisostere,remove-O,CCCc1cc(OC(=O)c2c(O)cc(O)cc2CCC)cc(O)c1C(=O)O,6 7 8 9 10 11 12,O=C(Oc1ccccc1)c1ccccc1,train,272.29999999999995,3.8352000000000026,0.8675178646079263,20,31
subcategory_bioisostere.remove-O_915,CCCCN(CC)CC1(O)CCN(CC(O)COc2ccccc2OC)CC1,1,bioisostere,remove-O,CCCCN1CC2(CCN(CC(O)COc3ccccc3OC)CC2)OC1=O,0 1 2 3 5 6 7 8 9 10 11 12 13 14 15 16 17 18 19 20 21 22 23 24 25 26 27,O=C1NCC2(CCN(CCCOc3ccccc3)CC2)O1,val,394.55600000000015,2.3838,0.5675035381085396,28,40
subcategory_bioisostere.remove-O_1523,NC(=O)c1nn(-c2ccccc2)c2c1CCN(C1CCN(c3ccccc3CN3CCCC3)CC1)C2=O,1,bioisostere,remove-O,COc1ccc(-n2nc(C(N)=O)c3c2C(=O)N(C2CCN(c4ccccc4CN4CCCC4)CC2)CC3)cc1,0 1 2 3 4 6 7 8 9 10 11 12 13 14 15 16 17 18 19 20 21 22 23 24 25 26 27 28 29 30 31 32 33 34 35 36,O=C1c2c(cnn2-c2ccccc2)CCN1C1CCN(c2ccccc2CN2CCCC2)CC1,val,498.6310000000004,3.234300000000002,0.5638966497185992,37,60
subcategory_bioisostere.remove-O_1354,CCN[C@@H](Cc1ccccc1)[C@H](O)CN(CC(C)C)S(=O)(=O)c1cccc(CO)c1,1,bioisostere,remove-O,Cc1nc(CN2CCN([C@H](C(=O)N[C@@H](Cc3ccccc3)[C@H](O)CN(CC(C)C)S(=O)(=O)c3cccc(CO)c3)C(C)C)C2=O)cs1,,O=C(CN1CCN(Cc2cscn2)C1=O)N[C@H](CCNS(=O)(=O)c1ccccc1)Cc1ccccc1,train,434.60200000000015,2.4073,0.47733180143453297,30,59
subcategory_bioisostere.remove-O_341,C#Cc1cc(O[C@@H]2CCNC2)cnc1Cl,0,authentic,authentic,,,c1cncc(O[C@@H]2CCNC2)c1,val,222.67499999999998,1.457,0.6078076483639823,15,28
subcategory_bioisostere.remove-O_872,CCCCN1CCN(S(=O)(=O)c2ccc(OCC)c(C(=O)Nc3c(CCC)nn(C)c3C(N)=O)c2)CC1,1,bioisostere,remove-O,CCCc1nn(C)c(C(N)=O)c1NC(=O)c1cc(S(=O)(=O)N2CCN(CCC(=O)OCC)CC2)ccc1OCC,0 1 3 4 5 6 7 8 9 10 11 12 13 14 15 16 17 18 19 20 21 22 23 24 25 26 27 28 29 30 31 32 33 34 35,O=C(Nc1cn[nH]c1)c1cccc(S(=O)(=O)N2CCNCC2)c1,train,534.6830000000002,2.228900000000001,0.425505705860252,37,65
subcategory_bioisostere.remove-O_913,CCCC[C@@H]1[CH][C@H](O)/C=C/C(=O)O[C@@H](C)CCC/C=C\1,1,bioisostere,remove-O,C[C@H]1CCC/C=C\[C@@H]2C[C@H](O)C[C@H]2[C@H](O)/C=C/C(=O)O1,0 1 2 3,O=C1/C=C/C[C@@H]2CCC[C@H]2/C=C\CCCCO1,train,279.3999999999999,3.5859900000000025,0.6341488230123111,20,52
subcategory_bioisostere.remove-O_627,O=C(O)c1ccc(O)c(C(=O)/C=C/c2ccccc2OCc2ccccc2)c1,0,authentic,authentic,,,O=C(/C=C/c1ccccc1OCc1ccccc1)c1ccccc1,train,374.3920000000001,4.565500000000003,0.4676124947600475,28,47
subcategory_bioisostere.remove-O_1376,C=CCC/C=C(/CC)NC(=O)C1CC1(C)C,1,bioisostere,remove-O,C=CCC/C=C(\NC(=O)C1CC1(C)C)C(=O)O,5 6 7,C1CC1,train,221.34399999999997,3.408800000000002,0.5402442832646386,16,29
subcategory_bioisostere.remove-O_1589,CC[C@H](Cc1ccccc1)NC(=O)[C@H](C(C)C)N1CCN(Cc2csc(C)n2)C1=O,1,bioisostere,remove-O,Cc1nc(CN2CCN([C@H](C(=O)N[C@@H](Cc3ccccc3)[C@H](O)CN(CC(C)C)S(=O)(=O)c3cccc(CO)c3)C(C)C)C2=O)cs1,,O=C(CN1CCN(Cc2cscn2)C1=O)N[C@H](CCNS(=O)(=O)c1ccccc1)Cc1ccccc1,train,428.60200000000026,3.851220000000003,0.6597102396544848,30,58
subcategory_bioisostere.remove-O_163,CCCCCCCCCCCCCCC1(C(=O)O)CO1,0,authentic,authentic,,,C1CO1,train,284.44,4.931200000000004,0.363214780732798,20,27
subcategory_bioisostere.remove-O_1428,CC[C@H](CCc1ccccc1)N[C@@H](C)C(=O)N1CCC[C@H]1C(=O)O,1,bioisostere,remove-O,CCOC(=O)[C@H](CCc1ccccc1)N[C@@H](C)C(=O)N1CCC[C@H]1C(=O)O,0 1 3 4 5 6 7 8 9 10 11 12 13 14 15 16 17 18 19 20 21 22 23,O=C(CNCCCc1ccccc1)N1CCCC1,train,332.44400000000013,2.4515000000000002,0.7670850728430695,24,51
subcategory_bioisostere.remove-O_657,O=C(O)[C@H]1CSC(c2nc3ccccc3cc2O)=N1,0,authentic,authentic,,,c1ccc2nc(C3=NCCS3)ccc2c1,train,274.30100000000004,1.887,0.8733946529163262,19,35
subcategory_bioisostere.remove-O_601,CC(=O)NCCOC(=O)C(CCc1ccccc1)N[C@@H](C)C(=O)N1CCC[C@H]1C(=O)O,0,authentic,authentic,,,O=C(CNCCCc1ccccc1)N1CCCC1,train,433.5050000000002,0.720800000000001,0.3468436442486439,31,60
subcategory_bioisostere.remove-O_1117,O=C1[C@@H]([C@@H](O)CCc2ccccc2)[C@@H](c2ccccc2)N1c1ccccc1,1,bioisostere,remove-O,COc1ccc([C@@H]2[C@H]([C@@H](O)CCc3ccccc3)C(=O)N2c2ccccc2)cc1,13 14 15 16 17 18 19,O=C1[C@@H](CCCc2ccccc2)[C@@H](c2ccccc2)N1c1ccccc1,train,357.4530000000001,4.384400000000004,0.6650575736494952,27,57
subcategory_bioisostere.remove-O_1385,O=C(CCN1Cc2ccc(F)cc2C1)c1ccccc1,1,bioisostere,remove-O,O=C(CCN1Cc2ccc(F)cc2C1)c1ccc2c(c1)OCCO2,0 2 3 4 5 6 7 8 9 10 11 12 13 14 15 16 17 18,O=C(CCN1Cc2ccccc2C1)c1ccc2c(c1)OCCO2,train,269.31899999999996,3.4143000000000026,0.792692783888765,20,31
subcategory_bioisostere.remove-O_1584,CC(C)c1cc(S(C)(=O)=O)c(Cl)cc1NCc1ccco1,1,bioisostere,remove-O,CS(=O)(=O)c1cc(C(=O)OCCC#N)c(NCc2ccco2)cc1Cl,0 1 2 4 5 6 7 8 9 10 11 12 13 14 15 16 17 18 19 20,c1ccc(NCc2ccco2)cc1,train,327.8330000000001,4.072000000000003,0.8988171175476594,21,38
subcategory_bioisostere.remove-O_1539,CC(C)c1ccc2[nH]cc(C3=CCN(C)CC3)c2c1,1,bioisostere,remove-O,CCOC(=O)c1ccc2[nH]cc(C3=CCN(C)CC3)c2c1,0 1 2 4 5 6 7 8 9 10 11 12 13 14 15 16 17,C1=C(c2c[nH]c3ccccc23)CCNC1,train,254.37699999999992,4.010200000000003,0.8575996617896573,19,35
subcategory_bioisostere.remove-O_869,CCC(=O)OCC(C)(C)CN1C(=O)[C@@H](CC(=O)N2CCC(CC(=O)O)CC2)O[C@H](c2ccccc2)c2cc(Cl)ccc21,1,bioisostere,remove-O,CCC(=O)OCC(C)(C)CN1C(=O)[C@@H](CC(=O)N2CCC(CC(=O)O)CC2)O[C@H](c2cccc(OC)c2OC)c2cc(Cl)ccc21,0 1 2 3 4 5 6 7 8 9 10 11 12 13 14 15 16 17 18 19 20 21 22 23 24 25 26 27 29 30 31 32 33 34 35 36 37 38 39 40 41,O=C1Nc2ccccc2[C@@H](c2ccccc2)O[C@@H]1CC(=O)N1CCCCC1,train,599.1240000000003,5.244000000000005,0.3719009856694105,42,84
subcategory_bioisostere.remove-O_169,COc1ccc(Cl)cc1C(=O)N[C@H](C)[C@@H](C)c1ccc(S(N)(=O)=O)cc1,0,authentic,authentic,,,O=C(NCCc1ccccc1)c1ccccc1,train,396.89600000000013,2.918,0.7836766400193592,26,57
subcategory_bioisostere.remove-O_546,O=C1NC(c2ccccc2)(c2ccccc2)C(=O)N1C1CC1,0,authentic,authentic,,,O=C1NC(c2ccccc2)(c2ccccc2)C(=O)N1C1CC1,train,292.3380000000001,2.644400000000001,0.8841633178243227,22,38
subcategory_bioisostere.remove-O_1063,N#Cc1ccc(N2CCc3c(C(F)(F)F)nn(-c4ccccc4)c3C2=O)cc1,1,bioisostere,remove-O,COc1ccc(-n2nc(C(F)(F)F)c3c2C(=O)N(c2ccc(C#N)cc2)CC3)cc1,0 1 2 3 4 5 6 7 8 9 10 11 12 13 14 15 17 18 19 20 21 22 23 24 25 26 27,O=C1c2c(cnn2-c2ccccc2)CCN1c1ccccc1,train,382.3450000000001,3.9656800000000025,0.6739275196967806,28,49
subcategory_bioisostere.remove-O_752,Cl.NCCc1ccc(OCc2ccccc2)cc1,0,authentic,authentic,,,c1ccc(COc2ccccc2)cc1,train,263.768,3.188600000000002,0.8992376111224766,18,26
subcategory_bioisostere.remove-O_1586,CCC(C(=O)Nc1ccccc1C)n1nc(C)c2c(C)n(-c3ccccc3)nc2c1=O,1,bioisostere,remove-O,CCOc1ccc(NC(=O)C(CC)n2nc(C)c3c(C)n(-c4ccccc4)nc3c2=O)cc1,5 6 7 8 9 10 11 12,O=C(Cn1ncc2cn(-c3ccccc3)nc2c1=O)Nc1ccccc1,val,415.4970000000001,4.097260000000003,0.5320959571929242,31,52
subcategory_bioisostere.remove-O_1016,NCc1ccc(F)cc1COc1ccccc1,1,bioisostere,remove-O,NCc1ccc(F)cc1COc1ccc2c(c1)OCO2,0 1 2 3 4 5 6 7 8 9 11 12 13 14 15,c1ccc(COc2ccc3c(c2)OCO3)cc1,train,231.26999999999998,2.8634000000000013,0.8777100779479503,17,23
subcategory_bioisostere.remove-O_382,CC(OCCOCc1cccc(CCNC[C@H](O)c2ccc(O)c(CO)c2)c1)c1ccccc1,0,authentic,authentic,,,c1ccc(CCNCCc2cccc(COCCOCc3ccccc3)c2)cc1,train,465.59000000000015,4.044600000000003,0.26870352900797984,34,54
subcategory_bioisostere.remove-O_694,CN(C)CCC1(c2ccc(F)cc2)OCc2cc(C#N)ccc21,0,authentic,authentic,,,c1ccc(C2OCc3ccccc32)cc1,train,310.372,3.422880000000002,0.8679170774771757,23,38
subcategory_bioisostere.remove-O_1421,CC[C@@]1(C)CCC[C@]2(C)c3cc(OP(=O)(O)Oc4ccc5c(c4)[C@@]4(C)CCC[C@](C)(C(=O)O)[C@@H]4CC5)ccc3CC[C@@H]12,1,bioisostere,remove-O,C[C@]1(C(=O)O)CCC[C@]2(C)c3cc(OP(=O)(O)Oc4ccc5c(c4)[C@@]4(C)CCC[C@](C)(C(=O)O)[C@@H]4CC5)ccc3CC[C@@H]12,0 1 2,O=[PH](Oc1ccc2c(c1)C1CCCC[C@@H]1CC2)Oc1ccc2c(c1)C1CCCC[C@@H]1CC2,train,594.7290000000002,8.760000000000005,0.3249201292363485,42,100
subcategory_bioisostere.remove-O_1493,CC(C)(C)C(=O)Nc1nc(-c2ccccn2)cs1,1,bioisostere,remove-O,CCOC(=O)C(=O)Nc1nc(-c2ccccn2)cs1,0 1 2 3 5 6 7 8 9 10 11 12 13 14 15 16,c1ccc(-c2cscn2)nc1,train,261.35,3.189700000000001,0.9028659571588804,18,32
subcategory_bioisostere.remove-O_819,O=C(c1ccccc1)c1cn(CCN2CCOCC2)c2ccccc12,1,bioisostere,remove-O,COc1ccc(C(=O)c2cn(CCN3CCOCC3)c3ccccc23)cc1,0 2 3 4 5 6 7 8 9 10 11 12 13 14 15 16 17 18 19 20 21 22 23 24,O=C(c1ccccc1)c1cn(CCN2CCOCC2)c2ccccc12,test,334.41900000000004,3.2045000000000012,0.6721462636528873,25,38
subcategory_bioisostere.remove-O_1546,CCc1ccc(CC(C)(C)NCC(O)c2cccc(C)c2)cc1,1,bioisostere,remove-O,CCc1ccc(CC(C)(C)NCC(O)c2ccc(O)c(CO)c2)cc1,0 1 2 3 4 5 6 7 8 9 10 11 13 14 15 16 17 18 19 20 21 22,c1ccc(CCNCCc2ccccc2)cc1,train,311.46900000000005,4.2017200000000035,0.8029133369494389,23,37
subcategory_bioisostere.remove-O_1418,CC(C)Cc1cccc2c1Cc1c-2nc(O)c2nc(C(=O)O)cn12,1,bioisostere,remove-O,O=C(O)Cc1cccc2c1Cc1c-2nc(O)c2nc(C(=O)O)cn12,0 1 2 4 5 6 7 8 9 10 11 12 13 14 15 16 17 18 19 20 21 22 23,c1ccc2c(c1)Cc1c-2ncc2nccn12,train,323.352,2.902800000000001,0.6050875987755603,24,42
subcategory_bioisostere.remove-O_254,CCCCNc1c(C(=O)OCC)cnc2c1cnn2CC,0,authentic,authentic,,,c1cnc2[nH]ncc2c1,train,290.367,2.839900000000001,0.6269964033741782,21,30
subcategory_bioisostere.remove-O_559,CC(C)(C)c1ccc(OC(=O)c2cnccn2)cc1,0,authentic,authentic,,,O=C(Oc1ccccc1)c1cnccn1,train,256.305,2.9933000000000014,0.6119532643581371,19,32
subcategory_bioisostere.remove-O_679,COc1ccccc1-c1ccc(OCCCN2CCCCC2)cc1,0,authentic,authentic,,,c1ccc(-c2ccc(OCCCN3CCCCC3)cc2)cc1,val,325.45200000000006,4.6170000000000035,0.6935552880313988,24,33
subcategory_bioisostere.remove-O_1271,O=C1c2c(c(C(F)(F)F)nn2-c2ccccc2)CCN1c1ccc(C2(CN3CCC(O)CC3)CC2)cc1,1,bioisostere,remove-O,COc1ccc(-n2nc(C(F)(F)F)c3c2C(=O)N(c2ccc(C4(CN5CCC(O)CC5)CC4)cc2)CC3)cc1,0 1 2 3 4 5 6 7 8 9 11 12 13 14 15 16 17 18 19 20 21 22 23 24 25 26 27 28 29 30 31 32 33 34 35 36,O=C1c2c(cnn2-c2ccccc2)CCN1c1ccc(C2(CN3CCCCC3)CC2)cc1,train,510.56000000000046,4.582300000000004,0.5459793945331989,37,65
subcategory_bioisostere.remove-O_1232,CCOC(=O)c1cc2n(n1)CC(C)(C(=O)NCc1ccccc1)N(c1ccccc1)C2=O,1,bioisostere,remove-O,CCOC(=O)c1cc2n(n1)CC(C)(C(=O)NCc1ccccc1)N(c1ccc(OC)cc1)C2=O,0 1 2 3 4 5 6 7 8 9 10 11 12 13 14 15 16 17 18 19 20 21 22 24 25 26 27 28 29 30 31,O=C(NCc1ccccc1)C1Cn2nccc2C(=O)N1c1ccccc1,train,432.4800000000001,2.7953,0.6048356389124744,32,55
subcategory_bioisostere.remove-O_585,COc1ccc(-c2nc(C)sc2C(=O)O)cc1F,0,authentic,authentic,,,c1ccc(-c2cscn2)cc1,train,267.281,2.9644200000000014,0.9283737699267948,18,30
subcategory_bioisostere.remove-O_391,CC(C)NCC(O)C(C)Oc1ccc(Cl)c(Cl)c1,0,authentic,authentic,,,c1ccccc1,train,292.20599999999996,3.119600000000001,0.8461641264628066,18,32
subcategory_bioisostere.remove-O_74,COc1cccc(-c2n[nH]c(-c3ccccc3C=O)n2)c1,0,authentic,authentic,,,c1ccc(-c2n[nH]c(-c3ccccc3)n2)cc1,train,279.299,2.9598000000000004,0.7454470918647835,21,37
subcategory_bioisostere.remove-O_518,O=S(=O)(Nc1cccc(OCc2nc3ccccc3s2)c1)C(F)(F)F,0,authentic,authentic,,,c1ccc(OCc2nc3ccccc3s2)cc1,val,388.392,4.136800000000002,0.7134363146056781,25,43
subcategory_bioisostere.remove-O_969,CCCc1c(C(=O)O)c2cc(OC)ccc2n1C(=O)c1ccccc1,1,bioisostere,remove-O,CCCCOc1ccc(C(=O)n2c(CCC)c(C(=O)O)c3cc(OC)ccc32)cc1,0 1 2 3 4 5 6 7 8 9 10 11 12 13 14 15 16 18 19 20 21 22 23,O=C(c1ccccc1)n1ccc2ccccc21,train,337.37500000000006,3.9891000000000023,0.764196860172567,25,41
subcategory_bioisostere.remove-O_1112,CCc1cc(O)cc(OC)c1C(=O)c1c(O)cc(CO)cc1O,1,bioisostere,remove-O,COC(=O)c1cc(O)cc(OC)c1C(=O)c1c(O)cc(CO)cc1O,0 1 2,O=C(c1ccccc1)c1ccccc1,train,318.32500000000005,2.0977,0.6289411805419299,23,38
subcategory_bioisostere.remove-O_815,FC(F)(F)c1ccc(C2(OCc3ccccc3)CCNCC2)cc1,1,bioisostere,remove-O,FC(F)(F)c1ccc(C2(OCc3ccc4c(c3)OCO4)CCNCC2)cc1,0 1 2 3 4 5 6 7 8 9 11 12 13 14 15 16 17 18 19 20 21 22 23,c1ccc(C2(OCc3ccc4c(c3)OCO4)CCNCC2)cc1,train,335.3690000000001,4.500900000000003,0.8880987978582624,24,38
subcategory_bioisostere.remove-O_1261,c1ccc(-c2noc(C3CN4CCC3CC4)n2)cc1,1,bioisostere,remove-O,COc1cccc(-c2noc(C3CN4CCC3CC4)n2)c1,0 1 2 3 4 17 18,c1ccc(-c2noc(C3CN4CCC3CC4)n2)cc1,train,255.32099999999994,2.5458000000000007,0.8267170137829762,19,32
subcategory_bioisostere.remove-O_1409,CCCN1CC=C(c2c[nH]c3ccc(CC)cc23)CC1,1,bioisostere,remove-O,CCCN1CC=C(c2c[nH]c3ccc(C(=O)OC)cc23)CC1,0 1 2 3 4 5 6 7 8 9 10 11 12 14 15 16 17 18 19,C1=C(c2c[nH]c3ccccc23)CCNC1,train,268.404,4.229400000000004,0.8789009877568994,20,34
subcategory_bioisostere.remove-O_646,O=C1NC(=O)/C(=C\c2c(Cl)cccc2Cl)N1,0,authentic,authentic,,,O=C1NC(=O)/C(=C\c2ccccc2)N1,train,257.07599999999996,2.1737,0.5979509346531766,16,33
subcategory_bioisostere.remove-O_85,CCOC(=O)C(CCc1ccccc1)NC1CCCCC(C)N(CCC(=O)O)C1=O.O=C(O)C(F)(F)F,0,authentic,authentic,,,O=C1NCCCCCC1NCCCc1ccccc1,test,532.5560000000005,3.408200000000001,0.39069887491538735,37,62
subcategory_bioisostere.remove-O_1461,C=CC(=O)NC1CCN(S(=O)(=O)c2ccccc2)C2(CCC2)C1,1,bioisostere,remove-O,C=CC(=O)NC1CCN(S(=O)(=O)c2ccc(C(=O)NCCc3ccccc3)c(OC)c2)C2(CCC2)C1,9 12 13 14 15 16 17,O=C(NCCc1ccccc1)c1ccc(S(=O)(=O)N2CCCCC23CCC3)cc1,train,334.4410000000002,2.0645999999999995,0.8573010823231673,23,43
subcategory_bioisostere.remove-O_1237,CC(C)NCCc1cccc2ccc3c(c12)C(O)CO3,1,bioisostere,remove-O,CC(=O)NCCc1cccc2ccc3c(c12)C(O)CO3,0 1 2 3,c1ccc2c3c(ccc2c1)OCC3,val,271.36,2.8061000000000007,0.8981890649432712,20,32
subcategory_bioisostere.remove-O_412,CCOC(=O)C(CCc1ccccc1)NC(C)C(=O)N1CCCC1C(=O)O.O=C(O)C=CC(=O)O,0,authentic,authentic,,,O=C(CNCCCc1ccccc1)N1CCCC1,train,492.5250000000004,1.316400000000002,0.2607731551305237,35,60
subcategory_bioisostere.remove-O_600,C[C@H](C(=O)N1CCCCC1)N1CC[C@H](N)C1=O,0,authentic,authentic,,,O=C(CN1CCCC1=O)N1CCCCC1,train,239.31899999999996,-0.05299999999999916,0.7342623922434214,17,37
subcategory_bioisostere.remove-O_75,CCOC(=O)c1sc(-c2ccccc2OC)nc1C(F)(F)F,0,authentic,authentic,,,c1ccc(-c2nccs2)cc1,train,331.315,4.0142000000000015,0.7942786676225361,22,36
subcategory_bioisostere.remove-O_937,Cc1ccccc1C(=O)CCC1CCN(Cc2ccccc2)CC1,1,bioisostere,remove-O,O=C(CCC1CCN(Cc2ccccc2)CC1)c1ccc2c(c1)OCO2,0 1 2 3 4 5 6 8 9 10 11 12 13 14 15 16 17 18 19 20 21 22 23,O=C(CCC1CCN(Cc2ccccc2)CC1)c1ccc2c(c1)OCO2,train,321.46400000000006,4.8701200000000044,0.7074676701896224,24,35
subcategory_bioisostere.remove-O_129,On1ccc(=NCCN2CCC(c3noc4cc(F)ccc34)CC2)cn1,0,authentic,authentic,,,c1ccc2c(C3CCN(CCN=c4cc[nH]nc4)CC3)noc2c1,val,357.3890000000001,2.181,0.7241948622132032,26,41
subcategory_bioisostere.remove-O_276,CC(=NNc1nncc2ccccc12)c1ccc(Br)cc1,0,authentic,authentic,,,C(=NNc1nncc2ccccc12)c1ccccc1,train,341.212,4.228400000000002,0.5729496289006162,21,33
subcategory_bioisostere.remove-O_373,O=C(c1cnc2ccccc2c1)c1nc(O)c2ccccc2n1,0,authentic,authentic,,,O=C(c1cnc2ccccc2c1)c1ncc2ccccc2n1,train,301.305,3.114600000000001,0.5756521217509396,23,36
subcategory_bioisostere.remove-O_980,Cc1cccc(C(CN(C)C)C2CCCCC2O)c1,1,bioisostere,remove-O,COc1ccc(C(CN(C)C)C2CCCCC2O)cc1,0 1 2 3 4 5 7 8 9 10 11 12 13 14 15 16 17,c1ccc(CC2CCCCC2)cc1,train,261.40899999999993,3.191320000000002,0.8994984524884633,19,29
subcategory_bioisostere.remove-O_951,COc1ccccc1CCC1CCN(CCc2cccc(C)c2)CC1,1,bioisostere,remove-O,COc1ccc(CCN2CCC(CCc3ccccc3OC)CC2)cc1.Cl,0 1 2 3 4 5 6 7 8 9 10 11 12 13 14 16 17 18 19 20 21 22 23 24,c1ccc(CCC2CCN(CCc3ccccc3)CC2)cc1,train,337.50700000000006,4.890920000000005,0.7129934269362276,25,35
subcategory_bioisostere.remove-O_358,COc1ccccc1N1CCN(CCCNC(=O)c2cccnc2)CC1,0,authentic,authentic,,,O=C(NCCCN1CCN(c2ccccc2)CC1)c1cccnc1,val,354.45400000000006,2.0323,0.7712973471464228,26,37
subcategory_bioisostere.remove-O_693,Cl.Cl.O=C(O)COCCN1CCN(Cc2ccc(-c3ccc(Cl)cc3)cc2)CC1,0,authentic,authentic,,,c1ccc(-c2ccc(CN3CCNCC3)cc2)cc1,train,461.8170000000001,4.069400000000003,0.6006647044769222,29,50
subcategory_bioisostere.remove-O_1118,C=CN1CCC(N2CCC(c3noc4ccc(F)cc34)CC2)CC1,1,bioisostere,remove-O,CCOC(=O)N1CCC(N2CCC(c3noc4ccc(F)cc34)CC2)CC1,0 1 3 4 5 6 7 8 9 10 11 12 13 14 15 16 17 18 19 20 21 22,c1ccc2c(C3CCN(C4CCNCC4)CC3)noc2c1,test,329.4190000000002,3.7542000000000026,0.8583152290627465,24,39
subcategory_bioisostere.remove-O_721,CCCc1nn(C)c2c(=S)nc(-c3cc(S(=O)(=O)N4CCN(CCO)CC4)ccc3OCCC(C)C)[nH]c12,0,authentic,authentic,,,O=S(=O)(c1cccc(-c2nc(=S)c3[nH]ncc3[nH]2)c1)N1CCNCC1,train,562.7620000000004,3.3688900000000013,0.3419069630390488,38,69
subcategory_bioisostere.remove-O_90,CC1(C)C=C(C(=O)NCC(O)CNCc2cccs2)C(C)(C)N1,0,authentic,authentic,,,O=C(NCCCNCc1cccs1)C1=CCNC1,train,337.4890000000001,1.4015999999999995,0.6068410122010807,23,41
subcategory_bioisostere.remove-O_273,Cc1cc(C)c(/C=C2\C(=O)Nc3ccc(NCc4cc(F)cc(F)c4)cc32)[nH]1,0,authentic,authentic,,,O=C1Nc2ccc(NCc3ccccc3)cc2/C1=C/c1ccc[nH]1,train,379.41,5.014540000000003,0.558012386860783,28,55
subcategory_bioisostere.remove-O_680,Fc1ccc2c(C3CCN(CCCOc4ccccc4)CC3)noc2c1,0,authentic,authentic,,,c1ccc(OCCCN2CCC(c3noc4ccccc34)CC2)cc1,train,354.4250000000001,4.615400000000004,0.605806962573761,26,38
subcategory_bioisostere.remove-O_1191,Cc1cccc(-n2nc(C(F)(F)F)c3c2C(=O)N(c2ccc(C4(CN5CCOCC5)CC4)cc2)CC3)c1,1,bioisostere,remove-O,COc1ccc(-n2nc(C(F)(F)F)c3c2C(=O)N(c2ccc(C4(CN5CCOCC5)CC4)cc2)CC3)cc1,0 1 2 3 4 5 7 8 9 10 11 12 13 14 15 16 17 18 19 20 21 22 23 24 25 26 27 28 29 30 31 32 33 34 35,O=C1c2c(cnn2-c2ccccc2)CCN1c1ccc(C2(CN3CCOCC3)CC2)cc1,val,510.56000000000046,4.766220000000005,0.4965782145832111,37,67
subcategory_bioisostere.remove-O_212,Cl.Nc1nnc(-c2cccc(Cl)c2Cl)c(N)n1,0,authentic,authentic,,,c1ccc(-c2cncnn2)cc1,train,292.5570000000001,2.4315999999999995,0.8421002995110565,17,32
subcategory_bioisostere.remove-O_493,CC(C)(N)CCc1ccc(OCc2ccccc2)cc1,0,authentic,authentic,,,c1ccc(COc2ccccc2)cc1,train,269.388,3.935500000000003,0.8618734496841868,20,30
subcategory_bioisostere.remove-O_706,CCCc1nc(-c2ccc(OC(F)F)cc2)sc1C(=O)O,0,authentic,authentic,,,c1ccc(-c2nccs2)cc1,train,313.32500000000005,4.0622000000000025,0.8733280291022579,21,35
subcategory_bioisostere.remove-O_1361,CC[C@H](Cc1ccccc1)NC(=O)[C@H](CC(N)=O)NC(=O)c1ccc2ccccc2n1,1,bioisostere,remove-O,CC(C)(C)NC(=O)[C@@H]1CCCC[C@H]1C[C@@H](O)[C@H](Cc1ccccc1)NC(=O)[C@H](CC(N)=O)NC(=O)c1ccc2ccccc2n1,,O=C(CNC(=O)c1ccc2ccccc2n1)N[C@H](CCC1CCCCC1)Cc1ccccc1,train,418.49700000000007,2.3461,0.49477268880455777,31,58
subcategory_bioisostere.remove-O_731,NC(=O)c1ncn([C@@]2(O)O[C@H](CO)[C@@H](O)[C@H]2O)n1,0,authentic,authentic,,,c1ncn(C2CCCO2)n1,train,260.206,-3.9074999999999993,0.3676170761786089,18,50
subcategory_bioisostere.remove-O_1262,Nc1nc(N)c2c(n1)CCN(Cc1ccccc1)C2,1,bioisostere,remove-O,COc1ccc(OC)c(CN2CCc3nc(N)nc(N)c3C2)c1,0 1 2 3 4 5 6 7 8 9 10 12 13 14 15 16 17,c1ccc(CN2CCc3ncncc3C2)cc1,train,255.325,1.1992999999999996,0.842383862174634,19,31
subcategory_bioisostere.remove-O_519,COc1cc2c(c(F)c1OC)CC(CC1(F)CCN(Cc3ccccc3)CC1)C2,0,authentic,authentic,,,c1ccc(CN2CCC(CC3Cc4ccccc4C3)CC2)cc1,train,401.4970000000001,4.952100000000005,0.6835014883145561,29,47
subcategory_bioisostere.remove-O_764,CN1CCN(C(c2ccccc2)c2ccccn2)CC1,0,authentic,authentic,,,c1ccc(C(c2ccccn2)N2CCNCC2)cc1,train,267.37600000000003,2.4184,0.851145930344127,20,30
subcategory_bioisostere.remove-O_792,O=C(NCCn1ccnc1)c1sc2ccccc2c1Cl,0,authentic,authentic,,,O=C(NCCn1ccnc1)c1cc2ccccc2s1,train,305.7900000000001,3.1812000000000014,0.80448576820622,20,30
subcategory_bioisostere.remove-O_1358,CC(C)C[C@H](O)C[C@H](O)/C=C/c1c(C2CC2)nc2ccccc2c1-c1ccc(F)cc1,1,bioisostere,remove-O,O=C(O)C[C@H](O)C[C@H](O)/C=C/c1c(C2CC2)nc2ccccc2c1-c1ccc(F)cc1,0 1 2 3 5 6 7 8 9 10 11 12 13 14 15 16 17 18 19 20 21 22 23 24 25 26 27 28 29 30,c1ccc(-c2cc(C3CC3)nc3ccccc23)cc1,train,419.5400000000001,6.089500000000007,0.4645075940828339,31,61
subcategory_bioisostere.remove-O_962,CCC[C@H](O)C[C@@H](O)/C=C/c1c(C2CC2)nc2ccccc2c1-c1ccc(F)cc1,1,bioisostere,remove-O,CCOC(=O)C[C@H](O)C[C@@H](O)/C=C/c1c(C2CC2)nc2ccccc2c1-c1ccc(F)cc1,0 1 3 4 5 6 7 8 9 10 11 12 13 14 15 16 17 18 19 20 21 22 23 24 25 26 27 28 29,c1ccc(-c2cc(C3CC3)nc3ccccc23)cc1,train,405.5130000000001,5.843500000000005,0.4946877716665736,30,59
subcategory_bioisostere.remove-O_799,Cc1nc(-c2ccc(OCC(C)(C)C)c(Cl)c2)sc1C(C)C,1,bioisostere,remove-O,Cc1nc(-c2ccc(OCC(C)(C)C)c(Cl)c2)sc1C(=O)O,0 1 2 3 4 5 6 7 8 9 10 11 12 13 14 15 16 17 19 20,c1ccc(-c2nccs2)cc1,train,337.916,6.320220000000004,0.6507714210331109,22,40
subcategory_bioisostere.remove-O_41,COc1ccc(CCNCc2ccccc2F)cc1,0,authentic,authentic,,,c1ccc(CCNCc2ccccc2)cc1,train,259.324,3.1666000000000016,0.8045301171866908,19,25
subcategory_bioisostere.remove-O_1134,CCCCn1c(=O)c2cc(CC)cn2c2ccc(Cl)cc21,1,bioisostere,remove-O,CCCCn1c(=O)c2cc(C(=O)O)cn2c2ccc(Cl)cc21,0 1 2 3 4 5 6 7 8 10 11 12 13 14 15 16 17 18 19 20,O=c1[nH]c2ccccc2n2cccc12,train,302.805,4.270100000000004,0.7066462633361242,21,35
subcategory_bioisostere.remove-O_1243,CCCCc1oc2ccc(C)cc2c1C(=O)c1ccccc1,1,bioisostere,remove-O,CCCCc1oc2ccc(C)cc2c1C(=O)c1ccc(OCC)cc1,14 16 17 18 19 20 21,O=C(c1ccccc1)c1coc2ccccc12,train,292.378,5.3148200000000045,0.5960599546257471,22,33
subcategory_bioisostere.remove-O_1374,CCc1cccc(OCc2ccccc2C(=O)OC)c1,1,bioisostere,remove-O,CCCCC(O)c1cccc(OCc2ccccc2C(=O)OC)c1,0 1 3 4 5 6 7 8 9 10 11 12 13 14 15 16 17 18,c1ccc(COc2ccccc2)cc1,train,270.328,3.614600000000002,0.778451989094347,20,29
subcategory_bioisostere.remove-O_1114,C=Cn1c(=O)cc(C)c2ccc3c(c21)C=CC(C)(C)O3,1,bioisostere,remove-O,Cc1cc(=O)n(C(=O)OC(C)(C)C)c2c3c(ccc12)OC(C)(C)C=C3,0 1 3 4 5 6 7 8 9 10 11 12 13 14 15 16 17 18 19,O=c1ccc2ccc3c(c2[nH]1)C=CCO3,train,267.328,3.5946200000000017,0.7902437497008208,20,39
subcategory_bioisostere.remove-O_1077,CCN[C@@H](Cc1ccccc1)C(N)=O,1,bioisostere,remove-O,NC(=O)[C@H](Cc1ccccc1)NC(=O)[C@H](N)Cc1ccccc1,0 1 2 3,O=C(CCc1ccccc1)NCCc1ccccc1,train,192.26199999999997,0.6925,0.7209341374592977,14,26
subcategory_bioisostere.remove-O_138,Nc1ncnc2c1ncn2[C@@H]1C=C(CO)[C@@H](O)[C@H]1O,0,authentic,authentic,,,C1=C[C@@H](n2cnc3cncnc32)CC1,train,263.257,-1.3963000000000005,0.4901998770029434,19,44
subcategory_bioisostere.remove-O_738,CCN(CC)CCNC(=O)c1cc(Cl)c(N)cc1OCC1COC(C)(C)O1,0,authentic,authentic,,,c1ccc(OCC2COCO2)cc1,train,399.91900000000027,2.5241000000000007,0.6203921988469925,27,45
subcategory_bioisostere.remove-O_1072,Cc1ccc(/N=c2\nc(C(C)C)cc3ccccn23)cc1,1,bioisostere,remove-O,CCOC(=O)c1cc2ccccn2/c(=N/c2ccc(C)cc2)n1,8 9 10 11,c1ccc(/N=c2\nccc3ccccn23)cc1,test,277.37100000000004,3.9985200000000027,0.6959551816252935,21,36
subcategory_bioisostere.remove-O_175,Cc1ccncc1C1=C(c2ccc(S(C)(=O)=O)cc2)CCC1=O,0,authentic,authentic,,,O=C1CCC(c2ccccc2)=C1c1cccnc1,train,327.40500000000014,3.0672200000000016,0.8689004676196965,23,41
subcategory_bioisostere.remove-O_383,COC1CC(OC2CCC3(C=O)C4CCC5(C)C(C6=CC(=O)OC6)CCC5(O)C4CCC3(O)C2)OC(C)C1O,0,authentic,authentic,,,O=C1C=C(C2CCC3C2CCC2C4CCC(OC5CCCCO5)CC4CCC23)CO1,train,548.6730000000005,2.4333000000000005,0.269246211423608,39,70
subcategory_bioisostere.remove-O_853,C[C@H](Cc1ccccc1)NC[C@H](O)c1cccc(Cl)c1,1,bioisostere,remove-O,C[C@H](Cc1ccc(OCC(=O)O)cc1)NC[C@H](O)c1cccc(Cl)c1,0 1 3 4 5 6 7 8 9 10 11 12 13 14 15 16 17 18 19,c1ccc(CCNCCc2ccccc2)cc1,train,289.806,3.5942000000000025,0.8515981544912503,20,39
subcategory_bioisostere.remove-O_1408,O=C1c2c(c(C(F)(F)F)nn2-c2ccccc2)CCN1c1ccc(C2(CO)CCCC2)cc1,1,bioisostere,remove-O,COc1ccc(-n2nc(C(F)(F)F)c3c2C(=O)N(c2ccc(C4(CO)CCCC4)cc2)CC3)cc1,0 1 2 3 4 5 6 7 8 9 11 12 13 14 15 16 17 18 19 20 21 22 23 24 25 26 27 28 29 30 31 32,O=C1c2c(cnn2-c2ccccc2)CCN1c1ccc(C2CCCC2)cc1,train,455.48000000000036,4.898100000000003,0.6090540255714508,33,57
subcategory_bioisostere.remove-O_492,O=C1Nc2ccc(Cl)cc2[C@@](C#CCOCP(=O)(O)OCc2ccccc2)(C(F)(F)F)O1,0,authentic,authentic,,,O=C1Nc2ccccc2C(C#CCOC[PH](=O)OCc2ccccc2)O1,train,489.7700000000001,5.039400000000003,0.33534672231261864,32,60
subcategory_bioisostere.remove-O_722,CN(CCCC1(c2ccc(F)cc2)OCc2cc(C#N)ccc21)Cc1ccc2c(c1)Cc1ccccc1-2,0,authentic,authentic,,,c1ccc(C2(CCCNCc3ccc4c(c3)Cc3ccccc3-4)OCc3ccccc32)cc1,test,488.6060000000003,6.954580000000007,0.2485913572618899,37,61
subcategory_bioisostere.remove-O_3,CCC(C)CCN=C1Nc2ccc(Cl)cc2N2C=C(C)C(C)N=C12,0,authentic,authentic,,,N=C1Nc2ccccc2N2C=CCN=C12,test,344.8900000000001,5.111000000000005,0.8238448655263763,24,42
subcategory_bioisostere.remove-O_1563,COc1ccc2c(c1OC)CCC[C@H]2CN(C)CCc1ccccc1,1,bioisostere,remove-O,COc1ccc2c(c1OC)CCC[C@H]2CN(C)CCc1ccc2c(c1)OCO2,0 1 2 3 4 5 6 7 8 9 10 11 12 13 14 15 16 17 19 20 21 22 23,c1ccc2c(c1)CCC[C@H]2CNCCc1ccc2c(c1)OCO2,train,339.479,4.298200000000004,0.7506487618934422,25,39
subcategory_bioisostere.remove-O_596,CCCCCCCCCCCc1cc(O)cc(O)n1,0,authentic,authentic,,,c1ccncc1,train,265.397,4.566100000000006,0.6093809121159544,19,25
subcategory_bioisostere.remove-O_294,CN1C(=O)CN=C(c2c(Cl)cccc2Cl)c2cc(Cl)ccc21,0,authentic,authentic,,,O=C1CN=C(c2ccccc2)c2ccccc2N1,train,353.636,4.460600000000002,0.7447189140441105,22,41
subcategory_bioisostere.remove-O_495,C=C(C)COc1ccc(-c2nc(C)c(C(=O)O)s2)cc1C#N,0,authentic,authentic,,,c1ccc(-c2nccs2)cc1,train,314.366,3.6433000000000018,0.8517581307465717,22,40
subcategory_bioisostere.remove-O_1177,CCCCNc1n[nH]c2c1CCN(c1ccc(OC)cc1)C2=O,1,bioisostere,remove-O,COc1ccc(N2CCc3c(NC(=O)CN4CCN(c5ccc(F)cc5)CC4)n[nH]c3C2=O)cc1,0 1 2 3 4,O=C(CN1CCN(c2ccccc2)CC1)Nc1n[nH]c2c1CCN(c1ccccc1)C2=O,train,314.389,2.8332000000000015,0.8044443353260039,23,37
subcategory_bioisostere.remove-O_1055,CCc1ccccc1-c1n[nH]c(-c2ccccc2)n1,1,bioisostere,remove-O,CCc1ccccc1-c1n[nH]c(-c2ccc(OC)cc2)n1,0 1 2 3 4 5 6 7 8 9 10 12 13 14 15 16 17,c1ccc(-c2n[nH]c(-c3ccccc3)n2)cc1,train,249.317,3.701100000000002,0.7685701317533516,19,32
subcategory_bioisostere.remove-O_33,CN1CCC(NC(=O)c2cc(Cl)cc3[nH]cnc23)CC1,0,authentic,authentic,,,O=C(NC1CCNCC1)c1cccc2[nH]cnc12,train,292.7700000000001,2.0402999999999993,0.890333398485565,20,37
subcategory_bioisostere.remove-O_1097,Cc1ccccc1-n1nc(C(F)(F)F)c2c1C(=O)NCC2,1,bioisostere,remove-O,COc1ccc(-n2nc(C(F)(F)F)c3c2C(=O)NCC3)cc1,0 1 2 3 4 5 6 8 9 10 11 12 13 14 15 16 17 18 19 20,O=C1NCCc2cnn(-c3ccccc3)c21,train,295.264,2.4854200000000013,0.8783310655212297,21,37
subcategory_bioisostere.remove-O_1222,CCNC1CCC(NC(=O)NS(=O)(=O)c2ccc(CCNC(=O)c3cnc(C)cn3)cc2)CC1,1,bioisostere,remove-O,Cc1cnc(C(=O)NCCc2ccc(S(=O)(=O)NC(=O)NC3CCC(NC(=O)OC(C)(C)C)CC3)cc2)cn1,0 1 3 4 5 6 7 8 9 10 11 12 13 14 15 16 17 18 19 20 21 22 23 24 25 26 27 28 29 30 31 32,O=C(NC1CCCCC1)NS(=O)(=O)c1ccc(CCNC(=O)c2cnccn2)cc1,train,488.6140000000003,1.6661200000000005,0.42046500149233784,34,58
subcategory_bioisostere.remove-O_1023,CNc1ccc(NC(=O)[C@H](CNC(=O)c2ccc(Cl)s2)N(C)CC(F)F)cc1,1,bioisostere,remove-O,CN(CC(F)F)[C@@H](CNC(=O)c1ccc(Cl)s1)C(=O)Nc1ccc(N2CCOCC2=O)cc1,0 1 3 4 5 6 7 8 9 10 11 12 13 14 15 16 17 18 19 20 21 22 23 24 25 26,O=C(CCNC(=O)c1cccs1)Nc1ccc(N2CCOCC2=O)cc1,train,430.9080000000001,3.377200000000002,0.5699252964305705,28,53
subcategory_bioisostere.remove-O_1276,CCC1CCN(C(=O)N2CCC3(CC2)CCN(c2ccncc2)C3)CC1,1,bioisostere,remove-O,O=C(O)C1CCN(C(=O)N2CCC3(CC2)CCN(c2ccncc2)C3)CC1,0 1 3 4 5 6 7 8 9 10 11 12 13 14 15 16 17 18 19 20 21 22 23 24,O=C(N1CCCCC1)N1CCC2(CC1)CCN(c1ccncc1)C2,test,356.51400000000007,3.6159000000000026,0.8124881127722108,26,43
subcategory_bioisostere.remove-O_128,COc1cccc(C2(O)CCCCC2CN2CCCC2)c1,0,authentic,authentic,,,c1ccc(C2CCCCC2CN2CCCC2)cc1,val,289.419,3.168800000000002,0.9238754856507645,21,31
subcategory_bioisostere.remove-O_936,Fc1ccc([C@H]2CCN(C3CCCCCC3)C[C@@H]2COc2ccccc2)cc1,1,bioisostere,remove-O,Fc1ccc([C@H]2CCN(C3CCCCCC3)C[C@@H]2COc2ccc3c(c2)OCO3)cc1,0 1 2 3 4 5 6 7 8 9 10 11 12 13 14 15 16 17 18 20 21 22 23 24 25 26 27,c1ccc([C@H]2CCN(C3CCCCCC3)C[C@@H]2COc2ccc3c(c2)OCO3)cc1,test,381.535,6.033000000000007,0.5861286427293391,28,49
subcategory_bioisostere.remove-O_859,CCC(CC)N1CCN(C(=O)c2ccccc2C)CC1,1,bioisostere,remove-O,CCC(CC)N1CCN(C(=O)c2cccc(OC(F)(F)F)c2)CC1,0 1 2 3 4 5 6 7 8 10 11 12 13 14 15 16 17 18 19,O=C(c1ccccc1)N1CCNCC1,train,274.4080000000001,2.9414200000000017,0.8425496712696848,20,31
subcategory_bioisostere.remove-O_488,CCCCCCCCNC(=O)C1CC1c1ccccc1,0,authentic,authentic,,,c1ccc(C2CC2)cc1,train,273.42,4.2668000000000035,0.6689405405150224,20,27
subcategory_bioisostere.remove-O_97,N=C(N)c1ncn(C2OC(CO)C(O)[C@@H]2O)n1,0,authentic,authentic,,,c1ncn(C2CCCO2)n1,train,243.223,-2.826329999999999,0.2833778096220414,17,35
subcategory_bioisostere.remove-O_249,CCC1(c2ccccc2)NC(=O)N(C)C1=O,0,authentic,authentic,,,O=C1NC(=O)C(c2ccccc2)N1,train,218.25599999999994,1.4735000000000003,0.764131318230403,16,28
subcategory_bioisostere.remove-O_616,COCCCOc1ccnc(CS(=O)c2nc3ccc(C)cc3[nH]2)c1C,0,authentic,authentic,,,O=S(Cc1ccccn1)c1nc2ccccc2[nH]1,train,373.47800000000007,3.2978400000000017,0.6131906558241048,26,42
subcategory_bioisostere.remove-O_1370,CCCCC(=O)C[C@@H](c1ccc(O)cc1)[C@H](CC)c1ccccc1,1,bioisostere,remove-O,CCCCC(=O)C[C@@H](c1ccc(O)cc1)[C@H](CC)c1ccc(O)cc1,0 1 2 3 4 5 6 7 8 9 10 11 12 13 14 16 17 18 19 20 21 22,c1ccc(CCc2ccccc2)cc1,train,324.46400000000006,5.819000000000006,0.6308482133726171,24,46
subcategory_bioisostere.remove-O_590,CSc1c2c(nc(N)n3nc(-c4ccco4)nc23)nn1C,0,authentic,authentic,,,c1coc(-c2nc3c4c[nH]nc4ncn3n2)c1,test,301.33500000000004,1.5751,0.5608098206659411,21,36
subcategory_bioisostere.remove-O_227,N#CC1(NC(=O)CN2C(=O)NC(c3ccccc3)(c3ccccc3)C2=O)CCCC1,0,authentic,authentic,,,O=C(CN1C(=O)NC(c2ccccc2)(c2ccccc2)C1=O)NC1CCCC1,train,402.45400000000024,2.4345800000000004,0.7500346895736111,30,52
subcategory_bioisostere.remove-O_866,C=CC=C(C)[C@H]1CC[C@]2(CO)[C@@H]3CC[C@H]4C[C@H]5O[C@@H]6O[C@H](C)C[C@@]7(N=C(N)CS7)C6(O)O[C@@H]5C[C@]4(COC(C)=O)[C@H]3CC[C@]12C,1,bioisostere,remove-O,CC(=O)OC[C@]12C[C@H]3OC4(O)[C@@H](O[C@H](C)C[C@@]45N=C(N)CS5)O[C@@H]3C[C@@H]1CC[C@@H]1[C@@H]2CC[C@]2(C)[C@@H](C3=CC(=O)OC3)CC[C@]12CO,0 1 2,O=C1C=C([C@H]2CCC3C2CC[C@@H]2C4C[C@H]5OC6[C@@H](OCC[C@@]67N=CCS7)O[C@@H]5C[C@@H]4CC[C@@H]32)CO1,val,644.875,4.701000000000003,0.22133670956722593,45,127
subcategory_bioisostere.remove-O_1337,Cn1cc(Cc2ccccc2)c2ccccc2c1=O,1,bioisostere,remove-O,COc1ccc(Cc2cn(C)c(=O)c3ccccc23)cc1OC,0 1 2 3 5 6 7 8 9 10 11 12 13 14 15 16 17 18,O=c1[nH]cc(Cc2ccccc2)c2ccccc12,train,249.313,3.1293000000000015,0.6836182448776246,19,28
subcategory_bioisostere.remove-O_1246,CCC(CCc1ccccc1)NC(C)C(=O)N1[C@H](C(=O)O)C[C@@H]2CCC[C@@H]21,1,bioisostere,remove-O,CCOC(=O)C(CCc1ccccc1)NC(C)C(=O)N1[C@H](C(=O)O)C[C@@H]2CCC[C@@H]21,0 1 3 4 5 6 7 8 9 10 11 12 13 14 15 16 17 18 19 20 21 22 23 24 25 26,O=C(CNCCCc1ccccc1)N1CC[C@@H]2CCC[C@@H]21,train,372.50900000000024,3.230100000000002,0.735013171648682,27,59
subcategory_bioisostere.remove-O_1123,NC(=O)c1cn(Cc2nn(-c3ccccc3)c3c2CCN(c2ccc(N4CCCCC4=O)cc2)C3=O)nn1,1,bioisostere,remove-O,COc1ccc(-n2nc(Cn3cc(C(N)=O)nn3)c3c2C(=O)N(c2ccc(N4CCCCC4=O)cc2)CC3)cc1,0 1 2 3 4 5 6 7 8 10 11 12 13 14 15 16 17 18 19 20 21 22 23 24 25 26 27 28 29 30 31 32 33 34 35 36 37,O=C1CCCCN1c1ccc(N2CCc3c(Cn4ccnn4)nn(-c4ccccc4)c3C2=O)cc1,val,510.5580000000004,2.3308,0.4234465118273817,38,64
subcategory_bioisostere.remove-O_306,N[C@@H]1N=C(c2ccccc2)c2cc(Cl)ccc2NC1=O,0,authentic,authentic,,,O=C1CN=C(c2ccccc2)c2ccccc2N1,train,285.734,2.4143,0.8447816770945744,20,38
subcategory_bioisostere.remove-O_441,COc1cccc2oc(-c3ccc(C)cc3)cc(=O)c12,0,authentic,authentic,,,O=c1cc(-c2ccccc2)oc2ccccc12,train,266.296,3.777020000000003,0.7083058355664995,20,34
subcategory_bioisostere.remove-O_1516,Cc1nc(-c2ccccc2)sc1C(=O)C(C)C,1,bioisostere,remove-O,Cc1nc(-c2ccc(OCC(C)C)c(C#N)c2)sc1C(=O)C(C)C,3 4 5 6 7 8 9,c1ccc(-c2nccs2)cc1,train,245.34699999999995,3.957220000000003,0.766110393207452,17,29
subcategory_bioisostere.remove-O_1568,NCN1CC[C@H](c2ccc(F)cc2)[C@@H](COc2ccc3c(c2)OCO3)C1,1,bioisostere,remove-O,NC(=O)CN1CC[C@H](c2ccc(F)cc2)[C@@H](COc2ccc3c(c2)OCO3)C1,0 2 3 4 5 6 7 8 9 10 11 12 13 14 15 16 17 18 19 20 21 22 23 24,c1ccc([C@H]2CCNC[C@@H]2COc2ccc3c(c2)OCO3)cc1,train,358.4130000000001,2.9551000000000007,0.8905694040328566,26,51
subcategory_bioisostere.remove-O_162,NS(=O)(=O)OC(=O)c1cc(S(N)(=O)=O)c(Cl)cc1NCc1ccco1,0,authentic,authentic,,,c1ccc(NCc2ccco2)cc1,train,409.82900000000006,0.5528000000000003,0.6198415162566882,25,49
subcategory_bioisostere.remove-O_10,Fc1ccc(OCc2ccc(CN3CCCCC3)cc2)cc1.O=C(O)C(=O)O,0,authentic,authentic,,,c1ccc(OCc2ccc(CN3CCCCC3)cc2)cc1,train,389.42300000000006,3.5462000000000007,0.7608391803017682,28,45
subcategory_bioisostere.remove-O_1260,Cc1ccc2c(c1)NC(=O)C2(F)c1ccccc1,1,bioisostere,remove-O,COc1ccc(Cl)c(C2(F)C(=O)Nc3cc(C)ccc32)c1,10 12 13 14 15 16 17,O=C1Nc2ccccc2C1c1ccccc1,train,241.26500000000001,3.1602200000000007,0.8159720782869346,18,31
subcategory_bioisostere.remove-O_918,CCC[C@@](CN)(CC(C)C)C1CCCC1,1,bioisostere,remove-O,CCC[C@@](CN)(CC(=O)O)C1CCCC1,0 1 2 3 4 5 7 8 9 10 11 12 13 14,C1CCCC1,train,211.39299999999994,3.967900000000003,0.7066320735890513,15,27
subcategory_bioisostere.remove-O_1346,CCCCCNc1nc(-c2ccc3oc(C)c(C)c(=O)c3c2)cs1,1,bioisostere,remove-O,CCOC(=O)C(=O)Nc1nc(-c2ccc3oc(C)c(C)c(=O)c3c2)cs1,0 1 2 3 4 5,O=c1ccoc2ccc(-c3cscn3)cc12,val,342.46400000000006,5.135440000000004,0.6305536215930528,24,40
subcategory_bioisostere.remove-O_284,CCN(CCCCOc1ccc2c(c1)NC(=O)CC2)CC1CC1c1cc(Cl)ccc1OC,0,authentic,authentic,,,O=C1CCc2ccc(OCCCCNCC3CC3c3ccccc3)cc2N1,train,457.01400000000024,5.517900000000005,0.4522550611673502,32,50
subcategory_bioisostere.remove-O_967,CC(C)C[C@H](O)C[C@@H](O)/C=C/c1c(C2CC2)nc2ccccc2c1-c1ccc(F)cc1,1,bioisostere,remove-O,O=C(O)C[C@H](O)C[C@@H](O)/C=C/c1c(C2CC2)nc2ccccc2c1-c1ccc(F)cc1,0 1 2 4 5 6 7 8 9 10 11 12 13 14 15 16 17 18 19 20 21 22 23 24 25 26 27 28 29 30,c1ccc(-c2cc(C3CC3)nc3ccccc23)cc1,train,419.5400000000001,6.089500000000007,0.4645075940828339,31,62
subcategory_bioisostere.remove-O_1475,CC(C)CO[C@H]1CN(CC(=O)Nc2ccc(-n3ccccc3=O)cc2F)C[C@H]1NC(=O)c1ccc(Cl)s1,1,bioisostere,remove-O,CCOC(=O)CO[C@H]1CN(CC(=O)Nc2ccc(-n3ccccc3=O)cc2F)C[C@H]1NC(=O)c1ccc(Cl)s1,0 1 2 3 5 6 7 8 9 10 11 12 13 14 15 16 17 18 19 20 21 22 23 24 25 26 27 28 29 30 31 32 33 34 35 36,O=C(CN1CC[C@H](NC(=O)c2cccs2)C1)Nc1ccc(-n2ccccc2=O)cc1,train,547.0520000000002,3.785400000000002,0.4259544498679276,37,70
subcategory_bioisostere.remove-O_78,CC(C)NCC(O)COc1ccc(CCOCCc2ccccc2)cc1,0,authentic,authentic,,,c1ccc(CCOCCc2ccccc2)cc1,train,357.49399999999997,3.2261000000000015,0.5728103145345713,26,36
subcategory_bioisostere.remove-O_1379,COc1cc(OC)c2c(c1)C(C(O)c1ccccc1C)OC2=O,1,bioisostere,remove-O,COCCCCOc1ccc(C(O)C2OC(=O)c3c(OC)cc(OC)cc32)cc1,11 13 14 15 16 17 18 19,O=C1OC(Cc2ccccc2)c2ccccc21,train,314.3370000000001,2.957320000000001,0.8790293699923577,23,38
subcategory_bioisostere.remove-O_1517,CCc1ccccc1Nc1cc(C(F)(F)F)cc(C(F)(F)F)c1,1,bioisostere,remove-O,O=C(O)c1ccccc1Nc1cc(C(F)(F)F)cc(C(F)(F)F)c1,0 1 3 4 5 6 7 8 9 10 11 12 13 14 15 16 17 18 19 20 21 22,c1ccc(Nc2ccccc2)cc1,train,333.2749999999999,6.0302000000000024,0.6762856325260677,23,39
subcategory_bioisostere.remove-O_686,Cc1cccnc1N1C(=O)c2ccccc2C1=O,0,authentic,authentic,,,O=C1c2ccccc2C(=O)N1c1ccccn1,train,238.246,2.19062,0.7154134866877929,18,28
subcategory_bioisostere.remove-O_202,N=C(N)c1ccc2[nH]c(Cc3cccc(CCc4ccccc4)c3)cc2c1,0,authentic,authentic,,,c1ccc(CCc2cccc(Cc3cc4ccccc4[nH]3)c2)cc1,train,353.469,4.827970000000004,0.3373105502985795,27,45
subcategory_bioisostere.remove-O_652,C=CCCOc1ccc(C(O)C2OC(=O)c3c(OC)cc(OC)cc32)cc1,0,authentic,authentic,,,O=C1OC(Cc2ccccc2)c2ccccc21,train,370.40100000000007,3.6038000000000023,0.434733275828786,27,45
subcategory_bioisostere.remove-O_57,COCC1CCCN(CCCc2cccc(OC)c2)C1,0,authentic,authentic,,,c1ccc(CCCN2CCCCC2)cc1,train,277.408,2.986200000000002,0.7645608704848843,20,28
subcategory_bioisostere.remove-O_459,CC(=O)OCC(CO)OCn1cnc2c(=O)[nH]c(N)nc21,0,authentic,authentic,,,O=c1[nH]cnc2[nH]cnc12,train,297.271,-1.4000999999999992,0.5517542125026893,21,38
subcategory_bioisostere.remove-O_767,NCc1cc(Cl)cc(-c2nnc(N)nc2-c2ccccc2)c1F,0,authentic,authentic,,,c1ccc(-c2ncnnc2-c2ccccc2)cc1,val,329.766,3.0390000000000006,0.770345285870116,23,38
subcategory_bioisostere.remove-O_167,COc1c(C)cnc(C[S+]([O-])c2nc3cc(OC(F)F)ccc3[nH]2)c1C,0,authentic,authentic,,,c1ccc(C[SH+]c2nc3ccccc3[nH]2)nc1,test,381.404,3.4925400000000018,0.6610472268522137,26,51
subcategory_bioisostere.remove-O_790,Nc1ccn(C2CS[C@H](CO)O2)c(=O)n1.Nc1ccn([C@H]2CS[C@H](CO)O2)c(=O)n1,0,authentic,authentic,,,O=c1ncccn1C1CSCO1.O=c1ncccn1[C@H]1CSCO1,train,458.5220000000002,-1.1881999999999984,0.4306800497612857,30,65
subcategory_bioisostere.remove-O_482,CCc1ccc(/C(C)=C/c2ccc(C(=O)O)cc2)cc1CC,0,authentic,authentic,,,C(=C\c1ccccc1)/c1ccccc1,train,294.39400000000006,5.070100000000004,0.7816079612551536,22,38
subcategory_bioisostere.remove-O_765,Cn1cc(CC(=O)O)c2cc(OCCCOc3cccc(OCc4ccc(Cl)cc4)c3)ccc21,0,authentic,authentic,,,c1ccc(COc2cccc(OCCCOc3ccc4[nH]ccc4c3)c2)cc1,train,479.9600000000001,5.885700000000005,0.27168732471964385,34,54
subcategory_bioisostere.remove-O_1028,CCc1ccc(NC(=O)CCc2ccc(OC)cc2)cc1,1,bioisostere,remove-O,COc1ccc(CCC(=O)Nc2ccc(C(=O)O)cc2)cc1,0 1 2,O=C(CCc1ccccc1)Nc1ccccc1,train,283.371,3.8289000000000026,0.8746728108332993,21,32
subcategory_bioisostere.remove-O_811,CCCC[C@H]1C[C@@H](C=Cc2c(-c3ccc(F)cc3)c3ccccc3n2C(C)C)OC(C)(C)O1,1,bioisostere,remove-O,CC(C)n1c(C=C[C@@H]2C[C@H](CC(=O)OC(C)(C)C)OC(C)(C)O2)c(-c2ccc(F)cc2)c2ccccc21,0 1 2 3 5 6 7 8 9 10 11 12 13 14 15 16 17 18 19 20 21 22 23 24 25 26 27 28 29 30 31,C(=C[C@@H]1CCOCO1)c1[nH]c2ccccc2c1-c1ccccc1,train,449.6100000000002,8.141900000000007,0.3632702554334728,33,64
subcategory_bioisostere.remove-O_109,CC1(C)CCC(C)(C)c2cc(-c3cccc(-c4ccc(C(=O)O)cc4)n3)ccc21,0,authentic,authentic,,,c1ccc(-c2cccc(-c3ccc4c(c3)CCCC4)n2)cc1,train,385.5070000000001,6.462800000000007,0.5624907739696552,29,54
subcategory_bioisostere.remove-O_849,C=Cc1cn2c(n1)c(=O)n(CC)c1ccccc12,1,bioisostere,remove-O,CCOC(=O)c1cn2c(n1)c(=O)n(CC)c1ccccc12,0 1 3 4 5 6 7 8 9 10 11 12 13 14 15 16,O=c1[nH]c2ccccc2n2ccnc12,val,239.278,2.3121,0.6880654564107035,18,32
subcategory_bioisostere.remove-O_54,CCC1=C(c2ccccc2)c2ccc(OC)cc2Sc2ccccc21,0,authentic,authentic,,,C1=C(c2ccccc2)c2ccccc2Sc2ccccc21,test,344.47900000000004,6.528900000000005,0.5340691755066893,25,38
subcategory_bioisostere.remove-O_1524,CC(C)(C)[C@@H]1C[C@H](NC(=O)c2cc(S(N)(=O)=O)c(Cl)cc2NCc2ccco2)CN1,1,bioisostere,remove-O,CCOC(=O)[C@@H]1C[C@H](NC(=O)c2cc(S(N)(=O)=O)c(Cl)cc2NCc2ccco2)CN1,0 1 2 3 5 6 7 8 9 10 11 12 13 14 15 16 17 18 19 20 21 22 23 24 25 26 27 28,O=C(N[C@H]1CCNC1)c1ccccc1NCc1ccco1,val,454.98000000000013,2.698900000000001,0.5311675336684176,30,65
subcategory_bioisostere.remove-O_923,NCCc1ccc(Oc2ccc(C(F)(F)F)cc2)cc1,1,bioisostere,remove-O,N[C@@H](Cc1ccc(Oc2ccc(C(F)(F)F)cc2)cc1)C(=O)O,0 1 2 4 5 6 7 8 9 10 11 12 13 14 15 16 17 18,c1ccc(Oc2ccccc2)cc1,train,281.27699999999993,3.9989000000000017,0.9189772303268171,20,32
subcategory_bioisostere.remove-O_454,CCc1oc2ccccc2c1C(=O)c1ccc(OCCO)cc1,0,authentic,authentic,,,O=C(c1ccccc1)c1coc2ccccc12,train,310.349,3.5973000000000024,0.7067560710900619,23,34
subcategory_bioisostere.remove-O_187,CCN1c2ncccc2C(=O)N(C)c2cccnc21,0,authentic,authentic,,,O=C1Nc2cccnc2Nc2ncccc21,test,254.29299999999998,2.2245999999999997,0.7826475690361226,19,30
subcategory_bioisostere.remove-O_895,N#Cc1ccc(Cn2ccnc2)cc1Oc1ccccc1,1,bioisostere,remove-O,COc1ccc(Oc2cc(Cn3ccnc3)ccc2C#N)cc1,0 1 2 3 4 5 6 7 8 9 10 11 12 13 15 16 17 18 19,c1ccc(Oc2cccc(Cn3ccnc3)c2)cc1,train,275.31100000000004,3.5953800000000022,0.7306896368175917,21,30
subcategory_bioisostere.remove-O_301,CC1(C)C(=O)Nc2cc3[nH]c(-c4cnccn4)nc3cc21,0,authentic,authentic,,,O=C1Cc2cc3nc(-c4cnccn4)[nH]c3cc2N1,train,279.303,2.2496,0.7152731423525867,21,40
subcategory_bioisostere.remove-O_1051,Cc1ccccc1OC[C@H]1CN(C(=O)OC(C)(C)C)CC[C@@H]1c1ccc(F)cc1,1,bioisostere,remove-O,CC(C)(C)OC(=O)N1CC[C@H](c2ccc(F)cc2)[C@@H](COc2ccc3c(c2)OCO3)C1,0 1 2 3 4 5 6 7,c1ccc([C@H]2CCNC[C@@H]2COc2ccc3c(c2)OCO3)cc1,train,399.50600000000014,5.5537200000000055,0.6761759997537945,29,55
subcategory_bioisostere.remove-O_920,CCNc1cc2[nH]c(S(=O)Cc3ncc(C)c(OC)c3C)nc2cc1OC,1,bioisostere,remove-O,COc1cc2nc(S(=O)Cc3ncc(C)c(OC)c3C)[nH]c2cc1NC(C)=O,0 1 3 4 5 6 7 8 9 10 11 12 13 14 15 16 17 18 19 20 21 22 23 24 25 26,O=S(Cc1ccccn1)c1nc2ccccc2[nH]1,train,388.49300000000017,3.331540000000002,0.6453112747113113,27,45
subcategory_bioisostere.remove-O_558,CN1C(=O)NC(C)(c2ccccc2)C1=O,0,authentic,authentic,,,O=C1NC(=O)C(c2ccccc2)N1,train,204.22899999999998,1.0834000000000001,0.69583323532021,15,27
subcategory_bioisostere.remove-O_328,COc1ccc(-n2nc(C(F)(F)F)c3c2C(=O)N(c2ccc(C4(C(N)=O)CC4)cc2)CC32CC2)cc1,0,authentic,authentic,,,O=C1c2c(cnn2-c2ccccc2)C2(CC2)CN1c1ccc(C2CC2)cc1,train,496.4890000000004,4.108600000000003,0.5758311731148429,36,69
subcategory_bioisostere.remove-O_171,O=c1c2ccc(S(=O)(=O)c3ccc4c(=O)n5c6ccccc6nc5c5cccc3c45)c3cccc(c32)c2nc3ccccc3n12,0,authentic,authentic,,,O=c1c2ccc(S(=O)(=O)c3ccc4c(=O)n5c6ccccc6nc5c5cccc3c45)c3cccc(c32)c2nc3ccccc3n12,train,602.6310000000001,6.3300000000000045,0.22918202766917767,45,79
subcategory_bioisostere.remove-O_1352,CC(CC1(F)CCN(Cc2ccccc2F)C(C)(C(=O)O)C1)C(=O)c1ccccc1,1,bioisostere,remove-O,COc1cc2c(cc1OC)C(=O)C(CC1(F)CCN(Cc3ccccc3F)C(C)(C(=O)O)C1)C2,0 1 2 3 4 5 6 7 8 9 10 11 12 13 14 15 16 17 18 19 20 21 23 24 25 26 27 28,O=C1c2ccccc2CC1CC1CCN(Cc2ccccc2)CC1,train,415.4800000000002,4.8822000000000045,0.6549492072331712,30,52
subcategory_bioisostere.remove-O_255,CC1OC(n2cnc(C(=N)N)n2)C(O)C1O,0,authentic,authentic,,,c1ncn(C2CCCO2)n1,train,227.22400000000002,-1.7987299999999986,0.34814584318578745,16,29
subcategory_bioisostere.remove-O_1056,NCCS[C@H](c1ccccc1)c1ccc(F)cc1,1,bioisostere,remove-O,NC(=O)CS[C@H](c1ccccc1)c1ccc(F)cc1,0 1 2 4 5 6 7 8 9 10 11 12 13 14 15 16 17,c1ccc(Cc2ccccc2)cc1,train,261.36499999999995,3.607000000000003,0.8895052743233345,18,30
subcategory_bioisostere.remove-O_1518,Cc1oc2ccccc2c1C(=O)c1ccccc1,1,bioisostere,remove-O,Cc1oc2ccccc2c1C(=O)c1ccc(OCCC#N)cc1,0 1 2 3 4 5 6 7 8 9 11 12 13 14 15 16,O=C(c1ccccc1)c1coc2ccccc12,train,236.26999999999998,3.9722200000000027,0.6300050920327606,18,27
subcategory_bioisostere.remove-O_1465,CCNc1cccc2c1CN(C)CC2c1ccccc1,1,bioisostere,remove-O,CCCCOC(=O)Nc1cccc2c1CN(C)CC2c1ccccc1,0 1 3 4 5 6 7 8 9 10 11 12 13 14 15 16 17 18 19,c1ccc(C2CNCc3ccccc32)cc1,train,266.388,3.695700000000003,0.9110581581978058,20,28
subcategory_bioisostere.remove-O_760,CCCc1cc(=O)oc2c3c(c4c(c12)OC(C)(C)C=C4)O[C@H](C(C)C)[C@@H](C)C3=O,0,authentic,authentic,,,O=C1CCOc2c3c(c4ccc(=O)oc4c21)OCC=C3,train,396.4830000000001,5.165500000000005,0.6701507151837011,29,65
subcategory_bioisostere.remove-O_984,CCn1cc(C(C)(C)C)c(=O)c2c(C)c(F)c(N3CCC(N)C3)c(F)c21,1,bioisostere,remove-O,CCn1cc(C(=O)O)c(=O)c2c(C)c(F)c(N3CCC(N)C3)c(F)c21,0 1 2 3 5 6 7 8 9 10 11 12 13 14 15 16 17 18 19 20 21 22 23 24 25,O=c1cc[nH]c2cc(N3CCCC3)ccc12,val,363.45200000000017,3.4429200000000018,0.8892012813019188,26,51
subcategory_bioisostere.remove-O_1313,COc1cc2cc(-c3ccccc3)n(Cc3cccc(C(C)C)c3)c2cc1F,1,bioisostere,remove-O,COc1cc2cc(-c3ccccc3)n(Cc3cccc(C(=O)O)c3)c2cc1F,0 1 2 3 4 5 6 7 8 9 10 11 12 13 14 15 16 17 18 20 21 22 23 24 25 26 27,c1ccc(Cn2c(-c3ccccc3)cc3ccccc32)cc1,test,373.4710000000001,6.627700000000004,0.3829571711995879,28,45
subcategory_bioisostere.remove-O_106,OCCNc1nc2ccc(Cl)cc2c2nc(-c3ccco3)nn12,0,authentic,authentic,,,c1coc(-c2nc3c4ccccc4ncn3n2)c1,train,329.747,2.5951000000000004,0.5980211405661117,23,37
subcategory_bioisostere.remove-O_512,COc1ccc2c(c1)c(CC(=O)N[C@H](CO)CC(C)C)c(C)n2C(=O)c1ccc(Cl)cc1,0,authentic,authentic,,,O=C(c1ccccc1)n1ccc2ccccc21,train,456.97000000000014,4.365920000000004,0.5271980171591969,32,61
subcategory_bioisostere.remove-O_283,O=C1Nc2cccnc2N(C2CC2)c2ncccc21,0,authentic,authentic,,,O=C1Nc2cccnc2N(C2CC2)c2ncccc21,test,252.27699999999996,2.3428000000000004,0.8459450595208328,19,30
subcategory_bioisostere.remove-O_1238,C=Cc1cc2c3ccccc3nc-2c[nH]1,1,bioisostere,remove-O,O=C(O)c1cc2c3ccccc3nc-2c[nH]1,0 1 3 4 5 6 7 8 9 10 11 12 13,c1ccc2c3cc[nH]cc-3nc2c1,train,194.237,3.3107000000000015,0.6321524267972028,15,26
subcategory_bioisostere.remove-O_408,C[N+]1(C)C2CC(OC(=O)C(O)(c3cccs3)c3cccs3)CC1C1OC12.O=C(O)/C=C\C(=O)O,0,authentic,authentic,,,O=C(OC1CC2[NH2+]C(C1)C1OC21)C(c1cccs1)c1cccs1,train,508.5940000000002,2.0574999999999997,0.23371284921178298,34,68
subcategory_bioisostere.remove-O_331,CC(C)c1ccc(C2(c3cc(C#N)c(C(C)C)c(C#N)c3)CCCO2)cc1,0,authentic,authentic,,,c1ccc(C2(c3ccccc3)CCCO2)cc1,train,358.4850000000001,5.730760000000005,0.7009666318150521,27,49
subcategory_bioisostere.remove-O_857,Cc1cccc(S(=O)(=O)n2c(SCc3cccnc3)nc3ccccc32)c1,1,bioisostere,remove-O,COc1ccc(S(=O)(=O)n2c(SCc3cccnc3)nc3ccccc32)cc1,0 1 2 3 4 5 7 8 9 10 11 12 13 14 15 16 17 18 19 20 21 22 23 24 25,O=S(=O)(c1ccccc1)n1c(SCc2cccnc2)nc2ccccc21,train,395.50900000000007,4.269020000000003,0.47230100833308614,27,45
subcategory_bioisostere.remove-O_1080,Cc1cccc(C(=O)OC2CCN(C)CC2)c1,1,bioisostere,remove-O,COc1ccc(C(=O)OC2CCN(C)CC2)cc1OC,0 1 2 3 4 5 7 8 9 10 11 12 13 14 15,O=C(OC1CCNCC1)c1ccccc1,train,233.31099999999995,2.2460200000000006,0.7336989500626063,17,28
subcategory_bioisostere.remove-O_1029,O=C(c1ccccc1)N1CCC(Cc2ccccc2)CC1,1,bioisostere,remove-O,O=C(c1ccc2c(c1)OCO2)N1CCC(Cc2ccccc2)CC1,0 2 3 4 5 6 7 8 9 10 11 12 13 14 15 16 17 18 19 20,O=C(c1ccc2c(c1)OCO2)N1CCC(Cc2ccccc2)CC1,test,279.38300000000004,3.781500000000003,0.836972152131548,21,32
subcategory_bioisostere.remove-O_782,Cc1cc(C)c(/C=C2/NC(=O)NC2=O)c(C)c1,0,authentic,authentic,,,O=C1NC(=O)/C(=C\c2ccccc2)N1,train,230.267,1.79216,0.5705304187909843,17,34
subcategory_bioisostere.remove-O_577,COCCCN1CCC(NC(=O)c2cc(Cl)c(N)c3c2OCC3)CC1,0,authentic,authentic,,,O=C(NC1CCNCC1)c1cccc2c1OCC2,val,367.8770000000003,2.0877999999999997,0.5943769539353737,25,41
subcategory_bioisostere.remove-O_1480,CCc1nc(-c2ccc(F)cc2OC)sc1CC,1,bioisostere,remove-O,CCc1nc(-c2ccc(F)cc2OC)sc1C(=O)O,0 1 2 3 4 5 6 7 8 9 10 11 12 13 14 16,c1ccc(-c2nccs2)cc1,train,265.35299999999995,4.082600000000003,0.8305792077709163,18,27
subcategory_bioisostere.remove-O_902,CC(C)C[C@@H]1OC(=O)[C@@H](C)CNC(=O)[C@@H](Cc2ccccc2)NC(=O)/C=C/C[C@@H](C(=O)C#Cc2ccccc2)OC1=O,1,bioisostere,remove-O,COc1ccc(C[C@H]2NC(=O)/C=C/C[C@@H](C(=O)C#Cc3ccccc3)OC(=O)[C@H](CC(C)C)OC(=O)[C@@H](C)CNC2=O)cc1,15 16 17 18 19 20 21,O=C1/C=C/C[C@@H](C(=O)C#Cc2ccccc2)OC(=O)COC(=O)CCNC(=O)[C@@H](Cc2ccccc2)N1,test,572.6580000000002,2.9166000000000007,0.41662156122961264,42,93
subcategory_bioisostere.remove-O_1168,O=C1CCCCN1c1ccc(N2CCc3c(C(F)(F)F)nn(-c4ccccc4)c3C2=O)cc1,1,bioisostere,remove-O,COc1ccc(-n2nc(C(F)(F)F)c3c2C(=O)N(c2ccc(N4CCCCC4=O)cc2)CC3)cc1,0 1 2 3 4 5 6 7 8 9 10 11 12 13 14 15 16 17 18 19 20 22 23 24 25 26 27 28 29 30 31 32,O=C1CCCCN1c1ccc(N2CCc3cnn(-c4ccccc4)c3C2=O)cc1,train,454.4520000000001,4.6109000000000036,0.5808559104563044,33,56
subcategory_bioisostere.remove-O_753,Cc1cc(-c2nc3ccc(F)cc3s2)ccc1N,0,authentic,authentic,,,c1ccc(-c2nc3ccccc3s2)cc1,test,258.321,3.9930200000000013,0.6701115667946848,18,29
subcategory_bioisostere.remove-O_1525,CC(=O)C1(c2ccc(N3CCc4c(C(N)=O)nn(-c5ccccc5)c4C3=O)cc2)CC1,1,bioisostere,remove-O,COc1ccc(-n2nc(C(N)=O)c3c2C(=O)N(c2ccc(C4(C(C)=O)CC4)cc2)CC3)cc1,0 1 2 3 4 5 6 7 8 9 10 11 12 13 14 15 16 18 19 20 21 22 23 24 25 26 27 28 29 30,O=C1c2c(cnn2-c2ccccc2)CCN1c1ccc(C2CC2)cc1,train,414.46500000000015,2.7947000000000006,0.6940253474751863,31,57
subcategory_bioisostere.remove-O_1491,CCCCC1(C)CCCC2C1CCC1(C)C(=O)[C@H](O)CC21,1,bioisostere,remove-O,CC12CCC3C(CCC4=CC(=O)CCC43C)C1C[C@@H](O)C2=O,0 1 2 5,O=C1C=C2CCC3C4CCC(=O)C4CCC3C2CC1,train,292.463,4.349200000000003,0.8393948828746798,21,40
subcategory_bioisostere.remove-O_633,COc1ccc(C2C(CC[C@H](O)c3ccc(F)cc3)C(=O)N2c2ccc(CN)cc2)cc1,0,authentic,authentic,,,O=C1C(CCCc2ccccc2)C(c2ccccc2)N1c1ccccc1,train,434.5110000000002,4.510900000000003,0.5116791721362984,32,57
subcategory_bioisostere.remove-O_489,C=CCO[C@]1(C(F)(F)F)OC(=O)Nc2ccc(Cl)cc21,0,authentic,authentic,,,O=C1Nc2ccccc2CO1,train,307.65500000000003,3.8198000000000016,0.8635925669513439,20,40
subcategory_bioisostere.remove-O_1093,[2H]c1cc(-c2nc(C)c(C(=O)O)s2)cc(C#N)c1-c1ccccc1,1,bioisostere,remove-O,[2H]c1cc(-c2nc(C)c(C(=O)O)s2)cc(C#N)c1-c1ccc(OC)c(OC)c1,0 1 2 3 4 5 6 7 8 9 10 11 12 13 14 15 16 18 19 20 21 22,c1ccc(-c2ccc(-c3nccs3)cc2)cc1,train,321.379101778,4.355400000000002,0.7777252670199589,23,47
subcategory_bioisostere.remove-O_479,Cc1nc(-c2ccc3c(c2)CCO3)sc1C(=O)O,0,authentic,authentic,,,c1csc(-c2ccc3c(c2)CCO3)n1,train,261.3019999999999,2.751620000000001,0.9026242673514056,18,32
subcategory_bioisostere.remove-O_1503,OC[C@]12COc3ccccc3[C@H]1CN(Cc1ccccc1)C2,1,bioisostere,remove-O,COc1cc(F)c(CN2C[C@@H]3c4ccccc4OC[C@]3(CO)C2)cc1OC,0 1 2 3 4 5 6 7 8 9 10 11 12 13 15 16 17 18 19 20,c1ccc(CN2CC3COc4ccccc4[C@H]3C2)cc1,val,295.382,2.6571000000000007,0.9447123258339314,22,39
subcategory_bioisostere.remove-O_583,CCNC(=O)/C=C(\C)c1ccc(OC(C)c2ccccc2)cc1,0,authentic,authentic,,,c1ccc(COc2ccccc2)cc1,train,309.409,4.366000000000003,0.804869196843243,23,39
subcategory_bioisostere.remove-O_1250,CCN[C@H](Cc1ccc(Cl)cc1Cl)C(=O)N1CCN(C2(CNC(=O)Cc3ccc(F)cc3)CCCCC2)CC1,1,bioisostere,remove-O,NCCC(=O)N[C@H](Cc1ccc(Cl)cc1Cl)C(=O)N1CCN(C2(CNC(=O)Cc3ccc(F)cc3)CCCCC2)CC1,0 1 3 4 5 6 7 8 9 10 11 12 13 14 15 16 17 18 19 20 21 22 23 24 25 26 27 28 29 30 31 32 33 34 35 36 37 38,O=C(Cc1ccccc1)NCC1(N2CCN(C(=O)CCc3ccccc3)CC2)CCCCC1,train,577.572,4.859100000000004,0.4237377479467852,39,69
subcategory_bioisostere.remove-O_909,CC(C)C1=NCCCN1c1ccc(N2CCc3c(C(F)(F)F)nn(-c4ccccc4)c3C2=O)cc1,1,bioisostere,remove-O,COc1ccc(-n2nc(C(F)(F)F)c3c2C(=O)N(c2ccc(N4CCCN=C4C(C)C)cc2)CC3)cc1,23 24 25 26 27 28 29,O=C1c2c(cnn2-c2ccccc2)CCN1c1ccc(N2C=NCCC2)cc1,train,481.5220000000001,5.358600000000005,0.5043379649215743,35,60
subcategory_bioisostere.remove-O_486,COc1ccc2c3c1O[C@H]1[C@@]4(O)CC[C@@]5(C[C@@H]4COCc4ccccc4)[C@@H](C2)N(CC2CC2)CC[C@]315,0,authentic,authentic,,,c1ccc(COC[C@H]2C[C@@]34CCC2[C@@H]2Oc5cccc6c5[C@@]23CCN(CC2CC2)[C@@H]4C6)cc1,train,487.6400000000003,4.482400000000005,0.6241207851675858,36,85
subcategory_bioisostere.remove-O_746,CC(O)(CN1CCN(C2=Nc3ccccc3Sc3ccccc32)CC1)OCCO,0,authentic,authentic,,,c1ccc2c(c1)N=C(N1CCNCC1)c1ccccc1S2,train,413.5430000000003,2.564500000000001,0.7346692547284213,29,44
subcategory_bioisostere.remove-O_841,NC1(COc2ccc(F)c3c2CCC(=O)N3Cc2ccccc2)CCN(c2ccc(F)cc2Cl)CC1,1,bioisostere,remove-O,COc1ccc(CN2C(=O)CCc3c(OCC4(N)CCN(c5ccc(F)cc5Cl)CC4)ccc(F)c32)cc1,15 16 17 18 19 20 21 22,O=C1CCc2c(OCC3CCN(c4ccccc4)CC3)cccc2N1Cc1ccccc1,test,512.0000000000002,5.474300000000006,0.4762708493180963,36,58
subcategory_bioisostere.remove-O_89,CCc1cccc(-c2ccccc2C(c2ccccc2)n2cncn2)c1,0,authentic,authentic,,,c1ccc(-c2ccccc2C(c2ccccc2)n2cncn2)cc1,train,339.442,5.145200000000005,0.5035739418174566,26,39
subcategory_bioisostere.remove-O_1444,CC(C)CCC(O)(c1ccccc1)C(CN1CCOCC1)c1ccccc1,1,bioisostere,remove-O,COc1ccc(C(O)(CCC(C)C)C(CN2CCOCC2)c2ccccc2)cc1.Cl,0 1 2 3 4 6 7 8 9 10 11 12 13 14 15 16 17 18 19 20 21 22 23 24 25 26,c1ccc(CC(CN2CCOCC2)c2ccccc2)cc1,train,367.53300000000013,4.426400000000004,0.7492694006055737,27,41
subcategory_bioisostere.remove-O_339,COc1ccc2c3c1O[C@H]1C[C@@H](OC(=O)C[C@H](C)O)C=C[C@@]31CCNC2,0,authentic,authentic,,,C1=C[C@@]23CCNCc4cccc(c42)O[C@H]3CC1,train,359.4220000000001,1.8299,0.6309307072048004,26,59
subcategory_bioisostere.remove-O_1498,COc1ccc2c(c1)cc(C(C)C)n2Cc1ccc(Cl)c(Cl)c1,1,bioisostere,remove-O,COc1ccc2c(c1)cc(C(=O)O)n2Cc1ccc(Cl)c(Cl)c1,0 1 2 3 4 5 6 7 8 10 11 12 13 14 15 16 17 18 19 20 21 22,c1ccc(Cn2ccc3ccccc32)cc1,train,348.273,6.128400000000004,0.5532469640400606,23,41
subcategory_bioisostere.remove-O_370,C#C.CCN(C)CCCC1(c2ccc(F)cc2)OCc2cc(C#N)ccc21,0,authentic,authentic,,,c1ccc(C2OCc3ccccc32)cc1,train,364.4640000000001,4.452480000000004,0.7105744306541643,27,44
subcategory_bioisostere.remove-O_332,CCCc1nn(C)c2c(=O)[nH]c(-c3cc(S(=O)(=O)N4CCC(=O)/C(=C/c5cccc(F)c5)C4)ccc3OCC)nc12,0,authentic,authentic,,,O=C1CCN(S(=O)(=O)c2cccc(-c3nc4cn[nH]c4c(=O)[nH]3)c2)C/C1=C\c1ccccc1,train,579.6540000000001,3.8610000000000033,0.31416840005441865,41,80
subcategory_bioisostere.remove-O_315,COc1cc(CS(=O)(=O)c2nc3ccc(OC(F)F)cc3[nH]2)ccc1OCc1nccc(OC)c1OC,0,authentic,authentic,,,O=S(=O)(Cc1ccc(OCc2ccccn2)cc1)c1nc2ccccc2[nH]1,train,535.5250000000002,4.138000000000003,0.30196313223592747,37,62
subcategory_bioisostere.remove-O_1400,CN(C)CC(c1ccccc1)C1(O)CCCCC1,1,bioisostere,remove-O,CC(=O)Oc1ccc(C(CN(C)C)C2(O)CCCCC2)cc1,0 1 2 3 5 6 7 8 9 10 11 12 13 14 15 16 17,c1ccc(CC2CCCCC2)cc1,train,247.38199999999992,3.027000000000002,0.8837692412948068,18,28
subcategory_bioisostere.remove-O_1223,Cc1nnc(CCC2CCCC2)c2c(C)n(-c3ccccc3)c(C)c12,1,bioisostere,remove-O,CCOc1ccc(-n2c(C)c3c(C)nnc(CCC4CCCC4)c3c2C)cc1,0 1 2 3 4 5 6 7 8 9 10 11 12 13 14 16 17 18 19 20 21 22 23 24,c1ccc(-n2cc3cnnc(CCC4CCCC4)c3c2)cc1,train,333.47900000000004,5.468560000000005,0.6337327793793567,25,42
subcategory_bioisostere.remove-O_268,NC(=O)CS(=O)(=O)Cc1cccc2ccccc12,0,authentic,authentic,,,c1ccc2ccccc2c1,train,263.31800000000004,1.2399,0.9011275789851446,18,31
subcategory_bioisostere.remove-O_1551,C=CC(Oc1ccc2cc(Br)ccc2c1)C(=O)O,1,bioisostere,remove-O,O=C(O)C(Oc1ccc2cc(Br)ccc2c1)C(=O)O,0 1 2,c1ccc2ccccc2c1,train,307.14300000000003,3.620300000000002,0.8776042769340682,18,31
subcategory_bioisostere.remove-O_689,C=C(NS(=O)(=O)c1ccc(C(=O)NC(C)C)cc1)c1cc(Cl)ccc1OC,0,authentic,authentic,,,C=C(NS(=O)(=O)c1ccccc1)c1ccccc1,train,408.90700000000015,3.4360000000000026,0.734533941651897,27,50
subcategory_bioisostere.remove-O_1355,CC1c2cc(O)ccc2OC1Cc1ccccc1,1,bioisostere,remove-O,COc1ccc(CC2Oc3ccc(O)cc3C2C)cc1,0 1 2 3 4 5 6 7 8 9 10 12 13 14 15 16,c1ccc(CC2Cc3ccccc3O2)cc1,val,240.302,3.4994000000000014,0.8701662143644014,18,26
subcategory_bioisostere.remove-O_1478,CC[C@H]1CCCN1C(=O)[C@H](C)NC(=O)CCCc1ccccc1,1,bioisostere,remove-O,C[C@H](NC(=O)CCCc1ccccc1)C(=O)N1CCC[C@@H]1C(=O)O,0 1 2,O=C(CCCc1ccccc1)NCC(=O)N1CCCC1,train,316.445,2.915000000000001,0.8406462743553895,23,43
subcategory_bioisostere.remove-O_1395,CCCCCN1CCC(c2noc3ccc(F)cc23)CC1,1,bioisostere,remove-O,O=C(O)CCN1CCC(c2noc3ccc(F)cc23)CC1,0 1 2 3 4,c1ccc2c(C3CCNCC3)noc2c1,train,290.3820000000001,4.336500000000004,0.7672220615364694,21,31
subcategory_bioisostere.remove-O_1105,C=CC(CSc1ccc(Br)cc1)n1c(=O)n2n(c1=O)C(C(=O)NCc1ccc(N)nc1C)C=CC2,1,bioisostere,remove-O,CCOC(=O)C(CSc1ccc(Br)cc1)n1c(=O)n2n(c1=O)C(C(=O)NCc1ccc(N)nc1C)C=CC2,0 1 2,O=C(NCc1cccnc1)C1C=CCn2c(=O)n(CCSc3ccccc3)c(=O)n21,train,557.4740000000002,2.8063200000000013,0.32518304580859253,35,63
subcategory_bioisostere.remove-O_1483,Cc1cccc(C=Cc2nc3c(=O)n(C)c(=O)n(C)c3[nH]2)c1,1,bioisostere,remove-O,COc1ccc(/C=C/c2nc3c(=O)n(C)c(=O)n(C)c3[nH]2)c(OC)c1OC,0 1 2 3 4 5 7 8 9 10 11 12 13 14 15 16 17 18 19 20,O=c1[nH]c(=O)c2nc(/C=C/c3ccccc3)[nH]c2[nH]1,train,296.33,1.4391199999999997,0.777440386220603,22,44
subcategory_bioisostere.remove-O_207,C[C@H](n1ccnn1)[C@](O)(Cn1cncn1)c1ccc(F)cc1F,0,authentic,authentic,,,c1ccc(C(Cn2cncn2)Cn2ccnn2)cc1,train,320.30300000000005,1.2967999999999997,0.7660694935412672,23,44
subcategory_bioisostere.remove-O_605,COc1cc(C(C)C)c2c(c1)S(=O)(=O)N(COC(=O)c1c(Cl)ccc(S(=O)(=O)N3CCN(C)CC3)c1Cl)C2=O,0,authentic,authentic,,,O=C(OCN1C(=O)c2ccccc2S1(=O)=O)c1cccc(S(=O)(=O)N2CCNCC2)c1,val,620.5330000000001,3.020500000000002,0.4290458401563615,39,79
subcategory_bioisostere.remove-O_158,O=C1CC(c2ccc(CC(NS(=O)(=O)c3ccc(-c4ccccc4)cc3)c3nc4cc(C(F)(F)F)ccc4[nH]3)cc2)S(=O)(=O)N1,0,authentic,authentic,,,O=C1CC(c2ccc(CC(NS(=O)(=O)c3ccc(-c4ccccc4)cc3)c3nc4ccccc4[nH]3)cc2)S(=O)(=O)N1,train,654.6920000000002,5.401800000000005,0.2049223672443434,45,88
subcategory_bioisostere.remove-O_317,COC(=O)c1c(C)cc(OC(=O)c2c(C)cc(O)c(CO)c2O)c(C)c1O,0,authentic,authentic,,,O=C(Oc1ccccc1)c1ccccc1,train,376.36100000000016,2.226760000000001,0.47145384593282164,27,49
subcategory_bioisostere.remove-O_281,COC(=O)Nc1nc2cc(C(=O)N3CCN(c4ccccc4)CC3)ccc2[nH]1,0,authentic,authentic,,,O=C(c1ccc2[nH]cnc2c1)N1CCN(c2ccccc2)CC1,val,379.4200000000001,2.7036,0.7302131052226994,28,49
subcategory_bioisostere.remove-O_463,O=c1cnn(-c2ccc(S(=O)(=O)c3ccc(Cl)cc3)c(Cl)c2)c(=O)[nH]1,0,authentic,authentic,,,O=c1cnn(-c2ccc(S(=O)(=O)c3ccccc3)cc2)c(=O)[nH]1,test,398.22700000000003,2.0604,0.7278841497083507,25,55
subcategory_bioisostere.remove-O_393,COc1cccc(C(=O)NC2CCN(C)CC2)c1OC,0,authentic,authentic,,,O=C(NC1CCNCC1)c1ccccc1,train,278.352,1.5277999999999998,0.907184899478779,20,31
subcategory_bioisostere.remove-O_995,CCCC(O)CC(O)/C=C/c1c(-c2ccc(F)cc2)nn2cccc2c1C,1,bioisostere,remove-O,Cc1c(/C=C/C(O)CC(O)CC(=O)O)c(-c2ccc(F)cc2)nn2cccc12,0 1 3 4 5 6 7 8 9 10 11 12 13 14 15 16 17 18 19 20 21 22 23 24 25 26,c1ccc(-c2ccc3cccn3n2)cc1,train,368.45200000000006,4.374020000000003,0.6508551079591461,27,45
subcategory_bioisostere.remove-O_699,CC(C)(C)NC(=O)CN1C(=O)NC(c2ccccc2)(c2ccccc2)C1=O,0,authentic,authentic,,,O=C1NC(=O)C(c2ccccc2)(c2ccccc2)N1,train,365.4330000000001,2.3967,0.81689823056268,27,48
subcategory_bioisostere.remove-O_438,CCNC(C)C(O)COc1ccc(CC(N)=O)cc1,0,authentic,authentic,,,c1ccccc1,train,266.34099999999995,0.45210000000000006,0.637673978167625,19,30
subcategory_bioisostere.remove-O_369,O=C(NC[C@H]1CN(c2ccc(N3CCCC3=O)c(F)c2)C(=O)O1)c1ccc(Cl)s1,0,authentic,authentic,,,O=C(NC[C@H]1CN(c2ccc(N3CCCC3=O)cc2)C(=O)O1)c1cccs1,train,437.8800000000001,3.422600000000002,0.7769199613536046,29,57
subcategory_bioisostere.remove-O_632,O=C(NCC1CCC1)OCCCc1c[nH]cn1,0,authentic,authentic,,,O=C(NCC1CCC1)OCCCc1c[nH]cn1,test,237.303,1.8685999999999998,0.7421136522216774,17,27
subcategory_bioisostere.remove-O_742,OC1(Cn2cncn2)CCCC1Cc1ccc(F)cc1,0,authentic,authentic,,,c1ccc(CC2CCCC2Cn2cncn2)cc1,train,275.32699999999994,2.1911000000000005,0.9302466003611615,20,30
subcategory_bioisostere.remove-O_37,CN1CCc2cccc(-c3ccccc3)c2C1,0,authentic,authentic,,,c1ccc(-c2cccc3c2CNCC3)cc1,train,223.319,3.3415000000000017,0.7163936832110539,17,26
subcategory_bioisostere.remove-O_1548,CCCN(CCC)C[C@@H]1C[C@@H]1c1ccccc1C,1,bioisostere,remove-O,CCCN(CCC)C[C@@H]1C[C@@H]1c1cccc(OC)c1,0 1 2 3 4 5 6 7 8 9 11 12 13 14 15 16,c1ccc(C2CC2)cc1,train,245.41,4.220520000000004,0.694940960047825,18,34
subcategory_bioisostere.remove-O_1041,NCc1ccccc1OCc1ccc(F)cc1,1,bioisostere,remove-O,CC(C)NC(=O)c1ccccc1OCc1ccc(F)cc1,0 1 3 4 5 6 7 8 9 10 11 12 13 14 15 16,c1ccc(COc2ccccc2)cc1,train,231.26999999999995,2.8634000000000013,0.8777100779479502,17,23
subcategory_bioisostere.remove-O_867,CCC(C(N)=O)N(C)C(=O)[C@@H]1CCCN1CC,1,bioisostere,remove-O,CCC(C(N)=O)N(C)C(=O)[C@@H]1CCCN1C(C)=O,,C1CCNC1,train,241.33499999999995,0.19300000000000073,0.7470853655633449,17,34
subcategory_bioisostere.remove-O_1373,CCCC(O)CC(O)/C=C/c1c(C(C)C)nn2c(C)ccc2c1-c1ccc(F)cc1,1,bioisostere,remove-O,Cc1ccc2c(-c3ccc(F)cc3)c(/C=C/C(O)CC(O)CC(=O)O)c(C(C)C)nn12,2,c1ccc(-c2ccnn3cccc23)cc1,train,410.53300000000013,5.497420000000005,0.5156673421624368,30,52
subcategory_bioisostere.remove-O_1448,CC1CCNCC1COc1ccccc1,1,bioisostere,remove-O,CC1CCNCC1COc1ccc2c(c1)OCO2,0 1 2 3 4 5 6 7 9 10 11 12 13,c1cc2c(cc1OCC1CCCNC1)OCO2,train,205.30100000000002,2.311,0.8172959208565322,15,19
subcategory_bioisostere.remove-O_191,CCCc1[nH]c(O)nc1C(=O)c1ccc(SC)cc1,0,authentic,authentic,,,O=C(c1ccccc1)c1c[nH]cn1,train,276.361,3.0207000000000006,0.6504987547654627,19,33
subcategory_bioisostere.remove-O_1078,CC(C)N(CCO)c1ccc(N2C(=O)O[C@@H](CNC(=O)c3ccc(Cl)s3)C2O)cc1,1,bioisostere,remove-O,O=C(NC[C@@H]1OC(=O)N(c2ccc(N3CCOCC3=O)cc2)C1O)c1ccc(Cl)s1,0 1 2 3,O=C(NC[C@H]1CN(c2ccc(N3CCOCC3=O)cc2)C(=O)O1)c1cccs1,train,453.94800000000015,2.682200000000001,0.5675989530697549,30,58
subcategory_bioisostere.remove-O_1372,CCCCN(C(=O)C(C)CS)c1ccc(Oc2ccccc2)cc1,1,bioisostere,remove-O,CC(CS)C(=O)N(CC(=O)O)c1ccc(Oc2ccccc2)cc1,0 1 2 3 4,c1ccc(Oc2ccccc2)cc1,train,343.492,5.1779000000000055,0.669448957042554,24,37
subcategory_bioisostere.remove-O_261,CCc1ccc(-c2cccc(C[S@@](=O)CC(N)=O)c2)cc1,0,authentic,authentic,,,c1ccc(-c2ccccc2)cc1,train,301.41099999999994,2.6499999999999995,0.8913717052694805,21,40
subcategory_bioisostere.remove-O_672,C[C@@H](C/C=C/c1ccccc1F)[C@](O)(Cn1cncn1)c1ccc(F)cc1F,0,authentic,authentic,,,C(=C\c1ccccc1)/CCC(Cn1cncn1)c1ccccc1,train,387.40500000000003,4.322800000000003,0.6568306972799236,28,53
subcategory_bioisostere.remove-O_1317,O=S(=O)(F)N1CC[C@@H](c2ccc(F)cc2)[C@H](COc2ccccc2)C1,1,bioisostere,remove-O,O=S(=O)(F)N1CC[C@@H](c2ccc(F)cc2)[C@H](COc2ccc3c(c2)OCO3)C1,0 1 2 3 4 5 6 7 8 9 10 11 12 13 14 15 16 18 19 20 21 22 23 24,c1ccc([C@@H]2CCNC[C@H]2COc2ccc3c(c2)OCO3)cc1,train,367.4170000000002,3.5245000000000024,0.7598716954367464,25,52
subcategory_bioisostere.remove-O_771,O=C(NCc1ccccc1)Nc1ccc2cnccc2c1,0,authentic,authentic,,,O=C(NCc1ccccc1)Nc1ccc2cnccc2c1,train,277.32700000000006,3.5565000000000015,0.7688011431922324,21,30
subcategory_bioisostere.remove-O_1576,CCCOc1ccc(OCC(C)C)c(C(=O)NCc2ccccc2F)c1,1,bioisostere,remove-O,CCCOc1ccc(OCC(=O)OCC)c(C(=O)NCc2ccccc2F)c1,0 1 2 3 4 5 6 7 8 10 11 12 13 14 15 16 17 18 19 20 21 22 23 24 25,O=C(NCc1ccccc1)c1ccccc1,train,359.441,4.579300000000004,0.7128423445500099,26,39
subcategory_bioisostere.remove-O_634,CCOC(=O)CC(=O)C=Cc1c(-c2ccc(F)cc2)c2ccccc2n1C(C)C,0,authentic,authentic,,,c1ccc(-c2c[nH]c3ccccc23)cc1,train,393.4580000000001,5.563800000000005,0.29975437170422,29,49
subcategory_bioisostere.remove-O_173,COc1cccc(C(=O)NCC#CCOc2cccc(C(F)(F)F)c2)c1OC,0,authentic,authentic,,,O=C(NCC#CCOc1ccccc1)c1ccccc1,train,393.36100000000005,3.5348000000000024,0.7632418006739711,28,44
subcategory_bioisostere.remove-O_1218,CN[C@@H](Cc1ccc(Oc2ccc(Oc3ccccc3)cc2)cc1)C(C)C,1,bioisostere,remove-O,CN[C@@H](Cc1ccc(Oc2ccc(Oc3ccccc3)cc2)cc1)C(=O)O,0 1 3 4 5 6 7 8 9 10 11 12 13 14 15 16 17 18 19 20 21 22 23 24 25,c1ccc(Oc2ccc(Oc3ccccc3)cc2)cc1,test,361.48500000000007,6.057700000000005,0.5290123017169255,27,46
subcategory_bioisostere.remove-O_1582,C=CC(CCc1ccccc1)NC(C)C(=O)N1CCCC1C=O,1,bioisostere,remove-O,CCOC(=O)C(CCc1ccccc1)NC(C)C(=O)N1CCCC1C=O,0 1 2,O=C(CNCCCc1ccccc1)N1CCCC1,train,314.4290000000001,2.3418,0.5917396210443691,23,36
subcategory_bioisostere.remove-O_802,c1ccc(Cc2ccc(NC3=NCCN3)cc2)cc1,1,bioisostere,remove-O,CCCOc1ccc(Cc2ccc(NC3=NCCN3)cc2)cc1,0 1 2 3 5 6 7 8 9 10 11 12 13 14 15 16 17,c1ccc(Cc2ccc(NC3=NCCN3)cc2)cc1,train,251.333,2.6485000000000003,0.8795312888346373,19,30
subcategory_bioisostere.remove-O_1356,COc1cccc(CN2CCC(/C=C(/C=O)Cc3ccccc3)CC2)c1,1,bioisostere,remove-O,COc1cccc(CN2CCC(/C=C3\Cc4ccc(OC)cc4C3=O)CC2)c1,16 17 18 19 20 21 22,O=C1/C(=C/C2CCN(Cc3ccccc3)CC2)Cc2ccccc21,train,349.47400000000005,4.275200000000003,0.552011328423437,26,42
subcategory_bioisostere.remove-O_1343,C[C@@H]1CN(C2CCN(C(=O)c3sccc3Cl)CC2)CCN1[C@@H](C)c1ccc(S(=O)(=O)c2ccccc2)cc1,1,bioisostere,remove-O,C[C@@H]1CN(C2CCN(C(=O)c3sccc3Cl)CC2)CCN1[C@@H](C)c1ccc(S(=O)(=O)c2ccc3c(c2)OCO3)cc1,0 1 2 3 4 5 6 7 8 9 10 11 12 13 14 15 16 17 18 19 20 21 22 23 24 25 26 28 29 30 31 32 33 34 35 36 37,O=C(c1cccs1)N1CCC(N2CCN(Cc3ccc(S(=O)(=O)c4ccc5c(c4)OCO5)cc3)CC2)CC1,train,572.1960000000005,5.6062000000000065,0.38498260548908103,38,76
subcategory_bioisostere.remove-O_1481,CN(C)C[C@H](c1ccccc1)C1(O)CCCCC1,1,bioisostere,remove-O,COc1ccc([C@@H](CN(C)C)C2(O)CCCCC2)cc1,0 1 2 3 5 6 7 8 9 10 11 12 13 14 15 16 17,c1ccc(CC2CCCCC2)cc1,train,247.38199999999992,3.027000000000002,0.8837692412948068,18,32
subcategory_bioisostere.remove-O_716,O=C1NC(=O)C(c2cc(Cl)ccc2S(=O)(=O)NCc2ccccc2)N1,0,authentic,authentic,,,O=C1NC(=O)C(c2ccccc2S(=O)(=O)NCc2ccccc2)N1,test,379.82500000000005,1.699,0.6874848979046282,25,46
subcategory_bioisostere.remove-O_289,CN(C)[C@H](CNC(=O)c1ccc(Cl)s1)C(=O)Nc1ccc(N2CCOCC2=O)c(F)c1,0,authentic,authentic,,,O=C(CCNC(=O)c1cccs1)Nc1ccc(N2CCOCC2=O)cc1,train,468.9380000000003,2.2024999999999997,0.6498014868166443,31,59
subcategory_bioisostere.remove-O_1359,Cc1ccc2c(c1)S(=O)(=O)N(C)C(N)=C2O,1,bioisostere,remove-O,Cc1ccc2c(c1)S(=O)(=O)N(C)C(C(=O)Nc1ncc(C)s1)=C2O,1,O=C(Nc1nccs1)C1=Cc2ccccc2S(=O)(=O)N1,val,240.284,0.7719199999999999,0.7013076765835096,16,33
subcategory_bioisostere.remove-O_1193,COC(=O)c1ccc(CN2C3CCC2C(F)(CC(C)C(=O)c2cccc(C)c2)C3)cc1,1,bioisostere,remove-O,COC(=O)c1ccc(CN2C3CCC2C(F)(CC2Cc4cc(OC)c(OC)cc4C2=O)C3)cc1,19 21 22 23 24 25 26 27,O=C1c2ccccc2CC1CC1CC2CCC1N2Cc1ccccc1,val,423.52800000000013,5.135720000000005,0.45722110170938507,31,55
subcategory_bioisostere.remove-O_166,C=C(O)COCCN1CCN([C@@H](c2ccccc2)c2ccc(Cl)cc2)CC1,0,authentic,authentic,,,c1ccc(C(c2ccccc2)N2CCNCC2)cc1,train,386.9230000000001,4.1353000000000035,0.5461464490822077,27,48
subcategory_bioisostere.remove-O_1533,O=C1CC(c2ccccc2)CN1c1ccccc1,1,bioisostere,remove-O,COc1ccc(C2CC(=O)N(c3ccccc3)C2)cc1OC,0 1 2 4 5 6 7 8 9 10 11 12 13 14 15 16 17,O=C1CC(c2ccccc2)CN1c1ccccc1,test,237.302,3.2071000000000014,0.7850485195253867,18,27
subcategory_bioisostere.remove-O_307,Nc1nc2ccccc2n2c(=O)n(-c3cccc(F)c3)nc12,0,authentic,authentic,,,O=c1n(-c2ccccc2)nc2cnc3ccccc3n12,train,295.277,1.7547,0.5801053864503015,22,38
subcategory_bioisostere.remove-O_1234,Cc1ccc2c(-c3ccc(F)cc3)c(/C=C/C(O)CC(O)CC(C)C)c(C(C)C)nn12,1,bioisostere,remove-O,Cc1ccc2c(-c3ccc(F)cc3)c(/C=C/C(O)CC(O)CC(=O)O)c(C(C)C)nn12,2 3,c1ccc(-c2ccnn3cccc23)cc1,train,424.5600000000002,5.743420000000006,0.48448733405442446,31,57
subcategory_bioisostere.remove-O_1344,COc1cc2c(cc1OC)C(=O)C(CC1C=CN(Cc3cccc(Cl)c3)C=C1N)C2,1,bioisostere,remove-O,COc1cc2c(cc1OC)C(=O)C(CC1C=CN(Cc3cccc(Cl)c3)C=C1C(N)=O)C2,0 1 2 3 4 5 6 7 8 9 10 11 12 13 14 15 16 17 18 19 20 21 22 23 24 25 26 28 29,O=C1c2ccccc2CC1CC1C=CN(Cc2ccccc2)C=C1,train,424.92800000000017,4.548100000000003,0.7365666378206124,30,52
subcategory_bioisostere.remove-O_516,COc1ccc2c(c1)N(CC(C)CN(C)C)c1ccccc1S2,0,authentic,authentic,,,c1ccc2c(c1)Nc1ccccc1S2,train,328.481,4.495600000000004,0.8027021109078473,23,37
subcategory_bioisostere.remove-O_581,COc1cccc(C2(OC)C3CCCC2CN(C)C3)c1,0,authentic,authentic,,,c1ccc(C2C3CCCC2CNC3)cc1,train,275.392,2.898600000000001,0.846406087763668,20,32
subcategory_bioisostere.remove-O_791,COc1ccc(-n2nc(C(F)(F)F)c3c2C(=O)N(c2ccc(N4CCNC4=O)cc2)CC3)cc1,0,authentic,authentic,,,O=C1NCCN1c1ccc(N2CCc3cnn(-c4ccccc4)c3C2=O)cc1,train,471.43900000000025,3.632200000000002,0.630452906155123,34,61
subcategory_bioisostere.remove-O_1389,CCCC(=O)C(F)(F)C(O)/C=C/c1c(-c2ccc(F)cc2)c2ccccc2n1C(C)C,1,bioisostere,remove-O,CC(C)n1c(/C=C/C(O)C(F)(F)C(=O)CC(=O)OC(C)(C)C)c(-c2ccc(F)cc2)c2ccccc21,0 1 2 4 5 6 7 8 9 10 11 12 13 14 15 16 17 18 19 20 21 22 23 24 25 26 27 28 29 30,c1ccc(-c2c[nH]c3ccccc23)cc1,train,429.48200000000014,6.4069000000000065,0.4497565359657029,31,56
subcategory_bioisostere.remove-O_1142,COc1ccc(OC)c(-c2csc(NCC(C)C)n2)c1,1,bioisostere,remove-O,COc1ccc(OC)c(-c2csc(NC(=O)C(=O)O)n2)c1.NCCO,0 1 2 3 4 5 6 7 8 9 10 11 12 14 15 16 17 18 19,c1ccc(-c2cscn2)cc1,train,292.404,3.8952000000000027,0.876753384923597,20,33
subcategory_bioisostere.remove-O_193,CCOc1ccc(C2=CCNCC2)cc1,0,authentic,authentic,,,C1=C(c2ccccc2)CCNC1,train,203.28499999999997,2.4620000000000006,0.8144468981490094,15,22
subcategory_bioisostere.remove-O_675,CCCc1nn(C)c2c(=O)nc(-c3cc(S(=O)(=O)N4CCN(C)CC4)ccc3OCC)n(O)c12,0,authentic,authentic,,,O=c1nc(-c2cccc(S(=O)(=O)N3CCNCC3)c2)[nH]c2cn[nH]c12,train,490.58600000000035,1.3216000000000006,0.49221308890195387,34,62
subcategory_bioisostere.remove-O_134,CC/C=C/c1nc2c(n1Cc1ccc(-c3ccccc3-c3nn[nH]n3)cc1)C(=O)CCCC2,0,authentic,authentic,,,O=C1CCCCc2ncn(Cc3ccc(-c4ccccc4-c4nn[nH]n4)cc3)c21,train,438.5350000000003,5.110800000000004,0.4225904366688208,33,58
subcategory_bioisostere.remove-O_685,C=C(/C=C\C(F)=C/C)C1(CCCN(C)C)OCc2cc(C#N)ccc21,0,authentic,authentic,,,c1ccc2c(c1)COC2,test,340.442,4.611280000000004,0.6800858819053476,25,46
subcategory_bioisostere.remove-O_1325,NC(=O)c1nn(-c2ccccc2)c2c1CCN(c1ccc(-n3cccc(F)c3=O)cc1)C2=O,1,bioisostere,remove-O,NC(=O)c1nn(-c2ccc3c(c2)CCO3)c2c1CCN(c1ccc(-n3cccc(F)c3=O)cc1)C2=O,0 1 2 3 4 6 7 8 9 10 11 12 13 14 15 16 17 18 19 20 21 22 23 24 25 26 27 28 29 30 31 32,O=C1c2c(cnn2-c2ccc3c(c2)CCO3)CCN1c1ccc(-n2ccccc2=O)cc1,test,443.43800000000016,2.4641,0.5233283700036777,33,58
subcategory_bioisostere.remove-O_1292,CCN(CC)CC(C(=O)Nc1cccc(C)c1)N(CC)CC,1,bioisostere,remove-O,CCN(CC)CC(C(=O)Nc1ccc(OC)cc1C)N(CC)CC,0 1 2 3 4 5 6 7 8 10 11 12 13 14 15 16 17 18 19 20 21,c1ccccc1,train,305.4660000000001,2.9857200000000015,0.761648177409456,22,35
subcategory_bioisostere.remove-O_107,CNCCCCOc1ccccc1C1CCCCC1.Cl,0,authentic,authentic,,,c1ccc(C2CCCCC2)cc1,train,297.86999999999995,4.534500000000005,0.746407291481046,20,26
subcategory_bioisostere.remove-O_1224,Cc1cccc(C(O)CNC(C)CCc2ccccc2)c1,1,bioisostere,remove-O,CC(CCc1ccccc1)NCC(O)c1ccc(O)cc1,0 1 2 3 4 5 7 8 9 10 11 12 13 14 15 16 17 18 19,c1ccc(CCCNCCc2ccccc2)cc1,train,283.41499999999996,3.6393200000000023,0.8128698879572434,21,31
subcategory_bioisostere.remove-O_1390,C=CNC1CCC(NC(=O)c2cc3cc(F)ccc3[nH]2)CC1,1,bioisostere,remove-O,NCCC(=O)NC1CCC(NC(=O)c2cc3cc(F)ccc3[nH]2)CC1,0 1 3 4 5 6 7 8 9 10 11 12 13 14 15 16 17 18 19 20,O=C(NC1CCCCC1)c1cc2ccccc2[nH]1,train,301.36500000000007,3.081100000000001,0.8125928479293408,22,39
subcategory_bioisostere.remove-O_692,Cn1nnnc1Sc1nc(N)nc2nc[nH]c12,0,authentic,authentic,,,c1nc(Sc2nnn[nH]2)c2[nH]cnc2n1,val,249.263,-0.3902000000000005,0.5881979255062942,17,28
subcategory_bioisostere.remove-O_837,CCc1sc(C)nc1-c1ccc(OC)cc1F,1,bioisostere,remove-O,COc1ccc(-c2nc(C)sc2C(=O)O)c(F)c1,0 1 3 4 5 6 7 8 9 10 11 12 13 14 15 16,c1ccc(-c2cscn2)cc1,train,251.32599999999996,3.8286200000000026,0.8267665242955793,17,26
subcategory_bioisostere.remove-O_793,COc1ccccc1CCNCc1ccccc1N1CCN(C(=O)[C@@H](Cc2ccc(Cl)cc2Cl)NC(=O)CCN)CC1,0,authentic,authentic,,,O=C(CCc1ccccc1)N1CCN(c2ccccc2CNCCc2ccccc2)CC1,train,612.6019999999999,4.059200000000002,0.25209785435466764,42,69
subcategory_bioisostere.remove-O_579,COc1ccc2c(CCC(=O)O)cc(=O)oc2c1,0,authentic,authentic,,,O=c1ccc2ccccc2o1,train,248.23399999999998,1.8188,0.834922805088406,18,30
subcategory_bioisostere.remove-O_763,Cc1nc(N)nc(N)c1-c1ccc(Cl)cc1,0,authentic,authentic,,,c1ccc(-c2cncnc2)cc1,train,234.69000000000003,2.26982,0.7935670865382279,16,28
subcategory_bioisostere.remove-O_745,CCC(c1ccc(O)cc1C)C(CC)c1ccc(O)cc1C,0,authentic,authentic,,,c1ccc(CCc2ccccc2)cc1,train,298.426,5.402040000000005,0.7753170452118224,22,34
subcategory_bioisostere.remove-O_325,COc1cc(C(=O)N2CCN(C(=O)c3cc(OC)c(OC)c(OC)c3)C(COC(=O)COc3ccc(F)cc3)C2)cc(OC)c1OC,0,authentic,authentic,,,O=C(COc1ccccc1)OCC1CN(C(=O)c2ccccc2)CCN1C(=O)c1ccccc1,test,656.6600000000002,3.466300000000002,0.2507845890754134,47,80
subcategory_bioisostere.remove-O_1248,CN(C)CCC1(c2ccccc2)C=CCCC1,1,bioisostere,remove-O,COc1cccc(C2(CCN(C)C)C=CCCC2)c1,5 6 7 8 9 10 11,C1=CC(c2ccccc2)CCC1,train,229.36699999999996,3.6162000000000027,0.7128211680531086,17,26
subcategory_bioisostere.remove-O_1070,CCCN(CC)c1ccc(N2CCc3c(C(=O)OCC)nn(-c4ccc(OC)cc4)c3C2=O)cc1,1,bioisostere,remove-O,CCOC(=O)c1nn(-c2ccc(OC)cc2)c2c1CCN(c1ccc(N3CCCCC3=O)cc1)C2=O,3 4 5,O=C1CCCCN1c1ccc(N2CCc3cnn(-c4ccccc4)c3C2=O)cc1,train,476.57700000000017,4.496800000000004,0.42351731930437203,35,58
subcategory_bioisostere.remove-O_1540,Cc1c(O)c(CCCC(C)C)c(O)c2c1COC2=O,1,bioisostere,remove-O,Cc1c(O)c(CC[C@H](C)C(=O)O)c(O)c2c1COC2=O,0 1 2 3 4 5 7 8 9 10 11 12 13 14 15 16 17 18,O=C1OCc2ccccc21,train,264.32099999999997,3.055320000000002,0.8201394638350527,19,32
subcategory_bioisostere.remove-O_899,CC(C)CCCCCCCNC(=O)C1CCCCC1,1,bioisostere,remove-O,O=C(O)CCCCCCCNC(=O)C1CCCCC1,0 1 2 3,C1CCCCC1,train,267.457,4.679500000000004,0.6037960869371941,19,26
subcategory_bioisostere.remove-O_896,CCN1CCN(C[C@@H](O)COc2ccccc2C(=O)c2ccccc2)CC1,1,bioisostere,remove-O,CC(C)(C)OC(=O)N1CCN(C[C@@H](O)COc2ccccc2C(=O)c2ccccc2)CC1,0 1 3 4 5 6 7 8 9 10 11 12 13 14 15 16 17 18 19 20 21 22 23 24 25,O=C(c1ccccc1)c1ccccc1OCCCN1CCNCC1,test,368.47700000000015,2.2947999999999995,0.7248464791630341,27,45
subcategory_bioisostere.remove-O_507,C=CCOc1ccnc(CS(=O)c2nc3ccc(OC(F)(F)C(F)Cl)cc3[nH]2)c1C,0,authentic,authentic,,,O=S(Cc1ccccn1)c1nc2ccccc2[nH]1,train,459.8770000000001,4.6449200000000035,0.3722397740834409,30,54
subcategory_bioisostere.remove-O_80,C[C@@H](NC(=O)c1cccc(C(F)(F)F)c1)C(=O)N1CCN(CCCOc2ccc(-c3noc(CC4CCCC4)n3)c(F)c2)CC1,0,authentic,authentic,,,O=C(NCC(=O)N1CCN(CCCOc2ccc(-c3noc(CC4CCCC4)n3)cc2)CC1)c1ccccc1,train,631.671,5.358800000000006,0.22478299798112908,45,83
subcategory_bioisostere.remove-O_353,CNCCCOc1ccccc1-c1ccccc1,0,authentic,authentic,,,c1ccc(-c2ccccc2)cc1,train,241.334,3.3419000000000025,0.7831209784977314,18,23
subcategory_bioisostere.remove-O_1323,Cc1cccc(-n2nc(C(N)=O)c3c2C(=O)N(c2ccc(N4CCC(O)CC4=O)cc2)CC3)c1,1,bioisostere,remove-O,COc1ccc(-n2nc(C(N)=O)c3c2C(=O)N(c2ccc(N4CCC(O)CC4=O)cc2)CC3)cc1,0 1 2 3 4 5 7 8 9 10 11 12 13 14 15 16 17 18 19 20 21 22 23 24 25 26 27 28 29 30 31 32,O=C1CCCCN1c1ccc(N2CCc3cnn(-c4ccccc4)c3C2=O)cc1,train,459.5060000000003,1.97022,0.617813269828187,34,62
subcategory_bioisostere.remove-O_1033,CC[CH][C@@H]1CC[C@@](O)(C#CCCCCC#Cc2cn([C@@H]3O[C@H](CO)[C@@H](O)[C@H]3O)c(=O)[nH]c2=O)[C@@]1(C)CCCc1ccccc1,1,bioisostere,remove-O,C[C@]12CC[C@@H]3c4ccc(O)cc4CC[C@H]3[C@@H]1CC[C@@]2(O)C#CCCCCC#Cc1cn([C@@H]2O[C@H](CO)[C@@H](O)[C@H]2O)c(=O)[nH]c1=O,36 37 38 39 40 41 42 43,O=c1[nH]c(=O)n([C@H]2CCCO2)cc1C#CCCCCC#CC1CC[C@@H]2C1CC[C@@H]1c3ccccc3CC[C@H]12,train,605.7520000000001,2.8479900000000002,0.1957023731446023,44,107
subcategory_bioisostere.remove-O_172,O=C(OC1CN2CCC1CC2)C1=C/C(=C\c2cccnc2)c2ccccc21,0,authentic,authentic,,,O=C(OC1CN2CCC1CC2)C1=C/C(=C\c2cccnc2)c2ccccc21,test,358.4410000000001,3.6566000000000027,0.7856204025215854,27,46
subcategory_bioisostere.remove-O_703,COc1cc2c(c(OC)c1OC)-c1ccc(C)c(=O)cc1[C@@H](NC(C)=O)CC2,0,authentic,authentic,,,O=c1cccc2c(c1)CCCc1ccccc1-2,train,383.4440000000002,3.1714200000000012,0.8778642894398663,28,54
subcategory_bioisostere.remove-O_211,CCN(C)C(=N)c1ccc(N2CCc3c(C(F)(F)F)nn(-c4ccc(OC)cc4)c3C2=O)cc1,0,authentic,authentic,,,O=C1c2c(cnn2-c2ccccc2)CCN1c1ccccc1,train,471.4830000000001,4.3796700000000035,0.44283388406688245,34,61
subcategory_bioisostere.remove-O_922,CCc1cn(C2CC2)c2c(Cl)c(N3CCC(N)C3)c(F)c(C)c2c1=O,1,bioisostere,remove-O,Cc1c(F)c(N2CCC(N)C2)c(Cl)c2c1c(=O)c(C(=O)O)cn2C1CC1,0 1 3 4 5 6 7 8 9 10 11 12 13 14 15 16 17 18 19 20 21 22 23,O=c1ccn(C2CC2)c2cc(N3CCCC3)ccc12,train,363.86400000000015,3.5371200000000016,0.9070294859495349,25,47
subcategory_bioisostere.remove-O_126,CC(=O)c1c(C)[nH]c(C(=O)NCCc2ccc(F)cc2)c1C,0,authentic,authentic,,,O=C(NCCc1ccccc1)c1ccc[nH]1,train,302.349,2.9457400000000016,0.8341755508171909,22,41
subcategory_bioisostere.remove-O_308,CCOC(=O)Nc1cccc2c1CN(C)CC2c1ccccc1,0,authentic,authentic,,,c1ccc(C2CNCc3ccccc32)cc1,train,310.397,3.8323000000000027,0.9364643384010086,23,34
subcategory_bioisostere.remove-O_1026,Fc1cc(COc2ccccc2)cc(OC(c2ccccc2)C2CCNCC2)c1,1,bioisostere,remove-O,Fc1cc(COc2ccc3c(c2)OCO3)cc(OC(c2ccccc2)C2CCNCC2)c1,0 1 2 3 4 6 7 8 9 10 11 12 13 14 15 16 17 18 19 20 21 22 23 24 25 26 27 28,c1ccc(C(Oc2cccc(COc3ccc4c(c3)OCO4)c2)C2CCNCC2)cc1,test,391.48600000000016,5.524400000000005,0.5748431086415288,29,43
subcategory_bioisostere.remove-O_974,CCCCOC[C@@H]1O[C@H](n2cnc(C(N)=O)n2)[C@@H](O)[C@H]1O,1,bioisostere,remove-O,CC(C)[C@H]([NH3+])C(=O)OC[C@@H]1O[C@H](n2cnc(C(N)=O)n2)[C@@H](O)[C@H]1O.[Cl-],0 1 2 3 4,c1ncn([C@@H]2CCCO2)n1,val,300.315,-1.1870999999999974,0.5392850446659877,21,52
subcategory_bioisostere.remove-O_1239,CCCCOC(c1ccccc1)c1ccccc1C,1,bioisostere,remove-O,Cc1ccccc1C(OCC(O)CN1C(C)CCCC1C)c1ccccc1,0 1 2 3,c1ccc(C(OCCCN2CCCCC2)c2ccccc2)cc1,train,254.373,4.901120000000004,0.6660580842521366,19,25
subcategory_bioisostere.remove-O_658,Cn1c(=O)c2c(ncn2C)n(C)c1=O.OCCO,0,authentic,authentic,,,O=c1[nH]c(=O)c2[nH]cnc2[nH]1,train,256.26199999999994,-2.0582999999999982,0.6106701043319482,18,31
subcategory_bioisostere.remove-O_385,CCCCCC(O)c1cccc(OCc2cccc(CN)c2)c1,0,authentic,authentic,,,c1ccc(COc2ccccc2)cc1,train,313.4410000000001,4.338000000000002,0.6771586940569495,23,33
subcategory_bioisostere.remove-O_1334,CCc1c(CCC(C)C)c2cc3c(cc2n1C(=O)c1ccc(Cl)cc1)OCO3,1,bioisostere,remove-O,O=C(O)C1CCc2c(c3cc4c(cc3n2C(=O)c2ccc(Cl)cc2)OCO4)C1,0 1 2 3 5 6 7 8 9 10 11 12 13 14 15 16 17 18 19 20 21 22 23 24 25 26 27,O=C(c1ccccc1)n1c2c(c3cc4c(cc31)OCO4)CCCC2,train,397.90200000000004,5.862900000000005,0.5407091458128918,28,48
subcategory_bioisostere.remove-O_1170,CCCCNS(=O)(=O)c1ccc(Cl)cc1CCN,1,bioisostere,remove-O,CCCCNS(=O)(=O)c1ccc(Cl)cc1C1NC(=O)NC1=O,14 15 16 17,O=C1NC(=O)C(c2ccccc2)N1,train,290.8160000000001,1.9196000000000002,0.7537111112150475,18,29
subcategory_bioisostere.remove-O_921,CNCC1(c2ccc(N3CCc4c(C(F)(F)F)nn(-c5ccccc5)c4C3=O)cc2)CCCCC1,1,bioisostere,remove-O,CNCC1(c2ccc(N3CCc4c(C(F)(F)F)nn(-c5ccc(OC)cc5)c4C3=O)cc2)CCCCC1,0 1 2 3 4 5 6 7 8 9 10 11 12 13 14 15 16 17 19 20 21 22 23 24 25 26 27 28 29 30 31 32 33 34,O=C1c2c(cnn2-c2ccccc2)CCN1c1ccc(C2CCCCC2)cc1,train,482.55000000000024,5.515300000000005,0.5214383331576364,35,59
subcategory_bioisostere.remove-O_84,Nc1n[nH]c(N)c1Cc1ccc2c(c1)OCO2,0,authentic,authentic,,,c1cc2c(cc1Cc1cn[nH]c1)OCO2,val,232.243,0.8935999999999997,0.7137971864811202,17,30
subcategory_bioisostere.remove-O_1135,CCCNS(=O)(=O)c1ccc2ccccc2c1,1,bioisostere,remove-O,O=C(O)CNS(=O)(=O)c1ccc2ccccc2c1,0 1 2 4 5 6 7 8 9 10 11 12 13 14 15,c1ccc2ccccc2c1,train,249.335,2.528100000000001,0.9046860802825026,17,27
subcategory_bioisostere.remove-O_1188,C=Cc1cc2c3cc(-n4cnnc4)c(Cl)cc3nc(O)n2n1,1,bioisostere,remove-O,CCOC(=O)c1cc2c3cc(-n4cnnc4)c(Cl)cc3nc(O)n2n1,0 1 3 4 5 6 7 8 9 10 11 12 13 14 15 16 17 18 19 20,c1cc2c3cc(-n4cnnc4)ccc3ncn2n1,test,312.72,2.4652000000000007,0.614671750838721,22,39
subcategory_bioisostere.remove-O_947,COC(=O)C1(NC(=O)CN2CCc3c(C(F)(F)F)nn(-c4ccccc4C)c3C2=O)CCCC1,1,bioisostere,remove-O,C.COC(=O)C1(NC(=O)CN2CCc3c(C(F)(F)F)nn(-c4ccc(OC)cc4)c3C2=O)CCCC1,0 1 2 3 4 5 6 7 8 9 10 11 12 13 14 15 16 17 18 20 21 22 23 24 25 26 27 28 29 30 31 32 33,O=C(CN1CCc2cnn(-c3ccccc3)c2C1=O)NC1CCCC1,train,478.4710000000003,2.7998200000000013,0.6675186412130995,34,60
subcategory_bioisostere.remove-O_787,[2H]C([2H])([2H])N1CCC(C2=Nc3cc(F)ccc3Nc3ccc(Cl)cc32)=C[C@@H]1C,0,authentic,authentic,,,C1=C(C2=Nc3ccccc3Nc3ccccc32)CCNC1,test,358.8623053340001,5.307300000000003,0.7478878904780389,25,63
subcategory_bioisostere.remove-O_1038,O=C1NC(=S)NC1=Cc1ccccc1,1,bioisostere,remove-O,CC(C)(C)c1cc(/C=C2\NC(=S)NC2=O)cc(C(C)(C)C)c1O,7 8 9 10 11 12 13,O=C1NC(=S)N/C1=C\c1ccccc1,train,204.25400000000002,1.0318,0.5300781057935621,14,23
subcategory_bioisostere.remove-O_1216,C=CC1=C(O)C(=O)N(Cc2ccccn2)C1,1,bioisostere,remove-O,CCOC(=O)C1=C(O)C(=O)N(Cc2ccccn2)C1,0 1 3 4 5 6 7 8 9 10 11 12 13 14,O=C1C=CCN1Cc1ccccn1,train,216.24,1.4219,0.8309566702206244,16,29
subcategory_bioisostere.remove-O_1259,COc1cc(-n2nc(CN)c3c2C(=O)N(c2ccc(N4CCCC4=O)cc2)CC3)ccc1F,1,bioisostere,remove-O,COc1cc(-n2nc(C(N)=O)c3c2C(=O)N(c2ccc(N4CCCC4=O)cc2)CC3)ccc1F,7 8 9,O=C1CCCN1c1ccc(N2CCc3cnn(-c4ccccc4)c3C2=O)cc1,train,449.4860000000003,2.8084000000000016,0.6466117846232696,33,56
subcategory_bioisostere.remove-O_184,Cc1ccccc1CN(CC(O)(Cn1cncn1)c1ccc(F)cc1F)C(C)C,0,authentic,authentic,,,c1ccc(CNCC(Cn2cncn2)c2ccccc2)cc1,train,400.4730000000001,3.663120000000003,0.6270187725414601,29,45
subcategory_bioisostere.remove-O_1320,CCN[C@H]1CCc2cc3c(c(OC)c2-c2ccc(SC)c(=O)cc21)OCO3,1,bioisostere,remove-O,COc1c2c(cc3c1-c1ccc(SC)c(=O)cc1[C@@H](NC(C)=O)CC3)OCO2,0 1 3 4 5 6 7 8 9 10 11 12 13 14 15 16 17 18 19 20 21 22 23 24 25 26,O=c1cccc2c(c1)CCCc1cc3c(cc1-2)OCO3,train,385.4850000000002,3.7698000000000027,0.8088618803766428,27,49
subcategory_bioisostere.remove-O_157,Cc1c(-c2ccccc2)cnn1C1CCN(Cc2cccc(C#N)c2)CC1,0,authentic,authentic,,,c1ccc(CN2CCC(n3cc(-c4ccccc4)cn3)CC2)cc1,train,356.47300000000007,4.567300000000003,0.6878618396044566,27,43
subcategory_bioisostere.remove-O_587,CC1N=CN(Nc2cccc(F)c2)C1c1ccccc1,0,authentic,authentic,,,C1=NCC(c2ccccc2)N1Nc1ccccc1,train,269.323,3.6263000000000023,0.921097165453714,20,31
subcategory_bioisostere.remove-O_755,C=CCOCCn1c(N2CCN(C)CC2)nc2ccccc21,0,authentic,authentic,,,c1ccc2[nH]c(N3CCNCC3)nc2c1,train,300.406,1.9906999999999995,0.6033507104393899,22,33
subcategory_bioisostere.remove-O_116,O=C(CCC(F)(F)F)NCCN1CCC(CNC(=O)c2cccc(OC(F)(F)F)c2)CC1,0,authentic,authentic,,,O=C(NCC1CCNCC1)c1ccccc1,val,469.4260000000002,3.4857000000000022,0.5437059347382552,32,54
subcategory_bioisostere.remove-O_77,CCCCc1nc(C(O)C(C)(C)C)c(C(N)=O)n1Cc1ccc(-c2ccccc2-c2nn[nH]n2)cc1,0,authentic,authentic,,,c1ccc(-c2nn[nH]n2)c(-c2ccc(Cn3ccnc3)cc2)c1,train,487.6080000000002,4.299500000000003,0.32202807165821595,36,64
subcategory_bioisostere.remove-O_925,Cc1ncc2c(-c3ccccc3)cccn12,1,bioisostere,remove-O,CCOc1ccc(-c2cccn3c(C)ncc23)cc1,0 1 2 3 4 6 7 8 9 10 11 12 13 14 15,c1ccc(-c2cccn3cncc23)cc1,train,208.264,3.3097200000000013,0.5993723529173628,16,25
subcategory_bioisostere.remove-O_945,O=C1CCCCN1c1ccc(N2CCc3c(C4=NCCCCN4)nn(-c4ccccc4)c3C2=O)cc1,1,bioisostere,remove-O,COc1ccc(-n2nc(C3=NCCCCN3)c3c2C(=O)N(c2ccc(N4CCCCC4=O)cc2)CC3)cc1,0 1 2 3 4 5 6 7 8 9 10 11 12 13 14 15 16 17 18 19 20 21 22 23 25 26 27 28 29 30 31 32 33 34 35,O=C1CCCCN1c1ccc(N2CCc3c(C4=NCCCCN4)nn(-c4ccccc4)c3C2=O)cc1,val,482.5880000000002,3.722100000000003,0.614500601904005,36,58
subcategory_bioisostere.remove-O_1537,CCS[C@@H](C)[C@@](O)(Cn1cncn1)c1ccc(F)cc1F,1,bioisostere,remove-O,CC(=O)S[C@@H](C)[C@@](O)(Cn1cncn1)c1ccc(F)cc1F,0 1 3 4 5 6 7 8 9 10 11 12 13 14 15 16 17 18 19 20,c1ccc(CCn2cncn2)cc1,train,313.37300000000005,2.585700000000001,0.8904151726126655,21,42
subcategory_bioisostere.remove-O_151,C[C@@]1(n2ccc(N)nc2=O)CS[C@H](CO)O1,0,authentic,authentic,,,O=c1ncccn1C1CSCO1,test,243.28799999999998,-0.4200000000000003,0.732899971442696,16,35
subcategory_bioisostere.remove-O_1039,CCOC1c2c(ncn2Cc2ccccc2C)N=CN(C)N1C,1,bioisostere,remove-O,CCOC1c2c(ncn2Cc2ccc(OC)cc2)N=CN(C)N1C,0 1 2 3 4 5 6 7 8 10 11 12 13 14 15 16 17 18 19 20 21 22,C1=Nc2ncn(Cc3ccccc3)c2CNN1,train,313.4050000000001,2.7269200000000007,0.8705188688655211,23,34
subcategory_bioisostere.remove-O_720,FC1CCC([C@@H]2CCNC[C@H]2COc2ccc3c(c2)OCO3)CC1,0,authentic,authentic,,,c1cc2c(cc1OC[C@@H]1CNCC[C@H]1C1CCCCC1)OCO2,train,335.41900000000015,3.5481000000000025,0.9133806602648017,24,45
subcategory_bioisostere.remove-O_115,CN(C)CC1=NN=C2CN=C(c3ccccc3)c3cc(Cl)ccc3N2C1,0,authentic,authentic,,,C1=NN=C2CN=C(c3ccccc3)c3ccccc3N2C1,train,365.86800000000017,3.3271000000000015,0.836964266826891,26,44
subcategory_bioisostere.remove-O_1211,O=S(=O)(Nc1cc(Cl)cc2cc[nH]c12)c1ccccc1,1,bioisostere,remove-O,COc1ccc(S(=O)(=O)Nc2cc(Cl)cc3cc[nH]c23)cc1,0 2 3 4 5 6 7 8 9 10 11 12 13 14 15 16 17 18,O=S(=O)(Nc1cccc2cc[nH]c12)c1ccccc1,train,306.774,3.6221000000000014,0.7760286162480297,20,38
subcategory_bioisostere.remove-O_562,CNC(=O)c1cncc(S(=O)(=O)NC(=O)Nc2c(C(C)C)cccc2C(C)C)n1,0,authentic,authentic,,,O=C(Nc1ccccc1)NS(=O)(=O)c1cnccn1,train,419.5070000000002,2.593400000000001,0.6596869537669301,29,53
subcategory_bioisostere.remove-O_620,CCc1nc(-c2ccc(OC)c(OCc3ccccc3F)c2)sc1C(=O)O,0,authentic,authentic,,,c1ccc(COc2cccc(-c3nccs3)c2)cc1,train,387.4320000000001,4.797400000000003,0.6307922695735452,27,43
subcategory_bioisostere.remove-O_1293,CCOc1ccc(S(=O)(=O)N2CCN(C)CC2)cc1C(=O)Nc1c(C(C)C)nn(Cc2ccccc2)c1C(N)=O,1,bioisostere,remove-O,CCOc1ccc(S(=O)(=O)N2CCN(C)CC2)cc1C(=O)Nc1c(C(=O)OC)nn(Cc2ccccc2)c1C(N)=O,0 1 2 3 4 5 6 7 8 9 10 11 12 13 14 15 16 17 18 19 20 21 22 24 25 26 27 28 29 30 31 32 33 34 35 36 37 38 39,O=C(Nc1cnn(Cc2ccccc2)c1)c1cccc(S(=O)(=O)N2CCNCC2)c1,train,568.7000000000002,2.7407999999999992,0.38328911762341505,40,70
subcategory_bioisostere.remove-O_905,O=C1[C@H]([C@H](O)Cc2ccccc2)[C@@H](c2ccc(O)cc2)N1c1ccc(F)cc1,1,bioisostere,remove-O,O=C1[C@H]([C@H](O)CCOc2ccc(F)cc2)[C@@H](c2ccc(O)cc2)N1c1ccc(F)cc1,0 1 2 3 4 6 7 8 9 10 11 12 13 14 15 16 17 18 19 20 21 22 23 24 25 26 27,O=C1[C@H](CCCOc2ccccc2)[C@@H](c2ccccc2)N1c1ccccc1,train,377.4150000000001,3.839000000000003,0.6644199930513297,28,60
subcategory_bioisostere.remove-O_960,CC[C@H](Cc1ccccc1)NC(=O)[C@@H](NC(=O)[C@@H]1CCCN1)[C@@H](C)CC,1,bioisostere,remove-O,CC[C@H](C)[C@H](NC(=O)[C@@H]1CCCN1)C(=O)N[C@@H](Cc1ccccc1)C(=O)OC,0 1 3 4 5 6 7 8 9 10 11 12 13 14 15 16 17 18 19 20 21 22 23 24 25,O=C(CNC(=O)[C@@H]1CCCN1)NCCc1ccccc1,train,359.5140000000002,2.4067999999999996,0.6340519573013454,26,61
subcategory_bioisostere.remove-O_139,CC(CCCc1ccccn1)NC1c2ccccc2Oc2ccccc21,0,authentic,authentic,,,c1ccc(CCCCNC2c3ccccc3Oc3ccccc32)nc1,val,344.4580000000001,5.277700000000005,0.6606143794339447,26,36
subcategory_bioisostere.remove-O_900,c1ccc(Sc2ccc(Cc3c[nH]cn3)cc2)cc1,1,bioisostere,remove-O,COc1ccc(Sc2ccc(Cc3c[nH]cn3)cc2)cc1,0 1 2 3 5 6 7 8 9 10 11 12 13 14 15 16 17,c1ccc(Sc2ccc(Cc3c[nH]cn3)cc2)cc1,test,266.36899999999997,4.151700000000003,0.7680992222944789,19,32
subcategory_bioisostere.remove-O_309,CC.Clc1cccc(CN=C2Nc3ccccc3NC23CCCCNCC3)c1,0,authentic,authentic,,,c1ccc(CN=C2Nc3ccccc3NC23CCCCNCC3)cc1,test,398.98200000000026,5.704700000000004,0.607190354124295,28,41
subcategory_bioisostere.remove-O_647,COc1cc(N)c(Cl)cc1C(=O)N[C@H]1CN2CCC1CC2,0,authentic,authentic,,,O=C(N[C@H]1CN2CCC1CC2)c1ccccc1,train,309.79700000000014,1.7548000000000001,0.8349131688808653,21,39
subcategory_bioisostere.remove-O_1284,COc1ccc(CCC(C)NCCc2ccccc2)cc1,1,bioisostere,remove-O,COc1ccc(CCNC(C)CCc2ccc(OC)cc2)cc1,0 1 2 3 4 5 6 7 8 9 10 11 13 14 15 16 17 18 19 20,c1ccc(CCCNCCc2ccccc2)cc1,train,283.415,3.848600000000003,0.7943127354487306,21,29
subcategory_bioisostere.remove-O_661,CC(NC(=O)[C@]1(c2ccccc2)CC[C@@H](N2CCC(c3ccc(F)cc3)CC2)CC1)c1cc(C(F)(F)F)cc(C(F)(F)F)c1,0,authentic,authentic,,,O=C(NCc1ccccc1)[C@]1(c2ccccc2)CC[C@@H](N2CCC(c3ccccc3)CC2)CC1,train,620.6530000000004,8.800700000000003,0.2795822997119579,44,87
subcategory_bioisostere.remove-O_1279,CCN(CCO)c1ccc(N2C[C@H](CNC(=O)c3ccc(Cl)s3)OC2=O)c(F)c1,1,bioisostere,remove-O,O=C(NC[C@H]1CN(c2ccc(N3CCOCC3=O)cc2F)C(=O)O1)c1ccc(Cl)s1,0 1 3 4 5 6 7 8 9 10 11 12 13 14 15 16 17 18 19 20 21 22 23 24 25 26 27,O=C(NC[C@H]1CN(c2ccc(N3CCOCC3=O)cc2)C(=O)O1)c1cccs1,train,441.9120000000001,3.1144000000000016,0.6574059123764088,29,54
subcategory_bioisostere.remove-O_1301,C=CNC1CC(C)N(S(=O)(=O)c2ccc(C(=O)NCCc3ccccc3)c(OC)c2)C(C)C1,1,bioisostere,remove-O,C=CC(=O)NC1CC(C)N(S(=O)(=O)c2ccc(C(=O)NCCc3ccccc3)c(OC)c2)C(C)C1,0 1 3 4 5 6 7 8 9 10 11 12 13 14 15 16 17 18 19 20 21 22 23 24 25 26 27 28 29 30 31,O=C(NCCc1ccccc1)c1ccc(S(=O)(=O)N2CCCCC2)cc1,train,471.6230000000003,3.3309000000000015,0.5858050477009914,33,59
subcategory_bioisostere.remove-O_1316,CC(CCc1cc(Sc2ccc(Cl)cc2)nn(-c2ccccc2)c1=O)NC(=O)[C@H]1CCNC[C@@H]1c1ccccc1,1,bioisostere,remove-O,COc1ccc(-n2nc(Sc3ccc(Cl)cc3)cc(CCC(C)NC(=O)[C@H]3CCNC[C@@H]3c3ccccc3)c2=O)cc1,16 17 18 19 20 21 22,O=C(NCCCc1cc(Sc2ccccc2)nn(-c2ccccc2)c1=O)[C@H]1CCNC[C@@H]1c1ccccc1,train,573.1620000000004,5.8677000000000055,0.2623619600332658,40,73
subcategory_bioisostere.remove-O_1156,CN(C)CC1CSCCC1(O)c1ccccc1,1,bioisostere,remove-O,COc1cccc(C2(O)CCSCC2CN(C)C)c1.Cl,0 1 2 3 4 5 6 7 8 10 11 12 13 14 15,c1ccc(C2CCSCC2)cc1,val,251.39499999999998,2.1889000000000003,0.8905811842014377,17,25
subcategory_bioisostere.remove-O_1394,CC[C@@H](N)Cc1ccc(Oc2ccccc2C#N)cc1,1,bioisostere,remove-O,N#Cc1ccccc1Oc1ccc(C[C@H](N)C(=O)O)cc1,0 1 3 4 5 6 7 8 9 10 11 12 13 14 15 16 17 18,c1ccc(Oc2ccccc2)cc1,train,266.344,3.6303800000000024,0.8985557128507594,20,34
subcategory_bioisostere.remove-O_919,CC(Cc1ccccc1)C(=O)OCC1CCCCN1Cc1ccccc1,1,bioisostere,remove-O,COc1cc2c(cc1OC)C(=O)C(C(=O)OCC1CCCCN1Cc1ccccc1)C2,0 2 3 4 5 6 7 8 9 10 11 12 13 14 15 16 17 18 19 20 21 22 23 24 25,O=C(OCC1CCCCN1Cc1ccccc1)C1Cc2ccccc2C1=O,val,351.48999999999995,4.463100000000004,0.6897398266843339,26,37
subcategory_bioisostere.remove-O_1186,CCCN(CC1COC(C)(C)O1)C(=O)C(C)N[C@@H](CCc1ccccc1)C(=O)O,1,bioisostere,remove-O,CC(N[C@@H](CCc1ccccc1)C(=O)O)C(=O)N1CC2OC(C)(C)OC2[C@H]1C(=O)O,0 1 2 4 5 6 7 8 9 10 11 12 13 14 15 16 17 18 19 20 21 22 23 24 25 26 27 28,O=C(CNCCCc1ccccc1)N1CC2OCOC2C1,train,406.52300000000014,2.4406,0.5868854527966955,29,54
subcategory_bioisostere.remove-O_1154,C=COCCOCn1cnc2c(=O)[nH]c(=O)[nH]c21,1,bioisostere,remove-O,CC(=O)OCCOCn1cnc2c(=O)[nH]c(=O)[nH]c21,0 1 2,O=c1[nH]c(=O)c2nc[nH]c2[nH]1,train,252.23000000000002,-0.45290000000000047,0.5350670888667409,18,35
subcategory_bioisostere.remove-O_950,OC(CNCC1(c2ccccc2)CC1)c1ccccc1,1,bioisostere,remove-O,OCc1cc(C(O)CNCC2(c3ccccc3)CC2)ccc1O,0 2 3 4 5 6 7 8 9 10 11 12 13 14 15 16 17 18,c1ccc(CCNCC2(c3ccccc3)CC2)cc1,train,267.37199999999996,3.041400000000001,0.8428833987778643,20,30
subcategory_bioisostere.remove-O_1011,CN[C@H]1CCN([C@H]2CCC[C@@H](NC(=O)c3cc4c(F)ccc(C)c4[nH]3)C2)C1,1,bioisostere,remove-O,CC(=O)N(C)[C@H]1CCN([C@H]2CCC[C@@H](NC(=O)c3cc4c(F)ccc(C)c4[nH]3)C2)C1,0 1 3 4 5 6 7 8 9 10 11 12 13 14 15 16 17 18 19 20 21 22 23 24 25,O=C(N[C@@H]1CCC[C@H](N2CCCC2)C1)c1cc2ccccc2[nH]1,val,372.48800000000017,2.95012,0.7733551860530843,27,62
subcategory_bioisostere.remove-O_1286,CN1CCN(Cc2ccc3n2Cc2ccccc2N(c2ccccc2)C3)CC1,1,bioisostere,remove-O,CN1CCN(Cc2ccc3n2Cc2ccccc2N(C(=O)c2ccc(NC(=O)c4ccccc4-c4ccccc4)cc2Cl)C3)CC1,18 19 20 21 22 23 24,O=C(Nc1ccc(C(=O)N2Cc3ccc(CN4CCNCC4)n3Cc3ccccc32)cc1)c1ccccc1-c1ccccc1,train,372.51600000000013,3.935500000000003,0.6921822325567117,28,42
subcategory_bioisostere.remove-O_362,CCc1ccc(N2CCCC(=O)N2)cc1,0,authentic,authentic,,,O=C1CCCN(c2ccccc2)N1,train,204.273,1.8803999999999998,0.7973827781532403,15,24
subcategory_bioisostere.remove-O_154,C[N+]1(CCCc2ccccc2)CCCC(OC(=O)C(O)(c2cccs2)c2cccs2)C1,0,authentic,authentic,,,O=C(OC1CCC[NH+](CCCc2ccccc2)C1)C(c1cccs1)c1cccs1,train,456.6530000000001,4.830500000000005,0.39007770738285824,31,53
subcategory_bioisostere.remove-O_1342,COc1ccc(C(CCc2ccccc2)NC(C)=O)cc1,1,bioisostere,remove-O,COc1ccc(C(CCc2cc(OC)c(OC)c(OC)c2)NC(C)=O)cc1,8 9 10 11 12 13 14,c1ccc(CCCc2ccccc2)cc1,train,283.37100000000004,3.505200000000002,0.8807771213479698,21,32
subcategory_bioisostere.remove-O_313,CC(Oc1ccc2[nH]c(C(=O)c3cc4ccccc4[nH]3)cc2c1)c1ccccc1,0,authentic,authentic,,,O=C(c1cc2ccccc2[nH]1)c1cc2cc(OCc3ccccc3)ccc2[nH]1,train,380.44700000000006,6.0202000000000035,0.36632111953009056,29,52
subcategory_bioisostere.remove-O_1233,CCCCC(CN)CC(C)CC1CCCCC1,1,bioisostere,remove-O,CC(CC1CCCCC1)CC(CN)CC(=O)O,0 1 2 3 5 6 7 8 9 10 11 12 13 14 15 16,C1CCCCC1,train,239.44699999999992,4.748100000000004,0.6497760746373946,17,23
subcategory_bioisostere.remove-O_355,O=C1c2ccc(Cl)cc2OCN1CCO[N+](=O)[O-],0,authentic,authentic,,,O=C1NCOc2ccccc21,train,272.644,1.3403999999999998,0.6100887127537116,18,35
subcategory_bioisostere.remove-O_404,COc1ccc2c3c1O[C@H]1[C@@]4(OC)CC[C@@]5(C[C@]4(C)C(O)c4ccccc4)[C@@H](C2)N(CC2CC2)CC[C@]315,0,authentic,authentic,,,c1ccc(CC2C[C@@]34CCC2[C@@H]2Oc5cccc6c5[C@@]23CCN(CC2CC2)[C@@H]4C6)cc1,train,501.66700000000026,5.0434000000000045,0.6008924923984927,37,88
subcategory_bioisostere.remove-O_524,CN(C)CCC[C@@]1(c2ccc(F)cc2)OCc2cc(C#N)ccc21.O=S(=O)(O)O,0,authentic,authentic,,,c1ccc(C2OCc3ccccc32)cc1,train,422.4780000000001,3.1601800000000013,0.7121576450693122,29,55
subcategory_bioisostere.remove-O_299,Cc1cn(COC(CO)CO)c(=O)nc1N,0,authentic,authentic,,,O=c1nccc[nH]1,train,229.23599999999996,-1.5387799999999985,0.5641130643798711,16,25
subcategory_bioisostere.remove-O_210,CN(C)[C@@H]1C(=O)C(C(N)=O)=C(O)[C@@]2(O)C(=O)C3=C(O)c4c(O)cccc4[C@H](CSCc4ccc(Cl)c(Cl)c4)C3[C@H](O)C12,0,authentic,authentic,,,O=C1C=CC2C(=O)C3=Cc4ccccc4[C@H](CSCc4ccccc4)C3CC2C1,test,635.5220000000003,2.7161000000000017,0.25843038077275693,42,102
subcategory_bioisostere.remove-O_483,c1cncc(NC2c3ccccc3Oc3ccccc32)c1,0,authentic,authentic,,,c1cncc(NC2c3ccccc3Oc3ccccc32)c1,train,274.32300000000004,4.3888000000000025,0.7522419722923892,21,31
subcategory_bioisostere.remove-O_302,CC(C)n1c(C=CC(O)CC(O)CC(=O)OC(C)(C)C)c(-c2ccc(F)cc2)c2ccccc21,0,authentic,authentic,,,c1ccc(-c2c[nH]c3ccccc23)cc1,train,467.58100000000013,5.8852000000000055,0.4056467233012591,34,61
subcategory_bioisostere.remove-O_1321,NSc1cccc(CNC(=O)c2cnccn2)c1,1,bioisostere,remove-O,CNS(=O)(=O)c1cccc(CNC(=O)c2cnccn2)c1,0 1 2,O=C(NCc1ccccc1)c1cnccn1,train,260.322,1.3724,0.8114893230151211,18,27
subcategory_bioisostere.remove-O_1489,COc1ccc(CN2CCN(C(=O)COc3cc(O)c4c(c3)OC(c3ccccc3)CC4=O)CC2)c(OC)c1OC,1,bioisostere,remove-O,COc1ccc(C2CC(=O)c3c(O)cc(OCC(=O)N4CCN(Cc5ccc(OC)c(OC)c5OC)CC4)cc3O2)cc1O,0 1 2 3 4 5 6 7 8 9 10 11 12 13 14 15 16 17 18 19 20 21 22 24 25 26 27 28 29 30 31 32 33 34 35 36 37 38 39 40,O=C1CC(c2ccccc2)Oc2cc(OCC(=O)N3CCN(Cc4ccccc4)CC3)ccc21,train,562.6190000000003,3.8477000000000032,0.41624176231880883,41,67
subcategory_bioisostere.remove-O_719,COc1cc(N2CCCCC2=O)ccc1N1CCc2c(C(N)=O)nn(-c3ccc(F)cc3)c2C1=O,0,authentic,authentic,,,O=C1CCCCN1c1ccc(N2CCc3cnn(-c4ccccc4)c3C2=O)cc1,train,477.4960000000002,2.8387000000000002,0.6076340636598943,35,59
subcategory_bioisostere.remove-O_715,C/C=C/Cc1ccc(Cn2cnnn2)cc1,0,authentic,authentic,,,c1ccc(Cn2cnnn2)cc1,train,214.27200000000002,1.84,0.7292954775922201,16,25
subcategory_bioisostere.remove-O_397,CC(C)C[C@@H](NC(=O)C(S)Cc1ccccc1)C(=O)O,0,authentic,authentic,,,c1ccccc1,train,295.40400000000005,2.143,0.6752402722894629,20,39
subcategory_bioisostere.remove-O_1044,CCC[C@@]1(O)CC[C@H]2[C@@H]3C[C@H](F)C4=CC(=O)CC[C@]4(C)[C@H]3[C@@H](O)C[C@@]21C,1,bioisostere,remove-O,CC(=O)CC(=O)[C@@]1(O)CC[C@H]2[C@@H]3C[C@H](F)C4=CC(=O)CC[C@]4(C)[C@H]3[C@@H](O)C[C@@]21C,0 1 2 3,O=C1C=C2CC[C@H]3[C@@H]4CCCC4CC[C@@H]3C2CC1,train,364.5010000000001,3.968300000000003,0.779452853069352,26,79
subcategory_bioisostere.remove-O_1086,Cc1ccccc1NC(=O)c1cc2cc(O)ccc2[nH]1,1,bioisostere,remove-O,COc1cc(NC(=O)c2cc3cc(O)ccc3[nH]2)cc(OC)c1OC,0 1 2 3 4 5 6 8 9 10 11 12 13 14 15 16 17 18 19,O=C(Nc1ccccc1)c1cc2ccccc2[nH]1,train,266.29999999999995,3.4342200000000016,0.6649324748528997,20,34
subcategory_bioisostere.remove-O_233,CCCc1cc(Cl)c2oc(Cc3ccc(Cl)cc3)c(C)c2c1O,0,authentic,authentic,,,c1ccc(Cc2cc3ccccc3o2)cc1,test,349.25700000000006,6.296920000000005,0.5997824253856046,23,39
subcategory_bioisostere.remove-O_1296,CCOc1ccc(CC2CCN(CCCN)CC2)cc1-c1nc2c(CC)nn(C)c2c(=O)[nH]1,1,bioisostere,remove-O,CCOc1ccc(CC2CCN(CCC(=O)NO)CC2)cc1-c1nc2c(CC)nn(C)c2c(=O)[nH]1,0 1 2 3 4 5 6 7 8 9 10 11 12 14 15 16 17 18 19 20 21 22 23 24 25 26 27 28 29 30 31 32,O=c1[nH]c(-c2cccc(CC3CCNCC3)c2)nc2cn[nH]c12,train,452.6030000000001,2.888000000000001,0.5176026864412132,33,56
subcategory_bioisostere.remove-O_1045,CCN[C@H](C(=O)N[C@H]1CCCN(CCc2ccccc2)C1)C1CCCCC1,1,bioisostere,remove-O,CN[C@@H](C)C(=O)N[C@H](C(=O)N[C@H]1CCCN(CCc2ccccc2)C1)C1CCCCC1,0 1 2 4 5 6 7 8 9 10 11 12 13 14 15 16 17 18 19 20 21 22 23 24 25,O=C(CC1CCCCC1)N[C@H]1CCCN(CCc2ccccc2)C1,train,371.56900000000024,3.368100000000002,0.7363507925363695,27,48
subcategory_bioisostere.remove-O_156,O=C(Cc1cc[n+]([O-])cc1)N1CCC(C2c3ccc(Cl)cc3C=C(Br)c3cc(Br)cnc32)CC1,0,authentic,authentic,,,O=C(Cc1cc[nH+]cc1)N1CCC(C2c3ccccc3C=Cc3cccnc32)CC1,test,603.7419999999998,5.950500000000005,0.27473449520530874,34,67
subcategory_bioisostere.remove-O_344,CN(C)CCCC1(c2ccc(F)cc2)OC(C)(C)c2ccccc21.Cl,0,authentic,authentic,,,c1ccc(C2OCc3ccccc32)cc1,train,363.90400000000005,5.098200000000006,0.7324744047573881,25,43
subcategory_bioisostere.remove-O_682,O=C(C1CCCN1C(=O)OCc1ccccc1)N1CCCC1CO,0,authentic,authentic,,,O=C(C1CCCN1C(=O)OCc1ccccc1)N1CCCC1,val,332.4000000000002,1.7709000000000001,0.9121927817056523,24,36
subcategory_bioisostere.remove-O_453,CN(C)CCC1(c2ccccc2)OCc2cc(C#N)ccc21,0,authentic,authentic,,,c1ccc(C2OCc3ccccc32)cc1,train,292.382,3.283780000000002,0.8673613571747589,22,35
subcategory_bioisostere.remove-O_695,COc1ccc(-c2cn3c(n2)SCC3)cc1,0,authentic,authentic,,,c1ccc(-c2cn3c(n2)SCC3)cc1,val,232.308,2.6644000000000005,0.7961922091870458,16,27
subcategory_bioisostere.remove-O_1527,CCC[C@@]1(CN)CCC2CCCCC[C@H]2C1,1,bioisostere,remove-O,NC[C@]1(CC(=O)O)CCC2CCCCC[C@H]2C1,0 1 3 4 5 6 7 8 9 10 11 12 13 14,C1CCC2CCCC[C@@H]2CC1,train,223.40399999999994,4.112000000000004,0.7652382247818571,16,30
subcategory_bioisostere.remove-O_635,COc1ccnc(CSc2nc3cc(OC(F)F)c(F)cc3[nH]2)c1C,0,authentic,authentic,,,c1ccc(CSc2nc3ccccc3[nH]2)nc1,train,369.36800000000005,4.307720000000002,0.6564034761816312,25,42
subcategory_bioisostere.remove-O_810,Cc1cccc(-c2nc(C)c(C(=O)O)s2)c1,1,bioisostere,remove-O,CCCOc1ccc(-c2nc(C)c(C(=O)O)s2)cc1F,0 1 2 3 4 5 7 8 9 10 11 12 13 14,c1ccc(-c2nccs2)cc1,train,233.292,3.125140000000001,0.8665466936395875,16,30
subcategory_bioisostere.remove-O_161,NC(Cc1ccc(OCCc2ccc(OC(F)(F)F)cc2)cc1)C(=O)O,0,authentic,authentic,,,c1ccc(CCOc2ccccc2)cc1,train,369.339,3.161100000000001,0.7470240100065236,26,43
subcategory_bioisostere.remove-O_1073,Cc1ccccc1C(=O)N1CCCC(c2ccccc2)C1,1,bioisostere,remove-O,O=C(c1ccc2c(c1)OCO2)N1CCCC(c2ccccc2)C1,0 1 2 3 4 5 6 8 9 10 11 12 13 14 15 16 17 18 19 20,O=C(c1ccc2c(c1)OCO2)N1CCCC(c2ccccc2)C1,train,279.383,4.014820000000003,0.8129222722620991,21,32
subcategory_bioisostere.remove-O_820,Cc1nc(-c2ccccc2)sc1C(=O)OCCN(C)C,1,bioisostere,remove-O,COc1ccc(-c2nc(C)c(C(=O)OCCN(C)C)s2)cc1,0 1 2 4 5 6 7 8 9 10 11 12 13 14 15 16 17 18 19,c1ccc(-c2nccs2)cc1,train,290.388,2.836920000000001,0.7941717521047684,20,32
subcategory_bioisostere.remove-O_1206,CC(C)(C)Nc1ccc(Cl)cc1[C@@](O)(CCC1CC1)C(F)(F)F,1,bioisostere,remove-O,CC(C)(C)OC(=O)Nc1ccc(Cl)cc1[C@@](O)(CCC1CC1)C(F)(F)F,0 1 2 3 5 6 7 8 9 10 11 12 13 14 15 16 17 18 19 20 21 22,c1ccc(CCCC2CC2)cc1,train,349.824,5.4905000000000035,0.73621865189282,23,46
subcategory_bioisostere.remove-O_892,CCC1=C(O)C(=O)N(Cc2ccccc2)C1,1,bioisostere,remove-O,CC(C)(C)OC(=O)C1=C(O)C(=O)N(Cc2ccccc2)C1,0 1 3 4 5 6 7 8 9 10 11 12 13 14,O=C1C=CCN1Cc1ccccc1,train,217.268,2.2509000000000006,0.8431731655221604,16,28
subcategory_bioisostere.remove-O_498,CC(=O)C1=C(O)C=C2Oc3c(C)c(O)c(C(C)=O)c(O)c3C2(C)C1=O,0,authentic,authentic,,,O=C1C=CC=C2Oc3ccccc3C12,test,344.3190000000001,2.12662,0.5548097146790966,25,52
subcategory_bioisostere.remove-O_216,CC(c1cc2ncccc2s1)N(O)C(N)=O,0,authentic,authentic,,,c1cnc2ccsc2c1,train,237.284,2.1271999999999998,0.6198992341898657,16,27
subcategory_bioisostere.remove-O_894,CN(C)CC1CCC(=Cc2ccccc2)C1(O)Cc1cccc(F)c1,1,bioisostere,remove-O,COc1ccc(/C=C2\CCC(CN(C)C)C2(O)Cc2cccc(F)c2)cc1,0 1 2 3 4 5 6 7 9 10 11 12 13 14 15 16 17 18 19 20 21 22 23 24,C(=C1/CCCC1Cc1ccccc1)/c1ccccc1,train,339.45400000000006,4.154500000000003,0.8842873741808626,25,40
subcategory_bioisostere.remove-O_180,COC(=O)N[C@@H](CNC(=O)c1ccc(Cl)s1)C(=O)N(c1ccc(N2CCOCC2=O)cc1)C(F)(F)F,0,authentic,authentic,,,O=C(CCNC(=O)c1cccs1)Nc1ccc(N2CCOCC2=O)cc1,train,548.9270000000004,2.772100000000001,0.513966028825646,36,70
subcategory_bioisostere.remove-O_741,CC1(C)C2C(=O)N(CCCCN3CCC(c4noc5cc(F)ccc45)CC3)C(=O)C21,0,authentic,authentic,,,O=C1C2CC2C(=O)N1CCCCN1CCC(c2noc3ccccc23)CC1,train,413.49300000000017,3.5675000000000026,0.5350805376359398,30,54
subcategory_bioisostere.remove-O_1412,CNCC1(c2ccc(N3CCc4c(C(F)(F)F)nn(-c5ccccc5)c4C3=O)cc2)CC1,1,bioisostere,remove-O,CNCC1(c2ccc(N3CCc4c(C(F)(F)F)nn(-c5ccc(OC)cc5)c4C3=O)cc2)CC1,0 1 2 3 4 5 6 7 8 9 10 11 12 13 14 15 16 17 19 20 21 22 23 24 25 26 27 28 29 30 31,O=C1c2c(cnn2-c2ccccc2)CCN1c1ccc(C2CC2)cc1,train,440.4690000000001,4.345000000000004,0.6421145969637685,32,56
subcategory_bioisostere.remove-O_942,CC(C)C[C@H](NC(=O)CCCc1ccccc1)C(=O)N1CCC[C@H]1C(C)C,1,bioisostere,remove-O,COC(=O)[C@@H]1CCCN1C(=O)[C@H](CC(C)C)NC(=O)CCCc1ccccc1,0 1 2 3 4 5 6 7 8 9 10 11 12 13 14 15 16 17 18 19 20 21 22 24 25,O=C(CCCc1ccccc1)NCC(=O)N1CCCC1,train,372.55300000000017,4.187200000000003,0.706567053792617,27,51
subcategory_bioisostere.remove-O_1265,COc1cc2nc(N3CCC(CN)CC3)nc(N)c2cc1OC,1,bioisostere,remove-O,COc1cc2nc(N3CCC(C(N)=O)CC3)nc(N)c2cc1OC,0 1 2 3 4 5 6 7 8 9 11 12 13 14 15 16 17 18 19 20 21 22,c1ccc2nc(N3CCCCC3)ncc2c1,test,317.39300000000003,1.4042999999999999,0.8789655151623538,23,35
subcategory_bioisostere.remove-O_351,CC(C)Oc1ccccc1N1CCNCC1,0,authentic,authentic,,,c1ccc(N2CCNCC2)cc1,train,220.31599999999995,1.8834,0.8415061877932712,16,22
subcategory_bioisostere.remove-O_665,C[N+]1(CCCOc2ccc3c(c2)NC(=O)CC3)CCC(Cc2ccccc2)CC1,0,authentic,authentic,,,O=C1CCc2ccc(OCCC[NH+]3CCC(Cc4ccccc4)CC3)cc2N1,val,393.55100000000016,4.439500000000004,0.5578566054815783,29,49
subcategory_bioisostere.remove-O_42,CN(CCc1ccccc1)c1cnc2nc(N)nc(N)c2c1,0,authentic,authentic,,,c1ccc(CCNc2cnc3ncncc3c2)cc1,train,294.362,1.8680999999999996,0.7625851118847512,22,34
subcategory_bioisostere.remove-O_829,CCN1CCc2c(F)cccc2C1CCN1CCC(c2noc3cc(F)ccc23)CC1,1,bioisostere,remove-O,O=C(C1CCCC1)N1CCc2c(F)cccc2C1CCN1CCC(c2noc3cc(F)ccc23)CC1,0 1 3 4 5 6 7 8 9 10 11 12 13 14 15 16 17 18 19 20 21 22 23 24 25 26 27 28 29 30,O=C(C1CCCC1)N1CCc2ccccc2C1CCN1CCC(c2noc3ccccc23)CC1,test,425.5230000000002,5.294800000000006,0.5557221790631381,31,47
subcategory_bioisostere.remove-O_235,O=C(O)c1ccc2ccc(/C=C/c3cccnc3)nc2c1O,0,authentic,authentic,,,C(=C\c1ccc2ccccc2n1)/c1cccnc1,val,292.29400000000004,3.204000000000001,0.774138124348122,22,36
subcategory_bioisostere.remove-O_592,Cc1nc(-c2ccc(Oc3ccc(F)cc3)cc2)sc1C(=O)O,0,authentic,authentic,,,c1ccc(Oc2ccc(-c3nccs3)cc2)cc1,train,329.35200000000003,4.748120000000003,0.7503066812163692,23,39
subcategory_bioisostere.remove-O_855,O=C(c1ccccc1)C1CCCN(CCc2ccccc2)C1,1,bioisostere,remove-O,COc1ccc(C(=O)C2CCCN(CCc3ccccc3)C2)cc1OC,0 2 3 4 5 6 7 8 9 10 11 12 13 14 15 16 17 18 19 20 21,O=C(c1ccccc1)C1CCCN(CCc2ccccc2)C1,train,293.40999999999997,3.8240000000000034,0.7810356750249371,22,33
subcategory_bioisostere.remove-O_1311,CC(C)CNC(C)C(=O)N1CC2(CCCOC2)C[C@H]1C(=O)O,1,bioisostere,remove-O,CCOC(=O)[C@H](CCc1ccccc1)NC(C)C(=O)N1CC2(CCCOC2)C[C@H]1C(=O)O,0 1 2 3 4,O=C(CNCCCc1ccccc1)N1CCC2(CCCOC2)C1,val,312.4099999999999,1.1028000000000007,0.7946809186070042,22,42
subcategory_bioisostere.remove-O_1453,O=C(Nc1ccccc1)Nc1cc(F)cc(F)c1,1,bioisostere,remove-O,O=C(Nc1ccc(O)cc1)Nc1cc(F)cc(F)c1,0 1 3 4 5 6 7 8 9 10 11 12 13 14 15 16 17,O=C(Nc1ccccc1)Nc1ccccc1,train,248.23199999999994,3.6088000000000013,0.8370340914819824,18,29
subcategory_bioisostere.remove-O_828,O=C(Cc1cc([C@@H]2CCNC[C@H]2COc2ccccc2)ccc1F)NCCc1c(F)cccc1F,1,bioisostere,remove-O,O=C(Cc1cc([C@@H]2CCNC[C@H]2COc2ccc3c(c2)OCO3)ccc1F)NCCc1c(F)cccc1F,0 1 2 3 4 5 6 7 8 9 10 11 12 14 15 16 17 18 19 20 21 22 23 24 25 26 27 28 29 30 31 32 33 34,O=C(Cc1cccc([C@@H]2CCNC[C@H]2COc2ccc3c(c2)OCO3)c1)NCCc1ccccc1,train,482.54600000000016,4.777400000000004,0.4617761308744456,35,59
subcategory_bioisostere.remove-O_1174,CCCCc1nc2c(OCC)n[nH]c(=O)c2n1Cc1ccc(-c2ccccc2-c2nn[nH]n2)cc1,1,bioisostere,remove-O,CCCCc1nc2c(OC(C)=O)n[nH]c(=O)c2n1Cc1ccc(-c2ccccc2-c2nn[nH]n2)cc1,,O=c1[nH]ncc2ncn(Cc3ccc(-c4ccccc4-c4nn[nH]n4)cc3)c12,test,470.53700000000015,3.756300000000002,0.3357066949976731,35,60
subcategory_bioisostere.remove-O_879,CC(C)N1CCC(=C2c3ccc(Cl)cc3CCc3cccnc32)CC1,1,bioisostere,remove-O,CC(=O)N1CCC(=C2c3ccc(Cl)cc3CCc3cccnc32)CC1,0 1 2 3,c1ccc2c(c1)CCc1cccnc1C2=C1CCNCC1,train,352.9090000000001,5.139700000000005,0.7060207727471458,25,41
subcategory_bioisostere.remove-O_1179,Cc1ccccc1-n1nc(C(F)(F)F)c2c1C(=O)N(c1ccc(N3CCCN=C3N)cc1)CC2,1,bioisostere,remove-O,COc1ccc(-n2nc(C(F)(F)F)c3c2C(=O)N(c2ccc(N4CCCN=C4N)cc2)CC3)cc1,0 1 2 3 4 5 6 8 9 10 11 12 13 14 15 16 17 18 19 20 21 22 23 24 25 26 27 28 29 30 31 32 33,O=C1c2c(cnn2-c2ccccc2)CCN1c1ccc(N2C=NCCC2)cc1,train,468.4830000000003,3.927220000000003,0.6319324801229721,34,59
subcategory_bioisostere.remove-O_641,COc1cc(O)cc2c1C(=O)O[C@@H](C)CCCCC/C=C/C(=O)C2,0,authentic,authentic,,,O=C1/C=C/CCCCCCOC(=O)c2ccccc2C1,train,332.3960000000001,3.578000000000002,0.7958766180779837,24,46
subcategory_bioisostere.remove-O_159,CCCCc1ccc(Nc2ncc3ncn(COCCO)c3n2)cc1,0,authentic,authentic,,,c1ccc(Nc2ncc3nc[nH]c3n2)cc1,train,341.4150000000001,2.8789000000000007,0.5822217331758848,25,35
subcategory_bioisostere.remove-O_941,[NH3+][C@H](CO)Cc1cc(I)c(Oc2ccccc2)c(I)c1,1,bioisostere,remove-O,[NH3+][C@H](CO)Cc1cc(I)c(Oc2ccc(O)cc2)c(I)c1,10 11 12 13 14 15 16,c1ccc(Oc2ccccc2)cc1,train,496.10600000000005,2.833400000000001,0.6265963502947824,20,41
subcategory_bioisostere.remove-O_38,Oc1cc(CSc2ccccc2)nc(S)n1,0,authentic,authentic,,,c1ccc(SCc2ccncn2)cc1,train,250.34800000000004,2.7632000000000008,0.49935018959862904,16,24
subcategory_bioisostere.remove-O_893,c1ccc(Nn2cccc2)cc1,1,bioisostere,remove-O,CC(=O)Oc1ccc(Nn2cccc2)cc1,0 1 2 3 5 6 7 8 9 10,c1ccc(Nn2cccc2)cc1,train,158.204,2.3632999999999997,0.7095367961704573,12,18
subcategory_bioisostere.remove-O_86,COCCC1CN(C2=Nc3ccccc3Nc3ccc(Cl)cc32)CCN1,0,authentic,authentic,,,c1ccc2c(c1)N=C(N1CCNCC1)c1ccccc1N2,train,370.8840000000002,3.7856000000000014,0.8626927371844425,26,40
subcategory_bioisostere.remove-O_1519,C[C@H]1CN(C2CCN(C(=O)c3c(F)cccc3F)CC2)CCN1[C@@H](C)c1ccc(S(=O)(=O)c2ccccc2)cc1,1,bioisostere,remove-O,C[C@H]1CN(C2CCN(C(=O)c3c(F)cccc3F)CC2)CCN1[C@@H](C)c1ccc(S(=O)(=O)c2ccc3c(c2)OCO3)cc1,0 1 2 3 4 5 6 7 8 9 10 11 12 13 14 15 16 17 18 19 20 21 22 23 24 25 26 27 28 30 31 32 33 34 35 36 37 38 39,O=C(c1ccccc1)N1CCC(N2CCN(Cc3ccc(S(=O)(=O)c4ccc5c(c4)OCO5)cc3)CC2)CC1,train,567.7020000000003,5.1695000000000055,0.4115225586996045,40,78
subcategory_bioisostere.remove-O_813,FCCCN1CC[C@H](c2ccc(F)cc2)[C@@H](COc2ccccc2)C1,1,bioisostere,remove-O,FCCCN1CC[C@H](c2ccc(F)cc2)[C@@H](COc2ccc3c(c2)OCO3)C1,0 1 2 3 4 5 6 7 8 9 10 11 12 13 14 15 16 18 19 20 21 22 23 24,c1ccc([C@H]2CCNC[C@@H]2COc2ccc3c(c2)OCO3)cc1,train,345.43300000000005,4.669800000000004,0.7229685115587112,25,46
subcategory_bioisostere.remove-O_147,CN(C)CCCC1(c2ccc(F)cc2)OC(C#N)c2ccccc21,0,authentic,authentic,,,c1ccc(C2OCc3ccccc32)cc1,train,324.39900000000006,4.005980000000004,0.8336951325784944,24,39
subcategory_bioisostere.remove-O_725,C=CCc1ccccc1OCC(O)CNC(C)C,0,authentic,authentic,,,c1ccccc1,train,249.35399999999996,2.1528,0.6936807740895572,18,25
subcategory_bioisostere.remove-O_1368,c1ccc(Sc2cccc(NC3=NCCN3)c2)cc1,1,bioisostere,remove-O,COc1ccc(Sc2cccc(NC3=NCCN3)c2)cc1,0 1 2 3 5 6 7 8 9 10 11 12 13 14 15 16 17,c1ccc(Sc2cccc(NC3=NCCN3)c2)cc1,train,269.373,3.2089000000000008,0.8980200202678447,19,30
subcategory_bioisostere.remove-O_1144,CCCOCCN1CCN(C(c2ccccc2)c2ccc(Cl)cc2)CC1,1,bioisostere,remove-O,CS(=O)(=O)O.O=C(O)COCCN1CCN(C(c2ccccc2)c2ccc(Cl)cc2)CC1,0 1 2,c1ccc(C(c2ccccc2)N2CCNCC2)cc1,train,372.94000000000017,4.473600000000005,0.6354916164975969,26,39
subcategory_bioisostere.remove-O_1024,CCOc1cc(-c2nc(C)c(CC)s2)cc(C#N)c1O,1,bioisostere,remove-O,CCOc1cc(-c2nc(C)c(C(=O)O)s2)cc(C#N)c1O,0 1 2 3 4 5 6 7 8 9 11 12 13 14 15 16 17 18 19,c1ccc(-c2nccs2)cc1,train,288.372,3.6569000000000034,0.9320466975675151,20,34
subcategory_bioisostere.remove-O_471,COc1cc(N)c(Cl)cc1C(=O)OCC(=O)N(C)c1ccccc1,0,authentic,authentic,,,O=C(COC(=O)c1ccccc1)Nc1ccccc1,test,348.78600000000006,2.7506000000000013,0.663326230998483,24,41
subcategory_bioisostere.remove-O_1441,COS(=O)NC1=NCCCN1c1ccc(N2CCc3c(C(F)(F)F)nn(-c4ccccc4)c3C2=O)cc1,1,bioisostere,remove-O,COc1ccc(-n2nc(C(F)(F)F)c3c2C(=O)N(c2ccc(N4CCCN=C4NS(=O)OC)cc2)CC3)cc1,25 26 27 28 29 30 31,O=C1c2c(cnn2-c2ccccc2)CCN1c1ccc(N2C=NCCC2)cc1,train,532.5480000000002,3.474800000000002,0.5435267787710325,37,63
subcategory_bioisostere.remove-O_1090,CCNCCCCC(=O)n1c(=O)ccc2ccc(OCCCCN3CCN(c4cccc(Cl)c4Cl)CC3)cc21,1,bioisostere,remove-O,NCC(=O)N1CCCC1C(=O)n1c(=O)ccc2ccc(OCCCCN3CCN(c4cccc(Cl)c4Cl)CC3)cc21,0 1 2 3,O=C(C1CCCN1)n1c(=O)ccc2ccc(OCCCCN3CCN(c4ccccc4)CC3)cc21,val,573.5650000000003,5.709500000000006,0.2645160993765771,39,61
subcategory_bioisostere.remove-O_778,Cc1cccc2c1C(=O)CC(CCCNCCCO)O2,0,authentic,authentic,,,O=C1CCOc2ccccc21,train,277.3639999999999,2.08102,0.7492216532516077,20,29
subcategory_bioisostere.remove-O_264,Nc1ccc2c(c1)C(=O)N(c1ccccc1)C2=O,0,authentic,authentic,,,O=C1c2ccccc2C(=O)N1c1ccccc1,test,238.246,2.0694,0.6106684452828729,18,32
subcategory_bioisostere.remove-O_359,Fc1ccc2c(C3CCNCC3)c[nH]c2c1,0,authentic,authentic,,,c1ccc2c(C3CCNCC3)c[nH]c2c1,train,218.275,2.774,0.7564707703761585,16,27
subcategory_bioisostere.remove-O_881,Fc1ccc([C@@H]2CCN(CC3CCCO3)C[C@H]2COc2ccccc2)cc1,1,bioisostere,remove-O,Fc1ccc([C@@H]2CCN(CC3CCCO3)C[C@H]2COc2ccc3c(c2)OCO3)cc1,0 1 2 3 4 5 6 7 8 9 10 11 12 13 14 15 16 17 19 20 21 22 23 24 25 26,c1ccc([C@@H]2CCN(CC3CCCO3)C[C@H]2COc2ccc3c(c2)OCO3)cc1,train,369.48,4.489200000000005,0.7488625152455275,27,48
subcategory_bioisostere.remove-O_1529,Cc1ccccc1C(=O)C(C)CC1(F)CCN(Cc2cccc(C#N)c2)CC1,1,bioisostere,remove-O,COc1cc2c(cc1OC)C(=O)C(CC1(F)CCN(Cc3cccc(C#N)c3)CC1)C2,0 1 2 3 4 5 6 8 9 10 11 12 13 14 15 16 17 18 19 20 21 22 23 24 25 26 27,O=C1c2ccccc2CC1CC1CCN(Cc2ccccc2)CC1,train,378.4910000000001,5.079900000000005,0.6585502459321229,28,46
subcategory_bioisostere.remove-O_1018,CCCNc1ccc(CNCCCNC(=O)C2=CC(C)(C)NC2(C)C)cc1,1,bioisostere,remove-O,CC(=O)Nc1ccc(CNCCCNC(=O)C2=CC(C)(C)NC2(C)C)cc1,0 1 2 3,O=C(NCCCNCc1ccccc1)C1=CCNC1,train,372.5570000000001,3.191200000000001,0.47640546957593416,27,43
subcategory_bioisostere.remove-O_15,CNCCc1ccc(O)c2nc(O)sc12,0,authentic,authentic,,,c1ccc2scnc2c1,val,224.28499999999997,1.4693999999999998,0.7383463319943556,15,23
subcategory_bioisostere.remove-O_245,CNC(=O)N[C@@H](CNC(=O)c1ccc(Cl)s1)C(=O)Nc1ccc(N2CCOCC2=O)c(F)c1,0,authentic,authentic,,,O=C(CCNC(=O)c1cccs1)Nc1ccc(N2CCOCC2=O)cc1,train,497.9360000000003,1.5699000000000005,0.46131323635181715,33,63
subcategory_bioisostere.remove-O_671,O=C(Nc1ccc(O)cc1)C(=O)Nc1ccc(O)cc1,0,authentic,authentic,,,O=C(Nc1ccccc1)C(=O)Nc1ccccc1,val,272.26,1.6749999999999998,0.4934331646185728,20,34
