id,smiles,label,category,subcategory,parent_smiles,edited_atoms,scaffold,split,mw,logp,qed,heavy_atoms,smiles_length
evolved_bioisostere_1765,CN(Cc1cnc2nc(N)nc(N)c2n1)c1ccc(C(=O)OC(C)(C)C)cc1,1,evolved_bioisostere,evolved_bioisostere,CN(Cc1cnc2nc(N)nc(N)c2n1)c1ccc(C(=O)NC(CCNC(=O)OC(C)(C)C)C(=O)O)cc1,21 22 23 24 25,c1ccc(NCc2cnc3ncncc3n2)cc1,val,381.44000000000017,2.1759000000000004,0.6520720815352933,28,49
evolved_bioisostere_2019,CSc1cnc2c(c1)CCc1cc(Cl)ccc1C2=C1CCN(CO)CC1,1,evolved_bioisostere,evolved_bioisostere,CSc1cnc2c(c1)CCc1cc(Cl)ccc1C2=C1CCN(C(C)=O)CC1,23,c1ccc2c(c1)CCc1cccnc1C2=C1CCNCC1,train,386.94800000000026,4.403000000000005,0.7757143279898104,26,42
evolved_bioisostere_241,CC(CCc1ccc(O)cc1)NCC(O)c1ccc(O)cc1.Cl,0,authentic,authentic,,,c1ccc(CCCNCCc2ccccc2)cc1,train,337.84700000000004,3.163900000000002,0.625956130995212,23,37
evolved_bioisostere_985,c1ccc2c(c1)Oc1ccccc1C2C1=NCCN1,0,authentic,authentic,,,c1ccc2c(c1)Oc1ccccc1C2C1=NCCN1,val,250.301,2.9259000000000004,0.8439021853224858,19,30
evolved_bioisostere_838,Cn1cc(O)c(=O)cc1CNCCCNc1ccnc2cc(Cl)ccc12,0,authentic,authentic,,,O=c1cc[nH]c(CNCCCNc2ccnc3ccccc23)c1,val,372.85600000000005,2.8843000000000005,0.5556536529172811,26,40
evolved_bioisostere_166,N[C@@H]1CC[C@@H]1NC(=O)c1ccccc1OC(F)(F)C(F)F,0,authentic,authentic,,,O=C(NC1CCC1)c1ccccc1,train,306.25899999999996,2.1427999999999994,0.8192868115750483,21,44
evolved_bioisostere_486,Cc1cc2c(s1)Cc1ccccc1N=C2N1CCN(CCOCCO)[C@@H](CCc2ccccc2)C1,0,authentic,authentic,,,c1ccc(CC[C@H]2CN(C3=Nc4ccccc4Cc4sccc43)CCN2)cc1,test,489.6850000000004,4.666920000000005,0.4675080572733603,35,57
evolved_bioisostere_1878,CCCC1=NC(CC(C)=O)C(=O)N1Cc1ccc(-c2ccccc2-c2nn[nH]n2)cc1,1,evolved_bioisostere,evolved_bioisostere,CCCC1=NC2(CC2)C(=O)N1Cc1ccc(-c2ccccc2-c2nn[nH]n2)cc1,6 7 8 9,O=C1N(Cc2ccc(-c3ccccc3-c3nn[nH]n3)cc2)C=NC12CC2,train,416.48500000000007,3.422200000000002,0.6058165322480527,31,55
evolved_bioisostere_1946,O=C1C(O)C(c2ccc(OCc3ccccc3)cc2)N1c1ccc(F)cc1,1,evolved_bioisostere,evolved_bioisostere,O=C(O)CCC1C(=O)N(c2ccc(F)cc2)C1c1ccc(OCc2ccccc2)cc1,3,O=C1CC(c2ccc(OCc3ccccc3)cc2)N1c1ccccc1,train,363.38800000000003,3.853500000000003,0.7006796033939028,27,44
evolved_bioisostere_1520,COc1ccccc1-c1ccccc1Nc1nc2ccccc2c(=O)o1,1,evolved_bioisostere,evolved_bioisostere,O=c1oc(Nc2ccccc2OC(F)(F)F)nc2ccccc12,0 1 2 3 4 5 6 7,O=c1oc(Nc2ccccc2)nc2ccccc12,train,344.3700000000001,4.607200000000003,0.5856798247817278,26,38
evolved_bioisostere_1369,CCN(CC)CCc1cn(S(=O)(=O)c2ccc(OC(C)C)cc2)c2ccccc12,1,evolved_bioisostere,evolved_bioisostere,CCN(CC)CCc1cn(S(=O)(=O)c2ccc(N)cc2)c2ccccc12,17 18 19 20,O=S(=O)(c1ccccc1)n1ccc2ccccc21,train,414.57100000000014,4.549800000000004,0.5154193895730986,29,49
evolved_bioisostere_1618,O=C(O)CCC12NC(Cc3ccccc31)c1ccccc12,1,evolved_bioisostere,evolved_bioisostere,CCCC12NC(Cc3ccccc31)c1ccccc12,0 2,c1ccc2c(c1)CC1NC2c2ccccc21,train,279.33900000000006,2.995400000000002,0.9077518913762329,21,34
evolved_bioisostere_1710,C[C@H](N[C@@H](CCc1ccccc1)C(=O)O)C(=O)N1[C@H](O)C[C@H]2CCCC[C@@H]21,1,evolved_bioisostere,evolved_bioisostere,C[C@H](N[C@@H](CCc1ccccc1)C(=O)O)C(=O)N1[C@H](C(=O)O)C[C@H]2CCCC[C@@H]21,19,O=C(CNCCCc1ccccc1)N1CC[C@H]2CCCC[C@@H]21,train,374.4810000000002,2.1599999999999993,0.6804702849604554,27,67
evolved_bioisostere_633,CC(C)c1ccc2c(c1)CC[C@H]1[C@@H](O)CCC[C@]21C,0,authentic,authentic,,,c1ccc2c(c1)CC[C@H]1CCCCC21,train,258.4049999999999,4.174900000000004,0.8010870063482569,19,43
evolved_bioisostere_1624,CCCNc1ccc2c(c1)CC(N)(CC(=O)O)CC2,1,evolved_bioisostere,evolved_bioisostere,CCCNc1ccc2c(c1)CC(N)(C(=O)O)CC2,14 15 16,c1ccc2c(c1)CCCC2,train,262.35299999999995,2.1693999999999996,0.759888689567294,19,32
evolved_bioisostere_406,Nc1[nH]c2ccccc2c2nc(-c3ccccc3)nc1-2,0,authentic,authentic,,,c1ccc(-c2nc3c[nH]c4ccccc4c-3n2)cc1,test,260.3,3.3119000000000014,0.5514064491638162,20,35
evolved_bioisostere_1848,CCC1N=C(c2ccccc2Cl)c2cc(O)ccc2N(C)C1=O,1,evolved_bioisostere,evolved_bioisostere,CCC1N=C(c2ccccc2Cl)c2cc([N+](=O)[O-])ccc2N(C)C1=O,15,O=C1CN=C(c2ccccc2)c2ccccc2N1,train,328.7990000000001,3.6380000000000035,0.9147006942889265,23,38
evolved_bioisostere_41,Nc1nnc(-c2ccc(F)cc2)c(N)n1,0,authentic,authentic,,,c1ccc(-c2cncnn2)cc1,train,205.19599999999997,0.8420999999999998,0.7194521599975521,15,26
evolved_bioisostere_891,S=C(NCCCNc1ccnc2cc(Cl)ccc12)N1CCCCC1,0,authentic,authentic,,,S=C(NCCCNc1ccnc2ccccc12)N1CCCCC1,val,362.9300000000003,4.050600000000003,0.6198923700207307,24,36
evolved_bioisostere_321,CC[C@@H](NC(=O)c1c(F)c(-c2ccccc2)nc2ccccc12)c1ccccc1,0,authentic,authentic,,,O=C(NCc1ccccc1)c1cc(-c2ccccc2)nc2ccccc12,test,384.45400000000006,5.922000000000004,0.4638472648511445,29,52
evolved_bioisostere_131,CCNCCCN1CCN(CCCNc2ccnc3cc(Cl)ccc23)CC1,0,authentic,authentic,,,c1ccc2c(NCCCN3CCNCC3)ccnc2c1,test,389.9750000000002,3.307400000000002,0.6101398467688932,27,38
evolved_bioisostere_1818,COc1ccc(Cl)cc1C(=O)NCCc1cccc(C#N)c1,1,evolved_bioisostere,evolved_bioisostere,CNC(=S)NS(=O)(=O)c1cccc(CCNC(=O)c2cc(Cl)ccc2OC)c1,19 20,O=C(NCCc1ccccc1)c1ccccc1,train,314.77200000000005,3.1927800000000017,0.9215524376278673,22,35
evolved_bioisostere_352,CCOC(=O)Cc1nc(-c2ccc(Cl)cc2)oc1N1CCCC1,0,authentic,authentic,,,c1ccc(-c2ncc(N3CCCC3)o2)cc1,val,334.8030000000002,3.700800000000002,0.7802527580331305,23,38
evolved_bioisostere_2007,C/C=C(/c1ccc(O)cc1)c1ccc(OCCN(C)C)cc1,1,evolved_bioisostere,evolved_bioisostere,CCCCC/C=C(/c1ccc(O)cc1)c1ccc(OCCN(C)C)cc1,,C=C(c1ccccc1)c1ccccc1,train,297.39799999999997,3.784200000000003,0.880384763291384,22,37
evolved_bioisostere_1974,CN1Cc2c(C(=O)OCC3CC3)ncn2-c2ccc(O)cc2C1=O,1,evolved_bioisostere,evolved_bioisostere,CN1Cc2c(C(=O)OCC3CC3)ncn2-c2ccc(Cl)cc2C1=O,19,O=C1NCc2c(C(=O)OCC3CC3)ncn2-c2ccccc21,train,327.3400000000001,1.7303000000000002,0.8679846940448276,24,41
evolved_bioisostere_2114,CCC1N=C(c2ccccc2Cl)c2cc(C)ccc2N(C)C1=O,1,evolved_bioisostere,evolved_bioisostere,CCC1N=C(c2ccccc2Cl)c2cc([N+](=O)[O-])ccc2N(C)C1=O,15,O=C1CN=C(c2ccccc2)c2ccccc2N1,train,326.82700000000006,4.240820000000004,0.8120422852895636,23,38
evolved_bioisostere_757,COc1ccc(-n2nc(C(F)(F)F)c3c2C(=O)N(c2ccccc2)CC3)cc1,0,authentic,authentic,,,O=C1c2c(cnn2-c2ccccc2)CCN1c1ccccc1,val,387.3610000000001,4.1026000000000025,0.6798367765611185,28,50
evolved_bioisostere_158,CC1(C)OC23CCC4(CC2C1(C)C)C1Cc2ccc(O)c5c2C4(CCN1CC1CC1)C3O5,0,authentic,authentic,,,c1cc2c3c(c1)OC1C45CCC6(CC4CCO5)C(C2)N(CC2CC2)CCC316,train,435.60800000000035,4.805300000000004,0.7242359988522995,32,58
evolved_bioisostere_1229,CCCc1ccc([C@H](C(=O)OC)[C@@H]2CCCCN2)cc1,1,evolved_bioisostere,evolved_bioisostere,COC(=O)[C@@H](c1ccc(Br)cc1)[C@@H]1CCCCN1,0 1 2,c1ccc(C[C@@H]2CCCCN2)cc1,train,275.39199999999994,3.0378000000000016,0.8394277646182174,20,40
evolved_bioisostere_1782,CCCN1CCC(c2cccc(C(=O)O)c2)CC1,1,evolved_bioisostere,evolved_bioisostere,CCCN1CCC(c2cccc(OC)c2)CC1,12 13 14,c1ccc(C2CCNCC2)cc1,train,247.33799999999997,2.9742000000000006,0.8888737558549445,18,29
evolved_bioisostere_1873,COc1cc2c(Nc3ccc(Cl)cc3Cl)ncnc2cc1O,1,evolved_bioisostere,evolved_bioisostere,COc1cc2ncnc(Nc3ccc(Cl)cc3Cl)c2cc1OC,,c1ccc(Nc2ncnc3ccccc23)cc1,train,336.17800000000005,4.394400000000003,0.7422354332510697,22,34
evolved_bioisostere_1407,O=c1[nH]c(=O)n(C2CC(CO)C(O)C2CO)cc1F,1,evolved_bioisostere,evolved_bioisostere,O=c1[nH]c(=O)n(C2CC(CO)C(O)C2O)cc1F,14 15,O=c1ccn(C2CCCC2)c(=O)[nH]1,train,274.248,-1.8015999999999992,0.5187640916069678,19,36
evolved_bioisostere_58,c1ccc(OC(c2ccccc2)C2CNCCO2)cc1,0,authentic,authentic,,,c1ccc(OC(c2ccccc2)C2CNCCO2)cc1,test,269.34399999999994,2.7951000000000006,0.9255211913714833,20,30
evolved_bioisostere_1061,Clc1ccc(N2CCN(Cc3cnn4ccc5ccccc5c34)CC2)cc1,0,authentic,authentic,,,c1ccc(N2CCN(Cc3cnn4ccc5ccccc5c34)CC2)cc1,val,376.89100000000013,4.463100000000004,0.5270398072013527,27,42
evolved_bioisostere_1791,COc1ccc(C(C)(CCCN(C)CCc2ccc(OC)c(OC)c2)C(C)C)cc1O,1,evolved_bioisostere,evolved_bioisostere,COc1ccc([C@@](C#N)(CCCN(C)CCc2ccc(OC)c(OC)c2)C(C)C)cc1O,,c1ccc(CCCCNCCc2ccccc2)cc1,train,429.60100000000017,5.286400000000007,0.4970009364184051,31,49
evolved_bioisostere_215,COC(=O)c1c(C)cc(OC(=O)c2c(C)cc(O)c(/C=C/C(C)=O)c2O)c(C)c1O,0,authentic,authentic,,,O=C(Oc1ccccc1)c1ccccc1,train,414.4100000000002,3.3366600000000024,0.3857708460726883,30,58
evolved_bioisostere_1750,O=C1c2ccccc2CCCC1CCN1CCC(O)CC1,1,evolved_bioisostere,evolved_bioisostere,O=C1c2ccccc2CCCC1CCN1CCC(Oc2ccccc2)CC1,,O=C1c2ccccc2CCCC1CCN1CCC(Oc2ccccc2)CC1,train,287.403,2.6686000000000005,0.8689704351412004,21,30
evolved_bioisostere_2148,OCCC(Oc1ccc(F)cc1)c1ccccc1,1,evolved_bioisostere,evolved_bioisostere,CNCCC(Oc1ccc(F)cc1)c1ccccc1,0,c1ccc(COc2ccccc2)cc1,train,246.281,3.3282000000000016,0.8764524150417323,18,26
evolved_bioisostere_927,CCNCCc1c[nH]c(CCC(c2ccccc2)c2ccccc2)n1,0,authentic,authentic,,,c1ccc(C(CCc2ncc[nH]2)c2ccccc2)cc1,test,333.479,4.326400000000003,0.572394637921382,25,38
evolved_bioisostere_1825,CC(=O)NCCc1c(-c2ccccc2)nc2c(Cl)cc(Cl)cn12,1,evolved_bioisostere,evolved_bioisostere,CCCCNC(=O)Cc1c(-c2ccccc2)nc2c(Cl)cc(Cl)cn12,2,c1ccc(-c2cn3ccccc3n2)cc1,train,348.2330000000001,3.9867000000000026,0.7750642107456435,23,41
evolved_bioisostere_1048,[2H]C([2H])([2H])N1[C@@H]2CC(OC(=O)C(O)(c3cccs3)c3cccs3)C[C@H]1C1O[C@@H]12,0,authentic,authentic,,,O=C(OC1C[C@@H]2N[C@H](C1)[C@H]1OC21)C(c1cccs1)c1cccs1,test,380.5053053340001,2.2010999999999994,0.6508559255154486,25,74
evolved_bioisostere_1519,COC(C)c1ccc2c(c1)CC[C@H]1[C@H](O)[C@@H](O)CC[C@]21C,1,evolved_bioisostere,evolved_bioisostere,CC(C)c1ccc2c(c1)CC[C@H]1[C@H](O)[C@@H](O)CC[C@]21C,0 1,c1ccc2c(c1)CC[C@H]1CCCCC21,train,290.4030000000001,2.729700000000001,0.8802768349469848,21,51
evolved_bioisostere_2122,CCCCC(=O)N(Cc1ccc(-c2cccc(-c3nn[nH]n3)c2)cc1)C(CO)C(=O)O,1,evolved_bioisostere,evolved_bioisostere,CCCCC(=O)N(Cc1ccc(-c2cccc(-c3nn[nH]n3)c2)cc1)C(C(=O)O)C(C)C,27,c1ccc(-c2cccc(-c3nn[nH]n3)c2)cc1,train,423.4730000000001,2.4980000000000007,0.45626026055113444,31,56
evolved_bioisostere_337,CC1(C)CCc2cccc3c(-c4ccc(F)cc4)c(/C=C/C4CC(O)CC(=O)O4)n1c23,0,authentic,authentic,,,O=C1CCCC(/C=C/c2c(-c3ccccc3)c3cccc4c3n2CCC4)O1,val,419.49600000000015,5.208400000000006,0.5932691821752069,31,58
evolved_bioisostere_1770,CC(=O)NCC1CN(c2ccc(-c3cccc(N(C)C(C)=O)c(=O)c3)cc2)C(=O)O1,1,evolved_bioisostere,evolved_bioisostere,C=CCNc1cccc(-c2ccc(N3CC(CNC(C)=O)OC3=O)cc2)cc1=O,18 21,O=C1OCCN1c1ccc(-c2ccccc(=O)c2)cc1,train,409.44200000000023,2.1578,0.8164621100152801,30,57
evolved_bioisostere_1117,CC[C@@H]1Cc2cc3c(C(F)(F)F)cc(OCCO)nc3cc2N[C@@H]1CC,1,evolved_bioisostere,evolved_bioisostere,CC[C@@H]1Cc2cc3c(C(F)(F)F)cc(O)nc3cc2N[C@@H]1CC,15 16 17,c1cnc2cc3c(cc2c1)CCCN3,train,368.39900000000006,4.3975000000000035,0.8215010958568233,26,50
evolved_bioisostere_212,O=C(NCc1ccccc1)N1CCC(CN2CCC(c3noc4cc(F)ccc34)CC2)CC1,0,authentic,authentic,,,O=C(NCc1ccccc1)N1CCC(CN2CCC(c3noc4ccccc34)CC2)CC1,train,450.5580000000002,4.768100000000005,0.6084371211867302,33,52
evolved_bioisostere_635,C/C(=N\NC(=S)Nc1ccccc1)c1ccccn1,0,authentic,authentic,,,S=C(NN=Cc1ccccn1)Nc1ccccc1,val,270.36100000000005,2.792200000000001,0.5113666379269692,19,31
evolved_bioisostere_1069,COc1ccc2c3c1O[C@@H]1C[C@H](O)C=C[C@]31CCN(C=O)C2,0,authentic,authentic,,,C1=C[C@]23CCNCc4cccc(c42)O[C@@H]3CC1,test,301.34200000000004,1.3769,0.6620693931573958,22,48
evolved_bioisostere_1191,CC(=O)NC1CCC(CCN2CCN(c3cccc(C)c3)CC2)CC1,1,evolved_bioisostere,evolved_bioisostere,CC(=O)NC1CCC(CCN2CCN(c3cccc(C(F)(F)F)c3)CC2)CC1,,c1ccc(N2CCN(CCC3CCCCC3)CC2)cc1,train,343.5150000000002,3.202020000000002,0.8916682450741036,25,40
evolved_bioisostere_1429,CCOc1ccc([C@H](C(=O)OC)[C@@H]2CCCCN2)cc1,1,evolved_bioisostere,evolved_bioisostere,COC(=O)[C@@H](c1ccc(Br)cc1)[C@@H]1CCCCN1,0 1 2,c1ccc(C[C@@H]2CCCCN2)cc1,train,277.3639999999999,2.484,0.8400177799394613,20,40
evolved_bioisostere_1017,CC(OC(=O)c1cc(S(N)(=O)=O)c(Cl)cc1NCc1ccco1)OC(=O)N(C)CCN,0,authentic,authentic,,,c1ccc(NCc2ccco2)cc1,train,474.9230000000003,1.7224,0.3616161017742539,31,56
evolved_bioisostere_1204,CC(O)Cc1c2ccoc2cc2ccoc12,1,evolved_bioisostere,evolved_bioisostere,C[C@H](N)Cc1c2ccoc2cc2ccoc12.Cl,2,c1cc2cc3occc3cc2o1,train,216.236,3.1023000000000014,0.7155146980932829,16,24
evolved_bioisostere_993,CC(=O)Nc1nc(N)nnc1-c1cccc(Cl)c1Cl,0,authentic,authentic,,,c1ccc(-c2cncnn2)cc1,train,298.13300000000004,2.386,0.8874154419819243,19,33
evolved_bioisostere_1319,Clc1ccc(NC2=Nc3ccc(Cl)cc3N3CCN=C23)cc1,1,evolved_bioisostere,evolved_bioisostere,FC(F)(F)c1ccc(NC2=Nc3ccc(Cl)cc3N3CCN=C23)cc1,0,c1ccc(NC2=Nc3ccccc3N3CCN=C23)cc1,train,331.20600000000013,4.367600000000003,0.8429339554248347,22,38
evolved_bioisostere_751,CC1OC(P(=O)(O)O)=CCC1n1cnc2c(N)ncnc21,0,authentic,authentic,,,C1=COCC(n2cnc3cncnc32)C1,val,311.23800000000006,0.7774999999999997,0.691890877537391,21,37
evolved_bioisostere_1891,COC(=O)Nc1nc2cc(C(=O)Nc3cccc(OC)n3)ccc2[nH]1,1,evolved_bioisostere,evolved_bioisostere,COC(=O)Nc1nc2cc(C(=O)Nc3cccc(C)n3)ccc2[nH]1,18 19,O=C(Nc1ccccn1)c1ccc2[nH]cnc2c1,train,341.32700000000006,2.397099999999999,0.6704023973089427,25,44
evolved_bioisostere_472,COc1cc2c(cc1OC)C(=O)C(Oc1ccc(C(C)N3CCCCC3)cc1)C2,0,authentic,authentic,,,O=C1c2ccccc2CC1Oc1ccc(CN2CCCCC2)cc1,train,395.49900000000025,4.437100000000004,0.7238144236633893,29,48
evolved_bioisostere_741,c1ccc2c(NN=C3CCCC3)nncc2c1,0,authentic,authentic,,,c1ccc2c(NN=C3CCCC3)nncc2c1,test,226.283,2.971700000000001,0.8007606407325123,17,26
evolved_bioisostere_524,O=c1n(-c2ccccc2)nc2c(NCc3ccccc3)nc3ccccc3n12,0,authentic,authentic,,,O=c1n(-c2ccccc2)nc2c(NCc3ccccc3)nc3ccccc3n12,test,367.41200000000003,3.645500000000002,0.5266559573386878,28,44
evolved_bioisostere_1231,CNc1ccccc1-c1[nH]ccc2c3ccccc3nc1-2,1,evolved_bioisostere,evolved_bioisostere,N#Cc1ccccc1-c1[nH]ccc2c3ccccc3nc1-2,0 1,c1ccc(-c2[nH]ccc3c4ccccc4nc2-3)cc1,train,273.339,4.376400000000002,0.5688689964253129,21,34
evolved_bioisostere_1547,CSC1(C)N=C(N)N=C(N)N1c1ccc(S(N)(=O)=O)cc1,1,evolved_bioisostere,evolved_bioisostere,CC1(C)N=C(N)N=C(N)N1c1ccc(S(N)(=O)=O)cc1,0 1,C1=NC=NCN1c1ccccc1,train,328.42300000000006,-0.17989999999999834,0.7027876223812037,21,41
evolved_bioisostere_1568,CC(C)c1ccc2c(c1)CC[C@H]1[C@@H](C)CCC[C@]21C,1,evolved_bioisostere,evolved_bioisostere,CC(C)c1ccc2c(c1)CC[C@H]1[C@@H](CO)CCC[C@]21C,,c1ccc2c(c1)CC[C@H]1CCCCC21,train,256.4329999999999,5.450100000000005,0.6264703218370762,19,43
evolved_bioisostere_1612,CCc1cc2c(-c3cc4c(Nc5nnc(C)s5)ncnc4s3)ncnc2s1,1,evolved_bioisostere,evolved_bioisostere,CCc1cc2c(Nc3nnc(C)s3)ncnc2s1,0 1 2 3 4 5 22 23 24 25 26,c1nc(Nc2nncs2)c2ccsc2n1,train,411.54100000000005,4.828920000000002,0.4529105834949977,27,44
evolved_bioisostere_319,O=C(O)C1CN(C(=O)c2cccc(OCC(F)(F)F)c2)CCN1,0,authentic,authentic,,,O=C(c1ccccc1)N1CCNCC1,train,332.2780000000001,1.1262999999999996,0.8640233128064249,23,41
evolved_bioisostere_763,CCN1CCC[C@H]1CNC(=O)c1c(O)cccc1OC,0,authentic,authentic,,,O=C(NC[C@@H]1CCCN1)c1ccccc1,train,278.35200000000003,1.6149,0.8588496985360825,20,33
evolved_bioisostere_1161,NC(=O)Cc1c(-c2ccccc2)nc2c(Cl)cc(Cl)cn12,1,evolved_bioisostere,evolved_bioisostere,CCCCNC(=O)Cc1c(-c2ccccc2)nc2c(Cl)cc(Cl)cn12,,c1ccc(-c2cn3ccccc3n2)cc1,train,320.17900000000003,3.3359000000000014,0.8044444430107431,21,39
evolved_bioisostere_1286,Cc1ccc(N(C(=O)CCC(=O)O)C2CCN(CCc3ccccc3)CC2)cc1,1,evolved_bioisostere,evolved_bioisostere,Cc1ccc(N(C(=O)C2CC2)C2CCN(CCc3ccccc3)CC2)cc1,8 9 10 11 12,O=C(C1CC1)N(c1ccccc1)C1CCN(CCc2ccccc2)CC1,train,394.51500000000016,3.8999200000000034,0.7376607500866299,29,47
evolved_bioisostere_1780,Cc1ccc(Cc2ccc(NC3=NCCN3)cc2)cc1,1,evolved_bioisostere,evolved_bioisostere,COCCOc1ccc(Cc2ccc(NC3=NCCN3)cc2)cc1,0,c1ccc(Cc2ccc(NC3=NCCN3)cc2)cc1,train,265.36,2.956920000000001,0.8948647264065247,20,31
evolved_bioisostere_314,COc1cc(N)c(Cl)cc1C(=O)NC1CCC(NCC2CCCCC2)CC1.Cl,0,authentic,authentic,,,O=C(NC1CCC(NCC2CCCCC2)CC1)c1ccccc1,train,430.42000000000036,4.563500000000005,0.5784911774139256,28,46
evolved_bioisostere_666,CN(C)C=Nc1nc(N)nnc1-c1cccc(Cl)c1Cl,0,authentic,authentic,,,c1ccc(-c2cncnn2)cc1,train,311.17600000000004,2.649,0.6960132394606565,20,34
evolved_bioisostere_1447,COc1cc2ncnc(Nc3cccc(C)c3)c2cc1OC,1,evolved_bioisostere,evolved_bioisostere,C#Cc1cccc(Nc2ncnc3cc(OC)c(OC)cc23)c1,,c1ccc(Nc2ncnc3ccccc23)cc1,train,295.3420000000001,3.6990200000000026,0.7950475618939019,22,32
evolved_bioisostere_789,COCN1C(=O)N(COC)[C@@](Cc2ccccc2)(c2ccccc2)C1=O,0,authentic,authentic,,,O=C1NC(=O)[C@](Cc2ccccc2)(c2ccccc2)N1,train,354.40600000000006,2.5966000000000005,0.7173546793059823,26,46
evolved_bioisostere_2107,CCOc1cc(C(C#N)(CCCN2CCC(O)(c3ccccc3)CC2)OC)ccc1OC,1,evolved_bioisostere,evolved_bioisostere,COc1ccc(C(C#N)(CCCN2CCC(O)(c3ccccc3)CC2)C(C)C)cc1OC,0 25 26,c1ccc(CCCCN2CCC(c3ccccc3)CC2)cc1,train,438.56800000000015,4.222980000000003,0.5985721968845085,32,49
evolved_bioisostere_1540,CN1CC[C@@H](c2c(O)cc(OCl)c3c(=O)cc(-c4ccccc4Cl)oc23)[C@@H](O)C1,1,evolved_bioisostere,evolved_bioisostere,CN1CC[C@@H](c2c(O)cc(O)c3c(=O)cc(-c4ccccc4Cl)oc23)[C@@H](O)C1,11,O=c1cc(-c2ccccc2)oc2c(C3CCNCC3)cccc12,train,436.29100000000017,4.1316000000000015,0.6426964459774563,29,63
evolved_bioisostere_370,NS(=O)(=O)c1cc2c(cc1Cl)NC(C1CCCCC1)NS2(O)O,0,authentic,authentic,,,c1ccc2c(c1)NC(C1CCCCC1)NS2,test,381.90700000000015,2.9334000000000007,0.5360077411500256,23,42
evolved_bioisostere_437,O=C1Nc2ccc(Cl)cc2[C@@](C#CC2(O)CC2)(C(F)(F)F)O1,0,authentic,authentic,,,O=C1Nc2ccccc2C(C#CC2CC2)O1,train,331.67699999999996,3.1880000000000006,0.7178233850471,22,47
evolved_bioisostere_373,NNC(=O)CN1C(=O)NC(c2ccccc2)(c2ccccc2)C1=O,0,authentic,authentic,,,O=C1NC(=O)C(c2ccccc2)(c2ccccc2)N1,train,324.3400000000001,0.47190000000000043,0.3290166914954188,24,41
evolved_bioisostere_1209,CC(=O)NCC1CN(c2ccc(-c3cccc(O)c(=O)c3)cc2)C(=O)O1,1,evolved_bioisostere,evolved_bioisostere,C=CCNc1cccc(-c2ccc(N3CC(CNC(C)=O)OC3=O)cc2)cc1=O,17,O=C1OCCN1c1ccc(-c2ccccc(=O)c2)cc1,train,354.36200000000014,1.8806999999999998,0.873952434009939,26,48
evolved_bioisostere_1145,OCCc1ccc(-c2ccccc2)c(F)c1,1,evolved_bioisostere,evolved_bioisostere,O=C(O)Cc1ccc(-c2ccccc2)c(F)c1,,c1ccc(-c2ccccc2)cc1,train,216.255,3.0275000000000016,0.8357050746505852,16,25
evolved_bioisostere_1834,CCc1ccc(Cc2cc([C@@H]3O[C@H]([C@H](O)CO)[C@H](O)[C@H]3O)c(CC)cc2Cl)cc1,1,evolved_bioisostere,evolved_bioisostere,CCc1ccc(Cc2cc([C@@H]3O[C@H]([C@H](O)CO)[C@H](O)[C@H]3O)c(OC)cc2Cl)cc1,22 23,c1ccc(Cc2cccc([C@H]3CCCO3)c2)cc1,train,420.9330000000001,2.570500000000001,0.5524229477011472,29,69
evolved_bioisostere_539,N#Cc1ccc(C(c2ccc(C#N)cc2)n2cnc(CO)n2)cc1,0,authentic,authentic,,,c1ccc(C(c2ccccc2)n2cncn2)cc1,train,315.336,2.1514599999999993,0.7950705669651482,24,40
evolved_bioisostere_98,CCC1(c2cccc(O)c2)OC1(CC)c1cccc(O)c1,0,authentic,authentic,,,c1ccc(C2OC2c2ccccc2)cc1,test,284.35499999999996,4.038800000000003,0.8330948989455719,21,35
evolved_bioisostere_1316,OCC(O)COc1cccc2c1C=CC2,1,evolved_bioisostere,evolved_bioisostere,CC(C)NCC(O)COc1cccc2c1C=CC2,0,C1=Cc2ccccc2C1,test,206.241,0.9879,0.7719514027420542,15,22
evolved_bioisostere_879,CN(C)CCSc1nccc(-c2cccs2)n1,0,authentic,authentic,,,c1csc(-c2ccncn2)c1,train,265.40700000000004,2.8588000000000013,0.6138680945779423,17,26
evolved_bioisostere_1959,Fc1cccc(Nc2ncnc3ccccc23)c1,1,evolved_bioisostere,evolved_bioisostere,COc1cccc(Nc2ncnc3ccccc23)c1,0,c1ccc(Nc2ncnc3ccccc23)cc1,train,239.25300000000004,3.512500000000001,0.743175087242861,18,26
evolved_bioisostere_1491,Cc1cc2c(s1)Cc1ccccc1N=C2N1CCN(CN)C(CN)C1,1,evolved_bioisostere,evolved_bioisostere,Cc1cc2c(s1)Cc1ccccc1N=C2N1CCN(CCOCCO)C(CCc2ccccc2)C1.Cl,20 23,c1ccc(CCC2CN(C3=Nc4ccccc4Cc4sccc43)CCN2)cc1,train,355.5110000000002,1.90012,0.8631231115021603,25,40
evolved_bioisostere_94,[C-]#[N+]C1=C(C)Nc2nc(N)nn2C1c1ccc(C#N)cc1,0,authentic,authentic,,,C1=CC(c2ccccc2)n2ncnc2N1,train,277.291,1.8976699999999997,0.7757918791875033,21,42
evolved_bioisostere_746,COc1cccc2c1CCC[C@H]2CN(C)CCc1ccc2c(c1)C=CS2(=O)=O,0,authentic,authentic,,,O=S1(=O)C=Cc2cc(CCNC[C@@H]3CCCc4ccccc43)ccc21,train,397.54,4.047600000000004,0.7378312677203164,28,49
evolved_bioisostere_1817,CCN(CC)CCc1cn(S(=O)(=O)c2ccc(C(C)=O)cc2)c2ccccc12,1,evolved_bioisostere,evolved_bioisostere,CCN(CC)CCc1cn(S(=O)(=O)c2ccc(N)cc2)c2ccccc12,17 18 19,O=S(=O)(c1ccccc1)n1ccc2ccccc21,train,398.52800000000013,3.965200000000003,0.5389584528545182,28,49
evolved_bioisostere_1256,CC(CN1CCOCC1)n1cc(-c2ccccc2F)c2ccccc21,1,evolved_bioisostere,evolved_bioisostere,CC(CN1CCOCC1)n1cc(C(=O)c2ccccc2F)c2ccccc21,12 13 14 15 16 17 18,O=C(c1ccccc1)c1cn(CCN2CCOCC2)c2ccccc12,train,338.4260000000001,4.340600000000004,0.7039424048643671,25,38
evolved_bioisostere_128,CC.ClC1=Nc2cc(Cl)ccc2Nc2ccccc21,0,authentic,authentic,,,C1=Nc2ccccc2Nc2ccccc21,train,293.19700000000006,5.740300000000003,0.6576644659755078,19,31
evolved_bioisostere_1453,O=C1c2ccccc2CCCC1CCN1CCC(CN2CCC(F)CC2)CC1,1,evolved_bioisostere,evolved_bioisostere,O=C1c2ccccc2CCCC1CCN1CCC(Oc2ccccc2)CC1,18 19 20 21 22 23 24 25,O=C1c2ccccc2CCCC1CCN1CCC(Oc2ccccc2)CC1,train,386.5550000000002,4.357800000000004,0.7027805687084098,28,41
evolved_bioisostere_915,C=CNc1ccn([C@@H]2CS[C@H](CO)O2)c(=O)n1,0,authentic,authentic,,,O=c1ncccn1[C@@H]1CSCO1,train,255.29899999999998,0.3790999999999996,0.8097133564691287,17,38
evolved_bioisostere_1242,CCC[C@H](c1ccccc1)[C@H]1CCCCN1,1,evolved_bioisostere,evolved_bioisostere,COC[C@H](c1ccccc1)[C@H]1CCCCN1,0 1,c1ccc(C[C@H]2CCCCN2)cc1,train,217.35599999999994,3.7124000000000015,0.8103504868093414,16,30
evolved_bioisostere_950,S=C1CCc2ccc(OCCCCN3CCN(c4cccc(Cl)c4Cl)CC3)cc2N1,0,authentic,authentic,,,S=C1CCc2ccc(OCCCCN3CCN(c4ccccc4)CC3)cc2N1,test,464.46200000000016,5.660100000000005,0.4217757497587004,30,47
evolved_bioisostere_348,CC(=CC(=O)O)CC(C)c1c(-c2ccc(F)cc2)c2ccccc2n1C(C)C,0,authentic,authentic,,,c1ccc(-c2c[nH]c3ccccc23)cc1,train,379.4750000000001,6.552800000000006,0.4932911113747598,28,49
evolved_bioisostere_294,COc1ccc(O)c(C2(O)CC(O)CCC2CN(C)C)c1,0,authentic,authentic,,,c1ccc(C2CCCCC2)cc1,train,295.379,1.311,0.7809283546724957,21,35
evolved_bioisostere_1400,CCCN(CCCO)C(=O)Cc1c(-c2ccc(Cl)cc2)nc2c(C)cccn12,1,evolved_bioisostere,evolved_bioisostere,CCCN(CCC)C(=O)Cc1c(-c2ccc(Cl)cc2)nc2c([N+](=O)[O-])cccn12,7 23,c1ccc(-c2cn3ccccc3n2)cc1,train,399.9220000000001,4.1266200000000035,0.6192533463343567,28,47
evolved_bioisostere_687,CNCCCC1c2ccccc2COc2ccccc21,0,authentic,authentic,,,c1ccc2c(c1)COc1ccccc1C2,train,267.372,3.7105000000000024,0.852645278044887,20,26
evolved_bioisostere_83,CC1=CC(c2ccc(C#N)cc2)n2nnnc2N1Cc1ccccc1,0,authentic,authentic,,,C1=CN(Cc2ccccc2)c2nnnn2C1c1ccccc1,train,328.379,3.058180000000001,0.7387967864680008,25,39
evolved_bioisostere_73,NC[C@@H]1CCCN1C(=O)[C@@H](N)Cc1ccc(-c2ccccc2)cc1,0,authentic,authentic,,,O=C(CCc1ccc(-c2ccccc2)cc1)N1CCCC1,test,323.44,2.1731,0.8855959694131803,24,48
evolved_bioisostere_2115,C[C@H]1O[C@@H](n2cnc3c(N)ncnc32)[C@H](O)[C@@H]1O,1,evolved_bioisostere,evolved_bioisostere,Nc1ncnc2c1ncn2[C@@H]1O[C@H](CO)[C@@H](O)[C@H]1O,,c1ncc2ncn([C@H]3CCCO3)c2n1,train,251.246,-0.9524000000000001,0.5971795185520422,18,48
evolved_bioisostere_1604,NC(=O)CCC1C(=O)N(c2ccc(F)cc2)C1c1ccc(OCc2ccccc2)cc1,1,evolved_bioisostere,evolved_bioisostere,O=C(O)CCC1C(=O)N(c2ccc(F)cc2)C1c1ccc(OCc2ccccc2)cc1,0,O=C1CC(c2ccc(OCc3ccccc3)cc2)N1c1ccccc1,train,418.46800000000013,4.374300000000003,0.5521790466764147,31,51
evolved_bioisostere_2010,CCc1cc(C2CNC(=O)C2)ccc1OC,1,evolved_bioisostere,evolved_bioisostere,COc1ccc(C2CNC(=O)C2)cc1OC,0 1,O=C1CC(c2ccccc2)CN1,train,219.28399999999996,1.8610999999999998,0.8423209450174618,16,25
evolved_bioisostere_108,C[N+]1(C)C2CC(OC(=O)C(O)(c3cccs3)c3cccs3)CC1C1OC12.O=C([O-])[O-],0,authentic,authentic,,,O=C(OC1CC2[NH2+]C(C1)C1OC21)C(c1cccs1)c1cccs1,train,452.5300000000002,-0.10130000000000017,0.39041291129197514,30,64
evolved_bioisostere_2141,O=C(O)CCc1ccc(OCc2ccccc2)cc1,1,evolved_bioisostere,evolved_bioisostere,NNCCCc1ccc(OCc2ccccc2)cc1,0 2,c1ccc(COc2ccccc2)cc1,train,256.301,3.2828000000000026,0.8623086318424108,19,28
evolved_bioisostere_617,O=[N+]([O-])c1ccccc1CNCCCCNCc1ccccc1[N+](=O)[O-],0,authentic,authentic,,,c1ccc(CNCCCCNCc2ccccc2)cc1,train,358.398,3.162600000000001,0.362569999507259,26,48
evolved_bioisostere_1171,OCCN(Cc1ccccc1)CC(O)(Cn1cncn1)c1ccc(F)cc1F,1,evolved_bioisostere,evolved_bioisostere,CC(C)N(Cc1ccccc1)CC(O)(Cn1cncn1)c1ccc(F)cc1F,0,c1ccc(CNCC(Cn2cncn2)c2ccccc2)cc1,train,388.41800000000006,1.9385999999999994,0.5861013448451822,28,42
evolved_bioisostere_1561,COC(=O)[C@@H](c1cccc([C@@H]2CCCCN2)c1)[C@@H]1CCCCN1,1,evolved_bioisostere,evolved_bioisostere,COC(=O)[C@@H](c1cccc(F)c1)[C@@H]1CCCCN1.Cl,10 11 12 13 14 15,c1ccc(C[C@@H]2CCCCN2)cc1,train,316.4450000000001,2.8999000000000006,0.838762050814616,23,51
evolved_bioisostere_1629,CCOC(=O)c1[nH]cc2nc3ccc(O)cc3c-2c1CC,1,evolved_bioisostere,evolved_bioisostere,CCOC(=O)c1[nH]cc2nc3ccc(O)cc3c-2c1COC,20,c1ccc2c3cc[nH]cc-3nc2c1,train,284.31500000000005,3.112400000000001,0.7245562048841813,21,36
evolved_bioisostere_827,Cc1nc(-c2ccc(OCC3CCCC3)c(-c3nnnn3C)c2)sc1C(=O)O,0,authentic,authentic,,,c1csc(-c2ccc(OCC3CCCC3)c(-c3nnn[nH]3)c2)n1,train,399.476,3.576220000000002,0.6755758425614496,28,47
evolved_bioisostere_419,CCCC(=O)Nc1ccc(Oc2ccccc2OC)cc1,0,authentic,authentic,,,c1ccc(Oc2ccccc2)cc1,train,285.343,4.226100000000002,0.8637742129611966,21,30
evolved_bioisostere_1626,CC(C)c1ccc2c(c1)CC[C@H]1[C@@H](C(=O)O)CCC[C@]21C,1,evolved_bioisostere,evolved_bioisostere,CC(C)c1ccc2c(c1)CC[C@H]1[C@@H](CO)CCC[C@]21C,14,c1ccc2c(c1)CC[C@H]1CCCCC21,train,286.415,4.514800000000004,0.8678697715726306,21,48
evolved_bioisostere_913,O=C(Nc1ccc(O)cc1)O[C@H]1CCCC[C@@H]1F,0,authentic,authentic,,,O=C(Nc1ccccc1)OC1CCCCC1,val,253.2729999999999,3.221400000000002,0.7954530602607099,18,36
evolved_bioisostere_723,O=C(O)c1cc(S(=O)(=O)Nc2ccc(C(F)(F)F)cc2)c(Cl)cc1NCc1ccco1,0,authentic,authentic,,,O=S(=O)(Nc1ccccc1)c1ccc(NCc2ccco2)cc1,test,474.84400000000016,5.062900000000003,0.44127773893746863,31,57
evolved_bioisostere_637,CC(C)N(C(=O)N1C[C@H](C(=O)O)[C@H](N=C(N)N)C1)C(C)C,0,authentic,authentic,,,C1CCNC1,train,299.37500000000006,-0.11639999999999806,0.49285034707967507,21,50
evolved_bioisostere_148,c1ccc2c(CCC3CCNCC3)c[nH]c2c1,0,authentic,authentic,,,c1ccc2c(CCC3CCNCC3)c[nH]c2c1,val,228.339,3.100100000000001,0.8297696004849465,17,28
evolved_bioisostere_1509,NC(=O)c1cc(-c2ccc(-c3ccc(O)cc3)cc2)nnc1Cl,1,evolved_bioisostere,evolved_bioisostere,NC(=O)c1cc(-c2ccc(C(F)(F)F)cc2)nnc1Cl,10 11 12 13 14 15 16,c1ccc(-c2cccnn2)cc1,train,325.755,3.2685000000000013,0.7730605483227032,23,41
evolved_bioisostere_259,C[N+]1(C)C2CC(OC(=O)C(O)(c3cccs3)c3cccs3)CC23C2OC2C31.[CH3-],0,authentic,authentic,,,O=C(OC1CC2[NH2+]C3C4OC4C23C1)C(c1cccs1)c1cccs1,val,419.56800000000015,2.7959900000000006,0.3583609331931137,28,60
evolved_bioisostere_232,CN(C)CCc1c[nH]c2cc3c(cc12)CCCO3,0,authentic,authentic,,,c1cc2cc3c(cc2[nH]1)OCCC3,train,244.33799999999994,2.5970000000000004,0.898597591171645,18,31
evolved_bioisostere_1246,CC(C)CN[C@H]1CC1c1ccc(OCc2ccccc2)cc1,1,evolved_bioisostere,evolved_bioisostere,c1ccc(COc2ccc(C3C[C@@H]3NCc3ccccn3)cc2)cc1,0 1 2,c1ccc(COc2ccc(C3C[C@@H]3NCc3ccccn3)cc2)cc1,train,295.426,4.367100000000003,0.8188340767990473,22,36
evolved_bioisostere_1275,CCON1c2ccccc2C(N(C(C)=O)c2ccccc2)CC1C,1,evolved_bioisostere,evolved_bioisostere,CCCC(=O)N1c2ccccc2C(N(C(C)=O)c2ccccc2)CC1C,0 1 2,c1ccc(NC2CCNc3ccccc32)cc1,train,324.42400000000004,4.330900000000004,0.8389302581288584,24,37
evolved_bioisostere_1681,CCCCn1nc(CC)n(Cc2ccc(-c3ccccc3-c3nn[nH]n3)cc2)c1=O,1,evolved_bioisostere,evolved_bioisostere,CCCCCc1nn(C(=O)CC)c(=O)n1Cc1ccc(-c2ccccc2-c2nn[nH]n2)cc1,0,O=c1[nH]ncn1Cc1ccc(-c2ccccc2-c2nn[nH]n2)cc1,train,403.49000000000007,3.3027000000000015,0.48706567997138267,30,50
evolved_bioisostere_544,CC(C)[C@@H](C)/C=C/[C@@H](CO)[C@@]1(O)CC[C@H]2[C@@H]3CC[C@H]4CC(=O)C=C[C@]4(C)[C@H]3CC[C@@]21C,0,authentic,authentic,,,O=C1C=CC2[C@@H](CC[C@H]3[C@@H]4CCCC4CC[C@H]23)C1,val,428.6570000000002,5.562100000000007,0.5635292224601186,31,94
evolved_bioisostere_987,Clc1cccc2c1NC1(CCNCC1)C(=NCc1ccccc1)N2,0,authentic,authentic,,,c1ccc(CN=C2Nc3ccccc3NC23CCNCC3)cc1,val,340.85799999999995,3.8983000000000017,0.7767666424207098,24,38
evolved_bioisostere_289,CN1CC=C(c2c[nH]c3ccc(-c4ccccn4)cc23)CC1,0,authentic,authentic,,,C1=C(c2c[nH]c3ccc(-c4ccccn4)cc23)CCNC1,train,289.3820000000001,3.948800000000002,0.7743902203553408,22,39
evolved_bioisostere_1002,CCCc1cc(=O)oc2c3c(c4c(c12)OC(C)(C)C=C4)O[C@@H](C)[C@H](C)[C@@H]3O,0,authentic,authentic,,,O=c1ccc2c3c(c4c(c2o1)CCCO4)C=CCO3,test,370.44500000000005,4.380100000000005,0.7946837286183372,27,65
evolved_bioisostere_2065,CC(=O)N(c1ccccc1)C(C)C(=O)OCC(=O)N(C)C,1,evolved_bioisostere,evolved_bioisostere,CC(=O)N(c1ccccc1)C(C)C(=O)O,15 16 17 18 19 20,c1ccccc1,train,292.335,1.0594,0.76109594790502,21,38
evolved_bioisostere_477,C(CCc1ccccc1)=NNc1nnc(NN=CCCc2ccccc2)c2ccccc12,0,authentic,authentic,,,C(CCc1ccccc1)=NNc1nnc(NN=CCCc2ccccc2)c2ccccc12,train,422.5360000000001,5.690800000000005,0.2542414572351859,32,46
evolved_bioisostere_1094,CC(=O)C1Cc2ccc(C(=O)c3ccc(Cl)cc3)n2C1,1,evolved_bioisostere,evolved_bioisostere,O=C(c1ccc(Cl)cc1)c1ccc2n1CC(C(=O)O)C2,0,O=C(c1ccccc1)c1ccc2n1CCC2,train,287.74600000000004,3.1338000000000017,0.8137032135561305,20,37
evolved_bioisostere_1732,CC(C)c1nc(N(C)S(C)(=O)=O)nc(-c2ccc(F)cc2)c1/C=C/[C@@H]1C[C@H](C)OC(C)(C)O1,1,evolved_bioisostere,evolved_bioisostere,COC(=O)C[C@H]1C[C@@H](/C=C/c2c(-c3ccc(F)cc3)nc(N(C)S(C)(=O)=O)nc2C(C)C)OC(C)(C)O1,,C(=C\[C@@H]1CCOCO1)/c1cncnc1-c1ccccc1,train,477.60200000000026,4.745200000000005,0.5975004004067457,33,74
evolved_bioisostere_839,CC.CC(=O)c1sc(-c2ccc(OCC(C)C)c(C#N)c2)nc1C,0,authentic,authentic,,,c1ccc(-c2nccs2)cc1,train,344.4800000000001,5.253800000000005,0.6945823694862352,24,42
evolved_bioisostere_1957,CCCC(=O)Nc1ccccc1Oc1cccc(F)c1,1,evolved_bioisostere,evolved_bioisostere,CCCC(=O)Nc1ccccc1Oc1cccc(OC)c1,18,c1ccc(Oc2ccccc2)cc1,train,273.307,4.356600000000003,0.8787418695046442,20,29
evolved_bioisostere_1593,CC(=O)NC(=O)Nc1ccc(OCc2ccnc(C(N)=O)c2)cc1F,1,evolved_bioisostere,evolved_bioisostere,NC(=O)c1cc(COc2ccc(NC(=O)Nc3ccc(Cl)c(C(F)(F)F)c3)c(F)c2)ccn1,0 1 2,O=C(Nc1ccccc1)Nc1ccc(OCc2ccncc2)cc1,train,346.31800000000004,1.5665999999999998,0.757990470578962,25,42
evolved_bioisostere_1872,O=C(O)CNC[C@@H](O)COc1cccc2ccccc12,1,evolved_bioisostere,evolved_bioisostere,CC(C)NC[C@@H](O)COc1cccc2ccccc12.Cl,0 2,c1ccc2ccccc2c1,train,275.30400000000003,1.2536999999999994,0.7085989812448008,20,34
evolved_bioisostere_1247,CCCN1CC[C@@H]2Cc3c(CN)cccc3C[C@@H]21,1,evolved_bioisostere,evolved_bioisostere,CCCN1CC[C@@H]2Cc3c(O)cccc3C[C@@H]21,10 11,c1ccc2c(c1)C[C@H]1CCN[C@H]1C2,train,244.38199999999998,2.3444000000000003,0.8840778230851953,18,36
evolved_bioisostere_1207,COc1cc2ncnc(Nc3ccc(Cl)cc3C)c2cc1OC,1,evolved_bioisostere,evolved_bioisostere,COc1cc2ncnc(Nc3ccc(Cl)cc3Cl)c2cc1OC,17,c1ccc(Nc2ncnc3ccccc23)cc1,train,329.78700000000015,4.352420000000003,0.7706902317573323,23,34
evolved_bioisostere_1918,CN(C)CCN1C(=O)[C@@H](O)[C@@H](c2ccccc2)Sc2c(F)cccc21,1,evolved_bioisostere,evolved_bioisostere,COc1ccc([C@H]2Sc3c(F)cccc3N(CCN(C)C)C(=O)[C@H]2O)cc1,,O=C1C[C@@H](c2ccccc2)Sc2ccccc2N1,train,360.4540000000001,2.9282000000000012,0.9105288795035759,25,52
evolved_bioisostere_1854,O=C(CO)c1nnn2c1c(O)nc1ccccc12,1,evolved_bioisostere,evolved_bioisostere,O=C(O)c1nnn2c1c(O)nc1ccccc12,2 3,c1ccc2c(c1)ncc1cnnn12,train,244.21000000000004,0.15809999999999957,0.6225245833804168,18,29
evolved_bioisostere_1460,OCCC[C@H](c1ccccc1)[C@H]1CCCCN1,1,evolved_bioisostere,evolved_bioisostere,COC[C@H](c1ccccc1)[C@H]1CCCCN1,0 1 2,c1ccc(C[C@H]2CCCCN2)cc1,train,233.35499999999996,2.6848,0.8192628497761971,17,31
evolved_bioisostere_1098,O=C(O)c1ccc2c(c1)-n1cc(C(=O)O)nc1CO2,1,evolved_bioisostere,evolved_bioisostere,O=C(O)c1cn2c(n1)COc1ccc(Cl)cc1-2,0 1 2,c1ccc2c(c1)OCc1nccn1-2,train,260.205,1.1610999999999998,0.8396430702125378,19,36
evolved_bioisostere_1164,Cc1ccc(-c2cn3cccc(C)c3n2)cc1,1,evolved_bioisostere,evolved_bioisostere,Cc1cccn2cc(-c3ccc(F)cc3)nc12,0,c1ccc(-c2cn3ccccc3n2)cc1,train,222.29100000000003,3.618140000000002,0.6143840408553064,17,28
evolved_bioisostere_481,Nc1cc(OCC2CC2)c(C(=O)N[C@@H]2CN3CCC2CC3)cc1Cl,0,authentic,authentic,,,O=C(N[C@@H]1CN2CCC1CC2)c1ccccc1OCC1CC1,val,349.8620000000001,2.535000000000001,0.8015268924231373,24,45
evolved_bioisostere_1244,OCc1ccc(/C=C/c2ccccn2)cc1,1,evolved_bioisostere,evolved_bioisostere,COc1ccc(/C=C/c2ccccn2)cc1,0 1,C(=C\c1ccccn1)/c1ccccc1,train,211.264,2.744300000000001,0.8463771380348405,16,25
evolved_bioisostere_1954,CCCCC(=O)C[C@H](O)/C=C/c1c(-c2ccc(F)cc2)nc(N(C)S(C)(=O)=O)nc1C(C)C,1,evolved_bioisostere,evolved_bioisostere,CCOC(=O)CC(=O)C[C@H](O)/C=C/c1c(-c2ccc(F)cc2)nc(N(C)S(C)(=O)=O)nc1C(C)C,0 1,c1ccc(-c2ccncn2)cc1,train,477.6020000000002,4.325400000000004,0.5171564366109468,33,66
evolved_bioisostere_1689,Cc1ccccc1-c1ccc2nc(-c3ccccc3)cn2c1,1,evolved_bioisostere,evolved_bioisostere,c1ccc(-c2ccc3nc(-c4ccccc4)cn3c2)cc1,0,c1ccc(-c2ccc3nc(-c4ccccc4)cn3c2)cc1,train,284.362,4.976720000000004,0.5073705550665067,22,34
evolved_bioisostere_1729,O=C1[C@H](CCCc2ccccc2)[C@@H](c2ccc(CO)cc2)N1c1ccccc1,1,evolved_bioisostere,evolved_bioisostere,COc1ccc([C@@H]2[C@@H](CCCc3ccccc3)C(=O)N2c2ccccc2)cc1,17 18,O=C1[C@H](CCCc2ccccc2)[C@@H](c2ccccc2)N1c1ccccc1,train,371.4800000000001,4.905900000000005,0.5998643773346348,28,52
evolved_bioisostere_1030,C[C@@H](O)CCCCC[C@H]1Cc2cc(O)c(C(=O)O)c(O)c2CO1,0,authentic,authentic,,,c1ccc2c(c1)CCOC2,train,324.3730000000001,2.568600000000001,0.5742679974735181,23,47
evolved_bioisostere_185,CN(C)Cc1cccc(CSCCNc2n[s+]([O-])nc2N)n1,0,authentic,authentic,,,c1ccc(CSCCNc2cn[sH+]n2)nc1,val,340.478,1.5882999999999998,0.5514470333282966,22,38
evolved_bioisostere_1456,O=C(NN1CC=C(O)CC1)c1ccccc1,1,evolved_bioisostere,evolved_bioisostere,O=C(NN1CC=C(CCCO)CC1)c1ccccc1,7,O=C(NN1CC=CCC1)c1ccccc1,train,218.256,1.4789999999999999,0.7901514067035015,16,26
evolved_bioisostere_731,CC=C(S)C(O)(C(=O)OC1CC2CC3OC3C(C1)[N+]2(C)C)c1cccs1,0,authentic,authentic,,,O=C(Cc1cccs1)OC1CC2CC3OC3C(C1)[NH2+]2,train,396.5540000000001,2.4596,0.3552791437050407,26,51
evolved_bioisostere_1058,COc1c(C)cnc(CS(=O)c2nc3cc4c(cc3[nH]2)OC(F)(F)O4)c1OC,0,authentic,authentic,,,O=S(Cc1ccccn1)c1nc2cc3c(cc2[nH]1)OCO3,test,411.3860000000001,2.91282,0.6896791556214155,28,52
evolved_bioisostere_1435,CN1CCC[C@@H]1Cc1c[nH]c2ccc(S(=O)(=O)c3ccccc3F)cc12,1,evolved_bioisostere,evolved_bioisostere,CN1CCC[C@@H]1Cc1c[nH]c2ccc(NS(=O)(=O)c3ccccc3F)cc12,14 15 16 17 18 19 20 21 22 23,O=S(=O)(Nc1ccc2[nH]cc(C[C@H]3CCCN3)c2c1)c1ccccc1,train,372.4650000000001,3.776500000000002,0.758339805820879,26,50
evolved_bioisostere_2071,Cc1cccc2c1C1CCN(CCc3ccccc3)[C@@H]1CC2,1,evolved_bioisostere,evolved_bioisostere,COc1cccc2c1C1CCN(CCc3ccccc3)[C@@H]1CC2,0,c1ccc(CCN2CCC3c4ccccc4CC[C@H]32)cc1,train,291.43800000000005,4.341820000000004,0.8127737108969122,22,37
evolved_bioisostere_1671,COc1ccc(CNC(=O)CSc2nc3ccc(C)cc3[nH]2)cc1,1,evolved_bioisostere,evolved_bioisostere,CCOc1ccc2nc(SCC(=O)NCc3ccc(OC)cc3)[nH]c2c1,18,O=C(CSc1nc2ccccc2[nH]1)NCc1ccccc1,train,341.43600000000004,3.2884200000000012,0.6753025962643255,24,40
evolved_bioisostere_57,O=C(O)c1ccc(C2=N[C@@H](C(=O)O)CS2)c(O)c1,0,authentic,authentic,,,c1ccc(C2=NCCS2)cc1,train,267.262,1.037,0.7548361517317994,18,40
evolved_bioisostere_217,CC[C@@H]1Cc2cc3c(C(F)(F)F)cc(O)nc3cc2N[C@@H]1CC,0,authentic,authentic,,,c1cnc2cc3c(cc2c1)CCCN3,train,324.34600000000006,4.732000000000003,0.8390743249550507,23,47
evolved_bioisostere_1357,COc1cc2ncnc(Nc3ccc(Oc4ccc(C)cc4)cc3)c2cc1OC,1,evolved_bioisostere,evolved_bioisostere,COc1cc2ncnc(Nc3ccc(OCc4ccccc4)cc3)c2cc1OC,15 16 17 18 19 20 21,c1ccc(COc2ccc(Nc3ncnc4ccccc34)cc2)cc1,train,387.43900000000014,5.491320000000004,0.47177666747896424,29,43
evolved_bioisostere_1842,C[C@@]1(Sc2ccccn2)CCC[C@]2(C)c3ccc(-c4ccccn4)cc3CC[C@@H]12,1,evolved_bioisostere,evolved_bioisostere,CC(C)c1ccc2c(c1)CC[C@H]1[C@](C)(Sc3ccccn3)CCC[C@]21C,18 19 20 21 22 23,c1ccc(SC2CCCC3c4ccccc4CC[C@@H]23)nc1,train,400.5910000000001,6.698600000000006,0.48914295433203553,29,58
evolved_bioisostere_203,CN(C)CCC[C@@]1(c2cccc(F)c2)OCc2cc(C#N)ccc21,0,authentic,authentic,,,c1ccc(C2OCc3ccccc32)cc1,train,324.39900000000006,3.812980000000003,0.8388667572429986,24,43
evolved_bioisostere_371,COc1cc(N)c(Cl)cc1C(=O)NC1CCN2CCCC2(C)C1,0,authentic,authentic,,,O=C(NC1CCN2CCCC2C1)c1ccccc1,val,337.8510000000002,2.677500000000001,0.8320779812405029,23,39
evolved_bioisostere_715,CCCCCCN(C(=O)c1cc2cc(O)ccc2n1C)c1ccccc1,0,authentic,authentic,,,O=C(Nc1ccccc1)c1cc2ccccc2[nH]1,train,350.4620000000001,5.111000000000004,0.6018079976139475,26,39
evolved_bioisostere_445,CC(C)n1cnc2c(Sc3c([N+](=O)[O-])ncn3C)ncnc21,0,authentic,authentic,,,c1nc(Sc2cnc[nH]2)c2nc[nH]c2n1,train,319.35,2.2001,0.4121401426363837,22,43
evolved_bioisostere_1012,O=C(O)c1ccc(NCc2ccncc2)cn1,0,authentic,authentic,,,c1cncc(NCc2ccncc2)c1,train,229.23900000000003,1.7869,0.8354615946856421,17,26
evolved_bioisostere_1809,CCN1CC[C@@H]2Cc3c(O)cccc3C[C@@H]21,1,evolved_bioisostere,evolved_bioisostere,CCCN1CC[C@@H]2Cc3c(O)cccc3C[C@@H]21,,c1ccc2c(c1)C[C@H]1CCN[C@H]1C2,train,217.312,2.2012,0.7792515963964177,16,34
evolved_bioisostere_1285,CSc1ccc(Cn2cnc3c(N(C)C)ncnc32)cc1,1,evolved_bioisostere,evolved_bioisostere,CN(C)c1ncnc2c1ncn2Cc1ccc(Cl)cc1,0 1,c1ccc(Cn2cnc3cncnc32)cc1,train,299.403,2.6625000000000005,0.6931534757726174,21,33
evolved_bioisostere_2014,CCn1c(=O)c2cc(C(=O)O)cn2c2ccccc21,1,evolved_bioisostere,evolved_bioisostere,CCCCn1c(=O)c2cc(C(=O)O)cn2c2ccccc21,,O=c1[nH]c2ccccc2n2cccc12,train,256.261,1.9723,0.7620501905867588,19,33
evolved_bioisostere_1515,N#Cc1ccc(N2C(=O)C(CCC(N)=O)C2c2ccc(OCc3ccccc3)cc2)cc1,1,evolved_bioisostere,evolved_bioisostere,O=C(O)CCC1C(=O)N(c2ccc(F)cc2)C1c1ccc(OCc2ccccc2)cc1,0 1 13,O=C1CC(c2ccc(OCc3ccccc3)cc2)N1c1ccccc1,train,425.4880000000001,4.106880000000003,0.5494987323043666,32,53
evolved_bioisostere_301,COc1ccc(Cl)cc1C(=O)NC(c1ccccc1)(C1CCNCC1)S(N)(=O)=O,0,authentic,authentic,,,O=C(NC(c1ccccc1)C1CCNCC1)c1ccccc1,train,437.94900000000024,2.2195,0.6413128631560425,29,51
evolved_bioisostere_267,[C-]#[N+]C(Cc1ccc(Cl)cc1)(c1ccccc1)n1cncn1,0,authentic,authentic,,,c1ccc(CC(c2ccccc2)n2cncn2)cc1,test,308.772,3.794590000000003,0.6872669863561097,22,42
evolved_bioisostere_2149,Nc1nc(O)nc2ccc(S(=O)(=O)c3ccc(Cl)c(Cl)c3)cc12,1,evolved_bioisostere,evolved_bioisostere,Nc1nc(O)c2cc(S(=O)(=O)c3ccc(Cl)c(Cl)c3)ccc2n1,0 4,O=S(=O)(c1ccccc1)c1ccc2ncncc2c1,train,370.21700000000004,3.057200000000001,0.7182062151352763,23,45
evolved_bioisostere_2070,COc1cccc2c1C1CCN(Cc3cccc(O)c3)[C@@H]1CC2,1,evolved_bioisostere,evolved_bioisostere,COc1cccc2c1C1CCN(CCc3ccccc3)[C@@H]1CC2,13 14 15 16 17 18 19,c1ccc(CCN2CCC3c4ccccc4CC[C@H]32)cc1,train,309.40900000000005,3.7051000000000025,0.938040667151199,23,40
evolved_bioisostere_1654,COc1ccccc1Nc1nc2ccccc2c(=O)o1,1,evolved_bioisostere,evolved_bioisostere,O=c1oc(Nc2ccccc2OC(F)(F)F)nc2ccccc12,,O=c1oc(Nc2ccccc2)nc2ccccc12,train,268.272,2.940200000000001,0.7907905941568327,20,29
evolved_bioisostere_2018,COc1cc(CC(N)CCN(C)C)c(OC)cc1C#N,1,evolved_bioisostere,evolved_bioisostere,COc1cc(CC(C)N)c(OC)cc1C#N,9 10 11 12,c1ccccc1,train,277.368,1.39698,0.8153244143409786,20,31
evolved_bioisostere_877,C=CCOc1cccc2c1CCC(=O)N2C(CCN1CCNCC1)c1cccc(Cl)c1,0,authentic,authentic,,,O=C1CCc2ccccc2N1C(CCN1CCNCC1)c1ccccc1,test,439.9870000000002,4.220600000000004,0.6252983396121611,31,48
evolved_bioisostere_2064,CC1Nc2cc(O)c(S(N)(=O)=O)cc2S(=O)(=O)N1C,1,evolved_bioisostere,evolved_bioisostere,CC1Nc2cc(Cl)c(S(N)(=O)=O)cc2S(=O)(=O)N1C,6,O=S1(=O)NCNc2ccccc21,train,307.353,-0.5683999999999998,0.6368766080499768,19,39
evolved_bioisostere_194,[2H]C1([2H])C2C3OC3C(C([2H])([2H])C1([2H])OC(=O)C(O)(c1cccs1)c1cccs1)[N+]2(C)C([2H])([2H])[2H],0,authentic,authentic,,,O=C(OC1CC2[NH2+]C(C1)C1OC21)C(c1cccs1)c1cccs1,train,400.57081422400006,2.3457,0.48623972109369246,26,94
evolved_bioisostere_2163,Cc1ccccc1N1CCN(Cc2cnn3ccccc23)CC1,1,evolved_bioisostere,evolved_bioisostere,c1ccc(N2CCN(Cc3cnn4ccccc34)CC2)cc1,0,c1ccc(N2CCN(Cc3cnn4ccccc34)CC2)cc1,train,306.4130000000001,2.964920000000001,0.7431892195295132,23,33
evolved_bioisostere_998,CCOC(=O)C(=O)Nc1nc(-c2cccc(O)c2)cs1,0,authentic,authentic,,,c1ccc(-c2cscn2)cc1,train,292.31600000000003,2.0172999999999996,0.6671067796403085,20,35
evolved_bioisostere_2028,CCc1c(C(C)(C)C(=O)O)n(C)c(=O)n1Cc1ccc(-c2ccccc2-c2nn[nH]n2)cc1,1,evolved_bioisostere,evolved_bioisostere,CCCc1c(C(=O)O)n(C(=O)CC)c(=O)n1Cc1ccc(-c2ccccc2-c2nn[nH]n2)cc1,5 6 7 8 9,O=c1[nH]ccn1Cc1ccc(-c2ccccc2-c2nn[nH]n2)cc1,train,446.5110000000001,3.006800000000001,0.4504662347127455,33,62
evolved_bioisostere_37,c1ccc2nc(COc3ccc(CCc4nnn[nH]4)cc3)ccc2c1,0,authentic,authentic,,,c1ccc2nc(COc3ccc(CCc4nnn[nH]4)cc3)ccc2c1,val,331.379,3.1121000000000008,0.5872984566134442,25,40
evolved_bioisostere_1746,COC(F)(F)C(=O)NCC1CN(C2=Nc3ccccc3Sc3ccccc32)CCN1C,1,evolved_bioisostere,evolved_bioisostere,O=C(NCC1CN(C2=Nc3ccccc3Sc3ccccc32)CCN1CCOCCO)C(F)(F)F,0 1,c1ccc2c(c1)N=C(N1CCNCC1)c1ccccc1S2,train,446.5230000000002,3.2009000000000016,0.7818896980262607,31,49
evolved_bioisostere_2157,OC[C@H](c1ccccc1)[C@H]1CCCCN1,1,evolved_bioisostere,evolved_bioisostere,COC[C@H](c1ccccc1)[C@H]1CCCCN1,,c1ccc(C[C@H]2CCCCN2)cc1,train,205.30099999999993,1.9045999999999998,0.7896858275919971,15,29
evolved_bioisostere_1943,C=Cc1ccc(-c2nnc3nc4ccccc4n3c2O)s1,1,evolved_bioisostere,evolved_bioisostere,Cc1ccc(-c2nnc3nc4ccccc4n3c2O)s1,0,c1csc(-c2cn3c(nn2)nc2ccccc23)c1,train,294.339,3.354600000000001,0.615516803480982,21,33
evolved_bioisostere_2063,COC(=O)C1=C(C)NC(C)=C(OC)C1c1c(F)cccc1Cl,1,evolved_bioisostere,evolved_bioisostere,COC(=O)C1=C(C)NC(C)=C(C(=O)OC)C1c1c(F)cccc1Cl,11 12,C1=CC(c2ccccc2)C=CN1,train,325.76700000000005,3.490800000000002,0.8641935668283615,22,40
evolved_bioisostere_590,CCN1CCCC[C@@H](NC(=O)c2cc(Cl)c(NC)cc2OC)C1,0,authentic,authentic,,,O=C(N[C@@H]1CCCCNC1)c1ccccc1,val,339.86700000000013,2.9945000000000013,0.8655600429097867,23,42
evolved_bioisostere_1391,CC(C)C[C@H](Cc1ccccc1)NC(=O)[C@H](CC(C)C)NC(=O)[C@@H]1CCCN1,1,evolved_bioisostere,evolved_bioisostere,CC(C)C[C@H](NC(=O)[C@@H]1CCCN1)C(=O)N[C@@H](Cc1ccccc1)C(=O)O,0 1 2,O=C(CNC(=O)[C@@H]1CCCN1)NCCc1ccccc1,train,387.5680000000002,3.0429000000000013,0.577864301234084,28,59
evolved_bioisostere_311,CN(C)CCCC1(c2ccccc2)OC(C)(C)c2ccccc21,0,authentic,authentic,,,c1ccc(C2OCc3ccccc32)cc1,train,309.45300000000003,4.5373000000000046,0.8039044221897389,23,37
evolved_bioisostere_51,COc1cc(N)c(Cl)cc1C(=O)[NH+]([O-])C1CC=NCC1,0,authentic,authentic,,,O=C([NH2+]C1CC=NCC1)c1ccccc1,test,297.7420000000001,0.6868999999999998,0.6339455135183915,20,42
evolved_bioisostere_357,CC[C@@H](NC(=O)c1ccc(Cl)s1)C(=O)Nc1ccc(N2CCOCC2=O)cc1,0,authentic,authentic,,,O=C(CNC(=O)c1cccs1)Nc1ccc(N2CCOCC2=O)cc1,train,421.90600000000023,2.9118000000000013,0.7502384873191089,28,53
evolved_bioisostere_1250,CNCc1ccc(C2CCCNC2)cc1OC,1,evolved_bioisostere,evolved_bioisostere,COc1ccc(C2CCCNC2)cc1OC,0 1 2,c1ccc(C2CCCNC2)cc1,train,234.34299999999993,1.8816,0.8343168001085468,17,23
evolved_bioisostere_426,CCOc1ccc(C(=O)NC2CCCN(C(=O)C(F)(F)F)C2)cc1,0,authentic,authentic,,,O=C(NC1CCCNC1)c1ccccc1,test,344.33299999999997,2.3684000000000003,0.9122822067332529,24,42
evolved_bioisostere_1168,CNC(=O)c1cn2c(SC)c(C)nc2c2c1CCC(c1ccccc1)C2,1,evolved_bioisostere,evolved_bioisostere,CNC(=O)c1cn2c(C)c(C)nc2c2c1CCC(c1ccccc1)C2,8 9,c1ccc(C2CCc3ccn4ccnc4c3C2)cc1,test,365.50200000000007,3.9967200000000034,0.7138789526741487,26,43
evolved_bioisostere_134,S=c1nc(NCCCN2CCN(c3cccc(Cl)c3)CC2)c2ccccc2[nH]1,0,authentic,authentic,,,S=c1nc(NCCCN2CCN(c3ccccc3)CC2)c2ccccc2[nH]1,val,413.9780000000002,4.569990000000003,0.4575433170979397,28,47
evolved_bioisostere_5,OCc1cc([C@@H](O)CNCCc2cccc(COCCc3ccccc3O)c2)ccc1O,0,authentic,authentic,,,c1ccc(CCNCCc2cccc(COCCc3ccccc3)c2)cc1,train,437.5360000000002,3.2151000000000027,0.27899563385544607,32,49
evolved_bioisostere_480,CN(C(Cc1ccc(F)cc1)c1ccc(F)cc1)n1cncn1,0,authentic,authentic,,,c1ccc(CC(Nn2cncn2)c2ccccc2)cc1,test,314.339,3.108100000000001,0.7254969322905549,23,37
evolved_bioisostere_154,Fc1ccc(OC(CC2CNC2)c2ccc(F)c(F)c2)cc1F,0,authentic,authentic,,,c1ccc(OC(CC2CNC2)c2ccccc2)cc1,train,325.305,3.9726000000000026,0.8399966496290574,23,37
evolved_bioisostere_247,CN[C@@H]1CC[C@@H](c2ccccc2OC)c2ccccc21,0,authentic,authentic,,,c1ccc([C@@H]2CCCc3ccccc32)cc1,val,267.372,3.881400000000003,0.9108593667265814,20,38
evolved_bioisostere_235,COc1cc(N)c(Cl)cc1C(=O)NC1CCNCC12CCC2C,0,authentic,authentic,,,O=C(NC1CCNCC12CCC2)c1ccccc1,test,337.85100000000017,2.4388000000000005,0.7403794221273149,23,37
evolved_bioisostere_474,COC(=O)N(C)[C@@H]1CCN2CCc3ccccc3[C@@H]2C1,0,authentic,authentic,,,c1ccc2c(c1)CCN1CCCC[C@@H]21,val,274.36400000000003,2.4464000000000006,0.7883250596681797,20,41
evolved_bioisostere_1563,CON1CCC(c2c[nH]c3ccccc23)C1,1,evolved_bioisostere,evolved_bioisostere,CN1CCC(c2c[nH]c3ccccc23)C1,0 1,c1ccc2c(C3CCNC3)c[nH]c2c1,train,216.284,2.5186,0.8351231083227117,16,27
evolved_bioisostere_1217,C[C@H](NC(=O)[C@@H](N)Cc1ccccc1)C(=O)N1CCC[C@@H]1C,1,evolved_bioisostere,evolved_bioisostere,C[C@H](NC(=O)[C@@H](N)Cc1ccccc1)C(=O)N1CCC[C@@H]1C(=O)O,,O=C(CCc1ccccc1)NCC(=O)N1CCCC1,train,303.4060000000001,1.072,0.8542165376594952,22,50
evolved_bioisostere_1261,CC(C)c1ccc2c(c1)CC[C@H]1[C@@H](COCC(=O)O)CCC[C@]21C,1,evolved_bioisostere,evolved_bioisostere,CC(C)c1ccc2c(c1)CC[C@H]1[C@@H](CO)CCC[C@]21C,15 16 17 18,c1ccc2c(c1)CC[C@H]1CCCCC21,train,330.4680000000001,4.531400000000003,0.8624596290118264,24,51
evolved_bioisostere_1697,Cc1nc2ccccc2n2c(C)nc(C(=O)O)c12,1,evolved_bioisostere,evolved_bioisostere,Cc1nc(C(=O)O)c2c(O)nc3ccccc3n12,0,c1ccc2c(c1)ncc1cncn12,train,241.24999999999994,2.1975399999999996,0.7087668471359204,18,31
evolved_bioisostere_1452,COc1ccc(F)c(C2C(C(=O)OC(C)C)=C(C)NC3=C2C(=O)OC3)c1C(F)(F)F,1,evolved_bioisostere,evolved_bioisostere,CC1=C(C(=O)OC(C)C)C(c2c(F)ccc(Cl)c2C(F)(F)F)C2=C(COC2=O)N1,0 1,O=C1OCC2=C1C(c1ccccc1)C=CN2,train,429.3660000000001,3.5764000000000022,0.5828392966145796,30,58
evolved_bioisostere_1033,N#Cc1cccc([C@H]2C[C@H](c3ccccc3F)Nc3ncnn32)c1,0,authentic,authentic,,,c1ccc([C@H]2C[C@H](c3ccccc3)Nc3ncnn32)cc1,train,319.343,3.435180000000001,0.7855838635780967,24,45
evolved_bioisostere_1523,CCCc1nc(OCC)c(O)n1Cc1ccc(-c2ccccc2C(=O)O)cc1,1,evolved_bioisostere,evolved_bioisostere,CCCc1nc(C(C)(O)CC)c(C(=O)O)n1Cc1ccc(-c2ccccc2C(=O)O)cc1,6 7 8 10,c1ccc(-c2ccc(Cn3ccnc3)cc2)cc1,train,380.4440000000001,4.353400000000003,0.6067144965488828,28,44
evolved_bioisostere_2117,[2H][C@@]1(c2ccc(Cl)c(Cc3ccc(OC)cc3)c2)O[C@H](CO)[C@@H](O)[C@H](O)[C@H]1C,1,evolved_bioisostere,evolved_bioisostere,[2H][C@@]1(c2ccc(Cl)c(Cc3ccc(OCC)cc3)c2)O[C@H](CO)[C@@H](O)[C@H](O)[C@H]1O,27,c1ccc(Cc2cccc(C3CCCCO3)c2)cc1,train,393.88510177800015,2.7295000000000016,0.7275295060837824,27,73
evolved_bioisostere_36,COc1cccc(C2=CCCCC2CN(C)C)c1.Cl,0,authentic,authentic,,,C1=C(c2ccccc2)CCCC1,train,281.82699999999994,3.862100000000003,0.8308423456030162,19,30
evolved_bioisostere_1123,O=C(OCl)c1cn2c(n1)c(CO)cc1ccccc12,1,evolved_bioisostere,evolved_bioisostere,O=C(O)c1cn2c(n1)c(CO)cc1ccccc12,3,c1ccc2c(c1)ccc1nccn12,train,276.67900000000003,2.2904,0.7799029131285237,19,33
evolved_bioisostere_1427,COc1ccc([C@@H]2[C@@H](CCO)C(=O)N2c2ccc(C(N)=O)cc2)cc1,1,evolved_bioisostere,evolved_bioisostere,COc1ccc([C@@H]2[C@@H](CC[C@H](O)c3ccc(F)cc3)C(=O)N2c2ccc(C(N)=O)cc2)cc1,10,O=C1[C@H](CCCc2ccccc2)[C@@H](c2ccccc2)N1c1ccccc1,train,340.3790000000001,1.8805999999999998,0.7853860876025116,25,53
evolved_bioisostere_798,C=C[C@@H]1CC2C3CCC(=O)C3(C)CCC2C2(C)CCC(=O)C=C12,0,authentic,authentic,,,O=C1C=C2CCC3C4CCC(=O)C4CCC3C2CC1,test,312.45300000000003,4.499500000000005,0.668075973274066,23,48
evolved_bioisostere_553,CCCNC1Cc2cccc3nc(O)n(c23)C1,0,authentic,authentic,,,c1cc2c3c(c1)ncn3CCC2,val,231.29899999999998,1.6662,0.8444265861363852,17,27
evolved_bioisostere_180,CCOC(=O)C(=O)Nc1nc(-c2ccc(O)cc2C)cs1,0,authentic,authentic,,,c1ccc(-c2cscn2)cc1,train,306.343,2.3257200000000005,0.6708734998089904,21,36
evolved_bioisostere_1846,CC(C)C[C@H](NC(=O)[C@@H]1CCCN1)C(=O)N[C@@H](Cc1ccccc1)c1ccccc1,1,evolved_bioisostere,evolved_bioisostere,CC(C)C[C@H](NC(=O)[C@@H]1CCCN1)C(=O)N[C@@H](Cc1ccccc1)C(=O)O,24 25 26 27 28 29,O=C(CNC(=O)[C@@H]1CCCN1)NCCc1ccccc1,train,407.55800000000005,3.369500000000002,0.5968917951593433,30,62
evolved_bioisostere_441,Cn1c(=O)c2c(nc3n(Cc4ccccc4)c(O)c(N)c(=O)n23)n(C)c1=O,0,authentic,authentic,,,O=c1[nH]c(=O)c2c(nc3n(Cc4ccccc4)ccc(=O)n23)[nH]1,train,368.3530000000002,-0.6173000000000002,0.48515257481147733,27,52
evolved_bioisostere_514,CCCCc1oc2ccccc2c1C(=O)c1ccccc1OCCC[N+](C)(C)C,0,authentic,authentic,,,O=C(c1ccccc1)c1coc2ccccc12,train,394.53500000000025,5.481500000000007,0.25956752901513463,29,45
evolved_bioisostere_2029,C=Cc1cc2c(Sc3nnc(N)s3)ncnc2s1,1,evolved_bioisostere,evolved_bioisostere,CCc1cc2c(Sc3nnc(N)s3)ncnc2s1,0,c1nc(Sc2nncs2)c2ccsc2n1,train,293.40200000000004,2.9192,0.7480910936777121,18,29
evolved_bioisostere_1057,O=c1cnn(-c2ccc(S(=O)(=O)N3CCOCC3)cc2)c(=O)[nH]1,0,authentic,authentic,,,O=c1cnn(-c2ccc(S(=O)(=O)N3CCOCC3)cc2)c(=O)[nH]1,train,338.345,-1.0582999999999987,0.7629983162277106,23,47
evolved_bioisostere_1479,COC(=O)[C@@H](c1cccc(C)c1)[C@@H]1CCCCN1,1,evolved_bioisostere,evolved_bioisostere,COC(=O)[C@@H](c1cccc(F)c1)[C@@H]1CCCCN1.Cl,10,c1ccc(C[C@@H]2CCCCN2)cc1,train,247.33799999999994,2.39372,0.8334849916235835,18,39
evolved_bioisostere_81,CCOC(=O)c1sc(-c2ccc(O)c(C(F)(F)F)c2)nc1C,0,authentic,authentic,,,c1ccc(-c2nccs2)cc1,train,331.31500000000005,4.0196200000000015,0.8631595064222529,22,40
evolved_bioisostere_761,COc1cc2c(CCNC(C)=O)c[nH]c2cc1Cl,0,authentic,authentic,,,c1ccc2[nH]ccc2c1,val,266.728,2.5084999999999997,0.893407933141286,18,31
evolved_bioisostere_782,CCC(C)(C)/N=c1\c(O)c(O)\c1=N/Cc1c(C)cc(Br)cc1C,0,authentic,authentic,,,N=c1cc/c1=N\Cc1ccccc1,test,379.298,3.5429400000000033,0.8535504465687315,23,46
evolved_bioisostere_1268,CCc1cc2ncnc(Nc3cccc(Br)c3)c2cc1OC(N)=O,1,evolved_bioisostere,evolved_bioisostere,CCOc1cc2ncnc(Nc3cccc(Br)c3)c2cc1OCC,0 1 22 23,c1ccc(Nc2ncnc3ccccc23)cc1,train,387.23700000000014,4.155800000000003,0.7018705610535674,24,38
evolved_bioisostere_1888,CC(CNS(C)(=O)=O)n1cc(C(=O)c2ccccc2F)c2ccccc21,1,evolved_bioisostere,evolved_bioisostere,CC(CN1CCOCC1)n1cc(C(=O)c2ccccc2F)c2ccccc21,3 4 5 6 7,O=C(c1ccccc1)c1cn(CCN2CCOCC2)c2ccccc12,train,374.43700000000007,3.1216000000000017,0.6742657675791403,26,45
evolved_bioisostere_959,CC1(C)C=C(C(=O)NCCCNCc2cccc(O)c2)C(C)(C)N1,0,authentic,authentic,,,O=C(NCCCNCc1ccccc1)C1=CCNC1,train,331.46000000000004,2.0749,0.5773034657198749,24,42
evolved_bioisostere_361,Cc1cc(C)c(C=C2C(=O)Nc3ccccc32)[nH]1,0,authentic,authentic,,,O=C1Nc2ccccc2C1=Cc1ccc[nH]1,train,238.29000000000002,3.1242400000000004,0.7365043879614916,18,35
evolved_bioisostere_1060,O[C@H]1[C@H](O)[C@H](O)CN(Cc2ccccc2)C[C@H]1O,0,authentic,authentic,,,c1ccc(CN2CCCCCC2)cc1,val,253.298,-1.0541999999999998,0.5401579127947097,18,44
evolved_bioisostere_2146,COCc1ccccc1OCC1=NCCN1,1,evolved_bioisostere,evolved_bioisostere,C=CCc1ccccc1OCC1=NCCN1,0 1,c1ccc(OCC2=NCCN2)cc1,train,220.27199999999993,1.2135,0.8108189533657074,16,21
evolved_bioisostere_204,COCCOc1ccc(CCNC(=O)c2cc(Cl)ccc2OC)cc1S(N)(=O)=O,0,authentic,authentic,,,O=C(NCCc1ccccc1)c1ccccc1,train,442.92100000000016,1.9937000000000005,0.5432691303871517,29,47
evolved_bioisostere_1082,Nc1cc2nc3ccccc3nc2cc1N,0,authentic,authentic,,,c1ccc2nc3ccccc3nc2c1,test,210.23999999999998,1.9473999999999998,0.43881967405074734,16,22
evolved_bioisostere_147,COc1cccc2c1C(CCCN1CCN(c3ccccn3)CC1)=CCC2,0,authentic,authentic,,,C1=C(CCCN2CCN(c3ccccn3)CC2)c2ccccc2CC1,val,363.5050000000001,4.022200000000003,0.7749317315994738,27,40
evolved_bioisostere_1976,CCOc1cc(C(C)(C)CCCN2CCC(O)(c3ccccc3)CC2)ccc1OC,1,evolved_bioisostere,evolved_bioisostere,COc1ccc(C(C#N)(CCCN2CCC(O)(c3ccccc3)CC2)C(C)C)cc1OC,0,c1ccc(CCCCN2CCC(c3ccccc3)CC2)cc1,train,411.5860000000001,5.135300000000005,0.6206732755453729,30,46
evolved_bioisostere_1760,COc1ccc(NC2=Nc3ccc(C(F)(F)F)cc3N3CCN=C23)cc1,1,evolved_bioisostere,evolved_bioisostere,FC(F)(F)c1ccc(NC2=Nc3ccc(Cl)cc3N3CCN=C23)cc1,0 1 13 14 15 16,c1ccc(NC2=Nc3ccccc3N3CCN=C23)cc1,train,360.3390000000001,4.088200000000002,0.8776743781960867,26,44
evolved_bioisostere_399,C.CC.FC(F)F.O=C1Nc2cc(CO)c(Cl)cc2C(C#CC2CC2)O1,0,authentic,authentic,,,O=C1Nc2ccccc2C(C#CC2CC2)O1,train,393.8330000000002,5.689700000000005,0.6024034298306257,26,46
evolved_bioisostere_509,O=C(NC[C@H](C(=O)Nc1ccc(N2CCOCC2=O)cc1)N(CC(F)F)CC1CCC1)c1ccc(Cl)s1,0,authentic,authentic,,,O=C(NC[C@@H](NCC1CCC1)C(=O)Nc1ccc(N2CCOCC2=O)cc1)c1cccs1,val,555.0470000000003,3.8690000000000024,0.4399938552413044,37,67
evolved_bioisostere_1890,OCC(c1ccccc1)[C@H]1CCCCN1,1,evolved_bioisostere,evolved_bioisostere,COC[C@H](c1ccccc1)[C@H]1CCCCN1,,c1ccc(C[C@H]2CCCCN2)cc1,train,205.30099999999993,1.9045999999999998,0.7896858275919971,15,25
evolved_bioisostere_554,CNC(=O)[C@@]1(Cc2ccccc2)C=C[C@@H](C)N1C(C)=O,0,authentic,authentic,,,C1=CC(Cc2ccccc2)NC1,val,272.348,1.5206999999999997,0.8481813865654022,20,44
evolved_bioisostere_1102,Cc1cc(C(F)(F)F)c2cc3c(cc2n1)NC(C)(C)CC3,1,evolved_bioisostere,evolved_bioisostere,CC1(C)CCc2cc3c(C(F)(F)F)cc(O)nc3cc2N1,0,c1cnc2cc3c(cc2c1)CCCN3,train,294.3200000000001,4.698720000000003,0.7615645376557002,21,39
evolved_bioisostere_659,CCN(CCN1CCC(c2noc3cc(F)ccc23)CC1)C(=O)C(C)(C)CO,0,authentic,authentic,,,c1ccc2c(C3CCNCC3)noc2c1,train,391.48700000000025,3.0133000000000014,0.7857210164478518,28,47
evolved_bioisostere_872,CCCCCCC(O)(c1ccc(OC)cc1)C(CN1CCOCC1)c1ccccc1.Cl,0,authentic,authentic,,,c1ccc(CC(CN2CCOCC2)c2ccccc2)cc1,test,448.0470000000002,5.391000000000006,0.46863857667047154,31,47
evolved_bioisostere_1832,CC(C)C(N)C(=O)OCN1CCN(C2=Nc3ccccc3Sc3ccccc32)CC1,1,evolved_bioisostere,evolved_bioisostere,CC(C)C(N)C(=O)OCCOCCN1CCN(C2=Nc3ccccc3Sc3ccccc32)CC1,0 1 2 3 4 5 6 7,c1ccc2c(c1)N=C(N1CCNCC1)c1ccccc1S2,train,424.57000000000016,3.331100000000003,0.7594384521815836,30,48
evolved_bioisostere_651,COc1ccc2c(c1)c(CC(=O)NOC(C)=O)c(C)n2C(=O)c1ccc(Cl)cc1,0,authentic,authentic,,,O=C(c1ccccc1)n1ccc2ccccc21,train,414.84500000000014,3.437020000000002,0.6607052678054789,29,53
evolved_bioisostere_63,Clc1ccc2c(N/N=C/c3ccc[nH]3)ccnc2c1,0,authentic,authentic,,,C(=N\Nc1ccnc2ccccc12)/c1ccc[nH]1,test,270.72300000000007,3.662300000000001,0.5636023391548994,19,34
evolved_bioisostere_1615,CCCN(CCO)CC(C(=O)Nc1ccccc1OC)N(CC)CCC,1,evolved_bioisostere,evolved_bioisostere,CCCN(CC)CC(C(=O)Nc1ccccc1OC)N(CC)CCC,6,c1ccccc1,train,365.51800000000026,2.4384999999999994,0.5620594691221305,26,37
evolved_bioisostere_1159,CC(C)(C)c1cc(C/C=C/c2cccs2)cc(CO)c1O,1,evolved_bioisostere,evolved_bioisostere,CC(C)(C)c1cc(C/C=C/c2cccs2)cc(C(C)(C)C)c1O,18,C(=C\c1cccs1)/Cc1ccccc1,train,302.439,4.499400000000005,0.8727281407208017,21,36
evolved_bioisostere_561,OC(Cn1cncn1)(Cn1cncn1)C(F)c1ccc(Cl)cc1,0,authentic,authentic,,,c1ccc(CC(Cn2cncn2)Cn2cncn2)cc1,val,336.75800000000004,1.6650999999999996,0.7401005300847091,23,38
evolved_bioisostere_1387,ClC1=Nc2cc(Cl)ccc2Nc2ccccc21,1,evolved_bioisostere,evolved_bioisostere,Clc1ccc2c(c1)N=C(N1CCN(C3=Nc4cc(Cl)ccc4Nc4ccccc43)CC1)c1ccccc1N2,0,c1ccc2c(c1)N=C(N1CCN(C3=Nc4ccccc4Nc4ccccc43)CC1)c1ccccc1N2,test,263.127,4.714100000000002,0.73056466258037,17,28
evolved_bioisostere_276,CCOc1ccccc1C(=O)NCCc1ccccc1,0,authentic,authentic,,,O=C(NCCc1ccccc1)c1ccccc1,train,269.34399999999994,3.057800000000001,0.8749459964252976,20,27
evolved_bioisostere_478,CC(C)(CCCOc1ccc(CCc2ccccc2)cc1)C(=O)O,0,authentic,authentic,,,c1ccc(CCc2ccccc2)cc1,train,326.43600000000004,4.741600000000004,0.6769394795839191,24,37
evolved_bioisostere_599,CC1(COc2ccc(CC3SC(=O)NC3=O)cc2)CCCCC1,0,authentic,authentic,,,O=C1NC(=O)C(Cc2ccc(OCC3CCCCC3)cc2)S1,val,333.4530000000002,3.9299000000000026,0.8868585940971975,23,37
evolved_bioisostere_538,CCC(=O)N(c1ccc(Cl)c(Cl)c1)C1CCCCCCC1N(C)C,0,authentic,authentic,,,c1ccc(NC2CCCCCCC2)cc1,train,371.35200000000026,5.389400000000006,0.7085376841133109,24,41
evolved_bioisostere_567,CC1(C(O)(Cc2ccc(F)cc2)Cn2cncn2)CC1(F)F,0,authentic,authentic,,,c1ccc(CC(Cn2cncn2)C2CC2)cc1,test,311.307,2.4363,0.9225211828197887,22,38
evolved_bioisostere_729,COC(=O)c1cccc(OCC(O)CNCCC2=CCCCC2)c1,0,authentic,authentic,,,C1=C(CCNCCCOc2ccccc2)CCCC1,train,333.4280000000001,2.6930000000000005,0.41308138551372836,24,36
evolved_bioisostere_581,COc1ccc(-n2nc(C(F)(F)F)c3c2C(=O)N(CCCCCC#N)CC3)cc1,0,authentic,authentic,,,O=C1NCCc2cnn(-c3ccccc3)c21,train,406.4080000000003,3.9819800000000027,0.6523492426352221,29,50
evolved_bioisostere_2113,COc1cc(C[C@@H]([NH3+])CC(=O)N2CCn3c(nnc3C(F)(F)F)C2)c(F)cc1F,1,evolved_bioisostere,evolved_bioisostere,O=P([O-])(O)O.[NH3+][C@@H](CC(=O)N1CCn2c(nnc2C(F)(F)F)C1)Cc1cc(F)c(F)cc1F,0 1,O=C(CCCc1ccccc1)N1CCn2cnnc2C1,train,420.3620000000001,1.1691999999999994,0.7360695765822604,29,60
evolved_bioisostere_112,Cn1cc(CN2CCN(C(=O)c3c[nH]c4ccccc34)CC2)ccc1=O,0,authentic,authentic,,,O=C(c1c[nH]c2ccccc12)N1CCN(Cc2ccc(=O)[nH]c2)CC1,val,350.4220000000002,1.8245999999999998,0.7838507570681977,26,45
evolved_bioisostere_1599,Nc1nc(O)c2ncn(CCCO)c2n1,1,evolved_bioisostere,evolved_bioisostere,Nc1nc(O)c2ncn(CCCCCP(=O)(O)O)c2n1,12,c1ncc2nc[nH]c2n1,train,209.20899999999995,-0.5035000000000001,0.6279618974402422,15,23
evolved_bioisostere_1116,COc1ccc([C@@H]2[C@@H](CC[C@H](O)c3cccc(C)c3)C(=O)N2c2ccc(C(N)=O)cc2)cc1,1,evolved_bioisostere,evolved_bioisostere,COc1ccc([C@@H]2[C@@H](CC[C@H](O)c3ccc(F)cc3)C(=O)N2c2ccc(C(N)=O)cc2)cc1,17,O=C1[C@H](CCCc2ccccc2)[C@@H](c2ccccc2)N1c1ccccc1,train,444.5310000000002,4.320420000000003,0.5062239563159454,33,71
evolved_bioisostere_1544,COC(=O)[C@H](c1ccc(OC)cc1)[C@@H]1CCCCN1,1,evolved_bioisostere,evolved_bioisostere,COC(=O)[C@H](c1ccc(Cl)cc1)[C@@H]1CCCCN1.Cl,9 10,c1ccc(C[C@@H]2CCCCN2)cc1,train,263.33699999999993,2.0939,0.8450577087012641,19,39
evolved_bioisostere_684,CC(CCCc1ccccn1)NC1c2ccccc2Oc2ccccc21,0,authentic,authentic,,,c1ccc(CCCCNC2c3ccccc3Oc3ccccc32)nc1,val,344.4580000000001,5.277700000000005,0.6606143794339447,26,36
evolved_bioisostere_1958,O=C(OC1CN2CCC1CC2)C(CO)(c1ccccc1)c1ccccc1,1,evolved_bioisostere,evolved_bioisostere,O=C(OC1CN2CCC1CC2)C(O)(c1ccccc1)c1ccccc1,12 13,O=C(OC1CN2CCC1CC2)C(c1ccccc1)c1ccccc1,train,351.446,2.6024000000000003,0.8415556148029781,26,41
evolved_bioisostere_494,CCc1cc(OC)c(OC)c(C(=O)NCC2CCCN2CC)c1OC,0,authentic,authentic,,,O=C(NCC1CCCN1)c1ccccc1,train,350.4590000000001,2.4889,0.7804882718952635,25,38
evolved_bioisostere_1981,CC(=O)OC[C@H]1CCC[C@]2(C)c3ccc(C(C)C)cc3CC[C@@H]12,1,evolved_bioisostere,evolved_bioisostere,CC(C)c1ccc2c(c1)CC[C@H]1[C@@H](CO)CCC[C@]21C,0 1 2,c1ccc2c(c1)CC[C@H]1CCCCC21,train,314.4690000000001,4.993300000000005,0.7344113299273536,23,50
evolved_bioisostere_1284,COc1cc2nc(C)nc(N[C@H](C)c3cc(C)cc(C(F)(F)OC)c3)c2cc1OC,1,evolved_bioisostere,evolved_bioisostere,COc1cc2nc(C)nc(N[C@H](C)c3cc(N)cc(C(F)(F)F)c3)c2cc1OC,16 22 23,c1ccc(CNc2ncnc3ccccc23)cc1,train,417.4560000000002,5.132640000000005,0.5747712926973257,30,54
evolved_bioisostere_248,CN1CCCN(c2nc3ccccc3n2CCOc2ccccc2)CC1,0,authentic,authentic,,,c1ccc(OCCn2c(N3CCCNCC3)nc3ccccc32)cc1,train,350.4660000000001,3.257200000000002,0.707225151316503,26,36
evolved_bioisostere_1824,CCC1CCC(NC2CCC(NC(=O)NS(=O)(=O)c3ccc(C(N)CC)cc3)CC2)CC1,1,evolved_bioisostere,evolved_bioisostere,CCC(N)c1ccc(S(=O)(=O)NC(=O)NC2CCC(C)CC2)cc1,0 1 2 3 4 5 6 30 31,O=C(NC1CCCCC1)NS(=O)(=O)c1ccccc1,train,464.6760000000004,3.9539000000000026,0.4651149276217017,32,55
evolved_bioisostere_1831,Cc1oc(-c2ccccc2)cc1C(=O)OCC(F)(F)F,1,evolved_bioisostere,evolved_bioisostere,Cc1oc(-c2ccccc2)cc1C(=O)O,15 16 17 18 19,c1ccc(-c2ccco2)cc1,train,284.23299999999995,3.974120000000002,0.8003755285232753,20,34
evolved_bioisostere_859,CC(=O)OC1CCCCC1N1CCC(c2ccccc2)CC1,0,authentic,authentic,,,c1ccc(C2CCN(C3CCCCC3)CC2)cc1,train,301.43000000000006,3.740300000000003,0.796559295812461,22,33
evolved_bioisostere_1685,OCCc1cn2c(n1)c(CO)cc1ccccc12,1,evolved_bioisostere,evolved_bioisostere,O=C(O)c1cn2c(n1)c(CO)cc1ccccc12,0 1,c1ccc2c(c1)ccc1nccn12,train,242.27800000000002,1.5146,0.7316995422226057,18,28
evolved_bioisostere_733,CN(C)[C@@H]1CCC[C@H](c2cccc(OC(F)F)c2)C1,0,authentic,authentic,,,c1ccc(C2CCCCC2)cc1,train,269.33500000000004,3.8758000000000035,0.8222475834459798,19,40
evolved_bioisostere_532,Nc1nc(O)c2c(S(=O)(=O)c3ccc4ccccc4c3)cccc2n1,0,authentic,authentic,,,O=S(=O)(c1ccc2ccccc2c1)c1cccc2ncncc12,val,351.38700000000006,2.903600000000001,0.5750231457606867,25,43
evolved_bioisostere_458,CCC(=O)O/N=C1/CC2(CCN(C)CC2)OC1C,0,authentic,authentic,,,N=C1COC2(CCNCC2)C1,train,254.32999999999996,1.5688,0.5542033572706139,18,32
evolved_bioisostere_415,CS(=O)(=O)O.N#Cc1ccc(C(c2ccc(C#N)cc2)n2cncn2)cc1,0,authentic,authentic,,,c1ccc(C(c2ccccc2)n2cncn2)cc1,train,381.41700000000003,2.1631600000000004,0.6872859155880797,27,48
evolved_bioisostere_2056,O=C(O)C(Cn1cncn1)(Cn1ccnn1)c1ccc(F)cc1F,1,evolved_bioisostere,evolved_bioisostere,OC(Cn1cncn1)(Cn1ccnn1)c1ccc(F)cc1F,0 1 2,c1ccc(C(Cn2cncn2)Cn2ccnn2)cc1,train,334.28600000000006,0.8705999999999992,0.7180940183420872,24,39
evolved_bioisostere_510,O=C(NCC1CCN(S(=O)(=O)CCc2ccccc2)CC1)c1cnccn1,0,authentic,authentic,,,O=C(NCC1CCN(S(=O)(=O)CCc2ccccc2)CC1)c1cnccn1,test,388.4930000000001,1.4908999999999994,0.7758133501273522,27,44
evolved_bioisostere_1507,CC1=CN(C(=O)NCCc2ccc(S(N)(=O)=O)cc2)C(=O)C1N,1,evolved_bioisostere,evolved_bioisostere,CCC1C(=O)N(C(=O)NCCc2ccc(S(N)(=O)=O)cc2)C=C1C,22,O=C1CC=CN1C(=O)NCCc1ccccc1,train,338.38900000000007,-0.34059999999999907,0.6898316417480059,23,44
evolved_bioisostere_463,O=C(N[C@@H](CO)C(=O)O)c1ccccc1Br,0,authentic,authentic,,,c1ccccc1,train,288.097,0.6243999999999998,0.7579065233611739,16,32
evolved_bioisostere_1738,CC1=C(C)C(c2c(F)ccc(Cl)c2C(F)(F)F)C2=C(COC2=O)N1,1,evolved_bioisostere,evolved_bioisostere,CC1=C(C(=O)OC(C)C)C(c2c(F)ccc(Cl)c2C(F)(F)F)C2=C(COC2=O)N1,,O=C1OCC2=C1C(c1ccccc1)C=CN2,train,361.7220000000001,4.289500000000001,0.5987943110651192,24,48
evolved_bioisostere_1128,O=c1c2c(nc3ccccn32)n(CCO)c(=O)n1Cc1ccccc1,1,evolved_bioisostere,evolved_bioisostere,C=CCn1c(=O)c2c(nc3ccccn32)n(Cc2ccccc2)c1=O,0 14,O=c1[nH]c(=O)n(Cc2ccccc2)c2nc3ccccn3c12,train,336.35100000000006,0.8514999999999995,0.5990136060635635,25,41
evolved_bioisostere_1079,O=C(NCCNCC(O)COc1ccccc1[N+](=O)[O-])Nc1ccccc1,0,authentic,authentic,,,O=C(NCCNCCCOc1ccccc1)Nc1ccccc1,train,374.3970000000001,1.7457999999999998,0.28512577245720966,27,45
evolved_bioisostere_1850,COc1cccc(Oc2ccccc2NC(C)=O)c1,1,evolved_bioisostere,evolved_bioisostere,CCCC(=O)Nc1ccccc1Oc1cccc(OC)c1,,c1ccc(Oc2ccccc2)cc1,train,257.289,3.4459000000000017,0.9121669572069366,19,28
evolved_bioisostere_1274,COc1c(-c2ccc(C)cc2)nc2c3ccccc3ccn12,1,evolved_bioisostere,evolved_bioisostere,CC(=O)c1c(-c2ccc(C)cc2)nc2c3ccccc3ccn12,0 1,c1ccc(-c2cn3ccc4ccccc4c3n2)cc1,train,288.35,4.4715200000000035,0.5437352076105708,22,35
evolved_bioisostere_1950,CCC(C(=O)Nc1ccc2nc(N)nc(N)c2c1Cl)c1ccccc1,1,evolved_bioisostere,evolved_bioisostere,CC(C(=O)Nc1ccc2nc(N)nc(N)c2c1Cl)c1ccccc1,0,O=C(Cc1ccccc1)Nc1ccc2ncncc2c1,train,355.829,3.5799000000000003,0.6626400619501736,25,41
evolved_bioisostere_593,CNc1nc(C(C)C)nnc1-c1ccc(Cl)cc1,0,authentic,authentic,,,c1ccc(-c2cncnn2)cc1,train,262.74399999999997,3.3571000000000017,0.9215677886338597,18,30
evolved_bioisostere_619,O=C(O)C(=O)O.[2H][13C]([2H])([2H])NCCCC1(c2ccc(F)cc2)OCc2cc(C#N)ccc21,0,authentic,authentic,,,c1ccc(C2OCc3ccccc32)cc1,train,404.4166601740001,2.62638,0.39802558370814534,29,69
evolved_bioisostere_228,C[N+]1(CCCOc2ccc3c(c2)NC(=O)CC3)CCC(c2ccccc2)CC1.[Cl-],0,authentic,authentic,,,O=C1CCc2ccc(OCCC[NH+]3CCC(c4ccccc4)CC3)cc2N1,val,414.9770000000001,1.3684000000000007,0.5723926947316225,29,54
evolved_bioisostere_410,Cc1ccc(C(=O)c2ccc3n2CCCC3C(=O)O)cc1,0,authentic,authentic,,,O=C(c1ccccc1)c1ccc2n1CCCC2,train,283.32699999999994,2.9895200000000006,0.8808881964838968,21,35
evolved_bioisostere_577,CCCCN1C(=O)NC(c2ccccc2)(c2ccccc2)C1=O,0,authentic,authentic,,,O=C1NC(=O)C(c2ccccc2)(c2ccccc2)N1,train,308.3810000000001,3.2821000000000016,0.8617844024730409,23,37
evolved_bioisostere_704,CCCn1c(=O)n(C)c(=O)c2[nH]c(-c3ccccc3)nc21,0,authentic,authentic,,,O=c1[nH]c(=O)c2[nH]c(-c3ccccc3)nc2[nH]1,val,284.319,1.5002999999999997,0.7918494427054673,21,41
evolved_bioisostere_1205,COc1cc(Cl)ccc1NC1=NC[C@H](CCN)N1,1,evolved_bioisostere,evolved_bioisostere,NCC[C@H]1CN=C(Nc2ccc(Cl)cc2Cl)N1,0 1,c1ccc(NC2=NCCN2)cc1,train,268.74799999999993,1.4370999999999994,0.7726973066018509,18,32
evolved_bioisostere_181,Fc1ccc([C@H]2CCN(CCCc3ccccc3)C[C@@H]2COc2ccc3c(c2)OCO3)cc1,0,authentic,authentic,,,c1ccc(CCCN2CC[C@H](c3ccccc3)[C@@H](COc3ccc4c(c3)OCO4)C2)cc1,val,447.55000000000024,5.671700000000006,0.44511482972902333,33,58
evolved_bioisostere_1839,c1ccc(COc2ccc(OCCc3ccccn3)cc2)cc1,1,evolved_bioisostere,evolved_bioisostere,c1ccc(COc2ccc(CNCCc3ccccn3)cc2)cc1,10 11 12 13 14 15 16 17 18,c1ccc(COc2ccc(CNCCc3ccccn3)cc2)cc1,train,305.37699999999995,4.282100000000003,0.652572337829495,23,33
evolved_bioisostere_1350,O=C1c2ccc(OCc3ccccn3)cc2CCC1N1CCC(c2ccccc2)CC1,1,evolved_bioisostere,evolved_bioisostere,O=C1c2ccc(OCc3ccccn3)cc2CCC1CCN1CCC(c2ccccc2)CC1,19 20 21 22 23 24 25 26 27 28 29 30,O=C1c2ccc(OCc3ccccn3)cc2CCC1CCN1CCC(c2ccccc2)CC1,train,412.53300000000024,5.0377000000000045,0.5889431095642879,31,46
evolved_bioisostere_1609,O=c1oc(Nc2ccccc2Oc2ccccc2O)nc2ccccc12,1,evolved_bioisostere,evolved_bioisostere,O=c1oc(Nc2ccccc2OC(F)(F)F)nc2ccccc12,12 13 14 15 16 17 18,O=c1oc(Nc2ccccc2)nc2ccccc12,train,346.34200000000004,4.429500000000002,0.5685563660651021,26,37
evolved_bioisostere_1826,Cc1cc2c(cc1S([15NH2])(=O)=O)S(=O)(=O)[15N]=[13CH]N2,1,evolved_bioisostere,evolved_bioisostere,[15NH2]S(=O)(=O)c1cc2c(cc1Cl)N[13CH]=[15N]S2(=O)=O,0,O=S1(=O)[15N]=[13CH]Nc2ccccc21,train,278.28957263999996,-0.21508000000000033,0.5436835932170807,17,51
evolved_bioisostere_1879,OCc1ccc(-c2ccccc2)c(F)c1,1,evolved_bioisostere,evolved_bioisostere,O=C(O)Cc1ccc(-c2ccccc2)c(F)c1,0,c1ccc(-c2ccccc2)cc1,train,202.22799999999998,2.985000000000001,0.7932839477801938,15,24
evolved_bioisostere_341,COc1ccc(C(Cc2ccccc2Cl)n2ccnc2)cc1,0,authentic,authentic,,,c1ccc(CC(c2ccccc2)n2ccnc2)cc1,train,312.8,4.377200000000003,0.6989185158588227,22,33
evolved_bioisostere_221,CCN1CCCC1CNC(=O)c1cc(OCC(F)(F)F)ccc1OCC(F)(F)F,0,authentic,authentic,,,O=C(NCC1CCCN1)c1ccccc1,train,428.37300000000005,3.7829000000000024,0.6407258142291624,29,46
evolved_bioisostere_1728,O=C1N(Cc2ccc(-c3ccccc3-c3nn[nH]n3)cc2)C(c2ccccc2F)=NC12CCCC2,1,evolved_bioisostere,evolved_bioisostere,O=C1N(Cc2ccc(-c3ccccc3-c3nn[nH]n3)cc2)C(CCCCF)=NC12CCCC2,22 23 24 25 26 27 28,O=C1N(Cc2ccc(-c3ccccc3-c3nn[nH]n3)cc2)C=NC12CCCC2,train,466.5200000000003,4.774600000000004,0.4588328208204235,35,60
evolved_bioisostere_1611,CC(C)c1ccc2c(c1)CC[C@H]1[C@@H](O)CCC[C@]21C,1,evolved_bioisostere,evolved_bioisostere,CC(C)c1ccc2c(c1)CC[C@H]1[C@@H](CO)CCC[C@]21C,13,c1ccc2c(c1)CC[C@H]1CCCCC21,train,258.4049999999999,4.174900000000004,0.8010870063482569,19,43
evolved_bioisostere_600,CCOC(=O)c1ccc(-n2ncc3cc(C)c(C(=O)OCC)c(C)c3c2=O)cc1,0,authentic,authentic,,,O=c1c2ccccc2cnn1-c1ccccc1,train,394.4270000000002,3.355940000000002,0.6168855343812651,29,51
evolved_bioisostere_328,CN(C)CCC[C@]1(c2ccc(F)cc2)OCc2ccccc21,0,authentic,authentic,,,c1ccc(C2OCc3ccccc32)cc1,train,299.389,3.9413000000000036,0.8288842481375454,22,37
evolved_bioisostere_2072,Cc1cccn2cc(-c3ccc(O)cc3)nc12,1,evolved_bioisostere,evolved_bioisostere,Cc1cccn2cc(-c3ccc(F)cc3)nc12,12,c1ccc(-c2cn3ccccc3n2)cc1,train,224.26300000000003,3.015320000000001,0.6895256678083806,17,28
evolved_bioisostere_431,CCC[C@@](C)(O)[C@H]1C[C@@]23CC[C@]1(OC)[C@@H]1Oc4c(O)ccc5c4[C@@]12CCN(CC1CC1)[C@@H]3C5,0,authentic,authentic,,,c1cc2c3c(c1)O[C@H]1C4CCC5(CC4)[C@@H](C2)N(CC2CC2)CC[C@]315,train,453.6230000000003,4.167800000000003,0.6770676144675702,33,86
evolved_bioisostere_696,C1CCNCC1.N=c1cc(N2CCCCC2)nc(N)n1O,0,authentic,authentic,,,C1CCNCC1.N=c1cc(N2CCCCC2)nc[nH]1,val,294.40299999999996,0.9322700000000008,0.5770339357940081,21,33
evolved_bioisostere_1913,CNc1ncnc2c1ncn2Cc1ccc(Cl)cc1,1,evolved_bioisostere,evolved_bioisostere,CN(C)c1ncnc2c1ncn2Cc1ccc(Cl)cc1,,c1ccc(Cn2cnc3cncnc32)cc1,train,273.727,2.569700000000001,0.7968228205084763,19,28
evolved_bioisostere_533,N#Cc1ccc(-c2ccc(OCCCN3CCCC3)cc2)cc1,0,authentic,authentic,,,c1ccc(-c2ccc(OCCCN3CCCC3)cc2)cc1,train,306.4089999999999,4.089980000000003,0.7541882451159414,23,35
evolved_bioisostere_227,O=c1oc2ncccc2n1CCCN1CCN(c2ccc(F)cc2)CC1,0,authentic,authentic,,,O=c1oc2ncccc2n1CCCN1CCN(c2ccccc2)CC1,test,356.401,2.3409000000000004,0.7023730773065704,26,39
evolved_bioisostere_1200,CCCN(CCC)CC(C(=O)Nc1ccccc1CC)N(CC)CCC,1,evolved_bioisostere,evolved_bioisostere,CCCN(CC)CC(C(=O)Nc1ccccc1OC)N(CC)CCC,6 18 19,c1ccccc1,train,361.57400000000024,4.410000000000004,0.5651445748108873,26,37
evolved_bioisostere_826,O=C1CCc2c(OCC3CCN(c4ccc(Cl)cc4Cl)CC3O)ccc(F)c2N1,0,authentic,authentic,,,O=C1CCc2c(cccc2OCC2CCN(c3ccccc3)CC2)N1,train,439.3140000000001,4.283400000000003,0.7468169883404966,29,48
evolved_bioisostere_902,CCCCCN1CCC([C@H]2CC[C@H](F)C2)C(COc2ccc3c(c2)OCO3)C1.Cl,0,authentic,authentic,,,c1cc2c(cc1OCC1CNCCC1C1CCCC1)OCO2,test,427.9880000000002,5.482400000000007,0.5136130590096638,29,55
evolved_bioisostere_598,Cc1ccccc1NC(=O)c1c(O)c2cccnc2n(-c2ccccc2)c1=O,0,authentic,authentic,,,O=C(Nc1ccccc1)c1cc2cccnc2n(-c2ccccc2)c1=O,val,371.3960000000001,3.652020000000002,0.5756881438452288,28,45
evolved_bioisostere_132,COc1cc(O)c2c(=O)oc3c(c2c1)C(C)(O)CC3=O,0,authentic,authentic,,,O=C1CCc2c1oc(=O)c1ccccc21,val,276.24399999999997,1.3011,0.8144848406460861,20,38
evolved_bioisostere_300,CCCCCCC(O)(Cn1cncn1)c1cccc(F)c1,0,authentic,authentic,,,c1ccc(CCn2cncn2)cc1,train,291.37,3.275400000000002,0.7593742167580145,21,31
evolved_bioisostere_1134,CC(=O)Nc1ccc2[nH]cc(C[C@H]3CCCN3C)c2c1,1,evolved_bioisostere,evolved_bioisostere,CN1CCC[C@@H]1Cc1c[nH]c2ccc(NS(=O)(=O)c3ccccc3F)cc12,0 1 2,O=S(=O)(Nc1ccc2[nH]cc(C[C@H]3CCCN3)c2c1)c1ccccc1,train,271.364,2.763000000000001,0.9014854934060375,20,38
evolved_bioisostere_627,O=C(CSC(c1ccccc1)c1ccccc1)NO,0,authentic,authentic,,,c1ccc(Cc2ccccc2)cc1,train,273.357,3.0146000000000006,0.6500974634933504,19,28
evolved_bioisostere_403,O=C(c1ccc(F)cc1)C(O)(Cn1ccnc1)c1ccc(Cl)cc1Cl,0,authentic,authentic,,,O=C(c1ccccc1)C(Cn1ccnc1)c1ccccc1,train,379.2180000000001,4.099700000000002,0.6795164332110076,25,44
evolved_bioisostere_996,CN1CCN(CCCP(=O)(O)O)CC1C(=O)O,0,authentic,authentic,,,C1CNCCN1,val,266.234,-0.7451999999999999,0.5629306518712945,17,29
evolved_bioisostere_1852,CC(C)(CCC1CCc2cc(OCc3ccccn3)ccc2C1=O)C(=O)O,1,evolved_bioisostere,evolved_bioisostere,O=C1c2ccc(OCc3ccccn3)cc2CCC1CCN1CCC(c2ccccc2)CC1,0 1 2 24 25 26,O=C1c2ccc(OCc3ccccn3)cc2CCC1CCN1CCC(c2ccccc2)CC1,train,367.4450000000001,4.296700000000002,0.7895683500845099,27,43
evolved_bioisostere_387,c1ccc2c(CCNCc3c[nH]c4ccccc34)c[nH]c2c1,0,authentic,authentic,,,c1ccc2c(CCNCc3c[nH]c4ccccc34)c[nH]c2c1,test,289.38200000000006,3.9815000000000014,0.47798475441253657,22,38
evolved_bioisostere_1967,CCC1=C(c2ccc(-c3ccccc3-c3nn[nH]n3)cc2)C(=O)N2C(=NC(=O)C2COC)N1C,1,evolved_bioisostere,evolved_bioisostere,CCCCC1=C(c2ccc(-c3ccccc3-c3nn[nH]n3)cc2)C(=O)N2C(=NC(=O)C2CC)N1C,30 31,O=C1CN2C(=O)C(c3ccc(-c4ccccc4-c4nn[nH]n4)cc3)=CNC2=N1,train,457.49400000000026,2.34,0.6037939932961693,34,63
evolved_bioisostere_1396,COCCc1cc(OC2CCC(NC(=O)Nc3ccc(OC(F)(F)F)cc3)CC2)ccn1,1,evolved_bioisostere,evolved_bioisostere,CNC(=O)c1cc(OC2CCC(NC(=O)Nc3ccc(OC(F)(F)F)cc3)CC2)ccn1,0 1 2,O=C(Nc1ccccc1)NC1CCC(Oc2ccncc2)CC1,train,453.4610000000001,4.680800000000003,0.6066469776294859,32,51
evolved_bioisostere_1549,COC(=O)Nc1nc2cc(C(=O)Nc3cccc(C(C)=O)n3)ccc2[nH]1,1,evolved_bioisostere,evolved_bioisostere,COC(=O)Nc1nc2cc(C(=O)Nc3cccc(C)n3)ccc2[nH]1,19 20,O=C(Nc1ccccn1)c1ccc2[nH]cnc2c1,train,353.3380000000001,2.5911,0.6189463696285511,26,48
evolved_bioisostere_62,O=S(=O)(c1ccccc1)c1cccc(OCCNc2ccncc2)c1,0,authentic,authentic,,,O=S(=O)(c1ccccc1)c1cccc(OCCNc2ccncc2)c1,val,354.431,3.405300000000002,0.6587089827058922,25,39
evolved_bioisostere_71,CC(=O)OCC(=CC[C@H]1C(=O)N(c2ccc(F)cc2)[C@@H]1c1ccc(O)cc1)c1ccc(F)cc1,0,authentic,authentic,,,O=C1[C@H](CC=Cc2ccccc2)[C@@H](c2ccccc2)N1c1ccccc1,test,463.48000000000013,5.411300000000005,0.37583351566949136,34,68
evolved_bioisostere_52,COc1ccc(NS(=O)(=O)CSc2nc3ncccc3[nH]2)cc1OC,0,authentic,authentic,,,O=S(=O)(CSc1nc2ncccc2[nH]1)Nc1ccccc1,train,380.4510000000001,2.4666000000000006,0.6064891373734482,25,42
evolved_bioisostere_236,CC(CC(=O)O)Cc1nc2ccccc2n1Cc1ccc(Cl)cc1,0,authentic,authentic,,,c1ccc(Cn2cnc3ccccc32)cc1,train,342.826,4.391300000000004,0.722347377282917,24,38
evolved_bioisostere_1655,COc1cc2c(cc1OC)[C@@H](c1ccccc1)CN(CCO)CC2,1,evolved_bioisostere,evolved_bioisostere,COc1cc2c(cc1OC)[C@@H](c1ccccc1)CN(C)CC2,20 21,c1ccc([C@H]2CNCCc3ccccc32)cc1,train,327.42400000000015,2.6861000000000006,0.9167317266987156,24,41
evolved_bioisostere_536,Cc1c(NC(=O)CN(C)C)c[nH]c1/C=C1\C(=O)Nc2ccc(F)cc21,0,authentic,authentic,,,O=C1Nc2ccccc2/C1=C/c1ccc[nH]1,train,342.3740000000001,2.45502,0.7471402402652562,25,49
evolved_bioisostere_1386,Cc1ccc(Oc2ccccc2-c2ccc(OCC3CC3C(=O)O)cc2)cn1,1,evolved_bioisostere,evolved_bioisostere,Cc1ccc(Oc2ccc(F)c(-c3ccc(OCC4CC4C(=O)O)cc3)c2)cn1,0 1 2 3 4 5 26 27,c1cncc(Oc2cccc(-c3ccc(OCC4CC4)cc3)c2)c1,train,375.4240000000001,4.948820000000004,0.6327842251489305,28,44
evolved_bioisostere_1898,Cc1oc(-c2ccccc2)cc1O,1,evolved_bioisostere,evolved_bioisostere,Cc1oc(-c2ccccc2)cc1C(=O)O,12,c1ccc(-c2ccco2)cc1,train,174.19899999999998,2.960620000000001,0.7205584870464977,13,20
evolved_bioisostere_1678,CCN(CC)CC(COc1ccccc1OC)C(O)(c1ccccc1)c1ccccc1,1,evolved_bioisostere,evolved_bioisostere,CCN(CC)CC(COc1ccccc1)C(O)(c1ccccc1)c1ccccc1.Cl,15 16,c1ccc(OCCC(c2ccccc2)c2ccccc2)cc1,train,419.5650000000001,4.968100000000005,0.47656440687842366,31,45
evolved_bioisostere_1905,CCN1C[C@@H](c2ccc3c(c2)OCO3)[C@H](C(=O)O)[C@H]1c1ccc(OC)cc1,1,evolved_bioisostere,evolved_bioisostere,CCCS(=O)(=O)CCN1C[C@@H](c2ccc3c(c2)OCO3)[C@H](C(=O)O)[C@H]1c1ccc(OC)cc1,,c1ccc([C@@H]2C[C@H](c3ccc4c(c3)OCO4)CN2)cc1,train,369.4170000000001,3.2851000000000017,0.8723387467212007,27,59
evolved_bioisostere_15,COc1cccc([C@]2(O)CCCC[C@H]2C[NH+](C)C)c1,0,authentic,authentic,,,c1ccc(C2CCCCC2)cc1,train,264.3889999999999,1.2174999999999996,0.8571738261279054,19,40
evolved_bioisostere_1945,Clc1cccc(CN(C2=NCCN2)c2c(Cl)cccc2Cl)c1,1,evolved_bioisostere,evolved_bioisostere,Cl.Fc1cccc(CN(C2=NCCN2)c2c(Cl)cccc2Cl)c1,0,c1ccc(CN(C2=NCCN2)c2ccccc2)cc1,train,354.668,4.612600000000002,0.8711700998149158,22,38
evolved_bioisostere_2165,COC1N=C(c2ccccc2Cl)c2cc(Cl)ccc2NC1=O,1,evolved_bioisostere,evolved_bioisostere,O=C1Nc2ccc(Cl)cc2C(c2ccccc2Cl)=NC1F,0 1,O=C1CN=C(c2ccccc2)c2ccccc2N1,train,335.19000000000005,3.7554000000000016,0.9085684807349289,22,36
evolved_bioisostere_153,COc1ccc(-n2nc(C(F)(F)F)c3c2C(=O)N(CC(=O)N2CCN(C)CC2)CC3)cc1,0,authentic,authentic,,,O=C(CN1CCc2cnn(-c3ccccc3)c2C1=O)N1CCNCC1,train,451.44900000000035,1.672,0.7075808885973826,32,59
evolved_bioisostere_1149,CCOCC(C)c1ccc2c(c1)C(O)Cc1ccccc1O2,1,evolved_bioisostere,evolved_bioisostere,CC(C(=O)O)c1ccc2c(c1)C(O)Cc1ccccc1O2,0 1,c1ccc2c(c1)CCc1ccccc1O2,train,298.382,4.208400000000003,0.9187001299671715,22,34
evolved_bioisostere_262,O=C(c1ccc(C(F)(F)F)cc1)c1ccc2n1CCC2C(=O)O,0,authentic,authentic,,,O=C(c1ccccc1)c1ccc2n1CCC2,train,323.2700000000001,3.309800000000002,0.8817320941679405,23,41
evolved_bioisostere_997,O=C(NCC1CN(c2ccc(N3CCOCC3=O)c(C(F)(F)F)c2)C(=O)O1)c1ccc(Cl)s1,0,authentic,authentic,,,O=C(NCC1CN(c2ccc(N3CCOCC3=O)cc2)C(=O)O1)c1cccs1,train,503.8860000000001,3.538700000000002,0.6741110732719199,33,61
evolved_bioisostere_182,CC(C(N)=O)N1C(=O)NC2(CCCc3ccccc32)C1=O,0,authentic,authentic,,,O=C1NC(=O)C2(CCCc3ccccc32)N1,train,287.319,0.6437999999999995,0.7818935607724088,21,38
evolved_bioisostere_1272,CC1CCC2C3CCc4cc(O)ccc4C3CCC12C,1,evolved_bioisostere,evolved_bioisostere,CC12CCC3c4ccc(O)cc4CCC3C1CCC2O,0,c1ccc2c(c1)CCC1C2CCC2CCCC21,train,270.416,4.884400000000005,0.7117391184564439,20,30
evolved_bioisostere_2126,Cc1cc2ncnc(Nc3ccc(OCc4ccccc4)cc3)c2cc1C,1,evolved_bioisostere,evolved_bioisostere,COc1cc2ncnc(Nc3ccc(OCc4ccccc4)cc3)c2cc1OC,0 26,c1ccc(COc2ccc(Nc3ncnc4ccccc34)cc2)cc1,train,355.4410000000001,5.569240000000004,0.5083195548965052,27,39
evolved_bioisostere_1143,Cc1cc2c(Nc3nnc(C)s3)ncnc2s1,1,evolved_bioisostere,evolved_bioisostere,CCc1cc2c(Nc3nnc(C)s3)ncnc2s1,,c1nc(Nc2nncs2)c2ccsc2n1,train,263.351,2.9032400000000003,0.7698491423707555,17,27
evolved_bioisostere_908,CC(C)NC(=O)c1ccc(-c2ccc(OCCCN3CCOCC3)cc2)cc1,0,authentic,authentic,,,c1ccc(-c2ccc(OCCCN3CCOCC3)cc2)cc1,train,382.50400000000013,3.592900000000003,0.7090970323581502,28,44
evolved_bioisostere_110,COc1ccc([C@H]2[C@H](CCCc3ccccc3)C(=O)N2c2ccccc2)cc1,0,authentic,authentic,,,O=C1[C@@H](CCCc2ccccc2)[C@H](c2ccccc2)N1c1ccccc1,train,371.48,5.422200000000005,0.5189223551894969,28,51
evolved_bioisostere_20,OC(Cn1cncn1)c1ccc(C(F)(F)F)cc1,0,authentic,authentic,,,c1ccc(CCn2cncn2)cc1,train,257.215,2.0305,0.9148663940720121,18,30
evolved_bioisostere_621,[2H]C([2H])(OCCN1CCN(C(c2ccccc2)c2ccc(Cl)cc2)CC1)C(=O)O,0,authentic,authentic,,,c1ccc(C(c2ccccc2)N2CCNCC2)cc1,train,390.90720355600024,3.148200000000001,0.7499804788464595,27,55
evolved_bioisostere_873,CCC(O)(Cn1cncn1)C(=O)c1ccc(Cl)cc1Cl,0,authentic,authentic,,,O=C(CCn1cncn1)c1ccccc1,test,314.172,2.608900000000001,0.8615012694539247,20,35
evolved_bioisostere_1334,CCC(CCN(C(C)C)C(C)C)(C(N)=O)c1ccccc1,1,evolved_bioisostere,evolved_bioisostere,CC(C)N(CCC(CCN(C(C)C)C(C)C)(C(N)=O)c1ccccc1)C(C)C,,c1ccccc1,train,290.45099999999996,3.3286000000000016,0.7979819781026267,21,36
evolved_bioisostere_1965,OC[C@H]1O[C@@H](c2ccc(Cl)c(Cc3ccc(COC4CC4)cc3)c2)[C@H](O)[C@@H](O)[C@@H]1O,1,evolved_bioisostere,evolved_bioisostere,OC[C@H]1O[C@@H](c2ccc(Cl)c(Cc3ccc(OCCOC4CC4)cc3)c2)[C@H](O)[C@@H](O)[C@@H]1O,16 17 18 19 20,c1cc(Cc2ccc(OCCOC3CC3)cc2)cc([C@H]2CCCCO2)c1,test,434.9160000000001,2.1247000000000003,0.5324939553270887,30,74
evolved_bioisostere_1505,COc1cc2nc(C)nc(N[C@H](C)c3cc(O)cc(C(F)(F)OC)c3)c2cc1OC,1,evolved_bioisostere,evolved_bioisostere,COc1cc2nc(C)nc(N[C@H](C)c3cc(N)cc(C(F)(F)F)c3)c2cc1OC,16 22 23,c1ccc(CNc2ncnc3ccccc23)cc1,train,419.4280000000002,4.5298200000000035,0.5819044923857742,30,54
evolved_bioisostere_362,C[C@@H]1C[C@H](C)CC(C[NH3+])(CC(=O)O)C1.[Cl-],0,authentic,authentic,,,C1CCCCC1,train,235.755,-1.8504999999999971,0.60342459093269,15,45
evolved_bioisostere_968,CC(=O)Nc1ccc(C2=CCCn3c2cnc3C)cc1,0,authentic,authentic,,,C1=C(c2ccccc2)c2cncn2CC1,train,267.33199999999994,2.9853200000000015,0.908890696485499,20,32
evolved_bioisostere_2111,CC(=O)N1CCC(=C2c3ccc(Cl)cc3CCc3cc(CO)cnc32)CC1,1,evolved_bioisostere,evolved_bioisostere,COc1cnc2c(c1)CCc1cc(Cl)ccc1C2=C1CCN(C(C)=O)CC1,20 21,c1ccc2c(c1)CCc1cccnc1C2=C1CCNCC1,train,382.8910000000002,3.770100000000002,0.816343394469809,27,46
evolved_bioisostere_1572,NCc1cccc2c1C1CCN(CCc3ccccc3)[C@@H]1CC2,1,evolved_bioisostere,evolved_bioisostere,COc1cccc2c1C1CCN(CCc3ccccc3)[C@@H]1CC2,0 1,c1ccc(CCN2CCC3c4ccccc4CC[C@H]32)cc1,train,306.45300000000003,3.4921000000000024,0.9366446211858103,23,38
evolved_bioisostere_487,O=C1N[C@@H]2CCCC[C@H]2N1C1CCN(CC2CCCCCCC2)CC1,0,authentic,authentic,,,O=C1N[C@@H]2CCCC[C@H]2N1C1CCN(CC2CCCCCCC2)CC1,test,347.54700000000025,4.147700000000003,0.8323620621478509,25,45
evolved_bioisostere_106,N#CC=C(c1ccc(C#N)cc1)n1cncn1,0,authentic,authentic,,,C=C(c1ccccc1)n1cncn1,test,221.223,1.5625599999999995,0.7207068246607786,17,28
evolved_bioisostere_2150,COc1ccc(C2CNC(=O)C2)cc1O,1,evolved_bioisostere,evolved_bioisostere,COc1ccc(C2CNC(=O)C2)cc1OC,,O=C1CC(c2ccccc2)CN1,train,207.22899999999998,1.0042999999999997,0.7603420977725681,15,24
evolved_bioisostere_734,N=C(N)c1ncn([C@@H]2O[C@H](CO)[C@@H](O)[C@H]2O)n1,0,authentic,authentic,,,c1ncn([C@H]2CCCO2)n1,train,243.223,-2.826329999999999,0.2833778096220414,17,48
evolved_bioisostere_2093,COc1ccc([C@@](C#N)(CCCN(C)CCc2ccccc2)C(C)C)cc1O,1,evolved_bioisostere,evolved_bioisostere,COc1ccc([C@@](C#N)(CCCN(C)CCc2ccc(OC)c(OC)c2)C(C)C)cc1O,,c1ccc(CCCCNCCc2ccccc2)cc1,train,380.53200000000004,4.772880000000006,0.6447822895914584,28,47
evolved_bioisostere_570,CC(C)n1c(CCP(=O)(O)C[C@@H](O)CC(=O)O)c(-c2ccc(F)cc2)c2ccccc21,0,authentic,authentic,,,c1ccc(-c2c[nH]c3ccccc23)cc1,train,447.4430000000001,4.676800000000004,0.413915943969854,31,61
evolved_bioisostere_1208,Cc1cc(C)n(CC(=O)NCc2ccc(N)nc2C)c(=O)c1C,1,evolved_bioisostere,evolved_bioisostere,Cc1nc(N)ccc1CNC(=O)Cn1c(C)cc2c(c1=O)NC(=O)CC2,0 22,O=C(Cn1ccc2c(c1=O)NC(=O)CC2)NCc1cccnc1,train,314.3890000000001,1.3755799999999998,0.8917541503550919,23,39
evolved_bioisostere_719,COC(C)c1ccc2oc3ccc(C(=O)O)cc3c(=O)c2c1,0,authentic,authentic,,,O=c1c2ccccc2oc2ccccc12,train,298.29400000000004,3.3518000000000017,0.7502557193576421,22,38
evolved_bioisostere_861,O=C(c1ccccc1)c1cccc(OCC(O)CN2CCCCC2)c1,0,authentic,authentic,,,O=C(c1ccccc1)c1cccc(OCCCN2CCCCC2)c1,val,339.4350000000002,3.143200000000001,0.7875202416030751,25,38
evolved_bioisostere_1199,COC(=O)C1=C(C)NC(C)=C(C(=O)OC)C1c1c(F)cccc1OC,1,evolved_bioisostere,evolved_bioisostere,COC(=O)C1=C(C)NC(C)=C(C(=O)OC)C1c1c(F)cccc1Cl,23 24,C1=CC(c2ccccc2)C=CN1,train,349.35800000000006,2.4151000000000007,0.8417933518214626,25,45
evolved_bioisostere_1995,[2H][C@@]1(c2ccc(Cl)c(Cc3ccc(CO)cc3)c2)O[C@H](CO)[C@@H](O)[C@H](O)[C@H]1O,1,evolved_bioisostere,evolved_bioisostere,[2H][C@@]1(c2ccc(Cl)c(Cc3ccc(OCC)cc3)c2)O[C@H](CO)[C@@H](O)[C@H](O)[C@H]1O,13 14,c1ccc(Cc2cccc(C3CCCCO3)c2)cc1,train,395.85710177800013,0.9380000000000006,0.5150651968227529,27,73
evolved_bioisostere_683,C[N+]1(C)[C@@H]2CC(OC(=O)C(O)(c3cccs3)c3cccs3)C[C@H]1[C@@H]1O[C@@H]12.[Br-],0,authentic,authentic,,,O=C(OC1C[C@@H]2[NH2+][C@H](C1)[C@H]1O[C@H]12)C(c1cccs1)c1cccs1,train,472.4260000000001,-0.6502999999999985,0.365319752480884,27,75
evolved_bioisostere_1556,CCCC(=O)Nc1ccccc1Oc1cccc(O)c1,1,evolved_bioisostere,evolved_bioisostere,CCCC(=O)Nc1ccccc1Oc1cccc(OC)c1,,c1ccc(Oc2ccccc2)cc1,train,271.316,3.9231000000000025,0.8660173728116712,20,29
evolved_bioisostere_792,COc1c(C)cnc(CSc2nc3cc(OC(F)F)c(OC(F)F)cc3[nH]2)c1OC,0,authentic,authentic,,,c1ccc(CSc2nc3ccccc3[nH]2)nc1,train,447.4100000000001,4.778620000000003,0.37366801297180474,30,51
evolved_bioisostere_1939,COc1ccc([C@@H]2[C@@H](CC[C@H](O)c3cccc(OC)c3)C(=O)N2c2ccc(C(N)=O)cc2)cc1,1,evolved_bioisostere,evolved_bioisostere,COc1ccc([C@@H]2[C@@H](CC[C@H](O)c3ccc(F)cc3)C(=O)N2c2ccc(C(N)=O)cc2)cc1,17 18,O=C1[C@H](CCCc2ccccc2)[C@@H](c2ccccc2)N1c1ccccc1,train,460.5300000000002,4.020600000000003,0.4697678800059626,34,72
evolved_bioisostere_1756,CCOc1cccc(C2(O)CCCCC2OC)c1,1,evolved_bioisostere,evolved_bioisostere,CCOc1cccc(C2(O)CCCCC2CN(C)C)c1,15 16,c1ccc(C2CCCCC2)cc1,train,250.33799999999994,2.861900000000001,0.8926904528834132,18,26
evolved_bioisostere_1623,CCc1cc(-c2c(F)cc3c(=O)c(-c4ccccc4)cn(C4CC4)c3c2F)cc(O)n1,1,evolved_bioisostere,evolved_bioisostere,Cc1cc(-c2c(F)cc3c(=O)c(-c4ccccc4)cn(C4CC4)c3c2F)cc(C)n1,0 29,O=c1c(-c2ccccc2)cn(C2CC2)c2cc(-c3ccncc3)ccc12,train,418.44300000000015,5.611600000000005,0.4685840055641615,31,56
evolved_bioisostere_2053,N#Cc1ccc2c(c1)CO[C@@]2(CCCN)c1ccc(F)cc1,1,evolved_bioisostere,evolved_bioisostere,CN(C)CCC[C@@]1(c2ccc(F)cc2)OCc2cc(C#N)ccc21,,c1ccc(C2OCc3ccccc32)cc1,train,296.34499999999997,3.2100800000000014,0.9421342055973712,22,39
evolved_bioisostere_887,CNS(=O)(=O)c1ccc(CCCNC(=O)c2cc(Cl)ccc2OC)cc1,0,authentic,authentic,,,O=C(NCCCc1ccccc1)c1ccccc1,train,396.8960000000001,2.6193,0.6715686036393362,26,44
evolved_bioisostere_2130,CC(=O)O[C@H]1C(=O)N(CC(=O)O)c2ccccc2S[C@H]1c1ccc(C)cc1,1,evolved_bioisostere,evolved_bioisostere,COc1ccc([C@@H]2Sc3ccccc3N(CC(=O)O)C(=O)[C@@H]2OC(C)=O)cc1,24,O=C1C[C@H](c2ccccc2)Sc2ccccc2N1,train,385.4410000000001,3.191320000000001,0.8140262374786869,27,54
evolved_bioisostere_2128,O=c1c2cc(-c3nn[nH]n3)cn2c2ccccc2n1Cl,1,evolved_bioisostere,evolved_bioisostere,CCn1c(=O)c2cc(-c3nn[nH]n3)cn2c2ccccc21,19,O=c1[nH]c2ccccc2n2cc(-c3nn[nH]n3)cc12,train,286.682,1.4361999999999997,0.5739150107075243,20,36
evolved_bioisostere_843,O=C(c1cn(Cc2ccccc2)nn1)N1CCC(NS(=O)(=O)c2ccccc2)CC1,0,authentic,authentic,,,O=C(c1cn(Cc2ccccc2)nn1)N1CCC(NS(=O)(=O)c2ccccc2)CC1,train,425.5140000000002,1.9094999999999998,0.6507053896449665,30,51
evolved_bioisostere_1570,Cc1ccc(Oc2ccc(F)c(-c3ccc(F)cc3)c2)cn1,1,evolved_bioisostere,evolved_bioisostere,Cc1ccc(Oc2ccc(F)c(-c3ccc(OCC4CC4C(=O)O)cc3)c2)cn1,16,c1cncc(Oc2cccc(-c3ccc(OCC4CC4)cc3)c2)c1,train,297.304,5.127520000000003,0.6684907119077466,22,37
evolved_bioisostere_404,Fc1ccc(/C=N\Nc2nncc3ccccc23)cc1,0,authentic,authentic,,,C(=N/Nc1nncc2ccccc12)/c1ccccc1,test,266.279,3.214900000000001,0.5846635708165422,20,31
evolved_bioisostere_1688,OC[C@H]1S[C@@H](c2ccc(Cl)c(Cc3ccccc3)c2)[C@H](O)[C@@H](O)[C@@H]1O,1,evolved_bioisostere,evolved_bioisostere,COc1ccc(Cc2cc([C@@H]3S[C@H](CO)[C@@H](O)[C@H](O)[C@H]3O)ccc2Cl)cc1,,c1ccc(Cc2cccc([C@H]3CCCCS3)c2)cc1,train,380.89300000000003,2.1623000000000006,0.653269359163722,25,65
evolved_bioisostere_1955,COc1ncnc2c1ncn2Cc1ccc(O)cc1,1,evolved_bioisostere,evolved_bioisostere,CN(C)c1ncnc2c1ncn2Cc1ccc(O)cc1,0 1,c1ccc(Cn2cnc3cncnc32)cc1,train,256.265,1.5887999999999998,0.769952707991718,19,27
evolved_bioisostere_1853,CCOC(=O)c1cn(NC)c2cc(N3CCN(C)CC3)c(OC)cc2c1=O,1,evolved_bioisostere,evolved_bioisostere,CCOC(=O)c1cn(NC)c2cc(N3CCN(C)CC3)c(F)cc2c1=O.CS(=O)(=O)O,21 22,O=c1cc[nH]c2cc(N3CCNCC3)ccc12,train,374.4410000000002,1.1118999999999994,0.7859679802126247,27,45
evolved_bioisostere_457,O=C(O)c1cc(NS(=O)(=O)O)c(Cl)cc1NCc1ccco1,0,authentic,authentic,,,c1ccc(NCc2ccco2)cc1,train,346.74800000000005,2.458,0.5910261160000785,22,40
evolved_bioisostere_1351,Cc1cc(-c2c(F)cc3c(=O)c(Cc4c[nH]cn4)cn(CC#N)c3c2F)cc(C)n1,1,evolved_bioisostere,evolved_bioisostere,Cc1cc(-c2c(F)cc3c(=O)c(Cc4c[nH]cn4)cn(C4CC4)c3c2F)cc(C)n1,20 21 22,O=c1c(Cc2c[nH]cn2)cn(C2CC2)c2cc(-c3ccncc3)ccc12,train,405.4080000000002,3.7960200000000013,0.559526435346278,30,56
evolved_bioisostere_66,CN(C)c1nc2ccnc(-c3cccc(C(F)(F)F)c3)n2n1,0,authentic,authentic,,,c1ccc(-c2nccc3ncnn23)cc1,train,307.279,2.876100000000001,0.730169122115532,22,39
evolved_bioisostere_339,Fc1ccc(-c2nc3n(c2-c2ccc(F)cc2)CCS3)cc1,0,authentic,authentic,,,c1ccc(-c2nc3n(c2-c2ccccc2)CCS3)cc1,test,314.36,4.601000000000003,0.6877180171187647,22,38
evolved_bioisostere_1263,COC(=O)[C@H](c1ccc([C@@H]2CCCCN2)cc1)[C@@H]1CCCCN1,1,evolved_bioisostere,evolved_bioisostere,COC(=O)[C@H](c1ccc(Cl)cc1)[C@@H]1CCCCN1.Cl,9 10 11 12 13 14,c1ccc(C[C@@H]2CCCCN2)cc1,train,316.4450000000001,2.8999000000000006,0.838762050814616,23,50
evolved_bioisostere_1499,CCNCC1CCN(c2c(F)cc3c(=O)c(O)cn(CC(F)(F)F)c3c2F)C1,1,evolved_bioisostere,evolved_bioisostere,CCNCC1CCN(c2c(F)cc3c(=O)c(C(=O)O)cn(CC(F)(F)F)c3c2F)C1,16,O=c1cc[nH]c2cc(N3CCCC3)ccc12,train,405.3670000000001,2.9834000000000014,0.7514673427444887,28,49
evolved_bioisostere_732,NC(=O)N1CCN(C2=Nc3ccc(Cl)cc3CC=C2c2ccccc2)CC1,0,authentic,authentic,,,C1=C(c2ccccc2)C(N2CCNCC2)=Nc2ccccc2C1,train,380.8790000000002,3.706000000000002,0.8193329357164725,27,45
evolved_bioisostere_2116,O=C(O)CC1CCN(c2c(F)cc3c(=O)c(F)cn(CC(F)(F)F)c3c2F)C1,1,evolved_bioisostere,evolved_bioisostere,CCNCC1CCN(c2c(F)cc3c(=O)c(C(=O)O)cn(CC(F)(F)F)c3c2F)C1,0 1 2 16,O=c1cc[nH]c2cc(N3CCCC3)ccc12,train,408.2980000000001,3.2821000000000025,0.7893035363118729,28,52
evolved_bioisostere_1861,COc1ccc(NC(C)=O)cc1C(=O)NCCc1ccc(-c2ccc(C)cc2)c(S(N)(=O)=O)c1,1,evolved_bioisostere,evolved_bioisostere,COc1ccc(Cl)cc1C(=O)NCCc1ccc(-c2ccc(F)cc2)c(S(N)(=O)=O)c1,6 7 8 9 25,O=C(NCCc1ccc(-c2ccccc2)cc1)c1ccccc1,train,481.5740000000002,3.248920000000001,0.45507833109409396,34,61
evolved_bioisostere_1964,O=C(O)C1=CCN(NC(=O)c2ccccc2)CC1,1,evolved_bioisostere,evolved_bioisostere,O=C(NN1CC=C(CCCO)CC1)c1ccccc1,0 2,O=C(NN1CC=CCC1)c1ccccc1,train,246.266,1.0480999999999998,0.8359595861879212,18,31
evolved_bioisostere_2132,Cc1ccccc1N1CCC(C(=O)N2N=CCC2c2ccccc2)CC1,1,evolved_bioisostere,evolved_bioisostere,O=C(C1CCN(c2ccccc2)CC1)N1N=CCC1c1ccccc1,0,O=C(C1CCN(c2ccccc2)CC1)N1N=CCC1c1ccccc1,train,347.4620000000001,4.1708200000000035,0.8352728465603141,26,40
evolved_bioisostere_1239,Nc1nc2c(ncn2COCC(=O)O)c(=O)[nH]1,1,evolved_bioisostere,evolved_bioisostere,Nc1nc2c(ncn2COCCOP(=O)(O)OP(=O)(O)O)c(=O)[nH]1,12,O=c1[nH]cnc2[nH]cnc12,train,239.19099999999997,-1.2395000000000003,0.6064691642005865,17,32
evolved_bioisostere_258,Cc1ccccc1C(=O)n1c(=O)[nH]cc(F)c1=O,0,authentic,authentic,,,O=C(c1ccccc1)n1c(=O)cc[nH]c1=O,train,248.21299999999997,0.67262,0.8058859838744128,18,34
evolved_bioisostere_48,CC(CO)Cc1cc(C(=O)c2ccccc2)ccc1OC(=O)C(C)(C)C,0,authentic,authentic,,,O=C(c1ccccc1)c1ccccc1,train,354.4460000000002,4.040000000000004,0.48301072487048136,26,44
evolved_bioisostere_297,C=Cc1ccc(Cn2ncnc2Cl)cc1,0,authentic,authentic,,,c1ccc(Cn2cncn2)cc1,train,219.67500000000004,2.6228000000000007,0.7947231006530996,15,23
evolved_bioisostere_43,CC(C)Oc1ccccc1OCC1=NCCN1,0,authentic,authentic,,,c1ccc(OCC2=NCCN2)cc1,train,234.29899999999995,1.8542999999999998,0.8451959088380631,17,24
evolved_bioisostere_920,Cn1c2c(c(=O)c3ccccc31)CC(C(C)(C)O)O2,0,authentic,authentic,,,O=c1c2c([nH]c3ccccc13)OCC2,test,259.30499999999995,1.6128999999999996,0.8462313925339523,19,36
evolved_bioisostere_1253,CCN1CCC[C@H]1CNC(=O)c1cc(S(N)(=O)=O)ccc1CCOC,1,evolved_bioisostere,evolved_bioisostere,CCN1CCC[C@H]1CNC(=O)c1cc(S(N)(=O)=O)ccc1OC,21 22 23 24,O=C(NC[C@@H]1CCCN1)c1ccccc1,train,369.4870000000002,0.7370000000000014,0.7035717337141547,25,44
evolved_bioisostere_484,O=C1CCc2ccc(OCCCN3CCC(c4ccc(F)cc4)CC3)cc2N1,0,authentic,authentic,,,O=C1CCc2ccc(OCCCN3CCC(c4ccccc4)CC3)cc2N1,train,382.47900000000004,4.358900000000004,0.7550698659515515,28,43
evolved_bioisostere_1590,COC(=O)Cc1cnc(-c2ccc(OC)c(F)c2)c(-c2ccc(CCC(=O)O)cc2)c1,1,evolved_bioisostere,evolved_bioisostere,COCCCc1cnc(-c2ccc(OC)c(F)c2)c(-c2ccc(CCC(=O)O)cc2)c1,0 1 3,c1ccc(-c2cccnc2-c2ccccc2)cc1,train,423.4400000000002,4.296000000000003,0.5440591104435011,31,55
evolved_bioisostere_2012,COC(=O)C1=C(C)NC(OC)=C(OC)C1c1c(F)cccc1Cl,1,evolved_bioisostere,evolved_bioisostere,COC(=O)C1=C(C)NC(C)=C(C(=O)OC)C1c1c(F)cccc1Cl,9 10 12 13,C1=CC(c2ccccc2)C=CN1,train,341.76599999999996,3.0748000000000015,0.8528926551661579,23,41
evolved_bioisostere_266,CC1OC2=C(c3cc(C#N)ccc3OC2(C)C)n2cccc21,0,authentic,authentic,,,c1ccc2c(c1)OCC1=C2n2cccc2CO1,train,292.33799999999997,3.8388800000000023,0.7408854570558179,22,38
evolved_bioisostere_519,CCN1c2ncccc2C(=O)N(C)c2cc(C)cnc21,0,authentic,authentic,,,O=C1Nc2cccnc2Nc2ncccc21,val,268.32,2.5330200000000005,0.7971504803501455,20,33
evolved_bioisostere_22,O=C(/C=C/c1cccc(OCC(O)CN2CCCCC2)c1)c1ccccc1,0,authentic,authentic,,,O=C(/C=C/c1cccc(OCCCN2CCCCC2)c1)c1ccccc1,test,365.47300000000007,3.8083000000000036,0.5708758089354075,27,43
evolved_bioisostere_1047,CCN(CC)CC(O)COc1ccccc1C(=O)CCc1ccccc1,0,authentic,authentic,,,O=C(CCc1ccccc1)c1ccccc1,train,355.4780000000001,3.5836000000000023,0.6260512006407906,26,37
evolved_bioisostere_938,CC1(C)Oc2cc([N+](=O)[O-])c(N)c(N3CCCC3)c2C[C@@H]1O,0,authentic,authentic,,,c1cc2c(c(N3CCCC3)c1)CCCO2,test,307.35,1.8516,0.4909685179516232,22,50
evolved_bioisostere_364,CC(C)CC1NC(=O)C(Cc2ccccc2)NC1=O,0,authentic,authentic,,,O=C1CNC(=O)C(Cc2ccccc2)N1,val,260.337,1.2583999999999995,0.855940368503931,19,31
evolved_bioisostere_1380,CCC(CCc1ccccc1)NC(C)C(=O)N1[C@@H](C(=O)O)C[C@@H]2CCCC[C@@H]21,1,evolved_bioisostere,evolved_bioisostere,CCOC(=O)C(CCc1ccccc1)NC(C)C(=O)N1[C@@H](C(=O)O)C[C@@H]2CCCC[C@@H]21.Cl,0,O=C(CNCCCc1ccccc1)N1CC[C@@H]2CCCC[C@@H]21,train,386.5360000000003,3.6202000000000023,0.7158992740457416,28,61
evolved_bioisostere_537,C=CCOc1cccc(-c2nc(-c3ccccc3C)n[nH]2)c1,0,authentic,authentic,,,c1ccc(-c2n[nH]c(-c3ccccc3)n2)cc1,train,291.354,4.011920000000003,0.7224848993130031,22,38
evolved_bioisostere_251,CCN1CCN(CCC(=O)Nc2c(C)[nH]c(/C=C3\C(=O)Nc4ccc(F)cc43)c2C)CC1,0,authentic,authentic,,,O=C(CCN1CCNCC1)Nc1c[nH]c(/C=C2\C(=O)Nc3ccccc32)c1,test,439.53500000000025,3.229440000000001,0.6040352694558455,32,60
evolved_bioisostere_726,Cc1nc(-c2cccc(C(F)(F)F)c2)sc1COc1ccc(C=CC(=O)O)cc1,0,authentic,authentic,,,c1ccc(OCc2cnc(-c3ccccc3)s2)cc1,val,419.4240000000001,5.8141200000000035,0.5121231520846431,29,50
evolved_bioisostere_1998,CCCC(=O)c1cccc(N2CCN(CCC3CCC(NC(C)=O)CC3)CC2)c1,1,evolved_bioisostere,evolved_bioisostere,CC(=O)NC1CCC(CCN2CCN(c3cccc(C(F)(F)F)c3)CC2)CC1,0 1 2 4,c1ccc(N2CCN(CCC3CCCCC3)CC2)cc1,train,399.5790000000002,3.876400000000003,0.6742949505357648,29,47
evolved_bioisostere_1331,Cc1nc(Cl)c(O)n1Cc1ccc(-c2ccccc2-c2cn[nH]n2)cc1,1,evolved_bioisostere,evolved_bioisostere,CCCCc1nc(Cl)c(C(=O)O)n1Cc1ccc(-c2ccccc2-c2cn[nH]n2)cc1,6,c1ccc(-c2cn[nH]n2)c(-c2ccc(Cn3ccnc3)cc2)c1,train,365.824,4.050920000000002,0.5714068617023703,26,46
evolved_bioisostere_520,CCCCc1oc2ccccc2c1C(=O)c1ccc(OCCN)cc1.O=C(O)C(=O)O,0,authentic,authentic,,,O=C(c1ccccc1)c1coc2ccccc12,train,427.4530000000002,3.4995000000000003,0.3664502554763142,31,49
evolved_bioisostere_787,CCN(CC)CCOc1ccc2c(c1)C(CC)(CC)c1oc3ccccc3c1C2=O,0,authentic,authentic,,,O=C1c2ccccc2Cc2oc3ccccc3c21,val,405.5380000000002,5.803900000000007,0.47465984381390036,30,47
evolved_bioisostere_1966,Cc1nc2ccccc2n1Cc1ccc(-c2ccccc2-c2nn[nH]n2)cc1,1,evolved_bioisostere,evolved_bioisostere,CCCCc1nc2ccccc2n1Cc1ccc(-c2ccccc2-c2nn[nH]n2)cc1,,c1ccc(-c2nn[nH]n2)c(-c2ccc(Cn3cnc4ccccc43)cc2)c1,train,366.428,4.240120000000003,0.516290945071333,28,45
evolved_bioisostere_1774,COC(=O)c1cn2c(n1)CCc1ccccc1-2,1,evolved_bioisostere,evolved_bioisostere,O=C(O)c1cn2c(n1)CCc1ccccc1-2,0,c1ccc2c(c1)CCc1nccn1-2,train,228.251,1.7575,0.6984261545926813,17,29
evolved_bioisostere_1294,CC(=O)NCCc1c2n(c3ccc(CO)cc13)Cc1ccccc1-2,1,evolved_bioisostere,evolved_bioisostere,CC(=O)NCCc1c2n(c3ccc(Cl)cc13)Cc1ccccc1-2,13 14,c1ccc2c(c1)Cn1c-2cc2ccccc21,train,320.39200000000005,2.8409000000000013,0.6073812877772173,24,40
evolved_bioisostere_192,Clc1ncc(O[C@@H]2CCNC2)cc1-c1ccncc1,0,authentic,authentic,,,c1cc(-c2cncc(O[C@@H]3CCNC3)c2)ccn1,val,275.739,2.537700000000001,0.8747506170346714,19,34
evolved_bioisostere_1742,CCN1CCC[C@H]1CNC(=O)c1cc(S(N)(=O)=O)ccc1CF,1,evolved_bioisostere,evolved_bioisostere,CCN1CCC[C@H]1CNC(=O)c1cc(S(N)(=O)=O)ccc1OC,21 22,O=C(NC[C@@H]1CCCN1)c1ccccc1,train,343.4240000000001,1.0176000000000007,0.8064022011888511,23,42
evolved_bioisostere_2025,Oc1ccc(-c2ccc(N3CCN(Cc4cnn5ccccc45)CC3)cc2)cc1,1,evolved_bioisostere,evolved_bioisostere,Clc1ccc(N2CCN(Cc3cnn4ccccc34)CC2)cc1,0 1 2 3 4 27 28,c1ccc(N2CCN(Cc3cnn4ccccc34)CC2)cc1,train,384.4830000000001,4.029100000000003,0.5769927332504825,29,46
evolved_bioisostere_1279,NC1=Nc2cc(F)ccc2N(CCO)c2ccc(Cl)cc21,1,evolved_bioisostere,evolved_bioisostere,NC1=Nc2cc(F)ccc2N(CC(F)F)c2ccc(Cl)cc21,13,C1=Nc2ccccc2Nc2ccccc21,train,305.73999999999995,2.959900000000001,0.8964449381296569,21,35
evolved_bioisostere_871,CCOC(=O)Nc1cc2c(c(N)n1)N=C(c1cccc(OC)c1)CN2,0,authentic,authentic,,,c1ccc(C2=Nc3cnccc3NC2)cc1,train,341.3710000000001,2.7871000000000006,0.7884059086804,25,43
evolved_bioisostere_1982,Cc1cc(O)cc2occ(-c3cccc(Cl)c3)c(=O)c12,1,evolved_bioisostere,evolved_bioisostere,O=c1c(-c2cccc(Cl)c2)coc2cc(O)cc(O)c12,0,O=c1c(-c2ccccc2)coc2ccccc12,train,286.71400000000006,4.127420000000002,0.7316464812474096,20,37
evolved_bioisostere_1937,CN1CCN(CC(O)(CCO)c2ccc(F)cc2F)CC1,1,evolved_bioisostere,evolved_bioisostere,CN1CCN(CC(O)(Cn2cncn2)c2ccc(F)cc2F)CC1,9 10,c1ccc(C(CN2CCNCC2)Cn2cncn2)cc1,train,300.34900000000005,0.7821999999999997,0.8436400712198376,21,33
evolved_bioisostere_1086,CC1(O)N=C(N)N=C(N)N1c1ccc(OCc2ccc(Cl)c(Cl)c2)cc1,1,evolved_bioisostere,evolved_bioisostere,CC1(C)N=C(N)N=C(N)N1c1ccc(OCc2ccc(Cl)c(Cl)c2)cc1,2,C1=NC=NCN1c1ccc(OCc2ccccc2)cc1,train,394.26200000000006,2.687800000000001,0.7388573696886224,26,48
evolved_bioisostere_325,CC1(C)C2CC=C(/C=N/Nc3nncc4ccccc34)C1C2,0,authentic,authentic,,,C1=C(/C=N/Nc2nncc3ccccc23)C2CC(C1)C2,val,292.3860000000001,4.0199000000000025,0.6863644167728409,22,38
evolved_bioisostere_1860,Oc1cccc(OCc2ccc3ccccc3n2)c1,1,evolved_bioisostere,evolved_bioisostere,CCCCCC(O)c1cccc(OCc2ccc3ccccc3n2)c1,0,c1ccc(OCc2ccc3ccccc3n2)cc1,train,251.28500000000003,3.5194000000000027,0.7740437077305968,19,27
evolved_bioisostere_1828,C[C@@](Cn1cncn1)(c1ccc(F)cc1F)[C@@H](O)N1CCn2ncnc2C1,1,evolved_bioisostere,evolved_bioisostere,C[C@@H](N1CCn2ncnc2C1)[C@](O)(Cn1cncn1)c1ccc(F)cc1F,0 17,c1ccc(C(CN2CCn3ncnc3C2)Cn2cncn2)cc1,train,375.38300000000015,0.9399,0.7145333152278015,27,52
evolved_bioisostere_1880,C=Cc1ccc(Cl)cc1C(=O)NC1CCN(Cc2ccccc2)CC1,1,evolved_bioisostere,evolved_bioisostere,COc1ccc(Cl)cc1C(=O)NC1CCN(Cc2ccccc2)CC1.Cl,0 1,O=C(NC1CCN(Cc2ccccc2)CC1)c1ccccc1,train,354.8810000000001,4.377400000000003,0.8638576632996072,25,40
evolved_bioisostere_1605,COC(=O)N(C)CCN1C(=O)C(O)C(c2ccc(OC)cc2)Sc2c(Cl)cccc21,1,evolved_bioisostere,evolved_bioisostere,COc1ccc(C2Sc3c(Cl)cccc3N(CCN(C)C)C(=O)C2O)cc1.Cl,0 1 3,O=C1CC(c2ccccc2)Sc2ccccc2N1,train,450.94400000000013,3.5877000000000026,0.7495247199779596,30,53
evolved_bioisostere_1977,COc1ccc(C2CCCNC2)cc1CC(=O)O,1,evolved_bioisostere,evolved_bioisostere,COc1ccc(C2CCCNC2)cc1OC,14 15 16 17,c1ccc(C2CCCNC2)cc1,train,249.30999999999997,1.7893,0.8538037544654574,18,27
evolved_bioisostere_3,CC(CCc1ccc(F)cc1)NCC(O)c1ccc(O)cc1F,0,authentic,authentic,,,c1ccc(CCCNCCc2ccccc2)cc1,train,321.3670000000001,3.314700000000002,0.7331726570964999,23,35
evolved_bioisostere_854,C[C@]12CC[C@H]3[C@@H](CCC4=CC(=O)CC(O)[C@@]43C)[C@@H]1CC[C@]2(O)C(=O)CO,0,authentic,authentic,,,O=C1C=C2CC[C@H]3[C@@H]4CCCC4CC[C@@H]3C2CC1,train,362.4660000000002,1.7815999999999996,0.6960164410604959,26,71
evolved_bioisostere_125,CCCCC(=O)OCC(CO)OCn1cnc2c(=O)[nH]c(N)nc21,0,authentic,authentic,,,O=c1[nH]cnc2[nH]cnc12,train,339.35200000000003,-0.22979999999999945,0.5311015091001574,24,41
evolved_bioisostere_790,O=C(O)c1ccc2ccc(/C=C/c3ccccc3)nc2c1O,0,authentic,authentic,,,C(=C\c1ccc2ccccc2n1)/c1ccccc1,test,291.30600000000004,3.8090000000000015,0.7694888832025409,22,36
evolved_bioisostere_1474,COc1cc2c(cc1SC)Nc1ncn(C)c(=O)c1C2,1,evolved_bioisostere,evolved_bioisostere,COc1cc2c(cc1OC)Nc1ncn(C)c(=O)c1C2,8 9,O=c1[nH]cnc2c1Cc1ccccc1N2,train,289.36000000000007,2.1586,0.7326755892885801,20,33
evolved_bioisostere_279,CC(=O)NC[C@@H]1OC(=O)N2c3ccccc3C[C@@H]12,0,authentic,authentic,,,O=C1OC[C@@H]2Cc3ccccc3N12,val,246.266,1.0726,0.8488745340683796,18,40
evolved_bioisostere_1287,NC(=O)c1nc2ccccc2n2cc(O)nc12,1,evolved_bioisostere,evolved_bioisostere,NC(=O)c1nc2ccccc2n2cc(C(=O)O)nc12,14,c1ccc2c(c1)ncc1nccn12,train,228.21099999999998,0.6869999999999998,0.640227132922535,17,28
evolved_bioisostere_100,C[C@]12CCC(=O)C=C1CC[C@@H]1[C@H]2CC[C@]2(C)C(O)CC[C@@H]12,0,authentic,authentic,,,O=C1C=C2CC[C@H]3[C@@H]4CCCC4CC[C@H]3C2CC1,val,288.43100000000004,3.8792000000000026,0.7342296115534325,21,57
evolved_bioisostere_916,Cl.O=C(NCC1CCCCN1)c1cc(OCC(F)(F)F)ccc1OCCCOc1ccccc1,0,authentic,authentic,,,O=C(NCC1CCCCN1)c1ccccc1OCCCOc1ccccc1,test,502.9610000000002,4.769300000000004,0.43321766193501315,34,51
evolved_bioisostere_1177,Cc1ccc(-c2nc3cc(C)ccn3c2-c2ccnc(NC(=O)C3CCCC3)n2)cc1,1,evolved_bioisostere,evolved_bioisostere,CN(C)Cc1ccn2c(-c3ccnc(NC(=O)C4CCCC4)n3)c(-c3ccc(F)cc3)nc2c1,0,O=C(Nc1nccc(-c2c(-c3ccccc3)nc3ccccn23)n1)C1CCCC1,train,411.50900000000024,5.203840000000004,0.5006879752513435,31,52
evolved_bioisostere_252,O=c1[nH]c2ccccc2n2c(=O)n(-c3cccc(F)c3)nc12,0,authentic,authentic,,,O=c1[nH]c2ccccc2n2c(=O)n(-c3ccccc3)nc12,test,296.261,1.4658,0.5778588051688108,22,42
evolved_bioisostere_2105,CN1Cc2c(Br)ncn2-c2ccc(Br)cc2C1=O,1,evolved_bioisostere,evolved_bioisostere,CN1Cc2c(C(=O)OC(C)(C)C)ncn2-c2ccc(Br)cc2C1=O,5,O=C1NCc2cncn2-c2ccccc21,train,371.0320000000001,2.9829000000000008,0.7145199846737741,18,32
evolved_bioisostere_459,Nc1ccc([C@@H]2[C@@H](CC[C@H](O)c3ccc(F)cc3)C(=O)N2c2ccc(F)cc2)cc1,0,authentic,authentic,,,O=C1[C@H](CCCc2ccccc2)[C@@H](c2ccccc2)N1c1ccccc1,train,408.44800000000015,4.7649000000000035,0.45631922086002435,30,65
evolved_bioisostere_995,OC(C=C(Cl)Cl)(Cn1cncn1)c1ccc(F)cc1,0,authentic,authentic,,,c1ccc(CCn2cncn2)cc1,train,302.136,2.6240000000000006,0.9442901203962812,19,34
evolved_bioisostere_1444,CCOC(=O)c1cn(NC)c2cc(N3CCN(CC)CC3)c(F)cc2c1=O,1,evolved_bioisostere,evolved_bioisostere,CCOC(=O)c1cn(NC)c2cc(N3CCN(C)CC3)c(F)cc2c1=O.CS(=O)(=O)O,18,O=c1cc[nH]c2cc(N3CCNCC3)ccc12,train,376.43200000000013,1.6324999999999996,0.8005148619448692,27,45
evolved_bioisostere_318,Nc1nc(O)c2ncn(C3CC(CO)C3CO)c2n1,0,authentic,authentic,,,c1ncc2ncn(C3CCC3)c2n1,test,265.27299999999997,-0.7241000000000004,0.575458524956119,19,31
evolved_bioisostere_1657,NCc1nc2ccccc2n2nnc(C(=O)O)c12,1,evolved_bioisostere,evolved_bioisostere,O=C(O)c1nnn2c1c(O)nc1ccccc12,0 1,c1ccc2c(c1)ncc1cnnn12,train,243.22599999999997,0.43440000000000006,0.6757266560002947,18,29
evolved_bioisostere_646,Cc1ccc(N)cc1Nc1nccc(-c2cccnc2)n1,0,authentic,authentic,,,c1ccc(Nc2nccc(-c3cccnc3)n2)cc1,train,277.331,3.1728200000000006,0.718971891926913,21,32
evolved_bioisostere_1137,Cc1ccc(-c2c(/C=C/[C@@H](O)C[C@@H](O)CC(=O)O)c(C)nc3c2CCN3S(C)(=O)=O)cc1,1,evolved_bioisostere,evolved_bioisostere,CC(C)c1nc2c(c(-c3ccc(F)cc3)c1/C=C/[C@@H](O)C[C@@H](O)CC(=O)O)CCN2S(C)(=O)=O,0,c1ccc(-c2ccnc3c2CCN3)cc1,train,460.55200000000025,2.2873400000000004,0.5513003618704302,32,71
evolved_bioisostere_2045,O=C(NC1CC1)C(c1ccccc1)N1CCn2c(nnc2NC2CC2)C1,1,evolved_bioisostere,evolved_bioisostere,Cc1nnc2n1CCN(C(C(=O)NC1CC1)c1ccccc1)C2,21 22 23 24,O=C(NC1CC1)C(c1ccccc1)N1CCn2cnnc2C1,train,352.4420000000001,1.6878999999999995,0.8274599372062084,26,43
evolved_bioisostere_775,Br.CN(C)CCCCCC[C@@](O)(c1ccc(F)cc1)c1ccc(C#N)cc1CO,0,authentic,authentic,,,c1ccc(Cc2ccccc2)cc1,train,465.4070000000001,4.515580000000005,0.5068850596209896,29,50
evolved_bioisostere_1693,COc1ccc2c(c1)c(CCO)c1n2CCc2ccccc2-1,1,evolved_bioisostere,evolved_bioisostere,CCCC(=O)NCCc1c2n(c3ccc(OC)cc13)CCc1ccccc1-2,11,c1ccc2c(c1)CCn1c-2cc2ccccc21,train,293.366,3.4078000000000017,0.802790983254659,22,35
evolved_bioisostere_1362,CCN1CCC[C@H]1CNC(=O)c1cc(S(N)(=O)=O)ccc1C,1,evolved_bioisostere,evolved_bioisostere,CCN1CCC[C@H]1CNC(=O)c1cc(S(N)(=O)=O)ccc1OC,21,O=C(NC[C@@H]1CCCN1)c1ccccc1,train,325.4340000000001,0.8565200000000013,0.8394813659009103,22,41
evolved_bioisostere_976,Cc1noc(NS(=O)(=O)c2cccc3cc(N)ccc23)c1C,0,authentic,authentic,,,O=S(=O)(Nc1ccno1)c1cccc2ccccc12,test,317.37000000000006,2.8276400000000006,0.7237674838146811,22,38
evolved_bioisostere_1994,CCC12NC(Cc3ccccc31)c1ccccc12,1,evolved_bioisostere,evolved_bioisostere,CCCC12NC(Cc3ccccc31)c1ccccc12,,c1ccc2c(c1)CC1NC2c2ccccc21,train,235.32999999999998,3.540600000000002,0.796865802112218,18,28
evolved_bioisostere_2153,CC(C)c1nc(Cl)nc(-c2ccc(O)cc2)c1/C=C/[C@@H](O)C[C@@H](O)CC(=O)O,1,evolved_bioisostere,evolved_bioisostere,CC(C)c1nc(Cl)nc(-c2ccc(F)cc2)c1/C=C/[C@@H](O)C[C@@H](O)CC(=O)O,13,c1ccc(-c2ccncn2)cc1,train,406.86600000000016,3.225800000000002,0.4958962085466855,28,62
evolved_bioisostere_1552,Nc1nc(O)c2cc(S(=O)(=O)c3ccc(Cl)cc3)ccc2n1,1,evolved_bioisostere,evolved_bioisostere,Nc1nc(O)c2cc(S(=O)(=O)c3ccc(Cl)c(Cl)c3)ccc2n1,,O=S(=O)(c1ccccc1)c1ccc2ncncc2c1,train,335.77200000000005,2.4038000000000004,0.744445376892704,22,41
evolved_bioisostere_1181,OCCc1ccc2c(c1)CCC(c1cccnc1)=C2,1,evolved_bioisostere,evolved_bioisostere,COc1ccc2c(c1)CCC(c1cccnc1)=C2,0 1 2,C1=C(c2cccnc2)CCc2ccccc21,train,251.32899999999998,3.103200000000001,0.9089195016907597,19,30
evolved_bioisostere_569,CN(C)CCCOc1ccc(-c2ccccc2)cc1,0,authentic,authentic,,,c1ccc(-c2ccccc2)cc1,train,255.36100000000002,3.6841000000000026,0.7299907226689726,19,28
evolved_bioisostere_1041,O=C1c2ccccc2C(=O)N1CCc1ccccc1,0,authentic,authentic,,,O=C1c2ccccc2C(=O)N1CCc1ccccc1,train,251.28499999999997,2.5253000000000005,0.7859928393760491,19,29
evolved_bioisostere_944,CCOc1cccc2c(=O)c3cccc(CC(=O)O)c3oc12,0,authentic,authentic,,,O=c1c2ccccc2oc2ccccc12,train,298.29400000000004,2.9720000000000004,0.7492550366537926,22,36
evolved_bioisostere_1524,Cc1cccc(Nc2ncnc3ccccc23)c1,1,evolved_bioisostere,evolved_bioisostere,COc1cccc(Nc2ncnc3ccccc23)c1,0,c1ccc(Nc2ncnc3ccccc23)cc1,train,235.29000000000005,3.681820000000002,0.7358570151080392,18,26
evolved_bioisostere_443,C[N+]1(C)C2C=CC1CC(OC(=O)C([O-])(c1cccs1)c1cccs1)C2,0,authentic,authentic,,,O=C(OC1CC2C=CC(C1)[NH2+]2)C(c1cccs1)c1cccs1,train,375.51500000000004,2.5025000000000013,0.4686798199443272,25,51
evolved_bioisostere_1920,Cc1nc(-c2ccccc2)nc(-c2ccccc2C#N)c1/C=C/[C@H]1C[C@H](O)CC(=O)O1,1,evolved_bioisostere,evolved_bioisostere,Cc1nc(-c2ccccc2)nc(-c2ccc(F)cc2)c1/C=C/[C@H]1C[C@H](O)CC(=O)O1,18 19,O=C1CCC[C@H](/C=C/c2cnc(-c3ccccc3)nc2-c2ccccc2)O1,train,411.4610000000002,4.070400000000005,0.6503258216178917,31,62
evolved_bioisostere_821,CC1(CCc2ccccc2F)NC(=O)NC1=O,0,authentic,authentic,,,O=C1NC(=O)C(CCc2ccccc2)N1,val,236.24599999999998,1.3563999999999998,0.7783183381357426,17,27
evolved_bioisostere_2108,CC(=O)c1cc(-c2ccc(C(F)(F)F)cc2)nnc1Cl,1,evolved_bioisostere,evolved_bioisostere,NC(=O)c1cc(-c2ccc(C(F)(F)F)cc2)nnc1Cl,0,c1ccc(-c2cccnn2)cc1,train,300.6669999999999,4.0184000000000015,0.7867825755091671,20,37
evolved_bioisostere_1744,CC1CCC(NC(=O)NS(=O)(=O)c2ccc(C(N)CCN(C)C)cc2)CC1,1,evolved_bioisostere,evolved_bioisostere,CCC(N)c1ccc(S(=O)(=O)NC(=O)NC2CCC(C)CC2)cc1,20 21 22,O=C(NC1CCCCC1)NS(=O)(=O)c1ccccc1,train,396.55700000000024,2.2047,0.6553383134237227,27,48
evolved_bioisostere_1016,CCOC(=O)[C@H](CCc1ccccc1)NC(C)C(=O)N1CC2COCCC2[C@H]1C(=O)O,0,authentic,authentic,,,O=C(CNCCCc1ccccc1)N1CC2CCOCC2C1,train,432.51700000000034,1.4771000000000007,0.5695761312417954,31,58
evolved_bioisostere_264,O=c1cnn(-c2ccc(S(=O)(=O)N3CCSC3)c(Cl)c2)c(=O)[nH]1,0,authentic,authentic,,,O=c1cnn(-c2ccc(S(=O)(=O)N3CCSC3)cc2)c(=O)[nH]1,val,374.8310000000001,0.26919999999999994,0.8262767877293717,23,50
evolved_bioisostere_1019,O=C(NC1CCC(CCN2CCC(c3noc4ccc(F)cc34)CC2)CC1)c1ccccc1,0,authentic,authentic,,,O=C(NC1CCC(CCN2CCC(c3noc4ccccc34)CC2)CC1)c1ccccc1,test,449.5700000000002,5.525200000000006,0.5379423842367282,33,52
evolved_bioisostere_1270,CCCc1nc(OCC)c(C(=O)O)n1Cc1ccc(-c2ccccc2C(=O)O)cc1,1,evolved_bioisostere,evolved_bioisostere,CCCc1nc(C(C)(O)CC)c(C(=O)O)n1Cc1ccc(-c2ccccc2C(=O)O)cc1,6 7 8,c1ccc(-c2ccc(Cn3ccnc3)cc2)cc1,train,408.4540000000001,4.346000000000003,0.5458941422206344,30,49
evolved_bioisostere_1916,CCCc1nc(CC)c(C)n1C(c1cccc(F)c1)c1ccccc1-c1nn[nH]n1,1,evolved_bioisostere,evolved_bioisostere,CCCc1nc(CC)c(C(=O)O)n1C(c1cccc(F)c1)c1ccccc1-c1nn[nH]n1,,c1ccc(C(c2ccccc2-c2nn[nH]n2)n2ccnc2)cc1,train,404.4930000000001,4.663320000000004,0.4860810373750337,30,50
evolved_bioisostere_26,CCC(C)C1(c2ccc(N)cc2)CCC(=O)NC1=O,0,authentic,authentic,,,O=C1CCC(c2ccccc2)C(=O)N1,test,260.33699999999993,1.9892999999999998,0.6445622005107808,19,33
evolved_bioisostere_894,O=C1NC(c2ccccc2)C(=O)N1Cc1ccccc1,0,authentic,authentic,,,O=C1NC(c2ccccc2)C(=O)N1Cc1ccccc1,val,266.29999999999995,2.4797000000000002,0.867591341907598,20,32
evolved_bioisostere_2101,COc1nc2cc(C(=O)Nc3cccc(C)n3)ccc2[nH]1,1,evolved_bioisostere,evolved_bioisostere,COC(=O)Nc1nc2cc(C(=O)Nc3cccc(C)n3)ccc2[nH]1,0 1,O=C(Nc1ccccn1)c1ccc2[nH]cnc2c1,train,282.303,2.52722,0.7732502791988722,21,37
evolved_bioisostere_257,CN(C)C1CCC2(CC1)O[C@H](c1ccc(F)cc1)c1ccccc12,0,authentic,authentic,,,c1ccc([C@H]2OC3(CCCCC3)c3ccccc32)cc1,test,325.4270000000001,4.6448000000000045,0.7970613362384632,24,44
evolved_bioisostere_1281,CCCCC1=C(c2ccc(-c3ccccc3-c3nn[nH]n3)cc2)C(=O)N(C)CN1C,1,evolved_bioisostere,evolved_bioisostere,CCCCC1=C(c2ccc(-c3ccccc3-c3nn[nH]n3)cc2)C(=O)N(C)C2=NC(=O)C(C)N21,29,O=C1CN2C=C(c3ccc(-c4ccccc4-c4nn[nH]n4)cc3)C(=O)NC2=N1,train,402.5020000000001,3.796300000000003,0.6785865268245543,30,53
evolved_bioisostere_909,CCCCCCCCCC(=O)N[C@H]1CCOC1=O,0,authentic,authentic,,,O=C1CCCO1,val,255.35799999999998,2.5588000000000006,0.5086414126069133,18,28
evolved_bioisostere_292,CCCN(CCC)[C@@H]1Cc2cccc3c2N(C1)C(=O)NC3,0,authentic,authentic,,,O=C1NCc2cccc3c2N1CCC3,train,287.40700000000004,2.762900000000001,0.9036179829361057,21,39
evolved_bioisostere_39,COc1cccc(C=C2CCCC2(O)Cc2cccc(F)c2CN(C)C)c1,0,authentic,authentic,,,C(=C1CCCC1Cc1ccccc1)c1ccccc1,train,369.4800000000001,4.437000000000003,0.8172178979691235,27,42
evolved_bioisostere_1553,CC(=O)OCCn1cnc2c(N)ncnc21,1,evolved_bioisostere,evolved_bioisostere,Nc1ncnc2c1ncn2CCOC[P+](=O)O,0 2,c1ncc2nc[nH]c2n1,train,221.22,-0.028400000000000092,0.7310403834325598,16,25
evolved_bioisostere_1650,O=C(O)COCc1ccc(-c2ccccc2-c2nn[nH]n2)cc1,1,evolved_bioisostere,evolved_bioisostere,NCC(=O)NCc1ccc(-c2ccccc2-c2nn[nH]n2)cc1,0 1 2 3 4,c1ccc(-c2ccccc2-c2nn[nH]n2)cc1,train,310.313,2.1349,0.7230553116715361,23,39
evolved_bioisostere_1569,CSc1cccc2[nH]c3c(c12)CCN=C3,1,evolved_bioisostere,evolved_bioisostere,COc1cccc2[nH]c3c(c12)CCN=C3,0 1,C1=NCCc2c1[nH]c1ccccc21,train,216.30899999999994,2.8648000000000007,0.7293597992576093,15,27
evolved_bioisostere_756,NS(=O)(=O)c1ccc(CCNSC(=S)N2CCOCC2)cc1,0,authentic,authentic,,,S=C(SNCCc1ccccc1)N1CCOCC1,train,361.5140000000002,0.7314,0.45429176051788184,22,37
evolved_bioisostere_1068,CCc1cccc(-c2ccccc2C(c2ccccc2)n2cncn2)c1,0,authentic,authentic,,,c1ccc(-c2ccccc2C(c2ccccc2)n2cncn2)cc1,val,339.442,5.145200000000005,0.5035739418174566,26,39
evolved_bioisostere_213,Cc1cccc(NN2C=NC(C)C2c2cccc(C#N)c2)c1,0,authentic,authentic,,,C1=NCC(c2ccccc2)N1Nc1ccccc1,train,290.37,3.667300000000002,0.9380501193107631,22,36
evolved_bioisostere_717,Nc1nc(N)c2nnn(C3CC(CO)CC3O)c2n1,0,authentic,authentic,,,c1ncc2nnn(C3CCCC3)c2n1,train,265.277,-1.3100000000000003,0.5225032491850944,19,31
evolved_bioisostere_1521,Cc1ccn2c(C(=O)NCc3cccc(F)c3)c(CO)nc2c1,1,evolved_bioisostere,evolved_bioisostere,Cc1ccn2c(C(=O)NCc3cccc(F)c3)c(C)nc2c1,19,O=C(NCc1ccccc1)c1cnc2ccccn12,train,313.33200000000005,2.2041199999999996,0.7758449264141514,23,38
evolved_bioisostere_1248,CNc1ccccc1C(=O)NS(=O)(=O)c1ccc(C(=O)NC2CC2)cc1,1,evolved_bioisostere,evolved_bioisostere,COc1ccccc1C(=O)NS(=O)(=O)c1ccc(C(=O)NC2CC2)cc1,0 1,O=C(NC1CC1)c1ccc(S(=O)(=O)NC(=O)c2ccccc2)cc1,train,373.43400000000014,1.7392,0.7154248153585249,26,46
evolved_bioisostere_817,COc1cccc2c1CC(C[N+](C)(C)C)CC2,0,authentic,authentic,,,c1ccc2c(c1)CCCC2,train,234.36299999999994,2.5063000000000004,0.7302284374624182,17,30
evolved_bioisostere_750,CC(C)N(C(=O)CN1C(=O)NC(c2ccccc2)(c2ccccc2)C1=O)C(C)C,0,authentic,authentic,,,O=C1NC(=O)C(c2ccccc2)(c2ccccc2)N1,train,393.4870000000002,3.1274000000000015,0.7668632872616793,29,52
evolved_bioisostere_379,COc1ccc2ccccc2c1C1=NCCN1,0,authentic,authentic,,,c1ccc2c(C3=NCCN3)cccc2c1,test,226.27899999999997,2.1982,0.8512993364650105,17,24
evolved_bioisostere_1513,Cc1cc(-c2ccc(C(=O)O)cc2)cn2cc(-c3ccc(CO)cc3)nc12,1,evolved_bioisostere,evolved_bioisostere,Cc1cc(-c2ccc(C(=N)N)cc2)cn2cc(-c3ccc(C(=N)N)cc3)nc12,9 10 22,c1ccc(-c2ccc3nc(-c4ccccc4)cn3c2)cc1,train,358.3970000000001,4.167220000000003,0.5741608496627655,27,48
evolved_bioisostere_743,C=CCN1CCC23C=C[C@H](O)CC2Oc2c(OC)ccc(c23)C1,0,authentic,authentic,,,C1=CC23CCNCc4cccc(c42)OC3CC1,train,313.39700000000005,2.4065000000000003,0.8703112289243873,23,43
evolved_bioisostere_580,Cc1ccc(C(c2ccccc2)n2cncn2)cc1,0,authentic,authentic,,,c1ccc(C(c2ccccc2)n2cncn2)cc1,train,249.31700000000004,3.2242200000000008,0.7131979319537325,19,29
evolved_bioisostere_992,Cc1ccc([C@@H]2[C@@H](C/C=C(/c3ccc(F)cc3)C(C)O)C(=O)N2c2ccc(F)cc2)cc1,0,authentic,authentic,,,O=C1[C@H](C/C=C/c2ccccc2)[C@@H](c2ccccc2)N1c1ccccc1,test,433.4980000000001,5.831820000000006,0.4969380135691241,32,68
evolved_bioisostere_1301,CN(C)CCc1cc2c(s1)Nc1ccccc1N=C2N1CCN(C)CC1,1,evolved_bioisostere,evolved_bioisostere,CN1CCN(C2=Nc3ccccc3Nc3sc(CO)cc32)CC1,0 1 2 3,c1ccc2c(c1)N=C(N1CCNCC1)c1ccsc1N2,train,369.53800000000024,3.2349000000000023,0.9006974677968581,26,41
evolved_bioisostere_1858,COc1ccc([C@@H]2[C@@H](CCC#N)C(=O)N2c2ccc(C(N)=O)cc2)cc1,1,evolved_bioisostere,evolved_bioisostere,COc1ccc([C@@H]2[C@@H](CC[C@H](O)c3ccc(F)cc3)C(=O)N2c2ccc(C(N)=O)cc2)cc1,11,O=C1[C@H](CCCc2ccccc2)[C@@H](c2ccccc2)N1c1ccccc1,train,349.39000000000004,2.8019800000000004,0.8110642506875224,26,55
evolved_bioisostere_491,C[C@H]1O[C@H](O[C@H]2CC[C@@]3(C)[C@H](CC[C@@H]4[C@@H]3CC[C@]3(C)[C@@H](C5=CC(=O)OC5)CC[C@]43O)C2)[C@H](O)[C@H](O)[C@@H]1O,0,authentic,authentic,,,O=C1C=C([C@H]2CCC3C2CC[C@@H]2C4CC[C@H](O[C@@H]5CCCCO5)C[C@H]4CC[C@@H]32)CO1,val,520.6630000000004,2.4561000000000006,0.33038369343292057,37,121
evolved_bioisostere_1751,CCCC(=O)OCC(COC(=O)CCC)OCn1cnc2c(=O)[nH]c(O)nc21,1,evolved_bioisostere,evolved_bioisostere,CCCC(=O)OCC(COC(=O)CCC)OCn1cnc2c(=O)[nH]c(N)nc21,25,O=c1[nH]cnc2[nH]cnc12,train,396.40000000000003,0.8544999999999998,0.5278108359914065,28,48
evolved_bioisostere_1397,Cc1ccc2c(c1)-c1nc(-c3ccccc3)[nH]c1CC2,1,evolved_bioisostere,evolved_bioisostere,COc1ccc2c(c1)-c1nc(-c3ccccc3)[nH]c1CC2,0,c1ccc(-c2nc3c([nH]2)CCc2ccccc2-3)cc1,train,260.34000000000003,4.150720000000003,0.6992295706773172,20,37
evolved_bioisostere_1705,O=C(O)Cc1cc(Oc2ccc(NC(=O)c3ccc(C(F)(F)F)cc3)cc2)ccn1,1,evolved_bioisostere,evolved_bioisostere,CNC(=O)c1cc(Oc2ccc(NC(=O)c3ccc(C(F)(F)F)cc3)cc2)ccn1,0 1 2,O=C(Nc1ccc(Oc2ccncc2)cc1)c1ccccc1,train,416.355,4.772100000000004,0.6042800659192693,30,52
evolved_bioisostere_1333,CCCc1nc(C(C)(O)CC)c(O)n1Cc1ccc(-c2ccccc2C(=O)O)cc1,1,evolved_bioisostere,evolved_bioisostere,CCCc1nc(C(C)(O)CC)c(C(=O)O)n1Cc1ccc(-c2ccccc2C(=O)O)cc1,12,c1ccc(-c2ccc(Cn3ccnc3)cc2)cc1,train,408.4980000000001,4.572200000000003,0.507310467927786,30,50
evolved_bioisostere_196,Cc1[nH]c(O)nc1C(=O)c1ccc(-n2ccnc2CO)cc1,0,authentic,authentic,,,O=C(c1ccc(-n2ccnc2)cc1)c1c[nH]cn1,train,298.302,1.3327199999999997,0.6303763438449718,22,39
evolved_bioisostere_372,COc1ccc2nc(SCC(C)(C)C)[nH]c2c1,0,authentic,authentic,,,c1ccc2[nH]cnc2c1,val,250.367,3.7097000000000024,0.8438254107794995,17,30
evolved_bioisostere_1635,CCCN1CCC(c2cccc(C)c2)CC1,1,evolved_bioisostere,evolved_bioisostere,CCCN1CCC(c2cccc(OC)c2)CC1,12,c1ccc(C2CCNCC2)cc1,train,217.35599999999997,3.5844200000000024,0.7476854670794831,16,24
evolved_bioisostere_934,COc1cc2ncnc(Nc3cccc(Cl)c3)c2cc1OC,0,authentic,authentic,,,c1ccc(Nc2ncnc3ccccc23)cc1,train,315.7600000000001,4.044000000000002,0.7869935859921958,22,33
evolved_bioisostere_730,C=C(c1ccc(I)cc1)C(O)(Cn1cncn1)c1ccc(F)cc1F,0,authentic,authentic,,,C=C(c1ccccc1)C(Cn1cncn1)c1ccccc1,test,453.23000000000013,3.762100000000001,0.5992024482819419,25,42
evolved_bioisostere_1213,CC(CN1CCOCC1)n1cc(C(=O)c2ccccc2N2CCOCC2)c2ccccc21,1,evolved_bioisostere,evolved_bioisostere,CC(CN1CCOCC1)n1cc(C(=O)c2ccccc2F)c2ccccc21,20 21 22 23 24 25,O=C(c1ccccc1)c1cn(CCN2CCOCC2)c2ccccc12,train,433.5520000000003,3.6021000000000027,0.5561329773363354,32,49
evolved_bioisostere_2022,CO[C@@H](CF)C(CCc1ccccc1)N[C@@H](CF)C(=O)N1CCC[C@H]1C(=O)O,1,evolved_bioisostere,evolved_bioisostere,CCOC(=O)C(CCc1ccccc1)N[C@@H](CF)C(=O)N1CCC[C@H]1C(=O)O,3 4,O=C(CNCCCc1ccccc1)N1CCCC1,train,398.4500000000003,1.9756,0.5959796115843872,28,58
evolved_bioisostere_1951,COc1cc2ncnc(Nc3ccc(F)c(Cl)c3)c2cc1NC(C)=O,1,evolved_bioisostere,evolved_bioisostere,COc1cc2ncnc(Nc3ccc(F)c(Cl)c3)c2cc1NC(=O)/C(F)=C/CN1CCOCC1,,O=C(/C=C/CN1CCOCC1)Nc1ccc2ncnc(Nc3ccccc3)c2c1,val,360.7760000000001,4.132900000000002,0.7311222056035607,25,41
evolved_bioisostere_1830,CN1CCN(CC(F)(Cn2cncn2)c2ccc(F)cc2F)CC1,1,evolved_bioisostere,evolved_bioisostere,CN1CCN(CC(O)(Cn2cncn2)c2ccc(F)cc2F)CC1,7,c1ccc(C(CN2CCNCC2)Cn2cncn2)cc1,train,339.3650000000001,1.6686999999999996,0.8304691066113433,24,38
evolved_bioisostere_557,CC(C)c1c(CCP(=O)(O)C[C@@H](O)CC(=O)O)n(-c2ccc(F)cc2)c2ccccc12,0,authentic,authentic,,,c1ccc(-n2ccc3ccccc32)cc1,val,447.4430000000001,4.541500000000004,0.41837116740172875,31,61
evolved_bioisostere_1206,O=C(NCn1ccnc1)c1cc2ccccc2[nH]1,1,evolved_bioisostere,evolved_bioisostere,O=C(NCCCn1ccnc1)c1cc2ccccc2[nH]1,4 5 6 7 8,O=C(NCCCn1ccnc1)c1cc2ccccc2[nH]1,train,240.26600000000002,1.7518999999999998,0.7322581476780495,18,30
evolved_bioisostere_261,CCOC(=O)c1sc(-c2cc(C#N)c3ccc(O)cc3c2)nc1C,0,authentic,authentic,,,c1ccc2cc(-c3nccs3)ccc2c1,test,338.3880000000001,4.025700000000002,0.7291259431176346,24,41
evolved_bioisostere_716,Cc1ccc(C[C@H](N)C(=O)N2CCC[C@H]2C#N)cc1,0,authentic,authentic,,,O=C(CCc1ccccc1)N1CCCC1,train,257.337,1.3793999999999997,0.8889301796314136,19,39
evolved_bioisostere_2001,CCC1C(c2ccccc2)=CCC(CO)C1C,1,evolved_bioisostere,evolved_bioisostere,CCC1C(c2ccccc2)=CCC(C(=O)O)C1C,,C1=C(c2ccccc2)CCCC1,train,230.35099999999997,3.744500000000003,0.8382442911286541,17,26
evolved_bioisostere_542,Cn1cc(C(=O)CCCCc2ccccc2)cc1/C=C/C(=O)NO,0,authentic,authentic,,,O=C(CCCCc1ccccc1)c1cc[nH]c1,test,326.3960000000001,3.1394,0.2573118075045579,24,39
evolved_bioisostere_608,COC12CC[C@@]3(C[C@@H]1[C@](C)(O)C(C)(C)C)[C@H]1Cc4ccc(O)c5c4[C@@]3(CCN1CC1CC1)[C@H]2O5,0,authentic,authentic,,,c1cc2c3c(c1)O[C@H]1C4CCC5(CC4)[C@@H](C2)N(CC2CC2)CC[C@]315,train,467.6500000000003,4.413800000000004,0.686738022566705,34,86
evolved_bioisostere_841,CN(C)c1noc(C2CN3CCC2CC3)n1,0,authentic,authentic,,,c1noc(C2CN3CCC2CC3)n1,val,222.29199999999994,0.9447999999999999,0.7450430743842276,16,26
evolved_bioisostere_1289,ON1CCN(C2=Nc3ccccc3Sc3ccccc32)CC1,1,evolved_bioisostere,evolved_bioisostere,CC(C)(O)C(C)(C)OC(C)(C)C(C)(C)N1CCN(C2=Nc3ccccc3Sc3ccccc32)CC1,0,c1ccc2c(c1)N=C(N1CCNCC1)c1ccccc1S2,train,311.41000000000014,3.2363000000000017,0.8105660121496561,22,33
evolved_bioisostere_1813,Oc1ccccc1-c1ccc2nc(-c3ccccc3)cn2c1,1,evolved_bioisostere,evolved_bioisostere,c1ccc(-c2ccc3nc(-c4ccccc4)cn3c2)cc1,0,c1ccc(-c2ccc3nc(-c4ccccc4)cn3c2)cc1,train,286.334,4.3739000000000035,0.5937243428202635,22,34
evolved_bioisostere_1883,O=c1cnn(-c2ccc(-n3ncc(=O)[nH]c3=O)cc2)c(=O)[nH]1,1,evolved_bioisostere,evolved_bioisostere,O=c1cnn(-c2ccc(S(=O)(=O)Cl)cc2)c(=O)[nH]1,9 10 11 12 13 14 15 16,O=c1cnn(-c2ccccc2)c(=O)[nH]1,train,300.23400000000004,-1.8449999999999989,0.5702742844925821,22,48
evolved_bioisostere_1886,CCN1CCN(C2=Nc3ccccc3Nc3csc(C)c32)CC1,1,evolved_bioisostere,evolved_bioisostere,Cc1scc2c1C(N1CCN(C)CC1)=Nc1ccccc1N2,0,c1ccc2c(c1)N=C(N1CCNCC1)c1cscc1N2,train,326.4690000000002,3.8293200000000027,0.8638975602287902,23,36
evolved_bioisostere_78,NCCOCn1cnc2c(N)nc(N)nc21,0,authentic,authentic,,,c1ncc2nc[nH]c2n1,train,223.23999999999998,-1.0764999999999996,0.5617598832957372,16,24
evolved_bioisostere_824,FC(F)(F)c1cccc(-c2nccc3nc(NCC4CO4)nn23)c1,0,authentic,authentic,,,c1ccc(-c2nccc3nc(NCC4CO4)nn23)cc1,train,335.28900000000004,2.6208,0.742545976222061,24,41
evolved_bioisostere_1487,O=c1c2c(nc3ccccn32)n(Cc2ccccc2)c(=O)n1CCO,1,evolved_bioisostere,evolved_bioisostere,C=CCn1c(=O)c2c(nc3ccccn32)n(Cc2ccccc2)c1=O,24,O=c1[nH]c(=O)n(Cc2ccccc2)c2nc3ccccn3c12,train,336.3510000000001,0.8514999999999997,0.5990136060635635,25,41
evolved_bioisostere_1539,Cc1ccc(N(C(=O)CCCO)C2CCN(CCc3ccccc3)CC2)cc1,1,evolved_bioisostere,evolved_bioisostere,Cc1ccc(N(C(=O)C2CC2)C2CCN(CCc3ccccc3)CC2)cc1,8 9 10 11,O=C(C1CC1)N(c1ccccc1)C1CCN(CCc2ccccc2)CC1,train,380.5320000000001,3.8076200000000027,0.7573644752645438,28,43
evolved_bioisostere_893,C/C(=N\C(=N\c1ccccc1)N1CCOCC1)N(C)C,0,authentic,authentic,,,C(=Nc1ccccc1)N1CCOCC1,test,274.368,1.9863,0.5806250725095792,20,35
evolved_bioisostere_343,Cc1ccc(C)c(OCc2nc(-c3ccccc3)sc2C(=O)O)c1,0,authentic,authentic,,,c1ccc(OCc2csc(-c3ccccc3)n2)cc1,train,339.4160000000001,4.704140000000003,0.7315164966832762,24,40
evolved_bioisostere_30,CCCc1cc(=O)oc2c3c(c4c(c12)OC(C)(C)C=C4)OC(C)(C)[C@H](C)C3=O,0,authentic,authentic,,,O=C1CCOc2c3c(c4ccc(=O)oc4c21)OCC=C3,train,382.45600000000013,4.919500000000005,0.6899178976821976,28,59
evolved_bioisostere_1070,CC(C)c1ccc(-c2ccccc2CS(=O)CC(N)=O)cc1,0,authentic,authentic,,,c1ccc(-c2ccccc2)cc1,train,315.43800000000005,3.211000000000001,0.8895197377888806,22,37
evolved_bioisostere_1608,CCOc1cc(OC)ccc1C(=O)C(O)(Cc1ccccc1)Cn1cncn1,1,evolved_bioisostere,evolved_bioisostere,O=C(c1ccc(Cl)cc1Cl)C(O)(Cc1ccccc1)Cn1cncn1,0 1 2 6 7,O=C(c1ccccc1)C(Cc1ccccc1)Cn1cncn1,train,381.432,2.5421000000000005,0.5734213702028479,28,43
evolved_bioisostere_1075,CNCC(O)COC(=O)c1ccc2c(c1)OCO2,0,authentic,authentic,,,c1ccc2c(c1)OCO2,train,253.25399999999996,0.15239999999999942,0.7274956413183317,18,29
evolved_bioisostere_699,COC(=O)c1c(CCc2ccccc2)cc2c(c1O)CC(C(C)(C)O)O2,0,authentic,authentic,,,c1ccc(CCc2ccc3c(c2)OCC3)cc1,train,356.4180000000002,3.0384000000000015,0.805574317529858,26,45
evolved_bioisostere_1111,NC(=O)c1cc(-c2ccc(C(O)(F)F)cc2)nnc1Cl,1,evolved_bioisostere,evolved_bioisostere,NC(=O)c1cc(-c2ccc(C(F)(F)F)cc2)nnc1Cl,11,c1ccc(-c2cccnn2)cc1,train,299.664,1.9374999999999998,0.906098565104257,20,37
evolved_bioisostere_2144,c1cc(NC2=NCCN2)ccc1Cc1ccc(OCC2=NCCN2)cc1,1,evolved_bioisostere,evolved_bioisostere,COCCOc1ccc(Cc2ccc(NC3=NCCN3)cc2)cc1,19 20 21 22 23,c1ccc(Cc2ccc(NC3=NCCN3)cc2)cc1,train,349.4380000000001,2.029,0.7463238379679942,26,40
evolved_bioisostere_1053,CC(C)(C)OC(=O)CC(O)CC(O)C=Cc1c(C2C=C2)nc2ccccc2c1-c1ccc(F)cc1,0,authentic,authentic,,,C1=CC1c1cc(-c2ccccc2)c2ccccc2n1,train,475.5600000000002,5.551200000000005,0.3298113986998166,35,61
evolved_bioisostere_1359,CS[C@@H]1CC(=O)O[C@@H](/C=C/c2c(C)nc(-c3ccccc3)nc2-c2ccc(F)cc2)C1,1,evolved_bioisostere,evolved_bioisostere,Cc1nc(-c2ccccc2)nc(-c2ccc(F)cc2)c1/C=C/[C@H]1C[C@H](O)CC(=O)O1,0 1,O=C1CCC[C@H](/C=C/c2cnc(-c3ccccc3)nc2-c2ccccc2)O1,train,434.5360000000002,5.7085200000000045,0.48168238484741477,31,65
evolved_bioisostere_355,O=C(O)c1cc(S(=O)[O-])c(Cl)cc1NCc1ccco1,0,authentic,authentic,,,c1ccc(NCc2ccco2)cc1,train,314.72600000000006,2.481300000000001,0.821822752827377,20,38
evolved_bioisostere_2013,CCc1c(C(C)(C)C)cc(C/C=C/c2cccs2)cc1C(C)(C)C,1,evolved_bioisostere,evolved_bioisostere,CC(C)(C)c1cc(C/C=C/c2cccs2)cc(C(C)(C)C)c1O,0 1,C(=C\c1cccs1)/Cc1ccccc1,train,340.5760000000001,7.161400000000007,0.5535477595312309,24,43
evolved_bioisostere_1594,CCCN(C(N)=O)C(=O)NC(C)Cc1ccc(S(=O)(=O)NC(=O)NC2CCCCC2)cc1,1,evolved_bioisostere,evolved_bioisostere,CC(Cc1ccc(S(=O)(=O)NC(=O)NC2CCCCC2)cc1)NC(=O)N1CCCCC1=O,0 1 2 3 4 5 6,O=C(NC1CCCCC1)NS(=O)(=O)c1ccc(CCNC(=O)N2CCCCC2=O)cc1,train,467.59200000000027,2.4385000000000003,0.46285619374654385,32,57
evolved_bioisostere_11,CCCOc1nc2ncn(C)c2c(=O)n1C,0,authentic,authentic,,,O=c1[nH]cnc2nc[nH]c12,train,222.24799999999996,0.45579999999999976,0.7563437202626292,16,25
evolved_bioisostere_661,COc1ccc(CCN(C)CCCN2CCc3cc(OC)c(OC)cc3C2=O)cc1OC,0,authentic,authentic,,,O=C1c2ccccc2CCN1CCCNCCc1ccccc1,test,442.5560000000002,3.283900000000002,0.5323421012086327,32,47
evolved_bioisostere_1039,C[C@H](NC(=O)C(C)(C)C)C(=O)N(C)[C@@H]1CCNC1=O,0,authentic,authentic,,,O=C1CCCN1,train,269.34499999999997,-0.11589999999999939,0.7497733566208166,19,45
evolved_bioisostere_122,O=C(c1ccc(F)cc1)c1ccc2n1CCCC2C(=O)O,0,authentic,authentic,,,O=C(c1ccccc1)c1ccc2n1CCCC2,train,287.28999999999996,2.8202000000000007,0.8830322121900511,21,35
evolved_bioisostere_179,CC1(C)Oc2ccc(C#N)cc2C(NC(=O)c2ccc(C#N)cc2)[C@@H]1O,0,authentic,authentic,,,O=C(NC1CCOc2ccccc21)c1ccccc1,val,347.3740000000001,2.432960000000001,0.8676557685538551,26,50
evolved_bioisostere_316,COc1cccc(C[C@@H](Cc2cccc(F)c2)CN(C)C)c1,0,authentic,authentic,,,c1ccc(CCCc2ccccc2)cc1,train,301.40500000000003,3.7973000000000026,0.7711156942665061,22,39
evolved_bioisostere_56,COC(=O)CN1CCC[C@H]1C(=O)N[C@@H](Cc1ccccc1)C(=O)N1CCC[C@H]1C(=O)O,0,authentic,authentic,,,O=C(N[C@@H](Cc1ccccc1)C(=O)N1CCCC1)[C@@H]1CCCN1,train,431.48900000000026,0.42690000000000156,0.5734507266848361,31,64
evolved_bioisostere_464,COc1ccc2c3c1OC1CC4(C=CC31CCN(C)C2)OC[C@H](C)O4,0,authentic,authentic,,,C1=CC23CCNCc4cccc(c42)OC3CC12OCCO2,train,343.4230000000001,2.6210000000000013,0.7333124529050313,25,46
evolved_bioisostere_1855,Cc1ccc(N2C(=O)[C@H]([C@H](O)CO)[C@H]2c2ccc(OCc3ccccc3)cc2)cc1,1,evolved_bioisostere,evolved_bioisostere,O=C1[C@H]([C@H](O)CO)[C@@H](c2ccc(OCc3ccccc3)cc2)N1c1ccc(F)cc1,0,O=C1C[C@@H](c2ccc(OCc3ccccc3)cc2)N1c1ccccc1,train,403.4780000000001,3.6313200000000023,0.5912860884005882,30,61
evolved_bioisostere_1383,CCOc1ccc(-c2nc3c4ccccc4ccn3c2C(C)=O)cc1,1,evolved_bioisostere,evolved_bioisostere,CC(=O)c1c(-c2ccc(C)cc2)nc2c3ccccc3ccn12,0 1 2,c1ccc(-c2cn3ccc4ccccc4c3n2)cc1,train,330.3870000000001,4.755800000000004,0.5069205553585675,25,39
evolved_bioisostere_2052,CC(C)C[C@H](NC(=O)[C@@H]1CCCN1)C(=O)N[C@H](C)Cc1ccccc1,1,evolved_bioisostere,evolved_bioisostere,CC(C)C[C@H](NC(=O)[C@@H]1CCCN1)C(=O)N[C@@H](Cc1ccccc1)C(=O)O,,O=C(CNC(=O)[C@@H]1CCCN1)NCCc1ccccc1,train,345.487,2.0167,0.6749878579652724,25,54
evolved_bioisostere_250,C(=NNc1nncc2ccccc12)c1cccc2ccccc12,0,authentic,authentic,,,C(=NNc1nncc2ccccc12)c1cccc2ccccc12,val,298.34900000000005,4.229000000000002,0.4546767468583335,23,34
evolved_bioisostere_59,O=C1Nc2ccc(F)c(F)c2C(C#Cc2ccccn2)(C(F)(F)F)O1,0,authentic,authentic,,,O=C1Nc2ccccc2C(C#Cc2ccccn2)O1,train,354.234,3.7312000000000003,0.5793928862382087,25,45
evolved_bioisostere_924,NS(=O)(=O)c1cc2c(cc1Cl)NC(CCCCO)NS2(=O)=O,0,authentic,authentic,,,O=S1(=O)NCNc2ccccc21,train,369.8520000000001,0.17990000000000028,0.5458934469623065,22,41
evolved_bioisostere_1300,O=C(Nc1ccc(Oc2ccnc(CO)c2)cc1)c1ccc(C(F)(F)F)cc1,1,evolved_bioisostere,evolved_bioisostere,CNC(=O)c1cc(Oc2ccc(NC(=O)c3ccc(C(F)(F)F)cc3)cc2)ccn1,14,O=C(Nc1ccc(Oc2ccncc2)cc1)c1ccccc1,train,388.345,4.637300000000002,0.6681940234547042,28,47
evolved_bioisostere_1292,O=C(CF)OCCN1CCN(C2=Nc3ccccc3Sc3ccccc32)CC1CNC(=O)C(F)(F)F,1,evolved_bioisostere,evolved_bioisostere,O=C(NCC1CN(C2=Nc3ccccc3Sc3ccccc32)CCN1CCOCCO)C(F)(F)F,0 3,c1ccc2c(c1)N=C(N1CCNCC1)c1ccccc1S2,train,524.5400000000002,3.406900000000002,0.4614678433749029,36,57
evolved_bioisostere_1227,COc1ccc([C@H]2Sc3c(N(C)C)cccc3N(CCN(C)C)C(=O)[C@H]2O)cc1,1,evolved_bioisostere,evolved_bioisostere,COc1ccc([C@H]2Sc3c(F)cccc3N(CCN(C)C)C(=O)[C@H]2O)cc1,10 11 12,O=C1C[C@@H](c2ccccc2)Sc2ccccc2N1,train,415.5590000000002,2.8637000000000015,0.7830728951464783,29,56
evolved_bioisostere_1584,COCCN1CCN(C2=Nc3ccccc3Cc3sc(OCCO)cc32)CC1CCc1ccccc1,1,evolved_bioisostere,evolved_bioisostere,Cc1cc2c(s1)Cc1ccccc1N=C2N1CCN(CCOCCO)C(CCc2ccccc2)C1.Cl,20 21 22 23,c1ccc(CCC2CN(C3=Nc4ccccc4Cc4sccc43)CCN2)cc1,train,505.68400000000037,4.367100000000004,0.46819380597793925,36,51
evolved_bioisostere_334,CN(C)C1C=C(c2ccccc2)CCC1,0,authentic,authentic,,,C1=C(c2ccccc2)CCCC1,train,201.31299999999996,3.1841000000000017,0.7100289072305188,15,24
evolved_bioisostere_1122,COc1cc(/C=C/c2cccnc2)cc(C(C)C)c1O,1,evolved_bioisostere,evolved_bioisostere,CC(C)c1cc(/C=C/c2cccnc2)cc(C(C)C)c1O,0 1,C(=C\c1cccnc1)/c1ccccc1,train,269.344,4.0896000000000035,0.9086244105874438,20,33
evolved_bioisostere_1588,COc1ccc2c(c1)Nc1sc(C(C)C)cc1C(N1CCN(C)[C@@H](C)C1)=N2,1,evolved_bioisostere,evolved_bioisostere,CC(C)c1cc2c(s1)Nc1cc(F)ccc1N=C2N1CCN(C)[C@@H](C)C1,0 1,c1ccc2c(c1)N=C(N1CCNCC1)c1ccsc1N2,train,384.5490000000002,4.651300000000004,0.8180308990068934,27,53
evolved_bioisostere_208,FCCCN1CC[C@@H](c2ccc(F)cc2)[C@H](COc2ccc3c(c2)OCO3)C1,0,authentic,authentic,,,c1ccc([C@@H]2CCNC[C@H]2COc2ccc3c(c2)OCO3)cc1,train,389.4420000000002,4.398500000000004,0.7024661731907624,28,53
evolved_bioisostere_849,CC1(c2ccccc2)NC(=O)N(C(=O)/C=C/c2ccc(F)c(C(F)(F)F)c2)C1=O,0,authentic,authentic,,,O=C(/C=C/c1ccccc1)N1C(=O)NC(c2ccccc2)C1=O,val,406.33500000000004,3.8515000000000024,0.4784466470354619,29,57
evolved_bioisostere_1389,COc1cc2nc(C)nc(N[C@H](C)c3cc(C)cc(C)c3)c2cc1OC,1,evolved_bioisostere,evolved_bioisostere,COc1cc2nc(C)nc(N[C@H](C)c3cc(N)cc(C(F)(F)F)c3)c2cc1OC,16,c1ccc(CNc2ncnc3ccccc23)cc1,train,351.45000000000016,4.745360000000004,0.7190210280526812,26,46
evolved_bioisostere_1492,O=C(NCC1CN(C2=Nc3ccccc3Sc3ccccc32)CCN1CCO)C(F)(F)F,1,evolved_bioisostere,evolved_bioisostere,O=C(NCC1CN(C2=Nc3ccccc3Sc3ccccc32)CCN1CCOCCO)C(F)(F)F,,c1ccc2c(c1)N=C(N1CCNCC1)c1ccccc1S2,train,464.51300000000026,2.886500000000002,0.7286003624074037,32,50
evolved_bioisostere_85,CC(=N)N1CC[C@H](Oc2ccc(CCc3cc4cc(C(=N)N)ccc4o3)cc2)C1,0,authentic,authentic,,,c1ccc2oc(CCc3ccc(O[C@H]4CCNC4)cc3)cc2c1,train,390.4870000000001,3.952340000000002,0.4381940296362423,29,53
evolved_bioisostere_994,CN1CCN(C2=Nc3cc(Cl)ccc3Nc3ccccc32)CC1.Cl.Cl,0,authentic,authentic,,,c1ccc2c(c1)N=C(N1CCNCC1)c1ccccc1N2,train,399.7530000000001,4.5663000000000045,0.7039529313379738,25,43
evolved_bioisostere_156,COc1cc2c(c(OC)c1OC)-c1ccc(OC)c(=O)cc1C([N+](C)(C)C)CC2,0,authentic,authentic,,,O=c1cccc2c(c1)CCCc1ccccc1-2,train,400.49500000000023,3.4417000000000018,0.7199443878269571,29,54
evolved_bioisostere_1438,CC(C)CC(=O)c1ccc(C(O)(Cn2cncn2)C(=O)CC(C)C)cc1,1,evolved_bioisostere,evolved_bioisostere,CC(C)CC(=O)C(O)(Cn1cncn1)c1ccc(Cl)cc1,0 1 2 3 4 5,c1ccc(CCn2cncn2)cc1,train,357.4540000000001,3.009900000000002,0.6974022197049005,26,46
evolved_bioisostere_962,Cc1nc(-c2ccc(OC[C@@H](C)CO)c(C#N)c2)sc1C(=O)O,0,authentic,authentic,,,c1ccc(-c2nccs2)cc1,train,332.38100000000003,2.6955999999999998,0.8427126638964705,23,45
evolved_bioisostere_700,NC[C@@](O)(Cn1cncn1)c1ccc(F)cc1F,0,authentic,authentic,,,c1ccc(CCn2cncn2)cc1,train,254.23999999999998,0.4028000000000004,0.8277573320400026,18,32
evolved_bioisostere_1466,COCc1cc(/C=C/c2cccnc2)cc(C(C)C)c1O,1,evolved_bioisostere,evolved_bioisostere,CC(C)c1cc(/C=C/c2cccnc2)cc(C(C)C)c1O,0 1,C(=C\c1cccnc1)/c1ccccc1,train,283.37100000000004,4.227400000000004,0.8926463265136364,21,34
evolved_bioisostere_1170,C[C@H]1CN=C(Nc2ccc(Cl)cc2Cl)N1,1,evolved_bioisostere,evolved_bioisostere,NCC[C@H]1CN=C(Nc2ccc(Cl)cc2Cl)N1,,c1ccc(NC2=NCCN2)cc1,train,244.125,2.753,0.7963815854490345,15,30
evolved_bioisostere_876,O=C(O)C(=O)O.OCCN1CCN(C2CCN(Cc3cccc(Cl)c3)CC2)CC1,0,authentic,authentic,,,c1ccc(CN2CCC(N3CCNCC3)CC2)cc1,train,427.9290000000002,1.0699000000000012,0.5992746854660282,29,49
evolved_bioisostere_2118,CCCC(=O)NCCc1c2n(c3ccc(C(=O)O)cc13)CCc1ccccc1-2,1,evolved_bioisostere,evolved_bioisostere,CCCC(=O)NCCc1c2n(c3ccc(OC)cc13)CCc1ccccc1-2,15 16 17,c1ccc2c(c1)CCn1c-2cc2ccccc21,train,376.4560000000002,4.021400000000003,0.6824779446174111,28,47
evolved_bioisostere_1911,CC(=O)c1ccnc(CSc2nc3ccccc3[nH]2)c1C,1,evolved_bioisostere,evolved_bioisostere,CCOc1ccnc(CSc2nc3ccccc3[nH]2)c1C,0 1 2,c1ccc(CSc2nc3ccccc3[nH]2)nc1,train,297.38300000000004,3.7612200000000016,0.588161582696457,21,35
evolved_bioisostere_518,Cc1ccc2c(c1)C(N1CCNCC1)=Nc1ccc(Cl)cc1N2,0,authentic,authentic,,,c1ccc2c(c1)N=C(N1CCNCC1)c1ccccc1N2,train,326.83099999999996,3.6889200000000013,0.7753517147423094,23,39
evolved_bioisostere_1125,O=C(O)CNC(=O)C(c1ccccc1)c1ccccc1,1,evolved_bioisostere,evolved_bioisostere,CN(C)CCNC(=O)C(c1ccccc1)c1ccccc1,0 2,c1ccc(Cc2ccccc2)cc1,train,269.3,2.0192999999999994,0.8723185646938989,20,32
evolved_bioisostere_61,COc1cc(/C=C/CO)ccc1OCC(O)CNC(C)C,0,authentic,authentic,,,c1ccccc1,train,295.379,1.4384,0.6428674025186277,21,32
evolved_bioisostere_40,C#CCNCCCCC/C=C(\NC(=O)C1CC1(C)C)C(=O)O,0,authentic,authentic,,,C1CC1,train,306.40600000000006,1.9004,0.32714065148290217,22,38
evolved_bioisostere_1990,COc1cn2c(n1)COc1ccc(Cl)cc1-2,1,evolved_bioisostere,evolved_bioisostere,O=C(O)c1cn2c(n1)COc1ccc(Cl)cc1-2,0 1,c1ccc2c(c1)OCc1nccn1-2,train,236.65800000000002,2.4267000000000003,0.7630882748576657,16,28
evolved_bioisostere_955,COC(=O)Cc1c(C)n(C(=O)c2ccc(Cl)cc2)c2cc(F)c(OC)cc12,0,authentic,authentic,,,O=C(c1ccccc1)n1ccc2ccccc21,train,389.8100000000002,4.1548200000000035,0.6287222848549003,27,50
evolved_bioisostere_14,CNCCCCOc1ccccc1Cc1ccccc1,0,authentic,authentic,,,c1ccc(Cc2ccccc2)cc1,train,269.388,3.655800000000003,0.7385025989589167,20,24
evolved_bioisostere_1311,CCOc1cc(C[C@@H](N)CC(=O)N2CC[C@@H]3[C@@H](CCc4nnc(F)n43)C2)c(F)cc1F,1,evolved_bioisostere,evolved_bioisostere,CCc1nnc2n1[C@@H]1CCN(C(=O)C[C@H](N)Cc3cc(F)c(F)cc3F)C[C@@H]1CC2,0 1 2 23,O=C(CCCc1ccccc1)N1CC[C@@H]2[C@@H](CCc3nncn32)C1,train,437.4660000000001,2.3900000000000006,0.7501313953731154,31,67
evolved_bioisostere_17,COc1ccc2c(c1)c(Cc1ccccc1OCC(=O)O)c(C)n2C(=O)c1ccc(Cl)cc1,0,authentic,authentic,,,O=C(c1ccccc1)n1cc(Cc2ccccc2)c2ccccc21,train,463.91700000000014,5.354420000000005,0.3992226133149967,33,56
evolved_bioisostere_1713,CC(C)(C)c1cc(C(=O)CCN)cc2c1OCCC2,1,evolved_bioisostere,evolved_bioisostere,CC(C)(O)CC(=O)c1cc2c(c(C(C)(C)C)c1)OCCC2,11,c1ccc2c(c1)CCCO2,train,261.36499999999995,2.840600000000001,0.8511878727035701,19,32
evolved_bioisostere_1649,Cc1ccn2c(C(=O)NCc3cccc(F)c3)c(N)nc2c1,1,evolved_bioisostere,evolved_bioisostere,Cc1ccn2c(C(=O)NCc3cccc(F)c3)c(C)nc2c1,18,O=C(NCc1ccccc1)c1cnc2ccccn12,train,298.321,2.2940199999999997,0.7789943624898396,22,37
evolved_bioisostere_1120,C=Cc1cc(/C=C/c2cccnc2)cc(C(C)C)c1C,1,evolved_bioisostere,evolved_bioisostere,CC(C)c1cc(/C=C/c2cccnc2)cc(C(C)C)c1O,0 19,C(=C\c1cccnc1)/c1ccccc1,train,263.384,5.326820000000003,0.7264700434767061,20,34
evolved_bioisostere_1932,CCCC/C(=C\Cn1oc(=O)n(C(=O)O)c1=O)c1cccc(Oc2cc(Cl)cc(Cl)c2)c1,1,evolved_bioisostere,evolved_bioisostere,CCCC/C(=C\Cn1oc(=O)n(CC(=O)O)c1=O)c1cccc(Oc2cc(Cl)cc(Cl)c2)c1,13 14,O=c1[nH]c(=O)n(CC=Cc2cccc(Oc3ccccc3)c2)o1,train,479.31600000000014,5.502000000000004,0.45760891859070174,32,60
evolved_bioisostere_960,CCOc1ccccc1C(=O)NCC[C@H](O)c1ccccc1,0,authentic,authentic,,,O=C(NCCCc1ccccc1)c1ccccc1,train,299.36999999999995,2.9388000000000014,0.8261621470305839,22,35
evolved_bioisostere_430,CCC(O)c1ccc2c(c1)COC2(CCCN(C)C)c1ccc(F)cc1,0,authentic,authentic,,,c1ccc(C2OCc3ccccc32)cc1,train,357.469,4.384700000000004,0.7978978340336841,26,42
evolved_bioisostere_1698,C/C(=C\CC1OC(=O)NC1=O)c1cccc(OCc2nc(-c3ccccc3)oc2C)c1,1,evolved_bioisostere,evolved_bioisostere,C/C(=C\CC1OC(=O)NC1=O)c1cccc(OCc2nc(-c3ccc(OCC(F)(F)F)cc3)oc2C)c1,,O=C1NC(=O)C(CC=Cc2cccc(OCc3coc(-c4ccccc4)n3)c2)O1,train,418.4490000000001,4.657420000000004,0.6002452946477098,31,53
evolved_bioisostere_396,FC(F)(F)c1ccc(NC2=Nc3cc(Cl)ccc3N3CCN=C23)cc1,0,authentic,authentic,,,c1ccc(NC2=Nc3ccccc3N3CCN=C23)cc1,train,364.75800000000015,4.733000000000003,0.7940489347752808,25,44
evolved_bioisostere_672,NCCc1cccc(OCCCc2ccccc2)c1,0,authentic,authentic,,,c1ccc(CCCOc2ccccc2)cc1,train,255.36099999999996,3.1994000000000016,0.7710813580743946,19,25
evolved_bioisostere_324,COC1=CC2C3=C(C(NC(C)=O)CCc4cc5c(c(OC)c43)OCO5)C2C1=O,0,authentic,authentic,,,O=C1C=CC2C3=C(CCCc4cc5c(cc43)OCO5)C12,test,383.40000000000015,1.9874,0.859577960146176,28,52
evolved_bioisostere_1691,CC(C)C(N)C(=O)ON1CCN(C2=Nc3ccccc3Sc3ccccc32)CC1,1,evolved_bioisostere,evolved_bioisostere,CC(C)C(N)C(=O)OCCOCCN1CCN(C2=Nc3ccccc3Sc3ccccc32)CC1,0 1 2 3 4 5 6 7,c1ccc2c(c1)N=C(N1CCNCC1)c1ccccc1S2,train,410.5430000000002,3.2886000000000024,0.8373035417216975,29,47
evolved_bioisostere_12,CCCOc1ccc(C(O)(CC)CCN2CCCCC2)cc1,0,authentic,authentic,,,c1ccc(CCCN2CCCCC2)cc1,val,305.462,3.9490000000000034,0.7891433652404164,22,32
evolved_bioisostere_951,C#CCn1cnc2c(Sc3c([N+](=O)[O-])ncn3C)ncnc21,0,authentic,authentic,,,c1nc(Sc2cnc[nH]2)c2nc[nH]c2n1,train,315.31800000000004,1.2523999999999997,0.30864675792968727,22,42
evolved_bioisostere_703,N#Cc1ccc(C(c2ccc(C#N)cc2)n2cnc(COO)n2)cc1,0,authentic,authentic,,,c1ccc(C(c2ccccc2)n2cncn2)cc1,train,331.33500000000004,2.6487600000000002,0.5685879397116785,25,41
evolved_bioisostere_511,COc1cc(C)c(OC)c(C(=O)N2CCNCC2)c1,0,authentic,authentic,,,O=C(c1ccccc1)N1CCNCC1,train,264.32499999999993,1.0576199999999996,0.8865939013839103,19,32
evolved_bioisostere_246,NC(=O)c1cc(C(F)(F)F)ccc1OC[C@H]1CCCCN1,0,authentic,authentic,,,c1ccc(OC[C@H]2CCCCN2)cc1,train,302.29600000000005,2.3251999999999997,0.8969188683540333,21,38
evolved_bioisostere_848,C[N+]1(C)C2CC1[C@H]1OC1CC[C@@H](OC(=O)C(O)(c1cccs1)c1cccs1)C2,0,authentic,authentic,,,O=C(O[C@@H]1CCC2O[C@@H]2C2CC(C1)[NH2+]2)C(c1cccs1)c1cccs1,val,420.576,3.1259000000000023,0.469073143797822,28,61
evolved_bioisostere_1669,C=Cc1cc2c(Nc3ccc(Cl)cc3)ncnc2cc1OC,1,evolved_bioisostere,evolved_bioisostere,COc1cc2ncnc(Nc3ccc(Cl)cc3)c2cc1OC,0 1,c1ccc(Nc2ncnc3ccccc23)cc1,train,311.7720000000001,4.678400000000003,0.759750891195676,22,34
evolved_bioisostere_1361,Cc1nc(C(N)=O)c2c(O)nc3ccccc3n12,1,evolved_bioisostere,evolved_bioisostere,Cc1nc(C(=O)O)c2c(O)nc3ccccc3n12,5,c1ccc2c(c1)ncc1cncn12,train,242.23800000000003,0.99542,0.6651262365606007,18,31
evolved_bioisostere_2068,NC(=O)c1nnn2c1c(O)nc1ccccc12,1,evolved_bioisostere,evolved_bioisostere,O=C(O)c1nnn2c1c(O)nc1ccccc12,0,c1ccc2c(c1)ncc1cnnn12,train,229.19900000000004,0.08199999999999957,0.6142177846080902,17,28
evolved_bioisostere_1088,COc1ccc2c(c1)C(N)=Nc1cc(F)ccc1N2CC(F)F,1,evolved_bioisostere,evolved_bioisostere,NC1=Nc2cc(F)ccc2N(CC(F)F)c2ccc(Cl)cc21,0 1,C1=Nc2ccccc2Nc2ccccc21,train,321.30199999999996,3.587900000000001,0.9397620158642204,23,38
evolved_bioisostere_1870,CSC(C(=O)Nc1ccc2nc(N)nc(N)c2c1Cl)c1ccccc1,1,evolved_bioisostere,evolved_bioisostere,CC(C(=O)Nc1ccc2nc(N)nc(N)c2c1Cl)c1ccccc1,0 1,O=C(Cc1ccccc1)Nc1ccc2ncncc2c1,train,373.8690000000001,3.490400000000001,0.6457636935952163,25,41
evolved_bioisostere_1754,CC(=O)Nc1cccc(C(=O)OCC(CNC(C)C)OC(C)=O)c1,1,evolved_bioisostere,evolved_bioisostere,CC(=O)Nc1cccc(C(=O)OCC(O)CNC(C)C)c1,20 21 22,c1ccccc1,train,336.3880000000001,1.7314999999999994,0.7023411104338465,24,41
evolved_bioisostere_193,COc1nnc(-c2ccc(Cl)c(Cl)c2)c(-c2ccc(Cl)c(Cl)c2)n1,0,authentic,authentic,,,c1ccc(-c2ncnnc2-c2ccccc2)cc1,val,401.0800000000001,5.8278000000000025,0.5545261345951714,24,48
evolved_bioisostere_1927,CCC(=O)OC1(c2ccccc2)CCN(O)CC1,1,evolved_bioisostere,evolved_bioisostere,CCC(=O)OC1(c2ccccc2)CCN(C)CC1,15,c1ccc(C2CCNCC2)cc1,train,249.30999999999995,2.3201,0.8351776881555413,18,29
evolved_bioisostere_530,O=C(NC(=O)c1ccccc1)OCCCc1c[nH]cn1,0,authentic,authentic,,,O=C(NC(=O)c1ccccc1)OCCCc1c[nH]cn1,test,273.292,1.9088999999999998,0.8149198990996468,20,33
evolved_bioisostere_1439,OCc1cc(C2CCCCC2)nc2ccccc12,1,evolved_bioisostere,evolved_bioisostere,Cc1cc(C2CCCCC2)nc2ccccc12,0,c1ccc2nc(C3CCCCC3)ccc2c1,train,241.334,3.7748000000000026,0.8677022587156532,18,26
evolved_bioisostere_1044,CCC(N)C1(CC(=O)O)CCCCC1.Cl,0,authentic,authentic,,,C1CCCCC1,train,235.75499999999994,2.570700000000001,0.7873975815658156,15,26
evolved_bioisostere_27,CCOC(=O)C1(NC(=O)N(CCCl)N=O)CCCC1,0,authentic,authentic,,,C1CCCC1,train,291.73500000000007,1.7941,0.34965407722611186,19,33
evolved_bioisostere_291,CN(C)CCC[C@@]1(c2ccc(F)cc2)OCc2ccccc21,0,authentic,authentic,,,c1ccc(C2OCc3ccccc32)cc1,train,299.389,3.9413000000000036,0.8288842481375454,22,38
evolved_bioisostere_622,O=C(c1ccccc1)c1ccccc1OC[C@H](O)CN1CCOCC1,0,authentic,authentic,,,O=C(c1ccccc1)c1ccccc1OCCCN1CCOCC1,test,341.40700000000015,1.9894999999999994,0.7807043464882257,25,40
evolved_bioisostere_1257,NC(=O)c1nc2ccccc2n2cc(CO)nc12,1,evolved_bioisostere,evolved_bioisostere,NC(=O)c1nc2ccccc2n2cc(C(=O)O)nc12,,c1ccc2c(c1)ncc1nccn12,train,242.23799999999997,0.47370000000000007,0.6828065320241882,18,29
evolved_bioisostere_1212,O=C(O)[C@@H]1CCCN1C(=O)[C@H](CF)NC(CF)CCc1ccccc1,1,evolved_bioisostere,evolved_bioisostere,CCOC(=O)C(CCc1ccccc1)N[C@@H](CF)C(=O)N1CCC[C@H]1C(=O)O,16,O=C(CNCCCc1ccccc1)N1CCCC1,train,354.3970000000001,1.9605999999999992,0.7112997467686157,25,48
evolved_bioisostere_566,NCCc1c(-c2ccccc2)n(C(=O)C2CCC2)c2ccccc12,0,authentic,authentic,,,O=C(C1CCC1)n1c(-c2ccccc2)cc2ccccc21,train,318.41999999999996,4.249800000000003,0.7815042662887252,24,40
evolved_bioisostere_254,CCC(C)/N=c1\c(O)c(O)\c1=N/c1ccc(C#N)cc1,0,authentic,authentic,,,N=c1cc/c1=N\c1ccccc1,val,269.304,1.7766799999999998,0.8895767198013209,20,39
evolved_bioisostere_929,Nc1ncnc2c1ncn2[C@@H]1OC2=C[C@@](C(=O)O)(C(O)C(=O)O)O[C@H]2[C@H]1O,0,authentic,authentic,,,C1=C2O[C@@H](n3cnc4cncnc43)C[C@@H]2OC1,val,379.2850000000001,-2.1501999999999986,0.38563051147228733,27,65
evolved_bioisostere_781,NCCCC[C@H](N)C(=O)OC[C@H]1O[C@@H](n2cnc(C(N)=O)n2)[C@H](O)C1O,0,authentic,authentic,,,c1ncn([C@H]2CCCO2)n1,train,372.38200000000006,-3.0042999999999966,0.21937403151598497,26,61
evolved_bioisostere_1430,CCc1cc2c(Nc3nnc(CC)s3)ncnc2s1,1,evolved_bioisostere,evolved_bioisostere,CCc1cc2c(Nc3nnc(C)s3)ncnc2s1,12,c1nc(Nc2nncs2)c2ccsc2n1,train,291.40500000000003,3.411200000000002,0.7977335613065274,19,29
evolved_bioisostere_639,C=CCn1c(=O)c2nc(-c3ccc(S(=O)(=O)O)cc3)[nH]c2n(CC=C)c1=O,0,authentic,authentic,,,O=c1[nH]c(=O)c2nc(-c3ccccc3)[nH]c2[nH]1,train,388.40500000000014,1.172,0.4820280040040471,27,55
evolved_bioisostere_896,O=C(c1ccccc1)c1ccc(OCCCNCCO)c(F)c1,0,authentic,authentic,,,O=C(c1ccccc1)c1ccccc1,train,317.35999999999996,2.4074999999999998,0.5507078870521241,23,34
evolved_bioisostere_1675,CCC1C(c2ccccc2)=CCC(CC(N)=O)C1C,1,evolved_bioisostere,evolved_bioisostere,CCC1C(c2ccccc2)=CCC(C(=O)O)C1C,14 15 16,C1=C(c2ccccc2)CCCC1,train,257.37699999999995,3.627600000000002,0.8790748473831046,19,31
evolved_bioisostere_1801,Cc1cc(-c2c(F)cc3c(=O)ccn(C(C)O)c3c2F)cc(C)n1,1,evolved_bioisostere,evolved_bioisostere,Cc1cc(-c2c(F)cc3c(=O)ccn(C4CC4)c3c2F)cc(C)n1,14 15 16,O=c1ccn(C2CC2)c2cc(-c3ccncc3)ccc12,train,330.33400000000006,3.4693400000000016,0.7826591663211361,24,44
evolved_bioisostere_2143,NCCc1cn2c(n1)c(C(N)=O)nc1ccccc12,1,evolved_bioisostere,evolved_bioisostere,NC(=O)c1nc2ccccc2n2cc(C(=O)O)nc12,0 1,c1ccc2c(c1)ncc1nccn12,train,255.281,0.48260000000000003,0.7106812179811244,19,32
evolved_bioisostere_603,Cc1cccc(NN2C(S)=NC(C)C2C)c1,0,authentic,authentic,,,C1=NCCN1Nc1ccccc1,train,235.35600000000002,2.7003200000000005,0.7713390144139055,16,27
evolved_bioisostere_2162,O=C(O)COC1CCN(CCC2CCCc3ccccc3C2=O)CC1,1,evolved_bioisostere,evolved_bioisostere,O=C1c2ccccc2CCCC1CCN1CCC(Oc2ccccc2)CC1,0 1 2 3,O=C1c2ccccc2CCCC1CCN1CCC(Oc2ccccc2)CC1,train,345.4390000000001,2.7775000000000007,0.8032155351000732,25,37
evolved_bioisostere_1571,N#CCc1cccc(Cl)c1N(Cc1cccc(F)c1)C1=NCCN1,1,evolved_bioisostere,evolved_bioisostere,Cl.Fc1cccc(CN(C2=NCCN2)c2c(Cl)cccc2Cl)c1,0 1 2,c1ccc(CN(C2=NCCN2)c2ccccc2)cc1,train,342.80500000000006,3.5109800000000027,0.9246499764885663,24,39
evolved_bioisostere_102,O=C(O)c1cc(O)c2c([N+](=O)[O-])cc([N+](=O)[O-])cc2n1,0,authentic,authentic,,,c1ccc2ncccc2c1,train,279.164,1.4549999999999998,0.6306735908528485,20,51
evolved_bioisostere_88,NC(=O)c1ncn(C2OCC(O)CC(O)C2O)n1,0,authentic,authentic,,,c1ncn(C2CCCCCO2)n1,test,258.234,-2.621399999999999,0.4541819997655325,18,31
evolved_bioisostere_222,C#CC(C)(C)NCC(O)COC(=O)c1ccccc1F,0,authentic,authentic,,,c1ccccc1,train,279.311,1.3447999999999996,0.6093400391363551,20,32
evolved_bioisostere_1345,CCOC(=O)NC(C)Cc1ccc(S(=O)(=O)NC(=O)NC2CCCCC2)cc1,1,evolved_bioisostere,evolved_bioisostere,CC(Cc1ccc(S(=O)(=O)NC(=O)NC2CCCCC2)cc1)NC(=O)N1CCCCC1=O,0 1 2,O=C(NC1CCCCC1)NS(=O)(=O)c1ccc(CCNC(=O)N2CCCCC2=O)cc1,train,411.5240000000002,2.6843000000000004,0.6382970051275046,28,48
evolved_bioisostere_807,Cc1ccc(C2(CC(C)C#N)OCc3cc(C)ccc32)cc1,0,authentic,authentic,,,c1ccc(C2OCc3ccccc32)cc1,train,291.394,4.627020000000004,0.8258536279547618,22,37
evolved_bioisostere_1525,OCc1ccc(-c2ccccc2-c2nn[nH]n2)cc1,1,evolved_bioisostere,evolved_bioisostere,NCC(=O)NCc1ccc(-c2ccccc2-c2nn[nH]n2)cc1,0,c1ccc(-c2ccccc2-c2nn[nH]n2)cc1,train,252.27700000000002,2.026,0.7475118149181774,19,32
evolved_bioisostere_1759,CCNC(=O)c1cc(-c2ccccc2)cc2cccnc12,1,evolved_bioisostere,evolved_bioisostere,CN(C)CCNC(=O)c1cc(-c2ccccc2)cc2cccnc12,,c1ccc(-c2ccc3ncccc3c2)cc1,test,276.33900000000006,3.651500000000002,0.7930279985733437,21,33
evolved_bioisostere_1768,CCCN(CCO)[C@H]1Cc2c(O)cccc2C[C@@H]1C,1,evolved_bioisostere,evolved_bioisostere,CCCN(CCC)[C@H]1Cc2c(O)cccc2C[C@@H]1C,6,c1ccc2c(c1)CCCC2,train,263.381,2.1997999999999998,0.8556936630579098,19,36
evolved_bioisostere_1402,Cc1c(C(N)=O)n(C(C)C)c(=O)n1Cc1ccc(-c2ccccc2-c2nn[nH]n2)cc1,1,evolved_bioisostere,evolved_bioisostere,CCCCc1c(C(=O)O)n(C(C)C)c(=O)n1Cc1ccc(-c2ccccc2-c2nn[nH]n2)cc1,4,O=c1[nH]ccn1Cc1ccc(-c2ccccc2-c2nn[nH]n2)cc1,train,417.47300000000007,2.5334199999999996,0.49874072925970886,31,58
evolved_bioisostere_800,O=C1NC(=O)C2(CC(c3cccc(F)c3)(c3cccc(F)c3)C2)N1,0,authentic,authentic,,,O=C1NC(=O)C2(CC(c3ccccc3)(c3ccccc3)C2)N1,test,328.31800000000004,2.6229000000000005,0.8328080666223302,24,46
evolved_bioisostere_450,O=C1Nc2ccccc2[C@](CCl)(c2cccc(Cl)c2)O1,0,authentic,authentic,,,O=C1Nc2ccccc2C(c2ccccc2)O1,train,308.164,4.384500000000002,0.835901135321032,20,38
evolved_bioisostere_1153,CCOc1cc2ncnc(Nc3cccc(OC(C)(C)C)c3)c2cc1OCC,1,evolved_bioisostere,evolved_bioisostere,CCOc1cc2ncnc(Nc3cccc(Br)c3)c2cc1OCC,16 17 18 19 20,c1ccc(Nc2ncnc3ccccc23)cc1,train,381.47600000000017,5.348100000000005,0.5951716205396429,28,42
evolved_bioisostere_811,CC1CCC(=NNc2cccc3ccccc23)c2ncc(C(=O)O)c(=O)n21,0,authentic,authentic,,,O=c1ccnc2n1CCCC2=NNc1cccc2ccccc12,val,362.3890000000001,3.2657000000000016,0.6972250362606633,27,46
evolved_bioisostere_1403,C[C@@](N)(CO)CCc1ccc(OCC(F)(F)F)cc1,1,evolved_bioisostere,evolved_bioisostere,CCCCCCCOc1ccc(CC[C@](C)(N)CO)cc1,14 15 16,c1ccccc1,train,277.28599999999994,2.2699999999999996,0.8383529738955298,19,35
evolved_bioisostere_2002,Cc1nc(O)c2c(C(=O)O)nc3ccccc3n12,1,evolved_bioisostere,evolved_bioisostere,Cc1nc(C(=O)O)c2c(O)nc3ccccc3n12,,c1ccc2c(c1)ncc1cncn12,train,243.222,1.59472,0.67726902144871,18,31
evolved_bioisostere_1889,Cn1c(=O)c2nc(-c3cccc(O)c3)[nH]c2n(C#N)c1=O,1,evolved_bioisostere,evolved_bioisostere,Cn1c(=O)c2nc(-c3cccc(O)c3)[nH]c2n(C)c1=O,18,O=c1[nH]c(=O)c2nc(-c3ccccc3)[nH]c2[nH]1,train,283.24700000000007,0.12507999999999986,0.6577539416667514,21,42
evolved_bioisostere_70,COc1ccc(OC)c(C(=O)N2C[C@H]3CC[C@@H]2CN(C)C3)c1,0,authentic,authentic,,,O=C(c1ccccc1)N1C[C@H]2CC[C@@H]1CNC2,train,304.39,1.8699999999999999,0.8547898227463008,22,46
evolved_bioisostere_146,O=C[C@H](Cc1ccccc1)NC(=O)c1ccccc1,0,authentic,authentic,,,O=C(NCCc1ccccc1)c1ccccc1,train,253.30100000000002,2.2266000000000004,0.8304765323134455,19,33
evolved_bioisostere_1106,CCc1cc(/C=C/c2cccnc2)cc(C(C)C)c1O,1,evolved_bioisostere,evolved_bioisostere,CC(C)c1cc(/C=C/c2cccnc2)cc(C(C)C)c1O,,C(=C\c1cccnc1)/c1ccccc1,train,267.37199999999996,4.643400000000003,0.8747602130781622,20,33
evolved_bioisostere_136,N#Cc1ccc2c(c1)COC2(CCCNCCCOCc1ccccc1)c1ccc(F)cc1,0,authentic,authentic,,,c1ccc(COCCCNCCCC2(c3ccccc3)OCc3ccccc32)cc1,val,444.55000000000007,5.447880000000005,0.39984091623401746,33,48
evolved_bioisostere_391,C[C@H](NC(=O)C(CCc1ccccc1)CC(=O)OC(C)(C)C)C(=O)N1CCC[C@H]1C(=O)O,0,authentic,authentic,,,O=C(CCCc1ccccc1)NCC(=O)N1CCCC1,val,446.5440000000003,2.5475000000000003,0.5638587385960524,32,64
evolved_bioisostere_140,NCC12C3C4C1C1C2C3C41c1ccccc1,0,authentic,authentic,,,c1ccc(C23C4C5C6C4C2C6C53)cc1,train,209.29199999999997,1.6347000000000003,0.7869305741306664,16,28
evolved_bioisostere_1808,CCCN1CCC(c2cccc(CO)c2)CC1,1,evolved_bioisostere,evolved_bioisostere,CCCN1CCC(c2cccc(OC)c2)CC1,12 13,c1ccc(C2CCNCC2)cc1,train,233.35499999999996,2.768300000000001,0.8641157722867303,17,25
evolved_bioisostere_1315,N#CCc1cn2c(n1)c(C(N)=O)nc1ccccc12,1,evolved_bioisostere,evolved_bioisostere,NC(=O)c1nc2ccccc2n2cc(C(=O)O)nc12,0 1,c1ccc2c(c1)ncc1nccn12,train,251.249,1.0474799999999997,0.7355345095234005,19,33
evolved_bioisostere_2024,CCCN(CCC)CC(C(=O)Nc1ccccc1OC)N(CC)CCC,1,evolved_bioisostere,evolved_bioisostere,CCCN(CC)CC(C(=O)Nc1ccccc1OC)N(CC)CCC,6,c1ccccc1,train,363.5460000000002,3.856200000000003,0.5779924962837839,26,37
evolved_bioisostere_1743,CC(=O)N1CC[C@H](NS(=O)(=O)c2ccc(-c3ccccn3)s2)C1=O,1,evolved_bioisostere,evolved_bioisostere,O=C1[C@@H](NS(=O)(=O)c2ccc(-c3ccccn3)s2)CCN1CCNc1ccncc1,2,O=C1[C@@H](NS(=O)(=O)c2ccc(-c3ccccn3)s2)CCN1CCNc1ccncc1,train,365.43600000000004,1.2358000000000002,0.8791559376047419,24,49
evolved_bioisostere_832,COCC(CO)N1CCN(C2=Nc3ccccc3Sc3ccccc32)CC1,0,authentic,authentic,,,c1ccc2c(c1)N=C(N1CCNCC1)c1ccccc1S2,train,383.51700000000017,2.854400000000002,0.8798204744729428,27,40
evolved_bioisostere_91,CNC(=O)O[C@H]1CC[C@@](CNC(=O)c2ccccc2OC)(c2ccccc2)CC1,0,authentic,authentic,,,O=C(NCC1(c2ccccc2)CCCCC1)c1ccccc1,train,396.4870000000002,3.6616000000000026,0.7812521800782162,29,53
evolved_bioisostere_911,O=C(COC(=O)[C@@H]1CCCN1C(=O)c1cccs1)Nc1cccc(Cl)c1,0,authentic,authentic,,,O=C(COC(=O)[C@@H]1CCCN1C(=O)c1cccs1)Nc1ccccc1,val,392.86400000000003,3.1880000000000006,0.7926932040100088,26,49
evolved_bioisostere_234,Cn1c(=O)c2nc(-c3ccc(F)cc3)[nH]c2n(C)c1=O,0,authentic,authentic,,,O=c1[nH]c(=O)c2nc(-c3ccccc3)[nH]c2[nH]1,train,274.25500000000005,0.7664,0.7119339682320683,20,40
evolved_bioisostere_72,COc1cc(CCc2ccccc2)c(C(=O)O)c(O)c1CC=C(C)C,0,authentic,authentic,,,c1ccc(CCc2ccccc2)cc1,train,340.41900000000015,4.392900000000004,0.7335493613464174,25,41
evolved_bioisostere_489,Cc1ccc2c(c1)N=C(N1CCN(C)CC1)c1cccc(F)c1N2,0,authentic,authentic,,,c1ccc2c(c1)N=C(N1CCNCC1)c1ccccc1N2,train,324.40299999999996,3.516820000000002,0.8043109738102397,24,41
evolved_bioisostere_1938,CC(O)(CCC(F)(F)F)CC(=O)c1cc2c(c(C(C)(C)C)c1)OCCC2,1,evolved_bioisostere,evolved_bioisostere,CC(C)(O)CC(=O)c1cc2c(c(C(C)(C)C)c1)OCCC2,4 5 6 7 8,c1ccc2c(c1)CCCO2,train,372.42700000000025,4.975400000000005,0.7420735685846254,26,49
evolved_bioisostere_1236,CCCC(=O)Nc1cccc(Oc2cccc(C)c2)c1,1,evolved_bioisostere,evolved_bioisostere,CCCC(=O)Nc1cccc(Oc2cccc(OC)c2)c1,17,c1ccc(Oc2ccccc2)cc1,train,269.344,4.525920000000003,0.8658612120708479,20,31
evolved_bioisostere_1296,Cc1ccccc1C(=O)NS(=O)(=O)c1ccc(C(=O)NC2CC2)cc1,1,evolved_bioisostere,evolved_bioisostere,COc1ccccc1C(=O)NS(=O)(=O)c1ccc(C(=O)NC2CC2)cc1,0,O=C(NC1CC1)c1ccc(S(=O)(=O)NC(=O)c2ccccc2)cc1,train,358.4190000000001,2.0059199999999997,0.8550461770269822,25,45
evolved_bioisostere_1267,CC(=O)Nc1nnc(-c2ccccc2C)s1,1,evolved_bioisostere,evolved_bioisostere,CC(=N)Nc1nnc(-c2ccccc2C)s1,2,c1ccc(-c2nncs2)cc1,train,233.29600000000002,2.47192,0.8665129532936081,16,26
evolved_bioisostere_8,CC(=O)OCOc1ccc2c3c1OC1CC(O)C=CC31CCN(C)C2,0,authentic,authentic,,,C1=CC23CCNCc4cccc(c42)OC3CC1,train,345.39500000000015,1.7411,0.5112991766851454,25,41
evolved_bioisostere_889,CC1CC=CN2C(=N1)C(C1=CCNCC1)=Nc1ccc(Cl)cc12,0,authentic,authentic,,,C1=CN2C(=NCC1)C(C1=CCNCC1)=Nc1ccccc12,test,326.8310000000001,3.856600000000003,0.8509864517211185,23,42
evolved_bioisostere_455,N[C@@H](CC(=O)N1CCCC1)Cc1ccccc1,0,authentic,authentic,,,O=C(CCCc1ccccc1)N1CCCC1,test,232.327,1.568899999999999,0.8561817845672596,17,31
evolved_bioisostere_2127,CCC1=C(C)CN(NC(=O)CCc2ccc(S(=O)(=O)NC(=O)OC)cc2)C1=O,1,evolved_bioisostere,evolved_bioisostere,CCC1=C(C)CN(NC(=O)CCc2ccc(S(=O)(=O)NC(=O)NC3CCC(C)CC3)cc2)C1=O,22 23,O=C(CCc1ccc(S(=O)(=O)NC(=O)NC2CCCCC2)cc1)NN1CC=CC1=O,train,409.46400000000017,1.2637999999999998,0.6992252670945543,28,52
evolved_bioisostere_1488,OCc1ccccc1N1CCN(Cc2cnn3ccccc23)CC1,1,evolved_bioisostere,evolved_bioisostere,Clc1ccc(N2CCN(Cc3cnn4ccccc34)CC2)cc1,0 1,c1ccc(N2CCN(Cc3cnn4ccccc34)CC2)cc1,train,322.4120000000001,2.1488000000000005,0.7992688090318686,24,34
evolved_bioisostere_607,Cc1cc2c(s1)CN(C)CC2c1ccc(O)cc1,0,authentic,authentic,,,c1ccc(C2CNCc3sccc32)cc1,train,259.374,3.3394200000000023,0.8487669580117537,18,30
evolved_bioisostere_1777,OCCC12NC(Cc3ccccc31)c1ccccc12,1,evolved_bioisostere,evolved_bioisostere,CCCC12NC(Cc3ccccc31)c1ccccc12,0,c1ccc2c(c1)CC1NC2c2ccccc21,train,251.329,2.513000000000001,0.8592867778270233,19,29
evolved_bioisostere_1941,O=C(O)C(CCCc1ccccc1)Cc1ccc(O)cc1,1,evolved_bioisostere,evolved_bioisostere,O=C(O)C(CS)CCCc1ccccc1,14 15 16 17 18 19 20,c1ccccc1,train,284.355,3.658400000000003,0.8154655517494507,21,32
evolved_bioisostere_488,C=CCOC(=O)C1=C(C)NC(=O)NC1c1ccc2c(c1)OCO2,0,authentic,authentic,,,O=C1NC=CC(c2ccc3c(c2)OCO3)N1,test,316.3130000000001,1.7723999999999998,0.6529837956988311,23,41
evolved_bioisostere_1792,O=C1c2ccccc2CCCC1CCN1CCC(CCO)CC1,1,evolved_bioisostere,evolved_bioisostere,O=C1c2ccccc2CCCC1CCN1CCC(Oc2ccccc2)CC1,18 19 20,O=C1c2ccccc2CCCC1CCN1CCC(Oc2ccccc2)CC1,train,315.45700000000005,3.306300000000002,0.8476014058998014,23,32
evolved_bioisostere_1,CCCN(CCC)CCc1ccc(OC)c(OCCCc2ccccc2)c1.O=C(O)C(=O)O,0,authentic,authentic,,,c1ccc(CCCOc2ccccc2)cc1,train,459.5830000000002,4.526900000000003,0.33558046419396736,33,50
evolved_bioisostere_1210,CCC1C(c2ccccc2)=CCC(O)C1C,1,evolved_bioisostere,evolved_bioisostere,CCC1C(c2ccccc2)=CCC(C(=O)O)C1C,13,C1=C(c2ccccc2)CCCC1,train,216.32399999999998,3.496900000000002,0.8019080289992088,16,25
evolved_bioisostere_1347,N#Cc1ccc(C2C(CO)C(=O)N2c2ccc(F)cc2)cc1,1,evolved_bioisostere,evolved_bioisostere,N#Cc1ccc(C2C(CCC(O)c3ccc(F)cc3)C(=O)N2c2ccc(F)cc2)cc1,9,O=C1C(CCCc2ccccc2)C(c2ccccc2)N1c1ccccc1,train,296.301,2.3937800000000005,0.8845251978213606,22,38
evolved_bioisostere_1431,CCCc1cc(C2CCCNC2)ccc1OC,1,evolved_bioisostere,evolved_bioisostere,COc1ccc(C2CCCNC2)cc1OC,0 1 2,c1ccc(C2CCCNC2)cc1,train,233.35499999999996,3.114700000000001,0.862463057181917,17,23
evolved_bioisostere_2156,CC[C@H]1CN(C2=Nc3ccc(F)cc3Nc3sc(C)cc32)CCN1CC(=O)O,1,evolved_bioisostere,evolved_bioisostere,CSCC[C@H]1CN(C2=Nc3ccc(F)cc3Nc3sc(C)cc32)CCN1C,25 26 27,c1ccc2c(c1)N=C(N1CCNCC1)c1ccsc1N2,train,402.49500000000023,3.811720000000002,0.8171673940367442,28,50
evolved_bioisostere_239,CN=Cc1ccc2c(c1)COC2(CCCN(C)C)c1ccc(F)cc1,0,authentic,authentic,,,c1ccc(C2OCc3ccccc32)cc1,train,340.44199999999995,3.9900000000000038,0.7429380037479583,25,40
evolved_bioisostere_2100,NC(=O)CN1CCN(C2=Nc3ccccc3Sc3ccccc32)CC1,1,evolved_bioisostere,evolved_bioisostere,CCOC(=O)/C(=C/C(=O)O)OCCN1CCN(C2=Nc3ccccc3Sc3ccccc32)CC1,0 2,c1ccc2c(c1)N=C(N1CCNCC1)c1ccccc1S2,train,352.46300000000014,2.3324000000000007,0.9010832720297748,25,39
evolved_bioisostere_1349,Cc1cccn2cc(-c3ccc(CO)cc3)nc12,1,evolved_bioisostere,evolved_bioisostere,Cc1cccn2cc(-c3ccc(F)cc3)nc12,12 13,c1ccc(-c2cn3ccccc3n2)cc1,train,238.29000000000002,2.8020200000000006,0.745074638703519,18,29
evolved_bioisostere_986,CC[C@H](c1ccc(O)cc1)[C@@H](C)c1ccc(O)cc1,0,authentic,authentic,,,c1ccc(CCc2ccccc2)cc1,train,256.34499999999997,4.395100000000004,0.8510471506855273,19,40
evolved_bioisostere_1156,CCc1ccc(-c2nc(C)ccc2OCc2cc(C)ccn2)cc1,1,evolved_bioisostere,evolved_bioisostere,COc1ccc(-c2nc(C)ccc2OCc2cc(C)ccn2)cc1,0 1,c1ccc(-c2ncccc2OCc2ccccn2)cc1,train,318.41999999999996,4.901840000000004,0.6707635796397258,24,37
evolved_bioisostere_1788,CCC(=O)n1c(C#N)c(CC)n(Cc2ccc(-c3ccccc3-c3nn[nH]n3)cc2)c1=O,1,evolved_bioisostere,evolved_bioisostere,CCCc1c(C(=O)O)n(C(=O)CC)c(=O)n1Cc1ccc(-c2ccccc2-c2nn[nH]n2)cc1,7,O=c1[nH]ccn1Cc1ccc(-c2ccccc2-c2nn[nH]n2)cc1,train,427.4680000000001,3.0294800000000004,0.5046021778930142,32,58
evolved_bioisostere_1622,CC(C)C(N)C(=O)OCCN1CCN(C2=Nc3ccccc3Sc3ccccc32)CC1,1,evolved_bioisostere,evolved_bioisostere,CC(C)C(N)C(=O)OCCOCCN1CCN(C2=Nc3ccccc3Sc3ccccc32)CC1,0 1 2 4 6,c1ccc2c(c1)N=C(N1CCNCC1)c1ccccc1S2,train,438.59700000000015,3.3736000000000033,0.7219943754186635,31,49
evolved_bioisostere_744,Nc1nc2ccnc(-c3ccccc3F)n2n1,0,authentic,authentic,,,c1ccc(-c2nccc3ncnn23)cc1,train,229.218,1.5126,0.6863235157780126,17,26
evolved_bioisostere_1188,CC(F)(F)c1ccc2c(O)nc(N)nc2c1,1,evolved_bioisostere,evolved_bioisostere,Nc1nc(O)c2ccc(C(F)(F)F)cc2n1,0,c1ccc2ncncc2c1,train,225.19799999999998,2.0292999999999997,0.7784000985871773,16,28
evolved_bioisostere_870,CC(CCc1ccccc1)NCc1ccc(OCc2ccccc2)cc1,0,authentic,authentic,,,c1ccc(CCCNCc2ccc(OCc3ccccc3)cc2)cc1,train,345.486,5.3765000000000045,0.5622804500512925,26,36
evolved_bioisostere_256,CN(CCN)CCCC1(c2ccc(F)cc2)OCc2cc(C#N)ccc21,0,authentic,authentic,,,c1ccc(C2OCc3ccccc32)cc1,train,353.4410000000001,3.1418800000000013,0.8305855717386738,26,41
evolved_bioisostere_369,CC(F)(C(O)c1ccccc1)n1cncn1,0,authentic,authentic,,,c1ccc(CCn2cncn2)cc1,train,221.235,1.6538999999999997,0.8569895923470909,16,26
evolved_bioisostere_2030,CCCC(=O)OCC(COC(=O)CCC)OCn1cnc2c(=O)[nH]c(CC)nc21,1,evolved_bioisostere,evolved_bioisostere,CCCC(=O)OCC(COC(=O)CCC)OCn1cnc2c(=O)[nH]c(N)nc21,25 26,O=c1[nH]cnc2[nH]cnc12,train,408.4550000000001,1.7112999999999998,0.5262235067966041,29,49
evolved_bioisostere_1363,CCN(Cc1ccccc1)C1CCN(Cc2ccccc2)CC1,1,evolved_bioisostere,evolved_bioisostere,CCC(=O)N(Cc1ccccc1)C1CCN(Cc2ccccc2)CC1,,c1ccc(CNC2CCN(Cc3ccccc3)CC2)cc1,val,308.46900000000005,4.173100000000003,0.7899262480472846,23,33
evolved_bioisostere_1940,CCCCC(=O)N(c1ccc(-c2ccccc2-c2nn[nH]n2)cc1)[C@H](C(N)=O)C(C)C,1,evolved_bioisostere,evolved_bioisostere,CCCCC(=O)N(Cc1ccc(-c2ccccc2-c2nn[nH]n2)cc1)[C@H](C(N)=O)C(C)C,0 1 2 3 4 5 6 24 25 26 27 28 29 30,c1ccc(-c2ccccc2-c2nn[nH]n2)cc1,train,420.5170000000001,3.5668000000000006,0.5485963108050091,31,60
evolved_bioisostere_162,COc1cc2c(cc1OC)Nc1ncn(C)c(=O)c1C2,0,authentic,authentic,,,O=c1[nH]cnc2c1Cc1ccccc1N2,train,273.29200000000003,1.4452999999999996,0.7651610060989824,20,33
evolved_bioisostere_1302,N#Cc1ccc(C2C(CCC(CO)c3ccc(F)cc3)C(=O)N2c2ccc(F)cc2)cc1,1,evolved_bioisostere,evolved_bioisostere,N#Cc1ccc(C2C(CCC(O)c3ccc(F)cc3)C(=O)N2c2ccc(F)cc2)cc1,11 12,O=C1C(CCCc2ccccc2)C(c2ccccc2)N1c1ccccc1,train,432.4700000000001,5.096880000000004,0.5287231835419233,32,54
evolved_bioisostere_1838,COC(F)(F)C(=O)NCC1CN(C2=Nc3ccccc3Sc3ccccc32)CCN1CCO,1,evolved_bioisostere,evolved_bioisostere,O=C(NCC1CN(C2=Nc3ccccc3Sc3ccccc32)CCN1CCOCCO)C(F)(F)F,0 1,c1ccc2c(c1)N=C(N1CCNCC1)c1ccccc1S2,train,476.54900000000026,2.563400000000001,0.667586632446949,33,51
evolved_bioisostere_1733,Cc1cc2ncnc(Nc3ccc(OCc4ccccc4)cc3)c2cc1CCO,1,evolved_bioisostere,evolved_bioisostere,COc1cc2ncnc(Nc3ccc(OCc4ccccc4)cc3)c2cc1OC,0 26 27 28,c1ccc(COc2ccc(Nc3ncnc4ccccc34)cc2)cc1,train,385.46700000000016,4.795620000000005,0.4784745848215729,29,41
evolved_bioisostere_1784,OCCn1c(SCc2ccccn2)nc2ccccc21,1,evolved_bioisostere,evolved_bioisostere,[O-][N+]1(Cn2c(SCc3ccccn3)nc3ccccc32)CCOCC1,0 1,c1ccc(CSc2nc3ccccc3n2C[NH+]2CCOCC2)nc1,train,285.37200000000007,2.7159000000000013,0.7323293427253672,20,28
evolved_bioisostere_207,O=C1CCc2ccc(OCCCC3CNCCN3c3ccc(Cl)cc3)cc2N1,0,authentic,authentic,,,O=C1CCc2ccc(OCCCC3CNCCN3c3ccccc3)cc2N1,val,399.92199999999997,3.8621000000000016,0.7240104843429838,28,42
evolved_bioisostere_809,NC(=O)CCS(=O)Cc1ccccc1-c1ccc(F)cc1,0,authentic,authentic,,,c1ccc(-c2ccccc2)cc1,train,305.374,2.6168000000000005,0.8915301695247072,21,34
evolved_bioisostere_0,C=CCN1CCC2(C)c3cc(O)ccc3CC1C2C,0,authentic,authentic,,,c1ccc2c(c1)CC1CC2CCN1,test,257.377,3.102400000000002,0.8229569046870947,19,30
evolved_bioisostere_1193,CCOC(=O)c1ncn2c1CN(C)C(=O)c1cc(Br)ccc1-2,1,evolved_bioisostere,evolved_bioisostere,CN1Cc2c(C(=O)OC(C)(C)C)ncn2-c2ccc(Br)cc2C1=O,,O=C1NCc2cncn2-c2ccccc21,train,364.199,2.397100000000001,0.7680783643237269,22,40
evolved_bioisostere_1428,CCc1ccccc1C(=O)C(O)(Cn1cncn1)c1ccc(Cl)cc1,1,evolved_bioisostere,evolved_bioisostere,O=C(c1ccccc1Cl)C(O)(Cn1cncn1)c1ccc(Cl)cc1,0 1,O=C(c1ccccc1)C(Cn1cncn1)c1ccccc1,train,355.82500000000005,3.2646000000000015,0.6889773755426881,25,41
evolved_bioisostere_1264,CC(C)CCC(CC(C)C)C(=O)NCCc1ccccc1,1,evolved_bioisostere,evolved_bioisostere,CC(C)CC(C(=O)NO)C(=O)NCCc1ccccc1,0 1 2 3,c1ccccc1,train,289.46299999999997,4.443800000000004,0.7149784840737667,21,32
evolved_bioisostere_1634,CN1CC[C@@H](c2c(O)cc(Cl)c3c(=O)cc(-c4ccccc4Cl)oc23)[C@@H](O)C1,1,evolved_bioisostere,evolved_bioisostere,CN1CC[C@@H](c2c(O)cc(O)c3c(=O)cc(-c4ccccc4Cl)oc23)[C@@H](O)C1,10,O=c1cc(-c2ccccc2)oc2c(C3CCNCC3)cccc12,train,420.29200000000014,4.252400000000003,0.6485948579997958,28,62
evolved_bioisostere_1992,CC(=O)N(C)C1=NC(N)=NC(C)(C)N1c1ccc(S(N)(=O)=O)cc1,1,evolved_bioisostere,evolved_bioisostere,CC1(C)N=C(N)N=C(N)N1c1ccc(S(N)(=O)=O)cc1,0 1 2 4,C1=NC=NCN1c1ccccc1,train,352.4200000000001,0.0391000000000018,0.7746059777304121,24,49
evolved_bioisostere_1372,NCn1c(SCc2ccccn2)nc2ccccc21,1,evolved_bioisostere,evolved_bioisostere,[O-][N+]1(Cn2c(SCc3ccccn3)nc3ccccc32)CCOCC1,0,c1ccc(CSc2nc3ccccc3n2C[NH+]2CCOCC2)nc1,train,270.36100000000005,2.639800000000001,0.7404375886523281,19,27
evolved_bioisostere_641,CCOC(=O)CNC(=O)c1cc(-c2ccncc2)nnc1Cl,0,authentic,authentic,,,c1cnnc(-c2ccncc2)c1,test,320.736,1.4848999999999999,0.8386623728813896,22,36
evolved_bioisostere_101,COc1cc2c(cc1CN1CCCCC1)C(=O)c1ccccc1-2,0,authentic,authentic,,,O=C1c2ccccc2-c2ccc(CN3CCCCC3)cc21,train,307.3929999999999,3.8925000000000027,0.7349361638508,23,37
evolved_bioisostere_2015,CN(C)CC/C(=C\Cn1oc(=O)n(C(=O)O)c1=O)c1cccc(Oc2cc(Cl)cc(Cl)c2)c1,1,evolved_bioisostere,evolved_bioisostere,CCCC/C(=C\Cn1oc(=O)n(CC(=O)O)c1=O)c1cccc(Oc2cc(Cl)cc(Cl)c2)c1,0 1 2 14 15,O=c1[nH]c(=O)n(CC=Cc2cccc(Oc3ccccc3)c2)o1,train,494.33100000000024,4.263500000000003,0.4987374962894603,33,63
evolved_bioisostere_49,N#CCCN1N=C(c2ccc(OCc3ccccc3)cc2)OCC1=S,0,authentic,authentic,,,S=C1COC(c2ccc(OCc3ccccc3)cc2)=NN1,test,351.4310000000001,3.5004800000000023,0.7456847972121106,25,38
evolved_bioisostere_698,Fc1ccc(C(OC2CC3CCC(C2)N3CC2CC2)c2ccc(F)cc2)cc1,0,authentic,authentic,,,c1ccc(C(OC2CC3CCC(C2)N3CC2CC2)c2ccccc2)cc1,val,383.482,5.476200000000006,0.6552288917122933,28,46
evolved_bioisostere_1709,CSn1c(=O)c2cc(-c3nn[nH]n3)cn2c2ccccc21,1,evolved_bioisostere,evolved_bioisostere,CCn1c(=O)c2cc(-c3nn[nH]n3)cn2c2ccccc21,0 1,O=c1[nH]c2ccccc2n2cc(-c3nn[nH]n3)cc12,train,298.3310000000001,1.5603999999999998,0.6071785856970301,21,38
evolved_bioisostere_1243,COc1ccc([C@H]2Sc3c(C)cccc3N(CCN(C)C)C(=O)[C@H]2O)cc1,1,evolved_bioisostere,evolved_bioisostere,COc1ccc([C@H]2Sc3c(F)cccc3N(CCN(C)C)C(=O)[C@H]2O)cc1,10,O=C1C[C@@H](c2ccccc2)Sc2ccccc2N1,train,386.5170000000001,3.1061200000000015,0.8557728516977579,27,52
evolved_bioisostere_1516,O=C(Cc1ccccc1)N(c1ccccc1)C1CCN(CCc2ccccc2)CC1,1,evolved_bioisostere,evolved_bioisostere,CC(C)CC(=O)N(c1ccccc1)C1CCN(CCc2ccccc2)CC1,3 4 5 6 7 8,c1ccc(CCN2CCC(Nc3ccccc3)CC2)cc1,train,398.5500000000002,4.969400000000005,0.5609841825198421,30,45
evolved_bioisostere_133,CN(CCCC1(c2ccc(F)cc2)OCc2cc(C#N)ccc21)C(=N)C1CCOCC1,0,authentic,authentic,,,N=C(NCCCC1(c2ccccc2)OCc2ccccc21)C1CCOCC1,train,421.51600000000025,4.587050000000003,0.5472502019997643,31,51
evolved_bioisostere_767,COc1cc(N2CCCC2)c(Cl)cc1C(=O)NC1CCN(Cc2ccccc2)C1,0,authentic,authentic,,,O=C(NC1CCN(Cc2ccccc2)C1)c1ccc(N2CCCC2)cc1,val,413.94900000000024,3.9531000000000027,0.778268586091872,29,47
evolved_bioisostere_1795,C=Cc1cc(/C=C/c2cccnc2)cc(C(C)C)c1O,1,evolved_bioisostere,evolved_bioisostere,CC(C)c1cc(/C=C/c2cccnc2)cc(C(C)C)c1O,0,C(=C\c1cccnc1)/c1ccccc1,train,265.356,4.724000000000003,0.8669652519788094,20,34
evolved_bioisostere_345,CCNC(=O)N1CCN(C2CCCc3ccc(OC)cc32)CC1,0,authentic,authentic,,,c1ccc2c(c1)CCCC2N1CCNCC1,val,317.4330000000001,2.4197000000000006,0.9310371030779689,23,36
evolved_bioisostere_1299,CC12CCC3c4ccc(OCC(=O)O)cc4CCC3C1CCC2O,1,evolved_bioisostere,evolved_bioisostere,CC12CCC3c4ccc(O)cc4CCC3C1CCC2O,10 11 12 13,c1ccc2c(c1)CCC1C2CCC2CCCC21,train,330.42400000000004,3.367000000000002,0.891588789011124,24,37
evolved_bioisostere_330,Clc1ccc(CN2CCN(C3CCCCC3)CC2)cc1.O=C(O)C(=O)O,0,authentic,authentic,,,c1ccc(CN2CCN(C3CCCCC3)CC2)cc1,val,382.8880000000001,2.9459,0.7820962625081161,26,44
evolved_bioisostere_1412,COc1ccc2[nH]c(C(=O)c3cc4ccccc4[nH]3)cc2c1,1,evolved_bioisostere,evolved_bioisostere,O=C(Cc1cccs1)Oc1ccc2[nH]c(C(=O)c3cc4ccccc4[nH]3)cc2c1,,O=C(Cc1cccs1)Oc1ccc2[nH]c(C(=O)c3cc4ccccc4[nH]3)cc2c1,train,290.32200000000006,3.8888000000000016,0.5623374536985658,22,41
evolved_bioisostere_880,NCCCCC(NC(=O)c1cccc(OCCF)c1)C(=O)COc1c(F)cccc1F,0,authentic,authentic,,,O=C(CNC(=O)c1ccccc1)COc1ccccc1,val,438.44600000000014,3.188600000000001,0.46901419891308715,31,47
evolved_bioisostere_1056,[2H]C1([2H])N(C)C([2H])([2H])C([2H])([2H])N(S(=O)(=O)c2ccc(OCC)c(-c3nc4c(CCC)nn(C)c4c(=O)[nH]3)c2)C1([2H])[2H],0,authentic,authentic,,,O=c1[nH]c(-c2cccc(S(=O)(=O)N3CCNCC3)c2)nc2cn[nH]c12,train,482.6358142240003,1.6108999999999998,0.544205198488173,33,110
evolved_bioisostere_978,COc1cc(N2CC(CNC(C)=O)OC2=O)ccc1C(C)=O,0,authentic,authentic,,,O=C1OCCN1c1ccccc1,train,306.3180000000001,1.3590999999999998,0.8302494957943092,22,37
evolved_bioisostere_885,CCOC(=O)c1ncn2c1CN(C)C(=O)c1cc(Cl)ccc1-2,0,authentic,authentic,,,O=C1NCc2cncn2-c2ccccc21,train,319.748,2.2880000000000003,0.7966555038307888,22,40
evolved_bioisostere_1948,CN1C2CCC1CC(OC(=O)C(CO)c1ccccc1F)C2,1,evolved_bioisostere,evolved_bioisostere,CN1C2CCC1CC(OC(=O)C(CO)c1ccccc1)C2,20,O=C(Cc1ccccc1)OC1CC2CCC(C1)N2,train,307.36500000000007,2.0699999999999994,0.8653048405798507,22,35
evolved_bioisostere_2124,CSCc1cc2c(s1)Nc1cc(F)cc(F)c1N=C2N1CCN(C)CC1,1,evolved_bioisostere,evolved_bioisostere,CCc1cc2c(s1)Nc1cc(F)cc(F)c1N=C2N1CCN(C)CC1.O=C(O)/C=C/C(=O)O,0 1,c1ccc2c(c1)N=C(N1CCNCC1)c1ccsc1N2,train,394.51600000000025,4.272000000000004,0.8241020672155607,26,43
evolved_bioisostere_1745,COc1ccc(C2(C[C@@H](C)CN(C)CCc3ccccc3)SCCCS2)cc1OCCO,1,evolved_bioisostere,evolved_bioisostere,COc1ccc(CCN(C)C[C@H](C)CC2(c3ccc(OC)c(OC)c3)SCCCS2)cc1OC,30 31,c1ccc(CCNCCCC2(c3ccccc3)SCCCS2)cc1,train,475.72000000000025,5.2899000000000065,0.44988285443865905,32,51
evolved_bioisostere_366,Nc1nc2ncn(CCOCP(=O)(O)O)c2c(=O)[nH]1,0,authentic,authentic,,,O=c1[nH]cnc2nc[nH]c12,train,289.188,-1.1464,0.3968597864006761,19,36
evolved_bioisostere_1799,CCC(=O)n1c(C#N)c(C)n(Cc2ccc(-c3ccccc3-c3nn[nH]n3)cc2)c1=O,1,evolved_bioisostere,evolved_bioisostere,CCCc1c(C(=O)O)n(C(=O)CC)c(=O)n1Cc1ccc(-c2ccccc2-c2nn[nH]n2)cc1,7,O=c1[nH]ccn1Cc1ccc(-c2ccccc2-c2nn[nH]n2)cc1,train,413.4410000000001,2.7755,0.5367257026283285,31,57
evolved_bioisostere_1114,Cc1ccc(S(=O)(=O)Nc2nc(C)cc(C)n2)cc1,1,evolved_bioisostere,evolved_bioisostere,Cc1cc(C)nc(NS(=O)(=O)c2ccc(N)cc2)n1,0,O=S(=O)(Nc1ncccn1)c1ccccc1,train,277.349,2.20266,0.9332059258913509,19,35
evolved_bioisostere_907,COc1ccnc(CSc2nc3ccc(OC(F)(F)C(F)Cl)cc3[nH]2)c1OC,0,authentic,authentic,,,c1ccc(CSc2nc3ccccc3[nH]2)nc1,train,433.8390000000001,4.773400000000002,0.40728526543040683,28,48
evolved_bioisostere_469,COc1ccc(-c2csc(NC(=O)C(=O)O)n2)cc1OC,0,authentic,authentic,,,c1ccc(-c2cscn2)cc1,train,308.31500000000005,1.8503999999999998,0.8365322950674461,21,36
evolved_bioisostere_1006,Cc1cnc(C(=O)N(CCC(=O)NC(C)CCc2ccccc2)Cc2ccc(F)cc2)cn1,0,authentic,authentic,,,O=C(CCN(Cc1ccccc1)C(=O)c1cnccn1)NCCCc1ccccc1,test,448.5420000000001,4.094120000000004,0.506875586897712,33,53
evolved_bioisostere_2,CCCc1nn(C)c2c(=O)[nH]c(-c3cc(S(=O)(=O)NCCCCO)ccc3OCC)nc12,0,authentic,authentic,,,O=c1[nH]c(-c2ccccc2)nc2cn[nH]c12,val,463.56000000000034,1.7255999999999996,0.36799166447322446,32,57
evolved_bioisostere_595,CCC(O)N1CCC(c2noc3cc(F)ccc23)CC1,0,authentic,authentic,,,c1ccc2c(C3CCNCC3)noc2c1,train,278.32700000000006,2.8747000000000016,0.9375874272882494,20,32
evolved_bioisostere_335,CC(=O)Oc1cc2c(c(OC(C)=O)c1)C(=O)OCCCCCCCCCC2,0,authentic,authentic,,,O=C1OCCCCCCCCCCc2ccccc21,train,376.44900000000035,4.370900000000004,0.5631994183453953,27,44
evolved_bioisostere_499,CC(COc1ccc2c(c1)NC(=O)CC2)CN1CCC(Cc2ccccc2)CC1,0,authentic,authentic,,,O=C1CCc2ccc(OCCCN3CCC(Cc4ccccc4)CC3)cc2N1,val,392.5430000000002,4.540900000000004,0.7520579940213145,29,46
evolved_bioisostere_465,COP(=O)(OC)N1CCN(C2=Nc3cc(Cl)ccc3Nc3ccccc32)CC1,0,authentic,authentic,,,c1ccc2c(c1)N=C(N1CCNCC1)c1ccccc1N2,train,420.83700000000016,4.493800000000004,0.7376735577251157,28,47
evolved_bioisostere_377,CC(O)(Cn1ccnc1)c1ccc2c(c1)Cc1ccccc1-2,0,authentic,authentic,,,c1ccc2c(c1)Cc1cc(CCn3ccnc3)ccc1-2,val,290.366,3.362000000000002,0.6280419805684324,22,37
evolved_bioisostere_711,CN1C(C(=O)Nc2nccs2)=C(O)c2ccccc2S1(=O)=O.Cc1cccs1,0,authentic,authentic,,,O=C(Nc1nccs1)C1=Cc2ccccc2S(=O)(=O)N1.c1ccsc1,test,435.55200000000013,3.6990200000000018,0.6393790229496239,28,49
evolved_bioisostere_1139,COc1ccc(C2(C[C@@H](C)CCCN(C)C)SCCCS2)cc1OC,1,evolved_bioisostere,evolved_bioisostere,COc1ccc(CCN(C)C[C@H](C)CC2(c3ccc(OC)c(OC)c3)SCCCS2)cc1OC,11 12 13 14 15,c1ccc(CCNCCCC2(c3ccccc3)SCCCS2)cc1,train,383.62300000000016,5.094700000000006,0.5900861648861867,25,42
evolved_bioisostere_1326,O=C(Nc1ccccc1)Nc1ccc(Oc2ccnc(C(=O)O)c2)cc1F,1,evolved_bioisostere,evolved_bioisostere,CNC(=O)c1cc(Oc2ccc(NC(=O)Nc3ccccc3)c(F)c2)ccn1,22,O=C(Nc1ccccc1)Nc1ccc(Oc2ccncc2)cc1,train,367.33600000000007,4.355200000000002,0.6221783329508215,27,43
evolved_bioisostere_412,CCN1CCN(C)C[C@H](NC(=O)c2cc(Cl)c(NC)cc2OC)C1,0,authentic,authentic,,,O=C(NC1CNCCNC1)c1ccccc1,val,354.8820000000001,1.7559999999999998,0.8434464355117294,24,44
evolved_bioisostere_1232,Cc1ccc(-c2ccc(Cn3cnc4c(N(C)C)ncnc43)cc2)cc1,1,evolved_bioisostere,evolved_bioisostere,CN(C)c1ncnc2c1ncn2Cc1ccc(Cl)cc1,0 1 2 3 4 24 25,c1ccc(Cn2cnc3cncnc32)cc1,train,343.434,3.9160200000000023,0.5634391799388792,26,43
evolved_bioisostere_1176,Cc1ccc(S(=O)(=O)NC(=O)NC2CCC(C)CC2)cc1,1,evolved_bioisostere,evolved_bioisostere,CCC(N)c1ccc(S(=O)(=O)NC(=O)NC2CCC(C)CC2)cc1,,O=C(NC1CCCCC1)NS(=O)(=O)c1ccccc1,train,310.4190000000001,2.5616200000000005,0.9006705851214641,21,38
evolved_bioisostere_77,C[N+]1(C)C2CCC[C@@H]1C(OC(=O)C(O)(c1cccs1)c1cccs1)C2,0,authentic,authentic,,,O=C(OC1CC2CCC[C@H]1[NH2+]2)C(c1cccs1)c1cccs1,test,378.5390000000001,3.358500000000002,0.6554866748683532,25,52
evolved_bioisostere_1617,CCCC(=O)OCC(COC(=O)CCC)OCn1cnc2c(=O)[nH]c(CCC)nc21,1,evolved_bioisostere,evolved_bioisostere,CCCC(=O)OCC(COC(=O)CCC)OCn1cnc2c(=O)[nH]c(N)nc21,25 26 27,O=c1[nH]cnc2[nH]cnc12,train,422.48200000000014,2.1014,0.486546065164665,30,50
evolved_bioisostere_384,C/C(=N\Nc1nncc2ccccc12)c1cccc(F)c1,0,authentic,authentic,,,C(=NNc1nncc2ccccc12)c1ccccc1,train,280.30600000000004,3.6050000000000013,0.5887563373980187,21,34
evolved_bioisostere_2000,CCNCC1CCN(c2c(F)cc3c(=O)c(F)cn(CC(F)(F)F)c3c2C)C1,1,evolved_bioisostere,evolved_bioisostere,CCNCC1CCN(c2c(F)cc3c(=O)c(C(=O)O)cn(CC(F)(F)F)c3c2F)C1,16 26,O=c1cc[nH]c2cc(N3CCCC3)ccc12,train,403.3950000000001,3.5862200000000026,0.7758243170407334,28,49
evolved_bioisostere_1833,COC(F)(F)c1ccc(NC2=Nc3ccc(Cl)cc3N3CCN=C23)cc1,1,evolved_bioisostere,evolved_bioisostere,FC(F)(F)c1ccc(NC2=Nc3ccc(Cl)cc3N3CCN=C23)cc1,0 1,c1ccc(NC2=Nc3ccccc3N3CCN=C23)cc1,train,376.7940000000002,4.409900000000004,0.8627962418135734,26,45
evolved_bioisostere_275,CC1(C)CC(C)(C)c2cc(N/C(S)=N/c3ccc([N+](=O)[O-])cc3)ccc2O1,0,authentic,authentic,,,C(=N\c1ccccc1)/Nc1ccc2c(c1)CCCO2,test,385.48900000000015,5.462900000000006,0.24167014254557867,27,57
evolved_bioisostere_1500,CCc1ccc(OC)c(C(=O)NC[C@@H]2CCCN2CC)c1,1,evolved_bioisostere,evolved_bioisostere,CCN1CCC[C@H]1CNC(=O)c1cc(S(N)(=O)=O)ccc1OC,0 1,O=C(NC[C@@H]1CCCN1)c1ccccc1,train,290.407,2.4717000000000002,0.8748658842799147,21,37
evolved_bioisostere_1536,CCOC(=O)C1=C(COC(C)=O)NC(C)=C(C#N)C1c1ccc(F)cc1CC,1,evolved_bioisostere,evolved_bioisostere,CCOC(=O)C1=C(COC)NC(C)=C(C#N)C1c1ccc(F)cc1Cl,10 11 26 27,C1=CC(c2ccccc2)C=CN1,train,386.4230000000001,3.2527800000000022,0.7552642999050357,28,49
evolved_bioisostere_145,CC1(c2ccc(F)cc2F)Oc2cccc(C3CCNCC3)c2O1,0,authentic,authentic,,,c1ccc(C2Oc3cccc(C4CCNCC4)c3O2)cc1,test,331.36200000000014,4.0759000000000025,0.8995097174386548,24,38
evolved_bioisostere_900,CCC(C)N(C)C(=O)c1nc2ccccc2c(-c2ccccc2)c1C,0,authentic,authentic,,,c1ccc(-c2ccnc3ccccc23)cc1,train,332.44700000000006,5.080720000000005,0.667239413877415,25,41
evolved_bioisostere_402,CC(C)n1c(C=CCO)c(-c2ccc(F)cc2)c2ccccc21,0,authentic,authentic,,,c1ccc(-c2c[nH]c3ccccc23)cc1,train,309.384,5.033800000000005,0.7178484171900857,23,39
evolved_bioisostere_692,NC[C@H]1O[C@@H](OC[C@H]2O[C@@H](n3ccc(=O)[nH]c3=O)[C@H](O)[C@@H]2O)[C@H](O)[C@@H]1O,0,authentic,authentic,,,O=c1ccn([C@H]2CC[C@@H](CO[C@H]3CCCO3)O2)c(=O)[nH]1,val,375.334,-4.422199999999996,0.2927924696210106,26,83
evolved_bioisostere_1420,COc1cccc([C@@H](O)CC[C@H]2C(=O)N(c3ccc(C(N)=O)cc3)[C@@H]2c2ccc(F)cc2)c1,1,evolved_bioisostere,evolved_bioisostere,COc1ccc([C@@H]2[C@@H](CC[C@H](O)c3ccc(F)cc3)C(=O)N2c2ccc(C(N)=O)cc2)cc1,0 1 29,O=C1[C@H](CCCc2ccccc2)[C@@H](c2ccccc2)N1c1ccccc1,train,448.49400000000014,4.151100000000003,0.5065142421772577,33,71
evolved_bioisostere_329,O=C1NCCNC(=O)c2ccccc2OCCOc2ccccc21,0,authentic,authentic,,,O=C1NCCNC(=O)c2ccccc2OCCOc2ccccc21,train,326.35200000000003,1.617599999999999,0.7711679299616797,24,34
evolved_bioisostere_1643,OCc1ccccc1-c1[nH]ccc2c3ccccc3nc1-2,1,evolved_bioisostere,evolved_bioisostere,N#Cc1ccccc1-c1[nH]ccc2c3ccccc3nc1-2,0,c1ccc(-c2[nH]ccc3c4ccccc4nc2-3)cc1,train,274.32300000000004,3.8270000000000026,0.5833974586929978,21,34
evolved_bioisostere_1388,COc1c(-c2cc(C)nc(C)c2)c(C)cc2c(=O)c(Cc3c[nH]cn3)cn(C3CC3)c12,1,evolved_bioisostere,evolved_bioisostere,Cc1cc(-c2c(F)cc3c(=O)c(Cc4c[nH]cn4)cn(C4CC4)c3c2F)cc(C)n1,0 1 13,O=c1c(Cc2c[nH]cn2)cn(C2CC2)c2cc(-c3ccncc3)ccc12,train,414.5090000000001,4.646160000000004,0.5160704758716272,31,60
evolved_bioisostere_255,C=CC(=CC(=C)C)CN1C2CCC1CC(F)(CC1Cc3cc(OC)c(OC)cc3C1=O)C2,0,authentic,authentic,,,O=C1c2ccccc2CC1CC1CC2CCC(C1)N2,test,439.5710000000003,5.472500000000006,0.5034960753066031,32,56
evolved_bioisostere_135,O=C(NC1CCN(CCF)CC1)c1ccc(COc2ccc(C(F)(F)F)cc2)cc1,0,authentic,authentic,,,O=C(NC1CCNCC1)c1ccc(COc2ccccc2)cc1,train,424.43800000000005,4.448100000000004,0.6682015531635703,30,49
evolved_bioisostere_718,Cc1nc2ccccn2c(=O)c1CCN1CCC(c2noc3cc(F)ccc23)CC1,0,authentic,authentic,,,O=c1c(CCN2CCC(c3noc4ccccc34)CC2)cnc2ccccn12,test,406.46100000000007,3.705320000000003,0.5170765655713802,30,47
evolved_bioisostere_1341,CC(C)CC(=O)C(O)(Cn1cncn1)c1ccccc1,1,evolved_bioisostere,evolved_bioisostere,CC(C)CC(=O)C(O)(Cn1cncn1)c1ccc(Cl)cc1,,c1ccc(CCn2cncn2)cc1,train,273.336,1.7811000000000001,0.8708002364302548,20,33
evolved_bioisostere_1577,CC1(O)N=C(N)N=C(N)N1c1ccc(S(N)(=O)=O)cc1,1,evolved_bioisostere,evolved_bioisostere,CC1(C)N=C(N)N=C(N)N1c1ccc(S(N)(=O)=O)cc1,2,C1=NC=NCN1c1ccccc1,train,298.3280000000001,-1.5505999999999998,0.5165574334211297,20,40
evolved_bioisostere_283,CCCC(=O)NCCc1cccc2ccc(OC)cc12,0,authentic,authentic,,,c1ccc2ccccc2c1,train,271.36,3.3072000000000017,0.8750438091879882,20,29
evolved_bioisostere_802,COc1ccc(OC)c(CC2CCc3nc(N)nc(N)c3C2)c1,0,authentic,authentic,,,c1ccc(CC2CCc3ncncc3C2)cc1,train,314.38900000000007,2.0058,0.8958231283809569,23,37
evolved_bioisostere_421,Nc1ccn([C@@H]2CS[C@H](CO)O2)c(=O)n1.O,0,authentic,authentic,,,O=c1ncccn1[C@@H]1CSCO1,train,247.27599999999998,-1.4188,0.661098984414121,16,37
evolved_bioisostere_1190,O=S(=O)(c1ccc(Cl)c(Cl)c1)c1ccc2nc(O)nc(O)c2c1,1,evolved_bioisostere,evolved_bioisostere,Nc1nc(O)c2cc(S(=O)(=O)c3ccc(Cl)c(Cl)c3)ccc2n1,17,O=S(=O)(c1ccccc1)c1ccc2ncncc2c1,train,371.2010000000001,3.180600000000001,0.717741645538864,23,45
evolved_bioisostere_138,Cc1cc2c(cc1Cl)N(C(=O)Nc1ccc(Oc3cccnc3C)nc1)CC2,0,authentic,authentic,,,O=C(Nc1ccc(Oc2cccnc2)nc1)N1CCc2ccccc21,val,394.8620000000002,5.133740000000003,0.6679178280079819,28,46
evolved_bioisostere_97,Cn1cnc([N+](=O)[O-])c1Sc1ncnc2c1NCN2,0,authentic,authentic,,,c1nc2c(c(Sc3cnc[nH]3)n1)NCN2,train,279.285,1.0643999999999996,0.48723407035463595,19,36
evolved_bioisostere_695,COc1cc(N)c(Cl)cc1C(=O)NC1CCN(CC2CCN(C(=O)C(C)(C)N)CC2)CC1,0,authentic,authentic,,,O=C(NC1CCN(CC2CCNCC2)CC1)c1ccccc1,train,466.02600000000047,2.1009,0.5541740222057908,32,57
evolved_bioisostere_1680,Cc1cc2c(s1)Cc1ccccc1N=C2N1CCN(CN)C(CCc2ccccc2)C1,1,evolved_bioisostere,evolved_bioisostere,Cc1cc2c(s1)Cc1ccccc1N=C2N1CCN(CCOCCO)C(CCc2ccccc2)C1.Cl,20,c1ccc(CCC2CN(C3=Nc4ccccc4Cc4sccc43)CCN2)cc1,train,430.62100000000027,4.574220000000004,0.6592303940527268,31,48
evolved_bioisostere_1614,CCOC(=O)c1ccc(/N=c2\nc(C)cc3ccccn23)cc1,1,evolved_bioisostere,evolved_bioisostere,CCOC(=O)c1cc2ccccn2/c(=N/c2ccc(Cl)cc2)n1,0 1 2 3 4,c1ccc(/N=c2\nccc3ccccn23)cc1,train,307.353,3.051820000000002,0.6988217183404396,23,39
evolved_bioisostere_1798,Cc1cccc(-c2nc3c(=O)n(C)c(=O)n(C)c3[nH]2)c1,1,evolved_bioisostere,evolved_bioisostere,Cn1c(=O)c2nc(-c3cccc(O)c3)[nH]c2n(C)c1=O,0,O=c1[nH]c(=O)c2nc(-c3ccccc3)[nH]c2[nH]1,train,270.292,0.9357199999999997,0.7148000043050167,20,42
evolved_bioisostere_296,CCc1nn(Cc2cccnn2)c2c(=O)[nH]c(-c3cc(S(C)(=O)=O)ccc3OCC(C)C)nc12,0,authentic,authentic,,,O=c1[nH]c(-c2ccccc2)nc2cnn(Cc3cccnn3)c12,test,482.56600000000026,2.6256000000000013,0.4052070653028926,34,63
evolved_bioisostere_864,Cc1cc(NC(=O)/C=C/c2ccccc2)ccc1O,0,authentic,authentic,,,O=C(/C=C/c1ccccc1)Nc1ccccc1,train,253.30100000000002,3.3525200000000015,0.650650457083396,19,31
evolved_bioisostere_2041,CCCC(=O)N(Cc1ccc(-c2ccccc2-c2nn[nH]n2)cc1)C(C)(C)C(=O)O,1,evolved_bioisostere,evolved_bioisostere,CCCCC(=O)N(Cc1ccc(-c2ccccc2-c2nn[nH]n2)cc1)C(C)(C)C(=O)O,,c1ccc(-c2ccccc2-c2nn[nH]n2)cc1,train,407.4740000000001,3.5256000000000016,0.5907424957003407,30,55
evolved_bioisostere_331,Fc1ccc(-c2ncn(CCCN3CCOCC3)c2-c2ccncc2)cc1,0,authentic,authentic,,,c1ccc(-c2ncn(CCCN3CCOCC3)c2-c2ccncc2)cc1,train,366.44,3.4735000000000023,0.6699785880485196,27,41
evolved_bioisostere_1896,CN(C)CCC12NC(Cc3ccccc31)c1ccccc12,1,evolved_bioisostere,evolved_bioisostere,CCCC12NC(Cc3ccccc31)c1ccccc12,0 1 2,c1ccc2c(c1)CC1NC2c2ccccc21,train,278.39900000000006,3.082300000000001,0.9279420299057255,21,33
evolved_bioisostere_551,COc1ccc2c3c1OC1CC(O)C=C[C@]31CCN(C)C2,0,authentic,authentic,,,C1=C[C@]23CCNCc4cccc(c42)OC3CC1,val,287.35900000000004,1.8503,0.800524269010138,21,37
evolved_bioisostere_1046,CN(C)CCSC(=S)N(C)CCC(Oc1ccc(C(F)(F)F)cc1)c1ccccc1,0,authentic,authentic,,,c1ccc(COc2ccccc2)cc1,train,456.59900000000005,5.727100000000005,0.4468085362846852,30,49
evolved_bioisostere_1687,C=Cc1cc2c(cc1S(N)(=O)=O)S(=O)(=O)N(C)C(C)N2,1,evolved_bioisostere,evolved_bioisostere,CC1Nc2cc(Cl)c(S(N)(=O)=O)cc2S(=O)(=O)N1C,0 1,O=S1(=O)NCNc2ccccc21,train,317.392,0.36899999999999983,0.8186637292144328,20,43
evolved_bioisostere_545,NS(=O)(=O)c1cc2c(cc1Cl)N(CC(=O)O)CNS2(=O)=O,0,authentic,authentic,,,O=S1(=O)NCNc2ccccc21,train,355.78100000000006,-0.8721999999999994,0.6378543663864853,21,43
evolved_bioisostere_1711,C=Cc1cc2c(Nc3nnc(C)s3)ncnc2s1,1,evolved_bioisostere,evolved_bioisostere,CCc1cc2c(Nc3nnc(C)s3)ncnc2s1,0,c1nc(Nc2nncs2)c2ccsc2n1,train,275.362,3.237820000000001,0.7946623367920351,18,29
evolved_bioisostere_583,Cc1cc(NCc2ccco2)c(C(=O)O)cc1S(=O)(=O)NC(C)C,0,authentic,authentic,,,c1ccc(NCc2ccco2)cc1,train,352.4120000000001,2.585020000000001,0.7066047202577175,24,43
evolved_bioisostere_1197,COCc1cc(NC(C)CCCN)c2nccc(C)c2c1Oc1ccccc1,1,evolved_bioisostere,evolved_bioisostere,COc1cc(NC(C)CCCN)c2nccc(C)c2c1Oc1ccccc1,0 1 2,c1ccc(Oc2cccc3ncccc23)cc1,train,379.5040000000001,5.021220000000004,0.5461328638672626,28,40
evolved_bioisostere_1093,CC(=O)c1ccc(-c2cc(C(N)=O)c(Cl)nn2)cc1,1,evolved_bioisostere,evolved_bioisostere,NC(=O)c1cc(-c2ccc(C(F)(F)F)cc2)nnc1Cl,0 2,c1ccc(-c2cccnn2)cc1,train,275.69499999999994,2.0984999999999996,0.8692505659091658,19,37
evolved_bioisostere_1761,Cc1ccc(-c2nc3cc(CCO)ccn3c2-c2ccnc(NC(=O)C3CCCC3)n2)cc1,1,evolved_bioisostere,evolved_bioisostere,CN(C)Cc1ccn2c(-c3ccnc(NC(=O)C4CCCC4)n3)c(-c3ccc(F)cc3)nc2c1,0 11 12,O=C(Nc1nccc(-c2c(-c3ccccc3)nc3ccccn23)n1)C1CCCC1,train,441.53500000000025,4.430220000000003,0.4617789229296112,33,54
evolved_bioisostere_803,O=C1[C@H](C(O)CO)[C@@H](c2ccc(OCc3ccccc3)cc2)N1c1ccc(F)cc1,0,authentic,authentic,,,O=C1C[C@@H](c2ccc(OCc3ccccc3)cc2)N1c1ccccc1,train,407.4410000000001,3.4620000000000024,0.5887815724578526,30,58
evolved_bioisostere_142,COc1cc(N)c(Cl)cc1C(=O)NC1CCN2CCCCN2C1,0,authentic,authentic,,,O=C(NC1CCN2CCCCN2C1)c1ccccc1,test,338.8390000000002,1.7456999999999998,0.8215416808587389,23,37
evolved_bioisostere_1899,COC(=O)COc1ccccc1Nc1nc2ccccc2c(=O)o1,1,evolved_bioisostere,evolved_bioisostere,O=c1oc(Nc2ccccc2OC(F)(F)F)nc2ccccc12,0 1 2 3,O=c1oc(Nc2ccccc2)nc2ccccc12,train,326.3080000000001,2.4834000000000005,0.7202167524532034,24,36
evolved_bioisostere_2104,C=C(C)c1ccc(S(=O)(=O)n2cc(CCN(C)CC)c3ccccc32)cc1,1,evolved_bioisostere,evolved_bioisostere,CCN(CC)CCc1cn(S(=O)(=O)c2ccc(N)cc2)c2ccccc12,0 1 2,O=S(=O)(c1ccccc1)n1ccc2ccccc21,train,382.52900000000005,4.405600000000004,0.6079539526831702,27,48
evolved_bioisostere_1771,NC(=O)C1=CCCN(NC(=O)c2ccccc2)C1,1,evolved_bioisostere,evolved_bioisostere,O=C(O)CCC1=CCCN(NC(=O)c2ccccc2)C1,0 2,O=C(NN1CC=CCC1)c1ccccc1,train,245.282,0.4487999999999995,0.8114320701059525,18,31
evolved_bioisostere_2067,COc1cc2c(N)nc(N3CCN(S(=O)(=O)c4cccs4)CC3)nc2cc1C,1,evolved_bioisostere,evolved_bioisostere,COc1cc2nc(N3CCN(S(=O)(=O)c4cccs4)CC3)nc(N)c2cc1OC,27,O=S(=O)(c1cccs1)N1CCN(c2ncc3ccccc3n2)CC1,train,419.53200000000015,2.10142,0.6908525143440761,28,48
evolved_bioisostere_624,CCNC(=O)c1ccccc1Oc1cccc(C)c1,0,authentic,authentic,,,c1ccc(Oc2ccccc2)cc1,train,255.31699999999998,3.537020000000002,0.9071013230325847,19,28
evolved_bioisostere_1664,CCOc1cc(C[C@@H](N)CC(=O)N2CC[C@@H]3[C@@H](CCc4nnc(CC)n43)C2)c(F)cc1F,1,evolved_bioisostere,evolved_bioisostere,CCc1nnc2n1[C@@H]1CCN(C(=O)C[C@H](N)Cc3cc(F)c(F)cc3F)C[C@@H]1CC2,0 1 2,O=C(CCCc1ccccc1)N1CC[C@@H]2[C@@H](CCc3nncn32)C1,train,447.5300000000002,2.813300000000001,0.7054792887226189,32,68
evolved_bioisostere_1668,CC12CCC3c4ccc(O)cc4CCC3C1CCC2S(C)(=O)=O,1,evolved_bioisostere,evolved_bioisostere,CC12CCC3c4ccc(O)cc4CCC3C1CCC2O,19 20 21 22,c1ccc2c(c1)CCC1C2CCC2CCCC21,train,334.481,3.661500000000002,0.8525100763368314,23,39
evolved_bioisostere_1541,CC(=O)NCCc1c2n(c3ccc(C(C)O)cc13)Cc1ccccc1-2,1,evolved_bioisostere,evolved_bioisostere,CC(=O)NCCc1c2n(c3ccc(Cl)cc13)Cc1ccccc1-2,13 14 15,c1ccc2c(c1)Cn1c-2cc2ccccc21,train,334.4190000000001,3.401900000000002,0.6008695420390711,25,43
evolved_bioisostere_602,COc1c(C(C)(C)C)cc(-c2nnc(S)s2)cc1C(C)(C)C,0,authentic,authentic,,,c1ccc(-c2nncs2)cc1,train,336.5260000000001,5.097400000000004,0.7751479986848777,22,41
evolved_bioisostere_984,COCCN=C(N)c1ncn([C@@H]2O[C@H](CO)[C@H](O)C2O)n1,0,authentic,authentic,,,c1ncn([C@H]2CCCO2)n1,train,301.30300000000005,-2.758699999999997,0.25076784539729624,21,47
evolved_bioisostere_1040,Cc1nc(O)[nH]c1C(=O)c1ccc(N(C)C)cc1,0,authentic,authentic,,,O=C(c1ccccc1)c1cnc[nH]1,test,245.28199999999998,1.7207199999999998,0.8077747951433383,18,34
evolved_bioisostere_1921,COc1c(NC(=O)C(C)c2ccccc2)ccc2nc(N)nc(N)c12,1,evolved_bioisostere,evolved_bioisostere,CC(C(=O)Nc1ccc2nc(N)nc(N)c2c1Cl)c1ccccc1,0 1,O=C(Cc1ccccc1)Nc1ccc2ncncc2c1,train,337.38300000000015,2.545,0.6734862865266298,25,42
evolved_bioisostere_1146,COc1cc2c(cc1OC)Nc1ncn(CO)c(=O)c1C2,1,evolved_bioisostere,evolved_bioisostere,COc1cc2c(cc1OC)Nc1ncn(C)c(=O)c1C2,16,O=c1[nH]cnc2c1Cc1ccccc1N2,train,289.29100000000005,0.8580999999999996,0.7435155144180926,21,34
evolved_bioisostere_925,CC[N+](C)(C)C[C@H]1CCCC[C@]1(O)c1cccc(OC)c1,0,authentic,authentic,,,c1ccc(C2CCCCC2)cc1,train,292.443,3.1693000000000016,0.844753013234123,21,43
evolved_bioisostere_449,CCOC(=O)Nc1cccc2c1CN(C)CC2c1ccccc1,0,authentic,authentic,,,c1ccc(C2CNCc3ccccc32)cc1,train,310.397,3.8323000000000027,0.9364643384010086,23,34
evolved_bioisostere_89,O=c1c2ccccc2oc2cc(OCC(O)CNCCCO)cc(O)c12,0,authentic,authentic,,,O=c1c2ccccc2oc2ccccc12,train,359.37800000000016,1.3634999999999997,0.35483289787811895,26,39
evolved_bioisostere_942,CNCC1(c2ccc(N3CCc4c(C(F)(F)F)nn(-c5ccc(OC)cc5)c4C3=O)cc2)CC1,0,authentic,authentic,,,O=C1c2c(cnn2-c2ccccc2)CCN1c1ccc(C2CC2)cc1,test,470.4950000000002,4.353600000000004,0.5820081048140265,34,60
evolved_bioisostere_2125,O=C(CO)N(c1ccccc1)C1CCN(CCc2ccccc2)CC1,1,evolved_bioisostere,evolved_bioisostere,CC(C)CC(=O)N(c1ccccc1)C1CCN(CCc2ccccc2)CC1,3,c1ccc(CCN2CCC(Nc3ccccc3)CC2)cc1,train,338.451,2.719000000000001,0.8806761891287783,25,38
evolved_bioisostere_1432,Oc1cc2c(cc1CCNc1ccccc1)CCO2,1,evolved_bioisostere,evolved_bioisostere,Oc1cc2c(cc1CCCNc1ccccc1)OCC2,0 9 10 11 12 13 14 15,c1ccc(NCCCc2ccc3c(c2)OCC3)cc1,val,255.31699999999998,2.9817,0.8821506055232766,19,27
evolved_bioisostere_2080,COC(F)(F)c1cc(C)nc2cc3c(cc12)CCC(C)(C)N3,1,evolved_bioisostere,evolved_bioisostere,CC1(C)CCc2cc3c(C(F)(F)F)cc(O)nc3cc2N1,0 1 8,c1cnc2cc3c(cc2c1)CCCN3,train,306.356,4.375620000000003,0.8940093469444377,22,40
evolved_bioisostere_1779,Cc1ccc(/C=C/c2ccccn2)cc1,1,evolved_bioisostere,evolved_bioisostere,COc1ccc(/C=C/c2ccccn2)cc1,0,C(=C\c1ccccn1)/c1ccccc1,train,195.26500000000001,3.5604200000000024,0.7135980507746542,15,24
evolved_bioisostere_253,CCC/C(C=O)=C(\CCC)c1sc(-c2ccc(OCC(C)C)c(C#N)c2)nc1C,0,authentic,authentic,,,c1ccc(-c2nccs2)cc1,train,410.5830000000002,6.577700000000007,0.3277897574953985,29,51
evolved_bioisostere_1522,COc1ccc(-c2nc(O)ccc2OCc2cc(C)ccn2)cc1,1,evolved_bioisostere,evolved_bioisostere,COc1ccc(-c2nc(C)ccc2OCc2cc(C)ccn2)cc1,9,c1ccc(-c2ncccc2OCc2ccccn2)cc1,train,322.364,3.7452200000000015,0.7748926620722645,24,37
evolved_bioisostere_669,COc1ccc2c(c1OC)CCC[C@H]2CN(C)CCc1ccc2c(c1)OCO2,0,authentic,authentic,,,c1ccc2c(c1)CCC[C@H]2CNCCc1ccc2c(c1)OCO2,test,383.4880000000001,4.026900000000003,0.7220277944054272,28,46
evolved_bioisostere_753,NC(=O)c1ncn([C@]2(O)O[C@H](CS)[C@@H](O)[C@H]2O)n1,0,authentic,authentic,,,c1ncn(C2CCCO2)n1,train,276.274,-2.97,0.3706834229695422,18,49
evolved_bioisostere_1849,COc1ccc(Cc2cc3c(cc2Cl)CO[C@@]3(C)CO)c(C)c1,1,evolved_bioisostere,evolved_bioisostere,COc1ccc(Cc2cc3c(cc2Cl)CO[C@]32O[C@H](CO)[C@@H](O)[C@H](O)[C@H]2O)c(C)c1,17 18 19,c1ccc(Cc2ccc3c(c2)[C@]2(CCCCO2)OC3)cc1,val,332.82700000000006,3.985520000000003,0.9198391694002334,23,42
evolved_bioisostere_435,N#CN=C(N)c1ncn(C2O[C@H](CO)[C@@H](O)[C@H]2O)n1,0,authentic,authentic,,,c1ncn(C2CCCO2)n1,train,268.233,-2.924019999999999,0.25703354014115815,19,46
evolved_bioisostere_1064,CC=C(C=CCC#N)C(Cn1cnnc1)c1ccc(C#N)cc1,0,authentic,authentic,,,c1ccc(CCn2cnnc2)cc1,train,303.369,3.3497600000000025,0.766545354297503,23,37
evolved_bioisostere_1340,Cc1cc2nc(N3CCN(S(=O)(=O)c4cccs4)CC3)nc(N)c2cc1C(N)=O,1,evolved_bioisostere,evolved_bioisostere,COc1cc2nc(N3CCN(S(=O)(=O)c4cccs4)CC3)nc(N)c2cc1OC,0 26 27 28,O=S(=O)(c1cccs1)N1CCN(c2ncc3ccccc3n2)CC1,train,432.5310000000003,1.1917200000000001,0.6319372001685968,29,52
evolved_bioisostere_451,CC1(C)N=C(N)N=C(N)N1c1ccc(S(C)(=O)=O)cc1,0,authentic,authentic,,,C1=NC=NCN1c1ccccc1,train,295.36800000000005,0.27560000000000073,0.8127873611848659,20,40
evolved_bioisostere_2159,CCOC(=O)C1=C[C@@H](OC(C)CC)[C@H](C(C)=O)[C@@H](N)C1,1,evolved_bioisostere,evolved_bioisostere,CCOC(=O)C1=C[C@@H](OC(C)CC)[C@H](NC(C)=O)[C@@H](N)C1,14 15 16,C1=CCCCC1,train,283.368,1.5957999999999999,0.7489711718192501,20,51
evolved_bioisostere_1113,COc1cnc2c(c1)CCc1cc(Cl)ccc1C2=C1CCN(OC)CC1,1,evolved_bioisostere,evolved_bioisostere,COc1cnc2c(c1)CCc1cc(Cl)ccc1C2=C1CCN(C(C)=O)CC1,22 23,c1ccc2c(c1)CCc1cccnc1C2=C1CCNCC1,train,370.8800000000002,4.301300000000004,0.7889163276550597,26,42
evolved_bioisostere_42,NC(Cc1onc(O)c1-c1ccccc1)C(=O)O,0,authentic,authentic,,,c1ccc(-c2cnoc2)cc1,val,248.238,1.0015999999999998,0.7442080323806758,18,30
evolved_bioisostere_774,CC(C)NCC(O)COc1ccc(CCOCCOc2ccccc2)cc1,0,authentic,authentic,,,c1ccc(CCOCCOc2ccccc2)cc1,train,373.493,3.0624000000000002,0.5286170209360018,27,37
evolved_bioisostere_1947,Cc1ccc(N(CC(=O)O)C(=O)c2ccccc2)cc1,1,evolved_bioisostere,evolved_bioisostere,COc1ccc(N(CC(=O)O)C(=O)c2ccccc2)cc1,0,O=C(Nc1ccccc1)c1ccccc1,train,269.3,2.726420000000001,0.9280455920263179,20,34
evolved_bioisostere_375,FC(F)(F)c1ccc(OC(c2ccccc2)C2CCNCC2)cc1,0,authentic,authentic,,,c1ccc(OC(c2ccccc2)C2CCNCC2)cc1,train,335.36900000000014,4.825100000000004,0.8643702316589765,24,38
evolved_bioisostere_1764,O=C(c1ccc(Cl)cc1)c1ccc2n1CC(CO)C2,1,evolved_bioisostere,evolved_bioisostere,O=C(c1ccc(Cl)cc1)c1ccc2n1CC(C(=O)O)C2,,O=C(c1ccccc1)c1ccc2n1CCC2,train,275.735,2.5371000000000006,0.8749512995937169,19,33
evolved_bioisostere_793,O=C(O[C@H]1C[N+]2(CCCC3OCCO3)CCC1CC2)C(O)(c1cccs1)c1cccs1,0,authentic,authentic,,,O=C(O[C@H]1C[N+]2(CCCC3OCCO3)CCC1CC2)C(c1cccs1)c1cccs1,train,464.62900000000013,3.350800000000002,0.4795066060878082,31,57
evolved_bioisostere_1408,CC(=O)NCC1CN(c2ccc(-c3cccc(C(=O)O)c(=O)c3)cc2)C(=O)O1,1,evolved_bioisostere,evolved_bioisostere,C=CCNc1cccc(-c2ccc(N3CC(CNC(C)=O)OC3=O)cc2)cc1=O,17 18 19,O=C1OCCN1c1ccc(-c2ccccc(=O)c2)cc1,train,382.3720000000001,1.8733,0.8162949978886399,28,53
evolved_bioisostere_1528,CCCC(=O)NCCc1c2n(c3ccc(O)cc13)CCc1ccccc1-2,1,evolved_bioisostere,evolved_bioisostere,CCCC(=O)NCCc1c2n(c3ccc(OC)cc13)CCc1ccccc1-2,,c1ccc2c(c1)CCn1c-2cc2ccccc21,train,348.44600000000014,4.028800000000003,0.7313486249164979,26,42
evolved_bioisostere_586,CN(C)C1CCCC1N(C(=O)C1CCCCC1)c1ccc(Cl)c(Cl)c1,0,authentic,authentic,,,O=C(C1CCCCC1)N(c1ccccc1)C1CCCC1,train,383.36300000000006,5.3894000000000055,0.6960903431186117,25,44
evolved_bioisostere_1464,CC(=O)c1ccc(/C=C/c2ccccn2)cc1,1,evolved_bioisostere,evolved_bioisostere,COc1ccc(/C=C/c2ccccn2)cc1,0 1 2,C(=C\c1ccccn1)/c1ccccc1,train,223.275,3.454600000000002,0.7457720830135585,17,29
evolved_bioisostere_917,Cl.N=C(N)c1ncn(C2O[C@H](CO)[C@@H](O)[C@H]2O)n1,0,authentic,authentic,,,c1ncn(C2CCCO2)n1,train,279.684,-2.40453,0.30539778527958633,18,46
evolved_bioisostere_1283,CCOC(=O)C1=C[C@@H](OC(C)CC)[C@H](O)[C@@H](N)C1,1,evolved_bioisostere,evolved_bioisostere,CCOC(=O)C1=C[C@@H](OC(C)CC)[C@H](NC(C)=O)[C@@H](N)C1,14,C1=CCCCC1,train,257.33,0.7514999999999998,0.7102807380207481,18,46
evolved_bioisostere_2046,Nc1nnc(Sc2ncnc3sc(CO)cc23)s1,1,evolved_bioisostere,evolved_bioisostere,CCc1cc2c(Sc3nnc(N)s3)ncnc2s1,14,c1nc(Sc2nncs2)c2ccsc2n1,train,297.39000000000004,1.7684999999999997,0.7107921932985236,18,28
evolved_bioisostere_784,COc1cc(O)cc2c1C(=O)O[C@H](C)CCCCCCC2,0,authentic,authentic,,,O=C1OCCCCCCCCc2ccccc21,val,292.37500000000006,3.842800000000003,0.798916072327407,21,36
evolved_bioisostere_1970,CCc1cccc2c1C1CCN(CCc3ccccc3)[C@@H]1CC2,1,evolved_bioisostere,evolved_bioisostere,COc1cccc2c1C1CCN(CCc3ccccc3)[C@@H]1CC2,0 1,c1ccc(CCN2CCC3c4ccccc4CC[C@H]32)cc1,train,305.46500000000003,4.595800000000004,0.7979636950719875,23,38
evolved_bioisostere_760,COc1ccc(-c2nc(C3=NNC(=O)CC3)sc2-c2ccc(OC)cc2)cc1,0,authentic,authentic,,,O=C1CCC(c2nc(-c3ccccc3)c(-c3ccccc3)s2)=NN1,train,393.46800000000013,4.108400000000002,0.7080519777834949,28,48
evolved_bioisostere_1366,C[C@H](N[C@@H](CCc1ccccc1)C(=O)O)C(=O)N1[C@H](C)C[C@H]2CCCC[C@@H]21,1,evolved_bioisostere,evolved_bioisostere,C[C@H](N[C@@H](CCc1ccccc1)C(=O)O)C(=O)N1[C@H](C(=O)O)C[C@H]2CCCC[C@@H]21,,O=C(CNCCCc1ccccc1)N1CC[C@H]2CCCC[C@@H]21,train,372.50900000000024,3.230100000000002,0.7709357394292651,27,67
evolved_bioisostere_1869,O=C(O)CC1CC(n2cc(F)c(=O)[nH]c2=O)C(O)C1O,1,evolved_bioisostere,evolved_bioisostere,O=c1[nH]c(=O)n(C2CC(CO)C(O)C2O)cc1F,0 1 2,O=c1ccn(C2CCCC2)c(=O)[nH]1,train,288.231,-1.5667999999999995,0.5310898915835003,20,40
evolved_bioisostere_799,CC(C)(C)c1ccc(C=NNc2nncc3ccccc23)cc1,0,authentic,authentic,,,C(=NNc1nncc2ccccc12)c1ccccc1,train,304.39700000000005,4.373300000000003,0.5770622194720426,23,36
evolved_bioisostere_172,Nc1nc(N)c2nc(CNc3cccc4ccccc34)cnc2n1,0,authentic,authentic,,,c1ccc2c(NCc3cnc4ncncc4n3)cccc2c1,val,317.3560000000001,2.3495,0.5308350391654719,24,36
evolved_bioisostere_899,NCC(O)COc1cccc2ccccc12,0,authentic,authentic,,,c1ccc2ccccc2c1,train,217.268,1.5381999999999993,0.8163574198206608,16,22
evolved_bioisostere_906,CN1C[C@H](CCn2c3c(c4ccccc42)C(=O)NCC3)CC1=O,0,authentic,authentic,,,O=C1C[C@@H](CCn2c3c(c4ccccc42)C(=O)NCC3)CN1,train,311.38500000000016,1.7955999999999999,0.9394903225069375,23,43
evolved_bioisostere_1686,COCc1cc2c(s1)Nc1ccccc1N=C2N1CCN(C)CC1,1,evolved_bioisostere,evolved_bioisostere,CN1CCN(C2=Nc3ccccc3Nc3sc(CO)cc32)CC1,0,c1ccc2c(c1)N=C(N1CCNCC1)c1ccsc1N2,train,342.4680000000002,3.2772000000000023,0.9091998445060159,24,37
evolved_bioisostere_1752,COCn1c(=O)c2c(nc3ccccn32)n(Cc2ccccc2)c1=O,1,evolved_bioisostere,evolved_bioisostere,C=CCn1c(=O)c2c(nc3ccccn32)n(Cc2ccccc2)c1=O,0 1,O=c1[nH]c(=O)n(Cc2ccccc2)c2nc3ccccn3c12,train,336.35100000000006,1.4631,0.5656830205428817,25,41
evolved_bioisostere_1775,Cc1ccnc(CSc2nc3ccccc3[nH]2)c1C,1,evolved_bioisostere,evolved_bioisostere,CCOc1ccnc(CSc2nc3ccccc3[nH]2)c1C,0,c1ccc(CSc2nc3ccccc3[nH]2)nc1,train,269.37300000000005,3.867040000000002,0.7338797709816804,19,30
evolved_bioisostere_1783,CC(C)(C)c1cc(C/C=C/c2cccs2)cc(C(C)(C)C)c1F,1,evolved_bioisostere,evolved_bioisostere,CC(C)(C)c1cc(C/C=C/c2cccs2)cc(C(C)(C)C)c1O,22,C(=C\c1cccs1)/Cc1ccccc1,train,330.51200000000006,6.7381000000000055,0.5844540014553777,23,42
evolved_bioisostere_1863,CCOC(=O)c1cccc(C[C@@H](N)CC(=O)N2CC[C@@H]3[C@@H](CCc4nnc(C(F)(F)F)n43)C2)c1,1,evolved_bioisostere,evolved_bioisostere,N[C@@H](CC(=O)N1CC[C@@H]2[C@@H](CCc3nnc(C(F)(F)F)n32)C1)Cc1cc(F)c(F)cc1F,0 1 2 3 4,O=C(CCCc1ccccc1)N1CC[C@@H]2[C@@H](CCc3nncn32)C1,train,479.50300000000016,2.7695000000000016,0.6394542898993502,34,75
evolved_bioisostere_1410,OC[C@H]1O[C@@H](c2ccc(Cl)c(Cc3ccc(O)cc3)c2)[C@H](O)[C@@H](O)[C@@H]1O,1,evolved_bioisostere,evolved_bioisostere,OC[C@H]1O[C@@H](c2ccc(Cl)c(Cc3ccc(OCCO[C@@H]4CCOC4)cc3)c2)[C@H](O)[C@@H](O)[C@@H]1O,,c1cc(Cc2ccc(OCCO[C@@H]3CCOC3)cc2)cc([C@H]2CCCCO2)c1,test,380.824,1.1512999999999993,0.5440137113389544,26,68
evolved_bioisostere_814,Clc1ccc2c(c1)N(C1CC1)c1ccccc1N=C2N1CCNCC1,0,authentic,authentic,,,c1ccc2c(c1)N=C(N1CCNCC1)c1ccccc1N2C1CC1,val,352.86900000000014,3.937400000000003,0.8430209094141384,25,41
evolved_bioisostere_1378,Cc1ccc2c(c1)CC[C@H]1[C@](C)(Sc3ccccn3)CCC[C@]21C,1,evolved_bioisostere,evolved_bioisostere,CC(C)c1ccc2c(c1)CC[C@H]1[C@](C)(Sc3ccccn3)CCC[C@]21C,,c1ccc(SC2CCCC3c4ccccc4CC[C@@H]23)nc1,train,337.5320000000002,5.945020000000006,0.6718536000168402,24,48
evolved_bioisostere_578,CCOc1ccccc1NC(=O)Nc1nc2ccncc2cc1C,0,authentic,authentic,,,O=C(Nc1ccccc1)Nc1ccc2cnccc2n1,val,322.36800000000005,3.980920000000002,0.761497001281642,24,33
evolved_bioisostere_84,OCCc1ccc(OCCCc2cc3c(cc2O)CCO3)cc1,0,authentic,authentic,,,c1ccc(OCCCc2ccc3c(c2)OCC3)cc1,test,314.3810000000001,2.8735000000000017,0.7716366469947428,23,33
evolved_bioisostere_171,CCC(C)CNCC1(CC(=O)O)CCCCC1.Cl,0,authentic,authentic,,,C1CCCCC1,train,277.83599999999996,3.4691000000000023,0.7491128590100078,18,29
evolved_bioisostere_500,Cc1nccn1CCCNC(=O)c1ccc(Cl)s1,0,authentic,authentic,,,O=C(NCCCn1ccnc1)c1cccs1,train,283.784,2.7265200000000007,0.8578723689109722,18,28
evolved_bioisostere_1052,CC1CC(NC(C2CC2)C2CC2)=NC1C,0,authentic,authentic,,,C1CN=C(NC(C2CC2)C2CC2)C1,test,206.33299999999997,2.591400000000001,0.753854380172633,15,26
evolved_bioisostere_1731,O=C1Nc2ccc(Cl)cc2C(c2ccccc2Cl)=NC1O,1,evolved_bioisostere,evolved_bioisostere,Nc1ccc2c(c1)C(c1ccccc1Cl)=NC(O)C(=O)N2,7,O=C1CN=C(c2ccccc2)c2ccccc2N1,train,321.163,3.1013000000000015,0.847697894583369,21,35
evolved_bioisostere_1837,O=C1[C@H](O)[C@@H](c2ccc(OCc3ccccc3)cc2)N1c1ccc(F)cc1,1,evolved_bioisostere,evolved_bioisostere,O=C1[C@H]([C@H](O)CO)[C@@H](c2ccc(OCc3ccccc3)cc2)N1c1ccc(F)cc1,3,O=C1C[C@@H](c2ccc(OCc3ccccc3)cc2)N1c1ccccc1,train,363.38800000000003,3.853500000000003,0.7006796033939028,27,53
evolved_bioisostere_425,NC(=O)Cc1c(Cl)n(Cc2ccccc2)c2ccc(OCCCC(=O)O)cc12,0,authentic,authentic,,,c1ccc(Cn2ccc3ccccc32)cc1,test,400.86200000000025,3.6144000000000025,0.5361863820020907,28,47
evolved_bioisostere_1330,C[C@@H](N1CCn2ncnc2C1)[C@](Cn1cncn1)(c1ccc(F)cc1F)N(C)C,1,evolved_bioisostere,evolved_bioisostere,C[C@@H](N1CCn2ncnc2C1)[C@](O)(Cn1cncn1)c1ccc(F)cc1F,26 27 28,c1ccc(C(CN2CCn3ncnc3C2)Cn2cncn2)cc1,train,402.45300000000015,1.509199999999999,0.6227425506820353,29,55
evolved_bioisostere_1931,CCc1cc(CCc2cccnc2)cc(C(C)(C)C)c1O,1,evolved_bioisostere,evolved_bioisostere,CC(C)(C)c1cc(CCc2cccnc2)cc(C(C)(C)C)c1O,,c1ccc(CCc2cccnc2)cc1,train,283.415,4.432300000000005,0.8999643200622082,21,33
evolved_bioisostere_1755,CCCCn1c(=O)c2cc(CO)cn2c2ccccc21,1,evolved_bioisostere,evolved_bioisostere,CCCCn1c(=O)c2cc(C(=O)O)cn2c2ccccc21,,O=c1[nH]c2ccccc2n2cccc12,train,270.332,2.5466000000000006,0.791630650686842,20,31
evolved_bioisostere_1495,COCC1=C(C(C)=O)C(c2ccc(F)cc2Cl)C(C#N)=C(C)N1,1,evolved_bioisostere,evolved_bioisostere,CCOC(=O)C1=C(COC)NC(C)=C(C#N)C1c1ccc(F)cc1Cl,6,C1=CC(c2ccccc2)C=CN1,train,334.7780000000001,3.452980000000002,0.9156679211981881,23,44
evolved_bioisostere_1198,CCc1c(C(N)=O)n(C(C)C)c(=O)n1Cc1ccc(-c2ccccc2-c2nn[nH]n2)cc1,1,evolved_bioisostere,evolved_bioisostere,CCCCc1c(C(=O)O)n(C(C)C)c(=O)n1Cc1ccc(-c2ccccc2-c2nn[nH]n2)cc1,5,O=c1[nH]ccn1Cc1ccc(-c2ccccc2-c2nn[nH]n2)cc1,train,431.5000000000001,2.7874,0.4654942795465579,32,59
evolved_bioisostere_1077,Cc1ccc(-c2[nH]ccc3c4ccccc4nc2-3)c(C)c1,0,authentic,authentic,,,c1ccc(-c2[nH]ccc3c4ccccc4nc2-3)cc1,train,272.351,4.951540000000003,0.5214546943230344,21,38
evolved_bioisostere_575,CC1=CCc2c(cc(CCc3ccccc3)c(C(=O)O)c2O)OC1,0,authentic,authentic,,,C1=CCc2ccc(CCc3ccccc3)cc2OC1,train,324.3760000000001,3.756800000000003,0.8405245655300957,24,40
evolved_bioisostere_1271,COc1cccc([C@@]2(O)CCCC[C@@H]2CC(=O)O)c1,1,evolved_bioisostere,evolved_bioisostere,COc1cccc([C@@]2(O)CCCC[C@@H]2CN(C)C)c1,15 16 17,c1ccc(C2CCCCC2)cc1,train,264.3209999999999,2.5477,0.8766742793431492,19,39
evolved_bioisostere_834,COc1ccccc1C(=O)NC1CC(C)(C)NC(C)(C)C1,0,authentic,authentic,,,O=C(NC1CCNCC1)c1ccccc1,val,290.40700000000004,2.7342000000000013,0.8997012156311949,21,36
evolved_bioisostere_2096,CC1=CN(C(=O)NCCc2ccc(F)cc2)C(=O)C1CN,1,evolved_bioisostere,evolved_bioisostere,CCC1C(=O)N(C(=O)NCCc2ccc(S(N)(=O)=O)cc2)C=C1C,13 20,O=C1CC=CN1C(=O)NCCc1ccccc1,train,291.3260000000001,1.3987,0.8801484004457126,21,36
evolved_bioisostere_1303,CCOc1ccc2c(c1)CC[C@H]1[C@H](O)[C@@H](O)CC[C@]21C,1,evolved_bioisostere,evolved_bioisostere,CC(C)c1ccc2c(c1)CC[C@H]1[C@H](O)[C@@H](O)CC[C@]21C,0 1 2,c1ccc2c(c1)CC[C@H]1CCCCC21,train,276.376,2.4210000000000003,0.8719250404963732,20,48
evolved_bioisostere_1473,CC(C(=O)O)(c1ccc(F)cc1)C(O)(Cn1cncn1)c1ccc(Cl)cc1,1,evolved_bioisostere,evolved_bioisostere,CC(O)(c1ccc(F)cc1)C(O)(Cn1cncn1)c1ccc(Cl)cc1,2 3 4,c1ccc(CC(Cn2cncn2)c2ccccc2)cc1,train,389.8140000000001,3.0009000000000015,0.6762261185126762,27,49
evolved_bioisostere_9,OCc1cc([C@@H](O)CNCCc2cccc(COCCCc3cccc(O)c3)c2)ccc1O,0,authentic,authentic,,,c1ccc(CCCOCc2cccc(CCNCCc3ccccc3)c2)cc1,val,451.5630000000002,3.605200000000003,0.254595659696348,33,52
evolved_bioisostere_1226,CCC1CCC(NC(=O)NS(=O)(=O)c2ccc(C(N)CC)cc2)CC1,1,evolved_bioisostere,evolved_bioisostere,CCC(N)c1ccc(S(=O)(=O)NC(=O)NC2CCC(C)CC2)cc1,0,O=C(NC1CCCCC1)NS(=O)(=O)c1ccccc1,train,367.51500000000016,3.0531000000000015,0.7190027943940759,25,44
evolved_bioisostere_886,CC(=O)SCCN1CCC(c2noc3cc(F)ccc23)CC1,0,authentic,authentic,,,c1ccc2c(C3CCNCC3)noc2c1,train,322.4050000000001,3.426000000000002,0.8628628864880327,22,35
evolved_bioisostere_1892,CCOc1cc2c(s1)Nc1cc(F)ccc1N=C2N1CCN(C)[C@@H](C)C1,1,evolved_bioisostere,evolved_bioisostere,CC(C)c1cc2c(s1)Nc1cc(F)ccc1N=C2N1CCN(C)[C@@H](C)C1,0 1 2,c1ccc2c(c1)N=C(N1CCNCC1)c1ccsc1N2,train,374.4850000000002,4.057100000000004,0.8606771251280269,26,48
evolved_bioisostere_634,N#Cc1ccc(C(C=Cc2ccc(F)cc2)n2cncn2)cc1,0,authentic,authentic,,,C(=CC(c1ccccc1)n1cncn1)c1ccccc1,val,304.328,3.591680000000003,0.7398454765855992,23,37
evolved_bioisostere_1636,CCCN(CCC)C(=O)Cc1c(-c2ccc(Cl)cc2)nc2c(CCO)cccn12,1,evolved_bioisostere,evolved_bioisostere,CCCN(CCC)C(=O)Cc1c(-c2ccc(Cl)cc2)nc2c([N+](=O)[O-])cccn12,22 23 24,c1ccc(-c2cn3ccccc3n2)cc1,train,413.9490000000001,4.380600000000005,0.5658988273903777,29,48
evolved_bioisostere_1876,C[C@H](NC(=O)[C@@H](N)Cc1ccccc1)C(=O)N1CCC[C@@H]1C#N,1,evolved_bioisostere,evolved_bioisostere,C[C@H](NC(=O)[C@@H](N)Cc1ccccc1)C(=O)N1CCC[C@@H]1C(=O)O,22,O=C(CCc1ccccc1)NCC(=O)N1CCCC1,train,314.3890000000001,0.5756800000000002,0.8299258020767221,23,52
evolved_bioisostere_322,Clc1ccc2c(c1)N=C(N1CCNCC1)c1ccccc1N2Cc1ccccc1,0,authentic,authentic,,,c1ccc(CN2c3ccccc3N=C(N3CCNCC3)c3ccccc32)cc1,train,402.9290000000001,4.9752000000000045,0.655729977461763,29,45
evolved_bioisostere_1353,COC(=O)C1=C(C)NC(C)=C(C(=O)OC)C1c1cccc(C)c1,1,evolved_bioisostere,evolved_bioisostere,COC(=O)C1=C(C)NC(C)=C(C(=O)OC)C1c1cccc(Cl)c1,21,C1=CC(c2ccccc2)C=CN1,train,315.369,2.57582,0.8686000636267743,23,43
evolved_bioisostere_143,CCOC(=O)N1CCN(CC(O)COc2ccccc2C(C)=O)CC1,0,authentic,authentic,,,c1ccc(OCCCN2CCNCC2)cc1,train,350.4150000000002,1.4029999999999991,0.7491309344553606,25,39
evolved_bioisostere_1221,CN(C)C/C=C(/c1ccc(O)cc1)c1ccc(OCCN(C)C)cc1,1,evolved_bioisostere,evolved_bioisostere,CCCCC/C=C(/c1ccc(O)cc1)c1ccc(OCCN(C)C)cc1,0 1 2,C=C(c1ccccc1)c1ccccc1,train,340.4670000000001,3.3259000000000016,0.7995755009987665,25,42
evolved_bioisostere_1008,CCCN(C)[C@@H]1CCc2cccc(OC)c2[C@@H]1CO,0,authentic,authentic,,,c1ccc2c(c1)CCCC2,train,263.381,2.427700000000001,0.885350775431425,19,37
evolved_bioisostere_170,CCOC(=O)c1sc(-c2ccccc2OC)nc1C(F)(F)F,0,authentic,authentic,,,c1ccc(-c2nccs2)cc1,train,331.315,4.0142000000000015,0.7942786676225361,22,36
evolved_bioisostere_2134,CN(C)c1cccc(CN(C2=NCCN2)c2c(Cl)cccc2Cl)c1,1,evolved_bioisostere,evolved_bioisostere,Cl.Fc1cccc(CN(C2=NCCN2)c2c(Cl)cccc2Cl)c1,0 1 2,c1ccc(CN(C2=NCCN2)c2ccccc2)cc1,train,363.29200000000003,4.0252000000000026,0.8901039976892209,24,41
evolved_bioisostere_1661,O=C(O)COC(=O)N(c1ccccc1)C1CCN(CCc2ccccc2)CC1,1,evolved_bioisostere,evolved_bioisostere,O=C(O)CCC(=O)N(c1ccccc1)C1CCN(CCc2ccccc2)CC1,0 1 2 3 4,c1ccc(CCN2CCC(Nc3ccccc3)CC2)cc1,train,382.4600000000002,3.4213000000000022,0.7945533787522966,28,44
evolved_bioisostere_660,Fc1cccc(CN2CCN(Cc3ccc(Cl)cc3)CC2)c1.O=C(O)C(=O)O,0,authentic,authentic,,,c1ccc(CN2CCN(Cc3ccccc3)CC2)cc1,test,408.8570000000002,2.9524999999999997,0.7569245277284585,28,48
evolved_bioisostere_2160,COCC(=O)OC1(c2ccccc2)CCN(C)CC1,1,evolved_bioisostere,evolved_bioisostere,CCC(=O)OC1(c2ccccc2)CCN(C)CC1,0 1,c1ccc(C2CCNCC2)cc1,train,263.337,1.7971000000000001,0.7764669651950906,19,30
evolved_bioisostere_1606,COc1ccc(-c2nc(C)ccc2OCc2cc(O)ccn2)cc1,1,evolved_bioisostere,evolved_bioisostere,COc1ccc(-c2nc(C)ccc2OCc2cc(C)ccn2)cc1,18,c1ccc(-c2ncccc2OCc2ccccn2)cc1,train,322.364,3.7452200000000024,0.7748926620722645,24,37
evolved_bioisostere_650,CC(C)c1cccc2[nH]c(/C=C/C(O)CC(O)CC(=O)O)c(-c3ccc(F)cc3)c12,0,authentic,authentic,,,c1ccc(-c2c[nH]c3ccccc23)cc1,train,411.4730000000001,4.697200000000003,0.43231731482509816,30,58
evolved_bioisostere_1845,O=C(NC1CN(C2=Nc3ccccc3Sc3ccccc32)CCN1CCO)C(F)(F)F,1,evolved_bioisostere,evolved_bioisostere,O=C(NCC1CN(C2=Nc3ccccc3Sc3ccccc32)CCN1CCOCCO)C(F)(F)F,0 1 2 27 28 29 30,c1ccc2c(c1)N=C(N1CCNCC1)c1ccccc1S2,train,450.4860000000003,2.8440000000000016,0.7529895172603597,31,49
evolved_bioisostere_2051,COc1ccc(Nc2ncnc3cc(OC)c(OC)cc23)c(Cl)c1,1,evolved_bioisostere,evolved_bioisostere,COc1cc2ncnc(Nc3ccc(Cl)cc3Cl)c2cc1OC,0 1,c1ccc(Nc2ncnc3ccccc23)cc1,train,345.78600000000006,4.052600000000003,0.752091922900444,24,39
evolved_bioisostere_1455,O=C(NCCn1ccnc1)c1cc2ccccc2[nH]1,1,evolved_bioisostere,evolved_bioisostere,O=C(NCCCn1ccnc1)c1cc2ccccc2[nH]1,5 6 7 8 9,O=C(NCCCn1ccnc1)c1cc2ccccc2[nH]1,train,254.29300000000003,1.794399999999999,0.7453118773201184,19,31
evolved_bioisostere_392,CC1C[C@@H]2[C@H]([C@@H](O)C[C@@]3(C)[C@H]2CC[C@]3(O)C(=O)CO)[C@@]2(C)C=CC(=O)C=C12,0,authentic,authentic,,,O=C1C=CC2C(=C1)CC[C@H]1[C@@H]3CCCC3CC[C@H]21,test,374.4770000000001,1.8036,0.6851425387768039,27,82
evolved_bioisostere_1730,CC1CCN(C2CCN(CCC3CCCc4ccccc4C3=O)CC2)CC1,1,evolved_bioisostere,evolved_bioisostere,O=C1c2ccccc2CCCC1CCN1CCC(Oc2ccccc2)CC1,0 1 2 3 4 25 26,O=C1c2ccccc2CCCC1CCN1CCC(Oc2ccccc2)CC1,train,368.56500000000017,4.408200000000004,0.7357100745268109,27,40
evolved_bioisostere_1510,COc1cc(C/C=C/c2cccs2)cc(C(C)(C)C)c1O,1,evolved_bioisostere,evolved_bioisostere,CC(C)(C)c1cc(C/C=C/c2cccs2)cc(C(C)(C)C)c1O,0 1,C(=C\c1cccs1)/Cc1ccccc1,train,302.439,5.015700000000004,0.8593699948338126,21,36
evolved_bioisostere_610,CCCN(CCc1ccc(C(N)=O)cc1)C1Cc2cc(OC)c(OC)cc2C1,0,authentic,authentic,,,c1ccc(CCNC2Cc3ccccc3C2)cc1,train,382.5040000000002,3.2246000000000015,0.7231817136806729,28,45
evolved_bioisostere_428,COc1cccc(C2(O)CCCCC2C[N+](C)(C)[O-])c1,0,authentic,authentic,,,c1ccc(C2CCCCC2)cc1,train,279.37999999999994,2.6472000000000007,0.6807032999227712,20,38
evolved_bioisostere_947,C[S+](C)CCC[C@@]1(c2ccc(F)cc2)OCc2cc(C#N)ccc21,0,authentic,authentic,,,c1ccc(C2OCc3ccccc32)cc1,train,342.45900000000006,4.129280000000003,0.7655881834701699,24,46
evolved_bioisostere_523,CCOC(=O)c1cn(NC)c2cc(N3CCN(C)CC3)c(F)cc2c1=O.CS(=O)(=O)O,0,authentic,authentic,,,O=c1cc[nH]c2cc(N3CCNCC3)ccc12,train,458.5120000000002,0.7464000000000015,0.5048072103986623,31,56
evolved_bioisostere_144,CCOc1ccc(C2=CCNCC2)cc1,0,authentic,authentic,,,C1=C(c2ccccc2)CCNC1,val,203.28499999999997,2.4620000000000006,0.8144468981490094,15,22
evolved_bioisostere_710,O=C1NC(c2ccccc2)(c2ccccc2)C(=O)N1CN1CCCCC1,0,authentic,authentic,,,O=C1NC(c2ccccc2)(c2ccccc2)C(=O)N1CN1CCCCC1,train,349.43400000000025,2.9254000000000016,0.8637422734537403,26,42
evolved_bioisostere_2091,Cc1cccc(-c2cc(=O)c3c(O)cc(O)c(C4=CCN(C)CC4)c3o2)c1,1,evolved_bioisostere,evolved_bioisostere,CN1CC=C(c2c(O)cc(O)c3c(=O)cc(-c4cccc(Cl)c4)oc23)CC1,0,O=c1cc(-c2ccccc2)oc2c(C3=CCNCC3)cccc12,train,363.4130000000002,3.898520000000003,0.722340354254588,27,50
evolved_bioisostere_1641,CNS(=O)(=O)c1cc2c(N=O)c(CO)[nH]c2c2c1CCCC2,1,evolved_bioisostere,evolved_bioisostere,CNS(=O)(=O)c1cc2c(N=O)c(O)[nH]c2c2c1CCCC2,12 13,c1cc2ccc3c(c2[nH]1)CCCC3,train,323.37400000000014,1.845,0.7453000007747609,22,42
evolved_bioisostere_119,COC(=O)c1[nH]c(C(C)(C)C)cc1NC(=O)Nc1ccccc1Cl,0,authentic,authentic,,,O=C(Nc1ccccc1)Nc1cc[nH]c1,train,349.8180000000001,4.396200000000003,0.7181280480794185,24,44
evolved_bioisostere_1336,O=C1N(Cc2ccc(-c3ccccc3-c3nn[nH]n3)cc2)C(CCF)=NC12CCCC2,1,evolved_bioisostere,evolved_bioisostere,O=C1N(Cc2ccc(-c3ccccc3-c3nn[nH]n3)cc2)C(CCCCF)=NC12CCCC2,24,O=C1N(Cc2ccc(-c3ccccc3-c3nn[nH]n3)cc2)C=NC12CCCC2,train,418.47600000000034,3.946800000000003,0.656710632879168,31,54
evolved_bioisostere_244,CCc1nc(-c2ccc(OC)c(OCc3ccc(F)cc3)c2)sc1C(=O)O,0,authentic,authentic,,,c1ccc(COc2cccc(-c3nccs3)c2)cc1,val,387.4320000000001,4.797400000000003,0.6307922695735452,27,45
evolved_bioisostere_1773,Oc1ccc(/C=C/c2ccccn2)cc1,1,evolved_bioisostere,evolved_bioisostere,COc1ccc(/C=C/c2ccccn2)cc1,,C(=C\c1ccccn1)/c1ccccc1,train,197.23700000000002,2.957600000000001,0.8024403644689168,15,24
evolved_bioisostere_949,Cc1ccnc2c1CCC/C2=C\c1ccncc1,0,authentic,authentic,,,C(=C1/CCCc2cccnc21)/c1ccncc1,train,236.318,3.661920000000003,0.7547571332675587,18,27
evolved_bioisostere_1642,CC1=C(c2ccc(-c3ccccc3-c3nn[nH]n3)cc2)C(=O)N(C)C2=NC(=O)C(C)N21,1,evolved_bioisostere,evolved_bioisostere,CCCCC1=C(c2ccc(-c3ccccc3-c3nn[nH]n3)cc2)C(=O)N(C)C2=NC(=O)C(C)N21,,O=C1CN2C=C(c3ccc(-c4ccccc4-c4nn[nH]n4)cc3)C(=O)NC2=N1,train,413.4410000000002,2.3234000000000004,0.7061414387336451,31,62
evolved_bioisostere_1917,Cc1cc2c(s1)Cc1ccccc1N=C2N1CCN(CC(=O)O)C(CCc2ccccc2)C1,1,evolved_bioisostere,evolved_bioisostere,Cc1cc2c(s1)Cc1ccccc1N=C2N1CCN(CCOCCO)C(CCc2ccccc2)C1.Cl,21,c1ccc(CCC2CN(C3=Nc4ccccc4Cc4sccc43)CCN2)cc1,train,459.6150000000003,4.742620000000004,0.5986859972067887,33,53
evolved_bioisostere_1781,COc1ccc([C@@H]2Sc3cc(Cc4ccc(F)cc4)ccc3N(C(C)=O)C(=O)[C@@H]2OC(C)=O)cc1,1,evolved_bioisostere,evolved_bioisostere,COc1ccc([C@@H]2Sc3cc(Cc4ccc(F)cc4)ccc3N(CCN(C)C)C(=O)[C@@H]2OC(C)=O)cc1,25,O=C1C[C@H](c2ccccc2)Sc2cc(Cc3ccccc3)ccc2N1,train,493.5560000000002,5.083300000000006,0.4616305992655361,35,70
evolved_bioisostere_1185,CCCc1cc(OC)c(CC(C)O)cc1OC,1,evolved_bioisostere,evolved_bioisostere,CCCc1cc(OC)c(CC(C)N)cc1OC,12,c1ccccc1,train,238.32699999999997,2.579600000000001,0.8275301330565209,17,25
evolved_bioisostere_629,CC(C)(C)c1cc2cnnc(N)c2cc1F,0,authentic,authentic,,,c1ccc2cnncc2c1,train,219.26299999999995,2.6486,0.7406511519632163,16,26
evolved_bioisostere_1273,NCC(O)CNCc1ccc(-c2ccccc2-c2nn[nH]n2)cc1,1,evolved_bioisostere,evolved_bioisostere,NCC(=O)NCc1ccc(-c2ccccc2-c2nn[nH]n2)cc1,0 1 3,c1ccc(-c2ccccc2-c2nn[nH]n2)cc1,train,324.38800000000003,0.9428999999999994,0.5144334927038983,24,39
evolved_bioisostere_1010,CO[C@H]1C=C[C@]23c4cc5c(cc4CN(CC2O)[C@@H]3C1)OCO5,0,authentic,authentic,,,C1=C[C@@]23CCN(Cc4cc5c(cc42)OCO5)[C@@H]3CC1,val,301.34200000000004,1.1866999999999996,0.789696439580095,22,49
evolved_bioisostere_2005,[2H][C@@]1(c2ccc(Cl)c(Cc3ccc(C)cc3)c2)O[C@H](CO)[C@@H](O)[C@H](O)[C@H]1O,1,evolved_bioisostere,evolved_bioisostere,[2H][C@@]1(c2ccc(Cl)c(Cc3ccc(OCC)cc3)c2)O[C@H](CO)[C@@H](O)[C@H](O)[C@H]1O,13,c1ccc(Cc2cccc(C3CCCCO3)c2)cc1,train,379.8581017780001,1.75412,0.6495546602554948,26,72
evolved_bioisostere_689,COC(=O)CC(O)/C=C/c1c(-c2ccc(F)cc2)c2ccccc2n1C(C)C,0,authentic,authentic,,,c1ccc(-c2c[nH]c3ccccc23)cc1,train,381.4470000000001,4.965500000000004,0.6138014368182029,28,49
evolved_bioisostere_2033,CC1C(=O)N=C2N(C)C(=O)C(c3ccc(-c4ccccc4-c4nn[nH]n4)cc3)=C(CN(C)C)N21,1,evolved_bioisostere,evolved_bioisostere,CCCCC1=C(c2ccc(-c3ccccc3-c3nn[nH]n3)cc2)C(=O)N(C)C2=NC(=O)C(C)N21,30 31 32,O=C1CN2C=C(c3ccc(-c4ccccc4-c4nn[nH]n4)cc3)C(=O)NC2=N1,train,456.51000000000016,1.8650999999999998,0.6239139166676549,34,67
evolved_bioisostere_176,CC(CCCNCCC12CC3CC(CC(C3)C1)C2)Nc1c(F)cnc2cc(Cl)ccc12,0,authentic,authentic,,,c1ccc2c(NCCCCNCCC34CC5CC(CC(C5)C3)C4)ccnc2c1,test,444.03800000000007,6.804000000000007,0.41799490316477983,31,52
evolved_bioisostere_632,Cc1ccc(C2[C@@H](CCC(O)c3ccc(F)cc3)C(=O)N2c2ccc(C)cc2)cc1,0,authentic,authentic,,,O=C1[C@H](CCCc2ccccc2)C(c2ccccc2)N1c1ccccc1,train,403.4970000000002,5.660440000000006,0.5396127002809882,30,56
evolved_bioisostere_957,Cc1cc([N+](=O)[O-])ccc1NC(=O)C[NH+](C)Cc1ccc(Cl)cc1Cl,0,authentic,authentic,,,O=C(C[NH2+]Cc1ccccc1)Nc1ccccc1,val,383.2550000000001,2.8634200000000014,0.5950438612692068,25,53
evolved_bioisostere_865,CSc1cccc(-c2nc(-c3ccc(F)cc3)c(-c3ccncc3)[nH]2)c1,0,authentic,authentic,,,c1ccc(-c2nc(-c3ccccc3)c(-c3ccncc3)[nH]2)cc1,train,361.445,5.666700000000004,0.47644390217147703,26,48
evolved_bioisostere_1714,O=C(O)c1cc(C2CCCCC2)nc2ccccc12,1,evolved_bioisostere,evolved_bioisostere,Cc1cc(C2CCCCC2)nc2ccccc12,0 2,c1ccc2nc(C3CCCCC3)ccc2c1,train,255.31699999999998,3.9807000000000032,0.8825600370456973,19,30
evolved_bioisostere_356,COc1ccc2c3c1OC1CC(O)C=CC31CCN(CCN1CCOCC1)C2,0,authentic,authentic,,,C1=CC23CCN(CCN4CCOCC4)Cc4cccc(c42)OC3CC1,val,386.4920000000003,1.5527,0.7928821201706359,28,43
evolved_bioisostere_2020,CCC(=O)NCCc1c2n(c3ccccc13)CCc1ccccc1-2,1,evolved_bioisostere,evolved_bioisostere,O=C(NCCc1c2n(c3ccccc13)CCc1ccccc1-2)C1CCC1,0 1,O=C(NCCc1c2n(c3ccccc13)CCc1ccccc1-2)C1CCC1,train,318.42,3.933100000000003,0.7767398061435833,24,38
evolved_bioisostere_601,CCCc1ccc(C(c2ccns2)N2CCN(C)CC2)cc1,0,authentic,authentic,,,c1ccc(C(c2ccns2)N2CCNCC2)cc1,test,315.4860000000001,3.432400000000002,0.8424751647129666,22,34
evolved_bioisostere_1723,C=Cn1cc(Cc2c[nH]cn2)c(=O)c2cc(F)c(-c3cc(C)nc(C)c3)c(F)c21,1,evolved_bioisostere,evolved_bioisostere,Cc1cc(-c2c(F)cc3c(=O)c(Cc4c[nH]cn4)cn(C4CC4)c3c2F)cc(C)n1,0 1,O=c1c(Cc2c[nH]cn2)cn(C2CC2)c2cc(-c3ccncc3)ccc12,train,392.4090000000001,4.372940000000003,0.5608520902119367,29,57
evolved_bioisostere_625,CCC(=O)N(c1ccccc1)C1CCCC1N(C)C,0,authentic,authentic,,,c1ccc(NC2CCCC2)cc1,test,260.381,2.912300000000001,0.8307718860429908,19,30
evolved_bioisostere_397,O[C@H]1C=Cc2c(ccc3cc4ccc5ccccc5c4cc23)[C@@H]1O,0,authentic,authentic,,,C1=Cc2c(ccc3cc4ccc5ccccc5c4cc23)CC1,train,312.36800000000005,4.567300000000004,0.3687876113423682,24,46
evolved_bioisostere_1504,COC(F)(F)c1cccc(N2CCN(CCC3CCC(NC(C)=O)CC3)CC2)c1,1,evolved_bioisostere,evolved_bioisostere,CC(=O)NC1CCC(CCN2CCN(c3cccc(C(F)(F)F)c3)CC2)CC1,0 1,c1ccc(N2CCN(CCC3CCCCC3)CC2)cc1,train,409.52100000000024,3.5893000000000024,0.7476390061295876,29,48
evolved_bioisostere_320,O=C(O)C(=O)CC(=O)c1ccc(-n2c(-c3ccccc3)cc3ccccc32)cc1,0,authentic,authentic,,,c1ccc(-c2cc3ccccc3n2-c2ccccc2)cc1,test,383.4030000000001,4.524000000000004,0.3016080854640124,29,52
evolved_bioisostere_654,O=C1Nc2ccc(Cl)cc2C2(CCNC2)O1,0,authentic,authentic,,,O=C1Nc2ccccc2C2(CCNC2)O1,train,238.67399999999995,2.0907,0.7277986066871451,16,28
evolved_bioisostere_540,CCOC(=O)[C@H](CCc1ccccc1)N[C@@H](C)C(=O)N1[C@H](C(=O)O)C[C@H]2CCCC[C@@H]21,0,authentic,authentic,,,O=C(CNCCCc1ccccc1)N1CC[C@H]2CCCC[C@@H]21,train,430.54500000000036,2.7733000000000008,0.5851031637925748,31,74
evolved_bioisostere_1679,O=C(O)CCOc1c(Cc2ccccc2)c[nH]c2nncc1-2,1,evolved_bioisostere,evolved_bioisostere,CCCCOc1c(Cc2ccccc2)c[nH]c2nncc1-2,0 2,c1ccc(Cc2c[nH]c3nncc-3c2)cc1,train,297.3140000000001,2.3537999999999997,0.728858678822907,22,37
evolved_bioisostere_883,OC1CCCCC1N1CCC(O)(c2ccc(Cl)cc2)CC1,0,authentic,authentic,,,c1ccc(C2CCN(C3CCCCC3)CC2)cc1,train,309.8370000000001,2.9269000000000016,0.882591782983107,21,34
evolved_bioisostere_1699,CC(C)CC(=O)C(O)(Cn1cncn1)c1ccc(C(C)C)cc1,1,evolved_bioisostere,evolved_bioisostere,CC(C)CC(=O)C(O)(Cn1cncn1)c1ccc(Cl)cc1,18 19 20,c1ccc(CCn2cncn2)cc1,train,315.41700000000003,2.9045000000000014,0.8527949451982798,23,40
evolved_bioisostere_268,O=C(NCCc1cccs1)C1=Cc2ccncc2CC1,0,authentic,authentic,,,O=C(NCCc1cccs1)C1=Cc2ccncc2CC1,train,284.38400000000007,2.831600000000001,0.9377617372014667,20,30
evolved_bioisostere_2084,Cc1cc(-c2c(C)cc3c(=O)ccn(C4CC4)c3c2F)cc(C)n1,1,evolved_bioisostere,evolved_bioisostere,Cc1cc(-c2c(F)cc3c(=O)ccn(C4CC4)c3c2F)cc(C)n1,6,O=c1ccn(C2CC2)c2cc(-c3ccncc3)ccc12,train,322.38300000000004,4.462760000000004,0.6978549779110359,24,44
evolved_bioisostere_468,CCc1ccc2c(c1)sc1nc(C(=O)c3ccccc3)cn12,0,authentic,authentic,,,O=C(c1ccccc1)c1cn2c(n1)sc1ccccc12,train,306.39,4.342400000000004,0.5275773761348476,22,37
evolved_bioisostere_2021,COc1cccc([C@@H](O)CC[C@H]2C(=O)N(c3ccc(C(N)=O)cc3)[C@@H]2c2ccc(C)cc2)c1,1,evolved_bioisostere,evolved_bioisostere,COc1ccc([C@@H]2[C@@H](CC[C@H](O)c3ccc(F)cc3)C(=O)N2c2ccc(C(N)=O)cc2)cc1,0 1 29,O=C1[C@H](CCCc2ccccc2)[C@@H](c2ccccc2)N1c1ccccc1,train,444.5310000000002,4.320420000000003,0.5062239563159454,33,71
evolved_bioisostere_333,COc1cc2c(cc1OC)C(C#N)(CCCN1CCC(C(=O)c3ccc(F)cc3)CC1)CC2,0,authentic,authentic,,,O=C(c1ccccc1)C1CCN(CCCC2CCc3ccccc32)CC1,test,450.55400000000026,4.9255800000000045,0.5341016960901044,33,55
evolved_bioisostere_374,CCCCCc1c(C(C)C)nc(C(C)C)c(CO)c1-c1cccc(Cl)c1,0,authentic,authentic,,,c1ccc(-c2ccncc2)cc1,val,373.9680000000001,6.873800000000007,0.5116157154952578,26,44
evolved_bioisostere_1254,CCc1cccc(-c2nc3c(=O)n(C)c(=O)n(C)c3[nH]2)c1,1,evolved_bioisostere,evolved_bioisostere,Cn1c(=O)c2nc(-c3cccc(O)c3)[nH]c2n(C)c1=O,0 1,O=c1[nH]c(=O)c2nc(-c3ccccc3)[nH]c2[nH]1,train,284.31899999999996,1.1897,0.7679665949257742,21,43
evolved_bioisostere_1214,O=C1c2ccc(OCc3ccccn3)cc2CCC1Cc1ccccn1,1,evolved_bioisostere,evolved_bioisostere,O=C1c2ccc(OCc3ccccn3)cc2CCC1CCN1CCC(c2ccccc2)CC1,20 21 22 23 24 25,O=C1c2ccc(OCc3ccccn3)cc2CCC1CCN1CCC(c2ccccc2)CC1,train,344.4140000000001,4.043400000000003,0.7007383901354861,26,37
evolved_bioisostere_892,COc1ccccc1C(=O)N(C)CC1(c2ccccc2)CCNCC1,0,authentic,authentic,,,O=C(NCC1(c2ccccc2)CCNCC1)c1ccccc1,val,338.45100000000014,3.0886000000000013,0.9108069505060129,25,38
evolved_bioisostere_1059,COc1ccc(Nc2c(NC(C)C(C)(C)C)c(=O)c2=O)cc1,0,authentic,authentic,,,O=c1cc(Nc2ccccc2)c1=O,train,302.374,2.8813000000000004,0.8313155304253281,22,40
evolved_bioisostere_2074,Cc1oc(-c2ccc(OCC(F)(F)F)cc2)nc1COc1cccc(O)c1,1,evolved_bioisostere,evolved_bioisostere,C/C(=C\CC1OC(=O)NC1=O)c1cccc(OCc2nc(-c3ccc(OCC(F)(F)F)cc3)oc2C)c1,25,O=C1NC(=O)C(CC=Cc2cccc(OCc3coc(-c4ccccc4)n3)c2)O1,train,379.3340000000001,4.875720000000004,0.661595696135016,27,44
evolved_bioisostere_1987,COC(=O)C1C2CC[C@H](C[C@@H]1c1ccc(OC)cc1)N2,1,evolved_bioisostere,evolved_bioisostere,COC(=O)C1C2CC[C@H](C[C@@H]1c1ccc(F)cc1)N2,15 16,c1ccc([C@@H]2CC3CC[C@H](C2)N3)cc1,train,275.34799999999996,2.0923,0.8581598509149434,20,42
evolved_bioisostere_1926,CCNCC1CCN(c2c(F)cc3c(=O)c(C4(C)CC4)cn(C4(O)CC4)c3c2F)C1,1,evolved_bioisostere,evolved_bioisostere,CCNCC1CCN(c2c(F)cc3c(=O)c(C(=O)O)cn(C4(C)CC4)c3c2F)C1,16 17 18 19 23,O=c1ccn(C2CC2)c2cc(N3CCCC3)ccc12,train,417.5000000000002,3.2059000000000015,0.7580042963405389,30,55
evolved_bioisostere_1421,Cc1cc2c(cc1S(N)(=O)=O)S(=O)(=O)N(C)C(C)N2,1,evolved_bioisostere,evolved_bioisostere,CC1Nc2cc(Cl)c(S(N)(=O)=O)cc2S(=O)(=O)N1C,0,O=S1(=O)NCNc2ccccc21,train,305.38100000000003,0.03441999999999995,0.7606970205701454,19,41
evolved_bioisostere_828,Cl.Cl.O=C(O)COCCC1CN(C(c2ccccc2)c2ccc(Cl)cc2)CCN1,0,authentic,authentic,,,c1ccc(C(c2ccccc2)N2CCNCC2)cc1,train,461.8170000000001,4.038100000000004,0.5810750671999169,29,49
evolved_bioisostere_720,C=CCC1(CC(C)C)C(=O)NC(=O)NC1=O,0,authentic,authentic,,,O=C1CC(=O)NC(=O)N1,val,224.26,0.9609999999999999,0.5513835393856523,16,30
evolved_bioisostere_1720,CCOC(=O)c1cc2ccccn2/c(=N/c2ccc(OC)cc2)n1,1,evolved_bioisostere,evolved_bioisostere,CCOC(=O)c1cc2ccccn2/c(=N/c2ccc(Cl)cc2)n1,19 20,c1ccc(/N=c2\nccc3ccccn23)cc1,train,323.35200000000003,2.7520000000000016,0.6925721867124195,24,40
evolved_bioisostere_1080,O=C1NN(c2ccccc2)CC1Sc1ccccn1,0,authentic,authentic,,,O=C1NN(c2ccccc2)CC1Sc1ccccn1,val,271.34499999999997,2.0937,0.9282379849311172,19,28
evolved_bioisostere_210,CC(C)NCC(O)COC(=O)c1ccc([N+](=O)[O-])cc1,0,authentic,authentic,,,c1ccccc1,train,282.296,1.1104999999999998,0.4410749830303589,20,40
evolved_bioisostere_1433,CNC(=O)c1cc(-c2cc(OC3CCC(NC(=O)Nc4ccc(C)cc4)CC3)ccn2)ccn1,1,evolved_bioisostere,evolved_bioisostere,CNC(=O)c1cc(OC2CCC(NC(=O)Nc3ccc(OC(F)(F)F)cc3)CC2)ccn1,0 1 2 3 4 5 6 23 31 32 33,O=C(Nc1ccccc1)NC1CCC(Oc2ccncc2)CC1,train,459.5500000000001,4.323320000000003,0.5090647663748628,34,57
evolved_bioisostere_1320,OCCOc1ccc2c(c1)-c1nc(-c3ccccc3)[nH]c1CC2,1,evolved_bioisostere,evolved_bioisostere,COc1ccc2c(c1)-c1nc(-c3ccccc3)[nH]c1CC2,0 1,c1ccc(-c2nc3c([nH]2)CCc2ccccc2-3)cc1,train,306.36500000000007,3.213400000000001,0.7779105766744765,23,40
evolved_bioisostere_4,CNC(=O)O[C@H]1CC[C@](CNC(=O)c2ccccc2OC)(c2ccccc2)CC1,0,authentic,authentic,,,O=C(NCC1(c2ccccc2)CCCCC1)c1ccccc1,train,396.4870000000002,3.6616000000000026,0.7812521800782162,29,52
evolved_bioisostere_1975,COc1cc2c(Nc3ccc(Cl)cc3)ncnc2cc1OCC(C)O,1,evolved_bioisostere,evolved_bioisostere,COc1cc2ncnc(Nc3ccc(Cl)cc3)c2cc1OC,22 23 24,c1ccc(Nc2ncnc3ccccc23)cc1,train,359.81300000000016,3.795000000000004,0.6968688733682473,25,38
evolved_bioisostere_439,CCOP(=O)(CCN(C)Cc1cnc(C(=O)NCCc2ccc(S(=O)(=O)NC(=O)NC3CCCCC3)cc2)cn1)OCC,0,authentic,authentic,,,O=C(NC1CCCCC1)NS(=O)(=O)c1ccc(CCNC(=O)c2cnccn2)cc1,test,638.7280000000001,3.467600000000002,0.23158227110352958,43,72
evolved_bioisostere_606,S=C=Nc1ccc(-c2noc(C3CC3)n2)cc1,0,authentic,authentic,,,c1ccc(-c2noc(C3CC3)n2)cc1,train,243.29099999999997,3.348300000000002,0.6124252527414722,17,30
evolved_bioisostere_1810,Cc1cccc(NC(=O)c2ccc3[nH]c(NC(=O)O)nc3c2)n1,1,evolved_bioisostere,evolved_bioisostere,COC(=O)Nc1nc2cc(C(=O)Nc3cccc(C)n3)ccc2[nH]1,,O=C(Nc1ccccn1)c1ccc2[nH]cnc2c1,train,311.30100000000004,2.6085199999999995,0.5923415802039902,23,42
evolved_bioisostere_202,CCOc1ccc(-n2c(C)c3c(C)nnc(C)c3c2C)cc1,0,authentic,authentic,,,c1ccc(-n2cc3cnncc3c2)cc1,train,295.38599999999997,4.052880000000003,0.731466057531746,22,37
evolved_bioisostere_1575,COc1cc2c(cc1O)Nc1ncn(C)c(=O)c1C2,1,evolved_bioisostere,evolved_bioisostere,COc1cc2c(cc1OC)Nc1ncn(C)c(=O)c1C2,,O=c1[nH]cnc2c1Cc1ccccc1N2,train,259.265,1.1422999999999999,0.6850767527407249,19,32
evolved_bioisostere_2123,CC(C(=O)O)c1ccc2cc(CCC#N)ccc2c1,1,evolved_bioisostere,evolved_bioisostere,CCc1ccc2cc(C(C)C(=O)O)ccc2c1,13 14,c1ccc2ccccc2c1,train,253.30099999999996,3.4840800000000014,0.9068586387433646,19,31
evolved_bioisostere_755,N#CCCCc1cnc2c3c(cccc13)Nc1ccccc1-2,0,authentic,authentic,,,c1ccc2c(c1)Nc1cccc3ccnc-2c13,test,285.35,4.805080000000003,0.5496757792865015,22,34
evolved_bioisostere_29,O=C(O)C[C@H](O)C[C@H](O)/C=C/c1c(C2CC2)nc2ccccc2c1-c1ccc(F)cc1,0,authentic,authentic,,,c1ccc(-c2cc(C3CC3)nc3ccccc23)cc1,train,421.4680000000001,4.518100000000003,0.4975852641991758,31,62
evolved_bioisostere_405,CCCc1ccc(C(N)Cn2cncn2)cc1,0,authentic,authentic,,,c1ccc(CCn2cncn2)cc1,train,230.315,1.9306,0.8535064895073118,17,25
evolved_bioisostere_442,N/C(=C\C(=O)c1ccc(Cl)c(Cl)c1)C(=O)O,0,authentic,authentic,,,c1ccccc1,train,260.07599999999996,2.1033,0.6437569064964561,16,35
evolved_bioisostere_673,CCS(=O)(=O)c1ccc(Cl)cc1C1NC(=O)NC1=O,0,authentic,authentic,,,O=C1NC(=O)C(c2ccccc2)N1,train,302.73900000000003,1.0141,0.8152105208183366,19,36
evolved_bioisostere_1450,OC1CCC(CCN2CCN(c3cccc(C(F)(F)F)c3)CC2)CC1,1,evolved_bioisostere,evolved_bioisostere,CC(=O)NC1CCC(CCN2CCN(c3cccc(C(F)(F)F)c3)CC2)CC1,0,c1ccc(N2CCN(CCC3CCCCC3)CC2)cc1,train,356.4320000000002,3.768600000000003,0.88967169855626,25,41
evolved_bioisostere_1346,CC1=NC2(CC2)C(=O)N1Cc1ccc(-c2ccccc2-c2nn[nH]n2)cc1,1,evolved_bioisostere,evolved_bioisostere,CCCC1=NC2(CC2)C(=O)N1Cc1ccc(-c2ccccc2-c2nn[nH]n2)cc1,,O=C1N(Cc2ccc(-c3ccccc3-c3nn[nH]n3)cc2)C=NC12CC2,train,358.40500000000003,2.8269,0.7767835562171491,27,50
evolved_bioisostere_188,CC(CCC(N)=O)C(=O)N1c2ccccc2CC1C(=O)O,0,authentic,authentic,,,c1ccc2c(c1)CCN2,test,290.3190000000001,0.9304999999999997,0.8419527246118648,21,36
evolved_bioisostere_1225,CCc1ccc([C@H]2C[C@H]3CCC(N3)C2C(=O)OC)cc1,1,evolved_bioisostere,evolved_bioisostere,COC(=O)C1C2CC[C@H](C[C@@H]1c1ccc(F)cc1)N2,0 1,c1ccc([C@@H]2CC3CC[C@H](C2)N3)cc1,train,273.376,2.6461000000000006,0.8604574324065687,20,41
evolved_bioisostere_1582,CSn1c(=O)c2c(nc3ccccn32)n(Cc2ccccc2)c1=O,1,evolved_bioisostere,evolved_bioisostere,C=CCn1c(=O)c2c(nc3ccccn32)n(Cc2ccccc2)c1=O,0 1,O=c1[nH]c(=O)n(Cc2ccccc2)c2nc3ccccn3c12,train,338.39200000000005,1.9852999999999998,0.5730609873325689,24,40
evolved_bioisostere_816,COc1ccccc1.Cn1c(=O)c2nc[nH]c2n(C)c1=O,0,authentic,authentic,,,O=c1[nH]c(=O)c2nc[nH]c2[nH]1.c1ccccc1,train,288.307,0.6555,0.7127318413205513,21,37
evolved_bioisostere_1036,Cl.N=C(N)c1ncn([C@@H]2O[C@H](CO)[C@@H](O)[C@H]2O)n1,0,authentic,authentic,,,c1ncn([C@H]2CCCO2)n1,train,279.684,-2.40453,0.30539778527958633,18,51
evolved_bioisostere_1304,CCC1C(=O)N2[C@@H](C(=O)O)C(C)(C)S(=O)(=O)[C@@H]12,1,evolved_bioisostere,evolved_bioisostere,CC1(C)[C@H](C(=O)O)N2C(=O)C(C/C=C/C#N)[C@@H]2S1(=O)=O,,O=C1C[C@H]2N1CCS2(=O)=O,train,261.299,-0.15889999999999938,0.6973455825533386,17,49
evolved_bioisostere_1071,CC(N)Cn1ccc2ccc3ccccc3c21,0,authentic,authentic,,,c1ccc2c(c1)ccc1cc[nH]c12,test,224.307,3.141700000000001,0.711950391129771,17,25
evolved_bioisostere_436,CCCCc1oc2ccccc2c1C(=O)C(C)=CN1CCOCC1,0,authentic,authentic,,,O=C(C=CN1CCOCC1)c1coc2ccccc12,train,327.42400000000015,4.194100000000003,0.5891038543926091,24,36
evolved_bioisostere_573,CC(=O)C1(N)NC(=O)c2c(ncn2COC(CO)CO)N1,0,authentic,authentic,,,O=C1NCNc2nc[nH]c21,train,299.28700000000003,-2.432799999999998,0.38855389045988226,21,37
evolved_bioisostere_338,COc1cnc(CS(=O)c2nc3ccccc3[nH]2)c(C)c1-n1cccc1,0,authentic,authentic,,,O=S(Cc1cc(-n2cccc2)ccn1)c1nc2ccccc2[nH]1,test,366.4460000000001,3.373420000000001,0.5876730204772176,26,45
evolved_bioisostere_163,CCC(NCC(=O)Nc1ccc([N+](=O)[O-])cc1C)c1ccc(Cl)cc1,0,authentic,authentic,,,O=C(CNCc1ccccc1)Nc1ccccc1,train,361.82900000000006,4.236020000000003,0.5703787545912878,25,48
evolved_bioisostere_1368,O=C1[C@H](CO)[C@@H](c2ccc(OCc3ccccc3)cc2)N1c1ccc(F)cc1,1,evolved_bioisostere,evolved_bioisostere,O=C1[C@H]([C@H](O)CO)[C@@H](c2ccc(OCc3ccccc3)cc2)N1c1ccc(F)cc1,,O=C1C[C@@H](c2ccc(OCc3ccccc3)cc2)N1c1ccccc1,train,377.415,4.101100000000003,0.6582044643906487,28,54
evolved_bioisostere_1165,CNS(=O)(=O)c1cccc(C(=O)NCCc2ccc(Cl)cc2)c1OC,1,evolved_bioisostere,evolved_bioisostere,CNS(=O)(=O)c1ccc(CCNC(=O)c2cccc(Cl)c2OC)cc1,0 1 2 3 4 19,O=C(NCCc1ccccc1)c1ccccc1,train,382.869,2.2291999999999996,0.76862336044514,25,43
evolved_bioisostere_2110,COc1cc2cncnc2cc1CCc1ccc2ccccc2n1,1,evolved_bioisostere,evolved_bioisostere,COc1cc2cncnc2cc1OCCc1ccc2ccccc2n1,12 13 14 15 16 17 18 19 20 21 22 23,c1ccc2nc(CCOc3ccc4cncnc4c3)ccc2c1,train,315.37600000000003,3.9718000000000027,0.5715080450005662,24,32
evolved_bioisostere_1793,COCc1ccc(-c2ccc([C@@H]3Sc4ccccc4N(CC(=O)O)C(=O)[C@@H]3OC(C)=O)cc2)cc1,1,evolved_bioisostere,evolved_bioisostere,COc1ccc([C@@H]2Sc3ccccc3N(CC(=O)O)C(=O)[C@@H]2OC(C)=O)cc1,0 1 2 3 4 5 6 33 34,O=C1C[C@H](c2ccccc2)Sc2ccccc2N1,train,491.5650000000003,4.696300000000004,0.4791617815985766,35,69
evolved_bioisostere_758,O=C1NC(=O)C2(CCCc3ccccc32)N1,0,authentic,authentic,,,O=C1NC(=O)C2(CCCc3ccccc32)N1,train,216.24000000000004,1.0575999999999999,0.6369110355504596,16,28
evolved_bioisostere_1007,Nc1nc(S)nc2ccc(Sc3ccc4ccccc4c3)cc12,0,authentic,authentic,,,c1ccc2cc(Sc3ccc4ncncc4c3)ccc2c1,train,335.45700000000005,4.805100000000002,0.40779414528803093,23,35
evolved_bioisostere_952,COc1ccc(CCC(C)NCC2CCCCC2)cc1,0,authentic,authentic,,,c1ccc(CCCNCC2CCCCC2)cc1,val,275.4359999999999,4.186200000000003,0.8055054823272615,20,28
evolved_bioisostere_1457,COCc1[nH]cc2nc3ccc(O)cc3c-2c1COC,1,evolved_bioisostere,evolved_bioisostere,CCOC(=O)c1[nH]cc2nc3ccc(O)cc3c-2c1COC,,c1ccc2c3cc[nH]cc-3nc2c1,train,272.30400000000003,2.666100000000001,0.7658995052576096,20,32
evolved_bioisostere_2154,COC(=O)[C@@H](c1ccc(C)cc1)[C@@H]1CCCCN1,1,evolved_bioisostere,evolved_bioisostere,COC(=O)[C@@H](c1ccc(Br)cc1)[C@@H]1CCCCN1,9,c1ccc(C[C@@H]2CCCCN2)cc1,train,247.33799999999997,2.39372,0.8334849916235835,18,39
evolved_bioisostere_693,C/C(=N\Nc1nncc2ccccc12)c1cccc(Br)c1,0,authentic,authentic,,,C(=NNc1nncc2ccccc12)c1ccccc1,train,341.212,4.228400000000002,0.5729496289006162,21,35
evolved_bioisostere_111,Cc1ccc([C@]2(C)NC(=O)N(CC(=O)NCc3ccc(F)cc3)C2=O)cc1,0,authentic,authentic,,,O=C(CN1C(=O)NC(c2ccccc2)C1=O)NCc1ccccc1,test,369.3960000000001,2.2175200000000004,0.7935375034306134,27,51
evolved_bioisostere_2102,COc1ccccc1C(=O)C(O)(Cn1cncn1)c1ccc(Cl)cc1,1,evolved_bioisostere,evolved_bioisostere,O=C(c1ccccc1Cl)C(O)(Cn1cncn1)c1ccc(Cl)cc1,0 1,O=C(c1ccccc1)C(Cn1cncn1)c1ccccc1,train,357.797,2.7108000000000008,0.6862331188200766,25,41
evolved_bioisostere_351,CC[C@@H]1C[C@H](C)c2cc3c(C(F)(F)F)cc(O)nc3cc2N1,0,authentic,authentic,,,c1cnc2cc3c(cc2c1)CCCN3,train,310.31899999999996,4.656900000000004,0.8051543718089093,22,47
evolved_bioisostere_869,CCCC(Cc1ccccc1)NCCCCc1ccccc1,0,authentic,authentic,,,c1ccc(CCCCNCCc2ccccc2)cc1,train,295.46999999999997,5.010300000000004,0.6074921911138447,22,28
evolved_bioisostere_1640,CC(Cc1ccccc1)(Cn1cncn1)C(=O)c1ccc(Cl)cc1Cl,1,evolved_bioisostere,evolved_bioisostere,O=C(c1ccc(Cl)cc1Cl)C(O)(Cc1ccccc1)Cn1cncn1,0,O=C(c1ccccc1)C(Cc1ccccc1)Cn1cncn1,train,374.2710000000001,4.716800000000004,0.5870159409135439,25,42
evolved_bioisostere_117,CCN(CC)CCNc1ccc(C)c2sc3ccccc3c(=O)c12,0,authentic,authentic,,,O=c1c2ccccc2sc2ccccc12,val,340.49200000000013,4.476820000000004,0.67171766012986,24,37
evolved_bioisostere_2047,Cc1c(OCCN(C)C)ccnc1CSc1nc2ccccc2[nH]1,1,evolved_bioisostere,evolved_bioisostere,CCOc1ccnc(CSc2nc3ccccc3[nH]2)c1C,6 7 8,c1ccc(CSc2nc3ccccc3[nH]2)nc1,train,342.4680000000001,3.4990200000000025,0.666130408754742,24,37
evolved_bioisostere_829,COc1ccc2c(c1)c(CC(=O)N1CCOCC1)c(C)n2C(=O)c1cccc(Cl)c1,0,authentic,authentic,,,O=C(Cc1cn(C(=O)c2ccccc2)c2ccccc12)N1CCOCC1,test,426.9000000000001,3.701520000000002,0.6378317790748661,30,53
evolved_bioisostere_45,NC(=O)c1ncn([C@H]2O[C@@H](CO)[C@H](O)[C@H]2O)n1,0,authentic,authentic,,,c1ncn([C@@H]2CCCO2)n1,val,244.20700000000002,-3.0114999999999994,0.44284203167437103,17,47
evolved_bioisostere_307,CCc1nc2n(c(=O)c1C(=O)O)C(C)CC/C2=N\O,0,authentic,authentic,,,N=C1CCCn2c1nccc2=O,val,265.26899999999995,1.037,0.613608723840759,19,36
evolved_bioisostere_1796,CCCCc1nc(C)c(O)n1Cc1ccc(-c2ccccc2-c2cn[nH]n2)cc1,1,evolved_bioisostere,evolved_bioisostere,CCCCc1nc(Cl)c(C(=O)O)n1Cc1ccc(-c2ccccc2-c2cn[nH]n2)cc1,7 9,c1ccc(-c2cn[nH]n2)c(-c2ccc(Cn3ccnc3)cc2)c1,train,387.4870000000001,4.740120000000004,0.4799394626009253,29,48
evolved_bioisostere_1719,COc1ccc(-c2nc(-c3ccccc3)nc(C)c2/C=C/[C@H]2C[C@H](O)CC(=O)O2)cc1,1,evolved_bioisostere,evolved_bioisostere,Cc1nc(-c2ccccc2)nc(-c2ccc(F)cc2)c1/C=C/[C@H]1C[C@H](O)CC(=O)O1,0 1,O=C1CCC[C@H](/C=C/c2cnc(-c3ccccc3)nc2-c2ccccc2)O1,train,416.4770000000002,4.207320000000003,0.6278069335814309,31,63
evolved_bioisostere_926,CC1(C)CCN(CCCN2CC[C@H](c3ccc(F)cc3)[C@@H](COc3ccc4c(c3)OCO4)C2)CC1,0,authentic,authentic,,,c1ccc([C@H]2CCN(CCCN3CCCCC3)C[C@@H]2COc2ccc3c(c2)OCO3)cc1,val,482.6400000000004,5.551000000000006,0.4927858624146874,35,66
evolved_bioisostere_1894,COC(=O)C1=C(C)NC(C)=C(C(=O)OC)C1c1cccc(OC)c1,1,evolved_bioisostere,evolved_bioisostere,COC(=O)C1=C(C)NC(C)=C(C(=O)OC)C1c1cccc(Cl)c1,21 22,C1=CC(c2ccccc2)C=CN1,train,331.36800000000005,2.276,0.8534028279189877,24,44
evolved_bioisostere_199,C=C1N=C(N2CCNCC2)c2ccccc2N/C1=C/C=C/Cl.CC.CC,0,authentic,authentic,,,C=C1N=C(N2CCNCC2)c2ccccc2NC1=C,test,374.96000000000015,4.966400000000005,0.7287850047631345,26,44
evolved_bioisostere_975,CCOC(=O)[C@H](CCc1ccccc1)NC(C)C(=O)N1[C@H](C(=O)O)CCC12CCOCC2,0,authentic,authentic,,,O=C(CNCCCc1ccccc1)N1CCCC12CCOCC2,test,446.54400000000044,2.1538000000000004,0.5601510956771749,32,61
evolved_bioisostere_1034,O=CNNC1c2ccccc2Oc2ccccc21,0,authentic,authentic,,,c1ccc2c(c1)Cc1ccccc1O2,train,240.26199999999997,2.1323,0.6379949241803025,18,25
evolved_bioisostere_1293,COc1cc(Oc2ccc(NC(=O)Nc3ccc(Cl)c(C(F)(F)F)c3)cc2)ccn1,1,evolved_bioisostere,evolved_bioisostere,CCC(=O)c1cc(Oc2ccc(NC(=O)Nc3ccc(Cl)c(C(F)(F)F)c3)cc2)ccn1,0 1,O=C(Nc1ccccc1)Nc1ccc(Oc2ccncc2)cc1,train,437.80500000000006,6.198700000000003,0.49824312550587135,30,52
evolved_bioisostere_423,CN1C(=O)C(C)(C)N=C(c2ccccc2Cl)c2cc([N+](=O)[O-])cc(Cl)c21,0,authentic,authentic,,,O=C1CN=C(c2ccccc2)c2ccccc2N1,train,392.24200000000013,4.494000000000003,0.558133499331576,26,57
evolved_bioisostere_932,COCCOc1ccnc(CSc2nc3ccccc3[nH]2)c1C,0,authentic,authentic,,,c1ccc(CSc2nc3ccccc3[nH]2)nc1,train,329.42500000000007,3.583820000000002,0.5301410780010161,23,34
evolved_bioisostere_702,O=S1(=O)N=C(NCC2CCCCC2)Nc2ncccc21,0,authentic,authentic,,,O=S1(=O)N=C(NCC2CCCCC2)Nc2ncccc21,val,294.38,1.7216999999999993,0.8674685554507285,20,33
evolved_bioisostere_638,Nc1nc2c(nc(C(F)[18F])n2COCCO)c(=O)[nH]1,0,authentic,authentic,,,O=c1[nH]cnc2[nH]cnc12,train,274.21793799999995,-0.3942000000000003,0.6384951764599912,19,39
evolved_bioisostere_2140,COc1ccccc1-c1[nH]ccc2c3ccccc3nc1-2,1,evolved_bioisostere,evolved_bioisostere,N#Cc1ccccc1-c1[nH]ccc2c3ccccc3nc1-2,0 1,c1ccc(-c2[nH]ccc3c4ccccc4nc2-3)cc1,train,274.32300000000004,4.343300000000003,0.5900376680367065,21,34
evolved_bioisostere_290,N=C(N)c1cccc(OCCCCCOc2cccc(C(=N)N)c2)c1,0,authentic,authentic,,,c1ccc(OCCCCCOc2ccccc2)cc1,test,340.42699999999996,2.8828400000000007,0.3019578218783795,25,39
evolved_bioisostere_237,OCCOCC[N+]1(CCOCCO)CCN(C2=Nc3ccccc3Sc3ccccc32)CC1,0,authentic,authentic,,,c1ccc2c(c1)N=C(N1CC[NH2+]CC1)c1ccccc1S2,test,472.6310000000002,2.3797000000000015,0.40863995138564696,33,49
evolved_bioisostere_1997,CC(C)c1ccc2c(c1)CC[C@H]1[C@H](O)[C@@H](C)CC[C@]21C,1,evolved_bioisostere,evolved_bioisostere,CC(C)c1ccc2c(c1)CC[C@H]1[C@H](O)[C@@H](O)CC[C@]21C,15,c1ccc2c(c1)CC[C@H]1CCCCC21,train,272.43199999999996,4.420900000000004,0.8020280825911962,20,50
evolved_bioisostere_1607,O=C(O)COc1c(Cc2ccccc2)c[nH]c2nncc1-2,1,evolved_bioisostere,evolved_bioisostere,CCCCOc1c(Cc2ccccc2)c[nH]c2nncc1-2,0 2,c1ccc(Cc2c[nH]c3nncc-3c2)cc1,train,283.2870000000001,1.9636999999999998,0.746986372271489,21,36
evolved_bioisostere_605,N#Cc1ccc(C(c2ccc(C#N)cc2)n2cnnc2)cc1,0,authentic,authentic,,,c1ccc(C(c2ccccc2)n2cnnc2)cc1,test,285.31,2.65916,0.7407442417149674,22,36
evolved_bioisostere_214,Oc1ccc(Nc2ccccc2F)cc1,0,authentic,authentic,,,c1ccc(Nc2ccccc2)cc1,test,203.216,3.2749000000000015,0.7339449998592639,15,21
evolved_bioisostere_988,Cc1nnc(-c2ccc(F)c(Cl)c2)c(Cl)n1,0,authentic,authentic,,,c1ccc(-c2cncnn2)cc1,train,258.08299999999997,3.2929200000000014,0.787235060184122,16,31
evolved_bioisostere_50,CCOC(=O)c1sc(-c2ccc(Oc3ccccc3)cc2)nc1C,0,authentic,authentic,,,c1ccc(Oc2ccc(-c3nccs3)cc2)cc1,val,339.41600000000005,5.087520000000004,0.6077080354427291,24,38
evolved_bioisostere_1895,CCOc1cccc(C2(O)CCCCC2CCO)c1,1,evolved_bioisostere,evolved_bioisostere,CCOc1cccc(C2(O)CCCCC2CN(C)C)c1,16 17,c1ccc(C2CCCCC2)cc1,train,264.3649999999999,2.8455000000000013,0.8594702024104998,19,27
evolved_bioisostere_308,CC1C/C(=N/OCC(O)CNC(C)(C)C)CC(C)(C)C1,0,authentic,authentic,,,N=C1CCCCC1,val,284.444,2.954200000000001,0.7632009788456354,20,37
evolved_bioisostere_1944,Cc1cccc(Cc2cc([C@@H]3S[C@H](CO)[C@@H](O)[C@H](O)[C@H]3O)ccc2Cl)c1,1,evolved_bioisostere,evolved_bioisostere,COc1ccc(Cc2cc([C@@H]3S[C@H](CO)[C@@H](O)[C@H](O)[C@H]3O)ccc2Cl)cc1,0,c1ccc(Cc2cccc([C@H]3CCCCS3)c2)cc1,train,394.9200000000001,2.47072,0.6402054385629325,26,65
evolved_bioisostere_1415,Fc1cccc2[nH]c3c(c12)CCN=C3,1,evolved_bioisostere,evolved_bioisostere,COc1cccc2[nH]c3c(c12)CCN=C3,0,C1=NCCc2c1[nH]c1ccccc21,train,188.20499999999998,2.282,0.6566578991299646,14,26
evolved_bioisostere_801,COc1ccc2nc(SCC(=O)NC(C)c3ccccc3)[nH]c2c1,0,authentic,authentic,,,O=C(CSc1nc2ccccc2[nH]1)NCc1ccccc1,train,341.43600000000004,3.541000000000002,0.6730895964202003,24,40
evolved_bioisostere_1526,CC(=O)c1ccc2c(c1)C(O)Cc1ccccc1O2,1,evolved_bioisostere,evolved_bioisostere,CC(C(=O)O)c1ccc2c(c1)C(O)Cc1ccccc1O2,2,c1ccc2c(c1)CCc1ccccc1O2,train,254.28499999999997,3.2710000000000017,0.7943407782573825,19,32
evolved_bioisostere_1566,CSc1ccc(C(O)(Cn2cncn2)C(=O)CC(C)C)cc1,1,evolved_bioisostere,evolved_bioisostere,CC(C)CC(=O)C(O)(Cn1cncn1)c1ccc(Cl)cc1,0 1,c1ccc(CCn2cncn2)cc1,train,319.43,2.503000000000001,0.7942464635884118,22,37
evolved_bioisostere_1448,CC(=O)c1cn2c(n1)c(CO)cc1ccccc12,1,evolved_bioisostere,evolved_bioisostere,O=C(O)c1cn2c(n1)c(CO)cc1ccccc12,0,c1ccc2c(c1)ccc1nccn12,train,240.262,2.1824000000000003,0.6983928327680586,18,31
evolved_bioisostere_1567,CCCn1c(=O)c2cc(-c3nn[nH]n3)cn2c2ccccc21,1,evolved_bioisostere,evolved_bioisostere,CCn1c(=O)c2cc(-c3nn[nH]n3)cn2c2ccccc21,0,O=c1[nH]c2ccccc2n2cc(-c3nn[nH]n3)cc12,train,294.31800000000004,1.8442999999999998,0.624930898363579,22,39
evolved_bioisostere_454,CN[C@@H](C)C(=O)N[C@H](C(=O)N(C)[C@H]1CCCN(CCc2ccccc2)C1)C1CCCCC1,0,authentic,authentic,,,O=C(CC1CCCCC1)N[C@H]1CCCN(CCc2ccccc2)C1,test,442.6480000000003,2.8249000000000013,0.6173110601136103,32,65
evolved_bioisostere_529,CC(C)n1c(/C=C/C(=O)CC(O)CC(=O)O)c(-c2ccc(F)cc2)c2ccccc21,0,authentic,authentic,,,c1ccc(-c2c[nH]c3ccccc23)cc1,train,409.45700000000005,4.836300000000004,0.5221222117629317,30,56
evolved_bioisostere_1354,CN(C)CCN1c2ccc(F)cc2N=C(N)c2cc(Cl)ccc21,1,evolved_bioisostere,evolved_bioisostere,NC1=Nc2cc(F)ccc2N(CC(F)F)c2ccc(Cl)cc21,0 1 2,C1=Nc2ccccc2Nc2ccccc21,train,332.81,3.5292000000000012,0.9348397893210645,23,39
evolved_bioisostere_21,CC(C)OC(=O)COC/C=C\CN1CCN([C@H](c2ccccc2)c2ccc(Cl)cc2)CC1,0,authentic,authentic,,,c1ccc(C(c2ccccc2)N2CCNCC2)cc1,train,457.0140000000001,4.571400000000004,0.2973687404745099,32,57
evolved_bioisostere_216,Nc1ccn([C@]2(CO)OCCS2)c(=O)n1,0,authentic,authentic,,,O=c1ncccn1C1OCCS1,train,229.26099999999997,-0.8085000000000002,0.6891115616993629,15,29
evolved_bioisostere_1109,CCC(=O)c1ncn2c1CN(C)C(=O)c1cc(Br)ccc1-2,1,evolved_bioisostere,evolved_bioisostere,CN1Cc2c(C(=O)OC(C)(C)C)ncn2-c2ccc(Br)cc2C1=O,0 1,O=C1NCc2cncn2-c2ccccc21,train,348.2,2.8131000000000013,0.7845741058465884,21,39
evolved_bioisostere_1442,NC(=O)c1cn2c(n1)c(C(N)=O)nc1ccccc12,1,evolved_bioisostere,evolved_bioisostere,NC(=O)c1nc2ccccc2n2cc(C(=O)O)nc12,0,c1ccc2c(c1)ncc1nccn12,train,255.237,0.08030000000000054,0.6738870435002905,19,35
evolved_bioisostere_818,CC1CCC(/C=N/c2cccc(C(=O)O)c2)=C2NC=CC(=O)N21,0,authentic,authentic,,,O=C1C=CNC2=C(/C=N/c3ccccc3)CCCN12,train,311.34100000000007,2.4265,0.8399826005430848,23,44
evolved_bioisostere_1470,CCc1cc2c(Sc3nnc(C)s3)ncnc2s1,1,evolved_bioisostere,evolved_bioisostere,CCc1cc2c(Sc3nnc(N)s3)ncnc2s1,11,c1nc(Sc2nncs2)c2ccsc2n1,train,294.43,3.564820000000001,0.6912370564783605,18,28
evolved_bioisostere_340,CC(C)c1ccccc1Sc1c(O)cc(-c2cccc([N+](=O)[O-])c2)oc1=O,0,authentic,authentic,,,O=c1oc(-c2ccccc2)ccc1Sc1ccccc1,train,383.4250000000001,5.195200000000004,0.48093054995488477,27,52
evolved_bioisostere_727,Cn1c(=O)sc2cc(CCCCN3CCN(Cc4ccccc4)CC3)ccc21,0,authentic,authentic,,,O=c1[nH]c2ccc(CCCCN3CCN(Cc4ccccc4)CC3)cc2s1,val,395.57200000000006,3.7405000000000026,0.5707365135793767,28,43
evolved_bioisostere_1653,CC(CCN)c1ccc2c(c1)CC[C@H]1[C@](C)(Sc3ccccn3)CCC[C@]21C,1,evolved_bioisostere,evolved_bioisostere,CC(C)c1ccc2c(c1)CC[C@H]1[C@](C)(Sc3ccccn3)CCC[C@]21C,3 4,c1ccc(SC2CCCC3c4ccccc4CC[C@@H]23)nc1,train,394.62800000000016,6.088900000000006,0.666820638347828,28,54
evolved_bioisostere_1762,CCOC(=O)C1=C(CN(CC)CC)NC(C)=C(C(=O)OC)C1c1ccccc1Cl,1,evolved_bioisostere,evolved_bioisostere,CCOC(=O)C1=C(COCCNCC(=O)NC)NC(C)=C(C(=O)OC)C1c1ccccc1Cl,8 9 10 11 12,C1=CC(c2ccccc2)C=CN1,train,420.9370000000001,3.6328000000000014,0.6475030523399369,29,50
evolved_bioisostere_174,Cc1cccc(C)c1NC(=O)C(CN1CCCC1)N1CCCC1,0,authentic,authentic,,,O=C(Nc1ccccc1)C(CN1CCCC1)N1CCCC1,val,315.4610000000001,2.8021400000000014,0.907388911688015,23,36
evolved_bioisostere_1358,COc1ccc2c(c1)COC2(CCN(C)C)c1ccc(F)cc1,1,evolved_bioisostere,evolved_bioisostere,CN(C)CCCC1(c2ccc(F)cc2)OCc2cc(F)ccc21,0 1 13 14 15,c1ccc(C2OCc3ccccc32)cc1,train,315.388,3.5598000000000027,0.8419335556067027,23,37
evolved_bioisostere_75,CCCC(=O)Nc1ccc(Cc2cccc3c2CCO3)cc1,0,authentic,authentic,,,c1ccc(Cc2cccc3c2CCO3)cc1,test,295.38199999999995,3.9509000000000025,0.9066850616790031,22,33
evolved_bioisostere_2037,[2H][C@@]1(c2ccc(Cl)c(Cc3ccccc3Cl)c2)O[C@H](CO)[C@@H](O)[C@H](O)[C@H]1O,1,evolved_bioisostere,evolved_bioisostere,[2H][C@@]1(c2ccc(Cl)c(Cc3ccc(OCC)cc3)c2)O[C@H](CO)[C@@H](O)[C@H](O)[C@H]1O,15,c1ccc(Cc2cccc(C3CCCCO3)c2)cc1,train,400.2761017780001,2.0991000000000013,0.6313937758553421,26,71
evolved_bioisostere_1037,C=CCOc1c(C)cnc(CSc2nc3cc4c(cc3[nH]2)OC(F)(F)O4)c1C,0,authentic,authentic,,,c1ccc(CSc2nc3cc4c(cc3[nH]2)OCO4)nc1,test,405.4260000000001,4.753340000000002,0.47135047530951196,28,50
evolved_bioisostere_1660,CCc1nnc2n1[C@@H]1CCN(C(=O)C[C@H](N)Cc3ccccc3C)C[C@@H]1CC2,1,evolved_bioisostere,evolved_bioisostere,CCc1nnc2n1[C@@H]1CCN(C(=O)C[C@H](N)Cc3cc(F)c(F)cc3F)C[C@@H]1CC2,23,O=C(CCCc1ccccc1)N1CC[C@@H]2[C@@H](CCc3nncn32)C1,train,381.5240000000001,2.44482,0.8629675521852086,28,57
evolved_bioisostere_1518,COc1cc2c(cc1C)Nc1ncn(CCN3CCOCC3)c(=O)c1C2,1,evolved_bioisostere,evolved_bioisostere,COc1cc2c(cc1OC)Nc1ncn(CCN3CCOCC3)c(=O)c1C2,8,O=c1c2c(ncn1CCN1CCOCC1)Nc1ccccc1C2,train,356.4260000000002,1.5403199999999997,0.7648241982178107,26,41
evolved_bioisostere_1672,CC(=O)Cc1cn2c(n1)c(CO)cc1ccccc12,1,evolved_bioisostere,evolved_bioisostere,O=C(O)c1cn2c(n1)c(CO)cc1ccccc12,0 1 2,c1ccc2c(c1)ccc1nccn12,train,254.28900000000002,2.1113,0.7784821212859552,19,32
evolved_bioisostere_151,COc1ccc(Cl)cc1C(=O)Nc1ccc(CCN2CCCCC2)cc1,0,authentic,authentic,,,O=C(Nc1ccc(CCN2CCCCC2)cc1)c1ccccc1,train,372.89600000000024,4.629300000000003,0.8033356788200371,26,40
evolved_bioisostere_1667,CC(=O)Oc1ccnc(CSc2nc3ccccc3[nH]2)c1C,1,evolved_bioisostere,evolved_bioisostere,CCOc1ccnc(CSc2nc3ccccc3[nH]2)c1C,2,c1ccc(CSc2nc3ccccc3[nH]2)nc1,train,313.38200000000006,3.483920000000002,0.5897197410456971,22,36
evolved_bioisostere_866,CC(C)Nc1cccnc1N1CCN(C(=O)c2cc3cc(F)ccc3[nH]2)CC1.CS(=O)(=O)O,0,authentic,authentic,,,O=C(c1cc2ccccc2[nH]1)N1CCN(c2ccccn2)CC1,val,477.5620000000002,2.9887000000000006,0.49446302834346434,33,60
evolved_bioisostere_1178,C[C@H](N[C@@H](CCc1ccccc1)C(=O)O)C(=O)N1[C@H](C(N)=O)C[C@H]2CCCC[C@@H]21,1,evolved_bioisostere,evolved_bioisostere,C[C@H](N[C@@H](CCc1ccccc1)C(=O)O)C(=O)N1[C@H](C(=O)O)C[C@H]2CCCC[C@@H]21,20,O=C(CNCCCc1ccccc1)N1CC[C@H]2CCCC[C@@H]21,train,401.5070000000003,1.6955000000000002,0.6136046059234386,29,72
evolved_bioisostere_517,O=C1[C@H](CC[C@H](O)c2ccc(F)cc2)[C@@H](c2ccc(-c3ccccc3O)cc2)N1c1ccc(F)cc1,0,authentic,authentic,,,O=C1[C@H](CCCc2ccccc2)[C@@H](c2ccc(-c3ccccc3)cc2)N1c1ccccc1,test,485.53000000000014,6.555300000000007,0.29174540828943196,36,73
evolved_bioisostere_495,CC(C)[C@@H]1N=C(N2CCCCC2)c2cc(Cl)ccc2NC1=S,0,authentic,authentic,,,S=C1CN=C(N2CCCCC2)c2ccccc2N1,val,335.904,4.350000000000003,0.7730795319307108,22,42
evolved_bioisostere_1392,CCc1ccc(S(=O)(=O)n2cc(CCN(CC)CC)c3ccccc32)cc1,1,evolved_bioisostere,evolved_bioisostere,CCN(CC)CCc1cn(S(=O)(=O)c2ccc(N)cc2)c2ccccc12,0 1,O=S(=O)(c1ccccc1)n1ccc2ccccc21,train,384.5450000000001,4.325000000000004,0.5806169112358092,27,45
evolved_bioisostere_285,N[C@H]1N=C(c2ccccc2)c2cc(Cl)ccc2NC1=O,0,authentic,authentic,,,O=C1CN=C(c2ccccc2)c2ccccc2N1,train,285.734,2.4143,0.8447816770945744,20,37
evolved_bioisostere_1329,COc1cccc2c1C1CCN(Cc3cccc(C)c3)[C@@H]1CC2,1,evolved_bioisostere,evolved_bioisostere,COc1cccc2c1C1CCN(CCc3ccccc3)[C@@H]1CC2,13 14 15 16 17 18 19,c1ccc(CCN2CCC3c4ccccc4CC[C@H]32)cc1,train,307.437,4.307920000000004,0.8376656985088331,23,40
evolved_bioisostere_1707,Cc1ccc([C@@H](C(N)=O)[C@@H]2CCCN2)cc1,1,evolved_bioisostere,evolved_bioisostere,COC(=O)[C@H](c1ccc(C)cc1)[C@@H]1CCCN1.Cl,7,c1ccc(C[C@@H]2CCCN2)cc1,test,218.3,1.3159199999999998,0.8035122031705035,16,37
evolved_bioisostere_1537,CCc1cc2c(Sc3nnc(C#N)s3)ncnc2s1,1,evolved_bioisostere,evolved_bioisostere,CCc1cc2c(Sc3nnc(N)s3)ncnc2s1,11 12,c1nc(Sc2nncs2)c2ccsc2n1,train,305.413,3.1280800000000006,0.6919840391862999,19,30
evolved_bioisostere_1580,C(=C1/CCCN=C1c1cccnc1)/c1ccc(-c2cccnc2)cc1,1,evolved_bioisostere,evolved_bioisostere,CC(C)(C)Oc1ccc(/C=C2\CCCN=C2c2cccnc2)cc1,17 18 19 20 21 22,C(=C1/CCCN=C1c1cccnc1)/c1ccccc1,train,325.415,4.810100000000005,0.6928537871622488,25,42
evolved_bioisostere_897,Fc1ccc(C(OC2CC3CCC(C2)N3)c2ccc(F)cc2)cc1,0,authentic,authentic,,,c1ccc(C(OC2CC3CCC(C2)N3)c2ccccc2)cc1,test,329.39,4.353800000000003,0.9000778577048822,24,40
evolved_bioisostere_429,CC(=O)NN1C(=O)CN=C(c2ccccc2Cl)c2cc([N+](=O)[O-])ccc21,0,authentic,authentic,,,O=C1CN=C(c2ccccc2)c2ccccc2N1,train,372.76800000000014,2.4833000000000007,0.6595338591359106,26,53
evolved_bioisostere_945,CS(=O)(=O)c1ccc(C2=C(C#Cc3ccccc3)C(=O)CC2)cc1,0,authentic,authentic,,,O=C1CCC(c2ccccc2)=C1C#Cc1ccccc1,train,336.41200000000015,3.258300000000002,0.7911256837111942,24,45
evolved_bioisostere_55,CCCC(C)c1cccc(C(C)C)c1O,0,authentic,authentic,,,c1ccccc1,train,206.32899999999998,4.4192000000000045,0.7728246138034117,15,23
evolved_bioisostere_1532,COc1cc2c(Nc3ccc(OCc4ccccc4)cc3)ncnc2cc1C,1,evolved_bioisostere,evolved_bioisostere,COc1cc2ncnc(Nc3ccc(OCc4ccccc4)cc3)c2cc1OC,27,c1ccc(COc2ccc(Nc3ncnc4ccccc34)cc2)cc1,train,371.4400000000001,5.269420000000004,0.500323138521064,28,40
evolved_bioisostere_409,C[C@]12CC[C@H](O)CC1=CCC1C2CC[C@@]2(C)C1CC[C@@]2(O)C(=O)CO,0,authentic,authentic,,,C1=C2CCCCC2C2CCC3CCCC3C2C1,val,348.4830000000001,2.602600000000001,0.6704813547531191,25,58
evolved_bioisostere_233,CCS(=O)(=O)c1ccc(OC)c(-c2ccc(CN3CCCCC3)[nH]2)c1,0,authentic,authentic,,,c1ccc(-c2ccc(CN3CCCCC3)[nH]2)cc1,train,362.4950000000002,3.469800000000002,0.8546175646826507,25,47
evolved_bioisostere_747,O=C(NC1CCC(CCN2CCC(c3noc4cc(F)ccc34)CC2)CC1)C1CCOCC1,0,authentic,authentic,,,O=C(NC1CCC(CCN2CCC(c3noc4ccccc34)CC2)CC1)C1CCOCC1,val,457.5900000000004,4.638000000000004,0.6846345230745263,33,52
evolved_bioisostere_2129,Cc1nc(C(=O)O)c2c(CO)nc3ccccc3n12,1,evolved_bioisostere,evolved_bioisostere,Cc1nc(C(=O)O)c2c(O)nc3ccccc3n12,9 10,c1ccc2c(c1)ncc1cncn12,train,257.24899999999997,1.3814199999999999,0.7237607293781957,19,32
evolved_bioisostere_1230,Clc1ccccc1N1CCN(Cc2cnn3ccccc23)CC1,1,evolved_bioisostere,evolved_bioisostere,Clc1ccc(N2CCN(Cc3cnn4ccccc34)CC2)cc1,0,c1ccc(N2CCN(Cc3cnn4ccccc34)CC2)cc1,train,326.8310000000001,3.3099000000000016,0.7375770724766862,23,34
evolved_bioisostere_2145,CC(=O)Nc1ccc(N2C(=O)[C@H]([C@H](O)CO)[C@H]2c2ccc(OCc3ccccc3)cc2)cc1,1,evolved_bioisostere,evolved_bioisostere,O=C1[C@H]([C@H](O)CO)[C@@H](c2ccc(OCc3ccccc3)cc2)N1c1ccc(F)cc1,0 1 2 3,O=C1C[C@@H](c2ccc(OCc3ccccc3)cc2)N1c1ccccc1,train,446.50300000000016,3.2813000000000017,0.4614349236359596,33,67
evolved_bioisostere_667,CCOCCn1c(N2CCN(Cc3ccccc3)CC2)nc2ccccc21,0,authentic,authentic,,,c1ccc(CN2CCN(c3nc4ccccc4[nH]3)CC2)cc1,train,364.49300000000017,3.3950000000000022,0.6019047030104302,27,39
evolved_bioisostere_1373,N#Cc1cc(COc2ccc(NC(=O)Nc3ccc(C(N)=O)c(C(F)(F)F)c3)c(F)c2)ccn1,1,evolved_bioisostere,evolved_bioisostere,NC(=O)c1cc(COc2ccc(NC(=O)Nc3ccc(Cl)c(C(F)(F)F)c3)c(F)c2)ccn1,0 19 20 21,O=C(Nc1ccccc1)Nc1ccc(OCc2ccncc2)cc1,train,473.38600000000014,4.433080000000002,0.4561183851068239,34,61
evolved_bioisostere_1005,CCCCCCCc1cc(=O)c2c(CC(=O)OCC)cc(O)cc2o1,0,authentic,authentic,,,O=c1ccoc2ccccc12,val,346.42300000000006,4.117100000000003,0.5458535891378185,25,39
evolved_bioisostere_596,CCc1c(OC)cc2c(c1O)C(=O)[C@H](C)[C@@H](C)[C@H]2O,0,authentic,authentic,,,O=C1CCCc2ccccc21,val,264.32099999999997,2.465100000000001,0.8607609821152667,19,47
evolved_bioisostere_1458,Cc1cc2ncnc(Nc3ccc(OCc4ccccc4)cc3)c2cc1F,1,evolved_bioisostere,evolved_bioisostere,COc1cc2ncnc(Nc3ccc(OCc4ccccc4)cc3)c2cc1OC,0 26,c1ccc(COc2ccc(Nc3ncnc4ccccc34)cc2)cc1,train,359.40400000000005,5.399920000000003,0.5181876454450258,27,39
evolved_bioisostere_1595,Nc1cc2ccccc2n2cc(C(=O)O)nc12,1,evolved_bioisostere,evolved_bioisostere,O=C(O)c1cn2c(n1)c(CO)cc1ccccc12,0,c1ccc2c(c1)ccc1nccn12,train,227.22299999999996,1.7679,0.6634318061486997,17,28
evolved_bioisostere_363,COc1ccc(S(=O)(=O)N2CN(C)C(=O)C[C@@H]2C(=O)NO)cc1,0,authentic,authentic,,,O=C1CCN(S(=O)(=O)c2ccccc2)CN1,train,343.361,-0.6204999999999989,0.5558726828410298,23,48
evolved_bioisostere_643,CN(C)CCc1nc(-c2cn(C)c3ccccc23)no1,0,authentic,authentic,,,c1ccc2c(-c3ncon3)c[nH]c2c1,val,270.336,2.3324,0.729750380566431,20,33
evolved_bioisostere_2086,COC(F)(F)c1nc(-c2cc(Cl)cc(Cl)c2)c(-c2cc(C)cc(Cl)c2)n1C,1,evolved_bioisostere,evolved_bioisostere,Cn1c(C(F)(F)F)nc(-c2cc(Cl)cc(Cl)c2)c1-c1cc(Cl)cc(Cl)c1,0 1 20,c1ccc(-c2nc[nH]c2-c2ccccc2)cc1,train,431.69700000000023,6.7184200000000045,0.45838321867712295,27,54
evolved_bioisostere_411,COc1cc2c(cc1OC)C(=O)C(CC(C)(F)CC1CCC(C)N1Cc1ccc(F)cc1)C2,0,authentic,authentic,,,O=C1c2ccccc2CC1CCCC1CCCN1Cc1ccccc1,train,457.5610000000002,5.7594000000000065,0.5052942533431674,33,56
evolved_bioisostere_1454,O=C(O)Cc1c(-c2ccc(Cl)cc2)nc2ccccn12,1,evolved_bioisostere,evolved_bioisostere,CCCCCCN(CCCCCC)C(=O)Cc1c(-c2ccc(Cl)cc2)nc2ccccn12,2,c1ccc(-c2cn3ccccc3n2)cc1,train,286.718,3.2818000000000014,0.8037106477197274,20,35
evolved_bioisostere_2099,CN(C)c1ncnc2c1ncn2Cc1ccc(C(=O)O)cc1,1,evolved_bioisostere,evolved_bioisostere,CN(C)c1ncnc2c1ncn2Cc1ccc(Cl)cc1,17 18 19,c1ccc(Cn2cnc3cncnc32)cc1,train,297.318,1.6388,0.7877928007580184,22,35
evolved_bioisostere_278,CCC1(c2ccccc2)C(=O)NC(=O)N1C(C)=O,0,authentic,authentic,,,O=C1NC(=O)C(c2ccccc2)N1,train,246.26599999999993,1.3902,0.8017622685807886,18,33
evolved_bioisostere_1278,CCOc1ccc2c(c1)C(c1ccccc1Cl)=NC(C)C(=O)N2C,1,evolved_bioisostere,evolved_bioisostere,CC1N=C(c2ccccc2Cl)c2cc([N+](=O)[O-])ccc2N(C)C1=O,0 1 2,O=C1CN=C(c2ccccc2)c2ccccc2N1,train,342.8260000000001,3.9410000000000034,0.8473812740937519,24,41
evolved_bioisostere_685,COc1ccc(S(N)(=O)=O)cc1C(=O)NCC1CCCN1Cc1ccc(Cl)cc1,0,authentic,authentic,,,O=C(NCC1CCCN1Cc1ccccc1)c1ccccc1,train,437.9490000000002,2.3904000000000014,0.6920231300447582,29,49
evolved_bioisostere_901,CN1CCN(c2c(Cl)ccc3c2C=Nc2ccccc2N3)CC1,0,authentic,authentic,,,C1=Nc2ccccc2Nc2cccc(N3CCNCC3)c21,test,326.8310000000001,3.8994000000000018,0.7355024427686092,23,37
evolved_bioisostere_2103,CC1=NC2(CCCC2)C(=O)N1Cc1ccc(-c2ccccc2-c2nn[nH]n2)cc1,1,evolved_bioisostere,evolved_bioisostere,O=C1N(Cc2ccc(-c3ccccc3-c3nn[nH]n3)cc2)C(CCCCF)=NC12CCCC2,,O=C1N(Cc2ccc(-c3ccccc3-c3nn[nH]n3)cc2)C=NC12CCCC2,train,386.45900000000006,3.6071000000000017,0.7419977227779773,29,52
evolved_bioisostere_1459,c1cc(NC2=NCCN2)ccc1Cc1ccc(NC2=NCCN2)cc1,1,evolved_bioisostere,evolved_bioisostere,COCCOc1ccc(Cc2ccc(NC3=NCCN3)cc2)cc1,3 4 5 6 7 8,c1ccc(Cc2ccc(NC3=NCCN3)cc2)cc1,train,334.4270000000001,2.0195999999999996,0.690232897620727,25,39
evolved_bioisostere_680,NNc1nc(-c2ccc(Cl)cc2)nnc1-c1ccccc1,0,authentic,authentic,,,c1ccc(-c2cnc(-c3ccccc3)nn2)cc1,train,297.749,3.1446000000000014,0.5734935554060165,21,34
evolved_bioisostere_1887,COc1ccc(Cn2cnc3c(N(C)C)ncnc32)cc1,1,evolved_bioisostere,evolved_bioisostere,CN(C)c1ncnc2c1ncn2Cc1ccc(O)cc1,0,c1ccc(Cn2cnc3cncnc32)cc1,train,283.33500000000004,1.9492,0.7322379808800302,21,33
evolved_bioisostere_1290,Cc1cc2c(cc1N1CCOCC1)Nc1ncn(CCN3CCOCC3)c(=O)c1C2,1,evolved_bioisostere,evolved_bioisostere,COc1cc2c(cc1OC)Nc1ncn(CCN3CCOCC3)c(=O)c1C2,0 7 8 9 10 11 12,O=c1c2c(ncn1CCN1CCOCC1)Nc1ccccc1C2,train,411.50600000000037,1.3683199999999993,0.6952129294772098,30,47
evolved_bioisostere_623,CNC(=S)NCCSCc1[nH]cnc1C,0,authentic,authentic,,,c1c[nH]cn1,train,244.389,1.0452199999999996,0.5337458854483663,15,23
evolved_bioisostere_1610,CN1C[C@@H](C(=O)CN)[C@H](c2ccccc2)C1,1,evolved_bioisostere,evolved_bioisostere,CN1C[C@@H](C(=O)c2ccccc2)[C@H](c2ccccc2)C1,6 7,O=C(c1ccccc1)[C@@H]1CNC[C@H]1c1ccccc1,val,218.3,0.8595999999999994,0.8181907153663126,16,36
evolved_bioisostere_1963,CC[C@H]1[C@@H](O)[C@H](n2cnc3c(N)ncnc32)O[C@@H]1C,1,evolved_bioisostere,evolved_bioisostere,Nc1ncnc2c1ncn2[C@@H]1O[C@H](CO)[C@@H](O)[C@H]1O,0 1,c1ncc2ncn([C@H]3CCCO3)c2n1,train,263.301,0.7129,0.827606083886935,19,49
evolved_bioisostere_937,CC(C1CC1)C(O)(Cn1cncn1)c1ccc(-c2ccccc2)cc1,0,authentic,authentic,,,c1ccc(-c2ccc(C(CC3CC3)Cn3cncn3)cc2)cc1,train,333.43500000000006,3.879000000000003,0.744637753257422,25,42
evolved_bioisostere_400,C#Cc1cc(O[C@@H]2CCNC2)cnc1Cl,0,authentic,authentic,,,c1cncc(O[C@@H]2CCNC2)c1,val,222.67499999999998,1.457,0.6078076483639823,15,28
evolved_bioisostere_1436,CCOC(=O)N(c1ccccc1)[C@@H]1CCN(CCc2ccccc2)C[C@H]1C,1,evolved_bioisostere,evolved_bioisostere,CCC(=O)N(c1ccccc1)[C@@H]1CCN(CCc2ccccc2)C[C@H]1C,0 1 2,c1ccc(CCN2CCC(Nc3ccccc3)CC2)cc1,train,366.50500000000005,4.602600000000004,0.7487775001589345,27,49
evolved_bioisostere_505,CN1CCN(C2=Nc3cc(F)ccc3Nc3ccccc32)CC1,0,authentic,authentic,,,c1ccc2c(c1)N=C(N1CCNCC1)c1ccccc1N2,train,310.3760000000001,3.208400000000001,0.8104477130172129,23,36
evolved_bioisostere_515,CCOC(=O)C[N+]1(C)C2CC(OC(=O)C(O)(c3cccs3)c3cccs3)CC1[C@H]1O[C@H]21,0,authentic,authentic,,,O=C(OC1CC2[NH2+]C(C1)[C@H]1O[C@H]21)C(c1cccs1)c1cccs1,test,464.58500000000015,2.279000000000001,0.3844928626358665,31,66
evolved_bioisostere_739,CCCN1CCCC(c2ccc(OC)c(OC)c2)C1,0,authentic,authentic,,,c1ccc(C2CCCNC2)cc1,train,263.38100000000003,3.2932000000000023,0.8133743607751582,19,29
evolved_bioisostere_1219,Oc1ccc(-c2c(-c3ccncc3)nc3n2CCS3)cc1,1,evolved_bioisostere,evolved_bioisostere,Fc1ccc(-c2c(-c3ccncc3)nc3n2CCS3)cc1,0,c1ccc(-c2c(-c3ccncc3)nc3n2CCS3)cc1,train,295.367,3.4234000000000018,0.786749084241244,21,35
evolved_bioisostere_1816,CCOC(=O)c1cn(NC)c2cc(N3CCN(CC(N)=O)CC3)c(F)cc2c1=O,1,evolved_bioisostere,evolved_bioisostere,CCOC(=O)c1cn(NC)c2cc(N3CCN(C)CC3)c(F)cc2c1=O.CS(=O)(=O)O,18 19 20,O=c1cc[nH]c2cc(N3CCNCC3)ccc12,train,405.4300000000002,0.09790000000000143,0.656055336981462,29,50
evolved_bioisostere_1909,COc1ccc(CNC(=O)CSc2nc3ccc(SC)cc3[nH]2)cc1,1,evolved_bioisostere,evolved_bioisostere,CCOc1ccc2nc(SCC(=O)NCc3ccc(OC)cc3)[nH]c2c1,18 19,O=C(CSc1nc2ccccc2[nH]1)NCc1ccccc1,train,373.50300000000004,3.701900000000001,0.6182674088412542,25,41
evolved_bioisostere_862,CC(=O)OCC(=O)C1(O)CCC2C3CCC4=CC(=O)CCC4(C)C3CCC21C,0,authentic,authentic,,,O=C1C=C2CCC3C4CCCC4CCC3C2CC1,test,388.50400000000025,3.3816000000000024,0.7498298440587597,28,50
evolved_bioisostere_565,COc1ccc(C(=O)c2c(C)n(CCN3CCCCC3)c3ccccc23)cc1,0,authentic,authentic,,,O=C(c1ccccc1)c1cn(CCN2CCCCC2)c2ccccc12,val,376.50000000000006,4.675220000000004,0.5862223770724084,28,45
evolved_bioisostere_890,COc1ccc(-n2nc(C(F)(F)F)c3c2C(=O)N(Cc2ccc(C(N)=NO)cc2)CC3)cc1,0,authentic,authentic,,,O=C1c2c(cnn2-c2ccccc2)CCN1Cc1ccccc1,train,459.4280000000002,3.192700000000001,0.2638810495080275,33,60
evolved_bioisostere_342,COc1ccc2c3c1O[C@H]1C=C[C@H](O)[C@H]4[C@@H](C2)N(C)CC[C@@]341,0,authentic,authentic,,,C1=C[C@@H]2Oc3cccc4c3[C@@]23CCN[C@H](C4)[C@@H]3C1,val,299.3700000000001,1.5010999999999999,0.7981444096668123,22,60
evolved_bioisostere_129,COc1cc2c(c(OC)c1OC)-c1ccc(SC)c(=O)cc1[C@@H](NC(=O)CCl)CC2,0,authentic,authentic,,,O=c1cccc2c(c1)CCCc1ccccc1-2,train,449.95600000000024,3.8038000000000025,0.5337407701848674,30,57
evolved_bioisostere_1344,COn1c(=O)n(C)c(=O)c2nc(-c3ccc(C(C)C)cc3)[nH]c21,1,evolved_bioisostere,evolved_bioisostere,CC(C)c1ccc(-c2nc3c(=O)n(C)c(=O)n(C)c3[nH]2)cc1,0 1,O=c1[nH]c(=O)c2nc(-c3ccccc3)[nH]c2[nH]1,train,314.345,1.2720999999999993,0.7891444136414983,23,47
evolved_bioisostere_1009,COC(=O)CSCCC/C=C(\NC(=O)C1CC1(C)C)C(=O)O,0,authentic,authentic,,,C1CC1,train,329.41800000000006,1.8035999999999996,0.3805981631918396,22,40
evolved_bioisostere_1822,COc1ccc(N(CCO)C(=O)c2ccccc2)cc1,1,evolved_bioisostere,evolved_bioisostere,COc1ccc(N(CC(=O)O)C(=O)c2ccccc2)cc1,,O=C(Nc1ccccc1)c1ccccc1,train,271.31600000000003,2.3343000000000007,0.90769744488496,20,31
evolved_bioisostere_616,CC(C)OCC(COC(C)C)OCn1cnc2c(=O)[nH]c(N)nc21,0,authentic,authentic,,,O=c1[nH]cnc2[nH]cnc12,train,339.3960000000001,0.8945000000000003,0.6965072008552713,24,42
evolved_bioisostere_550,NNCCCc1ccc(OCc2ccccc2)cc1,0,authentic,authentic,,,c1ccc(COc2ccccc2)cc1,train,256.349,2.661500000000001,0.45466798274720505,19,25
evolved_bioisostere_284,CCOC(=O)n1nc(-c2nc3ccc(C)cc3o2)oc1=O,0,authentic,authentic,,,O=c1[nH]nc(-c2nc3ccccc3o2)o1,test,289.24700000000007,1.95752,0.7102494063332817,21,36
evolved_bioisostere_1812,Oc1ccccc1-c1[nH]ccc2c3ccccc3nc1-2,1,evolved_bioisostere,evolved_bioisostere,N#Cc1ccccc1-c1[nH]ccc2c3ccccc3nc1-2,0,c1ccc(-c2[nH]ccc3c4ccccc4nc2-3)cc1,train,260.29600000000005,4.040300000000003,0.542325701745776,20,33
evolved_bioisostere_1365,CNn1cc(C)c(=O)c2cc(F)c(N3CCC(O)CC3)cc21,1,evolved_bioisostere,evolved_bioisostere,CNn1cc(C(=O)O)c(=O)c2cc(F)c(N3CCC(O)CC3)cc21,,O=c1cc[nH]c2cc(N3CCCCC3)ccc12,train,305.35300000000007,1.5834199999999998,0.8843992921042836,22,39
evolved_bioisostere_347,CCOc1ccccc1C(=O)NCc1ccc(C(F)(F)F)cc1,0,authentic,authentic,,,O=C(NCc1ccccc1)c1ccccc1,train,323.31399999999996,4.034100000000003,0.9018750115525663,23,36
evolved_bioisostere_1449,COc1cc2c(Sc3nnc(N)s3)ncnc2s1,1,evolved_bioisostere,evolved_bioisostere,CCc1cc2c(Sc3nnc(N)s3)ncnc2s1,0 1,c1nc(Sc2nncs2)c2ccsc2n1,train,297.39000000000004,2.2847999999999997,0.7419685500545823,18,28
evolved_bioisostere_1406,COc1ccnc(CSc2nc3ccccc3[nH]2)c1C,1,evolved_bioisostere,evolved_bioisostere,CCOc1ccnc(CSc2nc3ccccc3[nH]2)c1C,,c1ccc(CSc2nc3ccccc3[nH]2)nc1,train,285.372,3.5672200000000016,0.744549174946621,20,31
evolved_bioisostere_173,CC[C@@H](C)Oc1ccc(-c2nc(C)c(C(=O)O)s2)cc1-c1nnn(C)n1,0,authentic,authentic,,,c1cc(-c2nn[nH]n2)cc(-c2nccs2)c1,val,373.43800000000005,3.184520000000001,0.707520239589445,26,52
evolved_bioisostere_794,COc1cc2c(c(OC)c1OC)-c1ccc(OC)c(=O)cc1[C@H](N(C)C(=O)C(F)(F)F)CC2,0,authentic,authentic,,,O=c1cccc2c(c1)CCCc1ccccc1-2,train,467.4400000000002,3.7562000000000024,0.6669776176054039,33,64
evolved_bioisostere_1348,CC1=C(CCN(C)C)C(c2c(F)ccc(Cl)c2C(F)(F)F)C2=C(COC2=O)N1,1,evolved_bioisostere,evolved_bioisostere,CC1=C(C(=O)OC(C)C)C(c2c(F)ccc(Cl)c2C(F)(F)F)C2=C(COC2=O)N1,4 5 6 7,O=C1OCC2=C1C(c1ccccc1)C=CN2,train,418.8180000000001,4.221300000000004,0.5869177487721313,28,54
evolved_bioisostere_597,O=C1CCc2c(OCC(O)CN3CCN(c4ccccc4Cl)CC3)ccc(Cl)c2N1,0,authentic,authentic,,,O=C1CCc2c(cccc2OCCCN2CCN(c3ccccc3)CC2)N1,val,450.36600000000016,3.4400000000000013,0.7062876472220394,30,49
evolved_bioisostere_25,O=C(CCC1C(=O)N(c2ccc(F)cc2)C1c1ccc(O)cc1)c1ccccc1F,0,authentic,authentic,,,O=C(CCC1C(=O)N(c2ccccc2)C1c1ccccc1)c1ccccc1,train,407.4160000000001,5.037600000000004,0.4602099752104549,30,50
evolved_bioisostere_788,CC(C)NCC(O)COc1ccc(C[S+]([O-])CC2CCCC2)cc1,0,authentic,authentic,,,c1ccc(C[SH+]CC2CCCC2)cc1,train,353.5280000000002,2.863200000000001,0.6349817601806644,24,42
evolved_bioisostere_664,COc1ccc2c(c1)c(CC(=O)NOCCO)c(C)n2C(=O)c1ccc(Cl)cc1,0,authentic,authentic,,,O=C(c1ccccc1)n1ccc2ccccc21,train,416.8610000000001,2.8828200000000015,0.4563279949080739,29,50
evolved_bioisostere_190,O=C(O)C1CN(c2cnc3ccccc3n2)CCN1,0,authentic,authentic,,,c1ccc2nc(N3CCNCC3)cnc2c1,train,258.281,0.4926,0.8160599897655196,19,30
evolved_bioisostere_1135,CC(COC(=O)CO)c1ccc2c(c1)C(O)Cc1ccccc1O2,1,evolved_bioisostere,evolved_bioisostere,CC(C(=O)O)c1ccc2c(c1)C(O)Cc1ccccc1O2,4 5 6 7,c1ccc2c(c1)CCc1ccccc1O2,train,328.36400000000003,2.7074000000000016,0.8441163594055388,24,39
evolved_bioisostere_724,CN1C[C@@H](Cn2c3c(c4ccccc42)C(=O)NCC3)CC1=O,0,authentic,authentic,,,O=C1C[C@H](Cn2c3c(c4ccccc42)C(=O)NCC3)CN1,val,297.35800000000006,1.4055,0.9108954971810045,22,43
evolved_bioisostere_1724,N[C@@H](CC(=O)N1CCn2c(nnc2C(F)(F)F)C1)Cc1ccccc1O,1,evolved_bioisostere,evolved_bioisostere,N[C@@H](CC(=O)N1CCn2c(nnc2C(F)(F)F)C1)Cc1ccc(Cl)c(Cl)c1,25,O=C(CCCc1ccccc1)N1CCn2cnnc2C1,train,369.34700000000015,1.3047999999999993,0.8468782670583476,26,48
evolved_bioisostere_53,COc1ccc(-c2oc3ccccc3c2C(=O)c2ccccc2)cc1,0,authentic,authentic,,,O=C(c1ccccc1)c1c(-c2ccccc2)oc2ccccc12,train,328.367,5.339400000000004,0.47472311116126514,25,39
evolved_bioisostere_211,Cc1ccc(CN=C2C(c3ccc(C(C)C)cc3)=Nc3ncnn32)cc1,0,authentic,authentic,,,c1ccc(CN=C2C(c3ccccc3)=Nc3ncnn32)cc1,train,343.4340000000001,4.291120000000004,0.7093517174253694,26,44
evolved_bioisostere_2062,COc1ccc(C[C@@H](N)CC(=O)N2CCn3c(nnc3C(F)(F)F)C2)cc1Cl,1,evolved_bioisostere,evolved_bioisostere,N[C@@H](CC(=O)N1CCn2c(nnc2C(F)(F)F)C1)Cc1ccc(Cl)c(Cl)c1,0 1,O=C(CCCc1ccccc1)N1CCn2cnnc2C1,train,417.8190000000001,2.2612000000000005,0.8060760313133534,28,53
evolved_bioisostere_1049,COc1cccc(C2=N[C@@H](C(=O)O)CS2)c1O,0,authentic,authentic,,,c1ccc(C2=NCCS2)cc1,train,253.279,1.3474,0.8496019264532635,17,34
evolved_bioisostere_1136,CCN1CCN(C2=Nc3ccccc3Sc3ccccc32)CC1,1,evolved_bioisostere,evolved_bioisostere,CCOC(=O)/C(=C/C(=O)O)OCCN1CCN(C2=Nc3ccccc3Sc3ccccc32)CC1,,c1ccc2c(c1)N=C(N1CCNCC1)c1ccccc1S2,train,323.46500000000015,3.8670000000000027,0.7938329471265754,23,34
evolved_bioisostere_1803,CCCN1CC[C@@H]2Cc3c(cccc3OC)C[C@H]21,1,evolved_bioisostere,evolved_bioisostere,C=CCN1CC[C@@H]2Cc3c(cccc3OC)C[C@H]21,0,c1ccc2c(c1)C[C@H]1CCN[C@@H]1C2,train,245.36599999999999,2.894300000000001,0.8116292261736288,18,35
evolved_bioisostere_919,CCC(NC)C1(c2ccc(F)cc2)OCc2cc(C#N)ccc21,0,authentic,authentic,,,c1ccc(C2OCc3ccccc32)cc1,train,310.372,3.4691800000000024,0.9402559899545179,23,38
evolved_bioisostere_1989,CC(=O)c1ccc(-c2nc3c(=O)n(C)c(=O)n(C)c3[nH]2)cc1,1,evolved_bioisostere,evolved_bioisostere,CC(C)c1ccc(-c2nc3c(=O)n(C)c(=O)n(C)c3[nH]2)cc1,2,O=c1[nH]c(=O)c2nc(-c3ccccc3)[nH]c2[nH]1,train,298.30199999999996,0.8298999999999996,0.7095468990147841,22,47
evolved_bioisostere_383,Nc1nc(N)c(-c2ccc(Cl)cc2)c(CCCc2ccccc2)n1,0,authentic,authentic,,,c1ccc(CCCc2ncncc2-c2ccccc2)cc1,val,338.842,4.136700000000003,0.7325834753195158,24,40
evolved_bioisostere_178,CCCCNCC(O)COc1cc(OC(C)C)c2c(=O)c3ccccc3oc2c1,0,authentic,authentic,,,O=c1c2ccccc2oc2ccccc12,train,399.4870000000001,3.8628000000000027,0.3979752241760304,29,44
evolved_bioisostere_271,CN1CCN(C2=Nc3cc(Cl)ccc3CC=C2c2ccccc2)CC1,0,authentic,authentic,,,C1=C(c2ccccc2)C(N2CCNCC2)=Nc2ccccc2C1,train,351.8810000000001,4.257100000000004,0.7641913527540939,25,40
evolved_bioisostere_209,COC1(OC)C(=O)C(C/C=C(\C)CCC=C(C)C)=C(O)C(CC=C(C)C)=C1O,0,authentic,authentic,,,O=C1C=CC=CC1,val,390.52000000000015,5.6215000000000055,0.39453393142705573,28,54
evolved_bioisostere_552,O=C1Nc2ccc(Cl)cc2C(c2ccccc2)(c2ccccc2)O1,0,authentic,authentic,,,O=C1Nc2ccccc2C(c2ccccc2)(c2ccccc2)O1,train,335.79,5.1940000000000035,0.6991568554014364,24,40
evolved_bioisostere_737,COP(=O)(Oc1ccccc1)N1CCC(c2ccc(F)cc2)C(COc2ccc3c(c2)OCO3)C1,0,authentic,authentic,,,O=[PH](Oc1ccccc1)N1CCC(c2ccccc2)C(COc2ccc3c(c2)OCO3)C1,test,499.4750000000003,5.872400000000006,0.3591645602068295,35,58
evolved_bioisostere_910,CCc1nnc2c(Nc3ccccc3)nc3ccccc3n12,0,authentic,authentic,,,c1ccc(Nc2nc3ccccc3n3cnnc23)cc1,val,289.34200000000004,3.5835000000000017,0.6260253553973857,22,32
evolved_bioisostere_1601,CC1=CN(C(=O)NCCc2ccc(F)cc2)C(=O)C1CS(N)(=O)=O,1,evolved_bioisostere,evolved_bioisostere,CCC1C(=O)N(C(=O)NCCc2ccc(S(N)(=O)=O)cc2)C=C1C,13 20 21 22 23,O=C1CC=CN1C(=O)NCCc1ccccc1,train,355.39100000000013,0.7285000000000001,0.811115610627712,24,45
evolved_bioisostere_1740,CC(C)(C(=O)O)N(Cc1ccc(-c2ccccc2-c2nn[nH]n2)cc1)C(=O)CCC#N,1,evolved_bioisostere,evolved_bioisostere,CCCCC(=O)N(Cc1ccc(-c2ccccc2-c2nn[nH]n2)cc1)C(C)(C)C(=O)O,30,c1ccc(-c2ccccc2-c2nn[nH]n2)cc1,train,418.45700000000016,3.029280000000001,0.5736233322761228,31,57
evolved_bioisostere_187,CN1CC(CCn2c3c(c4ccccc42)C(=O)NCC3)CC1=O,0,authentic,authentic,,,O=C1CC(CCn2c3c(c4ccccc42)C(=O)NCC3)CN1,test,311.38500000000016,1.7955999999999999,0.9394903225069375,23,39
evolved_bioisostere_218,CCC(C)(C)NCC(O)COc1cc(O)ccc1C(=O)CCc1ccccc1,0,authentic,authentic,,,O=C(CCc1ccccc1)c1ccccc1,train,385.50400000000013,3.7256000000000027,0.5138741571996066,28,43
evolved_bioisostere_738,CCn1ncnc1CN1CCC(O)(c2ccccc2)C1,0,authentic,authentic,,,c1ccc(C2CCN(Cc3ncn[nH]3)C2)cc1,val,272.35200000000003,1.3914999999999997,0.9136307155174603,20,30
evolved_bioisostere_648,CC(C)(C)NC(=O)NC1CCCC(NC(=O)NC(C)(C)C)C1,0,authentic,authentic,,,C1CCCCC1,train,312.4580000000001,2.4930000000000003,0.6316255732102284,22,40
evolved_bioisostere_797,O=C(CCN1CCC(c2ccccc2)C1)c1cc2c(cc1F)OC=CO2,0,authentic,authentic,,,O=C(CCN1CCC(c2ccccc2)C1)c1ccc2c(c1)OC=CO2,train,353.3930000000001,4.130400000000003,0.7578564609948468,26,42
evolved_bioisostere_1180,CCc1cnc2c(c1)CCc1cc(OC)ccc1C2=C1CCN(C(C)=O)CC1,1,evolved_bioisostere,evolved_bioisostere,COc1cnc2c(c1)CCc1cc(Cl)ccc1C2=C1CCN(C(C)=O)CC1,0 1 13 14,c1ccc2c(c1)CCc1cccnc1C2=C1CCNCC1,train,376.5000000000002,4.195400000000004,0.7890169773657438,28,46
evolved_bioisostere_1187,Fc1cc(C2CCCCC2)nc2ccccc12,1,evolved_bioisostere,evolved_bioisostere,Cc1cc(C2CCCCC2)nc2ccccc12,0,c1ccc2nc(C3CCCCC3)ccc2c1,train,229.298,4.421600000000002,0.7049218211396969,17,25
evolved_bioisostere_315,C=CCN1CCC2c3c(O)cccc3CCC21,0,authentic,authentic,,,c1ccc2c(c1)CCC1NCCC21,val,229.32299999999998,2.6823000000000015,0.7881203457014493,17,26
evolved_bioisostere_548,O=C(O)C[C@H](O)C[C@H](O)/C=C\c1c(C2CC2)nc2ccccc2c1-c1ccc(F)cc1,0,authentic,authentic,,,c1ccc(-c2cc(C3CC3)nc3ccccc23)cc1,train,421.4680000000001,4.518100000000003,0.4975852641991758,31,62
evolved_bioisostere_2085,CCCOc1cccc(C2CCN(CCC)CC2)c1,1,evolved_bioisostere,evolved_bioisostere,CCCN1CCC(c2cccc(OC)c2)CC1,0 1,c1ccc(C2CCNCC2)cc1,train,261.4089999999999,4.0648000000000035,0.7652596646086778,19,27
evolved_bioisostere_2035,O=c1c(-c2cccc(O)c2)coc2cc(O)cc(O)c12,1,evolved_bioisostere,evolved_bioisostere,O=c1c(-c2cccc(Cl)c2)coc2cc(O)cc(O)c12,8,O=c1c(-c2ccccc2)coc2ccccc12,train,270.24,2.576800000000001,0.6318329361180623,20,36
evolved_bioisostere_1814,CC(=O)N1CCc2nc(C)n(Cc3ccc(-c4ccccc4-c4nn[nH]n4)cc3)c(=O)c2C1,1,evolved_bioisostere,evolved_bioisostere,CCCCc1nc2c(c(=O)n1Cc1ccc(-c3ccccc3-c3nn[nH]n3)cc1)CN(C(C)=O)CC2,,O=c1c2c(ncn1Cc1ccc(-c3ccccc3-c3nn[nH]n3)cc1)CCNC2,train,441.4950000000002,2.3517200000000003,0.5206481370008244,33,60
evolved_bioisostere_1736,COc1cccc(-c2coc3cc(O)cc(O)c3c2=O)c1,1,evolved_bioisostere,evolved_bioisostere,O=c1c(-c2cccc(Cl)c2)coc2cc(O)cc(O)c12,0 1,O=c1c(-c2ccccc2)coc2ccccc12,train,284.267,2.8798000000000012,0.7560099167404621,21,35
evolved_bioisostere_175,Cc1cccnc1CS(=O)c1nc2c(C)c(OC(F)F)c(C)cc2[nH]1,0,authentic,authentic,,,O=S(Cc1ccccn1)c1nc2ccccc2[nH]1,train,365.40500000000003,3.792360000000002,0.7468802975183879,25,45
evolved_bioisostere_1871,CN1CCN(C2=Nc3ccccc3Nc3sc(N)cc32)CC1,1,evolved_bioisostere,evolved_bioisostere,CN1CCN(C2=Nc3ccccc3Nc3sc(CO)cc32)CC1,17,c1ccc2c(c1)N=C(N1CCNCC1)c1ccsc1N2,train,313.4300000000001,2.713000000000001,0.7850259227301648,22,35
evolved_bioisostere_380,CNS(=O)(=O)c1ccc(Cl)cc1C1NC(=O)NC1=O,0,authentic,authentic,,,O=C1NC(=O)C(c2ccccc2)N1,train,303.72700000000003,0.12859999999999971,0.6902381628502552,19,36
evolved_bioisostere_884,Cc1ccc(C2(CCC#N)OCc3ccc(C)cc32)cc1,0,authentic,authentic,,,c1ccc(C2OCc3ccccc32)cc1,train,277.36699999999996,4.381020000000003,0.8336747149043323,21,34
evolved_bioisostere_768,CCC(c1ccc(O)c(COC)c1)C(CC)c1ccc(O)c(COC)c1,0,authentic,authentic,,,c1ccc(CCc2ccccc2)cc1,train,358.47800000000007,5.078000000000006,0.6562881916282933,26,42
evolved_bioisostere_1132,c1cc(Nc2ncnc3ccccc23)cc(Nc2ncnc3ccccc23)c1,1,evolved_bioisostere,evolved_bioisostere,COc1cccc(Nc2ncnc3ccccc23)c1,3 4 5 6 7 8 9 10 11 12 13,c1ccc(Nc2ncnc3ccccc23)cc1,train,364.4120000000001,5.060200000000002,0.4641485369198839,28,42
evolved_bioisostere_728,COCCOCCOCCONc1nnc(-c2cccc(Cl)c2Cl)c(N)n1,0,authentic,authentic,,,c1ccc(-c2cncnn2)cc1,train,418.2810000000002,2.4506999999999994,0.3963099620681922,27,40
evolved_bioisostere_467,Cn1cc[n+](COCC(C)(C)C)c1/C=N/O.[Cl-],0,authentic,authentic,,,c1c[nH+]c[nH]1,test,261.75300000000004,-1.8550999999999958,0.299338433145217,17,36
evolved_bioisostere_1323,CC(=O)OCCN1CCN(C2=Nc3ccccc3Sc3ccccc32)CC1,1,evolved_bioisostere,evolved_bioisostere,CCOC(=O)/C(=C/C(=O)O)OCCN1CCN(C2=Nc3ccccc3Sc3ccccc32)CC1,2,c1ccc2c(c1)N=C(N1CCNCC1)c1ccccc1S2,train,381.5010000000002,3.4102000000000015,0.7626804073495235,27,41
evolved_bioisostere_1968,C=Cc1ccc(-c2nc3c(=O)n(C)c(=O)n(C)c3[nH]2)cc1,1,evolved_bioisostere,evolved_bioisostere,CC(C)c1ccc(-c2nc3c(=O)n(C)c(=O)n(C)c3[nH]2)cc1,0,O=c1[nH]c(=O)c2nc(-c3ccccc3)[nH]c2[nH]1,train,282.303,1.2702999999999998,0.7690041384111276,21,44
evolved_bioisostere_559,O=C1CN=C(c2ccccc2)c2cc([NH+]([O-])O)ccc2N1,0,authentic,authentic,,,O=C1CN=C(c2ccccc2)c2ccccc2N1,train,283.287,0.8795,0.714698904017634,21,42
evolved_bioisostere_60,N#Cc1ccc(-c2ccc3c(c2)C2(CCCCC2)C(S)=N3)o1,0,authentic,authentic,,,C1=Nc2ccc(-c3ccco3)cc2C12CCCCC2,test,308.4059999999999,4.993580000000003,0.7541246082746732,22,41
evolved_bioisostere_668,COCC/C=N/Nc1nnc(N/N=C/CCOC)c2ccccc12,0,authentic,authentic,,,c1ccc2cnncc2c1,train,330.39200000000005,2.4982000000000006,0.3948709515228597,24,36
evolved_bioisostere_1295,Cc1ccc2c(c1)C(c1ccccc1Cl)=NC(C)C(=O)N2C,1,evolved_bioisostere,evolved_bioisostere,CC1N=C(c2ccccc2Cl)c2cc([N+](=O)[O-])ccc2N(C)C1=O,0,O=C1CN=C(c2ccccc2)c2ccccc2N1,train,312.80000000000007,3.8507200000000035,0.7869250293503697,22,39
evolved_bioisostere_697,COc1ccc(-c2nc([S+]([O-])C(F)(F)F)[nH]c2-c2ccc(OC)cc2)cc1,0,authentic,authentic,,,c1ccc(-c2nc[nH]c2-c2ccccc2)cc1,train,396.3900000000001,4.388300000000003,0.6497124480690054,27,56
evolved_bioisostere_155,C=CCN1C[C@H](C)N(C(c2ccccc2)c2ccccc2)C[C@H]1C,0,authentic,authentic,,,c1ccc(C(c2ccccc2)N2CCNCC2)cc1,train,320.4800000000001,4.356600000000004,0.7554832361027766,24,45
evolved_bioisostere_1721,CNC(=O)c1cc(Oc2ccc(Nc3cc(C(F)F)ccc3F)cc2)ccn1,1,evolved_bioisostere,evolved_bioisostere,CNC(=O)c1cc(Oc2ccc(NC(=O)Nc3cc(C(F)F)ccc3F)cc2)ccn1,13 14 15 16 17 18 19 20 21 22,O=C(Nc1ccccc1)Nc1ccc(Oc2ccncc2)cc1,train,387.36100000000005,5.053800000000003,0.6210711052785232,28,45
evolved_bioisostere_895,O=c1[nH]cnc2ncn(CC(O)CO)c12,0,authentic,authentic,,,O=c1[nH]cnc2nc[nH]c12,train,210.19299999999998,-1.5272,0.5699694435260293,15,27
evolved_bioisostere_200,CCCC1C(c2ccc(F)cc2)CC2C[C@H](F)C1N2C,0,authentic,authentic,,,c1ccc(C2CC3CCC(C2)N3)cc1,val,279.37399999999997,4.140100000000003,0.8034871643479563,20,36
evolved_bioisostere_109,C[C@@H](N)Cc1c2ccoc2c(C(F)(F)F)c2ccoc12.Cl,0,authentic,authentic,,,c1cc2cc3occc3cc2o1,train,319.71,4.509300000000003,0.7558015783981308,21,42
evolved_bioisostere_1529,CSc1ccc2c(c1)C(N)=Nc1cc(F)ccc1N2CC(F)F,1,evolved_bioisostere,evolved_bioisostere,NC1=Nc2cc(F)ccc2N(CC(F)F)c2ccc(Cl)cc21,0 1,C1=Nc2ccccc2Nc2ccccc21,train,337.37,4.301200000000002,0.8491643088791775,23,38
evolved_bioisostere_1025,O=C1C([C@H](O)CCc2ccccc2)[C@@H](c2ccc(O)cc2)N1c1ccc(F)cc1,0,authentic,authentic,,,O=C1C(CCCc2ccccc2)[C@@H](c2ccccc2)N1c1ccccc1,val,391.4420000000001,4.229100000000003,0.6184621010771306,29,57
evolved_bioisostere_160,CN(CCc1ccccc1)CCN1CCCC1,0,authentic,authentic,,,c1ccc(CCNCCN2CCCC2)cc1,test,232.3709999999999,2.2567000000000004,0.74209558980842,17,23
evolved_bioisostere_1318,Cc1cc(O)cc(-c2nc(C(F)(F)F)n(C)c2-c2cc(Cl)cc(Cl)c2)c1,1,evolved_bioisostere,evolved_bioisostere,Cn1c(C(F)(F)F)nc(-c2cc(Cl)cc(Cl)c2)c1-c1cc(Cl)cc(Cl)c1,0 4,c1ccc(-c2nc[nH]c2-c2ccccc2)cc1,train,401.21500000000003,6.093720000000004,0.5641645039500691,26,52
evolved_bioisostere_2040,CNc1cc(Oc2ccc(NC(=O)Nc3cc(C(F)F)ccc3F)cc2)ccn1,1,evolved_bioisostere,evolved_bioisostere,CNC(=O)c1cc(Oc2ccc(NC(=O)Nc3cc(C(F)F)ccc3F)cc2)ccn1,0 1,O=C(Nc1ccccc1)Nc1ccc(Oc2ccncc2)cc1,train,402.37600000000003,5.636300000000003,0.4990713195151243,29,46
evolved_bioisostere_679,C#Cc1ccc2c(c1)CO[C@@]2(CCCN(C)C)c1ccc(F)cc1,0,authentic,authentic,,,c1ccc(C2OCc3ccccc32)cc1,train,323.41099999999994,3.9226000000000028,0.7733519073589672,24,43
evolved_bioisostere_1107,Cc1cc(Br)ccc1-c1ccc(-n2ncc(=O)[nH]c2=O)cc1Cl,1,evolved_bioisostere,evolved_bioisostere,Cc1cc(Br)ccc1C(=O)c1ccc(-n2ncc(=O)[nH]c2=O)cc1Cl,0 1 2 3 4 5 6 7,O=C(c1ccccc1)c1ccc(-n2ncc(=O)[nH]c2=O)cc1,train,392.6400000000001,3.312120000000002,0.7273431228864349,23,44
evolved_bioisostere_796,C=CCN(CC=C)C1c2ccccc2Oc2ccccc21,0,authentic,authentic,,,c1ccc2c(c1)Cc1ccccc1O2,train,277.367,4.555700000000003,0.7430354918558615,21,31
evolved_bioisostere_1235,CCOc1cc2ncnc(Nc3cccc(Br)c3)c2cc1O,1,evolved_bioisostere,evolved_bioisostere,CCOc1cc2ncnc(Nc3cccc(Br)c3)c2cc1OCC,,c1ccc(Nc2ncnc3ccccc23)cc1,train,360.21100000000007,4.240200000000003,0.728541469797058,22,33
evolved_bioisostere_1482,CCC(=O)N[C@H]1Cc2cccc3ccc(OC(F)(F)F)c(c23)C1,1,evolved_bioisostere,evolved_bioisostere,CCC(=O)N[C@H]1Cc2cccc3ccc(OC)c(c23)C1,17 18 19,c1cc2c3c(cccc3c1)CCC2,train,323.3140000000001,3.7318000000000024,0.9344960722724395,23,44
evolved_bioisostere_2142,O=c1cc(-c2ccn3c(-c4ccccc4)cnc3c2)ccn1CCCO,1,evolved_bioisostere,evolved_bioisostere,O=c1cc(-c2ccn3c(-c4ccccc4)cnc3c2)ccn1CCCN1CCCCC1,25,O=c1cc(-c2ccn3c(-c4ccccc4)cnc3c2)ccn1CCCN1CCCCC1,train,345.40200000000016,3.212400000000002,0.6041300793759272,26,41
evolved_bioisostere_1684,CC(=O)NC1CCC(CCN2CCN(c3cccc(C(C)=O)c3)CC2)CC1,1,evolved_bioisostere,evolved_bioisostere,CC(=O)NC1CCC(CCN2CCN(c3cccc(C(F)(F)F)c3)CC2)CC1,20 21,c1ccc(N2CCN(CCC3CCCCC3)CC2)cc1,train,371.52500000000026,3.0962000000000014,0.780975063640699,27,45
evolved_bioisostere_1919,CCCc1nc(C)c(C(=O)O)n1C(c1cccc(C)c1)c1ccccc1-c1nn[nH]n1,1,evolved_bioisostere,evolved_bioisostere,CCCc1nc(CC)c(C(=O)O)n1C(c1cccc(F)c1)c1ccccc1-c1nn[nH]n1,18,c1ccc(C(c2ccccc2-c2nn[nH]n2)n2ccnc2)cc1,train,416.48500000000007,3.968440000000002,0.47173205577080535,31,54
evolved_bioisostere_157,COc1c(Br)c2c(c(OC)c1OC)-c1ccc(OC)c(=O)cc1C(NC(C)=O)CC2,0,authentic,authentic,,,O=c1cccc2c(c1)CCCc1ccccc1-2,train,478.3390000000003,3.634100000000001,0.7070806131916618,30,54
evolved_bioisostere_815,CN(C)C[C@H]1C[C@@H](OCc2ccc(F)cc2)CC[C@]1(O)c1cccc(O)c1,0,authentic,authentic,,,c1ccc(COC2CCC(c3ccccc3)CC2)cc1,test,373.468,3.666000000000002,0.8113213912172275,27,55
evolved_bioisostere_1416,CC1(C)CCc2cc3c(C(F)(F)F)cc(N)nc3cc2N1,1,evolved_bioisostere,evolved_bioisostere,CC1(C)CCc2cc3c(C(F)(F)F)cc(O)nc3cc2N1,15,c1cnc2cc3c(cc2c1)CCCN3,train,295.30799999999994,3.972500000000002,0.7728354285651942,21,37
evolved_bioisostere_1202,CC(=O)N1c2ccccc2C(N(C(C)=O)c2ccccc2)CC1C,1,evolved_bioisostere,evolved_bioisostere,CCCC(=O)N1c2ccccc2C(N(C(C)=O)c2ccccc2)CC1C,,c1ccc(NC2CCNc3ccccc32)cc1,train,322.4080000000001,3.925900000000003,0.8404360637959459,24,40
evolved_bioisostere_1805,CCc1cc(C2CCCCC2)nc2ccccc12,1,evolved_bioisostere,evolved_bioisostere,Cc1cc(C2CCCCC2)nc2ccccc12,0,c1ccc2nc(C3CCCCC3)ccc2c1,train,239.362,4.8449000000000035,0.7300413418826124,18,26
evolved_bioisostere_1305,Cc1cc(-c2ccc(O)cc2)cn2cc(-c3ccc(C(=O)O)cc3)nc12,1,evolved_bioisostere,evolved_bioisostere,Cc1cc(-c2ccc(C(=N)N)cc2)cn2cc(-c3ccc(C(=N)N)cc3)nc12,8 20 21,c1ccc(-c2ccc3nc(-c4ccccc4)cn3c2)cc1,train,344.37000000000006,4.380520000000002,0.5782172405805326,26,47
evolved_bioisostere_644,O=C1C[C@@H](c2ccc(OCc3ccccc3)cc2)N1c1ccc(F)cc1,0,authentic,authentic,,,O=C1C[C@@H](c2ccc(OCc3ccccc3)cc2)N1c1ccccc1,train,347.38900000000007,4.882700000000003,0.6155748456080323,26,46
evolved_bioisostere_1277,Oc1ccccc1N1CCN(Cc2cnn3ccccc23)CC1,1,evolved_bioisostere,evolved_bioisostere,c1ccc(N2CCN(Cc3cnn4ccccc34)CC2)cc1,0,c1ccc(N2CCN(Cc3cnn4ccccc34)CC2)cc1,train,308.3850000000001,2.3621,0.8065807705571105,23,33
evolved_bioisostere_67,Cc1cc(F)ccc1C1OCc2cc(C#N)ccc21,0,authentic,authentic,,,c1ccc(C2OCc3ccccc32)cc1,train,253.27599999999998,3.6254000000000026,0.7771530981133039,19,30
evolved_bioisostere_1559,COc1cccc(Sc2ccc(C3=NCCN3)cc2)c1,1,evolved_bioisostere,evolved_bioisostere,COc1ccc(Sc2ccc(C3=NCCN3)cc2)cc1,0 1,c1ccc(Sc2ccc(C3=NCCN3)cc2)cc1,train,284.38399999999996,3.196200000000001,0.9358176997044989,20,31
evolved_bioisostere_2077,CC(=O)CCC(O)c1cccc(OCc2ccc3ccccc3n2)c1,1,evolved_bioisostere,evolved_bioisostere,CCCCCC(O)c1cccc(OCc2ccc3ccccc3n2)c1,2,c1ccc(OCc2ccc3ccccc3n2)cc1,train,335.403,4.216400000000004,0.7022591757870812,25,38
evolved_bioisostere_574,CCCCc1oc2ccccc2c1C(=O)c1ccc(OC(C)NCC)cc1,0,authentic,authentic,,,O=C(c1ccccc1)c1coc2ccccc12,train,365.47300000000007,5.340700000000005,0.4106388079185386,27,40
evolved_bioisostere_1310,CC(C)(C)c1cc(C/C=C/c2cccs2)cc(C(C)(C)C#N)c1O,1,evolved_bioisostere,evolved_bioisostere,CC(C)(C)c1cc(C/C=C/c2cccs2)cc(C(C)(C)C)c1O,21,C(=C\c1cccs1)/Cc1ccccc1,train,339.5040000000001,5.808280000000006,0.7637856005703038,24,44
evolved_bioisostere_95,NCC1CN(C2=Nc3ccccc3Sc3ccccc32)CCN1CCOCCO,0,authentic,authentic,,,c1ccc2c(c1)N=C(N1CCNCC1)c1ccccc1S2,train,412.5590000000003,2.1833000000000005,0.7087774101610929,29,40
evolved_bioisostere_1767,O=C(O)c1ncn(C2OC(CO)C(O)C2O)n1,1,evolved_bioisostere,evolved_bioisostere,NC(=O)c1ncn(C2OC(CO)C(O)C2O)n1,2,c1ncn(C2CCCO2)n1,train,245.19100000000003,-2.4122,0.46154267109477515,17,30
evolved_bioisostere_973,CC1OC(n2cnc(C(=N)N)n2)C(O)C1O,0,authentic,authentic,,,c1ncn(C2CCCO2)n1,train,227.22400000000002,-1.7987299999999986,0.34814584318578745,16,29
evolved_bioisostere_1160,CN(C)CCC1(c2ccc(O)cc2)OCc2cc(F)ccc21,1,evolved_bioisostere,evolved_bioisostere,CN(C)CCCC1(c2ccc(F)cc2)OCc2cc(F)ccc21,0 1 2 10,c1ccc(C2OCc3ccccc32)cc1,train,301.361,3.256800000000002,0.9406495907322093,22,36
evolved_bioisostere_432,Nc1nc2cc(Cl)c(Cl)cc2n1Cc1ccc(F)cc1,0,authentic,authentic,,,c1ccc(Cn2cnc3ccccc32)cc1,train,310.159,4.112700000000001,0.7737830480302251,20,34
evolved_bioisostere_1496,COC(=O)[C@@H](c1ccc(C#N)cc1)[C@@H]1CCCCN1,1,evolved_bioisostere,evolved_bioisostere,COC(=O)[C@@H](c1ccc(Br)cc1)[C@@H]1CCCCN1,9 10,c1ccc(C[C@@H]2CCCCN2)cc1,train,258.3209999999999,1.9569799999999997,0.8417806181911542,19,41
evolved_bioisostere_87,c1ccc(Cc2ccc(OC[C@@H]3CCCN3)cc2)cc1,0,authentic,authentic,,,c1ccc(Cc2ccc(OC[C@@H]3CCCN3)cc2)cc1,test,267.37199999999996,3.4082000000000017,0.8960976742831709,20,35
evolved_bioisostere_1591,C[C@H]1O[C@@H](n2cnc3c(N)ncnc32)[C@H](O)[C@@H]1CO,1,evolved_bioisostere,evolved_bioisostere,Nc1ncnc2c1ncn2[C@@H]1O[C@H](CO)[C@@H](O)[C@H]1O,17 18,c1ncc2ncn([C@H]3CCCO3)c2n1,train,265.27299999999997,-0.7047999999999999,0.6560733633956574,19,49
evolved_bioisostere_1658,OCc1cc2ccccn2/c(=N/c2ccc(Cl)cc2)n1,1,evolved_bioisostere,evolved_bioisostere,CCOC(=O)c1cc2ccccn2/c(=N/c2ccc(Cl)cc2)n1,,c1ccc(/N=c2\nccc3ccccn23)cc1,train,285.734,2.7124000000000006,0.7869271978315229,20,34
evolved_bioisostere_1158,COc1cc2c(N3CC[C@@H](Oc4ccc5cccnc5c4)C3)ncnc2cc1O,1,evolved_bioisostere,evolved_bioisostere,COc1cc2ncnc(N3CC[C@@H](Oc4ccc5cccnc5c4)C3)c2cc1OC,,c1cnc2cc(O[C@@H]3CCN(c4ncnc5ccccc45)C3)ccc2c1,test,388.4270000000002,3.5499000000000023,0.5725289468996153,29,48
evolved_bioisostere_1904,NCCN1CCN(C2=Nc3ccccc3Sc3ccccc32)CC1,1,evolved_bioisostere,evolved_bioisostere,C=C(C)OCCOCCN1CCN(C2=Nc3ccccc3Sc3ccccc32)CC1,0,c1ccc2c(c1)N=C(N1CCNCC1)c1ccccc1S2,train,338.48000000000013,2.8058000000000014,0.9144825312669108,24,35
evolved_bioisostere_888,C[C@H](NC(=O)c1cncn1-c1ccccc1)c1ccc(S(N)(=O)=O)cc1,0,authentic,authentic,,,O=C(NCc1ccccc1)c1cncn1-c1ccccc1,train,370.4340000000001,2.0107,0.7161515547649555,26,50
evolved_bioisostere_1023,CCN(CC)CCCOC(=O)C(C)(c1ccccc1)C1CCCCC1,0,authentic,authentic,,,c1ccc(CC2CCCCC2)cc1,test,345.5270000000002,4.799700000000005,0.47547682190001267,25,38
evolved_bioisostere_169,CN(C)CCC1=C/C(=C\c2cccnc2)c2ccccc21,0,authentic,authentic,,,C1=Cc2ccccc2/C1=C/c1cccnc1,train,276.38300000000004,3.970900000000003,0.8396668519920677,21,35
evolved_bioisostere_350,COc1cc2c(c(OC)c1OC)-c1ccc(OC)c(=O)cc1[C@@H](NC(=O)CCl)CC2,0,authentic,authentic,,,O=c1cccc2c(c1)CCCc1ccccc1-2,train,433.88800000000026,3.0905000000000014,0.704719761844059,30,57
evolved_bioisostere_19,CN(CCN1CCCCC1)c1ccnc2ccccc12,0,authentic,authentic,,,c1ccc2c(NCCN3CCCCC3)ccnc2c1,test,269.39200000000005,3.156900000000001,0.8496832396074528,20,28
evolved_bioisostere_114,CNC(=O)CN(C)C(=O)CN1CCCC1=O,0,authentic,authentic,,,O=C1CCCN1,train,227.26399999999995,-1.1867999999999987,0.6565048114786753,16,27
evolved_bioisostere_1991,Cc1ccc2c(c1)CCC(c1cccnc1)=C2,1,evolved_bioisostere,evolved_bioisostere,COc1ccc2c(c1)CCC(c1cccnc1)=C2,0,C1=C(c2cccnc2)CCc2ccccc21,train,221.30300000000003,3.876820000000003,0.7118473231031847,17,28
evolved_bioisostere_1131,Cc1cc(Br)ccc1C(=O)c1ccc(-n2ncc(=O)[nH]c2=O)cc1C,1,evolved_bioisostere,evolved_bioisostere,Cc1cc(Br)ccc1C(=O)c1ccc(-n2ncc(=O)[nH]c2=O)cc1Cl,24,O=C(c1ccccc1)c1ccc(-n2ncc(=O)[nH]c2=O)cc1,train,400.23200000000014,2.5311400000000006,0.685227540833426,25,47
evolved_bioisostere_1573,Cc1c(C)n(C(C)C)c(=O)n1Cc1ccc(-c2ccccc2-c2nn[nH]n2)cc1,1,evolved_bioisostere,evolved_bioisostere,CCCCc1c(C(=O)O)n(C(C)C)c(=O)n1Cc1ccc(-c2ccccc2-c2nn[nH]n2)cc1,,O=c1[nH]ccn1Cc1ccc(-c2ccccc2-c2nn[nH]n2)cc1,train,388.475,3.7429400000000026,0.5645886517439785,29,53
evolved_bioisostere_1683,COc1ccc(C(CCCN2CCC(O)(c3ccccc3)CC2)(OC)C(C)C)cc1OC,1,evolved_bioisostere,evolved_bioisostere,COc1ccc(C(C#N)(CCCN2CCC(O)(c3ccccc3)CC2)C(C)C)cc1OC,23 24,c1ccc(CCCCN2CCC(c3ccccc3)CC2)cc1,train,441.61200000000025,4.965300000000005,0.5644248726348458,32,50
evolved_bioisostere_1797,O=C1c2ccc(OCc3ccccn3)cc2CCC1CN1CCC(c2ccccc2)CC1,1,evolved_bioisostere,evolved_bioisostere,O=C1c2ccc(OCc3ccccn3)cc2CCC1CCN1CCC(c2ccccc2)CC1,20 21 22 23 24 25 26 27 28 29 30 31,O=C1c2ccc(OCc3ccccn3)cc2CCC1CCN1CCC(c2ccccc2)CC1,train,426.5600000000003,5.285300000000005,0.5374426129289805,32,47
evolved_bioisostere_191,CCCCCSCC1(c2ccccc2)NC(=O)NC1=O,0,authentic,authentic,,,O=C1NC(=O)C(c2ccccc2)N1,train,292.40400000000005,2.6446999999999994,0.5998048470840742,20,30
evolved_bioisostere_1535,CN(C)CCC1(c2ccc(F)cc2)OCc2cc(F)ccc21,1,evolved_bioisostere,evolved_bioisostere,CN(C)CCCC1(c2ccc(F)cc2)OCc2cc(F)ccc21,0 1 2,c1ccc(C2OCc3ccccc32)cc1,train,303.352,3.6903000000000024,0.8539041826130715,22,36
evolved_bioisostere_165,Cc1ccc(/C=C2\CCCc3cc(C)cnc32)cc1,0,authentic,authentic,,,C(=C1/CCCc2cccnc21)/c1ccccc1,test,249.357,4.575340000000004,0.7208090844889898,19,32
evolved_bioisostere_1424,Cc1c(N(C)C)ccnc1CSc1nc2ccccc2[nH]1,1,evolved_bioisostere,evolved_bioisostere,CCOc1ccnc(CSc2nc3ccccc3[nH]2)c1C,3 4 5,c1ccc(CSc2nc3ccccc3[nH]2)nc1,train,298.415,3.624620000000002,0.7471610162347428,21,34
evolved_bioisostere_1753,Cc1ccccc1C(=O)c1cn(C(C)CN2CCOCC2)c2ccccc12,1,evolved_bioisostere,evolved_bioisostere,CC(CN1CCOCC1)n1cc(C(=O)c2ccccc2F)c2ccccc21,0,O=C(c1ccccc1)c1cn(CCN2CCOCC2)c2ccccc12,train,362.4730000000001,4.073920000000003,0.6417502195830119,27,42
evolved_bioisostere_498,N#CC1=C(N)Nc2ncnn2[C@H]1c1ccc(F)cc1,0,authentic,authentic,,,C1=C[C@H](c2ccccc2)n2ncnc2N1,val,256.24399999999997,1.12598,0.7973205037271011,19,35
evolved_bioisostere_1157,COc1cc(COc2ccc(N3C(N)=NC(N)=NC3(C)C)cc2)ccc1Cl,1,evolved_bioisostere,evolved_bioisostere,CC1(C)N=C(N)N=C(N)N1c1ccc(OCc2ccc(Cl)c(Cl)c2)cc1,0 1,C1=NC=NCN1c1ccc(OCc2ccccc2)cc1,train,387.8710000000001,3.113100000000001,0.8207793898268385,27,46
evolved_bioisostere_940,CNC1=NC(=O)[C@H]([C@@H](O)c2c[nH]c3ccccc23)O1,0,authentic,authentic,,,O=C1N=CO[C@H]1Cc1c[nH]c2ccccc12,test,259.265,0.7020999999999995,0.7406847056911613,19,45
evolved_bioisostere_831,COc1cccc2c1CCC(=O)N2CCCN1CCN(c2cc(Cl)cc(Cl)c2)CC1,0,authentic,authentic,,,O=C1CCc2ccccc2N1CCCN1CCN(c2ccccc2)CC1,test,448.3940000000001,4.4935000000000045,0.6525820701825478,30,49
evolved_bioisostere_1297,CCCc1nc(OCC)c(F)n1Cc1ccc(-c2ccccc2C(=O)O)cc1,1,evolved_bioisostere,evolved_bioisostere,CCCc1nc(C(C)(O)CC)c(C(=O)O)n1Cc1ccc(-c2ccccc2C(=O)O)cc1,6 7 8 10,c1ccc(-c2ccc(Cn3ccnc3)cc2)cc1,train,382.43500000000006,4.786900000000004,0.6085129322178282,28,44
evolved_bioisostere_1401,Cc1ccc(-c2nc3c4ccccc4ccn3c2C(=O)O)cc1,1,evolved_bioisostere,evolved_bioisostere,CC(=O)c1c(-c2ccc(C)cc2)nc2c3ccccc3ccn12,20,c1ccc(-c2cn3ccc4ccccc4c3n2)cc1,train,302.333,4.161120000000003,0.6046197779970913,23,37
evolved_bioisostere_1659,CS(=O)(=O)COCn1cnc2c(=O)[nH]c(N)nc21,1,evolved_bioisostere,evolved_bioisostere,Nc1nc2c(ncn2COCCOP(=O)(O)OP(=O)(O)O)c(=O)[nH]1,0 1 2 3,O=c1[nH]cnc2[nH]cnc12,train,273.274,-1.3219999999999994,0.7051271552178339,18,36
evolved_bioisostere_547,CC(=O)N[C@H](C(=O)N[C@H](C(=O)C1C[C@H](Oc2ccnc3cc(Cl)ccc23)C[C@H]1C(=O)CC1(C(=O)O)CC1)C(C)C)C1CCCCC1,0,authentic,authentic,,,O=C(CC1CCCCC1)NCC(=O)C1C[C@H](Oc2ccnc3ccccc23)C[C@H]1C(=O)CC1CC1,test,654.2039999999998,5.280700000000005,0.26409676883747707,46,100
evolved_bioisostere_2158,Cc1cc(-c2ccc(CCO)cc2)cn2cc(-c3ccc(CCO)cc3)nc12,1,evolved_bioisostere,evolved_bioisostere,Cc1cc(-c2ccc(C(=N)N)cc2)cn2cc(-c3ccc(C(=N)N)cc3)nc12,9 10 22 23,c1ccc(-c2ccc3nc(-c4ccccc4)cn3c2)cc1,train,372.46800000000013,4.046320000000002,0.5368786919314628,28,46
evolved_bioisostere_516,COc1cc2c(c(OC)c1OC)C1=C[C@H]3O[C@@]1(C=CC3=O)[C@@H](NC(C)=O)CC2,0,authentic,authentic,,,O=C1C=C[C@]23CCCc4ccccc4C2=C[C@H]1O3,train,385.41600000000017,1.8231999999999995,0.8514273187374692,28,63
evolved_bioisostere_1078,CCN(CC)CCCN(CC)CCNc1ccnc2cc(Cl)ccc12,0,authentic,authentic,,,c1ccc2ncccc2c1,train,362.949,4.353900000000003,0.6433737065673526,25,36
evolved_bioisostere_1874,COCc1ccc(C(CN)c2ccccc2)cc1OC,1,evolved_bioisostere,evolved_bioisostere,COc1ccc(C(CN)c2ccccc2)cc1OC,0 1 2,c1ccc(Cc2ccccc2)cc1,train,271.36,2.9322000000000017,0.8782349387260454,20,28
evolved_bioisostere_1815,O[C@@H](N1CCn2ncnc2C1)[C@](O)(Cn1cncn1)c1ccc(F)cc1F,1,evolved_bioisostere,evolved_bioisostere,C[C@@H](N1CCn2ncnc2C1)[C@](O)(Cn1cncn1)c1ccc(F)cc1F,0,c1ccc(C(CN2CCn3ncnc3C2)Cn2cncn2)cc1,train,377.3550000000001,-0.13020000000000054,0.6381294695577855,27,51
evolved_bioisostere_1819,N#Cc1cc(Oc2ccc(NC(=O)c3ccc(C(F)(F)F)cc3)cc2)ccn1,1,evolved_bioisostere,evolved_bioisostere,CNC(=O)c1cc(Oc2ccc(NC(=O)c3ccc(C(F)(F)F)cc3)cc2)ccn1,0,O=C(Nc1ccc(Oc2ccncc2)cc1)c1ccccc1,train,383.329,5.016680000000003,0.686693782133018,28,48
evolved_bioisostere_304,CCOc1cccc(/N=C/C2=C3NC=C(C(=O)O)C(=O)N3C(C)CC2)c1,0,authentic,authentic,,,O=C1C=CNC2=C(/C=N/c3ccccc3)CCCN12,train,355.3940000000002,2.5818000000000003,0.6256666704757433,26,49
evolved_bioisostere_1312,O=C(c1ccccc1Cl)C(O)(Cn1cncn1)c1ccc(O)cc1,1,evolved_bioisostere,evolved_bioisostere,O=C(c1ccccc1Cl)C(O)(Cn1cncn1)c1ccc(Cl)cc1,21,O=C(c1ccccc1)C(Cn1cncn1)c1ccccc1,train,343.77000000000004,2.4078,0.6944409695434437,24,40
evolved_bioisostere_197,COc1ccc(-c2ccc(Cl)cc2)cc1CC(=O)O,0,authentic,authentic,,,c1ccc(-c2ccccc2)cc1,train,276.719,3.6427000000000023,0.9272103405801038,19,32
evolved_bioisostere_1700,COc1cc(C2CCCNC2)ccc1O,1,evolved_bioisostere,evolved_bioisostere,COc1ccc(C2CCCNC2)cc1OC,,c1ccc(C2CCCNC2)cc1,train,207.273,1.8677999999999995,0.7775234242679551,15,21
evolved_bioisostere_367,CC(O)n1cnc2c1c(=O)n(C)c(=O)n2C,0,authentic,authentic,,,O=c1[nH]c(=O)c2[nH]cnc2[nH]1,train,224.21999999999997,-1.0555000000000003,0.6693467193681166,16,30
evolved_bioisostere_881,CN1CC(C2=NCCN2)Oc2ccc(Cl)cc21,0,authentic,authentic,,,c1ccc2c(c1)NCC(C1=NCCN1)O2,test,251.717,1.5389,0.8227538529685652,17,29
evolved_bioisostere_1028,CCN1CCCN(C(=O)C[C@H](N)Cc2cc(F)ccc2F)[C@H](C)C1=O,0,authentic,authentic,,,O=C1CN(C(=O)CCCc2ccccc2)CCCN1,train,353.41300000000007,1.6939999999999997,0.8760623289340385,25,49
evolved_bioisostere_35,CC(NC(C)c1ccccc1Cl)C(=O)Nc1ccc([N+](=O)[O-])cc1,0,authentic,authentic,,,O=C(CNCc1ccccc1)Nc1ccccc1,train,347.8020000000001,3.926000000000002,0.6122325976178065,24,47
evolved_bioisostere_1534,COc1ccc(Sc2cccc(C3=NCCN3)c2)cc1,1,evolved_bioisostere,evolved_bioisostere,COc1ccc(Sc2ccc(C3=NCCN3)cc2)cc1,12 13 14 15 16,c1ccc(Sc2ccc(C3=NCCN3)cc2)cc1,train,284.384,3.196200000000001,0.9358176997044989,20,31
evolved_bioisostere_1097,O=C(O)C1C2CC[C@H](C[C@@H]1c1ccc(F)cc1)N2,1,evolved_bioisostere,evolved_bioisostere,COC(=O)C1C2CC[C@H](C[C@@H]1c1ccc(F)cc1)N2,,c1ccc([C@@H]2CC3CC[C@H](C2)N3)cc1,train,249.28500000000003,2.1344,0.8438537503447288,18,40
evolved_bioisostere_562,C=C1C(O)CCCN1C(=O)C(CCN1CCC(c2noc3cc(F)ccc23)CC1)=C(C)C,0,authentic,authentic,,,C=C(CCN1CCC(c2noc3ccccc23)CC1)C(=O)N1CCCCC1=C,train,441.5470000000002,4.369800000000004,0.6980584771536509,32,55
evolved_bioisostere_2081,CC(=O)N[C@@H]1[C@@H](CO)CC(C(=O)O)=C[C@H]1N1CCOCC1,1,evolved_bioisostere,evolved_bioisostere,CC(=O)N[C@H]1[C@H](N2CCOCC2)C=C(C(=O)O)C[C@@H]1N,6 7,C1=C[C@@H](N2CCOCC2)CCC1,train,298.33900000000006,-0.784899999999999,0.6292732712734669,21,50
evolved_bioisostere_1906,C[C@H](CCc1ccccc1)N[C@@H](C)C(=O)N(CC(=O)O)N1CCCC1,1,evolved_bioisostere,evolved_bioisostere,CCOC(=O)[C@H](CCc1ccccc1)N[C@@H](C)C(=O)N(CC(=O)O)N1CCCC1,,O=C(CNCCCc1ccccc1)NN1CCCC1,val,347.4590000000002,1.9098,0.7138459410689114,25,50
evolved_bioisostere_24,Nc1ncnnc1-c1ccc(Cl)c(Cl)c1,0,authentic,authentic,,,c1ccc(-c2cncnn2)cc1,train,241.081,2.4276,0.8320747147747193,15,26
evolved_bioisostere_842,Cn1nc(-c2ccc3c(c2)OCO3)n(C)c1=S,0,authentic,authentic,,,S=c1[nH]nc(-c2ccc3c(c2)OCO3)[nH]1,train,249.29499999999996,1.8837899999999999,0.7236170405290238,17,31
evolved_bioisostere_1129,CCc1cc2c(=O)c(C(=O)OCC(=O)O)cn(NC)c2cc1N1CCN(C)CC1,1,evolved_bioisostere,evolved_bioisostere,CCOC(=O)c1cn(NC)c2cc(N3CCN(C)CC3)c(F)cc2c1=O.CS(=O)(=O)O,0 1 13 14,O=c1cc[nH]c2cc(N3CCNCC3)ccc12,train,402.45100000000025,0.7304000000000006,0.6818625585498164,29,50
evolved_bioisostere_1498,CNCC1CCN(c2c(F)cc3c(=O)c(F)cn(C4(C)CC4)c3c2F)C1,1,evolved_bioisostere,evolved_bioisostere,CCNCC1CCN(c2c(F)cc3c(=O)c(C(=O)O)cn(C4(C)CC4)c3c2F)C1,15,O=c1ccn(C2CC2)c2cc(N3CCCC3)ccc12,train,365.39900000000017,2.9735000000000014,0.9052377891979555,26,47
evolved_bioisostere_1620,COc1ccc(C2CNC(=O)C2)cc1C,1,evolved_bioisostere,evolved_bioisostere,COc1ccc(C2CNC(=O)C2)cc1OC,14,O=C1CC(c2ccccc2)CN1,train,205.25699999999998,1.6071199999999999,0.7961524887954641,15,24
evolved_bioisostere_1483,CCCCC1C(=O)N=C2N(C)C(CC)=C(c3ccc(-c4ccccc4-c4nn[nH]n4)cc3)C(=O)N21,1,evolved_bioisostere,evolved_bioisostere,CCCCC1=C(c2ccc(-c3ccccc3-c3nn[nH]n3)cc2)C(=O)N2C(=NC(=O)C2CC)N1C,0 1,O=C1CN2C(=O)C(c3ccc(-c4ccccc4-c4nn[nH]n4)cc3)=CNC2=N1,train,469.54900000000015,3.8838000000000017,0.562638395837046,35,66
evolved_bioisostere_999,COc1ccc(Cl)cc1C(=O)NNCc1ccc(S(N)(=O)=O)cc1,0,authentic,authentic,,,O=C(NNCc1ccccc1)c1ccccc1,test,369.8300000000001,1.4305999999999999,0.6669704418046687,24,42
evolved_bioisostere_989,COc1ccc(C(=O)c2ccc(/C=C/CN(C)Cc3ccccc3)cc2)cc1OC,0,authentic,authentic,,,O=C(c1ccccc1)c1ccc(/C=C/CNCc2ccccc2)cc1,test,401.5060000000001,5.0800000000000045,0.46885056864416497,30,48
evolved_bioisostere_1952,N#CCn1c(=O)c2cc(-c3nn[nH]n3)cn2c2ccccc21,1,evolved_bioisostere,evolved_bioisostere,CCn1c(=O)c2cc(-c3nn[nH]n3)cn2c2ccccc21,0,O=c1[nH]c2ccccc2n2cc(-c3nn[nH]n3)cc12,train,291.27400000000006,0.9578799999999996,0.5918975028505928,22,40
evolved_bioisostere_1265,CC(=O)c1ncnc2c1ncn2Cc1ccc(O)cc1,1,evolved_bioisostere,evolved_bioisostere,CN(C)c1ncnc2c1ncn2Cc1ccc(O)cc1,0 1 2,c1ccc(Cn2cnc3cncnc32)cc1,train,268.276,1.7828,0.7322100747020688,20,31
evolved_bioisostere_1538,COc1cc2c(cc1C)Nc1ncn(C)c(=O)c1C2,1,evolved_bioisostere,evolved_bioisostere,COc1cc2c(cc1OC)Nc1ncn(C)c(=O)c1C2,8,O=c1[nH]cnc2c1Cc1ccccc1N2,train,257.293,1.74512,0.7212194504647302,19,32
evolved_bioisostere_1956,COc1scc2c1C(N1CCN(C)CC1)=Nc1ccccc1N2,1,evolved_bioisostere,evolved_bioisostere,Cc1scc2c1C(N1CCN(C)CC1)=Nc1ccccc1N2,0 1,c1ccc2c(c1)N=C(N1CCNCC1)c1cscc1N2,train,328.4409999999999,3.139400000000001,0.8729511150574525,23,36
evolved_bioisostere_933,Fc1ccc(C(CC2CNC2)Oc2ccccc2OC(F)(F)F)cc1F,0,authentic,authentic,,,c1ccc(OC(CC2CNC2)c2ccccc2)cc1,train,373.321,4.593000000000003,0.7514772485090009,26,40
evolved_bioisostere_1785,CSc1cc(Cl)c2nc(-c3ccccc3)c(CC(=O)NCCF)n2c1,1,evolved_bioisostere,evolved_bioisostere,CCCCNC(=O)Cc1c(-c2ccccc2)nc2c(Cl)cc(Cl)cn12,0 1 22,c1ccc(-c2cn3ccccc3n2)cc1,train,377.8720000000002,4.004800000000003,0.6601838614434787,25,42
evolved_bioisostere_1600,Cc1ccc(C(=O)c2ccc(-n3ncc(=O)[nH]c3=O)cc2C)c(C)c1,1,evolved_bioisostere,evolved_bioisostere,Cc1cc(Br)ccc1C(=O)c1ccc(-n2ncc(=O)[nH]c2=O)cc1Cl,0 21,O=C(c1ccccc1)c1ccc(-n2ncc(=O)[nH]c2=O)cc1,train,335.3630000000001,2.0770599999999995,0.7427283791753002,25,48
evolved_bioisostere_1704,CCc1ccc(-c2nc3c4ccccc4ccn3c2C(C)=O)cc1,1,evolved_bioisostere,evolved_bioisostere,CC(=O)c1c(-c2ccc(C)cc2)nc2c3ccccc3ccn12,0,c1ccc(-c2cn3ccc4ccccc4c3n2)cc1,train,314.3880000000001,4.919500000000004,0.5030125799583038,24,38
evolved_bioisostere_309,COc1cc2c(c3c1OCO3)-c1ccc(OC)c(=O)cc1C(NC(C)=O)CC2,0,authentic,authentic,,,O=c1cccc2c(c1)CCCc1ccc3c(c1-2)OCO3,val,383.40000000000015,2.5831,0.8772573143708383,28,49
evolved_bioisostere_139,COc1ccc(-c2ccc3c(c2)CC[C@H](CN(C)C)[C@@]3(O)c2cccc(O)c2)cc1,0,authentic,authentic,,,c1ccc(-c2ccc3c(c2)CCCC3c2ccccc2)cc1,val,403.52200000000005,4.427700000000005,0.6618573962098898,30,59
evolved_bioisostere_473,Cn1nc(-c2ccc(Cl)cc2)n(C)c1=S,0,authentic,authentic,,,S=c1[nH]nc(-c2ccccc2)[nH]1,val,239.731,2.808490000000001,0.7145850038084043,15,28
evolved_bioisostere_1291,CCCCC(OCCN)c1cccc(OCc2ccc3ccccc3n2)c1,1,evolved_bioisostere,evolved_bioisostere,CCCCCC(O)c1cccc(OCc2ccc3ccccc3n2)c1,6 7 8,c1ccc(OCc2ccc3ccccc3n2)cc1,train,364.48900000000003,5.020400000000004,0.5486302232361807,27,37
evolved_bioisostere_1741,Cc1ccnc2c(NC(C)CCCN)cc(N(C)C)c(Oc3ccccc3)c12,1,evolved_bioisostere,evolved_bioisostere,COc1cc(NC(C)CCCN)c2nccc(C)c2c1Oc1ccccc1,16 17 18,c1ccc(Oc2cccc3ncccc23)cc1,train,378.5200000000001,4.940820000000004,0.581126669416665,28,44
evolved_bioisostere_844,O=c1cnn(-c2cc(Cl)c(Sc3ccccc3)c(Cl)c2)c(=O)[nH]1,0,authentic,authentic,,,O=c1cnn(-c2ccc(Sc3ccccc3)cc2)c(=O)[nH]1,test,366.2290000000001,3.378800000000001,0.7718131761341314,23,47
evolved_bioisostere_1652,CC(C)c1ccc(-c2nc3c(=O)n(C)c(=O)n(C(=O)O)c3[nH]2)cc1,1,evolved_bioisostere,evolved_bioisostere,CC(C)c1ccc(-c2nc3c(=O)n(C)c(=O)n(C)c3[nH]2)cc1,18 19,O=c1[nH]c(=O)c2nc(-c3ccccc3)[nH]c2[nH]1,train,328.328,1.7398000000000002,0.7443190411039936,24,51
evolved_bioisostere_1501,CC(CCc1ccccc1)NC(C)C(=O)N1[C@@H](C(=O)O)C[C@@H]2CCCC[C@@H]21,1,evolved_bioisostere,evolved_bioisostere,CCOC(=O)C(CCc1ccccc1)NC(C)C(=O)N1[C@@H](C(=O)O)C[C@@H]2CCCC[C@@H]21.Cl,,O=C(CNCCCc1ccccc1)N1CC[C@@H]2CCCC[C@@H]21,train,372.50900000000024,3.230100000000002,0.7709357394292651,27,60
evolved_bioisostere_152,CC(C)[C@H](NC(=O)OCc1ccccc1)C(=O)N[C@H](C=O)Cc1ccccc1,0,authentic,authentic,,,O=C(CNC(=O)OCc1ccccc1)NCCc1ccccc1,val,382.4600000000001,2.8638000000000012,0.653348607933436,28,53
evolved_bioisostere_69,Cc1ccc(NC(=O)c2cnccn2)cc1S(=O)(=O)N1CCCCCC1,0,authentic,authentic,,,O=C(Nc1cccc(S(=O)(=O)N2CCCCCC2)c1)c1cnccn1,test,374.46600000000035,2.6020200000000004,0.887956042998583,26,43
evolved_bioisostere_1694,NCC(=O)c1ccc(-c2ccccc2-c2nn[nH]n2)cc1,1,evolved_bioisostere,evolved_bioisostere,NCC(=O)NCc1ccc(-c2ccccc2-c2nn[nH]n2)cc1,0 1 3,c1ccc(-c2ccccc2-c2nn[nH]n2)cc1,train,279.303,1.6750999999999998,0.7079293435799295,21,37
evolved_bioisostere_120,O=C(Nc1ccc(Cl)c(Cl)c1)C1CCN(Cc2ccc(OCC3CCNCC3)cc2)CC1,0,authentic,authentic,,,O=C(Nc1ccccc1)C1CCN(Cc2ccc(OCC3CCNCC3)cc2)CC1,val,476.4480000000004,5.222500000000005,0.5754142850377496,32,53
evolved_bioisostere_1110,Cc1ccc2c(c1)Nc1sc(C)cc1C(N1CCN(C)CC1)=N2,1,evolved_bioisostere,evolved_bioisostere,CCc1cc2c(s1)Nc1cc(C)ccc1N=C2N1CCN(C)CC1,,c1ccc2c(c1)N=C(N1CCNCC1)c1ccsc1N2,train,326.46900000000005,3.747640000000003,0.7997917148127883,23,40
evolved_bioisostere_1422,CC(=O)N(c1ccccc1)C1CC(C)N(CO)c2ccccc21,1,evolved_bioisostere,evolved_bioisostere,CCCC(=O)N1c2ccccc2C(N(C(C)=O)c2ccccc2)CC1C,16,c1ccc(NC2CCNc3ccccc32)cc1,train,310.397,3.329200000000002,0.9454690171520463,23,38
evolved_bioisostere_1325,O=C(O)COc1cccc(Nc2ncnc3ccccc23)c1,1,evolved_bioisostere,evolved_bioisostere,COc1cccc(Nc2ncnc3ccccc23)c1,0 1 2,c1ccc(Nc2ncnc3ccccc23)cc1,train,295.29800000000006,2.836800000000001,0.7526422993414988,22,33
evolved_bioisostere_1119,COCN1CC[C@@H]2Cc3c(O)cccc3C[C@@H]21,1,evolved_bioisostere,evolved_bioisostere,CCCN1CC[C@@H]2Cc3c(O)cccc3C[C@@H]21,0 1,c1ccc2c(c1)C[C@H]1CCN[C@H]1C2,train,233.311,1.7852000000000001,0.8449506050801261,17,35
evolved_bioisostere_1463,COc1cccc(-c2nc3c(=O)n(C)c(=O)n(C)c3[nH]2)c1,1,evolved_bioisostere,evolved_bioisostere,Cn1c(=O)c2nc(-c3cccc(O)c3)[nH]c2n(C)c1=O,0,O=c1[nH]c(=O)c2nc(-c3ccccc3)[nH]c2[nH]1,train,286.291,0.6358999999999995,0.7490653998870387,21,43
evolved_bioisostere_346,O=C(O)CNc1cccc(CCP(=O)(O)O)c1,0,authentic,authentic,,,c1ccccc1,train,259.1979999999999,0.9033,0.5654119196032367,17,29
evolved_bioisostere_721,CCC(=O)CCC(=O)N1C(=O)O[C@](C#CC2CC2)(C(F)(F)F)c2cc(Cl)ccc21,0,authentic,authentic,,,O=C1Nc2ccccc2C(C#CC2CC2)O1,train,427.806,4.753500000000003,0.6501806100766305,29,59
evolved_bioisostere_344,NC(=O)CSC(C1=CCC(F)(F)C=C1)c1ccccc1,0,authentic,authentic,,,C1=CC(Cc2ccccc2)=CCC1,train,295.354,3.467800000000002,0.9035852542933174,20,35
evolved_bioisostere_1494,Cc1cc2cncnc2cc1OCCc1ccc2ccccc2n1,1,evolved_bioisostere,evolved_bioisostere,COc1cc2cncnc2cc1OCCc1ccc2ccccc2n1,0,c1ccc2nc(CCOc3ccc4cncnc4c3)ccc2c1,train,315.37600000000003,4.107920000000003,0.568484146472325,24,32
evolved_bioisostere_1004,OCCOC1(C2=NCCN2)COc2ccccc2O1,0,authentic,authentic,,,c1ccc2c(c1)OCC(C1=NCCN1)O2,train,264.281,0.16469999999999962,0.8105126697531474,19,28
evolved_bioisostere_1314,Cc1ccc2c(c1)Nc1sc(C(C)C)cc1C(N1CCN(C)[C@@H](C)C1)=N2,1,evolved_bioisostere,evolved_bioisostere,CC(C)c1cc2c(s1)Nc1cc(F)ccc1N=C2N1CCN(C)[C@@H](C)C1,0,c1ccc2c(c1)N=C(N1CCNCC1)c1ccsc1N2,train,368.5500000000002,4.951120000000005,0.7724091871739911,26,52
evolved_bioisostere_1000,CC1(c2ccc(F)cc2)OC(/C=C/c2ccccn2)=CC1=O,0,authentic,authentic,,,O=C1C=C(/C=C/c2ccccn2)OC1c1ccccc1,train,295.31300000000005,3.632500000000003,0.8676463962988081,22,39
evolved_bioisostere_527,CN(C)CCNC(=O)c1cn(C)c(=O)c2cc3ccccc3nc12,0,authentic,authentic,,,O=c1[nH]ccc2nc3ccccc3cc12,val,324.38400000000007,1.3781,0.736372633008888,24,40
evolved_bioisostere_691,OCc1cc([C@@H](O)CNCCCCCCOCCC(F)(F)c2ccccc2)ccc1O,0,authentic,authentic,,,c1ccc(CCCOCCCCCCNCCc2ccccc2)cc1,train,437.527,4.266600000000005,0.31304923435922977,31,48
evolved_bioisostere_1739,COC(F)(F)C(=O)NCC1CN(C2=Nc3ccccc3Sc3ccccc32)CCN1CO,1,evolved_bioisostere,evolved_bioisostere,O=C(NCC1CN(C2=Nc3ccccc3Sc3ccccc32)CCN1CCOCCO)C(F)(F)F,0 1 31,c1ccc2c(c1)N=C(N1CCNCC1)c1ccccc1S2,train,462.5220000000002,2.5209000000000015,0.7113405818069684,32,50
evolved_bioisostere_1022,N#CCCN1CC[C@@H](c2ccc(F)cc2)[C@H](COc2ccc3c(c2)OCO3)C1,0,authentic,authentic,,,c1ccc([C@@H]2CCNC[C@H]2COc2ccc3c(c2)OCO3)cc1,train,382.4350000000002,3.952580000000003,0.7571498123099331,28,54
evolved_bioisostere_503,CN(C)c1ncnc2c1ncn2Cc1cccc(C#N)c1,0,authentic,authentic,,,c1ccc(Cn2cnc3cncnc32)cc1,train,278.31899999999996,1.81228,0.730423770383507,21,32
evolved_bioisostere_1166,O=C(O)N(c1ccccc1)C1CCN(CCc2ccccc2)CC1,1,evolved_bioisostere,evolved_bioisostere,O=C(O)CCC(=O)N(c1ccccc1)C1CCN(CCc2ccccc2)CC1,2,c1ccc(CCN2CCC(Nc3ccccc3)CC2)cc1,train,324.42400000000004,3.8781000000000034,0.9075535373588798,24,37
evolved_bioisostere_1789,Nc1nc(N)c2ccc(C(F)(F)F)cc2n1,1,evolved_bioisostere,evolved_bioisostere,Nc1nc(O)c2ccc(C(F)(F)F)cc2n1,4,c1ccc2ncncc2c1,train,228.17699999999996,1.813,0.7203675784053739,16,28
evolved_bioisostere_471,c1ccc(-c2ccc([C@@H](c3ccccc3)n3cncn3)cc2)cc1,0,authentic,authentic,,,c1ccc(-c2ccc([C@@H](c3ccccc3)n3cncn3)cc2)cc1,train,311.38800000000003,4.582800000000004,0.5519857589357782,24,44
evolved_bioisostere_1820,O=C(NC1CC1)C(c1ccccc1)N1CCn2c(nnc2-c2ccccc2)C1,1,evolved_bioisostere,evolved_bioisostere,Cc1nnc2n1CCN(C(C(=O)NC1CC1)c1ccccc1)C2,21 22 23 24 25 26,O=C(NC1CC1)C(c1ccccc1)N1CCn2cnnc2C1,train,373.4600000000001,2.7806000000000006,0.74701428762598,28,46
evolved_bioisostere_401,C(/C=C/c1ccccc1)=N/Nc1nncc2ccccc12,0,authentic,authentic,,,C(/C=C/c1ccccc1)=N/Nc1nncc2ccccc12,train,274.327,3.7409000000000017,0.5821236802323174,21,34
evolved_bioisostere_312,CN1CCCCC(=NCc2cccc(Cl)c2)Nc2ccccc2NCC1,0,authentic,authentic,,,c1ccc(CN=C2CCCCNCCNc3ccccc3N2)cc1,val,370.92800000000017,4.878200000000003,0.7910582278509578,26,38
evolved_bioisostere_1674,CCN(CC)CCc1cn(S(=O)(=O)c2ccc(NC(C)=O)cc2)c2ccccc12,1,evolved_bioisostere,evolved_bioisostere,CCN(CC)CCc1cn(S(=O)(=O)c2ccc(N)cc2)c2ccccc12,18 19 20,O=S(=O)(c1ccccc1)n1ccc2ccccc21,train,413.5430000000001,3.7210000000000027,0.610936824761837,29,50
evolved_bioisostere_1715,COc1ccc(-c2ccc3c(c2)CCC(c2cccnc2)=C3)cc1,1,evolved_bioisostere,evolved_bioisostere,COc1ccc2c(c1)CCC(c1cccnc1)=C2,0 1 2 3 4 5 22 23,C1=C(c2cccnc2)CCc2ccccc21,train,313.4,5.244000000000005,0.6591026571674811,24,40
evolved_bioisostere_2076,CNn1cc(CCOC)c(=O)c2cc(F)c(N3CCC(O)CC3)cc21,1,evolved_bioisostere,evolved_bioisostere,CNn1cc(C(=O)O)c(=O)c2cc(F)c(N3CCC(O)CC3)cc21,6 7 8,O=c1cc[nH]c2cc(N3CCCCC3)ccc12,train,349.4060000000001,1.4638999999999998,0.8556072478666008,25,42
evolved_bioisostere_1196,CCc1ccc(Cc2cc([C@@H]3O[C@H]([C@H](O)CO)[C@H](O)[C@H]3O)c(OC)cc2CC)cc1,1,evolved_bioisostere,evolved_bioisostere,CCc1ccc(Cc2cc([C@@H]3O[C@H]([C@H](O)CO)[C@H](O)[C@H]3O)c(OC)cc2Cl)cc1,26 27,c1ccc(Cc2cccc([C@H]3CCCO3)c2)cc1,train,416.5140000000002,1.9256999999999997,0.5248580467151985,30,69
evolved_bioisostere_1973,CCCN(CCCN)C1CCc2cc(O)ccc2C1,1,evolved_bioisostere,evolved_bioisostere,CCCN(CCC)C1CCc2cc(O)ccc2C1,7,c1ccc2c(c1)CCCC2,train,262.397,2.3103000000000007,0.8268790551134525,19,27
evolved_bioisostere_1651,COC(=O)N[C@H]1Cc2cccc3ccc(OC)c(c23)C1,1,evolved_bioisostere,evolved_bioisostere,CCC(=O)N[C@H]1Cc2cccc3ccc(OC)c(c23)C1,0 1,c1cc2c3c(cccc3c1)CCC2,train,271.31600000000003,2.6716000000000006,0.9131468257166155,20,37
evolved_bioisostere_33,CCN(C(=O)Cc1ccccc1)[C@H](CN1CCCC1)C(C)C,0,authentic,authentic,,,O=C(Cc1ccccc1)NCCN1CCCC1,train,302.46200000000005,3.198000000000002,0.7720288241637763,22,39
evolved_bioisostere_2069,CCCC/C(=C\Cn1oc(=O)n(Cl)c1=O)c1cccc(Oc2cc(O)cc(Cl)c2)c1,1,evolved_bioisostere,evolved_bioisostere,CCCC/C(=C\Cn1oc(=O)n(CC(=O)O)c1=O)c1cccc(Oc2cc(Cl)cc(Cl)c2)c1,12 24,O=c1[nH]c(=O)n(CC=Cc2cccc(Oc3ccccc3)c2)o1,train,451.30600000000015,5.030000000000005,0.5193158515593935,30,55
evolved_bioisostere_453,CCCC/C=C/C/C=C/CN(C)Cc1cccc2ccccc12,0,authentic,authentic,,,c1ccc2ccccc2c1,train,307.481,5.964300000000006,0.40763584341889786,23,35
evolved_bioisostere_2050,COC[C@H]1CCCN1C(=O)[C@H](C)NC(=O)[C@@H](N)Cc1ccccc1,1,evolved_bioisostere,evolved_bioisostere,C[C@H](NC(=O)[C@@H](N)Cc1ccccc1)C(=O)N1CCC[C@@H]1C(=O)O,0,O=C(CCc1ccccc1)NCC(=O)N1CCCC1,train,333.4320000000001,0.6985000000000018,0.7691160232850814,24,51
evolved_bioisostere_93,CC(C)c1ccc2c(c1)C(N)=Nc1cc(Cl)ccc1N2.Cl,0,authentic,authentic,,,C1=Nc2ccccc2Nc2ccccc21,train,322.239,4.979200000000003,0.7778038016454438,21,39
evolved_bioisostere_847,CCCNC(=O)CN1CCC(CNC(=O)c2cccc(OC(F)(F)F)c2)CC1,0,authentic,authentic,,,O=C(NCC1CCNCC1)c1ccccc1,train,401.4290000000001,2.5532000000000004,0.7025114542751871,28,46
evolved_bioisostere_2026,COC(=O)[C@@H](c1cccc(OC)c1)[C@@H]1CCCCN1,1,evolved_bioisostere,evolved_bioisostere,COC(=O)[C@@H](c1cccc(F)c1)[C@@H]1CCCCN1.Cl,10 11,c1ccc(C[C@@H]2CCCCN2)cc1,train,263.3369999999999,2.0939,0.845057708701264,19,40
evolved_bioisostere_1399,Oc1ccc(/C=C2\CCCN=C2c2cccnc2)cc1,1,evolved_bioisostere,evolved_bioisostere,CC(C)(C)Oc1ccc(/C=C2\CCCN=C2c2cccnc2)cc1,,C(=C1/CCCN=C1c1cccnc1)/c1ccccc1,train,264.32800000000003,3.4537000000000013,0.9025228828262155,20,32
evolved_bioisostere_1404,COc1cc(CC(C)N)c(C)cc1C#N,1,evolved_bioisostere,evolved_bioisostere,COc1cc(CC(C)N)c(OC)cc1C#N,10,c1ccccc1,train,204.273,1.765,0.8157967990769679,15,24
evolved_bioisostere_655,CN(CC(N)CN1CCC[C@H]1C(=O)O)C(=O)CNC(CCc1ccccc1)C(=O)O,0,authentic,authentic,,,O=C(CNCCCc1ccccc1)NCCCN1CCCC1,train,420.51000000000016,-0.003299999999994141,0.3708651187412935,30,53
evolved_bioisostere_961,COc1ccc(CCNCc2ccccc2F)cc1,0,authentic,authentic,,,c1ccc(CCNCc2ccccc2)cc1,test,259.324,3.1666000000000016,0.8045301171866908,19,25
evolved_bioisostere_201,O=C(O)c1cnc(Cl)n1Cc1ccc(-c2ccccc2-c2nn[nH]n2)cc1,0,authentic,authentic,,,c1ccc(-c2nn[nH]n2)c(-c2ccc(Cn3ccnc3)cc2)c1,train,380.7950000000001,3.1301000000000005,0.5500931982585071,27,48
evolved_bioisostere_1364,O=C(O)c1cn2c(n1)c(C(=O)O)nc1ccccc12,1,evolved_bioisostere,evolved_bioisostere,NC(=O)c1nc2ccccc2n2cc(C(=O)O)nc12,11,c1ccc2c(c1)ncc1nccn12,train,257.20500000000004,1.2788999999999997,0.7160084083935165,19,35
evolved_bioisostere_2016,OCc1ccc(/C=C2\CCCN=C2c2cccnc2)cc1,1,evolved_bioisostere,evolved_bioisostere,CC(C)(C)Oc1ccc(/C=C2\CCCN=C2c2cccnc2)cc1,0 1,C(=C1/CCCN=C1c1cccnc1)/c1ccccc1,train,278.35499999999996,3.240400000000002,0.9364545815603627,21,33
evolved_bioisostere_1050,O=C1c2ccccc2OCN1CCCO[N+](=O)[O-],0,authentic,authentic,,,O=C1NCOc2ccccc21,train,252.2259999999999,1.0771000000000002,0.44458046049990246,18,32
evolved_bioisostere_1637,Cc1cc2c(s1)Nc1ccccc1N=C2N1CCN(C)CC1,1,evolved_bioisostere,evolved_bioisostere,CN1CCN(C2=Nc3ccccc3Nc3sc(CO)cc32)CC1,,c1ccc2c(c1)N=C(N1CCNCC1)c1ccsc1N2,train,312.4420000000001,3.4392200000000033,0.8082561901210404,22,35
evolved_bioisostere_1639,COc1ccc(C(CN)c2ccccc2)cc1C,1,evolved_bioisostere,evolved_bioisostere,COc1ccc(C(CN)c2ccccc2)cc1OC,17,c1ccc(Cc2ccccc2)cc1,train,241.33400000000003,3.0942200000000017,0.8923732659192075,18,26
evolved_bioisostere_1554,CC(CN1CCOCC1)n1cc(C(=O)O)c2ccccc21,1,evolved_bioisostere,evolved_bioisostere,CC(CN1CCOCC1)n1cc(C(=O)c2ccccc2F)c2ccccc21,14,O=C(c1ccccc1)c1cn(CCN2CCOCC2)c2ccccc12,train,288.34700000000004,2.2326999999999995,0.9371128638677747,21,34
evolved_bioisostere_735,COc1ccc2c(c1)c(CC(=O)Nc1ccc(Cl)c(Cl)c1)c(C)n2C(=O)c1ccc(Cl)cc1,0,authentic,authentic,,,O=C(Cc1cn(C(=O)c2ccccc2)c2ccccc12)Nc1ccccc1,train,501.79700000000014,6.7882200000000035,0.3274777514727183,33,62
evolved_bioisostere_1328,CC(=O)N(C)c1ncnc2c1ncn2Cc1ccc(O)cc1,1,evolved_bioisostere,evolved_bioisostere,CN(C)c1ncnc2c1ncn2Cc1ccc(O)cc1,0 2,c1ccc(Cn2cnc3cncnc32)cc1,train,297.318,1.5629,0.7928432043135082,22,35
evolved_bioisostere_1092,Nc1ncnc2c1ncn2[C@@H]1O[C@H](O)[C@@H](O)[C@H]1O,1,evolved_bioisostere,evolved_bioisostere,Nc1ncnc2c1ncn2[C@@H]1O[C@H](CO)[C@@H](O)[C@H]1O,13,c1ncc2ncn([C@H]3CCCO3)c2n1,train,253.21800000000002,-2.0225000000000004,0.45622525123298807,18,46
evolved_bioisostere_954,CCCC1(CCC)CCC(=Cc2ccc(F)cc2)C1(O)Cn1cncn1,0,authentic,authentic,,,C(=C1CCCC1Cn1cncn1)c1ccccc1,val,357.47300000000007,4.612300000000006,0.7869802460372808,26,41
evolved_bioisostere_779,COCCn1cnc2c(=O)[nH]c(N)nc21,0,authentic,authentic,,,O=c1[nH]cnc2[nH]cnc12,train,209.209,-0.6518000000000002,0.6992912191914727,15,27
evolved_bioisostere_579,C#CCn1cc(C2=NCC3(CN4CCC3CC4)O2)c2ccccc21,0,authentic,authentic,,,c1ccc2c(C3=NCC4(CN5CCC4CC5)O3)c[nH]c2c1,train,319.40799999999996,2.5157000000000007,0.796260551510952,24,40
evolved_bioisostere_658,CC(C)C(O)(c1ccc(Cl)cc1)c1cncnc1,0,authentic,authentic,,,c1ccc(Cc2cncnc2)cc1,train,262.73999999999995,3.0219000000000014,0.9248881375890159,18,31
evolved_bioisostere_1130,CC(=O)c1cc(NC(=O)Nc2ccc(OCc3ccnc(C(N)=O)c3)cc2C)ccc1Cl,1,evolved_bioisostere,evolved_bioisostere,NC(=O)c1cc(COc2ccc(NC(=O)Nc3ccc(Cl)c(C(F)(F)F)c3)c(F)c2)ccn1,0 2 27,O=C(Nc1ccccc1)Nc1ccc(OCc2ccncc2)cc1,train,452.89800000000014,4.567920000000003,0.4528989708447109,32,54
evolved_bioisostere_1758,CCc1cc2c(s1)Nc1cc(OC)ccc1N=C2N1CCN(C)CC1,1,evolved_bioisostere,evolved_bioisostere,CCc1cc2c(s1)Nc1cc(C)ccc1N=C2N1CCN(C)CC1,11 12,c1ccc2c(c1)N=C(N1CCNCC1)c1ccsc1N2,train,356.49500000000023,3.701800000000003,0.8906127512631287,25,40
evolved_bioisostere_812,COC(=O)/C=C/C(Cc1ccccc1)NC(=O)CN,0,authentic,authentic,,,c1ccccc1,train,262.309,0.4018000000000001,0.5741862318398803,19,32
evolved_bioisostere_418,CC(=O)Oc1c(C)c(OC(C)=O)c2c(c1C(C)=O)OC1CC(=O)C(C(C)=O)=C(O)C21C,0,authentic,authentic,,,O=C1C=CC2c3ccccc3OC2C1,val,430.4090000000002,2.4408200000000004,0.33076062521366334,31,63
evolved_bioisostere_2075,Oc1cc2c(Nc3ccc(Cl)cc3Cl)ncnc2cc1Cl,1,evolved_bioisostere,evolved_bioisostere,COc1cc2ncnc(Nc3ccc(Cl)cc3Cl)c2cc1OC,20,c1ccc(Nc2ncnc3ccccc23)cc1,train,340.5970000000001,5.039200000000002,0.6859626795548566,21,34
evolved_bioisostere_1757,O=C(Nc1ccc(OF)cc1)Nc1ccc(Cl)c(C(F)(F)F)c1,1,evolved_bioisostere,evolved_bioisostere,CCC(=O)c1cc(Oc2ccc(NC(=O)Nc3ccc(Cl)c(C(F)(F)F)c3)cc2)ccn1,8,O=C(Nc1ccccc1)Nc1ccc(Oc2ccncc2)cc1,train,348.683,5.266100000000002,0.7426664775588958,23,41
evolved_bioisostere_980,O=C1CCc2c(OCC3(O)CCN(c4c(F)cc(F)cc4Cl)CC3)ccc(F)c2N1,0,authentic,authentic,,,O=C1CCc2c(cccc2OCC2CCN(c3ccccc3)CC2)N1,train,440.8490000000001,4.0523000000000025,0.752597526724585,30,52
evolved_bioisostere_1621,CCCc1nc(C)c(N)n1Cc1ccc(-c2ccccc2-c2nn[nH]n2)cc1,1,evolved_bioisostere,evolved_bioisostere,CCCc1nc(C)c(C(=O)O)n1Cc1ccc(-c2ccccc2-c2nn[nH]n2)cc1,8,c1ccc(-c2nn[nH]n2)c(-c2ccc(Cn3ccnc3)cc2)c1,train,373.46400000000006,3.621620000000002,0.5377473992216959,28,47
evolved_bioisostere_389,CCCC(=O)NC1CCc2cc(OC)c(OC)c(OC)c2-c2ccc(OC)c(=O)cc21,0,authentic,authentic,,,O=c1cccc2c(c1)CCCc1ccccc1-2,train,427.4970000000002,3.6518000000000024,0.7262955089071379,31,52
evolved_bioisostere_433,C=C[C@@H](C)[C@](O)(Cn1cncn1)c1ccc(F)cc1F,0,authentic,authentic,,,c1ccc(CCn2cncn2)cc1,train,279.28999999999996,2.2662000000000004,0.8541465548070605,20,41
evolved_bioisostere_31,CC(=O)OCC1Nc2cc(Cl)c(S(N)(=O)=O)cc2S(=O)(=O)N1,0,authentic,authentic,,,O=S1(=O)NCNc2ccccc21,train,369.80800000000005,-0.4195999999999995,0.6132794992452726,22,46
evolved_bioisostere_620,CNCc1cc(F)ccc1Oc1ccc2c(c1)OCO2,0,authentic,authentic,,,c1ccc(Oc2ccc3c(c2)OCO3)cc1,train,275.279,3.0661000000000014,0.930528991738968,20,30
evolved_bioisostere_681,CCCN1CC2(CCN(CCc3c[nH]c4ccccc34)CC2)OC1=O,0,authentic,authentic,,,O=C1NCC2(CCN(CCc3c[nH]c4ccccc34)CC2)O1,train,341.45500000000015,3.4072000000000022,0.9065616780943839,25,41
evolved_bioisostere_427,CCCC1=C(C(=O)OCC)C(c2cccc(C)c2)NC(=O)N1,0,authentic,authentic,,,O=C1NC=CC(c2ccccc2)N1,test,302.374,2.9662200000000007,0.8217176986601358,22,39
evolved_bioisostere_2034,O[C@@](Cn1cncn1)(c1ccc(F)cc1F)[C@@H](F)n1ccnn1,1,evolved_bioisostere,evolved_bioisostere,C[C@@H](n1ccnn1)[C@](O)(Cn1cncn1)c1ccc(F)cc1F,17,c1ccc(C(Cn2cncn2)Cn2ccnn2)cc1,train,324.266,1.2039000000000002,0.7626243676877509,23,46
evolved_bioisostere_1465,COC(=O)[C@@H](c1ccc([C@@H]2CCCCN2)cc1)[C@@H]1CCCCN1,1,evolved_bioisostere,evolved_bioisostere,COC(=O)[C@@H](c1ccc(Br)cc1)[C@@H]1CCCCN1,9 10 11 12 13 14,c1ccc(C[C@@H]2CCCCN2)cc1,train,316.4450000000001,2.8999000000000006,0.838762050814616,23,51
evolved_bioisostere_1557,O=C(NN1CCC=C(F)C1)c1ccccc1,1,evolved_bioisostere,evolved_bioisostere,O=C(O)CCC1=CCCN(NC(=O)c2ccccc2)C1,8,O=C(NN1CC=CCC1)c1ccccc1,train,220.24699999999999,1.8905,0.8250641418541872,16,26
evolved_bioisostere_1375,CCOC(=O)c1[nH]cc2nc3ccc(O)cc3c-2c1CC(C)=O,1,evolved_bioisostere,evolved_bioisostere,CCOC(=O)c1[nH]cc2nc3ccc(O)cc3c-2c1COC,20 21 22,c1ccc2c3cc[nH]cc-3nc2c1,train,312.3250000000001,2.6815000000000007,0.7225650272727053,23,41
evolved_bioisostere_1203,COc1ccc(-c2ncc(CCCN(C)C)cc2-c2ccc(CCC(=O)O)cc2)cc1F,1,evolved_bioisostere,evolved_bioisostere,COCCCc1cnc(-c2ccc(OC)c(F)c2)c(-c2ccc(CCC(=O)O)cc2)c1,13 14 15,c1ccc(-c2cccnc2-c2ccccc2)cc1,train,436.52700000000016,5.074700000000004,0.4805161938464348,32,51
evolved_bioisostere_385,Cc1ccc([C@@]2(c3ccccc3)NC(=O)NC2=O)cc1,0,authentic,authentic,,,O=C1NC(=O)C(c2ccccc2)(c2ccccc2)N1,train,266.3,2.0780199999999995,0.8175595772351283,20,38
evolved_bioisostere_1596,CNC(=O)c1cc(OC2CCC(NC(=O)Nc3ccccc3)CC2)ccn1,1,evolved_bioisostere,evolved_bioisostere,CNC(=O)c1cc(OC2CCC(NC(=O)Nc3ccc(OC(F)(F)F)cc3)CC2)ccn1,,O=C(Nc1ccccc1)NC1CCC(Oc2ccncc2)CC1,train,368.43700000000007,2.9529000000000014,0.7564904600714206,27,43
evolved_bioisostere_80,COc1cc2c(cc1OCC1CC1)C(=O)C(CC1(F)CCN(Cc3ccc(F)cc3)CC1)C2,0,authentic,authentic,,,O=C1c2cc(OCC3CC3)ccc2CC1CC1CCN(Cc2ccccc2)CC1,val,455.54500000000024,5.372500000000005,0.5363429020896693,33,56
evolved_bioisostere_1701,CCCCn1c(=O)c2cc(O)cn2c2ccccc21,1,evolved_bioisostere,evolved_bioisostere,CCCCn1c(=O)c2cc(C(=O)O)cn2c2ccccc21,10,O=c1[nH]c2ccccc2n2cccc12,train,256.305,2.759900000000001,0.782880815568125,19,30
evolved_bioisostere_1238,NC(=O)COCn1c(N)nc2c(=O)[nH]c(N)nc21,1,evolved_bioisostere,evolved_bioisostere,Nc1nc2c(nc(N)n2COCCI)c(=O)[nH]1,0 2,O=c1[nH]cnc2[nH]cnc12,train,253.22199999999998,-2.2565999999999997,0.4763401232665377,18,35
evolved_bioisostere_1502,COc1ccc(CCN(C)C[C@H](C)CC2(c3cccc(O)c3)SCCCS2)cc1OC,1,evolved_bioisostere,evolved_bioisostere,COc1ccc(CCN(C)C[C@H](C)CC2(c3ccc(OC)c(OC)c3)SCCCS2)cc1OC,,c1ccc(CCNCCCC2(c3ccccc3)SCCCS2)cc1,train,461.6930000000002,5.633000000000007,0.4943222981333807,31,51
evolved_bioisostere_772,COc1ccc(Cl)cc1C(=O)NCCc1ccc(S(=O)(=O)NC(=O)NC2CCCC(O)C2)cc1,0,authentic,authentic,,,O=C(NC1CCCCC1)NS(=O)(=O)c1ccc(CCNC(=O)c2ccccc2)cc1,test,510.0120000000003,2.6125000000000007,0.43195631944442875,34,59
evolved_bioisostere_549,CCN(C(=O)C1=C(C(=O)NCc2ccc(C(=N)N)cc2)CCC1)c1ccccc1,0,authentic,authentic,,,O=C(NCc1ccccc1)C1=C(C(=O)Nc2ccccc2)CCC1,test,390.48700000000014,3.120470000000002,0.5001986124623823,29,51
evolved_bioisostere_1881,N[C@@H](CC(=O)N1CCn2c(nnc2C(F)(F)F)C1)Cc1ccc(F)c(O)c1,1,evolved_bioisostere,evolved_bioisostere,N[C@@H](CC(=O)N1CCn2c(nnc2C(F)(F)F)C1)Cc1ccc(Cl)c(Cl)c1,23 25,O=C(CCCc1ccccc1)N1CCn2cnnc2C1,train,387.33700000000016,1.4438999999999995,0.7742546892650324,27,53
evolved_bioisostere_1862,c1ccc(COc2ccc(CCc3ccccn3)cc2)cc1,1,evolved_bioisostere,evolved_bioisostere,c1ccc(COc2ccc(CNCCc3ccccn3)cc2)cc1,11 12 13 14 15 16 17,c1ccc(COc2ccc(CNCCc3ccccn3)cc2)cc1,train,289.378,4.445800000000003,0.6687572672193165,22,32
evolved_bioisostere_1096,CCCc1ccccc1OCC1=NCCN1,1,evolved_bioisostere,evolved_bioisostere,C=CCc1ccccc1OCC1=NCCN1,0,c1ccc(OCC2=NCCN2)cc1,train,218.29999999999993,2.0196,0.8199753567699781,16,21
evolved_bioisostere_189,OCCN1CCN([C@@H](c2ccccc2)c2ccc(Cl)cc2)CC1,0,authentic,authentic,,,c1ccc(C(c2ccccc2)N2CCNCC2)cc1,train,330.85900000000015,3.039300000000001,0.9125177713065794,23,41
evolved_bioisostere_759,CCOC(=O)c1ccc2[nH]cc(C3=CCN(C)CC3)c2c1,0,authentic,authentic,,,C1=C(c2c[nH]c3ccccc23)CCNC1,train,284.35900000000004,3.0635000000000012,0.881063742682178,21,38
evolved_bioisostere_921,S=c1nc(NCCC[NH+]2CCN(c3cccc(Cl)c3)CC2)c2ccccc2[nH]1,0,authentic,authentic,,,S=c1nc(NCCC[NH+]2CCN(c3ccccc3)CC2)c2ccccc2[nH]1,val,414.98600000000016,3.152890000000001,0.42810653177593494,28,51
evolved_bioisostere_1778,OCN1CCN(C2=Nc3ccccc3Sc3ccccc32)CC1,1,evolved_bioisostere,evolved_bioisostere,POCCOCCN1CCN(C2=Nc3ccccc3Sc3ccccc32)CC1,0,c1ccc2c(c1)N=C(N1CCNCC1)c1ccccc1S2,train,325.4370000000001,2.796900000000001,0.8750157589182535,23,34
evolved_bioisostere_1324,CC(=O)c1ccc2c(c1)-c1nc(-c3ccccc3)[nH]c1CC2,1,evolved_bioisostere,evolved_bioisostere,COc1ccc2c(c1)-c1nc(-c3ccccc3)[nH]c1CC2,0 1 2,c1ccc(-c2nc3c([nH]2)CCc2ccccc2-3)cc1,train,288.3500000000001,4.044900000000003,0.7231577965893818,22,42
evolved_bioisostere_1747,C=Cc1cn(C2(O)CC2)c2c(F)c(N3CCC(CNCC)C3)c(F)cc2c1=O,1,evolved_bioisostere,evolved_bioisostere,CCNCC1CCN(c2c(F)cc3c(=O)c(C(=O)O)cn(C4(C)CC4)c3c2F)C1,0 6,O=c1ccn(C2CC2)c2cc(N3CCCC3)ccc12,train,389.44600000000014,2.7974000000000014,0.7978327033146209,28,50
evolved_bioisostere_416,CCN(CC)CCOc1ccc(-c2oc3ccccc3c2C(=O)c2cc(OC)cc(OC)c2)cc1,0,authentic,authentic,,,O=C(c1ccccc1)c1c(-c2ccccc2)oc2ccccc12,train,473.5690000000003,6.068600000000006,0.24653196625885962,35,55
evolved_bioisostere_522,CCc1c(-c2ccc(O)cc2)n(CC)c2cc(O)ccc12,0,authentic,authentic,,,c1ccc(-c2cc3ccccc3[nH]2)cc1,train,281.35499999999996,4.301800000000004,0.7514189656258216,21,36
evolved_bioisostere_2136,COc1ccc(Nc2ncnc3cc(OC)c(Cl)cc23)cc1,1,evolved_bioisostere,evolved_bioisostere,COc1cc2ncnc(Nc3ccc(Cl)cc3)c2cc1OC,0 1 17,c1ccc(Nc2ncnc3ccccc23)cc1,train,315.76000000000005,4.044000000000002,0.7869935859921958,22,35
evolved_bioisostere_795,C=CN(C=C)CCCC1(c2ccc(F)cc2)OCc2cc(C#N)ccc21,0,authentic,authentic,,,c1ccc(C2OCc3ccccc32)cc1,train,348.4210000000001,4.840380000000004,0.7181944651292743,26,43
evolved_bioisostere_1692,OCCc1c2n(c3ccc(Cl)cc13)Cc1ccccc1-2,1,evolved_bioisostere,evolved_bioisostere,CC(=O)NCCc1c2n(c3ccc(Cl)cc13)Cc1ccccc1-2,0,c1ccc2c(c1)Cn1c-2cc2ccccc21,train,283.758,3.8582000000000027,0.5936859007907311,20,34
evolved_bioisostere_1085,COc1ccc(C2Sc3c(Cl)cccc3N(CN)C(=O)C2O)cc1,1,evolved_bioisostere,evolved_bioisostere,COc1ccc(C2Sc3c(Cl)cccc3N(CCN(C)C)C(=O)C2O)cc1.Cl,17,O=C1CC(c2ccccc2)Sc2ccccc2N1,train,364.8540000000001,2.8057,0.8754260295042123,24,40
evolved_bioisostere_1141,COCCn1cnc2c(=O)[nH]c(N)nc21,1,evolved_bioisostere,evolved_bioisostere,Nc1nc2c(ncn2CCC(CO)C[18F])c(=O)[nH]1,0 1,O=c1[nH]cnc2[nH]cnc12,train,209.209,-0.6518000000000002,0.6992912191914727,15,27
evolved_bioisostere_1901,Cc1ccc(-c2c(/C=C/[C@@H](O)C[C@@H](O)CC(N)=O)c(C(C)C)nc3c2CCN3S(C)(=O)=O)cc1,1,evolved_bioisostere,evolved_bioisostere,CC(C)c1nc2c(c(-c3ccc(F)cc3)c1/C=C/[C@@H](O)C[C@@H](O)CC(=O)O)CCN2S(C)(=O)=O,0 16,c1ccc(-c2ccnc3c2CCN3)cc1,train,487.62200000000024,2.503020000000001,0.4975806773785548,34,75
evolved_bioisostere_1856,CNC(=O)c1cc(Oc2ccc(NC(=O)Nc3cc(NC)ccc3F)cc2)ccn1,1,evolved_bioisostere,evolved_bioisostere,CNC(=O)c1cc(Oc2ccc(NC(=O)Nc3cc(C(F)F)ccc3F)cc2)ccn1,19 20,O=C(Nc1ccccc1)Nc1ccc(Oc2ccncc2)cc1,train,409.4210000000001,4.058300000000002,0.49155431583486164,30,48
evolved_bioisostere_1766,Cc1cc2c(s1)Nc1cc(F)ccc1N=C2N1CCN(CC(=O)O)[C@@H](C)C1,1,evolved_bioisostere,evolved_bioisostere,CSCC[C@H]1CN(C2=Nc3ccc(F)cc3Nc3sc(C)cc32)CCN1C,21 22 23,c1ccc2c(c1)N=C(N1CCNCC1)c1ccsc1N2,train,388.46800000000025,3.4216200000000025,0.8251440098190215,27,52
evolved_bioisostere_1558,COc1cc(COc2ccc(N3C(N)=NC(C)=NC3(C)C)cc2)ccc1Cl,1,evolved_bioisostere,evolved_bioisostere,CC1(C)N=C(N)N=C(N)N1c1ccc(OCc2ccc(Cl)c(Cl)c2)cc1,0 1 16,C1=NC=NCN1c1ccc(OCc2ccccc2)cc1,train,386.88300000000015,4.216800000000003,0.8346140772521706,27,46
evolved_bioisostere_1503,COCc1cccc(Nc2ncnc3ccccc23)c1,1,evolved_bioisostere,evolved_bioisostere,COc1cccc(Nc2ncnc3ccccc23)c1,0 1 2,c1ccc(Nc2ncnc3ccccc23)cc1,train,265.316,3.519800000000002,0.7836973103284544,20,28
evolved_bioisostere_1949,CC(C)c1cc2c(s1)Nc1cc(F)ccc1N=C2N1CCN(CCC#N)[C@@H](C)C1,1,evolved_bioisostere,evolved_bioisostere,CC(C)c1cc2c(s1)Nc1cc(F)ccc1N=C2N1CCN(C)[C@@H](C)C1,23 24 25,c1ccc2c(c1)N=C(N1CCNCC1)c1ccsc1N2,train,411.5500000000003,5.065680000000006,0.7664889825603183,29,54
evolved_bioisostere_1446,Oc1ccc2c(c1)-c1nc(-c3ccccc3)[nH]c1CC2,1,evolved_bioisostere,evolved_bioisostere,COc1ccc2c(c1)-c1nc(-c3ccccc3)[nH]c1CC2,,c1ccc(-c2nc3c([nH]2)CCc2ccccc2-3)cc1,train,262.31200000000007,3.547900000000002,0.7042700596049433,20,37
evolved_bioisostere_461,COc1cc2c(cc1OC)C(=O)/C(=C/c1cccc(CN3CCCCC3)c1)C2,0,authentic,authentic,,,O=C1/C(=C/c2cccc(CN3CCCCC3)c2)Cc2ccccc21,val,377.48400000000026,4.512100000000004,0.7187693172476842,28,48
evolved_bioisostere_2008,CCCOc1ccc(Nc2ncnc3cc(OC)c(OC)cc23)cc1,1,evolved_bioisostere,evolved_bioisostere,COc1cc2ncnc(Nc3ccc(OCc4ccccc4)cc3)c2cc1OC,0 1,c1ccc(COc2ccc(Nc3ncnc4ccccc34)cc2)cc1,train,339.3950000000001,4.179400000000003,0.6964725807684908,25,37
evolved_bioisostere_2133,Nc1ncnc2c1ncn2[C@@H]1O[C@H](N)[C@@H](O)[C@H]1CO,1,evolved_bioisostere,evolved_bioisostere,Nc1ncnc2c1ncn2[C@@H]1O[C@H](CO)[C@@H](O)[C@H]1S,13 17 18,c1ncc2ncn([C@H]3CCCO3)c2n1,train,266.26099999999997,-1.8084999999999996,0.4973401114316322,19,47
evolved_bioisostere_1101,CC1(C)N=C(N)N=C(N)N1c1ccc(O)cc1,1,evolved_bioisostere,evolved_bioisostere,CC1(C)N=C(N)N=C(N)N1c1ccc(S(N)(=O)=O)cc1,14,C1=NC=NCN1c1ccccc1,train,233.27500000000003,0.5776999999999999,0.6600177325430308,17,31
evolved_bioisostere_376,COc1c2c(cc(O)c1-c1ccccc1)OCO2,0,authentic,authentic,,,c1ccc(-c2ccc3c(c2)OCO3)cc1,train,244.24599999999998,2.7965000000000018,0.8820003695717977,18,29
evolved_bioisostere_770,CCOC(=O)CC(O)CC(O)/C=C/c1c(-c2ccc(F)cc2)c2ccccc2n1C(C)C,0,authentic,authentic,,,c1ccc(-c2c[nH]c3ccccc23)cc1,train,439.52700000000016,5.106600000000005,0.4548527000569527,32,55
evolved_bioisostere_614,Nc1ccn(CC(CO)OCP(=O)(O)O)c(=O)n1,0,authentic,authentic,,,O=c1nccc[nH]1,val,279.18899999999996,-1.6618000000000002,0.45197128428898714,18,32
evolved_bioisostere_1933,COc1cc(C2CCCNC2)ccc1C,1,evolved_bioisostere,evolved_bioisostere,COc1ccc(C2CCCNC2)cc1OC,14,c1ccc(C2CCCNC2)cc1,train,205.301,2.4706200000000003,0.8005229312918569,15,21
evolved_bioisostere_836,COC(=O)CCNCC(O)COc1ccccc1C,0,authentic,authentic,,,c1ccccc1,train,267.32500000000005,0.8874199999999995,0.5405854453013608,19,26
evolved_bioisostere_852,CC1(C)CC1C(=O)N/C(=C\C1CC1)C(=O)O,0,authentic,authentic,,,O=C(N/C=C\C1CC1)C1CC1,val,223.27199999999996,1.5272000000000001,0.7101170886335919,16,33
evolved_bioisostere_1426,CCCC(=O)NCCc1c2n(c3ccc(CO)cc13)CCc1ccccc1-2,1,evolved_bioisostere,evolved_bioisostere,CCCC(=O)NCCc1c2n(c3ccc(OC)cc13)CCc1ccccc1-2,15 16,c1ccc2c(c1)CCn1c-2cc2ccccc21,train,362.4730000000002,3.815500000000003,0.7004309112444511,27,43
evolved_bioisostere_1925,CC(=O)NCCc1c2n(c3ccc(C)cc13)Cc1ccccc1-2,1,evolved_bioisostere,evolved_bioisostere,CC(=O)NCCc1c2n(c3ccc(Cl)cc13)Cc1ccccc1-2,13,c1ccc2c(c1)Cn1c-2cc2ccccc21,train,304.39300000000003,3.657020000000003,0.6156234215007095,23,39
evolved_bioisostere_1074,CN(C)CCOc1c(C(=O)c2ccccc2)c[nH]c2nncc1-2,0,authentic,authentic,,,O=C(c1ccccc1)c1c[nH]c2nncc-2c1,test,310.3570000000001,2.0808999999999997,0.7058642784415534,23,40
evolved_bioisostere_780,CCOc1ccccc1N1CCN(c2nc3ccccc3s2)CC1,0,authentic,authentic,,,c1ccc(N2CCN(c3nc4ccccc4s3)CC2)cc1,test,339.46400000000006,4.021600000000004,0.7176611360122137,24,34
evolved_bioisostere_1374,COc1cc2ncnc(Nc3ccc(Cl)cc3Cl)c2cc1O,1,evolved_bioisostere,evolved_bioisostere,COc1cc2ncnc(Nc3ccc(Cl)cc3Cl)c2cc1OC,,c1ccc(Nc2ncnc3ccccc23)cc1,train,336.17800000000005,4.394400000000002,0.7422354332510697,22,34
evolved_bioisostere_1821,CC(Cn1cncn1)(Cn1ccnn1)c1ccc(F)cc1F,1,evolved_bioisostere,evolved_bioisostere,OC(Cn1cncn1)(Cn1ccnn1)c1ccc(F)cc1F,0,c1ccc(C(Cn2cncn2)Cn2ccnn2)cc1,train,304.30400000000003,1.8059,0.720988846057379,22,34
evolved_bioisostere_1542,CC(=O)Nc1cn2c(n1)c(CO)cc1ccccc12,1,evolved_bioisostere,evolved_bioisostere,O=C(O)c1cn2c(n1)c(CO)cc1ccccc12,0 1 2 3,c1ccc2c(c1)ccc1nccn12,train,255.27700000000002,1.9381999999999997,0.735025132433257,19,32
evolved_bioisostere_96,CN(Cc1cccc(Cl)c1)c1ccc(C(=O)O)nc1,0,authentic,authentic,,,c1ccc(CNc2cccnc2)cc1,test,276.72299999999996,3.069600000000001,0.9323649136600519,19,33
evolved_bioisostere_1015,CCCC(C)C1(CC)C(=O)NC(=S)NC1=O,0,authentic,authentic,,,O=C1CC(=O)NC(=S)N1,val,242.34400000000002,1.3498999999999999,0.5777126778981032,16,29
evolved_bioisostere_1138,O=C(O)CCOc1ccc(/C=C/c2ccccn2)cc1,1,evolved_bioisostere,evolved_bioisostere,COc1ccc(/C=C/c2ccccn2)cc1,0 1 2 3,C(=C\c1ccccn1)/c1ccccc1,train,269.3,3.105500000000002,0.8749706382639829,20,32
evolved_bioisostere_874,O=C1CCN(S(=O)(=O)c2ccc(-n3ncc(=O)[nH]c3=O)cc2Cl)CC1,0,authentic,authentic,,,O=C1CCN(S(=O)(=O)c2ccc(-n3ncc(=O)[nH]c3=O)cc2)CC1,test,384.80100000000016,-0.0721999999999996,0.7897697742294661,25,51
evolved_bioisostere_1390,CC(O)c1ccc(F)c(NC(=O)Nc2ccc(Oc3ccnc(C#N)c3)cc2)c1,1,evolved_bioisostere,evolved_bioisostere,CNC(=O)c1cc(Oc2ccc(NC(=O)Nc3cc(C(F)F)ccc3F)cc2)ccn1,0 2 24,O=C(Nc1ccccc1)Nc1ccc(Oc2ccncc2)cc1,train,392.3900000000001,4.581980000000003,0.5889809722245314,29,49
evolved_bioisostere_1282,O=C(C[C@@H](O)Cc1cc(F)c(CO)cc1F)N1CCn2c(nnc2C(F)(F)F)C1,1,evolved_bioisostere,evolved_bioisostere,N[C@H](CC(=O)N1CCn2c(nnc2C(F)(F)F)C1)Cc1cc(F)c(F)cc1F,4 11 12,O=C(CCCc1ccccc1)N1CCn2cnnc2C1,train,420.33800000000014,1.4033000000000002,0.7141314224534094,29,55
evolved_bioisostere_1716,CCCc1nc(C(C)(C)O)c(C)n1Cc1ccc(-c2ccccc2-c2nn[nH]n2)cc1,1,evolved_bioisostere,evolved_bioisostere,CCCc1nc(C(C)(C)O)c(C(=O)OCOC(=O)C(C)(C)C)n1Cc1ccc(-c2ccccc2-c2nn[nH]n2)cc1,,c1ccc(-c2nn[nH]n2)c(-c2ccc(Cn3ccnc3)cc2)c1,train,416.52900000000005,4.266820000000003,0.46938225413269585,31,54
evolved_bioisostere_1211,CCn1c(=O)c2c(nc3ccccn32)n(Cc2ccccc2)c1=O,1,evolved_bioisostere,evolved_bioisostere,C=CCn1c(=O)c2c(nc3ccccn32)n(Cc2ccccc2)c1=O,,O=c1[nH]c(=O)n(Cc2ccccc2)c2nc3ccccn3c12,train,320.3520000000001,1.8790999999999998,0.5789105765730964,24,40
evolved_bioisostere_1140,COc1ccc([C@@H]2[C@@H](C(=O)O)[C@H](c3ccc4c(c3)OCO4)CN2C)cc1,1,evolved_bioisostere,evolved_bioisostere,CCCS(=O)(=O)CCN1C[C@@H](c2ccc3c(c2)OCO3)[C@H](C(=O)O)[C@H]1c1ccc(OC)cc1,,c1ccc([C@@H]2C[C@H](c3ccc4c(c3)OCO4)CN2)cc1,train,355.39000000000016,2.8950000000000014,0.9095524405541133,26,59
evolved_bioisostere_2078,CCCC(=O)OCC(COC(=O)CCN)OCn1cnc2c(=O)[nH]c(C)nc21,1,evolved_bioisostere,evolved_bioisostere,CCCC(=O)OCC(COC(=O)CCC)OCn1cnc2c(=O)[nH]c(N)nc21,14 25,O=c1[nH]cnc2[nH]cnc12,train,395.41600000000005,0.006020000000001302,0.5009727362198817,28,48
evolved_bioisostere_563,O=C(c1cccc2ccccc12)c1cn(CCN2CCOCC2)c2ccccc12,0,authentic,authentic,,,O=C(c1cccc2ccccc12)c1cn(CCN2CCOCC2)c2ccccc12,train,384.47900000000016,4.357700000000004,0.479716629673805,29,44
evolved_bioisostere_615,COc1ccc2c(=O)cc(-c3ccc(Cl)c(Cl)c3)oc2c1,0,authentic,authentic,,,O=c1cc(-c2ccccc2)oc2ccccc12,val,321.15900000000005,4.775400000000002,0.6820145927763592,21,39
evolved_bioisostere_1748,CN1CCN(C2=Nc3ccccc3Nc3sc(O)cc32)CC1,1,evolved_bioisostere,evolved_bioisostere,CN1CCN(C2=Nc3ccccc3Nc3sc(CO)cc32)CC1,17,c1ccc2c(c1)N=C(N1CCNCC1)c1ccsc1N2,train,314.4140000000001,2.836400000000001,0.7849615928485101,22,35
evolved_bioisostere_1616,CCCN(CCC)[C@H]1Cc2c(C)cccc2C[C@@H]1C,1,evolved_bioisostere,evolved_bioisostere,CCCN(CCC)[C@H]1Cc2c(O)cccc2C[C@@H]1C,11,c1ccc2c(c1)CCCC2,train,259.437,4.220320000000004,0.7650053642286827,19,36
evolved_bioisostere_1067,OCCN1CCN(c2ccnc3cc(Cl)ccc23)CC1,0,authentic,authentic,,,c1ccc2c(N3CCNCC3)ccnc2c1,test,291.7820000000001,2.0024999999999995,0.9388980968102019,20,31
evolved_bioisostere_1486,N#CC1C(O)C(CO)CC1n1cc(F)c(=O)[nH]c1=O,1,evolved_bioisostere,evolved_bioisostere,O=c1[nH]c(=O)n(C2CC(CO)C(O)C2O)cc1F,0 1,O=c1ccn(C2CCCC2)c(=O)[nH]1,train,269.232,-1.2703200000000001,0.6181296958185203,19,37
evolved_bioisostere_293,Nc1nc2c(ncn2COCC(O)CF)c(=O)[nH]1,0,authentic,authentic,,,O=c1[nH]cnc2[nH]cnc12,train,257.2249999999999,-0.9937000000000005,0.6321480695546899,18,32
evolved_bioisostere_1644,Cc1ccc(C(O)(Cn2cncn2)C(=O)CC(C)C)cc1,1,evolved_bioisostere,evolved_bioisostere,CC(C)CC(=O)C(O)(Cn1cncn1)c1ccc(Cl)cc1,0,c1ccc(CCn2cncn2)cc1,train,287.36300000000006,2.0895200000000003,0.883035948422381,21,36
evolved_bioisostere_485,COc1ccc2oc3c(c(C)nn3-c3cccc(N)c3)c(=O)c2c1,0,authentic,authentic,,,O=c1c2ccccc2oc2c1cnn2-c1ccccc1,test,321.33600000000007,3.0311200000000005,0.5737567666432013,24,42
evolved_bioisostere_656,COC(=O)C1CC2=C(CN1)N(C)c1ccccc1C2,0,authentic,authentic,,,c1ccc2c(c1)CC1=C(CNCC1)N2,train,258.321,1.4678999999999998,0.7745214909306892,19,33
evolved_bioisostere_1555,COc1cc(CC(C)N)c(C(C)O)cc1C#N,1,evolved_bioisostere,evolved_bioisostere,COc1cc(CC(C)N)c(OC)cc1C#N,10 11 12,c1ccccc1,train,234.299,1.5098799999999999,0.8272281182840338,17,28
evolved_bioisostere_1475,OCCCN1CCN(C2=Nc3ccccc3Sc3ccccc32)CC1,1,evolved_bioisostere,evolved_bioisostere,C=C(CC)OCCOCCN1CCN(C2=Nc3ccccc3Sc3ccccc32)CC1,0 1,c1ccc2c(c1)N=C(N1CCNCC1)c1ccccc1S2,train,353.49100000000016,3.2295000000000016,0.9195306074230184,25,36
evolved_bioisostere_1884,COC(F)(F)c1ccc(NC2=Nc3ccc(C(F)(F)F)cc3N3CCN=C23)cc1,1,evolved_bioisostere,evolved_bioisostere,FC(F)(F)c1ccc(NC2=Nc3ccc(Cl)cc3N3CCN=C23)cc1,0 1 16 17 18 19,c1ccc(NC2=Nc3ccccc3N3CCN=C23)cc1,train,410.3460000000002,4.775300000000004,0.7416768309560934,29,51
evolved_bioisostere_653,COc1cc(O)c2c(=O)c(-c3cccc(Cl)c3)cn(C)c2c1,0,authentic,authentic,,,O=c1c(-c2ccccc2)c[nH]c2ccccc12,val,315.75600000000003,3.573100000000002,0.7862128834554566,22,41
evolved_bioisostere_1179,Cc1ccc(Oc2ccc(F)c(-c3ccc(CCO)cc3)c2)cn1,1,evolved_bioisostere,evolved_bioisostere,Cc1ccc(Oc2ccc(F)c(-c3ccc(OCC4CC4C(=O)O)cc3)c2)cn1,16 17 18,c1cncc(Oc2cccc(-c3ccc(OCC4CC4)cc3)c2)c1,train,323.36699999999996,4.523220000000005,0.7502689641335408,24,39
evolved_bioisostere_1467,COCC1=C(OC(C)=O)C(c2ccc(F)cc2Cl)C(C#N)=C(C)N1,1,evolved_bioisostere,evolved_bioisostere,CCOC(=O)C1=C(COC)NC(C)=C(C#N)C1c1ccc(F)cc1Cl,5 6 7 8,C1=CC(c2ccccc2)C=CN1,train,350.7770000000001,3.3845800000000015,0.8427117432047508,24,45
evolved_bioisostere_2079,N#Cc1ccc(C(Oc2ccccc2)C2CCCNC2)cc1,1,evolved_bioisostere,evolved_bioisostere,Fc1ccc(C(Oc2ccccc2)C2CCCNC2)cc1,0 1,c1ccc(OC(c2ccccc2)C2CCCNC2)cc1,train,292.382,3.6779800000000016,0.9346726371887834,22,33
evolved_bioisostere_1031,O=C(c1ccccc1)c1ccc2c(c1)sc(=O)n2CCN1CCCC1,0,authentic,authentic,,,O=C(c1ccccc1)c1ccc2c(c1)sc(=O)n2CCN1CCCC1,train,352.45900000000023,3.389800000000002,0.6611806571648624,25,41
evolved_bioisostere_1929,Cc1cccc2[nH]c3c(c12)CCN=C3,1,evolved_bioisostere,evolved_bioisostere,COc1cccc2[nH]c3c(c12)CCN=C3,0,C1=NCCc2c1[nH]c1ccccc21,train,184.242,2.45132,0.6511447168108443,14,26
evolved_bioisostere_115,CCCCCC(O)c1cccc(OCc2cccc(CC(=O)O)c2)c1,0,authentic,authentic,,,c1ccc(COc2ccccc2)cc1,train,342.4350000000001,4.506400000000003,0.623653575657091,25,38
evolved_bioisostere_444,Cc1cccc(NN2C=NC(C)C2c2ccccc2)c1,0,authentic,authentic,,,C1=NCC(c2ccccc2)N1Nc1ccccc1,train,265.36,3.795620000000002,0.9138411841471521,20,31
evolved_bioisostere_1105,CN(C)C[C@H]1CCCC[C@]1(O)c1cccc(N(C)C)c1,1,evolved_bioisostere,evolved_bioisostere,COc1cccc([C@@]2(O)CCCC[C@@H]2CN(C)C)c1,16 17 18,c1ccc(C2CCCCC2)cc1,train,276.42400000000004,2.692000000000001,0.9157248500749551,20,39
evolved_bioisostere_479,CCCn1cc(C(=O)O)nc1Cc1ccc(-c2ccccc2-c2nn[nH]n2)cc1,0,authentic,authentic,,,c1ccc(-c2nn[nH]n2)c(-c2ccc(Cc3ncc[nH]3)cc2)c1,train,388.431,3.4292000000000016,0.5018950507134452,29,49
evolved_bioisostere_898,COc1ccc2c3c1OC(C3)CC(O)C=CCC(O)CN(C)C2,0,authentic,authentic,,,C1=CCCC2Cc3c(cccc3O2)CNCCC1,val,319.40100000000007,1.5023,0.7683342034913007,23,38
evolved_bioisostere_2135,CC[C@H](N)C(=O)N1CC(Cc2ccccc2)C[C@H]1N,1,evolved_bioisostere,evolved_bioisostere,CCCCNC(=O)[C@@H]1CC(Cc2ccccc2)CN1C(=O)[C@@H](N)CC,18,c1ccc(CC2CCNC2)cc1,test,261.369,1.0996999999999992,0.8521989001184425,19,38
evolved_bioisostere_90,c1ccc(-c2ccc(C(c3ccccc3)n3ccnc3)cc2)cc1,0,authentic,authentic,,,c1ccc(-c2ccc(C(c3ccccc3)n3ccnc3)cc2)cc1,val,310.40000000000003,5.187800000000005,0.5071355444295608,24,39
evolved_bioisostere_2049,C[C@H](N[C@@H](CCc1ccccc1)C(=O)OCCN(C)C)C(=O)N1CCC[C@H]1C(=O)O,1,evolved_bioisostere,evolved_bioisostere,CCCCOC(=O)[C@H](CCc1ccccc1)N[C@@H](C)C(=O)N1CCC[C@H]1C(=O)O,17 18 19,O=C(CNCCCc1ccccc1)N1CCCC1,train,419.5220000000003,1.146300000000001,0.5191700093965874,30,62
evolved_bioisostere_2004,O=C(C1CCN(c2ccccc2O)CC1)N1N=CCC1c1ccccc1,1,evolved_bioisostere,evolved_bioisostere,O=C(C1CCN(c2ccccc2)CC1)N1N=CCC1c1ccccc1,12,O=C(C1CCN(c2ccccc2)CC1)N1N=CCC1c1ccccc1,train,349.4340000000001,3.5680000000000023,0.921579817697226,26,40
evolved_bioisostere_1625,CNc1ccc2c(c1)C(c1ccccc1Cl)=NC(C)C(=O)N2C,1,evolved_bioisostere,evolved_bioisostere,CC1N=C(c2ccccc2Cl)c2cc([N+](=O)[O-])ccc2N(C)C1=O,0,O=C1CN=C(c2ccccc2)c2ccccc2N1,train,327.8150000000001,3.5840000000000023,0.9158695053065733,23,40
evolved_bioisostere_1376,O=C(O)CC(O)(C(=O)c1ccccc1Cl)c1ccc(Cl)cc1Cl,1,evolved_bioisostere,evolved_bioisostere,O=C(c1ccccc1Cl)C(O)(Cn1cncn1)c1ccc(Cl)cc1Cl,0 1 2,O=C(c1ccccc1)C(Cn1cncn1)c1ccccc1,train,373.61900000000014,4.192000000000002,0.770610404621232,23,42
evolved_bioisostere_1224,C[C@@H]1N2C(=O)[C@@H](Cc3cn(-c4ccccc4)nn3)[C@H]2S(=O)(=O)C1(C)C,1,evolved_bioisostere,evolved_bioisostere,CC1(C)[C@H](C(=O)O)N2C(=O)[C@@H](Cc3cn(-c4ccccc4)nn3)[C@H]2S1(=O)=O,,O=C1[C@@H](Cc2cn(-c3ccccc3)nn2)[C@@H]2N1CCS2(=O)=O,train,360.43900000000014,1.1898,0.7677685612493789,25,63
evolved_bioisostere_1592,OCc1ccc(-c2ccc(NC3=Nc4ccc(Cl)cc4N4CCN=C34)cc2)cc1,1,evolved_bioisostere,evolved_bioisostere,FC(F)(F)c1ccc(NC2=Nc3ccc(Cl)cc3N3CCN=C23)cc1,0 1 2 3 4 5 27 28,c1ccc(NC2=Nc3ccccc3N3CCN=C23)cc1,train,402.88500000000016,4.8735000000000035,0.6563815939074666,29,49
evolved_bioisostere_68,C#Cc1c(C#N)cc(-c2nc(C)c(C(=O)O)s2)cc1OCC,0,authentic,authentic,,,c1ccc(-c2nccs2)cc1,train,312.3500000000001,3.0684000000000013,0.8771876797646144,22,40
evolved_bioisostere_1216,OCC(O)c1cccc(OCc2ccccn2)c1,1,evolved_bioisostere,evolved_bioisostere,CCCCCC(O)c1cccc(OCc2ccccn2)c1,0,c1ccc(OCc2ccccn2)cc1,val,245.278,1.6863,0.8410332309690953,18,26
evolved_bioisostere_206,O=C1c2c(cccc2-c2ccc(F)cc2)OCC2CNCCN12,0,authentic,authentic,,,O=C1c2c(cccc2-c2ccccc2)OCC2CNCCN12,train,312.344,2.2991,0.8783687631336926,23,37
evolved_bioisostere_137,FC1CCC(C2CCNC[C@H]2COc2ccc3c(c2)OCO3)CC1,0,authentic,authentic,,,c1cc2c(cc1OC[C@@H]1CNCCC1C1CCCCC1)OCO2,test,335.41900000000015,3.5481000000000025,0.9133806602648017,24,40
evolved_bioisostere_422,CC12NC(Cc3ccccc31)c1ccccc12,0,authentic,authentic,,,c1ccc2c(c1)CC1NC2c2ccccc21,train,221.303,3.150500000000002,0.7202842359274376,17,27
evolved_bioisostere_492,Cc1ccc(C(=O)NC[C@H]2CN(c3ccc(N4CCCC4=O)cc3)C(=O)O2)s1,0,authentic,authentic,,,O=C(NC[C@H]1CN(c2ccc(N3CCCC3=O)cc2)C(=O)O1)c1cccs1,train,399.47200000000015,2.9385200000000014,0.8384825839062798,28,53
evolved_bioisostere_32,NN1C=NN(CC(O)(Cn2cncn2)c2ccc(F)cc2F)C1,0,authentic,authentic,,,C1=NN(CC(Cn2cncn2)c2ccccc2)CN1,train,323.3070000000001,-0.16379999999999972,0.7422858203572408,23,38
evolved_bioisostere_1259,Oc1nc(O)c2cc(Sc3ccc4ccccc4c3)ccc2n1,1,evolved_bioisostere,evolved_bioisostere,Nc1nc(O)nc2ccc(Sc3ccc4ccccc4c3)cc12,4,c1ccc2cc(Sc3ccc4ncncc4c3)ccc2c1,train,320.37300000000005,4.345400000000002,0.5747526719167324,23,35
evolved_bioisostere_858,O=C(Cc1nc(-c2ccc(Cl)cc2)oc1-c1ccco1)OCc1cccnc1,0,authentic,authentic,,,O=C(Cc1nc(-c2ccccc2)oc1-c1ccco1)OCc1cccnc1,test,394.81400000000014,4.935900000000004,0.43103054929119805,28,46
evolved_bioisostere_1352,O=c1cc(-c2ccn3c(-c4ccccc4)cnc3c2)ccn1CCO,1,evolved_bioisostere,evolved_bioisostere,O=c1cc(-c2ccn3c(-c4ccccc4)cnc3c2)ccn1CCCN1CCCCC1,24,O=c1cc(-c2ccn3c(-c4ccccc4)cnc3c2)ccn1CCCN1CCCCC1,train,331.3750000000001,2.8223000000000007,0.6254473556657298,25,40
evolved_bioisostere_65,COc1ccc(CCNCC(O)COC(=O)c2ccccc2F)cc1OC,0,authentic,authentic,,,O=C(OCCCNCCc1ccccc1)c1ccccc1,train,377.4120000000001,2.1929,0.4883061009310424,27,38
evolved_bioisostere_231,CCOC(COCCN1CCN(C(c2ccccc2)c2ccc(Cl)cc2)CC1)OCC,0,authentic,authentic,,,c1ccc(C(c2ccccc2)N2CCNCC2)cc1,train,447.0190000000003,4.462700000000003,0.3548751181810428,31,46
evolved_bioisostere_1484,COc1ccc(CNC(=O)CSc2nc3ccc(OC)cc3[nH]2)cc1,1,evolved_bioisostere,evolved_bioisostere,CCOc1ccc2nc(SCC(=O)NCc3ccc(OC)cc3)[nH]c2c1,,O=C(CSc1nc2ccccc2[nH]1)NCc1ccccc1,train,357.43500000000006,2.988600000000001,0.6358999676088671,25,41
evolved_bioisostere_386,CCCCC1(C(N)C(=O)O)CCCCC1,0,authentic,authentic,,,C1CCCCC1,train,213.32099999999994,2.5390000000000006,0.737312629548946,15,24
evolved_bioisostere_564,O=C(O)c1ccc(Sc2ccc(NC3=NCCN3)cc2)cc1,0,authentic,authentic,,,c1ccc(Sc2ccc(NC3=NCCN3)cc2)cc1,test,313.38199999999995,2.9071000000000007,0.809166355182007,22,36
evolved_bioisostere_317,CNCCCCc1cc2c(c(-c3ccc(F)cc3)c1C#N)COC2,0,authentic,authentic,,,c1ccc(-c2cccc3c2COC3)cc1,val,324.3990000000001,3.9366800000000026,0.818782583682538,24,38
evolved_bioisostere_708,c1ccc2c(c1)CCCc1nc(-c3c[nH]cn3)[nH]c1-2,0,authentic,authentic,,,c1ccc2c(c1)CCCc1nc(-c3c[nH]cn3)[nH]c1-2,train,250.30500000000004,2.9555,0.6972638956191596,19,39
evolved_bioisostere_943,COc1ccccc1CCNC(=O)c1cc2n(n1)CC(C)(C(=O)NCCC(C)C)N(C)C2=O,0,authentic,authentic,,,O=C(NCCc1ccccc1)c1cc2n(n1)CCNC2=O,train,455.5590000000003,1.8708,0.6005960892934298,33,56
evolved_bioisostere_1598,O=C(CCCO)Cc1c(-c2ccccc2)nc2c(Cl)cc(Cl)cn12,1,evolved_bioisostere,evolved_bioisostere,CCCCNC(=O)Cc1c(-c2ccccc2)nc2c(Cl)cc(Cl)cn12,2 3 4 5,c1ccc(-c2cn3ccccc3n2)cc1,train,363.2440000000001,4.192200000000002,0.7144904814504758,24,42
evolved_bioisostere_470,O=C(NCCNC1CCCCC1)C(c1ccccc1)C1CCCCC1,0,authentic,authentic,,,O=C(NCCNC1CCCCC1)C(c1ccccc1)C1CCCCC1,test,342.5270000000002,4.389000000000003,0.7216737574094525,25,36
evolved_bioisostere_776,FC(F)(F)c1ccc(C2C=C(c3ccccc3)Nc3ncnn32)cc1,0,authentic,authentic,,,C1=C(c2ccccc2)Nc2ncnn2C1c1ccccc1,train,342.32400000000007,4.352900000000003,0.752709287303374,25,42
evolved_bioisostere_1089,O=C(O)Cc1cn2c(n1)CCc1ccccc1-2,1,evolved_bioisostere,evolved_bioisostere,O=C(O)c1cn2c(n1)CCc1ccccc1-2,0 1 2,c1ccc2c(c1)CCc1nccn1-2,train,228.251,1.598,0.8489374448446114,17,29
evolved_bioisostere_868,C=C(C)C12OC3(c4ccccc4)OC1[C@@H]1[C@@H]4O[C@@]45COC(C)(C)O[C@H]5[C@]4(O)C(=O)C=C[C@@]4(C)C1(O3)[C@H](C)[C@H]2OC(=O)c1ccccc1,0,authentic,authentic,,,O=C(O[C@@H]1CC23OC4(c5ccccc5)OC(C1O4)[C@@H]2[C@@H]1O[C@@]12COCO[C@H]2C1C(=O)C=CC13)c1ccccc1,test,642.7010000000004,3.966700000000003,0.29799518941473024,47,122
evolved_bioisostere_1115,C[C@@H]1CN(CCc2ccccc2)CC[C@H]1N(C)c1ccccc1,1,evolved_bioisostere,evolved_bioisostere,CCC(=O)N(c1ccccc1)[C@@H]1CCN(CCc2ccccc2)C[C@H]1C,,c1ccc(CCN2CCC(Nc3ccccc3)CC2)cc1,train,308.469,4.075900000000003,0.8211277892142816,23,42
evolved_bioisostere_1472,OCc1ccc2c(c1)-c1nc(-c3ccccc3)[nH]c1CC2,1,evolved_bioisostere,evolved_bioisostere,COc1ccc2c(c1)-c1nc(-c3ccccc3)[nH]c1CC2,0 1,c1ccc(-c2nc3c([nH]2)CCc2ccccc2-3)cc1,train,276.33900000000006,3.334600000000001,0.7539192652072294,21,38
evolved_bioisostere_1903,CC(=O)c1c(-c2cccc(O)c2)nc2c3ccccc3ccn12,1,evolved_bioisostere,evolved_bioisostere,CC(=O)c1c(-c2ccc(C)cc2)nc2c3ccccc3ccn12,10,c1ccc(-c2cn3ccc4ccccc4c3n2)cc1,train,302.333,4.062700000000002,0.5680074735537466,23,39
evolved_bioisostere_948,CCOC(=O)N[C@H]1CCc2cc(OC)c(OC)c(OC)c2-c2ccc(OC)c(=O)cc21,0,authentic,authentic,,,O=c1cccc2c(c1)CCCc1ccccc1-2,train,429.4690000000002,3.481600000000003,0.7514982883709429,31,56
evolved_bioisostere_1703,Cc1ccc(Cl)cc1C(=O)NC1CCN(Cc2ccccc2)CC1,1,evolved_bioisostere,evolved_bioisostere,COc1ccc(Cl)cc1C(=O)NC1CCN(Cc2ccccc2)CC1.Cl,0,O=C(NC1CCN(Cc2ccccc2)CC1)c1ccccc1,train,342.87000000000006,4.042820000000003,0.9089391040242983,24,38
evolved_bioisostere_46,CNc1ccc(C(=O)NC(C)c2ccccc2)cc1,0,authentic,authentic,,,O=C(NCc1ccccc1)c1ccccc1,train,254.33300000000003,3.2193000000000014,0.8792212612674332,19,30
evolved_bioisostere_7,CC(=O)OCc1cc(C#N)ccc1/C(=C/CCN(C)C)c1ccc(F)cc1,0,authentic,authentic,,,C=C(c1ccccc1)c1ccccc1,train,366.43600000000004,4.143880000000004,0.6911577925034895,27,46
evolved_bioisostere_456,CCCCN(CCCNc1ccnc2cc(Cl)ccc12)Cc1ccsc1,0,authentic,authentic,,,c1ccc2c(NCCCNCc3ccsc3)ccnc2c1,train,387.98000000000013,6.054000000000005,0.42869767713329665,26,37
evolved_bioisostere_1490,CC(C)c1nc2c(c(-c3ccc(F)cc3)c1/C=C/[C@@H](O)C[C@@H](O)CC(=O)O)CCN2C(C)C,1,evolved_bioisostere,evolved_bioisostere,CC(C)c1nc2c(c(-c3ccc(F)cc3)c1/C=C/[C@@H](O)C[C@@H](O)CC(=O)O)CCN2S(C)(=O)=O,30 31 32,c1ccc(-c2ccnc3c2CCN3)cc1,train,456.5580000000003,4.381800000000004,0.5184581222736215,33,70
evolved_bioisostere_260,C[N+]1(C)C2CC(OC(O)C(O)(c3cccs3)c3cccs3)CC1C1OC12,0,authentic,authentic,,,c1csc(C(COC2CC3[NH2+]C(C2)C2OC32)c2cccs2)c1,test,394.5380000000001,2.1375,0.4633972021764429,26,49
evolved_bioisostere_1083,CN1CC[C@H]2COc3ccc(OCC(N)=O)cc3[C@H]21,1,evolved_bioisostere,evolved_bioisostere,CNC(=O)Oc1ccc2c(c1)[C@@H]1[C@@H](CCN1C)CO2,13 14 15,c1ccc2c(c1)OC[C@@H]1CCN[C@H]21,train,262.30899999999997,0.9358999999999998,0.8800183666831548,19,38
evolved_bioisostere_1923,Cc1cc2c(Sc3nnc(N)s3)ncnc2s1,1,evolved_bioisostere,evolved_bioisostere,CCc1cc2c(Sc3nnc(N)s3)ncnc2s1,,c1nc(Sc2nncs2)c2ccsc2n1,train,281.391,2.58462,0.7274186089879896,17,27
evolved_bioisostere_1602,CCNCC1CCN(c2c(F)cc3c(=O)c(F)cn(C4(C)CC4)c3c2F)C1,1,evolved_bioisostere,evolved_bioisostere,CCNCC1CCN(c2c(F)cc3c(=O)c(C(=O)O)cn(C4(C)CC4)c3c2F)C1,16,O=c1ccn(C2CC2)c2cc(N3CCCC3)ccc12,train,379.42600000000016,3.3636000000000026,0.8656790635876178,27,48
evolved_bioisostere_365,C[N+]1(C)C2CC(OC(=O)C([O-])(c3cccs3)c3cccs3)CC1C1OC12.O,0,authentic,authentic,,,O=C(OC1CC2[NH2+]C(C1)C1OC21)C(c1cccs1)c1cccs1,train,409.5290000000001,0.8890000000000005,0.4257871912219449,27,55
evolved_bioisostere_1632,CCCc1c(O)n(C(C)C)c(=O)n1Cc1ccc(-c2ccccc2-c2nn[nH]n2)cc1,1,evolved_bioisostere,evolved_bioisostere,CCCCc1c(C(=O)O)n(C(C)C)c(=O)n1Cc1ccc(-c2ccccc2-c2nn[nH]n2)cc1,5,O=c1[nH]ccn1Cc1ccc(-c2ccccc2-c2nn[nH]n2)cc1,train,418.50100000000003,3.784200000000002,0.4754979095436539,31,55
evolved_bioisostere_712,COc1cc2c(c(OC)c1O)-c1ccc(OC)c(=O)cc1[C@@H](NC(=O)C(F)(F)F)CC2,0,authentic,authentic,,,O=c1cccc2c(c1)CCCc1ccccc1-2,train,439.38600000000014,3.1110000000000007,0.7605777893326726,31,61
evolved_bioisostere_1638,N#Cc1ccc2c(c1)-c1nc(-c3ccccc3)[nH]c1CC2,1,evolved_bioisostere,evolved_bioisostere,COc1ccc2c(c1)-c1nc(-c3ccccc3)[nH]c1CC2,0 1,c1ccc(-c2nc3c([nH]2)CCc2ccccc2-3)cc1,train,271.32300000000004,3.713980000000002,0.7330906227819382,21,39
evolved_bioisostere_272,O=C1Nc2ccc(Cl)cc2C(C#Cc2ccccc2)(C(F)(F)F)O1,0,authentic,authentic,,,O=C1Nc2ccccc2C(C#Cc2ccccc2)O1,test,351.711,4.711400000000001,0.6979167828812187,24,43
evolved_bioisostere_1104,CC(C)NCC(O)COc1ccccc1,1,evolved_bioisostere,evolved_bioisostere,COCCOc1ccc(OCC(O)CNC(C)C)cc1,,c1ccccc1,train,209.28900000000002,1.4242999999999997,0.7443142479340611,15,21
evolved_bioisostere_1355,CC(Cn1cncn1)(c1ccc(F)cc1)C(O)(Cn1cncn1)c1ccc(Cl)cc1,1,evolved_bioisostere,evolved_bioisostere,CC(O)(c1ccc(F)cc1)C(O)(Cn1cncn1)c1ccc(Cl)cc1,2 3 4 5 6 7,c1ccc(CC(Cn2cncn2)c2ccccc2)cc1,train,426.88300000000004,3.208000000000002,0.49043064561899086,30,51
evolved_bioisostere_1398,COC(=O)COc1ccc(OCC(O)CNC(C)C)cc1,1,evolved_bioisostere,evolved_bioisostere,COCCOc1ccc(OCC(O)CNC(C)C)cc1,3,c1ccccc1,train,297.351,0.9760999999999995,0.6616272567050868,21,32
evolved_bioisostere_164,Cn1c(=O)c2nc(/C=C/c3cc(F)cc(F)c3)[nH]c2n(C)c1=O,0,authentic,authentic,,,O=c1[nH]c(=O)c2nc(/C=C/c3ccccc3)[nH]c2[nH]1,train,318.2830000000001,1.4088999999999998,0.7762984744395109,23,47
evolved_bioisostere_769,CC1CCN(C(=O)Cc2noc3ccccc23)CC1,0,authentic,authentic,,,O=C(Cc1noc2ccccc12)N1CCCCC1,train,258.321,2.628800000000001,0.8315184967974142,19,30
evolved_bioisostere_773,CC(N)C(=O)[N@+]1(C(CCc2ccccc2)C(=O)O)CCC[C@H]1C(=O)O,0,authentic,authentic,,,c1ccc(CCC[NH+]2CCCC2)cc1,train,349.4070000000002,1.0100000000000005,0.6324545884732028,25,52
evolved_bioisostere_2137,Cc1ccc([C@H]2Sc3c(C)cccc3N(CCN(C)C)C(=O)[C@H]2O)cc1,1,evolved_bioisostere,evolved_bioisostere,COc1ccc([C@H]2Sc3c(F)cccc3N(CCN(C)C)C(=O)[C@H]2O)cc1,0 9,O=C1C[C@@H](c2ccccc2)Sc2ccccc2N1,train,370.5180000000001,3.405940000000002,0.8957779560190938,26,51
evolved_bioisostere_783,CNCCC(Oc1ccc(C(F)(F)F)cc1)c1ccccc1.Cl,0,authentic,authentic,,,c1ccc(COc2ccccc2)cc1,train,345.792,4.856800000000004,0.8071510578291753,23,37
evolved_bioisostere_766,O=C1c2ccccc2NS(=O)(=O)N1COCCO,0,authentic,authentic,,,O=C1NS(=O)(=O)Nc2ccccc21,test,272.2819999999999,-0.2345000000000001,0.7377853370722094,18,29
evolved_bioisostere_860,COc1cc2c(cc1OC)C(=O)C(F)(CC1CCN(Cc3cccc(Cl)c3)CC1)C2,0,authentic,authentic,,,O=C1c2ccccc2CC1CC1CCN(Cc2ccccc2)CC1,train,431.9350000000002,5.106600000000005,0.6369351051368223,30,52
evolved_bioisostere_1727,COc1ccc(-c2cc(Oc3ccc(C)nc3)ccc2F)cc1,1,evolved_bioisostere,evolved_bioisostere,Cc1ccc(Oc2ccc(F)c(-c3ccc(OCC4CC4C(=O)O)cc3)c2)cn1,,c1cncc(Oc2cccc(-c3ccc(OCC4CC4)cc3)c2)c1,train,309.34000000000003,4.997020000000004,0.6795684690004526,23,36
evolved_bioisostere_1493,Cc1cc(O)ccc1C(=O)c1ccc(-n2ncc(=O)[nH]c2=O)cc1Cl,1,evolved_bioisostere,evolved_bioisostere,Cc1cc(Br)ccc1C(=O)c1ccc(-n2ncc(=O)[nH]c2=O)cc1Cl,4,O=C(c1ccccc1)c1ccc(-n2ncc(=O)[nH]c2=O)cc1,train,357.75300000000004,1.8192199999999998,0.6954995130898775,25,47
evolved_bioisostere_1915,COc1ccc(C[C@@H](O)CC(=O)N2CCn3c(nnc3C(F)(F)F)C2)cc1Cl,1,evolved_bioisostere,evolved_bioisostere,N[C@@H](CC(=O)N1CCn2c(nnc2C(F)(F)F)C1)Cc1ccc(Cl)c(Cl)c1,0 1 8,O=C(CCCc1ccccc1)N1CCn2cnnc2C1,train,418.803,2.2948000000000004,0.8055189492476034,28,53
evolved_bioisostere_277,COc1cc(O)cc2c1C(=O)O[C@@H](C[C@H]1CCC[C@H](C)O1)C2,0,authentic,authentic,,,O=C1O[C@@H](C[C@H]2CCCCO2)Cc2ccccc21,train,306.358,2.830000000000001,0.8699402765437189,22,50
evolved_bioisostere_368,COc1cnc(CSc2nc3cc(OC(F)F)c(OC(F)F)cc3[nH]2)cc1OC,0,authentic,authentic,,,c1ccc(CSc2nc3ccccc3[nH]2)nc1,train,433.3830000000001,4.470200000000003,0.3940537417398642,29,48
evolved_bioisostere_837,O=C(Nc1ccc(O)c(F)c1)Nc1ccccc1F,0,authentic,authentic,,,O=C(Nc1ccccc1)Nc1ccccc1,train,264.231,3.3144,0.7285468198230887,19,30
evolved_bioisostere_587,O=[N+]([O-])c1cccc(CNCCCCNCc2cccc([N+](=O)[O-])c2)c1,0,authentic,authentic,,,c1ccc(CNCCCCNCc2ccccc2)cc1,train,358.398,3.162600000000001,0.362569999507259,26,52
evolved_bioisostere_1866,CCCC1C(=O)N2[C@@H](C(=O)O)C(C)(C)S(=O)(=O)[C@@H]12,1,evolved_bioisostere,evolved_bioisostere,CC1(C)[C@H](C(=O)O)N2C(=O)C(C/C=C/C#N)[C@@H]2S1(=O)=O,0,O=C1C[C@H]2N1CCS2(=O)=O,train,275.326,0.2312000000000003,0.744414612222691,18,50
evolved_bioisostere_966,O=C1NC(=O)C2(N1)c1cc(F)ccc1-c1ccc(F)cc12,0,authentic,authentic,,,O=C1NC(=O)C2(N1)c1ccccc1-c1ccccc12,train,286.237,2.0282,0.7279954727163895,21,40
evolved_bioisostere_141,CC.CC.CC.CC.Fc1ccc2c(c1)Nc1ccccc1C(N1CCNCC1)=N2,0,authentic,authentic,,,c1ccc2c(c1)N=C(N1CCNCC1)c1ccccc1N2,train,416.62900000000025,6.971000000000008,0.4869216554957189,30,47
evolved_bioisostere_123,NCC(=O)N1CCN(C(=O)c2ccccc2OC(F)(F)F)CC1,0,authentic,authentic,,,O=C(c1ccccc1)N1CCNCC1,train,331.2940000000001,0.8283000000000003,0.890037785962902,23,39
evolved_bioisostere_1108,COc1cc2ncnc(Nc3ccc(Cl)cc3)c2cc1OC,1,evolved_bioisostere,evolved_bioisostere,COc1cc2ncnc(Nc3ccc(Cl)cc3Cl)c2cc1OC,,c1ccc(Nc2ncnc3ccccc23)cc1,train,315.7600000000001,4.044000000000002,0.7869935859921958,22,33
evolved_bioisostere_130,C#CCOCCn1c(N2CCCN(C)CC2)nc2ccccc21,0,authentic,authentic,,,c1ccc2[nH]c(N3CCCNCC3)nc2c1,val,312.417,1.8279999999999998,0.6229208246279115,23,34
evolved_bioisostere_1864,Cc1ccc(NC(=O)NC2CCC(Oc3ccnc(C(=O)N(C)C)c3)CC2)cc1C(F)(F)F,1,evolved_bioisostere,evolved_bioisostere,CN(C)C(=O)c1cc(OC2CCC(NC(=O)Nc3ccc(Cl)c(C(F)(F)F)c3)CC2)ccn1,0,O=C(Nc1ccccc1)NC1CCC(Oc2ccncc2)CC1,train,464.4880000000002,4.622320000000005,0.6764034735695666,33,57
evolved_bioisostere_705,CCCc1nc(CC)c(C(=O)O)n1Cc1ccc(-c2ccccc2C(=O)O)cc1,0,authentic,authentic,,,c1ccc(-c2ccc(Cn3ccnc3)cc2)cc1,train,392.4550000000001,4.509700000000003,0.5883457615158934,29,48
evolved_bioisostere_867,Cc1cc2c(s1)CCC(CN[C@H]1CC[C@@H](Oc3ccccc3)[C@@H]1O)C2=O,0,authentic,authentic,,,O=C1c2ccsc2CCC1CN[C@H]1CC[C@@H](Oc2ccccc2)C1,train,371.50200000000007,3.362120000000002,0.8461272012666657,26,55
evolved_bioisostere_1942,COC(CN1CCN(C)CC1)(Cn1cncn1)c1ccc(F)cc1F,1,evolved_bioisostere,evolved_bioisostere,CN1CCN(CC(O)(Cn2cncn2)c2ccc(F)cc2F)CC1,0,c1ccc(C(CN2CCNCC2)Cn2cncn2)cc1,train,351.401,1.3456000000000004,0.7861591966613354,25,39
evolved_bioisostere_149,C[C@]12CCC(=O)C=C1CC[C@@H]1[C@@H]2CC[C@]2(C)C(O)CC[C@@H]12,0,authentic,authentic,,,O=C1C=C2CC[C@H]3[C@@H]4CCCC4CC[C@@H]3C2CC1,train,288.43100000000004,3.8792000000000026,0.7342296115534325,21,58
evolved_bioisostere_1885,CCCc1nc(N)c(CC)n1Cc1ccc(-c2ccccc2-c2nn[nH]n2)cc1,1,evolved_bioisostere,evolved_bioisostere,CCCc1nc(C)c(C(=O)O)n1Cc1ccc(-c2ccccc2-c2nn[nH]n2)cc1,6 9,c1ccc(-c2nn[nH]n2)c(-c2ccc(Cn3ccnc3)cc2)c1,train,387.49100000000004,3.875600000000002,0.5014090665319892,29,48
evolved_bioisostere_446,CCC(=O)c1ccc(OCC(O)CNCCc2ccc(OC)c(OC)c2)c(C(C)=O)c1,0,authentic,authentic,,,c1ccc(CCNCCCOc2ccccc2)cc1,val,429.5130000000002,3.0711000000000013,0.37326368741519944,31,51
evolved_bioisostere_1527,NC(=O)c1cn2c(n1)CCc1ccccc1-2,1,evolved_bioisostere,evolved_bioisostere,O=C(O)c1cn2c(n1)CCc1ccccc1-2,0,c1ccc2c(c1)CCc1nccn1-2,train,213.24,1.0697999999999999,0.7698040258496202,16,28
evolved_bioisostere_6,CC(CS)C(=O)N(CC(=O)O)c1ccc2c(c1)OCCO2,0,authentic,authentic,,,c1ccc2c(c1)OCCO2,test,311.3590000000001,1.4413000000000002,0.8048721433501417,21,37
evolved_bioisostere_521,CC(C)(C)c1ccc(Cn2cncn2)cc1,0,authentic,authentic,,,c1ccc(Cn2cncn2)cc1,train,215.3,2.623900000000001,0.770644510855438,16,26
evolved_bioisostere_810,O=NN(CCCl)C(=O)NC1CCC(Cl)CC1,0,authentic,authentic,,,C1CCCCC1,train,268.144,2.4682000000000004,0.4833482126821231,16,28
evolved_bioisostere_44,CCCCNC=C1N=C(c2ccccc2Cl)c2cc([N+](=O)[O-])ccc2NC1=O,0,authentic,authentic,,,C=C1N=C(c2ccccc2)c2ccccc2NC1=O,val,398.85000000000014,4.268800000000003,0.3284281725094985,28,51
evolved_bioisostere_1481,Fc1ccccc1-c1[nH]ccc2c3ccccc3nc1-2,1,evolved_bioisostere,evolved_bioisostere,N#Cc1ccccc1-c1[nH]ccc2c3ccccc3nc1-2,0,c1ccc(-c2[nH]ccc3c4ccccc4nc2-3)cc1,train,262.28700000000003,4.473800000000002,0.5382368497834757,20,33
evolved_bioisostere_2017,Cc1cc(C)n(CC(=O)NCc2ccc(N)nc2C)c(=O)c1O,1,evolved_bioisostere,evolved_bioisostere,Cc1nc(N)ccc1CNC(=O)Cn1c(C)cc2c(c1=O)NC(=O)CC2,0 22,O=C(Cn1ccc2c(c1=O)NC(=O)CC2)NCc1cccnc1,train,316.3610000000001,0.7727600000000001,0.7715617031973158,23,39
evolved_bioisostere_1996,Cc1cc(OCl)c2c(=O)cc(-c3ccccc3Cl)oc2c1[C@@H]1CCN(C)C[C@@H]1O,1,evolved_bioisostere,evolved_bioisostere,CN1CC[C@@H](c2c(O)cc(O)c3c(=O)cc(-c4ccccc4Cl)oc23)[C@@H](O)C1,0 5,O=c1cc(-c2ccccc2)oc2c(C3CCNCC3)cccc12,train,434.31900000000024,4.734420000000005,0.6457669615322693,29,59
evolved_bioisostere_946,COc1cccc(Oc2ccc(NC(=O)C3CC3)cc2)c1,0,authentic,authentic,,,O=C(Nc1ccc(Oc2ccccc2)cc1)C1CC1,test,283.327,3.836000000000002,0.9066437063842119,21,34
evolved_bioisostere_1144,COc1ccc(-c2ncc(F)cc2-c2ccc(CCC(=O)O)cc2)cc1F,1,evolved_bioisostere,evolved_bioisostere,COCCCc1cnc(-c2ccc(OC)c(F)c2)c(-c2ccc(CCC(=O)O)cc2)c1,10,c1ccc(-c2cccnc2-c2ccccc2)cc1,train,369.367,4.7196000000000025,0.6830274720829539,27,44
evolved_bioisostere_118,Fc1ccc(/C=C/C(=N/Nc2nncc3ccccc23)c2ccccc2)cc1,0,authentic,authentic,,,C(=C\c1ccccc1)/C(=N/Nc1nncc2ccccc12)c1ccccc1,val,368.4150000000001,5.298500000000003,0.38415451808011375,28,45
evolved_bioisostere_1154,Cc1ccc(C(Oc2ccccc2)C2CCCNC2)cc1,1,evolved_bioisostere,evolved_bioisostere,Fc1ccc(C(Oc2ccccc2)C2CCCNC2)cc1,0,c1ccc(OC(c2ccccc2)C2CCCNC2)cc1,train,281.399,4.114720000000003,0.9101231979877697,21,31
evolved_bioisostere_1934,COc1cc2c(cc1F)[C@@H](c1ccccc1)CN(C)CC2,1,evolved_bioisostere,evolved_bioisostere,COc1cc2c(cc1OC)[C@@H](c1ccccc1)CN(C)CC2,8,c1ccc([C@H]2CNCCc3ccccc32)cc1,train,285.3620000000001,3.454100000000002,0.8376674929295694,21,38
evolved_bioisostere_850,CC(C)(C)N[C@@H]1CCc2c(ccc(O)c2CO)[C@H]1O,0,authentic,authentic,,,c1ccc2c(c1)CCCC2,train,265.353,1.6207999999999998,0.6555059187411281,19,40
evolved_bioisostere_1051,Cc1cc(Br)cc2nc(C(=O)O)cc(O)c12,0,authentic,authentic,,,c1ccc2ncccc2c1,train,282.093,2.709520000000001,0.8432441139859841,16,30
evolved_bioisostere_270,COc1ccccc1CCNC(=O)CCn1nc(C)c2c(C)n(-c3ccccc3)nc2c1=O,0,authentic,authentic,,,O=C(CCn1ncc2cn(-c3ccccc3)nc2c1=O)NCCc1ccccc1,test,445.5230000000002,2.956640000000001,0.4503162943272498,33,52
evolved_bioisostere_928,Nc1ncnc2c1ncn2C1OC2COP(=O)(O)OC2C1O,0,authentic,authentic,,,O=[PH]1OCC2OC(n3cnc4cncnc43)CC2O1,val,329.209,-0.8174000000000006,0.5650671444317394,22,35
evolved_bioisostere_113,O=C(/C=C/c1ccccc1)c1ccc(O)cc1,0,authentic,authentic,,,O=C(/C=C/c1ccccc1)c1ccccc1,val,224.25900000000001,3.2883000000000013,0.6412736177915347,17,29
evolved_bioisostere_912,CC1OC2C(O1)[C@@H](CO)O[C@H]2n1cnc(C(N)=O)n1,0,authentic,authentic,,,c1ncn([C@@H]2OCC3OCOC32)n1,train,270.245,-1.603299999999999,0.6776051779428462,19,43
evolved_bioisostere_1045,CCN(CC)CCCC(C)Nc1ccnc2cc(Cl)c(C)cc12,0,authentic,authentic,,,c1ccc2ncccc2c1,train,333.9070000000001,5.119020000000004,0.7263914361076806,23,36
evolved_bioisostere_2082,Cc1cc(Oc2ccc(NC(=O)Nc3ccc(Cl)c(C(F)(F)F)c3)cc2)ccn1,1,evolved_bioisostere,evolved_bioisostere,CCC(=O)c1cc(Oc2ccc(NC(=O)Nc3ccc(Cl)c(C(F)(F)F)c3)cc2)ccn1,,O=C(Nc1ccccc1)Nc1ccc(Oc2ccncc2)cc1,train,421.80600000000004,6.498520000000003,0.5051488984226679,29,51
evolved_bioisostere_1802,COc1ccc([C@H]2Sc3ccccc3NC(=O)[C@@H]2OC)cc1,1,evolved_bioisostere,evolved_bioisostere,COc1ccc([C@H]2Sc3ccccc3NC(=O)[C@@H]2O)cc1,19,O=C1C[C@@H](c2ccccc2)Sc2ccccc2N1,train,315.39400000000006,3.495700000000001,0.9415941896087178,22,42
evolved_bioisostere_2006,COc1cc2c(cc1OC)Nc1ncn(CN3CCOCC3)c(=O)c1C2,1,evolved_bioisostere,evolved_bioisostere,COc1cc2c(cc1OC)Nc1ncn(CCN3CCOCC3)c(=O)c1C2,16 17 18 19 20 21,O=c1c2c(ncn1CCN1CCOCC1)Nc1ccccc1C2,train,358.39800000000025,1.1979999999999997,0.7507143028445976,26,41
evolved_bioisostere_1468,CCc1nc(C)c(C(C)=O)n1Cc1ccc(-c2ccccc2-c2nn[nH]n2)cc1,1,evolved_bioisostere,evolved_bioisostere,CCCc1nc(C)c(C(=O)O)n1Cc1ccc(-c2ccccc2-c2nn[nH]n2)cc1,8,c1ccc(-c2nn[nH]n2)c(-c2ccc(Cn3ccnc3)cc2)c1,train,386.45900000000006,3.8519200000000025,0.5084692796992696,29,51
evolved_bioisostere_420,Cc1cnc(NCCc2ccccc2)c(=O)n1CC(=O)NCc1cnc(N)cn1,0,authentic,authentic,,,O=C(Cn1ccnc(NCCc2ccccc2)c1=O)NCc1cnccn1,val,393.45100000000014,0.8949199999999999,0.5185102328045594,29,45
evolved_bioisostere_1597,CSC1CCC2C3CCc4cc(O)ccc4C3CCC12C,1,evolved_bioisostere,evolved_bioisostere,CC12CCC3c4ccc(O)cc4CCC3C1CCC2O,0 1,c1ccc2c(c1)CCC1C2CCC2CCCC21,train,302.4830000000001,4.979900000000004,0.7892253037361497,21,31
evolved_bioisostere_238,CCCn1c(=O)n(CCO)c(=O)c2[nH]cnc21,0,authentic,authentic,,,O=c1[nH]c(=O)c2[nH]cnc2[nH]1,train,238.247,-0.7114000000000005,0.7354062932237646,17,32
evolved_bioisostere_904,NC(=O)c1ncn([C@@H]2O[C@H](COP(=O)([O-])OP(=O)([O-])OP(=O)([O-])[O-])[C@@H](O)[C@H]2O)n1,0,authentic,authentic,,,c1ncn([C@H]2CCCO2)n1,train,480.11200000000014,-5.188499999999999,0.2781524345249696,29,87
evolved_bioisostere_1065,CCNC(=O)N1CCN([C@H]2CCc3ccc(OC)cc32)CC1,0,authentic,authentic,,,c1ccc2c(c1)CC[C@@H]2N1CCNCC1,val,303.40600000000006,2.0296000000000003,0.9290907623628518,22,39
evolved_bioisostere_1662,CCc1nc(CC)n(C(c2cccc(F)c2)c2ccccc2-c2nn[nH]n2)c1CC,1,evolved_bioisostere,evolved_bioisostere,CCCc1nc(CC)c(C(=O)O)n1C(c1cccc(F)c1)c1ccccc1-c1nn[nH]n1,29,c1ccc(C(c2ccccc2-c2nn[nH]n2)n2ccnc2)cc1,train,404.49300000000017,4.527200000000003,0.491270036898629,30,50
evolved_bioisostere_336,N#Cc1cccc(-c2cccc(CS(=O)CC(N)=O)c2)c1,0,authentic,authentic,,,c1ccc(-c2ccccc2)cc1,train,298.36699999999996,1.9592799999999995,0.9154034770327868,21,37
evolved_bioisostere_306,CC(C)[C@@H](CN1CCCC1)NC(=O)Cc1ccccc1,0,authentic,authentic,,,O=C(Cc1ccccc1)NCCN1CCCC1,train,274.408,2.4657,0.8640389582019105,20,36
evolved_bioisostere_1993,CCC1=C(C)CN(NC(=O)CCc2ccc(C3CCC(C)CC3)cc2)C1=O,1,evolved_bioisostere,evolved_bioisostere,CCC1=C(C)CN(NC(=O)CCc2ccc(S(=O)(=O)NC(=O)NC3CCC(C)CC3)cc2)C1=O,16 17 18 19 20 21 22,O=C(CCc1ccc(S(=O)(=O)NC(=O)NC2CCCCC2)cc1)NN1CC=CC1=O,train,368.5210000000002,4.512800000000005,0.8028435368629246,27,46
evolved_bioisostere_1865,CCc1ccc(S(N)(=O)=O)cc1C(=O)NC[C@@H]1CCCN1CC,1,evolved_bioisostere,evolved_bioisostere,CCN1CCC[C@H]1CNC(=O)c1cc(S(N)(=O)=O)ccc1OC,0 1,O=C(NC[C@@H]1CCCN1)c1ccccc1,train,339.4610000000002,1.1104999999999998,0.8118889147659915,23,43
evolved_bioisostere_414,CCCCc1nc(CC(=O)O)c(Cl)n1Cc1ccc(C(=O)O)cc1,0,authentic,authentic,,,c1ccc(Cn2ccnc2)cc1,val,350.8020000000001,3.252700000000001,0.7619241684507232,24,41
evolved_bioisostere_2155,CCOC1CCC(NC(=O)NS(=O)(=O)c2ccc(C(N)CC)cc2)CC1,1,evolved_bioisostere,evolved_bioisostere,CCC(N)c1ccc(S(=O)(=O)NC(=O)NC2CCC(C)CC2)cc1,0 1 2,O=C(NC1CCCCC1)NS(=O)(=O)c1ccccc1,train,383.51400000000024,2.4319999999999995,0.6696330279848192,26,45
evolved_bioisostere_1121,CCOC(=O)C1=C(C)NC(C)=C(C#N)C1c1ccc(F)cc1Cl,1,evolved_bioisostere,evolved_bioisostere,CCOC(=O)C1=C(COC)NC(C)=C(C#N)C1c1ccc(F)cc1Cl,,C1=CC(c2ccccc2)C=CN1,train,334.778,3.8005800000000027,0.8539494790756225,23,42
evolved_bioisostere_126,COC(=O)c1ccccc1OCC(O)CNCCNS(=O)(=O)N(C)C,0,authentic,authentic,,,c1ccccc1,train,375.447,-0.8014999999999974,0.34229199966553164,25,40
evolved_bioisostere_229,c1ccc2c(C3=NCCN3)c3ccccc3cc2c1,0,authentic,authentic,,,c1ccc2c(C3=NCCN3)c3ccccc3cc2c1,train,246.31300000000002,3.3428000000000013,0.6542238235625342,19,30
evolved_bioisostere_1155,CCC(=O)c1ccc2c(c1)C(c1cccc(Cl)c1)=NCC(=O)N2,1,evolved_bioisostere,evolved_bioisostere,O=C1CN=C(c2cccc(Cl)c2)c2cc([N+](=O)[O-])ccc2N1,0 1 2 3,O=C1CN=C(c2ccccc2)c2ccccc2N1,train,326.7830000000001,3.7222000000000026,0.8737800934430162,23,43
evolved_bioisostere_159,CN(C/C=C/c1ccccc1)C(=O)c1cccc2ccccc12,0,authentic,authentic,,,O=C(NC/C=C/c1ccccc1)c1cccc2ccccc12,test,301.389,4.625200000000004,0.6880115314598534,23,37
evolved_bioisostere_740,CC(C)(C)C(=O)OCCOCn1cnc2c(=O)[nH]c(N)nc21,0,authentic,authentic,,,O=c1[nH]cnc2[nH]cnc12,train,309.326,0.2652000000000007,0.5992707946024259,22,41
evolved_bioisostere_1441,CCN(c1ccccc1)[C@@H]1CCN(CCc2ccccc2)C[C@H]1C,1,evolved_bioisostere,evolved_bioisostere,CCC(=O)N(c1ccccc1)[C@@H]1CCN(CCc2ccccc2)C[C@H]1C,,c1ccc(CCN2CCC(Nc3ccccc3)CC2)cc1,train,322.496,4.466000000000005,0.774224510886196,24,43
evolved_bioisostere_1081,CSc1nc(NCCN(C)C)cc(-c2cccs2)n1,0,authentic,authentic,,,c1csc(-c2ccncn2)c1,train,294.449,2.900500000000001,0.6551506046605553,19,30
evolved_bioisostere_1648,CCOCC1=NC2(CCCC2)C(=O)N1Cc1ccc(-c2ccccc2-c2nn[nH]n2)cc1,1,evolved_bioisostere,evolved_bioisostere,O=C1N(Cc2ccc(-c3ccccc3-c3nn[nH]n3)cc2)C(CCCCF)=NC12CCCC2,0 1 2,O=C1N(Cc2ccc(-c3ccccc3-c3nn[nH]n3)cc2)C=NC12CCCC2,train,430.5120000000001,3.623700000000002,0.617506591140708,32,55
evolved_bioisostere_1835,COC12CCC3c4ccc(O)cc4CCC3C1CCC2O,1,evolved_bioisostere,evolved_bioisostere,CC12CCC3c4ccc(O)cc4CCC3C1CCC2O,0 1,c1ccc2c(c1)CCC1C2CCC2CCCC21,train,288.387,2.9881000000000015,0.8349813616836187,21,31
evolved_bioisostere_167,COc1ccc2c3c1OC1C[C@@H](OC(=O)c4ccccc4)C=C[C@@]31CCN(C)C2,0,authentic,authentic,,,O=C(O[C@H]1C=C[C@@]23CCNCc4cccc(c42)OC3C1)c1ccccc1,train,391.46700000000016,3.7150000000000025,0.5896396812689977,29,56
evolved_bioisostere_1220,CCC(=O)n1nc(C)n(Cc2ccc(-c3ccccc3-c3nn[nH]n3)cc2)c1=O,1,evolved_bioisostere,evolved_bioisostere,CCCCCc1nn(C(=O)CC)c(=O)n1Cc1ccc(-c2ccccc2-c2nn[nH]n2)cc1,,O=c1[nH]ncn1Cc1ccc(-c2ccccc2-c2nn[nH]n2)cc1,train,389.4190000000001,2.29882,0.5605468351287988,29,52
evolved_bioisostere_1545,O=C(O)CCc1cn2c(n1)CCc1ccccc1-2,1,evolved_bioisostere,evolved_bioisostere,O=C(O)c1cn2c(n1)CCc1ccccc1-2,0 1 2 3,c1ccc2c(c1)CCc1nccn1-2,train,242.278,1.9881000000000002,0.895064715126654,18,30
evolved_bioisostere_1962,CC(C)(C)c1cc(CCc2cccnc2)cc(C(C)(C)F)c1O,1,evolved_bioisostere,evolved_bioisostere,CC(C)(C)c1cc(CCc2cccnc2)cc(C(C)(C)C)c1O,20,c1ccc(CCc2cccnc2)cc1,train,315.432,5.074500000000005,0.853729099507047,23,39
evolved_bioisostere_506,Nc1c2c(nc3ccccc13)N(c1ccccc1)CC2,0,authentic,authentic,,,c1ccc(N2CCc3cc4ccccc4nc32)cc1,train,261.32800000000003,3.5112000000000023,0.7285320252574576,20,32
evolved_bioisostere_1560,OCN1CCN(N2CCN(C3=Nc4ccccc4Sc4ccccc43)CC2)CC1,1,evolved_bioisostere,evolved_bioisostere,POCCOCCN1CCN(C2=Nc3ccccc3Sc3ccccc32)CC1,0 1 2 3 4 5 27 28,c1ccc2c(c1)N=C(N1CCNCC1)c1ccccc1S2,train,409.55900000000025,2.3295000000000003,0.8215552005929947,29,44
evolved_bioisostere_447,Cc1ccc(C(c2ccc(C)cc2)n2cncn2)cc1,0,authentic,authentic,,,c1ccc(C(c2ccccc2)n2cncn2)cc1,train,263.344,3.5326400000000016,0.7233999164270776,20,32
evolved_bioisostere_1360,Cc1ccc(-c2c(/C=C/[C@@H](O)C[C@@H](O)CC(=O)O)c(C(C)C)nc3c2CCN3S(C)(=O)=O)cc1,1,evolved_bioisostere,evolved_bioisostere,CC(C)c1nc2c(c(-c3ccc(F)cc3)c1/C=C/[C@@H](O)C[C@@H](O)CC(=O)O)CCN2S(C)(=O)=O,0,c1ccc(-c2ccnc3c2CCN3)cc1,train,488.6060000000003,3.1023200000000015,0.4947203948123058,34,75
evolved_bioisostere_1100,CCOc1ccc(-c2nc3c(=O)n(C)c(=O)n(C)c3[nH]2)cc1,1,evolved_bioisostere,evolved_bioisostere,CC(C)c1ccc(-c2nc3c(=O)n(C)c(=O)n(C)c3[nH]2)cc1,0 1 2,O=c1[nH]c(=O)c2nc(-c3ccccc3)[nH]c2[nH]1,train,300.318,1.0259999999999996,0.7828733522213344,22,44
evolved_bioisostere_1551,CCOC(=O)C1=C[C@@H](OC(C)CC)[C@H](NC(N)=O)[C@@H](N)C1,1,evolved_bioisostere,evolved_bioisostere,CCOC(=O)C1=C[C@@H](OC(C)CC)[C@H](NC(C)=O)[C@@H](N)C1,16,C1=CCCCC1,train,299.37100000000004,0.42750000000000127,0.6147757860185885,21,52
evolved_bioisostere_964,OC1(c2ccc(F)cc2)CCCCC1n1cncn1,0,authentic,authentic,,,c1ccc(C2CCCCC2n2cncn2)cc1,test,261.29999999999995,2.4200999999999997,0.9028558370170932,19,29
evolved_bioisostere_2094,COc1cc(-c2c(F)cc3c(=O)c(Cc4c[nH]cn4)cn(C4CC4)c3c2F)cc(C2CC2)n1,1,evolved_bioisostere,evolved_bioisostere,Cc1cc(-c2c(F)cc3c(=O)c(Cc4c[nH]cn4)cn(C4CC4)c3c2F)cc(C)n1,0 1 29 30 31,O=c1c(Cc2c[nH]cn2)cn(C2CC2)c2cc(-c3ccncc3)ccc12,train,448.47300000000024,4.876500000000003,0.4565340547784553,33,62
evolved_bioisostere_1437,Cc1cc(-c2c(F)cc3c(=O)c(-c4ccccc4)cn(C4CC4)c3c2F)cc(O)n1,1,evolved_bioisostere,evolved_bioisostere,Cc1cc(-c2c(F)cc3c(=O)c(-c4ccccc4)cn(C4CC4)c3c2F)cc(C)n1,28,O=c1c(-c2ccccc2)cn(C2CC2)c2cc(-c3ccncc3)ccc12,train,404.41600000000017,5.357620000000004,0.5003021434990735,30,55
evolved_bioisostere_851,COC(=O)[C@H](Cc1ccccc1)NC(=O)[C@@H]1CCCN1C(=O)[C@@H](O)[C@H](N)CC(C)C,0,authentic,authentic,,,O=C(NCCc1ccccc1)[C@@H]1CCCN1,train,419.5220000000002,0.6122000000000021,0.5043837945328934,30,69
evolved_bioisostere_765,CCc1cn(C2CCC(CO)O2)c(=O)[nH]c1=O,0,authentic,authentic,,,O=c1ccn(C2CCCO2)c(=O)[nH]1,train,240.25899999999996,-0.2311000000000002,0.7639304169636347,17,32
evolved_bioisostere_2092,CCC1C(c2ccccc2)=CCC(C)C1C,1,evolved_bioisostere,evolved_bioisostere,CCC1C(c2ccccc2)=CCC(C(=O)O)C1C,,C1=C(c2ccccc2)CCCC1,train,214.35199999999998,4.7721000000000044,0.6647955017385345,16,25
evolved_bioisostere_1531,CC(=O)O[C@H]1C(=O)N(CC(=O)O)c2ccccc2S[C@H]1c1ccc(C(C)=O)cc1,1,evolved_bioisostere,evolved_bioisostere,COc1ccc([C@@H]2Sc3ccccc3N(CC(=O)O)C(=O)[C@@H]2OC(C)=O)cc1,24 25 26,O=C1C[C@H](c2ccccc2)Sc2ccccc2N1,train,413.45100000000014,3.0855000000000015,0.5936796842805976,29,59
evolved_bioisostere_931,CC[C@H](C)[C@@H](C(N)=O)N1C(=O)CCC1C,0,authentic,authentic,,,O=C1CCCN1,train,212.29299999999995,0.8973000000000001,0.7520786419127171,15,36
evolved_bioisostere_313,[2H]C([2H])([2H])O[C@@H]1CN(CCCOc2ccc(F)cc2)CC[C@@H]1NC(=O)c1cc(Cl)c(N)cc1OC,0,authentic,authentic,,,O=C(NC1CCN(CCCOc2ccccc2)CC1)c1ccccc1,train,468.9713053340002,3.358100000000001,0.43330443922383705,32,76
evolved_bioisostere_1836,COc1cc2c(Nc3ccc(Cl)cc3)ncnc2cc1F,1,evolved_bioisostere,evolved_bioisostere,COc1cc2ncnc(Nc3ccc(Cl)cc3)c2cc1OC,20,c1ccc(Nc2ncnc3ccccc23)cc1,train,303.72400000000005,4.174500000000003,0.7884417662414381,21,32
evolved_bioisostere_273,COc1ccc(CNCCCNC(=O)C2=CC(C)(C)NC2(C)C)c(OC)c1,0,authentic,authentic,,,O=C(NCCCNCc1ccccc1)C1=CCNC1,train,375.51300000000015,2.3865,0.5782646199192221,27,45
evolved_bioisostere_448,Nc1ncc(Cc2cccc(C(F)(F)F)c2)c(N)n1,0,authentic,authentic,,,c1ccc(Cc2cncnc2)cc1,train,268.24199999999996,2.2506,0.8752417886935191,19,33
evolved_bioisostere_452,CCN(CC)S(=O)(=O)c1ccc(NC(=O)c2cnc(C)cn2)cc1,0,authentic,authentic,,,O=C(Nc1ccccc1)c1cnccn1,train,348.42800000000005,2.06782,0.8625530235563523,24,43
evolved_bioisostere_1258,COc1cccc2c1C[C@H]1CCN(CC(=O)O)[C@@H]1C2,1,evolved_bioisostere,evolved_bioisostere,C=CCN1CC[C@@H]2Cc3c(cccc3OC)C[C@H]21,15 16,c1ccc2c(c1)C[C@H]1CCN[C@@H]1C2,train,261.32099999999997,1.5689,0.8969889889795681,19,39
evolved_bioisostere_752,CC(C)N1CCN(c2ccccc2)C(C2=NCCN2)C1,0,authentic,authentic,,,c1ccc(N2CCNCC2C2=NCCN2)cc1,train,272.396,1.5873,0.90629615107783,20,33
evolved_bioisostere_1673,Cc1ccc(Cn2cnc3c(N(C)C)ncnc32)cc1,1,evolved_bioisostere,evolved_bioisostere,CN(C)c1ncnc2c1ncn2Cc1ccc(O)cc1,0,c1ccc(Cn2cnc3cncnc32)cc1,train,267.336,2.24902,0.7299450161382953,20,32
evolved_bioisostere_2031,Cc1ccn2c(C(=O)NCc3cccc(F)c3)c(CN)nc2c1,1,evolved_bioisostere,evolved_bioisostere,Cc1ccn2c(C(=O)NCc3cccc(F)c3)c(C)nc2c1,19,O=C(NCc1ccccc1)c1cnc2ccccn12,train,312.34800000000007,2.17052,0.7752978750483749,23,38
evolved_bioisostere_240,O=C(CCc1ccccc1)NCC(=O)OCc1ccccc1,0,authentic,authentic,,,O=C(CCc1ccccc1)NCC(=O)OCc1ccccc1,val,297.354,2.4788000000000006,0.7988197571164687,22,32
evolved_bioisostere_1804,Cc1c(C(F)F)cc(C/C=C/c2cccs2)cc1C(C)(C)C,1,evolved_bioisostere,evolved_bioisostere,CC(C)(C)c1cc(C/C=C/c2cccs2)cc(C(C)(C)C)c1O,0 4 5,C(=C\c1cccs1)/Cc1ccccc1,train,320.44800000000015,6.547520000000005,0.599123013357365,22,39
evolved_bioisostere_636,OCCOCCN1CCN(c2cccc3c2C=Nc2ccccc2S3)CC1,0,authentic,authentic,,,C1=Nc2ccccc2Sc2cccc(N3CCNCC3)c21,val,383.51700000000017,3.032700000000001,0.6632689121598812,27,38
evolved_bioisostere_1576,Cc1nc(CC(=O)O)c2c(O)nc3ccccc3n12,1,evolved_bioisostere,evolved_bioisostere,Cc1nc(C(=O)O)c2c(O)nc3ccccc3n12,5 6 7,c1ccc2c(c1)ncc1cncn12,train,257.24899999999997,1.52362,0.7263799268723201,19,32
evolved_bioisostere_1440,CC(=O)OCCN1CCN(N2CCN(C3=Nc4ccccc4Sc4ccccc43)CC2)CC1,1,evolved_bioisostere,evolved_bioisostere,CCOC(=O)/C(=C/C(=O)O)OCCN1CCN(C2=Nc3ccccc3Sc3ccccc32)CC1,0 1 2 3 4 5 6 7 8 9 31 32,c1ccc2c(c1)N=C(N1CCNCC1)c1ccccc1S2,train,465.6230000000003,2.942800000000002,0.6437716527758375,33,51
evolved_bioisostere_1029,O=C(NCC1CCCCN1)c1ccccc1OCC(F)(F)F,0,authentic,authentic,,,O=C(NCC1CCCCN1)c1ccccc1,test,316.323,2.4996,0.8774051636439385,22,33
evolved_bioisostere_1405,COc1ccc(C(CN)c2ccccc2)cc1CN,1,evolved_bioisostere,evolved_bioisostere,COc1ccc(C(CN)c2ccccc2)cc1OC,17 18,c1ccc(Cc2ccccc2)cc1,train,256.34900000000005,2.2445,0.8621554436083735,19,27
evolved_bioisostere_1665,COc1ccc(NC(C)=O)cc1C(=O)NCCc1ccc(-c2ccc(F)cc2)c(S(N)(=O)=O)c1,1,evolved_bioisostere,evolved_bioisostere,COc1ccc(Cl)cc1C(=O)NCCc1ccc(-c2ccc(F)cc2)c(S(N)(=O)=O)c1,6 7 8 9,O=C(NCCc1ccc(-c2ccccc2)cc1)c1ccccc1,train,485.53700000000015,3.079600000000001,0.4518530941317493,34,61
evolved_bioisostere_2032,Cc1ccc(NC(=O)NC2CCC(Oc3ccnc(C(=O)N(C)C)c3)CC2)cc1F,1,evolved_bioisostere,evolved_bioisostere,CN(C)C(=O)c1cc(OC2CCC(NC(=O)Nc3ccc(Cl)c(C(F)(F)F)c3)CC2)ccn1,0 29,O=C(Nc1ccccc1)NC1CCC(Oc2ccncc2)CC1,train,414.4810000000002,3.742620000000003,0.7807255278773019,30,50
evolved_bioisostere_628,Oc1cc2c(cc1SCCc1ccccc1)OCC2,0,authentic,authentic,,,c1ccc(CCSc2ccc3c(c2)OCC3)cc1,train,272.369,3.661900000000003,0.861277419054769,19,27
evolved_bioisostere_953,O=C(O)c1cc(S)c(Cl)cc1NCc1ccco1,0,authentic,authentic,,,c1ccc(NCc2ccco2)cc1,train,283.736,3.532000000000001,0.7512914087543278,18,30
evolved_bioisostere_242,COc1ccccc1N1CCN(CCCCNC(=O)C(C)(C)C)CC1,0,authentic,authentic,,,c1ccc(N2CCNCC2)cc1,train,347.5030000000001,2.7597000000000014,0.7705522583561635,25,38
evolved_bioisostere_1367,COc1ccc(C2CNC(=O)C2)cc1OCC(F)(F)F,1,evolved_bioisostere,evolved_bioisostere,COc1ccc(C2CNC(=O)C2)cc1OC,16 17 18 19,O=C1CC(c2ccccc2)CN1,train,289.25299999999993,2.2398,0.9244225446165787,20,33
evolved_bioisostere_1844,CCCc1c(C)n(Cc2ccc(-c3ccccc3-c3nn[nH]n3)cc2)c(=O)n1C(C)C,1,evolved_bioisostere,evolved_bioisostere,CCCCc1c(C(=O)O)n(C(C)C)c(=O)n1Cc1ccc(-c2ccccc2-c2nn[nH]n2)cc1,0 1,O=c1[nH]ccn1Cc1ccc(-c2ccccc2-c2nn[nH]n2)cc1,train,416.5290000000001,4.387020000000002,0.4844883089637392,31,55
evolved_bioisostere_483,CCOc1cc(-c2ccccc2)nc2ccccc12,0,authentic,authentic,,,c1ccc(-c2ccc3ccccc3n2)cc1,train,249.31300000000002,4.300500000000003,0.6900521046895244,19,28
evolved_bioisostere_1418,O=C(O)CCc1ccc(-c2ccccc2)c(F)c1,1,evolved_bioisostere,evolved_bioisostere,O=C(O)Cc1ccc(-c2ccccc2)c(F)c1,0 1 2,c1ccc(-c2ccccc2)cc1,train,244.26500000000001,3.5099000000000027,0.8931346926423777,18,30
evolved_bioisostere_736,COc1cc(C)c2c3c1OC1C[C@H](O)C=CC31CC[N+](C)(CC1C=CC(C(F)(F)F)=CC1)C2,0,authentic,authentic,,,C1=CCC(C[NH+]2CCC34C=CCCC3Oc3cccc(c34)C2)C=C1,train,462.5320000000002,4.738320000000004,0.5211470306583875,33,67
evolved_bioisostere_1338,O=C(NCCO)C(c1ccccc1)c1ccccc1,1,evolved_bioisostere,evolved_bioisostere,CN(C)CCNC(=O)C(c1ccccc1)c1ccccc1,5,c1ccc(Cc2ccccc2)cc1,train,255.31700000000004,1.9269999999999996,0.8573316060833026,19,28
evolved_bioisostere_2055,O=C(NC1CCN(Cc2ccccc2)CC1)c1cc(O)ccc1OC(F)(F)F,1,evolved_bioisostere,evolved_bioisostere,COc1ccc(Cl)cc1C(=O)NC1CCN(Cc2ccccc2)CC1.Cl,19 25 26 27,O=C(NC1CCN(Cc2ccccc2)CC1)c1ccccc1,train,394.3930000000001,3.6852000000000027,0.8122263846126401,28,45
evolved_bioisostere_23,Cc1c(C)c2ccc(OCCCN3CCN(Cc4ccc(Cl)cc4)CC3)cc2[nH]c1=O,0,authentic,authentic,,,O=c1ccc2ccc(OCCCN3CCN(Cc4ccccc4)CC3)cc2[nH]1,val,439.9870000000001,4.385040000000003,0.5546620384246619,31,52
evolved_bioisostere_1173,Cc1cccc(C[C@@H](N)CC(=O)N2CC[C@@H]3[C@@H](CCc4nnc(C(F)(F)F)n43)C2)c1,1,evolved_bioisostere,evolved_bioisostere,N[C@@H](CC(=O)N1CC[C@@H]2[C@@H](CCc3nnc(C(F)(F)F)n32)C1)Cc1cc(F)c(F)cc1F,0,O=C(CCCc1ccccc1)N1CC[C@@H]2[C@@H](CCc3nncn32)C1,train,421.4670000000001,2.9012200000000012,0.823686779558833,30,68
evolved_bioisostere_1718,CCOc1nc(OCC)c(Cl)c(OC(C)=O)c1Cl,1,evolved_bioisostere,evolved_bioisostere,CCOc1nc(C(Cl)(Cl)Cl)c(Cl)c(OC(C)=O)c1Cl,6 7 8,c1ccncc1,train,294.134,3.111100000000002,0.7808837097314827,18,31
evolved_bioisostere_1192,[15N]S(=O)(=O)c1cc2c(cc1Cl)N[13CH]=[15N]S2(=O)=O,1,evolved_bioisostere,evolved_bioisostere,[15NH2]S(=O)(=O)c1cc2c(cc1Cl)N[13CH]=[15N]S2(=O)=O,,O=S1(=O)[15N]=[13CH]Nc2ccccc21,train,296.69157264000006,0.23990000000000022,0.5885465251761615,17,48
evolved_bioisostere_618,O=C(c1ccc(Cl)cc1)C(O)(Cn1cncn1)C1CCCCC1,0,authentic,authentic,,,O=C(c1ccccc1)C(Cn1cncn1)C1CCCCC1,val,333.81900000000024,3.1258000000000017,0.8535088777819279,23,39
evolved_bioisostere_675,Cn1cc(/C=C/C(=O)NO)cc1C(=O)c1ccccc1,0,authentic,authentic,,,O=C(c1ccccc1)c1ccc[nH]1,test,270.288,1.7746999999999997,0.38480724208997064,20,35
evolved_bioisostere_546,CCCCc1nc(N(C)C)c(C(=O)O)n1Cc1ccc(-c2ccccc2-c2nn[nH]n2)cc1,0,authentic,authentic,,,c1ccc(-c2nn[nH]n2)c(-c2ccc(Cn3ccnc3)cc2)c1,train,445.5270000000001,3.8853000000000026,0.4018257377870262,33,57
evolved_bioisostere_1543,Cn1c(=O)n(N)c(=O)c2nc(-c3cccc(O)c3)[nH]c21,1,evolved_bioisostere,evolved_bioisostere,Cn1c(=O)c2nc(-c3cccc(O)c3)[nH]c2n(C)c1=O,5,O=c1[nH]c(=O)c2nc(-c3ccccc3)[nH]c2[nH]1,train,273.252,-0.4902999999999997,0.5167912695946518,20,42
evolved_bioisostere_914,COc1cc2c3c(c1)O[C@H]1C[C@@H](O)C=C[C@@]31CCN(C)C2,0,authentic,authentic,,,C1=C[C@@]23CCNCc4cccc(c42)O[C@H]3CC1,test,287.35900000000004,1.8503,0.800524269010138,21,49
evolved_bioisostere_2161,CCC(CC)OC1C=C(C(=O)O)C[C@H](C)[C@H]1NC(C)=O,1,evolved_bioisostere,evolved_bioisostere,CCC(CC)OC1C=C(C(=O)O)C[C@H](N)[C@H]1NC(C)=O,14,C1=CCCCC1,train,283.368,2.1156999999999995,0.7825928699407003,20,43
evolved_bioisostere_785,C#CCNCC1(CC(=O)O)CCCCC1,0,authentic,authentic,,,C1CCCCC1,train,209.28899999999993,1.6343999999999996,0.5342686979334679,15,23
evolved_bioisostere_534,CCOC(=O)[C@H](CCc1ccccc1)N[C@@H](C)C(=O)N1C[C@@H](C2CCCCC2)C[C@H]1C(=O)O,0,authentic,authentic,,,O=C(CNCCCc1ccccc1)N1CC[C@H](C2CCCCC2)C1,train,458.59900000000044,3.4110000000000023,0.5218588117619549,33,72
evolved_bioisostere_13,CC(C)(COCC(=O)O)CN1CCN(C(c2ccccc2)c2ccc(Cl)cc2)CC1,0,authentic,authentic,,,c1ccc(C(c2ccccc2)N2CCNCC2)cc1,train,430.9760000000001,4.174400000000003,0.6464979370731515,30,50
evolved_bioisostere_2036,OCN1CCN(c2cccc3c2Sc2ccccc2C=N3)CC1,1,evolved_bioisostere,evolved_bioisostere,OCCOCCN1CCN(c2cccc3c2Sc2ccccc2C=N3)CC1,0,C1=Nc2cccc(N3CCNCC3)c2Sc2ccccc21,train,325.4370000000001,2.973600000000001,0.786137690914945,23,34
evolved_bioisostere_662,CC[C@]1(c2cccc(O)c2)OC[C@H]([C@@H]2CCCCN2)O1,0,authentic,authentic,,,c1ccc(C2OC[C@H]([C@@H]3CCCCN3)O2)cc1,train,277.3639999999999,2.5125,0.8910924410801349,20,44
evolved_bioisostere_1734,OCc1ccc(-c2nnc3nc4ccccc4n3c2O)s1,1,evolved_bioisostere,evolved_bioisostere,Cc1ccc(-c2nnc3nc4ccccc4n3c2O)s1,0,c1csc(-c2cn3c(nn2)nc2ccccc23)c1,train,298.327,2.2039000000000004,0.5925281189993056,21,32
evolved_bioisostere_287,CC(C(=O)O)c1ccc(-c2ccccc2)c(F)c1,0,authentic,authentic,,,c1ccc(-c2ccccc2)cc1,train,244.265,3.6808000000000023,0.8937504426107861,18,32
evolved_bioisostere_378,CCc1c(C)[nH]c(/C=C2\C(=O)Nc3ccccc32)c1C,0,authentic,authentic,,,O=C1Nc2ccccc2/C1=C/c1ccc[nH]1,train,266.344,3.6866400000000015,0.8000049730942755,20,39
evolved_bioisostere_195,CC(=O)NS(=O)(=O)c1ccc(NC(=O)c2nc(-c3ccc(S(N)(=O)=O)cc3)cnc2N)cc1,0,authentic,authentic,,,O=C(Nc1ccccc1)c1cncc(-c2ccccc2)n1,train,490.5230000000002,0.4503000000000009,0.3778067058232651,33,64
evolved_bioisostere_1370,CC(=O)c1cnc2c(c1)CCc1cc(Cl)ccc1C2=C1CCN(C(C)=O)CC1,1,evolved_bioisostere,evolved_bioisostere,COc1cnc2c(c1)CCc1cc(Cl)ccc1C2=C1CCN(C(C)=O)CC1,0 1 2,c1ccc2c(c1)CCc1cccnc1C2=C1CCNCC1,train,394.90200000000027,4.480400000000004,0.6698231691199856,28,50
evolved_bioisostere_2009,CCN1CCC(c2c[nH]c3ccccc23)C1,1,evolved_bioisostere,evolved_bioisostere,CN1CCC(c2c[nH]c3ccccc23)C1,0,c1ccc2c(C3CCNC3)c[nH]c2c1,train,214.31199999999998,2.977100000000001,0.8139505723510791,16,27
evolved_bioisostere_177,COP(=O)(O)N1CCC(c2ccc(F)cc2)C(COc2ccc3c(c2)OCO3)C1,0,authentic,authentic,,,c1ccc(C2CCNCC2COc2ccc3c(c2)OCO3)cc1,train,423.3770000000003,3.785700000000003,0.7087478669000626,29,50
evolved_bioisostere_1928,CCOc1ccc2c(c1)c(CCOC(C)=O)c1n2CCc2ccccc2-1,1,evolved_bioisostere,evolved_bioisostere,CCCC(=O)NCCc1c2n(c3ccc(OC)cc13)CCc1ccccc1-2,0 12 13 14 15,c1ccc2c(c1)CCn1c-2cc2ccccc21,train,349.43000000000006,4.368700000000004,0.6423699434489939,26,42
evolved_bioisostere_1930,CCOC(=O)C(COC)NC(=O)c1ccc2nc(N)nc(O)c2c1,1,evolved_bioisostere,evolved_bioisostere,CCOC(=O)CCC(NC(=O)c1ccc2nc(N)nc(O)c2c1)C(=O)OCC,7 8,c1ccc2ncncc2c1,train,334.33200000000005,0.22549999999999937,0.6383327079256756,24,40
evolved_bioisostere_875,COc1ccc(/C=C/c2nc3c(=O)n(C)c(=O)n(C)c3[nH]2)cc1OC,0,authentic,authentic,,,O=c1[nH]c(=O)c2nc(/C=C/c3ccccc3)[nH]c2[nH]1,train,342.3550000000001,1.1479,0.7678632527769049,25,49
evolved_bioisostere_830,O=C(NO)c1ccc(-c2nc(-c3ccc(F)cc3)c(-c3ccncc3)[nH]2)cc1,0,authentic,authentic,,,c1ccc(-c2nc(-c3ccccc3)c(-c3ccncc3)[nH]2)cc1,train,374.375,4.063800000000001,0.37102267264763933,28,53
evolved_bioisostere_1308,CC1CCN(CCC2CCN(CCC3CCCc4ccccc4C3=O)CC2)CC1,1,evolved_bioisostere,evolved_bioisostere,O=C1c2ccccc2CCCC1CCN1CCC(Oc2ccccc2)CC1,0 1 2 3 4 5 6 27 28,O=C1c2ccccc2CCCC1CCN1CCC(Oc2ccccc2)CC1,train,396.6190000000002,5.045900000000005,0.6290492925329417,29,42
evolved_bioisostere_1961,NCCCN1CC[C@H](NS(=O)(=O)c2ccc(-c3ccccn3)s2)C1=O,1,evolved_bioisostere,evolved_bioisostere,O=C1[C@@H](NS(=O)(=O)c2ccc(-c3ccccn3)s2)CCN1CCNc1ccncc1,0 1,O=C1[C@@H](NS(=O)(=O)c2ccc(-c3ccccn3)s2)CCN1CCNc1ccncc1,train,380.49500000000006,1.0381,0.7465392951252658,25,47
evolved_bioisostere_2147,CCCN1c2ccccc2C(N(C(C)=O)c2ccccc2)CC1C,1,evolved_bioisostere,evolved_bioisostere,CCCC(=O)N1c2ccccc2C(N(C(C)=O)c2ccccc2)CC1C,,c1ccc(NC2CCNc3ccccc32)cc1,train,322.45200000000006,4.789400000000004,0.8078038974567697,24,37
evolved_bioisostere_395,CCN(CC)CCNC(=O)c1c(C)[nH]c(/C=C2\C(=O)Nc3ccc(CCN(C)C)cc32)c1C,0,authentic,authentic,,,O=C1Nc2ccccc2/C1=C/c1ccc[nH]1,train,451.6150000000003,3.299940000000002,0.48441454493154745,33,61
evolved_bioisostere_1550,Oc1nc(O)c2ccc(C(F)(F)F)cc2n1,1,evolved_bioisostere,evolved_bioisostere,Nc1nc(O)c2ccc(C(F)(F)F)cc2n1,0,c1ccc2ncncc2c1,train,230.14499999999995,2.0598,0.7264653853805338,16,28
evolved_bioisostere_1381,CCCC(=O)NC(=O)Nc1cccc(Oc2cccc(OC)c2)c1,1,evolved_bioisostere,evolved_bioisostere,CCCC(=O)Nc1cccc(Oc2cccc(OC)c2)c1,0 1 2 3 4 5,c1ccc(Oc2ccccc2)cc1,train,328.36800000000005,3.9357000000000024,0.8419585228033367,24,38
evolved_bioisostere_1162,Cc1ccc(-c2ccc3nc(-c4ccc(O)cc4)cn3c2)cc1,1,evolved_bioisostere,evolved_bioisostere,N=C(N)c1ccc(-c2ccc3nc(-c4ccc(C(=N)N)cc4)cn3c2)cc1,15,c1ccc(-c2ccc3nc(-c4ccccc4)cn3c2)cc1,train,300.361,4.682320000000003,0.5832740579049791,23,39
evolved_bioisostere_604,CCc1nc2c(-c3ccc(Cl)cc3Cl)ccnc2n1C(C)C1CCC1,0,authentic,authentic,,,c1ccc(-c2ccnc3c2ncn3CC2CCC2)cc1,train,374.31500000000017,6.328600000000004,0.534316813191326,25,42
evolved_bioisostere_1619,Cc1ccc2c(c1)N(CCN(C)C)c1ccccc1CC2,1,evolved_bioisostere,evolved_bioisostere,CN(C)CCCN1c2ccccc2CCc2ccc(Cl)cc21,0 10 11 12,c1ccc2c(c1)CCc1ccccc1N2,train,280.4150000000001,3.793320000000003,0.8436786973689826,21,33
evolved_bioisostere_2089,CN(C)CCN1c2ccccc2CCc2ccc(Cl)cc21,1,evolved_bioisostere,evolved_bioisostere,CN(C)CCCN1c2ccccc2CCc2ccc(Cl)cc21,0 1 2,c1ccc2c(c1)CCc1ccccc1N2,train,300.833,4.138300000000004,0.8404437510959248,21,32
evolved_bioisostere_1508,COc1cnc2c(c1)CCc1cc(Cl)ccc1C2=C1CCN(CC(=O)O)CC1,1,evolved_bioisostere,evolved_bioisostere,COc1cnc2c(c1)CCc1cc(Cl)ccc1C2=C1CCN(C(C)=O)CC1,24 25,c1ccc2c(c1)CCc1cccnc1C2=C1CCNCC1,train,398.89000000000027,3.8245000000000022,0.850961348585012,28,47
evolved_bioisostere_28,c1cc(-c2ccc(Cn3cnnc3)cc2)ccc1Cn1cnnc1,0,authentic,authentic,,,c1cc(-c2ccc(Cn3cnnc3)cc2)ccc1Cn1cnnc1,test,316.36800000000005,2.6332000000000004,0.5677022438842676,24,37
evolved_bioisostere_1708,CC(=O)N[C@@H](C)Cc1c2ccoc2cc2ccoc12,1,evolved_bioisostere,evolved_bioisostere,C[C@H](N)Cc1c2ccoc2cc2ccoc12.Cl,0 1 2,c1cc2cc3occc3cc2o1,train,257.289,3.246100000000002,0.7832065748571991,19,35
evolved_bioisostere_1471,COCc1ccc2c(c1)C(=O)N(C)Cc1c(C(=O)OCC3CC3)ncn1-2,1,evolved_bioisostere,evolved_bioisostere,CN1Cc2c(C(=O)OCC3CC3)ncn2-c2ccc(Cl)cc2C1=O,0 1 2,O=C1NCc2c(C(=O)OCC3CC3)ncn2-c2ccccc21,train,355.3940000000001,2.1711,0.7687444675543171,26,47
evolved_bioisostere_526,COc1ccc2c(c1)C(=O)C(CC1CCN(Cc3ccccc3)CC1)C2,0,authentic,authentic,,,O=C1c2ccccc2CC1CC1CCN(Cc2ccccc2)CC1,train,349.4740000000001,4.352500000000004,0.8034988671436779,26,43
evolved_bioisostere_1327,CC(=O)c1nc(C)n2c1c(O)nc1ccccc12,1,evolved_bioisostere,evolved_bioisostere,Cc1nc(C(=O)O)c2c(O)nc3ccccc3n12,0,c1ccc2c(c1)ncc1cncn12,train,241.25000000000003,2.0991199999999997,0.6623304245339898,18,31
evolved_bioisostere_939,COc1ccc2nc(SCC(=O)NCc3ccccc3)[nH]c2c1,0,authentic,authentic,,,O=C(CSc1nc2ccccc2[nH]1)NCc1ccccc1,train,327.409,2.9800000000000004,0.6831477020449059,23,37
evolved_bioisostere_1497,COc1ccc(Cc2ccccc2)cc1C(=O)NC1CCN(Cc2ccccc2)CC1,1,evolved_bioisostere,evolved_bioisostere,COc1ccc(Cl)cc1C(=O)NC1CCN(Cc2ccccc2)CC1.Cl,6 7 8 9 10 11 12,O=C(NC1CCN(Cc2ccccc2)CC1)c1ccccc1,train,414.54900000000026,4.680400000000004,0.610330551474014,31,46
evolved_bioisostere_1924,O=C(O)Cn1c(=O)on(C/C=C(\F)c2cccc(Oc3cc(Cl)cc(Cl)c3)c2)c1=O,1,evolved_bioisostere,evolved_bioisostere,CCCC/C(=C\Cn1oc(=O)n(CC(=O)O)c1=O)c1cccc(Oc2cc(Cl)cc(Cl)c2)c1,12,O=c1[nH]c(=O)n(CC=Cc2cccc(Oc3ccccc3)c2)o1,train,455.2250000000002,3.7973000000000026,0.5816089688507016,30,58
evolved_bioisostere_677,CCC(=C(c1ccccc1)c1ccccc1)c1ccc(OC(C)=O)cc1,0,authentic,authentic,,,C(=C(c1ccccc1)c1ccccc1)c1ccccc1,train,342.4380000000001,5.981000000000005,0.32372412179383897,26,42
evolved_bioisostere_230,COc1ccc2c(c1)c(CCNC(C)=O)c1n2CCCc2ccccc2-1,0,authentic,authentic,,,c1ccc2c(c1)CCCn1c-2cc2ccccc21,train,348.4460000000001,3.9417000000000026,0.7759280375820415,26,42
evolved_bioisostere_1656,CCc1cccc(-c2coc3cc(O)cc(O)c3c2=O)c1,1,evolved_bioisostere,evolved_bioisostere,O=c1c(-c2cccc(Cl)c2)coc2cc(O)cc(O)c12,0 1,O=c1c(-c2ccccc2)coc2ccccc12,train,282.29499999999996,3.433600000000002,0.7550487842885604,21,35
evolved_bioisostere_394,Cl.NS(=O)(=O)c1cc(C(=O)O)c(NCc2ccco2)cc1Cl,0,authentic,authentic,,,c1ccc(NCc2ccco2)cc1,train,367.21000000000004,2.3125,0.7453605674870485,22,42
evolved_bioisostere_558,C=C(c1cccc(Cl)c1OCC(O)CNC(C)C)n1ccnc1,0,authentic,authentic,,,C=C(c1ccccc1)n1ccnc1,test,335.83500000000004,2.7932000000000006,0.7785008146584708,23,37
evolved_bioisostere_958,CC(=O)NCCNC(=O)Cc1c2c(n(Cc3ccccc3F)c1C)CCCC2=O,0,authentic,authentic,,,O=C1CCCc2c1ccn2Cc1ccccc1,val,399.46600000000024,2.29772,0.7013917821632636,29,46
evolved_bioisostere_1969,O=C(NCc1c2n(c3ccccc13)CCc1ccccc1-2)C1CCC1,1,evolved_bioisostere,evolved_bioisostere,O=C(NCCc1c2n(c3ccccc13)CCc1ccccc1-2)C1CCC1,0 1 2 21 22 23 24,O=C(NCCc1c2n(c3ccccc13)CCc1ccccc1-2)C1CCC1,train,330.43100000000015,4.280700000000003,0.7639367035577165,25,41
evolved_bioisostere_1988,CCCc1c(C#N)n(C(=O)CC)c(=O)n1Cc1ccc(-c2ccccc2-c2nn[nH]n2)cc1,1,evolved_bioisostere,evolved_bioisostere,CCCc1c(C(=O)O)n(C(=O)CC)c(=O)n1Cc1ccc(-c2ccccc2-c2nn[nH]n2)cc1,6,O=c1[nH]ccn1Cc1ccc(-c2ccccc2-c2nn[nH]n2)cc1,train,441.49500000000006,3.4195800000000016,0.4688236798714929,33,59
evolved_bioisostere_1011,COc1cccc(N(CCCl)CCCl)c1,0,authentic,authentic,,,c1ccccc1,train,248.15299999999996,2.9792000000000014,0.7174060083932136,15,23
evolved_bioisostere_1877,CS(=O)(=O)c1ccc(-n2ncc(=O)[nH]c2=O)cc1,1,evolved_bioisostere,evolved_bioisostere,O=c1cnn(-c2ccc(S(=O)(=O)Cl)cc2)c(=O)[nH]1,0,O=c1cnn(-c2ccccc2)c(=O)[nH]1,train,267.266,-0.6757000000000002,0.7766659186165963,18,38
evolved_bioisostere_1790,COc1ccc(CCN(C)CCC[C@](C#N)(c2ccc(OC)c(O)c2)C(C)C)cc1C,1,evolved_bioisostere,evolved_bioisostere,COc1ccc([C@@](C#N)(CCCN(C)CCc2ccc(OC)c(OC)c2)C(C)C)cc1O,30,c1ccc(CCCCNCCc2ccccc2)cc1,train,424.58500000000015,5.089900000000005,0.5442055565428054,31,53
evolved_bioisostere_1313,CCCC(=O)Nc1cccc(Oc2cccc(F)c2)c1,1,evolved_bioisostere,evolved_bioisostere,CCCC(=O)Nc1cccc(Oc2cccc(OC)c2)c1,17,c1ccc(Oc2ccccc2)cc1,train,273.30699999999996,4.356600000000003,0.8787418695046442,20,31
evolved_bioisostere_930,OC(CN(Cc1ccccc1F)C1CC1)(Cn1cncn1)c1ccc(F)cc1F,0,authentic,authentic,,,c1ccc(CN(CC(Cn2cncn2)c2ccccc2)C2CC2)cc1,val,402.42,3.2478000000000016,0.628607430903361,29,45
evolved_bioisostere_582,C[NH2+]CCC(Oc1ccc(C(F)(F)F)cc1)c1ccccc1,0,authentic,authentic,,,c1ccc(COc2ccccc2)cc1,train,310.33899999999994,3.408800000000003,0.8691389286871458,22,39
evolved_bioisostere_686,OCc1cc([C@@H](O)CNCCCCCCOCCOCc2ccc(O)cc2)ccc1O,0,authentic,authentic,,,c1ccc(CCNCCCCCCOCCOCc2ccccc2)cc1,test,433.5450000000001,3.006900000000002,0.25881593904123285,31,46
evolved_bioisostere_219,CN(CCO)c1nnc(-c2cccc(Cl)c2Cl)c(N)n1.Cl,0,authentic,authentic,,,c1ccc(-c2cncnn2)cc1,train,350.637,2.2778999999999994,0.8792480832404005,21,38
evolved_bioisostere_1234,CN(C)CCCC12NC(Cc3ccccc31)c1ccccc12,1,evolved_bioisostere,evolved_bioisostere,CCCC12NC(Cc3ccccc31)c1ccccc12,0 1 2,c1ccc2c(c1)CC1NC2c2ccccc21,train,292.42600000000004,3.472400000000002,0.927987001177615,22,34
evolved_bioisostere_2098,Oc1ccc(-c2ccc(/C=C3\CCCN=C3c3cccnc3)cc2)cc1,1,evolved_bioisostere,evolved_bioisostere,CC(C)(C)Oc1ccc(/C=C2\CCCN=C2c2cccnc2)cc1,0 1 2 3 4 24 25,C(=C1/CCCN=C1c1cccnc1)/c1ccccc1,train,340.426,5.120700000000005,0.7190019420707439,26,43
evolved_bioisostere_1811,CCN(CCO)N1CCN(c2cccc3c2Sc2ccccc2C=N3)CC1,1,evolved_bioisostere,evolved_bioisostere,OCCOCCN1CCN(c2cccc3c2Sc2ccccc2C=N3)CC1,0 1 2 3 4 5,C1=Nc2cccc(N3CCNCC3)c2Sc2ccccc21,train,382.5330000000002,3.253000000000002,0.7336918784659089,27,40
evolved_bioisostere_18,CCCOc1ccccc1C(=O)NCCN1CCCC1,0,authentic,authentic,,,O=C(NCCN1CCCC1)c1ccccc1,train,276.38,2.301,0.8306107345685532,20,27
evolved_bioisostere_1717,COc1ccc(C(CCCN2CCC(O)(c3ccccc3)CC2)(OC)C(C)=O)cc1OC,1,evolved_bioisostere,evolved_bioisostere,COc1ccc(C(C#N)(CCCN2CCC(O)(c3ccccc3)CC2)C(C)C)cc1OC,23 24 27,c1ccc(CCCCN2CCC(c3ccccc3)CC2)cc1,train,441.56800000000027,3.8983000000000034,0.6032234874980714,32,51
evolved_bioisostere_592,O=C(O)C1CCCN1C(=O)Cc1ccccc1,0,authentic,authentic,,,O=C(Cc1ccccc1)N1CCCC1,test,233.26700000000002,1.3046999999999995,0.8558153032673685,17,27
evolved_bioisostere_1533,CCOC(=O)CCC[C@H](O)/C=C/c1c(-c2ccc(F)cc2)nc(N(C)S(C)(=O)=O)nc1C(C)C,1,evolved_bioisostere,evolved_bioisostere,CCOC(=O)CC(=O)C[C@H](O)/C=C/c1c(-c2ccc(F)cc2)nc(N(C)S(C)(=O)=O)nc1C(C)C,,c1ccc(-c2ccncn2)cc1,train,493.6010000000002,3.9094000000000033,0.4727253323105364,34,67
evolved_bioisostere_381,C#CCN(Cc1ccccc1F)CC(O)(Cn1cncn1)c1ccc(F)cc1F,0,authentic,authentic,,,c1ccc(CNCC(Cn2cncn2)c2ccccc2)cc1,train,400.404,2.7186000000000012,0.5911162848488559,29,44
evolved_bioisostere_1014,CCCCCC(O)c1cccc(OCc2cccc(CC(=O)OC)c2)c1,0,authentic,authentic,,,c1ccc(COc2ccccc2)cc1,train,356.46200000000016,4.594800000000004,0.4994132219888787,26,39
evolved_bioisostere_1613,N[C@@H](CC(=O)N1CCn2c(CO)nnc2C1)Cc1ccc(Cl)c(Cl)c1,1,evolved_bioisostere,evolved_bioisostere,N[C@@H](CC(=O)N1CCn2c(nnc2C(F)(F)F)C1)Cc1ccc(Cl)c(Cl)c1,11,O=C(CCCc1ccccc1)N1CCn2cnnc2C1,train,384.26700000000005,1.3795,0.8119746010727217,25,49
evolved_bioisostere_813,Cc1cccc(/C=N/Nc2nncc3ccccc23)c1,0,authentic,authentic,,,C(=N\Nc1nncc2ccccc12)/c1ccccc1,val,262.31600000000003,3.384220000000002,0.5811837035605264,20,31
evolved_bioisostere_1712,OC(Cn1cncn1)(Cn1ccnn1)c1ccccc1C(F)(F)F,1,evolved_bioisostere,evolved_bioisostere,OC(Cn1cncn1)(Cn1ccnn1)c1ccc(F)cc1F,20 21 22 23,c1ccc(C(Cn2cncn2)Cn2ccnn2)cc1,train,338.293,1.476399999999999,0.7619326464569395,24,38
evolved_bioisostere_74,O=C(NCCCc1ccccc1)C1CCCCC1,0,authentic,authentic,,,O=C(NCCCc1ccccc1)C1CCCCC1,test,245.36599999999996,3.3157000000000023,0.7921914799013119,18,25
evolved_bioisostere_360,COc1cc(N)c(Cl)cc1C(=O)NCC1CCC2CCCCN2C1,0,authentic,authentic,,,O=C(NCC1CCC2CCCCN2C1)c1ccccc1,test,351.8780000000002,2.9251000000000014,0.8183346248714669,24,38
evolved_bioisostere_855,CN(C)CCCC1(c2ccc(F)cc2)OCc2cc(C(=N)P)ccc21,0,authentic,authentic,,,c1ccc(C2OCc3ccccc32)cc1,train,358.39700000000005,4.141770000000005,0.6222833486926653,25,42
evolved_bioisostere_358,CC(C)(C)C(=O)NCCCCN1CCN(c2ccc(Cl)cc2)CC1,0,authentic,authentic,,,c1ccc(N2CCNCC2)cc1,train,351.922,3.4045000000000023,0.7976926029427066,24,40
evolved_bioisostere_76,C=CCC/C=C(\NC(=O)C1CC1(C)C)C(=O)O,0,authentic,authentic,,,C1CC1,train,237.29899999999995,2.0834,0.4220512095531231,17,33
evolved_bioisostere_2139,NCc1cc(Oc2ccc(NC(=O)c3ccc(C(F)(F)F)cc3)cc2)ccn1,1,evolved_bioisostere,evolved_bioisostere,CNC(=O)c1cc(Oc2ccc(NC(=O)c3ccc(C(F)(F)F)cc3)cc2)ccn1,,O=C(Nc1ccc(Oc2ccncc2)cc1)c1ccccc1,train,387.361,4.603700000000003,0.6706106911096421,28,47
evolved_bioisostere_1512,OCN1CC[C@@H]2Cc3c(O)cccc3C[C@@H]21,1,evolved_bioisostere,evolved_bioisostere,CCCN1CC[C@@H]2Cc3c(O)cccc3C[C@@H]21,0,c1ccc2c(c1)C[C@H]1CCN[C@H]1C2,train,219.284,1.1311,0.7438940640258125,16,34
evolved_bioisostere_2048,CCC1CC(n2cc(F)c(=O)[nH]c2=O)C(O)C1O,1,evolved_bioisostere,evolved_bioisostere,O=c1[nH]c(=O)n(C2CC(CO)C(O)C2O)cc1F,0,O=c1ccn(C2CCCC2)c(=O)[nH]1,train,258.249,-0.6315000000000002,0.6577739773808368,18,35
evolved_bioisostere_475,CC1(C)CCC(C)(C)c2cc(-c3cccc4cc(C(=O)O)ccc34)ccc21,0,authentic,authentic,,,c1ccc2c(-c3ccc4c(c3)CCCC4)cccc2c1,val,358.4810000000001,6.554000000000006,0.5634782718709475,27,49
evolved_bioisostere_1175,CC1(C)[C@H](O)N2C(=O)[C@@H](Cc3cn(-c4ccccc4)nn3)[C@H]2S1(=O)=O,1,evolved_bioisostere,evolved_bioisostere,CC1(C)[C@H](C(=O)O)N2C(=O)[C@@H](Cc3cn(-c4ccccc4)nn3)[C@H]2S1(=O)=O,4,O=C1[C@@H](Cc2cn(-c3ccccc3)nn2)[C@@H]2N1CCS2(=O)=O,train,362.41100000000006,0.1196999999999997,0.7777283821464417,25,62
evolved_bioisostere_1335,COc1cc2nc(N3CCC(OC)CC3)nc(N)c2cc1OC,1,evolved_bioisostere,evolved_bioisostere,COc1cc2nc(N3CCC(C(=O)NCCO)CC3)nc(N)c2cc1OC,11 12,c1ccc2nc(N3CCCCC3)ncc2c1,train,318.37700000000007,1.8444,0.9206715909889062,23,35
evolved_bioisostere_183,COc1ccc(-c2ccc(CCNC(=O)c3cc(Cl)ccc3OC)cc2S(N)(=O)=O)cc1,0,authentic,authentic,,,O=C(NCCc1ccc(-c2ccccc2)cc1)c1ccccc1,train,474.9660000000002,3.6441000000000017,0.5178246262786592,32,55
evolved_bioisostere_1574,N#Cc1ccc(C2C(CCC(C(=O)O)c3ccc(F)cc3)C(=O)N2c2ccc(F)cc2)cc1,1,evolved_bioisostere,evolved_bioisostere,N#Cc1ccc(C2C(CCC(O)c3ccc(F)cc3)C(=O)N2c2ccc(F)cc2)cc1,11 12 13,O=C1C(CCCc2ccccc2)C(c2ccccc2)N1c1ccccc1,train,446.4530000000001,5.189180000000004,0.506699000315244,33,58
evolved_bioisostere_121,CCCc1cc(Cl)c2oc(Cc3ccc(OC)cc3OC)c(C)c2c1O,0,authentic,authentic,,,c1ccc(Cc2cc3ccccc3o2)cc1,val,374.86400000000015,5.660720000000005,0.6043346557721015,26,41
evolved_bioisostere_1322,COc1cc(Cl)cc(-c2[nH]cnc2-c2cc(Cl)cc(Cl)c2)c1,1,evolved_bioisostere,evolved_bioisostere,Clc1cc(Cl)cc(-c2nc[nH]c2-c2cc(Cl)cc(Cl)c2)c1,0 1,c1ccc(-c2nc[nH]c2-c2ccccc2)cc1,train,353.6360000000001,5.712500000000002,0.6543517935575432,22,44
evolved_bioisostere_584,O=C(O)C(=O)/C=C(\O)c1ccc(C2CCCCC2)cc1,0,authentic,authentic,,,c1ccc(C2CCCCC2)cc1,train,274.3159999999999,3.286900000000002,0.5016729888343895,20,37
evolved_bioisostere_657,O[C@]1(c2ccccc2)CN2CCC[C@H]2c2ccccc21,0,authentic,authentic,,,c1ccc(C2CN3CCC[C@H]3c3ccccc32)cc1,train,265.35599999999994,3.0730000000000013,0.8562814539937718,20,37
evolved_bioisostere_2060,O=C(O)CN[C@H]1CC1c1ccc(OCc2ccccc2)cc1,1,evolved_bioisostere,evolved_bioisostere,c1ccc(COc2ccc(C3C[C@@H]3NCc3ccccn3)cc2)cc1,0 1 2,c1ccc(COc2ccc(C3C[C@@H]3NCc3ccccn3)cc2)cc1,train,297.354,2.795700000000001,0.824829585460938,22,37
evolved_bioisostere_1548,CCCC/C(=C\Cn1oc(=O)n(CC(N)=O)c1=O)c1cccc(Oc2cc(Cl)cc(Cl)c2)c1,1,evolved_bioisostere,evolved_bioisostere,CCCC/C(=C\Cn1oc(=O)n(CC(=O)O)c1=O)c1cccc(Oc2cc(Cl)cc(Cl)c2)c1,14,O=c1[nH]c(=O)n(CC=Cc2cccc(Oc3ccccc3)c2)o1,train,492.35900000000015,4.461200000000003,0.4495492638399423,33,61
evolved_bioisostere_408,O=C(Nc1ccc(F)cc1)[C@H](CC[C@H](O)c1ccc(F)cc1)Cc1ccc(O)cc1,0,authentic,authentic,,,O=C(Nc1ccccc1)[C@H](CCCc1ccccc1)Cc1ccccc1,train,411.4480000000001,4.981600000000006,0.4895766343128904,30,57
evolved_bioisostere_1332,CCOc1cc2c(cc1O)CCO2,1,evolved_bioisostere,evolved_bioisostere,Oc1cc2c(cc1OCCCOc1ccccc1)OCC2,,c1ccc(OCCCOc2ccc3c(c2)OCC3)cc1,val,180.20299999999995,1.7258,0.7527716313962532,13,19
evolved_bioisostere_977,CCCc1ccc(OCCNS(=O)(=O)N2CCC(OC)CC2)cc1,0,authentic,authentic,,,O=S(=O)(NCCOc1ccccc1)N1CCCCC1,train,356.48800000000017,1.9630999999999996,0.6870259846576117,24,38
evolved_bioisostere_974,O=C(c1ccc(Br)cc1)c1ccc2n1CCC2C(=O)O,0,authentic,authentic,,,O=C(c1ccccc1)c1ccc2n1CCC2,train,334.16900000000015,3.0535000000000005,0.8779562091523466,20,35
evolved_bioisostere_1337,CCCNc1ccc2c(c1)CC(C)(N)CC2,1,evolved_bioisostere,evolved_bioisostere,CCCNc1ccc2c(c1)CC(N)(C(=O)O)CC2,,c1ccc2c(c1)CCCC2,train,218.34399999999994,2.714600000000001,0.8183500204166433,16,26
evolved_bioisostere_833,CC(C)C1(C2=NCCN2)COc2ccccc2O1,0,authentic,authentic,,,c1ccc2c(c1)OCC(C1=NCCN1)O2,train,246.31,1.8542999999999998,0.8657338032725294,18,29
evolved_bioisostere_2097,O=C1[C@@H](NS(=O)(=O)c2ccc(-c3ccccn3)s2)CCN1CNc1ccncc1,1,evolved_bioisostere,evolved_bioisostere,O=C1[C@@H](NS(=O)(=O)c2ccc(-c3ccccn3)s2)CCN1CCNc1ccncc1,22 23 24 25 26 27 28,O=C1[C@@H](NS(=O)(=O)c2ccc(-c3ccccn3)s2)CCN1CCNc1ccncc1,train,429.5270000000002,2.1538999999999993,0.5964289463467018,29,54
evolved_bioisostere_1127,COC(F)(F)c1cc2c(s1)Cc1ccccc1N=C2N1CCN(CCN)C(CCc2ccccc2)C1,1,evolved_bioisostere,evolved_bioisostere,Cc1cc2c(s1)Cc1ccccc1N=C2N1CCN(CCOCCO)C(CCc2ccccc2)C1.Cl,0 1 3 4 25,c1ccc(CCC2CN(C3=Nc4ccccc4Cc4sccc43)CCN2)cc1,train,510.6540000000004,5.004000000000005,0.4859447235527404,36,57
evolved_bioisostere_10,NCCCCCCCNc1c2c(nc3cc(Cl)ccc13)CCCC2,0,authentic,authentic,,,c1ccc2nc3c(cc2c1)CCCC3,train,345.9180000000002,5.088100000000004,0.6551243008329488,24,35
evolved_bioisostere_1763,CC(C(=O)O)c1ccc2cc(CO)ccc2c1,1,evolved_bioisostere,evolved_bioisostere,CCc1ccc2cc(C(C)C(=O)O)ccc2c1,12,c1ccc2ccccc2c1,train,230.26299999999998,2.520200000000001,0.8513758745025066,17,28
evolved_bioisostere_1578,CNCC1CCN(c2c(C)cc3c(=O)c(C(=O)O)cn(C4(C)CC4)c3c2F)C1,1,evolved_bioisostere,evolved_bioisostere,CCNCC1CCN(c2c(F)cc3c(=O)c(C(=O)O)cn(C4(C)CC4)c3c2F)C1,9,O=c1ccn(C2CC2)c2cc(N3CCCC3)ccc12,train,387.4550000000002,2.701920000000001,0.8252203612863257,28,52
evolved_bioisostere_1395,COc1cccc(Nc2ncnc3cc(OC)c(OC)cc23)c1,1,evolved_bioisostere,evolved_bioisostere,C#Cc1cccc(Nc2ncnc3cc(OC)c(OC)cc23)c1,0 1,c1ccc(Nc2ncnc3ccccc23)cc1,train,311.34100000000007,3.3992000000000013,0.7788137840520667,23,35
evolved_bioisostere_1749,CNC(=O)c1cc(OC2CCC(NC(=O)Nc3ccc(C)cc3)CC2)ccn1,1,evolved_bioisostere,evolved_bioisostere,CNC(=O)c1cc(OC2CCC(NC(=O)Nc3ccc(OC(F)(F)F)cc3)CC2)ccn1,20,O=C(Nc1ccccc1)NC1CCC(Oc2ccncc2)CC1,train,382.4640000000001,3.2613200000000013,0.7400240262709188,28,46
evolved_bioisostere_967,NS(=O)(=O)c1cc(C(=O)OCC(Cl)(Cl)Cl)c(NCc2ccco2)cc1Cl,0,authentic,authentic,,,c1ccc(NCc2ccco2)cc1,train,462.13800000000015,3.719500000000002,0.500349277066629,26,51
evolved_bioisostere_1469,N[C@@H](CC(=O)N1CC[C@@H]2[C@@H](CCc3nnc(C(F)(F)F)n32)C1)Cc1cccc(F)c1,1,evolved_bioisostere,evolved_bioisostere,N[C@@H](CC(=O)N1CC[C@@H]2[C@@H](CCc3nnc(C(F)(F)F)n32)C1)Cc1cc(F)c(F)cc1F,,O=C(CCCc1ccccc1)N1CC[C@@H]2[C@@H](CCc3nncn32)C1,train,425.4300000000001,2.7319000000000004,0.7646489794552683,30,68
evolved_bioisostere_676,CC(C)(CC(=O)O)c1nc2ccccc2n1Cc1ccc(Cl)cc1,0,authentic,authentic,,,c1ccc(Cn2cnc3ccccc32)cc1,train,342.826,4.490300000000003,0.7428180189834411,24,40
evolved_bioisostere_846,CC(C)(CCc1ccccc1)NCC(O)c1ccc(O)cc1,0,authentic,authentic,,,c1ccc(CCCNCCc2ccccc2)cc1,train,299.41400000000004,3.4266000000000014,0.7339831385936317,22,34
evolved_bioisostere_205,COc1c(C(C)(C)C)cc(-c2nnc(SC)s2)cc1C(C)(C)C,0,authentic,authentic,,,c1ccc(-c2nncs2)cc1,train,350.5530000000001,5.530600000000005,0.6817023441058245,23,42
evolved_bioisostere_2131,O=C(O)Cc1ccc2c(c1)C(O)Cc1ccccc1O2,1,evolved_bioisostere,evolved_bioisostere,CC(C(=O)O)c1ccc2c(c1)C(O)Cc1ccccc1O2,,c1ccc2c(c1)CCc1ccccc1O2,train,270.284,2.695500000000001,0.880103018668494,20,33
evolved_bioisostere_476,c1ccc(CN2CCc3ccccc3C2Cn2cncn2)cc1,0,authentic,authentic,,,c1ccc(CN2CCc3ccccc3C2Cn2cncn2)cc1,test,304.39700000000005,3.077700000000002,0.7426166752157742,23,33
evolved_bioisostere_1306,Fc1ccc(C(F)(Cn2cncn2)Cn2ccnn2)c(F)c1,1,evolved_bioisostere,evolved_bioisostere,OC(Cn1cncn1)(Cn1ccnn1)c1ccc(F)cc1F,6,c1ccc(C(Cn2cncn2)Cn2ccnn2)cc1,train,308.26700000000005,1.7129999999999999,0.7197636869636325,22,36
evolved_bioisostere_462,CCN(CC)C(=O)c1ccc(C(c2ccccc2)N(CC)CCN(C)C)cc1,0,authentic,authentic,,,c1ccc(Cc2ccccc2)cc1,train,381.56400000000025,4.141500000000004,0.6187480977834531,28,45
evolved_bioisostere_1087,Oc1cc2cncnc2cc1OCCc1ccc2ccccc2n1,1,evolved_bioisostere,evolved_bioisostere,COc1cc2cncnc2cc1OCCc1ccc2ccccc2n1,,c1ccc2nc(CCOc3ccc4cncnc4c3)ccc2c1,train,317.348,3.5051000000000023,0.6236655450902112,24,32
evolved_bioisostere_1371,COc1cc(C2(C[C@@H](C)CN(C)CCc3ccccc3)SCCCS2)ccc1CO,1,evolved_bioisostere,evolved_bioisostere,COc1ccc(CCN(C)C[C@H](C)CC2(c3ccc(OC)c(OC)c3)SCCCS2)cc1OC,28 29,c1ccc(CCNCCCC2(c3ccccc3)SCCCS2)cc1,train,445.6940000000002,5.4111000000000065,0.5285423559446897,30,49
evolved_bioisostere_2003,Oc1cc(C2CCCCC2)nc2ccccc12,1,evolved_bioisostere,evolved_bioisostere,Cc1cc(C2CCCCC2)nc2ccccc12,0,c1ccc2nc(C3CCCCC3)ccc2c1,train,227.30700000000002,3.988100000000003,0.7987075494569458,17,25
evolved_bioisostere_1867,CC(=O)NCCN1C(=O)[C@H](OC(C)=O)[C@H](c2cccc(F)c2)Sc2cc(Cc3ccc(F)cc3)ccc21,1,evolved_bioisostere,evolved_bioisostere,COc1ccc([C@@H]2Sc3cc(Cc4ccc(F)cc4)ccc3N(CCN(C)C)C(=O)[C@@H]2OC(C)=O)cc1,0 2 20,O=C1C[C@H](c2ccccc2)Sc2cc(Cc3ccccc3)ccc2N1,train,524.5890000000002,4.803400000000004,0.4495469816266567,37,72
evolved_bioisostere_490,C[N+]1(C)[C@@H]2CC(OC(=O)C(c3cccs3)c3cccs3)C[C@H]1[C@@H]1O[C@H]12,0,authentic,authentic,,,O=C(OC1C[C@@H]2[NH2+][C@H](C1)[C@@H]1O[C@H]12)C(c1cccs1)c1cccs1,val,376.5230000000001,3.2417000000000016,0.46712953498657833,25,65
evolved_bioisostere_1201,CCCN(CCO)CCc1cccc(OC)c1OCCO,1,evolved_bioisostere,evolved_bioisostere,CCCN(CCC)CCc1cccc(OC)c1OCCCc1ccccc1.O=C(O)C(=O)O,6 20,c1ccc(CCCOc2ccccc2)cc1,train,297.39500000000004,1.3131,0.644752896146028,21,27
evolved_bioisostere_2054,COc1c(-c2cc(C)nc(C)c2)c(F)cc2c(=O)c(Cc3c[nH]cn3)cn(C3CC3)c12,1,evolved_bioisostere,evolved_bioisostere,Cc1cc(-c2c(F)cc3c(=O)c(Cc4c[nH]cn4)cn(C4CC4)c3c2F)cc(C)n1,0 1,O=c1c(Cc2c[nH]cn2)cn(C2CC2)c2cc(-c3ccncc3)ccc12,train,418.47200000000015,4.476840000000003,0.5187969971025667,31,60
evolved_bioisostere_2038,NCC(=O)c1cc(Oc2ccc(NC(=O)c3ccc(C(F)(F)F)cc3)cc2)ccn1,1,evolved_bioisostere,evolved_bioisostere,CNC(=O)c1cc(Oc2ccc(NC(=O)c3ccc(C(F)(F)F)cc3)cc2)ccn1,0 1,O=C(Nc1ccc(Oc2ccncc2)cc1)c1ccccc1,train,415.37100000000004,4.286400000000002,0.5861193875823615,30,52
evolved_bioisostere_223,COc1ccc2c(CC(=O)O)nn(Cc3nc4ccccc4s3)c(=O)c2c1,0,authentic,authentic,,,O=c1c2ccccc2cnn1Cc1nc2ccccc2s1,test,381.4130000000001,2.690200000000001,0.5711712973984094,27,45
evolved_bioisostere_281,CC(CC(=O)NC1CCCC1)c1ccccc1,0,authentic,authentic,,,O=C(CCc1ccccc1)NC1CCCC1,val,231.339,3.2390000000000017,0.8464922835387024,17,26
evolved_bioisostere_556,NS(=O)(=O)c1cc2c(cc1Cl)NCN(CCCCCCO)S2,0,authentic,authentic,,,c1ccc2c(c1)NCNS2,train,365.9080000000002,2.232200000000001,0.5062583112639201,22,37
evolved_bioisostere_1425,Cc1ccc(Oc2ccc(F)c(-c3ccc(CC4CC4O)cc3)c2)cn1,1,evolved_bioisostere,evolved_bioisostere,Cc1ccc(Oc2ccc(F)c(-c3ccc(OCC4CC4C(=O)O)cc3)c2)cn1,16 17 18 19 20,c1cncc(Oc2cccc(-c3ccc(OCC4CC4)cc3)c2)c1,train,349.405,4.911720000000005,0.711412724014326,26,43
evolved_bioisostere_1151,CCOCC(C)(OC)C(C)(C)N1CCN(C2=Nc3ccccc3Sc3ccccc32)CC1,1,evolved_bioisostere,evolved_bioisostere,CC(C)(O)C(C)(C)OC(C)(C)C(C)(C)N1CCN(C2=Nc3ccccc3Sc3ccccc32)CC1,0 1 2,c1ccc2c(c1)N=C(N1CCNCC1)c1ccccc1S2,train,453.65200000000016,5.067300000000006,0.610616755494289,32,51
evolved_bioisostere_2152,CCOC(=O)OCCc1c2n(c3ccc(OC)cc13)CCc1ccccc1-2,1,evolved_bioisostere,evolved_bioisostere,CCCC(=O)NCCc1c2n(c3ccc(OC)cc13)CCc1ccccc1-2,0 1 2 3 4 5,c1ccc2c(c1)CCn1c-2cc2ccccc21,train,365.42900000000014,4.588600000000004,0.6207395860310436,27,43
evolved_bioisostere_1103,COc1ccnc(COc2ccc(C)nc2-c2ccc(O)cc2)c1,1,evolved_bioisostere,evolved_bioisostere,COc1ccc(-c2nc(C)ccc2OCc2cc(C)ccn2)cc1,0 1,c1ccc(-c2ncccc2OCc2ccccn2)cc1,train,322.36400000000003,3.7452200000000024,0.7748926620722645,24,37
evolved_bioisostere_1695,CC(=O)OCc1ccc(/C=C2\CCCN=C2c2cccnc2)cc1,1,evolved_bioisostere,evolved_bioisostere,CC(C)(C)Oc1ccc(/C=C2\CCCN=C2c2cccnc2)cc1,0 1 2 3 4,C(=C1/CCCN=C1c1cccnc1)/c1ccccc1,train,320.392,3.811200000000002,0.8049493451529594,24,39
evolved_bioisostere_413,O=C(O)COCCOCN1CCN(C(c2ccccc2)C2C=CC(Cl)=CC2)CC1,0,authentic,authentic,,,C1=CCC(C(c2ccccc2)N2CCNCC2)C=C1,test,420.9370000000001,3.1194000000000024,0.5866607700886469,29,47
evolved_bioisostere_438,Fc1ccc(C2CCN(CCCCc3noc4ccccc34)CC2)cc1,0,authentic,authentic,,,c1ccc(C2CCN(CCCCc3noc4ccccc34)CC2)cc1,val,352.4530000000001,5.1692000000000045,0.5732694257953032,26,38
evolved_bioisostere_981,COc1ccc(SC)c2c1CC(N)CC2,0,authentic,authentic,,,c1ccc2c(c1)CCCC2,train,223.34099999999995,2.2331000000000003,0.7809235342056254,15,23
evolved_bioisostere_1530,CCCCC(O)(C(=O)OC1CN2CCC1CC2)c1ccccc1O,1,evolved_bioisostere,evolved_bioisostere,CCCCC(O)(C(=O)OC1CN2CCC1CC2)c1ccccc1,23,O=C(Cc1ccccc1)OC1CN2CCC1CC2,train,333.42799999999994,2.4074000000000004,0.7825065892143688,24,37
evolved_bioisostere_2112,Cc1cc(-c2ccc(O)cc2)cn2cc(-c3ccc(O)cc3)nc12,1,evolved_bioisostere,evolved_bioisostere,Cc1cc(-c2ccc(C(=N)N)cc2)cn2cc(-c3ccc(C(=N)N)cc3)nc12,8 19,c1ccc(-c2ccc3nc(-c4ccccc4)cn3c2)cc1,train,316.36,4.387920000000003,0.5765092128607785,24,42
evolved_bioisostere_1343,O=c1[nH]c(=O)n(C2CC(CCO)C(O)C2O)cc1F,1,evolved_bioisostere,evolved_bioisostere,O=c1[nH]c(=O)n(C2CC(CO)C(O)C2O)cc1F,10 11,O=c1ccn(C2CCCC2)c(=O)[nH]1,train,274.248,-1.6590999999999996,0.5263890928028391,19,36
evolved_bioisostere_905,CCCc1nc(C(=O)O)c(C(=O)O)n1Cc1ccc(-c2ccccc2)c(-c2nn[nH]n2)c1,0,authentic,authentic,,,c1ccc(-c2ccc(Cn3ccnc3)cc2-c2nn[nH]n2)cc1,test,432.4400000000001,3.1274000000000015,0.3846936715355649,32,59
evolved_bioisostere_709,FC(F)(F)c1cccc(CN2CCN(C3=Nc4cc(Cl)ccc4Nc4ccccc43)CC2)c1,0,authentic,authentic,,,c1ccc(CN2CCN(C3=Nc4ccccc4Nc4ccccc43)CC2)cc1,test,470.9260000000001,6.311900000000004,0.47572098301638843,33,55
evolved_bioisostere_161,CC(=O)NC(Cc1ccccc1)C(=O)N1CCCC1C(=O)O,0,authentic,authentic,,,O=C(CCc1ccccc1)N1CCCC1,train,304.346,0.8093999999999997,0.8425495075946826,22,37
evolved_bioisostere_1462,CCCc1nc(C)c(F)n1Cc1ccc(-c2ccccc2-c2nn[nH]n2)cc1,1,evolved_bioisostere,evolved_bioisostere,CCCc1nc(C)c(C(=O)O)n1Cc1ccc(-c2ccccc2-c2nn[nH]n2)cc1,8,c1ccc(-c2nn[nH]n2)c(-c2ccc(Cn3ccnc3)cc2)c1,train,376.439,4.1785200000000025,0.5479179841937682,28,47
evolved_bioisostere_1794,CC(=O)c1cc2ccccn2/c(=N/c2ccc(Cl)cc2)n1,1,evolved_bioisostere,evolved_bioisostere,CCOC(=O)c1cc2ccccn2/c(=N/c2ccc(Cl)cc2)n1,0,c1ccc(/N=c2\nccc3ccccn23)cc1,train,297.745,3.4227000000000025,0.680429875966961,21,38
evolved_bioisostere_86,COc1c2occc2c(CN(C)C)c2ccc(=O)oc12.Cl,0,authentic,authentic,,,O=c1ccc2cc3ccoc3cc2o1,train,309.74899999999997,3.0312000000000023,0.696064418250896,21,36
evolved_bioisostere_2042,COc1ccc(-c2nnc3nc4ccccc4n3c2O)s1,1,evolved_bioisostere,evolved_bioisostere,Cc1ccc(-c2nnc3nc4ccccc4n3c2O)s1,0 1,c1csc(-c2cn3c(nn2)nc2ccccc23)c1,train,298.327,2.7202000000000015,0.6157658821279645,21,32
evolved_bioisostere_299,CC(C)NC(=O)c1ccc(S(N)(=O)=O)cc1.COc1ccccc1C(C)=O,0,authentic,authentic,,,c1ccccc1.c1ccccc1,test,392.47700000000015,2.37,0.7580563950108169,27,48
evolved_bioisostere_1647,CNS(=O)(=O)c1cc2c(N=O)c(C)[nH]c2c2c1CCCC2,1,evolved_bioisostere,evolved_bioisostere,CNS(=O)(=O)c1cc2c(N=O)c(O)[nH]c2c2c1CCCC2,12,c1cc2ccc3c(c2[nH]1)CCCC3,train,307.3750000000001,2.6611200000000013,0.8539021530453623,21,41
evolved_bioisostere_1583,CNc1nnc(-c2ccccc2)c2ccccc12,1,evolved_bioisostere,evolved_bioisostere,NNc1nnc(-c2ccccc2)c2ccccc12,0,c1ccc(-c2nncc3ccccc23)cc1,val,235.29000000000002,3.3385000000000016,0.7399047886667925,18,27
evolved_bioisostere_706,C#CCN(Cc1ccccc1C)CC(O)(Cn1cncn1)c1ccc(F)cc1F,0,authentic,authentic,,,c1ccc(CNCC(Cn2cncn2)c2ccccc2)cc1,train,396.44100000000003,2.887920000000001,0.5952023230444956,29,44
evolved_bioisostere_1676,O=C1[C@@H](NS(=O)(=O)c2ccc(-c3ccccn3)s2)CCN1Nc1ccncc1,1,evolved_bioisostere,evolved_bioisostere,O=C1[C@@H](NS(=O)(=O)c2ccc(-c3ccccn3)s2)CCN1CCNc1ccncc1,21 22 23 24 25 26 27,O=C1[C@@H](NS(=O)(=O)c2ccc(-c3ccccn3)s2)CCN1CCNc1ccncc1,train,415.50000000000017,2.1113999999999997,0.6390218817747487,28,53
evolved_bioisostere_808,CN(C)CCCC1(c2ccccc2)OCc2ccccc21.Cl,0,authentic,authentic,,,c1ccc(C2OCc3ccccc32)cc1,train,317.85999999999996,4.224000000000005,0.8182072260471216,22,34
evolved_bioisostere_777,N#Cc1c(CCCOCc2ccccc2)cc2c(c1-c1ccc(F)cc1)COC2,0,authentic,authentic,,,c1ccc(COCCCc2cc3c(c(-c4ccccc4)c2)COC3)cc1,val,387.4540000000002,5.543980000000006,0.49969742014443835,29,45
evolved_bioisostere_1112,OC(Cn1ccnn1)(c1ccc(F)cc1F)n1cncn1,1,evolved_bioisostere,evolved_bioisostere,OC(Cn1cncn1)(Cn1ccnn1)c1ccc(F)cc1F,16 17 18 19 20,c1ccc(C(Cn2cncn2)Cn2ccnn2)cc1,train,292.24899999999997,0.5413999999999999,0.7587887442059323,21,33
evolved_bioisostere_1385,CCc1c(O)n(C(C)C)c(=O)n1Cc1ccc(-c2ccccc2-c2nn[nH]n2)cc1,1,evolved_bioisostere,evolved_bioisostere,CCCCc1c(C(=O)O)n(C(C)C)c(=O)n1Cc1ccc(-c2ccccc2-c2nn[nH]n2)cc1,4,O=c1[nH]ccn1Cc1ccc(-c2ccccc2-c2nn[nH]n2)cc1,train,404.47400000000005,3.3941000000000017,0.512852915348161,30,54
evolved_bioisostere_1174,Oc1ccc(N2CCN(Cc3cnn4ccccc34)CC2)cc1,1,evolved_bioisostere,evolved_bioisostere,Clc1ccc(N2CCN(Cc3cnn4ccccc34)CC2)cc1,0,c1ccc(N2CCN(Cc3cnn4ccccc34)CC2)cc1,train,308.3850000000001,2.3621,0.8065807705571105,23,35
evolved_bioisostere_249,CN1CC=C(c2cn(-c3ccc(F)cc3)c3ccc(Cl)cc23)CC1,0,authentic,authentic,,,C1=C(c2cn(-c3ccccc3)c3ccccc23)CCNC1,test,340.8290000000001,5.141900000000003,0.6266104718534793,24,43
evolved_bioisostere_589,COc1cc2c(c(OC)c1OC(=O)/C=C/Cl)-c1ccc(SC)c(=O)cc1[C@@H](NC(C)=O)CC2,0,authentic,authentic,,,O=c1cccc2c(c1)CCCc1ccccc1-2,train,489.97700000000026,4.234200000000003,0.280741991561632,33,66
evolved_bioisostere_560,C#Cc1ncn([C@@H]2O[C@H](CO)C(O)C2O)n1,0,authentic,authentic,,,c1ncn([C@H]2CCCO2)n1,train,225.204,-2.1291,0.4970408551769433,16,36
evolved_bioisostere_1882,CCOc1cc(C(C)(CCCN2CCC(O)(c3ccccc3)CC2)OC)ccc1OC,1,evolved_bioisostere,evolved_bioisostere,COc1ccc(C(C#N)(CCCN2CCC(O)(c3ccccc3)CC2)C(C)C)cc1OC,0 24 25,c1ccc(CCCCN2CCC(c3ccccc3)CC2)cc1,train,427.58500000000015,4.719300000000005,0.5946144536048543,31,47
evolved_bioisostere_1628,O=C(O)Cn1c(=O)on(C/C=C(\Cl)c2cccc(Oc3cc(Cl)cc(Cl)c3)c2)c1=O,1,evolved_bioisostere,evolved_bioisostere,CCCC/C(=C\Cn1oc(=O)n(CC(=O)O)c1=O)c1cccc(Oc2cc(Cl)cc(Cl)c2)c1,12,O=c1[nH]c(=O)n(CC=Cc2cccc(Oc3ccccc3)c2)o1,train,471.68000000000023,4.066600000000003,0.5570628327041317,30,59
evolved_bioisostere_1147,Cc1nc(O)c2cc(S(=O)(=O)c3ccc(Cl)c(Cl)c3)ccc2n1,1,evolved_bioisostere,evolved_bioisostere,Nc1nc(O)c2cc(S(=O)(=O)c3ccc(Cl)c(Cl)c3)ccc2n1,0,O=S(=O)(c1ccccc1)c1ccc2ncncc2c1,train,369.22900000000004,3.7834200000000013,0.7436237326193879,23,45
evolved_bioisostere_714,NCc1cccc(C2C(CCC(O)c3ccc(F)cc3)C(=O)N2c2ccc(F)cc2)c1,0,authentic,authentic,,,O=C1C(CCCc2ccccc2)C(c2ccccc2)N1c1ccccc1,train,422.4750000000001,4.6414000000000035,0.5453026143518915,31,52
evolved_bioisostere_982,CCOC(=O)[C@H](CCc1ccccc1)N[C@@H](C)C(=O)N1C[C@@H](C2OCCCO2)C[C@@H]1C(=O)O,0,authentic,authentic,,,O=C(CNCCCc1ccccc1)N1CC[C@H](C2OCCCO2)C1,train,462.5430000000004,1.5937000000000006,0.5041350163732218,33,73
evolved_bioisostere_649,Cc1c(F)c(N2CCNC(C)C2)c(F)c2c1c(=O)c(C(=O)O)cn2C1CC1,0,authentic,authentic,,,O=c1ccn(C2CC2)c2cc(N3CCNCC3)ccc12,train,377.39100000000013,2.41932,0.8594259294101226,27,51
evolved_bioisostere_1001,CN(C)CCC[C@]1(c2ccc(Cl)cc2)OCc2cc(C#N)ccc21,0,authentic,authentic,,,c1ccc(C2OCc3ccccc32)cc1,train,340.85400000000004,4.327280000000004,0.8125283120514686,24,43
evolved_bioisostere_1806,O=C(CCc1ccccn1)CNCc1ccc(OCc2ccccc2)cc1,1,evolved_bioisostere,evolved_bioisostere,c1ccc(COc2ccc(CNCCc3ccccn3)cc2)cc1,0 2 3 4 5 6 7 8 9,c1ccc(COc2ccc(CNCCc3ccccn3)cc2)cc1,train,360.457,3.9521000000000033,0.594693990254995,27,38
evolved_bioisostere_1413,COc1cc2nc(C)nc(N[C@H](C)c3cc(C)cc(F)c3)c2cc1OC,1,evolved_bioisostere,evolved_bioisostere,COc1cc2nc(C)nc(N[C@H](C)c3cc(N)cc(C(F)(F)F)c3)c2cc1OC,19,c1ccc(CNc2ncnc3ccccc23)cc1,train,355.4130000000001,4.576040000000004,0.7261122317609665,26,46
evolved_bioisostere_1897,Cc1cc2c(s1)Nc1cc(F)ccc1N=C2N1CCN(CC(N)=O)[C@@H](C)C1,1,evolved_bioisostere,evolved_bioisostere,CSCC[C@H]1CN(C2=Nc3ccc(F)cc3Nc3sc(C)cc32)CCN1C,21 22 23,c1ccc2c(c1)N=C(N1CCNCC1)c1ccsc1N2,train,387.48400000000026,2.822320000000002,0.8310787783933341,27,52
evolved_bioisostere_1443,Oc1ccc2c(c1)CCC(c1cccnc1)=C2,1,evolved_bioisostere,evolved_bioisostere,COc1ccc2c(c1)CCC(c1cccnc1)=C2,,C1=C(c2cccnc2)CCc2ccccc21,train,223.27500000000003,3.274000000000002,0.8044295226446699,17,28
evolved_bioisostere_1972,CNc1cccc(CCNC(=O)c2cc(Cl)ccc2OC)c1,1,evolved_bioisostere,evolved_bioisostere,CNC(=S)NS(=O)(=O)c1cccc(CCNC(=O)c2cc(Cl)ccc2OC)c1,0 1,O=C(NCCc1ccccc1)c1ccccc1,train,318.8040000000001,3.362800000000002,0.8583504129816608,22,34
evolved_bioisostere_1579,COc1ccc(C(C)(CCCN2CCC(O)(c3ccccc3)CC2)OC)cc1OC,1,evolved_bioisostere,evolved_bioisostere,COc1ccc(C(C#N)(CCCN2CCC(O)(c3ccccc3)CC2)C(C)C)cc1OC,24 25,c1ccc(CCCCN2CCC(c3ccccc3)CC2)cc1,train,413.55800000000016,4.329200000000004,0.6631565197931205,30,46
evolved_bioisostere_609,Cc1cn(C2CC(O)C(CO)O2)c(=O)[nH]c1=O,0,authentic,authentic,,,O=c1ccn(C2CCCO2)c(=O)[nH]1,train,242.23099999999997,-1.5142799999999992,0.5842742137821719,17,34
evolved_bioisostere_460,Cc1cc2nc(/C=C/c3ccncc3)[nH]c2cc1C,0,authentic,authentic,,,C(=C\c1nc2ccccc2[nH]1)/c1ccncc1,test,249.31700000000004,3.745140000000002,0.7512166539040448,19,33
evolved_bioisostere_611,CNc1nc(-c2ccc(OC)cc2)cc2ccccc12,0,authentic,authentic,,,c1ccc(-c2cc3ccccc3cn2)cc1,test,264.32800000000003,3.9521000000000024,0.7773537498723343,20,31
evolved_bioisostere_1953,CCCCC(=O)N(CC(N)=O)Cc1ccc(-c2cccc(-c3nn[nH]n3)c2)cc1,1,evolved_bioisostere,evolved_bioisostere,CCCCC(=O)N(Cc1ccc(-c2cccc(-c3nn[nH]n3)c2)cc1)C(C(=O)O)C(C)C,9,c1ccc(-c2cccc(-c3nn[nH]n3)c2)cc1,train,392.463,2.5378,0.5800792332994456,29,52
evolved_bioisostere_571,CC.CN(C)CCCC1(c2ccc(F)cc2)OCc2ccccc21,0,authentic,authentic,,,c1ccc(C2OCc3ccccc32)cc1,train,329.45900000000006,4.967500000000005,0.7679138975065287,24,37
evolved_bioisostere_504,COc1ccc(C(=O)N2CCN(Cc3ccccc3C)CC2)cc1OC,0,authentic,authentic,,,O=C(c1ccccc1)N1CCN(Cc2ccccc2)CC1,train,354.45000000000016,2.970220000000001,0.8278575529958121,26,39
evolved_bioisostere_393,O=C(NCc1cc2ccccc2[nH]1)c1ccccc1F,0,authentic,authentic,,,O=C(NCc1cc2ccccc2[nH]1)c1ccccc1,test,268.291,3.237000000000002,0.7522241713998747,20,32
evolved_bioisostere_991,OC1(c2ccccc2)C2CCC1CN(Cc1ccccc1)C2,0,authentic,authentic,,,c1ccc(CN2CC3CCC(C2)C3c2ccccc2)cc1,train,293.40999999999997,3.4162000000000026,0.9371182030635028,22,34
evolved_bioisostere_1249,CC(=O)NCCC1CCc2cc(OCc3ccccn3)ccc2C1=O,1,evolved_bioisostere,evolved_bioisostere,O=C1c2ccc(OCc3ccccn3)cc2CCC1CCN1CCC(c2ccccc2)CC1,0 1 2 3,O=C1c2ccc(OCc3ccccn3)cc2CCC1CCN1CCC(c2ccccc2)CC1,train,338.4070000000001,2.9319000000000015,0.8791819485302318,25,37
evolved_bioisostere_1986,CCN(CC)CC(COc1ccccc1O)C(O)(c1ccccc1)c1ccccc1,1,evolved_bioisostere,evolved_bioisostere,CCN(CC)CC(COc1ccccc1)C(O)(c1ccccc1)c1ccccc1.Cl,15,c1ccc(OCCC(c2ccccc2)c2ccccc2)cc1,train,405.5380000000001,4.665100000000005,0.5148770436423944,30,44
evolved_bioisostere_1419,CCNCC1CCN(c2c(F)cc3c(=O)c(F)cn(CC(F)(F)F)c3c2F)C1,1,evolved_bioisostere,evolved_bioisostere,CCNCC1CCN(c2c(F)cc3c(=O)c(C(=O)O)cn(CC(F)(F)F)c3c2F)C1,16,O=c1cc[nH]c2cc(N3CCCC3)ccc12,train,407.35800000000006,3.4169000000000027,0.7723485658814792,28,49
evolved_bioisostere_1645,CCCN1CCC(c2cccc(C3CCN(CO)CC3)c2)CC1,1,evolved_bioisostere,evolved_bioisostere,CCCN1CCC(c2cccc(OC)c2)CC1,12 13 14 15 16 17 18 19,c1ccc(C2CCNCC2)cc1,train,316.48900000000015,3.4052000000000024,0.9016670764993241,23,35
evolved_bioisostere_1317,COC(=O)[C@H]1O[C@@H](n2cnc3c(N)ncnc32)[C@H](O)[C@@H]1O,1,evolved_bioisostere,evolved_bioisostere,Nc1ncnc2c1ncn2[C@@H]1O[C@H](CO)[C@@H](O)[C@H]1O,0 3,c1ncc2ncn([C@H]3CCCO3)c2n1,train,295.255,-1.7992999999999995,0.5459230359399905,21,54
evolved_bioisostere_1868,CCOc1cccc(Nc2ncnc3cc(OCC)c(OCC)cc23)c1,1,evolved_bioisostere,evolved_bioisostere,CCOc1cc2ncnc(Nc3cccc(Br)c3)c2cc1OCC,0 1 2,c1ccc(Nc2ncnc3ccccc23)cc1,train,353.4220000000001,4.569500000000003,0.6398327403157735,26,38
evolved_bioisostere_1875,COc1ccc(OC)c(CC2CCc3nc(O)nc(N)c3C2)c1,1,evolved_bioisostere,evolved_bioisostere,COc1ccc(OC)c(CC2CCc3nc(N)nc(N)c3C2)c1,16,c1ccc(CC2CCc3ncncc3C2)cc1,train,315.37300000000005,2.1292,0.8979885458243205,23,37
evolved_bioisostere_1776,CC(O)(F)c1ccc2c(O)nc(N)nc2c1,1,evolved_bioisostere,evolved_bioisostere,Nc1nc(O)c2ccc(C(F)(F)F)cc2n1,0 2,c1ccc2ncncc2c1,train,223.207,1.0520999999999998,0.6716327568699054,16,28
evolved_bioisostere_1581,CSc1ccccc1C(=O)c1cn(C(C)CN2CCOCC2)c2ccccc12,1,evolved_bioisostere,evolved_bioisostere,CC(CN1CCOCC1)n1cc(C(=O)c2ccccc2F)c2ccccc21,0 1,O=C(c1ccccc1)c1cn(CCN2CCOCC2)c2ccccc12,train,394.5400000000002,4.4874000000000045,0.45580023699096295,28,43
evolved_bioisostere_1384,COc1ccc([C@@H]2[C@@H](CO)C(=O)N2c2ccccc2)cc1,1,evolved_bioisostere,evolved_bioisostere,COc1ccc([C@@H]2[C@@H](CCCc3ccccc3)C(=O)N2c2ccccc2)cc1,9,O=C1[C@H](CCCc2ccccc2)[C@@H](c2ccccc2)N1c1ccccc1,train,283.327,2.3916000000000004,0.8765424120022097,21,44
evolved_bioisostere_725,COc1ccc2c(c1)cc1c(NN)nncn12,0,authentic,authentic,,,c1ccc2c(c1)cc1cnncn12,train,229.243,1.1766999999999996,0.5093115161896866,17,27
evolved_bioisostere_1118,CCCC(=O)Nc1cccc(Oc2cccc(O)c2)c1,1,evolved_bioisostere,evolved_bioisostere,CCCC(=O)Nc1cccc(Oc2cccc(OC)c2)c1,,c1ccc(Oc2ccccc2)cc1,train,271.316,3.9231000000000016,0.8660173728116712,20,31
evolved_bioisostere_2087,CCOC(=O)C1=C(C#N)NC(C)=C(C(=O)OC)C1c1cccc(Cl)c1Cl,1,evolved_bioisostere,evolved_bioisostere,CCOC(=O)C1=C(COCCO)NC(C)=C(C(=O)OC)C1c1cccc(Cl)c1Cl,8,C1=CC(c2ccccc2)C=CN1,train,395.2420000000001,3.4679800000000025,0.7859151183677663,26,49
evolved_bioisostere_1091,CNC(=O)C(CCc1ccccc1)NC(=O)C(CC#N)CC(=O)NC(C)=O,1,evolved_bioisostere,evolved_bioisostere,CNC(=O)C(CCc1ccccc1)NC(=O)C(CC(=O)NO)CC(C)C,19 24 25 26,c1ccccc1,train,372.4250000000002,0.43268000000000023,0.5790940854136728,27,46
evolved_bioisostere_941,C[C@]12CCC(O)[C@@](C)(CO)[C@@H]1CCC1CC(=O)C=C12,0,authentic,authentic,,,O=C1C=C2C(CC[C@H]3CCCCC23)C1,test,264.36499999999995,2.0713999999999997,0.7620228447265782,19,47
evolved_bioisostere_354,CCN(CC)C(=O)c1ccc(N(c2ccccc2)[C@H]2C[C@H]3CC[C@@H](C2)N3C)cc1,0,authentic,authentic,,,c1ccc(N(c2ccccc2)[C@H]2C[C@H]3CC[C@@H](C2)N3)cc1,test,391.55900000000025,4.931900000000005,0.6983500578044046,29,61
evolved_bioisostere_1859,CCC(=O)NCc1ccc(-c2ccccc2-c2nn[nH]n2)cc1,1,evolved_bioisostere,evolved_bioisostere,NCC(=O)NCc1ccc(-c2ccccc2-c2nn[nH]n2)cc1,0,c1ccc(-c2ccccc2-c2nn[nH]n2)cc1,train,307.35699999999997,2.5599,0.7585273131660618,23,39
evolved_bioisostere_771,C[C@@H]1[C@@H](N)CN1c1c(F)cc2c(=O)c(C(=O)O)cn(C3CC3)c2c1F,0,authentic,authentic,,,O=c1ccn(C2CC2)c2cc(N3CCC3)ccc12,val,349.3370000000001,1.8486000000000005,0.8828234584911797,25,57
evolved_bioisostere_1076,NC(=S)NNc1ccnc2cc(Cl)ccc12,0,authentic,authentic,,,c1ccc2ncccc2c1,train,252.73,2.0482999999999993,0.5640849424352214,16,26
evolved_bioisostere_979,Cc1cnc(C(=O)Nc2ccc(S(=O)(=O)N3CCC(C)CC3)cc2)cn1,0,authentic,authentic,,,O=C(Nc1ccc(S(=O)(=O)N2CCCCC2)cc1)c1cnccn1,train,374.4660000000002,2.4579200000000005,0.8873790645166078,26,47
evolved_bioisostere_1356,CC(=O)N[C@@H](Cc1ccc(-c2ccccc2)cc1)c1nc[nH]n1,1,evolved_bioisostere,evolved_bioisostere,O=P(O)(O)CN[C@@H](Cc1ccc(-c2ccccc2)cc1)c1nc[nH]n1,0 2,c1ccc(-c2ccc(CCc3nc[nH]n3)cc2)cc1,val,306.36899999999997,2.8916000000000004,0.7611638605558795,23,45
evolved_bioisostere_665,COC(=O)[C@H](CCc1ccccc1)N[C@@H](C)C(=O)N1[C@H](C(=O)O)C[C@@H]2CCC[C@@H]21,0,authentic,authentic,,,O=C(CNCCCc1ccccc1)N1CC[C@@H]2CCC[C@@H]21,train,402.49100000000027,1.9930999999999994,0.6459007697762755,29,73
evolved_bioisostere_1148,COc1cccc(Cc2cc([C@@H]3S[C@H](CO)[C@@H](O)[C@H](O)[C@H]3O)ccc2Cl)c1,1,evolved_bioisostere,evolved_bioisostere,COc1ccc(Cc2cc([C@@H]3S[C@H](CO)[C@@H](O)[C@H](O)[C@H]3O)ccc2Cl)cc1,0 1,c1ccc(Cc2cccc([C@H]3CCCCS3)c2)cc1,train,410.9190000000001,2.1709000000000005,0.6037075104135124,27,66
evolved_bioisostere_424,CC(C)NS(=O)(=O)c1ccc(Cl)c(C(=O)NCc2ccccc2OC(F)F)c1,0,authentic,authentic,,,O=C(NCc1ccccc1)c1ccccc1,train,432.8760000000001,3.5581000000000023,0.6676313606925351,28,50
evolved_bioisostere_1062,COc1ccc(C(CC(C)C)C2CCCCN2)cc1,0,authentic,authentic,,,c1ccc(CC2CCCCN2)cc1,val,261.40899999999993,3.967000000000003,0.8657411130082863,19,29
evolved_bioisostere_282,CC1C(O)C(CO)OC1n1cnc(C(N)=O)n1,0,authentic,authentic,,,c1ncn(C2CCCO2)n1,train,242.235,-1.736299999999999,0.5779570173074491,17,30
evolved_bioisostere_1445,O=C(O)CC1CCN(c2c(F)cc3c(=O)c(CO)cn(CC(F)(F)F)c3c2F)C1,1,evolved_bioisostere,evolved_bioisostere,CCNCC1CCN(c2c(F)cc3c(=O)c(C(=O)O)cn(CC(F)(F)F)c3c2F)C1,0 1 2,O=c1cc[nH]c2cc(N3CCCC3)ccc12,train,420.3340000000001,2.635300000000001,0.7272329342937276,29,53
evolved_bioisostere_127,CCC.CCC.C[N+]1(C)C2CC(OC(=O)C(O)(c3cccs3)c3cccs3)CC1C1OC12,0,authentic,authentic,,,O=C(OC1CC2[NH2+]C(C1)C1OC21)C(c1cccs1)c1cccs1,train,480.7160000000001,5.1783000000000055,0.37220886806975895,32,58
evolved_bioisostere_1985,C=Cn1c(=O)c2cc(-c3nn[nH]n3)cn2c2ccccc21,1,evolved_bioisostere,evolved_bioisostere,CCn1c(=O)c2cc(-c3nn[nH]n3)cn2c2ccccc21,0,O=c1[nH]c2ccccc2n2cc(-c3nn[nH]n3)cc12,train,278.27500000000003,1.5347999999999997,0.6027031988504277,21,39
evolved_bioisostere_1506,O=C(O)C[C@H](c1ccccc1)[C@H]1CCCCN1,1,evolved_bioisostere,evolved_bioisostere,COC[C@H](c1ccccc1)[C@H]1CCCCN1,0 1 2,c1ccc(C[C@H]2CCCCN2)cc1,train,233.31099999999995,2.3869999999999996,0.8391421054977972,17,34
evolved_bioisostere_1737,CSC(C)(c1ccc(F)cc1)C(O)(Cn1cncn1)c1ccc(Cl)cc1,1,evolved_bioisostere,evolved_bioisostere,CC(O)(c1ccc(F)cc1)C(O)(Cn1cncn1)c1ccc(Cl)cc1,0 1,c1ccc(CC(Cn2cncn2)c2ccccc2)cc1,train,391.899,4.236800000000002,0.6825186756854952,26,45
evolved_bioisostere_1787,N#CCCn1c(=O)c2cc(-c3nn[nH]n3)cn2c2ccccc21,1,evolved_bioisostere,evolved_bioisostere,CCn1c(=O)c2cc(-c3nn[nH]n3)cn2c2ccccc21,0 1,O=c1[nH]c2ccccc2n2cc(-c3nn[nH]n3)cc12,train,305.30100000000004,1.3479799999999997,0.6148224221148945,23,41
evolved_bioisostere_965,CCc1c2nc(-c3cc(S(C)(=O)=O)ccc3OCC(C)C)[nH]c(=O)c2nn1C[C@H]1CCCN1C,0,authentic,authentic,,,O=c1[nH]c(-c2ccccc2)nc2cn(C[C@H]3CCCN3)nc12,train,487.6260000000003,2.881500000000001,0.5201271165435426,34,65
evolved_bioisostere_1252,COC(=O)C1C2CC[C@H](C[C@@H]1c1ccc(C)cc1)N2,1,evolved_bioisostere,evolved_bioisostere,COC(=O)C1C2CC[C@H](C[C@@H]1c1ccc(F)cc1)N2,15,c1ccc([C@@H]2CC3CC[C@H](C2)N3)cc1,train,259.349,2.3921199999999994,0.828799092584752,19,41
evolved_bioisostere_1587,Cc1cc(-c2c(F)cc3c(=O)c(Cc4c[nH]cn4)cn(F)c3c2F)cc(C2CC2)n1,1,evolved_bioisostere,evolved_bioisostere,Cc1cc(-c2c(F)cc3c(=O)c(Cc4c[nH]cn4)cn(C4CC4)c3c2F)cc(C)n1,20 26 27 28,O=c1c(Cc2c[nH]cn2)cn(C2CC2)c2cc(-c3ccncc3)ccc12,train,410.39900000000017,4.574020000000003,0.5359591158876088,30,57
evolved_bioisostere_1027,OC(c1ccc(F)cc1)(c1ccc(F)cc1)C1(n2cncn2)CC1,0,authentic,authentic,,,c1ccc(C(c2ccccc2)C2(n3cncn3)CC2)cc1,val,327.33400000000006,2.9815000000000005,0.8013778641974681,24,42
evolved_bioisostere_840,c1ccc(Nc2nc(NC3CCCCC3)nc3ccccc23)cc1,0,authentic,authentic,,,c1ccc(Nc2nc(NC3CCCCC3)nc3ccccc23)cc1,train,318.424,5.118000000000004,0.7009114353093079,24,36
evolved_bioisostere_417,C#CCN(C(=O)CC)S(=O)(=O)c1ccc(CCNC(=O)c2cc(Cl)ccc2OC)cc1,0,authentic,authentic,,,O=C(NCCc1ccccc1)c1ccccc1,train,462.95500000000015,2.8816000000000015,0.5782582134779399,31,55
evolved_bioisostere_2057,Cc1c(C(C)(C)C)cc(CCc2cccnc2)cc1C(C)(C)C,1,evolved_bioisostere,evolved_bioisostere,CC(C)(C)c1cc(CCc2cccnc2)cc(C(C)(C)C)c1O,0,c1ccc(CCc2cccnc2)cc1,train,309.49700000000007,5.770220000000006,0.7010449130710315,23,39
evolved_bioisostere_845,c1ccc(CCCCN2CCC(=C(c3ccccc3)c3ccccc3)CC2)cc1,0,authentic,authentic,,,c1ccc(CCCCN2CCC(=C(c3ccccc3)c3ccccc3)CC2)cc1,train,381.56300000000016,6.607200000000007,0.41637179132088387,29,44
evolved_bioisostere_310,COc1c(N2CCCC(CN)C2)c(F)cc2c(=O)c(C(=O)O)cn(C3CC3)c12,0,authentic,authentic,,,O=c1ccn(C2CC2)c2cc(N3CCCCC3)ccc12,train,389.42700000000013,2.3574,0.8147421551810016,28,52
evolved_bioisostere_857,COc1ccc2c3c1O[C@H]1C[C@@H](O)C=C[C@@]31CC[N+](C)=C2,0,authentic,authentic,,,C1=C[C@@]23CC[NH+]=Cc4cccc(c42)O[C@H]3CC1,test,286.351,1.4797,0.6278994993438911,21,51
evolved_bioisostere_642,O=C1CCC(=O)N1CCCCN1CCc2ccccc2C1,0,authentic,authentic,,,O=C1CCC(=O)N1CCCCN1CCc2ccccc2C1,val,286.37500000000006,1.9738999999999998,0.6136356445827529,21,31
evolved_bioisostere_903,c1ccc(-c2nc(C3OCCO3)[nH]c2-c2ccccc2)cc1,0,authentic,authentic,,,c1ccc(-c2nc(C3OCCO3)[nH]c2-c2ccccc2)cc1,train,292.33799999999997,3.789100000000002,0.7986369765249726,22,39
evolved_bioisostere_38,COc1cc(O)cc2c1C(=O)OOC(C)CCCCC/C=C/2,0,authentic,authentic,,,O=C1OOCCCCCC/C=C/c2ccccc21,val,306.358,3.855000000000003,0.7982072152259335,22,36
evolved_bioisostere_390,Clc1ccc(Cl)c(-c2ccccc2Cl)c1,0,authentic,authentic,,,c1ccc(-c2ccccc2)cc1,train,257.547,5.313800000000002,0.6489454818006694,15,27
evolved_bioisostere_225,COCC(=O)N1CCN(C(c2ccccc2)c2ccc(Cl)cc2)CC1,0,authentic,authentic,,,c1ccc(C(c2ccccc2)N2CCNCC2)cc1,train,358.86900000000014,3.2200000000000015,0.8223314865546171,25,41
evolved_bioisostere_1434,Cc1cc(Br)ccc1C(=O)c1ccc(-n2ncc(=O)[nH]c2=O)cc1OF,1,evolved_bioisostere,evolved_bioisostere,Cc1cc(Br)ccc1C(=O)c1ccc(-n2ncc(=O)[nH]c2=O)cc1Cl,24 25,O=C(c1ccccc1)c1ccc(-n2ncc(=O)[nH]c2=O)cc1,train,420.19400000000013,2.48602,0.6550781423507815,26,48
evolved_bioisostere_1172,COc1ccc(CNC(=O)CSc2nc3ccc(C(C)=O)cc3[nH]2)cc1,1,evolved_bioisostere,evolved_bioisostere,CCOc1ccc2nc(SCC(=O)NCc3ccc(OC)cc3)[nH]c2c1,18 19 20,O=C(CSc1nc2ccccc2[nH]1)NCc1ccccc1,train,369.4460000000001,3.1826000000000008,0.4935537793483436,26,45
evolved_bioisostere_64,CO[C@]12CC[C@@]3(C[C@@H]1[C@](C)(O)CC(C)C)[C@H]1Cc4ccc(O)c5c4[C@@]3(CCN1CC1CC1)[C@H]2O5,0,authentic,authentic,,,c1cc2c3c(c1)O[C@H]1C4CCC5(CC4)[C@@H](C2)N(CC2CC2)CC[C@]315,train,467.6500000000003,4.413800000000004,0.6488275495145198,34,87
evolved_bioisostere_496,Cc1ccc(S(=O)(=O)Nc2nc3nc(C)cc(C)n3n2)cc1,0,authentic,authentic,,,O=S(=O)(Nc1nc2ncccn2n1)c1ccccc1,train,317.374,1.8503599999999998,0.7960403594838379,22,40
evolved_bioisostere_1394,Cc1cc(NC(C)CCCN)c2nccc(C)c2c1Oc1ccccc1,1,evolved_bioisostere,evolved_bioisostere,COc1cc(NC(C)CCCN)c2nccc(C)c2c1Oc1ccccc1,0,c1ccc(Oc2cccc3ncccc23)cc1,train,349.47800000000007,5.183240000000004,0.6165853950884044,26,38
evolved_bioisostere_2121,CCCc1nc(C)c(O)n1Cc1ccc(-c2ccccc2-c2nn[nH]n2)cc1,1,evolved_bioisostere,evolved_bioisostere,CCCc1nc(C)c(C(=O)O)n1Cc1ccc(-c2ccccc2-c2nn[nH]n2)cc1,8,c1ccc(-c2nn[nH]n2)c(-c2ccc(Cn3ccnc3)cc2)c1,train,374.44800000000004,3.745020000000001,0.5361850509115133,28,47
evolved_bioisostere_2119,CN1CCN(CC(C)(Cn2cncn2)c2ccc(F)cc2F)CC1,1,evolved_bioisostere,evolved_bioisostere,CN1CCN(CC(O)(Cn2cncn2)c2ccc(F)cc2F)CC1,7,c1ccc(C(CN2CCNCC2)Cn2cncn2)cc1,train,335.4020000000001,1.7615999999999994,0.8344358269468122,24,38
evolved_bioisostere_778,CSC1=NC(c2ccccc2SC)C2=C(O)OCC2=N1,0,authentic,authentic,,,C1=NC(c2ccccc2)C2=COCC2=N1,train,306.4120000000001,3.423000000000002,0.8506426003316352,20,33
evolved_bioisostere_1722,Nc1nc(N)c2cc(Sc3ccc4ccccc4c3)ccc2n1,1,evolved_bioisostere,evolved_bioisostere,Nc1nc(O)nc2ccc(Sc3ccc4ccccc4c3)cc12,0,c1ccc2cc(Sc3ccc4ncncc4c3)ccc2c1,train,318.40500000000003,4.098600000000002,0.5816143542763601,23,35
evolved_bioisostere_1586,NCCCn1cnc2c(=O)[nH]c(N)nc21,1,evolved_bioisostere,evolved_bioisostere,Nc1nc2c(ncn2CCC(CO)C[18F])c(=O)[nH]1,0,O=c1[nH]cnc2[nH]cnc12,train,208.225,-0.9493999999999998,0.6010701877799716,15,27
evolved_bioisostere_1269,Oc1cn2c(n1)COc1ccc(Cl)cc1-2,1,evolved_bioisostere,evolved_bioisostere,O=C(O)c1cn2c(n1)COc1ccc(Cl)cc1-2,0,c1ccc2c(c1)OCc1nccn1-2,train,222.631,2.1237000000000004,0.7428933837958726,15,27
evolved_bioisostere_2027,O=C(O)[C@@H]1CCCN1C(=O)[C@H](CF)NC(CCc1ccccc1)c1ccccc1,1,evolved_bioisostere,evolved_bioisostere,CCOC(=O)C(CCc1ccccc1)N[C@@H](CF)C(=O)N1CCC[C@H]1C(=O)O,23 24 25 26 27 28,O=C(CNCCCc1ccccc1)N1CCCC1,train,398.47800000000007,3.3638000000000012,0.6796066678098801,29,54
evolved_bioisostere_1893,Oc1cccc(CN(C2=NCCN2)c2c(Cl)cccc2Cl)c1,1,evolved_bioisostere,evolved_bioisostere,Cl.Fc1cccc(CN(C2=NCCN2)c2c(Cl)cccc2Cl)c1,0,c1ccc(CN(C2=NCCN2)c2ccccc2)cc1,train,336.222,3.6648000000000023,0.8991986829537111,22,37
evolved_bioisostere_1073,O=C1CCc2ccc(OCCCCN3CCN(c4cccc(F)c4Cl)CC3)cc2N1,0,authentic,authentic,,,O=C1CCc2ccc(OCCCCN3CCN(c4ccccc4)CC3)cc2N1,train,431.939,4.345000000000004,0.6620155693977822,30,46
evolved_bioisostere_349,COc1ccc2c(c1)C(O)=C(C(=O)Nc1ncc(C)s1)N(C)S2(=O)=O,0,authentic,authentic,,,O=C(Nc1nccs1)C1=Cc2ccccc2S(=O)(=O)N1,train,381.43500000000006,1.95952,0.8412302859134572,25,49
evolved_bioisostere_983,CCOC(=O)c1c(C)cc2cnn(-c3ccc(C)cc3)c(=O)c2c1C,0,authentic,authentic,,,O=c1c2ccccc2cnn1-c1ccccc1,train,336.39100000000013,3.4876600000000026,0.6870351083402554,25,44
evolved_bioisostere_1900,COc1ccc(C(CN)c2ccccc2)cc1OCC(=O)O,1,evolved_bioisostere,evolved_bioisostere,COc1ccc(C(CN)c2ccccc2)cc1OC,19 20 21,c1ccc(Cc2ccccc2)cc1,train,301.3420000000001,2.2491999999999996,0.8194147428864295,22,33
evolved_bioisostere_105,CCOc1cc2c(cc1OCC)C(=O)C(CC1CCN(Cc3ccc(F)cc3)CC1)C2,0,authentic,authentic,,,O=C1c2ccccc2CC1CC1CCN(Cc2ccccc2)CC1,train,425.5440000000002,5.2804000000000055,0.5767886042187951,31,50
evolved_bioisostere_1477,N#Cc1ccc(/C=C/c2ccccn2)cc1,1,evolved_bioisostere,evolved_bioisostere,COc1ccc(/C=C/c2ccccn2)cc1,0 1,C(=C\c1ccccn1)/c1ccccc1,train,206.248,3.123680000000001,0.756479981875473,16,26
evolved_bioisostere_466,CC12C=CC(=O)C=C1CCC1C3CCC(O)(C(=O)CO)C3(C)CC(O)C12F,0,authentic,authentic,,,O=C1C=CC2C(=C1)CCC1C3CCCC3CCC21,test,378.4400000000001,1.6497,0.679213941811703,27,51
evolved_bioisostere_1182,Cc1ccc(Oc2ccc(F)c(-c3ccc(C4CC4C(=O)O)cc3)c2)cn1,1,evolved_bioisostere,evolved_bioisostere,Cc1ccc(Oc2ccc(F)c(-c3ccc(OCC4CC4C(=O)O)cc3)c2)cn1,16 17 18 19 20 21,c1cncc(Oc2cccc(-c3ccc(OCC4CC4)cc3)c2)c1,train,363.38800000000003,5.176520000000004,0.6787474000505253,27,47
evolved_bioisostere_1184,CC[C@H]1O[C@@H](n2cnc3c(N)ncnc32)[C@H](O)[C@@H]1O,1,evolved_bioisostere,evolved_bioisostere,Nc1ncnc2c1ncn2[C@@H]1O[C@H](CO)[C@@H](O)[C@H]1O,0,c1ncc2ncn([C@H]3CCCO3)c2n1,train,265.273,-0.5623,0.6652355110128936,19,49
evolved_bioisostere_1589,O=C(Nc1ccccc1)NC1CCC(Oc2ccnc(C(=O)O)c2)CC1,1,evolved_bioisostere,evolved_bioisostere,CNC(=O)c1cc(OC2CCC(NC(=O)Nc3ccc(OC(F)(F)F)cc3)CC2)ccn1,22,O=C(Nc1ccccc1)NC1CCC(Oc2ccncc2)CC1,train,355.3940000000001,3.291500000000002,0.7639687455967323,26,42
evolved_bioisostere_1603,Cc1cccc(-c2coc3cc(O)cc(O)c3c2=O)c1,1,evolved_bioisostere,evolved_bioisostere,O=c1c(-c2cccc(Cl)c2)coc2cc(O)cc(O)c12,0,O=c1c(-c2ccccc2)coc2ccccc12,train,268.268,3.179620000000001,0.710721116511046,20,34
evolved_bioisostere_1342,COc1ccc(OC)c(C(O)(CC(=O)O)c2ccccc2)c1,1,evolved_bioisostere,evolved_bioisostere,COc1ccc(OC)c(C(O)(CC(C)N(C)C)c2ccccc2)c1.Cl,13 14,c1ccc(Cc2ccccc2)cc1,train,302.32599999999996,2.4144000000000005,0.8567419251832354,22,37
evolved_bioisostere_543,c1cc(Cn2cncn2)cc(-c2ccc3ccccc3c2)c1,0,authentic,authentic,,,c1cc(Cn2cncn2)cc(-c2ccc3ccccc3c2)c1,val,285.35,4.146600000000003,0.5659712221361547,22,35
evolved_bioisostere_971,COc1ccc(C(NC(C)=O)c2ccc(C(C)C)cc(=O)c2O)cc1,0,authentic,authentic,,,O=c1ccccc(Cc2ccccc2)c1,train,341.40700000000004,3.1099000000000014,0.8760731082630697,25,43
evolved_bioisostere_1222,Cc1ccc(N2C(=O)C(CCN)C2c2ccc(OCc3ccccc3)cc2)cc1,1,evolved_bioisostere,evolved_bioisostere,O=C(O)CCC1C(=O)N(c2ccc(F)cc2)C1c1ccc(OCc2ccccc2)cc1,0 11,O=C1CC(c2ccc(OCc3ccccc3)cc2)N1c1ccccc1,train,386.49500000000006,4.626920000000004,0.6026291322078315,29,46
evolved_bioisostere_54,Cc1ccc2c(c1)CC(=O)c1cc(C(C)C(=O)O)ccc1S2,0,authentic,authentic,,,O=C1Cc2ccccc2Sc2ccccc21,val,312.39000000000004,4.073120000000003,0.9078103899901736,22,40
evolved_bioisostere_1288,Cc1nn(-c2ccccc2)c(-c2ccccc2)c1C(C)CC(=O)O,1,evolved_bioisostere,evolved_bioisostere,Cc1nn(-c2ccccc2)c(-c2ccccc2)c1C(C)C,21 22 23,c1ccc(-c2ccnn2-c2ccccc2)cc1,val,320.3920000000001,4.425920000000003,0.7565607572469605,24,41
evolved_bioisostere_1409,NC(=O)c1cc(-c2ccc(Cl)cc2)nnc1Cl,1,evolved_bioisostere,evolved_bioisostere,NC(=O)c1cc(-c2ccc(C(F)(F)F)cc2)nnc1Cl,10,c1ccc(-c2cccnn2)cc1,train,268.10299999999995,2.5493000000000006,0.9094073369253812,17,31
evolved_bioisostere_1786,OCCCc1ccc(NC2=Nc3ccc(Cl)cc3N3CCN=C23)cc1,1,evolved_bioisostere,evolved_bioisostere,FC(F)(F)c1ccc(NC2=Nc3ccc(Cl)cc3N3CCN=C23)cc1,0 1 2,c1ccc(NC2=Nc3ccccc3N3CCN=C23)cc1,train,354.8410000000001,3.6391000000000018,0.8808138604015568,25,40
evolved_bioisostere_1485,c1ccc(CNCc2ccc(OCc3ccccc3)cc2)cc1,1,evolved_bioisostere,evolved_bioisostere,c1ccc(COc2ccc(CNCCc3ccccn3)cc2)cc1,0 1 2 3 21 22,c1ccc(COc2ccc(CNCCc3ccccn3)cc2)cc1,train,303.40500000000003,4.555400000000003,0.6908562589241729,23,33
evolved_bioisostere_1840,CC(NC(=O)N1CCCCC1=O)c1cccc(S(=O)(=O)NC(=O)NC2CCCCC2)c1,1,evolved_bioisostere,evolved_bioisostere,CC(Cc1ccc(S(=O)(=O)NC(=O)NC2CCCCC2)cc1)NC(=O)N1CCCCC1=O,0 1 2 3 4 5 6 7 8 9 10 11,O=C(NC1CCCCC1)NS(=O)(=O)c1ccc(CCNC(=O)N2CCCCC2=O)cc1,train,450.56100000000026,2.790300000000001,0.6361677332460817,31,54
evolved_bioisostere_1631,Cc1ccc(-c2nc(COc3cccc(C4(C)CC4Cn4oc(=O)[nH]c4=O)c3)c(C)o2)cc1,1,evolved_bioisostere,evolved_bioisostere,Cc1oc(-c2ccc(C(F)(F)F)cc2)nc1COc1cccc(C2(C)CC2Cn2oc(=O)[nH]c2=O)c1,,O=c1[nH]c(=O)n(CC2CC2c2cccc(OCc3coc(-c4ccccc4)n3)c2)o1,test,447.4910000000002,3.9582400000000026,0.4600035079718756,33,61
evolved_bioisostere_630,CC(C)CCNC(=O)CNC(=O)C(Cc1ccccc1)CN(O)C=O,0,authentic,authentic,,,c1ccccc1,train,349.4310000000001,0.9714000000000003,0.31489021076290064,25,40
evolved_bioisostere_1195,CCNCC1CCN(c2c(F)cc3c(=O)c(CO)cn(CC(F)(F)F)c3c2F)C1,1,evolved_bioisostere,evolved_bioisostere,CCNCC1CCN(c2c(F)cc3c(=O)c(C(=O)O)cn(CC(F)(F)F)c3c2F)C1,,O=c1cc[nH]c2cc(N3CCCC3)ccc12,train,419.39400000000006,2.770100000000001,0.707517631584745,29,50
evolved_bioisostere_853,CC1CC(n2cnc3c(N)ncnc32)C(O)C1O,0,authentic,authentic,,,c1ncc2ncn(C3CCCC3)c2n1,test,249.274,-0.28880000000000017,0.6403413701091007,18,30
evolved_bioisostere_224,Fc1ccc(-c2nc(SC(F)(F)C(F)F)[nH]c2-c2ccc(F)cc2)cc1,0,authentic,authentic,,,c1ccc(-c2nc[nH]c2-c2ccccc2)cc1,train,388.33600000000007,5.971900000000002,0.43080781680681535,26,49
evolved_bioisostere_1379,COc1ccc(-c2ncc(CCCN(C)C)cc2-c2ccc(CO)cc2)cc1F,1,evolved_bioisostere,evolved_bioisostere,COCCCc1cnc(-c2ccc(OC)c(F)c2)c(-c2ccc(CCC(=O)O)cc2)c1,13 14 15 23,c1ccc(-c2cccnc2-c2ccccc2)cc1,train,394.49000000000007,4.549800000000005,0.608847343988416,29,45
evolved_bioisostere_678,NC(=O)CCS(=O)C1c2ccccc2-c2ccccc21,0,authentic,authentic,,,c1ccc2c(c1)Cc1ccccc1-2,train,285.36800000000005,2.3805000000000005,0.9372392477856417,20,33
evolved_bioisostere_754,Cc1cccc(C(c2ccccc2)(n2cncn2)C(C)(C)C)c1,0,authentic,authentic,,,c1ccc(C(c2ccccc2)n2cncn2)cc1,train,305.42500000000007,4.424520000000003,0.7166749994839882,23,39
evolved_bioisostere_34,CCN(CC)CC(O)CNC(=O)c1c(C)[nH]c2c1CCC/C2=C1/C(=O)Nc2ccc(F)cc21,0,authentic,authentic,,,O=C1Nc2ccccc2/C1=C1\CCCc2cc[nH]c21,train,454.5460000000003,3.0939200000000007,0.483536238159485,33,61
evolved_bioisostere_1670,NC1=Nc2cc(O)ccc2N(CC(F)F)c2ccc(Cl)cc21,1,evolved_bioisostere,evolved_bioisostere,NC1=Nc2cc(F)ccc2N(CC(F)F)c2ccc(Cl)cc21,6,C1=Nc2ccccc2Nc2ccccc21,train,323.72999999999996,3.7992000000000017,0.88333157263199,22,38
evolved_bioisostere_972,Cc1cccc(C[S+]([O-])c2nc3ccccc3[nH]2)c1N,0,authentic,authentic,,,c1ccc(C[SH+]c2nc3ccccc3[nH]2)cc1,val,285.372,2.7613199999999996,0.5734970559157164,20,39
evolved_bioisostere_613,Fc1ccc(/C=N/Nc2nnc(N/N=C/c3ccc(F)cc3)c3ccccc23)cc1,0,authentic,authentic,,,C(=N\Nc1nnc(N/N=C/c2ccccc2)c2ccccc12)/c1ccccc1,test,402.40800000000013,4.8000000000000025,0.35888408679822237,30,50
evolved_bioisostere_1152,Nc1nc(O)c2cc(Sc3ccc4ccccc4c3)ccc2n1,1,evolved_bioisostere,evolved_bioisostere,Nc1nc(O)nc2ccc(Sc3ccc4ccccc4c3)cc12,0 4,c1ccc2cc(Sc3ccc4ncncc4c3)ccc2c1,train,319.389,4.222000000000001,0.5785163571884638,23,35
evolved_bioisostere_1451,CC(C)c1nc2c(c(-c3ccc(F)cc3)c1/C=C/[C@@H](O)C[C@@H](O)CC(=O)O)CCN2C,1,evolved_bioisostere,evolved_bioisostere,CC(C)c1nc2c(c(-c3ccc(F)cc3)c1/C=C/[C@@H](O)C[C@@H](O)CC(=O)O)CCN2S(C)(=O)=O,30,c1ccc(-c2ccnc3c2CCN3)cc1,train,428.50400000000025,3.603200000000003,0.5948448482044139,31,66
evolved_bioisostere_2073,N#CC1CC(n2cc(F)c(=O)[nH]c2=O)C(O)C1O,1,evolved_bioisostere,evolved_bioisostere,O=c1[nH]c(=O)n(C2CC(CO)C(O)C2O)cc1F,0,O=c1ccn(C2CCCC2)c(=O)[nH]1,train,255.205,-1.5179200000000004,0.5628300882768527,18,36
evolved_bioisostere_1090,COc1ccc(C)nc1-c1ccc(OCc2cc(C)ccn2)cc1,1,evolved_bioisostere,evolved_bioisostere,COc1ccc(-c2nc(C)ccc2OCc2cc(C)ccn2)cc1,15 16 17 18 19 20 21,c1ccc(-c2ncccc2OCc2ccccn2)cc1,train,320.392,4.348040000000003,0.7009210919427821,24,37
evolved_bioisostere_1043,CN(C)C(=O)c1cccc(N(CCCl)CCCl)c1,0,authentic,authentic,,,c1ccccc1,train,289.2059999999999,2.6724000000000006,0.7517025206850011,18,31
evolved_bioisostere_1696,CN(C)CC(=O)CNC(=O)C(c1ccccc1)c1ccccc1,1,evolved_bioisostere,evolved_bioisostere,CN(C)CCNC(=O)C(c1ccccc1)c1ccccc1,0 1 2 3 5,c1ccc(Cc2ccccc2)cc1,train,310.39700000000005,2.0653999999999995,0.8515041049048593,23,37
evolved_bioisostere_1038,CCCCC(C)(O)C/C=C/[C@H]1[C@H](O)CC(=O)[C@@H]1CC/C=C\C=C\C(=O)OC,0,authentic,authentic,,,O=C1CCCC1,test,378.5090000000001,3.505600000000003,0.24875044360941911,27,62
evolved_bioisostere_688,O=C(O)C(=O)N(CCO)c1ccc(N2C[C@H](CNC(=O)c3ccc(Cl)s3)OC2=O)cc1,0,authentic,authentic,,,O=C(NC[C@H]1CN(c2ccccc2)C(=O)O1)c1cccs1,train,467.8870000000002,1.5666000000000002,0.5254475980028818,31,60
evolved_bioisostere_1215,CON1CC[C@H](NS(=O)(=O)c2ccc(-c3ccccn3)s2)C1=O,1,evolved_bioisostere,evolved_bioisostere,O=C1[C@@H](NS(=O)(=O)c2ccc(-c3ccccn3)s2)CCN1CCNc1ccncc1,0 1,O=C1[C@@H](NS(=O)(=O)c2ccc(-c3ccccn3)s2)CCN1CCNc1ccncc1,train,353.42500000000007,1.2507000000000001,0.873884823059255,23,45
evolved_bioisostere_612,CC(F)(F)C(O)(Cn1cncn1)c1ccc(F)cc1F,0,authentic,authentic,,,c1ccc(CCn2cncn2)cc1,train,289.232,2.0993,0.8769457420497293,20,34
evolved_bioisostere_1725,Cc1cc2c(cc1C)Nc1ncn(CCN3CCOCC3)c(=O)c1C2,1,evolved_bioisostere,evolved_bioisostere,COc1cc2c(cc1OC)Nc1ncn(CCN3CCOCC3)c(=O)c1C2,0 7,O=c1c2c(ncn1CCN1CCOCC1)Nc1ccccc1C2,train,340.4270000000002,1.8401399999999997,0.7883433728869265,25,40
evolved_bioisostere_1514,COc1ccc(-c2c(-c3ccncc3)nc3n2CCS3)cc1,1,evolved_bioisostere,evolved_bioisostere,Fc1ccc(-c2c(-c3ccncc3)nc3n2CCS3)cc1,0 1,c1ccc(-c2c(-c3ccncc3)nc3n2CCS3)cc1,train,309.394,3.7264000000000017,0.7389567072546885,22,36
evolved_bioisostere_1262,CC(=O)CCc1cc2ccccn2/c(=N/c2ccc(Cl)cc2)n1,1,evolved_bioisostere,evolved_bioisostere,CCOC(=O)c1cc2ccccn2/c(=N/c2ccc(Cl)cc2)n1,0 1 2 3,c1ccc(/N=c2\nccc3ccccn23)cc1,train,325.79900000000004,3.7417000000000025,0.7332321907078855,23,40
evolved_bioisostere_2095,COc1cc(O)cc2occ(-c3cccc(Cl)c3)c(=O)c12,1,evolved_bioisostere,evolved_bioisostere,O=c1c(-c2cccc(Cl)c2)coc2cc(O)cc(O)c12,0,O=c1c(-c2ccccc2)coc2ccccc12,train,302.7130000000001,3.8276000000000012,0.781353403182917,21,38
evolved_bioisostere_2138,COC(=O)[C@@H](c1ccc(OC)cc1)[C@@H]1CCCCN1,1,evolved_bioisostere,evolved_bioisostere,COC(=O)[C@@H](c1ccc(Br)cc1)[C@@H]1CCCCN1,9 10,c1ccc(C[C@@H]2CCCCN2)cc1,train,263.33699999999993,2.0939,0.8450577087012641,19,40
evolved_bioisostere_652,O=C(O)C(CCc1c[nH]cn1)Cc1ccccc1,0,authentic,authentic,,,c1ccc(CCCCc2c[nH]cn2)cc1,test,244.29400000000004,2.2858,0.818895847477955,18,30
evolved_bioisostere_1255,O=C(c1ccccc1O)C(O)(Cn1cncn1)c1ccc(Cl)cc1,1,evolved_bioisostere,evolved_bioisostere,O=C(c1ccccc1Cl)C(O)(Cn1cncn1)c1ccc(Cl)cc1,8,O=C(c1ccccc1)C(Cn1cncn1)c1ccccc1,train,343.77,2.4078,0.6944409695434437,24,40
evolved_bioisostere_1907,C=Cn1c(=O)c2c(nc3ccccn32)n(Cc2ccccc2)c1=O,1,evolved_bioisostere,evolved_bioisostere,C=CCn1c(=O)c2c(nc3ccccn32)n(Cc2ccccc2)c1=O,0,O=c1[nH]c(=O)n(Cc2ccccc2)c2nc3ccccn3c12,train,318.33600000000007,1.9596999999999998,0.5799938969076477,24,41
evolved_bioisostere_671,C[C@]12C[C@@H](O)[C@H]3[C@@H](CC[C@]4(O)C[C@@H](O)C[C@@H](O)[C@]34CO)[C@@]1(O)CC[C@@H]2C1=CC(=O)OC1,0,authentic,authentic,,,O=C1C=C([C@H]2CCC3C2CC[C@@H]2C4CCCCC4CC[C@@H]32)CO1,test,438.5170000000003,-0.36680000000000024,0.32021430116091115,31,99
evolved_bioisostere_286,NS(=O)(=O)c1cc(C(=O)OCCCO)c(NCc2ccco2)cc1Cl,0,authentic,authentic,,,c1ccc(NCc2ccco2)cc1,train,388.82900000000006,1.7316999999999998,0.4630244221903302,25,43
evolved_bioisostere_1055,Cc1ccc(C2C=C(c3ccccc3)Nc3ncnn32)cc1,0,authentic,authentic,,,C1=C(c2ccccc2)Nc2ncnn2C1c1ccccc1,train,288.35400000000004,3.642520000000001,0.7825321765934319,22,35
evolved_bioisostere_1829,O=C(Nc1ccccc1)Nc1ccc(Oc2ccnc(O)c2)cc1F,1,evolved_bioisostere,evolved_bioisostere,CNC(=O)c1cc(Oc2ccc(NC(=O)Nc3ccccc3)c(F)c2)ccn1,20,O=C(Nc1ccccc1)Nc1ccc(Oc2ccncc2)cc1,train,339.326,4.362600000000002,0.6592180978811244,25,38
evolved_bioisostere_1241,CCC(=O)C1=NC2(CC2)C(=O)N1Cc1ccc(-c2ccccc2-c2nn[nH]n2)cc1,1,evolved_bioisostere,evolved_bioisostere,CCCC1=NC2(CC2)C(=O)N1Cc1ccc(-c2ccccc2-c2nn[nH]n2)cc1,3,O=C1N(Cc2ccc(-c3ccccc3-c3nn[nH]n3)cc2)C=NC12CC2,train,400.44200000000006,2.7861000000000002,0.685099157493099,30,56
evolved_bioisostere_305,CC[C@H](NC(=O)C(CSC(=O)c1ccccc1)C(C)c1ccccc1)C(=O)O,0,authentic,authentic,,,O=C(SCCCc1ccccc1)c1ccccc1,train,399.5120000000001,3.9593000000000025,0.6668122575673584,28,51
evolved_bioisostere_935,CCn1c(-c2ccc(O)cc2)cc2cc(O)ccc21,0,authentic,authentic,,,c1ccc(-c2cc3ccccc3[nH]2)cc1,train,253.301,3.7394000000000016,0.73040512907334,19,32
evolved_bioisostere_1063,O=C(NCc1ccccc1)c1cc(-c2ccncc2)nnc1Cl,0,authentic,authentic,,,O=C(NCc1ccccc1)c1cnnc(-c2ccncc2)c1,test,324.7710000000001,3.1220000000000017,0.8003105724548222,23,36
evolved_bioisostere_970,CN1CC=C(c2c[nH]c3ccc(O)cc23)CC1,0,authentic,authentic,,,C1=C(c2c[nH]c3ccccc23)CCNC1,train,228.295,2.5924000000000005,0.7871376436588013,17,31
evolved_bioisostere_1646,OCCN1CCN(C2=Nc3ccccc3Sc3ccccc32)CC1,1,evolved_bioisostere,evolved_bioisostere,CC(C)C(N)C(=O)OCCOCCN1CCN(C2=Nc3ccccc3Sc3ccccc32)CC1,,c1ccc2c(c1)N=C(N1CCNCC1)c1ccccc1S2,train,339.46400000000017,2.8394000000000013,0.9131694428573655,24,35
evolved_bioisostere_682,NC(=O)COCCN1CCN([C@@H](c2ccccc2)c2ccc(Cl)cc2)CC1,0,authentic,authentic,,,c1ccc(C(c2ccccc2)N2CCNCC2)cc1,train,387.9110000000002,2.5489000000000015,0.7070460664614487,27,48
evolved_bioisostere_1461,CN1CCN(C2=Nc3ccccc3Nc3csc(O)c32)CC1,1,evolved_bioisostere,evolved_bioisostere,Cc1scc2c1C(N1CCN(C)CC1)=Nc1ccccc1N2,18,c1ccc2c(c1)N=C(N1CCNCC1)c1cscc1N2,train,314.41400000000016,2.836400000000001,0.7849615928485101,22,35
evolved_bioisostere_280,CC1CCC(/C=N/c2ccccc2)=C2NC=C(C(=O)O)C(=O)N21,0,authentic,authentic,,,O=C1C=CNC2=C(/C=N/c3ccccc3)CCCN12,train,311.34100000000007,2.1830999999999996,0.6619748182860727,23,44
evolved_bioisostere_79,CC(CC1CCCCC1)NCc1ccccc1OCc1cccc(F)c1,0,authentic,authentic,,,c1ccc(COc2ccccc2CNCCC2CCCCC2)cc1,val,355.4970000000001,5.853200000000006,0.6408359232685958,26,36
evolved_bioisostere_1980,CCc1ccc(CCNC(=O)N2CC(C)=C(CCO)C2=O)cc1,1,evolved_bioisostere,evolved_bioisostere,CCOS(=O)(=O)c1ccc(CCNC(=O)N2CC(C)=C(CC)C2=O)cc1,0 1 18,O=C1C=CCN1C(=O)NCCc1ccccc1,test,316.401,2.0422000000000002,0.8436301537313605,23,38
evolved_bioisostere_82,CCCCc1cc(OC)c(CC(C)N)cc1OC,0,authentic,authentic,,,c1ccccc1,train,251.36999999999995,2.9361000000000006,0.8100355704469198,18,26
evolved_bioisostere_1024,O=C(c1ccccc1-c1ccc2c(c1)OCO2)N1CCCCC1,0,authentic,authentic,,,O=C(c1ccccc1-c1ccc2c(c1)OCO2)N1CCCCC1,val,309.3650000000001,3.708400000000002,0.848656501277452,23,37
evolved_bioisostere_822,O=C(c1ccccc1)c1ccc(OCC(O)CNC2CCCCCCC2)cc1,0,authentic,authentic,,,O=C(c1ccccc1)c1ccc(OCCCNC2CCCCCCC2)cc1,test,381.5160000000003,4.3598000000000035,0.6672338908637356,28,41
evolved_bioisostere_1042,CCc1ccc(C(Cn2cncn2)NC)cc1,0,authentic,authentic,,,c1ccc(CCn2cncn2)cc1,train,230.31500000000003,1.8011999999999997,0.8513916772118759,17,25
evolved_bioisostere_1233,CCOC(=O)C(CCc1ccccc1)NC(C)C(=O)N1[C@@H](NC)C[C@@H]2CCCC[C@@H]21,1,evolved_bioisostere,evolved_bioisostere,CCOC(=O)C(CCc1ccccc1)NC(C)C(=O)N1[C@@H](C(=O)O)C[C@@H]2CCCC[C@@H]21.Cl,21 22,O=C(CNCCCc1ccccc1)N1CC[C@@H]2CCCC[C@@H]21,train,415.5780000000003,2.8656000000000006,0.6071233695704839,30,63
evolved_bioisostere_407,CCN(CC)C(=O)C1CCN(c2nc(N)c3cc(OC)c(OC)cc3n2)CC1,0,authentic,authentic,,,c1ccc2nc(N3CCCCC3)ncc2c1,train,387.4840000000002,2.313999999999999,0.8127155108693987,28,47
evolved_bioisostere_295,Cc1cc(C(C)(C)C)nc2c(C(C)(C)C)cccc12,0,authentic,authentic,,,c1ccc2ncccc2c1,train,255.405,5.138220000000005,0.6350072486260979,19,35
evolved_bioisostere_1546,COc1ccc(OC)c(CC2CCc3nc(CSC)nc(N)c3C2)c1,1,evolved_bioisostere,evolved_bioisostere,COc1ccc(OC)c(CC2CCc3nc(N)nc(N)c3C2)c1,16 17 18,c1ccc(CC2CCc3ncncc3C2)cc1,train,359.49500000000006,3.286600000000001,0.8533674448127755,25,39
evolved_bioisostere_748,COC(=O)N1C(c2ccccc2)=NN=C(c2ccccc2)N1C(=O)OC,0,authentic,authentic,,,c1ccc(C2=NN=C(c3ccccc3)NN2)cc1,test,352.35000000000014,2.860400000000001,0.8318435368529568,26,44
evolved_bioisostere_1922,COc1cccc2c1C[C@H]1CCN(CN)[C@@H]1C2,1,evolved_bioisostere,evolved_bioisostere,C=CCN1CC[C@@H]2Cc3c(cccc3OC)C[C@H]21,14,c1ccc2c(c1)C[C@H]1CCN[C@@H]1C2,train,232.32699999999994,1.4004999999999999,0.8374058542442961,17,34
evolved_bioisostere_1142,CCOCN1CCN(C2=Nc3ccccc3Sc3ccccc32)CC1,1,evolved_bioisostere,evolved_bioisostere,POCCOCCN1CCN(C2=Nc3ccccc3Sc3ccccc32)CC1,0 1 2,c1ccc2c(c1)N=C(N1CCNCC1)c1ccccc1S2,train,353.49100000000016,3.8411000000000035,0.8380102349387126,25,36
evolved_bioisostere_694,[2H]C1([2H])NC([2H])([2H])C([2H])([2H])N(S(=O)(=O)c2ccc(OCC)c(-c3nc4c(CCC)nn(C)c4c(=O)[nH]3)c2)C1([2H])[2H],0,authentic,authentic,,,O=c1[nH]c(-c2cccc(S(=O)(=O)N3CCNCC3)c2)nc2cn[nH]c12,train,468.60881422400024,1.2687,0.535319166136285,32,107
evolved_bioisostere_1627,COc1ccccc1C(=O)NS(=O)(=O)c1ccc(C2CC2)cc1,1,evolved_bioisostere,evolved_bioisostere,COc1ccccc1C(=O)NS(=O)(=O)c1ccc(C(=O)NC2CC2)cc1,18 19 20,O=C(NC1CC1)c1ccc(S(=O)(=O)NC(=O)c2ccccc2)cc1,train,331.3930000000001,2.691300000000001,0.9141262678726039,23,40
evolved_bioisostere_764,NC(=O)C[S@@](=O)Cc1ccccc1-c1ccc(Cl)cc1,0,authentic,authentic,,,c1ccc(-c2ccccc2)cc1,train,307.802,2.7410000000000005,0.923012003538625,20,38
evolved_bioisostere_806,O=C1CCC(c2ccc(-n3cncn3)cc2)=NN1,0,authentic,authentic,,,O=C1CCC(c2ccc(-n3cncn3)cc2)=NN1,train,241.25400000000002,0.8814,0.8479250212655487,18,31
evolved_bioisostere_2164,O=C(c1ccc(Cl)cc1-n1cncn1)C(O)(Cc1ccccc1)Cn1cncn1,1,evolved_bioisostere,evolved_bioisostere,O=C(c1ccc(Cl)cc1Cl)C(O)(Cc1ccccc1)Cn1cncn1,9 10 11 12 13,O=C(c1ccccc1)C(Cc1ccccc1)Cn1cncn1,train,408.8490000000001,2.368899999999999,0.471212299807627,29,48
evolved_bioisostere_263,Cc1cnc(C(=O)NCCc2ccc(S(=O)(=O)CC(=O)CC3CCCCC3)cc2F)cn1,0,authentic,authentic,,,O=C(CC1CCCCC1)CS(=O)(=O)c1ccc(CCNC(=O)c2cnccn2)cc1,val,461.55900000000037,3.2098200000000014,0.6146650981712204,32,54
evolved_bioisostere_243,O=C1[C@@H](CCC(O)c2ccc(F)cc2)[C@H](c2ccc(O)cc2)N1c1ccc(F)cc1,0,authentic,authentic,,,O=C1[C@@H](CCCc2ccccc2)[C@H](c2ccccc2)N1c1ccccc1,train,409.4320000000001,4.888300000000004,0.5702138618789355,30,60
evolved_bioisostere_1251,Cc1scc2c1C(CN1CCN(C)CC1)=Nc1ccccc1N2,1,evolved_bioisostere,evolved_bioisostere,Cc1scc2c1C(N1CCN(C)CC1)=Nc1ccccc1N2,7 8 9 10 11 12 13 14,c1ccc2c(c1)N=C(N1CCNCC1)c1cscc1N2,train,326.46899999999994,3.481720000000002,0.9164588498446844,23,36
evolved_bioisostere_2061,COCN1CC=C(c2c(O)cc(O)c3c(=O)cc(-c4cccc(C)c4)oc23)CC1,1,evolved_bioisostere,evolved_bioisostere,CN1CC=C(c2c(O)cc(O)c3c(=O)cc(-c4cccc(Cl)c4)oc23)CC1,0 1 23,O=c1cc(-c2ccccc2)oc2c(C3=CCNCC3)cccc12,train,393.4390000000002,3.872620000000003,0.7001238979774543,29,52
evolved_bioisostere_1276,CCCc1cccn2c(CC(=O)N(CCC)CCCO)c(-c3ccc(Cl)cc3)nc12,1,evolved_bioisostere,evolved_bioisostere,CCCN(CCC)C(=O)Cc1c(-c2ccc(Cl)cc2)nc2c([N+](=O)[O-])cccn12,0 1 2 19,c1ccc(-c2cn3ccccc3n2)cc1,train,427.9760000000001,4.770700000000006,0.5065894709664598,30,49
evolved_bioisostere_1690,CCc1cc(Cl)c(Cc2ccc(C)cc2)cc1[C@@H]1O[C@H]([C@H](O)CO)[C@H](O)[C@H]1O,1,evolved_bioisostere,evolved_bioisostere,CCc1ccc(Cc2cc([C@@H]3O[C@H]([C@H](O)CO)[C@H](O)[C@H]3O)c(OC)cc2Cl)cc1,0 1,c1ccc(Cc2cccc([C@H]3CCCO3)c2)cc1,train,406.9060000000001,2.316520000000001,0.5907698010232424,28,68
evolved_bioisostere_572,CN1CC(CC2N=C(c3ccccc3)c3ccccc3N(C)C2=O)c2ccccc21,0,authentic,authentic,,,O=C1Nc2ccccc2C(c2ccccc2)=NC1CC1CNc2ccccc21,train,395.5060000000002,4.492700000000005,0.6549516901406255,30,48
evolved_bioisostere_1126,COc1c(Cl)cccc1C(=O)NCCc1ccc(Cl)cc1,1,evolved_bioisostere,evolved_bioisostere,CNS(=O)(=O)c1ccc(CCNC(=O)c2cccc(Cl)c2OC)cc1,18,O=C(NCCc1ccccc1)c1ccccc1,train,324.207,3.9745000000000026,0.9035051016613936,21,34
evolved_bioisostere_1565,Cc1cc(-c2c(F)cc3c(=O)c(-c4ccccc4)cn(C4CC4)c3c2C)cc(O)n1,1,evolved_bioisostere,evolved_bioisostere,Cc1cc(-c2c(F)cc3c(=O)c(-c4ccccc4)cn(C4CC4)c3c2F)cc(C)n1,25 28,O=c1c(-c2ccccc2)cn(C2CC2)c2cc(-c3ccncc3)ccc12,train,400.4530000000002,5.526940000000004,0.4921296403025624,30,55
evolved_bioisostere_922,Cn1cc(C(=O)c2ccc3ccccc3c2)cc1/C=C/C(=O)NO,0,authentic,authentic,,,O=C(c1cc[nH]c1)c1ccc2ccccc2c1,test,320.348,2.9279,0.3359436375225598,24,41
evolved_bioisostere_1032,CNC(=O)c1ncn(C2OC(CO)C(O)C2O)n1,0,authentic,authentic,,,c1ncn(C2CCCO2)n1,train,258.234,-2.7507999999999986,0.4620902194411969,18,31
evolved_bioisostere_791,CC(NCCCNc1ccnc2cc(Cl)ccc12)c1ccc(-c2ccc(F)cc2)s1,0,authentic,authentic,,,c1ccc(-c2ccc(CNCCCNc3ccnc4ccccc34)s2)cc1,test,439.98700000000014,6.908600000000004,0.2927465242238438,30,48
evolved_bioisostere_150,COc1ccc(CCNCC(O)COC(=O)c2ccccc2Cl)cc1OC,0,authentic,authentic,,,O=C(OCCCNCCc1ccccc1)c1ccccc1,train,393.8670000000001,2.707200000000001,0.4771508577655704,27,39
evolved_bioisostere_591,OCCc1ccc(CCCOCCCCCCNCC(O)c2ccc(O)c(CO)c2)cc1,0,authentic,authentic,,,c1ccc(CCCOCCCCCCNCCc2ccccc2)cc1,train,445.6000000000001,3.2521000000000013,0.23966183765463614,32,44
evolved_bioisostere_1133,COc1ccc(-c2cn3cccc(C)c3n2)cc1,1,evolved_bioisostere,evolved_bioisostere,Cc1cccn2cc(-c3ccc(F)cc3)nc12,0 1,c1ccc(-c2cn3ccccc3n2)cc1,train,238.29000000000002,3.3183200000000017,0.6843211773362103,18,29
evolved_bioisostere_742,CCOC(=O)[C@H](CCc1ccccc1)N[C@@H](C)C(=O)N1[C@@H](C(=O)O)C[C@@H]2CC=C[C@H]21,0,authentic,authentic,,,O=C(CNCCCc1ccccc1)N1CC[C@@H]2CC=C[C@H]21,test,414.50200000000024,2.1591999999999993,0.47491237731898023,30,75
evolved_bioisostere_398,C[N+](C)(CC(=O)c1ccccc1)CC1OCCCO1,0,authentic,authentic,,,O=C(C[NH2+]CC1OCCCO1)c1ccccc1,train,264.34499999999997,1.7086999999999997,0.5997316260259662,19,33
evolved_bioisostere_1150,Clc1cc(Cl)cc(-c2nc[nH]c2-c2ccccc2)c1,1,evolved_bioisostere,evolved_bioisostere,Clc1cc(Cl)cc(-c2nc[nH]c2-c2cc(Cl)cc(Cl)c2)c1,,c1ccc(-c2nc[nH]c2-c2ccccc2)cc1,train,289.165,5.050500000000003,0.7022127858748523,19,36
evolved_bioisostere_1167,COc1cc(C#N)c(O)cc1CC(C)N,1,evolved_bioisostere,evolved_bioisostere,COc1cc(CC(C)N)c(OC)cc1C#N,,c1ccccc1,train,206.24499999999998,1.16218,0.7773931938767423,15,24
evolved_bioisostere_104,CS(=O)(=O)Nc1cc2c(c(C(=O)O)c1)NCCCC2,0,authentic,authentic,,,c1ccc2c(c1)CCCCN2,test,284.3370000000001,1.5045,0.7815438218072805,19,36
evolved_bioisostere_820,CC(=C/c1ccccc1)/C=N/Nc1nnc(N/N=C\C(C)=C\c2ccccc2)c2ccccc12,0,authentic,authentic,,,C(=C/c1ccccc1)/C=N/Nc1nnc(N/N=C\C=C\c2ccccc2)c2ccccc12,train,446.55800000000016,6.632200000000005,0.23519466232617256,34,58
evolved_bioisostere_92,CN(C)CCOc1ccc(C(=O)c2c(-c3ccc(O)cc3)oc3cc(O)ccc23)cc1,0,authentic,authentic,,,O=C(c1ccccc1)c1c(-c2ccccc2)oc2ccccc12,train,417.46100000000007,4.682400000000005,0.4249102477141642,31,53
evolved_bioisostere_1984,CO[C@@H](CC(=O)O)C[C@H](O)/C=C/c1c(-c2ccc(F)cc2)nc(Cl)nc1C(C)C,1,evolved_bioisostere,evolved_bioisostere,CC(C)c1nc(Cl)nc(-c2ccc(F)cc2)c1/C=C/[C@@H](O)C[C@@H](O)CC(=O)O,0,c1ccc(-c2ccncn2)cc1,train,422.8840000000001,4.313400000000003,0.5846645384415938,29,62
evolved_bioisostere_825,CC[NH+]1CCN(C(=O)CCN(CCc2ccccc2)C(=O)c2cnccn2)CC1,0,authentic,authentic,,,O=C(CCN(CCc1ccccc1)C(=O)c1cnccn1)N1CC[NH2+]CC1,test,396.51500000000016,0.2986000000000024,0.6967753979012252,29,49
evolved_bioisostere_1564,CCC1=NC2(CCCC2)C(=O)N1Cc1ccc(-c2ccccc2-c2nn[nH]n2)cc1,1,evolved_bioisostere,evolved_bioisostere,O=C1N(Cc2ccc(-c3ccccc3-c3nn[nH]n3)cc2)C(CCCCF)=NC12CCCC2,,O=C1N(Cc2ccc(-c3ccccc3-c3nn[nH]n3)cc2)C=NC12CCCC2,train,400.48600000000005,3.997200000000002,0.7012652000331336,30,53
evolved_bioisostere_749,COc1cccc(/C=C2\CCC(CN(C)C)C2(O)c2ccc(F)cc2)c1,0,authentic,authentic,,,C(=C1/CCCC1c1ccccc1)/c1ccccc1,train,355.453,4.077100000000003,0.8772762897609864,26,45
evolved_bioisostere_1489,Cc1nc2ccccc2n2nnc(C(=O)O)c12,1,evolved_bioisostere,evolved_bioisostere,O=C(O)c1nnn2c1c(O)nc1ccccc12,0,c1ccc2c(c1)ncc1cnnn12,train,228.21099999999996,1.28412,0.6782192808675365,17,28
evolved_bioisostere_541,NS(=O)(=O)c1cc(C(=S)OO)c(NCc2ccco2)cc1Cl,0,authentic,authentic,,,c1ccc(NCc2ccco2)cc1,train,362.81600000000003,2.3576000000000006,0.42454017046989556,22,40
evolved_bioisostere_1999,CC(=O)O[C@H]1C(=O)N(CC(=O)O)c2ccccc2S[C@H]1c1ccc(CC(=O)O)cc1,1,evolved_bioisostere,evolved_bioisostere,COc1ccc([C@@H]2Sc3ccccc3N(CC(=O)O)C(=O)[C@@H]2OC(C)=O)cc1,24 25 26 27,O=C1C[C@H](c2ccccc2)Sc2ccccc2N1,train,429.45000000000016,2.51,0.67212003863103,30,60
evolved_bioisostere_274,CC#CCn1cnc2c1C(=O)NC(O)N2C,0,authentic,authentic,,,O=C1NCNc2nc[nH]c21,train,220.232,-0.6381000000000003,0.617676419590179,16,26
evolved_bioisostere_882,C[N+]1(C)[C@@H]2CC(OC(=O)C(O)(c3cccs3)c3cccs3)C[C@H]1[C@@H]1O[C@@H]12.O.[Br-],0,authentic,authentic,,,O=C(OC1C[C@@H]2[NH2+][C@H](C1)[C@H]1O[C@H]12)C(c1cccs1)c1cccs1,train,490.44100000000014,-1.474999999999998,0.3219676571210469,28,77
evolved_bioisostere_220,CCCCc1oc2ccccc2c1C(=O)c1ccc(OC(C)N(CC)CC)cc1,0,authentic,authentic,,,O=C(c1ccccc1)c1coc2ccccc12,train,393.52700000000016,6.0730000000000075,0.309483004554937,29,44
evolved_bioisostere_1735,CCCCC(=O)N(Cc1ccc(-c2ccccc2CC(=O)O)cc1)[C@H](C(N)=O)C(C)C,1,evolved_bioisostere,evolved_bioisostere,CCCCC(=O)N(Cc1ccc(-c2ccccc2-c2nn[nH]n2)cc1)[C@H](C(N)=O)C(C)C,18 19 20 21,c1ccc(-c2ccccc2-c2nn[nH]n2)cc1,train,424.54100000000017,4.009400000000001,0.5690163419997131,31,57
evolved_bioisostere_16,NC(=O)Cc1ncn([C@@H]2O[C@H](CO)[C@@H](O)[C@H]2O)n1,0,authentic,authentic,,,c1ncn([C@H]2CCCO2)n1,train,258.234,-3.082599999999999,0.4478797568799271,18,49
evolved_bioisostere_1099,CCN1c2ccccc2C(N(C(C)=O)c2ccccc2)CC1C,1,evolved_bioisostere,evolved_bioisostere,CCCC(=O)N1c2ccccc2C(N(C(C)=O)c2ccccc2)CC1C,,c1ccc(NC2CCNc3ccccc32)cc1,train,308.42500000000007,4.399300000000004,0.8388208857852147,23,36
evolved_bioisostere_585,Cc1ccccc1/C=C1\NC(=O)NC1=O,0,authentic,authentic,,,O=C1NC(=O)/C(=C/c2ccccc2)N1,train,202.213,1.17532,0.5302767503921374,15,26
evolved_bioisostere_963,C1=C(c2c[nH]c3ccccc23)CCN(Cc2ccccc2)C1,0,authentic,authentic,,,C1=C(c2c[nH]c3ccccc23)CCN(Cc2ccccc2)C1,val,288.394,4.457200000000003,0.7537550680479805,22,38
evolved_bioisostere_1377,CO[C@H]1CCC[C@]2(C)c3ccc(C(C)C)cc3CC[C@@H]12,1,evolved_bioisostere,evolved_bioisostere,CC(C)c1ccc2c(c1)CC[C@H]1[C@@H](CO)CCC[C@]21C,0 1,c1ccc2c(c1)CC[C@H]1CCCCC21,train,272.432,4.829000000000004,0.7490528343500926,20,44
evolved_bioisostere_1339,COC(=O)Nc1nc2cc(C(=O)Nc3cccc(O)n3)ccc2[nH]1,1,evolved_bioisostere,evolved_bioisostere,COC(=O)Nc1nc2cc(C(=O)Nc3cccc(C)n3)ccc2[nH]1,18,O=C(Nc1ccccn1)c1ccc2[nH]cnc2c1,train,327.3,2.0940999999999996,0.5827305116428289,24,43
evolved_bioisostere_1726,Cc1ccn2c(C(=O)NCc3cccc(F)c3)c(F)nc2c1,1,evolved_bioisostere,evolved_bioisostere,Cc1ccn2c(C(=O)NCc3cccc(F)c3)c(C)nc2c1,18,O=C(NCc1ccccc1)c1cnc2ccccn12,train,301.29600000000005,2.8509200000000012,0.8083401454003567,22,37
evolved_bioisostere_1807,COc1ccnc(COc2ccc(C)nc2-c2ccc(C)cc2)c1,1,evolved_bioisostere,evolved_bioisostere,COc1ccc(-c2nc(C)ccc2OCc2cc(C)ccn2)cc1,0 1 20,c1ccc(-c2ncccc2OCc2ccccn2)cc1,train,320.39200000000005,4.348040000000004,0.7009210919427821,24,37
evolved_bioisostere_1223,O=C1N(Cc2ccc(-c3ccccc3-c3nn[nH]n3)cc2)C(CC(F)(F)F)=NC12CC2,1,evolved_bioisostere,evolved_bioisostere,CCCC1=NC2(CC2)C(=O)N1Cc1ccc(-c2ccccc2-c2nn[nH]n2)cc1,24 25 26,O=C1N(Cc2ccc(-c3ccccc3-c3nn[nH]n3)cc2)C=NC12CC2,train,426.4020000000002,3.759400000000002,0.6731151102405672,31,58
evolved_bioisostere_1013,CCN1CCN(CCCNC(=O)C(=O)c2c(C)[nH]c3ccccc23)CC1,0,authentic,authentic,,,O=C(NCCCN1CCNCC1)C(=O)c1c[nH]c2ccccc12,val,356.47000000000014,1.8028199999999992,0.450964447072385,26,45
evolved_bioisostere_576,Cc1ccccc1OCC(O)CNC(=O)c1ccccc1F,0,authentic,authentic,,,O=C(NCCCOc1ccccc1)c1ccccc1,val,303.333,2.30382,0.8606986257857044,22,31
evolved_bioisostere_2043,OCn1c(SCc2ccccn2)nc2ccccc21,1,evolved_bioisostere,evolved_bioisostere,[O-][N+]1(Cn2c(SCc3ccccn3)nc3ccccc32)CCOCC1,0,c1ccc(CSc2nc3ccccc3n2C[NH+]2CCOCC2)nc1,train,271.345,2.673400000000001,0.741195270562125,19,27
evolved_bioisostere_99,Cc1cnc(C(=O)N(CCC(=O)NCCN(C)C)CCc2ccccc2)cn1,0,authentic,authentic,,,O=C(NCCc1ccccc1)c1cnccn1,train,383.4960000000001,1.53782,0.6732992316129718,28,44
evolved_bioisostere_722,O=C1N[C@H](Cc2ccccc2)C(=O)N[C@@H]1Cc1ccccc1,0,authentic,authentic,,,O=C1N[C@H](Cc2ccccc2)C(=O)N[C@@H]1Cc1ccccc1,test,294.354,1.4549999999999992,0.8965887052252809,22,43
evolved_bioisostere_1194,CCCC(=O)OCC(COC(=O)CCC)OCn1cnc2c(=O)[nH]c(C)nc21,1,evolved_bioisostere,evolved_bioisostere,CCCC(=O)OCC(COC(=O)CCC)OCn1cnc2c(=O)[nH]c(N)nc21,25,O=c1[nH]cnc2[nH]cnc12,train,394.42800000000005,1.45732,0.5678387190204812,28,48
evolved_bioisostere_440,COc1ccc(-c2nc(C)c(C(=O)O)s2)c(OCc2ccc(F)cc2)c1,0,authentic,authentic,,,c1ccc(COc2ccccc2-c2nccs2)cc1,train,373.4050000000001,4.543420000000003,0.6867874848635003,26,46
evolved_bioisostere_493,O=C1c2ccccc2NS(=O)(=O)N1Cc1ccccc1,0,authentic,authentic,,,O=C1c2ccccc2NS(=O)(=O)N1Cc1ccccc1,test,288.328,1.9993,0.9187770825654019,20,33
evolved_bioisostere_1979,CCN(C[C@H](N)C(=O)O)c1cc2c(s1)Nc1cc(F)cc(F)c1N=C2N1CCN(C)CC1,1,evolved_bioisostere,evolved_bioisostere,CCc1cc2c(s1)Nc1cc(F)cc(F)c1N=C2N1CCN(C)CC1.O=C(O)/C=C/C(=O)O,0 1 2 3 4 5 6 7 8,c1ccc2c(c1)N=C(N1CCNCC1)c1ccsc1N2,train,464.5420000000003,2.6472000000000016,0.6259475704090055,32,60
evolved_bioisostere_936,O=C1CN=C(c2ccccc2)c2cc([N+](=O)[O-])ccc2N1,0,authentic,authentic,,,O=C1CN=C(c2ccccc2)c2ccccc2N1,train,281.27099999999996,2.3842999999999996,0.6771088741597445,21,42
evolved_bioisostere_1035,CCCCCCC(C(C)O)n1cnc(C(N)=O)c1N,0,authentic,authentic,,,c1c[nH]cn1,train,268.361,1.4564999999999997,0.6201359971644099,19,30
evolved_bioisostere_805,CCOc1cc2c(cc1OC)C(=O)C(F)(CC1CCN(Cc3ccccc3)CC1)C2,0,authentic,authentic,,,O=C1c2ccccc2CC1CC1CCN(Cc2ccccc2)CC1,train,411.51700000000017,4.843300000000005,0.6533400819311144,30,49
evolved_bioisostere_1935,Cc1ccc(-c2c(-c3ccncc3)nc3n2CCS3)cc1,1,evolved_bioisostere,evolved_bioisostere,Fc1ccc(-c2c(-c3ccncc3)nc3n2CCS3)cc1,0,c1ccc(-c2c(-c3ccncc3)nc3n2CCS3)cc1,train,293.395,4.026220000000003,0.7145574397529059,21,35
evolved_bioisostere_184,COCCOCCOC(=O)[C@@H]1CCCN1C(=O)[C@H](C)N[C@@H](CCc1ccccc1)C(=O)O,0,authentic,authentic,,,O=C(CNCCCc1ccccc1)N1CCCC1,train,450.53200000000015,1.247700000000003,0.32153394504458527,32,63
evolved_bioisostere_47,COc1ccc2c3c1OC1CC(O)C=CC31CCN(C(=O)CCl)C2,0,authentic,authentic,,,C1=CC23CCNCc4cccc(c42)OC3CC1,train,349.8140000000001,1.9859,0.6549870860271853,24,41
evolved_bioisostere_1018,COc1ccnc(CS(=O)c2nc3cc(N4CCOCC4)c(F)cc3[nH]2)c1C,0,authentic,authentic,,,O=S(Cc1ccccn1)c1nc2cc(N3CCOCC3)ccc2[nH]1,val,404.4670000000002,2.558420000000001,0.7040614747494754,28,48
evolved_bioisostere_2088,CCc1nnc2n1[C@@H]1CCN(C(=O)C[C@H](N)Cc3ccccc3)C[C@@H]1CC2,1,evolved_bioisostere,evolved_bioisostere,CCc1nnc2n1[C@@H]1CCN(C(=O)C[C@H](N)Cc3cc(F)c(F)cc3F)C[C@@H]1CC2,,O=C(CCCc1ccccc1)N1CC[C@@H]2[C@@H](CCc3nncn32)C1,train,367.49700000000007,2.136399999999999,0.8782580212796933,27,56
evolved_bioisostere_2066,COC(=O)C1=C(C)NC(C)=C(C(=O)OC)C1c1c(Cl)cccc1OC,1,evolved_bioisostere,evolved_bioisostere,COC(=O)C1=C(C)NC(C)=C(C(=O)OC)C1c1c(F)cccc1Cl,23 24,C1=CC(c2ccccc2)C=CN1,train,365.8130000000001,2.929400000000001,0.8268630956526489,25,46
evolved_bioisostere_1021,CCC[C@H]1CC[C@@H]2CC[C@@H](CCCCCC(C)=O)N21,0,authentic,authentic,,,C1CC2CCCN2C1,test,265.4409999999999,4.321400000000004,0.6091028539794456,19,42
evolved_bioisostere_956,CCCCc1oc2ccccc2c1C(O)c1ccc(-c2ccc(O)cc2)cc1,0,authentic,authentic,,,c1ccc(-c2ccc(Cc3coc4ccccc34)cc2)cc1,train,372.46400000000006,6.2297000000000065,0.42172014944280134,28,43
evolved_bioisostere_1054,COc1cc(N)c(Cl)cc1C(=O)OCCN1CCC(CNC(=O)CCC2CCCCC2)CC1,0,authentic,authentic,,,O=C(CCC1CCCCC1)NCC1CCN(CCOC(=O)c2ccccc2)CC1,val,480.0490000000005,4.2763000000000035,0.3840468809880391,33,52
evolved_bioisostere_1020,CC(=O)[C@@]1(O)CC[C@H]2[C@@H]3C[C@H](C)C4=CC(=O)CC[C@]4(C)[C@@]3(F)[C@@H](O)C[C@@]21C,0,authentic,authentic,,,O=C1C=C2CC[C@@H]3C(CCC4CCC[C@H]43)C2CC1,test,378.4840000000001,3.147300000000002,0.7350511852376291,27,85
evolved_bioisostere_326,COc1ccc(-c2cc(O)c3cc4c(cc3n2)OCO4)cc1,0,authentic,authentic,,,c1ccc(-c2ccc3cc4c(cc3n2)OCO4)cc1,test,295.294,3.3447000000000022,0.78533118428684,22,37
evolved_bioisostere_1562,COc1cc2c(cc1S(N)(=O)=O)S(=O)(=O)N(C)C(C)N2,1,evolved_bioisostere,evolved_bioisostere,CC1Nc2cc(Cl)c(S(N)(=O)=O)cc2S(=O)(=O)N1C,0 1,O=S1(=O)NCNc2ccccc21,train,321.38,-0.2653999999999998,0.7740446497342056,20,42
evolved_bioisostere_388,CC(=O)Nc1ccc(C)c(Nc2nccc(-c3cccnc3)n2)c1,0,authentic,authentic,,,c1ccc(Nc2nccc(-c3cccnc3)n2)cc1,train,319.368,3.5490200000000014,0.7685095433428664,24,40
evolved_bioisostere_640,C[C@@H]1C=C(C2=Nc3cc(Cl)ccc3Nc3ccccc32)CCN1C,0,authentic,authentic,,,C1=C(C2=Nc3ccccc3Nc3ccccc32)CCNC1,val,337.85400000000016,5.168200000000004,0.7771249474216068,24,44
evolved_bioisostere_1476,COc1ccc2c(c1)[C@@H]1[C@@H](CCN1C)CO2,1,evolved_bioisostere,evolved_bioisostere,CNC(=O)Oc1ccc2c(c1)[C@@H]1[C@@H](CCN1C)CO2,,c1ccc2c(c1)OC[C@@H]1CCN[C@H]21,train,219.28399999999993,2.0804,0.7215140988517191,16,36
evolved_bioisostere_1183,CCOC(=O)c1cc2ccccn2/c(=N/c2ccc(C)cc2)n1,1,evolved_bioisostere,evolved_bioisostere,CCOC(=O)c1cc2ccccn2/c(=N/c2ccc(Cl)cc2)n1,19,c1ccc(/N=c2\nccc3ccccn23)cc1,train,307.353,3.051820000000001,0.6988217183404396,23,39
evolved_bioisostere_1912,CCc1ccc(Cc2cc([C@@H]3O[C@H]([C@H](O)CO)[C@H](O)[C@H]3O)c(OC)cc2SC)cc1,1,evolved_bioisostere,evolved_bioisostere,CCc1ccc(Cc2cc([C@@H]3O[C@H]([C@H](O)CO)[C@H](O)[C@H]3O)c(OC)cc2Cl)cc1,26 27,c1ccc(Cc2cccc([C@H]3CCCO3)c2)cc1,train,434.55400000000014,2.0851999999999995,0.47228660468236533,30,69
evolved_bioisostere_670,CCN(CC)CC1CCC2(CC1)Nc1cc(Cl)c(S(N)(=O)=O)cc1S(=O)(=O)N2.Cl,0,authentic,authentic,,,O=S1(=O)NC2(CCCCC2)Nc2ccccc21,val,487.4750000000001,2.3413,0.5863490978483249,29,58
evolved_bioisostere_1666,Nc1nc(O)nc2ccc(Sc3ccccc3F)cc12,1,evolved_bioisostere,evolved_bioisostere,Nc1nc(O)nc2ccc(Sc3ccc4ccccc4c3)cc12,17,c1ccc2cc(Sc3ccc4ncncc4c3)ccc2c1,train,287.319,3.2079000000000004,0.7569201260791948,20,30
evolved_bioisostere_327,CCOCC(=O)N[C@H]1CCc2cc(OC)c(OC)c(OC)c2-c2ccc(OC)c(=O)cc21,0,authentic,authentic,,,O=c1cccc2c(c1)CCCc1ccccc1-2,train,443.4960000000002,2.888200000000001,0.6706645381722979,32,57
evolved_bioisostere_1847,Cc1oc(-c2ccccc2)cc1C(=O)C(C)(C)C,1,evolved_bioisostere,evolved_bioisostere,Cc1oc(-c2ccccc2)cc1C(=O)O,14 15 16 17,c1ccc(-c2ccco2)cc1,train,242.31799999999996,4.483820000000003,0.726475525326263,18,32
evolved_bioisostere_2109,C=Cn1c(=O)c2nc(-c3ccc(C(C)C)cc3)[nH]c2n(C)c1=O,1,evolved_bioisostere,evolved_bioisostere,CC(C)c1ccc(-c2nc3c(=O)n(C)c(=O)n(C)c3[nH]2)cc1,0,O=c1[nH]c(=O)c2nc(-c3ccccc3)[nH]c2[nH]1,train,310.3570000000001,2.3141999999999996,0.8065950781789523,23,46
evolved_bioisostere_1971,CCOc1cc(O)cc(-c2nc(C(F)(F)F)n(C)c2-c2cc(Cl)cc(Cl)c2)c1,1,evolved_bioisostere,evolved_bioisostere,Cn1c(C(F)(F)F)nc(-c2cc(Cl)cc(Cl)c2)c1-c1cc(Cl)cc(Cl)c1,0 1 2 6,c1ccc(-c2nc[nH]c2-c2ccccc2)cc1,train,431.2410000000001,6.184000000000004,0.5365375152471908,28,54
evolved_bioisostere_2106,COC(=O)[C@@H](CCN1CCC[C@@H](C)C1)N(C)S(=O)(=O)c1cccc2ccccc12,1,evolved_bioisostere,evolved_bioisostere,C[C@@H]1CCCN(CC[C@H](C)N(C)S(=O)(=O)c2cccc3ccccc23)C1,0 1 3,O=S(=O)(NCCCN1CCCCC1)c1cccc2ccccc12,test,418.55900000000014,3.1239000000000017,0.6465386257262453,29,60
evolved_bioisostere_856,Cc1ccccc1OCC(O)CNC(=O)Cc1ccc(F)cc1,0,authentic,authentic,,,O=C(Cc1ccccc1)NCCCOc1ccccc1,val,317.36,2.2327199999999996,0.8231930393713704,23,34
evolved_bioisostere_1260,OCCc1ccc(OCc2ccccc2)cc1,1,evolved_bioisostere,evolved_bioisostere,NNCCCc1ccc(OCc2ccccc2)cc1,0,c1ccc(COc2ccccc2)cc1,train,228.29100000000003,2.8004000000000007,0.8523107445129081,17,23
evolved_bioisostere_1769,Cc1cc2ncnc(Nc3cccc(Br)c3)c2cc1OC(N)=O,1,evolved_bioisostere,evolved_bioisostere,CCOc1cc2ncnc(Nc3cccc(Br)c3)c2cc1OCC,0 21 22,c1ccc(Nc2ncnc3ccccc23)cc1,train,373.2100000000002,3.9018200000000016,0.7267980103156048,23,37
evolved_bioisostere_786,CC(=O)N(C)CC#CCN1CCC(F)CC1,0,authentic,authentic,,,C1CCNCC1,val,226.29499999999993,0.9019999999999999,0.6531963363202966,16,26
evolved_bioisostere_1936,Cc1cc(C)cc(-c2[nH]c3ccccc3c2CCO)c1,1,evolved_bioisostere,evolved_bioisostere,Cc1cc(C)cc(-c2[nH]c3ccccc3c2CCNCCc2cccnc2)c1,18,c1ccc(-c2[nH]c3ccccc3c2CCNCCc2cccnc2)cc1,test,265.356,3.9865400000000024,0.737811085028729,20,34
evolved_bioisostere_594,Cc1ccc(S(=O)(=O)N2CCN(C(=O)c3cnc(C)cn3)CC2)c(C)c1,0,authentic,authentic,,,O=C(c1cnccn1)N1CCN(S(=O)(=O)c2ccccc2)CC1,val,374.4660000000002,1.54856,0.8138916015420372,26,49
evolved_bioisostere_103,CCO.Cl.O=C(O)COCCN1CCN(C(c2ccccc2)c2ccc(Cl)cc2)CC1,0,authentic,authentic,,,c1ccc(C(c2ccccc2)N2CCNCC2)cc1,train,471.4250000000002,3.5686000000000018,0.5740087423497112,31,50
evolved_bioisostere_198,OCCN1CCN([C@H](c2ccccc2)c2ccc(Cl)cc2)CC1,0,authentic,authentic,,,c1ccc(C(c2ccccc2)N2CCNCC2)cc1,train,330.85900000000015,3.039300000000001,0.9125177713065794,23,40
evolved_bioisostere_288,COC[C@H]1CN(c2ccc(OCC[C@@H](C)O)cc2)C(=O)O1,0,authentic,authentic,,,O=C1OCCN1c1ccccc1,train,295.33500000000004,1.8079,0.8305859596224375,21,43
evolved_bioisostere_507,Oc1ccc(Cl)cc1-n1nc(-c2ccccc2)nc1O,0,authentic,authentic,,,c1ccc(-c2ncn(-c3ccccc3)n2)cc1,test,287.706,2.9989000000000012,0.7599137873280918,20,33
evolved_bioisostere_1841,Cc1c(C(C)(C)C)cc(CCc2cccnc2)cc1C(C)(C)F,1,evolved_bioisostere,evolved_bioisostere,CC(C)(C)c1cc(CCc2cccnc2)cc(C(C)(C)C)c1O,0 22,c1ccc(CCc2cccnc2)cc1,train,313.46000000000004,5.677320000000005,0.7076244462692154,23,39
evolved_bioisostere_1095,CN1Cc2c(C(=O)OCC3CC3)ncn2-c2ccc(C3CC3)cc2C1=O,1,evolved_bioisostere,evolved_bioisostere,CN1Cc2c(C(=O)OCC3CC3)ncn2-c2ccc(Cl)cc2C1=O,19 20 21,O=C1NCc2c(C(=O)OCC3CC3)ncn2-c2ccccc21,train,351.4060000000002,2.9021000000000017,0.7947238795178516,26,45
evolved_bioisostere_501,NCC1(CC(=O)O)CCCCC1.O=P(O)(O)O,0,authentic,authentic,,,C1CCCCC1,train,269.2339999999999,0.44169999999999915,0.4678753186710091,17,30
evolved_bioisostere_1910,OCCc1ccc(/C=C2\CCCN=C2c2cccnc2)cc1,1,evolved_bioisostere,evolved_bioisostere,CC(C)(C)Oc1ccc(/C=C2\CCCN=C2c2cccnc2)cc1,0 1 2,C(=C1/CCCN=C1c1cccnc1)/c1ccccc1,train,292.38199999999995,3.2829000000000024,0.9396122060071512,22,34
evolved_bioisostere_990,CCCNCC(O)COc1ccccc1CCCc1ccccc1,0,authentic,authentic,,,c1ccc(CCCc2ccccc2)cc1,train,327.468,3.601200000000002,0.6196882401671059,24,30
evolved_bioisostere_2090,CNC(=O)c1cc(Oc2ccc(NC(=O)c3ccc(C#N)cc3)cc2)ccn1,1,evolved_bioisostere,evolved_bioisostere,CNC(=O)c1cc(Oc2ccc(NC(=O)c3ccc(C(F)(F)F)cc3)cc2)ccn1,20,O=C(Nc1ccc(Oc2ccncc2)cc1)c1ccccc1,train,372.38400000000007,3.3574800000000016,0.7145852011992834,28,47
evolved_bioisostere_434,CNC(=O)c1nc(-c2cccc(NS(=O)(=O)c3ccccc3)c2)cnc1N,0,authentic,authentic,,,O=S(=O)(Nc1cccc(-c2cnccn2)c1)c1ccccc1,train,383.4330000000001,1.8861999999999999,0.6173152277668632,27,47
evolved_bioisostere_1517,COCc1ccc(-c2nc3c4ccccc4ccn3c2C(C)=O)cc1,1,evolved_bioisostere,evolved_bioisostere,CC(=O)c1c(-c2ccc(C)cc2)nc2c3ccccc3ccn12,0 1,c1ccc(-c2cn3ccc4ccccc4c3n2)cc1,train,330.3870000000001,4.503500000000004,0.5173625218799721,25,39
evolved_bioisostere_535,CC(=C/c1ccccc1)/C=N/Nc1nnc(N/N=C/C(C)=C/c2ccccc2)c2ccccc12,0,authentic,authentic,,,C(=C/c1ccccc1)/C=N/Nc1nnc(N/N=C/C=C/c2ccccc2)c2ccccc12,val,446.55800000000016,6.632200000000005,0.23519466232617256,34,58
evolved_bioisostere_1633,COc1cc2c(N)nc(N3CCN(S(=O)(=O)c4cccs4)CC3)nc2cc1-c1cccs1,1,evolved_bioisostere,evolved_bioisostere,COc1cc2nc(N3CCN(S(=O)(=O)c4cccs4)CC3)nc(N)c2cc1OC,27 28 29 30 31,O=S(=O)(c1cccs1)N1CCN(c2ncc3ccccc3n2)CC1,train,487.6320000000002,3.5215000000000023,0.459497327065822,32,55
evolved_bioisostere_1414,CNC(=O)c1cc(Oc2ccc(-c3cc(C(F)F)ccc3F)cc2)ccn1,1,evolved_bioisostere,evolved_bioisostere,CNC(=O)c1cc(Oc2ccc(NC(=O)Nc3cc(C(F)F)ccc3F)cc2)ccn1,12 13 14 15 16 17 18 19 20 21,O=C(Nc1ccccc1)Nc1ccc(Oc2ccncc2)cc1,train,372.346,4.977200000000003,0.6874278852769526,27,45
evolved_bioisostere_1307,Cc1cc2nc(N3CCN(S(=O)(=O)c4cccs4)CC3)nc(N)c2cc1CF,1,evolved_bioisostere,evolved_bioisostere,COc1cc2nc(N3CCN(S(=O)(=O)c4cccs4)CC3)nc(N)c2cc1OC,0 26 27,O=S(=O)(c1cccs1)N1CCN(c2ncc3ccccc3n2)CC1,train,421.52300000000025,2.5623200000000006,0.6960683983615253,28,48
evolved_bioisostere_1280,COc1ccc(OC(F)(F)F)c(C(=O)NC2CCN(Cc3ccccc3)CC2)c1,1,evolved_bioisostere,evolved_bioisostere,COc1ccc(Cl)cc1C(=O)NC1CCN(Cc2ccccc2)CC1.Cl,0 1 8 9 10,O=C(NC1CCN(Cc2ccccc2)CC1)c1ccccc1,train,408.4200000000002,3.9882000000000035,0.7855068345157027,29,48
evolved_bioisostere_588,NC1=NC(c2cccs2)Cc2ccsc21,0,authentic,authentic,,,C1=NC(c2cccs2)Cc2ccsc21,test,234.34899999999996,2.8123000000000014,0.8092592658757748,15,24
evolved_bioisostere_1393,OCCCc1ccc(OCc2ccccc2)cc1,1,evolved_bioisostere,evolved_bioisostere,NNCCCc1ccc(OCc2ccccc2)cc1,0,c1ccc(COc2ccccc2)cc1,train,242.318,3.190500000000002,0.8426025915112895,18,24
evolved_bioisostere_835,CC(C)(c1ccc(Cl)cc1)c1nnc(N)nc1N,0,authentic,authentic,,,c1ccc(Cc2cncnn2)cc1,train,263.732,2.0152999999999994,0.8649224162544612,18,31
evolved_bioisostere_1902,CCN1CCN(C2=Nc3ccc(C)cc3Nc3sc(C)cc32)CC1,1,evolved_bioisostere,evolved_bioisostere,CCc1cc2c(s1)Nc1cc(C)ccc1N=C2N1CCN(C)CC1,0,c1ccc2c(c1)N=C(N1CCNCC1)c1ccsc1N2,train,340.4960000000002,4.137740000000003,0.846375565422526,24,39
evolved_bioisostere_1983,Cc1ccnc2c(NC(C)CCCN)cc(CO)c(Oc3ccccc3)c12,1,evolved_bioisostere,evolved_bioisostere,COc1cc(NC(C)CCCN)c2nccc(C)c2c1Oc1ccccc1,16 17,c1ccc(Oc2cccc3ncccc23)cc1,train,365.47700000000003,4.3671200000000026,0.5523139920651764,27,41
evolved_bioisostere_1702,CCOc1ccc2nc(SCC(=O)NC(C)=O)[nH]c2c1,1,evolved_bioisostere,evolved_bioisostere,CCOc1ccc2nc(SCC(=O)NCc3ccc(OC)cc3)[nH]c2c1,15 16,O=C(CSc1nc2ccccc2[nH]1)NCc1ccccc1,train,293.34799999999996,1.7163999999999995,0.8199690055120031,20,35
evolved_bioisostere_1800,Cc1ccc(Sc2ccc(C3=NCCN3)cc2)cc1,1,evolved_bioisostere,evolved_bioisostere,COc1ccc(Sc2ccc(C3=NCCN3)cc2)cc1,0,c1ccc(Sc2ccc(C3=NCCN3)cc2)cc1,train,268.385,3.4960200000000015,0.9211162396126813,19,30
evolved_bioisostere_647,N=C(N)c1ccc(CNC(=O)C2=CCCC2C(=O)N2CCc3ccccc32)cc1,0,authentic,authentic,,,O=C(NCc1ccccc1)C1=CCCC1C(=O)N1CCc2ccccc21,train,388.4710000000001,2.512570000000001,0.5420059723113334,29,49
evolved_bioisostere_245,CCCCNC(=O)O[C@@H]1C=CC23CCN(C)Cc4ccc(OC)c(c42)O[C@@H]3C1,0,authentic,authentic,,,C1=CC23CCNCc4cccc(c42)O[C@@H]3CC1,train,386.49200000000013,3.3843000000000023,0.6209479892171466,28,56
evolved_bioisostere_298,O=C(O)c1ccc(N/C(S)=N/c2ccccc2)cc1O,0,authentic,authentic,,,C(=N\c1ccccc1)/Nc1ccccc1,test,288.32800000000003,3.1198,0.3971824890509363,20,34
evolved_bioisostere_1857,COC(=O)C1=C(C)NC(C)=C(C(=O)OC)C1c1c(C)cccc1F,1,evolved_bioisostere,evolved_bioisostere,COC(=O)C1=C(C)NC(C)=C(C(=O)OC)C1c1c(F)cccc1Cl,18,C1=CC(c2ccccc2)C=CN1,train,333.35900000000004,2.714920000000001,0.8618218575617532,24,44
evolved_bioisostere_1218,COc1ccc(SC)c(C(=O)NC2CCN(Cc3ccccc3)CC2)c1,1,evolved_bioisostere,evolved_bioisostere,COc1ccc(Cl)cc1C(=O)NC1CCN(Cc2ccccc2)CC1.Cl,0 1 6 7,O=C(NC1CCN(Cc2ccccc2)CC1)c1ccccc1,train,370.5180000000001,3.811500000000003,0.7853178814143664,26,41
evolved_bioisostere_1663,Cc1ccc2c(c1)C(c1cccc(Cl)c1)=NCC(=O)N2,1,evolved_bioisostere,evolved_bioisostere,O=C1CN=C(c2cccc(Cl)c2)c2cc([N+](=O)[O-])ccc2N1,0,O=C1CN=C(c2ccccc2)c2ccccc2N1,train,284.746,3.437920000000002,0.8562045601904681,20,37
evolved_bioisostere_1003,Nc1ccn(C2OC(CO)C(Cl)C2O)c(=O)n1,0,authentic,authentic,,,O=c1ncccn1C1CCCO1,test,261.665,-1.3165,0.5699112624168409,17,31
evolved_bioisostere_1978,CS[C@H]1CCCN1C(=O)[C@H](C)NC(=O)[C@@H](N)Cc1ccccc1,1,evolved_bioisostere,evolved_bioisostere,C[C@H](NC(=O)[C@@H](N)Cc1ccccc1)C(=O)N1CCC[C@@H]1C(=O)O,0 1,O=C(CCc1ccccc1)NCC(=O)N1CCCC1,train,335.4730000000001,1.3726000000000003,0.8232873030870747,23,50
evolved_bioisostere_1237,CCOc1cc2ncnc(Nc3cccc(Br)c3)c2cc1OCC#N,1,evolved_bioisostere,evolved_bioisostere,CCOc1cc2ncnc(Nc3cccc(Br)c3)c2cc1OCC,24,c1ccc(Nc2ncnc3ccccc23)cc1,train,399.24800000000016,4.436980000000003,0.660426017812401,25,37
evolved_bioisostere_1186,CC(=O)NCCn1ccc(-c2ccn3c(-c4ccccc4)cnc3c2)cc1=O,1,evolved_bioisostere,evolved_bioisostere,O=c1cc(-c2ccn3c(-c4ccccc4)cnc3c2)ccn1CCCN1CCCCC1,0 1 2 3,O=c1cc(-c2ccn3c(-c4ccccc4)cnc3c2)ccn1CCCN1CCCCC1,train,372.4280000000001,2.966100000000001,0.5855972555956667,28,46
evolved_bioisostere_2039,CC(=O)N[C@H]1[C@H](N2CCOCC2)C=C(N2CCOCC2)C[C@@H]1N,1,evolved_bioisostere,evolved_bioisostere,CC(=O)N[C@H]1[C@H](N2CCOCC2)C=C(C(=O)O)C[C@@H]1N,14 15 16 17 18 19,C1=C[C@@H](N2CCOCC2)CCC1,train,324.42500000000007,-0.8609999999999958,0.7031612904738747,23,50
evolved_bioisostere_124,CC(C)=CCC/C(C)=C/CC/C(C)=C/Cc1c(O)c(C)c2c(c1O)C(=O)OC2,0,authentic,authentic,,,O=C1OCc2ccccc21,train,384.5160000000002,6.038320000000007,0.423541983714322,28,54
evolved_bioisostere_1706,CSCN1CCN(C2=Nc3ccc(F)cc3Nc3sc(C)cc32)C[C@@H]1C,1,evolved_bioisostere,evolved_bioisostere,CSCC[C@H]1CN(C2=Nc3ccc(F)cc3Nc3sc(C)cc32)CCN1C,0 1,c1ccc2c(c1)N=C(N1CCNCC1)c1ccsc1N2,train,390.55300000000017,4.657520000000004,0.8081364171692835,26,46
evolved_bioisostere_863,O=C(O)C(=O)/C=C(\O)c1ccccc1Cl,0,authentic,authentic,,,c1ccccc1,train,226.615,1.8926,0.46894095272390607,15,29
evolved_bioisostere_1084,CC(C)c1nc2c(c(-c3ccc(F)cc3)c1/C=C/[C@@H](O)C[C@@H](O)CC(N)=O)CCN2C,1,evolved_bioisostere,evolved_bioisostere,CC(C)c1nc2c(c(-c3ccc(F)cc3)c1/C=C/[C@@H](O)C[C@@H](O)CC(=O)O)CCN2S(C)(=O)=O,25 30,c1ccc(-c2ccnc3c2CCN3)cc1,train,427.52000000000027,3.0039000000000016,0.6014413349294456,31,66
evolved_bioisostere_186,Cc1c2ccncc2c(C)c2c1[nH]c1c(O)cccc12,0,authentic,authentic,,,c1ccc2c(c1)[nH]c1cc3ccncc3cc12,test,262.312,4.191740000000002,0.498881579229841,20,35
evolved_bioisostere_332,COc1cc2c(cc1OC)C(=O)C(CC1CC[NH+](Cc3ccccc3)CC1)C2,0,authentic,authentic,,,O=C1c2ccccc2CC1CC1CC[NH+](Cc2ccccc2)CC1,val,380.50800000000015,2.944000000000001,0.8376496993211402,28,49
evolved_bioisostere_116,O=C1c2ccccc2O[C@@H]2CSc3ccccc3[C@H]12,0,authentic,authentic,,,O=C1c2ccccc2O[C@@H]2CSc3ccccc3[C@H]12,val,268.337,3.519800000000002,0.7309815117767526,19,37
evolved_bioisostere_168,CCOc1ccc2nc(S(N)(=O)=O)sc2c1,0,authentic,authentic,,,c1ccc2scnc2c1,train,258.32399999999996,1.3424,0.9002834195387214,16,28
evolved_bioisostere_1382,CC1C(O)C(CO)OC1n1cnc(C(N)=O)n1,1,evolved_bioisostere,evolved_bioisostere,NC(=O)c1ncn(C2OC(CO)C(O)C2O)n1,0,c1ncn(C2CCCO2)n1,train,242.235,-1.736299999999999,0.5779570173074491,17,30
evolved_bioisostere_701,CC=C(C)C=NNc1nnc(NN=CC(C)=CC)c2ccccc12,0,authentic,authentic,,,c1ccc2cnncc2c1,train,322.41600000000005,4.357600000000003,0.6119582254232351,24,38
evolved_bioisostere_631,CN(C/C=C/C#CC(C)(C)C)c1cccc2c1CCC(=O)N2,0,authentic,authentic,,,O=C1CCc2ccccc2N1,train,296.414,3.6132000000000017,0.8641821998012366,22,39
evolved_bioisostere_690,COc1cnc(CSc2nc3ccc(OC(F)F)cc3[nH]2)cc1OC,0,authentic,authentic,,,c1ccc(CSc2nc3ccccc3[nH]2)nc1,train,367.37700000000007,3.868800000000002,0.6395519917340197,25,40
evolved_bioisostere_2058,Cc1csc(C)c1-c1scc2c1C(N1CCN(C)CC1)=Nc1ccccc1N2,1,evolved_bioisostere,evolved_bioisostere,Cc1scc2c1C(N1CCN(C)CC1)=Nc1ccccc1N2,0 1 2 3 4 5 6,c1ccc2c(c1)N=C(N1CCNCC1)c1cscc1N2,train,408.5960000000001,5.476140000000006,0.5786511133231063,28,46
evolved_bioisostere_382,N#Cc1ccc(-c2cncc(O[C@@H]3CCNC3)c2)cc1,0,authentic,authentic,,,c1ccc(-c2cncc(O[C@@H]3CCNC3)c2)cc1,train,265.316,2.3609799999999996,0.9252089361100282,20,37
evolved_bioisostere_1240,NCCC1C(=O)N(c2ccc(F)cc2)C1c1ccc(OCc2ccccc2)cc1,1,evolved_bioisostere,evolved_bioisostere,O=C(O)CCC1C(=O)N(c2ccc(F)cc2)C1c1ccc(OCc2ccccc2)cc1,0,O=C1CC(c2ccc(OCc3ccccc3)cc2)N1c1ccccc1,train,390.45800000000014,4.457600000000004,0.6062968292106212,29,46
evolved_bioisostere_512,O=C(O)C(Cc1ccccc1)c1c[nH]cn1,0,authentic,authentic,,,c1ccc(CCc2c[nH]cn2)cc1,train,216.24000000000004,1.8205999999999998,0.8187923482988405,16,28
evolved_bioisostere_1124,NC(=O)c1ccc2c(c1)CCC(c1cccnc1)=C2,1,evolved_bioisostere,evolved_bioisostere,COc1ccc2c(c1)CCC(c1cccnc1)=C2,0 1 2,C1=C(c2cccnc2)CCc2ccccc21,train,250.30099999999996,2.667300000000001,0.8904283402391281,19,33
evolved_bioisostere_804,COc1cc2nc(S(=O)Cc3ncc(OC)c(OC)c3C)[nH]c2cc1OC(F)F,0,authentic,authentic,,,O=S(Cc1ccccn1)c1nc2ccccc2[nH]1,train,427.4290000000001,3.2013200000000017,0.5897860663034381,29,49
evolved_bioisostere_1026,CN1CCN(c2cc3c(cc2F)c(=O)c(C(=O)O)cn3N(C)C)CC1,0,authentic,authentic,,,O=c1cc[nH]c2cc(N3CCNCC3)ccc12,train,348.3780000000001,0.7882,0.8844791530781589,25,45
evolved_bioisostere_323,CC1(C)N=C(N)N=C(N)N1c1cccc([N+](=O)[O-])c1,0,authentic,authentic,,,C1=NC=NCN1c1ccccc1,train,262.273,0.7803,0.6017515478369339,19,42
evolved_bioisostere_1163,OCc1ccc2nc(-c3ccccc3)cn2c1,1,evolved_bioisostere,evolved_bioisostere,c1ccc(-c2ccc3nc(-c4ccccc4)cn3c2)cc1,0 1,c1ccc(-c2ccc3nc(-c4ccccc4)cn3c2)cc1,train,224.26300000000003,2.4936,0.7258005369284217,17,26
evolved_bioisostere_1417,Cc1ccc2c(c1)C(=O)N(C)Cc1c(C(=O)OCC3CC3)ncn1-2,1,evolved_bioisostere,evolved_bioisostere,CN1Cc2c(C(=O)OCC3CC3)ncn2-c2ccc(Cl)cc2C1=O,0,O=C1NCc2c(C(=O)OCC3CC3)ncn2-c2ccccc21,train,325.36800000000005,2.33312,0.8126107409399487,24,45
evolved_bioisostere_923,CCOc1ccc(CN2CCC(C(=O)NO)CC2)cc1-c1nc2c(CC)nn(C)c2c(=O)[nH]1,0,authentic,authentic,,,O=c1[nH]c(-c2cccc(CN3CCCCC3)c2)nc2cn[nH]c12,train,454.53100000000023,2.0020999999999995,0.36825213308108284,33,59
evolved_bioisostere_1321,CC(=O)Cc1nc2ccccc2n1Cc1ccc(-c2ccccc2-c2nn[nH]n2)cc1,1,evolved_bioisostere,evolved_bioisostere,CCCCc1nc2ccccc2n1Cc1ccc(-c2ccccc2-c2nn[nH]n2)cc1,2,c1ccc(-c2nn[nH]n2)c(-c2ccc(Cn3cnc4ccccc43)cc2)c1,train,408.46500000000003,4.063200000000002,0.45756040861134717,31,51
evolved_bioisostere_663,C=C1CC2C3CCC4=CC(=O)C=CC4(C)C3C(O)CC2(C)C1(O)C(=O)CO,0,authentic,authentic,,,C=C1CC2CCC3C4C=CC(=O)C=C4CCC3C2C1,val,372.4610000000002,1.7236999999999996,0.6418402177877373,27,52
evolved_bioisostere_674,CN(C)C(=O)N1CC[C@H](c2ccc(F)cc2)[C@H](COc2ccc3c(c2)OCO3)C1,0,authentic,authentic,,,c1ccc([C@H]2CCNC[C@H]2COc2ccc3c(c2)OCO3)cc1,val,400.4500000000002,3.720500000000003,0.7850331692201702,29,58
evolved_bioisostere_1245,CC(C)c1nc(N(C)S(C)(=O)=O)nc(-c2ccc(F)cc2)c1/C=C/[C@@H]1C[C@H](CO)OC(C)(C)O1,1,evolved_bioisostere,evolved_bioisostere,COC(=O)C[C@H]1C[C@@H](/C=C/c2c(-c3ccc(F)cc3)nc(N(C)S(C)(=O)=O)nc2C(C)C)OC(C)(C)O1,28,C(=C\[C@@H]1CCOCO1)/c1cncnc1-c1ccccc1,train,493.6010000000003,3.7176000000000027,0.6272241093492438,34,75
evolved_bioisostere_626,COc1ccc(-n2nc(C(F)(F)F)c3c2C(=O)N(CCCCCN(C)C)CC3)cc1,0,authentic,authentic,,,O=C1NCCc2cnn(-c3ccccc3)c21,train,424.4670000000003,3.629900000000003,0.60760587629933,30,52
evolved_bioisostere_508,Cl.NCC(=O)Nc1ccc([N+](=O)[O-])cc1/C(=N/O)c1ccccc1Cl,0,authentic,authentic,,,N=C(c1ccccc1)c1ccccc1,train,385.2070000000001,2.793800000000001,0.3152800615292262,25,51
evolved_bioisostere_226,NCC(=O)O.NCC1(CC(=O)O)CCCCC1,0,authentic,authentic,,,C1CCCCC1,train,246.30699999999993,0.3999999999999999,0.5683553794310029,17,28
evolved_bioisostere_2059,Cc1ccc(-c2nc(Cl)nc(C(C)C)c2/C=C/[C@@H](O)C[C@@H](O)CC(=O)O)cc1,1,evolved_bioisostere,evolved_bioisostere,CC(C)c1nc(Cl)nc(-c2ccc(F)cc2)c1/C=C/[C@@H](O)C[C@@H](O)CC(=O)O,0,c1ccc(-c2ccncn2)cc1,train,404.8940000000002,3.8286200000000017,0.5775012857811372,28,62
evolved_bioisostere_1772,Cc1nc(C)n(Cc2ccc(-c3ccccc3-c3nn[nH]n3)cc2)c1C(=O)O,1,evolved_bioisostere,evolved_bioisostere,CCCc1nc(C)c(C(=O)O)n1Cc1ccc(-c2ccccc2-c2nn[nH]n2)cc1,,c1ccc(-c2nn[nH]n2)c(-c2ccc(Cn3ccnc3)cc2)c1,train,374.40400000000005,3.09354,0.5554327120135943,28,50
evolved_bioisostere_528,C=CCc1cccn(-c2ccc(NC[C@@H](O)CNC(=O)c3ccc(Cl)s3)c(F)c2)c1=O,0,authentic,authentic,,,O=C(NCCCNc1ccc(-n2ccccc2=O)cc1)c1cccs1,train,461.9460000000002,3.6228000000000016,0.42488663782614583,31,59
evolved_bioisostere_745,CC(C)C1(COC(=O)Nc2ccc(F)cc2)OC(=O)Nc2ccc(Cl)cc21,0,authentic,authentic,,,O=C(Nc1ccccc1)OCC1OC(=O)Nc2ccccc21,test,392.814,5.141200000000004,0.7547107100725096,27,48
evolved_bioisostere_525,COc1cc(N)c(Cl)cc1C(=O)NC1CCN(CC2CCN(C(=O)N3CCC3)CC2)CC1,0,authentic,authentic,,,O=C(NC1CCN(CC2CCN(C(=O)N3CCC3)CC2)CC1)c1ccccc1,train,464.0100000000005,2.662700000000001,0.6548983597850337,32,55
evolved_bioisostere_1411,Cc1ccccc1C(O)(C(=O)OC1CN2CCC1CC2)c1ccccc1,1,evolved_bioisostere,evolved_bioisostere,O=C(OC1CN2CCC1CC2)C(O)(c1ccccc1)c1ccccc1,0,O=C(OC1CN2CCC1CC2)C(c1ccccc1)c1ccccc1,train,351.4460000000001,2.8683200000000015,0.8608394092767007,26,41
evolved_bioisostere_1908,O=C1CC(Oc2ccccc2)CCc2ccccc21,1,evolved_bioisostere,evolved_bioisostere,O=C1CC(CN2CCC(Oc3ccccc3)CC2)CCc2ccccc21,4 5 6 7 8 9 10,O=C1CC(CN2CCC(Oc3ccccc3)CC2)CCc2ccccc21,val,252.313,3.6532000000000027,0.7624661239117628,19,28
evolved_bioisostere_1843,C[C@H](NC(=O)[C@@H](N)Cc1ccccc1)C(=O)N1CCC[C@@H]1O,1,evolved_bioisostere,evolved_bioisostere,C[C@H](NC(=O)[C@@H](N)Cc1ccccc1)C(=O)N1CCC[C@@H]1C(=O)O,21,O=C(CCc1ccccc1)NCC(=O)N1CCCC1,train,305.3780000000001,0.0019000000000007344,0.7134334771532719,22,50
evolved_bioisostere_2151,CCOc1cc(/C=C/c2cccnc2)cc(C(C)C)c1O,1,evolved_bioisostere,evolved_bioisostere,CC(C)c1cc(/C=C/c2cccnc2)cc(C(C)C)c1O,0 1 2,C(=C\c1cccnc1)/c1ccccc1,train,283.37100000000004,4.479700000000004,0.8793536840491781,21,34
evolved_bioisostere_1298,C[C@@H](n1ccnn1)[C@](O)(Cn1cncn1)c1ccc(F)cc1,1,evolved_bioisostere,evolved_bioisostere,C[C@@H](n1ccnn1)[C@](O)(Cn1cncn1)c1ccc(F)cc1F,,c1ccc(C(Cn2cncn2)Cn2ccnn2)cc1,train,302.31300000000005,1.1576999999999997,0.7645265946709457,22,44
evolved_bioisostere_513,CC(C)NS(=O)(=O)c1cc2c(cc1Cl)NCNS2(=O)=O,0,authentic,authentic,,,O=S1(=O)NCNc2ccccc21,train,339.8260000000001,0.6880000000000002,0.7511568199653732,20,39
evolved_bioisostere_302,CNC(=O)c1[nH]c(C(C)(C)C)cc1NC(=O)Nc1cccc(Cl)c1Cl,0,authentic,authentic,,,O=C(Nc1ccccc1)Nc1cc[nH]c1,train,383.2790000000001,4.622600000000003,0.6233654149927013,25,48
evolved_bioisostere_1677,COc1ccc(C2Sc3c(Cl)cccc3N(C)C(=O)C2O)cc1,1,evolved_bioisostere,evolved_bioisostere,COc1ccc(C2Sc3c(Cl)cccc3N(CCN(C)C)C(=O)C2O)cc1.Cl,,O=C1CC(c2ccccc2)Sc2ccccc2N1,train,349.83900000000006,3.519300000000002,0.9008610172782058,23,39
evolved_bioisostere_1682,CCCc1nc(C)c(C(N)=O)n1Cc1ccc(-c2ccccc2-c2nn[nH]n2)cc1,1,evolved_bioisostere,evolved_bioisostere,CCCc1nc(C(C)(C)O)c(C(=O)OCOC(=O)C(C)(C)C)n1Cc1ccc(-c2ccccc2-c2nn[nH]n2)cc1,9,c1ccc(-c2nn[nH]n2)c(-c2ccc(Cn3ccnc3)cc2)c1,train,401.47400000000005,3.138320000000001,0.49352004450060416,30,52
evolved_bioisostere_1960,O=C1C(CCCO)C(c2ccc(OCc3ccccc3)cc2)N1c1ccc(F)cc1,1,evolved_bioisostere,evolved_bioisostere,O=C(O)CCC1C(=O)N(c2ccc(F)cc2)C1c1ccc(OCc2ccccc2)cc1,,O=C1CC(c2ccc(OCc3ccccc3)cc2)N1c1ccccc1,train,405.46900000000005,4.881300000000004,0.5435429460711129,30,47
evolved_bioisostere_1630,COc1cc2c(cc1CC(=O)O)CCN(C)C[C@@H]2c1ccccc1,1,evolved_bioisostere,evolved_bioisostere,COc1cc2c(cc1OC)[C@@H](c1ccccc1)CN(C)CC2,8 9 10 11,c1ccc([C@H]2CNCCc3ccccc32)cc1,train,325.408,2.9421000000000017,0.9388648189123797,24,42
evolved_bioisostere_1266,COCN1CCC(=C2c3ccc(Cl)cc3CCc3cc(SC)cnc32)CC1,1,evolved_bioisostere,evolved_bioisostere,CSc1cnc2c(c1)CCc1cc(Cl)ccc1C2=C1CCN(C(C)=O)CC1,0 1,c1ccc2c(c1)CCc1cccnc1C2=C1CCNCC1,train,400.9750000000002,5.0571000000000055,0.6724032764146852,27,43
evolved_bioisostere_269,N.Nc1nc2c(ncn2COCCOP(=O)(O)N2CCCC2)c(=O)[nH]1,0,authentic,authentic,,,O=c1[nH]cnc2c1ncn2COCCO[PH](=O)N1CCCC1,train,375.32600000000014,0.05069999999999936,0.3806275434378706,25,45
evolved_bioisostere_353,NC[C@]1(CC(=O)O)CCC2CCCCCC2C1,0,authentic,authentic,,,C1CCC2CCCCC2CC1,val,239.3589999999999,2.786600000000001,0.7956652523591689,17,29
evolved_bioisostere_531,CC(=O)O[C@H]1CC[C@@]2(C)[C@H](CC[C@@H]3[C@@H]2C[C@@H](O)[C@]2(C)[C@@H](C4=CC(=O)OC4)CC[C@]32O)C1,0,authentic,authentic,,,O=C1C=C([C@H]2CCC3C2CC[C@@H]2C4CCCC[C@H]4CC[C@@H]32)CO1,val,432.5570000000003,3.145900000000002,0.6514309830714612,31,96
evolved_bioisostere_1914,COc1ccc(C[C@@H](CO)CC(=O)N2CCn3c(nnc3C(F)(F)F)C2)cc1Cl,1,evolved_bioisostere,evolved_bioisostere,N[C@@H](CC(=O)N1CCn2c(nnc2C(F)(F)F)C1)Cc1ccc(Cl)c(Cl)c1,0 1 8 9,O=C(CCCc1ccccc1)N1CCn2cnnc2C1,train,432.83000000000004,2.5424000000000007,0.7584240005992042,29,54
evolved_bioisostere_1511,CSCC[C@H]1CN(C2=Nc3ccc(F)cc3Nc3sc(C)cc32)CCN1CC(=O)O,1,evolved_bioisostere,evolved_bioisostere,CSCC[C@H]1CN(C2=Nc3ccc(F)cc3Nc3sc(C)cc32)CCN1C,27 28 29,c1ccc2c(c1)N=C(N1CCNCC1)c1ccsc1N2,train,448.5890000000003,4.154820000000003,0.7161791257222665,30,52
evolved_bioisostere_1478,Cc1cc(NC(C)CCO)c2nccc(C)c2c1Oc1ccccc1,1,evolved_bioisostere,evolved_bioisostere,COc1cc(NC(C)CCCN)c2nccc(C)c2c1Oc1ccccc1,0 9,c1ccc(Oc2cccc3ncccc23)cc1,train,336.43500000000006,4.826740000000004,0.6769997076050869,25,37
evolved_bioisostere_107,O=C/C=C/N1CCN(C2=Nc3ccccc3Sc3ccccc32)CC1,0,authentic,authentic,,,c1ccc2c(c1)N=C(N1CCNCC1)c1ccccc1S2,train,349.4590000000002,3.559700000000002,0.6134794533307286,25,40
evolved_bioisostere_2023,NC(=O)c1cc(-c2ccc(F)cc2)nnc1Cl,1,evolved_bioisostere,evolved_bioisostere,NC(=O)c1cc(-c2ccc(C(F)(F)F)cc2)nnc1Cl,10,c1ccc(-c2cccnn2)cc1,train,251.64799999999997,2.035,0.8879474520217744,17,30
evolved_bioisostere_969,C/C=C/CN(C1=NCCN1)c1c(Br)cccc1Br,0,authentic,authentic,,,c1ccc(NC2=NCCN2)cc1,train,373.09200000000004,3.553300000000002,0.8212742782557295,18,32
evolved_bioisostere_568,CCN1CCC[C@H]1CNC(=O)c1c(OC)ccc(Cl)c1OC,0,authentic,authentic,,,O=C(NC[C@@H]1CCCN1)c1ccccc1,train,326.82400000000007,2.571300000000001,0.8726476290790756,22,38
evolved_bioisostere_823,NC(=O)CS(=O)Cc1cccc(-c2cccc(F)c2)c1,0,authentic,authentic,,,c1ccc(-c2ccccc2)cc1,train,291.34700000000004,2.2267,0.917965966380555,20,35
evolved_bioisostere_497,CCOc1cc(N)c(Cl)cc1C(=O)NCC1CNCCO1,0,authentic,authentic,,,O=C(NCC1CNCCO1)c1ccccc1,train,313.7850000000001,1.0391,0.7072322301927192,21,33
evolved_bioisostere_918,CCCCCCCN1C(=O)NC(c2ccccc2)(c2ccccc2)C1=O,0,authentic,authentic,,,O=C1NC(=O)C(c2ccccc2)(c2ccccc2)N1,train,350.4620000000001,4.4524000000000035,0.5646193884437264,26,40
evolved_bioisostere_2083,CC(=O)Nc1nc2cc(C(=O)Nc3cccc(C)n3)ccc2[nH]1,1,evolved_bioisostere,evolved_bioisostere,COC(=O)Nc1nc2cc(C(=O)Nc3cccc(C)n3)ccc2[nH]1,0,O=C(Nc1ccccn1)c1ccc2[nH]cnc2c1,train,309.329,2.4770199999999996,0.6916692468400937,23,42
evolved_bioisostere_1480,C=Cc1cn(C2(C(=O)O)CC2)c2c(F)c(N3CCC(CNCC)C3)c(F)cc2c1=O,1,evolved_bioisostere,evolved_bioisostere,CCNCC1CCN(c2c(F)cc3c(=O)c(C(=O)O)cn(C4(C)CC4)c3c2F)C1,0 7 8,O=c1ccn(C2CC2)c2cc(N3CCCC3)ccc12,train,417.45600000000013,2.9322000000000017,0.7247442045935922,30,55
evolved_bioisostere_713,Fc1ccc(OC(c2ccccc2)C2CCNCC2)cc1,0,authentic,authentic,,,c1ccc(OC(c2ccccc2)C2CCNCC2)cc1,train,285.362,3.945400000000002,0.9182344715590058,21,31
evolved_bioisostere_645,O=C1CCc2ccc(OCCCCN3CCN(c4cccc(F)c4F)CC3)cc2N1,0,authentic,authentic,,,O=C1CCc2ccc(OCCCCN3CCN(c4ccccc4)CC3)cc2N1,train,415.48400000000004,3.830700000000003,0.6984664414296926,30,45
evolved_bioisostere_1228,Cc1cc(O)c2c(=O)cc(-c3ccccc3F)oc2c1[C@@H]1CCN(C)C[C@@H]1O,1,evolved_bioisostere,evolved_bioisostere,CN1CC[C@@H](c2c(O)cc(O)c3c(=O)cc(-c4ccccc4Cl)oc23)[C@@H](O)C1,0 16,O=c1cc(-c2ccccc2)oc2c(C3CCNCC3)cccc12,train,383.4190000000002,3.393120000000002,0.7096303655700533,28,56
evolved_bioisostere_1189,CN1CCc2nc(CC(F)(F)F)n(Cc3ccc(-c4ccccc4-c4nn[nH]n4)cc3)c(=O)c2C1,1,evolved_bioisostere,evolved_bioisostere,CCCCc1nc2c(c(=O)n1Cc1ccc(-c3ccccc3-c3nn[nH]n3)cc1)CN(C(C)=O)CC2,9 10 11,O=c1c2c(ncn1Cc1ccc(-c3ccccc3-c3nn[nH]n3)cc1)CCNC2,train,481.4820000000002,3.2314000000000007,0.47067201927702285,35,63
evolved_bioisostere_265,C=C(C)C(=O)OC1CCC2(O)C3Cc4ccc(O)c5c4[C@@]2(CCN3CC2CC2)C1O5,0,authentic,authentic,,,c1cc2c3c(c1)OC1CCCC4C(C2)N(CC2CC2)CC[C@]314,test,411.4980000000003,2.4442000000000004,0.5853497433908054,30,58
evolved_bioisostere_1423,Nc1nc(F)nc2ccc(Sc3ccc4ccccc4c3)cc12,1,evolved_bioisostere,evolved_bioisostere,Nc1nc(O)nc2ccc(Sc3ccc4ccccc4c3)cc12,4,c1ccc2cc(Sc3ccc4ncncc4c3)ccc2c1,train,321.38000000000005,4.655500000000002,0.5457697387448721,23,35
evolved_bioisostere_1309,COCN1CCC(c2c[nH]c3ccccc23)C1,1,evolved_bioisostere,evolved_bioisostere,CN1CCC(c2c[nH]c3ccccc23)C1,0 1,c1ccc2c(C3CCNC3)c[nH]c2c1,train,230.31099999999998,2.5611000000000006,0.8773976316982355,17,28
evolved_bioisostere_359,N#CC1=C(N)n2ncnc2NC1c1ccc(F)cc1,0,authentic,authentic,,,C1=Cn2ncnc2NC1c1ccccc1,train,256.244,1.2348799999999998,0.8002126304722047,19,31
evolved_bioisostere_1823,CC(=O)O[C@H]1C(=O)N(CC(=O)O)c2ccccc2S[C@H]1c1ccc(CO)cc1,1,evolved_bioisostere,evolved_bioisostere,COc1ccc([C@@H]2Sc3ccccc3N(CC(=O)O)C(=O)[C@@H]2OC(C)=O)cc1,24 25,O=C1C[C@H](c2ccccc2)Sc2ccccc2N1,train,401.4400000000001,2.3752000000000004,0.7414151591796191,28,55
evolved_bioisostere_707,CN(C)C/C=C(\c1cccnc1)c1cccc(F)c1,0,authentic,authentic,,,C=C(c1ccccc1)c1cccnc1,test,256.32399999999996,3.214000000000002,0.8346960354706253,19,32
evolved_bioisostere_1851,Cc1ccc(Sc2cncc3sc(C(=O)NCCO)cc23)cc1,1,evolved_bioisostere,evolved_bioisostere,Cc1ccc(Sc2cncc3sc(C(=O)NCCCN4CCOCC4)cc23)cc1,18,O=C(NCCCN1CCOCC1)c1cc2c(Sc3ccccc3)cncc2s1,train,344.4610000000001,3.4780200000000017,0.7437779364943795,23,36
evolved_bioisostere_303,CN1CC=C(c2c[nH]c3ccc(N)cc23)CC1,0,authentic,authentic,,,C1=C(c2c[nH]c3ccccc23)CCNC1,train,227.31099999999998,2.4690000000000003,0.7350395918172618,17,31
evolved_bioisostere_555,C=CCOc1ccccc1OCC(O)CNC(C)CNC(=O)Cc1ccccc1,0,authentic,authentic,,,O=C(Cc1ccccc1)NCCNCCCOc1ccccc1,test,398.5030000000001,2.3281,0.4514721198521013,29,41
evolved_bioisostere_502,COc1cc2c(c(CC3CCCNC3)c1F)OCO2,0,authentic,authentic,,,c1cc(CC2CCCNC2)c2c(c1)OCO2,train,267.29999999999995,2.1050999999999993,0.9101547490158055,19,29
evolved_bioisostere_819,C1CNCCN1.O=C(O)COCCN1CCN(C(c2ccccc2)c2ccc(Cl)cc2)CC1,0,authentic,authentic,,,C1CNCCN1.c1ccc(C(c2ccccc2)N2CCNCC2)cc1,test,475.03300000000013,2.3274000000000017,0.5067236547965015,33,52
evolved_bioisostere_2011,CCC1=C(C)CN(NC(=O)CCc2ccc(CC)cc2)C1=O,1,evolved_bioisostere,evolved_bioisostere,CCC1=C(C)CN(NC(=O)CCc2ccc(S(=O)(=O)NC(=O)NC3CCC(C)CC3)cc2)C1=O,16 17,O=C(CCc1ccc(S(=O)(=O)NC(=O)NC2CCCCC2)cc1)NN1CC=CC1=O,train,300.402,2.781500000000001,0.8779754789491736,22,37
evolved_bioisostere_1169,CC(C)(O)c1cc(CCc2cccnc2)cc(C(C)(C)F)c1O,1,evolved_bioisostere,evolved_bioisostere,CC(C)(C)c1cc(CCc2cccnc2)cc(C(C)(C)C)c1O,3 20,c1ccc(CCc2cccnc2)cc1,train,317.40400000000005,4.004400000000004,0.8760071091957324,23,39
evolved_bioisostere_878,CCCc1nc(C)c(C=O)n1Cc1ccc(-c2ccccc2-c2nn[nH]n2)cc1,0,authentic,authentic,,,c1ccc(-c2nn[nH]n2)c(-c2ccc(Cn3ccnc3)cc2)c1,train,386.45900000000006,3.8519200000000025,0.48736135249947693,29,49
evolved_bioisostere_1827,c1ccc2nc(N3CCNCC3)c(N3CCNCC3)nc2c1,1,evolved_bioisostere,evolved_bioisostere,Oc1nc2ccccc2nc1N1CCNCC1,6 7 8 9 10 11,c1ccc2nc(N3CCNCC3)cnc2c1,train,298.394,0.44900000000000057,0.8394663482696613,22,34
evolved_bioisostere_1066,CC(=O)c1ccc(OC(=O)CNC(=O)c2ccccc2)cc1,0,authentic,authentic,,,O=C(CNC(=O)c1ccccc1)Oc1ccccc1,val,297.31,2.2246000000000006,0.5216101399436344,22,37
evolved_bioisostere_1072,O=C1CCc2ccc(OCCCN3CCC(c4ccc(Cl)c(Cl)c4)CC3)cc2N1,0,authentic,authentic,,,O=C1CCc2ccc(OCCCN3CCC(c4ccccc4)CC3)cc2N1,train,433.3790000000001,5.5266000000000055,0.609748150448889,29,48
evolved_bioisostere_482,COc1cc(NC(=O)C2CC2)c(Cl)cc1C(=O)N[C@H]1CCN(CC2CCCCC2)C1,0,authentic,authentic,,,O=C(N[C@H]1CCN(CC2CCCCC2)C1)c1ccc(NC(=O)C2CC2)cc1,train,433.98000000000036,4.081500000000004,0.6792067333375468,30,55
evolved_bioisostere_1585,O=C(O)c1ccc2c(c1)C(O)Cc1ccccc1O2,1,evolved_bioisostere,evolved_bioisostere,CC(C(=O)O)c1ccc2c(c1)C(O)Cc1ccccc1O2,0 2,c1ccc2c(c1)CCc1ccccc1O2,train,256.257,2.7666000000000013,0.8228953244998911,19,32
evolved_bioisostere_2120,CC(=O)O[C@H]1C(=O)N(CC(=O)O)c2ccccc2S[C@H]1c1ccc(-c2ccc(O)cc2)cc1,1,evolved_bioisostere,evolved_bioisostere,COc1ccc([C@@H]2Sc3ccccc3N(CC(=O)O)C(=O)[C@@H]2OC(C)=O)cc1,24 25 26 27 28 29 30,O=C1C[C@H](c2ccccc2)Sc2ccccc2N1,train,463.51100000000014,4.255500000000003,0.5451137863587497,33,65
evolved_bioisostere_2044,O=C(c1ccc(Cl)cc1Cl)C(CO)(Cn1cncn1)c1ccccc1Cl,1,evolved_bioisostere,evolved_bioisostere,O=C(c1ccc(Cl)cc1Cl)C(O)(Cn1cncn1)c1ccccc1Cl,11 12,O=C(c1ccccc1)C(Cn1cncn1)c1ccccc1,train,410.6880000000001,4.0515000000000025,0.622503592501497,26,44
evolved_bioisostere_762,CCOC(=O)N(c1ccccc1)C1c2cc(C#N)ccc2OC(C)(C)C1O,0,authentic,authentic,,,c1ccc(NC2CCOc3ccccc32)cc1,train,366.41700000000014,3.7943800000000025,0.8934064732088416,27,45
